state_source,district_source,series_id,year,jan_mm,feb_mm,mar_mm,apr_mm,may_mm,jun_mm,jul_mm,aug_mm,sep_mm,oct_mm,nov_mm,dec_mm,annual_mm,jf_mm,mam_mm,jjas_mm,ond_mm,source_page,quality_flags,district_table_label,duplicate_source_pages
Andhra Pradesh,Anantapur,IMD110-P301,1901,3.6,39.5,0.0,10.1,70.1,38.7,29.0,20.0,142.8,69.9,47.5,6.5,477.7,43.0,80.2,230.5,123.9,301,,ANANTAPUR,
Andhra Pradesh,Anantapur,IMD110-P301,1902,5.0,0.0,0.1,28.4,41.7,74.6,34.7,50.8,140.3,167.1,24.0,4.4,571.1,5.0,70.2,300.4,195.5,301,,ANANTAPUR,
Andhra Pradesh,Anantapur,IMD110-P301,1903,0.8,0.0,0.0,11.1,50.0,68.9,81.3,90.9,207.3,108.9,197.0,5.4,821.4,0.8,61.1,448.3,311.3,301,,ANANTAPUR,
Andhra Pradesh,Anantapur,IMD110-P301,1904,1.7,0.0,1.2,15.8,102.3,31.1,50.6,19.2,75.5,158.4,0.0,1.5,457.4,1.7,119.3,176.5,160.0,301,,ANANTAPUR,
Andhra Pradesh,Anantapur,IMD110-P301,1905,2.2,2.5,12.8,9.0,57.4,43.9,22.2,186.5,26.1,113.9,3.7,0.4,480.4,4.7,79.2,278.6,118.0,301,,ANANTAPUR,
Andhra Pradesh,Anantapur,IMD110-P301,1906,18.3,0.0,0.0,0.1,13.2,72.6,76.7,131.7,139.8,118.8,9.9,106.7,687.9,18.3,13.3,420.8,235.4,301,,ANANTAPUR,
Andhra Pradesh,Anantapur,IMD110-P301,1907,0.1,0.0,1.1,49.5,5.9,48.5,135.9,24.0,104.6,16.2,53.8,4.9,444.6,0.1,56.6,313.0,74.9,301,,ANANTAPUR,
Andhra Pradesh,Anantapur,IMD110-P301,1908,13.1,0.6,14.9,8.2,32.4,51.3,44.1,19.3,178.2,30.9,0.0,0.0,393.0,13.7,55.5,292.9,30.9,301,,ANANTAPUR,
Andhra Pradesh,Anantapur,IMD110-P301,1909,22.0,0.2,0.9,38.0,90.0,36.4,37.8,235.3,175.3,24.9,5.5,0.5,666.7,22.2,128.8,484.8,30.9,301,,ANANTAPUR,
Andhra Pradesh,Anantapur,IMD110-P301,1910,0.0,0.0,0.0,9.2,37.2,41.0,157.6,125.2,195.3,113.8,83.3,0.0,762.5,0.0,46.4,519.0,197.1,301,,ANANTAPUR,
Andhra Pradesh,Anantapur,IMD110-P301,1911,0.0,0.0,2.4,20.5,57.4,56.8,46.3,50.4,96.8,78.3,12.3,4.8,426.1,0.0,80.3,250.3,95.5,301,,ANANTAPUR,
Andhra Pradesh,Anantapur,IMD110-P301,1912,0.0,4.2,2.2,7.6,19.5,41.7,54.5,129.3,228.4,130.8,96.5,0.0,714.6,4.2,29.2,453.8,227.3,301,,ANANTAPUR,
Andhra Pradesh,Anantapur,IMD110-P301,1913,0.0,0.0,0.0,3.9,77.5,53.1,79.9,9.8,161.7,92.4,0.0,2.2,480.5,0.0,81.4,304.5,94.6,301,,ANANTAPUR,
Andhra Pradesh,Anantapur,IMD110-P301,1914,0.0,0.0,0.0,13.4,43.9,36.3,45.3,93.0,125.5,36.8,27.9,4.2,426.4,0.0,57.4,300.2,68.9,301,,ANANTAPUR,
Andhra Pradesh,Anantapur,IMD110-P301,1915,15.3,0.1,39.1,10.6,67.8,60.8,117.9,27.1,237.5,53.5,99.9,0.6,730.0,15.4,117.4,443.2,153.9,301,,ANANTAPUR,
Andhra Pradesh,Anantapur,IMD110-P301,1916,0.0,0.0,0.0,5.8,85.8,31.3,204.8,130.7,151.7,154.9,69.7,0.0,834.7,0.0,91.6,518.5,224.6,301,,ANANTAPUR,
Andhra Pradesh,Anantapur,IMD110-P301,1917,0.0,83.9,5.5,9.1,42.2,86.8,34.3,155.4,226.6,117.2,76.7,0.1,837.9,83.9,56.8,503.0,194.1,301,,ANANTAPUR,
Andhra Pradesh,Anantapur,IMD110-P301,1918,7.3,0.0,5.2,14.9,92.0,21.4,11.6,27.8,180.3,1.9,113.8,8.4,484.6,7.3,112.1,241.0,124.1,301,,ANANTAPUR,
Andhra Pradesh,Anantapur,IMD110-P301,1919,5.3,0.0,12.8,39.6,50.6,64.1,70.2,13.0,327.0,40.1,95.8,6.0,724.5,5.3,102.9,474.3,141.9,301,,ANANTAPUR,
Andhra Pradesh,Anantapur,IMD110-P301,1920,20.9,0.4,0.0,4.1,27.8,18.9,14.6,55.2,117.9,42.5,16.2,0.0,318.5,21.3,31.9,206.6,58.7,301,,ANANTAPUR,
Andhra Pradesh,Anantapur,IMD110-P301,1921,5.0,0.0,0.0,60.4,8.7,55.2,86.5,29.6,58.9,245.5,65.4,0.0,615.4,5.0,69.1,230.3,310.9,301,,ANANTAPUR,
Andhra Pradesh,Anantapur,IMD110-P301,1922,41.9,0.0,0.0,9.7,45.0,15.9,25.1,45.7,10.6,96.1,152.5,0.5,442.9,41.9,54.6,97.3,249.1,301,,ANANTAPUR,
Andhra Pradesh,Anantapur,IMD110-P301,1923,1.3,13.4,15.1,19.7,37.2,38.7,44.3,11.0,111.5,17.6,0.0,0.3,310.2,14.7,72.1,205.5,17.9,301,,ANANTAPUR,
Andhra Pradesh,Anantapur,IMD110-P301,1924,0.0,0.0,0.0,21.1,54.8,44.3,49.8,82.2,179.3,34.2,63.0,0.0,528.7,0.0,75.8,355.6,97.2,301,,ANANTAPUR,
Andhra Pradesh,Anantapur,IMD110-P301,1925,0.0,0.0,0.1,28.1,106.0,14.1,41.1,78.4,119.7,96.1,53.5,55.4,592.5,0.0,134.3,253.2,205.0,301,,ANANTAPUR,
Andhra Pradesh,Anantapur,IMD110-P301,1926,15.2,0.0,1.6,39.7,46.8,88.0,40.1,15.8,147.2,84.4,3.4,0.0,482.1,15.2,88.0,291.1,87.7,301,,ANANTAPUR,
Andhra Pradesh,Anantapur,IMD110-P301,1927,0.0,0.8,0.0,1.5,33.0,65.1,88.3,46.1,196.6,41.5,103.2,0.0,576.0,0.8,34.4,396.1,144.6,301,,ANANTAPUR,
Andhra Pradesh,Anantapur,IMD110-P301,1928,0.0,33.1,4.2,18.3,34.3,59.8,84.9,79.1,74.9,143.3,7.6,4.9,544.2,33.1,56.8,298.6,155.8,301,,ANANTAPUR,
Andhra Pradesh,Anantapur,IMD110-P301,1929,2.3,18.7,3.0,36.0,63.2,27.7,13.4,22.3,223.9,109.1,81.8,5.6,606.9,21.0,102.2,287.2,196.5,301,,ANANTAPUR,
Andhra Pradesh,Anantapur,IMD110-P301,1930,2.2,2.6,8.5,7.0,101.0,53.8,36.3,39.5,137.0,205.2,44.3,26.5,663.9,4.8,116.5,266.6,276.1,301,,ANANTAPUR,
Andhra Pradesh,Anantapur,IMD110-P301,1931,0.0,0.0,2.6,2.4,37.7,91.9,18.5,11.0,157.8,30.0,41.7,7.9,401.7,0.0,42.7,279.3,79.6,301,,ANANTAPUR,
Andhra Pradesh,Anantapur,IMD110-P301,1932,0.0,6.5,0.0,4.6,52.4,38.1,42.8,155.0,82.8,110.2,67.3,0.7,560.3,6.5,57.0,318.7,178.1,301,,ANANTAPUR,
Andhra Pradesh,Anantapur,IMD110-P301,1933,0.0,2.1,2.6,22.9,92.8,17.5,85.3,186.6,86.9,106.2,18.0,31.6,652.4,2.1,118.3,376.3,155.8,301,,ANANTAPUR,
Andhra Pradesh,Anantapur,IMD110-P301,1934,1.2,0.4,0.0,24.1,29.3,39.6,61.5,23.3,4.4,77.5,36.6,0.5,298.3,1.6,53.3,128.8,114.5,302,,ANANTAPUR,
Andhra Pradesh,Anantapur,IMD110-P301,1935,0.3,1.0,2.5,34.5,38.2,73.7,33.2,233.7,55.5,127.8,0.0,0.8,601.1,1.2,75.2,396.0,128.7,302,,ANANTAPUR,
Andhra Pradesh,Anantapur,IMD110-P301,1936,0.0,7.2,13.8,8.0,76.8,48.3,28.4,32.5,171.8,60.0,97.2,3.2,547.2,7.2,98.7,280.9,160.4,302,,ANANTAPUR,
Andhra Pradesh,Anantapur,IMD110-P301,1937,0.0,9.5,7.7,83.4,43.0,31.7,50.2,26.7,130.3,128.4,14.4,4.2,529.7,9.5,134.1,239.0,147.0,302,,ANANTAPUR,
Andhra Pradesh,Anantapur,IMD110-P301,1938,0.0,1.0,5.2,3.0,67.4,28.0,44.3,322.4,230.4,12.5,3.4,0.0,717.6,1.0,75.6,625.1,15.8,302,,ANANTAPUR,
Andhra Pradesh,Anantapur,IMD110-P301,1939,0.4,0.0,11.4,42.3,19.4,64.0,42.8,100.2,120.0,87.0,52.5,0.0,539.9,0.4,73.1,326.9,139.5,302,,ANANTAPUR,
Andhra Pradesh,Anantapur,IMD110-P301,1940,0.0,0.0,0.1,41.2,127.5,38.9,30.6,44.6,102.3,191.7,61.4,1.2,639.6,0.0,168.8,216.6,254.2,302,,ANANTAPUR,
Andhra Pradesh,Anantapur,IMD110-P301,1941,1.3,6.4,0.0,9.1,29.0,24.1,39.3,64.2,151.7,96.0,19.8,66.8,507.8,7.7,38.1,279.4,182.6,302,,ANANTAPUR,
Andhra Pradesh,Anantapur,IMD110-P301,1942,0.0,3.5,0.0,18.6,30.3,119.7,22.4,74.5,32.3,26.3,12.1,2.2,342.0,3.5,48.8,249.0,40.7,302,,ANANTAPUR,
Andhra Pradesh,Anantapur,IMD110-P301,1943,6.0,0.0,0.0,24.8,120.9,12.7,24.8,32.7,118.3,141.0,44.9,0.0,526.1,6.0,145.8,188.4,185.9,302,,ANANTAPUR,
Andhra Pradesh,Anantapur,IMD110-P301,1944,0.0,18.3,33.4,4.1,17.2,90.7,86.5,21.9,111.8,176.2,19.0,0.0,579.1,18.3,54.7,310.9,195.3,302,,ANANTAPUR,
Andhra Pradesh,Anantapur,IMD110-P301,1945,0.1,0.0,0.0,21.9,58.0,22.8,82.0,53.5,71.1,30.2,21.2,0.1,360.9,0.1,79.9,229.4,51.6,302,,ANANTAPUR,
Andhra Pradesh,Anantapur,IMD110-P301,1946,0.0,1.3,4.3,8.4,74.8,13.2,38.0,108.5,141.2,74.3,104.3,28.9,597.1,1.3,87.5,300.9,207.5,302,,ANANTAPUR,
Andhra Pradesh,Anantapur,IMD110-P301,1947,1.8,1.5,0.0,5.8,12.8,65.4,50.4,95.1,189.8,57.6,7.0,4.5,491.7,3.4,18.6,400.6,69.1,302,,ANANTAPUR,
Andhra Pradesh,Anantapur,IMD110-P301,1948,0.6,0.0,0.4,32.2,59.5,23.6,47.3,92.3,83.3,58.9,91.5,0.1,489.7,0.6,92.1,246.5,150.5,302,,ANANTAPUR,
Andhra Pradesh,Anantapur,IMD110-P301,1949,0.0,0.0,0.0,3.2,72.7,44.5,61.4,131.8,160.2,121.5,11.2,0.0,606.5,0.0,75.9,398.0,132.7,302,,ANANTAPUR,
Andhra Pradesh,Anantapur,IMD110-P301,1950,0.0,8.1,0.0,2.1,62.6,34.2,30.5,87.6,97.2,128.6,35.9,0.0,486.8,8.1,64.6,249.5,164.5,302,,ANANTAPUR,
Andhra Pradesh,Anantapur,IMD110-P301,1951,0.0,0.0,19.4,15.8,74.7,54.0,72.4,17.4,92.1,51.5,9.9,0.0,407.2,0.0,109.9,235.9,61.4,302,,ANANTAPUR,
Andhra Pradesh,Anantapur,IMD110-P301,1952,0.0,0.7,0.0,6.9,109.6,28.7,45.1,30.6,61.9,116.4,0.0,33.1,433.0,0.7,116.5,166.3,149.5,302,,ANANTAPUR,
Andhra Pradesh,Anantapur,IMD110-P301,1953,0.0,0.0,0.0,54.2,20.6,58.3,127.1,19.3,138.2,271.8,0.2,0.0,689.8,0.0,74.8,343.0,272.1,302,,ANANTAPUR,
Andhra Pradesh,Anantapur,IMD110-P301,1954,0.0,0.0,2.4,15.3,47.3,33.8,105.1,70.7,33.5,122.9,0.0,27.0,458.0,0.0,65.1,243.1,149.8,302,,ANANTAPUR,
Andhra Pradesh,Anantapur,IMD110-P301,1955,0.0,0.0,11.8,33.9,112.9,28.3,53.8,100.1,165.1,88.4,20.8,1.7,616.8,0.0,158.6,347.3,110.9,302,,ANANTAPUR,
Andhra Pradesh,Anantapur,IMD110-P301,1956,2.7,0.0,0.0,64.3,51.8,53.8,112.2,33.6,136.2,228.8,93.1,7.4,783.9,2.7,116.2,335.7,329.3,302,,ANANTAPUR,
Andhra Pradesh,Anantapur,IMD110-P301,1957,0.0,1.1,3.1,9.5,51.7,108.1,48.6,45.9,79.1,77.8,36.9,0.9,462.6,1.1,64.3,281.7,115.6,302,,ANANTAPUR,
Andhra Pradesh,Anantapur,IMD110-P301,1958,0.1,1.2,2.8,19.8,92.0,28.6,34.0,100.9,123.6,109.5,37.1,1.6,551.2,1.3,114.6,287.1,148.2,302,,ANANTAPUR,
Andhra Pradesh,Anantapur,IMD110-P301,1959,0.0,2.3,0.0,11.3,45.7,107.0,77.7,63.2,167.6,23.9,3.9,5.6,508.1,2.3,57.0,415.5,33.4,302,,ANANTAPUR,
Andhra Pradesh,Anantapur,IMD110-P301,1960,0.0,0.0,2.4,9.5,52.1,25.8,57.0,12.7,234.3,33.9,55.6,0.1,483.2,0.0,63.9,329.7,89.6,302,,ANANTAPUR,
Andhra Pradesh,Anantapur,IMD110-P301,1961,2.4,4.4,1.6,14.1,70.7,80.2,44.0,34.4,12.9,133.3,14.9,0.0,413.0,6.8,86.4,171.5,148.2,302,,ANANTAPUR,
Andhra Pradesh,Anantapur,IMD110-P301,1962,0.0,2.7,4.2,34.7,42.1,42.9,38.3,121.8,85.8,148.7,10.5,88.7,620.3,2.7,81.0,288.9,247.8,302,,ANANTAPUR,
Andhra Pradesh,Anantapur,IMD110-P301,1963,0.2,0.0,9.5,50.7,34.5,30.4,40.0,122.3,124.7,189.8,5.5,3.8,611.4,0.2,94.7,317.4,199.1,302,,ANANTAPUR,
Andhra Pradesh,Anantapur,IMD110-P301,1964,0.0,0.0,0.0,5.8,10.9,60.3,149.4,40.5,210.4,42.4,48.3,0.2,568.1,0.0,16.7,460.5,90.9,302,,ANANTAPUR,
Andhra Pradesh,Anantapur,IMD110-P301,1965,0.0,0.4,1.3,22.6,11.8,55.1,26.2,135.6,85.7,0.0,6.6,28.0,373.2,0.4,35.7,302.6,34.6,302,,ANANTAPUR,
Andhra Pradesh,Anantapur,IMD110-P301,1966,20.3,0.0,0.0,13.7,36.5,84.6,63.6,91.1,136.0,76.1,89.2,12.8,623.8,20.3,50.2,375.3,178.0,302,,ANANTAPUR,
Andhra Pradesh,Anantapur,IMD110-P301,1967,1.3,0.0,10.4,8.5,54.4,43.5,114.8,18.2,119.1,120.9,12.9,11.5,515.6,1.3,73.3,295.6,145.4,302,,ANANTAPUR,
Andhra Pradesh,Anantapur,IMD110-P301,1968,0.0,12.0,13.2,28.4,38.1,38.7,37.4,8.9,184.6,92.7,30.2,9.5,493.8,12.0,79.7,269.6,132.4,303,,ANANTAPUR,
Andhra Pradesh,Anantapur,IMD110-P301,1969,0.0,0.0,0.0,4.9,102.1,32.4,24.0,139.7,23.3,140.8,7.9,10.3,485.4,0.0,107.0,219.4,159.0,303,,ANANTAPUR,
Andhra Pradesh,Anantapur,IMD110-P301,1970,0.4,0.8,0.0,11.0,102.4,20.6,25.1,66.9,143.5,102.8,1.6,0.0,475.0,1.2,113.4,256.0,104.4,303,,ANANTAPUR,
Andhra Pradesh,Anantapur,IMD110-P301,1971,1.3,2.0,3.2,12.0,45.7,16.8,17.4,88.9,113.8,152.7,6.9,1.2,461.9,3.3,61.0,236.8,160.8,303,,ANANTAPUR,
Andhra Pradesh,Anantapur,IMD110-P301,1972,0.0,0.0,0.0,10.6,93.6,42.7,10.8,6.8,136.0,144.2,37.2,9.6,491.5,0.0,104.2,196.3,191.0,303,,ANANTAPUR,
Andhra Pradesh,Anantapur,IMD110-P301,1973,0.0,0.0,0.0,2.3,17.0,67.2,27.0,86.8,181.3,191.1,26.5,2.4,601.5,0.0,19.3,362.3,220.0,303,,ANANTAPUR,
Andhra Pradesh,Anantapur,IMD110-P301,1974,0.0,0.0,0.0,9.6,108.8,44.1,52.6,21.9,207.4,142.4,3.1,0.0,590.0,0.0,118.4,326.0,145.5,303,,ANANTAPUR,
Andhra Pradesh,Anantapur,IMD110-P301,1975,0.0,0.0,9.9,2.3,43.5,24.6,129.0,79.4,129.7,248.7,72.5,1.3,740.9,0.0,55.6,362.8,322.5,303,,ANANTAPUR,
Andhra Pradesh,Anantapur,IMD110-P301,1976,0.0,0.0,0.0,22.5,12.1,45.6,31.3,116.5,25.5,39.1,26.6,0.0,319.1,0.0,34.6,218.8,65.7,303,,ANANTAPUR,
Andhra Pradesh,Anantapur,IMD110-P301,1977,0.0,0.0,4.4,22.3,126.1,74.0,62.0,94.4,97.4,103.2,59.3,0.0,643.0,0.0,152.8,327.8,162.4,303,,ANANTAPUR,
Andhra Pradesh,Anantapur,IMD110-P301,1978,0.0,4.8,1.2,19.5,41.8,28.8,74.6,35.6,158.5,50.9,63.5,22.8,501.9,4.8,62.5,297.5,137.2,303,,ANANTAPUR,
Andhra Pradesh,Anantapur,IMD110-P301,1979,0.0,12.7,0.3,6.8,36.2,42.2,45.3,57.5,242.9,45.2,110.2,0.0,599.5,12.7,43.3,388.0,155.5,303,,ANANTAPUR,
Andhra Pradesh,Anantapur,IMD110-P301,1980,0.0,0.0,3.0,13.8,47.0,48.9,32.7,36.2,96.6,54.4,46.2,4.7,383.5,0.0,63.8,214.4,105.2,303,,ANANTAPUR,
Andhra Pradesh,Anantapur,IMD110-P301,1981,2.0,0.0,12.1,7.5,40.0,26.6,64.4,79.9,268.2,91.4,31.3,3.7,627.1,2.0,59.7,439.1,126.3,303,,ANANTAPUR,
Andhra Pradesh,Anantapur,IMD110-P301,1982,0.0,0.0,0.1,10.5,30.9,68.8,44.3,10.1,136.2,70.2,118.6,0.0,489.6,0.0,41.5,259.4,188.8,303,,ANANTAPUR,
Andhra Pradesh,Anantapur,IMD110-P301,1983,0.0,0.0,0.0,0.1,54.8,80.6,22.0,102.4,179.6,44.5,2.2,20.8,507.2,0.0,54.9,384.7,67.6,303,,ANANTAPUR,
Andhra Pradesh,Anantapur,IMD110-P301,1984,0.0,2.9,37.4,14.9,10.6,8.6,107.8,11.3,77.8,67.8,5.4,6.5,351.0,2.9,62.9,205.5,79.7,303,,ANANTAPUR,
Andhra Pradesh,Anantapur,IMD110-P301,1985,0.9,0.0,3.3,13.9,28.9,30.1,56.8,21.3,52.9,75.6,15.0,2.1,300.8,0.9,46.1,161.2,92.6,303,,ANANTAPUR,
Andhra Pradesh,Anantapur,IMD110-P301,1986,10.2,12.6,0.0,6.9,15.8,62.5,18.3,42.2,131.3,44.6,39.1,4.2,387.7,22.8,22.7,254.4,87.8,303,,ANANTAPUR,
Andhra Pradesh,Anantapur,IMD110-P301,1987,0.0,0.0,1.0,0.4,20.9,72.3,7.5,94.4,66.8,177.5,32.7,13.8,487.3,0.0,22.3,241.0,224.0,303,,ANANTAPUR,
Andhra Pradesh,Anantapur,IMD110-P301,1988,0.0,0.6,9.1,37.4,98.3,14.4,141.9,210.6,272.9,20.3,1.9,18.4,825.8,0.6,144.8,639.7,40.6,303,,ANANTAPUR,
Andhra Pradesh,Anantapur,IMD110-P301,1989,0.0,0.0,10.9,7.6,10.8,46.1,265.1,22.3,201.3,21.5,4.3,2.1,592.0,0.0,29.4,534.8,27.8,303,,ANANTAPUR,
Andhra Pradesh,Anantapur,IMD110-P301,1990,0.1,0.0,5.0,1.1,101.4,49.0,30.9,44.9,44.1,108.7,62.3,6.4,453.8,0.1,107.5,168.8,177.5,303,,ANANTAPUR,
Andhra Pradesh,Anantapur,IMD110-P301,1991,9.6,0.0,8.1,26.9,53.1,120.5,20.0,26.8,82.2,173.9,58.0,1.0,579.9,9.6,88.1,249.4,232.8,303,,ANANTAPUR,
Andhra Pradesh,Anantapur,IMD110-P301,1992,0.0,0.0,0.0,20.2,51.9,61.9,44.1,63.0,76.0,78.8,82.6,0.0,478.5,0.0,72.1,245.0,161.4,303,,ANANTAPUR,
Andhra Pradesh,Anantapur,IMD110-P301,1993,0.0,0.0,10.1,13.7,30.0,67.4,42.7,88.5,91.6,148.5,37.5,54.4,584.4,0.0,53.8,290.3,240.4,303,,ANANTAPUR,
Andhra Pradesh,Anantapur,IMD110-P301,1994,19.9,3.4,0.0,23.8,38.4,22.9,46.9,35.7,32.3,173.4,26.9,2.3,425.6,23.2,62.1,137.8,202.5,303,,ANANTAPUR,
Andhra Pradesh,Anantapur,IMD110-P301,1995,6.2,5.8,3.9,9.6,43.5,33.9,108.2,131.4,95.3,82.6,12.2,0.0,532.6,12.0,56.9,368.8,94.8,303,,ANANTAPUR,
Andhra Pradesh,Anantapur,IMD110-P301,1996,0.0,0.0,0.0,33.1,28.0,166.2,47.7,112.1,185.6,184.1,11.2,22.6,790.6,0.0,61.1,511.5,218.0,303,,ANANTAPUR,
Andhra Pradesh,Anantapur,IMD110-P301,1997,14.8,0.0,21.7,23.5,17.0,74.2,13.6,64.2,175.3,46.4,50.3,30.0,531.0,14.8,62.2,327.3,126.7,303,,ANANTAPUR,
Andhra Pradesh,Anantapur,IMD110-P301,1998,0.0,0.7,2.6,19.9,32.2,30.2,112.7,167.5,114.0,131.0,38.3,9.6,658.7,0.7,54.7,424.4,178.8,303,,ANANTAPUR,
Andhra Pradesh,Anantapur,IMD110-P301,1999,0.0,9.9,3.0,10.1,59.8,30.5,42.8,85.7,126.4,104.5,25.0,0.8,498.5,9.9,72.9,285.3,130.3,303,,ANANTAPUR,
Andhra Pradesh,Anantapur,IMD110-P301,2000,0.0,53.0,0.0,17.5,55.8,76.9,51.4,173.8,76.2,157.4,8.4,7.2,677.6,53.0,73.3,378.2,173.0,303,,ANANTAPUR,
Andhra Pradesh,Anantapur,IMD110-P301,2001,9.6,0.0,13.1,54.7,15.8,19.8,21.5,68.5,242.2,231.0,15.8,6.4,698.4,9.6,83.6,352.0,253.3,303,,ANANTAPUR,
Andhra Pradesh,Anantapur,IMD110-P301,2002,17.1,6.2,2.3,30.9,84.6,33.9,20.6,36.7,60.2,107.6,14.4,5.5,420.0,23.4,117.8,151.3,127.5,304,,ANANTAPUR,
Andhra Pradesh,Anantapur,IMD110-P301,2003,0.0,3.7,14.5,15.0,2.6,23.1,44.9,61.4,42.2,171.5,8.1,0.7,387.6,3.7,32.1,171.5,180.3,304,,ANANTAPUR,
Andhra Pradesh,Anantapur,IMD110-P301,2004,10.7,0.0,19.0,32.5,129.0,20.2,102.2,13.7,113.6,45.9,3.9,0.0,490.6,10.7,180.5,249.6,49.8,304,,ANANTAPUR,
Andhra Pradesh,Anantapur,IMD110-P301,2005,5.3,8.3,7.9,8.2,52.6,46.9,143.7,99.7,136.3,191.3,51.1,16.4,767.6,13.6,68.7,426.6,258.7,304,,ANANTAPUR,
Andhra Pradesh,Anantapur,IMD110-P301,2006,0.0,0.0,40.4,11.6,62.2,79.0,21.0,16.0,87.2,44.7,76.6,0.9,439.5,0.0,114.1,203.2,122.2,304,,ANANTAPUR,
Andhra Pradesh,Anantapur,IMD110-P301,2007,0.0,0.0,0.0,0.1,1.8,154.3,69.5,107.6,198.1,95.4,10.0,17.3,654.1,0.0,1.9,529.6,122.7,304,,ANANTAPUR,
Andhra Pradesh,Anantapur,IMD110-P301,2008,0.0,21.1,85.0,0.4,57.9,63.1,82.2,110.5,176.8,112.0,51.3,0.6,761.0,21.1,143.3,432.6,164.0,304,,ANANTAPUR,
Andhra Pradesh,Anantapur,IMD110-P301,2009,0.4,0.0,6.5,4.9,73.6,55.3,9.3,103.5,189.7,62.2,69.9,4.1,579.4,0.4,85.0,357.8,136.3,304,,ANANTAPUR,
Andhra Pradesh,Anantapur,IMD110-P301,2010,5.1,0.9,1.9,34.3,85.2,75.7,106.5,149.0,66.7,72.8,150.4,3.7,752.2,6.0,121.4,397.8,227.0,304,,ANANTAPUR,
Andhra Pradesh,Chittor,IMD110-P305,1901,6.0,49.3,0.0,11.1,28.7,35.5,55.4,64.5,143.9,102.6,192.4,186.6,875.8,55.3,39.7,299.3,481.6,305,,CHITTOR,
Andhra Pradesh,Chittor,IMD110-P305,1902,18.7,0.4,2.6,8.4,43.7,51.6,45.3,180.6,174.2,234.9,163.2,56.0,979.6,19.1,54.8,451.8,454.1,305,,CHITTOR,
Andhra Pradesh,Chittor,IMD110-P305,1903,44.9,0.3,0.0,0.6,116.5,81.0,76.7,140.3,228.3,92.8,362.4,154.5,1298.2,45.2,117.1,526.2,609.6,305,,CHITTOR,
Andhra Pradesh,Chittor,IMD110-P305,1904,22.7,0.0,0.0,5.4,96.4,28.6,96.9,20.1,84.8,127.8,10.2,31.1,524.0,22.7,101.8,230.4,169.1,305,,CHITTOR,
Andhra Pradesh,Chittor,IMD110-P305,1905,13.8,11.6,26.3,21.5,73.3,40.3,51.5,173.8,64.0,247.9,112.2,4.6,840.9,25.4,121.2,329.7,364.7,305,,CHITTOR,
Andhra Pradesh,Chittor,IMD110-P305,1906,216.3,16.1,15.0,4.6,9.4,66.6,99.0,201.6,102.4,125.0,56.4,163.4,1075.8,232.4,29.0,469.5,344.8,305,,CHITTOR,
Andhra Pradesh,Chittor,IMD110-P305,1907,1.7,0.0,11.9,91.1,18.5,58.7,78.3,30.7,116.1,96.5,186.0,105.8,795.2,1.7,121.5,283.7,388.2,305,,CHITTOR,
Andhra Pradesh,Chittor,IMD110-P305,1908,11.7,8.8,0.0,10.1,54.5,40.1,55.8,42.2,170.9,213.5,60.2,14.7,682.4,20.4,64.5,309.0,288.4,305,,CHITTOR,
Andhra Pradesh,Chittor,IMD110-P305,1909,121.0,0.0,0.0,48.2,174.3,31.2,49.0,319.0,184.4,54.5,26.1,0.6,1008.2,121.0,222.5,583.6,81.1,305,,CHITTOR,
Andhra Pradesh,Chittor,IMD110-P305,1910,1.5,4.9,1.1,20.7,39.0,44.4,253.6,168.5,55.1,302.5,217.6,0.0,1108.9,6.4,60.8,521.6,520.1,305,,CHITTOR,
Andhra Pradesh,Chittor,IMD110-P305,1911,0.0,0.0,1.8,28.5,83.9,49.2,49.3,27.8,111.5,140.8,131.4,65.2,689.4,0.0,114.2,237.8,337.4,305,,CHITTOR,
Andhra Pradesh,Chittor,IMD110-P305,1912,2.7,2.5,1.4,0.7,36.1,42.6,50.6,76.8,131.7,267.4,300.3,0.5,913.3,5.2,38.2,301.7,568.2,305,,CHITTOR,
Andhra Pradesh,Chittor,IMD110-P305,1913,0.0,1.0,2.2,18.8,62.9,30.6,63.8,39.0,147.1,198.2,27.8,87.4,678.8,1.0,83.8,280.5,313.4,305,,CHITTOR,
Andhra Pradesh,Chittor,IMD110-P305,1914,5.4,3.0,2.9,31.8,61.6,60.5,49.6,105.2,146.8,149.5,98.0,23.3,737.5,8.4,96.3,362.0,270.8,305,,CHITTOR,
Andhra Pradesh,Chittor,IMD110-P305,1915,72.8,6.0,91.2,15.4,71.4,75.4,160.6,62.4,160.1,54.3,294.9,12.6,1077.1,78.8,178.0,458.4,361.8,305,,CHITTOR,
Andhra Pradesh,Chittor,IMD110-P305,1916,0.0,1.3,0.0,5.3,34.4,27.9,196.7,103.2,130.7,191.1,214.3,24.1,929.0,1.3,39.7,458.5,429.5,305,,CHITTOR,
Andhra Pradesh,Chittor,IMD110-P305,1917,7.1,21.0,7.0,6.9,69.3,84.4,75.0,192.0,177.4,176.6,104.2,41.7,962.7,28.1,83.2,528.8,322.5,305,,CHITTOR,
Andhra Pradesh,Chittor,IMD110-P305,1918,105.5,5.1,17.6,14.6,80.4,58.6,38.0,55.6,69.0,6.9,306.4,33.5,791.2,110.6,112.5,221.2,346.9,305,,CHITTOR,
Andhra Pradesh,Chittor,IMD110-P305,1919,31.9,0.0,24.5,18.7,74.9,59.6,151.3,42.9,227.9,79.0,281.9,36.0,1028.6,31.9,118.1,481.6,397.0,305,,CHITTOR,
Andhra Pradesh,Chittor,IMD110-P305,1920,118.9,2.5,0.4,22.7,37.8,29.0,31.3,82.7,172.0,155.4,195.5,0.0,848.2,121.4,60.9,315.0,350.9,305,,CHITTOR,
Andhra Pradesh,Chittor,IMD110-P305,1921,84.9,0.0,0.0,50.5,16.8,51.0,183.3,128.1,109.7,159.9,42.7,9.5,836.5,84.9,67.3,472.2,212.1,305,,CHITTOR,
Andhra Pradesh,Chittor,IMD110-P305,1922,54.3,0.1,0.0,14.4,67.6,59.7,45.0,88.0,42.5,160.9,420.6,17.0,970.1,54.4,82.0,235.2,598.4,305,,CHITTOR,
Andhra Pradesh,Chittor,IMD110-P305,1923,49.9,4.4,15.5,20.4,25.1,37.4,38.0,30.7,144.0,153.4,29.5,29.7,578.0,54.4,61.1,250.0,212.6,305,,CHITTOR,
Andhra Pradesh,Chittor,IMD110-P305,1924,17.5,0.0,2.2,17.6,51.2,61.2,79.1,93.3,208.3,61.6,222.3,0.7,815.1,17.5,71.0,442.0,284.7,305,,CHITTOR,
Andhra Pradesh,Chittor,IMD110-P305,1925,0.0,0.0,12.1,19.8,143.7,36.3,80.8,114.7,108.0,133.4,147.7,147.1,943.5,0.0,175.5,339.9,428.2,305,,CHITTOR,
Andhra Pradesh,Chittor,IMD110-P305,1926,65.1,0.1,31.5,60.3,26.1,76.9,97.9,116.0,161.9,87.1,81.6,18.4,823.0,65.2,117.9,452.7,187.1,305,,CHITTOR,
Andhra Pradesh,Chittor,IMD110-P305,1927,5.8,2.3,0.0,1.9,49.0,64.1,64.0,61.4,223.8,51.3,158.1,2.4,684.1,8.1,50.9,413.4,211.7,305,,CHITTOR,
Andhra Pradesh,Chittor,IMD110-P305,1928,3.0,33.2,15.4,28.6,31.3,59.7,68.6,75.9,80.5,285.6,75.4,45.6,802.9,36.2,75.3,284.7,406.7,305,,CHITTOR,
Andhra Pradesh,Chittor,IMD110-P305,1929,14.7,17.3,0.3,52.1,31.5,44.5,40.5,55.4,145.2,183.7,172.7,61.9,819.8,32.0,83.9,285.6,418.3,305,,CHITTOR,
Andhra Pradesh,Chittor,IMD110-P305,1930,31.0,76.6,13.4,10.2,224.4,105.6,35.8,16.5,128.0,320.2,291.5,66.2,1319.3,107.6,248.0,285.8,677.9,305,,CHITTOR,
Andhra Pradesh,Chittor,IMD110-P305,1931,0.2,0.0,1.4,9.6,73.3,89.9,135.2,35.3,117.4,168.3,150.2,125.5,906.4,0.2,84.4,377.8,444.0,305,,CHITTOR,
Andhra Pradesh,Chittor,IMD110-P305,1932,0.0,28.6,0.0,19.1,71.8,63.5,72.5,141.4,80.9,127.5,139.9,37.0,782.1,28.6,90.9,358.2,304.4,305,,CHITTOR,
Andhra Pradesh,Chittor,IMD110-P305,1933,0.0,0.0,16.1,21.6,41.7,20.3,58.9,193.2,52.6,146.1,29.7,182.3,762.6,0.0,79.5,325.1,358.0,305,,CHITTOR,
Andhra Pradesh,Chittor,IMD110-P305,1934,46.4,0.0,0.0,23.8,54.1,80.4,88.2,53.7,67.7,251.1,84.0,9.7,759.1,46.4,78.0,289.9,344.8,305,,CHITTOR,
Andhra Pradesh,Chittor,IMD110-P305,1935,15.8,0.0,3.6,10.3,23.1,66.5,54.2,251.8,126.1,241.0,79.6,22.6,894.6,15.8,37.0,498.6,343.2,305,,CHITTOR,
Andhra Pradesh,Chittor,IMD110-P305,1936,0.5,44.8,5.5,11.8,59.9,80.0,90.8,41.4,196.6,100.9,196.5,20.9,849.5,45.3,77.1,408.8,318.3,305,,CHITTOR,
Andhra Pradesh,Chittor,IMD110-P305,1937,1.3,9.1,4.2,98.7,43.2,78.8,73.8,99.8,125.0,189.2,220.0,34.0,977.0,10.4,146.1,377.4,443.2,305,,CHITTOR,
Andhra Pradesh,Chittor,IMD110-P305,1938,0.0,13.2,3.8,1.5,76.7,38.9,67.7,172.3,208.0,33.3,4.4,16.6,636.4,13.2,82.1,486.9,54.3,305,,CHITTOR,
Andhra Pradesh,Chittor,IMD110-P305,1939,34.6,0.0,30.9,130.4,16.8,54.6,47.8,72.7,133.9,186.3,279.7,4.7,992.3,34.6,178.0,309.0,470.7,305,,CHITTOR,
Andhra Pradesh,Chittor,IMD110-P305,1940,0.5,0.0,15.7,29.9,96.9,103.4,41.8,97.8,140.3,187.6,243.2,25.4,982.5,0.5,142.5,383.2,456.2,305,,CHITTOR,
Andhra Pradesh,Chittor,IMD110-P305,1941,5.5,5.0,0.0,5.7,54.4,14.9,25.8,51.9,163.6,131.3,181.7,144.5,784.3,10.6,60.1,256.2,457.4,306,,CHITTOR,
Andhra Pradesh,Chittor,IMD110-P305,1942,0.9,0.0,0.0,5.8,35.7,72.5,20.3,121.1,101.9,68.7,85.8,86.7,599.4,0.9,41.5,315.8,241.2,306,,CHITTOR,
Andhra Pradesh,Chittor,IMD110-P305,1943,47.9,4.2,1.0,40.5,320.4,17.9,73.7,72.2,61.0,438.9,116.4,13.7,1207.8,52.2,361.8,224.8,568.9,306,,CHITTOR,
Andhra Pradesh,Chittor,IMD110-P305,1944,0.5,17.2,123.8,15.6,18.2,72.9,141.8,112.3,127.6,244.3,223.9,36.4,1134.4,17.7,157.5,454.6,504.6,306,,CHITTOR,
Andhra Pradesh,Chittor,IMD110-P305,1945,0.0,0.0,0.0,33.8,43.4,33.5,141.1,133.3,81.0,68.7,98.3,0.1,633.2,0.0,77.2,388.9,167.1,306,,CHITTOR,
Andhra Pradesh,Chittor,IMD110-P305,1946,4.1,1.3,5.1,8.5,43.2,37.8,53.5,64.5,191.2,124.0,308.2,320.2,1161.8,5.5,56.8,347.0,752.5,306,,CHITTOR,
Andhra Pradesh,Chittor,IMD110-P305,1947,33.0,2.7,1.9,7.5,27.5,44.6,99.2,72.0,92.5,86.4,28.4,14.8,510.6,35.7,36.9,308.3,129.6,306,,CHITTOR,
Andhra Pradesh,Chittor,IMD110-P305,1948,9.8,2.6,8.5,35.9,54.0,41.8,78.1,102.2,45.7,149.3,145.2,14.9,688.1,12.4,98.5,267.8,309.4,306,,CHITTOR,
Andhra Pradesh,Chittor,IMD110-P305,1949,0.0,0.0,0.0,7.8,73.5,132.3,166.7,214.4,109.1,117.2,70.4,0.0,891.4,0.0,81.3,622.6,187.6,306,,CHITTOR,
Andhra Pradesh,Chittor,IMD110-P305,1950,0.0,9.4,4.9,0.5,38.3,25.4,75.7,114.0,140.3,106.7,64.8,0.4,580.4,9.4,43.6,355.4,171.9,306,,CHITTOR,
Andhra Pradesh,Chittor,IMD110-P305,1951,0.0,0.0,19.8,66.2,84.8,17.1,138.5,57.7,37.0,67.2,65.9,0.2,554.3,0.0,170.8,250.2,133.2,306,,CHITTOR,
Andhra Pradesh,Chittor,IMD110-P305,1952,0.0,8.4,2.9,13.7,154.3,63.1,59.0,76.7,61.4,124.3,11.0,225.0,799.8,8.4,170.9,260.2,360.3,306,,CHITTOR,
Andhra Pradesh,Chittor,IMD110-P305,1953,2.8,1.3,0.0,62.1,32.0,71.8,103.5,67.2,130.4,372.3,58.2,0.7,902.3,4.0,94.1,373.0,431.2,306,,CHITTOR,
Andhra Pradesh,Chittor,IMD110-P305,1954,28.6,0.0,16.4,9.5,44.0,43.4,219.7,84.7,40.2,288.9,0.0,133.5,908.9,28.6,69.8,388.0,422.5,306,,CHITTOR,
Andhra Pradesh,Chittor,IMD110-P305,1955,33.5,2.5,0.9,22.4,155.7,38.3,109.5,81.8,140.0,96.2,68.3,62.8,812.1,36.1,179.0,369.7,227.3,306,,CHITTOR,
Andhra Pradesh,Chittor,IMD110-P305,1956,7.3,0.0,0.0,63.0,73.7,78.5,60.3,71.2,163.0,253.1,86.4,55.6,912.0,7.3,136.8,372.9,395.1,306,,CHITTOR,
Andhra Pradesh,Chittor,IMD110-P305,1957,0.0,0.8,20.7,8.8,47.5,70.1,62.0,64.4,66.6,123.8,116.1,0.0,580.9,0.8,77.0,263.1,240.0,306,,CHITTOR,
Andhra Pradesh,Chittor,IMD110-P305,1958,3.7,5.0,5.4,31.1,52.3,32.1,26.3,203.0,87.1,264.0,146.4,34.9,891.2,8.6,88.8,348.5,445.3,306,,CHITTOR,
Andhra Pradesh,Chittor,IMD110-P305,1959,0.3,11.1,0.0,22.2,43.0,83.8,53.4,88.5,137.8,103.7,114.3,29.8,687.8,11.4,65.2,363.5,247.7,306,,CHITTOR,
Andhra Pradesh,Chittor,IMD110-P305,1960,1.1,0.0,5.6,7.6,35.4,50.4,95.9,27.0,168.2,73.8,350.2,17.1,832.2,1.1,48.5,341.5,441.0,306,,CHITTOR,
Andhra Pradesh,Chittor,IMD110-P305,1961,5.7,12.3,0.0,0.7,44.1,65.6,77.7,135.7,84.0,142.9,96.1,10.0,674.9,18.0,44.9,363.0,249.0,306,,CHITTOR,
Andhra Pradesh,Chittor,IMD110-P305,1962,4.6,5.1,6.5,50.5,110.1,46.8,31.5,81.2,150.1,259.0,40.7,46.8,832.8,9.7,167.1,309.6,346.4,306,,CHITTOR,
Andhra Pradesh,Chittor,IMD110-P305,1963,17.0,0.6,6.3,31.0,32.3,64.5,71.0,87.6,134.5,195.3,71.9,48.0,759.9,17.6,69.6,357.6,315.1,306,,CHITTOR,
Andhra Pradesh,Chittor,IMD110-P305,1964,0.0,0.0,0.0,2.4,19.2,47.5,244.5,106.3,179.3,62.5,202.8,14.6,879.0,0.0,21.6,577.6,279.9,306,,CHITTOR,
Andhra Pradesh,Chittor,IMD110-P305,1965,1.4,1.3,7.9,56.4,17.0,27.7,43.1,173.6,64.4,24.6,118.1,77.9,613.3,2.6,81.3,308.8,220.5,306,,CHITTOR,
Andhra Pradesh,Chittor,IMD110-P305,1966,9.5,0.4,0.0,5.4,65.9,86.7,68.0,157.3,180.8,133.7,347.3,74.3,1129.4,9.9,71.3,492.8,555.4,306,,CHITTOR,
Andhra Pradesh,Chittor,IMD110-P305,1967,35.6,0.0,59.2,6.5,63.0,56.9,72.1,47.3,118.4,99.9,76.7,203.1,838.6,35.6,128.7,294.7,379.6,306,,CHITTOR,
Andhra Pradesh,Chittor,IMD110-P305,1968,0.0,4.7,2.0,40.1,25.9,49.6,67.8,14.3,133.0,133.6,102.8,123.8,697.7,4.7,68.1,264.7,360.2,306,,CHITTOR,
Andhra Pradesh,Chittor,IMD110-P305,1969,0.0,0.0,1.4,2.9,50.2,56.4,105.3,125.3,38.8,371.3,180.7,97.5,1029.8,0.0,54.5,325.8,649.5,306,,CHITTOR,
Andhra Pradesh,Chittor,IMD110-P305,1970,0.3,32.6,0.9,10.2,70.7,53.9,143.4,167.8,117.9,124.1,148.0,1.3,871.1,32.9,81.8,483.0,273.4,306,,CHITTOR,
Andhra Pradesh,Chittor,IMD110-P305,1971,8.0,8.3,21.0,36.8,64.9,29.5,79.0,100.1,132.8,192.5,80.7,47.5,801.1,16.2,122.7,341.4,320.7,306,,CHITTOR,
Andhra Pradesh,Chittor,IMD110-P305,1972,7.3,0.3,0.0,10.6,117.3,112.8,17.7,44.0,125.5,333.2,166.9,153.5,1089.1,7.6,127.8,300.1,653.6,306,,CHITTOR,
Andhra Pradesh,Chittor,IMD110-P305,1973,0.0,0.0,0.2,1.0,47.7,49.1,85.6,113.4,141.0,164.8,59.1,83.1,745.0,0.0,48.9,389.1,307.0,306,,CHITTOR,
Andhra Pradesh,Chittor,IMD110-P305,1974,0.0,0.0,0.0,10.4,51.2,68.5,139.9,53.2,183.5,217.4,44.2,0.0,768.3,0.0,61.6,445.1,261.6,306,,CHITTOR,
Andhra Pradesh,Chittor,IMD110-P305,1975,1.9,0.0,7.0,2.1,65.0,56.7,172.1,123.9,164.3,262.9,200.8,6.1,1062.9,2.0,74.1,517.0,469.9,306,,CHITTOR,
Andhra Pradesh,Chittor,IMD110-P305,1976,2.2,0.0,0.0,6.2,17.9,68.8,143.0,220.6,42.6,238.5,367.2,7.7,1114.8,2.2,24.1,475.2,613.4,306,,CHITTOR,
Andhra Pradesh,Chittor,IMD110-P305,1977,1.0,0.9,1.5,32.2,59.0,78.6,76.0,132.7,61.4,313.8,272.6,1.6,1031.3,1.9,92.8,348.6,587.9,306,,CHITTOR,
Andhra Pradesh,Chittor,IMD110-P305,1978,2.8,11.0,0.4,42.2,34.2,43.9,98.3,54.8,195.6,113.1,204.4,168.1,968.7,13.9,76.8,392.5,485.6,306,,CHITTOR,
Andhra Pradesh,Chittor,IMD110-P305,1979,6.4,33.7,0.0,10.9,69.5,41.4,99.1,82.3,151.3,72.2,387.4,25.0,979.3,40.1,80.5,374.1,484.6,306,,CHITTOR,
Andhra Pradesh,Chittor,IMD110-P305,1980,0.1,0.0,2.0,6.9,47.7,32.9,70.3,122.7,42.5,68.4,269.2,49.6,712.3,0.1,56.6,268.4,387.2,306,,CHITTOR,
Andhra Pradesh,Chittor,IMD110-P305,1981,12.2,0.0,24.1,10.1,64.3,70.9,116.9,114.1,183.9,190.4,49.4,81.9,918.2,12.2,98.5,485.9,321.7,306,,CHITTOR,
Andhra Pradesh,Chittor,IMD110-P305,1982,0.3,0.0,1.3,13.2,34.3,68.0,71.7,44.4,117.0,156.7,180.3,0.1,687.2,0.3,48.8,301.0,337.1,307,,CHITTOR,
Andhra Pradesh,Chittor,IMD110-P305,1983,0.0,0.4,7.7,7.7,50.1,63.7,131.1,178.2,289.2,169.8,56.1,186.9,1140.9,0.4,65.5,662.2,412.8,307,,CHITTOR,
Andhra Pradesh,Chittor,IMD110-P305,1984,15.4,156.9,54.4,16.8,14.4,24.5,150.6,17.5,181.1,109.8,242.9,79.7,1064.0,172.2,85.7,373.7,432.4,307,,CHITTOR,
Andhra Pradesh,Chittor,IMD110-P305,1985,29.9,0.0,3.6,12.7,15.3,62.9,175.4,90.6,108.0,102.9,262.9,68.4,932.6,29.9,31.5,437.0,434.2,307,,CHITTOR,
Andhra Pradesh,Chittor,IMD110-P305,1986,117.9,25.6,0.0,8.7,27.4,54.6,58.5,62.7,128.5,129.2,127.0,13.5,753.4,143.5,36.0,304.2,269.6,307,,CHITTOR,
Andhra Pradesh,Chittor,IMD110-P305,1987,4.0,0.0,22.0,17.3,31.7,57.3,45.2,127.6,96.5,210.3,140.5,159.5,911.8,4.0,71.0,326.5,510.3,307,,CHITTOR,
Andhra Pradesh,Chittor,IMD110-P305,1988,1.5,0.0,6.7,59.9,69.8,17.8,161.4,216.5,217.2,67.5,124.1,59.0,1001.3,1.5,136.4,612.8,250.6,307,,CHITTOR,
Andhra Pradesh,Chittor,IMD110-P305,1989,0.0,0.0,15.8,3.2,26.1,52.3,235.0,25.8,132.4,80.2,116.4,92.3,779.3,0.0,45.0,445.4,288.9,307,,CHITTOR,
Andhra Pradesh,Chittor,IMD110-P305,1990,3.2,9.5,25.2,16.8,175.2,23.0,65.2,108.4,211.4,192.6,218.2,16.6,1065.4,12.7,217.2,408.0,427.5,307,,CHITTOR,
Andhra Pradesh,Chittor,IMD110-P305,1991,18.7,0.0,5.8,30.8,30.9,178.9,79.7,141.1,114.8,303.2,331.7,14.4,1249.9,18.7,67.5,514.5,649.2,307,,CHITTOR,
Andhra Pradesh,Chittor,IMD110-P305,1992,15.7,0.0,0.0,17.9,54.8,44.4,72.0,49.6,100.0,131.8,202.2,9.0,697.5,15.7,72.8,266.0,343.0,307,,CHITTOR,
Andhra Pradesh,Chittor,IMD110-P305,1993,,16.0,15.9,13.4,50.4,65.5,103.2,129.2,178.5,203.4,216.1,123.3,,,79.7,476.4,542.8,307,missing_months,CHITTOR,
Andhra Pradesh,Chittor,IMD110-P305,1994,4.1,9.1,5.0,20.0,63.7,39.0,114.2,121.9,59.5,180.6,180.3,37.5,834.9,13.2,88.8,334.5,398.4,307,,CHITTOR,
Andhra Pradesh,Chittor,IMD110-P305,1995,50.1,10.2,18.3,14.4,182.7,91.8,156.0,195.3,75.5,149.3,71.8,10.2,1025.7,60.3,215.4,518.6,231.3,307,,CHITTOR,
Andhra Pradesh,Chittor,IMD110-P305,1996,0.0,1.6,5.7,47.5,45.5,291.4,88.6,154.0,249.3,241.1,76.8,260.9,1462.3,1.6,98.6,783.4,578.8,307,,CHITTOR,
Andhra Pradesh,Chittor,IMD110-P305,1997,24.6,0.0,23.1,46.6,43.8,98.4,46.4,76.4,183.2,142.9,240.4,133.4,1059.2,24.6,113.6,404.4,516.6,307,,CHITTOR,
Andhra Pradesh,Chittor,IMD110-P305,1998,0.3,14.0,4.0,23.1,29.1,45.9,143.2,196.3,167.0,124.4,223.6,93.2,1064.2,14.4,56.3,552.4,441.2,307,,CHITTOR,
Andhra Pradesh,Chittor,IMD110-P305,1999,1.7,4.6,0.0,18.4,90.6,58.8,47.6,73.2,79.5,144.4,112.6,27.1,658.5,6.3,109.1,259.0,284.1,307,,CHITTOR,
Andhra Pradesh,Chittor,IMD110-P305,2000,0.0,51.6,0.0,14.6,88.5,62.7,68.3,190.5,137.7,158.1,66.7,58.1,896.7,51.6,103.0,459.2,282.9,307,,CHITTOR,
Andhra Pradesh,Chittor,IMD110-P305,2001,13.0,0.0,6.3,88.0,35.0,24.7,101.4,84.4,196.1,353.0,71.8,69.5,1043.3,13.0,129.3,406.6,494.3,307,,CHITTOR,
Andhra Pradesh,Chittor,IMD110-P305,2002,40.3,3.9,15.4,13.7,53.2,111.9,35.0,55.0,105.3,175.8,79.6,24.9,714.0,44.1,82.3,307.3,280.3,307,,CHITTOR,
Andhra Pradesh,Chittor,IMD110-P305,2003,0.0,0.0,36.7,18.4,9.7,77.2,220.2,121.0,124.2,162.9,17.9,15.6,803.7,0.0,64.7,542.5,196.4,307,,CHITTOR,
Andhra Pradesh,Chittor,IMD110-P305,2004,19.1,8.0,9.5,35.2,197.8,42.7,117.6,18.6,163.0,172.2,134.4,0.1,918.1,27.0,242.4,341.9,306.7,307,,CHITTOR,
Andhra Pradesh,Chittor,IMD110-P305,2005,0.0,18.6,19.6,52.8,60.6,59.6,126.3,106.5,151.5,346.3,258.4,154.4,1354.4,18.6,133.0,443.8,759.0,307,,CHITTOR,
Andhra Pradesh,Chittor,IMD110-P305,2006,0.4,0.0,36.0,10.6,68.8,97.2,18.5,97.4,136.2,148.5,100.1,33.4,747.1,0.4,115.4,349.3,282.0,307,,CHITTOR,
Andhra Pradesh,Chittor,IMD110-P305,2007,0.0,0.0,0.0,0.0,2.3,101.0,110.4,192.6,138.9,215.0,46.6,172.3,978.9,0.0,2.3,542.8,433.8,307,,CHITTOR,
Andhra Pradesh,Chittor,IMD110-P305,2008,15.3,9.5,55.9,6.5,64.4,44.2,99.3,89.6,131.6,165.3,271.0,11.4,964.0,24.8,126.8,364.7,447.7,307,,CHITTOR,
Andhra Pradesh,Chittor,IMD110-P305,2009,0.8,0.0,4.3,9.5,45.3,67.6,42.9,132.2,127.1,35.8,184.1,60.4,710.1,0.8,59.1,369.8,280.4,307,,CHITTOR,
Andhra Pradesh,Chittor,IMD110-P305,2010,1.7,0.3,1.3,13.3,95.7,103.1,180.8,155.7,135.7,98.3,230.7,68.5,1085.0,2.0,110.4,575.3,397.4,307,,CHITTOR,
Andhra Pradesh,Cuddapah,IMD110-P308,1901,4.3,52.5,0.0,9.3,39.4,48.9,73.1,40.9,82.1,70.4,144.4,39.5,604.9,56.9,48.8,245.0,254.3,308,,CUDDAPAH,
Andhra Pradesh,Cuddapah,IMD110-P308,1902,6.3,0.0,0.9,6.3,31.0,95.0,48.7,137.9,171.4,190.6,37.2,35.0,760.3,6.3,38.3,453.0,262.7,308,,CUDDAPAH,
Andhra Pradesh,Cuddapah,IMD110-P308,1903,33.2,0.0,0.0,2.8,65.6,66.5,153.5,117.9,195.3,86.5,340.9,52.5,1114.7,33.2,68.4,533.1,480.0,308,,CUDDAPAH,
Andhra Pradesh,Cuddapah,IMD110-P308,1904,12.7,0.0,0.0,8.7,34.1,38.1,59.5,9.7,76.9,84.0,0.4,9.3,333.5,12.7,42.8,184.3,93.6,308,,CUDDAPAH,
Andhra Pradesh,Cuddapah,IMD110-P308,1905,2.2,0.2,13.9,9.8,26.6,68.9,48.2,224.0,14.2,168.9,23.6,0.1,600.6,2.4,50.3,355.4,192.6,308,,CUDDAPAH,
Andhra Pradesh,Cuddapah,IMD110-P308,1906,59.7,1.3,1.5,0.2,9.0,98.1,126.0,114.3,147.7,109.1,26.7,128.2,822.0,61.0,10.8,486.2,264.1,308,,CUDDAPAH,
Andhra Pradesh,Cuddapah,IMD110-P308,1907,0.4,0.0,4.3,87.5,1.9,30.0,104.7,18.2,81.3,55.2,152.1,37.8,573.2,0.4,93.6,234.2,245.0,308,,CUDDAPAH,
Andhra Pradesh,Cuddapah,IMD110-P308,1908,0.0,0.1,1.7,2.1,19.1,34.5,53.4,29.1,250.4,160.4,8.0,1.8,560.6,0.1,22.9,367.4,170.2,308,,CUDDAPAH,
Andhra Pradesh,Cuddapah,IMD110-P308,1909,114.4,0.0,0.0,38.2,74.0,26.0,55.0,315.9,239.1,10.4,3.3,0.0,876.3,114.4,112.2,635.9,13.7,308,,CUDDAPAH,
Andhra Pradesh,Cuddapah,IMD110-P308,1910,0.0,0.0,0.0,9.9,27.0,58.6,169.0,228.9,188.6,155.2,136.5,0.0,973.7,0.0,36.9,645.0,291.7,308,,CUDDAPAH,
Andhra Pradesh,Cuddapah,IMD110-P308,1911,0.0,0.0,0.0,25.2,57.9,47.9,55.3,42.2,101.5,104.8,77.0,22.7,534.3,0.0,83.1,246.8,204.4,308,,CUDDAPAH,
Andhra Pradesh,Cuddapah,IMD110-P308,1912,0.0,2.4,0.0,0.2,20.7,28.6,73.3,98.5,124.0,99.6,233.3,0.0,680.5,2.4,20.9,324.4,332.8,308,,CUDDAPAH,
Andhra Pradesh,Cuddapah,IMD110-P308,1913,0.0,0.0,0.0,0.1,31.5,38.1,101.0,41.8,101.3,198.0,1.9,83.6,597.2,0.0,31.5,282.2,283.5,308,,CUDDAPAH,
Andhra Pradesh,Cuddapah,IMD110-P308,1914,0.3,0.0,0.0,17.3,49.0,78.8,65.5,130.9,185.4,40.9,51.2,5.2,624.4,0.3,66.3,460.6,97.3,308,,CUDDAPAH,
Andhra Pradesh,Cuddapah,IMD110-P308,1915,30.8,3.0,81.2,3.0,18.2,38.9,177.8,43.3,151.1,51.8,228.8,2.0,829.9,33.8,102.4,411.2,282.6,308,,CUDDAPAH,
Andhra Pradesh,Cuddapah,IMD110-P308,1916,0.0,2.0,0.0,6.6,31.8,39.7,216.8,206.9,207.4,211.5,103.1,0.8,1026.6,2.0,38.4,670.8,315.4,308,,CUDDAPAH,
Andhra Pradesh,Cuddapah,IMD110-P308,1917,4.7,32.2,1.4,4.3,71.0,78.5,60.0,169.2,187.6,211.4,167.7,13.3,1001.3,36.9,76.7,495.3,392.4,308,,CUDDAPAH,
Andhra Pradesh,Cuddapah,IMD110-P308,1918,43.7,1.6,5.1,4.7,33.8,26.6,15.0,102.2,103.7,2.0,196.3,24.1,558.9,45.4,43.6,247.5,222.5,308,,CUDDAPAH,
Andhra Pradesh,Cuddapah,IMD110-P308,1919,19.2,0.0,35.5,6.4,31.4,75.4,172.9,18.6,208.6,101.2,143.9,17.7,830.8,19.2,73.3,475.4,262.9,308,,CUDDAPAH,
Andhra Pradesh,Cuddapah,IMD110-P308,1920,79.4,0.1,0.7,3.5,20.8,48.8,16.4,99.8,150.3,178.7,84.5,0.0,682.9,79.5,24.9,315.3,263.2,308,,CUDDAPAH,
Andhra Pradesh,Cuddapah,IMD110-P308,1921,16.5,0.0,0.0,39.3,1.7,59.6,187.0,93.4,72.8,249.9,50.3,3.7,774.2,16.5,41.0,412.9,303.9,308,,CUDDAPAH,
Andhra Pradesh,Cuddapah,IMD110-P308,1922,25.2,0.0,0.0,9.8,30.3,50.6,76.4,96.3,24.3,100.0,336.2,8.6,757.7,25.2,40.1,247.6,444.9,308,,CUDDAPAH,
Andhra Pradesh,Cuddapah,IMD110-P308,1923,6.3,6.6,4.3,19.3,16.2,34.4,46.8,11.6,175.8,88.2,21.1,14.7,445.3,12.9,39.8,268.6,124.1,308,,CUDDAPAH,
Andhra Pradesh,Cuddapah,IMD110-P308,1924,7.3,0.0,0.4,5.9,33.1,29.7,79.8,60.8,219.0,31.9,168.5,0.0,636.3,7.3,39.4,389.3,200.3,308,,CUDDAPAH,
Andhra Pradesh,Cuddapah,IMD110-P308,1925,0.0,0.0,1.9,17.1,121.2,24.1,146.4,143.5,76.7,129.0,117.3,108.8,886.0,0.0,140.2,390.7,355.1,308,,CUDDAPAH,
Andhra Pradesh,Cuddapah,IMD110-P308,1926,75.1,0.0,4.7,27.5,31.4,84.9,98.0,95.7,111.1,91.0,28.5,3.9,651.8,75.1,63.6,389.6,123.5,308,,CUDDAPAH,
Andhra Pradesh,Cuddapah,IMD110-P308,1927,1.4,0.1,0.0,0.1,18.5,46.0,107.4,83.5,171.6,71.2,172.1,0.0,671.8,1.5,18.6,408.5,243.3,308,,CUDDAPAH,
Andhra Pradesh,Cuddapah,IMD110-P308,1928,0.0,40.2,8.3,21.7,14.2,73.0,73.9,97.7,98.0,162.2,15.6,32.5,637.1,40.2,44.1,342.5,210.2,308,,CUDDAPAH,
Andhra Pradesh,Cuddapah,IMD110-P308,1929,14.3,1.2,0.2,17.3,37.8,81.1,25.0,29.3,192.0,144.5,97.2,34.9,674.8,15.5,55.3,327.4,276.7,308,,CUDDAPAH,
Andhra Pradesh,Cuddapah,IMD110-P308,1930,7.8,2.6,4.2,2.3,195.9,79.4,46.0,44.0,140.6,256.5,84.0,46.9,910.2,10.4,202.4,310.0,387.4,308,,CUDDAPAH,
Andhra Pradesh,Cuddapah,IMD110-P308,1931,0.4,0.0,1.5,10.3,30.2,88.1,89.4,18.9,121.4,149.1,62.7,32.3,604.2,0.4,42.0,317.8,244.0,308,,CUDDAPAH,
Andhra Pradesh,Cuddapah,IMD110-P308,1932,0.0,10.9,0.0,8.4,37.9,46.5,62.8,100.0,60.3,64.6,105.5,1.6,498.4,10.9,46.3,269.6,171.6,308,,CUDDAPAH,
Andhra Pradesh,Cuddapah,IMD110-P308,1933,0.0,1.3,1.0,3.8,42.4,14.5,68.5,180.7,40.4,92.7,52.5,62.3,560.0,1.3,47.2,304.0,207.4,308,,CUDDAPAH,
Andhra Pradesh,Cuddapah,IMD110-P308,1934,6.1,0.0,0.0,18.1,13.5,87.2,136.1,37.4,48.3,106.3,69.0,4.6,526.6,6.1,31.7,308.9,179.9,308,,CUDDAPAH,
Andhra Pradesh,Cuddapah,IMD110-P308,1935,4.0,0.0,0.0,15.7,14.2,90.0,119.4,226.4,105.7,140.8,6.9,6.1,729.3,4.0,30.0,541.5,153.8,308,,CUDDAPAH,
Andhra Pradesh,Cuddapah,IMD110-P308,1936,0.0,14.4,10.6,8.3,50.2,83.2,63.5,41.5,107.7,50.7,158.9,4.9,594.0,14.4,69.1,296.0,214.6,308,,CUDDAPAH,
Andhra Pradesh,Cuddapah,IMD110-P308,1937,0.0,6.6,5.5,85.8,10.1,34.7,112.4,30.2,99.8,179.7,91.8,20.6,677.2,6.6,101.5,277.1,292.0,308,,CUDDAPAH,
Andhra Pradesh,Cuddapah,IMD110-P308,1938,0.0,0.0,0.9,0.0,31.4,93.8,61.2,206.8,221.1,21.8,1.5,0.0,638.5,0.0,32.3,582.9,23.3,308,,CUDDAPAH,
Andhra Pradesh,Cuddapah,IMD110-P308,1939,8.8,0.0,14.4,44.9,7.7,54.7,39.4,69.9,161.0,159.0,143.5,0.6,703.9,8.8,67.0,325.0,303.1,308,,CUDDAPAH,
Andhra Pradesh,Cuddapah,IMD110-P308,1940,0.2,0.0,4.9,30.2,161.3,80.6,78.4,100.1,130.9,187.6,180.4,4.5,959.0,0.2,196.3,390.0,372.5,308,,CUDDAPAH,
Andhra Pradesh,Cuddapah,IMD110-P308,1941,5.8,7.6,0.0,11.2,21.5,52.1,20.8,50.8,197.2,121.3,65.3,93.2,646.8,13.4,32.7,320.9,279.8,309,,CUDDAPAH,
Andhra Pradesh,Cuddapah,IMD110-P308,1942,0.0,0.0,0.0,10.2,18.8,72.5,19.5,152.0,93.7,51.5,78.3,45.1,541.6,0.0,29.1,337.7,174.9,309,,CUDDAPAH,
Andhra Pradesh,Cuddapah,IMD110-P308,1943,4.3,0.0,0.0,10.9,247.2,38.7,111.6,92.4,150.4,280.7,111.2,4.6,1052.2,4.3,258.2,393.2,396.5,309,,CUDDAPAH,
Andhra Pradesh,Cuddapah,IMD110-P308,1944,0.0,5.0,66.5,4.6,28.6,93.8,133.1,53.2,168.4,117.5,112.8,1.4,784.8,5.0,99.6,448.5,231.7,309,,CUDDAPAH,
Andhra Pradesh,Cuddapah,IMD110-P308,1945,0.0,0.0,0.0,13.5,15.9,26.4,131.6,98.7,123.0,46.7,87.9,1.3,545.0,0.0,29.5,379.7,135.9,309,,CUDDAPAH,
Andhra Pradesh,Cuddapah,IMD110-P308,1946,0.0,1.0,9.4,13.3,25.4,25.8,56.1,85.2,135.6,54.5,305.7,189.5,901.7,1.0,48.1,302.9,549.7,309,,CUDDAPAH,
Andhra Pradesh,Cuddapah,IMD110-P308,1947,28.0,0.0,0.0,9.8,14.0,63.3,134.2,151.7,119.9,101.4,13.7,12.6,648.6,28.0,23.8,469.1,127.6,309,,CUDDAPAH,
Andhra Pradesh,Cuddapah,IMD110-P308,1948,0.3,0.0,0.0,28.1,27.0,25.0,64.9,93.2,77.5,71.0,100.2,5.4,492.6,0.3,55.1,260.6,176.6,309,,CUDDAPAH,
Andhra Pradesh,Cuddapah,IMD110-P308,1949,0.0,0.0,0.0,6.9,86.3,114.5,119.0,142.8,163.5,71.3,57.8,0.0,762.2,0.0,93.2,539.8,129.2,309,,CUDDAPAH,
Andhra Pradesh,Cuddapah,IMD110-P308,1950,0.5,4.8,1.8,1.5,49.5,7.3,43.7,52.2,138.6,101.8,18.0,0.0,419.7,5.3,52.8,241.9,119.7,309,,CUDDAPAH,
Andhra Pradesh,Cuddapah,IMD110-P308,1951,0.0,0.2,13.3,32.2,72.0,69.3,64.6,41.2,62.5,71.3,41.1,0.0,467.8,0.2,117.5,237.6,112.4,309,,CUDDAPAH,
Andhra Pradesh,Cuddapah,IMD110-P308,1952,0.0,1.8,0.0,7.7,177.0,57.3,62.3,98.2,37.9,105.4,8.3,110.7,666.6,1.8,184.7,255.7,224.4,309,,CUDDAPAH,
Andhra Pradesh,Cuddapah,IMD110-P308,1953,0.0,0.0,0.0,26.1,13.7,48.8,128.2,62.7,122.1,310.6,33.6,0.0,745.8,0.0,39.8,361.8,344.2,309,,CUDDAPAH,
Andhra Pradesh,Cuddapah,IMD110-P308,1954,4.4,0.0,11.9,9.3,41.1,44.4,203.0,51.3,122.0,247.5,0.0,75.0,809.8,4.4,62.2,420.7,322.5,309,,CUDDAPAH,
Andhra Pradesh,Cuddapah,IMD110-P308,1955,3.5,0.0,2.0,4.8,144.1,31.6,104.0,194.5,75.3,113.9,81.6,20.1,775.4,3.5,150.9,405.5,215.5,309,,CUDDAPAH,
Andhra Pradesh,Cuddapah,IMD110-P308,1956,0.2,0.0,0.0,76.5,48.3,99.2,171.3,59.4,184.0,221.5,107.4,35.7,1003.5,0.2,124.8,514.0,364.5,309,,CUDDAPAH,
Andhra Pradesh,Cuddapah,IMD110-P308,1957,0.0,0.0,3.1,7.8,29.8,171.5,88.9,94.4,63.6,53.0,55.2,0.0,567.2,0.0,40.7,418.3,108.2,309,,CUDDAPAH,
Andhra Pradesh,Cuddapah,IMD110-P308,1958,2.3,5.3,1.4,31.8,44.0,28.0,74.9,239.7,91.5,227.2,60.4,15.5,822.1,7.6,77.3,434.1,303.1,309,,CUDDAPAH,
Andhra Pradesh,Cuddapah,IMD110-P308,1959,0.3,0.7,0.0,23.2,43.0,121.3,92.5,81.3,125.2,69.6,40.8,7.9,605.7,1.0,66.2,420.2,118.3,309,,CUDDAPAH,
Andhra Pradesh,Cuddapah,IMD110-P308,1960,0.0,0.0,0.4,2.2,34.1,35.2,66.5,26.0,271.9,51.0,225.6,0.0,712.9,0.0,36.8,399.5,276.6,309,,CUDDAPAH,
Andhra Pradesh,Cuddapah,IMD110-P308,1961,0.1,7.0,0.5,1.1,33.3,102.2,122.3,116.6,36.7,157.3,60.9,0.1,638.1,7.0,34.9,377.8,218.3,309,,CUDDAPAH,
Andhra Pradesh,Cuddapah,IMD110-P308,1962,0.0,1.8,4.1,35.3,59.2,49.7,30.8,121.1,130.9,303.2,38.5,78.3,852.8,1.8,98.6,332.5,419.9,309,,CUDDAPAH,
Andhra Pradesh,Cuddapah,IMD110-P308,1963,0.0,0.0,8.1,30.2,17.8,67.4,108.0,163.3,71.8,142.2,7.8,29.3,646.0,0.0,56.1,410.6,179.3,309,,CUDDAPAH,
Andhra Pradesh,Cuddapah,IMD110-P308,1964,0.0,0.0,0.0,0.9,9.5,57.7,214.3,78.6,194.1,29.3,118.2,22.6,725.2,0.0,10.4,544.7,170.1,309,,CUDDAPAH,
Andhra Pradesh,Cuddapah,IMD110-P308,1965,0.0,0.0,4.6,41.6,20.1,29.4,87.0,172.0,122.6,6.9,35.3,57.6,577.2,0.0,66.3,411.1,99.8,309,,CUDDAPAH,
Andhra Pradesh,Cuddapah,IMD110-P308,1966,1.4,0.0,0.0,12.6,32.4,134.8,100.3,111.1,95.6,72.2,242.2,14.6,817.0,1.4,45.0,441.7,329.0,309,,CUDDAPAH,
Andhra Pradesh,Cuddapah,IMD110-P308,1967,5.1,0.0,28.6,4.7,63.1,69.0,189.7,34.6,187.8,125.7,29.2,55.2,792.7,5.1,96.4,481.1,210.1,309,,CUDDAPAH,
Andhra Pradesh,Cuddapah,IMD110-P308,1968,0.0,1.1,20.6,52.5,19.0,27.8,85.9,10.3,142.6,97.2,98.1,44.4,599.4,1.1,92.1,266.6,239.6,309,,CUDDAPAH,
Andhra Pradesh,Cuddapah,IMD110-P308,1969,0.0,0.0,0.0,9.3,50.7,74.7,121.5,113.5,35.4,249.7,85.8,48.1,788.8,0.0,60.0,345.2,383.6,309,,CUDDAPAH,
Andhra Pradesh,Cuddapah,IMD110-P308,1970,0.0,1.1,0.6,9.3,82.7,68.6,71.8,221.3,136.7,119.3,6.5,0.0,717.9,1.1,92.6,498.4,125.8,309,,CUDDAPAH,
Andhra Pradesh,Cuddapah,IMD110-P308,1971,0.0,3.5,18.8,29.2,47.2,33.1,44.9,93.1,66.5,132.1,20.5,11.7,500.5,3.5,95.2,237.5,164.3,309,,CUDDAPAH,
Andhra Pradesh,Cuddapah,IMD110-P308,1972,0.4,0.2,0.0,18.3,80.5,118.0,28.2,11.5,151.9,179.2,87.7,78.0,754.0,0.6,98.9,309.6,345.0,309,,CUDDAPAH,
Andhra Pradesh,Cuddapah,IMD110-P308,1973,0.0,0.0,0.0,0.4,21.9,33.7,94.3,168.7,154.8,171.3,24.5,2.5,672.2,0.0,22.4,451.6,198.3,309,,CUDDAPAH,
Andhra Pradesh,Cuddapah,IMD110-P308,1974,0.0,0.0,0.0,4.1,68.7,68.2,74.6,68.2,246.4,186.6,29.8,0.0,746.6,0.0,72.8,457.4,216.4,309,,CUDDAPAH,
Andhra Pradesh,Cuddapah,IMD110-P308,1975,0.0,0.0,0.9,4.0,29.8,29.0,168.7,136.5,146.4,413.7,95.0,8.0,1032.0,0.0,34.6,480.6,516.8,309,,CUDDAPAH,
Andhra Pradesh,Cuddapah,IMD110-P308,1976,0.0,0.0,0.0,13.2,9.3,76.3,153.1,191.4,34.4,98.4,118.4,0.8,695.3,0.0,22.5,455.2,217.6,309,,CUDDAPAH,
Andhra Pradesh,Cuddapah,IMD110-P308,1977,0.0,0.0,3.4,11.0,69.3,110.3,84.5,141.1,46.2,165.0,124.5,1.1,756.5,0.0,83.8,382.1,290.6,309,,CUDDAPAH,
Andhra Pradesh,Cuddapah,IMD110-P308,1978,1.4,5.2,0.0,18.2,30.3,75.8,144.7,81.5,162.6,64.3,152.5,42.1,778.8,6.7,48.5,464.6,259.0,309,,CUDDAPAH,
Andhra Pradesh,Cuddapah,IMD110-P308,1979,0.0,6.4,0.0,3.9,103.0,40.4,37.0,98.3,132.7,63.4,219.2,5.6,710.0,6.4,106.9,308.5,288.2,309,,CUDDAPAH,
Andhra Pradesh,Cuddapah,IMD110-P308,1980,0.0,0.0,0.0,0.9,16.3,69.1,69.8,82.8,60.3,27.1,123.3,18.0,467.7,0.0,17.2,282.0,168.4,309,,CUDDAPAH,
Andhra Pradesh,Cuddapah,IMD110-P308,1981,1.4,0.0,20.3,5.5,24.0,44.4,86.0,112.4,214.4,127.8,40.3,18.4,694.8,1.4,49.7,457.2,186.5,309,,CUDDAPAH,
Andhra Pradesh,Cuddapah,IMD110-P308,1982,0.0,0.0,0.1,3.5,27.3,57.3,51.7,9.4,78.7,103.7,120.8,0.0,452.6,0.0,31.0,197.2,224.4,310,,CUDDAPAH,
Andhra Pradesh,Cuddapah,IMD110-P308,1983,0.0,2.6,1.6,4.2,62.5,33.1,77.2,188.4,269.4,102.6,30.9,25.5,797.9,2.6,68.3,568.1,158.9,310,,CUDDAPAH,
Andhra Pradesh,Cuddapah,IMD110-P308,1984,0.0,43.3,14.5,7.5,4.2,19.5,131.8,17.7,116.2,59.6,74.2,35.5,524.0,43.3,26.1,285.2,169.4,310,,CUDDAPAH,
Andhra Pradesh,Cuddapah,IMD110-P308,1985,15.5,0.0,2.2,12.3,3.3,54.3,113.8,55.8,46.6,119.7,83.8,31.7,539.0,15.5,17.8,270.5,235.2,310,,CUDDAPAH,
Andhra Pradesh,Cuddapah,IMD110-P308,1986,48.0,6.5,0.0,7.9,8.5,50.3,42.7,55.8,94.0,119.7,50.6,11.2,495.3,54.5,16.4,242.8,181.6,310,,CUDDAPAH,
Andhra Pradesh,Cuddapah,IMD110-P308,1987,3.3,0.0,6.6,1.4,5.2,44.9,11.7,164.8,65.1,126.3,104.0,44.1,577.3,3.3,13.2,286.5,274.3,310,,CUDDAPAH,
Andhra Pradesh,Cuddapah,IMD110-P308,1988,0.0,0.0,1.6,24.7,39.1,27.9,189.9,246.3,146.7,29.6,28.2,16.2,750.2,0.0,65.4,610.8,74.0,310,,CUDDAPAH,
Andhra Pradesh,Cuddapah,IMD110-P308,1989,0.0,0.0,20.9,1.0,29.6,37.8,265.3,26.4,145.0,38.9,58.2,17.8,640.8,0.0,51.5,474.5,114.8,310,,CUDDAPAH,
Andhra Pradesh,Cuddapah,IMD110-P308,1990,0.7,4.5,12.7,2.1,85.9,56.9,55.7,74.7,209.2,217.1,210.9,9.9,940.4,5.2,100.8,396.5,437.9,310,,CUDDAPAH,
Andhra Pradesh,Cuddapah,IMD110-P308,1991,6.2,0.0,7.2,19.2,31.6,189.8,54.2,84.7,81.8,156.8,190.9,3.7,826.0,6.2,58.0,410.4,351.4,310,,CUDDAPAH,
Andhra Pradesh,Cuddapah,IMD110-P308,1992,2.1,0.0,0.0,7.1,25.9,28.9,98.6,90.6,55.4,65.0,128.1,1.3,503.0,2.1,33.0,273.5,194.5,310,,CUDDAPAH,
Andhra Pradesh,Cuddapah,IMD110-P308,1993,0.0,0.0,14.9,3.3,57.7,29.8,108.0,91.1,75.8,148.4,110.0,95.3,734.5,0.0,76.0,304.7,353.7,310,,CUDDAPAH,
Andhra Pradesh,Cuddapah,IMD110-P308,1994,11.1,18.3,0.0,30.1,36.0,28.7,85.7,106.5,34.9,199.6,82.7,15.3,649.0,29.5,66.2,255.8,297.5,310,,CUDDAPAH,
Andhra Pradesh,Cuddapah,IMD110-P308,1995,13.5,0.0,10.2,1.9,141.3,55.4,174.0,145.4,115.8,124.3,37.9,0.0,819.5,13.5,153.3,490.5,162.2,310,,CUDDAPAH,
Andhra Pradesh,Cuddapah,IMD110-P308,1996,0.0,1.0,0.0,23.0,22.5,277.3,58.8,214.9,165.0,324.9,34.5,91.7,1213.8,1.0,45.5,716.2,451.1,310,,CUDDAPAH,
Andhra Pradesh,Cuddapah,IMD110-P308,1997,8.6,0.0,9.9,31.7,22.1,54.6,39.2,78.9,247.0,86.7,97.0,48.8,724.6,8.6,63.7,419.7,232.5,310,,CUDDAPAH,
Andhra Pradesh,Cuddapah,IMD110-P308,1998,1.5,0.3,2.5,38.1,47.3,52.8,104.3,135.1,188.8,143.8,124.3,16.6,855.4,1.8,87.9,480.9,284.8,310,,CUDDAPAH,
Andhra Pradesh,Cuddapah,IMD110-P308,1999,0.0,5.6,0.0,1.7,49.5,53.6,52.6,97.6,34.0,84.3,60.6,2.1,441.5,5.6,51.1,237.7,147.0,310,,CUDDAPAH,
Andhra Pradesh,Cuddapah,IMD110-P308,2000,0.0,25.8,0.0,36.1,73.5,87.0,99.6,262.8,61.3,110.2,21.7,31.1,809.2,25.8,109.6,510.6,163.1,310,,CUDDAPAH,
Andhra Pradesh,Cuddapah,IMD110-P308,2001,0.0,0.0,7.3,67.0,19.2,14.4,61.2,98.4,192.7,416.0,26.4,25.9,928.5,0.0,93.5,366.7,468.3,310,,CUDDAPAH,
Andhra Pradesh,Cuddapah,IMD110-P308,2002,12.0,3.6,3.8,24.8,52.6,68.9,34.7,48.2,56.7,181.2,27.2,7.3,521.1,15.6,81.2,208.5,215.7,310,,CUDDAPAH,
Andhra Pradesh,Cuddapah,IMD110-P308,2003,0.0,0.0,15.0,10.5,0.0,24.3,189.6,100.7,135.4,240.5,9.2,8.1,733.2,0.0,25.5,449.9,257.8,310,,CUDDAPAH,
Andhra Pradesh,Cuddapah,IMD110-P308,2004,0.0,0.0,18.9,30.2,138.5,26.8,135.5,13.5,150.4,74.6,27.2,0.0,615.6,0.0,187.6,326.2,101.8,310,,CUDDAPAH,
Andhra Pradesh,Cuddapah,IMD110-P308,2005,0.0,12.2,10.1,20.8,43.2,43.2,125.5,101.7,81.4,294.1,105.1,49.3,886.5,12.2,74.0,351.8,448.5,310,,CUDDAPAH,
Andhra Pradesh,Cuddapah,IMD110-P308,2006,0.0,0.0,33.7,2.6,46.1,55.8,47.9,63.0,144.1,55.6,68.2,17.8,534.6,0.0,82.3,310.7,141.6,310,,CUDDAPAH,
Andhra Pradesh,Cuddapah,IMD110-P308,2007,0.0,0.0,0.0,0.0,10.0,199.3,66.0,186.5,206.3,226.1,34.3,29.1,957.6,0.0,10.0,658.1,289.6,310,,CUDDAPAH,
Andhra Pradesh,Cuddapah,IMD110-P308,2008,0.0,32.2,47.8,1.6,22.8,14.6,49.7,104.6,112.7,110.6,196.4,2.5,695.4,32.2,72.2,281.5,309.5,310,,CUDDAPAH,
Andhra Pradesh,Cuddapah,IMD110-P308,2009,0.4,0.0,6.2,8.2,44.6,49.8,28.5,146.5,134.8,24.1,139.9,28.4,611.4,0.4,59.0,359.6,192.4,310,,CUDDAPAH,
Andhra Pradesh,Cuddapah,IMD110-P308,2010,2.6,1.1,0.0,11.9,47.6,119.3,167.7,135.2,103.7,79.7,197.9,46.0,912.6,3.7,59.5,525.9,323.6,310,,CUDDAPAH,
Andhra Pradesh,E Godavari,IMD110-P311,1901,27.4,78.1,2.6,23.6,77.7,83.8,124.2,242.7,144.6,184.2,164.5,0.7,1154.2,105.5,103.9,595.4,349.4,311,,EAST GODAVARI,
Andhra Pradesh,E Godavari,IMD110-P311,1902,0.6,0.0,0.9,21.2,24.7,32.6,217.7,192.0,232.7,377.7,76.1,16.6,1192.7,0.6,46.8,674.9,470.4,311,,EAST GODAVARI,
Andhra Pradesh,E Godavari,IMD110-P311,1903,0.3,4.6,0.5,4.6,92.8,171.8,249.3,226.9,227.7,174.6,228.0,8.2,1389.2,4.8,97.9,875.7,410.8,311,,EAST GODAVARI,
Andhra Pradesh,E Godavari,IMD110-P311,1904,0.6,0.0,1.6,1.8,104.7,103.2,98.7,104.0,68.9,268.1,0.0,19.7,771.4,0.6,108.1,374.8,287.8,311,,EAST GODAVARI,
Andhra Pradesh,E Godavari,IMD110-P311,1905,0.6,9.9,79.4,32.8,56.4,73.3,74.0,164.3,156.2,63.7,7.3,0.0,717.9,10.5,168.6,467.8,71.0,311,,EAST GODAVARI,
Andhra Pradesh,E Godavari,IMD110-P311,1906,0.0,29.4,13.8,0.4,4.0,286.6,153.3,311.2,110.1,83.6,16.1,78.0,1086.5,29.4,18.2,861.2,177.7,311,,EAST GODAVARI,
Andhra Pradesh,E Godavari,IMD110-P311,1907,0.5,1.9,56.7,66.5,24.4,411.6,126.0,144.9,40.5,52.9,69.3,37.4,1032.6,2.4,147.6,723.1,159.6,311,,EAST GODAVARI,
Andhra Pradesh,E Godavari,IMD110-P311,1908,31.6,1.4,0.0,9.1,46.4,56.9,124.8,236.1,400.8,78.3,5.4,0.0,990.9,33.1,55.5,818.7,83.7,311,,EAST GODAVARI,
Andhra Pradesh,E Godavari,IMD110-P311,1909,2.0,0.0,0.0,163.9,15.3,81.5,225.0,208.0,188.7,20.7,3.2,33.3,941.7,2.0,179.2,703.2,57.2,311,,EAST GODAVARI,
Andhra Pradesh,E Godavari,IMD110-P311,1910,0.0,1.8,0.6,19.0,9.9,220.0,246.3,193.0,260.3,294.0,97.7,0.0,1342.6,1.8,29.5,919.6,391.7,311,,EAST GODAVARI,
Andhra Pradesh,E Godavari,IMD110-P311,1911,0.0,0.0,3.7,22.8,46.3,232.7,232.7,58.1,130.3,134.4,103.0,38.8,1002.7,0.0,72.8,653.8,276.2,311,,EAST GODAVARI,
Andhra Pradesh,E Godavari,IMD110-P311,1912,0.0,5.2,0.6,7.8,24.5,34.2,286.9,207.6,167.2,88.9,80.2,0.0,903.2,5.2,32.9,696.0,169.1,311,,EAST GODAVARI,
Andhra Pradesh,E Godavari,IMD110-P311,1913,0.0,0.6,0.0,1.8,55.6,161.3,180.1,90.3,135.2,291.0,1.4,0.8,918.1,0.6,57.4,566.9,293.2,311,,EAST GODAVARI,
Andhra Pradesh,E Godavari,IMD110-P311,1914,0.0,1.9,0.0,29.5,56.7,122.3,194.7,232.4,209.2,17.8,23.9,0.1,888.4,1.9,86.1,758.5,41.8,311,,EAST GODAVARI,
Andhra Pradesh,E Godavari,IMD110-P311,1915,12.2,13.2,52.0,47.3,21.1,231.0,190.2,215.4,140.5,208.9,284.7,0.0,1416.4,25.4,120.4,777.1,493.6,311,,EAST GODAVARI,
Andhra Pradesh,E Godavari,IMD110-P311,1916,0.0,2.4,0.0,24.5,69.0,193.9,310.0,194.5,184.3,422.2,193.8,0.0,1594.5,2.4,93.4,882.8,616.0,311,,EAST GODAVARI,
Andhra Pradesh,E Godavari,IMD110-P311,1917,0.0,26.8,19.0,13.2,134.4,303.5,179.3,219.2,282.7,226.6,95.4,5.1,1505.1,26.8,166.6,984.7,327.1,311,,EAST GODAVARI,
Andhra Pradesh,E Godavari,IMD110-P311,1918,40.3,0.6,1.3,6.4,34.3,177.1,77.4,139.4,156.6,26.0,117.1,2.7,779.1,40.9,42.0,550.4,145.8,311,,EAST GODAVARI,
Andhra Pradesh,E Godavari,IMD110-P311,1919,20.1,4.7,7.7,35.6,80.5,113.8,209.6,158.3,244.7,206.9,242.4,3.5,1327.7,24.8,123.8,726.4,452.8,311,,EAST GODAVARI,
Andhra Pradesh,E Godavari,IMD110-P311,1920,4.0,9.5,0.7,27.6,89.3,58.7,89.6,118.8,110.7,283.0,10.5,0.0,802.5,13.5,117.6,377.7,293.6,311,,EAST GODAVARI,
Andhra Pradesh,E Godavari,IMD110-P311,1921,62.1,0.0,0.3,24.9,11.4,49.7,237.9,272.6,136.0,226.9,34.6,0.0,1056.4,62.1,36.7,696.1,261.5,311,,EAST GODAVARI,
Andhra Pradesh,E Godavari,IMD110-P311,1922,2.4,0.0,0.0,5.5,39.7,111.5,162.8,103.7,110.4,169.9,183.9,0.8,890.6,2.4,45.2,488.4,354.6,311,,EAST GODAVARI,
Andhra Pradesh,E Godavari,IMD110-P311,1923,0.1,51.2,20.9,7.1,35.8,24.6,198.8,106.4,314.6,288.3,303.8,0.1,1351.6,51.3,63.7,644.4,592.2,311,,EAST GODAVARI,
Andhra Pradesh,E Godavari,IMD110-P311,1924,1.9,0.0,0.0,7.8,48.6,66.2,175.5,191.4,386.5,174.0,399.1,0.0,1451.2,1.9,56.5,819.6,573.2,311,,EAST GODAVARI,
Andhra Pradesh,E Godavari,IMD110-P311,1925,0.1,0.3,0.8,12.9,183.6,158.1,326.4,213.4,116.2,327.0,67.9,3.3,1410.0,0.4,197.2,814.1,398.3,311,,EAST GODAVARI,
Andhra Pradesh,E Godavari,IMD110-P311,1926,12.9,1.0,83.0,35.9,54.7,81.1,362.7,190.6,150.2,106.3,1.3,0.0,1079.7,13.9,173.6,784.6,107.5,311,,EAST GODAVARI,
Andhra Pradesh,E Godavari,IMD110-P311,1927,20.2,0.8,17.2,5.5,29.4,199.9,206.4,175.2,156.0,62.6,188.2,0.0,1061.4,21.0,52.0,737.6,250.8,311,,EAST GODAVARI,
Andhra Pradesh,E Godavari,IMD110-P311,1928,0.0,2.1,1.8,38.6,48.5,85.4,239.1,67.4,198.8,411.7,3.9,0.7,1098.0,2.1,88.9,590.7,416.3,311,,EAST GODAVARI,
Andhra Pradesh,E Godavari,IMD110-P311,1929,0.6,8.1,4.1,14.6,20.4,238.3,106.1,101.1,160.6,217.6,11.9,48.4,931.8,8.7,39.1,606.0,277.9,311,,EAST GODAVARI,
Andhra Pradesh,E Godavari,IMD110-P311,1930,0.0,36.3,5.9,11.0,140.7,240.1,79.8,127.6,151.1,410.9,211.0,5.3,1419.7,36.3,157.5,598.6,627.3,311,,EAST GODAVARI,
Andhra Pradesh,E Godavari,IMD110-P311,1931,0.0,0.0,0.0,4.7,27.0,101.6,285.8,178.5,185.1,353.9,172.4,1.1,1310.1,0.0,31.7,751.1,527.4,311,,EAST GODAVARI,
Andhra Pradesh,E Godavari,IMD110-P311,1932,0.0,43.3,0.2,21.5,47.9,89.6,257.5,119.6,154.1,155.3,193.0,0.0,1082.0,43.3,69.6,620.8,348.3,311,,EAST GODAVARI,
Andhra Pradesh,E Godavari,IMD110-P311,1933,1.2,0.0,6.2,24.4,84.1,107.1,191.4,140.5,219.4,270.6,41.4,41.2,1127.5,1.2,114.7,658.4,353.2,311,,EAST GODAVARI,
Andhra Pradesh,E Godavari,IMD110-P311,1934,0.0,0.0,0.1,16.5,7.6,85.8,187.8,285.5,85.1,153.4,90.7,9.6,922.1,0.0,24.1,644.3,253.7,312,,EAST GODAVARI,
Andhra Pradesh,E Godavari,IMD110-P311,1935,2.0,0.0,5.5,28.6,3.6,63.8,202.9,127.1,256.3,180.8,0.6,0.0,871.1,2.0,37.7,650.1,181.4,312,,EAST GODAVARI,
Andhra Pradesh,E Godavari,IMD110-P311,1936,10.5,154.4,8.2,30.3,129.5,207.4,228.3,232.8,182.0,288.7,114.7,2.9,1589.6,164.9,168.0,850.5,406.3,312,,EAST GODAVARI,
Andhra Pradesh,E Godavari,IMD110-P311,1937,0.0,65.4,6.0,96.0,23.9,74.3,172.4,170.1,142.1,236.5,1.7,0.8,989.0,65.4,125.8,558.8,238.9,312,,EAST GODAVARI,
Andhra Pradesh,E Godavari,IMD110-P311,1938,0.0,11.5,2.8,4.0,65.7,173.3,269.6,155.2,310.9,92.9,209.1,0.3,1295.4,11.5,72.6,909.0,302.4,312,,EAST GODAVARI,
Andhra Pradesh,E Godavari,IMD110-P311,1939,6.6,0.0,29.0,23.6,8.5,62.2,171.0,142.8,142.4,615.6,183.5,4.4,1389.8,6.6,61.1,518.5,803.5,312,,EAST GODAVARI,
Andhra Pradesh,E Godavari,IMD110-P311,1940,0.0,2.9,98.7,12.8,166.6,136.1,196.5,189.2,117.7,104.5,97.7,0.5,1123.3,2.9,278.2,639.5,202.7,312,,EAST GODAVARI,
Andhra Pradesh,E Godavari,IMD110-P311,1941,1.3,13.4,6.2,5.7,41.9,368.8,101.0,94.0,180.3,263.9,214.1,6.2,1296.8,14.7,53.8,744.1,484.1,312,,EAST GODAVARI,
Andhra Pradesh,E Godavari,IMD110-P311,1942,0.3,0.5,0.0,23.5,13.4,63.6,137.4,267.5,125.8,292.6,85.5,0.8,1011.0,0.8,36.9,594.4,378.9,312,,EAST GODAVARI,
Andhra Pradesh,E Godavari,IMD110-P311,1943,13.9,12.0,1.5,77.1,41.9,108.6,148.3,162.7,184.1,224.2,25.8,0.0,1000.1,25.9,120.5,603.7,250.0,312,,EAST GODAVARI,
Andhra Pradesh,E Godavari,IMD110-P311,1944,4.1,3.4,71.0,24.2,34.2,161.9,246.6,148.4,162.9,395.7,31.1,0.0,1283.6,7.6,129.4,719.8,426.8,312,,EAST GODAVARI,
Andhra Pradesh,E Godavari,IMD110-P311,1945,2.4,0.0,0.0,51.0,38.4,44.1,212.1,300.6,177.2,190.6,24.4,2.0,1042.9,2.4,89.5,734.0,217.1,312,,EAST GODAVARI,
Andhra Pradesh,E Godavari,IMD110-P311,1946,0.0,4.4,0.0,55.5,70.1,108.4,187.3,162.6,82.0,80.4,154.8,0.0,905.4,4.4,125.6,540.3,235.1,312,,EAST GODAVARI,
Andhra Pradesh,E Godavari,IMD110-P311,1947,5.0,8.1,0.0,13.8,18.8,29.9,248.8,203.0,216.8,198.4,86.9,85.3,1114.7,13.1,32.6,698.4,370.6,312,,EAST GODAVARI,
Andhra Pradesh,E Godavari,IMD110-P311,1948,1.1,14.8,3.3,7.3,17.1,78.4,216.3,124.5,246.6,127.0,272.9,2.8,1112.0,15.8,27.7,665.7,402.7,312,,EAST GODAVARI,
Andhra Pradesh,E Godavari,IMD110-P311,1949,0.0,0.2,0.0,36.1,58.4,92.9,349.9,140.5,294.4,291.4,15.6,0.0,1279.6,0.2,94.6,877.8,307.0,312,,EAST GODAVARI,
Andhra Pradesh,E Godavari,IMD110-P311,1950,0.0,27.4,20.5,2.6,34.1,80.5,289.2,148.1,308.3,201.9,106.0,0.0,1218.5,27.4,57.3,826.0,307.8,312,,EAST GODAVARI,
Andhra Pradesh,E Godavari,IMD110-P311,1951,0.9,0.0,4.0,33.1,52.2,161.7,387.8,216.3,218.9,131.8,69.2,3.0,1278.8,0.9,89.3,984.7,203.9,312,,EAST GODAVARI,
Andhra Pradesh,E Godavari,IMD110-P311,1952,0.0,13.8,5.7,6.8,78.8,123.9,114.5,100.2,91.3,317.5,0.0,33.2,885.8,13.8,91.3,429.9,350.8,312,,EAST GODAVARI,
Andhra Pradesh,E Godavari,IMD110-P311,1953,6.8,0.0,0.0,16.2,32.7,168.4,188.3,163.5,118.2,309.1,20.9,0.0,1024.2,6.8,49.0,638.3,330.1,312,,EAST GODAVARI,
Andhra Pradesh,E Godavari,IMD110-P311,1954,0.0,0.0,7.6,7.6,20.2,192.8,319.3,181.9,259.3,271.2,0.0,21.0,1281.0,0.0,35.4,953.3,292.3,312,,EAST GODAVARI,
Andhra Pradesh,E Godavari,IMD110-P311,1955,0.2,0.2,13.2,12.0,213.6,95.5,147.4,214.6,193.6,348.9,40.1,0.0,1279.5,0.4,238.9,651.1,389.1,312,,EAST GODAVARI,
Andhra Pradesh,E Godavari,IMD110-P311,1956,4.9,0.2,0.2,35.8,135.2,179.8,281.2,117.3,234.5,362.9,47.3,2.2,1401.7,5.2,171.2,812.9,412.4,312,,EAST GODAVARI,
Andhra Pradesh,E Godavari,IMD110-P311,1957,0.7,0.1,19.8,6.0,24.6,161.7,176.5,327.9,146.6,147.2,47.2,0.0,1058.3,0.8,50.4,812.7,194.4,312,,EAST GODAVARI,
Andhra Pradesh,E Godavari,IMD110-P311,1958,0.0,0.1,1.0,6.0,60.1,101.3,476.3,216.8,171.7,551.4,208.9,0.0,1793.4,0.1,67.0,966.0,760.3,312,,EAST GODAVARI,
Andhra Pradesh,E Godavari,IMD110-P311,1959,3.8,22.8,0.0,34.6,7.6,164.1,344.9,306.7,211.7,293.6,7.0,1.0,1397.7,26.6,42.2,1027.3,301.6,312,,EAST GODAVARI,
Andhra Pradesh,E Godavari,IMD110-P311,1960,0.1,0.5,55.2,0.8,8.5,168.4,278.5,86.0,291.9,111.1,16.0,10.7,1027.7,0.6,64.6,824.8,137.7,312,,EAST GODAVARI,
Andhra Pradesh,E Godavari,IMD110-P311,1961,8.3,23.3,0.0,3.3,20.2,146.5,259.7,114.6,256.2,364.5,61.4,2.1,1260.1,31.6,23.6,777.0,427.9,312,,EAST GODAVARI,
Andhra Pradesh,E Godavari,IMD110-P311,1962,1.1,11.7,0.0,38.7,38.5,94.9,299.3,254.1,234.2,420.6,19.9,18.4,1431.4,12.8,77.2,882.5,458.9,312,,EAST GODAVARI,
Andhra Pradesh,E Godavari,IMD110-P311,1963,0.0,0.0,7.8,35.4,22.1,127.8,181.9,167.9,112.3,328.1,0.2,0.0,983.5,0.0,65.3,589.9,328.3,312,,EAST GODAVARI,
Andhra Pradesh,E Godavari,IMD110-P311,1964,0.0,0.0,0.0,7.9,17.4,175.0,214.1,231.8,385.6,103.3,104.7,0.7,1240.6,0.0,25.3,1006.6,208.7,312,,EAST GODAVARI,
Andhra Pradesh,E Godavari,IMD110-P311,1965,2.9,1.7,8.9,29.3,32.7,63.8,196.5,168.5,177.8,76.5,40.3,0.0,799.0,4.6,70.9,606.6,116.8,312,,EAST GODAVARI,
Andhra Pradesh,E Godavari,IMD110-P311,1966,17.3,0.2,9.2,11.6,14.0,65.0,246.6,193.8,128.9,51.3,143.3,60.4,941.5,17.4,34.8,634.3,255.0,312,,EAST GODAVARI,
Andhra Pradesh,E Godavari,IMD110-P311,1967,12.5,0.3,77.5,28.5,6.1,122.1,309.5,152.3,118.3,30.2,6.9,53.3,917.4,12.8,112.1,702.2,90.4,312,,EAST GODAVARI,
Andhra Pradesh,E Godavari,IMD110-P311,1968,4.1,5.0,2.2,58.2,11.7,28.5,155.0,55.0,129.0,192.1,51.6,6.6,698.9,9.0,72.1,367.5,250.3,313,,EAST GODAVARI,
Andhra Pradesh,E Godavari,IMD110-P311,1969,0.0,0.0,1.0,1.5,243.2,177.7,141.3,90.8,104.1,230.5,205.0,95.5,1290.7,0.0,245.7,513.9,531.1,313,,EAST GODAVARI,
Andhra Pradesh,E Godavari,IMD110-P311,1970,0.4,10.2,30.1,12.1,55.6,164.5,269.3,246.1,157.8,229.2,0.1,0.0,1175.4,10.6,97.8,837.7,229.3,313,,EAST GODAVARI,
Andhra Pradesh,E Godavari,IMD110-P311,1971,0.0,48.3,4.4,156.1,47.1,97.8,103.2,201.8,210.3,158.3,2.0,0.0,1029.5,48.3,207.6,613.2,160.3,313,,EAST GODAVARI,
Andhra Pradesh,E Godavari,IMD110-P311,1972,0.0,11.2,0.0,21.7,18.8,191.7,150.1,72.4,152.9,455.6,59.1,11.5,1145.1,11.2,40.5,567.2,526.2,313,,EAST GODAVARI,
Andhra Pradesh,E Godavari,IMD110-P311,1973,0.0,1.4,8.2,0.0,42.7,55.5,188.4,203.8,145.5,287.4,37.5,0.0,970.4,1.4,50.8,593.2,325.0,313,,EAST GODAVARI,
Andhra Pradesh,E Godavari,IMD110-P311,1974,0.0,2.9,2.3,9.1,20.0,124.2,141.2,201.6,190.5,330.6,53.0,0.0,1075.5,2.9,31.4,657.5,383.7,313,,EAST GODAVARI,
Andhra Pradesh,E Godavari,IMD110-P311,1975,0.0,2.3,0.1,2.2,26.0,195.3,154.7,248.2,258.6,317.3,78.7,0.0,1283.5,2.3,28.3,856.9,396.0,313,,EAST GODAVARI,
Andhra Pradesh,E Godavari,IMD110-P311,1976,0.0,0.8,1.2,9.7,18.2,49.0,273.2,222.5,107.0,145.3,476.9,0.5,1304.2,0.8,29.1,651.7,622.6,313,,EAST GODAVARI,
Andhra Pradesh,E Godavari,IMD110-P311,1977,3.2,0.0,1.7,30.9,91.5,137.5,185.1,156.2,104.3,125.2,338.8,5.9,1180.2,3.2,124.1,583.0,469.9,313,,EAST GODAVARI,
Andhra Pradesh,E Godavari,IMD110-P311,1978,0.7,6.6,6.6,16.2,4.7,196.4,161.0,275.5,147.5,65.8,57.2,10.5,948.8,7.2,27.6,780.5,133.5,313,,EAST GODAVARI,
Andhra Pradesh,E Godavari,IMD110-P311,1979,0.2,35.3,0.0,6.2,148.1,81.3,112.7,80.8,257.7,53.0,232.9,35.6,1043.7,35.5,154.2,532.6,321.5,313,,EAST GODAVARI,
Andhra Pradesh,E Godavari,IMD110-P311,1980,0.1,0.0,2.6,3.6,22.0,310.2,151.3,260.0,81.6,227.5,96.8,12.7,1168.3,0.1,28.2,803.0,336.9,313,,EAST GODAVARI,
Andhra Pradesh,E Godavari,IMD110-P311,1981,25.4,0.2,6.8,7.4,50.7,105.1,261.1,129.5,267.1,98.5,18.4,3.8,973.8,25.6,64.9,762.7,120.6,313,,EAST GODAVARI,
Andhra Pradesh,E Godavari,IMD110-P311,1982,1.2,0.2,0.6,15.4,41.3,80.8,122.8,224.1,140.1,159.1,52.8,0.2,838.6,1.4,57.4,567.8,212.1,313,,EAST GODAVARI,
Andhra Pradesh,E Godavari,IMD110-P311,1983,0.0,17.7,0.2,0.0,59.7,180.0,173.3,393.7,337.9,239.5,7.4,19.5,1428.9,17.7,59.9,1085.0,266.3,313,,EAST GODAVARI,
Andhra Pradesh,E Godavari,IMD110-P311,1984,2.6,10.3,2.9,17.6,40.2,105.7,192.1,65.3,145.9,134.5,51.3,1.5,769.9,13.0,60.7,509.0,187.2,313,,EAST GODAVARI,
Andhra Pradesh,E Godavari,IMD110-P311,1985,37.3,1.2,2.1,6.1,23.0,105.6,250.5,205.8,110.0,301.7,28.2,24.6,1096.2,38.5,31.2,671.9,354.5,313,,EAST GODAVARI,
Andhra Pradesh,E Godavari,IMD110-P311,1986,38.2,18.3,3.4,28.7,51.4,107.5,88.9,417.1,98.2,142.8,113.3,4.8,1112.6,56.5,83.5,711.7,260.8,313,,EAST GODAVARI,
Andhra Pradesh,E Godavari,IMD110-P311,1987,17.5,0.1,17.9,14.6,41.5,54.9,128.1,189.6,127.8,297.2,186.9,25.8,1101.9,17.6,74.0,500.4,509.9,313,,EAST GODAVARI,
Andhra Pradesh,E Godavari,IMD110-P311,1988,0.0,4.3,0.4,56.2,56.7,29.9,424.7,245.8,256.8,61.9,11.4,4.1,1152.2,4.3,113.4,957.2,77.4,313,,EAST GODAVARI,
Andhra Pradesh,E Godavari,IMD110-P311,1989,0.1,0.0,42.8,2.8,14.7,161.2,378.6,334.1,151.9,50.7,3.2,1.8,1141.8,0.1,60.3,1025.7,55.7,313,,EAST GODAVARI,
Andhra Pradesh,E Godavari,IMD110-P311,1990,20.6,104.4,77.4,19.0,588.2,108.4,120.9,221.1,132.1,240.9,36.3,5.6,1674.8,124.9,684.6,582.5,282.7,313,,EAST GODAVARI,
Andhra Pradesh,E Godavari,IMD110-P311,1991,20.0,11.2,0.0,20.1,21.7,251.3,143.4,152.6,229.5,188.3,188.8,15.1,1242.0,31.2,41.8,776.8,392.2,313,,EAST GODAVARI,
Andhra Pradesh,E Godavari,IMD110-P311,1992,23.2,7.1,0.0,6.0,33.0,76.7,232.2,211.8,124.4,159.3,178.5,,,30.3,39.0,645.1,,313,missing_months,EAST GODAVARI,
Andhra Pradesh,E Godavari,IMD110-P311,1993,8.4,5.5,20.1,19.2,34.4,47.6,188.3,149.1,185.8,241.7,19.6,25.3,944.9,13.9,73.7,570.7,286.5,313,,EAST GODAVARI,
Andhra Pradesh,E Godavari,IMD110-P311,1994,3.3,9.9,3.0,19.9,38.1,73.2,308.1,172.2,109.1,334.9,229.0,0.0,1300.8,13.2,61.0,662.6,563.9,313,,EAST GODAVARI,
Andhra Pradesh,E Godavari,IMD110-P311,1995,24.5,3.4,1.8,11.1,306.7,120.3,250.5,176.9,141.5,385.9,29.8,5.2,1457.6,27.9,319.5,689.3,420.9,313,,EAST GODAVARI,
Andhra Pradesh,E Godavari,IMD110-P311,1996,2.7,4.9,0.1,13.4,21.9,326.3,265.6,164.0,201.6,296.4,154.1,21.2,1472.3,7.6,35.5,957.5,471.7,313,,EAST GODAVARI,
Andhra Pradesh,E Godavari,IMD110-P311,1997,15.9,1.1,14.4,56.0,15.3,69.2,178.1,73.9,375.5,91.7,48.6,61.4,1001.1,17.0,85.8,696.6,201.7,313,,EAST GODAVARI,
Andhra Pradesh,E Godavari,IMD110-P311,1998,15.8,28.7,22.8,40.3,38.4,129.8,202.5,358.4,388.5,226.3,165.3,0.0,1616.6,44.5,101.4,1079.2,391.5,313,,EAST GODAVARI,
Andhra Pradesh,E Godavari,IMD110-P311,1999,0.0,1.5,0.0,18.9,76.7,74.5,221.6,129.5,138.1,231.9,56.2,0.0,948.9,1.5,95.6,563.6,288.1,313,,EAST GODAVARI,
Andhra Pradesh,E Godavari,IMD110-P311,2000,0.2,45.4,0.0,17.4,47.7,213.0,165.7,314.4,116.9,98.5,11.3,7.7,1038.3,45.7,65.2,809.9,117.5,313,,EAST GODAVARI,
Andhra Pradesh,E Godavari,IMD110-P311,2001,3.0,6.1,18.8,39.7,62.5,161.2,109.6,111.8,208.8,242.8,84.7,5.7,1054.8,9.2,121.0,591.4,333.3,313,,EAST GODAVARI,
Andhra Pradesh,E Godavari,IMD110-P311,2002,27.3,0.0,12.3,21.8,27.1,86.7,29.1,211.3,78.9,216.6,18.8,0.0,729.8,27.3,61.1,405.9,235.4,314,,EAST GODAVARI,
Andhra Pradesh,E Godavari,IMD110-P311,2003,8.6,25.5,49.4,17.0,4.9,139.1,272.1,119.5,118.8,250.0,7.4,86.3,1098.6,34.1,71.3,649.5,343.6,314,,EAST GODAVARI,
Andhra Pradesh,E Godavari,IMD110-P311,2004,11.3,7.3,6.2,30.2,66.9,129.8,155.0,215.9,94.0,171.1,0.5,0.6,888.8,18.6,103.2,594.7,172.2,314,,EAST GODAVARI,
Andhra Pradesh,E Godavari,IMD110-P311,2005,16.8,7.3,15.0,49.4,34.2,112.4,162.1,109.9,502.4,330.0,30.7,3.8,1373.9,24.1,98.5,886.8,364.5,314,,EAST GODAVARI,
Andhra Pradesh,E Godavari,IMD110-P311,2006,0.0,0.0,5.9,51.6,58.1,122.8,101.2,308.0,238.7,277.8,42.2,0.0,1206.3,0.0,115.6,770.7,320.0,314,,EAST GODAVARI,
Andhra Pradesh,E Godavari,IMD110-P311,2007,0.0,14.8,0.1,0.4,1.4,234.8,194.9,207.3,327.4,210.6,12.8,0.9,1205.4,14.8,1.9,964.4,224.3,314,,EAST GODAVARI,
Andhra Pradesh,E Godavari,IMD110-P311,2008,0.0,59.2,109.9,11.3,42.8,180.6,206.6,289.1,119.2,83.3,83.6,1.7,1187.4,59.2,164.0,795.4,168.7,314,,EAST GODAVARI,
Andhra Pradesh,E Godavari,IMD110-P311,2009,0.0,0.0,2.4,2.1,51.8,36.8,178.0,129.7,147.9,85.0,83.0,0.6,717.3,0.0,56.3,492.3,168.6,314,,EAST GODAVARI,
Andhra Pradesh,E Godavari,IMD110-P311,2010,9.0,0.0,2.0,18.1,177.4,169.8,351.5,282.9,205.9,254.2,323.3,153.3,1947.3,9.0,197.4,1010.1,730.8,314,,EAST GODAVARI,
Andhra Pradesh,Guntur,IMD110-P315,1901,17.5,115.9,0.0,11.3,38.3,72.0,137.9,96.3,74.8,103.6,66.3,5.3,739.2,133.5,49.6,381.0,175.2,315,,GUNTUR,
Andhra Pradesh,Guntur,IMD110-P315,1902,0.0,0.0,7.9,16.6,23.6,88.2,102.2,192.4,176.5,327.4,54.8,43.9,1033.6,0.0,48.1,559.3,426.1,315,,GUNTUR,
Andhra Pradesh,Guntur,IMD110-P315,1903,0.8,0.4,0.0,11.1,82.6,123.2,168.7,350.0,190.2,144.2,255.2,11.5,1337.8,1.2,93.8,832.0,410.8,315,,GUNTUR,
Andhra Pradesh,Guntur,IMD110-P315,1904,5.5,0.0,0.5,7.0,119.0,66.7,45.7,63.4,105.4,114.6,0.0,3.7,531.6,5.5,126.6,281.2,118.3,315,,GUNTUR,
Andhra Pradesh,Guntur,IMD110-P315,1905,0.0,12.8,42.1,3.3,37.4,89.9,24.9,229.7,62.2,121.0,4.2,0.0,627.4,12.8,82.8,406.7,125.2,315,,GUNTUR,
Andhra Pradesh,Guntur,IMD110-P315,1906,11.9,1.7,7.2,0.0,1.0,179.8,120.0,177.4,76.5,71.1,17.9,190.5,854.9,13.6,8.2,553.7,279.5,315,,GUNTUR,
Andhra Pradesh,Guntur,IMD110-P315,1907,1.8,0.1,35.0,38.7,4.5,104.6,138.9,62.3,84.8,21.7,53.4,45.0,590.7,2.0,78.1,390.6,120.1,315,,GUNTUR,
Andhra Pradesh,Guntur,IMD110-P315,1908,55.1,0.6,0.0,3.2,29.4,46.8,95.0,112.1,230.5,74.6,0.1,0.0,647.4,55.6,32.6,484.4,74.7,315,,GUNTUR,
Andhra Pradesh,Guntur,IMD110-P315,1909,3.5,0.0,0.0,63.8,31.9,93.7,143.7,212.7,121.5,13.1,2.6,0.3,686.8,3.5,95.7,571.5,16.0,315,,GUNTUR,
Andhra Pradesh,Guntur,IMD110-P315,1910,0.0,0.0,0.0,24.2,13.1,157.0,152.7,99.1,205.5,304.0,66.7,0.0,1022.4,0.0,37.4,614.4,370.7,315,,GUNTUR,
Andhra Pradesh,Guntur,IMD110-P315,1911,0.0,0.0,2.1,11.4,23.9,75.7,162.5,39.7,107.4,143.0,142.3,14.9,722.9,0.0,37.4,385.3,300.3,315,,GUNTUR,
Andhra Pradesh,Guntur,IMD110-P315,1912,0.0,1.1,2.8,0.0,34.1,40.1,173.4,160.4,105.8,110.0,86.9,0.0,714.5,1.1,36.8,479.7,197.0,315,,GUNTUR,
Andhra Pradesh,Guntur,IMD110-P315,1913,0.0,1.3,0.0,0.0,71.1,51.7,133.0,111.6,151.6,145.6,0.4,4.3,670.7,1.3,71.1,448.0,150.3,315,,GUNTUR,
Andhra Pradesh,Guntur,IMD110-P315,1914,0.0,0.0,1.6,45.9,31.0,58.6,130.8,121.4,167.6,27.1,31.8,0.0,615.9,0.0,78.5,478.5,58.9,315,,GUNTUR,
Andhra Pradesh,Guntur,IMD110-P315,1915,52.9,20.4,95.2,16.0,29.7,167.8,115.4,243.4,123.3,178.6,188.1,0.0,1230.7,73.3,140.8,649.8,366.7,315,,GUNTUR,
Andhra Pradesh,Guntur,IMD110-P315,1916,0.0,0.0,0.0,13.4,21.7,129.9,289.1,168.2,136.9,345.1,178.2,0.3,1283.0,0.0,35.2,724.2,523.6,315,,GUNTUR,
Andhra Pradesh,Guntur,IMD110-P315,1917,4.6,15.9,7.8,8.8,85.5,192.7,86.3,178.5,190.9,155.9,189.4,1.7,1118.0,20.4,102.1,648.4,347.1,315,,GUNTUR,
Andhra Pradesh,Guntur,IMD110-P315,1918,36.6,8.4,5.8,4.4,91.0,49.8,111.6,96.4,164.5,12.5,170.9,17.0,769.0,45.1,101.3,422.3,200.4,315,,GUNTUR,
Andhra Pradesh,Guntur,IMD110-P315,1919,15.1,0.0,7.7,18.3,65.6,63.1,93.3,35.9,130.8,116.1,143.6,32.9,722.3,15.1,91.6,323.0,292.6,315,,GUNTUR,
Andhra Pradesh,Guntur,IMD110-P315,1920,16.1,0.2,1.5,42.0,61.7,71.1,56.2,100.0,134.3,136.1,15.7,0.0,634.9,16.3,105.2,361.6,151.8,315,,GUNTUR,
Andhra Pradesh,Guntur,IMD110-P315,1921,26.6,0.0,0.0,20.8,1.2,84.0,193.1,114.7,187.8,135.9,66.1,0.0,830.1,26.6,21.9,579.5,202.1,315,,GUNTUR,
Andhra Pradesh,Guntur,IMD110-P315,1922,13.6,0.0,0.0,1.3,24.8,104.2,143.0,119.2,54.4,80.3,235.6,0.0,776.4,13.6,26.0,420.7,316.0,315,,GUNTUR,
Andhra Pradesh,Guntur,IMD110-P315,1923,0.4,51.2,17.0,19.1,17.1,28.3,72.7,22.0,276.0,156.8,52.3,0.3,713.1,51.7,53.3,398.9,209.3,315,,GUNTUR,
Andhra Pradesh,Guntur,IMD110-P315,1924,0.4,0.0,1.3,5.7,65.0,55.4,79.9,119.7,223.8,76.9,163.1,0.0,791.1,0.4,71.9,478.8,240.0,315,,GUNTUR,
Andhra Pradesh,Guntur,IMD110-P315,1925,0.5,0.0,1.3,47.0,132.8,103.4,122.6,203.3,79.7,174.0,94.8,28.2,987.6,0.5,181.1,508.9,297.0,315,,GUNTUR,
Andhra Pradesh,Guntur,IMD110-P315,1926,5.4,0.9,51.3,36.5,17.4,36.4,125.8,116.6,140.0,48.8,0.6,0.0,579.8,6.3,105.2,418.8,49.4,315,,GUNTUR,
Andhra Pradesh,Guntur,IMD110-P315,1927,11.7,0.0,0.0,1.9,25.2,112.0,122.4,155.5,135.6,63.8,287.3,0.0,915.3,11.7,27.1,525.5,351.1,315,,GUNTUR,
Andhra Pradesh,Guntur,IMD110-P315,1928,0.0,3.5,0.0,25.1,27.1,79.6,126.1,145.7,187.1,226.8,2.2,2.4,825.5,3.5,52.2,538.5,231.3,315,,GUNTUR,
Andhra Pradesh,Guntur,IMD110-P315,1929,0.8,29.3,0.0,4.8,24.4,97.0,43.6,110.5,134.7,99.9,9.8,22.5,577.3,30.0,29.2,385.8,132.2,315,,GUNTUR,
Andhra Pradesh,Guntur,IMD110-P315,1930,0.0,13.6,2.1,3.2,97.3,136.4,80.9,69.2,114.9,269.9,138.1,13.4,939.1,13.6,102.6,401.5,421.4,315,,GUNTUR,
Andhra Pradesh,Guntur,IMD110-P315,1931,2.6,0.0,0.0,5.4,41.7,167.7,152.8,64.9,198.2,202.5,181.6,0.0,1017.4,2.6,47.1,583.5,384.1,315,,GUNTUR,
Andhra Pradesh,Guntur,IMD110-P315,1932,0.0,50.3,0.0,23.6,77.7,55.8,170.7,102.7,134.5,121.0,138.0,0.0,874.3,50.3,101.4,463.7,259.0,315,,GUNTUR,
Andhra Pradesh,Guntur,IMD110-P315,1933,0.8,0.0,7.2,11.5,62.5,95.0,165.9,116.9,73.3,176.1,111.7,23.5,844.4,0.8,81.2,451.1,311.3,315,,GUNTUR,
Andhra Pradesh,Guntur,IMD110-P315,1934,0.0,0.0,0.0,22.4,8.1,62.5,222.4,80.7,115.5,150.4,74.6,0.2,736.8,0.0,30.4,481.1,225.2,316,,GUNTUR,
Andhra Pradesh,Guntur,IMD110-P315,1935,3.0,0.0,0.0,8.1,13.7,80.3,110.2,103.2,160.5,120.1,1.3,0.0,600.4,3.0,21.8,454.3,121.4,316,,GUNTUR,
Andhra Pradesh,Guntur,IMD110-P315,1936,1.1,119.7,0.0,9.3,104.7,65.7,167.5,129.3,73.1,203.5,152.0,7.2,1033.1,120.8,114.0,435.6,362.7,316,,GUNTUR,
Andhra Pradesh,Guntur,IMD110-P315,1937,0.0,49.7,1.3,83.3,10.5,52.7,170.2,115.3,91.4,175.6,30.5,0.1,780.6,49.7,95.1,429.6,206.2,316,,GUNTUR,
Andhra Pradesh,Guntur,IMD110-P315,1938,0.4,25.9,0.2,0.9,70.8,141.7,107.1,208.7,261.3,30.4,37.0,1.4,885.8,26.3,71.9,718.8,68.8,316,,GUNTUR,
Andhra Pradesh,Guntur,IMD110-P315,1939,0.9,0.0,15.8,22.1,3.0,68.3,121.4,106.4,176.3,470.5,73.1,2.5,1060.5,0.9,40.9,472.5,546.2,316,,GUNTUR,
Andhra Pradesh,Guntur,IMD110-P315,1940,0.9,1.5,33.4,3.6,71.5,73.4,121.0,144.9,120.6,151.1,175.4,27.3,924.6,2.4,108.5,459.8,353.9,316,,GUNTUR,
Andhra Pradesh,Guntur,IMD110-P315,1941,5.0,4.6,0.0,4.2,20.1,92.0,74.6,84.5,213.1,203.4,52.4,26.6,780.5,9.5,24.2,464.2,282.5,316,,GUNTUR,
Andhra Pradesh,Guntur,IMD110-P315,1942,0.1,2.9,0.0,14.0,15.5,55.9,81.1,154.8,109.6,54.5,28.8,8.0,525.2,3.0,29.5,401.4,91.3,316,,GUNTUR,
Andhra Pradesh,Guntur,IMD110-P315,1943,3.3,0.4,0.4,49.2,67.2,117.2,127.5,64.8,193.2,208.0,9.8,1.1,842.1,3.7,116.8,502.7,218.9,316,,GUNTUR,
Andhra Pradesh,Guntur,IMD110-P315,1944,1.9,4.4,114.6,5.1,10.4,94.8,153.9,150.9,125.1,326.7,26.3,0.0,1014.2,6.3,130.2,524.7,353.1,316,,GUNTUR,
Andhra Pradesh,Guntur,IMD110-P315,1945,0.0,0.2,0.0,36.0,36.6,43.0,151.2,173.9,145.3,173.9,28.8,4.7,793.6,0.2,72.5,513.4,207.4,316,,GUNTUR,
Andhra Pradesh,Guntur,IMD110-P315,1946,0.0,2.0,0.0,26.3,47.8,86.1,161.5,111.2,105.8,75.5,312.0,9.4,937.6,2.0,74.1,464.6,396.9,316,,GUNTUR,
Andhra Pradesh,Guntur,IMD110-P315,1947,1.4,3.0,0.0,0.7,13.3,88.1,139.0,197.3,128.7,94.0,28.3,116.6,810.4,4.4,14.0,553.2,238.9,316,,GUNTUR,
Andhra Pradesh,Guntur,IMD110-P315,1948,2.7,27.9,2.9,29.1,52.9,41.2,158.3,74.4,135.0,87.4,176.8,2.5,791.1,30.6,84.9,408.8,266.8,316,,GUNTUR,
Andhra Pradesh,Guntur,IMD110-P315,1949,0.0,0.0,0.0,13.7,65.8,104.8,207.7,165.8,191.9,183.1,58.6,0.0,991.6,0.0,79.5,670.3,241.7,316,,GUNTUR,
Andhra Pradesh,Guntur,IMD110-P315,1950,0.0,10.3,32.8,1.0,46.5,65.4,149.5,97.4,179.5,86.0,66.2,0.0,734.5,10.3,80.3,491.6,152.2,316,,GUNTUR,
Andhra Pradesh,Guntur,IMD110-P315,1951,0.2,0.0,11.2,28.1,20.0,120.5,180.3,122.0,35.6,25.0,8.5,3.8,555.0,0.2,59.3,458.3,37.2,316,,GUNTUR,
Andhra Pradesh,Guntur,IMD110-P315,1952,0.0,12.3,0.4,3.4,161.6,24.3,79.2,91.3,86.0,166.2,0.0,84.1,708.8,12.3,165.3,280.9,250.3,316,,GUNTUR,
Andhra Pradesh,Guntur,IMD110-P315,1953,1.0,0.0,0.0,12.4,17.7,79.3,104.2,165.1,158.0,223.9,1.5,1.4,764.3,1.0,30.1,506.6,226.7,316,,GUNTUR,
Andhra Pradesh,Guntur,IMD110-P315,1954,0.0,0.0,10.6,1.0,21.0,71.2,234.9,218.6,323.5,216.1,0.0,9.5,1106.3,0.0,32.7,848.1,225.5,316,,GUNTUR,
Andhra Pradesh,Guntur,IMD110-P315,1955,0.0,0.0,4.1,1.1,81.4,94.5,111.2,237.5,97.8,240.5,148.6,1.4,1018.0,0.0,86.6,541.0,390.4,316,,GUNTUR,
Andhra Pradesh,Guntur,IMD110-P315,1956,0.0,5.2,0.0,27.0,63.2,190.9,199.9,154.1,148.5,290.3,143.6,9.5,1232.3,5.2,90.2,693.4,443.5,316,,GUNTUR,
Andhra Pradesh,Guntur,IMD110-P315,1957,0.8,0.0,5.7,12.0,23.8,128.9,100.4,255.1,110.5,97.2,31.2,0.0,765.7,0.8,41.5,595.0,128.4,316,,GUNTUR,
Andhra Pradesh,Guntur,IMD110-P315,1958,1.3,0.5,1.3,8.7,20.1,75.3,245.3,195.0,198.0,250.9,109.8,0.5,1106.6,1.8,30.1,713.6,361.1,316,,GUNTUR,
Andhra Pradesh,Guntur,IMD110-P315,1959,0.0,11.4,0.0,7.0,12.0,113.0,156.8,154.0,79.3,144.3,2.9,6.5,687.3,11.4,19.1,503.1,153.7,316,,GUNTUR,
Andhra Pradesh,Guntur,IMD110-P315,1960,5.9,0.2,15.5,0.0,12.9,134.2,139.3,48.2,297.1,85.3,61.7,8.3,808.6,6.1,28.4,618.8,155.3,316,,GUNTUR,
Andhra Pradesh,Guntur,IMD110-P315,1961,3.5,4.6,0.0,0.3,21.6,151.0,123.3,222.0,155.2,207.6,75.8,0.9,965.7,8.1,21.9,651.4,284.4,316,,GUNTUR,
Andhra Pradesh,Guntur,IMD110-P315,1962,0.4,8.6,2.3,23.5,55.0,87.9,125.5,167.8,320.2,226.9,54.5,24.0,1096.6,9.0,80.8,701.4,305.4,316,,GUNTUR,
Andhra Pradesh,Guntur,IMD110-P315,1963,0.0,0.0,10.3,53.3,11.3,106.2,140.9,190.4,65.1,323.8,0.1,0.0,901.4,0.0,75.0,502.6,323.9,316,,GUNTUR,
Andhra Pradesh,Guntur,IMD110-P315,1964,0.0,0.0,0.0,0.0,20.8,104.3,150.5,158.5,419.0,41.4,63.2,1.6,959.4,0.0,20.8,832.4,106.2,316,,GUNTUR,
Andhra Pradesh,Guntur,IMD110-P315,1965,0.0,0.0,8.0,25.5,24.1,66.7,123.7,162.2,128.8,15.6,9.8,11.3,575.6,0.0,57.5,481.5,36.6,316,,GUNTUR,
Andhra Pradesh,Guntur,IMD110-P315,1966,17.8,0.0,0.0,0.8,24.0,55.4,292.3,114.6,114.0,40.8,175.6,11.6,847.0,17.8,24.9,576.3,228.0,316,,GUNTUR,
Andhra Pradesh,Guntur,IMD110-P315,1967,0.0,0.1,52.1,7.0,15.9,77.3,174.4,76.2,94.0,35.9,10.5,90.3,633.7,0.1,75.0,421.9,136.7,316,,GUNTUR,
Andhra Pradesh,Guntur,IMD110-P315,1968,1.9,1.1,5.2,30.6,20.8,41.4,122.3,33.2,141.8,90.5,139.9,3.0,631.8,3.0,56.7,338.7,233.4,317,,GUNTUR,
Andhra Pradesh,Guntur,IMD110-P315,1969,0.9,0.0,1.1,0.1,305.4,41.8,203.3,101.4,104.5,317.1,174.5,99.1,1349.2,0.9,306.6,451.0,590.7,317,,GUNTUR,
Andhra Pradesh,Guntur,IMD110-P315,1970,2.8,11.8,14.4,4.3,85.6,118.6,111.3,239.8,131.0,236.5,1.5,0.0,957.7,14.6,104.3,600.7,238.1,317,,GUNTUR,
Andhra Pradesh,Guntur,IMD110-P315,1971,1.2,9.8,26.8,76.4,87.0,91.0,70.0,109.3,193.6,157.4,2.6,0.0,825.1,11.0,190.2,464.0,159.9,317,,GUNTUR,
Andhra Pradesh,Guntur,IMD110-P315,1972,0.0,22.1,0.0,2.2,23.6,93.1,82.5,50.7,67.8,257.7,105.6,38.4,743.9,22.1,25.9,294.1,401.8,317,,GUNTUR,
Andhra Pradesh,Guntur,IMD110-P315,1973,0.0,0.0,5.2,0.0,8.5,72.7,67.5,248.5,110.2,258.4,34.9,1.5,807.5,0.0,13.7,498.9,294.8,317,,GUNTUR,
Andhra Pradesh,Guntur,IMD110-P315,1974,0.0,0.0,0.0,2.1,20.9,111.6,88.6,87.4,216.4,183.0,39.2,0.0,749.1,0.0,23.0,504.0,222.1,317,,GUNTUR,
Andhra Pradesh,Guntur,IMD110-P315,1975,1.1,5.5,0.9,0.0,11.1,129.7,199.4,120.9,240.9,188.6,37.2,1.0,936.3,6.6,12.0,691.0,226.7,317,,GUNTUR,
Andhra Pradesh,Guntur,IMD110-P315,1976,0.0,0.0,0.0,8.9,27.5,34.6,202.7,244.8,60.2,87.8,326.1,3.2,995.9,0.0,36.4,542.4,417.1,317,,GUNTUR,
Andhra Pradesh,Guntur,IMD110-P315,1977,0.0,0.0,0.0,50.1,56.7,81.3,116.6,158.1,56.3,150.3,229.9,0.4,899.7,0.0,106.7,412.3,380.7,317,,GUNTUR,
Andhra Pradesh,Guntur,IMD110-P315,1978,6.6,16.0,7.5,2.8,4.6,127.6,189.0,314.7,251.6,76.0,92.5,10.3,1099.2,22.7,14.8,882.9,178.8,317,,GUNTUR,
Andhra Pradesh,Guntur,IMD110-P315,1979,1.2,23.9,0.0,17.2,57.8,43.5,67.3,74.4,173.7,32.5,184.8,3.3,679.6,25.2,74.9,358.8,220.7,317,,GUNTUR,
Andhra Pradesh,Guntur,IMD110-P315,1980,0.1,0.0,0.2,0.4,14.9,179.2,220.2,151.0,46.9,152.0,69.7,3.1,837.7,0.1,15.6,597.3,224.8,317,,GUNTUR,
Andhra Pradesh,Guntur,IMD110-P315,1981,5.8,0.0,22.6,13.9,16.6,74.7,154.8,124.6,236.6,157.5,12.5,0.8,820.3,5.8,53.1,590.8,170.7,317,,GUNTUR,
Andhra Pradesh,Guntur,IMD110-P315,1982,1.4,0.0,0.1,6.1,20.1,83.3,124.5,71.1,146.7,205.6,118.5,0.1,777.5,1.4,26.3,425.6,324.1,317,,GUNTUR,
Andhra Pradesh,Guntur,IMD110-P315,1983,0.0,5.1,0.8,10.6,23.9,86.0,213.6,214.9,293.8,138.8,11.0,8.5,1007.1,5.1,35.3,808.3,158.4,317,,GUNTUR,
Andhra Pradesh,Guntur,IMD110-P315,1984,2.6,7.7,2.0,2.6,1.2,30.8,194.4,70.2,132.7,124.6,17.5,4.4,590.6,10.2,5.8,428.1,146.5,317,,GUNTUR,
Andhra Pradesh,Guntur,IMD110-P315,1985,52.7,0.0,0.1,1.0,10.3,114.8,154.0,182.2,54.6,191.1,25.3,94.0,880.0,52.7,11.4,505.7,310.3,317,,GUNTUR,
Andhra Pradesh,Guntur,IMD110-P315,1986,40.8,32.2,0.0,8.5,27.1,83.5,129.2,224.4,72.8,70.5,102.9,2.5,794.3,73.0,35.6,509.9,175.8,317,,GUNTUR,
Andhra Pradesh,Guntur,IMD110-P315,1987,2.6,0.0,20.4,4.0,8.3,67.0,83.4,160.4,59.4,187.1,275.7,25.5,893.8,2.6,32.7,370.2,488.4,317,,GUNTUR,
Andhra Pradesh,Guntur,IMD110-P315,1988,0.0,0.0,3.4,12.8,31.6,67.1,258.3,316.3,205.8,36.4,2.6,78.8,1013.1,0.0,47.8,847.5,117.8,317,,GUNTUR,
Andhra Pradesh,Guntur,IMD110-P315,1989,0.0,0.0,50.6,0.3,17.8,80.8,372.1,122.9,179.9,48.2,57.3,2.9,932.7,0.0,68.7,755.7,108.3,317,,GUNTUR,
Andhra Pradesh,Guntur,IMD110-P315,1990,14.6,60.0,24.2,4.4,386.4,116.0,73.2,161.5,165.0,220.9,78.6,1.8,1306.5,74.5,415.0,515.8,301.2,317,,GUNTUR,
Andhra Pradesh,Guntur,IMD110-P315,1991,17.4,1.9,5.0,13.8,30.6,188.0,104.7,147.2,270.0,88.0,186.7,14.6,1067.9,19.3,49.4,709.9,289.3,317,,GUNTUR,
Andhra Pradesh,Guntur,IMD110-P315,1992,6.5,0.0,0.0,4.0,22.2,49.6,105.2,141.8,145.8,87.4,126.0,0.0,688.4,6.5,26.2,442.3,213.4,317,,GUNTUR,
Andhra Pradesh,Guntur,IMD110-P315,1993,0.0,14.5,23.8,16.8,117.7,61.9,134.3,83.4,122.3,217.0,21.0,44.1,856.8,14.5,158.4,401.9,282.1,317,,GUNTUR,
Andhra Pradesh,Guntur,IMD110-P315,1994,4.4,33.0,0.0,14.4,31.5,64.0,159.0,121.6,51.7,255.1,303.3,8.0,1045.9,37.4,45.9,396.3,566.3,317,,GUNTUR,
Andhra Pradesh,Guntur,IMD110-P315,1995,43.5,0.7,10.8,2.2,123.3,72.2,187.3,216.2,83.8,239.2,26.5,5.0,1010.6,44.2,136.3,559.5,270.7,317,,GUNTUR,
Andhra Pradesh,Guntur,IMD110-P315,1996,0.0,3.8,0.0,17.3,20.7,145.2,132.7,281.1,137.9,214.2,38.8,8.4,1000.2,3.8,38.0,697.0,261.4,317,,GUNTUR,
Andhra Pradesh,Guntur,IMD110-P315,1997,21.9,0.3,4.3,76.4,13.3,32.1,101.9,81.6,354.1,86.9,74.4,37.9,885.1,22.2,94.0,569.7,199.2,317,,GUNTUR,
Andhra Pradesh,Guntur,IMD110-P315,1998,9.0,16.6,10.1,33.2,15.7,87.3,165.2,168.6,223.4,173.3,74.4,0.0,976.9,25.6,59.0,644.6,247.7,317,,GUNTUR,
Andhra Pradesh,Guntur,IMD110-P315,1999,0.0,7.3,0.0,0.0,44.8,67.6,165.1,127.3,111.9,110.8,1.9,0.0,636.6,7.3,44.8,471.8,112.7,317,,GUNTUR,
Andhra Pradesh,Guntur,IMD110-P315,2000,0.0,46.2,0.0,17.2,56.8,200.4,137.7,365.1,59.6,45.7,18.9,18.6,966.3,46.3,74.0,762.7,83.2,317,,GUNTUR,
Andhra Pradesh,Guntur,IMD110-P315,2001,0.1,0.0,0.9,49.4,7.7,85.7,112.4,206.8,189.5,178.4,32.4,3.1,866.3,0.1,57.9,594.4,213.9,317,,GUNTUR,
Andhra Pradesh,Guntur,IMD110-P315,2002,33.6,0.0,2.1,10.2,36.0,75.1,62.4,174.2,34.3,124.4,15.1,0.0,567.5,33.6,48.4,346.1,139.5,318,,GUNTUR,
Andhra Pradesh,Guntur,IMD110-P315,2003,3.7,0.0,17.6,12.8,10.4,126.0,194.7,140.0,151.1,140.2,19.9,74.3,890.6,3.7,40.7,611.8,234.4,318,,GUNTUR,
Andhra Pradesh,Guntur,IMD110-P315,2004,8.7,1.5,19.4,18.5,72.1,89.7,189.9,47.2,135.6,140.8,31.4,0.0,754.9,10.2,110.1,462.5,172.2,318,,GUNTUR,
Andhra Pradesh,Guntur,IMD110-P315,2005,1.9,5.3,7.7,13.1,52.8,28.3,200.8,77.7,287.0,258.8,18.0,5.9,957.2,7.2,73.6,593.7,282.7,318,,GUNTUR,
Andhra Pradesh,Guntur,IMD110-P315,2006,0.0,0.0,45.5,65.0,47.8,77.3,63.1,73.5,186.7,196.0,67.6,0.0,822.6,0.0,158.4,400.6,263.6,318,,GUNTUR,
Andhra Pradesh,Guntur,IMD110-P315,2007,0.0,0.9,0.0,0.0,0.6,244.5,162.0,162.1,229.7,92.3,27.6,0.3,920.1,0.9,0.6,798.2,120.3,318,,GUNTUR,
Andhra Pradesh,Guntur,IMD110-P315,2008,0.1,56.0,87.5,6.8,3.3,93.4,158.1,306.6,78.7,37.0,148.4,3.7,979.7,56.1,97.6,636.8,189.1,318,,GUNTUR,
Andhra Pradesh,Guntur,IMD110-P315,2009,0.0,0.0,1.0,0.4,50.9,28.6,26.8,194.7,130.8,53.3,79.8,4.7,570.8,0.0,52.3,380.8,137.7,318,,GUNTUR,
Andhra Pradesh,Guntur,IMD110-P315,2010,6.2,0.0,0.0,6.9,164.6,94.4,326.2,253.1,229.5,148.0,115.4,124.8,1469.1,6.2,171.5,903.1,388.3,318,,GUNTUR,
Andhra Pradesh,Krishna,IMD110-P319,1901,8.3,110.6,3.4,9.1,43.7,67.4,132.2,145.0,39.9,131.2,71.8,2.1,764.7,118.8,56.2,384.6,205.0,319,,KRISHNA,
Andhra Pradesh,Krishna,IMD110-P319,1902,0.0,0.0,2.0,9.5,14.6,62.9,163.8,232.0,212.1,375.6,42.9,32.8,1148.1,0.0,26.1,670.7,451.3,319,,KRISHNA,
Andhra Pradesh,Krishna,IMD110-P319,1903,3.7,0.1,0.0,2.1,60.1,135.1,322.0,360.0,184.0,175.3,214.8,6.8,1464.0,3.8,62.2,1001.0,397.0,319,,KRISHNA,
Andhra Pradesh,Krishna,IMD110-P319,1904,0.8,0.0,0.0,0.9,121.7,100.2,104.5,109.7,84.1,227.8,0.0,21.3,770.9,0.8,122.5,398.5,249.1,319,,KRISHNA,
Andhra Pradesh,Krishna,IMD110-P319,1905,0.3,16.4,45.2,2.1,27.4,117.9,45.5,186.4,72.9,58.8,6.4,0.0,579.3,16.7,74.7,422.7,65.2,319,,KRISHNA,
Andhra Pradesh,Krishna,IMD110-P319,1906,1.9,5.6,3.9,0.0,5.1,270.7,137.3,188.2,105.6,61.5,23.0,101.1,904.1,7.5,9.1,701.8,185.7,319,,KRISHNA,
Andhra Pradesh,Krishna,IMD110-P319,1907,0.9,1.0,32.8,46.2,3.6,212.5,135.7,103.4,81.0,7.9,36.5,27.3,688.8,1.9,82.7,532.6,71.7,319,,KRISHNA,
Andhra Pradesh,Krishna,IMD110-P319,1908,57.9,1.2,0.0,1.3,11.5,51.8,166.6,165.8,214.9,68.7,0.2,0.0,739.8,59.1,12.8,599.0,68.9,319,,KRISHNA,
Andhra Pradesh,Krishna,IMD110-P319,1909,1.4,0.6,0.0,91.1,25.5,105.2,229.8,224.4,119.7,16.2,1.4,0.5,815.6,1.9,116.6,679.0,18.1,319,,KRISHNA,
Andhra Pradesh,Krishna,IMD110-P319,1910,0.0,4.3,0.0,16.1,12.7,161.0,164.2,137.7,219.5,305.5,82.5,0.0,1103.5,4.3,28.8,682.4,388.0,319,,KRISHNA,
Andhra Pradesh,Krishna,IMD110-P319,1911,0.0,0.0,0.0,9.2,18.0,113.8,210.2,96.1,98.9,104.1,106.0,16.0,772.2,0.0,27.2,519.0,226.1,319,,KRISHNA,
Andhra Pradesh,Krishna,IMD110-P319,1912,0.0,0.5,5.0,1.0,32.9,31.1,288.1,209.4,132.2,82.6,63.1,0.0,846.0,0.5,39.0,660.8,145.7,319,,KRISHNA,
Andhra Pradesh,Krishna,IMD110-P319,1913,0.0,1.6,0.0,0.3,39.0,58.6,168.2,95.1,108.4,181.9,0.0,1.2,654.2,1.6,39.4,430.2,183.0,319,,KRISHNA,
Andhra Pradesh,Krishna,IMD110-P319,1914,0.0,0.1,0.1,67.9,58.7,77.8,249.2,203.5,192.1,22.5,16.6,0.0,888.5,0.1,126.7,722.7,39.0,319,,KRISHNA,
Andhra Pradesh,Krishna,IMD110-P319,1915,31.7,22.1,55.1,17.5,35.5,188.3,127.8,297.8,167.3,232.8,188.5,0.0,1364.5,53.8,108.1,781.2,421.3,319,,KRISHNA,
Andhra Pradesh,Krishna,IMD110-P319,1916,0.0,2.3,0.0,14.9,22.5,147.0,336.7,251.7,157.0,370.5,184.2,0.0,1486.8,2.3,37.4,892.3,554.7,319,,KRISHNA,
Andhra Pradesh,Krishna,IMD110-P319,1917,0.0,8.9,9.7,6.5,79.9,258.1,193.9,204.3,285.4,175.3,206.6,1.3,1429.8,8.9,96.0,941.7,383.2,319,,KRISHNA,
Andhra Pradesh,Krishna,IMD110-P319,1918,48.9,6.9,3.7,2.9,66.0,73.7,107.4,134.5,136.7,20.4,148.5,18.0,767.6,55.9,72.5,452.3,186.9,319,,KRISHNA,
Andhra Pradesh,Krishna,IMD110-P319,1919,23.0,0.0,43.1,32.6,80.9,109.4,199.2,67.8,140.4,175.4,138.8,6.4,1017.1,23.0,156.6,516.8,320.7,319,,KRISHNA,
Andhra Pradesh,Krishna,IMD110-P319,1920,20.7,4.8,1.0,35.1,49.5,89.8,81.7,123.6,122.1,134.1,9.0,0.0,671.5,25.6,85.6,417.2,143.1,319,,KRISHNA,
Andhra Pradesh,Krishna,IMD110-P319,1921,43.5,0.4,0.0,55.3,2.7,127.3,220.3,162.0,313.1,164.7,24.5,0.0,1113.7,43.9,58.0,822.7,189.1,319,,KRISHNA,
Andhra Pradesh,Krishna,IMD110-P319,1922,4.8,0.0,0.0,1.4,24.9,86.2,176.8,107.4,107.3,109.8,224.8,0.1,843.5,4.8,26.3,477.7,334.6,319,,KRISHNA,
Andhra Pradesh,Krishna,IMD110-P319,1923,0.3,51.1,2.2,9.5,30.5,19.6,187.9,54.4,255.2,143.9,131.5,0.0,886.0,51.4,42.2,517.0,275.4,319,,KRISHNA,
Andhra Pradesh,Krishna,IMD110-P319,1924,0.0,1.7,1.8,3.7,24.7,55.2,152.4,183.5,353.3,69.8,176.0,0.0,1022.2,1.7,30.2,744.5,245.9,319,,KRISHNA,
Andhra Pradesh,Krishna,IMD110-P319,1925,0.0,0.0,1.9,25.4,136.0,138.6,237.2,268.4,76.7,212.8,46.8,9.5,1153.5,0.0,163.3,721.0,269.1,319,,KRISHNA,
Andhra Pradesh,Krishna,IMD110-P319,1926,4.0,1.2,109.3,37.6,11.3,52.7,198.6,165.2,101.7,32.2,0.5,0.0,714.5,5.2,158.2,518.3,32.7,319,,KRISHNA,
Andhra Pradesh,Krishna,IMD110-P319,1927,9.3,0.0,0.0,6.9,20.6,102.2,223.5,170.8,181.8,86.0,198.2,0.0,999.2,9.3,27.5,678.3,284.1,319,,KRISHNA,
Andhra Pradesh,Krishna,IMD110-P319,1928,0.0,0.2,6.6,41.8,27.7,102.3,161.0,137.1,210.2,218.4,1.4,0.1,906.9,0.2,76.1,610.7,220.0,319,,KRISHNA,
Andhra Pradesh,Krishna,IMD110-P319,1929,0.0,24.8,0.4,19.1,15.7,148.5,95.7,171.2,126.9,85.1,3.2,7.7,698.2,24.8,35.2,542.2,96.0,319,,KRISHNA,
Andhra Pradesh,Krishna,IMD110-P319,1930,0.0,21.7,19.1,4.7,77.3,227.3,105.1,161.0,133.7,380.8,162.4,10.4,1303.6,21.7,101.1,627.0,553.7,319,,KRISHNA,
Andhra Pradesh,Krishna,IMD110-P319,1931,0.0,0.0,0.0,4.3,51.8,146.8,155.6,133.5,202.3,249.5,151.3,0.0,1095.1,0.0,56.1,638.1,400.8,319,,KRISHNA,
Andhra Pradesh,Krishna,IMD110-P319,1932,0.0,42.7,0.0,8.0,39.6,83.6,216.6,128.9,168.1,101.8,151.7,0.0,941.0,42.7,47.6,597.2,253.5,319,,KRISHNA,
Andhra Pradesh,Krishna,IMD110-P319,1933,2.7,0.0,6.4,12.2,60.3,148.5,244.8,156.4,123.2,216.7,79.2,19.6,1070.1,2.7,79.0,672.9,315.6,319,,KRISHNA,
Andhra Pradesh,Krishna,IMD110-P319,1934,0.0,0.2,1.0,20.9,5.7,99.7,245.7,135.8,94.4,88.8,76.8,4.0,773.0,0.2,27.6,575.6,169.6,320,,KRISHNA,
Andhra Pradesh,Krishna,IMD110-P319,1935,0.8,0.0,0.0,16.4,28.5,65.6,165.2,101.9,246.9,140.9,1.8,0.0,767.9,0.8,44.8,579.6,142.7,320,,KRISHNA,
Andhra Pradesh,Krishna,IMD110-P319,1936,0.2,106.1,2.9,26.5,127.2,117.3,236.8,158.2,99.3,189.8,85.6,0.5,1150.3,106.2,156.6,611.6,275.9,320,,KRISHNA,
Andhra Pradesh,Krishna,IMD110-P319,1937,0.0,63.9,1.0,64.0,8.5,37.9,205.4,185.8,73.5,178.6,13.9,0.1,832.5,63.9,73.4,502.6,192.6,320,,KRISHNA,
Andhra Pradesh,Krishna,IMD110-P319,1938,0.0,13.1,3.8,0.0,93.3,154.3,174.5,270.3,195.8,42.4,160.9,0.5,1108.9,13.1,97.2,794.9,203.8,320,,KRISHNA,
Andhra Pradesh,Krishna,IMD110-P319,1939,0.8,0.0,30.7,12.9,6.5,83.8,154.1,125.1,123.9,457.3,110.7,0.7,1106.6,0.8,50.1,486.9,568.7,320,,KRISHNA,
Andhra Pradesh,Krishna,IMD110-P319,1940,0.0,0.0,71.5,13.0,87.0,75.5,162.2,270.2,115.7,119.3,98.3,22.2,1035.1,0.0,171.5,623.7,239.9,320,,KRISHNA,
Andhra Pradesh,Krishna,IMD110-P319,1941,2.3,3.5,1.2,0.5,14.8,139.6,81.3,99.7,190.2,216.4,52.2,10.7,812.4,5.9,16.5,510.7,279.3,320,,KRISHNA,
Andhra Pradesh,Krishna,IMD110-P319,1942,0.4,0.0,0.0,26.4,10.2,108.7,143.2,165.9,133.9,77.5,20.5,0.2,686.9,0.4,36.6,551.7,98.2,320,,KRISHNA,
Andhra Pradesh,Krishna,IMD110-P319,1943,6.4,0.7,1.3,48.1,43.8,160.0,112.6,78.5,231.8,223.0,11.1,0.0,917.3,7.1,93.2,582.9,234.1,320,,KRISHNA,
Andhra Pradesh,Krishna,IMD110-P319,1944,0.1,7.1,63.1,9.3,2.9,100.3,174.7,165.6,165.2,332.3,28.6,0.0,1049.3,7.2,75.3,605.9,360.9,320,,KRISHNA,
Andhra Pradesh,Krishna,IMD110-P319,1945,1.7,0.0,0.0,38.7,26.5,37.3,201.6,191.2,180.2,110.2,10.7,5.6,803.5,1.7,65.1,610.2,126.4,320,,KRISHNA,
Andhra Pradesh,Krishna,IMD110-P319,1946,0.0,5.4,0.0,43.1,44.9,130.2,205.0,134.4,81.2,48.9,300.5,1.6,995.2,5.4,87.9,550.8,351.0,320,,KRISHNA,
Andhra Pradesh,Krishna,IMD110-P319,1947,0.2,1.6,0.0,0.2,9.5,79.3,293.0,225.0,194.5,128.5,41.4,89.3,1062.4,1.8,9.7,791.8,259.2,320,,KRISHNA,
Andhra Pradesh,Krishna,IMD110-P319,1948,0.2,4.7,3.0,5.7,38.8,43.0,225.3,91.7,157.8,130.9,222.8,1.3,925.0,4.9,47.5,517.7,354.9,320,,KRISHNA,
Andhra Pradesh,Krishna,IMD110-P319,1949,0.0,0.1,1.4,19.4,72.6,85.3,289.2,197.5,139.2,226.1,24.6,0.0,1055.4,0.1,93.4,711.2,250.7,320,,KRISHNA,
Andhra Pradesh,Krishna,IMD110-P319,1950,0.0,20.8,43.5,0.6,77.3,73.7,260.1,87.7,210.6,46.4,82.4,0.0,903.0,20.8,121.4,632.0,128.8,320,,KRISHNA,
Andhra Pradesh,Krishna,IMD110-P319,1951,0.3,0.0,8.9,38.1,28.0,192.2,257.8,155.5,119.8,85.1,12.5,4.6,902.9,0.3,75.1,725.2,102.3,320,,KRISHNA,
Andhra Pradesh,Krishna,IMD110-P319,1952,0.0,19.2,0.8,2.0,76.2,62.9,75.3,156.8,109.5,161.8,0.0,45.8,710.1,19.2,79.0,404.4,207.6,320,,KRISHNA,
Andhra Pradesh,Krishna,IMD110-P319,1953,1.4,0.0,0.0,20.4,8.6,103.7,153.8,188.1,155.2,225.9,3.6,0.0,860.8,1.4,29.0,600.8,229.6,320,,KRISHNA,
Andhra Pradesh,Krishna,IMD110-P319,1954,0.0,0.0,9.5,1.3,38.1,107.1,302.5,212.6,295.6,215.2,0.0,18.8,1200.5,0.0,48.8,917.8,234.0,320,,KRISHNA,
Andhra Pradesh,Krishna,IMD110-P319,1955,0.0,0.0,4.6,3.5,87.3,108.7,205.4,251.3,116.4,297.4,133.8,0.2,1208.5,0.0,95.4,681.8,431.4,320,,KRISHNA,
Andhra Pradesh,Krishna,IMD110-P319,1956,1.0,0.6,0.0,28.9,63.6,239.1,348.8,140.7,141.0,358.5,96.6,2.8,1421.6,1.7,92.5,869.5,458.0,320,,KRISHNA,
Andhra Pradesh,Krishna,IMD110-P319,1957,0.9,0.0,20.7,2.6,22.4,227.0,114.3,290.1,126.7,134.7,35.3,0.1,974.8,0.9,45.7,758.0,170.1,320,,KRISHNA,
Andhra Pradesh,Krishna,IMD110-P319,1958,1.0,0.0,2.5,14.3,35.0,110.1,354.0,263.0,137.1,261.4,102.6,0.4,1281.4,1.0,51.8,864.1,364.4,320,,KRISHNA,
Andhra Pradesh,Krishna,IMD110-P319,1959,0.0,5.9,0.0,14.8,2.6,155.0,373.0,304.7,147.7,170.9,0.9,2.9,1178.3,5.9,17.4,980.4,174.7,320,,KRISHNA,
Andhra Pradesh,Krishna,IMD110-P319,1960,2.4,0.0,2.8,0.1,3.7,214.7,220.9,78.2,251.7,68.4,53.3,12.6,908.8,2.4,6.6,765.5,134.3,320,,KRISHNA,
Andhra Pradesh,Krishna,IMD110-P319,1961,2.1,11.3,0.0,0.2,17.1,136.7,194.1,237.8,224.2,214.3,70.3,5.8,1113.9,13.4,17.3,792.8,290.4,320,,KRISHNA,
Andhra Pradesh,Krishna,IMD110-P319,1962,1.2,8.0,0.0,23.7,46.9,128.4,282.0,215.8,322.3,278.0,39.1,5.9,1351.5,9.3,70.6,948.5,323.1,320,,KRISHNA,
Andhra Pradesh,Krishna,IMD110-P319,1963,0.0,0.0,7.0,32.3,7.3,123.6,164.3,215.7,84.2,340.5,0.0,0.0,974.9,0.0,46.5,587.9,340.5,320,,KRISHNA,
Andhra Pradesh,Krishna,IMD110-P319,1964,0.0,0.0,0.0,0.6,17.1,122.2,171.3,176.9,475.1,56.7,59.3,0.4,1079.6,0.0,17.7,945.5,116.4,320,,KRISHNA,
Andhra Pradesh,Krishna,IMD110-P319,1965,2.6,2.5,1.0,39.6,22.3,57.7,216.4,137.6,219.7,20.8,3.8,0.8,724.8,5.1,62.9,631.4,25.4,320,,KRISHNA,
Andhra Pradesh,Krishna,IMD110-P319,1966,10.9,0.0,1.0,6.7,30.0,75.0,331.5,175.1,131.4,37.8,142.7,9.8,951.9,10.9,37.7,713.0,190.3,320,,KRISHNA,
Andhra Pradesh,Krishna,IMD110-P319,1967,7.1,0.0,113.4,14.6,19.2,117.0,274.3,170.3,177.2,23.5,2.3,29.3,948.2,7.1,147.2,738.7,55.1,320,,KRISHNA,
Andhra Pradesh,Krishna,IMD110-P319,1968,4.9,3.0,4.2,21.6,11.2,59.2,193.8,46.3,167.2,85.5,133.3,5.9,736.1,7.8,36.9,466.6,224.7,321,,KRISHNA,
Andhra Pradesh,Krishna,IMD110-P319,1969,0.0,0.0,0.0,1.3,338.8,61.8,244.6,98.7,113.0,341.7,155.2,101.8,1456.9,0.0,340.1,518.1,598.7,321,,KRISHNA,
Andhra Pradesh,Krishna,IMD110-P319,1970,1.8,12.7,10.2,11.2,75.2,153.0,149.7,243.2,121.5,197.8,2.0,0.0,978.5,14.5,96.6,667.6,199.8,321,,KRISHNA,
Andhra Pradesh,Krishna,IMD110-P319,1971,0.4,11.7,19.6,74.7,70.6,102.2,57.6,125.2,189.8,158.7,0.4,0.0,810.9,12.1,164.9,474.8,159.1,321,,KRISHNA,
Andhra Pradesh,Krishna,IMD110-P319,1972,0.0,26.9,0.0,3.1,12.1,169.9,109.0,60.6,84.0,362.9,99.5,26.7,954.8,26.9,15.2,423.6,489.2,321,,KRISHNA,
Andhra Pradesh,Krishna,IMD110-P319,1973,0.0,0.4,0.5,0.6,11.8,68.7,117.9,224.5,90.9,198.0,26.5,0.0,739.8,0.4,12.9,502.1,224.5,321,,KRISHNA,
Andhra Pradesh,Krishna,IMD110-P319,1974,0.0,0.0,0.0,3.2,40.1,115.6,100.2,134.9,207.1,230.0,22.9,0.0,853.9,0.0,43.3,557.8,252.9,321,,KRISHNA,
Andhra Pradesh,Krishna,IMD110-P319,1975,0.0,0.1,0.8,0.0,16.1,178.6,230.6,137.6,247.9,245.7,37.9,1.1,1096.4,0.1,16.9,794.7,284.7,321,,KRISHNA,
Andhra Pradesh,Krishna,IMD110-P319,1976,0.1,0.0,0.5,7.0,22.8,40.2,238.6,236.9,82.6,80.8,340.0,2.9,1052.3,0.1,30.3,598.2,423.7,321,,KRISHNA,
Andhra Pradesh,Krishna,IMD110-P319,1977,0.0,0.0,0.7,24.2,61.4,91.6,158.4,199.3,57.7,109.1,206.8,4.8,914.1,0.0,86.3,507.1,320.7,321,,KRISHNA,
Andhra Pradesh,Krishna,IMD110-P319,1978,4.8,13.8,0.9,1.7,3.1,179.9,279.3,402.8,238.3,64.8,69.4,7.1,1265.9,18.6,5.7,1100.3,141.4,321,,KRISHNA,
Andhra Pradesh,Krishna,IMD110-P319,1979,0.4,15.5,0.6,20.9,62.0,33.7,64.1,56.2,231.9,45.6,173.3,15.1,719.1,15.9,83.5,385.8,234.0,321,,KRISHNA,
Andhra Pradesh,Krishna,IMD110-P319,1980,0.0,0.0,1.4,1.2,33.9,200.9,203.5,147.3,61.2,149.2,50.0,4.7,853.3,0.0,36.4,612.9,203.9,321,,KRISHNA,
Andhra Pradesh,Krishna,IMD110-P319,1981,4.6,0.0,18.4,14.3,30.7,115.6,196.3,137.6,161.5,134.9,16.9,0.4,831.3,4.6,63.4,611.1,152.2,321,,KRISHNA,
Andhra Pradesh,Krishna,IMD110-P319,1982,0.4,0.0,0.3,8.1,22.1,98.1,155.2,149.4,126.7,155.9,58.3,0.0,774.4,0.4,30.4,529.4,214.2,321,,KRISHNA,
Andhra Pradesh,Krishna,IMD110-P319,1983,0.0,12.3,0.4,0.4,21.2,124.1,230.8,280.2,316.8,186.8,10.3,8.4,1191.8,12.3,22.0,951.9,205.6,321,,KRISHNA,
Andhra Pradesh,Krishna,IMD110-P319,1984,0.1,5.8,2.4,4.0,4.0,37.2,183.3,66.7,147.3,146.8,15.7,0.7,613.9,5.9,10.3,434.4,163.2,321,,KRISHNA,
Andhra Pradesh,Krishna,IMD110-P319,1985,42.8,0.0,0.1,1.2,7.7,87.6,151.0,209.1,65.0,164.6,18.3,69.7,817.1,42.8,9.0,512.7,252.5,321,,KRISHNA,
Andhra Pradesh,Krishna,IMD110-P319,1986,27.0,27.8,0.0,21.1,21.7,90.6,126.7,314.9,67.0,36.5,75.7,3.1,812.0,54.8,42.7,599.2,115.3,321,,KRISHNA,
Andhra Pradesh,Krishna,IMD110-P319,1987,10.6,1.0,20.4,14.0,14.6,89.9,121.2,161.0,72.8,174.9,197.6,21.1,899.1,11.6,49.0,444.8,393.7,321,,KRISHNA,
Andhra Pradesh,Krishna,IMD110-P319,1988,0.0,2.2,2.1,25.5,24.1,86.4,457.6,298.6,263.3,43.7,2.1,53.1,1258.8,2.2,51.7,1105.9,98.9,321,,KRISHNA,
Andhra Pradesh,Krishna,IMD110-P319,1989,0.0,0.5,44.1,0.6,23.3,101.1,444.2,323.9,220.0,40.2,17.9,2.2,1218.0,0.5,68.0,1089.2,60.2,321,,KRISHNA,
Andhra Pradesh,Krishna,IMD110-P319,1990,3.4,47.2,54.6,10.7,331.3,106.3,108.1,188.8,204.3,223.6,33.0,3.8,1315.0,50.6,396.5,607.5,260.5,321,,KRISHNA,
Andhra Pradesh,Krishna,IMD110-P319,1991,16.4,0.6,0.0,15.3,27.0,208.1,127.4,225.6,308.0,117.2,121.9,11.9,1179.3,17.0,42.2,869.0,251.0,321,,KRISHNA,
Andhra Pradesh,Krishna,IMD110-P319,1992,1.7,0.3,0.0,1.9,17.9,49.2,139.6,213.9,136.1,134.0,103.1,0.0,797.6,1.9,19.9,538.7,237.1,321,,KRISHNA,
Andhra Pradesh,Krishna,IMD110-P319,1993,0.0,0.6,18.8,13.3,75.6,70.2,174.7,59.5,122.1,196.2,17.9,25.0,773.9,0.6,107.7,426.5,239.1,321,,KRISHNA,
Andhra Pradesh,Krishna,IMD110-P319,1994,11.1,25.5,0.0,16.5,21.6,46.2,220.1,207.4,93.2,298.5,237.1,0.3,1177.5,36.5,38.1,566.9,535.8,321,,KRISHNA,
Andhra Pradesh,Krishna,IMD110-P319,1995,42.9,0.2,4.9,12.0,120.6,97.1,227.1,243.3,158.8,389.9,34.5,3.0,1334.3,43.1,137.4,726.4,427.4,321,,KRISHNA,
Andhra Pradesh,Krishna,IMD110-P319,1996,0.2,3.1,0.0,17.6,17.3,224.9,234.8,252.5,154.8,216.7,44.8,16.3,1183.0,3.3,34.9,866.9,277.8,321,,KRISHNA,
Andhra Pradesh,Krishna,IMD110-P319,1997,15.6,1.1,6.6,48.5,19.4,59.8,187.8,114.6,267.0,101.0,64.0,42.7,927.9,16.7,74.5,629.1,207.7,321,,KRISHNA,
Andhra Pradesh,Krishna,IMD110-P319,1998,8.2,9.7,9.6,27.2,22.9,90.8,219.9,268.4,217.1,160.2,40.3,0.0,1074.4,17.9,59.8,796.2,200.5,321,,KRISHNA,
Andhra Pradesh,Krishna,IMD110-P319,1999,0.8,7.9,0.0,5.1,80.8,77.2,188.1,145.0,133.8,157.6,5.1,0.0,801.4,8.7,86.0,544.1,162.7,321,,KRISHNA,
Andhra Pradesh,Krishna,IMD110-P319,2000,0.0,44.4,2.2,12.3,28.2,233.8,213.3,380.4,70.7,57.7,14.9,20.7,1078.6,44.4,42.7,898.1,93.4,321,,KRISHNA,
Andhra Pradesh,Krishna,IMD110-P319,2001,11.2,0.0,1.9,78.3,4.6,118.3,133.6,169.7,178.8,196.3,58.5,2.4,953.7,11.2,84.8,600.4,257.3,321,,KRISHNA,
Andhra Pradesh,Krishna,IMD110-P319,2002,25.2,0.0,0.0,0.0,53.9,85.1,76.5,189.6,44.8,141.1,32.1,0.0,648.4,25.2,53.9,396.1,173.2,322,,KRISHNA,
Andhra Pradesh,Krishna,IMD110-P319,2003,2.4,10.7,25.5,2.4,2.0,113.3,205.9,144.6,152.7,141.3,19.1,175.4,995.4,13.1,29.9,616.5,335.8,322,,KRISHNA,
Andhra Pradesh,Krishna,IMD110-P319,2004,17.3,1.0,0.6,6.5,71.4,111.4,174.8,134.1,102.8,152.4,6.7,0.0,778.9,18.3,78.6,523.0,159.1,322,,KRISHNA,
Andhra Pradesh,Krishna,IMD110-P319,2005,2.0,7.7,15.6,16.8,61.7,64.8,234.5,92.0,368.0,266.3,29.6,4.0,1163.1,9.7,94.1,759.4,299.9,322,,KRISHNA,
Andhra Pradesh,Krishna,IMD110-P319,2006,0.0,0.0,45.6,64.5,61.6,108.3,81.8,149.2,213.1,356.5,93.0,0.0,1173.6,0.0,171.7,552.4,449.5,322,,KRISHNA,
Andhra Pradesh,Krishna,IMD110-P319,2007,0.0,8.6,0.0,17.4,13.9,236.4,149.3,183.7,213.8,152.0,16.2,0.8,992.2,8.6,31.4,783.2,169.0,322,,KRISHNA,
Andhra Pradesh,Krishna,IMD110-P319,2008,0.3,58.1,129.4,2.6,1.5,139.0,237.9,418.4,122.1,51.8,138.6,0.7,1300.3,58.4,133.5,917.3,191.1,322,,KRISHNA,
Andhra Pradesh,Krishna,IMD110-P319,2009,0.0,0.0,0.2,0.0,92.4,31.7,87.8,170.8,149.7,68.2,133.3,2.4,736.5,0.0,92.7,439.9,203.8,322,,KRISHNA,
Andhra Pradesh,Krishna,IMD110-P319,2010,13.5,0.0,0.0,17.2,181.2,128.1,359.0,282.6,325.4,212.5,150.3,105.1,1775.0,13.5,198.4,1095.1,468.0,322,,KRISHNA,
Andhra Pradesh,Kurnool,IMD110-P323,1901,12.4,48.7,0.0,17.7,55.2,87.7,104.0,78.9,86.2,61.3,34.8,0.2,587.2,61.2,72.9,356.8,96.3,323,,KURNOOL,
Andhra Pradesh,Kurnool,IMD110-P323,1902,0.2,0.0,1.2,21.8,33.1,82.2,24.9,107.8,208.0,107.6,32.8,5.5,625.2,0.2,56.2,422.9,145.9,323,,KURNOOL,
Andhra Pradesh,Kurnool,IMD110-P323,1903,0.7,0.0,0.0,9.7,39.9,46.2,178.3,171.3,237.6,111.4,98.1,7.4,900.6,0.7,49.5,633.5,216.9,323,,KURNOOL,
Andhra Pradesh,Kurnool,IMD110-P323,1904,4.5,0.0,6.9,7.8,28.4,60.7,59.1,31.3,94.9,120.6,0.0,0.0,414.2,4.5,43.1,246.0,120.6,323,,KURNOOL,
Andhra Pradesh,Kurnool,IMD110-P323,1905,0.0,7.6,5.6,24.3,18.8,105.9,53.6,289.6,20.0,81.7,2.3,0.0,609.3,7.6,48.7,469.0,83.9,323,,KURNOOL,
Andhra Pradesh,Kurnool,IMD110-P323,1906,19.5,0.0,0.0,0.5,10.8,95.0,179.1,128.3,154.4,76.6,10.3,85.0,759.5,19.5,11.3,556.8,171.9,323,,KURNOOL,
Andhra Pradesh,Kurnool,IMD110-P323,1907,1.0,0.0,0.5,61.4,1.0,64.1,132.2,61.7,88.5,5.0,49.4,4.7,469.5,1.0,62.9,346.5,59.1,323,,KURNOOL,
Andhra Pradesh,Kurnool,IMD110-P323,1908,3.4,2.2,16.6,2.1,48.3,32.0,96.0,72.8,272.4,36.8,0.0,0.0,582.6,5.7,66.9,473.2,36.8,323,,KURNOOL,
Andhra Pradesh,Kurnool,IMD110-P323,1909,2.2,0.0,0.1,37.4,31.3,52.7,91.3,207.1,194.2,12.4,3.1,0.0,632.0,2.2,68.8,545.3,15.6,323,,KURNOOL,
Andhra Pradesh,Kurnool,IMD110-P323,1910,0.0,0.0,1.0,4.4,32.0,34.0,143.0,167.1,319.2,107.8,48.0,0.0,856.5,0.0,37.3,663.3,155.8,323,,KURNOOL,
Andhra Pradesh,Kurnool,IMD110-P323,1911,0.0,0.0,0.0,2.4,42.9,70.0,138.8,87.7,109.0,33.6,10.7,4.1,499.2,0.0,45.3,405.6,48.3,323,,KURNOOL,
Andhra Pradesh,Kurnool,IMD110-P323,1912,0.0,9.2,0.0,20.9,9.4,32.2,87.4,114.0,143.2,51.2,82.5,0.0,549.9,9.2,30.3,376.7,133.7,323,,KURNOOL,
Andhra Pradesh,Kurnool,IMD110-P323,1913,0.0,0.0,0.0,11.4,64.0,46.4,132.6,26.8,107.6,142.5,0.0,5.2,536.6,0.0,75.4,313.4,147.8,323,,KURNOOL,
Andhra Pradesh,Kurnool,IMD110-P323,1914,0.0,0.0,0.0,17.8,44.8,55.5,120.2,170.3,196.0,29.1,13.0,3.6,650.3,0.0,62.6,542.1,45.6,323,,KURNOOL,
Andhra Pradesh,Kurnool,IMD110-P323,1915,17.0,5.1,60.4,17.8,46.1,43.3,116.3,77.0,203.4,98.8,103.1,0.0,788.4,22.2,124.3,440.0,201.9,323,,KURNOOL,
Andhra Pradesh,Kurnool,IMD110-P323,1916,0.0,0.3,0.0,14.0,31.9,93.0,223.5,193.9,237.9,410.0,68.0,0.0,1272.5,0.3,45.9,748.3,478.0,323,,KURNOOL,
Andhra Pradesh,Kurnool,IMD110-P323,1917,0.0,64.6,15.2,4.3,41.9,100.8,47.0,140.0,196.6,159.1,23.4,0.1,793.2,64.6,61.4,484.5,182.6,323,,KURNOOL,
Andhra Pradesh,Kurnool,IMD110-P323,1918,7.5,0.0,5.7,10.8,97.3,17.1,39.6,67.7,192.7,3.2,72.7,3.1,517.4,7.5,113.8,317.1,79.0,323,,KURNOOL,
Andhra Pradesh,Kurnool,IMD110-P323,1919,20.5,0.0,1.3,18.5,38.9,89.7,124.7,35.4,293.2,49.3,59.1,7.2,737.8,20.5,58.7,543.0,115.6,323,,KURNOOL,
Andhra Pradesh,Kurnool,IMD110-P323,1920,13.3,0.5,0.0,3.4,19.1,54.8,23.4,74.2,135.3,42.3,6.4,0.0,372.6,13.8,22.5,287.6,48.7,323,,KURNOOL,
Andhra Pradesh,Kurnool,IMD110-P323,1921,8.5,0.0,0.0,26.2,6.1,70.1,166.4,34.6,57.2,144.2,33.6,0.0,546.8,8.5,32.3,328.2,177.8,323,,KURNOOL,
Andhra Pradesh,Kurnool,IMD110-P323,1922,23.1,0.0,0.0,11.0,54.5,26.6,82.8,65.0,36.0,77.8,74.6,0.2,451.7,23.1,65.5,210.5,152.6,323,,KURNOOL,
Andhra Pradesh,Kurnool,IMD110-P323,1923,0.2,18.0,40.3,10.7,31.3,54.3,109.0,32.3,195.7,12.7,0.8,0.0,505.4,18.3,82.4,391.3,13.6,323,,KURNOOL,
Andhra Pradesh,Kurnool,IMD110-P323,1924,0.0,0.0,0.5,13.7,18.4,36.9,97.4,108.1,172.6,44.7,36.4,0.0,528.8,0.0,32.6,415.0,81.1,323,,KURNOOL,
Andhra Pradesh,Kurnool,IMD110-P323,1925,0.0,0.0,1.0,17.2,102.3,43.1,95.7,160.5,58.3,155.0,28.8,45.2,707.3,0.0,120.6,357.7,229.0,323,,KURNOOL,
Andhra Pradesh,Kurnool,IMD110-P323,1926,20.6,0.0,1.1,14.9,25.7,90.9,57.8,48.1,173.3,55.7,0.0,0.0,488.1,20.6,41.8,370.0,55.7,323,,KURNOOL,
Andhra Pradesh,Kurnool,IMD110-P323,1927,0.0,3.7,0.0,1.4,12.5,102.9,145.5,90.8,164.1,60.7,110.3,0.0,691.8,3.7,13.9,503.3,171.0,323,,KURNOOL,
Andhra Pradesh,Kurnool,IMD110-P323,1928,0.0,46.0,6.9,16.3,19.8,90.9,127.3,93.6,136.0,116.2,1.0,2.2,656.4,46.0,43.1,447.9,119.4,323,,KURNOOL,
Andhra Pradesh,Kurnool,IMD110-P323,1929,0.3,10.6,0.1,31.5,21.5,84.4,45.3,51.3,165.2,86.8,19.2,2.6,518.5,10.9,53.0,346.1,108.5,323,,KURNOOL,
Andhra Pradesh,Kurnool,IMD110-P323,1930,0.0,3.8,5.2,10.3,42.6,110.3,61.4,46.5,148.6,106.6,26.8,2.8,564.9,3.8,58.1,366.8,136.2,323,,KURNOOL,
Andhra Pradesh,Kurnool,IMD110-P323,1931,0.0,0.0,3.9,5.8,53.0,100.7,59.8,44.3,190.8,63.3,34.9,1.3,557.6,0.0,62.6,395.5,99.5,323,,KURNOOL,
Andhra Pradesh,Kurnool,IMD110-P323,1932,0.0,6.4,0.0,5.4,32.6,70.8,85.0,145.2,94.9,71.3,60.3,0.5,572.4,6.4,37.9,396.0,132.1,323,,KURNOOL,
Andhra Pradesh,Kurnool,IMD110-P323,1933,0.0,5.0,9.4,18.0,64.8,40.7,109.7,163.6,83.8,131.0,48.7,18.9,693.6,5.0,92.1,397.7,198.7,323,,KURNOOL,
Andhra Pradesh,Kurnool,IMD110-P323,1934,0.0,0.0,0.0,28.8,8.6,88.7,132.0,60.2,53.9,44.5,59.6,0.1,476.5,0.0,37.4,334.8,104.3,323,,KURNOOL,
Andhra Pradesh,Kurnool,IMD110-P323,1935,2.1,2.3,1.3,53.5,12.5,88.2,121.3,182.6,104.4,95.2,0.8,0.0,664.4,4.4,67.4,496.5,96.0,323,,KURNOOL,
Andhra Pradesh,Kurnool,IMD110-P323,1936,0.0,33.5,10.0,20.0,44.1,106.8,66.6,74.5,124.2,31.1,61.5,0.1,572.3,33.5,74.1,372.1,92.7,323,,KURNOOL,
Andhra Pradesh,Kurnool,IMD110-P323,1937,0.0,12.0,10.3,94.9,18.0,44.8,147.5,47.6,100.1,89.6,1.5,1.1,567.4,12.0,123.2,340.0,92.3,323,,KURNOOL,
Andhra Pradesh,Kurnool,IMD110-P323,1938,0.0,4.8,13.9,4.9,46.5,113.0,95.0,235.1,258.0,13.2,1.6,0.0,786.2,4.8,65.3,701.2,14.8,323,,KURNOOL,
Andhra Pradesh,Kurnool,IMD110-P323,1939,0.0,0.0,2.3,13.6,2.4,73.3,67.6,127.5,132.3,129.3,49.1,0.0,597.4,0.0,18.2,400.7,178.4,323,,KURNOOL,
Andhra Pradesh,Kurnool,IMD110-P323,1940,0.0,0.3,2.4,27.3,112.4,84.1,89.0,125.0,103.7,123.9,26.5,6.7,701.1,0.3,142.1,401.7,157.0,323,,KURNOOL,
Andhra Pradesh,Kurnool,IMD110-P323,1941,5.5,10.9,0.0,5.8,33.6,43.4,32.0,75.8,159.9,54.4,2.2,19.1,442.7,16.4,39.4,311.2,75.7,324,,KURNOOL,
Andhra Pradesh,Kurnool,IMD110-P323,1942,0.0,1.3,0.0,37.1,28.2,128.6,55.5,88.6,50.2,29.0,5.0,2.0,425.4,1.3,65.3,322.8,36.0,324,,KURNOOL,
Andhra Pradesh,Kurnool,IMD110-P323,1943,1.9,0.0,0.0,24.2,94.4,52.3,81.0,68.8,236.1,129.2,40.3,0.0,728.3,1.9,118.7,438.2,169.5,324,,KURNOOL,
Andhra Pradesh,Kurnool,IMD110-P323,1944,0.0,6.0,51.9,7.5,16.3,103.5,162.8,17.1,169.0,155.2,39.7,0.0,729.0,6.0,75.7,452.4,194.9,324,,KURNOOL,
Andhra Pradesh,Kurnool,IMD110-P323,1945,0.1,0.0,0.0,15.6,53.1,49.5,232.9,76.1,122.3,63.1,21.1,0.0,633.9,0.1,68.7,480.9,84.2,324,,KURNOOL,
Andhra Pradesh,Kurnool,IMD110-P323,1946,0.0,12.9,10.5,15.4,61.1,73.2,76.2,132.8,104.3,69.7,111.0,6.9,674.0,12.9,87.0,386.5,187.6,324,,KURNOOL,
Andhra Pradesh,Kurnool,IMD110-P323,1947,0.3,1.2,0.1,15.6,16.7,103.9,152.0,223.2,191.3,70.4,2.9,5.5,783.1,1.5,32.4,670.4,78.8,324,,KURNOOL,
Andhra Pradesh,Kurnool,IMD110-P323,1948,0.0,0.0,2.3,32.6,21.5,29.8,115.1,128.6,131.9,91.2,77.6,0.1,630.7,0.0,56.4,405.4,168.9,324,,KURNOOL,
Andhra Pradesh,Kurnool,IMD110-P323,1949,0.0,0.0,0.3,14.1,38.0,89.0,114.1,103.8,324.7,101.4,17.9,0.0,803.3,0.0,52.5,631.6,119.3,324,,KURNOOL,
Andhra Pradesh,Kurnool,IMD110-P323,1950,0.0,1.5,3.2,0.0,23.3,73.4,82.5,80.7,127.0,92.3,31.4,0.0,515.4,1.5,26.5,363.7,123.7,324,,KURNOOL,
Andhra Pradesh,Kurnool,IMD110-P323,1951,0.0,0.0,13.5,30.2,76.0,99.0,109.1,76.6,117.8,81.4,1.8,0.0,605.3,0.0,119.7,402.5,83.1,324,,KURNOOL,
Andhra Pradesh,Kurnool,IMD110-P323,1952,0.0,0.7,0.0,15.7,241.1,41.4,56.9,68.9,57.3,86.9,0.0,12.8,581.6,0.7,256.8,224.5,99.7,324,,KURNOOL,
Andhra Pradesh,Kurnool,IMD110-P323,1953,0.0,0.0,0.0,18.3,7.4,69.8,157.6,39.3,187.7,202.2,0.6,0.0,682.8,0.0,25.7,454.4,202.7,324,,KURNOOL,
Andhra Pradesh,Kurnool,IMD110-P323,1954,0.0,0.0,4.2,7.0,13.4,71.1,196.7,107.5,63.0,77.4,0.0,5.0,545.3,0.0,24.6,438.3,82.4,324,,KURNOOL,
Andhra Pradesh,Kurnool,IMD110-P323,1955,0.0,0.0,15.2,11.3,90.7,63.9,107.9,338.6,140.9,83.3,26.5,0.0,878.3,0.0,117.2,651.3,109.8,324,,KURNOOL,
Andhra Pradesh,Kurnool,IMD110-P323,1956,2.1,0.3,0.0,17.7,50.3,99.5,248.4,91.4,157.7,163.8,31.7,3.4,866.3,2.4,67.9,597.0,199.0,324,,KURNOOL,
Andhra Pradesh,Kurnool,IMD110-P323,1957,3.9,0.2,5.4,20.5,45.9,132.1,86.2,123.8,96.9,38.8,8.6,0.0,562.4,4.1,71.8,439.1,47.4,324,,KURNOOL,
Andhra Pradesh,Kurnool,IMD110-P323,1958,1.1,9.6,6.9,28.8,30.6,33.7,119.4,219.3,107.0,67.3,27.4,0.0,651.2,10.7,66.3,479.4,94.7,324,,KURNOOL,
Andhra Pradesh,Kurnool,IMD110-P323,1959,0.0,1.2,0.0,8.2,28.5,109.6,144.6,115.4,135.0,44.1,0.9,0.6,588.1,1.2,36.7,504.6,45.6,324,,KURNOOL,
Andhra Pradesh,Kurnool,IMD110-P323,1960,0.0,0.0,10.0,10.9,61.7,91.1,110.9,28.7,253.9,47.8,22.2,0.0,637.2,0.0,82.6,484.6,70.0,324,,KURNOOL,
Andhra Pradesh,Kurnool,IMD110-P323,1961,0.1,1.8,1.2,9.4,47.6,139.7,158.0,116.9,27.8,118.1,9.5,0.0,630.1,1.9,58.2,442.4,127.6,324,,KURNOOL,
Andhra Pradesh,Kurnool,IMD110-P323,1962,0.0,4.9,5.3,47.9,47.0,72.8,68.1,172.1,138.0,89.6,18.5,75.5,739.8,4.9,100.3,451.0,183.6,324,,KURNOOL,
Andhra Pradesh,Kurnool,IMD110-P323,1963,0.0,0.0,19.0,60.7,28.1,113.3,68.2,229.9,63.3,123.1,1.3,0.6,707.4,0.0,107.7,474.8,125.0,324,,KURNOOL,
Andhra Pradesh,Kurnool,IMD110-P323,1964,0.0,0.0,0.0,2.7,3.1,70.3,160.0,75.2,343.7,60.6,17.2,0.0,732.8,0.0,5.8,649.2,77.8,324,,KURNOOL,
Andhra Pradesh,Kurnool,IMD110-P323,1965,0.0,0.1,2.5,11.0,7.1,103.5,126.9,156.5,167.3,2.4,4.1,10.3,591.8,0.1,20.6,554.2,16.8,324,,KURNOOL,
Andhra Pradesh,Kurnool,IMD110-P323,1966,6.7,0.0,0.0,13.1,27.4,53.8,140.3,105.8,146.2,57.1,88.5,2.7,641.7,6.7,40.6,446.2,148.3,324,,KURNOOL,
Andhra Pradesh,Kurnool,IMD110-P323,1967,0.6,0.0,1.5,12.0,16.7,64.2,137.0,70.5,116.5,67.0,5.4,3.2,494.5,0.6,30.2,388.1,75.6,324,,KURNOOL,
Andhra Pradesh,Kurnool,IMD110-P323,1968,0.3,0.9,12.5,15.5,16.2,60.8,84.3,16.8,189.8,102.3,32.1,1.0,532.7,1.2,44.3,351.7,135.5,324,,KURNOOL,
Andhra Pradesh,Kurnool,IMD110-P323,1969,0.0,0.0,1.2,3.0,70.0,51.4,135.0,146.4,85.6,79.1,19.3,8.2,599.3,0.0,74.2,418.4,106.7,324,,KURNOOL,
Andhra Pradesh,Kurnool,IMD110-P323,1970,0.0,0.6,9.5,19.7,78.6,49.5,94.5,230.9,146.3,65.4,0.0,0.0,695.0,0.6,107.8,521.2,65.4,324,,KURNOOL,
Andhra Pradesh,Kurnool,IMD110-P323,1971,0.8,0.6,19.8,10.5,37.3,48.1,50.2,102.8,52.2,156.1,0.7,0.0,479.2,1.4,67.6,253.3,156.8,324,,KURNOOL,
Andhra Pradesh,Kurnool,IMD110-P323,1972,0.0,2.0,0.0,13.2,53.7,97.7,56.2,20.5,114.5,76.4,37.3,8.7,480.2,2.0,66.9,288.9,122.3,324,,KURNOOL,
Andhra Pradesh,Kurnool,IMD110-P323,1973,0.0,0.0,0.0,4.0,11.8,77.7,53.3,187.2,126.3,153.5,5.4,0.1,619.4,0.0,15.9,444.5,158.9,324,,KURNOOL,
Andhra Pradesh,Kurnool,IMD110-P323,1974,0.0,0.0,0.1,8.4,70.1,64.2,44.9,94.5,185.7,165.1,4.4,0.0,637.5,0.0,78.6,389.3,169.6,324,,KURNOOL,
Andhra Pradesh,Kurnool,IMD110-P323,1975,0.1,0.4,6.6,6.2,39.0,50.8,195.7,146.6,157.7,393.6,21.6,0.4,1018.7,0.5,51.8,550.9,415.6,324,,KURNOOL,
Andhra Pradesh,Kurnool,IMD110-P323,1976,0.0,0.0,0.0,18.9,16.2,65.2,96.3,134.0,83.6,21.5,43.1,0.3,479.2,0.0,35.0,379.1,65.0,324,,KURNOOL,
Andhra Pradesh,Kurnool,IMD110-P323,1977,0.0,0.0,1.9,21.5,91.2,116.5,110.4,151.5,41.0,123.8,78.7,0.0,736.6,0.0,114.7,419.4,202.5,324,,KURNOOL,
Andhra Pradesh,Kurnool,IMD110-P323,1978,0.0,4.4,1.5,27.6,34.5,72.8,163.7,173.7,242.1,45.4,28.9,28.1,822.6,4.4,63.6,652.3,102.3,324,,KURNOOL,
Andhra Pradesh,Kurnool,IMD110-P323,1979,2.1,12.5,0.0,4.6,133.5,75.9,73.7,50.5,192.1,41.2,86.5,0.0,672.8,14.6,138.2,392.3,127.8,324,,KURNOOL,
Andhra Pradesh,Kurnool,IMD110-P323,1980,0.0,0.0,2.7,13.8,16.6,86.4,107.7,127.0,100.6,3.9,20.3,3.0,482.1,0.0,33.1,421.7,27.3,324,,KURNOOL,
Andhra Pradesh,Kurnool,IMD110-P323,1981,9.8,0.0,14.8,17.5,17.7,68.4,93.7,122.6,247.9,78.7,14.5,0.7,686.3,9.8,50.0,532.6,93.9,324,,KURNOOL,
Andhra Pradesh,Kurnool,IMD110-P323,1982,3.3,0.0,0.0,16.2,52.8,112.5,99.0,41.9,124.5,117.0,57.9,0.0,625.3,3.3,69.1,377.9,175.0,325,,KURNOOL,
Andhra Pradesh,Kurnool,IMD110-P323,1983,0.0,0.0,0.6,0.2,50.8,68.8,113.8,224.0,248.4,79.1,8.7,3.1,797.5,0.0,51.6,655.0,90.9,325,,KURNOOL,
Andhra Pradesh,Kurnool,IMD110-P323,1984,0.2,3.6,3.5,11.8,10.7,44.0,219.7,23.5,66.1,53.0,3.0,8.1,447.3,3.8,26.0,353.3,64.2,325,,KURNOOL,
Andhra Pradesh,Kurnool,IMD110-P323,1985,0.1,0.0,7.8,8.3,25.1,32.6,92.4,85.4,46.6,148.5,8.2,6.5,461.6,0.1,41.2,257.0,163.2,325,,KURNOOL,
Andhra Pradesh,Kurnool,IMD110-P323,1986,14.5,5.5,0.0,11.8,10.0,76.8,69.1,37.7,93.7,38.8,55.4,4.4,417.7,20.0,21.7,277.3,98.7,325,,KURNOOL,
Andhra Pradesh,Kurnool,IMD110-P323,1987,9.3,0.0,1.9,0.8,52.8,71.0,25.5,182.9,96.6,175.9,103.8,30.1,750.6,9.3,55.6,375.9,309.8,325,,KURNOOL,
Andhra Pradesh,Kurnool,IMD110-P323,1988,0.0,1.8,2.5,39.0,43.0,32.5,189.9,184.2,188.2,19.4,0.0,2.6,703.0,1.8,84.5,594.8,22.0,325,,KURNOOL,
Andhra Pradesh,Kurnool,IMD110-P323,1989,0.0,0.0,49.6,1.9,12.1,67.6,246.3,57.3,179.1,21.7,23.6,0.3,659.5,0.0,63.6,550.3,45.6,325,,KURNOOL,
Andhra Pradesh,Kurnool,IMD110-P323,1990,2.1,0.0,9.0,1.4,150.9,84.1,66.7,120.3,106.0,129.6,20.9,2.8,693.8,2.1,161.3,377.2,153.2,325,,KURNOOL,
Andhra Pradesh,Kurnool,IMD110-P323,1991,7.0,0.0,5.5,26.5,34.1,201.9,126.3,60.4,111.2,31.3,54.0,18.0,676.1,7.0,66.1,499.8,103.2,325,,KURNOOL,
Andhra Pradesh,Kurnool,IMD110-P323,1992,0.0,0.0,0.0,26.0,40.3,48.5,119.7,171.8,58.6,51.0,68.3,0.0,584.3,0.0,66.4,398.6,119.3,325,,KURNOOL,
Andhra Pradesh,Kurnool,IMD110-P323,1993,0.0,0.0,22.9,18.3,37.1,22.7,129.4,151.5,113.5,155.2,19.6,42.3,712.4,0.0,78.3,417.1,217.0,325,,KURNOOL,
Andhra Pradesh,Kurnool,IMD110-P323,1994,10.0,23.2,0.0,26.2,23.0,36.9,69.9,88.7,8.7,266.1,25.1,0.0,577.8,33.2,49.2,204.2,291.1,325,,KURNOOL,
Andhra Pradesh,Kurnool,IMD110-P323,1995,11.8,0.0,6.1,12.7,51.1,51.9,137.0,208.0,93.1,120.1,6.6,0.0,698.4,11.8,70.0,489.9,126.7,325,,KURNOOL,
Andhra Pradesh,Kurnool,IMD110-P323,1996,0.0,0.8,0.0,34.1,22.9,208.2,71.1,205.7,188.4,279.5,9.8,9.7,1030.2,0.8,56.9,673.4,299.0,325,,KURNOOL,
Andhra Pradesh,Kurnool,IMD110-P323,1997,18.5,5.6,14.3,21.8,42.0,51.0,54.6,92.0,200.4,57.7,49.1,20.4,627.3,24.1,78.1,397.9,127.1,325,,KURNOOL,
Andhra Pradesh,Kurnool,IMD110-P323,1998,0.4,0.8,4.5,43.0,26.0,71.8,137.0,162.5,282.9,185.9,17.4,0.0,932.0,1.2,73.5,654.1,203.2,325,,KURNOOL,
Andhra Pradesh,Kurnool,IMD110-P323,1999,0.2,5.2,2.1,10.7,63.6,59.4,63.5,144.7,78.7,44.1,3.2,0.0,475.4,5.3,76.4,346.4,47.3,325,,KURNOOL,
Andhra Pradesh,Kurnool,IMD110-P323,2000,0.0,18.3,0.8,15.6,48.3,162.5,145.0,314.4,88.4,112.3,9.6,3.8,919.1,18.3,64.7,710.4,125.7,325,,KURNOOL,
Andhra Pradesh,Kurnool,IMD110-P323,2001,8.9,0.0,5.8,36.5,14.1,35.6,29.4,111.6,198.1,267.1,11.5,1.5,720.2,8.9,56.4,374.7,280.1,325,,KURNOOL,
Andhra Pradesh,Kurnool,IMD110-P323,2002,19.2,1.4,0.0,14.1,61.1,84.4,67.1,123.3,61.2,135.5,7.3,0.0,574.6,20.6,75.2,336.0,142.8,325,,KURNOOL,
Andhra Pradesh,Kurnool,IMD110-P323,2003,0.0,5.3,23.2,15.3,0.0,68.1,113.5,129.7,112.2,110.3,4.7,1.4,583.4,5.3,38.4,423.4,116.3,325,,KURNOOL,
Andhra Pradesh,Kurnool,IMD110-P323,2004,9.0,3.7,10.5,41.4,83.8,52.3,115.1,43.4,142.4,110.4,1.2,0.0,613.2,12.7,135.7,353.2,111.6,325,,KURNOOL,
Andhra Pradesh,Kurnool,IMD110-P323,2005,5.3,6.9,12.5,38.1,34.9,47.9,155.1,113.3,148.8,249.2,6.8,2.6,821.3,12.2,85.4,465.0,258.6,325,,KURNOOL,
Andhra Pradesh,Kurnool,IMD110-P323,2006,0.0,0.0,26.1,17.7,74.6,106.4,78.6,41.3,159.6,31.0,56.5,0.5,592.4,0.0,118.3,386.0,88.1,325,,KURNOOL,
Andhra Pradesh,Kurnool,IMD110-P323,2007,0.0,2.0,0.3,24.1,43.3,400.1,63.0,177.9,238.2,47.3,17.6,0.0,1013.8,2.0,67.6,879.3,65.0,325,,KURNOOL,
Andhra Pradesh,Kurnool,IMD110-P323,2008,0.0,16.3,94.7,3.2,30.5,33.5,93.7,131.1,117.1,80.5,53.7,1.1,655.4,16.3,128.4,375.4,135.3,325,,KURNOOL,
Andhra Pradesh,Kurnool,IMD110-P323,2009,0.0,0.0,5.8,6.8,54.6,96.5,23.2,98.3,232.0,185.8,48.3,2.6,753.8,0.0,67.2,450.0,236.6,325,,KURNOOL,
Andhra Pradesh,Kurnool,IMD110-P323,2010,12.6,1.1,0.1,14.1,38.2,102.5,225.6,180.0,126.9,63.4,51.3,11.0,826.8,13.7,52.4,635.0,125.7,325,,KURNOOL,
Andhra Pradesh,Nellore,IMD110-P326,1901,13.8,68.2,0.2,0.3,24.6,27.2,71.6,84.5,97.2,96.5,403.8,162.4,1050.2,82.0,25.0,280.5,662.7,326,,NELLORE,
Andhra Pradesh,Nellore,IMD110-P326,1902,2.0,0.0,0.5,2.0,6.9,49.2,48.0,108.4,128.4,462.2,327.1,188.2,1323.0,2.0,9.4,333.9,977.6,326,,NELLORE,
Andhra Pradesh,Nellore,IMD110-P326,1903,77.1,0.0,0.0,0.0,114.8,43.2,68.5,91.8,114.2,106.4,573.7,171.6,1361.4,77.1,114.8,317.8,851.7,326,,NELLORE,
Andhra Pradesh,Nellore,IMD110-P326,1904,128.8,0.0,0.0,0.1,63.3,7.0,46.8,34.8,37.0,135.0,13.4,62.6,528.8,128.8,63.4,125.6,210.9,326,,NELLORE,
Andhra Pradesh,Nellore,IMD110-P326,1905,7.0,8.3,11.8,6.8,14.7,80.6,25.4,107.3,68.2,348.5,124.4,3.1,806.1,15.3,33.3,281.6,476.0,326,,NELLORE,
Andhra Pradesh,Nellore,IMD110-P326,1906,186.3,4.1,11.6,2.7,5.0,38.3,93.4,123.0,63.6,118.7,76.8,362.4,1085.8,190.5,19.3,318.2,557.8,326,,NELLORE,
Andhra Pradesh,Nellore,IMD110-P326,1907,5.6,0.0,6.8,30.5,3.9,29.6,104.9,12.6,37.8,158.2,353.1,190.6,933.6,5.6,41.2,184.9,701.9,326,,NELLORE,
Andhra Pradesh,Nellore,IMD110-P326,1908,45.6,0.4,0.0,3.7,5.7,27.2,44.0,62.8,177.2,415.6,156.0,19.7,957.9,46.0,9.4,311.2,591.3,326,,NELLORE,
Andhra Pradesh,Nellore,IMD110-P326,1909,227.2,0.0,0.0,37.5,68.0,33.1,60.3,166.2,308.4,18.2,33.1,0.5,952.5,227.2,105.5,568.0,51.7,326,,NELLORE,
Andhra Pradesh,Nellore,IMD110-P326,1910,3.7,0.0,0.0,4.9,5.2,42.9,121.9,109.1,108.9,384.6,211.4,0.0,992.6,3.8,10.1,382.7,596.0,326,,NELLORE,
Andhra Pradesh,Nellore,IMD110-P326,1911,0.0,0.0,0.0,3.7,10.4,31.6,32.5,32.8,134.1,223.0,332.4,143.4,943.9,0.0,14.1,231.0,698.8,326,,NELLORE,
Andhra Pradesh,Nellore,IMD110-P326,1912,12.1,0.0,0.0,0.0,12.3,34.1,76.7,86.8,106.4,350.9,375.1,7.3,1061.7,12.1,12.3,304.0,733.3,326,,NELLORE,
Andhra Pradesh,Nellore,IMD110-P326,1913,0.1,8.8,0.0,4.1,25.1,9.2,82.2,46.4,102.4,370.1,25.7,220.2,894.3,8.9,29.2,240.2,616.0,326,,NELLORE,
Andhra Pradesh,Nellore,IMD110-P326,1914,11.3,0.0,2.7,58.5,11.6,29.9,78.6,95.1,139.1,162.6,167.9,22.2,779.6,11.3,72.8,342.8,352.7,326,,NELLORE,
Andhra Pradesh,Nellore,IMD110-P326,1915,172.8,11.8,74.5,4.1,10.4,33.2,132.8,47.1,83.4,53.6,667.3,15.7,1306.7,184.6,89.1,296.5,736.6,326,,NELLORE,
Andhra Pradesh,Nellore,IMD110-P326,1916,0.1,0.4,0.0,2.9,21.0,53.2,116.1,108.6,112.5,306.7,226.5,18.4,966.5,0.5,23.9,390.5,551.6,326,,NELLORE,
Andhra Pradesh,Nellore,IMD110-P326,1917,14.0,20.9,0.0,7.0,61.6,128.8,52.0,131.0,178.7,430.0,279.1,103.6,1406.6,34.9,68.6,490.5,812.7,326,,NELLORE,
Andhra Pradesh,Nellore,IMD110-P326,1918,177.1,4.1,2.7,2.4,49.9,29.6,12.6,62.3,99.5,8.8,817.4,93.4,1359.8,181.2,55.0,203.9,919.6,326,,NELLORE,
Andhra Pradesh,Nellore,IMD110-P326,1919,26.3,0.0,42.3,12.1,32.7,28.5,121.9,27.7,106.1,133.3,446.4,145.3,1122.7,26.3,87.1,284.3,725.0,326,,NELLORE,
Andhra Pradesh,Nellore,IMD110-P326,1920,90.0,4.0,4.2,16.8,46.4,19.9,14.8,43.2,87.4,560.1,351.4,0.1,1238.3,94.0,67.3,165.3,911.6,326,,NELLORE,
Andhra Pradesh,Nellore,IMD110-P326,1921,43.9,0.0,0.0,42.4,3.2,41.7,149.2,42.7,89.9,386.9,85.8,5.0,890.7,43.9,45.6,323.5,477.7,326,,NELLORE,
Andhra Pradesh,Nellore,IMD110-P326,1922,91.9,0.0,0.0,3.8,28.1,48.8,46.8,73.2,17.8,275.0,556.5,16.3,1158.2,91.9,31.9,186.5,847.8,326,,NELLORE,
Andhra Pradesh,Nellore,IMD110-P326,1923,14.6,9.9,34.1,6.4,12.5,44.2,39.5,34.8,160.6,419.0,60.8,17.4,853.7,24.5,53.0,279.0,497.1,326,,NELLORE,
Andhra Pradesh,Nellore,IMD110-P326,1924,26.3,0.0,1.3,2.2,19.9,36.3,79.7,55.0,218.4,54.9,496.0,1.1,991.2,26.3,23.4,389.5,552.0,326,,NELLORE,
Andhra Pradesh,Nellore,IMD110-P326,1925,0.0,0.0,7.4,10.0,95.3,35.8,71.5,126.1,52.5,218.3,514.7,416.8,1548.4,0.0,112.7,285.9,1149.8,326,,NELLORE,
Andhra Pradesh,Nellore,IMD110-P326,1926,121.4,0.0,18.8,34.1,6.0,35.0,98.2,85.2,77.7,133.8,164.0,14.2,788.3,121.4,58.9,295.9,312.0,326,,NELLORE,
Andhra Pradesh,Nellore,IMD110-P326,1927,2.8,0.4,0.0,7.3,10.5,46.0,78.6,72.3,106.9,99.1,472.8,2.6,899.3,3.3,17.9,303.8,574.4,326,,NELLORE,
Andhra Pradesh,Nellore,IMD110-P326,1928,1.7,39.5,14.1,34.5,21.0,28.7,87.3,85.4,125.3,313.9,68.6,78.4,898.5,41.2,69.6,326.7,461.0,326,,NELLORE,
Andhra Pradesh,Nellore,IMD110-P326,1929,39.3,35.1,0.0,32.7,34.8,32.3,42.2,46.8,167.1,195.9,281.8,62.9,970.9,74.4,67.5,288.4,540.6,326,,NELLORE,
Andhra Pradesh,Nellore,IMD110-P326,1930,26.2,30.7,10.6,2.9,236.5,73.1,23.1,34.7,44.2,637.0,296.3,188.9,1604.3,56.9,250.0,175.2,1122.3,326,,NELLORE,
Andhra Pradesh,Nellore,IMD110-P326,1931,2.6,0.0,0.0,1.9,41.2,50.4,101.2,59.8,81.0,393.4,273.7,159.5,1164.6,2.6,43.1,292.3,826.6,326,,NELLORE,
Andhra Pradesh,Nellore,IMD110-P326,1932,0.0,22.6,0.0,18.4,66.3,22.6,60.0,94.3,49.2,143.1,279.4,39.9,795.7,22.6,84.7,226.1,462.3,326,,NELLORE,
Andhra Pradesh,Nellore,IMD110-P326,1933,0.9,0.0,3.2,17.6,17.4,22.4,51.2,88.1,50.3,330.1,144.9,253.7,979.9,0.9,38.2,212.1,728.7,326,,NELLORE,
Andhra Pradesh,Nellore,IMD110-P326,1934,46.0,0.0,0.5,24.1,7.1,63.6,70.2,50.1,34.0,362.2,86.4,23.3,767.4,46.0,31.7,217.9,471.8,327,,NELLORE,
Andhra Pradesh,Nellore,IMD110-P326,1935,19.2,0.0,3.0,8.0,1.5,40.3,80.9,113.2,87.0,277.8,97.8,27.4,756.2,19.2,12.6,321.4,403.0,327,,NELLORE,
Andhra Pradesh,Nellore,IMD110-P326,1936,0.0,89.9,6.2,12.6,25.1,41.7,70.3,39.4,54.5,165.6,503.9,58.6,1067.8,89.9,43.9,205.9,728.1,327,,NELLORE,
Andhra Pradesh,Nellore,IMD110-P326,1937,0.7,40.9,3.0,71.0,8.7,13.5,117.1,41.2,85.9,274.2,360.5,40.1,1056.8,41.6,82.7,257.7,674.9,327,,NELLORE,
Andhra Pradesh,Nellore,IMD110-P326,1938,0.0,17.3,2.7,0.0,6.0,84.8,53.6,127.5,219.9,108.8,5.6,27.2,653.4,17.3,8.7,485.7,141.7,327,,NELLORE,
Andhra Pradesh,Nellore,IMD110-P326,1939,23.9,0.0,19.6,93.6,1.9,33.3,52.7,44.6,88.5,412.6,414.8,22.3,1207.7,23.9,115.1,219.0,849.7,327,,NELLORE,
Andhra Pradesh,Nellore,IMD110-P326,1940,1.7,0.5,33.6,16.4,221.2,57.5,75.5,82.9,58.1,251.3,662.5,60.6,1521.8,2.1,271.2,274.0,974.4,327,,NELLORE,
Andhra Pradesh,Nellore,IMD110-P326,1941,0.9,3.2,0.0,0.0,3.6,53.5,26.1,61.3,122.1,234.6,363.9,163.6,1032.7,4.1,3.6,262.9,762.1,327,,NELLORE,
Andhra Pradesh,Nellore,IMD110-P326,1942,1.6,0.0,0.0,10.5,9.2,59.3,38.2,95.9,63.6,139.8,145.0,244.9,807.9,1.6,19.7,257.0,529.6,327,,NELLORE,
Andhra Pradesh,Nellore,IMD110-P326,1943,18.4,1.3,0.0,24.2,257.1,19.7,86.8,32.7,64.7,765.1,199.1,55.6,1524.8,19.7,281.4,203.9,1019.8,327,,NELLORE,
Andhra Pradesh,Nellore,IMD110-P326,1944,5.6,34.9,155.3,5.5,9.0,66.0,121.0,48.5,102.8,245.5,598.0,40.3,1432.3,40.5,169.9,338.2,883.8,327,,NELLORE,
Andhra Pradesh,Nellore,IMD110-P326,1945,0.0,0.0,0.0,38.3,7.3,13.3,98.0,51.5,105.6,76.7,249.7,2.3,642.5,0.0,45.6,268.4,328.6,327,,NELLORE,
Andhra Pradesh,Nellore,IMD110-P326,1946,3.1,0.0,1.1,8.2,46.5,87.7,60.3,90.8,68.4,124.6,648.1,581.7,1720.6,3.1,55.9,307.3,1354.3,327,,NELLORE,
Andhra Pradesh,Nellore,IMD110-P326,1947,110.1,9.2,0.0,5.0,10.4,19.9,92.1,71.8,98.8,173.1,57.6,41.9,689.8,119.3,15.4,282.5,272.7,327,,NELLORE,
Andhra Pradesh,Nellore,IMD110-P326,1948,38.4,1.4,9.2,10.8,9.7,39.1,66.4,88.4,57.6,177.4,293.3,56.6,848.3,39.8,29.7,251.5,527.3,327,,NELLORE,
Andhra Pradesh,Nellore,IMD110-P326,1949,0.0,0.0,0.0,13.9,157.5,75.4,158.3,181.3,166.9,63.3,140.2,0.0,956.7,0.0,171.4,581.9,203.4,327,,NELLORE,
Andhra Pradesh,Nellore,IMD110-P326,1950,0.0,4.2,5.0,0.0,31.5,19.9,99.8,87.3,136.2,359.9,176.8,0.0,920.6,4.2,36.4,343.2,536.7,327,,NELLORE,
Andhra Pradesh,Nellore,IMD110-P326,1951,2.5,0.0,18.6,15.6,26.5,34.7,55.8,69.0,65.6,48.3,243.2,0.0,579.7,2.5,60.6,225.1,291.5,327,,NELLORE,
Andhra Pradesh,Nellore,IMD110-P326,1952,0.0,6.7,0.0,0.8,345.0,62.1,24.5,94.1,46.7,107.2,10.4,339.5,1036.9,6.7,345.8,227.4,457.1,327,,NELLORE,
Andhra Pradesh,Nellore,IMD110-P326,1953,5.5,0.8,0.0,8.5,3.8,28.2,71.4,77.7,91.9,450.0,54.9,1.7,794.4,6.2,12.3,269.2,506.7,327,,NELLORE,
Andhra Pradesh,Nellore,IMD110-P326,1954,10.8,0.7,9.8,0.0,16.4,32.4,144.9,66.4,102.3,483.2,28.9,163.2,1059.0,11.4,26.2,346.0,675.3,327,,NELLORE,
Andhra Pradesh,Nellore,IMD110-P326,1955,6.1,0.7,0.0,1.8,186.3,12.6,82.1,108.6,57.8,108.5,133.1,135.2,832.8,6.8,188.1,261.1,376.8,327,,NELLORE,
Andhra Pradesh,Nellore,IMD110-P326,1956,18.2,1.8,0.0,52.0,27.6,60.1,85.6,81.9,162.7,343.6,338.9,165.7,1338.1,20.0,79.6,390.3,848.2,327,,NELLORE,
Andhra Pradesh,Nellore,IMD110-P326,1957,0.0,0.6,5.3,0.7,19.5,96.8,103.1,74.5,68.2,213.3,365.7,0.6,948.3,0.6,25.5,342.6,579.7,327,,NELLORE,
Andhra Pradesh,Nellore,IMD110-P326,1958,3.6,0.4,0.8,2.8,14.1,13.4,54.4,145.5,86.1,311.7,362.8,62.9,1058.4,4.0,17.7,299.4,737.3,327,,NELLORE,
Andhra Pradesh,Nellore,IMD110-P326,1959,1.7,10.6,0.0,43.4,5.3,116.0,51.1,44.0,67.8,215.5,160.1,50.1,765.6,12.3,48.7,278.9,425.8,327,,NELLORE,
Andhra Pradesh,Nellore,IMD110-P326,1960,4.5,0.0,8.5,2.6,15.5,26.2,84.2,31.0,244.6,127.8,720.0,33.9,1298.9,4.5,26.6,386.1,881.8,327,,NELLORE,
Andhra Pradesh,Nellore,IMD110-P326,1961,8.5,11.0,0.0,0.0,28.3,100.8,98.2,201.6,84.8,128.4,321.8,1.4,984.8,19.5,28.3,485.3,451.7,327,,NELLORE,
Andhra Pradesh,Nellore,IMD110-P326,1962,3.8,11.4,0.0,26.3,106.9,36.0,30.6,94.8,110.5,636.2,90.3,51.8,1198.4,15.2,133.2,271.8,778.2,327,,NELLORE,
Andhra Pradesh,Nellore,IMD110-P326,1963,28.7,0.0,7.6,35.3,17.7,63.0,72.2,149.1,54.0,236.1,86.3,120.5,870.8,28.7,60.7,338.3,443.0,327,,NELLORE,
Andhra Pradesh,Nellore,IMD110-P326,1964,0.0,0.0,0.0,0.6,10.2,26.0,144.3,80.2,167.8,76.4,322.5,44.0,872.0,0.0,10.8,418.3,442.9,327,,NELLORE,
Andhra Pradesh,Nellore,IMD110-P326,1965,2.8,2.3,4.0,51.6,2.9,23.4,75.9,168.7,101.2,106.0,189.2,207.5,935.5,5.1,58.6,369.2,502.7,327,,NELLORE,
Andhra Pradesh,Nellore,IMD110-P326,1966,42.7,0.9,0.0,0.0,65.7,33.5,93.3,79.2,231.8,219.4,570.4,60.0,1396.9,43.7,65.7,437.8,849.7,327,,NELLORE,
Andhra Pradesh,Nellore,IMD110-P326,1967,49.6,0.0,61.5,5.4,21.9,66.9,59.3,54.2,101.8,107.3,153.6,221.8,903.3,49.6,88.8,282.2,482.8,327,,NELLORE,
Andhra Pradesh,Nellore,IMD110-P326,1968,1.2,2.1,4.8,27.5,2.6,33.8,68.1,10.6,119.5,127.1,169.4,118.2,685.0,3.3,34.9,232.0,414.7,328,,NELLORE,
Andhra Pradesh,Nellore,IMD110-P326,1969,0.0,0.0,0.0,0.0,38.5,49.1,104.4,92.7,21.1,546.2,234.8,283.0,1369.8,0.0,38.5,267.2,1064.0,328,,NELLORE,
Andhra Pradesh,Nellore,IMD110-P326,1970,1.9,1.0,7.2,0.5,96.2,52.9,129.8,131.7,60.7,156.9,108.0,0.3,747.2,3.0,103.9,375.1,265.2,328,,NELLORE,
Andhra Pradesh,Nellore,IMD110-P326,1971,6.9,0.6,18.0,44.7,34.3,18.1,53.0,59.3,91.5,318.8,115.8,27.2,788.1,7.5,97.0,221.9,461.8,328,,NELLORE,
Andhra Pradesh,Nellore,IMD110-P326,1972,1.4,0.6,0.0,2.8,33.6,65.7,32.5,30.3,64.5,419.7,288.1,236.3,1175.6,2.1,36.5,192.9,944.2,328,,NELLORE,
Andhra Pradesh,Nellore,IMD110-P326,1973,0.0,0.0,2.1,0.0,24.2,34.1,51.9,112.3,93.2,214.8,136.2,63.3,732.1,0.0,26.3,291.5,414.3,328,,NELLORE,
Andhra Pradesh,Nellore,IMD110-P326,1974,0.0,0.0,0.0,0.6,9.4,36.1,97.2,34.6,230.7,143.7,131.0,0.1,683.5,0.0,10.1,398.6,274.8,328,,NELLORE,
Andhra Pradesh,Nellore,IMD110-P326,1975,6.8,1.6,2.3,0.0,16.2,36.4,114.3,89.7,109.9,455.5,267.1,19.7,1119.7,8.4,18.6,350.4,742.4,328,,NELLORE,
Andhra Pradesh,Nellore,IMD110-P326,1976,1.8,0.3,0.0,5.1,2.7,57.2,150.7,227.8,31.3,423.0,586.1,30.7,1516.6,2.1,7.7,467.0,1039.7,328,,NELLORE,
Andhra Pradesh,Nellore,IMD110-P326,1977,0.7,0.2,0.0,26.4,29.4,31.5,37.2,85.5,34.5,427.0,275.9,15.7,964.1,1.0,55.8,188.7,718.6,328,,NELLORE,
Andhra Pradesh,Nellore,IMD110-P326,1978,14.1,10.7,0.0,10.6,10.5,35.2,76.0,51.3,106.2,152.8,326.7,171.5,965.8,24.9,21.1,268.8,651.0,328,,NELLORE,
Andhra Pradesh,Nellore,IMD110-P326,1979,16.6,30.3,0.8,12.9,221.4,8.3,31.3,46.2,156.9,106.6,548.4,63.3,1243.1,47.0,235.1,242.8,718.3,328,,NELLORE,
Andhra Pradesh,Nellore,IMD110-P326,1980,0.0,0.0,0.0,0.2,22.0,26.6,74.9,158.5,44.9,78.2,449.3,39.2,893.9,0.0,22.2,305.0,566.6,328,,NELLORE,
Andhra Pradesh,Nellore,IMD110-P326,1981,22.8,0.0,15.8,6.6,19.7,30.1,104.9,95.5,208.6,362.5,162.5,115.4,1144.4,22.8,42.1,439.1,640.4,328,,NELLORE,
Andhra Pradesh,Nellore,IMD110-P326,1982,1.0,0.0,0.0,1.1,8.2,54.2,78.2,23.7,103.8,223.1,237.4,0.0,730.9,1.0,9.3,260.0,460.6,328,,NELLORE,
Andhra Pradesh,Nellore,IMD110-P326,1983,0.0,2.0,1.2,0.0,28.3,40.0,171.5,155.8,225.8,268.0,123.0,137.2,1152.8,2.0,29.5,593.1,528.2,328,,NELLORE,
Andhra Pradesh,Nellore,IMD110-P326,1984,13.5,245.7,6.1,5.0,0.0,13.3,112.5,10.0,210.9,113.4,585.8,100.0,1416.3,259.2,11.1,346.7,799.3,328,,NELLORE,
Andhra Pradesh,Nellore,IMD110-P326,1985,59.6,0.0,0.0,3.0,7.1,19.0,79.9,29.9,51.4,112.9,395.9,146.8,905.8,59.6,10.2,180.4,655.7,328,,NELLORE,
Andhra Pradesh,Nellore,IMD110-P326,1986,191.9,28.5,0.0,4.4,9.0,24.4,27.1,40.2,68.0,418.9,197.4,23.2,1033.0,220.4,13.4,159.7,639.5,328,,NELLORE,
Andhra Pradesh,Nellore,IMD110-P326,1987,8.7,0.0,21.4,8.6,15.3,50.8,30.2,144.0,55.2,229.0,330.5,196.6,1090.2,8.7,45.3,280.1,756.1,328,,NELLORE,
Andhra Pradesh,Nellore,IMD110-P326,1988,0.6,0.0,9.0,12.1,32.9,31.9,154.2,175.6,147.8,30.5,182.4,136.1,913.1,0.6,54.1,509.4,349.0,328,,NELLORE,
Andhra Pradesh,Nellore,IMD110-P326,1989,0.4,0.0,5.6,0.0,8.3,19.1,167.4,30.3,74.8,40.5,198.1,129.0,673.4,0.4,13.9,291.6,367.6,328,,NELLORE,
Andhra Pradesh,Nellore,IMD110-P326,1990,4.2,10.6,14.8,24.1,216.5,23.4,83.3,55.9,126.0,349.8,321.6,33.6,1263.8,14.8,255.4,288.6,705.0,328,,NELLORE,
Andhra Pradesh,Nellore,IMD110-P326,1991,24.5,12.3,0.0,12.3,14.4,239.8,89.5,101.2,105.0,316.0,583.3,17.6,1515.9,36.8,26.7,535.6,916.8,328,,NELLORE,
Andhra Pradesh,Nellore,IMD110-P326,1992,9.3,0.0,0.0,18.7,21.1,17.0,86.6,112.6,114.8,98.2,422.8,7.6,909.0,9.3,39.9,331.1,528.7,328,,NELLORE,
Andhra Pradesh,Nellore,IMD110-P326,1993,7.3,43.5,5.7,16.4,37.1,22.2,75.4,59.8,89.8,350.9,351.1,165.8,1225.0,50.8,59.2,247.2,867.8,328,,NELLORE,
Andhra Pradesh,Nellore,IMD110-P326,1994,30.4,24.1,0.0,16.4,21.8,20.4,82.2,98.4,19.4,350.6,401.6,161.4,1226.7,54.5,38.2,220.4,913.6,328,,NELLORE,
Andhra Pradesh,Nellore,IMD110-P326,1995,145.4,1.7,5.7,34.6,315.9,45.8,171.9,129.6,96.7,193.6,112.6,13.3,1266.8,147.0,356.2,444.0,319.5,328,,NELLORE,
Andhra Pradesh,Nellore,IMD110-P326,1996,2.0,0.0,0.0,24.7,26.5,271.7,64.0,92.7,125.0,584.9,159.0,279.5,1629.9,2.0,51.2,553.4,1023.4,328,,NELLORE,
Andhra Pradesh,Nellore,IMD110-P326,1997,53.3,66.3,4.8,46.2,22.2,29.6,66.4,38.3,184.2,147.9,523.2,308.7,1491.0,119.6,73.2,318.4,979.8,328,,NELLORE,
Andhra Pradesh,Nellore,IMD110-P326,1998,3.8,6.6,0.3,12.2,5.2,29.7,55.6,107.7,199.0,157.4,301.0,36.7,915.2,10.4,17.7,392.0,495.1,328,,NELLORE,
Andhra Pradesh,Nellore,IMD110-P326,1999,4.7,0.0,0.0,0.0,33.7,21.5,42.7,75.4,37.1,211.3,188.7,13.5,628.6,4.7,33.7,176.7,413.5,328,,NELLORE,
Andhra Pradesh,Nellore,IMD110-P326,2000,0.3,143.4,0.0,10.8,55.4,75.6,96.9,201.3,78.7,110.8,148.5,113.0,1034.8,143.7,66.3,452.5,372.3,328,,NELLORE,
Andhra Pradesh,Nellore,IMD110-P326,2001,6.4,4.0,15.3,86.6,12.1,30.5,27.7,56.4,137.6,527.2,252.9,147.7,1304.3,10.4,113.9,252.2,927.8,328,,NELLORE,
Andhra Pradesh,Nellore,IMD110-P326,2002,177.0,2.6,8.0,27.7,20.5,30.8,30.1,60.6,64.5,363.5,215.3,21.9,1022.3,179.5,56.1,186.0,600.6,329,,NELLORE,
Andhra Pradesh,Nellore,IMD110-P326,2003,0.4,0.0,39.7,8.6,8.0,26.2,225.0,59.7,88.6,243.8,41.0,85.5,826.5,0.4,56.2,399.5,370.3,329,,NELLORE,
Andhra Pradesh,Nellore,IMD110-P326,2004,15.4,0.0,15.5,25.2,171.0,27.1,85.9,22.6,113.4,422.5,294.1,0.0,1192.7,15.4,211.7,248.9,716.6,329,,NELLORE,
Andhra Pradesh,Nellore,IMD110-P326,2005,7.9,21.3,15.8,21.4,69.9,24.4,59.6,69.2,73.9,602.6,299.2,146.0,1411.2,29.2,107.1,227.2,1047.7,329,,NELLORE,
Andhra Pradesh,Nellore,IMD110-P326,2006,0.9,0.0,40.9,14.0,27.6,57.7,29.8,41.9,99.7,231.4,303.7,44.8,892.6,0.9,82.6,229.2,579.9,329,,NELLORE,
Andhra Pradesh,Nellore,IMD110-P326,2007,0.0,0.6,0.0,1.6,18.6,124.6,93.8,163.9,67.6,641.5,80.5,69.0,1261.8,0.6,20.2,450.0,791.1,329,,NELLORE,
Andhra Pradesh,Nellore,IMD110-P326,2008,14.8,47.7,59.1,2.8,7.5,15.0,69.9,96.6,67.8,274.7,387.3,10.6,1053.9,62.5,69.4,249.4,672.6,329,,NELLORE,
Andhra Pradesh,Nellore,IMD110-P326,2009,0.2,0.0,0.0,4.1,27.7,37.1,26.1,122.0,84.4,38.6,463.6,106.5,910.3,0.2,31.7,269.6,608.7,329,,NELLORE,
Andhra Pradesh,Nellore,IMD110-P326,2010,2.7,0.0,0.0,5.4,105.7,108.6,111.8,207.3,89.5,294.8,334.4,134.3,1394.4,2.7,111.0,517.2,763.5,329,,NELLORE,
Andhra Pradesh,Prakasam,IMD110-P330,1901,12.0,89.1,0.0,1.4,46.1,35.1,83.9,78.9,62.9,75.6,192.6,21.8,699.4,101.1,47.5,260.8,290.0,330,,PRAKASAM,
Andhra Pradesh,Prakasam,IMD110-P330,1902,0.6,0.0,4.7,23.9,4.8,54.9,42.8,153.7,158.7,299.5,158.6,73.8,976.0,0.6,33.4,410.1,531.8,330,,PRAKASAM,
Andhra Pradesh,Prakasam,IMD110-P330,1903,10.5,0.3,0.0,2.2,97.1,77.7,108.7,135.5,158.3,113.7,471.4,13.8,1189.1,10.8,99.4,480.0,599.0,330,,PRAKASAM,
Andhra Pradesh,Prakasam,IMD110-P330,1904,46.5,0.0,1.0,7.0,100.6,15.4,45.7,41.3,85.2,131.3,0.3,8.2,482.6,46.5,108.6,187.7,139.8,330,,PRAKASAM,
Andhra Pradesh,Prakasam,IMD110-P330,1905,0.4,7.0,11.5,3.2,31.2,52.5,13.5,119.2,42.9,211.5,14.0,0.0,506.9,7.4,45.9,228.2,225.4,330,,PRAKASAM,
Andhra Pradesh,Prakasam,IMD110-P330,1906,15.6,3.2,10.7,0.6,4.7,78.1,87.7,97.8,77.1,117.2,27.8,305.0,825.4,18.8,16.0,340.7,450.0,330,,PRAKASAM,
Andhra Pradesh,Prakasam,IMD110-P330,1907,1.2,0.0,22.4,49.1,1.1,51.3,100.0,32.3,70.0,47.3,57.9,91.1,523.7,1.2,72.6,253.6,196.3,330,,PRAKASAM,
Andhra Pradesh,Prakasam,IMD110-P330,1908,44.6,0.1,0.0,0.8,48.1,19.5,81.6,61.1,230.3,199.2,3.2,1.2,689.7,44.7,48.9,392.5,203.6,330,,PRAKASAM,
Andhra Pradesh,Prakasam,IMD110-P330,1909,29.4,0.0,0.0,32.0,37.1,57.5,83.7,149.9,134.6,17.8,7.3,1.4,550.6,29.4,69.1,425.7,26.5,330,,PRAKASAM,
Andhra Pradesh,Prakasam,IMD110-P330,1910,0.0,0.0,0.0,15.1,6.4,67.5,151.6,104.3,123.7,302.9,72.1,0.0,843.5,0.0,21.5,447.0,375.0,330,,PRAKASAM,
Andhra Pradesh,Prakasam,IMD110-P330,1911,0.0,0.0,0.0,3.7,19.0,29.5,97.8,30.3,82.1,226.2,226.5,32.8,748.0,0.0,22.7,239.7,485.5,330,,PRAKASAM,
Andhra Pradesh,Prakasam,IMD110-P330,1912,0.0,0.3,2.1,0.0,22.7,25.6,93.3,115.6,110.2,188.3,209.8,0.0,768.1,0.3,24.9,344.8,398.1,330,,PRAKASAM,
Andhra Pradesh,Prakasam,IMD110-P330,1913,0.0,2.4,0.0,0.0,54.9,24.9,85.1,55.1,123.6,202.7,0.0,47.2,596.0,2.4,54.9,288.7,249.9,330,,PRAKASAM,
Andhra Pradesh,Prakasam,IMD110-P330,1914,0.0,0.0,0.1,27.2,21.6,43.4,124.2,64.5,125.5,45.8,69.6,4.2,526.0,0.0,48.8,357.6,119.6,330,,PRAKASAM,
Andhra Pradesh,Prakasam,IMD110-P330,1915,113.6,7.1,106.4,9.6,41.1,68.5,111.6,127.4,96.1,120.1,228.0,0.7,1030.1,120.7,157.1,403.6,348.7,330,,PRAKASAM,
Andhra Pradesh,Prakasam,IMD110-P330,1916,0.2,0.0,0.0,7.6,29.3,66.5,198.1,142.2,103.2,347.4,142.9,1.1,1038.5,0.2,36.8,510.0,491.4,330,,PRAKASAM,
Andhra Pradesh,Prakasam,IMD110-P330,1917,0.2,20.3,3.3,11.0,78.7,115.0,52.2,178.6,161.1,337.3,144.3,1.8,1103.5,20.5,93.0,506.8,483.3,330,,PRAKASAM,
Andhra Pradesh,Prakasam,IMD110-P330,1918,29.4,0.0,2.6,2.6,36.3,37.5,55.4,42.8,155.3,6.3,359.8,14.0,742.0,29.4,41.5,291.0,380.1,330,,PRAKASAM,
Andhra Pradesh,Prakasam,IMD110-P330,1919,12.9,0.0,15.8,27.2,25.4,33.3,69.6,19.9,152.4,114.0,195.4,43.6,709.4,12.9,68.3,275.2,352.9,330,,PRAKASAM,
Andhra Pradesh,Prakasam,IMD110-P330,1920,7.8,3.0,0.4,0.9,40.4,23.5,43.2,51.1,102.2,202.7,39.6,0.0,514.8,10.8,41.7,220.0,242.3,330,,PRAKASAM,
Andhra Pradesh,Prakasam,IMD110-P330,1921,8.3,0.0,0.1,37.2,1.2,42.2,133.9,85.5,135.9,161.2,139.5,0.0,745.0,8.3,38.5,397.4,300.7,330,,PRAKASAM,
Andhra Pradesh,Prakasam,IMD110-P330,1922,30.0,0.0,0.0,7.1,28.7,27.8,94.3,85.2,38.1,107.9,353.6,0.2,772.7,30.0,35.8,245.3,461.6,330,,PRAKASAM,
Andhra Pradesh,Prakasam,IMD110-P330,1923,0.3,48.2,15.6,10.1,22.3,31.4,38.5,17.5,198.7,148.7,39.6,0.1,570.9,48.5,48.0,286.0,188.4,330,,PRAKASAM,
Andhra Pradesh,Prakasam,IMD110-P330,1924,2.6,0.0,0.0,3.5,35.8,43.1,86.5,93.4,196.8,66.8,281.8,0.0,810.4,2.6,39.3,419.8,348.6,330,,PRAKASAM,
Andhra Pradesh,Prakasam,IMD110-P330,1925,0.6,0.0,0.6,22.4,87.4,42.2,95.3,103.9,86.9,137.9,224.3,91.2,892.8,0.6,110.4,328.3,453.5,330,,PRAKASAM,
Andhra Pradesh,Prakasam,IMD110-P330,1926,33.6,0.1,25.1,34.0,10.5,35.1,51.0,79.2,127.0,51.1,12.8,0.6,460.3,33.7,69.7,292.4,64.5,330,,PRAKASAM,
Andhra Pradesh,Prakasam,IMD110-P330,1927,3.2,0.1,0.0,0.8,24.6,86.7,87.1,65.8,128.8,46.3,281.2,0.0,724.5,3.3,25.3,368.4,327.5,330,,PRAKASAM,
Andhra Pradesh,Prakasam,IMD110-P330,1928,0.0,15.2,1.7,27.2,13.9,24.7,82.0,77.1,183.4,232.5,3.0,14.3,675.0,15.2,42.8,367.2,249.8,330,,PRAKASAM,
Andhra Pradesh,Prakasam,IMD110-P330,1929,5.2,46.9,0.0,5.9,22.5,62.2,37.2,57.1,120.8,99.9,101.0,13.7,572.2,52.1,28.3,277.2,214.6,330,,PRAKASAM,
Andhra Pradesh,Prakasam,IMD110-P330,1930,0.2,14.0,6.3,10.5,111.3,62.2,60.2,25.4,102.4,406.4,97.3,34.0,930.4,14.3,128.2,250.3,537.8,330,,PRAKASAM,
Andhra Pradesh,Prakasam,IMD110-P330,1931,4.8,0.0,0.0,8.3,42.5,84.7,106.2,25.8,113.3,160.4,244.5,1.5,791.8,4.8,50.8,330.0,406.3,330,,PRAKASAM,
Andhra Pradesh,Prakasam,IMD110-P330,1932,0.4,30.0,0.0,19.1,82.1,26.6,81.3,118.3,108.9,131.8,167.0,2.2,767.6,30.4,101.2,335.1,300.9,330,,PRAKASAM,
Andhra Pradesh,Prakasam,IMD110-P330,1933,0.5,0.0,1.7,11.5,42.4,38.1,70.1,108.0,77.5,291.5,92.9,66.0,800.2,0.5,55.5,293.7,450.5,330,,PRAKASAM,
Andhra Pradesh,Prakasam,IMD110-P330,1934,0.1,0.0,0.0,22.9,7.8,88.7,151.8,44.0,68.3,215.3,93.9,2.6,695.6,0.1,30.7,352.9,311.9,331,,PRAKASAM,
Andhra Pradesh,Prakasam,IMD110-P330,1935,17.5,0.0,0.0,7.7,15.9,48.8,79.3,125.5,107.0,196.9,13.0,0.7,612.2,17.5,23.6,360.5,210.6,331,,PRAKASAM,
Andhra Pradesh,Prakasam,IMD110-P330,1936,4.5,79.8,2.5,11.4,48.0,63.8,70.9,66.8,69.8,149.5,331.9,0.4,899.2,84.2,61.9,271.3,481.7,331,,PRAKASAM,
Andhra Pradesh,Prakasam,IMD110-P330,1937,0.0,38.3,5.2,138.6,8.3,16.6,120.1,60.5,110.1,207.4,64.4,0.3,769.8,38.3,152.0,307.3,272.1,331,,PRAKASAM,
Andhra Pradesh,Prakasam,IMD110-P330,1938,0.0,21.3,3.0,0.0,30.9,62.8,74.9,166.6,254.1,17.5,14.7,4.1,649.8,21.3,34.0,558.4,36.2,331,,PRAKASAM,
Andhra Pradesh,Prakasam,IMD110-P330,1939,2.8,0.0,12.1,38.6,2.5,47.6,52.0,95.9,139.0,410.8,140.6,7.0,949.0,2.8,53.2,334.5,558.5,331,,PRAKASAM,
Andhra Pradesh,Prakasam,IMD110-P330,1940,0.8,0.1,15.4,5.0,97.3,60.2,64.3,71.9,94.5,212.3,284.2,61.6,967.5,0.9,117.7,290.9,558.1,331,,PRAKASAM,
Andhra Pradesh,Prakasam,IMD110-P330,1941,2.3,0.8,0.2,8.4,15.4,52.8,31.5,74.5,149.5,149.5,42.4,68.2,595.4,3.1,24.0,308.3,260.0,331,,PRAKASAM,
Andhra Pradesh,Prakasam,IMD110-P330,1942,0.1,0.0,0.0,8.8,19.9,62.3,92.5,137.8,63.3,89.7,61.0,39.6,575.0,0.1,28.7,355.9,190.4,331,,PRAKASAM,
Andhra Pradesh,Prakasam,IMD110-P330,1943,4.7,5.0,2.0,12.3,139.6,34.0,91.1,53.7,150.9,229.7,44.3,6.0,773.3,9.7,154.0,329.7,279.9,331,,PRAKASAM,
Andhra Pradesh,Prakasam,IMD110-P330,1944,1.8,9.9,214.2,3.2,16.7,86.8,141.3,53.3,100.5,381.3,73.3,0.0,1082.3,11.7,234.2,381.9,454.6,331,,PRAKASAM,
Andhra Pradesh,Prakasam,IMD110-P330,1945,0.0,0.0,0.0,35.4,13.0,29.9,89.8,103.3,127.4,124.0,102.2,2.4,627.3,0.0,48.4,350.3,228.6,331,,PRAKASAM,
Andhra Pradesh,Prakasam,IMD110-P330,1946,0.0,0.4,0.6,11.2,36.1,63.8,77.2,102.3,114.0,110.8,488.6,25.9,1030.8,0.4,47.9,357.2,625.3,331,,PRAKASAM,
Andhra Pradesh,Prakasam,IMD110-P330,1947,2.9,2.0,0.3,1.5,21.6,42.5,153.1,151.9,152.2,148.7,23.4,66.7,766.7,4.9,23.4,499.7,238.8,331,,PRAKASAM,
Andhra Pradesh,Prakasam,IMD110-P330,1948,12.2,5.8,0.4,18.3,28.2,15.8,83.8,55.6,82.3,138.3,175.4,13.1,629.1,18.0,46.8,237.5,326.8,331,,PRAKASAM,
Andhra Pradesh,Prakasam,IMD110-P330,1949,0.0,0.0,0.5,8.8,112.4,105.4,140.3,130.1,311.0,95.7,96.1,0.0,1000.3,0.0,121.7,686.8,191.8,331,,PRAKASAM,
Andhra Pradesh,Prakasam,IMD110-P330,1950,0.0,8.8,7.0,0.0,40.0,32.0,85.8,48.2,121.0,98.2,66.2,0.0,507.0,8.8,47.0,286.9,164.3,331,,PRAKASAM,
Andhra Pradesh,Prakasam,IMD110-P330,1951,0.0,0.0,42.3,27.6,37.1,54.5,95.3,57.8,58.9,75.9,47.2,0.3,496.9,0.0,107.0,266.6,123.3,331,,PRAKASAM,
Andhra Pradesh,Prakasam,IMD110-P330,1952,0.0,4.4,0.3,15.6,219.8,15.7,55.3,30.6,32.6,163.0,0.0,125.4,662.6,4.4,235.6,134.2,288.4,331,,PRAKASAM,
Andhra Pradesh,Prakasam,IMD110-P330,1953,14.6,0.0,0.0,22.0,10.9,52.2,86.4,81.1,170.5,361.8,1.2,1.6,802.4,14.6,32.9,390.2,364.7,331,,PRAKASAM,
Andhra Pradesh,Prakasam,IMD110-P330,1954,2.9,0.1,11.7,0.1,15.8,39.8,173.1,85.5,114.4,226.6,0.0,29.0,698.9,2.9,27.6,412.7,255.6,331,,PRAKASAM,
Andhra Pradesh,Prakasam,IMD110-P330,1955,1.3,0.0,2.1,7.5,108.3,53.9,81.3,127.2,73.6,190.2,89.3,6.5,741.1,1.3,117.9,335.9,286.1,331,,PRAKASAM,
Andhra Pradesh,Prakasam,IMD110-P330,1956,2.5,3.6,0.0,26.9,55.5,79.7,153.7,115.5,136.1,310.9,198.1,73.3,1155.9,6.1,82.4,485.0,582.4,331,,PRAKASAM,
Andhra Pradesh,Prakasam,IMD110-P330,1957,0.0,0.2,10.4,10.9,31.6,135.9,96.2,119.0,122.6,125.5,67.8,0.0,720.0,0.2,52.9,473.7,193.3,331,,PRAKASAM,
Andhra Pradesh,Prakasam,IMD110-P330,1958,0.0,8.5,3.4,8.0,27.7,26.8,102.8,135.4,159.9,217.9,180.1,2.0,872.5,8.5,39.2,424.8,400.0,331,,PRAKASAM,
Andhra Pradesh,Prakasam,IMD110-P330,1959,0.0,27.4,0.8,26.4,19.3,85.1,84.5,91.1,119.3,103.0,34.8,31.7,623.5,27.4,46.6,380.0,169.5,331,,PRAKASAM,
Andhra Pradesh,Prakasam,IMD110-P330,1960,0.1,0.0,17.2,1.0,50.4,91.8,65.8,37.3,252.1,71.7,207.9,3.8,799.1,0.1,68.5,447.0,283.4,331,,PRAKASAM,
Andhra Pradesh,Prakasam,IMD110-P330,1961,0.3,17.3,0.0,0.4,28.2,143.3,115.1,148.0,57.7,227.2,129.4,0.8,867.9,17.7,28.6,464.1,357.5,331,,PRAKASAM,
Andhra Pradesh,Prakasam,IMD110-P330,1962,0.6,12.3,4.1,22.5,38.6,46.3,61.8,97.6,85.3,361.0,77.4,81.9,889.2,12.9,65.1,291.0,520.2,331,,PRAKASAM,
Andhra Pradesh,Prakasam,IMD110-P330,1963,0.0,0.0,9.2,63.1,20.2,35.5,86.2,74.8,43.7,261.7,0.7,11.3,606.4,0.0,92.5,240.2,273.8,331,,PRAKASAM,
Andhra Pradesh,Prakasam,IMD110-P330,1964,0.0,0.0,0.0,1.6,10.4,59.1,112.8,96.0,252.9,56.0,138.9,3.6,731.3,0.0,11.9,520.8,198.5,331,,PRAKASAM,
Andhra Pradesh,Prakasam,IMD110-P330,1965,0.3,0.7,4.6,27.1,41.2,53.6,81.2,104.8,93.2,25.5,28.0,49.8,510.0,1.0,72.8,332.9,103.3,331,,PRAKASAM,
Andhra Pradesh,Prakasam,IMD110-P330,1966,28.0,0.0,0.0,3.0,54.0,40.6,205.3,78.7,145.6,99.2,416.6,17.3,1088.3,28.0,57.0,470.2,533.1,331,,PRAKASAM,
Andhra Pradesh,Prakasam,IMD110-P330,1967,3.3,0.0,49.6,1.7,4.1,78.6,95.3,37.7,74.1,49.0,21.8,138.6,553.9,3.3,55.3,285.7,209.5,331,,PRAKASAM,
Andhra Pradesh,Prakasam,IMD110-P330,1968,1.7,0.8,7.1,24.0,12.7,43.7,38.9,14.2,122.5,76.3,104.7,14.9,461.6,2.5,43.9,219.3,195.9,332,,PRAKASAM,
Andhra Pradesh,Prakasam,IMD110-P330,1969,0.0,0.0,3.3,1.1,193.3,52.9,135.9,134.0,35.9,369.1,145.2,87.6,1158.4,0.0,197.8,358.7,601.9,332,,PRAKASAM,
Andhra Pradesh,Prakasam,IMD110-P330,1970,0.0,0.2,4.5,2.8,100.1,83.0,53.4,211.2,57.3,236.2,0.1,0.0,748.8,0.2,107.4,404.9,236.3,332,,PRAKASAM,
Andhra Pradesh,Prakasam,IMD110-P330,1971,0.8,7.9,43.2,43.1,68.7,50.1,30.2,99.2,132.6,161.1,5.2,1.7,643.8,8.8,155.0,312.1,168.0,332,,PRAKASAM,
Andhra Pradesh,Prakasam,IMD110-P330,1972,0.0,25.3,0.0,9.1,22.1,82.0,51.0,14.1,71.1,305.8,195.9,90.4,866.9,25.3,31.2,218.3,592.2,332,,PRAKASAM,
Andhra Pradesh,Prakasam,IMD110-P330,1973,0.0,0.0,2.3,0.0,4.9,44.4,41.0,134.5,76.4,279.6,98.2,26.0,707.3,0.0,7.2,296.3,403.8,332,,PRAKASAM,
Andhra Pradesh,Prakasam,IMD110-P330,1974,0.0,0.0,0.0,6.6,10.6,56.7,78.4,42.4,214.1,193.6,76.2,0.3,679.0,0.0,17.3,391.5,270.2,332,,PRAKASAM,
Andhra Pradesh,Prakasam,IMD110-P330,1975,5.2,7.3,3.2,0.1,15.4,47.7,143.1,59.3,147.7,320.5,41.7,2.7,794.0,12.5,18.7,397.8,365.0,332,,PRAKASAM,
Andhra Pradesh,Prakasam,IMD110-P330,1976,0.0,0.0,0.0,10.8,18.9,46.1,160.4,161.2,63.8,70.7,302.7,5.0,839.6,0.0,29.7,431.5,378.4,332,,PRAKASAM,
Andhra Pradesh,Prakasam,IMD110-P330,1977,0.8,0.0,0.0,26.4,45.6,48.9,46.2,82.4,49.1,209.8,175.7,3.4,688.3,0.8,72.0,226.6,388.9,332,,PRAKASAM,
Andhra Pradesh,Prakasam,IMD110-P330,1978,11.8,15.8,1.5,11.9,10.3,76.4,125.6,145.3,139.6,130.2,165.2,26.6,860.4,27.6,23.7,486.9,322.1,332,,PRAKASAM,
Andhra Pradesh,Prakasam,IMD110-P330,1979,16.1,38.2,0.0,10.7,189.8,25.9,51.4,48.7,145.6,51.9,266.3,11.3,855.9,54.3,200.5,271.6,329.5,332,,PRAKASAM,
Andhra Pradesh,Prakasam,IMD110-P330,1980,0.3,0.0,4.9,3.6,30.9,94.8,82.9,96.1,57.6,95.5,152.2,2.3,621.0,0.3,39.4,331.3,250.0,332,,PRAKASAM,
Andhra Pradesh,Prakasam,IMD110-P330,1981,12.6,0.8,30.2,8.8,21.3,22.7,123.3,77.7,210.5,288.5,37.7,2.3,836.4,13.4,60.3,434.1,328.5,332,,PRAKASAM,
Andhra Pradesh,Prakasam,IMD110-P330,1982,4.4,0.0,0.0,4.7,19.5,61.5,72.7,45.7,94.3,133.7,178.2,0.2,614.9,4.4,24.2,274.2,312.1,332,,PRAKASAM,
Andhra Pradesh,Prakasam,IMD110-P330,1983,0.0,8.3,0.9,2.7,43.3,58.6,188.7,195.6,238.1,148.7,82.0,11.9,978.9,8.3,46.9,680.9,242.7,332,,PRAKASAM,
Andhra Pradesh,Prakasam,IMD110-P330,1984,1.5,38.2,5.1,7.7,1.7,26.0,126.6,7.1,60.3,116.4,86.2,25.2,502.1,39.7,14.5,220.1,227.9,332,,PRAKASAM,
Andhra Pradesh,Prakasam,IMD110-P330,1985,51.0,0.0,5.4,3.2,9.6,59.7,92.7,44.8,72.4,203.1,70.7,141.5,754.2,51.0,18.2,269.6,415.3,332,,PRAKASAM,
Andhra Pradesh,Prakasam,IMD110-P330,1986,71.9,13.1,0.0,12.6,33.0,59.2,81.4,78.8,72.7,163.7,106.0,18.2,710.7,85.0,45.6,292.2,288.0,332,,PRAKASAM,
Andhra Pradesh,Prakasam,IMD110-P330,1987,3.7,0.0,32.2,4.3,16.9,52.7,39.5,134.6,54.3,289.0,212.1,34.9,874.3,3.7,53.5,281.1,536.0,332,,PRAKASAM,
Andhra Pradesh,Prakasam,IMD110-P330,1988,0.0,0.0,6.6,11.6,27.7,40.9,117.1,202.1,168.4,34.3,8.0,100.5,717.1,0.0,46.0,528.4,142.7,332,,PRAKASAM,
Andhra Pradesh,Prakasam,IMD110-P330,1989,0.0,0.0,40.7,0.5,11.7,30.2,238.5,44.8,166.6,42.9,130.6,16.8,723.4,0.0,52.9,480.1,190.3,332,,PRAKASAM,
Andhra Pradesh,Prakasam,IMD110-P330,1990,9.9,23.8,34.1,17.4,240.0,62.8,39.7,111.7,184.8,329.7,189.6,4.5,1248.0,33.7,291.5,398.9,523.8,332,,PRAKASAM,
Andhra Pradesh,Prakasam,IMD110-P330,1991,32.6,1.6,3.2,16.2,14.9,201.4,53.4,74.8,169.0,149.3,347.0,11.8,1075.4,34.2,34.3,498.7,508.2,332,,PRAKASAM,
Andhra Pradesh,Prakasam,IMD110-P330,1992,31.4,0.0,0.0,8.2,21.6,28.2,102.6,90.2,128.8,103.0,277.1,36.6,827.7,31.4,29.8,349.8,416.7,332,,PRAKASAM,
Andhra Pradesh,Prakasam,IMD110-P330,1993,,1.5,14.9,12.5,73.9,39.7,73.9,74.1,102.7,265.7,127.2,140.1,,,101.2,290.3,533.0,332,missing_months,PRAKASAM,
Andhra Pradesh,Prakasam,IMD110-P330,1994,9.3,28.7,0.0,24.5,50.3,23.3,69.0,63.7,26.9,301.7,274.2,15.2,886.7,38.0,74.8,182.9,591.1,332,,PRAKASAM,
Andhra Pradesh,Prakasam,IMD110-P330,1995,32.2,0.4,7.1,0.0,236.1,33.9,159.5,207.0,79.6,152.3,19.5,11.2,938.9,32.7,243.2,480.1,183.0,332,,PRAKASAM,
Andhra Pradesh,Prakasam,IMD110-P330,1996,1.6,0.3,0.3,25.6,17.3,122.1,70.7,151.9,144.2,368.6,62.6,24.4,989.5,2.0,43.2,488.8,455.6,332,,PRAKASAM,
Andhra Pradesh,Prakasam,IMD110-P330,1997,37.3,4.3,20.3,56.6,26.4,22.8,53.5,36.6,340.1,182.7,177.6,194.8,1153.0,41.6,103.2,453.0,555.1,332,,PRAKASAM,
Andhra Pradesh,Prakasam,IMD110-P330,1998,1.4,12.5,0.8,25.6,14.2,54.0,94.8,106.8,233.6,263.6,128.8,1.6,937.7,13.9,40.6,489.2,393.9,332,,PRAKASAM,
Andhra Pradesh,Prakasam,IMD110-P330,1999,0.0,0.2,6.0,2.4,40.4,34.8,70.7,115.2,67.7,174.3,33.0,1.5,546.2,0.2,48.8,288.5,208.8,332,,PRAKASAM,
Andhra Pradesh,Prakasam,IMD110-P330,2000,0.0,136.7,0.0,8.7,25.0,133.5,146.0,344.7,75.0,87.7,46.0,16.5,1019.9,136.7,33.7,699.2,150.3,332,,PRAKASAM,
Andhra Pradesh,Prakasam,IMD110-P330,2001,20.7,0.0,6.4,51.2,12.8,30.6,41.5,87.7,152.8,258.7,92.4,17.4,772.2,20.7,70.3,312.6,368.6,332,,PRAKASAM,
Andhra Pradesh,Prakasam,IMD110-P330,2002,47.7,0.0,10.1,7.5,27.6,50.9,46.4,84.4,49.4,214.8,60.7,0.0,599.5,47.7,45.1,231.2,275.5,333,,PRAKASAM,
Andhra Pradesh,Prakasam,IMD110-P330,2003,7.4,0.0,26.6,13.8,8.0,89.1,115.9,79.6,136.5,160.4,20.4,36.6,694.1,7.4,48.4,421.0,217.3,333,,PRAKASAM,
Andhra Pradesh,Prakasam,IMD110-P330,2004,11.2,0.0,15.0,41.4,123.2,25.6,93.4,22.1,138.8,126.1,48.4,0.0,645.3,11.2,179.7,279.9,174.5,333,,PRAKASAM,
Andhra Pradesh,Prakasam,IMD110-P330,2005,0.0,5.4,0.1,0.0,18.8,12.9,105.1,60.6,171.1,394.8,47.9,7.9,824.6,5.4,18.9,349.7,450.6,333,,PRAKASAM,
Andhra Pradesh,Prakasam,IMD110-P330,2006,0.0,0.0,65.1,74.4,41.7,78.5,29.6,40.6,128.8,209.5,153.7,7.6,829.6,0.0,181.2,277.6,370.8,333,,PRAKASAM,
Andhra Pradesh,Prakasam,IMD110-P330,2007,0.0,7.9,0.0,17.5,44.5,263.3,71.1,136.2,130.3,157.0,43.5,0.5,871.7,7.9,62.0,600.8,201.0,333,,PRAKASAM,
Andhra Pradesh,Prakasam,IMD110-P330,2008,0.0,96.7,97.4,4.0,16.9,28.5,87.7,102.3,67.1,113.0,294.2,5.5,913.2,96.7,118.3,285.5,412.7,333,,PRAKASAM,
Andhra Pradesh,Prakasam,IMD110-P330,2009,1.1,0.0,1.4,5.4,49.4,38.3,19.1,115.4,111.0,41.0,205.5,17.5,605.1,1.1,56.3,283.8,264.0,333,,PRAKASAM,
Andhra Pradesh,Prakasam,IMD110-P330,2010,4.3,1.7,1.7,8.8,212.0,95.3,159.6,213.3,147.3,152.6,223.9,112.5,1333.0,6.1,222.5,615.5,489.0,333,,PRAKASAM,
Andhra Pradesh,Srikakulam,IMD110-P334,1901,13.1,35.6,11.8,10.9,86.5,61.6,122.0,54.9,253.9,119.9,308.2,0.0,1078.3,48.7,109.1,492.5,428.1,334,,SRIKAKULAM,
Andhra Pradesh,Srikakulam,IMD110-P334,1902,9.0,0.0,0.4,26.6,64.1,70.0,153.2,224.6,174.9,63.3,13.2,34.3,833.6,9.0,91.2,622.6,110.8,334,,SRIKAKULAM,
Andhra Pradesh,Srikakulam,IMD110-P334,1903,0.0,7.7,0.0,3.5,36.5,142.3,289.4,153.5,204.8,135.3,101.9,27.2,1102.0,7.7,39.9,790.0,264.4,334,,SRIKAKULAM,
Andhra Pradesh,Srikakulam,IMD110-P334,1904,0.2,11.2,1.2,3.4,128.8,129.3,151.2,203.4,217.9,220.4,0.0,9.1,1076.2,11.4,133.4,701.9,229.5,334,,SRIKAKULAM,
Andhra Pradesh,Srikakulam,IMD110-P334,1905,6.2,16.6,64.3,85.1,137.1,37.8,139.3,250.1,412.8,52.3,3.3,0.0,1205.0,22.9,286.5,840.0,55.6,334,,SRIKAKULAM,
Andhra Pradesh,Srikakulam,IMD110-P334,1906,3.1,37.5,19.9,3.0,13.2,217.7,218.8,235.4,145.9,159.1,6.5,8.9,1069.1,40.6,36.1,817.8,174.5,334,,SRIKAKULAM,
Andhra Pradesh,Srikakulam,IMD110-P334,1907,0.0,4.0,46.1,107.8,28.7,134.8,71.9,189.4,77.0,82.9,18.1,17.8,778.6,4.0,182.6,473.1,118.9,334,,SRIKAKULAM,
Andhra Pradesh,Srikakulam,IMD110-P334,1908,67.4,0.2,0.4,2.0,58.1,92.5,109.9,197.2,245.2,27.8,0.0,0.0,800.9,67.7,60.5,644.9,27.9,334,,SRIKAKULAM,
Andhra Pradesh,Srikakulam,IMD110-P334,1909,0.0,13.5,0.0,133.2,32.0,135.6,197.2,160.6,142.0,19.9,1.5,224.2,1059.9,13.5,165.2,635.4,245.7,334,,SRIKAKULAM,
Andhra Pradesh,Srikakulam,IMD110-P334,1910,0.0,3.5,0.0,44.6,43.6,160.1,274.6,252.5,138.8,226.3,100.2,0.0,1244.2,3.5,88.2,826.0,326.5,334,,SRIKAKULAM,
Andhra Pradesh,Srikakulam,IMD110-P334,1911,0.0,0.2,22.0,7.4,7.2,83.6,51.0,185.5,274.9,89.3,14.3,18.2,753.6,0.2,36.7,595.0,121.8,334,,SRIKAKULAM,
Andhra Pradesh,Srikakulam,IMD110-P334,1912,0.0,23.7,1.9,19.0,16.0,66.0,159.6,405.9,332.6,101.7,34.8,0.0,1161.3,23.7,37.0,964.1,136.5,334,,SRIKAKULAM,
Andhra Pradesh,Srikakulam,IMD110-P334,1913,0.0,15.0,0.0,2.3,41.2,140.4,240.4,93.8,83.7,316.7,59.9,0.0,993.4,15.0,43.4,558.3,376.6,334,,SRIKAKULAM,
Andhra Pradesh,Srikakulam,IMD110-P334,1914,0.0,6.8,11.5,92.0,235.2,309.5,163.8,123.2,539.6,19.4,2.3,0.0,1503.4,6.8,338.7,1136.1,21.8,334,,SRIKAKULAM,
Andhra Pradesh,Srikakulam,IMD110-P334,1915,8.8,14.3,39.6,51.4,42.2,112.0,133.4,207.3,253.9,268.7,263.0,0.0,1394.6,23.0,133.2,706.7,531.7,334,,SRIKAKULAM,
Andhra Pradesh,Srikakulam,IMD110-P334,1916,2.4,7.9,0.4,10.8,16.4,93.9,131.7,135.6,134.6,375.0,53.2,0.0,961.9,10.4,27.6,495.7,428.2,334,,SRIKAKULAM,
Andhra Pradesh,Srikakulam,IMD110-P334,1917,0.0,27.7,14.4,66.4,56.8,186.4,134.8,199.7,244.1,365.4,71.0,5.8,1372.4,27.7,137.6,764.9,442.2,334,,SRIKAKULAM,
Andhra Pradesh,Srikakulam,IMD110-P334,1918,0.6,0.0,20.8,6.4,92.9,120.2,129.2,163.5,197.6,37.0,78.7,2.8,849.8,0.6,120.1,610.5,118.5,334,,SRIKAKULAM,
Andhra Pradesh,Srikakulam,IMD110-P334,1919,22.1,51.8,0.6,6.2,38.7,164.0,264.5,282.9,92.1,175.6,305.7,0.2,1404.4,73.9,45.5,803.5,481.5,334,,SRIKAKULAM,
Andhra Pradesh,Srikakulam,IMD110-P334,1920,5.0,6.4,14.2,3.7,64.9,99.3,87.1,181.7,128.5,162.9,6.9,0.0,760.6,11.4,82.8,496.6,169.7,334,,SRIKAKULAM,
Andhra Pradesh,Srikakulam,IMD110-P334,1921,40.2,1.5,0.0,23.2,5.8,100.6,180.4,123.3,267.6,185.3,0.0,0.0,928.0,41.7,29.0,672.0,185.3,334,,SRIKAKULAM,
Andhra Pradesh,Srikakulam,IMD110-P334,1922,7.7,0.0,0.0,4.7,28.1,133.1,111.0,163.5,230.8,59.4,74.1,0.0,812.4,7.7,32.7,638.5,133.5,334,,SRIKAKULAM,
Andhra Pradesh,Srikakulam,IMD110-P334,1923,0.0,36.7,0.9,10.1,20.2,54.9,91.9,81.9,280.3,234.5,431.0,0.7,1243.2,36.7,31.2,509.1,666.2,334,,SRIKAKULAM,
Andhra Pradesh,Srikakulam,IMD110-P334,1924,14.0,16.1,0.0,6.1,70.9,38.9,130.7,176.8,284.6,176.3,275.2,0.0,1189.7,30.1,77.0,631.0,451.6,334,,SRIKAKULAM,
Andhra Pradesh,Srikakulam,IMD110-P334,1925,1.7,0.0,7.4,40.2,125.4,105.0,134.7,194.3,108.3,530.7,4.1,2.6,1254.6,1.7,173.1,542.3,537.5,334,,SRIKAKULAM,
Andhra Pradesh,Srikakulam,IMD110-P334,1926,20.3,27.8,39.9,34.4,40.7,59.0,114.1,152.0,257.8,137.9,0.0,0.2,884.3,48.2,115.1,582.9,138.1,334,,SRIKAKULAM,
Andhra Pradesh,Srikakulam,IMD110-P334,1927,0.1,24.8,28.9,8.5,29.3,277.5,161.9,399.9,213.0,72.5,104.8,0.0,1321.2,24.9,66.7,1052.3,177.3,334,,SRIKAKULAM,
Andhra Pradesh,Srikakulam,IMD110-P334,1928,0.0,0.0,0.0,70.8,78.4,136.3,137.1,247.1,199.4,440.7,12.6,0.0,1322.4,0.0,149.2,719.9,453.3,334,,SRIKAKULAM,
Andhra Pradesh,Srikakulam,IMD110-P334,1929,2.7,29.1,0.4,16.7,44.8,205.3,82.2,287.4,115.9,362.9,3.1,7.1,1157.6,31.8,61.9,690.8,373.2,334,,SRIKAKULAM,
Andhra Pradesh,Srikakulam,IMD110-P334,1930,0.1,64.2,3.3,50.8,80.7,182.6,184.3,160.5,179.1,112.3,213.6,2.0,1233.3,64.3,134.7,706.4,327.9,334,,SRIKAKULAM,
Andhra Pradesh,Srikakulam,IMD110-P334,1931,0.0,0.0,14.5,7.1,19.6,52.6,105.8,163.5,208.9,426.3,92.3,0.0,1090.6,0.0,41.2,530.9,518.5,334,,SRIKAKULAM,
Andhra Pradesh,Srikakulam,IMD110-P334,1932,0.0,41.3,1.0,18.9,61.3,52.3,128.8,154.7,155.0,100.6,328.8,0.0,1042.7,41.3,81.2,490.7,429.5,334,,SRIKAKULAM,
Andhra Pradesh,Srikakulam,IMD110-P334,1933,2.0,0.0,1.6,25.3,79.2,194.4,214.4,151.4,243.4,237.6,25.3,15.1,1189.8,2.0,106.2,803.6,278.1,334,,SRIKAKULAM,
Andhra Pradesh,Srikakulam,IMD110-P334,1934,0.0,0.0,5.5,8.2,9.7,138.6,203.9,268.0,191.2,65.8,21.2,1.9,914.0,0.0,23.4,801.7,88.9,335,,SRIKAKULAM,
Andhra Pradesh,Srikakulam,IMD110-P334,1935,0.2,1.2,5.3,33.3,7.2,146.0,164.5,103.3,129.7,106.3,0.1,0.0,697.1,1.4,45.8,543.5,106.4,335,,SRIKAKULAM,
Andhra Pradesh,Srikakulam,IMD110-P334,1936,13.7,121.1,1.6,5.8,117.9,171.2,368.4,185.4,130.0,180.5,44.1,6.0,1345.7,134.8,125.3,855.0,230.6,335,,SRIKAKULAM,
Andhra Pradesh,Srikakulam,IMD110-P334,1937,0.0,111.9,14.1,61.2,48.2,70.7,175.7,138.6,113.5,185.8,0.5,0.0,920.3,111.9,123.5,498.5,186.3,335,,SRIKAKULAM,
Andhra Pradesh,Srikakulam,IMD110-P334,1938,1.9,59.9,4.1,2.3,147.1,107.2,92.9,111.6,353.1,207.6,65.6,0.0,1153.3,61.8,153.5,664.8,273.2,335,,SRIKAKULAM,
Andhra Pradesh,Srikakulam,IMD110-P334,1939,3.3,0.0,32.7,4.1,13.6,103.8,145.3,124.3,176.7,204.5,18.1,2.5,828.9,3.3,50.5,550.1,225.1,335,,SRIKAKULAM,
Andhra Pradesh,Srikakulam,IMD110-P334,1940,0.0,3.9,110.9,24.3,242.1,141.8,171.1,284.7,175.9,86.9,5.8,3.9,1251.3,3.9,377.3,773.5,96.6,335,,SRIKAKULAM,
Andhra Pradesh,Srikakulam,IMD110-P334,1941,0.0,13.2,0.3,3.8,44.2,218.6,91.4,107.4,179.6,329.1,66.5,0.0,1054.1,13.2,48.3,597.0,395.7,335,,SRIKAKULAM,
Andhra Pradesh,Srikakulam,IMD110-P334,1942,0.3,5.5,3.2,55.6,28.4,76.5,152.1,285.3,180.4,94.0,230.5,0.0,1111.9,5.8,87.1,694.4,324.5,335,,SRIKAKULAM,
Andhra Pradesh,Srikakulam,IMD110-P334,1943,44.3,1.2,19.5,89.7,18.8,189.8,135.7,139.3,188.2,294.8,137.9,0.0,1259.3,45.4,128.0,653.1,432.7,335,,SRIKAKULAM,
Andhra Pradesh,Srikakulam,IMD110-P334,1944,19.4,25.1,83.6,32.1,34.2,95.7,174.6,149.3,103.6,177.2,33.8,0.0,928.7,44.5,149.9,523.3,211.0,335,,SRIKAKULAM,
Andhra Pradesh,Srikakulam,IMD110-P334,1945,0.3,0.0,0.0,52.4,38.4,36.3,153.8,174.7,239.1,304.4,13.0,17.3,1029.7,0.3,90.8,603.8,334.7,335,,SRIKAKULAM,
Andhra Pradesh,Srikakulam,IMD110-P334,1946,0.0,2.7,8.8,56.7,49.6,113.7,234.6,190.3,140.6,255.7,25.5,0.0,1078.2,2.7,115.1,679.2,281.1,335,,SRIKAKULAM,
Andhra Pradesh,Srikakulam,IMD110-P334,1947,19.7,0.0,0.5,14.1,11.4,139.9,172.4,192.7,188.9,97.7,47.2,171.0,1055.5,19.7,26.0,693.9,316.0,335,,SRIKAKULAM,
Andhra Pradesh,Srikakulam,IMD110-P334,1948,0.0,26.3,4.5,44.4,36.8,54.6,253.4,207.8,257.2,36.9,143.4,0.0,1065.2,26.3,85.7,773.0,180.3,335,,SRIKAKULAM,
Andhra Pradesh,Srikakulam,IMD110-P334,1949,18.7,0.0,0.0,23.5,59.1,134.2,128.6,137.8,316.4,391.1,2.1,0.1,1211.6,18.7,82.6,717.0,393.3,335,,SRIKAKULAM,
Andhra Pradesh,Srikakulam,IMD110-P334,1950,0.0,27.5,32.0,21.5,44.2,130.7,162.9,164.4,96.8,121.6,135.1,0.0,936.9,27.5,97.8,554.8,256.7,335,,SRIKAKULAM,
Andhra Pradesh,Srikakulam,IMD110-P334,1951,0.0,0.0,54.8,49.1,62.5,104.9,247.1,184.6,174.4,90.6,73.4,2.4,1043.7,0.0,166.3,711.0,166.4,335,,SRIKAKULAM,
Andhra Pradesh,Srikakulam,IMD110-P334,1952,0.0,21.2,23.3,58.2,50.3,57.4,155.5,155.1,244.5,281.9,0.0,0.1,1047.5,21.2,131.9,612.5,281.9,335,,SRIKAKULAM,
Andhra Pradesh,Srikakulam,IMD110-P334,1953,34.1,5.4,0.0,5.6,63.9,332.3,186.2,350.6,221.3,101.4,45.6,0.0,1346.4,39.5,69.6,1090.3,147.0,335,,SRIKAKULAM,
Andhra Pradesh,Srikakulam,IMD110-P334,1954,0.0,0.3,1.0,10.4,23.4,104.6,142.1,214.6,255.1,307.7,0.0,9.1,1068.2,0.3,34.8,716.3,316.8,335,,SRIKAKULAM,
Andhra Pradesh,Srikakulam,IMD110-P334,1955,0.0,0.5,6.4,37.7,229.1,112.4,127.3,343.2,327.3,443.1,92.5,0.5,1719.9,0.5,273.2,910.2,536.0,335,,SRIKAKULAM,
Andhra Pradesh,Srikakulam,IMD110-P334,1956,4.8,15.0,0.0,22.0,47.3,155.9,373.9,363.4,200.3,349.3,11.6,0.0,1543.7,19.9,69.4,1093.6,360.9,335,,SRIKAKULAM,
Andhra Pradesh,Srikakulam,IMD110-P334,1957,1.0,0.1,38.4,15.4,29.7,126.9,206.1,282.9,262.6,42.1,1.0,0.0,1006.2,1.1,83.5,878.6,43.1,335,,SRIKAKULAM,
Andhra Pradesh,Srikakulam,IMD110-P334,1958,13.7,11.6,11.2,30.9,14.4,64.6,161.4,242.6,278.9,444.0,217.5,0.0,1490.9,25.3,56.4,747.6,661.5,335,,SRIKAKULAM,
Andhra Pradesh,Srikakulam,IMD110-P334,1959,11.3,4.4,0.0,3.3,6.4,210.2,198.1,146.4,108.6,278.2,0.0,6.8,973.8,15.7,9.7,663.4,285.0,335,,SRIKAKULAM,
Andhra Pradesh,Srikakulam,IMD110-P334,1960,0.0,0.0,23.6,0.1,46.1,116.4,322.5,167.5,233.0,93.2,1.9,29.4,1033.6,0.0,69.8,839.3,124.5,335,,SRIKAKULAM,
Andhra Pradesh,Srikakulam,IMD110-P334,1961,13.9,23.6,6.7,10.7,68.2,138.5,171.8,216.9,126.6,246.9,17.0,1.9,1042.6,37.5,85.6,653.8,265.7,335,,SRIKAKULAM,
Andhra Pradesh,Srikakulam,IMD110-P334,1962,4.2,0.7,11.2,36.1,70.0,141.5,250.1,110.5,279.3,441.4,63.2,4.8,1413.1,4.9,117.3,781.4,509.4,335,,SRIKAKULAM,
Andhra Pradesh,Srikakulam,IMD110-P334,1963,0.0,0.0,18.8,59.9,52.1,136.0,108.1,162.5,133.4,428.0,0.1,0.0,1099.0,0.0,130.9,540.0,428.1,335,,SRIKAKULAM,
Andhra Pradesh,Srikakulam,IMD110-P334,1964,0.0,22.1,0.0,28.0,38.1,130.1,154.0,434.7,223.6,119.2,17.1,0.0,1167.0,22.1,66.1,942.5,136.2,335,,SRIKAKULAM,
Andhra Pradesh,Srikakulam,IMD110-P334,1965,0.0,6.1,20.5,31.2,12.6,36.9,245.4,199.6,203.5,161.7,4.6,19.4,941.4,6.1,64.2,685.3,185.7,335,,SRIKAKULAM,
Andhra Pradesh,Srikakulam,IMD110-P334,1966,87.1,1.7,0.0,6.1,22.7,174.4,214.0,142.1,152.8,140.5,167.3,1.7,1110.4,88.8,28.8,683.4,309.4,335,,SRIKAKULAM,
Andhra Pradesh,Srikakulam,IMD110-P334,1967,24.0,0.0,50.4,10.0,12.8,226.7,201.9,172.2,175.7,24.8,0.0,15.2,913.7,24.0,73.2,776.5,40.0,335,,SRIKAKULAM,
Andhra Pradesh,Srikakulam,IMD110-P334,1968,27.5,8.3,20.6,16.2,20.5,168.0,216.3,35.5,203.3,377.4,103.0,3.4,1200.2,35.8,57.4,623.2,483.8,336,,SRIKAKULAM,
Andhra Pradesh,Srikakulam,IMD110-P334,1969,0.0,0.0,5.0,10.1,118.3,124.5,282.2,92.7,184.5,91.8,180.5,3.3,1092.9,0.0,133.4,684.0,275.6,336,,SRIKAKULAM,
Andhra Pradesh,Srikakulam,IMD110-P334,1970,4.4,19.4,40.8,35.5,83.6,230.2,218.1,264.3,123.7,136.6,2.5,0.0,1158.9,23.8,159.9,836.2,139.0,336,,SRIKAKULAM,
Andhra Pradesh,Srikakulam,IMD110-P334,1971,4.0,31.6,0.3,71.9,95.3,112.7,138.6,236.2,246.0,198.4,0.0,0.0,1135.0,35.6,167.6,733.5,198.4,336,,SRIKAKULAM,
Andhra Pradesh,Srikakulam,IMD110-P334,1972,0.0,14.4,0.0,36.0,16.3,86.3,108.8,149.4,423.2,247.3,38.9,0.0,1120.7,14.4,52.3,767.7,286.2,336,,SRIKAKULAM,
Andhra Pradesh,Srikakulam,IMD110-P334,1973,0.0,0.0,19.8,10.6,58.4,55.4,252.1,175.8,120.8,197.2,17.9,3.9,911.8,0.0,88.8,604.1,219.0,336,,SRIKAKULAM,
Andhra Pradesh,Srikakulam,IMD110-P334,1974,0.0,0.0,34.4,27.8,43.2,146.7,111.2,122.0,173.5,328.0,44.3,0.0,1031.1,0.0,105.4,553.4,372.3,336,,SRIKAKULAM,
Andhra Pradesh,Srikakulam,IMD110-P334,1975,0.0,16.2,4.8,7.0,41.4,283.8,174.2,214.3,182.1,258.8,37.9,0.0,1220.4,16.2,53.1,854.4,296.7,336,,SRIKAKULAM,
Andhra Pradesh,Srikakulam,IMD110-P334,1976,0.0,9.4,5.6,37.9,22.3,93.6,172.5,315.3,104.5,107.8,226.3,0.0,1095.2,9.4,65.7,685.9,334.1,336,,SRIKAKULAM,
Andhra Pradesh,Srikakulam,IMD110-P334,1977,0.3,1.9,2.3,54.6,99.1,113.3,172.7,177.0,225.9,97.4,140.0,2.3,1086.8,2.3,155.9,688.9,239.7,336,,SRIKAKULAM,
Andhra Pradesh,Srikakulam,IMD110-P334,1978,0.4,28.0,24.9,28.1,29.4,162.1,250.8,188.9,135.8,114.3,42.5,1.1,1006.3,28.4,82.5,737.6,157.8,336,,SRIKAKULAM,
Andhra Pradesh,Srikakulam,IMD110-P334,1979,2.9,19.6,0.0,22.2,100.6,273.6,142.2,156.8,186.0,93.9,73.2,24.8,1095.7,22.5,122.8,758.6,191.9,336,,SRIKAKULAM,
Andhra Pradesh,Srikakulam,IMD110-P334,1980,0.2,1.6,7.1,11.8,17.2,210.2,243.9,217.4,350.1,251.4,19.5,14.1,1344.3,1.8,36.1,1021.5,284.9,336,,SRIKAKULAM,
Andhra Pradesh,Srikakulam,IMD110-P334,1981,11.4,2.1,81.5,16.8,95.5,138.2,155.0,279.9,366.6,49.7,5.5,2.1,1204.1,13.5,193.7,939.7,57.2,336,,SRIKAKULAM,
Andhra Pradesh,Srikakulam,IMD110-P334,1982,0.2,4.9,7.4,56.2,44.4,74.4,270.6,156.5,168.8,234.1,9.8,0.0,1027.2,5.1,108.0,670.3,243.9,336,,SRIKAKULAM,
Andhra Pradesh,Srikakulam,IMD110-P334,1983,0.1,42.1,6.5,7.2,44.7,204.6,198.7,232.1,146.2,188.5,9.7,5.1,1085.5,42.2,58.4,781.6,203.3,336,,SRIKAKULAM,
Andhra Pradesh,Srikakulam,IMD110-P334,1984,5.2,9.3,2.2,37.4,39.4,182.7,219.3,224.1,106.1,38.3,7.9,1.0,873.1,14.5,79.1,732.3,47.3,336,,SRIKAKULAM,
Andhra Pradesh,Srikakulam,IMD110-P334,1985,32.7,2.6,17.3,17.2,44.0,181.5,148.4,197.3,199.1,295.0,12.6,0.0,1147.7,35.3,78.5,726.3,307.6,336,,SRIKAKULAM,
Andhra Pradesh,Srikakulam,IMD110-P334,1986,16.4,56.5,0.7,24.3,99.1,99.5,268.6,197.8,219.4,285.9,271.1,2.4,1541.9,72.9,124.2,785.5,559.3,336,,SRIKAKULAM,
Andhra Pradesh,Srikakulam,IMD110-P334,1987,32.8,0.0,30.7,49.0,73.4,54.2,90.0,113.3,101.5,268.5,308.1,2.1,1123.7,32.8,153.1,359.0,578.8,336,,SRIKAKULAM,
Andhra Pradesh,Srikakulam,IMD110-P334,1988,0.0,28.8,6.1,43.5,86.5,90.4,235.2,150.2,357.5,122.7,1.5,4.7,1127.1,28.8,136.2,833.3,128.8,336,,SRIKAKULAM,
Andhra Pradesh,Srikakulam,IMD110-P334,1989,0.0,0.0,29.7,10.4,42.7,281.4,257.6,231.4,189.9,37.5,0.0,0.0,1080.5,0.0,82.8,960.2,37.5,336,,SRIKAKULAM,
Andhra Pradesh,Srikakulam,IMD110-P334,1990,0.0,135.8,150.2,26.8,329.6,143.1,102.5,258.9,152.2,278.2,149.1,2.9,1729.4,135.8,506.7,656.7,430.2,336,,SRIKAKULAM,
Andhra Pradesh,Srikakulam,IMD110-P334,1991,13.8,0.0,8.6,17.9,40.6,217.8,276.1,162.7,267.0,142.6,74.5,3.8,1225.6,13.8,67.2,923.6,221.0,336,,SRIKAKULAM,
Andhra Pradesh,Srikakulam,IMD110-P334,1992,4.6,21.2,0.0,5.9,67.0,74.4,256.8,249.8,201.7,199.2,151.0,0.0,1231.7,25.9,72.9,782.7,350.2,336,,SRIKAKULAM,
Andhra Pradesh,Srikakulam,IMD110-P334,1993,0.1,29.6,11.8,55.0,74.3,124.1,176.3,124.9,190.0,159.2,14.9,0.0,960.3,29.7,141.2,615.3,174.1,336,,SRIKAKULAM,
Andhra Pradesh,Srikakulam,IMD110-P334,1994,0.0,28.8,8.8,71.2,50.3,50.4,205.3,173.1,189.0,168.0,41.1,0.0,985.8,28.8,130.3,617.6,209.1,336,,SRIKAKULAM,
Andhra Pradesh,Srikakulam,IMD110-P334,1995,17.3,16.5,10.9,27.3,397.9,56.4,224.7,280.8,202.2,357.3,116.6,0.0,1708.0,33.8,436.2,764.1,473.9,336,,SRIKAKULAM,
Andhra Pradesh,Srikakulam,IMD110-P334,1996,2.4,0.1,13.1,16.4,23.5,222.5,90.9,158.9,130.6,151.6,28.2,2.1,840.4,2.5,53.0,602.9,182.0,336,,SRIKAKULAM,
Andhra Pradesh,Srikakulam,IMD110-P334,1997,9.5,17.8,21.2,90.6,25.9,70.5,194.9,189.3,248.6,57.3,21.7,29.2,976.5,27.3,137.7,703.3,108.2,336,,SRIKAKULAM,
Andhra Pradesh,Srikakulam,IMD110-P334,1998,3.5,50.7,26.1,38.6,19.2,133.5,234.1,154.4,190.4,135.7,140.2,0.0,1126.4,54.2,83.8,712.4,275.9,336,,SRIKAKULAM,
Andhra Pradesh,Srikakulam,IMD110-P334,1999,0.0,0.0,0.0,2.1,111.6,263.8,84.6,121.9,169.6,169.1,61.0,0.0,983.6,0.0,113.7,639.8,230.1,336,,SRIKAKULAM,
Andhra Pradesh,Srikakulam,IMD110-P334,2000,0.0,36.2,0.0,17.2,109.8,205.7,138.6,315.0,89.8,77.1,5.3,2.3,996.9,36.2,127.0,749.1,84.7,336,,SRIKAKULAM,
Andhra Pradesh,Srikakulam,IMD110-P334,2001,2.3,4.0,24.7,31.2,62.8,120.6,123.5,232.3,133.1,205.6,119.0,0.0,1059.1,6.3,118.7,609.5,324.7,336,,SRIKAKULAM,
Andhra Pradesh,Srikakulam,IMD110-P334,2002,22.9,0.0,9.9,25.5,53.1,168.0,140.1,153.6,81.8,133.6,2.8,0.0,791.5,22.9,88.6,543.6,136.4,337,,SRIKAKULAM,
Andhra Pradesh,Srikakulam,IMD110-P334,2003,3.5,30.3,39.1,23.2,16.6,39.0,211.1,222.8,113.0,526.3,9.4,58.7,1293.1,33.9,78.9,585.9,594.5,337,,SRIKAKULAM,
Andhra Pradesh,Srikakulam,IMD110-P334,2004,20.4,8.1,11.9,68.8,33.9,167.3,196.8,132.6,102.2,299.8,7.8,0.0,1049.4,28.5,114.5,598.8,307.5,337,,SRIKAKULAM,
Andhra Pradesh,Srikakulam,IMD110-P334,2005,11.9,1.1,30.6,24.3,54.4,74.3,128.6,124.6,423.9,261.3,60.5,5.2,1200.7,13.0,109.3,751.4,327.0,337,,SRIKAKULAM,
Andhra Pradesh,Srikakulam,IMD110-P334,2006,0.0,0.0,34.5,28.9,80.8,194.3,277.5,413.1,189.2,58.4,17.2,0.0,1293.9,0.0,144.2,1074.1,75.6,337,,SRIKAKULAM,
Andhra Pradesh,Srikakulam,IMD110-P334,2007,0.0,1.7,4.3,9.7,82.9,373.2,100.0,166.9,338.9,136.4,0.7,0.0,1214.5,1.7,96.8,979.0,137.0,337,,SRIKAKULAM,
Andhra Pradesh,Srikakulam,IMD110-P334,2008,33.3,59.1,46.5,29.1,74.3,89.2,233.0,217.6,242.9,22.6,8.6,1.4,1057.6,92.4,150.0,782.6,32.6,337,,SRIKAKULAM,
Andhra Pradesh,Srikakulam,IMD110-P334,2009,0.0,0.0,7.6,3.8,22.3,99.5,212.9,150.3,131.6,94.5,74.5,0.0,797.1,0.0,33.8,594.4,169.0,337,,SRIKAKULAM,
Andhra Pradesh,Srikakulam,IMD110-P334,2010,24.1,10.5,5.5,6.1,156.2,141.2,234.9,253.6,211.3,276.2,152.2,133.5,1605.3,34.6,167.9,841.0,561.9,337,,SRIKAKULAM,
Andhra Pradesh,Visakhapatnam,IMD110-P338,1901,34.0,72.7,2.0,4.3,54.5,89.5,76.8,64.3,212.1,181.0,280.9,0.9,1073.0,106.7,60.8,442.7,462.8,338,,VISAKHAPATNAM,
Andhra Pradesh,Visakhapatnam,IMD110-P338,1902,2.0,0.0,6.2,31.9,31.8,70.3,82.1,169.6,183.9,218.7,39.0,26.5,862.1,2.0,69.9,505.9,284.2,338,,VISAKHAPATNAM,
Andhra Pradesh,Visakhapatnam,IMD110-P338,1903,0.4,39.8,0.4,13.7,22.1,149.9,171.6,120.6,240.0,148.2,116.0,9.1,1031.8,40.2,36.2,682.1,273.3,338,,VISAKHAPATNAM,
Andhra Pradesh,Visakhapatnam,IMD110-P338,1904,0.2,0.1,10.5,1.7,207.6,91.6,148.8,97.6,149.7,235.8,0.0,14.5,958.2,0.3,219.8,487.7,250.3,338,,VISAKHAPATNAM,
Andhra Pradesh,Visakhapatnam,IMD110-P338,1905,3.6,30.4,64.0,45.1,84.6,95.8,69.0,175.5,221.2,39.6,12.2,0.0,840.9,34.0,193.6,561.4,51.8,338,,VISAKHAPATNAM,
Andhra Pradesh,Visakhapatnam,IMD110-P338,1906,1.0,59.9,12.4,3.5,15.4,322.0,167.7,221.6,164.4,91.9,21.4,32.2,1113.4,60.9,31.2,875.8,145.5,338,,VISAKHAPATNAM,
Andhra Pradesh,Visakhapatnam,IMD110-P338,1907,0.0,2.3,46.9,95.3,13.3,208.7,79.0,111.9,79.1,79.8,58.3,17.1,791.6,2.3,155.5,478.7,155.2,338,,VISAKHAPATNAM,
Andhra Pradesh,Visakhapatnam,IMD110-P338,1908,93.3,1.0,0.0,12.5,24.8,41.3,74.4,151.9,313.1,69.3,4.4,0.0,786.0,94.3,37.3,580.7,73.7,338,,VISAKHAPATNAM,
Andhra Pradesh,Visakhapatnam,IMD110-P338,1909,0.0,1.1,0.0,94.3,27.2,130.5,98.9,154.8,178.1,13.8,6.0,186.5,891.1,1.2,121.5,562.2,206.3,338,,VISAKHAPATNAM,
Andhra Pradesh,Visakhapatnam,IMD110-P338,1910,0.4,2.0,0.6,37.3,17.9,161.8,261.8,229.9,210.3,276.8,115.2,0.0,1314.1,2.4,55.8,863.8,392.0,338,,VISAKHAPATNAM,
Andhra Pradesh,Visakhapatnam,IMD110-P338,1911,0.0,0.0,9.5,4.6,28.7,103.4,72.0,59.5,148.2,92.3,30.1,25.8,574.2,0.0,42.8,383.1,148.2,338,,VISAKHAPATNAM,
Andhra Pradesh,Visakhapatnam,IMD110-P338,1912,0.0,12.4,19.9,17.4,15.4,45.1,175.7,247.8,233.5,81.3,60.1,0.0,908.6,12.4,52.7,702.1,141.4,338,,VISAKHAPATNAM,
Andhra Pradesh,Visakhapatnam,IMD110-P338,1913,0.0,25.3,0.0,15.9,62.4,147.0,156.6,85.1,78.5,221.0,10.6,4.6,807.0,25.3,78.2,467.2,236.2,338,,VISAKHAPATNAM,
Andhra Pradesh,Visakhapatnam,IMD110-P338,1914,0.0,23.1,2.8,78.2,73.3,210.1,87.2,141.2,463.9,19.6,20.3,7.7,1127.4,23.1,154.3,902.4,47.6,338,,VISAKHAPATNAM,
Andhra Pradesh,Visakhapatnam,IMD110-P338,1915,8.4,22.3,37.5,41.7,80.1,147.9,111.7,209.9,184.3,263.9,216.5,0.0,1324.2,30.7,159.3,653.8,480.4,338,,VISAKHAPATNAM,
Andhra Pradesh,Visakhapatnam,IMD110-P338,1916,0.3,6.2,0.0,11.0,19.4,138.6,256.4,150.6,117.1,304.1,57.5,0.0,1061.3,6.5,30.4,662.8,361.6,338,,VISAKHAPATNAM,
Andhra Pradesh,Visakhapatnam,IMD110-P338,1917,0.0,29.9,12.9,30.6,108.1,118.0,51.9,167.4,130.9,237.6,110.1,12.1,1009.4,29.9,151.5,468.2,359.8,338,,VISAKHAPATNAM,
Andhra Pradesh,Visakhapatnam,IMD110-P338,1918,1.9,0.0,24.9,12.8,75.0,68.7,108.2,84.5,138.9,33.8,116.7,4.0,669.6,1.9,112.7,400.4,154.6,338,,VISAKHAPATNAM,
Andhra Pradesh,Visakhapatnam,IMD110-P338,1919,36.9,22.0,5.2,15.5,56.0,113.0,179.1,90.2,128.4,252.8,248.4,2.3,1149.8,58.9,76.7,510.6,503.6,338,,VISAKHAPATNAM,
Andhra Pradesh,Visakhapatnam,IMD110-P338,1920,4.3,28.8,12.9,6.6,60.2,61.6,34.5,103.3,107.3,218.5,29.0,0.0,666.9,33.0,79.7,306.7,247.5,338,,VISAKHAPATNAM,
Andhra Pradesh,Visakhapatnam,IMD110-P338,1921,87.8,0.3,0.0,44.7,15.1,46.9,138.0,129.0,267.5,228.4,4.0,0.0,961.8,88.1,59.8,581.4,232.5,338,,VISAKHAPATNAM,
Andhra Pradesh,Visakhapatnam,IMD110-P338,1922,1.0,0.0,0.0,6.6,29.7,86.7,107.4,127.4,97.9,119.8,151.1,0.0,727.6,1.0,36.3,419.4,271.0,338,,VISAKHAPATNAM,
Andhra Pradesh,Visakhapatnam,IMD110-P338,1923,0.2,120.0,18.2,3.9,29.9,39.4,72.9,35.8,223.4,291.6,415.9,0.0,1251.1,120.2,52.0,371.4,707.5,338,,VISAKHAPATNAM,
Andhra Pradesh,Visakhapatnam,IMD110-P338,1924,3.7,7.3,1.0,9.9,54.9,39.8,73.1,153.3,485.1,149.7,253.4,0.0,1231.2,11.0,65.8,751.3,403.1,338,,VISAKHAPATNAM,
Andhra Pradesh,Visakhapatnam,IMD110-P338,1925,9.3,0.0,11.2,43.2,189.3,139.9,125.8,189.9,89.1,295.0,37.1,5.7,1135.6,9.3,243.6,544.8,337.8,338,,VISAKHAPATNAM,
Andhra Pradesh,Visakhapatnam,IMD110-P338,1926,11.1,2.0,70.5,49.1,24.7,55.8,108.6,149.5,246.1,83.1,0.1,0.1,800.6,13.1,144.4,559.9,83.2,338,,VISAKHAPATNAM,
Andhra Pradesh,Visakhapatnam,IMD110-P338,1927,23.4,10.8,50.9,4.0,21.1,246.6,122.6,158.6,182.5,48.6,117.2,0.0,986.4,34.2,76.0,710.3,165.8,338,,VISAKHAPATNAM,
Andhra Pradesh,Visakhapatnam,IMD110-P338,1928,0.0,5.5,0.0,84.9,19.1,83.9,191.1,115.1,216.4,624.0,1.7,0.2,1342.0,5.5,104.1,606.5,625.9,338,,VISAKHAPATNAM,
Andhra Pradesh,Visakhapatnam,IMD110-P338,1929,0.7,59.0,2.8,19.2,62.2,207.9,40.6,159.4,153.2,256.8,0.7,41.2,1003.9,59.8,84.3,561.2,298.7,338,,VISAKHAPATNAM,
Andhra Pradesh,Visakhapatnam,IMD110-P338,1930,0.7,58.0,4.5,18.9,167.0,106.7,92.0,95.7,115.5,184.4,176.8,0.0,1020.3,58.7,190.5,409.9,361.2,338,,VISAKHAPATNAM,
Andhra Pradesh,Visakhapatnam,IMD110-P338,1931,0.1,0.0,1.5,14.4,61.2,127.0,148.3,88.3,204.9,424.5,254.2,0.3,1324.7,0.1,77.2,568.5,678.9,338,,VISAKHAPATNAM,
Andhra Pradesh,Visakhapatnam,IMD110-P338,1932,0.0,39.5,0.0,40.1,36.2,68.7,174.3,58.9,146.7,118.3,265.1,0.5,948.2,39.5,76.3,448.5,383.9,338,,VISAKHAPATNAM,
Andhra Pradesh,Visakhapatnam,IMD110-P338,1933,2.2,0.0,7.0,37.6,97.0,75.1,174.3,82.1,188.6,294.7,50.9,12.4,1021.8,2.2,141.6,520.1,357.9,338,,VISAKHAPATNAM,
Andhra Pradesh,Visakhapatnam,IMD110-P338,1934,0.0,1.1,2.9,15.1,36.0,82.2,153.7,242.9,126.7,106.5,96.7,1.5,865.3,1.1,54.0,605.5,204.7,339,,VISAKHAPATNAM,
Andhra Pradesh,Visakhapatnam,IMD110-P338,1935,0.4,0.0,3.3,17.1,9.7,65.1,109.8,118.8,97.8,183.6,3.1,0.0,608.8,0.4,30.1,391.6,186.7,339,,VISAKHAPATNAM,
Andhra Pradesh,Visakhapatnam,IMD110-P338,1936,21.3,147.1,3.1,12.2,153.9,116.6,119.9,155.8,99.9,227.9,69.0,23.3,1150.1,168.4,169.2,492.3,320.2,339,,VISAKHAPATNAM,
Andhra Pradesh,Visakhapatnam,IMD110-P338,1937,0.0,72.7,41.2,91.6,35.4,74.4,104.4,118.2,93.8,208.3,1.8,0.0,841.8,72.7,168.2,390.7,210.1,339,,VISAKHAPATNAM,
Andhra Pradesh,Visakhapatnam,IMD110-P338,1938,0.1,36.3,5.2,10.5,52.4,151.9,120.1,133.5,316.1,132.5,244.6,0.0,1203.1,36.4,68.1,721.7,377.0,339,,VISAKHAPATNAM,
Andhra Pradesh,Visakhapatnam,IMD110-P338,1939,3.0,0.0,28.6,11.0,13.1,73.2,110.3,85.8,119.3,280.4,85.6,8.3,818.7,3.0,52.7,388.6,374.3,339,,VISAKHAPATNAM,
Andhra Pradesh,Visakhapatnam,IMD110-P338,1940,0.0,10.3,74.8,15.0,229.0,108.6,126.4,99.4,118.2,105.6,27.9,4.3,919.4,10.3,318.8,452.5,137.8,339,,VISAKHAPATNAM,
Andhra Pradesh,Visakhapatnam,IMD110-P338,1941,0.1,30.5,14.3,6.2,68.7,138.8,53.1,76.5,144.6,301.3,146.3,0.1,980.6,30.6,89.2,413.0,447.7,339,,VISAKHAPATNAM,
Andhra Pradesh,Visakhapatnam,IMD110-P338,1942,0.0,8.2,2.7,29.5,30.3,83.7,102.0,143.3,140.4,176.0,130.6,3.6,850.2,8.2,62.5,469.3,310.2,339,,VISAKHAPATNAM,
Andhra Pradesh,Visakhapatnam,IMD110-P338,1943,48.6,3.2,0.2,94.6,29.5,108.7,125.8,108.1,166.4,244.1,40.4,0.0,969.8,51.9,124.3,509.1,284.5,339,,VISAKHAPATNAM,
Andhra Pradesh,Visakhapatnam,IMD110-P338,1944,8.6,21.5,85.7,46.3,40.8,99.2,162.1,124.5,182.8,253.4,19.0,0.0,1043.7,30.1,172.8,568.5,272.4,339,,VISAKHAPATNAM,
Andhra Pradesh,Visakhapatnam,IMD110-P338,1945,1.0,0.0,0.0,48.0,42.4,39.2,194.5,118.4,285.0,295.8,6.6,11.4,1042.3,1.0,90.4,637.1,313.8,339,,VISAKHAPATNAM,
Andhra Pradesh,Visakhapatnam,IMD110-P338,1946,0.0,3.5,1.0,116.2,52.8,105.0,142.3,155.6,81.4,98.1,68.6,0.6,825.1,3.5,170.0,484.3,167.3,339,,VISAKHAPATNAM,
Andhra Pradesh,Visakhapatnam,IMD110-P338,1947,11.6,1.6,2.8,27.4,28.1,73.7,254.8,209.0,269.3,143.5,56.8,181.3,1259.9,13.2,58.3,806.8,381.6,339,,VISAKHAPATNAM,
Andhra Pradesh,Visakhapatnam,IMD110-P338,1948,2.9,46.2,5.3,39.2,57.0,86.5,115.0,120.1,237.1,124.6,135.9,1.3,971.2,49.1,101.5,558.7,261.9,339,,VISAKHAPATNAM,
Andhra Pradesh,Visakhapatnam,IMD110-P338,1949,9.3,3.8,2.0,57.1,95.8,95.3,139.0,178.2,332.2,453.0,22.1,0.1,1388.1,13.1,155.0,744.7,475.3,339,,VISAKHAPATNAM,
Andhra Pradesh,Visakhapatnam,IMD110-P338,1950,0.0,11.2,22.6,8.9,67.9,127.2,154.2,98.0,129.3,171.5,116.4,1.9,908.9,11.2,99.4,508.6,289.8,339,,VISAKHAPATNAM,
Andhra Pradesh,Visakhapatnam,IMD110-P338,1951,3.2,0.0,22.6,41.7,99.6,116.3,323.4,187.8,188.7,110.3,103.3,0.8,1197.8,3.2,163.9,816.3,214.4,339,,VISAKHAPATNAM,
Andhra Pradesh,Visakhapatnam,IMD110-P338,1952,0.0,9.9,15.9,54.7,118.4,106.2,144.3,87.8,98.4,287.0,0.0,12.2,934.7,9.9,189.0,436.6,299.2,339,,VISAKHAPATNAM,
Andhra Pradesh,Visakhapatnam,IMD110-P338,1953,19.2,0.0,0.0,29.0,79.5,160.8,116.3,162.0,246.8,248.7,36.2,0.0,1098.5,19.2,108.5,685.9,284.9,339,,VISAKHAPATNAM,
Andhra Pradesh,Visakhapatnam,IMD110-P338,1954,2.2,0.0,6.4,21.0,67.5,143.6,177.8,195.0,278.9,288.9,0.0,26.6,1207.9,2.2,94.9,795.4,315.4,339,,VISAKHAPATNAM,
Andhra Pradesh,Visakhapatnam,IMD110-P338,1955,5.4,0.0,22.1,29.8,358.3,114.8,81.2,300.2,266.1,441.2,52.2,0.1,1671.3,5.4,410.2,762.2,493.5,339,,VISAKHAPATNAM,
Andhra Pradesh,Visakhapatnam,IMD110-P338,1956,10.2,2.2,2.7,44.8,87.7,147.0,336.8,159.4,241.4,372.3,27.3,0.2,1432.0,12.4,135.1,884.6,399.8,339,,VISAKHAPATNAM,
Andhra Pradesh,Visakhapatnam,IMD110-P338,1957,1.3,1.2,33.6,30.5,32.4,119.2,130.0,284.5,284.8,157.0,22.5,0.0,1097.1,2.5,96.5,818.5,179.5,339,,VISAKHAPATNAM,
Andhra Pradesh,Visakhapatnam,IMD110-P338,1958,20.4,4.8,18.1,54.0,23.4,112.4,144.6,221.3,202.1,624.6,141.6,0.0,1567.3,25.2,95.5,680.4,766.2,339,,VISAKHAPATNAM,
Andhra Pradesh,Visakhapatnam,IMD110-P338,1959,15.9,11.4,0.0,12.7,15.0,229.6,282.2,159.3,157.3,239.0,1.1,3.8,1127.3,27.3,27.7,828.4,244.0,339,,VISAKHAPATNAM,
Andhra Pradesh,Visakhapatnam,IMD110-P338,1960,0.0,0.0,11.9,1.1,12.6,142.4,132.4,103.6,296.5,178.0,13.2,18.8,910.6,0.0,25.6,674.9,210.0,339,,VISAKHAPATNAM,
Andhra Pradesh,Visakhapatnam,IMD110-P338,1961,9.4,52.6,14.3,21.0,44.0,104.1,269.3,113.6,154.1,242.1,38.5,0.0,1063.2,62.1,79.3,641.1,280.6,339,,VISAKHAPATNAM,
Andhra Pradesh,Visakhapatnam,IMD110-P338,1962,2.5,9.2,3.3,35.9,59.8,81.0,200.7,142.2,311.6,485.6,59.5,1.9,1393.2,11.7,98.9,735.5,547.1,339,,VISAKHAPATNAM,
Andhra Pradesh,Visakhapatnam,IMD110-P338,1963,0.0,0.0,15.3,27.4,41.6,123.3,130.7,102.8,157.3,519.3,0.0,0.0,1117.7,0.0,84.3,514.1,519.3,339,,VISAKHAPATNAM,
Andhra Pradesh,Visakhapatnam,IMD110-P338,1964,2.5,1.9,6.4,7.0,41.9,57.7,140.5,191.8,275.8,104.6,106.5,1.1,937.7,4.4,55.3,665.8,212.2,339,,VISAKHAPATNAM,
Andhra Pradesh,Visakhapatnam,IMD110-P338,1965,2.3,0.4,5.6,66.4,33.6,55.5,111.7,135.6,227.3,102.5,20.0,1.0,761.8,2.7,105.6,530.1,123.4,339,,VISAKHAPATNAM,
Andhra Pradesh,Visakhapatnam,IMD110-P338,1966,54.1,0.5,1.4,6.9,22.0,93.1,197.2,166.9,116.4,84.8,154.1,10.5,908.0,54.6,30.3,573.7,249.4,339,,VISAKHAPATNAM,
Andhra Pradesh,Visakhapatnam,IMD110-P338,1967,19.6,0.0,78.3,23.7,12.8,130.9,243.3,116.6,132.6,43.8,0.9,49.1,851.7,19.6,114.8,623.4,93.9,339,,VISAKHAPATNAM,
Andhra Pradesh,Visakhapatnam,IMD110-P338,1968,12.9,35.0,24.2,52.9,58.1,73.1,187.9,41.4,196.2,216.8,35.8,1.0,935.3,47.9,135.2,498.6,253.6,340,,VISAKHAPATNAM,
Andhra Pradesh,Visakhapatnam,IMD110-P338,1969,0.5,0.9,11.6,19.9,316.2,167.9,178.1,124.2,149.8,131.2,228.8,11.8,1340.8,1.4,347.7,620.0,371.8,340,,VISAKHAPATNAM,
Andhra Pradesh,Visakhapatnam,IMD110-P338,1970,0.4,13.0,30.0,38.4,86.5,181.9,97.4,240.8,142.8,152.2,1.4,0.0,984.8,13.4,154.9,662.9,153.5,340,,VISAKHAPATNAM,
Andhra Pradesh,Visakhapatnam,IMD110-P338,1971,0.1,28.3,19.4,160.4,118.6,76.5,114.8,216.3,185.5,274.6,0.0,0.0,1194.6,28.3,298.4,593.2,274.6,340,,VISAKHAPATNAM,
Andhra Pradesh,Visakhapatnam,IMD110-P338,1972,0.0,36.7,0.0,68.2,31.6,87.1,93.6,88.2,248.3,314.4,32.0,0.6,1000.7,36.7,99.9,517.1,347.0,340,,VISAKHAPATNAM,
Andhra Pradesh,Visakhapatnam,IMD110-P338,1973,0.0,0.1,7.7,3.2,87.9,77.6,132.3,112.1,129.0,211.3,3.9,0.0,765.2,0.1,98.8,451.0,215.2,340,,VISAKHAPATNAM,
Andhra Pradesh,Visakhapatnam,IMD110-P338,1974,0.4,2.4,17.2,10.0,30.2,61.8,94.0,163.3,184.7,318.4,15.7,0.0,897.9,2.7,57.4,503.7,334.1,340,,VISAKHAPATNAM,
Andhra Pradesh,Visakhapatnam,IMD110-P338,1975,0.0,2.1,0.0,8.6,66.1,259.4,116.3,218.6,237.6,392.9,41.2,0.0,1342.8,2.1,74.7,831.8,434.1,340,,VISAKHAPATNAM,
Andhra Pradesh,Visakhapatnam,IMD110-P338,1976,0.0,2.2,8.5,57.2,49.6,80.0,135.5,211.3,67.0,61.4,333.7,0.5,1007.1,2.2,115.3,493.9,395.6,340,,VISAKHAPATNAM,
Andhra Pradesh,Visakhapatnam,IMD110-P338,1977,1.4,0.2,3.6,86.5,170.0,146.6,157.1,123.5,107.4,128.0,303.3,2.5,1230.0,1.5,260.1,534.5,433.8,340,,VISAKHAPATNAM,
Andhra Pradesh,Visakhapatnam,IMD110-P338,1978,25.8,22.9,22.0,55.2,36.3,180.7,120.6,204.4,200.7,77.9,45.0,2.5,994.1,48.7,113.5,706.3,125.5,340,,VISAKHAPATNAM,
Andhra Pradesh,Visakhapatnam,IMD110-P338,1979,0.0,30.5,0.0,28.5,162.4,128.5,89.4,116.1,215.4,68.7,199.9,6.8,1046.1,30.5,190.9,549.4,275.3,340,,VISAKHAPATNAM,
Andhra Pradesh,Visakhapatnam,IMD110-P338,1980,0.7,0.0,6.8,40.7,44.9,175.1,132.2,153.2,162.3,207.5,22.7,8.1,954.2,0.7,92.4,622.8,238.3,340,,VISAKHAPATNAM,
Andhra Pradesh,Visakhapatnam,IMD110-P338,1981,9.4,0.2,42.7,23.0,88.0,111.4,160.4,150.2,318.5,66.2,28.2,2.6,1000.6,9.6,153.7,740.4,96.9,340,,VISAKHAPATNAM,
Andhra Pradesh,Visakhapatnam,IMD110-P338,1982,3.2,0.5,9.2,73.1,65.9,107.7,144.2,152.9,160.3,351.9,34.7,0.5,1104.0,3.7,148.2,565.0,387.1,340,,VISAKHAPATNAM,
Andhra Pradesh,Visakhapatnam,IMD110-P338,1983,0.4,19.2,3.6,18.7,75.2,200.4,179.0,222.3,144.7,368.3,5.7,12.8,1250.3,19.6,97.5,746.4,386.8,340,,VISAKHAPATNAM,
Andhra Pradesh,Visakhapatnam,IMD110-P338,1984,5.9,9.1,1.6,41.2,14.9,107.2,227.3,144.0,171.6,66.5,17.0,2.4,808.7,15.0,57.7,650.1,85.9,340,,VISAKHAPATNAM,
Andhra Pradesh,Visakhapatnam,IMD110-P338,1985,39.8,0.0,4.2,21.2,27.6,107.7,204.7,102.4,114.2,298.8,62.2,0.6,983.4,39.8,53.1,529.0,361.6,340,,VISAKHAPATNAM,
Andhra Pradesh,Visakhapatnam,IMD110-P338,1986,17.4,29.6,4.7,50.4,72.1,120.4,88.8,351.0,143.1,236.6,152.6,3.7,1270.4,47.0,127.2,703.3,392.9,340,,VISAKHAPATNAM,
Andhra Pradesh,Visakhapatnam,IMD110-P338,1987,18.8,0.0,43.0,16.5,63.5,78.3,92.3,183.5,145.2,293.3,258.9,1.8,1195.1,18.8,123.0,499.3,554.0,340,,VISAKHAPATNAM,
Andhra Pradesh,Visakhapatnam,IMD110-P338,1988,0.0,22.5,7.2,46.5,128.0,40.3,260.3,198.9,386.3,161.3,11.1,4.5,1266.9,22.5,181.7,885.8,176.9,340,,VISAKHAPATNAM,
Andhra Pradesh,Visakhapatnam,IMD110-P338,1989,0.6,0.0,29.4,10.3,56.8,102.8,309.3,225.1,178.2,80.3,0.6,1.8,995.2,0.6,96.5,815.3,82.7,340,,VISAKHAPATNAM,
Andhra Pradesh,Visakhapatnam,IMD110-P338,1990,13.6,97.4,130.8,44.7,755.6,84.3,141.8,255.8,155.5,205.4,53.3,5.3,1943.7,111.0,931.2,637.5,264.0,340,,VISAKHAPATNAM,
Andhra Pradesh,Visakhapatnam,IMD110-P338,1991,25.8,0.0,0.1,0.2,21.3,218.4,120.5,40.1,227.4,246.9,118.4,2.9,1021.8,25.8,21.5,606.4,368.1,340,,VISAKHAPATNAM,
Andhra Pradesh,Visakhapatnam,IMD110-P338,1992,11.8,0.8,0.0,31.8,74.1,124.0,308.9,240.2,168.4,190.3,212.7,,,12.5,105.9,841.6,,340,missing_months,VISAKHAPATNAM,
Andhra Pradesh,Visakhapatnam,IMD110-P338,1993,0.3,0.5,12.6,48.4,87.2,68.0,141.3,106.4,220.9,178.9,15.8,0.4,880.6,0.8,148.2,536.6,195.1,340,,VISAKHAPATNAM,
Andhra Pradesh,Visakhapatnam,IMD110-P338,1994,10.1,9.8,2.7,49.2,71.3,72.8,219.9,158.6,172.3,287.2,55.1,0.0,1109.1,19.9,123.2,623.6,342.3,340,,VISAKHAPATNAM,
Andhra Pradesh,Visakhapatnam,IMD110-P338,1995,20.1,1.0,25.4,40.4,309.0,79.9,247.8,217.6,167.9,342.1,65.8,3.1,1520.1,21.2,374.8,713.2,411.0,340,,VISAKHAPATNAM,
Andhra Pradesh,Visakhapatnam,IMD110-P338,1996,5.1,11.2,2.0,52.0,37.7,309.9,219.2,263.8,212.4,265.6,45.2,7.6,1431.8,16.3,91.7,1005.3,318.5,340,,VISAKHAPATNAM,
Andhra Pradesh,Visakhapatnam,IMD110-P338,1997,15.1,12.5,37.8,53.7,39.9,75.3,163.4,174.9,282.8,85.4,44.7,42.3,1027.9,27.7,131.4,696.4,172.5,340,,VISAKHAPATNAM,
Andhra Pradesh,Visakhapatnam,IMD110-P338,1998,22.1,64.0,18.2,48.0,50.0,190.6,252.1,209.3,274.7,270.2,166.7,0.0,1566.1,86.2,116.2,926.8,436.9,340,,VISAKHAPATNAM,
Andhra Pradesh,Visakhapatnam,IMD110-P338,1999,0.1,0.0,1.4,24.0,11.7,168.0,128.7,155.4,130.7,147.5,22.2,0.0,789.6,0.1,37.1,582.7,169.7,340,,VISAKHAPATNAM,
Andhra Pradesh,Visakhapatnam,IMD110-P338,2000,0.0,57.6,1.0,22.3,78.2,240.9,173.4,256.0,156.1,97.1,5.5,12.5,1100.6,57.6,101.5,826.5,115.1,340,,VISAKHAPATNAM,
Andhra Pradesh,Visakhapatnam,IMD110-P338,2001,6.9,7.7,24.3,66.6,60.4,130.6,171.7,184.7,193.0,196.0,107.3,3.8,1152.9,14.5,151.2,680.0,307.1,340,,VISAKHAPATNAM,
Andhra Pradesh,Visakhapatnam,IMD110-P338,2002,23.6,0.0,5.3,59.2,30.1,139.4,78.8,163.7,85.4,151.2,9.4,0.0,746.1,23.6,94.6,467.2,160.6,341,,VISAKHAPATNAM,
Andhra Pradesh,Visakhapatnam,IMD110-P338,2003,10.1,20.3,37.0,39.3,19.8,84.5,302.1,213.5,134.0,335.5,11.3,117.8,1325.1,30.4,96.0,734.1,464.6,341,,VISAKHAPATNAM,
Andhra Pradesh,Visakhapatnam,IMD110-P338,2004,12.8,16.1,15.1,57.3,42.5,236.9,203.9,108.8,102.6,111.8,0.0,0.0,907.9,28.9,114.9,652.3,111.8,341,,VISAKHAPATNAM,
Andhra Pradesh,Visakhapatnam,IMD110-P338,2005,15.2,14.0,26.0,46.4,48.4,153.4,93.0,115.4,467.4,331.6,52.5,5.8,1369.1,29.2,120.8,829.2,389.9,341,,VISAKHAPATNAM,
Andhra Pradesh,Visakhapatnam,IMD110-P338,2006,0.0,0.0,29.6,56.4,87.1,147.5,150.0,375.1,223.3,112.4,54.3,0.2,1236.0,0.0,173.1,895.9,166.9,341,,VISAKHAPATNAM,
Andhra Pradesh,Visakhapatnam,IMD110-P338,2007,0.1,0.2,0.5,42.5,74.4,380.7,102.3,145.5,288.8,236.7,4.9,0.3,1277.0,0.3,117.4,917.3,241.9,341,,VISAKHAPATNAM,
Andhra Pradesh,Visakhapatnam,IMD110-P338,2008,3.0,96.7,95.0,24.3,55.7,122.2,152.2,223.3,200.6,62.5,17.8,0.3,1053.6,99.7,175.0,698.3,80.6,341,,VISAKHAPATNAM,
Andhra Pradesh,Visakhapatnam,IMD110-P338,2009,0.0,0.0,10.1,15.9,63.3,94.4,193.9,108.5,183.1,125.9,80.8,0.1,875.9,0.0,89.3,579.9,206.7,341,,VISAKHAPATNAM,
Andhra Pradesh,Visakhapatnam,IMD110-P338,2010,16.5,1.5,10.3,32.5,174.3,164.4,336.5,195.8,227.8,204.6,261.1,159.3,1784.5,18.0,217.0,924.5,625.0,341,,VISAKHAPATNAM,
Andhra Pradesh,Vizianagaram,IMD110-P342,1901,9.2,53.0,19.8,64.6,97.5,74.7,97.5,91.0,133.9,221.5,208.9,0.0,1071.5,62.1,181.9,397.1,430.3,342,,VIZIANAGARAM,
Andhra Pradesh,Vizianagaram,IMD110-P342,1902,5.4,0.0,0.0,33.1,70.5,103.1,129.2,335.7,204.0,93.0,34.2,23.9,1032.1,5.4,103.6,772.0,151.1,342,,VIZIANAGARAM,
Andhra Pradesh,Vizianagaram,IMD110-P342,1903,0.3,21.5,0.0,2.6,82.2,167.8,302.6,252.1,225.5,153.1,87.9,19.6,1315.1,21.8,84.9,947.9,260.6,342,,VIZIANAGARAM,
Andhra Pradesh,Vizianagaram,IMD110-P342,1904,0.0,0.1,11.5,3.0,145.7,148.2,177.4,176.4,163.6,302.9,0.0,0.5,1129.3,0.1,160.2,665.6,303.4,342,,VIZIANAGARAM,
Andhra Pradesh,Vizianagaram,IMD110-P342,1905,1.4,18.4,85.9,72.5,109.3,70.5,87.0,267.9,266.0,50.6,7.6,0.0,1037.1,19.8,267.6,691.4,58.2,342,,VIZIANAGARAM,
Andhra Pradesh,Vizianagaram,IMD110-P342,1906,4.7,21.5,9.5,5.9,23.6,225.5,182.0,252.1,163.1,125.9,27.9,31.3,1073.0,26.2,39.0,822.6,185.1,342,,VIZIANAGARAM,
Andhra Pradesh,Vizianagaram,IMD110-P342,1907,0.0,7.0,24.4,127.5,32.5,148.2,115.7,138.9,161.6,24.1,41.1,18.7,839.6,7.0,184.5,564.3,83.9,342,,VIZIANAGARAM,
Andhra Pradesh,Vizianagaram,IMD110-P342,1908,52.1,2.0,5.8,8.0,64.0,74.2,136.4,131.5,357.1,74.1,0.0,0.0,905.1,54.1,77.8,699.2,74.1,342,,VIZIANAGARAM,
Andhra Pradesh,Vizianagaram,IMD110-P342,1909,0.0,3.5,0.7,115.1,58.8,135.7,93.2,173.4,200.9,5.8,2.7,135.3,925.3,3.5,174.6,603.3,143.8,342,,VIZIANAGARAM,
Andhra Pradesh,Vizianagaram,IMD110-P342,1910,2.8,3.8,0.0,52.1,46.1,175.1,249.6,295.6,187.8,265.4,78.9,0.0,1357.2,6.5,98.2,908.1,344.3,342,,VIZIANAGARAM,
Andhra Pradesh,Vizianagaram,IMD110-P342,1911,0.0,0.0,26.1,16.2,29.5,164.2,110.1,113.7,252.0,113.1,27.1,9.2,861.2,0.0,71.8,640.0,149.5,342,,VIZIANAGARAM,
Andhra Pradesh,Vizianagaram,IMD110-P342,1912,0.0,21.1,2.2,36.0,50.5,100.8,175.2,292.5,260.6,73.1,30.4,0.0,1042.5,21.1,88.7,829.1,103.5,342,,VIZIANAGARAM,
Andhra Pradesh,Vizianagaram,IMD110-P342,1913,0.0,29.6,1.7,1.8,93.2,170.2,180.8,193.8,111.2,174.7,17.8,2.1,976.9,29.6,96.7,656.0,194.6,342,,VIZIANAGARAM,
Andhra Pradesh,Vizianagaram,IMD110-P342,1914,0.0,24.2,17.5,127.2,135.1,306.1,135.7,174.0,400.3,26.2,3.3,13.6,1363.3,24.2,279.8,1016.1,43.2,342,,VIZIANAGARAM,
Andhra Pradesh,Vizianagaram,IMD110-P342,1915,11.0,16.3,35.8,73.9,125.2,146.1,112.9,202.7,220.1,257.9,160.6,0.0,1362.5,27.3,234.9,681.8,418.5,342,,VIZIANAGARAM,
Andhra Pradesh,Vizianagaram,IMD110-P342,1916,0.6,11.1,1.7,14.1,57.1,158.2,242.2,216.1,196.8,324.0,43.4,0.0,1265.2,11.7,72.9,813.2,367.4,342,,VIZIANAGARAM,
Andhra Pradesh,Vizianagaram,IMD110-P342,1917,1.1,34.1,18.8,21.0,102.5,134.2,166.9,264.5,197.4,250.7,88.0,4.9,1284.1,35.2,142.2,763.0,343.6,342,,VIZIANAGARAM,
Andhra Pradesh,Vizianagaram,IMD110-P342,1918,5.8,0.0,13.7,28.5,120.2,122.9,130.6,165.9,145.4,49.3,52.1,6.3,840.7,5.8,162.4,564.8,107.7,342,,VIZIANAGARAM,
Andhra Pradesh,Vizianagaram,IMD110-P342,1919,85.9,63.2,2.6,16.6,65.6,138.3,249.9,171.1,134.5,211.2,144.7,2.5,1286.0,149.1,84.8,693.7,358.4,342,,VIZIANAGARAM,
Andhra Pradesh,Vizianagaram,IMD110-P342,1920,8.2,56.4,7.6,17.5,100.8,119.0,79.4,156.8,103.0,106.5,4.5,0.0,759.5,64.5,125.9,458.2,110.9,342,,VIZIANAGARAM,
Andhra Pradesh,Vizianagaram,IMD110-P342,1921,45.7,0.0,0.0,39.8,18.8,159.5,208.6,131.7,278.1,192.0,0.9,0.0,1075.1,45.7,58.7,777.8,192.9,342,,VIZIANAGARAM,
Andhra Pradesh,Vizianagaram,IMD110-P342,1922,24.2,0.0,0.0,8.8,46.9,111.2,137.6,179.5,176.6,132.9,116.8,0.0,934.6,24.2,55.7,605.0,249.7,342,,VIZIANAGARAM,
Andhra Pradesh,Vizianagaram,IMD110-P342,1923,0.0,41.6,7.6,27.0,63.6,84.5,104.0,34.9,224.9,359.5,279.3,0.0,1227.0,41.6,98.2,448.3,638.9,342,,VIZIANAGARAM,
Andhra Pradesh,Vizianagaram,IMD110-P342,1924,8.9,16.8,0.0,13.4,105.8,90.6,76.6,278.7,326.5,144.4,171.3,0.0,1233.0,25.7,119.3,772.4,315.7,342,,VIZIANAGARAM,
Andhra Pradesh,Vizianagaram,IMD110-P342,1925,5.0,0.0,11.4,64.8,276.4,186.1,150.4,243.1,125.5,266.5,1.5,0.6,1331.3,5.0,352.6,705.1,268.5,342,,VIZIANAGARAM,
Andhra Pradesh,Vizianagaram,IMD110-P342,1926,25.0,23.2,82.4,100.6,48.9,103.8,120.2,208.4,173.3,84.4,0.0,0.0,970.3,48.1,231.9,605.8,84.4,342,,VIZIANAGARAM,
Andhra Pradesh,Vizianagaram,IMD110-P342,1927,7.8,22.8,23.0,10.6,76.1,261.4,175.8,272.6,147.6,70.5,118.3,0.0,1186.5,30.6,109.8,857.4,188.8,342,,VIZIANAGARAM,
Andhra Pradesh,Vizianagaram,IMD110-P342,1928,0.0,2.9,0.2,78.8,25.5,93.5,195.1,200.8,224.3,416.7,1.4,0.0,1239.2,2.9,104.6,713.6,418.1,342,,VIZIANAGARAM,
Andhra Pradesh,Vizianagaram,IMD110-P342,1929,8.0,62.8,0.0,33.9,69.6,214.1,86.5,163.0,146.2,176.4,0.0,7.0,967.5,70.8,103.5,609.7,183.5,342,,VIZIANAGARAM,
Andhra Pradesh,Vizianagaram,IMD110-P342,1930,1.2,32.6,5.5,56.2,102.3,202.6,173.3,182.8,149.2,189.4,194.4,0.0,1289.5,33.8,164.0,707.9,383.8,342,,VIZIANAGARAM,
Andhra Pradesh,Vizianagaram,IMD110-P342,1931,0.0,1.2,17.1,13.6,58.3,167.5,123.3,114.3,319.0,576.6,107.0,0.0,1497.9,1.2,89.1,724.0,683.6,342,,VIZIANAGARAM,
Andhra Pradesh,Vizianagaram,IMD110-P342,1932,0.0,75.0,0.0,14.4,36.6,89.1,184.6,165.1,142.2,87.9,164.7,0.0,959.5,75.0,51.0,580.9,252.5,342,,VIZIANAGARAM,
Andhra Pradesh,Vizianagaram,IMD110-P342,1933,10.3,0.1,7.1,27.2,114.7,108.4,177.4,160.0,276.1,274.2,65.7,19.7,1241.1,10.4,149.0,722.0,359.6,342,,VIZIANAGARAM,
Andhra Pradesh,Vizianagaram,IMD110-P342,1934,0.0,0.0,0.2,23.2,42.4,145.9,207.1,231.3,200.3,79.8,69.3,0.0,999.6,0.0,65.9,784.7,149.1,343,,VIZIANAGARAM,
Andhra Pradesh,Vizianagaram,IMD110-P342,1935,0.0,0.3,8.0,39.0,7.0,157.4,171.8,141.5,177.0,98.2,1.7,0.0,801.9,0.3,54.0,647.7,99.9,343,,VIZIANAGARAM,
Andhra Pradesh,Vizianagaram,IMD110-P342,1936,9.2,107.1,10.0,26.8,187.2,226.0,259.2,215.0,127.0,225.3,47.1,9.1,1449.1,116.3,224.0,827.2,281.5,343,,VIZIANAGARAM,
Andhra Pradesh,Vizianagaram,IMD110-P342,1937,0.0,93.9,25.2,87.0,55.1,52.1,193.3,166.5,113.0,138.1,3.1,0.0,927.4,93.9,167.3,524.9,141.2,343,,VIZIANAGARAM,
Andhra Pradesh,Vizianagaram,IMD110-P342,1938,0.0,59.3,19.0,2.9,114.7,162.5,114.8,154.1,332.1,209.7,199.7,0.0,1369.0,59.3,136.6,763.6,409.5,343,,VIZIANAGARAM,
Andhra Pradesh,Vizianagaram,IMD110-P342,1939,2.1,0.0,38.8,22.2,20.0,105.0,128.6,129.5,167.4,260.3,32.0,1.3,907.3,2.1,81.1,530.5,293.6,343,,VIZIANAGARAM,
Andhra Pradesh,Vizianagaram,IMD110-P342,1940,0.0,9.5,49.4,24.6,350.0,160.7,158.8,216.2,131.6,75.2,9.5,13.5,1199.1,9.5,424.0,667.3,98.3,343,,VIZIANAGARAM,
Andhra Pradesh,Vizianagaram,IMD110-P342,1941,3.6,16.2,0.9,17.3,110.7,151.2,88.1,117.7,186.5,311.8,54.6,0.1,1058.8,19.8,128.9,543.6,366.5,343,,VIZIANAGARAM,
Andhra Pradesh,Vizianagaram,IMD110-P342,1942,9.5,12.9,5.9,72.0,63.6,110.6,164.5,198.6,180.6,136.4,126.6,0.6,1081.8,22.3,141.5,654.3,263.7,343,,VIZIANAGARAM,
Andhra Pradesh,Vizianagaram,IMD110-P342,1943,28.0,5.6,3.4,82.7,45.6,195.0,123.7,129.2,205.1,170.1,83.9,0.0,1072.3,33.6,131.6,653.0,254.0,343,,VIZIANAGARAM,
Andhra Pradesh,Vizianagaram,IMD110-P342,1944,7.7,46.9,128.0,33.4,87.6,159.7,148.5,182.6,163.4,225.3,50.6,0.0,1233.8,54.6,249.0,654.2,275.9,343,,VIZIANAGARAM,
Andhra Pradesh,Vizianagaram,IMD110-P342,1945,0.0,0.0,0.0,56.8,47.8,58.6,198.4,124.1,224.1,359.5,18.4,37.5,1125.2,0.0,104.6,605.1,415.5,343,,VIZIANAGARAM,
Andhra Pradesh,Vizianagaram,IMD110-P342,1946,0.0,3.7,17.9,84.8,71.2,179.6,190.7,193.0,174.8,136.4,55.0,0.0,1107.0,3.7,173.8,738.1,191.5,343,,VIZIANAGARAM,
Andhra Pradesh,Vizianagaram,IMD110-P342,1947,24.2,0.0,1.3,26.6,20.0,144.1,186.6,238.6,230.7,170.8,60.1,188.4,1291.5,24.2,47.9,800.1,419.3,343,,VIZIANAGARAM,
Andhra Pradesh,Vizianagaram,IMD110-P342,1948,0.8,36.5,16.7,38.8,59.9,161.4,219.9,135.3,311.2,71.1,109.8,0.0,1161.4,37.3,115.4,827.8,180.9,343,,VIZIANAGARAM,
Andhra Pradesh,Vizianagaram,IMD110-P342,1949,21.8,0.0,6.9,33.3,72.7,102.8,162.5,213.4,271.2,402.1,1.5,0.0,1288.2,21.8,113.0,749.9,403.6,343,,VIZIANAGARAM,
Andhra Pradesh,Vizianagaram,IMD110-P342,1950,0.0,14.0,37.6,16.3,54.6,128.7,224.1,176.5,122.9,111.0,126.1,0.0,1012.0,14.0,108.5,652.3,237.1,343,,VIZIANAGARAM,
Andhra Pradesh,Vizianagaram,IMD110-P342,1951,1.5,0.0,70.0,74.0,138.3,100.3,253.2,213.0,236.4,84.4,131.5,0.2,1302.9,1.5,282.3,803.0,216.1,343,,VIZIANAGARAM,
Andhra Pradesh,Vizianagaram,IMD110-P342,1952,0.0,26.6,28.3,62.6,62.2,95.8,191.8,184.7,215.9,269.0,0.0,15.6,1152.5,26.6,153.1,688.2,284.6,343,,VIZIANAGARAM,
Andhra Pradesh,Vizianagaram,IMD110-P342,1953,28.4,2.1,0.0,28.6,65.8,146.7,158.4,245.0,237.8,173.9,14.8,0.0,1101.6,30.6,94.4,787.9,188.7,343,,VIZIANAGARAM,
Andhra Pradesh,Vizianagaram,IMD110-P342,1954,0.0,0.0,10.4,9.2,47.4,113.8,104.0,220.7,218.9,292.8,0.0,6.9,1024.0,0.0,66.9,657.4,299.7,343,,VIZIANAGARAM,
Andhra Pradesh,Vizianagaram,IMD110-P342,1955,14.6,0.7,36.6,21.0,403.1,160.3,113.8,309.4,193.4,313.7,49.8,0.0,1616.3,15.3,460.7,776.8,363.5,343,,VIZIANAGARAM,
Andhra Pradesh,Vizianagaram,IMD110-P342,1956,4.7,6.3,0.1,15.1,76.6,266.6,355.7,222.2,238.8,296.1,22.9,0.1,1505.2,11.0,91.8,1083.3,319.1,343,,VIZIANAGARAM,
Andhra Pradesh,Vizianagaram,IMD110-P342,1957,0.1,5.5,25.9,19.9,34.9,143.0,181.3,308.7,287.2,104.5,5.0,0.0,1116.0,5.6,80.7,920.2,109.5,343,,VIZIANAGARAM,
Andhra Pradesh,Vizianagaram,IMD110-P342,1958,13.9,3.4,24.8,16.3,48.3,132.4,169.7,306.0,306.5,743.5,142.7,0.0,1907.4,17.3,89.3,914.6,886.2,343,,VIZIANAGARAM,
Andhra Pradesh,Vizianagaram,IMD110-P342,1959,8.5,1.4,0.0,3.2,16.9,217.1,230.7,215.1,174.9,239.4,0.0,9.2,1116.3,9.9,20.1,837.7,248.6,343,,VIZIANAGARAM,
Andhra Pradesh,Vizianagaram,IMD110-P342,1960,0.0,0.0,21.1,3.1,39.5,179.7,180.8,125.9,288.3,104.8,1.4,40.0,984.7,0.0,63.7,774.7,146.2,343,,VIZIANAGARAM,
Andhra Pradesh,Vizianagaram,IMD110-P342,1961,17.7,42.8,0.9,17.1,91.5,142.0,162.8,194.3,126.3,306.2,16.8,2.3,1120.8,60.6,109.5,625.4,325.3,343,,VIZIANAGARAM,
Andhra Pradesh,Vizianagaram,IMD110-P342,1962,9.5,6.2,0.0,42.1,120.3,180.9,229.7,122.9,288.8,354.5,25.1,17.1,1397.0,15.7,162.4,822.2,396.7,343,,VIZIANAGARAM,
Andhra Pradesh,Vizianagaram,IMD110-P342,1963,0.0,0.0,0.3,80.4,30.2,141.1,88.1,193.2,196.0,379.7,0.0,0.0,1109.0,0.0,111.0,618.4,379.7,343,,VIZIANAGARAM,
Andhra Pradesh,Vizianagaram,IMD110-P342,1964,1.3,37.2,0.6,9.9,58.3,101.1,157.8,302.2,270.9,68.4,12.2,0.0,1020.0,38.5,68.9,831.9,80.7,343,,VIZIANAGARAM,
Andhra Pradesh,Vizianagaram,IMD110-P342,1965,0.0,1.2,8.3,29.7,55.7,28.4,171.1,164.7,268.3,73.3,32.9,0.0,833.5,1.2,93.7,632.4,106.2,343,,VIZIANAGARAM,
Andhra Pradesh,Vizianagaram,IMD110-P342,1966,79.3,3.8,8.0,12.3,26.8,196.5,194.6,161.8,142.4,98.9,129.7,2.3,1056.4,83.2,47.1,695.3,230.9,343,,VIZIANAGARAM,
Andhra Pradesh,Vizianagaram,IMD110-P342,1967,20.9,0.0,57.5,16.3,37.5,154.9,222.0,114.0,179.4,15.1,1.9,36.9,856.5,20.9,111.3,670.4,53.9,343,,VIZIANAGARAM,
Andhra Pradesh,Vizianagaram,IMD110-P342,1968,25.4,16.7,27.4,41.5,39.0,129.4,193.8,46.4,193.6,306.1,59.9,5.6,1084.7,42.1,107.9,563.2,371.6,344,,VIZIANAGARAM,
Andhra Pradesh,Vizianagaram,IMD110-P342,1969,0.0,1.0,2.0,7.2,193.3,137.0,214.5,95.0,140.8,100.9,222.5,5.5,1119.7,1.0,202.5,587.3,328.8,344,,VIZIANAGARAM,
Andhra Pradesh,Vizianagaram,IMD110-P342,1970,0.0,5.1,21.7,26.9,148.0,221.6,207.1,245.1,114.0,120.0,0.0,0.0,1109.6,5.1,196.6,787.8,120.0,344,,VIZIANAGARAM,
Andhra Pradesh,Vizianagaram,IMD110-P342,1971,2.6,23.0,5.0,60.9,117.7,71.5,126.1,296.9,281.8,196.3,0.0,0.0,1181.9,25.6,183.6,776.4,196.3,344,,VIZIANAGARAM,
Andhra Pradesh,Vizianagaram,IMD110-P342,1972,0.0,57.8,0.0,54.3,19.0,86.0,139.1,111.7,320.1,238.5,121.0,0.0,1147.6,57.8,73.4,656.9,359.5,344,,VIZIANAGARAM,
Andhra Pradesh,Vizianagaram,IMD110-P342,1973,0.0,0.0,26.7,1.8,63.4,89.2,219.3,126.1,154.8,198.6,12.7,0.0,892.6,0.0,92.0,589.4,211.3,344,,VIZIANAGARAM,
Andhra Pradesh,Vizianagaram,IMD110-P342,1974,0.0,1.4,27.9,28.5,56.5,153.5,163.9,84.7,183.3,278.5,36.0,0.0,1014.2,1.4,112.9,585.3,314.5,344,,VIZIANAGARAM,
Andhra Pradesh,Vizianagaram,IMD110-P342,1975,0.0,29.5,0.0,2.7,45.3,229.4,111.2,261.7,189.7,333.8,34.3,0.0,1237.8,29.5,48.0,792.1,368.2,344,,VIZIANAGARAM,
Andhra Pradesh,Vizianagaram,IMD110-P342,1976,0.0,1.9,3.8,32.3,58.9,146.8,146.3,229.7,115.7,31.8,252.7,0.0,1019.9,1.9,95.1,638.5,284.4,344,,VIZIANAGARAM,
Andhra Pradesh,Vizianagaram,IMD110-P342,1977,1.7,0.0,0.6,102.5,124.4,102.1,131.8,222.5,179.8,101.2,314.0,1.5,1282.1,1.7,227.4,636.3,416.7,344,,VIZIANAGARAM,
Andhra Pradesh,Vizianagaram,IMD110-P342,1978,11.5,28.6,20.0,56.6,38.7,152.0,221.7,172.9,177.1,95.0,26.1,0.8,1001.1,40.1,115.4,723.7,121.8,344,,VIZIANAGARAM,
Andhra Pradesh,Vizianagaram,IMD110-P342,1979,0.9,35.8,0.0,12.9,155.4,195.5,120.8,128.1,257.6,58.4,57.8,10.0,1033.1,36.7,168.3,701.9,126.2,344,,VIZIANAGARAM,
Andhra Pradesh,Vizianagaram,IMD110-P342,1980,1.2,8.3,12.7,31.1,42.2,188.6,157.0,144.6,230.3,241.0,5.2,28.2,1090.3,9.4,86.0,720.5,274.4,344,,VIZIANAGARAM,
Andhra Pradesh,Vizianagaram,IMD110-P342,1981,22.2,0.0,58.3,19.2,101.6,97.6,132.0,186.9,296.1,32.4,16.4,1.9,964.7,22.2,179.2,712.7,50.7,344,,VIZIANAGARAM,
Andhra Pradesh,Vizianagaram,IMD110-P342,1982,1.8,1.3,20.5,71.2,72.2,104.7,193.8,126.9,116.9,212.5,21.5,0.0,943.2,3.1,163.8,542.3,234.0,344,,VIZIANAGARAM,
Andhra Pradesh,Vizianagaram,IMD110-P342,1983,0.0,25.7,13.1,14.2,78.8,139.2,171.3,195.1,201.0,237.4,5.6,2.8,1084.2,25.7,106.1,706.5,245.8,344,,VIZIANAGARAM,
Andhra Pradesh,Vizianagaram,IMD110-P342,1984,12.6,12.8,0.4,51.4,27.7,124.0,269.0,220.1,170.9,91.3,0.7,0.0,980.8,25.4,79.5,784.0,92.0,344,,VIZIANAGARAM,
Andhra Pradesh,Vizianagaram,IMD110-P342,1987,40.6,0.0,23.7,28.4,101.8,91.3,79.3,133.5,102.0,310.1,286.0,0.2,1196.9,40.6,153.8,406.1,596.3,344,,VIZIANAGARAM,
Andhra Pradesh,Vizianagaram,IMD110-P342,1988,0.0,41.1,0.8,40.2,95.2,108.0,213.5,284.5,291.7,93.5,2.0,6.6,1177.1,41.1,136.1,897.7,102.1,344,,VIZIANAGARAM,
Andhra Pradesh,Vizianagaram,IMD110-P342,1989,0.0,0.0,26.0,16.8,47.2,152.7,226.2,183.2,220.3,57.2,0.3,0.2,930.1,0.0,90.0,782.5,57.7,344,,VIZIANAGARAM,
Andhra Pradesh,Vizianagaram,IMD110-P342,1990,0.1,80.7,117.8,36.7,466.6,113.0,82.4,261.6,158.9,304.9,80.6,4.3,1707.6,80.8,621.2,615.8,389.9,344,,VIZIANAGARAM,
Andhra Pradesh,Vizianagaram,IMD110-P342,1991,18.6,0.0,19.4,31.0,25.0,201.1,191.8,119.3,298.0,115.8,64.1,0.0,1084.1,18.6,75.4,810.2,179.9,344,,VIZIANAGARAM,
Andhra Pradesh,Vizianagaram,IMD110-P342,1992,14.2,8.1,0.0,7.0,68.1,78.2,230.8,225.1,157.8,157.0,108.9,0.0,1055.2,22.3,75.1,691.8,265.9,344,,VIZIANAGARAM,
Andhra Pradesh,Vizianagaram,IMD110-P342,1993,0.0,19.3,10.6,33.9,67.1,105.2,175.7,81.2,192.0,153.2,13.9,0.0,852.1,19.3,111.6,554.1,167.1,344,,VIZIANAGARAM,
Andhra Pradesh,Vizianagaram,IMD110-P342,1994,9.2,14.4,6.7,47.6,70.5,54.1,174.4,141.2,215.0,164.7,,,,23.6,124.7,584.7,,344,missing_months,VIZIANAGARAM,
Andhra Pradesh,Vizianagaram,IMD110-P342,1995,18.2,4.7,19.6,31.3,331.9,40.9,215.3,232.7,116.0,305.6,81.2,10.5,1407.9,22.9,382.8,604.9,397.3,344,,VIZIANAGARAM,
Andhra Pradesh,Vizianagaram,IMD110-P342,1996,6.8,6.3,13.9,25.8,23.3,185.3,185.7,213.5,117.4,205.4,35.3,4.7,1023.4,13.1,63.0,701.8,245.4,344,,VIZIANAGARAM,
Andhra Pradesh,Vizianagaram,IMD110-P342,1997,10.1,11.4,30.7,70.7,35.0,72.9,150.8,187.7,282.0,65.4,35.0,40.7,992.3,21.5,136.4,693.4,141.0,344,,VIZIANAGARAM,
Andhra Pradesh,Vizianagaram,IMD110-P342,1998,9.3,51.0,46.2,43.1,37.8,166.7,232.3,218.7,168.9,110.0,148.8,,,60.3,127.1,786.5,,344,missing_months,VIZIANAGARAM,
Andhra Pradesh,Vizianagaram,IMD110-P342,1999,0.0,0.0,0.0,6.6,116.2,208.4,90.6,137.0,159.1,114.6,34.1,0.0,866.6,0.0,122.8,595.1,148.7,344,,VIZIANAGARAM,
Andhra Pradesh,Vizianagaram,IMD110-P342,2000,0.0,29.4,0.0,23.1,103.6,159.2,118.3,277.8,109.4,51.8,6.3,9.8,888.9,29.4,126.8,664.8,67.9,344,,VIZIANAGARAM,
Andhra Pradesh,Vizianagaram,IMD110-P342,2001,4.8,,38.5,52.6,82.4,91.1,112.3,193.4,167.9,165.8,94.0,,,,173.5,564.6,,344,missing_months,VIZIANAGARAM,
Andhra Pradesh,Vizianagaram,IMD110-P342,2002,28.7,,10.3,64.4,35.5,165.6,119.0,138.1,93.3,106.5,4.6,,,,110.3,515.9,,344,missing_months,VIZIANAGARAM,
Andhra Pradesh,Vizianagaram,IMD110-P342,2003,5.3,29.3,55.9,23.0,20.3,65.4,229.8,181.9,115.7,330.3,6.7,89.5,1153.1,34.6,99.1,592.8,426.6,344,,VIZIANAGARAM,
Andhra Pradesh,Vizianagaram,IMD110-P342,2004,52.8,23.1,14.6,68.1,42.0,187.9,227.3,97.6,86.7,,,,,75.9,124.7,599.5,,345,missing_months,VIZIANAGARAM,
Andhra Pradesh,Vizianagaram,IMD110-P342,2005,22.3,7.5,22.0,28.5,52.2,81.6,104.5,121.1,354.2,291.6,115.2,2.8,1203.5,29.8,102.7,661.4,409.6,345,,VIZIANAGARAM,
Andhra Pradesh,Vizianagaram,IMD110-P342,2006,0.0,0.0,37.2,57.2,81.0,176.2,196.4,391.3,239.4,59.5,43.3,0.0,1281.5,0.0,175.4,1003.2,102.9,345,,VIZIANAGARAM,
Andhra Pradesh,Vizianagaram,IMD110-P342,2007,0.0,0.0,0.0,0.0,0.0,379.0,96.6,129.3,318.4,149.2,3.0,0.1,1075.7,0.0,0.0,923.3,152.3,345,,VIZIANAGARAM,
Andhra Pradesh,Vizianagaram,IMD110-P342,2008,9.3,51.2,67.3,35.9,51.8,73.5,256.0,210.2,265.1,27.4,10.8,0.0,1058.4,60.5,154.9,804.9,38.2,345,,VIZIANAGARAM,
Andhra Pradesh,Vizianagaram,IMD110-P342,2009,0.0,0.0,11.6,12.0,33.1,137.8,175.4,197.9,153.7,117.5,131.0,0.0,970.0,0.0,56.8,664.8,248.5,345,,VIZIANAGARAM,
Andhra Pradesh,Vizianagaram,IMD110-P342,2010,48.8,7.1,8.1,7.1,132.6,190.0,259.8,227.1,212.1,190.7,173.3,137.2,1593.7,55.9,147.7,889.0,501.2,345,,VIZIANAGARAM,
Andhra Pradesh,West Godavari,IMD110-P346,1901,21.0,46.5,4.2,24.2,74.7,103.0,151.0,212.1,93.0,148.1,92.7,0.0,970.5,67.6,103.2,559.0,240.8,346,,WEST GODAVARI,
Andhra Pradesh,West Godavari,IMD110-P346,1902,0.0,0.0,0.2,5.8,14.2,47.5,232.3,242.9,183.1,262.1,47.6,5.9,1041.6,0.0,20.1,705.8,315.6,346,,WEST GODAVARI,
Andhra Pradesh,West Godavari,IMD110-P346,1903,0.0,2.4,0.0,0.0,75.8,181.0,365.0,283.6,231.7,192.6,175.4,8.1,1515.6,2.4,75.8,1061.3,376.1,346,,WEST GODAVARI,
Andhra Pradesh,West Godavari,IMD110-P346,1904,1.6,0.0,1.3,1.6,163.1,106.1,103.0,106.6,49.8,215.3,0.0,18.4,766.8,1.6,166.0,365.6,233.7,346,,WEST GODAVARI,
Andhra Pradesh,West Godavari,IMD110-P346,1905,0.0,19.3,49.1,6.0,36.1,166.2,72.9,176.4,165.9,57.4,0.8,0.0,750.2,19.3,91.2,581.3,58.3,346,,WEST GODAVARI,
Andhra Pradesh,West Godavari,IMD110-P346,1906,0.2,23.5,4.2,1.7,14.4,326.5,196.2,296.9,96.2,42.3,10.4,37.5,1050.1,23.7,20.4,915.8,90.2,346,,WEST GODAVARI,
Andhra Pradesh,West Godavari,IMD110-P346,1907,0.0,0.0,35.9,82.9,15.0,398.2,94.5,190.7,41.8,16.1,64.7,33.5,973.2,0.0,133.8,725.2,114.3,346,,WEST GODAVARI,
Andhra Pradesh,West Godavari,IMD110-P346,1908,32.1,0.2,0.0,7.9,33.1,38.3,162.0,276.3,331.4,60.2,1.3,0.0,942.8,32.3,41.0,808.0,61.5,346,,WEST GODAVARI,
Andhra Pradesh,West Godavari,IMD110-P346,1909,1.7,0.0,0.0,169.0,36.5,77.9,272.8,245.2,149.0,12.1,3.6,0.9,968.8,1.7,205.5,744.9,16.7,346,,WEST GODAVARI,
Andhra Pradesh,West Godavari,IMD110-P346,1910,0.0,0.0,0.0,32.5,16.3,280.7,239.4,187.8,278.3,300.1,58.8,0.0,1394.1,0.0,48.9,986.3,358.9,346,,WEST GODAVARI,
Andhra Pradesh,West Godavari,IMD110-P346,1911,0.0,0.0,0.0,24.5,28.6,205.8,281.0,89.9,102.7,150.4,79.9,8.1,971.0,0.0,53.2,679.4,238.4,346,,WEST GODAVARI,
Andhra Pradesh,West Godavari,IMD110-P346,1912,0.0,0.0,3.1,9.8,45.8,43.2,314.2,208.2,219.7,71.5,39.9,0.0,955.3,0.0,58.7,785.2,111.4,346,,WEST GODAVARI,
Andhra Pradesh,West Godavari,IMD110-P346,1913,0.0,8.3,0.0,1.8,42.2,122.9,200.3,91.9,128.3,172.9,0.0,0.2,768.7,8.3,44.0,543.3,173.1,346,,WEST GODAVARI,
Andhra Pradesh,West Godavari,IMD110-P346,1914,0.0,0.0,0.5,47.1,44.3,106.3,248.4,294.2,198.1,16.6,14.6,0.0,970.1,0.0,91.9,847.0,31.2,346,,WEST GODAVARI,
Andhra Pradesh,West Godavari,IMD110-P346,1915,12.0,22.0,51.9,18.2,20.7,298.6,175.1,260.6,160.1,231.7,147.5,0.0,1398.4,34.0,90.8,894.3,379.1,346,,WEST GODAVARI,
Andhra Pradesh,West Godavari,IMD110-P346,1916,0.0,0.1,0.0,7.8,69.2,193.2,398.2,193.0,192.6,407.7,173.3,0.0,1635.1,0.1,76.9,977.0,581.0,346,,WEST GODAVARI,
Andhra Pradesh,West Godavari,IMD110-P346,1917,0.0,26.9,11.2,13.0,121.3,312.7,208.7,234.1,285.1,146.1,98.4,0.0,1457.5,26.9,145.5,1040.6,244.5,346,,WEST GODAVARI,
Andhra Pradesh,West Godavari,IMD110-P346,1918,30.8,9.2,1.4,2.9,43.9,160.0,95.5,158.6,114.9,32.1,75.2,5.4,729.9,40.0,48.2,528.9,112.7,346,,WEST GODAVARI,
Andhra Pradesh,West Godavari,IMD110-P346,1919,26.4,0.0,19.9,20.6,76.6,127.5,225.4,125.1,194.5,230.5,109.9,3.4,1159.7,26.4,117.0,672.5,343.7,346,,WEST GODAVARI,
Andhra Pradesh,West Godavari,IMD110-P346,1920,9.6,6.0,0.3,16.8,77.7,76.8,97.4,143.1,72.4,199.2,4.5,0.0,703.9,15.6,94.8,389.7,203.7,346,,WEST GODAVARI,
Andhra Pradesh,West Godavari,IMD110-P346,1921,31.8,0.0,0.0,19.4,9.2,67.0,250.8,328.7,194.4,199.0,18.6,0.0,1118.9,31.8,28.6,840.9,217.6,346,,WEST GODAVARI,
Andhra Pradesh,West Godavari,IMD110-P346,1922,3.7,0.0,0.8,6.5,48.5,82.1,180.1,86.8,137.1,109.5,161.4,0.0,816.6,3.7,55.9,486.1,270.9,346,,WEST GODAVARI,
Andhra Pradesh,West Godavari,IMD110-P346,1923,0.0,48.2,6.4,8.2,22.5,19.7,258.5,104.2,383.6,228.8,220.3,0.1,1300.3,48.2,37.1,765.9,449.1,346,,WEST GODAVARI,
Andhra Pradesh,West Godavari,IMD110-P346,1924,0.0,0.0,0.0,1.2,29.5,51.4,202.1,172.7,307.2,123.3,204.7,0.0,1092.1,0.0,30.7,733.4,328.0,346,,WEST GODAVARI,
Andhra Pradesh,West Godavari,IMD110-P346,1925,0.0,0.0,3.4,31.4,141.0,146.8,306.7,278.5,93.9,254.5,38.7,4.6,1299.6,0.0,175.8,826.0,297.8,346,,WEST GODAVARI,
Andhra Pradesh,West Godavari,IMD110-P346,1926,7.4,0.8,74.0,9.1,45.1,65.2,343.5,183.7,133.5,51.1,0.0,0.2,913.8,8.2,128.2,726.0,51.4,346,,WEST GODAVARI,
Andhra Pradesh,West Godavari,IMD110-P346,1927,15.6,0.0,17.1,2.9,39.8,214.3,238.6,236.7,118.1,62.9,168.0,0.0,1114.1,15.6,59.9,807.7,230.9,346,,WEST GODAVARI,
Andhra Pradesh,West Godavari,IMD110-P346,1928,0.0,3.6,0.9,22.6,38.4,89.0,244.8,88.7,188.5,264.5,8.5,0.0,949.6,3.6,61.9,611.0,273.0,346,,WEST GODAVARI,
Andhra Pradesh,West Godavari,IMD110-P346,1929,1.7,4.9,5.4,6.0,13.9,192.5,110.7,153.3,157.9,165.0,4.1,29.3,844.8,6.5,25.3,614.4,198.5,346,,WEST GODAVARI,
Andhra Pradesh,West Godavari,IMD110-P346,1930,0.0,20.2,4.5,5.3,61.8,287.3,98.8,164.3,156.8,286.3,136.5,15.5,1237.1,20.2,71.6,707.2,438.2,346,,WEST GODAVARI,
Andhra Pradesh,West Godavari,IMD110-P346,1931,0.0,0.0,0.0,7.3,26.8,95.9,287.0,216.9,168.7,274.1,171.2,0.1,1247.9,0.0,34.2,768.4,445.4,346,,WEST GODAVARI,
Andhra Pradesh,West Godavari,IMD110-P346,1932,0.0,27.4,0.0,33.2,46.5,119.4,290.5,152.5,187.7,151.7,180.4,0.0,1189.3,27.4,79.7,750.1,332.1,346,,WEST GODAVARI,
Andhra Pradesh,West Godavari,IMD110-P346,1933,0.0,0.1,0.7,17.0,89.2,97.6,265.4,168.6,198.0,248.6,44.5,32.6,1162.2,0.1,106.9,729.5,325.7,346,,WEST GODAVARI,
Andhra Pradesh,West Godavari,IMD110-P346,1934,0.7,0.0,0.0,21.8,14.5,75.6,206.2,226.7,97.1,106.7,43.5,7.0,800.0,0.7,36.3,605.7,157.3,347,,WEST GODAVARI,
Andhra Pradesh,West Godavari,IMD110-P346,1935,0.0,0.0,4.4,20.5,8.1,84.4,210.6,131.8,291.3,168.6,0.0,0.0,919.9,0.0,33.1,718.2,168.6,347,,WEST GODAVARI,
Andhra Pradesh,West Godavari,IMD110-P346,1936,2.3,144.3,1.7,32.8,98.6,199.9,289.3,255.8,165.4,173.4,96.5,1.2,1461.2,146.6,133.1,910.3,271.1,347,,WEST GODAVARI,
Andhra Pradesh,West Godavari,IMD110-P346,1937,0.0,45.8,4.3,66.7,24.9,53.8,168.8,212.0,98.3,208.8,1.1,6.8,891.3,45.8,95.9,533.0,216.6,347,,WEST GODAVARI,
Andhra Pradesh,West Godavari,IMD110-P346,1938,0.0,16.5,0.0,2.1,79.6,149.7,253.2,200.4,201.9,53.6,217.4,1.8,1176.1,16.5,81.7,805.2,272.8,347,,WEST GODAVARI,
Andhra Pradesh,West Godavari,IMD110-P346,1939,0.5,0.0,29.7,16.3,7.6,66.1,201.9,109.9,130.0,515.2,146.8,1.0,1224.8,0.5,53.6,507.8,663.0,347,,WEST GODAVARI,
Andhra Pradesh,West Godavari,IMD110-P346,1940,0.0,2.3,80.2,11.1,108.0,116.7,224.0,261.8,98.1,69.1,74.1,4.5,1049.9,2.3,199.3,700.6,147.7,347,,WEST GODAVARI,
Andhra Pradesh,West Godavari,IMD110-P346,1941,0.0,9.6,1.5,5.7,26.5,243.3,106.0,86.3,184.8,247.1,105.0,3.6,1019.3,9.6,33.8,620.3,355.6,347,,WEST GODAVARI,
Andhra Pradesh,West Godavari,IMD110-P346,1942,0.0,1.4,0.8,9.3,14.7,104.5,159.3,323.7,118.1,152.3,53.6,0.0,937.7,1.4,24.8,705.6,205.9,347,,WEST GODAVARI,
Andhra Pradesh,West Godavari,IMD110-P346,1943,14.6,7.0,0.7,62.2,22.7,157.7,142.5,139.1,304.6,256.8,21.9,0.0,1129.8,21.5,85.6,744.0,278.7,347,,WEST GODAVARI,
Andhra Pradesh,West Godavari,IMD110-P346,1944,1.9,1.4,64.2,13.9,8.2,201.9,229.4,204.0,148.1,300.0,28.7,0.0,1201.8,3.3,86.3,783.4,328.7,347,,WEST GODAVARI,
Andhra Pradesh,West Godavari,IMD110-P346,1945,4.2,0.0,0.0,61.9,45.7,57.0,229.2,251.0,176.2,127.7,7.8,3.3,964.0,4.2,107.6,713.4,138.8,347,,WEST GODAVARI,
Andhra Pradesh,West Godavari,IMD110-P346,1946,0.0,2.5,0.0,52.2,50.2,112.1,180.4,156.1,116.8,85.4,171.8,0.6,928.0,2.5,102.4,565.4,257.8,347,,WEST GODAVARI,
Andhra Pradesh,West Godavari,IMD110-P346,1947,0.0,8.5,0.0,0.7,20.5,59.3,295.3,258.1,248.1,138.2,86.6,120.9,1236.3,8.5,21.2,860.9,345.7,347,,WEST GODAVARI,
Andhra Pradesh,West Godavari,IMD110-P346,1948,0.4,30.6,8.9,6.2,5.3,87.9,256.9,125.0,208.6,136.5,147.8,0.6,1014.6,31.0,20.3,678.3,284.9,347,,WEST GODAVARI,
Andhra Pradesh,West Godavari,IMD110-P346,1949,0.0,2.9,0.0,18.7,59.6,132.5,341.9,227.4,213.1,270.6,18.3,0.0,1285.1,2.9,78.3,914.9,288.9,347,,WEST GODAVARI,
Andhra Pradesh,West Godavari,IMD110-P346,1950,0.0,24.1,49.1,0.0,54.1,93.9,322.4,159.1,310.8,104.1,76.3,0.0,1194.1,24.1,103.2,886.3,180.4,347,,WEST GODAVARI,
Andhra Pradesh,West Godavari,IMD110-P346,1951,3.4,0.0,2.5,34.8,27.1,203.8,404.3,191.0,157.4,99.3,33.1,6.5,1163.1,3.4,64.3,956.5,138.9,347,,WEST GODAVARI,
Andhra Pradesh,West Godavari,IMD110-P346,1952,0.0,11.8,1.3,2.1,45.7,99.9,111.2,154.2,87.5,195.5,0.0,44.8,754.0,11.8,49.1,452.8,240.3,347,,WEST GODAVARI,
Andhra Pradesh,West Godavari,IMD110-P346,1953,7.9,0.0,0.0,13.8,13.2,147.7,216.8,196.3,115.1,250.5,13.2,0.0,974.5,7.9,26.9,676.0,263.7,347,,WEST GODAVARI,
Andhra Pradesh,West Godavari,IMD110-P346,1954,0.0,0.0,7.4,3.3,11.5,215.7,330.7,189.5,253.5,230.7,0.0,20.7,1263.0,0.0,22.2,989.4,251.4,347,,WEST GODAVARI,
Andhra Pradesh,West Godavari,IMD110-P346,1955,0.0,0.0,5.7,1.3,99.9,74.1,161.0,238.4,216.5,334.5,66.9,0.0,1198.4,0.0,107.0,690.0,401.4,347,,WEST GODAVARI,
Andhra Pradesh,West Godavari,IMD110-P346,1956,1.8,2.7,0.0,30.2,88.4,162.8,369.5,152.9,127.8,375.0,68.4,0.8,1380.2,4.5,118.6,812.9,444.2,347,,WEST GODAVARI,
Andhra Pradesh,West Godavari,IMD110-P346,1957,1.8,0.0,13.7,2.0,23.2,213.5,157.3,313.8,116.3,117.5,36.6,0.0,995.9,1.8,39.0,801.0,154.1,347,,WEST GODAVARI,
Andhra Pradesh,West Godavari,IMD110-P346,1958,1.3,0.1,0.6,8.1,20.8,90.2,310.1,190.5,121.7,333.3,116.4,0.0,1193.3,1.5,29.6,712.5,449.7,347,,WEST GODAVARI,
Andhra Pradesh,West Godavari,IMD110-P346,1959,0.2,29.6,0.0,19.4,9.5,153.9,393.5,310.0,163.6,223.2,3.6,0.4,1306.9,29.8,28.8,1021.2,227.2,347,,WEST GODAVARI,
Andhra Pradesh,West Godavari,IMD110-P346,1960,0.0,0.0,22.0,0.0,6.5,172.1,290.9,63.6,319.9,108.1,13.0,20.1,1016.3,0.0,28.6,846.5,141.2,347,,WEST GODAVARI,
Andhra Pradesh,West Godavari,IMD110-P346,1961,3.4,44.8,0.0,0.0,18.1,140.7,232.9,168.1,283.4,295.5,26.3,0.0,1213.2,48.2,18.1,825.1,321.9,347,,WEST GODAVARI,
Andhra Pradesh,West Godavari,IMD110-P346,1962,0.6,9.3,0.1,30.5,43.7,97.0,287.3,216.1,259.4,296.3,38.0,9.5,1287.7,9.9,74.2,859.8,343.8,347,,WEST GODAVARI,
Andhra Pradesh,West Godavari,IMD110-P346,1963,0.0,0.0,19.9,24.0,31.7,127.9,177.9,228.2,123.2,283.3,0.1,0.0,1016.2,0.0,75.7,657.1,283.4,347,,WEST GODAVARI,
Andhra Pradesh,West Godavari,IMD110-P346,1964,0.0,0.0,0.0,7.3,47.8,147.5,191.6,285.8,324.9,87.5,58.9,0.0,1151.4,0.0,55.2,949.8,146.4,347,,WEST GODAVARI,
Andhra Pradesh,West Godavari,IMD110-P346,1965,16.5,2.6,1.0,29.8,26.3,65.0,239.5,168.5,175.2,52.4,6.2,0.0,783.0,19.1,57.1,648.2,58.6,347,,WEST GODAVARI,
Andhra Pradesh,West Godavari,IMD110-P346,1966,26.1,0.0,2.3,24.0,2.9,74.5,314.1,252.7,90.4,32.0,62.5,22.0,903.4,26.1,29.2,731.6,116.5,347,,WEST GODAVARI,
Andhra Pradesh,West Godavari,IMD110-P346,1967,31.3,0.0,58.2,20.1,0.0,51.8,304.2,118.8,152.0,6.0,0.0,41.2,783.6,31.3,78.3,626.8,47.2,347,,WEST GODAVARI,
Andhra Pradesh,West Godavari,IMD110-P346,1968,2.6,5.6,2.1,37.7,12.9,40.7,215.8,63.8,108.0,167.5,46.9,10.4,714.0,8.2,52.7,428.3,224.8,348,,WEST GODAVARI,
Andhra Pradesh,West Godavari,IMD110-P346,1969,0.0,0.0,0.0,11.9,247.1,157.2,232.5,102.8,137.9,177.1,156.1,104.3,1326.8,0.0,258.9,630.4,437.4,348,,WEST GODAVARI,
Andhra Pradesh,West Godavari,IMD110-P346,1970,4.5,4.3,14.7,8.0,65.1,159.3,235.7,278.9,117.1,182.3,1.7,0.0,1071.5,8.8,87.8,790.9,184.0,348,,WEST GODAVARI,
Andhra Pradesh,West Godavari,IMD110-P346,1971,3.9,33.8,16.5,134.6,38.6,99.0,103.1,165.6,209.5,133.5,1.2,0.0,939.4,37.8,189.8,577.1,134.7,348,,WEST GODAVARI,
Andhra Pradesh,West Godavari,IMD110-P346,1972,0.0,15.2,0.0,11.7,27.2,194.2,121.4,68.2,125.2,371.9,73.6,2.7,1011.3,15.2,38.9,509.0,448.2,348,,WEST GODAVARI,
Andhra Pradesh,West Godavari,IMD110-P346,1973,0.0,0.0,5.0,0.0,31.6,55.4,187.6,246.5,114.5,289.7,13.8,0.0,944.2,0.0,36.6,604.1,303.6,348,,WEST GODAVARI,
Andhra Pradesh,West Godavari,IMD110-P346,1974,0.0,0.0,0.1,3.3,13.8,98.3,155.6,167.6,193.6,236.4,26.8,0.0,895.4,0.0,17.2,615.0,263.3,348,,WEST GODAVARI,
Andhra Pradesh,West Godavari,IMD110-P346,1975,0.0,0.8,0.0,0.5,36.5,194.7,153.8,250.2,222.1,273.4,45.7,0.0,1177.9,0.8,37.1,820.8,319.2,348,,WEST GODAVARI,
Andhra Pradesh,West Godavari,IMD110-P346,1976,0.0,0.7,1.4,12.6,41.2,48.3,303.1,262.7,117.3,78.5,421.5,0.6,1287.9,0.7,55.1,731.5,500.6,348,,WEST GODAVARI,
Andhra Pradesh,West Godavari,IMD110-P346,1977,0.7,0.3,2.9,16.9,69.4,124.8,170.0,170.6,91.7,115.0,248.1,1.4,1011.7,1.0,89.2,557.1,364.5,348,,WEST GODAVARI,
Andhra Pradesh,West Godavari,IMD110-P346,1978,0.6,8.3,3.8,6.0,7.4,209.6,193.1,359.9,164.4,47.3,39.3,10.8,1050.4,8.9,17.2,927.0,97.3,348,,WEST GODAVARI,
Andhra Pradesh,West Godavari,IMD110-P346,1979,0.2,40.2,0.0,7.3,107.6,36.7,101.9,65.7,213.2,61.2,121.9,15.6,771.6,40.4,114.9,417.5,198.8,348,,WEST GODAVARI,
Andhra Pradesh,West Godavari,IMD110-P346,1980,0.0,0.1,3.7,2.8,25.4,398.4,211.4,295.6,93.9,209.6,59.5,10.3,1310.7,0.1,31.9,999.3,279.4,348,,WEST GODAVARI,
Andhra Pradesh,West Godavari,IMD110-P346,1981,10.8,0.9,16.4,11.7,44.7,98.4,332.1,170.6,208.3,100.1,12.0,2.4,1008.4,11.7,72.8,809.4,114.5,348,,WEST GODAVARI,
Andhra Pradesh,West Godavari,IMD110-P346,1982,0.0,0.7,0.5,26.3,41.7,90.6,147.9,279.5,134.3,195.1,28.8,0.0,945.2,0.7,68.4,652.3,223.8,348,,WEST GODAVARI,
Andhra Pradesh,West Godavari,IMD110-P346,1983,0.3,18.7,1.4,1.4,52.8,115.1,217.7,388.1,316.7,249.6,17.6,20.4,1399.8,19.0,55.6,1037.6,287.6,348,,WEST GODAVARI,
Andhra Pradesh,West Godavari,IMD110-P346,1984,0.8,13.0,4.6,13.0,16.6,123.2,225.6,78.1,161.3,154.4,32.4,3.4,826.4,13.8,34.3,588.1,190.2,348,,WEST GODAVARI,
Andhra Pradesh,West Godavari,IMD110-P346,1985,40.1,1.0,0.3,7.1,17.4,124.3,239.8,242.5,107.3,234.1,19.3,46.6,1079.7,41.1,24.7,713.9,300.0,348,,WEST GODAVARI,
Andhra Pradesh,West Godavari,IMD110-P346,1986,27.7,12.1,0.1,38.3,40.6,86.3,122.5,488.6,95.7,90.9,51.7,0.1,1054.7,39.8,79.0,793.1,142.7,348,,WEST GODAVARI,
Andhra Pradesh,West Godavari,IMD110-P346,1987,16.8,0.1,19.5,14.8,36.0,54.7,149.5,187.6,130.3,242.5,176.3,15.9,1044.0,16.9,70.3,522.0,434.7,348,,WEST GODAVARI,
Andhra Pradesh,West Godavari,IMD110-P346,1988,0.0,0.8,0.7,59.9,66.5,76.9,490.1,299.3,233.4,57.8,2.8,8.1,1296.3,0.8,127.1,1099.8,68.7,348,,WEST GODAVARI,
Andhra Pradesh,West Godavari,IMD110-P346,1989,0.0,0.0,49.6,1.0,14.6,149.2,429.5,459.8,205.8,60.1,8.2,0.6,1378.4,0.0,65.2,1244.3,68.9,348,,WEST GODAVARI,
Andhra Pradesh,West Godavari,IMD110-P346,1990,16.8,71.5,113.7,23.0,519.5,87.5,130.0,204.0,160.9,281.1,35.5,8.9,1652.5,88.3,656.3,582.4,325.5,348,,WEST GODAVARI,
Andhra Pradesh,West Godavari,IMD110-P346,1991,25.8,0.3,0.0,13.9,32.7,298.4,169.0,238.3,295.1,155.3,154.1,14.6,1397.5,26.1,46.6,1000.8,324.0,348,,WEST GODAVARI,
Andhra Pradesh,West Godavari,IMD110-P346,1992,13.2,0.5,0.0,1.5,20.8,58.8,188.2,209.7,130.7,175.2,92.9,0.4,891.9,13.7,22.3,587.4,268.5,348,,WEST GODAVARI,
Andhra Pradesh,West Godavari,IMD110-P346,1993,0.0,2.8,15.5,19.3,36.6,56.1,216.7,102.1,147.3,182.5,23.3,23.9,826.0,2.8,71.3,522.2,229.6,348,,WEST GODAVARI,
Andhra Pradesh,West Godavari,IMD110-P346,1994,7.5,21.6,0.0,16.8,22.8,73.1,302.9,227.3,137.3,242.1,158.6,5.4,1215.3,29.0,39.6,740.6,406.1,348,,WEST GODAVARI,
Andhra Pradesh,West Godavari,IMD110-P346,1995,35.1,2.4,0.0,4.4,208.0,130.7,284.8,225.8,135.9,313.2,28.2,0.6,1369.0,37.5,212.4,777.1,342.0,348,,WEST GODAVARI,
Andhra Pradesh,West Godavari,IMD110-P346,1996,0.0,2.8,1.6,2.9,20.0,252.4,268.0,170.2,217.0,228.4,142.8,19.0,1325.2,2.8,24.5,907.6,390.2,348,,WEST GODAVARI,
Andhra Pradesh,West Godavari,IMD110-P346,1997,23.1,0.0,28.8,59.2,4.7,79.4,233.0,118.8,284.2,75.8,35.2,51.9,994.0,23.1,92.6,715.5,162.8,348,,WEST GODAVARI,
Andhra Pradesh,West Godavari,IMD110-P346,1998,5.7,22.0,4.0,28.3,30.2,114.3,270.2,363.1,317.7,162.1,95.8,0.0,1413.2,27.7,62.4,1065.2,257.9,348,,WEST GODAVARI,
Andhra Pradesh,West Godavari,IMD110-P346,1999,0.0,2.8,0.0,9.1,76.9,69.9,239.5,196.5,108.7,166.2,26.9,0.0,896.5,2.8,86.0,614.6,193.1,348,,WEST GODAVARI,
Andhra Pradesh,West Godavari,IMD110-P346,2000,0.2,31.1,2.7,9.4,22.6,178.4,179.2,397.8,84.9,59.9,12.6,5.9,984.6,31.3,34.7,840.2,78.4,348,,WEST GODAVARI,
Andhra Pradesh,West Godavari,IMD110-P346,2001,0.1,0.0,6.0,37.2,47.5,119.6,116.2,122.8,155.5,204.7,30.4,4.4,844.4,0.1,90.6,514.1,239.6,348,,WEST GODAVARI,
Andhra Pradesh,West Godavari,IMD110-P346,2002,18.0,0.0,0.0,8.5,32.1,54.5,59.6,218.9,74.1,149.5,14.0,0.7,630.0,18.0,40.6,407.2,164.2,349,,WEST GODAVARI,
Andhra Pradesh,West Godavari,IMD110-P346,2003,0.0,9.1,34.0,9.2,0.0,113.7,251.7,132.7,131.9,149.3,19.9,122.6,974.1,9.1,43.2,630.0,291.8,349,,WEST GODAVARI,
Andhra Pradesh,West Godavari,IMD110-P346,2004,6.3,12.7,0.0,19.4,51.8,122.7,169.4,195.1,75.5,227.5,5.5,0.0,886.0,19.0,71.2,562.7,233.0,349,,WEST GODAVARI,
Andhra Pradesh,West Godavari,IMD110-P346,2005,5.4,0.0,16.3,21.7,43.9,122.3,261.7,141.7,386.1,237.6,40.6,3.4,1280.5,5.4,81.9,911.7,281.5,349,,WEST GODAVARI,
Andhra Pradesh,West Godavari,IMD110-P346,2006,0.0,0.0,21.9,49.6,88.6,112.0,91.1,227.8,240.1,211.3,34.0,0.0,1076.4,0.0,160.1,671.0,245.3,349,,WEST GODAVARI,
Andhra Pradesh,West Godavari,IMD110-P346,2007,0.1,21.8,1.0,15.8,18.5,209.3,161.7,248.5,221.5,186.0,15.0,0.9,1100.1,21.9,35.3,841.0,202.0,349,,WEST GODAVARI,
Andhra Pradesh,West Godavari,IMD110-P346,2008,0.1,45.1,103.5,7.4,11.3,129.2,306.8,385.1,131.0,46.6,105.0,0.2,1271.2,45.2,122.1,952.1,151.8,349,,WEST GODAVARI,
Andhra Pradesh,West Godavari,IMD110-P346,2009,0.0,0.0,1.4,1.9,42.6,26.3,143.1,130.1,182.2,52.5,109.0,0.7,690.0,0.0,46.0,481.8,162.2,349,,WEST GODAVARI,
Andhra Pradesh,West Godavari,IMD110-P346,2010,21.4,0.3,0.0,28.8,164.2,167.8,345.9,282.7,253.1,194.1,191.3,111.3,1760.9,21.7,193.0,1049.6,496.7,349,,WEST GODAVARI,
