state_source,district_source,series_id,year,jan_mm,feb_mm,mar_mm,apr_mm,may_mm,jun_mm,jul_mm,aug_mm,sep_mm,oct_mm,nov_mm,dec_mm,annual_mm,jf_mm,mam_mm,jjas_mm,ond_mm,source_page,quality_flags,district_table_label,duplicate_source_pages
Bihar,Araria,IMD110-P467,1901,19.7,4.0,16.0,6.0,,,301.8,428.8,106.7,0.0,3.8,0.0,,23.7,,,3.8,467,missing_months,ARARIA,
Bihar,Araria,IMD110-P467,1902,,0.0,,17.9,227.2,232.6,306.9,433.7,562.2,45.1,0.0,0.0,,,,1535.4,45.1,467,missing_months,ARARIA,
Bihar,Araria,IMD110-P467,1903,8.4,0.0,0.6,0.0,63.3,264.8,128.5,503.6,263.5,76.8,0.0,0.0,1309.7,8.4,63.9,1160.5,76.8,467,,ARARIA,
Bihar,Araria,IMD110-P467,1904,0.0,0.0,0.0,19.5,260.9,142.0,293.5,258.9,128.3,161.9,4.4,0.0,1269.4,0.0,280.3,822.8,166.3,467,,ARARIA,
Bihar,Araria,IMD110-P467,1905,5.5,33.7,17.9,47.8,151.3,171.6,412.9,625.0,505.5,59.8,0.0,0.0,2030.9,39.2,216.9,1714.9,59.8,467,,ARARIA,
Bihar,Araria,IMD110-P467,1906,7.3,46.5,3.2,0.6,50.8,327.2,684.6,615.9,83.1,42.7,0.0,0.0,1861.8,53.8,54.5,1710.8,42.7,467,,ARARIA,
Bihar,Araria,IMD110-P467,1907,0.0,8.6,33.3,57.0,85.9,273.6,645.2,118.2,100.4,22.9,0.0,1.8,1346.8,8.6,176.3,1137.3,24.7,467,,ARARIA,
Bihar,Araria,IMD110-P467,1908,8.9,37.6,28.2,37.6,108.6,92.3,278.1,197.7,198.1,39.0,0.0,0.8,1026.8,46.5,174.3,766.3,39.8,467,,ARARIA,
Bihar,Araria,IMD110-P467,1909,0.8,8.8,0.0,177.6,79.9,633.0,318.5,357.3,251.4,95.3,0.0,4.1,1926.7,9.6,257.6,1560.3,99.3,467,,ARARIA,
Bihar,Araria,IMD110-P467,1910,3.3,0.6,17.2,7.0,194.9,863.0,658.5,220.5,231.8,88.3,0.0,0.0,2285.3,4.0,219.1,1973.9,88.3,467,,ARARIA,
Bihar,Araria,IMD110-P467,1911,18.3,0.0,34.2,23.4,89.8,391.0,541.1,396.8,591.5,124.3,1.5,0.0,2211.8,18.3,147.4,1920.3,125.8,467,,ARARIA,
Bihar,Araria,IMD110-P467,1912,7.4,2.5,41.3,53.8,132.5,382.0,486.6,501.2,265.4,1.8,112.2,0.0,1986.8,9.9,227.6,1635.3,114.0,467,,ARARIA,
Bihar,Araria,IMD110-P467,1913,0.0,34.0,7.3,4.8,147.9,606.9,375.8,203.9,363.8,22.8,0.0,46.0,1813.2,34.0,160.0,1550.4,68.8,467,,ARARIA,
Bihar,Araria,IMD110-P467,1914,0.0,47.8,10.7,59.5,69.3,173.7,336.5,404.7,,7.6,0.0,0.0,,47.8,139.4,,7.6,467,missing_months,ARARIA,
Bihar,Araria,IMD110-P467,1915,0.3,56.8,17.8,14.4,148.7,325.4,454.1,463.0,97.2,166.9,5.8,0.0,1750.3,57.1,180.8,1339.7,172.6,467,,ARARIA,
Bihar,Araria,IMD110-P467,1916,1.3,16.3,8.9,69.9,86.1,531.1,1005.0,275.4,337.3,91.2,0.0,0.0,2422.4,17.5,165.0,2148.8,91.2,467,,ARARIA,
Bihar,Araria,IMD110-P467,1917,1.3,1.0,5.7,15.1,150.8,227.9,541.0,281.9,285.8,185.1,0.0,0.0,1695.6,2.3,171.6,1336.6,185.1,467,,ARARIA,
Bihar,Araria,IMD110-P467,1918,0.0,0.0,2.0,39.7,307.4,402.2,369.8,631.5,179.1,46.5,0.0,0.0,1978.1,0.0,349.1,1582.5,46.5,467,,ARARIA,
Bihar,Araria,IMD110-P467,1919,24.0,0.5,0.0,2.5,60.9,237.6,386.2,161.3,315.9,51.4,0.0,,,24.5,63.5,1100.8,,467,missing_months,ARARIA,
Bihar,Araria,IMD110-P467,1920,0.0,26.3,29.3,2.5,74.9,238.3,233.7,324.6,563.0,8.4,0.0,0.0,1501.0,26.3,106.8,1359.6,8.4,467,,ARARIA,
Bihar,Araria,IMD110-P467,1921,28.9,0.0,13.2,71.9,112.6,190.0,747.2,439.8,243.6,90.7,0.0,0.0,1937.9,28.9,197.7,1620.6,90.7,467,,ARARIA,
Bihar,Araria,IMD110-P467,1922,7.3,0.5,0.0,13.0,113.7,490.4,481.1,255.8,155.1,16.5,3.3,0.0,1536.7,7.8,126.7,1382.5,19.8,467,,ARARIA,
Bihar,Araria,IMD110-P467,1923,0.0,38.5,0.5,21.3,201.3,400.1,379.3,167.3,146.8,94.1,0.0,0.0,1449.0,38.5,223.0,1093.4,94.1,467,,ARARIA,
Bihar,Araria,IMD110-P467,1924,0.0,0.0,0.0,11.7,13.7,461.3,616.3,391.5,271.0,34.3,51.9,0.0,1851.8,0.0,25.4,1740.1,86.3,467,,ARARIA,
Bihar,Araria,IMD110-P467,1925,0.6,0.0,3.0,215.9,52.8,214.4,233.1,319.4,327.5,2.3,5.1,0.0,1374.2,0.6,271.8,1094.4,7.3,467,,ARARIA,
Bihar,Araria,IMD110-P467,1926,15.8,0.0,39.6,3.2,115.1,115.0,627.3,297.1,156.0,12.7,0.0,3.8,1385.8,15.8,157.9,1195.5,16.5,467,,ARARIA,
Bihar,Araria,IMD110-P467,1927,37.5,27.3,35.5,9.1,130.2,169.0,393.1,412.9,395.8,19.5,4.1,0.0,1633.9,64.8,174.8,1370.8,23.5,467,,ARARIA,
Bihar,Araria,IMD110-P467,1928,13.4,7.3,0.0,19.7,65.4,111.2,573.6,348.5,192.7,240.9,4.8,0.0,1577.5,20.7,85.1,1226.0,245.7,467,,ARARIA,
Bihar,Araria,IMD110-P467,1929,27.0,0.0,3.8,29.8,84.6,276.1,362.5,157.3,149.6,234.1,0.0,39.8,1364.6,27.0,118.3,945.5,273.9,467,,ARARIA,
Bihar,Araria,IMD110-P467,1930,21.2,2.5,42.0,6.3,16.0,155.1,227.8,370.1,443.6,12.4,24.1,3.0,1324.4,23.8,64.3,1196.7,39.6,467,,ARARIA,
Bihar,Araria,IMD110-P467,1931,0.0,12.0,14.4,2.8,108.1,126.4,596.8,363.0,325.2,99.5,0.0,0.0,1648.2,12.0,125.3,1411.4,99.5,467,,ARARIA,
Bihar,Araria,IMD110-P467,1932,0.0,,0.0,47.2,155.7,236.8,130.0,339.4,298.9,26.4,68.9,32.3,,,202.9,1005.0,127.5,467,missing_months,ARARIA,
Bihar,Araria,IMD110-P467,1933,8.3,2.0,0.0,98.1,88.3,359.2,491.8,257.0,163.4,109.1,0.0,0.0,1577.0,10.3,186.3,1271.3,109.1,467,,ARARIA,
Bihar,Araria,IMD110-P467,1934,9.1,33.8,0.0,28.8,157.8,278.5,717.1,301.1,147.9,167.1,0.0,45.7,1886.9,42.9,186.6,1444.6,212.8,468,,ARARIA,
Bihar,Araria,IMD110-P467,1935,5.3,1.8,0.0,4.9,136.4,174.8,171.4,788.7,517.7,0.8,0.0,0.0,1801.9,7.1,141.3,1652.6,0.8,468,,ARARIA,
Bihar,Araria,IMD110-P467,1936,0.0,1.5,0.0,36.6,212.8,239.9,433.1,374.1,393.3,83.7,0.0,0.4,1775.4,1.5,249.4,1440.4,84.1,468,,ARARIA,
Bihar,Araria,IMD110-P467,1937,0.0,31.7,0.0,47.9,104.3,147.6,224.0,492.1,347.6,394.9,0.0,0.0,1790.1,31.7,152.2,1211.3,394.9,468,,ARARIA,
Bihar,Araria,IMD110-P467,1938,0.0,13.6,0.0,27.0,263.5,624.3,528.0,380.3,187.8,21.6,0.0,0.0,2046.1,13.6,290.5,1720.4,21.6,468,,ARARIA,
Bihar,Araria,IMD110-P467,1939,1.4,30.7,0.0,0.0,307.0,334.3,214.7,181.4,341.6,69.0,0.0,0.0,1480.1,32.1,307.0,1072.0,69.0,468,,ARARIA,
Bihar,Araria,IMD110-P467,1940,0.0,72.8,67.6,5.2,78.9,206.8,614.7,285.1,182.5,0.0,0.0,0.0,1513.6,72.8,151.7,1289.1,0.0,468,,ARARIA,
Bihar,Araria,IMD110-P467,1941,0.0,0.0,0.0,11.8,283.0,133.4,311.1,563.0,174.5,34.2,12.1,0.0,1523.0,0.0,294.8,1182.0,46.2,468,,ARARIA,
Bihar,Araria,IMD110-P467,1942,12.1,20.9,12.3,75.8,74.7,265.8,271.8,157.4,352.2,1.9,0.0,0.0,1244.7,33.0,162.7,1047.1,1.9,468,,ARARIA,
Bihar,Araria,IMD110-P467,1943,27.9,18.0,3.8,55.8,110.4,560.8,307.9,210.6,262.9,17.9,0.0,0.0,1575.9,45.9,170.0,1342.2,17.9,468,,ARARIA,
Bihar,Araria,IMD110-P467,1944,43.2,5.3,24.4,44.5,76.6,340.7,404.0,178.1,252.1,21.3,0.0,0.0,1390.2,48.5,145.5,1174.8,21.3,468,,ARARIA,
Bihar,Araria,IMD110-P467,1945,21.1,15.5,2.0,48.4,193.6,121.1,233.6,385.9,364.0,183.9,0.0,0.0,1569.2,36.7,244.1,1104.6,183.9,468,,ARARIA,
Bihar,Araria,IMD110-P467,1946,0.0,31.2,5.6,103.8,80.0,303.9,365.7,291.5,283.3,180.5,5.6,0.0,1651.1,31.2,189.3,1244.4,186.1,468,,ARARIA,
Bihar,Araria,IMD110-P467,1947,0.0,0.0,16.0,36.2,246.4,170.4,410.8,430.7,434.9,113.0,0.0,6.3,1864.8,0.0,298.6,1446.8,119.3,468,,ARARIA,
Bihar,Araria,IMD110-P467,1948,0.0,4.1,0.0,112.3,132.4,234.5,532.6,253.4,173.6,43.0,45.4,0.0,1531.3,4.1,244.7,1194.0,88.5,468,,ARARIA,
Bihar,Araria,IMD110-P467,1949,,34.0,0.6,77.8,131.9,284.7,393.9,649.1,81.3,130.8,0.0,0.0,,,210.3,1409.0,130.8,468,missing_months,ARARIA,
Bihar,Araria,IMD110-P467,1950,0.0,10.3,18.9,9.1,83.0,422.3,398.8,307.9,270.6,8.2,0.0,0.0,1529.1,10.3,111.0,1399.6,8.2,468,,ARARIA,
Bihar,Araria,IMD110-P467,1951,2.5,0.0,1.6,4.3,50.5,0.0,251.4,139.3,172.2,86.5,18.4,0.0,726.7,2.5,56.4,562.8,104.9,468,,ARARIA,
Bihar,Araria,IMD110-P467,1952,0.0,5.1,33.0,51.3,202.3,398.8,333.6,300.4,398.8,1.9,24.1,0.0,1749.3,5.1,286.5,1431.6,26.0,468,,ARARIA,
Bihar,Araria,IMD110-P467,1953,30.5,2.8,23.9,17.6,85.8,189.2,545.1,186.5,307.5,44.1,0.0,0.0,1432.9,33.3,127.3,1228.3,44.1,468,,ARARIA,
Bihar,Araria,IMD110-P467,1954,12.2,2.8,0.0,0.0,142.4,428.8,576.5,124.6,80.8,17.5,0.0,0.0,1385.6,15.0,142.4,1210.7,17.5,468,,ARARIA,
Bihar,Araria,IMD110-P467,1955,2.3,3.4,3.5,23.6,110.7,526.4,766.8,392.3,242.9,9.4,0.0,0.0,2081.3,5.7,137.8,1928.3,9.4,468,,ARARIA,
Bihar,Araria,IMD110-P467,1956,18.8,0.3,36.0,45.3,135.6,470.7,392.5,343.4,170.4,279.4,29.0,1.3,1922.6,19.0,217.0,1377.0,309.6,468,,ARARIA,
Bihar,Araria,IMD110-P467,1957,93.8,0.2,17.6,0.0,0.3,106.6,445.8,509.7,56.8,21.9,0.0,8.6,1261.2,94.0,17.9,1118.8,30.5,468,,ARARIA,
Bihar,Araria,IMD110-P467,1958,13.2,0.0,19.1,53.6,63.9,254.4,304.8,680.6,332.3,98.0,9.9,14.0,1843.8,13.2,136.6,1572.1,121.9,468,,ARARIA,
Bihar,Araria,IMD110-P467,1959,104.8,0.3,6.9,36.7,39.8,291.0,332.0,248.6,187.9,189.5,0.0,0.0,1437.3,105.0,83.4,1059.4,189.5,468,,ARARIA,
Bihar,Araria,IMD110-P467,1960,0.0,0.0,35.4,0.0,127.3,225.9,372.3,212.1,733.3,22.0,0.0,0.0,1728.2,0.0,162.6,1543.5,22.0,468,,ARARIA,
Bihar,Araria,IMD110-P467,1961,1.6,43.4,9.3,10.7,56.4,347.9,316.6,302.1,224.0,153.9,0.0,5.0,1470.8,45.0,76.3,1190.6,158.9,468,,ARARIA,
Bihar,Araria,IMD110-P467,1962,10.8,4.2,4.1,36.7,206.0,151.9,268.4,587.6,299.9,113.3,0.0,0.6,1683.4,14.9,246.8,1307.8,113.9,468,,ARARIA,
Bihar,Araria,IMD110-P467,1963,0.2,0.0,13.4,55.3,112.8,208.8,485.0,515.7,271.1,202.0,37.3,0.0,1901.6,0.2,181.5,1480.6,239.3,468,,ARARIA,
Bihar,Araria,IMD110-P467,1964,0.0,1.3,7.0,48.4,102.3,193.1,403.0,150.7,303.3,0.9,1.9,0.0,1211.9,1.3,157.8,1050.0,2.8,468,,ARARIA,
Bihar,Araria,IMD110-P467,1965,0.0,0.3,33.8,11.4,36.7,192.3,462.4,326.0,332.7,22.0,3.7,0.0,1421.2,0.3,81.9,1313.4,25.6,468,,ARARIA,
Bihar,Araria,IMD110-P467,1966,17.3,11.0,0.0,1.3,84.5,35.0,375.0,511.9,138.0,39.8,21.0,0.0,1235.0,28.3,85.8,1060.0,60.9,468,,ARARIA,
Bihar,Araria,IMD110-P467,1967,0.0,0.0,77.6,73.1,29.2,285.3,440.6,169.9,248.4,15.9,0.0,0.0,1339.9,0.0,179.9,1144.1,15.9,468,,ARARIA,
Bihar,Araria,IMD110-P467,1968,8.6,0.0,43.6,21.9,58.3,268.8,373.0,520.9,234.7,318.9,0.0,0.0,1848.8,8.6,123.8,1397.5,318.9,469,,ARARIA,
Bihar,Araria,IMD110-P467,1969,10.4,25.0,40.6,37.9,91.9,387.3,303.6,436.3,259.4,50.5,14.0,0.0,1656.8,35.3,170.4,1386.6,64.5,469,,ARARIA,
Bihar,Araria,IMD110-P467,1970,7.3,8.6,0.1,71.8,31.4,294.9,528.8,328.0,278.5,15.3,0.0,0.0,1564.9,15.9,103.4,1430.3,15.3,469,,ARARIA,
Bihar,Araria,IMD110-P467,1971,3.8,9.2,17.6,121.5,173.2,548.1,334.4,204.7,230.7,280.7,11.7,0.0,1935.6,13.0,312.3,1317.9,292.4,469,,ARARIA,
Bihar,Araria,IMD110-P467,1972,1.0,37.6,6.6,0.6,11.4,235.5,279.9,137.2,354.2,12.8,4.2,0.0,1081.0,38.6,18.6,1006.8,17.0,469,,ARARIA,
Bihar,Araria,IMD110-P467,1973,23.8,26.0,7.2,16.0,123.2,592.3,134.6,364.4,189.2,203.4,47.2,0.0,1727.3,49.8,146.4,1280.5,250.6,469,,ARARIA,
Bihar,Araria,IMD110-P467,1974,24.7,0.4,58.6,82.6,133.2,213.8,651.7,582.5,297.2,16.1,0.0,0.4,2061.1,25.1,274.4,1745.1,16.5,469,,ARARIA,
Bihar,Araria,IMD110-P467,1975,12.6,5.1,0.2,64.2,169.7,280.8,618.0,237.1,394.0,24.5,0.0,0.0,1806.2,17.7,234.1,1529.9,24.5,469,,ARARIA,
Bihar,Araria,IMD110-P467,1976,5.5,11.7,0.1,36.3,203.9,484.9,512.8,713.3,159.7,56.4,0.0,0.0,2184.6,17.2,240.2,1870.7,56.4,469,,ARARIA,
Bihar,Araria,IMD110-P467,1977,0.0,0.3,3.7,42.3,311.2,220.8,541.2,597.2,196.3,223.5,32.0,27.1,2195.6,0.3,357.2,1555.4,282.6,469,,ARARIA,
Bihar,Araria,IMD110-P467,1978,4.4,8.2,17.1,65.4,135.3,106.6,619.1,250.3,240.7,62.6,10.6,0.2,1520.5,12.6,217.9,1216.6,73.4,469,,ARARIA,
Bihar,Araria,IMD110-P467,1979,4.6,8.0,1.9,38.3,9.9,93.1,553.9,171.1,259.4,128.5,16.5,13.7,1298.8,12.6,50.1,1077.4,158.7,469,,ARARIA,
Bihar,Araria,IMD110-P467,1980,0.0,3.0,19.8,23.8,191.0,239.2,639.7,546.5,324.8,37.7,0.0,0.0,2025.6,3.0,234.6,1750.3,37.7,469,,ARARIA,
Bihar,Araria,IMD110-P467,1981,19.2,10.8,23.9,87.8,197.8,284.4,710.5,388.3,187.9,0.0,0.8,0.8,1912.2,30.0,309.5,1571.1,1.6,469,,ARARIA,
Bihar,Araria,IMD110-P467,1982,0.0,0.2,8.3,21.4,72.4,385.8,326.0,115.7,209.1,67.4,8.7,0.0,1215.1,0.2,102.2,1036.6,76.1,469,,ARARIA,
Bihar,Araria,IMD110-P467,1983,25.4,0.0,23.7,58.5,181.6,218.5,489.2,248.1,308.5,58.3,0.0,15.9,1627.7,25.4,263.9,1264.3,74.2,469,,ARARIA,
Bihar,Araria,IMD110-P467,1984,24.3,14.7,9.8,45.8,192.8,419.4,729.7,189.3,483.6,3.9,0.0,5.9,2119.3,39.0,248.4,1821.9,9.9,469,,ARARIA,
Bihar,Araria,IMD110-P467,1985,3.0,0.0,0.0,0.0,148.6,382.8,534.3,246.8,269.2,249.4,5.9,8.2,1848.0,3.0,148.6,1433.0,263.4,469,,ARARIA,
Bihar,Araria,IMD110-P467,1986,0.0,0.0,0.0,29.5,165.8,105.3,392.9,261.3,371.2,192.1,0.2,19.5,1537.8,0.0,195.3,1130.7,211.8,469,,ARARIA,
Bihar,Araria,IMD110-P467,1987,0.0,1.9,19.6,78.8,79.8,283.5,622.3,669.6,338.6,73.5,4.5,0.0,2171.9,1.9,178.1,1913.9,78.0,469,,ARARIA,
Bihar,Araria,IMD110-P467,1988,0.0,40.8,16.5,196.4,151.4,180.6,632.1,680.7,178.3,23.3,14.5,4.6,2119.2,40.8,364.3,1671.6,42.4,469,,ARARIA,
Bihar,Araria,IMD110-P467,1989,14.4,33.1,5.8,0.8,349.1,375.5,505.6,234.8,724.2,40.0,0.0,0.7,2284.2,47.5,355.8,1840.2,40.7,469,,ARARIA,
Bihar,Araria,IMD110-P467,1990,0.0,12.5,25.0,59.2,203.1,354.7,702.2,341.2,336.0,77.4,0.0,0.0,2111.2,12.5,287.3,1734.1,77.4,469,,ARARIA,
Bihar,Araria,IMD110-P467,1991,7.1,0.2,9.3,13.6,44.7,261.6,294.5,242.2,664.2,33.0,0.0,12.2,1582.6,7.3,67.6,1462.5,45.2,469,,ARARIA,
Bihar,Araria,IMD110-P467,1992,11.6,0.4,0.0,20.1,109.1,103.3,319.3,170.9,103.3,151.5,0.0,0.0,989.5,12.0,129.3,696.8,151.5,469,,ARARIA,
Bihar,Araria,IMD110-P467,1993,25.1,1.9,22.2,85.1,85.6,225.3,334.3,610.7,367.4,33.8,11.5,0.0,1802.9,27.0,192.9,1537.7,45.3,469,,ARARIA,
Bihar,Araria,IMD110-P467,1994,28.8,46.2,0.9,5.6,78.1,218.1,239.2,215.3,218.1,30.5,2.1,0.0,1082.9,75.0,84.6,890.8,32.5,469,,ARARIA,
Bihar,Araria,IMD110-P467,1995,0.8,6.3,0.1,0.0,19.0,395.8,329.1,236.0,324.7,20.3,33.5,12.9,1378.5,7.1,19.1,1285.6,66.7,469,,ARARIA,
Bihar,Araria,IMD110-P467,1996,25.0,18.7,0.8,21.7,95.1,215.1,451.8,470.9,169.2,116.1,0.0,0.0,1584.5,43.7,117.6,1307.1,116.1,469,,ARARIA,
Bihar,Araria,IMD110-P467,1997,8.6,3.0,6.8,56.7,85.0,226.5,572.7,304.4,324.5,0.3,0.1,75.9,1664.6,11.6,148.5,1428.1,76.3,469,,ARARIA,
Bihar,Araria,IMD110-P467,1998,2.8,3.7,19.5,51.9,59.8,199.5,1014.4,547.3,276.4,48.1,4.8,0.0,2228.1,6.5,131.2,2037.5,52.8,469,,ARARIA,
Bihar,Araria,IMD110-P467,1999,0.0,0.0,0.0,0.0,96.5,316.5,493.1,477.0,297.2,81.6,0.0,0.0,1761.8,0.0,96.5,1583.8,81.6,469,,ARARIA,
Bihar,Araria,IMD110-P467,2000,0.0,11.4,0.0,51.5,230.7,390.3,361.8,186.6,283.1,23.2,0.0,0.0,1538.6,11.4,282.2,1221.8,23.2,469,,ARARIA,
Bihar,Araria,IMD110-P467,2001,0.1,0.0,0.0,31.4,196.4,263.8,145.6,303.1,378.0,292.0,0.0,0.0,1610.4,0.1,227.8,1090.5,292.0,469,,ARARIA,
Bihar,Araria,IMD110-P467,2002,12.0,2.6,1.9,104.7,83.8,235.0,714.2,132.1,205.1,1.8,0.0,0.0,1493.2,14.6,190.4,1286.4,1.8,470,,ARARIA,
Bihar,Araria,IMD110-P467,2003,13.3,27.3,12.1,58.0,72.4,431.3,586.6,326.3,260.4,137.7,0.0,4.1,1929.7,40.7,142.6,1604.6,141.8,470,,ARARIA,
Bihar,Araria,IMD110-P467,2004,5.9,0.0,0.0,10.8,212.7,343.6,617.5,127.4,142.6,69.8,96.7,0.0,1627.1,5.9,223.5,1231.2,166.5,470,,ARARIA,
Bihar,Araria,IMD110-P467,2005,2.1,2.3,1.2,40.9,65.7,236.0,308.8,365.1,119.7,20.9,0.0,0.0,1162.6,4.4,107.8,1029.6,20.9,470,,ARARIA,
Bihar,Araria,IMD110-P467,2006,0.0,0.0,0.7,43.2,181.6,130.3,330.3,139.1,274.8,28.5,0.0,0.1,1128.5,0.0,225.4,874.5,28.6,470,,ARARIA,
Bihar,Araria,IMD110-P467,2007,0.0,22.4,3.9,40.2,120.5,235.8,430.1,474.2,285.6,0.0,0.0,0.0,1612.6,22.4,164.6,1425.6,0.0,470,,ARARIA,
Bihar,Araria,IMD110-P467,2008,0.8,6.1,13.3,20.6,158.0,312.3,471.6,450.3,214.5,42.6,0.0,0.0,1690.1,6.9,191.9,1448.7,42.6,470,,ARARIA,
Bihar,Araria,IMD110-P467,2009,0.0,0.0,2.0,19.1,230.3,152.5,347.2,383.5,68.1,74.8,0.0,0.0,1277.4,0.0,251.4,951.2,74.8,470,,ARARIA,
Bihar,Araria,IMD110-P467,2010,0.0,0.0,0.0,11.7,99.9,256.0,485.4,228.6,180.4,9.3,0.0,0.0,1271.3,0.0,111.6,1150.4,9.3,470,,ARARIA,
Bihar,Arwal,IMD110-P471,1901,73.7,27.5,14.2,3.0,70.6,5.8,320.9,311.8,58.7,12.4,1.8,0.0,900.4,101.2,87.8,697.2,14.2,471,,ARWAL,
Bihar,Arwal,IMD110-P471,1902,3.0,0.5,3.3,0.0,1.3,29.5,325.4,194.3,248.7,4.5,2.3,0.0,812.8,3.5,4.6,797.9,6.8,471,,ARWAL,
Bihar,Arwal,IMD110-P471,1903,5.1,3.0,3.0,8.4,0.0,63.9,107.0,274.9,155.7,99.4,0.0,0.0,720.4,8.1,11.4,601.5,99.4,471,,ARWAL,
Bihar,Arwal,IMD110-P471,1904,9.9,0.0,3.8,0.0,89.8,159.8,422.0,444.1,28.2,59.7,0.0,0.0,1217.3,9.9,93.6,1054.1,59.7,471,,ARWAL,
Bihar,Arwal,IMD110-P471,1905,10.9,13.0,55.9,5.6,2.5,0.8,381.8,356.1,313.5,6.1,0.0,0.0,1146.2,23.9,64.0,1052.2,6.1,471,,ARWAL,
Bihar,Arwal,IMD110-P471,1906,10.2,52.1,6.4,3.3,6.9,89.5,271.2,321.6,95.6,10.7,0.0,0.0,867.5,62.3,16.6,777.9,10.7,471,,ARWAL,
Bihar,Arwal,IMD110-P471,1907,0.0,83.3,28.2,9.4,4.6,214.7,228.8,231.6,152.2,0.0,0.0,0.0,952.8,83.3,42.2,827.3,0.0,471,,ARWAL,
Bihar,Arwal,IMD110-P471,1908,20.1,63.7,,0.0,0.0,75.7,106.4,316.3,104.5,9.4,0.0,0.0,,83.8,,602.9,9.4,471,missing_months,ARWAL,
Bihar,Arwal,IMD110-P471,1909,14.3,12.7,0.0,53.6,0.0,348.8,229.8,184.5,189.5,3.0,0.0,13.2,1049.4,27.0,53.6,952.6,16.2,471,,ARWAL,
Bihar,Arwal,IMD110-P471,1910,0.0,0.5,0.5,0.0,28.4,124.2,203.7,448.9,416.3,169.9,35.6,0.0,1428.0,0.5,28.9,1193.1,205.5,471,,ARWAL,
Bihar,Arwal,IMD110-P471,1911,11.7,0.0,9.2,7.6,6.4,125.6,22.1,395.8,353.3,106.4,44.5,0.0,1082.6,11.7,23.2,896.8,150.9,471,,ARWAL,
Bihar,Arwal,IMD110-P471,1912,1.8,7.9,3.8,2.8,20.6,78.4,379.4,281.5,32.0,0.0,46.8,0.0,855.0,9.7,27.2,771.3,46.8,471,,ARWAL,
Bihar,Arwal,IMD110-P471,1913,0.0,23.6,0.0,0.0,34.6,459.3,187.0,477.6,210.6,,0.0,27.3,,23.6,34.6,1334.5,,471,missing_months,ARWAL,
Bihar,Arwal,IMD110-P471,1914,0.0,11.9,10.5,15.3,81.3,57.4,346.0,583.5,40.5,0.0,0.0,5.6,1152.0,11.9,107.1,1027.4,5.6,471,,ARWAL,
Bihar,Arwal,IMD110-P471,1915,15.3,69.6,11.2,6.4,20.9,156.1,177.5,171.7,161.6,43.7,104.0,0.0,938.0,84.9,38.5,666.9,147.7,471,,ARWAL,
Bihar,Arwal,IMD110-P471,1916,0.0,22.1,0.0,1.3,2.3,325.6,293.8,394.7,201.3,260.0,0.0,0.0,1501.1,22.1,3.6,1215.4,260.0,471,,ARWAL,
Bihar,Arwal,IMD110-P471,1917,9.4,15.3,20.6,0.0,45.4,179.5,336.8,224.6,359.6,67.1,0.0,0.0,1258.3,24.7,66.0,1100.5,67.1,471,,ARWAL,
Bihar,Arwal,IMD110-P471,1918,0.0,0.0,8.4,0.0,43.7,263.5,124.4,382.7,281.6,0.0,0.0,0.0,1104.3,0.0,52.1,1052.2,0.0,471,,ARWAL,
Bihar,Arwal,IMD110-P471,1919,51.0,9.2,8.4,8.9,20.1,161.1,669.2,170.4,128.6,67.0,0.0,0.0,1294.0,60.2,37.4,1129.4,67.0,471,,ARWAL,
Bihar,Arwal,IMD110-P471,1920,0.0,16.3,28.5,0.0,7.9,81.9,531.8,163.4,167.5,17.5,0.0,0.0,1014.7,16.3,36.3,944.5,17.5,471,,ARWAL,
Bihar,Arwal,IMD110-P471,1921,17.3,0.6,0.0,0.0,0.0,79.8,130.0,419.4,285.4,16.9,0.0,0.0,949.4,17.9,0.0,914.7,16.9,471,,ARWAL,
Bihar,Arwal,IMD110-P471,1922,11.0,0.6,0.0,3.2,2.5,198.8,570.7,327.0,328.4,6.3,1.1,7.1,1456.8,11.7,5.7,1424.8,14.6,471,,ARWAL,
Bihar,Arwal,IMD110-P471,1923,11.5,37.8,0.0,0.0,27.7,166.5,405.8,449.9,127.7,23.5,0.0,0.0,1250.4,49.3,27.7,1149.8,23.5,471,,ARWAL,
Bihar,Arwal,IMD110-P471,1924,6.1,31.1,2.5,2.0,1.0,39.6,750.5,440.6,369.2,47.3,104.7,0.0,1794.6,37.2,5.6,1599.9,151.9,471,,ARWAL,
Bihar,Arwal,IMD110-P471,1925,27.6,3.8,8.3,0.4,1.3,78.7,488.0,328.6,316.7,27.1,24.6,0.0,1305.0,31.4,9.9,1212.0,51.8,471,,ARWAL,
Bihar,Arwal,IMD110-P471,1926,36.2,0.0,27.5,4.2,20.5,88.8,610.8,481.8,146.9,1.3,0.0,39.6,1457.5,36.2,52.2,1328.3,40.8,471,,ARWAL,
Bihar,Arwal,IMD110-P471,1927,54.1,45.3,64.7,0.0,21.9,61.5,445.0,387.3,134.6,20.7,72.5,0.0,1307.4,99.4,86.5,1028.3,93.2,471,,ARWAL,
Bihar,Arwal,IMD110-P471,1928,56.6,83.3,0.0,0.0,23.1,292.0,481.4,282.0,39.5,144.0,0.0,31.1,1433.0,139.9,23.1,1094.9,175.1,471,,ARWAL,
Bihar,Arwal,IMD110-P471,1929,97.8,0.0,30.5,59.0,0.0,129.1,543.8,613.0,68.6,148.4,0.0,47.2,1737.3,97.8,89.6,1354.4,195.5,471,,ARWAL,
Bihar,Arwal,IMD110-P471,1930,0.0,0.0,1.9,18.1,8.9,115.1,251.6,305.8,216.4,7.9,10.1,10.6,946.6,0.0,28.9,888.9,28.7,471,,ARWAL,
Bihar,Arwal,IMD110-P471,1931,0.0,36.7,0.6,0.0,11.8,53.8,356.0,267.5,202.0,53.1,38.6,6.6,1026.7,36.7,12.4,879.2,98.3,471,,ARWAL,
Bihar,Arwal,IMD110-P471,1932,0.0,10.9,0.0,0.0,1.0,62.5,234.5,184.6,134.2,43.7,31.3,0.0,702.7,10.9,1.0,615.8,75.0,471,,ARWAL,
Bihar,Arwal,IMD110-P471,1933,23.1,18.8,0.0,28.4,27.3,164.1,238.0,351.5,159.9,23.3,0.0,0.0,1034.3,41.9,55.8,913.5,23.3,471,,ARWAL,
Bihar,Arwal,IMD110-P471,1934,21.9,3.2,0.8,1.6,0.0,80.8,360.8,192.0,263.0,16.3,26.1,3.8,970.3,25.1,2.4,896.5,46.3,472,,ARWAL,
Bihar,Arwal,IMD110-P471,1935,57.6,10.9,0.0,0.6,0.0,40.3,180.9,503.3,147.4,0.0,0.0,0.0,941.1,68.6,0.6,871.9,0.0,472,,ARWAL,
Bihar,Arwal,IMD110-P471,1936,7.8,5.3,1.5,2.5,9.9,50.2,436.6,288.8,489.8,90.4,0.0,1.9,1384.6,13.1,13.9,1265.3,92.3,472,,ARWAL,
Bihar,Arwal,IMD110-P471,1937,0.0,141.9,0.0,0.0,34.0,41.8,154.6,398.8,99.1,108.8,0.0,0.0,979.0,141.9,34.0,694.2,108.8,472,,ARWAL,
Bihar,Arwal,IMD110-P471,1938,6.3,3.7,0.0,0.0,18.0,156.1,282.8,306.2,280.3,18.1,1.9,0.0,1073.3,9.9,18.0,1025.3,20.0,472,,ARWAL,
Bihar,Arwal,IMD110-P471,1939,1.7,48.8,10.6,5.1,2.3,141.0,248.8,201.8,185.7,13.4,0.0,0.0,859.1,50.5,18.0,777.3,13.4,472,,ARWAL,
Bihar,Arwal,IMD110-P471,1940,0.0,65.4,45.8,14.3,0.0,22.3,125.2,378.7,114.9,0.0,0.0,35.4,801.9,65.4,60.0,641.1,35.4,472,,ARWAL,
Bihar,Arwal,IMD110-P471,1941,10.5,0.0,0.0,0.0,7.0,204.6,106.7,381.4,86.3,20.0,0.0,0.0,816.5,10.5,7.0,779.0,20.0,472,,ARWAL,
Bihar,Arwal,IMD110-P471,1942,34.0,66.7,12.3,1.8,0.0,117.8,194.3,409.0,190.3,0.5,0.0,0.0,1026.7,100.7,14.1,911.4,0.5,472,,ARWAL,
Bihar,Arwal,IMD110-P471,1943,32.0,7.8,0.0,1.5,0.0,63.9,216.3,164.0,51.7,17.0,0.0,0.0,554.2,39.8,1.5,495.8,17.0,472,,ARWAL,
Bihar,Arwal,IMD110-P471,1944,47.5,49.6,0.0,0.0,0.0,53.6,154.4,213.1,113.2,33.8,0.0,0.0,665.1,97.1,0.0,534.3,33.8,472,,ARWAL,
Bihar,Arwal,IMD110-P471,1945,72.9,12.1,0.0,9.5,0.0,26.4,148.8,139.3,154.4,68.8,0.0,4.9,637.0,85.0,9.5,468.8,73.8,472,,ARWAL,
Bihar,Arwal,IMD110-P471,1946,0.0,19.1,0.0,30.0,32.5,145.7,279.8,329.5,317.3,250.7,18.0,0.0,1422.5,19.1,62.5,1072.3,268.7,472,,ARWAL,
Bihar,Arwal,IMD110-P471,1947,2.9,2.2,3.8,0.0,21.6,81.0,307.9,78.7,236.6,,0.0,0.0,,5.1,25.4,704.2,,472,missing_months,ARWAL,
Bihar,Arwal,IMD110-P471,1948,8.4,0.0,3.3,0.0,0.0,83.7,203.7,357.5,282.2,,,0.0,,8.4,3.3,927.1,,472,missing_months,ARWAL,
Bihar,Arwal,IMD110-P471,1949,10.4,62.3,0.0,,39.8,80.5,444.4,258.2,217.1,,0.0,0.0,,72.7,,1000.2,,472,missing_months,ARWAL,
Bihar,Arwal,IMD110-P471,1950,,,,0.0,0.0,,220.4,165.3,37.6,0.0,0.0,0.0,,,,,0.0,472,missing_months,ARWAL,
Bihar,Arwal,IMD110-P471,1951,9.2,4.8,3.8,0.0,0.0,175.3,299.1,199.5,128.3,18.8,0.0,0.0,838.9,14.0,3.8,802.3,18.8,472,,ARWAL,
Bihar,Arwal,IMD110-P471,1952,3.5,24.3,8.4,22.6,0.0,135.0,84.4,442.1,321.9,4.2,0.0,0.0,1046.3,27.7,31.0,983.4,4.2,472,,ARWAL,
Bihar,Arwal,IMD110-P471,1953,7.1,19.3,1.6,0.0,0.0,148.5,222.4,338.7,509.8,0.6,0.0,0.0,1248.2,26.4,1.6,1219.5,0.6,472,,ARWAL,
Bihar,Arwal,IMD110-P471,1954,11.7,4.7,0.0,0.0,0.0,32.9,207.8,142.0,68.2,0.6,0.0,0.0,467.9,16.4,0.0,450.9,0.6,472,,ARWAL,
Bihar,Arwal,IMD110-P471,1955,24.9,8.6,1.1,0.0,0.0,49.3,274.6,242.4,214.6,45.4,0.0,0.0,860.9,33.5,1.1,780.8,45.4,472,,ARWAL,
Bihar,Arwal,IMD110-P471,1956,30.6,10.8,4.8,0.2,17.0,212.9,40.3,354.2,386.6,126.2,33.0,1.9,1218.5,41.4,22.0,993.9,161.1,472,,ARWAL,
Bihar,Arwal,IMD110-P471,1957,61.2,3.8,3.3,0.0,0.0,,375.0,158.2,101.3,,0.0,0.0,,65.0,3.3,,,472,missing_months,ARWAL,
Bihar,Arwal,IMD110-P471,1958,23.6,5.1,0.0,0.8,0.0,55.8,208.8,275.5,126.4,62.5,0.0,0.0,758.4,28.6,0.8,666.5,62.5,472,,ARWAL,
Bihar,Arwal,IMD110-P471,1959,82.2,0.0,0.0,0.0,7.0,107.2,288.6,498.3,159.6,173.8,0.0,0.0,1316.7,82.2,7.0,1053.7,173.8,472,,ARWAL,
Bihar,Arwal,IMD110-P471,1960,56.5,0.0,47.3,1.1,10.0,49.4,385.9,352.1,178.5,46.2,0.0,0.0,1127.0,56.5,58.4,965.9,46.2,472,,ARWAL,
Bihar,Arwal,IMD110-P471,1961,16.4,13.2,0.0,0.0,23.2,209.1,336.4,305.9,156.1,141.9,0.0,,,29.6,23.2,1007.5,,472,missing_months,ARWAL,
Bihar,Arwal,IMD110-P471,1962,14.3,5.0,8.0,0.0,18.7,109.7,320.0,246.8,131.6,27.9,0.0,,,19.3,26.7,808.0,,472,missing_months,ARWAL,
Bihar,Arwal,IMD110-P471,1963,,10.4,,,,76.0,352.7,302.3,154.3,,12.8,0.0,,,,885.3,,472,missing_months,ARWAL,
Bihar,Arwal,IMD110-P471,1964,4.6,0.0,0.0,0.0,45.3,123.0,350.8,99.4,189.0,52.0,0.0,0.0,864.1,4.6,45.3,762.2,52.0,472,,ARWAL,
Bihar,Arwal,IMD110-P471,1965,0.0,5.3,7.5,5.0,0.0,26.1,166.8,212.8,99.3,47.0,0.0,0.0,569.6,5.3,12.5,504.9,47.0,472,,ARWAL,
Bihar,Arwal,IMD110-P471,1966,26.6,0.6,0.0,0.0,0.0,137.9,27.9,377.9,17.9,4.8,46.7,0.9,641.3,27.2,0.0,561.6,52.4,472,,ARWAL,
Bihar,Arwal,IMD110-P471,1967,0.0,0.0,11.2,16.4,0.0,9.0,82.2,365.1,399.8,0.0,,17.2,,0.0,27.6,856.1,,472,missing_months,ARWAL,
Bihar,Arwal,IMD110-P471,1968,14.6,0.0,0.0,0.0,3.0,198.4,295.1,137.9,109.9,44.0,0.0,1.5,804.4,14.6,3.0,741.3,45.5,473,,ARWAL,
Bihar,Arwal,IMD110-P471,1969,8.0,8.9,5.1,12.1,35.1,143.6,276.1,323.8,146.1,10.0,9.0,0.0,977.7,16.9,52.3,889.6,19.0,473,,ARWAL,
Bihar,Arwal,IMD110-P471,1970,33.3,6.4,2.7,0.0,45.3,203.8,236.0,327.1,228.8,43.5,0.0,0.0,1126.9,39.7,48.0,995.7,43.5,473,,ARWAL,
Bihar,Arwal,IMD110-P471,1972,,,,,,,187.6,,,,,,,,,,,473,missing_months,ARWAL,
Bihar,Arwal,IMD110-P471,1974,0.0,0.0,0.0,0.0,0.0,59.6,222.1,240.1,173.9,33.4,0.0,0.0,729.2,0.0,0.0,695.8,33.4,473,,ARWAL,
Bihar,Arwal,IMD110-P471,1975,5.6,0.0,13.2,0.0,4.5,70.8,218.4,135.5,109.0,25.2,0.0,0.0,582.2,5.6,17.7,533.7,25.2,473,,ARWAL,
Bihar,Arwal,IMD110-P471,1976,0.0,2.0,0.0,1.5,32.8,70.3,143.1,160.8,343.3,0.0,0.0,0.0,753.8,2.0,34.3,717.5,0.0,473,,ARWAL,
Bihar,Arwal,IMD110-P471,1986,1.8,0.0,0.0,5.0,20.0,250.3,513.6,241.9,156.9,55.8,0.0,14.0,1259.3,1.8,25.0,1162.7,69.8,473,,ARWAL,
Bihar,Arwal,IMD110-P471,1989,11.4,0.0,0.0,0.0,29.9,81.9,227.6,186.3,185.5,33.6,2.7,9.7,768.5,11.4,29.9,681.3,45.9,473,,ARWAL,
Bihar,Arwal,IMD110-P471,1991,17.4,16.2,27.4,6.5,14.0,91.8,72.0,264.8,237.5,0.0,0.0,29.8,777.4,33.6,48.0,666.1,29.8,473,,ARWAL,
Bihar,Arwal,IMD110-P471,1992,0.0,0.0,0.0,0.0,27.8,20.4,408.5,248.9,37.7,3.3,0.0,0.0,746.5,0.0,27.8,715.4,3.3,473,,ARWAL,
Bihar,Arwal,IMD110-P471,1993,0.0,0.0,15.8,0.0,44.2,72.1,122.1,227.7,286.1,22.5,0.0,0.0,790.4,0.0,59.9,708.0,22.5,473,,ARWAL,
Bihar,Arwal,IMD110-P471,1994,17.3,27.1,0.0,3.4,19.9,159.0,311.4,164.9,169.5,42.4,15.0,0.0,929.8,44.3,23.3,804.8,57.4,473,,ARWAL,
Bihar,Arwal,IMD110-P471,1995,22.9,3.3,0.0,0.0,0.0,44.0,212.3,272.1,303.1,0.0,34.5,18.3,910.6,26.3,0.0,831.6,52.8,473,,ARWAL,
Bihar,Arwal,IMD110-P471,1996,13.7,25.7,0.0,0.0,0.0,130.0,65.1,217.9,65.5,12.2,0.0,0.0,530.1,39.3,0.0,478.5,12.2,473,,ARWAL,
Bihar,Arwal,IMD110-P471,1997,7.1,5.0,0.0,1.3,2.2,111.6,788.8,203.8,77.1,15.6,7.5,21.7,1241.8,12.1,3.5,1181.3,44.8,473,,ARWAL,
Bihar,Arwal,IMD110-P471,1998,0.0,4.1,2.5,0.0,3.6,75.2,153.4,147.4,65.6,45.8,8.5,0.0,506.2,4.1,6.1,441.6,54.4,473,,ARWAL,
Bihar,Arwal,IMD110-P471,1999,0.0,0.0,0.0,0.0,15.2,139.8,201.9,291.2,51.3,67.4,0.0,0.0,766.8,0.0,15.2,684.2,67.4,473,,ARWAL,
Bihar,Arwal,IMD110-P471,2000,0.0,3.9,0.0,23.0,12.5,166.0,259.4,105.6,174.4,0.0,0.0,0.0,744.7,3.9,35.5,705.3,0.0,473,,ARWAL,
Bihar,Arwal,IMD110-P471,2001,0.0,0.0,0.0,0.0,7.0,54.6,104.1,133.6,99.3,130.1,0.0,0.0,528.7,0.0,7.0,391.6,130.1,473,,ARWAL,
Bihar,Arwal,IMD110-P471,2002,3.3,16.6,0.0,0.0,6.1,97.6,311.4,196.2,135.3,28.8,0.0,0.0,795.3,19.9,6.1,740.5,28.8,473,,ARWAL,
Bihar,Arwal,IMD110-P471,2003,0.0,15.2,1.0,0.0,0.0,17.6,234.9,264.4,70.7,104.1,0.0,1.5,709.3,15.2,1.0,587.5,105.6,473,,ARWAL,
Bihar,Arwal,IMD110-P471,2004,22.4,12.0,0.0,1.2,0.0,155.6,180.0,107.9,67.7,42.0,0.0,0.0,588.8,34.4,1.2,511.2,42.0,473,,ARWAL,
Bihar,Arwal,IMD110-P471,2005,18.3,20.8,0.0,0.5,5.8,12.8,320.4,284.7,158.3,22.9,0.0,0.0,844.5,39.0,6.3,776.2,22.9,473,,ARWAL,
Bihar,Arwal,IMD110-P471,2006,0.0,0.0,0.0,0.0,57.8,228.5,331.7,160.0,189.2,7.8,0.0,0.0,974.9,0.0,57.8,909.3,7.8,473,,ARWAL,
Bihar,Arwal,IMD110-P471,2007,,,,,,,672.7,245.0,215.6,47.0,0.0,0.0,,,,,47.0,473,missing_months,ARWAL,
Bihar,Arwal,IMD110-P471,2008,47.6,0.0,0.0,16.0,,149.7,,868.6,459.8,,,,,47.6,,,,473,missing_months,ARWAL,
Bihar,Arwal,IMD110-P471,2009,0.0,0.0,0.0,0.0,113.1,70.5,152.4,282.5,139.9,21.6,5.9,0.0,785.9,0.0,113.1,645.3,27.5,473,,ARWAL,
Bihar,Arwal,IMD110-P471,2010,0.0,4.3,0.0,0.0,30.3,8.7,147.7,168.8,111.0,80.2,0.0,0.0,551.0,4.3,30.3,436.2,80.2,473,,ARWAL,
Bihar,Aurangabad,IMD110-P474,1901,78.7,29.5,11.1,0.5,22.3,5.3,213.4,241.0,202.5,19.6,1.4,0.0,825.3,108.2,33.9,662.2,21.0,474,,AURANGABAD,
Bihar,Aurangabad,IMD110-P474,1902,25.2,4.1,14.4,5.3,27.9,64.3,458.7,188.7,351.8,19.5,7.3,0.0,1167.4,29.4,47.6,1063.6,26.8,474,,AURANGABAD,
Bihar,Aurangabad,IMD110-P474,1903,2.7,14.4,0.3,10.8,19.3,83.8,64.3,229.7,180.9,226.3,0.0,0.0,832.4,17.1,30.4,558.7,226.3,474,,AURANGABAD,
Bihar,Aurangabad,IMD110-P474,1904,4.2,1.0,14.9,0.0,70.2,240.3,473.7,381.4,52.8,54.8,1.4,0.3,1294.9,5.2,85.1,1148.1,56.5,474,,AURANGABAD,
Bihar,Aurangabad,IMD110-P474,1905,17.4,27.4,41.9,3.7,20.3,0.1,391.4,402.1,529.0,2.7,0.0,0.4,1436.4,44.8,65.8,1322.6,3.2,474,,AURANGABAD,
Bihar,Aurangabad,IMD110-P474,1906,18.7,32.6,16.3,0.3,10.6,88.9,302.3,173.1,238.4,17.6,0.1,0.0,898.9,51.3,27.2,802.7,17.7,474,,AURANGABAD,
Bihar,Aurangabad,IMD110-P474,1907,0.8,106.4,29.5,32.0,2.0,359.9,166.9,338.3,121.2,0.0,0.0,0.4,1157.4,107.1,63.5,986.3,0.4,474,,AURANGABAD,
Bihar,Aurangabad,IMD110-P474,1908,23.3,61.2,3.2,0.0,16.6,82.6,164.3,203.4,77.3,12.6,0.0,0.3,644.8,84.5,19.8,527.6,12.9,474,,AURANGABAD,
Bihar,Aurangabad,IMD110-P474,1909,23.2,6.5,0.0,17.3,0.0,434.7,266.8,291.1,138.6,0.8,0.0,2.6,1181.4,29.6,17.3,1131.2,3.3,474,,AURANGABAD,
Bihar,Aurangabad,IMD110-P474,1910,4.4,8.5,3.0,1.9,20.0,161.6,151.0,508.4,292.2,42.9,30.1,0.0,1224.2,12.9,24.9,1113.3,73.1,474,,AURANGABAD,
Bihar,Aurangabad,IMD110-P474,1911,7.0,0.0,41.0,0.6,0.7,295.8,62.1,381.9,218.6,167.3,26.1,0.0,1201.2,7.0,42.4,958.4,193.4,474,,AURANGABAD,
Bihar,Aurangabad,IMD110-P474,1912,1.7,10.1,2.2,6.3,24.3,44.2,341.9,296.9,72.6,1.5,47.0,0.0,848.6,11.8,32.8,755.5,48.5,474,,AURANGABAD,
Bihar,Aurangabad,IMD110-P474,1913,0.0,47.9,13.9,0.0,16.1,208.6,340.1,501.7,208.9,60.0,0.0,22.9,1420.0,47.9,30.1,1259.3,82.8,474,,AURANGABAD,
Bihar,Aurangabad,IMD110-P474,1914,0.0,22.0,8.4,3.3,70.1,32.9,239.2,488.0,62.8,8.3,0.0,4.3,939.2,22.0,81.8,822.8,12.6,474,,AURANGABAD,
Bihar,Aurangabad,IMD110-P474,1915,22.0,91.0,5.2,0.0,13.8,95.2,305.5,340.1,104.7,44.4,123.9,0.0,1145.8,113.0,19.0,845.5,168.3,474,,AURANGABAD,
Bihar,Aurangabad,IMD110-P474,1916,0.0,14.3,0.0,0.9,7.9,232.5,261.9,300.2,267.5,184.6,0.0,0.0,1269.9,14.3,8.8,1062.2,184.6,474,,AURANGABAD,
Bihar,Aurangabad,IMD110-P474,1917,5.7,25.0,5.1,1.8,56.2,183.4,310.3,633.1,312.5,101.7,0.0,0.3,1635.1,30.7,63.1,1439.3,102.0,474,,AURANGABAD,
Bihar,Aurangabad,IMD110-P474,1918,0.0,0.0,1.4,0.7,27.2,171.2,139.7,522.5,214.1,0.0,0.0,0.0,1076.7,0.0,29.3,1047.4,0.0,474,,AURANGABAD,
Bihar,Aurangabad,IMD110-P474,1919,89.1,14.9,5.9,11.5,14.6,286.9,536.7,506.2,257.3,87.0,0.0,0.0,1810.2,104.0,32.0,1587.2,87.0,474,,AURANGABAD,
Bihar,Aurangabad,IMD110-P474,1920,0.0,9.4,40.3,0.7,15.2,38.1,773.0,282.1,143.4,2.3,0.0,0.0,1304.4,9.4,56.2,1236.6,2.3,474,,AURANGABAD,
Bihar,Aurangabad,IMD110-P474,1921,19.2,2.5,0.0,1.3,0.0,200.8,242.9,425.6,163.5,7.9,0.0,0.0,1063.8,21.7,1.3,1032.9,7.9,474,,AURANGABAD,
Bihar,Aurangabad,IMD110-P474,1922,17.6,0.2,0.0,4.8,0.1,207.5,492.3,434.2,315.3,9.5,3.7,1.8,1487.1,17.8,4.9,1449.3,15.0,474,,AURANGABAD,
Bihar,Aurangabad,IMD110-P474,1923,1.0,34.5,0.0,0.0,5.5,206.9,377.8,607.2,90.6,24.4,1.2,1.4,1350.4,35.5,5.5,1282.4,27.0,474,,AURANGABAD,
Bihar,Aurangabad,IMD110-P474,1924,8.2,26.0,7.5,3.0,0.7,53.3,503.2,223.3,266.2,38.9,92.3,0.0,1222.6,34.2,11.2,1046.0,131.2,474,,AURANGABAD,
Bihar,Aurangabad,IMD110-P474,1925,1.7,0.2,26.1,8.7,4.6,102.2,539.9,306.2,236.6,7.2,22.2,0.0,1255.4,1.9,39.3,1184.8,29.4,474,,AURANGABAD,
Bihar,Aurangabad,IMD110-P474,1926,8.3,1.5,32.1,4.4,34.3,20.7,460.6,347.0,165.6,14.0,7.6,13.4,1109.6,9.9,70.8,993.9,35.1,474,,AURANGABAD,
Bihar,Aurangabad,IMD110-P474,1927,37.4,47.6,58.4,0.2,31.5,24.5,369.6,416.2,277.0,13.0,39.8,0.0,1315.3,85.0,90.1,1087.4,52.8,474,,AURANGABAD,
Bihar,Aurangabad,IMD110-P474,1928,76.4,25.5,0.0,9.6,20.0,202.8,457.5,188.1,86.6,216.6,0.0,10.4,1293.4,101.9,29.5,935.0,227.0,474,,AURANGABAD,
Bihar,Aurangabad,IMD110-P474,1929,91.8,0.4,16.7,5.9,1.4,75.9,343.8,691.0,84.8,166.8,0.0,52.0,1530.5,92.2,24.0,1195.4,218.8,474,,AURANGABAD,
Bihar,Aurangabad,IMD110-P474,1930,2.1,0.9,0.0,10.9,1.1,70.9,413.9,422.4,265.8,5.8,14.3,14.3,1222.2,2.9,12.0,1172.9,34.3,474,,AURANGABAD,
Bihar,Aurangabad,IMD110-P474,1931,0.0,66.0,3.2,0.0,2.9,55.7,398.8,264.3,210.7,41.1,10.9,0.5,1054.1,66.0,6.1,929.5,52.5,474,,AURANGABAD,
Bihar,Aurangabad,IMD110-P474,1932,0.0,19.0,0.0,10.9,9.0,80.0,264.2,270.0,131.9,31.7,99.7,0.1,916.6,19.0,19.8,746.2,131.6,474,,AURANGABAD,
Bihar,Aurangabad,IMD110-P474,1933,66.3,29.5,0.3,69.9,33.8,210.7,230.4,416.6,131.7,35.0,0.0,0.0,1224.3,95.8,104.0,989.4,35.0,474,,AURANGABAD,
Bihar,Aurangabad,IMD110-P474,1934,28.1,0.0,8.7,5.3,0.0,52.0,417.3,300.5,274.9,23.9,27.0,0.1,1137.7,28.1,14.0,1044.7,51.0,475,,AURANGABAD,
Bihar,Aurangabad,IMD110-P474,1935,39.7,22.6,3.9,4.5,0.0,166.8,232.7,748.4,151.7,0.0,0.0,0.0,1370.3,62.3,8.4,1299.7,0.0,475,,AURANGABAD,
Bihar,Aurangabad,IMD110-P474,1936,28.8,10.7,7.1,4.0,38.8,151.6,320.1,377.9,591.8,169.4,1.3,23.1,1724.6,39.6,49.8,1441.4,193.8,475,,AURANGABAD,
Bihar,Aurangabad,IMD110-P474,1937,0.0,61.3,0.0,16.9,24.5,89.4,420.5,343.7,129.7,41.9,0.0,0.0,1127.9,61.3,41.3,983.2,41.9,475,,AURANGABAD,
Bihar,Aurangabad,IMD110-P474,1938,21.8,10.8,0.0,0.6,13.7,257.9,322.6,349.9,174.5,19.4,1.7,0.0,1172.8,32.5,14.3,1104.9,21.1,475,,AURANGABAD,
Bihar,Aurangabad,IMD110-P474,1939,18.6,50.8,33.1,7.6,4.8,174.5,222.1,303.3,382.1,25.3,0.0,0.0,1222.2,69.3,45.5,1082.0,25.3,475,,AURANGABAD,
Bihar,Aurangabad,IMD110-P474,1940,0.2,38.5,66.2,8.4,6.8,55.6,264.0,535.6,95.7,26.2,0.0,36.2,1133.3,38.7,81.4,950.8,62.4,475,,AURANGABAD,
Bihar,Aurangabad,IMD110-P474,1941,19.7,3.3,1.0,0.8,16.0,199.5,236.3,433.6,156.5,49.3,0.0,0.0,1116.1,23.1,17.8,1025.9,49.3,475,,AURANGABAD,
Bihar,Aurangabad,IMD110-P474,1942,24.1,92.7,35.2,1.2,1.8,148.5,369.9,531.2,404.1,1.3,0.0,2.9,1613.0,116.9,38.2,1453.7,4.2,475,,AURANGABAD,
Bihar,Aurangabad,IMD110-P474,1943,90.8,21.9,0.0,2.1,17.8,77.3,364.9,413.3,285.2,58.8,0.0,0.0,1332.2,112.7,20.0,1140.7,58.8,475,,AURANGABAD,
Bihar,Aurangabad,IMD110-P474,1944,29.8,71.2,78.9,8.8,0.2,178.1,341.4,551.7,244.8,63.7,0.0,4.6,1573.2,101.0,87.9,1316.0,68.3,475,,AURANGABAD,
Bihar,Aurangabad,IMD110-P474,1945,61.8,37.9,0.0,10.3,10.5,163.6,281.4,288.2,397.9,164.5,0.0,2.4,1418.5,99.7,20.9,1131.1,166.8,475,,AURANGABAD,
Bihar,Aurangabad,IMD110-P474,1946,0.0,25.2,2.9,3.8,49.1,215.6,477.4,239.1,313.2,88.7,40.3,0.0,1455.2,25.2,55.8,1245.2,129.0,475,,AURANGABAD,
Bihar,Aurangabad,IMD110-P474,1947,3.2,9.3,14.6,0.0,3.4,76.0,329.6,191.0,208.5,28.8,0.0,0.0,864.6,12.6,18.0,805.2,28.8,475,,AURANGABAD,
Bihar,Aurangabad,IMD110-P474,1948,33.0,19.8,7.3,2.3,0.3,162.6,326.8,710.5,339.9,87.3,28.9,0.0,1718.8,52.8,9.9,1539.8,116.3,475,,AURANGABAD,
Bihar,Aurangabad,IMD110-P474,1949,15.9,43.2,3.3,1.7,41.8,80.8,277.8,441.3,203.2,49.4,0.0,0.0,1158.5,59.1,46.8,1003.1,49.4,475,,AURANGABAD,
Bihar,Aurangabad,IMD110-P474,1950,17.4,6.3,18.0,0.0,0.0,278.4,350.7,369.6,84.6,0.2,0.0,7.8,1132.9,23.7,18.0,1083.2,8.0,475,,AURANGABAD,
Bihar,Aurangabad,IMD110-P474,1951,11.0,3.2,9.8,9.8,0.2,129.5,234.1,243.0,107.0,17.6,0.0,0.0,765.2,14.2,19.8,713.6,17.6,475,,AURANGABAD,
Bihar,Aurangabad,IMD110-P474,1952,0.0,5.2,7.5,0.0,4.1,161.7,140.3,366.1,235.6,12.3,0.0,0.0,932.8,5.2,11.6,903.7,12.3,475,,AURANGABAD,
Bihar,Aurangabad,IMD110-P474,1953,2.5,0.5,6.6,5.6,0.0,156.3,367.3,315.0,409.0,0.6,0.0,0.0,1263.3,3.0,12.2,1247.5,0.6,475,,AURANGABAD,
Bihar,Aurangabad,IMD110-P474,1954,5.7,4.7,2.7,1.6,0.0,91.6,310.2,300.6,233.8,20.2,3.8,0.0,974.9,10.4,4.3,936.2,24.0,475,,AURANGABAD,
Bihar,Aurangabad,IMD110-P474,1955,86.2,0.9,2.5,8.3,9.8,61.6,369.7,167.5,158.5,34.3,0.0,0.9,900.3,87.1,20.6,757.3,35.3,475,,AURANGABAD,
Bihar,Aurangabad,IMD110-P474,1956,19.1,2.3,10.1,0.3,29.9,179.6,245.3,204.0,418.9,106.3,14.6,35.8,1266.2,21.4,40.3,1047.8,156.7,475,,AURANGABAD,
Bihar,Aurangabad,IMD110-P474,1957,69.2,8.3,27.9,2.4,1.4,32.4,360.8,270.0,125.3,0.0,0.0,0.0,897.7,77.5,31.7,788.5,0.0,475,,AURANGABAD,
Bihar,Aurangabad,IMD110-P474,1958,15.8,6.0,5.7,13.7,0.0,55.5,294.3,283.0,190.1,75.3,10.0,0.0,949.3,21.7,19.4,822.9,85.3,475,,AURANGABAD,
Bihar,Aurangabad,IMD110-P474,1959,65.6,3.4,10.6,3.4,34.1,77.1,287.4,368.4,126.6,110.3,0.0,0.0,1087.0,69.0,48.1,859.6,110.3,475,,AURANGABAD,
Bihar,Aurangabad,IMD110-P474,1960,0.6,0.0,35.2,4.6,1.5,43.0,278.0,349.1,162.2,30.4,0.0,0.0,904.6,0.6,41.3,832.3,30.4,475,,AURANGABAD,
Bihar,Aurangabad,IMD110-P474,1961,13.2,49.6,0.0,0.0,10.4,341.3,255.3,370.6,178.3,130.8,0.0,7.1,1356.5,62.8,10.4,1145.5,137.9,475,,AURANGABAD,
Bihar,Aurangabad,IMD110-P474,1962,2.7,0.0,0.0,10.9,2.7,75.4,304.8,350.1,231.9,14.0,0.0,2.5,994.9,2.7,13.5,962.2,16.5,475,,AURANGABAD,
Bihar,Aurangabad,IMD110-P474,1963,4.3,3.1,5.2,10.7,29.1,90.8,323.8,345.8,170.3,92.3,5.8,0.0,1081.1,7.4,44.9,930.7,98.1,475,,AURANGABAD,
Bihar,Aurangabad,IMD110-P474,1964,0.1,3.8,0.0,0.0,43.5,145.9,491.9,215.6,142.2,38.2,5.4,0.0,1086.6,3.9,43.5,995.5,43.6,475,,AURANGABAD,
Bihar,Aurangabad,IMD110-P474,1965,0.0,2.5,8.7,13.9,0.3,52.4,256.7,203.5,159.9,25.8,0.0,3.2,726.8,2.5,22.8,672.5,29.0,475,,AURANGABAD,
Bihar,Aurangabad,IMD110-P474,1966,18.3,3.2,0.0,0.0,1.6,119.2,101.7,207.9,50.6,0.0,21.2,1.0,524.7,21.5,1.6,479.4,22.2,475,,AURANGABAD,
Bihar,Aurangabad,IMD110-P474,1967,0.0,0.0,31.3,13.6,8.6,21.6,252.2,430.4,321.1,0.8,0.0,6.3,1086.0,0.0,53.6,1025.4,7.0,475,,AURANGABAD,
Bihar,Aurangabad,IMD110-P474,1968,37.3,9.1,0.0,0.0,1.3,212.7,380.5,339.7,41.1,40.9,0.1,7.0,1069.6,46.4,1.3,973.9,48.0,476,,AURANGABAD,
Bihar,Aurangabad,IMD110-P474,1969,11.2,12.7,0.9,11.3,36.5,81.7,382.9,287.2,237.0,10.8,38.1,0.0,1110.2,23.9,48.6,988.8,48.9,476,,AURANGABAD,
Bihar,Aurangabad,IMD110-P474,1970,46.2,16.7,13.6,0.0,5.5,142.3,242.3,232.1,209.8,30.8,0.0,0.0,939.2,62.9,19.0,826.5,30.8,476,,AURANGABAD,
Bihar,Aurangabad,IMD110-P474,1974,0.0,0.0,2.2,0.0,2.4,50.8,366.8,229.5,62.4,37.6,0.3,0.3,752.2,0.0,4.6,709.5,38.2,476,,AURANGABAD,
Bihar,Aurangabad,IMD110-P474,1975,4.6,1.7,28.8,0.0,3.4,62.9,279.5,153.8,78.3,87.3,0.0,0.0,700.4,6.3,32.3,574.5,87.3,476,,AURANGABAD,
Bihar,Aurangabad,IMD110-P474,1976,0.4,13.4,0.0,9.1,28.7,82.6,227.5,182.4,590.6,6.1,0.0,0.0,1140.8,13.8,37.8,1083.0,6.1,476,,AURANGABAD,
Bihar,Aurangabad,IMD110-P474,1977,17.9,0.6,0.0,17.1,34.6,115.3,433.0,153.4,165.1,74.3,0.4,18.5,1030.1,18.4,51.7,866.8,93.2,476,,AURANGABAD,
Bihar,Aurangabad,IMD110-P474,1978,23.8,81.3,23.1,2.9,0.0,305.0,254.3,262.8,307.7,77.1,0.0,4.7,1342.8,105.2,26.0,1129.8,81.8,476,,AURANGABAD,
Bihar,Aurangabad,IMD110-P474,1979,25.1,34.5,0.3,0.0,0.0,47.7,275.9,158.7,30.4,18.9,32.2,6.6,630.3,59.6,0.3,512.7,57.7,476,,AURANGABAD,
Bihar,Aurangabad,IMD110-P474,1980,6.5,5.3,2.1,0.0,8.3,95.2,315.3,242.5,228.8,20.5,2.1,0.0,926.6,11.9,10.4,881.8,22.5,476,,AURANGABAD,
Bihar,Aurangabad,IMD110-P474,1981,41.7,1.3,3.0,0.5,18.0,38.5,387.5,180.1,150.4,0.0,14.5,4.2,839.8,43.1,21.5,756.5,18.7,476,,AURANGABAD,
Bihar,Aurangabad,IMD110-P474,1982,9.6,13.8,40.8,1.3,21.2,72.5,188.5,301.6,105.3,101.7,32.7,0.3,889.3,23.3,63.3,667.9,134.8,476,,AURANGABAD,
Bihar,Aurangabad,IMD110-P474,1983,6.1,5.4,0.0,46.7,36.2,50.1,294.2,120.9,215.1,121.8,0.0,15.1,911.7,11.5,82.9,680.3,136.9,476,,AURANGABAD,
Bihar,Aurangabad,IMD110-P474,1984,84.5,57.9,0.0,2.3,0.0,136.6,463.1,326.1,103.0,32.1,0.0,0.0,1205.6,142.4,2.3,1028.8,32.1,476,,AURANGABAD,
Bihar,Aurangabad,IMD110-P474,1985,40.0,0.0,0.0,0.0,6.8,65.7,300.6,325.9,177.7,223.8,0.0,1.5,1142.0,40.0,6.8,869.9,225.3,476,,AURANGABAD,
Bihar,Aurangabad,IMD110-P474,1986,1.4,24.0,1.5,12.9,58.6,190.5,467.9,174.8,86.3,23.9,0.0,20.8,1062.6,25.4,73.0,919.5,44.7,476,,AURANGABAD,
Bihar,Aurangabad,IMD110-P474,1987,3.8,6.7,0.0,1.6,10.3,9.5,374.0,307.4,506.3,32.9,10.8,2.8,1266.1,10.5,11.9,1197.3,46.5,476,,AURANGABAD,
Bihar,Aurangabad,IMD110-P474,1988,2.0,7.4,21.4,13.4,5.2,222.5,293.7,274.5,107.1,13.4,0.0,9.3,969.9,9.4,40.0,897.8,22.7,476,,AURANGABAD,
Bihar,Aurangabad,IMD110-P474,1989,7.0,0.1,0.7,0.0,46.6,117.1,323.1,216.9,215.7,9.8,3.1,24.5,964.5,7.0,47.3,872.9,37.3,476,,AURANGABAD,
Bihar,Aurangabad,IMD110-P474,1990,3.0,34.2,9.5,8.2,87.1,106.4,372.5,195.9,152.3,21.5,0.0,0.9,991.4,37.1,104.7,827.1,22.4,476,,AURANGABAD,
Bihar,Aurangabad,IMD110-P474,1991,5.0,24.4,4.3,5.8,10.3,200.5,95.3,312.7,222.1,5.9,0.0,9.3,895.6,29.4,20.4,830.6,15.2,476,,AURANGABAD,
Bihar,Aurangabad,IMD110-P474,1992,0.0,6.9,0.2,2.1,21.3,64.5,332.7,269.7,102.3,8.6,0.9,0.0,809.1,6.9,23.6,769.2,9.5,476,,AURANGABAD,
Bihar,Aurangabad,IMD110-P474,1993,0.0,0.2,24.1,1.0,43.1,161.3,189.3,312.5,308.1,6.5,3.5,0.0,1049.6,0.2,68.3,971.2,10.0,476,,AURANGABAD,
Bihar,Aurangabad,IMD110-P474,1994,22.7,35.7,0.0,12.8,11.0,150.0,293.3,404.1,199.2,85.2,13.4,0.0,1227.4,58.4,23.8,1046.7,98.6,476,,AURANGABAD,
Bihar,Aurangabad,IMD110-P474,1995,14.3,14.7,6.6,0.0,0.0,71.9,179.8,212.0,334.9,0.1,58.8,30.9,924.0,29.0,6.6,798.6,89.8,476,,AURANGABAD,
Bihar,Aurangabad,IMD110-P474,1996,29.6,43.3,0.0,0.0,0.2,228.6,126.4,319.2,138.9,19.6,0.0,0.0,905.7,72.9,0.2,813.1,19.6,476,,AURANGABAD,
Bihar,Aurangabad,IMD110-P474,1997,0.0,0.0,0.0,5.8,16.3,156.7,487.8,314.2,144.1,42.7,27.5,33.0,1228.2,0.0,22.1,1102.9,103.2,476,,AURANGABAD,
Bihar,Aurangabad,IMD110-P474,1998,5.1,8.5,29.8,15.3,26.7,95.3,308.1,214.1,149.0,28.6,19.6,0.0,900.0,13.5,71.8,766.5,48.2,476,,AURANGABAD,
Bihar,Aurangabad,IMD110-P474,1999,0.0,0.0,0.0,0.0,38.7,175.9,441.0,276.2,136.0,76.3,0.0,0.0,1144.1,0.0,38.7,1029.2,76.3,476,,AURANGABAD,
Bihar,Aurangabad,IMD110-P474,2000,0.0,5.0,1.7,7.1,13.1,102.6,298.5,176.5,310.0,0.0,0.0,0.0,914.6,5.0,21.9,887.6,0.0,476,,AURANGABAD,
Bihar,Aurangabad,IMD110-P474,2001,3.1,0.1,9.7,0.0,10.4,299.6,253.4,234.8,150.4,121.5,0.0,0.0,1083.1,3.2,20.1,938.3,121.5,476,,AURANGABAD,
Bihar,Aurangabad,IMD110-P474,2002,6.3,16.3,0.0,0.0,29.6,107.5,275.3,307.6,243.1,84.7,0.3,0.1,1070.7,22.6,29.6,933.4,85.0,476,,AURANGABAD,
Bihar,Aurangabad,IMD110-P474,2003,4.9,48.9,0.0,1.1,0.0,124.7,355.3,428.4,198.6,161.1,0.0,3.7,1326.6,53.8,1.1,1106.9,164.8,476,,AURANGABAD,
Bihar,Aurangabad,IMD110-P474,2004,14.0,0.0,0.0,2.0,13.5,202.0,262.3,160.3,93.9,16.1,0.0,0.0,764.1,14.0,15.6,718.5,16.1,476,,AURANGABAD,
Bihar,Aurangabad,IMD110-P474,2005,23.7,39.0,13.0,0.0,2.8,42.0,149.8,180.8,147.0,23.9,0.0,2.7,624.7,62.7,15.8,519.6,26.6,477,,AURANGABAD,
Bihar,Aurangabad,IMD110-P474,2006,0.0,0.0,1.4,3.5,50.3,258.3,262.6,197.6,181.6,8.7,0.0,0.0,964.0,0.0,55.2,900.1,8.7,477,,AURANGABAD,
Bihar,Aurangabad,IMD110-P474,2007,,,,,,,417.2,,241.0,,0.0,,,,,,,477,missing_months,AURANGABAD,
Bihar,Aurangabad,IMD110-P474,2008,78.3,7.6,0.0,14.0,45.0,390.7,333.6,203.5,25.0,0.0,0.0,0.0,1097.7,85.9,59.0,952.8,0.0,477,,AURANGABAD,
Bihar,Aurangabad,IMD110-P474,2009,0.0,0.0,0.0,0.0,36.6,45.6,174.8,313.4,182.0,22.2,3.3,0.0,778.0,0.0,36.6,715.9,25.5,477,,AURANGABAD,
Bihar,Aurangabad,IMD110-P474,2010,0.1,0.5,0.0,0.4,5.4,12.4,95.3,153.7,89.6,24.9,0.0,0.0,382.3,0.6,5.8,351.0,24.9,477,,AURANGABAD,
Bihar,Banka,IMD110-P478,1901,42.3,19.8,0.0,0.0,,,197.9,341.1,134.9,15.3,17.0,0.0,,62.1,,,32.3,478,missing_months,BANKA,
Bihar,Banka,IMD110-P478,1902,0.0,0.0,,34.7,87.5,86.3,263.0,162.0,327.4,43.7,0.0,0.0,,0.0,,838.7,43.7,478,missing_months,BANKA,
Bihar,Banka,IMD110-P478,1903,8.9,54.4,2.7,3.5,11.6,131.0,119.1,254.9,192.3,185.3,0.3,0.0,963.8,63.3,17.7,697.2,185.6,478,,BANKA,
Bihar,Banka,IMD110-P478,1904,17.1,2.8,3.3,4.6,173.4,271.9,395.6,422.8,143.3,62.0,1.3,0.0,1498.0,19.9,181.3,1233.6,63.3,478,,BANKA,
Bihar,Banka,IMD110-P478,1905,25.9,64.8,70.6,26.9,48.8,47.9,528.7,367.3,294.4,19.1,0.0,0.5,1495.0,90.7,146.3,1238.3,19.6,478,,BANKA,
Bihar,Banka,IMD110-P478,1906,26.0,91.7,22.0,2.5,50.7,212.3,268.9,220.7,115.7,72.0,10.6,0.0,1093.0,117.8,75.2,817.6,82.6,478,,BANKA,
Bihar,Banka,IMD110-P478,1907,0.0,31.0,29.6,13.4,123.7,224.9,247.1,252.2,227.2,0.0,0.0,3.8,1152.8,31.0,166.8,951.3,3.8,478,,BANKA,
Bihar,Banka,IMD110-P478,1908,13.3,10.6,2.3,0.0,36.5,162.7,182.1,185.6,335.9,36.3,0.0,0.0,965.3,23.8,38.8,866.4,36.3,478,,BANKA,
Bihar,Banka,IMD110-P478,1909,15.1,4.4,0.0,84.8,33.9,302.5,235.2,265.5,142.6,3.5,0.0,0.0,1087.6,19.6,118.8,945.8,3.5,478,,BANKA,
Bihar,Banka,IMD110-P478,1910,0.0,41.2,0.0,3.5,23.2,333.8,305.8,342.1,200.9,66.8,30.2,0.0,1347.6,41.2,26.8,1182.7,97.1,478,,BANKA,
Bihar,Banka,IMD110-P478,1911,0.0,0.0,35.3,7.5,9.0,403.1,166.7,221.3,135.9,84.8,7.5,0.0,1071.0,0.0,51.8,927.0,92.3,478,,BANKA,
Bihar,Banka,IMD110-P478,1912,1.9,10.9,41.7,33.9,95.9,141.7,312.5,179.2,59.0,0.0,93.6,0.0,970.3,12.8,171.6,692.4,93.6,478,,BANKA,
Bihar,Banka,IMD110-P478,1913,0.0,38.7,18.3,0.0,80.8,361.8,256.8,232.3,187.9,31.0,1.9,36.8,1246.1,38.7,99.1,1038.7,69.7,478,,BANKA,
Bihar,Banka,IMD110-P478,1914,0.0,18.2,3.5,56.1,157.4,140.8,303.5,415.9,123.7,38.6,0.0,0.2,1257.8,18.2,217.0,983.8,38.8,478,,BANKA,
Bihar,Banka,IMD110-P478,1915,10.4,43.7,45.6,0.0,68.0,213.5,211.2,203.4,184.3,27.0,1.5,0.0,1008.6,54.1,113.6,812.3,28.5,478,,BANKA,
Bihar,Banka,IMD110-P478,1916,0.0,7.1,0.0,21.5,5.3,213.1,359.2,327.9,188.4,224.9,0.0,0.0,1347.4,7.1,26.9,1088.6,224.9,478,,BANKA,
Bihar,Banka,IMD110-P478,1917,3.4,28.1,25.3,11.0,133.2,219.1,240.8,107.3,244.2,185.3,0.3,0.0,1198.0,31.5,169.4,811.4,185.6,478,,BANKA,
Bihar,Banka,IMD110-P478,1918,3.3,0.0,1.9,27.9,90.2,210.5,82.3,536.6,197.1,0.0,0.0,0.0,1149.8,3.3,120.0,1026.5,0.0,478,,BANKA,
Bihar,Banka,IMD110-P478,1919,51.8,38.1,4.3,0.0,60.8,328.9,255.8,204.8,280.4,74.2,0.0,0.0,1299.2,89.9,65.2,1069.9,74.2,478,,BANKA,
Bihar,Banka,IMD110-P478,1920,0.0,14.8,79.1,0.0,15.2,87.8,264.5,275.5,432.4,6.4,0.0,0.0,1175.7,14.8,94.3,1060.2,6.4,478,,BANKA,
Bihar,Banka,IMD110-P478,1921,48.3,0.0,0.0,4.3,34.7,130.9,332.5,461.8,165.8,32.2,0.0,0.0,1210.3,48.3,39.0,1090.9,32.2,478,,BANKA,
Bihar,Banka,IMD110-P478,1922,5.6,6.8,0.0,3.6,11.7,400.9,474.9,468.8,226.0,97.0,0.8,1.4,1697.6,12.4,15.3,1570.7,99.2,478,,BANKA,
Bihar,Banka,IMD110-P478,1923,0.2,40.4,3.4,13.3,16.9,111.3,235.4,207.1,76.3,58.8,1.2,1.5,765.7,40.6,33.6,630.0,61.4,478,,BANKA,
Bihar,Banka,IMD110-P478,1924,0.0,8.0,0.0,8.5,34.5,320.8,438.9,198.4,332.8,102.1,63.1,0.0,1507.0,8.0,43.0,1290.9,165.2,478,,BANKA,
Bihar,Banka,IMD110-P478,1925,6.1,6.3,37.4,65.8,80.0,111.1,323.8,290.0,297.4,20.4,0.9,0.0,1239.3,12.5,183.1,1022.3,21.3,478,,BANKA,
Bihar,Banka,IMD110-P478,1926,13.4,0.0,32.8,22.8,63.3,68.6,253.3,151.8,212.0,12.2,2.4,34.2,866.6,13.4,118.9,685.6,48.7,478,,BANKA,
Bihar,Banka,IMD110-P478,1927,16.3,89.3,25.3,5.9,36.6,221.4,282.2,127.3,77.9,13.3,2.7,0.0,898.2,105.6,67.8,708.8,15.9,478,,BANKA,
Bihar,Banka,IMD110-P478,1928,94.7,6.6,0.0,2.5,57.4,374.5,470.3,236.8,56.7,256.6,0.0,0.6,1556.8,101.3,59.9,1138.3,257.3,478,,BANKA,
Bihar,Banka,IMD110-P478,1929,62.7,3.6,27.2,7.2,33.3,222.5,306.3,197.7,106.9,540.7,0.0,10.5,1518.6,66.3,67.7,833.4,551.2,478,,BANKA,
Bihar,Banka,IMD110-P478,1930,9.9,4.7,21.7,6.8,12.6,161.5,381.7,268.4,274.6,58.2,103.2,0.3,1303.7,14.6,41.1,1086.2,161.7,478,,BANKA,
Bihar,Banka,IMD110-P478,1931,6.0,41.1,28.5,1.9,13.3,68.1,513.6,254.9,205.7,84.4,12.9,0.0,1230.3,47.1,43.6,1042.3,97.3,478,,BANKA,
Bihar,Banka,IMD110-P478,1932,0.0,3.5,0.0,6.1,20.0,47.3,251.2,211.0,211.5,73.3,50.9,0.6,875.4,3.5,26.1,721.0,124.8,478,,BANKA,
Bihar,Banka,IMD110-P478,1933,64.7,2.3,1.0,57.5,113.4,162.2,333.7,288.8,157.3,41.8,9.9,0.0,1232.5,67.0,171.9,942.0,51.6,478,,BANKA,
Bihar,Banka,IMD110-P478,1934,33.1,8.3,0.0,15.4,31.2,94.6,286.3,174.9,145.5,65.1,1.9,3.2,859.4,41.4,46.6,701.3,70.1,479,,BANKA,
Bihar,Banka,IMD110-P478,1935,13.1,30.3,0.3,0.0,5.2,106.2,140.9,462.0,308.9,1.7,0.0,0.0,1068.7,43.5,5.5,1018.0,1.7,479,,BANKA,
Bihar,Banka,IMD110-P478,1936,8.5,0.5,6.2,11.6,90.2,216.5,395.7,159.1,359.9,138.1,0.0,17.0,1403.3,9.0,108.0,1131.2,155.1,479,,BANKA,
Bihar,Banka,IMD110-P478,1937,0.0,94.8,2.8,8.2,147.4,71.4,160.0,329.1,235.0,243.7,0.0,0.0,1292.4,94.8,158.4,795.5,243.7,479,,BANKA,
Bihar,Banka,IMD110-P478,1938,0.1,21.8,0.0,0.0,203.4,346.4,358.4,425.4,166.9,19.6,1.1,0.0,1543.2,21.9,203.4,1297.2,20.8,479,,BANKA,
Bihar,Banka,IMD110-P478,1939,0.2,46.2,26.9,1.1,54.7,160.9,504.4,222.8,350.4,65.2,0.0,0.0,1432.8,46.4,82.7,1238.5,65.2,479,,BANKA,
Bihar,Banka,IMD110-P478,1940,0.0,37.6,78.3,10.2,21.6,102.3,151.2,334.2,149.7,3.8,0.0,9.9,898.9,37.6,110.1,737.5,13.7,479,,BANKA,
Bihar,Banka,IMD110-P478,1941,18.9,1.3,1.2,9.8,87.2,191.2,235.5,352.9,209.6,159.9,0.1,0.0,1267.6,20.2,98.3,989.1,160.0,479,,BANKA,
Bihar,Banka,IMD110-P478,1942,2.4,58.7,19.4,11.8,40.6,125.7,206.4,331.1,336.1,39.0,0.0,0.0,1171.3,61.0,71.9,999.4,39.0,479,,BANKA,
Bihar,Banka,IMD110-P478,1943,28.0,17.4,0.0,64.4,30.2,127.7,358.3,206.1,158.1,52.4,0.0,0.0,1042.6,45.4,94.6,850.2,52.4,479,,BANKA,
Bihar,Banka,IMD110-P478,1944,16.0,20.3,31.1,33.0,14.4,162.2,350.5,269.2,152.4,10.6,0.0,0.0,1059.7,36.4,78.4,934.3,10.6,479,,BANKA,
Bihar,Banka,IMD110-P478,1945,34.2,48.4,0.3,46.1,20.9,132.2,262.2,248.5,283.7,125.2,0.0,1.7,1203.2,82.6,67.2,926.5,126.9,479,,BANKA,
Bihar,Banka,IMD110-P478,1946,0.0,6.4,0.0,33.2,159.5,84.2,261.2,290.1,252.4,388.1,25.7,0.0,1500.9,6.4,192.7,887.9,413.8,479,,BANKA,
Bihar,Banka,IMD110-P478,1947,0.0,1.3,5.4,11.4,23.9,101.6,447.0,238.3,137.1,72.5,0.0,0.0,1038.4,1.3,40.7,924.0,72.5,479,,BANKA,
Bihar,Banka,IMD110-P478,1948,16.1,7.9,12.2,0.0,15.1,141.8,371.4,306.8,202.2,87.4,58.6,0.0,1219.4,24.0,27.3,1022.2,146.0,479,,BANKA,
Bihar,Banka,IMD110-P478,1949,12.0,9.8,65.3,40.2,122.7,298.7,351.7,285.4,244.3,107.5,0.0,0.0,1537.5,21.8,228.1,1180.1,107.5,479,,BANKA,
Bihar,Banka,IMD110-P478,1950,0.8,37.3,16.1,0.0,131.1,441.9,244.9,261.1,160.6,0.0,0.0,0.0,1293.8,38.0,147.2,1108.6,0.0,479,,BANKA,
Bihar,Banka,IMD110-P478,1951,3.0,0.0,0.0,6.6,18.2,124.2,238.9,78.4,82.2,26.6,0.4,0.0,578.5,3.0,24.8,523.7,27.0,479,,BANKA,
Bihar,Banka,IMD110-P478,1952,0.0,1.7,34.0,46.8,35.1,210.5,175.6,140.2,196.8,27.1,0.0,0.0,867.9,1.7,115.9,723.1,27.1,479,,BANKA,
Bihar,Banka,IMD110-P478,1953,23.5,7.9,4.1,29.2,40.2,145.7,339.1,224.3,347.2,11.4,12.8,0.0,1185.4,31.4,73.4,1056.3,24.2,479,,BANKA,
Bihar,Banka,IMD110-P478,1954,15.2,5.8,0.0,3.5,14.6,211.7,370.8,203.5,140.8,28.0,0.4,0.0,994.5,21.0,18.1,926.9,28.4,479,,BANKA,
Bihar,Banka,IMD110-P478,1955,23.8,16.6,4.7,18.2,32.4,118.1,478.4,172.6,145.2,50.2,1.7,0.0,1061.8,40.3,55.4,914.3,51.9,479,,BANKA,
Bihar,Banka,IMD110-P478,1956,14.3,4.6,16.8,1.3,34.7,196.0,184.5,141.1,348.3,231.9,22.0,6.7,1202.0,18.9,52.8,869.9,260.5,479,,BANKA,
Bihar,Banka,IMD110-P478,1957,113.2,11.4,0.0,0.0,0.0,93.4,258.9,208.7,154.2,12.5,0.0,0.0,852.3,124.6,0.0,715.2,12.5,479,,BANKA,
Bihar,Banka,IMD110-P478,1958,0.0,2.9,0.0,7.9,21.9,55.1,177.4,307.7,192.8,153.2,0.0,0.0,918.8,2.9,29.8,733.0,153.2,479,,BANKA,
Bihar,Banka,IMD110-P478,1959,69.0,0.0,5.9,13.5,56.3,188.4,260.4,190.2,254.2,335.2,0.0,0.0,1373.1,69.0,75.8,893.2,335.2,479,,BANKA,
Bihar,Banka,IMD110-P478,1960,0.0,0.0,32.0,0.0,88.7,98.8,274.4,265.8,268.6,50.5,0.0,0.0,1078.9,0.0,120.7,907.6,50.5,479,,BANKA,
Bihar,Banka,IMD110-P478,1961,2.0,47.3,0.0,0.0,11.0,153.2,225.3,271.9,196.8,217.6,0.0,8.5,1133.7,49.3,11.0,847.2,226.1,479,,BANKA,
Bihar,Banka,IMD110-P478,1962,3.0,3.0,0.0,55.1,20.3,142.4,184.2,316.7,194.3,289.1,0.0,0.0,1208.0,6.1,75.3,837.6,289.1,479,,BANKA,
Bihar,Banka,IMD110-P478,1963,0.0,0.0,0.9,3.2,201.7,169.1,479.1,269.2,281.9,258.0,57.2,0.0,1720.3,0.0,205.8,1199.3,315.2,479,,BANKA,
Bihar,Banka,IMD110-P478,1964,0.0,0.0,0.0,17.8,82.3,141.5,291.4,111.2,91.8,79.7,0.0,0.0,815.6,0.0,100.0,635.9,79.7,479,,BANKA,
Bihar,Banka,IMD110-P478,1965,0.0,1.4,9.8,8.9,0.0,70.8,241.1,194.6,228.4,10.3,0.0,0.0,765.3,1.4,18.7,734.9,10.3,479,,BANKA,
Bihar,Banka,IMD110-P478,1966,18.9,0.0,0.0,0.0,42.8,45.0,77.0,215.0,123.6,1.3,4.3,0.0,527.9,18.9,42.8,460.6,5.5,479,,BANKA,
Bihar,Banka,IMD110-P478,1967,1.0,0.0,23.5,29.4,42.0,40.0,137.7,279.4,253.4,3.5,0.0,0.6,810.5,1.0,94.9,710.5,4.1,479,,BANKA,
Bihar,Banka,IMD110-P478,1968,15.9,0.0,2.0,15.0,7.2,440.2,422.9,389.3,109.0,148.8,0.0,0.0,1550.3,15.9,24.2,1361.4,148.8,480,,BANKA,
Bihar,Banka,IMD110-P478,1969,5.9,0.1,0.5,18.9,99.7,107.3,381.5,342.0,247.0,15.7,30.0,0.0,1248.4,5.9,119.0,1077.8,45.7,480,,BANKA,
Bihar,Banka,IMD110-P478,1970,41.1,0.0,6.4,19.0,25.5,121.2,112.9,177.3,243.8,,,0.0,,41.1,50.9,655.2,,480,missing_months,BANKA,
Bihar,Banka,IMD110-P478,1974,1.3,0.0,46.4,0.0,12.8,107.6,396.8,159.0,270.8,51.2,0.0,6.9,1052.9,1.3,59.2,934.2,58.2,480,,BANKA,
Bihar,Banka,IMD110-P478,1975,17.7,5.1,4.3,2.2,26.9,93.2,337.6,113.5,150.6,50.3,0.0,0.0,801.5,22.8,33.4,695.0,50.3,480,,BANKA,
Bihar,Banka,IMD110-P478,1976,0.0,14.1,0.0,0.0,63.6,60.0,121.7,143.8,183.6,5.1,19.8,11.5,623.2,14.1,63.6,509.2,36.3,480,,BANKA,
Bihar,Banka,IMD110-P478,1977,11.3,0.9,0.0,16.0,63.6,137.4,433.5,177.2,92.5,125.2,0.0,10.5,1068.2,12.2,79.6,840.6,135.7,480,,BANKA,
Bihar,Banka,IMD110-P478,1978,1.0,13.4,3.8,47.3,44.8,205.3,178.2,174.8,112.4,134.2,0.0,5.0,920.2,14.4,95.8,670.8,139.2,480,,BANKA,
Bihar,Banka,IMD110-P478,1979,31.2,11.9,0.0,6.2,18.9,77.8,312.0,238.0,121.2,32.6,16.6,7.8,874.4,43.1,25.2,749.0,57.1,480,,BANKA,
Bihar,Banka,IMD110-P478,1980,3.8,1.8,47.8,2.2,60.9,126.7,268.0,458.5,282.4,65.2,0.0,0.0,1317.2,5.6,110.9,1135.5,65.2,480,,BANKA,
Bihar,Banka,IMD110-P478,1981,,,,,,100.4,586.0,455.0,109.8,0.0,,,,,,1251.2,,480,missing_months,BANKA,
Bihar,Banka,IMD110-P478,1986,0.0,12.7,0.0,30.9,112.2,149.0,261.6,111.2,167.4,213.2,13.3,10.4,1082.0,12.7,143.1,689.3,236.9,480,,BANKA,
Bihar,Banka,IMD110-P478,1987,0.0,8.8,0.0,58.8,39.8,198.7,530.1,474.7,155.2,7.3,3.1,1.7,1478.1,8.8,98.6,1358.7,12.0,480,,BANKA,
Bihar,Banka,IMD110-P478,1988,0.7,7.5,37.6,22.6,25.5,143.4,353.9,477.8,115.8,104.8,3.1,4.7,1297.2,8.2,85.7,1090.8,112.6,480,,BANKA,
Bihar,Banka,IMD110-P478,1989,6.9,2.8,4.6,0.0,38.1,157.0,389.3,197.8,262.3,50.5,0.0,8.8,1118.2,9.8,42.7,1006.5,59.3,480,,BANKA,
Bihar,Banka,IMD110-P478,1990,0.0,26.7,22.8,4.7,89.8,121.6,360.9,237.3,148.4,120.5,0.0,0.0,1132.7,26.7,117.3,868.2,120.5,480,,BANKA,
Bihar,Banka,IMD110-P478,1991,8.0,9.8,10.1,6.2,21.0,149.2,162.4,257.8,326.7,11.4,0.0,45.9,1008.6,17.8,37.4,896.2,57.3,480,,BANKA,
Bihar,Banka,IMD110-P478,1992,7.6,5.8,0.0,0.0,35.4,48.7,287.1,217.1,85.5,27.8,0.6,0.0,715.5,13.3,35.4,638.3,28.4,480,,BANKA,
Bihar,Banka,IMD110-P478,1993,13.2,2.7,24.2,16.1,38.7,108.6,157.8,329.2,240.2,49.1,28.3,0.0,1008.2,15.9,79.1,835.8,77.4,480,,BANKA,
Bihar,Banka,IMD110-P478,1994,17.5,36.4,0.6,9.5,20.3,119.7,189.6,258.8,118.2,77.8,2.1,3.4,853.8,53.8,30.4,686.4,83.2,480,,BANKA,
Bihar,Banka,IMD110-P478,1995,1.2,3.3,0.7,0.0,10.2,132.8,268.2,283.1,372.1,20.3,43.5,18.2,1153.5,4.5,10.9,1056.2,81.9,480,,BANKA,
Bihar,Banka,IMD110-P478,1996,5.6,23.6,0.0,10.4,20.1,173.5,127.7,329.7,147.0,74.2,0.0,0.0,911.7,29.2,30.5,777.9,74.2,480,,BANKA,
Bihar,Banka,IMD110-P478,1997,10.0,0.0,0.0,21.6,51.0,149.2,389.6,222.9,141.0,49.5,30.0,27.7,1092.5,10.0,72.6,902.7,107.3,480,,BANKA,
Bihar,Banka,IMD110-P478,1998,7.3,21.2,71.4,27.7,17.5,59.7,383.7,363.5,210.6,131.5,0.0,0.0,1294.0,28.5,116.5,1017.5,131.5,480,,BANKA,
Bihar,Banka,IMD110-P478,1999,0.0,0.0,0.0,14.5,93.6,246.7,335.3,327.6,251.0,115.9,109.7,0.0,1494.2,0.0,108.1,1160.6,225.6,480,,BANKA,
Bihar,Banka,IMD110-P478,2000,0.6,11.0,4.6,41.4,35.1,170.8,183.9,130.3,586.7,7.8,0.0,0.0,1172.2,11.6,81.1,1071.7,7.8,480,,BANKA,
Bihar,Banka,IMD110-P478,2001,0.0,0.0,0.0,30.3,81.7,197.5,167.7,127.9,150.9,136.6,0.0,0.0,892.6,0.0,111.9,644.1,136.6,480,,BANKA,
Bihar,Banka,IMD110-P478,2002,0.0,1.0,0.7,26.4,75.7,109.5,381.7,307.9,122.2,57.0,0.0,0.0,1082.2,1.0,102.8,921.4,57.0,480,,BANKA,
Bihar,Banka,IMD110-P478,2003,0.0,65.8,4.2,0.0,28.5,176.8,264.8,177.7,242.6,226.9,0.0,0.0,1187.2,65.8,32.7,861.9,226.9,480,,BANKA,
Bihar,Banka,IMD110-P478,2004,5.2,41.1,41.1,24.4,35.2,371.6,242.4,237.7,191.0,172.1,0.0,0.0,1361.8,46.3,100.7,1042.7,172.1,480,,BANKA,
Bihar,Banka,IMD110-P478,2005,14.2,0.1,4.5,0.0,17.1,122.5,472.5,319.0,115.5,28.3,0.0,0.0,1093.9,14.4,21.7,1029.5,28.3,480,,BANKA,
Bihar,Banka,IMD110-P478,2006,0.0,0.0,0.0,0.0,86.5,215.3,358.6,233.5,394.8,6.3,0.0,0.0,1295.1,0.0,86.5,1202.3,6.3,480,,BANKA,
Bihar,Banka,IMD110-P478,2007,,,0.0,0.0,,,698.7,260.9,298.9,33.1,0.0,0.0,,,,,33.1,480,missing_months,BANKA,
Bihar,Banka,IMD110-P478,2008,55.8,1.4,0.0,12.5,25.0,216.6,311.7,184.4,82.5,29.2,0.0,0.0,919.2,57.2,37.5,795.2,29.2,480,,BANKA,
Bihar,Banka,IMD110-P478,2009,0.0,0.0,0.0,0.0,72.5,32.8,177.3,256.1,203.5,96.4,0.0,0.0,838.5,0.0,72.5,669.7,96.4,481,,BANKA,
Bihar,Banka,IMD110-P478,2010,0.0,1.6,4.0,0.4,26.8,104.5,142.1,196.8,114.4,12.8,0.0,0.0,603.5,1.6,31.1,557.9,12.8,481,,BANKA,
Bihar,Begusarai,IMD110-P482,1901,69.8,14.5,8.1,0.0,50.3,50.6,,403.7,93.5,0.0,15.3,0.0,,84.3,58.4,,15.3,482,missing_months,BEGUSARAI,
Bihar,Begusarai,IMD110-P482,1902,1.8,0.8,56.3,4.3,32.0,75.9,256.2,203.7,307.9,40.7,0.5,0.0,980.1,2.6,92.6,843.7,41.2,482,,BEGUSARAI,
Bihar,Begusarai,IMD110-P482,1903,2.3,3.0,2.5,2.5,32.0,110.2,,212.5,94.0,160.7,0.0,0.0,,5.3,37.0,,160.7,482,missing_months,BEGUSARAI,
Bihar,Begusarai,IMD110-P482,1904,,,2.0,0.0,153.3,132.8,294.4,272.7,85.9,41.1,2.5,0.0,,,155.3,785.8,43.6,482,missing_months,BEGUSARAI,
Bihar,Begusarai,IMD110-P482,1905,18.5,22.6,64.0,6.9,157.8,52.3,427.7,607.5,305.2,3.8,0.0,2.0,1668.3,41.1,228.7,1392.7,5.8,482,,BEGUSARAI,
Bihar,Begusarai,IMD110-P482,1906,15.9,60.5,11.3,9.9,24.8,200.2,243.5,276.8,187.1,24.1,0.0,0.0,1054.1,76.4,46.0,907.6,24.1,482,,BEGUSARAI,
Bihar,Begusarai,IMD110-P482,1907,0.0,68.1,32.5,21.4,32.5,249.5,347.4,339.4,413.6,9.4,0.0,0.0,1513.8,68.1,86.4,1349.9,9.4,482,,BEGUSARAI,
Bihar,Begusarai,IMD110-P482,1908,26.4,75.9,4.0,0.0,51.2,92.2,182.5,201.7,139.8,12.4,0.0,0.0,786.1,102.3,55.2,616.2,12.4,482,,BEGUSARAI,
Bihar,Begusarai,IMD110-P482,1909,1.8,3.6,0.0,88.3,31.5,521.6,194.5,,352.1,22.6,0.0,3.6,,5.4,119.8,,26.2,482,missing_months,BEGUSARAI,
Bihar,Begusarai,IMD110-P482,1910,0.8,5.4,5.6,11.9,44.4,225.2,258.0,207.1,236.9,9.8,21.3,0.0,1026.4,6.2,61.9,927.2,31.1,482,,BEGUSARAI,
Bihar,Begusarai,IMD110-P482,1911,12.7,0.0,18.5,16.0,47.0,380.5,122.6,483.4,314.6,,22.4,,,12.7,81.5,1301.1,,482,missing_months,BEGUSARAI,
Bihar,Begusarai,IMD110-P482,1912,6.1,1.8,,5.9,,103.8,342.7,,96.6,52.1,100.2,0.0,,7.9,,,152.3,482,missing_months,BEGUSARAI,
Bihar,Begusarai,IMD110-P482,1913,,28.2,8.7,5.9,101.7,420.4,216.0,,,40.1,0.0,41.6,,,116.3,,81.7,482,missing_months,BEGUSARAI,
Bihar,Begusarai,IMD110-P482,1914,,18.5,4.3,59.2,,32.5,344.0,908.8,122.6,14.0,0.0,0.0,,,,1407.9,14.0,482,missing_months,BEGUSARAI,
Bihar,Begusarai,IMD110-P482,1915,10.2,58.9,17.0,0.0,55.6,100.8,268.9,317.5,107.1,52.6,104.4,0.0,1093.0,69.1,72.6,794.3,157.0,482,,BEGUSARAI,
Bihar,Begusarai,IMD110-P482,1916,,20.3,0.0,45.7,0.0,279.5,321.7,,280.1,92.7,0.0,0.0,,,45.7,,92.7,482,missing_months,BEGUSARAI,
Bihar,Begusarai,IMD110-P482,1917,,18.3,5.1,16.5,109.7,174.2,345.3,179.1,323.6,59.3,0.0,0.3,,,131.3,1022.2,59.6,482,missing_months,BEGUSARAI,
Bihar,Begusarai,IMD110-P482,1918,1.3,0.0,5.8,21.3,63.6,345.4,261.8,743.6,209.8,0.0,0.0,0.0,1652.6,1.3,90.7,1560.6,0.0,482,,BEGUSARAI,
Bihar,Begusarai,IMD110-P482,1919,28.1,1.5,0.8,70.8,39.9,117.3,430.7,225.6,392.6,33.0,0.0,0.0,1340.3,29.6,111.5,1166.2,33.0,482,,BEGUSARAI,
Bihar,Begusarai,IMD110-P482,1920,0.0,19.8,75.5,0.0,39.7,72.5,260.7,133.7,399.4,0.0,0.0,0.0,1001.3,19.8,115.2,866.3,0.0,482,,BEGUSARAI,
Bihar,Begusarai,IMD110-P482,1921,19.9,0.0,0.0,0.0,,129.1,295.6,,236.7,51.3,0.0,0.0,,19.9,,,51.3,482,missing_months,BEGUSARAI,
Bihar,Begusarai,IMD110-P482,1922,16.3,34.3,0.0,14.5,3.3,318.7,310.6,291.4,147.4,43.7,0.0,1.8,1182.0,50.6,17.8,1068.1,45.5,482,,BEGUSARAI,
Bihar,Begusarai,IMD110-P482,1923,,43.2,1.8,0.0,27.7,161.2,87.8,146.3,118.0,,0.0,0.0,,,29.5,513.3,,482,missing_months,BEGUSARAI,
Bihar,Begusarai,IMD110-P482,1924,0.5,9.4,,10.7,,132.2,406.8,,,,91.2,,,9.9,,,,482,missing_months,BEGUSARAI,
Bihar,Begusarai,IMD110-P482,1925,,0.0,6.1,31.4,27.3,58.2,319.1,255.8,280.4,56.4,30.4,,,,64.8,913.5,,482,missing_months,BEGUSARAI,
Bihar,Begusarai,IMD110-P482,1926,22.9,0.0,,11.5,61.7,172.1,269.6,301.5,165.3,5.1,0.0,,,22.9,,908.5,,482,missing_months,BEGUSARAI,
Bihar,Begusarai,IMD110-P482,1927,,37.8,,0.0,60.2,92.1,168.0,178.7,,,27.2,,,,,,,482,missing_months,BEGUSARAI,
Bihar,Begusarai,IMD110-P482,1928,,4.9,,24.2,55.2,,,,80.6,151.8,2.3,,,,,,,482,missing_months,BEGUSARAI,
Bihar,Begusarai,IMD110-P482,1929,78.7,0.0,22.6,,0.0,199.9,274.7,,149.6,317.2,0.0,43.7,,78.7,,,360.9,482,missing_months,BEGUSARAI,
Bihar,Begusarai,IMD110-P482,1930,0.0,26.9,,13.2,16.5,161.8,,287.3,168.7,9.4,49.7,14.2,,26.9,,,73.3,482,missing_months,BEGUSARAI,
Bihar,Begusarai,IMD110-P482,1931,,37.3,,0.0,0.0,,,180.5,279.3,0.0,6.9,,,,,,,482,missing_months,BEGUSARAI,
Bihar,Begusarai,IMD110-P482,1932,0.0,12.7,0.0,0.0,,111.2,96.3,334.2,,45.5,,0.0,,12.7,,,,482,missing_months,BEGUSARAI,
Bihar,Begusarai,IMD110-P482,1933,3.1,34.0,1.8,117.0,164.4,,305.0,376.2,430.4,86.3,0.0,0.0,,37.1,283.2,,86.3,482,missing_months,BEGUSARAI,
Bihar,Begusarai,IMD110-P482,1934,,,,1.8,,143.8,,,,,7.7,0.0,,,,,,483,missing_months,BEGUSARAI,
Bihar,Begusarai,IMD110-P482,1935,,19.8,,0.0,,87.4,,263.7,478.8,,0.0,,,,,,,483,missing_months,BEGUSARAI,
Bihar,Begusarai,IMD110-P482,1936,,0.5,3.0,0.0,27.5,182.8,583.1,388.5,452.2,129.6,0.0,6.1,,,30.5,1606.6,135.7,483,missing_months,BEGUSARAI,
Bihar,Begusarai,IMD110-P482,1937,0.0,65.5,0.0,0.5,21.8,63.3,199.0,509.3,298.6,209.1,0.0,0.0,1367.1,65.5,22.3,1070.2,209.1,483,,BEGUSARAI,
Bihar,Begusarai,IMD110-P482,1938,6.1,27.3,0.0,0.0,146.3,454.1,286.3,396.3,188.0,,0.0,0.0,,33.4,146.3,1324.7,,483,missing_months,BEGUSARAI,
Bihar,Begusarai,IMD110-P482,1939,0.0,53.3,9.3,16.5,30.7,127.7,360.1,,,90.6,0.0,,,53.3,56.5,,,483,missing_months,BEGUSARAI,
Bihar,Begusarai,IMD110-P482,1940,0.0,28.2,86.7,3.3,51.4,109.4,,213.4,172.5,0.0,0.0,17.0,,28.2,141.4,,17.0,483,missing_months,BEGUSARAI,
Bihar,Begusarai,IMD110-P482,1941,17.3,0.0,0.3,0.0,41.7,216.1,143.5,583.3,294.4,125.2,0.0,0.0,1421.8,17.3,42.0,1237.3,125.2,483,,BEGUSARAI,
Bihar,Begusarai,IMD110-P482,1942,9.9,6.6,15.0,0.0,44.5,196.1,170.6,289.9,179.2,1.0,0.0,0.0,912.8,16.5,59.5,835.8,1.0,483,,BEGUSARAI,
Bihar,Begusarai,IMD110-P482,1943,17.1,8.4,0.0,50.0,4.3,69.9,268.8,,265.8,36.3,0.0,0.0,,25.5,54.3,,36.3,483,missing_months,BEGUSARAI,
Bihar,Begusarai,IMD110-P482,1944,,37.3,,17.0,7.4,254.3,225.2,501.5,93.2,62.4,,0.0,,,,1074.2,,483,missing_months,BEGUSARAI,
Bihar,Begusarai,IMD110-P482,1945,20.4,33.3,0.3,42.9,54.8,,240.4,204.9,160.0,153.0,0.0,5.1,,53.7,98.0,,158.1,483,missing_months,BEGUSARAI,
Bihar,Begusarai,IMD110-P482,1946,0.0,19.4,0.0,,26.6,,303.1,200.1,90.1,84.2,24.9,,,19.4,,,,483,missing_months,BEGUSARAI,
Bihar,Begusarai,IMD110-P482,1947,0.3,6.4,1.8,14.0,27.9,176.3,325.2,338.0,155.7,60.7,0.0,,,6.7,43.7,995.2,,483,missing_months,BEGUSARAI,
Bihar,Begusarai,IMD110-P482,1948,7.9,,5.3,0.0,15.5,48.3,358.9,170.7,219.7,141.3,32.5,0.0,,,20.8,797.6,173.8,483,missing_months,BEGUSARAI,
Bihar,Begusarai,IMD110-P482,1949,14.0,46.8,6.1,,133.9,410.6,214.3,328.3,,64.8,,0.0,,60.8,,,,483,missing_months,BEGUSARAI,
Bihar,Begusarai,IMD110-P482,1950,,24.7,24.7,0.0,23.1,462.5,,,,14.5,0.0,,,,47.8,,,483,missing_months,BEGUSARAI,
Bihar,Begusarai,IMD110-P482,1951,5.3,0.0,5.1,3.3,7.4,145.6,421.0,52.9,103.6,38.9,0.8,0.0,783.9,5.3,15.8,723.1,39.7,483,,BEGUSARAI,
Bihar,Begusarai,IMD110-P482,1953,11.7,21.6,0.0,36.8,74.4,258.5,271.9,393.4,,2.5,0.0,0.0,,33.3,111.2,,2.5,483,missing_months,BEGUSARAI,
Bihar,Begusarai,IMD110-P482,1954,21.6,17.5,0.0,0.0,17.7,257.6,268.8,285.7,157.7,5.4,0.0,35.1,1067.1,39.1,17.7,969.8,40.5,483,,BEGUSARAI,
Bihar,Begusarai,IMD110-P482,1955,12.9,8.6,7.6,10.9,50.9,72.9,533.9,397.8,175.3,50.5,0.0,0.0,1321.3,21.5,69.4,1179.9,50.5,483,,BEGUSARAI,
Bihar,Begusarai,IMD110-P482,1956,35.6,2.8,13.7,0.0,23.1,263.7,248.8,305.1,236.4,179.4,25.4,2.3,1336.3,38.4,36.8,1054.0,207.1,483,,BEGUSARAI,
Bihar,Begusarai,IMD110-P482,1957,100.0,6.4,,0.0,0.0,,,115.6,111.6,0.5,,,,106.4,,,,483,missing_months,BEGUSARAI,
Bihar,Begusarai,IMD110-P482,1958,15.2,0.0,0.0,19.1,13.4,92.1,137.2,441.8,258.3,73.8,0.0,0.0,1050.9,15.2,32.5,929.4,73.8,483,,BEGUSARAI,
Bihar,Begusarai,IMD110-P482,1959,106.3,1.0,30.8,5.8,31.0,65.0,431.8,557.8,183.5,162.6,0.0,0.0,1575.6,107.3,67.6,1238.1,162.6,483,,BEGUSARAI,
Bihar,Begusarai,IMD110-P482,1960,0.0,0.0,15.5,0.0,41.5,56.3,340.7,292.9,,,16.2,0.0,,0.0,57.0,,,483,missing_months,BEGUSARAI,
Bihar,Begusarai,IMD110-P482,1961,3.8,23.5,0.0,0.4,15.8,124.6,132.5,320.8,191.3,539.7,0.0,14.9,1367.3,27.3,16.3,769.2,554.5,483,,BEGUSARAI,
Bihar,Begusarai,IMD110-P482,1962,5.5,0.0,9.1,3.9,11.4,148.1,192.4,331.8,248.7,141.6,0.0,0.0,1092.4,5.5,24.4,920.9,141.6,483,,BEGUSARAI,
Bihar,Begusarai,IMD110-P482,1963,0.0,0.0,0.0,4.1,132.0,167.9,479.4,185.3,336.8,167.0,7.5,0.0,1479.9,0.0,136.1,1169.3,174.5,483,,BEGUSARAI,
Bihar,Begusarai,IMD110-P482,1964,2.4,2.1,0.0,38.5,53.7,129.0,296.5,172.2,210.9,53.5,0.0,0.0,958.8,4.5,92.2,808.6,53.5,483,,BEGUSARAI,
Bihar,Begusarai,IMD110-P482,1965,0.0,0.0,4.9,3.0,5.5,30.7,205.4,318.9,187.2,6.2,0.0,0.0,761.8,0.0,13.4,742.2,6.2,483,,BEGUSARAI,
Bihar,Begusarai,IMD110-P482,1966,19.0,0.0,0.0,0.0,47.4,35.5,118.6,187.5,40.0,8.7,5.0,0.0,461.7,19.0,47.4,381.6,13.7,483,,BEGUSARAI,
Bihar,Begusarai,IMD110-P482,1967,0.0,0.0,47.1,48.6,20.1,31.0,230.6,312.7,197.4,72.1,0.0,0.0,959.7,0.0,115.8,771.7,72.1,483,,BEGUSARAI,
Bihar,Begusarai,IMD110-P482,1968,0.5,0.1,5.1,0.0,7.1,185.8,175.9,192.6,28.1,80.0,0.0,4.3,679.7,0.7,12.3,582.5,84.3,483,,BEGUSARAI,
Bihar,Begusarai,IMD110-P482,1969,7.1,7.9,1.5,12.6,36.9,190.3,356.1,477.5,94.5,0.0,21.8,0.0,1206.2,15.0,51.0,1118.4,21.8,484,,BEGUSARAI,
Bihar,Begusarai,IMD110-P482,1970,13.1,5.4,0.0,38.6,46.1,172.6,178.9,154.4,219.3,33.9,0.0,0.0,862.3,18.5,84.7,725.2,33.9,484,,BEGUSARAI,
Bihar,Begusarai,IMD110-P482,1974,0.7,0.0,14.7,1.4,15.4,87.5,584.0,294.3,201.8,15.2,0.0,1.3,1216.2,0.7,31.5,1167.5,16.5,484,,BEGUSARAI,
Bihar,Begusarai,IMD110-P482,1975,8.9,6.2,4.1,1.2,12.6,109.4,425.3,143.6,155.4,51.4,0.0,0.0,918.1,15.1,17.9,833.7,51.4,484,,BEGUSARAI,
Bihar,Begusarai,IMD110-P482,1976,0.0,9.9,0.0,0.0,72.5,100.1,226.6,248.9,610.9,15.7,0.0,0.0,1284.5,9.9,72.5,1186.4,15.7,484,,BEGUSARAI,
Bihar,Begusarai,IMD110-P482,1977,0.0,0.0,0.0,10.6,19.9,75.9,287.9,213.3,111.1,161.9,0.0,12.6,893.2,0.0,30.4,688.2,174.6,484,,BEGUSARAI,
Bihar,Begusarai,IMD110-P482,1978,13.6,21.3,23.1,2.3,29.1,148.1,424.8,339.5,243.8,257.1,0.0,0.0,1502.8,35.0,54.5,1156.3,257.1,484,,BEGUSARAI,
Bihar,Begusarai,IMD110-P482,1979,13.1,24.1,0.0,36.3,0.0,105.2,404.1,70.0,136.6,71.6,15.4,11.1,887.5,37.2,36.3,715.9,98.1,484,,BEGUSARAI,
Bihar,Begusarai,IMD110-P482,1980,0.0,0.0,0.8,0.0,39.2,164.4,403.2,335.2,255.6,33.0,0.0,0.1,1231.6,0.0,40.0,1158.5,33.1,484,,BEGUSARAI,
Bihar,Begusarai,IMD110-P482,1981,39.8,0.0,5.2,70.8,101.7,59.3,618.4,309.0,174.4,0.0,7.0,0.5,1386.2,39.8,177.7,1161.2,7.5,484,,BEGUSARAI,
Bihar,Begusarai,IMD110-P482,1982,0.4,6.8,59.8,8.5,23.9,326.2,113.7,136.8,115.3,60.7,16.2,0.0,868.2,7.2,92.2,692.0,76.9,484,,BEGUSARAI,
Bihar,Begusarai,IMD110-P482,1983,13.2,0.8,8.2,56.2,108.0,89.3,192.8,221.9,234.6,109.8,0.0,16.1,1050.8,14.0,172.4,738.6,125.9,484,,BEGUSARAI,
Bihar,Begusarai,IMD110-P482,1984,22.1,52.8,0.0,0.0,33.9,388.1,360.1,242.3,162.3,29.5,0.0,0.4,1291.6,74.8,33.9,1152.9,30.0,484,,BEGUSARAI,
Bihar,Begusarai,IMD110-P482,1985,9.2,0.0,0.0,21.3,103.5,198.0,355.8,283.0,186.0,139.6,3.3,12.7,1312.4,9.2,124.8,1022.9,155.6,484,,BEGUSARAI,
Bihar,Begusarai,IMD110-P482,1986,0.0,2.3,0.0,10.3,84.1,144.3,304.7,154.8,271.4,104.4,0.0,8.5,1084.8,2.3,94.4,875.3,112.8,484,,BEGUSARAI,
Bihar,Begusarai,IMD110-P482,1987,0.0,0.2,3.9,30.3,22.5,169.2,406.3,597.1,383.3,13.0,0.8,0.7,1627.3,0.2,56.7,1555.9,14.5,484,,BEGUSARAI,
Bihar,Begusarai,IMD110-P482,1988,1.3,1.4,57.0,71.2,28.4,251.3,273.7,418.7,217.2,48.0,3.3,3.9,1375.4,2.7,156.5,1161.0,55.2,484,,BEGUSARAI,
Bihar,Begusarai,IMD110-P482,1989,11.8,5.9,12.6,0.0,61.5,136.1,525.8,182.2,268.7,25.4,0.0,5.3,1235.4,17.7,74.1,1112.8,30.8,484,,BEGUSARAI,
Bihar,Begusarai,IMD110-P482,1990,0.0,11.2,12.7,0.0,45.6,164.5,444.3,199.4,211.8,51.1,0.0,0.1,1140.6,11.2,58.3,1020.0,51.2,484,,BEGUSARAI,
Bihar,Begusarai,IMD110-P482,1991,19.9,8.3,5.9,0.0,7.8,97.1,227.2,229.3,217.3,3.0,0.0,15.8,831.5,28.2,13.7,770.9,18.8,484,,BEGUSARAI,
Bihar,Begusarai,IMD110-P482,1992,7.6,1.5,0.0,0.0,44.3,84.3,232.9,182.7,60.2,6.5,3.8,0.0,623.7,9.1,44.3,560.0,10.4,484,,BEGUSARAI,
Bihar,Begusarai,IMD110-P482,1993,4.3,1.9,20.9,11.8,31.8,152.8,201.6,364.1,452.3,32.8,31.9,0.0,1306.3,6.3,64.6,1170.8,64.6,484,,BEGUSARAI,
Bihar,Begusarai,IMD110-P482,1994,32.3,19.7,0.0,0.0,26.8,70.7,142.9,277.9,209.0,41.9,0.0,0.0,821.3,52.0,26.8,700.6,41.9,484,,BEGUSARAI,
Bihar,Begusarai,IMD110-P482,1995,16.6,22.8,1.1,0.0,0.0,83.4,279.4,447.1,304.7,9.1,39.0,48.5,1251.7,39.4,1.1,1114.6,96.6,484,,BEGUSARAI,
Bihar,Begusarai,IMD110-P482,1996,34.0,28.7,0.0,0.0,6.2,225.1,165.9,372.8,225.3,66.2,0.0,0.0,1124.1,62.6,6.2,989.1,66.2,484,,BEGUSARAI,
Bihar,Begusarai,IMD110-P482,1997,14.4,0.0,0.0,80.8,43.3,283.7,466.1,374.3,193.0,25.8,14.9,21.0,1517.2,14.4,124.1,1317.1,61.6,484,,BEGUSARAI,
Bihar,Begusarai,IMD110-P482,1998,27.2,12.5,36.0,16.0,27.9,141.4,481.4,316.5,132.2,44.0,25.5,,,39.7,79.9,1071.6,,484,missing_months,BEGUSARAI,
Bihar,Begusarai,IMD110-P482,1999,0.0,1.3,12.9,11.3,115.0,309.6,305.8,448.7,,94.9,0.0,0.0,,1.3,139.3,,94.9,484,missing_months,BEGUSARAI,
Bihar,Begusarai,IMD110-P482,2000,0.0,0.0,0.0,0.0,0.0,91.8,328.0,256.2,534.6,23.1,0.0,0.0,1233.7,0.0,0.0,1210.6,23.1,484,,BEGUSARAI,
Bihar,Begusarai,IMD110-P482,2001,0.0,0.0,3.1,22.6,73.8,106.3,173.9,184.1,271.0,15.0,0.0,0.0,849.8,0.0,99.5,735.3,15.0,484,,BEGUSARAI,
Bihar,Begusarai,IMD110-P482,2002,20.7,6.4,3.5,15.5,127.0,116.7,314.2,394.3,192.8,12.9,1.2,0.0,1205.0,27.1,145.9,1018.0,14.0,484,,BEGUSARAI,
Bihar,Begusarai,IMD110-P482,2003,8.5,58.5,0.5,19.8,43.8,303.9,308.7,171.0,154.7,146.8,0.0,8.1,1224.1,66.9,64.0,938.3,154.9,484,,BEGUSARAI,
Bihar,Begusarai,IMD110-P482,2004,19.1,0.0,0.0,22.9,27.4,152.4,342.6,129.2,68.6,35.9,0.0,0.0,798.0,19.1,50.3,692.7,35.9,484,,BEGUSARAI,
Bihar,Begusarai,IMD110-P482,2005,8.5,8.9,15.2,0.0,17.2,15.7,300.4,213.0,131.1,17.9,0.0,0.0,728.0,17.4,32.4,660.3,17.9,484,,BEGUSARAI,
Bihar,Begusarai,IMD110-P482,2006,0.0,0.0,0.0,1.7,32.5,130.5,381.4,87.2,240.5,29.3,10.7,0.0,913.7,0.0,34.2,839.5,40.0,485,,BEGUSARAI,
Bihar,Begusarai,IMD110-P482,2007,,,,,,,595.0,317.0,402.2,67.7,0.0,0.0,,,,,67.7,485,missing_months,BEGUSARAI,
Bihar,Begusarai,IMD110-P482,2008,2.6,0.0,0.0,0.0,,260.6,364.7,291.8,174.5,27.5,0.0,0.0,,2.6,,1091.5,27.5,485,missing_months,BEGUSARAI,
Bihar,Begusarai,IMD110-P482,2009,,,,,,,,203.5,111.3,149.4,0.0,0.0,,,,,149.4,485,missing_months,BEGUSARAI,
Bihar,Begusarai,IMD110-P482,2010,0.0,0.0,0.0,15.6,72.8,0.0,0.0,140.1,0.0,41.8,0.0,0.0,270.3,0.0,88.4,140.1,41.8,485,,BEGUSARAI,
Bihar,Bhabua,IMD110-P486,1901,14.7,78.6,20.6,0.0,,0.0,111.0,307.8,272.0,0.0,,0.0,,93.3,,690.8,,486,missing_months,BHABUA,
Bihar,Bhabua,IMD110-P486,1902,24.3,0.0,0.0,,0.0,25.8,468.7,140.8,333.1,0.0,1.3,0.0,,24.3,,968.4,1.3,486,missing_months,BHABUA,
Bihar,Bhabua,IMD110-P486,1903,3.8,0.0,,19.1,0.0,58.7,39.2,278.0,267.1,205.6,0.0,0.0,,3.8,,643.0,205.6,486,missing_months,BHABUA,
Bihar,Bhabua,IMD110-P486,1904,3.3,0.0,14.3,0.0,15.8,148.8,412.4,192.3,111.5,65.4,0.0,1.8,965.6,3.3,30.1,865.0,67.3,486,,BHABUA,
Bihar,Bhabua,IMD110-P486,1905,26.1,15.2,9.8,1.0,22.4,2.5,286.3,383.0,531.8,4.6,0.0,0.0,1282.7,41.3,33.2,1203.7,4.6,486,,BHABUA,
Bihar,Bhabua,IMD110-P486,1906,7.4,68.2,4.2,0.0,0.6,155.7,248.6,160.3,179.8,8.9,0.0,0.0,833.7,75.6,4.8,744.3,8.9,486,,BHABUA,
Bihar,Bhabua,IMD110-P486,1907,18.6,118.3,10.1,3.8,6.7,152.4,185.6,465.8,18.8,0.0,0.0,0.0,980.1,137.0,20.6,822.5,0.0,486,,BHABUA,
Bihar,Bhabua,IMD110-P486,1908,7.0,50.5,2.5,0.0,2.0,11.3,128.8,248.4,94.7,38.1,0.0,0.0,583.3,57.5,4.6,483.1,38.1,486,,BHABUA,
Bihar,Bhabua,IMD110-P486,1909,6.2,6.6,0.0,51.7,0.0,377.8,221.5,129.5,160.1,0.0,0.0,6.9,960.3,12.8,51.7,888.8,6.9,486,,BHABUA,
Bihar,Bhabua,IMD110-P486,1910,2.7,0.0,0.3,0.3,4.2,79.0,132.6,460.4,258.9,45.2,58.0,0.0,1041.5,2.7,4.7,930.9,103.2,486,,BHABUA,
Bihar,Bhabua,IMD110-P486,1911,4.6,0.0,34.9,1.8,11.5,373.7,69.1,340.3,314.2,149.6,19.0,0.0,1318.7,4.6,48.2,1097.3,168.6,486,,BHABUA,
Bihar,Bhabua,IMD110-P486,1912,0.0,4.4,0.0,4.5,11.2,61.5,389.8,196.4,41.7,3.8,27.3,0.2,740.8,4.4,15.7,689.4,31.3,486,,BHABUA,
Bihar,Bhabua,IMD110-P486,1913,0.0,24.6,14.3,0.0,26.8,187.5,182.9,275.8,211.7,74.4,0.0,31.5,1029.3,24.6,41.1,857.8,105.9,486,,BHABUA,
Bihar,Bhabua,IMD110-P486,1914,0.7,6.7,10.7,1.2,69.9,17.7,347.6,301.3,37.2,3.8,0.0,0.0,796.7,7.4,81.8,703.8,3.8,486,,BHABUA,
Bihar,Bhabua,IMD110-P486,1915,21.2,42.3,7.9,0.7,4.6,41.8,227.2,247.0,188.0,37.9,25.6,0.5,844.6,63.5,13.1,704.0,64.1,486,,BHABUA,
Bihar,Bhabua,IMD110-P486,1916,0.0,20.3,0.0,1.1,5.1,181.0,328.8,234.5,144.7,137.3,0.0,0.0,1052.8,20.3,6.2,889.0,137.3,486,,BHABUA,
Bihar,Bhabua,IMD110-P486,1917,6.6,31.6,10.3,0.0,76.5,157.1,264.0,393.5,266.0,106.4,0.0,0.4,1312.4,38.3,86.8,1080.5,106.8,486,,BHABUA,
Bihar,Bhabua,IMD110-P486,1918,0.0,0.0,0.0,0.0,30.6,211.9,138.9,346.3,214.4,0.0,0.4,0.3,942.7,0.0,30.6,911.4,0.7,486,,BHABUA,
Bihar,Bhabua,IMD110-P486,1919,62.4,11.1,3.7,7.0,8.6,154.7,310.7,372.5,300.3,43.5,0.0,3.1,1277.4,73.5,19.2,1138.1,46.6,486,,BHABUA,
Bihar,Bhabua,IMD110-P486,1920,0.0,13.3,39.9,0.3,12.4,35.9,720.4,204.0,89.7,0.0,0.0,0.0,1115.9,13.3,52.6,1050.0,0.0,486,,BHABUA,
Bihar,Bhabua,IMD110-P486,1921,12.9,2.7,0.0,0.0,0.0,160.7,174.7,627.5,178.4,6.9,0.0,0.0,1163.9,15.6,0.0,1141.3,6.9,486,,BHABUA,
Bihar,Bhabua,IMD110-P486,1922,24.0,0.5,0.0,5.8,0.7,171.5,354.6,262.4,258.4,3.9,0.3,1.1,1083.3,24.5,6.5,1047.0,5.3,486,,BHABUA,
Bihar,Bhabua,IMD110-P486,1923,0.6,20.7,0.0,0.0,5.1,58.5,404.0,437.9,131.1,54.0,0.0,0.0,1112.0,21.4,5.1,1031.5,54.0,486,,BHABUA,
Bihar,Bhabua,IMD110-P486,1924,14.3,25.0,2.6,3.2,0.0,25.4,315.8,222.0,216.1,41.1,68.2,0.0,933.8,39.3,5.8,779.4,109.3,486,,BHABUA,
Bihar,Bhabua,IMD110-P486,1925,1.5,0.0,0.1,8.8,25.5,130.5,496.8,138.4,318.8,0.4,15.9,0.0,1136.8,1.5,34.5,1084.6,16.3,486,,BHABUA,
Bihar,Bhabua,IMD110-P486,1926,3.9,0.0,42.3,13.4,18.2,10.4,401.0,353.1,163.6,62.9,0.3,8.3,1077.2,3.9,73.8,928.1,71.4,486,,BHABUA,
Bihar,Bhabua,IMD110-P486,1927,31.2,28.2,50.0,0.5,20.0,21.3,379.4,378.9,350.5,40.8,81.4,0.3,1382.3,59.4,70.4,1130.0,122.5,486,,BHABUA,
Bihar,Bhabua,IMD110-P486,1928,44.9,44.8,0.1,19.9,2.6,208.0,295.7,199.7,52.6,192.1,0.0,29.0,1089.3,89.7,22.5,756.0,221.1,486,,BHABUA,
Bihar,Bhabua,IMD110-P486,1929,83.3,7.0,3.7,9.6,0.6,68.8,344.1,434.6,142.6,57.9,0.0,90.0,1242.1,90.3,13.9,990.0,147.9,486,,BHABUA,
Bihar,Bhabua,IMD110-P486,1930,17.8,4.5,0.8,19.4,9.9,84.9,510.5,423.9,322.3,11.3,5.2,5.0,1415.4,22.3,30.1,1341.5,21.5,486,,BHABUA,
Bihar,Bhabua,IMD110-P486,1931,0.6,43.1,0.9,0.0,1.3,54.8,238.5,224.8,166.3,45.1,0.2,0.5,776.1,43.7,2.2,684.4,45.8,486,,BHABUA,
Bihar,Bhabua,IMD110-P486,1932,0.0,20.1,5.1,3.3,4.9,95.2,262.2,205.6,125.0,43.7,15.9,5.9,786.8,20.1,13.2,688.0,65.5,486,,BHABUA,
Bihar,Bhabua,IMD110-P486,1933,27.6,15.7,1.1,37.7,29.3,111.2,151.3,654.0,113.8,12.3,0.0,2.3,1156.1,43.3,68.1,1030.2,14.5,486,,BHABUA,
Bihar,Bhabua,IMD110-P486,1934,21.8,0.0,6.4,3.9,0.0,56.8,411.2,327.8,261.5,25.5,16.0,0.9,1131.7,21.8,10.3,1057.3,42.4,487,,BHABUA,
Bihar,Bhabua,IMD110-P486,1935,49.1,20.0,1.1,3.1,0.8,38.9,444.0,568.3,98.7,0.0,0.0,0.4,1224.6,69.1,5.0,1150.0,0.4,487,,BHABUA,
Bihar,Bhabua,IMD110-P486,1936,17.6,23.4,6.9,5.8,10.9,125.1,453.5,507.3,508.6,110.2,6.9,13.3,1789.4,41.0,23.7,1594.4,130.4,487,,BHABUA,
Bihar,Bhabua,IMD110-P486,1937,0.0,81.3,3.7,7.4,17.6,67.5,315.4,580.5,114.8,105.4,0.0,0.0,1293.6,81.3,28.7,1078.2,105.4,487,,BHABUA,
Bihar,Bhabua,IMD110-P486,1938,42.8,15.4,0.0,2.2,16.4,228.3,318.0,355.2,272.3,11.0,0.0,0.0,1261.5,58.3,18.6,1173.7,11.0,487,,BHABUA,
Bihar,Bhabua,IMD110-P486,1939,27.7,51.7,22.9,0.0,0.0,104.8,297.5,382.5,312.4,41.4,0.0,0.0,1241.0,79.4,22.9,1097.3,41.4,487,,BHABUA,
Bihar,Bhabua,IMD110-P486,1940,9.4,15.2,63.3,9.3,3.0,51.5,374.7,546.0,120.8,10.4,0.0,43.3,1246.9,24.6,75.6,1093.1,53.7,487,,BHABUA,
Bihar,Bhabua,IMD110-P486,1941,16.3,1.0,0.3,0.1,30.3,164.9,176.7,505.9,185.4,36.1,0.0,0.0,1117.0,17.3,30.6,1033.0,36.1,487,,BHABUA,
Bihar,Bhabua,IMD110-P486,1942,37.3,71.6,11.2,3.7,5.7,113.5,291.2,401.8,212.8,0.3,0.0,5.7,1154.7,108.9,20.6,1019.3,5.9,487,,BHABUA,
Bihar,Bhabua,IMD110-P486,1943,51.8,20.0,0.0,2.9,11.2,32.1,227.0,383.5,263.4,28.1,0.0,0.0,1020.0,71.8,14.0,906.1,28.1,487,,BHABUA,
Bihar,Bhabua,IMD110-P486,1944,24.6,95.8,40.4,8.3,0.8,107.7,344.0,419.2,144.6,114.6,0.0,1.6,1301.6,120.4,49.5,1015.5,116.2,487,,BHABUA,
Bihar,Bhabua,IMD110-P486,1945,55.1,16.3,0.0,34.1,4.4,146.2,149.8,274.8,356.4,129.2,0.0,7.8,1174.0,71.4,38.6,927.2,136.9,487,,BHABUA,
Bihar,Bhabua,IMD110-P486,1946,0.0,20.7,0.2,14.9,2.1,152.9,432.3,330.0,458.0,161.9,21.4,0.0,1594.4,20.7,17.1,1373.3,183.3,487,,BHABUA,
Bihar,Bhabua,IMD110-P486,1947,17.2,16.3,14.6,0.0,6.4,53.7,443.5,269.2,223.4,32.2,0.0,0.0,1076.4,33.5,21.1,989.7,32.2,487,,BHABUA,
Bihar,Bhabua,IMD110-P486,1948,26.2,14.0,3.4,0.0,11.3,148.3,329.8,533.2,443.1,44.2,46.7,0.0,1600.2,40.2,14.7,1454.5,90.8,487,,BHABUA,
Bihar,Bhabua,IMD110-P486,1949,6.3,18.8,0.0,0.0,0.0,12.2,220.1,614.4,193.0,26.3,0.0,0.0,1091.0,25.1,0.0,1039.6,26.3,487,,BHABUA,
Bihar,Bhabua,IMD110-P486,1950,38.4,4.8,28.9,0.0,2.4,301.3,303.6,391.0,63.9,0.0,0.0,3.2,1137.6,43.3,31.3,1059.9,3.2,487,,BHABUA,
Bihar,Bhabua,IMD110-P486,1951,16.4,0.6,17.9,5.1,0.0,44.1,60.2,97.5,101.8,5.8,0.0,0.0,349.5,17.1,23.0,303.6,5.8,487,,BHABUA,
Bihar,Bhabua,IMD110-P486,1952,13.9,13.8,18.9,5.6,1.5,133.4,254.7,411.4,305.8,26.2,0.0,8.8,1194.1,27.7,26.0,1105.4,35.0,487,,BHABUA,
Bihar,Bhabua,IMD110-P486,1953,14.3,5.7,0.0,0.0,1.3,72.6,385.4,327.2,350.6,3.8,0.0,0.0,1160.8,20.0,1.3,1135.7,3.8,487,,BHABUA,
Bihar,Bhabua,IMD110-P486,1954,5.8,20.5,0.0,0.0,0.0,53.8,295.9,197.0,140.9,11.6,0.0,0.0,725.3,26.3,0.0,687.5,11.6,487,,BHABUA,
Bihar,Bhabua,IMD110-P486,1955,56.3,1.3,0.1,0.0,2.6,117.3,387.3,204.8,186.8,32.7,0.0,0.1,989.1,57.7,2.7,896.0,32.7,487,,BHABUA,
Bihar,Bhabua,IMD110-P486,1956,10.4,0.0,3.5,0.0,26.5,209.6,184.5,215.3,465.2,84.2,11.8,29.4,1240.2,10.4,29.9,1074.6,125.4,487,,BHABUA,
Bihar,Bhabua,IMD110-P486,1957,20.4,0.0,1.5,0.0,0.0,56.6,492.9,385.3,135.6,0.0,0.0,0.0,1092.2,20.4,1.5,1070.3,0.0,487,,BHABUA,
Bihar,Bhabua,IMD110-P486,1958,12.5,3.0,4.9,10.4,0.0,67.6,417.5,369.4,192.4,93.2,0.0,0.0,1171.0,15.6,15.3,1046.8,93.2,487,,BHABUA,
Bihar,Bhabua,IMD110-P486,1959,94.8,3.0,0.7,0.7,36.5,47.2,295.3,362.0,88.4,113.9,0.0,0.0,1042.4,97.8,37.9,792.9,113.9,487,,BHABUA,
Bihar,Bhabua,IMD110-P486,1960,0.0,0.0,18.8,0.0,0.0,111.0,1073.0,318.6,42.6,3.6,0.0,0.0,1567.6,0.0,18.8,1545.2,3.6,487,,BHABUA,
Bihar,Bhabua,IMD110-P486,1961,27.9,17.2,0.0,0.6,3.3,353.2,370.0,413.3,196.4,86.9,0.0,10.5,1479.4,45.2,3.9,1332.9,97.5,487,,BHABUA,
Bihar,Bhabua,IMD110-P486,1962,8.8,10.4,9.1,0.9,0.6,68.1,257.6,344.1,226.9,11.2,0.0,10.8,948.4,19.3,10.6,896.7,22.0,487,,BHABUA,
Bihar,Bhabua,IMD110-P486,1963,10.2,6.5,1.0,6.5,30.3,61.7,321.1,230.6,208.3,123.0,2.6,0.0,1001.8,16.7,37.8,821.8,125.6,487,,BHABUA,
Bihar,Bhabua,IMD110-P486,1964,9.5,12.2,0.0,0.8,40.8,244.8,324.3,183.7,128.2,106.5,7.8,0.0,1058.7,21.7,41.5,881.0,114.4,487,,BHABUA,
Bihar,Bhabua,IMD110-P486,1965,0.0,3.7,14.8,21.5,9.6,13.4,383.3,297.0,231.8,43.1,0.0,7.3,1025.5,3.7,45.9,925.5,50.4,487,,BHABUA,
Bihar,Bhabua,IMD110-P486,1966,23.0,6.0,1.5,0.5,0.0,124.4,140.3,266.9,46.6,2.8,27.7,3.0,642.6,29.0,2.0,578.2,33.4,487,,BHABUA,
Bihar,Bhabua,IMD110-P486,1967,0.0,0.0,8.4,10.0,16.5,13.6,199.1,262.5,125.8,0.0,0.2,3.7,639.8,0.0,35.0,601.0,3.8,487,,BHABUA,
Bihar,Bhabua,IMD110-P486,1968,49.6,0.9,0.0,0.0,1.4,105.9,274.7,243.1,52.6,49.2,0.0,1.0,778.3,50.5,1.4,676.3,50.2,488,,BHABUA,
Bihar,Bhabua,IMD110-P486,1969,8.0,5.0,0.0,7.5,30.4,47.0,188.7,261.1,162.4,0.0,,0.0,,13.0,37.9,659.2,,488,missing_months,BHABUA,
Bihar,Bhabua,IMD110-P486,1970,36.6,38.3,1.8,0.5,16.8,121.3,211.8,203.8,340.7,25.3,0.0,0.0,996.9,74.9,19.1,877.6,25.3,488,,BHABUA,
Bihar,Bhabua,IMD110-P486,1972,15.5,61.0,0.0,4.8,0.0,0.0,92.8,179.1,91.6,64.6,66.5,0.0,575.9,76.5,4.8,363.5,131.1,488,,BHABUA,
Bihar,Bhabua,IMD110-P486,1973,5.5,0.0,0.0,0.0,2.5,,,423.5,257.8,95.8,0.5,0.0,,5.5,2.5,,96.3,488,missing_months,BHABUA,
Bihar,Bhabua,IMD110-P486,1974,0.0,1.3,1.0,0.0,4.9,92.7,190.9,136.9,,6.5,0.7,0.5,,1.3,5.8,,7.7,488,missing_months,BHABUA,
Bihar,Bhabua,IMD110-P486,1975,2.3,3.7,31.2,0.0,8.9,143.8,283.2,175.5,193.7,47.8,0.0,0.0,890.1,6.0,40.2,796.2,47.8,488,,BHABUA,
Bihar,Bhabua,IMD110-P486,1976,4.3,6.1,7.7,7.4,20.4,89.4,234.2,228.9,618.6,2.9,0.0,0.0,1219.9,10.5,35.5,1171.0,2.9,488,,BHABUA,
Bihar,Bhabua,IMD110-P486,1977,17.9,0.2,1.5,3.1,8.7,70.5,493.8,186.6,286.8,123.7,0.0,23.7,1216.4,18.1,13.3,1037.7,147.4,488,,BHABUA,
Bihar,Bhabua,IMD110-P486,1978,32.1,71.6,33.5,6.5,7.1,376.2,301.2,377.8,366.3,44.2,3.9,10.1,1630.4,103.7,47.0,1421.5,58.2,488,,BHABUA,
Bihar,Bhabua,IMD110-P486,1979,45.8,33.4,2.0,4.7,4.9,55.4,364.1,145.1,74.7,6.6,40.7,1.3,778.7,79.1,11.6,639.4,48.6,488,,BHABUA,
Bihar,Bhabua,IMD110-P486,1980,6.5,4.7,0.0,0.0,0.0,127.9,382.8,318.3,159.9,56.8,0.0,5.8,1062.7,11.2,0.0,988.8,62.6,488,,BHABUA,
Bihar,Bhabua,IMD110-P486,1981,209.8,0.0,0.4,0.0,12.8,41.8,455.9,443.0,180.0,0.0,20.0,0.0,1363.8,209.8,13.2,1120.8,20.0,488,,BHABUA,
Bihar,Bhabua,IMD110-P486,1982,20.2,25.7,67.1,8.0,82.8,67.7,171.6,281.0,118.8,3.4,40.4,0.7,887.4,45.9,157.9,639.1,44.5,488,,BHABUA,
Bihar,Bhabua,IMD110-P486,1983,5.6,54.7,0.0,56.2,15.8,73.5,297.0,86.1,234.6,82.2,0.0,5.9,911.7,60.3,72.0,691.2,88.1,488,,BHABUA,
Bihar,Bhabua,IMD110-P486,1984,19.9,63.8,0.0,2.3,0.0,163.5,348.5,211.7,162.0,25.1,0.0,0.0,996.7,83.8,2.3,885.6,25.1,488,,BHABUA,
Bihar,Bhabua,IMD110-P486,1985,7.4,0.0,0.0,0.0,4.1,64.2,322.7,265.3,169.7,168.4,0.0,0.0,1001.9,7.4,4.1,821.9,168.4,488,,BHABUA,
Bihar,Bhabua,IMD110-P486,1986,2.6,17.6,0.0,5.9,78.5,118.8,450.6,292.7,183.2,15.0,0.0,4.1,1169.0,20.2,84.4,1045.3,19.2,488,,BHABUA,
Bihar,Bhabua,IMD110-P486,1987,0.0,0.0,0.0,2.8,11.0,16.9,333.6,340.8,638.8,39.3,0.0,9.4,1392.4,0.0,13.8,1330.0,48.7,488,,BHABUA,
Bihar,Bhabua,IMD110-P486,1988,6.7,6.4,82.7,15.9,0.0,251.9,252.8,219.4,50.7,3.8,0.0,2.7,893.0,13.0,98.6,774.8,6.5,488,,BHABUA,
Bihar,Bhabua,IMD110-P486,1989,3.9,0.0,3.4,0.0,6.2,11.4,307.4,249.4,291.3,4.2,0.7,45.7,923.6,3.9,9.6,859.5,50.6,488,,BHABUA,
Bihar,Bhabua,IMD110-P486,1990,0.0,57.0,0.0,7.0,31.5,,479.5,183.1,73.4,49.3,0.0,0.0,,57.0,38.5,,49.3,488,missing_months,BHABUA,
Bihar,Bhabua,IMD110-P486,1991,10.0,6.9,2.8,2.2,10.9,108.6,137.8,429.3,301.7,0.0,0.0,18.4,1028.6,16.9,16.0,977.3,18.4,488,,BHABUA,
Bihar,Bhabua,IMD110-P486,1992,0.0,4.7,0.0,0.0,19.5,33.4,189.2,319.0,73.0,28.6,0.0,0.0,667.3,4.7,19.5,614.6,28.6,488,,BHABUA,
Bihar,Bhabua,IMD110-P486,1993,1.1,4.3,22.4,0.5,23.1,177.4,125.8,189.2,433.4,15.8,0.0,0.0,992.9,5.4,45.9,925.8,15.8,488,,BHABUA,
Bihar,Bhabua,IMD110-P486,1994,25.4,18.9,0.0,3.8,9.8,221.5,225.1,301.7,287.5,19.1,0.0,0.0,1112.8,44.3,13.5,1035.9,19.1,488,,BHABUA,
Bihar,Bhabua,IMD110-P486,1995,7.9,7.6,1.5,0.0,0.0,55.5,139.9,269.8,295.0,0.0,32.3,28.1,837.7,15.5,1.5,760.2,60.5,488,,BHABUA,
Bihar,Bhabua,IMD110-P486,1996,24.2,33.1,0.0,0.0,0.0,118.3,171.0,364.4,138.4,40.3,0.0,0.0,889.8,57.3,0.0,792.2,40.3,488,,BHABUA,
Bihar,Bhabua,IMD110-P486,1997,13.3,0.0,0.9,7.0,16.2,106.2,340.4,365.0,173.6,80.4,23.7,27.0,1153.7,13.3,24.2,985.2,131.1,488,,BHABUA,
Bihar,Bhabua,IMD110-P486,1998,1.4,0.0,6.9,0.0,22.0,138.9,357.1,342.3,155.5,41.5,30.8,0.0,1096.4,1.4,28.9,993.8,72.2,488,,BHABUA,
Bihar,Bhabua,IMD110-P486,1999,0.3,0.0,0.0,0.0,14.6,194.3,399.9,96.0,213.7,25.2,0.0,0.0,944.0,0.3,14.6,903.8,25.2,488,,BHABUA,
Bihar,Bhabua,IMD110-P486,2000,0.0,0.2,0.0,3.2,18.7,89.7,192.1,109.6,360.7,15.3,0.0,0.0,789.4,0.2,21.9,752.1,15.3,488,,BHABUA,
Bihar,Bhabua,IMD110-P486,2001,1.3,0.5,0.0,0.0,14.2,276.6,292.4,232.6,106.5,135.1,0.0,0.0,1059.2,1.8,14.2,908.1,135.1,488,,BHABUA,
Bihar,Bhabua,IMD110-P486,2002,4.5,53.5,0.8,0.0,44.1,51.6,234.8,328.5,234.4,60.6,0.0,5.1,1017.9,58.0,44.9,849.3,65.7,488,,BHABUA,
Bihar,Bhabua,IMD110-P486,2003,10.4,65.6,0.0,26.4,0.0,83.8,318.2,1027.2,323.8,86.2,0.0,0.2,1941.8,76.0,26.4,1753.1,86.3,489,,BHABUA,
Bihar,Bhabua,IMD110-P486,2004,52.7,0.3,0.0,3.5,5.3,172.8,172.6,305.1,91.4,0.0,0.0,0.0,803.8,53.0,8.8,741.9,0.0,489,,BHABUA,
Bihar,Bhabua,IMD110-P486,2005,33.0,32.6,5.5,0.0,0.0,37.2,308.2,300.7,118.5,0.0,0.0,0.0,835.8,65.6,5.5,764.7,0.0,489,,BHABUA,
Bihar,Bhabua,IMD110-P486,2006,3.3,0.0,1.4,21.0,82.2,217.8,264.4,340.6,209.7,0.0,0.0,0.0,1140.5,3.3,104.6,1032.5,0.0,489,,BHABUA,
Bihar,Bhabua,IMD110-P486,2007,,,,,,,383.9,261.3,190.2,15.6,0.0,0.0,,,,,15.6,489,missing_months,BHABUA,
Bihar,Bhabua,IMD110-P486,2008,5.7,6.6,0.0,0.0,1.9,306.6,402.8,190.7,45.1,0.0,0.0,0.0,959.3,12.2,1.9,945.2,0.0,489,,BHABUA,
Bihar,Bhabua,IMD110-P486,2009,0.0,0.0,0.0,0.0,0.7,7.6,230.3,129.5,125.1,13.8,24.3,0.0,531.3,0.0,0.7,492.5,38.1,489,,BHABUA,
Bihar,Bhabua,IMD110-P486,2010,0.0,6.4,0.0,0.0,32.9,15.1,238.6,231.1,124.8,12.0,0.0,0.0,660.7,6.4,32.9,609.5,12.0,489,,BHABUA,
Bihar,Bhagalpur,IMD110-P490,1901,39.4,4.3,10.3,4.7,,89.8,226.9,160.4,179.3,0.0,25.4,0.0,,43.8,,656.4,25.4,490,missing_months,BHAGALPUR,
Bihar,Bhagalpur,IMD110-P490,1902,0.0,0.0,,47.0,71.1,136.0,421.4,,329.4,51.1,0.0,0.0,,0.0,,,51.1,490,missing_months,BHAGALPUR,
Bihar,Bhagalpur,IMD110-P490,1903,5.9,2.8,3.2,0.6,28.6,161.9,77.7,226.8,223.8,134.7,0.0,0.0,866.0,8.7,32.4,690.2,134.7,490,,BHAGALPUR,
Bihar,Bhagalpur,IMD110-P490,1904,5.1,2.5,0.0,6.9,195.9,125.4,354.4,244.5,137.4,62.7,22.9,0.0,1157.7,7.6,202.8,861.7,85.6,490,,BHAGALPUR,
Bihar,Bhagalpur,IMD110-P490,1905,20.9,40.9,33.3,28.0,186.9,41.4,502.3,408.5,450.1,0.0,0.0,3.3,1715.6,61.8,248.2,1402.3,3.3,490,,BHAGALPUR,
Bihar,Bhagalpur,IMD110-P490,1906,34.4,68.8,18.1,1.9,87.0,213.0,279.1,218.9,119.4,93.7,0.0,0.0,1134.4,103.3,107.0,830.5,93.7,490,,BHAGALPUR,
Bihar,Bhagalpur,IMD110-P490,1907,0.0,36.4,57.5,24.8,53.9,295.4,257.3,153.5,345.6,0.0,0.0,0.0,1224.4,36.4,136.1,1051.8,0.0,490,,BHAGALPUR,
Bihar,Bhagalpur,IMD110-P490,1908,6.8,46.7,2.4,0.0,48.4,116.6,126.8,69.4,94.7,25.5,0.0,0.0,537.3,53.5,50.8,407.5,25.5,490,,BHAGALPUR,
Bihar,Bhagalpur,IMD110-P490,1909,0.0,7.5,0.0,50.9,55.1,465.2,156.4,353.8,167.0,35.3,0.0,0.0,1291.1,7.5,106.1,1142.3,35.3,490,,BHAGALPUR,
Bihar,Bhagalpur,IMD110-P490,1910,0.0,29.7,6.3,16.1,54.5,223.9,328.3,308.7,314.9,20.6,34.7,0.0,1337.6,29.7,76.8,1175.8,55.3,490,,BHAGALPUR,
Bihar,Bhagalpur,IMD110-P490,1911,0.8,0.0,19.8,22.1,54.3,482.2,242.9,357.3,301.6,122.1,3.2,0.0,1606.2,0.8,96.1,1384.1,125.3,490,,BHAGALPUR,
Bihar,Bhagalpur,IMD110-P490,1912,3.3,2.7,29.0,35.7,59.2,228.5,387.5,288.5,29.4,11.4,140.9,0.0,1215.9,6.0,123.8,933.8,152.3,490,,BHAGALPUR,
Bihar,Bhagalpur,IMD110-P490,1913,0.0,30.9,12.7,4.1,150.1,441.5,193.9,258.2,223.1,75.3,0.3,44.9,1434.9,30.9,166.9,1116.7,120.4,490,,BHAGALPUR,
Bihar,Bhagalpur,IMD110-P490,1914,0.0,16.6,4.9,45.7,139.2,122.1,380.3,379.9,91.2,33.5,0.0,0.9,1214.3,16.6,189.8,973.4,34.5,490,,BHAGALPUR,
Bihar,Bhagalpur,IMD110-P490,1915,8.1,59.8,29.3,0.2,214.6,113.3,378.6,312.0,194.8,41.5,64.8,0.0,1416.9,67.9,244.0,998.6,106.3,490,,BHAGALPUR,
Bihar,Bhagalpur,IMD110-P490,1916,0.0,7.6,0.0,34.2,4.8,333.8,218.9,347.4,403.9,240.6,0.0,0.0,1591.3,7.6,39.0,1303.9,240.6,490,,BHAGALPUR,
Bihar,Bhagalpur,IMD110-P490,1917,1.0,11.8,9.8,2.2,82.9,268.5,301.5,149.2,203.0,182.8,0.0,0.0,1212.5,12.8,94.8,922.1,182.8,490,,BHAGALPUR,
Bihar,Bhagalpur,IMD110-P490,1918,2.9,0.2,0.6,34.9,94.3,350.4,184.4,730.8,183.0,0.3,0.0,0.0,1581.7,3.1,129.8,1448.6,0.3,490,,BHAGALPUR,
Bihar,Bhagalpur,IMD110-P490,1919,23.3,18.0,0.0,16.1,39.0,267.3,417.4,217.5,320.3,18.4,0.0,0.0,1337.1,41.3,55.0,1222.4,18.4,490,,BHAGALPUR,
Bihar,Bhagalpur,IMD110-P490,1920,0.0,20.1,63.4,0.0,47.8,121.7,274.7,234.3,486.8,8.6,0.0,0.0,1257.3,20.1,111.3,1117.4,8.6,490,,BHAGALPUR,
Bihar,Bhagalpur,IMD110-P490,1921,48.0,0.2,22.4,6.3,31.8,225.5,234.5,386.7,210.5,75.8,0.0,0.0,1241.7,48.2,60.4,1057.2,75.8,490,,BHAGALPUR,
Bihar,Bhagalpur,IMD110-P490,1922,0.6,8.6,0.0,12.5,26.8,506.0,399.0,429.2,334.8,13.6,0.0,2.3,1733.5,9.3,39.3,1669.0,15.9,490,,BHAGALPUR,
Bihar,Bhagalpur,IMD110-P490,1923,0.0,28.5,4.7,0.0,18.3,64.3,155.3,142.8,49.0,7.9,0.3,1.0,472.0,28.5,22.9,411.4,9.2,490,,BHAGALPUR,
Bihar,Bhagalpur,IMD110-P490,1924,1.6,13.5,0.0,8.0,26.5,198.9,391.7,239.5,369.1,58.6,68.1,0.0,1375.5,15.1,34.5,1199.2,126.7,490,,BHAGALPUR,
Bihar,Bhagalpur,IMD110-P490,1925,14.5,1.2,25.3,101.1,62.1,79.7,259.6,337.4,296.2,23.7,0.0,0.0,1200.9,15.7,188.5,973.0,23.7,490,,BHAGALPUR,
Bihar,Bhagalpur,IMD110-P490,1926,10.1,0.0,12.5,9.2,65.8,89.6,373.2,232.3,177.4,39.3,0.0,13.3,1022.7,10.1,87.5,872.4,52.6,490,,BHAGALPUR,
Bihar,Bhagalpur,IMD110-P490,1927,26.4,54.3,26.2,0.0,36.4,203.3,206.4,149.1,67.3,7.3,2.5,0.0,779.3,80.8,62.7,626.2,9.8,490,,BHAGALPUR,
Bihar,Bhagalpur,IMD110-P490,1928,58.3,9.9,0.0,34.4,61.6,242.8,358.4,309.8,51.4,134.9,0.0,0.0,1261.5,68.2,96.1,962.4,134.9,490,,BHAGALPUR,
Bihar,Bhagalpur,IMD110-P490,1929,63.1,0.4,4.7,29.7,41.4,183.5,225.0,210.8,108.4,430.5,0.0,13.5,1310.9,63.4,75.8,727.7,444.0,490,,BHAGALPUR,
Bihar,Bhagalpur,IMD110-P490,1930,7.7,5.8,3.0,1.9,11.5,166.5,274.2,188.6,172.1,22.0,39.5,0.8,893.6,13.5,16.4,801.3,62.3,490,,BHAGALPUR,
Bihar,Bhagalpur,IMD110-P490,1931,0.0,22.4,16.9,1.9,16.7,62.5,330.3,224.0,207.8,37.4,2.7,2.1,924.6,22.4,35.5,824.6,42.1,490,,BHAGALPUR,
Bihar,Bhagalpur,IMD110-P490,1932,0.0,13.9,0.0,24.9,19.0,100.7,154.6,322.6,70.8,69.0,82.6,0.4,858.6,13.9,43.9,648.8,152.1,490,,BHAGALPUR,
Bihar,Bhagalpur,IMD110-P490,1933,21.3,4.4,1.5,63.9,123.0,165.9,297.5,379.4,164.0,40.5,0.0,0.0,1261.5,25.7,188.5,1006.8,40.5,490,,BHAGALPUR,
Bihar,Bhagalpur,IMD110-P490,1934,27.2,6.5,0.0,0.6,32.5,100.3,277.4,209.5,218.2,81.1,0.0,0.0,953.3,33.7,33.0,805.5,81.1,491,,BHAGALPUR,
Bihar,Bhagalpur,IMD110-P490,1935,9.8,15.2,0.0,0.0,19.9,57.2,154.4,517.7,214.2,1.6,0.0,0.0,990.1,25.0,19.9,943.5,1.6,491,,BHAGALPUR,
Bihar,Bhagalpur,IMD110-P490,1936,5.3,0.0,7.7,8.2,90.8,156.9,441.5,137.8,416.8,184.0,0.0,7.3,1456.2,5.3,106.6,1153.0,191.2,491,,BHAGALPUR,
Bihar,Bhagalpur,IMD110-P490,1937,0.0,72.1,0.0,0.2,120.3,78.4,139.0,356.1,182.8,171.0,0.0,0.0,1120.0,72.1,120.5,756.4,171.0,491,,BHAGALPUR,
Bihar,Bhagalpur,IMD110-P490,1938,0.0,18.9,0.0,0.0,184.6,322.6,274.0,255.3,170.9,46.3,1.7,0.0,1274.2,18.9,184.6,1022.8,48.0,491,,BHAGALPUR,
Bihar,Bhagalpur,IMD110-P490,1939,0.0,54.4,15.3,10.6,11.9,173.9,406.0,224.8,229.8,80.8,0.0,0.0,1207.7,54.4,37.9,1034.5,80.8,491,,BHAGALPUR,
Bihar,Bhagalpur,IMD110-P490,1940,0.0,50.7,99.0,1.2,33.8,73.5,178.8,276.1,196.7,1.9,0.0,15.3,927.2,50.7,134.1,725.1,17.2,491,,BHAGALPUR,
Bihar,Bhagalpur,IMD110-P490,1941,11.0,0.5,4.2,0.7,34.2,146.6,241.4,386.5,147.8,139.9,0.0,0.0,1112.9,11.5,39.1,922.4,139.9,491,,BHAGALPUR,
Bihar,Bhagalpur,IMD110-P490,1942,6.0,53.7,27.2,33.2,23.6,134.7,154.4,208.5,377.2,7.8,0.0,0.0,1026.3,59.7,84.0,874.8,7.8,491,,BHAGALPUR,
Bihar,Bhagalpur,IMD110-P490,1943,35.7,8.3,0.0,68.0,24.8,120.3,206.9,217.4,179.2,15.6,0.0,0.0,876.2,44.0,92.8,723.8,15.6,491,,BHAGALPUR,
Bihar,Bhagalpur,IMD110-P490,1944,25.2,9.6,12.3,30.7,27.0,199.7,257.7,353.0,127.7,3.5,0.0,0.0,1046.4,34.8,69.9,938.1,3.5,491,,BHAGALPUR,
Bihar,Bhagalpur,IMD110-P490,1945,21.3,53.7,1.4,50.6,42.9,134.8,213.3,213.8,289.9,129.9,0.0,0.8,1152.4,75.0,94.9,851.7,130.8,491,,BHAGALPUR,
Bihar,Bhagalpur,IMD110-P490,1946,0.0,12.7,0.2,73.8,63.5,134.0,321.2,330.5,185.1,215.2,18.0,0.0,1354.3,12.7,137.5,970.8,233.2,491,,BHAGALPUR,
Bihar,Bhagalpur,IMD110-P490,1947,0.6,2.7,1.6,6.3,23.1,135.3,444.2,170.5,185.3,61.3,0.0,0.0,1030.7,3.2,30.9,935.3,61.3,491,,BHAGALPUR,
Bihar,Bhagalpur,IMD110-P490,1948,6.1,5.6,0.6,0.1,30.5,84.9,334.9,190.7,198.2,47.9,34.9,0.0,934.4,11.6,31.2,808.8,82.8,491,,BHAGALPUR,
Bihar,Bhagalpur,IMD110-P490,1949,12.4,24.1,12.5,46.0,120.0,220.0,290.0,279.8,221.5,69.1,0.0,0.0,1295.3,36.5,178.5,1011.3,69.1,491,,BHAGALPUR,
Bihar,Bhagalpur,IMD110-P490,1950,1.6,32.7,7.6,0.0,73.2,558.7,247.9,295.9,72.4,2.4,0.0,1.0,1293.4,34.3,80.8,1174.9,3.4,491,,BHAGALPUR,
Bihar,Bhagalpur,IMD110-P490,1951,2.1,0.8,1.0,22.9,38.8,139.5,303.6,161.9,123.2,30.7,4.1,0.0,828.7,3.0,62.7,728.2,34.8,491,,BHAGALPUR,
Bihar,Bhagalpur,IMD110-P490,1952,0.0,3.8,12.1,36.0,78.0,422.7,160.8,243.2,235.7,13.0,5.1,0.0,1210.5,3.8,126.1,1062.4,18.1,491,,BHAGALPUR,
Bihar,Bhagalpur,IMD110-P490,1953,29.4,2.7,0.4,13.2,56.2,195.2,368.4,228.4,326.2,21.1,5.1,2.1,1248.5,32.0,69.9,1118.3,28.3,491,,BHAGALPUR,
Bihar,Bhagalpur,IMD110-P490,1954,21.1,2.1,0.1,0.2,21.6,348.9,402.4,342.9,157.3,32.0,0.0,5.0,1333.4,23.2,21.8,1251.4,37.0,491,,BHAGALPUR,
Bihar,Bhagalpur,IMD110-P490,1955,22.5,9.0,1.6,6.8,63.8,137.3,515.3,266.8,106.1,25.0,0.9,0.0,1155.1,31.5,72.1,1025.6,25.9,491,,BHAGALPUR,
Bihar,Bhagalpur,IMD110-P490,1956,23.2,2.8,3.8,0.0,62.1,342.7,242.9,249.0,355.1,266.6,45.2,4.3,1597.8,26.0,65.9,1189.8,316.1,491,,BHAGALPUR,
Bihar,Bhagalpur,IMD110-P490,1957,123.9,5.3,9.0,0.1,0.1,197.2,258.2,248.9,162.2,2.1,0.0,0.7,1007.6,129.2,9.2,866.4,2.8,491,,BHAGALPUR,
Bihar,Bhagalpur,IMD110-P490,1958,0.7,0.7,8.1,12.7,8.2,101.3,271.6,390.6,253.7,111.3,0.0,0.0,1158.9,1.4,29.0,1017.2,111.3,491,,BHAGALPUR,
Bihar,Bhagalpur,IMD110-P490,1959,101.6,0.3,7.1,17.1,98.2,155.9,200.2,280.7,190.5,380.6,0.0,0.0,1432.1,101.9,122.3,827.4,380.6,491,,BHAGALPUR,
Bihar,Bhagalpur,IMD110-P490,1960,0.0,0.0,21.7,0.0,127.3,104.5,295.7,306.3,562.4,91.3,3.2,0.0,1512.3,0.0,148.9,1268.8,94.5,491,,BHAGALPUR,
Bihar,Bhagalpur,IMD110-P490,1961,6.9,32.7,0.0,1.1,40.9,169.6,113.9,289.2,177.6,248.3,0.0,5.9,1086.0,39.6,42.0,750.3,254.1,491,,BHAGALPUR,
Bihar,Bhagalpur,IMD110-P490,1962,4.3,2.9,8.8,17.3,29.9,168.2,234.5,245.0,249.0,40.4,0.0,0.2,1000.5,7.2,56.0,896.7,40.7,491,,BHAGALPUR,
Bihar,Bhagalpur,IMD110-P490,1963,0.4,0.0,13.7,16.2,122.0,231.3,292.6,172.8,230.1,202.2,2.6,0.0,1283.9,0.4,151.9,926.8,204.7,491,,BHAGALPUR,
Bihar,Bhagalpur,IMD110-P490,1964,2.5,2.7,0.0,29.1,56.1,142.0,365.0,140.1,340.3,62.6,1.5,0.0,1141.9,5.2,85.2,987.4,64.1,491,,BHAGALPUR,
Bihar,Bhagalpur,IMD110-P490,1965,0.0,3.4,14.6,1.5,5.7,52.2,342.4,303.7,367.5,6.5,0.0,0.0,1097.5,3.5,21.7,1065.8,6.5,491,,BHAGALPUR,
Bihar,Bhagalpur,IMD110-P490,1966,11.3,0.0,0.0,0.0,47.9,64.9,104.9,296.6,90.6,25.6,2.6,0.0,644.5,11.3,47.9,557.0,28.3,491,,BHAGALPUR,
Bihar,Bhagalpur,IMD110-P490,1967,0.0,0.0,47.1,43.0,45.1,46.8,155.0,232.7,322.7,34.2,0.0,7.3,934.0,0.0,135.3,757.2,41.6,491,,BHAGALPUR,
Bihar,Bhagalpur,IMD110-P490,1968,22.9,0.9,3.0,0.0,12.5,403.8,263.1,300.7,68.0,139.6,0.0,2.9,1217.4,23.8,15.5,1035.7,142.5,492,,BHAGALPUR,
Bihar,Bhagalpur,IMD110-P490,1969,3.1,4.6,4.1,39.5,88.3,150.8,404.1,321.8,241.9,5.5,15.9,0.0,1279.5,7.6,131.9,1118.5,21.4,492,,BHAGALPUR,
Bihar,Bhagalpur,IMD110-P490,1970,36.0,3.3,7.8,31.9,52.0,223.9,292.1,214.8,202.0,41.5,0.0,0.0,1105.3,39.3,91.8,932.8,41.5,492,,BHAGALPUR,
Bihar,Bhagalpur,IMD110-P490,1971,35.2,26.1,0.0,234.5,175.4,266.3,355.0,426.0,97.4,201.1,9.3,0.0,1826.3,61.3,409.9,1144.8,210.4,492,,BHAGALPUR,
Bihar,Bhagalpur,IMD110-P490,1972,23.0,42.4,0.0,1.0,26.9,,47.7,,228.5,27.9,,0.0,,65.4,27.9,,,492,missing_months,BHAGALPUR,
Bihar,Bhagalpur,IMD110-P490,1973,25.2,10.4,15.5,2.0,113.7,307.3,403.6,173.3,232.1,227.5,9.1,0.0,1519.8,35.7,131.3,1116.3,236.6,492,,BHAGALPUR,
Bihar,Bhagalpur,IMD110-P490,1974,2.5,0.1,47.2,5.1,42.9,107.3,423.5,341.7,265.6,24.9,1.9,5.5,1268.1,2.5,95.2,1138.1,32.3,492,,BHAGALPUR,
Bihar,Bhagalpur,IMD110-P490,1975,7.5,6.0,1.8,1.5,18.6,125.6,309.1,135.4,152.5,34.9,0.0,0.0,792.8,13.5,21.9,722.6,34.9,492,,BHAGALPUR,
Bihar,Bhagalpur,IMD110-P490,1976,0.4,12.1,0.0,0.0,91.6,120.7,149.8,312.4,288.4,35.4,0.0,5.8,1016.4,12.4,91.6,871.3,41.1,492,,BHAGALPUR,
Bihar,Bhagalpur,IMD110-P490,1977,2.8,4.8,0.2,15.7,88.8,110.7,394.2,223.4,74.4,149.7,0.0,39.0,1103.8,7.7,104.7,802.7,188.8,492,,BHAGALPUR,
Bihar,Bhagalpur,IMD110-P490,1978,3.1,18.8,19.0,31.3,65.4,106.9,247.7,177.2,265.8,175.5,14.3,5.0,1129.9,21.9,115.7,797.6,194.8,492,,BHAGALPUR,
Bihar,Bhagalpur,IMD110-P490,1979,24.5,30.3,8.5,49.1,10.8,63.8,331.9,250.3,168.9,27.2,5.3,13.9,984.4,54.8,68.5,814.8,46.3,492,,BHAGALPUR,
Bihar,Bhagalpur,IMD110-P490,1980,4.4,3.2,9.0,0.4,56.8,175.4,288.8,259.8,206.9,59.5,0.0,1.0,1065.2,7.6,66.3,930.9,60.5,492,,BHAGALPUR,
Bihar,Bhagalpur,IMD110-P490,1981,55.4,4.7,11.2,98.6,115.2,43.2,414.6,241.6,86.5,0.3,11.4,49.0,1131.8,60.1,225.0,786.0,60.7,492,,BHAGALPUR,
Bihar,Bhagalpur,IMD110-P490,1982,0.0,9.0,29.4,5.2,5.4,335.0,181.5,272.5,83.8,47.6,21.8,0.2,991.4,9.0,40.0,872.8,69.7,492,,BHAGALPUR,
Bihar,Bhagalpur,IMD110-P490,1983,11.0,0.2,15.9,15.4,90.5,121.3,222.3,73.9,360.2,58.3,0.0,7.0,976.0,11.2,121.9,777.7,65.3,492,,BHAGALPUR,
Bihar,Bhagalpur,IMD110-P490,1984,41.9,34.5,1.5,0.0,26.8,622.5,317.7,213.8,86.9,25.1,4.1,1.8,1376.6,76.4,28.3,1240.9,31.0,492,,BHAGALPUR,
Bihar,Bhagalpur,IMD110-P490,1985,3.5,0.3,4.5,39.7,44.0,136.4,387.0,123.6,215.6,229.8,0.0,2.8,1187.2,3.8,88.2,862.6,232.6,492,,BHAGALPUR,
Bihar,Bhagalpur,IMD110-P490,1986,0.3,12.2,0.0,13.5,172.5,133.3,335.1,167.5,259.7,326.1,0.0,8.5,1428.7,12.4,186.1,895.6,334.6,492,,BHAGALPUR,
Bihar,Bhagalpur,IMD110-P490,1987,1.8,8.4,5.8,55.7,56.8,331.4,529.4,835.7,225.6,59.0,3.9,0.9,2114.4,10.2,118.3,1922.1,63.8,492,,BHAGALPUR,
Bihar,Bhagalpur,IMD110-P490,1988,1.1,7.8,28.4,57.8,55.2,188.5,415.3,369.6,96.4,77.3,3.1,4.0,1304.5,8.9,141.3,1069.8,84.5,492,,BHAGALPUR,
Bihar,Bhagalpur,IMD110-P490,1989,19.2,6.7,4.1,0.0,97.4,180.2,415.3,153.1,332.7,48.2,0.0,9.6,1266.5,26.0,101.5,1081.3,57.8,492,,BHAGALPUR,
Bihar,Bhagalpur,IMD110-P490,1990,0.0,37.6,17.7,6.4,108.5,149.4,462.9,160.9,135.0,89.2,0.0,0.0,1167.5,37.6,132.5,908.2,89.2,492,,BHAGALPUR,
Bihar,Bhagalpur,IMD110-P490,1991,12.0,7.0,12.5,18.9,56.8,193.4,253.4,272.1,454.1,8.8,0.0,51.2,1340.1,18.9,88.2,1173.0,60.0,492,,BHAGALPUR,
Bihar,Bhagalpur,IMD110-P490,1992,12.2,9.0,0.4,9.0,67.3,142.9,360.9,193.0,123.4,17.7,0.2,0.0,935.9,21.1,76.8,820.2,17.9,492,,BHAGALPUR,
Bihar,Bhagalpur,IMD110-P490,1993,35.8,0.6,30.1,40.5,36.5,183.8,294.0,345.0,198.2,87.1,46.4,0.0,1298.0,36.4,107.2,1021.0,133.5,492,,BHAGALPUR,
Bihar,Bhagalpur,IMD110-P490,1994,25.2,15.2,0.0,1.3,26.7,171.0,188.1,277.6,66.2,70.4,0.0,0.0,841.5,40.3,28.0,702.8,70.4,492,,BHAGALPUR,
Bihar,Bhagalpur,IMD110-P490,1995,3.3,7.0,0.1,0.2,6.9,125.1,228.1,436.6,568.7,20.8,80.5,27.1,1504.4,10.3,7.2,1358.5,128.4,492,,BHAGALPUR,
Bihar,Bhagalpur,IMD110-P490,1996,27.0,6.1,0.3,11.0,28.5,204.4,205.8,323.0,211.6,33.2,0.0,0.0,1050.9,33.2,39.8,944.8,33.2,492,,BHAGALPUR,
Bihar,Bhagalpur,IMD110-P490,1997,18.0,0.3,0.7,49.7,34.2,168.0,427.1,244.7,152.5,13.7,9.3,27.2,1145.4,18.3,84.6,992.3,50.2,492,,BHAGALPUR,
Bihar,Bhagalpur,IMD110-P490,1998,2.6,18.6,62.1,25.9,78.7,100.9,440.6,335.5,378.2,135.5,22.9,0.0,1601.6,21.1,166.8,1255.2,158.5,492,,BHAGALPUR,
Bihar,Bhagalpur,IMD110-P490,1999,0.0,0.0,0.0,4.4,183.1,348.3,426.7,339.9,343.3,305.5,5.7,0.0,1957.1,0.0,187.5,1458.3,311.2,492,,BHAGALPUR,
Bihar,Bhagalpur,IMD110-P490,2000,2.4,30.8,15.0,73.1,101.8,219.1,218.3,147.9,429.4,11.7,0.0,0.0,1249.7,33.3,189.9,1014.7,11.7,492,,BHAGALPUR,
Bihar,Bhagalpur,IMD110-P490,2001,6.9,0.1,0.1,2.2,192.7,236.0,140.0,165.1,245.0,0.0,0.0,0.0,988.1,6.9,195.0,786.1,0.0,492,,BHAGALPUR,
Bihar,Bhagalpur,IMD110-P490,2002,13.4,7.4,9.4,70.9,100.3,103.2,227.5,362.2,243.6,22.2,0.4,0.0,1160.7,20.9,180.7,936.5,22.6,493,,BHAGALPUR,
Bihar,Bhagalpur,IMD110-P490,2003,4.7,90.9,9.1,10.7,105.2,163.7,277.3,412.4,102.4,274.8,0.0,6.9,1458.1,95.5,125.0,955.8,281.7,493,,BHAGALPUR,
Bihar,Bhagalpur,IMD110-P490,2004,23.6,0.2,7.1,64.7,38.2,243.6,405.5,170.6,80.3,124.9,0.0,0.0,1158.6,23.8,109.9,900.1,124.9,493,,BHAGALPUR,
Bihar,Bhagalpur,IMD110-P490,2005,13.0,4.9,27.5,0.0,35.0,33.6,401.8,474.1,158.4,62.0,0.0,0.0,1210.3,17.8,62.5,1067.9,62.0,493,,BHAGALPUR,
Bihar,Bhagalpur,IMD110-P490,2006,0.0,0.0,0.8,17.3,65.8,189.2,263.8,166.4,429.8,47.4,5.0,0.2,1185.7,0.0,83.9,1049.3,52.5,493,,BHAGALPUR,
Bihar,Bhagalpur,IMD110-P490,2007,0.0,8.6,14.9,2.8,70.5,53.1,471.9,157.5,259.4,24.7,0.0,0.0,1063.5,8.6,88.3,942.0,24.7,493,,BHAGALPUR,
Bihar,Bhagalpur,IMD110-P490,2008,32.9,1.4,0.0,2.1,45.2,303.9,217.8,203.7,122.6,29.1,0.0,0.0,958.8,34.3,47.3,848.1,29.1,493,,BHAGALPUR,
Bihar,Bhagalpur,IMD110-P490,2009,1.0,1.6,4.5,2.0,140.0,50.3,215.0,324.8,155.0,112.4,1.3,0.2,1007.8,2.6,146.5,745.0,113.8,493,,BHAGALPUR,
Bihar,Bhagalpur,IMD110-P490,2010,0.0,0.6,2.5,7.2,50.3,104.7,167.9,113.0,110.5,21.6,1.8,0.1,580.3,0.6,60.0,496.1,23.6,493,,BHAGALPUR,
Bihar,Bhojpur,IMD110-P494,1901,55.5,44.2,22.3,0.3,40.2,8.8,175.9,284.2,101.5,5.3,1.3,0.0,739.5,99.7,62.7,570.4,6.6,494,,BHOJPUR,
Bihar,Bhojpur,IMD110-P494,1902,3.2,0.9,1.7,3.1,9.2,74.5,392.5,167.2,247.2,11.0,0.2,0.0,910.6,4.0,14.0,881.4,11.2,494,,BHOJPUR,
Bihar,Bhojpur,IMD110-P494,1903,1.1,0.2,0.7,4.4,4.0,97.0,91.8,260.6,238.6,136.7,0.0,0.0,835.0,1.3,9.0,688.0,136.7,494,,BHOJPUR,
Bihar,Bhojpur,IMD110-P494,1904,22.7,0.0,2.7,0.7,33.9,177.4,474.8,389.3,69.2,97.6,0.2,1.8,1270.3,22.7,37.2,1110.8,99.6,494,,BHOJPUR,
Bihar,Bhojpur,IMD110-P494,1905,16.3,8.8,24.1,18.6,14.8,4.1,368.4,342.7,366.9,4.9,0.0,0.2,1169.9,25.1,57.5,1082.1,5.1,494,,BHOJPUR,
Bihar,Bhojpur,IMD110-P494,1906,22.0,47.1,7.1,0.0,4.4,171.0,291.4,277.0,118.0,32.8,0.0,0.0,970.8,69.1,11.5,857.4,32.8,494,,BHOJPUR,
Bihar,Bhojpur,IMD110-P494,1907,1.1,123.0,17.0,12.9,27.9,204.7,170.3,285.7,90.7,0.0,0.0,0.0,933.0,124.1,57.7,751.2,0.0,494,,BHOJPUR,
Bihar,Bhojpur,IMD110-P494,1908,17.8,57.1,1.2,0.0,10.0,74.9,223.0,233.4,87.0,29.2,0.0,0.2,733.7,74.9,11.2,618.2,29.4,494,,BHOJPUR,
Bihar,Bhojpur,IMD110-P494,1909,7.5,10.8,0.0,36.1,2.7,343.4,291.3,158.0,141.2,8.0,0.0,8.1,1006.9,18.3,38.7,933.8,16.1,494,,BHOJPUR,
Bihar,Bhojpur,IMD110-P494,1910,1.7,0.0,1.0,3.1,9.0,139.2,180.9,475.8,309.2,112.2,23.9,0.0,1256.2,1.7,13.1,1105.2,136.2,494,,BHOJPUR,
Bihar,Bhojpur,IMD110-P494,1911,6.2,0.0,34.3,10.5,11.8,218.9,79.8,449.3,357.5,304.4,34.3,0.0,1507.1,6.2,56.7,1105.6,338.7,494,,BHOJPUR,
Bihar,Bhojpur,IMD110-P494,1912,3.6,8.6,9.6,2.3,15.2,46.6,400.9,264.2,69.6,1.5,34.1,0.0,856.1,12.2,27.0,781.3,35.7,494,,BHOJPUR,
Bihar,Bhojpur,IMD110-P494,1913,0.0,45.4,23.0,0.0,52.4,244.7,192.4,459.7,200.3,37.1,0.0,34.6,1289.6,45.4,75.4,1097.0,71.8,494,,BHOJPUR,
Bihar,Bhojpur,IMD110-P494,1914,0.0,16.5,4.5,8.0,86.5,26.6,309.2,406.0,46.4,0.0,0.0,0.7,904.4,16.5,99.0,788.2,0.7,494,,BHOJPUR,
Bihar,Bhojpur,IMD110-P494,1915,14.1,45.7,13.7,0.3,18.7,103.2,161.6,327.5,145.5,46.2,74.0,0.1,950.5,59.8,32.7,737.7,120.3,494,,BHOJPUR,
Bihar,Bhojpur,IMD110-P494,1916,0.0,12.5,0.0,1.3,3.1,207.3,292.0,307.2,229.1,114.9,0.0,0.0,1167.5,12.5,4.5,1035.7,114.9,494,,BHOJPUR,
Bihar,Bhojpur,IMD110-P494,1917,6.0,17.6,4.6,0.9,100.6,185.3,354.3,236.5,273.5,90.3,0.0,0.0,1269.6,23.6,106.1,1049.6,90.3,494,,BHOJPUR,
Bihar,Bhojpur,IMD110-P494,1918,0.3,0.0,1.6,8.9,25.2,192.9,134.5,495.4,149.8,0.0,0.0,0.0,1008.6,0.3,35.8,972.5,0.0,494,,BHOJPUR,
Bihar,Bhojpur,IMD110-P494,1919,60.1,8.1,0.7,6.4,16.0,175.0,482.3,257.2,215.1,72.4,0.3,4.2,1297.8,68.2,23.1,1129.5,76.9,494,,BHOJPUR,
Bihar,Bhojpur,IMD110-P494,1920,0.0,18.9,17.2,0.3,7.6,98.6,536.2,175.7,151.8,13.4,0.0,0.0,1019.8,18.9,25.1,962.4,13.4,494,,BHOJPUR,
Bihar,Bhojpur,IMD110-P494,1921,16.1,0.9,0.0,0.0,0.0,143.1,204.3,546.3,402.5,30.4,0.0,0.0,1343.7,17.0,0.0,1296.2,30.4,494,,BHOJPUR,
Bihar,Bhojpur,IMD110-P494,1922,22.9,3.8,0.0,12.1,0.7,173.6,571.6,237.5,347.3,1.4,0.2,2.8,1374.0,26.7,12.9,1330.0,4.4,494,,BHOJPUR,
Bihar,Bhojpur,IMD110-P494,1923,1.1,36.1,0.0,1.7,5.8,157.1,278.7,349.4,63.2,33.0,0.0,0.0,926.2,37.2,7.4,848.5,33.0,494,,BHOJPUR,
Bihar,Bhojpur,IMD110-P494,1924,14.6,17.8,3.3,0.1,0.1,36.7,473.4,231.6,243.9,22.1,63.8,0.1,1107.2,32.4,3.4,985.5,85.9,494,,BHOJPUR,
Bihar,Bhojpur,IMD110-P494,1925,12.9,0.0,1.1,8.3,4.0,131.4,328.9,218.2,325.5,3.0,17.9,0.0,1051.2,12.9,13.5,1004.0,20.9,494,,BHOJPUR,
Bihar,Bhojpur,IMD110-P494,1926,12.1,0.0,21.4,19.6,32.3,38.1,465.6,267.3,146.0,7.4,0.0,8.6,1018.5,12.1,73.3,917.0,16.0,494,,BHOJPUR,
Bihar,Bhojpur,IMD110-P494,1927,31.4,26.4,31.4,0.0,40.9,24.8,391.6,204.7,158.6,14.8,51.7,0.0,976.4,57.8,72.3,779.8,66.4,494,,BHOJPUR,
Bihar,Bhojpur,IMD110-P494,1928,36.2,37.1,0.0,3.3,30.0,233.9,304.3,242.4,54.6,235.3,0.0,27.2,1204.4,73.4,33.3,835.2,262.5,494,,BHOJPUR,
Bihar,Bhojpur,IMD110-P494,1929,73.3,0.5,6.7,1.5,2.5,165.1,331.0,495.1,101.1,120.0,0.0,113.0,1409.7,73.7,10.7,1092.3,233.0,494,,BHOJPUR,
Bihar,Bhojpur,IMD110-P494,1930,8.7,7.8,0.0,6.0,6.4,125.9,359.4,338.6,243.9,13.3,11.6,0.8,1122.3,16.5,12.4,1067.7,25.7,494,,BHOJPUR,
Bihar,Bhojpur,IMD110-P494,1931,0.0,37.6,4.4,0.0,0.1,39.0,403.5,265.7,272.8,32.8,14.7,0.1,1070.7,37.6,4.4,980.9,47.7,494,,BHOJPUR,
Bihar,Bhojpur,IMD110-P494,1932,0.0,2.6,1.8,0.0,13.1,105.6,205.4,214.2,132.8,53.0,82.0,1.8,812.4,2.6,15.0,658.0,136.8,494,,BHOJPUR,
Bihar,Bhojpur,IMD110-P494,1933,14.6,14.6,0.0,33.9,34.4,172.8,161.6,412.6,159.9,24.6,0.0,0.0,1029.1,29.2,68.4,906.9,24.6,494,,BHOJPUR,
Bihar,Bhojpur,IMD110-P494,1934,26.4,0.0,11.5,0.1,0.0,93.0,333.0,179.0,213.7,16.6,16.8,3.8,893.9,26.4,11.6,818.6,37.3,495,,BHOJPUR,
Bihar,Bhojpur,IMD110-P494,1935,39.2,18.2,0.7,0.5,0.4,32.5,226.8,509.9,140.0,0.0,0.0,1.1,969.1,57.3,1.5,909.2,1.1,495,,BHOJPUR,
Bihar,Bhojpur,IMD110-P494,1936,6.9,10.1,10.0,9.0,14.0,106.6,406.8,400.1,369.2,56.8,2.2,4.0,1395.8,17.1,33.0,1282.7,63.0,495,,BHOJPUR,
Bihar,Bhojpur,IMD110-P494,1937,0.0,87.9,0.3,1.6,18.5,95.2,322.1,480.3,110.8,148.9,0.0,0.0,1265.6,87.9,20.4,1008.4,148.9,495,,BHOJPUR,
Bihar,Bhojpur,IMD110-P494,1938,27.2,5.3,0.0,2.6,34.3,220.1,315.8,378.2,252.5,18.4,7.8,0.0,1262.3,32.5,36.9,1166.6,26.2,495,,BHOJPUR,
Bihar,Bhojpur,IMD110-P494,1939,5.5,52.9,20.5,2.3,0.0,138.3,273.5,286.2,305.0,17.7,0.0,0.0,1102.0,58.4,22.8,1003.0,17.7,495,,BHOJPUR,
Bihar,Bhojpur,IMD110-P494,1940,1.0,25.2,39.1,4.9,4.5,55.9,249.3,354.6,179.1,2.8,0.0,37.2,953.5,26.3,48.5,838.8,39.9,495,,BHOJPUR,
Bihar,Bhojpur,IMD110-P494,1941,11.4,0.1,0.2,0.0,11.2,151.2,131.9,430.0,170.1,23.1,0.0,0.0,929.2,11.5,11.4,883.2,23.1,495,,BHOJPUR,
Bihar,Bhojpur,IMD110-P494,1942,44.5,89.5,12.2,1.1,0.4,120.9,269.6,370.2,289.5,0.0,0.0,1.8,1199.8,134.0,13.8,1050.3,1.8,495,,BHOJPUR,
Bihar,Bhojpur,IMD110-P494,1943,34.0,14.8,0.0,1.4,5.4,39.4,234.8,344.1,152.0,29.5,0.0,0.0,855.2,48.8,6.7,770.2,29.5,495,,BHOJPUR,
Bihar,Bhojpur,IMD110-P494,1944,38.4,48.1,41.9,10.0,1.4,136.8,199.9,477.3,202.0,95.3,0.0,3.4,1254.4,86.6,53.3,1015.9,98.7,495,,BHOJPUR,
Bihar,Bhojpur,IMD110-P494,1945,74.4,25.4,0.0,37.8,6.9,99.0,186.0,308.9,299.5,173.3,0.0,9.4,1220.6,99.8,44.7,893.3,182.7,495,,BHOJPUR,
Bihar,Bhojpur,IMD110-P494,1946,0.0,29.7,0.0,34.0,29.3,207.8,385.1,254.2,392.7,136.7,14.4,0.0,1483.9,29.7,63.3,1239.8,151.1,495,,BHOJPUR,
Bihar,Bhojpur,IMD110-P494,1947,13.7,9.9,5.3,0.0,22.9,74.8,345.2,172.7,242.3,32.7,0.0,0.0,919.6,23.7,28.3,834.9,32.7,495,,BHOJPUR,
Bihar,Bhojpur,IMD110-P494,1948,23.3,16.4,0.4,0.0,3.2,85.7,284.6,475.4,411.1,84.7,39.2,0.0,1423.9,39.7,3.6,1256.8,123.9,495,,BHOJPUR,
Bihar,Bhojpur,IMD110-P494,1949,12.6,61.2,0.3,12.3,42.6,80.3,367.1,398.7,250.9,46.4,0.0,0.0,1272.4,73.9,55.2,1097.0,46.4,495,,BHOJPUR,
Bihar,Bhojpur,IMD110-P494,1950,15.3,2.7,12.3,0.0,5.4,324.4,246.0,323.6,72.7,0.0,0.0,0.0,1002.3,18.0,17.7,966.6,0.0,495,,BHOJPUR,
Bihar,Bhojpur,IMD110-P494,1951,12.4,2.4,12.2,4.3,1.9,98.9,214.5,171.3,103.2,14.8,0.0,0.0,635.8,14.7,18.4,587.9,14.8,495,,BHOJPUR,
Bihar,Bhojpur,IMD110-P494,1952,0.0,2.3,20.2,4.1,11.3,177.5,165.3,463.3,324.2,0.9,0.0,0.0,1169.0,2.3,35.6,1130.3,0.9,495,,BHOJPUR,
Bihar,Bhojpur,IMD110-P494,1953,10.3,7.6,1.7,8.7,9.9,140.4,377.3,331.4,470.6,6.8,0.0,0.2,1365.0,17.9,20.4,1319.7,6.9,495,,BHOJPUR,
Bihar,Bhojpur,IMD110-P494,1954,24.3,13.7,0.3,0.3,2.0,66.1,383.5,253.5,146.9,14.6,0.0,0.0,905.2,38.0,2.6,850.0,14.6,495,,BHOJPUR,
Bihar,Bhojpur,IMD110-P494,1955,25.9,1.7,1.4,4.6,5.2,119.3,442.0,234.9,201.0,54.9,0.0,0.0,1090.9,27.6,11.2,997.3,54.9,495,,BHOJPUR,
Bihar,Bhojpur,IMD110-P494,1956,11.3,0.0,9.8,0.1,19.8,272.0,157.3,297.4,518.9,118.3,62.8,9.7,1477.3,11.3,29.7,1245.6,190.7,495,,BHOJPUR,
Bihar,Bhojpur,IMD110-P494,1957,84.0,1.9,13.7,0.0,0.0,67.8,320.7,260.7,111.6,0.1,0.0,0.6,861.0,85.8,13.7,760.8,0.7,495,,BHOJPUR,
Bihar,Bhojpur,IMD110-P494,1958,16.0,0.1,1.5,2.0,0.0,48.8,252.9,348.4,174.0,116.2,0.0,0.0,960.0,16.0,3.6,824.2,116.2,495,,BHOJPUR,
Bihar,Bhojpur,IMD110-P494,1959,91.6,3.5,11.0,0.0,32.0,56.2,228.0,314.0,118.4,115.4,0.0,0.0,970.1,95.1,43.0,716.6,115.4,495,,BHOJPUR,
Bihar,Bhojpur,IMD110-P494,1960,8.0,0.0,59.6,0.0,3.2,41.8,270.1,260.0,163.3,23.8,0.0,0.0,829.8,8.0,62.8,735.3,23.8,495,,BHOJPUR,
Bihar,Bhojpur,IMD110-P494,1961,7.0,16.4,0.6,0.0,3.4,244.6,227.4,425.2,134.8,129.0,0.0,12.8,1201.0,23.3,3.9,1032.0,141.7,495,,BHOJPUR,
Bihar,Bhojpur,IMD110-P494,1962,12.9,3.2,8.6,28.0,4.6,48.7,224.4,261.9,167.4,37.1,0.0,7.3,804.1,16.1,41.1,702.4,44.4,495,,BHOJPUR,
Bihar,Bhojpur,IMD110-P494,1963,4.4,3.2,1.7,10.4,27.5,89.1,284.0,252.4,208.4,79.6,20.8,0.0,981.4,7.5,39.5,834.0,100.4,495,,BHOJPUR,
Bihar,Bhojpur,IMD110-P494,1964,0.7,0.9,1.5,0.0,36.8,88.6,428.5,78.9,134.8,72.5,0.0,0.0,843.2,1.6,38.3,730.9,72.5,495,,BHOJPUR,
Bihar,Bhojpur,IMD110-P494,1965,0.0,0.0,2.9,9.7,0.2,29.4,277.9,263.3,105.5,16.2,0.0,0.4,705.5,0.0,12.8,676.1,16.6,495,,BHOJPUR,
Bihar,Bhojpur,IMD110-P494,1966,9.5,13.2,0.0,0.0,2.8,90.0,105.6,214.9,30.1,5.3,16.1,1.0,488.5,22.7,2.8,440.5,22.4,495,,BHOJPUR,
Bihar,Bhojpur,IMD110-P494,1967,0.0,0.0,9.1,23.5,11.7,6.6,131.0,209.9,353.8,0.0,0.0,0.0,745.7,0.0,44.3,701.3,0.0,495,,BHOJPUR,
Bihar,Bhojpur,IMD110-P494,1968,10.9,0.0,0.0,0.1,6.3,104.1,405.8,274.1,47.4,51.5,0.0,9.9,910.1,10.9,6.5,831.4,61.3,496,,BHOJPUR,
Bihar,Bhojpur,IMD110-P494,1969,3.4,16.7,11.3,9.6,59.0,86.6,349.5,229.6,142.6,3.9,14.5,0.0,926.7,20.1,79.9,808.3,18.4,496,,BHOJPUR,
Bihar,Bhojpur,IMD110-P494,1970,29.7,20.0,6.1,0.0,17.7,144.1,255.0,263.0,232.5,23.4,0.0,0.0,991.7,49.7,23.9,894.7,23.4,496,,BHOJPUR,
Bihar,Bhojpur,IMD110-P494,1971,0.0,0.0,0.0,0.0,0.0,6.2,29.8,66.7,17.3,5.0,0.0,0.0,125.0,0.0,0.0,120.0,5.0,496,,BHOJPUR,
Bihar,Bhojpur,IMD110-P494,1972,0.0,0.0,0.0,0.0,0.0,0.0,17.7,45.9,8.6,0.0,,,,0.0,0.0,72.2,,496,missing_months,BHOJPUR,
Bihar,Bhojpur,IMD110-P494,1973,0.5,0.0,0.0,,,0.0,146.6,97.0,6.0,82.3,0.0,0.0,,0.5,,249.6,82.3,496,missing_months,BHOJPUR,
Bihar,Bhojpur,IMD110-P494,1974,0.0,0.5,3.9,0.0,2.9,81.3,263.4,312.4,170.1,0.0,0.0,9.3,843.8,0.5,6.8,827.2,9.3,496,,BHOJPUR,
Bihar,Bhojpur,IMD110-P494,1975,8.2,4.0,11.1,0.6,1.3,80.7,337.2,144.1,203.3,44.0,0.0,0.0,834.6,12.2,13.0,765.4,44.0,496,,BHOJPUR,
Bihar,Bhojpur,IMD110-P494,1976,2.3,7.8,0.0,4.8,52.2,66.8,138.7,255.1,520.9,25.4,0.0,0.0,1074.0,10.1,57.0,981.5,25.4,496,,BHOJPUR,
Bihar,Bhojpur,IMD110-P494,1977,3.5,1.0,0.0,14.2,24.0,50.5,368.6,132.4,183.8,182.2,0.4,13.8,974.6,4.5,38.3,735.4,196.4,496,,BHOJPUR,
Bihar,Bhojpur,IMD110-P494,1978,21.5,44.5,27.3,5.0,7.8,190.9,267.0,302.4,216.1,92.3,0.0,0.9,1175.8,66.0,40.1,976.4,93.2,496,,BHOJPUR,
Bihar,Bhojpur,IMD110-P494,1979,30.1,24.2,6.2,10.0,12.9,62.4,469.6,193.5,43.0,34.9,26.8,1.1,914.6,54.3,29.1,768.5,62.7,496,,BHOJPUR,
Bihar,Bhojpur,IMD110-P494,1980,16.2,3.4,1.6,0.0,14.3,95.1,361.7,357.4,143.6,20.5,0.0,2.5,1016.4,19.6,15.9,957.9,23.1,496,,BHOJPUR,
Bihar,Bhojpur,IMD110-P494,1981,25.0,0.0,0.0,12.5,50.9,143.9,605.5,163.8,166.1,0.0,6.6,0.0,1174.3,25.0,63.4,1079.3,6.6,496,,BHOJPUR,
Bihar,Bhojpur,IMD110-P494,1982,2.5,1.3,27.8,13.8,26.6,159.9,162.8,167.8,178.3,25.0,15.4,0.7,781.7,3.8,68.2,668.7,41.0,496,,BHOJPUR,
Bihar,Bhojpur,IMD110-P494,1983,10.2,0.7,14.4,60.0,60.5,68.1,377.4,122.6,124.3,35.1,0.0,12.2,885.5,10.9,134.9,692.3,47.3,496,,BHOJPUR,
Bihar,Bhojpur,IMD110-P494,1984,13.5,70.0,0.0,0.0,0.0,131.6,455.3,240.6,114.4,3.8,0.0,0.0,1029.2,83.5,0.0,942.0,3.8,496,,BHOJPUR,
Bihar,Bhojpur,IMD110-P494,1985,10.4,0.0,0.0,0.0,25.0,52.7,518.1,223.9,261.9,113.5,0.0,5.7,1211.3,10.4,25.0,1056.6,119.2,496,,BHOJPUR,
Bihar,Bhojpur,IMD110-P494,1986,1.9,7.9,0.0,6.1,38.1,157.1,484.9,155.9,102.9,63.3,0.0,1.1,1019.2,9.7,44.2,900.8,64.4,496,,BHOJPUR,
Bihar,Bhojpur,IMD110-P494,1987,0.2,1.4,0.8,19.5,11.6,7.6,370.9,309.0,638.4,20.4,0.5,1.8,1382.1,1.6,31.9,1326.0,22.6,496,,BHOJPUR,
Bihar,Bhojpur,IMD110-P494,1988,2.5,5.3,35.3,30.1,8.0,225.5,241.1,430.1,152.4,18.6,0.0,15.0,1163.9,7.8,73.4,1049.1,33.6,496,,BHOJPUR,
Bihar,Bhojpur,IMD110-P494,1989,4.5,0.0,5.0,0.0,32.2,63.7,443.5,191.3,275.4,14.4,0.4,9.4,1039.8,4.5,37.2,973.8,24.2,496,,BHOJPUR,
Bihar,Bhojpur,IMD110-P494,1991,18.9,6.4,0.0,3.1,2.4,153.4,67.2,455.5,293.8,0.4,0.9,20.7,1022.7,25.3,5.5,969.9,22.1,496,,BHOJPUR,
Bihar,Bhojpur,IMD110-P494,1992,0.9,9.3,0.0,0.0,29.2,21.7,405.0,267.4,79.9,21.1,0.0,0.0,834.4,10.2,29.2,774.0,21.1,496,,BHOJPUR,
Bihar,Bhojpur,IMD110-P494,1993,9.2,8.4,34.6,13.9,56.1,111.8,203.6,323.6,321.9,62.3,33.7,0.0,1179.1,17.6,104.6,960.8,96.0,496,,BHOJPUR,
Bihar,Bhojpur,IMD110-P494,1994,29.0,25.6,0.0,16.1,24.2,106.9,276.2,367.7,332.9,16.4,3.0,0.4,1198.5,54.6,40.3,1083.8,19.8,496,,BHOJPUR,
Bihar,Bhojpur,IMD110-P494,1995,15.2,37.6,0.7,0.0,0.0,43.1,280.2,,371.0,3.9,60.0,32.9,,52.8,0.7,,96.8,496,missing_months,BHOJPUR,
Bihar,Bhojpur,IMD110-P494,1996,51.1,21.1,0.0,0.0,0.0,245.6,145.4,433.6,190.5,75.4,0.0,0.0,1162.6,72.2,0.0,1015.1,75.4,496,,BHOJPUR,
Bihar,Bhojpur,IMD110-P494,1997,11.6,0.0,0.0,8.1,8.7,193.6,777.9,380.2,205.4,62.7,18.9,50.9,1718.0,11.6,16.8,1557.0,132.5,496,,BHOJPUR,
Bihar,Bhojpur,IMD110-P494,1998,2.6,18.5,2.9,0.0,17.5,84.7,349.3,322.5,77.2,60.1,33.3,0.0,968.6,21.1,20.4,833.7,93.4,496,,BHOJPUR,
Bihar,Bhojpur,IMD110-P494,1999,0.0,0.0,0.0,0.0,41.7,200.4,290.1,239.3,65.3,35.4,8.1,0.0,880.4,0.0,41.7,795.2,43.5,496,,BHOJPUR,
Bihar,Bhojpur,IMD110-P494,2000,0.0,2.8,0.9,14.0,52.9,130.2,325.8,223.9,214.9,2.5,0.0,0.0,967.8,2.8,67.8,894.7,2.5,496,,BHOJPUR,
Bihar,Bhojpur,IMD110-P494,2001,0.0,0.0,0.0,0.0,25.7,113.6,263.7,220.6,277.3,257.4,0.0,0.0,1158.3,0.0,25.7,875.2,257.4,496,,BHOJPUR,
Bihar,Bhojpur,IMD110-P494,2002,0.0,21.8,4.8,5.5,52.0,122.2,246.6,243.3,172.5,30.2,0.0,2.8,901.6,21.8,62.3,784.6,32.9,496,,BHOJPUR,
Bihar,Bhojpur,IMD110-P494,2003,2.0,28.3,0.7,7.5,1.7,137.6,394.6,248.3,182.9,54.4,0.0,0.0,1058.0,30.4,9.8,963.4,54.4,497,,BHOJPUR,
Bihar,Bhojpur,IMD110-P494,2004,5.4,0.0,0.0,1.3,17.2,216.6,133.8,170.4,124.8,14.3,0.0,0.0,683.7,5.4,18.5,645.5,14.3,497,,BHOJPUR,
Bihar,Bhojpur,IMD110-P494,2005,33.8,25.7,0.9,0.0,0.0,21.3,380.0,349.7,54.8,29.7,0.0,0.0,895.8,59.5,0.9,805.7,29.7,497,,BHOJPUR,
Bihar,Bhojpur,IMD110-P494,2006,0.0,0.0,0.0,16.3,91.3,233.2,292.2,214.1,183.9,10.9,0.0,0.0,1041.8,0.0,107.5,923.3,10.9,497,,BHOJPUR,
Bihar,Bhojpur,IMD110-P494,2007,,,,,,,677.6,288.7,265.9,60.7,0.0,0.0,,,,,60.7,497,missing_months,BHOJPUR,
Bihar,Bhojpur,IMD110-P494,2008,43.6,11.4,1.1,15.1,48.7,366.5,454.0,279.6,115.3,5.3,0.0,0.0,1340.7,55.0,64.9,1215.4,5.3,497,,BHOJPUR,
Bihar,Bhojpur,IMD110-P494,2009,0.0,0.0,0.0,0.0,66.3,65.1,153.3,253.6,129.4,42.0,7.8,3.3,720.8,0.0,66.3,601.3,53.1,497,,BHOJPUR,
Bihar,Bhojpur,IMD110-P494,2010,0.3,0.8,0.0,0.0,4.0,44.7,214.3,145.2,119.7,53.9,0.0,0.0,582.7,1.0,4.0,523.9,53.9,497,,BHOJPUR,
Bihar,Buxar,IMD110-P498,1901,67.0,36.8,13.7,0.0,39.9,5.5,185.7,343.7,106.9,20.8,1.1,0.0,821.1,103.8,53.6,641.8,21.9,498,,BUXAR,
Bihar,Buxar,IMD110-P498,1902,0.0,2.3,0.0,37.3,5.1,13.7,363.2,230.6,272.9,22.6,0.5,0.0,948.2,2.3,42.4,880.4,23.1,498,,BUXAR,
Bihar,Buxar,IMD110-P498,1903,0.8,1.3,2.6,2.3,11.9,120.7,80.7,359.0,233.9,206.8,0.0,0.0,1020.0,2.1,16.8,794.3,206.8,498,,BUXAR,
Bihar,Buxar,IMD110-P498,1904,38.4,0.0,2.3,0.3,5.9,156.8,431.7,298.7,60.0,111.0,0.5,11.0,1116.6,38.4,8.5,947.2,122.5,498,,BUXAR,
Bihar,Buxar,IMD110-P498,1905,10.2,9.1,42.0,12.7,5.6,6.4,344.6,258.6,309.8,15.3,0.0,2.0,1016.3,19.3,60.3,919.4,17.3,498,,BUXAR,
Bihar,Buxar,IMD110-P498,1906,15.8,29.2,6.7,0.0,0.8,125.7,308.8,232.5,78.4,54.1,0.0,0.0,852.0,45.0,7.5,745.4,54.1,498,,BUXAR,
Bihar,Buxar,IMD110-P498,1907,1.8,126.2,43.5,10.1,4.8,163.7,63.5,239.2,76.6,0.0,0.0,0.0,729.4,128.0,58.4,543.0,0.0,498,,BUXAR,
Bihar,Buxar,IMD110-P498,1908,18.3,28.0,1.0,0.0,0.5,99.5,292.9,287.3,90.7,42.4,0.0,1.3,861.9,46.3,1.5,770.4,43.7,498,,BUXAR,
Bihar,Buxar,IMD110-P498,1909,6.1,22.5,0.0,13.0,12.4,292.3,387.3,257.9,125.7,23.7,0.0,19.3,1160.2,28.6,25.4,1063.2,43.0,498,,BUXAR,
Bihar,Buxar,IMD110-P498,1910,4.3,0.3,2.8,7.1,4.6,149.7,104.1,362.0,321.8,107.9,36.8,0.0,1101.4,4.6,14.5,937.6,144.7,498,,BUXAR,
Bihar,Buxar,IMD110-P498,1911,22.1,0.0,34.9,1.0,1.3,192.1,83.7,399.5,379.8,309.6,32.3,0.0,1456.3,22.1,37.2,1055.1,341.9,498,,BUXAR,
Bihar,Buxar,IMD110-P498,1912,0.0,4.3,20.9,0.0,9.6,17.8,366.2,304.5,48.8,0.0,30.7,0.0,802.8,4.3,30.5,737.3,30.7,498,,BUXAR,
Bihar,Buxar,IMD110-P498,1913,0.0,24.2,,0.0,41.9,241.5,188.2,348.7,132.1,36.1,0.0,22.1,,24.2,,910.5,58.2,498,missing_months,BUXAR,
Bihar,Buxar,IMD110-P498,1914,0.0,8.9,5.3,7.4,38.1,37.5,276.8,246.8,188.4,4.9,0.0,1.8,815.9,8.9,50.8,749.5,6.7,498,,BUXAR,
Bihar,Buxar,IMD110-P498,1915,18.3,50.6,20.3,0.0,1.5,81.9,144.2,363.5,250.9,38.6,16.5,1.5,987.8,68.9,21.8,840.5,56.6,498,,BUXAR,
Bihar,Buxar,IMD110-P498,1916,0.0,13.9,0.0,3.5,10.2,176.3,349.3,337.6,193.1,50.8,0.0,0.0,1134.7,13.9,13.7,1056.3,50.8,498,,BUXAR,
Bihar,Buxar,IMD110-P498,1917,4.6,6.4,6.4,1.1,116.5,132.5,290.3,249.7,233.0,60.7,0.0,3.3,1104.5,11.0,124.0,905.5,64.0,498,,BUXAR,
Bihar,Buxar,IMD110-P498,1918,0.8,0.0,1.0,1.1,21.6,130.4,139.1,329.6,77.7,0.0,0.8,0.0,702.1,0.8,23.7,676.8,0.8,498,,BUXAR,
Bihar,Buxar,IMD110-P498,1919,78.8,2.5,0.5,0.8,17.5,75.7,480.9,232.7,179.6,49.8,0.0,6.1,1124.9,81.3,18.8,968.9,55.9,498,,BUXAR,
Bihar,Buxar,IMD110-P498,1920,0.0,6.1,27.2,1.5,29.0,50.0,446.4,160.0,133.5,10.9,0.0,0.0,864.6,6.1,57.7,789.9,10.9,498,,BUXAR,
Bihar,Buxar,IMD110-P498,1921,14.7,0.5,0.0,0.0,4.1,143.8,132.0,384.9,384.3,20.5,0.0,0.0,1084.8,15.2,4.1,1045.0,20.5,498,,BUXAR,
Bihar,Buxar,IMD110-P498,1922,21.6,10.4,0.0,14.8,0.0,141.3,438.2,166.0,,0.0,1.0,5.8,,32.0,14.8,,6.8,498,missing_months,BUXAR,
Bihar,Buxar,IMD110-P498,1923,0.0,35.3,0.0,0.0,2.5,88.5,299.4,354.9,67.3,36.6,0.0,0.0,884.5,35.3,2.5,810.1,36.6,498,,BUXAR,
Bihar,Buxar,IMD110-P498,1925,,,,22.9,0.0,104.9,203.8,240.3,360.7,7.4,7.9,0.0,,,,909.7,15.3,498,missing_months,BUXAR,
Bihar,Buxar,IMD110-P498,1926,28.0,0.0,20.3,30.4,32.3,35.1,538.5,245.8,79.9,0.0,0.0,4.5,1014.8,28.0,83.0,899.3,4.5,498,,BUXAR,
Bihar,Buxar,IMD110-P498,1927,25.9,34.6,26.2,0.0,26.5,30.2,218.5,165.6,230.4,3.1,92.2,0.0,853.2,60.5,52.7,644.7,95.3,498,,BUXAR,
Bihar,Buxar,IMD110-P498,1928,21.6,35.6,0.0,0.0,0.0,354.6,255.6,223.0,61.1,147.1,0.0,19.0,1117.6,57.2,0.0,894.3,166.1,498,,BUXAR,
Bihar,Buxar,IMD110-P498,1929,64.3,4.3,0.0,0.0,11.7,145.7,311.1,459.8,134.3,73.5,0.0,70.6,1275.3,68.6,11.7,1050.9,144.1,498,,BUXAR,
Bihar,Buxar,IMD110-P498,1930,5.1,12.5,7.1,0.0,1.3,54.3,246.1,251.7,275.1,5.6,23.4,4.8,887.0,17.6,8.4,827.2,33.8,498,,BUXAR,
Bihar,Buxar,IMD110-P498,1931,0.0,39.9,0.0,0.0,,17.2,422.6,324.4,227.7,58.2,0.0,0.0,,39.9,,991.9,58.2,498,missing_months,BUXAR,
Bihar,Buxar,IMD110-P498,1932,0.0,6.4,1.3,0.0,3.0,106.4,215.8,312.4,156.1,36.3,52.4,9.1,899.2,6.4,4.3,790.7,97.8,498,,BUXAR,
Bihar,Buxar,IMD110-P498,1933,0.0,8.1,0.0,22.9,64.0,305.7,147.9,442.3,176.3,31.7,0.0,0.0,1198.9,8.1,86.9,1072.2,31.7,498,,BUXAR,
Bihar,Buxar,IMD110-P498,1934,26.7,0.0,3.8,0.0,0.0,89.2,327.3,139.7,137.2,7.6,5.1,1.3,737.9,26.7,3.8,693.4,14.0,498,,BUXAR,
Bihar,Buxar,IMD110-P498,1935,25.4,27.2,0.5,0.3,5.1,99.1,150.1,704.0,217.3,0.0,0.0,3.6,1232.6,52.6,5.9,1170.5,3.6,499,,BUXAR,
Bihar,Buxar,IMD110-P498,1936,12.7,14.7,6.1,11.9,41.9,101.6,463.0,410.6,395.6,79.0,0.0,23.6,1560.7,27.4,59.9,1370.8,102.6,499,,BUXAR,
Bihar,Buxar,IMD110-P498,1937,0.0,99.6,0.0,10.2,4.8,66.5,469.2,664.3,95.0,124.8,0.0,0.0,1534.4,99.6,15.0,1295.0,124.8,499,,BUXAR,
Bihar,Buxar,IMD110-P498,1938,32.5,9.7,0.0,0.5,58.1,221.5,354.2,338.9,432.5,25.9,0.0,0.0,1473.8,42.2,58.6,1347.1,25.9,499,,BUXAR,
Bihar,Buxar,IMD110-P498,1939,2.4,36.8,5.8,0.8,0.0,245.9,444.7,233.1,249.6,9.1,0.0,0.0,1228.2,39.2,6.6,1173.3,9.1,499,,BUXAR,
Bihar,Buxar,IMD110-P498,1940,2.5,19.5,34.3,0.0,6.1,65.7,282.2,253.5,127.4,13.0,0.0,37.6,841.8,22.0,40.4,728.8,50.6,499,,BUXAR,
Bihar,Buxar,IMD110-P498,1941,15.5,2.5,0.0,0.0,11.0,114.8,153.8,446.0,78.7,0.0,0.0,0.0,822.3,18.0,11.0,793.3,0.0,499,,BUXAR,
Bihar,Buxar,IMD110-P498,1942,109.5,80.1,10.2,5.1,11.4,126.7,262.8,286.6,153.8,7.6,0.0,2.5,1056.3,189.6,26.7,829.9,10.1,499,,BUXAR,
Bihar,Buxar,IMD110-P498,1943,31.1,9.1,0.0,5.0,0.0,167.6,426.4,253.8,192.0,13.2,0.0,0.0,1098.2,40.2,5.0,1039.8,13.2,499,,BUXAR,
Bihar,Buxar,IMD110-P498,1944,37.3,48.9,55.0,11.6,0.0,140.9,308.2,301.8,204.0,90.5,0.0,8.1,1206.3,86.2,66.6,954.9,98.6,499,,BUXAR,
Bihar,Buxar,IMD110-P498,1945,100.0,12.7,0.0,20.2,29.3,180.3,214.9,328.5,187.1,170.9,0.0,5.3,1249.2,112.7,49.5,910.8,176.2,499,,BUXAR,
Bihar,Buxar,IMD110-P498,1946,0.0,26.1,0.0,21.3,22.3,115.2,284.1,276.3,299.7,151.7,9.7,0.8,1207.2,26.1,43.6,975.3,162.2,499,,BUXAR,
Bihar,Buxar,IMD110-P498,1947,9.4,20.3,6.1,0.0,13.7,25.9,454.1,228.0,189.8,71.3,0.0,0.0,1018.6,29.7,19.8,897.8,71.3,499,,BUXAR,
Bihar,Buxar,IMD110-P498,1948,26.4,12.4,0.8,0.0,25.4,102.6,275.1,353.4,445.7,120.1,16.2,0.0,1378.1,38.8,26.2,1176.8,136.3,499,,BUXAR,
Bihar,Buxar,IMD110-P498,1949,8.1,60.4,1.0,0.0,37.1,10.7,307.4,296.6,238.5,46.2,0.0,0.0,1006.0,68.5,38.1,853.2,46.2,499,,BUXAR,
Bihar,Buxar,IMD110-P498,1950,21.8,7.4,0.0,0.0,0.8,322.6,139.0,302.0,164.7,0.0,0.0,1.8,960.1,29.2,0.8,928.3,1.8,499,,BUXAR,
Bihar,Buxar,IMD110-P498,1951,7.6,15.0,13.0,6.6,0.0,160.5,255.5,170.9,79.8,21.0,0.0,0.0,729.9,22.6,19.6,666.7,21.0,499,,BUXAR,
Bihar,Buxar,IMD110-P498,1953,10.4,4.0,9.7,0.0,0.0,69.3,334.6,277.6,530.4,0.0,0.0,26.7,1262.7,14.4,9.7,1211.9,26.7,499,,BUXAR,
Bihar,Buxar,IMD110-P498,1954,23.6,,,0.0,1.8,105.2,376.2,362.5,86.8,1.0,0.0,0.0,,,,930.7,1.0,499,missing_months,BUXAR,
Bihar,Buxar,IMD110-P498,1955,17.5,3.0,0.0,0.0,13.0,108.9,336.2,222.6,116.8,22.4,0.0,0.0,840.4,20.5,13.0,784.5,22.4,499,,BUXAR,
Bihar,Buxar,IMD110-P498,1956,9.4,0.0,4.3,0.0,43.2,171.1,237.0,182.2,589.4,,76.2,7.9,,9.4,47.5,1179.7,,499,missing_months,BUXAR,
Bihar,Buxar,IMD110-P498,1957,86.2,1.5,31.8,0.0,0.0,57.7,302.4,228.8,114.7,0.0,0.0,0.0,823.1,87.7,31.8,703.6,0.0,499,,BUXAR,
Bihar,Buxar,IMD110-P498,1958,15.0,3.1,15.8,0.0,0.0,42.7,221.6,365.7,,88.0,0.0,0.0,,18.1,15.8,,88.0,499,missing_months,BUXAR,
Bihar,Buxar,IMD110-P498,1959,110.8,5.0,10.0,0.0,26.4,56.0,107.7,88.8,8.9,744.6,0.0,0.0,1158.2,115.8,36.4,261.4,744.6,499,,BUXAR,
Bihar,Buxar,IMD110-P498,1960,16.0,0.0,68.5,0.0,1.0,210.3,338.1,349.4,315.4,46.0,0.0,0.0,1344.7,16.0,69.5,1213.2,46.0,499,,BUXAR,
Bihar,Buxar,IMD110-P498,1961,8.2,15.1,0.0,0.0,6.3,245.0,115.2,432.1,92.6,230.2,0.0,11.0,1155.7,23.3,6.3,884.8,241.2,499,,BUXAR,
Bihar,Buxar,IMD110-P498,1962,12.0,0.0,0.0,33.6,3.0,73.2,246.4,451.8,198.8,29.4,0.0,1.1,1049.3,12.0,36.6,970.2,30.5,499,,BUXAR,
Bihar,Buxar,IMD110-P498,1963,6.5,3.3,0.0,1.5,14.2,50.7,350.4,334.1,172.7,58.6,21.5,0.0,1013.4,9.8,15.7,907.9,80.1,499,,BUXAR,
Bihar,Buxar,IMD110-P498,1964,0.0,0.0,0.0,0.0,42.7,279.4,498.6,175.4,162.4,22.1,0.8,0.0,1181.3,0.0,42.7,1115.8,22.9,499,,BUXAR,
Bihar,Buxar,IMD110-P498,1965,0.0,0.0,0.0,3.0,0.0,35.4,260.5,302.1,132.8,33.5,0.0,0.0,767.3,0.0,3.0,730.8,33.5,499,,BUXAR,
Bihar,Buxar,IMD110-P498,1966,20.1,17.5,0.0,0.0,17.3,146.5,105.4,221.2,25.5,2.0,41.5,2.3,599.3,37.7,17.3,498.5,45.8,499,,BUXAR,
Bihar,Buxar,IMD110-P498,1967,0.0,0.0,19.7,26.8,0.0,29.1,151.7,245.7,394.0,3.8,0.0,2.5,873.3,0.0,46.5,820.5,6.3,499,,BUXAR,
Bihar,Buxar,IMD110-P498,1968,20.5,5.0,7.5,0.0,7.5,91.5,357.1,332.8,123.9,60.5,0.0,4.8,1011.0,25.5,15.0,905.3,65.3,499,,BUXAR,
Bihar,Buxar,IMD110-P498,1969,9.0,21.0,0.0,7.0,71.0,63.0,374.0,255.0,148.0,0.0,0.0,0.0,948.0,30.0,78.0,840.0,0.0,499,,BUXAR,
Bihar,Buxar,IMD110-P498,1970,27.0,33.0,1.0,0.0,9.0,97.8,188.4,289.6,256.5,21.5,0.0,0.0,923.8,60.0,10.0,832.3,21.5,500,,BUXAR,
Bihar,Buxar,IMD110-P498,1974,0.0,0.0,2.5,0.0,0.0,40.9,197.4,173.5,127.0,0.0,,,,0.0,2.5,538.8,,500,missing_months,BUXAR,
Bihar,Buxar,IMD110-P498,1975,4.2,1.8,6.0,4.5,0.0,98.0,252.3,62.7,49.5,16.8,0.0,0.0,495.8,6.0,10.5,462.4,16.8,500,,BUXAR,
Bihar,Buxar,IMD110-P498,1976,0.0,14.7,0.0,2.3,27.3,38.3,99.2,153.3,535.5,6.5,0.0,0.0,877.2,14.7,29.7,826.3,6.5,500,,BUXAR,
Bihar,Buxar,IMD110-P498,1977,6.1,0.8,0.0,6.3,21.4,30.1,340.3,116.8,102.1,164.7,0.0,11.6,800.1,6.9,27.6,589.4,176.3,500,,BUXAR,
Bihar,Buxar,IMD110-P498,1978,18.8,37.8,21.0,2.3,6.1,223.6,210.8,282.6,210.5,81.7,0.0,0.0,1095.3,56.7,29.5,927.5,81.7,500,,BUXAR,
Bihar,Buxar,IMD110-P498,1979,26.1,22.8,0.6,21.6,9.8,62.7,301.9,130.5,23.5,8.3,22.0,0.0,629.7,48.9,31.9,518.5,30.3,500,,BUXAR,
Bihar,Buxar,IMD110-P498,1980,2.8,1.5,0.3,0.0,3.4,107.2,289.6,340.4,227.5,31.4,0.0,3.6,1007.8,4.3,3.7,964.8,35.0,500,,BUXAR,
Bihar,Buxar,IMD110-P498,1981,14.9,0.1,1.5,13.5,38.2,61.8,350.4,201.1,211.2,20.3,2.4,0.0,915.3,15.0,53.1,824.5,22.7,500,,BUXAR,
Bihar,Buxar,IMD110-P498,1982,4.2,0.5,22.9,2.5,68.7,208.3,142.1,128.9,75.6,12.0,17.1,0.0,682.9,4.7,94.1,554.9,29.2,500,,BUXAR,
Bihar,Buxar,IMD110-P498,1983,3.6,1.5,0.0,51.3,36.0,38.7,264.4,70.3,217.4,38.8,0.0,0.0,722.0,5.1,87.3,590.9,38.8,500,,BUXAR,
Bihar,Buxar,IMD110-P498,1984,7.2,0.0,0.0,0.0,1.0,147.6,387.4,255.6,162.6,27.5,0.0,0.0,989.0,7.2,1.0,953.2,27.5,500,,BUXAR,
Bihar,Buxar,IMD110-P498,1985,10.1,1.0,0.0,0.0,1.0,61.5,262.9,191.5,166.6,127.1,0.0,2.2,824.2,11.2,1.0,682.6,129.3,500,,BUXAR,
Bihar,Buxar,IMD110-P498,1986,1.6,8.1,0.0,0.3,25.2,90.0,455.9,85.8,112.6,42.3,0.0,4.7,826.5,9.7,25.5,744.4,47.0,500,,BUXAR,
Bihar,Buxar,IMD110-P498,1987,4.4,0.2,0.3,0.4,30.4,3.6,302.6,190.8,267.7,13.1,0.0,0.0,813.5,4.6,31.2,764.7,13.1,500,,BUXAR,
Bihar,Buxar,IMD110-P498,1988,4.0,5.5,36.0,4.5,3.5,146.9,245.8,400.1,188.2,71.3,0.0,14.7,1120.4,9.5,44.0,980.9,86.0,500,,BUXAR,
Bihar,Buxar,IMD110-P498,1989,1.0,0.0,3.0,0.0,22.9,61.2,532.0,226.3,181.9,7.6,1.1,15.4,1052.2,1.0,25.9,1001.3,24.0,500,,BUXAR,
Bihar,Buxar,IMD110-P498,1990,0.0,,13.0,0.0,6.1,168.7,875.1,202.8,144.3,62.2,0.0,0.0,,,19.1,1390.9,62.2,500,missing_months,BUXAR,
Bihar,Buxar,IMD110-P498,1991,15.3,4.9,0.2,3.4,0.0,85.2,98.3,399.2,237.7,1.1,0.0,21.5,866.9,20.2,3.6,820.5,22.7,500,,BUXAR,
Bihar,Buxar,IMD110-P498,1992,0.1,4.4,0.0,0.0,17.2,16.4,204.7,306.7,86.9,22.0,0.2,0.0,658.6,4.5,17.2,614.7,22.2,500,,BUXAR,
Bihar,Buxar,IMD110-P498,1993,4.9,6.8,25.4,16.1,59.3,155.5,194.4,420.1,388.0,9.7,11.5,0.0,1291.6,11.7,100.7,1158.0,21.2,500,,BUXAR,
Bihar,Buxar,IMD110-P498,1994,35.4,20.1,0.0,14.6,10.9,86.9,156.3,211.3,152.8,12.3,0.0,0.0,700.6,55.5,25.5,607.3,12.3,500,,BUXAR,
Bihar,Buxar,IMD110-P498,1995,19.8,24.7,0.0,0.0,3.1,65.5,145.4,268.1,206.7,0.0,64.7,43.5,841.4,44.5,3.1,685.6,108.1,500,,BUXAR,
Bihar,Buxar,IMD110-P498,1996,50.8,32.1,0.0,0.0,1.3,186.0,189.7,458.7,175.1,72.3,0.0,0.0,1166.0,82.9,1.3,1009.5,72.3,500,,BUXAR,
Bihar,Buxar,IMD110-P498,1997,8.2,0.0,0.0,0.1,3.6,126.4,441.6,428.2,157.8,16.9,19.3,47.6,1249.6,8.2,3.6,1154.0,83.8,500,,BUXAR,
Bihar,Buxar,IMD110-P498,1998,0.8,5.6,8.1,1.9,17.0,108.7,263.4,226.1,118.6,67.5,27.8,0.0,845.7,6.5,27.0,716.8,95.3,500,,BUXAR,
Bihar,Buxar,IMD110-P498,1999,0.0,0.0,0.0,0.0,5.4,177.9,472.3,188.0,136.0,45.7,4.7,0.0,1029.9,0.0,5.4,974.1,50.4,500,,BUXAR,
Bihar,Buxar,IMD110-P498,2000,0.2,0.0,0.7,20.1,38.6,170.6,231.1,172.0,346.4,0.0,0.0,0.0,979.8,0.2,59.4,920.1,0.0,500,,BUXAR,
Bihar,Buxar,IMD110-P498,2001,0.5,0.0,0.0,0.0,50.3,115.7,265.1,235.9,160.2,80.2,0.0,0.0,907.9,0.5,50.3,777.0,80.2,500,,BUXAR,
Bihar,Buxar,IMD110-P498,2002,20.0,16.6,1.0,0.0,17.2,97.1,182.1,215.6,171.3,43.2,2.3,0.0,766.4,36.7,18.2,666.1,45.5,500,,BUXAR,
Bihar,Buxar,IMD110-P498,2003,0.7,15.8,0.0,21.6,0.0,86.8,234.9,230.1,258.0,42.6,2.4,0.0,892.9,16.5,21.6,809.7,45.0,500,,BUXAR,
Bihar,Buxar,IMD110-P498,2004,0.0,0.0,0.0,0.0,4.2,97.7,132.7,114.1,62.7,23.2,0.0,0.0,434.6,0.0,4.2,407.2,23.2,500,,BUXAR,
Bihar,Buxar,IMD110-P498,2005,8.4,6.8,0.0,0.0,0.0,23.3,424.3,193.5,69.8,0.0,0.0,0.0,726.0,15.2,0.0,710.8,0.0,500,,BUXAR,
Bihar,Buxar,IMD110-P498,2006,0.0,0.0,0.0,8.5,65.8,101.2,230.2,190.1,181.6,0.0,0.0,0.0,777.3,0.0,74.3,703.0,0.0,500,,BUXAR,
Bihar,Buxar,IMD110-P498,2007,0.1,20.6,40.3,,,,439.6,223.6,221.2,10.6,0.0,0.0,,20.7,,,10.6,501,missing_months,BUXAR,
Bihar,Buxar,IMD110-P498,2008,27.3,0.0,0.0,0.1,42.7,546.0,322.7,366.5,14.9,11.6,0.0,0.0,1331.6,27.3,42.8,1250.1,11.6,501,,BUXAR,
Bihar,Buxar,IMD110-P498,2009,0.0,0.0,0.0,0.1,15.5,20.2,158.9,300.2,102.1,32.5,7.3,0.1,636.8,0.0,15.6,581.4,39.8,501,,BUXAR,
Bihar,Buxar,IMD110-P498,2010,0.0,0.7,0.0,0.0,9.0,11.5,161.7,142.4,152.1,32.4,0.3,0.0,510.0,0.8,9.0,467.6,32.7,501,,BUXAR,
Bihar,Champaran East,IMD110-P502,1901,63.1,10.6,15.0,0.0,128.4,202.8,318.0,315.4,103.4,6.8,0.0,1.4,1164.8,73.7,143.4,939.6,8.1,502,,CHAMPARAN.EAST,
Bihar,Champaran East,IMD110-P502,1902,0.0,0.0,42.8,15.9,92.2,140.7,456.9,275.6,423.3,39.4,0.0,0.0,1486.7,0.0,150.9,1296.4,39.4,502,,CHAMPARAN.EAST,
Bihar,Champaran East,IMD110-P502,1903,2.8,2.7,2.0,0.0,19.6,338.4,117.0,534.0,122.8,210.6,0.0,0.0,1349.8,5.4,21.6,1112.2,210.6,502,,CHAMPARAN.EAST,
Bihar,Champaran East,IMD110-P502,1904,6.1,0.2,0.0,0.0,109.3,153.4,406.7,402.4,10.1,132.6,45.9,21.8,1288.5,6.3,109.3,972.5,200.4,502,,CHAMPARAN.EAST,
Bihar,Champaran East,IMD110-P502,1905,15.2,27.6,20.6,8.4,88.5,74.9,471.0,796.7,238.8,3.4,0.0,0.0,1745.1,42.8,117.5,1581.4,3.4,502,,CHAMPARAN.EAST,
Bihar,Champaran East,IMD110-P502,1906,2.4,43.8,3.6,0.5,27.0,250.4,346.3,751.3,64.6,17.7,0.0,0.0,1507.6,46.2,31.1,1412.7,17.7,502,,CHAMPARAN.EAST,
Bihar,Champaran East,IMD110-P502,1907,2.8,34.8,48.9,17.9,5.3,184.6,284.7,143.4,80.7,0.2,0.0,0.0,803.3,37.6,72.1,693.4,0.2,502,,CHAMPARAN.EAST,
Bihar,Champaran East,IMD110-P502,1908,6.1,13.8,4.5,0.0,10.3,69.0,187.9,164.2,244.0,33.5,0.0,0.0,733.4,19.9,14.8,665.1,33.5,502,,CHAMPARAN.EAST,
Bihar,Champaran East,IMD110-P502,1909,2.6,5.8,0.0,138.0,27.3,366.2,287.4,377.4,62.2,94.8,0.0,9.1,1370.8,8.4,165.3,1093.3,103.9,502,,CHAMPARAN.EAST,
Bihar,Champaran East,IMD110-P502,1910,5.2,0.2,1.6,9.8,41.8,245.8,488.7,263.1,146.4,74.9,12.4,0.0,1289.9,5.3,53.3,1144.0,87.3,502,,CHAMPARAN.EAST,
Bihar,Champaran East,IMD110-P502,1911,18.9,0.0,26.7,6.7,41.2,308.8,164.8,423.5,138.7,104.7,21.5,0.0,1255.4,18.9,74.6,1035.8,126.2,502,,CHAMPARAN.EAST,
Bihar,Champaran East,IMD110-P502,1912,16.4,4.6,17.8,41.5,40.3,125.2,318.9,273.3,60.8,0.0,28.6,0.0,927.3,21.0,99.6,778.1,28.6,502,,CHAMPARAN.EAST,
Bihar,Champaran East,IMD110-P502,1913,0.0,51.8,35.7,0.6,137.1,403.3,244.7,374.8,346.8,108.8,0.0,20.3,1723.9,51.8,173.4,1369.6,129.1,502,,CHAMPARAN.EAST,
Bihar,Champaran East,IMD110-P502,1914,0.0,18.5,10.9,21.6,95.3,74.4,273.6,484.9,121.3,15.7,0.0,0.0,1116.0,18.5,127.8,954.1,15.7,502,,CHAMPARAN.EAST,
Bihar,Champaran East,IMD110-P502,1915,2.6,39.8,43.2,4.1,48.8,89.7,329.1,567.7,306.3,104.0,4.5,0.4,1540.0,42.5,96.1,1292.7,108.8,502,,CHAMPARAN.EAST,
Bihar,Champaran East,IMD110-P502,1916,0.0,16.6,0.0,33.4,24.8,253.3,499.9,353.6,263.5,92.2,0.0,0.0,1537.3,16.6,58.2,1370.3,92.2,502,,CHAMPARAN.EAST,
Bihar,Champaran East,IMD110-P502,1917,0.0,18.8,1.1,8.8,95.3,257.4,404.8,156.6,257.8,21.6,0.0,0.0,1222.3,18.8,105.3,1076.7,21.6,502,,CHAMPARAN.EAST,
Bihar,Champaran East,IMD110-P502,1918,0.1,0.0,2.5,58.0,236.1,241.7,292.1,363.6,329.9,15.8,0.0,0.0,1539.8,0.1,296.6,1227.3,15.8,502,,CHAMPARAN.EAST,
Bihar,Champaran East,IMD110-P502,1919,17.2,6.0,1.6,17.6,73.0,209.8,309.4,183.3,190.5,20.6,0.0,0.0,1028.9,23.2,92.2,893.0,20.6,502,,CHAMPARAN.EAST,
Bihar,Champaran East,IMD110-P502,1920,0.0,12.9,13.6,0.0,35.9,165.2,462.3,292.5,279.2,1.7,0.0,0.0,1263.4,12.9,49.6,1199.2,1.7,502,,CHAMPARAN.EAST,
Bihar,Champaran East,IMD110-P502,1921,41.2,0.0,30.8,38.2,37.5,149.4,337.0,472.1,410.4,40.5,0.0,0.0,1557.1,41.2,106.4,1368.9,40.5,502,,CHAMPARAN.EAST,
Bihar,Champaran East,IMD110-P502,1922,17.4,2.8,0.0,5.6,14.8,460.0,440.1,470.3,319.6,7.4,0.0,18.0,1756.0,20.2,20.4,1690.0,25.5,502,,CHAMPARAN.EAST,
Bihar,Champaran East,IMD110-P502,1923,3.5,53.3,0.0,12.7,37.1,154.4,230.6,224.1,259.2,213.9,0.0,0.0,1188.8,56.8,49.8,868.3,213.9,502,,CHAMPARAN.EAST,
Bihar,Champaran East,IMD110-P502,1924,0.4,6.2,5.2,7.6,10.7,271.1,528.4,438.4,467.0,57.2,18.1,0.0,1810.2,6.5,23.5,1704.9,75.3,502,,CHAMPARAN.EAST,
Bihar,Champaran East,IMD110-P502,1925,6.5,0.0,0.0,86.3,61.8,179.4,270.2,502.6,198.1,20.1,0.6,0.0,1325.6,6.5,148.1,1150.4,20.6,502,,CHAMPARAN.EAST,
Bihar,Champaran East,IMD110-P502,1926,29.7,1.8,57.4,17.7,46.6,63.5,429.3,266.8,227.9,34.8,0.0,1.0,1176.4,31.4,121.7,987.5,35.8,502,,CHAMPARAN.EAST,
Bihar,Champaran East,IMD110-P502,1927,6.8,22.4,22.8,3.9,79.5,128.0,283.1,220.5,307.9,33.9,54.9,0.4,1164.2,29.2,106.2,939.5,89.3,502,,CHAMPARAN.EAST,
Bihar,Champaran East,IMD110-P502,1928,15.5,48.6,0.0,12.4,57.0,214.9,454.7,350.2,144.5,89.9,0.0,5.5,1393.1,64.0,69.4,1164.3,95.4,502,,CHAMPARAN.EAST,
Bihar,Champaran East,IMD110-P502,1929,26.5,0.7,29.9,19.7,57.3,292.2,308.1,287.6,107.7,141.0,0.0,33.0,1303.7,27.3,106.9,995.6,174.0,502,,CHAMPARAN.EAST,
Bihar,Champaran East,IMD110-P502,1930,16.3,21.4,23.9,3.7,44.4,158.1,302.1,124.3,445.5,43.2,0.5,19.2,1202.7,37.8,72.0,1030.0,62.9,502,,CHAMPARAN.EAST,
Bihar,Champaran East,IMD110-P502,1931,0.1,18.6,10.6,0.0,47.6,83.7,559.0,171.4,196.4,109.7,12.7,0.0,1209.7,18.7,58.2,1010.5,122.4,502,,CHAMPARAN.EAST,
Bihar,Champaran East,IMD110-P502,1932,0.0,0.5,0.4,10.8,32.2,199.3,91.1,296.6,206.1,3.1,70.1,18.8,929.0,0.5,43.3,793.1,92.0,502,,CHAMPARAN.EAST,
Bihar,Champaran East,IMD110-P502,1933,19.5,3.0,0.1,61.1,134.2,214.6,676.5,380.8,152.0,157.8,0.0,0.0,1799.5,22.5,195.4,1423.8,157.8,502,,CHAMPARAN.EAST,
Bihar,Champaran East,IMD110-P502,1934,34.0,15.8,1.0,11.8,11.2,248.2,530.8,196.8,302.0,29.5,0.2,0.0,1381.2,49.8,24.0,1277.7,29.6,503,,CHAMPARAN.EAST,
Bihar,Champaran East,IMD110-P502,1935,11.4,17.9,0.0,0.0,14.0,168.0,301.3,312.1,591.8,0.0,1.6,0.4,1418.6,29.2,14.1,1373.3,2.0,503,,CHAMPARAN.EAST,
Bihar,Champaran East,IMD110-P502,1936,0.8,13.8,4.9,3.6,100.5,271.0,594.7,210.5,375.6,11.7,0.0,11.3,1598.3,14.6,109.0,1451.7,23.0,503,,CHAMPARAN.EAST,
Bihar,Champaran East,IMD110-P502,1937,0.0,50.4,0.0,10.9,85.5,201.6,177.3,539.2,145.0,123.3,0.0,4.2,1337.4,50.4,96.5,1063.1,127.4,503,,CHAMPARAN.EAST,
Bihar,Champaran East,IMD110-P502,1938,15.3,19.8,0.0,2.4,106.2,441.1,369.5,441.0,133.2,13.8,0.0,0.0,1542.2,35.1,108.6,1384.8,13.8,503,,CHAMPARAN.EAST,
Bihar,Champaran East,IMD110-P502,1939,2.4,26.8,1.5,0.0,18.2,253.7,301.7,228.4,224.6,65.7,0.0,0.0,1122.9,29.1,19.7,1008.4,65.7,503,,CHAMPARAN.EAST,
Bihar,Champaran East,IMD110-P502,1940,1.2,40.3,48.9,1.4,36.6,212.2,475.1,231.6,212.3,4.2,0.0,0.5,1264.2,41.5,86.9,1131.1,4.7,503,,CHAMPARAN.EAST,
Bihar,Champaran East,IMD110-P502,1941,15.8,3.8,0.0,2.5,98.4,295.9,324.7,488.6,210.5,7.1,4.5,0.0,1451.9,19.7,100.9,1319.7,11.6,503,,CHAMPARAN.EAST,
Bihar,Champaran East,IMD110-P502,1942,72.2,32.7,11.6,14.2,32.1,251.6,196.4,261.7,459.4,0.8,0.0,0.0,1332.5,104.8,57.8,1169.1,0.8,503,,CHAMPARAN.EAST,
Bihar,Champaran East,IMD110-P502,1943,16.9,20.2,0.0,55.4,38.6,162.1,324.1,265.3,152.0,14.4,0.0,0.0,1049.1,37.1,94.0,903.6,14.4,503,,CHAMPARAN.EAST,
Bihar,Champaran East,IMD110-P502,1944,15.8,17.6,65.9,49.3,11.0,338.5,207.3,235.8,226.2,52.5,0.0,0.0,1220.0,33.4,126.2,1007.8,52.5,503,,CHAMPARAN.EAST,
Bihar,Champaran East,IMD110-P502,1945,48.4,5.5,3.1,31.7,63.9,132.6,171.3,203.8,235.2,156.4,0.0,4.4,1056.2,53.8,98.8,742.9,160.7,503,,CHAMPARAN.EAST,
Bihar,Champaran East,IMD110-P502,1946,0.0,14.5,3.4,49.8,110.7,149.2,434.0,273.5,290.3,128.4,4.9,0.0,1458.7,14.5,163.9,1146.9,133.3,503,,CHAMPARAN.EAST,
Bihar,Champaran East,IMD110-P502,1947,6.4,6.0,10.8,7.2,56.8,123.7,520.5,350.4,220.9,107.0,0.0,0.0,1409.7,12.5,74.9,1215.4,107.0,503,,CHAMPARAN.EAST,
Bihar,Champaran East,IMD110-P502,1948,2.1,12.6,0.1,15.1,69.4,82.5,568.7,276.7,200.3,114.1,31.6,0.0,1373.2,14.7,84.6,1128.1,145.7,503,,CHAMPARAN.EAST,
Bihar,Champaran East,IMD110-P502,1949,34.9,65.5,0.1,26.7,90.2,195.6,268.1,399.2,281.5,147.4,0.1,0.0,1509.6,100.4,117.1,1144.5,147.5,503,,CHAMPARAN.EAST,
Bihar,Champaran East,IMD110-P502,1950,13.5,5.0,29.6,1.6,64.1,360.3,199.2,389.7,109.6,3.5,0.0,1.4,1177.5,18.4,95.3,1058.8,4.9,503,,CHAMPARAN.EAST,
Bihar,Champaran East,IMD110-P502,1951,10.7,1.9,5.3,0.9,14.6,178.1,537.2,277.2,94.9,6.8,4.8,0.0,1132.4,12.5,20.7,1087.5,11.6,503,,CHAMPARAN.EAST,
Bihar,Champaran East,IMD110-P502,1952,2.4,9.6,38.5,47.5,61.3,249.4,298.1,390.1,341.7,15.3,2.0,0.0,1455.9,12.0,147.2,1279.2,17.4,503,,CHAMPARAN.EAST,
Bihar,Champaran East,IMD110-P502,1953,50.3,1.0,21.9,16.8,45.8,316.0,587.3,184.2,276.9,7.5,5.5,1.7,1514.9,51.3,84.5,1364.3,14.7,503,,CHAMPARAN.EAST,
Bihar,Champaran East,IMD110-P502,1954,6.2,1.2,0.0,0.0,49.8,112.2,372.4,355.8,105.7,14.8,0.0,0.1,1018.1,7.4,49.8,946.0,14.9,503,,CHAMPARAN.EAST,
Bihar,Champaran East,IMD110-P502,1955,9.1,6.7,0.4,17.8,21.1,185.5,536.9,273.9,301.5,17.2,0.0,0.0,1370.0,15.8,39.3,1297.7,17.2,503,,CHAMPARAN.EAST,
Bihar,Champaran East,IMD110-P502,1956,16.1,29.8,6.6,8.7,134.9,392.9,256.2,334.2,330.3,124.2,48.4,3.1,1685.4,45.9,150.2,1313.6,175.6,503,,CHAMPARAN.EAST,
Bihar,Champaran East,IMD110-P502,1957,73.0,0.1,3.8,0.0,1.8,98.1,340.5,428.0,102.4,15.9,0.0,2.0,1065.7,73.1,5.7,969.0,17.9,503,,CHAMPARAN.EAST,
Bihar,Champaran East,IMD110-P502,1958,22.6,0.0,2.7,41.1,16.3,169.2,300.0,557.6,170.9,108.3,0.0,0.0,1388.8,22.6,60.2,1197.8,108.3,503,,CHAMPARAN.EAST,
Bihar,Champaran East,IMD110-P502,1959,70.9,0.3,9.3,24.5,23.1,165.8,172.6,234.8,135.4,290.4,0.0,0.0,1127.2,71.2,56.9,708.6,290.4,503,,CHAMPARAN.EAST,
Bihar,Champaran East,IMD110-P502,1960,0.0,0.1,62.9,1.0,22.0,184.4,353.6,313.5,422.6,34.1,5.3,0.0,1399.4,0.1,85.9,1274.1,39.4,503,,CHAMPARAN.EAST,
Bihar,Champaran East,IMD110-P502,1961,10.5,54.7,0.0,3.4,25.9,296.2,145.4,288.2,103.5,192.2,0.0,11.9,1131.8,65.2,29.3,833.3,204.0,503,,CHAMPARAN.EAST,
Bihar,Champaran East,IMD110-P502,1962,22.3,28.8,8.8,6.7,58.1,182.6,308.2,530.5,89.0,5.1,0.0,4.2,1244.3,51.1,73.6,1110.3,9.3,503,,CHAMPARAN.EAST,
Bihar,Champaran East,IMD110-P502,1963,6.5,0.0,25.3,12.5,54.4,211.5,483.0,252.3,214.9,110.7,30.4,0.0,1401.5,6.5,92.2,1161.7,141.1,503,,CHAMPARAN.EAST,
Bihar,Champaran East,IMD110-P502,1964,0.5,0.7,6.0,37.7,108.0,65.0,452.6,163.6,259.2,19.2,0.0,0.0,1112.4,1.2,151.6,940.4,19.2,503,,CHAMPARAN.EAST,
Bihar,Champaran East,IMD110-P502,1965,1.8,2.1,17.7,4.3,3.1,140.4,371.1,391.3,156.4,46.6,6.2,22.8,1163.9,4.0,25.1,1059.2,75.6,503,,CHAMPARAN.EAST,
Bihar,Champaran East,IMD110-P502,1966,44.7,23.5,0.0,0.0,57.7,169.2,162.5,396.6,123.9,25.3,3.8,8.4,1015.7,68.2,57.7,852.2,37.5,503,,CHAMPARAN.EAST,
Bihar,Champaran East,IMD110-P502,1967,0.0,0.0,11.9,23.7,22.1,142.0,376.5,230.4,259.5,6.6,0.0,1.9,1074.5,0.0,57.6,1008.3,8.5,503,,CHAMPARAN.EAST,
Bihar,Champaran East,IMD110-P502,1968,47.5,2.1,8.1,6.9,36.1,221.2,370.7,218.2,81.5,73.4,0.0,8.8,1074.4,49.6,51.1,891.5,82.2,504,,CHAMPARAN.EAST,
Bihar,Champaran East,IMD110-P502,1969,0.4,2.2,5.6,30.7,58.3,312.1,405.9,503.5,259.3,23.7,0.3,0.0,1602.0,2.5,94.6,1480.8,24.0,504,,CHAMPARAN.EAST,
Bihar,Champaran East,IMD110-P502,1970,7.1,18.9,4.1,6.3,66.5,274.2,270.7,219.1,328.4,22.2,0.0,0.0,1217.6,26.0,76.9,1092.4,22.2,504,,CHAMPARAN.EAST,
Bihar,Champaran East,IMD110-P502,1971,0.5,8.9,16.2,136.3,112.3,260.0,306.9,374.1,99.4,78.1,1.5,0.0,1394.2,9.4,264.8,1040.4,79.6,504,,CHAMPARAN.EAST,
Bihar,Champaran East,IMD110-P502,1972,1.9,28.0,9.8,0.0,0.1,153.6,173.9,126.2,329.4,64.2,7.8,0.0,894.5,29.9,9.8,783.0,71.9,504,,CHAMPARAN.EAST,
Bihar,Champaran East,IMD110-P502,1973,47.7,7.7,4.9,11.1,139.6,261.6,,,536.1,,0.6,0.0,,55.3,155.7,,,504,missing_months,CHAMPARAN.EAST,
Bihar,Champaran East,IMD110-P502,1974,7.7,0.3,19.9,5.7,32.4,139.4,516.2,318.4,553.2,7.2,0.0,6.5,1607.0,8.0,58.0,1527.2,13.8,504,,CHAMPARAN.EAST,
Bihar,Champaran East,IMD110-P502,1975,14.0,3.7,11.5,2.8,23.8,245.0,481.0,160.6,407.4,59.7,0.0,0.0,1409.6,17.7,38.2,1294.0,59.7,504,,CHAMPARAN.EAST,
Bihar,Champaran East,IMD110-P502,1976,3.3,9.5,0.1,4.7,80.9,161.7,246.1,275.8,213.3,40.9,0.0,0.0,1036.3,12.8,85.7,897.0,40.9,504,,CHAMPARAN.EAST,
Bihar,Champaran East,IMD110-P502,1977,0.0,2.8,0.0,6.4,77.9,47.3,388.0,290.0,59.0,177.9,10.1,28.5,1088.0,2.8,84.3,784.3,216.5,504,,CHAMPARAN.EAST,
Bihar,Champaran East,IMD110-P502,1978,14.4,13.4,19.5,9.3,41.2,149.4,349.7,199.7,275.3,197.3,4.1,1.2,1274.4,27.9,69.9,974.0,202.6,504,,CHAMPARAN.EAST,
Bihar,Champaran East,IMD110-P502,1979,10.2,13.2,1.2,18.8,10.3,96.0,471.5,162.6,108.9,179.1,14.0,20.3,1105.9,23.4,30.2,838.9,213.4,504,,CHAMPARAN.EAST,
Bihar,Champaran East,IMD110-P502,1980,1.5,1.9,11.4,0.0,76.2,149.6,423.2,458.8,127.0,28.1,0.0,0.0,1277.8,3.4,87.7,1158.6,28.1,504,,CHAMPARAN.EAST,
Bihar,Champaran East,IMD110-P502,1981,22.6,0.7,18.5,38.1,64.8,146.2,549.8,393.5,214.9,0.3,6.1,0.0,1455.6,23.3,121.4,1304.5,6.4,504,,CHAMPARAN.EAST,
Bihar,Champaran East,IMD110-P502,1982,3.9,3.3,14.3,15.6,16.4,207.6,210.4,131.8,141.0,9.4,8.1,1.0,762.8,7.2,46.3,690.8,18.5,504,,CHAMPARAN.EAST,
Bihar,Champaran East,IMD110-P502,1983,14.2,2.8,4.6,50.1,78.4,34.6,405.0,304.2,144.6,76.0,0.0,21.5,1135.9,16.9,133.1,888.3,97.5,504,,CHAMPARAN.EAST,
Bihar,Champaran East,IMD110-P502,1984,19.6,20.9,1.2,11.7,66.7,349.0,504.2,118.7,315.8,8.4,0.0,6.3,1422.4,40.6,79.5,1287.7,14.7,504,,CHAMPARAN.EAST,
Bihar,Champaran East,IMD110-P502,1985,13.5,2.6,3.7,5.6,102.1,259.3,671.2,261.0,535.2,137.8,2.5,12.7,2007.2,16.1,111.3,1726.7,153.0,504,,CHAMPARAN.EAST,
Bihar,Champaran East,IMD110-P502,1986,3.8,24.2,3.3,12.2,58.3,153.4,427.4,352.2,182.8,67.2,0.0,46.7,1331.4,28.0,73.9,1115.7,113.9,504,,CHAMPARAN.EAST,
Bihar,Champaran East,IMD110-P502,1987,0.0,2.5,0.5,40.3,19.3,54.2,468.3,629.3,289.7,83.0,0.0,0.4,1587.4,2.5,60.1,1441.5,83.3,504,,CHAMPARAN.EAST,
Bihar,Champaran East,IMD110-P502,1988,0.0,8.7,13.2,42.0,77.7,136.0,369.3,564.3,192.5,15.4,0.0,21.1,1440.2,8.7,132.9,1262.1,36.5,504,,CHAMPARAN.EAST,
Bihar,Champaran East,IMD110-P502,1989,7.7,13.6,7.6,0.0,60.8,104.1,359.3,124.8,323.3,15.7,0.0,1.9,1019.0,21.4,68.4,911.6,17.6,504,,CHAMPARAN.EAST,
Bihar,Champaran East,IMD110-P502,1990,3.2,35.7,29.5,10.9,88.5,117.8,291.7,165.1,109.1,2.2,0.0,0.0,853.6,38.9,128.9,683.6,2.2,504,,CHAMPARAN.EAST,
Bihar,Champaran East,IMD110-P502,1991,9.6,0.5,1.6,7.7,24.8,206.0,155.9,352.8,113.2,1.9,0.0,2.7,876.8,10.1,34.1,828.0,4.6,504,,CHAMPARAN.EAST,
Bihar,Champaran East,IMD110-P502,1992,0.9,0.7,0.0,0.0,48.0,66.0,275.6,181.9,115.7,120.0,1.8,0.0,810.8,1.7,48.0,639.3,121.8,504,,CHAMPARAN.EAST,
Bihar,Champaran East,IMD110-P502,1993,1.0,0.7,2.5,5.3,23.2,148.4,318.4,432.8,298.7,34.1,38.6,1.8,1305.4,1.7,31.0,1198.3,74.4,504,,CHAMPARAN.EAST,
Bihar,Champaran East,IMD110-P502,1994,33.5,74.5,8.6,7.4,12.5,93.4,295.4,256.3,345.9,28.6,21.9,19.2,1197.1,108.0,28.5,990.9,69.7,504,,CHAMPARAN.EAST,
Bihar,Champaran East,IMD110-P502,1995,1.8,3.2,3.7,0.0,8.3,198.4,189.0,429.7,194.0,22.1,33.6,17.8,1101.5,4.9,12.0,1011.1,73.5,504,,CHAMPARAN.EAST,
Bihar,Champaran East,IMD110-P502,1996,39.8,20.7,0.0,0.4,11.6,330.4,311.6,332.8,142.5,116.2,0.0,0.0,1305.9,60.5,12.0,1117.3,116.2,504,,CHAMPARAN.EAST,
Bihar,Champaran East,IMD110-P502,1997,9.1,0.0,0.2,42.3,44.4,254.7,262.9,197.2,197.8,18.1,0.5,39.3,1066.4,9.1,86.9,912.5,57.9,504,,CHAMPARAN.EAST,
Bihar,Champaran East,IMD110-P502,1998,18.5,23.1,14.7,28.0,41.3,57.2,379.9,480.8,102.0,193.8,15.7,0.0,1355.2,41.6,84.0,1020.0,209.5,504,,CHAMPARAN.EAST,
Bihar,Champaran East,IMD110-P502,1999,0.0,0.0,0.0,0.4,87.5,340.5,413.6,460.7,69.1,123.9,0.3,0.0,1496.1,0.0,87.9,1284.0,124.2,504,,CHAMPARAN.EAST,
Bihar,Champaran East,IMD110-P502,2000,0.4,33.5,4.0,55.9,154.8,353.6,236.8,231.6,159.8,13.3,0.0,0.0,1243.5,33.9,214.6,981.7,13.3,504,,CHAMPARAN.EAST,
Bihar,Champaran East,IMD110-P502,2001,1.2,0.0,1.2,20.7,134.4,268.2,331.2,259.5,397.5,222.7,0.3,0.0,1637.0,1.2,156.3,1256.5,223.1,504,,CHAMPARAN.EAST,
Bihar,Champaran East,IMD110-P502,2002,49.7,15.5,2.4,10.3,79.1,162.7,485.0,178.1,232.5,7.6,2.2,0.0,1225.2,65.2,91.9,1058.3,9.8,505,,CHAMPARAN.EAST,
Bihar,Champaran East,IMD110-P502,2003,42.2,26.9,19.5,21.3,40.1,307.5,333.2,281.0,115.8,93.7,0.0,0.5,1281.5,69.1,80.8,1037.5,94.2,505,,CHAMPARAN.EAST,
Bihar,Champaran East,IMD110-P502,2004,31.4,0.4,6.6,26.2,104.5,279.6,784.9,210.0,57.4,19.9,0.0,0.0,1521.0,31.8,137.2,1332.0,19.9,505,,CHAMPARAN.EAST,
Bihar,Champaran East,IMD110-P502,2005,14.4,14.9,19.2,11.6,26.7,105.7,298.8,528.9,59.4,51.2,0.0,0.0,1130.8,29.3,57.5,992.8,51.2,505,,CHAMPARAN.EAST,
Bihar,Champaran East,IMD110-P502,2006,0.0,0.0,0.8,52.6,178.0,211.7,229.2,102.1,322.4,36.6,0.7,0.0,1133.9,0.0,231.3,865.3,37.3,505,,CHAMPARAN.EAST,
Bihar,Champaran East,IMD110-P502,2007,0.0,45.7,52.6,0.0,28.1,139.4,700.1,616.5,324.2,21.8,1.2,0.0,1929.6,45.7,80.7,1780.2,23.0,505,,CHAMPARAN.EAST,
Bihar,Champaran East,IMD110-P502,2008,4.2,4.8,4.2,13.5,79.0,302.7,449.1,301.8,144.4,28.9,0.0,0.1,1332.6,9.0,96.7,1198.0,29.0,505,,CHAMPARAN.EAST,
Bihar,Champaran East,IMD110-P502,2009,0.0,0.1,0.2,0.0,127.2,77.7,297.2,359.2,84.2,31.8,0.0,0.7,978.4,0.1,127.4,818.4,32.5,505,,CHAMPARAN.EAST,
Bihar,Champaran East,IMD110-P502,2010,0.1,0.3,0.0,37.0,50.7,120.6,144.0,45.3,31.9,64.0,90.0,40.4,624.3,0.4,87.7,341.8,194.3,505,,CHAMPARAN.EAST,
Bihar,Champaran West,IMD110-P506,1901,73.3,15.4,15.0,2.1,86.1,146.3,351.9,222.1,215.1,0.0,0.0,0.2,1127.5,88.7,103.2,935.4,0.2,506,,CHAMPARAN.WEST,
Bihar,Champaran West,IMD110-P506,1902,0.3,0.0,51.5,20.1,111.6,150.2,477.3,295.2,260.2,24.0,0.0,0.0,1390.5,0.3,183.2,1183.0,24.0,506,,CHAMPARAN.WEST,
Bihar,Champaran West,IMD110-P506,1903,9.7,0.0,1.6,8.3,44.2,327.6,262.4,755.9,233.9,212.3,0.2,0.0,1856.0,9.7,54.0,1579.8,212.4,506,,CHAMPARAN.WEST,
Bihar,Champaran West,IMD110-P506,1904,2.5,0.0,0.0,5.1,130.9,313.2,492.5,284.0,46.2,73.8,26.0,20.6,1394.8,2.5,136.0,1135.9,120.4,506,,CHAMPARAN.WEST,
Bihar,Champaran West,IMD110-P506,1905,26.6,33.7,15.5,21.9,70.3,148.7,479.7,474.8,143.5,1.5,0.0,0.8,1416.9,60.3,107.7,1246.7,2.3,506,,CHAMPARAN.WEST,
Bihar,Champaran West,IMD110-P506,1906,3.2,67.7,1.0,0.0,29.6,122.6,334.7,705.9,67.0,9.9,0.0,0.0,1341.8,70.9,30.6,1230.3,9.9,506,,CHAMPARAN.WEST,
Bihar,Champaran West,IMD110-P506,1907,0.3,23.1,49.5,21.0,38.0,91.8,402.4,195.9,139.9,14.8,0.0,0.0,976.7,23.4,108.6,830.0,14.8,506,,CHAMPARAN.WEST,
Bihar,Champaran West,IMD110-P506,1908,6.5,26.8,17.6,0.0,23.1,160.9,365.6,275.9,245.3,57.5,0.0,0.0,1179.3,33.2,40.7,1047.8,57.5,506,,CHAMPARAN.WEST,
Bihar,Champaran West,IMD110-P506,1909,5.2,2.8,0.0,66.8,38.4,259.7,303.2,490.7,127.5,79.9,0.0,10.1,1384.3,8.1,105.2,1181.1,90.0,506,,CHAMPARAN.WEST,
Bihar,Champaran West,IMD110-P506,1910,1.8,0.6,0.0,1.6,91.2,344.7,820.0,378.9,200.1,99.2,6.9,0.0,1945.0,2.4,92.8,1743.7,106.1,506,,CHAMPARAN.WEST,
Bihar,Champaran West,IMD110-P506,1911,25.6,0.0,30.2,13.9,76.4,270.6,179.1,571.1,130.6,151.8,23.5,0.0,1472.7,25.6,120.4,1151.4,175.3,506,,CHAMPARAN.WEST,
Bihar,Champaran West,IMD110-P506,1912,24.0,13.0,17.3,39.7,36.0,285.5,393.6,297.4,46.1,0.8,24.4,0.0,1177.7,37.0,92.9,1022.6,25.2,506,,CHAMPARAN.WEST,
Bihar,Champaran West,IMD110-P506,1913,0.0,39.9,17.1,11.1,115.9,346.5,275.6,248.4,348.7,32.8,0.0,33.4,1469.4,39.9,144.1,1219.1,66.3,506,,CHAMPARAN.WEST,
Bihar,Champaran West,IMD110-P506,1914,0.0,33.2,22.1,18.5,57.4,146.6,376.9,591.8,74.2,0.0,0.0,0.0,1320.9,33.2,98.1,1189.6,0.0,506,,CHAMPARAN.WEST,
Bihar,Champaran West,IMD110-P506,1915,0.1,66.7,49.1,25.5,50.7,131.8,521.6,732.7,428.5,252.2,1.1,1.4,2261.3,66.7,125.3,1814.6,254.6,506,,CHAMPARAN.WEST,
Bihar,Champaran West,IMD110-P506,1916,0.0,15.0,0.0,30.5,64.4,278.5,624.4,290.0,262.2,71.3,0.0,0.0,1636.4,15.0,95.0,1455.1,71.3,506,,CHAMPARAN.WEST,
Bihar,Champaran West,IMD110-P506,1917,2.8,30.4,25.9,0.2,117.4,390.0,488.1,139.1,332.0,17.0,0.0,0.9,1544.0,33.2,143.5,1349.3,17.9,506,,CHAMPARAN.WEST,
Bihar,Champaran West,IMD110-P506,1918,0.2,0.0,0.5,55.8,201.4,361.9,240.1,349.3,337.4,1.6,0.7,0.0,1548.8,0.2,257.6,1288.7,2.3,506,,CHAMPARAN.WEST,
Bihar,Champaran West,IMD110-P506,1919,19.8,6.8,0.3,5.9,23.6,215.4,305.5,164.3,220.2,42.0,0.0,0.0,1003.9,26.6,29.8,905.5,42.0,506,,CHAMPARAN.WEST,
Bihar,Champaran West,IMD110-P506,1920,0.0,6.9,14.9,0.0,50.9,164.5,295.0,287.9,223.6,13.6,0.0,0.0,1057.3,6.9,65.9,971.0,13.6,506,,CHAMPARAN.WEST,
Bihar,Champaran West,IMD110-P506,1921,37.6,0.0,24.4,64.2,9.5,110.1,347.8,355.2,230.8,67.2,0.0,0.0,1246.7,37.6,98.1,1043.9,67.2,506,,CHAMPARAN.WEST,
Bihar,Champaran West,IMD110-P506,1922,22.0,1.3,0.0,3.7,21.3,481.6,405.2,402.4,280.5,0.8,0.0,20.8,1639.6,23.3,25.0,1569.8,21.6,506,,CHAMPARAN.WEST,
Bihar,Champaran West,IMD110-P506,1923,5.3,46.4,0.0,25.8,19.5,102.6,216.7,274.2,416.7,195.6,0.0,0.0,1302.8,51.8,45.3,1010.2,195.6,506,,CHAMPARAN.WEST,
Bihar,Champaran West,IMD110-P506,1924,0.2,2.0,1.4,6.3,13.1,217.9,625.7,382.4,414.2,69.3,7.4,0.0,1739.8,2.1,20.7,1640.2,76.7,506,,CHAMPARAN.WEST,
Bihar,Champaran West,IMD110-P506,1925,6.3,0.0,2.9,53.2,69.0,281.6,431.7,566.7,188.9,48.6,0.8,0.0,1649.6,6.3,125.1,1468.9,49.4,506,,CHAMPARAN.WEST,
Bihar,Champaran West,IMD110-P506,1926,15.7,0.0,88.5,5.4,55.5,38.9,492.7,330.3,374.4,22.3,0.3,0.1,1423.8,15.7,149.3,1236.2,22.6,506,,CHAMPARAN.WEST,
Bihar,Champaran West,IMD110-P506,1927,18.4,35.6,12.4,6.8,55.5,196.7,345.5,163.6,464.2,43.6,84.4,2.0,1428.7,54.0,74.7,1169.9,130.1,506,,CHAMPARAN.WEST,
Bihar,Champaran West,IMD110-P506,1928,9.1,64.3,0.0,12.4,60.8,172.1,594.3,328.9,119.1,100.3,0.0,4.2,1465.3,73.4,73.2,1214.3,104.5,506,,CHAMPARAN.WEST,
Bihar,Champaran West,IMD110-P506,1929,28.8,0.7,6.3,7.9,67.2,356.4,262.1,274.1,86.3,80.7,0.0,30.6,1201.0,29.5,81.4,978.8,111.3,506,,CHAMPARAN.WEST,
Bihar,Champaran West,IMD110-P506,1930,24.9,19.9,16.8,15.1,50.9,193.5,205.8,191.3,575.5,107.5,4.2,22.6,1427.7,44.8,82.7,1166.0,134.2,506,,CHAMPARAN.WEST,
Bihar,Champaran West,IMD110-P506,1931,0.1,17.0,20.5,2.8,42.8,146.3,541.1,99.6,206.3,152.8,0.5,0.0,1229.8,17.1,66.1,993.3,153.2,506,,CHAMPARAN.WEST,
Bihar,Champaran West,IMD110-P506,1932,0.0,3.6,0.0,6.6,36.1,288.5,155.1,267.7,224.3,0.0,115.9,18.9,1116.6,3.6,42.7,935.6,134.8,506,,CHAMPARAN.WEST,
Bihar,Champaran West,IMD110-P506,1933,34.6,7.5,0.0,56.4,189.3,144.2,571.1,423.7,203.7,194.4,0.0,0.0,1824.9,42.1,245.7,1342.7,194.4,506,,CHAMPARAN.WEST,
Bihar,Champaran West,IMD110-P506,1934,24.1,30.9,1.5,25.4,20.9,388.3,763.2,289.1,387.6,29.2,9.4,0.0,1969.6,55.0,47.8,1828.3,38.6,507,,CHAMPARAN.WEST,
Bihar,Champaran West,IMD110-P506,1935,15.8,19.7,0.0,0.8,11.1,233.0,271.4,462.9,504.5,0.0,0.0,0.0,1519.2,35.4,12.0,1471.7,0.0,507,,CHAMPARAN.WEST,
Bihar,Champaran West,IMD110-P506,1936,0.6,32.3,2.8,12.4,152.1,349.3,743.0,164.4,455.3,0.7,0.0,3.3,1916.1,32.9,167.3,1711.9,4.0,507,,CHAMPARAN.WEST,
Bihar,Champaran West,IMD110-P506,1937,0.0,25.1,0.3,0.9,119.2,149.6,256.2,603.2,179.4,117.8,0.0,11.7,1463.4,25.1,120.4,1188.4,129.5,507,,CHAMPARAN.WEST,
Bihar,Champaran West,IMD110-P506,1938,10.2,22.2,0.0,4.2,101.3,637.5,594.2,517.0,244.1,17.1,0.0,0.0,2147.6,32.3,105.5,1992.8,17.1,507,,CHAMPARAN.WEST,
Bihar,Champaran West,IMD110-P506,1939,1.8,23.6,1.3,0.0,19.5,247.5,343.3,335.8,263.5,54.1,0.0,0.0,1290.3,25.4,20.8,1190.0,54.1,507,,CHAMPARAN.WEST,
Bihar,Champaran West,IMD110-P506,1940,1.8,41.6,49.1,3.8,58.1,215.7,600.2,219.6,210.9,1.4,0.0,0.1,1402.3,43.4,111.1,1246.4,1.5,507,,CHAMPARAN.WEST,
Bihar,Champaran West,IMD110-P506,1941,30.2,11.7,0.0,1.5,69.4,180.6,497.5,406.1,127.7,13.7,0.6,0.0,1338.9,41.9,70.8,1212.0,14.2,507,,CHAMPARAN.WEST,
Bihar,Champaran West,IMD110-P506,1942,58.2,30.8,4.7,13.3,38.8,196.6,211.5,295.6,257.7,0.8,0.0,0.0,1108.1,89.1,56.8,961.4,0.8,507,,CHAMPARAN.WEST,
Bihar,Champaran West,IMD110-P506,1943,12.8,23.1,0.0,40.9,37.3,227.9,278.0,287.4,177.5,2.7,0.0,0.0,1087.6,35.9,78.2,970.8,2.7,507,,CHAMPARAN.WEST,
Bihar,Champaran West,IMD110-P506,1944,9.2,32.8,64.4,49.5,29.6,303.3,269.3,234.4,261.0,74.0,0.0,0.0,1327.3,42.0,143.5,1067.9,74.0,507,,CHAMPARAN.WEST,
Bihar,Champaran West,IMD110-P506,1945,63.8,7.3,0.4,47.4,70.3,185.7,232.1,301.1,259.3,138.2,0.0,3.0,1308.6,71.2,118.0,978.3,141.1,507,,CHAMPARAN.WEST,
Bihar,Champaran West,IMD110-P506,1946,0.0,23.4,0.8,115.8,203.2,149.6,341.7,337.8,318.2,189.9,0.9,0.0,1681.2,23.4,319.8,1147.2,190.8,507,,CHAMPARAN.WEST,
Bihar,Champaran West,IMD110-P506,1947,0.6,0.5,5.2,2.3,59.2,84.0,453.3,361.6,234.2,60.4,0.0,0.0,1261.3,1.1,66.7,1133.1,60.4,507,,CHAMPARAN.WEST,
Bihar,Champaran West,IMD110-P506,1948,1.3,2.2,0.0,16.3,103.6,101.8,577.9,273.9,126.2,124.5,20.5,0.0,1348.2,3.6,119.9,1079.7,145.0,507,,CHAMPARAN.WEST,
Bihar,Champaran West,IMD110-P506,1949,20.3,43.0,0.0,32.9,150.6,156.5,228.9,379.4,328.6,143.5,0.0,0.0,1483.7,63.3,183.5,1093.4,143.5,507,,CHAMPARAN.WEST,
Bihar,Champaran West,IMD110-P506,1950,20.3,5.8,34.4,4.3,99.9,375.8,231.9,349.4,133.3,0.0,0.0,6.4,1261.5,26.1,138.6,1090.4,6.4,507,,CHAMPARAN.WEST,
Bihar,Champaran West,IMD110-P506,1951,21.7,1.8,8.4,0.0,5.2,224.6,430.4,427.3,94.0,8.4,15.1,0.0,1237.0,23.6,13.6,1176.2,23.5,507,,CHAMPARAN.WEST,
Bihar,Champaran West,IMD110-P506,1952,3.0,2.7,64.1,51.9,111.5,384.2,299.1,438.6,455.0,13.0,3.6,0.0,1826.8,5.7,227.6,1576.9,16.6,507,,CHAMPARAN.WEST,
Bihar,Champaran West,IMD110-P506,1953,46.1,4.1,16.3,14.7,40.6,358.0,562.7,222.7,284.8,28.4,0.0,1.8,1580.3,50.2,71.6,1428.3,30.2,507,,CHAMPARAN.WEST,
Bihar,Champaran West,IMD110-P506,1954,12.1,3.8,0.9,0.0,64.0,195.8,601.9,348.1,89.5,28.8,0.0,2.0,1347.0,15.9,64.9,1235.3,30.8,507,,CHAMPARAN.WEST,
Bihar,Champaran West,IMD110-P506,1955,6.3,6.2,4.5,21.7,53.2,410.3,633.1,264.9,445.7,18.2,0.0,0.6,1864.7,12.4,79.4,1754.0,18.8,507,,CHAMPARAN.WEST,
Bihar,Champaran West,IMD110-P506,1956,16.1,7.2,3.9,1.9,83.7,330.3,199.4,459.3,507.9,196.9,41.6,4.1,1852.3,23.3,89.4,1496.9,242.7,507,,CHAMPARAN.WEST,
Bihar,Champaran West,IMD110-P506,1957,66.7,0.0,2.8,0.0,0.6,173.6,552.4,368.1,133.6,26.6,0.0,8.2,1332.5,66.7,3.4,1227.6,34.9,507,,CHAMPARAN.WEST,
Bihar,Champaran West,IMD110-P506,1958,22.6,7.8,5.4,37.4,15.5,250.0,274.0,539.4,273.6,133.5,0.0,0.0,1559.1,30.3,58.2,1337.0,133.5,507,,CHAMPARAN.WEST,
Bihar,Champaran West,IMD110-P506,1959,53.9,2.0,2.8,30.3,42.8,86.1,159.7,303.7,132.7,253.3,0.0,0.0,1067.1,55.9,75.8,682.1,253.3,507,,CHAMPARAN.WEST,
Bihar,Champaran West,IMD110-P506,1960,0.0,0.0,46.9,1.6,23.4,161.3,293.5,337.2,268.1,25.7,9.3,0.0,1167.0,0.1,71.8,1060.1,35.0,507,,CHAMPARAN.WEST,
Bihar,Champaran West,IMD110-P506,1961,19.1,50.3,2.1,0.3,32.1,156.7,230.2,371.3,124.2,167.3,0.0,7.4,1161.0,69.4,34.4,882.4,174.7,507,,CHAMPARAN.WEST,
Bihar,Champaran West,IMD110-P506,1962,34.5,30.0,26.6,39.8,35.3,413.3,433.8,640.8,199.3,7.5,0.0,4.5,1865.5,64.6,101.8,1687.2,12.0,507,,CHAMPARAN.WEST,
Bihar,Champaran West,IMD110-P506,1963,7.7,0.0,20.5,11.7,66.1,245.0,499.1,276.9,306.1,57.5,12.7,0.0,1503.3,7.7,98.3,1327.2,70.2,507,,CHAMPARAN.WEST,
Bihar,Champaran West,IMD110-P506,1964,0.0,0.3,5.9,33.5,68.3,31.4,873.7,235.3,358.2,10.4,0.0,0.0,1616.8,0.3,107.6,1498.5,10.4,507,,CHAMPARAN.WEST,
Bihar,Champaran West,IMD110-P506,1965,6.6,2.3,12.1,4.4,13.6,137.8,452.7,509.6,160.2,49.9,2.8,14.4,1366.4,9.0,30.0,1260.3,67.1,507,,CHAMPARAN.WEST,
Bihar,Champaran West,IMD110-P506,1966,26.3,11.7,0.0,0.0,45.8,291.3,217.6,436.3,144.4,23.1,0.6,8.7,1205.8,38.0,45.8,1089.6,32.4,507,,CHAMPARAN.WEST,
Bihar,Champaran West,IMD110-P506,1967,0.0,0.0,23.5,20.2,31.6,259.2,477.6,229.5,172.7,2.5,0.0,1.0,1217.7,0.0,75.3,1139.0,3.4,507,,CHAMPARAN.WEST,
Bihar,Champaran West,IMD110-P506,1968,43.2,12.7,3.3,3.3,14.8,291.9,494.3,310.0,74.8,124.0,0.0,0.1,1372.4,55.9,21.4,1171.0,124.1,508,,CHAMPARAN.WEST,
Bihar,Champaran West,IMD110-P506,1969,0.0,0.0,0.2,36.9,68.0,251.7,415.4,410.3,274.8,19.8,0.3,0.0,1477.4,0.0,105.1,1352.2,20.1,508,,CHAMPARAN.WEST,
Bihar,Champaran West,IMD110-P506,1970,17.6,20.4,9.4,7.3,62.7,306.4,516.0,223.3,262.5,52.8,0.0,0.0,1478.5,38.0,79.5,1308.2,52.8,508,,CHAMPARAN.WEST,
Bihar,Champaran West,IMD110-P506,1974,0.6,4.0,11.2,6.5,66.4,128.9,627.3,484.9,488.5,37.8,0.0,5.2,1861.5,4.7,84.2,1729.6,43.0,508,,CHAMPARAN.WEST,
Bihar,Champaran West,IMD110-P506,1975,31.5,6.0,14.1,6.1,20.1,411.0,588.9,203.6,235.4,75.1,0.0,0.0,1591.8,37.5,40.3,1438.9,75.1,508,,CHAMPARAN.WEST,
Bihar,Champaran West,IMD110-P506,1976,2.3,8.8,2.7,0.0,106.1,241.1,287.3,204.1,129.7,36.3,0.0,0.0,1018.4,11.1,108.8,862.2,36.3,508,,CHAMPARAN.WEST,
Bihar,Champaran West,IMD110-P506,1977,2.2,10.6,0.0,63.9,166.9,101.6,328.7,469.4,72.9,149.4,19.1,32.0,1416.7,12.8,230.9,972.6,200.5,508,,CHAMPARAN.WEST,
Bihar,Champaran West,IMD110-P506,1978,16.0,12.2,16.4,70.6,55.0,305.5,455.9,270.9,340.4,125.3,4.0,4.8,1677.2,28.2,142.0,1372.8,134.2,508,,CHAMPARAN.WEST,
Bihar,Champaran West,IMD110-P506,1979,16.0,11.3,0.1,33.3,5.3,184.3,702.5,240.3,87.7,119.8,6.3,22.1,1428.9,27.2,38.7,1214.8,148.2,508,,CHAMPARAN.WEST,
Bihar,Champaran West,IMD110-P506,1980,0.5,3.8,10.1,0.0,94.8,286.6,465.2,443.5,185.0,58.9,0.0,0.0,1548.3,4.3,104.9,1380.2,58.9,508,,CHAMPARAN.WEST,
Bihar,Champaran West,IMD110-P506,1981,40.4,3.8,26.5,48.1,147.5,202.4,645.6,335.5,286.6,0.6,11.0,0.0,1747.9,44.2,222.0,1470.1,11.6,508,,CHAMPARAN.WEST,
Bihar,Champaran West,IMD110-P506,1982,13.5,6.7,19.3,23.9,28.2,278.5,403.6,187.1,250.1,14.6,7.9,7.4,1240.6,20.1,71.4,1119.3,29.8,508,,CHAMPARAN.WEST,
Bihar,Champaran West,IMD110-P506,1983,27.1,0.0,3.5,28.8,110.6,35.7,466.7,203.2,175.5,43.3,0.0,29.2,1123.6,27.1,142.9,881.1,72.5,508,,CHAMPARAN.WEST,
Bihar,Champaran West,IMD110-P506,1984,31.4,7.4,0.7,9.8,114.5,306.1,737.1,139.3,295.8,10.4,21.3,13.9,1687.8,38.8,125.0,1478.3,45.6,508,,CHAMPARAN.WEST,
Bihar,Champaran West,IMD110-P506,1985,14.4,2.4,0.0,15.4,91.3,271.7,602.0,173.2,453.1,143.4,0.6,30.3,1797.8,16.8,106.7,1500.1,174.3,508,,CHAMPARAN.WEST,
Bihar,Champaran West,IMD110-P506,1986,1.8,34.7,0.1,25.1,88.7,250.0,355.7,711.9,513.2,157.4,1.3,57.8,2197.8,36.5,113.9,1830.8,216.5,508,,CHAMPARAN.WEST,
Bihar,Champaran West,IMD110-P506,1987,0.6,12.9,6.1,47.2,26.3,124.3,420.5,689.4,261.7,120.6,0.0,7.2,1716.8,13.5,79.6,1495.9,127.7,508,,CHAMPARAN.WEST,
Bihar,Champaran West,IMD110-P506,1988,0.0,18.5,31.2,62.1,108.9,157.4,514.4,600.6,294.8,39.5,0.0,57.8,1885.1,18.5,202.2,1567.2,97.3,508,,CHAMPARAN.WEST,
Bihar,Champaran West,IMD110-P506,1989,12.8,17.0,5.6,0.0,101.8,110.8,586.7,218.8,326.8,10.5,0.0,2.8,1393.6,29.8,107.3,1243.1,13.3,508,,CHAMPARAN.WEST,
Bihar,Champaran West,IMD110-P506,1990,0.0,31.1,4.9,18.4,151.6,84.4,377.2,258.2,307.2,26.1,0.0,0.3,1259.3,31.1,174.8,1027.0,26.4,508,,CHAMPARAN.WEST,
Bihar,Champaran West,IMD110-P506,1991,19.0,1.7,11.7,0.9,33.5,305.8,245.7,391.3,120.6,3.8,0.0,30.5,1164.5,20.7,46.2,1063.4,34.2,508,,CHAMPARAN.WEST,
Bihar,Champaran West,IMD110-P506,1992,1.6,4.9,0.1,3.0,84.6,138.6,373.5,181.3,115.7,105.7,7.7,0.2,1017.0,6.5,87.8,809.1,113.6,508,,CHAMPARAN.WEST,
Bihar,Champaran West,IMD110-P506,1993,5.1,0.0,37.5,36.2,81.1,200.7,266.4,485.0,153.7,34.9,0.2,0.0,1300.7,5.1,154.7,1105.7,35.1,508,,CHAMPARAN.WEST,
Bihar,Champaran West,IMD110-P506,1994,21.6,15.8,0.6,4.6,34.0,109.5,245.2,271.8,504.3,3.9,0.0,0.0,1211.2,37.4,39.2,1130.8,3.9,508,,CHAMPARAN.WEST,
Bihar,Champaran West,IMD110-P506,1995,3.6,14.5,9.3,0.3,12.2,267.1,253.2,369.6,147.8,13.6,54.6,19.7,1165.7,18.1,21.8,1037.9,87.9,508,,CHAMPARAN.WEST,
Bihar,Champaran West,IMD110-P506,1996,48.1,40.9,0.0,1.6,9.6,171.8,318.1,291.9,168.6,79.9,0.0,0.0,1130.5,89.0,11.3,950.4,79.9,508,,CHAMPARAN.WEST,
Bihar,Champaran West,IMD110-P506,1997,15.0,0.7,17.2,58.0,52.0,198.6,299.1,177.4,156.7,14.7,1.6,31.2,1022.1,15.7,127.2,831.7,47.5,508,,CHAMPARAN.WEST,
Bihar,Champaran West,IMD110-P506,1998,9.6,14.6,33.1,27.4,60.9,112.9,562.6,668.8,73.0,60.4,11.6,0.0,1634.9,24.2,121.4,1417.3,72.1,508,,CHAMPARAN.WEST,
Bihar,Champaran West,IMD110-P506,1999,0.3,0.0,0.0,1.7,158.7,234.2,383.0,468.9,91.9,120.7,0.0,0.0,1459.2,0.3,160.4,1177.9,120.7,508,,CHAMPARAN.WEST,
Bihar,Champaran West,IMD110-P506,2000,0.6,48.4,15.3,80.1,235.5,631.5,387.8,352.7,168.6,5.6,0.0,0.1,1926.1,49.0,330.9,1540.5,5.7,508,,CHAMPARAN.WEST,
Bihar,Champaran West,IMD110-P506,2001,1.0,3.8,21.3,25.9,157.8,297.4,422.5,408.5,556.1,111.3,1.9,0.0,2007.7,4.8,205.1,1684.5,113.3,508,,CHAMPARAN.WEST,
Bihar,Champaran West,IMD110-P506,2002,41.5,29.8,3.0,28.0,173.5,212.7,645.7,225.7,211.3,7.1,9.5,2.0,1589.6,71.3,204.4,1295.3,18.6,508,,CHAMPARAN.WEST,
Bihar,Champaran West,IMD110-P506,2003,34.6,26.5,34.1,8.4,65.1,477.8,601.2,323.2,214.5,91.5,2.6,2.5,1882.0,61.1,107.6,1616.7,96.6,508,,CHAMPARAN.WEST,
Bihar,Champaran West,IMD110-P506,2004,10.4,1.0,1.1,74.6,128.4,210.9,487.9,174.6,164.7,119.0,2.6,0.0,1375.2,11.4,204.1,1038.1,121.6,508,,CHAMPARAN.WEST,
Bihar,Champaran West,IMD110-P506,2005,25.1,14.0,14.7,3.7,41.8,104.0,283.0,511.1,63.1,106.5,0.0,0.6,1167.6,39.1,60.1,961.2,107.1,509,,CHAMPARAN.WEST,
Bihar,Champaran West,IMD110-P506,2006,0.0,0.0,0.0,69.4,110.8,189.1,218.5,194.4,210.8,23.0,1.1,7.7,1024.9,0.0,180.2,812.8,31.9,509,,CHAMPARAN.WEST,
Bihar,Champaran West,IMD110-P506,2007,0.0,47.1,27.6,28.6,111.2,193.5,825.0,499.8,420.7,63.6,0.0,0.0,2217.1,47.1,167.3,1939.0,63.6,509,,CHAMPARAN.WEST,
Bihar,Champaran West,IMD110-P506,2008,2.4,0.3,5.4,0.0,44.9,340.7,530.6,394.3,164.4,15.9,0.0,0.0,1498.9,2.7,50.3,1430.0,15.9,509,,CHAMPARAN.WEST,
Bihar,Champaran West,IMD110-P506,2009,0.0,0.0,2.0,0.0,140.6,142.0,301.9,446.4,93.0,65.0,0.0,7.4,1198.2,0.0,142.6,983.3,72.4,509,,CHAMPARAN.WEST,
Bihar,Champaran West,IMD110-P506,2010,0.4,3.0,0.0,3.9,92.3,97.0,264.1,379.2,191.8,42.9,0.0,0.0,1074.6,3.4,96.2,932.1,42.9,509,,CHAMPARAN.WEST,
Bihar,Darbhanga,IMD110-P510,1901,55.2,2.8,17.3,0.0,120.4,167.8,199.5,378.8,94.9,0.0,9.8,0.0,1046.4,58.0,137.6,841.0,9.8,510,,DARBHANGA,
Bihar,Darbhanga,IMD110-P510,1902,0.0,0.0,46.0,16.1,122.9,141.0,367.0,257.0,456.5,43.0,0.0,0.0,1449.6,0.0,185.1,1221.5,43.0,510,,DARBHANGA,
Bihar,Darbhanga,IMD110-P510,1903,9.4,0.4,1.6,0.0,4.7,360.7,135.6,280.0,221.4,109.8,0.0,0.0,1123.6,9.8,6.3,997.7,109.8,510,,DARBHANGA,
Bihar,Darbhanga,IMD110-P510,1904,0.4,0.0,0.0,0.0,164.4,73.3,257.8,505.3,80.0,135.4,11.3,0.0,1227.8,0.4,164.4,916.3,146.7,510,,DARBHANGA,
Bihar,Darbhanga,IMD110-P510,1905,4.3,19.5,30.3,16.6,121.8,44.6,508.4,623.8,371.8,4.6,0.0,0.0,1745.7,23.9,168.7,1548.5,4.6,510,,DARBHANGA,
Bihar,Darbhanga,IMD110-P510,1906,4.3,37.8,3.9,0.0,53.5,153.0,418.4,703.8,82.6,16.1,0.0,0.0,1473.4,42.1,57.4,1357.8,16.1,510,,DARBHANGA,
Bihar,Darbhanga,IMD110-P510,1907,0.0,23.0,46.3,38.8,20.3,198.0,192.1,232.6,277.3,0.0,0.0,8.8,1037.2,23.0,105.3,900.0,8.8,510,,DARBHANGA,
Bihar,Darbhanga,IMD110-P510,1908,8.3,33.4,11.9,0.8,17.3,82.4,201.4,86.1,228.2,5.1,0.0,0.0,674.9,41.7,30.0,598.2,5.1,510,,DARBHANGA,
Bihar,Darbhanga,IMD110-P510,1909,1.1,1.8,0.0,98.6,33.7,645.3,328.1,264.1,88.3,13.1,0.0,2.3,1476.5,2.9,132.3,1325.8,15.4,510,,DARBHANGA,
Bihar,Darbhanga,IMD110-P510,1910,0.6,0.5,1.8,5.3,55.6,303.1,469.5,169.4,243.4,68.1,7.1,0.0,1324.5,1.1,62.7,1185.4,75.2,510,,DARBHANGA,
Bihar,Darbhanga,IMD110-P510,1911,8.4,0.0,21.8,34.9,69.5,327.0,258.8,380.2,180.9,67.3,18.5,0.0,1367.3,8.4,126.2,1146.8,85.9,510,,DARBHANGA,
Bihar,Darbhanga,IMD110-P510,1912,2.2,5.5,21.8,21.1,69.9,190.0,244.0,216.6,110.9,2.9,118.8,0.0,1003.6,7.7,112.8,761.5,121.7,510,,DARBHANGA,
Bihar,Darbhanga,IMD110-P510,1913,0.0,36.7,10.9,0.3,89.0,528.5,254.4,461.8,286.3,25.4,0.0,21.1,1714.3,36.7,100.2,1530.9,46.5,510,,DARBHANGA,
Bihar,Darbhanga,IMD110-P510,1914,0.0,25.5,2.5,18.4,82.3,22.1,219.7,682.0,65.1,6.8,0.0,0.0,1124.4,25.5,103.2,988.9,6.8,510,,DARBHANGA,
Bihar,Darbhanga,IMD110-P510,1915,1.1,44.2,34.3,14.6,101.8,181.1,280.8,693.9,166.2,32.7,7.8,0.0,1558.5,45.3,150.6,1322.1,40.5,510,,DARBHANGA,
Bihar,Darbhanga,IMD110-P510,1916,0.0,11.9,0.0,21.6,15.3,162.2,453.3,429.6,274.4,58.7,0.0,0.0,1426.8,11.9,36.9,1319.3,58.7,510,,DARBHANGA,
Bihar,Darbhanga,IMD110-P510,1917,1.4,8.8,12.2,9.4,83.0,179.9,268.4,182.5,469.1,250.5,0.0,0.0,1465.1,10.2,104.6,1099.8,250.5,510,,DARBHANGA,
Bihar,Darbhanga,IMD110-P510,1918,0.0,0.0,2.1,35.9,46.5,179.4,394.4,494.6,192.4,25.5,0.0,0.0,1370.7,0.0,84.5,1260.7,25.5,510,,DARBHANGA,
Bihar,Darbhanga,IMD110-P510,1919,25.7,1.3,2.4,9.9,48.0,72.8,322.8,139.9,241.5,39.0,0.0,0.0,903.2,26.9,60.3,776.9,39.0,510,,DARBHANGA,
Bihar,Darbhanga,IMD110-P510,1920,0.0,32.2,26.7,0.0,12.7,109.3,228.0,172.3,533.5,0.0,0.0,0.0,1114.6,32.2,39.4,1043.0,0.0,510,,DARBHANGA,
Bihar,Darbhanga,IMD110-P510,1921,27.0,0.0,13.1,12.3,37.9,139.8,244.8,562.3,424.8,45.8,0.0,0.0,1507.9,27.0,63.4,1371.7,45.8,510,,DARBHANGA,
Bihar,Darbhanga,IMD110-P510,1922,7.3,8.9,0.0,13.6,8.7,403.4,359.8,411.4,193.4,2.4,0.0,13.2,1422.1,16.2,22.3,1368.0,15.6,510,,DARBHANGA,
Bihar,Darbhanga,IMD110-P510,1923,0.0,38.3,0.0,9.1,85.3,108.3,167.8,131.6,192.1,46.1,1.7,0.0,780.3,38.3,94.4,599.8,47.8,510,,DARBHANGA,
Bihar,Darbhanga,IMD110-P510,1924,0.0,2.4,1.3,12.5,43.8,148.0,270.0,239.2,330.7,58.3,53.9,0.0,1160.2,2.4,57.6,987.9,112.2,510,,DARBHANGA,
Bihar,Darbhanga,IMD110-P510,1925,5.9,0.0,0.2,60.7,44.4,105.0,230.0,591.1,301.6,9.6,3.9,0.0,1352.5,5.9,105.3,1227.7,13.5,510,,DARBHANGA,
Bihar,Darbhanga,IMD110-P510,1926,20.1,0.0,10.3,13.1,70.0,45.6,446.8,214.8,267.6,17.5,0.0,2.4,1108.1,20.1,93.4,974.7,19.9,510,,DARBHANGA,
Bihar,Darbhanga,IMD110-P510,1927,19.4,15.2,28.7,4.3,46.6,107.2,231.8,213.5,179.2,6.9,36.8,0.0,889.6,34.5,79.6,731.6,43.8,510,,DARBHANGA,
Bihar,Darbhanga,IMD110-P510,1928,23.9,12.2,0.0,14.0,29.2,138.8,441.7,406.1,51.9,111.7,0.0,11.5,1241.0,36.1,43.2,1038.5,123.2,510,,DARBHANGA,
Bihar,Darbhanga,IMD110-P510,1929,26.2,0.0,6.7,38.4,30.0,235.2,311.4,265.7,80.9,275.4,0.0,35.2,1305.1,26.2,75.1,893.2,310.6,510,,DARBHANGA,
Bihar,Darbhanga,IMD110-P510,1930,22.2,7.2,34.1,5.1,13.9,134.3,237.6,173.7,174.1,36.1,13.0,11.7,863.0,29.4,53.1,719.7,60.9,510,,DARBHANGA,
Bihar,Darbhanga,IMD110-P510,1931,0.2,14.5,4.3,0.0,26.3,80.4,495.2,163.4,212.1,90.9,14.8,0.3,1102.2,14.6,30.6,951.0,105.9,510,,DARBHANGA,
Bihar,Darbhanga,IMD110-P510,1932,0.0,5.3,0.0,39.9,9.7,174.4,87.6,234.8,267.3,13.7,86.4,17.8,936.8,5.3,49.6,764.0,117.9,510,,DARBHANGA,
Bihar,Darbhanga,IMD110-P510,1933,19.6,10.8,0.0,46.0,102.2,144.5,526.5,268.4,159.1,83.9,0.0,0.0,1361.1,30.5,148.2,1098.5,83.9,510,,DARBHANGA,
Bihar,Darbhanga,IMD110-P510,1934,27.0,14.9,2.1,0.0,13.6,222.9,377.5,157.4,210.5,58.7,3.1,0.0,1087.7,41.9,15.6,968.3,61.9,511,,DARBHANGA,
Bihar,Darbhanga,IMD110-P510,1935,4.1,16.9,0.0,0.0,49.0,136.6,177.2,414.3,538.9,2.0,0.0,0.0,1339.1,21.0,49.0,1267.1,2.0,511,,DARBHANGA,
Bihar,Darbhanga,IMD110-P510,1936,0.6,3.5,1.1,4.7,163.8,177.1,554.9,134.5,306.2,27.4,0.0,15.2,1388.9,4.1,169.5,1172.6,42.7,511,,DARBHANGA,
Bihar,Darbhanga,IMD110-P510,1937,0.0,47.9,0.3,28.9,160.4,155.8,127.5,501.7,179.7,251.8,0.0,0.5,1454.4,47.9,189.5,964.7,252.3,511,,DARBHANGA,
Bihar,Darbhanga,IMD110-P510,1938,8.9,14.3,0.0,0.0,143.4,426.9,265.3,455.0,88.2,11.6,0.0,0.0,1413.6,23.1,143.4,1235.4,11.6,511,,DARBHANGA,
Bihar,Darbhanga,IMD110-P510,1939,4.1,33.7,1.1,0.0,41.0,238.9,322.4,231.2,138.6,67.5,0.0,0.0,1078.4,37.7,42.1,931.1,67.5,511,,DARBHANGA,
Bihar,Darbhanga,IMD110-P510,1940,0.0,49.3,77.7,0.4,71.7,150.8,396.3,207.3,180.4,0.0,0.0,2.2,1136.2,49.3,149.8,934.8,2.2,511,,DARBHANGA,
Bihar,Darbhanga,IMD110-P510,1941,9.1,3.0,0.5,7.4,91.9,126.7,324.4,530.5,173.2,19.9,0.0,0.0,1286.6,12.1,99.7,1154.8,19.9,511,,DARBHANGA,
Bihar,Darbhanga,IMD110-P510,1942,39.9,22.4,10.3,13.5,29.7,184.3,174.8,209.9,547.0,11.3,0.0,0.1,1243.2,62.3,53.5,1116.0,11.4,511,,DARBHANGA,
Bihar,Darbhanga,IMD110-P510,1943,20.8,12.4,0.0,54.5,24.1,178.3,276.9,252.3,207.1,47.6,0.0,0.0,1073.9,33.2,78.5,914.5,47.6,511,,DARBHANGA,
Bihar,Darbhanga,IMD110-P510,1944,20.4,11.4,29.9,44.4,15.5,318.5,153.1,178.5,277.6,20.2,0.0,0.0,1069.7,31.9,89.9,927.8,20.2,511,,DARBHANGA,
Bihar,Darbhanga,IMD110-P510,1945,55.8,19.6,1.4,32.9,100.2,92.1,177.2,246.6,327.2,189.4,0.0,0.4,1242.8,75.4,134.5,843.1,189.7,511,,DARBHANGA,
Bihar,Darbhanga,IMD110-P510,1946,0.0,13.9,1.7,47.4,121.1,115.1,373.2,162.6,332.0,88.4,14.1,0.0,1269.4,13.9,170.1,982.9,102.5,511,,DARBHANGA,
Bihar,Darbhanga,IMD110-P510,1947,10.6,4.8,4.8,10.8,82.0,139.6,450.6,169.0,191.5,50.5,0.0,0.0,1114.2,15.4,97.6,950.7,50.5,511,,DARBHANGA,
Bihar,Darbhanga,IMD110-P510,1948,2.7,8.4,0.2,25.8,77.9,90.6,413.9,278.7,166.3,73.7,34.3,0.0,1172.5,11.1,103.9,949.5,108.0,511,,DARBHANGA,
Bihar,Darbhanga,IMD110-P510,1949,5.8,45.9,0.0,83.2,87.3,292.2,425.2,386.2,265.0,221.9,0.0,0.0,1812.7,51.7,170.5,1368.6,221.9,511,,DARBHANGA,
Bihar,Darbhanga,IMD110-P510,1950,5.9,6.1,32.5,0.6,40.2,229.4,168.8,290.9,37.6,2.0,0.0,0.0,814.0,11.9,73.4,726.7,2.0,511,,DARBHANGA,
Bihar,Darbhanga,IMD110-P510,1951,3.1,0.0,3.8,5.4,25.4,77.9,264.8,159.5,79.0,40.9,14.6,0.0,674.3,3.1,34.6,581.2,55.5,511,,DARBHANGA,
Bihar,Darbhanga,IMD110-P510,1952,0.0,11.7,20.0,34.8,72.0,273.1,182.9,183.2,219.4,7.8,8.5,0.0,1013.3,11.7,126.8,858.5,16.3,511,,DARBHANGA,
Bihar,Darbhanga,IMD110-P510,1953,45.9,1.5,6.7,22.2,75.3,197.7,415.8,205.4,237.3,79.5,0.0,0.0,1287.1,47.4,104.2,1056.1,79.5,511,,DARBHANGA,
Bihar,Darbhanga,IMD110-P510,1954,7.6,6.3,0.6,0.3,78.4,191.9,404.1,285.7,61.5,9.1,0.0,0.0,1045.5,13.9,79.2,943.3,9.1,511,,DARBHANGA,
Bihar,Darbhanga,IMD110-P510,1955,3.6,7.5,3.0,24.6,43.9,134.4,697.3,186.4,165.3,12.6,0.0,0.7,1279.3,11.1,71.5,1183.4,13.3,511,,DARBHANGA,
Bihar,Darbhanga,IMD110-P510,1956,24.3,0.8,8.6,7.1,75.0,454.9,183.3,293.5,345.6,140.7,57.2,4.1,1595.2,25.1,90.8,1277.3,202.0,511,,DARBHANGA,
Bihar,Darbhanga,IMD110-P510,1957,86.3,0.0,2.9,0.0,9.5,167.7,212.4,270.8,38.7,43.8,0.0,4.1,836.2,86.3,12.3,689.7,47.8,511,,DARBHANGA,
Bihar,Darbhanga,IMD110-P510,1958,17.1,0.7,2.7,49.7,20.8,190.2,102.9,555.4,211.8,60.5,0.0,0.0,1211.8,17.8,73.2,1060.2,60.5,511,,DARBHANGA,
Bihar,Darbhanga,IMD110-P510,1959,54.2,1.2,12.8,25.7,34.6,144.6,149.6,124.4,149.6,182.2,0.0,0.0,878.9,55.4,73.1,568.1,182.2,511,,DARBHANGA,
Bihar,Darbhanga,IMD110-P510,1960,0.0,0.0,48.4,0.0,36.5,86.8,216.0,188.7,357.6,13.8,0.0,0.0,947.8,0.0,84.9,849.0,13.8,511,,DARBHANGA,
Bihar,Darbhanga,IMD110-P510,1961,17.3,20.0,0.0,3.4,47.7,183.9,140.2,201.7,94.6,329.0,8.6,8.8,1055.2,37.3,51.1,620.4,346.5,511,,DARBHANGA,
Bihar,Darbhanga,IMD110-P510,1962,8.8,5.4,8.1,2.5,43.3,163.4,252.6,353.4,140.2,83.3,0.0,7.1,1068.0,14.2,53.9,909.5,90.4,511,,DARBHANGA,
Bihar,Darbhanga,IMD110-P510,1963,2.6,0.5,11.1,24.5,85.2,174.4,315.1,283.1,293.0,135.8,19.1,6.0,1350.3,3.1,120.8,1065.6,160.9,511,,DARBHANGA,
Bihar,Darbhanga,IMD110-P510,1964,0.0,0.4,0.0,18.0,62.6,112.6,495.1,127.5,127.4,27.6,0.0,0.0,971.1,0.4,80.6,862.5,27.6,511,,DARBHANGA,
Bihar,Darbhanga,IMD110-P510,1965,0.0,0.3,26.2,0.0,5.4,79.9,211.0,257.9,155.2,11.2,10.7,0.0,757.7,0.3,31.6,703.9,21.9,511,,DARBHANGA,
Bihar,Darbhanga,IMD110-P510,1966,24.2,11.4,0.0,0.0,74.4,10.6,140.0,276.4,70.7,18.5,43.0,2.8,672.0,35.6,74.4,497.7,64.3,511,,DARBHANGA,
Bihar,Darbhanga,IMD110-P510,1967,0.0,0.0,79.2,41.1,38.4,45.9,307.1,300.6,160.6,11.0,0.0,0.3,984.1,0.0,158.6,814.3,11.3,511,,DARBHANGA,
Bihar,Darbhanga,IMD110-P510,1968,33.8,1.6,4.7,0.0,32.9,296.8,274.8,253.2,64.4,150.5,0.0,1.8,1114.6,35.4,37.7,889.2,152.3,512,,DARBHANGA,
Bihar,Darbhanga,IMD110-P510,1969,5.7,18.9,11.2,14.3,75.9,233.6,302.4,312.7,111.1,8.4,30.8,0.0,1125.0,24.6,101.4,959.8,39.2,512,,DARBHANGA,
Bihar,Darbhanga,IMD110-P510,1970,6.5,17.4,0.0,21.5,48.0,205.4,217.8,165.0,244.1,19.8,0.0,0.0,945.5,23.9,69.5,832.3,19.8,512,,DARBHANGA,
Bihar,Darbhanga,IMD110-P510,1971,7.2,13.3,21.3,111.4,60.9,426.0,250.5,513.2,138.8,191.8,0.0,0.0,1734.4,20.5,193.6,1328.5,191.8,512,,DARBHANGA,
Bihar,Darbhanga,IMD110-P510,1972,7.2,49.8,0.0,0.0,9.2,21.8,107.4,147.1,319.0,16.2,,0.0,,57.0,9.2,595.3,,512,missing_months,DARBHANGA,
Bihar,Darbhanga,IMD110-P510,1973,72.1,,0.0,15.8,108.2,228.1,362.9,210.9,139.4,172.6,4.8,0.0,,,124.0,941.3,177.4,512,missing_months,DARBHANGA,
Bihar,Darbhanga,IMD110-P510,1974,5.0,0.4,15.3,23.9,65.5,174.4,479.5,423.7,141.8,42.7,0.0,5.8,1378.0,5.3,104.8,1219.4,48.5,512,,DARBHANGA,
Bihar,Darbhanga,IMD110-P510,1975,6.0,3.5,0.3,6.5,33.9,76.9,264.8,180.2,275.4,45.0,0.0,0.0,892.5,9.5,40.7,797.3,45.0,512,,DARBHANGA,
Bihar,Darbhanga,IMD110-P510,1976,1.7,24.7,0.0,1.9,115.8,148.8,209.1,244.9,276.7,29.3,0.0,0.0,1053.1,26.4,117.8,879.5,29.3,512,,DARBHANGA,
Bihar,Darbhanga,IMD110-P510,1977,0.1,0.7,5.1,19.1,68.7,34.1,264.4,191.3,51.6,133.7,0.8,11.6,781.3,0.8,93.0,541.4,146.1,512,,DARBHANGA,
Bihar,Darbhanga,IMD110-P510,1978,13.7,16.7,11.8,7.6,73.2,61.3,233.7,162.4,128.0,136.6,1.9,1.3,848.1,30.4,92.6,585.3,139.8,512,,DARBHANGA,
Bihar,Darbhanga,IMD110-P510,1979,10.2,8.6,1.5,53.1,1.6,81.8,444.0,113.1,53.2,148.0,42.7,14.8,972.5,18.8,56.2,692.0,205.6,512,,DARBHANGA,
Bihar,Darbhanga,IMD110-P510,1980,0.8,2.4,11.1,11.0,115.3,116.6,347.9,428.8,110.2,12.8,0.0,1.6,1158.4,3.2,137.4,1003.4,14.4,512,,DARBHANGA,
Bihar,Darbhanga,IMD110-P510,1981,23.0,2.2,21.4,66.9,72.1,91.9,525.1,327.5,127.4,0.0,2.5,0.0,1260.0,25.2,160.4,1071.9,2.6,512,,DARBHANGA,
Bihar,Darbhanga,IMD110-P510,1982,0.0,1.3,12.8,16.3,15.5,90.1,230.4,42.9,165.0,20.7,5.1,0.7,600.9,1.3,44.6,528.5,26.5,512,,DARBHANGA,
Bihar,Darbhanga,IMD110-P510,1983,11.4,5.5,4.5,45.2,88.1,135.0,373.8,131.4,185.0,101.6,0.0,16.5,1098.0,16.9,137.7,825.2,118.1,512,,DARBHANGA,
Bihar,Darbhanga,IMD110-P510,1984,22.4,36.0,0.0,8.5,82.7,255.9,411.1,87.7,214.8,10.7,0.0,0.0,1129.8,58.4,91.2,969.5,10.7,512,,DARBHANGA,
Bihar,Darbhanga,IMD110-P510,1985,10.3,0.0,0.0,25.1,103.1,136.8,641.6,318.4,323.5,217.7,2.5,6.1,1785.0,10.3,128.1,1420.4,226.2,512,,DARBHANGA,
Bihar,Darbhanga,IMD110-P510,1986,1.3,3.6,0.3,13.4,131.0,85.6,383.7,216.2,178.5,102.2,0.3,15.1,1131.3,4.9,144.8,864.0,117.6,512,,DARBHANGA,
Bihar,Darbhanga,IMD110-P510,1987,0.0,6.9,1.9,77.3,62.9,220.0,328.1,582.6,384.6,23.5,0.0,2.9,1690.7,6.9,142.2,1515.3,26.4,512,,DARBHANGA,
Bihar,Darbhanga,IMD110-P510,1988,0.1,19.0,9.6,60.5,26.4,265.9,366.8,440.4,161.1,11.5,0.2,13.1,1374.6,19.1,96.6,1234.1,24.8,512,,DARBHANGA,
Bihar,Darbhanga,IMD110-P510,1989,4.8,20.7,7.7,0.0,91.9,173.0,454.2,119.5,349.9,25.6,0.0,17.3,1264.6,25.5,99.6,1096.6,42.9,512,,DARBHANGA,
Bihar,Darbhanga,IMD110-P510,1990,0.0,24.1,35.6,14.5,62.5,86.2,403.5,138.8,236.9,18.9,0.0,0.0,1021.1,24.1,112.7,865.4,18.9,512,,DARBHANGA,
Bihar,Darbhanga,IMD110-P510,1991,25.1,2.8,12.4,17.9,16.7,145.6,159.0,324.8,163.1,2.9,0.0,11.6,882.0,28.0,47.0,792.5,14.6,512,,DARBHANGA,
Bihar,Darbhanga,IMD110-P510,1992,1.2,1.1,0.0,0.0,88.3,91.6,255.9,111.2,60.0,72.1,0.5,0.0,681.9,2.3,88.3,518.7,72.6,512,,DARBHANGA,
Bihar,Darbhanga,IMD110-P510,1993,14.9,8.6,10.2,30.7,68.9,220.2,192.9,298.9,268.7,26.2,3.4,0.0,1143.6,23.5,109.8,980.7,29.7,512,,DARBHANGA,
Bihar,Darbhanga,IMD110-P510,1994,30.4,21.2,0.2,2.0,30.0,46.0,204.0,274.3,251.9,3.8,0.0,0.0,863.9,51.6,32.3,776.1,3.8,512,,DARBHANGA,
Bihar,Darbhanga,IMD110-P510,1995,2.8,18.1,1.7,0.0,0.5,150.7,192.1,345.2,204.2,25.3,27.9,14.9,983.3,21.0,2.1,892.2,68.1,512,,DARBHANGA,
Bihar,Darbhanga,IMD110-P510,1996,25.0,5.5,0.0,4.1,9.7,249.7,278.9,220.0,74.4,105.0,0.0,0.0,972.3,30.5,13.8,823.0,105.0,512,,DARBHANGA,
Bihar,Darbhanga,IMD110-P510,1997,12.3,0.0,1.7,23.5,51.5,288.7,453.4,306.8,196.4,5.1,0.2,24.9,1364.5,12.3,76.7,1245.3,30.1,512,,DARBHANGA,
Bihar,Darbhanga,IMD110-P510,1998,14.0,15.7,29.4,49.5,31.0,84.2,419.2,396.9,171.2,57.2,8.3,0.0,1276.6,29.7,109.9,1071.6,65.5,512,,DARBHANGA,
Bihar,Darbhanga,IMD110-P510,1999,0.1,0.0,0.0,12.5,69.4,343.7,333.7,399.8,207.3,112.3,3.9,0.0,1482.6,0.1,81.9,1284.4,116.2,512,,DARBHANGA,
Bihar,Darbhanga,IMD110-P510,2000,0.1,7.3,0.7,27.8,53.9,116.9,148.1,217.4,250.2,34.8,0.0,0.0,857.2,7.4,82.4,732.6,34.8,512,,DARBHANGA,
Bihar,Darbhanga,IMD110-P510,2001,1.4,0.1,0.3,14.8,108.0,167.4,154.2,207.2,196.7,255.8,0.0,0.0,1105.8,1.4,123.1,725.5,255.8,512,,DARBHANGA,
Bihar,Darbhanga,IMD110-P510,2002,6.1,1.6,0.5,30.3,74.3,103.3,358.1,158.6,93.3,1.2,0.0,0.0,827.2,7.6,105.1,713.3,1.2,513,,DARBHANGA,
Bihar,Darbhanga,IMD110-P510,2003,5.6,44.7,10.1,34.2,51.0,337.4,155.2,180.3,67.5,90.0,0.0,2.3,978.3,50.3,95.3,740.4,92.4,513,,DARBHANGA,
Bihar,Darbhanga,IMD110-P510,2004,18.3,0.2,0.6,30.6,66.4,669.1,390.4,111.3,76.7,32.8,0.5,1.5,1398.4,18.5,97.7,1247.4,34.8,513,,DARBHANGA,
Bihar,Darbhanga,IMD110-P510,2005,15.4,16.2,24.1,19.3,41.3,84.0,239.4,282.9,88.6,19.0,0.0,0.0,830.1,31.5,84.7,694.9,19.0,513,,DARBHANGA,
Bihar,Darbhanga,IMD110-P510,2006,0.0,0.0,0.1,28.9,68.5,80.7,224.4,113.5,282.6,23.5,3.3,0.0,825.7,0.0,97.5,701.3,26.8,513,,DARBHANGA,
Bihar,Darbhanga,IMD110-P510,2007,0.0,37.8,12.8,18.2,109.6,243.5,519.9,408.4,484.9,58.1,0.0,0.0,1893.3,37.8,140.6,1656.8,58.1,513,,DARBHANGA,
Bihar,Darbhanga,IMD110-P510,2008,1.2,3.4,5.1,5.0,61.3,188.4,331.2,212.3,96.1,17.3,0.0,0.0,921.4,4.7,71.4,828.0,17.3,513,,DARBHANGA,
Bihar,Darbhanga,IMD110-P510,2009,0.0,0.0,0.9,0.1,50.2,28.9,330.7,364.7,112.4,52.5,0.0,0.0,940.5,0.0,51.2,836.7,52.6,513,,DARBHANGA,
Bihar,Darbhanga,IMD110-P510,2010,0.0,0.1,0.0,0.0,61.0,55.3,232.1,152.0,113.2,10.9,0.0,0.0,624.5,0.1,61.0,552.5,10.9,513,,DARBHANGA,
Bihar,Gaya,IMD110-P514,1901,80.3,28.5,7.1,0.0,56.1,8.2,237.1,398.6,244.9,6.9,4.2,0.0,1072.0,108.8,63.3,888.9,11.1,514,,GAYA,
Bihar,Gaya,IMD110-P514,1902,14.4,3.4,1.0,10.1,19.2,38.6,370.2,114.0,305.9,1.7,5.4,0.0,884.1,17.9,30.4,828.7,7.1,514,,GAYA,
Bihar,Gaya,IMD110-P514,1903,5.1,2.2,0.5,3.5,17.1,81.1,138.6,227.4,164.6,188.3,0.0,0.0,828.3,7.3,21.1,611.6,188.3,514,,GAYA,
Bihar,Gaya,IMD110-P514,1904,9.1,1.7,12.8,0.4,114.0,365.4,450.6,378.8,60.5,38.4,0.0,0.0,1431.5,10.8,127.2,1255.2,38.4,514,,GAYA,
Bihar,Gaya,IMD110-P514,1905,25.7,40.7,36.3,20.0,11.4,17.3,385.4,286.9,424.8,0.6,0.0,1.8,1250.7,66.3,67.7,1114.3,2.4,514,,GAYA,
Bihar,Gaya,IMD110-P514,1906,31.6,58.7,19.9,0.3,1.7,166.7,235.4,275.2,204.8,64.9,0.0,0.0,1059.3,90.3,21.9,882.2,64.9,514,,GAYA,
Bihar,Gaya,IMD110-P514,1907,1.3,94.3,27.9,25.2,22.6,391.4,215.9,400.0,152.6,0.0,0.0,1.6,1332.8,95.6,75.7,1159.8,1.6,514,,GAYA,
Bihar,Gaya,IMD110-P514,1908,31.4,53.5,0.5,0.0,5.9,93.9,245.9,162.3,111.1,28.3,0.0,1.4,734.3,84.9,6.4,613.3,29.7,514,,GAYA,
Bihar,Gaya,IMD110-P514,1909,30.3,19.0,0.0,47.1,0.9,358.1,328.4,376.5,226.5,4.3,0.0,2.5,1393.7,49.4,48.0,1289.4,6.9,514,,GAYA,
Bihar,Gaya,IMD110-P514,1910,3.5,7.9,14.5,21.8,22.0,151.3,247.1,441.7,423.4,22.5,76.3,0.0,1431.9,11.4,58.3,1263.4,98.8,514,,GAYA,
Bihar,Gaya,IMD110-P514,1911,1.6,0.0,39.0,2.5,8.6,260.9,63.6,525.8,246.6,88.0,20.2,0.0,1256.9,1.6,50.2,1096.8,108.2,514,,GAYA,
Bihar,Gaya,IMD110-P514,1912,0.7,10.4,0.6,5.4,27.2,42.3,295.1,262.3,91.1,2.6,74.9,0.0,812.5,11.1,33.2,690.7,77.5,514,,GAYA,
Bihar,Gaya,IMD110-P514,1913,0.0,31.1,24.6,0.0,49.2,241.0,308.1,518.3,210.3,81.4,0.0,15.1,1479.1,31.1,73.8,1277.7,96.5,514,,GAYA,
Bihar,Gaya,IMD110-P514,1914,0.0,22.1,16.0,2.6,37.5,84.1,259.6,312.5,55.9,17.8,0.0,0.1,808.2,22.1,56.2,712.0,17.9,514,,GAYA,
Bihar,Gaya,IMD110-P514,1915,9.0,84.4,1.8,8.5,35.0,86.5,297.7,208.6,138.9,12.2,47.0,0.0,929.6,93.4,45.3,731.7,59.2,514,,GAYA,
Bihar,Gaya,IMD110-P514,1916,0.0,19.3,0.0,1.1,12.0,260.3,250.4,196.6,257.5,170.9,0.1,0.0,1168.3,19.3,13.1,964.9,171.0,514,,GAYA,
Bihar,Gaya,IMD110-P514,1917,0.5,33.4,12.8,3.3,59.8,273.3,276.4,769.1,213.6,145.9,0.0,0.0,1788.1,33.9,75.9,1532.4,145.9,514,,GAYA,
Bihar,Gaya,IMD110-P514,1918,0.0,0.0,3.0,1.4,39.5,187.2,153.6,432.6,377.9,0.0,0.0,0.0,1195.3,0.0,44.0,1151.4,0.0,514,,GAYA,
Bihar,Gaya,IMD110-P514,1919,95.2,13.0,21.8,12.2,33.5,272.2,393.9,299.4,218.7,87.3,0.0,0.0,1447.2,108.2,67.6,1184.2,87.3,514,,GAYA,
Bihar,Gaya,IMD110-P514,1920,0.0,13.7,33.2,0.2,11.7,33.1,592.7,327.5,184.3,0.0,0.0,0.0,1196.4,13.7,45.1,1137.6,0.0,514,,GAYA,
Bihar,Gaya,IMD110-P514,1921,18.8,2.5,0.0,0.9,0.0,123.1,216.9,490.3,155.7,3.8,0.0,0.0,1012.0,21.3,0.9,986.0,3.8,514,,GAYA,
Bihar,Gaya,IMD110-P514,1922,13.9,1.9,0.0,6.3,10.8,165.1,346.1,326.5,217.6,19.2,2.5,0.0,1109.9,15.8,17.1,1055.3,21.7,514,,GAYA,
Bihar,Gaya,IMD110-P514,1923,0.6,32.5,0.7,0.0,4.8,228.1,372.3,418.7,34.6,33.3,6.0,2.5,1134.1,33.1,5.4,1053.8,41.8,514,,GAYA,
Bihar,Gaya,IMD110-P514,1924,2.4,37.0,0.4,0.0,1.2,38.0,550.3,237.0,240.0,46.2,128.7,0.0,1281.1,39.3,1.6,1065.2,174.9,514,,GAYA,
Bihar,Gaya,IMD110-P514,1925,0.9,9.4,29.0,4.4,4.2,112.3,416.6,310.2,179.6,9.1,39.5,0.0,1115.3,10.3,37.7,1018.7,48.6,514,,GAYA,
Bihar,Gaya,IMD110-P514,1926,9.9,0.4,40.0,13.7,10.3,39.5,446.5,332.2,183.6,42.4,12.0,17.0,1147.4,10.3,63.9,1001.8,71.4,514,,GAYA,
Bihar,Gaya,IMD110-P514,1927,44.7,45.8,52.5,0.0,22.5,35.5,280.9,239.0,249.1,25.0,39.8,0.0,1034.8,90.5,74.9,804.5,64.8,514,,GAYA,
Bihar,Gaya,IMD110-P514,1928,69.1,10.3,0.3,7.7,43.5,182.2,331.3,176.3,74.4,99.9,0.0,1.0,996.2,79.5,51.6,764.2,100.9,514,,GAYA,
Bihar,Gaya,IMD110-P514,1929,51.8,0.0,8.7,2.1,5.2,89.2,537.3,562.9,104.7,163.8,0.0,48.2,1574.0,51.8,16.1,1294.1,212.0,514,,GAYA,
Bihar,Gaya,IMD110-P514,1930,2.5,7.7,2.6,8.1,2.5,76.7,493.6,236.4,159.6,9.8,45.4,4.4,1049.5,10.3,13.3,966.3,59.6,514,,GAYA,
Bihar,Gaya,IMD110-P514,1931,0.0,55.5,9.1,0.0,0.0,20.8,314.5,201.0,157.5,54.4,6.1,0.2,819.1,55.5,9.1,693.8,60.7,514,,GAYA,
Bihar,Gaya,IMD110-P514,1932,0.0,18.0,0.0,7.2,16.5,54.3,218.5,219.4,127.3,26.5,83.4,0.6,771.7,18.0,23.7,619.5,110.4,514,,GAYA,
Bihar,Gaya,IMD110-P514,1933,73.4,25.5,0.8,58.8,44.5,165.1,229.0,341.1,111.6,39.0,0.0,0.0,1088.8,99.0,104.0,846.8,39.0,514,,GAYA,
Bihar,Gaya,IMD110-P514,1934,53.4,16.9,2.3,0.0,0.0,54.3,418.0,453.3,371.1,20.4,72.0,0.0,1461.6,70.3,2.3,1296.7,92.3,515,,GAYA,
Bihar,Gaya,IMD110-P514,1935,50.2,41.2,0.0,0.3,0.0,66.5,189.5,664.0,174.4,0.0,0.0,0.0,1186.1,91.4,0.3,1094.4,0.0,515,,GAYA,
Bihar,Gaya,IMD110-P514,1936,18.7,6.3,4.7,3.1,20.7,156.8,281.9,327.8,660.1,115.3,0.1,12.0,1607.5,25.0,28.4,1426.7,127.4,515,,GAYA,
Bihar,Gaya,IMD110-P514,1937,0.0,44.8,6.6,8.9,18.0,125.2,249.2,184.3,115.8,121.9,5.3,0.0,879.8,44.8,33.4,674.5,127.2,515,,GAYA,
Bihar,Gaya,IMD110-P514,1938,17.5,18.4,0.0,0.0,27.3,163.0,292.8,362.1,96.2,15.4,1.1,0.0,993.9,35.9,27.3,914.1,16.5,515,,GAYA,
Bihar,Gaya,IMD110-P514,1939,18.0,49.6,25.9,2.8,0.9,174.4,276.4,236.4,361.2,22.1,0.0,0.0,1167.6,67.6,29.6,1048.3,22.1,515,,GAYA,
Bihar,Gaya,IMD110-P514,1940,0.0,45.3,37.0,3.7,26.6,97.8,167.1,659.5,147.0,20.3,0.0,48.0,1252.2,45.3,67.3,1071.3,68.3,515,,GAYA,
Bihar,Gaya,IMD110-P514,1941,19.6,5.0,0.3,0.0,12.9,207.0,244.3,556.1,207.8,85.4,0.0,0.0,1338.4,24.6,13.2,1215.2,85.4,515,,GAYA,
Bihar,Gaya,IMD110-P514,1942,7.3,76.5,24.6,2.6,1.8,88.2,452.0,636.6,273.0,12.0,0.0,1.2,1575.8,83.8,28.9,1449.8,13.2,515,,GAYA,
Bihar,Gaya,IMD110-P514,1943,66.0,13.2,0.0,6.3,25.8,36.8,371.2,542.2,127.3,18.5,0.0,0.0,1207.2,79.2,32.0,1077.5,18.5,515,,GAYA,
Bihar,Gaya,IMD110-P514,1944,17.1,61.3,35.1,2.2,1.9,92.1,315.2,455.5,105.3,77.9,0.0,2.7,1166.3,78.4,39.2,968.1,80.6,515,,GAYA,
Bihar,Gaya,IMD110-P514,1945,61.7,37.0,0.0,6.7,14.9,113.5,267.3,219.3,291.3,153.3,0.0,3.1,1168.2,98.7,21.6,891.5,156.4,515,,GAYA,
Bihar,Gaya,IMD110-P514,1946,0.0,27.3,5.6,11.4,43.3,211.0,447.8,450.6,361.6,133.0,21.6,0.0,1713.2,27.3,60.3,1471.0,154.6,515,,GAYA,
Bihar,Gaya,IMD110-P514,1947,3.9,12.1,25.5,0.0,6.3,25.3,349.0,181.4,253.8,64.8,0.0,0.4,922.5,16.0,31.7,809.5,65.2,515,,GAYA,
Bihar,Gaya,IMD110-P514,1948,26.3,15.9,16.2,0.0,6.7,110.6,359.2,511.1,245.7,77.7,45.1,0.0,1414.5,42.2,22.9,1226.6,122.8,515,,GAYA,
Bihar,Gaya,IMD110-P514,1949,31.1,34.7,9.3,16.0,29.8,72.7,318.2,414.7,133.5,43.7,0.0,0.0,1103.5,65.7,55.1,939.0,43.7,515,,GAYA,
Bihar,Gaya,IMD110-P514,1950,5.8,10.3,16.1,0.3,6.9,142.4,249.0,330.7,134.8,8.6,0.0,7.6,912.5,16.1,23.3,856.9,16.2,515,,GAYA,
Bihar,Gaya,IMD110-P514,1951,15.1,2.2,13.8,18.6,2.2,158.5,255.9,253.4,102.4,14.9,0.0,0.0,836.9,17.2,34.6,770.2,14.9,515,,GAYA,
Bihar,Gaya,IMD110-P514,1952,0.0,11.8,1.6,0.6,24.2,173.5,180.2,324.6,246.0,26.9,0.0,1.8,991.2,11.8,26.4,924.3,28.7,515,,GAYA,
Bihar,Gaya,IMD110-P514,1953,25.8,0.7,4.9,7.6,0.5,163.9,431.9,325.2,252.2,9.6,0.2,0.0,1222.4,26.5,13.0,1173.1,9.8,515,,GAYA,
Bihar,Gaya,IMD110-P514,1954,10.8,23.3,3.6,1.0,0.0,114.3,171.8,411.5,163.2,14.1,0.0,0.0,913.7,34.1,4.7,860.9,14.1,515,,GAYA,
Bihar,Gaya,IMD110-P514,1955,54.3,10.6,2.1,1.0,8.3,48.9,240.8,193.2,126.2,32.9,0.4,0.0,718.7,64.9,11.4,609.0,33.3,515,,GAYA,
Bihar,Gaya,IMD110-P514,1956,20.7,0.6,15.7,0.0,63.2,181.8,141.3,155.5,266.9,164.0,1.5,15.7,1026.9,21.4,78.8,745.5,181.2,515,,GAYA,
Bihar,Gaya,IMD110-P514,1957,63.0,7.9,22.0,2.1,1.0,41.9,405.1,228.2,107.6,0.0,0.0,0.0,878.8,70.9,25.1,782.8,0.0,515,,GAYA,
Bihar,Gaya,IMD110-P514,1958,14.7,10.4,2.5,15.4,0.0,54.8,299.7,219.7,144.4,40.1,0.0,0.0,801.9,25.2,17.9,718.6,40.1,515,,GAYA,
Bihar,Gaya,IMD110-P514,1959,74.9,3.6,3.4,0.6,14.9,166.8,289.2,534.8,169.6,140.3,0.0,0.0,1398.1,78.6,18.9,1160.4,140.3,515,,GAYA,
Bihar,Gaya,IMD110-P514,1960,1.0,0.1,52.0,4.4,0.3,123.6,349.5,417.2,182.2,27.4,0.0,0.0,1157.8,1.1,56.8,1072.4,27.4,515,,GAYA,
Bihar,Gaya,IMD110-P514,1961,5.8,49.9,0.0,0.0,8.9,329.9,363.1,302.5,181.6,152.6,0.0,14.1,1408.5,55.6,8.9,1177.3,166.8,515,,GAYA,
Bihar,Gaya,IMD110-P514,1962,12.0,2.4,6.9,14.0,0.2,112.2,224.9,252.0,225.6,50.1,0.0,0.3,900.6,14.4,21.1,814.7,50.4,515,,GAYA,
Bihar,Gaya,IMD110-P514,1963,1.7,1.6,5.1,1.6,30.7,117.6,201.2,226.6,188.5,204.8,17.2,0.0,996.5,3.3,37.4,733.9,222.0,515,,GAYA,
Bihar,Gaya,IMD110-P514,1964,2.1,7.9,0.0,1.6,43.5,144.8,392.1,153.1,166.9,73.2,11.3,0.0,996.5,10.0,45.1,857.0,84.5,515,,GAYA,
Bihar,Gaya,IMD110-P514,1965,0.0,2.4,8.0,13.3,0.4,53.5,256.3,284.9,172.9,46.9,0.0,0.6,839.2,2.4,21.8,767.6,47.5,515,,GAYA,
Bihar,Gaya,IMD110-P514,1966,22.2,4.1,0.0,0.3,0.0,178.0,118.0,271.3,43.5,0.1,14.0,2.9,654.4,26.3,0.3,610.8,17.0,515,,GAYA,
Bihar,Gaya,IMD110-P514,1967,0.1,0.0,43.9,17.1,14.3,18.5,284.7,334.0,349.9,0.0,0.3,3.7,1066.5,0.1,75.3,987.0,4.0,515,,GAYA,
Bihar,Gaya,IMD110-P514,1968,23.1,2.8,3.6,0.1,7.7,225.4,279.7,307.0,51.3,42.0,0.0,15.5,958.2,26.0,11.4,863.4,57.5,516,,GAYA,
Bihar,Gaya,IMD110-P514,1969,8.7,13.4,2.1,2.4,51.4,89.2,291.6,405.0,243.0,0.4,18.7,5.8,1131.7,22.1,56.0,1028.8,24.9,516,,GAYA,
Bihar,Gaya,IMD110-P514,1970,47.7,23.3,3.9,0.0,15.8,179.5,228.5,125.2,206.0,25.0,0.0,0.0,854.9,71.0,19.6,739.2,25.0,516,,GAYA,
Bihar,Gaya,IMD110-P514,1971,35.9,15.7,0.3,102.2,27.8,244.2,440.6,396.6,177.5,97.2,0.0,0.0,1538.0,51.6,130.3,1258.9,97.2,516,,GAYA,
Bihar,Gaya,IMD110-P514,1972,21.2,50.7,1.2,6.7,0.0,56.4,260.7,239.3,198.2,94.2,48.2,0.0,976.8,71.9,7.9,754.6,142.4,516,,GAYA,
Bihar,Gaya,IMD110-P514,1973,6.5,7.1,10.6,0.1,0.0,149.0,123.4,382.2,260.6,111.7,4.2,0.0,1055.4,13.6,10.7,915.2,115.9,516,,GAYA,
Bihar,Gaya,IMD110-P514,1974,0.0,0.2,3.9,1.0,6.7,22.0,366.9,215.5,127.4,34.6,0.3,1.3,779.8,0.2,11.6,731.8,36.2,516,,GAYA,
Bihar,Gaya,IMD110-P514,1975,5.8,3.2,81.1,0.0,2.8,70.6,266.7,118.8,152.5,66.1,0.0,0.0,767.6,9.0,83.9,608.6,66.1,516,,GAYA,
Bihar,Gaya,IMD110-P514,1976,0.8,8.9,0.1,6.4,30.3,156.9,210.2,163.6,461.3,3.1,0.0,0.0,1041.6,9.7,36.8,992.0,3.1,516,,GAYA,
Bihar,Gaya,IMD110-P514,1977,26.0,3.9,0.0,9.7,37.6,115.3,456.7,211.2,155.4,67.8,0.0,14.3,1097.7,29.9,47.3,938.5,82.1,516,,GAYA,
Bihar,Gaya,IMD110-P514,1978,15.2,54.1,18.8,1.0,2.6,324.7,239.2,295.3,268.5,122.0,0.1,7.7,1349.2,69.3,22.4,1127.7,129.9,516,,GAYA,
Bihar,Gaya,IMD110-P514,1979,39.2,29.3,1.5,1.0,1.3,62.8,317.7,212.8,74.5,31.3,25.0,0.0,796.4,68.5,3.9,667.8,56.3,516,,GAYA,
Bihar,Gaya,IMD110-P514,1980,12.0,7.6,2.7,4.5,27.6,145.5,224.0,370.5,166.3,29.5,1.6,4.5,996.4,19.6,34.8,906.3,35.6,516,,GAYA,
Bihar,Gaya,IMD110-P514,1981,55.2,3.6,5.9,13.6,24.2,44.5,401.8,175.0,136.9,0.0,5.2,7.0,872.9,58.8,43.6,758.2,12.3,516,,GAYA,
Bihar,Gaya,IMD110-P514,1982,5.7,12.9,45.7,8.1,27.2,94.9,179.9,130.7,131.5,99.2,45.5,1.1,782.4,18.6,81.0,537.0,145.8,516,,GAYA,
Bihar,Gaya,IMD110-P514,1983,6.3,1.1,9.4,48.7,18.9,49.3,307.5,154.6,176.4,61.3,0.0,6.8,840.2,7.4,77.0,687.7,68.1,516,,GAYA,
Bihar,Gaya,IMD110-P514,1984,58.9,45.2,0.0,0.8,0.0,320.9,360.2,336.8,107.4,5.0,0.0,0.0,1235.4,104.1,0.8,1125.4,5.0,516,,GAYA,
Bihar,Gaya,IMD110-P514,1985,5.7,0.0,0.0,0.1,8.9,27.4,393.7,218.1,214.4,206.4,0.0,2.0,1076.7,5.7,9.0,853.6,208.4,516,,GAYA,
Bihar,Gaya,IMD110-P514,1986,0.3,15.0,0.1,18.4,68.2,268.8,466.7,221.3,113.8,76.6,3.6,24.0,1276.9,15.3,86.7,1070.7,104.3,516,,GAYA,
Bihar,Gaya,IMD110-P514,1987,1.2,1.7,2.4,7.7,24.3,47.6,494.2,439.2,262.0,35.4,8.8,4.6,1329.1,2.8,34.5,1242.9,48.9,516,,GAYA,
Bihar,Gaya,IMD110-P514,1988,2.0,7.6,44.8,16.7,6.7,206.0,217.5,411.6,142.3,21.5,0.0,7.5,1084.2,9.6,68.2,977.4,29.0,516,,GAYA,
Bihar,Gaya,IMD110-P514,1989,10.9,0.1,4.6,0.1,49.5,120.9,299.7,136.0,239.5,24.3,1.0,32.4,918.9,10.9,54.2,796.1,57.7,516,,GAYA,
Bihar,Gaya,IMD110-P514,1990,0.0,40.4,1.1,3.3,48.3,177.0,547.1,331.5,213.4,65.6,0.0,0.0,1427.6,40.4,52.7,1269.0,65.6,516,,GAYA,
Bihar,Gaya,IMD110-P514,1991,12.5,21.6,15.1,3.1,28.6,134.7,116.2,333.6,175.2,6.0,0.0,20.3,866.9,34.1,46.8,759.7,26.3,516,,GAYA,
Bihar,Gaya,IMD110-P514,1992,1.0,3.3,0.1,2.0,22.5,64.1,280.0,263.1,43.1,11.1,0.6,0.0,691.0,4.3,24.7,650.3,11.7,516,,GAYA,
Bihar,Gaya,IMD110-P514,1993,0.1,0.7,41.2,3.9,18.4,89.9,141.8,231.3,377.3,20.2,18.6,0.0,943.5,0.8,63.5,840.4,38.8,516,,GAYA,
Bihar,Gaya,IMD110-P514,1994,37.4,28.5,3.0,6.4,13.4,175.3,264.9,304.1,127.9,70.4,4.2,0.0,1035.4,65.9,22.8,872.2,74.6,516,,GAYA,
Bihar,Gaya,IMD110-P514,1995,3.2,5.5,3.0,0.2,0.8,87.1,152.0,206.0,233.6,3.6,48.6,32.7,776.3,8.7,4.0,678.6,84.9,516,,GAYA,
Bihar,Gaya,IMD110-P514,1996,5.2,21.2,1.1,0.1,0.2,151.5,87.9,416.4,59.3,6.3,0.0,0.0,749.2,26.4,1.5,715.0,6.3,516,,GAYA,
Bihar,Gaya,IMD110-P514,1997,0.2,0.0,0.0,0.5,3.6,177.1,551.3,264.2,105.7,39.5,32.4,22.4,1196.8,0.2,4.1,1098.2,94.3,516,,GAYA,
Bihar,Gaya,IMD110-P514,1998,16.0,5.7,22.9,6.4,25.2,93.9,273.4,249.6,164.2,57.0,14.3,0.0,928.7,21.7,54.4,781.2,71.4,516,,GAYA,
Bihar,Gaya,IMD110-P514,1999,0.0,0.0,0.0,0.0,53.5,233.5,340.8,191.0,92.4,98.5,0.3,0.0,1010.0,0.0,53.5,857.7,98.8,516,,GAYA,
Bihar,Gaya,IMD110-P514,2000,0.2,2.9,4.0,6.6,22.0,316.6,311.0,122.8,249.9,0.1,0.0,0.0,1036.0,3.1,32.6,1000.2,0.1,516,,GAYA,
Bihar,Gaya,IMD110-P514,2001,0.8,4.0,10.2,21.3,32.6,95.0,234.8,164.6,125.2,101.5,0.0,0.0,790.0,4.8,64.0,619.6,101.5,516,,GAYA,
Bihar,Gaya,IMD110-P514,2002,7.8,7.9,0.4,0.0,25.6,54.1,280.1,280.1,246.0,83.0,0.5,0.1,985.6,15.7,26.0,860.3,83.6,517,,GAYA,
Bihar,Gaya,IMD110-P514,2003,8.4,36.7,0.0,2.0,7.3,119.5,313.3,256.8,169.6,121.1,0.0,2.0,1036.8,45.1,9.3,859.2,123.2,517,,GAYA,
Bihar,Gaya,IMD110-P514,2004,1.5,0.0,0.0,3.1,30.5,198.3,183.4,154.7,149.8,12.4,0.0,0.0,733.7,1.5,33.6,686.2,12.4,517,,GAYA,
Bihar,Gaya,IMD110-P514,2005,4.8,10.4,10.8,1.9,6.6,55.1,175.5,168.9,98.7,4.8,0.0,0.0,537.5,15.2,19.3,498.2,4.8,517,,GAYA,
Bihar,Gaya,IMD110-P514,2006,0.0,0.0,3.6,7.3,49.7,374.3,323.8,106.5,278.4,0.0,0.0,0.0,1143.6,0.0,60.6,1083.0,0.0,517,,GAYA,
Bihar,Gaya,IMD110-P514,2007,,,,,,44.2,432.6,237.6,262.7,72.2,0.0,0.0,,,,977.1,72.2,517,missing_months,GAYA,
Bihar,Gaya,IMD110-P514,2008,82.0,10.1,0.7,5.7,17.5,355.6,283.0,196.1,44.6,0.0,0.0,0.0,995.4,92.2,23.9,879.3,0.0,517,,GAYA,
Bihar,Gaya,IMD110-P514,2009,4.2,0.1,0.0,0.8,52.1,77.1,120.4,228.9,191.1,24.5,9.5,0.2,708.9,4.3,52.9,617.5,34.2,517,,GAYA,
Bihar,Gaya,IMD110-P514,2010,0.0,0.3,0.0,0.0,18.2,41.3,123.5,115.3,38.6,33.4,14.1,7.1,391.8,0.3,18.2,318.8,54.6,517,,GAYA,
Bihar,Gopalganj,IMD110-P518,1901,65.4,19.2,6.2,0.0,60.1,55.1,297.7,232.9,187.6,0.0,0.4,0.0,924.7,84.7,66.3,773.2,0.4,518,,GOPALGANJ,
Bihar,Gopalganj,IMD110-P518,1902,0.8,0.4,22.5,0.5,90.6,66.0,343.8,156.4,342.4,43.0,0.0,0.0,1066.4,1.3,113.6,908.5,43.0,518,,GOPALGANJ,
Bihar,Gopalganj,IMD110-P518,1903,4.8,0.3,3.4,0.0,37.7,164.5,117.5,461.7,194.9,243.3,0.0,0.0,1227.9,5.0,41.0,938.6,243.3,518,,GOPALGANJ,
Bihar,Gopalganj,IMD110-P518,1904,3.9,8.1,0.0,0.0,73.8,124.3,380.7,479.6,77.1,128.2,39.6,24.2,1339.6,12.0,73.8,1061.7,192.0,518,,GOPALGANJ,
Bihar,Gopalganj,IMD110-P518,1905,9.5,38.8,21.4,10.8,58.0,21.1,304.7,673.7,224.9,20.8,0.0,0.0,1383.8,48.3,90.3,1224.5,20.8,518,,GOPALGANJ,
Bihar,Gopalganj,IMD110-P518,1906,4.4,43.1,3.8,0.3,41.6,95.2,390.7,434.8,76.3,23.6,0.0,0.0,1113.8,47.4,45.7,997.0,23.6,518,,GOPALGANJ,
Bihar,Gopalganj,IMD110-P518,1907,3.9,43.1,30.6,16.3,16.0,105.1,261.8,172.7,109.0,0.0,0.0,0.3,758.8,47.0,62.9,648.6,0.3,518,,GOPALGANJ,
Bihar,Gopalganj,IMD110-P518,1908,18.0,13.3,1.0,0.0,0.4,90.0,279.9,319.6,292.6,46.5,0.0,0.0,1061.2,31.3,1.4,982.0,46.5,518,,GOPALGANJ,
Bihar,Gopalganj,IMD110-P518,1909,4.8,1.6,0.0,55.8,4.1,622.1,309.3,388.7,89.7,33.8,0.0,18.9,1528.8,6.4,60.0,1409.8,52.7,518,,GOPALGANJ,
Bihar,Gopalganj,IMD110-P518,1910,5.2,0.0,0.0,3.7,10.8,290.1,387.9,583.2,252.0,131.7,17.8,0.0,1682.3,5.2,14.5,1513.1,149.5,518,,GOPALGANJ,
Bihar,Gopalganj,IMD110-P518,1911,3.6,0.0,38.1,1.6,37.6,212.7,95.6,523.8,246.6,187.9,26.2,0.0,1373.8,3.6,77.3,1078.7,214.1,518,,GOPALGANJ,
Bihar,Gopalganj,IMD110-P518,1912,6.9,13.4,0.6,14.0,76.3,143.6,526.3,316.2,28.7,0.0,35.6,0.0,1161.6,20.3,90.9,1014.8,35.6,518,,GOPALGANJ,
Bihar,Gopalganj,IMD110-P518,1913,0.0,46.9,28.9,0.0,178.5,296.2,397.4,388.3,475.1,160.7,0.0,22.5,1994.5,46.9,207.4,1557.0,183.2,518,,GOPALGANJ,
Bihar,Gopalganj,IMD110-P518,1914,0.0,17.5,5.1,7.5,76.2,89.0,213.0,432.1,138.6,0.0,0.0,0.0,979.0,17.5,88.8,872.7,0.0,518,,GOPALGANJ,
Bihar,Gopalganj,IMD110-P518,1915,2.1,43.4,53.7,0.7,20.6,215.1,437.0,669.5,343.2,80.5,3.8,0.7,1870.2,45.5,75.0,1664.8,84.9,518,,GOPALGANJ,
Bihar,Gopalganj,IMD110-P518,1916,0.0,22.6,0.0,9.0,4.3,210.7,269.8,198.3,245.3,42.6,0.0,0.0,1002.7,22.6,13.3,924.2,42.6,518,,GOPALGANJ,
Bihar,Gopalganj,IMD110-P518,1917,2.1,26.4,0.3,0.0,96.7,219.3,448.6,113.2,293.9,25.7,0.0,0.0,1226.2,28.5,97.0,1074.9,25.7,518,,GOPALGANJ,
Bihar,Gopalganj,IMD110-P518,1918,0.3,0.0,1.5,16.7,76.3,233.1,132.5,352.4,228.1,0.9,0.0,0.0,1041.8,0.3,94.5,946.1,0.9,518,,GOPALGANJ,
Bihar,Gopalganj,IMD110-P518,1919,27.6,6.9,1.4,26.3,4.8,129.1,417.5,208.7,149.9,13.8,0.0,6.5,992.6,34.5,32.6,905.2,20.3,518,,GOPALGANJ,
Bihar,Gopalganj,IMD110-P518,1920,0.0,11.9,6.1,0.0,3.5,58.1,378.9,189.3,252.5,10.1,0.0,0.2,910.5,11.9,9.6,878.7,10.3,518,,GOPALGANJ,
Bihar,Gopalganj,IMD110-P518,1921,32.5,0.0,3.8,6.9,0.0,75.6,303.3,444.2,460.5,37.0,0.0,0.0,1363.7,32.5,10.8,1283.4,37.0,518,,GOPALGANJ,
Bihar,Gopalganj,IMD110-P518,1922,10.2,0.7,0.0,10.1,0.0,275.3,402.3,419.9,340.8,7.0,0.0,14.2,1480.5,10.9,10.1,1438.3,21.2,518,,GOPALGANJ,
Bihar,Gopalganj,IMD110-P518,1923,0.0,67.6,0.0,8.2,26.4,151.0,221.1,167.3,188.9,272.4,0.0,0.0,1102.8,67.6,34.6,728.2,272.4,518,,GOPALGANJ,
Bihar,Gopalganj,IMD110-P518,1924,0.9,5.1,13.0,0.3,0.3,140.0,631.7,229.2,283.0,17.4,22.8,0.0,1343.7,6.1,13.7,1283.8,40.2,518,,GOPALGANJ,
Bihar,Gopalganj,IMD110-P518,1925,4.2,0.0,0.0,32.4,70.3,78.4,280.0,446.3,329.2,15.5,2.5,0.0,1258.9,4.2,102.8,1133.9,18.0,518,,GOPALGANJ,
Bihar,Gopalganj,IMD110-P518,1926,27.3,0.0,18.4,24.4,11.7,19.3,470.3,262.9,219.1,11.9,0.0,0.8,1066.0,27.3,54.4,971.6,12.7,518,,GOPALGANJ,
Bihar,Gopalganj,IMD110-P518,1927,18.7,27.5,27.1,0.0,25.8,118.0,238.7,222.3,224.0,14.2,81.5,0.0,997.8,46.2,52.9,803.1,95.7,518,,GOPALGANJ,
Bihar,Gopalganj,IMD110-P518,1928,18.1,42.1,0.0,1.8,42.0,170.0,228.0,194.5,102.8,110.0,0.0,9.0,918.1,60.2,43.7,695.2,119.0,518,,GOPALGANJ,
Bihar,Gopalganj,IMD110-P518,1929,25.3,0.0,31.3,3.4,43.7,258.8,346.8,384.2,100.7,43.6,0.0,38.4,1276.2,25.3,78.4,1090.5,82.0,518,,GOPALGANJ,
Bihar,Gopalganj,IMD110-P518,1930,15.7,7.7,7.6,0.0,9.7,57.7,213.9,110.1,331.3,56.1,1.2,27.3,838.2,23.4,17.3,713.0,84.5,518,,GOPALGANJ,
Bihar,Gopalganj,IMD110-P518,1931,0.3,17.3,1.7,0.0,11.2,35.3,511.0,213.1,180.6,148.3,0.0,0.0,1118.9,17.6,12.9,940.1,148.3,518,,GOPALGANJ,
Bihar,Gopalganj,IMD110-P518,1932,0.0,1.8,0.0,0.0,28.1,193.7,142.5,194.9,150.5,1.9,103.2,4.3,820.8,1.8,28.1,681.6,109.4,518,,GOPALGANJ,
Bihar,Gopalganj,IMD110-P518,1933,22.8,9.8,0.0,31.1,37.0,124.6,399.9,311.2,192.6,179.0,0.0,0.0,1308.0,32.6,68.1,1028.3,179.0,518,,GOPALGANJ,
Bihar,Gopalganj,IMD110-P518,1934,27.7,3.7,4.1,3.9,0.0,136.9,404.9,259.7,212.1,5.9,0.0,0.3,1059.2,31.4,7.9,1013.6,6.2,519,,GOPALGANJ,
Bihar,Gopalganj,IMD110-P518,1935,13.6,15.0,0.0,0.0,0.0,155.8,123.6,280.8,433.8,0.0,0.0,0.0,1022.5,28.6,0.0,993.9,0.0,519,,GOPALGANJ,
Bihar,Gopalganj,IMD110-P518,1936,3.4,14.5,2.5,0.3,42.1,236.0,525.3,176.9,293.9,6.9,0.0,1.3,1303.2,17.9,45.0,1232.1,8.2,519,,GOPALGANJ,
Bihar,Gopalganj,IMD110-P518,1937,0.0,42.9,0.0,5.9,57.9,76.0,259.4,482.1,81.8,105.8,0.0,1.0,1112.7,42.9,63.8,899.2,106.8,519,,GOPALGANJ,
Bihar,Gopalganj,IMD110-P518,1938,20.3,53.9,0.0,0.0,44.5,520.1,306.3,367.6,148.1,17.5,0.0,0.0,1478.1,74.3,44.5,1341.9,17.5,519,,GOPALGANJ,
Bihar,Gopalganj,IMD110-P518,1939,2.2,19.5,1.5,0.0,10.3,308.7,300.2,252.3,194.0,41.5,0.0,0.0,1130.1,21.7,11.8,1055.1,41.5,519,,GOPALGANJ,
Bihar,Gopalganj,IMD110-P518,1940,2.1,28.9,21.3,5.3,29.5,99.5,390.7,187.8,120.0,5.8,0.0,3.3,894.1,31.0,56.0,798.0,9.1,519,,GOPALGANJ,
Bihar,Gopalganj,IMD110-P518,1941,15.5,3.7,0.0,6.9,19.0,196.0,297.8,346.4,232.1,6.5,0.0,0.0,1123.9,19.2,25.9,1072.3,6.5,519,,GOPALGANJ,
Bihar,Gopalganj,IMD110-P518,1942,67.7,16.4,6.8,22.9,44.0,161.3,235.5,248.4,252.9,0.0,0.0,2.7,1058.6,84.0,73.7,898.1,2.7,519,,GOPALGANJ,
Bihar,Gopalganj,IMD110-P518,1943,33.4,24.0,0.0,67.6,34.9,153.3,198.8,187.8,236.5,8.5,0.0,0.0,944.8,57.5,102.5,776.3,8.5,519,,GOPALGANJ,
Bihar,Gopalganj,IMD110-P518,1944,16.7,7.6,53.6,23.9,27.0,228.1,164.6,164.3,279.2,117.6,0.0,0.0,1082.6,24.2,104.4,836.3,117.6,519,,GOPALGANJ,
Bihar,Gopalganj,IMD110-P518,1945,62.9,0.4,13.3,18.3,36.7,41.5,216.8,180.3,322.6,138.4,0.0,3.5,1034.5,63.3,68.2,761.2,141.8,519,,GOPALGANJ,
Bihar,Gopalganj,IMD110-P518,1946,0.0,47.2,5.8,59.4,145.5,131.7,363.0,344.0,287.1,152.2,4.1,0.0,1540.0,47.2,210.6,1125.9,156.3,519,,GOPALGANJ,
Bihar,Gopalganj,IMD110-P518,1947,12.0,5.0,7.8,0.3,65.4,49.2,433.4,236.1,120.3,44.8,0.0,0.0,974.1,17.0,73.4,838.9,44.8,519,,GOPALGANJ,
Bihar,Gopalganj,IMD110-P518,1948,2.3,0.6,2.5,4.6,88.5,109.6,414.9,185.4,227.8,61.5,11.9,0.0,1109.6,2.9,95.6,937.7,73.4,519,,GOPALGANJ,
Bihar,Gopalganj,IMD110-P518,1949,27.4,47.8,0.0,19.4,47.3,101.6,334.7,269.1,228.3,82.1,0.0,0.0,1157.6,75.2,66.7,933.7,82.1,519,,GOPALGANJ,
Bihar,Gopalganj,IMD110-P518,1950,10.0,10.4,14.8,0.0,39.0,278.5,130.5,315.8,92.7,0.0,0.0,5.3,897.0,20.4,53.9,817.5,5.3,519,,GOPALGANJ,
Bihar,Gopalganj,IMD110-P518,1951,3.8,0.0,0.0,0.0,15.9,124.1,305.2,152.9,35.8,1.8,0.0,0.0,639.4,3.8,15.9,618.0,1.8,519,,GOPALGANJ,
Bihar,Gopalganj,IMD110-P518,1952,0.0,4.2,37.1,1.7,18.4,186.9,118.7,231.8,269.2,3.0,0.0,0.0,871.0,4.2,57.2,806.6,3.0,519,,GOPALGANJ,
Bihar,Gopalganj,IMD110-P518,1953,48.0,1.9,4.7,32.6,25.4,379.1,488.3,266.3,488.9,33.1,0.0,0.0,1768.4,49.9,62.7,1622.6,33.1,519,,GOPALGANJ,
Bihar,Gopalganj,IMD110-P518,1954,3.1,1.7,0.0,0.0,6.3,62.7,315.8,309.1,121.1,9.7,0.0,0.0,829.5,4.8,6.3,808.6,9.7,519,,GOPALGANJ,
Bihar,Gopalganj,IMD110-P518,1955,3.8,0.4,0.0,2.1,0.0,289.8,326.6,261.3,243.0,34.5,0.0,0.0,1161.5,4.2,2.1,1120.7,34.5,519,,GOPALGANJ,
Bihar,Gopalganj,IMD110-P518,1956,13.8,25.4,1.8,0.0,23.0,260.3,144.1,353.0,463.2,128.2,70.5,11.9,1495.1,39.3,24.8,1220.5,210.6,519,,GOPALGANJ,
Bihar,Gopalganj,IMD110-P518,1957,49.5,0.0,1.9,0.0,0.0,121.0,375.0,209.7,140.3,9.1,0.0,4.0,910.6,49.5,1.9,846.0,13.1,519,,GOPALGANJ,
Bihar,Gopalganj,IMD110-P518,1958,27.5,0.0,2.5,17.8,2.5,101.7,153.7,462.7,159.3,80.6,0.0,0.0,1008.3,27.5,22.9,877.3,80.6,519,,GOPALGANJ,
Bihar,Gopalganj,IMD110-P518,1959,43.9,2.5,13.1,14.0,6.8,82.1,217.1,196.4,96.3,286.9,0.0,0.0,959.0,46.4,33.8,591.9,286.9,519,,GOPALGANJ,
Bihar,Gopalganj,IMD110-P518,1960,0.0,1.8,49.0,1.8,47.7,153.4,331.8,169.1,231.0,29.2,0.1,0.0,1014.8,1.8,98.5,885.3,29.2,519,,GOPALGANJ,
Bihar,Gopalganj,IMD110-P518,1961,11.9,27.6,0.0,0.3,15.9,177.1,97.6,413.4,90.2,221.0,0.0,22.0,1077.1,39.5,16.3,778.3,243.0,519,,GOPALGANJ,
Bihar,Gopalganj,IMD110-P518,1962,16.7,0.0,3.0,33.0,2.5,177.4,262.1,458.0,143.0,4.5,0.0,5.0,1105.2,16.7,38.5,1040.5,9.5,519,,GOPALGANJ,
Bihar,Gopalganj,IMD110-P518,1963,17.0,0.0,14.0,15.0,57.9,142.9,396.6,452.4,260.6,100.3,13.0,0.0,1469.7,17.0,86.9,1252.5,113.3,519,,GOPALGANJ,
Bihar,Gopalganj,IMD110-P518,1964,0.0,0.0,0.0,15.0,101.2,16.0,522.3,193.6,129.8,0.0,0.0,0.0,977.9,0.0,116.2,861.7,0.0,519,,GOPALGANJ,
Bihar,Gopalganj,IMD110-P518,1965,0.0,0.5,7.9,8.2,1.5,96.2,253.6,380.5,130.0,28.8,0.0,0.0,907.2,0.5,17.5,860.3,28.9,519,,GOPALGANJ,
Bihar,Gopalganj,IMD110-P518,1966,51.4,24.8,0.0,0.0,31.7,173.7,127.5,334.7,92.5,26.4,11.7,3.3,877.8,76.2,31.7,728.5,41.4,519,,GOPALGANJ,
Bihar,Gopalganj,IMD110-P518,1967,0.0,0.0,11.0,11.3,11.3,82.4,294.5,313.4,106.5,8.0,0.0,0.0,838.4,0.0,33.7,796.8,8.0,519,,GOPALGANJ,
Bihar,Gopalganj,IMD110-P518,1968,41.4,0.0,1.3,0.0,9.8,224.0,395.1,231.2,76.7,75.0,0.0,2.0,1056.6,41.4,11.2,927.0,77.0,520,,GOPALGANJ,
Bihar,Gopalganj,IMD110-P518,1969,0.0,7.4,5.4,8.7,55.3,129.0,298.5,422.8,239.7,0.0,8.4,0.0,1175.2,7.4,69.4,1090.0,8.4,520,,GOPALGANJ,
Bihar,Gopalganj,IMD110-P518,1970,13.9,7.9,0.0,11.1,31.0,250.8,236.8,365.9,252.2,57.5,0.0,0.0,1227.0,21.8,42.1,1105.6,57.5,520,,GOPALGANJ,
Bihar,Gopalganj,IMD110-P518,1972,,,6.0,0.0,0.0,67.0,255.0,83.7,,,,,,,6.0,,,520,missing_months,GOPALGANJ,
Bihar,Gopalganj,IMD110-P518,1974,4.7,3.1,12.2,2.0,23.8,117.3,525.2,346.3,228.3,25.6,0.0,4.2,1292.7,7.8,38.0,1217.1,29.8,520,,GOPALGANJ,
Bihar,Gopalganj,IMD110-P518,1975,4.3,0.5,1.8,1.5,5.4,184.4,461.4,249.6,275.6,49.9,0.0,0.0,1234.3,4.8,8.7,1170.9,49.9,520,,GOPALGANJ,
Bihar,Gopalganj,IMD110-P518,1976,0.5,2.8,0.0,0.6,100.0,124.9,169.6,240.0,324.5,7.1,0.0,0.0,970.0,3.4,100.6,859.0,7.1,520,,GOPALGANJ,
Bihar,Gopalganj,IMD110-P518,1977,0.0,2.2,0.0,0.3,67.8,46.7,299.5,290.5,61.0,66.5,0.0,10.9,845.4,2.2,68.0,697.8,77.4,520,,GOPALGANJ,
Bihar,Gopalganj,IMD110-P518,1978,11.2,12.7,9.4,16.1,10.4,61.0,189.8,136.5,195.9,100.7,5.5,0.0,749.0,23.9,35.9,583.1,106.2,520,,GOPALGANJ,
Bihar,Gopalganj,IMD110-P518,1979,4.4,10.2,0.3,2.5,0.0,48.3,383.5,90.1,21.3,82.9,21.7,9.4,674.6,14.6,2.8,543.3,114.0,520,,GOPALGANJ,
Bihar,Gopalganj,IMD110-P518,1980,4.0,1.0,3.7,0.2,21.5,170.3,432.4,425.4,166.7,20.1,0.0,0.3,1245.6,5.0,25.4,1194.8,20.3,520,,GOPALGANJ,
Bihar,Gopalganj,IMD110-P518,1981,11.3,4.7,18.0,35.1,27.6,48.6,587.6,266.7,202.7,0.1,2.3,0.0,1204.6,16.0,80.7,1105.5,2.4,520,,GOPALGANJ,
Bihar,Gopalganj,IMD110-P518,1982,12.3,4.5,4.2,1.1,1.0,251.2,190.1,158.3,129.8,9.7,3.3,0.8,766.4,16.8,6.3,729.4,13.9,520,,GOPALGANJ,
Bihar,Gopalganj,IMD110-P518,1983,13.5,0.0,0.4,42.8,38.5,49.6,294.5,235.7,173.5,40.6,0.0,14.2,903.3,13.5,81.8,753.3,54.8,520,,GOPALGANJ,
Bihar,Gopalganj,IMD110-P518,1984,19.5,28.1,2.3,3.3,23.2,379.4,410.5,147.7,247.4,4.0,0.0,2.5,1267.8,47.7,28.7,1184.9,6.5,520,,GOPALGANJ,
Bihar,Gopalganj,IMD110-P518,1985,24.2,0.0,0.0,3.1,69.3,141.7,431.0,237.7,427.7,147.0,1.5,13.0,1496.3,24.2,72.4,1238.2,161.5,520,,GOPALGANJ,
Bihar,Gopalganj,IMD110-P518,1986,2.2,36.9,6.7,7.2,52.1,113.1,371.0,427.4,318.2,42.3,0.7,59.5,1437.2,39.1,65.9,1229.7,102.4,520,,GOPALGANJ,
Bihar,Gopalganj,IMD110-P518,1987,1.9,0.6,0.9,23.7,14.5,32.6,452.3,383.7,279.4,142.5,0.0,5.3,1337.6,2.5,39.1,1148.1,147.9,520,,GOPALGANJ,
Bihar,Gopalganj,IMD110-P518,1988,0.0,16.5,20.9,21.2,12.8,128.0,490.6,565.9,203.2,25.6,0.0,35.5,1520.3,16.5,55.0,1387.7,61.1,520,,GOPALGANJ,
Bihar,Gopalganj,IMD110-P518,1989,7.3,12.2,7.6,0.0,29.4,54.5,675.4,154.9,324.5,7.2,0.4,26.9,1300.3,19.5,37.0,1209.3,34.5,520,,GOPALGANJ,
Bihar,Gopalganj,IMD110-P518,1990,0.0,34.8,15.6,4.3,60.9,98.1,513.1,197.1,274.6,22.0,0.0,0.0,1220.4,34.8,80.7,1082.8,22.0,520,,GOPALGANJ,
Bihar,Gopalganj,IMD110-P518,1991,18.5,9.0,8.2,22.2,31.4,199.3,182.6,377.3,201.6,0.0,0.0,0.0,1050.0,27.5,61.7,960.8,0.0,520,,GOPALGANJ,
Bihar,Gopalganj,IMD110-P518,1992,2.2,2.7,0.0,0.0,106.8,133.5,305.1,133.9,56.7,77.0,0.0,0.0,817.9,4.9,106.8,629.2,77.0,520,,GOPALGANJ,
Bihar,Gopalganj,IMD110-P518,1993,6.3,6.1,24.6,54.4,66.1,121.6,138.0,483.5,272.1,11.1,8.9,0.0,1192.9,12.5,145.2,1015.2,20.1,520,,GOPALGANJ,
Bihar,Gopalganj,IMD110-P518,1994,46.2,28.6,0.6,10.8,34.3,95.6,163.8,274.9,471.3,6.7,4.7,2.5,1140.1,74.8,45.8,1005.6,13.9,520,,GOPALGANJ,
Bihar,Gopalganj,IMD110-P518,1995,18.5,16.0,6.0,0.0,0.0,144.8,145.1,467.3,260.0,6.5,70.0,27.8,1162.1,34.6,6.0,1017.3,104.2,520,,GOPALGANJ,
Bihar,Gopalganj,IMD110-P518,1996,52.6,50.3,0.0,6.0,6.3,252.9,180.8,302.2,131.7,152.2,0.0,0.0,1135.0,102.9,12.3,867.6,152.2,520,,GOPALGANJ,
Bihar,Gopalganj,IMD110-P518,1997,11.8,0.0,3.8,26.8,50.3,227.5,294.5,169.7,177.7,21.3,14.2,56.1,1053.6,11.8,80.8,869.4,91.6,520,,GOPALGANJ,
Bihar,Gopalganj,IMD110-P518,1998,22.3,15.0,8.3,22.7,53.2,116.7,493.6,312.8,114.9,220.1,12.4,0.0,1391.9,37.3,84.2,1038.0,232.4,520,,GOPALGANJ,
Bihar,Gopalganj,IMD110-P518,1999,1.2,2.0,1.5,4.5,37.8,164.1,350.3,388.6,136.6,89.6,1.3,2.1,1179.5,3.2,43.7,1039.6,93.1,520,,GOPALGANJ,
Bihar,Gopalganj,IMD110-P518,2000,3.5,23.0,10.3,37.0,126.7,324.7,287.3,270.7,231.2,3.1,0.0,0.0,1317.5,26.5,174.0,1113.9,3.1,520,,GOPALGANJ,
Bihar,Gopalganj,IMD110-P518,2001,0.0,0.0,16.8,21.6,68.6,280.6,240.3,181.9,454.6,192.3,0.0,0.0,1456.8,0.0,107.1,1157.4,192.3,520,,GOPALGANJ,
Bihar,Gopalganj,IMD110-P518,2002,23.9,8.0,0.0,3.4,104.7,82.5,276.2,201.6,179.8,11.3,7.4,5.2,904.0,31.9,108.1,740.2,23.9,520,,GOPALGANJ,
Bihar,Gopalganj,IMD110-P518,2003,18.3,26.7,18.8,13.5,7.1,124.9,309.7,261.1,59.5,22.0,0.0,0.0,861.5,45.0,39.4,755.2,22.0,520,,GOPALGANJ,
Bihar,Gopalganj,IMD110-P518,2004,21.8,0.0,0.0,4.8,55.2,188.8,653.0,187.0,82.0,33.7,0.0,0.0,1226.3,21.8,60.0,1110.8,33.7,521,,GOPALGANJ,
Bihar,Gopalganj,IMD110-P518,2005,10.3,17.2,3.5,11.7,9.1,78.0,344.5,279.0,52.4,51.8,0.0,0.0,857.4,27.5,24.3,753.8,51.8,521,,GOPALGANJ,
Bihar,Gopalganj,IMD110-P518,2006,0.0,0.0,26.9,33.9,110.2,228.9,260.1,176.2,222.2,30.8,0.0,0.0,1089.1,0.0,171.0,887.4,30.8,521,,GOPALGANJ,
Bihar,Gopalganj,IMD110-P518,2007,,,41.8,0.0,92.2,122.0,620.3,237.5,392.0,21.3,0.0,0.0,,,134.0,1371.7,21.3,521,missing_months,GOPALGANJ,
Bihar,Gopalganj,IMD110-P518,2008,0.0,0.0,0.0,8.0,45.4,295.9,474.4,309.8,86.4,22.1,0.0,0.0,1241.9,0.0,53.4,1166.4,22.1,521,,GOPALGANJ,
Bihar,Gopalganj,IMD110-P518,2009,,,,,,,205.8,363.4,101.3,82.6,0.0,0.9,,,,,83.5,521,missing_months,GOPALGANJ,
Bihar,Gopalganj,IMD110-P518,2010,0.0,0.0,0.0,0.0,41.9,49.5,198.6,155.6,172.6,54.9,0.0,0.0,673.1,0.0,41.9,576.3,54.9,521,,GOPALGANJ,
Bihar,Jahanabad,IMD110-P522,1901,72.7,30.0,12.2,0.0,43.7,29.8,199.5,267.2,142.9,9.7,3.8,0.0,811.5,102.7,55.9,639.4,13.5,522,,JAHANABAD,
Bihar,Jahanabad,IMD110-P522,1902,3.5,0.0,1.8,0.0,4.9,85.8,372.6,225.2,294.4,8.7,0.8,0.0,997.7,3.5,6.7,978.0,9.5,522,,JAHANABAD,
Bihar,Jahanabad,IMD110-P522,1903,8.1,25.4,3.0,13.7,18.5,79.5,40.2,255.4,138.4,101.7,0.0,0.0,683.9,33.5,35.2,513.5,101.7,522,,JAHANABAD,
Bihar,Jahanabad,IMD110-P522,1904,13.0,4.8,6.6,0.0,54.4,173.3,322.7,335.8,74.7,64.0,0.0,0.0,1049.3,17.8,61.0,906.5,64.0,522,,JAHANABAD,
Bihar,Jahanabad,IMD110-P522,1905,14.0,22.7,,2.3,5.8,5.7,537.2,122.6,468.3,0.0,0.0,0.0,,36.7,,1133.8,0.0,522,missing_months,JAHANABAD,
Bihar,Jahanabad,IMD110-P522,1906,18.6,50.3,4.8,0.0,14.0,146.8,207.3,381.4,199.2,17.3,0.0,0.0,1039.7,68.9,18.8,934.7,17.3,522,,JAHANABAD,
Bihar,Jahanabad,IMD110-P522,1907,1.0,79.3,49.7,11.6,7.9,317.0,108.9,308.1,122.7,0.0,0.0,0.0,1006.2,80.3,69.2,856.7,0.0,522,,JAHANABAD,
Bihar,Jahanabad,IMD110-P522,1908,26.0,48.8,4.6,0.0,16.5,51.8,81.6,143.8,201.0,10.4,0.0,0.3,584.8,74.8,21.1,478.2,10.7,522,,JAHANABAD,
Bihar,Jahanabad,IMD110-P522,1909,18.6,5.1,0.0,50.4,0.0,344.8,280.6,392.5,181.4,25.4,0.0,4.8,1303.6,23.7,50.4,1199.3,30.2,522,,JAHANABAD,
Bihar,Jahanabad,IMD110-P522,1910,0.5,0.5,2.3,0.8,8.7,168.1,221.7,470.9,284.5,151.0,38.9,0.0,1347.9,1.0,11.8,1145.2,189.9,522,,JAHANABAD,
Bihar,Jahanabad,IMD110-P522,1911,14.5,0.0,23.0,0.0,14.0,156.3,49.5,577.8,364.2,46.2,29.4,0.0,1274.9,14.5,37.0,1147.8,75.6,522,,JAHANABAD,
Bihar,Jahanabad,IMD110-P522,1912,1.8,3.3,7.2,1.5,7.1,79.5,453.2,214.5,104.9,0.0,45.2,0.0,918.2,5.1,15.8,852.1,45.2,522,,JAHANABAD,
Bihar,Jahanabad,IMD110-P522,1913,0.0,28.7,11.0,0.0,74.2,315.1,344.5,443.1,321.2,53.1,0.0,49.8,1640.7,28.7,85.2,1423.9,102.9,522,,JAHANABAD,
Bihar,Jahanabad,IMD110-P522,1914,0.0,8.2,9.2,26.9,51.4,65.2,219.8,447.8,112.2,0.0,0.0,4.9,945.6,8.2,87.5,845.0,4.9,522,,JAHANABAD,
Bihar,Jahanabad,IMD110-P522,1915,11.7,69.1,31.7,0.0,2.0,76.8,218.6,170.4,105.9,30.4,112.0,0.0,828.6,80.8,33.7,571.7,142.4,522,,JAHANABAD,
Bihar,Jahanabad,IMD110-P522,1916,0.0,26.9,0.0,0.5,21.1,402.1,238.9,281.0,248.0,122.3,0.0,0.0,1340.8,26.9,21.6,1170.0,122.3,522,,JAHANABAD,
Bihar,Jahanabad,IMD110-P522,1917,10.2,25.3,6.2,1.5,121.1,191.4,432.5,500.1,222.5,71.1,0.0,0.0,1581.9,35.5,128.8,1346.5,71.1,522,,JAHANABAD,
Bihar,Jahanabad,IMD110-P522,1918,0.3,0.0,2.5,13.2,38.1,256.0,131.4,576.9,401.9,0.0,0.0,0.0,1420.3,0.3,53.8,1366.2,0.0,522,,JAHANABAD,
Bihar,Jahanabad,IMD110-P522,1919,41.9,8.3,2.5,5.0,38.2,197.7,493.1,193.7,190.9,27.0,0.0,0.0,1198.3,50.2,45.7,1075.4,27.0,522,,JAHANABAD,
Bihar,Jahanabad,IMD110-P522,1920,0.0,14.0,49.8,0.0,0.0,40.6,408.2,132.0,246.6,0.0,0.0,0.0,891.2,14.0,49.8,827.4,0.0,522,,JAHANABAD,
Bihar,Jahanabad,IMD110-P522,1921,15.7,0.0,0.0,0.0,0.0,35.6,118.8,395.6,454.4,17.8,0.0,0.0,1037.9,15.7,0.0,1004.4,17.8,522,,JAHANABAD,
Bihar,Jahanabad,IMD110-P522,1922,9.2,0.0,0.0,8.1,29.8,203.9,473.1,281.5,155.7,33.1,0.0,10.1,1204.5,9.2,37.9,1114.2,43.2,522,,JAHANABAD,
Bihar,Jahanabad,IMD110-P522,1923,5.6,42.9,0.0,0.0,0.0,96.3,241.2,336.4,99.4,5.6,0.0,0.0,827.4,48.5,0.0,773.3,5.6,522,,JAHANABAD,
Bihar,Jahanabad,IMD110-P522,1924,4.6,21.4,5.1,0.0,0.0,47.5,617.8,388.7,335.9,26.5,72.1,0.0,1519.6,26.0,5.1,1389.9,98.6,522,,JAHANABAD,
Bihar,Jahanabad,IMD110-P522,1925,30.0,1.8,6.4,0.8,21.4,99.8,325.8,181.0,189.2,4.3,16.3,0.0,876.8,31.8,28.6,795.8,20.6,522,,JAHANABAD,
Bihar,Jahanabad,IMD110-P522,1926,10.7,0.0,16.0,7.6,37.1,61.4,375.3,208.5,87.4,12.2,3.3,9.7,829.2,10.7,60.7,732.6,25.2,522,,JAHANABAD,
Bihar,Jahanabad,IMD110-P522,1927,23.6,30.7,40.1,0.0,111.0,63.3,200.6,234.1,43.2,28.2,44.5,0.0,819.3,54.3,151.1,541.2,72.7,522,,JAHANABAD,
Bihar,Jahanabad,IMD110-P522,1928,52.6,24.2,0.0,0.0,26.1,119.1,181.6,108.4,43.0,62.2,0.0,11.6,628.8,76.8,26.1,452.1,73.8,522,,JAHANABAD,
Bihar,Jahanabad,IMD110-P522,1929,69.7,0.0,0.3,17.5,2.8,92.9,285.7,436.1,62.6,66.4,0.0,,,69.7,20.6,877.3,,522,missing_months,JAHANABAD,
Bihar,Jahanabad,IMD110-P522,1930,6.8,11.1,9.9,11.2,14.7,128.4,268.9,308.1,172.3,34.0,17.0,15.5,997.9,17.9,35.8,877.7,66.5,522,,JAHANABAD,
Bihar,Jahanabad,IMD110-P522,1931,0.0,53.5,9.8,0.0,5.1,25.5,394.9,292.1,270.3,26.2,135.4,1.0,1213.8,53.5,14.9,982.8,162.6,522,,JAHANABAD,
Bihar,Jahanabad,IMD110-P522,1932,0.0,16.5,0.0,0.0,4.3,145.3,145.2,228.3,141.9,36.8,38.1,5.1,761.5,16.5,4.3,660.7,80.0,522,,JAHANABAD,
Bihar,Jahanabad,IMD110-P522,1933,40.2,25.2,1.5,32.5,24.6,107.5,211.4,,139.6,21.5,0.0,0.0,,65.4,58.6,,21.5,522,missing_months,JAHANABAD,
Bihar,Jahanabad,IMD110-P522,1934,30.5,0.8,9.1,8.9,0.0,161.3,346.3,347.0,308.6,42.4,29.2,0.0,1284.1,31.3,18.0,1163.2,71.6,523,,JAHANABAD,
Bihar,Jahanabad,IMD110-P522,1935,34.3,13.2,0.0,0.0,0.0,11.6,76.9,649.2,236.7,0.0,0.0,0.0,1021.9,47.5,0.0,974.4,0.0,523,,JAHANABAD,
Bihar,Jahanabad,IMD110-P522,1936,7.1,8.4,2.5,10.2,5.8,41.3,587.4,306.5,600.8,103.1,1.8,7.1,1682.0,15.5,18.5,1536.0,112.0,523,,JAHANABAD,
Bihar,Jahanabad,IMD110-P522,1937,0.0,118.1,0.0,0.0,38.6,110.1,208.2,394.7,78.9,159.3,0.0,0.0,1107.9,118.1,38.6,791.9,159.3,523,,JAHANABAD,
Bihar,Jahanabad,IMD110-P522,1938,2.1,5.9,0.0,0.0,55.9,220.7,453.8,458.0,197.0,14.3,3.0,0.0,1410.7,8.0,55.9,1329.5,17.3,523,,JAHANABAD,
Bihar,Jahanabad,IMD110-P522,1939,1.3,54.4,27.7,2.0,0.0,142.0,192.5,173.5,210.5,6.4,0.0,0.0,810.3,55.7,29.7,718.5,6.4,523,,JAHANABAD,
Bihar,Jahanabad,IMD110-P522,1940,0.0,35.1,57.7,3.8,17.7,58.5,112.8,411.0,132.5,0.3,0.0,43.0,872.4,35.1,79.2,714.8,43.3,523,,JAHANABAD,
Bihar,Jahanabad,IMD110-P522,1941,25.7,0.0,0.8,0.0,0.8,178.2,137.3,335.1,122.3,15.2,0.0,0.0,815.4,25.7,1.6,772.9,15.2,523,,JAHANABAD,
Bihar,Jahanabad,IMD110-P522,1942,22.4,81.1,26.7,6.4,0.0,112.9,242.6,686.0,427.3,2.5,0.0,0.0,1607.9,103.5,33.1,1468.8,2.5,523,,JAHANABAD,
Bihar,Jahanabad,IMD110-P522,1943,79.9,17.8,0.0,7.6,0.0,45.7,346.7,298.6,156.7,31.5,0.0,0.0,984.5,97.7,7.6,847.7,31.5,523,,JAHANABAD,
Bihar,Jahanabad,IMD110-P522,1944,61.2,39.9,26.0,6.1,0.0,223.2,346.4,296.5,222.9,41.0,0.0,2.8,1266.0,101.1,32.1,1089.0,43.8,523,,JAHANABAD,
Bihar,Jahanabad,IMD110-P522,1945,86.9,25.1,0.0,58.5,6.9,122.3,199.3,280.2,222.1,134.2,0.0,5.1,1140.6,112.0,65.4,823.9,139.3,523,,JAHANABAD,
Bihar,Jahanabad,IMD110-P522,1946,0.0,33.5,3.0,35.2,31.0,233.1,347.0,415.7,340.6,86.8,34.2,0.0,1560.1,33.5,69.2,1336.4,121.0,523,,JAHANABAD,
Bihar,Jahanabad,IMD110-P522,1947,11.4,9.4,10.9,0.0,24.7,21.0,404.3,79.6,219.7,30.5,0.0,0.0,811.5,20.8,35.6,724.6,30.5,523,,JAHANABAD,
Bihar,Jahanabad,IMD110-P522,1948,10.2,15.2,0.0,0.0,0.0,69.4,223.8,423.6,211.6,89.7,22.6,0.0,1066.1,25.4,0.0,928.4,112.3,523,,JAHANABAD,
Bihar,Jahanabad,IMD110-P522,1949,7.1,46.7,1.0,36.3,37.1,113.8,615.5,365.2,306.6,78.0,0.0,0.0,1607.3,53.8,74.4,1401.1,78.0,523,,JAHANABAD,
Bihar,Jahanabad,IMD110-P522,1950,12.4,7.1,1.5,0.0,41.6,256.7,168.9,177.4,70.7,0.0,0.0,0.0,736.3,19.5,43.1,673.7,0.0,523,,JAHANABAD,
Bihar,Jahanabad,IMD110-P522,1952,0.0,25.9,0.0,0.0,0.0,150.2,110.0,211.2,298.9,8.4,0.0,0.0,804.6,25.9,0.0,770.3,8.4,523,,JAHANABAD,
Bihar,Jahanabad,IMD110-P522,1954,0.0,16.5,0.0,0.0,28.2,92.7,225.5,203.9,204.2,1.8,0.0,0.0,772.8,16.5,28.2,726.3,1.8,523,,JAHANABAD,
Bihar,Jahanabad,IMD110-P522,1955,28.7,6.4,0.0,2.8,0.0,62.8,404.0,163.7,183.9,90.3,0.0,0.0,942.6,35.1,2.8,814.4,90.3,523,,JAHANABAD,
Bihar,Jahanabad,IMD110-P522,1956,22.9,0.0,15.3,0.0,26.7,140.9,188.1,190.8,302.5,188.5,44.1,5.0,1124.8,22.9,42.0,822.3,237.6,523,,JAHANABAD,
Bihar,Jahanabad,IMD110-P522,1957,59.6,5.1,5.1,0.0,0.0,37.8,254.7,194.7,155.0,0.0,0.0,0.0,712.0,64.7,5.1,642.2,0.0,523,,JAHANABAD,
Bihar,Jahanabad,IMD110-P522,1958,27.9,6.3,0.0,5.1,0.0,36.8,161.0,399.1,192.6,85.1,0.0,0.0,913.9,34.2,5.1,789.5,85.1,523,,JAHANABAD,
Bihar,Jahanabad,IMD110-P522,1959,133.0,,,,,108.0,282.0,372.0,167.5,125.0,0.0,0.0,,,,929.5,125.0,523,missing_months,JAHANABAD,
Bihar,Jahanabad,IMD110-P522,1960,0.0,,62.0,384.5,0.0,12.0,266.4,,261.2,0.0,0.0,0.0,,,446.5,,0.0,523,missing_months,JAHANABAD,
Bihar,Jahanabad,IMD110-P522,1961,10.4,22.8,0.0,0.0,0.3,205.0,188.2,373.0,127.5,160.1,0.0,11.2,1098.5,33.2,0.3,893.8,171.3,523,,JAHANABAD,
Bihar,Jahanabad,IMD110-P522,1962,4.0,3.0,6.7,25.4,0.0,66.1,182.3,254.1,208.1,30.1,0.0,1.0,780.7,7.0,32.1,710.5,31.1,523,,JAHANABAD,
Bihar,Jahanabad,IMD110-P522,1963,,0.0,2.1,10.0,61.3,108.4,,,260.6,,,,,,73.4,,,523,missing_months,JAHANABAD,
Bihar,Jahanabad,IMD110-P522,1964,0.0,4.0,0.0,0.0,35.2,140.3,313.3,114.2,173.8,125.0,4.9,0.0,910.8,4.0,35.2,741.6,129.9,523,,JAHANABAD,
Bihar,Jahanabad,IMD110-P522,1965,0.0,9.6,24.3,6.3,0.0,26.3,199.6,295.8,156.1,23.5,0.0,0.7,742.3,9.6,30.6,677.9,24.2,523,,JAHANABAD,
Bihar,Jahanabad,IMD110-P522,1966,39.0,1.8,0.0,0.0,3.1,63.1,27.3,158.8,13.8,0.0,26.2,0.0,333.0,40.7,3.1,262.9,26.2,523,,JAHANABAD,
Bihar,Jahanabad,IMD110-P522,1967,0.0,0.0,22.0,25.0,15.2,11.7,331.6,306.0,471.2,0.0,0.0,0.0,1182.7,0.0,62.2,1120.5,0.0,523,,JAHANABAD,
Bihar,Jahanabad,IMD110-P522,1968,9.3,0.0,9.6,0.0,1.2,195.4,263.7,229.9,74.2,40.6,0.0,10.0,833.9,9.3,10.8,763.2,50.6,523,,JAHANABAD,
Bihar,Jahanabad,IMD110-P522,1969,7.0,14.5,0.5,12.0,51.5,63.0,174.0,277.4,225.8,26.2,15.0,0.0,866.9,21.5,64.0,740.2,41.2,523,,JAHANABAD,
Bihar,Jahanabad,IMD110-P522,1970,31.9,9.8,6.2,0.0,16.9,188.9,149.6,200.3,141.7,17.7,0.0,0.0,762.9,41.7,23.1,680.5,17.7,524,,JAHANABAD,
Bihar,Jahanabad,IMD110-P522,1974,0.0,0.0,1.0,0.0,8.8,40.2,331.9,252.1,200.0,16.2,0.0,0.0,850.1,0.0,9.8,824.2,16.2,524,,JAHANABAD,
Bihar,Jahanabad,IMD110-P522,1975,3.8,1.1,13.3,0.0,27.5,67.8,221.4,94.8,131.2,24.3,0.0,0.0,585.2,4.9,40.8,515.2,24.3,524,,JAHANABAD,
Bihar,Jahanabad,IMD110-P522,1976,0.0,5.1,0.0,2.0,45.3,107.6,190.6,263.7,602.6,0.0,0.0,0.0,1217.0,5.1,47.3,1164.5,0.0,524,,JAHANABAD,
Bihar,Jahanabad,IMD110-P522,1979,,,,,,,,,,5.0,19.0,0.0,,,,,24.0,524,missing_months,JAHANABAD,
Bihar,Jahanabad,IMD110-P522,1980,,,,,,102.9,281.3,353.3,159.5,,,,,,,897.0,,524,missing_months,JAHANABAD,
Bihar,Jahanabad,IMD110-P522,1981,,,,,,39.3,420.6,127.0,142.1,,,,,,,729.0,,524,missing_months,JAHANABAD,
Bihar,Jahanabad,IMD110-P522,1986,0.0,0.0,0.0,8.6,33.6,234.4,458.2,264.9,78.8,49.0,0.0,12.0,1139.5,0.0,42.2,1036.3,61.0,524,,JAHANABAD,
Bihar,Jahanabad,IMD110-P522,1989,11.6,0.0,1.6,0.0,57.9,78.6,433.6,79.6,191.5,25.4,3.8,26.8,910.4,11.6,59.5,783.2,56.0,524,,JAHANABAD,
Bihar,Jahanabad,IMD110-P522,1991,13.0,17.7,13.4,15.6,32.3,109.9,108.7,398.6,173.8,0.0,0.0,25.4,908.3,30.7,61.2,791.0,25.4,524,,JAHANABAD,
Bihar,Jahanabad,IMD110-P522,1992,0.0,1.0,0.0,0.0,19.3,22.8,308.1,232.9,53.0,3.2,0.0,0.0,640.3,1.0,19.3,616.8,3.2,524,,JAHANABAD,
Bihar,Jahanabad,IMD110-P522,1993,0.0,0.6,21.3,9.1,24.0,104.3,97.1,277.2,354.4,12.4,13.6,0.0,913.8,0.6,54.4,832.9,26.0,524,,JAHANABAD,
Bihar,Jahanabad,IMD110-P522,1994,18.6,36.1,0.0,2.1,24.7,130.3,184.1,228.1,145.8,43.5,24.6,0.0,837.9,54.7,26.8,688.3,68.0,524,,JAHANABAD,
Bihar,Jahanabad,IMD110-P522,1995,9.6,10.3,0.0,0.0,0.0,69.6,155.1,296.5,257.6,0.0,33.3,26.6,858.7,19.9,0.0,778.9,59.9,524,,JAHANABAD,
Bihar,Jahanabad,IMD110-P522,1996,26.1,38.1,0.0,0.0,0.0,94.2,120.1,350.2,101.7,31.1,0.0,0.0,761.6,64.2,0.0,666.2,31.1,524,,JAHANABAD,
Bihar,Jahanabad,IMD110-P522,1997,6.3,3.4,0.0,0.0,9.9,171.3,688.8,375.4,119.1,39.0,20.8,38.6,1472.5,9.8,9.9,1354.6,98.3,524,,JAHANABAD,
Bihar,Jahanabad,IMD110-P522,1998,3.6,3.3,12.6,0.0,8.0,60.2,249.0,231.5,149.1,54.4,4.1,0.0,775.6,6.8,20.6,689.7,58.5,524,,JAHANABAD,
Bihar,Jahanabad,IMD110-P522,1999,0.0,0.0,0.0,0.0,30.4,167.9,167.0,184.4,81.8,85.7,0.0,0.0,717.2,0.0,30.4,601.1,85.7,524,,JAHANABAD,
Bihar,Jahanabad,IMD110-P522,2000,2.5,0.0,0.0,31.9,50.8,162.9,253.6,162.2,286.3,0.0,0.0,0.0,950.1,2.5,82.6,865.0,0.0,524,,JAHANABAD,
Bihar,Jahanabad,IMD110-P522,2001,0.0,0.0,0.0,0.0,12.5,114.4,154.3,266.6,192.6,138.8,0.0,0.0,879.1,0.0,12.5,727.8,138.8,524,,JAHANABAD,
Bihar,Jahanabad,IMD110-P522,2002,3.2,15.0,0.0,1.1,30.7,62.4,412.4,419.0,160.4,92.3,0.0,0.0,1196.5,18.2,31.8,1054.2,92.3,524,,JAHANABAD,
Bihar,Jahanabad,IMD110-P522,2003,8.7,20.5,0.0,2.2,0.0,27.3,282.4,277.4,149.8,154.6,0.0,2.8,925.7,29.2,2.2,736.9,157.4,524,,JAHANABAD,
Bihar,Jahanabad,IMD110-P522,2004,31.8,6.6,0.0,11.3,6.6,217.6,168.9,135.6,74.6,2.7,0.0,0.0,655.6,38.4,17.9,596.6,2.7,524,,JAHANABAD,
Bihar,Jahanabad,IMD110-P522,2005,21.2,17.9,0.0,0.0,0.0,12.3,392.1,199.6,139.6,2.1,0.0,0.0,784.8,39.1,0.0,743.7,2.1,524,,JAHANABAD,
Bihar,Jahanabad,IMD110-P522,2006,0.0,0.0,4.1,11.3,34.5,303.4,302.0,155.4,191.5,0.0,0.0,0.0,1002.1,0.0,49.9,952.2,0.0,524,,JAHANABAD,
Bihar,Jahanabad,IMD110-P522,2007,,,,,,,533.6,213.6,350.6,35.2,0.0,0.0,,,,,35.2,524,missing_months,JAHANABAD,
Bihar,Jahanabad,IMD110-P522,2008,62.3,4.3,0.0,10.1,14.9,291.1,466.2,302.5,85.9,0.0,0.0,0.0,1237.2,66.6,25.0,1145.6,0.0,524,,JAHANABAD,
Bihar,Jahanabad,IMD110-P522,2009,0.0,0.0,0.0,0.0,78.0,85.7,144.4,165.5,143.4,32.0,24.6,1.2,674.8,0.0,78.0,539.1,57.7,524,,JAHANABAD,
Bihar,Jahanabad,IMD110-P522,2010,0.0,0.0,0.0,0.0,20.2,38.9,141.2,229.0,31.7,61.7,0.0,0.0,522.6,0.0,20.2,440.7,61.7,524,,JAHANABAD,
Bihar,Jamui,IMD110-P525,1901,73.7,28.4,4.1,0.0,71.8,41.0,319.8,284.3,235.8,9.6,18.1,0.0,1086.5,102.1,75.9,880.8,27.8,525,,JAMUI,
Bihar,Jamui,IMD110-P525,1902,0.0,0.8,1.8,8.6,31.2,127.9,240.8,295.9,300.0,13.8,0.8,,,0.8,41.6,964.6,,525,missing_months,JAMUI,
Bihar,Jamui,IMD110-P525,1903,5.1,,3.8,4.9,36.4,138.6,129.6,177.1,158.4,158.8,0.2,0.0,,,45.2,603.8,158.9,525,missing_months,JAMUI,
Bihar,Jamui,IMD110-P525,1904,6.4,8.9,16.3,14.3,72.3,199.6,414.6,360.6,136.2,67.4,4.8,0.0,1301.3,15.2,103.0,1110.9,72.2,525,,JAMUI,
Bihar,Jamui,IMD110-P525,1905,15.5,53.3,71.3,24.2,103.1,27.9,324.5,283.4,348.9,10.7,0.0,0.0,1262.7,68.8,198.5,984.7,10.7,525,,JAMUI,
Bihar,Jamui,IMD110-P525,1906,46.0,99.7,17.8,0.3,64.7,219.1,286.3,294.7,69.4,127.5,0.2,0.0,1225.6,145.6,82.7,869.6,127.7,525,,JAMUI,
Bihar,Jamui,IMD110-P525,1907,0.4,72.4,68.0,6.2,31.9,240.1,264.9,302.4,353.4,1.5,0.0,2.7,1343.7,72.8,106.1,1160.7,4.2,525,,JAMUI,
Bihar,Jamui,IMD110-P525,1908,5.3,35.4,0.9,0.0,58.8,81.1,418.3,182.8,145.5,19.5,0.0,0.0,947.4,40.7,59.7,827.6,19.5,525,,JAMUI,
Bihar,Jamui,IMD110-P525,1909,17.2,11.5,0.0,77.1,15.3,242.6,190.6,369.7,274.8,17.0,0.0,1.7,1217.5,28.7,92.4,1077.7,18.7,525,,JAMUI,
Bihar,Jamui,IMD110-P525,1910,0.2,7.0,0.4,5.9,65.6,126.6,396.9,263.4,296.6,39.8,25.0,0.0,1227.5,7.2,71.9,1083.6,64.9,525,,JAMUI,
Bihar,Jamui,IMD110-P525,1911,0.2,0.0,34.3,32.0,23.1,435.0,140.1,408.5,213.6,71.5,23.9,0.0,1381.9,0.2,89.3,1197.1,95.3,525,,JAMUI,
Bihar,Jamui,IMD110-P525,1912,6.6,7.1,12.7,7.3,98.3,173.7,447.5,,133.3,1.3,42.4,,,13.7,118.3,,,525,missing_months,JAMUI,
Bihar,Jamui,IMD110-P525,1913,0.0,40.5,29.0,0.0,112.3,319.4,204.9,382.8,165.4,46.6,3.1,32.8,1336.7,40.5,141.3,1072.5,82.4,525,,JAMUI,
Bihar,Jamui,IMD110-P525,1914,0.0,16.5,10.7,6.6,124.2,86.9,400.9,202.4,149.3,2.2,0.0,2.8,1002.4,16.5,141.5,839.5,4.9,525,,JAMUI,
Bihar,Jamui,IMD110-P525,1915,9.9,53.3,15.2,14.8,20.4,172.3,274.8,143.9,245.5,22.0,9.9,0.0,982.0,63.2,50.3,836.5,31.9,525,,JAMUI,
Bihar,Jamui,IMD110-P525,1916,0.0,14.6,0.0,12.0,12.7,219.4,237.8,240.1,312.6,195.6,6.0,0.0,1250.8,14.6,24.7,1009.8,201.6,525,,JAMUI,
Bihar,Jamui,IMD110-P525,1917,0.9,31.3,15.6,20.4,120.3,231.4,359.0,188.2,247.1,215.3,0.0,0.0,1429.4,32.3,156.3,1025.6,215.3,525,,JAMUI,
Bihar,Jamui,IMD110-P525,1918,2.7,0.0,0.6,10.4,52.9,206.1,133.1,720.6,217.4,0.0,0.0,0.0,1343.8,2.7,64.0,1277.2,0.0,525,,JAMUI,
Bihar,Jamui,IMD110-P525,1919,71.9,6.7,15.3,4.9,38.2,305.8,557.2,365.3,243.0,56.2,0.0,1.3,1665.6,78.6,58.3,1471.3,57.4,525,,JAMUI,
Bihar,Jamui,IMD110-P525,1920,0.0,18.3,70.9,4.3,41.2,68.6,364.8,204.8,255.9,0.3,0.0,0.0,1028.9,18.3,116.3,894.0,0.3,525,,JAMUI,
Bihar,Jamui,IMD110-P525,1921,33.8,1.4,2.8,2.3,28.3,153.0,225.7,411.7,138.5,23.0,0.0,0.0,1020.6,35.2,33.4,928.9,23.0,525,,JAMUI,
Bihar,Jamui,IMD110-P525,1922,10.1,14.8,0.0,12.1,16.3,413.4,397.0,408.7,174.0,30.2,0.0,2.7,1479.2,25.0,28.3,1393.1,32.9,525,,JAMUI,
Bihar,Jamui,IMD110-P525,1923,0.6,41.4,28.1,24.8,13.9,172.4,346.5,263.3,161.6,10.1,5.1,1.1,1068.9,42.1,66.7,943.8,16.4,525,,JAMUI,
Bihar,Jamui,IMD110-P525,1924,1.9,16.8,0.2,14.3,28.2,246.9,655.1,231.8,353.0,115.6,80.9,0.0,1744.7,18.8,42.6,1486.8,196.5,525,,JAMUI,
Bihar,Jamui,IMD110-P525,1925,2.5,6.0,16.1,49.2,52.9,94.8,260.7,271.6,175.8,28.3,10.6,0.0,968.6,8.5,118.3,802.9,38.9,525,,JAMUI,
Bihar,Jamui,IMD110-P525,1926,18.0,0.0,36.9,22.2,32.9,39.8,449.1,294.9,282.2,11.4,10.6,25.9,1224.0,18.0,92.0,1065.9,48.0,525,,JAMUI,
Bihar,Jamui,IMD110-P525,1927,26.5,94.2,38.7,0.2,37.3,91.3,336.5,123.2,112.5,28.1,10.3,0.0,898.8,120.8,76.1,663.5,38.4,525,,JAMUI,
Bihar,Jamui,IMD110-P525,1928,96.1,6.2,0.3,4.3,52.8,382.8,316.9,244.2,108.7,291.4,0.0,0.3,1504.0,102.3,57.5,1052.6,291.7,525,,JAMUI,
Bihar,Jamui,IMD110-P525,1929,50.1,3.7,22.2,20.6,21.6,221.4,354.3,343.6,90.5,319.5,0.0,25.8,1473.3,53.8,64.4,1009.8,345.3,525,,JAMUI,
Bihar,Jamui,IMD110-P525,1930,3.5,12.3,3.9,8.1,7.6,156.1,285.0,285.1,203.8,19.8,89.6,2.4,1077.2,15.8,19.6,930.0,111.8,525,,JAMUI,
Bihar,Jamui,IMD110-P525,1931,24.9,49.9,26.5,0.0,40.4,60.7,320.8,213.4,180.7,58.2,22.3,0.5,998.3,74.8,66.9,775.5,80.9,525,,JAMUI,
Bihar,Jamui,IMD110-P525,1932,0.3,12.2,0.0,1.6,13.3,99.3,180.1,210.5,255.4,53.9,49.3,3.8,879.7,12.4,15.0,745.3,107.0,525,,JAMUI,
Bihar,Jamui,IMD110-P525,1933,75.7,12.4,6.4,81.3,107.9,144.4,268.5,334.9,213.5,78.0,0.0,0.0,1323.1,88.1,195.6,961.4,78.0,525,,JAMUI,
Bihar,Jamui,IMD110-P525,1934,65.8,2.9,0.0,5.8,10.4,189.9,207.6,341.3,193.9,34.2,0.6,0.0,1052.3,68.7,16.1,932.7,34.8,526,,JAMUI,
Bihar,Jamui,IMD110-P525,1935,21.3,25.8,5.8,0.6,10.4,155.2,139.8,421.6,340.5,0.0,0.0,0.0,1121.0,47.0,16.9,1057.1,0.0,526,,JAMUI,
Bihar,Jamui,IMD110-P525,1936,14.3,4.9,3.3,1.3,97.7,199.7,354.3,288.3,396.6,165.1,0.0,18.3,1543.8,19.2,102.3,1238.9,183.4,526,,JAMUI,
Bihar,Jamui,IMD110-P525,1937,0.0,116.4,1.9,15.8,73.2,75.9,202.0,317.5,263.9,178.8,0.0,0.0,1245.3,116.4,90.8,859.3,178.8,526,,JAMUI,
Bihar,Jamui,IMD110-P525,1938,5.6,21.6,0.0,0.2,129.3,274.0,260.0,398.4,152.1,18.0,1.0,0.0,1260.1,27.3,129.4,1084.4,19.0,526,,JAMUI,
Bihar,Jamui,IMD110-P525,1939,5.3,45.8,25.3,0.2,17.4,202.8,337.4,229.0,287.1,54.0,0.0,0.0,1204.2,51.1,42.8,1056.3,54.0,526,,JAMUI,
Bihar,Jamui,IMD110-P525,1940,0.0,42.0,89.4,42.5,32.3,68.3,141.9,312.8,228.9,10.9,0.0,28.0,996.9,42.0,164.2,751.8,38.9,526,,JAMUI,
Bihar,Jamui,IMD110-P525,1941,43.5,0.0,5.5,1.1,31.2,215.5,166.3,602.0,159.5,82.5,0.5,0.0,1307.6,43.5,37.8,1143.3,83.0,526,,JAMUI,
Bihar,Jamui,IMD110-P525,1942,2.4,50.1,,10.4,,116.0,329.0,553.3,214.4,24.9,0.0,0.0,,52.5,,1212.7,24.9,526,missing_months,JAMUI,
Bihar,Jamui,IMD110-P525,1943,45.6,2.0,0.0,37.0,14.1,145.5,415.8,272.3,343.2,152.1,0.0,0.0,1427.7,47.6,51.1,1176.8,152.1,526,,JAMUI,
Bihar,Jamui,IMD110-P525,1944,,36.0,33.4,68.9,25.4,209.3,318.9,376.4,215.0,36.3,6.2,0.0,,,127.7,1119.6,42.5,526,missing_months,JAMUI,
Bihar,Jamui,IMD110-P525,1945,42.4,49.7,0.0,38.6,66.5,78.0,207.1,192.1,280.8,144.3,0.0,1.3,1100.8,92.1,105.1,758.0,145.6,526,,JAMUI,
Bihar,Jamui,IMD110-P525,1946,0.0,13.9,0.5,85.9,72.1,116.1,352.9,185.4,134.8,197.7,35.8,0.0,1195.1,13.9,158.5,789.2,233.5,526,,JAMUI,
Bihar,Jamui,IMD110-P525,1947,0.2,9.4,8.4,15.8,26.6,86.3,297.0,216.6,160.9,76.2,0.0,1.8,899.1,9.6,50.8,760.7,78.0,526,,JAMUI,
Bihar,Jamui,IMD110-P525,1948,12.8,8.0,8.8,3.5,6.7,150.0,373.0,269.8,232.8,183.5,91.6,0.0,1340.3,20.8,18.9,1025.4,275.1,526,,JAMUI,
Bihar,Jamui,IMD110-P525,1949,20.6,25.5,31.0,18.9,99.1,385.3,392.8,373.0,274.8,40.7,0.0,0.0,1661.7,46.2,148.9,1425.9,40.7,526,,JAMUI,
Bihar,Jamui,IMD110-P525,1950,3.8,24.5,34.3,1.3,42.5,273.4,283.8,201.8,138.5,3.2,0.0,8.1,1015.2,28.3,78.1,897.5,11.3,526,,JAMUI,
Bihar,Jamui,IMD110-P525,1951,4.4,0.0,8.0,2.5,21.7,147.0,332.2,169.2,136.3,53.7,2.1,0.0,877.1,4.4,32.2,784.7,55.8,526,,JAMUI,
Bihar,Jamui,IMD110-P525,1952,0.0,8.4,30.3,22.0,81.0,179.1,179.9,209.4,308.0,17.6,1.1,0.0,1036.7,8.4,133.3,876.4,18.7,526,,JAMUI,
Bihar,Jamui,IMD110-P525,1953,27.2,2.9,1.1,20.5,39.5,207.4,308.3,272.9,267.5,35.2,1.1,0.0,1183.8,30.2,61.2,1056.1,36.4,526,,JAMUI,
Bihar,Jamui,IMD110-P525,1954,21.9,4.5,0.3,0.0,46.0,84.7,242.8,218.1,105.7,23.0,0.0,6.8,753.8,26.4,46.3,651.4,29.8,526,,JAMUI,
Bihar,Jamui,IMD110-P525,1955,27.3,17.8,7.4,12.9,28.8,77.4,409.7,249.6,166.3,83.0,0.6,0.0,1080.8,45.1,49.0,903.0,83.6,526,,JAMUI,
Bihar,Jamui,IMD110-P525,1956,18.1,7.2,28.6,0.0,97.2,212.3,226.7,161.3,342.5,177.0,,16.0,,25.3,125.8,942.8,,526,missing_months,JAMUI,
Bihar,Jamui,IMD110-P525,1957,97.7,12.5,16.4,0.0,0.8,208.4,261.8,275.4,191.4,42.2,0.0,0.0,1106.4,110.2,17.1,937.0,42.2,526,,JAMUI,
Bihar,Jamui,IMD110-P525,1958,0.9,4.1,0.2,10.9,16.3,81.7,170.1,288.3,221.1,85.2,0.0,0.0,878.8,5.0,27.3,761.2,85.2,526,,JAMUI,
Bihar,Jamui,IMD110-P525,1959,107.7,0.2,5.9,0.9,35.7,215.3,280.5,185.1,140.7,336.0,0.0,0.0,1307.9,107.9,42.5,821.6,336.0,526,,JAMUI,
Bihar,Jamui,IMD110-P525,1960,0.0,0.0,27.1,0.0,54.7,82.9,340.4,378.5,452.5,69.2,0.2,0.0,1405.4,0.0,81.8,1254.2,69.4,526,,JAMUI,
Bihar,Jamui,IMD110-P525,1961,19.1,61.3,0.0,1.3,23.7,196.7,103.6,364.0,218.0,364.8,0.0,14.1,1366.7,80.4,25.0,882.3,378.9,526,,JAMUI,
Bihar,Jamui,IMD110-P525,1962,,,,,6.4,143.4,239.0,329.9,285.2,80.6,0.0,,,,,997.5,,526,missing_months,JAMUI,
Bihar,Jamui,IMD110-P525,1963,0.0,0.3,7.7,19.5,100.0,124.6,287.2,134.8,281.3,253.5,15.3,0.0,1224.2,0.3,127.1,828.0,268.8,526,,JAMUI,
Bihar,Jamui,IMD110-P525,1964,0.0,3.7,1.6,61.2,36.7,195.7,383.9,193.6,276.4,109.3,0.9,0.0,1262.9,3.7,99.5,1049.5,110.2,526,,JAMUI,
Bihar,Jamui,IMD110-P525,1965,0.0,1.6,16.6,3.3,2.5,71.8,251.6,227.0,274.4,3.3,0.0,0.0,852.0,1.6,22.5,824.7,3.3,526,,JAMUI,
Bihar,Jamui,IMD110-P525,1966,25.6,0.0,0.6,1.2,24.6,140.0,175.5,270.2,103.3,16.6,1.4,0.0,758.9,25.6,26.3,688.9,18.0,526,,JAMUI,
Bihar,Jamui,IMD110-P525,1967,0.0,0.0,52.3,14.6,30.2,50.3,175.6,445.5,271.7,4.5,0.5,0.0,1045.3,0.0,97.1,943.1,5.0,526,,JAMUI,
Bihar,Jamui,IMD110-P525,1968,25.6,0.0,1.3,5.9,30.0,302.3,280.9,223.9,103.7,27.9,0.0,3.2,1004.7,25.6,37.2,910.8,31.1,527,,JAMUI,
Bihar,Jamui,IMD110-P525,1969,0.0,0.0,0.0,7.2,50.0,137.1,290.6,485.7,229.3,1.3,15.3,0.0,1216.5,0.0,57.2,1142.7,16.7,527,,JAMUI,
Bihar,Jamui,IMD110-P525,1970,16.8,4.8,1.0,0.9,15.0,170.3,159.2,130.6,145.8,64.3,0.0,0.0,708.6,21.6,16.9,605.9,64.3,527,,JAMUI,
Bihar,Jamui,IMD110-P525,1973,,,,0.0,,,,,,,,,,,,,,527,missing_months,JAMUI,
Bihar,Jamui,IMD110-P525,1974,4.0,0.0,10.0,0.0,9.2,93.2,377.4,185.5,264.5,19.5,0.0,3.3,966.6,4.0,19.2,920.5,22.9,527,,JAMUI,
Bihar,Jamui,IMD110-P525,1975,11.7,5.5,7.8,3.8,22.2,95.2,550.6,121.5,303.8,55.9,0.0,0.0,1177.9,17.2,33.8,1071.1,55.9,527,,JAMUI,
Bihar,Jamui,IMD110-P525,1976,3.1,10.0,0.0,1.2,49.4,74.7,185.0,172.5,468.7,5.7,1.3,0.0,971.6,13.1,50.6,900.9,7.0,527,,JAMUI,
Bihar,Jamui,IMD110-P525,1977,9.0,0.0,0.0,3.4,60.2,132.8,338.3,130.4,180.3,15.8,0.0,2.0,872.1,9.0,63.5,781.7,17.9,527,,JAMUI,
Bihar,Jamui,IMD110-P525,1978,2.7,16.5,1.6,16.9,9.7,183.9,257.5,281.5,346.2,235.8,0.0,0.0,1352.4,19.2,28.3,1069.1,235.8,527,,JAMUI,
Bihar,Jamui,IMD110-P525,1979,46.7,25.2,0.0,7.1,0.0,85.1,489.7,189.9,121.7,61.1,10.2,7.8,1044.3,71.9,7.1,886.3,79.1,527,,JAMUI,
Bihar,Jamui,IMD110-P525,1980,14.0,4.6,3.0,0.0,75.1,213.0,253.9,483.1,268.8,48.8,0.0,0.0,1364.4,18.6,78.1,1218.9,48.8,527,,JAMUI,
Bihar,Jamui,IMD110-P525,1981,33.3,2.4,19.8,61.8,55.4,59.0,472.2,172.7,145.5,0.0,6.1,9.0,1037.2,35.7,136.9,849.5,15.1,527,,JAMUI,
Bihar,Jamui,IMD110-P525,1982,0.9,5.7,45.4,4.6,20.5,203.5,199.0,289.0,72.4,75.5,79.1,0.0,995.6,6.6,70.5,763.9,154.6,527,,JAMUI,
Bihar,Jamui,IMD110-P525,1983,8.4,1.2,0.0,42.3,36.3,104.6,281.3,237.3,373.6,62.6,0.0,5.7,1153.3,9.6,78.6,996.7,68.3,527,,JAMUI,
Bihar,Jamui,IMD110-P525,1984,47.6,30.6,0.2,0.5,13.8,496.7,239.9,387.8,110.6,23.6,0.0,0.0,1351.3,78.2,14.5,1235.0,23.6,527,,JAMUI,
Bihar,Jamui,IMD110-P525,1985,0.0,0.0,0.0,0.0,52.0,113.1,643.2,277.0,137.9,107.3,0.0,3.0,1333.4,0.0,52.0,1171.1,110.4,527,,JAMUI,
Bihar,Jamui,IMD110-P525,1986,0.0,8.1,0.0,16.9,70.8,166.4,293.1,147.2,147.1,200.9,9.3,15.5,1075.3,8.1,87.7,753.8,225.7,527,,JAMUI,
Bihar,Jamui,IMD110-P525,1987,0.0,4.8,2.3,15.8,42.0,286.0,423.5,505.0,213.7,34.4,12.8,2.8,1542.9,4.8,60.0,1428.1,50.0,527,,JAMUI,
Bihar,Jamui,IMD110-P525,1988,0.6,17.7,29.4,9.4,44.1,140.2,211.0,297.0,102.5,38.9,1.3,3.6,895.6,18.3,82.9,750.6,43.8,527,,JAMUI,
Bihar,Jamui,IMD110-P525,1989,5.5,2.0,3.5,1.0,62.6,113.9,355.9,117.9,238.2,17.6,0.0,22.5,940.6,7.5,67.0,825.9,40.2,527,,JAMUI,
Bihar,Jamui,IMD110-P525,1990,0.0,30.6,17.1,1.8,53.6,142.1,316.9,166.3,150.6,148.3,0.0,0.3,1027.6,30.6,72.5,775.9,148.6,527,,JAMUI,
Bihar,Jamui,IMD110-P525,1991,4.9,7.5,2.6,0.9,9.4,119.4,159.4,291.8,246.0,24.4,0.0,11.1,877.4,12.4,13.0,816.5,35.5,527,,JAMUI,
Bihar,Jamui,IMD110-P525,1992,1.8,5.3,0.0,1.5,29.9,74.7,272.3,270.7,168.3,11.4,2.0,0.0,837.8,7.0,31.5,786.0,13.4,527,,JAMUI,
Bihar,Jamui,IMD110-P525,1993,0.1,1.6,24.3,18.7,30.0,170.9,184.3,258.2,428.2,41.4,31.9,0.0,1189.6,1.7,73.0,1041.6,73.2,527,,JAMUI,
Bihar,Jamui,IMD110-P525,1994,12.4,15.7,0.0,0.0,0.9,137.9,190.2,215.1,160.8,122.2,0.0,0.0,855.2,28.1,0.9,704.0,122.2,527,,JAMUI,
Bihar,Jamui,IMD110-P525,1995,0.8,1.8,0.4,0.0,0.6,148.6,235.7,248.0,401.4,4.5,46.9,23.1,1111.7,2.6,0.9,1033.7,74.5,527,,JAMUI,
Bihar,Jamui,IMD110-P525,1996,15.9,23.3,0.0,1.0,4.9,297.0,198.8,407.9,264.8,52.0,0.0,0.0,1265.7,39.2,6.0,1168.4,52.0,527,,JAMUI,
Bihar,Jamui,IMD110-P525,1997,15.6,0.0,0.0,9.1,77.6,229.8,568.9,281.9,130.7,69.3,20.7,30.2,1433.7,15.6,86.7,1211.3,120.1,527,,JAMUI,
Bihar,Jamui,IMD110-P525,1998,0.0,9.4,19.0,11.2,23.4,162.8,610.9,294.9,134.4,127.1,13.3,0.0,1406.2,9.4,53.5,1203.0,140.4,527,,JAMUI,
Bihar,Jamui,IMD110-P525,1999,0.0,0.0,0.0,0.0,78.0,261.4,513.9,361.5,318.3,222.3,8.8,0.0,1764.3,0.0,78.0,1455.1,231.1,527,,JAMUI,
Bihar,Jamui,IMD110-P525,2000,0.0,0.0,0.0,34.3,42.1,182.2,390.0,224.3,706.6,30.1,0.0,0.0,1609.6,0.0,76.4,1503.1,30.1,527,,JAMUI,
Bihar,Jamui,IMD110-P525,2001,0.0,0.0,0.0,6.6,161.9,246.5,169.9,255.5,250.4,110.1,0.0,0.0,1200.9,0.0,168.5,922.3,110.1,527,,JAMUI,
Bihar,Jamui,IMD110-P525,2002,6.6,0.3,1.6,20.5,77.4,52.4,443.6,305.8,234.5,59.7,0.8,0.0,1203.1,6.9,99.4,1036.3,60.5,527,,JAMUI,
Bihar,Jamui,IMD110-P525,2003,0.0,19.0,0.0,0.0,4.8,123.0,344.3,311.1,225.8,203.6,0.0,0.0,1231.6,19.0,4.8,1004.2,203.6,527,,JAMUI,
Bihar,Jamui,IMD110-P525,2004,2.6,0.0,0.0,9.4,3.4,195.0,244.6,170.9,181.9,104.1,0.0,0.0,912.0,2.6,12.8,792.4,104.1,528,,JAMUI,
Bihar,Jamui,IMD110-P525,2005,0.6,0.6,3.9,0.0,10.9,53.6,263.4,148.2,81.9,28.0,0.0,0.0,591.2,1.2,14.8,547.2,28.0,528,,JAMUI,
Bihar,Jamui,IMD110-P525,2006,0.0,0.0,0.0,0.0,0.0,308.6,350.6,243.2,360.1,8.7,0.0,0.0,1271.1,0.0,0.0,1262.5,8.7,528,,JAMUI,
Bihar,Jamui,IMD110-P525,2007,0.0,65.4,14.1,19.5,110.2,66.6,518.5,258.6,289.7,48.6,0.0,0.0,1391.2,65.4,143.8,1133.3,48.6,528,,JAMUI,
Bihar,Jamui,IMD110-P525,2008,14.7,2.7,0.0,11.7,0.0,205.9,249.2,148.1,97.2,2.9,0.0,0.0,732.3,17.3,11.7,700.4,2.9,528,,JAMUI,
Bihar,Jamui,IMD110-P525,2009,0.0,0.0,0.0,0.0,48.0,7.7,134.3,271.0,176.0,50.2,0.0,0.0,687.1,0.0,48.0,588.9,50.2,528,,JAMUI,
Bihar,Jamui,IMD110-P525,2010,0.0,0.0,0.0,0.0,13.8,54.2,100.5,112.7,98.5,12.1,2.5,0.0,394.2,0.0,13.8,365.9,14.6,528,,JAMUI,
Bihar,Katihar,IMD110-P529,1901,6.8,2.8,8.9,0.0,,,279.9,310.6,92.4,12.7,14.4,0.0,,9.7,,,27.0,529,missing_months,KATIHAR,
Bihar,Katihar,IMD110-P529,1902,,0.0,,33.4,115.6,169.0,411.9,178.0,286.4,16.8,0.0,0.0,,,,1045.3,16.8,529,missing_months,KATIHAR,
Bihar,Katihar,IMD110-P529,1903,0.2,0.5,0.0,0.0,0.5,216.4,142.9,345.9,147.2,88.0,0.0,0.0,941.5,0.6,0.5,852.3,88.0,529,,KATIHAR,
Bihar,Katihar,IMD110-P529,1904,0.0,3.2,0.0,3.2,153.8,134.5,325.7,221.7,138.7,74.6,3.5,0.4,1059.1,3.2,156.9,820.6,78.4,529,,KATIHAR,
Bihar,Katihar,IMD110-P529,1905,2.7,34.2,21.4,10.4,129.6,52.8,170.7,366.8,182.8,4.6,0.0,0.0,976.0,36.9,161.4,773.1,4.6,529,,KATIHAR,
Bihar,Katihar,IMD110-P529,1906,11.4,50.4,9.5,0.0,96.3,202.6,383.2,332.2,113.5,17.9,0.0,0.0,1217.1,61.8,105.8,1031.5,17.9,529,,KATIHAR,
Bihar,Katihar,IMD110-P529,1907,0.0,13.6,39.8,60.9,,210.2,482.3,219.6,293.6,25.6,0.0,1.9,,13.6,,1205.8,27.5,529,missing_months,KATIHAR,
Bihar,Katihar,IMD110-P529,1908,16.6,19.5,1.3,0.0,91.2,141.6,143.4,78.3,101.4,27.0,0.0,0.0,620.5,36.2,92.4,464.8,27.0,529,,KATIHAR,
Bihar,Katihar,IMD110-P529,1909,0.0,1.3,0.0,70.6,32.0,644.1,211.9,310.7,323.3,209.5,0.0,0.0,1803.3,1.3,102.6,1490.0,209.5,529,,KATIHAR,
Bihar,Katihar,IMD110-P529,1910,0.0,11.5,15.8,5.4,93.2,684.1,294.6,282.8,216.5,49.3,4.0,0.0,1657.2,11.5,114.4,1478.0,53.3,529,,KATIHAR,
Bihar,Katihar,IMD110-P529,1911,3.8,0.0,11.4,38.0,43.8,548.6,294.8,393.2,385.0,195.9,0.0,0.0,1914.5,3.8,93.3,1621.6,195.9,529,,KATIHAR,
Bihar,Katihar,IMD110-P529,1912,,,51.0,44.5,148.2,132.6,604.5,,156.9,17.8,92.2,0.0,,,243.6,,110.0,529,missing_months,KATIHAR,
Bihar,Katihar,IMD110-P529,1913,0.0,25.3,3.7,0.0,206.2,479.1,276.0,303.9,515.1,103.5,0.0,50.0,1962.8,25.3,209.9,1574.1,153.6,529,,KATIHAR,
Bihar,Katihar,IMD110-P529,1914,0.0,44.1,0.0,39.5,149.5,90.3,278.4,530.7,,6.8,0.0,0.0,,44.1,189.0,,6.8,529,missing_months,KATIHAR,
Bihar,Katihar,IMD110-P529,1915,11.7,59.8,2.5,2.5,147.8,158.1,226.4,428.0,94.0,123.2,6.3,0.0,1260.3,71.4,152.9,906.5,129.5,529,,KATIHAR,
Bihar,Katihar,IMD110-P529,1916,0.0,3.8,0.0,84.8,63.3,377.3,505.3,421.9,304.3,187.2,1.3,0.0,1949.3,3.8,148.1,1608.8,188.5,529,,KATIHAR,
Bihar,Katihar,IMD110-P529,1917,0.0,0.0,0.0,0.0,112.8,385.3,307.9,129.6,123.6,183.5,0.0,0.0,1242.6,0.0,112.8,946.3,183.5,529,,KATIHAR,
Bihar,Katihar,IMD110-P529,1918,0.0,0.0,0.0,35.5,86.4,220.1,193.3,539.2,183.4,0.0,0.0,0.0,1257.8,0.0,121.9,1135.9,0.0,529,,KATIHAR,
Bihar,Katihar,IMD110-P529,1919,1.3,0.0,0.0,13.8,44.8,233.9,451.5,196.8,368.8,88.4,0.0,,,1.3,58.5,1251.0,,529,missing_months,KATIHAR,
Bihar,Katihar,IMD110-P529,1920,0.0,17.6,16.5,0.0,86.5,99.8,149.6,280.4,496.3,2.0,0.0,0.0,1148.5,17.6,103.0,1026.0,2.0,529,,KATIHAR,
Bihar,Katihar,IMD110-P529,1921,17.1,0.0,0.0,27.5,0.0,92.2,178.8,231.7,169.3,15.3,0.0,0.0,731.9,17.1,27.5,672.0,15.3,529,,KATIHAR,
Bihar,Katihar,IMD110-P529,1922,7.6,0.0,0.0,8.9,53.3,405.7,292.2,278.8,335.3,43.2,0.0,0.0,1425.0,7.6,62.2,1312.0,43.2,529,,KATIHAR,
Bihar,Katihar,IMD110-P529,1923,0.0,8.9,0.0,8.9,31.3,170.8,123.5,76.3,58.0,74.8,0.0,0.0,552.3,8.9,40.2,428.5,74.8,529,,KATIHAR,
Bihar,Katihar,IMD110-P529,1924,0.0,6.3,0.0,20.5,17.3,248.1,518.8,273.5,286.9,96.6,87.4,0.0,1555.3,6.3,37.8,1327.3,183.9,529,,KATIHAR,
Bihar,Katihar,IMD110-P529,1925,8.4,0.0,9.3,96.7,85.6,99.4,452.8,172.8,299.4,10.4,0.0,0.0,1234.8,8.4,191.6,1024.4,10.4,529,,KATIHAR,
Bihar,Katihar,IMD110-P529,1926,3.2,0.0,13.0,4.0,96.8,65.2,451.7,321.0,307.8,10.1,0.0,0.0,1272.7,3.2,113.8,1145.7,10.1,529,,KATIHAR,
Bihar,Katihar,IMD110-P529,1927,24.5,38.4,31.0,0.5,86.1,149.3,222.5,215.6,248.1,28.5,1.5,0.0,1046.0,63.0,117.6,835.5,30.0,529,,KATIHAR,
Bihar,Katihar,IMD110-P529,1928,50.8,3.8,0.0,14.3,172.2,234.8,317.2,231.5,104.4,202.4,7.6,0.0,1338.9,54.6,186.5,887.9,210.0,529,,KATIHAR,
Bihar,Katihar,IMD110-P529,1929,58.1,0.0,10.5,11.8,74.1,196.2,318.0,179.1,231.3,430.4,0.0,30.0,1539.3,58.1,96.3,924.5,460.4,529,,KATIHAR,
Bihar,Katihar,IMD110-P529,1930,21.2,1.0,21.3,8.3,55.5,144.4,261.3,157.0,306.5,0.0,12.9,1.6,991.1,22.3,85.1,869.3,14.5,529,,KATIHAR,
Bihar,Katihar,IMD110-P529,1931,0.0,23.6,6.3,15.9,72.2,119.7,403.0,226.8,310.6,61.8,14.6,2.9,1257.4,23.6,94.4,1060.1,79.3,529,,KATIHAR,
Bihar,Katihar,IMD110-P529,1932,0.0,,0.0,39.3,56.8,240.1,218.6,150.5,159.1,135.1,169.9,0.9,,,96.2,768.3,305.9,529,missing_months,KATIHAR,
Bihar,Katihar,IMD110-P529,1933,4.8,13.9,0.0,94.7,176.1,216.8,490.8,312.8,154.1,76.4,0.0,0.0,1540.4,18.7,270.8,1174.5,76.4,529,,KATIHAR,
Bihar,Katihar,IMD110-P529,1934,16.2,32.7,0.0,23.4,55.8,170.9,300.1,280.9,169.0,139.1,0.8,0.0,1188.9,48.9,79.2,920.9,139.8,530,,KATIHAR,
Bihar,Katihar,IMD110-P529,1935,7.5,3.6,0.0,0.3,38.4,170.7,134.9,503.1,333.9,22.5,0.0,0.0,1215.0,11.1,38.7,1142.6,22.5,530,,KATIHAR,
Bihar,Katihar,IMD110-P529,1936,3.5,0.1,13.4,1.9,100.1,80.4,388.4,271.0,519.5,241.3,0.0,11.9,1631.3,3.6,115.4,1259.2,253.2,530,,KATIHAR,
Bihar,Katihar,IMD110-P529,1937,0.0,41.8,0.0,1.3,96.3,169.2,175.7,396.5,152.5,204.3,0.0,0.0,1237.6,41.8,97.6,893.9,204.3,530,,KATIHAR,
Bihar,Katihar,IMD110-P529,1938,1.4,14.4,0.0,4.0,284.3,500.9,361.0,387.1,296.1,86.5,0.0,0.0,1935.5,15.7,288.2,1545.1,86.5,530,,KATIHAR,
Bihar,Katihar,IMD110-P529,1939,0.0,40.5,4.1,0.3,82.8,370.0,328.4,414.3,199.9,139.0,0.0,0.0,1579.4,40.5,87.2,1312.7,139.0,530,,KATIHAR,
Bihar,Katihar,IMD110-P529,1940,0.0,48.6,96.0,0.0,16.5,114.0,251.5,242.4,285.9,0.0,0.0,14.4,1069.2,48.6,112.5,893.7,14.4,530,,KATIHAR,
Bihar,Katihar,IMD110-P529,1941,0.0,14.0,0.6,11.0,120.0,160.4,204.1,265.5,144.1,122.2,0.0,0.0,1041.8,14.0,131.5,774.1,122.2,530,,KATIHAR,
Bihar,Katihar,IMD110-P529,1942,7.1,24.5,14.2,36.9,63.3,223.1,333.7,445.4,548.1,13.8,0.0,0.0,1710.1,31.6,114.4,1550.3,13.8,530,,KATIHAR,
Bihar,Katihar,IMD110-P529,1943,21.1,42.9,0.0,69.8,147.8,368.1,275.9,643.6,506.8,52.1,0.0,0.0,2128.0,63.9,217.6,1794.4,52.1,530,,KATIHAR,
Bihar,Katihar,IMD110-P529,1944,50.4,18.5,36.5,101.9,61.6,324.5,323.5,686.2,504.4,21.0,0.0,0.0,2128.4,68.9,199.9,1838.6,21.0,530,,KATIHAR,
Bihar,Katihar,IMD110-P529,1945,22.1,41.5,0.6,56.1,156.6,202.6,573.5,463.1,424.8,322.9,0.0,0.0,2263.8,63.6,213.4,1664.0,322.9,530,,KATIHAR,
Bihar,Katihar,IMD110-P529,1946,0.0,24.7,6.4,94.2,139.3,233.6,251.9,162.3,229.1,200.9,3.8,0.0,1346.0,24.7,239.8,876.9,204.7,530,,KATIHAR,
Bihar,Katihar,IMD110-P529,1947,0.0,1.3,0.9,1.3,50.8,86.2,383.9,216.8,286.5,83.3,0.0,0.0,1110.9,1.3,52.9,973.5,83.3,530,,KATIHAR,
Bihar,Katihar,IMD110-P529,1948,0.0,3.5,0.0,0.0,34.4,97.4,233.3,139.9,383.0,14.5,25.1,0.0,931.1,3.5,34.4,853.5,39.6,530,,KATIHAR,
Bihar,Katihar,IMD110-P529,1949,0.0,35.8,7.6,59.2,153.9,268.9,350.9,437.3,267.7,118.8,0.0,0.0,1700.0,35.8,220.7,1324.8,118.8,530,,KATIHAR,
Bihar,Katihar,IMD110-P529,1950,0.0,13.8,11.5,25.4,33.6,450.9,417.9,170.4,120.0,9.8,0.0,3.2,1256.5,13.8,70.5,1159.2,13.0,530,,KATIHAR,
Bihar,Katihar,IMD110-P529,1951,1.3,0.0,0.0,14.4,27.1,63.4,267.0,197.3,109.8,37.6,3.2,3.2,724.2,1.3,41.4,637.5,43.9,530,,KATIHAR,
Bihar,Katihar,IMD110-P529,1952,0.0,6.6,4.9,54.9,57.3,292.9,295.8,380.0,229.6,16.5,17.8,0.0,1356.4,6.6,117.2,1198.3,34.3,530,,KATIHAR,
Bihar,Katihar,IMD110-P529,1953,47.0,0.0,49.5,15.2,83.5,121.4,332.5,241.3,320.0,34.6,0.0,0.0,1245.1,47.0,148.3,1015.2,34.6,530,,KATIHAR,
Bihar,Katihar,IMD110-P529,1954,21.6,0.0,0.0,0.0,95.1,352.1,425.2,284.8,150.4,38.2,0.0,0.0,1367.4,21.6,95.1,1212.5,38.2,530,,KATIHAR,
Bihar,Katihar,IMD110-P529,1955,14.9,7.0,4.6,20.5,45.0,155.2,464.1,316.5,135.4,28.5,1.3,0.0,1192.8,21.9,70.1,1071.1,29.8,530,,KATIHAR,
Bihar,Katihar,IMD110-P529,1956,12.9,0.0,0.0,2.5,24.5,411.1,259.3,362.3,266.0,262.1,19.5,1.3,1621.5,12.9,27.0,1298.7,282.8,530,,KATIHAR,
Bihar,Katihar,IMD110-P529,1957,102.9,3.5,12.0,0.0,0.0,86.6,260.8,237.2,61.0,24.9,0.0,1.7,790.5,106.3,12.0,645.5,26.6,530,,KATIHAR,
Bihar,Katihar,IMD110-P529,1958,4.7,4.3,0.0,12.6,46.4,118.1,207.3,481.1,204.9,86.5,0.0,0.0,1165.8,8.9,59.0,1011.4,86.5,530,,KATIHAR,
Bihar,Katihar,IMD110-P529,1959,70.3,0.0,9.1,37.9,61.3,161.3,257.7,274.7,197.1,269.3,0.0,0.0,1338.8,70.3,108.3,890.8,269.3,530,,KATIHAR,
Bihar,Katihar,IMD110-P529,1960,0.0,0.0,16.3,0.0,218.4,101.8,374.5,282.2,418.0,54.7,0.0,0.0,1465.9,0.0,234.7,1176.5,54.7,530,,KATIHAR,
Bihar,Katihar,IMD110-P529,1961,9.4,34.2,3.8,5.5,38.3,342.2,156.1,199.9,164.7,199.5,1.4,1.8,1156.7,43.6,47.6,862.8,202.7,530,,KATIHAR,
Bihar,Katihar,IMD110-P529,1962,3.3,4.5,5.0,18.2,51.1,169.1,287.4,432.4,258.4,81.5,0.0,0.0,1310.9,7.8,74.3,1147.3,81.5,530,,KATIHAR,
Bihar,Katihar,IMD110-P529,1963,0.0,0.0,23.6,59.2,117.2,96.3,326.0,237.6,318.3,129.6,23.2,0.0,1331.0,0.0,200.0,978.2,152.8,530,,KATIHAR,
Bihar,Katihar,IMD110-P529,1964,0.5,0.2,0.0,21.4,75.2,107.7,481.9,119.8,266.5,69.7,0.3,0.0,1143.2,0.7,96.7,975.8,70.0,530,,KATIHAR,
Bihar,Katihar,IMD110-P529,1965,0.0,1.7,20.0,7.0,16.3,166.0,399.2,315.5,248.6,4.1,1.2,0.0,1179.6,1.7,43.2,1129.4,5.3,530,,KATIHAR,
Bihar,Katihar,IMD110-P529,1966,12.2,0.0,0.0,5.2,42.8,74.2,155.8,307.3,115.3,47.5,9.6,0.0,769.9,12.2,47.9,652.6,57.1,530,,KATIHAR,
Bihar,Katihar,IMD110-P529,1967,0.0,0.0,55.8,48.0,31.1,128.0,383.3,337.7,206.2,42.9,0.0,0.0,1233.0,0.0,134.9,1055.2,42.9,530,,KATIHAR,
Bihar,Katihar,IMD110-P529,1968,11.6,0.0,7.7,0.0,25.7,526.7,463.6,381.0,41.5,107.0,0.0,0.0,1564.8,11.6,33.3,1412.8,107.0,531,,KATIHAR,
Bihar,Katihar,IMD110-P529,1969,2.7,11.2,11.6,21.2,73.8,296.1,365.2,355.6,401.8,65.1,57.1,0.0,1661.3,13.9,106.6,1418.6,122.2,531,,KATIHAR,
Bihar,Katihar,IMD110-P529,1970,2.5,2.0,1.0,36.2,54.0,185.8,186.5,154.0,144.5,51.0,10.0,0.0,827.5,4.5,91.2,670.8,61.0,531,,KATIHAR,
Bihar,Katihar,IMD110-P529,1974,1.3,0.4,33.4,11.9,123.5,152.6,487.6,225.3,280.2,19.8,0.0,0.8,1336.7,1.6,168.7,1145.7,20.6,531,,KATIHAR,
Bihar,Katihar,IMD110-P529,1975,1.9,2.1,7.2,46.3,101.3,121.0,261.1,66.4,163.9,31.4,0.0,0.0,802.6,4.0,154.7,612.4,31.4,531,,KATIHAR,
Bihar,Katihar,IMD110-P529,1976,0.6,10.1,0.0,17.9,123.3,223.4,225.0,429.9,356.1,37.0,0.0,0.0,1423.3,10.7,141.2,1234.4,37.0,531,,KATIHAR,
Bihar,Katihar,IMD110-P529,1977,0.4,2.8,0.0,24.1,133.0,200.0,384.6,260.0,87.4,214.3,22.5,17.1,1346.3,3.2,157.1,932.0,253.9,531,,KATIHAR,
Bihar,Katihar,IMD110-P529,1978,3.0,6.0,9.2,32.0,156.8,236.3,267.0,193.3,277.6,108.2,2.7,0.6,1292.7,9.0,198.1,974.2,111.5,531,,KATIHAR,
Bihar,Katihar,IMD110-P529,1979,14.3,9.6,3.4,31.3,8.0,143.8,270.0,127.9,218.6,96.4,37.8,20.2,981.4,23.9,42.8,760.3,154.3,531,,KATIHAR,
Bihar,Katihar,IMD110-P529,1980,1.0,0.7,4.7,15.1,207.2,188.2,488.3,363.7,196.6,44.0,0.0,1.0,1510.6,1.7,227.0,1236.8,45.0,531,,KATIHAR,
Bihar,Katihar,IMD110-P529,1981,37.6,10.5,5.0,130.0,188.7,91.3,518.6,316.1,150.4,0.0,1.1,18.3,1467.6,48.2,323.7,1076.3,19.4,531,,KATIHAR,
Bihar,Katihar,IMD110-P529,1982,0.0,0.3,12.9,4.6,15.8,336.0,188.8,177.0,154.6,35.3,3.8,0.0,929.1,0.3,33.4,856.4,39.1,531,,KATIHAR,
Bihar,Katihar,IMD110-P529,1983,26.9,4.6,23.2,18.8,79.7,122.3,350.7,115.2,263.0,53.2,0.0,25.7,1083.3,31.5,121.7,851.2,78.9,531,,KATIHAR,
Bihar,Katihar,IMD110-P529,1984,23.0,26.4,3.4,27.6,205.2,527.3,502.3,194.0,185.6,34.5,0.0,2.1,1731.4,49.4,236.2,1409.2,36.6,531,,KATIHAR,
Bihar,Katihar,IMD110-P529,1985,0.6,0.1,0.1,11.0,163.1,240.7,438.1,170.3,247.3,190.6,0.0,3.1,1464.9,0.6,174.2,1096.4,193.7,531,,KATIHAR,
Bihar,Katihar,IMD110-P529,1986,0.4,3.1,0.0,22.6,156.1,149.3,458.8,196.8,376.2,309.1,0.0,13.8,1686.2,3.5,178.6,1181.0,323.0,531,,KATIHAR,
Bihar,Katihar,IMD110-P529,1987,0.4,0.8,6.9,49.2,86.7,189.7,466.8,761.5,289.5,45.1,8.5,1.7,1906.9,1.3,142.9,1707.5,55.2,531,,KATIHAR,
Bihar,Katihar,IMD110-P529,1988,2.2,10.8,12.9,93.5,111.1,224.7,452.4,493.8,175.2,49.8,7.5,9.0,1642.8,12.9,217.5,1346.0,66.3,531,,KATIHAR,
Bihar,Katihar,IMD110-P529,1989,25.5,11.9,3.3,0.0,256.0,373.6,445.1,182.2,541.2,78.2,0.0,7.9,1924.9,37.5,259.3,1542.1,86.1,531,,KATIHAR,
Bihar,Katihar,IMD110-P529,1990,0.8,13.9,9.1,33.3,142.7,159.4,353.4,184.7,177.8,81.1,0.0,0.0,1156.2,14.7,185.1,875.3,81.1,531,,KATIHAR,
Bihar,Katihar,IMD110-P529,1991,16.9,3.3,0.5,8.1,97.8,274.2,261.0,270.0,497.1,13.5,0.0,50.1,1492.5,20.2,106.4,1302.4,63.6,531,,KATIHAR,
Bihar,Katihar,IMD110-P529,1992,1.9,3.4,0.6,0.1,84.5,140.4,406.4,188.9,154.5,49.9,3.1,6.0,1039.6,5.4,85.1,890.1,59.0,531,,KATIHAR,
Bihar,Katihar,IMD110-P529,1993,30.1,0.7,29.8,40.7,120.9,196.0,252.0,359.1,263.6,46.5,29.9,0.0,1369.3,30.7,191.4,1070.8,76.4,531,,KATIHAR,
Bihar,Katihar,IMD110-P529,1994,28.5,23.3,0.0,0.0,38.6,244.9,229.2,186.2,136.2,48.3,0.0,0.0,935.2,51.8,38.6,796.5,48.3,531,,KATIHAR,
Bihar,Katihar,IMD110-P529,1995,0.4,4.6,0.9,0.0,19.3,191.4,361.8,406.0,572.9,3.9,58.5,7.1,1626.8,5.0,20.2,1532.2,69.5,531,,KATIHAR,
Bihar,Katihar,IMD110-P529,1996,17.0,7.2,0.1,7.2,34.8,203.8,282.5,208.0,279.5,33.1,0.0,0.0,1073.2,24.2,42.1,973.8,33.1,531,,KATIHAR,
Bihar,Katihar,IMD110-P529,1997,14.8,11.9,0.8,41.1,64.1,235.9,477.1,443.5,196.2,5.9,1.1,25.6,1518.0,26.7,106.1,1352.7,32.6,531,,KATIHAR,
Bihar,Katihar,IMD110-P529,1998,3.9,13.9,84.2,79.1,115.9,83.0,617.0,445.8,439.9,126.7,6.1,0.0,2015.6,17.8,279.3,1585.7,132.8,531,,KATIHAR,
Bihar,Katihar,IMD110-P529,1999,0.0,0.5,0.0,2.2,152.0,344.0,437.7,499.3,758.0,172.2,14.6,0.0,2380.4,0.5,154.1,2039.0,186.7,531,,KATIHAR,
Bihar,Katihar,IMD110-P529,2000,0.2,48.3,4.3,100.6,193.1,268.4,284.5,200.2,545.3,31.2,0.0,0.0,1675.9,48.4,297.9,1298.4,31.2,531,,KATIHAR,
Bihar,Katihar,IMD110-P529,2001,3.3,0.0,1.0,22.3,133.5,245.5,157.1,233.3,305.8,369.7,0.0,0.0,1471.4,3.3,156.8,941.6,369.7,531,,KATIHAR,
Bihar,Katihar,IMD110-P529,2002,10.2,14.5,10.8,67.6,65.9,197.9,311.5,350.5,401.3,7.9,0.0,0.0,1438.1,24.6,144.4,1261.2,8.0,531,,KATIHAR,
Bihar,Katihar,IMD110-P529,2003,12.3,46.5,11.5,35.3,134.5,286.0,443.4,145.8,227.9,364.4,0.0,6.3,1713.9,58.8,181.4,1103.1,370.6,531,,KATIHAR,
Bihar,Katihar,IMD110-P529,2004,10.5,0.0,1.3,75.6,95.1,397.4,632.8,149.5,134.2,232.7,0.0,0.0,1729.2,10.5,172.0,1313.9,232.7,531,,KATIHAR,
Bihar,Katihar,IMD110-P529,2005,13.0,7.3,47.3,4.5,55.3,68.8,338.2,254.3,181.7,7.6,0.0,0.0,978.0,20.3,107.1,843.0,7.6,532,,KATIHAR,
Bihar,Katihar,IMD110-P529,2006,0.0,0.0,4.4,19.1,118.2,181.5,290.5,181.8,556.0,40.7,0.0,4.2,1396.2,0.0,141.7,1209.7,44.9,532,,KATIHAR,
Bihar,Katihar,IMD110-P529,2007,0.0,8.4,57.4,5.0,122.8,264.7,334.1,173.9,178.5,27.2,0.3,0.0,1172.1,8.4,185.2,951.1,27.4,532,,KATIHAR,
Bihar,Katihar,IMD110-P529,2008,19.8,0.7,1.1,20.2,89.8,224.0,285.3,335.8,139.5,14.2,0.0,0.0,1130.4,20.5,111.1,984.7,14.2,532,,KATIHAR,
Bihar,Katihar,IMD110-P529,2009,0.1,2.4,2.8,3.8,181.5,46.5,199.8,327.0,56.0,190.2,0.3,0.0,1010.4,2.5,188.1,629.3,190.5,532,,KATIHAR,
Bihar,Katihar,IMD110-P529,2010,0.0,0.0,0.0,13.3,47.7,122.0,168.6,109.7,144.7,26.9,0.0,0.0,632.8,0.0,61.0,544.9,26.9,532,,KATIHAR,
Bihar,Khagaria,IMD110-P533,1901,37.6,8.1,9.9,0.0,31.7,99.1,448.3,504.2,98.1,0.0,,0.0,,45.7,41.6,1149.7,,533,missing_months,KHAGARIA,
Bihar,Khagaria,IMD110-P533,1902,0.0,0.0,23.3,74.9,63.5,221.3,345.2,134.0,,47.8,0.0,0.0,,0.0,161.7,,47.8,533,missing_months,KHAGARIA,
Bihar,Khagaria,IMD110-P533,1903,11.9,0.0,0.0,0.0,0.0,229.9,,,,,0.0,,,11.9,0.0,,,533,missing_months,KHAGARIA,
Bihar,Khagaria,IMD110-P533,1904,5.1,0.0,0.0,0.0,85.9,200.5,335.6,439.9,116.4,,,0.0,,5.1,85.9,1092.4,,533,missing_months,KHAGARIA,
Bihar,Khagaria,IMD110-P533,1905,43.7,41.2,39.8,36.8,,14.7,464.3,523.9,329.9,0.0,0.0,0.0,,84.9,,1332.8,0.0,533,missing_months,KHAGARIA,
Bihar,Khagaria,IMD110-P533,1906,32.5,69.4,4.1,0.0,105.9,126.3,318.4,,194.8,39.6,0.0,0.0,,101.9,110.0,,39.6,533,missing_months,KHAGARIA,
Bihar,Khagaria,IMD110-P533,1907,0.0,64.0,30.4,5.3,24.9,355.3,197.8,,367.0,0.0,0.0,0.0,,64.0,60.6,,0.0,533,missing_months,KHAGARIA,
Bihar,Khagaria,IMD110-P533,1908,17.5,52.6,8.1,0.0,28.4,54.1,176.5,138.7,39.5,0.0,0.0,0.0,515.4,70.1,36.5,408.8,0.0,533,,KHAGARIA,
Bihar,Khagaria,IMD110-P533,1909,0.0,,0.0,62.2,14.0,597.3,257.1,296.3,327.8,,0.0,1.0,,,76.2,1478.5,,533,missing_months,KHAGARIA,
Bihar,Khagaria,IMD110-P533,1910,,11.2,18.6,0.0,35.6,178.3,332.4,254.2,279.3,41.2,28.2,0.0,,,54.2,1044.2,69.4,533,missing_months,KHAGARIA,
Bihar,Khagaria,IMD110-P533,1911,17.0,0.0,36.0,15.2,50.9,385.5,212.9,429.4,446.7,89.9,8.1,0.0,1691.6,17.0,102.1,1474.5,98.0,533,,KHAGARIA,
Bihar,Khagaria,IMD110-P533,1912,0.0,6.9,37.6,13.3,58.5,198.2,392.4,360.3,97.3,4.1,106.2,0.0,1274.8,6.9,109.4,1048.2,110.3,533,,KHAGARIA,
Bihar,Khagaria,IMD110-P533,1913,0.0,62.0,12.7,3.3,79.8,402.1,252.6,224.1,167.9,123.2,0.0,77.0,1404.7,62.0,95.8,1046.7,200.2,533,,KHAGARIA,
Bihar,Khagaria,IMD110-P533,1914,0.0,16.8,5.8,27.5,111.9,,188.4,690.8,116.0,11.0,0.0,0.0,,16.8,145.2,,11.0,533,missing_months,KHAGARIA,
Bihar,Khagaria,IMD110-P533,1915,11.1,45.9,27.9,7.1,92.2,289.3,272.4,495.8,137.1,16.8,78.3,0.0,1473.9,57.0,127.2,1194.6,95.1,533,,KHAGARIA,
Bihar,Khagaria,IMD110-P533,1916,,20.9,0.0,31.5,2.3,307.4,564.1,,196.3,199.1,1.3,0.0,,,33.8,,200.4,533,missing_months,KHAGARIA,
Bihar,Khagaria,IMD110-P533,1917,3.8,8.2,24.9,0.0,117.7,132.8,215.0,,214.4,195.8,0.0,0.0,,12.0,142.6,,195.8,533,missing_months,KHAGARIA,
Bihar,Khagaria,IMD110-P533,1918,0.8,0.3,5.6,26.1,91.0,455.1,280.5,705.8,298.8,0.0,0.0,0.0,1864.0,1.1,122.7,1740.2,0.0,533,,KHAGARIA,
Bihar,Khagaria,IMD110-P533,1919,14.8,0.0,2.8,19.6,81.8,279.5,461.7,179.7,309.2,23.9,0.0,0.0,1373.0,14.8,104.2,1230.1,23.9,533,,KHAGARIA,
Bihar,Khagaria,IMD110-P533,1920,0.0,17.0,35.7,0.0,48.8,69.4,215.5,122.1,483.1,18.3,0.0,0.0,1009.9,17.0,84.5,890.1,18.3,533,,KHAGARIA,
Bihar,Khagaria,IMD110-P533,1921,33.0,0.0,0.5,0.0,52.8,195.7,162.1,520.3,236.6,,0.0,0.0,,33.0,53.3,1114.7,,533,missing_months,KHAGARIA,
Bihar,Khagaria,IMD110-P533,1922,10.9,16.5,,13.7,18.1,706.9,269.0,,123.4,11.7,0.0,0.5,,27.4,,,12.2,533,missing_months,KHAGARIA,
Bihar,Khagaria,IMD110-P533,1923,0.5,21.8,0.5,1.8,21.1,36.5,,,100.5,,0.0,0.0,,22.3,23.4,,,533,missing_months,KHAGARIA,
Bihar,Khagaria,IMD110-P533,1925,,,,,,,262.8,,451.1,,,,,,,,,533,missing_months,KHAGARIA,
Bihar,Khagaria,IMD110-P533,1926,,,,,,,,,268.3,,,,,,,,,533,missing_months,KHAGARIA,
Bihar,Khagaria,IMD110-P533,1929,,,,,,,,,,,0.0,,,,,,,533,missing_months,KHAGARIA,
Bihar,Khagaria,IMD110-P533,1930,,3.6,1.0,7.6,34.5,178.1,,318.9,152.0,,33.8,5.3,,,43.1,,,533,missing_months,KHAGARIA,
Bihar,Khagaria,IMD110-P533,1931,0.0,24.1,,0.0,27.4,42.4,,176.6,227.9,33.0,0.0,1.3,,24.1,,,34.3,533,missing_months,KHAGARIA,
Bihar,Khagaria,IMD110-P533,1932,0.0,22.6,0.0,3.6,9.9,114.5,142.9,197.9,117.5,22.1,100.1,1.5,732.6,22.6,13.5,572.8,123.7,533,,KHAGARIA,
Bihar,Khagaria,IMD110-P533,1933,7.4,16.0,0.0,94.8,45.6,135.2,404.9,433.3,164.8,51.0,0.0,0.0,1353.0,23.4,140.4,1138.2,51.0,533,,KHAGARIA,
Bihar,Khagaria,IMD110-P533,1934,12.4,14.7,,12.4,,253.1,441.9,,122.1,,0.0,0.0,,27.1,,,,533,missing_months,KHAGARIA,
Bihar,Khagaria,IMD110-P533,1935,13.7,18.3,0.0,0.0,,44.7,205.0,,303.9,0.0,0.0,,,32.0,,,,533,missing_months,KHAGARIA,
Bihar,Khagaria,IMD110-P533,1936,,0.0,2.8,11.4,28.7,161.3,437.5,132.7,639.2,201.2,0.0,,,,42.9,1370.7,,533,missing_months,KHAGARIA,
Bihar,Khagaria,IMD110-P533,1937,,64.0,0.0,0.0,67.9,49.6,171.5,441.6,,245.1,0.0,0.0,,,67.9,,245.1,534,missing_months,KHAGARIA,
Bihar,Khagaria,IMD110-P533,1938,2.0,32.6,0.0,0.0,139.6,335.9,,213.2,123.2,29.0,0.0,0.0,,34.6,139.6,,29.0,534,missing_months,KHAGARIA,
Bihar,Khagaria,IMD110-P533,1939,0.0,37.8,11.0,0.0,7.6,130.9,450.9,,243.3,63.9,0.0,0.0,,37.8,18.6,,63.9,534,missing_months,KHAGARIA,
Bihar,Khagaria,IMD110-P533,1940,0.0,40.2,76.6,0.0,31.8,129.0,202.1,,144.4,0.0,0.0,17.0,,40.2,108.4,,17.0,534,missing_months,KHAGARIA,
Bihar,Khagaria,IMD110-P533,1941,17.8,0.0,0.0,0.0,0.5,122.7,216.1,491.8,155.3,106.7,0.0,0.0,1110.9,17.8,0.5,985.9,106.7,534,,KHAGARIA,
Bihar,Khagaria,IMD110-P533,1942,,32.3,32.5,,36.3,168.6,195.8,168.4,266.2,10.9,0.0,,,,,799.0,,534,missing_months,KHAGARIA,
Bihar,Khagaria,IMD110-P533,1943,26.9,2.5,,26.1,,14.9,270.7,215.6,181.4,75.5,0.0,,,29.4,,682.6,,534,missing_months,KHAGARIA,
Bihar,Khagaria,IMD110-P533,1944,,19.3,5.1,31.8,34.8,188.5,334.4,382.9,88.2,7.6,0.0,0.0,,,71.7,994.0,7.6,534,missing_months,KHAGARIA,
Bihar,Khagaria,IMD110-P533,1945,35.1,49.6,,30.0,27.6,129.0,234.7,185.8,315.7,135.5,0.0,,,84.7,,865.2,,534,missing_months,KHAGARIA,
Bihar,Khagaria,IMD110-P533,1946,0.0,12.2,0.0,50.0,,41.7,258.3,265.6,286.7,110.7,,0.0,,12.2,,852.3,,534,missing_months,KHAGARIA,
Bihar,Khagaria,IMD110-P533,1947,1.5,,0.8,0.0,58.9,122.6,,163.4,136.5,19.3,6.4,0.0,,,59.7,,25.7,534,missing_months,KHAGARIA,
Bihar,Khagaria,IMD110-P533,1948,,,,0.0,8.6,102.6,326.9,151.7,180.2,122.4,21.2,0.0,,,,761.4,143.6,534,missing_months,KHAGARIA,
Bihar,Khagaria,IMD110-P533,1949,0.0,14.0,0.8,58.8,43.5,262.9,,375.4,279.9,123.3,,,,14.0,103.1,,,534,missing_months,KHAGARIA,
Bihar,Khagaria,IMD110-P533,1950,,33.0,5.3,,17.5,466.3,,205.8,77.4,1.8,,0.0,,,,,,534,missing_months,KHAGARIA,
Bihar,Khagaria,IMD110-P533,1951,1.0,0.0,0.0,5.6,101.1,90.2,243.6,197.7,117.1,16.3,4.1,0.0,776.7,1.0,106.7,648.6,20.4,534,,KHAGARIA,
Bihar,Khagaria,IMD110-P533,1952,0.0,12.7,6.1,45.7,29.7,323.2,148.3,207.0,253.4,7.8,12.7,0.0,1046.6,12.7,81.5,931.9,20.5,534,,KHAGARIA,
Bihar,Khagaria,IMD110-P533,1953,19.1,5.1,3.3,2.8,42.4,181.2,183.9,276.8,246.5,10.7,3.8,0.0,975.6,24.2,48.5,888.4,14.5,534,,KHAGARIA,
Bihar,Khagaria,IMD110-P533,1954,,,,,,,322.5,392.0,167.4,30.2,0.0,0.0,,,,,30.2,534,missing_months,KHAGARIA,
Bihar,Khagaria,IMD110-P533,1955,23.6,0.0,3.8,6.4,52.8,141.8,687.0,233.0,78.7,45.9,0.0,0.0,1273.0,23.6,63.0,1140.5,45.9,534,,KHAGARIA,
Bihar,Khagaria,IMD110-P533,1956,82.8,3.0,4.1,0.5,71.1,334.7,250.0,471.8,292.3,346.3,71.4,5.6,1933.6,85.8,75.7,1348.8,423.3,534,,KHAGARIA,
Bihar,Khagaria,IMD110-P533,1957,82.8,0.0,,0.0,0.0,124.6,253.9,171.2,,,0.0,,,82.8,,,,534,missing_months,KHAGARIA,
Bihar,Khagaria,IMD110-P533,1958,5.1,0.0,0.0,0.0,30.0,41.2,39.9,369.5,394.2,88.5,0.0,0.0,968.4,5.1,30.0,844.8,88.5,534,,KHAGARIA,
Bihar,Khagaria,IMD110-P533,1959,74.2,0.0,,47.5,67.3,142.2,279.5,263.9,169.2,,,,,74.2,,854.8,,534,missing_months,KHAGARIA,
Bihar,Khagaria,IMD110-P533,1961,8.8,28.5,0.0,2.6,31.8,129.8,63.1,235.1,150.0,325.6,0.0,6.0,981.3,37.3,34.3,578.0,331.6,534,,KHAGARIA,
Bihar,Khagaria,IMD110-P533,1962,15.4,14.9,0.0,20.6,16.3,71.7,176.4,228.8,316.3,38.6,0.0,0.0,898.8,30.3,36.9,793.0,38.6,534,,KHAGARIA,
Bihar,Khagaria,IMD110-P533,1963,0.0,0.0,0.0,30.6,81.1,132.4,350.0,99.2,276.2,246.7,1.8,0.0,1218.0,0.0,111.7,857.8,248.5,534,,KHAGARIA,
Bihar,Khagaria,IMD110-P533,1964,2.0,4.6,0.0,46.0,58.7,211.1,365.4,131.3,255.1,36.8,5.0,0.0,1115.9,6.6,104.6,962.8,41.8,534,,KHAGARIA,
Bihar,Khagaria,IMD110-P533,1965,0.0,0.0,11.4,0.0,0.0,130.9,267.0,310.5,266.7,6.2,0.0,0.0,992.5,0.0,11.4,975.0,6.2,534,,KHAGARIA,
Bihar,Khagaria,IMD110-P533,1966,23.1,0.0,0.0,0.0,32.8,50.2,116.6,306.4,42.3,16.9,5.5,0.0,593.7,23.1,32.8,515.4,22.4,534,,KHAGARIA,
Bihar,Khagaria,IMD110-P533,1967,0.0,0.0,35.5,12.7,36.0,29.6,129.1,213.7,314.5,12.9,0.0,0.0,784.1,0.0,84.2,687.0,12.9,534,,KHAGARIA,
Bihar,Khagaria,IMD110-P533,1968,0.0,0.0,0.0,0.0,40.0,348.0,278.6,255.0,75.0,129.0,0.0,0.0,1125.6,0.0,40.0,956.6,129.0,534,,KHAGARIA,
Bihar,Khagaria,IMD110-P533,1969,0.0,0.0,10.6,61.3,58.9,184.9,338.6,368.8,63.7,17.5,25.0,0.0,1129.3,0.0,130.9,956.0,42.5,534,,KHAGARIA,
Bihar,Khagaria,IMD110-P533,1970,8.6,0.1,0.0,5.7,21.9,89.1,206.4,157.3,131.1,73.7,0.0,0.0,693.8,8.6,27.5,583.9,73.7,534,,KHAGARIA,
Bihar,Khagaria,IMD110-P533,1974,44.8,0.0,56.8,2.2,34.5,114.9,442.4,183.0,85.5,15.4,0.0,6.4,986.0,44.8,93.6,825.8,21.8,534,,KHAGARIA,
Bihar,Khagaria,IMD110-P533,1975,2.0,3.5,0.5,10.5,119.5,131.7,292.8,139.3,174.8,88.5,0.0,0.0,962.9,5.5,130.5,738.5,88.5,535,,KHAGARIA,
Bihar,Khagaria,IMD110-P533,1976,0.0,4.4,0.0,0.0,91.4,129.0,122.1,285.0,415.0,32.2,0.0,0.0,1079.0,4.4,91.4,951.1,32.2,535,,KHAGARIA,
Bihar,Khagaria,IMD110-P533,1977,0.0,0.0,0.0,0.0,25.0,102.0,407.3,239.3,161.8,28.8,0.0,0.0,964.1,0.0,25.0,910.3,28.8,535,,KHAGARIA,
Bihar,Khagaria,IMD110-P533,1978,0.0,0.0,0.0,42.5,16.7,113.6,253.0,234.7,218.6,142.0,0.0,23.9,1044.9,0.0,59.2,819.8,165.9,535,,KHAGARIA,
Bihar,Khagaria,IMD110-P533,1979,50.0,32.2,0.0,,0.0,70.2,406.0,128.2,90.5,9.4,0.0,0.0,,82.2,,694.8,9.4,535,missing_months,KHAGARIA,
Bihar,Khagaria,IMD110-P533,1980,7.2,0.0,4.4,0.0,31.7,139.2,225.2,289.0,122.5,7.0,0.0,0.0,826.1,7.2,36.1,775.8,7.0,535,,KHAGARIA,
Bihar,Khagaria,IMD110-P533,1981,19.7,0.0,2.5,56.8,73.7,36.3,631.2,327.4,45.2,0.0,0.5,2.2,1195.4,19.7,133.0,1040.1,2.6,535,,KHAGARIA,
Bihar,Khagaria,IMD110-P533,1982,10.4,3.7,21.1,3.4,1.6,288.2,129.1,152.9,199.3,80.2,13.2,0.0,903.0,14.0,26.1,769.5,93.3,535,,KHAGARIA,
Bihar,Khagaria,IMD110-P533,1983,16.3,1.0,22.9,35.3,117.6,185.6,188.7,261.9,355.7,91.0,0.0,17.7,1293.8,17.3,175.8,991.9,108.7,535,,KHAGARIA,
Bihar,Khagaria,IMD110-P533,1984,56.8,17.4,0.0,8.4,35.2,733.5,614.6,128.1,148.2,9.2,0.0,1.2,1752.5,74.2,43.6,1624.3,10.4,535,,KHAGARIA,
Bihar,Khagaria,IMD110-P533,1985,3.6,0.0,0.0,31.2,88.2,291.1,391.6,220.5,160.9,179.7,0.0,2.6,1369.4,3.6,119.3,1064.1,182.4,535,,KHAGARIA,
Bihar,Khagaria,IMD110-P533,1986,0.0,5.5,0.0,2.6,125.0,112.0,606.7,235.0,380.8,303.5,0.0,5.6,1776.7,5.5,127.6,1334.5,309.1,535,,KHAGARIA,
Bihar,Khagaria,IMD110-P533,1987,0.7,0.5,3.0,53.6,37.6,333.2,429.7,876.6,253.3,22.1,0.2,0.0,2010.5,1.2,94.2,1892.8,22.3,535,,KHAGARIA,
Bihar,Khagaria,IMD110-P533,1988,0.0,4.6,20.9,39.7,5.0,142.9,289.3,224.6,138.0,17.2,0.0,1.4,883.7,4.6,65.6,794.8,18.6,535,,KHAGARIA,
Bihar,Khagaria,IMD110-P533,1989,5.1,3.3,1.2,0.0,134.0,226.6,533.6,166.0,221.3,45.5,0.0,0.0,1336.6,8.4,135.2,1147.6,45.5,535,,KHAGARIA,
Bihar,Khagaria,IMD110-P533,1990,0.0,3.1,2.5,0.0,4.0,158.2,360.3,149.8,207.1,120.3,0.0,0.0,1005.1,3.1,6.5,875.3,120.3,535,,KHAGARIA,
Bihar,Khagaria,IMD110-P533,1991,1.7,0.0,1.8,2.9,7.8,99.4,132.2,219.3,296.7,4.6,0.0,20.5,787.1,1.7,12.6,747.6,25.2,535,,KHAGARIA,
Bihar,Khagaria,IMD110-P533,1992,0.0,1.3,0.0,0.5,57.4,131.3,239.5,265.5,99.6,14.5,2.9,0.0,812.5,1.3,57.8,735.9,17.5,535,,KHAGARIA,
Bihar,Khagaria,IMD110-P533,1993,6.4,0.0,12.8,13.4,23.9,143.5,207.8,332.8,379.1,44.2,15.7,0.0,1179.6,6.4,50.1,1063.2,59.8,535,,KHAGARIA,
Bihar,Khagaria,IMD110-P533,1994,8.6,18.0,0.0,0.0,23.4,114.7,107.5,288.8,145.2,33.4,0.0,0.0,739.6,26.6,23.4,656.2,33.4,535,,KHAGARIA,
Bihar,Khagaria,IMD110-P533,1995,2.1,9.1,0.5,0.0,1.6,77.4,182.2,435.3,406.1,27.1,59.0,37.4,1237.7,11.2,2.1,1100.9,123.5,535,,KHAGARIA,
Bihar,Khagaria,IMD110-P533,1996,15.3,3.2,0.4,0.1,8.1,380.3,210.0,367.9,228.2,55.7,0.0,0.0,1269.2,18.5,8.6,1186.3,55.7,535,,KHAGARIA,
Bihar,Khagaria,IMD110-P533,1997,5.1,2.9,0.7,14.1,24.8,129.7,454.6,316.4,154.6,32.4,4.6,19.1,1159.0,8.0,39.6,1055.3,56.1,535,,KHAGARIA,
Bihar,Khagaria,IMD110-P533,1998,5.8,13.5,36.5,32.0,35.3,80.0,501.8,326.3,345.8,147.6,15.1,0.0,1539.8,19.3,103.8,1254.0,162.7,535,,KHAGARIA,
Bihar,Khagaria,IMD110-P533,1999,0.0,0.0,0.0,8.9,113.4,327.6,343.2,471.4,393.6,197.1,0.0,0.0,1855.2,0.0,122.3,1535.8,197.1,535,,KHAGARIA,
Bihar,Khagaria,IMD110-P533,2000,0.3,20.7,5.8,82.9,142.4,352.1,224.7,158.4,695.8,14.7,0.0,0.0,1698.0,21.1,231.1,1431.1,14.7,535,,KHAGARIA,
Bihar,Khagaria,IMD110-P533,2001,2.6,0.5,3.1,20.9,187.4,258.4,222.9,164.7,373.4,211.0,0.0,0.0,1444.9,3.1,211.4,1019.4,211.0,535,,KHAGARIA,
Bihar,Khagaria,IMD110-P533,2002,25.5,6.5,2.8,39.7,81.5,153.7,236.6,243.0,197.6,11.3,0.0,0.5,998.8,32.0,124.0,830.9,11.8,535,,KHAGARIA,
Bihar,Khagaria,IMD110-P533,2003,6.0,71.6,2.0,7.1,105.8,372.8,252.0,188.1,180.1,251.7,0.3,3.4,1440.9,77.6,115.0,993.0,255.3,535,,KHAGARIA,
Bihar,Khagaria,IMD110-P533,2004,14.0,0.8,0.0,66.5,42.6,207.4,356.5,146.3,70.9,110.5,0.0,0.0,1015.4,14.7,109.1,781.1,110.5,535,,KHAGARIA,
Bihar,Khagaria,IMD110-P533,2005,10.0,3.6,26.6,0.0,17.8,15.8,384.9,233.9,165.8,28.3,0.0,0.0,886.5,13.6,44.3,800.3,28.3,535,,KHAGARIA,
Bihar,Khagaria,IMD110-P533,2006,0.0,0.0,0.5,15.0,66.9,157.3,267.1,130.4,355.8,30.4,4.3,0.0,1027.7,0.0,82.4,910.6,34.7,535,,KHAGARIA,
Bihar,Khagaria,IMD110-P533,2007,0.0,17.2,39.8,2.3,97.3,282.1,512.8,291.4,281.3,29.3,0.0,0.0,1553.6,17.2,139.4,1367.6,29.3,535,,KHAGARIA,
Bihar,Khagaria,IMD110-P533,2008,25.6,0.7,0.0,13.5,41.2,280.4,263.8,341.4,80.9,57.6,0.0,0.0,1105.1,26.4,54.6,966.4,57.6,535,,KHAGARIA,
Bihar,Khagaria,IMD110-P533,2009,0.0,6.0,2.6,0.0,203.0,77.3,198.4,272.5,105.7,169.1,3.7,0.0,1038.3,6.0,205.6,653.9,172.8,536,,KHAGARIA,
Bihar,Khagaria,IMD110-P533,2010,0.0,0.3,0.0,6.6,37.0,39.1,27.7,15.1,28.8,0.0,0.0,0.0,154.6,0.3,43.7,110.7,0.0,536,,KHAGARIA,
Bihar,Kishanganj,IMD110-P537,1901,26.7,19.1,21.6,25.4,,,507.0,539.7,89.9,54.6,4.0,0.0,,45.8,,,58.6,537,missing_months,KISHANGANJ,
Bihar,Kishanganj,IMD110-P537,1902,,0.0,,33.3,231.5,381.3,785.6,394.2,538.8,24.1,0.0,0.0,,,,2099.9,24.1,537,missing_months,KISHANGANJ,
Bihar,Kishanganj,IMD110-P537,1903,16.5,0.0,3.5,0.0,158.7,429.5,266.8,794.9,425.3,267.6,0.0,0.0,2362.8,16.5,162.2,1916.5,267.6,537,,KISHANGANJ,
Bihar,Kishanganj,IMD110-P537,1904,0.0,0.0,0.0,26.2,196.1,180.1,352.4,,161.9,74.7,0.0,8.1,,0.0,222.3,,82.8,537,missing_months,KISHANGANJ,
Bihar,Kishanganj,IMD110-P537,1905,9.1,26.6,39.6,124.2,233.5,178.4,564.5,816.1,389.4,65.5,0.0,0.0,2446.9,35.7,397.3,1948.4,65.5,537,,KISHANGANJ,
Bihar,Kishanganj,IMD110-P537,1906,4.8,56.9,4.9,9.1,143.1,392.4,835.1,585.8,,68.8,0.0,0.0,,61.7,157.1,,68.8,537,missing_months,KISHANGANJ,
Bihar,Kishanganj,IMD110-P537,1907,,6.9,34.3,73.4,54.9,225.8,610.5,296.5,346.5,17.3,0.0,3.0,,,162.6,1479.3,20.3,537,missing_months,KISHANGANJ,
Bihar,Kishanganj,IMD110-P537,1908,10.5,30.0,,7.6,130.3,122.0,190.0,141.3,122.1,20.3,0.0,0.0,,40.5,,575.4,20.3,537,missing_months,KISHANGANJ,
Bihar,Kishanganj,IMD110-P537,1909,0.0,23.6,0.0,137.4,72.6,775.7,214.8,519.7,,77.2,0.0,1.3,,23.6,210.0,,78.5,537,missing_months,KISHANGANJ,
Bihar,Kishanganj,IMD110-P537,1910,0.0,0.3,47.0,1.8,183.9,524.3,422.0,420.0,300.0,28.2,,0.0,,0.3,232.7,1666.3,,537,missing_months,KISHANGANJ,
Bihar,Kishanganj,IMD110-P537,1911,29.0,0.0,48.1,31.8,222.0,435.4,607.3,503.3,314.8,216.9,3.0,0.0,2411.6,29.0,301.9,1860.8,219.9,537,,KISHANGANJ,
Bihar,Kishanganj,IMD110-P537,1912,0.5,10.1,97.0,78.0,351.5,492.8,678.1,633.3,151.1,68.6,129.1,0.0,2690.1,10.6,526.5,1955.3,197.7,537,,KISHANGANJ,
Bihar,Kishanganj,IMD110-P537,1913,0.0,77.8,15.3,5.6,221.8,679.8,317.9,320.4,523.0,72.5,4.8,35.5,2274.4,77.8,242.7,1841.1,112.8,537,,KISHANGANJ,
Bihar,Kishanganj,IMD110-P537,1914,0.0,80.0,6.6,125.0,86.9,307.8,388.5,594.5,211.5,29.0,0.0,0.0,1829.8,80.0,218.5,1502.3,29.0,537,,KISHANGANJ,
Bihar,Kishanganj,IMD110-P537,1915,0.3,38.9,57.8,32.7,230.6,435.8,533.8,841.3,250.7,218.5,7.1,0.0,2647.5,39.2,321.1,2061.6,225.6,537,,KISHANGANJ,
Bihar,Kishanganj,IMD110-P537,1916,27.4,2.5,0.0,86.4,113.5,217.1,1396.0,410.1,544.5,203.3,0.0,0.0,3000.8,29.9,199.9,2567.7,203.3,537,,KISHANGANJ,
Bihar,Kishanganj,IMD110-P537,1917,0.0,2.5,13.5,21.8,323.1,352.8,465.1,167.4,628.3,455.3,0.0,0.0,2429.8,2.5,358.4,1613.6,455.3,537,,KISHANGANJ,
Bihar,Kishanganj,IMD110-P537,1918,0.0,1.3,1.3,128.9,299.6,512.7,829.8,898.1,322.8,5.1,0.0,0.0,2999.6,1.3,429.8,2563.4,5.1,537,,KISHANGANJ,
Bihar,Kishanganj,IMD110-P537,1919,34.2,2.8,0.3,42.9,64.2,428.1,517.0,214.3,469.7,201.7,0.0,,,37.0,107.4,1629.1,,537,missing_months,KISHANGANJ,
Bihar,Kishanganj,IMD110-P537,1920,0.0,28.7,28.5,43.7,76.4,312.8,293.3,744.5,855.5,5.1,0.0,0.0,2388.5,28.7,148.6,2206.1,5.1,537,,KISHANGANJ,
Bihar,Kishanganj,IMD110-P537,1921,33.2,0.0,9.6,102.6,139.5,233.7,1327.4,334.0,424.5,114.6,0.0,0.0,2719.1,33.2,251.7,2319.6,114.6,537,,KISHANGANJ,
Bihar,Kishanganj,IMD110-P537,1922,5.3,0.8,0.0,54.9,142.7,782.1,1252.4,398.5,281.3,31.2,2.5,0.0,2951.7,6.1,197.6,2714.3,33.7,537,,KISHANGANJ,
Bihar,Kishanganj,IMD110-P537,1923,2.3,33.0,4.1,213.3,190.0,552.8,568.3,215.2,455.9,177.8,0.0,2.3,2415.0,35.3,407.4,1792.2,180.1,537,,KISHANGANJ,
Bihar,Kishanganj,IMD110-P537,1924,0.5,0.0,0.0,37.3,100.5,479.7,948.9,594.9,285.4,70.3,71.6,0.0,2589.1,0.5,137.8,2308.9,141.9,537,,KISHANGANJ,
Bihar,Kishanganj,IMD110-P537,1925,0.3,0.0,1.5,323.6,70.7,260.0,549.8,463.1,277.1,19.1,0.0,0.0,1965.2,0.3,395.8,1550.0,19.1,537,,KISHANGANJ,
Bihar,Kishanganj,IMD110-P537,1926,10.6,0.0,47.8,0.0,0.0,133.3,561.8,314.1,289.1,0.5,0.0,6.6,1363.8,10.6,47.8,1298.3,7.1,537,,KISHANGANJ,
Bihar,Kishanganj,IMD110-P537,1927,67.3,19.8,19.6,16.2,212.5,345.5,351.8,652.0,492.5,25.2,13.5,0.0,2215.9,87.1,248.3,1841.8,38.7,537,,KISHANGANJ,
Bihar,Kishanganj,IMD110-P537,1928,17.8,5.4,0.0,57.7,117.3,545.4,525.4,364.3,152.6,196.4,15.5,0.0,1997.8,23.2,175.0,1587.7,211.9,537,,KISHANGANJ,
Bihar,Kishanganj,IMD110-P537,1929,48.0,0.0,9.9,52.9,99.7,181.9,281.2,263.6,161.4,402.9,0.0,9.6,1511.1,48.0,162.5,888.1,412.5,537,,KISHANGANJ,
Bihar,Kishanganj,IMD110-P537,1930,8.9,2.9,25.6,10.2,109.8,324.6,190.5,371.5,350.8,65.8,15.1,1.0,1476.7,11.8,145.7,1237.3,81.9,537,,KISHANGANJ,
Bihar,Kishanganj,IMD110-P537,1931,0.0,10.3,20.5,9.9,92.5,204.6,558.4,313.8,234.1,55.3,10.1,0.0,1509.6,10.3,122.9,1310.9,65.4,537,,KISHANGANJ,
Bihar,Kishanganj,IMD110-P537,1932,0.0,0.3,0.0,52.4,130.5,273.8,200.7,334.5,257.6,38.9,94.4,42.5,1425.8,0.3,182.9,1066.7,175.9,537,,KISHANGANJ,
Bihar,Kishanganj,IMD110-P537,1933,14.4,7.0,0.0,85.3,109.2,539.1,432.9,382.7,205.5,134.6,0.0,0.0,1910.5,21.3,194.4,1560.2,134.6,537,,KISHANGANJ,
Bihar,Kishanganj,IMD110-P537,1934,19.0,26.3,0.3,32.3,143.4,313.7,794.1,455.5,203.8,161.3,1.6,16.5,2167.9,45.3,176.0,1767.1,179.4,538,,KISHANGANJ,
Bihar,Kishanganj,IMD110-P537,1935,10.7,10.6,2.5,0.0,257.8,418.0,271.5,734.5,868.7,9.0,0.0,0.0,2583.2,21.3,260.3,2292.6,9.0,538,,KISHANGANJ,
Bihar,Kishanganj,IMD110-P537,1936,2.0,1.1,1.9,57.4,232.8,396.4,532.5,390.7,675.1,99.8,0.0,3.2,2393.1,3.2,292.1,1994.8,103.0,538,,KISHANGANJ,
Bihar,Kishanganj,IMD110-P537,1937,0.0,61.7,0.0,19.5,171.6,213.1,418.1,312.9,319.0,249.3,0.0,0.0,1765.3,61.7,191.2,1263.1,249.3,538,,KISHANGANJ,
Bihar,Kishanganj,IMD110-P537,1938,0.0,13.9,0.0,23.7,401.1,952.8,821.1,471.9,287.5,71.1,0.0,0.0,3042.9,13.9,424.7,2533.3,71.1,538,,KISHANGANJ,
Bihar,Kishanganj,IMD110-P537,1939,0.0,18.6,0.0,0.0,259.8,428.2,233.3,300.3,371.8,160.4,0.0,0.0,1772.4,18.6,259.8,1333.6,160.4,538,,KISHANGANJ,
Bihar,Kishanganj,IMD110-P537,1940,0.0,64.7,126.0,10.7,94.3,343.3,673.3,502.0,199.5,0.0,0.0,0.6,2014.4,64.7,231.0,1718.1,0.6,538,,KISHANGANJ,
Bihar,Kishanganj,IMD110-P537,1941,1.8,3.8,0.0,17.9,264.7,334.5,414.2,772.5,535.3,49.8,7.7,0.0,2402.1,5.6,282.6,2056.5,57.5,538,,KISHANGANJ,
Bihar,Kishanganj,IMD110-P537,1942,11.4,15.1,7.6,65.7,95.1,373.5,342.8,287.9,266.3,21.1,0.0,0.0,1486.6,26.5,168.4,1270.6,21.1,538,,KISHANGANJ,
Bihar,Kishanganj,IMD110-P537,1943,64.8,25.0,0.0,86.1,89.8,597.3,364.3,551.1,465.9,9.7,0.0,0.0,2253.9,89.9,175.8,1978.6,9.7,538,,KISHANGANJ,
Bihar,Kishanganj,IMD110-P537,1944,38.3,10.7,22.2,83.1,85.7,573.5,184.6,185.4,409.2,30.9,0.0,0.0,1623.6,49.0,190.9,1352.8,30.9,538,,KISHANGANJ,
Bihar,Kishanganj,IMD110-P537,1945,22.6,16.4,9.3,37.5,214.4,135.6,448.0,342.1,329.0,136.2,0.0,0.0,1691.2,39.0,261.1,1254.8,136.2,538,,KISHANGANJ,
Bihar,Kishanganj,IMD110-P537,1946,0.0,18.4,12.7,139.9,168.2,464.6,558.5,316.1,315.2,261.1,8.0,0.0,2262.8,18.4,320.8,1654.5,269.1,538,,KISHANGANJ,
Bihar,Kishanganj,IMD110-P537,1947,0.4,0.0,43.4,45.6,164.2,173.4,478.8,409.6,558.1,129.8,0.0,0.0,2003.3,0.4,253.3,1619.9,129.8,538,,KISHANGANJ,
Bihar,Kishanganj,IMD110-P537,1948,0.0,4.9,21.1,77.3,222.0,257.4,823.7,490.4,369.4,105.2,26.1,0.0,2397.4,4.9,320.4,1940.9,131.2,538,,KISHANGANJ,
Bihar,Kishanganj,IMD110-P537,1949,0.5,28.1,3.5,177.4,206.9,542.3,619.0,646.9,266.8,122.7,0.0,0.0,2614.1,28.6,387.9,2074.9,122.7,538,,KISHANGANJ,
Bihar,Kishanganj,IMD110-P537,1950,0.0,22.5,21.2,8.9,150.0,578.8,623.0,533.8,394.6,19.3,0.0,0.0,2352.1,22.5,180.1,2130.3,19.3,538,,KISHANGANJ,
Bihar,Kishanganj,IMD110-P537,1951,0.0,0.0,4.8,11.5,110.3,610.8,313.4,237.6,298.5,40.0,19.0,0.0,1645.9,0.0,126.7,1460.3,59.0,538,,KISHANGANJ,
Bihar,Kishanganj,IMD110-P537,1952,0.0,8.4,30.3,56.1,336.2,674.1,557.0,301.1,751.3,40.2,9.0,0.0,2763.7,8.4,422.6,2283.5,49.2,538,,KISHANGANJ,
Bihar,Kishanganj,IMD110-P537,1953,22.6,2.4,45.8,73.6,120.5,357.1,676.9,218.6,455.5,8.1,0.0,0.0,1981.1,25.0,239.9,1708.1,8.1,538,,KISHANGANJ,
Bihar,Kishanganj,IMD110-P537,1954,9.8,1.3,0.0,7.5,247.9,547.3,844.6,248.4,140.4,9.0,0.0,0.0,2056.2,11.1,255.4,1780.7,9.0,538,,KISHANGANJ,
Bihar,Kishanganj,IMD110-P537,1955,0.5,1.3,1.5,23.8,85.5,684.0,862.3,560.0,323.8,4.3,0.0,0.0,2547.0,1.8,110.8,2430.1,4.3,538,,KISHANGANJ,
Bihar,Kishanganj,IMD110-P537,1956,18.4,0.0,25.6,63.3,392.0,673.5,398.4,334.7,373.4,348.1,12.0,0.5,2639.8,18.4,480.8,1779.9,360.7,538,,KISHANGANJ,
Bihar,Kishanganj,IMD110-P537,1957,92.7,1.5,33.9,1.9,14.6,364.7,627.4,657.7,144.3,74.2,0.0,1.8,2014.7,94.2,50.4,1794.1,76.0,538,,KISHANGANJ,
Bihar,Kishanganj,IMD110-P537,1958,35.7,0.0,23.8,42.8,59.3,395.8,325.8,1155.7,333.4,32.4,0.0,0.0,2404.4,35.7,125.8,2210.6,32.4,538,,KISHANGANJ,
Bihar,Kishanganj,IMD110-P537,1959,46.8,0.0,17.8,93.4,32.0,355.5,327.9,146.3,317.1,268.9,0.0,0.0,1605.7,46.8,143.2,1146.8,268.9,538,,KISHANGANJ,
Bihar,Kishanganj,IMD110-P537,1960,0.0,0.0,53.0,0.0,179.4,432.1,737.2,378.0,1016.1,76.2,0.0,0.0,2871.9,0.0,232.4,2563.4,76.2,538,,KISHANGANJ,
Bihar,Kishanganj,IMD110-P537,1961,0.0,55.9,6.5,13.1,86.3,461.9,483.8,476.9,327.9,184.1,8.8,7.0,2112.2,55.9,105.9,1750.4,199.9,538,,KISHANGANJ,
Bihar,Kishanganj,IMD110-P537,1962,7.9,14.5,11.9,38.1,250.1,355.6,487.8,665.7,297.0,156.8,0.0,0.0,2285.5,22.4,300.1,1806.1,156.8,538,,KISHANGANJ,
Bihar,Kishanganj,IMD110-P537,1963,0.0,0.0,21.5,51.3,257.8,581.9,879.5,858.9,311.4,133.7,29.1,0.0,3125.1,0.0,330.5,2631.7,162.8,538,,KISHANGANJ,
Bihar,Kishanganj,IMD110-P537,1964,0.0,0.0,25.6,71.9,42.1,716.7,883.1,251.4,260.9,0.0,0.0,0.0,2251.9,0.0,139.7,2112.2,0.0,538,,KISHANGANJ,
Bihar,Kishanganj,IMD110-P537,1965,0.0,0.0,39.8,79.0,92.7,543.4,658.1,680.5,365.3,22.5,4.2,0.0,2485.4,0.0,211.5,2247.3,26.7,538,,KISHANGANJ,
Bihar,Kishanganj,IMD110-P537,1966,18.0,0.0,0.0,10.5,259.6,219.2,635.7,1232.6,385.9,85.4,1.2,0.0,2848.1,18.0,270.1,2473.4,86.6,538,,KISHANGANJ,
Bihar,Kishanganj,IMD110-P537,1967,0.0,0.0,65.2,97.7,63.4,351.3,559.3,181.4,386.5,56.0,0.4,0.0,1761.0,0.0,226.2,1478.4,56.4,538,,KISHANGANJ,
Bihar,Kishanganj,IMD110-P537,1968,12.6,0.0,22.8,19.0,65.0,388.3,569.5,410.5,222.8,374.5,0.0,0.0,2084.9,12.6,106.8,1591.1,374.5,539,,KISHANGANJ,
Bihar,Kishanganj,IMD110-P537,1969,4.0,7.5,75.5,53.3,82.1,243.8,946.2,567.2,483.5,35.4,17.0,0.0,2515.5,11.5,210.9,2240.6,52.4,539,,KISHANGANJ,
Bihar,Kishanganj,IMD110-P537,1970,8.0,5.0,0.0,134.8,121.5,463.2,585.2,533.5,302.9,0.0,0.0,0.0,2154.0,13.0,256.3,1884.7,0.0,539,,KISHANGANJ,
Bihar,Kishanganj,IMD110-P537,1974,32.4,0.0,73.9,96.8,221.5,303.6,751.2,657.7,370.4,61.0,0.0,0.0,2568.4,32.4,392.2,2082.9,61.0,539,,KISHANGANJ,
Bihar,Kishanganj,IMD110-P537,1975,10.0,2.1,0.0,54.0,268.6,360.2,592.9,198.5,444.5,93.5,0.0,0.0,2024.2,12.1,322.6,1596.1,93.5,539,,KISHANGANJ,
Bihar,Kishanganj,IMD110-P537,1976,8.7,15.2,0.0,91.4,169.3,446.0,506.8,910.4,186.7,22.1,0.0,0.0,2356.6,23.9,260.7,2049.9,22.1,539,,KISHANGANJ,
Bihar,Kishanganj,IMD110-P537,1977,0.0,0.2,9.3,68.4,249.1,293.8,659.3,847.0,236.1,282.6,67.4,20.9,2733.9,0.2,326.7,2036.1,370.8,539,,KISHANGANJ,
Bihar,Kishanganj,IMD110-P537,1978,2.0,11.4,0.9,150.4,180.8,229.4,659.2,260.4,408.8,24.5,0.0,0.0,1927.9,13.4,332.1,1557.8,24.5,539,,KISHANGANJ,
Bihar,Kishanganj,IMD110-P537,1979,1.2,5.3,4.2,25.8,52.2,202.2,716.6,275.6,415.9,234.5,18.5,29.0,1981.1,6.5,82.2,1610.3,282.1,539,,KISHANGANJ,
Bihar,Kishanganj,IMD110-P537,1980,0.0,0.0,29.6,35.5,322.2,353.5,658.5,500.0,271.9,29.7,0.0,0.0,2201.0,0.0,387.4,1783.8,29.7,539,,KISHANGANJ,
Bihar,Kishanganj,IMD110-P537,1981,21.2,1.6,34.9,114.5,246.3,351.6,842.8,558.1,344.1,0.0,0.0,0.0,2515.2,22.8,395.7,2096.6,0.0,539,,KISHANGANJ,
Bihar,Kishanganj,IMD110-P537,1982,0.0,0.0,6.2,105.5,132.9,568.6,700.6,65.0,513.4,124.3,4.4,0.0,2221.0,0.0,244.6,1847.6,128.7,539,,KISHANGANJ,
Bihar,Kishanganj,IMD110-P537,1983,16.7,1.0,33.0,60.5,213.3,375.6,718.4,409.8,398.6,49.6,0.0,19.2,2295.8,17.7,306.9,1902.3,68.8,539,,KISHANGANJ,
Bihar,Kishanganj,IMD110-P537,1984,18.5,10.1,8.5,44.1,126.5,552.9,874.0,263.3,524.9,14.0,0.0,2.7,2439.5,28.6,179.1,2215.1,16.7,539,,KISHANGANJ,
Bihar,Kishanganj,IMD110-P537,1985,0.0,0.0,0.0,12.7,208.6,303.7,914.7,349.0,341.3,304.1,0.0,3.5,2437.7,0.0,221.3,1908.7,307.7,539,,KISHANGANJ,
Bihar,Kishanganj,IMD110-P537,1986,0.0,0.0,0.0,43.4,155.7,235.0,683.7,270.5,359.8,176.6,0.0,31.5,1956.1,0.0,199.0,1549.0,208.1,539,,KISHANGANJ,
Bihar,Kishanganj,IMD110-P537,1987,0.0,6.6,40.2,73.4,112.9,597.4,740.0,720.0,457.8,122.3,2.4,0.0,2873.1,6.6,226.5,2515.2,124.7,539,,KISHANGANJ,
Bihar,Kishanganj,IMD110-P537,1988,0.0,21.8,14.3,154.1,181.8,281.2,702.0,810.6,229.0,12.4,0.0,1.2,2408.5,21.8,350.3,2022.7,13.7,539,,KISHANGANJ,
Bihar,Kishanganj,IMD110-P537,1989,7.0,16.9,1.2,0.0,387.8,441.0,559.2,323.1,780.0,88.8,0.7,0.6,2606.3,23.9,389.0,2103.3,90.1,539,,KISHANGANJ,
Bihar,Kishanganj,IMD110-P537,1990,0.0,12.0,17.9,89.0,281.7,438.5,847.9,451.1,293.6,45.7,0.0,0.0,2477.4,12.0,388.6,2031.2,45.7,539,,KISHANGANJ,
Bihar,Kishanganj,IMD110-P537,1991,8.8,0.6,16.4,12.1,86.5,478.5,518.5,371.6,883.0,18.8,0.0,3.3,2398.1,9.4,115.0,2251.6,22.1,539,,KISHANGANJ,
Bihar,Kishanganj,IMD110-P537,1992,0.5,2.5,0.0,19.3,123.8,140.4,326.4,334.2,123.8,175.7,0.0,6.1,1252.7,3.0,143.1,924.8,181.8,539,,KISHANGANJ,
Bihar,Kishanganj,IMD110-P537,1993,30.1,0.0,20.5,63.2,117.1,286.2,431.3,578.9,357.1,111.6,8.6,0.0,2004.6,30.1,200.8,1653.4,120.2,539,,KISHANGANJ,
Bihar,Kishanganj,IMD110-P537,1994,27.6,31.2,3.9,32.0,200.5,280.9,252.8,356.0,225.9,4.5,2.8,0.4,1418.6,58.8,236.4,1115.6,7.7,539,,KISHANGANJ,
Bihar,Kishanganj,IMD110-P537,1995,0.0,10.6,2.0,0.0,55.1,666.3,551.7,359.9,431.5,24.6,23.2,6.2,2131.1,10.6,57.1,2009.4,53.9,539,,KISHANGANJ,
Bihar,Kishanganj,IMD110-P537,1996,25.6,5.8,0.0,3.0,155.9,187.7,822.0,576.2,227.9,78.2,0.0,0.0,2082.2,31.4,158.8,1813.9,78.2,539,,KISHANGANJ,
Bihar,Kishanganj,IMD110-P537,1997,3.3,7.4,15.7,64.8,154.8,335.3,833.3,495.7,397.6,0.0,0.5,52.7,2361.0,10.7,235.3,2061.8,53.3,539,,KISHANGANJ,
Bihar,Kishanganj,IMD110-P537,1998,0.0,2.6,30.9,78.3,59.8,252.8,1051.7,977.9,331.0,53.8,0.0,0.0,2839.1,2.6,169.1,2613.5,53.8,539,,KISHANGANJ,
Bihar,Kishanganj,IMD110-P537,1999,0.0,0.0,0.0,8.1,187.0,400.8,708.6,576.6,358.3,202.2,46.2,0.0,2487.8,0.0,195.1,2044.3,248.4,539,,KISHANGANJ,
Bihar,Kishanganj,IMD110-P537,2000,0.0,8.1,0.0,55.0,287.5,390.8,455.4,418.1,300.5,0.0,0.0,0.0,1915.4,8.1,342.4,1564.9,0.0,539,,KISHANGANJ,
Bihar,Kishanganj,IMD110-P537,2001,0.0,0.0,0.0,7.9,211.7,241.0,267.8,369.6,589.8,342.4,12.0,0.0,2042.2,0.0,219.6,1468.1,354.4,539,,KISHANGANJ,
Bihar,Kishanganj,IMD110-P537,2002,44.1,0.9,11.4,84.8,82.5,159.2,478.2,296.5,291.6,14.3,0.0,0.0,1463.4,45.1,178.7,1225.4,14.3,539,,KISHANGANJ,
Bihar,Kishanganj,IMD110-P537,2003,23.3,32.4,28.5,57.0,116.7,394.5,793.3,288.4,466.1,265.2,0.0,17.8,2483.1,55.7,202.2,1942.2,283.0,539,,KISHANGANJ,
Bihar,Kishanganj,IMD110-P537,2004,0.0,0.0,0.0,77.7,170.9,288.4,1186.1,500.7,633.4,81.6,0.0,0.0,2938.7,0.0,248.6,2608.6,81.6,539,,KISHANGANJ,
Bihar,Kishanganj,IMD110-P537,2005,5.8,6.6,43.1,37.0,56.3,288.9,266.9,447.8,110.4,110.8,0.0,0.0,1373.4,12.4,136.4,1113.8,110.8,540,,KISHANGANJ,
Bihar,Kishanganj,IMD110-P537,2006,0.0,0.0,0.0,10.8,105.8,195.4,307.9,95.9,231.0,47.3,0.0,0.0,994.1,0.0,116.6,830.2,47.3,540,,KISHANGANJ,
Bihar,Kishanganj,IMD110-P537,2007,,,,,,,495.0,574.1,383.8,9.6,0.0,0.0,,,,,9.6,540,missing_months,KISHANGANJ,
Bihar,Kishanganj,IMD110-P537,2008,10.2,12.8,21.5,29.5,111.7,373.8,575.8,651.7,224.4,11.6,0.0,0.5,2023.5,23.0,162.6,1825.7,12.1,540,,KISHANGANJ,
Bihar,Kishanganj,IMD110-P537,2009,,,,,,,412.0,463.0,53.1,190.8,0.0,0.0,,,,,190.8,540,missing_months,KISHANGANJ,
Bihar,Kishanganj,IMD110-P537,2010,,,,30.9,125.9,349.5,696.9,444.4,310.3,27.3,0.0,0.0,,,,1801.2,27.3,540,missing_months,KISHANGANJ,
Bihar,Lakhisarai,IMD110-P541,1964,0.0,11.2,0.0,8.4,76.5,213.4,231.5,182.7,112.3,160.4,4.3,0.0,1000.7,11.2,84.9,739.9,164.7,541,,LAKHISARAI,
Bihar,Lakhisarai,IMD110-P541,1965,0.0,0.0,13.7,0.8,0.0,45.4,222.1,305.3,408.6,2.5,0.0,0.0,998.4,0.0,14.5,981.4,2.5,541,,LAKHISARAI,
Bihar,Lakhisarai,IMD110-P541,1966,0.0,0.0,0.0,0.0,26.2,159.7,54.4,254.4,58.1,0.0,0.0,0.0,552.8,0.0,26.2,526.6,0.0,541,,LAKHISARAI,
Bihar,Lakhisarai,IMD110-P541,1967,0.0,0.0,0.0,0.0,0.0,0.0,4.5,174.2,186.1,0.0,0.0,0.0,364.8,0.0,0.0,364.8,0.0,541,,LAKHISARAI,
Bihar,Lakhisarai,IMD110-P541,1968,0.0,0.0,0.0,0.0,0.0,149.0,233.5,202.4,59.0,39.6,0.0,0.0,683.5,0.0,0.0,643.9,39.6,541,,LAKHISARAI,
Bihar,Lakhisarai,IMD110-P541,1969,0.0,0.0,0.0,5.0,48.4,303.8,326.1,566.6,257.5,0.0,22.9,0.0,1530.3,0.0,53.4,1454.0,22.9,541,,LAKHISARAI,
Bihar,Lakhisarai,IMD110-P541,1970,0.0,0.0,0.0,0.0,48.4,152.3,48.0,301.3,287.3,0.0,0.0,0.0,837.3,0.0,48.4,788.9,0.0,541,,LAKHISARAI,
Bihar,Lakhisarai,IMD110-P541,1974,0.0,0.0,,0.0,,69.6,420.5,525.1,,,,,,0.0,,,,541,missing_months,LAKHISARAI,
Bihar,Lakhisarai,IMD110-P541,1975,6.3,6.0,1.5,0.0,55.5,175.7,422.3,241.3,232.5,32.3,0.0,0.0,1173.3,12.3,57.0,1071.8,32.3,541,,LAKHISARAI,
Bihar,Lakhisarai,IMD110-P541,1976,1.5,0.0,0.0,0.0,57.0,105.5,231.1,451.2,523.5,45.5,0.0,0.0,1415.4,1.5,57.0,1311.3,45.5,541,,LAKHISARAI,
Bihar,Lakhisarai,IMD110-P541,1977,0.0,,0.0,,,,,302.9,85.7,28.8,0.0,0.0,,,,,28.8,541,missing_months,LAKHISARAI,
Bihar,Lakhisarai,IMD110-P541,1978,0.0,0.0,0.0,42.5,16.7,113.6,253.0,233.2,173.9,0.0,0.0,23.9,856.8,0.0,59.2,773.7,23.9,541,,LAKHISARAI,
Bihar,Lakhisarai,IMD110-P541,1979,50.0,32.2,0.0,0.0,0.0,0.0,249.2,185.5,60.8,9.4,0.0,0.0,587.1,82.2,0.0,495.5,9.4,541,,LAKHISARAI,
Bihar,Lakhisarai,IMD110-P541,1980,0.0,0.0,0.0,0.0,0.0,131.4,183.0,380.3,68.0,0.0,0.0,0.0,762.7,0.0,0.0,762.7,0.0,541,,LAKHISARAI,
Bihar,Lakhisarai,IMD110-P541,1987,0.0,0.0,0.0,,,87.4,305.3,458.1,,85.8,4.2,4.2,,0.0,,,94.2,541,missing_months,LAKHISARAI,
Bihar,Lakhisarai,IMD110-P541,1989,5.4,0.0,1.4,0.0,52.6,105.5,486.4,121.9,192.4,35.0,0.0,6.0,1006.5,5.4,53.9,906.2,41.0,541,,LAKHISARAI,
Bihar,Lakhisarai,IMD110-P541,1990,1.0,33.0,1.5,6.0,41.0,171.6,572.7,250.1,116.0,49.5,0.0,0.0,1242.4,34.0,48.5,1110.4,49.5,541,,LAKHISARAI,
Bihar,Lakhisarai,IMD110-P541,1991,10.3,3.4,3.8,4.4,2.7,70.9,129.3,118.7,186.1,10.8,0.0,38.0,578.4,13.7,10.9,505.0,48.9,541,,LAKHISARAI,
Bihar,Lakhisarai,IMD110-P541,1992,0.0,0.0,0.0,0.0,41.7,31.6,245.8,165.2,58.1,1.2,0.0,0.0,543.5,0.0,41.7,500.7,1.2,541,,LAKHISARAI,
Bihar,Lakhisarai,IMD110-P541,1993,0.0,4.3,26.5,14.6,40.5,136.0,102.1,245.9,348.1,28.9,19.5,0.0,966.5,4.3,81.7,832.1,48.4,541,,LAKHISARAI,
Bihar,Lakhisarai,IMD110-P541,1994,25.8,20.4,0.0,0.0,72.0,77.4,119.1,107.5,159.1,50.5,0.0,0.0,631.7,46.2,72.0,463.1,50.5,541,,LAKHISARAI,
Bihar,Lakhisarai,IMD110-P541,1995,0.0,0.0,0.0,0.0,0.0,88.2,150.8,223.0,137.5,0.0,44.3,46.7,690.5,0.0,0.0,599.5,90.9,541,,LAKHISARAI,
Bihar,Lakhisarai,IMD110-P541,1996,25.0,27.8,0.0,0.0,11.9,133.3,85.8,291.6,130.3,28.7,0.0,0.0,734.4,52.8,11.9,641.0,28.7,541,,LAKHISARAI,
Bihar,Lakhisarai,IMD110-P541,1997,12.4,0.0,1.5,8.8,32.8,51.3,388.5,230.7,138.3,33.1,17.6,31.6,946.6,12.4,43.1,808.8,82.3,541,,LAKHISARAI,
Bihar,Lakhisarai,IMD110-P541,1998,2.8,12.4,17.9,7.8,7.2,115.1,370.0,244.7,161.8,126.4,4.2,0.0,1070.3,15.2,32.9,891.7,130.6,541,,LAKHISARAI,
Bihar,Lakhisarai,IMD110-P541,1999,0.0,0.0,0.0,0.0,28.1,225.9,356.3,231.3,151.9,114.0,0.0,0.0,1107.5,0.0,28.1,965.5,114.0,541,,LAKHISARAI,
Bihar,Lakhisarai,IMD110-P541,2000,0.0,0.0,0.0,25.2,44.0,156.4,205.0,126.9,256.1,1.3,0.0,0.0,815.0,0.0,69.2,744.5,1.3,541,,LAKHISARAI,
Bihar,Lakhisarai,IMD110-P541,2001,0.0,0.0,0.0,0.0,97.0,110.5,130.3,126.1,198.7,104.1,0.0,0.0,766.7,0.0,97.0,565.5,104.1,541,,LAKHISARAI,
Bihar,Lakhisarai,IMD110-P541,2002,6.3,2.0,0.0,17.7,50.3,29.4,341.8,228.9,236.8,43.8,0.0,0.0,956.9,8.3,68.0,836.9,43.8,541,,LAKHISARAI,
Bihar,Lakhisarai,IMD110-P541,2003,2.3,31.1,0.6,7.8,8.4,114.8,340.3,317.7,83.3,136.4,0.0,0.0,1042.6,33.4,16.8,856.0,136.4,541,,LAKHISARAI,
Bihar,Lakhisarai,IMD110-P541,2004,9.8,0.0,0.0,0.0,0.0,143.1,162.5,302.9,105.5,35.0,0.0,0.0,758.8,9.8,0.0,714.0,35.0,541,,LAKHISARAI,
Bihar,Lakhisarai,IMD110-P541,2005,9.0,0.0,0.0,21.2,48.2,61.7,331.1,246.8,166.7,44.5,0.0,0.0,929.2,9.0,69.4,806.3,44.5,541,,LAKHISARAI,
Bihar,Lakhisarai,IMD110-P541,2006,0.0,0.0,0.0,0.0,43.2,248.6,451.5,210.6,453.8,31.0,3.1,0.0,1441.8,0.0,43.2,1364.5,34.1,541,,LAKHISARAI,
Bihar,Lakhisarai,IMD110-P541,2007,0.0,8.2,5.2,46.0,32.6,43.0,597.6,251.1,220.6,58.1,0.0,0.0,1262.4,8.2,83.8,1112.3,58.1,542,,LAKHISARAI,
Bihar,Lakhisarai,IMD110-P541,2008,28.2,1.1,0.0,0.0,64.5,227.3,422.7,218.5,166.7,8.2,0.0,0.0,1137.2,29.3,64.5,1035.2,8.2,542,,LAKHISARAI,
Bihar,Lakhisarai,IMD110-P541,2009,0.0,0.0,0.0,0.0,95.8,54.0,199.6,200.0,174.4,66.8,2.0,0.0,792.5,0.0,95.8,628.0,68.7,542,,LAKHISARAI,
Bihar,Lakhisarai,IMD110-P541,2010,0.0,0.0,0.0,0.0,47.2,180.7,113.5,134.5,113.4,26.5,0.0,0.0,615.7,0.0,47.2,542.0,26.5,542,,LAKHISARAI,
Bihar,Madhepura,IMD110-P543,1901,41.2,2.6,9.1,0.3,,,256.9,417.9,91.0,0.0,13.5,0.0,,43.8,,,13.5,543,missing_months,MADHEPURA,
Bihar,Madhepura,IMD110-P543,1902,0.0,0.0,,26.6,111.7,159.3,254.5,192.2,679.1,27.9,0.0,0.0,,0.0,,1285.1,27.9,543,missing_months,MADHEPURA,
Bihar,Madhepura,IMD110-P543,1903,11.4,0.0,0.0,0.0,17.8,420.7,151.5,429.3,144.9,81.5,0.0,0.0,1257.1,11.4,17.8,1146.4,81.5,543,,MADHEPURA,
Bihar,Madhepura,IMD110-P543,1904,0.0,0.0,0.0,5.8,145.1,163.6,429.5,235.9,61.5,,3.6,0.0,,0.0,150.9,890.5,,543,missing_months,MADHEPURA,
Bihar,Madhepura,IMD110-P543,1905,3.6,22.1,28.3,21.8,211.2,79.5,417.1,445.5,529.8,5.6,0.0,0.0,1764.5,25.7,261.3,1471.9,5.6,543,,MADHEPURA,
Bihar,Madhepura,IMD110-P543,1906,0.0,58.9,0.0,0.0,30.6,421.3,641.4,587.0,22.1,47.5,0.0,0.0,1808.8,58.9,30.6,1671.8,47.5,543,,MADHEPURA,
Bihar,Madhepura,IMD110-P543,1907,0.0,16.0,41.7,22.1,60.5,216.2,301.7,112.0,160.0,9.9,0.0,0.0,940.1,16.0,124.3,789.9,9.9,543,,MADHEPURA,
Bihar,Madhepura,IMD110-P543,1908,14.0,42.9,3.0,0.0,79.8,64.2,65.3,101.8,155.5,32.2,0.0,0.0,558.7,56.9,82.8,386.8,32.2,543,,MADHEPURA,
Bihar,Madhepura,IMD110-P543,1909,1.3,2.5,0.0,21.6,58.2,507.3,225.1,342.2,287.4,23.1,0.0,0.0,1468.7,3.8,79.8,1362.0,23.1,543,,MADHEPURA,
Bihar,Madhepura,IMD110-P543,1910,0.0,0.0,17.7,0.0,58.8,446.5,415.5,276.3,241.3,37.1,3.8,0.0,1497.0,0.0,76.5,1379.6,40.9,543,,MADHEPURA,
Bihar,Madhepura,IMD110-P543,1911,10.5,0.0,31.0,18.3,69.7,291.2,272.1,296.5,203.0,29.8,,0.0,,10.5,119.0,1062.8,,543,missing_months,MADHEPURA,
Bihar,Madhepura,IMD110-P543,1912,7.6,4.9,44.1,29.5,54.1,253.3,236.9,282.6,84.2,24.1,164.4,0.0,1185.7,12.5,127.7,857.0,188.5,543,,MADHEPURA,
Bihar,Madhepura,IMD110-P543,1913,0.0,45.8,12.3,0.0,146.9,493.8,238.2,217.1,224.8,51.1,0.0,33.0,1463.0,45.8,159.2,1173.9,84.1,543,,MADHEPURA,
Bihar,Madhepura,IMD110-P543,1914,0.0,14.5,7.4,17.8,88.1,75.5,172.1,296.9,89.2,32.5,0.0,0.0,794.0,14.5,113.3,633.7,32.5,543,,MADHEPURA,
Bihar,Madhepura,IMD110-P543,1915,4.8,61.8,25.6,17.3,271.5,175.7,199.2,510.5,84.5,101.1,18.0,0.0,1470.0,66.6,314.4,969.9,119.1,543,,MADHEPURA,
Bihar,Madhepura,IMD110-P543,1916,0.0,12.7,0.0,32.8,17.2,232.4,473.4,297.7,222.4,88.2,0.0,0.0,1376.8,12.7,50.0,1225.9,88.2,543,,MADHEPURA,
Bihar,Madhepura,IMD110-P543,1917,0.5,12.2,1.3,0.0,189.0,311.2,259.1,182.0,196.0,251.4,0.0,0.0,1402.7,12.7,190.3,948.3,251.4,543,,MADHEPURA,
Bihar,Madhepura,IMD110-P543,1918,1.0,0.0,0.5,18.0,141.5,216.9,424.5,624.9,157.8,71.4,0.0,0.0,1656.5,1.0,160.0,1424.1,71.4,543,,MADHEPURA,
Bihar,Madhepura,IMD110-P543,1919,33.7,0.0,1.5,0.0,35.6,114.2,295.3,131.1,239.3,120.9,0.0,0.0,971.6,33.7,37.1,779.9,120.9,543,,MADHEPURA,
Bihar,Madhepura,IMD110-P543,1920,0.0,37.8,33.0,0.0,52.8,108.8,219.1,393.3,444.0,24.5,0.0,0.0,1313.3,37.8,85.8,1165.2,24.5,543,,MADHEPURA,
Bihar,Madhepura,IMD110-P543,1921,41.7,0.5,5.1,34.3,28.0,129.6,603.4,391.4,591.5,89.3,0.0,0.0,1914.8,42.2,67.4,1715.9,89.3,543,,MADHEPURA,
Bihar,Madhepura,IMD110-P543,1922,5.5,1.3,0.0,4.4,51.8,428.2,296.2,333.0,169.0,16.5,1.8,1.8,1309.5,6.8,56.2,1226.4,20.1,543,,MADHEPURA,
Bihar,Madhepura,IMD110-P543,1923,0.0,24.4,0.0,2.6,46.1,262.3,65.6,191.0,154.9,35.6,0.0,0.0,782.5,24.4,48.7,673.8,35.6,543,,MADHEPURA,
Bihar,Madhepura,IMD110-P543,1924,0.0,0.3,,34.3,14.5,204.8,481.2,181.3,254.5,166.0,86.4,0.0,,0.3,,1121.8,252.4,543,missing_months,MADHEPURA,
Bihar,Madhepura,IMD110-P543,1925,5.6,1.5,6.6,,32.0,99.9,387.3,531.3,378.2,3.1,0.8,0.0,,7.1,,1396.7,3.9,543,missing_months,MADHEPURA,
Bihar,Madhepura,IMD110-P543,1926,14.0,0.0,3.1,7.4,88.6,8.9,590.1,148.8,214.9,42.4,0.0,11.2,1129.4,14.0,99.1,962.7,53.6,543,,MADHEPURA,
Bihar,Madhepura,IMD110-P543,1927,22.9,57.2,35.3,25.4,110.7,223.0,280.4,187.9,238.9,16.6,16.0,0.0,1214.3,80.1,171.4,930.2,32.6,543,,MADHEPURA,
Bihar,Madhepura,IMD110-P543,1928,14.7,9.4,0.0,73.9,100.2,153.6,397.0,,82.5,277.8,,0.0,,24.1,174.1,,,543,missing_months,MADHEPURA,
Bihar,Madhepura,IMD110-P543,1929,28.7,0.0,0.0,37.4,72.3,181.9,716.5,314.9,143.4,420.7,0.0,37.7,1953.5,28.7,109.7,1356.7,458.4,543,,MADHEPURA,
Bihar,Madhepura,IMD110-P543,1930,9.7,1.5,5.3,4.6,33.0,332.5,219.4,345.8,371.8,24.1,26.7,11.9,1386.3,11.2,42.9,1269.5,62.7,543,,MADHEPURA,
Bihar,Madhepura,IMD110-P543,1931,0.0,35.7,3.0,0.0,46.7,67.4,754.9,,687.0,169.4,0.0,0.0,,35.7,49.7,,169.4,543,missing_months,MADHEPURA,
Bihar,Madhepura,IMD110-P543,1932,0.0,5.6,0.0,21.3,56.7,207.8,106.6,188.9,334.0,31.7,,21.8,,5.6,78.0,837.3,,543,missing_months,MADHEPURA,
Bihar,Madhepura,IMD110-P543,1933,6.9,10.9,0.0,100.5,162.0,247.1,356.0,265.2,161.6,179.7,0.0,0.0,1489.9,17.8,262.5,1029.9,179.7,543,,MADHEPURA,
Bihar,Madhepura,IMD110-P543,1934,,40.1,0.0,0.0,27.4,153.9,,,,,,,,,27.4,,,544,missing_months,MADHEPURA,
Bihar,Madhepura,IMD110-P543,1946,,,,,104.6,193.6,338.6,295.9,359.3,65.8,2.3,0.0,,,,1187.4,68.1,544,missing_months,MADHEPURA,
Bihar,Madhepura,IMD110-P543,1947,,,26.5,20.0,91.4,158.7,548.0,288.1,324.6,52.6,0.0,0.0,,,137.9,1319.4,52.6,544,missing_months,MADHEPURA,
Bihar,Madhepura,IMD110-P543,1948,0.0,0.0,0.0,15.3,105.5,68.3,439.3,265.5,330.1,83.0,35.6,0.0,1342.6,0.0,120.8,1103.2,118.6,544,,MADHEPURA,
Bihar,Madhepura,IMD110-P543,1949,20.1,51.1,0.0,71.3,132.9,159.8,533.9,316.5,198.6,189.7,0.0,0.0,1673.9,71.2,204.2,1208.8,189.7,544,,MADHEPURA,
Bihar,Madhepura,IMD110-P543,1950,0.0,9.4,54.9,15.2,42.7,,271.0,371.4,144.9,5.0,0.0,0.0,,9.4,112.8,,5.0,544,missing_months,MADHEPURA,
Bihar,Madhepura,IMD110-P543,1951,2.8,0.0,5.6,8.1,71.6,151.9,344.8,,70.0,58.1,19.1,0.0,,2.8,85.3,,77.2,544,missing_months,MADHEPURA,
Bihar,Madhepura,IMD110-P543,1953,58.9,3.1,5.6,16.5,48.3,251.4,422.2,363.0,317.6,28.2,0.0,0.0,1514.8,62.0,70.4,1354.2,28.2,544,,MADHEPURA,
Bihar,Madhepura,IMD110-P543,1954,6.9,0.8,0.0,0.0,25.5,311.9,394.2,407.8,51.6,5.6,0.0,0.0,1204.3,7.7,25.5,1165.5,5.6,544,,MADHEPURA,
Bihar,Madhepura,IMD110-P543,1955,0.0,0.0,0.0,8.9,24.9,164.4,544.0,290.0,121.0,29.0,0.0,0.0,1182.2,0.0,33.8,1119.4,29.0,544,,MADHEPURA,
Bihar,Madhepura,IMD110-P543,1956,17.0,1.3,,11.9,91.7,505.8,197.8,237.7,362.6,209.5,27.9,0.0,,18.3,,1303.9,237.4,544,missing_months,MADHEPURA,
Bihar,Madhepura,IMD110-P543,1957,96.0,0.0,,0.0,1.3,174.5,227.2,337.2,110.9,11.4,0.0,2.1,,96.0,,849.8,13.5,544,missing_months,MADHEPURA,
Bihar,Madhepura,IMD110-P543,1958,16.5,0.0,3.6,73.0,45.7,130.2,47.9,443.8,342.2,48.8,0.0,0.0,1151.7,16.5,122.3,964.1,48.8,544,,MADHEPURA,
Bihar,Madhepura,IMD110-P543,1961,25.4,20.6,0.0,1.8,59.3,273.3,232.1,230.6,151.6,285.7,0.0,5.5,1285.8,46.0,61.0,887.6,291.2,544,,MADHEPURA,
Bihar,Madhepura,IMD110-P543,1962,4.2,2.6,12.7,19.0,45.3,167.1,204.6,403.5,236.4,47.0,0.0,1.9,1144.4,6.9,77.1,1011.6,48.9,544,,MADHEPURA,
Bihar,Madhepura,IMD110-P543,1963,0.7,0.0,15.9,30.4,122.0,128.9,350.0,203.7,293.1,133.5,25.7,0.2,1304.0,0.7,168.3,975.6,159.4,544,,MADHEPURA,
Bihar,Madhepura,IMD110-P543,1964,0.0,2.2,0.0,39.4,46.7,81.5,406.7,160.5,385.0,42.2,0.6,0.0,1164.7,2.2,86.1,1033.7,42.8,544,,MADHEPURA,
Bihar,Madhepura,IMD110-P543,1965,0.0,1.8,11.6,0.1,11.4,180.7,356.9,287.8,296.6,9.9,12.5,0.0,1169.3,1.8,23.1,1121.9,22.4,544,,MADHEPURA,
Bihar,Madhepura,IMD110-P543,1966,20.5,0.0,0.0,0.0,54.6,48.8,149.1,312.2,139.6,29.3,24.7,0.0,778.8,20.5,54.6,649.6,54.0,544,,MADHEPURA,
Bihar,Madhepura,IMD110-P543,1967,0.0,0.0,66.2,59.7,21.9,91.0,376.0,357.6,151.3,2.2,0.0,0.0,1125.8,0.0,147.8,975.9,2.2,544,,MADHEPURA,
Bihar,Madhepura,IMD110-P543,1968,15.1,0.0,5.5,9.5,32.5,358.5,194.2,440.5,76.6,140.6,0.0,0.5,1273.6,15.1,47.5,1069.8,141.2,544,,MADHEPURA,
Bihar,Madhepura,IMD110-P543,1969,7.2,18.4,18.0,40.3,74.1,263.8,295.9,270.2,143.6,40.9,49.3,0.0,1221.7,25.6,132.3,973.5,90.3,544,,MADHEPURA,
Bihar,Madhepura,IMD110-P543,1970,34.0,9.6,4.1,23.1,24.2,143.6,420.2,211.6,163.3,20.9,0.0,0.0,1054.6,43.6,51.4,938.7,20.9,544,,MADHEPURA,
Bihar,Madhepura,IMD110-P543,1974,3.9,0.0,36.3,14.7,73.7,256.6,436.0,266.7,217.7,29.3,0.1,8.5,1343.5,3.9,124.8,1177.0,37.9,544,,MADHEPURA,
Bihar,Madhepura,IMD110-P543,1975,4.3,3.9,2.2,26.6,45.6,137.7,358.0,117.8,263.9,42.4,0.0,0.0,1002.4,8.2,74.5,877.3,42.4,544,,MADHEPURA,
Bihar,Madhepura,IMD110-P543,1976,3.6,13.0,0.0,11.6,120.1,174.1,145.9,395.8,265.8,26.2,0.0,0.0,1156.2,16.6,131.7,981.7,26.2,544,,MADHEPURA,
Bihar,Madhepura,IMD110-P543,1977,0.9,0.9,0.0,26.5,77.6,128.3,344.0,468.3,129.4,176.4,2.6,13.7,1368.6,1.8,104.1,1070.0,192.7,544,,MADHEPURA,
Bihar,Madhepura,IMD110-P543,1978,3.1,11.9,6.8,22.7,80.7,143.5,379.8,147.6,239.3,180.2,4.3,0.0,1219.9,15.0,110.2,910.1,184.5,544,,MADHEPURA,
Bihar,Madhepura,IMD110-P543,1979,8.8,10.9,0.9,48.9,0.7,115.1,448.0,99.6,121.5,85.8,46.1,17.2,1003.4,19.7,50.5,784.1,149.1,544,,MADHEPURA,
Bihar,Madhepura,IMD110-P543,1980,2.2,0.3,14.2,28.0,168.3,228.2,506.7,367.2,290.9,30.7,0.0,0.0,1636.7,2.5,210.5,1393.0,30.7,544,,MADHEPURA,
Bihar,Madhepura,IMD110-P543,1981,35.1,21.1,29.0,91.2,133.6,91.1,684.3,365.9,168.7,10.5,3.4,4.7,1638.7,56.3,253.8,1310.0,18.6,544,,MADHEPURA,
Bihar,Madhepura,IMD110-P543,1982,0.0,1.8,18.4,14.6,46.4,286.3,212.3,172.7,136.3,45.0,9.6,1.7,945.1,1.8,79.4,807.6,56.3,544,,MADHEPURA,
Bihar,Madhepura,IMD110-P543,1983,12.2,0.1,16.6,40.3,126.1,204.8,291.1,314.1,250.1,95.5,0.0,15.7,1366.5,12.3,182.9,1060.0,111.2,544,,MADHEPURA,
Bihar,Madhepura,IMD110-P543,1984,16.4,38.1,0.9,12.0,159.5,685.1,455.0,221.9,235.4,9.7,0.0,2.1,1836.1,54.5,172.3,1597.4,11.8,544,,MADHEPURA,
Bihar,Madhepura,IMD110-P543,1985,2.3,0.0,0.0,3.0,80.8,217.7,353.5,152.9,348.6,226.1,0.0,0.7,1385.6,2.3,83.8,1072.7,226.8,545,,MADHEPURA,
Bihar,Madhepura,IMD110-P543,1986,0.0,1.8,0.0,15.4,158.0,124.2,399.3,205.3,304.7,263.4,2.1,14.1,1488.4,1.8,173.3,1033.6,279.7,545,,MADHEPURA,
Bihar,Madhepura,IMD110-P543,1987,2.9,0.9,6.6,80.7,61.4,286.3,407.1,614.0,496.8,40.9,5.6,1.6,2004.7,3.8,148.7,1804.1,48.2,545,,MADHEPURA,
Bihar,Madhepura,IMD110-P543,1988,0.3,13.9,13.9,49.7,110.3,151.7,346.8,554.9,178.7,37.1,3.1,6.5,1466.8,14.2,173.9,1232.1,46.7,545,,MADHEPURA,
Bihar,Madhepura,IMD110-P543,1989,11.0,16.6,7.8,0.0,173.5,209.6,442.3,145.2,364.7,44.1,0.2,17.0,1432.0,27.6,181.3,1161.8,61.4,545,,MADHEPURA,
Bihar,Madhepura,IMD110-P543,1990,0.0,7.9,31.9,6.5,106.1,119.9,459.8,180.0,189.1,94.0,0.0,0.0,1195.2,7.9,144.6,948.7,94.0,545,,MADHEPURA,
Bihar,Madhepura,IMD110-P543,1991,6.9,0.0,1.1,14.4,86.3,265.6,228.6,283.7,471.4,2.3,0.0,35.4,1395.8,6.9,101.9,1249.3,37.8,545,,MADHEPURA,
Bihar,Madhepura,IMD110-P543,1992,6.0,0.7,0.0,3.0,128.6,120.6,276.6,197.8,120.6,72.4,5.8,0.0,932.1,6.6,131.7,715.6,78.2,545,,MADHEPURA,
Bihar,Madhepura,IMD110-P543,1993,20.0,15.6,21.6,27.8,78.1,220.4,297.3,361.8,357.8,32.3,10.6,0.0,1443.5,35.6,127.5,1237.3,43.0,545,,MADHEPURA,
Bihar,Madhepura,IMD110-P543,1994,34.3,23.8,0.0,2.7,80.2,141.6,155.7,261.8,143.5,39.9,0.0,0.0,883.5,58.0,82.9,702.6,39.9,545,,MADHEPURA,
Bihar,Madhepura,IMD110-P543,1995,4.0,17.3,0.6,0.0,2.3,140.5,292.1,387.8,300.6,13.9,78.3,30.1,1267.6,21.3,2.9,1121.1,122.3,545,,MADHEPURA,
Bihar,Madhepura,IMD110-P543,1996,25.1,6.0,0.0,0.0,36.2,189.4,292.3,438.3,139.4,55.3,0.0,0.0,1182.0,31.1,36.2,1059.4,55.3,545,,MADHEPURA,
Bihar,Madhepura,IMD110-P543,1997,17.9,0.0,8.2,52.0,43.7,185.1,480.0,220.9,146.8,3.1,0.5,28.2,1186.4,17.9,103.9,1032.9,31.7,545,,MADHEPURA,
Bihar,Madhepura,IMD110-P543,1998,9.5,10.1,28.9,58.6,57.8,68.9,551.4,289.1,308.7,66.5,8.1,0.0,1457.6,19.5,145.4,1218.1,74.6,545,,MADHEPURA,
Bihar,Madhepura,IMD110-P543,1999,0.0,1.0,0.9,16.5,101.9,330.4,306.9,555.0,552.5,53.4,20.6,28.2,1967.2,1.0,119.3,1744.8,102.2,545,,MADHEPURA,
Bihar,Madhepura,IMD110-P543,2000,0.8,1.4,0.0,26.3,80.8,246.2,219.8,188.8,411.3,17.7,0.0,0.0,1193.2,2.2,107.1,1066.1,17.7,545,,MADHEPURA,
Bihar,Madhepura,IMD110-P543,2001,0.0,0.0,0.0,20.4,173.1,219.0,208.8,170.1,429.1,309.9,0.0,0.0,1530.5,0.0,193.5,1027.1,309.9,545,,MADHEPURA,
Bihar,Madhepura,IMD110-P543,2002,10.1,1.1,0.3,44.8,129.8,182.4,376.5,248.9,155.3,13.3,0.9,4.1,1167.4,11.1,174.9,963.1,18.3,545,,MADHEPURA,
Bihar,Madhepura,IMD110-P543,2003,6.5,37.1,4.9,41.9,104.6,216.2,216.6,319.8,213.5,188.8,0.0,1.9,1351.7,43.6,151.4,966.0,190.7,545,,MADHEPURA,
Bihar,Madhepura,IMD110-P543,2004,30.9,0.5,0.0,97.9,185.2,336.6,403.8,156.5,67.2,107.8,0.0,0.0,1386.2,31.3,283.1,964.0,107.8,545,,MADHEPURA,
Bihar,Madhepura,IMD110-P543,2005,18.2,14.0,15.8,15.0,58.0,111.4,188.0,424.7,193.8,28.7,0.0,0.0,1067.4,32.2,88.8,917.8,28.7,545,,MADHEPURA,
Bihar,Madhepura,IMD110-P543,2006,0.0,0.0,2.5,36.4,122.7,146.5,414.6,138.2,283.1,33.2,7.9,3.5,1188.6,0.0,161.6,982.4,44.6,545,,MADHEPURA,
Bihar,Madhepura,IMD110-P543,2007,,,,,,,321.2,273.1,289.5,11.9,0.0,0.0,,,,,11.9,545,missing_months,MADHEPURA,
Bihar,Madhepura,IMD110-P543,2008,8.7,7.9,0.1,10.1,29.4,353.1,308.7,152.9,24.2,0.0,0.0,0.0,895.0,16.5,39.6,838.8,0.0,545,,MADHEPURA,
Bihar,Madhepura,IMD110-P543,2009,,,,,,,274.2,466.8,127.1,88.0,0.0,0.0,,,,,88.0,545,missing_months,MADHEPURA,
Bihar,Madhepura,IMD110-P543,2010,0.0,0.0,0.0,60.0,134.7,78.4,172.8,110.4,168.0,8.7,0.0,0.0,733.0,0.0,194.7,529.5,8.7,545,,MADHEPURA,
Bihar,Madhubani,IMD110-P546,1901,36.3,2.0,18.8,0.0,61.7,97.5,163.8,294.7,137.0,0.0,6.4,0.0,818.2,38.3,80.5,693.0,6.4,546,,MADHUBANI,
Bihar,Madhubani,IMD110-P546,1902,0.0,0.0,24.7,23.4,91.3,162.0,292.7,206.6,393.6,20.6,0.0,0.0,1214.9,0.0,139.4,1054.9,20.6,546,,MADHUBANI,
Bihar,Madhubani,IMD110-P546,1903,3.0,0.6,1.3,11.0,54.8,314.2,84.7,294.7,185.6,93.3,0.0,0.0,1043.2,3.6,67.0,879.3,93.3,546,,MADHUBANI,
Bihar,Madhubani,IMD110-P546,1904,2.0,0.4,0.0,25.0,156.6,105.2,239.6,277.5,111.5,206.3,11.2,0.0,1135.4,2.4,181.6,733.9,217.5,546,,MADHUBANI,
Bihar,Madhubani,IMD110-P546,1905,21.9,36.5,21.3,16.6,77.2,84.6,589.1,497.6,330.5,18.2,0.0,0.0,1693.3,58.3,115.1,1501.8,18.2,546,,MADHUBANI,
Bihar,Madhubani,IMD110-P546,1906,0.7,41.1,0.2,0.0,64.1,235.0,377.4,881.2,63.4,27.2,0.0,0.0,1690.3,41.8,64.3,1556.9,27.2,546,,MADHUBANI,
Bihar,Madhubani,IMD110-P546,1907,0.0,7.9,55.8,19.0,52.8,242.4,496.2,151.4,269.8,19.7,0.0,6.3,1321.3,7.9,127.6,1159.8,26.0,546,,MADHUBANI,
Bihar,Madhubani,IMD110-P546,1908,7.2,29.3,22.1,5.8,61.0,226.8,125.9,66.5,160.8,28.7,0.0,0.0,734.0,36.5,88.8,579.9,28.7,546,,MADHUBANI,
Bihar,Madhubani,IMD110-P546,1909,1.3,1.2,0.0,149.1,55.3,515.7,175.9,468.9,93.8,13.4,0.0,11.7,1486.3,2.6,204.5,1254.2,25.1,546,,MADHUBANI,
Bihar,Madhubani,IMD110-P546,1910,2.9,0.0,18.6,11.0,68.8,270.4,670.6,161.3,158.0,128.5,3.1,0.0,1493.2,2.9,98.4,1260.3,131.6,546,,MADHUBANI,
Bihar,Madhubani,IMD110-P546,1911,6.7,0.0,27.1,15.6,68.1,207.4,397.3,383.1,180.1,135.2,6.3,0.0,1426.9,6.7,110.7,1167.9,141.6,546,,MADHUBANI,
Bihar,Madhubani,IMD110-P546,1912,3.0,3.5,29.2,48.8,84.8,249.7,267.5,353.8,251.6,38.7,107.3,0.0,1437.9,6.5,162.8,1122.6,146.1,546,,MADHUBANI,
Bihar,Madhubani,IMD110-P546,1913,0.0,23.2,5.0,1.1,104.4,577.1,213.4,364.2,292.2,18.8,0.0,26.2,1625.6,23.2,110.4,1446.8,45.1,546,,MADHUBANI,
Bihar,Madhubani,IMD110-P546,1914,3.5,16.7,4.7,42.8,71.6,91.8,160.6,442.7,63.6,8.4,0.0,0.0,906.4,20.1,119.1,758.7,8.4,546,,MADHUBANI,
Bihar,Madhubani,IMD110-P546,1915,0.2,59.0,37.8,7.8,114.3,197.8,234.9,430.0,76.7,99.2,5.6,0.0,1263.4,59.2,159.9,939.4,104.8,546,,MADHUBANI,
Bihar,Madhubani,IMD110-P546,1916,0.0,18.1,0.0,41.4,43.7,432.0,551.1,329.8,279.1,67.5,0.0,0.0,1762.7,18.1,85.0,1592.1,67.5,546,,MADHUBANI,
Bihar,Madhubani,IMD110-P546,1917,0.3,5.6,2.1,11.3,111.0,178.5,242.7,152.0,290.9,69.7,0.0,0.0,1064.1,6.0,124.3,864.1,69.7,546,,MADHUBANI,
Bihar,Madhubani,IMD110-P546,1918,0.0,0.0,0.1,40.3,133.1,137.6,517.0,288.8,120.2,33.2,0.0,0.0,1270.2,0.0,173.4,1063.6,33.2,546,,MADHUBANI,
Bihar,Madhubani,IMD110-P546,1919,12.7,4.1,0.3,0.9,52.5,95.4,396.3,147.4,239.4,52.5,0.0,0.0,1001.5,16.8,53.8,878.5,52.5,546,,MADHUBANI,
Bihar,Madhubani,IMD110-P546,1920,0.0,14.2,16.9,14.5,27.9,139.9,213.1,285.0,433.7,16.9,0.0,0.0,1162.0,14.2,59.2,1071.7,16.9,546,,MADHUBANI,
Bihar,Madhubani,IMD110-P546,1921,43.5,0.0,8.9,63.2,38.7,126.7,435.1,315.5,351.9,52.9,0.0,0.0,1436.4,43.5,110.8,1229.3,52.9,546,,MADHUBANI,
Bihar,Madhubani,IMD110-P546,1922,8.2,1.6,0.0,5.8,12.2,425.6,461.3,332.1,178.3,10.6,0.0,10.1,1445.8,9.8,18.0,1397.3,20.7,546,,MADHUBANI,
Bihar,Madhubani,IMD110-P546,1923,0.2,48.6,2.1,29.6,46.6,218.7,196.1,94.0,186.2,87.7,0.0,0.0,909.9,48.9,78.3,695.0,87.7,546,,MADHUBANI,
Bihar,Madhubani,IMD110-P546,1924,0.0,1.2,0.3,16.9,33.4,280.8,350.8,402.3,263.0,50.3,39.0,0.0,1438.2,1.2,50.7,1297.0,89.2,546,,MADHUBANI,
Bihar,Madhubani,IMD110-P546,1925,1.8,0.0,0.0,70.5,58.1,155.4,204.7,415.1,255.4,17.2,6.7,0.0,1184.9,1.8,128.6,1030.6,23.9,546,,MADHUBANI,
Bihar,Madhubani,IMD110-P546,1926,19.7,0.0,26.4,19.4,81.2,26.3,638.5,204.7,378.2,5.5,0.0,4.7,1404.6,19.7,127.0,1247.7,10.1,546,,MADHUBANI,
Bihar,Madhubani,IMD110-P546,1927,11.8,15.9,25.5,2.5,48.0,117.2,371.6,224.6,325.1,31.6,22.6,0.0,1196.3,27.6,76.0,1038.5,54.1,546,,MADHUBANI,
Bihar,Madhubani,IMD110-P546,1928,13.3,6.7,0.0,52.9,96.9,79.4,400.6,487.7,82.7,122.7,0.6,0.7,1344.2,20.0,149.8,1050.4,124.0,546,,MADHUBANI,
Bihar,Madhubani,IMD110-P546,1929,21.5,0.0,5.9,18.4,35.6,255.8,274.7,197.9,129.4,317.4,0.0,22.6,1279.2,21.5,59.9,857.8,340.0,546,,MADHUBANI,
Bihar,Madhubani,IMD110-P546,1930,16.0,11.1,27.3,8.4,41.2,186.1,271.9,347.9,273.4,26.5,4.2,8.5,1222.3,27.1,76.8,1079.3,39.1,546,,MADHUBANI,
Bihar,Madhubani,IMD110-P546,1931,0.0,9.6,37.9,1.5,48.1,88.2,583.9,159.8,355.4,97.4,9.2,1.1,1392.1,9.6,87.5,1187.2,107.8,546,,MADHUBANI,
Bihar,Madhubani,IMD110-P546,1932,0.0,0.1,0.0,29.3,19.9,261.5,76.6,382.7,260.9,14.3,85.0,16.3,1146.4,0.1,49.2,981.6,115.5,546,,MADHUBANI,
Bihar,Madhubani,IMD110-P546,1933,26.3,6.4,0.0,65.5,90.1,216.0,494.0,358.1,131.4,138.1,0.0,0.0,1525.9,32.7,155.6,1199.5,138.1,546,,MADHUBANI,
Bihar,Madhubani,IMD110-P546,1934,26.2,15.6,2.2,9.8,30.4,265.3,417.3,78.5,175.4,77.2,7.9,1.6,1107.4,41.8,42.3,936.4,86.8,547,,MADHUBANI,
Bihar,Madhubani,IMD110-P546,1935,6.9,17.5,0.0,0.2,39.2,115.0,186.5,426.7,511.1,9.9,0.0,0.0,1313.1,24.4,39.5,1239.3,9.9,547,,MADHUBANI,
Bihar,Madhubani,IMD110-P546,1936,2.1,3.3,0.5,5.0,145.1,184.5,478.8,101.0,379.7,22.7,0.0,8.5,1331.3,5.4,150.6,1144.0,31.2,547,,MADHUBANI,
Bihar,Madhubani,IMD110-P546,1937,0.0,51.8,0.0,22.9,195.1,206.2,149.2,432.0,206.1,241.4,0.0,0.1,1504.7,51.8,218.0,993.4,241.5,547,,MADHUBANI,
Bihar,Madhubani,IMD110-P546,1938,5.1,11.2,0.0,4.1,154.3,399.7,323.0,463.2,128.3,28.6,1.0,0.0,1518.4,16.3,158.5,1314.1,29.6,547,,MADHUBANI,
Bihar,Madhubani,IMD110-P546,1939,1.1,28.5,0.2,0.0,83.1,321.4,312.6,164.3,206.1,92.4,0.0,0.0,1209.7,29.6,83.3,1004.4,92.4,547,,MADHUBANI,
Bihar,Madhubani,IMD110-P546,1940,0.0,45.8,76.8,0.0,75.8,122.3,418.6,202.1,216.2,0.2,0.0,0.5,1158.3,45.8,152.6,959.2,0.7,547,,MADHUBANI,
Bihar,Madhubani,IMD110-P546,1941,14.6,2.1,1.5,11.7,189.8,84.7,392.1,534.9,167.0,17.8,3.3,0.0,1419.5,16.7,203.0,1178.7,21.1,547,,MADHUBANI,
Bihar,Madhubani,IMD110-P546,1942,29.6,16.7,12.6,61.3,36.3,288.3,143.7,112.3,527.9,9.9,0.0,0.0,1238.6,46.3,110.2,1072.3,9.9,547,,MADHUBANI,
Bihar,Madhubani,IMD110-P546,1943,21.5,20.3,0.0,75.2,63.8,383.9,268.4,319.9,218.4,25.4,0.0,0.0,1396.7,41.8,138.9,1190.6,25.4,547,,MADHUBANI,
Bihar,Madhubani,IMD110-P546,1944,24.1,5.6,66.4,92.0,44.8,316.5,214.3,127.8,238.3,4.1,0.0,0.0,1133.9,29.7,203.1,896.9,4.1,547,,MADHUBANI,
Bihar,Madhubani,IMD110-P546,1945,49.0,7.6,2.6,25.7,132.7,84.9,192.1,364.8,307.1,155.1,0.0,0.8,1322.4,56.6,161.0,948.9,155.9,547,,MADHUBANI,
Bihar,Madhubani,IMD110-P546,1946,0.0,17.0,2.5,51.3,117.5,176.7,342.9,197.5,390.6,83.2,29.9,0.0,1408.9,17.0,171.2,1107.7,113.1,547,,MADHUBANI,
Bihar,Madhubani,IMD110-P546,1947,3.3,1.9,14.9,15.6,148.0,153.1,444.5,207.1,157.4,86.8,0.0,0.0,1232.6,5.2,178.6,962.0,86.8,547,,MADHUBANI,
Bihar,Madhubani,IMD110-P546,1948,4.0,3.4,0.3,29.5,84.5,99.9,594.4,246.5,119.9,84.8,67.7,0.0,1335.1,7.5,114.3,1060.7,152.5,547,,MADHUBANI,
Bihar,Madhubani,IMD110-P546,1949,14.1,36.0,0.0,62.3,128.9,160.2,346.2,368.8,144.6,198.7,0.0,0.0,1459.7,50.1,191.2,1019.7,198.7,547,,MADHUBANI,
Bihar,Madhubani,IMD110-P546,1950,6.3,12.5,35.1,1.2,110.7,333.3,115.6,362.6,90.7,5.8,0.3,0.0,1074.1,18.8,147.0,902.2,6.1,547,,MADHUBANI,
Bihar,Madhubani,IMD110-P546,1951,0.9,0.0,5.9,12.4,26.2,197.1,225.3,232.4,64.0,25.8,12.9,0.0,803.0,0.9,44.6,718.8,38.7,547,,MADHUBANI,
Bihar,Madhubani,IMD110-P546,1952,0.0,7.9,13.1,32.2,118.6,169.6,249.0,199.3,258.3,43.2,4.7,0.0,1095.9,7.9,163.9,876.2,47.9,547,,MADHUBANI,
Bihar,Madhubani,IMD110-P546,1953,45.3,0.0,1.4,7.0,50.1,241.8,503.4,226.6,191.4,33.9,0.0,0.0,1301.1,45.3,58.6,1163.2,33.9,547,,MADHUBANI,
Bihar,Madhubani,IMD110-P546,1954,5.4,4.1,0.3,0.1,69.5,146.0,427.1,272.5,48.5,10.3,1.4,0.8,986.0,9.6,69.8,894.1,12.6,547,,MADHUBANI,
Bihar,Madhubani,IMD110-P546,1955,0.1,3.1,0.7,25.3,29.6,189.0,815.8,143.1,160.9,12.4,0.9,0.0,1380.9,3.2,55.7,1308.7,13.3,547,,MADHUBANI,
Bihar,Madhubani,IMD110-P546,1956,29.2,0.5,4.8,11.6,128.3,421.7,171.3,418.9,315.5,155.1,40.2,1.6,1698.5,29.7,144.7,1327.3,196.8,547,,MADHUBANI,
Bihar,Madhubani,IMD110-P546,1957,59.4,0.0,0.7,0.0,3.1,160.9,211.9,373.7,61.9,34.0,0.0,3.4,908.9,59.4,3.8,808.3,37.4,547,,MADHUBANI,
Bihar,Madhubani,IMD110-P546,1958,23.5,0.2,1.9,64.2,16.4,208.6,83.1,545.2,220.4,73.8,0.0,0.0,1237.1,23.7,82.5,1057.1,73.8,547,,MADHUBANI,
Bihar,Madhubani,IMD110-P546,1959,94.2,0.4,11.8,38.9,31.2,167.6,182.8,58.7,206.7,167.7,0.0,0.0,959.9,94.7,81.9,615.7,167.7,547,,MADHUBANI,
Bihar,Madhubani,IMD110-P546,1960,0.0,0.0,54.9,0.0,68.0,164.5,411.6,235.0,599.3,27.8,0.0,0.0,1561.1,0.0,123.0,1410.4,27.8,547,,MADHUBANI,
Bihar,Madhubani,IMD110-P546,1961,19.0,40.5,0.1,6.2,87.7,239.8,199.6,324.0,80.4,225.4,4.1,3.2,1230.0,59.6,93.9,843.8,232.7,547,,MADHUBANI,
Bihar,Madhubani,IMD110-P546,1962,17.8,4.9,9.8,4.8,77.2,159.7,131.5,551.5,90.8,168.0,0.0,3.7,1219.7,22.7,91.8,933.5,171.7,547,,MADHUBANI,
Bihar,Madhubani,IMD110-P546,1963,0.3,0.0,11.2,40.1,85.2,177.9,342.8,254.9,197.8,137.0,19.0,0.0,1266.1,0.3,136.4,973.4,156.0,547,,MADHUBANI,
Bihar,Madhubani,IMD110-P546,1964,0.0,0.0,18.1,20.3,57.3,122.1,505.0,188.4,302.4,39.3,0.0,0.0,1253.0,0.0,95.8,1117.9,39.3,547,,MADHUBANI,
Bihar,Madhubani,IMD110-P546,1965,0.0,0.0,50.9,2.8,24.3,216.7,369.0,423.1,125.2,11.2,5.4,0.0,1228.6,0.0,78.0,1133.9,16.7,547,,MADHUBANI,
Bihar,Madhubani,IMD110-P546,1966,16.8,9.7,0.0,1.7,45.8,21.0,308.4,486.0,67.1,19.6,18.5,0.7,995.4,26.5,47.5,882.6,38.8,547,,MADHUBANI,
Bihar,Madhubani,IMD110-P546,1967,0.8,0.0,40.4,39.3,47.8,132.8,391.9,176.3,231.0,0.0,0.0,0.0,1060.3,0.8,127.5,931.9,0.0,547,,MADHUBANI,
Bihar,Madhubani,IMD110-P546,1968,17.2,0.0,23.6,0.0,24.8,231.0,221.8,306.5,89.0,185.6,0.0,0.0,1099.6,17.2,48.4,848.4,185.6,548,,MADHUBANI,
Bihar,Madhubani,IMD110-P546,1969,4.1,17.8,21.3,33.7,78.4,157.2,280.4,291.1,107.1,17.0,4.6,0.0,1012.7,21.9,133.4,835.8,21.6,548,,MADHUBANI,
Bihar,Madhubani,IMD110-P546,1970,2.5,9.0,0.2,10.7,31.9,319.1,337.3,204.0,223.7,46.2,0.0,0.0,1184.6,11.5,42.8,1084.1,46.2,548,,MADHUBANI,
Bihar,Madhubani,IMD110-P546,1974,4.0,1.2,47.2,20.5,25.1,260.2,550.6,592.8,213.0,48.2,0.0,5.0,1767.7,5.2,92.8,1616.6,53.2,548,,MADHUBANI,
Bihar,Madhubani,IMD110-P546,1975,17.9,3.8,4.6,30.3,80.8,188.8,734.9,203.7,390.7,38.1,0.0,0.0,1693.7,21.7,115.7,1518.1,38.1,548,,MADHUBANI,
Bihar,Madhubani,IMD110-P546,1976,7.0,12.6,10.0,2.3,119.6,256.3,273.9,345.6,144.7,18.6,0.0,0.0,1190.7,19.6,131.9,1020.6,18.6,548,,MADHUBANI,
Bihar,Madhubani,IMD110-P546,1977,0.1,0.7,0.0,10.1,68.9,47.2,215.3,235.5,28.1,108.0,6.7,37.8,758.4,0.9,79.0,526.0,152.5,548,,MADHUBANI,
Bihar,Madhubani,IMD110-P546,1978,2.8,5.4,5.4,22.5,37.9,52.7,315.3,139.8,96.2,130.9,23.5,0.5,833.0,8.3,65.9,604.0,154.8,548,,MADHUBANI,
Bihar,Madhubani,IMD110-P546,1979,5.7,5.0,1.7,11.6,7.4,91.2,423.4,166.0,135.1,50.4,9.6,6.0,913.2,10.7,20.6,815.8,66.0,548,,MADHUBANI,
Bihar,Madhubani,IMD110-P546,1980,0.6,0.4,18.3,18.1,87.3,89.9,435.7,171.7,169.9,9.4,0.0,0.0,1001.2,1.1,123.7,867.0,9.4,548,,MADHUBANI,
Bihar,Madhubani,IMD110-P546,1981,8.0,18.0,24.8,41.5,85.9,186.5,555.3,297.0,133.9,0.0,0.7,0.0,1351.7,26.0,152.3,1172.7,0.7,548,,MADHUBANI,
Bihar,Madhubani,IMD110-P546,1982,0.8,1.9,6.7,20.9,18.9,145.1,260.4,51.5,150.6,8.7,3.0,0.5,669.0,2.7,46.6,607.6,12.2,548,,MADHUBANI,
Bihar,Madhubani,IMD110-P546,1983,13.4,0.3,3.9,28.2,98.3,50.6,412.9,269.4,201.4,53.0,0.0,10.7,1142.1,13.7,130.3,934.4,63.7,548,,MADHUBANI,
Bihar,Madhubani,IMD110-P546,1984,10.5,25.7,0.0,20.5,152.8,341.7,501.0,75.5,300.9,3.1,0.0,9.9,1441.4,36.1,173.2,1219.0,13.0,548,,MADHUBANI,
Bihar,Madhubani,IMD110-P546,1985,7.4,0.4,0.0,4.6,122.8,153.1,488.3,259.2,271.5,186.4,1.4,11.8,1506.8,7.8,127.4,1172.0,199.5,548,,MADHUBANI,
Bihar,Madhubani,IMD110-P546,1986,1.2,4.0,0.4,21.2,108.1,78.3,268.6,342.1,196.7,86.2,0.2,33.7,1140.5,5.2,129.6,885.6,120.1,548,,MADHUBANI,
Bihar,Madhubani,IMD110-P546,1987,0.0,12.3,2.6,64.1,75.3,171.2,422.3,650.6,405.4,103.3,0.0,0.3,1907.4,12.3,141.9,1649.5,103.6,548,,MADHUBANI,
Bihar,Madhubani,IMD110-P546,1988,0.0,35.1,12.5,96.8,30.6,236.6,562.6,523.5,97.0,19.8,1.0,21.7,1636.9,35.1,139.9,1419.6,42.4,548,,MADHUBANI,
Bihar,Madhubani,IMD110-P546,1989,11.2,10.6,23.3,0.0,103.4,155.6,448.4,154.2,340.3,30.0,0.6,13.8,1291.6,21.8,126.8,1098.5,44.4,548,,MADHUBANI,
Bihar,Madhubani,IMD110-P546,1990,0.0,33.7,8.5,15.3,63.2,159.4,576.2,124.0,256.0,20.9,0.0,0.0,1257.1,33.7,86.9,1115.6,20.9,548,,MADHUBANI,
Bihar,Madhubani,IMD110-P546,1991,33.9,0.4,5.6,26.0,32.3,209.8,267.5,339.9,125.3,12.8,0.0,4.5,1058.0,34.3,63.9,942.5,17.2,548,,MADHUBANI,
Bihar,Madhubani,IMD110-P546,1992,1.8,0.8,0.0,5.5,139.0,106.1,184.9,149.7,62.8,136.7,0.7,0.4,788.4,2.6,144.5,503.5,137.9,548,,MADHUBANI,
Bihar,Madhubani,IMD110-P546,1993,15.3,5.1,8.7,36.5,43.3,172.3,338.6,464.3,264.8,8.4,0.0,0.0,1357.3,20.4,88.5,1240.1,8.4,548,,MADHUBANI,
Bihar,Madhubani,IMD110-P546,1994,31.3,20.7,1.4,9.4,35.6,57.4,226.4,288.7,337.6,3.1,0.0,0.0,1011.6,52.1,46.3,910.1,3.1,548,,MADHUBANI,
Bihar,Madhubani,IMD110-P546,1995,1.4,5.4,0.4,0.0,3.0,241.1,227.0,315.4,103.6,3.9,28.8,9.5,939.3,6.8,3.4,887.0,42.2,548,,MADHUBANI,
Bihar,Madhubani,IMD110-P546,1996,19.1,5.5,0.0,2.1,23.0,215.9,412.6,341.7,113.5,128.8,0.0,0.0,1262.3,24.6,25.1,1083.8,128.8,548,,MADHUBANI,
Bihar,Madhubani,IMD110-P546,1997,8.1,0.6,1.2,45.9,50.9,279.7,419.6,207.7,186.1,4.1,0.0,17.5,1221.4,8.6,98.1,1093.0,21.7,548,,MADHUBANI,
Bihar,Madhubani,IMD110-P546,1998,5.1,12.6,21.9,49.2,33.7,86.8,561.0,437.8,129.4,59.1,2.9,0.0,1399.6,17.8,104.9,1214.9,62.0,548,,MADHUBANI,
Bihar,Madhubani,IMD110-P546,1999,0.0,0.0,0.0,3.2,118.4,327.8,412.2,344.9,117.3,152.9,0.4,0.0,1477.1,0.0,121.6,1202.2,153.4,548,,MADHUBANI,
Bihar,Madhubani,IMD110-P546,2000,2.1,9.0,5.4,34.2,112.1,351.8,258.6,227.5,202.2,7.1,0.0,0.0,1209.9,11.1,151.7,1040.1,7.1,548,,MADHUBANI,
Bihar,Madhubani,IMD110-P546,2001,0.3,0.0,0.6,10.2,157.5,161.6,184.0,230.4,206.9,328.3,0.0,0.0,1279.7,0.3,168.2,782.9,328.3,548,,MADHUBANI,
Bihar,Madhubani,IMD110-P546,2002,9.6,2.0,0.8,34.7,63.5,80.5,572.7,70.4,117.1,3.5,0.0,0.0,954.7,11.6,99.0,840.6,3.5,548,,MADHUBANI,
Bihar,Madhubani,IMD110-P546,2003,16.1,12.5,17.6,32.0,41.4,155.1,248.3,225.5,75.5,70.9,0.0,2.4,897.0,28.6,90.9,704.3,73.3,548,,MADHUBANI,
Bihar,Madhubani,IMD110-P546,2004,8.5,0.0,0.0,33.4,63.2,281.9,487.4,150.2,166.9,31.0,0.0,0.0,1222.6,8.6,96.6,1086.5,31.0,548,,MADHUBANI,
Bihar,Madhubani,IMD110-P546,2005,13.2,4.8,3.9,25.5,49.6,128.8,155.2,524.1,44.0,7.3,0.0,0.0,956.4,18.0,79.0,852.1,7.3,549,,MADHUBANI,
Bihar,Madhubani,IMD110-P546,2006,0.0,0.0,0.0,18.3,12.1,56.1,175.4,85.7,324.8,2.9,0.0,0.0,675.3,0.0,30.4,642.0,2.9,549,,MADHUBANI,
Bihar,Madhubani,IMD110-P546,2007,0.0,60.0,11.8,23.1,127.1,296.6,638.8,473.5,312.8,38.5,0.0,0.0,1982.2,60.0,162.0,1721.6,38.5,549,,MADHUBANI,
Bihar,Madhubani,IMD110-P546,2008,0.4,0.1,1.6,8.3,21.2,124.5,377.5,179.8,131.3,73.8,0.0,0.0,918.6,0.5,31.1,813.2,73.8,549,,MADHUBANI,
Bihar,Madhubani,IMD110-P546,2009,0.0,1.0,3.3,5.3,124.1,67.2,357.6,379.4,86.3,32.5,0.1,0.0,1056.8,1.0,132.6,890.5,32.6,549,,MADHUBANI,
Bihar,Madhubani,IMD110-P546,2010,0.0,0.0,0.0,0.6,18.2,91.5,169.7,102.6,68.2,6.8,0.0,0.0,457.7,0.0,18.8,432.0,6.8,549,,MADHUBANI,
Bihar,Munger,IMD110-P550,1901,60.8,10.5,5.9,4.3,37.9,91.2,232.5,378.9,143.3,3.1,16.7,0.0,985.1,71.4,48.1,845.9,19.7,550,,MUNGER,
Bihar,Munger,IMD110-P550,1902,0.0,0.3,27.5,33.3,36.1,123.5,315.5,184.0,317.1,47.9,0.3,0.0,1085.5,0.3,97.0,940.2,48.1,550,,MUNGER,
Bihar,Munger,IMD110-P550,1903,4.4,16.2,1.2,1.9,11.5,118.9,55.0,204.6,160.3,151.8,0.0,0.0,725.8,20.6,14.6,538.8,151.8,550,,MUNGER,
Bihar,Munger,IMD110-P550,1904,9.2,4.6,5.3,1.5,117.3,185.4,401.4,408.5,106.4,97.6,3.7,0.0,1340.9,13.8,124.1,1101.6,101.3,550,,MUNGER,
Bihar,Munger,IMD110-P550,1905,21.0,49.7,49.5,16.3,117.4,20.6,411.9,376.4,364.2,1.5,0.0,0.5,1429.0,70.6,183.2,1173.1,2.1,550,,MUNGER,
Bihar,Munger,IMD110-P550,1906,22.8,73.8,9.7,3.6,58.5,176.4,264.0,300.1,103.2,38.2,0.6,0.0,1050.9,96.7,71.7,843.6,38.9,550,,MUNGER,
Bihar,Munger,IMD110-P550,1907,0.0,44.9,34.1,7.4,37.9,232.8,250.4,262.7,358.4,0.0,0.0,0.3,1228.8,44.9,79.4,1104.2,0.3,550,,MUNGER,
Bihar,Munger,IMD110-P550,1908,9.5,44.4,1.5,0.0,34.5,64.9,155.6,151.1,182.1,17.3,0.0,0.0,660.9,53.9,36.0,553.7,17.3,550,,MUNGER,
Bihar,Munger,IMD110-P550,1909,4.7,8.6,0.0,64.5,14.6,486.7,273.7,438.4,210.7,25.5,0.0,0.5,1527.8,13.3,79.1,1409.4,26.0,550,,MUNGER,
Bihar,Munger,IMD110-P550,1910,0.6,13.0,3.2,5.3,41.0,190.9,299.3,267.1,232.0,55.1,42.0,0.0,1149.7,13.6,49.5,989.4,97.2,550,,MUNGER,
Bihar,Munger,IMD110-P550,1911,5.6,4.1,32.3,15.3,38.4,440.5,199.7,424.9,404.5,68.5,10.9,0.0,1644.6,9.7,86.0,1469.6,79.4,550,,MUNGER,
Bihar,Munger,IMD110-P550,1912,3.9,4.4,43.1,10.3,70.3,148.8,363.4,257.3,109.9,11.9,106.5,0.0,1129.9,8.3,123.6,879.5,118.4,550,,MUNGER,
Bihar,Munger,IMD110-P550,1913,0.0,43.8,26.9,0.0,102.6,411.9,233.5,304.6,176.0,60.6,2.2,88.1,1450.3,43.8,129.5,1126.0,150.9,550,,MUNGER,
Bihar,Munger,IMD110-P550,1914,0.1,20.9,5.1,27.7,122.9,85.0,316.4,587.6,74.8,14.7,0.0,1.3,1256.6,21.0,155.8,1063.8,16.0,550,,MUNGER,
Bihar,Munger,IMD110-P550,1915,9.3,60.7,25.3,8.2,53.6,163.2,292.1,360.1,221.5,43.4,48.1,0.1,1285.6,70.0,87.1,1036.9,91.6,550,,MUNGER,
Bihar,Munger,IMD110-P550,1916,0.0,19.1,0.0,18.5,7.4,249.5,353.9,329.3,265.6,281.4,2.4,0.0,1527.1,19.1,25.9,1198.3,283.7,550,,MUNGER,
Bihar,Munger,IMD110-P550,1917,3.0,17.0,10.3,6.6,96.9,186.2,336.1,140.1,257.6,141.9,0.0,0.0,1195.7,19.9,113.8,920.0,141.9,550,,MUNGER,
Bihar,Munger,IMD110-P550,1918,2.0,0.0,2.6,22.2,71.0,250.9,196.8,770.4,204.2,0.0,0.0,0.0,1520.1,2.0,95.8,1422.3,0.0,550,,MUNGER,
Bihar,Munger,IMD110-P550,1919,30.3,13.7,7.1,17.6,54.3,207.0,497.7,328.6,189.5,75.8,0.0,0.0,1421.4,43.9,79.0,1222.8,75.8,550,,MUNGER,
Bihar,Munger,IMD110-P550,1920,0.0,16.8,51.4,0.3,37.2,92.9,254.1,224.8,412.6,5.3,0.0,0.0,1095.4,16.8,88.8,984.4,5.3,550,,MUNGER,
Bihar,Munger,IMD110-P550,1921,35.3,0.1,2.3,6.1,30.1,143.5,242.5,511.1,192.2,45.7,0.0,0.0,1208.8,35.3,38.5,1089.2,45.7,550,,MUNGER,
Bihar,Munger,IMD110-P550,1922,16.1,9.3,0.0,14.2,17.5,433.4,411.5,434.7,188.6,21.4,0.0,1.0,1547.8,25.4,31.8,1468.3,22.4,550,,MUNGER,
Bihar,Munger,IMD110-P550,1923,0.1,26.9,1.8,19.0,24.3,131.8,236.0,194.2,129.1,16.5,1.6,1.2,782.5,27.0,45.1,691.1,19.3,550,,MUNGER,
Bihar,Munger,IMD110-P550,1924,0.9,15.9,0.0,8.0,16.0,189.9,548.0,271.0,385.7,86.1,79.8,0.0,1601.3,16.9,24.0,1394.5,165.9,550,,MUNGER,
Bihar,Munger,IMD110-P550,1925,9.9,0.4,11.0,47.5,37.8,116.6,320.8,265.2,435.3,29.7,8.5,0.0,1282.5,10.2,96.3,1137.9,38.1,550,,MUNGER,
Bihar,Munger,IMD110-P550,1926,11.6,0.0,15.8,9.8,71.7,96.7,378.8,250.0,283.6,31.1,1.1,25.5,1175.8,11.6,97.3,1009.1,57.8,550,,MUNGER,
Bihar,Munger,IMD110-P550,1927,25.1,60.4,34.7,5.7,51.0,208.2,304.6,230.9,161.9,9.0,15.1,0.0,1106.6,85.5,91.4,905.7,24.1,550,,MUNGER,
Bihar,Munger,IMD110-P550,1928,87.8,13.5,0.0,7.3,33.3,296.6,356.3,256.3,53.3,219.4,0.3,6.0,1330.1,101.3,40.6,962.5,225.6,550,,MUNGER,
Bihar,Munger,IMD110-P550,1929,56.9,6.5,6.5,17.6,23.2,203.2,262.4,263.1,115.7,346.3,0.0,33.7,1335.0,63.4,47.3,844.4,380.0,550,,MUNGER,
Bihar,Munger,IMD110-P550,1930,9.8,3.0,6.7,2.6,19.4,191.5,325.0,209.9,162.7,23.7,55.3,7.0,1016.5,12.7,28.8,889.0,86.1,550,,MUNGER,
Bihar,Munger,IMD110-P550,1931,1.9,35.1,13.8,2.8,8.3,39.8,360.1,190.9,262.8,45.5,9.4,0.4,971.0,37.0,24.9,853.7,55.4,550,,MUNGER,
Bihar,Munger,IMD110-P550,1932,0.0,9.8,0.0,7.3,14.4,130.3,170.8,208.3,189.3,53.6,71.2,2.2,857.4,9.8,21.8,698.8,127.1,550,,MUNGER,
Bihar,Munger,IMD110-P550,1933,30.2,10.0,3.2,72.7,127.1,145.4,350.5,437.9,171.4,52.1,0.0,0.0,1400.6,40.2,203.0,1105.2,52.1,550,,MUNGER,
Bihar,Munger,IMD110-P550,1934,24.2,16.2,1.5,2.7,26.2,139.6,435.7,229.7,202.8,69.4,0.4,2.0,1150.6,40.5,30.4,1007.9,71.8,551,,MUNGER,
Bihar,Munger,IMD110-P550,1935,14.0,12.6,0.4,0.3,8.9,80.1,123.0,506.6,328.4,0.0,0.0,0.0,1074.5,26.7,9.6,1038.2,0.0,551,,MUNGER,
Bihar,Munger,IMD110-P550,1936,7.5,0.2,2.7,7.0,85.1,154.6,416.8,245.8,456.3,188.6,0.0,7.8,1572.3,7.7,94.8,1273.4,196.4,551,,MUNGER,
Bihar,Munger,IMD110-P550,1937,0.0,84.7,0.0,4.8,69.1,62.6,151.5,340.2,204.7,324.5,0.0,0.0,1242.1,84.7,73.9,759.0,324.5,551,,MUNGER,
Bihar,Munger,IMD110-P550,1938,0.0,17.1,0.0,0.0,182.9,333.0,348.8,399.5,216.2,39.2,0.0,0.0,1536.8,17.1,182.9,1297.5,39.2,551,,MUNGER,
Bihar,Munger,IMD110-P550,1939,0.3,43.2,14.7,3.4,17.0,168.5,352.2,305.5,272.0,92.7,0.0,0.0,1269.5,43.5,35.1,1098.3,92.7,551,,MUNGER,
Bihar,Munger,IMD110-P550,1940,0.0,38.4,68.9,12.2,33.5,52.9,179.0,316.4,215.6,4.6,0.0,17.2,938.8,38.4,114.6,763.9,21.9,551,,MUNGER,
Bihar,Munger,IMD110-P550,1941,23.5,0.1,0.8,0.0,54.8,170.4,233.8,526.7,205.8,126.4,0.0,0.0,1342.1,23.5,55.6,1136.6,126.4,551,,MUNGER,
Bihar,Munger,IMD110-P550,1942,6.7,37.6,16.0,8.3,21.6,156.6,218.5,221.1,322.4,5.1,0.0,0.0,1014.0,44.3,45.9,918.6,5.1,551,,MUNGER,
Bihar,Munger,IMD110-P550,1943,35.4,8.2,0.0,69.5,38.7,122.7,337.5,295.0,202.2,72.5,0.0,0.0,1181.8,43.7,108.2,957.3,72.5,551,,MUNGER,
Bihar,Munger,IMD110-P550,1944,17.8,28.0,29.1,30.9,33.8,175.0,281.7,488.7,150.5,22.8,0.0,0.0,1258.5,45.8,93.9,1096.0,22.8,551,,MUNGER,
Bihar,Munger,IMD110-P550,1945,34.6,47.0,0.1,43.9,40.7,115.5,241.9,209.3,173.5,155.8,0.0,3.5,1065.8,81.6,84.7,740.1,159.4,551,,MUNGER,
Bihar,Munger,IMD110-P550,1946,0.0,18.9,0.4,50.6,77.3,88.1,285.5,239.5,124.9,184.0,15.5,0.0,1084.6,18.9,128.2,737.9,199.6,551,,MUNGER,
Bihar,Munger,IMD110-P550,1947,1.0,4.3,3.1,2.7,27.5,134.5,287.4,178.1,213.9,71.1,0.0,0.0,923.7,5.3,33.4,814.0,71.1,551,,MUNGER,
Bihar,Munger,IMD110-P550,1948,41.2,5.8,0.0,0.9,13.4,134.8,387.2,181.1,270.2,136.3,49.1,0.0,1220.1,47.0,14.4,973.3,185.4,551,,MUNGER,
Bihar,Munger,IMD110-P550,1949,16.7,42.2,7.8,33.7,161.4,442.6,449.2,431.9,199.8,99.3,0.0,0.0,1884.6,58.9,202.9,1523.5,99.3,551,,MUNGER,
Bihar,Munger,IMD110-P550,1950,2.0,9.5,19.8,6.1,32.8,470.6,276.4,232.4,135.8,0.0,0.0,0.0,1185.5,11.5,58.8,1115.2,0.0,551,,MUNGER,
Bihar,Munger,IMD110-P550,1951,2.2,0.0,0.9,3.0,15.2,151.4,435.3,142.9,125.4,44.2,4.0,0.0,924.5,2.2,19.1,855.0,48.2,551,,MUNGER,
Bihar,Munger,IMD110-P550,1952,0.0,6.0,6.2,12.7,76.8,341.3,115.2,158.3,298.4,10.6,4.2,0.0,1029.8,6.0,95.7,913.2,14.8,551,,MUNGER,
Bihar,Munger,IMD110-P550,1953,33.7,3.4,3.2,21.5,69.6,212.4,352.3,319.1,353.0,15.8,0.6,0.0,1384.8,37.1,94.3,1236.9,16.5,551,,MUNGER,
Bihar,Munger,IMD110-P550,1954,17.3,1.5,0.1,5.5,22.8,229.1,342.6,243.3,181.6,29.7,0.0,2.0,1075.3,18.7,28.3,996.6,31.7,551,,MUNGER,
Bihar,Munger,IMD110-P550,1955,14.8,11.9,2.0,7.0,45.8,157.1,480.9,263.1,96.6,68.3,0.5,0.0,1147.9,26.7,54.8,997.7,68.7,551,,MUNGER,
Bihar,Munger,IMD110-P550,1956,16.8,4.9,23.6,0.7,71.5,318.3,200.8,213.0,313.5,185.2,36.8,11.0,1396.2,21.7,95.9,1045.6,233.0,551,,MUNGER,
Bihar,Munger,IMD110-P550,1957,113.1,4.0,6.7,0.0,0.0,201.7,249.4,214.0,139.5,10.8,0.0,0.0,939.2,117.2,6.7,804.6,10.8,551,,MUNGER,
Bihar,Munger,IMD110-P550,1958,5.5,3.7,35.0,6.9,17.4,64.7,180.6,344.6,341.0,93.2,0.0,0.0,1092.8,9.3,59.3,931.0,93.2,551,,MUNGER,
Bihar,Munger,IMD110-P550,1959,74.3,1.3,11.1,13.6,37.2,122.7,289.1,252.4,186.9,287.4,0.0,0.0,1276.1,75.6,61.9,851.1,287.4,551,,MUNGER,
Bihar,Munger,IMD110-P550,1960,0.0,0.0,55.3,0.0,67.9,57.0,277.1,432.1,421.9,41.9,0.9,0.0,1354.3,0.0,123.3,1188.2,42.8,551,,MUNGER,
Bihar,Munger,IMD110-P550,1961,8.9,26.2,0.0,1.6,21.2,144.2,131.2,333.4,168.4,378.8,0.0,7.8,1221.7,35.1,22.7,777.2,386.6,551,,MUNGER,
Bihar,Munger,IMD110-P550,1962,5.5,4.3,9.7,10.7,11.9,128.5,161.6,362.0,230.2,48.5,0.0,0.5,973.4,9.7,32.3,882.3,49.1,551,,MUNGER,
Bihar,Munger,IMD110-P550,1963,0.0,0.8,2.7,11.6,68.4,135.4,318.7,137.6,251.9,293.2,3.5,0.0,1223.8,0.8,82.7,843.6,296.7,551,,MUNGER,
Bihar,Munger,IMD110-P550,1964,0.8,3.3,1.7,38.8,46.0,201.6,316.9,126.6,249.3,84.5,2.3,0.0,1071.9,4.1,86.4,894.5,86.8,551,,MUNGER,
Bihar,Munger,IMD110-P550,1965,0.0,1.1,14.7,1.0,1.8,86.5,234.8,301.1,299.8,6.4,0.0,0.0,947.2,1.1,17.5,922.3,6.4,551,,MUNGER,
Bihar,Munger,IMD110-P550,1966,18.4,0.2,0.0,0.0,51.1,101.7,86.6,191.4,70.4,7.4,4.2,0.2,531.4,18.6,51.1,450.0,11.8,551,,MUNGER,
Bihar,Munger,IMD110-P550,1967,0.0,0.0,51.3,28.1,26.7,38.6,169.8,303.1,320.6,29.1,0.0,0.0,967.4,0.0,106.1,832.1,29.1,551,,MUNGER,
Bihar,Munger,IMD110-P550,1968,33.8,0.0,7.0,5.2,11.6,288.1,294.2,284.2,78.1,131.3,0.0,1.7,1135.2,33.8,23.8,944.7,133.0,552,,MUNGER,
Bihar,Munger,IMD110-P550,1969,10.2,6.5,1.4,49.5,82.8,217.6,295.6,427.4,269.5,13.0,10.6,0.0,1384.1,16.6,133.8,1210.1,23.6,552,,MUNGER,
Bihar,Munger,IMD110-P550,1970,23.6,5.6,1.4,25.3,27.9,176.5,167.9,158.8,248.2,18.5,1.0,0.0,854.7,29.2,54.7,751.3,19.5,552,,MUNGER,
Bihar,Munger,IMD110-P550,1974,5.5,0.2,10.4,1.8,26.5,76.2,415.7,205.5,182.8,33.5,0.0,2.8,960.9,5.7,38.7,880.3,36.3,552,,MUNGER,
Bihar,Munger,IMD110-P550,1975,4.9,6.5,4.6,0.0,27.6,138.3,463.0,163.0,238.2,51.0,0.0,0.0,1097.2,11.5,32.2,1002.5,51.0,552,,MUNGER,
Bihar,Munger,IMD110-P550,1976,1.6,11.4,0.0,2.8,107.5,143.6,198.8,190.3,322.4,7.3,3.7,0.0,989.4,13.0,110.3,855.1,11.0,552,,MUNGER,
Bihar,Munger,IMD110-P550,1977,7.7,0.1,0.2,15.7,106.2,151.2,419.6,189.8,91.6,110.9,0.0,17.0,1109.9,7.8,122.1,852.2,127.8,552,,MUNGER,
Bihar,Munger,IMD110-P550,1978,0.3,20.8,10.4,36.0,41.6,144.6,174.1,199.7,285.2,226.7,0.3,13.6,1153.2,21.0,88.0,803.5,240.6,552,,MUNGER,
Bihar,Munger,IMD110-P550,1979,19.2,9.0,0.0,1.7,0.0,116.9,519.3,144.1,208.0,68.3,9.7,6.8,1103.1,28.3,1.7,988.3,84.8,552,,MUNGER,
Bihar,Munger,IMD110-P550,1980,5.8,0.6,5.9,6.6,45.5,141.6,210.1,372.7,161.6,16.1,3.3,0.0,969.9,6.5,58.0,885.9,19.4,552,,MUNGER,
Bihar,Munger,IMD110-P550,1981,40.4,0.2,7.1,70.1,97.3,65.1,564.9,333.0,151.6,0.4,4.7,18.5,1353.4,40.6,174.6,1114.6,23.5,552,,MUNGER,
Bihar,Munger,IMD110-P550,1982,0.1,5.6,47.2,7.3,29.2,316.9,171.9,277.0,190.3,53.3,36.3,0.3,1135.2,5.7,83.7,956.0,89.8,552,,MUNGER,
Bihar,Munger,IMD110-P550,1983,18.7,2.9,7.9,39.2,113.0,168.7,388.7,237.3,322.1,83.9,0.0,23.4,1405.7,21.6,160.1,1116.8,107.2,552,,MUNGER,
Bihar,Munger,IMD110-P550,1984,46.6,52.7,3.4,12.4,39.1,602.9,409.8,280.4,183.8,53.4,0.0,0.0,1684.6,99.3,55.0,1476.9,53.4,552,,MUNGER,
Bihar,Munger,IMD110-P550,1985,4.5,0.0,0.0,22.0,51.3,185.3,428.8,266.7,198.5,178.9,0.0,6.8,1342.7,4.5,73.3,1079.3,185.7,552,,MUNGER,
Bihar,Munger,IMD110-P550,1986,1.0,12.3,0.0,18.8,125.9,148.5,413.1,150.1,271.7,231.1,0.0,14.3,1386.9,13.3,144.8,983.4,245.4,552,,MUNGER,
Bihar,Munger,IMD110-P550,1987,2.3,2.0,3.6,32.1,40.6,265.5,473.5,712.1,190.7,35.4,9.5,0.4,1767.7,4.3,76.3,1641.7,45.3,552,,MUNGER,
Bihar,Munger,IMD110-P550,1988,0.0,6.1,51.1,39.8,29.0,148.1,349.5,294.6,161.2,62.4,0.7,2.7,1145.1,6.1,120.0,953.3,65.7,552,,MUNGER,
Bihar,Munger,IMD110-P550,1989,19.2,2.1,4.7,0.0,44.2,143.0,541.4,256.1,226.5,46.8,0.0,8.4,1292.4,21.3,48.9,1167.0,55.2,552,,MUNGER,
Bihar,Munger,IMD110-P550,1990,0.0,22.8,13.5,1.2,71.6,128.4,340.4,134.8,224.4,83.4,0.0,0.0,1020.5,22.8,86.3,828.0,83.4,552,,MUNGER,
Bihar,Munger,IMD110-P550,1991,9.1,2.7,6.5,8.0,7.5,163.9,155.9,220.8,317.3,13.5,0.0,24.4,929.6,11.9,22.0,857.9,37.9,552,,MUNGER,
Bihar,Munger,IMD110-P550,1992,14.6,6.5,0.0,2.9,61.0,118.0,352.1,221.9,55.8,5.6,0.7,0.0,839.1,21.1,63.9,747.8,6.3,552,,MUNGER,
Bihar,Munger,IMD110-P550,1993,11.5,0.8,30.3,30.5,14.4,139.9,180.8,331.1,351.1,39.5,47.6,0.0,1177.3,12.3,75.2,1002.8,87.0,552,,MUNGER,
Bihar,Munger,IMD110-P550,1994,21.4,9.8,0.0,0.0,18.8,61.9,122.5,171.2,137.0,33.4,0.0,0.0,575.9,31.2,18.8,492.6,33.4,552,,MUNGER,
Bihar,Munger,IMD110-P550,1995,1.8,9.8,0.0,0.0,0.0,150.3,235.3,408.4,447.6,19.4,69.0,47.6,1389.2,11.6,0.0,1241.5,136.0,552,,MUNGER,
Bihar,Munger,IMD110-P550,1996,20.9,9.2,0.0,2.1,7.9,204.0,100.4,313.3,218.1,23.4,0.0,0.0,899.3,30.0,10.0,835.8,23.4,552,,MUNGER,
Bihar,Munger,IMD110-P550,1997,21.3,4.2,0.1,22.8,19.0,172.4,437.2,256.5,118.6,30.9,17.5,28.2,1128.7,25.5,41.9,984.8,76.6,552,,MUNGER,
Bihar,Munger,IMD110-P550,1998,6.8,17.1,37.9,11.3,45.9,79.0,414.8,224.6,268.4,85.4,11.9,0.0,1203.2,23.9,95.1,986.9,97.3,552,,MUNGER,
Bihar,Munger,IMD110-P550,1999,0.0,0.0,0.0,1.3,65.1,256.5,230.8,289.7,209.4,96.9,0.8,0.0,1150.4,0.0,66.4,986.4,97.7,552,,MUNGER,
Bihar,Munger,IMD110-P550,2000,0.0,2.9,0.0,29.5,41.6,206.1,255.3,152.1,631.7,9.8,0.0,0.0,1328.8,2.9,71.0,1245.1,9.8,552,,MUNGER,
Bihar,Munger,IMD110-P550,2001,1.0,0.0,0.1,2.3,168.2,249.9,155.8,173.7,284.3,216.8,0.0,0.0,1251.9,1.0,170.6,863.6,216.8,552,,MUNGER,
Bihar,Munger,IMD110-P550,2002,4.5,1.9,2.1,5.4,86.9,48.9,246.2,286.0,148.0,16.3,0.0,0.0,846.2,6.4,94.5,729.1,16.3,552,,MUNGER,
Bihar,Munger,IMD110-P550,2003,0.4,37.5,3.0,23.9,36.2,212.5,825.6,174.8,161.0,177.9,0.0,2.8,1655.5,37.9,63.1,1373.8,180.8,552,,MUNGER,
Bihar,Munger,IMD110-P550,2004,20.2,7.4,0.0,21.2,27.7,228.0,287.0,199.1,75.5,70.5,2.6,0.0,939.2,27.6,48.9,789.6,73.1,552,,MUNGER,
Bihar,Munger,IMD110-P550,2005,3.6,6.4,36.3,0.0,10.0,68.4,335.8,329.0,150.7,68.9,0.0,0.0,1009.1,10.0,46.3,883.9,68.9,553,,MUNGER,
Bihar,Munger,IMD110-P550,2006,0.0,0.0,9.5,7.1,45.5,180.1,247.6,91.8,343.1,8.4,0.0,0.0,933.0,0.0,62.1,862.6,8.4,553,,MUNGER,
Bihar,Munger,IMD110-P550,2007,0.0,24.8,28.1,6.5,75.7,110.0,781.2,389.7,314.1,25.2,0.0,0.0,1755.4,24.8,110.3,1595.1,25.2,553,,MUNGER,
Bihar,Munger,IMD110-P550,2008,37.4,0.0,0.0,3.5,53.8,339.9,485.4,281.4,170.3,25.7,0.0,0.0,1397.5,37.4,57.3,1277.0,25.7,553,,MUNGER,
Bihar,Munger,IMD110-P550,2009,0.0,0.0,5.4,0.0,147.4,78.8,337.9,375.1,156.0,130.2,0.8,0.0,1231.5,0.0,152.8,947.7,130.9,553,,MUNGER,
Bihar,Munger,IMD110-P550,2010,0.0,0.0,0.0,0.4,33.5,98.8,238.0,170.8,178.3,31.6,0.1,0.0,751.6,0.0,33.9,685.9,31.8,553,,MUNGER,
Bihar,Muzaffarpur,IMD110-P554,1901,51.0,5.1,12.7,0.0,111.5,73.1,199.7,508.6,232.9,0.0,0.0,0.0,1194.6,56.1,124.2,1014.3,0.0,554,,MUZAFFARPUR,
Bihar,Muzaffarpur,IMD110-P554,1902,0.0,0.0,45.1,16.1,34.8,47.1,402.8,233.4,335.1,41.7,0.0,0.0,1156.1,0.0,96.0,1018.4,41.7,554,,MUZAFFARPUR,
Bihar,Muzaffarpur,IMD110-P554,1903,1.0,3.8,0.0,0.0,63.3,221.4,68.1,327.6,78.8,135.3,0.0,0.0,899.3,4.8,63.3,695.9,135.3,554,,MUZAFFARPUR,
Bihar,Muzaffarpur,IMD110-P554,1904,2.5,0.0,0.0,0.0,172.8,178.6,325.9,501.0,23.7,186.7,21.8,0.0,1413.0,2.5,172.8,1029.2,208.5,554,,MUZAFFARPUR,
Bihar,Muzaffarpur,IMD110-P554,1905,19.6,19.6,31.8,6.9,83.8,44.8,310.7,793.4,277.3,8.6,0.0,0.0,1596.5,39.2,122.5,1426.2,8.6,554,,MUZAFFARPUR,
Bihar,Muzaffarpur,IMD110-P554,1906,3.9,56.1,4.1,0.0,53.7,160.6,444.4,632.1,93.4,13.2,0.0,0.0,1461.5,60.0,57.8,1330.5,13.2,554,,MUZAFFARPUR,
Bihar,Muzaffarpur,IMD110-P554,1907,0.0,39.4,42.1,6.3,0.8,136.7,196.7,273.9,152.3,0.0,0.0,0.0,848.2,39.4,49.2,759.6,0.0,554,,MUZAFFARPUR,
Bihar,Muzaffarpur,IMD110-P554,1908,8.7,22.9,5.3,0.0,36.3,73.1,158.3,120.2,117.5,42.7,0.0,0.0,585.0,31.6,41.6,469.1,42.7,554,,MUZAFFARPUR,
Bihar,Muzaffarpur,IMD110-P554,1909,2.1,4.1,0.0,71.7,16.2,590.4,143.7,469.4,112.8,89.9,0.0,0.0,1500.3,6.2,87.9,1316.3,89.9,554,,MUZAFFARPUR,
Bihar,Muzaffarpur,IMD110-P554,1910,7.9,3.0,2.8,7.4,51.5,301.5,398.8,212.7,232.8,175.2,7.9,0.0,1401.5,10.9,61.7,1145.8,183.1,554,,MUZAFFARPUR,
Bihar,Muzaffarpur,IMD110-P554,1911,6.2,0.0,23.7,15.2,11.8,219.9,222.3,353.8,139.1,101.4,20.1,0.0,1113.4,6.2,50.7,935.1,121.5,554,,MUZAFFARPUR,
Bihar,Muzaffarpur,IMD110-P554,1912,8.6,44.9,6.6,28.6,24.3,121.9,317.9,310.4,207.9,0.0,64.8,0.0,1135.9,53.5,59.5,958.1,64.8,554,,MUZAFFARPUR,
Bihar,Muzaffarpur,IMD110-P554,1913,0.0,56.0,11.6,0.0,122.0,517.6,347.3,425.8,307.8,74.4,0.0,26.4,1888.8,56.0,133.6,1598.5,100.8,554,,MUZAFFARPUR,
Bihar,Muzaffarpur,IMD110-P554,1914,0.0,18.8,5.6,14.4,61.4,64.7,239.8,630.4,92.1,18.5,0.0,0.0,1145.6,18.8,81.4,1027.0,18.5,554,,MUZAFFARPUR,
Bihar,Muzaffarpur,IMD110-P554,1915,8.0,32.7,29.1,0.4,45.1,162.3,345.1,433.5,139.8,56.2,8.1,0.0,1260.5,40.7,74.7,1080.7,64.4,554,,MUZAFFARPUR,
Bihar,Muzaffarpur,IMD110-P554,1916,0.0,19.8,0.0,19.4,9.2,159.8,442.3,347.7,210.6,152.4,0.0,0.0,1361.3,19.8,28.6,1160.4,152.4,554,,MUZAFFARPUR,
Bihar,Muzaffarpur,IMD110-P554,1917,0.4,52.1,4.8,7.0,111.5,205.5,348.1,150.8,273.2,47.5,0.0,0.0,1201.0,52.5,123.3,977.7,47.5,554,,MUZAFFARPUR,
Bihar,Muzaffarpur,IMD110-P554,1918,0.0,0.0,1.9,28.5,79.6,237.1,317.7,398.6,215.1,13.4,0.0,0.0,1291.9,0.0,110.0,1168.5,13.4,554,,MUZAFFARPUR,
Bihar,Muzaffarpur,IMD110-P554,1919,21.3,1.4,0.4,8.4,31.9,99.9,330.5,130.4,177.3,22.1,0.0,0.0,823.6,22.8,40.7,738.1,22.1,554,,MUZAFFARPUR,
Bihar,Muzaffarpur,IMD110-P554,1920,0.0,28.7,8.7,0.0,3.1,133.3,255.3,120.2,452.8,0.0,0.0,0.0,1002.0,28.7,11.8,961.5,0.0,554,,MUZAFFARPUR,
Bihar,Muzaffarpur,IMD110-P554,1921,19.3,0.0,3.1,24.2,53.8,95.0,192.8,326.2,496.9,57.7,0.0,0.0,1269.0,19.3,81.2,1110.8,57.7,554,,MUZAFFARPUR,
Bihar,Muzaffarpur,IMD110-P554,1922,8.0,4.9,0.0,1.7,0.0,327.6,457.1,328.0,266.2,11.6,0.0,23.1,1428.2,12.9,1.7,1378.9,34.7,554,,MUZAFFARPUR,
Bihar,Muzaffarpur,IMD110-P554,1923,0.0,42.1,0.0,22.6,27.5,131.5,136.1,189.8,191.5,90.5,0.0,0.0,831.6,42.1,50.0,649.0,90.5,554,,MUZAFFARPUR,
Bihar,Muzaffarpur,IMD110-P554,1924,0.0,3.3,1.5,0.0,9.1,147.5,594.2,335.8,420.2,21.2,56.8,0.0,1589.6,3.3,10.6,1497.7,78.0,554,,MUZAFFARPUR,
Bihar,Muzaffarpur,IMD110-P554,1925,18.3,0.0,0.0,32.6,29.4,125.7,208.2,381.7,250.9,22.0,4.0,0.0,1072.9,18.3,62.0,966.6,26.0,554,,MUZAFFARPUR,
Bihar,Muzaffarpur,IMD110-P554,1926,17.5,0.0,2.6,8.9,50.7,36.4,380.6,162.0,150.4,15.9,0.0,2.3,827.3,17.5,62.2,729.4,18.2,554,,MUZAFFARPUR,
Bihar,Muzaffarpur,IMD110-P554,1927,15.6,14.6,22.4,4.1,46.8,100.7,185.5,269.3,165.4,0.0,40.7,0.0,864.8,30.2,73.2,720.8,40.7,554,,MUZAFFARPUR,
Bihar,Muzaffarpur,IMD110-P554,1928,12.5,14.1,0.0,8.2,61.1,196.5,449.4,439.1,60.4,79.3,0.0,7.1,1327.8,26.6,69.3,1145.5,86.4,554,,MUZAFFARPUR,
Bihar,Muzaffarpur,IMD110-P554,1929,20.6,0.0,17.1,46.6,39.3,184.3,421.7,302.0,157.9,201.0,0.0,41.5,1432.0,20.6,103.1,1065.8,242.6,554,,MUZAFFARPUR,
Bihar,Muzaffarpur,IMD110-P554,1930,12.9,5.1,7.1,2.5,11.4,173.2,227.1,122.2,258.3,30.3,6.3,18.3,874.8,18.0,21.1,780.7,54.9,554,,MUZAFFARPUR,
Bihar,Muzaffarpur,IMD110-P554,1931,0.0,17.2,0.3,0.0,22.0,37.3,397.8,109.0,130.3,61.1,37.8,0.0,812.7,17.2,22.3,674.4,98.9,554,,MUZAFFARPUR,
Bihar,Muzaffarpur,IMD110-P554,1932,0.0,2.6,0.0,5.5,8.4,174.6,88.7,210.3,203.0,7.4,49.7,16.5,766.7,2.6,13.9,676.6,73.6,554,,MUZAFFARPUR,
Bihar,Muzaffarpur,IMD110-P554,1933,29.3,8.2,0.2,49.6,73.3,137.0,807.7,308.7,185.1,63.3,0.0,0.0,1662.5,37.5,123.1,1438.6,63.3,554,,MUZAFFARPUR,
Bihar,Muzaffarpur,IMD110-P554,1934,34.3,16.7,0.4,4.6,2.5,160.3,387.7,163.0,221.3,52.1,4.7,0.3,1047.9,50.9,7.5,932.3,57.1,555,,MUZAFFARPUR,
Bihar,Muzaffarpur,IMD110-P554,1935,4.2,23.3,0.0,0.2,5.3,137.3,229.6,303.2,832.4,0.0,0.0,0.0,1535.5,27.5,5.5,1502.5,0.0,555,,MUZAFFARPUR,
Bihar,Muzaffarpur,IMD110-P554,1936,3.0,2.4,2.6,0.0,112.1,167.7,494.1,152.2,392.2,9.9,0.0,5.3,1341.5,5.4,114.6,1206.2,15.2,555,,MUZAFFARPUR,
Bihar,Muzaffarpur,IMD110-P554,1937,0.0,43.8,0.0,14.2,114.0,93.9,100.9,559.1,209.3,295.7,0.0,0.0,1430.9,43.8,128.2,963.2,295.7,555,,MUZAFFARPUR,
Bihar,Muzaffarpur,IMD110-P554,1938,10.5,14.8,0.0,1.0,92.3,374.8,357.6,399.7,177.2,35.1,0.0,0.0,1463.0,25.3,93.3,1309.3,35.1,555,,MUZAFFARPUR,
Bihar,Muzaffarpur,IMD110-P554,1939,1.2,25.4,0.0,0.0,31.4,231.6,334.2,283.1,179.6,70.8,0.0,0.0,1157.4,26.7,31.4,1028.5,70.8,555,,MUZAFFARPUR,
Bihar,Muzaffarpur,IMD110-P554,1940,0.3,49.4,49.8,1.5,27.5,168.6,331.5,251.1,182.3,0.0,0.0,6.1,1068.2,49.8,78.8,933.4,6.1,555,,MUZAFFARPUR,
Bihar,Muzaffarpur,IMD110-P554,1941,15.0,1.7,0.0,1.5,46.2,280.8,266.1,560.0,282.7,6.2,0.0,0.0,1460.2,16.7,47.7,1389.6,6.2,555,,MUZAFFARPUR,
Bihar,Muzaffarpur,IMD110-P554,1942,57.8,34.4,6.9,11.3,26.4,184.0,260.9,258.7,420.9,2.3,0.0,0.3,1263.8,92.2,44.6,1124.4,2.6,555,,MUZAFFARPUR,
Bihar,Muzaffarpur,IMD110-P554,1943,40.1,15.5,0.0,39.4,38.6,117.2,258.7,265.1,180.8,26.3,0.0,0.0,981.6,55.6,77.9,821.8,26.3,555,,MUZAFFARPUR,
Bihar,Muzaffarpur,IMD110-P554,1944,24.6,11.5,38.6,46.5,16.3,196.5,137.3,186.6,293.7,28.5,0.0,0.0,980.2,36.1,101.5,814.1,28.5,555,,MUZAFFARPUR,
Bihar,Muzaffarpur,IMD110-P554,1945,57.8,25.3,3.1,23.8,48.0,147.7,132.4,217.9,331.0,173.7,0.0,2.7,1163.5,83.1,74.9,829.1,176.4,555,,MUZAFFARPUR,
Bihar,Muzaffarpur,IMD110-P554,1946,0.0,21.0,0.0,26.1,101.4,118.5,451.0,242.8,164.9,93.4,6.2,0.0,1225.4,21.0,127.5,977.3,99.6,555,,MUZAFFARPUR,
Bihar,Muzaffarpur,IMD110-P554,1947,18.9,5.7,7.5,10.5,47.2,47.3,416.2,236.6,151.0,47.8,0.0,0.0,988.9,24.6,65.3,851.2,47.8,555,,MUZAFFARPUR,
Bihar,Muzaffarpur,IMD110-P554,1948,1.9,0.4,0.0,0.0,84.1,91.8,470.8,324.0,195.3,78.1,21.1,0.0,1267.5,2.3,84.1,1081.9,99.2,555,,MUZAFFARPUR,
Bihar,Muzaffarpur,IMD110-P554,1949,12.7,84.2,0.0,42.2,64.7,278.7,341.8,332.8,218.1,185.4,0.0,0.0,1560.6,96.9,106.9,1171.4,185.4,555,,MUZAFFARPUR,
Bihar,Muzaffarpur,IMD110-P554,1950,11.2,6.3,16.5,0.0,45.3,212.1,114.6,236.4,78.6,0.0,0.0,1.3,722.3,17.5,61.8,641.7,1.3,555,,MUZAFFARPUR,
Bihar,Muzaffarpur,IMD110-P554,1951,6.0,1.7,2.0,3.2,0.8,83.4,445.3,190.3,79.5,1.1,1.8,0.0,814.8,7.7,5.9,798.4,2.8,555,,MUZAFFARPUR,
Bihar,Muzaffarpur,IMD110-P554,1952,3.6,14.5,10.6,11.6,32.8,329.0,216.9,191.2,236.1,11.0,2.6,0.0,1059.9,18.1,54.9,973.3,13.6,555,,MUZAFFARPUR,
Bihar,Muzaffarpur,IMD110-P554,1953,42.5,0.3,4.6,13.8,62.4,238.9,520.0,264.9,369.8,50.3,0.0,0.0,1567.5,42.8,80.8,1393.6,50.3,555,,MUZAFFARPUR,
Bihar,Muzaffarpur,IMD110-P554,1954,10.6,6.8,9.2,0.0,41.9,97.3,275.1,347.8,130.7,2.8,0.0,0.0,922.2,17.4,51.1,850.8,2.8,555,,MUZAFFARPUR,
Bihar,Muzaffarpur,IMD110-P554,1955,2.0,8.9,0.0,16.8,20.1,163.4,611.4,242.3,183.4,18.7,0.0,0.0,1267.1,10.9,36.9,1200.5,18.7,555,,MUZAFFARPUR,
Bihar,Muzaffarpur,IMD110-P554,1956,23.9,5.0,12.9,0.0,51.9,362.8,125.3,250.3,337.7,54.8,45.4,0.0,1270.1,28.9,64.9,1076.1,100.1,555,,MUZAFFARPUR,
Bihar,Muzaffarpur,IMD110-P554,1957,42.3,0.0,6.2,0.4,0.0,83.3,528.8,528.1,69.3,6.4,0.0,2.3,1267.2,42.3,6.6,1209.6,8.7,555,,MUZAFFARPUR,
Bihar,Muzaffarpur,IMD110-P554,1958,7.2,0.0,0.0,25.4,17.8,109.1,73.8,408.7,149.5,37.5,0.0,0.0,829.0,7.2,43.2,741.1,37.5,555,,MUZAFFARPUR,
Bihar,Muzaffarpur,IMD110-P554,1959,92.0,0.0,15.7,7.4,11.2,94.6,142.8,118.3,84.1,219.4,0.0,0.0,785.4,92.0,34.3,439.7,219.4,555,,MUZAFFARPUR,
Bihar,Muzaffarpur,IMD110-P554,1960,0.0,0.0,76.8,0.0,50.9,155.9,294.8,163.7,311.0,19.2,0.0,0.0,1072.3,0.0,127.7,925.4,19.2,555,,MUZAFFARPUR,
Bihar,Muzaffarpur,IMD110-P554,1961,18.5,16.2,0.0,5.7,56.4,151.2,141.9,224.2,131.3,422.8,0.0,0.0,1168.1,34.6,62.1,648.5,422.8,555,,MUZAFFARPUR,
Bihar,Muzaffarpur,IMD110-P554,1962,17.2,5.4,7.3,3.1,26.5,121.3,178.1,479.3,211.8,34.2,0.0,7.7,1091.9,22.6,36.8,990.6,41.9,555,,MUZAFFARPUR,
Bihar,Muzaffarpur,IMD110-P554,1963,9.8,5.3,8.5,12.5,101.6,136.8,436.7,254.9,297.0,86.6,5.8,0.4,1355.9,15.1,122.5,1125.4,92.8,555,,MUZAFFARPUR,
Bihar,Muzaffarpur,IMD110-P554,1964,0.0,0.5,0.0,23.7,66.0,66.9,539.8,142.7,130.0,109.6,0.0,0.0,1079.1,0.5,89.7,879.3,109.6,555,,MUZAFFARPUR,
Bihar,Muzaffarpur,IMD110-P554,1965,0.0,0.0,22.6,0.6,0.0,36.5,211.8,385.9,220.4,17.9,0.0,0.0,895.7,0.0,23.2,854.6,17.9,555,,MUZAFFARPUR,
Bihar,Muzaffarpur,IMD110-P554,1966,13.5,3.7,0.0,0.0,17.3,36.5,72.9,280.6,54.4,11.2,30.9,0.0,521.1,17.2,17.3,444.5,42.2,555,,MUZAFFARPUR,
Bihar,Muzaffarpur,IMD110-P554,1967,0.0,0.0,13.3,32.7,1.2,32.3,200.9,366.5,175.8,11.4,0.0,0.5,834.8,0.0,47.2,775.6,11.9,555,,MUZAFFARPUR,
Bihar,Muzaffarpur,IMD110-P554,1968,33.3,0.5,0.6,1.4,5.4,243.4,308.5,203.0,116.1,126.8,0.0,13.5,1052.6,33.9,7.4,871.0,140.3,556,,MUZAFFARPUR,
Bihar,Muzaffarpur,IMD110-P554,1969,6.3,19.2,12.7,8.7,75.0,245.6,364.8,448.5,239.5,1.4,12.1,0.0,1433.8,25.5,96.5,1298.3,13.5,556,,MUZAFFARPUR,
Bihar,Muzaffarpur,IMD110-P554,1970,14.4,12.3,0.0,22.8,67.3,137.5,235.1,190.2,192.8,26.5,0.0,0.7,899.7,26.8,90.1,755.7,27.2,556,,MUZAFFARPUR,
Bihar,Muzaffarpur,IMD110-P554,1971,5.4,9.2,1.4,86.3,52.6,291.4,249.3,539.3,294.2,138.5,1.5,0.0,1669.1,14.6,140.3,1374.2,140.0,556,,MUZAFFARPUR,
Bihar,Muzaffarpur,IMD110-P554,1972,5.2,34.8,0.0,0.0,7.2,144.3,188.1,136.7,178.3,29.7,5.2,0.0,729.6,40.0,7.2,647.5,34.9,556,,MUZAFFARPUR,
Bihar,Muzaffarpur,IMD110-P554,1973,49.7,24.6,0.0,1.1,48.9,242.3,242.1,208.9,230.0,173.8,6.1,0.0,1227.5,74.3,50.0,923.3,179.9,556,,MUZAFFARPUR,
Bihar,Muzaffarpur,IMD110-P554,1974,2.6,0.9,12.3,2.5,60.9,209.6,593.2,404.3,296.0,6.4,0.0,5.4,1594.1,3.5,75.8,1503.1,11.7,556,,MUZAFFARPUR,
Bihar,Muzaffarpur,IMD110-P554,1975,17.3,3.0,1.3,7.0,2.4,156.5,331.9,172.0,487.7,50.8,0.0,0.0,1229.9,20.3,10.7,1148.1,50.8,556,,MUZAFFARPUR,
Bihar,Muzaffarpur,IMD110-P554,1976,1.9,22.8,0.0,4.9,112.6,124.4,255.1,283.7,495.3,31.8,0.0,0.0,1332.5,24.7,117.5,1158.5,31.8,556,,MUZAFFARPUR,
Bihar,Muzaffarpur,IMD110-P554,1977,0.3,8.8,1.4,7.8,124.1,65.9,260.4,210.2,108.3,264.9,36.7,16.8,1105.6,9.1,133.4,644.8,318.4,556,,MUZAFFARPUR,
Bihar,Muzaffarpur,IMD110-P554,1978,53.5,21.1,19.9,4.0,58.5,191.6,278.4,299.2,190.9,237.2,15.3,0.9,1370.6,74.6,82.4,960.2,253.4,556,,MUZAFFARPUR,
Bihar,Muzaffarpur,IMD110-P554,1979,14.8,15.2,0.0,32.8,3.1,60.1,485.7,94.1,67.2,170.3,58.3,9.5,1011.1,30.0,35.9,707.0,238.2,556,,MUZAFFARPUR,
Bihar,Muzaffarpur,IMD110-P554,1980,1.6,0.4,12.7,1.7,70.0,64.3,413.8,338.7,194.1,17.4,0.5,0.0,1115.3,2.0,84.4,1011.0,17.9,556,,MUZAFFARPUR,
Bihar,Muzaffarpur,IMD110-P554,1981,16.3,0.3,9.0,58.9,100.9,112.6,617.7,501.0,210.9,0.0,0.3,0.0,1628.1,16.6,168.9,1442.3,0.3,556,,MUZAFFARPUR,
Bihar,Muzaffarpur,IMD110-P554,1982,0.5,0.9,6.2,13.4,12.9,204.7,273.7,125.4,280.8,5.2,12.0,0.8,936.5,1.4,32.5,884.6,18.0,556,,MUZAFFARPUR,
Bihar,Muzaffarpur,IMD110-P554,1983,19.1,0.0,1.4,74.9,144.8,110.6,453.7,252.8,120.9,44.0,0.0,10.6,1232.7,19.1,221.0,938.0,54.6,556,,MUZAFFARPUR,
Bihar,Muzaffarpur,IMD110-P554,1984,31.3,31.9,0.4,10.0,63.5,319.4,401.3,127.7,198.6,3.7,0.0,0.0,1187.9,63.3,74.0,1047.0,3.7,556,,MUZAFFARPUR,
Bihar,Muzaffarpur,IMD110-P554,1985,11.1,2.4,0.0,17.6,97.5,186.4,511.6,190.6,394.8,288.0,3.5,11.1,1714.6,13.4,115.1,1283.5,302.5,556,,MUZAFFARPUR,
Bihar,Muzaffarpur,IMD110-P554,1986,2.5,9.7,2.1,11.5,109.9,172.5,322.2,199.3,180.0,89.5,0.1,11.7,1110.9,12.2,123.5,873.9,101.2,556,,MUZAFFARPUR,
Bihar,Muzaffarpur,IMD110-P554,1987,0.8,0.9,3.3,27.6,32.7,73.9,367.3,597.1,425.1,44.2,0.0,1.2,1574.1,1.7,63.6,1463.4,45.4,556,,MUZAFFARPUR,
Bihar,Muzaffarpur,IMD110-P554,1988,0.1,13.5,8.3,30.3,26.7,121.5,409.3,377.9,212.0,43.3,0.0,18.6,1261.6,13.6,65.4,1120.8,61.8,556,,MUZAFFARPUR,
Bihar,Muzaffarpur,IMD110-P554,1989,6.9,17.0,9.9,0.7,44.6,115.5,552.3,74.9,277.6,11.5,2.7,18.1,1131.7,23.9,55.2,1020.4,32.3,556,,MUZAFFARPUR,
Bihar,Muzaffarpur,IMD110-P554,1990,1.1,29.5,19.5,11.9,45.1,109.7,415.5,100.1,206.9,37.7,0.0,0.0,976.9,30.5,76.5,832.1,37.7,556,,MUZAFFARPUR,
Bihar,Muzaffarpur,IMD110-P554,1991,22.0,3.7,10.9,13.9,34.8,77.3,197.2,371.4,156.7,5.8,0.0,12.4,906.1,25.7,59.6,802.5,18.3,556,,MUZAFFARPUR,
Bihar,Muzaffarpur,IMD110-P554,1992,1.0,1.4,0.0,0.7,53.4,74.9,258.9,202.0,47.1,67.2,0.6,0.0,707.1,2.3,54.1,582.9,67.8,556,,MUZAFFARPUR,
Bihar,Muzaffarpur,IMD110-P554,1993,12.8,12.9,8.0,41.8,60.5,150.0,181.1,429.1,290.4,18.8,47.0,0.0,1252.3,25.7,110.3,1050.5,65.7,556,,MUZAFFARPUR,
Bihar,Muzaffarpur,IMD110-P554,1994,43.4,35.8,0.3,9.2,39.6,88.9,209.9,194.2,205.6,1.7,16.3,0.4,845.4,79.2,49.1,698.7,18.5,556,,MUZAFFARPUR,
Bihar,Muzaffarpur,IMD110-P554,1995,13.9,15.5,1.8,0.0,1.6,137.3,229.4,445.8,171.6,8.1,24.4,15.3,1064.8,29.4,3.4,984.1,47.9,556,,MUZAFFARPUR,
Bihar,Muzaffarpur,IMD110-P554,1996,28.8,27.7,2.4,1.6,4.2,332.6,249.6,388.7,128.7,103.9,0.0,0.0,1268.1,56.5,8.1,1099.5,103.9,556,,MUZAFFARPUR,
Bihar,Muzaffarpur,IMD110-P554,1997,12.2,0.2,5.8,44.7,52.5,305.1,422.0,246.8,219.2,7.8,1.4,30.2,1347.9,12.4,103.0,1193.0,39.4,556,,MUZAFFARPUR,
Bihar,Muzaffarpur,IMD110-P554,1998,16.7,15.3,7.3,21.3,18.7,77.7,336.2,428.9,156.0,72.6,21.9,0.0,1172.5,32.0,47.2,998.9,94.4,556,,MUZAFFARPUR,
Bihar,Muzaffarpur,IMD110-P554,1999,0.0,0.0,0.0,0.1,81.5,281.9,321.5,443.0,49.5,75.4,0.0,0.0,1253.0,0.0,81.6,1096.0,75.4,556,,MUZAFFARPUR,
Bihar,Muzaffarpur,IMD110-P554,2000,0.0,3.9,1.0,37.6,128.7,359.1,178.8,199.9,179.9,9.8,0.0,0.0,1098.7,3.9,167.3,917.7,9.8,556,,MUZAFFARPUR,
Bihar,Muzaffarpur,IMD110-P554,2001,0.6,0.0,0.4,1.0,164.7,251.0,248.2,231.9,299.1,171.2,0.0,0.0,1368.0,0.6,166.1,1030.1,171.2,556,,MUZAFFARPUR,
Bihar,Muzaffarpur,IMD110-P554,2002,14.0,4.5,0.4,19.5,93.4,164.1,416.8,259.9,163.3,12.6,0.0,0.0,1148.6,18.4,113.4,1004.2,12.6,557,,MUZAFFARPUR,
Bihar,Muzaffarpur,IMD110-P554,2003,17.8,36.0,13.7,63.5,37.4,203.1,292.7,316.5,85.4,84.7,0.0,2.4,1153.2,53.8,114.6,897.7,87.1,557,,MUZAFFARPUR,
Bihar,Muzaffarpur,IMD110-P554,2004,54.9,0.1,0.0,45.0,86.5,215.9,468.3,114.1,42.4,7.2,0.0,0.0,1034.4,55.0,131.5,840.8,7.2,557,,MUZAFFARPUR,
Bihar,Muzaffarpur,IMD110-P554,2005,10.5,15.4,9.8,6.4,24.6,100.1,337.2,253.3,70.8,42.2,0.0,0.0,870.2,25.9,40.8,761.3,42.2,557,,MUZAFFARPUR,
Bihar,Muzaffarpur,IMD110-P554,2006,0.5,0.0,0.9,18.2,70.1,195.9,305.7,124.6,335.3,23.1,3.2,0.0,1077.4,0.5,89.2,961.5,26.3,557,,MUZAFFARPUR,
Bihar,Muzaffarpur,IMD110-P554,2007,0.0,31.8,32.8,26.3,90.2,157.2,590.5,540.9,640.3,121.8,0.4,0.0,2232.2,31.8,149.4,1928.9,122.2,557,,MUZAFFARPUR,
Bihar,Muzaffarpur,IMD110-P554,2008,8.0,5.9,3.3,12.4,67.9,316.0,474.5,228.7,148.3,47.7,0.0,0.0,1312.7,14.0,83.5,1167.5,47.7,557,,MUZAFFARPUR,
Bihar,Muzaffarpur,IMD110-P554,2009,0.0,0.6,0.6,0.0,151.1,64.7,200.3,251.4,165.1,19.4,0.4,1.3,854.9,0.6,151.7,681.5,21.1,557,,MUZAFFARPUR,
Bihar,Muzaffarpur,IMD110-P554,2010,1.0,0.4,0.0,0.1,36.4,77.2,191.6,154.2,90.1,29.6,0.0,0.0,580.7,1.4,36.5,513.2,29.6,557,,MUZAFFARPUR,
Bihar,Nalanda,IMD110-P558,1901,75.9,19.6,4.6,0.0,62.7,28.3,209.4,335.6,223.9,6.1,10.1,0.0,976.2,95.5,67.3,797.2,16.2,558,,NALANDA,
Bihar,Nalanda,IMD110-P558,1902,2.3,0.0,8.1,14.0,10.2,51.2,360.3,117.8,178.0,0.0,0.0,0.0,741.9,2.3,32.3,707.3,0.0,558,,NALANDA,
Bihar,Nalanda,IMD110-P558,1903,3.6,8.4,16.0,,21.8,71.8,76.3,186.5,138.1,118.8,0.6,0.0,,12.0,,472.7,119.4,558,missing_months,NALANDA,
Bihar,Nalanda,IMD110-P558,1904,12.1,1.3,1.1,0.0,120.1,126.1,326.2,441.9,42.4,46.7,3.1,0.0,1120.9,13.4,121.2,936.6,49.8,558,,NALANDA,
Bihar,Nalanda,IMD110-P558,1905,14.4,12.6,37.8,14.7,31.3,20.0,333.7,325.5,238.2,0.0,0.0,0.0,1028.1,27.0,83.7,917.4,0.0,558,,NALANDA,
Bihar,Nalanda,IMD110-P558,1906,3.9,56.9,13.2,1.3,20.8,214.5,281.8,158.1,210.6,19.9,0.0,0.0,980.9,60.8,35.3,865.0,19.9,558,,NALANDA,
Bihar,Nalanda,IMD110-P558,1907,1.1,76.1,22.3,7.6,12.1,215.1,177.0,225.7,258.9,0.0,0.0,0.0,995.9,77.3,41.9,876.7,0.0,558,,NALANDA,
Bihar,Nalanda,IMD110-P558,1908,35.1,67.8,4.8,0.0,27.0,63.5,134.4,127.2,118.2,3.9,0.0,0.0,582.0,102.9,31.9,443.3,3.9,558,,NALANDA,
Bihar,Nalanda,IMD110-P558,1909,10.6,4.5,0.0,80.9,0.0,363.1,308.5,377.6,211.5,31.3,0.0,0.0,1388.0,15.2,80.9,1260.7,31.3,558,,NALANDA,
Bihar,Nalanda,IMD110-P558,1910,0.0,2.0,0.9,0.9,15.8,199.4,268.0,358.1,246.6,110.6,26.6,0.0,1229.1,2.0,17.6,1072.2,137.3,558,,NALANDA,
Bihar,Nalanda,IMD110-P558,1911,16.6,0.0,13.0,3.0,8.7,277.1,71.1,506.0,448.8,111.1,22.8,0.0,1478.3,16.6,24.8,1303.0,133.9,558,,NALANDA,
Bihar,Nalanda,IMD110-P558,1912,3.2,0.8,18.3,1.2,24.1,69.6,259.4,235.4,52.7,26.9,54.7,0.0,746.4,4.0,43.6,617.2,81.6,558,,NALANDA,
Bihar,Nalanda,IMD110-P558,1913,0.0,21.3,9.1,0.0,43.1,297.0,132.5,370.7,188.1,29.8,5.8,65.6,1163.0,21.3,52.2,988.3,101.2,558,,NALANDA,
Bihar,Nalanda,IMD110-P558,1914,0.0,14.3,3.0,21.5,24.2,94.3,279.3,441.3,168.7,0.8,0.0,3.8,1051.1,14.3,48.7,983.6,4.5,558,,NALANDA,
Bihar,Nalanda,IMD110-P558,1915,6.7,76.1,6.8,7.5,18.4,83.3,332.2,157.9,153.1,36.1,105.0,0.0,983.1,82.8,32.7,726.5,141.1,558,,NALANDA,
Bihar,Nalanda,IMD110-P558,1916,0.0,26.0,0.0,13.0,7.7,260.0,243.3,377.5,178.3,109.9,4.8,0.0,1220.4,26.0,20.7,1059.1,114.7,558,,NALANDA,
Bihar,Nalanda,IMD110-P558,1917,7.5,20.3,1.9,1.7,95.7,166.0,266.4,256.4,180.6,51.7,0.0,0.0,1048.3,27.8,99.4,869.4,51.7,558,,NALANDA,
Bihar,Nalanda,IMD110-P558,1918,0.0,0.0,0.5,5.4,40.5,215.9,165.3,521.2,364.3,0.0,0.0,0.0,1313.3,0.0,46.5,1266.8,0.0,558,,NALANDA,
Bihar,Nalanda,IMD110-P558,1919,35.2,14.4,12.2,4.8,48.7,107.7,497.7,213.7,184.1,39.0,0.0,0.0,1157.6,49.7,65.7,1003.2,39.0,558,,NALANDA,
Bihar,Nalanda,IMD110-P558,1920,0.0,15.5,30.3,0.0,9.2,34.6,343.5,170.0,240.9,0.8,0.0,0.0,844.9,15.5,39.6,789.0,0.8,558,,NALANDA,
Bihar,Nalanda,IMD110-P558,1921,7.4,1.9,2.0,0.0,1.5,87.2,171.6,478.7,191.6,22.2,0.0,0.0,964.1,9.3,3.4,929.1,22.2,558,,NALANDA,
Bihar,Nalanda,IMD110-P558,1922,7.7,5.4,0.0,2.1,3.9,256.1,333.3,330.7,223.1,12.4,0.0,0.1,1174.7,13.1,6.0,1143.1,12.5,558,,NALANDA,
Bihar,Nalanda,IMD110-P558,1923,1.8,27.6,0.0,3.3,12.7,176.4,226.0,210.1,102.3,36.4,0.0,0.0,796.6,29.4,16.0,714.8,36.4,558,,NALANDA,
Bihar,Nalanda,IMD110-P558,1924,0.2,12.3,0.7,0.4,0.0,42.2,446.6,249.6,282.3,21.4,103.3,0.0,1159.0,12.5,1.1,1020.7,124.7,558,,NALANDA,
Bihar,Nalanda,IMD110-P558,1925,18.1,0.0,5.4,3.5,8.8,75.3,212.6,197.4,228.6,13.2,26.9,0.0,789.6,18.1,17.7,713.8,40.0,558,,NALANDA,
Bihar,Nalanda,IMD110-P558,1926,22.9,0.4,7.7,8.2,19.3,27.5,349.3,227.5,138.2,10.1,0.4,13.8,825.2,23.2,35.2,742.5,24.3,558,,NALANDA,
Bihar,Nalanda,IMD110-P558,1927,15.5,29.2,32.7,0.0,0.8,33.3,205.7,170.7,118.3,7.2,30.6,0.0,644.1,44.8,33.5,528.1,37.7,558,,NALANDA,
Bihar,Nalanda,IMD110-P558,1928,62.2,11.6,0.0,22.6,40.8,186.1,194.5,123.9,56.0,121.2,0.0,14.1,832.9,73.8,63.4,560.4,135.3,558,,NALANDA,
Bihar,Nalanda,IMD110-P558,1929,61.6,1.8,11.7,6.0,5.6,125.0,388.0,261.1,136.6,183.0,0.0,34.8,1215.2,63.4,23.3,910.8,217.8,558,,NALANDA,
Bihar,Nalanda,IMD110-P558,1930,3.3,4.9,1.2,0.0,12.2,93.0,368.2,276.7,133.1,7.1,16.3,13.0,929.1,8.1,13.4,871.1,36.4,558,,NALANDA,
Bihar,Nalanda,IMD110-P558,1931,0.0,43.6,11.0,0.0,4.4,48.6,314.2,208.0,295.7,22.2,24.8,0.0,972.6,43.6,15.4,866.6,47.0,558,,NALANDA,
Bihar,Nalanda,IMD110-P558,1932,0.0,12.2,0.0,1.5,1.1,83.0,137.8,265.9,178.9,28.8,41.2,1.4,752.0,12.2,2.6,665.6,71.5,558,,NALANDA,
Bihar,Nalanda,IMD110-P558,1933,33.9,25.3,0.0,55.2,37.1,189.0,237.9,509.3,157.5,10.9,0.0,0.0,1256.2,59.2,92.3,1093.7,10.9,558,,NALANDA,
Bihar,Nalanda,IMD110-P558,1934,22.1,0.0,0.0,5.2,3.7,68.7,382.0,192.0,152.8,39.4,6.3,1.8,874.1,22.1,8.9,795.6,47.5,559,,NALANDA,
Bihar,Nalanda,IMD110-P558,1935,20.5,15.4,0.4,0.0,0.0,41.8,149.6,434.5,193.2,0.0,0.0,0.0,855.5,35.9,0.4,819.2,0.0,559,,NALANDA,
Bihar,Nalanda,IMD110-P558,1936,6.2,1.4,5.1,3.6,30.4,104.4,359.8,274.6,259.6,67.7,0.0,2.5,1115.4,7.6,39.2,998.4,70.2,559,,NALANDA,
Bihar,Nalanda,IMD110-P558,1937,0.0,75.6,0.0,2.8,40.3,68.6,152.3,243.5,140.7,186.6,0.0,0.0,910.3,75.6,43.2,605.0,186.6,559,,NALANDA,
Bihar,Nalanda,IMD110-P558,1938,3.2,3.8,0.0,0.0,55.9,209.3,292.0,349.1,144.6,12.7,1.2,0.0,1071.7,7.0,55.9,994.9,13.8,559,,NALANDA,
Bihar,Nalanda,IMD110-P558,1939,0.1,52.5,32.0,1.1,7.8,135.9,339.8,297.2,248.7,35.9,0.0,0.0,1151.0,52.6,40.9,1021.6,35.9,559,,NALANDA,
Bihar,Nalanda,IMD110-P558,1940,1.5,41.3,66.4,4.5,16.2,40.5,246.5,304.6,135.5,0.0,0.0,24.5,881.5,42.8,87.1,727.1,24.5,559,,NALANDA,
Bihar,Nalanda,IMD110-P558,1941,18.4,0.0,2.9,6.2,20.1,174.3,216.5,547.3,240.5,54.2,0.0,0.0,1280.3,18.4,29.2,1178.5,54.2,559,,NALANDA,
Bihar,Nalanda,IMD110-P558,1942,15.6,45.2,19.3,9.7,8.8,180.2,205.2,344.5,222.1,3.4,0.0,0.0,1054.1,60.8,37.9,952.0,3.4,559,,NALANDA,
Bihar,Nalanda,IMD110-P558,1943,21.0,24.6,0.0,18.4,6.9,118.4,389.0,347.2,156.9,9.5,0.0,0.0,1091.8,45.6,25.3,1011.5,9.5,559,,NALANDA,
Bihar,Nalanda,IMD110-P558,1944,66.3,99.3,57.6,11.7,6.6,122.5,236.8,309.9,88.3,38.5,0.0,0.2,1037.6,165.6,75.8,757.5,38.6,559,,NALANDA,
Bihar,Nalanda,IMD110-P558,1945,69.1,8.5,0.0,19.8,11.0,47.4,163.4,202.9,264.9,114.3,0.0,0.4,901.6,77.5,30.8,678.5,114.7,559,,NALANDA,
Bihar,Nalanda,IMD110-P558,1946,0.0,19.4,2.6,17.6,62.4,104.7,192.3,273.9,152.5,84.6,22.5,0.0,932.5,19.4,82.6,723.4,107.1,559,,NALANDA,
Bihar,Nalanda,IMD110-P558,1947,0.5,4.5,0.0,0.0,30.7,72.6,221.1,118.3,99.5,34.3,0.0,0.0,581.6,5.0,30.7,511.6,34.3,559,,NALANDA,
Bihar,Nalanda,IMD110-P558,1948,10.2,8.5,6.0,0.0,1.0,45.2,274.3,386.1,192.2,47.3,2.6,0.0,973.4,18.8,7.0,897.8,49.8,559,,NALANDA,
Bihar,Nalanda,IMD110-P558,1949,18.8,36.0,3.6,18.3,32.1,140.4,274.2,249.1,192.5,41.3,25.0,0.0,1031.3,54.8,54.0,856.2,66.3,559,,NALANDA,
Bihar,Nalanda,IMD110-P558,1950,6.8,4.5,0.7,0.0,15.6,273.4,295.0,224.9,33.7,0.0,0.0,0.0,854.7,11.3,16.3,827.0,0.0,559,,NALANDA,
Bihar,Nalanda,IMD110-P558,1951,1.7,0.0,1.0,0.0,12.9,92.9,241.7,93.9,125.7,26.0,0.0,0.0,595.8,1.7,14.0,554.2,26.0,559,,NALANDA,
Bihar,Nalanda,IMD110-P558,1952,0.0,3.6,0.0,0.0,21.5,270.4,248.4,241.3,269.6,7.6,0.0,0.0,1062.5,3.6,21.5,1029.8,7.6,559,,NALANDA,
Bihar,Nalanda,IMD110-P558,1953,15.3,10.7,5.1,18.1,3.1,210.3,332.5,187.9,348.3,2.9,0.0,0.0,1134.1,26.0,26.2,1078.9,2.9,559,,NALANDA,
Bihar,Nalanda,IMD110-P558,1954,8.2,4.8,0.0,0.0,5.5,98.2,248.8,349.0,110.7,12.0,0.0,0.0,837.2,13.0,5.5,806.7,12.0,559,,NALANDA,
Bihar,Nalanda,IMD110-P558,1955,14.8,5.2,0.0,1.5,44.3,62.1,319.0,237.0,172.7,74.5,0.0,0.0,931.1,20.0,45.8,790.8,74.5,559,,NALANDA,
Bihar,Nalanda,IMD110-P558,1956,22.1,0.0,11.4,0.0,25.1,245.1,171.5,190.6,285.9,91.4,13.2,0.7,1057.0,22.1,36.6,893.1,105.2,559,,NALANDA,
Bihar,Nalanda,IMD110-P558,1957,70.1,0.0,8.1,0.0,0.0,117.3,259.7,246.0,179.8,0.0,0.0,0.0,881.1,70.1,8.1,802.8,0.0,559,,NALANDA,
Bihar,Nalanda,IMD110-P558,1958,16.4,1.9,0.0,1.9,0.0,79.0,160.2,255.5,153.9,72.7,0.0,0.0,741.5,18.3,1.9,648.6,72.7,559,,NALANDA,
Bihar,Nalanda,IMD110-P558,1959,137.0,7.3,7.1,5.3,14.8,100.1,278.2,331.3,230.4,164.0,0.0,0.0,1275.4,144.2,27.2,940.0,164.0,559,,NALANDA,
Bihar,Nalanda,IMD110-P558,1960,0.0,0.0,15.7,0.0,11.1,63.4,240.4,605.9,475.1,60.1,4.0,0.0,1475.7,0.0,26.8,1384.8,64.1,559,,NALANDA,
Bihar,Nalanda,IMD110-P558,1961,22.3,36.0,0.0,1.3,19.4,153.8,207.3,326.4,153.5,331.0,0.0,25.5,1276.6,58.4,20.8,840.9,356.5,559,,NALANDA,
Bihar,Nalanda,IMD110-P558,1962,8.9,0.3,10.6,20.1,5.2,181.7,189.7,290.8,296.7,96.5,0.0,0.9,1101.4,9.2,36.0,958.8,97.4,559,,NALANDA,
Bihar,Nalanda,IMD110-P558,1963,0.5,0.8,0.5,2.7,50.0,121.6,364.1,306.1,274.7,163.4,3.9,0.0,1288.2,1.3,53.1,1066.4,167.3,559,,NALANDA,
Bihar,Nalanda,IMD110-P558,1964,0.1,2.6,0.0,0.1,39.6,130.5,312.5,119.4,173.1,119.6,0.2,0.0,897.8,2.7,39.7,735.5,119.9,559,,NALANDA,
Bihar,Nalanda,IMD110-P558,1965,0.0,2.7,8.2,2.0,0.0,51.9,183.8,364.4,280.7,4.5,1.5,0.0,899.6,2.7,10.1,880.8,6.0,559,,NALANDA,
Bihar,Nalanda,IMD110-P558,1966,33.2,1.1,0.0,0.0,6.3,149.5,58.8,213.3,39.2,3.3,11.7,0.1,516.3,34.3,6.3,460.7,15.1,559,,NALANDA,
Bihar,Nalanda,IMD110-P558,1967,0.0,2.8,89.2,15.8,18.6,16.7,248.7,234.4,347.9,1.0,1.4,0.2,976.7,2.8,123.6,847.7,2.6,559,,NALANDA,
Bihar,Nalanda,IMD110-P558,1968,31.5,0.1,12.3,0.0,6.1,237.4,223.1,254.2,51.4,87.1,0.0,6.8,909.9,31.6,18.4,766.1,93.9,560,,NALANDA,
Bihar,Nalanda,IMD110-P558,1969,5.1,7.3,1.9,8.8,60.7,189.2,232.0,420.2,160.3,0.6,11.3,0.0,1097.5,12.4,71.4,1001.7,11.9,560,,NALANDA,
Bihar,Nalanda,IMD110-P558,1970,24.3,15.5,1.6,0.0,67.6,117.4,161.5,148.9,206.1,51.3,0.0,0.0,794.3,39.8,69.3,633.9,51.3,560,,NALANDA,
Bihar,Nalanda,IMD110-P558,1972,8.4,40.5,,,,,,,,,,,,48.9,,,,560,missing_months,NALANDA,
Bihar,Nalanda,IMD110-P558,1974,0.0,0.0,11.3,2.1,6.6,73.7,388.7,277.1,151.0,23.1,,,,0.0,20.0,890.5,,560,missing_months,NALANDA,
Bihar,Nalanda,IMD110-P558,1975,3.0,1.6,7.6,3.4,12.4,90.2,314.2,85.5,177.1,43.6,0.0,0.0,738.6,4.6,23.4,667.0,43.6,560,,NALANDA,
Bihar,Nalanda,IMD110-P558,1976,0.0,2.7,1.0,0.1,53.1,62.9,171.6,240.5,458.6,11.5,0.0,0.0,1001.9,2.7,54.1,933.5,11.5,560,,NALANDA,
Bihar,Nalanda,IMD110-P558,1977,3.4,0.0,0.0,5.6,71.4,89.1,430.4,155.2,130.4,81.6,0.0,19.8,986.8,3.4,77.0,805.0,101.4,560,,NALANDA,
Bihar,Nalanda,IMD110-P558,1978,11.8,52.4,15.3,15.4,26.9,148.6,236.8,349.6,164.5,129.6,1.0,13.6,1165.4,64.1,57.6,899.5,144.3,560,,NALANDA,
Bihar,Nalanda,IMD110-P558,1979,47.8,30.4,5.1,8.7,0.0,65.1,404.2,193.6,61.0,35.4,15.1,2.5,868.9,78.2,13.8,723.9,53.0,560,,NALANDA,
Bihar,Nalanda,IMD110-P558,1980,7.2,2.5,2.3,0.2,16.6,184.6,294.6,463.3,179.7,29.8,0.0,0.3,1181.1,9.7,19.1,1122.2,30.1,560,,NALANDA,
Bihar,Nalanda,IMD110-P558,1981,38.2,1.1,9.1,18.3,43.5,82.9,568.7,166.2,135.1,0.0,14.9,3.7,1081.8,39.3,70.9,953.0,18.6,560,,NALANDA,
Bihar,Nalanda,IMD110-P558,1982,7.4,6.4,59.2,22.0,5.4,146.7,96.9,159.7,134.5,87.9,38.5,0.2,764.8,13.8,86.5,537.8,126.6,560,,NALANDA,
Bihar,Nalanda,IMD110-P558,1983,12.0,0.0,0.0,41.1,21.9,83.7,259.0,154.4,224.1,66.7,0.0,9.0,872.1,12.0,63.0,721.3,75.7,560,,NALANDA,
Bihar,Nalanda,IMD110-P558,1984,31.0,22.7,0.0,0.0,0.5,334.4,422.0,326.7,87.0,15.1,0.0,0.0,1239.3,53.7,0.5,1170.0,15.1,560,,NALANDA,
Bihar,Nalanda,IMD110-P558,1985,1.0,0.0,0.0,0.1,13.9,88.1,512.4,193.2,176.4,181.4,0.0,2.9,1169.6,1.0,14.1,970.1,184.3,560,,NALANDA,
Bihar,Nalanda,IMD110-P558,1986,0.5,13.9,0.0,11.8,48.3,207.8,280.4,241.1,126.5,123.0,0.0,14.3,1067.6,14.3,60.2,855.8,137.3,560,,NALANDA,
Bihar,Nalanda,IMD110-P558,1987,0.0,0.3,3.3,27.0,27.1,78.5,627.5,385.2,470.0,30.5,4.6,2.4,1656.4,0.3,57.4,1561.2,37.5,560,,NALANDA,
Bihar,Nalanda,IMD110-P558,1988,3.4,0.9,36.9,12.7,34.9,139.2,303.6,468.6,117.5,31.4,0.0,23.6,1172.8,4.3,84.5,1028.9,55.1,560,,NALANDA,
Bihar,Nalanda,IMD110-P558,1989,8.5,1.8,7.5,0.0,72.7,126.5,350.3,142.5,274.1,29.5,0.2,13.2,1026.7,10.3,80.2,893.4,42.9,560,,NALANDA,
Bihar,Nalanda,IMD110-P558,1990,0.0,38.3,5.8,5.6,60.5,216.9,484.2,172.3,191.5,35.4,0.0,0.0,1210.5,38.3,71.9,1064.9,35.4,560,,NALANDA,
Bihar,Nalanda,IMD110-P558,1991,5.3,9.7,0.7,12.4,25.5,82.5,153.2,300.4,221.9,0.0,0.0,25.3,836.9,15.0,38.6,757.9,25.3,560,,NALANDA,
Bihar,Nalanda,IMD110-P558,1992,2.7,0.0,0.0,0.0,21.3,28.8,234.3,258.7,56.6,2.1,0.0,0.0,604.5,2.7,21.3,578.4,2.1,560,,NALANDA,
Bihar,Nalanda,IMD110-P558,1993,0.0,3.1,27.8,21.3,38.4,83.8,107.5,278.5,388.0,35.7,29.3,0.0,1013.5,3.1,87.6,857.8,65.0,560,,NALANDA,
Bihar,Nalanda,IMD110-P558,1994,26.6,30.5,0.0,1.8,34.3,96.1,185.0,194.4,135.0,55.7,2.7,0.0,762.0,57.1,36.0,610.5,58.4,560,,NALANDA,
Bihar,Nalanda,IMD110-P558,1995,0.0,14.9,0.3,0.0,3.5,113.8,196.9,259.4,224.1,1.0,45.2,37.6,896.7,14.9,3.8,794.2,83.8,560,,NALANDA,
Bihar,Nalanda,IMD110-P558,1996,39.4,18.0,0.0,0.0,0.0,205.6,144.3,372.5,168.5,53.8,0.0,0.0,1002.1,57.3,0.0,891.0,53.8,560,,NALANDA,
Bihar,Nalanda,IMD110-P558,1997,8.0,0.0,0.6,0.0,28.4,163.1,662.2,345.3,138.3,54.4,20.3,35.3,1455.8,8.0,28.9,1309.0,109.9,560,,NALANDA,
Bihar,Nalanda,IMD110-P558,1998,1.6,3.3,11.4,10.7,31.4,50.3,328.4,227.0,200.5,68.9,8.8,0.0,942.3,4.9,53.5,806.2,77.7,560,,NALANDA,
Bihar,Nalanda,IMD110-P558,1999,0.0,0.0,0.0,0.0,59.5,227.1,289.6,184.2,156.1,122.2,0.0,0.0,1038.8,0.0,59.5,857.0,122.2,560,,NALANDA,
Bihar,Nalanda,IMD110-P558,2000,0.0,15.2,0.9,28.6,54.6,269.3,224.8,183.9,402.2,0.0,0.0,0.0,1179.5,15.2,84.1,1080.2,0.0,560,,NALANDA,
Bihar,Nalanda,IMD110-P558,2001,0.5,0.0,0.3,13.8,46.0,159.1,231.8,245.7,146.7,49.6,0.0,0.0,893.5,0.5,60.2,783.2,49.6,560,,NALANDA,
Bihar,Nalanda,IMD110-P558,2002,7.7,5.2,0.0,7.0,48.5,72.8,312.0,204.5,222.5,60.7,0.0,0.0,940.8,12.9,55.5,811.8,60.7,560,,NALANDA,
Bihar,Nalanda,IMD110-P558,2003,3.2,44.7,8.0,5.3,0.0,177.1,225.3,291.1,189.9,150.8,0.0,0.0,1095.4,47.9,13.3,883.4,150.8,560,,NALANDA,
Bihar,Nalanda,IMD110-P558,2004,15.9,0.0,0.0,5.1,2.5,105.9,142.3,161.1,56.3,4.9,0.0,0.0,494.1,15.9,7.6,465.7,4.9,561,,NALANDA,
Bihar,Nalanda,IMD110-P558,2005,4.8,1.3,0.3,0.0,1.3,25.9,267.8,148.8,,8.6,0.0,0.0,,6.1,1.5,,8.6,561,missing_months,NALANDA,
Bihar,Nalanda,IMD110-P558,2006,0.0,0.0,0.0,7.2,19.5,234.3,350.0,97.0,222.6,3.5,2.8,0.0,936.8,0.0,26.6,903.8,6.3,561,,NALANDA,
Bihar,Nalanda,IMD110-P558,2007,,,,,,,572.8,243.0,259.2,36.2,0.0,9.1,,,,,45.3,561,missing_months,NALANDA,
Bihar,Nalanda,IMD110-P558,2008,57.5,3.1,0.0,0.0,7.7,204.5,475.6,271.8,134.0,8.3,0.0,0.0,1162.4,60.5,7.7,1085.9,8.3,561,,NALANDA,
Bihar,Nalanda,IMD110-P558,2009,0.0,0.0,0.0,0.0,94.7,75.9,143.7,128.2,93.5,47.8,3.1,0.0,586.9,0.0,94.7,441.3,50.9,561,,NALANDA,
Bihar,Nalanda,IMD110-P558,2010,0.0,0.0,0.0,0.0,15.6,51.3,133.4,211.1,134.5,59.1,0.0,0.0,605.0,0.0,15.6,530.4,59.1,561,,NALANDA,
Bihar,Nawadah,IMD110-P562,1901,59.8,15.0,1.4,0.0,33.3,9.8,187.1,399.2,190.1,11.0,12.5,0.0,919.3,74.8,34.7,786.2,23.5,562,,NAWADAH,
Bihar,Nawadah,IMD110-P562,1902,4.2,0.3,5.0,9.0,29.3,83.0,325.0,167.9,250.0,2.6,1.8,0.0,878.2,4.5,43.3,826.0,4.4,562,,NAWADAH,
Bihar,Nawadah,IMD110-P562,1903,4.7,6.4,3.0,8.5,7.6,46.3,55.6,233.1,161.2,160.1,0.0,0.0,686.4,11.1,19.0,496.2,160.1,562,,NAWADAH,
Bihar,Nawadah,IMD110-P562,1904,5.6,0.0,10.2,0.0,93.2,230.1,430.0,354.8,60.3,47.3,0.3,0.0,1231.8,5.6,103.4,1075.2,47.6,562,,NAWADAH,
Bihar,Nawadah,IMD110-P562,1905,16.3,67.3,47.5,27.8,24.5,11.4,454.7,402.1,298.4,0.3,0.0,0.6,1350.8,83.6,99.8,1166.6,0.9,562,,NAWADAH,
Bihar,Nawadah,IMD110-P562,1906,20.2,93.7,37.0,0.0,26.8,73.0,275.1,305.3,236.9,42.6,0.0,0.0,1110.5,113.9,63.8,890.2,42.6,562,,NAWADAH,
Bihar,Nawadah,IMD110-P562,1907,0.2,91.2,29.1,9.7,12.7,252.4,101.2,291.8,512.9,0.0,0.0,0.0,1301.2,91.4,51.5,1158.3,0.0,562,,NAWADAH,
Bihar,Nawadah,IMD110-P562,1908,17.8,54.7,0.0,0.0,11.7,113.2,324.4,142.2,96.5,31.8,0.0,0.0,792.3,72.5,11.7,676.3,31.8,562,,NAWADAH,
Bihar,Nawadah,IMD110-P562,1909,9.2,7.1,0.0,33.1,5.7,282.7,270.9,345.2,244.0,1.4,0.0,2.0,1201.4,16.3,38.8,1142.9,3.5,562,,NAWADAH,
Bihar,Nawadah,IMD110-P562,1910,3.6,6.0,4.2,2.5,46.8,146.4,353.7,362.7,308.6,34.9,40.6,0.0,1310.0,9.5,53.5,1171.5,75.5,562,,NAWADAH,
Bihar,Nawadah,IMD110-P562,1911,0.6,0.0,30.5,0.6,17.8,308.9,126.4,405.8,229.1,70.0,21.3,0.0,1211.0,0.6,48.9,1070.2,91.3,562,,NAWADAH,
Bihar,Nawadah,IMD110-P562,1912,3.8,6.3,22.2,6.4,53.5,67.4,286.1,285.2,86.1,20.2,60.7,0.0,898.0,10.1,82.1,724.9,81.0,562,,NAWADAH,
Bihar,Nawadah,IMD110-P562,1913,0.0,37.2,18.4,0.0,90.0,245.5,224.9,437.4,242.9,34.5,0.0,22.9,1353.9,37.2,108.5,1150.7,57.5,562,,NAWADAH,
Bihar,Nawadah,IMD110-P562,1914,0.0,12.7,14.0,43.1,32.6,114.5,224.6,302.7,95.6,9.1,0.0,0.0,848.8,12.7,89.6,737.4,9.1,562,,NAWADAH,
Bihar,Nawadah,IMD110-P562,1915,11.4,82.6,2.7,0.6,12.7,95.2,320.1,193.0,165.2,20.6,90.6,0.0,994.8,94.0,16.0,773.5,111.2,562,,NAWADAH,
Bihar,Nawadah,IMD110-P562,1916,0.0,22.1,0.0,8.4,18.1,135.0,242.6,342.8,281.3,155.4,0.2,0.0,1205.9,22.1,26.5,1001.8,155.6,562,,NAWADAH,
Bihar,Nawadah,IMD110-P562,1917,3.0,54.8,5.5,18.2,66.8,239.6,316.4,278.8,164.0,112.8,0.0,0.0,1260.0,57.7,90.5,998.9,112.8,562,,NAWADAH,
Bihar,Nawadah,IMD110-P562,1918,3.9,0.0,0.5,20.1,52.2,261.9,98.6,493.0,375.6,0.0,0.0,0.0,1305.7,3.9,72.8,1229.0,0.0,562,,NAWADAH,
Bihar,Nawadah,IMD110-P562,1919,46.8,7.0,21.2,3.8,32.4,171.6,360.1,209.8,131.6,47.7,0.0,0.4,1032.6,53.9,57.4,873.2,48.1,562,,NAWADAH,
Bihar,Nawadah,IMD110-P562,1920,0.0,5.7,19.4,0.0,15.1,53.7,343.5,115.8,157.0,0.8,0.0,0.0,711.0,5.7,34.5,670.0,0.8,562,,NAWADAH,
Bihar,Nawadah,IMD110-P562,1921,19.3,0.4,0.0,2.1,0.0,49.6,223.6,293.1,152.3,4.2,0.0,0.0,744.7,19.8,2.1,718.6,4.2,562,,NAWADAH,
Bihar,Nawadah,IMD110-P562,1922,9.0,5.7,0.0,7.6,2.1,173.2,306.7,369.8,169.8,24.1,0.0,0.0,1068.1,14.6,9.7,1019.6,24.1,562,,NAWADAH,
Bihar,Nawadah,IMD110-P562,1923,0.0,19.7,0.0,0.0,5.6,139.0,168.1,280.1,84.4,32.9,0.0,0.0,729.7,19.7,5.6,671.6,32.9,562,,NAWADAH,
Bihar,Nawadah,IMD110-P562,1924,1.4,25.2,0.7,0.0,0.3,69.2,333.4,219.2,138.6,46.3,86.0,0.0,920.4,26.6,1.0,760.4,132.3,562,,NAWADAH,
Bihar,Nawadah,IMD110-P562,1925,0.3,0.0,4.5,12.5,13.1,85.4,297.2,331.9,177.9,10.8,34.0,0.0,967.8,0.3,30.2,892.4,44.8,562,,NAWADAH,
Bihar,Nawadah,IMD110-P562,1926,20.8,0.0,35.8,9.6,16.5,14.7,380.1,273.7,229.9,24.4,3.7,22.7,1032.0,20.8,61.8,898.5,50.8,562,,NAWADAH,
Bihar,Nawadah,IMD110-P562,1927,20.7,78.2,34.9,0.0,18.2,47.1,195.2,183.6,92.7,20.6,29.4,0.0,720.7,99.0,53.1,518.7,50.0,562,,NAWADAH,
Bihar,Nawadah,IMD110-P562,1928,81.9,7.3,0.0,1.1,29.0,208.4,287.4,174.9,25.2,168.6,0.0,6.5,990.2,89.2,30.1,695.8,175.1,562,,NAWADAH,
Bihar,Nawadah,IMD110-P562,1929,77.9,1.0,7.8,7.4,13.5,47.0,240.6,312.2,161.1,170.6,0.0,35.4,1074.4,78.9,28.7,760.9,206.0,562,,NAWADAH,
Bihar,Nawadah,IMD110-P562,1930,1.7,0.0,0.4,1.9,0.0,114.6,346.1,362.6,176.9,30.1,55.5,9.5,1099.4,1.7,2.4,1000.3,95.0,562,,NAWADAH,
Bihar,Nawadah,IMD110-P562,1931,0.4,42.1,16.5,0.0,0.8,78.8,347.4,243.4,182.7,17.9,8.2,0.0,938.3,42.5,17.3,852.3,26.1,562,,NAWADAH,
Bihar,Nawadah,IMD110-P562,1932,0.0,9.9,0.0,0.9,3.5,69.7,196.5,298.4,149.0,34.3,89.4,0.4,852.2,9.9,4.5,713.6,124.1,562,,NAWADAH,
Bihar,Nawadah,IMD110-P562,1933,71.2,22.3,5.2,53.6,49.6,304.3,193.4,346.0,182.9,47.3,0.0,0.0,1275.9,93.5,108.4,1026.6,47.3,562,,NAWADAH,
Bihar,Nawadah,IMD110-P562,1934,46.1,4.2,0.0,2.5,0.8,74.4,321.1,292.8,160.9,67.9,9.9,0.0,980.7,50.3,3.4,849.2,77.8,563,,NAWADAH,
Bihar,Nawadah,IMD110-P562,1935,31.5,18.0,0.3,0.0,0.0,78.9,92.1,610.1,247.3,0.0,0.0,0.0,1078.2,49.5,0.3,1028.4,0.0,563,,NAWADAH,
Bihar,Nawadah,IMD110-P562,1936,18.1,1.9,0.4,12.9,27.6,135.0,390.2,317.1,331.2,100.1,0.0,18.0,1352.5,20.0,40.9,1173.4,118.1,563,,NAWADAH,
Bihar,Nawadah,IMD110-P562,1937,0.0,107.6,1.6,8.3,26.4,101.7,218.3,350.1,161.2,222.8,0.0,0.0,1198.2,107.6,36.4,831.4,222.8,563,,NAWADAH,
Bihar,Nawadah,IMD110-P562,1938,7.3,24.2,0.0,0.0,59.7,181.9,299.0,284.6,128.6,15.9,0.0,0.0,1001.1,31.4,59.7,894.0,15.9,563,,NAWADAH,
Bihar,Nawadah,IMD110-P562,1939,5.8,42.9,33.8,0.0,3.5,219.9,289.9,299.1,240.3,21.1,0.0,0.0,1156.4,48.7,37.3,1049.3,21.1,563,,NAWADAH,
Bihar,Nawadah,IMD110-P562,1940,0.0,69.7,60.3,2.3,4.7,47.9,202.2,326.2,147.1,18.8,0.0,40.9,920.1,69.7,67.4,723.3,59.7,563,,NAWADAH,
Bihar,Nawadah,IMD110-P562,1941,25.7,0.2,1.9,0.1,10.3,176.3,182.5,370.6,188.3,66.9,2.0,0.0,1024.8,25.8,12.3,917.7,69.0,563,,NAWADAH,
Bihar,Nawadah,IMD110-P562,1942,8.6,55.4,27.9,1.0,2.4,125.9,279.3,448.8,209.8,4.4,0.0,0.1,1163.6,64.1,31.3,1063.8,4.5,563,,NAWADAH,
Bihar,Nawadah,IMD110-P562,1943,62.4,11.2,0.0,2.6,10.4,76.1,339.7,386.6,126.4,52.9,0.0,0.0,1068.3,73.6,13.1,928.7,52.9,563,,NAWADAH,
Bihar,Nawadah,IMD110-P562,1944,22.1,60.5,27.4,6.4,4.4,105.9,282.1,266.4,129.5,55.8,0.0,1.2,961.6,82.6,38.2,783.8,57.0,563,,NAWADAH,
Bihar,Nawadah,IMD110-P562,1945,48.4,35.4,0.0,10.8,2.4,75.4,178.6,220.0,195.6,103.9,0.0,2.7,873.2,83.8,13.2,669.6,106.6,563,,NAWADAH,
Bihar,Nawadah,IMD110-P562,1946,0.0,19.5,2.3,27.5,42.4,140.5,248.6,303.0,161.0,97.0,17.9,0.0,1059.8,19.5,72.2,853.2,114.9,563,,NAWADAH,
Bihar,Nawadah,IMD110-P562,1947,1.7,4.8,13.1,0.0,48.4,46.1,309.1,295.2,192.9,36.8,0.0,0.0,948.0,6.5,61.5,843.2,36.8,563,,NAWADAH,
Bihar,Nawadah,IMD110-P562,1948,11.7,0.0,12.1,2.5,41.9,102.9,267.7,403.6,239.4,88.3,32.1,0.0,1202.4,11.7,56.6,1013.6,120.4,563,,NAWADAH,
Bihar,Nawadah,IMD110-P562,1949,19.5,33.5,6.4,8.2,57.9,120.3,303.5,347.5,169.9,60.2,0.0,0.0,1126.9,53.1,72.5,941.1,60.2,563,,NAWADAH,
Bihar,Nawadah,IMD110-P562,1950,3.5,18.5,11.2,0.8,5.9,271.6,405.5,210.3,110.8,1.0,0.0,2.5,1041.8,22.1,17.9,998.3,3.5,563,,NAWADAH,
Bihar,Nawadah,IMD110-P562,1951,6.3,1.9,3.0,1.3,1.3,154.3,272.6,159.2,139.5,46.3,0.8,0.0,786.6,8.2,5.6,725.6,47.1,563,,NAWADAH,
Bihar,Nawadah,IMD110-P562,1952,1.5,8.7,8.4,10.1,9.2,337.9,215.9,290.0,214.5,32.4,0.0,0.0,1128.5,10.2,27.7,1058.2,32.4,563,,NAWADAH,
Bihar,Nawadah,IMD110-P562,1953,33.5,11.9,9.1,5.9,0.3,183.9,346.4,278.7,266.5,20.2,0.0,0.0,1156.6,45.4,15.3,1075.6,20.2,563,,NAWADAH,
Bihar,Nawadah,IMD110-P562,1954,16.5,6.0,0.0,0.0,1.9,138.5,255.8,292.4,154.4,21.1,0.0,0.0,886.5,22.5,1.9,841.0,21.1,563,,NAWADAH,
Bihar,Nawadah,IMD110-P562,1955,23.1,8.5,5.9,13.6,27.3,54.2,361.7,190.3,114.7,88.1,2.2,0.0,889.3,31.5,46.8,720.8,90.2,563,,NAWADAH,
Bihar,Nawadah,IMD110-P562,1956,24.4,0.6,6.0,0.0,44.1,135.9,187.9,219.6,356.5,204.1,14.9,4.4,1198.6,25.0,50.1,900.0,223.4,563,,NAWADAH,
Bihar,Nawadah,IMD110-P562,1957,66.3,7.1,10.3,0.0,0.8,139.8,308.8,213.6,134.9,4.7,0.0,0.0,886.3,73.4,11.1,797.1,4.7,563,,NAWADAH,
Bihar,Nawadah,IMD110-P562,1958,4.7,1.1,0.0,10.2,1.3,73.1,189.2,379.0,305.0,51.1,0.0,0.0,1014.7,5.8,11.4,946.4,51.1,563,,NAWADAH,
Bihar,Nawadah,IMD110-P562,1959,82.7,0.0,3.4,10.0,16.5,91.3,334.8,238.6,217.1,223.7,0.0,0.0,1218.1,82.7,29.9,881.7,223.7,563,,NAWADAH,
Bihar,Nawadah,IMD110-P562,1960,0.0,0.0,24.5,2.9,15.1,54.6,294.5,306.3,282.8,49.7,9.8,0.0,1040.2,0.0,42.5,938.2,59.5,563,,NAWADAH,
Bihar,Nawadah,IMD110-P562,1961,5.6,39.5,0.0,0.0,12.3,226.7,277.9,402.3,180.9,465.0,0.0,14.7,1624.9,45.1,12.3,1087.9,479.7,563,,NAWADAH,
Bihar,Nawadah,IMD110-P562,1962,9.4,3.5,11.6,26.8,12.9,78.2,241.5,241.8,279.2,196.9,0.0,0.0,1101.6,12.9,51.2,840.6,196.9,563,,NAWADAH,
Bihar,Nawadah,IMD110-P562,1963,0.0,0.0,0.0,18.6,39.9,172.4,230.2,271.2,279.1,260.7,9.2,0.0,1281.2,0.0,58.5,952.8,269.8,563,,NAWADAH,
Bihar,Nawadah,IMD110-P562,1964,7.9,13.2,0.0,13.2,39.1,80.4,258.1,144.4,171.7,96.3,11.1,0.0,835.4,21.1,52.3,654.6,107.4,563,,NAWADAH,
Bihar,Nawadah,IMD110-P562,1965,0.0,0.0,7.3,5.2,0.0,72.8,139.0,268.3,308.5,2.6,0.0,0.0,803.7,0.0,12.5,788.6,2.6,563,,NAWADAH,
Bihar,Nawadah,IMD110-P562,1966,19.8,2.7,0.0,0.0,4.9,240.6,55.8,234.8,23.6,10.6,7.4,3.8,603.8,22.4,4.9,554.8,21.7,563,,NAWADAH,
Bihar,Nawadah,IMD110-P562,1967,0.0,0.0,36.5,7.0,16.5,27.4,194.0,294.2,194.0,2.3,0.5,2.1,774.5,0.0,59.9,709.7,4.9,563,,NAWADAH,
Bihar,Nawadah,IMD110-P562,1968,47.3,1.9,8.6,0.0,5.2,288.2,387.8,344.2,23.4,24.9,0.0,7.8,1139.4,49.2,13.8,1043.6,32.7,564,,NAWADAH,
Bihar,Nawadah,IMD110-P562,1969,8.4,1.9,1.1,2.5,75.1,181.2,309.2,435.6,170.2,0.9,26.3,0.0,1212.4,10.3,78.7,1096.2,27.1,564,,NAWADAH,
Bihar,Nawadah,IMD110-P562,1970,54.6,4.9,10.7,0.0,7.2,179.0,122.9,218.3,246.7,36.5,0.0,0.0,880.9,59.5,17.9,767.0,36.5,564,,NAWADAH,
Bihar,Nawadah,IMD110-P562,1974,0.0,0.0,6.0,0.0,7.6,78.3,418.1,,0.0,78.2,0.0,1.7,,0.0,13.6,,79.9,564,missing_months,NAWADAH,
Bihar,Nawadah,IMD110-P562,1975,4.1,1.7,14.3,0.0,11.5,70.7,278.1,140.5,162.6,56.3,0.0,0.0,739.7,5.8,25.7,651.9,56.3,564,,NAWADAH,
Bihar,Nawadah,IMD110-P562,1976,0.0,4.2,0.0,2.2,37.8,84.1,172.5,232.8,290.7,20.5,0.0,0.0,844.8,4.2,40.0,780.2,20.5,564,,NAWADAH,
Bihar,Nawadah,IMD110-P562,1977,7.3,0.0,0.0,11.2,39.2,128.9,404.0,179.7,174.1,48.3,0.2,10.0,1002.9,7.3,50.4,886.8,58.4,564,,NAWADAH,
Bihar,Nawadah,IMD110-P562,1978,5.0,45.7,16.6,5.5,246.9,197.1,285.3,284.6,224.7,111.3,0.3,4.0,1427.0,50.7,269.0,991.7,115.6,564,,NAWADAH,
Bihar,Nawadah,IMD110-P562,1979,38.3,26.9,1.8,6.1,1.8,57.5,342.6,240.6,81.1,44.0,9.6,0.4,850.7,65.2,9.7,721.8,54.0,564,,NAWADAH,
Bihar,Nawadah,IMD110-P562,1980,10.3,3.6,1.5,0.6,47.1,253.7,239.3,426.8,116.1,49.6,0.0,0.8,1149.5,13.9,49.3,1035.9,50.5,564,,NAWADAH,
Bihar,Nawadah,IMD110-P562,1981,43.8,8.0,5.7,9.9,27.3,27.9,866.8,173.0,112.4,0.0,0.0,0.2,1274.9,51.8,42.8,1180.0,0.2,564,,NAWADAH,
Bihar,Nawadah,IMD110-P562,1982,0.3,10.6,73.8,5.3,26.6,148.4,174.3,163.6,98.1,83.0,57.9,0.0,842.0,10.9,105.8,584.5,140.9,564,,NAWADAH,
Bihar,Nawadah,IMD110-P562,1983,3.4,0.0,0.0,74.8,42.0,69.8,263.2,147.9,187.5,73.6,0.0,0.0,862.1,3.4,116.8,668.3,73.6,564,,NAWADAH,
Bihar,Nawadah,IMD110-P562,1984,57.0,45.1,0.0,0.0,0.0,392.5,335.1,312.6,111.7,21.8,0.0,0.0,1275.8,102.1,0.0,1151.9,21.8,564,,NAWADAH,
Bihar,Nawadah,IMD110-P562,1985,10.2,0.0,0.0,0.0,34.4,21.1,381.9,155.2,134.4,200.0,0.0,0.0,937.2,10.2,34.4,692.6,200.0,564,,NAWADAH,
Bihar,Nawadah,IMD110-P562,1986,0.2,19.3,0.0,5.0,71.5,274.4,456.3,296.2,121.3,146.2,0.5,38.1,1429.0,19.5,76.5,1148.2,184.8,564,,NAWADAH,
Bihar,Nawadah,IMD110-P562,1987,0.0,2.5,0.0,3.5,32.6,116.5,425.5,365.6,415.3,35.0,3.0,0.0,1399.5,2.5,36.1,1322.9,38.0,564,,NAWADAH,
Bihar,Nawadah,IMD110-P562,1988,1.0,1.0,11.4,3.5,2.4,129.7,114.7,566.0,83.5,31.4,0.0,4.5,949.1,2.0,17.3,893.9,35.9,564,,NAWADAH,
Bihar,Nawadah,IMD110-P562,1989,17.2,0.1,4.0,0.0,87.7,170.6,359.7,146.6,286.7,23.7,0.3,27.0,1123.5,17.3,91.7,963.6,51.0,564,,NAWADAH,
Bihar,Nawadah,IMD110-P562,1990,0.0,30.5,5.3,0.0,36.3,111.2,506.8,135.8,226.6,111.7,0.0,0.0,1164.0,30.5,41.6,980.2,111.7,564,,NAWADAH,
Bihar,Nawadah,IMD110-P562,1991,12.5,7.1,11.9,0.7,9.1,98.9,116.1,293.6,263.5,9.8,0.0,41.8,864.9,19.6,21.7,772.0,51.6,564,,NAWADAH,
Bihar,Nawadah,IMD110-P562,1992,2.3,6.3,0.0,0.0,34.4,46.2,313.0,218.0,72.5,12.6,0.3,0.0,705.7,8.7,34.4,649.6,13.0,564,,NAWADAH,
Bihar,Nawadah,IMD110-P562,1993,0.6,6.6,48.3,2.0,63.4,51.0,89.0,207.6,426.1,31.8,29.2,0.0,955.6,7.2,113.7,773.7,61.0,564,,NAWADAH,
Bihar,Nawadah,IMD110-P562,1994,37.0,28.6,0.0,8.5,27.9,153.5,281.0,203.2,128.3,59.9,0.0,0.0,927.9,65.7,36.4,766.0,59.9,564,,NAWADAH,
Bihar,Nawadah,IMD110-P562,1995,0.0,4.3,0.0,0.4,0.0,77.1,177.3,307.2,281.6,7.0,49.8,32.1,936.8,4.3,0.4,843.2,88.9,564,,NAWADAH,
Bihar,Nawadah,IMD110-P562,1996,4.9,25.3,0.0,0.0,1.8,191.2,90.8,436.2,169.8,9.3,0.0,0.0,929.3,30.2,1.8,888.1,9.3,564,,NAWADAH,
Bihar,Nawadah,IMD110-P562,1997,0.0,0.0,0.0,0.0,1.8,204.4,483.2,346.1,106.6,52.0,23.5,19.2,1237.0,0.0,1.8,1140.3,94.8,564,,NAWADAH,
Bihar,Nawadah,IMD110-P562,1998,12.9,1.5,16.7,6.5,25.5,49.5,345.1,266.6,181.8,106.2,9.4,0.0,1021.6,14.4,48.7,843.0,115.6,564,,NAWADAH,
Bihar,Nawadah,IMD110-P562,1999,0.0,0.0,0.0,0.0,67.3,194.9,322.4,202.3,142.6,258.9,10.6,0.0,1198.8,0.0,67.3,862.1,269.5,564,,NAWADAH,
Bihar,Nawadah,IMD110-P562,2000,0.0,0.0,16.8,42.5,49.8,143.2,308.8,161.7,230.0,0.0,0.0,0.0,952.9,0.0,109.2,843.7,0.0,564,,NAWADAH,
Bihar,Nawadah,IMD110-P562,2001,0.0,0.0,0.0,0.0,3.0,274.4,178.9,134.7,136.2,127.1,0.0,0.0,854.3,0.0,3.0,724.1,127.1,564,,NAWADAH,
Bihar,Nawadah,IMD110-P562,2002,10.4,24.1,10.3,18.1,50.1,58.1,346.9,275.3,178.5,80.7,11.1,0.0,1063.6,34.5,78.4,858.8,91.8,564,,NAWADAH,
Bihar,Nawadah,IMD110-P562,2003,11.0,59.3,2.4,1.7,10.6,92.9,336.5,307.0,106.4,120.3,0.0,5.4,1053.2,70.3,14.6,842.7,125.7,564,,NAWADAH,
Bihar,Nawadah,IMD110-P562,2004,11.5,0.0,0.0,28.3,55.5,170.2,110.6,125.5,105.4,48.3,0.0,0.0,655.3,11.5,83.8,511.7,48.3,564,,NAWADAH,
Bihar,Nawadah,IMD110-P562,2005,4.3,11.1,25.8,1.1,4.8,56.8,251.4,159.1,152.6,0.0,0.0,0.0,667.1,15.4,31.7,620.0,0.0,565,,NAWADAH,
Bihar,Nawadah,IMD110-P562,2006,0.0,0.0,12.8,8.1,25.2,309.3,310.8,216.0,313.4,16.8,0.9,0.0,1213.2,0.0,46.1,1149.4,17.7,565,,NAWADAH,
Bihar,Nawadah,IMD110-P562,2007,,,30.6,0.0,,,520.2,198.7,193.8,67.1,0.0,0.0,,,,,67.1,565,missing_months,NAWADAH,
Bihar,Nawadah,IMD110-P562,2008,59.5,1.7,0.0,0.0,30.6,248.5,515.9,258.1,81.3,0.0,0.0,0.0,1195.7,61.2,30.6,1103.8,0.0,565,,NAWADAH,
Bihar,Nawadah,IMD110-P562,2009,,,,,,,123.2,163.5,201.6,67.2,89.2,0.0,,,,,156.4,565,missing_months,NAWADAH,
Bihar,Nawadah,IMD110-P562,2010,0.0,0.0,0.0,0.0,17.4,47.2,138.5,100.9,78.3,89.4,4.2,0.0,475.9,0.0,17.4,365.0,93.6,565,,NAWADAH,
Bihar,Patna,IMD110-P566,1901,47.7,22.5,13.5,0.2,69.0,28.3,297.9,241.9,151.6,5.0,8.9,0.0,886.5,70.3,82.7,719.7,13.9,566,,PATNA,
Bihar,Patna,IMD110-P566,1902,0.0,1.4,6.2,9.2,29.0,64.6,272.8,245.4,358.8,19.7,0.0,0.0,1006.9,1.4,44.3,941.5,19.7,566,,PATNA,
Bihar,Patna,IMD110-P566,1903,5.2,7.0,3.4,2.6,1.7,84.3,67.0,271.5,119.2,93.8,0.0,0.0,655.6,12.1,7.7,542.0,93.8,566,,PATNA,
Bihar,Patna,IMD110-P566,1904,12.3,4.9,0.4,0.0,79.4,174.8,389.7,433.8,58.4,88.7,0.3,0.3,1243.1,17.2,79.8,1056.7,89.4,566,,PATNA,
Bihar,Patna,IMD110-P566,1905,7.2,14.7,49.1,10.4,31.5,30.4,343.6,459.8,367.9,6.4,0.0,2.2,1323.1,21.9,90.9,1201.7,8.6,566,,PATNA,
Bihar,Patna,IMD110-P566,1906,19.5,67.9,7.4,1.0,11.2,128.9,485.0,279.8,98.5,12.1,0.0,0.0,1111.3,87.4,19.6,992.2,12.1,566,,PATNA,
Bihar,Patna,IMD110-P566,1907,0.0,72.5,29.4,8.9,7.9,298.2,117.8,153.0,230.0,0.0,0.0,0.0,917.7,72.5,46.3,798.9,0.0,566,,PATNA,
Bihar,Patna,IMD110-P566,1908,20.9,48.1,5.8,0.0,12.5,96.1,164.5,171.8,125.7,3.4,0.0,0.0,648.9,69.0,18.3,558.1,3.4,566,,PATNA,
Bihar,Patna,IMD110-P566,1909,2.0,7.2,0.0,55.0,6.2,315.0,261.9,310.6,202.5,38.6,0.0,27.6,1226.6,9.1,61.3,1090.1,66.2,566,,PATNA,
Bihar,Patna,IMD110-P566,1910,0.0,0.8,5.3,4.2,9.3,211.4,292.4,391.5,282.8,126.3,17.6,0.0,1341.3,0.8,18.7,1178.0,143.9,566,,PATNA,
Bihar,Patna,IMD110-P566,1911,2.7,0.0,19.4,4.9,42.5,293.6,152.0,508.0,329.0,88.5,24.5,0.0,1465.1,2.7,66.8,1282.5,113.0,566,,PATNA,
Bihar,Patna,IMD110-P566,1912,7.1,5.6,22.3,5.8,16.9,82.0,403.7,263.0,56.2,12.9,43.8,0.0,919.4,12.7,45.0,804.9,56.8,566,,PATNA,
Bihar,Patna,IMD110-P566,1913,0.0,36.7,22.1,0.2,89.3,428.8,139.9,457.7,309.1,59.6,0.0,28.0,1571.4,36.7,111.6,1335.5,87.6,566,,PATNA,
Bihar,Patna,IMD110-P566,1914,0.0,13.0,3.7,14.3,36.8,53.9,227.7,489.3,112.8,5.1,0.0,0.3,956.9,13.0,54.9,883.5,5.4,566,,PATNA,
Bihar,Patna,IMD110-P566,1915,5.4,69.3,8.8,0.3,30.2,123.4,283.8,309.9,159.3,62.6,74.8,0.1,1128.0,74.8,39.4,876.4,137.5,566,,PATNA,
Bihar,Patna,IMD110-P566,1916,0.0,13.4,0.0,2.5,3.6,269.9,221.7,311.9,244.9,166.2,0.0,0.0,1234.1,13.4,6.1,1048.4,166.2,566,,PATNA,
Bihar,Patna,IMD110-P566,1917,4.7,17.8,1.2,1.3,90.9,180.2,306.4,242.0,209.6,43.5,0.0,0.3,1097.9,22.5,93.4,938.2,43.8,566,,PATNA,
Bihar,Patna,IMD110-P566,1918,0.0,0.0,5.8,6.1,58.0,255.3,114.4,618.9,448.6,0.0,0.0,0.0,1507.1,0.0,69.9,1437.2,0.0,566,,PATNA,
Bihar,Patna,IMD110-P566,1919,42.5,3.0,1.1,16.5,16.5,114.7,488.2,202.9,213.8,50.3,0.0,0.1,1149.6,45.4,34.2,1019.6,50.4,566,,PATNA,
Bihar,Patna,IMD110-P566,1920,0.0,32.4,22.2,0.1,4.8,57.4,254.3,89.8,251.7,2.5,0.0,0.0,715.2,32.4,27.1,653.2,2.5,566,,PATNA,
Bihar,Patna,IMD110-P566,1921,13.4,0.1,1.1,0.0,2.0,111.4,191.1,522.4,261.5,26.3,0.0,0.0,1129.5,13.5,3.2,1086.6,26.3,566,,PATNA,
Bihar,Patna,IMD110-P566,1922,17.2,5.8,0.0,2.4,2.7,211.8,329.4,302.1,193.6,1.7,0.1,3.7,1070.4,23.0,5.0,1036.9,5.5,566,,PATNA,
Bihar,Patna,IMD110-P566,1923,0.5,28.6,0.2,1.1,9.1,138.9,226.0,232.3,67.6,33.0,0.0,0.2,737.5,29.1,10.4,664.8,33.2,566,,PATNA,
Bihar,Patna,IMD110-P566,1924,1.8,15.7,1.4,1.0,1.6,36.4,404.6,231.1,264.3,29.4,55.0,0.0,1042.2,17.5,4.0,936.3,84.4,566,,PATNA,
Bihar,Patna,IMD110-P566,1925,17.2,1.0,0.0,15.7,8.3,89.5,217.3,185.4,175.8,16.3,14.6,0.0,741.0,18.2,24.0,668.0,30.9,566,,PATNA,
Bihar,Patna,IMD110-P566,1926,15.5,0.0,5.2,10.0,25.5,28.0,304.9,254.3,103.9,5.3,0.0,5.4,757.9,15.5,40.6,691.1,10.7,566,,PATNA,
Bihar,Patna,IMD110-P566,1927,16.4,21.2,29.7,0.0,17.2,55.9,229.2,156.5,86.0,8.7,41.7,0.0,662.5,37.6,46.8,527.6,50.4,566,,PATNA,
Bihar,Patna,IMD110-P566,1928,47.8,15.8,0.0,18.9,34.0,132.4,219.8,131.9,39.1,83.1,0.0,6.2,729.0,63.6,52.9,523.2,89.3,566,,PATNA,
Bihar,Patna,IMD110-P566,1929,57.5,0.0,6.8,3.1,3.0,118.5,299.9,273.8,126.6,160.6,0.0,77.6,1127.5,57.5,12.9,818.8,238.2,566,,PATNA,
Bihar,Patna,IMD110-P566,1930,9.2,6.2,1.6,4.2,14.3,72.9,258.9,206.5,219.5,19.5,14.6,10.4,837.7,15.4,20.0,757.8,44.5,566,,PATNA,
Bihar,Patna,IMD110-P566,1931,0.5,40.4,5.2,0.0,10.1,22.7,287.8,220.2,210.6,48.1,16.0,0.4,862.0,40.9,15.2,741.3,64.5,566,,PATNA,
Bihar,Patna,IMD110-P566,1932,0.0,7.0,0.3,3.8,2.9,70.9,171.3,161.6,201.5,35.1,44.4,3.9,702.8,7.0,7.0,605.3,83.4,566,,PATNA,
Bihar,Patna,IMD110-P566,1933,11.9,11.0,0.3,37.2,62.7,128.2,251.4,453.4,167.7,19.6,0.0,0.0,1143.4,22.9,100.2,1000.7,19.6,566,,PATNA,
Bihar,Patna,IMD110-P566,1934,29.6,4.3,3.8,5.2,4.4,111.7,348.4,209.0,211.6,38.2,6.8,1.0,974.0,33.8,13.4,880.7,46.0,567,,PATNA,
Bihar,Patna,IMD110-P566,1935,33.2,17.9,0.0,1.3,0.4,61.0,181.6,361.0,155.2,0.0,0.0,0.0,811.6,51.1,1.6,758.8,0.0,567,,PATNA,
Bihar,Patna,IMD110-P566,1936,8.5,2.8,7.4,0.0,34.0,132.9,406.5,281.0,381.6,65.8,0.0,12.2,1332.7,11.3,41.4,1202.0,78.0,567,,PATNA,
Bihar,Patna,IMD110-P566,1937,0.0,81.9,0.1,1.3,51.4,72.6,158.1,449.8,150.7,219.1,0.1,0.0,1185.2,81.9,52.8,831.3,219.1,567,,PATNA,
Bihar,Patna,IMD110-P566,1938,13.0,7.9,0.0,0.3,41.8,196.3,233.6,289.7,218.0,22.6,0.1,0.1,1023.3,20.9,42.1,937.6,22.7,567,,PATNA,
Bihar,Patna,IMD110-P566,1939,0.9,67.4,11.4,1.3,0.1,180.9,250.4,294.8,254.5,20.9,0.0,0.0,1082.6,68.3,12.7,980.6,20.9,567,,PATNA,
Bihar,Patna,IMD110-P566,1940,0.1,33.3,49.3,5.8,35.4,58.4,236.7,262.1,129.2,0.0,0.0,17.2,827.5,33.4,90.6,686.3,17.2,567,,PATNA,
Bihar,Patna,IMD110-P566,1941,9.5,0.3,0.0,0.5,8.7,128.8,147.2,454.2,187.2,17.8,0.7,0.0,954.9,9.8,9.2,917.4,18.5,567,,PATNA,
Bihar,Patna,IMD110-P566,1942,36.3,56.8,10.7,10.6,3.1,126.3,219.7,412.4,476.4,0.6,0.0,0.0,1352.9,93.2,24.4,1234.7,0.6,567,,PATNA,
Bihar,Patna,IMD110-P566,1943,21.4,19.2,0.0,12.2,4.0,70.2,332.8,355.6,189.8,34.3,0.0,0.0,1039.7,40.6,16.2,948.5,34.3,567,,PATNA,
Bihar,Patna,IMD110-P566,1944,54.3,29.7,34.1,12.4,25.0,179.3,208.3,368.5,137.7,38.4,0.0,0.5,1088.3,83.9,71.5,893.9,39.0,567,,PATNA,
Bihar,Patna,IMD110-P566,1945,59.6,29.2,0.0,29.9,4.3,72.0,192.8,216.3,195.4,163.4,0.0,3.2,966.2,88.9,34.3,676.4,166.7,567,,PATNA,
Bihar,Patna,IMD110-P566,1946,0.0,15.0,1.1,22.8,57.8,58.5,177.7,138.6,116.7,118.3,4.8,0.0,711.3,15.0,81.7,491.4,123.1,567,,PATNA,
Bihar,Patna,IMD110-P566,1947,1.5,3.2,0.8,0.0,21.2,48.1,226.6,227.0,123.2,42.5,0.0,0.0,694.1,4.8,22.0,624.9,42.5,567,,PATNA,
Bihar,Patna,IMD110-P566,1948,8.3,8.1,1.4,0.0,4.7,40.3,188.7,177.2,231.8,79.4,10.0,0.0,750.0,16.5,6.1,638.0,89.5,567,,PATNA,
Bihar,Patna,IMD110-P566,1949,16.5,50.2,1.2,10.1,30.8,102.3,238.4,212.3,154.9,43.0,0.0,0.0,859.7,66.6,42.1,707.9,43.0,567,,PATNA,
Bihar,Patna,IMD110-P566,1950,7.1,5.7,4.2,1.0,13.9,226.9,159.9,142.9,86.5,0.0,0.0,0.6,648.7,12.8,19.1,616.1,0.6,567,,PATNA,
Bihar,Patna,IMD110-P566,1951,9.9,0.4,1.4,1.2,13.9,111.3,279.4,125.9,92.0,15.8,2.0,0.0,653.2,10.2,16.5,608.7,17.8,567,,PATNA,
Bihar,Patna,IMD110-P566,1952,0.1,8.3,2.4,2.4,8.2,181.0,134.3,248.7,278.9,3.6,0.0,0.0,867.7,8.3,13.0,842.9,3.6,567,,PATNA,
Bihar,Patna,IMD110-P566,1953,6.2,8.0,0.0,17.7,9.8,253.8,316.9,279.7,440.2,10.5,0.0,1.0,1343.8,14.3,27.5,1290.5,11.5,567,,PATNA,
Bihar,Patna,IMD110-P566,1954,17.2,14.3,0.7,0.7,18.2,82.7,265.0,231.6,110.2,4.8,0.0,0.0,745.5,31.5,19.6,689.5,4.8,567,,PATNA,
Bihar,Patna,IMD110-P566,1955,16.0,7.5,1.3,7.2,8.1,91.7,371.2,203.8,199.9,57.1,0.0,0.0,963.8,23.5,16.5,866.6,57.1,567,,PATNA,
Bihar,Patna,IMD110-P566,1956,15.6,3.4,8.9,0.0,25.7,194.8,155.9,228.7,311.9,123.0,50.3,8.2,1126.5,19.0,34.6,891.3,181.6,567,,PATNA,
Bihar,Patna,IMD110-P566,1957,78.1,3.0,7.2,0.2,0.0,53.2,311.7,156.3,111.6,1.5,0.0,5.6,728.2,81.0,7.4,632.7,7.1,567,,PATNA,
Bihar,Patna,IMD110-P566,1958,14.2,0.7,2.6,3.9,0.1,46.4,149.5,297.2,162.5,74.0,0.0,0.0,751.0,14.9,6.6,655.6,74.0,567,,PATNA,
Bihar,Patna,IMD110-P566,1959,56.3,0.9,16.8,11.8,42.7,62.4,241.8,297.3,109.6,154.7,0.0,0.0,994.1,57.2,71.3,711.0,154.7,567,,PATNA,
Bihar,Patna,IMD110-P566,1960,0.7,0.0,29.5,0.5,16.5,78.3,251.8,164.5,256.3,48.1,0.8,0.0,847.0,0.7,46.6,750.9,48.9,567,,PATNA,
Bihar,Patna,IMD110-P566,1961,14.7,25.0,0.0,0.1,20.0,130.1,267.8,302.4,175.9,192.2,0.0,26.8,1154.9,39.7,20.0,876.1,219.0,567,,PATNA,
Bihar,Patna,IMD110-P566,1962,16.6,10.6,12.1,37.9,17.7,119.6,283.1,339.1,157.7,68.9,0.0,5.6,1068.9,27.2,67.7,899.5,74.5,567,,PATNA,
Bihar,Patna,IMD110-P566,1963,6.5,3.5,4.9,2.8,54.4,132.1,337.3,259.3,261.1,124.4,16.1,0.0,1202.5,10.0,62.1,989.8,140.5,567,,PATNA,
Bihar,Patna,IMD110-P566,1964,6.9,4.5,0.0,6.2,58.5,165.1,432.5,112.8,164.1,147.3,0.6,0.0,1098.4,11.4,64.7,874.5,147.8,567,,PATNA,
Bihar,Patna,IMD110-P566,1965,0.0,0.1,5.7,1.1,0.5,40.4,200.6,349.2,161.9,8.7,0.0,0.0,768.3,0.1,7.3,752.1,8.7,567,,PATNA,
Bihar,Patna,IMD110-P566,1966,25.9,5.6,0.0,0.0,21.7,112.2,68.2,195.9,37.7,9.6,36.5,0.2,513.6,31.5,21.7,414.1,46.3,567,,PATNA,
Bihar,Patna,IMD110-P566,1967,0.0,0.0,48.4,26.7,26.0,10.4,231.7,233.7,348.0,2.5,0.7,0.7,928.9,0.0,101.1,823.9,3.8,567,,PATNA,
Bihar,Patna,IMD110-P566,1968,29.5,0.1,7.1,0.8,19.8,211.8,258.4,209.3,77.5,88.9,0.0,9.3,912.4,29.6,27.7,757.0,98.2,568,,PATNA,
Bihar,Patna,IMD110-P566,1969,7.0,6.3,12.1,23.5,56.7,150.9,316.4,368.5,193.7,6.6,14.2,0.0,1155.9,13.2,92.3,1029.5,20.9,568,,PATNA,
Bihar,Patna,IMD110-P566,1970,21.1,10.1,8.6,7.6,66.4,120.7,247.3,219.4,186.9,30.7,0.0,0.0,918.8,31.2,82.5,774.4,30.7,568,,PATNA,
Bihar,Patna,IMD110-P566,1971,,16.0,0.2,38.9,132.3,239.9,364.9,474.7,109.8,209.1,0.0,0.0,,,171.4,1189.3,209.1,568,missing_months,PATNA,
Bihar,Patna,IMD110-P566,1972,22.4,36.4,0.1,6.3,0.0,2.5,184.5,164.4,290.5,48.8,25.4,0.0,781.3,58.8,6.4,641.9,74.2,568,,PATNA,
Bihar,Patna,IMD110-P566,1973,24.3,10.6,1.0,0.0,54.5,122.8,158.4,370.0,375.0,214.8,10.4,0.0,1341.8,34.9,55.5,1026.2,225.2,568,,PATNA,
Bihar,Patna,IMD110-P566,1974,0.0,1.6,7.2,0.1,5.6,71.9,419.2,284.7,172.3,22.0,0.7,2.9,988.1,1.6,12.9,948.0,25.6,568,,PATNA,
Bihar,Patna,IMD110-P566,1975,8.0,4.7,6.7,0.0,0.1,57.3,344.0,103.4,316.2,28.5,0.0,0.0,869.0,12.8,6.8,820.9,28.5,568,,PATNA,
Bihar,Patna,IMD110-P566,1976,0.6,13.4,0.0,5.2,48.6,97.9,211.1,302.0,525.5,26.8,0.0,0.0,1231.0,14.0,53.7,1136.6,26.8,568,,PATNA,
Bihar,Patna,IMD110-P566,1977,4.5,6.9,2.5,13.5,44.8,56.1,420.3,207.8,132.9,189.9,2.2,8.7,1090.0,11.4,60.7,817.2,200.7,568,,PATNA,
Bihar,Patna,IMD110-P566,1978,11.4,31.4,26.1,11.2,21.1,184.5,300.4,319.4,155.5,145.5,8.0,2.4,1217.0,42.8,58.4,959.8,155.9,568,,PATNA,
Bihar,Patna,IMD110-P566,1979,28.4,27.6,6.0,18.2,3.6,60.9,430.4,108.5,49.7,71.9,17.7,5.0,827.9,56.0,27.8,649.4,94.7,568,,PATNA,
Bihar,Patna,IMD110-P566,1980,11.2,0.7,4.3,0.0,64.8,123.6,335.7,385.9,187.0,21.6,0.0,0.8,1135.7,11.9,69.1,1032.2,22.4,568,,PATNA,
Bihar,Patna,IMD110-P566,1981,27.6,0.6,3.3,20.3,49.7,61.6,734.9,202.7,184.0,0.7,13.1,3.2,1301.6,28.2,73.3,1183.2,17.0,568,,PATNA,
Bihar,Patna,IMD110-P566,1982,2.1,2.9,40.8,17.4,28.4,152.1,165.4,160.9,139.7,23.6,29.1,1.1,763.6,5.0,86.5,618.1,53.8,568,,PATNA,
Bihar,Patna,IMD110-P566,1983,9.3,2.2,13.2,37.0,51.4,91.5,292.2,170.1,156.6,77.4,0.0,6.7,907.7,11.5,101.6,710.4,84.2,568,,PATNA,
Bihar,Patna,IMD110-P566,1984,20.7,51.4,0.0,6.1,13.8,224.0,371.4,209.9,204.7,17.1,0.0,1.1,1120.3,72.1,19.9,1010.1,18.2,568,,PATNA,
Bihar,Patna,IMD110-P566,1985,6.7,0.0,0.0,1.2,21.9,141.8,487.2,242.7,250.3,193.3,1.0,4.7,1350.9,6.7,23.1,1122.0,199.1,568,,PATNA,
Bihar,Patna,IMD110-P566,1986,1.1,10.9,0.1,18.5,51.4,210.2,316.2,236.1,146.0,82.7,0.0,9.7,1082.9,12.1,70.0,908.4,92.4,568,,PATNA,
Bihar,Patna,IMD110-P566,1987,0.5,0.2,1.5,22.3,21.0,85.6,519.7,400.8,478.4,6.5,1.7,1.8,1540.1,0.7,44.9,1484.5,10.0,568,,PATNA,
Bihar,Patna,IMD110-P566,1988,1.5,1.5,32.0,11.7,16.5,179.3,235.6,484.6,157.0,60.6,0.0,14.2,1194.5,3.0,60.1,1056.6,74.8,568,,PATNA,
Bihar,Patna,IMD110-P566,1989,2.9,0.1,3.3,0.0,29.6,76.6,369.8,166.2,215.5,25.9,0.8,10.0,900.7,3.0,32.8,828.2,36.7,568,,PATNA,
Bihar,Patna,IMD110-P566,1990,0.0,35.5,3.3,1.4,53.9,173.6,526.8,158.8,128.8,11.2,0.0,0.0,1093.2,35.5,58.5,988.0,11.2,568,,PATNA,
Bihar,Patna,IMD110-P566,1991,13.2,3.6,2.0,7.2,19.1,79.8,107.0,262.3,230.5,1.7,0.0,14.7,741.1,16.8,28.3,679.6,16.4,568,,PATNA,
Bihar,Patna,IMD110-P566,1992,2.2,5.6,0.1,0.4,37.6,72.0,221.8,214.2,44.0,13.3,1.6,0.0,612.8,7.9,38.0,551.9,14.9,568,,PATNA,
Bihar,Patna,IMD110-P566,1993,9.7,2.7,17.7,16.6,13.2,124.7,107.1,290.7,351.0,10.5,6.5,0.0,950.3,12.4,47.5,873.5,16.9,568,,PATNA,
Bihar,Patna,IMD110-P566,1994,8.9,12.8,0.0,7.4,47.4,78.5,204.7,247.1,167.2,10.8,10.7,0.0,795.5,21.7,54.8,697.5,21.5,568,,PATNA,
Bihar,Patna,IMD110-P566,1995,6.8,10.9,0.2,0.0,0.1,108.4,259.4,275.9,220.2,11.2,26.7,17.6,937.5,17.7,0.4,863.9,55.5,568,,PATNA,
Bihar,Patna,IMD110-P566,1996,27.6,18.0,0.0,0.3,0.0,183.9,208.1,296.3,176.1,47.2,0.0,0.0,957.6,45.6,0.4,864.4,47.2,568,,PATNA,
Bihar,Patna,IMD110-P566,1997,3.9,0.1,0.3,29.2,40.5,226.9,528.4,268.0,189.9,48.2,5.4,9.2,1350.1,4.0,70.0,1213.2,62.9,568,,PATNA,
Bihar,Patna,IMD110-P566,1998,9.3,20.5,12.2,5.0,27.6,88.8,304.3,219.9,181.1,66.9,15.7,0.0,951.4,29.8,44.8,794.2,82.6,568,,PATNA,
Bihar,Patna,IMD110-P566,1999,0.1,0.0,0.0,0.0,49.2,149.7,272.5,235.7,106.1,108.2,0.5,0.0,922.1,0.1,49.2,764.0,108.7,568,,PATNA,
Bihar,Patna,IMD110-P566,2000,0.2,1.8,1.2,29.9,43.2,311.9,188.3,197.1,191.4,1.8,0.0,0.0,966.9,2.0,74.3,888.7,1.8,568,,PATNA,
Bihar,Patna,IMD110-P566,2001,1.5,0.1,0.7,6.6,52.0,209.9,166.4,220.2,243.9,106.2,0.0,0.0,1007.4,1.5,59.3,840.4,106.2,568,,PATNA,
Bihar,Patna,IMD110-P566,2002,8.3,26.7,1.9,13.1,73.6,103.4,300.5,226.7,170.2,61.4,0.5,1.4,987.7,35.0,88.6,800.7,63.3,569,,PATNA,
Bihar,Patna,IMD110-P566,2003,6.5,46.6,0.9,11.0,0.6,237.8,213.1,189.7,145.9,60.4,0.0,0.3,912.7,53.1,12.4,786.5,60.7,569,,PATNA,
Bihar,Patna,IMD110-P566,2004,20.7,2.8,0.0,10.0,19.0,153.2,211.1,218.5,43.0,10.0,0.0,0.1,688.4,23.6,29.0,625.7,10.0,569,,PATNA,
Bihar,Patna,IMD110-P566,2005,16.5,23.6,1.3,0.6,6.0,18.8,386.1,181.4,72.9,36.5,0.0,0.0,743.8,40.1,7.9,659.2,36.5,569,,PATNA,
Bihar,Patna,IMD110-P566,2006,0.0,0.0,0.4,8.8,41.3,270.8,352.8,166.9,203.3,2.8,6.7,0.0,1053.9,0.0,50.5,993.8,9.6,569,,PATNA,
Bihar,Patna,IMD110-P566,2007,0.0,19.4,52.5,7.1,77.6,109.7,677.8,354.5,311.2,21.2,0.2,0.0,1631.2,19.4,137.3,1453.2,21.4,569,,PATNA,
Bihar,Patna,IMD110-P566,2008,60.1,6.4,0.0,15.3,41.5,333.6,500.9,250.6,135.3,6.9,0.0,0.0,1350.7,66.5,56.8,1220.4,6.9,569,,PATNA,
Bihar,Patna,IMD110-P566,2009,0.0,0.2,0.1,0.0,81.8,67.6,153.7,241.3,155.6,55.9,1.7,1.3,759.2,0.2,81.9,618.2,58.9,569,,PATNA,
Bihar,Patna,IMD110-P566,2010,0.1,0.8,0.0,0.0,39.7,33.5,141.9,158.9,68.7,26.2,0.0,0.0,469.8,0.8,39.7,403.0,26.2,569,,PATNA,
Bihar,Purnea,IMD110-P570,1901,32.7,22.3,16.3,0.0,56.3,106.8,297.1,370.9,145.2,1.1,17.1,,,55.0,72.6,920.0,,570,missing_months,PURNEA,
Bihar,Purnea,IMD110-P570,1902,0.0,0.0,63.2,37.0,112.3,227.5,236.0,274.5,348.5,55.7,0.0,0.0,1354.7,0.0,212.5,1086.5,55.7,570,,PURNEA,
Bihar,Purnea,IMD110-P570,1903,16.2,1.0,0.8,0.0,72.0,289.3,262.2,310.3,144.7,93.0,0.0,0.0,1189.5,17.2,72.8,1006.5,93.0,570,,PURNEA,
Bihar,Purnea,IMD110-P570,1904,2.5,0.0,0.0,10.8,141.6,432.6,397.3,247.2,128.5,86.4,9.4,0.8,1457.1,2.5,152.4,1205.6,96.6,570,,PURNEA,
Bihar,Purnea,IMD110-P570,1905,5.3,33.3,38.2,72.3,142.7,74.0,340.1,754.6,225.4,2.5,0.0,0.0,1688.4,38.6,253.2,1394.1,2.5,570,,PURNEA,
Bihar,Purnea,IMD110-P570,1906,7.6,59.7,6.7,0.0,117.4,274.4,375.4,596.2,90.0,28.7,0.0,0.0,1556.1,67.3,124.1,1336.0,28.7,570,,PURNEA,
Bihar,Purnea,IMD110-P570,1907,0.0,11.2,49.1,71.2,95.5,270.3,548.8,151.2,157.7,12.2,0.0,16.0,1383.2,11.2,215.8,1128.0,28.2,570,,PURNEA,
Bihar,Purnea,IMD110-P570,1908,20.6,28.4,1.0,17.0,83.2,131.1,201.1,63.9,137.7,7.9,0.0,0.0,691.9,49.0,101.2,533.8,7.9,570,,PURNEA,
Bihar,Purnea,IMD110-P570,1909,0.3,3.0,0.0,76.7,77.8,751.7,201.2,256.7,213.9,161.0,0.0,0.8,1743.1,3.3,154.5,1423.5,161.8,570,,PURNEA,
Bihar,Purnea,IMD110-P570,1910,1.8,3.8,14.8,0.0,91.2,496.1,354.6,180.3,248.7,42.1,5.4,0.0,1438.8,5.6,106.0,1279.7,47.5,570,,PURNEA,
Bihar,Purnea,IMD110-P570,1911,12.7,0.0,26.7,27.2,19.3,356.9,386.2,272.6,481.4,85.2,6.6,0.0,1674.8,12.7,73.2,1497.1,91.8,570,,PURNEA,
Bihar,Purnea,IMD110-P570,1912,1.8,0.6,59.2,59.7,118.7,253.9,371.8,593.0,157.5,44.5,112.1,0.0,1772.8,2.4,237.6,1376.2,156.6,570,,PURNEA,
Bihar,Purnea,IMD110-P570,1913,0.0,34.1,4.0,0.0,136.7,494.5,205.6,266.8,317.1,96.6,0.0,54.6,1610.0,34.1,140.7,1284.0,151.2,570,,PURNEA,
Bihar,Purnea,IMD110-P570,1914,0.0,28.5,2.8,102.8,111.9,112.5,274.0,381.3,21.7,4.3,0.0,0.0,1039.8,28.5,217.5,789.5,4.3,570,,PURNEA,
Bihar,Purnea,IMD110-P570,1915,3.3,40.6,17.6,1.3,177.5,214.7,376.3,529.7,183.1,57.2,23.6,0.0,1624.9,43.9,196.4,1303.8,80.8,570,,PURNEA,
Bihar,Purnea,IMD110-P570,1916,0.0,12.5,0.0,57.9,51.8,313.6,816.4,511.8,392.7,80.1,0.0,0.0,2236.8,12.5,109.7,2034.5,80.1,570,,PURNEA,
Bihar,Purnea,IMD110-P570,1917,1.8,10.4,4.8,2.3,89.6,296.1,290.2,128.1,346.8,213.8,0.0,0.0,1383.9,12.2,96.7,1061.2,213.8,570,,PURNEA,
Bihar,Purnea,IMD110-P570,1918,1.0,0.5,2.0,78.1,194.7,344.2,313.4,815.7,306.7,0.3,0.0,0.0,2056.6,1.5,274.8,1780.0,0.3,570,,PURNEA,
Bihar,Purnea,IMD110-P570,1919,31.5,3.7,0.0,22.4,116.4,225.5,457.1,252.0,252.5,63.7,0.5,,,35.2,138.8,1187.1,,570,missing_months,PURNEA,
Bihar,Purnea,IMD110-P570,1920,0.0,40.2,42.2,0.5,63.3,112.4,194.3,205.3,455.2,19.0,0.0,0.0,1132.3,40.2,106.0,967.2,19.0,570,,PURNEA,
Bihar,Purnea,IMD110-P570,1921,25.1,0.2,9.6,34.0,110.6,143.7,421.9,352.6,240.9,69.5,0.0,0.0,1408.0,25.3,154.1,1159.1,69.5,570,,PURNEA,
Bihar,Purnea,IMD110-P570,1922,9.9,3.3,0.0,33.4,63.7,451.1,301.1,348.3,251.9,14.6,0.0,0.5,1477.9,13.2,97.1,1352.5,15.1,570,,PURNEA,
Bihar,Purnea,IMD110-P570,1923,0.0,29.4,0.0,21.4,82.8,294.8,167.9,90.4,197.3,67.3,0.0,0.0,951.3,29.4,104.1,750.5,67.3,570,,PURNEA,
Bihar,Purnea,IMD110-P570,1924,0.0,3.2,1.3,27.7,25.4,211.4,654.4,311.5,383.5,63.3,76.1,0.0,1757.8,3.2,54.3,1560.9,139.4,570,,PURNEA,
Bihar,Purnea,IMD110-P570,1925,9.6,0.4,6.4,98.5,40.9,122.3,372.4,287.0,343.7,8.1,0.0,0.0,1289.3,10.0,145.8,1125.4,8.1,570,,PURNEA,
Bihar,Purnea,IMD110-P570,1926,6.4,0.0,8.6,11.9,96.8,46.2,526.3,295.1,290.5,26.7,0.0,4.1,1312.7,6.4,117.3,1158.1,30.8,570,,PURNEA,
Bihar,Purnea,IMD110-P570,1927,24.5,40.0,18.1,10.6,95.3,332.8,263.5,226.4,266.5,40.4,3.7,0.0,1321.7,64.5,123.9,1089.2,44.1,570,,PURNEA,
Bihar,Purnea,IMD110-P570,1928,43.9,6.2,0.0,9.3,125.4,275.5,414.4,374.8,132.8,286.9,0.0,0.0,1668.9,50.1,134.6,1197.3,286.9,570,,PURNEA,
Bihar,Purnea,IMD110-P570,1929,60.9,0.0,3.4,45.1,74.8,160.4,336.0,215.9,217.0,401.7,0.0,61.0,1576.3,60.9,123.3,929.3,462.7,570,,PURNEA,
Bihar,Purnea,IMD110-P570,1930,15.4,3.2,23.4,6.6,76.9,214.7,308.5,244.9,335.1,44.5,33.5,2.8,1309.3,18.5,106.8,1103.3,80.8,570,,PURNEA,
Bihar,Purnea,IMD110-P570,1931,0.0,24.4,5.6,5.8,65.8,102.8,564.9,322.8,467.2,144.2,6.8,3.7,1713.9,24.4,77.2,1457.6,154.6,570,,PURNEA,
Bihar,Purnea,IMD110-P570,1932,0.0,4.6,0.0,72.3,55.1,274.6,126.0,247.3,223.8,49.2,147.7,0.4,1200.8,4.6,127.3,871.6,197.3,570,,PURNEA,
Bihar,Purnea,IMD110-P570,1933,0.9,21.1,0.6,131.6,107.4,281.0,427.9,307.0,167.9,70.2,0.0,0.0,1515.8,22.0,239.7,1183.8,70.2,570,,PURNEA,
Bihar,Purnea,IMD110-P570,1934,8.9,42.3,0.0,15.8,36.0,160.3,451.3,203.2,140.4,121.5,0.9,1.3,1181.8,51.2,51.7,955.2,123.7,571,,PURNEA,
Bihar,Purnea,IMD110-P570,1935,5.1,3.0,0.0,0.5,34.4,156.2,94.1,582.8,435.5,0.0,0.0,0.0,1311.5,8.1,34.9,1268.5,0.0,571,,PURNEA,
Bihar,Purnea,IMD110-P570,1936,4.1,0.8,2.3,6.4,139.4,185.0,518.7,281.4,654.0,184.3,0.0,9.6,1985.9,4.9,148.1,1639.1,193.9,571,,PURNEA,
Bihar,Purnea,IMD110-P570,1937,0.0,52.2,0.0,6.4,174.0,112.3,108.5,551.0,167.9,302.4,0.3,0.0,1474.8,52.2,180.4,939.7,302.6,571,,PURNEA,
Bihar,Purnea,IMD110-P570,1938,1.6,28.5,0.3,8.4,215.7,483.5,509.7,286.5,349.0,38.3,0.0,0.0,1921.4,30.1,224.3,1628.7,38.3,571,,PURNEA,
Bihar,Purnea,IMD110-P570,1939,0.0,49.4,1.5,0.0,99.3,326.2,306.2,366.4,247.1,120.6,0.0,0.0,1516.7,49.4,100.8,1245.9,120.6,571,,PURNEA,
Bihar,Purnea,IMD110-P570,1940,0.0,57.8,86.0,6.6,13.4,120.9,282.5,198.6,198.4,0.0,0.0,4.0,968.2,57.8,106.0,800.4,4.0,571,,PURNEA,
Bihar,Purnea,IMD110-P570,1941,5.3,1.5,0.0,0.0,139.4,154.5,205.4,420.3,126.7,117.8,0.0,0.0,1170.8,6.8,139.4,906.8,117.8,571,,PURNEA,
Bihar,Purnea,IMD110-P570,1942,30.8,14.4,17.3,25.0,72.4,166.6,254.0,224.6,330.7,4.8,0.0,0.0,1140.6,45.2,114.6,975.9,4.8,571,,PURNEA,
Bihar,Purnea,IMD110-P570,1943,13.5,37.5,0.0,55.0,92.9,424.8,244.6,411.2,240.7,82.7,0.0,0.0,1602.8,50.9,147.8,1321.4,82.7,571,,PURNEA,
Bihar,Purnea,IMD110-P570,1944,30.4,12.1,15.9,10.6,39.5,225.7,212.8,271.8,304.5,16.3,0.0,0.0,1139.6,42.5,66.0,1014.8,16.3,571,,PURNEA,
Bihar,Purnea,IMD110-P570,1945,19.9,36.8,0.9,33.1,67.6,126.4,288.5,292.0,328.5,182.4,0.0,0.0,1376.1,56.7,101.6,1035.4,182.4,571,,PURNEA,
Bihar,Purnea,IMD110-P570,1946,0.0,21.3,41.5,110.6,153.0,297.1,440.1,315.1,335.3,250.6,4.2,0.0,1968.8,21.3,305.0,1387.6,254.8,571,,PURNEA,
Bihar,Purnea,IMD110-P570,1947,0.0,0.3,16.5,23.5,100.7,126.5,406.6,275.6,305.9,33.7,0.0,0.0,1289.2,0.3,140.7,1114.6,33.7,571,,PURNEA,
Bihar,Purnea,IMD110-P570,1948,4.6,0.4,0.3,2.0,79.2,194.4,556.0,287.4,303.0,35.0,60.5,0.0,1522.7,5.0,81.4,1340.7,95.6,571,,PURNEA,
Bihar,Purnea,IMD110-P570,1949,1.0,32.5,,,278.4,215.7,653.0,439.6,119.8,168.5,0.0,0.0,,33.5,,1428.1,168.5,571,missing_months,PURNEA,
Bihar,Purnea,IMD110-P570,1950,0.3,7.0,59.1,0.0,41.6,533.8,552.5,303.5,151.1,5.9,0.0,0.0,1654.9,7.3,100.7,1541.0,5.9,571,,PURNEA,
Bihar,Purnea,IMD110-P570,1951,1.0,0.0,1.0,10.1,68.6,274.8,366.2,239.4,131.8,44.4,7.3,0.0,1144.6,1.0,79.8,1012.2,51.7,571,,PURNEA,
Bihar,Purnea,IMD110-P570,1952,0.0,21.3,25.5,68.0,80.8,361.7,269.0,243.4,332.6,13.8,0.2,0.0,1416.1,21.3,174.3,1206.7,13.9,571,,PURNEA,
Bihar,Purnea,IMD110-P570,1953,75.1,5.1,26.9,12.5,83.6,285.1,308.0,191.3,244.4,28.2,0.0,0.0,1260.2,80.2,123.0,1028.8,28.2,571,,PURNEA,
Bihar,Purnea,IMD110-P570,1954,10.8,1.6,1.8,0.0,84.3,356.7,663.5,348.1,147.7,20.9,0.0,0.0,1635.4,12.4,86.1,1516.0,20.9,571,,PURNEA,
Bihar,Purnea,IMD110-P570,1955,6.3,8.5,5.2,16.8,45.5,198.9,570.6,354.1,159.9,32.5,0.6,0.0,1398.8,14.8,67.3,1283.5,33.1,571,,PURNEA,
Bihar,Purnea,IMD110-P570,1956,22.6,0.4,5.0,3.2,79.6,524.2,224.5,454.7,473.5,327.0,25.8,1.3,2141.7,23.0,87.8,1676.9,354.0,571,,PURNEA,
Bihar,Purnea,IMD110-P570,1957,128.3,0.0,14.3,0.0,0.0,114.7,293.6,284.1,83.1,3.1,0.0,3.0,924.2,128.3,14.3,775.5,6.1,571,,PURNEA,
Bihar,Purnea,IMD110-P570,1958,4.2,0.0,8.6,73.1,73.3,174.1,183.2,645.7,388.8,58.1,0.0,0.0,1609.0,4.2,154.9,1391.8,58.1,571,,PURNEA,
Bihar,Purnea,IMD110-P570,1959,101.3,0.0,7.4,46.0,79.6,175.4,314.1,311.2,137.1,358.1,0.0,0.0,1530.2,101.3,133.0,937.8,358.1,571,,PURNEA,
Bihar,Purnea,IMD110-P570,1960,0.0,0.0,43.2,0.0,229.2,,475.8,242.2,401.4,84.6,6.2,0.0,,0.0,272.4,,90.8,571,missing_months,PURNEA,
Bihar,Purnea,IMD110-P570,1961,0.1,30.3,0.0,0.1,108.0,390.7,263.8,215.7,217.1,298.1,0.5,4.7,1529.0,30.5,108.1,1087.2,303.3,571,,PURNEA,
Bihar,Purnea,IMD110-P570,1962,8.2,9.1,22.3,15.4,71.8,240.7,156.3,378.2,243.5,104.8,0.0,0.0,1250.3,17.2,109.5,1018.7,104.8,571,,PURNEA,
Bihar,Purnea,IMD110-P570,1963,0.7,0.0,28.8,41.2,120.6,115.0,439.8,215.4,353.0,44.1,31.1,0.0,1389.8,0.7,190.7,1123.2,75.2,571,,PURNEA,
Bihar,Purnea,IMD110-P570,1964,0.0,1.1,7.1,42.5,64.2,74.2,421.0,192.9,316.9,24.5,0.9,0.0,1145.4,1.1,113.9,1005.0,25.4,571,,PURNEA,
Bihar,Purnea,IMD110-P570,1965,0.0,0.2,16.0,0.2,11.6,119.7,429.5,309.0,264.9,11.4,1.9,0.0,1164.4,0.2,27.9,1123.1,13.2,571,,PURNEA,
Bihar,Purnea,IMD110-P570,1966,4.6,0.2,0.0,3.7,129.6,82.6,263.6,297.7,141.3,44.6,22.5,0.0,990.3,4.8,133.2,785.2,67.0,571,,PURNEA,
Bihar,Purnea,IMD110-P570,1967,0.0,0.0,87.6,79.1,54.1,119.0,268.7,207.3,176.5,21.3,0.0,0.0,1013.6,0.0,220.8,771.5,21.3,571,,PURNEA,
Bihar,Purnea,IMD110-P570,1968,7.2,0.2,8.8,6.3,15.0,563.3,333.9,460.1,55.1,261.7,0.0,0.3,1712.0,7.4,30.1,1412.5,262.0,572,,PURNEA,
Bihar,Purnea,IMD110-P570,1969,8.4,10.9,27.2,49.9,89.9,366.8,402.9,272.8,324.0,59.6,78.4,0.0,1690.8,19.3,167.1,1366.4,138.1,572,,PURNEA,
Bihar,Purnea,IMD110-P570,1970,20.0,19.6,1.9,57.2,50.0,267.8,754.0,413.2,192.1,23.5,0.0,0.0,1799.2,39.6,109.0,1627.1,23.5,572,,PURNEA,
Bihar,Purnea,IMD110-P570,1971,15.6,16.8,3.2,138.8,71.8,456.7,316.8,393.5,175.2,333.2,1.0,0.0,1922.6,32.4,213.8,1342.2,334.2,572,,PURNEA,
Bihar,Purnea,IMD110-P570,1972,3.7,43.8,11.5,0.4,0.0,16.6,95.0,97.9,325.8,31.2,2.5,0.0,628.4,47.5,11.9,535.3,33.7,572,,PURNEA,
Bihar,Purnea,IMD110-P570,1973,19.2,15.5,2.5,14.5,135.8,241.9,223.2,136.8,337.7,295.0,20.0,0.0,1442.1,34.7,152.8,939.6,315.0,572,,PURNEA,
Bihar,Purnea,IMD110-P570,1974,2.9,0.1,54.2,24.5,111.0,197.1,605.8,367.3,256.5,17.0,0.0,1.4,1637.9,3.0,189.8,1426.7,18.4,572,,PURNEA,
Bihar,Purnea,IMD110-P570,1975,0.7,8.4,0.2,55.1,66.3,117.8,420.1,59.0,254.8,71.6,0.0,0.0,1054.0,9.1,121.6,851.6,71.6,572,,PURNEA,
Bihar,Purnea,IMD110-P570,1976,0.0,11.4,0.0,26.2,133.8,175.2,245.8,466.8,168.2,39.5,0.0,0.0,1266.9,11.4,160.0,1056.0,39.5,572,,PURNEA,
Bihar,Purnea,IMD110-P570,1977,0.0,0.7,1.3,27.9,141.9,195.8,352.4,289.7,112.3,314.2,21.5,116.5,1574.2,0.7,171.0,950.2,452.2,572,,PURNEA,
Bihar,Purnea,IMD110-P570,1978,0.3,5.7,8.5,34.8,75.4,144.8,380.4,254.8,320.3,122.7,7.2,0.4,1355.3,6.0,118.7,1100.3,130.3,572,,PURNEA,
Bihar,Purnea,IMD110-P570,1979,1.9,5.8,0.3,50.6,29.7,121.2,588.0,198.3,284.7,201.4,47.0,37.3,1566.2,7.6,80.7,1192.2,285.7,572,,PURNEA,
Bihar,Purnea,IMD110-P570,1980,0.0,1.0,9.6,57.4,257.4,413.3,597.3,464.0,201.7,30.9,0.0,0.0,2032.6,1.0,324.4,1676.3,30.9,572,,PURNEA,
Bihar,Purnea,IMD110-P570,1981,39.1,8.6,32.8,126.0,177.9,179.3,739.3,459.7,201.8,0.0,0.0,4.1,1968.5,47.7,336.7,1580.1,4.1,572,,PURNEA,
Bihar,Purnea,IMD110-P570,1982,0.0,1.2,17.7,35.2,79.9,397.3,348.4,122.5,277.1,54.3,7.8,0.0,1341.4,1.2,132.9,1145.3,62.0,572,,PURNEA,
Bihar,Purnea,IMD110-P570,1983,11.8,1.3,22.5,44.4,111.8,211.6,418.5,235.9,358.3,69.3,0.0,29.9,1515.4,13.1,178.6,1224.4,99.3,572,,PURNEA,
Bihar,Purnea,IMD110-P570,1984,26.9,29.5,5.5,29.5,178.9,608.6,709.8,268.5,373.6,20.8,0.0,3.0,2254.5,56.4,213.9,1960.5,23.8,572,,PURNEA,
Bihar,Purnea,IMD110-P570,1985,1.3,3.7,2.9,11.9,158.6,300.0,611.7,221.8,272.0,257.8,0.0,7.1,1848.8,5.0,173.3,1405.6,264.9,572,,PURNEA,
Bihar,Purnea,IMD110-P570,1986,0.0,0.0,0.1,34.5,152.3,230.5,565.2,239.5,351.9,213.7,0.0,16.8,1804.6,0.0,187.0,1387.1,230.5,572,,PURNEA,
Bihar,Purnea,IMD110-P570,1987,0.6,5.6,22.8,70.3,86.6,338.9,666.3,831.9,354.8,106.6,2.4,0.2,2486.8,6.2,179.6,2191.9,109.2,572,,PURNEA,
Bihar,Purnea,IMD110-P570,1988,0.1,43.2,26.1,57.8,138.3,197.1,478.7,666.2,237.7,29.8,3.1,4.3,1882.5,43.3,222.2,1579.7,37.3,572,,PURNEA,
Bihar,Purnea,IMD110-P570,1989,10.2,18.2,2.5,0.0,406.1,505.4,420.8,251.3,687.5,64.1,0.1,5.4,2371.5,28.4,408.5,1864.9,69.6,572,,PURNEA,
Bihar,Purnea,IMD110-P570,1990,0.5,10.7,26.3,59.0,163.6,244.3,536.7,251.1,232.3,63.9,0.0,0.0,1588.4,11.2,248.9,1264.4,63.9,572,,PURNEA,
Bihar,Purnea,IMD110-P570,1991,7.2,2.3,3.8,22.5,81.3,392.2,294.9,277.4,694.7,20.0,0.1,20.6,1816.9,9.6,107.5,1659.1,40.6,572,,PURNEA,
Bihar,Purnea,IMD110-P570,1992,7.1,1.7,0.0,7.2,101.4,114.9,406.6,223.3,165.3,88.1,1.3,1.9,1118.8,8.8,108.6,910.1,91.3,572,,PURNEA,
Bihar,Purnea,IMD110-P570,1993,22.1,2.8,24.7,49.1,118.8,228.6,322.9,502.3,352.3,44.9,28.8,0.0,1697.4,24.9,192.6,1406.2,73.7,572,,PURNEA,
Bihar,Purnea,IMD110-P570,1994,34.7,39.3,0.3,5.2,44.7,268.9,181.4,210.4,221.5,73.5,0.4,0.0,1080.2,73.9,50.2,882.2,73.9,572,,PURNEA,
Bihar,Purnea,IMD110-P570,1995,6.1,15.3,2.3,0.3,43.5,378.8,429.3,389.5,489.6,36.3,61.3,14.4,1866.9,21.4,46.2,1687.3,112.0,572,,PURNEA,
Bihar,Purnea,IMD110-P570,1996,22.2,3.9,0.0,14.6,95.5,194.0,462.8,486.8,240.1,67.4,0.0,0.0,1587.4,26.1,110.1,1383.7,67.4,572,,PURNEA,
Bihar,Purnea,IMD110-P570,1997,14.9,3.2,10.8,50.1,128.4,311.3,537.6,453.7,260.8,8.3,1.2,40.3,1820.5,18.1,189.3,1563.4,49.8,572,,PURNEA,
Bihar,Purnea,IMD110-P570,1998,3.7,11.8,32.7,62.2,102.9,148.8,962.9,692.3,380.2,103.9,1.8,0.6,2503.8,15.5,197.8,2184.2,106.3,572,,PURNEA,
Bihar,Purnea,IMD110-P570,1999,0.2,0.0,0.0,14.7,152.0,393.5,555.1,500.5,500.1,144.0,6.9,0.1,2267.0,0.2,166.6,1949.1,151.1,572,,PURNEA,
Bihar,Purnea,IMD110-P570,2000,0.0,19.1,0.8,70.5,226.2,468.1,311.0,303.2,349.7,15.4,0.5,0.0,1764.6,19.1,297.5,1432.1,15.9,572,,PURNEA,
Bihar,Purnea,IMD110-P570,2001,0.4,0.0,1.3,45.5,194.1,306.9,196.8,244.3,407.6,421.8,4.8,0.0,1823.5,0.4,240.8,1155.6,426.6,572,,PURNEA,
Bihar,Purnea,IMD110-P570,2002,17.7,1.3,3.8,102.3,105.2,151.5,458.2,229.6,190.4,32.7,0.0,0.0,1292.8,19.0,211.4,1029.7,32.7,573,,PURNEA,
Bihar,Purnea,IMD110-P570,2003,17.8,34.4,31.5,54.5,114.5,412.1,576.6,299.1,321.0,258.4,0.7,8.5,2129.2,52.3,200.5,1608.8,267.6,573,,PURNEA,
Bihar,Purnea,IMD110-P570,2004,8.2,0.1,1.3,114.8,188.1,310.9,832.8,242.1,270.4,220.7,0.3,0.0,2189.7,8.3,304.2,1656.2,221.0,573,,PURNEA,
Bihar,Purnea,IMD110-P570,2005,11.0,7.6,19.9,21.5,97.8,208.4,336.4,417.8,274.4,112.4,0.1,0.0,1507.2,18.5,139.1,1237.0,112.6,573,,PURNEA,
Bihar,Purnea,IMD110-P570,2006,0.0,0.0,2.4,42.0,89.4,177.4,387.7,123.4,399.3,16.6,3.3,2.5,1243.8,0.0,133.7,1087.8,22.3,573,,PURNEA,
Bihar,Purnea,IMD110-P570,2007,0.0,27.8,3.6,74.7,138.3,459.2,472.8,385.4,321.0,24.7,0.0,0.0,1907.5,27.8,216.6,1638.4,24.7,573,,PURNEA,
Bihar,Purnea,IMD110-P570,2008,15.9,9.8,17.0,33.4,127.2,316.4,485.9,536.6,200.2,36.9,0.2,0.0,1779.3,25.6,177.6,1539.1,37.0,573,,PURNEA,
Bihar,Purnea,IMD110-P570,2009,0.0,0.5,4.7,42.1,167.8,176.3,285.0,548.4,72.9,191.9,0.6,0.1,1490.3,0.5,214.6,1082.7,192.5,573,,PURNEA,
Bihar,Purnea,IMD110-P570,2010,0.1,0.0,0.0,21.2,135.3,253.9,412.5,194.3,143.0,88.9,5.3,0.0,1254.5,0.1,156.5,1003.7,94.3,573,,PURNEA,
Bihar,Rohtas,IMD110-P574,1901,76.4,47.0,12.1,0.4,25.7,2.7,212.9,334.4,207.9,32.2,0.8,0.0,952.4,123.4,38.2,757.9,33.0,574,,ROHTAS,
Bihar,Rohtas,IMD110-P574,1902,29.9,2.5,5.1,3.3,6.0,102.1,556.8,184.1,234.1,22.5,9.3,0.0,1155.6,32.3,14.4,1077.2,31.7,574,,ROHTAS,
Bihar,Rohtas,IMD110-P574,1903,2.8,5.8,3.3,18.8,4.1,93.1,59.0,357.4,239.6,186.5,0.3,0.0,970.6,8.6,26.1,749.2,186.8,574,,ROHTAS,
Bihar,Rohtas,IMD110-P574,1904,1.3,1.0,6.8,0.0,41.7,176.7,476.3,347.3,87.4,52.4,3.2,1.0,1195.2,2.3,48.5,1087.7,56.7,574,,ROHTAS,
Bihar,Rohtas,IMD110-P574,1905,16.1,30.6,20.3,5.8,21.9,0.0,251.3,311.2,593.2,20.3,0.0,1.1,1271.8,46.8,48.0,1155.7,21.4,574,,ROHTAS,
Bihar,Rohtas,IMD110-P574,1906,30.8,34.1,12.4,3.1,5.4,176.4,302.9,198.7,201.6,25.6,0.0,0.0,991.0,64.9,20.9,879.6,25.6,574,,ROHTAS,
Bihar,Rohtas,IMD110-P574,1907,2.6,154.7,28.4,51.6,10.5,264.3,184.4,513.7,112.6,0.0,0.0,0.0,1322.8,157.3,90.5,1075.0,0.0,574,,ROHTAS,
Bihar,Rohtas,IMD110-P574,1908,14.4,69.7,6.5,0.0,14.7,42.8,183.3,281.7,72.4,3.6,0.0,1.2,690.3,84.1,21.2,580.2,4.7,574,,ROHTAS,
Bihar,Rohtas,IMD110-P574,1909,22.2,7.1,0.0,40.5,1.5,507.1,209.0,259.9,179.6,15.6,0.0,6.6,1249.2,29.4,42.0,1155.6,22.2,574,,ROHTAS,
Bihar,Rohtas,IMD110-P574,1910,4.6,1.2,1.5,3.1,7.4,181.6,155.7,535.0,382.2,19.8,50.4,0.0,1342.5,5.8,12.1,1254.5,70.2,574,,ROHTAS,
Bihar,Rohtas,IMD110-P574,1911,9.4,0.0,55.2,0.3,0.0,315.6,56.4,411.5,279.1,190.2,35.7,0.0,1353.3,9.4,55.4,1062.6,225.9,574,,ROHTAS,
Bihar,Rohtas,IMD110-P574,1912,0.2,26.1,3.4,20.7,4.2,60.9,335.3,230.7,70.1,5.4,48.2,0.0,805.5,26.3,28.4,697.1,53.6,574,,ROHTAS,
Bihar,Rohtas,IMD110-P574,1913,0.0,51.9,35.7,0.0,37.1,272.5,365.6,507.6,200.3,20.3,0.0,40.2,1531.3,51.9,72.8,1346.1,60.5,574,,ROHTAS,
Bihar,Rohtas,IMD110-P574,1914,0.3,12.2,14.8,16.4,109.8,25.1,259.8,490.3,52.8,0.3,0.0,0.1,981.8,12.4,141.0,828.0,0.4,574,,ROHTAS,
Bihar,Rohtas,IMD110-P574,1915,30.7,90.8,6.8,0.0,28.0,70.5,521.9,407.2,130.6,5.5,98.1,0.2,1390.3,121.5,34.8,1130.2,103.8,574,,ROHTAS,
Bihar,Rohtas,IMD110-P574,1916,0.0,26.8,0.0,0.9,10.4,249.9,276.3,252.0,211.5,155.2,0.0,0.0,1182.9,26.8,11.3,989.6,155.2,574,,ROHTAS,
Bihar,Rohtas,IMD110-P574,1917,6.1,22.0,3.4,3.3,99.2,175.2,268.8,436.9,308.9,184.3,0.0,0.4,1508.4,28.1,105.8,1189.8,184.7,574,,ROHTAS,
Bihar,Rohtas,IMD110-P574,1918,0.0,0.0,0.0,0.1,28.7,222.4,164.4,669.6,285.1,0.0,0.0,0.2,1370.4,0.0,28.8,1341.4,0.2,574,,ROHTAS,
Bihar,Rohtas,IMD110-P574,1919,76.3,24.0,0.4,4.4,33.4,258.7,541.3,382.1,220.5,73.3,0.0,0.1,1614.5,100.2,38.3,1402.6,73.4,574,,ROHTAS,
Bihar,Rohtas,IMD110-P574,1920,0.0,20.4,21.3,8.6,10.2,80.2,680.6,187.6,114.6,0.0,0.0,0.0,1123.5,20.4,40.0,1063.1,0.0,574,,ROHTAS,
Bihar,Rohtas,IMD110-P574,1921,18.0,1.6,0.0,12.4,0.0,105.6,156.8,340.3,202.1,5.3,0.0,0.0,842.0,19.6,12.4,804.7,5.3,574,,ROHTAS,
Bihar,Rohtas,IMD110-P574,1922,15.7,0.2,0.0,7.2,0.2,142.2,595.7,351.2,306.5,1.8,3.4,1.9,1426.1,15.9,7.4,1395.6,7.1,574,,ROHTAS,
Bihar,Rohtas,IMD110-P574,1923,2.8,25.5,0.0,0.0,3.9,106.0,473.0,409.6,114.7,80.3,0.0,1.1,1216.7,28.3,3.9,1103.2,81.3,574,,ROHTAS,
Bihar,Rohtas,IMD110-P574,1924,12.6,41.6,2.8,0.4,0.0,70.6,352.1,303.1,235.5,58.4,53.0,4.5,1134.6,54.2,3.2,961.4,115.9,574,,ROHTAS,
Bihar,Rohtas,IMD110-P574,1925,0.6,16.2,11.8,1.6,9.9,164.7,436.8,213.6,278.2,11.5,23.9,0.0,1168.8,16.8,23.2,1093.3,35.4,574,,ROHTAS,
Bihar,Rohtas,IMD110-P574,1926,16.2,3.8,49.5,10.8,35.6,16.2,518.3,337.2,196.2,9.0,4.9,6.5,1204.1,19.9,95.9,1067.8,20.5,574,,ROHTAS,
Bihar,Rohtas,IMD110-P574,1927,35.7,31.6,36.7,0.4,22.5,18.2,391.7,227.7,294.4,25.8,33.0,0.0,1117.9,67.3,59.7,932.1,58.8,574,,ROHTAS,
Bihar,Rohtas,IMD110-P574,1928,44.1,33.0,1.1,17.7,8.2,232.7,365.2,215.4,84.8,260.8,0.0,22.2,1285.2,77.0,27.0,898.1,283.0,574,,ROHTAS,
Bihar,Rohtas,IMD110-P574,1929,87.6,2.7,3.5,9.6,3.4,79.4,312.9,494.0,75.6,169.1,0.0,57.0,1294.8,90.3,16.4,961.9,226.2,574,,ROHTAS,
Bihar,Rohtas,IMD110-P574,1930,2.6,0.9,1.9,6.4,10.3,82.5,386.6,219.9,334.5,0.0,38.7,2.5,1086.8,3.6,18.6,1023.5,41.2,574,,ROHTAS,
Bihar,Rohtas,IMD110-P574,1931,0.0,58.1,1.0,0.0,3.1,52.9,360.6,361.6,270.5,65.0,1.8,3.3,1177.9,58.1,4.1,1045.5,70.1,574,,ROHTAS,
Bihar,Rohtas,IMD110-P574,1932,0.0,18.6,0.0,5.5,6.2,72.2,346.1,271.6,113.2,41.1,51.7,4.3,930.6,18.6,11.7,803.2,97.1,574,,ROHTAS,
Bihar,Rohtas,IMD110-P574,1933,42.5,18.4,0.4,48.6,24.1,229.1,200.0,474.0,124.8,15.2,0.0,0.0,1177.1,61.0,73.1,1027.9,15.2,574,,ROHTAS,
Bihar,Rohtas,IMD110-P574,1934,32.5,0.3,14.0,0.9,0.0,85.7,388.8,255.5,272.2,30.8,10.4,1.5,1092.7,32.8,15.0,1002.2,42.7,575,,ROHTAS,
Bihar,Rohtas,IMD110-P574,1935,45.9,22.7,0.9,0.6,2.8,85.2,240.9,599.3,117.1,0.0,0.0,0.0,1115.4,68.6,4.3,1042.6,0.0,575,,ROHTAS,
Bihar,Rohtas,IMD110-P574,1936,20.8,11.7,6.4,7.5,13.7,151.7,404.1,379.6,613.1,118.6,1.1,23.9,1752.3,32.5,27.6,1548.6,143.5,575,,ROHTAS,
Bihar,Rohtas,IMD110-P574,1937,0.0,97.1,0.8,9.4,13.0,75.0,490.1,480.7,174.4,73.6,0.0,0.0,1414.1,97.1,23.3,1220.1,73.6,575,,ROHTAS,
Bihar,Rohtas,IMD110-P574,1938,27.9,10.3,0.0,0.6,18.2,199.4,308.1,334.7,224.3,32.7,3.8,0.0,1159.9,38.1,18.7,1066.5,36.5,575,,ROHTAS,
Bihar,Rohtas,IMD110-P574,1939,15.2,48.8,12.8,5.7,2.6,201.6,334.2,266.5,244.9,8.3,0.0,0.0,1140.5,64.0,21.0,1047.2,8.3,575,,ROHTAS,
Bihar,Rohtas,IMD110-P574,1940,0.3,33.3,45.2,4.4,3.0,73.9,261.2,399.9,124.0,12.3,0.0,45.4,1002.8,33.6,52.6,859.0,57.6,575,,ROHTAS,
Bihar,Rohtas,IMD110-P574,1941,30.1,1.7,0.8,0.0,14.2,150.2,176.5,366.6,208.0,26.5,0.3,0.0,974.8,31.8,15.0,901.3,26.7,575,,ROHTAS,
Bihar,Rohtas,IMD110-P574,1942,40.4,91.5,13.4,2.1,0.6,156.3,396.1,438.3,347.3,1.1,0.0,3.7,1490.8,131.9,16.1,1338.0,4.8,575,,ROHTAS,
Bihar,Rohtas,IMD110-P574,1943,70.6,14.8,0.0,7.5,16.5,75.6,245.6,325.2,210.4,55.1,0.0,0.0,1021.2,85.4,24.0,856.7,55.1,575,,ROHTAS,
Bihar,Rohtas,IMD110-P574,1944,30.1,57.2,61.1,11.4,0.3,131.5,248.1,584.1,200.2,53.1,0.0,1.5,1378.5,87.3,72.7,1163.9,54.5,575,,ROHTAS,
Bihar,Rohtas,IMD110-P574,1945,44.9,20.6,0.0,24.6,20.4,152.5,200.5,381.0,327.1,145.1,0.0,4.2,1320.8,65.4,45.0,1061.1,149.3,575,,ROHTAS,
Bihar,Rohtas,IMD110-P574,1946,0.0,13.5,2.3,16.9,5.2,185.8,457.9,224.1,402.9,132.3,23.7,0.0,1464.6,13.5,24.5,1270.6,156.0,575,,ROHTAS,
Bihar,Rohtas,IMD110-P574,1947,8.1,10.5,19.4,0.0,11.9,71.0,235.8,227.6,164.9,71.7,0.0,0.0,820.8,18.6,31.3,699.4,71.7,575,,ROHTAS,
Bihar,Rohtas,IMD110-P574,1948,45.5,17.4,5.4,0.8,0.1,148.5,254.6,576.3,495.3,56.4,64.1,0.0,1664.5,62.9,6.4,1474.7,120.5,575,,ROHTAS,
Bihar,Rohtas,IMD110-P574,1949,25.3,50.5,0.0,1.9,31.7,51.4,263.0,511.2,187.5,45.0,0.0,0.0,1167.7,75.9,33.7,1013.1,45.0,575,,ROHTAS,
Bihar,Rohtas,IMD110-P574,1950,22.7,1.1,15.7,0.0,1.6,332.7,277.2,553.4,137.9,0.0,0.0,1.3,1343.5,23.8,17.3,1301.2,1.3,575,,ROHTAS,
Bihar,Rohtas,IMD110-P574,1951,14.0,3.5,20.1,27.0,0.0,100.7,136.0,265.6,105.1,28.7,0.0,0.0,700.7,17.5,47.1,607.4,28.7,575,,ROHTAS,
Bihar,Rohtas,IMD110-P574,1952,0.0,28.0,14.2,9.1,10.4,159.9,160.6,405.7,223.2,12.1,0.0,0.0,1023.2,28.0,33.7,949.3,12.1,575,,ROHTAS,
Bihar,Rohtas,IMD110-P574,1953,4.4,4.2,3.1,0.0,0.6,108.6,422.4,328.3,303.4,2.5,0.0,0.0,1177.5,8.6,3.7,1162.6,2.5,575,,ROHTAS,
Bihar,Rohtas,IMD110-P574,1954,10.7,14.3,0.0,0.0,1.1,46.2,334.3,276.3,189.3,11.4,0.0,0.0,883.5,25.0,1.1,846.0,11.4,575,,ROHTAS,
Bihar,Rohtas,IMD110-P574,1955,65.3,3.5,1.6,3.5,9.6,105.8,406.4,278.4,180.8,33.2,0.0,0.0,1088.1,68.7,14.7,971.4,33.2,575,,ROHTAS,
Bihar,Rohtas,IMD110-P574,1956,13.3,6.8,17.6,0.0,37.8,223.9,254.2,355.9,426.2,95.5,31.2,27.6,1489.9,20.0,55.4,1260.2,154.2,575,,ROHTAS,
Bihar,Rohtas,IMD110-P574,1957,54.6,7.0,20.0,0.3,1.9,66.7,380.6,229.5,176.5,0.0,0.0,0.0,937.1,61.6,22.2,853.3,0.0,575,,ROHTAS,
Bihar,Rohtas,IMD110-P574,1958,22.4,11.4,8.4,12.1,0.8,56.0,375.4,410.7,171.2,90.7,0.0,0.0,1159.0,33.8,21.3,1013.2,90.7,575,,ROHTAS,
Bihar,Rohtas,IMD110-P574,1959,70.5,4.0,2.7,2.8,32.0,55.4,380.0,319.7,124.0,207.5,0.0,0.0,1198.7,74.6,37.5,879.1,207.5,575,,ROHTAS,
Bihar,Rohtas,IMD110-P574,1960,4.8,0.3,23.8,2.2,0.6,45.5,279.4,268.3,137.1,50.6,0.0,0.0,812.5,5.1,26.6,730.2,50.6,575,,ROHTAS,
Bihar,Rohtas,IMD110-P574,1961,13.7,43.5,0.0,0.0,8.0,324.8,313.6,406.4,191.0,62.6,0.0,5.2,1368.8,57.1,8.0,1235.8,67.9,575,,ROHTAS,
Bihar,Rohtas,IMD110-P574,1962,4.4,7.5,10.5,7.2,2.5,33.4,239.9,286.7,224.8,24.4,0.0,4.6,845.9,11.8,20.2,784.8,29.0,575,,ROHTAS,
Bihar,Rohtas,IMD110-P574,1963,6.3,8.6,6.1,7.6,27.5,97.4,331.9,195.4,124.9,88.4,15.0,0.0,908.8,14.9,41.2,749.4,103.4,575,,ROHTAS,
Bihar,Rohtas,IMD110-P574,1964,0.9,11.4,0.0,0.1,17.1,99.3,292.4,105.5,182.9,65.0,8.6,0.0,783.2,12.3,17.2,680.2,73.6,575,,ROHTAS,
Bihar,Rohtas,IMD110-P574,1965,0.0,1.4,6.9,16.9,1.5,68.5,303.9,238.8,160.5,23.7,0.0,4.2,826.3,1.4,25.3,771.7,27.9,575,,ROHTAS,
Bihar,Rohtas,IMD110-P574,1966,10.1,8.7,0.0,3.0,3.5,113.0,80.8,117.7,60.3,1.2,27.2,1.3,426.6,18.7,6.5,371.7,29.6,575,,ROHTAS,
Bihar,Rohtas,IMD110-P574,1967,0.3,0.0,19.2,12.3,11.7,16.4,194.9,372.7,194.9,0.0,0.4,5.7,828.7,0.3,43.2,779.0,6.2,575,,ROHTAS,
Bihar,Rohtas,IMD110-P574,1968,42.6,3.7,1.0,0.0,6.3,103.9,347.3,270.6,53.2,91.7,0.0,5.1,925.6,46.4,7.3,775.1,96.8,576,,ROHTAS,
Bihar,Rohtas,IMD110-P574,1969,8.8,10.6,0.5,13.1,63.2,84.3,468.3,342.0,196.3,0.2,41.0,0.0,1228.3,19.5,76.9,1090.8,41.2,576,,ROHTAS,
Bihar,Rohtas,IMD110-P574,1970,56.7,24.6,1.7,0.0,3.7,55.7,264.9,316.6,289.2,65.4,0.0,0.0,1078.5,81.3,5.4,926.4,65.4,576,,ROHTAS,
Bihar,Rohtas,IMD110-P574,1971,33.8,23.4,2.0,23.2,61.8,190.3,327.0,397.9,83.6,46.4,0.0,0.0,1189.4,57.2,87.0,998.8,46.4,576,,ROHTAS,
Bihar,Rohtas,IMD110-P574,1972,38.7,46.0,0.0,15.7,0.0,6.0,244.0,222.9,105.3,103.4,38.0,0.0,820.0,84.7,15.7,578.2,141.4,576,,ROHTAS,
Bihar,Rohtas,IMD110-P574,1973,4.6,9.0,2.0,0.0,12.4,145.9,93.6,304.3,294.9,99.5,3.4,0.0,969.6,13.6,14.4,838.7,102.9,576,,ROHTAS,
Bihar,Rohtas,IMD110-P574,1974,0.0,2.3,0.0,0.0,1.9,59.0,271.9,59.2,113.1,17.3,0.1,1.2,525.9,2.3,1.9,503.2,18.5,576,,ROHTAS,
Bihar,Rohtas,IMD110-P574,1975,7.7,2.0,25.6,0.0,0.3,110.2,389.2,176.7,128.1,58.1,0.0,0.0,897.8,9.7,25.9,804.1,58.1,576,,ROHTAS,
Bihar,Rohtas,IMD110-P574,1976,1.1,10.0,0.1,9.3,35.4,70.3,173.6,244.1,591.3,2.1,0.0,0.0,1137.4,11.2,44.7,1079.4,2.1,576,,ROHTAS,
Bihar,Rohtas,IMD110-P574,1977,15.5,2.5,0.3,9.9,35.2,86.8,483.9,192.9,169.6,131.9,1.0,20.8,1150.4,18.1,45.4,933.2,153.7,576,,ROHTAS,
Bihar,Rohtas,IMD110-P574,1978,34.8,89.6,29.5,4.8,4.6,296.9,249.0,383.0,344.1,86.3,1.4,4.3,1528.4,124.4,38.9,1273.1,92.0,576,,ROHTAS,
Bihar,Rohtas,IMD110-P574,1979,48.4,37.7,2.2,2.9,2.2,78.6,360.8,157.5,34.4,5.6,44.1,0.6,775.1,86.1,7.3,631.4,50.3,576,,ROHTAS,
Bihar,Rohtas,IMD110-P574,1980,10.9,6.0,3.2,0.0,4.1,117.1,369.0,237.6,177.8,27.4,0.0,3.6,956.5,16.9,7.2,901.4,31.0,576,,ROHTAS,
Bihar,Rohtas,IMD110-P574,1981,30.2,0.4,3.7,2.4,17.6,28.6,364.7,182.4,152.6,2.1,13.8,1.8,800.5,30.7,23.7,728.4,17.7,576,,ROHTAS,
Bihar,Rohtas,IMD110-P574,1982,10.0,14.3,50.3,5.1,22.9,78.4,171.3,302.3,108.2,9.1,55.4,1.7,828.9,24.3,78.3,660.1,66.2,576,,ROHTAS,
Bihar,Rohtas,IMD110-P574,1983,6.4,4.0,0.0,38.5,25.4,71.2,337.1,86.6,255.7,72.1,0.0,14.2,911.3,10.4,63.9,750.6,86.4,576,,ROHTAS,
Bihar,Rohtas,IMD110-P574,1984,26.6,53.8,0.0,14.1,1.0,118.2,442.9,383.4,128.8,49.5,0.0,2.1,1220.3,80.5,15.1,1073.2,51.6,576,,ROHTAS,
Bihar,Rohtas,IMD110-P574,1985,10.6,0.0,0.0,0.0,12.7,106.9,381.2,382.3,213.5,132.0,0.0,0.7,1239.8,10.6,12.7,1083.8,132.7,576,,ROHTAS,
Bihar,Rohtas,IMD110-P574,1986,2.1,48.8,0.2,14.3,53.5,178.4,388.1,211.0,157.8,14.6,0.0,6.1,1074.8,50.8,67.9,935.3,20.7,576,,ROHTAS,
Bihar,Rohtas,IMD110-P574,1987,0.3,0.9,2.2,7.6,19.7,2.0,427.8,305.9,700.5,38.8,0.2,3.4,1509.3,1.1,29.6,1436.3,42.3,576,,ROHTAS,
Bihar,Rohtas,IMD110-P574,1988,1.0,9.9,23.0,7.8,9.6,106.0,154.5,227.7,88.7,20.9,0.0,4.5,653.7,10.9,40.4,576.9,25.5,576,,ROHTAS,
Bihar,Rohtas,IMD110-P574,1989,2.1,0.0,1.1,0.0,17.2,23.6,417.2,201.3,237.1,8.4,4.9,27.1,940.0,2.1,18.3,879.1,40.4,576,,ROHTAS,
Bihar,Rohtas,IMD110-P574,1990,0.0,77.1,4.4,2.0,68.0,221.9,653.8,188.0,151.2,53.4,0.0,0.0,1419.8,77.1,74.4,1214.9,53.4,576,,ROHTAS,
Bihar,Rohtas,IMD110-P574,1991,11.9,9.0,6.6,3.6,2.9,135.3,80.9,374.9,249.9,0.0,0.0,26.6,901.4,20.9,13.0,840.9,26.6,576,,ROHTAS,
Bihar,Rohtas,IMD110-P574,1992,0.0,0.8,0.0,0.0,12.8,30.0,294.2,285.2,79.6,6.1,0.5,0.0,709.2,0.8,12.8,689.0,6.6,576,,ROHTAS,
Bihar,Rohtas,IMD110-P574,1993,2.0,5.0,33.1,0.6,25.8,157.9,180.8,310.3,289.1,8.4,0.7,0.0,1013.6,7.0,59.5,938.0,9.1,576,,ROHTAS,
Bihar,Rohtas,IMD110-P574,1994,15.6,32.0,1.8,7.7,10.6,179.2,278.2,335.1,189.7,15.4,0.0,0.0,1065.2,47.6,20.1,982.2,15.4,576,,ROHTAS,
Bihar,Rohtas,IMD110-P574,1995,10.0,17.3,3.4,0.0,0.0,70.7,157.1,263.7,266.4,15.6,44.6,26.9,875.8,27.3,3.4,757.9,87.2,576,,ROHTAS,
Bihar,Rohtas,IMD110-P574,1996,21.5,37.3,0.0,0.0,0.0,168.4,132.8,328.7,136.9,24.5,0.0,0.0,850.1,58.8,0.0,766.8,24.5,576,,ROHTAS,
Bihar,Rohtas,IMD110-P574,1997,12.6,0.0,0.0,6.4,14.0,98.3,446.8,310.1,138.3,60.8,28.6,36.8,1152.7,12.6,20.3,993.5,126.2,576,,ROHTAS,
Bihar,Rohtas,IMD110-P574,1998,1.8,3.8,17.0,11.4,22.2,79.0,272.4,234.7,184.6,43.0,16.9,0.0,886.8,5.6,50.6,770.7,59.9,576,,ROHTAS,
Bihar,Rohtas,IMD110-P574,1999,0.0,0.0,0.0,0.0,49.7,159.4,500.3,298.4,220.9,49.9,0.0,0.0,1278.7,0.0,49.7,1179.1,49.9,576,,ROHTAS,
Bihar,Rohtas,IMD110-P574,2000,0.0,0.8,3.2,9.4,33.1,126.5,249.4,178.3,248.3,0.3,0.0,0.0,849.4,0.8,45.8,802.5,0.3,576,,ROHTAS,
Bihar,Rohtas,IMD110-P574,2001,1.3,0.3,5.5,2.2,8.5,288.9,275.4,199.9,108.9,76.9,0.0,0.0,967.6,1.6,16.1,873.0,76.9,576,,ROHTAS,
Bihar,Rohtas,IMD110-P574,2002,0.2,13.4,0.0,0.0,36.6,43.2,310.2,246.0,183.6,29.9,0.0,0.2,863.3,13.6,36.6,783.1,30.0,577,,ROHTAS,
Bihar,Rohtas,IMD110-P574,2003,11.3,30.2,0.1,4.5,0.9,102.2,258.1,369.5,143.9,107.8,0.0,0.8,1029.1,41.5,5.5,873.6,108.6,577,,ROHTAS,
Bihar,Rohtas,IMD110-P574,2004,21.9,0.6,0.0,6.4,39.2,119.6,161.2,230.6,77.6,21.3,0.0,0.0,678.4,22.5,45.6,589.0,21.3,577,,ROHTAS,
Bihar,Rohtas,IMD110-P574,2005,21.7,48.1,5.7,0.2,5.3,33.7,247.9,268.4,82.4,30.8,0.0,0.0,744.0,69.8,11.2,632.3,30.8,577,,ROHTAS,
Bihar,Rohtas,IMD110-P574,2006,0.0,0.0,1.8,6.9,82.1,214.5,240.4,223.7,140.1,0.5,0.0,0.0,910.0,0.0,90.8,818.7,0.5,577,,ROHTAS,
Bihar,Rohtas,IMD110-P574,2007,2.4,65.4,19.0,30.6,52.6,69.0,382.6,319.2,194.7,47.3,0.0,0.1,1183.0,67.8,102.2,965.5,47.4,577,,ROHTAS,
Bihar,Rohtas,IMD110-P574,2008,48.6,9.5,3.8,15.0,47.4,350.4,365.4,261.5,42.8,4.7,0.9,0.0,1150.0,58.1,66.3,1020.1,5.6,577,,ROHTAS,
Bihar,Rohtas,IMD110-P574,2009,0.0,0.0,0.0,0.0,49.2,16.2,183.5,296.6,191.7,61.2,6.6,0.4,805.5,0.0,49.2,688.1,68.2,577,,ROHTAS,
Bihar,Rohtas,IMD110-P574,2010,0.0,4.8,0.0,0.0,37.8,48.9,178.9,93.4,14.4,3.7,0.2,0.0,382.1,4.8,37.8,335.5,3.9,577,,ROHTAS,
Bihar,Saharsa,IMD110-P578,1901,26.2,0.5,15.5,0.0,,,215.5,182.8,105.6,4.8,11.7,0.0,,26.7,,,16.5,578,missing_months,SAHARSA,
Bihar,Saharsa,IMD110-P578,1902,0.0,0.0,,26.4,166.2,149.6,293.1,394.1,563.6,59.5,0.0,0.0,,0.0,,1400.4,59.5,578,missing_months,SAHARSA,
Bihar,Saharsa,IMD110-P578,1903,2.5,0.0,0.3,0.3,62.8,422.0,104.1,548.4,202.3,55.2,0.0,0.0,1397.9,2.5,63.4,1276.8,55.2,578,,SAHARSA,
Bihar,Saharsa,IMD110-P578,1904,0.5,0.0,0.0,50.5,207.5,118.6,340.8,185.4,120.4,151.4,1.3,0.0,1176.4,0.5,258.0,765.2,152.7,578,,SAHARSA,
Bihar,Saharsa,IMD110-P578,1905,4.0,41.5,18.5,65.8,126.6,123.4,603.4,364.8,442.8,64.8,0.0,0.0,1855.6,45.5,210.9,1534.4,64.8,578,,SAHARSA,
Bihar,Saharsa,IMD110-P578,1906,5.8,50.3,0.0,0.0,89.4,346.5,574.1,679.1,62.5,22.8,0.0,0.0,1830.5,56.1,89.4,1662.2,22.8,578,,SAHARSA,
Bihar,Saharsa,IMD110-P578,1907,0.0,5.6,60.0,38.6,93.9,315.4,432.9,150.7,229.5,5.1,0.0,11.4,1343.1,5.6,192.5,1128.5,16.5,578,,SAHARSA,
Bihar,Saharsa,IMD110-P578,1908,5.9,26.6,15.2,0.0,90.2,78.4,220.5,98.8,92.1,21.1,0.0,1.5,650.3,32.5,105.4,489.8,22.6,578,,SAHARSA,
Bihar,Saharsa,IMD110-P578,1909,0.0,1.8,0.0,73.8,48.0,391.5,172.4,492.4,196.7,22.9,0.0,0.0,1399.5,1.8,121.8,1253.0,22.9,578,,SAHARSA,
Bihar,Saharsa,IMD110-P578,1910,0.0,0.0,,7.6,123.1,424.6,484.0,142.5,246.2,,0.0,0.0,,0.0,,1297.3,,578,missing_months,SAHARSA,
Bihar,Saharsa,IMD110-P578,1911,12.7,0.0,0.0,19.1,116.0,329.0,369.7,240.9,287.8,53.4,3.0,0.0,1431.6,12.7,135.1,1227.4,56.4,578,,SAHARSA,
Bihar,Saharsa,IMD110-P578,1912,3.8,5.0,73.6,47.0,147.7,249.2,386.8,349.8,184.8,21.6,160.7,0.0,1630.0,8.8,268.3,1170.6,182.3,578,,SAHARSA,
Bihar,Saharsa,IMD110-P578,1913,0.0,34.3,0.0,3.8,114.3,376.0,273.4,263.9,310.4,41.9,0.0,12.4,1430.4,34.3,118.1,1223.7,54.3,578,,SAHARSA,
Bihar,Saharsa,IMD110-P578,1914,0.0,46.3,9.1,60.1,46.2,65.0,179.0,427.6,75.3,18.5,0.0,0.0,927.1,46.3,115.4,746.9,18.5,578,,SAHARSA,
Bihar,Saharsa,IMD110-P578,1915,0.0,38.6,27.2,16.5,194.7,256.6,454.8,342.2,171.8,125.2,7.6,0.0,1635.2,38.6,238.4,1225.4,132.8,578,,SAHARSA,
Bihar,Saharsa,IMD110-P578,1916,0.0,10.2,0.0,45.0,54.6,469.6,1135.7,266.5,319.5,141.0,0.0,0.0,2442.1,10.2,99.6,2191.3,141.0,578,,SAHARSA,
Bihar,Saharsa,IMD110-P578,1917,0.3,4.6,0.0,29.2,47.2,153.2,337.2,274.1,328.9,103.9,0.0,0.0,1278.6,4.9,76.4,1093.4,103.9,578,,SAHARSA,
Bihar,Saharsa,IMD110-P578,1918,0.0,0.0,0.0,113.6,210.0,464.2,401.4,308.9,202.1,24.4,0.0,0.0,1724.6,0.0,323.6,1376.6,24.4,578,,SAHARSA,
Bihar,Saharsa,IMD110-P578,1919,0.0,0.0,0.0,0.0,143.2,188.6,383.9,95.8,241.1,43.2,0.0,0.0,1095.8,0.0,143.2,909.4,43.2,578,,SAHARSA,
Bihar,Saharsa,IMD110-P578,1920,0.0,24.6,22.8,7.6,69.9,336.0,275.5,200.4,301.0,2.5,0.0,0.0,1240.3,24.6,100.3,1112.9,2.5,578,,SAHARSA,
Bihar,Saharsa,IMD110-P578,1921,34.0,0.0,0.0,74.9,64.1,184.6,649.7,324.0,139.2,20.3,0.0,0.0,1490.8,34.0,139.0,1297.5,20.3,578,,SAHARSA,
Bihar,Saharsa,IMD110-P578,1922,2.5,1.3,0.0,0.0,133.0,392.7,491.3,339.5,126.7,22.8,0.0,0.0,1509.8,3.8,133.0,1350.2,22.8,578,,SAHARSA,
Bihar,Saharsa,IMD110-P578,1923,2.5,35.8,0.0,26.1,243.9,368.8,341.4,103.7,198.6,46.0,2.2,0.0,1368.8,38.3,270.0,1012.4,48.1,578,,SAHARSA,
Bihar,Saharsa,IMD110-P578,1924,0.0,0.9,0.0,33.2,44.7,397.8,577.3,492.8,279.6,32.5,41.2,0.0,1900.0,0.9,77.9,1747.5,73.7,578,,SAHARSA,
Bihar,Saharsa,IMD110-P578,1925,0.0,0.0,2.0,176.2,51.7,281.3,139.3,309.9,159.5,36.3,25.4,0.0,1181.4,0.0,230.0,889.8,61.7,578,,SAHARSA,
Bihar,Saharsa,IMD110-P578,1926,18.1,0.0,34.0,24.1,95.3,66.3,470.1,295.3,163.5,2.2,0.0,0.0,1168.8,18.1,153.4,995.2,2.2,578,,SAHARSA,
Bihar,Saharsa,IMD110-P578,1927,31.0,17.5,42.2,11.4,94.7,73.5,410.9,577.0,407.0,14.3,23.6,0.0,1703.0,48.5,148.3,1468.3,37.9,578,,SAHARSA,
Bihar,Saharsa,IMD110-P578,1928,15.1,9.6,0.0,69.3,90.7,201.1,465.0,281.3,185.4,189.6,4.4,0.0,1511.7,24.8,160.0,1132.8,194.1,578,,SAHARSA,
Bihar,Saharsa,IMD110-P578,1929,24.9,0.0,17.8,13.8,123.1,229.8,390.0,215.0,184.2,396.8,0.0,19.5,1614.7,24.9,154.6,1019.0,416.2,578,,SAHARSA,
Bihar,Saharsa,IMD110-P578,1930,23.4,0.0,46.0,6.5,137.3,204.8,306.9,276.9,278.2,99.2,17.1,6.1,1402.2,23.4,189.7,1066.7,122.4,578,,SAHARSA,
Bihar,Saharsa,IMD110-P578,1931,0.0,4.6,16.9,3.0,69.8,220.3,617.3,188.3,452.4,73.3,1.9,0.4,1648.0,4.6,89.7,1478.2,75.6,578,,SAHARSA,
Bihar,Saharsa,IMD110-P578,1932,0.0,0.0,0.0,35.7,153.1,252.5,112.3,333.6,205.8,21.4,93.9,23.1,1231.3,0.0,188.8,904.2,138.4,578,,SAHARSA,
Bihar,Saharsa,IMD110-P578,1933,20.0,0.8,0.0,87.7,121.6,401.0,274.5,280.9,139.1,85.9,0.0,12.7,1424.0,20.8,209.3,1095.3,98.6,578,,SAHARSA,
Bihar,Saharsa,IMD110-P578,1934,16.4,6.1,0.0,11.6,74.7,301.8,530.8,194.9,137.9,117.7,0.0,8.8,1400.5,22.5,86.3,1165.3,126.5,579,,SAHARSA,
Bihar,Saharsa,IMD110-P578,1935,0.0,0.0,1.5,0.0,92.2,239.4,222.7,409.5,388.5,0.0,0.0,0.0,1353.8,0.0,93.7,1260.2,0.0,579,,SAHARSA,
Bihar,Saharsa,IMD110-P578,1936,0.0,0.0,0.0,15.9,211.0,142.2,379.5,142.8,395.7,66.2,0.0,0.0,1353.3,0.0,226.9,1060.2,66.2,579,,SAHARSA,
Bihar,Saharsa,IMD110-P578,1937,0.0,37.2,0.0,20.3,78.8,217.5,176.7,449.5,270.3,104.8,0.0,0.0,1355.2,37.2,99.1,1114.0,104.8,579,,SAHARSA,
Bihar,Saharsa,IMD110-P578,1938,0.0,8.2,0.0,15.3,144.0,384.3,420.3,401.1,191.9,40.0,0.0,0.0,1605.1,8.2,159.3,1397.6,40.0,579,,SAHARSA,
Bihar,Saharsa,IMD110-P578,1939,0.0,15.9,0.0,0.0,212.4,299.4,275.8,83.5,178.3,10.9,0.0,0.0,1076.1,15.9,212.4,836.9,10.9,579,,SAHARSA,
Bihar,Saharsa,IMD110-P578,1940,0.0,42.3,50.3,0.0,46.0,134.3,327.9,125.7,116.1,0.0,0.0,0.0,842.4,42.3,96.3,703.8,0.0,579,,SAHARSA,
Bihar,Saharsa,IMD110-P578,1941,7.8,2.7,0.0,5.1,123.8,132.6,351.5,408.7,164.8,17.6,6.3,0.0,1220.8,10.4,128.9,1057.6,24.0,579,,SAHARSA,
Bihar,Saharsa,IMD110-P578,1942,4.4,8.3,1.6,110.8,43.3,258.4,224.5,124.4,178.8,21.6,0.0,0.0,976.0,12.7,155.8,786.0,21.6,579,,SAHARSA,
Bihar,Saharsa,IMD110-P578,1943,7.5,2.3,4.2,74.3,83.9,307.7,207.3,169.8,105.9,5.7,0.0,0.0,968.6,9.8,162.4,790.7,5.7,579,,SAHARSA,
Bihar,Saharsa,IMD110-P578,1944,6.3,8.4,17.8,72.4,41.3,400.3,218.0,164.4,294.5,,0.0,0.0,,14.8,131.4,1077.3,,579,missing_months,SAHARSA,
Bihar,Saharsa,IMD110-P578,1945,17.1,7.0,0.0,50.5,141.0,340.2,309.6,329.1,602.5,144.8,0.0,0.0,1941.9,24.1,191.6,1581.4,144.8,579,,SAHARSA,
Bihar,Saharsa,IMD110-P578,1946,,,1.3,125.7,51.6,477.8,,276.7,228.4,,0.0,0.0,,,178.6,,,579,missing_months,SAHARSA,
Bihar,Saharsa,IMD110-P578,1947,0.0,0.0,0.0,0.0,108.0,49.1,473.4,139.7,334.2,38.9,0.0,,,0.0,108.0,996.3,,579,missing_months,SAHARSA,
Bihar,Saharsa,IMD110-P578,1948,0.0,0.0,0.0,11.0,78.2,123.3,631.9,,116.5,3.8,64.8,0.0,,0.0,89.3,,68.6,579,missing_months,SAHARSA,
Bihar,Saharsa,IMD110-P578,1949,0.0,35.5,0.0,41.3,251.0,259.7,373.6,358.1,214.6,94.0,0.0,,,35.5,292.4,1206.1,,579,missing_months,SAHARSA,
Bihar,Saharsa,IMD110-P578,1950,6.3,0.0,52.6,0.0,0.0,393.5,186.8,311.1,110.5,12.0,3.2,0.0,1076.0,6.3,52.6,1001.8,15.2,579,,SAHARSA,
Bihar,Saharsa,IMD110-P578,1951,3.6,0.0,0.0,19.1,185.5,284.6,292.4,318.3,402.1,116.8,,0.0,,3.6,204.6,1297.3,,579,missing_months,SAHARSA,
Bihar,Saharsa,IMD110-P578,1952,0.0,10.2,,25.4,119.3,88.9,63.4,,403.9,48.3,0.0,0.0,,10.2,,,48.3,579,missing_months,SAHARSA,
Bihar,Saharsa,IMD110-P578,1953,12.7,0.0,0.0,23.9,50.8,292.1,344.3,245.1,575.2,0.0,0.0,0.0,1544.1,12.7,74.7,1456.7,0.0,579,,SAHARSA,
Bihar,Saharsa,IMD110-P578,1954,,,,0.0,114.4,,,495.3,76.2,0.0,,0.0,,,,,,579,missing_months,SAHARSA,
Bihar,Saharsa,IMD110-P578,1955,0.0,0.0,0.0,0.0,0.0,,,,,,,,,0.0,0.0,,,579,missing_months,SAHARSA,
Bihar,Saharsa,IMD110-P578,1956,0.0,0.0,0.0,38.1,284.5,528.9,291.7,285.4,234.3,204.3,36.8,0.0,1904.0,0.0,322.6,1340.3,241.1,579,,SAHARSA,
Bihar,Saharsa,IMD110-P578,1957,33.0,0.0,0.0,0.0,5.1,272.3,261.0,388.1,137.7,0.0,0.0,0.0,1097.2,33.0,5.1,1059.1,0.0,579,,SAHARSA,
Bihar,Saharsa,IMD110-P578,1958,28.0,,0.0,101.6,,262.3,203.3,646.7,263.3,71.0,0.0,7.0,,,,1375.6,78.0,579,missing_months,SAHARSA,
Bihar,Saharsa,IMD110-P578,1959,87.0,0.0,,58.0,15.0,431.0,308.0,156.0,304.0,138.0,0.0,0.0,,87.0,,1199.0,138.0,579,missing_months,SAHARSA,
Bihar,Saharsa,IMD110-P578,1960,0.0,0.0,38.8,,64.8,125.0,,52.8,643.2,,0.0,0.0,,0.0,,,,579,missing_months,SAHARSA,
Bihar,Saharsa,IMD110-P578,1961,5.7,29.0,32.5,6.7,62.5,262.7,110.2,266.5,99.1,264.5,1.8,9.6,1150.7,34.7,101.7,738.5,275.9,579,,SAHARSA,
Bihar,Saharsa,IMD110-P578,1962,8.4,10.1,6.1,59.9,49.0,169.1,236.3,460.5,241.7,150.3,0.0,1.6,1393.0,18.4,115.0,1107.6,152.0,579,,SAHARSA,
Bihar,Saharsa,IMD110-P578,1963,0.7,0.0,17.7,24.1,109.1,233.2,358.1,318.6,309.0,153.4,35.6,0.0,1559.5,0.7,150.9,1218.9,189.0,579,,SAHARSA,
Bihar,Saharsa,IMD110-P578,1964,0.0,1.5,0.7,42.7,66.3,168.5,470.7,174.4,303.1,54.7,0.0,0.0,1282.7,1.5,109.7,1116.8,54.7,579,,SAHARSA,
Bihar,Saharsa,IMD110-P578,1965,0.0,0.0,17.5,5.0,4.3,207.8,289.8,309.4,277.0,21.6,12.0,0.0,1144.6,0.0,26.8,1084.0,33.6,579,,SAHARSA,
Bihar,Saharsa,IMD110-P578,1966,31.9,5.2,0.0,0.5,64.5,21.4,235.7,365.2,98.7,43.7,30.1,0.0,896.8,37.1,65.0,721.0,73.8,579,,SAHARSA,
Bihar,Saharsa,IMD110-P578,1967,0.0,0.0,77.7,54.1,42.6,129.2,398.3,341.2,185.5,3.3,0.0,0.0,1231.9,0.0,174.5,1054.1,3.3,579,,SAHARSA,
Bihar,Saharsa,IMD110-P578,1968,37.5,1.0,9.0,0.0,12.3,250.4,295.0,425.1,79.7,178.7,0.0,0.0,1288.7,38.5,21.3,1050.2,178.7,580,,SAHARSA,
Bihar,Saharsa,IMD110-P578,1969,8.5,12.7,22.5,7.7,60.7,153.6,413.4,263.3,160.3,26.4,91.8,0.0,1220.8,21.2,90.8,990.6,118.2,580,,SAHARSA,
Bihar,Saharsa,IMD110-P578,1970,9.6,8.4,0.0,30.4,19.0,266.8,457.3,259.1,127.3,6.3,0.0,0.0,1184.1,18.0,49.4,1110.5,6.3,580,,SAHARSA,
Bihar,Saharsa,IMD110-P578,1974,1.7,0.4,37.5,7.5,61.5,154.8,320.2,300.9,189.6,35.8,0.7,3.4,1114.0,2.1,106.5,965.4,39.9,580,,SAHARSA,
Bihar,Saharsa,IMD110-P578,1975,4.7,7.7,0.4,17.3,54.9,80.9,333.0,196.1,252.8,50.9,0.0,0.0,998.6,12.4,72.6,862.7,50.9,580,,SAHARSA,
Bihar,Saharsa,IMD110-P578,1976,6.3,13.9,0.0,2.1,132.1,127.9,154.1,425.8,358.9,37.7,0.0,0.0,1258.8,20.2,134.2,1066.7,37.7,580,,SAHARSA,
Bihar,Saharsa,IMD110-P578,1977,,,,,,,254.2,578.8,124.2,142.8,0.0,0.3,,,,,143.1,580,missing_months,SAHARSA,
Bihar,Saharsa,IMD110-P578,1978,0.0,1.4,0.0,1.8,4.8,34.1,455.7,117.6,129.1,0.0,0.0,0.0,744.5,1.4,6.6,736.5,0.0,580,,SAHARSA,
Bihar,Saharsa,IMD110-P578,1979,1.5,1.5,2.6,44.0,0.5,,,,,180.1,31.6,21.5,,3.0,47.1,,233.2,580,missing_months,SAHARSA,
Bihar,Saharsa,IMD110-P578,1980,0.1,0.0,17.6,16.5,121.4,117.0,380.6,341.1,183.0,14.3,0.0,0.1,1191.6,0.1,155.5,1021.7,14.3,580,,SAHARSA,
Bihar,Saharsa,IMD110-P578,1981,18.7,19.1,25.9,57.6,104.1,201.7,610.0,339.6,118.5,0.1,0.3,0.5,1496.1,37.8,187.6,1269.8,0.9,580,,SAHARSA,
Bihar,Saharsa,IMD110-P578,1982,0.0,10.6,6.8,28.3,36.5,318.5,504.1,98.4,397.9,102.8,12.6,0.0,1516.5,10.6,71.7,1318.9,115.4,580,,SAHARSA,
Bihar,Saharsa,IMD110-P578,1983,24.5,0.0,8.6,21.8,124.4,246.6,530.6,239.1,217.6,67.4,0.0,2.3,1482.8,24.5,154.8,1233.9,69.7,580,,SAHARSA,
Bihar,Saharsa,IMD110-P578,1984,10.0,18.1,5.5,24.5,127.8,489.9,500.3,125.3,606.0,1.7,0.0,6.0,1915.1,28.1,157.8,1721.5,7.7,580,,SAHARSA,
Bihar,Saharsa,IMD110-P578,1985,2.7,0.0,4.3,2.9,138.9,268.5,484.9,152.4,277.2,206.0,7.2,9.8,1554.7,2.7,146.1,1182.9,223.0,580,,SAHARSA,
Bihar,Saharsa,IMD110-P578,1986,0.0,2.7,0.0,20.1,184.0,103.7,431.3,256.9,279.5,145.6,0.6,22.7,1447.2,2.7,204.2,1071.4,168.9,580,,SAHARSA,
Bihar,Saharsa,IMD110-P578,1987,0.0,4.8,21.2,121.6,93.1,314.3,461.6,834.6,364.9,116.7,0.0,2.2,2335.1,4.8,236.0,1975.4,118.9,580,,SAHARSA,
Bihar,Saharsa,IMD110-P578,1988,0.2,68.5,47.7,117.2,74.8,144.1,451.2,525.3,120.1,29.3,1.0,6.0,1585.5,68.7,239.8,1240.7,36.3,580,,SAHARSA,
Bihar,Saharsa,IMD110-P578,1989,8.5,14.6,15.3,0.0,146.0,243.8,453.2,183.4,384.1,26.7,0.0,2.9,1478.3,23.0,161.3,1264.4,29.5,580,,SAHARSA,
Bihar,Saharsa,IMD110-P578,1990,0.0,7.9,16.0,2.4,59.6,145.2,526.3,380.9,280.3,38.1,0.0,0.0,1456.8,7.9,78.0,1332.7,38.1,580,,SAHARSA,
Bihar,Saharsa,IMD110-P578,1991,32.4,4.5,16.0,25.6,38.4,230.2,163.4,287.7,297.6,19.0,0.0,13.0,1128.1,36.9,80.0,979.0,32.1,580,,SAHARSA,
Bihar,Saharsa,IMD110-P578,1992,2.2,0.4,0.0,0.8,150.4,135.5,261.9,231.6,69.4,69.9,1.9,0.1,924.0,2.6,151.2,698.3,71.8,580,,SAHARSA,
Bihar,Saharsa,IMD110-P578,1993,13.7,6.7,18.0,19.4,57.7,197.6,304.1,400.4,291.5,75.3,7.5,0.0,1391.9,20.4,95.0,1193.7,82.8,580,,SAHARSA,
Bihar,Saharsa,IMD110-P578,1994,24.3,27.1,0.0,0.0,37.4,78.6,120.7,304.4,180.4,16.6,0.0,0.0,789.5,51.4,37.4,684.1,16.6,580,,SAHARSA,
Bihar,Saharsa,IMD110-P578,1995,2.7,11.5,0.2,0.0,7.3,199.7,164.9,433.1,277.8,19.4,36.8,25.1,1178.4,14.2,7.5,1075.4,81.3,580,,SAHARSA,
Bihar,Saharsa,IMD110-P578,1996,23.2,6.9,0.9,1.4,36.0,166.2,284.4,254.5,102.7,57.5,0.0,0.0,933.6,30.1,38.2,807.7,57.5,580,,SAHARSA,
Bihar,Saharsa,IMD110-P578,1997,8.0,0.3,2.8,35.7,25.8,169.9,386.6,189.9,168.3,5.4,0.2,15.6,1008.4,8.3,64.3,914.7,21.1,580,,SAHARSA,
Bihar,Saharsa,IMD110-P578,1998,8.3,15.2,20.1,53.6,29.9,84.7,466.7,312.1,234.7,97.4,5.6,0.0,1328.3,23.5,103.5,1098.3,103.0,580,,SAHARSA,
Bihar,Saharsa,IMD110-P578,1999,0.0,0.0,0.0,18.0,127.7,319.4,442.0,379.5,333.9,113.4,6.5,0.0,1740.5,0.0,145.7,1474.9,119.9,580,,SAHARSA,
Bihar,Saharsa,IMD110-P578,2000,0.1,27.1,0.2,60.0,136.6,284.8,251.4,222.5,403.8,13.9,0.0,0.0,1400.4,27.2,196.8,1162.5,13.9,580,,SAHARSA,
Bihar,Saharsa,IMD110-P578,2001,0.6,0.1,0.8,24.0,161.3,198.9,149.6,217.4,298.6,262.0,0.6,0.0,1314.0,0.7,186.2,864.5,262.5,580,,SAHARSA,
Bihar,Saharsa,IMD110-P578,2002,11.8,1.2,0.0,59.7,103.4,132.5,573.5,153.9,109.9,32.4,0.0,0.0,1178.3,13.0,163.0,969.8,32.4,580,,SAHARSA,
Bihar,Saharsa,IMD110-P578,2003,11.6,23.3,11.2,35.0,50.7,243.4,380.1,195.4,153.8,131.2,0.0,5.0,1240.7,34.9,96.9,972.7,136.2,580,,SAHARSA,
Bihar,Saharsa,IMD110-P578,2004,22.5,0.0,6.0,47.8,137.3,258.8,962.6,175.6,124.6,71.0,0.0,0.0,1806.1,22.5,191.1,1521.6,71.0,580,,SAHARSA,
Bihar,Saharsa,IMD110-P578,2005,12.0,12.0,2.7,18.2,50.1,174.9,455.1,292.4,124.8,12.1,0.0,0.0,1154.4,24.0,71.0,1047.3,12.1,581,,SAHARSA,
Bihar,Saharsa,IMD110-P578,2006,0.0,0.0,0.0,3.7,6.8,32.6,249.8,117.2,306.1,26.4,27.0,4.9,774.5,0.0,10.5,705.7,58.3,581,,SAHARSA,
Bihar,Saharsa,IMD110-P578,2007,0.0,34.7,7.3,35.3,185.0,226.0,359.1,315.9,326.9,22.6,0.2,0.0,1513.0,34.7,227.6,1227.9,22.8,581,,SAHARSA,
Bihar,Saharsa,IMD110-P578,2008,10.0,7.7,25.9,27.7,39.0,208.9,305.9,258.5,69.9,9.3,0.0,0.0,962.8,17.7,92.6,843.2,9.3,581,,SAHARSA,
Bihar,Saharsa,IMD110-P578,2009,0.0,0.0,0.7,5.4,116.9,64.9,255.4,367.2,108.5,66.6,0.2,0.3,985.9,0.0,122.9,795.9,67.1,581,,SAHARSA,
Bihar,Saharsa,IMD110-P578,2010,0.0,0.0,0.0,11.2,55.6,53.7,87.9,74.3,101.0,2.6,0.0,0.0,386.4,0.0,66.8,316.9,2.6,581,,SAHARSA,
Bihar,Samastipur,IMD110-P582,1901,37.6,9.1,8.9,0.0,71.6,91.4,198.8,306.4,96.1,14.9,12.9,0.0,847.6,46.6,80.5,692.7,27.8,582,,SAMASTIPUR,
Bihar,Samastipur,IMD110-P582,1902,0.0,0.0,21.8,2.5,45.0,124.9,368.4,287.3,570.3,95.4,0.0,0.0,1515.4,0.0,69.3,1350.8,95.4,582,,SAMASTIPUR,
Bihar,Samastipur,IMD110-P582,1903,4.7,2.8,0.4,0.0,19.0,192.0,80.5,122.7,91.3,102.4,0.0,0.0,615.7,7.5,19.4,486.5,102.4,582,,SAMASTIPUR,
Bihar,Samastipur,IMD110-P582,1904,4.3,0.8,0.6,7.5,135.1,173.5,360.5,468.3,131.0,89.4,2.3,0.0,1373.4,5.1,143.3,1133.3,91.7,582,,SAMASTIPUR,
Bihar,Samastipur,IMD110-P582,1905,14.9,9.6,22.5,7.2,56.7,30.2,446.3,893.9,355.1,11.6,0.0,0.4,1848.3,24.6,86.3,1725.4,11.9,582,,SAMASTIPUR,
Bihar,Samastipur,IMD110-P582,1906,18.9,60.1,3.6,0.0,105.2,266.5,407.0,389.5,126.9,30.9,0.0,0.0,1408.4,79.0,108.8,1189.8,30.9,582,,SAMASTIPUR,
Bihar,Samastipur,IMD110-P582,1907,0.0,33.9,75.4,29.5,45.8,259.1,323.1,225.6,301.6,0.0,0.0,4.9,1299.0,33.9,150.8,1109.4,4.9,582,,SAMASTIPUR,
Bihar,Samastipur,IMD110-P582,1908,21.0,47.3,5.3,0.0,7.6,52.1,138.6,127.8,155.9,2.7,0.0,0.8,559.1,68.3,13.0,474.4,3.4,582,,SAMASTIPUR,
Bihar,Samastipur,IMD110-P582,1909,0.0,1.3,0.0,98.9,31.4,605.3,440.7,440.4,202.3,51.5,0.0,3.6,1875.3,1.3,130.3,1688.7,55.1,582,,SAMASTIPUR,
Bihar,Samastipur,IMD110-P582,1910,0.0,3.3,1.5,4.0,7.1,181.3,263.2,198.1,191.6,46.7,5.0,0.0,901.8,3.3,12.6,834.2,51.7,582,,SAMASTIPUR,
Bihar,Samastipur,IMD110-P582,1911,4.2,0.0,15.8,35.5,56.3,351.4,237.1,662.7,356.6,90.1,14.0,0.0,1823.6,4.2,107.4,1607.8,104.1,582,,SAMASTIPUR,
Bihar,Samastipur,IMD110-P582,1912,2.8,2.5,37.5,24.1,76.1,151.6,416.9,238.4,125.2,18.3,64.8,0.0,1158.2,5.3,137.7,932.1,83.1,582,,SAMASTIPUR,
Bihar,Samastipur,IMD110-P582,1913,0.0,46.3,33.0,0.0,162.2,379.7,294.0,407.0,242.3,76.1,0.0,24.5,1665.2,46.3,195.2,1323.0,100.6,582,,SAMASTIPUR,
Bihar,Samastipur,IMD110-P582,1914,0.2,24.1,1.2,31.0,67.6,83.7,238.4,575.4,165.1,12.9,0.0,0.0,1199.6,24.3,99.8,1062.7,12.9,582,,SAMASTIPUR,
Bihar,Samastipur,IMD110-P582,1915,8.0,53.8,9.1,10.1,51.3,133.4,233.7,480.5,151.6,62.5,36.1,0.0,1230.4,61.8,70.6,999.3,98.6,582,,SAMASTIPUR,
Bihar,Samastipur,IMD110-P582,1916,0.0,8.2,0.0,16.5,11.8,241.2,328.9,445.8,293.0,102.4,0.0,0.0,1447.7,8.2,28.3,1308.8,102.4,582,,SAMASTIPUR,
Bihar,Samastipur,IMD110-P582,1917,5.8,17.9,1.8,0.8,75.7,150.1,212.7,131.2,245.4,36.6,0.0,0.0,877.8,23.6,78.4,739.3,36.6,582,,SAMASTIPUR,
Bihar,Samastipur,IMD110-P582,1918,0.9,0.0,3.3,48.3,80.8,210.2,265.5,747.9,163.3,1.3,0.0,0.0,1521.5,0.9,132.4,1386.8,1.3,582,,SAMASTIPUR,
Bihar,Samastipur,IMD110-P582,1919,49.8,0.3,0.0,27.2,23.0,104.3,459.0,234.8,309.6,87.6,0.0,0.0,1295.6,50.1,50.2,1107.8,87.6,582,,SAMASTIPUR,
Bihar,Samastipur,IMD110-P582,1920,0.0,27.3,37.7,0.0,22.5,57.9,328.6,105.8,593.3,0.4,0.0,0.0,1173.5,27.3,60.2,1085.5,0.4,582,,SAMASTIPUR,
Bihar,Samastipur,IMD110-P582,1921,11.4,0.0,3.2,0.9,28.9,157.2,209.9,481.3,332.8,29.3,0.0,0.0,1254.9,11.4,33.0,1181.2,29.3,582,,SAMASTIPUR,
Bihar,Samastipur,IMD110-P582,1922,7.9,6.4,0.0,5.8,5.8,373.2,256.2,337.2,216.3,8.4,0.0,4.0,1221.3,14.3,11.6,1182.9,12.4,582,,SAMASTIPUR,
Bihar,Samastipur,IMD110-P582,1923,0.0,37.0,0.0,1.9,6.2,111.1,164.4,181.7,124.6,12.1,0.2,0.2,639.5,37.0,8.1,581.8,12.5,582,,SAMASTIPUR,
Bihar,Samastipur,IMD110-P582,1924,0.8,21.0,0.3,18.4,9.4,105.4,477.4,239.6,409.1,29.8,67.0,0.0,1378.1,21.8,28.1,1231.4,96.8,582,,SAMASTIPUR,
Bihar,Samastipur,IMD110-P582,1925,17.6,0.0,1.1,19.3,17.8,93.5,342.0,314.4,560.6,33.1,7.3,0.0,1406.7,17.6,38.1,1310.6,40.3,582,,SAMASTIPUR,
Bihar,Samastipur,IMD110-P582,1926,4.9,0.0,1.8,18.3,22.3,83.1,468.2,294.0,257.5,14.3,0.0,7.1,1171.4,4.9,42.3,1102.8,21.4,582,,SAMASTIPUR,
Bihar,Samastipur,IMD110-P582,1927,16.7,34.7,47.4,0.0,72.9,160.1,327.4,252.6,143.8,17.0,50.4,0.0,1123.0,51.4,120.3,883.9,67.4,582,,SAMASTIPUR,
Bihar,Samastipur,IMD110-P582,1928,49.9,9.4,0.0,0.7,55.1,175.7,341.3,296.8,54.5,133.3,0.0,3.4,1120.1,59.3,55.8,868.3,136.6,582,,SAMASTIPUR,
Bihar,Samastipur,IMD110-P582,1929,88.0,0.0,12.0,18.0,19.6,169.5,212.8,270.2,148.4,304.1,0.0,83.6,1326.2,88.0,49.5,800.9,387.7,582,,SAMASTIPUR,
Bihar,Samastipur,IMD110-P582,1930,11.1,7.3,5.0,2.9,37.8,167.3,137.5,213.6,207.3,27.0,9.4,15.0,841.3,18.4,45.7,725.8,51.4,582,,SAMASTIPUR,
Bihar,Samastipur,IMD110-P582,1931,0.0,43.5,7.2,0.0,17.3,43.5,467.9,250.6,210.3,20.7,10.7,0.0,1071.8,43.5,24.5,972.4,31.4,582,,SAMASTIPUR,
Bihar,Samastipur,IMD110-P582,1932,0.0,6.2,0.0,4.9,5.7,114.2,111.6,231.0,194.1,28.0,91.5,1.7,788.8,6.2,10.6,650.8,121.2,582,,SAMASTIPUR,
Bihar,Samastipur,IMD110-P582,1933,4.4,17.2,0.0,46.9,90.3,213.4,325.7,364.4,255.9,42.0,0.0,0.0,1360.1,21.6,137.1,1159.3,42.0,582,,SAMASTIPUR,
Bihar,Samastipur,IMD110-P582,1934,35.8,9.7,3.7,6.1,6.4,132.6,478.9,364.7,283.0,37.1,7.6,0.0,1365.7,45.5,16.2,1259.2,44.8,583,,SAMASTIPUR,
Bihar,Samastipur,IMD110-P582,1935,14.7,33.2,0.0,2.8,0.0,174.4,181.6,374.0,437.4,9.5,0.0,0.0,1227.5,47.9,2.8,1167.3,9.5,583,,SAMASTIPUR,
Bihar,Samastipur,IMD110-P582,1936,5.3,0.9,7.3,0.0,84.4,233.8,467.2,367.7,371.1,129.1,0.0,3.1,1669.7,6.2,91.7,1439.6,132.2,583,,SAMASTIPUR,
Bihar,Samastipur,IMD110-P582,1937,0.0,108.4,0.0,2.5,100.0,103.6,182.4,609.8,264.0,294.1,0.0,0.0,1664.8,108.4,102.5,1159.8,294.1,583,,SAMASTIPUR,
Bihar,Samastipur,IMD110-P582,1938,8.3,19.0,0.0,0.0,221.8,397.6,344.8,476.6,409.2,43.9,0.0,0.0,1921.2,27.3,221.8,1628.2,43.9,583,,SAMASTIPUR,
Bihar,Samastipur,IMD110-P582,1939,0.3,54.7,14.7,0.0,11.4,267.7,419.1,437.0,332.5,85.1,0.0,0.0,1622.7,55.0,26.2,1456.4,85.1,583,,SAMASTIPUR,
Bihar,Samastipur,IMD110-P582,1940,0.0,66.8,76.8,0.0,48.3,127.7,207.0,231.7,158.4,0.0,0.0,8.3,925.0,66.8,125.1,724.8,8.3,583,,SAMASTIPUR,
Bihar,Samastipur,IMD110-P582,1941,26.6,1.0,0.0,0.0,25.3,91.2,127.4,501.4,214.4,18.1,0.0,0.0,1005.4,27.6,25.3,934.4,18.1,583,,SAMASTIPUR,
Bihar,Samastipur,IMD110-P582,1942,26.7,22.8,12.1,11.8,23.1,160.8,176.7,285.9,535.2,8.6,0.0,0.0,1263.6,49.5,47.0,1158.5,8.6,583,,SAMASTIPUR,
Bihar,Samastipur,IMD110-P582,1943,18.6,12.0,0.0,125.2,30.0,110.2,273.5,257.4,299.1,11.8,0.0,0.0,1137.7,30.6,155.1,940.2,11.8,583,,SAMASTIPUR,
Bihar,Samastipur,IMD110-P582,1944,41.9,28.6,16.4,22.3,37.8,247.6,174.6,376.4,238.9,36.8,0.0,0.0,1221.5,70.6,76.6,1037.5,36.8,583,,SAMASTIPUR,
Bihar,Samastipur,IMD110-P582,1945,80.3,29.1,0.0,81.7,89.5,91.8,214.1,185.7,410.5,200.3,0.0,4.7,1387.7,109.4,171.2,902.0,205.1,583,,SAMASTIPUR,
Bihar,Samastipur,IMD110-P582,1946,0.0,16.0,3.5,20.9,86.7,37.0,301.7,191.0,175.9,85.6,10.2,0.0,928.6,16.0,111.1,705.6,95.8,583,,SAMASTIPUR,
Bihar,Samastipur,IMD110-P582,1947,12.1,5.4,0.0,9.2,41.5,32.0,440.9,239.6,261.7,70.2,0.0,0.0,1112.5,17.5,50.7,974.1,70.2,583,,SAMASTIPUR,
Bihar,Samastipur,IMD110-P582,1948,0.0,0.0,2.5,0.0,23.5,107.2,387.2,302.6,282.0,89.7,27.9,0.0,1222.6,0.0,26.0,1079.0,117.6,583,,SAMASTIPUR,
Bihar,Samastipur,IMD110-P582,1949,13.9,58.3,0.0,36.5,34.7,286.3,302.8,280.4,173.7,96.9,4.2,0.0,1287.7,72.2,71.2,1043.2,101.2,583,,SAMASTIPUR,
Bihar,Samastipur,IMD110-P582,1950,4.2,4.9,14.1,0.0,55.4,362.5,134.6,250.7,79.6,0.0,0.0,0.0,906.1,9.1,69.5,827.4,0.0,583,,SAMASTIPUR,
Bihar,Samastipur,IMD110-P582,1951,4.1,0.0,5.5,3.8,8.1,56.7,392.8,178.4,104.3,24.9,0.0,0.0,778.6,4.1,17.5,732.1,24.9,583,,SAMASTIPUR,
Bihar,Samastipur,IMD110-P582,1952,0.0,11.8,6.5,13.1,13.9,588.8,102.0,235.9,333.1,8.9,0.0,0.0,1314.0,11.8,33.5,1259.8,8.9,583,,SAMASTIPUR,
Bihar,Samastipur,IMD110-P582,1953,18.9,10.6,2.2,18.2,41.9,190.8,433.9,222.8,313.3,3.9,0.0,1.1,1257.6,29.5,62.4,1160.7,5.0,583,,SAMASTIPUR,
Bihar,Samastipur,IMD110-P582,1954,16.8,18.4,0.5,0.0,23.6,244.2,320.1,368.9,225.8,5.8,0.0,0.0,1224.0,35.2,24.1,1159.0,5.8,583,,SAMASTIPUR,
Bihar,Samastipur,IMD110-P582,1955,7.6,7.3,0.9,7.5,14.7,196.6,559.8,517.0,163.1,33.2,0.0,0.0,1507.8,14.9,23.0,1436.7,33.2,583,,SAMASTIPUR,
Bihar,Samastipur,IMD110-P582,1956,25.0,1.6,4.6,0.0,24.6,301.0,124.1,179.9,473.0,176.7,40.4,2.7,1353.7,26.6,29.3,1078.0,219.8,583,,SAMASTIPUR,
Bihar,Samastipur,IMD110-P582,1957,78.1,0.5,3.7,1.3,0.0,84.1,318.7,265.8,87.1,0.6,0.3,3.8,843.9,78.6,4.9,755.7,4.7,583,,SAMASTIPUR,
Bihar,Samastipur,IMD110-P582,1958,28.6,0.0,4.6,20.1,8.6,95.9,241.0,510.5,241.6,54.4,0.0,0.0,1205.3,28.6,33.3,1089.0,54.4,583,,SAMASTIPUR,
Bihar,Samastipur,IMD110-P582,1959,65.9,0.0,14.9,12.3,48.7,70.9,257.1,235.2,158.0,284.7,0.0,0.0,1147.8,65.9,75.9,721.2,284.7,583,,SAMASTIPUR,
Bihar,Samastipur,IMD110-P582,1960,0.1,0.0,52.4,0.0,5.6,140.7,294.0,195.2,441.9,,,0.0,,0.1,58.0,1071.8,,583,missing_months,SAMASTIPUR,
Bihar,Samastipur,IMD110-P582,1961,10.0,24.7,0.0,0.0,41.3,174.4,146.1,235.6,111.9,364.5,0.0,14.5,1123.0,34.6,41.3,668.0,379.0,583,,SAMASTIPUR,
Bihar,Samastipur,IMD110-P582,1962,12.5,5.5,11.6,5.7,17.2,180.2,206.7,351.4,277.3,86.2,0.0,5.8,1160.2,18.0,34.5,1015.6,92.0,583,,SAMASTIPUR,
Bihar,Samastipur,IMD110-P582,1963,6.7,4.7,5.9,16.4,89.3,119.2,458.3,216.2,344.6,114.6,16.9,0.0,1392.7,11.4,111.6,1138.3,131.4,583,,SAMASTIPUR,
Bihar,Samastipur,IMD110-P582,1964,2.1,4.3,0.0,39.0,70.0,117.1,331.7,110.3,179.4,118.1,0.0,0.0,971.9,6.4,109.0,738.5,118.1,583,,SAMASTIPUR,
Bihar,Samastipur,IMD110-P582,1965,0.0,1.2,19.2,0.0,0.0,47.8,257.8,332.5,356.6,18.7,0.0,0.0,1033.7,1.2,19.2,994.7,18.7,583,,SAMASTIPUR,
Bihar,Samastipur,IMD110-P582,1966,33.2,9.9,0.0,0.0,41.2,57.6,142.9,223.7,52.3,31.7,15.4,0.0,607.9,43.1,41.2,476.5,47.1,583,,SAMASTIPUR,
Bihar,Samastipur,IMD110-P582,1967,0.0,0.0,57.0,31.5,24.0,24.9,232.6,369.5,217.6,22.3,0.0,1.3,980.7,0.0,112.5,844.6,23.6,583,,SAMASTIPUR,
Bihar,Samastipur,IMD110-P582,1968,37.0,0.0,15.3,0.0,12.4,257.6,331.1,150.1,63.4,102.0,0.0,2.6,971.6,37.0,27.7,802.3,104.6,584,,SAMASTIPUR,
Bihar,Samastipur,IMD110-P582,1969,10.2,10.6,17.9,32.5,81.1,224.7,302.7,412.7,151.4,19.8,42.3,0.0,1306.0,20.8,131.5,1091.6,62.1,584,,SAMASTIPUR,
Bihar,Samastipur,IMD110-P582,1970,18.3,10.1,0.0,29.6,51.7,133.6,187.6,133.1,161.9,5.3,0.0,0.0,731.2,28.4,81.3,616.2,5.3,584,,SAMASTIPUR,
Bihar,Samastipur,IMD110-P582,1974,2.5,0.0,20.8,6.8,0.0,173.3,500.9,471.5,187.3,13.5,4.1,7.2,1387.8,2.5,27.5,1333.0,24.7,584,,SAMASTIPUR,
Bihar,Samastipur,IMD110-P582,1975,9.6,5.2,0.0,11.8,31.0,55.1,231.1,185.4,174.6,43.6,0.0,0.0,747.3,14.7,42.8,646.2,43.6,584,,SAMASTIPUR,
Bihar,Samastipur,IMD110-P582,1976,,,0.0,,77.6,77.6,223.0,226.5,615.2,14.5,0.0,0.0,,,,1142.3,14.5,584,missing_months,SAMASTIPUR,
Bihar,Samastipur,IMD110-P582,1977,0.8,14.8,9.2,5.8,88.8,70.9,314.7,208.0,81.9,90.6,0.3,4.5,890.4,15.6,103.8,675.6,95.4,584,,SAMASTIPUR,
Bihar,Samastipur,IMD110-P582,1978,2.4,33.2,18.7,1.5,75.4,171.6,226.2,159.2,219.2,260.5,0.0,1.1,1169.0,35.6,95.6,776.1,261.6,584,,SAMASTIPUR,
Bihar,Samastipur,IMD110-P582,1979,20.4,12.4,5.4,36.1,0.0,130.7,532.5,142.8,134.9,111.7,42.4,11.4,1180.6,32.8,41.5,940.8,165.5,584,,SAMASTIPUR,
Bihar,Samastipur,IMD110-P582,1980,4.0,0.0,3.7,22.2,63.1,49.5,426.2,449.7,154.4,3.3,0.0,0.0,1176.1,4.0,89.0,1079.8,3.3,584,,SAMASTIPUR,
Bihar,Samastipur,IMD110-P582,1981,23.0,0.0,13.9,46.6,72.8,63.2,688.2,311.0,161.9,1.6,8.6,0.1,1390.9,23.0,133.3,1224.3,10.3,584,,SAMASTIPUR,
Bihar,Samastipur,IMD110-P582,1982,0.8,8.0,20.4,10.2,22.3,261.1,163.3,130.2,184.7,42.5,16.7,0.5,860.7,8.8,52.8,739.4,59.7,584,,SAMASTIPUR,
Bihar,Samastipur,IMD110-P582,1983,11.3,3.3,10.0,59.0,116.2,126.2,330.2,148.7,142.8,110.3,0.0,17.1,1075.1,14.7,185.1,747.9,127.4,584,,SAMASTIPUR,
Bihar,Samastipur,IMD110-P582,1984,25.7,44.2,0.0,0.0,52.7,353.8,364.4,226.3,228.1,9.9,0.0,0.3,1305.5,69.9,52.7,1172.7,10.3,584,,SAMASTIPUR,
Bihar,Samastipur,IMD110-P582,1985,10.2,0.0,0.0,24.4,70.7,153.4,395.3,231.0,316.7,149.3,0.2,1.7,1352.9,10.2,95.1,1096.4,151.2,584,,SAMASTIPUR,
Bihar,Samastipur,IMD110-P582,1986,0.2,8.2,0.0,5.5,113.1,130.5,282.1,191.2,162.0,67.5,0.0,11.2,971.5,8.4,118.7,765.8,78.7,584,,SAMASTIPUR,
Bihar,Samastipur,IMD110-P582,1987,0.0,0.0,2.0,50.5,18.2,133.2,337.3,589.4,404.5,11.2,0.0,4.0,1550.4,0.0,70.7,1464.5,15.2,584,,SAMASTIPUR,
Bihar,Samastipur,IMD110-P582,1988,2.2,12.5,33.5,44.7,14.7,169.3,253.7,409.4,154.5,28.3,0.1,24.5,1147.4,14.7,92.9,986.9,52.9,584,,SAMASTIPUR,
Bihar,Samastipur,IMD110-P582,1989,5.8,10.5,25.8,0.0,135.1,138.3,604.4,136.2,397.4,16.1,0.2,14.7,1484.5,16.3,160.9,1276.3,31.0,584,,SAMASTIPUR,
Bihar,Samastipur,IMD110-P582,1990,0.0,21.5,26.5,4.8,60.8,135.7,542.7,196.9,218.6,30.0,0.0,0.0,1237.6,21.5,92.1,1094.0,30.0,584,,SAMASTIPUR,
Bihar,Samastipur,IMD110-P582,1991,19.8,8.6,7.2,5.8,19.6,76.9,204.1,289.7,171.9,4.2,0.0,14.7,822.4,28.4,32.6,742.6,18.9,584,,SAMASTIPUR,
Bihar,Samastipur,IMD110-P582,1992,3.3,0.3,0.0,0.0,60.4,97.3,225.8,163.7,51.4,15.0,1.6,0.0,618.9,3.6,60.4,538.2,16.6,584,,SAMASTIPUR,
Bihar,Samastipur,IMD110-P582,1993,7.7,8.6,28.3,17.7,62.8,173.7,167.0,315.2,374.5,123.1,51.7,0.0,1330.1,16.3,108.8,1030.3,174.8,584,,SAMASTIPUR,
Bihar,Samastipur,IMD110-P582,1994,13.4,28.1,0.0,13.5,38.1,80.2,198.9,234.4,211.7,8.0,16.7,0.0,843.1,41.6,51.6,725.2,24.7,584,,SAMASTIPUR,
Bihar,Samastipur,IMD110-P582,1995,8.2,20.1,0.9,2.7,1.2,163.4,149.5,531.6,179.1,11.9,37.4,26.2,1132.3,28.3,4.8,1023.7,75.5,584,,SAMASTIPUR,
Bihar,Samastipur,IMD110-P582,1996,26.8,18.7,0.3,1.5,11.5,293.9,216.3,259.9,136.8,94.6,0.0,0.0,1060.2,45.5,13.3,906.8,94.6,584,,SAMASTIPUR,
Bihar,Samastipur,IMD110-P582,1997,20.9,0.0,2.3,52.1,43.1,250.2,467.3,308.2,242.8,18.9,3.4,33.1,1442.3,20.9,97.5,1268.5,55.4,584,,SAMASTIPUR,
Bihar,Samastipur,IMD110-P582,1998,22.2,13.3,12.5,36.3,22.0,83.5,399.2,378.1,205.7,27.7,22.6,0.0,1223.1,35.5,70.8,1066.5,50.3,584,,SAMASTIPUR,
Bihar,Samastipur,IMD110-P582,1999,0.0,0.0,0.0,4.5,82.4,297.5,307.3,403.3,138.0,147.9,0.0,0.0,1380.9,0.0,86.9,1146.1,147.9,584,,SAMASTIPUR,
Bihar,Samastipur,IMD110-P582,2000,0.7,18.2,5.2,42.3,106.0,278.0,232.0,185.0,364.1,16.2,0.0,1.0,1248.6,18.9,153.5,1059.0,17.2,584,,SAMASTIPUR,
Bihar,Samastipur,IMD110-P582,2001,0.0,0.5,0.5,3.2,132.8,269.6,192.9,236.6,272.5,129.7,0.0,0.0,1238.3,0.6,136.5,971.5,129.7,584,,SAMASTIPUR,
Bihar,Samastipur,IMD110-P582,2002,6.3,2.7,1.4,20.0,73.4,116.9,368.5,316.9,146.7,30.1,0.0,0.0,1082.9,9.0,94.8,949.1,30.1,584,,SAMASTIPUR,
Bihar,Samastipur,IMD110-P582,2003,11.7,57.9,11.4,26.9,55.4,309.1,238.3,253.8,166.8,315.0,0.5,7.4,1454.3,69.6,93.7,968.1,322.9,584,,SAMASTIPUR,
Bihar,Samastipur,IMD110-P582,2004,180.1,2.2,2.3,42.8,88.3,192.3,417.4,81.0,43.1,17.2,0.0,0.0,1066.7,182.3,133.4,733.8,17.2,584,,SAMASTIPUR,
Bihar,Samastipur,IMD110-P582,2005,9.9,16.8,20.0,0.8,17.3,26.2,302.6,116.7,106.4,22.8,0.0,0.0,639.4,26.7,38.0,551.8,22.8,585,,SAMASTIPUR,
Bihar,Samastipur,IMD110-P582,2006,0.0,0.0,0.2,5.8,33.1,147.8,385.6,156.3,286.1,44.3,4.9,0.0,1064.1,0.0,39.1,975.9,49.2,585,,SAMASTIPUR,
Bihar,Samastipur,IMD110-P582,2007,0.0,17.4,21.5,21.5,77.0,219.4,603.7,365.9,499.8,65.5,3.8,0.0,1895.4,17.4,120.0,1688.8,69.3,585,,SAMASTIPUR,
Bihar,Samastipur,IMD110-P582,2008,13.9,7.7,1.8,15.6,10.1,251.9,462.6,181.0,140.2,95.0,0.0,0.0,1179.8,21.6,27.5,1035.8,95.0,585,,SAMASTIPUR,
Bihar,Samastipur,IMD110-P582,2009,0.0,0.2,0.0,0.0,137.5,26.1,166.0,214.4,137.4,80.3,0.4,2.1,764.4,0.2,137.5,543.9,82.8,585,,SAMASTIPUR,
Bihar,Samastipur,IMD110-P582,2010,0.0,0.6,0.0,8.7,66.3,73.2,158.4,164.2,2.1,54.7,0.0,0.0,528.3,0.6,75.1,397.9,54.7,585,,SAMASTIPUR,
Bihar,Saran,IMD110-P586,1901,50.1,17.6,12.6,0.0,45.1,64.0,223.4,244.1,103.9,26.0,2.5,0.0,789.2,67.7,57.7,635.4,28.4,586,,SARAN,
Bihar,Saran,IMD110-P586,1902,0.0,1.0,16.4,19.7,26.0,64.0,220.8,203.6,393.4,15.9,0.4,0.0,961.1,1.0,62.0,881.7,16.3,586,,SARAN,
Bihar,Saran,IMD110-P586,1903,1.0,2.5,1.5,0.0,40.0,100.2,45.2,320.7,89.0,83.1,0.0,0.0,683.2,3.5,41.5,555.1,83.1,586,,SARAN,
Bihar,Saran,IMD110-P586,1904,10.6,4.3,2.5,0.0,54.3,154.7,442.4,225.5,62.8,243.8,7.3,0.3,1208.6,14.9,56.9,885.4,251.4,586,,SARAN,
Bihar,Saran,IMD110-P586,1905,7.0,13.3,24.7,21.3,50.8,28.1,294.5,613.5,207.8,26.1,0.0,0.5,1287.6,20.3,96.8,1143.9,26.6,586,,SARAN,
Bihar,Saran,IMD110-P586,1906,11.9,49.6,5.2,0.8,27.3,139.5,346.2,356.4,87.0,10.3,0.0,0.0,1034.1,61.5,33.3,929.1,10.3,586,,SARAN,
Bihar,Saran,IMD110-P586,1907,0.0,60.2,31.1,15.4,6.3,250.5,226.2,131.9,156.0,0.0,0.0,0.0,877.7,60.2,52.8,764.6,0.0,586,,SARAN,
Bihar,Saran,IMD110-P586,1908,16.9,24.5,0.9,0.0,0.3,59.8,139.2,115.9,126.9,28.7,0.0,0.3,513.3,41.3,1.1,441.8,28.9,586,,SARAN,
Bihar,Saran,IMD110-P586,1909,3.5,4.3,0.0,86.0,10.8,349.1,209.9,415.7,102.0,11.7,0.0,1.5,1194.6,7.9,96.8,1076.7,13.2,586,,SARAN,
Bihar,Saran,IMD110-P586,1910,0.2,0.3,1.2,1.8,18.0,201.6,191.8,354.9,221.1,91.8,6.6,0.0,1089.4,0.4,21.0,969.5,98.4,586,,SARAN,
Bihar,Saran,IMD110-P586,1911,4.5,0.0,16.2,14.0,70.9,193.7,153.8,431.4,292.0,103.3,30.0,0.0,1309.8,4.5,101.1,1070.9,133.2,586,,SARAN,
Bihar,Saran,IMD110-P586,1912,3.2,,19.6,1.0,42.3,35.2,216.8,275.3,96.9,0.0,86.3,0.0,,,62.9,624.1,86.3,586,missing_months,SARAN,
Bihar,Saran,IMD110-P586,1913,0.0,15.3,17.2,0.0,101.4,286.2,217.0,405.0,278.5,140.5,0.0,21.1,1482.3,15.3,118.6,1186.8,161.6,586,,SARAN,
Bihar,Saran,IMD110-P586,1914,0.0,14.2,0.8,8.1,45.9,42.8,179.0,287.4,62.5,1.3,0.0,0.0,642.1,14.2,54.8,571.8,1.3,586,,SARAN,
Bihar,Saran,IMD110-P586,1915,6.8,33.1,9.0,3.8,29.8,127.5,282.9,511.5,181.1,98.6,18.9,2.6,1305.4,39.8,42.6,1103.0,120.0,586,,SARAN,
Bihar,Saran,IMD110-P586,1916,0.0,19.0,0.0,11.9,23.3,171.0,343.2,274.0,244.6,51.6,0.0,0.0,1138.5,19.0,35.2,1032.8,51.6,586,,SARAN,
Bihar,Saran,IMD110-P586,1917,1.4,12.4,2.8,1.1,79.2,185.2,329.3,129.1,293.6,33.7,0.0,0.5,1068.2,13.8,83.1,937.2,34.1,586,,SARAN,
Bihar,Saran,IMD110-P586,1918,0.5,0.0,3.0,19.7,57.3,234.2,147.7,345.4,371.7,0.0,0.0,0.0,1179.5,0.5,80.0,1099.0,0.0,586,,SARAN,
Bihar,Saran,IMD110-P586,1919,31.0,3.6,1.5,6.3,6.5,158.1,504.2,264.5,214.6,78.5,0.0,1.1,1269.9,34.7,14.3,1141.4,79.5,586,,SARAN,
Bihar,Saran,IMD110-P586,1920,0.0,21.2,16.6,0.0,4.4,101.0,335.6,139.8,336.3,1.6,0.0,0.0,956.5,21.2,21.0,912.7,1.6,586,,SARAN,
Bihar,Saran,IMD110-P586,1921,23.2,0.0,4.2,6.7,5.0,108.6,225.7,429.0,530.1,23.3,0.0,0.0,1355.8,23.2,15.9,1293.5,23.3,586,,SARAN,
Bihar,Saran,IMD110-P586,1922,12.5,1.7,0.0,4.6,1.9,282.8,409.5,417.1,245.8,1.7,0.0,12.2,1389.7,14.2,6.5,1355.1,13.9,586,,SARAN,
Bihar,Saran,IMD110-P586,1923,7.3,31.5,0.0,12.9,30.6,109.2,264.8,185.3,179.1,120.6,0.0,0.0,941.3,38.8,43.6,738.3,120.6,586,,SARAN,
Bihar,Saran,IMD110-P586,1924,3.4,5.7,2.5,0.1,0.0,85.0,611.6,222.3,288.2,26.6,33.7,0.0,1279.2,9.1,2.6,1207.2,60.3,586,,SARAN,
Bihar,Saran,IMD110-P586,1925,13.4,0.0,0.1,19.9,32.9,121.7,300.4,273.3,258.8,11.3,6.1,0.0,1037.9,13.4,52.9,954.2,17.4,586,,SARAN,
Bihar,Saran,IMD110-P586,1926,18.5,0.4,9.1,9.3,9.8,28.7,401.9,267.8,128.7,6.3,0.4,3.5,884.4,18.8,28.2,827.1,10.2,586,,SARAN,
Bihar,Saran,IMD110-P586,1927,15.5,20.8,24.6,0.1,19.2,65.4,289.7,187.2,150.3,16.7,61.5,0.1,851.1,36.3,43.9,692.6,78.3,586,,SARAN,
Bihar,Saran,IMD110-P586,1928,27.4,27.8,0.0,6.2,14.8,135.7,308.7,174.1,65.0,110.6,0.0,17.5,887.8,55.3,21.0,683.4,128.1,586,,SARAN,
Bihar,Saran,IMD110-P586,1929,31.5,0.1,20.0,3.0,21.0,245.2,264.7,305.7,98.6,102.7,0.0,46.0,1138.4,31.5,44.0,914.1,148.7,586,,SARAN,
Bihar,Saran,IMD110-P586,1930,10.8,8.4,11.2,1.4,23.3,78.7,281.1,158.1,384.9,43.6,14.4,23.2,1039.1,19.2,35.9,902.8,81.2,586,,SARAN,
Bihar,Saran,IMD110-P586,1931,2.1,26.9,5.6,0.3,11.4,52.0,527.3,188.7,259.0,85.1,3.6,0.0,1162.0,29.0,17.2,1027.0,88.8,586,,SARAN,
Bihar,Saran,IMD110-P586,1932,0.0,3.6,0.0,2.1,11.2,129.4,109.4,253.4,154.5,7.4,72.5,8.2,751.7,3.6,13.4,646.7,88.1,586,,SARAN,
Bihar,Saran,IMD110-P586,1933,5.4,11.0,0.0,40.9,95.9,138.0,362.4,401.4,174.0,82.2,0.0,0.0,1311.3,16.4,136.8,1075.8,82.2,586,,SARAN,
Bihar,Saran,IMD110-P586,1934,39.6,6.5,2.9,15.4,1.4,129.9,438.3,264.6,270.9,13.2,4.8,0.1,1187.6,46.1,19.8,1103.6,18.1,587,,SARAN,
Bihar,Saran,IMD110-P586,1935,15.9,18.8,0.0,0.0,7.8,130.3,188.9,275.0,427.8,0.0,0.0,0.1,1064.5,34.6,7.8,1022.1,0.1,587,,SARAN,
Bihar,Saran,IMD110-P586,1936,3.2,5.7,5.0,1.5,62.8,149.9,594.9,229.2,377.0,23.4,0.0,2.5,1455.1,9.0,69.3,1350.9,25.9,587,,SARAN,
Bihar,Saran,IMD110-P586,1937,0.0,60.5,0.0,7.2,64.5,68.7,159.9,407.6,131.6,178.0,0.2,0.5,1078.8,60.5,71.8,767.8,178.7,587,,SARAN,
Bihar,Saran,IMD110-P586,1938,22.1,17.2,0.0,0.0,39.9,468.8,325.5,387.6,221.4,13.7,0.0,0.0,1496.2,39.3,39.9,1403.2,13.7,587,,SARAN,
Bihar,Saran,IMD110-P586,1939,2.8,34.3,1.3,0.0,7.3,252.5,254.7,311.1,254.1,49.7,0.0,0.0,1167.7,37.1,8.6,1072.3,49.7,587,,SARAN,
Bihar,Saran,IMD110-P586,1940,1.5,36.2,50.7,1.1,15.1,96.4,343.5,292.1,133.3,2.1,0.0,9.9,981.9,37.8,66.9,865.2,12.0,587,,SARAN,
Bihar,Saran,IMD110-P586,1941,15.5,1.9,0.0,0.7,22.7,131.9,219.9,441.1,161.7,1.8,0.0,0.0,997.2,17.5,23.3,954.6,1.8,587,,SARAN,
Bihar,Saran,IMD110-P586,1942,73.9,27.4,11.9,8.2,27.6,174.6,302.2,297.2,452.1,0.7,0.0,2.6,1378.5,101.3,47.8,1226.1,3.3,587,,SARAN,
Bihar,Saran,IMD110-P586,1943,19.6,17.6,0.0,39.7,12.7,85.4,211.8,309.2,176.2,13.4,0.0,0.0,885.5,37.1,52.3,782.6,13.4,587,,SARAN,
Bihar,Saran,IMD110-P586,1944,17.7,13.8,52.0,23.6,22.8,162.8,208.3,251.1,190.2,60.0,0.0,0.0,1002.3,31.5,98.5,812.4,60.0,587,,SARAN,
Bihar,Saran,IMD110-P586,1945,56.9,6.2,2.4,13.9,26.3,81.8,160.4,166.7,229.6,129.8,0.0,7.7,881.6,63.0,42.7,638.5,137.5,587,,SARAN,
Bihar,Saran,IMD110-P586,1946,0.0,31.0,1.6,40.8,85.3,161.5,298.8,281.0,203.3,128.6,10.1,0.0,1242.1,31.0,127.7,944.6,138.7,587,,SARAN,
Bihar,Saran,IMD110-P586,1947,14.2,6.2,5.8,3.9,57.9,57.4,381.3,228.1,182.7,48.3,0.0,0.0,985.6,20.4,67.5,849.5,48.3,587,,SARAN,
Bihar,Saran,IMD110-P586,1948,4.4,1.5,1.2,4.3,40.5,75.4,445.6,265.3,265.3,62.3,13.7,0.0,1179.6,5.9,46.0,1051.7,76.0,587,,SARAN,
Bihar,Saran,IMD110-P586,1949,20.7,68.4,0.4,12.2,71.1,110.7,298.3,356.8,366.9,95.5,2.1,0.0,1403.0,89.1,83.6,1132.7,97.6,587,,SARAN,
Bihar,Saran,IMD110-P586,1950,13.8,7.1,18.1,0.4,35.1,317.7,196.2,287.5,92.1,1.7,0.0,3.8,973.5,20.9,53.6,893.5,5.5,587,,SARAN,
Bihar,Saran,IMD110-P586,1951,11.0,8.2,4.2,0.2,13.1,139.5,374.1,208.8,155.7,9.8,1.5,0.0,925.9,19.1,17.4,878.1,11.3,587,,SARAN,
Bihar,Saran,IMD110-P586,1952,0.0,11.5,36.8,8.4,16.5,225.6,230.7,313.6,322.5,7.2,0.0,0.0,1172.8,11.5,61.7,1092.3,7.2,587,,SARAN,
Bihar,Saran,IMD110-P586,1953,25.0,3.8,0.7,22.8,33.8,262.6,502.2,310.7,550.8,23.8,0.0,0.5,1736.6,28.8,57.3,1626.2,24.3,587,,SARAN,
Bihar,Saran,IMD110-P586,1954,13.1,9.1,0.0,0.0,24.3,79.5,290.4,279.9,105.5,7.9,0.0,1.5,811.2,22.2,24.3,755.2,9.4,587,,SARAN,
Bihar,Saran,IMD110-P586,1955,13.4,13.0,0.8,14.7,12.3,193.8,430.3,276.3,196.2,32.3,0.0,0.0,1183.2,26.4,27.8,1096.7,32.3,587,,SARAN,
Bihar,Saran,IMD110-P586,1956,10.5,7.2,2.3,2.2,39.1,229.1,134.2,351.5,325.4,115.4,55.7,8.6,1281.3,17.7,43.6,1040.2,179.7,587,,SARAN,
Bihar,Saran,IMD110-P586,1957,58.8,0.6,29.4,2.8,1.0,154.6,275.2,258.0,147.8,5.7,0.0,17.2,951.2,59.5,33.1,835.7,23.0,587,,SARAN,
Bihar,Saran,IMD110-P586,1958,25.3,0.6,4.0,9.5,3.8,54.4,207.0,454.1,170.5,76.7,0.0,0.0,1005.8,25.9,17.3,886.0,76.7,587,,SARAN,
Bihar,Saran,IMD110-P586,1959,70.7,0.6,8.3,17.1,22.8,67.6,222.4,294.3,113.0,244.1,0.0,0.0,1060.8,71.3,48.2,697.2,244.1,587,,SARAN,
Bihar,Saran,IMD110-P586,1960,0.5,0.0,58.7,2.9,20.2,155.5,323.5,203.4,295.6,24.7,0.4,0.0,1085.4,0.5,81.8,978.0,25.1,587,,SARAN,
Bihar,Saran,IMD110-P586,1961,13.8,26.0,0.0,0.1,25.5,168.0,108.6,311.8,126.4,216.6,0.0,10.2,1006.9,39.7,25.6,714.8,226.7,587,,SARAN,
Bihar,Saran,IMD110-P586,1962,10.9,13.6,8.3,27.4,9.9,110.8,227.4,438.6,265.4,21.2,0.0,7.7,1141.1,24.6,45.5,1042.1,28.9,587,,SARAN,
Bihar,Saran,IMD110-P586,1963,2.2,0.6,0.2,1.0,41.7,188.1,292.8,271.7,212.5,77.2,9.2,0.2,1097.4,2.7,42.9,965.2,86.6,587,,SARAN,
Bihar,Saran,IMD110-P586,1964,2.3,1.9,0.2,7.9,87.4,60.0,524.1,166.1,205.8,87.6,2.4,0.0,1145.6,4.2,95.5,955.9,89.9,587,,SARAN,
Bihar,Saran,IMD110-P586,1965,0.0,0.0,6.0,0.5,0.0,43.2,221.7,353.5,125.9,37.7,0.0,0.0,788.6,0.0,6.5,744.3,37.7,587,,SARAN,
Bihar,Saran,IMD110-P586,1966,14.2,17.3,0.0,0.3,36.1,152.9,103.0,243.0,65.2,20.6,28.3,0.1,681.0,31.5,36.5,564.0,49.0,587,,SARAN,
Bihar,Saran,IMD110-P586,1967,3.1,0.0,5.6,2.0,2.0,25.1,274.8,266.4,308.7,10.1,0.2,1.0,899.1,3.1,9.6,875.0,11.4,587,,SARAN,
Bihar,Saran,IMD110-P586,1968,51.8,0.2,2.5,1.4,12.8,176.3,215.4,248.9,74.6,78.9,0.0,7.3,869.9,51.9,16.6,715.1,86.2,588,,SARAN,
Bihar,Saran,IMD110-P586,1969,3.4,9.9,13.6,8.2,47.4,228.2,380.4,390.2,290.6,11.8,46.8,0.0,1430.5,13.3,69.3,1289.4,58.5,588,,SARAN,
Bihar,Saran,IMD110-P586,1970,14.1,16.0,1.6,6.4,68.6,187.8,257.8,332.1,275.5,34.6,0.0,0.0,1194.5,30.1,76.6,1053.1,34.6,588,,SARAN,
Bihar,Saran,IMD110-P586,1971,28.6,20.1,1.6,11.4,81.1,157.8,353.3,490.1,55.4,111.6,0.0,0.0,1311.0,48.7,94.1,1056.6,111.6,588,,SARAN,
Bihar,Saran,IMD110-P586,1972,18.0,41.5,0.8,0.0,0.2,3.0,158.6,304.5,230.0,46.1,25.8,0.0,828.5,59.5,1.0,696.1,71.9,588,,SARAN,
Bihar,Saran,IMD110-P586,1973,28.6,11.4,1.2,0.0,76.5,81.3,229.3,212.1,429.6,243.8,7.0,0.0,1320.8,40.0,77.7,952.3,250.8,588,,SARAN,
Bihar,Saran,IMD110-P586,1974,1.1,0.4,1.2,0.0,43.8,118.2,561.9,184.9,209.0,34.3,0.0,8.2,1163.0,1.5,45.0,1074.0,42.5,588,,SARAN,
Bihar,Saran,IMD110-P586,1975,12.3,4.7,5.8,0.0,1.2,116.4,496.2,252.9,328.9,44.5,0.0,0.0,1263.0,17.0,7.0,1194.4,44.5,588,,SARAN,
Bihar,Saran,IMD110-P586,1976,6.3,80.2,0.0,18.8,45.5,115.4,168.5,271.1,445.2,28.2,0.0,0.0,1179.2,86.5,64.3,1000.2,28.2,588,,SARAN,
Bihar,Saran,IMD110-P586,1977,1.7,3.7,7.1,13.2,54.4,73.7,281.6,234.4,141.2,243.9,0.3,13.5,1068.7,5.4,74.7,731.0,257.6,588,,SARAN,
Bihar,Saran,IMD110-P586,1978,31.6,33.0,31.8,1.2,37.0,138.0,318.1,291.0,252.9,276.8,0.0,2.6,1413.9,64.6,70.0,1000.0,279.4,588,,SARAN,
Bihar,Saran,IMD110-P586,1979,29.4,29.0,6.5,19.6,0.0,98.0,341.4,126.1,49.1,283.1,32.6,4.6,1019.5,58.5,26.1,614.7,320.3,588,,SARAN,
Bihar,Saran,IMD110-P586,1980,3.8,2.4,6.2,0.0,58.5,81.7,575.6,333.0,224.3,17.8,0.0,1.7,1304.9,6.1,64.7,1214.5,19.5,588,,SARAN,
Bihar,Saran,IMD110-P586,1981,10.9,0.0,8.0,37.6,80.0,75.7,786.6,395.3,198.1,0.0,1.3,0.0,1593.5,10.9,125.6,1455.7,1.3,588,,SARAN,
Bihar,Saran,IMD110-P586,1982,2.8,2.3,18.6,6.7,31.8,175.1,225.8,189.1,207.2,6.6,10.8,0.9,877.7,5.2,57.0,797.1,18.4,588,,SARAN,
Bihar,Saran,IMD110-P586,1983,5.0,4.7,2.9,51.7,92.8,57.8,313.5,236.7,97.5,60.5,0.0,12.0,935.0,9.7,147.3,705.5,72.5,588,,SARAN,
Bihar,Saran,IMD110-P586,1984,22.0,31.1,0.6,0.2,12.2,170.9,456.8,185.4,196.6,3.6,2.4,0.0,1081.8,53.1,13.0,1009.7,6.0,588,,SARAN,
Bihar,Saran,IMD110-P586,1985,8.3,0.0,0.0,3.0,40.8,74.3,462.8,249.4,365.9,178.7,1.5,3.6,1388.5,8.3,43.8,1152.5,183.9,588,,SARAN,
Bihar,Saran,IMD110-P586,1986,0.8,4.8,0.0,4.3,63.6,156.5,432.8,248.9,95.2,71.4,0.0,20.7,1099.1,5.6,67.9,933.5,92.1,588,,SARAN,
Bihar,Saran,IMD110-P586,1987,0.2,0.5,2.3,8.4,13.8,42.2,412.2,452.4,392.6,7.0,0.0,1.1,1332.6,0.7,24.5,1299.4,8.1,588,,SARAN,
Bihar,Saran,IMD110-P586,1988,1.1,1.2,11.8,5.7,6.4,112.8,458.6,434.8,141.3,38.3,0.4,15.1,1227.4,2.3,23.8,1147.5,53.8,588,,SARAN,
Bihar,Saran,IMD110-P586,1989,3.0,4.4,6.5,0.0,1.2,97.3,460.2,122.3,289.7,15.6,6.2,6.8,1013.2,7.4,7.7,969.5,28.6,588,,SARAN,
Bihar,Saran,IMD110-P586,1990,0.0,40.1,,,54.9,72.6,529.8,119.1,201.0,3.4,0.0,0.0,,40.1,,922.5,3.4,588,missing_months,SARAN,
Bihar,Saran,IMD110-P586,1991,21.8,2.5,3.9,0.7,32.0,111.6,100.2,430.0,151.1,0.8,0.0,8.0,862.7,24.3,36.7,792.9,8.8,588,,SARAN,
Bihar,Saran,IMD110-P586,1992,0.2,7.0,0.0,0.0,42.9,77.3,268.8,184.9,53.5,25.9,0.0,0.0,660.7,7.3,42.9,584.6,25.9,588,,SARAN,
Bihar,Saran,IMD110-P586,1993,8.5,1.7,31.6,38.8,63.9,91.7,100.8,328.5,287.9,13.0,22.5,0.0,988.8,10.2,134.3,808.8,35.5,588,,SARAN,
Bihar,Saran,IMD110-P586,1994,47.1,39.4,0.0,11.1,32.0,102.9,227.3,260.3,259.5,3.2,5.4,0.0,988.3,86.5,43.1,850.0,8.7,588,,SARAN,
Bihar,Saran,IMD110-P586,1995,28.9,21.6,2.5,0.0,0.0,84.5,177.3,417.5,210.9,3.9,27.7,16.4,991.2,50.5,2.5,890.2,48.0,588,,SARAN,
Bihar,Saran,IMD110-P586,1996,33.4,8.1,0.0,0.0,0.0,307.1,173.0,339.2,202.9,69.8,0.0,0.0,1133.6,41.6,0.0,1022.3,69.8,588,,SARAN,
Bihar,Saran,IMD110-P586,1997,14.6,0.0,0.1,9.0,24.9,251.8,528.7,226.5,197.6,28.7,6.9,22.5,1311.2,14.6,34.0,1204.7,58.0,588,,SARAN,
Bihar,Saran,IMD110-P586,1998,16.2,11.3,4.0,8.4,21.0,66.5,322.5,314.9,124.6,55.5,32.9,0.0,977.8,27.5,33.4,828.5,88.5,588,,SARAN,
Bihar,Saran,IMD110-P586,1999,0.0,0.0,0.0,0.0,34.4,214.1,250.2,302.2,91.4,63.0,0.0,0.0,955.3,0.0,34.4,857.9,63.1,588,,SARAN,
Bihar,Saran,IMD110-P586,2000,0.3,2.8,1.3,8.7,74.0,230.7,228.1,123.5,182.1,0.0,0.0,0.0,851.5,3.2,84.0,764.3,0.0,588,,SARAN,
Bihar,Saran,IMD110-P586,2001,0.9,0.0,0.0,5.8,25.1,173.4,211.5,232.4,332.1,165.1,0.0,0.0,1146.3,0.9,30.9,949.4,165.1,588,,SARAN,
Bihar,Saran,IMD110-P586,2002,7.7,5.3,1.3,2.0,80.5,111.1,263.7,299.9,133.5,41.7,2.4,0.0,949.1,13.0,83.8,808.2,44.1,589,,SARAN,
Bihar,Saran,IMD110-P586,2003,15.5,44.8,7.0,43.9,18.0,140.6,270.9,293.8,154.4,92.4,0.0,0.0,1081.3,60.3,68.9,859.7,92.4,589,,SARAN,
Bihar,Saran,IMD110-P586,2004,31.3,0.0,0.3,18.4,75.7,144.1,340.1,190.9,22.6,1.0,0.0,0.0,824.2,31.3,94.3,697.6,1.0,589,,SARAN,
Bihar,Saran,IMD110-P586,2005,24.3,23.6,5.9,0.0,27.1,95.7,317.1,359.8,67.3,53.4,0.0,0.0,974.0,47.9,33.0,839.8,53.4,589,,SARAN,
Bihar,Saran,IMD110-P586,2006,0.0,0.0,0.3,13.3,31.7,240.0,256.9,149.8,245.7,0.0,0.0,0.0,937.7,0.0,45.3,892.5,0.0,589,,SARAN,
Bihar,Saran,IMD110-P586,2007,,,,,,,717.5,348.9,241.2,51.1,8.1,0.0,,,,,59.2,589,missing_months,SARAN,
Bihar,Saran,IMD110-P586,2008,13.4,7.0,0.0,10.9,39.3,408.4,502.8,347.8,112.6,2.1,0.0,0.0,1444.4,20.4,50.2,1371.6,2.1,589,,SARAN,
Bihar,Saran,IMD110-P586,2009,0.0,0.0,0.0,0.0,104.5,79.2,131.9,293.5,113.0,4.8,0.0,0.0,726.8,0.0,104.5,617.5,4.8,589,,SARAN,
Bihar,Saran,IMD110-P586,2010,0.5,1.3,0.0,0.0,11.9,34.8,166.8,156.2,163.2,58.2,0.0,0.0,592.7,1.7,11.9,520.9,58.2,589,,SARAN,
Bihar,Sheikhpura,IMD110-P590,1901,32.8,10.2,0.0,0.0,10.4,19.0,69.8,164.1,140.5,0.0,6.4,0.0,453.2,43.0,10.4,393.4,6.4,590,,SHEIKHPURA,
Bihar,Sheikhpura,IMD110-P590,1902,0.0,0.0,0.0,,7.9,60.1,120.5,125.1,193.0,0.0,0.0,0.0,,0.0,,498.7,0.0,590,missing_months,SHEIKHPURA,
Bihar,Sheikhpura,IMD110-P590,1903,2.8,3.3,3.3,2.5,8.1,,,158.5,144.9,134.1,0.0,0.0,,6.1,13.9,,134.1,590,missing_months,SHEIKHPURA,
Bihar,Sheikhpura,IMD110-P590,1904,5.6,0.0,0.0,0.0,247.1,103.3,,516.9,48.7,38.1,36.1,0.0,,5.6,247.1,,74.2,590,missing_months,SHEIKHPURA,
Bihar,Sheikhpura,IMD110-P590,1905,9.9,18.8,52.4,0.0,93.1,27.5,387.0,424.2,289.3,0.0,0.0,,,28.7,145.5,1128.0,,590,missing_months,SHEIKHPURA,
Bihar,Sheikhpura,IMD110-P590,1906,4.3,70.9,6.8,0.0,,110.1,205.0,240.1,,,0.0,0.0,,75.2,,,,590,missing_months,SHEIKHPURA,
Bihar,Sheikhpura,IMD110-P590,1907,,67.4,,,8.9,327.7,,,,0.0,0.0,0.0,,,,,0.0,590,missing_months,SHEIKHPURA,
Bihar,Sheikhpura,IMD110-P590,1908,,,0.0,0.0,59.7,75.5,294.4,,178.4,0.0,0.0,0.0,,,59.7,,0.0,590,missing_months,SHEIKHPURA,
Bihar,Sheikhpura,IMD110-P590,1909,17.3,0.0,0.0,64.6,21.4,413.5,329.1,,132.3,,0.0,1.3,,17.3,86.0,,,590,missing_months,SHEIKHPURA,
Bihar,Sheikhpura,IMD110-P590,1910,0.0,0.0,0.0,0.0,27.4,218.7,235.7,509.3,472.7,21.9,4.8,,,0.0,27.4,1436.4,,590,missing_months,SHEIKHPURA,
Bihar,Sheikhpura,IMD110-P590,1911,15.2,0.0,24.7,3.6,0.0,,,698.0,226.2,44.4,10.2,0.0,,15.2,28.3,,54.6,590,missing_months,SHEIKHPURA,
Bihar,Sheikhpura,IMD110-P590,1912,,0.0,,,79.2,40.6,487.9,,102.4,29.5,,,,,,,,590,missing_months,SHEIKHPURA,
Bihar,Sheikhpura,IMD110-P590,1913,0.0,,,,,,,,,,0.0,71.3,,,,,,590,missing_months,SHEIKHPURA,
Bihar,Sheikhpura,IMD110-P590,1914,0.0,11.0,,55.9,54.3,47.6,295.5,423.3,238.4,3.8,0.0,,,11.0,,1004.8,,590,missing_months,SHEIKHPURA,
Bihar,Sheikhpura,IMD110-P590,1915,12.7,78.8,6.6,1.5,80.2,109.2,,94.7,,,92.7,0.0,,91.5,88.3,,,590,missing_months,SHEIKHPURA,
Bihar,Sheikhpura,IMD110-P590,1916,,22.6,,34.0,0.0,183.0,347.0,383.2,194.5,94.8,0.0,0.0,,,,1107.7,94.8,590,missing_months,SHEIKHPURA,
Bihar,Sheikhpura,IMD110-P590,1917,5.6,22.2,10.2,10.2,114.8,276.3,361.4,273.4,364.7,62.7,0.0,0.0,1501.5,27.8,135.2,1275.8,62.7,590,,SHEIKHPURA,
Bihar,Sheikhpura,IMD110-P590,1918,0.0,0.0,,18.6,,127.9,143.7,,293.1,,0.0,0.0,,0.0,,,,590,missing_months,SHEIKHPURA,
Bihar,Sheikhpura,IMD110-P590,1919,35.6,10.5,0.0,0.0,50.0,135.6,477.6,,224.8,108.2,0.0,0.0,,46.1,50.0,,108.2,590,missing_months,SHEIKHPURA,
Bihar,Sheikhpura,IMD110-P590,1920,0.0,2.0,35.4,0.0,36.0,80.3,382.6,134.1,,0.0,0.0,0.0,,2.0,71.4,,0.0,590,missing_months,SHEIKHPURA,
Bihar,Sheikhpura,IMD110-P590,1921,23.1,0.0,0.0,0.0,15.7,111.8,379.0,,336.8,,0.0,,,23.1,15.7,,,590,missing_months,SHEIKHPURA,
Bihar,Sheikhpura,IMD110-P590,1922,,18.5,,47.0,0.0,297.6,345.3,401.0,,25.4,0.0,0.0,,,,,25.4,590,missing_months,SHEIKHPURA,
Bihar,Sheikhpura,IMD110-P590,1923,0.0,18.9,,0.0,10.4,167.6,,296.7,,4.1,0.0,0.0,,18.9,,,4.1,590,missing_months,SHEIKHPURA,
Bihar,Sheikhpura,IMD110-P590,1924,,21.4,,0.0,0.0,80.8,,,,,,,,,,,,590,missing_months,SHEIKHPURA,
Bihar,Sheikhpura,IMD110-P590,1925,,0.0,,5.3,30.1,162.7,318.1,214.3,189.6,,5.3,,,,,884.7,,590,missing_months,SHEIKHPURA,
Bihar,Sheikhpura,IMD110-P590,1926,20.9,,,1.3,40.7,22.1,385.0,,186.1,24.9,,,,,,,,590,missing_months,SHEIKHPURA,
Bihar,Sheikhpura,IMD110-P590,1927,,49.4,,,,,,,84.6,,,,,,,,,590,missing_months,SHEIKHPURA,
Bihar,Sheikhpura,IMD110-P590,1928,,12.9,,23.4,,,,,,,0.0,,,,,,,590,missing_months,SHEIKHPURA,
Bihar,Sheikhpura,IMD110-P590,1929,85.8,0.0,,4.8,,234.7,,,165.7,,0.0,,,85.8,,,,590,missing_months,SHEIKHPURA,
Bihar,Sheikhpura,IMD110-P590,1930,,9.4,1.3,1.6,,148.5,,,,,35.3,,,,,,,590,missing_months,SHEIKHPURA,
Bihar,Sheikhpura,IMD110-P590,1931,,41.4,,0.0,,179.3,325.6,,,19.8,5.8,0.0,,,,,25.6,590,missing_months,SHEIKHPURA,
Bihar,Sheikhpura,IMD110-P590,1932,0.0,23.9,25.6,0.0,,78.8,119.7,182.5,,,,2.5,,23.9,,,,590,missing_months,SHEIKHPURA,
Bihar,Sheikhpura,IMD110-P590,1933,44.2,11.9,,,89.3,,,503.8,237.3,,0.0,0.0,,56.1,,,,590,missing_months,SHEIKHPURA,
Bihar,Sheikhpura,IMD110-P590,1934,,0.0,,5.6,,119.7,476.0,176.7,,,7.6,0.0,,,,,,591,missing_months,SHEIKHPURA,
Bihar,Sheikhpura,IMD110-P590,1935,,43.1,,0.0,0.0,108.3,,,406.9,,0.0,,,,,,,591,missing_months,SHEIKHPURA,
Bihar,Sheikhpura,IMD110-P590,1936,,1.5,20.9,0.8,31.3,202.1,444.7,250.2,343.8,,0.0,,,,53.0,1240.8,,591,missing_months,SHEIKHPURA,
Bihar,Sheikhpura,IMD110-P590,1937,,86.0,0.0,20.0,46.0,168.4,329.4,,178.5,395.3,0.0,0.0,,,66.0,,395.3,591,missing_months,SHEIKHPURA,
Bihar,Sheikhpura,IMD110-P590,1938,1.5,20.2,0.0,0.0,102.6,254.5,263.5,385.4,140.3,,0.0,0.0,,21.7,102.6,1043.7,,591,missing_months,SHEIKHPURA,
Bihar,Sheikhpura,IMD110-P590,1939,0.0,51.3,,4.1,14.8,128.3,295.0,327.9,294.3,21.6,0.0,0.0,,51.3,,1045.5,21.6,591,missing_months,SHEIKHPURA,
Bihar,Sheikhpura,IMD110-P590,1940,0.0,32.2,52.3,0.0,1.0,95.1,162.5,258.4,275.8,0.0,0.0,32.3,909.6,32.2,53.3,791.8,32.3,591,,SHEIKHPURA,
Bihar,Sheikhpura,IMD110-P590,1941,18.0,0.0,0.0,0.0,50.5,167.8,136.0,460.6,121.6,84.9,0.0,0.0,1039.4,18.0,50.5,886.0,84.9,591,,SHEIKHPURA,
Bihar,Sheikhpura,IMD110-P590,1942,6.9,50.6,,4.6,6.4,124.1,236.0,296.8,155.2,8.1,0.0,0.3,,57.5,,812.1,8.4,591,missing_months,SHEIKHPURA,
Bihar,Sheikhpura,IMD110-P590,1943,36.3,9.4,0.0,6.0,35.6,109.4,230.8,385.2,163.1,93.0,0.0,,,45.7,41.6,888.5,,591,missing_months,SHEIKHPURA,
Bihar,Sheikhpura,IMD110-P590,1944,26.4,82.1,28.8,31.7,21.6,247.7,,350.8,160.8,84.7,0.0,0.0,,108.5,82.1,,84.7,591,missing_months,SHEIKHPURA,
Bihar,Sheikhpura,IMD110-P590,1945,74.9,,,,0.0,136.2,,448.1,123.8,87.7,0.0,0.0,,,,,87.7,591,missing_months,SHEIKHPURA,
Bihar,Sheikhpura,IMD110-P590,1946,,26.7,0.0,50.8,,112.5,220.1,154.6,134.8,109.7,26.5,,,,,622.0,,591,missing_months,SHEIKHPURA,
Bihar,Sheikhpura,IMD110-P590,1947,0.0,8.9,2.5,0.0,57.4,50.2,280.3,229.7,126.6,28.0,0.0,,,8.9,59.9,686.8,,591,missing_months,SHEIKHPURA,
Bihar,Sheikhpura,IMD110-P590,1948,8.6,13.9,0.0,0.0,0.0,89.1,264.3,205.0,154.3,,8.4,0.0,,22.5,0.0,712.7,,591,missing_months,SHEIKHPURA,
Bihar,Sheikhpura,IMD110-P590,1949,13.2,33.1,18.3,22.9,107.1,249.7,344.8,,,,,0.0,,46.3,148.3,,,591,missing_months,SHEIKHPURA,
Bihar,Sheikhpura,IMD110-P590,1950,8.1,12.2,,0.8,0.0,583.2,,155.7,121.7,2.5,0.0,0.8,,20.3,,,3.3,591,missing_months,SHEIKHPURA,
Bihar,Sheikhpura,IMD110-P590,1951,7.8,0.0,2.5,0.8,63.2,45.4,268.6,162.0,156.7,,,,,7.8,66.5,632.7,,591,missing_months,SHEIKHPURA,
Bihar,Sheikhpura,IMD110-P590,1952,0.0,15.3,0.5,6.9,5.6,324.6,149.2,111.1,284.2,16.5,0.0,0.0,913.9,15.3,13.0,869.1,16.5,591,,SHEIKHPURA,
Bihar,Sheikhpura,IMD110-P590,1953,14.7,4.3,0.0,33.0,0.0,236.6,403.8,125.0,420.9,0.0,0.0,0.0,1238.3,19.0,33.0,1186.3,0.0,591,,SHEIKHPURA,
Bihar,Sheikhpura,IMD110-P590,1954,8.9,20.3,0.0,0.0,0.0,145.4,168.4,219.2,155.2,19.1,0.0,0.0,736.5,29.2,0.0,688.2,19.1,591,,SHEIKHPURA,
Bihar,Sheikhpura,IMD110-P590,1955,34.4,10.2,0.0,2.1,10.4,23.1,233.3,522.9,96.7,121.7,0.0,0.0,1054.8,44.6,12.5,876.0,121.7,591,,SHEIKHPURA,
Bihar,Sheikhpura,IMD110-P590,1956,23.4,3.0,10.2,0.0,15.0,390.4,197.3,205.3,367.2,166.9,29.2,0.0,1407.9,26.4,25.2,1160.2,196.1,591,,SHEIKHPURA,
Bihar,Sheikhpura,IMD110-P590,1957,136.0,0.0,27.9,0.0,0.0,80.0,229.1,354.9,259.4,5.1,0.0,0.0,1092.4,136.0,27.9,923.4,5.1,591,,SHEIKHPURA,
Bihar,Sheikhpura,IMD110-P590,1958,10.2,2.5,0.0,0.0,1.3,152.4,154.8,256.4,227.3,34.3,0.0,0.0,839.2,12.7,1.3,790.9,34.3,591,,SHEIKHPURA,
Bihar,Sheikhpura,IMD110-P590,1959,111.0,0.0,5.0,0.0,,,,,,,,,,111.0,,,,591,missing_months,SHEIKHPURA,
Bihar,Sheikhpura,IMD110-P590,1961,1.4,18.9,0.0,0.0,,102.2,165.1,267.1,82.8,580.9,0.0,13.3,,20.3,,617.2,594.2,591,missing_months,SHEIKHPURA,
Bihar,Sheikhpura,IMD110-P590,1962,9.2,0.0,,,,,79.3,195.0,,,,,,9.2,,,,591,missing_months,SHEIKHPURA,
Bihar,Sheikhpura,IMD110-P590,1963,0.0,0.0,0.0,0.8,26.1,100.1,199.9,143.5,337.6,203.4,0.0,0.0,1011.4,0.0,26.9,781.1,203.4,591,,SHEIKHPURA,
Bihar,Sheikhpura,IMD110-P590,1964,0.0,7.6,0.0,0.4,60.3,110.0,262.5,108.2,240.0,58.6,1.0,0.0,848.7,7.6,60.8,720.7,59.6,591,,SHEIKHPURA,
Bihar,Sheikhpura,IMD110-P590,1965,0.0,2.2,19.9,4.4,0.0,57.7,223.1,386.9,228.8,1.0,0.0,0.0,923.9,2.2,24.3,896.4,1.0,591,,SHEIKHPURA,
Bihar,Sheikhpura,IMD110-P590,1966,12.0,0.0,0.0,0.8,5.3,109.6,37.5,272.5,55.1,1.1,8.7,0.0,502.6,12.0,6.1,474.7,9.8,591,,SHEIKHPURA,
Bihar,Sheikhpura,IMD110-P590,1967,0.0,0.0,75.6,14.0,20.4,0.0,166.2,242.3,235.4,2.8,0.0,,,0.0,110.0,643.9,,591,missing_months,SHEIKHPURA,
Bihar,Sheikhpura,IMD110-P590,1968,49.3,0.0,1.1,0.0,0.0,486.8,345.1,336.9,56.2,28.5,0.0,1.9,1305.7,49.3,1.1,1224.9,30.4,591,,SHEIKHPURA,
Bihar,Sheikhpura,IMD110-P590,1969,18.0,3.5,0.0,0.0,0.0,420.6,368.8,494.8,241.5,0.0,5.8,0.0,1553.1,21.5,0.0,1525.8,5.8,592,,SHEIKHPURA,
Bihar,Sheikhpura,IMD110-P590,1970,21.5,10.9,0.8,0.0,21.6,69.0,121.9,166.9,150.5,0.7,0.0,0.0,563.7,32.4,22.4,508.2,0.7,592,,SHEIKHPURA,
Bihar,Sheikhpura,IMD110-P590,1974,9.0,0.0,9.0,0.0,17.0,24.1,474.8,164.4,97.2,3.5,0.0,0.0,799.0,9.0,26.0,760.5,3.5,592,,SHEIKHPURA,
Bihar,Sheikhpura,IMD110-P590,1975,0.0,0.0,14.0,0.0,20.0,29.8,628.0,132.6,155.4,66.7,0.0,0.0,1046.5,0.0,34.0,945.8,66.7,592,,SHEIKHPURA,
Bihar,Sheikhpura,IMD110-P590,1976,0.0,3.9,0.0,0.0,36.4,125.8,106.9,153.6,472.9,16.2,0.0,0.0,915.8,3.9,36.4,859.3,16.2,592,,SHEIKHPURA,
Bihar,Sheikhpura,IMD110-P590,1977,1.7,1.3,0.0,4.5,29.0,91.9,243.0,272.7,129.6,129.0,0.0,2.7,905.4,3.0,33.5,737.2,131.7,592,,SHEIKHPURA,
Bihar,Sheikhpura,IMD110-P590,1978,30.6,2.0,5.3,40.1,35.0,150.4,311.2,258.3,217.8,172.8,2.2,0.6,1226.3,32.6,80.3,937.8,175.6,592,,SHEIKHPURA,
Bihar,Sheikhpura,IMD110-P590,1979,18.2,15.3,2.8,11.3,0.0,57.1,262.3,146.6,111.1,35.0,16.4,0.8,676.8,33.5,14.0,577.1,52.2,592,,SHEIKHPURA,
Bihar,Sheikhpura,IMD110-P590,1980,7.1,0.0,0.0,3.5,27.4,243.3,242.5,411.3,165.6,41.7,0.0,0.0,1142.3,7.1,30.9,1062.6,41.7,592,,SHEIKHPURA,
Bihar,Sheikhpura,IMD110-P590,1981,39.3,0.0,22.9,44.3,66.5,134.6,717.4,128.4,91.5,0.0,8.9,0.0,1253.7,39.3,133.7,1071.8,8.9,592,,SHEIKHPURA,
Bihar,Sheikhpura,IMD110-P590,1982,0.0,9.5,64.6,26.0,0.0,138.5,193.5,260.1,70.5,75.0,26.5,0.0,864.1,9.5,90.6,662.5,101.5,592,,SHEIKHPURA,
Bihar,Sheikhpura,IMD110-P590,1983,10.9,0.0,0.0,23.0,17.1,72.8,307.0,150.9,378.9,61.8,0.0,0.0,1022.4,10.9,40.1,909.6,61.8,592,,SHEIKHPURA,
Bihar,Sheikhpura,IMD110-P590,1984,47.0,50.5,0.0,0.0,0.0,312.2,221.3,214.0,46.2,41.1,0.0,0.0,932.3,97.5,0.0,793.7,41.1,592,,SHEIKHPURA,
Bihar,Sheikhpura,IMD110-P590,1985,4.0,0.0,0.0,0.0,32.5,198.3,639.1,307.1,190.2,184.1,0.0,1.5,1556.7,4.0,32.5,1334.6,185.6,592,,SHEIKHPURA,
Bihar,Sheikhpura,IMD110-P590,1986,2.0,14.9,0.0,3.2,97.4,336.5,239.3,141.5,151.1,228.8,0.0,18.3,1232.8,16.9,100.6,868.3,247.0,592,,SHEIKHPURA,
Bihar,Sheikhpura,IMD110-P590,1987,5.3,5.2,0.0,79.6,52.6,91.9,467.0,287.1,353.5,15.3,3.3,3.7,1364.6,10.5,132.2,1199.5,22.3,592,,SHEIKHPURA,
Bihar,Sheikhpura,IMD110-P590,1988,2.0,,25.1,9.6,18.0,180.0,179.4,330.2,64.9,20.6,0.9,7.0,,,52.8,754.6,28.5,592,missing_months,SHEIKHPURA,
Bihar,Sheikhpura,IMD110-P590,1989,6.4,1.1,6.2,0.0,57.3,90.7,510.4,123.3,276.5,7.3,0.0,12.5,1091.6,7.5,63.5,1000.9,19.8,592,,SHEIKHPURA,
Bihar,Sheikhpura,IMD110-P590,1990,0.0,34.3,9.7,0.7,70.8,114.8,348.2,140.2,236.1,63.3,0.0,0.0,1018.2,34.3,81.2,839.3,63.3,592,,SHEIKHPURA,
Bihar,Sheikhpura,IMD110-P590,1991,5.2,2.1,0.9,0.0,88.2,148.6,176.4,240.3,155.6,4.9,0.0,7.3,829.5,7.2,89.1,720.9,12.3,592,,SHEIKHPURA,
Bihar,Sheikhpura,IMD110-P590,1992,0.7,0.3,0.0,1.6,6.8,51.4,135.0,187.3,60.7,6.8,1.0,0.0,451.5,1.0,8.4,434.3,7.8,592,,SHEIKHPURA,
Bihar,Sheikhpura,IMD110-P590,1993,0.3,3.7,29.0,19.3,57.5,108.6,149.8,318.2,436.6,23.5,37.9,0.0,1184.6,4.1,105.8,1013.3,61.4,592,,SHEIKHPURA,
Bihar,Sheikhpura,IMD110-P590,1994,37.1,29.2,0.0,2.1,33.6,68.6,226.6,131.5,177.7,60.1,0.0,0.0,766.5,66.3,35.7,604.4,60.1,592,,SHEIKHPURA,
Bihar,Sheikhpura,IMD110-P590,1995,12.7,12.9,0.0,0.0,0.0,120.5,170.8,308.7,147.2,7.9,47.9,62.0,890.6,25.6,0.0,747.2,117.8,592,,SHEIKHPURA,
Bihar,Sheikhpura,IMD110-P590,1996,26.6,34.1,0.0,0.0,1.3,117.8,141.1,370.5,208.9,48.1,0.0,0.0,948.4,60.7,1.3,838.3,48.1,592,,SHEIKHPURA,
Bihar,Sheikhpura,IMD110-P590,1997,11.4,5.1,3.7,17.1,64.0,236.9,634.1,364.6,143.6,47.7,21.2,31.0,1580.4,16.5,84.7,1379.2,99.9,592,,SHEIKHPURA,
Bihar,Sheikhpura,IMD110-P590,1998,1.1,7.9,16.8,13.6,39.2,151.5,408.3,183.4,91.7,80.5,8.9,0.0,1003.0,9.1,69.7,834.9,89.3,592,,SHEIKHPURA,
Bihar,Sheikhpura,IMD110-P590,1999,0.0,0.0,0.0,0.0,66.9,282.5,203.5,212.6,117.3,147.2,0.0,0.0,1030.0,0.0,66.9,815.9,147.2,592,,SHEIKHPURA,
Bihar,Sheikhpura,IMD110-P590,2000,0.0,0.0,0.0,13.5,30.4,79.5,199.3,156.7,370.1,0.0,0.0,0.0,849.6,0.0,43.9,805.7,0.0,592,,SHEIKHPURA,
Bihar,Sheikhpura,IMD110-P590,2001,0.0,0.0,0.0,0.0,0.0,93.3,85.8,120.8,119.6,190.4,0.0,0.0,609.8,0.0,0.0,419.5,190.4,592,,SHEIKHPURA,
Bihar,Sheikhpura,IMD110-P590,2002,0.0,0.0,0.0,0.0,14.4,16.9,,,,,,,,0.0,14.4,,,592,missing_months,SHEIKHPURA,
Bihar,Sheikhpura,IMD110-P590,2003,,,,,,,427.4,232.0,162.0,64.0,0.0,0.0,,,,,64.0,592,missing_months,SHEIKHPURA,
Bihar,Sheikhpura,IMD110-P590,2004,0.0,0.0,0.0,0.0,0.0,139.1,163.0,94.0,79.0,14.0,0.0,0.0,489.1,0.0,0.0,475.1,14.0,592,,SHEIKHPURA,
Bihar,Sheikhpura,IMD110-P590,2005,,,,,,,382.3,133.6,69.7,45.6,0.0,0.0,,,,,45.6,592,missing_months,SHEIKHPURA,
Bihar,Sheikhpura,IMD110-P590,2006,0.0,0.0,0.0,0.0,47.4,165.0,496.8,197.1,233.7,0.0,1.7,0.0,1141.7,0.0,47.4,1092.6,1.7,593,,SHEIKHPURA,
Bihar,Sheikhpura,IMD110-P590,2007,,,,,,,548.3,221.6,281.3,8.4,0.0,0.0,,,,,8.4,593,missing_months,SHEIKHPURA,
Bihar,Sheikhpura,IMD110-P590,2008,68.4,0.0,0.0,5.1,13.1,309.6,368.8,146.7,87.3,0.0,0.0,0.0,999.1,68.4,18.3,912.4,0.0,593,,SHEIKHPURA,
Bihar,Sheikhpura,IMD110-P590,2009,0.0,0.0,0.0,0.0,128.8,105.5,223.3,300.6,164.5,122.3,0.0,0.0,1045.1,0.0,128.8,794.0,122.3,593,,SHEIKHPURA,
Bihar,Sheikhpura,IMD110-P590,2010,0.0,2.6,0.0,0.0,78.2,167.1,188.1,136.8,128.7,61.1,0.0,4.4,767.1,2.6,78.2,620.7,65.5,593,,SHEIKHPURA,
Bihar,Sheohar,IMD110-P594,1976,0.0,,,,,,,,,,,,,,,,,594,missing_months,SHEOHAR,
Bihar,Sheohar,IMD110-P594,1980,,,,,,,488.3,193.0,104.4,10.0,0.0,0.0,,,,,10.0,594,missing_months,SHEOHAR,
Bihar,Sheohar,IMD110-P594,1981,12.7,1.5,75.8,79.6,47.8,249.6,566.0,364.1,137.0,0.0,1.0,0.0,1535.2,14.2,203.2,1316.8,1.0,594,,SHEOHAR,
Bihar,Sheohar,IMD110-P594,1982,0.0,0.6,8.6,4.1,0.0,92.3,107.0,64.4,157.7,2.0,4.0,0.0,440.7,0.6,12.7,421.5,6.0,594,,SHEOHAR,
Bihar,Sheohar,IMD110-P594,1983,52.3,0.0,0.0,38.6,110.2,30.9,379.0,407.6,106.5,72.3,0.0,6.5,1203.9,52.3,148.8,924.0,78.8,594,,SHEOHAR,
Bihar,Sheohar,IMD110-P594,1984,19.0,14.1,0.0,31.7,155.0,336.3,419.9,89.2,198.0,0.0,0.0,10.5,1273.7,33.1,186.7,1043.3,10.5,594,,SHEOHAR,
Bihar,Sheohar,IMD110-P594,1985,10.0,0.0,0.0,1.5,141.4,237.9,726.1,167.9,495.8,249.8,4.6,9.1,2044.1,10.0,142.9,1627.7,263.5,594,,SHEOHAR,
Bihar,Sheohar,IMD110-P594,1986,0.0,10.1,0.0,35.5,49.9,131.3,237.9,296.4,158.0,73.8,0.0,49.7,1042.4,10.1,85.4,823.5,123.4,594,,SHEOHAR,
Bihar,Sheohar,IMD110-P594,1987,0.0,12.5,0.0,13.6,0.0,73.1,196.2,571.2,211.9,5.3,0.0,0.0,1083.8,12.5,13.6,1052.3,5.3,594,,SHEOHAR,
Bihar,Sheohar,IMD110-P594,1988,2.5,27.8,17.5,20.7,50.8,84.3,360.4,371.3,211.5,47.7,0.0,30.3,1224.6,30.3,88.9,1027.4,77.9,594,,SHEOHAR,
Bihar,Sheohar,IMD110-P594,1989,17.8,4.4,0.0,0.0,83.5,109.5,433.1,86.9,254.4,55.4,0.0,0.0,1045.0,22.2,83.5,883.9,55.4,594,,SHEOHAR,
Bihar,Sheohar,IMD110-P594,1990,0.0,27.7,15.0,10.4,36.3,90.3,484.8,137.8,167.1,41.3,0.0,3.5,1014.1,27.7,61.7,880.0,44.8,594,,SHEOHAR,
Bihar,Sheohar,IMD110-P594,1991,23.0,3.5,10.5,4.0,39.8,174.8,125.0,398.0,97.6,0.0,0.0,0.0,876.0,26.5,54.3,795.3,0.0,594,,SHEOHAR,
Bihar,Sheohar,IMD110-P594,1992,0.0,0.0,0.0,0.0,115.3,78.2,235.1,311.9,159.0,102.0,,,,0.0,115.3,784.2,,594,missing_months,SHEOHAR,
Bihar,Sheohar,IMD110-P594,1993,3.0,0.0,0.0,12.0,0.0,132.9,223.0,479.0,223.0,0.0,53.0,0.0,1125.9,3.0,12.0,1057.9,53.0,594,,SHEOHAR,
Bihar,Sheohar,IMD110-P594,1994,100.0,79.5,0.0,0.0,0.0,28.8,272.0,103.0,263.4,0.0,0.0,0.0,846.7,179.5,0.0,667.2,0.0,594,,SHEOHAR,
Bihar,Sheohar,IMD110-P594,1995,,0.0,0.0,0.0,15.0,203.0,277.5,212.0,73.0,10.5,35.0,30.0,,,15.0,765.5,75.5,594,missing_months,SHEOHAR,
Bihar,Sheohar,IMD110-P594,1996,,,,,,368.0,265.6,,89.0,120.0,0.0,0.0,,,,,120.0,594,missing_months,SHEOHAR,
Bihar,Sheohar,IMD110-P594,1997,0.0,0.0,0.0,0.0,,475.0,197.0,418.0,361.0,0.0,0.0,0.0,,0.0,,1451.0,0.0,594,missing_months,SHEOHAR,
Bihar,Sheohar,IMD110-P594,1998,10.0,15.0,40.0,42.0,55.2,85.4,513.0,484.3,228.1,90.0,0.0,0.0,1563.0,25.0,137.2,1310.8,90.0,594,,SHEOHAR,
Bihar,Sheohar,IMD110-P594,1999,0.0,0.0,0.0,0.0,105.0,437.9,329.6,670.6,140.6,72.3,0.0,0.0,1756.0,0.0,105.0,1578.7,72.3,594,,SHEOHAR,
Bihar,Sheohar,IMD110-P594,2000,,,,,,,178.4,94.5,41.0,0.0,0.0,0.0,,,,,0.0,594,missing_months,SHEOHAR,
Bihar,Sheohar,IMD110-P594,2001,0.0,0.0,0.0,12.0,96.0,183.0,93.0,128.5,482.9,350.0,0.0,0.0,1345.4,0.0,108.0,887.4,350.0,594,,SHEOHAR,
Bihar,Sheohar,IMD110-P594,2002,20.0,,0.0,0.0,83.0,251.0,340.0,324.0,120.0,2.0,0.0,0.0,,,83.0,1035.0,2.0,594,missing_months,SHEOHAR,
Bihar,Sheohar,IMD110-P594,2003,,,,,,,,,79.0,68.0,0.0,0.0,,,,,68.0,594,missing_months,SHEOHAR,
Bihar,Sheohar,IMD110-P594,2004,8.5,25.0,5.0,0.0,22.5,438.5,1083.0,106.0,61.0,0.0,0.0,0.0,1749.5,33.5,27.5,1688.5,0.0,594,,SHEOHAR,
Bihar,Sheohar,IMD110-P594,2005,2.5,1.4,,0.0,150.0,208.5,319.6,478.0,34.6,35.4,0.0,0.0,,3.9,,1040.7,35.4,594,missing_months,SHEOHAR,
Bihar,Sheohar,IMD110-P594,2006,,,,,,,205.0,120.2,314.4,21.8,0.0,0.0,,,,,21.8,594,missing_months,SHEOHAR,
Bihar,Sheohar,IMD110-P594,2007,,,,,,,678.9,415.8,365.8,28.4,0.0,0.0,,,,,28.4,594,missing_months,SHEOHAR,
Bihar,Sheohar,IMD110-P594,2008,0.0,0.0,0.0,0.0,113.0,111.9,265.2,143.6,173.6,85.1,0.0,0.0,892.4,0.0,113.0,694.3,85.1,594,,SHEOHAR,
Bihar,Sheohar,IMD110-P594,2009,0.0,0.0,2.8,0.0,166.6,75.2,162.4,237.6,282.0,,0.0,0.0,,0.0,169.3,757.2,,594,missing_months,SHEOHAR,
Bihar,Sheohar,IMD110-P594,2010,4.3,0.0,0.0,0.0,4.3,133.5,99.6,239.2,39.2,46.9,0.0,0.0,567.0,4.3,4.3,511.5,46.9,594,,SHEOHAR,
Bihar,Sitamarhi,IMD110-P595,1901,42.3,6.3,7.6,0.0,113.0,153.5,164.4,258.3,129.7,0.0,0.0,0.0,875.2,48.6,120.6,706.0,0.0,595,,SITAMARHI,
Bihar,Sitamarhi,IMD110-P595,1902,0.0,0.0,60.9,13.9,72.0,192.2,308.2,278.6,255.9,54.7,0.0,0.0,1236.3,0.0,146.7,1034.8,54.7,595,,SITAMARHI,
Bihar,Sitamarhi,IMD110-P595,1903,2.9,0.5,0.3,8.1,12.8,270.8,114.8,334.0,166.8,127.1,0.0,0.0,1038.2,3.4,21.3,886.4,127.1,595,,SITAMARHI,
Bihar,Sitamarhi,IMD110-P595,1904,4.2,0.0,0.0,0.0,82.8,87.1,260.8,352.1,48.0,88.5,35.7,6.8,965.9,4.2,82.8,748.0,130.9,595,,SITAMARHI,
Bihar,Sitamarhi,IMD110-P595,1905,18.0,17.8,20.6,29.7,86.6,95.8,439.5,617.8,335.4,16.2,0.0,0.0,1677.3,35.8,136.9,1488.5,16.2,595,,SITAMARHI,
Bihar,Sitamarhi,IMD110-P595,1906,3.3,39.5,3.7,0.2,58.4,143.3,330.0,814.5,125.0,17.9,0.0,0.0,1535.8,42.8,62.2,1412.9,17.9,595,,SITAMARHI,
Bihar,Sitamarhi,IMD110-P595,1907,0.0,10.1,43.7,34.9,49.6,147.4,287.0,133.9,259.4,7.6,0.0,3.6,977.2,10.1,128.1,827.7,11.3,595,,SITAMARHI,
Bihar,Sitamarhi,IMD110-P595,1908,9.2,15.4,12.8,3.5,73.6,51.7,294.6,87.8,170.9,42.6,0.0,0.0,762.2,24.6,90.0,605.0,42.6,595,,SITAMARHI,
Bihar,Sitamarhi,IMD110-P595,1909,0.7,2.7,0.0,98.6,42.4,373.1,235.8,365.7,123.4,44.1,0.0,6.4,1292.9,3.4,141.1,1098.0,50.5,595,,SITAMARHI,
Bihar,Sitamarhi,IMD110-P595,1910,16.2,0.0,2.8,8.6,102.5,235.6,640.4,86.6,157.5,102.7,7.5,0.0,1360.4,16.2,113.9,1120.1,110.3,595,,SITAMARHI,
Bihar,Sitamarhi,IMD110-P595,1911,14.4,0.0,22.9,11.6,85.7,196.7,361.2,401.1,149.3,48.3,9.6,0.0,1300.7,14.4,120.1,1108.3,57.9,595,,SITAMARHI,
Bihar,Sitamarhi,IMD110-P595,1912,7.6,5.6,34.6,48.5,99.0,152.9,204.7,168.2,140.5,9.4,36.9,0.0,907.9,13.2,182.1,666.3,46.3,595,,SITAMARHI,
Bihar,Sitamarhi,IMD110-P595,1913,0.0,36.0,22.5,0.7,116.4,467.3,312.7,298.4,170.9,56.9,0.0,23.5,1505.5,36.0,139.6,1249.4,80.4,595,,SITAMARHI,
Bihar,Sitamarhi,IMD110-P595,1914,0.0,30.3,7.7,34.6,57.4,42.5,182.3,604.5,79.1,11.4,0.0,0.0,1049.9,30.3,99.8,908.4,11.4,595,,SITAMARHI,
Bihar,Sitamarhi,IMD110-P595,1915,1.9,34.8,40.0,2.7,46.4,119.5,361.0,384.3,170.1,71.0,4.4,0.1,1236.2,36.7,89.1,1035.0,75.5,595,,SITAMARHI,
Bihar,Sitamarhi,IMD110-P595,1916,0.0,21.1,0.0,35.9,25.6,232.6,452.9,305.0,260.5,99.3,0.0,0.0,1432.9,21.1,61.5,1250.9,99.3,595,,SITAMARHI,
Bihar,Sitamarhi,IMD110-P595,1917,0.0,15.9,13.1,10.0,136.4,215.0,326.0,175.1,243.1,43.6,0.0,0.0,1178.0,15.9,159.4,959.1,43.6,595,,SITAMARHI,
Bihar,Sitamarhi,IMD110-P595,1918,0.0,0.0,0.2,45.6,139.7,189.7,430.9,312.8,165.4,18.7,0.0,0.0,1303.0,0.0,185.5,1098.8,18.7,595,,SITAMARHI,
Bihar,Sitamarhi,IMD110-P595,1919,16.9,5.8,2.6,16.6,59.5,184.2,255.8,114.7,219.1,21.8,0.0,0.0,897.0,22.7,78.7,773.8,21.8,595,,SITAMARHI,
Bihar,Sitamarhi,IMD110-P595,1920,0.0,3.6,16.6,12.6,20.7,221.8,233.8,362.5,376.4,5.6,0.0,0.0,1253.5,3.6,49.9,1194.5,5.6,595,,SITAMARHI,
Bihar,Sitamarhi,IMD110-P595,1921,26.2,0.0,22.3,49.0,27.6,128.3,225.4,330.9,420.1,43.4,0.0,0.0,1273.3,26.2,99.0,1104.6,43.4,595,,SITAMARHI,
Bihar,Sitamarhi,IMD110-P595,1922,11.9,2.4,0.0,6.9,12.2,554.1,496.6,506.3,169.2,12.6,0.0,22.3,1794.4,14.3,19.1,1726.2,34.9,595,,SITAMARHI,
Bihar,Sitamarhi,IMD110-P595,1923,0.2,38.4,0.1,5.2,46.4,187.1,168.0,161.5,203.7,135.2,0.0,0.2,945.9,38.6,51.7,720.3,135.4,595,,SITAMARHI,
Bihar,Sitamarhi,IMD110-P595,1924,0.0,2.6,2.9,12.2,44.4,325.5,411.0,404.6,533.7,37.6,20.4,0.0,1795.0,2.6,59.6,1674.8,58.0,595,,SITAMARHI,
Bihar,Sitamarhi,IMD110-P595,1925,10.6,0.0,0.0,42.3,87.1,149.6,161.5,541.1,164.7,25.0,0.9,0.0,1182.8,10.6,129.4,1016.9,26.0,595,,SITAMARHI,
Bihar,Sitamarhi,IMD110-P595,1926,32.0,0.0,27.6,9.0,84.5,71.0,420.2,202.4,189.1,14.9,0.1,0.8,1051.3,32.0,121.0,882.6,15.7,595,,SITAMARHI,
Bihar,Sitamarhi,IMD110-P595,1927,11.7,13.0,21.3,2.1,77.7,101.1,363.4,236.0,204.0,15.3,39.2,0.0,1084.9,24.7,101.2,904.5,54.5,595,,SITAMARHI,
Bihar,Sitamarhi,IMD110-P595,1928,25.3,28.8,0.0,9.3,85.8,103.3,474.4,378.6,43.2,106.7,0.0,6.5,1261.9,54.0,95.1,999.5,113.2,595,,SITAMARHI,
Bihar,Sitamarhi,IMD110-P595,1929,19.6,0.1,16.3,26.4,71.8,283.6,257.3,262.2,112.7,182.7,0.0,25.1,1257.8,19.7,114.5,915.8,207.8,595,,SITAMARHI,
Bihar,Sitamarhi,IMD110-P595,1930,20.0,11.6,29.2,3.4,45.7,232.7,270.9,193.5,515.6,66.7,0.4,18.3,1408.2,31.6,78.3,1212.8,85.5,595,,SITAMARHI,
Bihar,Sitamarhi,IMD110-P595,1931,1.3,33.0,22.9,3.2,42.0,103.6,533.9,214.4,251.9,82.7,36.7,0.0,1325.7,34.3,68.2,1103.9,119.4,595,,SITAMARHI,
Bihar,Sitamarhi,IMD110-P595,1932,0.0,0.7,0.0,31.9,17.7,156.5,46.8,287.2,239.6,8.1,51.0,21.8,861.3,0.7,49.7,730.1,80.9,595,,SITAMARHI,
Bihar,Sitamarhi,IMD110-P595,1933,22.0,2.4,0.0,54.6,98.8,141.4,747.7,317.3,128.8,134.5,0.0,0.0,1647.6,24.5,153.4,1335.2,134.5,595,,SITAMARHI,
Bihar,Sitamarhi,IMD110-P595,1934,24.0,13.5,0.2,9.9,15.2,207.8,446.8,103.4,232.6,39.6,1.2,0.0,1094.2,37.5,25.3,990.6,40.8,596,,SITAMARHI,
Bihar,Sitamarhi,IMD110-P595,1935,17.8,34.0,0.0,0.0,28.1,151.5,163.3,410.4,606.7,0.0,0.8,0.0,1412.7,51.8,28.1,1331.9,0.8,596,,SITAMARHI,
Bihar,Sitamarhi,IMD110-P595,1936,0.3,5.2,1.7,0.8,151.0,241.9,492.0,113.2,378.4,10.3,0.0,11.3,1406.1,5.5,153.5,1225.4,21.6,596,,SITAMARHI,
Bihar,Sitamarhi,IMD110-P595,1937,0.0,47.4,0.3,24.0,128.6,159.5,109.0,507.4,207.0,221.9,0.0,4.5,1409.6,47.4,152.9,982.9,226.4,596,,SITAMARHI,
Bihar,Sitamarhi,IMD110-P595,1938,14.3,16.4,0.0,0.6,105.8,586.2,341.6,392.1,122.5,9.6,0.0,0.0,1589.2,30.8,106.4,1442.4,9.6,596,,SITAMARHI,
Bihar,Sitamarhi,IMD110-P595,1939,1.1,40.6,0.9,0.0,50.4,274.6,305.4,226.9,236.9,89.0,0.0,0.0,1225.8,41.7,51.3,1043.8,89.0,596,,SITAMARHI,
Bihar,Sitamarhi,IMD110-P595,1940,0.0,50.5,87.6,1.4,70.0,166.6,371.3,195.0,181.5,0.5,0.0,0.1,1124.6,50.5,159.0,914.4,0.6,596,,SITAMARHI,
Bihar,Sitamarhi,IMD110-P595,1941,4.9,3.9,0.0,1.1,109.8,173.6,334.8,490.0,204.5,4.4,0.3,0.0,1327.4,8.7,110.9,1203.0,4.7,596,,SITAMARHI,
Bihar,Sitamarhi,IMD110-P595,1942,61.5,28.8,9.7,9.3,48.1,257.7,152.0,204.6,459.8,8.2,0.0,0.0,1239.6,90.2,67.1,1074.1,8.2,596,,SITAMARHI,
Bihar,Sitamarhi,IMD110-P595,1943,20.8,10.4,0.0,53.9,61.5,230.8,318.7,419.4,95.9,19.5,0.0,0.0,1231.0,31.2,115.5,1064.8,19.5,596,,SITAMARHI,
Bihar,Sitamarhi,IMD110-P595,1944,16.0,13.5,88.6,70.9,4.5,338.1,230.5,138.6,298.3,24.0,0.0,0.0,1223.0,29.5,164.1,1005.5,24.0,596,,SITAMARHI,
Bihar,Sitamarhi,IMD110-P595,1945,74.5,4.6,0.6,24.9,94.4,110.2,129.5,267.2,267.9,150.2,0.0,0.0,1124.1,79.1,119.9,774.9,150.2,596,,SITAMARHI,
Bihar,Sitamarhi,IMD110-P595,1946,0.0,16.6,0.0,69.1,171.5,118.6,426.3,185.0,277.9,125.4,11.3,0.0,1401.8,16.6,240.7,1007.8,136.8,596,,SITAMARHI,
Bihar,Sitamarhi,IMD110-P595,1947,4.8,9.1,3.6,9.6,113.5,211.9,607.0,284.2,190.9,100.9,0.1,0.0,1535.6,13.9,126.7,1294.0,101.0,596,,SITAMARHI,
Bihar,Sitamarhi,IMD110-P595,1948,2.1,17.7,0.0,27.6,78.5,109.7,471.3,237.5,163.7,71.3,56.7,0.0,1236.0,19.8,106.1,982.2,127.9,596,,SITAMARHI,
Bihar,Sitamarhi,IMD110-P595,1949,54.2,77.5,0.0,72.2,102.4,230.7,453.6,460.3,378.8,138.8,0.0,0.0,1968.3,131.6,174.5,1523.3,138.8,596,,SITAMARHI,
Bihar,Sitamarhi,IMD110-P595,1950,11.8,5.7,49.4,0.0,54.1,417.6,106.1,399.1,52.8,2.5,0.0,0.0,1099.2,17.5,103.6,975.6,2.5,596,,SITAMARHI,
Bihar,Sitamarhi,IMD110-P595,1951,1.3,1.1,3.8,0.0,7.4,195.6,421.2,244.2,55.2,24.0,9.4,0.0,963.3,2.4,11.2,916.3,33.4,596,,SITAMARHI,
Bihar,Sitamarhi,IMD110-P595,1952,0.0,11.0,30.1,47.9,102.4,274.4,255.5,282.3,258.5,0.9,16.8,0.0,1279.8,11.0,180.4,1070.7,17.7,596,,SITAMARHI,
Bihar,Sitamarhi,IMD110-P595,1953,42.5,0.0,10.1,28.8,51.0,411.5,781.3,221.4,211.1,10.6,0.0,0.0,1768.2,42.5,89.8,1625.3,10.6,596,,SITAMARHI,
Bihar,Sitamarhi,IMD110-P595,1954,20.6,0.6,0.0,2.2,98.8,117.8,538.6,413.4,126.2,5.8,0.0,0.0,1323.9,21.3,101.0,1195.9,5.8,596,,SITAMARHI,
Bihar,Sitamarhi,IMD110-P595,1955,0.4,6.3,2.0,13.7,23.1,190.6,776.2,301.1,207.0,19.8,0.3,0.2,1540.7,6.7,38.8,1475.0,20.2,596,,SITAMARHI,
Bihar,Sitamarhi,IMD110-P595,1956,27.4,21.5,4.7,11.3,168.3,398.2,156.0,284.9,303.7,120.4,48.2,3.5,1548.2,49.0,184.3,1142.8,172.2,596,,SITAMARHI,
Bihar,Sitamarhi,IMD110-P595,1957,70.3,0.0,0.7,0.6,3.6,152.6,390.9,428.4,73.3,22.1,0.0,1.8,1144.2,70.3,4.9,1045.1,23.9,596,,SITAMARHI,
Bihar,Sitamarhi,IMD110-P595,1958,21.0,0.0,1.5,83.2,35.6,296.9,327.3,795.2,316.6,148.7,0.0,0.0,2026.0,21.0,120.3,1736.0,148.7,596,,SITAMARHI,
Bihar,Sitamarhi,IMD110-P595,1959,115.4,0.3,19.1,18.7,32.3,206.4,127.9,180.0,179.2,239.9,0.0,0.0,1119.3,115.7,70.2,693.5,239.9,596,,SITAMARHI,
Bihar,Sitamarhi,IMD110-P595,1960,0.0,0.0,79.7,6.1,37.2,116.3,286.7,199.5,387.3,21.1,0.0,0.0,1134.1,0.0,123.1,989.9,21.1,596,,SITAMARHI,
Bihar,Sitamarhi,IMD110-P595,1961,2.3,52.2,0.0,0.0,63.1,231.0,157.4,348.0,144.8,157.1,0.0,11.4,1167.2,54.5,63.1,881.2,168.4,596,,SITAMARHI,
Bihar,Sitamarhi,IMD110-P595,1962,31.1,7.1,,,101.6,241.0,278.4,321.4,103.4,38.0,0.0,0.7,,38.2,,944.2,38.7,596,missing_months,SITAMARHI,
Bihar,Sitamarhi,IMD110-P595,1964,,,,,25.0,83.5,633.0,106.0,422.0,81.0,0.0,0.0,,,,1244.5,81.0,596,missing_months,SITAMARHI,
Bihar,Sitamarhi,IMD110-P595,1965,0.0,0.0,40.0,0.0,8.9,194.3,511.0,281.0,117.7,57.8,0.0,0.0,1210.6,0.0,48.8,1103.9,57.8,596,,SITAMARHI,
Bihar,Sitamarhi,IMD110-P595,1966,52.5,18.1,0.0,0.0,51.3,78.7,276.2,279.6,73.3,16.3,10.0,2.4,858.5,70.6,51.3,707.9,28.7,596,,SITAMARHI,
Bihar,Sitamarhi,IMD110-P595,1967,0.0,0.0,32.3,39.7,28.0,170.7,385.1,275.5,303.5,2.0,0.0,0.0,1236.8,0.0,100.1,1134.8,2.0,596,,SITAMARHI,
Bihar,Sitamarhi,IMD110-P595,1968,42.7,0.0,3.1,0.5,12.3,197.1,280.8,217.0,58.3,73.9,0.0,0.0,885.7,42.7,15.9,753.2,73.9,596,,SITAMARHI,
Bihar,Sitamarhi,IMD110-P595,1969,0.0,4.8,5.6,30.5,95.9,367.9,238.9,430.9,170.9,9.6,0.0,0.0,1354.8,4.8,131.9,1208.5,9.6,597,,SITAMARHI,
Bihar,Sitamarhi,IMD110-P595,1970,0.0,0.0,0.0,0.0,0.0,219.2,257.2,328.0,245.6,80.0,0.0,0.0,1130.0,0.0,0.0,1050.0,80.0,597,,SITAMARHI,
Bihar,Sitamarhi,IMD110-P595,1974,0.0,0.0,60.5,12.9,20.8,286.7,491.0,412.9,149.2,41.9,0.0,4.0,1479.9,0.0,94.3,1339.8,45.9,597,,SITAMARHI,
Bihar,Sitamarhi,IMD110-P595,1975,6.6,2.5,0.0,13.3,44.9,289.5,592.1,206.3,289.7,64.6,0.0,0.0,1509.7,9.1,58.3,1377.6,64.6,597,,SITAMARHI,
Bihar,Sitamarhi,IMD110-P595,1976,6.5,9.2,0.0,12.0,72.0,219.5,232.7,312.7,137.4,29.9,0.0,0.0,1031.8,15.7,84.0,902.3,29.9,597,,SITAMARHI,
Bihar,Sitamarhi,IMD110-P595,1977,1.0,2.0,0.4,15.8,108.7,54.7,295.3,266.4,45.8,150.5,12.8,33.6,987.0,2.9,124.9,662.2,197.0,597,,SITAMARHI,
Bihar,Sitamarhi,IMD110-P595,1978,10.7,10.1,36.5,47.0,91.1,222.1,424.6,259.9,239.4,277.8,8.8,9.2,1637.1,20.8,174.6,1145.9,295.8,597,,SITAMARHI,
Bihar,Sitamarhi,IMD110-P595,1979,10.4,10.9,5.0,29.2,3.5,159.2,420.9,177.9,173.7,130.8,14.5,14.6,1150.5,21.3,37.6,931.6,159.9,597,,SITAMARHI,
Bihar,Sitamarhi,IMD110-P595,1980,3.0,2.0,5.9,10.3,139.6,111.7,382.3,269.7,146.2,18.2,0.0,3.6,1092.5,5.1,155.8,909.9,21.8,597,,SITAMARHI,
Bihar,Sitamarhi,IMD110-P595,1981,11.4,4.5,26.5,20.3,110.9,228.0,581.5,438.2,158.9,2.9,2.2,1.6,1586.8,15.9,157.6,1406.6,6.7,597,,SITAMARHI,
Bihar,Sitamarhi,IMD110-P595,1982,0.1,3.1,11.2,17.1,37.2,240.5,177.5,59.2,97.1,10.6,3.9,0.0,657.4,3.2,65.6,574.2,14.5,597,,SITAMARHI,
Bihar,Sitamarhi,IMD110-P595,1983,18.8,0.0,1.8,44.3,123.3,35.4,483.0,255.2,188.0,70.3,0.0,23.9,1244.0,18.8,169.4,961.6,94.2,597,,SITAMARHI,
Bihar,Sitamarhi,IMD110-P595,1984,23.6,24.4,0.8,30.8,167.8,319.5,590.6,75.0,221.9,6.4,0.0,12.4,1473.3,48.0,199.4,1207.1,18.8,597,,SITAMARHI,
Bihar,Sitamarhi,IMD110-P595,1985,7.5,0.2,0.0,12.2,81.0,181.5,493.4,323.7,451.2,168.4,1.1,14.4,1734.8,7.7,93.2,1449.9,183.9,597,,SITAMARHI,
Bihar,Sitamarhi,IMD110-P595,1986,0.0,32.4,0.0,16.8,82.9,77.9,278.5,394.6,119.2,158.8,6.8,59.2,1227.2,32.4,99.7,870.3,224.8,597,,SITAMARHI,
Bihar,Sitamarhi,IMD110-P595,1987,0.1,4.6,1.0,51.8,50.1,86.5,437.6,751.9,388.2,93.4,2.0,1.1,1868.3,4.7,102.9,1664.2,96.5,597,,SITAMARHI,
Bihar,Sitamarhi,IMD110-P595,1988,0.2,43.3,23.9,97.5,51.5,165.7,535.1,529.5,151.5,31.4,0.0,10.6,1640.2,43.5,172.9,1381.8,41.9,597,,SITAMARHI,
Bihar,Sitamarhi,IMD110-P595,1989,7.4,20.0,15.2,0.0,78.5,101.3,417.7,175.4,282.3,30.3,1.1,6.8,1136.2,27.4,93.8,976.8,38.2,597,,SITAMARHI,
Bihar,Sitamarhi,IMD110-P595,1990,0.0,23.0,29.3,30.6,106.4,120.6,374.5,169.4,273.5,11.9,0.0,4.7,1143.9,23.0,166.3,938.0,16.6,597,,SITAMARHI,
Bihar,Sitamarhi,IMD110-P595,1991,12.0,3.2,15.1,24.0,59.0,161.4,255.4,381.2,181.0,4.7,0.0,5.1,1102.1,15.1,98.1,979.1,9.8,597,,SITAMARHI,
Bihar,Sitamarhi,IMD110-P595,1992,0.4,0.7,0.0,0.7,101.8,92.3,246.9,213.2,140.1,85.8,3.9,0.0,885.7,1.1,102.5,692.4,89.7,597,,SITAMARHI,
Bihar,Sitamarhi,IMD110-P595,1993,4.7,4.3,12.9,39.0,34.3,160.6,295.4,353.2,180.8,18.3,4.2,0.0,1107.6,8.9,86.3,990.0,22.4,597,,SITAMARHI,
Bihar,Sitamarhi,IMD110-P595,1994,39.9,51.4,7.0,19.2,40.7,38.4,224.3,186.3,237.8,0.4,0.0,0.0,845.4,91.3,66.9,686.8,0.4,597,,SITAMARHI,
Bihar,Sitamarhi,IMD110-P595,1995,5.2,15.2,3.7,0.0,18.1,213.1,214.6,299.6,172.3,33.6,19.8,15.6,1010.8,20.5,21.8,899.6,69.0,597,,SITAMARHI,
Bihar,Sitamarhi,IMD110-P595,1996,15.5,9.7,1.5,1.0,10.4,400.4,405.7,259.9,121.7,71.1,0.0,0.0,1296.9,25.2,13.0,1187.7,71.1,597,,SITAMARHI,
Bihar,Sitamarhi,IMD110-P595,1997,12.1,3.5,8.4,91.9,67.6,334.2,312.6,314.0,240.5,5.5,4.0,35.1,1429.6,15.6,167.9,1201.4,44.6,597,,SITAMARHI,
Bihar,Sitamarhi,IMD110-P595,1998,8.8,17.3,26.8,45.0,26.8,71.2,536.8,502.5,168.5,85.7,26.9,0.0,1516.3,26.1,98.6,1278.9,112.6,597,,SITAMARHI,
Bihar,Sitamarhi,IMD110-P595,1999,1.9,0.0,0.3,8.0,82.8,344.0,323.8,377.4,98.2,123.3,3.2,2.8,1365.6,1.9,91.0,1143.4,129.3,597,,SITAMARHI,
Bihar,Sitamarhi,IMD110-P595,2000,2.1,7.4,2.3,54.2,134.0,218.9,269.0,273.2,153.9,10.6,0.0,0.0,1125.5,9.5,190.4,915.0,10.6,597,,SITAMARHI,
Bihar,Sitamarhi,IMD110-P595,2001,1.1,1.0,2.3,16.4,48.4,261.9,305.5,226.0,218.3,234.9,0.6,0.0,1316.2,2.0,67.0,1011.7,235.5,597,,SITAMARHI,
Bihar,Sitamarhi,IMD110-P595,2002,19.8,10.4,2.4,17.4,47.2,121.8,561.0,129.6,141.0,16.5,0.3,2.0,1069.6,30.2,67.0,953.5,18.9,597,,SITAMARHI,
Bihar,Sitamarhi,IMD110-P595,2003,33.0,18.3,18.0,25.8,112.1,521.8,367.9,410.7,236.6,54.6,0.0,5.1,1804.1,51.3,155.9,1537.1,59.8,597,,SITAMARHI,
Bihar,Sitamarhi,IMD110-P595,2004,13.6,0.0,0.0,40.7,50.1,390.6,809.0,117.6,60.1,26.2,0.0,0.0,1508.0,13.6,90.8,1377.3,26.2,597,,SITAMARHI,
Bihar,Sitamarhi,IMD110-P595,2005,13.2,7.8,19.2,26.7,41.1,123.9,192.8,557.4,43.0,17.5,0.0,0.0,1042.7,20.9,87.0,917.2,17.5,597,,SITAMARHI,
Bihar,Sitamarhi,IMD110-P595,2006,0.0,0.0,0.0,0.0,142.7,83.0,191.3,127.0,377.8,10.7,0.0,9.3,941.8,0.0,142.7,779.1,20.0,598,,SITAMARHI,
Bihar,Sitamarhi,IMD110-P595,2007,0.0,,,,,,679.4,497.0,332.9,7.4,0.0,0.0,,,,,7.4,598,missing_months,SITAMARHI,
Bihar,Sitamarhi,IMD110-P595,2008,0.0,1.6,0.0,0.0,10.5,65.4,326.3,166.8,54.1,14.9,2.1,0.0,641.7,1.6,10.5,612.6,17.0,598,,SITAMARHI,
Bihar,Sitamarhi,IMD110-P595,2009,0.0,0.0,0.0,0.0,0.0,58.3,185.3,469.6,10.3,1.9,0.0,0.7,726.0,0.0,0.0,723.4,2.6,598,,SITAMARHI,
Bihar,Sitamarhi,IMD110-P595,2010,0.0,9.0,0.0,0.0,0.0,0.0,0.0,0.0,0.0,0.0,0.0,0.0,9.0,9.0,0.0,0.0,0.0,598,,SITAMARHI,
Bihar,Siwan,IMD110-P599,1901,67.5,17.8,10.4,0.0,32.8,63.1,268.5,198.5,132.6,0.2,2.4,0.0,793.7,85.3,43.3,662.6,2.6,599,,SIWAN,
Bihar,Siwan,IMD110-P599,1902,0.3,1.0,10.9,2.3,60.3,46.5,274.6,171.0,264.4,7.2,0.4,0.0,838.7,1.3,73.4,756.4,7.6,599,,SIWAN,
Bihar,Siwan,IMD110-P599,1903,3.8,0.4,2.4,0.0,7.2,80.3,72.3,368.3,75.1,174.0,0.0,0.0,783.7,4.2,9.6,595.9,174.0,599,,SIWAN,
Bihar,Siwan,IMD110-P599,1904,9.3,3.5,2.7,0.0,51.6,178.3,308.3,317.9,44.7,117.7,22.6,16.1,1072.5,12.7,54.3,849.1,156.4,599,,SIWAN,
Bihar,Siwan,IMD110-P599,1905,14.5,20.1,26.3,12.9,50.3,23.8,405.8,531.7,222.8,17.5,0.0,0.0,1325.6,34.6,89.5,1183.9,17.5,599,,SIWAN,
Bihar,Siwan,IMD110-P599,1906,6.6,42.8,4.2,0.0,18.3,73.4,462.8,260.8,46.7,11.0,0.0,0.0,926.5,49.4,22.5,843.6,11.0,599,,SIWAN,
Bihar,Siwan,IMD110-P599,1907,0.6,70.2,38.9,15.1,4.6,99.4,146.9,155.9,94.2,0.0,0.0,0.0,625.8,70.8,58.6,496.4,0.0,599,,SIWAN,
Bihar,Siwan,IMD110-P599,1908,11.8,19.2,0.0,0.0,0.0,65.9,158.1,300.0,229.4,41.7,0.0,0.0,826.0,31.0,0.0,753.4,41.7,599,,SIWAN,
Bihar,Siwan,IMD110-P599,1909,4.7,3.4,0.0,43.6,1.6,291.8,356.9,357.3,55.5,16.6,0.0,21.1,1152.7,8.1,45.3,1061.5,37.8,599,,SIWAN,
Bihar,Siwan,IMD110-P599,1910,0.0,0.6,0.8,1.8,22.4,237.9,296.3,463.0,178.3,162.3,8.8,0.0,1372.2,0.6,24.9,1175.5,171.1,599,,SIWAN,
Bihar,Siwan,IMD110-P599,1911,13.7,0.0,18.0,6.6,14.2,89.9,131.7,435.9,436.5,169.6,21.2,0.0,1337.1,13.7,38.8,1093.9,190.7,599,,SIWAN,
Bihar,Siwan,IMD110-P599,1912,12.9,7.6,4.8,16.5,39.5,43.0,477.4,413.1,32.8,0.0,19.3,0.0,1067.1,20.5,60.8,966.5,19.3,599,,SIWAN,
Bihar,Siwan,IMD110-P599,1913,0.0,28.1,12.4,0.2,130.0,187.4,329.4,396.7,256.6,48.7,0.0,21.0,1410.5,28.1,142.6,1170.1,69.7,599,,SIWAN,
Bihar,Siwan,IMD110-P599,1914,0.0,24.6,15.5,30.5,17.6,212.4,287.5,520.7,124.1,0.0,0.0,0.0,1233.0,24.6,63.7,1144.7,0.0,599,,SIWAN,
Bihar,Siwan,IMD110-P599,1915,3.8,53.5,25.6,4.1,38.3,151.0,369.0,767.3,250.2,157.1,2.7,3.4,1826.0,57.3,67.9,1537.6,163.2,599,,SIWAN,
Bihar,Siwan,IMD110-P599,1916,0.0,39.4,0.0,32.0,55.4,250.6,338.7,472.4,200.9,116.3,0.4,0.0,1506.0,39.4,87.4,1262.6,116.7,599,,SIWAN,
Bihar,Siwan,IMD110-P599,1917,2.2,6.7,0.6,0.3,87.7,262.5,497.7,182.0,278.8,50.0,0.0,2.7,1370.9,8.9,88.5,1221.0,52.7,599,,SIWAN,
Bihar,Siwan,IMD110-P599,1918,0.8,0.0,6.5,11.3,69.7,250.1,174.9,314.8,190.2,4.1,0.0,0.0,1022.3,0.8,87.5,930.0,4.1,599,,SIWAN,
Bihar,Siwan,IMD110-P599,1919,41.8,5.6,0.8,3.8,20.3,188.9,441.8,225.0,283.0,101.4,0.0,2.9,1315.3,47.3,24.9,1138.8,104.4,599,,SIWAN,
Bihar,Siwan,IMD110-P599,1920,0.0,25.5,23.0,0.0,12.2,50.1,338.6,102.8,339.5,9.4,0.0,0.0,901.1,25.5,35.2,831.0,9.4,599,,SIWAN,
Bihar,Siwan,IMD110-P599,1921,32.2,0.0,7.6,0.0,6.9,110.8,259.1,410.4,747.1,23.3,0.0,0.2,1597.5,32.2,14.5,1527.4,23.4,599,,SIWAN,
Bihar,Siwan,IMD110-P599,1922,13.6,7.3,0.0,12.4,0.0,184.5,644.3,338.2,271.0,19.8,0.0,11.0,1502.0,20.9,12.4,1437.9,30.8,599,,SIWAN,
Bihar,Siwan,IMD110-P599,1923,0.0,47.1,0.0,0.4,45.3,125.6,274.0,234.6,50.5,37.1,0.0,0.0,814.5,47.1,45.8,684.5,37.1,599,,SIWAN,
Bihar,Siwan,IMD110-P599,1924,1.3,12.7,0.3,0.6,0.2,46.5,657.6,199.1,309.5,34.5,18.3,0.0,1280.7,14.0,1.0,1212.8,52.8,599,,SIWAN,
Bihar,Siwan,IMD110-P599,1925,8.0,0.0,0.0,19.4,11.9,75.8,307.6,333.7,254.7,12.9,5.2,0.0,1029.2,8.0,31.3,971.8,18.0,599,,SIWAN,
Bihar,Siwan,IMD110-P599,1926,30.1,0.3,11.3,26.8,6.3,24.9,408.4,288.2,151.6,1.2,1.2,8.6,959.0,30.4,44.4,873.1,11.0,599,,SIWAN,
Bihar,Siwan,IMD110-P599,1927,16.3,23.0,26.7,0.0,28.8,48.1,257.2,278.0,158.0,8.7,84.2,0.0,929.1,39.3,55.6,741.3,92.9,599,,SIWAN,
Bihar,Siwan,IMD110-P599,1928,15.8,35.6,0.0,11.0,12.0,168.3,237.6,158.9,28.4,82.0,0.0,18.0,767.6,51.5,23.0,593.2,100.0,599,,SIWAN,
Bihar,Siwan,IMD110-P599,1929,24.3,0.0,2.4,0.0,8.7,231.8,336.9,376.3,89.5,68.2,0.0,47.2,1185.4,24.3,11.2,1034.5,115.4,599,,SIWAN,
Bihar,Siwan,IMD110-P599,1930,9.3,19.5,18.3,1.1,17.6,77.9,223.8,133.5,329.5,13.6,2.9,24.6,871.5,28.8,37.0,764.6,41.1,599,,SIWAN,
Bihar,Siwan,IMD110-P599,1931,0.8,31.4,8.4,0.0,11.2,37.9,347.7,151.6,233.4,79.9,4.9,0.0,907.1,32.2,19.5,770.6,84.8,599,,SIWAN,
Bihar,Siwan,IMD110-P599,1932,0.0,3.1,0.4,0.0,2.3,97.8,206.2,123.3,162.6,12.4,61.9,9.2,679.4,3.1,2.7,590.0,83.6,599,,SIWAN,
Bihar,Siwan,IMD110-P599,1933,8.5,15.9,0.0,28.5,52.9,134.3,380.7,341.5,103.1,78.9,0.0,0.0,1144.3,24.4,81.4,959.6,78.9,599,,SIWAN,
Bihar,Siwan,IMD110-P599,1934,55.1,9.0,9.2,3.6,1.2,128.4,539.6,281.4,182.4,9.7,1.2,4.9,1225.8,64.1,14.1,1131.8,15.8,600,,SIWAN,
Bihar,Siwan,IMD110-P599,1935,19.8,24.8,0.0,0.0,3.0,100.8,131.6,230.6,431.0,0.0,0.0,0.2,941.8,44.6,3.0,894.1,0.2,600,,SIWAN,
Bihar,Siwan,IMD110-P599,1936,6.2,5.1,4.3,4.6,53.2,180.9,636.4,176.4,401.6,15.8,0.0,6.7,1491.0,11.3,62.0,1395.3,22.5,600,,SIWAN,
Bihar,Siwan,IMD110-P599,1937,0.0,57.5,0.0,6.5,49.7,73.9,227.7,485.7,146.1,135.5,1.4,0.0,1184.0,57.5,56.2,933.4,136.9,600,,SIWAN,
Bihar,Siwan,IMD110-P599,1938,33.6,14.3,0.0,1.4,34.0,446.9,328.6,433.3,231.8,55.0,0.0,0.0,1579.0,47.9,35.4,1440.6,55.0,600,,SIWAN,
Bihar,Siwan,IMD110-P599,1939,13.3,39.3,5.9,0.2,7.4,252.1,201.2,216.0,243.2,44.2,0.0,0.0,1022.7,52.5,13.4,912.6,44.2,600,,SIWAN,
Bihar,Siwan,IMD110-P599,1940,0.8,48.7,50.0,3.1,4.2,75.3,298.9,258.2,83.3,1.6,0.0,22.3,846.5,49.5,57.3,715.7,23.9,600,,SIWAN,
Bihar,Siwan,IMD110-P599,1941,14.8,2.1,0.0,7.6,68.4,217.4,238.9,382.5,139.0,10.4,0.0,0.0,1081.2,17.0,76.0,977.8,10.4,600,,SIWAN,
Bihar,Siwan,IMD110-P599,1942,110.3,26.7,7.8,10.8,26.3,144.3,227.8,296.3,244.3,0.0,0.0,5.4,1100.0,137.0,44.9,912.7,5.4,600,,SIWAN,
Bihar,Siwan,IMD110-P599,1943,24.3,11.2,0.0,36.9,6.6,62.8,252.3,194.9,223.2,10.0,0.0,0.0,822.2,35.5,43.5,733.2,10.0,600,,SIWAN,
Bihar,Siwan,IMD110-P599,1944,17.9,8.4,69.7,16.6,20.7,131.1,284.1,255.1,257.4,151.1,0.0,0.9,1212.9,26.3,107.0,927.7,152.0,600,,SIWAN,
Bihar,Siwan,IMD110-P599,1945,53.9,0.0,0.0,14.3,35.5,42.5,190.1,303.2,402.5,136.4,0.0,12.4,1190.8,53.9,49.8,938.3,148.9,600,,SIWAN,
Bihar,Siwan,IMD110-P599,1946,0.0,34.0,0.0,63.7,72.5,130.5,332.8,280.9,224.7,132.0,14.4,0.5,1285.9,34.0,136.2,968.9,146.8,600,,SIWAN,
Bihar,Siwan,IMD110-P599,1947,19.1,4.1,8.0,2.7,22.8,27.4,356.5,253.5,129.6,42.4,0.0,0.0,866.0,23.2,33.4,767.0,42.4,600,,SIWAN,
Bihar,Siwan,IMD110-P599,1948,9.5,4.8,1.2,0.0,55.6,94.3,460.6,315.4,191.6,56.6,3.7,0.0,1193.4,14.3,56.8,1062.0,60.3,600,,SIWAN,
Bihar,Siwan,IMD110-P599,1949,17.1,55.1,0.0,9.4,76.5,64.9,292.5,329.7,233.6,91.1,7.3,0.0,1177.1,72.2,85.8,920.8,98.3,600,,SIWAN,
Bihar,Siwan,IMD110-P599,1950,16.6,13.8,13.0,0.0,69.3,221.8,248.3,308.5,56.3,0.0,0.0,0.0,947.5,30.3,82.3,834.8,0.0,600,,SIWAN,
Bihar,Siwan,IMD110-P599,1951,12.2,4.5,4.1,0.5,22.7,147.1,318.5,211.6,83.4,18.4,0.0,0.0,822.9,16.7,27.3,760.5,18.4,600,,SIWAN,
Bihar,Siwan,IMD110-P599,1952,0.0,20.8,31.2,5.4,7.8,205.5,113.9,313.0,300.0,7.1,0.0,0.0,1004.8,20.8,44.4,932.4,7.1,600,,SIWAN,
Bihar,Siwan,IMD110-P599,1953,21.2,1.9,0.0,27.3,30.5,372.4,428.0,446.3,565.7,13.5,0.0,2.0,1908.9,23.1,57.8,1812.4,15.6,600,,SIWAN,
Bihar,Siwan,IMD110-P599,1954,9.7,25.2,0.0,0.0,18.2,78.6,347.1,362.1,114.7,6.9,0.0,0.0,962.6,34.9,18.2,902.6,6.9,600,,SIWAN,
Bihar,Siwan,IMD110-P599,1955,6.9,19.4,3.5,0.0,15.6,251.2,361.3,237.0,212.2,35.8,0.0,0.0,1143.1,26.3,19.2,1061.8,35.8,600,,SIWAN,
Bihar,Siwan,IMD110-P599,1956,13.6,1.6,5.2,0.0,27.2,179.8,200.0,343.1,341.8,62.2,58.8,12.2,1245.6,15.3,32.4,1064.8,133.2,600,,SIWAN,
Bihar,Siwan,IMD110-P599,1957,46.6,0.4,17.8,1.9,2.5,42.5,294.1,305.6,74.0,0.4,0.0,8.4,794.2,47.0,22.2,716.2,8.8,600,,SIWAN,
Bihar,Siwan,IMD110-P599,1958,29.2,1.1,2.6,19.3,0.9,61.7,174.5,411.2,189.2,46.9,0.0,0.0,936.7,30.3,22.9,836.6,46.9,600,,SIWAN,
Bihar,Siwan,IMD110-P599,1959,78.9,0.8,20.7,18.9,16.9,57.8,166.6,285.4,68.2,192.5,0.0,0.0,906.7,79.8,56.5,578.0,192.5,600,,SIWAN,
Bihar,Siwan,IMD110-P599,1960,3.5,0.0,34.2,0.4,12.9,71.3,344.9,241.4,260.1,31.0,0.0,0.0,999.6,3.5,47.5,917.7,31.0,600,,SIWAN,
Bihar,Siwan,IMD110-P599,1961,24.7,21.7,0.0,2.0,8.3,205.8,166.1,378.1,191.1,158.9,0.0,10.7,1167.3,46.3,10.3,941.1,169.6,600,,SIWAN,
Bihar,Siwan,IMD110-P599,1962,22.6,3.0,5.0,31.4,0.0,113.3,219.6,365.4,308.8,1.8,0.0,3.0,1073.8,25.6,36.3,1007.1,4.8,600,,SIWAN,
Bihar,Siwan,IMD110-P599,1963,2.0,2.0,2.0,1.0,29.0,111.7,338.2,272.7,145.2,54.3,27.7,0.0,986.0,4.0,32.0,867.9,82.0,600,,SIWAN,
Bihar,Siwan,IMD110-P599,1964,0.1,0.0,0.0,14.3,78.9,50.3,729.6,235.5,192.6,27.5,0.0,0.0,1328.9,0.2,93.2,1208.0,27.5,600,,SIWAN,
Bihar,Siwan,IMD110-P599,1965,0.0,0.0,19.5,5.6,12.8,26.9,185.3,373.7,181.1,44.3,0.0,0.0,849.2,0.0,37.9,767.0,44.3,600,,SIWAN,
Bihar,Siwan,IMD110-P599,1966,1.7,10.3,0.0,0.0,14.0,91.5,58.9,227.6,37.4,17.8,38.6,0.0,497.7,12.0,14.0,415.3,56.4,600,,SIWAN,
Bihar,Siwan,IMD110-P599,1967,0.0,0.0,0.0,1.3,2.3,65.0,254.7,272.5,201.2,13.5,0.0,0.0,810.4,0.0,3.5,793.4,13.5,600,,SIWAN,
Bihar,Siwan,IMD110-P599,1968,84.5,0.8,0.5,0.0,20.3,229.9,326.1,242.9,89.5,75.2,0.0,21.4,1091.2,85.3,20.8,888.5,96.6,601,,SIWAN,
Bihar,Siwan,IMD110-P599,1969,0.0,21.1,0.1,17.2,69.7,174.8,339.1,503.0,241.6,4.3,8.2,0.0,1378.9,21.1,87.0,1258.4,12.5,601,,SIWAN,
Bihar,Siwan,IMD110-P599,1970,11.3,28.3,2.9,7.9,52.0,234.7,226.1,345.9,215.4,51.3,1.8,0.0,1177.7,39.5,62.8,1022.1,53.1,601,,SIWAN,
Bihar,Siwan,IMD110-P599,1974,3.4,1.6,8.4,0.0,10.0,111.3,336.7,329.7,370.2,37.3,0.0,9.1,1217.8,5.0,18.4,1147.9,46.4,601,,SIWAN,
Bihar,Siwan,IMD110-P599,1975,7.5,8.4,13.1,0.0,8.1,67.8,400.5,52.5,340.3,70.9,0.0,0.0,968.9,15.9,21.1,861.0,70.9,601,,SIWAN,
Bihar,Siwan,IMD110-P599,1976,0.2,5.0,0.0,25.0,68.8,129.3,180.2,203.8,438.0,27.3,0.0,0.0,1077.6,5.2,93.8,951.3,27.3,601,,SIWAN,
Bihar,Siwan,IMD110-P599,1977,1.1,2.7,0.0,7.0,95.8,76.1,383.5,231.6,69.1,148.5,0.5,14.1,1029.9,3.8,102.8,760.3,163.0,601,,SIWAN,
Bihar,Siwan,IMD110-P599,1978,20.9,20.3,24.1,4.4,20.0,114.0,198.5,307.7,327.6,156.8,0.0,0.0,1194.3,41.2,48.6,947.8,156.8,601,,SIWAN,
Bihar,Siwan,IMD110-P599,1979,28.5,30.3,1.3,16.8,0.7,94.7,434.4,155.6,65.4,105.9,42.3,6.7,982.6,58.8,18.8,750.2,154.9,601,,SIWAN,
Bihar,Siwan,IMD110-P599,1980,1.6,1.2,5.1,0.0,41.8,132.9,529.4,479.4,233.4,15.0,0.0,0.2,1439.9,2.7,46.9,1375.0,15.2,601,,SIWAN,
Bihar,Siwan,IMD110-P599,1981,7.2,2.3,19.3,35.8,62.2,77.5,575.0,265.7,185.5,1.0,0.0,0.0,1231.7,9.5,117.4,1103.8,1.0,601,,SIWAN,
Bihar,Siwan,IMD110-P599,1982,14.6,2.9,16.4,7.5,10.7,417.6,203.4,169.2,173.9,12.1,9.6,2.1,1040.0,17.5,34.6,964.1,23.8,601,,SIWAN,
Bihar,Siwan,IMD110-P599,1983,9.5,0.3,3.2,31.4,73.3,60.1,229.2,198.4,236.1,76.2,0.0,13.1,930.7,9.8,108.0,723.7,89.3,601,,SIWAN,
Bihar,Siwan,IMD110-P599,1984,15.4,15.5,0.0,0.4,23.9,212.8,488.5,222.2,170.6,3.7,0.0,3.7,1156.8,30.9,24.4,1094.2,7.3,601,,SIWAN,
Bihar,Siwan,IMD110-P599,1985,19.7,0.0,0.0,2.2,35.2,87.7,366.6,256.1,456.3,147.0,1.2,11.0,1383.1,19.7,37.4,1166.7,159.2,601,,SIWAN,
Bihar,Siwan,IMD110-P599,1986,5.4,27.4,0.9,12.8,39.2,162.3,393.1,323.4,236.5,54.2,0.0,32.7,1287.9,32.8,53.0,1115.2,86.9,601,,SIWAN,
Bihar,Siwan,IMD110-P599,1987,0.6,0.1,13.0,4.9,20.1,19.1,336.4,327.4,372.7,59.0,0.0,1.3,1154.5,0.7,37.9,1055.6,60.3,601,,SIWAN,
Bihar,Siwan,IMD110-P599,1988,0.7,3.3,13.9,17.9,20.4,154.1,483.2,504.3,100.1,35.9,2.5,12.8,1349.0,3.9,52.2,1241.7,51.2,601,,SIWAN,
Bihar,Siwan,IMD110-P599,1989,6.1,5.1,16.2,0.1,19.1,68.6,513.7,168.1,251.4,23.6,0.1,13.6,1085.6,11.1,35.3,1001.7,37.4,601,,SIWAN,
Bihar,Siwan,IMD110-P599,1990,0.0,23.1,3.5,0.1,37.3,106.0,518.0,141.7,159.2,7.1,0.0,0.3,996.5,23.1,41.0,924.9,7.4,601,,SIWAN,
Bihar,Siwan,IMD110-P599,1991,11.1,6.3,14.2,0.8,18.9,142.1,141.0,408.2,183.2,0.0,0.0,9.4,935.2,17.4,33.8,874.6,9.4,601,,SIWAN,
Bihar,Siwan,IMD110-P599,1992,0.8,4.0,0.0,0.0,24.5,94.8,273.0,221.4,39.8,75.2,0.6,0.0,734.0,4.8,24.5,629.0,75.8,601,,SIWAN,
Bihar,Siwan,IMD110-P599,1993,2.5,6.8,25.1,42.9,45.0,151.9,132.2,288.3,323.6,12.5,18.3,0.0,1049.3,9.4,113.1,896.1,30.8,601,,SIWAN,
Bihar,Siwan,IMD110-P599,1994,67.1,45.1,0.0,10.3,15.0,101.5,210.9,294.9,397.6,1.1,6.2,0.0,1149.8,112.3,25.3,1004.8,7.4,601,,SIWAN,
Bihar,Siwan,IMD110-P599,1995,15.9,10.4,1.2,0.0,0.0,110.5,161.6,340.6,283.4,0.5,52.9,21.3,998.2,26.3,1.2,896.1,74.7,601,,SIWAN,
Bihar,Siwan,IMD110-P599,1996,33.0,48.5,0.0,0.0,0.0,294.7,179.8,300.4,191.5,65.6,0.0,0.0,1113.5,81.5,0.0,966.5,65.6,601,,SIWAN,
Bihar,Siwan,IMD110-P599,1997,13.3,0.0,1.9,8.4,24.9,202.3,305.0,191.7,217.8,5.3,0.3,6.5,977.4,13.3,35.3,916.7,12.2,601,,SIWAN,
Bihar,Siwan,IMD110-P599,1998,3.2,2.9,1.8,5.9,17.4,59.4,359.4,290.1,112.6,139.1,27.9,0.0,1019.7,6.1,25.1,821.5,167.0,601,,SIWAN,
Bihar,Siwan,IMD110-P599,1999,0.2,0.1,0.0,0.8,69.1,195.0,340.3,362.7,63.4,36.6,0.0,0.0,1068.3,0.3,69.9,961.4,36.6,601,,SIWAN,
Bihar,Siwan,IMD110-P599,2000,0.6,6.2,5.4,17.3,76.9,239.8,173.1,145.5,201.2,0.0,0.0,0.0,865.8,6.7,99.6,759.5,0.0,601,,SIWAN,
Bihar,Siwan,IMD110-P599,2001,0.0,0.0,0.0,2.7,41.3,183.9,224.7,227.0,305.8,206.2,0.0,0.0,1191.5,0.0,44.0,941.3,206.2,601,,SIWAN,
Bihar,Siwan,IMD110-P599,2002,14.4,18.8,0.0,0.0,109.8,158.3,196.2,267.4,208.5,44.0,0.3,0.5,1018.2,33.3,109.8,830.4,44.8,601,,SIWAN,
Bihar,Siwan,IMD110-P599,2003,21.1,65.9,12.2,23.4,11.6,117.1,394.1,493.7,208.1,80.8,0.0,0.0,1428.2,87.0,47.3,1213.0,80.8,601,,SIWAN,
Bihar,Siwan,IMD110-P599,2004,26.6,1.0,0.0,11.8,69.6,284.4,407.9,107.2,49.4,13.8,0.0,0.0,971.6,27.5,81.4,848.9,13.8,601,,SIWAN,
Bihar,Siwan,IMD110-P599,2005,2.1,5.5,2.9,0.0,13.0,62.6,348.6,318.4,27.9,35.1,0.0,1.7,817.7,7.7,15.9,757.4,36.8,602,,SIWAN,
Bihar,Siwan,IMD110-P599,2006,0.0,0.0,0.0,14.3,18.7,124.1,266.3,96.5,215.8,2.1,0.0,0.0,737.7,0.0,33.0,702.7,2.1,602,,SIWAN,
Bihar,Siwan,IMD110-P599,2007,0.0,21.8,50.2,11.4,,94.2,517.8,49.5,45.1,9.2,368.9,299.4,,21.8,,706.7,677.4,602,missing_months,SIWAN,
Bihar,Siwan,IMD110-P599,2008,0.1,0.5,0.0,0.0,1.9,349.8,446.6,347.3,164.0,0.7,0.0,0.0,1311.0,0.6,1.9,1307.8,0.7,602,,SIWAN,
Bihar,Siwan,IMD110-P599,2009,0.0,0.0,0.1,0.0,72.1,23.4,145.8,142.7,65.6,56.5,0.0,0.0,506.2,0.0,72.2,377.6,56.5,602,,SIWAN,
Bihar,Siwan,IMD110-P599,2010,0.4,0.0,0.0,0.0,0.0,61.9,312.8,191.0,229.3,49.5,0.0,0.0,844.8,0.4,0.0,795.0,49.5,602,,SIWAN,
Bihar,Supaul,IMD110-P603,1901,36.3,3.8,9.1,0.0,64.6,67.7,219.7,352.8,67.8,14.7,12.7,0.0,849.2,40.1,73.7,708.0,27.4,603,,SUPAUL,
Bihar,Supaul,IMD110-P603,1902,0.0,0.0,83.3,5.2,126.0,182.4,226.6,250.8,702.6,34.2,0.0,0.0,1611.1,0.0,214.5,1362.4,34.2,603,,SUPAUL,
Bihar,Supaul,IMD110-P603,1903,8.4,0.3,1.1,10.4,47.0,410.4,175.8,463.4,101.2,72.1,0.0,0.0,1290.1,8.7,58.5,1150.8,72.1,603,,SUPAUL,
Bihar,Supaul,IMD110-P603,1904,4.1,0.0,0.0,0.8,244.0,111.1,625.6,467.7,164.1,143.5,29.2,0.0,1790.1,4.1,244.8,1368.5,172.7,603,,SUPAUL,
Bihar,Supaul,IMD110-P603,1905,26.4,60.7,32.3,13.0,126.7,59.1,731.4,377.8,651.0,13.0,0.0,0.0,2091.4,87.1,172.0,1819.3,13.0,603,,SUPAUL,
Bihar,Supaul,IMD110-P603,1906,10.4,50.2,1.6,0.5,81.6,267.5,465.7,566.9,24.3,5.4,0.0,,,60.6,83.7,1324.4,,603,missing_months,SUPAUL,
Bihar,Supaul,IMD110-P603,1907,1.3,13.6,43.4,80.9,37.3,236.9,293.6,141.8,227.7,3.6,0.0,5.6,1085.7,14.9,161.6,900.0,9.2,603,,SUPAUL,
Bihar,Supaul,IMD110-P603,1908,8.1,38.3,6.6,0.8,103.4,89.8,126.8,86.1,121.9,26.9,0.0,1.3,610.0,46.4,110.8,424.6,28.2,603,,SUPAUL,
Bihar,Supaul,IMD110-P603,1909,0.0,0.8,0.0,61.1,36.0,448.3,193.0,457.8,212.6,34.5,0.0,0.0,1444.1,0.8,97.1,1311.7,34.5,603,,SUPAUL,
Bihar,Supaul,IMD110-P603,1910,0.0,0.0,7.9,2.0,111.6,454.7,355.1,280.1,312.2,61.9,2.5,0.0,1588.0,0.0,121.5,1402.1,64.4,603,,SUPAUL,
Bihar,Supaul,IMD110-P603,1911,10.7,0.0,28.9,4.3,26.9,403.8,270.3,324.3,200.2,77.3,4.8,0.0,1351.5,10.7,60.1,1198.6,82.1,603,,SUPAUL,
Bihar,Supaul,IMD110-P603,1912,2.0,2.6,25.4,76.5,70.9,183.0,243.6,348.8,164.9,111.8,154.7,0.0,1384.2,4.6,172.8,940.3,266.5,603,,SUPAUL,
Bihar,Supaul,IMD110-P603,1913,0.0,24.6,10.0,0.0,216.2,476.0,216.7,346.9,219.4,39.0,0.0,23.1,1571.9,24.6,226.2,1259.0,62.1,603,,SUPAUL,
Bihar,Supaul,IMD110-P603,1914,0.0,33.8,3.8,21.6,107.7,38.1,155.6,367.1,158.9,16.8,0.0,0.0,903.4,33.8,133.1,719.7,16.8,603,,SUPAUL,
Bihar,Supaul,IMD110-P603,1915,0.0,56.9,35.6,,219.1,201.0,229.6,528.5,123.6,85.1,13.5,0.0,,56.9,,1082.7,98.6,603,missing_months,SUPAUL,
Bihar,Supaul,IMD110-P603,1916,0.0,11.2,0.0,49.9,38.1,489.7,902.7,341.8,246.0,64.3,0.0,0.0,2143.7,11.2,88.0,1980.2,64.3,603,,SUPAUL,
Bihar,Supaul,IMD110-P603,1917,1.3,5.3,4.6,2.5,75.5,230.3,266.4,197.1,185.7,177.0,0.0,0.0,1145.7,6.6,82.6,879.5,177.0,603,,SUPAUL,
Bihar,Supaul,IMD110-P603,1918,0.0,0.0,0.0,54.6,300.5,188.9,,589.1,160.1,53.3,0.0,0.0,,0.0,355.1,,53.3,603,missing_months,SUPAUL,
Bihar,Supaul,IMD110-P603,1919,30.5,0.0,0.0,2.5,105.2,177.9,464.9,147.1,248.9,6.4,0.0,0.0,1183.4,30.5,107.7,1038.8,6.4,603,,SUPAUL,
Bihar,Supaul,IMD110-P603,1920,0.0,35.6,22.1,0.0,27.9,187.2,215.9,280.3,634.2,5.1,0.0,0.0,1408.3,35.6,50.0,1317.6,5.1,603,,SUPAUL,
Bihar,Supaul,IMD110-P603,1921,49.3,0.0,2.5,46.7,33.8,131.2,389.0,466.0,370.5,29.0,0.0,0.0,1518.0,49.3,83.0,1356.7,29.0,603,,SUPAUL,
Bihar,Supaul,IMD110-P603,1922,8.6,1.8,0.0,12.5,52.5,440.5,424.0,487.5,199.7,7.4,0.0,9.2,1643.7,10.4,65.0,1551.7,16.6,603,,SUPAUL,
Bihar,Supaul,IMD110-P603,1923,2.5,22.9,0.0,6.1,85.3,221.6,125.5,110.4,111.9,33.2,0.0,0.0,719.4,25.4,91.4,569.4,33.2,603,,SUPAUL,
Bihar,Supaul,IMD110-P603,1924,0.0,1.3,0.0,14.0,18.0,279.8,594.8,265.7,394.1,66.3,72.9,0.8,1707.7,1.3,32.0,1534.4,140.0,603,,SUPAUL,
Bihar,Supaul,IMD110-P603,1925,9.7,0.8,7.9,81.8,76.3,24.9,155.6,243.8,344.0,3.8,3.0,0.0,951.6,10.5,166.0,768.3,6.8,603,,SUPAUL,
Bihar,Supaul,IMD110-P603,1926,18.8,10.2,71.1,15.5,64.0,15.8,713.6,257.1,193.9,0.0,0.0,2.8,1362.8,29.0,150.6,1180.4,2.8,603,,SUPAUL,
Bihar,Supaul,IMD110-P603,1927,15.5,28.2,32.8,1.8,87.6,200.0,469.2,241.1,315.8,41.4,27.7,,,43.7,122.2,1226.1,,603,missing_months,SUPAUL,
Bihar,Supaul,IMD110-P603,1928,22.0,9.7,0.3,104.4,62.3,174.4,386.7,381.3,119.9,270.1,0.0,0.0,1531.1,31.7,167.0,1062.3,270.1,603,,SUPAUL,
Bihar,Supaul,IMD110-P603,1929,36.1,4.3,4.9,9.9,9.7,217.6,253.0,203.4,132.4,364.2,0.0,30.0,1265.5,40.4,24.5,806.4,394.2,603,,SUPAUL,
Bihar,Supaul,IMD110-P603,1930,17.5,1.0,54.4,8.1,96.1,168.6,289.0,293.1,228.7,8.1,18.6,7.6,1190.8,18.5,158.6,979.4,34.3,603,,SUPAUL,
Bihar,Supaul,IMD110-P603,1931,0.0,18.3,21.6,1.8,28.4,195.7,500.6,134.6,308.9,247.2,2.5,,,18.3,51.8,1139.8,,603,missing_months,SUPAUL,
Bihar,Supaul,IMD110-P603,1932,0.0,2.4,0.0,28.8,4.1,309.3,139.5,313.2,341.4,15.5,116.0,14.0,1284.2,2.4,32.9,1103.4,145.5,603,,SUPAUL,
Bihar,Supaul,IMD110-P603,1933,21.3,8.9,0.8,76.8,141.0,184.4,445.7,334.6,174.2,124.5,0.0,0.0,1512.2,30.2,218.6,1138.9,124.5,603,,SUPAUL,
Bihar,Supaul,IMD110-P603,1934,22.5,38.1,3.6,24.4,57.4,382.0,293.6,264.7,223.1,135.6,0.0,4.6,1449.6,60.6,85.4,1163.4,140.2,604,,SUPAUL,
Bihar,Supaul,IMD110-P603,1935,5.8,14.2,0.0,0.0,20.1,171.7,98.8,546.7,539.3,27.9,0.0,0.0,1424.5,20.0,20.1,1356.5,27.9,604,,SUPAUL,
Bihar,Supaul,IMD110-P603,1936,2.0,1.5,1.5,20.3,103.4,334.0,355.1,176.2,527.8,46.8,0.0,20.3,1588.9,3.5,125.2,1393.1,67.1,604,,SUPAUL,
Bihar,Supaul,IMD110-P603,1937,0.0,62.2,0.0,32.5,116.5,153.7,87.7,351.1,154.7,361.2,0.0,,,62.2,149.0,747.2,,604,missing_months,SUPAUL,
Bihar,Supaul,IMD110-P603,1938,5.8,15.5,0.0,1.8,238.9,615.0,478.5,420.4,95.2,48.8,0.0,0.0,1919.9,21.3,240.7,1609.1,48.8,604,,SUPAUL,
Bihar,Supaul,IMD110-P603,1939,4.8,66.6,4.3,0.0,77.9,291.2,231.2,280.4,163.9,60.9,0.0,0.0,1181.2,71.4,82.2,966.7,60.9,604,,SUPAUL,
Bihar,Supaul,IMD110-P603,1940,4.8,71.4,91.8,0.5,33.6,107.3,471.2,375.4,213.5,0.0,0.0,1.6,1371.1,76.2,125.9,1167.4,1.6,604,,SUPAUL,
Bihar,Supaul,IMD110-P603,1941,3.0,3.3,0.5,55.9,135.0,246.4,277.0,458.6,179.8,20.3,0.0,0.0,1379.8,6.3,191.4,1161.8,20.3,604,,SUPAUL,
Bihar,Supaul,IMD110-P603,1942,27.9,17.8,12.7,25.5,36.1,195.0,157.4,217.4,336.6,2.5,0.0,0.0,1028.9,45.7,74.3,906.4,2.5,604,,SUPAUL,
Bihar,Supaul,IMD110-P603,1943,35.6,12.7,0.0,60.9,66.1,241.3,341.6,133.9,277.0,112.8,0.0,0.0,1281.9,48.3,127.0,993.8,112.8,604,,SUPAUL,
Bihar,Supaul,IMD110-P603,1944,14.0,16.0,12.7,39.4,23.0,346.8,177.5,143.0,319.1,5.1,0.0,0.0,1096.6,30.0,75.1,986.4,5.1,604,,SUPAUL,
Bihar,Supaul,IMD110-P603,1945,50.3,20.3,7.6,26.9,96.1,73.5,290.8,278.8,518.0,133.2,0.0,0.0,1495.5,70.6,130.6,1161.1,133.2,604,,SUPAUL,
Bihar,Supaul,IMD110-P603,1946,0.0,28.0,57.2,57.2,97.1,200.9,411.2,271.1,316.2,120.1,8.2,0.0,1567.2,28.0,211.5,1199.4,128.3,604,,SUPAUL,
Bihar,Supaul,IMD110-P603,1947,11.9,0.0,28.5,15.2,148.0,,520.7,243.5,,51.3,,0.0,,11.9,191.7,,,604,missing_months,SUPAUL,
Bihar,Supaul,IMD110-P603,1948,,,0.0,39.6,,175.8,573.4,265.9,115.1,112.9,,,,,,1130.2,,604,missing_months,SUPAUL,
Bihar,Supaul,IMD110-P603,1949,1.8,0.0,11.9,88.1,124.0,573.4,,,121.1,216.9,0.0,,,1.8,224.0,,,604,missing_months,SUPAUL,
Bihar,Supaul,IMD110-P603,1950,,43.2,,0.0,,397.0,227.0,562.7,,0.0,0.0,0.0,,,,,0.0,604,missing_months,SUPAUL,
Bihar,Supaul,IMD110-P603,1951,0.0,,,55.8,,88.6,270.8,187.7,146.2,56.9,6.4,,,,,693.3,,604,missing_months,SUPAUL,
Bihar,Supaul,IMD110-P603,1952,0.0,12.5,16.0,20.0,60.8,309.6,237.1,188.6,239.5,19.8,0.0,0.0,1103.9,12.5,96.8,974.8,19.8,604,,SUPAUL,
Bihar,Supaul,IMD110-P603,1953,54.3,0.0,1.8,17.8,31.5,185.1,644.7,255.0,190.4,20.8,0.0,0.0,1401.4,54.3,51.1,1275.2,20.8,604,,SUPAUL,
Bihar,Supaul,IMD110-P603,1954,2.8,4.1,0.0,0.0,32.8,144.3,188.1,440.4,55.0,26.6,0.0,0.0,894.1,6.9,32.8,827.8,26.6,604,,SUPAUL,
Bihar,Supaul,IMD110-P603,1955,4.6,0.0,0.0,42.7,17.3,143.7,778.2,330.3,112.8,8.4,0.0,0.0,1438.0,4.6,60.0,1365.0,8.4,604,,SUPAUL,
Bihar,Supaul,IMD110-P603,1956,17.3,0.0,2.8,0.0,201.2,643.4,71.8,299.9,349.6,211.1,32.5,0.0,1829.6,17.3,204.0,1364.7,243.6,604,,SUPAUL,
Bihar,Supaul,IMD110-P603,1957,56.9,0.0,31.2,0.0,0.0,80.1,33.3,170.7,60.7,1.3,0.0,1.5,435.7,56.9,31.2,344.8,2.8,604,,SUPAUL,
Bihar,Supaul,IMD110-P603,1959,,,,,,,85.5,33.1,218.0,289.4,0.0,0.0,,,,,289.4,604,missing_months,SUPAUL,
Bihar,Supaul,IMD110-P603,1960,0.0,0.0,55.8,0.0,63.0,88.0,395.0,372.0,,11.0,0.0,0.0,,0.0,118.8,,11.0,604,missing_months,SUPAUL,
Bihar,Supaul,IMD110-P603,1961,4.7,48.9,5.5,4.0,79.8,282.6,175.4,261.9,121.0,233.2,6.9,6.5,1230.4,53.6,89.3,841.0,246.6,604,,SUPAUL,
Bihar,Supaul,IMD110-P603,1962,21.5,6.2,17.0,26.5,151.5,242.9,201.0,589.2,150.5,173.8,0.0,1.4,1581.4,27.6,195.0,1183.6,175.2,604,,SUPAUL,
Bihar,Supaul,IMD110-P603,1963,1.0,0.0,12.8,41.6,146.1,165.8,386.9,434.4,367.0,184.1,24.0,0.0,1763.6,1.0,200.5,1354.1,208.1,604,,SUPAUL,
Bihar,Supaul,IMD110-P603,1964,0.0,4.2,0.0,19.0,55.6,129.9,580.0,158.1,128.4,17.5,18.7,0.0,1111.4,4.2,74.6,996.5,36.2,604,,SUPAUL,
Bihar,Supaul,IMD110-P603,1965,0.0,0.0,8.7,5.0,7.5,163.8,221.1,351.7,256.1,4.1,5.6,0.0,1023.6,0.0,21.2,992.7,9.7,604,,SUPAUL,
Bihar,Supaul,IMD110-P603,1966,7.3,0.0,0.0,0.0,65.8,131.7,281.9,528.0,164.9,34.5,28.5,0.0,1242.6,7.3,65.8,1106.6,62.9,604,,SUPAUL,
Bihar,Supaul,IMD110-P603,1967,0.0,0.0,60.9,39.7,27.5,169.8,350.8,166.8,89.1,8.6,0.0,0.0,913.3,0.0,128.1,776.5,8.6,604,,SUPAUL,
Bihar,Supaul,IMD110-P603,1968,18.1,0.0,18.0,7.3,23.8,209.4,402.1,327.8,140.9,269.0,0.0,0.0,1416.3,18.1,49.0,1080.3,269.0,604,,SUPAUL,
Bihar,Supaul,IMD110-P603,1969,2.3,7.0,25.1,17.1,54.3,249.5,337.7,320.3,193.6,36.2,12.7,0.0,1255.7,9.3,96.5,1101.0,48.9,605,,SUPAUL,
Bihar,Supaul,IMD110-P603,1970,3.7,13.2,0.2,53.2,54.5,248.0,466.8,316.6,333.9,28.8,0.0,0.0,1518.8,16.9,107.8,1365.3,28.8,605,,SUPAUL,
Bihar,Supaul,IMD110-P603,1971,10.0,,0.0,92.1,52.8,,189.8,17.5,0.0,0.0,0.0,0.0,,,144.9,,0.0,605,missing_months,SUPAUL,
Bihar,Supaul,IMD110-P603,1972,0.0,0.0,0.0,0.0,0.0,0.0,55.7,9.2,38.9,10.2,0.7,0.0,114.7,0.0,0.0,103.8,10.9,605,,SUPAUL,
Bihar,Supaul,IMD110-P603,1973,3.5,0.7,0.0,0.0,14.3,29.9,17.8,15.3,29.7,0.0,0.0,0.0,111.2,4.2,14.3,92.7,0.0,605,,SUPAUL,
Bihar,Supaul,IMD110-P603,1974,5.8,0.0,64.6,34.3,105.6,244.6,468.2,319.4,204.8,53.2,0.0,1.4,1502.1,5.8,204.5,1237.1,54.6,605,,SUPAUL,
Bihar,Supaul,IMD110-P603,1975,4.0,3.5,0.0,20.5,82.3,190.4,530.8,211.9,352.3,43.7,0.0,0.0,1439.4,7.5,102.9,1285.3,43.7,605,,SUPAUL,
Bihar,Supaul,IMD110-P603,1976,6.5,13.7,2.4,8.5,132.9,222.4,241.0,362.9,173.4,34.8,0.0,0.0,1198.5,20.2,143.7,999.8,34.8,605,,SUPAUL,
Bihar,Supaul,IMD110-P603,1977,0.0,0.0,,,,130.2,244.0,274.5,103.7,197.4,24.0,13.2,,0.0,,752.5,234.6,605,missing_months,SUPAUL,
Bihar,Supaul,IMD110-P603,1978,6.5,20.0,14.9,92.4,65.9,206.2,453.9,163.0,239.0,148.5,33.9,0.0,1444.3,26.5,173.2,1062.2,182.4,605,,SUPAUL,
Bihar,Supaul,IMD110-P603,1979,14.6,12.6,4.3,37.2,11.9,100.1,630.3,168.7,150.1,86.3,40.8,18.8,1275.6,27.2,53.4,1049.2,145.8,605,,SUPAUL,
Bihar,Supaul,IMD110-P603,1980,1.2,1.0,44.1,26.3,213.9,123.2,477.7,302.3,190.4,8.7,0.1,0.0,1388.9,2.3,284.3,1093.6,8.8,605,,SUPAUL,
Bihar,Supaul,IMD110-P603,1981,28.6,64.7,25.1,82.6,138.9,123.9,648.8,518.7,156.7,0.0,5.2,0.0,1793.2,93.3,246.6,1448.1,5.2,605,,SUPAUL,
Bihar,Supaul,IMD110-P603,1982,0.0,1.8,11.2,16.3,23.7,202.1,238.9,72.7,198.3,63.3,7.0,0.0,835.3,1.8,51.1,712.0,70.3,605,,SUPAUL,
Bihar,Supaul,IMD110-P603,1983,14.2,0.0,12.5,38.9,115.8,168.7,404.3,255.8,217.3,112.1,0.3,13.5,1353.6,14.2,167.3,1046.2,125.9,605,,SUPAUL,
Bihar,Supaul,IMD110-P603,1984,18.5,23.9,2.5,36.2,168.3,465.1,730.2,142.3,313.6,0.9,0.0,4.4,1905.9,42.4,207.0,1651.2,5.3,605,,SUPAUL,
Bihar,Supaul,IMD110-P603,1985,3.2,0.0,0.2,2.9,111.7,240.5,546.8,193.4,295.8,211.6,5.0,10.4,1621.4,3.2,114.7,1276.4,227.1,605,,SUPAUL,
Bihar,Supaul,IMD110-P603,1986,0.3,1.8,1.1,22.7,176.5,119.0,456.0,305.6,414.0,139.1,1.7,32.9,1670.6,2.1,200.3,1294.6,173.6,605,,SUPAUL,
Bihar,Supaul,IMD110-P603,1987,0.0,8.4,15.0,67.5,82.5,288.8,648.9,725.6,445.9,69.4,0.0,0.6,2352.7,8.4,165.0,2109.3,70.0,605,,SUPAUL,
Bihar,Supaul,IMD110-P603,1988,0.0,44.3,9.3,99.8,68.0,139.2,432.0,487.3,129.8,20.6,5.3,4.4,1440.0,44.3,177.0,1188.3,30.3,605,,SUPAUL,
Bihar,Supaul,IMD110-P603,1989,10.3,25.8,12.5,6.0,232.6,205.0,476.4,165.3,477.8,50.6,0.0,8.1,1670.4,36.1,251.1,1324.6,58.7,605,,SUPAUL,
Bihar,Supaul,IMD110-P603,1990,0.0,22.2,20.1,35.8,90.6,171.5,464.5,279.7,252.2,19.9,0.0,0.0,1356.4,22.2,146.5,1167.8,19.9,605,,SUPAUL,
Bihar,Supaul,IMD110-P603,1991,37.5,4.2,35.6,15.7,52.8,278.2,218.8,273.6,263.3,8.2,0.0,2.4,1190.4,41.8,104.1,1033.9,10.6,605,,SUPAUL,
Bihar,Supaul,IMD110-P603,1992,1.4,1.8,0.0,12.0,139.4,132.9,216.5,225.9,73.1,138.3,0.2,0.0,941.5,3.2,151.4,648.4,138.5,605,,SUPAUL,
Bihar,Supaul,IMD110-P603,1993,23.1,5.3,29.0,11.3,49.1,141.0,312.3,426.6,365.6,48.9,2.0,0.0,1414.2,28.4,89.4,1245.5,50.9,605,,SUPAUL,
Bihar,Supaul,IMD110-P603,1994,14.3,12.2,0.1,0.0,58.2,111.8,145.2,262.6,190.8,3.9,0.0,0.0,799.1,26.5,58.3,710.4,3.9,605,,SUPAUL,
Bihar,Supaul,IMD110-P603,1995,6.9,4.4,1.2,0.0,7.5,296.9,277.0,302.6,235.0,8.2,29.4,12.9,1182.1,11.3,8.7,1111.5,50.5,605,,SUPAUL,
Bihar,Supaul,IMD110-P603,1996,12.0,11.7,0.0,8.8,48.9,214.9,351.0,412.0,172.0,149.2,0.0,0.0,1380.6,23.7,57.7,1149.9,149.2,605,,SUPAUL,
Bihar,Supaul,IMD110-P603,1997,5.3,0.0,0.3,32.0,35.5,240.1,423.6,225.2,297.6,2.8,0.7,17.2,1280.3,5.3,67.8,1186.5,20.8,605,,SUPAUL,
Bihar,Supaul,IMD110-P603,1998,5.3,5.9,11.2,71.9,64.9,57.0,726.7,490.7,198.0,83.7,6.8,0.0,1722.2,11.2,148.0,1472.4,90.6,605,,SUPAUL,
Bihar,Supaul,IMD110-P603,1999,0.9,3.9,2.4,18.7,86.7,453.6,428.8,344.3,169.2,77.6,0.0,0.0,1586.0,4.7,107.8,1395.9,77.6,605,,SUPAUL,
Bihar,Supaul,IMD110-P603,2000,2.2,3.6,0.0,30.9,89.7,334.0,274.9,238.4,344.3,22.9,0.0,0.6,1341.6,5.8,120.6,1191.7,23.5,605,,SUPAUL,
Bihar,Supaul,IMD110-P603,2001,1.4,0.0,0.0,9.2,147.9,288.5,241.3,181.8,341.4,351.1,0.0,0.0,1562.5,1.4,157.1,1052.9,351.1,605,,SUPAUL,
Bihar,Supaul,IMD110-P603,2002,4.1,3.2,0.6,31.8,124.3,125.7,644.3,129.0,79.7,13.7,0.0,0.0,1156.3,7.3,156.7,978.7,13.7,605,,SUPAUL,
Bihar,Supaul,IMD110-P603,2003,18.5,34.5,27.2,47.0,74.7,402.9,392.9,264.9,252.2,140.3,0.0,7.2,1662.3,53.0,148.9,1312.9,147.5,606,,SUPAUL,
Bihar,Supaul,IMD110-P603,2004,30.6,0.6,0.0,73.1,318.0,487.5,746.1,100.2,162.0,34.4,0.0,0.0,1952.5,31.2,391.1,1495.8,34.4,606,,SUPAUL,
Bihar,Supaul,IMD110-P603,2005,21.8,18.2,0.0,20.6,118.8,120.6,350.5,257.8,93.6,7.3,0.0,0.0,1009.2,40.0,139.4,822.4,7.3,606,,SUPAUL,
Bihar,Supaul,IMD110-P603,2006,0.0,0.0,0.0,34.4,135.4,136.4,176.0,110.8,210.8,28.5,30.9,21.7,885.0,0.0,169.8,634.0,81.2,606,,SUPAUL,
Bihar,Supaul,IMD110-P603,2007,0.0,33.0,11.0,34.2,84.6,,374.7,345.6,304.9,5.5,0.0,0.0,,33.0,129.8,,5.5,606,missing_months,SUPAUL,
Bihar,Supaul,IMD110-P603,2008,7.4,2.0,9.3,17.9,170.9,223.7,253.6,129.9,146.4,62.2,0.0,0.1,1023.3,9.4,198.1,753.6,62.3,606,,SUPAUL,
Bihar,Supaul,IMD110-P603,2009,0.0,2.7,4.3,1.6,74.8,86.3,192.4,121.0,143.3,233.6,0.0,0.0,860.0,2.7,80.6,543.0,233.6,606,,SUPAUL,
Bihar,Supaul,IMD110-P603,2010,0.0,0.8,0.0,11.9,63.8,43.1,254.9,145.6,109.7,1.1,0.0,0.0,630.9,0.8,75.7,553.2,1.1,606,,SUPAUL,
Bihar,Vaishali,IMD110-P607,1901,40.7,24.2,21.1,0.0,86.4,39.5,252.6,236.1,123.4,6.6,1.5,0.0,832.2,64.9,107.5,651.7,8.1,607,,VAISHALI,
Bihar,Vaishali,IMD110-P607,1902,0.0,0.4,7.3,7.0,16.8,93.7,286.0,267.1,385.9,14.2,0.0,0.0,1078.3,0.4,31.0,1032.6,14.2,607,,VAISHALI,
Bihar,Vaishali,IMD110-P607,1903,1.4,0.8,1.9,0.0,34.7,97.3,83.7,232.1,123.7,83.4,0.0,0.0,659.0,2.2,36.6,536.8,83.4,607,,VAISHALI,
Bihar,Vaishali,IMD110-P607,1904,7.8,7.1,0.0,11.4,94.1,264.9,570.6,416.9,30.2,127.5,1.1,0.2,1531.6,14.9,105.5,1282.4,128.8,607,,VAISHALI,
Bihar,Vaishali,IMD110-P607,1905,4.1,4.7,29.4,15.6,67.3,31.3,281.8,562.3,334.5,2.5,0.0,1.4,1334.8,8.8,112.3,1209.8,3.9,607,,VAISHALI,
Bihar,Vaishali,IMD110-P607,1906,15.9,63.6,9.3,0.3,40.7,196.6,389.0,268.2,120.5,27.0,0.0,0.0,1130.9,79.5,50.2,974.3,27.0,607,,VAISHALI,
Bihar,Vaishali,IMD110-P607,1907,0.0,51.4,41.8,31.3,11.3,220.6,140.8,249.4,280.1,0.0,0.0,0.0,1026.6,51.4,84.3,890.8,0.0,607,,VAISHALI,
Bihar,Vaishali,IMD110-P607,1908,21.3,43.0,3.2,0.0,17.3,119.1,190.6,178.1,149.6,0.0,0.0,0.0,722.3,64.3,20.4,637.5,0.0,607,,VAISHALI,
Bihar,Vaishali,IMD110-P607,1909,0.0,3.2,0.0,41.0,23.1,481.4,267.8,305.0,116.7,15.0,0.0,2.8,1256.0,3.2,64.1,1170.9,17.8,607,,VAISHALI,
Bihar,Vaishali,IMD110-P607,1910,0.0,2.3,11.5,19.5,26.4,217.5,329.6,259.0,229.2,82.2,6.8,0.0,1184.0,2.3,57.3,1035.3,89.0,607,,VAISHALI,
Bihar,Vaishali,IMD110-P607,1911,2.5,2.2,13.0,5.8,72.5,303.8,125.1,508.3,261.0,119.1,19.5,0.0,1433.1,4.8,91.3,1198.3,138.6,607,,VAISHALI,
Bihar,Vaishali,IMD110-P607,1912,7.1,7.6,19.6,0.9,12.2,74.2,267.6,292.5,120.2,4.4,59.9,0.0,866.3,14.8,32.8,754.5,64.3,607,,VAISHALI,
Bihar,Vaishali,IMD110-P607,1913,0.0,55.3,57.4,0.0,118.1,427.8,200.3,327.5,255.2,51.7,0.0,17.8,1511.1,55.3,175.6,1210.8,69.4,607,,VAISHALI,
Bihar,Vaishali,IMD110-P607,1914,0.0,15.5,3.3,25.8,26.4,49.5,209.7,466.5,186.4,5.3,0.0,0.0,988.4,15.5,55.5,912.2,5.3,607,,VAISHALI,
Bihar,Vaishali,IMD110-P607,1915,7.0,40.6,13.2,0.1,17.4,137.0,295.5,343.5,281.6,33.3,38.8,0.0,1208.0,47.5,30.7,1057.7,72.1,607,,VAISHALI,
Bihar,Vaishali,IMD110-P607,1916,0.0,17.0,0.0,11.3,5.6,272.3,200.1,348.7,294.7,112.6,0.0,0.0,1262.2,17.0,16.8,1115.8,112.6,607,,VAISHALI,
Bihar,Vaishali,IMD110-P607,1917,3.3,22.6,8.1,0.3,126.9,169.0,237.3,198.1,299.8,41.6,1.1,0.0,1108.1,25.9,135.3,904.2,42.7,607,,VAISHALI,
Bihar,Vaishali,IMD110-P607,1918,0.2,0.0,3.1,5.9,42.0,253.8,254.8,587.0,391.2,2.5,0.0,0.0,1540.5,0.2,51.0,1486.9,2.5,607,,VAISHALI,
Bihar,Vaishali,IMD110-P607,1919,30.2,3.0,1.4,13.1,7.8,110.2,456.0,211.1,190.4,71.4,0.0,0.5,1095.1,33.2,22.3,967.6,71.9,607,,VAISHALI,
Bihar,Vaishali,IMD110-P607,1920,0.5,27.8,46.9,0.8,2.8,144.8,289.6,114.3,282.7,0.0,0.0,0.0,910.3,28.3,50.5,831.5,0.0,607,,VAISHALI,
Bihar,Vaishali,IMD110-P607,1921,13.2,0.0,0.0,0.1,10.0,79.2,241.2,535.4,223.7,39.7,0.0,0.0,1142.4,13.2,10.1,1079.5,39.7,607,,VAISHALI,
Bihar,Vaishali,IMD110-P607,1922,11.8,5.3,0.0,8.0,14.5,223.6,341.6,403.8,301.1,4.9,0.1,7.6,1322.2,17.0,22.5,1270.2,12.6,607,,VAISHALI,
Bihar,Vaishali,IMD110-P607,1923,0.0,38.7,0.0,7.9,15.8,169.6,211.1,235.2,60.3,26.4,0.0,0.1,765.0,38.7,23.6,676.2,26.5,607,,VAISHALI,
Bihar,Vaishali,IMD110-P607,1924,2.0,11.0,1.8,0.3,0.0,47.5,588.2,311.7,314.9,12.5,54.8,0.0,1344.7,13.1,2.0,1262.3,67.3,607,,VAISHALI,
Bihar,Vaishali,IMD110-P607,1925,14.6,0.0,0.0,4.9,12.8,111.2,325.3,345.7,169.6,28.0,11.9,0.0,1024.0,14.6,17.8,951.8,39.9,607,,VAISHALI,
Bihar,Vaishali,IMD110-P607,1926,18.8,0.0,4.1,18.4,22.0,39.0,299.3,347.3,78.3,5.1,0.0,5.2,837.6,18.8,44.5,764.0,10.3,607,,VAISHALI,
Bihar,Vaishali,IMD110-P607,1927,16.1,27.5,19.3,0.0,18.9,85.2,269.6,197.9,54.8,11.3,50.0,0.0,750.5,43.6,38.2,607.5,61.2,607,,VAISHALI,
Bihar,Vaishali,IMD110-P607,1928,45.1,17.1,0.0,0.2,34.6,140.7,218.9,265.7,33.9,114.1,0.0,8.0,878.4,62.2,34.8,659.3,122.1,607,,VAISHALI,
Bihar,Vaishali,IMD110-P607,1929,61.5,0.1,13.6,7.9,4.8,227.6,251.8,268.6,131.8,226.8,0.0,70.6,1265.0,61.5,26.2,879.8,297.5,607,,VAISHALI,
Bihar,Vaishali,IMD110-P607,1930,7.4,4.3,3.9,4.1,19.3,134.0,165.4,94.0,172.9,12.9,6.5,19.1,643.9,11.8,27.3,566.4,38.5,607,,VAISHALI,
Bihar,Vaishali,IMD110-P607,1931,0.0,33.1,1.2,0.0,9.8,31.0,327.2,197.4,101.8,47.8,6.6,0.1,755.9,33.1,10.9,657.3,54.5,607,,VAISHALI,
Bihar,Vaishali,IMD110-P607,1932,0.0,9.5,0.4,1.5,4.9,126.9,98.8,162.2,156.6,20.7,59.8,2.9,644.0,9.5,6.8,544.4,83.3,607,,VAISHALI,
Bihar,Vaishali,IMD110-P607,1933,12.0,12.0,0.0,38.8,85.9,148.8,273.0,439.1,187.9,36.7,0.0,0.0,1234.4,24.0,124.8,1048.9,36.7,607,,VAISHALI,
Bihar,Vaishali,IMD110-P607,1934,35.0,3.6,6.3,0.2,0.9,77.8,405.4,177.4,254.7,41.5,6.9,0.0,1009.8,38.6,7.4,915.4,48.3,607,,VAISHALI,
Bihar,Vaishali,IMD110-P607,1935,27.1,16.5,0.0,0.0,4.0,117.6,201.1,239.6,203.9,0.0,0.0,0.0,809.8,43.6,4.0,762.2,0.0,607,,VAISHALI,
Bihar,Vaishali,IMD110-P607,1936,4.2,3.4,9.1,1.7,54.9,208.1,361.0,184.6,352.2,48.3,0.0,8.0,1235.4,7.6,65.7,1105.9,56.2,607,,VAISHALI,
Bihar,Vaishali,IMD110-P607,1937,0.0,74.0,0.0,1.0,19.1,67.5,106.4,369.5,187.1,260.5,0.0,0.0,1085.2,74.0,20.1,730.5,260.5,607,,VAISHALI,
Bihar,Vaishali,IMD110-P607,1938,23.6,14.5,0.0,1.0,41.0,353.4,253.9,348.3,246.5,5.0,2.5,0.0,1289.7,38.2,42.0,1202.1,7.4,607,,VAISHALI,
Bihar,Vaishali,IMD110-P607,1939,1.4,58.3,4.7,0.4,6.5,240.3,425.6,368.7,252.9,23.4,0.0,0.0,1382.1,59.7,11.6,1287.4,23.4,607,,VAISHALI,
Bihar,Vaishali,IMD110-P607,1940,0.8,20.8,96.8,0.9,19.7,91.4,245.5,277.2,259.5,1.4,0.0,12.3,1026.3,21.7,117.4,873.5,13.7,607,,VAISHALI,
Bihar,Vaishali,IMD110-P607,1941,8.4,2.7,0.1,4.2,10.2,147.7,160.0,441.9,257.5,13.1,0.0,0.0,1045.8,11.1,14.5,1007.1,13.1,608,,VAISHALI,
Bihar,Vaishali,IMD110-P607,1942,37.9,39.0,15.6,5.6,15.3,145.7,171.6,311.2,471.4,10.6,0.0,0.0,1223.9,76.9,36.6,1099.9,10.6,608,,VAISHALI,
Bihar,Vaishali,IMD110-P607,1943,21.9,13.6,0.0,25.7,14.4,40.7,271.1,218.1,171.1,35.3,0.0,0.0,811.8,35.5,40.1,701.0,35.3,608,,VAISHALI,
Bihar,Vaishali,IMD110-P607,1944,24.4,23.8,36.4,28.0,5.7,134.9,191.5,299.3,187.1,41.3,0.0,0.0,972.4,48.2,70.0,812.9,41.3,608,,VAISHALI,
Bihar,Vaishali,IMD110-P607,1945,52.5,32.0,0.0,30.3,30.4,72.3,136.5,145.1,248.0,147.0,0.0,11.4,905.4,84.5,60.7,601.8,158.4,608,,VAISHALI,
Bihar,Vaishali,IMD110-P607,1946,0.0,23.9,0.0,25.7,71.5,127.6,215.5,231.0,189.9,120.3,18.0,0.0,1023.3,23.9,97.1,764.0,138.3,608,,VAISHALI,
Bihar,Vaishali,IMD110-P607,1947,2.2,6.4,0.5,3.2,54.0,56.7,265.0,260.3,175.2,75.3,0.0,0.0,898.6,8.6,57.6,757.2,75.3,608,,VAISHALI,
Bihar,Vaishali,IMD110-P607,1948,5.3,1.1,0.0,0.0,15.3,60.1,293.1,327.9,158.5,59.1,10.3,0.0,930.8,6.4,15.3,839.7,69.4,608,,VAISHALI,
Bihar,Vaishali,IMD110-P607,1949,21.0,60.8,0.0,21.6,84.2,261.9,311.6,250.2,131.7,97.1,0.2,0.0,1240.3,81.8,105.8,955.4,97.3,608,,VAISHALI,
Bihar,Vaishali,IMD110-P607,1950,7.2,8.9,5.7,0.0,15.4,375.1,203.2,185.6,96.3,0.0,0.0,0.3,897.6,16.0,21.0,860.2,0.3,608,,VAISHALI,
Bihar,Vaishali,IMD110-P607,1951,6.2,0.6,1.0,0.2,1.9,130.4,462.3,229.9,114.6,40.6,0.1,0.0,987.7,6.9,3.0,937.1,40.7,608,,VAISHALI,
Bihar,Vaishali,IMD110-P607,1952,4.2,9.2,3.2,13.0,32.0,383.2,221.9,217.3,247.1,3.6,0.0,0.0,1134.5,13.3,48.2,1069.4,3.6,608,,VAISHALI,
Bihar,Vaishali,IMD110-P607,1953,8.1,7.0,0.0,31.5,14.7,271.0,365.2,144.1,533.4,0.0,0.0,0.0,1375.0,15.1,46.2,1313.7,0.0,608,,VAISHALI,
Bihar,Vaishali,IMD110-P607,1954,16.4,17.3,0.0,0.0,25.0,60.7,233.8,340.3,142.1,5.2,0.0,0.0,840.9,33.8,25.0,776.8,5.2,608,,VAISHALI,
Bihar,Vaishali,IMD110-P607,1955,6.4,5.1,4.1,3.6,13.4,95.1,446.0,306.1,281.1,38.7,0.0,0.0,1199.6,11.5,21.1,1128.3,38.7,608,,VAISHALI,
Bihar,Vaishali,IMD110-P607,1956,6.3,1.8,0.7,0.0,29.7,345.3,151.9,221.4,241.0,65.9,52.6,6.6,1123.3,8.1,30.4,959.6,125.1,608,,VAISHALI,
Bihar,Vaishali,IMD110-P607,1957,64.5,0.0,6.1,0.0,1.0,67.8,227.0,166.1,106.0,0.0,0.0,1.6,640.0,64.5,7.1,566.8,1.6,608,,VAISHALI,
Bihar,Vaishali,IMD110-P607,1958,24.4,0.0,6.1,13.4,0.0,20.9,238.5,453.7,120.0,38.1,0.0,0.0,915.1,24.4,19.5,833.2,38.1,608,,VAISHALI,
Bihar,Vaishali,IMD110-P607,1959,52.5,5.4,4.5,16.3,37.1,66.8,284.6,201.7,122.0,202.6,1.9,4.2,999.6,57.9,57.9,675.1,208.7,608,,VAISHALI,
Bihar,Vaishali,IMD110-P607,1960,0.0,0.1,30.8,0.0,5.4,74.2,274.4,230.0,226.1,31.2,0.0,0.0,872.0,0.1,36.1,804.7,31.2,608,,VAISHALI,
Bihar,Vaishali,IMD110-P607,1961,12.6,25.3,0.0,0.1,32.5,130.2,146.1,211.8,121.3,284.0,0.0,10.4,974.3,37.9,32.6,609.4,294.4,608,,VAISHALI,
Bihar,Vaishali,IMD110-P607,1962,17.5,6.2,11.1,20.7,25.7,106.4,161.1,402.3,226.8,85.0,0.0,7.9,1070.8,23.6,57.6,896.7,92.9,608,,VAISHALI,
Bihar,Vaishali,IMD110-P607,1963,1.1,2.4,2.7,1.4,59.4,121.7,438.9,225.0,280.8,99.4,7.7,0.0,1240.5,3.5,63.5,1066.5,107.1,608,,VAISHALI,
Bihar,Vaishali,IMD110-P607,1964,2.8,2.1,0.0,24.6,73.9,170.5,315.9,143.8,184.2,241.1,0.2,0.0,1159.1,4.9,98.5,814.4,241.3,608,,VAISHALI,
Bihar,Vaishali,IMD110-P607,1965,0.0,0.7,10.1,0.1,0.0,39.6,260.1,337.2,135.1,8.0,0.0,0.0,790.9,0.7,10.2,772.0,8.0,608,,VAISHALI,
Bihar,Vaishali,IMD110-P607,1966,21.2,9.4,0.0,1.1,29.6,107.8,121.3,188.6,14.1,16.0,14.2,0.5,523.8,30.5,30.7,431.8,30.7,608,,VAISHALI,
Bihar,Vaishali,IMD110-P607,1967,0.0,0.0,22.6,72.8,2.2,45.1,365.3,330.4,575.6,5.9,0.0,0.0,1420.0,0.0,97.7,1316.4,5.9,608,,VAISHALI,
Bihar,Vaishali,IMD110-P607,1968,12.3,0.0,3.2,0.0,43.9,221.9,292.1,255.1,73.4,68.2,0.0,19.0,989.0,12.3,47.1,842.4,87.1,608,,VAISHALI,
Bihar,Vaishali,IMD110-P607,1969,0.0,0.0,0.0,0.0,24.0,90.2,265.4,380.8,164.1,8.8,39.0,0.0,972.3,0.0,24.0,900.5,47.8,608,,VAISHALI,
Bihar,Vaishali,IMD110-P607,1970,16.7,3.9,0.0,26.9,63.9,173.1,233.2,180.0,164.1,29.9,0.0,0.0,891.6,20.6,90.8,750.3,29.9,608,,VAISHALI,
Bihar,Vaishali,IMD110-P607,1974,1.1,0.0,4.3,0.9,11.1,112.4,505.7,366.4,133.3,30.9,0.0,2.0,1168.0,1.1,16.3,1117.7,32.9,608,,VAISHALI,
Bihar,Vaishali,IMD110-P607,1975,6.9,5.1,4.1,0.0,1.8,54.8,374.1,160.1,206.4,15.1,0.0,0.0,828.5,12.0,5.9,795.4,15.1,608,,VAISHALI,
Bihar,Vaishali,IMD110-P607,1976,1.2,5.4,0.0,2.3,58.1,72.8,263.5,324.9,409.9,23.8,0.0,0.0,1161.9,6.7,60.3,1071.1,23.8,608,,VAISHALI,
Bihar,Vaishali,IMD110-P607,1977,0.0,0.6,0.6,10.0,59.8,63.3,424.2,260.1,69.3,199.1,1.4,13.9,1102.3,0.6,70.4,817.0,214.4,608,,VAISHALI,
Bihar,Vaishali,IMD110-P607,1978,13.8,24.0,22.9,5.0,74.7,152.1,294.8,287.6,203.2,228.7,2.7,0.0,1309.4,37.7,102.7,937.6,231.4,608,,VAISHALI,
Bihar,Vaishali,IMD110-P607,1979,25.2,21.4,4.6,29.0,0.0,34.2,448.7,53.7,116.2,121.8,30.7,4.4,889.8,46.6,33.6,652.7,156.9,608,,VAISHALI,
Bihar,Vaishali,IMD110-P607,1980,2.3,2.5,10.6,0.0,56.7,99.4,358.5,373.8,179.9,13.4,0.0,0.0,1097.3,4.9,67.4,1011.7,13.4,608,,VAISHALI,
Bihar,Vaishali,IMD110-P607,1981,28.9,0.6,3.9,43.3,116.4,99.6,573.7,296.1,164.5,6.7,9.6,0.0,1343.5,29.5,163.7,1134.0,16.4,608,,VAISHALI,
Bihar,Vaishali,IMD110-P607,1982,2.4,8.2,30.7,10.9,39.0,243.8,131.0,121.3,191.3,8.6,14.6,0.3,802.2,10.6,80.6,687.5,23.5,608,,VAISHALI,
Bihar,Vaishali,IMD110-P607,1983,6.4,0.0,8.2,78.0,47.6,76.6,277.3,207.8,126.3,57.3,0.0,13.8,899.3,6.4,133.8,687.9,71.2,608,,VAISHALI,
Bihar,Vaishali,IMD110-P607,1984,19.0,40.8,0.0,3.5,25.5,364.2,376.0,188.6,467.3,5.4,1.5,0.7,1492.4,59.8,29.0,1396.1,7.6,608,,VAISHALI,
Bihar,Vaishali,IMD110-P607,1985,3.4,0.0,0.0,10.2,60.1,134.4,446.6,215.6,377.4,281.2,2.4,4.8,1536.1,3.4,70.3,1174.0,288.4,609,,VAISHALI,
Bihar,Vaishali,IMD110-P607,1986,1.8,3.5,0.0,7.1,85.1,226.8,342.7,198.2,128.2,83.4,0.0,9.7,1086.7,5.3,92.2,896.0,93.2,609,,VAISHALI,
Bihar,Vaishali,IMD110-P607,1987,0.0,0.0,5.9,31.4,31.2,59.5,344.9,485.2,340.4,3.4,0.0,1.5,1303.5,0.0,68.5,1230.0,4.9,609,,VAISHALI,
Bihar,Vaishali,IMD110-P607,1988,1.5,5.7,32.0,22.0,25.2,165.3,296.8,493.0,149.0,30.3,0.0,26.1,1246.9,7.2,79.2,1104.1,56.4,609,,VAISHALI,
Bihar,Vaishali,IMD110-P607,1989,3.7,8.7,2.2,0.0,66.8,112.0,582.3,118.3,258.3,24.8,5.9,12.5,1195.6,12.5,69.0,1071.0,43.2,609,,VAISHALI,
Bihar,Vaishali,IMD110-P607,1990,0.0,28.0,9.3,1.5,89.2,171.2,610.6,199.8,192.2,19.1,0.0,0.0,1320.9,28.0,100.1,1173.8,19.1,609,,VAISHALI,
Bihar,Vaishali,IMD110-P607,1991,9.0,1.6,0.4,4.2,30.6,133.6,139.4,318.7,85.1,0.9,0.0,10.2,733.8,10.6,35.2,676.9,11.1,609,,VAISHALI,
Bihar,Vaishali,IMD110-P607,1992,1.6,0.5,0.0,0.0,57.6,73.6,256.6,193.5,47.4,15.2,1.1,0.0,647.1,2.1,57.6,571.1,16.3,609,,VAISHALI,
Bihar,Vaishali,IMD110-P607,1993,5.6,14.1,20.1,20.0,34.3,94.2,89.7,297.1,328.4,23.0,22.6,0.0,948.9,19.6,74.3,809.4,45.6,609,,VAISHALI,
Bihar,Vaishali,IMD110-P607,1994,16.5,17.7,0.0,11.1,26.7,151.7,240.5,178.2,159.5,10.5,12.9,7.4,832.5,34.2,37.8,729.8,30.8,609,,VAISHALI,
Bihar,Vaishali,IMD110-P607,1995,5.1,13.7,0.0,0.0,2.0,83.5,185.6,319.0,134.7,4.2,31.6,22.2,801.5,18.7,2.0,722.8,58.0,609,,VAISHALI,
Bihar,Vaishali,IMD110-P607,1996,26.2,23.3,0.0,0.0,0.0,167.4,169.4,283.8,183.8,60.6,0.0,0.0,914.4,49.5,0.0,804.3,60.6,609,,VAISHALI,
Bihar,Vaishali,IMD110-P607,1997,11.4,0.0,0.0,23.9,37.0,168.5,424.5,237.8,239.4,29.3,1.1,31.8,1204.6,11.4,60.9,1070.2,62.2,609,,VAISHALI,
Bihar,Vaishali,IMD110-P607,1998,10.4,8.3,5.0,5.2,16.0,55.1,391.1,271.0,129.5,30.9,17.7,0.0,940.2,18.7,26.1,846.7,48.6,609,,VAISHALI,
Bihar,Vaishali,IMD110-P607,1999,0.0,0.0,0.0,0.0,49.9,164.3,340.8,267.1,44.4,47.0,0.0,0.0,913.5,0.0,49.9,816.6,47.0,609,,VAISHALI,
Bihar,Vaishali,IMD110-P607,2000,0.0,5.5,0.0,24.4,53.2,155.6,150.5,137.9,220.8,0.0,0.0,0.0,748.0,5.5,77.6,664.9,0.0,609,,VAISHALI,
Bihar,Vaishali,IMD110-P607,2001,0.0,0.0,0.0,0.0,46.3,302.7,226.8,253.1,295.3,67.4,0.0,0.0,1191.4,0.0,46.3,1077.8,67.4,609,,VAISHALI,
Bihar,Vaishali,IMD110-P607,2002,0.0,2.7,0.0,1.0,13.0,,,,,,,,,2.7,14.0,,,609,missing_months,VAISHALI,
Bihar,Vaishali,IMD110-P607,2004,,,,,,,,,33.5,8.5,0.0,0.0,,,,,8.5,609,missing_months,VAISHALI,
Bihar,Vaishali,IMD110-P607,2005,11.7,18.3,0.0,0.4,7.4,19.4,289.1,279.6,89.2,19.4,0.0,0.0,734.7,30.1,7.8,677.4,19.4,609,,VAISHALI,
Bihar,Vaishali,IMD110-P607,2006,0.0,0.0,0.0,22.5,45.9,254.0,331.4,184.5,320.8,30.5,5.7,0.0,1195.2,0.0,68.4,1090.6,36.2,609,,VAISHALI,
Bihar,Vaishali,IMD110-P607,2007,,,,,,,591.0,356.1,480.6,52.4,0.0,0.0,,,,,52.4,609,missing_months,VAISHALI,
Bihar,Vaishali,IMD110-P607,2008,10.2,0.0,0.0,,25.9,327.9,,,,,,,,10.2,,,,609,missing_months,VAISHALI,
Bihar,Vaishali,IMD110-P607,2009,0.0,0.0,0.0,0.0,66.7,107.4,119.4,232.3,161.5,68.0,0.0,0.0,755.3,0.0,66.7,620.6,68.0,609,,VAISHALI,
Bihar,Vaishali,IMD110-P607,2010,0.0,0.0,0.0,0.0,18.7,63.5,157.9,143.4,93.0,65.8,0.0,1.9,544.3,0.0,18.7,457.9,67.7,609,,VAISHALI,
