state_source,district_source,series_id,year,jan_mm,feb_mm,mar_mm,apr_mm,may_mm,jun_mm,jul_mm,aug_mm,sep_mm,oct_mm,nov_mm,dec_mm,annual_mm,jf_mm,mam_mm,jjas_mm,ond_mm,source_page,quality_flags,district_table_label,duplicate_source_pages
Gujarat,Ahmedabad,IMD110-P611,1901,0.3,0.0,0.2,0.0,8.0,15.1,179.0,191.2,20.4,10.0,0.0,0.0,424.2,0.3,8.2,405.7,10.0,611,,AHMEDABAD,
Gujarat,Ahmedabad,IMD110-P611,1902,0.5,0.0,0.0,0.2,5.0,10.7,104.9,258.0,325.9,0.7,0.0,7.3,713.2,0.5,5.2,699.5,8.0,611,,AHMEDABAD,
Gujarat,Ahmedabad,IMD110-P611,1903,0.0,0.0,0.0,0.0,2.9,14.3,324.1,143.3,87.4,0.6,0.0,0.0,572.7,0.0,2.9,569.2,0.6,611,,AHMEDABAD,
Gujarat,Ahmedabad,IMD110-P611,1904,0.0,12.6,16.2,0.0,1.8,32.4,138.4,21.3,62.0,0.0,0.0,0.0,284.7,12.6,18.1,254.0,0.0,611,,AHMEDABAD,
Gujarat,Ahmedabad,IMD110-P611,1905,0.0,0.5,0.8,1.9,0.0,8.7,796.6,21.9,65.8,0.0,0.0,0.2,896.3,0.5,2.7,892.9,0.2,611,,AHMEDABAD,
Gujarat,Ahmedabad,IMD110-P611,1906,0.1,8.3,0.0,0.0,1.2,191.0,210.2,150.2,69.3,14.1,0.0,0.0,644.2,8.3,1.2,620.6,14.1,611,,AHMEDABAD,
Gujarat,Ahmedabad,IMD110-P611,1907,0.2,14.1,0.0,1.4,0.6,72.6,276.5,448.7,5.4,0.0,0.0,0.0,819.5,14.3,2.1,803.1,0.0,611,,AHMEDABAD,
Gujarat,Ahmedabad,IMD110-P611,1908,4.2,0.0,0.0,0.0,0.8,36.9,312.2,351.6,6.3,0.0,0.0,0.0,712.0,4.2,0.8,707.0,0.0,611,,AHMEDABAD,
Gujarat,Ahmedabad,IMD110-P611,1909,0.0,1.2,0.0,4.0,12.2,139.6,294.2,173.8,106.6,4.5,0.0,2.2,738.2,1.2,16.2,714.2,6.7,611,,AHMEDABAD,
Gujarat,Ahmedabad,IMD110-P611,1910,0.2,0.0,0.0,1.0,0.0,169.9,141.9,218.7,23.3,9.1,0.0,0.0,564.0,0.2,1.0,553.8,9.1,611,,AHMEDABAD,
Gujarat,Ahmedabad,IMD110-P611,1911,0.3,0.0,26.4,0.0,9.4,121.2,33.4,14.8,44.5,0.0,0.2,0.0,250.2,0.3,35.8,213.9,0.2,611,,AHMEDABAD,
Gujarat,Ahmedabad,IMD110-P611,1912,0.0,0.0,0.0,1.9,0.2,51.4,547.1,291.1,35.5,4.2,5.1,0.0,936.5,0.0,2.1,925.0,9.4,611,,AHMEDABAD,
Gujarat,Ahmedabad,IMD110-P611,1913,0.0,0.0,0.3,0.0,9.7,227.0,296.7,112.4,124.7,1.0,0.1,1.4,773.3,0.0,10.0,760.8,2.4,611,,AHMEDABAD,
Gujarat,Ahmedabad,IMD110-P611,1914,0.0,0.5,0.3,0.2,22.5,175.0,301.7,128.7,176.9,12.8,4.1,0.0,822.8,0.5,23.0,782.4,16.9,611,,AHMEDABAD,
Gujarat,Ahmedabad,IMD110-P611,1915,4.0,1.6,8.1,0.2,6.1,75.3,70.1,20.6,26.5,110.0,0.0,0.0,322.5,5.6,14.4,192.5,110.0,611,,AHMEDABAD,
Gujarat,Ahmedabad,IMD110-P611,1916,0.0,0.0,0.0,0.4,14.2,54.6,121.8,243.9,112.8,34.3,0.0,0.0,582.0,0.0,14.6,533.1,34.3,611,,AHMEDABAD,
Gujarat,Ahmedabad,IMD110-P611,1917,0.0,12.1,0.3,4.1,103.6,66.3,293.3,290.4,261.5,189.2,0.0,0.0,1220.7,12.1,107.9,911.5,189.2,611,,AHMEDABAD,
Gujarat,Ahmedabad,IMD110-P611,1918,0.0,0.0,0.0,0.0,6.7,24.5,51.8,100.1,11.2,2.2,0.0,0.0,196.5,0.0,6.7,187.6,2.2,611,,AHMEDABAD,
Gujarat,Ahmedabad,IMD110-P611,1919,3.3,0.0,0.0,0.1,5.3,74.5,187.3,246.8,39.8,3.5,37.8,0.0,598.4,3.3,5.4,548.4,41.3,611,,AHMEDABAD,
Gujarat,Ahmedabad,IMD110-P611,1920,1.3,0.0,0.0,0.0,77.0,163.9,195.9,59.4,17.8,0.0,0.0,0.0,515.4,1.3,77.0,437.1,0.0,611,,AHMEDABAD,
Gujarat,Ahmedabad,IMD110-P611,1921,0.0,0.0,0.0,0.0,0.0,9.8,328.8,137.8,295.7,0.0,0.0,0.0,772.2,0.0,0.0,772.2,0.0,611,,AHMEDABAD,
Gujarat,Ahmedabad,IMD110-P611,1922,0.0,0.0,0.0,0.0,0.0,68.4,232.7,49.7,206.7,0.0,1.4,0.0,558.8,0.0,0.0,557.4,1.4,611,,AHMEDABAD,
Gujarat,Ahmedabad,IMD110-P611,1923,0.0,4.3,0.0,0.2,1.2,14.0,162.3,113.9,34.9,1.0,0.0,0.0,331.9,4.3,1.4,325.2,1.0,611,,AHMEDABAD,
Gujarat,Ahmedabad,IMD110-P611,1924,0.3,0.0,0.3,0.0,15.7,110.7,236.6,92.7,116.9,0.3,0.0,0.4,573.7,0.3,16.0,556.9,0.6,611,,AHMEDABAD,
Gujarat,Ahmedabad,IMD110-P611,1925,0.0,0.0,0.0,0.0,31.3,213.5,189.4,33.4,0.4,0.1,23.9,0.0,492.1,0.0,31.3,436.7,24.1,611,,AHMEDABAD,
Gujarat,Ahmedabad,IMD110-P611,1926,2.5,0.0,0.0,2.2,13.4,19.2,293.1,307.6,300.7,0.0,0.0,0.0,938.6,2.5,15.6,920.6,0.0,611,,AHMEDABAD,
Gujarat,Ahmedabad,IMD110-P611,1927,0.0,1.7,0.0,0.0,0.9,121.5,1074.0,119.7,96.9,12.1,1.8,16.1,1444.5,1.7,0.9,1412.0,30.0,611,,AHMEDABAD,
Gujarat,Ahmedabad,IMD110-P611,1928,0.0,0.1,0.0,0.0,0.0,4.7,261.5,210.8,148.0,8.3,20.0,0.0,653.4,0.1,0.0,625.0,28.3,611,,AHMEDABAD,
Gujarat,Ahmedabad,IMD110-P611,1929,0.7,0.0,0.0,3.0,0.0,70.4,206.4,99.8,22.2,1.6,0.0,13.6,417.8,0.7,3.0,398.8,15.3,611,,AHMEDABAD,
Gujarat,Ahmedabad,IMD110-P611,1930,0.8,0.0,0.0,0.1,5.6,87.0,274.8,83.9,69.2,25.0,0.0,0.8,547.0,0.8,5.7,514.8,25.8,611,,AHMEDABAD,
Gujarat,Ahmedabad,IMD110-P611,1931,0.0,0.0,0.0,0.1,6.5,7.1,198.1,350.5,43.1,50.8,10.7,0.0,667.0,0.0,6.6,598.9,61.5,611,,AHMEDABAD,
Gujarat,Ahmedabad,IMD110-P611,1932,0.0,0.0,0.1,0.5,0.0,48.2,389.0,106.1,44.9,8.8,0.0,0.0,597.5,0.0,0.6,588.2,8.8,611,,AHMEDABAD,
Gujarat,Ahmedabad,IMD110-P611,1933,0.0,5.2,1.0,2.7,68.2,59.5,205.0,429.0,119.4,16.0,5.2,0.0,911.2,5.2,71.9,812.9,21.2,611,,AHMEDABAD,
Gujarat,Ahmedabad,IMD110-P611,1934,0.0,0.0,0.7,0.0,0.0,129.0,158.3,262.2,28.7,3.1,1.3,0.0,583.2,0.0,0.7,578.2,4.4,611,,AHMEDABAD,
Gujarat,Ahmedabad,IMD110-P611,1935,8.1,0.0,0.0,1.7,2.4,69.3,217.8,76.3,128.2,15.1,0.0,0.0,518.9,8.1,4.1,491.6,15.1,611,,AHMEDABAD,
Gujarat,Ahmedabad,IMD110-P611,1936,0.0,1.4,5.2,0.0,0.0,135.0,89.3,50.1,165.6,0.0,30.0,0.0,476.7,1.4,5.2,440.0,30.0,611,,AHMEDABAD,
Gujarat,Ahmedabad,IMD110-P611,1937,0.0,2.0,0.0,0.0,0.0,187.2,368.6,2.4,208.3,5.5,0.0,0.1,774.1,2.0,0.0,766.6,5.6,611,,AHMEDABAD,
Gujarat,Ahmedabad,IMD110-P611,1938,0.2,0.0,0.0,0.0,18.9,167.6,276.3,51.8,10.5,14.5,0.0,0.0,539.9,0.2,18.9,506.3,14.5,611,,AHMEDABAD,
Gujarat,Ahmedabad,IMD110-P611,1939,0.0,0.1,4.4,0.0,0.4,30.3,103.5,201.0,46.3,3.8,0.4,0.0,390.3,0.1,4.8,381.1,4.2,611,,AHMEDABAD,
Gujarat,Ahmedabad,IMD110-P611,1940,8.6,0.5,8.4,2.3,1.5,105.4,109.8,156.0,51.3,2.5,14.5,0.0,460.9,9.1,12.3,422.4,17.0,611,,AHMEDABAD,
Gujarat,Ahmedabad,IMD110-P611,1941,0.1,0.9,0.8,0.3,7.5,23.1,715.6,92.8,34.1,2.7,0.0,0.0,878.0,1.1,8.6,865.6,2.7,612,,AHMEDABAD,
Gujarat,Ahmedabad,IMD110-P611,1942,3.2,7.1,0.0,0.0,17.8,51.3,303.4,255.3,125.1,0.0,0.0,0.0,763.2,10.2,17.8,735.1,0.0,612,,AHMEDABAD,
Gujarat,Ahmedabad,IMD110-P611,1943,0.1,0.0,0.0,1.0,17.1,102.0,432.1,31.9,142.3,36.6,2.7,0.0,765.8,0.1,18.1,708.3,39.2,612,,AHMEDABAD,
Gujarat,Ahmedabad,IMD110-P611,1944,1.8,0.0,0.0,3.0,2.3,96.2,409.5,289.8,55.7,0.0,0.0,0.0,858.4,1.8,5.4,851.3,0.0,612,,AHMEDABAD,
Gujarat,Ahmedabad,IMD110-P611,1945,3.6,0.0,0.0,0.3,3.8,86.7,328.8,152.5,190.7,1.4,0.0,0.0,767.9,3.6,4.1,758.8,1.4,612,,AHMEDABAD,
Gujarat,Ahmedabad,IMD110-P611,1946,0.0,0.9,0.0,0.0,9.9,194.2,154.2,246.5,21.7,0.8,10.4,4.7,643.3,0.9,9.9,616.6,15.9,612,,AHMEDABAD,
Gujarat,Ahmedabad,IMD110-P611,1947,0.0,0.0,0.0,56.8,0.0,19.6,168.8,156.8,124.7,3.0,17.0,0.0,546.8,0.0,56.8,470.0,20.0,612,,AHMEDABAD,
Gujarat,Ahmedabad,IMD110-P611,1948,20.7,0.0,0.0,0.0,7.5,31.7,55.5,48.0,40.0,24.1,16.7,0.0,244.3,20.7,7.5,175.3,40.8,612,,AHMEDABAD,
Gujarat,Ahmedabad,IMD110-P611,1949,0.0,0.0,0.0,0.0,3.2,12.8,269.5,126.8,115.2,4.8,10.2,0.0,542.5,0.0,3.2,524.3,15.0,612,,AHMEDABAD,
Gujarat,Ahmedabad,IMD110-P611,1950,0.0,0.0,0.0,0.0,1.0,13.2,422.3,40.6,267.5,0.0,0.0,0.0,744.5,0.0,1.0,743.5,0.0,612,,AHMEDABAD,
Gujarat,Ahmedabad,IMD110-P611,1951,0.0,0.0,0.0,1.4,1.1,50.3,138.0,111.9,7.9,0.0,2.0,0.0,312.5,0.0,2.5,308.1,2.0,612,,AHMEDABAD,
Gujarat,Ahmedabad,IMD110-P611,1952,0.0,0.0,0.0,0.0,0.0,47.2,285.5,95.2,2.0,0.0,0.0,0.0,429.9,0.0,0.0,429.9,0.0,612,,AHMEDABAD,
Gujarat,Ahmedabad,IMD110-P611,1953,10.3,0.0,0.0,0.0,2.0,68.7,196.3,506.4,118.3,0.4,0.0,0.0,902.5,10.3,2.0,889.7,0.4,612,,AHMEDABAD,
Gujarat,Ahmedabad,IMD110-P611,1954,0.9,0.5,4.8,0.0,0.0,45.6,204.1,186.5,280.2,17.9,0.0,0.0,740.3,1.4,4.8,716.3,17.9,612,,AHMEDABAD,
Gujarat,Ahmedabad,IMD110-P611,1955,0.0,0.0,0.0,0.0,3.0,111.5,67.7,241.0,249.6,18.3,0.0,0.0,691.2,0.0,3.0,669.9,18.3,612,,AHMEDABAD,
Gujarat,Ahmedabad,IMD110-P611,1956,0.0,1.0,0.3,0.0,2.5,78.4,400.1,273.6,111.5,94.1,0.4,1.5,963.5,1.0,2.9,863.6,96.0,612,,AHMEDABAD,
Gujarat,Ahmedabad,IMD110-P611,1957,3.3,0.0,0.0,0.0,2.5,119.3,230.6,95.5,7.6,9.0,24.9,0.3,493.0,3.3,2.5,453.0,34.2,612,,AHMEDABAD,
Gujarat,Ahmedabad,IMD110-P611,1958,0.4,0.0,0.0,3.4,0.0,62.9,198.2,125.9,295.6,30.2,3.2,0.6,720.4,0.4,3.4,682.6,33.9,612,,AHMEDABAD,
Gujarat,Ahmedabad,IMD110-P611,1959,0.1,0.0,0.0,4.2,1.9,58.2,463.2,152.9,325.0,105.2,0.5,0.0,1111.1,0.1,6.1,999.3,105.7,612,,AHMEDABAD,
Gujarat,Ahmedabad,IMD110-P611,1960,5.4,0.0,0.5,0.0,1.5,89.5,92.9,75.1,39.9,0.8,0.0,0.4,306.1,5.4,1.9,297.5,1.2,612,,AHMEDABAD,
Gujarat,Ahmedabad,IMD110-P611,1961,0.0,0.2,0.0,0.0,0.9,67.6,245.3,122.3,188.7,0.8,0.0,0.0,625.8,0.2,0.9,623.9,0.8,612,,AHMEDABAD,
Gujarat,Ahmedabad,IMD110-P611,1962,0.0,0.0,2.5,0.7,0.3,48.2,214.9,152.8,147.3,0.0,10.9,0.0,577.7,0.0,3.6,563.2,10.9,612,,AHMEDABAD,
Gujarat,Ahmedabad,IMD110-P611,1963,0.3,0.0,0.0,2.2,1.9,35.1,172.6,240.3,254.0,26.5,37.5,0.0,770.3,0.3,4.1,701.9,64.0,612,,AHMEDABAD,
Gujarat,Ahmedabad,IMD110-P611,1964,0.0,0.0,0.0,0.0,1.2,41.3,265.1,147.1,128.0,0.0,0.0,0.0,582.6,0.0,1.2,581.4,0.0,612,,AHMEDABAD,
Gujarat,Ahmedabad,IMD110-P611,1965,8.1,0.0,0.0,0.0,2.5,8.6,322.0,78.4,18.6,0.0,0.2,0.0,438.5,8.1,2.6,427.6,0.2,612,,AHMEDABAD,
Gujarat,Ahmedabad,IMD110-P611,1966,0.4,0.0,0.0,0.0,0.5,67.8,234.0,20.4,206.9,0.9,0.0,0.0,530.9,0.4,0.5,529.1,0.9,612,,AHMEDABAD,
Gujarat,Ahmedabad,IMD110-P611,1967,0.0,0.0,20.3,0.5,0.0,99.4,334.6,160.1,55.4,0.0,0.0,23.6,693.9,0.0,20.8,649.5,23.6,612,,AHMEDABAD,
Gujarat,Ahmedabad,IMD110-P611,1968,0.0,0.0,1.1,0.0,0.0,5.7,93.1,165.4,33.5,0.0,0.0,0.0,298.7,0.0,1.1,297.6,0.0,612,,AHMEDABAD,
Gujarat,Ahmedabad,IMD110-P611,1969,0.0,0.0,0.0,0.0,0.0,69.6,200.2,53.4,108.6,0.0,18.0,0.0,449.8,0.0,0.0,431.8,18.0,612,,AHMEDABAD,
Gujarat,Ahmedabad,IMD110-P611,1970,0.1,2.0,0.0,0.0,0.4,222.3,168.0,379.6,241.7,11.3,0.0,0.0,1025.3,2.1,0.4,1011.6,11.3,612,,AHMEDABAD,
Gujarat,Ahmedabad,IMD110-P611,1971,0.0,0.0,0.0,1.2,1.4,170.6,154.9,115.3,59.5,5.0,0.0,0.0,507.8,0.0,2.6,500.2,5.0,612,,AHMEDABAD,
Gujarat,Ahmedabad,IMD110-P611,1972,0.0,3.8,0.0,0.0,8.3,27.8,98.9,92.7,8.4,0.0,0.0,0.0,239.9,3.8,8.3,227.8,0.0,612,,AHMEDABAD,
Gujarat,Ahmedabad,IMD110-P611,1973,0.7,1.0,0.0,0.0,0.1,64.9,159.6,206.8,215.5,12.7,0.0,0.0,661.4,1.7,0.1,646.9,12.7,612,,AHMEDABAD,
Gujarat,Ahmedabad,IMD110-P611,1974,0.0,0.0,0.0,0.0,60.7,34.6,60.6,44.9,43.2,33.2,0.0,0.0,277.2,0.0,60.7,183.3,33.2,612,,AHMEDABAD,
Gujarat,Ahmedabad,IMD110-P611,1975,0.0,0.0,0.0,0.0,0.2,162.1,88.2,447.2,333.5,26.5,0.0,0.0,1057.7,0.0,0.2,1031.0,26.5,612,,AHMEDABAD,
Gujarat,Ahmedabad,IMD110-P611,1976,1.7,0.0,0.0,0.0,0.0,334.9,392.8,363.8,118.5,0.0,17.1,0.0,1228.7,1.7,0.0,1210.0,17.1,612,,AHMEDABAD,
Gujarat,Ahmedabad,IMD110-P611,1977,1.2,0.1,0.0,0.0,33.1,189.2,423.2,174.1,49.4,1.3,1.5,0.0,873.1,1.4,33.1,835.8,2.8,612,,AHMEDABAD,
Gujarat,Ahmedabad,IMD110-P611,1978,0.0,0.5,0.0,2.2,0.0,103.2,167.6,340.5,27.8,3.2,28.3,2.5,675.9,0.5,2.2,639.0,34.1,612,,AHMEDABAD,
Gujarat,Ahmedabad,IMD110-P611,1979,0.0,5.6,0.0,0.0,1.3,126.7,81.9,461.7,34.4,8.5,76.4,0.0,796.4,5.6,1.3,704.6,84.9,612,,AHMEDABAD,
Gujarat,Ahmedabad,IMD110-P611,1980,0.0,0.0,0.0,0.0,0.0,200.5,177.8,139.7,25.1,0.0,0.0,18.9,562.1,0.0,0.0,543.1,19.0,612,,AHMEDABAD,
Gujarat,Ahmedabad,IMD110-P611,1981,0.0,0.0,2.4,0.2,0.9,56.1,321.7,366.2,83.6,26.5,22.9,0.0,880.4,0.0,3.4,827.5,49.4,612,,AHMEDABAD,
Gujarat,Ahmedabad,IMD110-P611,1982,3.1,0.0,0.8,6.1,110.1,24.3,191.5,103.3,13.3,4.7,124.7,0.0,582.0,3.1,117.0,332.5,129.4,613,,AHMEDABAD,
Gujarat,Ahmedabad,IMD110-P611,1983,0.4,0.0,0.0,2.5,0.0,93.6,314.3,359.8,111.2,60.3,0.0,0.0,942.2,0.4,2.5,878.9,60.3,613,,AHMEDABAD,
Gujarat,Ahmedabad,IMD110-P611,1984,0.0,0.0,0.0,0.0,0.0,42.2,248.1,343.6,72.5,0.0,0.0,0.0,706.4,0.0,0.0,706.4,0.0,613,,AHMEDABAD,
Gujarat,Ahmedabad,IMD110-P611,1985,0.0,0.0,0.0,6.0,0.2,4.7,176.0,128.3,17.1,257.4,0.0,0.0,589.6,0.0,6.1,326.1,257.4,613,,AHMEDABAD,
Gujarat,Ahmedabad,IMD110-P611,1986,0.0,0.0,0.3,0.0,1.5,200.1,52.6,132.0,1.0,0.0,0.0,0.0,387.5,0.0,1.8,385.7,0.0,613,,AHMEDABAD,
Gujarat,Ahmedabad,IMD110-P611,1987,0.0,0.2,0.0,0.0,0.3,52.7,41.6,123.6,1.8,0.0,0.4,5.2,225.8,0.2,0.3,219.6,5.6,613,,AHMEDABAD,
Gujarat,Ahmedabad,IMD110-P611,1988,0.0,0.0,0.0,1.2,0.0,19.1,457.4,186.4,145.7,1.2,0.0,0.0,810.9,0.0,1.2,808.5,1.2,613,,AHMEDABAD,
Gujarat,Ahmedabad,IMD110-P611,1989,0.2,0.0,0.0,0.0,0.0,99.9,273.9,242.8,20.2,0.0,0.0,0.0,637.0,0.2,0.0,636.8,0.0,613,,AHMEDABAD,
Gujarat,Ahmedabad,IMD110-P611,1990,0.0,0.3,0.0,0.0,13.3,26.0,144.2,582.5,177.2,23.7,0.6,15.7,983.6,0.3,13.3,929.9,40.0,613,,AHMEDABAD,
Gujarat,Ahmedabad,IMD110-P611,1991,0.0,0.0,0.0,0.0,0.0,22.0,412.1,99.4,7.6,0.0,0.0,0.0,541.1,0.0,0.0,541.1,0.0,613,,AHMEDABAD,
Gujarat,Ahmedabad,IMD110-P611,1992,3.0,0.0,0.0,0.0,0.0,96.3,163.4,130.8,151.4,4.2,0.3,0.0,549.4,3.0,0.0,541.9,4.5,613,,AHMEDABAD,
Gujarat,Ahmedabad,IMD110-P611,1993,0.0,0.1,0.0,0.0,0.0,55.6,503.8,32.4,113.0,10.5,1.0,0.0,716.6,0.1,0.0,704.9,11.6,613,,AHMEDABAD,
Gujarat,Ahmedabad,IMD110-P611,1994,3.3,0.0,0.0,0.0,0.0,100.3,380.2,284.7,363.7,0.0,0.0,0.0,1132.3,3.3,0.0,1128.9,0.0,613,,AHMEDABAD,
Gujarat,Ahmedabad,IMD110-P611,1995,0.0,0.0,1.1,0.4,0.0,1.1,262.4,76.0,74.7,0.0,0.4,0.6,416.7,0.0,1.5,414.2,1.0,613,,AHMEDABAD,
Gujarat,Ahmedabad,IMD110-P611,1996,0.0,0.0,0.0,0.0,0.0,87.7,260.1,175.2,99.5,28.5,0.0,0.0,651.0,0.0,0.0,622.5,28.5,613,,AHMEDABAD,
Gujarat,Ahmedabad,IMD110-P611,1997,2.9,0.0,0.0,1.1,4.8,568.7,117.5,278.2,69.1,0.1,0.4,0.0,1042.9,2.9,6.0,1033.5,0.5,613,,AHMEDABAD,
Gujarat,Ahmedabad,IMD110-P611,1998,0.0,0.1,0.0,0.0,0.0,73.7,258.4,142.3,176.3,81.8,0.0,0.0,732.8,0.1,0.0,650.8,81.9,613,,AHMEDABAD,
Gujarat,Ahmedabad,IMD110-P611,1999,0.0,2.6,0.0,0.0,4.8,178.4,303.2,35.7,12.5,60.6,0.0,0.0,597.8,2.6,4.8,529.8,60.6,613,,AHMEDABAD,
Gujarat,Ahmedabad,IMD110-P611,2000,0.0,0.0,0.0,0.0,72.5,59.5,476.6,116.0,4.4,0.0,0.0,1.2,730.2,0.0,72.5,656.5,1.2,613,,AHMEDABAD,
Gujarat,Ahmedabad,IMD110-P611,2001,0.0,0.0,0.0,1.3,5.1,171.7,294.3,216.6,1.8,10.7,0.0,0.0,701.5,0.0,6.3,684.4,10.7,613,,AHMEDABAD,
Gujarat,Ahmedabad,IMD110-P611,2002,0.0,0.0,0.0,0.0,0.0,144.1,18.6,120.6,57.0,0.0,0.0,0.1,340.3,0.0,0.0,340.3,0.1,613,,AHMEDABAD,
Gujarat,Ahmedabad,IMD110-P611,2003,0.0,1.4,0.0,0.0,0.0,78.9,310.3,380.0,63.4,0.3,0.0,0.0,834.3,1.4,0.0,832.6,0.3,613,,AHMEDABAD,
Gujarat,Ahmedabad,IMD110-P611,2004,0.0,0.0,0.0,0.0,3.5,71.3,193.8,453.2,33.5,8.7,0.2,0.0,764.2,0.0,3.5,751.8,8.8,613,,AHMEDABAD,
Gujarat,Ahmedabad,IMD110-P611,2005,0.0,0.0,0.1,0.0,0.0,340.0,270.5,210.4,307.7,0.0,0.0,0.0,1128.7,0.0,0.1,1128.6,0.0,613,,AHMEDABAD,
Gujarat,Ahmedabad,IMD110-P611,2006,0.0,0.0,0.5,0.0,0.0,99.0,450.3,320.4,124.8,0.0,0.0,0.0,995.0,0.0,0.5,994.4,0.0,613,,AHMEDABAD,
Gujarat,Ahmedabad,IMD110-P611,2007,0.0,0.2,0.0,0.0,0.6,93.3,358.9,305.2,87.5,0.0,0.0,0.0,845.7,0.2,0.6,845.0,0.0,613,,AHMEDABAD,
Gujarat,Ahmedabad,IMD110-P611,2008,0.0,0.0,0.0,4.2,0.0,18.0,190.9,244.9,216.4,2.5,0.0,2.5,679.4,0.0,4.2,670.3,5.0,613,,AHMEDABAD,
Gujarat,Ahmedabad,IMD110-P611,2009,0.0,0.0,0.0,0.0,0.0,4.9,232.8,122.3,9.4,6.3,0.0,0.0,375.7,0.0,0.0,369.3,6.3,613,,AHMEDABAD,
Gujarat,Ahmedabad,IMD110-P611,2010,0.2,0.0,0.0,0.0,0.0,45.1,313.9,475.2,215.1,0.9,46.1,0.2,1096.8,0.2,0.0,1049.3,47.2,613,,AHMEDABAD,
Gujarat,Amreli,IMD110-P614,1901,0.0,0.0,0.0,0.0,2.0,0.8,306.8,65.6,4.8,3.8,0.0,0.0,383.8,0.0,2.0,378.0,3.8,614,,AMRELI,
Gujarat,Amreli,IMD110-P614,1902,0.8,0.0,0.0,0.0,0.0,47.1,186.0,161.8,83.1,1.5,1.5,35.5,517.3,0.8,0.0,478.0,38.5,614,,AMRELI,
Gujarat,Amreli,IMD110-P614,1903,0.0,0.0,0.0,0.0,0.0,24.8,399.6,89.5,100.7,79.3,0.0,0.0,693.9,0.0,0.0,614.6,79.3,614,,AMRELI,
Gujarat,Amreli,IMD110-P614,1904,0.0,16.2,28.0,0.0,0.0,16.0,223.0,30.3,3.5,0.0,0.0,0.0,317.0,16.2,28.0,272.8,0.0,614,,AMRELI,
Gujarat,Amreli,IMD110-P614,1905,2.3,0.0,0.0,0.0,0.0,17.5,357.3,24.0,22.6,2.5,0.5,0.0,426.7,2.3,0.0,421.4,3.0,614,,AMRELI,
Gujarat,Amreli,IMD110-P614,1906,0.0,15.3,0.0,0.0,0.0,41.9,175.7,158.6,19.3,0.0,0.0,0.0,410.8,15.3,0.0,395.5,0.0,614,,AMRELI,
Gujarat,Amreli,IMD110-P614,1907,0.0,0.0,0.0,1.3,0.0,161.2,312.2,61.9,0.0,0.0,0.0,0.0,536.6,0.0,1.3,535.3,0.0,614,,AMRELI,
Gujarat,Amreli,IMD110-P614,1908,4.1,0.0,0.0,0.0,0.0,48.1,436.8,182.5,5.6,0.0,0.0,0.0,677.1,4.1,0.0,673.0,0.0,614,,AMRELI,
Gujarat,Amreli,IMD110-P614,1909,0.0,0.0,0.0,0.0,0.0,130.4,220.3,122.7,65.4,0.0,0.0,1.5,540.3,0.0,0.0,538.8,1.5,614,,AMRELI,
Gujarat,Amreli,IMD110-P614,1910,1.3,0.0,0.0,0.0,0.0,100.0,77.7,183.4,102.2,0.0,0.0,0.0,464.6,1.3,0.0,463.3,0.0,614,,AMRELI,
Gujarat,Amreli,IMD110-P614,1911,0.0,0.0,15.3,0.0,0.0,82.5,23.4,87.4,60.1,0.0,0.0,0.0,268.7,0.0,15.3,253.4,0.0,614,,AMRELI,
Gujarat,Amreli,IMD110-P614,1912,0.0,0.0,0.0,0.0,0.0,84.7,404.8,113.8,9.6,0.0,18.3,0.0,631.2,0.0,0.0,612.9,18.3,614,,AMRELI,
Gujarat,Amreli,IMD110-P614,1913,0.0,0.0,0.0,0.0,0.0,519.7,134.8,37.9,12.7,0.0,0.0,0.0,705.1,0.0,0.0,705.1,0.0,614,,AMRELI,
Gujarat,Amreli,IMD110-P614,1914,0.0,0.0,0.0,0.0,0.0,190.0,169.3,56.5,451.1,0.0,2.5,0.0,869.4,0.0,0.0,866.9,2.5,614,,AMRELI,
Gujarat,Amreli,IMD110-P614,1915,0.0,1.3,8.9,0.0,0.0,68.7,63.5,33.8,37.4,26.9,0.0,0.0,240.5,1.3,8.9,203.4,26.9,614,,AMRELI,
Gujarat,Amreli,IMD110-P614,1916,0.0,0.0,0.0,0.0,0.0,21.0,115.8,184.6,113.8,9.7,0.0,0.0,444.9,0.0,0.0,435.2,9.7,614,,AMRELI,
Gujarat,Amreli,IMD110-P614,1917,0.0,0.3,0.0,0.0,107.2,200.3,261.5,155.3,57.1,478.1,0.0,0.0,1259.8,0.3,107.2,674.2,478.1,614,,AMRELI,
Gujarat,Amreli,IMD110-P614,1918,0.0,0.0,0.0,7.6,4.5,8.9,157.2,18.2,0.0,0.0,0.0,0.0,196.4,0.0,12.1,184.3,0.0,614,,AMRELI,
Gujarat,Amreli,IMD110-P614,1919,1.5,0.0,0.0,0.0,0.0,30.3,290.3,123.0,15.3,155.7,27.9,0.0,644.0,1.5,0.0,458.9,183.6,614,,AMRELI,
Gujarat,Amreli,IMD110-P614,1920,77.4,31.7,0.0,0.0,21.6,614.0,114.5,60.7,52.3,0.0,0.0,0.0,972.2,109.1,21.6,841.5,0.0,614,,AMRELI,
Gujarat,Amreli,IMD110-P614,1921,0.0,0.0,0.0,0.0,0.0,3.8,500.8,49.2,245.1,0.0,0.0,0.0,798.9,0.0,0.0,798.9,0.0,614,,AMRELI,
Gujarat,Amreli,IMD110-P614,1922,0.0,0.0,0.0,0.0,0.0,63.7,79.9,38.0,136.1,0.0,0.0,0.0,317.7,0.0,0.0,317.7,0.0,614,,AMRELI,
Gujarat,Amreli,IMD110-P614,1923,0.0,14.8,0.0,0.0,0.0,0.0,218.0,60.3,30.7,0.0,0.0,0.0,323.8,14.8,0.0,309.0,0.0,614,,AMRELI,
Gujarat,Amreli,IMD110-P614,1924,0.0,0.0,0.0,0.0,0.0,47.8,99.3,119.8,120.4,0.0,0.0,2.5,389.8,0.0,0.0,387.3,2.5,614,,AMRELI,
Gujarat,Amreli,IMD110-P614,1925,0.0,0.0,0.0,0.0,52.1,422.2,125.2,86.3,13.2,0.0,31.7,0.0,730.7,0.0,52.1,646.9,31.7,614,,AMRELI,
Gujarat,Amreli,IMD110-P614,1926,11.5,0.0,0.0,0.0,3.3,4.4,752.1,316.3,542.3,10.2,0.0,0.0,1640.1,11.5,3.3,1615.1,10.2,614,,AMRELI,
Gujarat,Amreli,IMD110-P614,1927,0.0,2.5,0.0,0.0,0.0,121.7,205.9,48.9,88.3,42.3,22.8,0.0,532.4,2.5,0.0,464.8,65.1,614,,AMRELI,
Gujarat,Amreli,IMD110-P614,1928,0.0,0.0,0.0,2.5,0.0,6.3,139.3,145.2,129.8,104.2,1.1,0.0,528.4,0.0,2.5,420.6,105.3,614,,AMRELI,
Gujarat,Amreli,IMD110-P614,1929,0.3,0.0,0.0,2.2,0.0,74.6,283.5,26.1,28.5,22.8,0.0,16.4,454.3,0.3,2.2,412.6,39.2,614,,AMRELI,
Gujarat,Amreli,IMD110-P614,1930,0.3,0.0,0.0,0.0,0.0,449.2,129.0,12.3,110.6,50.7,0.0,0.4,752.5,0.3,0.0,701.1,51.2,614,,AMRELI,
Gujarat,Amreli,IMD110-P614,1931,0.0,0.0,0.0,0.0,3.6,28.3,93.3,113.6,63.1,128.0,0.0,0.0,429.9,0.0,3.6,298.2,128.0,614,,AMRELI,
Gujarat,Amreli,IMD110-P614,1932,0.0,0.0,0.0,0.0,3.2,38.6,369.4,20.8,51.8,61.6,0.0,0.0,545.5,0.0,3.2,480.6,61.6,614,,AMRELI,
Gujarat,Amreli,IMD110-P614,1933,0.0,5.9,0.0,0.0,104.9,171.7,169.7,223.8,194.7,14.9,0.0,2.0,887.6,5.9,104.9,759.9,16.9,614,,AMRELI,
Gujarat,Amreli,IMD110-P614,1934,0.0,0.0,0.4,0.5,0.0,116.2,106.4,85.6,20.7,5.0,26.8,0.0,361.6,0.0,0.9,328.9,31.8,614,,AMRELI,
Gujarat,Amreli,IMD110-P614,1935,2.5,0.0,0.0,0.0,0.0,74.0,304.8,138.3,60.4,6.1,0.0,0.0,586.1,2.5,0.0,577.5,6.1,614,,AMRELI,
Gujarat,Amreli,IMD110-P614,1936,0.0,2.5,0.0,0.0,0.0,109.0,85.2,11.0,165.2,0.0,64.1,0.0,437.1,2.5,0.0,370.4,64.1,614,,AMRELI,
Gujarat,Amreli,IMD110-P614,1937,0.0,0.3,0.2,0.0,0.0,184.4,194.0,17.0,146.4,36.9,0.0,11.6,590.7,0.3,0.2,541.8,48.5,614,,AMRELI,
Gujarat,Amreli,IMD110-P614,1938,0.0,0.0,0.0,0.0,7.4,113.5,70.9,39.4,8.9,38.7,0.0,2.0,280.8,0.0,7.4,232.8,40.7,614,,AMRELI,
Gujarat,Amreli,IMD110-P614,1939,0.0,0.0,1.0,0.0,0.0,4.9,120.8,133.0,4.7,4.2,2.2,0.0,270.9,0.0,1.0,263.5,6.4,614,,AMRELI,
Gujarat,Amreli,IMD110-P614,1940,0.7,1.7,0.0,0.0,0.0,136.2,120.2,107.5,67.1,5.1,26.3,0.0,464.7,2.4,0.0,430.9,31.4,614,,AMRELI,
Gujarat,Amreli,IMD110-P614,1941,0.0,0.0,0.0,0.8,0.0,27.8,304.2,3.4,25.6,7.6,0.0,0.0,369.6,0.0,0.8,361.1,7.6,615,,AMRELI,
Gujarat,Amreli,IMD110-P614,1942,0.0,6.9,0.0,0.0,2.1,27.1,204.8,181.2,116.8,0.0,0.0,0.0,539.0,6.9,2.1,530.0,0.0,615,,AMRELI,
Gujarat,Amreli,IMD110-P614,1943,0.0,0.0,0.0,0.3,20.9,18.3,314.1,22.2,78.1,36.0,0.0,0.0,490.0,0.0,21.2,432.7,36.0,615,,AMRELI,
Gujarat,Amreli,IMD110-P614,1944,0.0,0.0,4.7,0.0,2.0,164.4,303.9,247.3,9.1,0.0,0.0,0.0,731.4,0.0,6.8,724.7,0.0,615,,AMRELI,
Gujarat,Amreli,IMD110-P614,1945,3.3,0.0,0.0,1.5,0.0,270.2,247.9,148.2,110.6,1.3,0.0,0.0,782.9,3.3,1.5,776.8,1.3,615,,AMRELI,
Gujarat,Amreli,IMD110-P614,1946,0.0,0.0,0.0,0.0,0.3,303.6,186.9,99.6,128.4,0.8,42.7,0.0,762.3,0.0,0.3,718.5,43.5,615,,AMRELI,
Gujarat,Amreli,IMD110-P614,1947,0.0,0.0,0.0,248.9,0.0,0.0,163.8,144.3,207.1,5.9,0.0,0.0,770.0,0.0,248.9,515.2,5.9,615,,AMRELI,
Gujarat,Amreli,IMD110-P614,1948,12.7,0.0,0.0,0.0,0.0,0.6,9.2,124.6,73.5,70.3,60.4,0.0,351.3,12.7,0.0,207.8,130.7,615,,AMRELI,
Gujarat,Amreli,IMD110-P614,1949,0.0,0.0,0.0,0.0,0.0,27.5,208.4,118.2,107.3,6.8,0.0,0.0,468.3,0.0,0.0,461.5,6.8,615,,AMRELI,
Gujarat,Amreli,IMD110-P614,1950,0.0,0.0,0.0,0.0,0.0,6.7,342.5,16.1,22.8,0.0,0.0,0.0,388.1,0.0,0.0,388.1,0.0,615,,AMRELI,
Gujarat,Amreli,IMD110-P614,1951,0.0,0.0,0.0,0.0,9.2,36.4,119.4,67.6,9.4,0.8,3.8,0.0,246.8,0.0,9.2,232.9,4.6,615,,AMRELI,
Gujarat,Amreli,IMD110-P614,1952,0.0,0.0,0.0,0.0,6.8,208.1,132.2,20.8,12.6,0.3,0.0,0.0,380.8,0.0,6.8,373.8,0.3,615,,AMRELI,
Gujarat,Amreli,IMD110-P614,1953,19.3,0.0,0.0,0.0,0.0,151.7,187.8,289.9,79.4,0.0,0.0,0.0,728.0,19.3,0.0,708.8,0.0,615,,AMRELI,
Gujarat,Amreli,IMD110-P614,1954,0.0,0.0,2.0,0.0,4.2,100.5,235.7,212.4,224.3,6.8,0.0,15.0,800.9,0.0,6.3,772.9,21.7,615,,AMRELI,
Gujarat,Amreli,IMD110-P614,1955,0.0,0.0,0.0,0.0,5.7,25.2,21.1,165.8,185.9,30.6,0.0,0.0,434.4,0.0,5.7,398.0,30.6,615,,AMRELI,
Gujarat,Amreli,IMD110-P614,1956,0.0,1.8,0.0,1.9,1.1,84.6,384.2,69.0,116.0,91.5,14.5,0.0,764.5,1.8,3.0,653.7,106.0,615,,AMRELI,
Gujarat,Amreli,IMD110-P614,1957,0.0,0.0,0.0,0.4,1.9,135.2,260.5,178.3,20.3,0.5,21.1,2.3,620.5,0.0,2.3,594.3,23.9,615,,AMRELI,
Gujarat,Amreli,IMD110-P614,1958,0.0,0.0,0.0,0.8,2.5,135.8,192.5,203.3,142.2,50.8,6.0,0.0,734.1,0.0,3.4,673.9,56.8,615,,AMRELI,
Gujarat,Amreli,IMD110-P614,1959,0.3,0.0,0.0,0.9,11.6,116.6,581.3,104.6,97.3,384.2,1.0,0.0,1297.8,0.3,12.5,899.9,385.2,615,,AMRELI,
Gujarat,Amreli,IMD110-P614,1960,0.0,0.0,1.2,0.0,28.4,226.6,186.9,97.4,72.2,3.7,0.0,0.0,616.4,0.0,29.6,583.0,3.7,615,,AMRELI,
Gujarat,Amreli,IMD110-P614,1961,0.0,0.0,0.0,0.0,5.3,69.6,316.0,100.6,122.0,23.2,0.0,0.0,636.7,0.0,5.3,608.2,23.2,615,,AMRELI,
Gujarat,Amreli,IMD110-P614,1962,0.0,0.0,0.8,0.0,5.1,23.6,130.9,111.0,131.4,0.0,21.5,0.0,424.4,0.0,5.9,397.0,21.5,615,,AMRELI,
Gujarat,Amreli,IMD110-P614,1963,0.4,0.0,5.3,0.0,0.8,42.8,207.9,226.9,38.1,26.9,34.9,0.0,583.8,0.4,6.1,515.6,61.7,615,,AMRELI,
Gujarat,Amreli,IMD110-P614,1964,0.0,0.0,0.0,0.0,2.4,227.6,255.6,215.0,166.9,0.5,0.0,0.0,868.1,0.0,2.4,865.2,0.5,615,,AMRELI,
Gujarat,Amreli,IMD110-P614,1965,2.1,0.0,0.0,0.0,0.0,6.7,369.5,183.8,71.3,0.0,1.6,0.0,635.1,2.1,0.0,631.4,1.6,615,,AMRELI,
Gujarat,Amreli,IMD110-P614,1966,0.0,0.0,0.0,0.0,0.0,62.2,130.9,23.1,90.4,4.2,0.0,0.0,310.8,0.0,0.0,306.6,4.2,615,,AMRELI,
Gujarat,Amreli,IMD110-P614,1967,0.0,0.0,43.7,0.0,0.0,179.9,291.3,27.4,46.1,0.0,0.0,16.0,604.4,0.0,43.7,544.8,16.0,615,,AMRELI,
Gujarat,Amreli,IMD110-P614,1968,0.0,0.0,0.0,0.0,0.0,26.3,185.6,162.4,61.0,12.5,0.0,0.3,448.2,0.0,0.0,435.4,12.8,615,,AMRELI,
Gujarat,Amreli,IMD110-P614,1969,0.0,0.0,0.0,0.0,0.0,96.1,206.9,51.4,57.1,0.0,10.9,0.0,422.5,0.0,0.0,411.5,10.9,615,,AMRELI,
Gujarat,Amreli,IMD110-P614,1970,0.0,0.0,0.0,0.0,3.2,168.4,174.6,282.6,130.1,33.9,0.0,0.0,792.9,0.0,3.2,755.7,33.9,615,,AMRELI,
Gujarat,Amreli,IMD110-P614,1971,0.0,0.0,0.0,3.3,0.0,116.9,209.5,164.9,149.9,1.0,0.0,0.0,645.5,0.0,3.3,641.2,1.0,615,,AMRELI,
Gujarat,Amreli,IMD110-P614,1972,0.6,0.5,0.0,0.0,0.0,80.4,107.2,22.3,17.8,0.0,0.0,0.0,228.8,1.1,0.0,227.7,0.0,615,,AMRELI,
Gujarat,Amreli,IMD110-P614,1973,0.0,0.0,0.0,0.0,2.6,62.0,198.5,104.8,214.2,12.3,0.0,0.0,594.3,0.0,2.6,579.4,12.3,615,,AMRELI,
Gujarat,Amreli,IMD110-P614,1974,0.0,0.0,0.0,0.8,10.3,26.3,122.4,46.9,81.7,34.8,0.0,0.0,323.3,0.0,11.2,277.3,34.8,615,,AMRELI,
Gujarat,Amreli,IMD110-P614,1975,0.0,0.0,0.0,0.0,0.0,113.5,90.2,113.8,114.9,37.8,0.0,0.0,470.2,0.0,0.0,432.4,37.8,615,,AMRELI,
Gujarat,Amreli,IMD110-P614,1976,0.0,0.0,0.0,0.0,0.0,209.1,183.9,91.3,74.3,5.8,22.7,0.0,587.1,0.0,0.0,558.6,28.5,615,,AMRELI,
Gujarat,Amreli,IMD110-P614,1977,0.0,0.0,0.0,0.0,7.7,156.1,252.2,53.9,95.4,0.4,9.7,0.0,575.4,0.0,7.7,557.6,10.2,615,,AMRELI,
Gujarat,Amreli,IMD110-P614,1978,0.0,0.7,0.0,8.8,0.0,175.9,74.2,126.2,15.6,16.8,25.2,0.0,443.4,0.7,8.8,392.0,42.0,615,,AMRELI,
Gujarat,Amreli,IMD110-P614,1979,0.0,0.0,0.0,0.0,0.0,162.9,87.2,379.8,62.1,10.1,150.0,0.0,852.1,0.0,0.0,692.0,160.1,615,,AMRELI,
Gujarat,Amreli,IMD110-P614,1980,0.0,0.0,0.0,0.0,0.0,218.1,282.0,160.5,5.9,0.0,0.5,7.7,674.8,0.0,0.0,666.5,8.3,615,,AMRELI,
Gujarat,Amreli,IMD110-P614,1981,0.1,0.0,0.0,0.0,2.1,63.3,282.8,135.8,141.5,75.3,41.6,0.0,742.5,0.1,2.1,623.3,116.9,615,,AMRELI,
Gujarat,Amreli,IMD110-P614,1982,0.0,0.0,0.0,0.0,1.8,6.8,159.0,148.1,16.2,0.0,314.2,0.0,646.1,0.0,1.8,330.1,314.2,616,,AMRELI,
Gujarat,Amreli,IMD110-P614,1983,0.0,0.0,0.0,0.0,4.9,331.1,276.8,302.8,180.9,42.5,0.0,0.0,1139.0,0.0,4.9,1091.6,42.5,616,,AMRELI,
Gujarat,Amreli,IMD110-P614,1984,0.0,0.0,0.0,0.0,0.0,52.8,137.2,101.9,118.7,0.0,0.0,0.0,410.6,0.0,0.0,410.6,0.0,616,,AMRELI,
Gujarat,Amreli,IMD110-P614,1985,0.0,0.0,0.0,0.0,8.8,1.6,128.8,100.1,52.4,91.6,0.0,0.0,383.3,0.0,8.8,282.9,91.6,616,,AMRELI,
Gujarat,Amreli,IMD110-P614,1986,0.0,0.0,0.0,0.0,11.7,265.9,27.4,98.5,13.4,0.0,0.0,0.0,417.0,0.0,11.7,405.3,0.0,616,,AMRELI,
Gujarat,Amreli,IMD110-P614,1987,0.0,0.0,0.0,0.0,0.0,47.8,17.5,122.0,7.4,0.0,9.6,0.0,204.4,0.0,0.0,194.8,9.6,616,,AMRELI,
Gujarat,Amreli,IMD110-P614,1988,0.0,0.0,0.0,0.0,0.0,37.9,689.8,130.5,267.0,1.2,0.0,0.0,1126.4,0.0,0.0,1125.2,1.2,616,,AMRELI,
Gujarat,Amreli,IMD110-P614,1989,0.0,0.0,0.0,0.0,0.0,154.7,264.1,56.1,94.8,8.4,0.0,0.0,578.1,0.0,0.0,569.7,8.4,616,,AMRELI,
Gujarat,Amreli,IMD110-P614,1990,0.0,0.0,0.0,0.0,8.4,123.1,25.9,281.4,130.4,24.6,0.0,0.0,593.7,0.0,8.4,560.7,24.6,616,,AMRELI,
Gujarat,Amreli,IMD110-P614,1991,0.0,0.0,0.0,0.0,0.0,46.3,247.1,43.9,8.0,0.0,0.0,0.0,345.3,0.0,0.0,345.3,0.0,616,,AMRELI,
Gujarat,Amreli,IMD110-P614,1992,0.0,0.0,0.0,0.0,1.2,80.8,194.1,156.8,172.1,12.6,1.4,0.0,618.9,0.0,1.2,603.7,14.0,616,,AMRELI,
Gujarat,Amreli,IMD110-P614,1993,14.6,4.4,0.0,0.0,0.0,104.4,175.0,10.8,222.9,72.2,20.6,20.3,645.2,19.0,0.0,513.1,113.1,616,,AMRELI,
Gujarat,Amreli,IMD110-P614,1994,0.0,0.0,0.0,0.0,0.0,214.5,359.9,129.9,117.4,0.0,0.0,0.0,821.7,0.0,0.0,821.7,0.0,616,,AMRELI,
Gujarat,Amreli,IMD110-P614,1995,0.0,0.0,0.0,0.0,0.0,7.2,229.6,95.9,109.8,30.0,0.0,0.0,472.5,0.0,0.0,442.6,30.0,616,,AMRELI,
Gujarat,Amreli,IMD110-P614,1996,0.0,0.0,0.0,0.0,0.0,169.7,272.9,31.7,27.0,143.2,0.0,0.0,644.5,0.0,0.0,501.3,143.2,616,,AMRELI,
Gujarat,Amreli,IMD110-P614,1997,0.0,0.0,0.0,0.0,0.0,216.9,154.9,84.5,131.8,0.0,0.0,0.0,588.2,0.0,0.0,588.2,0.0,616,,AMRELI,
Gujarat,Amreli,IMD110-P614,1998,0.0,0.0,0.0,0.0,0.0,135.3,185.0,239.0,64.9,85.2,13.7,0.0,723.2,0.0,0.0,624.2,98.9,616,,AMRELI,
Gujarat,Amreli,IMD110-P614,1999,0.0,0.0,0.0,,0.0,,58.0,28.6,120.0,28.9,0.0,0.0,,0.0,,,28.9,616,missing_months,AMRELI,
Gujarat,Amreli,IMD110-P614,2000,0.0,0.0,0.0,0.0,,,79.8,120.5,,0.0,0.0,0.0,,0.0,,,0.0,616,missing_months,AMRELI,
Gujarat,Amreli,IMD110-P614,2001,0.0,0.0,0.0,0.9,0.8,213.5,116.3,111.0,34.4,25.1,0.0,0.0,501.8,0.0,1.6,475.1,25.1,616,,AMRELI,
Gujarat,Amreli,IMD110-P614,2002,0.0,0.0,0.0,0.0,0.0,344.5,18.8,158.6,42.1,0.0,0.0,0.0,564.1,0.0,0.0,564.1,0.0,616,,AMRELI,
Gujarat,Amreli,IMD110-P614,2003,0.0,0.0,0.0,0.0,0.0,113.5,281.1,205.9,41.0,26.9,0.0,0.0,668.4,0.0,0.0,641.6,26.9,616,,AMRELI,
Gujarat,Amreli,IMD110-P614,2004,0.0,0.0,0.0,0.0,14.0,88.2,161.0,234.6,74.6,11.1,0.3,0.0,583.7,0.0,14.0,558.4,11.4,616,,AMRELI,
Gujarat,Amreli,IMD110-P614,2005,0.0,0.0,0.0,0.0,0.3,471.8,137.0,65.0,353.3,0.0,0.0,0.0,1027.3,0.0,0.3,1027.0,0.0,616,,AMRELI,
Gujarat,Amreli,IMD110-P614,2006,0.0,0.0,1.5,0.0,0.0,193.0,492.6,84.4,73.4,3.1,0.2,0.0,848.1,0.0,1.5,843.3,3.2,616,,AMRELI,
Gujarat,Amreli,IMD110-P614,2007,0.0,0.0,0.0,0.0,2.5,118.0,282.5,334.1,342.0,1.9,2.8,0.0,1083.8,0.0,2.5,1076.6,4.7,616,,AMRELI,
Gujarat,Amreli,IMD110-P614,2008,0.0,0.0,0.0,0.5,0.0,67.7,238.8,89.0,302.3,25.8,0.0,0.0,724.1,0.0,0.5,697.8,25.8,616,,AMRELI,
Gujarat,Amreli,IMD110-P614,2009,0.0,0.0,0.1,0.0,0.0,59.5,363.4,57.3,9.2,8.0,3.2,0.1,500.8,0.0,0.1,489.5,11.2,616,,AMRELI,
Gujarat,Amreli,IMD110-P614,2010,0.0,0.0,0.0,0.0,0.0,104.6,351.3,289.4,181.7,26.4,79.5,0.0,1033.0,0.0,0.0,927.0,106.0,616,,AMRELI,
Gujarat,Anand,IMD110-P617,1901,0.4,0.0,0.3,0.0,0.6,17.2,340.2,246.1,14.3,5.8,0.0,0.0,624.9,0.4,0.9,617.8,5.8,617,,ANAND,
Gujarat,Anand,IMD110-P617,1902,3.8,0.0,0.0,0.0,0.0,71.8,174.2,384.3,246.0,0.0,0.0,9.4,889.6,3.8,0.0,876.3,9.4,617,,ANAND,
Gujarat,Anand,IMD110-P617,1903,0.0,0.0,0.0,0.0,0.8,2.1,461.5,151.8,146.9,0.0,0.0,0.0,763.2,0.0,0.8,762.4,0.0,617,,ANAND,
Gujarat,Anand,IMD110-P617,1904,0.0,23.0,20.0,0.0,0.0,10.9,140.9,23.8,156.6,0.0,0.0,0.0,375.1,23.0,20.0,332.2,0.0,617,,ANAND,
Gujarat,Anand,IMD110-P617,1905,0.0,0.8,0.0,0.0,0.0,10.4,475.2,17.0,69.0,0.0,0.0,0.0,572.4,0.8,0.0,571.6,0.0,617,,ANAND,
Gujarat,Anand,IMD110-P617,1906,0.2,3.6,0.0,0.0,0.0,164.1,305.5,219.2,75.7,4.1,0.0,0.0,772.4,3.8,0.0,764.5,4.1,617,,ANAND,
Gujarat,Anand,IMD110-P617,1907,0.0,6.2,0.0,0.3,9.9,65.5,430.5,453.8,8.2,0.0,0.0,0.0,974.3,6.2,10.2,957.9,0.0,617,,ANAND,
Gujarat,Anand,IMD110-P617,1908,1.5,0.0,0.0,0.0,0.0,30.6,369.5,445.1,1.4,4.6,0.0,0.0,852.7,1.5,0.0,846.6,4.6,617,,ANAND,
Gujarat,Anand,IMD110-P617,1909,0.0,0.9,0.0,5.3,0.7,69.4,295.5,106.8,87.7,0.0,0.0,0.8,567.0,0.9,6.0,559.3,0.8,617,,ANAND,
Gujarat,Anand,IMD110-P617,1910,0.7,0.0,0.0,0.0,0.0,311.6,276.2,312.1,31.5,19.6,0.0,0.0,951.6,0.7,0.0,931.4,19.6,617,,ANAND,
Gujarat,Anand,IMD110-P617,1911,0.2,0.0,31.4,0.0,0.0,186.3,60.4,11.8,46.9,0.0,0.0,0.0,337.0,0.2,31.4,305.4,0.0,617,,ANAND,
Gujarat,Anand,IMD110-P617,1912,0.0,0.0,0.0,0.0,0.0,58.2,699.6,255.8,33.4,1.4,9.9,0.0,1058.4,0.0,0.0,1047.1,11.4,617,,ANAND,
Gujarat,Anand,IMD110-P617,1913,0.0,0.0,0.0,0.0,0.6,435.5,326.2,204.7,339.3,0.0,0.0,0.0,1306.4,0.0,0.6,1305.8,0.0,617,,ANAND,
Gujarat,Anand,IMD110-P617,1914,0.0,1.9,0.0,0.0,7.3,177.5,484.5,109.5,288.1,7.5,2.8,0.0,1079.0,1.9,7.3,1059.6,10.3,617,,ANAND,
Gujarat,Anand,IMD110-P617,1915,1.8,0.0,9.1,2.3,0.0,68.9,109.0,61.3,12.4,121.6,0.0,0.4,386.7,1.8,11.4,251.5,122.0,617,,ANAND,
Gujarat,Anand,IMD110-P617,1916,0.0,0.0,0.0,0.1,21.4,91.8,100.1,269.3,145.0,20.4,0.0,0.0,648.2,0.0,21.5,606.2,20.4,617,,ANAND,
Gujarat,Anand,IMD110-P617,1917,0.0,0.3,0.0,13.0,89.2,166.8,338.8,270.3,384.4,248.5,0.0,0.0,1511.3,0.3,102.2,1160.3,248.5,617,,ANAND,
Gujarat,Anand,IMD110-P617,1918,0.0,0.0,0.0,0.0,7.2,26.5,56.7,140.4,7.7,0.0,0.0,0.0,238.5,0.0,7.2,231.3,0.0,617,,ANAND,
Gujarat,Anand,IMD110-P617,1919,7.5,0.0,0.0,0.3,0.0,83.5,317.0,288.1,35.3,11.5,18.6,0.0,761.7,7.5,0.3,723.8,30.0,617,,ANAND,
Gujarat,Anand,IMD110-P617,1920,33.3,0.0,0.0,0.0,30.7,209.9,143.0,82.2,20.1,0.0,0.0,0.0,519.3,33.3,30.7,455.2,0.0,617,,ANAND,
Gujarat,Anand,IMD110-P617,1921,0.0,0.0,0.0,0.0,0.0,3.6,336.5,135.2,482.5,0.0,0.0,0.0,957.8,0.0,0.0,957.8,0.0,617,,ANAND,
Gujarat,Anand,IMD110-P617,1922,0.0,0.0,0.0,0.3,0.0,94.3,276.5,68.2,223.8,0.3,12.9,0.0,676.2,0.0,0.3,662.7,13.2,617,,ANAND,
Gujarat,Anand,IMD110-P617,1923,0.0,5.2,0.0,7.1,2.6,0.0,161.8,194.1,46.3,0.4,0.0,0.0,417.6,5.2,9.7,402.3,0.4,617,,ANAND,
Gujarat,Anand,IMD110-P617,1924,0.0,0.0,0.0,0.0,0.0,215.5,126.6,100.9,202.0,13.5,0.0,1.3,659.6,0.0,0.0,644.9,14.8,617,,ANAND,
Gujarat,Anand,IMD110-P617,1925,0.0,0.0,0.0,0.0,0.6,254.1,302.7,76.2,0.0,9.1,3.0,0.0,645.7,0.0,0.6,633.1,12.0,617,,ANAND,
Gujarat,Anand,IMD110-P617,1926,0.0,0.0,0.0,1.9,0.1,1.3,293.5,413.1,241.7,0.0,0.0,0.0,951.6,0.0,2.0,949.6,0.0,617,,ANAND,
Gujarat,Anand,IMD110-P617,1927,0.0,0.2,0.1,0.0,3.3,123.6,1323.3,275.8,179.4,24.5,5.2,7.0,1942.3,0.2,3.4,1902.0,36.7,617,,ANAND,
Gujarat,Anand,IMD110-P617,1928,0.0,0.4,0.0,0.0,0.0,74.4,281.7,255.9,113.0,23.3,41.5,0.0,790.3,0.4,0.0,725.0,64.8,617,,ANAND,
Gujarat,Anand,IMD110-P617,1929,0.0,0.0,0.0,1.0,0.5,171.7,373.3,96.1,19.5,0.7,0.0,11.3,674.1,0.0,1.5,660.7,11.9,617,,ANAND,
Gujarat,Anand,IMD110-P617,1930,0.0,0.1,0.0,0.0,0.0,110.0,717.9,215.6,61.5,48.8,0.0,0.0,1153.8,0.1,0.0,1104.9,48.8,617,,ANAND,
Gujarat,Anand,IMD110-P617,1931,0.0,0.0,0.0,0.0,0.0,24.9,348.5,389.1,148.5,71.2,8.1,0.0,990.3,0.0,0.0,911.0,79.3,617,,ANAND,
Gujarat,Anand,IMD110-P617,1932,0.0,0.0,0.0,0.0,0.0,86.1,417.6,131.1,83.6,42.7,0.0,0.0,761.1,0.0,0.0,718.4,42.7,617,,ANAND,
Gujarat,Anand,IMD110-P617,1933,0.0,10.6,4.0,3.2,18.5,101.6,253.3,606.1,176.0,1.5,0.0,2.8,1177.4,10.6,25.6,1136.9,4.3,617,,ANAND,
Gujarat,Anand,IMD110-P617,1934,0.0,0.0,0.0,0.0,0.0,170.2,138.3,482.7,70.0,0.0,13.9,0.0,875.2,0.0,0.0,861.3,13.9,617,,ANAND,
Gujarat,Anand,IMD110-P617,1935,5.9,0.0,0.0,0.7,0.0,56.8,315.5,100.0,201.6,4.7,0.0,0.0,685.2,5.9,0.7,673.9,4.7,617,,ANAND,
Gujarat,Anand,IMD110-P617,1936,0.0,2.9,0.0,0.0,0.0,244.3,106.4,31.0,189.6,0.0,83.6,0.0,657.8,2.9,0.0,571.3,83.6,617,,ANAND,
Gujarat,Anand,IMD110-P617,1937,0.0,4.2,0.0,0.0,0.0,100.4,430.8,11.3,451.0,0.7,0.0,0.3,998.7,4.2,0.0,993.5,1.0,617,,ANAND,
Gujarat,Anand,IMD110-P617,1938,0.0,0.0,0.0,0.0,6.4,307.7,439.8,45.2,5.1,33.0,0.0,0.0,837.3,0.0,6.4,797.9,33.0,617,,ANAND,
Gujarat,Anand,IMD110-P617,1939,0.0,0.0,0.6,0.0,0.0,33.1,210.9,180.9,55.3,0.0,0.0,0.0,480.8,0.0,0.6,480.2,0.0,617,,ANAND,
Gujarat,Anand,IMD110-P617,1940,2.6,0.8,38.3,0.5,0.0,77.1,161.3,170.8,58.8,69.8,6.0,0.0,585.9,3.4,38.8,467.9,75.8,617,,ANAND,
Gujarat,Anand,IMD110-P617,1941,0.3,0.0,0.0,3.6,0.0,49.1,718.5,150.2,55.3,11.1,0.0,0.0,988.2,0.3,3.6,973.2,11.1,618,,ANAND,
Gujarat,Anand,IMD110-P617,1942,4.7,11.8,0.0,0.5,0.0,62.1,425.9,330.4,164.6,0.0,0.0,0.0,1000.0,16.5,0.5,983.0,0.0,618,,ANAND,
Gujarat,Anand,IMD110-P617,1943,0.0,0.0,0.0,4.0,23.7,102.5,347.7,65.6,238.9,52.1,0.0,0.0,834.5,0.0,27.7,754.7,52.1,618,,ANAND,
Gujarat,Anand,IMD110-P617,1944,0.0,0.0,7.5,2.5,0.6,60.5,555.1,469.5,113.4,5.3,0.0,0.0,1214.3,0.0,10.6,1198.4,5.3,618,,ANAND,
Gujarat,Anand,IMD110-P617,1945,5.6,0.0,0.0,0.0,0.0,74.5,433.1,162.7,598.7,0.1,0.0,0.0,1274.7,5.6,0.0,1269.0,0.1,618,,ANAND,
Gujarat,Anand,IMD110-P617,1946,0.0,5.8,0.0,0.0,2.6,268.0,180.9,350.8,46.4,0.0,17.9,0.9,873.4,5.8,2.6,846.1,18.9,618,,ANAND,
Gujarat,Anand,IMD110-P617,1947,0.0,0.0,0.0,107.4,0.0,0.0,275.5,272.0,199.0,8.4,0.0,0.0,862.3,0.0,107.4,746.5,8.4,618,,ANAND,
Gujarat,Anand,IMD110-P617,1948,11.3,0.0,0.0,0.0,0.0,8.7,100.1,140.4,47.7,15.4,23.5,0.0,347.0,11.3,0.0,296.8,38.9,618,,ANAND,
Gujarat,Anand,IMD110-P617,1949,0.0,0.0,0.0,0.0,0.0,13.0,275.7,139.6,196.3,3.5,3.0,0.0,631.0,0.0,0.0,624.6,6.4,618,,ANAND,
Gujarat,Anand,IMD110-P617,1950,0.0,0.0,0.0,0.0,0.0,28.1,752.0,35.5,284.3,0.0,0.0,0.0,1100.0,0.0,0.0,1100.0,0.0,618,,ANAND,
Gujarat,Anand,IMD110-P617,1951,0.0,0.0,0.0,0.0,0.0,17.0,214.2,198.6,0.1,0.0,0.0,0.0,429.9,0.0,0.0,429.9,0.0,618,,ANAND,
Gujarat,Anand,IMD110-P617,1952,0.0,0.0,0.0,0.0,0.0,94.4,453.7,140.7,1.3,0.0,0.0,0.0,690.0,0.0,0.0,690.0,0.0,618,,ANAND,
Gujarat,Anand,IMD110-P617,1953,12.6,0.0,0.0,0.0,0.0,144.8,147.5,461.2,127.0,0.0,0.0,0.0,893.1,12.6,0.0,880.4,0.0,618,,ANAND,
Gujarat,Anand,IMD110-P617,1954,0.0,0.0,19.4,0.0,0.0,40.4,224.5,275.3,514.4,31.5,0.0,0.0,1105.4,0.0,19.4,1054.6,31.5,618,,ANAND,
Gujarat,Anand,IMD110-P617,1955,0.0,0.0,0.0,0.0,10.5,71.3,28.9,314.6,227.6,19.1,0.0,0.0,672.0,0.0,10.5,642.4,19.1,618,,ANAND,
Gujarat,Anand,IMD110-P617,1956,0.0,0.0,0.0,0.0,8.6,51.2,488.6,463.7,84.7,134.9,0.0,0.0,1231.7,0.0,8.6,1088.1,134.9,618,,ANAND,
Gujarat,Anand,IMD110-P617,1957,0.0,0.0,0.0,0.0,0.0,99.3,359.1,120.6,5.4,0.0,17.5,0.1,602.0,0.0,0.0,584.4,17.6,618,,ANAND,
Gujarat,Anand,IMD110-P617,1958,0.0,0.0,0.0,0.0,0.0,137.9,216.6,182.5,304.5,36.5,0.0,0.0,878.0,0.0,0.0,841.4,36.5,618,,ANAND,
Gujarat,Anand,IMD110-P617,1959,0.0,0.0,0.0,0.2,6.7,66.4,659.7,203.0,370.4,79.0,0.0,0.0,1385.3,0.0,6.9,1299.5,79.0,618,,ANAND,
Gujarat,Anand,IMD110-P617,1960,1.0,0.0,0.0,0.0,0.4,74.7,114.4,180.1,77.3,0.0,0.0,0.0,448.0,1.0,0.4,446.5,0.0,618,,ANAND,
Gujarat,Anand,IMD110-P617,1961,0.0,2.9,0.0,0.0,0.0,53.0,342.5,160.7,171.4,12.1,0.0,0.0,742.6,2.9,0.0,727.6,12.1,618,,ANAND,
Gujarat,Anand,IMD110-P617,1962,0.0,0.0,0.0,0.0,12.4,44.4,335.0,89.0,247.2,0.0,4.5,0.0,732.6,0.0,12.4,715.6,4.5,618,,ANAND,
Gujarat,Anand,IMD110-P617,1963,2.6,0.0,0.0,0.0,0.0,47.7,211.9,272.6,127.2,30.0,35.6,0.0,727.7,2.6,0.0,659.5,65.6,618,,ANAND,
Gujarat,Anand,IMD110-P617,1964,0.0,0.0,0.0,0.0,0.1,64.4,280.1,270.9,133.8,0.0,0.0,0.0,749.2,0.0,0.1,749.1,0.0,618,,ANAND,
Gujarat,Anand,IMD110-P617,1965,7.9,0.0,0.0,0.1,0.0,3.3,451.0,127.5,7.2,0.0,2.1,0.0,599.1,7.9,0.1,589.1,2.1,618,,ANAND,
Gujarat,Anand,IMD110-P617,1966,0.0,0.0,0.0,0.0,0.0,172.6,354.2,36.7,173.9,0.0,0.0,0.0,737.3,0.0,0.0,737.3,0.0,618,,ANAND,
Gujarat,Anand,IMD110-P617,1967,0.0,0.0,42.7,2.4,0.0,175.8,364.2,227.5,77.1,0.0,0.0,18.3,907.9,0.0,45.1,844.6,18.3,618,,ANAND,
Gujarat,Anand,IMD110-P617,1968,0.0,0.0,0.0,0.0,0.0,11.5,207.4,184.2,31.9,2.1,0.0,0.0,437.1,0.0,0.0,435.0,2.1,618,,ANAND,
Gujarat,Anand,IMD110-P617,1969,0.0,0.0,0.0,0.0,0.0,167.9,207.5,181.8,182.2,0.0,10.7,15.3,765.3,0.0,0.0,739.4,25.9,618,,ANAND,
Gujarat,Anand,IMD110-P617,1970,0.0,0.0,0.0,0.0,1.9,216.6,253.3,549.9,391.0,3.1,0.0,0.0,1416.0,0.0,1.9,1410.9,3.1,618,,ANAND,
Gujarat,Anand,IMD110-P617,1971,0.0,0.0,0.0,0.0,0.0,166.4,264.6,162.8,138.6,10.5,0.0,0.0,742.9,0.0,0.0,732.4,10.5,618,,ANAND,
Gujarat,Anand,IMD110-P617,1972,0.0,5.9,0.0,0.0,0.0,59.6,122.9,133.7,11.2,0.0,0.0,0.0,333.3,5.9,0.0,327.4,0.0,618,,ANAND,
Gujarat,Anand,IMD110-P617,1973,0.0,0.0,0.0,0.0,0.4,51.9,157.5,288.2,438.6,19.5,0.0,1.5,957.6,0.0,0.4,936.3,20.9,618,,ANAND,
Gujarat,Anand,IMD110-P617,1974,0.0,0.0,0.0,2.6,23.2,28.8,75.5,27.4,93.3,11.3,0.0,0.0,262.1,0.0,25.8,225.0,11.3,618,,ANAND,
Gujarat,Anand,IMD110-P617,1975,0.0,0.0,0.0,0.0,0.0,132.0,115.2,310.7,227.6,52.0,0.0,0.0,837.5,0.0,0.0,785.5,52.0,618,,ANAND,
Gujarat,Anand,IMD110-P617,1976,1.1,0.0,0.0,0.0,0.0,427.2,383.9,612.5,143.4,0.0,90.7,0.0,1658.8,1.1,0.0,1567.0,90.7,618,,ANAND,
Gujarat,Anand,IMD110-P617,1977,0.0,0.0,0.0,0.0,1.4,331.9,517.1,134.1,81.9,0.0,5.0,0.0,1071.4,0.0,1.4,1065.0,5.0,618,,ANAND,
Gujarat,Anand,IMD110-P617,1978,0.0,3.9,0.3,0.4,0.0,59.3,194.3,544.0,20.4,0.0,29.4,6.6,858.7,3.9,0.7,818.0,36.1,618,,ANAND,
Gujarat,Anand,IMD110-P617,1979,0.0,7.0,0.0,0.0,0.0,142.5,116.0,422.0,9.5,2.9,188.5,0.0,888.4,7.0,0.0,690.0,191.4,618,,ANAND,
Gujarat,Anand,IMD110-P617,1980,0.2,0.0,0.0,0.1,0.0,204.3,200.3,336.0,19.0,0.0,1.1,11.9,773.0,0.2,0.1,759.7,12.9,618,,ANAND,
Gujarat,Anand,IMD110-P617,1981,5.2,0.0,0.2,0.1,0.4,73.9,282.1,404.3,71.8,53.9,30.4,0.0,922.2,5.2,0.7,832.0,84.2,618,,ANAND,
Gujarat,Anand,IMD110-P617,1982,0.0,0.0,0.0,2.6,32.6,14.7,158.3,301.4,3.1,14.3,258.9,0.0,785.8,0.0,35.2,477.5,273.1,619,,ANAND,
Gujarat,Anand,IMD110-P617,1983,0.3,0.0,0.0,0.0,0.0,158.9,431.6,381.7,147.6,40.4,0.0,0.0,1160.5,0.3,0.0,1119.8,40.4,619,,ANAND,
Gujarat,Anand,IMD110-P617,1984,0.0,0.0,0.0,0.0,0.0,72.1,285.1,374.8,57.5,0.0,0.0,0.0,789.5,0.0,0.0,789.5,0.0,619,,ANAND,
Gujarat,Anand,IMD110-P617,1985,0.0,0.0,0.0,0.0,0.0,0.6,250.1,83.1,5.7,238.4,0.0,0.0,577.9,0.0,0.0,339.5,238.4,619,,ANAND,
Gujarat,Anand,IMD110-P617,1986,0.0,0.0,0.0,0.0,0.0,192.9,68.3,84.0,0.0,0.0,0.0,0.0,345.2,0.0,0.0,345.2,0.0,619,,ANAND,
Gujarat,Anand,IMD110-P617,1987,0.0,0.0,0.0,0.0,0.0,104.9,143.6,209.9,0.0,0.0,0.0,9.3,467.7,0.0,0.0,458.4,9.3,619,,ANAND,
Gujarat,Anand,IMD110-P617,1988,0.0,0.0,0.0,0.0,0.0,81.3,684.8,231.2,253.4,0.0,0.0,0.0,1250.7,0.0,0.0,1250.7,0.0,619,,ANAND,
Gujarat,Anand,IMD110-P617,1989,0.8,0.0,0.0,0.0,0.0,159.7,427.7,215.6,29.9,0.0,0.0,0.0,833.7,0.8,0.0,832.9,0.0,619,,ANAND,
Gujarat,Anand,IMD110-P617,1990,0.0,0.0,0.0,0.0,18.5,94.6,131.0,708.8,253.8,0.2,0.7,21.6,1229.2,0.0,18.5,1188.1,22.5,619,,ANAND,
Gujarat,Anand,IMD110-P617,1991,0.0,0.0,0.0,0.0,0.0,30.7,462.2,121.0,59.0,0.0,0.0,0.0,672.9,0.0,0.0,672.9,0.0,619,,ANAND,
Gujarat,Anand,IMD110-P617,1992,0.0,0.0,0.0,0.0,0.0,86.8,130.4,249.6,169.4,2.3,0.0,0.0,638.4,0.0,0.0,636.2,2.3,619,,ANAND,
Gujarat,Anand,IMD110-P617,1993,0.0,0.0,0.0,0.0,0.0,48.4,412.3,87.6,49.1,45.3,0.0,0.0,642.6,0.0,0.0,597.3,45.3,619,,ANAND,
Gujarat,Anand,IMD110-P617,1994,23.4,0.0,0.0,2.0,0.6,119.5,502.1,229.0,323.8,0.0,0.0,0.0,1200.4,23.4,2.6,1174.4,0.0,619,,ANAND,
Gujarat,Anand,IMD110-P617,1995,0.0,0.0,0.0,0.0,0.0,0.8,370.0,127.5,65.9,10.9,0.0,0.0,575.1,0.0,0.0,564.2,10.9,619,,ANAND,
Gujarat,Anand,IMD110-P617,1996,0.9,0.0,0.0,0.0,0.0,130.8,340.1,172.7,197.6,12.6,0.0,0.0,854.6,0.9,0.0,841.2,12.6,619,,ANAND,
Gujarat,Anand,IMD110-P617,1997,3.2,0.0,6.9,14.0,0.5,562.8,139.3,472.9,88.6,6.9,1.0,2.6,1298.6,3.2,21.3,1263.6,10.5,619,,ANAND,
Gujarat,Anand,IMD110-P617,1998,0.0,0.0,0.0,0.0,0.0,115.7,238.6,194.7,253.7,79.1,1.9,0.0,883.7,0.0,0.0,802.6,81.1,619,,ANAND,
Gujarat,Anand,IMD110-P617,1999,0.0,0.0,0.0,0.0,24.0,144.0,209.7,47.6,14.0,26.3,0.0,0.0,465.6,0.0,24.0,415.3,26.3,619,,ANAND,
Gujarat,Anand,IMD110-P617,2000,0.0,0.0,0.0,0.0,77.5,35.2,194.3,144.7,13.5,0.0,0.0,5.8,471.0,0.0,77.5,387.7,5.8,619,,ANAND,
Gujarat,Anand,IMD110-P617,2001,0.0,0.0,0.0,0.1,0.1,129.4,218.4,151.7,2.0,16.8,0.0,0.0,518.5,0.0,0.2,501.5,16.8,619,,ANAND,
Gujarat,Anand,IMD110-P617,2002,0.0,0.0,0.2,0.0,0.0,81.9,14.2,280.8,64.6,0.6,0.0,0.0,442.3,0.0,0.2,441.5,0.6,619,,ANAND,
Gujarat,Anand,IMD110-P617,2003,0.0,2.8,0.0,0.0,0.0,153.0,446.6,305.6,106.0,0.0,0.0,0.0,1014.1,2.8,0.0,1011.3,0.0,619,,ANAND,
Gujarat,Anand,IMD110-P617,2004,0.0,0.0,0.0,0.0,3.3,59.8,209.3,425.9,11.2,1.9,0.0,0.0,711.4,0.0,3.3,706.2,1.9,619,,ANAND,
Gujarat,Anand,IMD110-P617,2005,0.0,0.0,0.0,0.0,0.0,439.5,373.8,141.1,267.4,0.0,0.0,0.0,1221.7,0.0,0.0,1221.7,0.0,619,,ANAND,
Gujarat,Anand,IMD110-P617,2006,0.0,0.0,0.0,0.0,0.0,62.3,537.0,390.7,44.2,0.0,0.1,0.0,1034.3,0.0,0.0,1034.2,0.1,619,,ANAND,
Gujarat,Anand,IMD110-P617,2007,0.0,0.5,0.0,0.0,0.0,78.5,391.3,284.7,149.5,0.0,0.0,0.0,904.5,0.5,0.0,904.1,0.0,619,,ANAND,
Gujarat,Anand,IMD110-P617,2008,0.0,0.0,0.0,0.0,0.0,46.4,149.1,272.2,320.7,1.6,0.2,0.6,790.7,0.0,0.0,788.4,2.3,619,,ANAND,
Gujarat,Anand,IMD110-P617,2009,0.0,0.0,0.0,0.0,0.0,1.1,255.8,92.9,8.1,7.3,0.9,0.0,366.1,0.0,0.0,357.8,8.3,619,,ANAND,
Gujarat,Anand,IMD110-P617,2010,0.0,0.0,0.0,0.0,0.0,38.7,198.7,427.3,170.4,4.8,32.4,0.0,872.3,0.0,0.0,835.1,37.2,619,,ANAND,
Gujarat,Arvali,IMD110-P620,2004,,,,,,114.0,175.0,522.0,28.0,,,,,,,839.0,,620,missing_months,ARVALLI,
Gujarat,Arvali,IMD110-P620,2005,,,,,,73.0,591.0,91.0,295.0,,,,,,,1050.0,,620,missing_months,ARVALLI,
Gujarat,Arvali,IMD110-P620,2006,0.0,0.0,0.0,0.0,0.0,142.0,420.0,833.0,262.0,13.0,40.0,0.0,1710.0,0.0,0.0,1657.0,53.0,620,,ARVALLI,
Gujarat,Arvali,IMD110-P620,2007,0.0,0.0,0.0,0.0,,94.0,1146.0,389.0,108.0,0.0,0.0,,,0.0,,1737.0,,620,missing_months,ARVALLI,
Gujarat,Arvali,IMD110-P620,2008,0.0,0.0,0.0,0.0,0.0,23.0,216.0,399.0,118.0,3.0,0.0,0.0,759.0,0.0,0.0,756.0,3.0,620,,ARVALLI,
Gujarat,Arvali,IMD110-P620,2009,0.0,0.0,0.0,0.0,0.0,30.0,447.0,212.0,0.0,6.0,0.0,0.0,695.0,0.0,0.0,689.0,6.0,620,,ARVALLI,
Gujarat,Arvali,IMD110-P620,2010,0.0,0.0,0.0,0.0,0.0,33.0,272.0,359.0,224.0,0.0,15.0,2.0,905.0,0.0,0.0,888.0,17.0,620,,ARVALLI,
Gujarat,Banaskantha,IMD110-P621,1901,11.8,0.0,0.4,0.0,10.3,46.4,67.7,81.1,2.5,3.3,0.0,1.0,224.5,11.8,10.7,197.7,4.3,621,,BANASKANTHA,
Gujarat,Banaskantha,IMD110-P621,1902,0.0,0.0,0.0,1.4,1.2,11.8,31.8,152.3,189.2,1.4,0.0,0.0,389.1,0.0,2.6,385.0,1.4,621,,BANASKANTHA,
Gujarat,Banaskantha,IMD110-P621,1903,1.0,0.4,4.6,0.0,0.8,3.4,296.6,106.6,56.1,0.0,0.0,0.0,469.5,1.4,5.4,462.7,0.0,621,,BANASKANTHA,
Gujarat,Banaskantha,IMD110-P621,1904,3.8,0.4,8.1,0.0,0.0,4.0,133.0,15.4,20.6,0.0,0.6,0.0,185.9,4.3,8.1,172.9,0.6,621,,BANASKANTHA,
Gujarat,Banaskantha,IMD110-P621,1905,0.3,0.0,1.2,0.0,0.0,1.5,609.4,3.7,33.4,0.0,0.0,0.0,649.5,0.3,1.2,648.0,0.0,621,,BANASKANTHA,
Gujarat,Banaskantha,IMD110-P621,1906,0.0,29.7,0.0,0.0,0.0,58.1,190.6,164.5,169.0,7.3,0.0,2.4,621.6,29.7,0.0,582.2,9.7,621,,BANASKANTHA,
Gujarat,Banaskantha,IMD110-P621,1907,0.8,50.3,0.5,4.5,0.0,35.3,141.7,970.0,20.4,0.0,0.0,0.0,1223.5,51.1,5.0,1167.3,0.0,621,,BANASKANTHA,
Gujarat,Banaskantha,IMD110-P621,1908,4.6,0.2,0.0,0.0,0.0,7.1,658.2,417.8,2.1,0.1,0.0,0.0,1090.0,4.7,0.0,1085.2,0.1,621,,BANASKANTHA,
Gujarat,Banaskantha,IMD110-P621,1909,0.0,0.0,0.0,4.1,0.4,33.7,231.6,353.4,125.4,0.3,0.0,3.9,752.9,0.0,4.6,744.1,4.2,621,,BANASKANTHA,
Gujarat,Banaskantha,IMD110-P621,1910,0.0,0.0,0.0,0.0,0.0,184.4,149.8,239.4,1.4,0.0,0.0,0.0,575.0,0.0,0.0,575.0,0.0,621,,BANASKANTHA,
Gujarat,Banaskantha,IMD110-P621,1911,0.2,0.0,31.4,0.0,0.0,48.7,4.9,12.9,59.0,2.9,0.0,0.0,160.0,0.2,31.4,125.5,2.9,621,,BANASKANTHA,
Gujarat,Banaskantha,IMD110-P621,1912,0.0,0.0,0.0,0.0,0.0,86.9,251.6,187.2,32.0,20.9,6.0,0.0,584.6,0.0,0.0,557.7,26.9,621,,BANASKANTHA,
Gujarat,Banaskantha,IMD110-P621,1913,0.0,0.0,0.7,0.0,13.5,125.3,382.9,287.3,58.2,0.0,0.1,0.0,867.9,0.0,14.1,853.7,0.1,621,,BANASKANTHA,
Gujarat,Banaskantha,IMD110-P621,1914,0.0,3.4,0.0,0.0,3.3,76.3,325.2,139.0,92.8,0.9,13.5,0.0,654.5,3.4,3.3,633.3,14.5,621,,BANASKANTHA,
Gujarat,Banaskantha,IMD110-P621,1915,13.3,6.8,11.0,0.0,0.0,22.0,65.3,11.2,29.9,73.6,0.0,0.0,233.2,20.1,11.0,128.5,73.6,621,,BANASKANTHA,
Gujarat,Banaskantha,IMD110-P621,1916,0.0,0.0,0.0,0.0,3.4,62.2,88.4,407.0,140.4,3.4,0.0,0.0,704.8,0.0,3.4,698.0,3.4,621,,BANASKANTHA,
Gujarat,Banaskantha,IMD110-P621,1917,0.0,13.1,0.1,2.2,104.8,48.1,251.1,361.2,292.8,134.0,0.0,0.0,1207.5,13.1,107.1,953.3,134.0,621,,BANASKANTHA,
Gujarat,Banaskantha,IMD110-P621,1918,0.0,0.0,0.0,0.0,1.8,22.3,20.2,264.2,18.9,0.0,0.0,0.0,327.3,0.0,1.8,325.5,0.0,621,,BANASKANTHA,
Gujarat,Banaskantha,IMD110-P621,1919,6.5,0.4,0.0,5.2,0.3,26.5,286.2,553.1,29.2,0.0,20.4,0.0,927.9,7.0,5.4,895.0,20.4,621,,BANASKANTHA,
Gujarat,Banaskantha,IMD110-P621,1920,9.1,0.6,0.0,0.0,131.7,139.3,189.7,85.5,3.9,0.0,0.0,0.0,559.7,9.7,131.7,418.4,0.0,621,,BANASKANTHA,
Gujarat,Banaskantha,IMD110-P621,1921,0.0,0.0,0.0,0.0,0.0,3.6,543.6,141.4,214.1,0.2,0.0,0.3,903.1,0.0,0.0,902.7,0.4,621,,BANASKANTHA,
Gujarat,Banaskantha,IMD110-P621,1922,0.0,0.0,0.0,0.0,0.0,13.9,168.7,171.4,302.1,0.0,0.0,0.0,656.1,0.0,0.0,656.1,0.0,621,,BANASKANTHA,
Gujarat,Banaskantha,IMD110-P621,1923,0.0,4.5,0.0,9.7,1.7,0.0,91.7,89.6,0.7,1.1,0.0,0.0,198.9,4.5,11.3,182.0,1.1,621,,BANASKANTHA,
Gujarat,Banaskantha,IMD110-P621,1924,6.0,0.0,0.0,0.0,14.0,47.3,265.3,298.9,238.8,0.0,0.0,0.0,870.3,6.0,14.0,850.3,0.0,621,,BANASKANTHA,
Gujarat,Banaskantha,IMD110-P621,1925,0.0,0.0,0.0,0.0,1.9,228.3,103.6,37.6,0.0,0.0,0.3,0.0,371.6,0.0,1.9,369.4,0.3,621,,BANASKANTHA,
Gujarat,Banaskantha,IMD110-P621,1926,1.6,0.0,5.6,0.5,12.4,4.5,289.1,337.3,570.1,0.0,0.0,0.0,1221.1,1.6,18.5,1201.0,0.0,621,,BANASKANTHA,
Gujarat,Banaskantha,IMD110-P621,1927,0.0,11.4,0.0,0.0,0.3,36.0,755.3,242.3,29.7,5.8,0.0,29.1,1109.9,11.4,0.3,1063.3,34.9,621,,BANASKANTHA,
Gujarat,Banaskantha,IMD110-P621,1928,0.0,0.1,0.0,0.0,0.0,3.4,236.3,108.7,30.3,40.6,26.6,0.0,446.1,0.1,0.0,378.7,67.3,621,,BANASKANTHA,
Gujarat,Banaskantha,IMD110-P621,1929,5.3,0.0,0.0,3.9,2.8,37.9,209.1,184.0,0.0,0.0,0.0,7.4,450.4,5.3,6.7,431.0,7.4,621,,BANASKANTHA,
Gujarat,Banaskantha,IMD110-P621,1930,8.6,0.0,0.0,0.0,3.1,74.5,207.7,57.1,3.0,26.5,0.0,0.0,380.6,8.6,3.1,342.4,26.5,621,,BANASKANTHA,
Gujarat,Banaskantha,IMD110-P621,1931,0.0,0.9,0.0,0.0,2.3,11.1,83.9,617.7,20.6,66.4,0.0,0.0,802.9,0.9,2.3,733.3,66.4,621,,BANASKANTHA,
Gujarat,Banaskantha,IMD110-P621,1932,0.0,0.0,1.5,0.0,0.1,35.2,282.0,130.1,29.8,2.3,0.0,0.0,481.0,0.0,1.6,477.1,2.3,621,,BANASKANTHA,
Gujarat,Banaskantha,IMD110-P621,1933,0.0,0.0,0.0,8.8,58.5,45.5,190.1,506.1,148.5,2.5,0.9,0.0,961.1,0.0,67.3,890.3,3.5,621,,BANASKANTHA,
Gujarat,Banaskantha,IMD110-P621,1934,0.0,0.0,3.3,0.0,0.0,214.9,235.1,326.7,20.1,0.0,0.0,0.0,800.1,0.0,3.3,796.8,0.0,621,,BANASKANTHA,
Gujarat,Banaskantha,IMD110-P621,1935,13.0,0.0,0.0,2.9,0.1,7.4,272.4,42.3,114.6,18.4,0.0,0.0,471.2,13.0,3.0,436.8,18.4,621,,BANASKANTHA,
Gujarat,Banaskantha,IMD110-P621,1936,0.0,1.3,2.8,0.0,0.0,62.7,55.9,5.4,139.3,0.0,16.7,0.0,284.1,1.3,2.8,263.3,16.7,621,,BANASKANTHA,
Gujarat,Banaskantha,IMD110-P621,1937,0.0,3.4,0.0,0.0,0.0,89.4,669.5,4.2,275.4,0.0,0.0,23.9,1065.7,3.4,0.0,1038.4,23.9,621,,BANASKANTHA,
Gujarat,Banaskantha,IMD110-P621,1938,0.0,0.0,0.0,0.0,4.2,111.1,242.5,127.8,2.2,0.0,0.0,0.0,487.8,0.0,4.2,483.6,0.0,621,,BANASKANTHA,
Gujarat,Banaskantha,IMD110-P621,1939,0.0,5.0,2.0,0.0,0.0,28.6,76.7,159.9,50.1,0.0,0.0,0.0,322.3,5.0,2.0,315.3,0.0,621,,BANASKANTHA,
Gujarat,Banaskantha,IMD110-P621,1940,25.3,1.6,8.0,0.0,0.0,87.9,77.4,148.0,4.9,1.9,26.5,0.0,381.5,26.9,8.0,318.2,28.5,621,,BANASKANTHA,
Gujarat,Banaskantha,IMD110-P621,1941,0.0,51.8,0.0,0.0,0.8,10.4,428.0,194.4,13.3,0.0,0.0,1.9,700.6,51.8,0.8,646.1,1.9,622,,BANASKANTHA,
Gujarat,Banaskantha,IMD110-P621,1942,0.5,10.8,0.0,0.0,24.8,68.9,171.5,140.2,37.1,0.0,0.0,0.2,454.0,11.3,24.8,417.7,0.2,622,,BANASKANTHA,
Gujarat,Banaskantha,IMD110-P621,1943,0.0,0.0,0.0,0.0,3.8,71.4,542.4,48.0,55.6,0.0,0.2,0.0,721.4,0.0,3.8,717.4,0.2,622,,BANASKANTHA,
Gujarat,Banaskantha,IMD110-P621,1944,2.0,0.0,0.0,2.1,0.0,37.2,551.8,500.3,4.8,3.8,0.3,0.0,1102.3,2.0,2.1,1094.1,4.1,622,,BANASKANTHA,
Gujarat,Banaskantha,IMD110-P621,1945,9.7,0.0,0.0,7.4,0.0,131.4,351.1,138.9,13.1,0.0,0.0,0.0,651.5,9.7,7.4,634.4,0.0,622,,BANASKANTHA,
Gujarat,Banaskantha,IMD110-P621,1946,0.0,2.2,0.0,0.0,0.4,56.2,60.3,549.2,2.1,0.0,0.0,13.3,683.6,2.2,0.4,667.7,13.3,622,,BANASKANTHA,
Gujarat,Banaskantha,IMD110-P621,1947,0.0,0.0,0.0,2.3,0.0,0.0,75.6,173.0,99.4,0.0,0.0,0.0,350.3,0.0,2.3,348.0,0.0,622,,BANASKANTHA,
Gujarat,Banaskantha,IMD110-P621,1948,9.2,2.1,0.0,0.0,0.0,4.0,219.0,65.6,7.1,9.3,5.8,0.8,322.8,11.3,0.0,295.7,15.8,622,,BANASKANTHA,
Gujarat,Banaskantha,IMD110-P621,1949,0.0,0.0,0.0,0.0,0.0,58.7,122.0,145.8,35.5,0.0,0.0,0.0,362.0,0.0,0.0,362.0,0.0,622,,BANASKANTHA,
Gujarat,Banaskantha,IMD110-P621,1950,0.0,0.0,0.0,0.0,0.0,0.6,379.8,38.3,150.3,0.0,0.0,0.0,569.0,0.0,0.0,569.0,0.0,622,,BANASKANTHA,
Gujarat,Banaskantha,IMD110-P621,1951,0.0,0.0,0.0,0.0,0.0,16.2,151.2,95.5,0.0,0.0,5.2,0.0,268.1,0.0,0.0,262.9,5.2,622,,BANASKANTHA,
Gujarat,Banaskantha,IMD110-P621,1952,0.0,0.0,0.0,0.0,0.0,67.0,451.8,118.0,0.0,0.3,0.0,0.0,637.2,0.0,0.0,636.8,0.3,622,,BANASKANTHA,
Gujarat,Banaskantha,IMD110-P621,1953,15.3,0.0,0.0,0.0,0.0,52.0,117.9,286.2,39.4,0.0,0.0,3.0,513.8,15.3,0.0,495.5,3.0,622,,BANASKANTHA,
Gujarat,Banaskantha,IMD110-P621,1954,0.0,0.3,0.0,0.0,0.0,46.8,234.9,136.6,219.6,0.0,0.0,0.0,638.1,0.3,0.0,637.8,0.0,622,,BANASKANTHA,
Gujarat,Banaskantha,IMD110-P621,1955,0.0,0.3,0.2,0.0,0.0,29.7,15.5,232.6,277.3,2.2,0.0,0.0,557.9,0.3,0.2,555.2,2.2,622,,BANASKANTHA,
Gujarat,Banaskantha,IMD110-P621,1956,0.0,0.0,0.0,0.0,0.0,121.0,662.6,229.6,62.0,63.4,0.0,0.9,1139.3,0.0,0.0,1075.1,64.3,622,,BANASKANTHA,
Gujarat,Banaskantha,IMD110-P621,1957,6.8,0.0,0.8,0.1,0.0,71.3,67.4,243.2,0.3,2.5,4.8,0.0,397.2,6.8,0.9,382.2,7.3,622,,BANASKANTHA,
Gujarat,Banaskantha,IMD110-P621,1958,3.5,0.0,0.0,0.1,0.9,23.2,147.6,49.5,184.0,44.3,8.2,0.0,461.2,3.5,1.0,404.2,52.5,622,,BANASKANTHA,
Gujarat,Banaskantha,IMD110-P621,1959,0.0,0.0,0.0,0.1,0.7,35.1,446.5,229.8,316.5,39.3,2.9,0.0,1070.9,0.0,0.9,1027.8,42.2,622,,BANASKANTHA,
Gujarat,Banaskantha,IMD110-P621,1960,0.2,0.0,0.6,0.0,0.8,53.9,169.5,159.5,5.7,0.0,0.0,0.2,390.5,0.2,1.5,388.6,0.2,622,,BANASKANTHA,
Gujarat,Banaskantha,IMD110-P621,1961,0.0,0.0,0.0,0.0,0.0,49.5,260.8,78.6,406.0,4.4,0.0,0.0,799.2,0.0,0.0,794.8,4.4,622,,BANASKANTHA,
Gujarat,Banaskantha,IMD110-P621,1962,0.0,0.0,1.7,0.0,0.0,12.8,177.1,128.3,80.6,0.0,0.0,0.0,400.5,0.0,1.7,398.8,0.0,622,,BANASKANTHA,
Gujarat,Banaskantha,IMD110-P621,1963,0.0,0.0,0.0,0.0,0.0,8.7,106.0,161.6,184.9,10.6,27.5,0.6,500.0,0.0,0.0,461.2,38.7,622,,BANASKANTHA,
Gujarat,Banaskantha,IMD110-P621,1964,0.0,0.0,0.0,0.0,0.0,31.3,170.9,250.0,17.1,0.0,0.0,0.0,469.3,0.0,0.0,469.3,0.0,622,,BANASKANTHA,
Gujarat,Banaskantha,IMD110-P621,1965,9.9,0.0,2.6,0.0,4.1,0.0,340.0,93.7,15.1,0.0,0.0,0.0,465.4,9.9,6.7,448.8,0.0,622,,BANASKANTHA,
Gujarat,Banaskantha,IMD110-P621,1966,0.0,0.0,0.0,0.0,0.0,67.5,184.8,17.1,130.2,0.0,0.0,0.0,399.6,0.0,0.0,399.6,0.0,622,,BANASKANTHA,
Gujarat,Banaskantha,IMD110-P621,1967,0.0,0.0,79.9,0.0,0.0,43.0,304.2,171.8,82.6,1.9,0.0,11.0,694.4,0.0,79.9,601.5,12.9,622,,BANASKANTHA,
Gujarat,Banaskantha,IMD110-P621,1968,0.9,0.0,0.8,0.0,0.0,0.0,180.3,97.7,3.0,1.2,0.0,0.0,283.9,0.9,0.8,281.0,1.2,622,,BANASKANTHA,
Gujarat,Banaskantha,IMD110-P621,1969,0.0,0.0,0.0,0.0,0.0,31.8,140.3,63.7,20.8,0.0,8.4,0.0,264.9,0.0,0.0,256.5,8.4,622,,BANASKANTHA,
Gujarat,Banaskantha,IMD110-P621,1970,0.0,3.9,0.3,0.0,8.6,111.4,124.0,304.6,189.5,5.5,0.0,0.0,747.7,3.9,8.9,729.5,5.5,622,,BANASKANTHA,
Gujarat,Banaskantha,IMD110-P621,1971,0.1,0.5,0.0,0.9,0.4,64.3,194.1,70.4,28.7,0.1,0.0,0.0,359.5,0.6,1.3,357.5,0.1,622,,BANASKANTHA,
Gujarat,Banaskantha,IMD110-P621,1972,0.0,0.4,0.0,0.0,0.6,68.1,139.4,96.3,0.4,0.0,0.0,0.0,305.2,0.4,0.6,304.3,0.0,622,,BANASKANTHA,
Gujarat,Banaskantha,IMD110-P621,1973,0.0,0.0,0.0,0.0,1.5,82.4,163.7,295.4,229.2,3.1,0.0,0.0,775.2,0.0,1.5,770.6,3.1,622,,BANASKANTHA,
Gujarat,Banaskantha,IMD110-P621,1974,0.0,0.0,0.0,0.0,23.0,6.0,31.0,47.8,27.8,12.0,0.0,10.7,158.5,0.0,23.0,112.7,22.7,622,,BANASKANTHA,
Gujarat,Banaskantha,IMD110-P621,1975,0.0,0.0,1.0,0.0,0.0,70.1,259.4,370.9,264.8,101.6,0.0,0.0,1067.9,0.0,1.0,965.3,101.6,622,,BANASKANTHA,
Gujarat,Banaskantha,IMD110-P621,1976,5.9,0.0,0.0,0.0,0.0,50.7,221.9,325.9,96.5,0.0,17.2,0.0,718.1,5.9,0.0,695.0,17.2,622,,BANASKANTHA,
Gujarat,Banaskantha,IMD110-P621,1977,15.7,0.2,0.0,0.5,12.9,252.1,652.8,109.2,102.8,0.0,0.0,0.0,1146.1,15.8,13.4,1116.9,0.0,622,,BANASKANTHA,
Gujarat,Banaskantha,IMD110-P621,1978,0.0,3.6,0.0,0.0,0.0,38.4,262.1,170.6,26.2,1.6,32.8,0.7,535.9,3.6,0.0,497.2,35.1,622,,BANASKANTHA,
Gujarat,Banaskantha,IMD110-P621,1979,0.0,11.5,0.0,0.0,0.6,32.0,50.2,216.9,8.1,15.3,72.6,0.0,407.3,11.5,0.6,307.2,87.9,622,,BANASKANTHA,
Gujarat,Banaskantha,IMD110-P621,1980,0.0,0.0,0.0,0.0,0.0,245.1,122.9,64.0,0.2,0.0,0.0,10.9,443.1,0.0,0.0,432.2,10.9,622,,BANASKANTHA,
Gujarat,Banaskantha,IMD110-P621,1981,1.1,0.0,1.7,0.0,0.8,16.0,134.8,218.9,79.4,3.0,72.0,0.0,527.6,1.1,2.5,449.1,74.9,622,,BANASKANTHA,
Gujarat,Banaskantha,IMD110-P621,1982,0.0,0.0,0.0,6.0,66.2,8.9,167.1,122.3,13.5,0.6,52.4,0.0,437.0,0.0,72.2,311.8,53.0,623,,BANASKANTHA,
Gujarat,Banaskantha,IMD110-P621,1983,0.0,0.0,0.0,28.3,6.1,30.7,166.8,243.0,50.3,45.5,0.0,0.0,570.7,0.0,34.4,490.8,45.5,623,,BANASKANTHA,
Gujarat,Banaskantha,IMD110-P621,1984,0.0,0.0,0.0,0.0,0.0,41.1,114.0,406.6,65.7,0.0,0.0,0.0,627.5,0.0,0.0,627.5,0.0,623,,BANASKANTHA,
Gujarat,Banaskantha,IMD110-P621,1985,0.0,0.0,0.0,0.0,10.5,3.5,95.9,126.9,0.5,18.1,0.0,1.7,257.1,0.0,10.5,226.8,19.8,623,,BANASKANTHA,
Gujarat,Banaskantha,IMD110-P621,1986,0.0,0.0,0.5,0.0,8.4,31.8,94.6,88.9,1.0,0.0,0.0,0.0,225.1,0.0,8.9,216.2,0.0,623,,BANASKANTHA,
Gujarat,Banaskantha,IMD110-P621,1987,0.0,1.4,0.0,0.0,0.1,12.3,9.9,29.5,1.0,0.3,0.0,11.7,66.3,1.4,0.1,52.8,12.0,623,,BANASKANTHA,
Gujarat,Banaskantha,IMD110-P621,1988,0.0,0.0,0.0,1.5,0.0,13.8,307.7,231.5,45.4,4.3,0.0,0.0,604.2,0.0,1.5,598.4,4.3,623,,BANASKANTHA,
Gujarat,Banaskantha,IMD110-P621,1989,3.0,0.0,0.0,0.0,0.0,31.7,196.6,263.4,18.5,0.0,0.0,0.1,513.2,3.0,0.0,510.2,0.1,623,,BANASKANTHA,
Gujarat,Banaskantha,IMD110-P621,1990,0.0,10.8,1.5,0.0,5.6,25.9,245.9,416.9,106.4,16.7,0.0,0.0,829.8,10.8,7.1,795.1,16.7,623,,BANASKANTHA,
Gujarat,Banaskantha,IMD110-P621,1991,0.0,0.0,0.0,0.0,0.0,14.0,286.8,23.7,76.1,0.0,2.1,0.0,402.7,0.0,0.0,400.5,2.1,623,,BANASKANTHA,
Gujarat,Banaskantha,IMD110-P621,1992,3.1,0.0,0.0,0.0,0.4,12.4,362.1,118.6,314.9,1.2,0.3,0.0,812.9,3.1,0.4,808.0,1.4,623,,BANASKANTHA,
Gujarat,Banaskantha,IMD110-P621,1993,0.0,6.9,0.0,0.0,0.0,40.7,571.5,0.8,29.9,3.5,3.6,0.0,656.9,6.9,0.0,642.9,7.1,623,,BANASKANTHA,
Gujarat,Banaskantha,IMD110-P621,1994,7.2,0.0,0.0,0.0,0.0,78.7,249.6,440.7,256.9,0.0,0.0,0.0,1033.2,7.3,0.0,1025.9,0.0,623,,BANASKANTHA,
Gujarat,Banaskantha,IMD110-P621,1995,1.1,0.0,0.6,0.0,0.0,16.3,246.9,124.6,31.6,10.2,0.0,1.6,432.7,1.1,0.6,419.3,11.8,623,,BANASKANTHA,
Gujarat,Banaskantha,IMD110-P621,1996,2.5,0.0,0.0,0.0,0.0,136.7,158.6,77.5,36.5,2.6,0.0,0.0,414.5,2.5,0.0,409.3,2.6,623,,BANASKANTHA,
Gujarat,Banaskantha,IMD110-P621,1997,0.1,0.0,0.0,3.2,2.3,257.1,152.3,173.3,160.5,25.2,0.0,0.0,774.0,0.1,5.5,743.2,25.2,623,,BANASKANTHA,
Gujarat,Banaskantha,IMD110-P621,1998,0.0,0.0,0.0,0.0,0.0,108.7,97.0,82.8,183.3,183.0,0.3,0.0,655.1,0.0,0.0,471.8,183.2,623,,BANASKANTHA,
Gujarat,Banaskantha,IMD110-P621,1999,0.0,4.3,0.0,0.0,2.0,64.1,80.2,55.2,19.9,56.5,0.0,0.0,282.2,4.3,2.0,219.4,56.5,623,,BANASKANTHA,
Gujarat,Banaskantha,IMD110-P621,2000,0.0,0.2,0.0,0.0,0.0,1.3,269.8,146.5,0.9,0.0,0.0,0.5,419.2,0.2,0.0,418.5,0.5,623,,BANASKANTHA,
Gujarat,Banaskantha,IMD110-P621,2001,0.0,0.0,0.0,0.2,6.1,95.2,303.6,114.0,0.6,46.0,0.0,0.0,565.7,0.0,6.3,513.3,46.0,623,,BANASKANTHA,
Gujarat,Banaskantha,IMD110-P621,2002,0.0,0.0,0.0,0.0,0.0,106.6,9.7,53.9,33.1,0.0,0.2,0.8,204.3,0.0,0.0,203.3,1.0,623,,BANASKANTHA,
Gujarat,Banaskantha,IMD110-P621,2003,0.1,23.1,0.0,0.0,0.0,104.7,476.5,161.1,36.4,1.1,0.0,0.0,803.0,23.2,0.0,778.7,1.1,623,,BANASKANTHA,
Gujarat,Banaskantha,IMD110-P621,2004,0.0,0.0,0.0,0.0,9.0,103.5,27.1,198.3,31.2,24.1,0.0,0.0,393.3,0.0,9.0,360.1,24.1,623,,BANASKANTHA,
Gujarat,Banaskantha,IMD110-P621,2005,0.0,0.0,0.0,0.0,1.2,91.3,182.7,159.4,323.6,0.0,0.0,0.0,758.2,0.0,1.2,757.0,0.0,623,,BANASKANTHA,
Gujarat,Banaskantha,IMD110-P621,2006,0.0,0.0,0.6,0.0,0.0,68.2,257.6,773.3,164.8,0.1,1.6,0.0,1266.3,0.0,0.6,1264.0,1.7,623,,BANASKANTHA,
Gujarat,Banaskantha,IMD110-P621,2007,0.0,0.8,0.2,0.0,0.0,41.5,491.2,233.8,69.4,0.0,0.0,0.0,836.8,0.8,0.2,835.9,0.0,623,,BANASKANTHA,
Gujarat,Banaskantha,IMD110-P621,2008,0.0,0.1,0.0,6.6,0.7,28.4,101.9,286.8,102.3,0.6,0.0,2.6,530.1,0.1,7.3,519.5,3.3,623,,BANASKANTHA,
Gujarat,Banaskantha,IMD110-P621,2009,0.0,0.0,0.2,0.0,0.0,9.3,282.8,83.9,4.7,0.0,0.0,0.0,380.9,0.0,0.2,380.7,0.0,623,,BANASKANTHA,
Gujarat,Banaskantha,IMD110-P621,2010,0.9,0.0,0.0,0.0,0.0,38.5,360.0,351.8,125.0,0.0,74.3,0.1,950.7,0.9,0.0,875.4,74.4,623,,BANASKANTHA,
Gujarat,Baroda,IMD110-P624,1901,6.9,0.0,0.0,0.0,0.0,17.6,259.6,558.1,30.4,13.0,0.0,0.0,885.6,6.9,0.0,865.7,13.0,624,,BARODA,
Gujarat,Baroda,IMD110-P624,1902,5.8,0.0,0.0,1.3,0.0,82.8,192.6,347.4,325.3,2.3,0.0,8.3,965.8,5.8,1.3,948.1,10.6,624,,BARODA,
Gujarat,Baroda,IMD110-P624,1903,0.0,0.0,0.0,0.0,33.8,113.1,335.7,297.5,249.9,31.1,0.0,0.0,1061.1,0.0,33.8,996.2,31.1,624,,BARODA,
Gujarat,Baroda,IMD110-P624,1904,0.0,22.1,38.3,0.0,15.7,68.4,227.5,131.5,294.6,0.0,0.0,4.3,802.4,22.1,54.0,722.0,4.3,624,,BARODA,
Gujarat,Baroda,IMD110-P624,1905,0.0,0.0,0.0,0.0,0.0,11.9,779.7,62.3,185.4,0.0,0.0,0.0,1039.3,0.0,0.0,1039.3,0.0,624,,BARODA,
Gujarat,Baroda,IMD110-P624,1906,0.0,11.2,0.0,0.0,0.0,189.1,251.8,448.1,203.4,2.1,0.0,0.0,1105.7,11.2,0.0,1092.4,2.1,624,,BARODA,
Gujarat,Baroda,IMD110-P624,1907,0.0,5.1,0.0,1.3,0.0,69.6,215.9,312.4,46.8,0.0,0.0,0.0,651.1,5.1,1.3,644.7,0.0,624,,BARODA,
Gujarat,Baroda,IMD110-P624,1908,10.2,3.6,0.3,0.0,0.0,131.6,606.4,373.5,20.9,0.0,0.0,0.0,1146.5,13.8,0.3,1132.4,0.0,624,,BARODA,
Gujarat,Baroda,IMD110-P624,1909,0.0,0.0,0.0,0.8,10.7,95.1,479.8,177.7,143.1,0.0,0.0,5.1,912.3,0.0,11.5,895.7,5.1,624,,BARODA,
Gujarat,Baroda,IMD110-P624,1910,1.0,0.0,0.0,0.0,0.0,291.7,559.2,603.6,89.0,60.1,89.7,0.0,1694.3,1.0,0.0,1543.5,149.8,624,,BARODA,
Gujarat,Baroda,IMD110-P624,1911,19.8,0.8,2.3,0.0,0.0,149.5,130.6,78.2,69.3,0.0,14.0,0.0,464.5,20.6,2.3,427.6,14.0,624,,BARODA,
Gujarat,Baroda,IMD110-P624,1912,0.0,0.0,0.0,0.0,0.0,139.9,807.9,372.1,21.9,0.0,56.4,0.0,1398.2,0.0,0.0,1341.8,56.4,624,,BARODA,
Gujarat,Baroda,IMD110-P624,1913,0.0,0.0,0.0,0.0,64.3,287.2,615.8,244.7,173.4,0.0,0.0,0.0,1385.4,0.0,64.3,1321.1,0.0,624,,BARODA,
Gujarat,Baroda,IMD110-P624,1914,0.0,7.7,0.0,0.0,0.0,253.6,539.3,193.3,275.9,7.9,0.0,0.0,1277.7,7.7,0.0,1262.1,7.9,624,,BARODA,
Gujarat,Baroda,IMD110-P624,1915,8.6,0.0,47.0,0.0,18.8,186.5,151.3,317.6,77.2,224.4,22.4,0.0,1053.8,8.6,65.8,732.6,246.8,624,,BARODA,
Gujarat,Baroda,IMD110-P624,1916,0.0,0.0,0.0,0.0,45.2,228.8,115.9,606.6,207.3,31.5,33.3,0.0,1268.6,0.0,45.2,1158.6,64.8,624,,BARODA,
Gujarat,Baroda,IMD110-P624,1917,0.0,0.0,0.0,0.0,33.7,161.9,301.2,619.2,519.6,217.6,0.0,0.0,1853.2,0.0,33.7,1601.9,217.6,624,,BARODA,
Gujarat,Baroda,IMD110-P624,1918,,0.0,,,,,,,,,,,,,,,,624,missing_months,BARODA,
Gujarat,Baroda,IMD110-P624,1919,0.0,0.0,0.0,0.0,1.3,179.2,390.3,596.8,150.7,39.8,10.7,0.0,1368.8,0.0,1.3,1317.0,50.5,624,,BARODA,
Gujarat,Baroda,IMD110-P624,1921,3.6,0.0,0.0,0.0,0.0,70.1,467.1,236.3,599.4,0.0,0.0,0.0,1376.5,3.6,0.0,1372.9,0.0,624,,BARODA,
Gujarat,Baroda,IMD110-P624,1922,6.1,0.0,0.0,0.0,0.0,76.4,366.0,123.7,408.1,2.1,10.7,0.0,993.1,6.1,0.0,974.2,12.8,624,,BARODA,
Gujarat,Baroda,IMD110-P624,1923,0.0,0.8,8.4,0.0,0.0,1.5,346.3,172.6,118.9,0.0,0.0,0.0,648.5,0.8,8.4,639.3,0.0,624,,BARODA,
Gujarat,Baroda,IMD110-P624,1924,0.0,0.0,3.8,0.3,0.0,137.5,232.6,292.1,160.7,41.0,0.0,0.9,868.9,0.0,4.1,822.9,41.9,624,,BARODA,
Gujarat,Baroda,IMD110-P624,1925,0.0,0.0,0.0,0.0,16.3,325.6,234.4,80.1,4.4,0.0,2.0,1.3,664.2,0.0,16.3,644.6,3.3,624,,BARODA,
Gujarat,Baroda,IMD110-P624,1926,8.1,0.0,0.0,8.9,2.5,6.0,267.9,480.9,324.3,0.0,0.0,0.0,1098.6,8.1,11.4,1079.0,0.0,624,,BARODA,
Gujarat,Baroda,IMD110-P624,1927,0.0,1.5,0.0,0.0,0.3,197.6,1067.3,141.3,103.9,27.2,25.6,4.5,1569.2,1.5,0.3,1510.1,57.3,624,,BARODA,
Gujarat,Baroda,IMD110-P624,1928,0.0,0.3,0.0,0.0,0.0,83.4,288.9,289.5,115.0,23.8,6.3,5.7,812.8,0.3,0.0,776.8,35.8,624,,BARODA,
Gujarat,Baroda,IMD110-P624,1929,0.0,0.0,0.0,2.8,1.8,196.9,280.9,99.9,13.5,7.9,11.4,19.8,634.7,0.0,4.6,591.1,39.0,624,,BARODA,
Gujarat,Baroda,IMD110-P624,1930,0.0,0.0,4.0,0.3,1.5,147.8,425.0,158.4,176.7,102.8,0.0,0.0,1016.4,0.0,5.8,907.8,102.8,624,,BARODA,
Gujarat,Baroda,IMD110-P624,1931,0.0,0.0,0.0,0.0,0.9,40.8,344.6,594.2,117.0,116.8,2.0,3.9,1220.3,0.0,0.9,1096.6,122.8,624,,BARODA,
Gujarat,Baroda,IMD110-P624,1932,0.0,0.0,0.4,0.8,0.0,39.2,521.6,139.0,240.6,42.4,0.0,0.0,984.0,0.0,1.2,940.3,42.4,624,,BARODA,
Gujarat,Baroda,IMD110-P624,1933,0.0,15.0,2.0,0.0,38.2,150.7,291.8,507.1,234.0,3.0,0.6,2.8,1245.3,15.0,40.2,1183.6,6.4,624,,BARODA,
Gujarat,Baroda,IMD110-P624,1934,0.0,0.0,0.0,0.0,0.0,204.2,228.4,365.0,98.3,0.0,29.8,0.0,925.7,0.0,0.0,895.9,29.8,624,,BARODA,
Gujarat,Baroda,IMD110-P624,1935,5.3,0.0,0.0,0.0,0.0,87.8,445.9,162.3,198.3,8.3,0.0,0.0,908.0,5.3,0.0,894.4,8.3,624,,BARODA,
Gujarat,Baroda,IMD110-P624,1936,0.0,0.4,0.4,0.0,0.0,247.9,110.0,33.8,226.2,2.2,56.1,0.0,677.0,0.4,0.4,617.8,58.3,624,,BARODA,
Gujarat,Baroda,IMD110-P624,1937,0.0,4.4,0.9,0.6,0.0,172.8,537.3,24.8,316.7,9.3,0.0,0.4,1067.3,4.4,1.5,1051.7,9.6,624,,BARODA,
Gujarat,Baroda,IMD110-P624,1938,0.0,0.0,0.0,0.0,22.3,252.8,368.8,82.9,14.9,46.8,0.0,0.0,788.4,0.0,22.3,719.3,46.8,624,,BARODA,
Gujarat,Baroda,IMD110-P624,1939,0.0,0.0,0.8,0.0,0.0,26.2,199.3,235.2,83.8,5.8,3.4,0.3,554.8,0.0,0.8,544.4,9.6,624,,BARODA,
Gujarat,Baroda,IMD110-P624,1940,6.1,1.3,3.3,0.8,2.7,195.8,213.0,242.9,88.7,161.1,30.1,0.0,946.1,7.5,6.8,740.5,191.3,624,,BARODA,
Gujarat,Baroda,IMD110-P624,1941,1.2,0.4,0.0,0.6,0.0,22.1,629.1,201.4,48.1,10.1,0.0,0.0,913.0,1.7,0.6,900.7,10.1,624,,BARODA,
Gujarat,Baroda,IMD110-P624,1942,2.7,6.8,0.0,0.0,4.4,121.5,484.2,429.5,115.3,0.0,0.0,0.0,1164.6,9.6,4.4,1150.6,0.0,625,,BARODA,
Gujarat,Baroda,IMD110-P624,1943,0.0,0.0,0.0,0.0,10.8,136.3,380.0,86.9,214.8,56.6,0.0,0.0,885.5,0.0,10.8,818.1,56.6,625,,BARODA,
Gujarat,Baroda,IMD110-P624,1944,4.9,0.0,1.0,0.0,21.1,89.4,618.1,472.3,98.7,19.1,0.0,0.0,1324.6,4.9,22.1,1278.5,19.1,625,,BARODA,
Gujarat,Baroda,IMD110-P624,1945,6.5,0.0,0.0,0.0,0.0,213.3,574.3,257.1,524.7,3.3,0.0,0.0,1579.3,6.5,0.0,1569.5,3.3,625,,BARODA,
Gujarat,Baroda,IMD110-P624,1946,0.0,5.9,0.0,0.9,3.0,243.0,334.7,361.7,59.6,0.1,40.6,10.0,1059.4,5.9,3.9,999.0,50.7,625,,BARODA,
Gujarat,Baroda,IMD110-P624,1947,2.2,0.0,0.0,60.3,0.0,5.2,255.1,272.4,346.8,12.3,0.0,0.0,954.3,2.2,60.3,879.5,12.3,625,,BARODA,
Gujarat,Baroda,IMD110-P624,1948,4.1,0.0,0.0,0.0,0.0,42.3,161.1,111.0,73.3,18.2,21.4,0.0,431.4,4.1,0.0,387.6,39.6,625,,BARODA,
Gujarat,Baroda,IMD110-P624,1949,0.0,1.5,0.0,0.0,5.9,13.8,330.4,218.4,369.8,24.8,0.0,0.0,964.6,1.5,5.9,932.3,24.8,625,,BARODA,
Gujarat,Baroda,IMD110-P624,1950,0.0,0.0,0.0,0.0,0.0,2.4,970.0,80.1,313.6,0.0,0.0,0.0,1366.1,0.0,0.0,1366.1,0.0,625,,BARODA,
Gujarat,Baroda,IMD110-P624,1951,0.0,0.0,0.9,0.0,0.0,58.5,215.8,234.7,0.6,3.5,6.6,0.0,520.5,0.0,0.9,509.5,10.1,625,,BARODA,
Gujarat,Baroda,IMD110-P624,1952,0.0,0.0,0.0,0.0,0.0,114.4,533.5,171.2,12.6,0.0,0.0,0.0,831.8,0.0,0.0,831.8,0.0,625,,BARODA,
Gujarat,Baroda,IMD110-P624,1953,10.5,0.0,0.0,0.0,0.0,143.4,198.2,609.5,115.5,2.9,0.0,0.0,1080.0,10.5,0.0,1066.6,2.9,625,,BARODA,
Gujarat,Baroda,IMD110-P624,1954,0.0,6.2,3.8,0.0,0.0,136.8,372.7,205.7,548.6,94.6,0.0,0.0,1368.3,6.2,3.8,1263.8,94.6,625,,BARODA,
Gujarat,Baroda,IMD110-P624,1955,0.0,0.0,0.0,0.0,1.9,127.8,109.7,537.9,271.9,57.7,0.0,0.0,1106.8,0.0,1.9,1047.2,57.7,625,,BARODA,
Gujarat,Baroda,IMD110-P624,1956,0.0,0.0,0.0,0.2,40.0,58.5,614.6,453.2,111.4,130.7,0.1,4.8,1413.6,0.0,40.2,1237.7,135.7,625,,BARODA,
Gujarat,Baroda,IMD110-P624,1957,0.0,0.0,0.0,0.0,15.8,192.2,329.1,162.9,19.2,3.3,7.2,0.0,729.7,0.0,15.8,703.4,10.4,625,,BARODA,
Gujarat,Baroda,IMD110-P624,1958,0.1,0.0,0.0,1.3,0.6,165.8,354.8,287.9,374.0,99.4,17.5,0.4,1301.7,0.1,1.9,1182.4,117.3,625,,BARODA,
Gujarat,Baroda,IMD110-P624,1959,0.0,0.0,0.0,0.2,0.0,127.3,641.5,377.6,431.4,89.9,3.0,0.8,1671.7,0.0,0.2,1577.7,93.7,625,,BARODA,
Gujarat,Baroda,IMD110-P624,1960,0.4,0.0,0.0,0.0,1.9,135.2,167.4,198.3,107.0,10.7,0.0,0.0,620.7,0.4,1.9,607.8,10.7,625,,BARODA,
Gujarat,Baroda,IMD110-P624,1961,0.0,2.2,0.0,0.0,1.8,171.6,326.0,196.8,222.4,3.5,0.0,0.0,924.4,2.2,1.8,916.9,3.5,625,,BARODA,
Gujarat,Baroda,IMD110-P624,1962,0.0,0.0,2.3,1.9,0.8,34.3,344.2,192.0,290.0,0.0,31.3,1.0,897.8,0.0,5.0,860.5,32.3,625,,BARODA,
Gujarat,Baroda,IMD110-P624,1963,6.8,0.0,0.0,0.0,1.9,51.7,250.6,399.6,169.1,50.9,33.8,0.0,964.2,6.8,1.9,870.9,84.7,625,,BARODA,
Gujarat,Baroda,IMD110-P624,1964,0.0,0.0,0.0,0.0,6.8,103.4,376.4,274.8,115.3,0.0,0.0,0.0,876.5,0.0,6.8,869.8,0.0,625,,BARODA,
Gujarat,Baroda,IMD110-P624,1965,4.2,0.0,0.0,0.0,0.0,0.0,444.4,198.6,23.2,0.0,2.9,0.0,673.3,4.2,0.0,666.2,2.9,625,,BARODA,
Gujarat,Baroda,IMD110-P624,1966,0.0,0.0,0.0,0.0,3.2,121.5,292.2,98.3,201.8,0.0,0.0,0.0,717.0,0.0,3.2,713.8,0.0,625,,BARODA,
Gujarat,Baroda,IMD110-P624,1967,0.0,0.0,26.5,0.2,0.0,162.5,464.5,272.9,118.7,0.0,0.0,21.6,1066.8,0.0,26.7,1018.5,21.6,625,,BARODA,
Gujarat,Baroda,IMD110-P624,1968,0.0,0.0,1.7,0.0,0.6,6.6,286.6,292.6,70.9,7.9,0.0,0.0,666.9,0.0,2.3,656.6,7.9,625,,BARODA,
Gujarat,Baroda,IMD110-P624,1969,0.0,0.0,0.0,0.0,0.0,162.3,385.9,228.5,413.6,0.0,11.7,19.0,1220.9,0.0,0.0,1190.3,30.6,625,,BARODA,
Gujarat,Baroda,IMD110-P624,1970,0.0,0.1,0.0,0.7,5.2,281.8,289.5,533.1,405.3,7.1,0.0,0.0,1522.9,0.1,5.9,1509.8,7.1,625,,BARODA,
Gujarat,Baroda,IMD110-P624,1971,0.0,0.0,0.0,0.0,21.0,167.4,331.0,202.8,156.5,4.0,0.0,0.0,882.7,0.0,21.0,857.6,4.0,625,,BARODA,
Gujarat,Baroda,IMD110-P624,1972,0.0,0.1,0.0,0.0,0.2,54.0,305.1,179.1,19.9,0.2,0.0,0.0,558.7,0.1,0.2,558.1,0.2,625,,BARODA,
Gujarat,Baroda,IMD110-P624,1973,0.0,0.0,0.0,0.0,1.3,111.6,276.1,419.0,440.5,13.0,0.0,0.0,1261.5,0.0,1.3,1247.2,13.0,625,,BARODA,
Gujarat,Baroda,IMD110-P624,1974,0.0,0.0,0.0,0.0,58.6,34.7,150.4,87.8,78.8,47.3,0.0,0.0,457.7,0.0,58.6,351.8,47.3,625,,BARODA,
Gujarat,Baroda,IMD110-P624,1975,0.0,0.0,0.0,0.0,0.0,147.7,166.5,487.4,206.2,48.2,0.0,0.0,1056.0,0.0,0.0,1007.8,48.2,625,,BARODA,
Gujarat,Baroda,IMD110-P624,1976,0.1,0.0,0.0,0.0,0.0,527.2,557.0,526.8,181.9,0.1,117.3,0.0,1910.5,0.1,0.0,1793.0,117.4,625,,BARODA,
Gujarat,Baroda,IMD110-P624,1977,0.0,0.0,0.0,1.0,5.6,307.2,543.1,276.5,183.3,0.0,15.2,0.0,1332.0,0.0,6.6,1310.2,15.2,625,,BARODA,
Gujarat,Baroda,IMD110-P624,1978,0.0,0.1,0.0,4.7,1.7,143.6,268.6,647.0,76.6,5.0,21.2,18.9,1187.4,0.1,6.4,1135.8,45.1,625,,BARODA,
Gujarat,Baroda,IMD110-P624,1979,0.0,0.6,0.0,0.0,0.0,134.2,192.2,357.0,52.1,2.0,148.0,0.0,886.1,0.6,0.0,735.5,150.0,625,,BARODA,
Gujarat,Baroda,IMD110-P624,1980,0.0,0.0,0.0,0.0,0.0,198.7,257.2,334.1,15.0,0.0,1.7,13.0,819.7,0.0,0.0,805.0,14.7,625,,BARODA,
Gujarat,Baroda,IMD110-P624,1981,3.9,0.0,0.0,0.1,0.1,153.2,409.2,511.2,73.7,24.4,15.1,0.0,1190.9,3.9,0.2,1147.3,39.5,625,,BARODA,
Gujarat,Baroda,IMD110-P624,1982,0.0,0.0,0.0,0.4,10.5,29.1,174.2,332.0,13.7,3.1,123.3,0.0,686.4,0.0,10.9,549.0,126.4,625,,BARODA,
Gujarat,Baroda,IMD110-P624,1983,0.0,0.0,0.0,5.7,5.1,151.5,404.5,395.1,191.5,84.8,0.0,0.0,1238.1,0.0,10.7,1142.6,84.8,626,,BARODA,
Gujarat,Baroda,IMD110-P624,1984,0.0,0.0,0.0,0.0,0.3,62.4,222.2,415.0,87.3,5.0,0.0,0.0,792.2,0.0,0.3,786.8,5.0,626,,BARODA,
Gujarat,Baroda,IMD110-P624,1985,0.0,0.0,0.0,2.5,0.0,19.7,275.7,127.3,27.6,174.9,0.0,0.0,627.7,0.0,2.5,450.3,174.9,626,,BARODA,
Gujarat,Baroda,IMD110-P624,1986,0.0,0.0,0.0,0.0,0.0,200.8,95.8,100.7,7.0,10.8,0.0,0.0,415.1,0.0,0.0,404.4,10.8,626,,BARODA,
Gujarat,Baroda,IMD110-P624,1987,0.0,0.0,0.0,0.0,1.0,66.8,123.3,189.2,7.1,0.3,12.2,9.2,409.1,0.0,1.0,386.4,21.7,626,,BARODA,
Gujarat,Baroda,IMD110-P624,1988,0.0,0.0,0.0,0.0,0.0,81.5,494.5,239.1,241.8,3.9,0.0,0.0,1060.8,0.0,0.0,1056.8,3.9,626,,BARODA,
Gujarat,Baroda,IMD110-P624,1989,0.1,0.0,0.0,0.0,0.0,142.7,296.0,365.0,46.1,0.0,0.0,0.0,849.9,0.1,0.0,849.7,0.0,626,,BARODA,
Gujarat,Baroda,IMD110-P624,1990,0.0,0.0,0.0,0.0,43.6,70.8,218.8,610.3,292.4,7.0,25.7,0.0,1268.7,0.0,43.6,1192.4,32.7,626,,BARODA,
Gujarat,Baroda,IMD110-P624,1991,0.0,0.0,0.0,0.0,0.0,32.5,436.5,,,0.0,0.0,0.0,,0.0,0.0,,0.0,626,missing_months,BARODA,
Gujarat,Baroda,IMD110-P624,1992,0.0,0.0,0.0,0.0,0.1,91.2,165.6,259.0,170.1,28.9,0.0,0.0,714.9,0.0,0.1,685.9,28.9,626,,BARODA,
Gujarat,Baroda,IMD110-P624,1993,0.0,0.0,0.0,0.0,0.0,111.5,543.1,68.0,115.3,19.5,0.4,0.0,857.8,0.0,0.0,837.8,19.9,626,,BARODA,
Gujarat,Baroda,IMD110-P624,1994,11.4,0.0,0.0,0.1,0.0,277.8,351.5,260.7,385.2,0.6,1.1,0.0,1288.3,11.4,0.1,1275.2,1.7,626,,BARODA,
Gujarat,Baroda,IMD110-P624,1995,10.6,0.0,0.2,0.0,0.0,1.0,500.3,112.7,67.4,27.5,0.0,0.0,719.7,10.6,0.2,681.4,27.5,626,,BARODA,
Gujarat,Baroda,IMD110-P624,1996,0.8,0.0,0.0,0.0,0.0,136.8,548.0,277.1,274.9,28.0,0.1,0.0,1265.9,0.8,0.0,1236.9,28.2,626,,BARODA,
Gujarat,Baroda,IMD110-P624,1997,1.6,0.0,0.0,8.7,0.6,425.3,237.3,446.0,70.7,11.3,0.0,0.9,1202.4,1.6,9.3,1179.3,12.2,626,,BARODA,
Gujarat,Baroda,IMD110-P624,1998,0.0,0.0,0.0,0.0,0.0,116.1,323.1,211.6,462.6,78.9,2.7,0.0,1195.0,0.0,0.0,1113.4,81.6,626,,BARODA,
Gujarat,Baroda,IMD110-P624,1999,0.0,0.0,0.0,0.0,8.6,94.3,197.3,47.6,85.6,102.5,0.0,0.0,535.8,0.0,8.6,424.8,102.5,626,,BARODA,
Gujarat,Baroda,IMD110-P624,2000,0.0,0.0,0.0,0.0,73.0,112.3,280.0,64.8,10.4,0.0,0.0,11.8,552.3,0.0,73.0,467.5,11.8,626,,BARODA,
Gujarat,Baroda,IMD110-P624,2001,0.0,0.0,0.0,0.0,0.2,281.5,297.7,302.7,24.0,46.0,0.0,0.0,952.3,0.0,0.2,906.0,46.0,626,,BARODA,
Gujarat,Baroda,IMD110-P624,2002,0.0,0.0,0.0,0.0,0.0,260.5,44.6,260.6,190.3,0.0,0.8,0.0,756.9,0.0,0.0,756.0,0.8,626,,BARODA,
Gujarat,Baroda,IMD110-P624,2003,0.0,3.9,0.0,0.0,0.0,239.9,402.4,312.8,126.7,0.0,0.0,0.0,1085.6,3.9,0.0,1081.8,0.0,626,,BARODA,
Gujarat,Baroda,IMD110-P624,2004,0.0,0.0,0.0,0.0,1.9,102.3,275.4,561.2,34.7,27.6,0.0,0.0,1003.1,0.0,1.9,973.5,27.6,626,,BARODA,
Gujarat,Baroda,IMD110-P624,2005,0.0,0.3,0.0,0.0,0.1,445.2,374.1,173.4,356.9,6.4,0.0,0.0,1356.4,0.3,0.1,1349.5,6.4,626,,BARODA,
Gujarat,Baroda,IMD110-P624,2006,0.0,0.0,0.1,0.0,0.0,94.0,682.6,703.8,155.1,12.7,0.0,0.0,1648.1,0.0,0.1,1635.4,12.7,626,,BARODA,
Gujarat,Baroda,IMD110-P624,2007,0.9,0.3,0.0,0.0,0.0,121.3,526.1,240.4,262.8,0.0,0.7,0.0,1152.4,1.2,0.0,1150.5,0.7,626,,BARODA,
Gujarat,Baroda,IMD110-P624,2008,0.0,0.0,0.0,0.7,0.2,35.1,270.3,369.8,211.6,7.6,0.5,0.1,896.0,0.0,0.9,886.8,8.2,626,,BARODA,
Gujarat,Baroda,IMD110-P624,2009,0.0,0.0,0.0,0.0,0.0,14.9,316.8,123.7,38.1,32.2,13.2,0.4,539.3,0.0,0.0,493.5,45.7,626,,BARODA,
Gujarat,Baroda,IMD110-P624,2010,0.0,0.0,0.0,0.0,0.0,46.3,300.4,399.3,213.5,1.5,24.4,0.0,985.5,0.0,0.0,959.6,25.9,626,,BARODA,
Gujarat,Bhaunagar,IMD110-P627,1901,0.4,0.0,0.0,0.0,1.1,2.1,173.9,108.3,37.9,11.5,0.0,0.0,335.3,0.4,1.1,322.3,11.5,627,,BHAUNAGAR,
Gujarat,Bhaunagar,IMD110-P627,1902,1.1,0.0,0.0,0.1,0.8,19.8,101.7,216.1,269.3,0.7,0.0,16.8,626.3,1.1,0.9,606.9,17.5,627,,BHAUNAGAR,
Gujarat,Bhaunagar,IMD110-P627,1903,0.0,0.0,0.3,0.0,0.5,36.2,340.2,103.0,122.0,16.5,0.0,0.0,618.7,0.0,0.8,601.4,16.5,627,,BHAUNAGAR,
Gujarat,Bhaunagar,IMD110-P627,1904,0.0,17.7,25.2,0.0,0.0,26.4,78.3,23.0,93.6,0.0,0.0,0.0,264.2,17.7,25.2,221.4,0.0,627,,BHAUNAGAR,
Gujarat,Bhaunagar,IMD110-P627,1905,0.0,0.0,0.0,3.8,0.0,0.5,208.4,9.0,46.4,0.2,0.0,0.0,268.2,0.0,3.8,264.3,0.2,627,,BHAUNAGAR,
Gujarat,Bhaunagar,IMD110-P627,1906,0.0,2.9,0.0,0.0,0.0,184.6,148.8,106.3,33.4,5.5,0.0,0.0,481.5,2.9,0.0,473.2,5.5,627,,BHAUNAGAR,
Gujarat,Bhaunagar,IMD110-P627,1907,0.0,4.9,0.1,5.2,1.1,79.6,219.0,173.5,2.5,0.0,0.0,0.0,485.8,4.9,6.3,474.6,0.0,627,,BHAUNAGAR,
Gujarat,Bhaunagar,IMD110-P627,1908,1.3,0.0,0.0,0.0,0.2,23.0,301.6,197.8,36.9,0.9,0.0,0.0,561.7,1.3,0.2,559.3,0.9,627,,BHAUNAGAR,
Gujarat,Bhaunagar,IMD110-P627,1909,0.0,5.8,0.0,16.6,8.1,116.8,165.5,155.7,142.9,0.8,0.0,14.1,626.4,5.8,24.7,580.9,14.9,627,,BHAUNAGAR,
Gujarat,Bhaunagar,IMD110-P627,1910,0.5,0.0,0.0,0.2,1.0,245.2,225.8,135.7,25.3,38.8,3.2,0.0,675.8,0.5,1.2,632.1,42.0,627,,BHAUNAGAR,
Gujarat,Bhaunagar,IMD110-P627,1911,0.4,0.0,14.6,0.0,0.1,82.6,33.2,45.7,38.9,0.0,0.0,2.6,218.0,0.4,14.7,200.3,2.6,627,,BHAUNAGAR,
Gujarat,Bhaunagar,IMD110-P627,1912,0.0,0.0,0.0,0.0,0.8,44.4,641.0,202.7,29.0,6.4,13.7,0.0,938.0,0.0,0.8,917.1,20.1,627,,BHAUNAGAR,
Gujarat,Bhaunagar,IMD110-P627,1913,0.0,0.0,0.0,0.0,0.5,755.9,187.7,77.4,85.7,0.0,0.0,0.0,1107.3,0.0,0.5,1106.8,0.0,627,,BHAUNAGAR,
Gujarat,Bhaunagar,IMD110-P627,1914,0.0,3.6,0.0,0.0,0.0,237.9,209.5,72.0,292.8,10.8,0.0,0.0,826.6,3.6,0.0,812.2,10.8,627,,BHAUNAGAR,
Gujarat,Bhaunagar,IMD110-P627,1915,0.3,0.8,5.8,0.2,0.4,139.0,74.3,15.9,54.3,38.2,0.0,0.2,329.3,1.1,6.3,283.5,38.3,627,,BHAUNAGAR,
Gujarat,Bhaunagar,IMD110-P627,1916,0.0,0.1,0.0,0.6,8.8,41.1,150.1,173.7,168.8,6.3,0.0,0.0,549.4,0.1,9.4,533.6,6.3,627,,BHAUNAGAR,
Gujarat,Bhaunagar,IMD110-P627,1917,0.0,2.7,0.0,8.4,114.5,98.2,169.6,168.5,171.0,323.1,0.0,0.0,1055.9,2.7,122.9,607.3,323.1,627,,BHAUNAGAR,
Gujarat,Bhaunagar,IMD110-P627,1918,0.0,0.0,0.0,0.0,22.5,19.2,65.7,70.5,4.7,0.0,0.0,0.0,182.6,0.0,22.5,160.1,0.0,627,,BHAUNAGAR,
Gujarat,Bhaunagar,IMD110-P627,1919,0.7,0.0,0.0,1.0,4.4,46.7,166.6,116.4,51.7,69.5,29.8,0.0,486.7,0.7,5.4,381.4,99.3,627,,BHAUNAGAR,
Gujarat,Bhaunagar,IMD110-P627,1920,69.2,4.7,0.6,1.0,55.9,214.6,155.7,34.2,19.0,0.0,0.0,0.0,555.0,73.9,57.5,423.5,0.0,627,,BHAUNAGAR,
Gujarat,Bhaunagar,IMD110-P627,1921,0.0,0.0,0.0,0.0,0.0,17.9,278.4,88.6,279.5,2.4,0.0,0.0,666.9,0.0,0.0,664.5,2.4,627,,BHAUNAGAR,
Gujarat,Bhaunagar,IMD110-P627,1922,0.0,0.0,0.0,0.5,1.1,116.4,149.0,49.4,179.4,0.1,0.6,0.0,496.6,0.0,1.6,494.3,0.7,627,,BHAUNAGAR,
Gujarat,Bhaunagar,IMD110-P627,1923,0.0,12.5,0.0,1.1,1.3,3.0,234.1,96.4,29.0,0.1,0.0,0.0,377.4,12.5,2.3,362.5,0.1,627,,BHAUNAGAR,
Gujarat,Bhaunagar,IMD110-P627,1924,0.0,0.0,0.0,0.4,2.3,40.8,118.2,128.9,95.8,3.2,0.0,3.1,392.6,0.0,2.6,383.8,6.2,627,,BHAUNAGAR,
Gujarat,Bhaunagar,IMD110-P627,1925,0.0,0.0,0.0,0.0,31.3,263.3,77.8,58.8,5.3,0.0,32.0,0.0,468.5,0.0,31.3,405.3,32.0,627,,BHAUNAGAR,
Gujarat,Bhaunagar,IMD110-P627,1926,7.4,0.0,0.0,17.5,15.5,16.4,286.6,271.2,230.1,0.0,0.0,0.0,844.6,7.4,33.0,804.2,0.0,627,,BHAUNAGAR,
Gujarat,Bhaunagar,IMD110-P627,1927,0.0,2.1,0.0,0.0,16.1,103.9,288.6,82.3,60.2,39.5,20.0,5.2,617.9,2.1,16.1,535.1,64.7,627,,BHAUNAGAR,
Gujarat,Bhaunagar,IMD110-P627,1928,0.0,0.3,0.0,0.0,0.0,22.0,181.5,123.3,175.7,6.8,18.6,0.0,528.2,0.3,0.0,502.5,25.5,627,,BHAUNAGAR,
Gujarat,Bhaunagar,IMD110-P627,1929,0.8,0.0,0.0,0.1,7.1,177.4,326.7,68.4,7.4,12.9,0.0,25.4,626.2,0.8,7.2,580.0,38.3,627,,BHAUNAGAR,
Gujarat,Bhaunagar,IMD110-P627,1930,0.0,0.0,0.0,0.0,0.1,170.8,99.1,38.0,84.1,83.2,0.0,0.0,475.2,0.0,0.1,392.0,83.2,627,,BHAUNAGAR,
Gujarat,Bhaunagar,IMD110-P627,1931,2.0,0.0,0.0,1.4,2.9,28.5,216.2,216.4,74.3,209.3,19.9,0.0,771.0,2.0,4.4,535.4,229.2,627,,BHAUNAGAR,
Gujarat,Bhaunagar,IMD110-P627,1932,0.0,0.0,0.0,0.0,0.3,40.7,349.5,26.6,46.8,50.2,0.0,0.0,514.0,0.0,0.3,463.5,50.2,627,,BHAUNAGAR,
Gujarat,Bhaunagar,IMD110-P627,1933,0.0,3.9,8.8,4.2,112.2,51.7,144.8,192.3,233.2,1.9,6.1,0.0,759.0,3.9,125.2,621.9,8.0,627,,BHAUNAGAR,
Gujarat,Bhaunagar,IMD110-P627,1934,0.0,0.0,5.7,1.1,0.0,174.2,139.2,197.6,29.0,1.9,19.1,0.0,567.7,0.0,6.7,540.0,21.0,627,,BHAUNAGAR,
Gujarat,Bhaunagar,IMD110-P627,1935,3.5,0.0,0.0,7.6,0.0,133.3,176.5,96.0,133.0,6.0,0.0,0.0,555.9,3.5,7.6,538.8,6.0,627,,BHAUNAGAR,
Gujarat,Bhaunagar,IMD110-P627,1936,0.0,0.0,0.0,0.0,0.0,155.4,49.2,42.3,198.2,0.0,96.1,0.0,541.1,0.0,0.0,445.0,96.1,627,,BHAUNAGAR,
Gujarat,Bhaunagar,IMD110-P627,1937,0.0,0.0,0.0,0.0,0.0,163.0,228.4,7.8,139.9,5.1,0.0,0.5,544.7,0.0,0.0,539.1,5.6,627,,BHAUNAGAR,
Gujarat,Bhaunagar,IMD110-P627,1938,0.0,0.0,0.0,0.0,6.9,126.0,193.1,84.3,11.9,27.6,0.0,0.9,450.7,0.0,6.9,415.3,28.5,627,,BHAUNAGAR,
Gujarat,Bhaunagar,IMD110-P627,1939,0.0,0.0,2.7,0.0,0.0,13.0,302.3,325.4,24.3,5.0,3.8,0.0,676.5,0.0,2.7,665.0,8.7,627,,BHAUNAGAR,
Gujarat,Bhaunagar,IMD110-P627,1940,3.9,0.3,1.9,0.0,0.0,99.0,143.9,201.1,129.7,23.7,10.4,0.0,613.8,4.2,1.9,573.7,34.1,627,,BHAUNAGAR,
Gujarat,Bhaunagar,IMD110-P627,1941,0.1,0.0,0.0,0.6,0.0,28.5,438.7,14.7,29.8,2.5,0.0,0.0,514.8,0.1,0.6,511.7,2.5,628,,BHAUNAGAR,
Gujarat,Bhaunagar,IMD110-P627,1942,3.3,8.7,0.0,0.0,0.0,66.1,435.2,236.3,117.5,0.0,0.0,0.0,867.2,12.0,0.0,855.1,0.0,628,,BHAUNAGAR,
Gujarat,Bhaunagar,IMD110-P627,1943,0.0,0.0,0.0,14.0,26.3,90.6,244.7,24.7,165.6,50.8,0.0,0.0,616.6,0.0,40.3,525.6,50.8,628,,BHAUNAGAR,
Gujarat,Bhaunagar,IMD110-P627,1944,0.0,0.0,12.4,0.0,7.5,106.4,299.6,293.0,30.5,3.6,0.0,0.0,753.0,0.0,19.9,729.5,3.6,628,,BHAUNAGAR,
Gujarat,Bhaunagar,IMD110-P627,1945,9.6,0.0,0.0,4.8,0.0,144.2,588.3,189.0,214.6,0.4,0.0,0.0,1150.8,9.6,4.8,1136.1,0.4,628,,BHAUNAGAR,
Gujarat,Bhaunagar,IMD110-P627,1946,0.0,1.4,0.0,0.0,28.6,224.4,232.6,272.1,123.2,1.3,14.2,0.0,897.9,1.4,28.6,852.4,15.5,628,,BHAUNAGAR,
Gujarat,Bhaunagar,IMD110-P627,1947,0.0,0.0,0.0,278.3,0.0,7.8,321.8,214.6,319.8,21.3,0.5,0.0,1164.2,0.0,278.3,864.1,21.8,628,,BHAUNAGAR,
Gujarat,Bhaunagar,IMD110-P627,1948,15.8,0.0,0.0,0.0,2.9,45.6,26.7,84.8,52.8,16.1,13.5,0.0,258.2,15.8,2.9,209.8,29.7,628,,BHAUNAGAR,
Gujarat,Bhaunagar,IMD110-P627,1949,0.0,0.6,0.0,0.0,0.0,19.9,275.9,157.5,117.5,6.4,0.2,0.0,578.0,0.6,0.0,570.9,6.6,628,,BHAUNAGAR,
Gujarat,Bhaunagar,IMD110-P627,1950,0.0,0.0,0.0,0.0,0.0,8.0,386.1,59.6,105.3,0.0,0.0,0.0,559.0,0.0,0.0,559.0,0.0,628,,BHAUNAGAR,
Gujarat,Bhaunagar,IMD110-P627,1951,0.0,0.0,8.9,0.3,0.0,36.6,123.7,40.2,27.1,0.2,0.1,0.0,237.2,0.0,9.3,227.6,0.3,628,,BHAUNAGAR,
Gujarat,Bhaunagar,IMD110-P627,1952,0.0,0.0,0.0,0.0,1.0,140.8,164.3,46.0,12.8,5.4,0.0,0.0,370.3,0.0,1.0,363.8,5.4,628,,BHAUNAGAR,
Gujarat,Bhaunagar,IMD110-P627,1953,7.9,4.1,3.4,0.0,0.6,79.2,193.8,289.9,135.7,0.0,0.0,0.0,714.5,12.0,4.0,698.5,0.0,628,,BHAUNAGAR,
Gujarat,Bhaunagar,IMD110-P627,1954,0.0,0.5,11.8,0.0,0.0,97.1,233.3,104.9,390.0,2.4,0.0,0.9,840.9,0.5,11.8,825.3,3.3,628,,BHAUNAGAR,
Gujarat,Bhaunagar,IMD110-P627,1955,0.0,0.0,0.0,0.0,0.0,67.1,48.4,196.8,218.5,23.7,0.0,0.0,554.5,0.0,0.0,530.8,23.7,628,,BHAUNAGAR,
Gujarat,Bhaunagar,IMD110-P627,1956,0.0,0.5,0.0,0.3,6.0,108.8,252.9,120.0,153.8,190.9,0.9,0.0,834.0,0.5,6.3,635.5,191.8,628,,BHAUNAGAR,
Gujarat,Bhaunagar,IMD110-P627,1957,0.5,0.0,0.0,0.0,0.1,126.5,419.2,170.5,12.7,0.0,0.9,0.9,731.3,0.5,0.1,728.9,1.8,628,,BHAUNAGAR,
Gujarat,Bhaunagar,IMD110-P627,1958,0.0,0.0,1.9,0.0,0.0,92.8,196.2,242.6,222.3,62.4,1.9,1.2,821.2,0.0,1.9,753.9,65.4,628,,BHAUNAGAR,
Gujarat,Bhaunagar,IMD110-P627,1959,0.2,0.0,0.0,0.0,0.0,143.7,397.8,152.2,157.8,210.7,5.6,0.0,1067.9,0.2,0.0,851.4,216.3,628,,BHAUNAGAR,
Gujarat,Bhaunagar,IMD110-P627,1960,0.0,0.0,0.2,0.0,0.8,157.6,218.1,45.2,85.3,0.0,0.0,0.0,507.2,0.0,0.9,506.2,0.0,628,,BHAUNAGAR,
Gujarat,Bhaunagar,IMD110-P627,1961,0.0,9.7,0.0,0.0,1.6,131.0,208.8,207.2,160.1,15.0,0.4,0.0,733.7,9.7,1.6,707.1,15.5,628,,BHAUNAGAR,
Gujarat,Bhaunagar,IMD110-P627,1962,0.0,0.0,1.3,0.4,0.5,57.8,131.1,93.3,109.2,0.0,12.0,0.0,405.6,0.0,2.2,391.4,12.0,628,,BHAUNAGAR,
Gujarat,Bhaunagar,IMD110-P627,1963,4.5,0.0,2.5,1.8,4.2,26.9,156.1,231.7,92.4,30.9,23.5,0.0,574.6,4.5,8.6,507.0,54.4,628,,BHAUNAGAR,
Gujarat,Bhaunagar,IMD110-P627,1964,0.0,0.0,0.0,0.0,2.7,105.8,324.1,145.9,209.2,0.0,0.0,0.0,787.8,0.0,2.7,785.0,0.0,628,,BHAUNAGAR,
Gujarat,Bhaunagar,IMD110-P627,1965,4.1,0.0,0.0,0.0,0.8,3.0,310.8,160.5,13.6,0.0,2.9,0.0,495.7,4.1,0.8,487.9,2.9,628,,BHAUNAGAR,
Gujarat,Bhaunagar,IMD110-P627,1966,1.8,0.0,0.0,0.0,0.1,90.6,210.4,6.8,123.5,0.0,0.0,0.0,433.2,1.8,0.1,431.3,0.0,628,,BHAUNAGAR,
Gujarat,Bhaunagar,IMD110-P627,1967,0.0,0.0,52.4,0.6,0.0,115.1,285.0,76.4,44.2,0.3,0.0,17.0,590.9,0.0,53.0,520.7,17.3,628,,BHAUNAGAR,
Gujarat,Bhaunagar,IMD110-P627,1968,0.0,0.0,0.0,0.0,0.0,27.7,152.8,320.7,27.2,12.6,0.0,0.0,541.0,0.0,0.0,528.4,12.6,628,,BHAUNAGAR,
Gujarat,Bhaunagar,IMD110-P627,1969,0.0,0.0,0.0,0.0,0.0,87.4,122.3,82.0,166.5,0.0,3.6,0.0,461.9,0.0,0.0,458.2,3.6,628,,BHAUNAGAR,
Gujarat,Bhaunagar,IMD110-P627,1970,0.0,0.1,0.0,0.0,6.1,224.2,176.7,379.4,240.1,0.0,0.0,0.0,1026.5,0.1,6.1,1020.3,0.0,628,,BHAUNAGAR,
Gujarat,Bhaunagar,IMD110-P627,1971,0.0,0.0,0.0,0.0,1.2,177.0,182.3,159.2,171.4,4.8,0.0,0.0,695.9,0.0,1.2,689.9,4.8,628,,BHAUNAGAR,
Gujarat,Bhaunagar,IMD110-P627,1972,0.0,0.7,0.0,0.0,0.2,45.8,98.1,35.8,22.3,0.9,0.0,0.0,203.9,0.7,0.2,202.1,0.9,628,,BHAUNAGAR,
Gujarat,Bhaunagar,IMD110-P627,1973,0.0,0.0,0.0,0.0,2.9,68.2,144.2,114.1,291.4,16.6,0.0,0.0,637.3,0.0,2.9,617.8,16.6,628,,BHAUNAGAR,
Gujarat,Bhaunagar,IMD110-P627,1974,0.0,0.0,0.0,0.0,27.9,17.6,128.3,25.2,55.8,45.0,0.0,0.0,299.8,0.0,27.9,226.9,45.0,628,,BHAUNAGAR,
Gujarat,Bhaunagar,IMD110-P627,1975,0.0,0.0,0.0,0.0,0.0,115.9,103.1,153.8,141.4,48.2,0.0,0.0,562.3,0.0,0.0,514.2,48.2,628,,BHAUNAGAR,
Gujarat,Bhaunagar,IMD110-P627,1976,0.2,0.0,0.0,0.0,0.4,423.9,209.9,158.7,90.6,0.8,23.3,0.0,907.8,0.2,0.4,883.1,24.0,628,,BHAUNAGAR,
Gujarat,Bhaunagar,IMD110-P627,1977,0.9,0.0,0.0,0.0,19.2,149.5,296.0,83.7,74.6,0.0,2.5,0.0,626.5,0.9,19.2,603.9,2.5,628,,BHAUNAGAR,
Gujarat,Bhaunagar,IMD110-P627,1978,0.0,1.6,0.0,2.3,0.0,95.6,101.0,167.2,30.5,15.4,19.6,4.7,437.8,1.6,2.3,394.3,39.6,628,,BHAUNAGAR,
Gujarat,Bhaunagar,IMD110-P627,1979,0.0,0.2,0.0,0.0,0.2,225.6,75.1,265.2,62.6,5.9,215.1,0.0,849.9,0.2,0.2,628.4,221.0,628,,BHAUNAGAR,
Gujarat,Bhaunagar,IMD110-P627,1980,0.0,0.0,0.0,0.0,0.3,122.3,218.5,119.0,28.0,0.0,0.0,20.5,508.6,0.0,0.3,487.8,20.5,628,,BHAUNAGAR,
Gujarat,Bhaunagar,IMD110-P627,1981,1.1,0.0,0.0,0.4,0.0,76.4,220.7,148.5,153.8,50.8,41.7,0.0,693.4,1.1,0.4,599.4,92.5,628,,BHAUNAGAR,
Gujarat,Bhaunagar,IMD110-P627,1982,1.0,0.0,0.0,1.3,24.4,18.1,125.3,104.3,36.4,5.4,154.1,0.0,470.3,1.0,25.6,284.1,159.5,629,,BHAUNAGAR,
Gujarat,Bhaunagar,IMD110-P627,1983,0.0,0.0,0.0,2.6,0.0,208.9,257.1,336.9,137.1,53.2,0.0,0.0,995.8,0.0,2.6,940.0,53.2,629,,BHAUNAGAR,
Gujarat,Bhaunagar,IMD110-P627,1984,0.0,0.0,0.0,0.0,0.0,46.6,244.3,91.2,95.6,0.0,0.0,0.0,477.7,0.0,0.0,477.7,0.0,629,,BHAUNAGAR,
Gujarat,Bhaunagar,IMD110-P627,1985,0.0,0.0,0.0,0.0,0.2,54.0,132.2,75.4,18.0,167.5,0.0,0.0,447.2,0.0,0.2,279.6,167.5,629,,BHAUNAGAR,
Gujarat,Bhaunagar,IMD110-P627,1986,0.0,0.0,0.0,0.0,2.9,170.1,26.1,92.2,3.0,0.5,0.0,0.0,294.8,0.0,2.9,291.4,0.5,629,,BHAUNAGAR,
Gujarat,Bhaunagar,IMD110-P627,1987,0.0,0.0,0.0,0.0,0.0,63.2,43.4,84.0,7.8,0.0,10.0,0.0,208.3,0.0,0.0,198.3,10.0,629,,BHAUNAGAR,
Gujarat,Bhaunagar,IMD110-P627,1988,0.0,0.0,0.0,0.0,0.0,25.3,396.7,132.7,165.4,2.1,0.0,0.0,722.1,0.0,0.0,720.1,2.1,629,,BHAUNAGAR,
Gujarat,Bhaunagar,IMD110-P627,1989,3.4,0.0,0.0,0.0,0.0,182.9,266.8,77.5,48.6,2.5,0.0,0.0,581.7,3.4,0.0,575.8,2.5,629,,BHAUNAGAR,
Gujarat,Bhaunagar,IMD110-P627,1990,0.0,0.5,0.0,0.0,10.5,54.3,21.7,353.4,145.4,11.8,0.4,0.0,598.0,0.5,10.5,574.8,12.2,629,,BHAUNAGAR,
Gujarat,Bhaunagar,IMD110-P627,1991,0.0,0.0,0.0,0.0,0.0,46.1,169.3,91.9,18.4,0.0,0.0,0.0,325.7,0.0,0.0,325.7,0.0,629,,BHAUNAGAR,
Gujarat,Bhaunagar,IMD110-P627,1992,0.3,0.0,0.0,0.0,0.3,174.7,130.6,165.5,149.8,12.1,0.0,0.0,633.3,0.3,0.3,620.7,12.1,629,,BHAUNAGAR,
Gujarat,Bhaunagar,IMD110-P627,1993,0.0,0.0,0.0,0.0,0.0,73.4,196.3,11.2,192.1,41.5,0.2,0.0,514.7,0.0,0.0,473.0,41.7,629,,BHAUNAGAR,
Gujarat,Bhaunagar,IMD110-P627,1994,1.3,0.0,0.0,0.0,0.2,225.5,230.3,137.5,107.5,0.0,0.0,0.0,702.3,1.3,0.2,700.8,0.0,629,,BHAUNAGAR,
Gujarat,Bhaunagar,IMD110-P627,1995,0.0,0.0,1.2,0.0,0.0,2.9,205.4,86.1,109.0,27.1,0.0,0.0,431.7,0.0,1.2,403.4,27.1,629,,BHAUNAGAR,
Gujarat,Bhaunagar,IMD110-P627,1996,0.7,0.0,0.0,0.0,0.0,84.3,218.1,71.2,27.0,109.0,0.0,0.0,510.4,0.7,0.0,400.6,109.0,629,,BHAUNAGAR,
Gujarat,Bhaunagar,IMD110-P627,1997,0.9,0.0,0.0,0.4,0.3,261.8,124.1,104.1,106.7,2.0,0.0,0.1,600.4,0.9,0.7,596.7,2.1,629,,BHAUNAGAR,
Gujarat,Bhaunagar,IMD110-P627,1998,0.0,0.0,0.0,0.0,0.0,104.0,171.3,158.5,107.4,104.0,1.7,0.0,646.9,0.0,0.0,541.2,105.7,629,,BHAUNAGAR,
Gujarat,Bhaunagar,IMD110-P627,1999,0.0,0.0,0.0,0.0,0.0,140.6,129.3,12.9,39.4,119.5,0.0,0.0,441.7,0.0,0.0,322.2,119.5,629,,BHAUNAGAR,
Gujarat,Bhaunagar,IMD110-P627,2000,0.0,0.0,0.0,0.0,0.4,27.0,179.1,22.4,0.9,0.0,0.0,1.1,230.9,0.0,0.4,229.4,1.1,629,,BHAUNAGAR,
Gujarat,Bhaunagar,IMD110-P627,2001,0.0,0.0,0.0,0.9,2.2,172.7,185.1,178.0,35.3,18.1,0.0,0.0,592.3,0.0,3.1,571.1,18.1,629,,BHAUNAGAR,
Gujarat,Bhaunagar,IMD110-P627,2002,0.0,0.0,0.2,0.0,0.1,402.3,14.5,235.2,41.7,0.0,0.0,0.0,693.9,0.0,0.3,693.7,0.0,629,,BHAUNAGAR,
Gujarat,Bhaunagar,IMD110-P627,2003,0.0,0.6,0.0,0.0,0.1,108.4,231.6,237.8,39.6,0.0,0.0,0.0,618.2,0.6,0.1,617.5,0.0,629,,BHAUNAGAR,
Gujarat,Bhaunagar,IMD110-P627,2004,0.0,0.0,0.0,0.0,12.9,73.7,217.2,173.1,38.2,35.6,0.0,0.0,550.6,0.0,12.9,502.2,35.6,629,,BHAUNAGAR,
Gujarat,Bhaunagar,IMD110-P627,2005,0.0,0.0,0.0,2.8,0.0,419.6,113.1,95.2,335.1,0.0,0.0,0.0,965.9,0.0,2.8,963.1,0.0,629,,BHAUNAGAR,
Gujarat,Bhaunagar,IMD110-P627,2006,0.0,0.0,0.9,0.0,0.0,123.2,478.9,95.9,59.5,1.5,3.2,0.0,763.1,0.0,0.9,757.6,4.7,629,,BHAUNAGAR,
Gujarat,Bhaunagar,IMD110-P627,2007,0.0,0.1,0.0,0.0,0.0,116.7,251.6,276.1,345.0,1.4,4.6,0.0,995.5,0.1,0.0,989.4,6.0,629,,BHAUNAGAR,
Gujarat,Bhaunagar,IMD110-P627,2008,0.0,0.0,0.0,2.2,0.0,39.3,236.7,196.5,257.0,8.0,0.0,0.0,739.6,0.0,2.2,729.4,8.0,629,,BHAUNAGAR,
Gujarat,Bhaunagar,IMD110-P627,2009,0.0,0.0,0.0,0.0,0.0,28.4,269.6,46.3,33.3,21.8,2.6,0.0,402.0,0.0,0.0,377.6,24.4,629,,BHAUNAGAR,
Gujarat,Bhaunagar,IMD110-P627,2010,0.1,0.0,0.0,0.0,0.0,78.8,258.0,248.2,211.6,11.0,58.8,0.0,866.4,0.1,0.0,796.6,69.8,629,,BHAUNAGAR,
Gujarat,Botad,IMD110-P630,2001,0.0,0.0,0.0,0.0,0.0,183.5,135.5,293.8,16.8,7.0,0.0,0.0,636.5,0.0,0.0,629.5,7.0,630,,BOTAD,
Gujarat,Botad,IMD110-P630,2002,0.0,0.0,0.0,0.0,0.0,280.8,7.0,157.8,34.8,4.0,0.0,0.0,484.3,0.0,0.0,480.3,4.0,630,,BOTAD,
Gujarat,Botad,IMD110-P630,2003,0.0,0.0,0.0,0.0,0.0,123.5,192.3,242.3,49.8,0.0,0.0,0.0,607.8,0.0,0.0,607.8,0.0,630,,BOTAD,
Gujarat,Botad,IMD110-P630,2004,0.0,0.0,0.0,0.0,0.0,86.3,213.3,193.8,46.5,,0.0,0.0,,0.0,0.0,539.8,,630,missing_months,BOTAD,
Gujarat,Botad,IMD110-P630,2005,0.0,0.0,,0.0,2.5,336.8,160.5,97.0,321.8,,0.0,0.0,,0.0,,916.0,,630,missing_months,BOTAD,
Gujarat,Botad,IMD110-P630,2006,0.0,0.0,0.0,0.0,0.0,107.8,391.0,100.3,64.0,0.0,0.5,0.0,663.5,0.0,0.0,663.0,0.5,630,,BOTAD,
Gujarat,Botad,IMD110-P630,2007,0.0,0.0,0.0,0.0,0.0,85.3,409.0,328.8,204.3,0.0,0.0,0.0,1027.3,0.0,0.0,1027.3,0.0,630,,BOTAD,
Gujarat,Botad,IMD110-P630,2008,0.0,0.0,0.0,0.0,0.0,42.3,291.8,137.3,374.0,32.0,0.0,0.0,877.3,0.0,0.0,845.3,32.0,630,,BOTAD,
Gujarat,Botad,IMD110-P630,2009,0.0,0.0,0.0,0.0,0.0,8.0,283.0,41.0,5.0,0.8,0.0,0.0,337.8,0.0,0.0,337.0,0.8,630,,BOTAD,
Gujarat,Botad,IMD110-P630,2010,0.0,0.0,0.0,0.0,0.0,83.5,208.3,345.0,238.0,10.0,52.0,0.0,936.8,0.0,0.0,874.8,62.0,630,,BOTAD,
Gujarat,Broach,IMD110-P631,1901,1.9,0.0,0.5,0.0,1.9,3.7,344.0,109.6,14.9,38.6,0.0,0.0,515.2,1.9,2.4,472.3,38.6,631,,BROACH,
Gujarat,Broach,IMD110-P631,1902,3.9,0.0,0.0,0.0,0.0,50.6,330.2,290.7,284.8,1.7,1.2,14.7,977.8,3.9,0.0,956.2,17.7,631,,BROACH,
Gujarat,Broach,IMD110-P631,1903,0.0,0.0,0.0,0.0,7.4,35.9,502.0,107.1,184.6,0.0,0.0,0.0,837.0,0.0,7.4,829.6,0.0,631,,BROACH,
Gujarat,Broach,IMD110-P631,1904,0.0,19.6,19.1,0.0,0.0,21.9,150.6,34.9,119.2,1.6,0.0,0.0,367.0,19.6,19.1,326.7,1.6,631,,BROACH,
Gujarat,Broach,IMD110-P631,1905,0.0,0.3,0.1,0.0,0.0,9.9,426.3,18.9,39.4,3.4,0.0,0.0,498.2,0.3,0.1,494.4,3.4,631,,BROACH,
Gujarat,Broach,IMD110-P631,1906,0.0,5.5,0.0,0.0,0.0,269.2,278.1,217.6,79.4,4.0,0.0,0.0,853.8,5.5,0.0,844.3,4.0,631,,BROACH,
Gujarat,Broach,IMD110-P631,1907,0.8,0.4,0.0,1.7,0.2,81.5,313.6,365.5,5.2,0.0,0.0,0.0,768.8,1.2,1.9,765.7,0.0,631,,BROACH,
Gujarat,Broach,IMD110-P631,1908,2.8,0.0,0.0,0.0,0.1,52.3,421.9,194.9,26.3,0.7,0.0,0.0,699.0,2.8,0.1,695.3,0.7,631,,BROACH,
Gujarat,Broach,IMD110-P631,1909,0.0,2.0,0.0,15.6,0.4,201.3,306.4,164.5,150.6,2.6,0.0,17.6,861.0,2.0,16.0,822.8,20.2,631,,BROACH,
Gujarat,Broach,IMD110-P631,1910,1.2,0.0,0.0,0.0,0.2,288.4,364.5,242.6,51.8,11.6,3.4,0.0,963.5,1.2,0.2,947.2,14.9,631,,BROACH,
Gujarat,Broach,IMD110-P631,1911,7.1,0.0,14.9,0.0,0.0,227.7,61.5,85.8,66.4,0.0,1.5,0.3,465.3,7.1,14.9,441.4,1.9,631,,BROACH,
Gujarat,Broach,IMD110-P631,1912,0.0,0.0,0.0,0.0,0.3,121.1,666.5,288.7,26.1,3.9,46.8,0.0,1153.4,0.0,0.3,1102.4,50.6,631,,BROACH,
Gujarat,Broach,IMD110-P631,1913,0.0,0.0,0.0,0.1,0.0,513.1,233.2,161.7,175.0,0.2,0.0,0.0,1083.3,0.0,0.1,1083.0,0.2,631,,BROACH,
Gujarat,Broach,IMD110-P631,1914,0.0,2.0,0.0,0.0,0.0,290.5,312.6,82.4,249.1,13.8,12.2,0.0,962.6,2.0,0.0,934.6,26.0,631,,BROACH,
Gujarat,Broach,IMD110-P631,1915,3.3,0.0,5.5,0.5,0.8,174.2,87.7,43.0,76.0,94.9,0.0,0.0,486.0,3.3,6.8,380.9,94.9,631,,BROACH,
Gujarat,Broach,IMD110-P631,1916,0.0,0.0,0.0,0.0,0.1,110.3,229.4,407.8,280.5,54.8,0.0,0.0,1083.0,0.0,0.1,1028.1,54.8,631,,BROACH,
Gujarat,Broach,IMD110-P631,1917,0.0,7.6,0.0,4.7,90.1,137.5,240.1,216.8,300.2,335.0,0.0,0.0,1332.0,7.6,94.8,894.6,335.0,631,,BROACH,
Gujarat,Broach,IMD110-P631,1918,0.0,0.0,0.0,0.0,13.1,20.3,200.0,86.8,7.8,0.0,0.0,0.0,328.0,0.0,13.1,314.9,0.0,631,,BROACH,
Gujarat,Broach,IMD110-P631,1919,5.1,0.0,0.1,1.7,0.0,101.9,281.7,185.7,90.8,67.6,19.8,0.0,754.3,5.1,1.8,660.1,87.3,631,,BROACH,
Gujarat,Broach,IMD110-P631,1920,102.0,3.1,0.0,0.0,37.5,164.4,199.6,88.9,47.7,0.0,0.0,0.0,643.1,105.1,37.5,500.6,0.0,631,,BROACH,
Gujarat,Broach,IMD110-P631,1921,0.2,0.0,0.0,0.0,0.0,4.7,447.7,143.6,346.3,2.5,0.0,0.0,945.1,0.2,0.0,942.3,2.5,631,,BROACH,
Gujarat,Broach,IMD110-P631,1922,0.0,0.0,0.0,0.0,0.0,254.2,223.6,61.7,247.3,9.1,1.0,0.0,797.0,0.0,0.0,786.8,10.2,631,,BROACH,
Gujarat,Broach,IMD110-P631,1923,0.0,10.9,0.0,3.7,0.2,3.4,191.3,78.6,42.5,1.5,0.0,0.0,331.9,10.9,3.8,315.7,1.5,631,,BROACH,
Gujarat,Broach,IMD110-P631,1924,1.8,0.0,0.8,0.1,0.1,107.4,251.3,221.1,134.9,16.9,0.0,0.6,735.0,1.8,1.0,714.7,17.5,631,,BROACH,
Gujarat,Broach,IMD110-P631,1925,0.0,0.0,0.0,0.0,12.3,374.0,155.0,63.2,7.9,0.3,7.2,0.0,619.8,0.0,12.3,600.0,7.4,631,,BROACH,
Gujarat,Broach,IMD110-P631,1926,8.9,0.0,0.0,0.5,0.2,17.8,380.1,354.0,263.4,0.0,0.0,0.0,1024.9,8.9,0.7,1015.3,0.0,631,,BROACH,
Gujarat,Broach,IMD110-P631,1927,0.0,1.9,0.0,1.1,4.6,181.5,558.1,113.8,88.1,15.6,27.5,3.4,995.7,1.9,5.7,941.5,46.5,631,,BROACH,
Gujarat,Broach,IMD110-P631,1928,0.0,0.5,0.0,0.0,0.0,110.0,361.5,191.0,192.6,31.5,18.6,0.7,906.3,0.5,0.0,855.0,50.8,631,,BROACH,
Gujarat,Broach,IMD110-P631,1929,0.0,0.0,0.0,0.9,0.0,189.9,426.9,62.8,41.0,13.3,0.0,18.8,753.5,0.0,0.9,720.6,32.1,631,,BROACH,
Gujarat,Broach,IMD110-P631,1930,0.1,0.0,0.0,0.0,1.7,339.9,320.3,92.6,138.5,104.4,0.0,0.6,998.1,0.1,1.7,891.2,105.0,631,,BROACH,
Gujarat,Broach,IMD110-P631,1931,0.0,0.0,0.0,0.1,0.0,5.9,452.7,297.0,90.3,138.5,2.7,0.1,987.3,0.0,0.1,845.8,141.3,631,,BROACH,
Gujarat,Broach,IMD110-P631,1932,0.0,0.0,0.0,0.0,0.0,44.8,473.0,106.9,178.7,53.5,0.0,0.0,856.9,0.0,0.0,803.4,53.5,631,,BROACH,
Gujarat,Broach,IMD110-P631,1933,0.0,2.3,0.1,0.0,27.0,95.0,208.2,315.5,251.2,6.8,0.0,13.0,919.2,2.3,27.1,870.0,19.8,631,,BROACH,
Gujarat,Broach,IMD110-P631,1934,0.3,0.0,0.0,0.0,0.0,263.4,230.6,248.8,63.4,1.5,34.3,0.0,842.4,0.3,0.0,806.2,35.9,631,,BROACH,
Gujarat,Broach,IMD110-P631,1935,6.0,0.0,0.0,0.0,0.0,106.7,274.9,117.3,138.6,7.4,0.4,0.0,651.3,6.0,0.0,637.5,7.8,631,,BROACH,
Gujarat,Broach,IMD110-P631,1936,0.0,0.0,0.0,0.0,0.0,193.0,104.8,43.6,213.1,9.2,112.8,0.0,676.6,0.0,0.0,554.6,122.0,631,,BROACH,
Gujarat,Broach,IMD110-P631,1937,0.0,2.8,0.3,0.0,0.0,192.9,491.9,32.6,302.9,7.1,0.0,2.3,1032.8,2.8,0.3,1020.3,9.4,631,,BROACH,
Gujarat,Broach,IMD110-P631,1938,0.0,0.0,0.0,0.0,0.8,180.8,344.5,142.4,11.1,58.5,0.0,0.1,738.2,0.0,0.8,678.7,58.6,631,,BROACH,
Gujarat,Broach,IMD110-P631,1939,0.0,0.1,0.4,0.0,0.0,26.8,328.5,341.4,51.7,0.2,2.0,0.0,751.1,0.1,0.4,748.4,2.1,631,,BROACH,
Gujarat,Broach,IMD110-P631,1940,1.7,2.9,3.5,0.0,0.1,148.9,152.0,322.7,164.0,151.8,27.3,0.0,974.9,4.6,3.6,787.7,179.1,631,,BROACH,
Gujarat,Broach,IMD110-P631,1941,0.6,0.0,0.0,1.3,0.0,58.0,592.9,85.9,40.9,3.7,0.0,0.0,783.4,0.6,1.3,777.8,3.7,632,,BROACH,
Gujarat,Broach,IMD110-P631,1942,1.0,18.2,0.0,0.0,0.0,142.5,687.5,452.1,184.8,0.0,0.0,0.0,1486.2,19.3,0.0,1466.9,0.0,632,,BROACH,
Gujarat,Broach,IMD110-P631,1943,0.0,0.0,0.0,0.1,37.9,87.1,347.5,45.2,149.4,137.2,0.0,0.0,804.5,0.0,38.0,629.3,137.2,632,,BROACH,
Gujarat,Broach,IMD110-P631,1944,0.3,0.0,5.3,0.0,0.5,112.0,480.2,299.9,157.6,20.5,0.0,0.0,1076.3,0.3,5.8,1049.6,20.5,632,,BROACH,
Gujarat,Broach,IMD110-P631,1945,11.2,0.0,0.0,0.0,0.0,70.2,564.7,236.0,561.4,9.4,0.1,0.0,1452.9,11.2,0.0,1432.3,9.4,632,,BROACH,
Gujarat,Broach,IMD110-P631,1946,0.0,0.2,0.0,0.0,0.8,359.6,279.6,343.1,181.5,6.0,60.8,2.7,1234.4,0.2,0.8,1163.8,69.5,632,,BROACH,
Gujarat,Broach,IMD110-P631,1947,0.0,0.0,0.0,130.5,0.0,0.6,274.5,307.4,383.7,13.5,0.0,0.0,1110.2,0.0,130.5,966.2,13.5,632,,BROACH,
Gujarat,Broach,IMD110-P631,1948,13.4,0.0,0.0,0.0,0.0,23.0,105.3,97.9,21.7,36.3,40.4,0.0,338.0,13.4,0.0,247.9,76.7,632,,BROACH,
Gujarat,Broach,IMD110-P631,1949,0.0,0.0,0.0,0.0,1.6,10.6,331.6,195.9,271.0,22.5,0.0,0.0,833.3,0.0,1.6,809.1,22.5,632,,BROACH,
Gujarat,Broach,IMD110-P631,1950,0.0,0.0,0.0,0.0,0.0,6.1,531.3,54.4,202.8,6.0,0.0,0.0,800.6,0.0,0.0,794.7,6.0,632,,BROACH,
Gujarat,Broach,IMD110-P631,1951,0.0,0.0,2.7,0.9,0.0,34.3,214.2,94.6,4.8,2.0,5.0,0.0,358.6,0.0,3.6,347.9,7.0,632,,BROACH,
Gujarat,Broach,IMD110-P631,1952,0.0,0.0,0.0,0.0,0.0,146.2,361.5,83.5,11.7,1.3,0.0,0.0,604.3,0.0,0.0,603.0,1.3,632,,BROACH,
Gujarat,Broach,IMD110-P631,1953,6.9,0.0,0.0,0.0,0.0,128.8,315.4,475.7,128.0,0.8,0.0,0.0,1055.7,6.9,0.0,1048.0,0.8,632,,BROACH,
Gujarat,Broach,IMD110-P631,1954,0.0,1.7,11.4,0.1,0.0,212.3,291.9,133.5,548.4,2.0,0.0,0.7,1201.8,1.7,11.4,1186.0,2.7,632,,BROACH,
Gujarat,Broach,IMD110-P631,1955,0.0,0.0,0.0,0.0,4.0,126.5,135.4,337.9,231.9,49.2,0.2,0.0,885.1,0.0,4.0,831.7,49.4,632,,BROACH,
Gujarat,Broach,IMD110-P631,1956,0.0,0.0,0.0,0.0,63.5,113.8,405.4,343.6,154.7,168.3,0.1,0.0,1249.5,0.0,63.5,1017.5,168.4,632,,BROACH,
Gujarat,Broach,IMD110-P631,1957,0.4,0.0,0.0,0.0,14.2,181.8,256.5,172.9,15.9,4.4,1.0,0.1,647.3,0.4,14.2,627.2,5.5,632,,BROACH,
Gujarat,Broach,IMD110-P631,1958,0.1,0.0,0.1,0.0,2.6,99.6,266.5,378.9,343.5,57.5,2.2,0.0,1150.9,0.1,2.7,1088.5,59.6,632,,BROACH,
Gujarat,Broach,IMD110-P631,1959,0.0,0.0,0.0,3.3,2.4,149.9,609.7,317.8,206.4,242.0,0.3,0.0,1531.8,0.0,5.7,1283.7,242.3,632,,BROACH,
Gujarat,Broach,IMD110-P631,1960,0.0,0.0,0.0,0.1,30.2,163.3,257.8,151.8,122.2,12.6,0.0,0.0,737.8,0.0,30.2,695.0,12.6,632,,BROACH,
Gujarat,Broach,IMD110-P631,1961,0.0,3.2,0.0,0.0,0.0,56.4,178.1,207.5,147.6,14.0,0.0,0.0,606.9,3.2,0.0,589.6,14.0,632,,BROACH,
Gujarat,Broach,IMD110-P631,1962,0.0,0.0,0.7,2.6,0.0,42.3,238.7,93.8,190.3,0.0,20.5,0.5,589.3,0.0,3.3,565.1,21.0,632,,BROACH,
Gujarat,Broach,IMD110-P631,1963,3.4,0.0,0.0,0.0,0.0,46.0,346.1,275.8,167.7,12.6,32.7,0.0,884.4,3.4,0.0,835.7,45.3,632,,BROACH,
Gujarat,Broach,IMD110-P631,1964,0.0,0.0,0.0,0.0,0.0,113.5,520.8,294.5,127.1,0.3,0.7,0.0,1056.9,0.0,0.0,1055.8,1.1,632,,BROACH,
Gujarat,Broach,IMD110-P631,1965,3.0,0.0,0.0,0.6,0.0,0.0,369.6,191.8,5.5,3.3,15.1,1.0,589.9,3.0,0.6,567.0,19.3,632,,BROACH,
Gujarat,Broach,IMD110-P631,1966,0.2,0.0,0.0,0.0,0.0,131.5,292.4,28.8,136.3,0.0,2.0,0.0,591.2,0.2,0.0,589.0,2.0,632,,BROACH,
Gujarat,Broach,IMD110-P631,1967,0.0,0.0,24.6,0.0,1.1,151.3,344.4,217.6,59.8,1.4,0.0,11.3,811.4,0.0,25.7,773.1,12.6,632,,BROACH,
Gujarat,Broach,IMD110-P631,1968,0.0,0.0,1.0,0.0,0.0,32.3,276.0,435.6,50.0,2.8,0.0,0.0,797.7,0.0,1.0,793.9,2.8,632,,BROACH,
Gujarat,Broach,IMD110-P631,1969,0.0,0.0,0.0,0.0,0.0,102.1,312.5,74.3,218.4,0.0,10.5,0.3,718.1,0.0,0.0,707.2,10.8,632,,BROACH,
Gujarat,Broach,IMD110-P631,1970,0.0,0.0,0.1,0.1,7.5,310.3,208.1,459.0,387.4,8.9,0.0,0.0,1381.4,0.0,7.6,1364.9,8.9,632,,BROACH,
Gujarat,Broach,IMD110-P631,1971,0.0,0.0,0.0,0.0,2.9,150.3,189.3,228.0,168.2,5.4,0.0,0.0,744.2,0.0,2.9,735.9,5.4,632,,BROACH,
Gujarat,Broach,IMD110-P631,1972,0.0,0.0,0.0,0.0,0.0,83.1,177.3,129.1,21.1,1.3,0.0,0.0,412.0,0.0,0.0,410.6,1.3,632,,BROACH,
Gujarat,Broach,IMD110-P631,1973,0.0,0.5,0.0,0.0,0.0,74.3,304.3,252.0,307.4,6.8,0.0,0.0,945.3,0.5,0.0,938.0,6.8,632,,BROACH,
Gujarat,Broach,IMD110-P631,1974,0.0,0.0,0.0,0.0,41.1,11.2,103.2,68.6,75.5,18.4,0.0,0.0,317.9,0.0,41.1,258.5,18.4,632,,BROACH,
Gujarat,Broach,IMD110-P631,1975,0.0,0.1,0.0,0.0,0.0,114.0,165.1,313.4,231.2,57.3,0.0,0.0,881.1,0.1,0.0,823.7,57.3,632,,BROACH,
Gujarat,Broach,IMD110-P631,1976,0.0,0.0,0.0,0.0,0.0,498.6,532.6,286.1,172.7,0.0,96.4,0.0,1586.4,0.0,0.0,1490.0,96.4,632,,BROACH,
Gujarat,Broach,IMD110-P631,1977,0.0,0.0,0.0,0.0,4.0,203.9,331.3,165.6,83.0,4.5,12.6,0.0,805.0,0.0,4.0,783.9,17.1,632,,BROACH,
Gujarat,Broach,IMD110-P631,1978,0.0,0.0,0.0,0.0,0.0,154.2,183.0,392.3,56.7,14.6,30.4,14.0,845.1,0.0,0.0,786.1,59.0,632,,BROACH,
Gujarat,Broach,IMD110-P631,1979,0.0,1.7,0.0,0.0,0.0,143.9,143.6,335.7,52.7,7.7,42.1,0.0,727.3,1.7,0.0,675.8,49.8,632,,BROACH,
Gujarat,Broach,IMD110-P631,1980,0.0,0.0,0.0,0.0,0.0,191.0,208.1,211.2,14.8,0.0,2.4,7.0,634.6,0.0,0.0,625.1,9.4,632,,BROACH,
Gujarat,Broach,IMD110-P631,1981,0.6,0.0,0.0,0.0,0.0,197.1,333.8,241.3,182.7,53.6,14.6,0.0,1023.7,0.6,0.0,954.9,68.2,632,,BROACH,
Gujarat,Broach,IMD110-P631,1982,0.0,0.0,0.0,0.0,8.3,21.8,159.3,168.7,22.8,0.0,91.6,0.0,472.5,0.0,8.3,372.5,91.6,633,,BROACH,
Gujarat,Broach,IMD110-P631,1983,0.0,0.0,0.0,1.3,0.0,296.2,369.5,386.5,181.6,82.3,0.0,0.0,1317.3,0.0,1.3,1233.7,82.3,633,,BROACH,
Gujarat,Broach,IMD110-P631,1984,0.0,0.0,0.0,0.0,0.0,127.8,184.1,173.8,191.4,0.0,0.0,0.0,677.0,0.0,0.0,677.0,0.0,633,,BROACH,
Gujarat,Broach,IMD110-P631,1985,0.0,0.0,0.0,0.0,0.0,1.2,331.7,175.3,13.4,112.0,0.0,0.0,633.6,0.0,0.0,521.6,112.0,633,,BROACH,
Gujarat,Broach,IMD110-P631,1986,0.0,0.0,0.0,0.0,0.0,334.7,36.3,149.1,1.7,1.7,0.0,0.0,523.6,0.0,0.0,521.8,1.7,633,,BROACH,
Gujarat,Broach,IMD110-P631,1987,0.0,0.0,0.0,0.0,0.0,99.5,138.3,135.1,3.0,0.9,17.0,11.1,404.9,0.0,0.0,375.9,29.0,633,,BROACH,
Gujarat,Broach,IMD110-P631,1988,0.0,0.0,0.0,0.0,0.0,70.0,555.8,159.8,275.0,5.6,0.0,0.0,1066.1,0.0,0.0,1060.6,5.6,633,,BROACH,
Gujarat,Broach,IMD110-P631,1989,0.0,0.0,0.0,0.0,0.0,191.4,327.5,188.1,43.3,0.2,0.0,0.0,750.4,0.0,0.0,750.2,0.2,633,,BROACH,
Gujarat,Broach,IMD110-P631,1990,0.0,0.0,0.0,0.0,30.6,56.8,70.4,337.0,264.5,4.9,7.1,0.0,771.3,0.0,30.6,728.7,12.0,633,,BROACH,
Gujarat,Broach,IMD110-P631,1991,0.0,0.0,0.0,0.0,0.0,47.0,,,,0.0,,,,0.0,0.0,,,633,missing_months,BROACH,
Gujarat,Broach,IMD110-P631,1992,0.0,0.0,0.0,0.0,0.0,195.2,208.4,276.9,225.4,7.4,0.0,0.0,913.2,0.0,0.0,905.8,7.4,633,,BROACH,
Gujarat,Broach,IMD110-P631,1993,0.0,0.0,0.0,0.0,0.0,141.7,354.5,51.8,190.0,14.5,0.0,0.0,752.5,0.0,0.0,738.0,14.5,633,,BROACH,
Gujarat,Broach,IMD110-P631,1994,0.0,0.0,0.0,0.0,0.0,366.0,420.0,141.9,166.1,0.0,0.0,0.0,1094.0,0.0,0.0,1094.0,0.0,633,,BROACH,
Gujarat,Broach,IMD110-P631,1995,1.3,0.0,0.0,0.0,0.0,5.4,463.1,110.0,41.9,13.6,0.0,0.0,635.2,1.3,0.0,620.3,13.6,633,,BROACH,
Gujarat,Broach,IMD110-P631,1996,0.0,0.0,0.0,0.0,0.0,65.8,333.0,116.6,82.7,16.5,0.0,0.0,614.5,0.0,0.0,598.0,16.5,633,,BROACH,
Gujarat,Broach,IMD110-P631,1997,0.0,0.0,0.0,0.0,36.0,325.4,145.9,238.0,23.2,2.0,0.0,0.0,770.5,0.0,36.0,732.5,2.0,633,,BROACH,
Gujarat,Broach,IMD110-P631,1998,0.0,1.7,0.0,0.0,0.0,123.7,274.4,140.1,338.7,46.5,3.3,0.0,928.4,1.7,0.0,877.0,49.8,633,,BROACH,
Gujarat,Broach,IMD110-P631,1999,0.0,0.0,0.0,0.0,0.0,84.3,280.4,32.7,54.9,63.3,0.0,0.0,515.6,0.0,0.0,452.3,63.3,633,,BROACH,
Gujarat,Broach,IMD110-P631,2001,0.0,0.0,0.0,0.0,3.8,149.6,253.2,198.6,19.3,17.7,0.0,0.0,642.2,0.0,3.8,620.7,17.7,633,,BROACH,
Gujarat,Broach,IMD110-P631,2002,0.0,0.0,0.0,0.0,0.0,276.5,18.1,316.2,120.6,0.0,0.0,0.0,731.4,0.0,0.0,731.4,0.0,633,,BROACH,
Gujarat,Broach,IMD110-P631,2003,0.0,0.0,0.0,0.0,0.0,165.5,341.6,187.4,114.6,0.5,0.0,0.0,809.7,0.0,0.0,809.2,0.5,633,,BROACH,
Gujarat,Broach,IMD110-P631,2004,0.0,0.0,0.0,0.0,10.0,107.8,232.4,443.4,42.2,15.6,0.0,0.0,851.3,0.0,10.0,825.7,15.6,633,,BROACH,
Gujarat,Broach,IMD110-P631,2005,0.0,0.0,0.0,0.0,0.0,442.2,167.1,99.4,244.0,0.0,0.0,0.0,952.8,0.0,0.0,952.8,0.0,633,,BROACH,
Gujarat,Broach,IMD110-P631,2006,0.0,0.0,0.0,0.0,0.0,67.1,580.6,225.8,86.4,4.7,3.7,0.0,968.3,0.0,0.0,959.9,8.4,633,,BROACH,
Gujarat,Broach,IMD110-P631,2007,0.0,0.1,0.0,0.0,0.0,75.6,489.4,225.1,202.2,0.0,0.0,0.0,992.3,0.1,0.0,992.3,0.0,633,,BROACH,
Gujarat,Broach,IMD110-P631,2008,0.0,0.0,0.0,2.7,0.0,48.5,287.4,225.1,209.5,9.0,0.9,0.0,783.1,0.0,2.7,770.6,9.9,633,,BROACH,
Gujarat,Broach,IMD110-P631,2009,0.0,0.0,0.0,0.0,0.0,12.4,250.0,83.6,42.8,38.5,3.0,0.0,430.3,0.0,0.0,388.8,41.5,633,,BROACH,
Gujarat,Broach,IMD110-P631,2010,,0.0,0.0,0.0,0.0,44.0,291.6,282.5,283.9,13.5,20.9,0.0,,,0.0,902.0,34.4,633,missing_months,BROACH,
Gujarat,Chhota udepur,IMD110-P634,2001,0.0,0.0,0.0,0.0,0.0,230.0,309.0,316.0,17.0,52.0,0.0,0.0,924.0,0.0,0.0,872.0,52.0,634,,CHHOTA UDEPUR,
Gujarat,Chhota udepur,IMD110-P634,2002,0.0,0.0,0.0,0.0,0.0,187.0,24.0,309.0,233.0,0.0,0.0,0.0,753.0,0.0,0.0,753.0,0.0,634,,CHHOTA UDEPUR,
Gujarat,Chhota udepur,IMD110-P634,2003,0.0,0.0,0.0,0.0,0.0,240.0,389.0,269.0,199.0,0.0,0.0,0.0,1097.0,0.0,0.0,1097.0,0.0,634,,CHHOTA UDEPUR,
Gujarat,Chhota udepur,IMD110-P634,2004,,,,,,132.5,291.0,840.0,63.5,,,,,,,1327.0,,634,missing_months,CHHOTA UDEPUR,
Gujarat,Chhota udepur,IMD110-P634,2005,,,,,,336.0,422.5,221.0,259.0,,,,,,,1238.5,,634,missing_months,CHHOTA UDEPUR,
Gujarat,Chhota udepur,IMD110-P634,2006,,,,,,140.5,627.0,853.5,183.5,21.5,,,,,,1804.5,,634,missing_months,CHHOTA UDEPUR,
Gujarat,Chhota udepur,IMD110-P634,2007,,,,,,108.5,692.5,367.0,315.0,0.0,,,,,,1483.0,,634,missing_months,CHHOTA UDEPUR,
Gujarat,Chhota udepur,IMD110-P634,2008,,,,,,22.0,301.5,330.5,168.0,25.0,,,,,,822.0,,634,missing_months,CHHOTA UDEPUR,
Gujarat,Chhota udepur,IMD110-P634,2009,,,,,,1.5,225.0,192.5,58.0,49.5,,,,,,477.0,,634,missing_months,CHHOTA UDEPUR,
Gujarat,Chhota udepur,IMD110-P634,2010,,,,,,54.5,229.0,449.5,228.0,0.0,,,,,,961.0,,634,missing_months,CHHOTA UDEPUR,
Gujarat,Dangs,IMD110-P635,1903,0.3,0.0,0.0,0.0,88.2,76.9,490.0,363.7,504.1,80.8,0.0,0.0,1604.0,0.3,88.2,1434.7,80.8,635,,DANGS,
Gujarat,Dangs,IMD110-P635,1904,0.0,11.2,10.2,7.1,0.0,125.9,325.2,367.4,510.7,70.3,0.0,4.3,1432.3,11.2,17.3,1329.2,74.6,635,,DANGS,
Gujarat,Dangs,IMD110-P635,1905,0.0,0.5,0.0,0.0,0.0,93.8,892.7,203.6,168.5,8.6,0.8,0.0,1368.5,0.5,0.0,1358.6,9.4,635,,DANGS,
Gujarat,Dangs,IMD110-P635,1906,0.0,14.0,0.0,0.0,0.0,251.4,427.8,382.4,112.5,15.2,0.0,0.0,1203.3,14.0,0.0,1174.1,15.2,635,,DANGS,
Gujarat,Dangs,IMD110-P635,1907,0.0,1.8,0.5,21.3,0.0,131.6,496.6,782.7,28.2,0.5,0.0,0.0,1463.2,1.8,21.8,1439.1,0.5,635,,DANGS,
Gujarat,Dangs,IMD110-P635,1908,11.7,0.0,0.0,0.0,0.0,102.1,884.4,465.9,99.6,2.3,0.0,0.0,1566.0,11.7,0.0,1552.0,2.3,635,,DANGS,
Gujarat,Dangs,IMD110-P635,1909,0.0,0.0,0.0,0.0,0.0,468.8,694.9,264.8,195.7,16.0,0.0,0.0,1640.2,0.0,0.0,1624.2,16.0,635,,DANGS,
Gujarat,Dangs,IMD110-P635,1910,0.0,0.0,0.0,0.0,0.0,156.4,434.6,441.2,184.1,48.3,6.1,0.0,1270.7,0.0,0.0,1216.3,54.4,635,,DANGS,
Gujarat,Dangs,IMD110-P635,1911,17.6,0.0,5.3,0.0,0.0,303.1,188.4,402.9,151.0,0.0,15.7,0.0,1084.0,17.6,5.3,1045.4,15.7,635,,DANGS,
Gujarat,Dangs,IMD110-P635,1912,0.0,0.0,0.0,0.0,1.5,145.1,1367.4,568.5,58.4,71.9,120.1,0.0,2332.9,0.0,1.5,2139.4,192.0,635,,DANGS,
Gujarat,Dangs,IMD110-P635,1913,0.0,0.0,0.0,0.0,5.6,458.2,441.9,363.2,185.8,3.8,0.0,0.0,1458.5,0.0,5.6,1449.1,3.8,635,,DANGS,
Gujarat,Dangs,IMD110-P635,1914,0.0,8.9,0.0,0.0,0.0,434.5,1487.9,283.2,367.9,0.0,26.7,0.0,2609.1,8.9,0.0,2573.5,26.7,635,,DANGS,
Gujarat,Dangs,IMD110-P635,1915,1.0,0.0,0.0,25.4,0.0,242.8,402.7,445.4,242.8,87.5,27.9,2.5,1478.0,1.0,25.4,1333.7,117.9,635,,DANGS,
Gujarat,Dangs,IMD110-P635,1916,0.0,0.0,9.4,0.0,0.0,306.4,198.2,717.9,348.6,57.7,0.8,0.0,1639.0,0.0,9.4,1571.1,58.5,635,,DANGS,
Gujarat,Dangs,IMD110-P635,1917,0.0,0.0,0.0,0.0,85.9,166.3,484.3,827.3,415.2,394.9,0.0,0.0,2373.9,0.0,85.9,1893.1,394.9,635,,DANGS,
Gujarat,Dangs,IMD110-P635,1918,0.0,0.0,6.6,0.0,66.4,101.6,216.9,466.5,51.8,0.0,2.5,0.0,912.3,0.0,73.0,836.8,2.5,635,,DANGS,
Gujarat,Dangs,IMD110-P635,1919,13.7,0.0,0.0,0.0,0.0,343.6,715.5,812.6,207.1,38.1,18.5,0.0,2149.1,13.7,0.0,2078.8,56.6,635,,DANGS,
Gujarat,Dangs,IMD110-P635,1920,135.4,5.8,0.0,7.6,9.9,224.0,317.6,339.6,225.2,0.0,0.0,0.0,1265.1,141.2,17.5,1106.4,0.0,635,,DANGS,
Gujarat,Dangs,IMD110-P635,1921,4.3,0.0,0.0,0.0,0.0,94.6,571.3,367.9,565.6,1.3,0.0,0.0,1605.0,4.3,0.0,1599.4,1.3,635,,DANGS,
Gujarat,Dangs,IMD110-P635,1922,1.5,0.0,0.0,0.0,0.0,310.4,541.2,263.0,527.9,39.0,10.2,18.5,1711.7,1.5,0.0,1642.5,67.7,635,,DANGS,
Gujarat,Dangs,IMD110-P635,1923,0.0,5.8,10.7,,0.0,13.7,771.2,431.0,275.4,0.0,0.0,0.0,,5.8,,1491.3,0.0,635,missing_months,DANGS,
Gujarat,Dangs,IMD110-P635,1924,0.0,0.0,2.8,0.0,0.0,170.1,424.3,776.6,199.2,35.1,0.0,1.3,1609.4,0.0,2.8,1570.2,36.4,635,,DANGS,
Gujarat,Dangs,IMD110-P635,1925,0.0,0.0,0.0,0.0,60.6,278.8,447.0,292.4,57.9,0.0,25.2,0.0,1161.9,0.0,60.6,1076.1,25.2,635,,DANGS,
Gujarat,Dangs,IMD110-P635,1926,37.4,0.0,0.0,5.4,0.0,104.3,404.2,964.7,239.7,0.0,0.0,0.0,1755.7,37.4,5.4,1712.9,0.0,635,,DANGS,
Gujarat,Dangs,IMD110-P635,1927,0.0,0.0,0.0,0.0,0.0,201.9,1303.8,231.6,325.3,176.9,50.3,0.0,2289.8,0.0,0.0,2062.6,227.2,635,,DANGS,
Gujarat,Dangs,IMD110-P635,1928,0.0,0.0,0.0,0.0,0.0,36.4,647.6,509.7,327.2,25.4,0.0,14.4,1560.7,0.0,0.0,1520.9,39.8,635,,DANGS,
Gujarat,Dangs,IMD110-P635,1929,1.3,0.0,0.0,76.4,0.0,231.7,645.0,308.2,107.8,11.4,0.0,9.1,1390.9,1.3,76.4,1292.7,20.5,635,,DANGS,
Gujarat,Dangs,IMD110-P635,1930,0.0,0.8,0.0,0.0,0.0,196.3,896.8,307.0,193.9,40.6,0.0,1.5,1636.9,0.8,0.0,1594.0,42.1,635,,DANGS,
Gujarat,Dangs,IMD110-P635,1931,0.0,0.0,0.0,0.0,0.0,86.8,992.3,679.1,189.9,283.7,30.8,25.9,2288.5,0.0,0.0,1948.2,340.4,635,,DANGS,
Gujarat,Dangs,IMD110-P635,1932,0.0,0.3,0.0,12.1,8.6,99.1,1218.2,328.3,450.8,159.8,9.6,2.4,2289.3,0.3,20.8,2096.4,171.8,635,,DANGS,
Gujarat,Dangs,IMD110-P635,1933,0.0,0.0,0.0,0.0,58.7,340.1,370.3,1036.3,598.3,116.6,3.9,20.4,2544.5,0.0,58.7,2344.9,140.9,635,,DANGS,
Gujarat,Dangs,IMD110-P635,1934,0.0,0.0,0.0,0.0,0.0,270.1,514.3,764.3,315.3,3.5,102.6,0.0,1970.1,0.0,0.0,1864.0,106.0,635,,DANGS,
Gujarat,Dangs,IMD110-P635,1935,6.3,0.0,0.0,0.0,0.0,363.8,720.2,372.5,334.0,15.5,0.0,0.0,1812.3,6.3,0.0,1790.4,15.5,635,,DANGS,
Gujarat,Dangs,IMD110-P635,1936,0.0,0.0,1.4,0.0,19.4,298.1,404.3,228.2,307.8,0.6,102.6,0.0,1362.6,0.0,20.8,1238.5,103.3,635,,DANGS,
Gujarat,Dangs,IMD110-P635,1937,0.0,6.1,0.4,0.0,0.0,501.0,1066.2,209.8,423.8,18.3,0.0,13.9,2239.3,6.1,0.4,2200.8,32.1,635,,DANGS,
Gujarat,Dangs,IMD110-P635,1938,0.0,0.6,0.0,0.0,82.2,620.1,606.3,414.0,204.8,77.9,0.0,0.0,2005.8,0.6,82.2,1845.1,77.9,635,,DANGS,
Gujarat,Dangs,IMD110-P635,1939,0.0,0.0,5.8,0.0,0.0,82.8,751.4,557.2,262.9,5.8,15.0,0.0,1680.8,0.0,5.8,1654.2,20.8,635,,DANGS,
Gujarat,Dangs,IMD110-P635,1940,0.9,9.4,0.0,22.0,0.0,148.2,662.9,429.5,408.6,141.9,52.4,0.0,1875.8,10.3,22.0,1649.2,194.3,635,,DANGS,
Gujarat,Dangs,IMD110-P635,1941,0.0,2.5,0.0,0.0,0.0,149.1,1407.1,214.6,84.2,14.8,0.0,0.0,1872.4,2.5,0.0,1855.0,14.8,635,,DANGS,
Gujarat,Dangs,IMD110-P635,1942,0.0,5.8,0.0,0.0,0.0,375.5,1003.8,523.3,352.8,0.0,0.0,6.9,2268.1,5.8,0.0,2255.3,6.9,635,,DANGS,
Gujarat,Dangs,IMD110-P635,1943,0.0,0.0,0.0,0.0,11.9,186.8,1071.9,229.6,303.8,127.3,0.0,0.0,1931.3,0.0,11.9,1792.1,127.3,636,,DANGS,
Gujarat,Dangs,IMD110-P635,1944,0.0,0.0,12.1,0.0,14.0,226.1,1307.4,1028.6,177.9,55.9,0.0,0.0,2822.0,0.0,26.0,2740.0,55.9,636,,DANGS,
Gujarat,Dangs,IMD110-P635,1945,10.6,0.0,0.0,0.4,0.0,401.5,1060.2,631.7,506.9,2.0,0.0,0.0,2613.4,10.6,0.4,2600.3,2.0,636,,DANGS,
Gujarat,Dangs,IMD110-P635,1946,0.0,0.0,0.0,9.6,2.0,316.6,763.2,1127.6,322.5,14.4,93.7,8.8,2658.4,0.0,11.7,2529.9,116.8,636,,DANGS,
Gujarat,Dangs,IMD110-P635,1947,0.0,0.0,0.0,20.8,0.0,22.4,682.3,560.1,640.7,54.9,0.0,0.0,1981.1,0.0,20.8,1905.4,54.9,636,,DANGS,
Gujarat,Dangs,IMD110-P635,1948,13.9,0.0,0.0,0.0,0.0,334.5,591.6,325.6,146.6,45.8,49.8,0.0,1507.9,13.9,0.0,1398.3,95.6,636,,DANGS,
Gujarat,Dangs,IMD110-P635,1949,0.0,0.0,0.0,0.0,37.8,116.8,552.8,555.5,570.3,112.8,0.6,0.0,1946.8,0.0,37.8,1795.5,113.4,636,,DANGS,
Gujarat,Dangs,IMD110-P635,1950,0.0,0.0,0.0,0.9,0.0,11.1,1791.4,178.0,568.5,35.0,0.0,0.0,2585.1,0.0,0.9,2549.1,35.0,636,,DANGS,
Gujarat,Dangs,IMD110-P635,1951,0.0,0.0,0.6,1.6,2.7,246.4,474.2,359.4,42.3,119.3,25.1,0.0,1271.8,0.0,4.9,1122.3,144.5,636,,DANGS,
Gujarat,Dangs,IMD110-P635,1952,0.0,0.0,0.0,0.0,0.0,387.9,854.9,274.5,67.8,14.8,0.0,0.0,1599.8,0.0,0.0,1585.0,14.8,636,,DANGS,
Gujarat,Dangs,IMD110-P635,1953,1.3,0.0,1.0,1.8,0.0,480.4,366.8,973.0,153.6,9.1,0.0,0.0,1986.8,1.3,2.8,1973.7,9.1,636,,DANGS,
Gujarat,Dangs,IMD110-P635,1954,0.0,0.9,7.2,0.0,0.0,207.0,599.8,377.3,1216.1,8.4,0.0,6.0,2422.6,0.9,7.2,2400.2,14.4,636,,DANGS,
Gujarat,Dangs,IMD110-P635,1955,0.4,0.0,0.0,20.7,6.3,273.5,356.2,768.6,569.2,308.0,0.0,0.0,2302.9,0.4,27.1,1967.4,308.0,636,,DANGS,
Gujarat,Dangs,IMD110-P635,1956,0.6,0.0,0.0,1.1,117.8,118.8,1546.6,556.5,245.0,160.6,16.3,4.3,2767.6,0.6,119.0,2466.9,181.1,636,,DANGS,
Gujarat,Dangs,IMD110-P635,1957,0.0,0.0,0.0,0.0,3.6,140.7,485.9,501.4,61.3,4.8,7.4,0.0,1205.1,0.0,3.6,1189.3,12.2,636,,DANGS,
Gujarat,Dangs,IMD110-P635,1958,1.0,0.0,4.3,35.2,1.3,148.0,933.0,451.1,667.3,44.5,50.7,0.0,2336.3,1.0,40.8,2199.4,95.2,636,,DANGS,
Gujarat,Dangs,IMD110-P635,1959,0.0,0.0,0.0,14.9,22.7,87.1,804.0,734.0,571.6,165.6,68.0,0.0,2467.9,0.0,37.6,2196.6,233.6,636,,DANGS,
Gujarat,Dangs,IMD110-P635,1960,0.0,0.0,0.0,0.0,63.5,102.6,408.5,600.7,170.4,17.5,0.0,0.0,1363.3,0.0,63.5,1282.3,17.5,636,,DANGS,
Gujarat,Dangs,IMD110-P635,1961,0.0,0.0,0.0,0.0,0.0,115.7,618.5,308.3,322.1,89.5,0.0,0.0,1454.1,0.0,0.0,1364.6,89.5,636,,DANGS,
Gujarat,Dangs,IMD110-P635,1962,0.0,0.0,3.0,9.5,24.1,77.5,526.0,201.1,350.5,0.0,27.1,30.9,1249.7,0.0,36.7,1155.1,57.9,636,,DANGS,
Gujarat,Dangs,IMD110-P635,1963,1.2,0.0,22.5,0.0,0.4,200.6,496.6,841.1,244.5,66.1,34.7,0.0,1907.8,1.2,22.9,1782.8,100.8,636,,DANGS,
Gujarat,Dangs,IMD110-P635,1964,0.0,0.0,0.0,0.0,32.3,236.7,869.4,505.9,391.7,0.9,0.0,0.0,2036.9,0.0,32.3,2003.7,0.9,636,,DANGS,
Gujarat,Dangs,IMD110-P635,1965,13.4,0.0,0.0,0.0,0.0,67.3,1114.9,464.3,79.7,0.0,15.4,0.0,1755.0,13.4,0.0,1726.2,15.4,636,,DANGS,
Gujarat,Dangs,IMD110-P635,1966,0.0,0.0,0.0,0.0,0.0,257.4,665.3,293.2,463.2,17.8,5.8,0.0,1702.8,0.0,0.0,1679.2,23.6,636,,DANGS,
Gujarat,Dangs,IMD110-P635,1967,0.0,0.0,17.1,4.9,2.2,227.9,1128.3,322.8,266.7,22.4,0.0,41.4,2033.6,0.0,24.2,1945.7,63.8,636,,DANGS,
Gujarat,Dangs,IMD110-P635,1968,0.0,0.0,0.7,0.0,0.0,140.5,504.9,1020.7,162.1,133.8,0.0,0.0,1962.7,0.0,0.7,1828.2,133.8,636,,DANGS,
Gujarat,Dangs,IMD110-P635,1969,0.0,0.0,0.0,0.0,0.0,45.0,876.4,511.2,679.4,0.3,7.0,0.6,2119.9,0.0,0.0,2112.0,7.9,636,,DANGS,
Gujarat,Dangs,IMD110-P635,1970,0.0,0.0,0.0,0.3,2.8,504.6,502.3,754.3,581.0,43.3,0.0,0.0,2388.4,0.0,3.1,2342.1,43.3,636,,DANGS,
Gujarat,Dangs,IMD110-P635,1971,0.0,0.0,0.0,0.0,12.1,233.8,460.9,437.6,431.8,17.2,0.0,0.0,1593.4,0.0,12.1,1564.1,17.2,636,,DANGS,
Gujarat,Dangs,IMD110-P635,1972,0.0,0.0,0.0,0.0,7.2,155.8,470.4,486.7,88.6,1.9,0.0,0.0,1210.7,0.0,7.2,1201.6,1.9,636,,DANGS,
Gujarat,Dangs,IMD110-P635,1973,0.0,0.0,0.0,0.0,9.6,110.9,604.9,578.4,629.8,16.7,0.0,0.0,1950.3,0.0,9.6,1924.0,16.7,636,,DANGS,
Gujarat,Dangs,IMD110-P635,1974,0.0,0.0,0.0,10.1,28.2,68.0,231.8,284.4,164.9,162.1,0.0,0.0,949.4,0.0,38.3,749.0,162.1,636,,DANGS,
Gujarat,Dangs,IMD110-P635,1975,0.0,0.0,0.0,0.0,0.0,131.3,291.9,492.7,234.0,3.1,0.0,0.0,1153.0,0.0,0.0,1149.9,3.1,636,,DANGS,
Gujarat,Dangs,IMD110-P635,1976,0.4,0.0,0.4,0.0,0.0,527.5,1188.3,929.5,276.3,4.7,24.5,0.0,2951.6,0.4,0.4,2921.6,29.2,636,,DANGS,
Gujarat,Dangs,IMD110-P635,1977,0.0,0.0,0.0,0.0,0.0,469.8,584.0,488.4,311.8,0.0,0.0,0.0,1854.1,0.0,0.0,1854.1,0.0,636,,DANGS,
Gujarat,Dangs,IMD110-P635,1978,0.0,0.0,0.0,0.0,0.0,211.1,537.8,734.0,209.6,3.3,30.6,0.8,1727.0,0.0,0.0,1692.3,34.7,636,,DANGS,
Gujarat,Dangs,IMD110-P635,1979,44.4,5.8,0.0,0.0,0.0,228.4,805.2,1053.0,237.2,103.4,114.2,0.0,2591.6,50.2,0.0,2323.8,217.6,636,,DANGS,
Gujarat,Dangs,IMD110-P635,1980,2.5,0.0,0.0,0.0,5.7,452.9,517.3,789.0,186.9,21.7,0.0,12.2,1988.1,2.5,5.7,1946.0,33.9,636,,DANGS,
Gujarat,Dangs,IMD110-P635,1981,2.4,0.0,0.0,0.0,0.0,256.5,1051.5,489.4,310.6,37.9,0.0,0.0,2148.3,2.4,0.0,2108.0,37.9,636,,DANGS,
Gujarat,Dangs,IMD110-P635,1982,0.0,0.0,0.0,0.0,9.5,400.1,516.6,639.2,61.2,16.0,31.4,0.0,1674.0,0.0,9.5,1617.1,47.4,636,,DANGS,
Gujarat,Dangs,IMD110-P635,1983,0.0,0.0,0.0,0.0,0.0,242.5,793.6,1192.7,572.2,113.8,0.0,0.0,2914.8,0.0,0.0,2801.0,113.8,636,,DANGS,
Gujarat,Dangs,IMD110-P635,1984,0.0,0.0,0.0,0.0,0.0,210.6,860.5,616.5,239.8,60.0,0.0,0.0,1987.3,0.0,0.0,1927.3,60.0,637,,DANGS,
Gujarat,Dangs,IMD110-P635,1985,0.0,0.0,0.0,0.0,0.0,90.5,766.3,611.7,38.5,51.0,0.0,0.0,1558.0,0.0,0.0,1506.9,51.0,637,,DANGS,
Gujarat,Dangs,IMD110-P635,1986,0.0,0.0,0.0,0.0,0.0,211.0,573.9,344.4,69.5,0.0,13.1,0.0,1211.8,0.0,0.0,1198.8,13.1,637,,DANGS,
Gujarat,Dangs,IMD110-P635,1987,0.0,12.7,0.0,0.0,0.0,62.9,533.3,399.4,44.1,1.5,32.1,7.5,1093.5,12.7,0.0,1039.7,41.1,637,,DANGS,
Gujarat,Dangs,IMD110-P635,1988,0.0,0.0,0.0,12.9,0.0,305.2,1029.0,323.7,706.1,71.0,0.0,0.0,2447.9,0.0,12.9,2364.0,71.0,637,,DANGS,
Gujarat,Dangs,IMD110-P635,1989,0.0,0.0,0.0,0.0,0.0,153.8,800.9,551.5,170.6,23.3,0.0,0.0,1700.0,0.0,0.0,1676.7,23.3,637,,DANGS,
Gujarat,Dangs,IMD110-P635,1990,0.0,0.0,0.0,0.0,66.2,307.0,313.8,650.6,405.6,85.0,0.0,0.0,1828.2,0.0,66.2,1677.0,85.0,637,,DANGS,
Gujarat,Dangs,IMD110-P635,1992,0.0,0.0,0.0,0.0,0.0,443.4,365.0,638.4,418.4,70.2,0.0,0.0,1935.4,0.0,0.0,1865.2,70.2,637,,DANGS,
Gujarat,Dangs,IMD110-P635,1993,0.0,0.0,0.0,0.0,0.0,429.6,1263.6,350.4,889.4,276.2,0.0,0.0,3209.2,0.0,0.0,2933.0,276.2,637,,DANGS,
Gujarat,Dangs,IMD110-P635,1994,0.0,0.0,0.0,0.0,0.0,1052.0,1721.6,1000.6,942.8,72.6,0.0,0.0,4789.6,0.0,0.0,4717.0,72.6,637,,DANGS,
Gujarat,Dangs,IMD110-P635,1995,22.0,0.0,0.0,0.0,0.0,28.0,892.1,302.2,314.6,293.4,0.0,0.0,1852.3,22.0,0.0,1536.9,293.4,637,,DANGS,
Gujarat,Dangs,IMD110-P635,1996,0.0,0.0,0.0,0.0,0.0,197.3,628.6,623.1,365.2,94.7,0.0,0.0,1909.0,0.0,0.0,1814.2,94.7,637,,DANGS,
Gujarat,Dangs,IMD110-P635,1997,0.0,0.0,0.0,0.0,0.0,335.9,573.3,785.9,179.7,8.3,0.0,0.0,1883.1,0.0,0.0,1874.8,8.3,637,,DANGS,
Gujarat,Dangs,IMD110-P635,1998,0.0,0.0,0.0,0.0,0.0,205.9,563.2,840.2,470.4,228.8,24.9,0.0,2333.4,0.0,0.0,2079.7,253.7,637,,DANGS,
Gujarat,Dangs,IMD110-P635,2001,0.0,0.0,0.0,0.0,0.0,541.0,1114.0,779.0,130.0,85.0,0.0,0.0,2649.0,0.0,0.0,2564.0,85.0,637,,DANGS,
Gujarat,Dangs,IMD110-P635,2002,0.0,0.0,0.0,0.0,0.0,778.0,303.0,658.0,697.0,4.0,0.0,0.0,2440.0,0.0,0.0,2436.0,4.0,637,,DANGS,
Gujarat,Dangs,IMD110-P635,2003,0.0,0.0,0.0,0.0,0.0,479.0,1252.0,987.0,447.0,14.0,0.0,0.0,3179.0,0.0,0.0,3165.0,14.0,637,,DANGS,
Gujarat,Dangs,IMD110-P635,2004,0.0,0.0,0.0,0.0,0.0,384.0,517.0,1373.0,235.0,,0.0,0.0,,0.0,0.0,2509.0,,637,missing_months,DANGS,
Gujarat,Dangs,IMD110-P635,2005,0.0,0.0,,0.0,0.0,1450.0,833.0,774.0,745.0,,0.0,0.0,,0.0,,3802.0,,637,missing_months,DANGS,
Gujarat,Dangs,IMD110-P635,2006,0.0,0.0,9.0,0.0,0.0,193.0,1269.0,954.0,151.0,59.0,0.0,0.0,2635.0,0.0,9.0,2567.0,59.0,637,,DANGS,
Gujarat,Dangs,IMD110-P635,2007,0.0,0.0,0.0,0.0,0.0,258.0,805.0,518.0,252.0,0.0,36.0,0.0,1869.0,0.0,0.0,1833.0,36.0,637,,DANGS,
Gujarat,Dangs,IMD110-P635,2008,0.0,0.0,0.0,0.0,0.0,68.0,546.0,1071.0,784.0,142.0,0.0,0.0,2611.0,0.0,0.0,2469.0,142.0,637,,DANGS,
Gujarat,Dangs,IMD110-P635,2009,0.0,0.0,0.0,0.0,0.0,37.0,869.0,160.0,246.0,174.0,59.0,0.0,1545.0,0.0,0.0,1312.0,233.0,637,,DANGS,
Gujarat,Dangs,IMD110-P635,2010,0.0,0.0,0.0,0.0,0.0,166.0,427.0,937.0,341.0,87.0,144.0,0.0,2102.0,0.0,0.0,1871.0,231.0,637,,DANGS,
Gujarat,Devbhumi Dwarka,IMD110-P638,2001,0.0,0.0,0.0,0.0,3.5,357.4,248.4,112.6,39.5,0.4,0.0,0.0,761.8,0.0,3.5,757.8,0.4,638,,DEVBHUMI DWARAKA,
Gujarat,Devbhumi Dwarka,IMD110-P638,2002,0.0,0.0,0.0,0.0,0.0,103.9,5.2,133.3,3.8,0.0,0.0,0.6,246.7,0.0,0.0,246.1,0.6,638,,DEVBHUMI DWARAKA,
Gujarat,Devbhumi Dwarka,IMD110-P638,2003,0.0,0.1,0.0,0.0,0.0,35.9,463.0,156.9,7.4,0.0,0.0,0.0,663.2,0.1,0.0,663.2,0.0,638,,DEVBHUMI DWARAKA,
Gujarat,Devbhumi Dwarka,IMD110-P638,2004,0.4,0.0,0.0,0.0,23.4,107.9,46.7,242.0,23.4,37.3,0.0,0.0,481.0,0.4,23.4,419.9,37.3,638,,DEVBHUMI DWARAKA,
Gujarat,Devbhumi Dwarka,IMD110-P638,2005,0.0,0.0,0.0,0.0,0.0,99.7,112.0,66.9,196.4,0.0,0.0,0.0,474.9,0.0,0.0,474.9,0.0,638,,DEVBHUMI DWARAKA,
Gujarat,Devbhumi Dwarka,IMD110-P638,2006,0.0,0.0,1.3,0.0,0.0,67.5,439.7,342.8,99.0,0.0,0.0,0.0,950.3,0.0,1.3,949.0,0.0,638,,DEVBHUMI DWARAKA,
Gujarat,Devbhumi Dwarka,IMD110-P638,2007,0.0,10.9,0.0,0.0,0.0,188.0,166.8,607.4,167.2,0.0,1.3,0.0,1141.7,10.9,0.0,1129.4,1.3,638,,DEVBHUMI DWARAKA,
Gujarat,Devbhumi Dwarka,IMD110-P638,2008,0.4,0.0,0.0,0.0,0.0,168.6,252.3,69.8,161.1,1.8,0.5,0.5,654.9,0.4,0.0,651.8,2.7,638,,DEVBHUMI DWARAKA,
Gujarat,Devbhumi Dwarka,IMD110-P638,2009,0.0,0.0,0.0,0.0,0.0,228.3,614.7,140.4,15.3,0.0,0.0,0.0,998.5,0.0,0.0,998.5,0.0,638,,DEVBHUMI DWARAKA,
Gujarat,Devbhumi Dwarka,IMD110-P638,2010,0.4,0.0,0.0,0.0,0.0,110.5,615.0,685.3,426.9,6.8,82.5,0.0,1927.2,0.4,0.0,1837.7,89.2,638,,DEVBHUMI DWARAKA,
Gujarat,Dohad,IMD110-P639,1901,3.3,0.0,2.2,0.0,0.0,31.0,238.4,220.5,15.0,7.8,0.0,0.0,518.3,3.3,2.2,504.9,7.8,639,,DOHAD,
Gujarat,Dohad,IMD110-P639,1902,11.6,0.0,0.0,0.0,0.0,19.5,194.6,285.4,315.9,0.5,0.4,7.8,835.6,11.6,0.0,815.3,8.8,639,,DOHAD,
Gujarat,Dohad,IMD110-P639,1903,0.0,0.0,0.0,0.0,13.8,9.8,404.0,149.0,293.5,2.8,0.0,0.0,872.8,0.0,13.8,856.2,2.8,639,,DOHAD,
Gujarat,Dohad,IMD110-P639,1904,0.0,10.9,17.9,0.0,26.7,101.7,266.2,55.3,140.5,0.0,0.0,2.5,621.7,10.9,44.6,563.7,2.5,639,,DOHAD,
Gujarat,Dohad,IMD110-P639,1905,0.0,1.3,0.9,0.0,0.0,26.6,641.2,50.6,132.1,0.0,0.0,0.0,852.7,1.3,0.9,850.5,0.0,639,,DOHAD,
Gujarat,Dohad,IMD110-P639,1906,0.0,7.1,0.0,0.0,0.0,159.4,278.5,260.0,252.4,2.0,0.0,0.0,959.4,7.1,0.0,950.3,2.0,639,,DOHAD,
Gujarat,Dohad,IMD110-P639,1907,0.0,4.0,0.0,0.4,0.0,28.6,366.9,293.4,20.7,0.0,0.0,0.0,713.9,4.0,0.4,709.5,0.0,639,,DOHAD,
Gujarat,Dohad,IMD110-P639,1908,5.1,0.3,0.0,0.0,0.0,60.2,437.3,305.9,25.8,0.0,0.0,0.0,834.5,5.3,0.0,829.2,0.0,639,,DOHAD,
Gujarat,Dohad,IMD110-P639,1909,0.0,0.6,0.0,13.7,0.6,151.9,384.4,341.3,189.6,0.0,0.0,12.4,1094.5,0.6,14.3,1067.2,12.4,639,,DOHAD,
Gujarat,Dohad,IMD110-P639,1910,1.1,0.0,0.0,0.0,0.0,437.8,360.1,385.7,28.0,21.8,47.2,0.0,1281.8,1.1,0.0,1211.7,69.0,639,,DOHAD,
Gujarat,Dohad,IMD110-P639,1911,0.0,0.0,6.6,0.0,0.0,248.0,53.7,45.8,48.8,0.0,9.1,0.0,412.0,0.0,6.6,396.3,9.1,639,,DOHAD,
Gujarat,Dohad,IMD110-P639,1912,0.0,0.0,0.0,0.5,6.8,109.3,425.0,290.0,24.8,0.0,39.1,0.0,895.5,0.0,7.3,849.1,39.1,639,,DOHAD,
Gujarat,Dohad,IMD110-P639,1913,0.0,0.0,0.0,0.0,41.3,423.8,646.6,176.0,166.4,0.0,0.0,2.0,1456.2,0.0,41.3,1412.8,2.0,639,,DOHAD,
Gujarat,Dohad,IMD110-P639,1914,0.0,0.5,0.0,0.0,3.6,126.4,285.0,127.3,296.8,10.3,2.7,0.0,852.6,0.5,3.6,835.6,12.9,639,,DOHAD,
Gujarat,Dohad,IMD110-P639,1915,18.1,2.5,22.5,0.5,11.1,134.8,109.8,157.4,42.0,207.9,0.0,0.0,706.6,20.7,34.2,443.9,207.9,639,,DOHAD,
Gujarat,Dohad,IMD110-P639,1916,0.0,0.0,0.0,0.8,1.3,137.1,167.5,369.1,155.3,17.6,27.3,0.0,875.9,0.0,2.0,829.0,44.9,639,,DOHAD,
Gujarat,Dohad,IMD110-P639,1917,7.3,14.5,0.0,4.1,177.5,223.9,248.6,325.8,434.3,147.6,0.0,0.0,1583.4,21.7,181.5,1232.6,147.6,639,,DOHAD,
Gujarat,Dohad,IMD110-P639,1918,0.0,0.0,0.4,0.0,10.1,44.5,105.6,188.8,11.9,0.0,0.0,0.0,361.1,0.0,10.4,350.6,0.0,639,,DOHAD,
Gujarat,Dohad,IMD110-P639,1919,7.3,0.0,0.0,2.7,4.6,152.4,231.1,634.1,89.3,27.0,13.1,0.0,1161.6,7.3,7.3,1106.9,40.1,639,,DOHAD,
Gujarat,Dohad,IMD110-P639,1920,28.3,0.0,0.0,0.0,59.1,268.2,180.6,81.7,20.5,0.0,0.0,0.0,638.4,28.3,59.1,551.0,0.0,639,,DOHAD,
Gujarat,Dohad,IMD110-P639,1921,0.0,0.0,0.0,0.0,0.0,29.6,419.0,228.0,649.9,0.2,0.0,0.0,1326.6,0.0,0.0,1326.4,0.2,639,,DOHAD,
Gujarat,Dohad,IMD110-P639,1922,11.4,0.0,0.0,0.0,0.0,56.7,203.2,93.8,358.5,0.0,3.0,0.0,726.6,11.4,0.0,712.1,3.0,639,,DOHAD,
Gujarat,Dohad,IMD110-P639,1923,0.0,2.3,2.2,3.2,1.3,0.0,328.0,162.0,150.6,0.0,0.0,0.0,649.5,2.3,6.6,640.6,0.0,639,,DOHAD,
Gujarat,Dohad,IMD110-P639,1924,0.8,0.0,0.0,0.0,7.8,116.6,217.6,247.4,169.1,124.0,0.0,2.5,885.8,0.8,7.8,750.8,126.5,639,,DOHAD,
Gujarat,Dohad,IMD110-P639,1925,0.0,0.0,0.0,0.0,20.7,193.0,204.5,70.8,9.5,0.0,5.6,0.0,504.2,0.0,20.7,477.9,5.6,639,,DOHAD,
Gujarat,Dohad,IMD110-P639,1926,10.5,0.0,0.0,1.1,2.0,18.0,239.5,453.3,190.8,0.0,0.0,0.3,915.5,10.5,3.2,901.5,0.3,639,,DOHAD,
Gujarat,Dohad,IMD110-P639,1927,0.0,1.9,0.0,3.2,6.8,114.3,939.5,196.6,164.6,62.9,24.7,4.1,1518.6,1.9,10.1,1414.9,91.7,639,,DOHAD,
Gujarat,Dohad,IMD110-P639,1928,0.0,0.8,0.0,0.0,0.0,117.6,293.8,364.0,117.3,15.6,4.8,5.1,919.0,0.8,0.0,892.7,25.5,639,,DOHAD,
Gujarat,Dohad,IMD110-P639,1929,0.8,0.0,0.0,11.4,0.0,191.9,294.0,165.4,8.3,0.0,0.0,1.3,673.0,0.8,11.4,659.5,1.3,639,,DOHAD,
Gujarat,Dohad,IMD110-P639,1930,0.3,1.9,0.0,0.0,0.6,93.6,436.5,215.0,225.9,152.1,0.0,0.0,1125.8,2.2,0.6,970.9,152.1,639,,DOHAD,
Gujarat,Dohad,IMD110-P639,1931,0.0,0.0,0.0,0.0,0.0,10.6,220.8,599.0,114.5,172.1,8.0,4.1,1129.1,0.0,0.0,945.0,184.2,639,,DOHAD,
Gujarat,Dohad,IMD110-P639,1932,0.0,0.0,4.4,0.0,0.0,79.2,473.4,124.0,149.1,4.6,0.0,0.0,834.7,0.0,4.4,825.7,4.6,639,,DOHAD,
Gujarat,Dohad,IMD110-P639,1933,0.0,9.9,0.0,1.3,28.1,158.4,231.7,607.2,278.3,12.9,0.0,3.0,1330.8,9.9,29.3,1275.7,16.0,639,,DOHAD,
Gujarat,Dohad,IMD110-P639,1934,0.0,0.0,0.0,0.0,0.0,121.2,240.8,471.1,136.8,0.0,15.3,0.0,985.1,0.0,0.0,969.9,15.3,639,,DOHAD,
Gujarat,Dohad,IMD110-P639,1935,2.5,0.5,0.0,0.0,0.9,88.2,384.1,147.1,283.9,25.9,0.0,0.0,933.0,3.0,0.9,903.2,25.9,639,,DOHAD,
Gujarat,Dohad,IMD110-P639,1936,0.0,5.3,0.3,0.0,0.0,196.5,104.8,18.0,199.3,0.0,48.9,0.0,573.2,5.3,0.3,518.6,48.9,639,,DOHAD,
Gujarat,Dohad,IMD110-P639,1937,0.0,9.0,0.0,0.0,0.0,132.5,569.5,23.0,279.9,2.1,0.0,0.0,1015.9,9.0,0.0,1004.9,2.1,639,,DOHAD,
Gujarat,Dohad,IMD110-P639,1938,0.0,0.0,0.0,0.0,55.7,271.3,355.8,94.2,14.0,26.3,0.0,0.0,817.3,0.0,55.7,735.3,26.3,639,,DOHAD,
Gujarat,Dohad,IMD110-P639,1939,0.0,0.0,5.8,0.0,0.0,5.2,198.7,193.7,304.0,0.0,0.0,0.0,707.3,0.0,5.8,701.5,0.0,639,,DOHAD,
Gujarat,Dohad,IMD110-P639,1940,7.9,0.0,3.3,3.3,0.7,168.4,219.1,256.8,107.0,45.9,34.1,0.0,846.4,7.9,7.3,751.3,80.0,639,,DOHAD,
Gujarat,Dohad,IMD110-P639,1941,1.2,16.4,0.0,1.8,0.0,8.2,450.6,570.3,72.0,0.0,0.0,0.0,1120.4,17.6,1.8,1101.1,0.0,640,,DOHAD,
Gujarat,Dohad,IMD110-P639,1942,9.2,19.8,0.0,0.0,1.9,58.6,439.6,478.1,141.7,0.0,0.0,0.0,1149.0,29.0,1.9,1118.1,0.0,640,,DOHAD,
Gujarat,Dohad,IMD110-P639,1943,0.0,0.0,0.0,0.1,26.5,162.9,300.7,127.7,156.7,8.8,0.0,0.0,783.3,0.0,26.6,747.9,8.8,640,,DOHAD,
Gujarat,Dohad,IMD110-P639,1944,17.1,0.0,7.6,1.6,2.4,172.7,559.8,596.8,87.2,26.3,0.0,0.0,1471.5,17.1,11.6,1416.5,26.3,640,,DOHAD,
Gujarat,Dohad,IMD110-P639,1945,0.8,0.0,0.0,8.7,0.0,193.8,552.4,150.7,471.6,0.1,0.0,0.0,1378.1,0.8,8.7,1368.5,0.1,640,,DOHAD,
Gujarat,Dohad,IMD110-P639,1946,0.0,2.4,0.0,0.5,2.2,218.4,326.0,548.6,66.2,0.0,17.8,13.1,1195.3,2.4,2.7,1159.2,30.9,640,,DOHAD,
Gujarat,Dohad,IMD110-P639,1947,4.4,0.0,0.0,15.3,0.0,9.9,117.5,217.2,174.6,0.7,0.0,0.0,539.6,4.4,15.3,519.2,0.7,640,,DOHAD,
Gujarat,Dohad,IMD110-P639,1948,9.0,1.4,0.0,0.0,0.0,130.1,218.0,145.2,64.2,7.3,46.0,0.0,621.1,10.4,0.0,557.4,53.3,640,,DOHAD,
Gujarat,Dohad,IMD110-P639,1949,0.0,0.0,0.0,0.0,0.0,65.7,207.6,253.2,234.3,7.1,11.8,0.0,779.8,0.0,0.0,760.8,19.0,640,,DOHAD,
Gujarat,Dohad,IMD110-P639,1950,0.0,0.0,0.0,0.0,0.0,18.2,986.0,160.1,363.0,0.0,0.0,0.0,1527.3,0.0,0.0,1527.3,0.0,640,,DOHAD,
Gujarat,Dohad,IMD110-P639,1951,0.0,0.0,0.5,0.0,3.7,103.2,334.8,117.5,8.7,10.4,0.2,0.0,579.0,0.0,4.2,564.3,10.6,640,,DOHAD,
Gujarat,Dohad,IMD110-P639,1952,0.0,0.0,0.0,0.0,0.0,81.5,900.1,196.8,5.6,0.0,0.0,0.0,1184.0,0.0,0.0,1184.0,0.0,640,,DOHAD,
Gujarat,Dohad,IMD110-P639,1953,25.9,0.0,0.0,0.4,0.0,142.8,99.8,427.9,67.1,3.9,0.0,0.0,767.8,25.9,0.4,737.5,3.9,640,,DOHAD,
Gujarat,Dohad,IMD110-P639,1954,0.0,9.0,0.7,0.0,0.0,91.8,220.4,142.4,578.8,138.3,0.0,0.0,1181.4,9.0,0.7,1033.4,138.3,640,,DOHAD,
Gujarat,Dohad,IMD110-P639,1955,5.4,0.1,0.8,0.0,1.5,122.7,56.4,399.5,387.6,86.7,0.0,0.0,1060.7,5.5,2.3,966.2,86.7,640,,DOHAD,
Gujarat,Dohad,IMD110-P639,1956,0.0,0.0,0.0,0.1,28.6,122.1,512.5,271.8,154.8,153.5,0.0,2.4,1245.7,0.0,28.7,1061.1,155.9,640,,DOHAD,
Gujarat,Dohad,IMD110-P639,1957,0.8,0.0,0.0,0.0,0.3,158.8,198.3,279.0,16.0,11.1,12.6,0.2,677.1,0.8,0.3,652.1,23.9,640,,DOHAD,
Gujarat,Dohad,IMD110-P639,1958,0.9,0.0,1.6,3.1,0.0,107.8,353.7,384.8,466.0,99.9,21.7,0.0,1439.5,0.9,4.7,1312.3,121.6,640,,DOHAD,
Gujarat,Dohad,IMD110-P639,1959,0.0,0.0,0.0,0.4,0.7,126.6,449.4,373.7,430.9,54.2,12.9,0.0,1448.8,0.0,1.1,1380.6,67.1,640,,DOHAD,
Gujarat,Dohad,IMD110-P639,1960,9.5,0.0,0.0,0.0,0.2,219.5,114.8,227.3,57.9,11.6,0.0,0.0,641.1,9.5,0.2,619.7,11.6,640,,DOHAD,
Gujarat,Dohad,IMD110-P639,1961,0.0,0.0,0.0,0.0,0.0,58.8,398.0,150.2,374.6,14.3,0.0,0.5,996.4,0.0,0.0,981.6,14.8,640,,DOHAD,
Gujarat,Dohad,IMD110-P639,1962,0.0,0.0,1.4,4.2,0.0,35.1,292.7,279.1,362.5,0.0,11.7,12.3,999.1,0.0,5.6,969.5,24.0,640,,DOHAD,
Gujarat,Dohad,IMD110-P639,1963,1.9,0.0,0.0,0.0,0.0,53.0,243.2,316.8,206.6,38.0,24.0,0.0,883.5,1.9,0.0,819.6,62.0,640,,DOHAD,
Gujarat,Dohad,IMD110-P639,1964,0.0,0.0,0.0,0.0,9.7,79.0,247.8,230.3,147.0,0.0,0.0,0.0,713.9,0.0,9.7,704.1,0.0,640,,DOHAD,
Gujarat,Dohad,IMD110-P639,1965,2.2,0.0,0.0,0.2,0.0,0.0,309.3,161.5,26.4,13.8,0.5,0.0,513.8,2.2,0.2,497.2,14.3,640,,DOHAD,
Gujarat,Dohad,IMD110-P639,1966,0.0,0.0,0.0,0.0,0.0,55.7,210.3,110.2,119.2,0.0,0.0,0.0,495.3,0.0,0.0,495.3,0.0,640,,DOHAD,
Gujarat,Dohad,IMD110-P639,1967,0.0,0.0,40.7,0.0,0.0,183.2,410.8,136.2,288.0,0.0,0.0,53.2,1112.0,0.0,40.7,1018.2,53.2,640,,DOHAD,
Gujarat,Dohad,IMD110-P639,1968,0.0,0.0,1.2,0.0,0.0,17.8,274.5,234.4,46.8,6.4,0.0,0.0,581.2,0.0,1.2,573.5,6.4,640,,DOHAD,
Gujarat,Dohad,IMD110-P639,1969,0.0,0.0,0.0,0.0,0.0,125.8,301.3,223.9,108.9,0.0,14.2,0.0,774.1,0.0,0.0,759.9,14.2,640,,DOHAD,
Gujarat,Dohad,IMD110-P639,1970,1.2,0.0,0.0,0.0,4.8,281.7,212.7,257.8,271.5,0.0,0.0,0.0,1029.7,1.2,4.8,1023.7,0.0,640,,DOHAD,
Gujarat,Dohad,IMD110-P639,1971,0.0,0.0,0.0,0.0,14.5,184.1,246.8,175.6,105.5,2.3,0.0,0.0,728.8,0.0,14.5,712.0,2.3,640,,DOHAD,
Gujarat,Dohad,IMD110-P639,1972,0.0,1.4,0.0,0.0,0.0,110.1,199.2,280.7,33.0,0.0,0.0,0.0,624.3,1.4,0.0,622.9,0.0,640,,DOHAD,
Gujarat,Dohad,IMD110-P639,1973,0.0,0.8,0.0,0.0,0.0,87.4,352.2,568.3,660.2,16.9,0.0,0.0,1685.8,0.8,0.0,1668.2,16.9,640,,DOHAD,
Gujarat,Dohad,IMD110-P639,1974,0.0,0.0,0.0,0.0,56.1,13.0,143.6,99.5,32.2,65.6,0.0,0.0,409.9,0.0,56.1,288.2,65.6,640,,DOHAD,
Gujarat,Dohad,IMD110-P639,1975,0.0,0.0,0.0,0.0,0.0,155.7,206.9,346.0,241.1,15.3,0.0,0.0,964.9,0.0,0.0,949.7,15.3,640,,DOHAD,
Gujarat,Dohad,IMD110-P639,1976,0.5,0.0,0.0,0.0,0.0,320.6,453.4,776.6,80.0,0.0,102.6,0.0,1733.8,0.5,0.0,1630.7,102.6,640,,DOHAD,
Gujarat,Dohad,IMD110-P639,1977,0.0,0.0,0.0,0.0,11.9,193.2,310.0,298.5,213.8,0.0,5.2,0.0,1032.7,0.0,11.9,1015.6,5.2,640,,DOHAD,
Gujarat,Dohad,IMD110-P639,1978,0.0,0.3,0.0,6.5,0.0,43.3,312.6,596.3,36.9,2.8,4.0,7.5,1010.2,0.3,6.5,989.1,14.2,640,,DOHAD,
Gujarat,Dohad,IMD110-P639,1979,0.0,0.8,0.0,0.0,0.0,53.8,166.5,333.8,47.7,16.1,114.5,0.0,733.2,0.8,0.0,601.8,130.6,640,,DOHAD,
Gujarat,Dohad,IMD110-P639,1980,0.0,0.0,0.0,0.0,0.0,207.4,172.6,377.3,13.1,0.0,0.5,11.8,782.9,0.0,0.0,770.5,12.3,640,,DOHAD,
Gujarat,Dohad,IMD110-P639,1981,1.3,0.0,0.0,0.1,1.0,127.1,353.4,488.5,66.9,33.9,18.8,0.0,1091.0,1.3,1.1,1035.9,52.7,640,,DOHAD,
Gujarat,Dohad,IMD110-P639,1982,0.0,0.1,0.0,3.0,43.8,27.6,246.5,189.0,18.6,17.4,135.0,0.4,681.4,0.1,46.8,481.7,152.9,641,,DOHAD,
Gujarat,Dohad,IMD110-P639,1983,0.0,0.0,0.0,13.3,0.0,115.9,233.0,305.3,134.2,97.7,0.0,0.0,899.5,0.0,13.3,788.4,97.7,641,,DOHAD,
Gujarat,Dohad,IMD110-P639,1984,0.0,0.0,0.0,0.0,0.0,13.4,226.8,543.6,28.6,0.0,0.0,0.0,812.4,0.0,0.0,812.4,0.0,641,,DOHAD,
Gujarat,Dohad,IMD110-P639,1985,0.0,0.0,0.0,0.0,0.0,0.3,141.6,64.7,17.9,193.2,0.0,0.0,417.7,0.0,0.0,224.5,193.2,641,,DOHAD,
Gujarat,Dohad,IMD110-P639,1986,0.0,0.0,0.0,0.0,0.1,70.9,241.1,184.4,6.6,0.0,0.0,0.0,503.1,0.0,0.1,503.0,0.0,641,,DOHAD,
Gujarat,Dohad,IMD110-P639,1987,0.0,0.0,0.0,0.0,4.2,48.8,60.8,314.7,3.7,29.1,21.8,17.6,500.6,0.0,4.2,427.9,68.5,641,,DOHAD,
Gujarat,Dohad,IMD110-P639,1988,0.0,0.0,0.0,4.5,0.0,77.9,299.6,329.0,118.5,49.4,0.0,0.0,878.9,0.0,4.5,825.0,49.4,641,,DOHAD,
Gujarat,Dohad,IMD110-P639,1989,0.2,0.0,0.0,0.0,0.0,111.3,267.8,322.8,78.5,0.0,0.0,0.0,780.6,0.2,0.0,780.4,0.0,641,,DOHAD,
Gujarat,Dohad,IMD110-P639,1990,0.0,0.0,0.0,0.0,29.6,106.8,287.5,559.5,187.5,0.6,22.0,2.5,1196.0,0.0,29.6,1141.3,25.1,641,,DOHAD,
Gujarat,Dohad,IMD110-P639,1991,0.0,0.0,0.0,0.0,0.0,36.5,404.7,146.7,20.7,0.0,0.0,,,0.0,0.0,608.6,,641,missing_months,DOHAD,
Gujarat,Dohad,IMD110-P639,1992,0.0,0.0,0.0,0.0,0.6,46.6,194.2,156.4,193.3,64.4,1.2,0.0,656.7,0.0,0.6,590.5,65.5,641,,DOHAD,
Gujarat,Dohad,IMD110-P639,1993,0.0,0.0,0.2,0.0,0.0,87.2,590.1,68.3,60.6,28.1,0.0,0.0,834.6,0.0,0.2,806.3,28.1,641,,DOHAD,
Gujarat,Dohad,IMD110-P639,1994,16.6,0.0,0.0,0.0,0.3,259.6,310.2,404.6,344.0,0.0,0.6,0.0,1335.8,16.6,0.3,1318.3,0.6,641,,DOHAD,
Gujarat,Dohad,IMD110-P639,1995,5.3,0.0,0.3,0.0,0.0,0.4,364.1,135.0,72.4,16.1,0.0,0.0,593.7,5.3,0.3,572.0,16.1,641,,DOHAD,
Gujarat,Dohad,IMD110-P639,1996,0.0,0.0,0.0,0.0,0.0,53.1,464.2,367.2,333.4,36.0,0.8,0.0,1254.6,0.0,0.0,1217.9,36.8,641,,DOHAD,
Gujarat,Dohad,IMD110-P639,1997,0.7,0.0,0.0,0.0,0.0,286.6,248.3,524.8,51.4,1.8,0.1,4.1,1117.6,0.7,0.0,1111.0,6.0,641,,DOHAD,
Gujarat,Dohad,IMD110-P639,1998,0.0,0.0,0.0,0.0,0.0,103.0,220.8,86.9,396.4,50.0,7.7,0.0,865.0,0.0,0.0,807.2,57.7,641,,DOHAD,
Gujarat,Dohad,IMD110-P639,1999,0.0,0.0,0.0,0.0,0.0,171.7,70.3,12.7,52.1,83.8,0.0,0.0,390.6,0.0,0.0,306.8,83.8,641,,DOHAD,
Gujarat,Dohad,IMD110-P639,2000,0.0,0.0,0.0,0.0,67.3,41.7,139.3,67.3,33.7,2.5,0.0,4.5,356.3,0.0,67.3,282.0,7.0,641,,DOHAD,
Gujarat,Dohad,IMD110-P639,2001,0.0,0.0,0.0,0.0,1.0,192.3,180.4,122.0,9.3,55.3,0.0,0.0,560.3,0.0,1.0,504.0,55.3,641,,DOHAD,
Gujarat,Dohad,IMD110-P639,2002,0.0,0.0,0.0,0.0,0.0,176.3,71.3,222.4,159.3,0.0,0.0,0.0,629.2,0.0,0.0,629.2,0.0,641,,DOHAD,
Gujarat,Dohad,IMD110-P639,2003,0.0,7.1,0.0,0.0,0.0,200.5,442.8,174.3,94.5,0.0,0.0,0.0,919.1,7.1,0.0,912.0,0.0,641,,DOHAD,
Gujarat,Dohad,IMD110-P639,2004,0.0,0.0,0.0,0.0,0.0,73.0,197.3,717.7,40.0,,0.0,0.0,,0.0,0.0,1028.0,,641,missing_months,DOHAD,
Gujarat,Dohad,IMD110-P639,2005,0.0,0.0,,0.0,0.0,60.6,235.9,103.6,164.0,,0.0,0.0,,0.0,,564.0,,641,missing_months,DOHAD,
Gujarat,Dohad,IMD110-P639,2006,0.0,0.0,0.0,0.0,0.0,89.9,373.3,592.4,144.0,5.0,2.0,0.0,1206.6,0.0,0.0,1199.6,7.0,641,,DOHAD,
Gujarat,Dohad,IMD110-P639,2007,0.0,0.0,0.0,0.0,0.0,42.7,425.9,281.4,121.9,0.0,0.0,0.0,871.9,0.0,0.0,871.9,0.0,641,,DOHAD,
Gujarat,Dohad,IMD110-P639,2008,0.0,0.0,0.0,0.0,0.0,34.4,166.7,268.6,120.4,5.4,0.0,0.0,595.6,0.0,0.0,590.1,5.4,641,,DOHAD,
Gujarat,Dohad,IMD110-P639,2009,0.0,0.0,0.0,0.0,0.0,18.1,220.9,103.9,56.3,27.1,9.7,0.0,436.0,0.0,0.0,399.1,36.8,641,,DOHAD,
Gujarat,Dohad,IMD110-P639,2010,0.0,0.0,0.0,0.0,0.0,54.4,157.0,251.0,115.6,0.3,8.3,0.0,586.6,0.0,0.0,578.0,8.6,641,,DOHAD,
Gujarat,Gandhinagar,IMD110-P642,1974,,0.0,0.0,0.0,41.9,12.2,46.9,74.0,31.0,13.0,0.0,0.0,,,41.9,164.1,13.0,642,missing_months,GANDHINAGAR,
Gujarat,Gandhinagar,IMD110-P642,1975,0.0,0.0,0.0,0.0,0.0,94.0,98.6,552.2,648.3,5.2,0.0,0.0,1398.3,0.0,0.0,1393.1,5.2,642,,GANDHINAGAR,
Gujarat,Gandhinagar,IMD110-P642,1976,0.0,0.0,0.0,0.0,0.0,211.4,472.4,475.6,69.4,0.0,36.2,0.0,1265.0,0.0,0.0,1228.8,36.2,642,,GANDHINAGAR,
Gujarat,Gandhinagar,IMD110-P642,1977,1.8,0.0,0.0,0.0,40.8,197.4,567.6,255.6,110.3,0.0,3.2,0.0,1176.7,1.8,40.8,1130.9,3.2,642,,GANDHINAGAR,
Gujarat,Gandhinagar,IMD110-P642,1978,0.0,1.5,0.0,1.2,,,197.0,,,,,,,1.5,,,,642,missing_months,GANDHINAGAR,
Gujarat,Gandhinagar,IMD110-P642,1991,,,,,,,,101.0,19.0,,,,,,,,,642,missing_months,GANDHINAGAR,
Gujarat,Gandhinagar,IMD110-P642,1992,0.0,0.0,0.0,0.0,0.0,28.0,198.0,154.0,101.0,0.0,18.0,0.0,499.0,0.0,0.0,481.0,18.0,642,,GANDHINAGAR,
Gujarat,Gandhinagar,IMD110-P642,1993,0.0,5.0,0.0,0.0,0.0,58.2,448.5,11.0,92.0,0.0,4.5,0.0,619.2,5.0,0.0,609.7,4.5,642,,GANDHINAGAR,
Gujarat,Gandhinagar,IMD110-P642,1994,0.0,0.0,0.0,0.0,0.0,111.0,329.0,364.0,278.0,0.0,0.0,0.0,1082.0,0.0,0.0,1082.0,0.0,642,,GANDHINAGAR,
Gujarat,Gandhinagar,IMD110-P642,1995,0.0,0.0,0.0,0.0,0.0,0.0,245.0,31.0,36.0,0.0,21.0,0.0,333.0,0.0,0.0,312.0,21.0,642,,GANDHINAGAR,
Gujarat,Gandhinagar,IMD110-P642,1996,0.0,0.0,0.0,0.0,0.0,22.0,168.0,189.0,83.0,33.0,0.0,0.0,495.0,0.0,0.0,462.0,33.0,642,,GANDHINAGAR,
Gujarat,Gandhinagar,IMD110-P642,1997,0.0,0.0,0.0,5.0,2.0,484.0,182.0,244.0,12.0,0.0,0.0,0.0,929.0,0.0,7.0,922.0,0.0,642,,GANDHINAGAR,
Gujarat,Gandhinagar,IMD110-P642,2001,0.0,0.0,0.0,0.0,0.0,126.0,195.0,139.0,0.0,10.3,0.0,0.0,470.3,0.0,0.0,460.0,10.3,642,,GANDHINAGAR,
Gujarat,Gandhinagar,IMD110-P642,2002,0.0,0.0,0.0,0.0,0.0,139.3,17.7,110.3,50.7,0.0,0.0,0.0,318.0,0.0,0.0,318.0,0.0,642,,GANDHINAGAR,
Gujarat,Gandhinagar,IMD110-P642,2003,0.0,0.0,0.0,0.0,0.0,87.5,448.5,389.0,117.5,0.0,0.0,0.0,1042.5,0.0,0.0,1042.5,0.0,642,,GANDHINAGAR,
Gujarat,Gandhinagar,IMD110-P642,2004,0.0,0.0,0.0,0.0,0.0,156.3,195.8,443.3,11.8,,0.0,0.0,,0.0,0.0,807.0,,642,missing_months,GANDHINAGAR,
Gujarat,Gandhinagar,IMD110-P642,2005,0.0,0.0,,0.0,0.0,246.0,568.0,201.5,357.8,,,,,0.0,,1373.3,,642,missing_months,GANDHINAGAR,
Gujarat,Gandhinagar,IMD110-P642,2006,0.0,0.0,0.0,0.0,0.0,71.3,327.5,523.5,144.8,0.0,0.0,0.0,1067.0,0.0,0.0,1067.0,0.0,642,,GANDHINAGAR,
Gujarat,Gandhinagar,IMD110-P642,2007,0.0,0.0,0.0,0.0,0.0,38.5,635.5,367.0,64.8,0.0,0.0,0.0,1105.8,0.0,0.0,1105.8,0.0,642,,GANDHINAGAR,
Gujarat,Gandhinagar,IMD110-P642,2008,0.0,0.0,0.0,7.0,0.0,26.3,180.5,412.8,111.5,0.0,0.0,8.3,746.3,0.0,7.0,731.0,8.3,642,,GANDHINAGAR,
Gujarat,Gandhinagar,IMD110-P642,2009,0.0,0.0,0.0,0.0,0.0,0.3,425.3,119.5,3.5,9.3,0.0,0.0,557.8,0.0,0.0,548.5,9.3,642,,GANDHINAGAR,
Gujarat,Gandhinagar,IMD110-P642,2010,0.0,0.0,0.0,0.0,0.0,81.0,364.5,377.0,162.5,4.3,15.3,0.0,1004.6,0.0,0.0,985.0,19.6,642,,GANDHINAGAR,
Gujarat,Girsomnath,IMD110-P643,2001,0.0,0.0,0.0,0.0,0.0,302.0,175.0,102.0,71.0,54.0,0.0,0.0,704.0,0.0,0.0,650.0,54.0,643,,GIR SOMNATH,
Gujarat,Girsomnath,IMD110-P643,2002,0.0,0.0,0.0,0.0,0.0,422.0,31.0,263.0,19.0,0.0,0.0,0.0,735.0,0.0,0.0,735.0,0.0,643,,GIR SOMNATH,
Gujarat,Girsomnath,IMD110-P643,2003,0.0,0.0,0.0,0.0,0.0,150.0,461.0,210.0,97.0,0.0,0.0,0.0,918.0,0.0,0.0,918.0,0.0,643,,GIR SOMNATH,
Gujarat,Girsomnath,IMD110-P643,2004,,,,,,169.0,207.0,510.5,7.5,,,,,,,894.0,,643,missing_months,GIR SOMNATH,
Gujarat,Girsomnath,IMD110-P643,2005,,,,,,389.5,229.0,78.5,267.5,,,,,,,964.5,,643,missing_months,GIR SOMNATH,
Gujarat,Girsomnath,IMD110-P643,2006,0.0,0.0,0.0,0.0,0.0,137.0,589.0,127.0,60.0,28.0,0.0,0.0,941.0,0.0,0.0,913.0,28.0,643,,GIR SOMNATH,
Gujarat,Girsomnath,IMD110-P643,2007,0.0,0.0,0.0,0.0,,131.5,119.5,788.5,387.0,0.0,0.0,0.0,,0.0,,1426.5,0.0,643,missing_months,GIR SOMNATH,
Gujarat,Girsomnath,IMD110-P643,2008,0.0,0.0,0.0,0.0,0.0,127.5,458.0,142.0,288.0,0.0,0.0,0.0,1015.5,0.0,0.0,1015.5,0.0,643,,GIR SOMNATH,
Gujarat,Girsomnath,IMD110-P643,2009,0.0,0.0,0.0,0.0,0.0,210.0,994.5,77.0,5.0,10.5,13.0,0.0,1310.0,0.0,0.0,1286.5,23.5,643,,GIR SOMNATH,
Gujarat,Girsomnath,IMD110-P643,2010,0.0,0.0,0.0,0.0,0.0,91.0,493.0,556.5,234.0,50.0,89.0,0.0,1513.5,0.0,0.0,1374.5,139.0,643,,GIR SOMNATH,
Gujarat,Jamnagar,IMD110-P644,1901,0.0,0.0,0.0,0.5,4.2,0.1,39.9,43.9,5.9,0.0,0.0,4.1,98.6,0.0,4.7,89.8,4.1,644,,JAMNAGAR,
Gujarat,Jamnagar,IMD110-P644,1902,0.0,0.0,0.0,0.0,0.4,8.1,74.2,109.6,90.1,1.3,0.0,0.0,283.6,0.0,0.4,282.0,1.3,644,,JAMNAGAR,
Gujarat,Jamnagar,IMD110-P644,1903,0.6,0.0,0.0,0.0,0.0,9.1,441.8,169.8,43.2,0.0,0.0,0.0,664.5,0.6,0.0,663.9,0.0,644,,JAMNAGAR,
Gujarat,Jamnagar,IMD110-P644,1904,4.0,1.1,35.4,0.0,0.0,1.6,151.9,13.1,0.6,0.0,0.0,0.0,207.8,5.2,35.4,167.2,0.0,644,,JAMNAGAR,
Gujarat,Jamnagar,IMD110-P644,1905,0.1,2.0,1.4,0.0,0.0,1.4,120.3,11.1,0.7,0.1,0.0,0.0,137.2,2.1,1.4,133.6,0.1,644,,JAMNAGAR,
Gujarat,Jamnagar,IMD110-P644,1906,0.0,52.2,0.1,0.0,0.0,152.3,150.3,214.6,49.4,3.6,0.0,1.4,623.9,52.2,0.1,566.7,5.0,644,,JAMNAGAR,
Gujarat,Jamnagar,IMD110-P644,1907,0.0,26.3,0.0,0.0,0.0,57.2,191.7,250.8,2.4,0.0,0.0,0.0,528.4,26.3,0.0,502.1,0.0,644,,JAMNAGAR,
Gujarat,Jamnagar,IMD110-P644,1908,0.9,0.0,0.0,0.0,0.0,25.0,274.7,208.5,13.5,0.0,0.0,0.0,522.7,0.9,0.0,521.8,0.0,644,,JAMNAGAR,
Gujarat,Jamnagar,IMD110-P644,1909,1.5,1.9,0.0,0.0,0.0,121.7,370.4,21.1,240.2,0.0,0.0,7.5,764.3,3.4,0.0,753.4,7.5,644,,JAMNAGAR,
Gujarat,Jamnagar,IMD110-P644,1910,0.9,0.0,0.0,0.0,0.0,182.1,180.0,245.9,6.0,0.0,0.0,0.0,614.9,0.9,0.0,614.0,0.0,644,,JAMNAGAR,
Gujarat,Jamnagar,IMD110-P644,1911,2.7,0.0,40.8,0.0,0.0,10.5,5.2,17.4,18.6,1.2,0.0,0.0,96.3,2.7,40.8,51.6,1.2,644,,JAMNAGAR,
Gujarat,Jamnagar,IMD110-P644,1912,0.2,0.0,0.7,0.0,0.0,26.8,556.0,75.3,40.6,0.0,0.0,0.0,699.6,0.2,0.7,698.7,0.0,644,,JAMNAGAR,
Gujarat,Jamnagar,IMD110-P644,1913,0.0,0.0,0.0,0.0,0.0,79.2,354.9,59.3,88.0,0.0,0.0,0.0,581.4,0.0,0.0,581.4,0.0,644,,JAMNAGAR,
Gujarat,Jamnagar,IMD110-P644,1914,0.0,8.5,0.0,0.2,2.4,147.5,90.1,15.2,135.3,6.8,2.8,0.0,408.8,8.5,2.5,388.1,9.6,644,,JAMNAGAR,
Gujarat,Jamnagar,IMD110-P644,1915,0.0,3.1,8.8,14.6,0.0,20.5,148.8,6.3,28.9,29.8,0.0,1.6,262.4,3.1,23.4,204.5,31.4,644,,JAMNAGAR,
Gujarat,Jamnagar,IMD110-P644,1916,0.0,0.0,0.0,0.0,0.0,11.1,140.8,238.1,107.2,35.9,0.0,0.0,533.1,0.0,0.0,497.2,35.9,644,,JAMNAGAR,
Gujarat,Jamnagar,IMD110-P644,1917,0.0,0.0,0.0,0.2,25.4,58.1,252.8,264.1,49.4,147.0,0.0,0.0,797.0,0.0,25.5,624.4,147.0,644,,JAMNAGAR,
Gujarat,Jamnagar,IMD110-P644,1918,0.0,0.0,0.1,0.0,0.0,27.9,1.7,23.9,12.2,0.0,0.0,0.0,65.8,0.0,0.1,65.7,0.0,644,,JAMNAGAR,
Gujarat,Jamnagar,IMD110-P644,1919,17.7,0.0,0.0,0.0,0.0,3.0,254.2,201.8,0.1,0.0,4.5,0.0,481.3,17.7,0.0,459.2,4.5,644,,JAMNAGAR,
Gujarat,Jamnagar,IMD110-P644,1920,0.0,4.3,0.3,0.0,4.5,423.5,204.8,44.1,6.8,0.0,0.0,0.0,688.4,4.3,4.8,679.3,0.0,644,,JAMNAGAR,
Gujarat,Jamnagar,IMD110-P644,1921,0.0,0.0,0.0,0.0,0.0,13.6,328.4,34.9,188.5,0.2,0.0,0.0,565.6,0.0,0.0,565.5,0.2,644,,JAMNAGAR,
Gujarat,Jamnagar,IMD110-P644,1922,0.0,0.0,0.0,0.0,0.0,9.1,131.8,15.4,85.2,0.0,0.0,4.5,246.0,0.0,0.0,241.5,4.5,644,,JAMNAGAR,
Gujarat,Jamnagar,IMD110-P644,1923,0.0,8.7,0.0,0.0,0.0,0.0,32.9,92.5,0.0,0.0,0.0,0.0,134.1,8.7,0.0,125.4,0.0,644,,JAMNAGAR,
Gujarat,Jamnagar,IMD110-P644,1924,0.0,0.4,0.0,0.0,0.3,0.0,179.7,91.4,31.1,0.0,0.0,0.0,303.0,0.4,0.3,302.3,0.0,644,,JAMNAGAR,
Gujarat,Jamnagar,IMD110-P644,1925,0.0,0.0,0.0,0.0,6.5,127.0,74.9,25.6,22.7,0.0,0.0,0.0,256.7,0.0,6.5,250.2,0.0,644,,JAMNAGAR,
Gujarat,Jamnagar,IMD110-P644,1926,7.8,0.0,0.0,0.0,0.0,4.3,164.9,174.3,288.3,0.0,0.0,0.0,639.4,7.8,0.0,631.7,0.0,644,,JAMNAGAR,
Gujarat,Jamnagar,IMD110-P644,1927,0.0,11.6,0.8,0.0,0.0,19.8,510.9,30.0,77.3,2.7,0.0,1.3,654.4,11.6,0.8,638.0,4.0,644,,JAMNAGAR,
Gujarat,Jamnagar,IMD110-P644,1928,0.0,0.0,0.0,0.0,0.0,0.0,246.8,57.2,18.9,18.8,28.4,0.0,370.1,0.0,0.0,322.9,47.2,644,,JAMNAGAR,
Gujarat,Jamnagar,IMD110-P644,1929,17.3,0.0,0.0,0.0,0.0,19.4,535.5,90.0,2.5,0.0,0.3,33.0,698.2,17.3,0.0,647.5,33.4,644,,JAMNAGAR,
Gujarat,Jamnagar,IMD110-P644,1930,1.3,3.5,0.0,0.0,0.0,168.6,281.0,33.7,23.0,0.0,0.0,0.0,511.1,4.7,0.0,506.4,0.0,644,,JAMNAGAR,
Gujarat,Jamnagar,IMD110-P644,1931,0.2,0.9,0.0,0.0,0.9,1.8,128.6,87.7,5.7,14.7,0.0,0.0,240.4,1.0,0.9,223.8,14.7,644,,JAMNAGAR,
Gujarat,Jamnagar,IMD110-P644,1932,0.0,0.0,0.0,0.0,0.0,15.2,361.9,15.0,11.8,57.9,0.0,0.0,461.8,0.0,0.0,403.8,57.9,644,,JAMNAGAR,
Gujarat,Jamnagar,IMD110-P644,1933,0.0,4.2,1.2,0.0,155.6,39.6,259.2,207.9,117.8,2.9,0.0,0.0,788.5,4.2,156.8,624.5,2.9,644,,JAMNAGAR,
Gujarat,Jamnagar,IMD110-P644,1934,0.0,0.0,0.0,0.0,0.0,154.9,93.2,63.3,4.1,0.0,0.0,0.0,315.5,0.0,0.0,315.5,0.0,644,,JAMNAGAR,
Gujarat,Jamnagar,IMD110-P644,1935,11.6,0.0,0.0,0.4,0.0,23.8,430.1,36.4,14.5,0.5,0.0,0.0,517.3,11.6,0.4,504.8,0.5,644,,JAMNAGAR,
Gujarat,Jamnagar,IMD110-P644,1936,0.0,1.7,0.3,0.0,0.0,127.3,78.0,5.8,84.3,0.0,7.6,0.0,305.1,1.7,0.3,295.5,7.6,644,,JAMNAGAR,
Gujarat,Jamnagar,IMD110-P644,1937,0.0,3.1,0.0,0.0,0.0,73.8,422.3,2.7,122.7,0.0,0.0,14.5,639.1,3.1,0.0,621.5,14.5,644,,JAMNAGAR,
Gujarat,Jamnagar,IMD110-P644,1938,0.0,0.0,0.0,0.0,11.7,165.0,77.6,62.4,0.9,10.0,0.0,0.0,327.6,0.0,11.7,305.9,10.0,644,,JAMNAGAR,
Gujarat,Jamnagar,IMD110-P644,1939,0.0,1.8,0.0,0.0,0.0,0.0,18.3,46.0,2.4,3.7,5.9,0.0,78.1,1.8,0.0,66.7,9.7,644,,JAMNAGAR,
Gujarat,Jamnagar,IMD110-P644,1940,1.4,11.9,4.0,0.0,0.0,95.6,33.8,114.1,0.0,0.0,13.4,0.0,274.3,13.3,4.0,243.5,13.4,644,,JAMNAGAR,
Gujarat,Jamnagar,IMD110-P644,1941,0.3,0.0,0.0,0.0,0.0,1.7,221.2,0.9,10.4,0.3,0.0,1.7,236.5,0.3,0.0,234.2,2.0,645,,JAMNAGAR,
Gujarat,Jamnagar,IMD110-P644,1942,3.1,8.2,0.0,0.0,0.0,3.8,59.5,135.9,14.7,0.0,0.0,0.0,225.2,11.3,0.0,213.9,0.0,645,,JAMNAGAR,
Gujarat,Jamnagar,IMD110-P644,1943,0.4,0.2,0.0,0.0,0.0,56.6,468.5,7.1,97.7,18.3,0.0,0.0,648.8,0.6,0.0,629.9,18.3,645,,JAMNAGAR,
Gujarat,Jamnagar,IMD110-P644,1944,2.3,0.0,0.0,0.0,0.0,62.0,595.2,128.8,0.3,0.0,0.0,0.2,788.7,2.3,0.0,786.2,0.2,645,,JAMNAGAR,
Gujarat,Jamnagar,IMD110-P644,1945,2.1,0.0,0.0,0.0,0.0,174.4,265.3,86.4,30.1,2.5,0.0,0.0,560.8,2.1,0.0,556.2,2.5,645,,JAMNAGAR,
Gujarat,Jamnagar,IMD110-P644,1946,0.0,0.0,0.0,0.0,0.0,96.7,74.3,119.9,17.8,0.0,0.0,0.0,308.7,0.0,0.0,308.7,0.0,645,,JAMNAGAR,
Gujarat,Jamnagar,IMD110-P644,1947,0.0,0.0,0.0,0.0,0.0,1.1,25.9,350.9,206.1,0.0,0.0,0.0,584.0,0.0,0.0,584.0,0.0,645,,JAMNAGAR,
Gujarat,Jamnagar,IMD110-P644,1948,0.3,0.0,0.0,0.0,0.0,0.0,10.4,19.2,109.1,19.0,38.1,2.7,198.8,0.3,0.0,138.8,59.8,645,,JAMNAGAR,
Gujarat,Jamnagar,IMD110-P644,1949,0.0,0.0,0.0,0.0,1.4,22.2,223.8,213.4,15.8,0.0,0.0,0.0,476.6,0.0,1.4,475.3,0.0,645,,JAMNAGAR,
Gujarat,Jamnagar,IMD110-P644,1950,1.2,0.0,0.0,0.0,0.0,0.9,309.5,50.8,33.6,0.0,0.0,0.0,396.0,1.2,0.0,394.8,0.0,645,,JAMNAGAR,
Gujarat,Jamnagar,IMD110-P644,1951,0.0,0.0,0.7,0.0,0.0,48.1,232.6,40.4,2.3,0.0,126.2,0.0,450.3,0.0,0.7,323.4,126.2,645,,JAMNAGAR,
Gujarat,Jamnagar,IMD110-P644,1952,0.0,0.8,0.0,0.0,0.0,91.9,431.3,14.1,1.1,0.0,0.0,0.0,539.2,0.8,0.0,538.4,0.0,645,,JAMNAGAR,
Gujarat,Jamnagar,IMD110-P644,1953,2.8,0.0,0.0,0.0,0.0,24.8,49.9,609.5,89.7,0.0,0.0,0.0,776.7,2.8,0.0,773.9,0.0,645,,JAMNAGAR,
Gujarat,Jamnagar,IMD110-P644,1954,0.6,5.2,0.0,0.0,0.0,34.3,171.6,430.5,111.9,0.0,0.0,0.0,754.2,5.8,0.0,748.3,0.0,645,,JAMNAGAR,
Gujarat,Jamnagar,IMD110-P644,1955,0.0,0.0,0.0,0.0,0.0,16.1,27.6,145.0,117.8,0.0,0.0,4.0,310.6,0.0,0.0,306.6,4.0,645,,JAMNAGAR,
Gujarat,Jamnagar,IMD110-P644,1956,0.5,0.0,0.0,0.0,0.0,73.2,303.5,138.4,80.7,40.5,0.0,0.6,637.3,0.5,0.0,595.7,41.1,645,,JAMNAGAR,
Gujarat,Jamnagar,IMD110-P644,1957,6.0,0.0,0.0,0.0,0.3,58.6,217.4,26.9,1.9,0.0,47.0,0.0,358.0,6.0,0.3,304.7,47.0,645,,JAMNAGAR,
Gujarat,Jamnagar,IMD110-P644,1958,0.3,0.0,0.0,0.0,0.0,43.9,300.3,33.2,178.8,34.2,5.7,5.4,601.7,0.3,0.0,556.2,45.2,645,,JAMNAGAR,
Gujarat,Jamnagar,IMD110-P644,1959,0.7,0.0,0.0,0.0,0.0,99.3,447.9,12.7,182.3,39.7,5.4,0.0,788.0,0.7,0.0,742.2,45.1,645,,JAMNAGAR,
Gujarat,Jamnagar,IMD110-P644,1960,0.0,0.0,1.1,0.0,0.0,141.1,146.0,26.4,5.2,0.0,0.0,0.0,319.8,0.0,1.1,318.7,0.0,645,,JAMNAGAR,
Gujarat,Jamnagar,IMD110-P644,1961,6.2,1.6,46.4,0.1,0.0,154.6,274.9,151.3,270.9,14.2,0.0,0.0,920.1,7.8,46.5,851.6,14.2,645,,JAMNAGAR,
Gujarat,Jamnagar,IMD110-P644,1962,0.0,0.0,0.0,0.0,2.3,5.4,174.5,149.3,112.8,2.5,12.4,0.0,459.2,0.0,2.3,442.0,14.9,645,,JAMNAGAR,
Gujarat,Jamnagar,IMD110-P644,1963,0.0,0.0,0.0,0.0,0.0,13.7,42.9,67.0,36.5,72.4,49.2,0.0,281.8,0.0,0.0,160.1,121.6,645,,JAMNAGAR,
Gujarat,Jamnagar,IMD110-P644,1964,0.2,0.0,0.0,0.0,0.0,97.3,137.9,232.8,40.5,0.0,0.0,0.0,508.7,0.2,0.0,508.5,0.0,645,,JAMNAGAR,
Gujarat,Jamnagar,IMD110-P644,1965,5.3,0.0,0.0,0.1,0.0,0.1,272.6,111.2,10.8,0.8,3.8,0.0,404.8,5.3,0.1,394.7,4.6,645,,JAMNAGAR,
Gujarat,Jamnagar,IMD110-P644,1966,0.0,0.0,0.0,0.0,0.0,79.4,179.5,2.4,55.0,0.0,0.0,0.0,316.3,0.0,0.0,316.3,0.0,645,,JAMNAGAR,
Gujarat,Jamnagar,IMD110-P644,1967,0.0,0.0,27.0,0.0,0.6,178.1,527.6,60.5,12.1,0.0,0.0,16.3,822.2,0.0,27.6,778.3,16.3,645,,JAMNAGAR,
Gujarat,Jamnagar,IMD110-P644,1968,2.0,1.0,0.3,0.0,0.0,4.7,100.6,241.6,22.5,2.9,0.0,0.0,375.5,3.0,0.3,369.4,2.9,645,,JAMNAGAR,
Gujarat,Jamnagar,IMD110-P644,1969,0.0,0.0,0.0,0.0,0.0,50.4,310.5,28.0,7.8,1.0,5.6,0.0,403.2,0.0,0.0,396.7,6.5,645,,JAMNAGAR,
Gujarat,Jamnagar,IMD110-P644,1970,0.6,0.3,3.1,0.3,8.2,25.1,218.9,413.3,118.7,26.5,0.0,0.0,815.0,0.9,11.6,776.0,26.5,645,,JAMNAGAR,
Gujarat,Jamnagar,IMD110-P644,1971,0.0,0.0,0.0,0.0,10.7,146.8,209.9,140.1,16.5,0.0,0.0,0.0,524.0,0.0,10.7,513.3,0.0,645,,JAMNAGAR,
Gujarat,Jamnagar,IMD110-P644,1972,0.0,5.2,0.0,0.0,0.6,149.7,88.3,6.5,0.0,1.3,0.0,0.0,251.7,5.2,0.7,244.6,1.3,645,,JAMNAGAR,
Gujarat,Jamnagar,IMD110-P644,1973,0.2,0.0,0.0,0.0,0.0,41.8,197.4,73.3,11.6,0.2,0.0,0.0,324.6,0.2,0.0,324.2,0.2,645,,JAMNAGAR,
Gujarat,Jamnagar,IMD110-P644,1974,0.0,0.0,0.0,0.0,1.9,8.7,39.9,33.3,41.0,19.6,0.0,0.6,145.0,0.0,1.9,122.9,20.2,645,,JAMNAGAR,
Gujarat,Jamnagar,IMD110-P644,1975,1.2,0.0,0.0,0.0,0.0,121.6,79.8,179.5,160.1,169.6,0.0,0.0,711.8,1.2,0.0,541.0,169.6,645,,JAMNAGAR,
Gujarat,Jamnagar,IMD110-P644,1976,3.1,0.0,0.0,0.0,0.0,54.1,197.8,236.4,70.8,7.3,36.8,0.0,606.5,3.1,0.0,559.2,44.1,645,,JAMNAGAR,
Gujarat,Jamnagar,IMD110-P644,1977,0.0,0.0,0.0,0.0,0.0,124.3,182.3,100.1,115.6,2.1,9.3,0.0,533.7,0.0,0.0,522.3,11.4,645,,JAMNAGAR,
Gujarat,Jamnagar,IMD110-P644,1978,0.0,0.7,0.0,7.2,0.0,186.0,126.5,180.7,12.9,10.2,9.5,0.0,533.7,0.7,7.2,506.1,19.7,645,,JAMNAGAR,
Gujarat,Jamnagar,IMD110-P644,1979,0.0,12.3,0.0,0.0,0.0,144.6,16.6,766.5,54.1,16.6,86.9,5.2,1102.8,12.3,0.0,981.8,108.8,645,,JAMNAGAR,
Gujarat,Jamnagar,IMD110-P644,1980,0.2,0.5,0.0,0.0,0.0,533.7,320.5,19.5,32.1,0.0,3.8,4.3,914.6,0.7,0.0,905.8,8.1,645,,JAMNAGAR,
Gujarat,Jamnagar,IMD110-P644,1981,0.3,0.0,0.1,0.0,0.0,43.4,404.8,229.5,95.8,43.5,110.1,0.0,927.5,0.3,0.1,773.6,153.6,645,,JAMNAGAR,
Gujarat,Jamnagar,IMD110-P644,1982,0.0,0.0,0.0,0.0,1.3,1.7,229.5,162.4,22.8,0.0,112.1,0.0,529.8,0.0,1.3,416.4,112.1,646,,JAMNAGAR,
Gujarat,Jamnagar,IMD110-P644,1983,0.4,0.4,0.0,0.0,0.0,337.3,247.8,225.0,32.1,8.9,0.0,0.0,851.8,0.8,0.0,842.1,8.9,646,,JAMNAGAR,
Gujarat,Jamnagar,IMD110-P644,1984,0.0,0.0,0.0,0.0,0.0,64.9,94.5,192.3,143.9,0.0,0.0,0.0,495.6,0.0,0.0,495.6,0.0,646,,JAMNAGAR,
Gujarat,Jamnagar,IMD110-P644,1985,0.0,0.0,0.0,0.0,11.7,4.6,84.0,115.3,17.1,14.7,0.0,0.0,247.3,0.0,11.7,221.0,14.7,646,,JAMNAGAR,
Gujarat,Jamnagar,IMD110-P644,1986,0.0,0.0,0.3,0.0,0.0,217.1,12.1,104.4,3.4,0.0,0.0,0.4,337.8,0.0,0.3,337.0,0.4,646,,JAMNAGAR,
Gujarat,Jamnagar,IMD110-P644,1987,0.0,0.0,1.8,0.0,0.0,17.2,29.9,12.0,1.2,0.0,0.5,2.0,64.6,0.0,1.8,60.3,2.4,646,,JAMNAGAR,
Gujarat,Jamnagar,IMD110-P644,1988,0.0,0.0,0.0,1.9,0.0,14.3,491.6,110.7,146.2,0.2,0.0,0.0,764.9,0.0,1.9,762.8,0.2,646,,JAMNAGAR,
Gujarat,Jamnagar,IMD110-P644,1989,1.7,0.0,0.8,0.0,0.0,170.2,283.7,30.3,50.7,0.6,0.0,0.0,537.9,1.7,0.8,534.9,0.6,646,,JAMNAGAR,
Gujarat,Jamnagar,IMD110-P644,1990,0.0,15.1,0.0,0.0,9.2,14.9,9.1,195.8,74.7,28.9,0.2,0.1,348.0,15.1,9.2,294.6,29.1,646,,JAMNAGAR,
Gujarat,Jamnagar,IMD110-P644,1991,0.0,0.4,0.0,0.0,0.0,4.1,178.1,62.9,1.3,0.0,0.0,0.4,247.2,0.4,0.0,246.4,0.4,646,,JAMNAGAR,
Gujarat,Jamnagar,IMD110-P644,1992,0.4,0.0,0.0,0.0,0.0,2.4,354.3,73.0,58.0,13.8,0.0,0.0,502.0,0.4,0.0,487.8,13.8,646,,JAMNAGAR,
Gujarat,Jamnagar,IMD110-P644,1993,0.0,0.4,0.0,0.0,0.0,16.1,93.8,6.0,27.0,29.0,6.4,0.0,178.8,0.5,0.0,142.9,35.4,646,,JAMNAGAR,
Gujarat,Jamnagar,IMD110-P644,1994,0.0,0.0,0.0,0.0,0.0,66.8,523.0,117.8,179.6,0.0,0.0,0.0,887.2,0.1,0.0,887.2,0.0,646,,JAMNAGAR,
Gujarat,Jamnagar,IMD110-P644,1995,0.1,0.0,0.0,0.0,0.0,1.7,256.0,39.8,40.2,26.5,0.0,0.0,364.3,0.1,0.0,337.7,26.5,646,,JAMNAGAR,
Gujarat,Jamnagar,IMD110-P644,1996,0.4,0.0,0.0,0.0,0.0,224.6,173.1,20.1,5.8,0.0,0.0,0.0,423.9,0.4,0.0,423.5,0.0,646,,JAMNAGAR,
Gujarat,Jamnagar,IMD110-P644,1997,0.3,0.0,0.0,0.1,0.0,153.7,157.8,93.8,239.1,4.7,0.0,0.0,649.6,0.3,0.1,644.4,4.7,646,,JAMNAGAR,
Gujarat,Jamnagar,IMD110-P644,1998,0.0,0.1,0.0,0.0,0.0,166.7,193.2,65.2,53.5,185.0,0.0,0.0,663.7,0.1,0.0,478.6,185.0,646,,JAMNAGAR,
Gujarat,Jamnagar,IMD110-P644,1999,1.8,0.3,0.0,0.0,72.5,72.7,17.9,19.2,12.4,41.0,0.0,0.0,237.7,2.0,72.5,122.1,41.0,646,,JAMNAGAR,
Gujarat,Jamnagar,IMD110-P644,2000,0.0,0.1,0.0,0.0,2.0,0.4,402.5,82.9,6.1,0.0,0.0,0.0,494.1,0.1,2.0,492.0,0.0,646,,JAMNAGAR,
Gujarat,Jamnagar,IMD110-P644,2001,0.0,0.0,0.0,0.0,2.1,123.5,184.3,147.9,27.3,0.3,0.0,0.0,485.5,0.0,2.1,483.1,0.3,646,,JAMNAGAR,
Gujarat,Jamnagar,IMD110-P644,2002,0.0,0.0,0.0,0.0,0.0,181.6,1.7,122.4,6.7,1.9,0.0,0.2,314.5,0.0,0.0,312.4,2.1,646,,JAMNAGAR,
Gujarat,Jamnagar,IMD110-P644,2003,0.0,0.1,0.0,0.0,0.0,50.2,409.1,333.0,9.0,5.8,0.0,0.0,807.1,0.1,0.0,801.3,5.8,646,,JAMNAGAR,
Gujarat,Jamnagar,IMD110-P644,2004,1.2,0.0,0.0,0.0,17.0,128.1,88.6,234.8,41.2,44.3,0.0,0.0,555.1,1.2,17.0,492.7,44.3,646,,JAMNAGAR,
Gujarat,Jamnagar,IMD110-P644,2005,0.0,0.0,0.0,0.0,0.0,131.1,187.8,82.4,222.0,0.0,0.0,0.0,623.3,0.0,0.0,623.3,0.0,646,,JAMNAGAR,
Gujarat,Jamnagar,IMD110-P644,2006,0.0,0.0,4.7,0.0,0.0,33.5,296.2,203.4,99.0,0.0,0.0,0.0,636.8,0.0,4.7,632.1,0.0,646,,JAMNAGAR,
Gujarat,Jamnagar,IMD110-P644,2007,0.0,3.3,0.0,0.0,0.0,112.4,287.4,613.4,149.0,0.0,0.0,0.0,1165.6,3.3,0.0,1162.3,0.0,646,,JAMNAGAR,
Gujarat,Jamnagar,IMD110-P644,2008,0.6,1.3,0.2,0.0,0.0,162.3,124.9,81.6,211.6,0.9,0.9,4.3,588.5,1.9,0.2,580.3,6.1,646,,JAMNAGAR,
Gujarat,Jamnagar,IMD110-P644,2009,0.0,0.0,0.0,0.0,0.0,106.9,569.2,125.8,16.1,5.0,0.2,0.0,823.2,0.0,0.0,818.0,5.2,646,,JAMNAGAR,
Gujarat,Jamnagar,IMD110-P644,2010,0.4,0.0,0.0,0.0,0.0,100.6,589.1,507.5,201.7,8.9,48.0,0.0,1456.2,0.4,0.0,1398.9,56.9,646,,JAMNAGAR,
Gujarat,Junagadh,IMD110-P647,1901,1.5,0.0,0.0,1.3,0.4,7.4,58.9,43.0,49.5,20.4,0.0,0.0,182.3,1.5,1.6,158.7,20.4,647,,JUNAGADH,
Gujarat,Junagadh,IMD110-P647,1902,0.0,0.0,0.0,0.0,0.0,30.9,263.2,162.2,133.8,0.0,0.0,22.8,612.8,0.0,0.0,590.0,22.8,647,,JUNAGADH,
Gujarat,Junagadh,IMD110-P647,1903,0.0,0.0,6.9,0.0,20.6,22.8,480.3,100.6,141.8,41.0,0.0,0.0,813.8,0.0,27.5,745.3,41.0,647,,JUNAGADH,
Gujarat,Junagadh,IMD110-P647,1904,0.0,7.6,12.7,0.0,0.0,31.3,179.6,23.3,0.0,0.0,0.0,0.0,254.4,7.6,12.7,234.1,0.0,647,,JUNAGADH,
Gujarat,Junagadh,IMD110-P647,1905,0.0,1.0,0.0,0.0,0.0,2.3,243.4,18.8,15.9,1.8,0.0,0.0,283.1,1.0,0.0,280.4,1.8,647,,JUNAGADH,
Gujarat,Junagadh,IMD110-P647,1906,0.4,20.5,0.0,0.0,0.0,130.4,474.2,263.5,32.6,11.6,0.0,0.0,933.1,20.9,0.0,900.7,11.6,647,,JUNAGADH,
Gujarat,Junagadh,IMD110-P647,1907,0.0,3.3,0.0,15.0,0.0,61.7,427.2,144.5,4.3,0.0,0.0,0.0,655.9,3.3,15.0,637.6,0.0,647,,JUNAGADH,
Gujarat,Junagadh,IMD110-P647,1908,3.7,0.0,0.0,0.0,0.0,44.8,468.8,294.5,11.9,0.0,0.0,0.0,823.7,3.7,0.0,820.0,0.0,647,,JUNAGADH,
Gujarat,Junagadh,IMD110-P647,1909,0.0,2.0,0.0,1.6,0.0,135.9,317.9,53.3,133.9,0.0,0.0,7.5,652.1,2.0,1.6,640.9,7.5,647,,JUNAGADH,
Gujarat,Junagadh,IMD110-P647,1910,0.5,0.0,0.0,0.0,0.0,319.2,176.3,215.9,74.1,0.0,0.0,0.0,786.0,0.5,0.0,785.5,0.0,647,,JUNAGADH,
Gujarat,Junagadh,IMD110-P647,1911,2.8,0.0,50.4,0.0,0.0,138.8,20.4,56.7,47.0,0.0,0.0,0.0,316.0,2.8,50.4,262.8,0.0,647,,JUNAGADH,
Gujarat,Junagadh,IMD110-P647,1912,0.0,0.0,0.0,2.4,0.3,192.5,439.3,192.0,20.9,3.2,0.2,0.0,850.6,0.0,2.7,844.6,3.4,647,,JUNAGADH,
Gujarat,Junagadh,IMD110-P647,1913,0.0,0.3,0.0,0.0,0.0,446.8,218.3,55.0,11.5,0.0,0.0,0.0,731.9,0.3,0.0,731.6,0.0,647,,JUNAGADH,
Gujarat,Junagadh,IMD110-P647,1914,0.0,7.1,0.0,0.0,24.0,118.8,176.4,45.8,687.8,10.1,1.4,0.0,1071.6,7.1,24.0,1028.9,11.5,647,,JUNAGADH,
Gujarat,Junagadh,IMD110-P647,1915,3.8,7.6,8.6,0.2,1.0,83.6,142.1,54.6,88.4,27.2,0.0,0.0,416.9,11.4,9.7,368.6,27.2,647,,JUNAGADH,
Gujarat,Junagadh,IMD110-P647,1916,0.0,0.0,0.0,0.0,0.0,27.8,249.4,226.0,217.6,13.6,0.0,0.0,734.3,0.0,0.0,720.8,13.6,647,,JUNAGADH,
Gujarat,Junagadh,IMD110-P647,1917,0.0,0.0,0.0,0.3,150.4,306.7,342.1,270.1,47.4,260.4,0.0,0.0,1377.4,0.0,150.6,966.5,260.4,647,,JUNAGADH,
Gujarat,Junagadh,IMD110-P647,1918,0.0,0.0,0.0,0.0,4.6,14.0,83.2,22.1,16.8,0.0,0.0,0.0,140.6,0.0,4.6,136.1,0.0,647,,JUNAGADH,
Gujarat,Junagadh,IMD110-P647,1919,2.8,0.0,0.0,0.0,0.0,57.0,213.1,232.4,49.1,0.0,6.6,0.0,561.0,2.8,0.0,551.6,6.6,647,,JUNAGADH,
Gujarat,Junagadh,IMD110-P647,1920,6.3,8.6,0.0,0.0,17.2,462.4,239.7,58.7,61.2,0.0,0.0,0.0,854.0,14.8,17.2,822.0,0.0,647,,JUNAGADH,
Gujarat,Junagadh,IMD110-P647,1921,0.0,0.0,0.0,0.0,0.0,13.8,458.5,218.9,149.0,12.4,0.0,0.0,852.7,0.0,0.0,840.2,12.4,647,,JUNAGADH,
Gujarat,Junagadh,IMD110-P647,1922,0.0,0.5,0.0,0.0,0.0,29.5,193.9,64.9,149.6,0.0,0.0,5.3,443.8,0.5,0.0,438.0,5.3,647,,JUNAGADH,
Gujarat,Junagadh,IMD110-P647,1923,0.0,14.8,0.0,2.9,0.0,0.2,180.3,35.4,25.6,0.0,0.0,0.0,259.1,14.8,2.9,241.4,0.0,647,,JUNAGADH,
Gujarat,Junagadh,IMD110-P647,1924,0.0,0.0,0.0,0.0,1.5,150.2,134.9,102.2,204.0,0.0,0.0,0.0,592.8,0.0,1.5,591.3,0.0,647,,JUNAGADH,
Gujarat,Junagadh,IMD110-P647,1925,0.0,0.0,0.0,0.0,1.4,384.2,80.8,62.0,18.1,0.5,0.4,0.0,547.4,0.0,1.4,545.1,0.9,647,,JUNAGADH,
Gujarat,Junagadh,IMD110-P647,1926,11.1,0.0,0.0,1.1,8.6,44.3,526.5,335.1,610.3,1.8,0.0,0.0,1538.8,11.1,9.8,1516.2,1.8,647,,JUNAGADH,
Gujarat,Junagadh,IMD110-P647,1927,0.0,1.5,0.0,0.0,0.0,105.8,256.3,63.7,98.0,44.4,3.4,5.3,578.3,1.5,0.0,523.7,53.1,647,,JUNAGADH,
Gujarat,Junagadh,IMD110-P647,1928,0.2,0.0,0.0,0.0,0.0,1.1,338.4,193.5,70.3,40.2,0.2,0.0,643.8,0.2,0.0,603.3,40.3,647,,JUNAGADH,
Gujarat,Junagadh,IMD110-P647,1929,2.3,0.0,0.0,1.6,0.0,38.9,150.1,49.0,28.0,9.0,14.9,31.3,325.0,2.3,1.6,266.0,55.1,647,,JUNAGADH,
Gujarat,Junagadh,IMD110-P647,1930,0.9,0.3,0.0,0.0,0.0,197.1,340.7,39.0,40.3,4.5,0.0,0.0,622.8,1.2,0.0,617.1,4.5,647,,JUNAGADH,
Gujarat,Junagadh,IMD110-P647,1931,0.3,0.0,0.0,0.0,1.3,21.1,249.1,102.9,35.6,81.3,7.1,0.0,498.6,0.3,1.3,408.7,88.4,647,,JUNAGADH,
Gujarat,Junagadh,IMD110-P647,1932,0.0,0.0,0.0,0.0,0.0,23.5,634.0,41.8,53.3,80.5,0.0,0.0,833.2,0.0,0.0,752.7,80.5,647,,JUNAGADH,
Gujarat,Junagadh,IMD110-P647,1933,0.0,9.6,0.0,0.0,121.7,212.7,301.6,459.4,191.9,13.1,0.0,0.6,1310.5,9.6,121.7,1165.6,13.7,647,,JUNAGADH,
Gujarat,Junagadh,IMD110-P647,1934,0.0,0.0,0.8,0.0,0.0,390.8,175.9,167.1,17.4,3.0,0.0,0.0,755.0,0.0,0.8,751.2,3.0,647,,JUNAGADH,
Gujarat,Junagadh,IMD110-P647,1935,4.4,0.0,0.0,0.0,0.0,79.8,587.3,125.3,47.5,11.4,0.0,0.0,855.7,4.4,0.0,839.8,11.4,647,,JUNAGADH,
Gujarat,Junagadh,IMD110-P647,1936,0.0,0.2,0.5,0.0,0.0,190.5,115.4,44.3,133.2,0.0,17.6,0.0,501.7,0.2,0.5,483.5,17.6,647,,JUNAGADH,
Gujarat,Junagadh,IMD110-P647,1937,0.0,4.1,0.0,0.0,0.0,384.0,501.7,34.6,147.4,8.9,0.0,0.0,1080.6,4.1,0.0,1067.7,8.9,647,,JUNAGADH,
Gujarat,Junagadh,IMD110-P647,1938,0.8,0.0,0.0,0.0,8.8,231.8,134.1,114.7,9.6,65.9,0.0,1.9,567.5,0.8,8.8,490.2,67.8,647,,JUNAGADH,
Gujarat,Junagadh,IMD110-P647,1939,0.0,0.0,0.0,0.0,0.0,3.1,177.6,119.4,29.6,4.8,0.0,0.0,334.5,0.0,0.0,329.7,4.8,647,,JUNAGADH,
Gujarat,Junagadh,IMD110-P647,1940,0.3,8.4,7.2,0.0,1.9,483.9,161.5,94.4,10.5,0.4,21.3,0.0,789.7,8.6,9.1,750.3,21.6,647,,JUNAGADH,
Gujarat,Junagadh,IMD110-P647,1941,6.3,0.2,0.0,0.0,0.0,11.5,323.1,4.3,32.3,19.3,0.0,2.2,399.2,6.5,0.0,371.3,21.4,648,,JUNAGADH,
Gujarat,Junagadh,IMD110-P647,1942,0.2,2.2,0.0,0.0,0.0,25.3,151.6,218.9,84.4,0.0,0.0,1.5,484.0,2.3,0.0,480.3,1.5,648,,JUNAGADH,
Gujarat,Junagadh,IMD110-P647,1943,0.0,0.0,0.0,0.0,27.4,153.9,388.3,29.5,67.4,56.9,0.9,0.0,724.3,0.0,27.4,639.1,57.9,648,,JUNAGADH,
Gujarat,Junagadh,IMD110-P647,1944,0.0,0.0,0.0,0.0,0.0,190.2,546.7,198.7,4.0,0.0,0.0,0.0,939.5,0.0,0.0,939.5,0.0,648,,JUNAGADH,
Gujarat,Junagadh,IMD110-P647,1945,12.8,0.0,0.0,0.0,0.0,159.2,584.3,140.1,69.8,0.0,0.0,0.0,966.3,12.8,0.0,953.5,0.0,648,,JUNAGADH,
Gujarat,Junagadh,IMD110-P647,1946,0.0,0.0,0.0,0.0,1.3,260.0,274.9,212.8,39.7,3.8,21.6,1.0,814.9,0.0,1.3,787.3,26.4,648,,JUNAGADH,
Gujarat,Junagadh,IMD110-P647,1947,0.0,0.0,0.0,134.4,0.0,3.6,165.4,353.8,259.1,0.0,0.0,0.0,916.3,0.0,134.4,781.9,0.0,648,,JUNAGADH,
Gujarat,Junagadh,IMD110-P647,1948,5.1,0.0,0.0,0.0,0.0,8.4,33.2,250.3,92.4,114.4,88.3,0.0,592.0,5.1,0.0,384.2,202.7,648,,JUNAGADH,
Gujarat,Junagadh,IMD110-P647,1949,0.0,0.0,0.0,0.0,0.5,28.4,395.4,398.6,24.5,8.0,0.0,0.0,855.4,0.0,0.5,846.9,8.0,648,,JUNAGADH,
Gujarat,Junagadh,IMD110-P647,1950,0.0,0.0,0.0,0.0,0.0,11.4,577.3,43.1,101.1,0.0,0.0,0.0,733.0,0.0,0.0,733.0,0.0,648,,JUNAGADH,
Gujarat,Junagadh,IMD110-P647,1951,0.0,0.0,0.0,0.0,0.0,84.4,183.0,254.6,8.9,4.2,6.7,0.0,541.8,0.0,0.0,530.9,10.9,648,,JUNAGADH,
Gujarat,Junagadh,IMD110-P647,1952,0.0,0.0,0.0,0.0,14.8,246.6,177.2,50.8,15.4,0.0,0.0,0.0,504.7,0.0,14.8,490.0,0.0,648,,JUNAGADH,
Gujarat,Junagadh,IMD110-P647,1953,0.0,0.0,0.0,0.0,0.0,195.8,206.9,493.1,144.1,0.0,0.0,0.0,1039.8,0.0,0.0,1039.8,0.0,648,,JUNAGADH,
Gujarat,Junagadh,IMD110-P647,1954,0.0,0.5,0.0,0.0,0.0,165.1,573.7,264.6,157.3,1.8,0.0,1.3,1164.2,0.5,0.0,1160.6,3.0,648,,JUNAGADH,
Gujarat,Junagadh,IMD110-P647,1955,0.0,0.0,0.0,0.0,0.0,33.2,71.6,151.3,159.1,9.4,1.0,0.0,425.5,0.0,0.0,415.1,10.4,648,,JUNAGADH,
Gujarat,Junagadh,IMD110-P647,1956,0.0,0.0,0.0,0.0,0.5,186.3,489.0,94.9,275.0,62.0,0.0,0.0,1107.9,0.0,0.5,1045.3,62.0,648,,JUNAGADH,
Gujarat,Junagadh,IMD110-P647,1957,0.3,0.0,0.0,0.0,0.4,147.1,354.1,351.8,19.1,0.0,11.6,9.8,894.1,0.3,0.4,872.0,21.4,648,,JUNAGADH,
Gujarat,Junagadh,IMD110-P647,1958,0.4,0.0,0.0,7.6,0.0,91.4,369.5,107.3,405.2,74.7,0.3,0.0,1056.3,0.4,7.6,973.3,75.0,648,,JUNAGADH,
Gujarat,Junagadh,IMD110-P647,1959,0.0,0.0,0.0,0.4,0.9,149.1,927.6,56.9,109.5,242.7,0.0,0.1,1487.1,0.0,1.2,1243.1,242.7,648,,JUNAGADH,
Gujarat,Junagadh,IMD110-P647,1960,0.0,0.0,0.0,0.0,0.0,217.6,364.0,63.3,47.6,0.0,0.0,0.0,692.5,0.0,0.0,692.5,0.0,648,,JUNAGADH,
Gujarat,Junagadh,IMD110-P647,1961,0.0,5.6,0.0,0.0,0.2,207.2,607.1,219.6,195.1,16.9,0.0,0.0,1251.5,5.6,0.2,1228.9,16.9,648,,JUNAGADH,
Gujarat,Junagadh,IMD110-P647,1962,0.0,0.0,0.0,0.0,0.0,80.8,377.9,172.9,203.3,0.5,6.5,0.4,842.3,0.0,0.0,834.9,7.4,648,,JUNAGADH,
Gujarat,Junagadh,IMD110-P647,1963,1.4,0.0,0.0,0.0,0.5,109.0,247.5,211.9,49.0,78.7,24.2,0.0,722.3,1.4,0.5,617.5,102.9,648,,JUNAGADH,
Gujarat,Junagadh,IMD110-P647,1964,0.0,0.0,0.0,0.0,0.0,273.7,276.1,477.1,230.0,1.4,0.0,0.0,1258.4,0.0,0.0,1256.9,1.4,648,,JUNAGADH,
Gujarat,Junagadh,IMD110-P647,1965,2.4,0.0,0.0,0.0,0.0,0.3,403.4,118.2,16.4,0.0,9.1,0.0,549.8,2.4,0.0,538.3,9.1,648,,JUNAGADH,
Gujarat,Junagadh,IMD110-P647,1966,0.1,0.0,0.0,0.0,0.2,152.3,191.3,12.0,91.3,5.7,0.0,0.0,452.9,0.1,0.2,446.8,5.7,648,,JUNAGADH,
Gujarat,Junagadh,IMD110-P647,1967,0.0,0.0,17.1,0.0,0.0,241.8,555.6,77.3,60.2,0.0,0.0,25.8,977.7,0.0,17.1,934.9,25.8,648,,JUNAGADH,
Gujarat,Junagadh,IMD110-P647,1968,0.4,0.2,0.0,0.0,0.0,38.7,293.9,230.3,49.7,21.6,0.6,0.1,635.7,0.7,0.0,612.7,22.3,648,,JUNAGADH,
Gujarat,Junagadh,IMD110-P647,1969,0.0,0.0,0.0,0.0,0.0,86.5,547.4,64.3,5.4,3.4,7.2,1.8,716.0,0.0,0.0,703.6,12.4,648,,JUNAGADH,
Gujarat,Junagadh,IMD110-P647,1970,0.0,0.0,2.5,0.0,18.5,67.0,361.6,380.5,94.5,29.6,1.6,0.0,955.7,0.0,21.0,903.6,31.2,648,,JUNAGADH,
Gujarat,Junagadh,IMD110-P647,1971,0.0,0.0,0.0,0.0,2.3,227.4,392.3,263.1,113.1,0.1,0.0,0.0,998.4,0.0,2.3,996.0,0.1,648,,JUNAGADH,
Gujarat,Junagadh,IMD110-P647,1972,0.0,7.5,0.0,0.0,1.6,219.2,172.1,4.5,6.7,0.8,0.0,0.0,412.3,7.5,1.6,402.4,0.8,648,,JUNAGADH,
Gujarat,Junagadh,IMD110-P647,1973,0.0,0.0,0.0,0.0,0.0,56.6,595.1,72.2,65.8,2.0,0.0,0.3,791.9,0.0,0.0,789.6,2.3,648,,JUNAGADH,
Gujarat,Junagadh,IMD110-P647,1974,0.0,0.0,0.0,2.2,9.4,56.0,110.1,57.6,57.3,47.2,0.0,0.0,339.7,0.0,11.6,280.9,47.2,648,,JUNAGADH,
Gujarat,Junagadh,IMD110-P647,1975,0.0,0.0,0.0,0.0,0.0,258.8,106.4,128.5,127.9,153.5,0.0,0.0,775.1,0.0,0.0,621.6,153.5,648,,JUNAGADH,
Gujarat,Junagadh,IMD110-P647,1976,0.3,0.0,0.0,0.0,0.0,148.5,285.3,113.1,94.9,6.2,50.7,0.0,698.9,0.3,0.0,641.8,56.9,648,,JUNAGADH,
Gujarat,Junagadh,IMD110-P647,1977,0.0,0.0,0.0,0.0,0.0,214.8,247.5,89.1,150.3,5.6,5.9,0.0,713.1,0.0,0.0,701.7,11.5,648,,JUNAGADH,
Gujarat,Junagadh,IMD110-P647,1978,0.0,0.1,0.0,0.0,0.0,305.7,145.3,187.9,23.3,9.0,26.9,0.0,698.1,0.1,0.0,662.2,35.9,648,,JUNAGADH,
Gujarat,Junagadh,IMD110-P647,1979,0.0,2.3,0.0,0.0,0.0,347.5,70.4,689.8,95.2,26.3,88.5,0.0,1320.1,2.3,0.0,1203.0,114.8,648,,JUNAGADH,
Gujarat,Junagadh,IMD110-P647,1980,0.5,0.1,0.0,0.0,0.0,457.3,479.4,135.8,36.4,0.0,0.1,2.6,1112.2,0.6,0.0,1108.9,2.7,648,,JUNAGADH,
Gujarat,Junagadh,IMD110-P647,1981,0.0,0.0,0.1,0.0,1.1,87.0,346.0,185.1,100.8,74.5,40.2,0.0,834.9,0.0,1.2,719.0,114.7,648,,JUNAGADH,
Gujarat,Junagadh,IMD110-P647,1982,0.0,0.0,0.0,0.0,9.1,1.6,229.9,243.1,57.0,0.4,264.5,0.0,805.7,0.0,9.1,531.6,264.9,649,,JUNAGADH,
Gujarat,Junagadh,IMD110-P647,1983,0.0,0.0,0.0,0.7,0.7,821.8,331.5,336.0,173.7,36.5,0.0,0.0,1700.9,0.0,1.4,1663.0,36.5,649,,JUNAGADH,
Gujarat,Junagadh,IMD110-P647,1984,0.0,0.0,0.0,0.0,0.0,161.3,340.9,202.3,278.1,0.0,0.0,0.0,982.6,0.0,0.0,982.6,0.0,649,,JUNAGADH,
Gujarat,Junagadh,IMD110-P647,1985,0.0,0.0,0.0,0.1,2.3,4.2,170.2,191.4,35.1,29.0,0.0,0.0,432.4,0.0,2.4,401.0,29.0,649,,JUNAGADH,
Gujarat,Junagadh,IMD110-P647,1986,0.0,0.0,0.0,0.0,10.4,494.7,26.4,129.2,10.7,0.0,0.0,0.0,671.4,0.0,10.4,661.1,0.0,649,,JUNAGADH,
Gujarat,Junagadh,IMD110-P647,1987,0.0,0.0,0.0,0.0,0.0,60.3,41.6,81.1,4.9,1.3,3.9,0.0,192.9,0.0,0.0,187.8,5.1,649,,JUNAGADH,
Gujarat,Junagadh,IMD110-P647,1988,0.0,0.0,0.0,1.8,0.0,18.3,959.5,130.1,344.7,0.5,0.0,0.0,1454.9,0.0,1.8,1452.6,0.5,649,,JUNAGADH,
Gujarat,Junagadh,IMD110-P647,1989,3.1,0.0,0.0,0.0,0.0,330.5,319.0,50.6,91.4,8.0,0.0,0.0,802.7,3.1,0.0,791.5,8.0,649,,JUNAGADH,
Gujarat,Junagadh,IMD110-P647,1990,0.0,0.1,0.0,0.0,7.0,99.6,47.4,363.2,91.4,33.6,0.4,0.8,643.6,0.1,7.0,601.6,34.9,649,,JUNAGADH,
Gujarat,Junagadh,IMD110-P647,1991,0.0,0.0,0.0,0.0,0.0,10.5,342.3,95.1,17.7,0.0,0.0,1.1,466.7,0.0,0.0,465.6,1.1,649,,JUNAGADH,
Gujarat,Junagadh,IMD110-P647,1992,0.3,0.6,0.0,0.0,0.0,21.9,418.8,180.9,185.2,17.9,0.0,0.0,825.6,0.9,0.0,806.8,17.9,649,,JUNAGADH,
Gujarat,Junagadh,IMD110-P647,1993,0.0,0.0,0.0,0.0,0.0,125.8,187.6,3.8,106.9,92.2,0.7,0.0,516.9,0.0,0.0,424.0,92.8,649,,JUNAGADH,
Gujarat,Junagadh,IMD110-P647,1994,2.4,0.0,0.0,0.0,0.0,207.4,651.5,135.0,166.5,2.8,0.0,0.0,1165.4,2.4,0.0,1160.3,2.8,649,,JUNAGADH,
Gujarat,Junagadh,IMD110-P647,1995,0.0,0.0,0.1,0.0,0.0,8.6,570.3,142.9,66.1,40.8,0.0,0.0,828.9,0.0,0.1,788.0,40.8,649,,JUNAGADH,
Gujarat,Junagadh,IMD110-P647,1996,1.4,0.0,0.0,0.0,0.0,267.1,437.4,56.2,20.6,100.4,0.0,0.0,883.0,1.4,0.0,781.2,100.4,649,,JUNAGADH,
Gujarat,Junagadh,IMD110-P647,1997,1.8,0.0,0.0,0.1,0.0,191.9,253.5,95.5,195.9,11.5,0.0,0.0,750.1,1.8,0.1,736.8,11.5,649,,JUNAGADH,
Gujarat,Junagadh,IMD110-P647,1998,0.0,0.3,0.0,0.0,0.0,219.5,398.6,250.1,29.4,161.9,5.5,0.0,1065.4,0.3,0.0,897.6,167.4,649,,JUNAGADH,
Gujarat,Junagadh,IMD110-P647,1999,0.0,0.0,0.0,0.0,0.0,213.7,164.8,34.7,22.9,94.2,0.0,0.0,530.3,0.0,0.0,436.0,94.2,649,,JUNAGADH,
Gujarat,Junagadh,IMD110-P647,2000,0.0,0.0,0.0,0.0,29.4,14.9,399.8,104.9,6.3,9.6,0.0,0.0,564.9,0.0,29.4,525.8,9.6,649,,JUNAGADH,
Gujarat,Junagadh,IMD110-P647,2001,0.0,0.0,0.0,0.0,2.4,324.0,253.6,139.1,68.2,11.7,0.0,0.0,798.9,0.0,2.4,784.9,11.7,649,,JUNAGADH,
Gujarat,Junagadh,IMD110-P647,2002,0.0,0.0,0.0,0.0,0.0,190.8,39.4,155.5,26.2,0.0,0.0,0.1,412.0,0.0,0.0,411.9,0.1,649,,JUNAGADH,
Gujarat,Junagadh,IMD110-P647,2003,0.0,0.7,0.0,0.0,0.0,118.8,382.0,368.2,32.7,5.2,0.0,0.0,907.5,0.7,0.0,901.6,5.2,649,,JUNAGADH,
Gujarat,Junagadh,IMD110-P647,2004,0.8,0.0,0.0,0.0,5.1,219.6,158.6,563.0,55.7,7.8,0.0,0.4,1010.9,0.8,5.1,996.8,8.2,649,,JUNAGADH,
Gujarat,Junagadh,IMD110-P647,2005,0.0,0.0,0.0,0.0,0.0,353.4,163.5,84.8,328.2,0.0,0.0,0.0,929.9,0.0,0.0,929.9,0.0,649,,JUNAGADH,
Gujarat,Junagadh,IMD110-P647,2006,0.0,0.0,0.3,0.0,0.0,148.9,508.0,221.6,124.7,2.0,0.3,0.0,1005.9,0.0,0.3,1003.2,2.3,649,,JUNAGADH,
Gujarat,Junagadh,IMD110-P647,2007,0.0,0.5,0.0,0.0,0.0,145.9,228.7,921.4,310.8,6.5,3.5,0.0,1617.5,0.5,0.0,1606.9,10.0,649,,JUNAGADH,
Gujarat,Junagadh,IMD110-P647,2008,0.0,0.1,0.0,0.0,0.0,109.9,539.2,110.3,376.5,10.2,0.0,0.1,1146.2,0.1,0.0,1135.8,10.4,649,,JUNAGADH,
Gujarat,Junagadh,IMD110-P647,2009,0.0,0.0,0.0,0.0,0.0,182.2,933.2,68.5,15.8,3.5,7.6,0.0,1210.7,0.0,0.0,1199.7,11.0,649,,JUNAGADH,
Gujarat,Junagadh,IMD110-P647,2010,0.0,0.1,0.0,0.0,1.3,90.7,662.1,590.4,252.1,46.7,87.5,0.0,1731.0,0.1,1.3,1595.4,134.3,649,,JUNAGADH,
Gujarat,Kheda / Kaira,IMD110-P650,1901,1.8,0.0,0.2,0.0,1.0,48.0,187.9,236.1,10.6,1.8,0.0,0.0,487.3,1.8,1.2,482.5,1.8,650,,KHEDA,
Gujarat,Kheda / Kaira,IMD110-P650,1902,1.3,0.0,0.0,1.1,0.3,25.4,164.9,356.6,378.4,0.0,0.0,3.2,931.2,1.3,1.4,925.3,3.2,650,,KHEDA,
Gujarat,Kheda / Kaira,IMD110-P650,1903,0.0,0.0,0.2,0.0,6.6,5.7,446.1,151.2,133.3,0.3,0.0,0.0,743.3,0.0,6.7,736.2,0.3,650,,KHEDA,
Gujarat,Kheda / Kaira,IMD110-P650,1904,0.0,14.6,21.5,0.0,0.6,25.1,158.7,35.9,87.2,1.7,0.0,0.0,345.4,14.6,22.1,307.0,1.7,650,,KHEDA,
Gujarat,Kheda / Kaira,IMD110-P650,1905,1.3,0.6,0.3,1.2,0.1,37.5,768.6,11.7,70.0,0.0,0.0,0.0,891.2,1.9,1.5,887.8,0.0,650,,KHEDA,
Gujarat,Kheda / Kaira,IMD110-P650,1906,0.4,1.7,0.0,0.0,0.0,142.5,304.2,244.4,118.7,9.8,0.0,0.0,821.9,2.1,0.0,809.9,9.8,650,,KHEDA,
Gujarat,Kheda / Kaira,IMD110-P650,1907,0.0,12.1,0.0,1.9,0.0,48.2,330.4,597.7,5.4,0.0,0.0,0.0,995.9,12.1,1.9,981.8,0.0,650,,KHEDA,
Gujarat,Kheda / Kaira,IMD110-P650,1908,2.0,0.0,0.0,0.0,0.0,44.2,365.1,422.7,1.2,1.0,0.0,0.0,836.3,2.0,0.0,833.3,1.0,650,,KHEDA,
Gujarat,Kheda / Kaira,IMD110-P650,1909,0.7,1.0,0.0,11.0,0.0,95.2,389.4,187.0,73.2,0.0,0.0,2.0,759.5,1.7,11.0,744.8,2.0,650,,KHEDA,
Gujarat,Kheda / Kaira,IMD110-P650,1910,0.8,0.0,0.0,0.0,0.0,262.4,258.3,261.5,18.7,17.5,1.1,0.0,820.3,0.8,0.0,800.9,18.6,650,,KHEDA,
Gujarat,Kheda / Kaira,IMD110-P650,1911,2.2,0.0,28.1,0.0,0.0,189.8,24.0,28.2,43.4,0.1,1.8,0.0,317.6,2.2,28.1,285.3,1.9,650,,KHEDA,
Gujarat,Kheda / Kaira,IMD110-P650,1912,0.0,0.0,0.0,0.1,0.0,37.1,594.5,314.3,37.8,1.2,8.0,0.0,992.9,0.0,0.1,983.6,9.2,650,,KHEDA,
Gujarat,Kheda / Kaira,IMD110-P650,1913,0.0,0.0,0.0,0.0,2.6,267.0,504.9,113.6,152.0,0.0,0.2,0.1,1040.4,0.0,2.6,1037.6,0.3,650,,KHEDA,
Gujarat,Kheda / Kaira,IMD110-P650,1914,0.0,1.3,0.0,0.0,13.3,227.9,392.2,95.5,138.4,12.7,1.0,0.0,882.3,1.3,13.3,854.0,13.7,650,,KHEDA,
Gujarat,Kheda / Kaira,IMD110-P650,1915,0.7,0.0,12.0,2.3,0.0,80.9,60.1,41.7,19.0,99.3,0.0,0.0,315.9,0.7,14.3,201.7,99.3,650,,KHEDA,
Gujarat,Kheda / Kaira,IMD110-P650,1916,0.0,0.0,0.0,0.1,9.2,112.1,138.8,296.7,106.2,30.3,0.0,0.0,693.4,0.0,9.3,653.8,30.3,650,,KHEDA,
Gujarat,Kheda / Kaira,IMD110-P650,1917,0.0,11.2,0.0,13.0,127.6,102.0,334.8,243.2,352.1,252.4,0.0,0.0,1436.4,11.2,140.6,1032.2,252.4,650,,KHEDA,
Gujarat,Kheda / Kaira,IMD110-P650,1918,0.0,0.0,0.0,0.0,3.9,23.8,41.2,106.1,11.0,0.0,0.3,0.0,186.4,0.0,3.9,182.2,0.3,650,,KHEDA,
Gujarat,Kheda / Kaira,IMD110-P650,1919,6.5,0.0,0.0,0.6,3.6,113.8,244.9,426.7,47.3,10.6,24.7,0.0,878.7,6.5,4.3,832.6,35.3,650,,KHEDA,
Gujarat,Kheda / Kaira,IMD110-P650,1920,4.0,0.1,0.0,0.0,55.7,224.8,217.5,74.6,3.0,0.0,0.0,0.0,579.8,4.2,55.7,519.9,0.0,650,,KHEDA,
Gujarat,Kheda / Kaira,IMD110-P650,1921,0.8,0.0,0.0,0.0,0.0,17.7,391.6,165.0,427.2,0.0,0.0,0.0,1002.4,0.8,0.0,1001.6,0.0,650,,KHEDA,
Gujarat,Kheda / Kaira,IMD110-P650,1922,0.7,0.0,0.0,0.1,0.0,51.8,286.1,60.0,247.4,2.3,0.8,0.0,649.2,0.7,0.1,645.3,3.2,650,,KHEDA,
Gujarat,Kheda / Kaira,IMD110-P650,1923,0.0,3.6,0.0,9.4,2.7,0.1,118.7,154.5,72.5,1.5,0.3,0.0,363.3,3.6,12.1,345.8,1.8,650,,KHEDA,
Gujarat,Kheda / Kaira,IMD110-P650,1924,0.8,0.0,0.0,0.0,4.7,91.3,280.1,129.6,219.9,7.4,0.0,4.0,737.8,0.8,4.7,720.9,11.4,650,,KHEDA,
Gujarat,Kheda / Kaira,IMD110-P650,1925,0.0,0.0,0.0,0.0,8.9,273.3,335.9,68.9,0.5,0.0,7.0,0.0,694.6,0.0,8.9,678.6,7.0,650,,KHEDA,
Gujarat,Kheda / Kaira,IMD110-P650,1926,0.0,0.0,0.1,3.4,13.6,13.7,398.6,536.8,295.4,0.0,0.0,0.0,1261.7,0.0,17.2,1244.5,0.0,650,,KHEDA,
Gujarat,Kheda / Kaira,IMD110-P650,1927,0.0,3.5,0.0,0.0,1.6,128.5,1493.0,152.6,120.1,3.1,5.1,20.9,1928.6,3.5,1.6,1894.2,29.2,650,,KHEDA,
Gujarat,Kheda / Kaira,IMD110-P650,1928,0.0,0.2,0.0,0.0,0.0,59.1,368.7,258.5,153.2,9.1,7.9,0.0,856.7,0.2,0.0,839.5,17.0,650,,KHEDA,
Gujarat,Kheda / Kaira,IMD110-P650,1929,1.5,0.0,0.0,4.0,0.0,149.6,305.3,120.1,8.4,0.3,0.0,7.3,596.4,1.5,4.0,583.3,7.5,650,,KHEDA,
Gujarat,Kheda / Kaira,IMD110-P650,1930,0.1,0.0,0.0,0.0,0.6,117.3,516.8,207.0,63.1,23.5,0.0,3.3,931.7,0.1,0.6,904.2,26.8,650,,KHEDA,
Gujarat,Kheda / Kaira,IMD110-P650,1931,0.0,0.0,0.0,0.0,0.5,13.6,198.6,599.1,82.7,66.2,2.8,0.7,964.2,0.0,0.5,894.1,69.7,650,,KHEDA,
Gujarat,Kheda / Kaira,IMD110-P650,1932,0.0,0.0,0.1,0.0,0.0,89.5,404.1,134.8,81.2,32.0,0.0,0.0,741.6,0.0,0.1,709.6,32.0,650,,KHEDA,
Gujarat,Kheda / Kaira,IMD110-P650,1933,0.0,11.1,3.3,19.2,30.3,66.6,261.0,603.7,186.6,2.5,0.4,3.2,1188.0,11.1,52.8,1117.9,6.1,650,,KHEDA,
Gujarat,Kheda / Kaira,IMD110-P650,1934,0.0,0.0,0.1,0.0,0.0,178.4,267.5,449.5,115.3,0.0,7.3,0.0,1018.2,0.0,0.1,1010.8,7.3,650,,KHEDA,
Gujarat,Kheda / Kaira,IMD110-P650,1935,5.5,0.0,0.0,0.9,0.0,50.9,282.9,90.8,194.2,16.4,0.0,0.0,641.7,5.5,0.9,618.8,16.4,650,,KHEDA,
Gujarat,Kheda / Kaira,IMD110-P650,1936,0.0,3.3,0.7,0.0,0.0,134.2,109.0,28.0,194.2,3.3,35.1,0.0,507.8,3.3,0.7,465.4,38.4,650,,KHEDA,
Gujarat,Kheda / Kaira,IMD110-P650,1937,0.0,5.8,0.0,0.0,0.0,100.6,487.1,5.8,307.7,1.6,0.0,0.5,909.1,5.8,0.0,901.3,2.0,650,,KHEDA,
Gujarat,Kheda / Kaira,IMD110-P650,1938,0.0,0.0,0.0,0.0,12.9,232.8,246.1,71.4,8.5,7.0,0.0,0.0,578.7,0.0,12.9,558.8,7.0,650,,KHEDA,
Gujarat,Kheda / Kaira,IMD110-P650,1939,0.0,2.1,5.2,0.0,0.0,53.4,137.1,194.3,92.7,0.0,0.0,0.0,484.8,2.1,5.2,477.5,0.0,650,,KHEDA,
Gujarat,Kheda / Kaira,IMD110-P650,1940,6.3,0.1,14.0,0.0,0.0,118.4,185.2,189.6,26.1,26.6,5.8,0.0,572.1,6.4,14.0,519.3,32.4,650,,KHEDA,
Gujarat,Kheda / Kaira,IMD110-P650,1941,0.0,7.0,0.2,1.2,0.0,38.6,779.6,195.5,62.9,0.5,0.0,0.0,1085.6,7.0,1.4,1076.7,0.5,651,,KHEDA,
Gujarat,Kheda / Kaira,IMD110-P650,1942,2.6,12.6,0.0,0.0,1.0,72.2,409.0,425.3,219.6,0.0,0.0,0.0,1142.3,15.3,1.0,1126.1,0.0,651,,KHEDA,
Gujarat,Kheda / Kaira,IMD110-P650,1943,0.0,0.0,0.0,4.7,28.8,151.1,460.8,48.4,142.6,18.3,0.5,0.0,855.3,0.0,33.5,803.0,18.8,651,,KHEDA,
Gujarat,Kheda / Kaira,IMD110-P650,1944,5.6,0.0,5.5,2.3,2.5,58.4,496.2,389.3,77.1,1.6,0.0,0.0,1038.5,5.6,10.4,1021.0,1.6,651,,KHEDA,
Gujarat,Kheda / Kaira,IMD110-P650,1945,1.1,0.0,0.0,1.1,0.2,82.4,353.0,139.4,337.3,0.3,0.0,0.0,914.7,1.1,1.3,912.0,0.3,651,,KHEDA,
Gujarat,Kheda / Kaira,IMD110-P650,1946,0.0,6.1,0.0,3.5,4.3,209.4,228.0,378.3,31.6,0.0,20.9,3.1,885.1,6.1,7.7,847.2,24.0,651,,KHEDA,
Gujarat,Kheda / Kaira,IMD110-P650,1947,0.0,0.0,0.0,36.9,0.0,0.1,286.6,142.7,201.9,9.3,2.3,0.0,679.8,0.0,36.9,631.3,11.6,651,,KHEDA,
Gujarat,Kheda / Kaira,IMD110-P650,1948,19.9,0.0,0.0,0.0,0.0,54.5,123.8,125.4,49.4,10.6,19.1,0.0,402.7,19.9,0.0,353.0,29.7,651,,KHEDA,
Gujarat,Kheda / Kaira,IMD110-P650,1949,0.0,0.0,0.0,0.0,0.0,5.4,207.1,172.0,172.5,7.4,3.7,0.0,568.1,0.0,0.0,557.0,11.1,651,,KHEDA,
Gujarat,Kheda / Kaira,IMD110-P650,1950,0.0,0.0,0.0,0.0,0.0,22.2,815.6,76.5,322.5,0.0,0.0,0.0,1236.8,0.0,0.0,1236.8,0.0,651,,KHEDA,
Gujarat,Kheda / Kaira,IMD110-P650,1951,0.0,0.0,0.0,0.0,0.0,22.9,187.9,212.1,0.0,0.0,7.7,0.0,430.6,0.0,0.0,422.8,7.7,651,,KHEDA,
Gujarat,Kheda / Kaira,IMD110-P650,1952,0.0,0.0,0.0,0.0,0.0,82.4,528.5,155.2,2.1,0.1,0.0,0.0,768.2,0.0,0.0,768.1,0.1,651,,KHEDA,
Gujarat,Kheda / Kaira,IMD110-P650,1953,23.4,0.0,0.0,0.0,0.0,121.2,208.2,389.3,165.6,0.0,0.0,0.0,907.7,23.4,0.0,884.3,0.0,651,,KHEDA,
Gujarat,Kheda / Kaira,IMD110-P650,1954,0.0,0.7,9.4,0.1,0.1,55.2,267.5,230.1,442.0,41.9,0.0,0.0,1046.9,0.7,9.5,994.8,41.9,651,,KHEDA,
Gujarat,Kheda / Kaira,IMD110-P650,1955,0.0,0.0,0.0,0.0,0.6,75.9,57.4,250.9,247.6,16.9,0.0,0.0,649.4,0.0,0.6,631.8,16.9,651,,KHEDA,
Gujarat,Kheda / Kaira,IMD110-P650,1956,0.0,0.2,0.0,0.0,0.8,55.4,556.7,378.5,118.4,134.5,0.0,0.0,1244.5,0.2,0.8,1109.0,134.5,651,,KHEDA,
Gujarat,Kheda / Kaira,IMD110-P650,1957,1.0,0.0,0.0,0.0,15.0,112.9,300.0,116.5,1.1,5.4,14.6,0.1,566.6,1.0,15.0,530.5,20.1,651,,KHEDA,
Gujarat,Kheda / Kaira,IMD110-P650,1958,0.0,0.0,0.0,0.0,0.0,88.0,200.1,205.6,390.0,36.1,1.5,0.0,921.2,0.0,0.0,883.7,37.5,651,,KHEDA,
Gujarat,Kheda / Kaira,IMD110-P650,1959,0.0,0.0,0.0,1.7,0.2,51.6,582.7,180.7,358.4,86.7,0.0,0.0,1261.9,0.0,1.9,1173.3,86.7,651,,KHEDA,
Gujarat,Kheda / Kaira,IMD110-P650,1960,0.8,0.0,0.0,0.1,0.1,144.5,108.1,173.5,47.9,0.3,0.0,0.0,475.2,0.8,0.2,473.9,0.3,651,,KHEDA,
Gujarat,Kheda / Kaira,IMD110-P650,1961,0.1,0.9,0.0,0.0,1.0,95.3,340.6,125.5,274.5,9.8,0.0,0.0,847.7,1.0,1.0,835.9,9.8,651,,KHEDA,
Gujarat,Kheda / Kaira,IMD110-P650,1962,0.0,0.0,1.3,0.0,2.3,46.3,237.9,178.8,275.4,0.0,2.5,0.0,744.4,0.0,3.5,738.4,2.5,651,,KHEDA,
Gujarat,Kheda / Kaira,IMD110-P650,1963,0.1,0.0,0.0,0.0,0.6,71.3,272.4,316.0,214.8,15.8,24.0,0.0,914.9,0.1,0.6,874.4,39.8,651,,KHEDA,
Gujarat,Kheda / Kaira,IMD110-P650,1964,1.2,0.0,0.0,0.0,2.9,48.4,284.0,216.2,126.3,0.0,0.0,0.0,679.0,1.2,2.9,674.9,0.0,651,,KHEDA,
Gujarat,Kheda / Kaira,IMD110-P650,1965,5.7,0.0,0.2,0.0,0.0,2.4,352.4,115.8,21.8,0.0,0.5,0.0,498.8,5.7,0.2,492.4,0.5,651,,KHEDA,
Gujarat,Kheda / Kaira,IMD110-P650,1966,1.1,0.0,0.0,0.0,0.3,116.6,294.0,35.6,152.3,0.0,0.0,0.0,599.9,1.1,0.3,598.5,0.0,651,,KHEDA,
Gujarat,Kheda / Kaira,IMD110-P650,1967,0.0,0.0,40.4,0.1,0.0,110.3,354.8,261.3,89.6,0.0,0.5,4.9,861.9,0.0,40.5,816.0,5.4,651,,KHEDA,
Gujarat,Kheda / Kaira,IMD110-P650,1968,0.0,2.6,0.0,0.0,0.0,16.0,224.5,171.0,22.9,0.1,0.0,0.0,437.2,2.6,0.0,434.4,0.1,651,,KHEDA,
Gujarat,Kheda / Kaira,IMD110-P650,1969,0.0,0.0,0.0,0.0,0.0,96.5,321.7,191.5,194.5,0.0,5.9,12.0,822.2,0.0,0.0,804.2,17.9,651,,KHEDA,
Gujarat,Kheda / Kaira,IMD110-P650,1970,0.2,0.2,0.2,0.0,9.7,277.8,275.7,302.2,408.4,1.6,0.0,0.0,1275.8,0.4,9.8,1264.0,1.6,651,,KHEDA,
Gujarat,Kheda / Kaira,IMD110-P650,1971,0.0,0.0,0.0,0.5,6.3,177.4,144.9,167.6,64.3,4.9,0.0,0.0,566.0,0.0,6.8,554.2,4.9,651,,KHEDA,
Gujarat,Kheda / Kaira,IMD110-P650,1972,0.0,1.7,0.0,0.0,1.7,35.3,126.3,192.4,18.6,0.0,0.0,0.0,376.1,1.7,1.7,372.6,0.0,651,,KHEDA,
Gujarat,Kheda / Kaira,IMD110-P650,1973,0.0,1.3,0.0,0.0,0.0,96.6,144.4,322.0,395.5,5.7,0.0,0.0,965.5,1.3,0.0,958.6,5.7,651,,KHEDA,
Gujarat,Kheda / Kaira,IMD110-P650,1974,0.0,0.0,0.0,1.7,70.1,18.0,91.4,51.8,95.8,16.5,0.0,0.0,345.1,0.0,71.7,256.9,16.5,651,,KHEDA,
Gujarat,Kheda / Kaira,IMD110-P650,1975,0.0,0.0,0.0,0.0,0.0,146.6,126.0,392.3,247.9,18.3,0.0,0.0,931.1,0.0,0.0,912.8,18.3,651,,KHEDA,
Gujarat,Kheda / Kaira,IMD110-P650,1976,0.4,0.0,0.0,0.0,0.2,300.1,551.1,500.4,84.7,0.0,66.7,0.0,1503.6,0.4,0.2,1436.2,66.7,651,,KHEDA,
Gujarat,Kheda / Kaira,IMD110-P650,1977,0.1,1.2,0.0,0.0,10.4,322.6,543.6,254.2,98.9,0.0,6.5,0.0,1237.5,1.3,10.4,1219.3,6.5,651,,KHEDA,
Gujarat,Kheda / Kaira,IMD110-P650,1978,0.0,0.6,0.6,0.2,0.2,73.1,239.0,460.0,52.2,11.7,35.8,4.6,878.2,0.6,1.0,824.4,52.1,651,,KHEDA,
Gujarat,Kheda / Kaira,IMD110-P650,1979,0.0,0.8,0.2,0.0,0.0,149.4,138.1,347.2,18.2,1.1,72.5,0.0,727.5,0.8,0.2,652.9,73.6,651,,KHEDA,
Gujarat,Kheda / Kaira,IMD110-P650,1980,0.0,0.0,0.0,0.0,0.0,259.2,205.1,272.0,12.3,0.0,0.0,18.0,766.6,0.0,0.0,748.6,18.0,651,,KHEDA,
Gujarat,Kheda / Kaira,IMD110-P650,1981,2.6,0.0,0.0,0.0,0.0,91.1,421.1,467.9,96.6,52.4,24.0,0.0,1155.6,2.6,0.0,1076.6,76.4,651,,KHEDA,
Gujarat,Kheda / Kaira,IMD110-P650,1982,0.3,0.0,0.0,3.3,103.7,40.3,225.2,417.3,4.3,12.2,194.3,0.0,1000.9,0.3,107.0,687.2,206.4,652,,KHEDA,
Gujarat,Kheda / Kaira,IMD110-P650,1983,0.0,0.0,0.0,5.4,0.0,136.6,455.2,256.7,128.9,34.9,0.0,0.0,1017.6,0.0,5.4,977.3,34.9,652,,KHEDA,
Gujarat,Kheda / Kaira,IMD110-P650,1984,0.0,0.0,0.0,0.0,0.0,29.6,208.5,524.2,38.6,0.0,0.0,0.0,801.0,0.0,0.0,801.0,0.0,652,,KHEDA,
Gujarat,Kheda / Kaira,IMD110-P650,1985,0.0,0.0,0.0,0.0,0.0,7.6,173.8,59.7,9.2,185.9,0.0,0.0,436.2,0.0,0.0,250.3,185.9,652,,KHEDA,
Gujarat,Kheda / Kaira,IMD110-P650,1986,0.0,0.0,0.0,0.0,0.0,147.5,135.6,107.3,0.0,0.0,0.0,0.0,390.4,0.0,0.0,390.4,0.0,652,,KHEDA,
Gujarat,Kheda / Kaira,IMD110-P650,1987,0.0,0.0,0.0,0.0,0.0,27.5,27.2,242.4,2.3,0.0,0.0,10.2,309.6,0.0,0.0,299.5,10.2,652,,KHEDA,
Gujarat,Kheda / Kaira,IMD110-P650,1988,0.0,0.0,0.0,0.0,0.0,47.4,517.1,193.2,168.7,1.8,0.0,0.0,928.1,0.0,0.0,926.3,1.8,652,,KHEDA,
Gujarat,Kheda / Kaira,IMD110-P650,1989,0.5,0.0,0.0,0.0,1.0,145.9,373.9,313.3,34.3,0.0,0.0,0.0,869.0,0.5,1.0,867.4,0.0,652,,KHEDA,
Gujarat,Kheda / Kaira,IMD110-P650,1990,0.0,0.0,0.0,0.0,13.8,48.6,297.9,562.9,168.6,9.5,0.5,6.6,1108.4,0.0,13.8,1078.0,16.6,652,,KHEDA,
Gujarat,Kheda / Kaira,IMD110-P650,1991,0.0,0.0,0.0,0.0,0.0,3.5,389.0,117.0,21.2,0.0,0.0,0.0,530.7,0.0,0.0,530.7,0.0,652,,KHEDA,
Gujarat,Kheda / Kaira,IMD110-P650,1992,0.0,0.0,0.0,0.0,0.1,72.7,170.5,194.9,135.9,3.6,0.9,0.0,578.5,0.0,0.1,574.0,4.5,652,,KHEDA,
Gujarat,Kheda / Kaira,IMD110-P650,1993,0.0,0.0,0.0,0.0,0.0,54.6,475.0,24.7,71.2,7.3,2.2,0.0,634.9,0.0,0.0,625.5,9.5,652,,KHEDA,
Gujarat,Kheda / Kaira,IMD110-P650,1994,12.1,0.0,0.0,0.7,0.1,153.9,378.5,248.7,460.6,0.0,0.0,0.0,1254.6,12.1,0.8,1241.7,0.0,652,,KHEDA,
Gujarat,Kheda / Kaira,IMD110-P650,1995,0.5,0.0,0.0,0.0,0.0,4.5,327.2,132.2,67.2,24.7,0.0,0.7,556.9,0.5,0.0,531.0,25.3,652,,KHEDA,
Gujarat,Kheda / Kaira,IMD110-P650,1996,0.8,0.1,0.0,0.0,0.0,112.5,353.6,233.4,222.7,28.3,0.0,0.0,951.3,0.8,0.0,922.3,28.3,652,,KHEDA,
Gujarat,Kheda / Kaira,IMD110-P650,1997,0.5,0.0,0.0,10.2,1.2,434.9,169.9,451.4,84.9,8.0,4.1,0.0,1165.1,0.5,11.4,1141.1,12.1,652,,KHEDA,
Gujarat,Kheda / Kaira,IMD110-P650,1998,0.0,0.0,0.0,0.0,0.0,95.8,219.4,167.5,328.4,63.2,0.0,0.0,874.2,0.0,0.0,811.0,63.2,652,,KHEDA,
Gujarat,Kheda / Kaira,IMD110-P650,1999,0.0,0.1,0.0,0.0,15.3,217.2,293.8,34.5,45.7,28.3,0.0,0.0,634.8,0.1,15.3,591.2,28.3,652,,KHEDA,
Gujarat,Kheda / Kaira,IMD110-P650,2001,0.0,0.0,0.0,0.6,1.6,140.7,241.4,279.2,0.3,8.1,0.0,0.0,672.0,0.0,2.3,661.6,8.1,652,,KHEDA,
Gujarat,Kheda / Kaira,IMD110-P650,2002,0.0,0.0,0.0,0.0,0.0,152.8,18.1,215.0,102.7,0.0,0.0,0.0,488.6,0.0,0.0,488.6,0.0,652,,KHEDA,
Gujarat,Kheda / Kaira,IMD110-P650,2003,0.0,15.8,0.0,0.0,0.0,92.0,576.5,364.7,109.8,0.0,0.0,0.0,1158.7,15.8,0.0,1143.0,0.0,652,,KHEDA,
Gujarat,Kheda / Kaira,IMD110-P650,2004,0.0,0.0,0.0,0.0,0.3,55.2,152.2,584.1,22.1,12.9,0.0,0.0,826.8,0.0,0.3,813.6,12.9,652,,KHEDA,
Gujarat,Kheda / Kaira,IMD110-P650,2005,0.0,0.0,0.0,0.0,0.0,358.7,513.2,150.7,336.2,0.0,0.0,0.0,1358.9,0.0,0.0,1358.9,0.0,652,,KHEDA,
Gujarat,Kheda / Kaira,IMD110-P650,2006,0.0,0.0,10.0,0.0,0.0,61.2,622.4,604.8,101.2,0.6,0.0,0.0,1400.3,0.0,10.0,1389.7,0.6,652,,KHEDA,
Gujarat,Kheda / Kaira,IMD110-P650,2007,0.0,0.0,0.0,0.0,0.0,66.2,491.6,372.1,169.4,0.0,0.0,0.0,1099.3,0.0,0.0,1099.3,0.0,652,,KHEDA,
Gujarat,Kheda / Kaira,IMD110-P650,2008,0.0,0.0,0.0,6.4,0.0,47.3,229.3,331.2,204.8,0.0,0.4,0.9,820.3,0.0,6.4,812.7,1.3,652,,KHEDA,
Gujarat,Kheda / Kaira,IMD110-P650,2009,0.0,0.0,0.0,0.0,0.0,0.4,282.5,135.5,5.4,11.9,3.0,0.0,438.7,0.0,0.0,423.8,14.9,652,,KHEDA,
Gujarat,Kheda / Kaira,IMD110-P650,2010,0.0,0.0,0.0,0.0,0.0,23.9,256.9,398.8,121.6,0.6,35.9,0.8,838.4,0.0,0.0,801.1,37.3,652,,KHEDA,
Gujarat,Kutch,IMD110-P653,1901,3.8,0.0,0.3,0.0,2.4,10.9,35.8,53.7,3.6,2.0,0.0,0.7,113.1,3.8,2.6,103.9,2.7,653,,KUTCH,
Gujarat,Kutch,IMD110-P653,1902,0.0,0.0,0.0,0.7,2.0,9.4,42.2,128.4,74.3,0.5,0.0,0.0,257.5,0.0,2.7,254.3,0.5,653,,KUTCH,
Gujarat,Kutch,IMD110-P653,1903,1.0,0.0,1.9,0.0,0.0,1.5,276.0,71.1,38.1,1.3,0.0,0.0,390.9,1.0,1.9,386.7,1.3,653,,KUTCH,
Gujarat,Kutch,IMD110-P653,1904,1.9,0.8,7.6,0.0,0.0,0.0,56.8,3.7,24.5,0.0,3.7,0.0,99.1,2.8,7.6,85.1,3.7,653,,KUTCH,
Gujarat,Kutch,IMD110-P653,1905,2.8,0.9,0.9,0.2,0.0,1.8,153.9,4.6,6.7,0.0,0.0,0.0,171.7,3.7,1.0,167.0,0.0,653,,KUTCH,
Gujarat,Kutch,IMD110-P653,1906,1.7,35.8,0.0,0.0,0.0,124.5,89.1,129.6,81.9,19.3,0.0,0.8,482.7,37.5,0.0,425.1,20.1,653,,KUTCH,
Gujarat,Kutch,IMD110-P653,1907,0.0,30.5,0.0,0.1,0.0,69.9,135.2,230.6,3.4,0.0,0.0,0.0,469.6,30.5,0.1,439.1,0.0,653,,KUTCH,
Gujarat,Kutch,IMD110-P653,1908,2.9,0.0,0.0,0.0,0.0,10.8,245.0,164.1,4.7,0.0,0.0,0.0,427.5,2.9,0.0,424.6,0.0,653,,KUTCH,
Gujarat,Kutch,IMD110-P653,1909,0.0,5.0,0.0,2.7,0.0,64.8,216.1,36.9,166.2,0.0,0.0,3.5,495.2,5.0,2.7,484.0,3.5,653,,KUTCH,
Gujarat,Kutch,IMD110-P653,1910,0.0,0.0,0.0,0.0,0.9,107.8,172.1,159.5,0.6,0.8,0.0,0.0,441.6,0.0,0.9,439.9,0.8,653,,KUTCH,
Gujarat,Kutch,IMD110-P653,1911,1.7,0.0,45.3,0.0,0.0,5.9,5.0,16.2,2.4,0.1,0.0,0.0,76.5,1.7,45.3,29.4,0.1,653,,KUTCH,
Gujarat,Kutch,IMD110-P653,1912,0.0,0.0,1.3,0.0,0.0,23.8,381.5,96.0,10.2,0.0,0.8,0.0,513.6,0.0,1.3,511.6,0.8,653,,KUTCH,
Gujarat,Kutch,IMD110-P653,1913,0.0,0.0,0.3,0.0,0.0,81.9,499.5,178.2,68.5,0.0,0.0,0.3,828.7,0.0,0.3,828.2,0.3,653,,KUTCH,
Gujarat,Kutch,IMD110-P653,1914,0.0,16.9,0.7,0.0,4.5,115.8,62.6,28.1,146.9,0.0,0.8,0.0,376.4,16.9,5.2,353.5,0.8,653,,KUTCH,
Gujarat,Kutch,IMD110-P653,1915,0.0,0.0,6.0,12.2,0.0,1.7,96.9,3.1,13.6,52.4,0.0,0.0,185.9,0.0,18.2,115.2,52.4,653,,KUTCH,
Gujarat,Kutch,IMD110-P653,1916,0.0,0.0,0.0,0.0,0.0,5.8,50.1,274.5,58.0,29.2,0.0,0.0,417.7,0.0,0.0,388.5,29.2,653,,KUTCH,
Gujarat,Kutch,IMD110-P653,1917,7.8,0.0,0.0,1.4,24.3,22.7,173.7,180.8,115.1,164.1,0.0,0.0,689.9,7.8,25.7,492.3,164.1,653,,KUTCH,
Gujarat,Kutch,IMD110-P653,1918,0.0,0.0,1.4,0.0,0.0,0.0,5.0,55.5,5.8,0.0,0.0,0.0,67.6,0.0,1.4,66.3,0.0,653,,KUTCH,
Gujarat,Kutch,IMD110-P653,1919,10.1,0.0,0.0,2.3,0.0,9.8,107.5,176.6,35.8,1.1,1.3,0.0,344.5,10.1,2.3,329.7,2.4,653,,KUTCH,
Gujarat,Kutch,IMD110-P653,1920,0.0,0.3,0.3,0.0,11.8,128.0,110.8,51.3,1.4,0.0,0.0,0.0,304.0,0.3,12.1,291.6,0.0,653,,KUTCH,
Gujarat,Kutch,IMD110-P653,1921,0.0,0.0,0.0,0.0,0.0,0.9,235.8,64.4,168.4,3.5,0.0,0.1,473.1,0.0,0.0,469.5,3.6,653,,KUTCH,
Gujarat,Kutch,IMD110-P653,1922,0.0,0.0,0.0,0.8,0.0,30.3,107.6,20.5,121.2,0.1,0.0,1.9,282.3,0.0,0.8,279.5,2.0,653,,KUTCH,
Gujarat,Kutch,IMD110-P653,1923,0.0,12.9,0.0,0.0,5.5,0.0,47.8,66.6,1.2,0.0,0.0,0.0,134.0,12.9,5.5,115.6,0.0,653,,KUTCH,
Gujarat,Kutch,IMD110-P653,1924,0.0,0.0,0.0,0.0,11.1,11.4,92.5,51.2,21.0,0.0,0.0,0.0,187.3,0.0,11.1,176.1,0.0,653,,KUTCH,
Gujarat,Kutch,IMD110-P653,1925,0.0,0.0,0.0,0.0,0.0,105.5,69.0,10.1,1.3,0.0,1.1,0.0,187.0,0.0,0.0,185.9,1.1,653,,KUTCH,
Gujarat,Kutch,IMD110-P653,1926,2.2,0.0,0.6,0.0,36.8,0.0,131.4,156.3,473.8,1.0,0.0,0.0,802.1,2.2,37.4,761.5,1.0,653,,KUTCH,
Gujarat,Kutch,IMD110-P653,1927,0.0,14.4,0.0,0.0,0.0,24.4,365.2,34.8,25.0,14.5,0.0,2.6,480.9,14.4,0.0,449.4,17.1,653,,KUTCH,
Gujarat,Kutch,IMD110-P653,1928,0.0,0.0,0.0,0.0,0.0,0.0,155.8,47.1,25.7,21.9,6.3,0.0,256.7,0.0,0.0,228.5,28.2,653,,KUTCH,
Gujarat,Kutch,IMD110-P653,1929,5.6,0.0,0.0,4.0,0.0,9.6,222.3,56.1,0.8,3.9,0.8,14.4,317.5,5.6,4.0,288.8,19.1,653,,KUTCH,
Gujarat,Kutch,IMD110-P653,1930,9.5,0.0,0.0,0.1,0.1,40.7,204.3,27.9,12.2,7.5,0.0,0.0,302.4,9.5,0.2,285.1,7.5,653,,KUTCH,
Gujarat,Kutch,IMD110-P653,1931,0.0,0.9,0.0,0.0,1.6,0.0,41.4,66.8,7.8,43.3,0.0,0.0,161.7,0.9,1.6,116.0,43.3,653,,KUTCH,
Gujarat,Kutch,IMD110-P653,1932,0.0,0.0,0.0,0.0,0.0,1.6,376.6,39.4,0.1,18.6,0.0,0.0,436.3,0.0,0.0,417.7,18.6,653,,KUTCH,
Gujarat,Kutch,IMD110-P653,1933,0.0,0.9,0.4,25.1,105.2,6.8,216.5,220.5,56.7,0.0,0.0,0.0,632.0,0.9,130.7,500.5,0.0,653,,KUTCH,
Gujarat,Kutch,IMD110-P653,1934,0.0,0.0,0.1,0.0,0.0,144.7,115.6,75.3,4.7,0.0,0.0,0.0,340.5,0.0,0.1,340.4,0.0,653,,KUTCH,
Gujarat,Kutch,IMD110-P653,1935,16.5,0.0,0.0,4.0,0.0,11.1,323.7,26.8,16.9,1.7,0.0,0.8,401.5,16.5,4.0,378.5,2.4,653,,KUTCH,
Gujarat,Kutch,IMD110-P653,1936,0.0,5.9,0.0,0.0,0.0,76.5,96.4,3.3,84.0,0.0,19.5,1.9,287.5,5.9,0.0,260.2,21.4,653,,KUTCH,
Gujarat,Kutch,IMD110-P653,1937,0.0,2.2,0.0,0.0,0.0,37.8,198.9,1.1,69.0,5.4,0.0,29.2,343.6,2.2,0.0,306.8,34.6,653,,KUTCH,
Gujarat,Kutch,IMD110-P653,1938,0.0,0.0,0.0,0.0,3.9,111.7,77.4,45.9,1.1,1.5,0.0,0.0,241.5,0.0,3.9,236.1,1.5,653,,KUTCH,
Gujarat,Kutch,IMD110-P653,1939,0.0,19.0,2.9,0.0,0.0,0.6,10.1,19.5,5.4,0.4,1.1,0.0,59.0,19.0,2.9,35.5,1.5,653,,KUTCH,
Gujarat,Kutch,IMD110-P653,1940,8.6,9.2,7.5,0.0,3.2,51.5,71.2,45.8,0.0,0.0,25.0,0.0,222.0,17.9,10.7,168.5,25.0,653,,KUTCH,
Gujarat,Kutch,IMD110-P653,1941,0.0,4.8,0.0,0.0,0.0,8.9,323.1,3.5,11.2,0.0,0.0,3.2,354.7,4.8,0.0,346.6,3.2,654,,KUTCH,
Gujarat,Kutch,IMD110-P653,1942,0.0,37.3,0.0,0.0,4.7,3.8,32.5,107.7,11.4,0.0,0.0,0.0,197.4,37.3,4.7,155.4,0.0,654,,KUTCH,
Gujarat,Kutch,IMD110-P653,1943,0.2,0.0,0.0,0.0,0.0,10.0,269.8,8.9,27.9,0.0,0.0,0.0,316.8,0.2,0.0,316.6,0.0,654,,KUTCH,
Gujarat,Kutch,IMD110-P653,1944,1.7,0.0,1.6,0.0,2.3,18.0,436.4,191.7,3.5,0.0,0.0,3.0,658.2,1.7,4.0,649.5,3.0,654,,KUTCH,
Gujarat,Kutch,IMD110-P653,1945,15.3,0.0,0.0,0.0,0.4,54.7,258.7,64.6,19.1,0.4,0.0,0.0,413.1,15.3,0.4,397.0,0.4,654,,KUTCH,
Gujarat,Kutch,IMD110-P653,1946,0.0,0.6,0.0,0.0,0.4,39.3,76.8,140.0,0.9,0.1,0.0,0.0,258.1,0.6,0.4,257.0,0.1,654,,KUTCH,
Gujarat,Kutch,IMD110-P653,1947,0.0,0.0,0.0,0.0,0.0,0.1,14.1,286.8,72.1,0.1,0.0,0.0,373.1,0.0,0.0,373.0,0.1,654,,KUTCH,
Gujarat,Kutch,IMD110-P653,1948,8.9,0.0,0.0,0.0,0.0,2.0,18.3,48.8,66.7,13.7,5.1,1.6,165.1,8.9,0.0,135.7,20.4,654,,KUTCH,
Gujarat,Kutch,IMD110-P653,1949,0.0,0.0,0.0,0.0,0.0,0.0,191.6,270.9,24.3,0.0,0.0,0.0,486.8,0.0,0.0,486.8,0.0,654,,KUTCH,
Gujarat,Kutch,IMD110-P653,1950,0.0,0.0,0.0,0.0,0.0,0.0,376.8,6.9,65.5,0.0,0.0,0.0,449.2,0.0,0.0,449.2,0.0,654,,KUTCH,
Gujarat,Kutch,IMD110-P653,1951,0.0,0.0,0.0,1.8,0.0,16.4,94.5,71.3,2.6,0.0,3.3,0.0,189.8,0.0,1.8,184.7,3.3,654,,KUTCH,
Gujarat,Kutch,IMD110-P653,1952,0.0,0.0,0.0,0.2,0.0,39.4,304.0,34.5,0.3,0.0,1.5,0.0,379.8,0.0,0.2,378.1,1.5,654,,KUTCH,
Gujarat,Kutch,IMD110-P653,1953,5.5,0.0,0.0,0.0,0.0,30.0,61.0,425.4,27.9,0.0,0.0,0.0,549.8,5.5,0.0,544.3,0.0,654,,KUTCH,
Gujarat,Kutch,IMD110-P653,1954,3.7,0.9,4.4,0.0,0.0,22.0,90.0,171.5,97.7,0.0,1.1,0.0,391.3,4.7,4.4,381.1,1.1,654,,KUTCH,
Gujarat,Kutch,IMD110-P653,1955,0.0,0.0,1.6,0.0,0.9,3.9,6.8,95.4,173.9,0.9,0.0,0.0,283.4,0.0,2.4,280.1,0.9,654,,KUTCH,
Gujarat,Kutch,IMD110-P653,1956,0.1,0.0,0.0,0.0,0.0,63.2,251.2,202.9,55.4,34.7,0.0,0.5,607.9,0.1,0.0,572.6,35.2,654,,KUTCH,
Gujarat,Kutch,IMD110-P653,1957,1.4,0.0,0.2,0.0,1.4,37.5,132.2,31.4,5.4,0.8,4.8,0.1,215.1,1.4,1.6,206.5,5.7,654,,KUTCH,
Gujarat,Kutch,IMD110-P653,1958,1.7,1.1,0.3,0.3,0.0,12.7,79.5,19.3,226.0,24.3,5.6,5.4,376.3,2.8,0.6,337.6,35.3,654,,KUTCH,
Gujarat,Kutch,IMD110-P653,1959,1.7,0.0,0.0,2.1,0.0,32.3,517.7,54.2,276.4,17.9,7.7,0.0,910.0,1.7,2.1,880.5,25.6,654,,KUTCH,
Gujarat,Kutch,IMD110-P653,1960,0.0,0.0,0.5,0.0,0.0,64.3,72.2,36.7,4.7,0.0,0.0,0.1,178.5,0.0,0.5,177.9,0.1,654,,KUTCH,
Gujarat,Kutch,IMD110-P653,1961,0.5,10.6,0.0,0.0,1.2,107.3,291.5,100.5,199.8,4.0,0.4,0.0,715.7,11.0,1.2,699.2,4.3,654,,KUTCH,
Gujarat,Kutch,IMD110-P653,1962,0.0,0.0,0.3,1.5,0.9,14.7,83.2,68.9,60.5,0.0,9.0,0.4,239.3,0.0,2.7,227.2,9.4,654,,KUTCH,
Gujarat,Kutch,IMD110-P653,1963,0.0,0.0,0.0,3.0,0.0,8.5,10.5,69.1,47.2,47.8,28.6,0.4,215.1,0.0,3.0,135.3,76.8,654,,KUTCH,
Gujarat,Kutch,IMD110-P653,1964,0.3,0.0,0.0,0.0,0.0,62.8,100.6,141.3,10.4,0.0,0.0,0.0,315.3,0.3,0.0,315.0,0.0,654,,KUTCH,
Gujarat,Kutch,IMD110-P653,1965,7.5,0.0,0.0,0.6,0.2,0.0,228.3,86.8,1.9,0.0,0.0,0.0,325.2,7.5,0.7,316.9,0.0,654,,KUTCH,
Gujarat,Kutch,IMD110-P653,1966,0.0,0.0,0.0,0.0,0.0,62.7,141.5,3.0,34.4,0.0,0.0,0.0,241.5,0.0,0.0,241.5,0.0,654,,KUTCH,
Gujarat,Kutch,IMD110-P653,1967,0.0,0.0,57.0,1.4,0.0,29.9,577.9,70.8,21.4,0.0,0.0,30.1,788.6,0.0,58.5,700.0,30.1,654,,KUTCH,
Gujarat,Kutch,IMD110-P653,1968,1.6,1.9,0.4,0.0,0.0,0.6,44.0,88.3,3.2,0.2,1.3,0.0,141.3,3.5,0.4,136.1,1.4,654,,KUTCH,
Gujarat,Kutch,IMD110-P653,1969,0.0,0.5,0.0,0.0,0.0,15.3,78.4,9.1,0.0,0.0,5.3,0.2,108.8,0.5,0.0,102.8,5.5,654,,KUTCH,
Gujarat,Kutch,IMD110-P653,1970,0.0,0.0,0.0,0.5,9.6,18.9,234.4,265.3,197.8,9.0,0.0,0.0,735.5,0.0,10.1,716.4,9.0,654,,KUTCH,
Gujarat,Kutch,IMD110-P653,1971,0.7,0.0,0.0,0.0,0.0,128.9,110.3,89.6,13.2,0.0,0.0,0.0,342.7,0.7,0.0,341.9,0.0,654,,KUTCH,
Gujarat,Kutch,IMD110-P653,1972,0.0,1.9,0.0,0.0,0.0,37.2,62.0,19.9,0.1,0.0,0.0,0.0,121.0,1.9,0.0,119.2,0.0,654,,KUTCH,
Gujarat,Kutch,IMD110-P653,1973,1.9,0.0,0.0,0.0,0.0,35.7,103.5,58.4,8.3,5.1,0.0,0.0,212.8,1.9,0.0,205.8,5.1,654,,KUTCH,
Gujarat,Kutch,IMD110-P653,1974,0.0,0.0,0.0,0.0,1.5,6.0,15.8,14.1,31.9,21.2,0.0,0.8,91.3,0.0,1.5,67.8,21.9,654,,KUTCH,
Gujarat,Kutch,IMD110-P653,1975,1.3,0.0,0.0,0.0,0.0,59.2,71.6,216.5,257.4,107.8,0.0,0.0,713.9,1.3,0.0,604.8,107.8,654,,KUTCH,
Gujarat,Kutch,IMD110-P653,1976,1.6,0.2,2.4,0.0,0.0,8.6,235.7,223.9,57.5,0.6,19.8,0.0,550.2,1.8,2.4,525.6,20.4,654,,KUTCH,
Gujarat,Kutch,IMD110-P653,1977,2.1,0.0,0.0,0.0,2.4,156.5,154.7,80.2,84.2,0.0,8.6,0.0,488.7,2.1,2.4,475.6,8.6,654,,KUTCH,
Gujarat,Kutch,IMD110-P653,1978,0.0,0.9,0.0,0.0,0.0,137.5,96.4,161.8,6.1,0.8,51.3,0.2,455.0,0.9,0.0,401.9,52.2,654,,KUTCH,
Gujarat,Kutch,IMD110-P653,1979,0.0,4.5,0.0,0.0,0.0,67.7,4.5,781.3,7.7,8.3,48.8,0.7,923.5,4.5,0.0,861.2,57.9,654,,KUTCH,
Gujarat,Kutch,IMD110-P653,1980,0.1,0.3,0.0,0.0,0.0,294.9,146.1,10.1,1.9,0.0,0.1,7.8,461.4,0.4,0.0,453.0,7.9,654,,KUTCH,
Gujarat,Kutch,IMD110-P653,1981,1.3,0.0,0.0,0.0,1.0,20.0,285.2,122.6,50.4,9.9,126.6,0.0,617.0,1.3,1.1,478.0,136.5,654,,KUTCH,
Gujarat,Kutch,IMD110-P653,1982,0.0,0.1,0.0,0.4,19.6,0.2,79.1,76.3,8.1,0.0,18.5,0.0,202.3,0.1,20.0,163.7,18.5,655,,KUTCH,
Gujarat,Kutch,IMD110-P653,1983,0.4,0.0,0.0,1.8,0.0,30.2,131.6,198.0,13.6,3.1,0.0,0.0,378.7,0.4,1.8,373.4,3.1,655,,KUTCH,
Gujarat,Kutch,IMD110-P653,1984,0.0,0.0,0.0,0.0,0.0,25.5,51.1,132.6,88.1,0.0,0.0,0.0,297.3,0.0,0.0,297.3,0.0,655,,KUTCH,
Gujarat,Kutch,IMD110-P653,1985,0.0,0.0,0.0,0.0,6.1,12.0,68.2,134.8,2.8,0.6,0.0,0.0,224.5,0.0,6.1,217.8,0.6,655,,KUTCH,
Gujarat,Kutch,IMD110-P653,1986,0.0,0.0,0.4,0.0,0.0,72.1,40.0,80.9,2.0,0.0,0.0,0.0,195.4,0.0,0.4,194.9,0.0,655,,KUTCH,
Gujarat,Kutch,IMD110-P653,1987,0.0,0.0,0.4,0.0,0.0,0.3,0.7,0.5,0.0,0.1,0.0,7.1,9.1,0.0,0.4,1.5,7.2,655,,KUTCH,
Gujarat,Kutch,IMD110-P653,1988,0.0,0.0,0.0,1.5,0.2,0.9,447.7,84.8,54.6,0.0,0.0,0.0,589.7,0.0,1.6,588.1,0.0,655,,KUTCH,
Gujarat,Kutch,IMD110-P653,1989,1.2,0.0,0.3,0.0,0.0,93.0,227.5,65.9,10.8,3.5,0.0,0.0,402.3,1.2,0.3,397.3,3.5,655,,KUTCH,
Gujarat,Kutch,IMD110-P653,1990,0.0,0.8,1.0,0.0,0.0,2.1,2.6,202.4,25.3,14.2,0.0,0.0,248.4,0.8,1.0,232.4,14.2,655,,KUTCH,
Gujarat,Kutch,IMD110-P653,1991,0.0,0.0,0.0,0.0,0.0,0.0,65.0,20.1,0.2,0.0,0.0,0.4,85.8,0.0,0.0,85.4,0.4,655,,KUTCH,
Gujarat,Kutch,IMD110-P653,1992,3.7,0.0,0.0,0.0,0.0,16.4,442.6,88.0,39.7,6.7,0.0,0.0,597.1,3.7,0.0,586.8,6.7,655,,KUTCH,
Gujarat,Kutch,IMD110-P653,1993,0.7,10.2,0.0,0.0,0.0,5.7,85.8,0.6,3.2,11.2,29.3,0.0,146.6,10.9,0.0,95.2,40.5,655,,KUTCH,
Gujarat,Kutch,IMD110-P653,1994,0.1,0.1,0.0,0.0,0.0,24.3,409.3,154.2,341.4,0.0,0.0,0.0,929.4,0.2,0.0,929.3,0.0,655,,KUTCH,
Gujarat,Kutch,IMD110-P653,1995,0.0,0.0,0.3,0.0,0.0,0.2,193.1,5.3,9.5,18.3,0.0,0.0,226.9,0.0,0.3,208.2,18.3,655,,KUTCH,
Gujarat,Kutch,IMD110-P653,1996,0.1,0.0,0.1,0.0,0.0,78.2,65.0,1.5,3.9,0.0,0.0,0.0,148.7,0.1,0.1,148.5,0.0,655,,KUTCH,
Gujarat,Kutch,IMD110-P653,1997,1.0,0.0,1.3,0.3,0.5,93.0,128.5,92.9,164.7,0.8,0.0,0.0,483.0,1.0,2.1,479.1,0.8,655,,KUTCH,
Gujarat,Kutch,IMD110-P653,1998,0.0,0.0,0.0,0.0,0.0,73.5,73.0,30.8,52.1,175.9,0.0,0.0,405.2,0.0,0.0,229.3,175.9,655,,KUTCH,
Gujarat,Kutch,IMD110-P653,1999,2.0,16.3,0.0,0.0,242.7,23.4,13.1,12.5,6.2,106.3,0.0,0.0,422.4,18.3,242.7,55.2,106.3,655,,KUTCH,
Gujarat,Kutch,IMD110-P653,2000,0.0,0.0,0.0,0.0,0.0,0.0,174.2,9.7,2.8,0.0,0.0,0.0,186.7,0.0,0.0,186.7,0.0,655,,KUTCH,
Gujarat,Kutch,IMD110-P653,2001,0.0,0.0,0.0,0.0,0.3,130.1,179.8,75.2,1.6,2.0,0.0,0.0,389.0,0.0,0.3,386.7,2.0,655,,KUTCH,
Gujarat,Kutch,IMD110-P653,2002,0.0,0.0,0.0,0.0,0.0,52.3,0.1,76.5,1.3,0.0,0.3,1.3,131.8,0.0,0.0,130.2,1.5,655,,KUTCH,
Gujarat,Kutch,IMD110-P653,2003,0.0,0.7,0.0,0.0,0.0,24.4,508.0,118.2,1.0,0.0,0.0,0.0,652.3,0.7,0.0,651.6,0.0,655,,KUTCH,
Gujarat,Kutch,IMD110-P653,2004,0.1,0.0,0.0,0.0,3.7,75.1,14.2,134.0,29.4,13.4,0.0,0.0,269.9,0.1,3.7,252.6,13.4,655,,KUTCH,
Gujarat,Kutch,IMD110-P653,2005,0.0,0.0,0.0,0.0,0.1,66.0,90.4,24.0,121.0,0.0,0.0,0.0,301.5,0.0,0.1,301.4,0.0,655,,KUTCH,
Gujarat,Kutch,IMD110-P653,2006,0.0,0.0,3.1,0.0,0.0,21.1,269.2,253.7,30.0,0.0,0.0,1.5,578.5,0.0,3.1,574.0,1.5,655,,KUTCH,
Gujarat,Kutch,IMD110-P653,2007,0.0,2.5,0.2,0.0,0.0,91.9,116.1,306.0,55.6,1.8,0.0,0.0,574.2,2.5,0.2,569.6,1.8,655,,KUTCH,
Gujarat,Kutch,IMD110-P653,2008,0.1,0.1,0.2,0.0,0.0,109.4,41.2,83.7,112.4,0.1,1.2,15.4,363.7,0.1,0.2,346.7,16.7,655,,KUTCH,
Gujarat,Kutch,IMD110-P653,2009,0.0,0.0,0.0,0.0,0.1,43.8,307.6,129.0,6.1,0.8,0.1,0.0,487.4,0.0,0.1,486.4,0.9,655,,KUTCH,
Gujarat,Kutch,IMD110-P653,2010,0.2,0.0,0.0,0.0,0.0,52.8,338.4,336.6,153.4,1.5,57.7,0.0,940.7,0.2,0.0,881.3,59.2,655,,KUTCH,
Gujarat,Mahisagar,IMD110-P656,2001,0.0,0.0,0.0,0.0,0.0,79.3,187.5,175.0,7.3,5.5,0.0,0.0,454.5,0.0,0.0,449.0,5.5,656,,MAHISAGAR,
Gujarat,Mahisagar,IMD110-P656,2002,0.0,0.0,0.0,0.0,0.0,164.8,80.3,178.3,65.8,0.0,0.0,0.0,489.0,0.0,0.0,489.0,0.0,656,,MAHISAGAR,
Gujarat,Mahisagar,IMD110-P656,2003,0.0,0.0,0.0,0.0,0.0,90.3,371.5,254.3,51.0,0.0,0.0,0.0,767.0,0.0,0.0,767.0,0.0,656,,MAHISAGAR,
Gujarat,Mahisagar,IMD110-P656,2004,0.0,0.0,0.0,0.0,7.7,59.3,130.8,599.5,34.2,,0.0,0.0,,0.0,7.7,823.8,,656,missing_months,MAHISAGAR,
Gujarat,Mahisagar,IMD110-P656,2005,0.0,0.0,,0.0,0.0,46.0,409.5,104.5,190.5,,0.0,0.0,,0.0,,750.5,,656,missing_months,MAHISAGAR,
Gujarat,Mahisagar,IMD110-P656,2006,0.0,0.0,0.0,0.0,0.0,113.7,529.5,793.0,131.5,1.7,0.0,0.0,1569.3,0.0,0.0,1567.7,1.7,656,,MAHISAGAR,
Gujarat,Mahisagar,IMD110-P656,2007,0.0,0.0,0.0,0.0,0.0,20.7,590.0,332.5,171.7,0.0,0.0,0.0,1114.8,0.0,0.0,1114.8,0.0,656,,MAHISAGAR,
Gujarat,Mahisagar,IMD110-P656,2008,0.0,0.0,0.0,0.0,0.0,23.3,192.7,233.7,99.0,19.0,0.0,0.4,568.1,0.0,0.0,548.7,19.4,656,,MAHISAGAR,
Gujarat,Mahisagar,IMD110-P656,2009,0.0,0.0,0.0,0.0,0.0,17.2,294.5,154.5,26.3,10.3,4.4,0.0,507.2,0.0,0.0,492.5,14.7,656,,MAHISAGAR,
Gujarat,Mahisagar,IMD110-P656,2010,0.0,0.0,0.0,0.0,0.0,16.0,157.3,285.7,108.2,0.0,12.6,0.0,579.8,0.0,0.0,567.2,12.6,656,,MAHISAGAR,
Gujarat,Mehsana,IMD110-P657,1927,,,,,,65.8,832.2,245.5,86.2,1.3,0.6,21.6,,,,1229.6,23.5,657,missing_months,MEHSANA,
Gujarat,Mehsana,IMD110-P657,1928,0.0,0.0,0.0,0.0,0.0,4.6,244.9,132.2,65.7,4.6,19.7,0.0,471.6,0.0,0.0,447.3,24.3,657,,MEHSANA,
Gujarat,Mehsana,IMD110-P657,1929,0.0,0.0,0.0,8.6,0.3,77.3,149.3,130.1,7.6,0.0,0.0,12.0,385.2,0.0,8.9,364.3,12.0,657,,MEHSANA,
Gujarat,Mehsana,IMD110-P657,1930,3.5,0.0,0.0,1.8,0.0,56.0,341.4,98.9,38.1,10.8,0.0,0.0,550.4,3.5,1.8,534.3,10.8,657,,MEHSANA,
Gujarat,Mehsana,IMD110-P657,1931,0.0,0.0,0.0,0.0,0.0,2.9,84.1,506.1,32.1,35.5,0.0,0.0,660.7,0.0,0.0,625.2,35.5,657,,MEHSANA,
Gujarat,Mehsana,IMD110-P657,1932,0.0,0.0,1.5,0.0,0.0,42.8,330.7,148.2,95.5,6.3,0.0,0.0,625.0,0.0,1.5,617.2,6.3,657,,MEHSANA,
Gujarat,Mehsana,IMD110-P657,1933,0.0,0.0,1.3,0.3,65.4,63.9,248.7,397.7,129.1,5.1,9.1,0.0,920.7,0.0,67.0,839.5,14.3,657,,MEHSANA,
Gujarat,Mehsana,IMD110-P657,1934,0.0,0.0,1.3,0.0,0.0,119.1,276.5,262.5,14.8,0.0,0.0,0.0,674.2,0.0,1.3,672.9,0.0,657,,MEHSANA,
Gujarat,Mehsana,IMD110-P657,1935,7.9,0.0,0.0,3.4,0.5,38.0,278.0,60.8,124.2,20.5,0.0,0.0,533.3,7.9,3.9,501.0,20.5,657,,MEHSANA,
Gujarat,Mehsana,IMD110-P657,1936,0.0,1.9,2.4,0.0,0.0,72.4,62.7,29.6,172.4,0.0,6.3,0.0,347.7,1.9,2.4,337.1,6.3,657,,MEHSANA,
Gujarat,Mehsana,IMD110-P657,1937,0.0,3.2,0.0,0.0,0.0,378.1,394.9,6.9,320.7,0.0,0.0,0.0,1103.7,3.2,0.0,1100.6,0.0,657,,MEHSANA,
Gujarat,Mehsana,IMD110-P657,1938,0.0,0.0,0.0,0.0,6.4,139.8,230.1,61.2,7.1,4.6,0.0,0.0,449.3,0.0,6.4,438.3,4.6,657,,MEHSANA,
Gujarat,Mehsana,IMD110-P657,1939,0.0,0.0,5.2,0.0,0.0,31.6,68.5,237.3,34.5,0.0,0.0,0.0,377.0,0.0,5.2,371.8,0.0,657,,MEHSANA,
Gujarat,Mehsana,IMD110-P657,1940,30.5,0.0,21.8,0.0,4.8,128.1,91.4,159.5,26.7,0.5,15.6,0.0,479.0,30.5,26.7,405.8,16.1,657,,MEHSANA,
Gujarat,Mehsana,IMD110-P657,1941,0.0,8.5,0.0,0.0,0.0,8.7,504.5,167.5,2.5,0.0,0.0,0.0,691.9,8.5,0.0,683.3,0.0,657,,MEHSANA,
Gujarat,Mehsana,IMD110-P657,1942,0.0,31.1,0.0,0.0,28.8,79.6,381.4,232.8,89.0,0.0,0.0,0.0,842.7,31.1,28.8,782.7,0.0,657,,MEHSANA,
Gujarat,Mehsana,IMD110-P657,1943,0.0,0.0,0.0,0.6,3.2,83.8,458.7,70.3,57.8,0.0,0.0,0.0,674.5,0.0,3.8,670.7,0.0,657,,MEHSANA,
Gujarat,Mehsana,IMD110-P657,1944,0.0,0.0,6.6,8.3,0.0,126.2,339.0,386.5,43.1,0.0,0.0,0.0,909.5,0.0,14.9,894.7,0.0,657,,MEHSANA,
Gujarat,Mehsana,IMD110-P657,1945,5.4,0.0,0.0,0.0,0.0,91.9,332.5,182.8,126.4,0.0,0.0,0.0,739.0,5.4,0.0,733.5,0.0,657,,MEHSANA,
Gujarat,Mehsana,IMD110-P657,1946,0.0,0.0,0.0,0.0,13.2,169.4,258.9,273.1,16.5,0.0,18.0,0.0,749.1,0.0,13.2,717.9,18.0,657,,MEHSANA,
Gujarat,Mehsana,IMD110-P657,1947,0.0,0.0,0.0,15.5,0.0,4.4,124.4,211.5,134.4,0.0,0.0,0.0,490.3,0.0,15.5,474.8,0.0,657,,MEHSANA,
Gujarat,Mehsana,IMD110-P657,1948,7.3,0.0,0.0,0.0,0.0,12.1,85.1,99.8,19.6,6.6,9.6,0.0,240.1,7.3,0.0,216.6,16.3,657,,MEHSANA,
Gujarat,Mehsana,IMD110-P657,1949,0.0,0.0,0.0,0.0,0.0,8.8,158.7,77.3,89.5,20.5,0.0,0.0,354.7,0.0,0.0,334.3,20.5,657,,MEHSANA,
Gujarat,Mehsana,IMD110-P657,1950,0.0,0.0,0.0,0.0,0.0,4.6,507.3,66.1,540.4,8.6,0.0,0.0,1127.0,0.0,0.0,1118.3,8.6,657,,MEHSANA,
Gujarat,Mehsana,IMD110-P657,1951,0.0,0.0,0.0,0.0,16.1,11.5,134.0,134.9,0.0,0.0,5.0,0.0,301.5,0.0,16.1,280.4,5.0,657,,MEHSANA,
Gujarat,Mehsana,IMD110-P657,1952,0.0,0.0,0.0,0.0,2.6,62.6,480.8,162.9,6.7,0.0,0.0,0.0,715.6,0.0,2.6,713.0,0.0,657,,MEHSANA,
Gujarat,Mehsana,IMD110-P657,1953,21.3,0.0,0.0,0.0,0.0,47.0,185.9,562.1,93.1,0.0,0.0,0.0,909.5,21.3,0.0,888.1,0.0,657,,MEHSANA,
Gujarat,Mehsana,IMD110-P657,1954,0.0,0.4,0.0,0.0,0.0,40.8,224.3,152.1,447.6,2.5,0.0,0.0,867.7,0.4,0.0,864.8,2.5,657,,MEHSANA,
Gujarat,Mehsana,IMD110-P657,1955,0.0,0.0,0.5,0.0,0.2,34.6,37.2,374.4,294.2,19.3,0.0,0.0,760.5,0.0,0.7,740.5,19.3,657,,MEHSANA,
Gujarat,Mehsana,IMD110-P657,1956,0.0,0.0,0.0,0.0,5.6,94.0,638.9,232.9,132.9,76.1,0.0,1.6,1181.9,0.0,5.6,1098.7,77.7,657,,MEHSANA,
Gujarat,Mehsana,IMD110-P657,1957,3.5,0.0,0.6,0.0,0.0,139.3,177.7,95.3,4.2,6.3,9.1,0.9,436.9,3.5,0.6,416.5,16.3,657,,MEHSANA,
Gujarat,Mehsana,IMD110-P657,1958,2.0,0.0,0.0,0.3,0.4,100.3,225.5,73.7,265.1,40.5,2.3,0.0,710.1,2.0,0.7,664.6,42.8,657,,MEHSANA,
Gujarat,Mehsana,IMD110-P657,1959,0.0,0.0,0.0,7.9,0.0,52.4,495.2,202.4,428.3,48.5,0.2,0.0,1234.9,0.0,7.9,1178.3,48.7,657,,MEHSANA,
Gujarat,Mehsana,IMD110-P657,1960,0.5,0.0,0.0,0.0,0.0,79.5,162.0,127.0,15.9,0.0,0.0,0.0,384.9,0.5,0.0,384.4,0.0,657,,MEHSANA,
Gujarat,Mehsana,IMD110-P657,1961,0.1,0.7,0.0,0.0,0.7,66.8,276.7,104.8,253.4,12.7,0.0,0.0,715.9,0.8,0.7,701.7,12.7,657,,MEHSANA,
Gujarat,Mehsana,IMD110-P657,1962,0.0,0.0,1.5,0.0,0.0,18.4,223.5,214.5,149.9,0.0,2.5,0.0,610.2,0.0,1.5,606.2,2.5,657,,MEHSANA,
Gujarat,Mehsana,IMD110-P657,1963,0.0,0.0,0.7,1.1,0.0,25.1,163.0,156.6,422.6,31.1,33.7,0.0,834.0,0.0,1.8,767.3,64.9,657,,MEHSANA,
Gujarat,Mehsana,IMD110-P657,1964,0.0,0.0,0.0,0.0,0.4,74.2,251.3,161.5,18.5,0.0,0.0,0.0,505.8,0.0,0.4,505.4,0.0,657,,MEHSANA,
Gujarat,Mehsana,IMD110-P657,1965,9.6,0.0,2.6,2.6,0.1,14.6,370.1,75.8,6.0,0.0,0.2,0.0,481.6,9.6,5.3,466.5,0.2,657,,MEHSANA,
Gujarat,Mehsana,IMD110-P657,1966,0.8,0.0,0.0,0.0,0.1,105.3,181.6,24.4,166.3,0.0,0.0,0.0,478.4,0.8,0.1,477.6,0.0,657,,MEHSANA,
Gujarat,Mehsana,IMD110-P657,1967,0.0,0.0,28.6,0.0,0.0,65.6,252.2,155.6,125.6,0.0,0.0,27.3,654.9,0.0,28.6,599.0,27.3,658,,MEHSANA,
Gujarat,Mehsana,IMD110-P657,1968,0.0,0.3,6.7,0.0,0.0,5.4,217.3,166.4,0.3,0.2,0.0,0.0,396.7,0.3,6.7,389.4,0.2,658,,MEHSANA,
Gujarat,Mehsana,IMD110-P657,1969,0.2,0.0,0.0,0.0,0.0,44.2,135.8,109.3,47.2,0.0,9.7,0.0,346.4,0.2,0.0,336.5,9.7,658,,MEHSANA,
Gujarat,Mehsana,IMD110-P657,1970,0.0,1.5,0.2,0.0,6.4,91.1,141.0,491.1,117.9,3.5,0.0,0.0,852.6,1.5,6.6,841.0,3.5,658,,MEHSANA,
Gujarat,Mehsana,IMD110-P657,1971,0.4,0.0,0.0,0.0,1.6,131.1,235.8,136.7,50.3,5.1,0.0,0.0,560.9,0.4,1.6,553.9,5.1,658,,MEHSANA,
Gujarat,Mehsana,IMD110-P657,1972,0.0,5.2,0.0,0.0,1.4,48.3,128.8,125.8,2.7,0.0,0.0,0.0,312.1,5.2,1.4,305.5,0.0,658,,MEHSANA,
Gujarat,Mehsana,IMD110-P657,1973,0.3,1.0,0.0,0.0,3.0,92.4,224.2,376.7,294.5,5.8,0.0,0.1,998.0,1.3,3.0,987.9,5.9,658,,MEHSANA,
Gujarat,Mehsana,IMD110-P657,1974,0.0,0.0,0.0,0.0,87.7,7.0,79.2,47.5,61.3,23.7,0.0,0.0,306.4,0.0,87.7,195.0,23.7,658,,MEHSANA,
Gujarat,Mehsana,IMD110-P657,1975,0.0,0.0,0.0,0.0,0.0,97.5,180.1,413.5,734.2,53.4,0.0,0.0,1478.7,0.0,0.0,1425.3,53.4,658,,MEHSANA,
Gujarat,Mehsana,IMD110-P657,1976,7.3,0.0,0.0,0.0,0.0,134.5,302.6,416.4,80.8,0.4,29.2,0.0,971.2,7.3,0.0,934.3,29.6,658,,MEHSANA,
Gujarat,Mehsana,IMD110-P657,1977,2.8,0.1,0.0,0.0,24.8,229.2,655.6,169.8,88.5,0.8,0.0,0.0,1171.5,2.9,24.8,1143.0,0.8,658,,MEHSANA,
Gujarat,Mehsana,IMD110-P657,1978,0.0,0.9,0.0,10.2,0.0,124.6,295.3,322.2,13.2,5.8,20.3,0.9,793.6,0.9,10.2,755.4,27.0,658,,MEHSANA,
Gujarat,Mehsana,IMD110-P657,1979,0.0,8.5,0.0,0.0,0.7,83.0,69.2,384.1,9.4,16.0,61.0,0.0,631.9,8.5,0.7,545.7,77.0,658,,MEHSANA,
Gujarat,Mehsana,IMD110-P657,1980,0.0,0.0,0.0,0.0,0.0,210.8,195.4,122.2,7.1,0.0,0.0,20.5,555.9,0.0,0.0,535.4,20.5,658,,MEHSANA,
Gujarat,Mehsana,IMD110-P657,1981,0.8,0.0,0.0,0.0,0.0,39.6,254.4,369.1,77.6,16.7,22.5,0.0,780.7,0.8,0.0,740.7,39.2,658,,MEHSANA,
Gujarat,Mehsana,IMD110-P657,1982,0.0,1.9,0.1,1.2,75.7,26.3,262.1,136.2,10.7,8.3,71.7,0.2,594.5,1.9,77.0,435.3,80.2,658,,MEHSANA,
Gujarat,Mehsana,IMD110-P657,1983,0.0,0.0,0.0,4.9,0.0,56.8,272.1,319.7,89.5,65.7,0.0,0.0,808.8,0.0,5.0,738.1,65.7,658,,MEHSANA,
Gujarat,Mehsana,IMD110-P657,1984,0.0,0.0,0.0,0.0,0.0,25.9,154.5,447.0,35.3,3.1,0.0,0.0,665.8,0.0,0.0,662.6,3.1,658,,MEHSANA,
Gujarat,Mehsana,IMD110-P657,1985,0.0,0.0,0.0,0.0,0.0,0.1,163.4,79.1,2.0,151.0,0.0,1.1,396.7,0.0,0.0,244.6,152.1,658,,MEHSANA,
Gujarat,Mehsana,IMD110-P657,1986,0.0,0.0,0.0,0.0,1.1,105.8,56.3,104.8,0.0,0.0,0.0,0.0,268.0,0.0,1.1,266.9,0.0,658,,MEHSANA,
Gujarat,Mehsana,IMD110-P657,1987,0.0,0.4,0.0,0.0,0.0,33.2,40.2,90.7,1.3,5.4,0.0,20.5,191.8,0.4,0.0,165.4,25.9,658,,MEHSANA,
Gujarat,Mehsana,IMD110-P657,1988,0.0,0.0,0.0,4.6,0.0,8.6,455.2,251.0,64.9,5.4,0.0,0.0,789.8,0.0,4.6,779.8,5.4,658,,MEHSANA,
Gujarat,Mehsana,IMD110-P657,1989,2.6,0.0,0.0,0.0,0.0,41.3,186.5,309.5,33.3,0.0,0.0,0.0,573.2,2.6,0.0,570.7,0.0,658,,MEHSANA,
Gujarat,Mehsana,IMD110-P657,1990,0.0,5.0,0.0,0.0,0.5,16.8,203.5,590.5,141.9,1.3,0.0,4.8,964.3,5.0,0.5,952.7,6.2,658,,MEHSANA,
Gujarat,Mehsana,IMD110-P657,1992,0.0,0.0,0.0,0.0,0.0,47.7,209.8,101.7,227.0,0.0,15.8,0.0,602.1,0.0,0.0,586.3,15.8,658,,MEHSANA,
Gujarat,Mehsana,IMD110-P657,1993,0.0,1.4,0.3,0.0,0.0,65.4,627.0,8.0,56.7,21.1,3.3,0.0,783.1,1.4,0.4,757.0,24.3,658,,MEHSANA,
Gujarat,Mehsana,IMD110-P657,1994,0.5,0.0,0.0,0.0,0.0,160.1,331.4,490.9,363.3,0.0,0.0,0.0,1346.3,0.5,0.0,1345.8,0.0,658,,MEHSANA,
Gujarat,Mehsana,IMD110-P657,1995,0.0,0.0,0.0,0.0,0.0,0.0,280.3,59.3,45.5,4.8,0.0,5.5,395.4,0.0,0.0,385.1,10.3,658,,MEHSANA,
Gujarat,Mehsana,IMD110-P657,1996,4.2,0.0,0.0,0.0,0.0,71.8,266.5,103.7,93.0,8.9,0.0,0.0,548.0,4.2,0.0,534.9,8.9,658,,MEHSANA,
Gujarat,Mehsana,IMD110-P657,1997,0.3,0.0,0.0,0.0,1.5,248.4,226.2,162.2,108.9,14.8,0.0,0.0,762.3,0.3,1.6,745.6,14.8,658,,MEHSANA,
Gujarat,Mehsana,IMD110-P657,1998,0.0,0.0,0.0,0.0,0.0,95.7,242.2,102.7,343.0,117.8,0.0,0.0,901.4,0.0,0.0,783.6,117.8,658,,MEHSANA,
Gujarat,Mehsana,IMD110-P657,1999,0.0,6.6,0.0,0.0,18.2,129.8,80.4,30.8,20.2,56.4,0.0,0.0,342.4,6.6,18.2,261.2,56.4,658,,MEHSANA,
Gujarat,Mehsana,IMD110-P657,2001,110.4,0.0,0.0,0.0,1.8,134.9,196.0,162.8,0.0,34.3,0.0,0.0,640.1,110.4,1.8,493.8,34.3,658,,MEHSANA,
Gujarat,Mehsana,IMD110-P657,2002,74.0,0.0,0.0,0.0,0.0,135.7,58.0,108.6,21.1,4.4,0.0,0.2,402.0,74.0,0.0,323.5,4.6,658,,MEHSANA,
Gujarat,Mehsana,IMD110-P657,2003,0.0,3.0,0.0,0.0,0.0,48.5,497.3,235.7,41.8,0.0,0.0,0.0,826.4,3.0,0.0,823.3,0.0,658,,MEHSANA,
Gujarat,Mehsana,IMD110-P657,2004,0.0,0.0,0.0,0.0,6.2,91.9,88.0,297.9,40.5,30.8,0.0,0.0,555.4,0.0,6.2,518.4,30.8,658,,MEHSANA,
Gujarat,Mehsana,IMD110-P657,2005,0.0,0.0,0.0,0.0,0.0,144.5,438.6,298.2,324.9,0.0,0.0,0.0,1206.2,0.0,0.0,1206.2,0.0,658,,MEHSANA,
Gujarat,Mehsana,IMD110-P657,2006,0.0,0.0,0.2,0.0,0.0,105.9,358.9,845.6,151.0,0.0,0.2,0.0,1461.8,0.0,0.2,1461.3,0.2,658,,MEHSANA,
Gujarat,Mehsana,IMD110-P657,2007,0.0,0.5,0.0,0.0,0.0,38.6,661.0,331.2,64.4,0.0,0.0,0.0,1095.7,0.5,0.0,1095.2,0.0,658,,MEHSANA,
Gujarat,Mehsana,IMD110-P657,2008,0.0,0.0,0.0,6.4,0.0,57.2,138.0,330.0,73.5,3.6,0.0,8.6,617.2,0.0,6.4,598.7,12.1,658,,MEHSANA,
Gujarat,Mehsana,IMD110-P657,2009,0.0,0.0,0.0,0.0,0.0,1.7,288.5,152.9,10.2,0.5,0.0,0.0,453.8,0.0,0.0,453.3,0.5,658,,MEHSANA,
Gujarat,Mehsana,IMD110-P657,2010,0.0,0.0,0.0,0.0,0.0,58.6,341.7,334.2,95.8,0.0,41.6,0.1,871.9,0.0,0.0,830.2,41.7,659,,MEHSANA,
Gujarat,Morbi,IMD110-P660,2004,,,,,,26.0,98.0,187.0,28.0,,,,,,,339.0,,660,missing_months,MORBI,
Gujarat,Morbi,IMD110-P660,2005,,,,,,56.0,150.0,157.0,234.0,,,,,,,597.0,,660,missing_months,MORBI,
Gujarat,Morbi,IMD110-P660,2006,,,,,,19.0,415.0,68.0,75.0,0.0,,,,,,577.0,,660,missing_months,MORBI,
Gujarat,Morbi,IMD110-P660,2007,,,,,,125.0,278.0,311.0,131.0,0.0,,,,,,845.0,,660,missing_months,MORBI,
Gujarat,Morbi,IMD110-P660,2008,,,,,,61.0,79.0,188.0,295.0,0.0,,,,,,623.0,,660,missing_months,MORBI,
Gujarat,Morbi,IMD110-P660,2009,,,,,,7.0,316.0,196.0,0.0,0.0,,,,,,519.0,,660,missing_months,MORBI,
Gujarat,Morbi,IMD110-P660,2010,,,,,,58.0,442.0,303.0,174.0,15.0,,,,,,977.0,,660,missing_months,MORBI,
Gujarat,Narmada,IMD110-P661,1901,1.6,0.0,2.0,7.4,31.0,71.7,271.0,213.1,29.2,64.3,0.0,0.0,691.3,1.6,40.4,585.0,64.3,661,,NARMADA,
Gujarat,Narmada,IMD110-P661,1902,12.4,0.0,0.0,0.0,0.0,23.7,329.8,249.4,155.7,,0.0,72.7,,12.4,0.0,758.6,,661,missing_months,NARMADA,
Gujarat,Narmada,IMD110-P661,1903,0.0,0.0,0.0,0.0,5.1,7.4,579.2,134.5,431.2,0.0,0.0,0.0,1157.4,0.0,5.1,1152.3,0.0,661,,NARMADA,
Gujarat,Narmada,IMD110-P661,1904,0.0,17.7,1.8,0.0,0.3,107.6,258.9,49.4,210.4,0.5,0.0,3.0,649.6,17.7,2.1,626.3,3.5,661,,NARMADA,
Gujarat,Narmada,IMD110-P661,1905,0.0,1.0,0.0,0.0,0.0,7.1,523.9,40.1,98.7,0.0,0.0,0.0,670.8,1.0,0.0,669.8,0.0,661,,NARMADA,
Gujarat,Narmada,IMD110-P661,1906,0.0,13.2,0.0,0.0,0.0,239.4,215.0,436.5,116.7,0.0,0.0,,,13.2,0.0,1007.6,,661,missing_months,NARMADA,
Gujarat,Narmada,IMD110-P661,1907,0.0,0.0,0.5,1.0,0.0,69.1,314.6,379.4,2.0,0.0,0.3,0.0,766.9,0.0,1.5,765.1,0.3,661,,NARMADA,
Gujarat,Narmada,IMD110-P661,1908,5.8,0.0,3.6,0.0,0.0,106.4,493.7,199.9,33.9,0.0,0.0,0.0,843.3,5.8,3.6,833.9,0.0,661,,NARMADA,
Gujarat,Narmada,IMD110-P661,1909,0.0,0.0,0.0,4.3,8.6,180.2,426.8,222.3,169.9,0.0,0.0,2.5,1014.6,0.0,12.9,999.2,2.5,661,,NARMADA,
Gujarat,Narmada,IMD110-P661,1910,2.0,0.0,0.0,0.0,0.0,398.6,330.2,242.2,9.4,58.7,74.1,0.0,1115.2,2.0,0.0,980.4,132.8,661,,NARMADA,
Gujarat,Narmada,IMD110-P661,1911,8.2,0.0,13.2,0.0,0.0,212.0,87.3,158.4,115.2,0.0,21.4,0.0,615.7,8.2,13.2,572.9,21.4,661,,NARMADA,
Gujarat,Narmada,IMD110-P661,1912,0.0,0.0,0.0,0.0,,161.8,719.4,322.5,9.6,0.0,65.5,0.0,,0.0,,1213.3,65.5,661,missing_months,NARMADA,
Gujarat,Narmada,IMD110-P661,1913,0.0,0.0,0.0,0.0,14.0,920.0,260.0,200.9,323.1,0.0,0.0,0.0,1718.0,0.0,14.0,1704.0,0.0,661,,NARMADA,
Gujarat,Narmada,IMD110-P661,1914,0.0,15.3,0.0,0.0,0.0,217.6,616.6,111.3,390.8,11.5,0.0,0.0,1363.1,15.3,0.0,1336.3,11.5,661,,NARMADA,
Gujarat,Narmada,IMD110-P661,1915,10.4,0.0,8.3,0.0,0.0,210.7,117.1,197.4,92.2,78.1,3.8,0.0,718.0,10.4,8.3,617.4,81.9,661,,NARMADA,
Gujarat,Narmada,IMD110-P661,1916,0.0,0.0,0.0,0.0,0.5,190.2,257.6,408.7,328.6,36.0,6.1,0.0,1227.7,0.0,0.5,1185.1,42.1,661,,NARMADA,
Gujarat,Narmada,IMD110-P661,1917,0.0,19.0,0.0,1.8,93.0,177.0,398.8,444.1,340.2,265.0,0.0,0.0,1738.9,19.0,94.8,1360.1,265.0,661,,NARMADA,
Gujarat,Narmada,IMD110-P661,1918,0.0,0.0,0.0,0.0,3.0,20.4,96.2,88.9,9.8,0.0,0.0,0.0,218.3,0.0,3.0,215.3,0.0,661,,NARMADA,
Gujarat,Narmada,IMD110-P661,1919,2.8,0.0,0.0,1.1,5.3,105.7,273.7,245.2,29.8,111.7,37.1,0.0,812.4,2.8,6.4,654.4,148.8,661,,NARMADA,
Gujarat,Narmada,IMD110-P661,1920,103.9,2.3,0.0,0.0,85.4,102.9,246.8,128.0,31.6,0.0,0.0,0.0,700.9,106.2,85.4,509.3,0.0,661,,NARMADA,
Gujarat,Narmada,IMD110-P661,1921,7.1,0.0,0.0,0.0,0.0,98.8,464.4,197.8,369.5,0.0,0.0,0.0,1137.6,7.1,0.0,1130.5,0.0,661,,NARMADA,
Gujarat,Narmada,IMD110-P661,1922,0.5,0.0,0.0,0.0,0.0,250.3,110.9,86.0,332.3,5.6,0.0,0.0,785.6,0.5,0.0,779.5,5.6,661,,NARMADA,
Gujarat,Narmada,IMD110-P661,1923,0.0,5.4,0.0,7.1,0.0,2.3,208.8,182.9,136.5,0.0,0.0,0.0,543.0,5.4,7.1,530.5,0.0,661,,NARMADA,
Gujarat,Narmada,IMD110-P661,1924,0.0,0.0,0.0,0.0,1.3,163.5,229.0,318.1,145.9,39.5,0.0,0.0,897.3,0.0,1.3,856.5,39.5,661,,NARMADA,
Gujarat,Narmada,IMD110-P661,1925,0.0,0.0,0.0,0.0,9.9,257.9,170.4,113.6,16.5,0.0,1.3,0.8,570.4,0.0,9.9,558.4,2.1,661,,NARMADA,
Gujarat,Narmada,IMD110-P661,1926,12.2,0.0,0.0,1.1,0.0,66.5,291.5,505.2,228.5,0.0,1.5,0.5,1107.0,12.2,1.1,1091.7,2.0,661,,NARMADA,
Gujarat,Narmada,IMD110-P661,1927,0.0,2.0,0.0,0.0,0.0,277.9,695.5,175.6,262.6,23.6,69.1,3.8,1510.1,2.0,0.0,1411.6,96.5,661,,NARMADA,
Gujarat,Narmada,IMD110-P661,1928,0.0,0.0,0.0,0.0,0.0,67.9,352.1,205.1,122.5,11.5,35.4,2.8,797.3,0.0,0.0,747.6,49.7,661,,NARMADA,
Gujarat,Narmada,IMD110-P661,1929,0.0,0.0,0.0,0.0,0.0,149.2,433.0,115.0,37.4,10.7,0.0,12.7,758.0,0.0,0.0,734.6,23.4,661,,NARMADA,
Gujarat,Narmada,IMD110-P661,1930,0.8,0.0,0.0,0.0,0.0,194.1,244.5,231.2,224.7,71.9,0.0,0.5,967.7,0.8,0.0,894.5,72.4,661,,NARMADA,
Gujarat,Narmada,IMD110-P661,1931,0.0,0.0,0.0,0.0,0.0,18.8,362.8,465.2,210.4,115.6,6.4,0.5,1179.7,0.0,0.0,1057.2,122.5,661,,NARMADA,
Gujarat,Narmada,IMD110-P661,1932,0.0,0.0,0.0,2.0,0.0,16.5,444.1,155.6,279.3,52.9,0.0,0.0,950.4,0.0,2.0,895.5,52.9,661,,NARMADA,
Gujarat,Narmada,IMD110-P661,1933,0.0,0.5,0.0,0.0,32.0,47.7,162.5,311.2,206.0,63.9,4.5,59.5,887.8,0.5,32.0,727.4,127.9,661,,NARMADA,
Gujarat,Narmada,IMD110-P661,1934,1.1,0.0,0.0,2.2,0.0,240.0,375.7,339.6,167.8,0.0,20.0,0.0,1146.4,1.1,2.2,1123.0,20.0,661,,NARMADA,
Gujarat,Narmada,IMD110-P661,1935,1.5,0.0,0.0,0.9,0.0,92.6,310.8,169.0,220.1,26.7,0.0,0.0,821.6,1.5,0.9,792.5,26.7,661,,NARMADA,
Gujarat,Narmada,IMD110-P661,1936,0.0,0.0,0.0,0.0,0.0,286.4,173.5,108.8,241.2,0.0,80.5,0.0,890.4,0.0,0.0,809.9,80.5,661,,NARMADA,
Gujarat,Narmada,IMD110-P661,1937,0.0,3.1,0.0,1.9,0.0,422.3,515.7,76.3,298.7,6.8,0.0,2.1,1326.9,3.1,1.9,1313.1,8.9,661,,NARMADA,
Gujarat,Narmada,IMD110-P661,1938,0.0,0.0,0.0,0.0,6.8,334.6,550.3,217.4,59.9,61.7,0.0,0.0,1230.7,0.0,6.8,1162.2,61.7,661,,NARMADA,
Gujarat,Narmada,IMD110-P661,1939,0.0,0.0,1.3,0.0,0.0,21.9,358.6,308.1,53.7,0.0,2.7,3.1,749.4,0.0,1.3,742.3,5.9,661,,NARMADA,
Gujarat,Narmada,IMD110-P661,1940,2.8,8.4,5.4,12.5,0.0,179.1,221.3,292.4,234.2,267.4,47.3,0.0,1270.9,11.3,18.0,927.0,314.6,661,,NARMADA,
Gujarat,Narmada,IMD110-P661,1941,0.6,0.6,0.0,3.1,0.0,15.5,665.2,170.9,90.8,9.6,0.0,0.0,956.3,1.2,3.1,942.4,9.6,662,,NARMADA,
Gujarat,Narmada,IMD110-P661,1942,0.0,2.9,0.0,0.0,0.0,184.9,1003.1,674.1,275.6,0.0,0.0,0.0,2140.6,2.9,0.0,2137.7,0.0,662,,NARMADA,
Gujarat,Narmada,IMD110-P661,1943,0.0,0.0,0.0,0.0,11.3,133.5,535.4,95.9,211.2,76.7,0.0,0.0,1064.0,0.0,11.3,976.0,76.7,662,,NARMADA,
Gujarat,Narmada,IMD110-P661,1944,0.3,0.0,0.0,0.0,0.0,103.3,557.5,641.9,106.5,40.0,0.0,0.0,1449.5,0.3,0.0,1409.2,40.0,662,,NARMADA,
Gujarat,Narmada,IMD110-P661,1945,11.9,0.0,0.0,0.0,0.0,74.4,888.6,363.0,678.5,1.1,0.0,0.0,2017.5,11.9,0.0,2004.5,1.1,662,,NARMADA,
Gujarat,Narmada,IMD110-P661,1946,0.0,1.7,0.0,3.6,0.0,225.4,306.4,394.3,131.5,1.3,62.4,5.1,1131.7,1.7,3.6,1057.6,68.8,662,,NARMADA,
Gujarat,Narmada,IMD110-P661,1947,0.0,0.0,0.0,29.9,0.0,5.5,5.5,339.4,376.9,12.9,1.4,0.0,771.5,0.0,29.9,727.3,14.3,662,,NARMADA,
Gujarat,Narmada,IMD110-P661,1948,9.4,0.0,0.0,0.0,0.0,122.9,194.3,109.1,43.4,60.9,7.8,0.0,547.7,9.4,0.0,469.6,68.7,662,,NARMADA,
Gujarat,Narmada,IMD110-P661,1949,0.0,0.0,0.0,0.0,3.5,44.4,249.1,218.6,342.4,31.1,0.0,0.0,889.1,0.0,3.5,854.6,31.1,662,,NARMADA,
Gujarat,Narmada,IMD110-P661,1950,0.0,0.0,0.0,0.0,0.0,6.5,800.4,97.0,341.9,0.0,0.0,0.0,1245.8,0.0,0.0,1245.8,0.0,662,,NARMADA,
Gujarat,Narmada,IMD110-P661,1951,0.0,0.0,0.0,0.0,0.0,122.5,228.9,125.6,6.6,0.3,2.1,0.0,486.0,0.0,0.0,483.5,2.4,662,,NARMADA,
Gujarat,Narmada,IMD110-P661,1952,0.0,0.0,0.0,0.0,0.0,188.2,547.4,121.0,14.3,4.0,0.0,0.0,874.9,0.0,0.0,870.9,4.0,662,,NARMADA,
Gujarat,Narmada,IMD110-P661,1953,2.0,0.0,0.0,0.0,0.0,189.6,271.4,686.7,90.6,0.3,0.0,0.0,1240.7,2.0,0.0,1238.3,0.3,662,,NARMADA,
Gujarat,Narmada,IMD110-P661,1954,0.0,1.5,16.4,0.0,0.0,173.1,383.0,227.9,810.7,29.0,0.0,0.2,1641.6,1.5,16.4,1594.6,29.2,662,,NARMADA,
Gujarat,Narmada,IMD110-P661,1955,0.1,0.0,0.0,5.7,4.3,169.8,287.5,569.0,355.4,146.0,0.0,0.0,1537.8,0.1,10.0,1381.7,146.0,662,,NARMADA,
Gujarat,Narmada,IMD110-P661,1956,0.0,0.0,0.0,0.0,64.8,85.4,844.4,425.7,109.4,76.3,3.9,6.2,1616.1,0.0,64.8,1464.8,86.5,662,,NARMADA,
Gujarat,Narmada,IMD110-P661,1957,0.0,0.0,0.0,0.0,17.0,199.9,256.0,222.4,16.0,4.9,0.0,0.0,716.2,0.0,17.0,694.3,4.9,662,,NARMADA,
Gujarat,Narmada,IMD110-P661,1958,0.3,0.0,0.0,0.0,0.0,137.6,532.5,485.4,349.0,75.6,1.9,0.0,1582.3,0.3,0.0,1504.5,77.5,662,,NARMADA,
Gujarat,Narmada,IMD110-P661,1959,0.0,0.0,0.0,1.6,1.9,192.3,808.0,586.1,338.7,180.4,3.5,0.0,2112.6,0.0,3.5,1925.2,183.9,662,,NARMADA,
Gujarat,Narmada,IMD110-P661,1960,4.7,0.0,0.0,0.0,48.0,104.0,215.1,303.5,163.6,2.5,0.0,0.0,841.4,4.7,48.0,786.2,2.5,662,,NARMADA,
Gujarat,Narmada,IMD110-P661,1961,0.0,0.0,0.0,0.0,0.8,160.3,289.3,178.9,246.1,34.0,0.0,0.0,909.4,0.0,0.8,874.6,34.0,662,,NARMADA,
Gujarat,Narmada,IMD110-P661,1962,0.0,0.0,0.0,0.0,0.0,45.9,466.1,195.1,231.2,0.0,0.0,0.0,938.2,0.0,0.0,938.2,0.0,662,,NARMADA,
Gujarat,Narmada,IMD110-P661,1963,2.7,0.0,0.0,0.0,0.0,123.9,319.6,423.9,132.5,59.9,63.2,10.6,1136.2,2.7,0.0,999.9,133.6,662,,NARMADA,
Gujarat,Narmada,IMD110-P661,1964,0.0,0.0,0.0,0.0,0.0,89.9,273.3,166.6,114.0,0.0,0.0,0.0,643.8,0.0,0.0,643.8,0.0,662,,NARMADA,
Gujarat,Narmada,IMD110-P661,1965,3.8,0.0,0.0,0.0,0.0,2.0,553.8,217.0,12.3,3.0,0.0,0.0,791.9,3.8,0.0,785.1,3.0,662,,NARMADA,
Gujarat,Narmada,IMD110-P661,1966,0.0,0.0,0.0,0.0,0.0,133.7,394.5,129.0,227.1,0.3,0.0,0.0,884.5,0.0,0.0,884.2,0.3,662,,NARMADA,
Gujarat,Narmada,IMD110-P661,1967,0.0,0.0,37.8,0.0,1.3,90.2,515.7,314.3,120.5,0.0,0.0,7.3,1087.2,0.0,39.2,1040.7,7.3,662,,NARMADA,
Gujarat,Narmada,IMD110-P661,1968,0.0,0.0,0.0,0.0,0.0,27.5,638.1,565.3,98.6,37.8,0.0,0.0,1367.3,0.0,0.0,1329.5,37.8,662,,NARMADA,
Gujarat,Narmada,IMD110-P661,1969,0.0,0.0,0.0,0.0,0.0,99.2,456.4,126.7,248.5,0.0,0.0,3.2,934.0,0.0,0.0,930.8,3.2,662,,NARMADA,
Gujarat,Narmada,IMD110-P661,1970,0.0,0.0,0.0,0.0,0.0,406.3,393.2,730.4,577.8,0.0,0.0,0.0,2107.7,0.0,0.0,2107.7,0.0,662,,NARMADA,
Gujarat,Narmada,IMD110-P661,1971,0.0,0.0,0.0,0.0,0.0,169.3,396.3,214.8,108.2,0.0,0.0,0.0,888.6,0.0,0.0,888.6,0.0,662,,NARMADA,
Gujarat,Narmada,IMD110-P661,1972,0.0,0.0,0.0,0.3,0.6,47.8,339.2,310.3,47.9,0.0,0.0,0.0,746.2,0.0,0.9,745.3,0.0,662,,NARMADA,
Gujarat,Narmada,IMD110-P661,1973,0.0,0.0,0.0,0.0,2.0,96.1,413.3,414.8,373.6,14.3,0.0,0.0,1314.1,0.0,2.0,1297.8,14.3,662,,NARMADA,
Gujarat,Narmada,IMD110-P661,1974,0.0,0.0,0.0,0.0,33.0,38.0,188.5,170.7,100.6,52.5,0.0,0.0,583.2,0.0,33.0,497.8,52.5,662,,NARMADA,
Gujarat,Narmada,IMD110-P661,1975,0.0,0.0,0.0,0.0,0.0,177.3,352.9,472.8,191.1,19.1,0.0,0.0,1213.0,0.0,0.0,1193.9,19.1,662,,NARMADA,
Gujarat,Narmada,IMD110-P661,1976,5.0,0.0,0.0,0.0,0.0,662.5,737.5,708.3,170.4,0.0,102.0,0.0,2385.7,5.0,0.0,2278.7,102.0,662,,NARMADA,
Gujarat,Narmada,IMD110-P661,1977,0.0,0.0,0.0,0.0,0.0,381.5,490.8,554.1,223.6,1.0,18.0,0.0,1669.0,0.0,0.0,1650.0,19.0,662,,NARMADA,
Gujarat,Narmada,IMD110-P661,1978,0.0,0.0,0.0,0.0,0.0,193.5,274.2,578.5,133.3,0.0,40.4,0.0,1219.9,0.0,0.0,1179.5,40.4,662,,NARMADA,
Gujarat,Narmada,IMD110-P661,1979,0.0,0.5,0.0,0.0,0.0,196.8,265.8,644.7,28.7,11.5,0.0,0.0,1147.9,0.5,0.0,1135.9,11.5,662,,NARMADA,
Gujarat,Narmada,IMD110-P661,1980,0.0,0.0,0.0,0.0,0.0,282.8,252.2,310.1,37.9,0.0,0.0,20.5,903.5,0.0,0.0,883.1,20.5,662,,NARMADA,
Gujarat,Narmada,IMD110-P661,1981,0.0,0.0,0.0,0.0,0.0,233.6,518.6,532.6,130.1,19.8,29.2,0.0,1463.9,0.0,0.0,1414.9,49.0,662,,NARMADA,
Gujarat,Narmada,IMD110-P661,1982,0.0,0.0,0.0,0.0,2.7,58.7,158.9,489.4,37.7,1.3,94.9,0.0,843.7,0.0,2.7,744.8,96.2,663,,NARMADA,
Gujarat,Narmada,IMD110-P661,1983,0.0,0.0,0.0,0.0,0.0,171.9,443.7,436.4,173.5,60.1,0.0,0.0,1285.6,0.0,0.0,1225.5,60.1,663,,NARMADA,
Gujarat,Narmada,IMD110-P661,1984,0.0,0.0,0.0,0.0,0.0,85.2,186.4,303.4,130.8,6.2,0.0,0.0,712.1,0.0,0.0,705.9,6.2,663,,NARMADA,
Gujarat,Narmada,IMD110-P661,1985,0.0,0.0,0.0,0.0,0.0,3.5,346.5,224.7,27.6,56.1,0.0,0.0,658.4,0.0,0.0,602.3,56.1,663,,NARMADA,
Gujarat,Narmada,IMD110-P661,1986,0.0,0.0,0.0,0.0,13.5,229.9,155.2,227.0,6.3,14.8,0.0,0.0,646.6,0.0,13.5,618.3,14.8,663,,NARMADA,
Gujarat,Narmada,IMD110-P661,1987,0.0,0.0,0.6,0.0,0.0,111.7,316.9,155.5,4.9,0.0,2.3,19.0,610.9,0.0,0.6,589.0,21.3,663,,NARMADA,
Gujarat,Narmada,IMD110-P661,1988,0.0,0.0,0.0,0.0,0.0,78.3,520.1,319.9,321.9,11.9,0.0,0.0,1252.0,0.0,0.0,1240.1,11.9,663,,NARMADA,
Gujarat,Narmada,IMD110-P661,1989,0.0,0.0,0.0,0.0,0.0,138.8,391.0,302.0,49.5,3.5,0.0,0.0,884.8,0.0,0.0,881.4,3.5,663,,NARMADA,
Gujarat,Narmada,IMD110-P661,1990,0.0,0.0,0.0,0.0,82.8,127.4,225.5,485.6,264.1,26.9,14.1,0.0,1226.4,0.0,82.8,1102.6,41.0,663,,NARMADA,
Gujarat,Narmada,IMD110-P661,1991,0.0,0.0,0.0,0.0,0.0,38.5,487.0,167.6,32.9,0.0,1.5,0.0,727.5,0.0,0.0,726.0,1.5,663,,NARMADA,
Gujarat,Narmada,IMD110-P661,1992,0.0,0.0,0.0,0.0,0.0,167.0,163.5,366.8,231.0,42.0,0.0,0.0,970.3,0.0,0.0,928.3,42.0,663,,NARMADA,
Gujarat,Narmada,IMD110-P661,1993,0.0,0.0,0.0,0.0,0.0,151.8,645.3,120.4,192.7,4.8,0.0,0.0,1115.0,0.0,0.0,1110.2,4.8,663,,NARMADA,
Gujarat,Narmada,IMD110-P661,1994,3.8,0.0,0.0,0.0,0.0,392.3,516.8,289.8,241.5,0.0,0.0,0.0,1444.1,3.8,0.0,1440.3,0.0,663,,NARMADA,
Gujarat,Narmada,IMD110-P661,1995,0.0,0.0,0.0,0.0,0.0,4.4,398.0,292.0,95.2,31.6,0.0,0.0,821.2,0.0,0.0,789.6,31.6,663,,NARMADA,
Gujarat,Narmada,IMD110-P661,1996,0.0,0.0,0.0,0.0,0.0,188.6,397.1,323.8,179.0,13.6,0.0,0.0,1102.0,0.0,0.0,1088.4,13.6,663,,NARMADA,
Gujarat,Narmada,IMD110-P661,1998,0.0,0.0,0.0,0.0,0.0,103.7,342.0,298.7,479.7,88.3,0.0,0.0,1312.3,0.0,0.0,1224.0,88.3,663,,NARMADA,
Gujarat,Narmada,IMD110-P661,2001,0.0,0.0,0.0,0.0,0.0,298.0,291.7,326.0,34.0,42.0,0.0,0.0,991.7,0.0,0.0,949.7,42.0,663,,NARMADA,
Gujarat,Narmada,IMD110-P661,2002,0.0,0.0,0.0,0.0,0.0,225.0,45.3,367.0,232.0,0.0,0.0,0.0,869.3,0.0,0.0,869.3,0.0,663,,NARMADA,
Gujarat,Narmada,IMD110-P661,2003,0.0,0.0,0.0,0.0,0.0,377.7,473.3,327.7,120.3,26.3,0.0,0.0,1325.3,0.0,0.0,1299.0,26.3,663,,NARMADA,
Gujarat,Narmada,IMD110-P661,2004,0.0,0.0,0.0,0.0,0.0,187.0,302.3,545.5,70.0,,0.0,0.0,,0.0,0.0,1104.8,,663,missing_months,NARMADA,
Gujarat,Narmada,IMD110-P661,2005,0.0,0.0,,0.0,0.0,350.0,280.3,245.8,280.0,,0.0,0.0,,0.0,,1156.0,,663,missing_months,NARMADA,
Gujarat,Narmada,IMD110-P661,2006,0.0,0.0,0.0,0.0,0.0,147.5,807.0,522.0,114.5,13.5,2.0,0.0,1606.5,0.0,0.0,1591.0,15.5,663,,NARMADA,
Gujarat,Narmada,IMD110-P661,2007,0.0,0.0,0.0,0.0,0.0,206.0,633.6,338.4,183.4,0.0,2.2,0.0,1363.6,0.0,0.0,1361.4,2.2,663,,NARMADA,
Gujarat,Narmada,IMD110-P661,2008,0.0,0.0,0.0,0.0,0.0,93.0,364.8,379.3,280.5,28.8,0.0,0.0,1146.3,0.0,0.0,1117.5,28.8,663,,NARMADA,
Gujarat,Narmada,IMD110-P661,2009,0.0,0.0,0.0,0.0,0.0,12.5,434.3,180.5,122.3,66.8,20.0,0.0,836.3,0.0,0.0,749.5,86.8,663,,NARMADA,
Gujarat,Narmada,IMD110-P661,2010,0.0,0.0,0.0,0.0,0.0,68.8,282.8,537.0,199.5,26.0,29.0,0.0,1143.0,0.0,0.0,1088.0,55.0,663,,NARMADA,
Gujarat,Navsari,IMD110-P664,1901,1.6,0.0,0.0,13.7,2.5,355.3,529.5,534.8,61.9,33.1,0.0,0.0,1532.5,1.6,16.3,1481.5,33.1,664,,NAVSARI,
Gujarat,Navsari,IMD110-P664,1902,3.5,0.0,0.0,0.0,0.0,71.8,671.8,679.2,353.0,15.9,11.6,31.5,1838.1,3.5,0.0,1775.7,59.0,664,,NAVSARI,
Gujarat,Navsari,IMD110-P664,1903,0.0,0.0,0.0,0.0,33.4,89.3,980.7,569.6,657.9,3.0,0.0,0.0,2334.0,0.0,33.4,2297.6,3.0,664,,NAVSARI,
Gujarat,Navsari,IMD110-P664,1904,0.0,5.9,15.3,0.0,0.0,66.1,424.8,325.3,289.5,48.6,0.0,2.9,1178.3,5.9,15.3,1105.7,51.5,664,,NAVSARI,
Gujarat,Navsari,IMD110-P664,1905,0.0,0.0,0.0,0.0,0.0,16.5,774.8,154.4,111.3,5.3,1.5,0.0,1063.8,0.0,0.0,1056.9,6.9,664,,NAVSARI,
Gujarat,Navsari,IMD110-P664,1906,0.0,13.2,0.0,0.0,0.0,246.8,660.8,293.5,105.5,8.9,0.0,0.0,1328.7,13.2,0.0,1306.6,8.9,664,,NAVSARI,
Gujarat,Navsari,IMD110-P664,1907,0.0,0.0,0.0,3.0,0.0,115.0,547.2,854.8,42.5,0.0,0.0,0.0,1562.5,0.0,3.0,1559.5,0.0,664,,NAVSARI,
Gujarat,Navsari,IMD110-P664,1908,4.7,0.4,0.0,0.0,0.0,168.0,1110.4,523.8,82.5,0.0,0.0,0.0,1889.8,5.1,0.0,1884.8,0.0,664,,NAVSARI,
Gujarat,Navsari,IMD110-P664,1909,0.0,0.0,0.0,0.0,0.0,490.1,699.3,311.0,230.8,0.0,0.0,3.5,1734.8,0.0,0.0,1731.3,3.5,664,,NAVSARI,
Gujarat,Navsari,IMD110-P664,1910,0.5,0.0,0.0,0.0,0.0,331.8,494.6,780.7,155.4,66.9,21.1,0.0,1851.1,0.5,0.0,1762.5,88.0,664,,NAVSARI,
Gujarat,Navsari,IMD110-P664,1911,5.4,0.0,8.1,0.0,0.5,295.4,211.3,349.0,115.3,0.0,8.1,0.0,993.0,5.4,8.6,971.0,8.1,664,,NAVSARI,
Gujarat,Navsari,IMD110-P664,1912,0.0,0.0,0.0,0.0,0.3,229.1,1241.7,512.5,114.1,32.8,162.1,0.0,2292.5,0.0,0.3,2097.4,194.9,664,,NAVSARI,
Gujarat,Navsari,IMD110-P664,1913,0.0,0.0,0.0,0.3,0.0,797.9,446.8,327.7,165.6,2.8,0.0,0.0,1741.1,0.0,0.3,1738.0,2.8,664,,NAVSARI,
Gujarat,Navsari,IMD110-P664,1914,0.0,20.7,0.0,0.0,6.8,630.5,1276.7,303.1,339.5,0.0,13.1,0.0,2590.6,20.7,6.8,2549.9,13.1,664,,NAVSARI,
Gujarat,Navsari,IMD110-P664,1915,3.8,2.8,0.5,9.4,0.0,256.1,364.7,410.0,148.6,121.1,5.9,1.6,1324.6,6.6,9.9,1179.3,128.8,664,,NAVSARI,
Gujarat,Navsari,IMD110-P664,1916,0.0,0.0,0.0,0.0,23.4,297.1,250.5,594.2,315.3,68.3,4.8,0.0,1553.5,0.0,23.4,1457.1,73.1,664,,NAVSARI,
Gujarat,Navsari,IMD110-P664,1917,0.0,1.5,0.0,2.3,52.0,176.9,591.5,833.8,578.4,471.2,0.0,0.0,2707.6,1.5,54.3,2180.6,471.2,664,,NAVSARI,
Gujarat,Navsari,IMD110-P664,1918,10.8,0.0,0.0,0.0,13.6,196.0,337.7,395.9,37.6,0.0,0.9,0.0,992.5,10.8,13.6,967.2,0.9,664,,NAVSARI,
Gujarat,Navsari,IMD110-P664,1919,23.6,0.0,0.0,0.0,0.0,318.1,861.8,696.5,217.1,90.1,19.8,0.0,2227.0,23.6,0.0,2093.5,109.9,664,,NAVSARI,
Gujarat,Navsari,IMD110-P664,1920,108.9,5.2,0.0,1.5,12.8,179.9,479.6,347.6,81.6,0.0,0.0,0.0,1217.1,114.1,14.3,1088.6,0.0,664,,NAVSARI,
Gujarat,Navsari,IMD110-P664,1921,2.2,0.0,0.0,0.0,0.0,68.8,1073.3,411.7,605.7,5.7,0.0,0.0,2167.3,2.2,0.0,2159.4,5.7,664,,NAVSARI,
Gujarat,Navsari,IMD110-P664,1922,8.3,0.0,0.0,0.0,0.0,432.6,752.9,223.6,564.8,28.0,26.8,3.7,2040.7,8.3,0.0,1973.9,58.5,664,,NAVSARI,
Gujarat,Navsari,IMD110-P664,1923,0.0,9.5,6.8,0.0,0.0,9.5,1052.8,376.0,223.0,0.0,0.0,0.0,1677.8,9.5,6.8,1661.4,0.0,664,,NAVSARI,
Gujarat,Navsari,IMD110-P664,1924,0.0,0.0,0.6,0.0,0.0,192.7,526.8,472.3,208.6,3.3,0.0,1.3,1405.6,0.0,0.6,1400.4,4.6,664,,NAVSARI,
Gujarat,Navsari,IMD110-P664,1925,0.0,0.0,0.0,0.0,69.8,370.0,258.1,207.6,46.5,0.0,10.6,0.8,963.5,0.0,69.8,882.3,11.4,664,,NAVSARI,
Gujarat,Navsari,IMD110-P664,1926,2.3,0.0,0.0,0.0,2.8,28.5,719.7,819.5,323.3,0.0,0.0,0.0,1896.1,2.3,2.8,1891.0,0.0,664,,NAVSARI,
Gujarat,Navsari,IMD110-P664,1927,0.0,5.2,0.0,0.0,0.0,191.9,594.8,166.2,198.1,57.0,59.7,0.0,1273.0,5.2,0.0,1151.1,116.7,664,,NAVSARI,
Gujarat,Navsari,IMD110-P664,1928,0.0,0.2,0.0,0.0,0.0,72.2,613.6,249.8,244.9,9.8,1.0,0.2,1191.6,0.2,0.0,1180.5,10.9,664,,NAVSARI,
Gujarat,Navsari,IMD110-P664,1929,0.9,0.0,0.0,0.5,0.0,110.7,921.4,220.4,46.0,37.5,0.0,12.3,1349.7,0.9,0.5,1298.6,49.8,664,,NAVSARI,
Gujarat,Navsari,IMD110-P664,1930,0.0,1.1,0.0,0.0,0.0,469.7,714.4,237.3,141.7,26.5,0.0,3.9,1594.7,1.1,0.0,1563.2,30.4,664,,NAVSARI,
Gujarat,Navsari,IMD110-P664,1931,0.0,0.0,0.0,0.0,2.0,59.8,1018.9,683.1,150.1,256.7,0.0,0.6,2171.3,0.0,2.0,1912.0,257.3,664,,NAVSARI,
Gujarat,Navsari,IMD110-P664,1932,0.0,0.0,0.0,0.0,0.5,108.4,1249.3,167.7,204.0,112.1,0.4,0.2,1842.6,0.0,0.5,1729.4,112.7,664,,NAVSARI,
Gujarat,Navsari,IMD110-P664,1933,0.0,1.6,0.0,0.2,20.2,441.5,342.8,441.1,471.4,52.8,0.4,15.9,1787.9,1.6,20.3,1696.8,69.1,664,,NAVSARI,
Gujarat,Navsari,IMD110-P664,1934,0.0,0.0,0.0,0.0,0.0,343.5,408.4,515.7,129.6,0.0,44.0,0.0,1441.2,0.0,0.0,1397.2,44.0,664,,NAVSARI,
Gujarat,Navsari,IMD110-P664,1935,1.3,0.0,0.0,0.0,0.0,212.7,655.5,198.4,193.9,17.8,0.0,0.0,1279.4,1.3,0.0,1260.4,17.8,664,,NAVSARI,
Gujarat,Navsari,IMD110-P664,1936,0.0,0.0,0.0,0.0,0.0,430.0,332.9,199.0,190.0,0.0,70.6,0.0,1222.4,0.0,0.0,1151.8,70.6,664,,NAVSARI,
Gujarat,Navsari,IMD110-P664,1937,0.0,3.3,0.0,0.0,0.0,709.1,843.3,138.2,410.9,10.9,4.7,4.3,2124.7,3.3,0.0,2101.5,19.9,664,,NAVSARI,
Gujarat,Navsari,IMD110-P664,1938,0.0,0.0,0.0,0.0,4.7,585.4,554.7,318.7,82.1,81.0,0.0,0.0,1626.7,0.0,4.7,1541.0,81.0,664,,NAVSARI,
Gujarat,Navsari,IMD110-P664,1939,0.0,0.0,0.0,0.0,0.0,53.4,487.7,452.4,119.5,2.5,0.3,0.0,1115.8,0.0,0.0,1113.0,2.8,664,,NAVSARI,
Gujarat,Navsari,IMD110-P664,1940,7.3,15.2,5.2,0.4,0.0,314.0,600.2,451.0,443.1,314.6,33.1,0.0,2184.2,22.5,5.6,1808.3,347.8,664,,NAVSARI,
Gujarat,Navsari,IMD110-P664,1941,0.0,0.0,0.0,0.8,0.0,103.4,1454.8,112.1,57.9,5.5,0.0,0.0,1734.5,0.0,0.8,1728.2,5.5,665,,NAVSARI,
Gujarat,Navsari,IMD110-P664,1942,0.0,24.4,0.0,0.0,0.0,362.9,1006.9,525.8,356.2,0.0,0.0,1.6,2277.8,24.4,0.0,2251.7,1.6,665,,NAVSARI,
Gujarat,Navsari,IMD110-P664,1943,0.0,0.0,0.0,0.0,30.5,208.9,828.0,137.9,330.9,96.4,0.0,0.0,1632.5,0.0,30.5,1505.6,96.4,665,,NAVSARI,
Gujarat,Navsari,IMD110-P664,1944,0.0,0.0,4.2,0.4,0.0,253.2,1304.6,932.5,63.0,46.4,0.0,0.0,2604.4,0.0,4.7,2553.4,46.4,665,,NAVSARI,
Gujarat,Navsari,IMD110-P664,1945,6.1,0.0,0.0,0.0,0.0,368.9,1115.6,684.3,466.4,13.6,0.0,0.0,2654.9,6.1,0.0,2635.2,13.6,665,,NAVSARI,
Gujarat,Navsari,IMD110-P664,1946,0.0,2.5,1.2,0.0,0.6,651.6,623.7,855.6,364.0,8.7,69.9,0.0,2577.8,2.5,1.8,2494.9,78.6,665,,NAVSARI,
Gujarat,Navsari,IMD110-P664,1947,0.0,0.0,0.0,84.1,0.0,5.6,484.9,410.2,489.6,11.2,0.0,1.0,1486.6,0.0,84.1,1390.3,12.2,665,,NAVSARI,
Gujarat,Navsari,IMD110-P664,1948,7.5,0.0,0.0,0.0,0.0,212.3,351.7,179.3,68.5,8.0,51.8,0.0,879.0,7.5,0.0,811.8,59.8,665,,NAVSARI,
Gujarat,Navsari,IMD110-P664,1949,0.0,1.1,0.0,0.0,0.0,87.4,651.8,435.5,681.9,83.2,0.0,0.0,1940.9,1.1,0.0,1856.6,83.2,665,,NAVSARI,
Gujarat,Navsari,IMD110-P664,1950,0.0,0.0,0.0,0.0,0.0,30.1,1364.3,174.7,232.3,27.8,0.0,0.0,1829.3,0.0,0.0,1801.4,27.8,665,,NAVSARI,
Gujarat,Navsari,IMD110-P664,1951,0.0,0.0,0.0,0.0,0.0,131.9,456.7,305.1,59.3,55.3,22.3,0.0,1030.7,0.0,0.0,953.0,77.6,665,,NAVSARI,
Gujarat,Navsari,IMD110-P664,1952,0.0,0.0,0.0,0.0,0.0,389.6,522.2,149.4,64.1,25.8,0.0,0.0,1151.1,0.0,0.0,1125.3,25.8,665,,NAVSARI,
Gujarat,Navsari,IMD110-P664,1953,0.0,0.0,0.0,0.0,0.0,444.2,518.3,1039.2,192.3,2.9,0.0,0.0,2196.9,0.0,0.0,2194.0,2.9,665,,NAVSARI,
Gujarat,Navsari,IMD110-P664,1954,0.8,1.5,9.9,0.0,7.6,296.1,952.8,495.7,1111.7,15.3,0.0,26.9,2918.4,2.4,17.5,2856.3,42.2,665,,NAVSARI,
Gujarat,Navsari,IMD110-P664,1955,0.0,0.0,0.0,0.0,3.2,273.8,283.4,693.3,404.9,104.3,0.0,0.0,1763.0,0.0,3.2,1655.5,104.3,665,,NAVSARI,
Gujarat,Navsari,IMD110-P664,1956,0.0,0.0,0.0,0.0,80.2,210.2,1325.3,340.4,218.3,142.4,22.1,0.0,2338.8,0.0,80.2,2094.2,164.5,665,,NAVSARI,
Gujarat,Navsari,IMD110-P664,1957,0.0,0.0,0.0,0.0,9.8,352.5,498.7,302.8,92.9,20.1,4.3,0.0,1281.2,0.0,9.8,1247.0,24.4,665,,NAVSARI,
Gujarat,Navsari,IMD110-P664,1958,0.0,0.0,0.0,0.0,0.0,203.2,883.0,967.5,531.8,8.6,14.5,0.0,2608.5,0.0,0.0,2585.5,23.0,665,,NAVSARI,
Gujarat,Navsari,IMD110-P664,1959,0.0,0.0,0.0,2.2,8.2,180.4,1261.8,607.9,380.5,332.1,3.5,0.0,2776.5,0.0,10.4,2430.5,335.6,665,,NAVSARI,
Gujarat,Navsari,IMD110-P664,1960,1.7,0.0,0.0,0.0,4.7,303.9,609.6,442.6,145.6,1.5,0.0,0.0,1509.5,1.7,4.7,1501.7,1.5,665,,NAVSARI,
Gujarat,Navsari,IMD110-P664,1961,0.0,0.0,0.0,0.0,0.0,162.2,624.8,411.5,416.9,62.8,0.0,0.0,1678.2,0.0,0.0,1615.4,62.8,665,,NAVSARI,
Gujarat,Navsari,IMD110-P664,1962,0.0,0.0,0.0,0.0,7.7,167.4,604.5,210.3,336.8,0.0,2.9,3.5,1333.1,0.0,7.7,1319.0,6.4,665,,NAVSARI,
Gujarat,Navsari,IMD110-P664,1963,2.7,0.0,0.0,0.0,0.0,240.2,656.5,845.9,296.0,33.6,28.1,0.0,2103.0,2.7,0.0,2038.6,61.8,665,,NAVSARI,
Gujarat,Navsari,IMD110-P664,1964,0.0,0.0,0.0,0.0,6.8,342.3,973.8,743.5,272.8,1.0,0.0,0.0,2340.2,0.0,6.8,2332.4,1.0,665,,NAVSARI,
Gujarat,Navsari,IMD110-P664,1965,0.0,0.0,0.0,0.0,0.0,76.2,1015.6,464.8,,0.0,,0.0,,0.0,0.0,,,665,missing_months,NAVSARI,
Gujarat,Navsari,IMD110-P664,1966,2.5,0.0,0.0,0.0,0.0,312.8,816.5,232.7,268.6,11.3,0.0,0.0,1644.3,2.5,0.0,1630.7,11.3,665,,NAVSARI,
Gujarat,Navsari,IMD110-P664,1967,0.0,0.0,26.8,0.0,0.0,266.7,726.3,256.0,248.6,0.8,0.0,17.9,1543.1,0.0,26.8,1497.7,18.6,665,,NAVSARI,
Gujarat,Navsari,IMD110-P664,1968,0.0,0.0,0.0,0.0,0.0,134.9,463.5,544.4,102.9,37.8,0.0,0.0,1283.5,0.0,0.0,1245.7,37.8,665,,NAVSARI,
Gujarat,Navsari,IMD110-P664,1969,0.0,0.0,0.0,0.0,0.0,283.6,822.6,313.0,496.9,0.0,4.9,0.0,1920.9,0.0,0.0,1916.0,4.9,665,,NAVSARI,
Gujarat,Navsari,IMD110-P664,1970,0.0,0.0,0.0,0.0,13.2,695.5,743.6,1189.4,517.7,0.0,0.0,0.0,3159.2,0.0,13.2,3146.1,0.0,665,,NAVSARI,
Gujarat,Navsari,IMD110-P664,1971,0.0,0.0,0.0,0.0,15.1,459.8,399.5,503.4,435.8,0.3,0.0,0.0,1813.9,0.0,15.1,1798.6,0.3,665,,NAVSARI,
Gujarat,Navsari,IMD110-P664,1972,0.0,0.0,0.0,0.0,0.0,362.2,422.0,186.0,104.1,0.0,0.0,0.0,1074.4,0.0,0.0,1074.4,0.0,665,,NAVSARI,
Gujarat,Navsari,IMD110-P664,1973,0.0,0.0,0.0,0.0,0.0,95.2,689.9,414.1,639.5,12.8,0.0,0.0,1851.5,0.0,0.0,1838.7,12.8,665,,NAVSARI,
Gujarat,Navsari,IMD110-P664,1974,0.0,0.0,0.0,0.0,80.7,30.2,455.9,272.7,156.2,113.1,0.0,0.0,1108.8,0.0,80.7,915.0,113.1,665,,NAVSARI,
Gujarat,Navsari,IMD110-P664,1975,0.0,0.0,0.0,0.0,0.0,461.3,415.6,825.0,282.3,25.2,0.0,0.0,2009.4,0.0,0.0,1984.2,25.2,665,,NAVSARI,
Gujarat,Navsari,IMD110-P664,1976,0.0,0.0,0.0,0.0,0.0,452.3,1349.8,659.1,434.9,0.0,40.5,0.0,2936.6,0.0,0.0,2896.1,40.5,665,,NAVSARI,
Gujarat,Navsari,IMD110-P664,1977,0.0,0.0,0.0,0.0,4.6,571.4,941.5,289.0,367.0,0.0,39.3,0.0,2212.9,0.0,4.6,2169.0,39.3,665,,NAVSARI,
Gujarat,Navsari,IMD110-P664,1978,0.0,0.0,0.0,0.0,0.0,520.7,417.5,477.8,46.9,22.0,35.5,9.4,1529.8,0.0,0.0,1462.9,66.8,665,,NAVSARI,
Gujarat,Navsari,IMD110-P664,1979,0.0,3.7,0.0,0.0,0.0,400.4,391.5,838.0,125.9,8.2,113.4,0.0,1881.1,3.7,0.0,1755.8,121.6,665,,NAVSARI,
Gujarat,Navsari,IMD110-P664,1980,0.0,0.0,0.0,0.0,0.0,350.4,939.3,511.3,59.1,5.3,0.0,9.3,1874.8,0.0,0.0,1860.2,14.6,665,,NAVSARI,
Gujarat,Navsari,IMD110-P664,1981,0.0,0.0,5.5,0.0,0.0,231.1,1144.5,440.7,387.1,132.6,35.7,0.0,2377.3,0.0,5.5,2203.4,168.3,665,,NAVSARI,
Gujarat,Navsari,IMD110-P664,1982,0.0,0.0,0.0,0.0,2.8,63.6,689.6,530.6,94.1,0.0,55.8,0.0,1436.4,0.0,2.8,1377.9,55.8,666,,NAVSARI,
Gujarat,Navsari,IMD110-P664,1983,0.0,0.0,0.0,0.0,0.0,203.6,993.0,717.8,426.7,179.7,0.0,0.0,2520.8,0.0,0.0,2341.1,179.7,666,,NAVSARI,
Gujarat,Navsari,IMD110-P664,1984,0.0,0.0,0.0,0.0,0.0,371.5,755.0,510.8,213.4,22.5,11.0,0.0,1884.2,0.0,0.0,1850.6,33.5,666,,NAVSARI,
Gujarat,Navsari,IMD110-P664,1985,0.0,0.0,0.0,0.0,7.7,115.8,691.8,712.7,90.6,93.8,0.0,0.0,1712.4,0.0,7.7,1610.9,93.8,666,,NAVSARI,
Gujarat,Navsari,IMD110-P664,1986,0.0,0.0,0.0,0.0,0.0,511.0,689.1,243.5,15.6,0.0,0.0,0.0,1459.2,0.0,0.0,1459.2,0.0,666,,NAVSARI,
Gujarat,Navsari,IMD110-P664,1987,0.0,0.0,0.0,0.0,0.0,151.1,379.9,342.4,20.0,0.5,43.5,0.0,937.3,0.0,0.0,893.3,44.0,666,,NAVSARI,
Gujarat,Navsari,IMD110-P664,1988,0.0,0.0,0.0,0.0,0.0,245.6,1238.2,298.3,487.8,17.3,0.0,0.0,2287.0,0.0,0.0,2269.8,17.3,666,,NAVSARI,
Gujarat,Navsari,IMD110-P664,1989,1.8,0.0,0.0,0.0,0.0,277.9,953.5,300.0,130.9,1.4,0.0,0.0,1665.4,1.8,0.0,1662.3,1.4,666,,NAVSARI,
Gujarat,Navsari,IMD110-P664,1990,0.0,0.0,0.0,0.0,81.5,220.4,242.7,476.9,477.9,59.0,0.0,0.0,1558.4,0.0,81.5,1417.9,59.0,666,,NAVSARI,
Gujarat,Navsari,IMD110-P664,1992,0.0,0.0,0.0,0.0,0.0,425.2,458.1,541.9,419.0,33.4,0.0,0.0,1877.6,0.0,0.0,1844.3,33.4,666,,NAVSARI,
Gujarat,Navsari,IMD110-P664,1993,0.0,0.0,0.0,0.0,0.0,504.3,675.8,192.4,298.6,82.4,0.0,0.0,1753.6,0.0,0.0,1671.3,82.4,666,,NAVSARI,
Gujarat,Navsari,IMD110-P664,1994,12.2,0.0,0.0,0.0,0.0,963.5,1236.0,451.9,352.8,0.0,0.0,0.0,3016.2,12.2,0.0,3004.0,0.0,666,,NAVSARI,
Gujarat,Navsari,IMD110-P664,1995,0.0,0.0,0.0,0.0,0.0,40.5,836.0,222.2,175.0,41.8,0.0,0.0,1315.6,0.0,0.0,1273.8,41.8,666,,NAVSARI,
Gujarat,Navsari,IMD110-P664,1996,0.0,0.0,0.0,0.0,0.0,185.8,747.4,506.0,126.8,107.3,0.0,0.0,1673.3,0.0,0.0,1565.9,107.3,666,,NAVSARI,
Gujarat,Navsari,IMD110-P664,1997,0.0,0.0,0.0,0.0,0.0,372.0,397.5,479.3,139.3,22.8,0.0,0.0,1410.8,0.0,0.0,1388.0,22.8,666,,NAVSARI,
Gujarat,Navsari,IMD110-P664,1998,0.0,0.0,0.0,0.0,0.0,162.6,731.3,393.5,512.8,37.8,5.5,0.0,1843.3,0.0,0.0,1800.1,43.3,666,,NAVSARI,
Gujarat,Navsari,IMD110-P664,2001,0.0,0.0,0.0,0.0,0.0,537.2,558.8,675.6,84.6,15.8,0.0,0.0,1872.0,0.0,0.0,1856.2,15.8,666,,NAVSARI,
Gujarat,Navsari,IMD110-P664,2002,0.0,0.0,0.0,0.0,0.0,609.3,78.8,468.5,159.8,0.0,0.0,0.0,1316.3,0.0,0.0,1316.3,0.0,666,,NAVSARI,
Gujarat,Navsari,IMD110-P664,2003,0.0,0.0,0.0,0.0,0.0,678.8,1088.6,483.6,185.8,9.2,0.0,0.0,2446.0,0.0,0.0,2436.8,9.2,666,,NAVSARI,
Gujarat,Navsari,IMD110-P664,2004,0.0,0.0,0.0,0.0,7.0,336.8,911.6,731.6,111.4,,0.0,0.0,,0.0,7.0,2091.4,,666,missing_months,NAVSARI,
Gujarat,Navsari,IMD110-P664,2005,0.0,0.0,,0.0,0.0,1375.2,579.8,430.2,473.2,,0.0,0.0,,0.0,,2858.4,,666,missing_months,NAVSARI,
Gujarat,Navsari,IMD110-P664,2006,0.0,0.0,1.2,0.0,0.0,299.0,1213.2,445.2,109.2,18.0,0.0,0.0,2085.8,0.0,1.2,2066.6,18.0,666,,NAVSARI,
Gujarat,Navsari,IMD110-P664,2007,0.0,0.0,0.0,0.0,0.0,159.8,624.2,618.2,326.2,0.0,,0.0,,0.0,0.0,1728.4,,666,missing_months,NAVSARI,
Gujarat,Navsari,IMD110-P664,2008,0.0,0.0,0.0,0.0,0.0,134.2,764.0,838.4,448.2,10.8,0.0,3.0,2198.6,0.0,0.0,2184.8,13.8,666,,NAVSARI,
Gujarat,Navsari,IMD110-P664,2009,0.0,0.0,0.0,0.0,0.0,34.2,975.8,168.2,198.6,72.6,34.4,0.0,1483.8,0.0,0.0,1376.8,107.0,666,,NAVSARI,
Gujarat,Navsari,IMD110-P664,2010,0.0,0.0,0.0,0.0,0.0,156.4,549.2,782.4,540.0,38.0,30.8,0.0,2096.8,0.0,0.0,2028.0,68.8,666,,NAVSARI,
Gujarat,Panch-Mahals,IMD110-P667,1901,1.5,0.0,0.9,3.7,1.1,86.1,263.5,339.2,17.0,12.1,0.3,0.0,725.5,1.5,5.7,705.9,12.4,667,,PANCHMAHALS,
Gujarat,Panch-Mahals,IMD110-P667,1902,5.0,0.0,0.0,0.3,0.0,36.4,176.7,311.3,333.1,1.0,0.1,15.3,879.1,5.0,0.3,857.4,16.4,667,,PANCHMAHALS,
Gujarat,Panch-Mahals,IMD110-P667,1903,0.0,0.0,7.2,0.0,15.7,26.7,386.9,220.4,196.6,0.0,0.0,0.0,853.5,0.0,22.9,830.6,0.0,667,,PANCHMAHALS,
Gujarat,Panch-Mahals,IMD110-P667,1904,0.0,14.3,20.0,0.0,14.2,128.7,230.3,84.4,209.3,0.2,0.0,1.7,703.0,14.3,34.2,652.7,1.9,667,,PANCHMAHALS,
Gujarat,Panch-Mahals,IMD110-P667,1905,0.0,1.6,1.7,0.0,0.0,25.3,785.4,34.7,175.0,0.0,0.0,0.0,1023.9,1.6,1.7,1020.5,0.0,667,,PANCHMAHALS,
Gujarat,Panch-Mahals,IMD110-P667,1906,0.0,4.4,0.0,0.0,0.0,143.2,370.8,406.5,213.8,3.0,0.0,0.0,1141.9,4.4,0.0,1134.4,3.0,667,,PANCHMAHALS,
Gujarat,Panch-Mahals,IMD110-P667,1907,0.0,3.4,0.0,0.0,0.0,55.7,293.5,478.3,25.8,0.0,0.0,0.0,856.6,3.4,0.0,853.3,0.0,667,,PANCHMAHALS,
Gujarat,Panch-Mahals,IMD110-P667,1908,4.1,0.0,0.0,0.0,0.0,74.7,575.0,392.4,18.3,4.3,0.0,0.0,1068.7,4.1,0.0,1060.4,4.3,667,,PANCHMAHALS,
Gujarat,Panch-Mahals,IMD110-P667,1909,0.2,1.4,1.2,12.0,0.2,117.5,456.6,223.8,129.4,0.7,0.0,6.2,949.1,1.5,13.4,927.4,6.8,667,,PANCHMAHALS,
Gujarat,Panch-Mahals,IMD110-P667,1910,1.4,0.0,0.0,0.0,0.0,333.2,548.3,333.9,31.8,23.8,21.2,0.0,1293.6,1.4,0.0,1247.2,45.0,667,,PANCHMAHALS,
Gujarat,Panch-Mahals,IMD110-P667,1911,1.8,0.0,19.7,0.0,0.0,140.7,52.3,37.1,41.3,0.7,0.4,0.4,294.4,1.8,19.7,271.4,1.5,667,,PANCHMAHALS,
Gujarat,Panch-Mahals,IMD110-P667,1912,0.0,0.0,0.0,0.0,0.8,107.9,491.8,464.1,41.0,4.0,24.5,0.0,1134.0,0.0,0.8,1104.8,28.5,667,,PANCHMAHALS,
Gujarat,Panch-Mahals,IMD110-P667,1913,0.0,0.0,0.0,0.0,25.2,447.2,538.9,205.4,193.3,0.0,0.1,0.0,1410.1,0.0,25.2,1384.8,0.1,667,,PANCHMAHALS,
Gujarat,Panch-Mahals,IMD110-P667,1914,0.0,0.9,0.0,0.0,7.4,246.4,518.9,154.3,256.6,22.8,3.5,0.0,1210.8,0.9,7.4,1176.2,26.2,667,,PANCHMAHALS,
Gujarat,Panch-Mahals,IMD110-P667,1915,14.7,1.2,24.3,0.1,1.3,145.3,118.0,137.8,29.1,141.8,0.0,0.1,613.6,15.9,25.7,430.2,141.9,667,,PANCHMAHALS,
Gujarat,Panch-Mahals,IMD110-P667,1916,0.0,0.0,0.0,0.0,7.0,181.2,191.1,400.6,170.4,36.8,1.0,0.0,988.1,0.0,7.0,943.4,37.8,667,,PANCHMAHALS,
Gujarat,Panch-Mahals,IMD110-P667,1917,0.7,4.5,0.0,11.0,104.7,139.9,266.4,342.8,557.4,148.4,0.0,0.0,1575.9,5.2,115.7,1306.5,148.4,667,,PANCHMAHALS,
Gujarat,Panch-Mahals,IMD110-P667,1918,0.0,0.0,0.0,0.0,22.1,53.4,62.3,201.9,19.0,0.0,2.3,0.0,361.0,0.0,22.1,336.5,2.3,667,,PANCHMAHALS,
Gujarat,Panch-Mahals,IMD110-P667,1919,3.7,0.0,0.0,1.6,1.9,106.8,319.2,530.3,77.2,40.4,12.9,0.0,1094.2,3.7,3.5,1033.6,53.3,667,,PANCHMAHALS,
Gujarat,Panch-Mahals,IMD110-P667,1920,34.1,0.1,0.0,0.0,41.8,245.1,278.9,99.2,11.7,0.0,0.0,0.0,710.8,34.1,41.8,634.9,0.0,667,,PANCHMAHALS,
Gujarat,Panch-Mahals,IMD110-P667,1921,0.1,0.0,0.0,0.0,0.0,52.5,517.8,244.8,667.1,0.0,0.0,0.0,1482.2,0.1,0.0,1482.1,0.0,667,,PANCHMAHALS,
Gujarat,Panch-Mahals,IMD110-P667,1922,9.1,0.0,0.0,0.0,0.0,130.1,307.6,118.1,291.1,0.1,2.5,0.0,858.7,9.1,0.0,847.0,2.6,667,,PANCHMAHALS,
Gujarat,Panch-Mahals,IMD110-P667,1923,0.0,4.0,0.6,10.4,0.3,0.0,257.7,170.6,93.2,0.0,0.0,0.0,536.8,4.0,11.3,521.4,0.0,667,,PANCHMAHALS,
Gujarat,Panch-Mahals,IMD110-P667,1924,0.1,0.0,0.1,0.0,0.1,178.3,317.5,328.0,250.6,38.6,0.0,1.0,1114.2,0.1,0.2,1074.3,39.6,667,,PANCHMAHALS,
Gujarat,Panch-Mahals,IMD110-P667,1925,0.0,0.0,0.0,0.0,11.3,169.1,308.6,69.9,8.3,0.0,2.3,0.0,569.7,0.0,11.3,556.0,2.3,667,,PANCHMAHALS,
Gujarat,Panch-Mahals,IMD110-P667,1926,2.4,0.0,0.0,0.8,3.3,7.1,385.1,563.0,246.7,0.0,0.0,0.0,1208.3,2.4,4.1,1201.8,0.0,667,,PANCHMAHALS,
Gujarat,Panch-Mahals,IMD110-P667,1927,0.0,1.3,0.0,0.0,4.8,186.2,1478.5,248.9,154.2,55.1,10.3,13.4,2152.6,1.3,4.8,2067.8,78.8,667,,PANCHMAHALS,
Gujarat,Panch-Mahals,IMD110-P667,1928,0.0,0.3,0.0,0.0,0.0,141.9,448.9,324.8,123.8,5.9,16.2,7.5,1069.1,0.3,0.0,1039.3,29.6,667,,PANCHMAHALS,
Gujarat,Panch-Mahals,IMD110-P667,1929,1.8,0.0,0.0,0.4,1.2,166.4,421.9,186.5,8.0,1.4,0.0,3.1,790.6,1.8,1.5,782.8,4.5,667,,PANCHMAHALS,
Gujarat,Panch-Mahals,IMD110-P667,1930,0.4,0.2,0.0,0.0,0.0,53.6,628.1,336.8,181.8,104.1,0.0,0.0,1305.0,0.5,0.0,1200.3,104.1,667,,PANCHMAHALS,
Gujarat,Panch-Mahals,IMD110-P667,1931,0.0,0.0,0.0,0.0,0.0,6.1,296.2,803.8,115.4,205.1,9.0,0.0,1435.7,0.0,0.0,1221.6,214.1,667,,PANCHMAHALS,
Gujarat,Panch-Mahals,IMD110-P667,1932,0.0,0.0,2.2,0.0,0.0,104.4,492.0,186.1,141.2,9.7,0.0,0.0,935.6,0.0,2.2,923.7,9.7,667,,PANCHMAHALS,
Gujarat,Panch-Mahals,IMD110-P667,1933,0.0,7.0,0.3,5.2,26.9,118.5,285.3,622.5,213.0,4.5,0.0,1.8,1284.9,7.0,32.4,1239.3,6.3,667,,PANCHMAHALS,
Gujarat,Panch-Mahals,IMD110-P667,1934,0.6,0.0,0.0,3.6,0.0,203.7,218.2,558.7,182.3,0.0,24.0,0.0,1191.0,0.6,3.6,1162.8,24.0,667,,PANCHMAHALS,
Gujarat,Panch-Mahals,IMD110-P667,1935,10.7,0.0,0.0,0.0,0.0,77.2,466.6,137.8,328.9,8.7,0.0,4.1,1034.0,10.7,0.0,1010.5,12.8,667,,PANCHMAHALS,
Gujarat,Panch-Mahals,IMD110-P667,1936,0.0,1.3,1.8,0.0,0.0,230.2,137.5,28.5,191.1,0.2,56.8,0.0,647.4,1.3,1.8,587.3,57.0,667,,PANCHMAHALS,
Gujarat,Panch-Mahals,IMD110-P667,1937,0.0,2.2,0.0,0.0,0.0,155.3,663.9,19.6,515.1,5.3,0.0,0.0,1361.3,2.2,0.0,1353.8,5.3,667,,PANCHMAHALS,
Gujarat,Panch-Mahals,IMD110-P667,1938,0.0,0.0,0.0,0.0,26.9,266.0,401.7,90.6,16.5,36.4,0.0,0.0,838.0,0.0,26.9,774.7,36.4,667,,PANCHMAHALS,
Gujarat,Panch-Mahals,IMD110-P667,1939,0.0,0.0,0.3,0.0,0.0,43.7,159.3,294.1,162.1,0.0,0.8,0.5,660.8,0.0,0.3,659.2,1.3,667,,PANCHMAHALS,
Gujarat,Panch-Mahals,IMD110-P667,1940,3.6,0.8,10.0,0.3,0.0,135.9,244.6,260.4,94.7,58.9,33.2,0.0,842.1,4.3,10.2,735.5,92.0,667,,PANCHMAHALS,
Gujarat,Panch-Mahals,IMD110-P667,1941,1.0,9.2,0.0,0.1,0.0,21.9,734.1,337.7,66.3,0.3,0.0,0.0,1170.6,10.2,0.1,1160.0,0.3,668,,PANCHMAHALS,
Gujarat,Panch-Mahals,IMD110-P667,1942,8.5,20.0,0.0,0.0,2.1,130.2,651.4,583.9,274.3,0.0,0.0,0.0,1670.4,28.5,2.1,1639.8,0.0,668,,PANCHMAHALS,
Gujarat,Panch-Mahals,IMD110-P667,1943,0.0,0.0,0.0,0.2,10.4,256.0,520.6,120.7,194.2,16.3,0.0,0.0,1118.2,0.0,10.6,1091.4,16.3,668,,PANCHMAHALS,
Gujarat,Panch-Mahals,IMD110-P667,1944,8.0,0.0,2.5,1.3,1.2,112.0,578.9,515.9,98.3,20.7,0.0,0.0,1338.8,8.0,5.1,1305.1,20.7,668,,PANCHMAHALS,
Gujarat,Panch-Mahals,IMD110-P667,1945,2.8,0.0,0.0,3.8,1.0,139.6,482.2,234.8,550.7,0.2,0.0,0.0,1415.2,2.8,4.8,1407.3,0.2,668,,PANCHMAHALS,
Gujarat,Panch-Mahals,IMD110-P667,1946,0.0,0.0,0.0,0.0,1.3,230.1,376.9,532.2,109.6,0.0,24.5,3.5,1278.2,0.0,1.3,1248.8,28.0,668,,PANCHMAHALS,
Gujarat,Panch-Mahals,IMD110-P667,1947,0.0,0.0,0.0,16.1,0.0,0.6,373.3,279.1,369.7,16.2,0.0,0.0,1055.0,0.0,16.1,1022.7,16.2,668,,PANCHMAHALS,
Gujarat,Panch-Mahals,IMD110-P667,1948,5.0,1.3,0.0,0.0,0.0,104.6,324.0,127.5,108.9,8.9,30.5,9.4,720.2,6.3,0.0,665.0,48.8,668,,PANCHMAHALS,
Gujarat,Panch-Mahals,IMD110-P667,1949,0.0,0.0,0.0,0.0,0.0,28.8,365.9,306.8,285.9,18.5,3.5,0.0,1009.4,0.0,0.0,987.4,22.0,668,,PANCHMAHALS,
Gujarat,Panch-Mahals,IMD110-P667,1950,0.0,0.0,0.0,0.0,0.0,3.6,891.7,66.3,315.8,0.0,0.0,0.0,1277.3,0.0,0.0,1277.3,0.0,668,,PANCHMAHALS,
Gujarat,Panch-Mahals,IMD110-P667,1951,0.0,0.0,1.6,0.0,5.0,80.7,251.7,173.4,3.1,2.1,0.5,0.0,518.0,0.0,6.6,508.9,2.5,668,,PANCHMAHALS,
Gujarat,Panch-Mahals,IMD110-P667,1952,0.0,0.0,0.0,0.1,0.0,94.1,631.1,189.6,8.6,0.0,0.0,0.0,923.5,0.0,0.1,923.5,0.0,668,,PANCHMAHALS,
Gujarat,Panch-Mahals,IMD110-P667,1953,23.5,0.0,0.0,0.1,0.0,106.0,122.5,663.8,90.1,0.1,0.0,0.0,1006.0,23.5,0.1,982.3,0.1,668,,PANCHMAHALS,
Gujarat,Panch-Mahals,IMD110-P667,1954,0.0,7.8,1.5,0.0,0.0,119.2,264.6,302.7,513.6,119.1,0.0,0.1,1328.6,7.8,1.5,1200.2,119.2,668,,PANCHMAHALS,
Gujarat,Panch-Mahals,IMD110-P667,1955,0.0,0.0,0.0,0.0,2.0,98.6,98.4,493.1,309.4,43.6,0.0,0.0,1045.0,0.0,2.0,999.4,43.6,668,,PANCHMAHALS,
Gujarat,Panch-Mahals,IMD110-P667,1956,0.0,0.0,0.0,0.0,28.0,72.1,636.8,370.4,167.7,124.6,0.0,0.3,1400.0,0.0,28.0,1247.0,124.9,668,,PANCHMAHALS,
Gujarat,Panch-Mahals,IMD110-P667,1957,0.1,0.0,0.0,0.0,13.8,237.2,368.1,231.1,3.2,22.6,14.5,0.0,890.5,0.1,13.8,839.5,37.1,668,,PANCHMAHALS,
Gujarat,Panch-Mahals,IMD110-P667,1958,1.4,0.0,0.3,0.2,0.0,145.9,330.0,316.5,335.1,56.0,10.8,0.0,1196.3,1.4,0.5,1127.6,66.8,668,,PANCHMAHALS,
Gujarat,Panch-Mahals,IMD110-P667,1959,0.0,0.0,0.0,1.5,0.0,96.2,518.8,323.4,443.7,57.1,0.7,0.0,1441.4,0.0,1.5,1382.1,57.8,668,,PANCHMAHALS,
Gujarat,Panch-Mahals,IMD110-P667,1960,0.1,0.0,0.0,0.0,0.0,110.6,107.5,212.0,99.7,1.7,0.0,0.0,531.6,0.1,0.0,529.8,1.7,668,,PANCHMAHALS,
Gujarat,Panch-Mahals,IMD110-P667,1961,0.0,0.0,0.0,0.1,0.1,121.8,490.1,185.4,288.6,4.3,0.0,0.0,1090.2,0.0,0.1,1085.8,4.3,668,,PANCHMAHALS,
Gujarat,Panch-Mahals,IMD110-P667,1962,0.0,0.0,0.0,0.5,0.0,42.3,247.7,273.5,399.6,0.0,30.1,27.2,1020.8,0.0,0.5,963.1,57.3,668,,PANCHMAHALS,
Gujarat,Panch-Mahals,IMD110-P667,1963,3.3,0.0,0.0,0.0,0.0,30.8,274.0,394.6,199.9,58.5,31.8,1.2,994.1,3.3,0.0,899.3,91.5,668,,PANCHMAHALS,
Gujarat,Panch-Mahals,IMD110-P667,1964,0.0,0.0,0.0,0.4,17.1,75.8,262.9,244.9,114.0,0.0,0.0,0.0,715.2,0.0,17.5,697.7,0.0,668,,PANCHMAHALS,
Gujarat,Panch-Mahals,IMD110-P667,1965,4.6,0.0,0.0,0.0,0.0,0.5,293.9,162.6,25.7,0.0,0.0,0.0,487.3,4.6,0.0,482.7,0.0,668,,PANCHMAHALS,
Gujarat,Panch-Mahals,IMD110-P667,1966,0.0,0.0,0.9,0.0,0.0,75.1,251.8,60.8,117.5,0.0,0.0,0.0,506.0,0.0,0.9,505.1,0.0,668,,PANCHMAHALS,
Gujarat,Panch-Mahals,IMD110-P667,1967,0.0,0.0,30.8,0.0,0.0,137.8,345.1,265.7,131.1,0.0,0.0,28.1,938.7,0.0,30.8,879.8,28.1,668,,PANCHMAHALS,
Gujarat,Panch-Mahals,IMD110-P667,1968,0.0,0.0,0.3,0.0,0.7,11.6,293.9,251.2,71.1,1.4,0.0,0.0,630.1,0.0,1.0,627.7,1.4,668,,PANCHMAHALS,
Gujarat,Panch-Mahals,IMD110-P667,1969,0.0,0.0,0.0,0.0,0.0,112.0,300.2,196.0,306.2,0.0,0.7,10.6,925.6,0.0,0.0,914.3,11.3,668,,PANCHMAHALS,
Gujarat,Panch-Mahals,IMD110-P667,1970,1.2,0.0,0.0,0.0,3.9,233.6,255.3,284.6,310.7,4.0,0.0,0.0,1093.2,1.3,3.9,1084.1,4.0,668,,PANCHMAHALS,
Gujarat,Panch-Mahals,IMD110-P667,1971,0.0,0.0,0.0,0.0,16.2,188.9,211.7,151.9,130.4,2.6,0.0,0.0,701.7,0.0,16.2,683.0,2.6,668,,PANCHMAHALS,
Gujarat,Panch-Mahals,IMD110-P667,1972,0.0,0.6,0.0,0.0,0.0,88.6,185.7,226.7,24.9,0.0,0.0,0.0,526.6,0.6,0.0,526.0,0.0,668,,PANCHMAHALS,
Gujarat,Panch-Mahals,IMD110-P667,1973,0.0,0.1,0.0,0.0,0.0,127.8,318.3,579.7,580.9,4.8,0.0,0.1,1611.7,0.1,0.0,1606.8,4.9,668,,PANCHMAHALS,
Gujarat,Panch-Mahals,IMD110-P667,1974,0.0,0.0,0.0,0.2,82.1,21.8,170.5,80.3,49.6,31.6,0.0,0.0,435.9,0.0,82.2,322.1,31.6,668,,PANCHMAHALS,
Gujarat,Panch-Mahals,IMD110-P667,1975,0.0,0.0,0.0,0.0,0.0,129.4,226.3,401.7,277.0,45.2,0.0,0.0,1079.7,0.0,0.0,1034.5,45.2,668,,PANCHMAHALS,
Gujarat,Panch-Mahals,IMD110-P667,1976,0.1,0.0,0.0,0.0,0.0,564.4,778.3,652.5,124.9,0.0,102.4,0.0,2222.5,0.1,0.0,2120.1,102.4,668,,PANCHMAHALS,
Gujarat,Panch-Mahals,IMD110-P667,1977,0.2,0.0,0.0,0.0,16.1,288.9,531.7,428.0,260.6,0.0,6.8,0.0,1532.3,0.2,16.1,1509.2,6.8,668,,PANCHMAHALS,
Gujarat,Panch-Mahals,IMD110-P667,1978,0.0,0.7,0.0,2.2,0.0,128.5,259.8,772.0,57.8,8.8,10.2,11.5,1251.6,0.7,2.2,1218.2,30.5,668,,PANCHMAHALS,
Gujarat,Panch-Mahals,IMD110-P667,1979,0.0,0.5,0.0,0.0,0.0,101.0,192.5,387.5,38.2,10.1,113.1,0.0,842.9,0.5,0.0,719.2,123.2,668,,PANCHMAHALS,
Gujarat,Panch-Mahals,IMD110-P667,1980,0.0,0.0,0.0,0.0,0.0,259.7,229.8,381.8,19.0,0.8,0.0,20.4,911.5,0.0,0.0,890.3,21.3,668,,PANCHMAHALS,
Gujarat,Panch-Mahals,IMD110-P667,1981,2.8,0.0,0.0,0.0,0.0,104.1,332.0,516.1,81.9,29.4,15.9,0.0,1082.1,2.8,0.0,1034.0,45.3,668,,PANCHMAHALS,
Gujarat,Panch-Mahals,IMD110-P667,1982,0.0,0.0,0.0,0.0,33.0,17.4,213.4,297.1,26.2,14.9,136.1,0.0,738.0,0.0,33.0,554.0,151.0,669,,PANCHMAHALS,
Gujarat,Panch-Mahals,IMD110-P667,1983,0.0,0.0,0.0,12.4,0.0,127.3,310.7,431.9,235.0,69.3,0.0,0.0,1186.5,0.0,12.4,1104.9,69.3,669,,PANCHMAHALS,
Gujarat,Panch-Mahals,IMD110-P667,1984,0.0,0.0,0.0,0.0,0.0,23.3,168.9,549.3,58.1,0.3,0.0,0.0,799.9,0.0,0.0,799.5,0.3,669,,PANCHMAHALS,
Gujarat,Panch-Mahals,IMD110-P667,1985,0.0,0.0,0.0,0.0,0.0,4.5,218.5,92.5,10.6,146.2,0.0,0.0,472.3,0.0,0.0,326.0,146.2,669,,PANCHMAHALS,
Gujarat,Panch-Mahals,IMD110-P667,1986,0.0,0.0,0.0,0.0,3.7,122.3,183.6,165.5,5.5,1.7,0.0,0.0,482.3,0.0,3.7,476.9,1.7,669,,PANCHMAHALS,
Gujarat,Panch-Mahals,IMD110-P667,1987,0.0,0.0,0.0,0.0,0.0,58.5,62.4,285.9,4.5,12.9,8.8,4.4,437.4,0.0,0.0,411.3,26.1,669,,PANCHMAHALS,
Gujarat,Panch-Mahals,IMD110-P667,1988,0.0,0.0,0.0,0.0,0.0,74.8,402.2,277.0,172.2,7.9,0.0,0.0,934.0,0.0,0.0,926.1,7.9,669,,PANCHMAHALS,
Gujarat,Panch-Mahals,IMD110-P667,1989,0.3,0.0,0.0,0.0,0.0,102.9,330.8,486.1,73.5,0.8,0.0,0.0,994.3,0.3,0.0,993.3,0.8,669,,PANCHMAHALS,
Gujarat,Panch-Mahals,IMD110-P667,1990,0.0,0.1,0.0,0.0,33.3,148.5,308.8,742.2,221.8,3.7,12.1,1.6,1472.1,0.1,33.3,1421.2,17.4,669,,PANCHMAHALS,
Gujarat,Panch-Mahals,IMD110-P667,1992,0.0,0.0,0.0,0.0,5.9,49.8,191.3,251.7,161.1,52.9,8.1,0.0,720.7,0.0,5.9,653.8,61.0,669,,PANCHMAHALS,
Gujarat,Panch-Mahals,IMD110-P667,1993,0.0,0.0,0.0,0.0,0.0,120.2,597.5,58.2,82.1,15.7,2.7,0.0,876.4,0.0,0.0,858.0,18.4,669,,PANCHMAHALS,
Gujarat,Panch-Mahals,IMD110-P667,1994,11.7,0.0,0.0,0.0,0.0,214.8,392.4,369.3,410.3,0.0,0.0,0.0,1398.4,11.7,0.0,1386.7,0.0,669,,PANCHMAHALS,
Gujarat,Panch-Mahals,IMD110-P667,1995,2.0,0.0,0.2,0.0,0.0,7.7,430.9,113.5,59.7,16.0,0.0,0.3,630.3,2.0,0.2,611.8,16.3,669,,PANCHMAHALS,
Gujarat,Panch-Mahals,IMD110-P667,1996,0.9,0.0,0.0,0.0,0.0,98.3,501.3,305.1,217.8,43.1,0.6,0.0,1167.0,0.9,0.0,1122.5,43.6,669,,PANCHMAHALS,
Gujarat,Panch-Mahals,IMD110-P667,1997,0.0,0.0,0.0,8.3,0.0,287.2,235.9,553.6,69.2,0.0,2.3,6.7,1163.1,0.0,8.3,1145.9,9.0,669,,PANCHMAHALS,
Gujarat,Panch-Mahals,IMD110-P667,1998,0.0,0.2,0.0,0.0,0.0,57.0,279.3,155.1,420.0,77.1,3.0,0.0,991.8,0.2,0.0,911.4,80.2,669,,PANCHMAHALS,
Gujarat,Panch-Mahals,IMD110-P667,1999,,0.0,0.0,0.0,0.0,292.0,197.3,68.0,35.5,,0.0,0.0,,,0.0,592.8,,669,missing_months,PANCHMAHALS,
Gujarat,Panch-Mahals,IMD110-P667,2001,0.0,0.0,0.0,0.0,0.0,209.1,190.9,255.9,2.2,17.3,0.0,0.0,675.4,0.0,0.0,658.1,17.3,669,,PANCHMAHALS,
Gujarat,Panch-Mahals,IMD110-P667,2002,0.0,0.0,0.0,0.0,0.0,198.3,64.9,269.7,136.2,0.0,0.0,0.0,669.1,0.0,0.0,669.1,0.0,669,,PANCHMAHALS,
Gujarat,Panch-Mahals,IMD110-P667,2003,0.0,10.3,0.0,0.0,0.0,173.9,475.6,332.6,98.0,0.0,0.0,0.0,1090.5,10.3,0.0,1080.1,0.0,669,,PANCHMAHALS,
Gujarat,Panch-Mahals,IMD110-P667,2004,0.0,0.0,0.0,0.0,0.0,80.4,230.6,696.8,17.6,19.1,0.0,0.0,1044.5,0.0,0.0,1025.4,19.1,669,,PANCHMAHALS,
Gujarat,Panch-Mahals,IMD110-P667,2005,0.0,0.0,0.0,0.1,0.5,169.4,393.9,148.5,300.8,0.0,0.0,0.0,1013.0,0.0,0.6,1012.5,0.0,669,,PANCHMAHALS,
Gujarat,Panch-Mahals,IMD110-P667,2006,0.0,0.0,0.0,0.0,0.0,86.1,461.4,737.8,114.1,11.3,0.0,0.0,1410.7,0.0,0.0,1399.4,11.3,669,,PANCHMAHALS,
Gujarat,Panch-Mahals,IMD110-P667,2007,0.0,1.0,0.0,0.0,0.0,46.0,481.8,314.6,167.9,0.0,0.0,0.0,1011.3,1.0,0.0,1010.3,0.0,669,,PANCHMAHALS,
Gujarat,Panch-Mahals,IMD110-P667,2008,0.0,0.0,0.0,2.0,0.0,53.9,203.9,341.7,126.3,5.8,0.1,0.0,733.8,0.0,2.0,725.9,5.9,669,,PANCHMAHALS,
Gujarat,Panch-Mahals,IMD110-P667,2009,0.0,0.0,0.0,0.0,0.0,24.1,241.0,162.3,54.9,14.0,16.8,0.0,513.0,0.0,0.0,482.3,30.8,669,,PANCHMAHALS,
Gujarat,Panch-Mahals,IMD110-P667,2010,0.0,0.0,0.0,0.0,0.0,58.7,207.9,468.0,190.9,0.7,4.0,0.0,930.1,0.0,0.0,925.4,4.7,669,,PANCHMAHALS,
Gujarat,Patan,IMD110-P670,1901,0.0,0.0,0.0,0.0,2.0,9.4,83.1,68.0,9.4,1.5,0.0,1.8,175.2,0.0,2.0,169.9,3.3,670,,PATAN,
Gujarat,Patan,IMD110-P670,1902,0.0,0.0,0.0,0.0,0.8,17.8,18.3,130.9,152.9,0.0,0.0,6.4,327.1,0.0,0.8,319.9,6.4,670,,PATAN,
Gujarat,Patan,IMD110-P670,1903,1.3,0.0,0.0,0.0,0.5,0.0,269.2,130.5,2.1,0.0,0.0,0.0,403.6,1.3,0.5,401.8,0.0,670,,PATAN,
Gujarat,Patan,IMD110-P670,1904,1.8,0.0,2.3,0.0,0.0,0.0,202.8,0.8,10.2,0.0,0.0,0.0,217.9,1.8,2.3,213.8,0.0,670,,PATAN,
Gujarat,Patan,IMD110-P670,1905,0.0,0.0,2.5,0.0,0.0,0.0,866.8,2.3,6.6,0.0,0.0,0.0,878.2,0.0,2.5,875.7,0.0,670,,PATAN,
Gujarat,Patan,IMD110-P670,1906,0.0,20.8,0.5,0.0,0.0,120.5,66.5,113.0,90.3,5.1,0.0,6.4,423.1,20.8,0.5,390.3,11.5,670,,PATAN,
Gujarat,Patan,IMD110-P670,1907,0.5,31.3,0.0,1.3,0.0,18.3,197.4,387.4,17.3,0.0,0.0,0.0,653.5,31.8,1.3,620.4,0.0,670,,PATAN,
Gujarat,Patan,IMD110-P670,1908,3.8,0.0,0.0,0.0,0.0,0.0,164.0,415.4,25.9,0.0,0.0,0.0,609.1,3.8,0.0,605.3,0.0,670,,PATAN,
Gujarat,Patan,IMD110-P670,1909,0.0,0.0,0.0,0.0,0.8,15.2,207.6,233.2,94.2,0.0,0.0,4.3,555.3,0.0,0.8,550.2,4.3,670,,PATAN,
Gujarat,Patan,IMD110-P670,1910,0.0,0.0,0.0,0.0,0.0,127.0,55.3,298.9,9.4,0.0,0.0,0.0,490.6,0.0,0.0,490.6,0.0,670,,PATAN,
Gujarat,Patan,IMD110-P670,1911,0.0,0.0,19.1,0.0,0.0,84.7,0.0,1.8,3.3,0.0,0.0,0.0,108.9,0.0,19.1,89.8,0.0,670,,PATAN,
Gujarat,Patan,IMD110-P670,1912,0.0,0.0,0.0,0.0,0.0,18.3,302.0,130.8,11.7,41.5,0.3,0.0,504.6,0.0,0.0,462.8,41.8,670,,PATAN,
Gujarat,Patan,IMD110-P670,1913,0.0,0.0,0.0,0.0,0.0,15.7,472.0,233.1,76.0,0.0,0.0,0.0,796.8,0.0,0.0,796.8,0.0,670,,PATAN,
Gujarat,Patan,IMD110-P670,1914,0.0,6.9,0.0,0.0,0.0,67.5,327.6,30.7,53.1,0.0,2.0,0.0,487.8,6.9,0.0,478.9,2.0,670,,PATAN,
Gujarat,Patan,IMD110-P670,1915,4.3,0.0,7.1,0.0,0.0,16.3,70.2,2.9,5.8,99.3,0.0,0.0,205.9,4.3,7.1,95.2,99.3,670,,PATAN,
Gujarat,Patan,IMD110-P670,1916,0.0,0.0,0.0,0.0,0.0,20.6,27.9,523.8,88.3,2.0,0.0,0.0,662.6,0.0,0.0,660.6,2.0,670,,PATAN,
Gujarat,Patan,IMD110-P670,1917,0.0,0.0,0.0,13.7,70.3,20.3,351.4,241.7,150.0,126.7,0.0,0.0,974.1,0.0,84.0,763.4,126.7,670,,PATAN,
Gujarat,Patan,IMD110-P670,1918,0.0,0.0,0.0,0.0,1.3,5.1,5.1,281.8,35.1,0.0,0.0,0.0,328.4,0.0,1.3,327.1,0.0,670,,PATAN,
Gujarat,Patan,IMD110-P670,1919,2.8,0.0,0.0,0.0,1.5,9.1,150.3,633.0,5.1,0.0,1.5,0.0,803.3,2.8,1.5,797.5,1.5,670,,PATAN,
Gujarat,Patan,IMD110-P670,1920,0.0,0.0,0.0,0.0,79.1,145.5,235.3,37.4,0.0,0.0,0.0,0.0,497.3,0.0,79.1,418.2,0.0,670,,PATAN,
Gujarat,Patan,IMD110-P670,1921,0.0,0.0,0.0,0.0,0.0,0.0,391.4,83.3,216.7,0.0,0.0,1.5,692.9,0.0,0.0,691.4,1.5,670,,PATAN,
Gujarat,Patan,IMD110-P670,1922,0.0,0.0,0.0,0.0,0.0,9.9,265.8,14.5,204.8,0.0,0.0,0.0,495.0,0.0,0.0,495.0,0.0,670,,PATAN,
Gujarat,Patan,IMD110-P670,1923,0.0,0.8,0.0,0.0,45.0,0.0,37.5,70.5,29.5,5.8,0.0,0.0,189.1,0.8,45.0,137.5,5.8,670,,PATAN,
Gujarat,Patan,IMD110-P670,1924,0.0,0.0,0.0,0.0,5.1,5.6,346.6,147.7,165.6,0.0,0.0,0.0,670.6,0.0,5.1,665.5,0.0,670,,PATAN,
Gujarat,Patan,IMD110-P670,1925,0.0,0.0,0.0,0.0,0.0,30.7,48.5,25.2,0.0,0.0,0.0,0.0,104.4,0.0,0.0,104.4,0.0,670,,PATAN,
Gujarat,Patan,IMD110-P670,1926,0.0,0.0,0.0,0.0,32.0,0.0,197.4,295.1,630.8,0.0,0.0,0.0,1155.3,0.0,32.0,1123.3,0.0,670,,PATAN,
Gujarat,Patan,IMD110-P670,1927,0.0,9.7,0.0,0.0,0.0,62.0,876.3,189.1,56.9,0.2,0.0,36.9,1231.2,9.7,0.0,1184.3,37.1,670,,PATAN,
Gujarat,Patan,IMD110-P670,1928,0.0,0.0,0.0,0.0,0.0,2.8,288.0,84.4,185.8,26.5,8.9,0.0,596.5,0.0,0.0,561.0,35.4,670,,PATAN,
Gujarat,Patan,IMD110-P670,1929,7.0,0.0,0.0,2.9,2.3,51.9,122.3,149.1,0.2,0.0,0.0,15.9,351.5,7.0,5.2,323.4,15.9,670,,PATAN,
Gujarat,Patan,IMD110-P670,1930,2.7,0.0,0.0,0.0,0.0,58.9,302.2,91.3,6.6,36.5,0.0,0.0,498.1,2.7,0.0,459.0,36.5,670,,PATAN,
Gujarat,Patan,IMD110-P670,1931,0.0,0.0,0.0,0.0,4.4,0.0,140.9,414.6,10.7,10.9,0.0,0.0,581.5,0.0,4.4,566.2,10.9,670,,PATAN,
Gujarat,Patan,IMD110-P670,1932,0.0,0.0,0.4,0.0,0.0,15.9,458.6,172.6,42.8,1.9,0.0,0.0,692.3,0.0,0.4,690.0,1.9,670,,PATAN,
Gujarat,Patan,IMD110-P670,1933,0.0,0.0,0.0,2.2,64.2,30.0,180.1,352.8,46.4,0.0,0.0,0.0,675.7,0.0,66.3,609.4,0.0,670,,PATAN,
Gujarat,Patan,IMD110-P670,1934,0.0,0.0,0.4,0.0,0.0,181.1,182.6,243.3,13.1,0.0,0.0,0.0,620.4,0.0,0.4,620.0,0.0,670,,PATAN,
Gujarat,Patan,IMD110-P670,1935,13.3,0.0,0.0,7.4,0.0,19.3,122.8,19.1,88.9,10.1,0.0,0.0,280.7,13.3,7.4,250.1,10.1,670,,PATAN,
Gujarat,Patan,IMD110-P670,1936,0.0,5.2,0.0,0.0,0.0,55.5,80.2,2.2,107.6,0.0,36.5,0.0,287.1,5.2,0.0,245.4,36.5,670,,PATAN,
Gujarat,Patan,IMD110-P670,1937,0.0,1.9,0.0,0.0,0.0,147.8,436.8,1.8,249.4,1.9,0.0,8.1,847.8,1.9,0.0,835.8,10.0,670,,PATAN,
Gujarat,Patan,IMD110-P670,1938,0.0,0.0,0.0,0.0,5.4,78.4,274.0,88.4,10.4,0.0,0.0,0.0,456.5,0.0,5.4,451.1,0.0,670,,PATAN,
Gujarat,Patan,IMD110-P670,1939,0.0,1.5,8.3,0.0,0.0,0.0,34.0,161.9,31.5,0.0,0.0,0.0,237.3,1.5,8.3,227.4,0.0,670,,PATAN,
Gujarat,Patan,IMD110-P670,1940,9.6,3.7,15.3,0.5,0.0,88.8,69.3,96.1,5.1,0.0,46.6,0.0,335.0,13.3,15.8,259.3,46.6,670,,PATAN,
Gujarat,Patan,IMD110-P670,1941,0.0,13.7,0.0,0.0,0.5,1.3,568.0,102.0,0.4,0.0,0.0,1.6,687.6,13.7,0.5,671.8,1.6,671,,PATAN,
Gujarat,Patan,IMD110-P670,1942,0.8,13.7,0.0,0.0,5.7,57.7,252.8,245.4,52.9,0.6,0.0,0.0,629.7,14.4,5.7,608.9,0.6,671,,PATAN,
Gujarat,Patan,IMD110-P670,1943,0.0,0.0,0.0,0.0,17.5,84.2,388.8,42.8,88.3,0.0,0.6,0.0,622.3,0.0,17.5,604.1,0.6,671,,PATAN,
Gujarat,Patan,IMD110-P670,1944,0.0,0.0,11.4,0.0,0.0,82.5,580.9,301.5,28.2,0.0,0.0,0.0,1004.5,0.0,11.4,993.2,0.0,671,,PATAN,
Gujarat,Patan,IMD110-P670,1945,8.8,0.0,0.0,0.0,0.0,105.6,278.6,126.7,29.1,0.0,0.0,0.0,548.8,8.8,0.0,540.0,0.0,671,,PATAN,
Gujarat,Patan,IMD110-P670,1946,0.0,0.0,0.0,0.0,8.9,85.2,131.9,249.0,0.0,0.0,1.0,7.3,483.3,0.0,8.9,466.1,8.4,671,,PATAN,
Gujarat,Patan,IMD110-P670,1947,0.0,0.0,0.0,1.0,0.0,0.0,39.7,148.4,129.8,0.0,0.0,0.0,318.9,0.0,1.0,317.9,0.0,671,,PATAN,
Gujarat,Patan,IMD110-P670,1948,6.5,0.0,0.0,0.0,0.0,51.0,178.7,38.7,82.6,9.8,8.9,0.0,376.1,6.5,0.0,350.9,18.6,671,,PATAN,
Gujarat,Patan,IMD110-P670,1949,0.0,0.0,0.0,0.0,0.0,0.0,167.1,127.6,61.0,5.7,0.0,0.0,361.5,0.0,0.0,355.8,5.7,671,,PATAN,
Gujarat,Patan,IMD110-P670,1950,0.0,0.0,0.0,0.0,0.0,9.1,561.6,40.9,181.6,0.0,0.0,0.0,793.2,0.0,0.0,793.2,0.0,671,,PATAN,
Gujarat,Patan,IMD110-P670,1951,0.0,0.0,0.6,0.0,0.0,21.5,111.5,147.3,0.0,0.0,3.5,0.0,284.5,0.0,0.6,280.3,3.5,671,,PATAN,
Gujarat,Patan,IMD110-P670,1952,0.0,0.0,0.0,0.0,0.0,124.2,263.3,85.4,0.0,0.0,0.0,0.0,472.9,0.0,0.0,472.9,0.0,671,,PATAN,
Gujarat,Patan,IMD110-P670,1953,2.5,0.0,0.0,0.0,0.0,37.3,164.6,319.6,9.1,0.0,0.0,0.0,533.2,2.5,0.0,530.6,0.0,671,,PATAN,
Gujarat,Patan,IMD110-P670,1954,0.0,0.0,6.5,0.0,0.0,33.7,249.6,121.1,327.1,0.0,0.0,0.0,737.9,0.0,6.5,731.4,0.0,671,,PATAN,
Gujarat,Patan,IMD110-P670,1955,0.0,0.0,0.5,0.0,8.5,28.8,18.1,281.4,237.6,16.0,0.0,0.0,591.1,0.0,9.0,566.0,16.0,671,,PATAN,
Gujarat,Patan,IMD110-P670,1956,0.0,0.0,0.0,0.0,0.0,43.2,523.3,372.8,71.6,49.6,0.0,0.5,1061.0,0.0,0.0,1010.9,50.1,671,,PATAN,
Gujarat,Patan,IMD110-P670,1957,4.4,0.0,0.0,0.0,0.5,95.5,97.3,116.5,0.3,5.0,4.3,0.2,324.0,4.4,0.5,309.5,9.5,671,,PATAN,
Gujarat,Patan,IMD110-P670,1958,0.7,0.0,0.0,0.0,0.0,17.8,131.0,55.0,168.4,43.3,12.1,0.0,428.3,0.7,0.0,372.2,55.4,671,,PATAN,
Gujarat,Patan,IMD110-P670,1959,0.0,0.0,0.0,0.0,0.0,15.5,372.7,129.2,494.6,35.2,8.5,0.0,1055.8,0.0,0.0,1012.1,43.7,671,,PATAN,
Gujarat,Patan,IMD110-P670,1960,0.0,0.0,0.0,0.0,0.0,83.7,83.9,88.8,4.4,0.0,0.0,0.5,261.2,0.0,0.0,260.7,0.5,671,,PATAN,
Gujarat,Patan,IMD110-P670,1961,0.1,0.2,0.0,0.0,0.0,98.5,397.6,81.7,208.6,6.6,0.0,0.0,793.3,0.3,0.0,786.4,6.6,671,,PATAN,
Gujarat,Patan,IMD110-P670,1962,0.0,0.0,0.6,0.3,0.0,10.8,134.4,145.4,79.4,0.0,0.0,0.0,370.9,0.0,0.9,370.0,0.0,671,,PATAN,
Gujarat,Patan,IMD110-P670,1963,0.0,0.0,5.0,0.0,0.0,2.5,133.8,110.6,255.4,2.5,20.8,0.0,530.6,0.0,5.0,502.3,23.3,671,,PATAN,
Gujarat,Patan,IMD110-P670,1964,0.0,0.0,0.0,0.0,0.0,83.8,126.1,161.0,6.0,0.0,0.0,0.0,376.9,0.0,0.0,376.9,0.0,671,,PATAN,
Gujarat,Patan,IMD110-P670,1965,20.0,0.0,0.0,0.0,2.4,0.0,324.7,92.0,14.7,0.0,0.0,0.0,453.9,20.0,2.4,431.5,0.0,671,,PATAN,
Gujarat,Patan,IMD110-P670,1966,0.0,0.0,0.0,0.0,0.0,48.1,142.8,11.4,112.9,0.0,0.0,0.0,315.3,0.0,0.0,315.3,0.0,671,,PATAN,
Gujarat,Patan,IMD110-P670,1967,0.0,0.0,67.1,0.0,0.0,50.1,261.2,107.1,116.6,0.0,0.0,18.3,620.4,0.0,67.1,535.1,18.3,671,,PATAN,
Gujarat,Patan,IMD110-P670,1968,0.0,1.8,0.0,0.0,0.0,7.0,152.9,87.2,0.8,0.0,0.0,0.0,249.6,1.8,0.0,247.9,0.0,671,,PATAN,
Gujarat,Patan,IMD110-P670,1969,0.0,2.0,0.0,0.0,0.0,30.2,157.3,89.1,7.4,0.0,0.0,4.5,290.5,2.0,0.0,284.0,4.5,671,,PATAN,
Gujarat,Patan,IMD110-P670,1970,0.0,0.0,0.0,0.0,5.3,99.0,68.2,346.2,147.7,6.1,0.0,0.0,672.6,0.0,5.3,661.1,6.1,671,,PATAN,
Gujarat,Patan,IMD110-P670,1971,0.0,0.0,0.0,0.0,0.0,108.9,299.6,85.2,33.8,7.9,0.0,0.0,535.4,0.0,0.0,527.5,7.9,671,,PATAN,
Gujarat,Patan,IMD110-P670,1972,0.0,4.3,0.0,0.0,0.0,31.2,124.8,120.3,0.0,0.0,0.0,0.0,280.6,4.3,0.0,276.3,0.0,671,,PATAN,
Gujarat,Patan,IMD110-P670,1973,0.9,0.2,0.0,0.0,4.1,102.0,143.0,232.2,142.3,0.0,0.0,0.0,624.7,1.1,4.1,619.5,0.0,671,,PATAN,
Gujarat,Patan,IMD110-P670,1974,0.0,0.0,0.0,0.0,42.1,8.0,25.8,36.8,48.8,13.7,0.0,0.0,175.3,0.0,42.1,119.5,13.7,671,,PATAN,
Gujarat,Patan,IMD110-P670,1975,0.0,0.0,6.0,0.0,0.0,92.8,171.1,289.5,359.1,46.5,0.0,0.0,964.9,0.0,6.0,912.4,46.5,671,,PATAN,
Gujarat,Patan,IMD110-P670,1976,8.0,0.0,0.0,0.0,0.0,37.7,88.1,227.0,44.8,0.0,2.3,0.0,407.9,8.0,0.0,397.6,2.3,671,,PATAN,
Gujarat,Patan,IMD110-P670,1977,11.5,0.4,2.4,0.0,18.0,240.1,665.1,105.4,61.1,0.0,0.0,0.0,1104.0,11.9,20.4,1071.7,0.0,671,,PATAN,
Gujarat,Patan,IMD110-P670,1978,0.0,0.0,0.0,0.0,5.2,65.9,201.3,201.7,25.6,0.0,11.4,6.0,517.0,0.0,5.2,494.4,17.4,671,,PATAN,
Gujarat,Patan,IMD110-P670,1979,0.0,10.2,0.0,0.4,0.0,45.5,37.3,341.3,0.5,18.6,77.7,0.0,531.5,10.2,0.4,424.6,96.3,671,,PATAN,
Gujarat,Patan,IMD110-P670,1980,0.0,0.0,0.0,0.0,0.0,252.7,177.4,68.1,2.9,0.0,0.0,13.2,514.3,0.0,0.0,501.1,13.2,671,,PATAN,
Gujarat,Patan,IMD110-P670,1981,0.0,0.0,0.0,0.0,0.0,35.1,175.1,244.5,79.9,5.4,51.9,0.0,591.9,0.0,0.0,534.6,57.3,671,,PATAN,
Gujarat,Patan,IMD110-P670,1982,0.0,0.0,0.0,0.0,70.1,12.2,149.8,111.9,1.4,0.0,86.2,0.0,431.7,0.0,70.1,275.3,86.2,672,,PATAN,
Gujarat,Patan,IMD110-P670,1983,0.0,0.0,0.0,11.4,2.1,26.1,169.2,293.2,34.3,73.0,0.0,0.0,609.2,0.0,13.5,522.7,73.0,672,,PATAN,
Gujarat,Patan,IMD110-P670,1984,0.0,0.0,0.0,0.0,0.0,19.9,132.1,401.5,30.5,0.0,0.0,0.0,583.9,0.0,0.0,583.9,0.0,672,,PATAN,
Gujarat,Patan,IMD110-P670,1985,0.0,0.0,0.0,0.0,1.0,1.3,127.9,52.3,1.5,16.3,0.0,0.0,200.3,0.0,1.0,183.0,16.3,672,,PATAN,
Gujarat,Patan,IMD110-P670,1986,0.0,0.0,0.0,0.0,0.0,34.7,39.6,99.3,0.0,0.0,0.0,0.0,173.6,0.0,0.0,173.6,0.0,672,,PATAN,
Gujarat,Patan,IMD110-P670,1987,0.0,0.0,0.0,0.0,0.0,34.8,16.0,23.2,0.0,0.0,0.0,12.1,86.0,0.0,0.0,74.0,12.1,672,,PATAN,
Gujarat,Patan,IMD110-P670,1988,0.0,0.0,0.0,0.0,0.0,3.7,410.8,160.6,33.2,15.6,0.0,0.0,623.9,0.0,0.0,608.3,15.6,672,,PATAN,
Gujarat,Patan,IMD110-P670,1989,2.8,0.0,0.0,0.0,0.0,15.0,199.8,211.7,46.6,0.0,0.0,0.0,475.9,2.8,0.0,473.1,0.0,672,,PATAN,
Gujarat,Patan,IMD110-P670,1990,0.0,10.2,0.0,0.0,6.8,32.0,141.9,464.3,82.9,5.1,0.0,0.0,743.3,10.2,6.8,721.1,5.1,672,,PATAN,
Gujarat,Patan,IMD110-P670,1992,0.0,0.0,0.0,0.0,0.0,4.7,292.1,96.9,179.2,0.0,2.4,0.0,575.3,0.0,0.0,572.9,2.4,672,,PATAN,
Gujarat,Patan,IMD110-P670,1993,0.0,5.8,0.0,0.0,0.0,60.1,416.7,2.7,28.7,23.4,5.4,0.0,542.7,5.8,0.0,508.1,28.8,672,,PATAN,
Gujarat,Patan,IMD110-P670,1994,0.0,0.0,0.0,0.0,0.0,91.3,233.1,394.1,268.1,0.0,0.0,0.0,986.6,0.0,0.0,986.6,0.0,672,,PATAN,
Gujarat,Patan,IMD110-P670,1995,0.0,0.0,0.0,0.0,0.0,2.6,411.9,56.4,5.4,14.4,0.0,0.0,490.7,0.0,0.0,476.3,14.4,672,,PATAN,
Gujarat,Patan,IMD110-P670,1996,0.0,0.0,0.0,0.0,0.0,123.8,125.0,47.2,17.2,1.0,0.0,0.0,314.2,0.0,0.0,313.2,1.0,672,,PATAN,
Gujarat,Patan,IMD110-P670,1997,0.0,0.0,0.0,0.0,0.0,131.6,150.2,77.2,60.2,1.0,0.0,0.0,420.2,0.0,0.0,419.2,1.0,672,,PATAN,
Gujarat,Patan,IMD110-P670,2001,0.0,0.0,0.0,0.0,0.0,148.8,197.8,110.3,0.0,2.3,0.0,0.0,459.0,0.0,0.0,456.8,2.3,672,,PATAN,
Gujarat,Patan,IMD110-P670,2002,0.0,0.0,0.0,0.0,0.0,119.3,8.8,67.3,23.5,0.0,0.0,0.0,218.8,0.0,0.0,218.8,0.0,672,,PATAN,
Gujarat,Patan,IMD110-P670,2003,0.0,0.0,0.0,0.0,0.0,117.3,559.5,125.0,10.3,0.0,0.0,0.0,812.0,0.0,0.0,812.0,0.0,672,,PATAN,
Gujarat,Patan,IMD110-P670,2004,0.0,0.0,0.0,0.0,3.0,71.8,59.5,287.5,43.3,,0.0,0.0,,0.0,3.0,462.2,,672,missing_months,PATAN,
Gujarat,Patan,IMD110-P670,2005,0.0,0.0,,0.0,1.0,95.3,241.3,150.0,316.3,,0.0,0.0,,0.0,,803.0,,672,missing_months,PATAN,
Gujarat,Patan,IMD110-P670,2006,0.0,0.0,0.0,0.0,0.0,43.8,259.7,599.2,131.2,0.0,6.0,0.0,1039.8,0.0,0.0,1033.8,6.0,672,,PATAN,
Gujarat,Patan,IMD110-P670,2007,0.0,0.0,0.0,0.0,,66.7,536.3,314.8,45.0,0.0,0.0,,,0.0,,962.8,,672,missing_months,PATAN,
Gujarat,Patan,IMD110-P670,2008,0.0,0.0,0.0,6.8,0.0,26.7,84.0,284.3,153.5,1.3,0.0,11.2,567.8,0.0,6.8,548.5,12.5,672,,PATAN,
Gujarat,Patan,IMD110-P670,2009,0.0,0.0,1.8,0.0,0.0,7.5,186.5,99.2,4.0,0.0,0.0,0.0,299.0,0.0,1.8,297.2,0.0,672,,PATAN,
Gujarat,Patan,IMD110-P670,2010,0.0,0.0,0.0,0.0,0.0,56.8,309.3,358.0,99.0,0.0,93.0,0.0,916.2,0.0,0.0,823.2,93.0,672,,PATAN,
Gujarat,Porbandar,IMD110-P673,1901,0.0,0.0,0.0,0.0,3.0,0.0,37.0,47.0,12.7,0.0,0.0,0.0,99.7,0.0,3.0,96.7,0.0,673,,PORBANDAR,
Gujarat,Porbandar,IMD110-P673,1902,0.0,0.0,0.0,0.0,0.0,22.1,574.2,85.2,72.7,2.8,0.0,0.0,757.0,0.0,0.0,754.2,2.8,673,,PORBANDAR,
Gujarat,Porbandar,IMD110-P673,1903,0.0,0.0,2.5,0.0,0.0,10.9,305.5,218.4,37.7,0.0,0.0,0.0,575.0,0.0,2.5,572.5,0.0,673,,PORBANDAR,
Gujarat,Porbandar,IMD110-P673,1904,0.0,8.9,32.8,0.0,0.0,1.1,70.2,7.6,1.3,0.0,0.0,0.0,121.9,8.9,32.8,80.2,0.0,673,,PORBANDAR,
Gujarat,Porbandar,IMD110-P673,1905,2.5,5.6,0.0,0.0,0.0,0.0,117.9,,0.5,0.0,0.0,0.0,,8.1,0.0,,0.0,673,missing_months,PORBANDAR,
Gujarat,Porbandar,IMD110-P673,1906,0.0,19.1,0.0,0.0,0.0,174.0,274.1,195.3,19.4,0.0,0.0,0.0,681.9,19.1,0.0,662.8,0.0,673,,PORBANDAR,
Gujarat,Porbandar,IMD110-P673,1907,0.0,6.1,,0.0,0.0,29.7,130.6,87.8,0.0,0.0,0.0,0.0,,6.1,,248.1,0.0,673,missing_months,PORBANDAR,
Gujarat,Porbandar,IMD110-P673,1908,10.4,0.0,0.0,0.0,0.0,6.4,322.7,109.1,0.0,0.0,0.0,0.0,448.6,10.4,0.0,438.2,0.0,673,,PORBANDAR,
Gujarat,Porbandar,IMD110-P673,1909,0.0,3.0,0.0,0.0,0.0,191.2,323.0,,274.8,11.4,0.0,39.4,,3.0,0.0,,50.8,673,missing_months,PORBANDAR,
Gujarat,Porbandar,IMD110-P673,1910,0.0,0.0,0.0,0.0,0.0,254.1,168.9,233.8,38.9,0.0,0.0,0.0,695.7,0.0,0.0,695.7,0.0,673,,PORBANDAR,
Gujarat,Porbandar,IMD110-P673,1911,0.0,0.0,36.9,0.0,0.0,30.5,4.8,40.1,35.7,0.0,0.0,8.1,156.1,0.0,36.9,111.1,8.1,673,,PORBANDAR,
Gujarat,Porbandar,IMD110-P673,1912,0.0,0.0,0.0,0.0,0.0,75.3,462.4,94.6,8.9,0.0,0.0,0.0,641.2,0.0,0.0,641.2,0.0,673,,PORBANDAR,
Gujarat,Porbandar,IMD110-P673,1913,0.0,0.0,0.0,0.0,0.0,187.7,189.4,29.9,48.5,0.0,0.0,0.0,455.5,0.0,0.0,455.5,0.0,673,,PORBANDAR,
Gujarat,Porbandar,IMD110-P673,1914,0.0,2.8,0.0,0.0,0.0,272.1,64.5,31.4,516.1,0.0,0.0,0.0,886.9,2.8,0.0,884.1,0.0,673,,PORBANDAR,
Gujarat,Porbandar,IMD110-P673,1915,0.0,0.0,0.0,1.5,6.1,10.4,115.1,40.2,22.0,5.8,0.0,0.0,201.1,0.0,7.6,187.7,5.8,673,,PORBANDAR,
Gujarat,Porbandar,IMD110-P673,1916,0.0,0.0,0.0,0.0,0.0,49.0,140.7,298.6,121.0,19.8,0.0,0.0,629.1,0.0,0.0,609.3,19.8,673,,PORBANDAR,
Gujarat,Porbandar,IMD110-P673,1917,0.0,0.0,0.0,0.0,18.3,171.0,167.1,320.5,34.0,92.0,0.0,0.0,802.9,0.0,18.3,692.6,92.0,673,,PORBANDAR,
Gujarat,Porbandar,IMD110-P673,1918,0.0,0.0,0.0,0.0,0.0,0.0,11.4,8.2,12.7,0.0,0.0,0.0,32.3,0.0,0.0,32.3,0.0,673,,PORBANDAR,
Gujarat,Porbandar,IMD110-P673,1919,7.9,0.0,0.0,0.0,0.0,16.5,233.1,85.3,7.6,0.0,0.0,0.0,350.4,7.9,0.0,342.5,0.0,673,,PORBANDAR,
Gujarat,Porbandar,IMD110-P673,1920,0.0,8.6,4.6,0.0,3.1,383.8,295.4,54.9,12.7,0.0,0.0,0.0,763.1,8.6,7.7,746.8,0.0,673,,PORBANDAR,
Gujarat,Porbandar,IMD110-P673,1921,0.0,0.0,0.0,0.0,0.0,8.6,182.2,78.3,99.5,1.5,0.0,0.0,370.1,0.0,0.0,368.6,1.5,673,,PORBANDAR,
Gujarat,Porbandar,IMD110-P673,1922,0.0,0.0,0.0,0.0,0.0,31.0,74.3,33.1,63.2,0.0,0.0,21.6,223.2,0.0,0.0,201.6,21.6,673,,PORBANDAR,
Gujarat,Porbandar,IMD110-P673,1923,0.0,0.0,0.0,0.0,0.0,0.0,133.0,36.2,0.0,0.0,0.0,0.0,169.2,0.0,0.0,169.2,0.0,673,,PORBANDAR,
Gujarat,Porbandar,IMD110-P673,1924,0.0,0.0,0.0,0.0,0.0,12.7,126.5,57.4,11.9,0.0,0.0,0.0,208.5,0.0,0.0,208.5,0.0,673,,PORBANDAR,
Gujarat,Porbandar,IMD110-P673,1925,0.0,0.0,0.0,0.0,1.3,736.2,64.1,25.3,60.9,0.0,0.0,0.0,887.8,0.0,1.3,886.5,0.0,673,,PORBANDAR,
Gujarat,Porbandar,IMD110-P673,1926,6.6,0.0,0.0,0.0,0.0,2.3,296.7,239.9,267.3,0.0,0.0,0.0,812.8,6.6,0.0,806.2,0.0,673,,PORBANDAR,
Gujarat,Porbandar,IMD110-P673,1927,0.0,9.7,0.0,0.0,0.0,16.8,220.5,35.9,41.2,0.0,0.0,0.0,324.1,9.7,0.0,314.4,0.0,673,,PORBANDAR,
Gujarat,Porbandar,IMD110-P673,1928,24.1,0.0,0.0,0.0,0.0,1.0,636.8,48.5,0.5,26.4,1.3,0.0,738.6,24.1,0.0,686.8,27.7,673,,PORBANDAR,
Gujarat,Porbandar,IMD110-P673,1929,0.0,0.0,0.0,0.0,0.0,8.6,265.7,32.5,5.1,0.0,0.0,61.7,373.6,0.0,0.0,311.9,61.7,673,,PORBANDAR,
Gujarat,Porbandar,IMD110-P673,1930,5.3,1.5,0.0,0.0,0.0,175.4,544.8,13.8,11.6,6.6,0.0,0.0,759.0,6.8,0.0,745.6,6.6,673,,PORBANDAR,
Gujarat,Porbandar,IMD110-P673,1931,0.0,2.5,0.0,0.0,21.1,0.0,44.6,104.2,3.3,69.6,0.0,0.0,245.3,2.5,21.1,152.1,69.6,673,,PORBANDAR,
Gujarat,Porbandar,IMD110-P673,1932,0.0,0.0,0.0,0.0,0.0,7.1,465.8,31.2,1.0,74.2,0.0,0.0,579.3,0.0,0.0,505.1,74.2,673,,PORBANDAR,
Gujarat,Porbandar,IMD110-P673,1933,0.0,22.9,0.0,0.0,154.7,208.5,372.5,226.0,85.4,0.0,0.0,0.0,1070.0,22.9,154.7,892.4,0.0,673,,PORBANDAR,
Gujarat,Porbandar,IMD110-P673,1934,0.0,0.0,2.0,0.0,0.0,217.8,117.9,31.2,39.6,0.0,0.0,0.0,408.5,0.0,2.0,406.5,0.0,673,,PORBANDAR,
Gujarat,Porbandar,IMD110-P673,1935,15.0,0.0,0.0,0.0,0.0,4.9,616.6,39.7,6.9,0.0,0.0,0.0,683.1,15.0,0.0,668.1,0.0,673,,PORBANDAR,
Gujarat,Porbandar,IMD110-P673,1936,0.0,0.5,0.0,0.0,0.8,174.7,84.4,17.1,67.4,0.0,76.0,0.0,420.9,0.5,0.8,343.6,76.0,673,,PORBANDAR,
Gujarat,Porbandar,IMD110-P673,1937,0.0,10.2,0.0,0.0,0.0,317.0,385.5,8.3,61.5,0.0,0.0,0.0,782.5,10.2,0.0,772.3,0.0,673,,PORBANDAR,
Gujarat,Porbandar,IMD110-P673,1938,0.0,0.0,0.0,0.0,2.0,175.6,61.8,83.8,5.1,16.7,0.0,0.0,345.0,0.0,2.0,326.3,16.7,673,,PORBANDAR,
Gujarat,Porbandar,IMD110-P673,1939,0.0,0.0,0.0,0.0,0.0,1.3,2.3,26.7,2.0,2.0,0.0,0.0,34.3,0.0,0.0,32.3,2.0,673,,PORBANDAR,
Gujarat,Porbandar,IMD110-P673,1940,27.6,0.0,9.4,0.0,0.0,185.0,53.4,93.5,0.0,0.0,10.2,0.0,379.1,27.6,9.4,331.9,10.2,673,,PORBANDAR,
Gujarat,Porbandar,IMD110-P673,1941,0.0,0.0,0.0,0.0,0.0,5.6,185.6,0.0,1.3,14.0,0.0,8.1,214.6,0.0,0.0,192.5,22.1,674,,PORBANDAR,
Gujarat,Porbandar,IMD110-P673,1942,0.0,5.1,0.0,0.0,0.0,5.3,126.2,95.4,5.0,0.0,0.0,0.0,237.0,5.1,0.0,231.9,0.0,674,,PORBANDAR,
Gujarat,Porbandar,IMD110-P673,1943,0.0,0.0,0.0,0.0,0.0,234.2,635.5,11.2,49.6,7.1,0.0,0.0,937.6,0.0,0.0,930.5,7.1,674,,PORBANDAR,
Gujarat,Porbandar,IMD110-P673,1944,0.0,0.0,0.0,0.0,0.0,41.2,471.7,86.7,0.0,0.0,0.0,0.0,599.6,0.0,0.0,599.6,0.0,674,,PORBANDAR,
Gujarat,Porbandar,IMD110-P673,1945,1.0,0.0,0.0,0.0,0.0,49.4,730.2,31.7,10.7,0.0,0.0,0.0,823.0,1.0,0.0,822.0,0.0,674,,PORBANDAR,
Gujarat,Porbandar,IMD110-P673,1946,,0.0,0.0,0.0,0.0,166.9,211.8,34.4,0.8,0.0,0.0,0.0,,,0.0,413.9,0.0,674,missing_months,PORBANDAR,
Gujarat,Porbandar,IMD110-P673,1947,0.0,0.0,0.0,0.0,0.0,0.0,54.4,489.7,293.4,0.0,0.0,0.0,837.5,0.0,0.0,837.5,0.0,674,,PORBANDAR,
Gujarat,Porbandar,IMD110-P673,1948,0.0,0.0,0.0,0.0,0.0,0.0,36.5,151.0,117.1,,12.7,0.0,,0.0,0.0,304.6,,674,missing_months,PORBANDAR,
Gujarat,Porbandar,IMD110-P673,1949,0.0,0.0,0.0,0.0,0.0,21.3,409.4,212.6,45.8,0.0,0.0,0.0,689.1,0.0,0.0,689.1,0.0,674,,PORBANDAR,
Gujarat,Porbandar,IMD110-P673,1950,0.0,0.0,0.0,0.0,0.0,4.0,259.5,36.2,29.0,0.0,0.0,0.0,328.7,0.0,0.0,328.7,0.0,674,,PORBANDAR,
Gujarat,Porbandar,IMD110-P673,1951,0.0,0.0,0.0,0.0,0.0,67.6,166.5,169.2,4.6,0.0,4.6,0.0,412.5,0.0,0.0,407.9,4.6,674,,PORBANDAR,
Gujarat,Porbandar,IMD110-P673,1952,0.0,0.0,0.0,0.0,0.0,85.1,270.5,9.4,21.3,0.0,0.0,0.0,386.3,0.0,0.0,386.3,0.0,674,,PORBANDAR,
Gujarat,Porbandar,IMD110-P673,1953,1.5,0.0,0.0,0.0,0.0,122.3,70.2,364.9,66.0,0.0,0.0,0.0,624.9,1.5,0.0,623.4,0.0,674,,PORBANDAR,
Gujarat,Porbandar,IMD110-P673,1954,8.1,6.4,0.0,0.0,0.0,27.9,333.5,333.3,194.1,0.0,0.0,5.6,908.9,14.5,0.0,888.8,5.6,674,,PORBANDAR,
Gujarat,Porbandar,IMD110-P673,1955,0.0,0.0,0.0,0.0,0.0,11.7,77.7,108.5,155.7,6.4,0.0,0.0,360.0,0.0,0.0,353.6,6.4,674,,PORBANDAR,
Gujarat,Porbandar,IMD110-P673,1956,7.6,0.0,0.0,0.0,0.5,93.7,759.0,71.8,199.4,62.5,0.0,0.0,1194.5,7.6,0.5,1123.9,62.5,674,,PORBANDAR,
Gujarat,Porbandar,IMD110-P673,1957,2.0,0.0,0.0,2.0,0.0,199.8,158.5,197.1,0.5,0.0,9.9,0.0,569.8,2.0,2.0,555.9,9.9,674,,PORBANDAR,
Gujarat,Porbandar,IMD110-P673,1958,0.0,0.0,0.0,0.0,0.0,96.1,515.0,54.4,81.2,63.2,91.6,1.2,902.8,0.0,0.0,746.7,156.0,674,,PORBANDAR,
Gujarat,Porbandar,IMD110-P673,1959,0.0,0.0,0.0,1.2,0.0,101.5,880.6,19.0,74.6,316.9,0.0,0.0,1393.8,0.0,1.2,1075.7,316.9,674,,PORBANDAR,
Gujarat,Porbandar,IMD110-P673,1960,0.0,0.0,0.0,0.0,0.0,73.4,302.8,94.4,11.9,0.0,0.0,0.0,482.5,0.0,0.0,482.5,0.0,674,,PORBANDAR,
Gujarat,Porbandar,IMD110-P673,1961,4.3,21.3,0.0,0.0,0.0,177.5,541.1,211.0,171.6,52.2,0.0,0.0,1179.1,25.6,0.0,1101.3,52.2,674,,PORBANDAR,
Gujarat,Porbandar,IMD110-P673,1962,0.0,0.0,0.0,0.0,0.0,30.2,544.0,267.2,158.2,0.0,3.9,0.0,1003.5,0.0,0.0,999.6,3.9,674,,PORBANDAR,
Gujarat,Porbandar,IMD110-P673,1963,0.0,0.0,0.0,0.0,0.0,126.7,68.8,100.5,29.1,36.0,24.8,0.0,386.0,0.0,0.0,325.1,60.8,674,,PORBANDAR,
Gujarat,Porbandar,IMD110-P673,1964,0.2,0.0,0.0,0.0,0.0,272.4,250.9,233.4,111.1,0.0,0.0,0.0,868.0,0.2,0.0,867.8,0.0,674,,PORBANDAR,
Gujarat,Porbandar,IMD110-P673,1965,3.2,0.0,0.0,0.2,0.0,0.0,243.4,103.4,0.0,4.5,19.3,0.0,374.0,3.2,0.2,346.9,23.7,674,,PORBANDAR,
Gujarat,Porbandar,IMD110-P673,1966,0.0,0.0,0.0,0.0,0.0,118.4,183.9,3.0,31.9,0.0,0.0,0.0,337.1,0.0,0.0,337.1,0.0,674,,PORBANDAR,
Gujarat,Porbandar,IMD110-P673,1967,0.0,0.0,70.8,0.0,0.0,175.6,491.3,43.6,13.4,0.0,0.0,13.3,807.8,0.0,70.8,723.8,13.3,674,,PORBANDAR,
Gujarat,Porbandar,IMD110-P673,1968,2.4,0.0,0.0,0.0,0.0,12.4,107.6,518.3,9.6,18.0,0.0,0.0,668.2,2.4,0.0,647.8,18.0,674,,PORBANDAR,
Gujarat,Porbandar,IMD110-P673,1969,0.0,0.0,0.0,0.0,0.0,22.7,442.7,26.0,0.0,0.0,10.8,0.0,502.3,0.0,0.0,491.5,10.8,674,,PORBANDAR,
Gujarat,Porbandar,IMD110-P673,1970,0.8,0.0,0.0,0.0,7.4,23.2,398.8,364.0,66.2,25.6,0.0,0.0,886.0,0.8,7.4,852.2,25.6,674,,PORBANDAR,
Gujarat,Porbandar,IMD110-P673,1971,0.0,0.0,0.0,0.0,15.3,167.8,148.5,205.9,23.8,0.0,0.0,0.0,561.2,0.0,15.3,545.9,0.0,674,,PORBANDAR,
Gujarat,Porbandar,IMD110-P673,1972,0.0,8.4,0.0,0.0,0.0,284.8,93.1,0.1,0.0,0.0,0.0,0.0,386.4,8.4,0.0,378.0,0.0,674,,PORBANDAR,
Gujarat,Porbandar,IMD110-P673,1973,0.0,0.0,0.0,0.0,0.0,24.9,503.4,43.0,26.2,0.0,0.0,0.0,597.5,0.0,0.0,597.5,0.0,674,,PORBANDAR,
Gujarat,Porbandar,IMD110-P673,1974,0.0,0.0,0.0,0.0,0.0,29.3,69.2,14.4,40.5,50.9,0.0,0.0,204.2,0.0,0.0,153.3,50.9,674,,PORBANDAR,
Gujarat,Porbandar,IMD110-P673,1975,0.0,0.0,0.0,0.0,0.4,181.6,23.1,79.8,126.1,253.1,0.0,0.0,664.1,0.0,0.4,410.5,253.1,674,,PORBANDAR,
Gujarat,Porbandar,IMD110-P673,1976,0.1,0.0,0.0,0.0,0.0,29.5,129.2,87.0,76.2,9.1,54.4,0.0,385.5,0.1,0.0,321.9,63.5,674,,PORBANDAR,
Gujarat,Porbandar,IMD110-P673,1977,0.0,0.0,0.0,0.0,0.0,86.8,127.8,104.5,426.7,3.7,1.4,0.0,750.9,0.0,0.0,745.7,5.2,674,,PORBANDAR,
Gujarat,Porbandar,IMD110-P673,1978,0.0,0.1,0.0,0.0,0.0,236.8,83.4,181.4,3.1,24.9,35.1,0.0,564.8,0.1,0.0,504.8,59.9,674,,PORBANDAR,
Gujarat,Porbandar,IMD110-P673,1979,0.0,0.4,0.0,0.0,0.0,324.5,67.3,553.0,51.6,11.1,52.9,0.0,1060.9,0.4,0.0,996.5,64.0,674,,PORBANDAR,
Gujarat,Porbandar,IMD110-P673,1980,1.6,0.2,0.0,0.0,0.0,623.9,393.2,32.7,29.3,0.0,0.0,13.6,1094.4,1.8,0.0,1079.1,13.6,674,,PORBANDAR,
Gujarat,Porbandar,IMD110-P673,1981,0.0,0.0,0.0,0.0,0.0,66.3,310.3,154.1,54.6,37.8,117.6,0.0,740.7,0.0,0.0,585.3,155.4,674,,PORBANDAR,
Gujarat,Porbandar,IMD110-P673,1982,0.0,0.0,0.0,0.0,18.7,0.0,227.9,197.1,9.1,0.0,155.4,0.0,608.3,0.0,18.7,434.1,155.4,675,,PORBANDAR,
Gujarat,Porbandar,IMD110-P673,1983,0.0,0.6,0.0,1.5,0.0,1106.8,292.8,413.1,42.7,15.1,0.0,0.0,1872.5,0.6,1.5,1855.3,15.1,675,,PORBANDAR,
Gujarat,Porbandar,IMD110-P673,1984,0.0,0.0,0.0,0.0,0.0,47.0,150.0,221.7,148.0,0.0,0.0,0.0,566.7,0.0,0.0,566.7,0.0,675,,PORBANDAR,
Gujarat,Porbandar,IMD110-P673,1985,0.0,0.0,0.0,0.1,3.3,0.9,63.2,134.4,15.6,29.8,0.0,0.0,247.3,0.0,3.4,214.1,29.8,675,,PORBANDAR,
Gujarat,Porbandar,IMD110-P673,1986,0.0,0.0,0.0,0.0,0.0,399.8,9.6,93.3,2.4,0.0,0.0,2.2,507.3,0.0,0.0,505.1,2.2,675,,PORBANDAR,
Gujarat,Porbandar,IMD110-P673,1987,0.0,0.0,0.0,0.0,0.0,18.1,12.1,5.6,0.3,0.0,1.5,2.3,39.9,0.0,0.0,36.0,3.9,675,,PORBANDAR,
Gujarat,Porbandar,IMD110-P673,1988,0.0,0.0,0.0,0.0,0.0,1.5,516.9,117.7,249.1,0.2,0.0,0.0,885.5,0.0,0.0,885.3,0.2,675,,PORBANDAR,
Gujarat,Porbandar,IMD110-P673,1989,0.0,0.0,0.0,0.0,0.0,363.3,246.5,2.1,62.6,2.3,0.0,0.0,676.8,0.0,0.0,674.5,2.3,675,,PORBANDAR,
Gujarat,Porbandar,IMD110-P673,1990,0.0,4.5,0.0,0.0,4.8,22.5,22.0,121.8,43.0,19.1,0.0,0.0,237.9,4.5,4.8,209.4,19.1,675,,PORBANDAR,
Gujarat,Porbandar,IMD110-P673,1991,0.0,0.0,0.0,0.3,0.0,0.0,222.5,73.8,10.4,0.0,0.0,0.8,307.7,0.0,0.3,306.7,0.8,675,,PORBANDAR,
Gujarat,Porbandar,IMD110-P673,1992,3.9,6.3,0.0,0.0,0.0,5.7,329.6,53.2,140.1,5.6,0.0,0.0,544.3,10.1,0.0,528.6,5.6,675,,PORBANDAR,
Gujarat,Porbandar,IMD110-P673,1993,0.0,0.0,0.0,0.0,0.0,13.8,94.2,2.1,25.5,65.1,2.5,0.0,203.0,0.0,0.0,135.5,67.5,675,,PORBANDAR,
Gujarat,Porbandar,IMD110-P673,1994,0.2,0.0,0.0,0.0,0.0,47.0,482.6,48.2,220.1,0.0,0.0,0.0,798.2,0.2,0.0,798.0,0.0,675,,PORBANDAR,
Gujarat,Porbandar,IMD110-P673,1995,0.0,0.0,0.0,0.0,0.0,0.9,457.2,68.9,17.8,13.3,0.0,0.0,558.2,0.0,0.0,544.9,13.3,675,,PORBANDAR,
Gujarat,Porbandar,IMD110-P673,1996,2.0,0.0,0.0,0.0,0.0,293.9,96.0,17.0,8.8,18.2,0.0,0.0,436.0,2.0,0.0,415.7,18.2,675,,PORBANDAR,
Gujarat,Porbandar,IMD110-P673,1997,1.2,0.0,0.0,0.0,0.0,122.9,175.4,49.9,408.3,0.1,1.0,0.0,758.7,1.2,0.0,756.4,1.1,675,,PORBANDAR,
Gujarat,Porbandar,IMD110-P673,1998,0.0,0.1,0.0,0.0,0.0,163.5,440.0,181.4,20.0,197.6,2.0,0.0,1004.6,0.1,0.0,804.9,199.6,675,,PORBANDAR,
Gujarat,Porbandar,IMD110-P673,1999,0.0,1.0,0.0,0.0,7.0,33.9,73.5,30.4,30.9,35.5,0.0,0.0,212.2,1.0,7.0,168.7,35.5,675,,PORBANDAR,
Gujarat,Porbandar,IMD110-P673,2000,0.0,0.0,0.0,0.0,3.4,2.4,264.1,150.1,4.3,13.9,0.0,0.0,438.2,0.0,3.4,420.9,13.9,675,,PORBANDAR,
Gujarat,Porbandar,IMD110-P673,2001,0.0,0.0,0.0,0.0,4.2,359.0,194.7,61.8,31.8,5.1,0.0,0.0,656.6,0.0,4.2,647.3,5.1,675,,PORBANDAR,
Gujarat,Porbandar,IMD110-P673,2002,0.0,0.0,0.0,0.0,0.0,130.8,20.9,122.2,0.0,0.0,0.5,0.0,274.4,0.0,0.0,273.9,0.5,675,,PORBANDAR,
Gujarat,Porbandar,IMD110-P673,2003,0.0,0.6,0.0,0.0,0.0,78.9,329.9,297.5,13.0,0.0,0.0,0.0,719.9,0.6,0.0,719.3,0.0,675,,PORBANDAR,
Gujarat,Porbandar,IMD110-P673,2004,0.0,0.0,0.0,0.0,33.8,164.9,60.7,302.6,15.7,12.6,0.0,0.0,590.2,0.0,33.8,543.8,12.6,675,,PORBANDAR,
Gujarat,Porbandar,IMD110-P673,2005,0.0,0.0,0.0,0.0,0.0,188.8,178.1,61.4,686.6,0.0,0.0,0.0,1115.0,0.0,0.0,1115.0,0.0,675,,PORBANDAR,
Gujarat,Porbandar,IMD110-P673,2006,0.0,0.0,0.0,0.0,0.0,49.5,483.1,258.7,136.2,0.0,0.0,0.0,927.6,0.0,0.0,927.6,0.0,675,,PORBANDAR,
Gujarat,Porbandar,IMD110-P673,2007,0.0,4.5,0.0,0.0,0.0,147.0,179.3,824.4,146.0,0.0,5.7,0.0,1307.0,4.5,0.0,1296.7,5.7,675,,PORBANDAR,
Gujarat,Porbandar,IMD110-P673,2008,0.0,0.0,0.0,0.0,0.0,89.0,255.2,60.0,221.1,0.0,1.9,0.1,627.2,0.0,0.0,625.3,1.9,675,,PORBANDAR,
Gujarat,Porbandar,IMD110-P673,2009,0.0,0.0,0.0,0.0,0.0,281.7,1036.2,138.9,8.6,0.0,0.0,0.0,1465.4,0.0,0.0,1465.4,0.0,675,,PORBANDAR,
Gujarat,Porbandar,IMD110-P673,2010,0.0,0.0,0.0,0.0,0.0,33.7,713.0,513.4,338.5,18.9,80.2,0.0,1697.7,0.0,0.0,1598.6,99.1,675,,PORBANDAR,
Gujarat,Rajkot,IMD110-P676,1901,0.0,0.0,0.0,1.0,10.9,35.4,151.4,94.5,28.0,4.9,0.0,0.5,326.5,0.0,11.9,309.3,5.3,676,,RAJKOT,
Gujarat,Rajkot,IMD110-P676,1902,0.0,0.0,0.0,0.5,0.3,7.5,57.5,203.4,255.2,10.7,0.0,8.8,544.0,0.0,0.8,523.7,19.5,676,,RAJKOT,
Gujarat,Rajkot,IMD110-P676,1903,0.0,0.0,3.4,0.0,5.6,9.9,372.9,92.3,88.6,2.4,0.0,0.0,575.1,0.0,9.0,563.7,2.4,676,,RAJKOT,
Gujarat,Rajkot,IMD110-P676,1904,0.0,13.1,32.6,0.0,0.0,27.0,208.3,2.3,26.9,3.6,0.0,0.0,313.7,13.1,32.6,264.4,3.6,676,,RAJKOT,
Gujarat,Rajkot,IMD110-P676,1905,0.0,0.4,0.2,0.0,0.0,21.2,418.1,38.1,16.7,0.8,0.0,0.0,495.5,0.4,0.2,494.1,0.8,676,,RAJKOT,
Gujarat,Rajkot,IMD110-P676,1906,0.8,15.7,0.0,0.0,0.0,111.8,303.1,194.8,64.6,44.7,0.0,0.8,736.3,16.5,0.0,674.3,45.5,676,,RAJKOT,
Gujarat,Rajkot,IMD110-P676,1907,0.0,7.8,0.0,6.0,3.2,50.3,261.4,272.3,2.1,0.0,0.0,0.0,603.0,7.8,9.2,586.1,0.0,676,,RAJKOT,
Gujarat,Rajkot,IMD110-P676,1908,8.0,0.0,0.0,0.0,0.0,54.7,300.3,209.0,16.5,0.0,0.0,0.0,588.5,8.0,0.0,580.5,0.0,676,,RAJKOT,
Gujarat,Rajkot,IMD110-P676,1909,0.0,4.7,0.0,10.3,4.3,128.8,261.1,70.6,184.0,9.5,0.0,11.1,684.3,4.7,14.6,644.4,20.6,676,,RAJKOT,
Gujarat,Rajkot,IMD110-P676,1910,0.1,0.0,0.0,0.1,0.0,289.2,210.8,302.9,55.4,0.0,0.0,0.0,858.5,0.1,0.1,858.3,0.0,676,,RAJKOT,
Gujarat,Rajkot,IMD110-P676,1911,2.8,0.0,26.3,0.0,1.1,60.5,26.2,25.8,38.3,0.2,1.5,0.0,182.7,2.8,27.4,150.9,1.7,676,,RAJKOT,
Gujarat,Rajkot,IMD110-P676,1912,0.0,0.0,0.1,2.8,1.7,153.9,444.9,253.8,50.4,18.7,2.4,0.0,928.6,0.0,4.5,903.0,21.1,676,,RAJKOT,
Gujarat,Rajkot,IMD110-P676,1913,0.0,0.0,0.0,0.0,0.1,179.5,276.9,93.5,78.2,0.7,0.0,0.0,628.9,0.0,0.1,628.1,0.7,676,,RAJKOT,
Gujarat,Rajkot,IMD110-P676,1914,0.0,5.5,0.1,0.0,7.6,207.5,193.3,50.3,328.8,10.6,13.2,0.0,816.8,5.5,7.7,779.8,23.8,676,,RAJKOT,
Gujarat,Rajkot,IMD110-P676,1915,3.4,0.0,8.5,0.2,0.3,44.2,111.5,15.0,52.6,81.0,0.0,0.0,316.7,3.4,9.0,223.3,81.0,676,,RAJKOT,
Gujarat,Rajkot,IMD110-P676,1916,0.0,0.0,0.0,0.0,0.0,42.7,178.7,171.1,160.5,60.2,0.0,0.0,613.2,0.0,0.0,553.0,60.2,676,,RAJKOT,
Gujarat,Rajkot,IMD110-P676,1917,0.0,0.1,0.0,1.1,133.8,108.0,250.1,293.8,102.1,197.4,0.0,0.1,1086.3,0.1,134.9,753.9,197.5,676,,RAJKOT,
Gujarat,Rajkot,IMD110-P676,1918,0.0,0.0,0.0,0.0,16.2,19.7,100.4,46.3,20.1,0.0,0.0,0.0,202.7,0.0,16.2,186.5,0.0,676,,RAJKOT,
Gujarat,Rajkot,IMD110-P676,1919,0.4,0.0,0.0,0.0,1.1,35.6,238.6,250.3,47.1,2.4,27.3,0.0,602.9,0.4,1.1,571.6,29.7,676,,RAJKOT,
Gujarat,Rajkot,IMD110-P676,1920,0.6,2.7,0.0,1.4,48.9,237.4,215.8,66.3,29.4,0.0,0.0,0.0,602.6,3.3,50.4,548.9,0.0,676,,RAJKOT,
Gujarat,Rajkot,IMD110-P676,1921,0.0,0.0,0.0,0.0,0.0,26.5,429.7,111.9,238.2,2.4,0.0,1.4,810.1,0.0,0.0,806.3,3.8,676,,RAJKOT,
Gujarat,Rajkot,IMD110-P676,1922,0.0,0.0,0.0,6.2,0.0,50.8,186.0,59.3,129.7,12.4,0.0,0.6,444.9,0.0,6.2,425.8,13.0,676,,RAJKOT,
Gujarat,Rajkot,IMD110-P676,1923,0.0,20.0,0.0,2.3,0.5,1.7,212.2,83.4,46.7,0.4,0.0,0.0,367.2,20.0,2.8,344.0,0.4,676,,RAJKOT,
Gujarat,Rajkot,IMD110-P676,1924,0.0,0.0,1.1,0.0,0.8,113.3,138.6,120.4,67.5,0.4,0.0,0.0,442.0,0.0,1.9,439.7,0.4,676,,RAJKOT,
Gujarat,Rajkot,IMD110-P676,1925,0.0,0.0,0.0,0.0,30.0,223.1,54.3,37.7,3.3,0.0,19.3,0.2,367.7,0.0,30.0,318.3,19.4,676,,RAJKOT,
Gujarat,Rajkot,IMD110-P676,1926,8.3,0.0,0.0,5.7,34.1,37.8,254.4,363.4,258.0,4.3,0.0,0.0,966.2,8.3,39.9,913.7,4.3,676,,RAJKOT,
Gujarat,Rajkot,IMD110-P676,1927,0.0,4.3,0.0,0.0,1.2,85.6,583.2,50.4,81.2,39.7,0.0,9.3,854.8,4.3,1.2,800.4,49.0,676,,RAJKOT,
Gujarat,Rajkot,IMD110-P676,1928,0.0,0.0,0.0,0.0,0.0,11.3,206.2,131.6,168.2,21.2,9.7,0.0,548.2,0.0,0.0,517.3,30.9,676,,RAJKOT,
Gujarat,Rajkot,IMD110-P676,1929,5.2,0.0,0.0,8.6,0.0,79.1,359.9,68.2,27.9,28.6,0.6,30.2,608.3,5.2,8.6,535.2,59.5,676,,RAJKOT,
Gujarat,Rajkot,IMD110-P676,1930,0.3,0.0,0.0,0.0,0.0,187.6,348.4,81.3,69.7,7.5,0.0,0.6,695.5,0.3,0.0,687.0,8.1,676,,RAJKOT,
Gujarat,Rajkot,IMD110-P676,1931,0.0,0.1,0.0,0.0,13.2,19.6,176.5,235.3,17.0,37.8,1.1,0.0,500.5,0.1,13.2,448.4,38.9,676,,RAJKOT,
Gujarat,Rajkot,IMD110-P676,1932,0.0,0.0,0.0,0.0,0.0,14.3,471.4,41.3,30.6,24.0,0.0,0.0,581.7,0.0,0.0,557.6,24.0,676,,RAJKOT,
Gujarat,Rajkot,IMD110-P676,1933,0.0,10.3,2.1,0.0,73.2,107.2,210.7,255.5,137.9,38.5,6.3,0.0,841.7,10.3,75.3,711.3,44.8,676,,RAJKOT,
Gujarat,Rajkot,IMD110-P676,1934,0.0,0.0,0.3,0.0,0.4,174.3,115.4,134.2,22.8,0.1,0.7,0.0,448.0,0.0,0.7,446.6,0.7,676,,RAJKOT,
Gujarat,Rajkot,IMD110-P676,1935,11.2,0.0,0.0,1.1,0.0,74.1,513.4,109.8,37.0,7.7,0.0,0.0,754.2,11.2,1.1,734.2,7.7,676,,RAJKOT,
Gujarat,Rajkot,IMD110-P676,1936,0.0,1.8,0.0,0.0,0.0,126.6,111.9,38.0,127.1,0.0,18.1,0.0,423.6,1.8,0.0,403.6,18.1,676,,RAJKOT,
Gujarat,Rajkot,IMD110-P676,1937,0.0,3.5,0.0,0.0,0.0,163.0,362.7,9.9,172.4,9.4,0.0,8.1,729.1,3.5,0.0,708.1,17.5,676,,RAJKOT,
Gujarat,Rajkot,IMD110-P676,1938,0.0,0.0,0.0,0.0,20.0,205.5,167.1,54.7,3.5,28.6,0.0,0.0,479.4,0.0,20.0,430.8,28.6,676,,RAJKOT,
Gujarat,Rajkot,IMD110-P676,1939,0.0,0.0,2.3,0.0,0.0,6.5,79.7,77.7,27.7,19.5,1.1,0.0,214.4,0.0,2.3,191.6,20.5,676,,RAJKOT,
Gujarat,Rajkot,IMD110-P676,1940,5.0,2.0,7.8,0.8,2.3,158.7,116.8,118.2,21.1,0.1,50.8,0.0,483.6,7.1,10.9,414.7,50.9,676,,RAJKOT,
Gujarat,Rajkot,IMD110-P676,1941,0.4,1.9,0.0,0.0,3.8,17.5,374.4,4.4,23.2,4.2,0.0,0.6,430.4,2.3,3.8,419.5,4.8,677,,RAJKOT,
Gujarat,Rajkot,IMD110-P676,1942,0.0,7.9,0.0,0.0,2.8,4.7,150.5,184.8,60.5,0.0,0.0,0.0,411.2,7.9,2.8,400.6,0.0,677,,RAJKOT,
Gujarat,Rajkot,IMD110-P676,1943,0.2,0.0,0.0,3.5,20.8,121.8,428.7,13.7,111.0,15.8,0.8,0.0,716.3,0.2,24.3,675.2,16.6,677,,RAJKOT,
Gujarat,Rajkot,IMD110-P676,1944,0.0,0.0,0.6,0.0,13.2,76.9,455.6,215.5,12.6,0.0,0.0,0.0,774.4,0.0,13.8,760.6,0.0,677,,RAJKOT,
Gujarat,Rajkot,IMD110-P676,1945,8.7,0.0,0.1,2.1,0.2,262.4,361.7,146.8,149.9,0.8,0.0,0.0,932.7,8.7,2.4,920.9,0.8,677,,RAJKOT,
Gujarat,Rajkot,IMD110-P676,1946,0.0,0.0,0.0,1.3,0.1,257.6,235.4,170.4,24.6,6.4,7.5,1.1,704.4,0.0,1.4,688.1,15.0,677,,RAJKOT,
Gujarat,Rajkot,IMD110-P676,1947,0.0,0.0,0.0,82.9,0.0,1.7,128.7,226.1,204.4,0.0,0.0,0.0,643.9,0.0,82.9,561.0,0.0,677,,RAJKOT,
Gujarat,Rajkot,IMD110-P676,1948,5.3,0.0,0.0,0.0,0.0,35.8,36.9,108.4,45.0,82.4,27.3,0.0,341.1,5.3,0.0,226.0,109.7,677,,RAJKOT,
Gujarat,Rajkot,IMD110-P676,1949,0.0,0.2,0.0,0.0,0.0,25.2,255.6,227.9,67.2,17.1,0.0,0.0,593.1,0.2,0.0,575.8,17.1,677,,RAJKOT,
Gujarat,Rajkot,IMD110-P676,1950,0.0,0.0,0.0,0.0,0.0,0.5,506.4,17.1,66.7,0.0,0.0,0.0,590.7,0.0,0.0,590.7,0.0,677,,RAJKOT,
Gujarat,Rajkot,IMD110-P676,1951,0.0,0.0,0.4,0.4,7.8,64.4,135.0,149.1,4.1,1.3,0.0,0.0,362.4,0.0,8.6,352.5,1.3,677,,RAJKOT,
Gujarat,Rajkot,IMD110-P676,1952,0.0,2.1,0.0,0.0,2.0,67.0,382.9,31.3,8.1,11.3,0.0,0.0,504.7,2.1,2.0,489.3,11.3,677,,RAJKOT,
Gujarat,Rajkot,IMD110-P676,1953,7.7,0.0,0.9,0.0,0.0,128.0,192.6,518.9,129.5,11.1,0.0,0.0,988.6,7.7,0.9,969.0,11.1,677,,RAJKOT,
Gujarat,Rajkot,IMD110-P676,1954,0.1,0.0,1.6,0.0,0.4,60.0,265.5,157.8,164.1,0.0,0.0,0.0,649.5,0.1,2.0,647.5,0.0,677,,RAJKOT,
Gujarat,Rajkot,IMD110-P676,1955,0.0,0.0,0.0,0.0,0.0,30.4,55.1,225.0,249.3,12.4,0.0,0.0,572.2,0.0,0.0,559.8,12.4,677,,RAJKOT,
Gujarat,Rajkot,IMD110-P676,1956,0.0,0.0,0.0,0.0,4.1,113.8,449.2,226.1,167.1,69.9,2.5,0.0,1032.6,0.0,4.1,956.2,72.3,677,,RAJKOT,
Gujarat,Rajkot,IMD110-P676,1957,1.7,0.0,0.0,0.1,3.9,97.6,224.6,130.4,12.5,8.0,51.6,0.0,530.4,1.7,4.0,465.0,59.6,677,,RAJKOT,
Gujarat,Rajkot,IMD110-P676,1958,0.3,0.0,0.0,6.6,3.4,29.3,136.4,110.8,278.1,38.7,35.4,2.8,641.7,0.3,10.0,554.6,76.9,677,,RAJKOT,
Gujarat,Rajkot,IMD110-P676,1959,0.0,0.0,0.0,1.0,0.6,63.0,781.9,102.0,184.2,235.2,0.5,0.0,1368.5,0.0,1.6,1131.1,235.7,677,,RAJKOT,
Gujarat,Rajkot,IMD110-P676,1960,0.0,0.0,0.4,0.0,3.3,178.7,129.2,45.5,57.3,2.4,0.0,0.0,416.9,0.0,3.7,410.8,2.4,677,,RAJKOT,
Gujarat,Rajkot,IMD110-P676,1961,0.0,1.2,0.0,0.0,9.3,148.8,293.1,114.3,127.0,4.0,0.0,0.0,697.5,1.2,9.3,683.1,4.0,677,,RAJKOT,
Gujarat,Rajkot,IMD110-P676,1962,0.0,0.0,1.0,0.0,7.8,19.8,114.5,104.5,65.3,0.0,27.2,0.0,340.2,0.0,8.8,304.1,27.2,677,,RAJKOT,
Gujarat,Rajkot,IMD110-P676,1963,0.0,0.0,2.0,0.0,0.2,23.0,158.9,178.2,39.3,37.5,46.6,0.0,485.7,0.0,2.2,399.3,84.2,677,,RAJKOT,
Gujarat,Rajkot,IMD110-P676,1964,0.0,0.0,0.0,0.0,4.2,99.8,209.5,249.5,127.4,0.0,0.0,0.0,690.3,0.0,4.2,686.1,0.0,677,,RAJKOT,
Gujarat,Rajkot,IMD110-P676,1965,1.4,0.0,0.0,0.0,0.5,4.3,296.4,169.9,27.5,0.0,3.5,0.0,503.6,1.4,0.6,498.2,3.5,677,,RAJKOT,
Gujarat,Rajkot,IMD110-P676,1966,0.0,0.0,0.0,0.0,0.0,96.4,177.7,5.9,90.1,0.0,1.0,0.0,371.3,0.0,0.0,370.2,1.0,677,,RAJKOT,
Gujarat,Rajkot,IMD110-P676,1967,0.0,0.0,44.3,0.1,1.8,150.7,379.2,37.6,42.3,1.1,0.0,22.4,679.5,0.0,46.1,609.8,23.5,677,,RAJKOT,
Gujarat,Rajkot,IMD110-P676,1968,0.2,0.1,6.5,0.0,0.0,28.5,212.4,207.2,55.7,8.0,0.0,0.0,518.4,0.3,6.5,503.7,8.0,677,,RAJKOT,
Gujarat,Rajkot,IMD110-P676,1969,0.0,0.0,0.0,0.0,0.0,54.1,263.0,64.7,17.9,0.0,7.2,0.0,406.9,0.0,0.0,399.7,7.2,677,,RAJKOT,
Gujarat,Rajkot,IMD110-P676,1970,0.0,0.0,0.0,0.0,6.4,60.7,187.2,402.2,184.3,35.0,0.0,0.0,875.9,0.0,6.4,834.5,35.0,677,,RAJKOT,
Gujarat,Rajkot,IMD110-P676,1971,0.0,0.0,0.0,0.2,2.7,131.1,250.8,171.9,47.9,3.9,0.0,0.0,608.5,0.0,2.9,601.8,3.9,677,,RAJKOT,
Gujarat,Rajkot,IMD110-P676,1972,0.0,3.4,0.0,0.0,0.5,115.4,142.7,27.5,0.0,1.5,0.0,0.0,290.9,3.4,0.5,285.5,1.5,677,,RAJKOT,
Gujarat,Rajkot,IMD110-P676,1973,0.0,0.0,0.0,0.0,0.1,56.0,134.7,81.6,39.6,6.1,0.0,0.0,318.0,0.0,0.1,311.8,6.1,677,,RAJKOT,
Gujarat,Rajkot,IMD110-P676,1974,0.0,0.0,0.0,0.1,11.3,26.6,42.8,25.5,68.0,24.6,0.0,0.0,198.8,0.0,11.4,162.8,24.6,677,,RAJKOT,
Gujarat,Rajkot,IMD110-P676,1975,0.0,0.0,0.0,0.0,0.0,98.4,125.6,169.4,152.0,160.4,0.0,0.0,705.7,0.0,0.0,545.3,160.4,677,,RAJKOT,
Gujarat,Rajkot,IMD110-P676,1976,0.0,0.0,0.0,0.0,0.0,125.4,278.8,176.6,63.9,2.1,22.4,0.2,669.3,0.0,0.0,644.7,24.7,677,,RAJKOT,
Gujarat,Rajkot,IMD110-P676,1977,0.0,0.0,0.0,0.0,3.9,199.2,236.0,126.4,61.3,3.0,11.9,0.0,641.8,0.0,3.9,622.9,14.9,677,,RAJKOT,
Gujarat,Rajkot,IMD110-P676,1978,0.0,0.0,0.0,4.3,0.0,150.1,137.6,171.9,7.6,29.8,6.8,0.0,508.1,0.0,4.3,467.3,36.5,677,,RAJKOT,
Gujarat,Rajkot,IMD110-P676,1979,0.0,0.4,0.0,0.0,0.0,170.3,68.8,579.6,82.9,12.8,87.7,0.0,1002.4,0.4,0.0,901.5,100.5,677,,RAJKOT,
Gujarat,Rajkot,IMD110-P676,1980,1.7,0.0,0.0,0.0,0.0,365.2,297.3,62.9,24.5,0.8,0.7,2.7,755.9,1.7,0.0,750.1,4.2,677,,RAJKOT,
Gujarat,Rajkot,IMD110-P676,1981,0.0,0.0,0.1,0.0,0.0,47.1,262.0,218.4,103.5,31.8,31.5,0.0,694.3,0.0,0.1,630.9,63.3,677,,RAJKOT,
Gujarat,Rajkot,IMD110-P676,1982,0.0,0.0,0.0,0.0,25.8,15.7,141.8,132.1,19.0,0.2,89.3,0.0,424.0,0.0,25.8,308.6,89.6,678,,RAJKOT,
Gujarat,Rajkot,IMD110-P676,1983,0.0,0.1,0.0,0.4,0.0,291.0,307.0,198.9,123.5,23.8,0.0,0.0,944.6,0.1,0.4,920.4,23.8,678,,RAJKOT,
Gujarat,Rajkot,IMD110-P676,1984,0.0,0.0,0.0,0.0,0.0,60.2,108.9,152.1,171.8,0.0,0.0,0.0,492.9,0.0,0.0,492.9,0.0,678,,RAJKOT,
Gujarat,Rajkot,IMD110-P676,1985,0.0,0.0,0.0,0.0,0.1,0.7,117.0,82.9,34.9,15.6,0.0,0.0,251.3,0.0,0.1,235.6,15.6,678,,RAJKOT,
Gujarat,Rajkot,IMD110-P676,1986,0.0,0.0,0.0,0.0,0.0,165.5,24.1,121.2,5.4,0.0,0.0,0.0,316.3,0.0,0.0,316.3,0.0,678,,RAJKOT,
Gujarat,Rajkot,IMD110-P676,1987,0.0,0.0,0.0,0.0,0.0,37.9,28.8,45.3,0.4,0.1,7.0,0.3,119.8,0.0,0.0,112.4,7.4,678,,RAJKOT,
Gujarat,Rajkot,IMD110-P676,1988,0.0,0.0,0.0,0.2,0.0,35.7,590.5,154.0,171.5,0.3,0.0,0.0,952.2,0.0,0.2,951.8,0.3,678,,RAJKOT,
Gujarat,Rajkot,IMD110-P676,1989,3.4,0.0,0.0,0.0,0.0,84.5,286.1,54.0,69.5,2.3,0.0,0.0,499.8,3.4,0.0,494.2,2.3,678,,RAJKOT,
Gujarat,Rajkot,IMD110-P676,1990,0.0,1.7,0.0,0.0,7.4,24.5,30.7,264.4,89.1,24.8,0.0,6.3,448.8,1.7,7.4,408.7,31.1,678,,RAJKOT,
Gujarat,Rajkot,IMD110-P676,1991,0.0,0.0,0.0,0.0,0.0,21.3,247.5,57.2,5.3,0.0,0.0,0.0,331.3,0.0,0.0,331.3,0.0,678,,RAJKOT,
Gujarat,Rajkot,IMD110-P676,1992,0.0,0.0,0.0,0.0,0.0,32.7,322.7,139.0,116.0,17.5,0.0,0.0,627.9,0.0,0.0,610.5,17.5,678,,RAJKOT,
Gujarat,Rajkot,IMD110-P676,1993,0.1,0.0,0.0,0.6,0.0,66.8,159.9,4.8,91.2,45.0,9.0,9.4,387.0,0.1,0.6,322.7,63.5,678,,RAJKOT,
Gujarat,Rajkot,IMD110-P676,1994,0.1,0.0,0.0,0.0,0.0,113.6,535.3,93.9,132.4,0.0,0.0,0.0,875.4,0.1,0.0,875.3,0.0,678,,RAJKOT,
Gujarat,Rajkot,IMD110-P676,1995,0.0,0.0,0.0,0.0,0.1,13.5,306.4,66.1,31.0,27.3,0.0,0.0,444.4,0.0,0.1,417.0,27.3,678,,RAJKOT,
Gujarat,Rajkot,IMD110-P676,1996,0.1,0.0,0.0,1.8,0.0,250.3,208.3,30.5,8.0,23.8,0.0,0.0,522.7,0.1,1.8,497.0,23.8,678,,RAJKOT,
Gujarat,Rajkot,IMD110-P676,1997,0.6,0.0,0.0,0.5,15.9,204.2,153.2,87.9,220.5,1.2,0.0,0.0,684.0,0.6,16.4,665.8,1.2,678,,RAJKOT,
Gujarat,Rajkot,IMD110-P676,1998,0.0,0.0,0.0,0.0,0.0,137.9,97.1,116.4,86.4,112.1,1.4,0.0,551.4,0.0,0.0,437.9,113.5,678,,RAJKOT,
Gujarat,Rajkot,IMD110-P676,1999,0.0,22.8,0.0,0.0,0.0,83.5,38.5,17.9,24.4,141.9,0.0,0.0,329.0,22.8,0.0,164.3,141.9,678,,RAJKOT,
Gujarat,Rajkot,IMD110-P676,2000,0.0,0.0,0.0,0.0,1.5,14.9,290.7,74.1,12.3,9.6,0.0,0.0,403.1,0.0,1.5,392.0,9.6,678,,RAJKOT,
Gujarat,Rajkot,IMD110-P676,2001,0.0,0.0,0.0,0.3,0.1,73.8,243.5,156.6,38.4,5.1,0.0,0.0,517.8,0.0,0.4,512.3,5.1,678,,RAJKOT,
Gujarat,Rajkot,IMD110-P676,2002,0.0,0.0,0.1,0.0,0.0,199.0,7.9,111.2,29.1,0.1,0.2,0.1,347.7,0.0,0.1,347.2,0.5,678,,RAJKOT,
Gujarat,Rajkot,IMD110-P676,2003,0.0,0.1,0.0,0.3,0.0,119.7,351.6,250.3,27.3,2.5,0.0,0.0,751.8,0.1,0.3,748.9,2.5,678,,RAJKOT,
Gujarat,Rajkot,IMD110-P676,2004,0.0,0.0,0.0,0.0,74.8,98.2,136.3,274.0,43.4,29.5,0.0,0.0,656.1,0.0,74.8,551.8,29.5,678,,RAJKOT,
Gujarat,Rajkot,IMD110-P676,2005,0.0,0.0,0.0,0.0,1.2,294.2,103.2,105.7,254.2,17.6,0.0,0.0,776.0,0.0,1.2,757.2,17.6,678,,RAJKOT,
Gujarat,Rajkot,IMD110-P676,2006,0.0,0.0,0.1,0.0,0.0,89.4,497.1,154.9,126.5,0.0,0.0,0.0,867.9,0.0,0.1,867.8,0.0,678,,RAJKOT,
Gujarat,Rajkot,IMD110-P676,2007,0.0,0.1,0.0,0.0,0.0,142.0,264.0,478.2,200.8,0.7,2.9,0.0,1088.7,0.1,0.0,1084.9,3.6,678,,RAJKOT,
Gujarat,Rajkot,IMD110-P676,2008,0.0,0.2,0.0,0.0,0.0,100.3,157.9,171.5,373.7,9.7,0.1,0.1,813.2,0.2,0.0,803.2,9.8,678,,RAJKOT,
Gujarat,Rajkot,IMD110-P676,2009,0.0,0.0,0.0,0.0,0.0,33.8,414.5,91.6,4.9,0.3,1.8,0.0,547.0,0.0,0.0,544.8,2.1,678,,RAJKOT,
Gujarat,Rajkot,IMD110-P676,2010,0.0,0.0,0.0,0.0,0.0,94.3,398.2,507.2,209.7,19.6,76.4,0.0,1305.4,0.0,0.0,1209.4,96.0,678,,RAJKOT,
Gujarat,Sabarkantha,IMD110-P679,1901,0.3,0.0,3.2,0.0,8.4,57.5,229.8,105.7,2.5,3.4,0.0,0.0,410.9,0.3,11.6,395.6,3.4,679,,SABARKANTHA,
Gujarat,Sabarkantha,IMD110-P679,1902,0.0,0.0,0.0,1.2,2.7,15.3,202.5,308.9,244.0,0.0,0.0,2.0,776.7,0.0,3.9,770.7,2.0,679,,SABARKANTHA,
Gujarat,Sabarkantha,IMD110-P679,1903,0.0,0.0,0.0,0.0,7.9,6.8,453.6,194.2,91.2,2.4,0.0,0.0,756.1,0.0,7.9,745.9,2.4,679,,SABARKANTHA,
Gujarat,Sabarkantha,IMD110-P679,1904,0.6,12.9,20.5,0.0,6.2,39.6,190.7,53.6,49.4,1.7,0.0,0.0,375.3,13.5,26.7,333.3,1.7,679,,SABARKANTHA,
Gujarat,Sabarkantha,IMD110-P679,1905,0.0,0.2,5.8,0.0,0.0,36.5,568.2,4.3,101.9,0.0,0.0,0.6,717.5,0.2,5.8,711.0,0.6,679,,SABARKANTHA,
Gujarat,Sabarkantha,IMD110-P679,1906,0.0,22.5,0.0,0.0,0.0,149.6,435.6,226.8,183.8,1.1,0.0,0.1,1019.6,22.5,0.0,995.9,1.2,679,,SABARKANTHA,
Gujarat,Sabarkantha,IMD110-P679,1907,0.0,20.0,1.3,0.1,0.0,38.2,238.3,759.6,6.8,0.0,0.0,0.0,1064.3,20.0,1.4,1042.9,0.0,679,,SABARKANTHA,
Gujarat,Sabarkantha,IMD110-P679,1908,4.8,0.0,0.0,0.0,0.0,96.6,642.9,467.3,0.3,0.0,0.0,0.0,1211.9,4.8,0.0,1207.2,0.0,679,,SABARKANTHA,
Gujarat,Sabarkantha,IMD110-P679,1909,0.0,0.0,0.0,4.6,0.0,117.3,340.8,290.8,130.2,0.0,0.0,0.9,884.6,0.0,4.6,879.0,0.9,679,,SABARKANTHA,
Gujarat,Sabarkantha,IMD110-P679,1910,2.2,0.0,0.0,0.4,0.3,219.4,274.6,320.3,23.0,24.3,0.0,0.0,864.6,2.2,0.7,837.3,24.3,679,,SABARKANTHA,
Gujarat,Sabarkantha,IMD110-P679,1911,1.1,0.0,19.6,0.1,0.0,120.0,37.2,58.8,34.1,0.0,2.2,0.0,273.0,1.1,19.6,250.1,2.2,679,,SABARKANTHA,
Gujarat,Sabarkantha,IMD110-P679,1912,1.4,0.0,0.0,1.0,0.7,45.8,403.4,286.6,45.6,8.0,5.0,0.0,797.4,1.4,1.8,781.4,13.0,679,,SABARKANTHA,
Gujarat,Sabarkantha,IMD110-P679,1913,0.0,0.0,0.0,0.0,36.8,165.4,512.0,186.9,106.0,0.4,0.4,0.0,1007.9,0.0,36.8,970.3,0.8,679,,SABARKANTHA,
Gujarat,Sabarkantha,IMD110-P679,1914,0.0,0.6,0.0,0.0,7.9,153.0,522.8,163.4,173.7,7.7,2.0,0.0,1031.1,0.6,7.9,1012.9,9.7,679,,SABARKANTHA,
Gujarat,Sabarkantha,IMD110-P679,1915,11.8,4.1,13.2,0.0,5.1,58.5,125.4,80.3,14.9,123.9,0.0,0.0,437.2,15.9,18.3,279.1,123.9,679,,SABARKANTHA,
Gujarat,Sabarkantha,IMD110-P679,1916,0.0,0.0,0.0,0.0,4.7,150.0,94.4,384.2,107.4,5.8,0.0,0.0,746.5,0.0,4.7,736.0,5.8,679,,SABARKANTHA,
Gujarat,Sabarkantha,IMD110-P679,1917,0.0,5.3,0.0,7.7,153.4,111.1,205.6,339.4,356.6,143.0,0.0,0.0,1322.0,5.3,161.1,1012.6,143.0,679,,SABARKANTHA,
Gujarat,Sabarkantha,IMD110-P679,1918,0.0,0.0,0.0,0.0,2.4,52.2,24.1,198.7,5.8,0.0,0.3,0.0,283.5,0.0,2.4,280.8,0.3,679,,SABARKANTHA,
Gujarat,Sabarkantha,IMD110-P679,1919,4.4,0.0,0.0,0.2,5.9,67.3,201.3,651.7,56.9,1.0,33.2,0.2,1022.1,4.4,6.1,977.2,34.4,679,,SABARKANTHA,
Gujarat,Sabarkantha,IMD110-P679,1920,0.0,0.2,0.0,0.0,88.5,249.6,390.5,60.4,4.0,0.0,0.0,0.0,793.2,0.2,88.5,704.4,0.0,679,,SABARKANTHA,
Gujarat,Sabarkantha,IMD110-P679,1921,0.0,0.0,0.0,0.0,0.0,11.3,394.1,255.2,361.0,0.0,0.0,0.0,1021.6,0.0,0.0,1021.6,0.0,679,,SABARKANTHA,
Gujarat,Sabarkantha,IMD110-P679,1922,0.0,0.0,0.0,0.0,0.0,65.0,344.6,152.8,177.5,0.0,3.6,0.0,743.7,0.0,0.0,740.1,3.6,679,,SABARKANTHA,
Gujarat,Sabarkantha,IMD110-P679,1923,0.0,0.3,0.0,0.6,2.6,6.3,167.6,119.9,47.5,0.6,0.0,0.0,345.5,0.3,3.3,341.3,0.6,679,,SABARKANTHA,
Gujarat,Sabarkantha,IMD110-P679,1924,1.4,0.0,0.0,0.1,12.9,51.7,350.1,194.9,245.0,1.3,0.0,3.2,860.6,1.4,13.0,841.7,4.5,679,,SABARKANTHA,
Gujarat,Sabarkantha,IMD110-P679,1925,0.0,0.0,0.0,0.0,4.6,170.7,212.2,71.7,0.6,0.0,20.2,0.0,480.0,0.0,4.6,455.2,20.2,679,,SABARKANTHA,
Gujarat,Sabarkantha,IMD110-P679,1926,1.6,0.0,0.1,7.1,4.0,9.4,329.9,334.3,349.0,0.0,0.0,0.0,1035.6,1.6,11.2,1022.7,0.0,679,,SABARKANTHA,
Gujarat,Sabarkantha,IMD110-P679,1927,0.0,4.1,0.0,0.0,7.2,35.9,855.1,278.5,28.0,7.6,9.3,14.6,1240.4,4.1,7.2,1197.5,31.6,679,,SABARKANTHA,
Gujarat,Sabarkantha,IMD110-P679,1928,0.0,0.0,0.0,0.0,0.0,29.8,396.8,224.7,123.1,11.3,27.3,0.0,812.9,0.0,0.0,774.3,38.6,679,,SABARKANTHA,
Gujarat,Sabarkantha,IMD110-P679,1929,1.6,0.0,0.0,5.4,1.8,120.1,302.8,181.0,1.9,0.2,0.0,3.7,618.3,1.6,7.1,605.7,3.9,679,,SABARKANTHA,
Gujarat,Sabarkantha,IMD110-P679,1930,0.9,0.0,0.0,0.0,0.9,55.5,402.7,201.5,49.8,7.4,0.0,0.0,718.8,0.9,0.9,709.5,7.4,679,,SABARKANTHA,
Gujarat,Sabarkantha,IMD110-P679,1931,0.0,0.0,0.0,0.0,0.0,4.3,191.4,649.6,137.8,51.8,1.3,0.4,1036.7,0.0,0.0,983.2,53.5,679,,SABARKANTHA,
Gujarat,Sabarkantha,IMD110-P679,1932,0.0,0.0,0.0,0.0,0.0,86.8,388.2,111.8,70.0,18.1,1.8,0.0,676.8,0.0,0.0,656.8,19.9,679,,SABARKANTHA,
Gujarat,Sabarkantha,IMD110-P679,1933,0.0,1.8,0.1,7.1,34.3,106.1,225.1,616.0,205.7,1.3,1.4,0.7,1199.7,1.8,41.5,1153.0,3.4,679,,SABARKANTHA,
Gujarat,Sabarkantha,IMD110-P679,1934,0.0,0.0,1.4,0.0,0.0,178.3,235.8,436.8,94.1,0.4,0.0,0.0,946.9,0.0,1.4,945.1,0.4,679,,SABARKANTHA,
Gujarat,Sabarkantha,IMD110-P679,1935,12.4,0.0,0.0,1.3,0.3,21.5,316.6,60.0,195.7,9.6,0.0,0.0,617.3,12.4,1.6,593.7,9.6,679,,SABARKANTHA,
Gujarat,Sabarkantha,IMD110-P679,1936,0.1,4.7,0.6,0.0,0.0,98.2,155.3,29.8,144.0,2.0,24.1,0.0,458.9,4.8,0.6,427.3,26.2,679,,SABARKANTHA,
Gujarat,Sabarkantha,IMD110-P679,1937,0.0,5.8,0.0,0.1,0.0,253.2,757.2,6.8,329.4,1.3,0.0,0.0,1353.8,5.8,0.1,1346.6,1.3,679,,SABARKANTHA,
Gujarat,Sabarkantha,IMD110-P679,1938,0.2,0.0,0.0,0.0,38.2,160.9,222.0,124.8,14.3,3.0,0.0,0.0,563.3,0.2,38.2,521.9,3.0,679,,SABARKANTHA,
Gujarat,Sabarkantha,IMD110-P679,1939,0.0,3.2,7.7,0.0,0.0,20.7,114.8,182.6,144.4,0.0,0.0,0.0,473.5,3.2,7.7,462.6,0.0,679,,SABARKANTHA,
Gujarat,Sabarkantha,IMD110-P679,1940,15.4,0.7,7.7,0.8,0.0,118.8,160.4,221.0,20.3,3.2,9.1,0.0,557.2,16.1,8.4,520.5,12.3,679,,SABARKANTHA,
Gujarat,Sabarkantha,IMD110-P679,1941,2.4,14.5,0.3,0.0,0.0,10.9,581.7,359.7,43.6,0.0,0.0,0.0,1013.1,16.9,0.3,995.9,0.0,680,,SABARKANTHA,
Gujarat,Sabarkantha,IMD110-P679,1942,2.5,15.4,0.0,0.0,3.4,94.9,366.9,439.4,124.8,0.0,0.0,0.0,1047.3,18.0,3.4,1026.0,0.0,680,,SABARKANTHA,
Gujarat,Sabarkantha,IMD110-P679,1943,0.2,0.0,0.0,0.3,3.0,128.5,545.3,86.8,135.0,1.6,0.8,0.0,901.4,0.2,3.3,895.5,2.4,680,,SABARKANTHA,
Gujarat,Sabarkantha,IMD110-P679,1944,10.0,0.0,14.4,15.0,0.5,160.9,624.4,605.3,46.1,2.8,0.0,0.0,1479.5,10.0,30.0,1436.8,2.8,680,,SABARKANTHA,
Gujarat,Sabarkantha,IMD110-P679,1945,7.7,0.0,0.0,2.5,3.4,183.0,368.8,161.9,133.2,0.0,0.0,0.0,860.4,7.7,5.8,846.8,0.0,680,,SABARKANTHA,
Gujarat,Sabarkantha,IMD110-P679,1946,0.0,1.0,0.0,0.0,0.6,145.8,199.0,315.8,59.4,0.1,19.5,7.8,749.0,1.0,0.6,719.9,27.4,680,,SABARKANTHA,
Gujarat,Sabarkantha,IMD110-P679,1947,0.0,0.0,0.0,6.6,0.0,4.9,128.7,355.7,195.9,8.8,6.9,0.0,707.4,0.0,6.6,685.1,15.7,680,,SABARKANTHA,
Gujarat,Sabarkantha,IMD110-P679,1948,40.9,0.5,0.0,0.0,0.0,12.0,131.5,148.2,23.1,23.1,46.1,0.0,425.5,41.4,0.0,314.8,69.3,680,,SABARKANTHA,
Gujarat,Sabarkantha,IMD110-P679,1949,0.0,0.0,0.0,0.0,0.4,23.5,229.1,250.5,129.9,16.5,5.2,0.0,655.0,0.0,0.4,632.9,21.7,680,,SABARKANTHA,
Gujarat,Sabarkantha,IMD110-P679,1950,0.0,0.0,0.0,0.0,0.0,2.1,748.2,93.4,475.7,0.0,0.0,0.0,1319.5,0.0,0.0,1319.5,0.0,680,,SABARKANTHA,
Gujarat,Sabarkantha,IMD110-P679,1951,0.0,0.0,0.1,0.0,0.0,48.1,189.9,214.3,1.5,0.9,11.2,0.0,465.9,0.0,0.1,453.7,12.1,680,,SABARKANTHA,
Gujarat,Sabarkantha,IMD110-P679,1952,0.0,0.0,0.0,0.0,0.3,94.6,482.5,206.4,7.5,0.8,0.0,0.0,792.2,0.0,0.3,791.0,0.8,680,,SABARKANTHA,
Gujarat,Sabarkantha,IMD110-P679,1953,27.9,0.0,0.0,0.0,0.7,81.3,224.2,669.2,76.7,0.6,0.0,0.0,1080.6,27.9,0.7,1051.3,0.6,680,,SABARKANTHA,
Gujarat,Sabarkantha,IMD110-P679,1954,0.0,1.4,13.3,0.0,0.0,86.2,316.0,174.7,444.3,8.4,0.0,0.0,1044.3,1.4,13.3,1021.2,8.4,680,,SABARKANTHA,
Gujarat,Sabarkantha,IMD110-P679,1955,0.0,0.7,0.0,0.0,2.3,57.2,48.8,396.3,409.9,8.9,1.4,0.0,925.4,0.7,2.3,912.2,10.3,680,,SABARKANTHA,
Gujarat,Sabarkantha,IMD110-P679,1956,0.0,0.1,0.0,0.0,8.9,107.5,609.9,236.2,141.1,149.7,0.0,0.4,1253.8,0.1,8.9,1094.7,150.1,680,,SABARKANTHA,
Gujarat,Sabarkantha,IMD110-P679,1957,6.9,0.0,0.8,0.4,0.2,142.4,212.4,150.8,3.3,3.0,2.7,0.6,523.4,6.9,1.4,508.8,6.2,680,,SABARKANTHA,
Gujarat,Sabarkantha,IMD110-P679,1958,1.9,0.0,0.1,0.0,1.0,46.0,353.6,147.0,275.4,54.5,0.2,0.0,879.8,1.9,1.2,822.1,54.6,680,,SABARKANTHA,
Gujarat,Sabarkantha,IMD110-P679,1959,0.0,0.0,0.0,11.8,0.2,49.5,554.9,275.1,369.8,76.7,2.5,0.0,1340.6,0.0,12.0,1249.4,79.2,680,,SABARKANTHA,
Gujarat,Sabarkantha,IMD110-P679,1960,2.7,0.0,0.5,0.2,3.7,84.1,260.8,190.4,14.7,0.0,0.0,0.3,557.4,2.7,4.4,550.0,0.3,680,,SABARKANTHA,
Gujarat,Sabarkantha,IMD110-P679,1961,0.0,0.3,0.0,0.0,1.8,63.9,243.2,150.0,379.9,7.6,0.0,0.1,846.7,0.3,1.8,836.9,7.7,680,,SABARKANTHA,
Gujarat,Sabarkantha,IMD110-P679,1962,0.0,0.0,1.5,0.0,2.0,14.1,334.8,189.9,224.6,0.0,1.4,0.0,768.4,0.0,3.5,763.4,1.4,680,,SABARKANTHA,
Gujarat,Sabarkantha,IMD110-P679,1963,0.0,0.0,0.0,0.6,0.0,77.1,216.6,324.8,298.2,23.4,32.0,0.0,972.7,0.0,0.6,916.6,55.4,680,,SABARKANTHA,
Gujarat,Sabarkantha,IMD110-P679,1964,0.0,0.0,0.0,0.0,11.7,29.5,251.8,242.5,54.4,0.0,0.0,0.0,589.9,0.0,11.7,578.2,0.0,680,,SABARKANTHA,
Gujarat,Sabarkantha,IMD110-P679,1965,10.3,0.0,0.8,0.3,0.0,3.0,313.5,123.2,22.0,0.0,0.0,0.0,473.1,10.3,1.1,461.7,0.0,680,,SABARKANTHA,
Gujarat,Sabarkantha,IMD110-P679,1966,0.4,0.0,0.0,0.0,4.2,113.3,182.2,41.5,168.2,0.0,0.2,0.0,510.0,0.4,4.2,505.2,0.2,680,,SABARKANTHA,
Gujarat,Sabarkantha,IMD110-P679,1967,0.0,0.0,68.4,0.0,0.2,111.9,317.8,172.3,131.4,0.0,0.0,36.8,838.7,0.0,68.6,733.4,36.8,680,,SABARKANTHA,
Gujarat,Sabarkantha,IMD110-P679,1968,0.0,0.1,5.5,0.0,1.2,1.0,307.8,260.1,2.7,0.0,0.0,0.0,578.4,0.1,6.8,571.6,0.0,680,,SABARKANTHA,
Gujarat,Sabarkantha,IMD110-P679,1969,0.0,0.0,0.0,0.0,0.0,59.7,204.4,147.9,51.9,0.0,6.3,0.0,470.3,0.0,0.0,464.0,6.3,680,,SABARKANTHA,
Gujarat,Sabarkantha,IMD110-P679,1970,0.0,1.6,0.0,0.1,12.9,173.4,250.4,448.8,208.6,1.8,0.0,0.0,1097.7,1.6,13.0,1081.3,1.8,680,,SABARKANTHA,
Gujarat,Sabarkantha,IMD110-P679,1971,0.0,0.0,0.0,0.3,1.4,192.2,242.2,142.3,48.8,5.0,0.0,0.0,632.2,0.0,1.7,625.5,5.0,680,,SABARKANTHA,
Gujarat,Sabarkantha,IMD110-P679,1972,1.3,6.4,0.0,0.0,0.7,47.6,179.4,240.7,19.1,0.0,0.0,0.0,495.2,7.7,0.7,486.8,0.0,680,,SABARKANTHA,
Gujarat,Sabarkantha,IMD110-P679,1973,0.8,0.0,0.0,0.0,2.1,117.9,276.9,584.6,501.1,4.4,0.0,0.3,1488.2,0.8,2.1,1480.6,4.7,680,,SABARKANTHA,
Gujarat,Sabarkantha,IMD110-P679,1974,0.0,0.0,0.0,0.0,41.9,11.0,74.6,125.5,24.7,22.1,0.0,0.0,299.8,0.0,41.9,235.8,22.1,680,,SABARKANTHA,
Gujarat,Sabarkantha,IMD110-P679,1975,0.0,0.0,0.0,0.0,0.4,122.4,198.1,365.4,398.0,47.9,0.0,0.0,1132.3,0.0,0.4,1084.0,47.9,680,,SABARKANTHA,
Gujarat,Sabarkantha,IMD110-P679,1976,16.4,0.1,0.0,0.0,0.5,97.9,417.7,415.5,104.2,0.5,95.1,0.0,1147.9,16.5,0.5,1035.3,95.6,680,,SABARKANTHA,
Gujarat,Sabarkantha,IMD110-P679,1977,5.0,0.0,0.0,0.0,40.9,255.9,541.2,242.1,133.4,0.0,1.7,0.0,1220.3,5.0,40.9,1172.6,1.7,680,,SABARKANTHA,
Gujarat,Sabarkantha,IMD110-P679,1978,0.0,4.6,0.0,3.8,0.0,84.3,359.4,381.4,44.8,3.0,17.3,0.4,899.1,4.6,3.8,869.9,20.8,680,,SABARKANTHA,
Gujarat,Sabarkantha,IMD110-P679,1979,0.0,0.6,0.0,0.0,0.7,70.4,158.6,357.4,12.0,10.5,80.3,1.5,692.0,0.6,0.7,598.4,92.3,680,,SABARKANTHA,
Gujarat,Sabarkantha,IMD110-P679,1980,0.0,0.0,0.0,0.0,0.0,337.5,213.8,188.1,8.8,0.0,0.0,27.2,775.4,0.0,0.0,748.2,27.2,680,,SABARKANTHA,
Gujarat,Sabarkantha,IMD110-P679,1981,0.0,0.0,0.0,0.0,0.3,50.8,327.1,399.8,77.5,28.3,35.3,0.0,919.2,0.0,0.3,855.3,63.6,680,,SABARKANTHA,
Gujarat,Sabarkantha,IMD110-P679,1982,0.3,0.0,0.0,11.6,30.4,11.6,260.4,213.7,11.5,4.9,72.7,0.0,617.1,0.3,42.1,497.1,77.6,681,,SABARKANTHA,
Gujarat,Sabarkantha,IMD110-P679,1983,0.0,0.0,0.0,5.3,0.0,88.6,341.8,321.2,118.2,87.5,0.0,0.0,962.7,0.0,5.3,869.9,87.5,681,,SABARKANTHA,
Gujarat,Sabarkantha,IMD110-P679,1984,0.0,0.0,0.0,0.0,0.0,33.9,224.2,571.1,66.8,0.0,0.0,0.0,896.0,0.0,0.0,896.0,0.0,681,,SABARKANTHA,
Gujarat,Sabarkantha,IMD110-P679,1985,0.0,0.0,0.0,0.0,0.0,3.6,193.0,116.8,8.1,162.6,0.0,0.0,484.1,0.0,0.0,321.5,162.6,681,,SABARKANTHA,
Gujarat,Sabarkantha,IMD110-P679,1986,0.0,0.0,0.0,0.0,0.0,106.9,164.5,142.0,3.8,0.6,0.0,0.0,417.8,0.0,0.0,417.2,0.6,681,,SABARKANTHA,
Gujarat,Sabarkantha,IMD110-P679,1987,7.3,0.0,0.0,0.0,0.0,47.4,30.4,246.3,1.0,0.0,0.0,17.4,349.8,7.3,0.0,325.0,17.4,681,,SABARKANTHA,
Gujarat,Sabarkantha,IMD110-P679,1988,0.0,0.0,0.2,19.0,0.0,25.4,429.1,411.9,51.2,3.8,0.0,0.0,940.6,0.0,19.1,917.6,3.8,681,,SABARKANTHA,
Gujarat,Sabarkantha,IMD110-P679,1989,0.1,0.0,0.0,0.0,0.0,58.2,228.1,315.1,69.3,0.0,0.0,0.0,670.9,0.1,0.0,670.8,0.0,681,,SABARKANTHA,
Gujarat,Sabarkantha,IMD110-P679,1990,0.0,10.5,0.6,0.0,16.5,65.9,294.5,454.4,225.0,13.8,0.0,5.4,1086.6,10.5,17.1,1039.8,19.2,681,,SABARKANTHA,
Gujarat,Sabarkantha,IMD110-P679,1991,0.0,0.0,0.0,0.0,0.0,29.0,572.5,119.5,41.9,0.0,1.3,0.0,764.2,0.0,0.0,762.9,1.3,681,,SABARKANTHA,
Gujarat,Sabarkantha,IMD110-P679,1992,0.0,0.0,0.0,0.0,8.3,26.0,251.4,168.4,240.8,1.9,8.5,0.0,705.3,0.0,8.3,686.5,10.4,681,,SABARKANTHA,
Gujarat,Sabarkantha,IMD110-P679,1993,0.0,0.4,0.7,0.1,0.0,64.7,615.7,24.8,70.2,2.9,1.4,0.0,780.7,0.4,0.7,775.3,4.2,681,,SABARKANTHA,
Gujarat,Sabarkantha,IMD110-P679,1994,0.8,0.0,0.0,0.0,0.0,145.8,359.8,458.8,343.3,0.0,0.1,0.0,1308.7,0.8,0.0,1307.8,0.1,681,,SABARKANTHA,
Gujarat,Sabarkantha,IMD110-P679,1995,2.2,0.0,0.3,0.0,0.0,12.9,334.2,121.3,72.7,3.3,0.2,0.6,547.6,2.2,0.3,541.1,4.1,681,,SABARKANTHA,
Gujarat,Sabarkantha,IMD110-P679,1996,2.7,0.0,0.0,0.0,0.0,93.6,336.7,220.8,120.9,6.2,0.0,0.0,780.9,2.7,0.0,772.0,6.2,681,,SABARKANTHA,
Gujarat,Sabarkantha,IMD110-P679,1997,0.4,0.0,0.0,5.4,5.4,484.5,286.0,368.1,89.5,8.3,2.1,0.1,1250.0,0.4,10.8,1228.2,10.5,681,,SABARKANTHA,
Gujarat,Sabarkantha,IMD110-P679,1998,0.0,0.0,0.0,0.0,0.0,105.9,306.1,182.5,373.4,81.2,0.0,0.0,1049.0,0.0,0.0,967.8,81.2,681,,SABARKANTHA,
Gujarat,Sabarkantha,IMD110-P679,1999,0.0,0.3,0.0,0.0,28.7,110.7,150.3,36.6,50.6,40.1,0.0,0.0,417.3,0.3,28.7,348.2,40.1,681,,SABARKANTHA,
Gujarat,Sabarkantha,IMD110-P679,2000,0.0,0.0,0.0,0.0,10.0,65.0,179.0,110.8,,0.0,0.0,0.0,,0.0,10.0,,0.0,681,missing_months,SABARKANTHA,
Gujarat,Sabarkantha,IMD110-P679,2001,0.0,0.0,0.0,1.1,2.4,94.8,314.4,155.3,2.9,24.7,0.0,0.0,595.6,0.0,3.6,567.4,24.7,681,,SABARKANTHA,
Gujarat,Sabarkantha,IMD110-P679,2002,0.0,0.2,0.0,0.0,0.0,166.9,13.4,138.4,58.6,0.8,0.1,0.3,378.7,0.2,0.0,377.3,1.2,681,,SABARKANTHA,
Gujarat,Sabarkantha,IMD110-P679,2003,0.0,8.7,2.5,0.1,0.0,63.3,444.8,281.7,71.8,0.2,0.0,0.0,873.1,8.7,2.6,861.7,0.2,681,,SABARKANTHA,
Gujarat,Sabarkantha,IMD110-P679,2004,0.0,0.0,0.0,0.0,6.7,124.3,124.1,401.2,21.9,51.9,0.0,0.0,730.1,0.0,6.7,671.5,51.9,681,,SABARKANTHA,
Gujarat,Sabarkantha,IMD110-P679,2005,0.0,0.0,0.0,0.0,0.6,71.8,429.0,256.6,281.4,0.0,0.0,0.0,1039.3,0.0,0.6,1038.8,0.0,681,,SABARKANTHA,
Gujarat,Sabarkantha,IMD110-P679,2006,0.0,0.0,0.3,0.0,0.0,110.1,423.0,913.0,213.8,0.0,0.0,0.0,1660.2,0.0,0.3,1659.9,0.0,681,,SABARKANTHA,
Gujarat,Sabarkantha,IMD110-P679,2007,0.0,0.3,0.2,0.0,0.0,43.5,822.8,284.2,77.0,0.0,0.0,0.0,1228.1,0.3,0.2,1227.6,0.0,681,,SABARKANTHA,
Gujarat,Sabarkantha,IMD110-P679,2008,0.0,0.0,0.0,5.2,0.2,37.7,197.2,276.6,91.6,5.3,0.0,0.0,613.7,0.0,5.4,603.1,5.3,681,,SABARKANTHA,
Gujarat,Sabarkantha,IMD110-P679,2009,0.0,0.0,3.3,0.0,0.0,15.5,395.6,205.6,18.8,1.9,0.1,0.0,640.8,0.0,3.3,635.6,2.0,681,,SABARKANTHA,
Gujarat,Sabarkantha,IMD110-P679,2010,0.0,0.0,0.0,0.0,0.0,41.2,323.8,386.2,135.9,0.0,27.1,0.8,915.0,0.0,0.0,887.1,27.9,681,,SABARKANTHA,
Gujarat,Surat,IMD110-P682,1901,10.4,0.0,0.4,8.0,10.7,46.5,370.8,120.5,22.4,28.1,0.0,0.0,617.8,10.4,19.1,560.2,28.1,682,,SURAT,
Gujarat,Surat,IMD110-P682,1902,13.6,0.0,0.0,0.0,0.0,44.1,514.6,309.8,338.0,6.0,1.2,19.6,1246.8,13.6,0.0,1206.4,26.8,682,,SURAT,
Gujarat,Surat,IMD110-P682,1903,0.0,0.0,0.0,0.0,13.8,30.3,549.5,292.8,227.1,3.2,0.0,0.0,1116.7,0.0,13.8,1099.7,3.2,682,,SURAT,
Gujarat,Surat,IMD110-P682,1904,0.0,9.8,8.4,0.0,0.0,41.7,157.9,88.9,223.1,27.7,0.0,1.2,558.7,9.8,8.4,511.5,28.9,682,,SURAT,
Gujarat,Surat,IMD110-P682,1905,0.0,2.3,0.9,0.0,0.0,36.3,522.7,58.0,52.1,0.0,0.1,0.0,672.3,2.3,0.9,669.0,0.1,682,,SURAT,
Gujarat,Surat,IMD110-P682,1906,0.0,6.5,0.0,0.0,0.0,281.7,410.9,250.9,91.0,6.4,0.0,0.0,1047.5,6.5,0.0,1034.6,6.4,682,,SURAT,
Gujarat,Surat,IMD110-P682,1907,0.5,0.0,0.0,0.3,0.0,121.6,451.2,394.8,8.6,0.0,0.0,0.0,977.0,0.5,0.3,976.2,0.0,682,,SURAT,
Gujarat,Surat,IMD110-P682,1908,6.1,0.0,0.1,0.0,0.0,117.8,837.6,224.6,64.2,0.1,0.0,0.0,1250.4,6.1,0.1,1244.2,0.1,682,,SURAT,
Gujarat,Surat,IMD110-P682,1909,0.0,1.0,0.0,0.8,0.0,300.3,671.1,246.5,221.9,0.6,0.0,11.1,1453.4,1.0,0.8,1439.8,11.8,682,,SURAT,
Gujarat,Surat,IMD110-P682,1910,0.0,0.0,0.0,0.0,0.0,346.4,305.8,332.7,91.8,31.9,8.6,0.0,1117.2,0.0,0.0,1076.6,40.5,682,,SURAT,
Gujarat,Surat,IMD110-P682,1911,3.7,0.0,10.4,0.0,0.5,217.2,126.7,208.6,53.6,0.0,2.1,0.0,622.8,3.7,10.9,606.0,2.1,682,,SURAT,
Gujarat,Surat,IMD110-P682,1912,0.0,0.0,0.0,0.0,0.0,153.9,929.9,184.7,59.6,11.4,114.2,0.0,1453.5,0.0,0.0,1328.0,125.5,682,,SURAT,
Gujarat,Surat,IMD110-P682,1913,0.0,0.0,0.0,0.0,0.1,534.9,337.4,172.7,137.1,7.0,0.0,0.0,1189.2,0.0,0.1,1182.2,7.0,682,,SURAT,
Gujarat,Surat,IMD110-P682,1914,0.0,0.4,0.0,0.0,0.0,430.4,521.2,121.4,450.0,4.6,10.2,0.0,1538.3,0.4,0.0,1523.0,14.9,682,,SURAT,
Gujarat,Surat,IMD110-P682,1915,4.8,0.3,7.8,0.3,0.0,232.8,181.4,130.7,74.1,73.9,2.6,0.2,708.8,5.0,8.0,619.0,76.7,682,,SURAT,
Gujarat,Surat,IMD110-P682,1916,0.0,0.0,0.0,0.0,6.3,152.4,309.4,399.7,390.6,69.8,0.3,0.0,1328.5,0.0,6.3,1252.1,70.1,682,,SURAT,
Gujarat,Surat,IMD110-P682,1917,0.0,4.3,0.0,0.0,115.3,234.3,342.2,310.1,275.2,379.4,0.0,0.0,1660.7,4.3,115.3,1161.8,379.4,682,,SURAT,
Gujarat,Surat,IMD110-P682,1918,0.0,0.0,0.3,0.0,18.4,25.7,251.8,151.3,12.8,0.0,0.0,0.0,460.3,0.0,18.7,441.6,0.0,682,,SURAT,
Gujarat,Surat,IMD110-P682,1919,2.5,0.0,0.0,0.2,0.0,135.8,489.6,350.0,174.3,60.1,21.4,0.0,1233.9,2.5,0.2,1149.6,81.5,682,,SURAT,
Gujarat,Surat,IMD110-P682,1920,126.5,5.6,0.0,0.0,13.1,238.0,453.9,154.5,74.6,0.0,0.0,0.0,1066.2,132.1,13.1,921.0,0.0,682,,SURAT,
Gujarat,Surat,IMD110-P682,1921,1.3,0.0,0.0,0.0,0.0,26.0,748.7,264.3,354.7,0.6,0.0,0.0,1395.6,1.3,0.0,1393.7,0.6,682,,SURAT,
Gujarat,Surat,IMD110-P682,1922,0.0,0.0,0.0,0.0,0.0,308.0,425.6,80.8,436.2,9.8,5.6,0.0,1266.0,0.0,0.0,1250.6,15.4,682,,SURAT,
Gujarat,Surat,IMD110-P682,1923,0.0,10.9,2.2,0.0,0.0,1.7,584.9,183.1,127.1,0.0,0.0,0.0,909.8,10.9,2.2,896.8,0.0,682,,SURAT,
Gujarat,Surat,IMD110-P682,1924,0.0,0.4,0.0,0.0,0.0,262.2,309.8,337.0,166.4,40.1,0.0,0.0,1116.0,0.4,0.0,1075.5,40.1,682,,SURAT,
Gujarat,Surat,IMD110-P682,1925,0.0,0.0,2.3,0.0,50.1,413.6,174.1,112.7,22.5,0.0,2.8,0.3,778.4,0.0,52.4,723.0,3.0,682,,SURAT,
Gujarat,Surat,IMD110-P682,1926,10.1,0.0,0.0,1.2,0.6,22.4,696.0,637.5,226.1,0.0,0.0,0.0,1594.0,10.1,1.8,1582.1,0.0,682,,SURAT,
Gujarat,Surat,IMD110-P682,1927,0.0,4.8,0.0,0.0,0.0,250.9,474.9,174.8,136.8,43.7,57.6,0.5,1144.0,4.8,0.0,1037.4,101.8,682,,SURAT,
Gujarat,Surat,IMD110-P682,1928,0.0,0.0,0.0,0.0,0.0,77.8,485.3,236.8,172.5,28.9,4.9,2.5,1008.8,0.0,0.0,972.4,36.3,682,,SURAT,
Gujarat,Surat,IMD110-P682,1929,0.1,0.0,0.0,2.7,0.0,157.0,698.3,129.5,56.1,15.9,0.0,21.1,1080.7,0.1,2.7,1040.9,37.1,682,,SURAT,
Gujarat,Surat,IMD110-P682,1930,0.3,0.0,0.0,0.0,0.0,390.9,515.7,108.8,187.4,55.3,0.0,3.7,1262.0,0.3,0.0,1202.8,59.0,682,,SURAT,
Gujarat,Surat,IMD110-P682,1931,0.0,0.0,0.0,0.0,1.9,13.6,637.6,454.6,113.9,200.0,0.5,0.6,1422.6,0.0,1.9,1219.7,201.0,682,,SURAT,
Gujarat,Surat,IMD110-P682,1932,0.0,0.0,0.0,0.0,2.3,44.7,812.8,148.6,156.4,60.1,8.5,1.0,1234.4,0.0,2.3,1162.5,69.6,682,,SURAT,
Gujarat,Surat,IMD110-P682,1933,0.0,3.0,0.0,0.0,30.9,127.7,280.7,275.0,396.3,22.9,0.4,27.5,1164.4,3.0,30.9,1079.6,50.8,682,,SURAT,
Gujarat,Surat,IMD110-P682,1934,0.0,0.0,0.1,0.0,0.0,364.1,369.1,431.4,63.1,0.5,40.3,0.0,1268.7,0.0,0.1,1227.8,40.8,682,,SURAT,
Gujarat,Surat,IMD110-P682,1935,1.5,0.0,0.0,0.0,0.0,151.0,538.8,149.5,264.7,4.0,0.6,0.0,1110.0,1.5,0.0,1104.0,4.6,682,,SURAT,
Gujarat,Surat,IMD110-P682,1936,0.0,0.0,0.0,0.0,0.1,318.3,136.4,77.3,166.6,1.8,108.3,0.0,808.8,0.0,0.1,698.6,110.1,682,,SURAT,
Gujarat,Surat,IMD110-P682,1937,0.0,7.3,0.8,0.5,0.0,438.4,628.4,52.6,349.5,4.2,0.0,0.6,1482.3,7.3,1.3,1468.9,4.8,682,,SURAT,
Gujarat,Surat,IMD110-P682,1938,0.0,0.0,0.0,0.3,3.6,422.5,404.6,190.0,37.7,62.6,0.0,0.3,1121.6,0.0,3.9,1054.8,62.9,682,,SURAT,
Gujarat,Surat,IMD110-P682,1939,0.0,0.0,0.2,0.0,0.0,21.7,430.7,420.0,68.2,6.3,7.0,0.1,954.2,0.0,0.2,940.6,13.4,682,,SURAT,
Gujarat,Surat,IMD110-P682,1940,3.0,15.6,1.9,0.0,0.2,277.5,320.9,353.8,355.0,216.7,47.8,0.0,1592.5,18.6,2.1,1307.3,264.5,682,,SURAT,
Gujarat,Surat,IMD110-P682,1941,5.2,0.1,0.0,0.8,0.0,139.0,764.4,53.9,49.2,1.3,0.0,0.0,1013.9,5.3,0.8,1006.5,1.3,683,,SURAT,
Gujarat,Surat,IMD110-P682,1942,0.0,16.7,0.0,0.0,0.0,209.7,718.3,433.7,247.2,0.0,0.0,0.0,1625.7,16.7,0.0,1609.0,0.0,683,,SURAT,
Gujarat,Surat,IMD110-P682,1943,0.0,0.0,0.0,0.0,59.2,214.2,348.7,83.1,185.3,95.8,0.0,0.0,986.3,0.0,59.2,831.2,95.8,683,,SURAT,
Gujarat,Surat,IMD110-P682,1944,0.3,0.0,8.6,0.4,1.5,126.6,825.0,527.9,80.1,29.6,0.0,0.0,1600.0,0.3,10.5,1559.6,29.6,683,,SURAT,
Gujarat,Surat,IMD110-P682,1945,9.7,0.0,0.0,0.0,0.0,192.6,593.7,316.5,740.6,8.2,0.0,0.0,1861.2,9.7,0.0,1843.3,8.2,683,,SURAT,
Gujarat,Surat,IMD110-P682,1946,0.0,0.0,0.0,0.0,1.2,471.9,513.7,775.7,345.9,0.0,115.3,1.5,2225.1,0.0,1.2,2107.2,116.7,683,,SURAT,
Gujarat,Surat,IMD110-P682,1947,0.0,0.0,0.0,84.3,0.0,0.7,340.8,299.7,399.3,20.2,0.0,0.0,1145.0,0.0,84.3,1040.4,20.2,683,,SURAT,
Gujarat,Surat,IMD110-P682,1948,5.4,0.0,0.0,0.0,0.0,58.0,144.9,134.0,40.2,38.5,31.4,0.0,452.4,5.4,0.0,377.0,69.9,683,,SURAT,
Gujarat,Surat,IMD110-P682,1949,0.0,0.0,0.0,0.0,2.7,20.4,405.9,267.6,403.2,66.7,0.0,0.0,1166.5,0.0,2.7,1097.1,66.7,683,,SURAT,
Gujarat,Surat,IMD110-P682,1950,0.0,0.0,0.0,0.0,0.0,9.2,602.2,81.8,160.8,6.6,0.0,0.0,860.5,0.0,0.0,853.9,6.6,683,,SURAT,
Gujarat,Surat,IMD110-P682,1951,0.0,0.0,0.0,0.0,0.0,101.7,215.2,143.4,10.9,41.1,11.7,0.0,524.0,0.0,0.0,471.2,52.8,683,,SURAT,
Gujarat,Surat,IMD110-P682,1952,0.6,0.0,0.0,0.0,0.0,255.7,374.5,70.9,23.3,6.4,0.0,0.0,731.4,0.6,0.0,724.4,6.4,683,,SURAT,
Gujarat,Surat,IMD110-P682,1953,1.8,0.0,0.0,0.0,0.0,208.5,493.4,877.6,185.1,1.0,0.0,0.0,1767.4,1.8,0.0,1764.6,1.0,683,,SURAT,
Gujarat,Surat,IMD110-P682,1954,0.3,1.7,6.3,0.1,0.0,193.9,535.6,237.7,783.2,33.5,1.6,11.3,1805.1,2.0,6.4,1750.3,46.4,683,,SURAT,
Gujarat,Surat,IMD110-P682,1955,0.0,0.0,0.0,0.0,0.2,165.6,195.7,418.4,297.1,83.0,0.0,0.0,1159.9,0.0,0.2,1076.7,83.0,683,,SURAT,
Gujarat,Surat,IMD110-P682,1956,0.0,0.0,0.0,0.2,37.4,163.0,704.7,291.4,186.4,115.4,3.8,0.1,1502.3,0.0,37.5,1345.5,119.3,683,,SURAT,
Gujarat,Surat,IMD110-P682,1957,0.0,0.0,0.0,0.0,2.1,199.1,394.7,254.7,45.7,7.8,4.5,0.0,908.6,0.0,2.1,894.2,12.3,683,,SURAT,
Gujarat,Surat,IMD110-P682,1958,0.1,0.0,0.0,0.0,2.0,156.0,407.6,560.8,412.8,14.0,16.1,0.0,1569.6,0.1,2.0,1537.3,30.1,683,,SURAT,
Gujarat,Surat,IMD110-P682,1959,0.0,0.0,0.0,2.2,0.2,159.8,953.9,468.2,240.6,297.4,0.8,0.0,2123.1,0.0,2.4,1822.5,298.2,683,,SURAT,
Gujarat,Surat,IMD110-P682,1960,0.0,0.0,0.0,0.0,34.4,223.6,412.9,269.1,131.2,16.5,0.0,0.0,1087.6,0.0,34.4,1036.8,16.5,683,,SURAT,
Gujarat,Surat,IMD110-P682,1961,0.0,0.1,0.0,0.0,0.0,141.7,525.8,270.0,318.2,25.3,1.8,0.0,1282.9,0.1,0.0,1255.8,27.1,683,,SURAT,
Gujarat,Surat,IMD110-P682,1962,0.0,0.0,0.2,1.0,1.5,71.6,372.3,88.1,306.3,0.1,11.9,0.4,853.6,0.0,2.7,838.4,12.5,683,,SURAT,
Gujarat,Surat,IMD110-P682,1963,0.8,0.0,0.0,0.0,0.0,89.5,522.3,541.1,167.4,11.5,44.7,0.0,1377.4,0.8,0.0,1320.3,56.3,683,,SURAT,
Gujarat,Surat,IMD110-P682,1964,0.0,0.0,0.0,0.0,0.2,200.8,725.4,624.7,256.1,0.0,0.0,0.0,1807.2,0.0,0.2,1806.9,0.0,683,,SURAT,
Gujarat,Surat,IMD110-P682,1965,0.9,0.0,0.0,2.6,0.0,7.3,622.2,276.0,23.4,0.3,2.2,0.3,935.2,0.9,2.6,928.9,2.7,683,,SURAT,
Gujarat,Surat,IMD110-P682,1966,0.1,0.0,0.0,0.5,0.0,216.2,546.1,76.2,182.8,1.2,0.0,0.0,1023.0,0.1,0.5,1021.4,1.2,683,,SURAT,
Gujarat,Surat,IMD110-P682,1967,0.0,0.0,34.7,0.2,0.0,216.3,492.4,158.8,106.2,1.0,0.0,26.0,1035.5,0.0,34.9,973.6,27.0,683,,SURAT,
Gujarat,Surat,IMD110-P682,1968,0.0,0.0,0.0,0.6,0.0,106.2,469.6,599.0,57.8,20.5,0.9,0.0,1254.6,0.0,0.6,1232.6,21.4,683,,SURAT,
Gujarat,Surat,IMD110-P682,1969,0.0,0.0,0.0,0.0,0.0,124.4,491.9,130.2,238.9,0.0,0.1,1.3,986.9,0.0,0.0,985.5,1.4,683,,SURAT,
Gujarat,Surat,IMD110-P682,1970,0.0,0.0,0.2,0.3,1.8,414.0,457.5,743.7,579.0,2.0,0.0,0.0,2198.6,0.0,2.3,2194.3,2.0,683,,SURAT,
Gujarat,Surat,IMD110-P682,1971,0.0,0.0,0.0,0.0,2.2,300.5,240.3,232.9,320.9,9.6,0.0,0.0,1106.4,0.0,2.2,1094.7,9.6,683,,SURAT,
Gujarat,Surat,IMD110-P682,1972,0.0,0.0,0.0,0.0,0.0,174.5,340.1,232.1,46.9,0.1,0.0,0.0,793.7,0.0,0.0,793.6,0.1,683,,SURAT,
Gujarat,Surat,IMD110-P682,1973,0.0,1.7,0.0,0.0,0.0,71.3,565.0,338.2,413.7,3.7,0.0,0.0,1393.6,1.7,0.0,1388.2,3.7,683,,SURAT,
Gujarat,Surat,IMD110-P682,1974,0.0,0.0,0.0,0.5,73.5,19.7,292.9,203.9,95.5,62.2,0.0,0.0,748.3,0.0,74.1,612.0,62.2,683,,SURAT,
Gujarat,Surat,IMD110-P682,1975,0.0,0.0,0.0,0.0,0.0,261.3,297.3,625.2,264.3,57.4,0.0,0.0,1505.5,0.0,0.0,1448.1,57.4,683,,SURAT,
Gujarat,Surat,IMD110-P682,1976,0.0,0.0,0.0,0.0,0.0,740.3,1155.0,406.7,236.2,0.0,70.3,0.0,2608.6,0.0,0.0,2538.3,70.3,683,,SURAT,
Gujarat,Surat,IMD110-P682,1977,0.0,0.0,0.0,0.0,6.9,513.8,509.8,243.9,217.3,1.1,15.2,0.0,1508.0,0.0,6.9,1484.8,16.3,683,,SURAT,
Gujarat,Surat,IMD110-P682,1978,0.0,0.0,0.0,0.0,0.1,369.2,327.0,316.6,81.4,8.5,44.0,13.4,1160.4,0.0,0.1,1094.3,65.9,683,,SURAT,
Gujarat,Surat,IMD110-P682,1979,0.0,1.9,0.0,0.0,0.0,200.9,283.8,639.8,101.8,3.5,137.7,0.0,1369.5,1.9,0.0,1226.4,141.2,683,,SURAT,
Gujarat,Surat,IMD110-P682,1980,0.0,0.0,0.0,0.0,0.0,312.1,350.6,299.5,32.3,0.2,0.1,11.6,1006.3,0.0,0.0,994.5,11.9,683,,SURAT,
Gujarat,Surat,IMD110-P682,1981,0.6,0.0,0.0,0.0,0.0,249.7,657.5,344.1,282.1,105.5,22.3,0.0,1661.7,0.6,0.0,1533.4,127.7,683,,SURAT,
Gujarat,Surat,IMD110-P682,1982,0.0,0.0,0.0,0.0,5.9,20.6,502.9,306.3,45.5,4.5,53.4,0.0,939.1,0.0,5.9,875.3,57.9,684,,SURAT,
Gujarat,Surat,IMD110-P682,1983,0.0,0.0,0.0,4.3,0.0,308.0,573.2,538.3,344.9,124.6,0.0,0.0,1893.3,0.0,4.3,1764.4,124.6,684,,SURAT,
Gujarat,Surat,IMD110-P682,1984,0.0,0.0,0.0,0.0,0.0,232.3,300.6,320.9,188.0,8.0,0.0,0.0,1049.8,0.0,0.0,1041.8,8.0,684,,SURAT,
Gujarat,Surat,IMD110-P682,1985,0.0,0.0,0.0,0.0,2.5,15.5,307.7,339.0,20.4,94.3,0.0,0.0,779.5,0.0,2.5,682.6,94.3,684,,SURAT,
Gujarat,Surat,IMD110-P682,1986,0.0,0.0,0.0,0.0,0.0,419.7,177.8,221.1,10.9,0.2,12.7,0.0,842.4,0.0,0.0,829.5,12.9,684,,SURAT,
Gujarat,Surat,IMD110-P682,1987,0.0,0.0,0.0,0.0,0.0,161.3,241.2,135.4,11.4,2.9,19.7,3.5,575.4,0.0,0.0,549.3,26.1,684,,SURAT,
Gujarat,Surat,IMD110-P682,1988,0.0,0.0,0.0,0.8,0.0,230.5,1227.3,207.6,382.5,10.9,0.0,0.0,2059.7,0.0,0.8,2048.0,10.9,684,,SURAT,
Gujarat,Surat,IMD110-P682,1989,0.2,0.0,0.0,0.0,0.0,165.8,494.0,293.3,78.5,2.2,0.0,0.0,1034.1,0.2,0.0,1031.6,2.2,684,,SURAT,
Gujarat,Surat,IMD110-P682,1990,0.0,0.8,0.0,0.0,67.8,82.4,148.2,445.3,350.9,19.2,3.6,0.0,1118.3,0.8,67.8,1026.9,22.9,684,,SURAT,
Gujarat,Surat,IMD110-P682,1991,0.0,0.0,0.0,0.0,0.0,142.2,374.6,206.9,37.2,0.0,0.0,0.0,761.0,0.0,0.0,761.0,0.0,684,,SURAT,
Gujarat,Surat,IMD110-P682,1992,0.0,0.0,0.0,0.0,0.0,441.7,328.9,354.9,418.5,46.4,0.0,0.0,1590.3,0.0,0.0,1543.9,46.4,684,,SURAT,
Gujarat,Surat,IMD110-P682,1993,0.0,0.0,0.4,0.0,0.0,270.0,535.9,112.0,292.6,43.2,0.0,0.0,1254.1,0.0,0.4,1210.5,43.2,684,,SURAT,
Gujarat,Surat,IMD110-P682,1994,1.4,0.0,0.0,0.0,0.0,662.9,862.7,250.7,209.0,2.4,0.0,0.0,1989.1,1.4,0.0,1985.4,2.4,684,,SURAT,
Gujarat,Surat,IMD110-P682,1995,2.2,0.0,0.0,0.0,0.0,6.2,800.5,154.3,77.6,25.6,0.0,0.0,1066.4,2.2,0.0,1038.6,25.6,684,,SURAT,
Gujarat,Surat,IMD110-P682,1996,1.3,0.0,0.0,0.3,0.0,206.6,494.3,230.8,145.8,21.4,0.4,0.0,1101.0,1.3,0.3,1077.6,21.8,684,,SURAT,
Gujarat,Surat,IMD110-P682,1997,1.2,0.0,0.0,1.7,0.1,379.5,246.9,403.1,108.9,0.6,3.6,1.8,1147.4,1.2,1.9,1138.4,5.9,684,,SURAT,
Gujarat,Surat,IMD110-P682,1998,0.0,0.0,0.0,0.1,0.0,120.2,556.9,321.7,371.5,68.8,15.2,0.0,1454.4,0.0,0.1,1370.3,84.1,684,,SURAT,
Gujarat,Surat,IMD110-P682,1999,0.0,0.0,0.0,0.0,0.6,230.2,366.9,126.5,148.3,85.5,0.0,0.0,958.0,0.0,0.6,871.9,85.5,684,,SURAT,
Gujarat,Surat,IMD110-P682,2000,0.0,0.0,0.0,0.0,3.6,161.5,434.9,134.0,37.3,0.2,0.0,5.9,777.3,0.0,3.6,767.6,6.1,684,,SURAT,
Gujarat,Surat,IMD110-P682,2001,0.0,0.0,0.0,0.0,3.7,424.3,434.0,364.6,38.0,35.2,0.0,0.0,1299.8,0.0,3.7,1260.9,35.2,684,,SURAT,
Gujarat,Surat,IMD110-P682,2002,0.0,0.0,1.2,0.0,0.0,344.0,68.5,447.4,138.6,0.0,0.0,0.0,999.7,0.0,1.2,998.5,0.0,684,,SURAT,
Gujarat,Surat,IMD110-P682,2003,0.0,7.9,0.0,0.0,0.0,477.2,706.2,423.8,189.3,2.8,0.0,0.0,1807.2,7.9,0.0,1796.5,2.8,684,,SURAT,
Gujarat,Surat,IMD110-P682,2004,0.0,0.0,0.0,0.0,2.6,268.6,481.3,840.4,94.1,33.1,0.0,0.0,1720.2,0.0,2.6,1684.4,33.1,684,,SURAT,
Gujarat,Surat,IMD110-P682,2005,0.0,0.0,0.0,0.0,0.0,853.4,408.9,348.1,383.2,0.0,0.0,0.0,1993.7,0.0,0.0,1993.6,0.0,684,,SURAT,
Gujarat,Surat,IMD110-P682,2006,0.0,0.0,0.2,0.0,0.0,241.3,1054.3,358.0,87.5,18.9,1.1,0.0,1761.3,0.0,0.2,1741.1,20.0,684,,SURAT,
Gujarat,Surat,IMD110-P682,2007,1.0,2.4,0.0,0.0,0.0,150.4,504.7,598.3,406.8,0.0,0.3,0.0,1663.8,3.4,0.0,1660.2,0.3,684,,SURAT,
Gujarat,Surat,IMD110-P682,2008,0.0,0.1,0.0,0.0,0.0,232.3,527.6,455.3,316.1,24.7,0.0,0.2,1556.3,0.1,0.0,1531.2,24.9,684,,SURAT,
Gujarat,Surat,IMD110-P682,2009,0.0,0.0,0.0,0.0,0.0,43.9,910.7,244.9,171.0,70.4,12.2,0.1,1453.4,0.0,0.0,1370.6,82.8,684,,SURAT,
Gujarat,Surat,IMD110-P682,2010,0.3,0.0,0.0,0.0,0.0,77.9,491.0,522.1,497.3,59.2,35.8,0.0,1683.6,0.3,0.0,1588.3,95.0,684,,SURAT,
Gujarat,Surendranagar,IMD110-P685,1901,0.0,0.0,0.0,0.0,3.3,3.7,107.0,72.6,6.6,0.0,0.0,0.0,193.2,0.0,3.3,189.9,0.0,685,,SURENDRANAGAR,
Gujarat,Surendranagar,IMD110-P685,1902,0.0,0.0,0.0,1.0,0.6,6.9,51.5,293.4,200.3,0.0,0.0,1.4,555.2,0.0,1.7,552.1,1.4,685,,SURENDRANAGAR,
Gujarat,Surendranagar,IMD110-P685,1903,0.0,0.0,0.0,0.0,12.5,13.7,329.4,108.7,45.7,0.0,0.0,0.0,510.0,0.0,12.5,497.5,0.0,685,,SURENDRANAGAR,
Gujarat,Surendranagar,IMD110-P685,1904,0.8,7.1,15.8,0.0,0.0,16.8,138.6,2.7,76.8,0.0,0.0,0.0,258.6,8.0,15.8,234.9,0.0,685,,SURENDRANAGAR,
Gujarat,Surendranagar,IMD110-P685,1905,0.0,0.3,0.3,0.0,0.0,19.4,700.0,15.9,17.5,0.0,0.0,0.0,753.5,0.3,0.3,752.9,0.0,685,,SURENDRANAGAR,
Gujarat,Surendranagar,IMD110-P685,1906,0.6,12.6,0.0,0.0,0.0,120.9,133.4,97.5,23.2,3.0,0.0,0.3,391.6,13.3,0.0,375.1,3.3,685,,SURENDRANAGAR,
Gujarat,Surendranagar,IMD110-P685,1907,0.3,13.2,0.0,1.1,0.0,35.0,222.0,288.9,8.8,0.0,0.0,0.0,569.2,13.5,1.1,554.6,0.0,685,,SURENDRANAGAR,
Gujarat,Surendranagar,IMD110-P685,1908,5.2,0.0,0.0,0.0,0.0,90.6,203.8,289.5,12.6,0.0,0.0,0.0,601.8,5.2,0.0,596.6,0.0,685,,SURENDRANAGAR,
Gujarat,Surendranagar,IMD110-P685,1909,0.0,0.0,0.0,0.7,0.0,69.4,298.8,109.8,103.5,3.6,0.0,5.5,591.2,0.0,0.7,581.4,9.1,685,,SURENDRANAGAR,
Gujarat,Surendranagar,IMD110-P685,1910,0.0,0.0,0.0,2.0,0.0,145.3,85.0,246.0,24.8,1.6,0.0,0.0,504.8,0.0,2.0,501.1,1.6,685,,SURENDRANAGAR,
Gujarat,Surendranagar,IMD110-P685,1911,0.0,0.0,19.0,0.0,0.0,78.5,12.4,10.2,17.9,0.0,0.3,0.0,138.3,0.0,19.0,119.0,0.3,685,,SURENDRANAGAR,
Gujarat,Surendranagar,IMD110-P685,1912,0.0,0.0,0.0,0.0,1.0,104.8,340.1,169.1,23.6,3.0,1.5,0.0,643.3,0.0,1.0,637.7,4.6,685,,SURENDRANAGAR,
Gujarat,Surendranagar,IMD110-P685,1913,0.0,0.0,0.0,0.0,0.0,161.3,246.9,144.5,56.5,4.2,0.2,0.0,613.6,0.0,0.0,609.2,4.4,685,,SURENDRANAGAR,
Gujarat,Surendranagar,IMD110-P685,1914,0.0,1.8,0.0,0.0,5.4,200.9,187.4,35.4,148.8,9.0,15.3,0.0,604.0,1.8,5.4,572.5,24.3,685,,SURENDRANAGAR,
Gujarat,Surendranagar,IMD110-P685,1915,7.5,2.4,16.1,0.4,0.0,43.9,74.7,4.8,20.7,76.1,0.0,0.0,246.5,9.9,16.5,144.1,76.1,685,,SURENDRANAGAR,
Gujarat,Surendranagar,IMD110-P685,1916,0.0,0.0,0.0,0.0,9.3,46.2,107.2,258.4,60.5,45.7,0.0,0.0,527.3,0.0,9.3,472.3,45.7,685,,SURENDRANAGAR,
Gujarat,Surendranagar,IMD110-P685,1917,0.0,0.0,0.4,0.9,41.2,67.4,291.8,244.4,192.0,158.6,0.0,0.0,996.7,0.0,42.5,795.7,158.6,685,,SURENDRANAGAR,
Gujarat,Surendranagar,IMD110-P685,1918,0.0,0.0,0.0,0.0,0.9,9.5,63.7,87.3,9.1,0.7,0.0,0.0,171.3,0.0,0.9,169.6,0.7,685,,SURENDRANAGAR,
Gujarat,Surendranagar,IMD110-P685,1919,4.5,0.0,0.0,0.0,2.8,62.0,204.8,200.4,19.9,0.0,21.0,0.0,515.4,4.5,2.8,487.1,21.0,685,,SURENDRANAGAR,
Gujarat,Surendranagar,IMD110-P685,1920,7.5,0.1,0.1,0.0,29.0,130.5,121.6,62.0,15.4,0.0,0.0,0.0,366.2,7.6,29.1,329.5,0.0,685,,SURENDRANAGAR,
Gujarat,Surendranagar,IMD110-P685,1921,0.1,0.0,0.0,0.0,0.0,7.2,393.3,89.3,171.9,0.0,0.0,0.4,662.2,0.1,0.0,661.7,0.4,685,,SURENDRANAGAR,
Gujarat,Surendranagar,IMD110-P685,1922,0.0,0.0,0.0,0.7,0.0,37.0,149.9,38.9,175.9,0.0,0.0,0.0,402.4,0.0,0.7,401.7,0.0,685,,SURENDRANAGAR,
Gujarat,Surendranagar,IMD110-P685,1923,0.0,0.5,0.0,0.4,0.6,0.7,63.1,65.0,11.5,6.2,0.0,0.0,147.9,0.5,1.0,140.2,6.2,685,,SURENDRANAGAR,
Gujarat,Surendranagar,IMD110-P685,1924,0.0,0.0,0.0,0.0,7.3,49.4,197.9,79.5,124.9,0.0,0.0,0.0,458.9,0.0,7.3,451.6,0.0,685,,SURENDRANAGAR,
Gujarat,Surendranagar,IMD110-P685,1925,0.0,0.0,0.0,0.0,14.2,198.8,110.8,19.5,2.2,0.0,41.3,0.0,386.8,0.0,14.2,331.3,41.3,685,,SURENDRANAGAR,
Gujarat,Surendranagar,IMD110-P685,1926,10.1,0.0,0.0,3.4,8.5,19.7,246.9,187.5,243.3,0.0,0.0,0.0,719.4,10.1,11.9,697.4,0.0,685,,SURENDRANAGAR,
Gujarat,Surendranagar,IMD110-P685,1927,0.0,1.8,0.0,0.0,3.9,68.8,1016.0,89.0,69.2,21.4,0.0,20.3,1290.5,1.8,3.9,1243.1,41.7,685,,SURENDRANAGAR,
Gujarat,Surendranagar,IMD110-P685,1928,0.0,0.0,0.0,0.0,0.0,15.0,257.4,146.7,302.0,3.7,20.8,0.0,745.5,0.0,0.0,721.1,24.4,685,,SURENDRANAGAR,
Gujarat,Surendranagar,IMD110-P685,1929,1.5,0.0,0.0,2.3,0.0,46.6,179.2,118.4,22.6,0.6,0.0,14.6,385.8,1.5,2.3,366.7,15.2,685,,SURENDRANAGAR,
Gujarat,Surendranagar,IMD110-P685,1930,2.2,0.2,0.0,0.3,12.5,54.4,180.1,69.3,39.8,16.5,0.0,0.0,375.3,2.4,12.8,343.7,16.5,685,,SURENDRANAGAR,
Gujarat,Surendranagar,IMD110-P685,1931,0.0,0.0,0.0,0.0,0.8,4.7,163.2,211.2,22.6,29.8,2.9,0.0,435.2,0.0,0.8,401.6,32.7,685,,SURENDRANAGAR,
Gujarat,Surendranagar,IMD110-P685,1932,0.0,0.0,0.0,0.0,0.0,37.7,251.6,90.4,24.4,15.7,0.0,0.0,419.9,0.0,0.0,404.2,15.7,685,,SURENDRANAGAR,
Gujarat,Surendranagar,IMD110-P685,1933,0.0,1.1,0.0,0.9,61.0,47.1,252.4,289.9,101.1,0.6,0.0,0.0,754.1,1.1,61.9,690.5,0.6,685,,SURENDRANAGAR,
Gujarat,Surendranagar,IMD110-P685,1934,0.0,0.0,0.0,0.0,0.0,122.2,103.3,114.5,6.8,0.0,2.4,0.0,349.2,0.0,0.0,346.8,2.4,685,,SURENDRANAGAR,
Gujarat,Surendranagar,IMD110-P685,1935,8.0,0.0,0.0,0.8,0.0,78.1,270.2,72.0,59.1,10.2,0.0,0.0,498.4,8.0,0.8,479.4,10.2,685,,SURENDRANAGAR,
Gujarat,Surendranagar,IMD110-P685,1936,0.1,0.0,0.6,0.0,1.7,140.5,60.9,15.0,135.9,0.0,44.1,0.0,398.7,0.1,2.3,352.2,44.1,685,,SURENDRANAGAR,
Gujarat,Surendranagar,IMD110-P685,1937,0.0,1.4,0.0,0.0,0.0,175.2,295.0,0.5,187.8,0.6,0.0,0.0,660.4,1.4,0.0,658.4,0.6,685,,SURENDRANAGAR,
Gujarat,Surendranagar,IMD110-P685,1938,0.0,0.0,0.0,0.0,21.5,124.2,189.3,71.6,13.3,11.5,0.0,0.0,431.4,0.0,21.5,398.3,11.5,685,,SURENDRANAGAR,
Gujarat,Surendranagar,IMD110-P685,1939,0.0,0.0,5.8,0.0,0.0,46.5,33.7,109.4,18.9,4.4,2.5,0.0,221.2,0.0,5.8,208.5,6.9,685,,SURENDRANAGAR,
Gujarat,Surendranagar,IMD110-P685,1940,17.6,0.8,12.2,0.0,0.0,121.7,78.1,94.9,22.3,0.0,29.6,0.0,377.2,18.4,12.2,317.0,29.6,685,,SURENDRANAGAR,
Gujarat,Surendranagar,IMD110-P685,1941,0.0,10.8,0.0,0.0,4.6,33.7,545.6,86.8,9.1,0.5,0.0,0.0,691.2,10.8,4.6,675.3,0.5,686,,SURENDRANAGAR,
Gujarat,Surendranagar,IMD110-P685,1942,1.4,16.8,0.0,0.0,29.8,10.8,121.1,163.5,56.2,0.0,0.0,0.0,399.6,18.2,29.8,351.6,0.0,686,,SURENDRANAGAR,
Gujarat,Surendranagar,IMD110-P685,1943,0.0,0.0,0.0,4.8,15.9,143.9,557.0,15.4,102.6,11.4,0.0,0.0,851.0,0.0,20.7,818.9,11.4,686,,SURENDRANAGAR,
Gujarat,Surendranagar,IMD110-P685,1944,0.0,0.0,0.5,0.0,10.5,111.8,331.2,171.8,49.6,0.3,0.0,0.0,675.7,0.0,11.0,664.4,0.3,686,,SURENDRANAGAR,
Gujarat,Surendranagar,IMD110-P685,1945,5.4,0.0,0.0,0.9,1.7,116.8,306.2,132.2,127.4,1.9,0.0,0.0,692.6,5.4,2.6,682.7,1.9,686,,SURENDRANAGAR,
Gujarat,Surendranagar,IMD110-P685,1946,0.0,0.1,0.0,7.3,7.8,176.5,141.6,182.1,24.5,5.4,14.7,4.8,564.7,0.1,15.1,524.6,25.0,686,,SURENDRANAGAR,
Gujarat,Surendranagar,IMD110-P685,1947,0.0,0.0,0.0,47.8,0.0,0.9,93.1,164.1,116.0,0.1,0.1,0.0,422.1,0.0,47.8,374.1,0.2,686,,SURENDRANAGAR,
Gujarat,Surendranagar,IMD110-P685,1948,11.2,0.0,0.0,0.0,0.0,34.7,12.6,61.3,72.0,38.2,32.5,5.1,267.6,11.2,0.0,180.6,75.8,686,,SURENDRANAGAR,
Gujarat,Surendranagar,IMD110-P685,1949,0.0,0.0,0.0,0.0,2.5,29.1,274.1,175.5,151.5,3.9,1.5,0.0,638.1,0.0,2.5,630.2,5.4,686,,SURENDRANAGAR,
Gujarat,Surendranagar,IMD110-P685,1950,0.0,0.0,0.0,0.0,0.0,10.6,348.5,21.5,57.4,0.0,0.0,0.0,438.0,0.0,0.0,438.0,0.0,686,,SURENDRANAGAR,
Gujarat,Surendranagar,IMD110-P685,1951,0.0,0.0,0.0,0.0,0.0,71.1,137.0,86.6,10.9,0.0,0.0,0.0,305.6,0.0,0.0,305.6,0.0,686,,SURENDRANAGAR,
Gujarat,Surendranagar,IMD110-P685,1952,0.0,0.0,0.0,0.0,0.4,13.0,208.5,41.9,11.8,0.3,0.0,0.0,275.9,0.0,0.4,275.3,0.3,686,,SURENDRANAGAR,
Gujarat,Surendranagar,IMD110-P685,1953,7.9,0.0,0.0,0.0,0.0,57.1,141.8,532.0,57.3,0.0,0.0,0.0,796.0,7.9,0.0,788.1,0.0,686,,SURENDRANAGAR,
Gujarat,Surendranagar,IMD110-P685,1954,0.0,0.0,3.9,0.0,0.0,21.8,164.4,138.1,181.3,0.2,0.0,0.0,509.6,0.0,3.9,505.5,0.2,686,,SURENDRANAGAR,
Gujarat,Surendranagar,IMD110-P685,1955,0.0,0.0,1.9,0.0,0.0,74.0,22.3,170.7,207.7,7.5,0.0,0.0,484.1,0.0,1.9,474.6,7.5,686,,SURENDRANAGAR,
Gujarat,Surendranagar,IMD110-P685,1956,0.0,0.0,0.0,0.0,2.6,70.4,333.1,266.3,120.0,44.5,0.0,1.1,838.1,0.0,2.6,789.9,45.7,686,,SURENDRANAGAR,
Gujarat,Surendranagar,IMD110-P685,1957,2.4,0.0,0.1,0.0,3.2,116.5,148.8,87.0,4.3,0.0,16.1,0.2,378.6,2.4,3.3,356.6,16.3,686,,SURENDRANAGAR,
Gujarat,Surendranagar,IMD110-P685,1958,0.1,0.0,0.2,12.6,0.0,17.0,132.4,95.1,203.1,19.2,8.3,0.0,488.0,0.1,12.8,447.5,27.5,686,,SURENDRANAGAR,
Gujarat,Surendranagar,IMD110-P685,1959,0.3,0.0,0.0,7.3,0.0,39.3,518.0,80.7,204.6,81.1,0.0,0.0,931.4,0.3,7.3,842.7,81.1,686,,SURENDRANAGAR,
Gujarat,Surendranagar,IMD110-P685,1960,0.7,0.0,0.0,0.0,29.6,156.3,103.3,17.2,79.1,0.0,0.0,0.0,386.3,0.7,29.6,355.9,0.0,686,,SURENDRANAGAR,
Gujarat,Surendranagar,IMD110-P685,1961,0.0,3.5,0.0,0.0,0.7,148.0,168.3,114.8,108.2,28.1,0.0,0.0,571.7,3.5,0.7,539.4,28.1,686,,SURENDRANAGAR,
Gujarat,Surendranagar,IMD110-P685,1962,0.0,0.0,2.3,0.0,10.0,28.2,135.9,128.2,76.9,0.0,11.3,0.0,392.7,0.0,12.3,369.1,11.3,686,,SURENDRANAGAR,
Gujarat,Surendranagar,IMD110-P685,1963,0.0,0.0,1.6,0.0,0.0,27.1,108.6,148.8,212.2,24.8,31.4,0.2,554.6,0.0,1.6,496.6,56.4,686,,SURENDRANAGAR,
Gujarat,Surendranagar,IMD110-P685,1964,0.0,0.0,0.0,0.0,8.2,75.2,164.6,111.6,86.5,0.0,0.0,0.0,446.0,0.0,8.2,437.9,0.0,686,,SURENDRANAGAR,
Gujarat,Surendranagar,IMD110-P685,1965,6.8,0.0,0.0,0.0,0.0,2.6,361.9,70.8,11.0,0.0,0.0,0.0,453.2,6.8,0.0,446.3,0.0,686,,SURENDRANAGAR,
Gujarat,Surendranagar,IMD110-P685,1966,0.1,0.0,0.0,0.0,1.9,39.6,226.7,15.4,230.4,0.0,0.0,0.0,514.2,0.1,1.9,512.2,0.0,686,,SURENDRANAGAR,
Gujarat,Surendranagar,IMD110-P685,1967,0.0,0.0,31.7,0.0,0.2,173.4,279.8,51.5,45.8,0.0,0.0,38.6,621.1,0.0,31.9,550.5,38.6,686,,SURENDRANAGAR,
Gujarat,Surendranagar,IMD110-P685,1968,0.0,0.0,1.0,0.0,6.2,8.7,87.5,148.9,47.3,2.5,0.0,0.0,302.1,0.0,7.1,292.4,2.5,686,,SURENDRANAGAR,
Gujarat,Surendranagar,IMD110-P685,1969,0.0,0.0,0.0,0.0,0.0,34.3,85.4,48.5,28.3,0.0,2.7,0.0,199.2,0.0,0.0,196.5,2.7,686,,SURENDRANAGAR,
Gujarat,Surendranagar,IMD110-P685,1970,0.0,0.0,0.0,0.0,0.0,120.3,117.2,367.6,363.9,22.8,0.0,0.0,991.7,0.0,0.0,969.0,22.8,686,,SURENDRANAGAR,
Gujarat,Surendranagar,IMD110-P685,1971,0.0,0.0,0.0,0.0,0.0,145.3,177.2,131.1,23.1,1.3,0.0,0.0,478.0,0.0,0.0,476.7,1.3,686,,SURENDRANAGAR,
Gujarat,Surendranagar,IMD110-P685,1972,0.0,4.5,0.0,0.0,0.7,38.8,105.9,76.2,3.3,0.0,0.0,0.0,229.4,4.5,0.7,224.2,0.0,686,,SURENDRANAGAR,
Gujarat,Surendranagar,IMD110-P685,1973,0.0,1.4,0.0,0.0,0.0,101.7,114.0,132.6,125.7,10.1,0.0,0.0,485.5,1.4,0.0,473.9,10.1,686,,SURENDRANAGAR,
Gujarat,Surendranagar,IMD110-P685,1974,0.0,0.0,0.0,0.0,23.5,11.0,47.5,26.4,50.8,25.2,0.0,0.0,184.4,0.0,23.5,135.8,25.2,686,,SURENDRANAGAR,
Gujarat,Surendranagar,IMD110-P685,1975,0.0,0.0,0.0,0.0,0.0,85.4,133.5,268.2,240.6,32.9,0.0,0.0,760.6,0.0,0.0,727.6,32.9,686,,SURENDRANAGAR,
Gujarat,Surendranagar,IMD110-P685,1976,0.0,0.0,0.0,0.0,0.0,149.4,310.8,210.0,40.1,0.0,19.3,0.0,729.6,0.0,0.0,710.3,19.3,686,,SURENDRANAGAR,
Gujarat,Surendranagar,IMD110-P685,1977,0.0,0.2,0.0,0.0,33.2,126.4,241.8,106.7,62.0,0.0,0.3,0.0,570.6,0.2,33.2,536.9,0.3,686,,SURENDRANAGAR,
Gujarat,Surendranagar,IMD110-P685,1978,0.0,0.4,0.0,5.3,0.0,68.4,115.8,228.4,5.8,9.1,9.8,0.0,443.0,0.4,5.3,418.4,18.8,686,,SURENDRANAGAR,
Gujarat,Surendranagar,IMD110-P685,1979,0.0,0.3,0.1,0.5,0.5,136.4,44.0,492.0,18.2,7.2,100.8,0.0,800.0,0.3,1.1,690.5,108.0,686,,SURENDRANAGAR,
Gujarat,Surendranagar,IMD110-P685,1980,0.0,0.0,0.0,0.0,0.0,262.0,161.8,80.3,38.3,0.0,1.1,6.5,549.9,0.0,0.0,542.3,7.6,686,,SURENDRANAGAR,
Gujarat,Surendranagar,IMD110-P685,1981,0.0,0.0,0.0,0.0,0.4,63.0,212.8,241.5,123.1,24.2,51.7,0.5,717.3,0.0,0.4,640.5,76.4,686,,SURENDRANAGAR,
Gujarat,Surendranagar,IMD110-P685,1982,0.0,0.0,0.0,0.0,55.8,10.6,178.7,97.2,4.7,1.6,116.2,0.0,464.9,0.0,55.8,291.3,117.8,687,,SURENDRANAGAR,
Gujarat,Surendranagar,IMD110-P685,1983,0.0,0.0,0.0,1.8,0.0,48.0,246.1,260.2,73.5,24.7,0.0,0.0,654.3,0.0,1.8,627.8,24.7,687,,SURENDRANAGAR,
Gujarat,Surendranagar,IMD110-P685,1984,0.0,0.0,0.0,0.0,0.0,47.0,118.4,237.4,52.2,0.0,0.0,0.0,454.9,0.0,0.0,454.9,0.0,687,,SURENDRANAGAR,
Gujarat,Surendranagar,IMD110-P685,1985,0.0,0.0,0.0,0.0,0.3,12.5,162.2,67.0,18.0,113.3,0.0,0.0,373.3,0.0,0.3,259.7,113.3,687,,SURENDRANAGAR,
Gujarat,Surendranagar,IMD110-P685,1986,0.0,0.0,0.0,0.0,2.7,123.5,33.1,100.5,0.8,0.0,0.0,0.0,260.5,0.0,2.7,257.8,0.0,687,,SURENDRANAGAR,
Gujarat,Surendranagar,IMD110-P685,1987,0.0,0.0,0.0,0.0,1.3,74.7,27.8,28.1,1.9,0.0,4.8,0.3,138.8,0.0,1.3,132.4,5.1,687,,SURENDRANAGAR,
Gujarat,Surendranagar,IMD110-P685,1988,0.0,0.0,0.0,0.0,0.0,12.6,339.7,138.4,124.8,4.5,0.0,0.0,620.0,0.0,0.0,615.5,4.5,687,,SURENDRANAGAR,
Gujarat,Surendranagar,IMD110-P685,1989,0.0,0.0,0.0,0.0,0.0,70.4,287.7,84.5,40.9,0.0,0.0,0.0,483.5,0.0,0.0,483.5,0.0,687,,SURENDRANAGAR,
Gujarat,Surendranagar,IMD110-P685,1990,0.0,0.0,0.0,0.0,6.4,22.1,21.7,441.8,105.1,9.3,0.0,5.1,611.4,0.0,6.4,590.6,14.4,687,,SURENDRANAGAR,
Gujarat,Surendranagar,IMD110-P685,1991,0.0,0.0,0.0,0.0,0.0,7.9,166.1,33.5,12.2,0.0,0.0,0.0,219.7,0.0,0.0,219.7,0.0,687,,SURENDRANAGAR,
Gujarat,Surendranagar,IMD110-P685,1992,0.0,0.0,0.0,0.0,0.0,90.8,201.7,124.8,100.8,4.6,1.8,0.0,524.4,0.0,0.0,518.1,6.3,687,,SURENDRANAGAR,
Gujarat,Surendranagar,IMD110-P685,1993,0.0,1.1,0.0,0.0,0.0,65.7,271.8,4.5,85.4,11.7,14.7,0.0,454.8,1.1,0.0,427.3,26.4,687,,SURENDRANAGAR,
Gujarat,Surendranagar,IMD110-P685,1994,6.8,0.0,0.0,0.0,0.0,132.8,213.6,168.4,211.9,0.0,0.0,0.0,733.5,6.8,0.0,726.7,0.0,687,,SURENDRANAGAR,
Gujarat,Surendranagar,IMD110-P685,1995,0.0,0.0,0.0,0.0,0.0,0.0,262.0,25.6,47.3,23.1,0.0,0.0,358.0,0.0,0.0,334.9,23.1,687,,SURENDRANAGAR,
Gujarat,Surendranagar,IMD110-P685,1996,0.8,0.0,0.0,0.0,0.0,133.4,167.6,55.8,24.8,17.4,0.0,0.0,399.8,0.8,0.0,381.6,17.4,687,,SURENDRANAGAR,
Gujarat,Surendranagar,IMD110-P685,1997,0.5,0.0,0.0,1.3,15.1,574.5,43.5,150.5,85.6,1.6,0.0,0.0,872.6,0.5,16.4,854.1,1.6,687,,SURENDRANAGAR,
Gujarat,Surendranagar,IMD110-P685,1998,0.0,0.0,0.0,0.0,0.0,74.2,128.3,82.9,92.2,102.6,0.0,0.0,480.2,0.0,0.0,377.5,102.6,687,,SURENDRANAGAR,
Gujarat,Surendranagar,IMD110-P685,2001,0.0,0.0,0.0,0.0,0.0,197.3,227.6,160.9,7.4,2.6,0.0,0.0,595.8,0.0,0.0,593.2,2.6,687,,SURENDRANAGAR,
Gujarat,Surendranagar,IMD110-P685,2002,0.0,0.0,0.0,0.0,0.0,203.7,4.8,87.0,23.5,0.0,0.0,0.0,319.0,0.0,0.0,319.0,0.0,687,,SURENDRANAGAR,
Gujarat,Surendranagar,IMD110-P685,2003,0.0,0.0,0.0,0.0,0.0,97.4,244.1,162.4,53.9,0.0,0.0,0.0,557.8,0.0,0.0,557.8,0.0,687,,SURENDRANAGAR,
Gujarat,Surendranagar,IMD110-P685,2004,0.0,0.0,0.0,0.0,2.3,91.6,134.2,331.6,32.3,,0.0,0.0,,0.0,2.3,589.7,,687,missing_months,SURENDRANAGAR,
Gujarat,Surendranagar,IMD110-P685,2005,0.0,0.0,,0.0,0.0,310.2,173.1,136.6,347.4,,0.0,0.0,,0.0,,967.3,,687,missing_months,SURENDRANAGAR,
Gujarat,Surendranagar,IMD110-P685,2006,0.0,0.0,0.1,0.0,0.0,67.8,373.4,107.6,103.9,0.0,0.0,0.0,652.8,0.0,0.1,652.7,0.0,687,,SURENDRANAGAR,
Gujarat,Surendranagar,IMD110-P685,2007,0.0,0.0,0.0,0.0,,126.6,372.2,227.9,109.9,3.2,0.0,0.0,,0.0,,836.6,3.2,687,missing_months,SURENDRANAGAR,
Gujarat,Surendranagar,IMD110-P685,2008,0.0,0.0,0.0,2.7,0.0,39.8,101.8,167.5,418.6,12.1,0.0,8.7,751.2,0.0,2.7,727.7,20.8,687,,SURENDRANAGAR,
Gujarat,Surendranagar,IMD110-P685,2009,0.0,0.0,0.0,0.0,0.0,32.0,201.2,67.5,0.9,0.2,0.0,0.0,301.8,0.0,0.0,301.6,0.2,687,,SURENDRANAGAR,
Gujarat,Surendranagar,IMD110-P685,2010,0.0,0.0,0.0,0.0,0.0,58.1,292.5,381.3,113.0,3.7,54.1,0.0,902.7,0.0,0.0,844.9,57.8,687,,SURENDRANAGAR,
Gujarat,Tapi,IMD110-P688,1901,3.8,0.0,0.0,1.5,19.6,61.0,437.9,282.7,46.2,68.1,0.0,0.0,920.8,3.8,21.1,827.8,68.1,688,,TAPI,
Gujarat,Tapi,IMD110-P688,1902,6.4,0.0,0.0,0.0,0.0,52.2,561.6,527.4,314.3,12.7,17.5,19.6,1511.7,6.4,0.0,1455.5,49.8,688,,TAPI,
Gujarat,Tapi,IMD110-P688,1903,0.0,0.0,0.0,0.0,13.9,102.5,821.3,380.8,280.8,3.8,0.0,0.0,1603.1,0.0,13.9,1585.4,3.8,688,,TAPI,
Gujarat,Tapi,IMD110-P688,1904,0.0,9.5,49.8,0.0,0.0,39.2,173.6,202.3,377.1,9.3,0.0,2.6,863.4,9.5,49.8,792.2,11.9,688,,TAPI,
Gujarat,Tapi,IMD110-P688,1905,0.0,1.5,0.0,0.0,0.0,70.3,749.7,81.8,53.7,6.1,0.0,0.0,963.1,1.5,0.0,955.5,6.1,688,,TAPI,
Gujarat,Tapi,IMD110-P688,1906,0.0,1.3,0.0,0.0,0.0,259.6,685.7,298.6,119.3,0.6,0.0,0.0,1365.1,1.3,0.0,1363.2,0.6,688,,TAPI,
Gujarat,Tapi,IMD110-P688,1907,0.0,0.0,0.0,0.0,0.0,206.8,502.6,621.7,31.8,0.0,0.0,0.0,1362.9,0.0,0.0,1362.9,0.0,688,,TAPI,
Gujarat,Tapi,IMD110-P688,1908,11.2,0.0,0.0,0.0,0.0,232.3,846.6,295.3,81.5,6.9,0.0,0.0,1473.8,11.2,0.0,1455.7,6.9,688,,TAPI,
Gujarat,Tapi,IMD110-P688,1909,0.0,0.0,0.0,0.0,0.0,333.6,919.2,253.1,159.1,1.5,0.0,9.7,1676.2,0.0,0.0,1665.0,11.2,688,,TAPI,
Gujarat,Tapi,IMD110-P688,1910,0.0,0.0,0.0,0.0,0.0,352.7,387.2,439.7,94.2,35.7,11.9,0.0,1321.4,0.0,0.0,1273.8,47.6,688,,TAPI,
Gujarat,Tapi,IMD110-P688,1911,1.8,0.0,7.9,0.0,1.0,227.0,159.4,330.9,60.1,0.0,1.3,0.0,789.4,1.8,8.9,777.4,1.3,688,,TAPI,
Gujarat,Tapi,IMD110-P688,1912,0.0,0.0,0.0,0.0,0.0,254.3,1208.8,337.2,50.8,16.8,172.7,0.0,2040.6,0.0,0.0,1851.1,189.5,688,,TAPI,
Gujarat,Tapi,IMD110-P688,1913,0.0,0.0,0.0,0.0,0.5,526.7,426.5,206.3,148.6,0.5,0.0,0.0,1309.1,0.0,0.5,1308.1,0.5,688,,TAPI,
Gujarat,Tapi,IMD110-P688,1914,0.0,1.6,0.0,0.0,0.0,293.6,822.9,212.8,422.9,21.6,1.0,0.0,1776.4,1.6,0.0,1752.2,22.6,688,,TAPI,
Gujarat,Tapi,IMD110-P688,1915,0.8,1.0,7.8,4.1,0.0,284.6,264.0,300.4,100.0,71.7,6.9,0.0,1041.3,1.8,11.9,949.0,78.6,688,,TAPI,
Gujarat,Tapi,IMD110-P688,1916,0.0,0.0,0.0,0.0,2.5,159.1,215.4,414.6,264.8,28.0,1.3,0.0,1085.7,0.0,2.5,1053.9,29.3,688,,TAPI,
Gujarat,Tapi,IMD110-P688,1917,0.0,0.5,0.0,0.0,72.1,127.1,455.1,567.7,426.6,449.6,0.0,0.0,2098.7,0.5,72.1,1576.5,449.6,688,,TAPI,
Gujarat,Tapi,IMD110-P688,1918,0.0,0.0,0.0,0.0,3.0,33.4,456.5,313.9,24.9,0.0,0.0,0.0,831.7,0.0,3.0,828.7,0.0,688,,TAPI,
Gujarat,Tapi,IMD110-P688,1919,11.7,0.0,0.0,0.0,0.0,204.2,529.9,649.6,99.8,96.6,7.9,0.0,1599.7,11.7,0.0,1483.5,104.5,688,,TAPI,
Gujarat,Tapi,IMD110-P688,1920,119.4,8.6,0.0,0.0,15.2,114.5,447.9,188.4,31.5,0.0,0.0,0.0,925.5,128.0,15.2,782.3,0.0,688,,TAPI,
Gujarat,Tapi,IMD110-P688,1921,0.0,0.0,0.0,0.0,0.0,20.3,774.9,319.1,519.0,0.0,0.0,0.0,1633.3,0.0,0.0,1633.3,0.0,688,,TAPI,
Gujarat,Tapi,IMD110-P688,1922,4.8,0.0,0.0,0.0,0.0,299.0,641.1,103.6,520.9,25.4,13.0,2.5,1610.3,4.8,0.0,1564.6,40.9,688,,TAPI,
Gujarat,Tapi,IMD110-P688,1923,0.0,11.2,3.3,0.0,0.0,0.0,796.7,238.6,124.9,0.0,0.0,0.0,1174.7,11.2,3.3,1160.2,0.0,688,,TAPI,
Gujarat,Tapi,IMD110-P688,1924,0.0,0.0,0.0,0.0,0.0,201.5,358.9,442.2,306.8,42.4,0.0,1.0,1352.8,0.0,0.0,1309.4,43.4,688,,TAPI,
Gujarat,Tapi,IMD110-P688,1925,0.0,0.0,0.0,0.0,167.2,403.7,251.7,198.7,67.6,0.0,0.0,1.0,1089.9,0.0,167.2,921.7,1.0,688,,TAPI,
Gujarat,Tapi,IMD110-P688,1926,31.5,0.0,0.0,0.0,20.8,41.9,1011.4,836.9,281.7,0.0,0.0,0.0,2224.2,31.5,20.8,2171.9,0.0,688,,TAPI,
Gujarat,Tapi,IMD110-P688,1927,0.0,11.4,0.0,0.0,0.0,283.9,752.3,205.1,223.8,83.6,35.0,0.4,1595.4,11.4,0.0,1465.0,119.0,688,,TAPI,
Gujarat,Tapi,IMD110-P688,1928,0.0,0.0,0.0,0.0,0.0,48.3,683.8,314.5,170.3,24.4,0.0,4.4,1245.8,0.0,0.0,1216.9,28.8,688,,TAPI,
Gujarat,Tapi,IMD110-P688,1929,0.5,0.0,0.0,3.8,0.0,118.0,654.3,183.5,60.1,36.8,0.0,17.8,1074.7,0.5,3.8,1015.8,54.5,688,,TAPI,
Gujarat,Tapi,IMD110-P688,1930,0.0,0.0,0.0,0.0,0.0,231.6,710.5,214.7,186.9,18.1,0.0,1.4,1363.3,0.0,0.0,1343.7,19.5,688,,TAPI,
Gujarat,Tapi,IMD110-P688,1931,0.0,0.0,0.0,0.0,2.5,29.3,830.7,814.5,163.4,239.3,0.0,0.8,2080.6,0.0,2.5,1837.9,240.1,688,,TAPI,
Gujarat,Tapi,IMD110-P688,1932,0.0,0.0,0.0,0.0,0.0,40.9,1017.6,184.0,348.1,74.9,0.0,0.0,1665.5,0.0,0.0,1590.6,74.9,688,,TAPI,
Gujarat,Tapi,IMD110-P688,1933,0.0,0.0,0.0,0.0,45.7,180.9,264.1,290.5,452.8,19.3,0.5,26.3,1280.0,0.0,45.7,1188.3,46.0,688,,TAPI,
Gujarat,Tapi,IMD110-P688,1934,0.4,0.0,0.0,0.0,0.0,261.4,404.7,524.0,92.6,1.3,49.7,0.0,1333.9,0.4,0.0,1282.6,50.9,688,,TAPI,
Gujarat,Tapi,IMD110-P688,1935,0.3,0.0,0.0,0.0,0.0,184.6,571.2,255.8,310.9,4.4,0.0,0.0,1327.0,0.3,0.0,1322.4,4.4,688,,TAPI,
Gujarat,Tapi,IMD110-P688,1936,0.0,0.0,0.0,0.0,5.6,282.7,311.8,171.8,160.2,0.0,145.4,0.0,1077.5,0.0,5.6,926.5,145.4,688,,TAPI,
Gujarat,Tapi,IMD110-P688,1937,0.0,1.6,1.1,0.0,0.0,485.3,666.3,118.5,325.7,0.8,0.0,2.7,1602.1,1.6,1.1,1595.8,3.5,688,,TAPI,
Gujarat,Tapi,IMD110-P688,1938,0.0,0.0,0.0,0.0,10.0,533.3,550.1,319.6,119.4,89.5,0.0,0.0,1621.8,0.0,10.0,1522.3,89.5,688,,TAPI,
Gujarat,Tapi,IMD110-P688,1939,0.0,0.0,0.0,0.0,0.0,66.6,503.3,493.2,180.0,3.8,9.4,0.0,1256.3,0.0,0.0,1243.1,13.2,688,,TAPI,
Gujarat,Tapi,IMD110-P688,1940,4.6,26.2,7.3,9.5,13.9,174.1,513.8,372.0,378.0,346.9,12.6,0.0,1859.1,30.8,30.8,1437.9,359.5,688,,TAPI,
Gujarat,Tapi,IMD110-P688,1941,0.0,1.9,0.0,1.8,0.0,176.1,996.2,89.9,49.9,3.8,0.0,0.0,1319.5,1.9,1.8,1312.1,3.8,689,,TAPI,
Gujarat,Tapi,IMD110-P688,1942,0.0,8.3,0.0,0.0,0.0,251.8,862.4,468.2,326.5,0.0,0.0,0.0,1917.1,8.3,0.0,1908.8,0.0,689,,TAPI,
Gujarat,Tapi,IMD110-P688,1943,0.0,0.0,0.0,0.0,18.4,200.9,504.3,203.6,290.5,121.1,0.0,0.0,1338.9,0.0,18.4,1199.4,121.1,689,,TAPI,
Gujarat,Tapi,IMD110-P688,1944,0.0,0.0,8.6,0.0,3.2,120.8,1041.8,770.6,177.4,41.7,0.0,0.0,2164.1,0.0,11.8,2110.6,41.7,689,,TAPI,
Gujarat,Tapi,IMD110-P688,1945,6.9,0.0,0.0,0.0,0.0,372.5,987.0,511.5,569.6,14.6,0.0,0.0,2462.0,6.9,0.0,2440.5,14.6,689,,TAPI,
Gujarat,Tapi,IMD110-P688,1946,0.0,0.0,0.0,3.5,0.0,278.0,649.0,901.7,343.4,0.0,51.8,0.0,2227.5,0.0,3.5,2172.1,51.8,689,,TAPI,
Gujarat,Tapi,IMD110-P688,1947,0.0,0.0,0.0,31.0,0.0,0.0,379.6,342.3,406.4,2.3,0.0,0.0,1161.5,0.0,31.0,1128.3,2.3,689,,TAPI,
Gujarat,Tapi,IMD110-P688,1948,1.3,0.0,0.0,0.0,0.0,77.2,235.3,239.2,72.2,14.7,25.6,0.0,665.4,1.3,0.0,623.9,40.3,689,,TAPI,
Gujarat,Tapi,IMD110-P688,1949,0.0,0.0,0.0,0.0,11.3,75.1,611.0,264.0,664.8,77.3,0.4,0.0,1704.0,0.0,11.3,1614.9,77.8,689,,TAPI,
Gujarat,Tapi,IMD110-P688,1950,0.0,0.0,0.0,0.0,0.0,9.1,1095.6,165.9,314.5,7.6,0.0,0.0,1592.8,0.0,0.0,1585.2,7.6,689,,TAPI,
Gujarat,Tapi,IMD110-P688,1951,0.0,0.0,0.0,0.0,0.0,223.7,280.4,239.2,14.0,52.1,12.4,0.0,821.9,0.0,0.0,757.4,64.5,689,,TAPI,
Gujarat,Tapi,IMD110-P688,1952,0.0,0.0,0.0,0.0,0.0,213.5,613.8,116.4,19.9,2.2,0.0,0.0,965.8,0.0,0.0,963.6,2.2,689,,TAPI,
Gujarat,Tapi,IMD110-P688,1953,1.9,0.0,0.0,0.0,1.9,306.5,468.4,828.9,95.6,0.9,0.0,0.0,1703.9,1.9,1.9,1699.3,0.9,689,,TAPI,
Gujarat,Tapi,IMD110-P688,1954,0.0,1.3,0.7,0.0,0.0,181.6,569.6,314.5,797.1,33.4,0.0,15.7,1913.9,1.3,0.7,1862.8,49.2,689,,TAPI,
Gujarat,Tapi,IMD110-P688,1955,0.0,0.0,0.0,1.0,10.8,145.4,409.8,698.7,369.0,179.1,0.0,0.0,1813.7,0.0,11.8,1622.8,179.1,689,,TAPI,
Gujarat,Tapi,IMD110-P688,1956,0.0,0.0,0.0,0.0,75.2,140.2,1169.1,493.6,221.7,121.3,14.4,1.8,2237.2,0.0,75.2,2024.6,137.4,689,,TAPI,
Gujarat,Tapi,IMD110-P688,1957,0.0,0.0,0.0,0.0,15.1,157.5,367.2,328.3,61.1,23.9,3.2,0.0,956.4,0.0,15.1,914.2,27.1,689,,TAPI,
Gujarat,Tapi,IMD110-P688,1958,0.3,0.0,0.3,0.0,2.3,115.4,767.2,692.9,439.0,7.6,27.0,0.0,2052.2,0.3,2.6,2014.6,34.7,689,,TAPI,
Gujarat,Tapi,IMD110-P688,1959,0.0,0.0,0.0,3.1,0.0,121.1,1076.9,708.1,307.2,202.9,5.3,0.0,2424.6,0.0,3.1,2213.3,208.2,689,,TAPI,
Gujarat,Tapi,IMD110-P688,1960,0.0,0.0,0.0,0.0,8.4,109.7,470.4,392.2,105.8,37.5,0.0,0.0,1124.0,0.0,8.4,1078.1,37.5,689,,TAPI,
Gujarat,Tapi,IMD110-P688,1961,0.0,0.4,0.0,0.0,0.0,170.6,607.2,406.7,442.0,60.0,0.0,0.0,1686.9,0.4,0.0,1626.5,60.0,689,,TAPI,
Gujarat,Tapi,IMD110-P688,1962,0.0,0.0,6.3,7.9,4.1,69.4,468.7,184.4,252.1,0.0,21.2,2.7,1016.8,0.0,18.3,974.6,23.8,689,,TAPI,
Gujarat,Tapi,IMD110-P688,1963,5.1,0.0,0.1,0.0,0.0,220.8,540.1,855.2,229.6,34.1,55.2,0.0,1940.0,5.1,0.1,1845.6,89.3,689,,TAPI,
Gujarat,Tapi,IMD110-P688,1964,0.0,0.0,0.0,0.0,4.5,146.9,834.6,454.3,203.0,0.0,0.0,0.0,1643.3,0.0,4.5,1638.8,0.0,689,,TAPI,
Gujarat,Tapi,IMD110-P688,1965,7.2,0.0,0.0,0.0,4.3,7.9,729.3,256.3,65.6,0.0,13.6,0.0,1084.2,7.2,4.3,1059.1,13.6,689,,TAPI,
Gujarat,Tapi,IMD110-P688,1966,0.1,0.0,0.0,0.0,0.0,205.5,543.7,141.9,291.2,0.0,0.1,2.3,1184.8,0.1,0.0,1182.3,2.4,689,,TAPI,
Gujarat,Tapi,IMD110-P688,1967,0.0,0.0,17.7,3.3,0.0,108.5,625.2,274.8,157.1,0.0,0.0,18.1,1204.7,0.0,21.0,1165.5,18.1,689,,TAPI,
Gujarat,Tapi,IMD110-P688,1968,0.0,0.0,1.2,0.0,0.0,129.4,418.3,620.4,151.7,26.9,0.0,0.0,1348.0,0.0,1.2,1319.9,26.9,689,,TAPI,
Gujarat,Tapi,IMD110-P688,1970,0.0,0.0,0.0,0.0,0.0,556.0,361.7,807.5,646.8,3.3,0.0,0.0,2375.2,0.0,0.0,2372.0,3.3,689,,TAPI,
Gujarat,Tapi,IMD110-P688,1971,0.0,0.0,0.0,0.0,0.0,212.1,235.5,318.6,289.2,7.9,0.0,0.0,1063.3,0.0,0.0,1055.3,7.9,689,,TAPI,
Gujarat,Tapi,IMD110-P688,1972,0.0,0.0,0.0,0.0,10.5,109.7,311.5,216.9,56.1,0.0,0.0,0.0,704.6,0.0,10.5,694.1,0.0,689,,TAPI,
Gujarat,Tapi,IMD110-P688,1973,0.0,1.8,2.1,0.0,0.4,132.0,420.4,340.3,322.7,5.8,0.0,0.0,1225.5,1.8,2.5,1215.4,5.8,689,,TAPI,
Gujarat,Tapi,IMD110-P688,1974,0.0,0.0,0.0,0.0,69.1,41.5,265.8,238.6,111.1,91.7,0.0,0.0,817.9,0.0,69.1,657.0,91.7,689,,TAPI,
Gujarat,Tapi,IMD110-P688,1975,0.0,0.0,0.0,0.0,2.3,130.3,366.5,654.6,304.3,53.4,0.0,0.0,1511.3,0.0,2.3,1455.7,53.4,689,,TAPI,
Gujarat,Tapi,IMD110-P688,1976,0.0,0.0,0.0,0.0,0.0,714.3,1297.0,652.3,306.6,0.0,66.5,0.0,3036.6,0.0,0.0,2970.2,66.5,689,,TAPI,
Gujarat,Tapi,IMD110-P688,1977,0.0,0.0,0.0,0.0,29.6,705.3,662.2,537.1,364.2,0.0,42.3,0.0,2340.7,0.0,29.6,2268.8,42.3,689,,TAPI,
Gujarat,Tapi,IMD110-P688,1978,0.0,0.0,0.0,0.0,0.0,354.2,379.1,340.5,96.5,0.0,39.9,10.2,1220.3,0.0,0.0,1170.2,50.1,689,,TAPI,
Gujarat,Tapi,IMD110-P688,1979,0.0,0.0,0.0,0.0,0.0,194.8,340.0,839.0,167.3,1.2,137.9,0.0,1680.3,0.0,0.0,1541.1,139.2,689,,TAPI,
Gujarat,Tapi,IMD110-P688,1980,0.0,0.0,0.0,0.0,0.0,323.7,488.9,351.3,64.4,0.0,0.0,73.1,1301.2,0.0,0.0,1228.2,73.1,689,,TAPI,
Gujarat,Tapi,IMD110-P688,1981,0.3,0.0,0.0,0.0,0.0,235.8,651.1,399.1,310.8,102.0,10.1,0.0,1709.2,0.3,0.0,1596.8,112.0,689,,TAPI,
Gujarat,Tapi,IMD110-P688,1982,0.0,0.0,0.0,0.0,2.9,93.9,640.7,500.7,44.8,32.7,45.4,0.0,1361.2,0.0,2.9,1280.1,78.1,689,,TAPI,
Gujarat,Tapi,IMD110-P688,1983,0.0,0.0,0.0,0.8,0.0,135.3,817.9,502.3,419.3,96.1,0.0,0.0,1971.6,0.0,0.8,1874.7,96.1,690,,TAPI,
Gujarat,Tapi,IMD110-P688,1984,0.0,0.0,0.0,0.0,0.0,141.2,399.3,410.0,119.3,21.9,0.0,0.0,1091.7,0.0,0.0,1069.8,21.9,690,,TAPI,
Gujarat,Tapi,IMD110-P688,1985,0.0,0.0,0.0,0.0,0.0,41.4,369.5,389.6,50.3,48.4,0.0,0.0,899.3,0.0,0.0,850.8,48.4,690,,TAPI,
Gujarat,Tapi,IMD110-P688,1986,0.0,0.0,0.0,0.0,0.0,280.5,249.9,222.0,9.0,4.0,1.9,0.0,767.1,0.0,0.0,761.3,5.8,690,,TAPI,
Gujarat,Tapi,IMD110-P688,1987,0.0,0.0,0.0,0.0,0.0,170.6,222.4,248.9,9.9,4.2,10.7,20.0,686.6,0.0,0.0,651.8,34.9,690,,TAPI,
Gujarat,Tapi,IMD110-P688,1988,0.0,0.0,0.0,0.0,0.0,191.4,998.5,229.5,343.3,24.0,0.0,0.0,1786.6,0.0,0.0,1762.6,24.0,690,,TAPI,
Gujarat,Tapi,IMD110-P688,1989,0.0,0.0,0.0,0.0,0.0,196.1,636.7,402.1,124.3,0.0,0.0,0.0,1359.2,0.0,0.0,1359.2,0.0,690,,TAPI,
Gujarat,Tapi,IMD110-P688,1990,0.0,0.0,0.0,0.0,156.7,88.4,257.3,565.5,294.4,19.1,0.0,0.0,1381.4,0.0,156.7,1205.7,19.1,690,,TAPI,
Gujarat,Tapi,IMD110-P688,1992,0.0,0.0,0.0,0.0,0.0,388.6,285.8,399.0,339.0,51.2,0.0,0.0,1463.5,0.0,0.0,1412.4,51.2,690,,TAPI,
Gujarat,Tapi,IMD110-P688,1993,0.0,0.0,0.0,0.0,0.0,229.3,556.3,117.8,297.6,33.8,0.0,0.0,1234.8,0.0,0.0,1201.0,33.8,690,,TAPI,
Gujarat,Tapi,IMD110-P688,1994,0.0,0.0,0.0,0.0,0.0,609.5,747.9,408.7,251.8,0.0,0.0,0.0,2018.0,0.0,0.0,2018.0,0.0,690,,TAPI,
Gujarat,Tapi,IMD110-P688,1995,0.0,0.0,0.0,0.0,0.0,5.5,531.2,223.2,68.6,16.2,0.0,0.0,844.8,0.0,0.0,828.6,16.2,690,,TAPI,
Gujarat,Tapi,IMD110-P688,1996,0.0,0.0,0.0,0.0,0.0,201.8,491.0,321.0,167.8,0.0,0.0,0.0,1181.6,0.0,0.0,1181.6,0.0,690,,TAPI,
Gujarat,Tapi,IMD110-P688,1997,0.0,0.0,0.0,0.0,0.0,402.2,257.8,511.2,66.0,1.0,0.0,0.0,1238.2,0.0,0.0,1237.2,1.0,690,,TAPI,
Gujarat,Tapi,IMD110-P688,1998,0.0,0.0,0.0,0.0,0.0,147.2,570.8,305.8,344.2,57.0,11.2,0.0,1436.2,0.0,0.0,1368.0,68.2,690,,TAPI,
Gujarat,Tapi,IMD110-P688,2001,0.0,0.0,0.0,0.0,0.0,491.6,593.0,345.8,56.0,34.6,0.0,0.0,1521.0,0.0,0.0,1486.4,34.6,690,,TAPI,
Gujarat,Tapi,IMD110-P688,2002,0.0,0.0,0.0,0.0,0.0,385.0,115.2,492.8,219.0,0.0,0.0,0.0,1212.0,0.0,0.0,1212.0,0.0,690,,TAPI,
Gujarat,Tapi,IMD110-P688,2003,0.0,0.0,0.0,0.0,0.0,570.8,647.2,696.2,196.2,0.0,0.0,0.0,2110.4,0.0,0.0,2110.4,0.0,690,,TAPI,
Gujarat,Tapi,IMD110-P688,2004,0.0,0.0,0.0,0.0,0.0,253.6,452.0,1100.2,149.2,,0.0,0.0,,0.0,0.0,1955.0,,690,missing_months,TAPI,
Gujarat,Tapi,IMD110-P688,2005,0.0,0.0,,0.0,0.0,839.0,785.6,603.6,646.4,,0.0,0.0,,0.0,,2874.6,,690,missing_months,TAPI,
Gujarat,Tapi,IMD110-P688,2006,0.0,0.0,0.0,0.0,0.0,363.4,1354.4,525.4,122.8,48.2,0.0,0.0,2414.2,0.0,0.0,2366.0,48.2,690,,TAPI,
Gujarat,Tapi,IMD110-P688,2007,,0.0,0.0,0.0,,219.6,459.6,380.0,278.8,0.0,0.0,,,,,1338.0,,690,missing_months,TAPI,
Gujarat,Tapi,IMD110-P688,2008,0.0,0.0,0.0,0.0,0.0,90.4,417.4,479.0,403.0,37.2,0.0,0.0,1427.0,0.0,0.0,1389.8,37.2,690,,TAPI,
Gujarat,Tapi,IMD110-P688,2009,0.0,0.0,0.0,0.0,0.0,10.4,531.4,221.6,160.4,68.2,24.5,0.0,1016.5,0.0,0.0,923.8,92.7,690,,TAPI,
Gujarat,Tapi,IMD110-P688,2010,0.0,0.0,0.0,0.0,0.0,79.6,355.8,421.8,295.6,38.2,24.0,0.0,1215.0,0.0,0.0,1152.8,62.2,690,,TAPI,
Gujarat,Valsad / Bulsar,IMD110-P691,1901,7.2,0.0,0.0,3.6,11.5,323.3,470.3,321.8,44.9,21.7,0.0,0.0,1204.2,7.2,15.1,1160.2,21.7,691,,VALSAD,
Gujarat,Valsad / Bulsar,IMD110-P691,1902,1.7,0.0,0.0,0.0,0.2,44.0,648.6,562.4,422.1,4.6,5.3,18.1,1707.1,1.7,0.2,1677.1,28.0,691,,VALSAD,
Gujarat,Valsad / Bulsar,IMD110-P691,1903,0.0,0.0,0.0,0.0,40.2,91.6,877.2,427.3,351.9,14.2,0.0,0.0,1802.5,0.0,40.2,1748.1,14.2,691,,VALSAD,
Gujarat,Valsad / Bulsar,IMD110-P691,1904,0.0,5.5,23.3,0.0,0.0,139.9,317.1,182.8,116.5,15.3,0.0,4.9,805.4,5.5,23.3,756.4,20.1,691,,VALSAD,
Gujarat,Valsad / Bulsar,IMD110-P691,1905,0.2,1.6,0.0,0.0,0.0,20.2,576.8,113.9,134.9,11.3,3.8,0.0,862.7,1.8,0.0,845.8,15.1,691,,VALSAD,
Gujarat,Valsad / Bulsar,IMD110-P691,1906,0.0,9.2,0.0,0.0,0.0,286.6,668.0,281.1,97.6,10.3,0.0,0.0,1353.0,9.2,0.0,1333.4,10.3,691,,VALSAD,
Gujarat,Valsad / Bulsar,IMD110-P691,1907,1.4,0.2,0.0,3.5,0.0,163.2,853.7,653.5,31.2,0.0,0.0,0.0,1706.7,1.6,3.5,1701.6,0.0,691,,VALSAD,
Gujarat,Valsad / Bulsar,IMD110-P691,1908,6.8,0.2,0.0,0.0,0.0,96.9,1048.5,428.3,59.6,2.1,0.0,0.0,1642.5,7.0,0.0,1633.3,2.1,691,,VALSAD,
Gujarat,Valsad / Bulsar,IMD110-P691,1909,0.0,0.0,0.0,0.2,0.4,481.6,779.5,244.5,264.4,10.4,0.0,5.1,1786.1,0.0,0.6,1770.0,15.5,691,,VALSAD,
Gujarat,Valsad / Bulsar,IMD110-P691,1910,0.1,0.0,0.0,0.0,0.0,336.9,350.2,616.0,133.2,54.8,15.3,0.0,1506.6,0.1,0.0,1436.3,70.1,691,,VALSAD,
Gujarat,Valsad / Bulsar,IMD110-P691,1911,3.8,0.0,9.1,0.0,0.0,201.7,202.8,315.5,104.7,0.0,9.2,0.0,846.7,3.8,9.1,824.8,9.2,691,,VALSAD,
Gujarat,Valsad / Bulsar,IMD110-P691,1912,0.0,0.0,0.0,0.0,0.0,234.5,1229.3,302.9,84.3,27.8,135.1,0.0,2013.9,0.0,0.0,1851.0,162.9,691,,VALSAD,
Gujarat,Valsad / Bulsar,IMD110-P691,1913,0.0,0.0,0.0,0.0,0.3,959.6,440.2,361.4,117.2,6.4,0.0,0.0,1885.0,0.0,0.3,1878.3,6.4,691,,VALSAD,
Gujarat,Valsad / Bulsar,IMD110-P691,1914,0.0,6.3,0.0,3.5,0.0,507.6,831.7,201.7,407.8,2.3,5.6,0.0,1966.6,6.3,3.5,1948.8,8.0,691,,VALSAD,
Gujarat,Valsad / Bulsar,IMD110-P691,1915,7.2,2.1,0.8,5.0,0.0,340.5,296.7,259.1,120.5,129.7,0.3,0.5,1162.4,9.3,5.8,1016.9,130.4,691,,VALSAD,
Gujarat,Valsad / Bulsar,IMD110-P691,1916,0.0,0.0,0.0,0.0,17.6,195.1,507.3,599.7,349.9,117.0,2.3,0.0,1788.9,0.0,17.6,1652.0,119.3,691,,VALSAD,
Gujarat,Valsad / Bulsar,IMD110-P691,1917,0.0,3.3,0.0,1.4,41.3,327.6,492.4,615.7,475.9,413.1,0.0,0.0,2370.8,3.3,42.7,1911.6,413.1,691,,VALSAD,
Gujarat,Valsad / Bulsar,IMD110-P691,1918,2.1,0.0,0.0,0.0,65.7,118.6,271.5,490.9,30.5,0.0,2.3,0.0,981.5,2.1,65.7,911.4,2.3,691,,VALSAD,
Gujarat,Valsad / Bulsar,IMD110-P691,1919,17.7,0.0,0.1,0.0,0.0,224.7,797.2,488.0,170.5,82.7,10.5,0.0,1791.4,17.7,0.1,1680.4,93.3,691,,VALSAD,
Gujarat,Valsad / Bulsar,IMD110-P691,1920,80.2,5.8,0.0,0.2,1.3,243.5,365.9,257.4,129.7,0.0,0.0,0.0,1083.9,86.0,1.5,996.5,0.0,691,,VALSAD,
Gujarat,Valsad / Bulsar,IMD110-P691,1921,0.0,0.0,0.0,0.0,0.0,168.4,1257.9,402.6,559.3,0.4,0.0,0.0,2388.6,0.0,0.0,2388.2,0.4,691,,VALSAD,
Gujarat,Valsad / Bulsar,IMD110-P691,1922,0.2,0.0,0.0,0.0,0.0,299.3,647.2,161.5,471.3,9.7,5.2,1.4,1595.6,0.2,0.0,1579.2,16.3,691,,VALSAD,
Gujarat,Valsad / Bulsar,IMD110-P691,1923,0.0,10.4,3.6,0.0,0.0,6.9,920.5,342.8,198.2,0.0,0.0,0.0,1482.4,10.4,3.6,1468.3,0.0,691,,VALSAD,
Gujarat,Valsad / Bulsar,IMD110-P691,1924,0.0,0.0,0.0,0.1,0.0,159.1,487.4,472.1,277.1,4.0,0.0,0.0,1399.7,0.0,0.1,1395.6,4.0,691,,VALSAD,
Gujarat,Valsad / Bulsar,IMD110-P691,1925,0.0,0.0,0.0,0.0,72.9,588.5,215.4,180.8,89.0,0.0,1.4,0.8,1148.7,0.0,72.9,1073.7,2.2,691,,VALSAD,
Gujarat,Valsad / Bulsar,IMD110-P691,1926,10.6,0.0,0.0,2.1,1.3,63.5,976.7,729.4,457.8,1.0,0.0,0.0,2242.4,10.6,3.4,2227.3,1.0,691,,VALSAD,
Gujarat,Valsad / Bulsar,IMD110-P691,1927,0.0,5.2,0.0,0.0,0.0,305.8,524.7,190.3,176.1,52.5,49.9,0.8,1305.5,5.2,0.0,1197.0,103.3,691,,VALSAD,
Gujarat,Valsad / Bulsar,IMD110-P691,1928,0.0,1.0,0.0,0.0,0.5,96.0,818.3,315.3,298.2,13.6,4.1,0.0,1546.9,1.0,0.5,1527.8,17.6,691,,VALSAD,
Gujarat,Valsad / Bulsar,IMD110-P691,1929,0.7,0.0,0.0,1.3,0.0,210.2,775.9,246.0,47.8,39.1,0.1,20.3,1341.4,0.7,1.3,1279.9,59.5,691,,VALSAD,
Gujarat,Valsad / Bulsar,IMD110-P691,1930,0.0,0.7,0.0,0.0,0.6,573.1,749.8,198.4,215.9,20.3,0.0,4.8,1763.8,0.7,0.6,1737.3,25.1,691,,VALSAD,
Gujarat,Valsad / Bulsar,IMD110-P691,1931,0.0,0.0,0.0,0.0,0.7,96.5,1010.1,597.8,123.6,287.0,11.8,2.3,2129.8,0.0,0.7,1828.0,301.1,691,,VALSAD,
Gujarat,Valsad / Bulsar,IMD110-P691,1932,0.0,0.0,0.0,0.0,0.0,134.9,1453.1,201.6,182.4,63.2,2.7,3.1,2041.1,0.0,0.0,1972.0,69.1,691,,VALSAD,
Gujarat,Valsad / Bulsar,IMD110-P691,1933,0.0,1.2,0.0,0.0,32.3,477.1,372.4,526.4,462.1,53.9,0.3,13.7,1939.5,1.2,32.3,1838.0,67.9,691,,VALSAD,
Gujarat,Valsad / Bulsar,IMD110-P691,1934,0.0,0.0,0.0,0.0,0.0,566.4,454.3,716.0,114.4,8.1,44.9,0.0,1904.1,0.0,0.0,1851.1,53.0,691,,VALSAD,
Gujarat,Valsad / Bulsar,IMD110-P691,1935,1.5,0.0,0.0,0.0,0.0,248.6,715.4,159.3,245.0,16.9,0.0,0.0,1386.8,1.5,0.0,1368.4,16.9,691,,VALSAD,
Gujarat,Valsad / Bulsar,IMD110-P691,1936,0.0,0.0,0.0,0.0,1.7,646.6,370.3,214.3,175.0,3.8,47.3,0.0,1458.9,0.0,1.7,1406.2,51.1,691,,VALSAD,
Gujarat,Valsad / Bulsar,IMD110-P691,1937,0.0,7.0,0.0,0.0,0.0,836.3,796.8,104.7,356.4,7.8,0.0,0.0,2109.0,7.0,0.0,2094.2,7.8,691,,VALSAD,
Gujarat,Valsad / Bulsar,IMD110-P691,1938,0.0,1.4,0.0,0.0,25.2,985.6,488.7,313.7,71.3,77.4,0.0,0.3,1963.6,1.4,25.2,1859.4,77.7,691,,VALSAD,
Gujarat,Valsad / Bulsar,IMD110-P691,1939,0.0,0.0,0.0,0.0,0.0,47.3,481.2,498.7,110.5,0.6,17.4,0.0,1155.6,0.0,0.0,1137.6,18.0,691,,VALSAD,
Gujarat,Valsad / Bulsar,IMD110-P691,1940,8.0,14.9,4.9,0.2,0.0,428.4,573.1,591.8,379.1,328.8,30.7,0.0,2360.1,23.0,5.2,1972.4,359.5,691,,VALSAD,
Gujarat,Valsad / Bulsar,IMD110-P691,1941,5.2,0.6,0.0,0.2,0.0,120.6,1076.6,100.5,70.0,16.8,0.0,0.0,1390.5,5.8,0.2,1367.7,16.8,692,,VALSAD,
Gujarat,Valsad / Bulsar,IMD110-P691,1942,0.0,12.7,0.0,0.0,0.0,449.2,1030.4,446.9,326.0,0.0,0.0,2.1,2267.3,12.7,0.0,2252.5,2.1,692,,VALSAD,
Gujarat,Valsad / Bulsar,IMD110-P691,1943,2.5,0.0,0.0,0.0,48.5,250.3,854.5,109.7,229.9,93.7,0.0,0.0,1589.2,2.5,48.5,1444.4,93.7,692,,VALSAD,
Gujarat,Valsad / Bulsar,IMD110-P691,1944,0.0,0.0,0.1,0.2,0.0,261.7,1155.7,844.9,51.2,75.5,0.0,0.0,2389.4,0.0,0.3,2313.6,75.5,692,,VALSAD,
Gujarat,Valsad / Bulsar,IMD110-P691,1945,7.8,0.0,0.0,0.0,0.0,415.4,1120.5,605.5,448.9,7.2,0.0,0.0,2605.4,7.8,0.0,2590.3,7.2,692,,VALSAD,
Gujarat,Valsad / Bulsar,IMD110-P691,1946,0.0,10.7,0.0,0.0,0.7,628.6,687.4,736.5,311.6,1.2,123.8,0.3,2501.0,10.7,0.7,2364.1,125.4,692,,VALSAD,
Gujarat,Valsad / Bulsar,IMD110-P691,1947,0.0,0.0,0.0,115.9,0.0,19.9,498.0,507.7,544.2,22.4,0.0,0.6,1708.7,0.0,115.9,1569.7,23.1,692,,VALSAD,
Gujarat,Valsad / Bulsar,IMD110-P691,1948,3.9,0.0,0.0,0.0,0.0,173.6,376.2,197.4,86.8,7.2,69.8,0.0,915.0,3.9,0.0,834.0,77.0,692,,VALSAD,
Gujarat,Valsad / Bulsar,IMD110-P691,1949,0.0,0.0,0.0,0.0,6.1,118.6,709.5,378.4,685.3,58.2,0.0,0.0,1956.2,0.0,6.1,1891.8,58.2,692,,VALSAD,
Gujarat,Valsad / Bulsar,IMD110-P691,1950,0.0,0.0,0.0,0.0,0.0,64.5,1372.5,138.4,638.5,7.6,0.0,0.0,2221.5,0.0,0.0,2213.9,7.6,692,,VALSAD,
Gujarat,Valsad / Bulsar,IMD110-P691,1951,0.0,0.0,0.0,0.4,0.0,183.4,507.5,281.7,42.1,91.2,29.5,7.0,1142.7,0.0,0.4,1014.7,127.6,692,,VALSAD,
Gujarat,Valsad / Bulsar,IMD110-P691,1952,0.0,0.0,0.0,0.0,0.0,491.0,596.4,115.2,52.0,4.4,0.0,0.0,1258.9,0.0,0.0,1254.5,4.4,692,,VALSAD,
Gujarat,Valsad / Bulsar,IMD110-P691,1953,0.0,0.0,0.0,0.4,0.0,506.5,580.8,800.6,265.4,2.9,0.0,0.0,2156.5,0.0,0.4,2153.3,2.9,692,,VALSAD,
Gujarat,Valsad / Bulsar,IMD110-P691,1954,0.1,3.4,3.9,0.0,0.0,391.7,1146.2,513.4,990.5,18.3,0.0,12.2,3079.6,3.4,3.9,3041.8,30.5,692,,VALSAD,
Gujarat,Valsad / Bulsar,IMD110-P691,1955,0.2,0.0,0.0,0.0,0.0,264.4,292.9,660.5,439.6,69.2,0.8,0.0,1727.6,0.2,0.0,1657.4,70.0,692,,VALSAD,
Gujarat,Valsad / Bulsar,IMD110-P691,1956,0.0,0.5,0.0,0.0,71.0,209.1,1010.1,279.2,251.5,112.1,7.3,0.0,1940.7,0.5,71.0,1749.9,119.4,692,,VALSAD,
Gujarat,Valsad / Bulsar,IMD110-P691,1957,0.0,0.0,0.0,0.0,9.8,334.1,561.2,347.9,51.3,13.3,3.2,0.0,1320.8,0.0,9.8,1294.5,16.5,692,,VALSAD,
Gujarat,Valsad / Bulsar,IMD110-P691,1958,0.2,0.0,0.3,0.0,0.0,344.4,892.9,877.9,564.8,9.5,8.7,0.0,2698.8,0.2,0.3,2680.1,18.2,692,,VALSAD,
Gujarat,Valsad / Bulsar,IMD110-P691,1959,0.0,0.0,0.0,0.3,0.7,346.6,1287.4,517.0,397.8,391.2,4.7,0.0,2945.7,0.0,1.1,2548.8,395.9,692,,VALSAD,
Gujarat,Valsad / Bulsar,IMD110-P691,1960,0.0,0.0,0.0,0.0,2.6,425.6,678.1,517.9,308.6,25.0,0.0,0.0,1957.8,0.0,2.6,1930.3,25.0,692,,VALSAD,
Gujarat,Valsad / Bulsar,IMD110-P691,1961,0.0,0.0,0.0,0.0,0.0,64.5,572.8,397.7,446.8,47.8,0.0,0.0,1529.7,0.0,0.0,1481.8,47.8,692,,VALSAD,
Gujarat,Valsad / Bulsar,IMD110-P691,1962,0.0,0.0,0.0,2.3,4.1,234.6,576.7,271.5,408.8,0.0,0.0,0.0,1498.0,0.0,6.4,1491.6,0.0,692,,VALSAD,
Gujarat,Valsad / Bulsar,IMD110-P691,1963,0.0,0.0,0.0,0.0,0.0,187.5,992.4,817.0,161.6,28.2,40.0,0.0,2226.8,0.0,0.0,2158.6,68.2,692,,VALSAD,
Gujarat,Valsad / Bulsar,IMD110-P691,1964,0.0,0.0,0.0,0.0,0.0,527.3,773.1,775.9,244.0,8.7,0.0,0.0,2329.0,0.0,0.0,2320.3,8.7,692,,VALSAD,
Gujarat,Valsad / Bulsar,IMD110-P691,1965,0.0,0.0,0.0,0.0,0.0,89.0,812.3,359.9,67.4,0.0,0.0,0.0,1328.7,0.0,0.0,1328.7,0.0,692,,VALSAD,
Gujarat,Valsad / Bulsar,IMD110-P691,1966,0.0,0.0,0.0,0.0,0.0,348.1,850.2,298.9,332.9,0.0,0.0,0.0,1830.1,0.0,0.0,1830.1,0.0,692,,VALSAD,
Gujarat,Valsad / Bulsar,IMD110-P691,1967,0.0,0.0,25.6,0.0,0.0,399.0,817.6,279.1,196.1,0.0,0.0,8.3,1725.5,0.0,25.6,1691.7,8.3,692,,VALSAD,
Gujarat,Valsad / Bulsar,IMD110-P691,1968,0.0,0.0,0.0,0.0,0.0,194.4,705.7,626.3,144.5,35.9,0.1,0.0,1706.9,0.0,0.0,1671.0,36.0,692,,VALSAD,
Gujarat,Valsad / Bulsar,IMD110-P691,1969,0.0,0.0,0.0,0.0,0.0,302.5,1071.8,349.0,671.1,0.0,12.9,0.0,2407.3,0.0,0.0,2394.4,12.9,692,,VALSAD,
Gujarat,Valsad / Bulsar,IMD110-P691,1970,0.0,0.0,0.0,0.0,7.2,450.1,625.1,1060.1,272.4,15.9,0.0,0.0,2430.8,0.0,7.2,2407.7,15.9,692,,VALSAD,
Gujarat,Valsad / Bulsar,IMD110-P691,1971,0.0,0.0,0.0,0.0,2.7,416.7,408.5,571.6,413.6,2.5,0.0,0.0,1815.6,0.0,2.7,1810.5,2.5,692,,VALSAD,
Gujarat,Valsad / Bulsar,IMD110-P691,1972,0.0,0.0,0.0,0.0,0.2,307.4,470.1,274.2,61.5,0.1,0.0,0.0,1113.6,0.0,0.2,1113.2,0.1,692,,VALSAD,
Gujarat,Valsad / Bulsar,IMD110-P691,1973,0.0,0.0,0.0,0.0,0.0,143.7,763.1,443.9,695.3,15.4,0.0,0.0,2061.4,0.0,0.0,2046.0,15.4,692,,VALSAD,
Gujarat,Valsad / Bulsar,IMD110-P691,1974,0.0,0.0,0.0,0.0,28.7,54.2,454.6,310.5,142.4,73.9,0.0,0.0,1064.4,0.0,28.7,961.7,73.9,692,,VALSAD,
Gujarat,Valsad / Bulsar,IMD110-P691,1975,0.0,0.0,0.0,0.0,0.2,548.7,442.3,819.4,333.8,32.9,0.0,0.0,2177.4,0.0,0.2,2144.2,32.9,692,,VALSAD,
Gujarat,Valsad / Bulsar,IMD110-P691,1976,0.0,0.0,0.0,0.0,0.0,515.6,1530.7,729.0,337.1,0.0,35.1,0.0,3147.5,0.0,0.0,3112.4,35.1,692,,VALSAD,
Gujarat,Valsad / Bulsar,IMD110-P691,1977,0.0,0.0,0.0,0.0,9.3,494.3,873.0,329.7,428.0,0.0,32.4,0.0,2166.7,0.0,9.3,2125.0,32.4,692,,VALSAD,
Gujarat,Valsad / Bulsar,IMD110-P691,1978,0.0,0.0,0.0,0.0,0.0,536.0,514.5,512.5,89.5,35.7,43.0,1.1,1732.3,0.0,0.0,1652.6,79.8,692,,VALSAD,
Gujarat,Valsad / Bulsar,IMD110-P691,1979,0.0,4.5,0.0,0.0,0.1,437.3,459.0,810.0,109.7,0.7,130.0,0.0,1951.3,4.5,0.1,1816.1,130.7,692,,VALSAD,
Gujarat,Valsad / Bulsar,IMD110-P691,1980,0.5,0.0,0.0,0.0,0.0,399.7,818.2,569.0,67.5,0.0,0.5,17.2,1872.5,0.5,0.0,1854.3,17.7,692,,VALSAD,
Gujarat,Valsad / Bulsar,IMD110-P691,1981,0.1,0.0,0.0,0.6,0.0,173.2,1086.8,419.9,403.8,129.3,10.0,0.0,2223.8,0.1,0.6,2083.7,139.3,692,,VALSAD,
Gujarat,Valsad / Bulsar,IMD110-P691,1982,0.0,0.0,0.0,0.0,2.6,130.0,647.8,731.6,151.4,0.0,53.8,0.0,1717.2,0.0,2.6,1660.8,53.8,693,,VALSAD,
Gujarat,Valsad / Bulsar,IMD110-P691,1983,0.0,0.0,0.0,0.0,0.0,217.6,1174.6,897.3,533.6,179.5,0.0,0.0,3002.7,0.0,0.0,2823.1,179.5,693,,VALSAD,
Gujarat,Valsad / Bulsar,IMD110-P691,1984,0.0,0.0,0.0,0.0,0.0,337.4,717.9,500.0,150.8,41.0,35.3,0.0,1782.3,0.0,0.0,1706.0,76.2,693,,VALSAD,
Gujarat,Valsad / Bulsar,IMD110-P691,1985,0.0,0.0,0.0,0.0,4.2,88.4,625.6,642.8,78.8,106.7,0.0,0.0,1546.6,0.0,4.2,1435.7,106.7,693,,VALSAD,
Gujarat,Valsad / Bulsar,IMD110-P691,1986,0.0,0.0,0.0,0.0,0.0,414.8,690.0,305.3,23.9,0.0,0.0,0.0,1433.9,0.0,0.0,1433.9,0.0,693,,VALSAD,
Gujarat,Valsad / Bulsar,IMD110-P691,1987,0.0,0.0,0.0,0.0,0.0,203.4,572.3,616.3,32.7,6.0,99.1,0.0,1529.8,0.0,0.0,1424.7,105.1,693,,VALSAD,
Gujarat,Valsad / Bulsar,IMD110-P691,1988,0.0,0.0,0.0,2.9,0.0,196.8,1230.0,408.0,424.6,23.2,0.0,0.0,2285.6,0.0,2.9,2259.4,23.2,693,,VALSAD,
Gujarat,Valsad / Bulsar,IMD110-P691,1989,6.4,0.0,0.0,0.0,0.0,255.3,845.9,349.9,204.0,16.3,0.0,0.0,1677.8,6.4,0.0,1655.2,16.3,693,,VALSAD,
Gujarat,Valsad / Bulsar,IMD110-P691,1990,0.0,0.0,0.0,0.0,76.8,277.7,360.4,557.0,577.6,43.1,2.3,0.0,1894.9,0.0,76.8,1772.7,45.4,693,,VALSAD,
Gujarat,Valsad / Bulsar,IMD110-P691,1991,0.0,0.0,0.0,0.7,0.0,368.8,1023.4,536.2,64.6,0.0,0.0,0.0,1993.7,0.0,0.7,1993.0,0.0,693,,VALSAD,
Gujarat,Valsad / Bulsar,IMD110-P691,1992,0.0,0.0,0.0,0.0,0.0,472.5,479.3,855.9,415.9,31.9,0.0,0.0,2255.5,0.0,0.0,2223.6,31.9,693,,VALSAD,
Gujarat,Valsad / Bulsar,IMD110-P691,1993,0.0,0.0,0.0,0.0,0.0,535.7,951.2,251.7,597.1,156.2,0.0,0.0,2491.9,0.0,0.0,2335.7,156.2,693,,VALSAD,
Gujarat,Valsad / Bulsar,IMD110-P691,1994,16.3,0.0,0.0,0.0,0.0,1210.7,1286.0,670.6,316.0,0.0,0.0,0.0,3499.5,16.3,0.0,3483.1,0.0,693,,VALSAD,
Gujarat,Valsad / Bulsar,IMD110-P691,1995,3.2,0.0,0.0,0.0,0.2,41.0,1081.9,188.9,195.6,51.7,0.0,0.0,1562.6,3.2,0.2,1507.5,51.7,693,,VALSAD,
Gujarat,Valsad / Bulsar,IMD110-P691,1996,0.0,0.0,0.0,0.0,0.0,154.5,800.2,702.7,182.8,75.7,0.0,0.0,1915.9,0.0,0.0,1840.2,75.7,693,,VALSAD,
Gujarat,Valsad / Bulsar,IMD110-P691,1997,0.3,0.0,0.0,0.6,0.6,217.1,759.4,532.6,224.5,11.5,5.2,1.6,1753.5,0.3,1.2,1733.6,18.3,693,,VALSAD,
Gujarat,Valsad / Bulsar,IMD110-P691,1998,0.0,0.0,0.0,0.0,0.0,195.3,601.1,479.4,550.0,124.6,17.0,0.0,1967.3,0.0,0.0,1825.8,141.6,693,,VALSAD,
Gujarat,Valsad / Bulsar,IMD110-P691,1999,0.0,5.2,0.0,0.0,0.4,449.7,667.4,177.6,279.2,211.9,0.0,0.0,1791.4,5.2,0.4,1573.8,211.9,693,,VALSAD,
Gujarat,Valsad / Bulsar,IMD110-P691,2000,0.0,0.0,0.0,0.0,37.1,132.0,,318.3,26.2,0.0,0.0,8.4,,0.0,37.1,,8.4,693,missing_months,VALSAD,
Gujarat,Valsad / Bulsar,IMD110-P691,2001,0.4,0.0,0.0,0.0,1.2,495.4,651.6,860.6,73.3,25.9,4.1,0.0,2112.6,0.4,1.2,2081.0,30.0,693,,VALSAD,
Gujarat,Valsad / Bulsar,IMD110-P691,2002,0.0,0.0,0.6,0.0,0.8,883.1,132.9,606.5,95.3,4.4,0.0,0.0,1723.6,0.0,1.4,1717.8,4.4,693,,VALSAD,
Gujarat,Valsad / Bulsar,IMD110-P691,2003,0.8,1.6,0.0,0.0,0.0,507.7,936.9,525.5,294.1,0.0,0.0,0.0,2266.6,2.4,0.0,2264.1,0.0,693,,VALSAD,
Gujarat,Valsad / Bulsar,IMD110-P691,2004,0.0,0.0,0.0,0.0,9.2,415.4,803.6,1232.5,128.7,14.7,0.0,0.0,2604.1,0.0,9.2,2580.2,14.7,693,,VALSAD,
Gujarat,Valsad / Bulsar,IMD110-P691,2005,0.0,0.0,0.0,0.0,0.0,1131.3,601.0,486.6,669.3,15.9,0.0,0.0,2904.0,0.0,0.0,2888.1,15.9,693,,VALSAD,
Gujarat,Valsad / Bulsar,IMD110-P691,2006,0.0,0.0,0.0,0.0,5.8,318.5,1082.1,842.4,190.3,31.8,4.4,0.0,2475.3,0.0,5.8,2433.3,36.1,693,,VALSAD,
Gujarat,Valsad / Bulsar,IMD110-P691,2007,0.0,0.0,0.0,0.0,4.8,267.7,756.0,731.3,473.7,0.0,11.2,0.0,2244.7,0.0,4.8,2228.7,11.2,693,,VALSAD,
Gujarat,Valsad / Bulsar,IMD110-P691,2008,0.0,0.0,0.0,0.0,0.0,208.9,826.8,946.6,374.3,17.4,0.1,0.0,2374.1,0.0,0.0,2356.5,17.5,693,,VALSAD,
Gujarat,Valsad / Bulsar,IMD110-P691,2009,0.0,0.0,0.1,0.0,0.0,117.8,1185.4,192.8,255.7,93.4,30.7,0.0,1875.9,0.0,0.1,1751.6,124.2,693,,VALSAD,
Gujarat,Valsad / Bulsar,IMD110-P691,2010,0.0,0.0,0.0,0.0,0.0,171.8,767.2,914.2,584.5,73.8,31.8,0.0,2543.2,0.0,0.0,2437.6,105.6,693,,VALSAD,
