state_source,district_source,series_id,year,jan_mm,feb_mm,mar_mm,apr_mm,may_mm,jun_mm,jul_mm,aug_mm,sep_mm,oct_mm,nov_mm,dec_mm,annual_mm,jf_mm,mam_mm,jjas_mm,ond_mm,source_page,quality_flags,district_table_label,duplicate_source_pages
Himachal Pradesh,Bilaspur,IMD110-P759,1954,115.6,190.0,15.7,0.0,0.0,45.7,360.7,333.3,309.9,95.3,0.0,0.0,1466.2,305.6,15.7,1049.6,95.3,759,,BILASPUR,
Himachal Pradesh,Bilaspur,IMD110-P759,1955,76.5,13.5,58.6,30.2,24.9,40.2,282.5,346.6,193.9,287.4,0.0,5.1,1359.4,90.0,113.7,863.2,292.5,759,,BILASPUR,
Himachal Pradesh,Bilaspur,IMD110-P759,1956,22.8,30.2,94.6,9.6,8.6,124.6,384.3,334.5,88.2,175.0,0.0,10.3,1282.7,53.0,112.8,931.6,185.3,759,,BILASPUR,
Himachal Pradesh,Bilaspur,IMD110-P759,1957,137.2,2.8,82.4,26.7,29.4,70.1,410.6,365.0,259.5,54.3,34.8,65.4,1538.3,140.0,138.5,1105.3,154.5,759,,BILASPUR,
Himachal Pradesh,Bilaspur,IMD110-P759,1958,50.3,2.7,46.8,13.9,14.0,70.1,425.7,269.0,199.1,55.2,0.0,57.6,1204.4,53.0,74.7,964.0,112.8,759,,BILASPUR,
Himachal Pradesh,Bilaspur,IMD110-P759,1959,87.3,55.0,56.3,4.9,14.9,30.5,470.9,272.6,331.2,27.2,23.2,0.0,1374.1,142.4,76.1,1105.2,50.4,759,,BILASPUR,
Himachal Pradesh,Bilaspur,IMD110-P759,1960,39.4,0.0,51.9,12.1,27.6,50.0,595.9,317.0,36.4,3.9,1.1,63.0,1198.2,39.4,91.5,999.3,67.9,759,,BILASPUR,
Himachal Pradesh,Bilaspur,IMD110-P759,1961,117.1,193.2,11.9,12.8,3.0,126.5,473.5,350.1,98.1,52.7,15.3,23.1,1477.4,310.3,27.7,1048.3,91.1,759,,BILASPUR,
Himachal Pradesh,Bilaspur,IMD110-P759,1962,65.8,55.1,72.1,34.9,5.2,95.1,291.5,197.7,438.5,0.0,54.7,16.9,1327.3,120.9,112.2,1022.7,71.6,759,,BILASPUR,
Himachal Pradesh,Bilaspur,IMD110-P759,1963,14.9,25.8,167.9,17.0,19.1,142.5,288.9,295.9,120.1,0.0,37.2,28.1,1157.3,40.6,203.9,847.4,65.3,759,,BILASPUR,
Himachal Pradesh,Bilaspur,IMD110-P759,1964,69.3,42.5,4.6,11.2,66.7,15.1,295.4,392.7,302.1,0.0,0.0,25.0,1224.6,111.8,82.5,1005.2,25.0,759,,BILASPUR,
Himachal Pradesh,Bilaspur,IMD110-P759,1965,25.9,86.5,99.9,65.5,102.1,40.7,197.4,135.3,58.6,31.4,14.6,7.5,865.5,112.4,267.5,432.0,53.5,759,,BILASPUR,
Himachal Pradesh,Bilaspur,IMD110-P759,1966,0.0,56.4,41.9,0.4,55.3,286.5,245.3,329.4,152.1,24.0,8.1,36.9,1236.4,56.4,97.7,1013.3,69.0,759,,BILASPUR,
Himachal Pradesh,Bilaspur,IMD110-P759,1967,0.0,23.5,137.4,0.9,6.7,59.1,517.1,409.3,170.9,40.8,4.8,77.6,1448.1,23.5,145.0,1156.4,123.2,759,,BILASPUR,
Himachal Pradesh,Bilaspur,IMD110-P759,1968,110.9,111.0,46.1,13.1,25.8,115.9,273.3,244.9,1.8,25.4,0.4,100.1,1068.6,221.9,85.0,635.9,125.8,759,,BILASPUR,
Himachal Pradesh,Bilaspur,IMD110-P759,1969,28.3,68.2,39.7,43.3,84.8,56.9,412.8,344.7,177.8,5.5,0.0,0.0,1261.9,96.4,167.8,992.2,5.5,759,,BILASPUR,
Himachal Pradesh,Bilaspur,IMD110-P759,1970,145.0,18.4,3.5,0.0,24.0,212.0,341.9,290.7,249.6,0.0,0.0,0.0,1285.1,163.4,27.5,1094.3,0.0,759,,BILASPUR,
Himachal Pradesh,Bilaspur,IMD110-P759,1971,66.6,87.6,0.3,13.8,147.9,267.5,334.0,690.2,121.2,11.7,19.5,0.0,1760.3,154.3,162.0,1412.8,31.2,759,,BILASPUR,
Himachal Pradesh,Bilaspur,IMD110-P759,1972,7.8,69.4,26.7,18.5,1.3,65.4,249.6,235.3,50.1,9.1,31.3,10.2,774.6,77.3,46.4,600.3,50.5,759,,BILASPUR,
Himachal Pradesh,Bilaspur,IMD110-P759,1973,63.8,63.7,19.7,0.0,34.4,249.5,357.5,373.1,165.8,19.4,0.0,30.3,1377.1,127.5,54.1,1145.9,49.7,759,,BILASPUR,
Himachal Pradesh,Bilaspur,IMD110-P759,1974,51.7,19.6,0.6,1.8,8.3,63.6,281.8,96.8,38.8,37.2,0.0,46.3,646.4,71.3,10.6,481.0,83.5,759,,BILASPUR,
Himachal Pradesh,Bilaspur,IMD110-P759,1975,68.5,32.4,75.3,0.0,3.8,97.5,132.9,173.8,115.5,7.0,0.0,0.0,706.5,100.9,79.0,519.6,7.0,759,,BILASPUR,
Himachal Pradesh,Bilaspur,IMD110-P759,1976,27.6,77.3,26.3,20.3,30.4,61.3,255.8,91.4,105.6,23.0,0.0,0.0,718.7,104.8,76.9,514.0,23.0,759,,BILASPUR,
Himachal Pradesh,Bilaspur,IMD110-P759,1977,55.9,0.3,0.0,65.4,87.2,37.4,237.4,211.6,282.3,0.0,0.0,54.8,1032.4,56.2,152.7,768.7,54.8,759,,BILASPUR,
Himachal Pradesh,Bilaspur,IMD110-P759,1978,7.7,120.3,127.1,3.0,3.0,453.9,333.2,566.9,187.3,16.6,97.6,1.6,1918.2,128.0,133.1,1541.3,115.8,759,,BILASPUR,
Himachal Pradesh,Bilaspur,IMD110-P759,1979,128.1,114.6,85.4,8.9,27.0,42.4,186.3,249.8,26.0,0.0,4.2,21.9,894.5,242.7,121.3,504.4,26.1,759,,BILASPUR,
Himachal Pradesh,Bilaspur,IMD110-P759,1980,22.8,47.4,106.9,8.6,6.1,61.2,570.3,125.0,81.2,41.8,32.3,33.9,1137.5,70.2,121.6,837.6,108.1,759,,BILASPUR,
Himachal Pradesh,Bilaspur,IMD110-P759,1981,28.5,11.1,60.3,5.0,77.1,68.1,456.7,144.4,93.0,0.0,80.3,2.2,1026.6,39.6,142.4,762.1,82.4,759,,BILASPUR,
Himachal Pradesh,Bilaspur,IMD110-P759,1982,190.4,82.8,216.8,159.6,103.7,181.0,199.4,288.8,18.6,4.5,6.2,33.7,1485.5,273.2,480.0,687.9,44.5,759,,BILASPUR,
Himachal Pradesh,Bilaspur,IMD110-P759,1983,142.3,72.7,62.9,121.9,117.0,113.0,247.7,256.2,218.8,11.2,0.0,20.1,1383.9,215.0,301.8,835.7,31.4,759,,BILASPUR,
Himachal Pradesh,Bilaspur,IMD110-P759,1984,7.6,101.5,16.5,21.4,20.3,146.7,175.1,252.9,121.3,0.0,4.7,5.6,873.5,109.1,58.1,696.0,10.3,759,,BILASPUR,
Himachal Pradesh,Bilaspur,IMD110-P759,1985,69.1,17.2,6.0,62.8,29.0,65.7,475.5,491.1,,113.5,0.0,42.3,,86.3,97.8,,155.8,759,missing_months,BILASPUR,
Himachal Pradesh,Bilaspur,IMD110-P759,1986,0.0,32.2,33.6,91.5,52.1,81.8,278.3,255.7,89.5,30.5,30.4,53.3,1028.8,32.2,177.2,705.3,114.1,759,,BILASPUR,
Himachal Pradesh,Bilaspur,IMD110-P759,1987,83.6,65.6,23.0,30.5,254.5,89.5,98.3,195.6,100.8,154.5,0.0,4.2,1100.2,149.2,308.0,484.3,158.7,759,,BILASPUR,
Himachal Pradesh,Bilaspur,IMD110-P759,1988,170.4,47.2,72.8,0.5,11.4,91.4,352.9,312.1,306.0,0.0,0.0,188.8,1553.6,217.6,84.8,1062.4,188.8,759,,BILASPUR,
Himachal Pradesh,Bilaspur,IMD110-P759,1989,131.0,16.8,65.2,2.1,16.5,,234.9,182.1,56.5,0.0,26.8,45.8,,147.8,83.8,,72.6,759,missing_months,BILASPUR,
Himachal Pradesh,Bilaspur,IMD110-P759,1990,8.0,113.3,87.9,6.2,51.3,25.5,238.8,270.6,148.1,2.5,3.0,98.0,1053.3,121.3,145.4,683.0,103.5,759,,BILASPUR,
Himachal Pradesh,Bilaspur,IMD110-P759,1991,0.0,101.2,45.7,46.3,0.0,35.2,128.0,319.9,116.7,2.0,,45.5,,101.2,91.9,599.8,,759,missing_months,BILASPUR,
Himachal Pradesh,Bilaspur,IMD110-P759,1992,25.8,39.1,27.5,2.0,23.3,50.5,173.0,395.7,82.2,3.0,4.0,0.0,826.1,64.8,52.8,701.4,7.0,759,,BILASPUR,
Himachal Pradesh,Bilaspur,IMD110-P759,1993,20.0,21.0,89.1,13.6,24.0,61.4,248.6,131.9,137.2,0.0,5.5,0.0,752.3,41.0,126.7,579.1,5.5,759,,BILASPUR,
Himachal Pradesh,Bilaspur,IMD110-P759,1994,25.6,184.3,7.1,41.8,79.5,134.5,334.5,904.0,229.0,0.0,0.0,11.7,1952.0,209.9,128.4,1602.0,11.7,760,,BILASPUR,
Himachal Pradesh,Bilaspur,IMD110-P759,1995,81.8,110.9,74.8,26.7,12.5,118.8,454.7,438.5,179.0,0.0,2.1,2.1,1501.9,192.7,114.0,1191.0,4.2,760,,BILASPUR,
Himachal Pradesh,Bilaspur,IMD110-P759,1996,81.6,187.4,59.8,43.8,31.9,358.5,328.8,536.3,361.9,50.5,0.0,0.0,2040.5,269.0,135.5,1585.5,50.5,760,,BILASPUR,
Himachal Pradesh,Bilaspur,IMD110-P759,1997,65.8,53.2,73.6,137.6,,101.2,289.6,485.2,306.6,64.1,192.6,170.8,,119.0,,1182.6,427.5,760,missing_months,BILASPUR,
Himachal Pradesh,Bilaspur,IMD110-P759,1998,0.0,189.5,188.9,123.2,65.4,189.2,449.4,392.0,509.9,84.8,0.0,0.0,2192.3,189.5,377.5,1540.5,84.8,760,,BILASPUR,
Himachal Pradesh,Bilaspur,IMD110-P759,1999,209.3,65.6,28.6,0.0,113.9,198.4,422.0,335.9,92.6,0.0,0.0,3.5,1469.8,274.9,142.5,1048.9,3.5,760,,BILASPUR,
Himachal Pradesh,Bilaspur,IMD110-P759,2000,76.7,51.3,46.8,0.0,65.5,150.3,278.8,178.0,56.9,0.0,0.0,0.0,904.3,127.9,112.3,664.0,0.0,760,,BILASPUR,
Himachal Pradesh,Bilaspur,IMD110-P759,2001,12.0,4.0,66.4,52.9,55.8,155.0,197.8,222.6,70.5,1.8,17.0,16.3,872.1,16.0,175.1,645.9,35.1,760,,BILASPUR,
Himachal Pradesh,Bilaspur,IMD110-P759,2002,34.9,41.7,37.8,44.1,13.2,66.2,143.9,173.4,174.0,13.5,0.0,0.0,742.7,76.6,95.1,557.5,13.5,760,,BILASPUR,
Himachal Pradesh,Bilaspur,IMD110-P759,2003,36.3,59.8,69.1,13.0,8.5,106.6,319.5,239.5,198.7,0.0,9.5,8.6,1069.2,96.1,90.6,864.3,18.1,760,,BILASPUR,
Himachal Pradesh,Bilaspur,IMD110-P759,2004,,4.5,0.0,19.4,43.7,73.3,188.5,263.8,25.8,60.3,0.0,16.5,,,63.1,551.4,76.8,760,missing_months,BILASPUR,
Himachal Pradesh,Bilaspur,IMD110-P759,2005,35.4,96.3,65.9,1.7,13.7,29.0,226.0,138.7,72.6,0.0,0.0,0.0,679.1,131.6,81.2,466.3,0.0,760,,BILASPUR,
Himachal Pradesh,Bilaspur,IMD110-P759,2006,47.7,0.0,64.0,23.6,42.7,82.3,282.2,373.8,89.0,32.6,2.6,13.3,1053.8,47.7,130.3,827.3,48.5,760,,BILASPUR,
Himachal Pradesh,Bilaspur,IMD110-P759,2007,0.0,128.7,158.1,,,,,,,,,,,128.7,,,,760,missing_months,BILASPUR,
Himachal Pradesh,Bilaspur,IMD110-P759,2008,,,,,,,168.2,274.3,247.7,1.0,,,,,,,,760,missing_months,BILASPUR,
Himachal Pradesh,Chamba,IMD110-P761,1921,,,,,,,,831.8,160.7,89.4,0.0,156.0,,,,,245.4,761,missing_months,CHAMBA,
Himachal Pradesh,Chamba,IMD110-P761,1922,175.8,95.7,23.6,36.2,5.1,127.6,605.9,756.7,359.5,41.1,0.0,86.6,2313.8,271.5,64.9,1849.7,127.7,761,,CHAMBA,
Himachal Pradesh,Chamba,IMD110-P761,1923,244.9,305.6,67.5,39.7,136.8,63.5,663.1,641.7,130.6,63.0,6.9,121.6,2484.9,550.5,244.0,1498.9,191.5,761,,CHAMBA,
Himachal Pradesh,Chamba,IMD110-P761,1924,58.8,226.4,51.0,16.2,53.1,0.0,432.0,602.3,261.7,3.0,36.8,150.1,1891.4,285.2,120.3,1296.0,189.9,761,,CHAMBA,
Himachal Pradesh,Chamba,IMD110-P761,1925,219.4,90.2,46.5,65.9,92.3,170.3,786.4,552.8,47.5,28.2,146.7,0.0,2246.2,309.6,204.7,1557.0,174.9,761,,CHAMBA,
Himachal Pradesh,Chamba,IMD110-P761,1926,104.1,44.8,149.0,119.8,99.7,11.6,408.8,656.8,136.9,0.0,10.2,17.6,1759.3,148.9,368.5,1214.1,27.8,761,,CHAMBA,
Himachal Pradesh,Chamba,IMD110-P761,1927,5.3,183.2,57.7,47.7,95.2,51.3,519.3,629.5,,12.2,0.0,10.2,,188.5,200.6,,22.4,761,missing_months,CHAMBA,
Himachal Pradesh,Chamba,IMD110-P761,1928,272.0,119.1,65.4,86.2,16.0,135.2,428.4,493.4,,0.0,118.1,205.4,,391.1,167.6,,323.5,761,missing_months,CHAMBA,
Himachal Pradesh,Chamba,IMD110-P761,1929,205.8,98.0,13.4,63.9,17.7,118.9,581.5,672.1,39.9,81.1,0.0,388.9,2281.2,303.8,95.0,1412.4,470.0,761,,CHAMBA,
Himachal Pradesh,Chamba,IMD110-P761,1930,191.9,111.1,98.3,149.2,33.8,215.1,569.4,257.3,194.8,12.2,0.0,10.2,1843.3,303.0,281.3,1236.6,22.4,761,,CHAMBA,
Himachal Pradesh,Chamba,IMD110-P761,1931,150.1,303.8,93.3,14.9,147.0,7.4,402.5,500.6,265.2,60.0,0.0,1.3,1946.1,453.9,255.2,1175.7,61.3,761,,CHAMBA,
Himachal Pradesh,Chamba,IMD110-P761,1932,107.7,120.8,131.8,29.7,80.6,53.7,675.9,493.1,162.9,2.3,9.7,71.2,1939.4,228.5,242.1,1385.6,83.2,761,,CHAMBA,
Himachal Pradesh,Chamba,IMD110-P761,1944,198.8,187.9,195.8,85.3,12.7,26.5,452.6,505.2,132.7,0.0,0.0,155.1,1952.6,386.7,293.8,1117.0,155.1,761,,CHAMBA,
Himachal Pradesh,Chamba,IMD110-P761,1945,525.7,11.2,171.9,170.7,16.0,94.3,636.9,512.1,482.5,26.7,11.4,19.9,2679.3,536.9,358.6,1725.8,58.0,761,,CHAMBA,
Himachal Pradesh,Chamba,IMD110-P761,1946,86.4,144.2,114.9,13.2,45.7,183.4,763.5,535.1,17.8,55.7,94.9,103.2,2158.0,230.6,173.8,1499.8,253.8,761,,CHAMBA,
Himachal Pradesh,Chamba,IMD110-P761,1947,184.2,63.7,93.6,0.0,24.7,56.5,494.3,466.6,,16.0,0.0,91.2,,247.9,118.3,,107.2,761,missing_months,CHAMBA,
Himachal Pradesh,Chamba,IMD110-P761,1948,62.3,304.0,836.7,101.5,30.5,109.1,717.4,658.6,193.6,6.4,0.0,112.5,3132.6,366.3,968.7,1678.7,118.9,761,,CHAMBA,
Himachal Pradesh,Chamba,IMD110-P761,1950,402.0,97.3,214.8,37.1,5.8,107.2,814.4,534.5,122.4,5.1,0.0,13.5,2354.1,499.3,257.7,1578.5,18.6,761,,CHAMBA,
Himachal Pradesh,Chamba,IMD110-P761,1951,107.2,100.0,68.5,134.1,107.6,46.9,197.9,381.3,77.0,23.1,40.9,29.1,1313.5,207.2,310.2,703.1,93.0,761,,CHAMBA,
Himachal Pradesh,Chamba,IMD110-P761,1952,63.5,115.5,180.5,24.5,49.1,104.1,141.7,299.1,29.3,5.7,6.6,62.0,1081.6,179.0,254.1,574.2,74.3,761,,CHAMBA,
Himachal Pradesh,Chamba,IMD110-P761,1953,190.5,38.4,67.3,104.9,27.1,105.1,323.8,322.4,119.9,29.9,19.1,92.9,1441.4,229.0,199.4,871.2,141.8,761,,CHAMBA,
Himachal Pradesh,Chamba,IMD110-P761,1954,213.7,246.4,101.1,5.9,59.2,41.7,206.0,220.3,372.3,26.0,15.4,24.0,1531.9,460.1,166.2,840.2,65.4,761,,CHAMBA,
Himachal Pradesh,Chamba,IMD110-P761,1955,146.7,34.3,122.4,72.1,89.1,102.5,275.1,326.6,126.3,625.1,0.0,26.3,1946.5,181.0,283.6,830.5,651.4,761,,CHAMBA,
Himachal Pradesh,Chamba,IMD110-P761,1956,104.7,62.3,169.6,58.8,23.2,130.3,377.1,225.3,122.2,174.6,12.3,75.3,1535.9,167.0,251.6,854.9,262.3,761,,CHAMBA,
Himachal Pradesh,Chamba,IMD110-P761,1957,270.2,44.1,189.1,146.9,117.6,58.9,404.1,374.0,177.1,130.0,93.6,143.5,2149.1,314.3,453.5,1014.2,367.1,761,,CHAMBA,
Himachal Pradesh,Chamba,IMD110-P761,1958,99.0,44.6,98.1,60.6,34.4,44.5,426.8,321.7,398.7,80.5,4.4,184.4,1797.7,143.7,193.0,1191.6,269.3,761,,CHAMBA,
Himachal Pradesh,Chamba,IMD110-P761,1959,175.9,272.0,138.0,70.2,82.2,122.2,507.5,325.8,234.3,127.6,109.7,3.0,2168.2,447.9,290.4,1189.7,240.3,761,,CHAMBA,
Himachal Pradesh,Chamba,IMD110-P761,1960,142.4,0.0,170.9,55.2,13.4,54.2,372.4,199.7,100.3,3.8,4.0,111.9,1228.2,142.4,239.4,726.6,119.7,761,,CHAMBA,
Himachal Pradesh,Chamba,IMD110-P761,1961,144.9,164.9,86.7,81.5,58.7,93.0,357.7,310.4,168.2,55.4,84.4,46.8,1652.8,309.8,227.0,929.4,186.6,761,,CHAMBA,
Himachal Pradesh,Chamba,IMD110-P761,1962,45.8,132.9,128.0,96.5,86.6,99.1,286.1,282.8,182.7,10.7,100.7,67.4,1519.2,178.7,311.0,850.7,178.9,761,,CHAMBA,
Himachal Pradesh,Chamba,IMD110-P761,1963,0.1,56.9,289.7,95.6,82.9,117.4,316.7,225.2,77.8,2.6,136.1,57.5,1458.4,57.0,468.2,737.1,196.1,761,,CHAMBA,
Himachal Pradesh,Chamba,IMD110-P761,1964,265.3,65.0,86.1,141.7,109.1,154.3,326.9,208.1,212.6,0.0,13.0,96.2,1678.3,330.3,336.9,901.8,109.2,761,,CHAMBA,
Himachal Pradesh,Chamba,IMD110-P761,1965,93.4,235.6,150.1,171.9,149.2,22.6,380.0,171.1,34.8,21.2,18.4,53.3,1501.7,329.0,471.2,608.6,93.0,761,,CHAMBA,
Himachal Pradesh,Chamba,IMD110-P761,1966,0.0,186.2,130.1,63.7,114.5,132.4,231.0,247.3,265.4,34.5,13.2,43.0,1461.3,186.2,308.3,876.1,90.7,761,,CHAMBA,
Himachal Pradesh,Chamba,IMD110-P761,1967,23.5,91.9,176.2,39.0,36.6,82.1,185.0,260.9,79.2,53.5,20.2,119.7,1167.8,115.4,251.9,607.1,193.4,761,,CHAMBA,
Himachal Pradesh,Chamba,IMD110-P761,1968,146.5,109.0,110.3,72.2,45.4,64.6,276.5,143.2,10.2,51.4,6.6,68.5,1104.3,255.5,227.8,494.5,126.5,761,,CHAMBA,
Himachal Pradesh,Chamba,IMD110-P761,1969,53.7,83.8,107.3,146.6,111.8,22.1,166.7,213.2,53.2,12.3,0.1,1.4,972.1,137.5,365.7,455.1,13.8,761,,CHAMBA,
Himachal Pradesh,Chamba,IMD110-P761,1970,98.8,62.0,60.3,12.7,44.8,150.9,241.5,252.1,155.9,0.2,0.8,0.0,1079.8,160.7,117.8,800.3,1.0,761,,CHAMBA,
Himachal Pradesh,Chamba,IMD110-P761,1971,40.7,106.4,2.0,93.3,93.2,458.4,530.4,291.3,67.3,13.0,16.3,9.2,1721.3,147.0,188.5,1347.4,38.4,761,,CHAMBA,
Himachal Pradesh,Chamba,IMD110-P761,1972,61.8,103.7,73.7,98.9,47.1,41.4,188.8,134.4,40.2,43.9,3.6,34.8,872.4,165.4,219.7,404.9,82.4,761,,CHAMBA,
Himachal Pradesh,Chamba,IMD110-P761,1973,115.5,65.1,96.3,16.1,70.4,51.4,174.9,341.2,48.7,39.2,15.4,27.9,1062.0,180.6,182.8,616.2,82.4,762,,CHAMBA,
Himachal Pradesh,Chamba,IMD110-P761,1974,90.5,81.4,35.2,33.3,46.0,96.1,237.1,137.9,13.7,10.7,3.0,98.6,883.5,171.8,114.6,484.8,112.3,762,,CHAMBA,
Himachal Pradesh,Chamba,IMD110-P761,1975,187.8,163.2,174.4,33.6,59.6,78.9,326.0,275.9,106.2,11.8,1.1,0.9,1419.5,351.0,267.6,787.1,13.8,762,,CHAMBA,
Himachal Pradesh,Chamba,IMD110-P761,1976,116.1,208.5,226.6,111.8,36.9,89.6,359.7,302.5,90.3,30.4,0.0,17.2,1589.6,324.6,375.3,842.0,47.6,762,,CHAMBA,
Himachal Pradesh,Chamba,IMD110-P761,1977,168.8,11.4,11.0,166.6,117.8,141.5,354.6,260.8,221.7,24.7,14.1,106.2,1599.3,180.2,295.5,978.6,145.0,762,,CHAMBA,
Himachal Pradesh,Chamba,IMD110-P761,1978,67.7,128.4,44.1,125.5,117.6,156.6,930.5,241.4,205.8,17.4,10.6,18.5,2064.2,196.0,287.3,1534.3,46.5,762,,CHAMBA,
Himachal Pradesh,Chamba,IMD110-P761,1979,170.0,133.7,443.5,25.2,106.9,36.1,108.7,135.9,73.0,3.9,60.1,9.9,1307.2,303.8,575.7,353.7,74.0,762,,CHAMBA,
Himachal Pradesh,Chamba,IMD110-P761,1980,101.9,102.6,55.9,26.9,19.5,171.5,601.0,98.0,47.2,24.6,37.5,91.4,1378.1,204.5,102.3,917.7,153.6,762,,CHAMBA,
Himachal Pradesh,Chamba,IMD110-P761,1981,142.9,130.4,219.8,72.5,64.1,127.6,210.6,171.8,42.0,4.6,66.2,26.8,1279.2,273.3,356.3,552.0,97.6,762,,CHAMBA,
Himachal Pradesh,Chamba,IMD110-P761,1982,134.6,236.1,232.4,150.5,131.2,76.4,206.2,228.6,57.9,60.0,31.8,69.2,1614.9,370.8,514.1,569.1,161.0,762,,CHAMBA,
Himachal Pradesh,Chamba,IMD110-P761,1983,97.5,118.5,197.9,204.7,84.4,57.4,104.4,257.4,46.8,40.1,2.0,17.0,1228.0,216.0,487.0,466.0,59.0,762,,CHAMBA,
Himachal Pradesh,Chamba,IMD110-P761,1984,45.2,134.9,37.7,103.6,16.4,57.5,199.7,152.8,243.5,0.0,47.1,52.2,1090.5,180.1,157.7,653.5,99.2,762,,CHAMBA,
Himachal Pradesh,Chamba,IMD110-P761,1985,104.2,44.8,27.5,35.4,123.5,66.3,261.7,190.3,27.7,101.0,4.2,93.9,1080.4,149.0,186.4,546.0,199.0,762,,CHAMBA,
Himachal Pradesh,Chamba,IMD110-P761,1986,11.5,201.1,248.5,182.7,88.4,75.7,258.3,249.2,49.6,29.4,105.9,104.8,1605.1,212.5,519.7,632.7,240.2,762,,CHAMBA,
Himachal Pradesh,Chamba,IMD110-P761,1987,92.7,114.8,90.3,154.1,199.4,123.7,94.0,146.9,68.0,133.2,0.7,15.3,1233.0,207.4,443.8,432.5,149.2,762,,CHAMBA,
Himachal Pradesh,Chamba,IMD110-P761,1988,88.7,174.6,344.0,64.5,36.9,107.0,401.4,260.9,447.3,1.3,3.0,110.4,2040.0,263.3,445.4,1216.6,114.8,762,,CHAMBA,
Himachal Pradesh,Chamba,IMD110-P761,1989,121.9,72.2,124.8,91.9,125.8,126.4,304.0,98.0,24.8,16.9,62.4,67.8,1237.0,194.1,342.6,553.3,147.0,762,,CHAMBA,
Himachal Pradesh,Chamba,IMD110-P761,1990,55.2,197.6,289.8,87.4,80.2,98.8,131.6,164.7,129.0,25.5,14.3,181.0,1455.2,252.8,457.4,524.2,220.8,762,,CHAMBA,
Himachal Pradesh,Chamba,IMD110-P761,1991,37.8,152.3,165.3,155.3,103.9,102.8,115.8,324.1,62.2,7.0,13.8,23.6,1263.9,190.2,424.5,604.9,44.4,762,,CHAMBA,
Himachal Pradesh,Chamba,IMD110-P761,1992,144.7,149.2,527.6,67.3,138.2,71.6,274.6,341.3,153.4,7.8,21.2,6.7,1903.7,293.9,733.1,841.0,35.7,762,,CHAMBA,
Himachal Pradesh,Chamba,IMD110-P761,1993,133.9,78.8,247.6,46.9,112.5,106.7,483.9,97.3,121.4,0.0,2.5,0.0,1431.4,212.6,406.9,809.4,2.5,762,,CHAMBA,
Himachal Pradesh,Chamba,IMD110-P761,1994,106.3,134.3,48.0,158.3,110.4,120.4,618.7,260.5,87.5,22.2,0.0,89.8,1756.4,240.6,316.7,1087.1,112.0,762,,CHAMBA,
Himachal Pradesh,Chamba,IMD110-P761,1995,46.9,179.1,130.6,92.7,134.6,68.6,336.4,380.1,404.8,8.6,39.6,13.7,1835.7,226.0,358.0,1189.8,61.9,762,,CHAMBA,
Himachal Pradesh,Chamba,IMD110-P761,1996,87.0,90.0,200.5,91.8,55.4,145.5,332.3,,,,0.0,0.0,,177.0,347.7,,,762,missing_months,CHAMBA,
Himachal Pradesh,Chamba,IMD110-P761,1997,90.1,110.9,122.4,109.9,162.8,142.9,378.8,654.7,229.0,74.9,172.6,134.8,2383.7,201.0,395.1,1405.3,382.3,762,,CHAMBA,
Himachal Pradesh,Chamba,IMD110-P761,1998,30.8,191.5,158.0,163.5,12.5,239.4,286.2,288.0,217.4,187.4,3.8,0.0,1778.6,222.4,334.0,1031.0,191.3,762,,CHAMBA,
Himachal Pradesh,Chamba,IMD110-P761,1999,308.3,229.8,145.8,2.6,165.4,99.7,403.0,529.1,140.4,3.3,188.6,0.0,2215.9,538.1,313.7,1172.2,191.9,762,,CHAMBA,
Himachal Pradesh,Chamba,IMD110-P761,2000,212.3,222.5,199.7,69.2,126.0,220.2,262.9,121.9,15.6,0.4,0.0,0.8,1451.5,434.8,394.9,620.6,1.2,762,,CHAMBA,
Himachal Pradesh,Chamba,IMD110-P761,2001,10.0,0.0,,,,,257.8,208.9,17.0,0.0,24.2,30.0,,10.0,,,54.2,762,missing_months,CHAMBA,
Himachal Pradesh,Chamba,IMD110-P761,2002,70.4,113.0,101.4,116.6,0.1,73.5,102.7,310.2,114.0,0.0,0.0,0.5,1002.4,183.4,218.1,600.4,0.5,762,,CHAMBA,
Himachal Pradesh,Chamba,IMD110-P761,2003,82.6,312.1,188.7,55.3,63.4,84.0,374.2,685.9,453.5,0.0,138.5,192.5,2630.7,394.7,307.4,1597.6,331.0,762,,CHAMBA,
Himachal Pradesh,Chamba,IMD110-P761,2004,,340.5,0.0,243.7,339.2,249.5,306.0,229.8,86.8,218.1,34.5,76.8,,,582.9,872.0,329.5,762,missing_months,CHAMBA,
Himachal Pradesh,Chamba,IMD110-P761,2005,170.0,389.6,325.3,38.3,81.7,34.7,562.5,175.6,95.1,0.0,0.0,0.0,1872.7,559.7,445.1,867.8,0.0,762,,CHAMBA,
Himachal Pradesh,Chamba,IMD110-P761,2006,80.4,122.6,210.7,65.0,92.6,152.0,235.0,337.5,102.7,24.0,31.3,56.7,1510.5,202.9,368.3,827.3,112.0,762,,CHAMBA,
Himachal Pradesh,Chamba,IMD110-P761,2007,0.0,49.8,281.0,,,,,,,,,,,49.8,,,,762,missing_months,CHAMBA,
Himachal Pradesh,Hamirpur,IMD110-P763,1901,128.5,169.9,63.7,5.9,75.0,19.3,244.3,567.7,72.2,,0.0,15.5,,298.4,144.6,903.5,,763,missing_months,HAMIRPUR,
Himachal Pradesh,Hamirpur,IMD110-P763,1902,3.6,1.5,24.9,51.4,46.5,75.2,300.9,135.7,256.8,21.9,0.0,0.0,918.4,5.1,122.8,768.6,21.9,763,,HAMIRPUR,
Himachal Pradesh,Hamirpur,IMD110-P763,1903,58.1,6.8,70.1,7.4,21.2,40.1,229.2,624.4,159.0,7.9,1.3,117.4,1342.9,64.9,98.7,1052.7,126.6,763,,HAMIRPUR,
Himachal Pradesh,Hamirpur,IMD110-P763,1904,60.2,11.4,120.9,8.9,30.7,46.7,263.4,223.2,94.6,20.0,16.7,34.3,931.0,71.6,160.5,627.9,71.0,763,,HAMIRPUR,
Himachal Pradesh,Hamirpur,IMD110-P763,1905,101.0,126.1,,6.8,17.3,9.1,274.1,202.2,137.8,0.0,0.0,8.6,,227.1,,623.2,8.6,763,missing_months,HAMIRPUR,
Himachal Pradesh,Hamirpur,IMD110-P763,1906,26.9,166.1,67.2,1.3,15.8,55.9,292.0,1348.4,366.3,0.0,0.0,,,193.0,84.3,2062.6,,763,missing_months,HAMIRPUR,
Himachal Pradesh,Hamirpur,IMD110-P763,1907,46.7,150.2,125.6,55.1,15.2,38.7,105.7,365.3,44.5,0.0,0.0,0.0,947.0,196.9,195.9,554.2,0.0,763,,HAMIRPUR,
Himachal Pradesh,Hamirpur,IMD110-P763,1908,18.2,83.0,,76.5,31.0,27.7,333.3,,101.0,0.0,4.1,8.9,,101.2,,,13.0,763,missing_months,HAMIRPUR,
Himachal Pradesh,Hamirpur,IMD110-P763,1909,156.7,34.4,4.0,24.1,6.6,148.6,880.7,417.3,118.8,1.3,0.0,66.3,1858.8,191.1,34.7,1565.4,67.6,763,,HAMIRPUR,
Himachal Pradesh,Hamirpur,IMD110-P763,1910,46.8,25.4,6.3,6.0,6.6,155.6,351.9,505.7,161.7,11.5,0.0,19.1,1296.6,72.2,18.9,1174.9,30.6,763,,HAMIRPUR,
Himachal Pradesh,Hamirpur,IMD110-P763,1911,195.1,17.8,216.6,8.4,2.5,101.9,113.0,291.8,203.5,9.3,55.3,4.5,1219.7,212.9,227.5,710.2,69.1,763,,HAMIRPUR,
Himachal Pradesh,Hamirpur,IMD110-P763,1912,86.5,35.0,20.4,31.8,31.0,6.4,403.5,400.2,65.0,0.0,10.1,4.8,1094.7,121.5,83.2,875.1,14.9,763,,HAMIRPUR,
Himachal Pradesh,Hamirpur,IMD110-P763,1913,2.3,115.9,67.5,0.8,91.0,102.8,457.7,398.2,13.7,5.6,11.2,60.5,1327.2,118.2,159.3,972.4,77.3,763,,HAMIRPUR,
Himachal Pradesh,Hamirpur,IMD110-P763,1914,6.9,54.8,65.8,112.6,77.5,81.2,749.2,310.7,265.6,53.6,13.0,37.9,1828.8,61.7,255.9,1406.7,104.5,763,,HAMIRPUR,
Himachal Pradesh,Hamirpur,IMD110-P763,1915,48.5,80.7,104.9,27.4,0.0,70.6,182.1,568.2,95.6,21.6,0.0,14.5,1214.1,129.2,132.3,916.5,36.1,763,,HAMIRPUR,
Himachal Pradesh,Hamirpur,IMD110-P763,1916,0.0,36.4,12.7,18.0,44.2,251.4,390.8,292.0,78.3,25.4,0.0,0.0,1149.2,36.4,74.9,1012.5,25.4,763,,HAMIRPUR,
Himachal Pradesh,Hamirpur,IMD110-P763,1917,10.9,10.2,18.6,103.6,106.3,133.8,689.5,311.6,356.5,147.0,0.0,11.4,1899.4,21.1,228.5,1491.4,158.4,763,,HAMIRPUR,
Himachal Pradesh,Hamirpur,IMD110-P763,1918,20.3,5.1,121.1,76.2,38.7,51.5,232.8,134.4,12.2,0.0,37.1,11.7,741.1,25.4,236.0,430.9,48.8,763,,HAMIRPUR,
Himachal Pradesh,Hamirpur,IMD110-P763,1919,134.3,32.3,26.1,29.5,11.2,141.3,594.2,261.7,52.1,0.0,9.2,28.7,1320.6,166.6,66.8,1049.3,37.9,763,,HAMIRPUR,
Himachal Pradesh,Hamirpur,IMD110-P763,1920,29.0,38.1,74.7,0.0,30.3,42.4,524.2,313.8,136.7,2.8,0.0,14.2,1206.2,67.1,105.0,1017.1,17.0,763,,HAMIRPUR,
Himachal Pradesh,Hamirpur,IMD110-P763,1921,89.5,7.6,0.0,8.6,,13.5,355.1,449.0,319.3,40.7,0.0,51.3,,97.1,,1136.9,92.0,763,missing_months,HAMIRPUR,
Himachal Pradesh,Hamirpur,IMD110-P763,1922,126.2,47.4,12.1,15.2,1.5,96.3,576.2,449.0,231.7,6.6,0.0,32.8,1595.0,173.6,28.8,1353.2,39.4,763,,HAMIRPUR,
Himachal Pradesh,Hamirpur,IMD110-P763,1923,65.8,118.6,19.0,19.0,38.3,51.3,258.3,480.5,77.5,5.3,7.4,57.1,1198.1,184.4,76.3,867.6,69.8,763,,HAMIRPUR,
Himachal Pradesh,Hamirpur,IMD110-P763,1924,37.9,83.6,13.2,0.0,10.6,66.5,738.8,518.0,277.4,0.0,0.0,32.8,1778.8,121.5,23.8,1600.7,32.8,763,,HAMIRPUR,
Himachal Pradesh,Hamirpur,IMD110-P763,1925,53.5,8.1,,41.5,32.5,270.9,628.0,406.4,7.3,32.3,45.3,0.0,,61.6,,1312.6,77.6,763,missing_months,HAMIRPUR,
Himachal Pradesh,Hamirpur,IMD110-P763,1926,42.4,19.1,127.3,43.7,25.4,43.4,376.7,487.8,224.1,,20.9,3.0,,61.5,196.4,1132.0,,763,missing_months,HAMIRPUR,
Himachal Pradesh,Hamirpur,IMD110-P763,1927,7.9,83.4,55.9,24.6,54.6,34.9,660.5,832.0,180.1,32.2,0.3,18.3,1984.7,91.3,135.1,1707.5,50.8,763,,HAMIRPUR,
Himachal Pradesh,Hamirpur,IMD110-P763,1928,102.8,71.6,16.2,42.4,9.4,64.0,207.4,317.0,44.5,0.0,8.4,83.3,967.0,174.4,68.0,632.9,91.7,763,,HAMIRPUR,
Himachal Pradesh,Hamirpur,IMD110-P763,1929,82.2,14.3,1.0,2.9,2.8,71.3,335.9,299.9,45.5,38.6,0.0,183.4,1077.8,96.5,6.7,752.6,222.0,763,,HAMIRPUR,
Himachal Pradesh,Hamirpur,IMD110-P763,1930,76.3,48.0,13.7,29.5,41.7,123.6,464.5,171.7,77.3,0.8,0.0,8.9,1056.0,124.3,84.9,837.1,9.7,763,,HAMIRPUR,
Himachal Pradesh,Hamirpur,IMD110-P763,1931,42.0,97.8,65.4,0.0,35.5,12.2,260.3,451.4,151.8,39.1,0.0,0.0,1155.5,139.8,100.9,875.7,39.1,763,,HAMIRPUR,
Himachal Pradesh,Hamirpur,IMD110-P763,1932,62.5,37.7,42.7,18.8,27.2,54.1,551.0,677.9,93.7,0.0,0.0,29.5,1595.1,100.2,88.7,1376.7,29.5,763,,HAMIRPUR,
Himachal Pradesh,Hamirpur,IMD110-P763,1933,20.5,78.2,64.0,18.5,24.5,130.1,460.6,496.2,333.7,4.1,4.1,7.4,1641.9,98.7,107.0,1420.6,15.6,763,,HAMIRPUR,
Himachal Pradesh,Hamirpur,IMD110-P763,1934,106.7,4.6,58.5,9.2,8.6,85.8,358.7,390.9,51.8,0.0,0.0,69.6,1144.4,111.3,76.3,887.2,69.6,764,,HAMIRPUR,
Himachal Pradesh,Hamirpur,IMD110-P763,1935,144.5,40.3,18.3,63.0,6.1,25.5,324.4,261.3,145.3,10.7,22.8,,,184.8,87.4,756.5,,764,missing_months,HAMIRPUR,
Himachal Pradesh,Hamirpur,IMD110-P763,1936,0.0,119.4,55.6,21.4,71.5,234.2,509.7,378.4,230.0,9.2,0.0,91.8,1721.2,119.4,148.5,1352.3,101.0,764,,HAMIRPUR,
Himachal Pradesh,Hamirpur,IMD110-P763,1937,30.2,91.7,43.5,29.0,22.7,213.4,293.1,480.6,152.8,30.8,0.0,56.1,1443.9,121.9,95.2,1139.9,86.9,764,,HAMIRPUR,
Himachal Pradesh,Hamirpur,IMD110-P763,1938,152.2,82.9,6.4,17.5,7.1,253.2,516.4,,7.3,2.8,12.9,1.0,,235.1,31.0,,16.7,764,missing_months,HAMIRPUR,
Himachal Pradesh,Hamirpur,IMD110-P763,1939,43.9,59.5,105.8,11.7,0.5,231.5,497.1,236.6,133.1,15.8,0.0,0.0,1335.5,103.4,118.0,1098.3,15.8,764,,HAMIRPUR,
Himachal Pradesh,Hamirpur,IMD110-P763,1940,32.0,86.4,54.4,19.3,78.5,141.3,277.1,351.3,149.2,0.0,0.0,18.0,1207.5,118.4,152.2,918.9,18.0,764,,HAMIRPUR,
Himachal Pradesh,Hamirpur,IMD110-P763,1941,80.3,18.4,18.0,0.0,36.3,191.1,451.9,330.7,31.0,23.9,5.3,59.9,1246.8,98.7,54.3,1004.7,89.1,764,,HAMIRPUR,
Himachal Pradesh,Hamirpur,IMD110-P763,1942,89.7,131.9,15.5,45.7,30.0,59.4,567.5,715.2,207.7,7.9,0.0,73.2,1943.7,221.6,91.2,1549.8,81.1,764,,HAMIRPUR,
Himachal Pradesh,Hamirpur,IMD110-P763,1943,133.2,5.3,13.7,19.3,38.9,60.2,242.7,663.9,189.1,0.0,0.0,2.8,1369.1,138.5,71.9,1155.9,2.8,764,,HAMIRPUR,
Himachal Pradesh,Hamirpur,IMD110-P763,1944,103.9,97.0,133.0,45.2,15.5,79.4,431.0,210.3,127.1,35.1,0.0,9.9,1287.4,200.9,193.7,847.8,45.0,764,,HAMIRPUR,
Himachal Pradesh,Hamirpur,IMD110-P763,1945,139.1,1.3,33.3,31.0,55.3,48.5,308.7,,411.1,28.9,0.0,0.0,,140.4,119.6,,28.9,764,missing_months,HAMIRPUR,
Himachal Pradesh,Hamirpur,IMD110-P763,1946,37.8,45.7,22.6,31.8,26.4,138.7,575.0,667.9,6.8,63.0,42.5,71.9,1730.1,83.5,80.8,1388.4,177.4,764,,HAMIRPUR,
Himachal Pradesh,Hamirpur,IMD110-P763,1947,47.0,19.0,46.9,0.0,11.4,26.2,,344.6,522.1,12.2,0.0,64.3,,66.0,58.3,,76.5,764,missing_months,HAMIRPUR,
Himachal Pradesh,Hamirpur,IMD110-P763,1948,17.8,192.0,179.1,14.7,10.5,39.8,375.4,540.0,131.3,19.5,0.0,64.0,1584.1,209.8,204.3,1086.5,83.5,764,,HAMIRPUR,
Himachal Pradesh,Hamirpur,IMD110-P763,1949,17.3,146.0,34.3,36.9,70.1,18.8,,369.6,85.3,4.6,0.0,9.1,,163.3,141.3,,13.7,764,missing_months,HAMIRPUR,
Himachal Pradesh,Hamirpur,IMD110-P763,1950,,75.9,102.0,15.7,22.4,160.3,432.8,737.1,281.4,1.3,0.0,2.8,,,140.1,1611.6,4.1,764,missing_months,HAMIRPUR,
Himachal Pradesh,Hamirpur,IMD110-P763,1951,38.6,63.9,86.6,59.5,43.5,12.6,370.1,578.4,86.9,42.3,74.9,5.8,1463.1,102.5,189.6,1048.0,123.0,764,,HAMIRPUR,
Himachal Pradesh,Hamirpur,IMD110-P763,1952,55.4,33.8,88.4,6.3,18.8,194.3,391.7,683.6,18.0,0.0,0.0,24.4,1514.7,89.2,113.5,1287.6,24.4,764,,HAMIRPUR,
Himachal Pradesh,Hamirpur,IMD110-P763,1953,96.1,27.4,0.0,22.8,5.8,88.2,626.6,354.4,158.8,0.0,0.0,22.1,1402.2,123.5,28.6,1228.0,22.1,764,,HAMIRPUR,
Himachal Pradesh,Hamirpur,IMD110-P763,1954,149.7,197.1,25.6,0.0,5.9,21.1,279.6,480.9,343.3,9.2,0.0,0.0,1512.4,346.8,31.5,1124.9,9.2,764,,HAMIRPUR,
Himachal Pradesh,Hamirpur,IMD110-P763,1955,96.8,19.9,100.2,33.5,28.7,50.1,428.7,363.7,172.3,519.6,0.0,8.4,1821.9,116.7,162.4,1014.8,528.0,764,,HAMIRPUR,
Himachal Pradesh,Hamirpur,IMD110-P763,1956,46.5,17.5,63.0,25.4,11.9,159.8,239.3,532.0,160.7,144.8,0.0,47.5,1448.4,64.0,100.3,1091.8,192.3,764,,HAMIRPUR,
Himachal Pradesh,Hamirpur,IMD110-P763,1957,188.4,15.2,128.7,34.6,9.6,116.6,456.1,316.0,335.2,40.6,22.9,86.6,1750.5,203.6,172.9,1223.9,150.1,764,,HAMIRPUR,
Himachal Pradesh,Hamirpur,IMD110-P763,1958,39.9,7.1,35.6,23.9,13.3,45.2,526.7,337.2,210.2,58.6,0.0,59.4,1357.1,47.0,72.8,1119.3,118.0,764,,HAMIRPUR,
Himachal Pradesh,Hamirpur,IMD110-P763,1959,95.6,126.7,45.4,10.9,21.4,47.0,454.1,457.3,433.6,87.2,28.2,0.0,1807.4,222.3,77.7,1392.0,115.4,764,,HAMIRPUR,
Himachal Pradesh,Hamirpur,IMD110-P763,1960,44.5,0.0,66.3,10.4,0.0,20.7,634.2,381.9,204.7,0.0,0.0,73.4,1436.1,44.5,76.7,1241.5,73.4,764,,HAMIRPUR,
Himachal Pradesh,Hamirpur,IMD110-P763,1961,109.0,146.1,42.4,36.4,12.4,170.3,616.7,420.2,243.0,32.2,13.0,60.2,1901.9,255.1,91.2,1450.2,105.4,764,,HAMIRPUR,
Himachal Pradesh,Hamirpur,IMD110-P763,1962,68.7,33.3,57.6,0.0,60.0,45.9,543.9,211.4,218.2,0.0,41.0,8.5,1288.5,102.0,117.6,1019.4,49.5,764,,HAMIRPUR,
Himachal Pradesh,Hamirpur,IMD110-P763,1963,9.3,39.7,108.7,8.2,0.0,184.9,384.0,411.3,67.0,0.0,19.5,36.8,1269.4,49.0,116.9,1047.2,56.3,764,,HAMIRPUR,
Himachal Pradesh,Hamirpur,IMD110-P763,1964,85.1,17.0,8.0,25.4,96.6,42.3,342.5,540.0,273.0,0.0,0.0,43.0,1472.9,102.1,130.0,1197.8,43.0,764,,HAMIRPUR,
Himachal Pradesh,Hamirpur,IMD110-P763,1965,35.0,59.0,80.0,30.0,70.0,61.0,298.0,300.0,44.0,22.0,15.6,8.0,1022.6,94.0,180.0,703.0,45.6,764,,HAMIRPUR,
Himachal Pradesh,Hamirpur,IMD110-P763,1967,0.0,26.0,55.0,12.0,0.0,95.0,577.5,487.0,186.0,31.0,4.0,118.0,1591.5,26.0,67.0,1345.5,153.0,764,,HAMIRPUR,
Himachal Pradesh,Hamirpur,IMD110-P763,1968,178.2,1.9,11.8,0.1,0.1,161.2,406.3,247.1,17.0,62.9,12.0,36.6,1135.2,180.1,12.0,831.6,111.5,764,,HAMIRPUR,
Himachal Pradesh,Hamirpur,IMD110-P763,1970,88.5,21.2,12.0,0.0,53.3,1201.0,232.4,290.5,171.1,0.0,0.0,0.0,2070.0,109.7,65.3,1895.0,0.0,765,,HAMIRPUR,
Himachal Pradesh,Hamirpur,IMD110-P763,1971,29.0,67.0,0.0,26.0,100.4,,,601.6,29.0,0.0,47.0,0.0,,96.0,126.4,,47.0,765,missing_months,HAMIRPUR,
Himachal Pradesh,Hamirpur,IMD110-P763,1972,37.2,57.0,54.0,43.0,0.3,86.0,360.0,300.0,117.4,0.0,0.0,5.7,1060.6,94.2,97.3,863.4,5.7,765,,HAMIRPUR,
Himachal Pradesh,Hamirpur,IMD110-P763,1973,121.0,72.0,27.0,0.0,27.0,8.4,227.0,588.0,388.3,0.0,52.0,31.0,1541.7,193.0,54.0,1211.7,83.0,765,,HAMIRPUR,
Himachal Pradesh,Hamirpur,IMD110-P763,1974,0.0,0.0,0.0,26.0,14.6,102.2,171.0,234.0,72.0,0.0,0.0,44.0,663.8,0.0,40.6,579.2,44.0,765,,HAMIRPUR,
Himachal Pradesh,Hamirpur,IMD110-P763,1975,96.0,100.0,99.0,0.0,0.0,165.0,306.0,518.6,0.0,0.0,0.0,0.0,1284.6,196.0,99.0,989.6,0.0,765,,HAMIRPUR,
Himachal Pradesh,Hamirpur,IMD110-P763,1976,343.0,117.0,132.0,57.0,52.0,89.0,319.0,204.0,73.0,0.0,0.0,0.0,1386.0,460.0,241.0,685.0,0.0,765,,HAMIRPUR,
Himachal Pradesh,Hamirpur,IMD110-P763,1977,,0.0,,,,,,,,,,,,,,,,765,missing_months,HAMIRPUR,
Himachal Pradesh,Hamirpur,IMD110-P763,1979,0.0,,,,,,,,,,,,,,,,,765,missing_months,HAMIRPUR,
Himachal Pradesh,Hamirpur,IMD110-P763,1980,,,,,,,,115.0,36.0,28.0,28.0,23.0,,,,,79.0,765,missing_months,HAMIRPUR,
Himachal Pradesh,Hamirpur,IMD110-P763,1981,,,,,,106.0,588.0,276.0,24.0,0.0,79.0,0.0,,,,994.0,79.0,765,missing_months,HAMIRPUR,
Himachal Pradesh,Hamirpur,IMD110-P763,1982,204.0,94.0,200.0,115.0,114.0,150.0,357.0,241.0,51.0,32.0,18.0,34.0,1610.0,298.0,429.0,799.0,84.0,765,,HAMIRPUR,
Himachal Pradesh,Hamirpur,IMD110-P763,1983,104.0,80.0,59.0,95.0,130.5,56.0,237.0,412.0,120.0,84.0,0.0,4.0,1381.5,184.0,284.5,825.0,88.0,765,,HAMIRPUR,
Himachal Pradesh,Hamirpur,IMD110-P763,1984,4.0,202.0,22.0,25.0,3.0,527.0,388.0,723.0,,,35.0,0.0,,206.0,50.0,,,765,missing_months,HAMIRPUR,
Himachal Pradesh,Hamirpur,IMD110-P763,1985,122.0,0.0,2.0,44.0,15.0,205.0,473.0,466.0,112.0,200.0,0.0,82.0,1721.0,122.0,61.0,1256.0,282.0,765,,HAMIRPUR,
Himachal Pradesh,Hamirpur,IMD110-P763,1986,0.0,50.0,55.0,41.0,46.0,153.0,372.2,331.0,91.0,166.0,36.0,28.0,1369.2,50.0,142.0,947.2,230.0,765,,HAMIRPUR,
Himachal Pradesh,Hamirpur,IMD110-P763,1987,32.0,75.0,30.0,54.0,244.0,83.0,131.0,239.0,86.0,68.0,0.0,9.0,1051.0,107.0,328.0,539.0,77.0,765,,HAMIRPUR,
Himachal Pradesh,Hamirpur,IMD110-P763,1988,19.0,103.0,72.5,1.0,17.0,116.0,516.0,434.0,377.0,0.0,0.0,100.0,1755.5,122.0,90.5,1443.0,100.0,765,,HAMIRPUR,
Himachal Pradesh,Hamirpur,IMD110-P763,1989,77.0,77.0,47.0,10.0,34.0,,372.0,195.0,62.0,0.0,58.0,68.0,,154.0,91.0,,126.0,765,missing_months,HAMIRPUR,
Himachal Pradesh,Hamirpur,IMD110-P763,1990,6.0,129.0,135.0,2.0,112.0,108.0,459.0,456.0,564.0,0.0,0.0,138.0,2109.0,135.0,249.0,1587.0,138.0,765,,HAMIRPUR,
Himachal Pradesh,Hamirpur,IMD110-P763,1991,2.0,71.7,61.7,46.3,3.7,43.0,193.0,491.8,192.8,3.3,,43.7,,73.7,111.7,920.5,,765,missing_months,HAMIRPUR,
Himachal Pradesh,Hamirpur,IMD110-P763,1992,94.5,75.3,50.3,0.5,23.5,46.5,325.0,740.5,70.3,6.0,11.0,1.3,1444.8,169.8,74.3,1182.3,18.3,765,,HAMIRPUR,
Himachal Pradesh,Hamirpur,IMD110-P763,1993,61.3,26.3,70.7,5.0,12.0,85.3,530.0,132.7,95.3,0.0,0.0,0.0,1018.7,87.7,87.7,843.3,0.0,765,,HAMIRPUR,
Himachal Pradesh,Hamirpur,IMD110-P763,1994,38.5,97.0,2.7,71.0,32.5,64.8,422.0,608.6,130.8,0.0,0.0,21.8,1489.6,135.5,106.2,1226.1,21.8,765,,HAMIRPUR,
Himachal Pradesh,Hamirpur,IMD110-P763,1995,32.3,100.7,43.7,15.7,10.7,74.0,501.3,425.3,226.7,0.3,2.3,0.0,1432.9,132.9,70.1,1227.2,2.7,765,,HAMIRPUR,
Himachal Pradesh,Hamirpur,IMD110-P763,1996,63.3,111.7,60.3,15.3,27.0,250.0,281.3,418.7,104.7,31.5,0.0,0.3,1364.2,175.0,102.7,1054.7,31.8,765,,HAMIRPUR,
Himachal Pradesh,Hamirpur,IMD110-P763,1997,41.0,28.0,47.7,71.7,45.0,66.7,519.3,480.0,131.0,34.7,71.0,91.3,1627.3,69.0,164.3,1197.0,197.0,765,,HAMIRPUR,
Himachal Pradesh,Hamirpur,IMD110-P763,1998,1.8,131.4,124.3,29.3,5.8,65.5,254.9,258.4,210.1,69.6,5.6,0.0,1156.5,133.2,159.3,788.8,75.2,765,,HAMIRPUR,
Himachal Pradesh,Hamirpur,IMD110-P763,1999,79.5,12.7,5.6,0.0,92.8,166.8,405.2,433.4,75.7,0.0,1.3,0.5,1273.4,92.2,98.4,1081.1,1.8,765,,HAMIRPUR,
Himachal Pradesh,Hamirpur,IMD110-P763,2000,115.4,55.8,42.1,20.7,100.3,225.9,294.3,288.0,171.8,0.0,0.0,6.5,1320.7,171.2,163.1,980.0,6.5,765,,HAMIRPUR,
Himachal Pradesh,Hamirpur,IMD110-P763,2001,14.0,6.8,57.2,69.3,56.9,127.8,282.0,473.0,39.5,4.8,33.5,30.3,1195.0,20.9,183.4,922.3,68.5,765,,HAMIRPUR,
Himachal Pradesh,Hamirpur,IMD110-P763,2002,57.0,54.0,42.3,28.0,15.0,76.4,189.8,427.9,169.6,22.3,0.0,13.9,1096.0,111.0,85.3,863.6,36.1,765,,HAMIRPUR,
Himachal Pradesh,Hamirpur,IMD110-P763,2003,53.9,85.3,81.7,6.3,1.0,55.8,474.6,338.8,164.2,0.0,15.4,11.5,1288.5,139.3,88.9,1033.5,26.9,765,,HAMIRPUR,
Himachal Pradesh,Hamirpur,IMD110-P763,2004,,12.5,0.0,57.3,41.4,179.7,312.4,304.9,61.5,167.8,4.3,53.8,,,98.7,858.4,225.9,765,missing_months,HAMIRPUR,
Himachal Pradesh,Hamirpur,IMD110-P763,2005,96.4,162.6,74.4,7.3,13.6,69.1,357.0,246.3,167.2,3.5,0.0,0.0,1197.5,259.0,95.3,839.7,3.5,766,,HAMIRPUR,
Himachal Pradesh,Hamirpur,IMD110-P763,2006,57.0,1.8,83.2,11.5,114.2,170.4,394.7,492.7,155.4,20.5,2.5,25.5,1529.4,58.8,208.9,1213.1,48.6,766,,HAMIRPUR,
Himachal Pradesh,Hamirpur,IMD110-P763,2007,0.0,165.4,138.8,,,,,,,,,,,165.4,,,,766,missing_months,HAMIRPUR,
Himachal Pradesh,Kangra,IMD110-P767,1901,200.9,148.9,74.4,3.3,127.0,49.2,462.9,910.8,108.2,5.4,0.0,8.0,2099.2,349.8,204.7,1531.1,13.5,767,,KANGRA,
Himachal Pradesh,Kangra,IMD110-P767,1902,5.2,3.1,82.9,52.4,48.1,98.1,350.0,371.2,243.0,18.5,1.1,0.0,1273.7,8.3,183.5,1062.2,19.6,767,,KANGRA,
Himachal Pradesh,Kangra,IMD110-P767,1903,108.5,18.7,144.5,7.4,49.3,30.2,359.6,763.0,320.8,9.9,0.6,87.6,1900.2,127.2,201.3,1473.6,98.1,767,,KANGRA,
Himachal Pradesh,Kangra,IMD110-P767,1904,83.8,32.6,134.8,20.3,53.9,34.1,674.1,669.2,117.9,31.8,10.5,57.7,1920.7,116.4,209.0,1495.3,100.0,767,,KANGRA,
Himachal Pradesh,Kangra,IMD110-P767,1905,168.4,131.1,139.6,11.4,52.2,42.4,517.3,483.4,175.8,0.4,0.0,33.6,1755.7,299.6,203.3,1218.9,34.0,767,,KANGRA,
Himachal Pradesh,Kangra,IMD110-P767,1906,33.1,200.1,114.5,8.4,13.2,213.6,571.1,1202.6,348.0,1.7,0.0,45.3,2751.6,233.2,136.2,2335.2,47.0,767,,KANGRA,
Himachal Pradesh,Kangra,IMD110-P767,1907,106.0,222.7,166.1,98.5,38.2,52.7,150.7,495.4,61.5,7.0,0.0,0.0,1398.8,328.8,302.8,760.3,7.0,767,,KANGRA,
Himachal Pradesh,Kangra,IMD110-P767,1908,34.6,68.2,0.7,92.8,14.6,77.2,725.0,737.9,109.2,0.7,5.5,17.7,1884.1,102.8,108.1,1649.3,23.9,767,,KANGRA,
Himachal Pradesh,Kangra,IMD110-P767,1909,153.6,90.5,5.4,66.4,16.5,263.7,707.5,906.0,231.0,11.4,0.0,95.4,2547.3,244.1,88.3,2108.1,106.9,767,,KANGRA,
Himachal Pradesh,Kangra,IMD110-P767,1910,71.9,16.8,14.8,9.6,23.9,155.2,764.1,809.4,189.9,8.5,0.0,39.1,2103.2,88.6,48.4,1918.6,47.6,767,,KANGRA,
Himachal Pradesh,Kangra,IMD110-P767,1911,263.5,30.2,288.4,22.1,3.0,195.9,226.4,434.2,369.6,14.9,90.2,8.6,1946.9,293.6,313.5,1226.1,113.7,767,,KANGRA,
Himachal Pradesh,Kangra,IMD110-P767,1912,133.1,30.0,37.8,54.1,43.4,46.3,803.0,775.9,59.7,0.0,28.9,6.6,2018.8,163.2,135.3,1684.9,35.4,767,,KANGRA,
Himachal Pradesh,Kangra,IMD110-P767,1913,22.1,148.9,76.1,12.6,126.5,234.3,498.8,423.8,43.7,13.1,13.9,63.9,1677.6,171.0,215.2,1200.6,90.9,767,,KANGRA,
Himachal Pradesh,Kangra,IMD110-P767,1914,30.3,140.2,94.3,116.9,85.3,258.4,968.1,631.2,451.7,75.2,24.8,78.0,2954.5,170.5,296.5,2309.5,178.0,767,,KANGRA,
Himachal Pradesh,Kangra,IMD110-P767,1915,69.6,149.2,123.9,64.7,18.8,75.8,515.9,871.7,274.1,22.8,0.0,21.8,2208.2,218.8,207.4,1737.5,44.6,767,,KANGRA,
Himachal Pradesh,Kangra,IMD110-P767,1916,5.4,85.0,20.6,42.4,31.6,406.6,477.5,616.6,185.6,130.9,0.0,0.0,2002.3,90.5,94.6,1686.3,130.9,767,,KANGRA,
Himachal Pradesh,Kangra,IMD110-P767,1917,24.4,12.2,43.8,149.2,104.1,235.7,789.8,732.9,618.6,134.4,0.0,18.5,2863.7,36.6,297.1,2377.1,152.9,767,,KANGRA,
Himachal Pradesh,Kangra,IMD110-P767,1918,20.4,7.8,178.9,93.8,12.5,195.2,284.7,400.9,23.1,2.2,45.2,29.3,1293.9,28.2,285.1,903.9,76.8,767,,KANGRA,
Himachal Pradesh,Kangra,IMD110-P767,1919,175.9,53.6,58.6,40.2,37.3,102.7,873.0,397.2,110.2,0.5,8.0,83.5,1940.6,229.5,136.1,1483.1,91.9,767,,KANGRA,
Himachal Pradesh,Kangra,IMD110-P767,1920,41.0,84.9,90.9,8.3,63.0,59.3,714.9,377.7,116.4,0.4,0.0,22.1,1578.7,125.8,162.1,1268.3,22.5,767,,KANGRA,
Himachal Pradesh,Kangra,IMD110-P767,1921,93.4,16.6,7.6,14.8,15.2,65.1,431.1,740.6,310.2,59.2,0.0,77.0,1830.6,109.9,37.6,1547.0,136.1,767,,KANGRA,
Himachal Pradesh,Kangra,IMD110-P767,1922,118.4,56.9,17.0,9.1,5.1,124.7,822.0,946.0,422.0,13.3,0.0,46.5,2581.0,175.4,31.2,2314.6,59.8,767,,KANGRA,
Himachal Pradesh,Kangra,IMD110-P767,1923,114.7,162.9,45.4,18.2,71.0,40.4,360.9,791.1,154.5,24.8,3.0,78.3,1865.3,277.7,134.6,1346.9,106.1,767,,KANGRA,
Himachal Pradesh,Kangra,IMD110-P767,1924,50.8,136.7,34.5,8.7,41.1,26.7,744.1,655.7,268.8,2.1,10.6,59.8,2039.6,187.5,84.3,1695.4,72.5,767,,KANGRA,
Himachal Pradesh,Kangra,IMD110-P767,1925,97.5,17.8,10.1,36.6,90.3,341.9,733.5,671.0,63.4,22.8,69.4,0.0,2154.4,115.3,137.1,1809.9,92.2,767,,KANGRA,
Himachal Pradesh,Kangra,IMD110-P767,1926,35.0,19.3,208.5,55.5,152.4,9.6,681.3,829.4,296.1,1.5,10.1,19.2,2317.9,54.3,416.4,1816.4,30.7,767,,KANGRA,
Himachal Pradesh,Kangra,IMD110-P767,1927,21.0,94.7,41.1,27.1,105.1,41.5,692.3,1030.6,155.6,33.0,14.6,19.8,2276.5,115.7,173.3,1920.1,67.4,767,,KANGRA,
Himachal Pradesh,Kangra,IMD110-P767,1928,113.8,91.9,30.4,98.3,19.3,128.2,501.9,559.5,110.0,1.3,41.7,102.1,1798.5,205.7,148.0,1299.7,145.1,767,,KANGRA,
Himachal Pradesh,Kangra,IMD110-P767,1929,82.5,28.9,3.9,31.3,7.3,130.4,551.5,866.8,121.0,76.3,0.0,241.7,2141.5,111.4,42.4,1669.7,318.0,767,,KANGRA,
Himachal Pradesh,Kangra,IMD110-P767,1930,101.6,67.3,37.4,84.3,20.9,175.2,620.6,692.8,118.1,4.2,0.0,15.5,1937.7,168.9,142.5,1606.6,19.7,767,,KANGRA,
Himachal Pradesh,Kangra,IMD110-P767,1931,61.5,140.1,74.6,6.6,71.5,29.6,427.7,792.0,328.7,65.4,0.0,0.3,1998.0,201.6,152.7,1578.0,65.7,767,,KANGRA,
Himachal Pradesh,Kangra,IMD110-P767,1932,61.8,47.9,56.1,10.4,38.6,47.6,769.1,863.5,128.5,1.3,6.2,49.0,2080.1,109.7,105.1,1808.7,56.5,767,,KANGRA,
Himachal Pradesh,Kangra,IMD110-P767,1933,64.6,125.2,93.7,65.2,62.4,332.7,821.0,698.3,302.6,46.0,3.4,4.0,2619.1,189.8,221.3,2154.6,53.4,767,,KANGRA,
Himachal Pradesh,Kangra,IMD110-P767,1934,108.3,5.5,80.8,40.9,11.4,162.4,996.1,745.7,35.3,1.3,0.0,78.2,2265.9,113.8,133.1,1939.5,79.5,767,,KANGRA,
Himachal Pradesh,Kangra,IMD110-P767,1935,175.1,50.5,49.3,106.4,7.7,16.5,774.7,737.5,99.6,20.3,32.8,24.8,2095.0,225.5,163.4,1628.3,77.8,767,,KANGRA,
Himachal Pradesh,Kangra,IMD110-P767,1936,14.8,128.7,117.9,28.3,52.7,303.0,735.5,518.9,392.2,36.5,0.0,112.4,2441.0,143.6,198.9,1949.7,148.9,767,,KANGRA,
Himachal Pradesh,Kangra,IMD110-P767,1937,35.9,257.9,44.3,55.6,45.6,179.7,566.4,835.4,226.8,66.4,2.5,116.9,2433.5,293.8,145.4,1808.4,185.8,767,,KANGRA,
Himachal Pradesh,Kangra,IMD110-P767,1938,213.0,156.2,25.1,46.0,11.0,281.3,689.9,477.2,52.3,5.2,3.5,2.3,1963.1,369.2,82.2,1500.6,11.0,767,,KANGRA,
Himachal Pradesh,Kangra,IMD110-P767,1939,47.4,134.5,156.2,30.4,4.8,182.2,651.2,439.0,327.1,40.1,0.0,0.0,2012.9,181.9,191.3,1599.6,40.1,767,,KANGRA,
Himachal Pradesh,Kangra,IMD110-P767,1940,73.9,102.6,75.3,39.4,46.4,167.1,728.4,608.3,221.7,0.0,0.2,21.1,2084.5,176.6,161.1,1725.4,21.4,767,,KANGRA,
Himachal Pradesh,Kangra,IMD110-P767,1941,69.1,24.9,47.2,4.1,54.8,224.2,460.6,650.1,85.0,48.7,6.0,50.5,1725.2,94.0,106.1,1419.9,105.1,768,,KANGRA,
Himachal Pradesh,Kangra,IMD110-P767,1942,103.4,174.9,37.6,96.6,53.5,129.4,787.3,1078.0,448.0,17.7,0.0,101.7,3028.0,278.3,187.7,2442.6,119.4,768,,KANGRA,
Himachal Pradesh,Kangra,IMD110-P767,1943,281.1,8.6,63.4,69.8,53.2,61.9,776.6,1441.6,395.8,0.0,0.0,6.1,3158.1,289.7,186.4,2675.9,6.1,768,,KANGRA,
Himachal Pradesh,Kangra,IMD110-P767,1944,122.7,117.9,159.9,61.5,15.0,97.5,949.5,638.5,195.3,1.8,11.4,76.0,2447.0,240.5,236.4,1880.8,89.3,768,,KANGRA,
Himachal Pradesh,Kangra,IMD110-P767,1945,161.1,7.3,72.1,72.2,19.8,127.9,633.3,666.7,555.6,27.0,3.4,2.6,2349.0,168.4,164.1,1983.5,33.0,768,,KANGRA,
Himachal Pradesh,Kangra,IMD110-P767,1946,53.8,74.4,57.1,32.2,66.4,320.3,771.5,819.4,69.5,135.3,67.0,72.8,2539.8,128.2,155.7,1980.8,275.1,768,,KANGRA,
Himachal Pradesh,Kangra,IMD110-P767,1947,70.1,27.8,47.0,1.1,17.6,64.3,,495.6,759.8,33.6,0.0,93.7,,97.9,65.6,,127.3,768,missing_months,KANGRA,
Himachal Pradesh,Kangra,IMD110-P767,1948,51.4,185.4,316.8,24.8,13.0,53.0,523.5,776.7,243.3,56.8,0.0,103.0,2347.7,236.9,354.6,1596.5,159.8,768,,KANGRA,
Himachal Pradesh,Kangra,IMD110-P767,1949,39.9,209.4,90.2,30.8,42.1,65.2,766.9,532.2,204.6,2.7,0.0,21.1,2005.0,249.3,163.1,1568.9,23.8,768,,KANGRA,
Himachal Pradesh,Kangra,IMD110-P767,1950,193.8,89.2,155.5,26.6,60.2,115.9,719.1,817.2,573.8,3.2,0.0,1.7,2756.0,282.9,242.3,2225.9,4.9,768,,KANGRA,
Himachal Pradesh,Kangra,IMD110-P767,1951,87.8,67.6,90.0,91.7,83.2,28.3,465.8,740.0,156.1,42.8,52.0,8.4,1913.6,155.4,264.8,1390.2,103.3,768,,KANGRA,
Himachal Pradesh,Kangra,IMD110-P767,1952,68.5,79.1,174.5,17.8,46.6,239.0,476.3,864.8,52.7,0.4,2.9,33.8,2056.5,147.6,238.9,1632.8,37.1,768,,KANGRA,
Himachal Pradesh,Kangra,IMD110-P767,1953,168.4,26.9,30.3,39.4,16.6,124.6,960.9,595.9,201.3,6.3,4.0,37.4,2212.2,195.3,86.3,1882.8,47.7,768,,KANGRA,
Himachal Pradesh,Kangra,IMD110-P767,1954,201.9,247.9,70.1,1.2,11.1,28.1,724.0,917.0,407.4,19.4,0.1,6.4,2634.6,449.8,82.4,2076.5,25.9,768,,KANGRA,
Himachal Pradesh,Kangra,IMD110-P767,1955,86.2,8.1,93.4,37.8,41.0,71.8,595.1,693.5,507.9,559.7,0.0,18.8,2713.4,94.3,172.2,1868.3,578.5,768,,KANGRA,
Himachal Pradesh,Kangra,IMD110-P767,1956,75.8,49.1,141.8,18.2,35.7,166.6,561.7,630.4,271.8,170.5,2.9,29.7,2154.2,124.9,195.7,1630.5,203.1,768,,KANGRA,
Himachal Pradesh,Kangra,IMD110-P767,1957,238.5,28.8,131.4,76.9,43.2,87.3,654.9,690.0,402.0,67.5,53.8,107.3,2581.5,267.3,251.4,1834.3,228.5,768,,KANGRA,
Himachal Pradesh,Kangra,IMD110-P767,1958,70.4,16.2,50.2,29.2,13.8,34.5,1184.7,791.6,355.9,79.8,0.9,117.1,2744.4,86.6,93.2,2366.7,197.8,768,,KANGRA,
Himachal Pradesh,Kangra,IMD110-P767,1959,141.0,172.8,49.5,29.8,48.0,123.4,968.8,735.3,648.8,229.4,58.5,0.3,3205.4,313.7,127.2,2476.2,288.3,768,,KANGRA,
Himachal Pradesh,Kangra,IMD110-P767,1960,73.4,0.0,69.1,11.4,3.8,126.4,755.5,531.8,201.2,11.3,0.0,66.1,1850.0,73.4,84.3,1615.0,77.3,768,,KANGRA,
Himachal Pradesh,Kangra,IMD110-P767,1961,134.6,179.6,48.3,87.8,22.0,138.9,924.7,1100.0,571.0,91.4,31.4,57.3,3387.0,314.2,158.2,2734.6,180.1,768,,KANGRA,
Himachal Pradesh,Kangra,IMD110-P767,1962,38.4,117.2,64.3,31.9,25.0,152.5,613.0,959.6,322.7,0.3,83.5,31.9,2440.4,155.6,121.3,2047.8,115.7,768,,KANGRA,
Himachal Pradesh,Kangra,IMD110-P767,1963,1.5,49.1,168.5,30.8,58.7,262.4,1015.9,857.3,202.8,0.0,59.1,69.0,2775.0,50.6,257.9,2338.4,128.1,768,,KANGRA,
Himachal Pradesh,Kangra,IMD110-P767,1964,151.4,23.8,49.9,69.9,133.9,70.8,700.3,741.3,527.5,0.0,2.4,48.6,2519.7,175.2,253.7,2039.8,51.0,768,,KANGRA,
Himachal Pradesh,Kangra,IMD110-P767,1965,66.0,113.5,108.8,119.2,92.1,57.4,722.5,259.5,46.2,53.4,8.7,32.5,1679.6,179.4,320.1,1085.5,94.6,768,,KANGRA,
Himachal Pradesh,Kangra,IMD110-P767,1966,0.0,153.2,58.4,20.1,71.3,635.8,642.8,854.0,387.4,20.2,2.0,27.8,2873.0,153.2,149.8,2520.0,50.0,768,,KANGRA,
Himachal Pradesh,Kangra,IMD110-P767,1967,0.5,55.6,145.5,14.1,10.7,160.1,1401.1,1139.6,324.1,36.7,10.1,183.5,3481.6,56.0,170.2,3024.9,230.3,768,,KANGRA,
Himachal Pradesh,Kangra,IMD110-P767,1968,160.2,112.3,74.3,25.9,3.4,178.4,542.1,423.3,28.0,43.7,3.8,56.3,1651.7,272.5,103.6,1171.8,103.8,768,,KANGRA,
Himachal Pradesh,Kangra,IMD110-P767,1969,71.8,70.1,80.8,50.7,41.7,87.7,425.3,1201.5,206.8,13.7,0.0,0.2,2250.2,141.8,173.3,1921.3,13.9,768,,KANGRA,
Himachal Pradesh,Kangra,IMD110-P767,1970,186.6,42.3,22.0,7.0,65.3,362.0,525.0,925.0,333.0,10.9,0.9,0.0,2480.2,229.0,94.2,2145.1,11.9,768,,KANGRA,
Himachal Pradesh,Kangra,IMD110-P767,1971,56.8,115.8,0.6,26.6,52.0,514.7,766.4,663.9,48.2,6.5,24.6,0.2,2276.2,172.6,79.2,1993.2,31.2,768,,KANGRA,
Himachal Pradesh,Kangra,IMD110-P767,1972,51.8,80.5,53.2,48.3,8.9,71.2,290.5,275.5,123.7,8.0,18.0,11.4,1040.9,132.3,110.4,760.8,37.4,768,,KANGRA,
Himachal Pradesh,Kangra,IMD110-P767,1973,103.4,57.0,42.0,2.3,55.8,184.4,369.3,405.8,318.4,19.7,0.0,28.6,1586.8,160.5,100.1,1277.9,48.3,768,,KANGRA,
Himachal Pradesh,Kangra,IMD110-P767,1974,41.8,21.7,14.7,7.7,56.1,63.3,342.7,733.4,181.4,35.5,0.1,54.4,1552.7,63.5,78.5,1320.8,90.0,768,,KANGRA,
Himachal Pradesh,Kangra,IMD110-P767,1975,117.7,92.5,74.4,2.3,21.4,95.7,536.0,404.2,259.6,7.0,0.0,0.0,1610.8,210.2,98.0,1295.6,7.0,768,,KANGRA,
Himachal Pradesh,Kangra,IMD110-P767,1976,53.7,106.1,89.4,36.1,30.8,83.4,1091.4,638.3,176.1,18.7,0.0,2.2,2326.2,159.8,156.3,1989.2,20.9,768,,KANGRA,
Himachal Pradesh,Kangra,IMD110-P767,1977,118.0,0.0,0.5,47.2,87.1,220.6,1049.1,512.3,251.1,25.7,0.2,120.4,2432.2,118.0,134.8,2033.0,146.4,768,,KANGRA,
Himachal Pradesh,Kangra,IMD110-P767,1978,19.6,90.3,104.3,7.8,14.4,257.7,,551.6,91.9,0.0,27.2,5.3,,109.9,126.5,,32.5,768,missing_months,KANGRA,
Himachal Pradesh,Kangra,IMD110-P767,1979,55.4,75.0,149.2,29.0,25.3,113.6,423.6,277.0,51.1,0.6,21.5,27.5,1248.8,130.4,203.5,865.3,49.6,768,,KANGRA,
Himachal Pradesh,Kangra,IMD110-P767,1980,64.7,60.3,52.1,8.9,11.7,191.2,1148.9,378.7,59.4,112.9,38.0,54.8,2181.7,125.0,72.8,1778.2,205.7,768,,KANGRA,
Himachal Pradesh,Kangra,IMD110-P767,1981,66.5,55.6,112.7,19.3,22.4,179.4,483.5,400.2,53.9,3.7,48.8,6.1,1451.9,122.0,154.4,1116.8,58.5,768,,KANGRA,
Himachal Pradesh,Kangra,IMD110-P767,1982,125.3,104.3,270.8,110.0,74.1,49.5,442.8,398.7,46.0,22.4,21.4,63.7,1728.9,229.6,454.8,937.0,107.5,769,,KANGRA,
Himachal Pradesh,Kangra,IMD110-P767,1983,86.3,159.7,108.6,123.2,117.3,60.2,287.4,470.7,417.2,38.2,0.2,6.6,1875.7,246.0,349.2,1235.6,45.0,769,,KANGRA,
Himachal Pradesh,Kangra,IMD110-P767,1984,13.8,120.2,28.1,29.1,1.9,254.5,488.0,593.2,230.6,0.0,23.7,24.4,1807.4,133.9,59.1,1566.3,48.0,769,,KANGRA,
Himachal Pradesh,Kangra,IMD110-P767,1985,62.9,9.5,8.3,39.4,27.1,102.6,663.0,608.9,274.3,117.3,0.1,83.6,1996.8,72.4,74.8,1648.8,200.9,769,,KANGRA,
Himachal Pradesh,Kangra,IMD110-P767,1986,1.2,96.5,61.8,53.5,97.4,138.3,630.0,530.7,66.4,73.8,62.6,55.6,1867.8,97.7,212.7,1365.5,191.9,769,,KANGRA,
Himachal Pradesh,Kangra,IMD110-P767,1987,104.5,71.0,54.8,74.9,206.6,118.7,232.6,443.6,138.9,65.3,0.4,5.8,1517.1,175.5,336.3,933.8,71.5,769,,KANGRA,
Himachal Pradesh,Kangra,IMD110-P767,1988,39.0,91.7,198.2,25.3,15.5,201.8,931.7,697.5,500.2,0.0,0.0,27.8,2728.6,130.6,239.1,2331.2,27.8,769,,KANGRA,
Himachal Pradesh,Kangra,IMD110-P767,1989,144.6,34.9,78.5,11.8,44.9,70.1,640.7,426.8,93.5,1.1,47.9,98.2,1693.0,179.5,135.2,1231.2,147.2,769,,KANGRA,
Himachal Pradesh,Kangra,IMD110-P767,1990,20.3,153.1,181.8,23.7,102.0,173.0,722.0,690.7,409.1,0.8,2.5,189.7,2668.7,173.4,307.5,1994.7,193.1,769,,KANGRA,
Himachal Pradesh,Kangra,IMD110-P767,1991,8.6,116.2,80.5,87.7,42.8,138.7,387.9,818.5,340.7,3.0,16.2,34.1,2074.9,124.8,211.0,1685.8,53.3,769,,KANGRA,
Himachal Pradesh,Kangra,IMD110-P767,1992,195.2,186.5,90.5,20.5,73.4,114.8,551.6,847.3,172.6,4.9,4.6,0.0,2261.9,381.7,184.4,1686.3,9.5,769,,KANGRA,
Himachal Pradesh,Kangra,IMD110-P767,1993,116.3,49.3,178.4,36.3,60.3,151.3,731.7,232.6,292.9,3.1,7.2,0.0,1859.4,165.7,274.9,1408.5,10.3,769,,KANGRA,
Himachal Pradesh,Kangra,IMD110-P767,1994,73.3,95.0,8.6,104.3,63.5,311.4,826.9,846.4,108.0,5.3,0.0,69.0,2511.4,168.3,176.3,2092.6,74.2,769,,KANGRA,
Himachal Pradesh,Kangra,IMD110-P767,1995,72.2,169.2,69.0,32.8,6.6,62.9,667.4,734.6,312.8,1.2,17.1,2.7,2148.5,241.4,108.4,1777.7,21.0,769,,KANGRA,
Himachal Pradesh,Kangra,IMD110-P767,1996,91.6,116.9,99.3,27.6,42.3,329.6,362.4,574.2,216.9,36.6,0.0,5.1,1902.4,208.5,169.1,1483.1,41.7,769,,KANGRA,
Himachal Pradesh,Kangra,IMD110-P767,1997,83.9,62.6,90.3,117.6,49.1,178.6,452.2,763.4,307.9,51.6,76.6,110.4,2344.2,146.5,257.0,1702.1,238.6,769,,KANGRA,
Himachal Pradesh,Kangra,IMD110-P767,1998,19.0,181.5,182.5,106.8,22.9,206.7,700.0,582.3,278.5,84.0,0.7,0.0,2364.7,200.4,312.1,1767.4,84.7,769,,KANGRA,
Himachal Pradesh,Kangra,IMD110-P767,1999,90.5,20.1,7.0,46.7,84.0,290.3,493.0,873.5,180.8,0.0,6.4,0.7,2093.0,110.6,137.7,1837.6,7.1,769,,KANGRA,
Himachal Pradesh,Kangra,IMD110-P767,2000,102.8,90.3,43.5,6.0,71.7,231.0,412.3,319.1,96.8,0.0,7.5,0.3,1381.1,193.1,121.1,1059.1,7.8,769,,KANGRA,
Himachal Pradesh,Kangra,IMD110-P767,2001,15.9,9.7,34.7,53.5,53.9,171.2,500.1,421.9,51.4,1.2,1.1,24.7,1339.3,25.6,142.1,1144.6,27.0,769,,KANGRA,
Himachal Pradesh,Kangra,IMD110-P767,2002,31.1,34.2,39.4,24.5,8.5,85.2,188.6,375.7,127.1,3.0,0.0,0.3,917.7,65.4,72.4,776.6,3.3,769,,KANGRA,
Himachal Pradesh,Kangra,IMD110-P767,2003,43.2,129.0,102.7,25.1,5.1,107.2,316.1,475.5,250.1,0.0,14.2,16.6,1484.6,172.1,132.9,1148.8,30.8,769,,KANGRA,
Himachal Pradesh,Kangra,IMD110-P767,2004,100.0,21.2,0.0,48.1,44.7,131.5,422.3,382.0,129.2,137.5,6.7,35.8,1459.1,121.2,92.8,1064.9,180.1,769,,KANGRA,
Himachal Pradesh,Kangra,IMD110-P767,2005,69.3,177.1,92.7,12.6,16.2,92.1,567.9,363.7,288.5,9.4,0.0,0.0,1689.6,246.5,121.5,1312.2,9.4,769,,KANGRA,
Himachal Pradesh,Kangra,IMD110-P767,2006,66.6,13.8,87.1,12.3,135.1,201.7,528.4,518.4,188.4,52.9,11.7,41.0,1857.6,80.5,234.6,1436.9,105.6,769,,KANGRA,
Himachal Pradesh,Kangra,IMD110-P767,2007,0.0,174.9,215.0,17.3,70.8,304.0,502.5,610.5,225.8,0.0,13.5,26.7,2160.9,174.9,303.0,1642.8,40.2,769,,KANGRA,
Himachal Pradesh,Kangra,IMD110-P767,2008,80.7,68.7,0.0,38.9,55.7,627.7,812.8,601.0,137.2,28.0,0.0,6.7,2457.4,149.4,94.6,2178.8,34.7,769,,KANGRA,
Himachal Pradesh,Kangra,IMD110-P767,2009,52.8,55.4,62.2,65.9,32.7,108.8,437.0,475.7,174.9,157.0,120.2,2.6,1745.1,108.2,160.8,1196.3,279.8,769,,KANGRA,
Himachal Pradesh,Kangra,IMD110-P767,2010,32.6,176.0,19.8,16.0,69.8,192.4,637.2,1171.8,580.6,19.0,10.8,84.4,3010.4,208.6,105.6,2582.0,114.2,769,,KANGRA,
Himachal Pradesh,Kinnaur,IMD110-P770,1901,136.2,167.7,55.3,40.6,109.9,5.8,57.9,67.3,4.0,0.0,0.0,27.1,671.8,303.9,205.8,135.0,27.1,770,,KINNAUR,
Himachal Pradesh,Kinnaur,IMD110-P770,1902,13.2,67.8,169.2,98.4,70.1,48.1,128.2,97.4,33.8,29.8,2.5,0.0,758.5,81.0,337.7,307.5,32.3,770,,KINNAUR,
Himachal Pradesh,Kinnaur,IMD110-P770,1903,68.6,22.3,332.1,41.7,58.2,17.5,87.4,76.3,33.8,11.3,0.0,50.0,799.2,90.9,432.0,215.0,61.3,770,,KINNAUR,
Himachal Pradesh,Kinnaur,IMD110-P770,1904,69.4,17.6,118.4,65.0,73.0,17.0,72.0,35.0,65.2,47.9,14.8,11.4,606.7,87.0,256.4,189.2,74.1,770,,KINNAUR,
Himachal Pradesh,Kinnaur,IMD110-P770,1905,69.1,127.4,242.8,62.7,53.9,36.1,58.4,12.4,61.6,0.0,3.3,45.5,773.2,196.5,359.4,168.5,48.8,770,,KINNAUR,
Himachal Pradesh,Kinnaur,IMD110-P770,1906,45.7,65.4,116.0,11.2,13.2,13.0,44.1,50.6,91.9,5.1,0.0,14.0,470.2,111.1,140.4,199.6,19.1,770,,KINNAUR,
Himachal Pradesh,Kinnaur,IMD110-P770,1907,112.0,52.5,78.7,67.8,35.1,3.3,56.7,,10.1,12.4,0.0,0.0,,164.5,181.6,,12.4,770,missing_months,KINNAUR,
Himachal Pradesh,Kinnaur,IMD110-P770,1908,10.6,16.8,22.8,226.3,61.0,70.4,114.0,90.8,13.2,0.0,23.9,18.8,668.6,27.4,310.1,288.4,42.7,770,,KINNAUR,
Himachal Pradesh,Kinnaur,IMD110-P770,1909,126.6,114.7,19.1,10.0,0.8,25.4,114.1,30.3,18.0,11.8,0.0,28.7,499.5,241.3,29.9,187.8,40.5,770,,KINNAUR,
Himachal Pradesh,Kinnaur,IMD110-P770,1910,24.2,23.8,14.3,68.8,58.2,147.3,226.0,39.0,87.7,42.4,17.2,71.5,820.4,48.0,141.3,500.0,131.1,770,,KINNAUR,
Himachal Pradesh,Kinnaur,IMD110-P770,1911,213.1,24.4,396.8,67.6,12.7,27.7,7.1,34.5,70.7,30.0,85.0,3.0,972.6,237.5,477.1,140.0,118.0,770,,KINNAUR,
Himachal Pradesh,Kinnaur,IMD110-P770,1912,63.5,34.4,95.6,86.4,99.1,13.2,94.3,54.4,118.9,1.3,26.4,12.2,699.7,97.9,281.1,280.8,39.9,770,,KINNAUR,
Himachal Pradesh,Kinnaur,IMD110-P770,1913,37.0,62.2,49.3,69.1,,,8.1,27.2,25.2,28.0,29.4,19.5,,99.2,,,76.9,770,missing_months,KINNAUR,
Himachal Pradesh,Kinnaur,IMD110-P770,1914,17.8,39.6,98.5,123.5,38.5,12.7,120.7,107.4,139.3,48.1,15.2,47.7,809.0,57.4,260.5,380.1,111.0,770,,KINNAUR,
Himachal Pradesh,Kinnaur,IMD110-P770,1915,34.5,92.6,79.4,80.1,15.2,27.8,25.0,32.4,,20.8,0.0,19.5,,127.1,174.7,,40.3,770,missing_months,KINNAUR,
Himachal Pradesh,Kinnaur,IMD110-P770,1916,15.6,88.5,66.1,59.4,28.6,31.0,65.6,75.1,56.1,7.1,0.0,0.0,493.1,104.1,154.1,227.8,7.1,770,,KINNAUR,
Himachal Pradesh,Kinnaur,IMD110-P770,1917,23.4,29.4,91.6,142.2,24.8,45.7,67.7,25.5,106.6,,0.0,0.0,,52.8,258.6,245.5,,770,missing_months,KINNAUR,
Himachal Pradesh,Kinnaur,IMD110-P770,1918,,60.2,183.6,73.4,0.0,1.0,24.8,51.7,29.3,5.3,83.9,53.6,,,257.0,106.8,142.8,770,missing_months,KINNAUR,
Himachal Pradesh,Kinnaur,IMD110-P770,1919,38.3,2.0,109.9,54.1,37.5,15.8,49.5,113.1,42.7,0.0,0.0,38.4,501.3,40.3,201.5,221.1,38.4,770,,KINNAUR,
Himachal Pradesh,Kinnaur,IMD110-P770,1920,82.5,15.3,189.5,62.4,142.9,23.1,88.5,21.3,5.6,2.1,0.0,18.3,651.5,97.8,394.8,138.5,20.4,770,,KINNAUR,
Himachal Pradesh,Kinnaur,IMD110-P770,1921,33.0,0.0,10.4,62.0,74.7,13.4,106.7,146.6,248.6,84.3,0.0,192.4,972.1,33.0,147.1,515.3,276.7,770,,KINNAUR,
Himachal Pradesh,Kinnaur,IMD110-P770,1922,0.0,17.3,256.2,334.9,34.9,71.6,101.0,85.3,152.2,7.6,33.3,33.0,1127.3,17.3,626.0,410.1,73.9,770,,KINNAUR,
Himachal Pradesh,Kinnaur,IMD110-P770,1923,27.7,7.4,79.3,32.0,120.9,,73.6,,143.0,51.0,24.3,47.2,,35.1,232.2,,122.5,770,missing_months,KINNAUR,
Himachal Pradesh,Kinnaur,IMD110-P770,1924,20.1,127.6,136.2,71.1,239.2,42.0,71.1,11.4,808.2,24.6,20.3,20.3,1592.1,147.7,446.5,932.7,65.2,770,,KINNAUR,
Himachal Pradesh,Kinnaur,IMD110-P770,1925,2.5,167.6,80.4,124.5,106.3,106.4,78.7,211.0,73.7,60.7,78.5,0.0,1090.3,170.1,311.2,469.8,139.2,770,,KINNAUR,
Himachal Pradesh,Kinnaur,IMD110-P770,1926,68.6,125.6,,,,55.9,116.3,149.4,14.0,12.7,39.1,,,194.2,,335.6,,770,missing_months,KINNAUR,
Himachal Pradesh,Kinnaur,IMD110-P770,1927,25.4,101.6,17.8,110.3,,31.8,95.6,100.3,10.6,30.5,0.0,27.4,,127.0,,238.3,57.9,770,missing_months,KINNAUR,
Himachal Pradesh,Kinnaur,IMD110-P770,1928,26.7,148.6,53.8,107.8,5.1,17.8,80.1,59.6,31.7,2.5,63.4,0.0,597.1,175.3,166.7,189.2,65.9,770,,KINNAUR,
Himachal Pradesh,Kinnaur,IMD110-P770,1929,,71.1,35.5,73.6,58.3,50.8,124.4,76.2,2.5,29.2,0.0,30.7,,,167.4,253.9,59.9,770,missing_months,KINNAUR,
Himachal Pradesh,Kinnaur,IMD110-P770,1930,34.0,18.9,22.8,50.6,10.0,25.6,156.7,92.8,13.5,33.8,14.3,17.8,490.8,52.9,83.4,288.5,65.9,770,,KINNAUR,
Himachal Pradesh,Kinnaur,IMD110-P770,1931,8.8,46.3,93.3,29.1,85.8,38.2,99.9,47.8,72.9,25.2,0.0,0.9,548.1,55.0,208.2,258.8,26.1,770,,KINNAUR,
Himachal Pradesh,Kinnaur,IMD110-P770,1932,17.6,21.3,43.0,6.4,,16.4,43.2,94.6,123.0,13.5,13.3,82.4,,38.8,,277.3,109.3,770,missing_months,KINNAUR,
Himachal Pradesh,Kinnaur,IMD110-P770,1933,108.2,50.8,110.9,142.6,32.1,37.2,110.1,139.1,114.8,112.5,11.4,3.2,972.8,159.0,285.6,401.2,127.0,770,,KINNAUR,
Himachal Pradesh,Kinnaur,IMD110-P770,1934,156.6,13.7,23.5,83.5,122.4,28.6,105.8,130.6,34.7,3.8,1.9,67.2,772.2,170.3,229.5,299.6,72.8,770,,KINNAUR,
Himachal Pradesh,Kinnaur,IMD110-P770,1935,160.6,57.0,106.6,68.4,14.6,22.1,105.3,93.9,80.4,13.1,22.0,17.0,761.1,217.6,189.7,301.8,52.1,770,,KINNAUR,
Himachal Pradesh,Kinnaur,IMD110-P770,1936,29.3,111.8,144.2,70.1,22.5,123.0,70.7,48.4,60.9,5.5,1.8,117.2,805.3,141.1,236.8,303.0,124.5,770,,KINNAUR,
Himachal Pradesh,Kinnaur,IMD110-P770,1937,126.7,152.7,77.4,80.8,27.9,70.9,145.9,55.5,175.3,63.0,21.0,128.6,1125.6,279.4,186.0,447.5,212.6,770,,KINNAUR,
Himachal Pradesh,Kinnaur,IMD110-P770,1938,215.4,179.0,93.5,63.9,9.4,89.5,60.5,70.3,13.4,10.7,7.4,9.9,823.1,394.4,166.9,233.8,28.0,770,,KINNAUR,
Himachal Pradesh,Kinnaur,IMD110-P770,1939,96.4,237.9,70.8,79.1,5.2,74.4,69.2,25.5,63.5,15.4,0.0,0.0,737.5,334.4,155.1,232.6,15.4,770,,KINNAUR,
Himachal Pradesh,Kinnaur,IMD110-P770,1940,117.3,104.0,93.7,79.6,50.9,124.6,98.8,229.9,67.3,1.4,1.4,0.0,968.8,221.3,224.1,520.5,2.8,770,,KINNAUR,
Himachal Pradesh,Kinnaur,IMD110-P770,1941,19.1,42.3,51.0,18.0,38.4,23.1,59.7,43.4,135.5,2.3,0.0,21.9,454.6,61.3,107.4,261.8,24.1,771,,KINNAUR,
Himachal Pradesh,Kinnaur,IMD110-P770,1942,44.1,123.6,15.7,108.6,60.5,40.5,144.6,117.3,50.5,2.2,0.0,66.8,774.3,167.6,184.8,352.9,69.0,771,,KINNAUR,
Himachal Pradesh,Kinnaur,IMD110-P770,1943,229.9,45.5,77.6,73.1,77.5,47.3,130.5,126.4,36.3,0.0,0.0,21.9,865.8,275.4,228.1,340.5,21.9,771,,KINNAUR,
Himachal Pradesh,Kinnaur,IMD110-P770,1944,,,113.9,,,,104.9,32.1,32.7,,3.5,,,,,,,771,missing_months,KINNAUR,
Himachal Pradesh,Kinnaur,IMD110-P770,1945,46.1,0.0,124.8,0.0,22.5,5.8,131.8,133.6,106.1,57.5,0.0,1.6,629.9,46.1,147.3,377.4,59.2,771,,KINNAUR,
Himachal Pradesh,Kinnaur,IMD110-P770,1946,44.8,50.2,116.3,49.8,29.2,92.7,56.7,56.7,43.3,31.0,44.6,9.6,625.0,94.9,195.4,249.4,85.3,771,,KINNAUR,
Himachal Pradesh,Kinnaur,IMD110-P770,1947,28.1,31.3,117.8,9.1,38.4,29.0,44.6,66.1,292.1,9.6,0.0,25.8,692.1,59.4,165.4,431.8,35.5,771,,KINNAUR,
Himachal Pradesh,Kinnaur,IMD110-P770,1948,18.6,144.6,346.6,50.3,6.6,24.5,112.8,139.6,26.8,14.5,0.0,35.2,920.2,163.2,403.4,303.8,49.7,771,,KINNAUR,
Himachal Pradesh,Kinnaur,IMD110-P770,1949,26.4,56.1,,,,,,,,,,,,82.5,,,,771,missing_months,KINNAUR,
Himachal Pradesh,Kinnaur,IMD110-P770,1951,83.0,52.4,83.6,63.0,74.2,18.9,67.0,60.9,78.1,1.2,58.7,0.6,641.4,135.3,220.8,224.8,60.5,771,,KINNAUR,
Himachal Pradesh,Kinnaur,IMD110-P770,1952,108.5,76.4,152.8,36.0,50.4,47.0,44.9,76.2,6.8,14.7,0.0,31.0,644.8,184.9,239.3,175.0,45.6,771,,KINNAUR,
Himachal Pradesh,Kinnaur,IMD110-P770,1953,120.2,81.5,64.2,77.1,20.6,31.1,102.9,130.3,35.6,1.5,0.0,73.2,738.1,201.6,161.9,299.9,74.7,771,,KINNAUR,
Himachal Pradesh,Kinnaur,IMD110-P770,1954,170.5,185.0,65.5,8.6,51.7,31.9,89.2,45.5,124.5,40.1,1.5,8.3,822.3,355.5,125.8,291.1,49.9,771,,KINNAUR,
Himachal Pradesh,Kinnaur,IMD110-P770,1955,133.4,26.3,118.7,98.9,120.2,23.6,91.2,94.8,174.0,210.1,0.0,16.5,1107.6,159.7,337.9,383.5,226.6,771,,KINNAUR,
Himachal Pradesh,Kinnaur,IMD110-P770,1956,95.0,57.1,174.6,98.4,7.6,16.7,87.0,33.2,19.9,275.1,4.5,96.3,965.6,152.1,280.6,156.9,376.0,771,,KINNAUR,
Himachal Pradesh,Kinnaur,IMD110-P770,1957,161.7,23.7,82.0,132.5,287.6,47.5,64.8,50.6,135.3,96.0,26.0,103.9,1211.4,185.5,502.0,298.1,225.8,771,,KINNAUR,
Himachal Pradesh,Kinnaur,IMD110-P770,1958,79.1,6.3,84.9,72.5,109.1,12.0,75.8,68.1,92.7,48.0,3.5,552.5,1204.3,85.4,266.4,248.5,604.0,771,,KINNAUR,
Himachal Pradesh,Kinnaur,IMD110-P770,1959,311.5,579.7,82.0,22.2,22.9,12.2,102.1,41.0,28.3,7.6,41.5,4.4,1255.4,891.2,127.2,183.6,53.4,771,,KINNAUR,
Himachal Pradesh,Kinnaur,IMD110-P770,1960,79.7,0.0,144.9,96.7,8.4,38.6,67.1,40.8,12.7,12.5,9.3,46.2,557.0,79.7,250.0,159.3,68.0,771,,KINNAUR,
Himachal Pradesh,Kinnaur,IMD110-P770,1961,118.0,121.3,34.3,88.3,28.5,21.8,45.3,71.8,15.9,29.1,20.9,44.1,639.2,239.3,151.1,154.7,94.1,771,,KINNAUR,
Himachal Pradesh,Kinnaur,IMD110-P770,1962,19.6,136.6,104.0,93.7,35.9,28.5,103.8,134.3,200.1,12.8,31.9,38.8,940.0,156.3,233.6,466.7,83.5,771,,KINNAUR,
Himachal Pradesh,Kinnaur,IMD110-P770,1963,18.1,47.9,205.4,38.2,45.1,18.3,57.6,80.5,121.3,0.6,31.3,44.6,709.1,66.1,288.7,277.8,76.6,771,,KINNAUR,
Himachal Pradesh,Kinnaur,IMD110-P770,1964,163.3,135.1,136.1,72.8,85.5,90.0,62.0,88.1,92.1,0.6,0.0,16.8,942.3,298.3,294.4,332.1,17.4,771,,KINNAUR,
Himachal Pradesh,Kinnaur,IMD110-P770,1965,41.5,205.7,147.1,77.6,113.8,8.0,74.3,42.9,22.4,11.0,4.2,9.9,758.4,247.3,338.5,147.6,25.0,771,,KINNAUR,
Himachal Pradesh,Kinnaur,IMD110-P770,1966,0.0,136.2,66.9,94.3,106.8,22.4,90.6,65.1,39.3,14.6,34.4,40.6,711.3,136.2,268.0,217.4,89.6,771,,KINNAUR,
Himachal Pradesh,Kinnaur,IMD110-P770,1967,15.3,68.6,124.3,18.8,73.9,17.3,75.4,121.3,33.8,32.8,8.8,146.5,736.8,83.8,217.0,247.8,188.1,771,,KINNAUR,
Himachal Pradesh,Kinnaur,IMD110-P770,1968,118.8,89.2,51.3,66.2,29.5,2.1,28.5,19.9,1.7,15.5,1.6,34.0,458.4,208.0,147.0,52.3,51.1,771,,KINNAUR,
Himachal Pradesh,Kinnaur,IMD110-P770,1969,30.6,8.5,43.1,161.4,105.7,6.8,68.2,44.8,82.8,7.1,0.8,1.0,561.0,39.1,310.3,202.7,8.8,771,,KINNAUR,
Himachal Pradesh,Kinnaur,IMD110-P770,1970,80.0,26.0,25.7,2.8,12.7,25.8,52.8,60.6,93.3,0.0,0.0,0.4,380.1,106.0,41.2,232.5,0.4,771,,KINNAUR,
Himachal Pradesh,Kinnaur,IMD110-P770,1971,14.6,51.8,27.6,29.3,31.5,,,61.7,78.8,32.6,5.8,0.0,,66.3,88.4,,38.4,771,missing_months,KINNAUR,
Himachal Pradesh,Kinnaur,IMD110-P770,1972,91.2,35.5,34.0,94.8,23.5,20.2,82.1,51.4,104.9,24.8,16.0,115.3,693.7,126.6,152.3,258.6,156.1,771,,KINNAUR,
Himachal Pradesh,Kinnaur,IMD110-P770,1973,40.0,98.4,51.0,26.5,27.5,186.9,31.8,79.8,18.2,50.2,0.0,24.4,634.4,138.3,104.9,316.6,74.6,771,,KINNAUR,
Himachal Pradesh,Kinnaur,IMD110-P770,1974,216.7,98.4,57.0,33.6,52.7,41.2,32.6,311.9,11.7,60.9,4.7,0.0,921.4,315.1,143.3,397.4,65.5,771,,KINNAUR,
Himachal Pradesh,Kinnaur,IMD110-P770,1975,350.1,227.2,70.3,0.0,60.8,128.5,51.3,94.3,142.2,0.0,0.0,0.0,1124.6,577.3,131.1,416.2,0.0,771,,KINNAUR,
Himachal Pradesh,Kinnaur,IMD110-P770,1976,25.2,33.0,213.5,95.9,23.8,31.5,69.3,75.5,31.2,0.0,10.8,47.0,656.6,58.2,333.2,207.5,57.7,771,,KINNAUR,
Himachal Pradesh,Kinnaur,IMD110-P770,1977,43.9,0.0,25.5,86.6,52.3,28.9,86.2,51.8,90.3,12.1,6.4,10.2,494.1,43.9,164.3,257.2,28.7,771,,KINNAUR,
Himachal Pradesh,Kinnaur,IMD110-P770,1978,17.0,202.6,414.2,56.4,32.4,44.4,,77.1,114.7,2.5,113.5,15.2,,219.5,503.0,,131.2,771,missing_months,KINNAUR,
Himachal Pradesh,Kinnaur,IMD110-P770,1979,235.4,169.7,34.0,19.5,59.8,25.9,15.6,34.0,20.4,1.4,21.8,14.7,652.2,405.1,113.3,95.9,37.9,771,,KINNAUR,
Himachal Pradesh,Kinnaur,IMD110-P770,1980,83.6,215.4,43.4,47.7,10.2,20.1,,37.7,54.3,14.0,3.4,17.8,,299.0,101.3,,35.2,771,missing_months,KINNAUR,
Himachal Pradesh,Kinnaur,IMD110-P770,1981,189.7,136.1,120.9,113.6,49.2,17.2,44.6,38.6,43.8,25.9,91.8,8.8,880.3,325.8,283.8,144.3,126.5,771,,KINNAUR,
Himachal Pradesh,Kinnaur,IMD110-P770,1982,490.4,269.3,372.8,314.8,168.4,3.8,20.1,34.8,10.2,62.0,11.9,95.8,1854.3,759.7,856.0,68.9,169.7,771,,KINNAUR,
Himachal Pradesh,Kinnaur,IMD110-P770,1983,17.0,117.7,213.2,121.8,84.9,20.0,51.5,78.8,28.0,109.7,0.0,9.7,852.2,134.7,419.9,178.2,119.4,772,,KINNAUR,
Himachal Pradesh,Kinnaur,IMD110-P770,1984,45.9,48.3,34.0,92.6,3.6,6.1,16.4,22.1,,,8.2,6.3,,94.2,130.2,,,772,missing_months,KINNAUR,
Himachal Pradesh,Kinnaur,IMD110-P770,1985,27.1,15.0,33.4,69.5,47.1,11.4,130.8,60.0,63.2,133.7,14.3,62.4,667.8,42.1,149.9,265.4,210.4,772,,KINNAUR,
Himachal Pradesh,Kinnaur,IMD110-P770,1986,7.1,101.0,166.8,133.3,114.3,24.7,44.1,90.3,19.8,9.1,61.9,39.0,811.5,108.1,414.4,178.9,110.1,772,,KINNAUR,
Himachal Pradesh,Kinnaur,IMD110-P770,1987,25.3,31.8,73.4,139.2,311.4,46.4,20.9,6.5,14.8,54.2,6.3,19.5,749.8,57.1,524.1,88.7,80.0,772,,KINNAUR,
Himachal Pradesh,Kinnaur,IMD110-P770,1988,26.0,88.0,162.3,17.0,35.6,23.5,81.4,88.2,183.0,10.9,9.0,144.3,869.5,114.0,215.0,376.2,164.3,772,,KINNAUR,
Himachal Pradesh,Kinnaur,IMD110-P770,1989,207.6,86.1,99.1,51.6,177.0,23.7,61.4,147.5,36.3,17.4,36.4,39.2,983.2,293.6,327.7,268.9,93.0,772,,KINNAUR,
Himachal Pradesh,Kinnaur,IMD110-P770,1990,19.8,83.0,263.4,74.9,20.7,10.9,78.7,49.9,40.1,19.2,18.6,85.0,764.2,102.8,359.0,179.6,122.8,772,,KINNAUR,
Himachal Pradesh,Kinnaur,IMD110-P770,1991,36.3,139.8,170.8,122.0,89.3,19.2,32.2,84.2,31.9,0.3,0.0,52.3,778.2,176.1,382.1,167.5,52.6,772,,KINNAUR,
Himachal Pradesh,Kinnaur,IMD110-P770,1992,212.5,106.7,169.6,28.3,61.6,13.3,91.0,91.7,71.3,1.3,12.9,14.9,875.2,319.2,259.5,267.3,29.2,772,,KINNAUR,
Himachal Pradesh,Kinnaur,IMD110-P770,1993,99.3,107.0,124.1,9.7,50.5,20.6,146.9,21.7,90.9,0.1,20.9,0.1,691.8,206.4,184.3,280.1,21.0,772,,KINNAUR,
Himachal Pradesh,Kinnaur,IMD110-P770,1994,132.1,147.4,30.1,149.3,66.6,33.3,118.4,98.8,56.5,9.1,0.0,43.6,885.1,279.5,245.9,307.0,52.6,772,,KINNAUR,
Himachal Pradesh,Kinnaur,IMD110-P770,1995,34.3,109.6,85.6,77.6,40.6,50.0,52.2,109.5,128.9,11.4,27.6,43.1,770.5,144.0,203.8,340.6,82.1,772,,KINNAUR,
Himachal Pradesh,Kinnaur,IMD110-P770,1996,147.4,61.1,162.8,55.4,58.2,40.9,55.1,86.0,69.2,29.8,5.5,10.4,781.7,208.5,276.4,251.2,45.7,772,,KINNAUR,
Himachal Pradesh,Kinnaur,IMD110-P770,1997,49.4,45.6,51.2,112.3,54.4,8.9,48.5,128.1,22.3,19.6,68.4,73.2,681.8,95.0,217.8,207.8,161.2,772,,KINNAUR,
Himachal Pradesh,Kinnaur,IMD110-P770,1998,8.6,116.6,96.2,80.2,70.9,163.8,26.4,66.0,107.2,166.8,5.3,0.0,908.1,125.3,247.3,363.5,172.1,772,,KINNAUR,
Himachal Pradesh,Kinnaur,IMD110-P770,1999,87.5,31.4,28.5,10.7,42.1,27.2,72.4,45.2,36.5,6.6,1.6,2.5,392.2,118.9,81.2,181.4,10.7,772,,KINNAUR,
Himachal Pradesh,Kinnaur,IMD110-P770,2000,46.9,111.3,91.8,9.6,39.4,154.4,85.0,44.0,8.4,0.0,15.1,8.0,614.0,158.2,140.8,291.8,23.1,772,,KINNAUR,
Himachal Pradesh,Kinnaur,IMD110-P770,2001,36.5,54.5,233.7,23.2,27.9,43.4,34.6,36.3,4.0,0.6,5.8,32.0,532.5,91.0,284.8,118.2,38.4,772,,KINNAUR,
Himachal Pradesh,Kinnaur,IMD110-P770,2002,36.8,97.6,353.6,148.4,16.4,5.5,0.6,47.5,40.1,2.4,0.0,0.5,749.4,134.5,518.3,93.7,2.9,772,,KINNAUR,
Himachal Pradesh,Kinnaur,IMD110-P770,2003,18.1,40.3,42.1,61.4,10.9,24.7,26.9,19.6,11.8,2.3,1.4,44.0,303.3,58.3,114.3,83.0,47.6,772,,KINNAUR,
Himachal Pradesh,Kinnaur,IMD110-P770,2004,117.5,36.3,17.6,34.9,33.5,7.2,18.6,47.8,4.4,73.1,1.0,43.7,435.7,153.8,86.1,77.9,117.9,772,,KINNAUR,
Himachal Pradesh,Kinnaur,IMD110-P770,2005,431.7,319.9,247.2,41.1,48.9,17.4,100.5,7.2,76.6,1.1,0.0,1.2,1293.0,751.7,337.3,201.8,2.4,772,,KINNAUR,
Himachal Pradesh,Kinnaur,IMD110-P770,2006,105.5,28.9,264.4,53.6,7.0,13.4,69.2,21.5,16.4,0.9,4.2,30.6,615.7,134.4,325.0,120.6,35.8,772,,KINNAUR,
Himachal Pradesh,Kinnaur,IMD110-P770,2007,0.0,49.4,89.6,7.2,51.1,10.9,55.3,77.1,62.1,20.4,0.7,50.7,474.5,49.4,147.9,205.4,71.8,772,,KINNAUR,
Himachal Pradesh,Kinnaur,IMD110-P770,2008,233.2,53.1,16.2,67.0,21.4,20.6,17.4,56.3,159.7,0.6,4.1,52.1,701.7,286.3,104.6,254.0,56.8,772,,KINNAUR,
Himachal Pradesh,Kinnaur,IMD110-P770,2009,49.3,49.4,15.8,84.9,73.6,29.9,48.9,21.8,201.9,18.1,34.5,24.1,652.2,98.7,174.3,302.5,76.7,772,,KINNAUR,
Himachal Pradesh,Kinnaur,IMD110-P770,2010,50.2,101.4,62.7,117.9,127.1,61.0,130.1,84.7,208.3,28.8,5.2,85.8,1063.2,151.6,307.7,484.1,119.8,772,,KINNAUR,
Himachal Pradesh,Kulu,IMD110-P773,1901,102.8,178.6,81.4,38.0,89.3,47.5,263.0,244.6,30.1,0.0,0.0,18.0,1093.4,281.5,208.8,585.2,18.0,773,,KULU,
Himachal Pradesh,Kulu,IMD110-P773,1902,8.9,22.6,161.5,122.9,88.7,95.8,138.1,179.3,74.0,18.5,8.5,0.0,918.8,31.5,373.1,487.2,27.0,773,,KULU,
Himachal Pradesh,Kulu,IMD110-P773,1903,95.4,17.4,238.4,35.6,77.8,67.0,144.1,194.8,64.1,1.6,0.3,43.2,979.6,112.8,351.8,470.0,45.1,773,,KULU,
Himachal Pradesh,Kulu,IMD110-P773,1904,90.4,34.8,168.6,46.7,70.8,48.1,226.4,111.4,54.3,58.7,26.3,31.8,968.3,125.2,286.1,440.3,116.7,773,,KULU,
Himachal Pradesh,Kulu,IMD110-P773,1905,99.3,70.9,184.1,49.5,106.2,54.9,148.4,123.2,93.8,1.5,2.4,38.3,972.6,170.3,339.8,420.4,42.2,773,,KULU,
Himachal Pradesh,Kulu,IMD110-P773,1906,86.9,209.2,134.3,11.9,13.9,78.2,80.3,296.4,193.0,2.3,0.0,16.0,1122.3,296.0,160.1,647.8,18.3,773,,KULU,
Himachal Pradesh,Kulu,IMD110-P773,1907,104.1,190.9,185.9,95.9,44.5,23.3,103.9,146.4,9.4,24.9,0.0,0.0,929.2,295.0,326.3,283.0,24.9,773,,KULU,
Himachal Pradesh,Kulu,IMD110-P773,1908,37.7,110.8,12.8,173.9,48.6,73.2,133.8,285.8,37.9,4.4,3.7,41.5,964.0,148.4,235.3,530.6,49.6,773,,KULU,
Himachal Pradesh,Kulu,IMD110-P773,1909,150.3,105.6,23.1,49.1,23.9,114.1,271.5,123.0,113.6,9.6,0.0,45.3,1029.0,255.9,96.2,622.2,54.8,773,,KULU,
Himachal Pradesh,Kulu,IMD110-P773,1910,57.2,79.1,54.4,43.2,46.4,52.3,162.8,125.3,148.6,41.4,5.8,82.3,898.7,136.2,144.0,489.0,129.5,773,,KULU,
Himachal Pradesh,Kulu,IMD110-P773,1911,280.0,22.7,265.9,44.9,18.0,115.9,86.3,101.2,77.9,23.0,66.3,13.8,1115.9,302.6,328.8,381.3,103.2,773,,KULU,
Himachal Pradesh,Kulu,IMD110-P773,1912,137.6,47.8,71.2,68.4,49.1,32.4,209.5,142.1,129.4,3.3,26.7,21.2,938.6,185.3,188.7,513.4,51.2,773,,KULU,
Himachal Pradesh,Kulu,IMD110-P773,1913,21.2,145.1,92.9,69.4,94.3,67.4,87.9,150.3,19.1,4.9,39.3,77.1,869.0,166.3,256.7,324.8,121.3,773,,KULU,
Himachal Pradesh,Kulu,IMD110-P773,1914,18.0,121.9,174.0,129.0,95.0,96.8,290.2,188.3,177.4,91.2,42.1,75.9,1499.8,139.9,398.0,752.7,209.1,773,,KULU,
Himachal Pradesh,Kulu,IMD110-P773,1915,57.2,90.6,72.6,96.5,16.1,93.4,228.5,217.9,88.6,35.1,0.0,24.9,1021.2,147.7,185.2,628.4,59.9,773,,KULU,
Himachal Pradesh,Kulu,IMD110-P773,1916,15.3,78.9,41.8,51.4,23.3,220.8,185.7,132.6,69.0,37.8,0.0,0.4,856.8,94.1,116.5,608.1,38.2,773,,KULU,
Himachal Pradesh,Kulu,IMD110-P773,1917,33.2,46.5,100.9,195.9,83.1,65.7,167.1,237.4,163.1,167.1,0.0,54.0,1313.9,79.7,379.8,633.3,221.1,773,,KULU,
Himachal Pradesh,Kulu,IMD110-P773,1918,25.3,21.3,245.3,180.9,10.2,141.2,154.1,157.3,7.2,25.3,70.5,20.9,1059.5,46.5,436.5,459.8,116.8,773,,KULU,
Himachal Pradesh,Kulu,IMD110-P773,1919,210.1,81.1,92.2,107.1,49.5,6.9,209.1,121.9,28.1,0.5,11.2,22.6,940.3,291.1,248.8,366.0,34.3,773,,KULU,
Himachal Pradesh,Kulu,IMD110-P773,1920,60.8,101.2,170.1,57.8,115.4,37.2,210.4,94.1,28.7,7.8,0.0,18.8,902.2,161.9,343.4,370.4,26.5,773,,KULU,
Himachal Pradesh,Kulu,IMD110-P773,1921,124.6,48.5,20.1,32.0,30.8,40.7,144.0,160.0,76.5,39.7,0.0,109.4,826.1,173.1,82.8,421.2,149.1,773,,KULU,
Himachal Pradesh,Kulu,IMD110-P773,1922,171.8,92.0,39.7,68.1,17.8,77.2,221.3,310.0,163.4,9.7,1.3,50.0,1221.9,263.8,125.5,771.8,60.9,773,,KULU,
Himachal Pradesh,Kulu,IMD110-P773,1923,110.2,140.3,57.4,36.8,93.8,61.6,200.7,183.1,27.1,79.4,43.0,74.2,1107.6,250.5,187.9,472.5,196.6,773,,KULU,
Himachal Pradesh,Kulu,IMD110-P773,1924,55.2,104.9,96.8,29.5,83.4,22.1,196.9,162.6,293.3,10.6,6.0,33.5,1094.7,160.1,209.6,674.9,50.0,773,,KULU,
Himachal Pradesh,Kulu,IMD110-P773,1925,56.8,31.0,28.0,64.2,75.4,121.9,182.4,197.6,29.0,37.8,113.9,0.0,938.0,87.8,167.5,531.0,151.7,773,,KULU,
Himachal Pradesh,Kulu,IMD110-P773,1926,29.5,29.2,239.5,123.5,138.9,20.1,153.9,203.1,62.0,1.6,45.0,19.1,1065.4,58.7,501.9,439.2,65.7,773,,KULU,
Himachal Pradesh,Kulu,IMD110-P773,1927,33.3,135.6,75.4,56.0,59.4,24.6,132.3,316.4,36.3,40.2,0.2,2.2,911.8,168.9,190.8,509.6,42.5,773,,KULU,
Himachal Pradesh,Kulu,IMD110-P773,1928,130.3,113.5,78.1,126.3,15.6,47.4,161.3,173.3,47.5,0.0,50.4,77.0,1020.6,243.8,220.0,429.4,127.4,773,,KULU,
Himachal Pradesh,Kulu,IMD110-P773,1929,76.9,54.0,30.5,60.8,33.3,119.6,173.2,296.3,29.6,69.3,0.0,123.6,1067.1,130.9,124.6,618.6,192.9,773,,KULU,
Himachal Pradesh,Kulu,IMD110-P773,1930,91.2,87.8,102.9,154.7,53.7,50.5,225.6,264.1,23.5,8.9,12.0,44.7,1119.7,179.0,311.4,563.8,65.6,773,,KULU,
Himachal Pradesh,Kulu,IMD110-P773,1931,72.1,186.5,92.6,15.0,69.4,32.0,103.7,156.5,123.3,34.0,0.6,0.3,886.1,258.6,177.0,415.6,34.9,773,,KULU,
Himachal Pradesh,Kulu,IMD110-P773,1932,21.0,59.3,40.0,14.8,82.0,61.3,171.1,204.4,177.3,15.1,15.5,91.6,953.3,80.3,136.9,614.0,122.1,773,,KULU,
Himachal Pradesh,Kulu,IMD110-P773,1933,76.7,119.1,112.4,98.2,74.7,73.6,237.4,202.1,130.3,29.3,10.0,3.9,1167.6,195.8,285.3,643.3,43.2,773,,KULU,
Himachal Pradesh,Kulu,IMD110-P773,1934,115.9,23.2,44.4,65.9,34.0,33.0,246.3,188.4,29.3,0.0,0.0,126.7,906.9,139.1,144.3,496.9,126.7,773,,KULU,
Himachal Pradesh,Kulu,IMD110-P773,1935,165.3,102.9,74.6,123.4,5.8,29.0,214.9,153.8,56.1,30.4,16.2,31.2,1003.4,268.2,203.7,453.7,77.8,773,,KULU,
Himachal Pradesh,Kulu,IMD110-P773,1936,19.7,174.1,115.3,75.3,32.2,185.8,109.1,170.9,80.2,7.4,0.0,99.2,1069.2,193.8,222.9,545.9,106.6,773,,KULU,
Himachal Pradesh,Kulu,IMD110-P773,1937,66.0,167.7,52.6,85.3,54.8,220.8,97.4,200.9,202.8,79.0,18.5,95.3,1341.0,233.7,192.7,721.8,192.8,773,,KULU,
Himachal Pradesh,Kulu,IMD110-P773,1938,168.6,104.8,78.6,43.4,11.1,97.3,171.9,121.6,5.8,0.5,16.1,4.8,824.6,273.4,133.1,396.6,21.5,773,,KULU,
Himachal Pradesh,Kulu,IMD110-P773,1939,55.5,165.4,143.1,90.4,5.8,90.2,146.9,90.6,70.8,45.0,0.0,0.0,903.8,220.9,239.4,398.5,45.0,773,,KULU,
Himachal Pradesh,Kulu,IMD110-P773,1940,94.8,71.3,108.5,79.8,55.8,107.6,152.2,162.1,75.1,1.4,3.0,29.6,941.3,166.1,244.1,497.0,34.0,773,,KULU,
Himachal Pradesh,Kulu,IMD110-P773,1941,44.0,62.5,41.0,7.6,75.9,93.9,220.0,234.4,103.7,0.0,5.8,46.7,935.5,106.4,124.6,651.9,52.5,774,,KULU,
Himachal Pradesh,Kulu,IMD110-P773,1942,95.7,165.4,29.1,97.3,98.8,77.3,202.7,295.8,78.2,7.0,0.0,75.8,1222.8,261.0,225.1,653.8,82.8,774,,KULU,
Himachal Pradesh,Kulu,IMD110-P773,1943,241.4,22.7,103.3,89.7,106.9,41.5,169.3,285.3,60.5,0.0,0.0,17.5,1138.0,264.1,299.8,556.6,17.5,774,,KULU,
Himachal Pradesh,Kulu,IMD110-P773,1944,152.3,149.5,114.3,62.8,31.3,32.3,209.3,148.1,74.5,51.3,9.4,92.1,1127.1,301.7,208.3,464.2,152.9,774,,KULU,
Himachal Pradesh,Kulu,IMD110-P773,1945,73.4,36.5,157.0,124.6,35.7,58.1,300.0,179.0,164.5,62.6,0.8,1.3,1193.3,109.9,317.3,701.5,64.6,774,,KULU,
Himachal Pradesh,Kulu,IMD110-P773,1946,20.3,113.8,99.7,81.8,65.9,104.8,232.0,137.6,47.5,61.5,20.5,91.8,1077.3,134.1,247.4,522.0,173.8,774,,KULU,
Himachal Pradesh,Kulu,IMD110-P773,1947,96.6,42.6,105.8,7.3,64.8,65.7,,76.8,232.2,3.0,0.0,58.7,,139.1,177.8,,61.7,774,missing_months,KULU,
Himachal Pradesh,Kulu,IMD110-P773,1948,36.0,226.4,388.9,50.8,12.2,62.9,209.3,302.0,33.8,2.0,0.0,101.9,1426.2,262.3,451.9,607.9,104.0,774,,KULU,
Himachal Pradesh,Kulu,IMD110-P773,1949,29.0,198.2,145.8,70.5,39.9,59.8,258.9,98.0,14.6,11.1,0.0,21.0,946.6,227.1,256.1,431.3,32.1,774,,KULU,
Himachal Pradesh,Kulu,IMD110-P773,1950,233.6,93.5,179.8,31.8,68.0,120.4,297.5,246.5,374.9,1.3,0.0,6.1,1653.3,327.1,279.5,1039.3,7.3,774,,KULU,
Himachal Pradesh,Kulu,IMD110-P773,1951,124.0,33.8,128.4,68.9,18.0,66.6,120.7,185.6,111.8,11.4,85.9,6.4,961.5,157.8,215.3,484.7,103.7,774,,KULU,
Himachal Pradesh,Kulu,IMD110-P773,1952,54.7,22.3,160.7,59.4,49.3,169.2,63.5,257.7,52.0,0.0,0.0,18.0,906.8,77.0,269.4,542.4,18.0,774,,KULU,
Himachal Pradesh,Kulu,IMD110-P773,1953,126.6,52.1,81.9,65.3,50.1,98.3,220.5,235.4,37.4,2.4,9.3,28.3,1007.7,178.6,197.3,591.7,40.0,774,,KULU,
Himachal Pradesh,Kulu,IMD110-P773,1954,135.8,300.0,119.4,18.9,22.2,31.9,168.1,246.8,179.9,78.2,1.3,15.3,1317.6,435.8,160.5,626.7,94.7,774,,KULU,
Himachal Pradesh,Kulu,IMD110-P773,1955,132.6,31.8,108.9,96.6,129.5,55.9,335.6,197.6,95.1,309.8,0.0,8.4,1501.8,164.4,335.0,684.3,318.1,774,,KULU,
Himachal Pradesh,Kulu,IMD110-P773,1956,121.4,16.9,222.3,49.7,21.5,64.6,142.0,108.9,52.9,172.3,0.0,68.0,1040.4,138.3,293.4,368.4,240.3,774,,KULU,
Himachal Pradesh,Kulu,IMD110-P773,1957,142.3,22.0,118.6,142.2,128.4,81.9,198.0,77.7,231.2,86.4,50.4,125.6,1404.8,164.3,389.3,588.8,262.4,774,,KULU,
Himachal Pradesh,Kulu,IMD110-P773,1958,102.0,28.0,84.1,55.8,51.1,32.2,359.0,157.9,186.9,49.9,0.0,98.7,1205.5,129.9,191.0,736.0,148.6,774,,KULU,
Himachal Pradesh,Kulu,IMD110-P773,1959,98.8,236.3,59.6,27.8,12.4,16.5,261.8,87.6,61.6,7.7,17.3,0.0,887.3,335.0,99.8,427.4,25.0,774,,KULU,
Himachal Pradesh,Kulu,IMD110-P773,1960,77.2,0.0,104.8,59.8,0.0,47.5,172.5,46.5,11.5,0.0,0.0,57.4,577.3,77.2,164.7,278.0,57.4,774,,KULU,
Himachal Pradesh,Kulu,IMD110-P773,1961,178.3,130.5,57.0,88.1,60.1,71.6,168.1,184.0,107.1,29.0,24.8,25.2,1123.8,308.8,205.3,530.8,78.9,774,,KULU,
Himachal Pradesh,Kulu,IMD110-P773,1962,33.9,148.6,73.9,124.9,47.6,107.6,123.7,124.9,276.0,5.2,67.3,53.5,1187.1,182.5,246.4,632.2,126.0,774,,KULU,
Himachal Pradesh,Kulu,IMD110-P773,1964,97.9,47.5,49.4,111.0,87.4,55.7,196.3,135.6,96.7,0.0,0.0,32.5,910.0,145.4,247.9,484.3,32.5,774,,KULU,
Himachal Pradesh,Kulu,IMD110-P773,1965,58.9,193.4,159.7,137.8,119.5,19.8,179.0,81.2,33.7,25.1,19.5,3.1,1030.5,252.3,416.9,313.6,47.7,774,,KULU,
Himachal Pradesh,Kulu,IMD110-P773,1966,0.0,94.9,75.1,68.5,66.2,34.2,179.5,188.6,39.8,46.3,13.8,27.1,834.0,94.9,209.8,442.1,87.2,774,,KULU,
Himachal Pradesh,Kulu,IMD110-P773,1967,12.5,95.1,164.4,17.8,39.8,96.5,184.0,249.0,46.1,34.3,17.4,53.9,1010.8,107.6,222.0,575.5,105.6,774,,KULU,
Himachal Pradesh,Kulu,IMD110-P773,1968,174.3,113.8,95.8,47.5,52.7,74.7,102.7,63.7,5.9,38.1,15.1,57.9,842.1,288.1,195.9,247.0,111.1,774,,KULU,
Himachal Pradesh,Kulu,IMD110-P773,1969,76.7,78.6,98.6,171.1,116.3,25.0,125.3,200.8,93.7,3.7,1.8,0.8,992.5,155.4,386.0,444.8,6.3,774,,KULU,
Himachal Pradesh,Kulu,IMD110-P773,1970,130.2,45.3,52.7,0.1,13.0,43.4,83.7,153.8,83.6,13.3,0.0,0.0,619.1,175.5,65.8,364.5,13.3,774,,KULU,
Himachal Pradesh,Kulu,IMD110-P773,1971,0.0,75.9,12.4,36.3,21.7,172.8,176.4,76.3,19.4,10.1,2.2,1.2,604.5,75.9,70.3,444.9,13.4,774,,KULU,
Himachal Pradesh,Kulu,IMD110-P773,1972,40.6,72.2,51.3,90.7,12.0,22.1,148.5,110.1,28.9,21.4,42.3,54.1,694.2,112.8,153.9,309.6,117.9,774,,KULU,
Himachal Pradesh,Kulu,IMD110-P773,1973,105.4,63.1,79.9,17.5,21.3,0.7,32.5,109.7,22.6,17.8,0.0,15.5,486.0,168.5,118.7,165.6,33.3,774,,KULU,
Himachal Pradesh,Kulu,IMD110-P773,1974,32.6,31.8,27.4,27.5,30.2,66.4,110.3,59.4,6.9,14.1,4.1,18.8,429.5,64.4,85.1,243.1,37.0,774,,KULU,
Himachal Pradesh,Kulu,IMD110-P773,1975,95.7,104.5,125.8,13.6,29.6,36.7,130.6,136.9,54.2,17.1,0.0,0.0,744.7,200.2,169.1,358.4,17.1,774,,KULU,
Himachal Pradesh,Kulu,IMD110-P773,1976,75.2,120.8,149.0,53.4,36.1,88.0,208.5,199.4,67.7,32.9,0.0,22.6,1053.6,196.0,238.5,563.6,55.5,774,,KULU,
Himachal Pradesh,Kulu,IMD110-P773,1977,170.9,15.8,17.6,143.3,122.9,51.3,285.1,259.1,200.4,37.4,11.1,150.3,1465.2,186.7,283.8,795.9,198.8,774,,KULU,
Himachal Pradesh,Kulu,IMD110-P773,1978,91.0,104.2,240.8,63.5,34.0,97.9,214.4,282.9,96.4,2.5,171.9,10.2,1409.7,195.2,338.3,691.6,184.6,774,,KULU,
Himachal Pradesh,Kulu,IMD110-P773,1979,135.0,107.9,275.4,73.4,133.5,32.5,132.3,64.3,42.3,22.0,63.8,48.0,1130.3,242.9,482.3,271.4,133.8,774,,KULU,
Himachal Pradesh,Kulu,IMD110-P773,1980,67.8,47.8,119.8,60.5,36.1,93.7,196.0,125.1,62.1,10.9,26.6,26.1,872.4,115.6,216.4,476.9,63.6,774,,KULU,
Himachal Pradesh,Kulu,IMD110-P773,1981,104.3,117.9,223.0,97.1,63.9,52.9,114.7,26.4,21.0,4.6,60.9,7.3,894.0,222.2,384.0,215.0,72.8,774,,KULU,
Himachal Pradesh,Kulu,IMD110-P773,1982,139.1,114.9,203.1,147.8,110.3,16.1,118.0,119.0,20.7,58.8,39.8,90.2,1177.8,254.0,461.2,273.8,188.8,774,,KULU,
Himachal Pradesh,Kulu,IMD110-P773,1983,77.7,94.6,,97.6,75.8,18.5,102.3,163.1,112.1,53.5,0.0,6.2,,172.3,,396.0,59.7,775,missing_months,KULU,
Himachal Pradesh,Kulu,IMD110-P773,1984,6.7,136.2,70.8,87.0,8.1,73.9,147.6,101.6,48.2,9.0,15.8,64.3,769.0,142.9,165.9,371.2,89.1,775,,KULU,
Himachal Pradesh,Kulu,IMD110-P773,1985,120.0,30.2,49.7,84.3,72.2,31.9,153.8,122.8,58.8,97.6,0.0,117.1,938.3,150.2,206.2,367.3,214.6,775,,KULU,
Himachal Pradesh,Kulu,IMD110-P773,1986,15.3,141.3,187.2,145.7,118.3,25.8,177.9,193.7,56.8,59.8,107.9,169.6,1399.2,156.6,451.2,454.1,337.3,775,,KULU,
Himachal Pradesh,Kulu,IMD110-P773,1987,51.1,126.8,129.4,155.2,272.0,75.9,59.0,41.5,46.1,88.9,0.0,12.2,1058.0,177.9,556.6,222.5,101.0,775,,KULU,
Himachal Pradesh,Kulu,IMD110-P773,1988,40.7,135.4,265.0,32.8,69.0,53.2,292.1,126.5,269.7,2.0,0.5,185.6,1472.5,176.2,366.8,741.5,188.1,775,,KULU,
Himachal Pradesh,Kulu,IMD110-P773,1989,117.8,86.0,127.7,84.4,53.2,40.0,189.7,149.3,25.6,6.9,51.2,36.6,968.5,203.8,265.3,404.6,94.8,775,,KULU,
Himachal Pradesh,Kulu,IMD110-P773,1990,27.9,229.3,308.8,59.0,56.7,54.8,141.4,116.1,79.5,8.9,4.8,91.0,1178.1,257.1,424.4,391.8,104.8,775,,KULU,
Himachal Pradesh,Kulu,IMD110-P773,1991,21.3,126.8,117.7,95.9,70.3,48.4,54.6,112.5,10.9,0.0,0.2,32.5,691.1,148.1,283.9,226.4,32.7,775,,KULU,
Himachal Pradesh,Kulu,IMD110-P773,1992,114.5,58.4,83.1,31.4,115.3,,132.8,100.5,57.0,2.3,17.0,8.6,,172.9,229.8,,27.9,775,missing_months,KULU,
Himachal Pradesh,Kulu,IMD110-P773,1993,131.8,67.4,266.5,24.0,71.7,37.5,274.8,45.9,79.1,0.0,17.2,0.0,1015.8,199.1,362.1,437.3,17.2,775,,KULU,
Himachal Pradesh,Kulu,IMD110-P773,1994,68.4,107.5,14.9,191.4,92.8,71.9,215.5,203.1,73.8,4.3,0.0,38.5,1082.1,175.8,299.1,564.4,42.8,775,,KULU,
Himachal Pradesh,Kulu,IMD110-P773,1995,33.4,136.3,67.4,117.3,40.7,22.4,205.6,194.8,129.3,16.6,12.1,21.0,996.9,169.7,225.4,552.0,49.8,775,,KULU,
Himachal Pradesh,Kulu,IMD110-P773,1996,75.8,105.9,170.8,79.7,100.4,124.7,124.3,160.1,70.9,39.9,0.0,23.1,1075.5,181.8,350.9,479.9,63.0,775,,KULU,
Himachal Pradesh,Kulu,IMD110-P773,1997,38.0,72.7,82.2,139.0,91.8,47.0,158.8,323.2,34.2,50.7,132.1,100.9,1270.6,110.8,313.0,563.1,283.7,775,,KULU,
Himachal Pradesh,Kulu,IMD110-P773,1998,16.9,146.4,187.9,109.0,72.4,160.7,89.9,118.8,238.4,140.9,11.4,0.0,1292.6,163.2,369.3,607.9,152.3,775,,KULU,
Himachal Pradesh,Kulu,IMD110-P773,1999,97.9,32.6,35.1,1.3,87.3,72.2,355.2,292.3,47.2,0.0,1.3,2.9,1025.3,130.5,123.7,766.9,4.2,775,,KULU,
Himachal Pradesh,Kulu,IMD110-P773,2000,63.2,83.5,60.1,23.0,77.1,167.0,214.2,67.2,39.4,0.0,17.9,1.7,814.3,146.7,160.2,487.8,19.6,775,,KULU,
Himachal Pradesh,Kulu,IMD110-P773,2001,27.1,32.5,74.3,78.5,67.5,128.1,215.6,178.2,14.7,17.2,37.3,42.6,913.5,59.6,220.3,536.6,97.0,775,,KULU,
Himachal Pradesh,Kulu,IMD110-P773,2002,72.4,111.5,95.9,93.6,15.4,57.1,24.0,155.1,92.4,8.1,2.1,2.6,730.0,183.9,204.9,328.5,12.7,775,,KULU,
Himachal Pradesh,Kulu,IMD110-P773,2003,38.4,128.1,137.3,76.1,26.0,38.5,117.1,155.7,84.8,0.0,17.1,36.1,855.3,166.5,239.5,396.2,53.2,775,,KULU,
Himachal Pradesh,Kulu,IMD110-P773,2004,91.3,38.5,4.1,57.9,78.6,36.4,99.6,197.0,23.3,146.9,4.5,23.5,801.4,129.8,140.5,356.3,174.9,775,,KULU,
Himachal Pradesh,Kulu,IMD110-P773,2005,88.5,152.4,153.5,35.1,80.6,26.7,301.9,48.4,122.7,0.2,0.0,0.0,1010.1,241.0,269.3,499.7,0.2,775,,KULU,
Himachal Pradesh,Kulu,IMD110-P773,2006,109.8,54.6,123.3,54.4,39.0,55.6,158.8,145.5,87.0,15.8,21.4,48.9,914.0,164.4,216.7,446.8,86.1,775,,KULU,
Himachal Pradesh,Kulu,IMD110-P773,2007,0.0,134.6,189.4,3.4,61.6,54.5,154.6,114.1,38.5,20.8,0.0,23.9,795.2,134.6,254.4,361.7,44.6,775,,KULU,
Himachal Pradesh,Kulu,IMD110-P773,2008,152.9,38.9,6.2,44.8,30.4,98.2,84.0,195.6,139.9,18.5,3.7,80.2,893.3,191.8,81.3,517.7,102.4,775,,KULU,
Himachal Pradesh,Kulu,IMD110-P773,2009,46.5,75.9,75.7,103.8,52.0,59.5,92.6,104.4,179.3,9.5,122.1,19.9,941.2,122.4,231.6,435.6,151.5,775,,KULU,
Himachal Pradesh,Kulu,IMD110-P773,2010,14.4,95.9,59.9,58.7,74.0,153.1,295.0,177.0,191.1,41.2,11.1,70.2,1241.6,110.3,192.6,816.2,122.5,775,,KULU,
Himachal Pradesh,Lahul & Spiti,IMD110-P776,1903,68.4,27.8,275.1,32.3,51.5,20.4,38.2,63.5,38.2,0.0,0.0,7.4,622.8,96.2,358.9,160.3,7.4,776,,LAHUL AND SPITI,
Himachal Pradesh,Lahul & Spiti,IMD110-P776,1904,90.4,24.2,128.7,78.0,146.1,7.6,54.9,38.4,20.4,82.8,16.6,26.0,714.1,114.6,352.8,121.3,125.4,776,,LAHUL AND SPITI,
Himachal Pradesh,Lahul & Spiti,IMD110-P776,1905,44.1,19.6,164.9,52.1,,43.7,61.7,3.8,108.7,0.0,0.0,33.4,,63.7,,217.9,33.4,776,missing_months,LAHUL AND SPITI,
Himachal Pradesh,Lahul & Spiti,IMD110-P776,1906,33.9,116.6,42.8,0.0,60.1,,16.0,28.7,218.5,4.8,0.0,1.3,,150.5,102.9,,6.1,776,missing_months,LAHUL AND SPITI,
Himachal Pradesh,Lahul & Spiti,IMD110-P776,1907,182.1,121.3,147.7,54.9,34.0,10.5,28.7,23.5,0.0,21.6,0.0,0.0,624.3,303.4,236.6,62.7,21.6,776,,LAHUL AND SPITI,
Himachal Pradesh,Lahul & Spiti,IMD110-P776,1908,55.9,88.4,11.5,272.8,52.1,19.1,11.2,79.3,17.3,6.4,1.8,22.9,638.7,144.3,336.4,126.9,31.1,776,,LAHUL AND SPITI,
Himachal Pradesh,Lahul & Spiti,IMD110-P776,1909,84.8,72.9,51.0,7.6,34.9,6.9,75.1,17.8,46.7,32.3,0.0,36.5,466.5,157.7,93.5,146.5,68.8,776,,LAHUL AND SPITI,
Himachal Pradesh,Lahul & Spiti,IMD110-P776,1910,45.8,62.0,81.7,81.8,62.7,,,,,,,,,107.8,226.2,,,776,missing_months,LAHUL AND SPITI,
Himachal Pradesh,Lahul & Spiti,IMD110-P776,1933,56.3,88.2,145.8,74.8,24.2,30.8,16.0,52.7,70.2,32.0,11.3,0.0,602.3,144.5,244.8,169.7,43.3,776,,LAHUL AND SPITI,
Himachal Pradesh,Lahul & Spiti,IMD110-P776,1934,41.1,13.9,27.4,148.5,71.1,13.8,10.4,38.2,2.5,0.3,3.1,44.0,414.3,55.0,247.0,64.9,47.4,776,,LAHUL AND SPITI,
Himachal Pradesh,Lahul & Spiti,IMD110-P776,1935,100.0,71.9,63.5,78.8,35.4,68.7,42.4,35.8,50.0,52.4,30.7,11.7,641.3,171.9,177.7,196.9,94.8,776,,LAHUL AND SPITI,
Himachal Pradesh,Lahul & Spiti,IMD110-P776,1936,4.5,82.8,155.5,70.8,32.3,82.7,24.8,27.0,4.8,0.5,0.0,53.9,539.6,87.3,258.6,139.3,54.4,776,,LAHUL AND SPITI,
Himachal Pradesh,Lahul & Spiti,IMD110-P776,1937,48.0,75.8,59.4,39.9,30.5,24.6,,,,,,,,123.8,129.8,,,776,missing_months,LAHUL AND SPITI,
Himachal Pradesh,Lahul & Spiti,IMD110-P776,1938,,,,,3.0,38.3,0.0,7.9,6.1,5.0,1.5,9.1,,,,52.3,15.6,776,missing_months,LAHUL AND SPITI,
Himachal Pradesh,Lahul & Spiti,IMD110-P776,1939,53.3,41.1,88.3,34.5,13.5,1.8,16.1,8.8,16.8,42.2,0.0,0.0,316.4,94.4,136.3,43.5,42.2,776,,LAHUL AND SPITI,
Himachal Pradesh,Lahul & Spiti,IMD110-P776,1940,37.6,43.9,56.0,61.1,80.4,16.5,,39.2,26.0,0.0,4.6,43.6,,81.5,197.5,,48.2,776,missing_months,LAHUL AND SPITI,
Himachal Pradesh,Lahul & Spiti,IMD110-P776,1941,43.8,74.7,136.4,49.1,91.6,5.9,13.7,34.5,69.2,0.0,1.0,32.5,552.4,118.5,277.1,123.3,33.5,776,,LAHUL AND SPITI,
Himachal Pradesh,Lahul & Spiti,IMD110-P776,1942,64.2,168.6,31.5,93.5,84.9,24.4,53.9,38.4,49.1,9.7,0.0,34.9,653.1,232.8,209.9,165.8,44.6,776,,LAHUL AND SPITI,
Himachal Pradesh,Lahul & Spiti,IMD110-P776,1943,115.7,38.5,162.9,88.0,93.0,6.4,15.5,28.0,12.3,0.0,0.5,16.8,577.6,154.2,343.9,62.2,17.3,776,,LAHUL AND SPITI,
Himachal Pradesh,Lahul & Spiti,IMD110-P776,1944,60.0,81.1,36.6,26.9,10.7,26.3,23.9,17.5,31.5,33.5,12.7,42.5,403.2,141.1,74.2,99.2,88.7,776,,LAHUL AND SPITI,
Himachal Pradesh,Lahul & Spiti,IMD110-P776,1950,179.0,51.3,151.8,105.5,110.1,2.5,44.5,16.5,360.5,0.0,0.0,6.8,1028.5,230.3,367.4,424.0,6.8,776,,LAHUL AND SPITI,
Himachal Pradesh,Lahul & Spiti,IMD110-P776,1951,146.4,119.8,70.9,158.8,149.5,32.1,152.2,110.0,137.8,26.0,77.4,20.2,1201.1,266.2,379.2,432.1,123.6,776,,LAHUL AND SPITI,
Himachal Pradesh,Lahul & Spiti,IMD110-P776,1952,112.2,129.4,334.4,51.9,143.5,122.0,113.8,247.7,14.8,36.5,6.6,60.7,1373.6,241.6,529.8,498.3,103.8,776,,LAHUL AND SPITI,
Himachal Pradesh,Lahul & Spiti,IMD110-P776,1953,185.2,70.4,258.2,164.7,67.3,71.9,252.1,283.5,67.5,24.2,20.8,80.2,1546.1,255.6,490.2,675.1,125.2,776,,LAHUL AND SPITI,
Himachal Pradesh,Lahul & Spiti,IMD110-P776,1954,295.9,396.7,148.2,34.8,124.7,67.3,350.8,137.2,323.3,63.2,21.8,38.9,2002.7,692.6,307.7,878.6,123.9,776,,LAHUL AND SPITI,
Himachal Pradesh,Lahul & Spiti,IMD110-P776,1955,278.3,100.7,283.9,163.8,214.5,129.3,251.1,249.5,111.4,496.3,0.0,24.3,2303.1,379.0,662.2,741.3,520.5,776,,LAHUL AND SPITI,
Himachal Pradesh,Lahul & Spiti,IMD110-P776,1956,149.2,73.1,372.3,103.2,12.5,109.6,217.9,201.5,67.0,222.1,19.4,189.6,1737.3,222.3,487.9,595.9,431.1,776,,LAHUL AND SPITI,
Himachal Pradesh,Lahul & Spiti,IMD110-P776,1957,191.4,81.8,218.1,301.6,256.2,72.6,140.6,183.5,364.6,104.2,101.9,129.9,2146.4,273.1,776.0,761.3,336.1,776,,LAHUL AND SPITI,
Himachal Pradesh,Lahul & Spiti,IMD110-P776,1958,117.8,36.1,93.6,119.1,143.4,28.3,266.8,102.8,273.2,113.5,3.9,152.7,1451.1,153.9,356.0,671.1,270.1,776,,LAHUL AND SPITI,
Himachal Pradesh,Lahul & Spiti,IMD110-P776,1959,88.9,282.4,177.6,82.9,96.9,12.3,275.9,46.0,104.5,74.8,77.6,0.1,1319.6,371.3,357.4,438.5,152.4,776,,LAHUL AND SPITI,
Himachal Pradesh,Lahul & Spiti,IMD110-P776,1960,65.7,2.7,221.0,122.4,50.2,76.7,194.8,79.9,15.0,4.5,8.4,78.5,919.9,68.4,393.6,366.4,91.4,776,,LAHUL AND SPITI,
Himachal Pradesh,Lahul & Spiti,IMD110-P776,1961,206.6,161.8,154.4,215.6,33.7,13.9,35.1,58.5,13.8,19.9,54.9,17.6,985.8,368.4,403.7,121.3,92.4,776,,LAHUL AND SPITI,
Himachal Pradesh,Lahul & Spiti,IMD110-P776,1962,19.8,80.1,90.8,221.0,105.3,29.5,41.1,35.0,298.8,5.5,91.4,42.0,1060.3,99.9,417.1,404.4,138.9,776,,LAHUL AND SPITI,
Himachal Pradesh,Lahul & Spiti,IMD110-P776,1963,5.7,58.1,217.5,66.2,44.8,6.1,54.7,62.3,12.1,0.0,123.3,47.1,697.9,63.8,328.5,135.2,170.4,776,,LAHUL AND SPITI,
Himachal Pradesh,Lahul & Spiti,IMD110-P776,1964,315.9,68.1,166.4,183.6,58.3,69.3,53.6,27.5,88.2,0.0,0.0,,,383.9,408.4,238.6,,776,missing_months,LAHUL AND SPITI,
Himachal Pradesh,Lahul & Spiti,IMD110-P776,1965,47.0,356.0,321.0,193.0,247.0,4.0,36.5,40.0,45.0,10.0,15.0,22.0,1336.5,403.0,761.0,125.5,47.0,776,,LAHUL AND SPITI,
Himachal Pradesh,Lahul & Spiti,IMD110-P776,1966,0.3,212.6,100.4,164.2,127.6,24.9,116.6,137.9,121.3,44.7,17.8,56.8,1125.0,212.9,392.2,400.6,119.3,776,,LAHUL AND SPITI,
Himachal Pradesh,Lahul & Spiti,IMD110-P776,1967,99.8,204.0,254.9,73.7,102.8,63.4,144.6,240.3,62.0,40.7,52.1,94.0,1432.3,303.8,431.4,510.3,186.8,776,,LAHUL AND SPITI,
Himachal Pradesh,Lahul & Spiti,IMD110-P776,1968,227.8,190.8,121.2,86.4,106.3,86.2,186.1,135.3,24.3,73.6,20.9,72.5,1331.4,418.6,313.9,431.9,167.1,776,,LAHUL AND SPITI,
Himachal Pradesh,Lahul & Spiti,IMD110-P776,1969,119.3,131.9,86.3,224.1,184.3,13.3,58.5,72.7,63.9,6.0,8.1,3.9,972.3,251.2,494.7,208.5,18.0,776,,LAHUL AND SPITI,
Himachal Pradesh,Lahul & Spiti,IMD110-P776,1970,101.3,44.3,58.3,17.5,35.0,66.5,103.9,192.2,98.9,15.1,0.0,1.0,734.0,145.7,110.8,461.4,16.1,777,,LAHUL AND SPITI,
Himachal Pradesh,Lahul & Spiti,IMD110-P776,1971,88.4,92.7,23.6,69.8,20.7,88.0,175.2,75.0,24.0,14.6,4.8,4.4,681.3,181.1,114.2,362.2,23.8,777,,LAHUL AND SPITI,
Himachal Pradesh,Lahul & Spiti,IMD110-P776,1972,75.3,86.2,79.0,116.2,35.0,22.8,179.7,123.8,25.9,50.2,35.7,98.3,927.9,161.5,230.1,352.1,184.2,777,,LAHUL AND SPITI,
Himachal Pradesh,Lahul & Spiti,IMD110-P776,1973,206.4,133.4,102.5,30.9,53.0,18.4,59.5,92.5,21.3,32.8,1.0,38.9,790.6,339.8,186.4,191.7,72.7,777,,LAHUL AND SPITI,
Himachal Pradesh,Lahul & Spiti,IMD110-P776,1974,86.7,52.6,57.1,37.1,36.0,49.5,84.5,40.8,5.1,20.8,3.2,63.3,536.7,139.3,130.2,179.8,87.3,777,,LAHUL AND SPITI,
Himachal Pradesh,Lahul & Spiti,IMD110-P776,1975,125.1,158.6,228.5,77.5,42.1,41.5,133.0,9.4,32.6,9.9,0.0,10.1,868.3,283.7,348.1,216.5,20.0,777,,LAHUL AND SPITI,
Himachal Pradesh,Lahul & Spiti,IMD110-P776,1976,59.3,110.0,134.0,33.5,13.0,114.7,187.0,91.3,32.0,35.8,1.4,17.8,829.8,169.2,180.5,425.0,55.0,777,,LAHUL AND SPITI,
Himachal Pradesh,Lahul & Spiti,IMD110-P776,1977,57.7,4.9,23.8,102.3,76.2,37.0,114.5,106.6,127.7,21.8,24.5,41.5,738.5,62.6,202.3,385.8,87.9,777,,LAHUL AND SPITI,
Himachal Pradesh,Lahul & Spiti,IMD110-P776,1978,139.9,91.5,133.3,40.3,16.8,64.0,52.0,150.3,49.8,0.5,98.5,8.8,845.5,231.4,190.4,316.0,107.7,777,,LAHUL AND SPITI,
Himachal Pradesh,Lahul & Spiti,IMD110-P776,1979,127.0,102.1,118.5,16.9,121.9,10.4,41.3,30.7,38.5,12.0,50.7,54.0,723.9,229.0,257.3,120.9,116.7,777,,LAHUL AND SPITI,
Himachal Pradesh,Lahul & Spiti,IMD110-P776,1980,139.9,105.7,95.8,27.8,47.3,26.5,243.6,41.2,27.1,6.4,22.4,29.6,813.4,245.6,171.0,338.4,58.3,777,,LAHUL AND SPITI,
Himachal Pradesh,Lahul & Spiti,IMD110-P776,1981,131.2,142.1,166.8,48.3,78.0,66.5,78.5,123.8,145.4,22.8,79.7,2.5,1085.6,273.3,293.1,414.1,105.0,777,,LAHUL AND SPITI,
Himachal Pradesh,Lahul & Spiti,IMD110-P776,1982,181.0,129.6,160.4,86.7,223.1,,37.6,1.1,19.6,54.2,33.8,94.4,,310.6,470.3,,182.4,777,missing_months,LAHUL AND SPITI,
Himachal Pradesh,Lahul & Spiti,IMD110-P776,1983,103.8,89.9,239.7,137.5,37.2,55.5,172.2,57.9,63.4,33.4,2.7,26.3,1019.3,193.7,414.3,349.0,62.3,777,,LAHUL AND SPITI,
Himachal Pradesh,Lahul & Spiti,IMD110-P776,1984,35.5,213.8,59.5,102.2,32.1,7.8,109.3,80.1,94.6,32.3,21.3,63.5,851.9,249.3,193.7,291.8,117.1,777,,LAHUL AND SPITI,
Himachal Pradesh,Lahul & Spiti,IMD110-P776,1985,68.5,28.8,75.1,108.1,68.9,20.4,169.0,127.6,107.6,130.7,0.0,109.6,1014.3,97.3,252.1,424.6,240.3,777,,LAHUL AND SPITI,
Himachal Pradesh,Lahul & Spiti,IMD110-P776,1986,9.7,162.0,246.8,126.6,100.9,28.3,111.6,137.0,22.5,25.5,87.6,142.8,1201.3,171.7,474.3,299.4,255.9,777,,LAHUL AND SPITI,
Himachal Pradesh,Lahul & Spiti,IMD110-P776,1987,75.0,95.3,101.8,207.0,136.7,53.0,30.0,52.7,5.3,75.8,0.0,16.0,848.7,170.3,445.5,141.1,91.8,777,,LAHUL AND SPITI,
Himachal Pradesh,Lahul & Spiti,IMD110-P776,1988,50.0,217.8,850.5,29.5,43.8,22.1,186.8,183.3,340.8,1.2,12.5,114.0,2052.4,267.8,923.8,733.0,127.7,777,,LAHUL AND SPITI,
Himachal Pradesh,Lahul & Spiti,IMD110-P776,1989,63.3,80.8,97.8,43.2,147.8,15.5,198.8,239.7,74.2,8.6,64.0,50.5,1084.1,144.0,288.7,528.3,123.1,777,,LAHUL AND SPITI,
Himachal Pradesh,Lahul & Spiti,IMD110-P776,1990,75.0,174.4,217.8,76.8,28.0,24.1,275.8,38.0,75.2,29.4,7.3,145.0,1166.9,249.4,322.5,413.2,181.7,777,,LAHUL AND SPITI,
Himachal Pradesh,Lahul & Spiti,IMD110-P776,1991,38.0,219.5,159.5,150.1,112.3,41.3,93.6,80.0,165.8,1.0,1.0,24.3,1086.3,257.5,422.0,380.6,26.3,777,,LAHUL AND SPITI,
Himachal Pradesh,Lahul & Spiti,IMD110-P776,1992,83.5,14.0,337.0,73.0,106.0,0.0,278.6,242.1,117.7,14.8,38.0,4.6,1309.3,97.5,516.0,638.4,57.4,777,,LAHUL AND SPITI,
Himachal Pradesh,Lahul & Spiti,IMD110-P776,1993,118.1,75.3,164.8,14.0,54.2,20.8,266.5,15.3,59.5,0.0,34.7,0.0,823.0,193.4,232.9,362.0,34.7,777,,LAHUL AND SPITI,
Himachal Pradesh,Lahul & Spiti,IMD110-P776,1994,122.0,154.0,58.0,183.5,38.0,99.5,102.5,91.0,72.0,13.3,0.5,178.0,1112.3,276.0,279.5,365.0,191.8,777,,LAHUL AND SPITI,
Himachal Pradesh,Lahul & Spiti,IMD110-P776,1995,85.8,166.5,160.0,155.0,55.0,78.5,191.5,248.0,436.0,0.5,3.5,19.5,1599.7,252.3,370.0,954.0,23.5,777,,LAHUL AND SPITI,
Himachal Pradesh,Lahul & Spiti,IMD110-P776,1996,198.0,161.0,68.0,57.6,123.9,125.0,169.0,352.0,102.6,44.5,0.0,7.0,1408.7,359.0,249.6,748.6,51.5,777,,LAHUL AND SPITI,
Himachal Pradesh,Lahul & Spiti,IMD110-P776,1997,25.0,50.0,16.0,47.0,6.0,50.0,1.0,545.0,16.3,19.3,51.0,126.5,953.1,75.0,69.0,612.3,196.8,777,,LAHUL AND SPITI,
Himachal Pradesh,Lahul & Spiti,IMD110-P776,1998,11.3,111.4,124.6,20.0,33.5,66.3,4.0,87.8,317.1,40.0,6.6,9.5,832.0,122.6,178.1,475.2,56.1,777,,LAHUL AND SPITI,
Himachal Pradesh,Lahul & Spiti,IMD110-P776,1999,73.9,47.3,25.0,2.5,114.5,26.5,98.0,6.0,79.5,19.4,23.0,0.7,516.2,121.2,142.0,210.0,43.0,777,,LAHUL AND SPITI,
Himachal Pradesh,Lahul & Spiti,IMD110-P776,2000,210.5,154.8,48.8,31.5,73.3,126.0,162.1,20.0,43.5,0.0,22.0,22.3,914.7,365.3,153.5,351.5,44.3,777,,LAHUL AND SPITI,
Himachal Pradesh,Lahul & Spiti,IMD110-P776,2001,48.4,51.3,129.0,81.2,18.5,71.0,136.0,116.8,28.5,7.0,37.2,58.6,783.5,99.7,228.7,352.3,102.8,777,,LAHUL AND SPITI,
Himachal Pradesh,Lahul & Spiti,IMD110-P776,2002,77.7,177.1,106.2,148.9,23.7,26.9,51.6,134.8,48.3,0.0,0.3,1.7,797.2,254.8,278.8,261.7,1.9,777,,LAHUL AND SPITI,
Himachal Pradesh,Lahul & Spiti,IMD110-P776,2003,15.1,120.2,170.9,61.5,76.9,10.4,30.0,35.8,65.2,0.0,16.7,44.0,646.7,135.3,309.3,141.4,60.7,777,,LAHUL AND SPITI,
Himachal Pradesh,Lahul & Spiti,IMD110-P776,2004,46.5,31.9,14.0,48.1,14.5,21.8,16.5,67.6,15.0,44.8,15.5,48.3,384.4,78.4,76.7,120.7,108.7,777,,LAHUL AND SPITI,
Himachal Pradesh,Lahul & Spiti,IMD110-P776,2005,152.0,275.0,117.7,68.9,82.8,31.0,95.3,33.4,158.5,0.7,0.8,16.0,1032.1,427.0,269.4,318.2,17.5,777,,LAHUL AND SPITI,
Himachal Pradesh,Lahul & Spiti,IMD110-P776,2006,177.7,57.3,138.2,60.1,50.8,59.8,169.7,233.6,61.3,10.3,69.0,78.7,1166.5,235.0,249.2,524.4,157.9,777,,LAHUL AND SPITI,
Himachal Pradesh,Lahul & Spiti,IMD110-P776,2007,5.0,130.6,234.9,5.1,5.4,,24.3,8.7,87.1,67.2,0.0,94.2,,135.6,245.4,,161.4,777,missing_months,LAHUL AND SPITI,
Himachal Pradesh,Lahul & Spiti,IMD110-P776,2008,260.1,109.6,18.6,57.9,28.9,120.2,152.4,169.6,112.2,68.3,17.2,104.1,1219.1,369.7,105.4,554.4,189.6,777,,LAHUL AND SPITI,
Himachal Pradesh,Lahul & Spiti,IMD110-P776,2009,122.9,99.0,57.5,83.1,70.0,43.2,75.6,74.8,100.8,,,,,221.9,210.5,294.4,,777,missing_months,LAHUL AND SPITI,
Himachal Pradesh,Lahul & Spiti,IMD110-P776,2010,20.0,105.0,48.0,74.8,178.5,94.0,89.0,52.0,32.2,19.0,2.0,54.0,768.5,125.0,301.3,267.2,75.0,777,,LAHUL AND SPITI,
Himachal Pradesh,Mandi,IMD110-P778,1951,105.6,43.0,94.7,35.2,103.6,40.7,380.6,600.2,173.6,29.7,93.9,8.3,1709.3,148.6,233.6,1195.1,132.0,778,,MANDI,
Himachal Pradesh,Mandi,IMD110-P778,1952,92.1,70.6,127.3,23.6,18.0,270.8,272.2,532.2,39.4,10.2,0.0,55.9,1512.3,162.7,168.9,1114.6,66.1,778,,MANDI,
Himachal Pradesh,Mandi,IMD110-P778,1953,102.5,25.8,14.9,34.2,32.8,175.1,655.2,437.7,85.9,0.0,0.8,35.7,1600.6,128.3,81.9,1354.0,36.5,778,,MANDI,
Himachal Pradesh,Mandi,IMD110-P778,1954,146.4,220.4,35.3,2.0,12.3,60.3,493.1,746.5,274.3,59.7,0.0,2.5,2052.9,366.8,49.6,1574.2,62.2,778,,MANDI,
Himachal Pradesh,Mandi,IMD110-P778,1955,103.5,21.7,77.7,57.6,62.2,102.3,458.2,444.7,210.2,273.2,0.0,10.0,1821.5,125.2,197.6,1215.5,283.2,778,,MANDI,
Himachal Pradesh,Mandi,IMD110-P778,1956,52.9,18.5,134.4,38.8,79.2,260.1,293.8,358.9,160.9,139.8,3.0,29.0,1569.2,71.4,252.4,1073.6,171.8,778,,MANDI,
Himachal Pradesh,Mandi,IMD110-P778,1957,114.0,16.3,115.1,70.5,94.4,146.9,561.3,215.4,207.9,54.7,27.5,114.0,1738.0,130.2,280.0,1131.5,196.2,778,,MANDI,
Himachal Pradesh,Mandi,IMD110-P778,1958,67.3,12.7,63.4,39.9,25.7,46.9,675.6,327.0,206.1,56.4,2.7,85.5,1609.2,80.0,129.0,1255.6,144.6,778,,MANDI,
Himachal Pradesh,Mandi,IMD110-P778,1959,90.4,148.7,53.0,21.8,41.2,68.5,530.3,300.7,292.7,79.5,18.8,0.0,1645.6,239.1,116.0,1192.1,98.3,778,,MANDI,
Himachal Pradesh,Mandi,IMD110-P778,1960,53.2,0.0,101.5,43.7,12.4,130.8,535.5,496.8,170.4,6.6,0.1,43.5,1594.5,53.2,157.7,1333.5,50.2,778,,MANDI,
Himachal Pradesh,Mandi,IMD110-P778,1961,115.7,136.5,17.7,44.1,24.3,235.7,611.6,434.1,215.2,46.4,27.6,45.6,1954.6,252.2,86.2,1496.6,119.6,778,,MANDI,
Himachal Pradesh,Mandi,IMD110-P778,1962,40.3,91.3,62.5,31.6,16.7,119.2,462.8,309.2,349.6,2.1,78.7,43.7,1607.6,131.5,110.8,1240.7,124.5,778,,MANDI,
Himachal Pradesh,Mandi,IMD110-P778,1963,9.3,51.6,181.7,43.9,67.3,256.1,510.6,404.5,154.7,0.6,36.1,27.7,1743.9,60.9,292.8,1325.9,64.3,778,,MANDI,
Himachal Pradesh,Mandi,IMD110-P778,1964,98.2,45.8,34.2,43.8,125.3,141.6,296.4,320.8,175.1,0.0,0.0,25.9,1307.1,144.0,203.2,934.0,25.9,778,,MANDI,
Himachal Pradesh,Mandi,IMD110-P778,1965,41.2,110.6,73.6,108.7,104.2,50.2,360.1,125.9,36.4,61.1,18.3,9.9,1100.2,151.8,286.5,572.7,89.3,778,,MANDI,
Himachal Pradesh,Mandi,IMD110-P778,1966,0.0,103.8,70.5,43.6,116.3,378.9,422.8,387.7,164.1,21.3,5.8,38.2,1753.1,103.8,230.5,1353.5,65.2,778,,MANDI,
Himachal Pradesh,Mandi,IMD110-P778,1967,0.7,52.9,206.6,9.9,13.5,265.4,665.7,492.5,116.8,31.6,12.0,56.5,1924.2,53.6,230.1,1540.4,100.2,778,,MANDI,
Himachal Pradesh,Mandi,IMD110-P778,1968,101.8,90.0,67.7,24.0,20.4,182.4,368.9,233.5,20.8,50.7,5.0,54.6,1219.8,191.8,112.0,805.7,110.2,778,,MANDI,
Himachal Pradesh,Mandi,IMD110-P778,1969,38.4,57.8,66.4,80.6,107.7,45.6,383.7,503.4,134.0,5.1,0.0,0.2,1422.9,96.2,254.7,1066.7,5.3,778,,MANDI,
Himachal Pradesh,Mandi,IMD110-P778,1970,124.5,35.3,21.3,2.4,79.7,249.3,429.4,325.5,145.9,3.3,0.0,0.2,1416.6,159.8,103.4,1149.9,3.5,778,,MANDI,
Himachal Pradesh,Mandi,IMD110-P778,1971,91.5,44.2,0.3,39.7,156.7,,516.9,535.1,91.7,5.0,8.8,0.0,,135.7,196.7,,13.9,778,missing_months,MANDI,
Himachal Pradesh,Mandi,IMD110-P778,1972,36.1,73.8,44.5,66.9,8.6,66.5,92.3,202.0,60.7,13.6,13.5,3.5,682.1,110.0,119.9,421.6,30.6,778,,MANDI,
Himachal Pradesh,Mandi,IMD110-P778,1973,76.1,53.9,45.2,8.5,7.9,113.0,302.2,172.1,123.9,13.1,31.4,19.0,966.3,130.0,61.6,711.1,63.5,778,,MANDI,
Himachal Pradesh,Mandi,IMD110-P778,1974,65.4,24.2,19.2,2.4,35.9,152.0,219.7,195.2,31.2,13.6,0.8,0.0,759.5,89.6,57.5,598.0,14.4,778,,MANDI,
Himachal Pradesh,Mandi,IMD110-P778,1975,87.7,92.1,79.4,1.0,20.0,85.0,244.0,252.0,38.8,2.8,0.0,0.0,902.6,179.7,100.3,619.8,2.8,778,,MANDI,
Himachal Pradesh,Mandi,IMD110-P778,1976,64.0,85.3,78.2,35.3,34.1,81.4,544.7,273.2,92.2,2.7,0.0,1.4,1292.5,149.3,147.6,991.5,4.1,778,,MANDI,
Himachal Pradesh,Mandi,IMD110-P778,1977,52.6,0.0,0.0,104.8,90.7,99.5,342.2,368.5,275.7,7.2,0.2,48.6,1390.0,52.6,195.6,1085.8,56.0,778,,MANDI,
Himachal Pradesh,Mandi,IMD110-P778,1978,56.4,60.4,173.1,42.8,21.5,291.6,,521.4,174.6,0.0,59.3,0.0,,116.8,237.4,,59.3,778,missing_months,MANDI,
Himachal Pradesh,Mandi,IMD110-P778,1979,104.1,85.4,131.6,68.5,68.2,228.2,318.8,271.9,62.0,6.3,16.1,20.6,1381.6,189.5,268.3,880.8,42.9,778,,MANDI,
Himachal Pradesh,Mandi,IMD110-P778,1980,39.9,30.8,44.4,25.7,41.0,178.0,,254.1,86.4,36.3,25.5,27.7,,70.7,111.1,,89.5,778,missing_months,MANDI,
Himachal Pradesh,Mandi,IMD110-P778,1981,92.7,44.8,153.7,42.3,57.5,141.4,660.7,251.9,55.4,4.5,66.9,5.3,1577.1,137.5,253.5,1109.3,76.7,778,,MANDI,
Himachal Pradesh,Mandi,IMD110-P778,1982,143.1,121.1,195.9,164.0,145.0,111.6,234.9,319.1,44.4,33.0,7.8,41.4,1561.4,264.2,504.9,710.1,82.2,778,,MANDI,
Himachal Pradesh,Mandi,IMD110-P778,1983,127.7,73.1,121.2,149.5,127.7,76.8,134.7,224.7,163.1,48.1,0.0,4.0,1250.6,200.9,398.4,599.3,52.1,778,,MANDI,
Himachal Pradesh,Mandi,IMD110-P778,1984,9.4,95.5,18.1,43.5,22.7,189.1,222.8,211.4,23.9,0.0,0.8,40.3,877.6,104.9,84.3,647.3,41.1,779,,MANDI,
Himachal Pradesh,Mandi,IMD110-P778,1985,79.1,30.7,21.2,49.6,35.1,64.8,454.6,384.7,140.4,137.3,0.9,92.7,1491.0,109.8,105.9,1044.4,230.8,779,,MANDI,
Himachal Pradesh,Mandi,IMD110-P778,1986,8.8,85.1,114.4,52.4,107.5,255.7,483.9,444.4,119.0,60.3,81.0,51.7,1864.2,93.9,274.4,1302.9,193.0,779,,MANDI,
Himachal Pradesh,Mandi,IMD110-P778,1987,75.0,61.9,72.9,122.6,268.0,72.6,191.4,278.4,83.7,63.4,0.0,4.8,1294.7,137.0,463.5,626.1,68.2,779,,MANDI,
Himachal Pradesh,Mandi,IMD110-P778,1988,27.2,104.4,222.3,10.8,30.4,158.1,696.1,541.5,322.5,0.0,0.0,176.0,2289.3,131.6,263.5,1718.2,176.0,779,,MANDI,
Himachal Pradesh,Mandi,IMD110-P778,1989,132.7,82.3,52.0,8.2,31.7,143.6,473.1,309.7,105.6,0.5,44.0,61.1,1444.4,214.9,92.0,1031.9,105.6,779,,MANDI,
Himachal Pradesh,Mandi,IMD110-P778,1990,41.7,134.3,192.7,24.1,116.5,243.2,453.0,343.8,198.2,9.0,0.7,170.4,1927.5,175.9,333.2,1238.2,180.1,779,,MANDI,
Himachal Pradesh,Mandi,IMD110-P778,1991,9.9,119.7,71.4,72.8,34.6,87.9,218.2,310.9,161.2,1.8,1.2,40.2,1129.7,129.6,178.7,778.2,43.3,779,,MANDI,
Himachal Pradesh,Mandi,IMD110-P778,1992,81.4,43.3,50.3,12.6,71.0,72.5,397.5,842.8,234.8,3.2,10.4,0.0,1819.9,124.7,133.9,1547.7,13.7,779,,MANDI,
Himachal Pradesh,Mandi,IMD110-P778,1993,124.3,48.9,138.3,21.6,47.3,166.4,596.3,262.3,216.1,0.0,8.7,0.0,1630.3,173.2,207.3,1241.2,8.7,779,,MANDI,
Himachal Pradesh,Mandi,IMD110-P778,1994,56.3,102.0,7.2,79.5,80.5,124.5,297.9,492.8,125.3,1.9,0.0,37.4,1405.2,158.2,167.3,1040.4,39.3,779,,MANDI,
Himachal Pradesh,Mandi,IMD110-P778,1995,47.4,106.8,60.4,26.6,25.9,89.4,496.4,291.2,170.1,3.5,19.9,14.4,1351.9,154.2,112.9,1047.1,37.8,779,,MANDI,
Himachal Pradesh,Mandi,IMD110-P778,1996,77.1,76.5,77.0,41.3,42.2,318.2,476.7,592.3,185.2,54.5,0.0,2.6,1943.5,153.6,160.5,1572.3,57.1,779,,MANDI,
Himachal Pradesh,Mandi,IMD110-P778,1997,87.0,62.8,89.1,125.5,125.8,208.9,348.1,583.7,190.3,77.1,126.4,93.1,2117.8,149.8,340.4,1331.0,296.6,779,,MANDI,
Himachal Pradesh,Mandi,IMD110-P778,1998,12.6,126.3,159.0,39.9,64.6,156.5,337.9,418.8,323.3,108.9,19.0,0.0,1766.6,138.9,263.4,1236.4,127.9,779,,MANDI,
Himachal Pradesh,Mandi,IMD110-P778,1999,59.8,20.3,4.8,0.0,111.0,190.0,548.1,549.6,155.6,0.0,0.5,9.8,1649.5,80.1,115.7,1443.3,10.4,779,,MANDI,
Himachal Pradesh,Mandi,IMD110-P778,2000,37.1,49.4,33.0,12.7,83.7,367.0,392.4,292.0,87.3,0.0,6.4,0.0,1361.1,86.5,129.4,1138.8,6.4,779,,MANDI,
Himachal Pradesh,Mandi,IMD110-P778,2001,18.9,9.3,53.6,75.2,98.6,228.6,343.3,364.1,59.0,3.5,10.7,20.9,1285.7,28.2,227.3,995.1,35.1,779,,MANDI,
Himachal Pradesh,Mandi,IMD110-P778,2002,50.6,74.8,68.2,44.8,39.9,112.3,209.3,345.9,154.9,24.5,0.0,0.0,1125.3,125.4,152.9,822.4,24.5,779,,MANDI,
Himachal Pradesh,Mandi,IMD110-P778,2003,37.2,71.8,74.1,23.8,9.4,135.0,411.3,366.7,183.9,0.0,21.1,11.9,1346.1,108.9,107.3,1096.9,33.0,779,,MANDI,
Himachal Pradesh,Mandi,IMD110-P778,2004,122.7,14.1,0.0,43.9,55.9,122.5,291.2,272.0,72.7,110.3,1.3,15.5,1122.0,136.7,99.8,758.3,127.1,779,,MANDI,
Himachal Pradesh,Mandi,IMD110-P778,2005,61.7,117.7,86.1,6.8,23.6,105.8,498.5,183.6,180.1,5.6,0.0,0.1,1269.4,179.3,116.5,967.9,5.6,779,,MANDI,
Himachal Pradesh,Mandi,IMD110-P778,2006,52.4,5.1,58.1,26.2,77.0,118.0,351.0,345.6,173.6,14.9,5.4,31.7,1259.1,57.5,161.3,988.2,52.0,779,,MANDI,
Himachal Pradesh,Mandi,IMD110-P778,2007,0.0,91.1,93.2,10.4,62.4,186.0,360.0,448.6,36.2,5.3,0.0,31.7,1324.9,91.1,166.0,1030.8,37.0,779,,MANDI,
Himachal Pradesh,Mandi,IMD110-P778,2008,82.2,61.4,1.0,29.8,131.3,275.9,313.7,304.9,154.8,39.5,1.5,9.4,1405.5,143.6,162.1,1049.3,50.4,779,,MANDI,
Himachal Pradesh,Mandi,IMD110-P778,2009,19.7,14.1,50.5,54.1,72.9,141.4,169.9,251.1,242.1,4.5,17.4,0.1,1037.8,33.7,177.5,804.5,22.0,779,,MANDI,
Himachal Pradesh,Mandi,IMD110-P778,2010,8.4,63.1,11.1,37.5,45.8,189.6,480.8,268.1,170.1,30.4,10.4,79.7,1395.1,71.6,94.3,1108.6,120.5,779,,MANDI,
Himachal Pradesh,Simla,IMD110-P780,1901,112.1,198.3,104.8,3.7,62.2,44.7,316.2,645.8,71.5,2.5,0.0,21.4,1583.2,310.4,170.7,1078.2,23.8,780,,SIMLA,
Himachal Pradesh,Simla,IMD110-P780,1902,1.9,21.7,61.1,58.4,51.0,84.9,293.6,165.8,82.2,28.9,0.0,0.0,849.7,23.6,170.5,626.6,28.9,780,,SIMLA,
Himachal Pradesh,Simla,IMD110-P780,1903,61.9,19.8,87.2,14.9,74.2,55.9,224.2,349.5,129.0,13.7,0.3,57.0,1087.5,81.7,176.2,758.5,71.1,780,,SIMLA,
Himachal Pradesh,Simla,IMD110-P780,1904,68.1,12.4,122.7,18.2,77.9,87.2,444.7,211.4,44.0,22.3,31.0,32.2,1172.1,80.5,218.8,787.3,85.5,780,,SIMLA,
Himachal Pradesh,Simla,IMD110-P780,1905,76.3,111.0,101.1,23.0,22.2,55.6,309.6,186.4,139.4,0.3,0.2,37.7,1062.7,187.3,146.3,691.0,38.1,780,,SIMLA,
Himachal Pradesh,Simla,IMD110-P780,1906,52.6,174.6,124.1,6.1,18.8,362.1,271.0,814.9,231.2,0.0,0.0,13.3,2068.9,227.3,148.9,1679.3,13.3,780,,SIMLA,
Himachal Pradesh,Simla,IMD110-P780,1907,77.8,164.0,164.7,78.2,35.0,37.0,188.1,270.0,9.5,7.0,0.0,0.0,1031.4,241.8,277.9,504.7,7.0,780,,SIMLA,
Himachal Pradesh,Simla,IMD110-P780,1908,44.3,90.9,19.2,96.1,46.9,47.8,329.6,355.1,51.1,0.0,6.5,20.2,1107.6,135.2,162.2,783.5,26.7,780,,SIMLA,
Himachal Pradesh,Simla,IMD110-P780,1909,66.3,77.3,9.4,61.8,10.2,230.3,401.2,252.1,75.7,16.2,0.0,43.9,1244.4,143.6,81.5,959.3,60.1,780,,SIMLA,
Himachal Pradesh,Simla,IMD110-P780,1910,57.9,60.0,23.4,22.6,38.6,163.4,444.1,361.0,236.2,49.9,1.6,51.0,1509.6,117.9,84.6,1204.7,102.4,780,,SIMLA,
Himachal Pradesh,Simla,IMD110-P780,1911,245.1,18.1,205.2,25.8,6.6,101.6,112.0,311.3,203.2,30.9,75.8,1.0,1336.7,263.2,237.6,728.1,107.8,780,,SIMLA,
Himachal Pradesh,Simla,IMD110-P780,1912,81.4,32.5,42.4,47.2,49.5,50.6,272.3,328.9,203.4,0.0,34.3,12.4,1154.9,113.8,139.1,855.2,46.7,780,,SIMLA,
Himachal Pradesh,Simla,IMD110-P780,1913,15.0,153.4,73.3,14.3,103.1,175.1,192.7,193.7,27.9,13.7,9.1,61.5,1032.8,168.4,190.7,589.4,84.3,780,,SIMLA,
Himachal Pradesh,Simla,IMD110-P780,1914,6.0,95.5,97.7,80.6,98.5,161.3,439.4,311.8,257.9,85.8,19.2,29.6,1683.5,101.5,276.9,1170.4,134.6,780,,SIMLA,
Himachal Pradesh,Simla,IMD110-P780,1915,93.5,88.8,84.0,55.9,40.0,89.3,271.5,409.8,119.5,12.6,0.0,21.9,1286.7,182.3,179.9,890.0,34.5,780,,SIMLA,
Himachal Pradesh,Simla,IMD110-P780,1916,11.6,69.7,20.0,30.8,56.4,336.7,265.1,178.8,154.7,88.9,0.0,0.6,1213.3,81.3,107.2,935.3,89.5,780,,SIMLA,
Himachal Pradesh,Simla,IMD110-P780,1917,11.5,41.2,42.4,186.7,122.0,155.0,367.3,255.9,324.0,174.0,0.0,18.2,1698.2,52.7,351.1,1102.2,192.2,780,,SIMLA,
Himachal Pradesh,Simla,IMD110-P780,1918,20.8,8.7,133.9,104.1,33.2,227.1,359.6,223.0,28.8,6.1,25.8,14.9,1185.9,29.5,271.1,838.4,46.7,780,,SIMLA,
Himachal Pradesh,Simla,IMD110-P780,1919,151.1,67.8,73.8,78.4,77.2,186.1,475.8,233.6,58.5,1.1,19.7,22.1,1445.3,218.9,229.4,954.1,42.9,780,,SIMLA,
Himachal Pradesh,Simla,IMD110-P780,1920,43.4,56.3,96.3,22.5,140.3,83.9,540.2,141.1,134.6,5.7,0.0,15.9,1280.0,99.7,259.0,899.8,21.5,780,,SIMLA,
Himachal Pradesh,Simla,IMD110-P780,1921,113.6,28.5,4.8,23.2,19.4,65.7,347.2,298.4,178.7,28.3,0.0,30.2,1138.2,142.1,47.5,890.0,58.5,780,,SIMLA,
Himachal Pradesh,Simla,IMD110-P780,1922,81.1,31.8,30.4,24.9,10.6,128.6,371.2,484.0,254.3,1.8,0.0,37.6,1456.3,112.9,66.0,1238.1,39.4,780,,SIMLA,
Himachal Pradesh,Simla,IMD110-P780,1923,81.5,134.2,26.7,23.9,69.4,111.5,269.1,287.8,163.2,67.1,16.7,94.0,1345.2,215.7,120.0,831.7,177.8,780,,SIMLA,
Himachal Pradesh,Simla,IMD110-P780,1924,68.7,90.4,36.2,23.1,50.3,41.9,445.9,251.8,450.0,21.0,2.2,40.7,1522.3,159.1,109.6,1189.6,64.0,780,,SIMLA,
Himachal Pradesh,Simla,IMD110-P780,1925,58.6,28.2,13.0,53.7,96.9,130.3,311.6,276.5,44.7,18.4,66.9,0.0,1098.7,86.8,163.5,763.1,85.3,780,,SIMLA,
Himachal Pradesh,Simla,IMD110-P780,1926,36.0,30.6,169.3,72.5,111.9,19.6,358.3,291.0,109.0,7.7,33.2,5.6,1244.7,66.6,353.7,778.0,46.5,780,,SIMLA,
Himachal Pradesh,Simla,IMD110-P780,1927,14.3,153.4,49.7,35.5,67.1,46.0,308.8,565.8,93.2,72.9,9.3,18.9,1435.1,167.7,152.4,1013.9,101.1,780,,SIMLA,
Himachal Pradesh,Simla,IMD110-P780,1928,126.6,112.7,41.4,90.6,20.5,80.2,253.7,328.4,63.8,8.7,44.7,60.3,1231.6,239.2,152.6,726.1,113.7,780,,SIMLA,
Himachal Pradesh,Simla,IMD110-P780,1929,77.4,32.9,17.6,32.8,22.7,113.8,348.7,390.5,63.3,54.2,0.0,105.0,1259.0,110.3,73.2,916.3,159.2,780,,SIMLA,
Himachal Pradesh,Simla,IMD110-P780,1930,98.6,51.6,31.1,40.4,35.1,112.1,323.2,276.6,26.7,13.7,3.6,37.6,1050.2,150.2,106.6,738.6,54.9,780,,SIMLA,
Himachal Pradesh,Simla,IMD110-P780,1931,13.5,102.0,59.5,17.5,80.0,35.3,159.6,185.8,207.0,40.5,0.4,0.2,901.4,115.5,156.9,587.8,41.2,780,,SIMLA,
Himachal Pradesh,Simla,IMD110-P780,1932,9.8,25.2,51.2,30.7,55.2,101.3,266.4,495.7,295.4,3.0,6.3,78.3,1418.6,35.0,137.1,1158.8,87.6,780,,SIMLA,
Himachal Pradesh,Simla,IMD110-P780,1933,31.3,106.8,70.1,69.4,127.2,117.7,323.8,260.9,272.8,62.4,4.2,6.0,1452.5,138.1,266.7,975.2,72.5,780,,SIMLA,
Himachal Pradesh,Simla,IMD110-P780,1934,111.3,11.7,32.7,28.2,63.9,194.2,392.6,331.7,47.0,0.0,0.0,78.2,1291.5,123.1,124.9,965.4,78.2,780,,SIMLA,
Himachal Pradesh,Simla,IMD110-P780,1935,128.7,107.6,34.4,62.8,11.2,35.9,250.4,296.7,134.2,8.0,25.6,31.5,1127.1,236.3,108.5,717.2,65.2,780,,SIMLA,
Himachal Pradesh,Simla,IMD110-P780,1936,6.3,113.5,60.4,69.7,83.0,316.7,402.8,186.9,111.1,12.5,2.1,81.8,1446.6,119.7,213.0,1017.5,96.3,780,,SIMLA,
Himachal Pradesh,Simla,IMD110-P780,1937,50.7,153.2,32.5,65.2,39.2,190.3,248.9,253.7,264.4,33.2,2.0,81.9,1415.2,203.9,136.9,957.4,117.0,780,,SIMLA,
Himachal Pradesh,Simla,IMD110-P780,1938,136.0,81.0,20.6,23.5,24.9,166.1,321.5,231.1,18.6,12.1,14.3,0.8,1050.6,217.1,69.0,737.3,27.2,780,,SIMLA,
Himachal Pradesh,Simla,IMD110-P780,1939,47.0,109.9,70.3,44.1,15.5,217.7,305.6,130.1,182.6,9.5,0.0,0.0,1132.2,156.9,129.9,835.9,9.5,780,,SIMLA,
Himachal Pradesh,Simla,IMD110-P780,1940,41.2,69.1,48.1,68.4,37.4,188.1,287.7,242.2,111.7,7.8,0.9,14.2,1116.8,110.3,154.0,829.7,22.9,780,,SIMLA,
Himachal Pradesh,Simla,IMD110-P780,1941,30.8,37.6,26.1,5.4,99.4,154.1,265.2,424.4,61.4,23.9,6.3,29.7,1164.3,68.4,130.9,905.1,59.8,781,,SIMLA,
Himachal Pradesh,Simla,IMD110-P780,1942,75.9,133.3,30.2,51.3,84.7,120.7,380.9,449.3,163.3,2.4,0.0,39.3,1531.1,209.2,166.1,1114.2,41.6,781,,SIMLA,
Himachal Pradesh,Simla,IMD110-P780,1943,121.6,13.5,42.3,59.0,62.2,73.6,336.5,385.4,154.5,0.0,0.0,6.7,1255.4,135.2,163.6,949.9,6.7,781,,SIMLA,
Himachal Pradesh,Simla,IMD110-P780,1944,83.8,66.8,112.1,47.0,33.3,130.6,181.7,260.8,69.9,23.9,5.6,40.7,1056.4,150.6,192.4,643.1,70.3,781,,SIMLA,
Himachal Pradesh,Simla,IMD110-P780,1945,201.4,6.4,55.2,78.2,37.7,75.6,349.3,310.5,238.5,47.6,0.0,3.0,1403.2,207.8,171.0,973.9,50.5,781,,SIMLA,
Himachal Pradesh,Simla,IMD110-P780,1946,23.0,68.2,45.7,63.3,120.2,129.1,418.0,197.9,47.6,127.1,20.8,28.2,1289.1,91.2,229.2,792.5,176.2,781,,SIMLA,
Himachal Pradesh,Simla,IMD110-P780,1947,45.3,43.3,82.2,9.5,35.9,73.2,231.0,205.1,425.0,19.0,0.0,21.7,1191.2,88.6,127.6,934.4,40.7,781,,SIMLA,
Himachal Pradesh,Simla,IMD110-P780,1948,13.8,106.1,177.2,32.2,9.6,28.0,343.6,368.3,96.9,5.7,0.0,40.5,1222.0,119.9,219.0,836.9,46.2,781,,SIMLA,
Himachal Pradesh,Simla,IMD110-P780,1949,25.4,116.2,54.3,49.7,28.7,38.9,504.7,176.7,77.6,3.3,0.0,13.0,1088.5,141.6,132.7,797.9,16.3,781,,SIMLA,
Himachal Pradesh,Simla,IMD110-P780,1950,107.4,30.5,110.8,11.7,59.6,191.7,493.5,324.0,239.0,5.1,0.0,8.9,1582.2,137.9,182.0,1248.3,14.0,781,,SIMLA,
Himachal Pradesh,Simla,IMD110-P780,1951,124.4,37.5,105.6,40.6,76.3,35.8,185.1,297.6,163.9,5.2,71.7,0.3,1144.0,161.9,222.5,682.4,77.2,781,,SIMLA,
Himachal Pradesh,Simla,IMD110-P780,1952,107.7,59.0,148.8,49.1,56.0,187.4,213.2,365.3,32.8,4.7,0.3,34.1,1258.3,166.8,253.8,798.6,39.1,781,,SIMLA,
Himachal Pradesh,Simla,IMD110-P780,1953,109.5,55.7,17.8,52.4,29.7,116.0,349.0,323.3,73.4,5.4,0.2,102.9,1235.3,165.2,99.8,861.8,108.5,781,,SIMLA,
Himachal Pradesh,Simla,IMD110-P780,1954,163.8,216.5,61.9,5.1,30.8,55.8,301.7,394.8,225.6,36.1,0.5,4.1,1496.6,380.3,97.9,977.9,40.6,781,,SIMLA,
Himachal Pradesh,Simla,IMD110-P780,1955,155.5,20.7,63.9,52.6,105.9,76.5,305.7,350.5,184.1,243.9,0.0,2.8,1562.1,176.2,222.4,916.8,246.7,781,,SIMLA,
Himachal Pradesh,Simla,IMD110-P780,1956,67.8,20.8,158.5,39.8,44.4,117.2,302.2,281.5,111.3,236.0,0.7,57.6,1437.8,88.6,242.7,812.3,294.3,781,,SIMLA,
Himachal Pradesh,Simla,IMD110-P780,1957,119.9,27.9,75.2,75.5,129.4,106.3,386.6,175.4,164.6,64.7,16.6,78.5,1420.7,147.8,280.2,832.9,159.8,781,,SIMLA,
Himachal Pradesh,Simla,IMD110-P780,1958,68.3,13.2,65.7,39.0,37.9,42.1,487.0,185.0,234.2,53.9,0.3,135.8,1362.4,81.4,142.7,948.3,190.0,781,,SIMLA,
Himachal Pradesh,Simla,IMD110-P780,1959,131.6,102.9,52.0,32.9,36.2,48.1,420.5,185.0,216.5,47.0,35.5,0.5,1308.7,234.5,121.1,870.1,83.0,781,,SIMLA,
Himachal Pradesh,Simla,IMD110-P780,1960,118.1,0.0,84.8,45.8,18.7,100.2,362.5,251.4,91.4,11.4,0.1,46.8,1131.1,118.1,149.2,805.5,58.2,781,,SIMLA,
Himachal Pradesh,Simla,IMD110-P780,1961,116.5,164.3,32.0,67.0,39.6,156.4,310.9,286.3,165.3,60.2,23.1,48.1,1469.7,280.7,138.6,918.9,131.4,781,,SIMLA,
Himachal Pradesh,Simla,IMD110-P780,1962,85.3,115.9,68.9,33.8,33.2,88.9,264.9,224.8,331.9,11.2,32.2,77.3,1368.3,201.1,136.0,910.6,120.7,781,,SIMLA,
Himachal Pradesh,Simla,IMD110-P780,1963,73.1,119.3,202.6,41.0,30.4,132.0,254.8,273.6,197.9,11.5,48.1,48.0,1432.2,192.4,273.9,858.2,107.6,781,,SIMLA,
Himachal Pradesh,Simla,IMD110-P780,1964,84.4,58.5,30.3,42.8,110.0,91.3,299.5,236.3,194.2,0.4,0.0,34.1,1181.8,142.9,183.1,821.3,34.6,781,,SIMLA,
Himachal Pradesh,Simla,IMD110-P780,1965,39.0,172.4,117.2,107.4,125.7,37.3,265.0,104.3,31.7,34.5,15.0,5.2,1054.6,211.4,350.3,438.2,54.6,781,,SIMLA,
Himachal Pradesh,Simla,IMD110-P780,1966,0.4,85.7,51.1,20.4,68.5,246.3,315.9,318.0,115.1,20.3,12.5,49.1,1303.4,86.1,139.9,995.3,82.0,781,,SIMLA,
Himachal Pradesh,Simla,IMD110-P780,1967,1.5,65.1,150.6,14.8,34.2,119.1,350.3,401.5,108.3,41.6,32.5,169.3,1488.7,66.7,199.5,979.2,243.4,781,,SIMLA,
Himachal Pradesh,Simla,IMD110-P780,1968,465.1,50.4,33.3,41.6,23.6,124.4,337.7,130.7,21.0,52.9,2.8,33.6,1317.1,515.5,98.5,613.8,89.4,781,,SIMLA,
Himachal Pradesh,Simla,IMD110-P780,1969,36.6,104.4,61.8,59.6,79.7,47.8,251.5,319.1,161.7,10.1,1.1,0.4,1134.0,141.0,201.2,780.1,11.7,781,,SIMLA,
Himachal Pradesh,Simla,IMD110-P780,1970,106.6,31.8,32.9,2.3,60.4,137.6,246.8,184.2,213.9,1.3,0.2,0.0,1017.9,138.4,95.5,782.5,1.5,781,,SIMLA,
Himachal Pradesh,Simla,IMD110-P780,1971,61.0,45.3,19.1,54.7,177.9,,233.0,332.5,102.7,7.7,17.3,2.2,,106.3,251.7,,27.3,781,missing_months,SIMLA,
Himachal Pradesh,Simla,IMD110-P780,1972,34.5,83.6,38.0,68.8,9.5,64.2,145.8,120.8,25.9,49.4,7.2,30.1,677.8,118.1,116.3,356.7,86.8,781,,SIMLA,
Himachal Pradesh,Simla,IMD110-P780,1973,109.6,59.9,69.1,4.7,45.8,222.5,161.0,230.4,90.0,32.5,1.1,20.2,1046.9,169.6,119.6,703.9,53.8,781,,SIMLA,
Himachal Pradesh,Simla,IMD110-P780,1974,41.5,22.8,27.1,31.3,84.3,120.0,213.6,145.6,10.8,57.5,2.4,25.8,782.7,64.3,142.7,490.0,85.7,781,,SIMLA,
Himachal Pradesh,Simla,IMD110-P780,1975,82.2,56.6,77.5,4.1,27.6,138.4,225.5,219.2,135.0,45.4,1.1,1.1,1013.7,138.7,109.2,718.2,47.7,781,,SIMLA,
Himachal Pradesh,Simla,IMD110-P780,1976,50.6,70.0,70.1,20.2,36.0,74.7,362.6,205.0,52.8,4.1,1.1,1.6,948.8,120.6,126.3,695.0,6.8,781,,SIMLA,
Himachal Pradesh,Simla,IMD110-P780,1977,47.1,3.6,4.8,87.2,68.9,74.4,281.9,192.1,249.4,6.4,1.3,25.2,1042.2,50.7,160.9,797.8,32.9,781,,SIMLA,
Himachal Pradesh,Simla,IMD110-P780,1978,26.9,58.4,86.0,67.0,13.2,140.0,243.0,326.6,306.8,5.4,69.4,5.2,1348.0,85.3,166.2,1016.4,80.0,781,,SIMLA,
Himachal Pradesh,Simla,IMD110-P780,1979,554.8,123.8,81.7,54.3,70.8,114.1,141.7,160.1,32.9,6.4,6.8,17.9,1365.2,678.6,206.8,448.8,31.1,781,,SIMLA,
Himachal Pradesh,Simla,IMD110-P780,1980,45.3,43.5,61.1,23.7,20.7,127.2,400.5,127.9,68.7,18.9,21.0,32.3,990.7,88.9,105.4,724.2,72.2,781,,SIMLA,
Himachal Pradesh,Simla,IMD110-P780,1981,84.2,49.5,203.1,34.6,147.6,110.5,226.3,184.4,58.2,7.2,66.7,10.9,1183.2,133.6,385.3,579.5,84.8,781,,SIMLA,
Himachal Pradesh,Simla,IMD110-P780,1982,131.2,155.4,253.3,177.4,194.5,52.2,114.3,167.4,34.5,26.8,5.8,61.5,1374.4,286.6,625.2,368.5,94.1,782,,SIMLA,
Himachal Pradesh,Simla,IMD110-P780,1983,78.3,82.8,123.5,132.2,143.4,103.4,160.3,218.9,85.5,54.6,0.9,12.7,1196.4,161.1,399.1,568.1,68.2,782,,SIMLA,
Himachal Pradesh,Simla,IMD110-P780,1984,15.0,111.1,19.3,38.7,9.6,130.1,134.1,163.6,88.3,0.0,14.1,29.9,753.8,126.1,67.6,516.1,44.0,782,,SIMLA,
Himachal Pradesh,Simla,IMD110-P780,1985,44.5,17.6,17.5,66.6,23.7,78.7,248.3,201.3,144.5,150.8,6.0,54.5,1053.9,62.0,107.8,672.8,211.3,782,,SIMLA,
Himachal Pradesh,Simla,IMD110-P780,1986,4.2,52.4,97.5,81.9,116.6,118.2,161.9,220.9,47.0,56.9,37.5,48.9,1043.9,56.6,296.0,548.0,143.3,782,,SIMLA,
Himachal Pradesh,Simla,IMD110-P780,1987,52.7,95.4,58.4,70.4,246.0,66.2,80.8,85.7,27.9,62.9,0.0,6.8,853.2,148.0,374.8,260.6,69.7,782,,SIMLA,
Himachal Pradesh,Simla,IMD110-P780,1988,31.6,74.4,113.2,20.3,51.3,94.1,328.4,295.6,330.2,3.5,2.1,139.8,1484.5,106.0,184.8,1048.3,145.3,782,,SIMLA,
Himachal Pradesh,Simla,IMD110-P780,1989,63.5,24.7,61.9,16.6,46.4,,265.7,222.8,85.0,3.6,64.3,70.7,,88.2,124.9,,138.7,782,missing_months,SIMLA,
Himachal Pradesh,Simla,IMD110-P780,1990,6.1,170.5,231.7,32.2,86.0,81.6,207.7,196.7,129.2,8.8,19.1,123.7,1293.3,176.6,349.8,615.3,151.6,782,,SIMLA,
Himachal Pradesh,Simla,IMD110-P780,1991,21.9,94.5,101.0,74.8,43.8,45.6,112.8,187.2,70.6,1.4,3.0,56.5,813.0,116.4,219.5,416.2,61.0,782,,SIMLA,
Himachal Pradesh,Simla,IMD110-P780,1992,122.6,62.3,91.5,11.8,60.3,74.0,232.3,276.2,142.5,3.2,11.8,1.9,1090.6,185.0,163.6,725.1,16.9,782,,SIMLA,
Himachal Pradesh,Simla,IMD110-P780,1993,113.5,86.5,144.8,20.5,47.5,70.7,307.2,75.3,202.8,0.0,25.7,0.0,1094.5,200.0,212.8,656.0,25.7,782,,SIMLA,
Himachal Pradesh,Simla,IMD110-P780,1994,63.5,123.5,19.1,85.6,91.5,75.6,357.0,258.6,103.4,4.1,0.0,26.5,1208.5,187.0,196.2,794.6,30.6,782,,SIMLA,
Himachal Pradesh,Simla,IMD110-P780,1995,82.8,136.5,73.6,74.0,29.1,71.5,296.1,291.2,207.8,8.7,7.2,26.4,1304.9,219.3,176.7,866.5,42.3,782,,SIMLA,
Himachal Pradesh,Simla,IMD110-P780,1996,92.7,146.6,123.2,38.9,46.5,126.8,78.6,246.0,146.9,30.3,0.0,3.0,1079.7,239.3,208.7,598.3,33.4,782,,SIMLA,
Himachal Pradesh,Simla,IMD110-P780,1997,45.1,70.0,73.5,118.6,98.5,97.3,144.2,299.2,58.0,58.9,67.8,100.0,1231.2,115.2,290.6,598.7,226.7,782,,SIMLA,
Himachal Pradesh,Simla,IMD110-P780,1998,9.7,141.1,145.6,62.0,47.6,162.5,133.3,165.9,218.8,158.8,5.5,0.0,1250.8,150.8,255.2,680.6,164.3,782,,SIMLA,
Himachal Pradesh,Simla,IMD110-P780,1999,72.3,29.2,11.6,0.1,81.8,72.9,260.9,120.9,110.8,3.6,0.0,8.5,772.5,101.5,93.5,565.5,12.2,782,,SIMLA,
Himachal Pradesh,Simla,IMD110-P780,2000,60.3,97.2,47.6,24.8,93.1,291.9,366.8,100.3,16.7,0.0,3.5,0.0,1102.3,157.5,165.5,775.7,3.5,782,,SIMLA,
Himachal Pradesh,Simla,IMD110-P780,2001,17.4,30.8,93.2,69.2,92.8,167.3,160.7,133.2,6.5,4.8,8.4,24.9,809.3,48.2,255.2,467.7,38.1,782,,SIMLA,
Himachal Pradesh,Simla,IMD110-P780,2002,76.7,131.7,108.9,89.9,53.3,56.7,32.8,229.3,183.0,9.1,3.9,5.6,980.9,208.5,252.1,501.7,18.6,782,,SIMLA,
Himachal Pradesh,Simla,IMD110-P780,2003,42.5,97.5,75.9,58.7,39.8,59.4,193.5,240.5,111.0,0.0,8.4,37.1,964.3,140.0,174.4,604.4,45.4,782,,SIMLA,
Himachal Pradesh,Simla,IMD110-P780,2004,75.5,20.8,0.0,55.7,55.7,79.7,91.2,245.6,38.2,87.6,2.6,12.7,765.4,96.3,111.4,454.8,102.9,782,,SIMLA,
Himachal Pradesh,Simla,IMD110-P780,2005,120.4,154.0,98.2,34.5,28.6,85.1,390.9,63.0,124.0,0.5,0.8,3.1,1103.1,274.4,161.3,663.0,4.4,782,,SIMLA,
Himachal Pradesh,Simla,IMD110-P780,2006,87.0,12.4,84.6,55.0,106.1,158.9,308.8,297.6,63.1,19.3,18.7,35.5,1246.9,99.4,245.7,828.4,73.5,782,,SIMLA,
Himachal Pradesh,Simla,IMD110-P780,2007,0.0,145.4,168.1,19.1,50.7,199.2,204.7,376.3,71.2,13.7,0.0,30.1,1278.4,145.4,237.9,851.3,43.8,782,,SIMLA,
Himachal Pradesh,Simla,IMD110-P780,2008,82.4,65.5,14.2,51.5,146.8,577.0,203.8,315.8,279.0,13.8,6.3,13.9,1769.8,147.9,212.4,1375.6,33.9,782,,SIMLA,
Himachal Pradesh,Simla,IMD110-P780,2009,21.1,23.2,42.8,45.4,44.2,28.1,151.5,134.1,318.4,16.4,12.4,0.2,837.7,44.3,132.4,632.1,28.9,782,,SIMLA,
Himachal Pradesh,Simla,IMD110-P780,2010,17.0,68.3,8.8,22.1,113.4,131.0,270.0,96.7,161.2,16.0,7.5,37.2,949.3,85.3,144.3,658.9,60.7,782,,SIMLA,
Himachal Pradesh,Sirmur,IMD110-P783,1951,99.6,8.5,97.4,11.8,37.1,59.0,268.7,588.3,123.1,12.3,77.1,0.0,1383.0,108.1,146.4,1039.1,89.5,783,,SIRMUR,
Himachal Pradesh,Sirmur,IMD110-P783,1952,41.3,31.9,69.3,5.8,8.8,116.4,319.6,568.8,9.9,0.0,0.0,29.7,1201.5,73.2,83.9,1014.8,29.7,783,,SIRMUR,
Himachal Pradesh,Sirmur,IMD110-P783,1953,84.2,18.2,4.1,14.0,9.3,267.9,633.6,538.8,102.1,0.0,0.0,24.2,1696.3,102.4,27.3,1542.3,24.2,783,,SIRMUR,
Himachal Pradesh,Sirmur,IMD110-P783,1954,95.9,157.5,23.7,0.0,9.7,48.1,450.6,755.2,365.4,28.7,0.0,1.0,1935.7,253.4,33.4,1619.2,29.7,783,,SIRMUR,
Himachal Pradesh,Sirmur,IMD110-P783,1955,137.9,10.7,40.6,18.8,27.4,109.4,315.8,621.0,234.3,287.9,0.0,2.8,1806.6,148.6,86.8,1280.5,290.7,783,,SIRMUR,
Himachal Pradesh,Sirmur,IMD110-P783,1956,33.1,13.2,62.9,0.7,66.5,138.2,616.9,373.3,221.2,471.8,4.0,2.5,2004.4,46.3,130.1,1349.6,478.4,783,,SIRMUR,
Himachal Pradesh,Sirmur,IMD110-P783,1957,177.3,0.4,19.1,32.1,41.0,61.8,504.8,361.7,257.0,53.1,24.6,86.3,1619.4,177.7,92.3,1185.4,164.0,783,,SIRMUR,
Himachal Pradesh,Sirmur,IMD110-P783,1958,31.7,8.1,21.3,9.8,3.5,47.7,633.6,548.6,408.0,50.5,0.0,56.2,1819.2,39.9,34.6,1637.9,106.8,783,,SIRMUR,
Himachal Pradesh,Sirmur,IMD110-P783,1959,99.5,94.8,35.1,6.1,35.7,103.2,673.6,588.2,362.2,122.7,26.4,0.0,2147.4,194.2,76.9,1727.2,149.0,783,,SIRMUR,
Himachal Pradesh,Sirmur,IMD110-P783,1960,81.2,0.0,31.9,16.3,17.8,110.5,704.7,519.4,107.8,19.6,0.0,38.4,1647.6,81.2,65.9,1442.4,58.0,783,,SIRMUR,
Himachal Pradesh,Sirmur,IMD110-P783,1961,183.7,208.3,3.7,23.7,22.0,132.9,530.5,504.7,277.9,110.3,15.9,57.0,2070.7,392.0,49.4,1446.0,183.2,783,,SIRMUR,
Himachal Pradesh,Sirmur,IMD110-P783,1962,131.1,53.6,42.1,18.5,7.4,241.5,495.0,522.0,684.9,0.0,13.7,17.8,2227.7,184.7,68.1,1943.5,31.5,783,,SIRMUR,
Himachal Pradesh,Sirmur,IMD110-P783,1963,8.6,29.2,106.9,1.1,13.2,191.2,693.5,987.9,208.6,11.8,37.4,113.0,2402.5,37.8,121.2,2081.2,162.2,783,,SIRMUR,
Himachal Pradesh,Sirmur,IMD110-P783,1964,49.9,8.7,17.3,8.3,47.2,119.6,872.5,593.4,414.8,0.0,0.0,17.4,2149.3,58.6,72.8,2000.4,17.4,783,,SIRMUR,
Himachal Pradesh,Sirmur,IMD110-P783,1965,55.5,117.1,117.3,50.4,59.2,46.9,835.9,256.5,98.8,42.1,4.8,3.4,1687.8,172.6,226.8,1238.1,50.3,783,,SIRMUR,
Himachal Pradesh,Sirmur,IMD110-P783,1966,3.3,63.8,25.7,0.6,49.9,356.7,280.7,602.5,167.1,21.1,0.0,17.3,1588.7,67.1,76.2,1407.0,38.3,783,,SIRMUR,
Himachal Pradesh,Sirmur,IMD110-P783,1967,0.0,57.4,213.0,12.1,2.5,148.1,555.8,761.9,107.0,9.3,8.0,83.4,1958.5,57.4,227.6,1572.8,100.6,783,,SIRMUR,
Himachal Pradesh,Sirmur,IMD110-P783,1968,94.4,42.4,46.2,0.4,0.0,152.8,654.7,426.6,14.1,17.6,0.0,78.2,1527.3,136.8,46.6,1248.2,95.7,783,,SIRMUR,
Himachal Pradesh,Sirmur,IMD110-P783,1969,19.9,19.8,12.0,11.5,41.7,23.6,466.5,406.6,274.1,3.0,0.0,0.0,1278.7,39.7,65.2,1170.8,3.0,783,,SIRMUR,
Himachal Pradesh,Sirmur,IMD110-P783,1970,125.5,27.5,11.3,0.0,83.2,237.4,339.6,272.4,300.8,0.0,0.0,0.0,1397.7,153.0,94.5,1150.2,0.0,783,,SIRMUR,
Himachal Pradesh,Sirmur,IMD110-P783,1971,42.0,53.0,14.5,172.0,96.6,,,780.1,189.6,33.1,13.2,0.0,,95.0,283.0,,46.3,783,missing_months,SIRMUR,
Himachal Pradesh,Sirmur,IMD110-P783,1972,9.5,77.6,17.7,66.3,2.0,55.8,238.7,310.5,84.0,3.0,9.7,16.0,890.8,87.1,85.9,689.0,28.7,783,,SIRMUR,
Himachal Pradesh,Sirmur,IMD110-P783,1973,50.6,24.3,27.1,0.1,0.0,152.8,618.6,472.0,85.7,52.1,0.0,45.3,1528.6,74.9,27.2,1329.1,97.4,783,,SIRMUR,
Himachal Pradesh,Sirmur,IMD110-P783,1974,6.1,7.5,3.5,0.6,4.8,56.6,243.7,215.1,20.3,48.1,0.0,49.5,655.8,13.5,9.0,535.8,97.6,783,,SIRMUR,
Himachal Pradesh,Sirmur,IMD110-P783,1975,46.9,39.7,35.9,0.0,16.0,242.0,296.5,406.6,26.5,35.6,0.0,0.0,1145.7,86.5,51.9,971.6,35.6,783,,SIRMUR,
Himachal Pradesh,Sirmur,IMD110-P783,1976,35.5,37.8,5.0,1.1,36.3,43.7,483.9,417.6,47.2,19.0,0.0,0.0,1127.2,73.3,42.5,992.4,19.0,783,,SIRMUR,
Himachal Pradesh,Sirmur,IMD110-P783,1977,46.2,3.2,2.7,22.5,47.1,105.5,493.9,376.2,228.9,3.9,0.0,140.6,1470.5,49.3,72.2,1204.5,144.4,783,,SIRMUR,
Himachal Pradesh,Sirmur,IMD110-P783,1978,0.7,67.5,119.1,44.5,3.5,289.5,66.8,507.1,226.9,0.0,20.2,4.8,1350.6,68.2,167.1,1090.3,25.0,783,,SIRMUR,
Himachal Pradesh,Sirmur,IMD110-P783,1979,117.6,78.6,29.9,11.3,37.3,120.2,482.0,140.7,16.0,0.0,0.0,15.9,1049.5,196.1,78.5,758.9,15.9,783,,SIRMUR,
Himachal Pradesh,Sirmur,IMD110-P783,1980,32.2,29.0,64.1,10.1,1.9,237.6,648.3,198.8,74.8,4.6,50.0,44.4,1395.9,61.1,76.1,1159.6,99.1,783,,SIRMUR,
Himachal Pradesh,Sirmur,IMD110-P783,1981,87.6,17.7,116.5,17.5,45.5,174.9,311.4,280.6,52.1,8.2,64.6,3.1,1179.5,105.3,179.4,818.9,75.9,783,,SIRMUR,
Himachal Pradesh,Sirmur,IMD110-P783,1982,116.7,70.4,232.5,112.7,121.6,69.3,375.5,415.0,29.0,8.4,9.6,74.0,1634.8,187.1,466.9,888.8,92.0,783,,SIRMUR,
Himachal Pradesh,Sirmur,IMD110-P783,1983,102.1,58.7,56.7,143.2,94.0,111.7,352.0,442.3,199.4,32.4,0.0,13.8,1606.4,160.8,294.0,1105.4,46.2,783,,SIRMUR,
Himachal Pradesh,Sirmur,IMD110-P783,1984,3.4,86.1,7.8,6.9,2.5,206.2,358.5,267.9,108.3,0.0,0.0,7.4,1055.0,89.5,17.2,940.8,7.4,783,,SIRMUR,
Himachal Pradesh,Sirmur,IMD110-P783,1985,56.6,2.1,6.2,15.4,21.2,66.4,618.1,448.2,191.4,190.0,0.0,83.2,1698.9,58.8,42.8,1324.1,273.2,783,,SIRMUR,
Himachal Pradesh,Sirmur,IMD110-P783,1986,0.3,69.9,42.7,26.2,72.7,198.8,267.3,298.7,84.2,51.0,17.1,47.0,1175.8,70.2,141.5,849.0,115.1,783,,SIRMUR,
Himachal Pradesh,Sirmur,IMD110-P783,1987,41.1,78.6,27.3,73.9,131.6,119.9,127.1,347.2,55.8,30.6,0.0,5.1,1038.2,119.7,232.9,650.0,35.7,783,,SIRMUR,
Himachal Pradesh,Sirmur,IMD110-P783,1988,19.4,25.4,57.1,33.4,42.8,100.2,850.7,523.3,330.5,0.0,0.2,125.8,2108.8,44.8,133.3,1804.7,126.0,783,,SIRMUR,
Himachal Pradesh,Sirmur,IMD110-P783,1989,102.6,13.2,39.8,0.4,31.3,,438.1,511.5,112.6,0.0,41.9,74.1,,115.8,71.4,,116.1,783,missing_months,SIRMUR,
Himachal Pradesh,Sirmur,IMD110-P783,1990,0.1,180.1,96.3,21.4,59.5,116.7,642.9,523.2,264.4,7.4,18.3,173.1,2103.3,180.2,177.2,1547.2,198.7,783,,SIRMUR,
Himachal Pradesh,Sirmur,IMD110-P783,1991,2.3,89.6,51.3,23.5,15.2,130.1,195.6,321.7,102.2,5.9,1.1,81.3,1019.9,91.9,90.1,749.6,88.2,784,,SIRMUR,
Himachal Pradesh,Sirmur,IMD110-P783,1992,64.6,34.9,17.4,6.2,25.6,106.8,411.6,588.3,155.6,5.6,16.1,0.0,1432.7,99.5,49.2,1262.2,21.7,784,,SIRMUR,
Himachal Pradesh,Sirmur,IMD110-P783,1993,48.4,54.8,66.7,6.6,26.3,99.1,457.0,128.8,354.4,0.0,7.1,0.0,1249.2,103.1,99.6,1039.3,7.1,784,,SIRMUR,
Himachal Pradesh,Sirmur,IMD110-P783,1994,58.2,61.2,5.6,41.0,32.7,153.0,655.0,372.6,124.0,0.4,0.0,7.4,1511.1,119.4,79.3,1304.7,7.8,784,,SIRMUR,
Himachal Pradesh,Sirmur,IMD110-P783,1995,62.1,77.2,39.1,20.9,6.5,84.3,693.7,573.3,276.7,3.4,1.9,4.7,1843.8,139.4,66.4,1628.0,10.0,784,,SIRMUR,
Himachal Pradesh,Sirmur,IMD110-P783,1996,104.1,145.4,78.4,5.4,9.7,316.4,221.7,601.8,273.2,36.2,0.0,0.0,1792.2,249.5,93.5,1413.0,36.2,784,,SIRMUR,
Himachal Pradesh,Sirmur,IMD110-P783,1997,36.9,7.6,27.7,88.6,44.8,110.6,409.8,471.6,136.3,64.1,34.3,99.5,1531.8,44.5,161.1,1128.3,197.9,784,,SIRMUR,
Himachal Pradesh,Sirmur,IMD110-P783,1998,8.2,76.3,90.7,40.6,38.0,198.9,447.8,551.9,169.4,245.6,0.2,0.0,1867.7,84.6,169.3,1368.0,245.8,784,,SIRMUR,
Himachal Pradesh,Sirmur,IMD110-P783,1999,89.4,6.3,3.9,0.0,58.2,209.2,599.1,327.8,304.7,2.6,0.0,1.1,1602.3,95.7,62.1,1440.7,3.8,784,,SIRMUR,
Himachal Pradesh,Sirmur,IMD110-P783,2000,71.2,123.0,23.0,23.6,118.3,273.6,474.4,238.9,64.6,0.0,0.0,0.7,1411.3,194.2,164.9,1051.5,0.7,784,,SIRMUR,
Himachal Pradesh,Sirmur,IMD110-P783,2001,25.7,1.5,52.7,36.0,73.7,277.0,400.8,338.4,7.4,0.5,0.9,10.7,1225.2,27.1,162.3,1023.6,12.1,784,,SIRMUR,
Himachal Pradesh,Sirmur,IMD110-P783,2002,33.9,103.6,67.4,40.6,31.6,88.4,90.3,390.4,236.8,18.8,0.0,3.3,1105.0,137.5,139.5,806.0,22.0,784,,SIRMUR,
Himachal Pradesh,Sirmur,IMD110-P783,2003,43.1,83.5,18.8,22.8,18.8,118.6,410.9,425.8,286.3,0.1,5.3,20.3,1454.3,126.7,60.4,1241.5,25.7,784,,SIRMUR,
Himachal Pradesh,Sirmur,IMD110-P783,2004,133.0,2.4,0.0,27.4,59.0,122.8,159.6,496.6,100.7,82.6,3.3,4.5,1191.8,135.4,86.3,879.7,90.4,784,,SIRMUR,
Himachal Pradesh,Sirmur,IMD110-P783,2005,61.8,112.2,70.2,3.1,22.2,81.7,519.3,143.7,229.7,0.0,0.0,0.2,1244.2,174.1,95.5,974.3,0.2,784,,SIRMUR,
Himachal Pradesh,Sirmur,IMD110-P783,2006,48.2,3.3,116.2,7.1,87.1,149.1,556.1,323.1,65.5,5.3,11.1,14.7,1386.8,51.4,210.4,1093.8,31.2,784,,SIRMUR,
Himachal Pradesh,Sirmur,IMD110-P783,2007,0.3,223.7,171.7,11.7,37.9,226.6,236.9,530.8,101.3,12.7,0.0,12.2,1565.7,224.0,221.3,1095.5,24.9,784,,SIRMUR,
Himachal Pradesh,Sirmur,IMD110-P783,2008,31.6,11.3,0.0,48.4,53.0,440.2,280.2,352.6,231.3,64.6,2.3,0.0,1515.5,42.9,101.4,1304.4,66.9,784,,SIRMUR,
Himachal Pradesh,Sirmur,IMD110-P783,2009,9.3,20.5,18.9,21.2,29.9,99.7,321.3,115.5,337.6,25.8,7.5,0.0,1007.2,29.8,69.9,874.1,33.3,784,,SIRMUR,
Himachal Pradesh,Sirmur,IMD110-P783,2010,8.4,47.3,0.4,4.8,40.3,76.2,618.0,430.8,646.7,15.2,6.6,27.8,1922.6,55.8,45.5,1771.7,49.7,784,,SIRMUR,
Himachal Pradesh,Solan,IMD110-P785,1901,100.8,268.3,92.2,3.5,35.1,22.3,479.5,682.8,63.3,26.9,0.0,33.2,1807.9,369.1,130.8,1247.9,60.1,785,,SOLAN,
Himachal Pradesh,Solan,IMD110-P785,1902,1.0,18.0,27.7,49.6,50.2,101.4,596.3,274.0,111.7,26.9,0.0,0.0,1256.8,19.0,127.5,1083.4,26.9,785,,SOLAN,
Himachal Pradesh,Solan,IMD110-P785,1903,62.8,20.0,69.3,4.9,14.9,27.9,268.0,440.6,169.6,11.7,0.0,9.6,1099.3,82.8,89.1,906.1,21.3,785,,SOLAN,
Himachal Pradesh,Solan,IMD110-P785,1904,41.7,6.8,96.1,3.0,37.4,82.1,360.0,324.4,69.4,8.4,0.0,64.5,1093.8,48.5,136.5,835.9,72.9,785,,SOLAN,
Himachal Pradesh,Solan,IMD110-P785,1905,90.5,38.1,84.5,13.8,0.0,48.8,373.7,238.6,216.5,0.0,0.0,22.3,1126.8,128.6,98.3,877.6,22.3,785,,SOLAN,
Himachal Pradesh,Solan,IMD110-P785,1906,40.2,183.4,82.1,0.0,19.5,229.4,370.6,870.1,367.7,0.0,0.0,23.9,2186.9,223.6,101.6,1837.8,23.9,785,,SOLAN,
Himachal Pradesh,Solan,IMD110-P785,1907,86.9,211.9,122.2,101.6,28.0,50.0,282.3,285.1,47.0,12.7,0.0,0.0,1227.7,298.8,251.8,664.4,12.7,785,,SOLAN,
Himachal Pradesh,Solan,IMD110-P785,1908,17.0,75.6,8.1,63.3,22.6,36.1,528.5,751.9,74.6,0.0,12.2,15.2,1605.1,92.6,94.0,1391.1,27.4,785,,SOLAN,
Himachal Pradesh,Solan,IMD110-P785,1909,100.8,28.3,1.0,56.0,4.6,294.4,544.3,523.6,458.3,0.0,0.0,72.1,2083.4,129.1,61.6,1820.6,72.1,785,,SOLAN,
Himachal Pradesh,Solan,IMD110-P785,1910,62.2,69.9,8.2,14.2,44.4,116.9,685.9,581.7,285.8,85.1,0.0,45.8,2000.1,132.1,66.8,1670.3,130.9,785,,SOLAN,
Himachal Pradesh,Solan,IMD110-P785,1911,290.4,5.3,183.9,4.9,4.1,297.3,110.9,441.7,197.3,27.7,63.7,0.0,1627.2,295.7,192.9,1047.2,91.4,785,,SOLAN,
Himachal Pradesh,Solan,IMD110-P785,1912,60.0,25.7,28.9,41.6,11.6,90.5,513.9,661.1,240.0,0.0,24.9,5.3,1703.5,85.7,82.1,1505.5,30.2,785,,SOLAN,
Himachal Pradesh,Solan,IMD110-P785,1913,11.4,171.4,,1.0,184.6,307.4,399.3,639.6,203.5,7.4,4.6,43.6,,182.8,,1549.8,55.6,785,missing_months,SOLAN,
Himachal Pradesh,Solan,IMD110-P785,1914,2.5,53.1,52.3,88.2,95.0,259.9,827.2,238.0,388.0,83.5,9.9,13.2,2110.8,55.6,235.5,1713.1,106.6,785,,SOLAN,
Himachal Pradesh,Solan,IMD110-P785,1915,94.8,76.3,76.1,40.2,16.5,68.1,270.9,516.1,163.5,26.9,0.0,14.8,1364.2,171.1,132.8,1018.6,41.7,785,,SOLAN,
Himachal Pradesh,Solan,IMD110-P785,1916,5.1,63.2,8.6,29.0,43.2,364.2,468.8,247.0,214.1,435.7,0.0,0.0,1878.9,68.3,80.8,1294.1,435.7,785,,SOLAN,
Himachal Pradesh,Solan,IMD110-P785,1917,0.5,40.9,29.2,172.1,97.6,263.3,604.0,338.2,602.4,289.1,0.0,46.0,2483.3,41.4,298.9,1807.9,335.1,785,,SOLAN,
Himachal Pradesh,Solan,IMD110-P785,1918,21.9,4.1,83.0,54.0,8.4,264.6,269.0,409.1,14.0,0.0,7.3,5.6,1141.0,26.0,145.4,956.7,12.9,785,,SOLAN,
Himachal Pradesh,Solan,IMD110-P785,1919,165.2,50.0,37.9,12.7,22.8,111.1,709.1,389.8,123.3,0.0,19.3,41.2,1682.4,215.2,73.4,1333.3,60.5,785,,SOLAN,
Himachal Pradesh,Solan,IMD110-P785,1920,30.5,43.2,68.2,6.4,141.0,161.0,460.5,225.8,147.9,0.0,0.0,10.2,1294.7,73.7,215.6,995.2,10.2,785,,SOLAN,
Himachal Pradesh,Solan,IMD110-P785,1921,107.1,22.9,1.8,8.9,2.5,30.7,423.8,886.3,209.3,31.6,0.0,33.4,1758.3,130.0,13.2,1550.1,65.0,785,,SOLAN,
Himachal Pradesh,Solan,IMD110-P785,1922,109.5,54.3,16.7,3.6,1.0,153.7,,663.7,346.2,4.1,0.0,38.0,,163.8,21.3,,42.1,785,missing_months,SOLAN,
Himachal Pradesh,Solan,IMD110-P785,1923,135.2,191.3,17.3,3.0,51.0,44.8,488.4,815.8,215.2,191.5,18.3,136.6,2308.4,326.5,71.3,1564.2,346.4,785,,SOLAN,
Himachal Pradesh,Solan,IMD110-P785,1924,76.0,111.0,0.0,5.1,49.1,35.3,1024.2,430.1,626.4,30.3,12.7,,,187.0,54.2,2116.0,,785,missing_months,SOLAN,
Himachal Pradesh,Solan,IMD110-P785,1925,,0.0,0.0,36.6,82.9,102.6,646.2,457.1,13.2,16.3,29.5,0.0,,,119.5,1219.1,45.8,785,missing_months,SOLAN,
Himachal Pradesh,Solan,IMD110-P785,1926,29.1,41.1,164.1,51.8,118.2,3.0,520.8,351.0,113.6,0.0,12.7,12.7,1418.1,70.2,334.1,988.4,25.4,785,,SOLAN,
Himachal Pradesh,Solan,IMD110-P785,1927,5.6,186.5,61.2,16.0,31.8,32.0,510.0,806.5,86.3,78.7,33.5,67.3,1915.4,192.1,109.0,1434.8,179.5,785,,SOLAN,
Himachal Pradesh,Solan,IMD110-P785,1928,114.4,103.0,13.1,68.7,18.6,148.1,,511.5,154.0,0.0,40.4,143.1,,217.4,100.4,,183.5,785,missing_months,SOLAN,
Himachal Pradesh,Solan,IMD110-P785,1929,110.5,15.0,0.0,23.9,5.6,78.4,522.8,251.0,84.2,23.1,0.0,98.6,1213.1,125.5,29.5,936.4,121.7,785,,SOLAN,
Himachal Pradesh,Solan,IMD110-P785,1930,37.1,61.0,22.7,33.0,15.2,177.9,1050.6,310.1,93.0,0.0,0.0,61.5,1862.1,98.1,70.9,1631.6,61.5,785,,SOLAN,
Himachal Pradesh,Solan,IMD110-P785,1931,21.6,109.5,68.8,0.0,42.5,7.6,595.8,388.0,361.4,119.4,0.0,0.0,1714.6,131.1,111.3,1352.8,119.4,785,,SOLAN,
Himachal Pradesh,Solan,IMD110-P785,1932,0.0,24.6,39.8,12.7,37.9,87.1,474.7,759.0,440.2,0.0,11.2,19.8,1907.0,24.6,90.4,1761.0,31.0,785,,SOLAN,
Himachal Pradesh,Solan,IMD110-P785,1933,11.7,116.7,51.8,16.2,113.7,127.5,592.2,592.8,388.3,46.4,4.8,5.9,2068.0,128.4,181.7,1700.8,57.1,785,,SOLAN,
Himachal Pradesh,Solan,IMD110-P785,1934,84.8,7.6,69.1,23.2,53.8,140.0,461.2,384.6,152.5,0.0,0.0,67.7,1444.5,92.4,146.1,1138.3,67.7,785,,SOLAN,
Himachal Pradesh,Solan,IMD110-P785,1935,147.5,77.3,8.1,64.1,17.8,52.6,482.4,360.7,280.7,10.9,35.0,53.1,1590.2,224.8,90.0,1176.4,99.0,785,,SOLAN,
Himachal Pradesh,Solan,IMD110-P785,1936,0.0,88.9,30.4,41.4,61.7,503.3,672.2,374.6,194.6,4.1,0.0,124.2,2095.4,88.9,133.5,1744.7,128.3,785,,SOLAN,
Himachal Pradesh,Solan,IMD110-P785,1937,0.0,179.3,53.6,100.9,24.6,212.3,501.5,251.8,529.7,8.1,0.0,119.9,1981.7,179.3,179.1,1495.3,128.0,785,,SOLAN,
Himachal Pradesh,Solan,IMD110-P785,1938,83.9,101.0,11.2,3.8,46.9,233.7,376.9,455.0,24.8,21.6,6.6,0.0,1365.4,184.9,61.9,1090.4,28.2,785,,SOLAN,
Himachal Pradesh,Solan,IMD110-P785,1939,40.2,66.9,50.1,13.2,25.4,301.2,381.0,83.0,144.3,18.2,0.0,0.0,1123.5,107.1,88.7,909.5,18.2,785,,SOLAN,
Himachal Pradesh,Solan,IMD110-P785,1940,64.0,74.9,49.0,47.5,16.2,161.9,377.5,384.1,92.2,0.0,0.0,0.0,1267.3,138.9,112.7,1015.7,0.0,785,,SOLAN,
Himachal Pradesh,Solan,IMD110-P785,1941,60.9,7.9,0.0,0.0,29.4,195.5,388.6,411.2,60.9,28.4,0.0,11.4,1194.2,68.8,29.4,1056.2,39.8,786,,SOLAN,
Himachal Pradesh,Solan,IMD110-P785,1942,98.8,166.6,,18.1,56.4,121.6,,805.2,443.5,0.0,0.0,85.1,,265.4,,,85.1,786,missing_months,SOLAN,
Himachal Pradesh,Solan,IMD110-P785,1943,56.8,0.0,36.5,85.3,,40.7,351.2,596.5,124.7,0.0,0.0,0.0,,56.8,,1113.1,0.0,786,missing_months,SOLAN,
Himachal Pradesh,Solan,IMD110-P785,1944,71.8,95.3,68.6,67.3,6.1,33.1,345.5,371.1,99.1,30.5,0.0,7.6,1196.0,167.1,142.0,848.8,38.1,786,,SOLAN,
Himachal Pradesh,Solan,IMD110-P785,1945,85.6,0.0,0.0,27.9,0.0,143.5,796.3,374.6,464.8,0.0,0.0,0.0,1892.7,85.6,27.9,1779.2,0.0,786,,SOLAN,
Himachal Pradesh,Solan,IMD110-P785,1946,31.8,81.8,1.3,0.0,5.1,161.2,693.3,585.7,33.0,61.0,53.3,63.4,1770.9,113.6,6.4,1473.2,177.7,786,,SOLAN,
Himachal Pradesh,Solan,IMD110-P785,1947,0.0,0.0,38.3,0.0,0.0,0.0,,140.9,303.5,0.0,0.0,30.5,,0.0,38.3,,30.5,786,missing_months,SOLAN,
Himachal Pradesh,Solan,IMD110-P785,1948,0.0,50.8,0.0,0.0,0.0,66.6,321.7,518.8,53.8,14.7,0.0,12.7,1039.1,50.8,0.0,960.9,27.4,786,,SOLAN,
Himachal Pradesh,Solan,IMD110-P785,1949,11.0,108.5,21.6,41.1,24.7,28.7,920.5,262.0,118.8,0.0,0.0,0.0,1536.9,119.5,87.4,1330.0,0.0,786,,SOLAN,
Himachal Pradesh,Solan,IMD110-P785,1950,154.9,72.9,99.7,5.1,39.8,94.0,453.7,,,,,,,227.8,144.6,,,786,missing_months,SOLAN,
Himachal Pradesh,Solan,IMD110-P785,1951,122.7,19.8,96.1,31.8,17.1,87.7,258.4,348.0,165.7,0.0,102.9,0.0,1250.1,142.5,145.1,859.7,102.9,786,,SOLAN,
Himachal Pradesh,Solan,IMD110-P785,1952,105.3,66.1,60.8,7.0,27.6,203.3,426.1,457.0,29.8,0.0,0.0,28.3,1411.2,171.3,95.4,1116.2,28.3,786,,SOLAN,
Himachal Pradesh,Solan,IMD110-P785,1953,182.2,46.2,0.0,38.2,15.5,217.0,438.4,317.5,151.0,0.0,0.0,5.4,1411.4,228.4,53.7,1123.8,5.4,786,,SOLAN,
Himachal Pradesh,Solan,IMD110-P785,1954,147.4,272.6,24.8,3.3,17.8,57.2,395.9,457.3,346.7,29.3,0.0,2.6,1755.0,420.0,46.0,1257.1,31.9,786,,SOLAN,
Himachal Pradesh,Solan,IMD110-P785,1955,184.9,19.5,99.2,51.0,81.4,116.2,478.1,460.3,413.1,365.5,9.9,8.4,2287.6,204.5,231.6,1467.8,383.8,786,,SOLAN,
Himachal Pradesh,Solan,IMD110-P785,1956,65.4,13.1,136.7,6.2,23.5,155.1,346.9,378.7,169.2,347.0,5.3,23.2,1670.3,78.5,166.4,1049.9,375.5,786,,SOLAN,
Himachal Pradesh,Solan,IMD110-P785,1957,160.2,4.7,42.4,50.8,76.9,104.4,482.6,249.1,280.2,50.2,16.7,107.4,1625.6,164.9,170.1,1116.4,174.2,786,,SOLAN,
Himachal Pradesh,Solan,IMD110-P785,1958,35.2,4.8,34.5,9.3,7.1,65.9,417.5,240.9,303.3,95.0,0.0,46.6,1260.2,40.0,51.0,1027.5,141.7,786,,SOLAN,
Himachal Pradesh,Solan,IMD110-P785,1959,101.1,66.2,38.2,25.8,28.5,36.0,396.0,274.1,252.8,53.1,29.6,0.0,1301.5,167.3,92.5,958.9,82.8,786,,SOLAN,
Himachal Pradesh,Solan,IMD110-P785,1960,77.3,0.0,66.2,19.1,20.1,84.8,527.8,404.9,34.3,6.3,0.3,51.8,1292.9,77.3,105.4,1051.8,58.4,786,,SOLAN,
Himachal Pradesh,Solan,IMD110-P785,1961,135.1,185.6,6.6,25.4,17.7,124.6,492.6,361.8,142.7,57.6,9.9,38.2,1597.8,320.7,49.7,1121.7,105.7,786,,SOLAN,
Himachal Pradesh,Solan,IMD110-P785,1962,112.5,74.8,63.0,22.3,13.3,155.9,241.9,228.4,444.9,0.0,40.3,19.4,1416.7,187.3,98.6,1071.1,59.7,786,,SOLAN,
Himachal Pradesh,Solan,IMD110-P785,1963,8.5,23.8,117.3,15.8,13.0,113.0,394.5,320.2,188.9,0.0,19.9,41.4,1256.4,32.3,146.1,1016.6,61.4,786,,SOLAN,
Himachal Pradesh,Solan,IMD110-P785,1964,61.5,29.5,4.1,15.9,67.2,55.0,419.3,255.8,193.1,0.0,0.0,22.3,1123.7,91.1,87.2,923.2,22.3,786,,SOLAN,
Himachal Pradesh,Solan,IMD110-P785,1965,30.6,112.0,69.5,34.3,113.5,28.1,296.5,107.0,37.9,23.3,2.9,1.3,856.9,142.6,217.4,469.5,27.5,786,,SOLAN,
Himachal Pradesh,Solan,IMD110-P785,1966,0.0,83.9,40.0,14.3,45.7,324.2,274.2,346.2,70.4,26.4,0.0,18.2,1243.6,83.9,100.0,1015.0,44.7,786,,SOLAN,
Himachal Pradesh,Solan,IMD110-P785,1967,0.0,27.7,144.5,4.7,10.3,132.8,489.8,443.4,136.5,27.9,6.1,61.5,1485.1,27.7,159.5,1202.4,95.5,786,,SOLAN,
Himachal Pradesh,Solan,IMD110-P785,1968,139.2,83.9,52.4,4.3,1.3,117.8,483.7,229.8,12.3,29.1,0.7,76.6,1231.1,223.1,58.0,843.7,106.3,786,,SOLAN,
Himachal Pradesh,Solan,IMD110-P785,1969,33.5,39.9,55.5,25.3,61.9,34.4,272.0,290.4,228.4,33.6,0.0,0.0,1075.0,73.5,142.6,825.3,33.6,786,,SOLAN,
Himachal Pradesh,Solan,IMD110-P785,1970,148.6,26.7,9.4,0.0,57.8,188.4,287.2,305.6,199.8,1.0,0.0,0.0,1224.4,175.3,67.2,980.9,1.0,786,,SOLAN,
Himachal Pradesh,Solan,IMD110-P785,1971,75.4,62.0,18.9,62.1,163.3,177.0,293.6,626.1,134.6,7.7,6.4,2.5,1629.7,137.4,244.3,1231.3,16.6,786,,SOLAN,
Himachal Pradesh,Solan,IMD110-P785,1972,26.3,102.7,50.5,25.2,0.5,93.6,352.6,243.4,69.0,21.9,40.3,40.1,1066.1,128.9,76.2,758.7,102.3,786,,SOLAN,
Himachal Pradesh,Solan,IMD110-P785,1973,65.5,43.1,38.8,0.1,13.4,123.8,196.1,167.8,43.1,39.1,0.0,28.4,759.2,108.6,52.2,530.8,67.5,786,,SOLAN,
Himachal Pradesh,Solan,IMD110-P785,1974,16.0,19.0,16.0,9.2,33.9,117.4,272.4,130.8,4.9,22.7,0.0,64.0,706.4,35.0,59.1,525.6,86.8,786,,SOLAN,
Himachal Pradesh,Solan,IMD110-P785,1975,65.1,81.3,66.6,3.8,20.6,65.3,136.3,240.4,210.8,35.1,0.0,0.0,925.3,146.4,91.0,652.8,35.1,786,,SOLAN,
Himachal Pradesh,Solan,IMD110-P785,1976,94.2,117.1,46.6,32.6,71.5,175.5,499.8,411.9,111.0,0.4,0.0,0.0,1560.7,211.3,150.8,1198.2,0.4,786,,SOLAN,
Himachal Pradesh,Solan,IMD110-P785,1977,95.6,1.7,3.3,78.8,87.5,164.2,680.0,467.3,389.0,30.6,0.1,72.2,2070.3,97.3,169.6,1700.5,102.9,786,,SOLAN,
Himachal Pradesh,Solan,IMD110-P785,1978,2.7,91.6,123.8,32.4,3.6,422.0,,576.6,244.4,0.0,41.2,10.0,,94.3,159.8,,51.2,786,missing_months,SOLAN,
Himachal Pradesh,Solan,IMD110-P785,1979,124.2,203.1,106.8,21.6,48.2,118.7,292.7,161.7,31.3,1.0,6.1,4.8,1120.2,327.4,176.6,604.4,11.8,786,,SOLAN,
Himachal Pradesh,Solan,IMD110-P785,1980,24.5,26.7,47.2,17.8,14.3,214.8,433.6,101.7,69.6,10.4,67.4,44.1,1072.2,51.3,79.4,819.7,121.9,786,,SOLAN,
Himachal Pradesh,Solan,IMD110-P785,1981,72.2,26.4,146.7,14.8,74.4,132.9,346.9,167.1,88.3,0.0,100.9,4.4,1175.2,98.6,236.0,735.3,105.4,786,,SOLAN,
Himachal Pradesh,Solan,IMD110-P785,1982,146.8,107.8,289.5,139.3,124.9,129.2,246.3,270.4,40.5,9.7,0.7,89.3,1594.6,254.6,553.7,686.5,99.8,787,,SOLAN,
Himachal Pradesh,Solan,IMD110-P785,1983,205.1,70.2,68.8,129.0,131.8,109.2,249.4,226.4,152.3,23.7,0.0,9.5,1375.5,275.4,329.6,737.3,33.2,787,,SOLAN,
Himachal Pradesh,Solan,IMD110-P785,1984,8.9,138.5,23.2,16.4,7.1,286.0,325.2,165.4,93.8,0.0,0.0,23.9,1088.5,147.4,46.8,870.3,23.9,787,,SOLAN,
Himachal Pradesh,Solan,IMD110-P785,1985,68.8,14.9,3.3,43.2,16.3,123.6,313.1,438.5,168.0,165.1,0.6,85.3,1440.9,83.7,62.9,1043.3,251.0,787,,SOLAN,
Himachal Pradesh,Solan,IMD110-P785,1986,1.1,68.3,77.3,30.1,90.7,149.8,312.4,404.9,98.2,53.9,36.0,62.3,1385.1,69.5,198.1,965.3,152.2,787,,SOLAN,
Himachal Pradesh,Solan,IMD110-P785,1987,95.6,72.0,46.2,40.0,264.2,131.6,80.0,248.9,86.7,115.6,0.0,2.1,1182.9,167.6,350.4,547.1,117.8,787,,SOLAN,
Himachal Pradesh,Solan,IMD110-P785,1988,12.1,37.8,66.9,4.1,42.4,136.2,685.5,490.9,382.3,0.0,0.0,113.9,1972.2,50.0,113.4,1694.9,113.9,787,,SOLAN,
Himachal Pradesh,Solan,IMD110-P785,1989,90.5,28.7,80.7,1.6,44.4,124.0,429.8,506.0,61.0,0.9,43.0,56.4,1467.0,119.2,126.7,1120.8,100.3,787,,SOLAN,
Himachal Pradesh,Solan,IMD110-P785,1990,2.5,141.2,100.9,8.1,88.1,94.3,427.6,325.1,356.0,3.8,22.3,127.1,1696.9,143.7,197.1,1202.9,153.2,787,,SOLAN,
Himachal Pradesh,Solan,IMD110-P785,1991,0.0,80.5,51.1,22.2,12.3,109.3,204.3,276.5,143.7,2.1,2.0,96.1,1000.1,80.5,85.6,733.9,100.2,787,,SOLAN,
Himachal Pradesh,Solan,IMD110-P785,1992,137.7,87.8,33.2,0.0,38.5,104.8,219.6,469.2,179.9,0.0,7.0,0.0,1277.6,225.4,71.7,973.4,7.0,787,,SOLAN,
Himachal Pradesh,Solan,IMD110-P785,1993,92.8,61.1,99.0,2.5,25.3,112.1,523.2,96.7,169.3,0.0,10.6,0.0,1192.5,153.9,126.7,901.3,10.6,787,,SOLAN,
Himachal Pradesh,Solan,IMD110-P785,1994,27.9,90.4,5.8,39.9,35.5,72.1,444.3,529.7,140.7,0.3,0.0,6.7,1393.5,118.3,81.3,1186.8,7.0,787,,SOLAN,
Himachal Pradesh,Solan,IMD110-P785,1995,55.5,74.6,37.7,33.7,1.0,41.0,457.0,548.4,161.7,0.0,0.0,6.0,1416.6,130.1,72.4,1208.1,6.0,787,,SOLAN,
Himachal Pradesh,Solan,IMD110-P785,1996,46.3,62.7,62.8,7.3,26.2,175.3,84.7,200.8,125.0,18.0,0.0,4.2,813.3,109.0,96.3,585.8,22.2,787,,SOLAN,
Himachal Pradesh,Solan,IMD110-P785,1997,23.0,20.4,33.8,101.8,42.3,104.2,136.1,349.1,179.3,43.5,44.5,70.5,1148.4,43.4,177.9,768.7,158.5,787,,SOLAN,
Himachal Pradesh,Solan,IMD110-P785,1998,1.9,49.5,100.3,38.5,37.4,211.6,229.3,205.6,261.9,168.3,1.5,0.0,1305.8,51.4,176.1,908.4,169.8,787,,SOLAN,
Himachal Pradesh,Solan,IMD110-P785,1999,80.6,14.1,7.3,0.0,122.5,127.9,399.7,268.2,106.8,0.0,0.0,1.0,1128.1,94.7,129.9,902.6,1.0,787,,SOLAN,
Himachal Pradesh,Solan,IMD110-P785,2000,32.5,66.3,35.7,20.8,44.2,156.9,342.5,171.2,60.3,0.0,0.0,0.0,930.4,98.8,100.6,730.9,0.0,787,,SOLAN,
Himachal Pradesh,Solan,IMD110-P785,2001,34.9,9.2,57.9,55.0,55.4,224.3,150.8,277.2,24.3,0.0,0.0,11.3,900.2,44.1,168.3,676.5,11.3,787,,SOLAN,
Himachal Pradesh,Solan,IMD110-P785,2002,22.2,57.6,65.9,63.1,26.0,91.9,138.6,222.0,181.9,15.7,0.0,2.2,887.0,79.8,155.0,634.4,17.8,787,,SOLAN,
Himachal Pradesh,Solan,IMD110-P785,2003,34.3,82.7,54.0,26.3,15.1,104.0,322.4,199.1,94.1,0.0,2.1,29.5,963.5,116.9,95.4,719.6,31.6,787,,SOLAN,
Himachal Pradesh,Solan,IMD110-P785,2004,92.0,3.4,0.0,13.5,41.0,88.6,88.0,321.9,85.8,101.6,1.3,3.9,841.1,95.4,54.5,584.4,106.8,787,,SOLAN,
Himachal Pradesh,Solan,IMD110-P785,2005,54.9,137.7,61.2,2.8,22.4,36.3,373.8,99.5,166.6,0.0,0.0,3.8,958.9,192.6,86.3,676.1,3.8,787,,SOLAN,
Himachal Pradesh,Solan,IMD110-P785,2006,47.8,1.7,92.4,14.5,72.3,96.3,242.8,213.8,58.0,7.1,7.7,13.7,868.1,49.5,179.2,611.0,28.4,787,,SOLAN,
Himachal Pradesh,Solan,IMD110-P785,2007,0.4,170.0,142.0,6.2,23.3,287.7,135.9,342.6,40.8,52.8,0.0,9.9,1211.6,170.5,171.5,807.0,62.7,787,,SOLAN,
Himachal Pradesh,Solan,IMD110-P785,2008,52.0,33.8,0.0,45.4,79.1,278.1,205.3,262.7,342.3,0.0,,,,85.8,124.5,1088.4,,787,missing_months,SOLAN,
Himachal Pradesh,Solan,IMD110-P785,2009,5.6,27.7,46.4,39.2,26.7,50.2,173.3,82.2,408.0,,9.5,0.0,,33.3,112.3,713.7,,787,missing_months,SOLAN,
Himachal Pradesh,Solan,IMD110-P785,2010,11.6,61.3,0.7,1.4,66.6,214.6,501.0,252.5,322.4,40.1,17.1,88.1,1577.2,72.9,68.6,1290.5,145.3,787,,SOLAN,
Himachal Pradesh,Una,IMD110-P788,1901,172.8,90.4,23.4,3.3,37.0,13.5,244.9,200.2,44.3,4.3,0.0,8.9,843.0,263.2,63.7,502.9,13.2,788,,UNA,
Himachal Pradesh,Una,IMD110-P788,1902,0.0,10.4,9.6,16.5,34.8,27.7,318.1,116.7,104.1,14.5,0.0,0.0,652.4,10.4,60.9,566.6,14.5,788,,UNA,
Himachal Pradesh,Una,IMD110-P788,1903,74.2,3.0,45.7,0.0,15.2,2.8,407.9,262.7,219.8,0.0,0.0,65.5,1096.8,77.2,60.9,893.2,65.5,788,,UNA,
Himachal Pradesh,Una,IMD110-P788,1904,62.8,5.1,154.1,0.0,16.8,21.1,212.8,275.0,119.6,9.6,4.3,,,67.9,170.9,628.5,,788,missing_months,UNA,
Himachal Pradesh,Una,IMD110-P788,1905,68.4,97.4,57.4,4.3,10.7,16.8,158.2,159.0,125.7,0.0,0.0,10.5,708.4,165.8,72.4,459.7,10.5,788,,UNA,
Himachal Pradesh,Una,IMD110-P788,1906,6.9,104.0,56.1,1.3,6.4,46.9,190.8,808.1,348.4,0.0,0.0,42.7,1611.6,110.9,63.8,1394.2,42.7,788,,UNA,
Himachal Pradesh,Una,IMD110-P788,1907,53.0,141.0,146.1,39.8,0.0,31.2,77.0,429.7,78.6,0.0,0.0,0.0,996.4,194.0,185.9,616.5,0.0,788,,UNA,
Himachal Pradesh,Una,IMD110-P788,1908,35.3,64.7,0.0,48.2,8.9,14.8,277.5,491.4,60.6,0.0,5.3,11.5,1018.2,100.0,57.1,844.3,16.8,788,,UNA,
Himachal Pradesh,Una,IMD110-P788,1909,110.1,31.7,3.8,20.4,0.0,75.0,408.4,371.1,156.7,0.0,0.0,84.8,1262.0,141.8,24.2,1011.2,84.8,788,,UNA,
Himachal Pradesh,Una,IMD110-P788,1910,44.7,1.5,5.6,0.0,3.6,190.6,289.5,388.8,229.7,20.8,0.0,12.7,1187.5,46.2,9.2,1098.6,33.5,788,,UNA,
Himachal Pradesh,Una,IMD110-P788,1911,185.1,13.7,182.5,1.3,0.0,104.9,58.0,352.9,76.9,19.0,36.8,2.8,1033.9,198.8,183.8,592.7,58.6,788,,UNA,
Himachal Pradesh,Una,IMD110-P788,1912,38.1,24.9,5.1,30.0,13.5,25.4,375.9,320.0,44.5,0.0,12.7,0.0,890.1,63.0,48.6,765.8,12.7,788,,UNA,
Himachal Pradesh,Una,IMD110-P788,1913,1.3,107.2,81.5,0.0,109.8,129.5,144.8,278.8,21.7,9.1,1.3,22.8,907.8,108.5,191.3,574.8,33.2,788,,UNA,
Himachal Pradesh,Una,IMD110-P788,1914,3.3,29.9,53.4,97.9,30.5,116.7,609.6,165.8,355.7,37.2,7.6,20.3,1527.9,33.2,181.8,1247.8,65.1,788,,UNA,
Himachal Pradesh,Una,IMD110-P788,1915,33.1,68.6,96.6,7.6,0.0,33.1,205.5,175.1,136.0,26.7,0.0,2.6,784.9,101.7,104.2,549.7,29.3,788,,UNA,
Himachal Pradesh,Una,IMD110-P788,1916,0.0,34.3,11.4,2.0,32.7,50.3,428.9,328.0,100.3,28.7,0.0,,,34.3,46.1,907.5,,788,missing_months,UNA,
Himachal Pradesh,Una,IMD110-P788,1917,9.4,3.6,2.0,133.6,24.7,153.9,381.3,316.0,443.6,226.7,0.0,14.2,1709.0,13.0,160.3,1294.8,240.9,788,,UNA,
Himachal Pradesh,Una,IMD110-P788,1918,10.3,2.5,97.7,67.1,21.8,46.5,144.6,86.5,26.7,0.0,14.7,5.8,524.2,12.8,186.6,304.3,20.5,788,,UNA,
Himachal Pradesh,Una,IMD110-P788,1919,136.6,31.5,26.2,16.7,6.9,88.4,301.6,204.9,105.2,5.1,7.4,63.8,994.3,168.1,49.8,700.1,76.3,788,,UNA,
Himachal Pradesh,Una,IMD110-P788,1920,25.1,21.9,46.2,2.5,36.2,25.2,300.5,171.1,57.8,0.0,0.0,6.9,693.4,47.0,84.9,554.6,6.9,788,,UNA,
Himachal Pradesh,Una,IMD110-P788,1921,51.7,6.8,0.0,3.3,0.0,45.9,182.3,345.8,72.2,18.5,0.0,16.3,742.8,58.5,3.3,646.2,34.8,788,,UNA,
Himachal Pradesh,Una,IMD110-P788,1922,47.5,37.6,0.0,9.4,0.0,80.1,339.7,214.3,267.3,6.8,0.0,51.1,1053.8,85.1,9.4,901.4,57.9,788,,UNA,
Himachal Pradesh,Una,IMD110-P788,1923,31.6,120.3,7.6,0.0,41.2,43.2,168.0,486.8,70.3,0.0,5.6,89.7,1064.3,151.9,48.8,768.3,95.3,788,,UNA,
Himachal Pradesh,Una,IMD110-P788,1924,34.1,97.5,0.0,0.0,0.0,0.0,317.1,223.9,207.0,5.1,2.5,58.7,945.9,131.6,0.0,748.0,66.3,788,,UNA,
Himachal Pradesh,Una,IMD110-P788,1925,47.3,1.5,0.0,22.4,16.5,53.5,557.1,324.1,,,40.6,0.0,,48.8,38.9,,,788,missing_months,UNA,
Himachal Pradesh,Una,IMD110-P788,1926,14.2,14.0,81.4,47.3,16.2,37.4,267.3,320.7,184.0,0.0,7.6,4.1,994.2,28.2,144.9,809.4,11.7,788,,UNA,
Himachal Pradesh,Una,IMD110-P788,1927,0.0,74.0,37.7,13.5,101.6,24.1,666.5,379.5,83.6,24.6,0.0,25.1,1430.2,74.0,152.8,1153.7,49.7,788,,UNA,
Himachal Pradesh,Una,IMD110-P788,1928,46.0,57.5,0.0,32.0,3.6,30.2,147.3,235.8,46.7,0.0,12.7,55.5,667.3,103.5,35.6,460.0,68.2,788,,UNA,
Himachal Pradesh,Una,IMD110-P788,1929,34.2,0.0,0.0,4.6,0.0,81.0,291.1,37.1,20.6,25.9,0.0,148.4,642.9,34.2,4.6,429.8,174.3,788,,UNA,
Himachal Pradesh,Una,IMD110-P788,1930,85.6,14.0,0.0,23.1,0.0,119.6,,319.1,43.1,0.0,0.0,21.6,,99.6,23.1,,21.6,788,missing_months,UNA,
Himachal Pradesh,Una,IMD110-P788,1931,25.9,74.7,35.3,0.0,19.3,0.0,245.4,209.3,110.3,14.2,0.0,0.0,734.4,100.6,54.6,565.0,14.2,788,,UNA,
Himachal Pradesh,Una,IMD110-P788,1932,34.3,29.8,26.9,0.0,66.9,24.1,600.2,403.0,111.2,0.0,0.0,44.5,1340.9,64.1,93.8,1138.5,44.5,788,,UNA,
Himachal Pradesh,Una,IMD110-P788,1933,6.1,48.6,60.2,21.6,28.2,255.1,270.9,182.1,280.4,14.0,0.0,0.0,1167.2,54.7,110.0,988.5,14.0,788,,UNA,
Himachal Pradesh,Una,IMD110-P788,1934,64.5,5.8,36.8,2.3,5.1,40.6,245.0,,23.6,0.0,0.0,44.2,,70.3,44.2,,44.2,788,missing_months,UNA,
Himachal Pradesh,Una,IMD110-P788,1935,130.3,39.9,11.2,70.8,0.0,0.0,99.8,153.7,93.0,5.8,15.2,23.4,643.1,170.2,82.0,346.5,44.4,788,,UNA,
Himachal Pradesh,Una,IMD110-P788,1936,0.0,86.4,35.3,29.7,,273.9,,294.0,60.6,0.0,0.0,101.3,,86.4,,,101.3,788,missing_months,UNA,
Himachal Pradesh,Una,IMD110-P788,1937,13.5,95.2,20.3,42.6,6.6,82.8,290.2,216.5,83.1,21.6,0.0,35.8,908.2,108.7,69.5,672.6,57.4,788,,UNA,
Himachal Pradesh,Una,IMD110-P788,1938,157.5,51.6,4.3,2.8,4.3,208.3,311.1,155.5,25.4,0.0,0.0,1.0,921.8,209.1,11.4,700.3,1.0,788,,UNA,
Himachal Pradesh,Una,IMD110-P788,1939,16.5,60.2,64.0,14.2,0.0,158.1,137.1,102.8,132.6,6.4,0.0,0.0,691.9,76.7,78.2,530.6,6.4,788,,UNA,
Himachal Pradesh,Una,IMD110-P788,1940,33.8,287.3,34.2,3.0,1.3,158.7,411.6,206.3,64.1,0.0,0.0,14.7,1215.0,321.1,38.5,840.7,14.7,788,,UNA,
Himachal Pradesh,Una,IMD110-P788,1941,64.8,10.6,15.2,0.0,37.3,264.0,296.1,274.3,58.4,10.7,0.0,17.8,1049.2,75.4,52.5,892.8,28.5,789,,UNA,
Himachal Pradesh,Una,IMD110-P788,1942,70.5,175.7,17.0,38.6,24.4,38.9,557.8,391.8,256.9,8.1,0.0,68.4,1648.1,246.2,80.0,1245.4,76.5,789,,UNA,
Himachal Pradesh,Una,IMD110-P788,1943,99.9,2.0,0.0,7.1,18.3,6.8,425.4,421.7,221.5,0.0,0.0,0.0,1202.7,101.9,25.4,1075.4,0.0,789,,UNA,
Himachal Pradesh,Una,IMD110-P788,1944,78.9,108.3,99.8,39.1,7.1,7.6,388.8,198.0,59.1,5.8,0.0,5.8,998.3,187.2,146.0,653.5,11.6,789,,UNA,
Himachal Pradesh,Una,IMD110-P788,1945,151.2,0.0,24.9,26.1,9.7,57.2,271.7,146.9,463.2,24.9,0.0,0.0,1175.8,151.2,60.7,939.0,24.9,789,,UNA,
Himachal Pradesh,Una,IMD110-P788,1946,24.9,22.7,4.8,14.5,21.8,42.9,317.9,415.0,15.2,106.2,0.0,51.2,1037.1,47.6,41.1,791.0,157.4,789,,UNA,
Himachal Pradesh,Una,IMD110-P788,1947,26.7,27.5,25.7,0.0,18.3,8.9,,178.0,733.8,5.1,0.0,51.3,,54.2,44.0,,56.4,789,missing_months,UNA,
Himachal Pradesh,Una,IMD110-P788,1948,16.2,125.9,130.5,15.0,12.7,28.7,334.6,432.1,93.9,5.1,0.0,38.9,1233.6,142.1,158.2,889.3,44.0,789,,UNA,
Himachal Pradesh,Una,IMD110-P788,1949,24.3,136.5,20.9,1.3,1.6,19.6,449.7,90.6,70.7,0.0,0.0,0.0,815.2,160.8,23.8,630.6,0.0,789,,UNA,
Himachal Pradesh,Una,IMD110-P788,1950,87.3,9.9,93.9,12.2,0.0,32.5,419.2,213.4,200.3,0.0,0.0,0.0,1068.7,97.2,106.1,865.4,0.0,789,,UNA,
Himachal Pradesh,Una,IMD110-P788,1951,38.9,42.5,65.8,23.1,30.5,14.0,360.3,199.8,49.3,0.0,46.0,5.1,875.3,81.4,119.4,623.4,51.1,789,,UNA,
Himachal Pradesh,Una,IMD110-P788,1952,35.3,44.1,57.0,0.0,8.9,41.1,384.3,485.9,0.0,0.0,0.0,11.8,1068.4,79.4,65.9,911.3,11.8,789,,UNA,
Himachal Pradesh,Una,IMD110-P788,1954,112.2,248.4,31.5,0.0,0.0,35.6,403.0,166.6,400.4,32.0,0.0,13.5,1443.2,360.6,31.5,1005.6,45.5,789,,UNA,
Himachal Pradesh,Una,IMD110-P788,1955,96.5,21.1,82.6,27.4,22.1,25.2,482.7,337.1,163.3,680.2,0.0,1.0,1939.2,117.6,132.1,1008.3,681.2,789,,UNA,
Himachal Pradesh,Una,IMD110-P788,1956,36.4,22.9,76.4,0.0,0.0,121.2,314.0,318.6,98.6,220.5,18.5,12.7,1239.8,59.3,76.4,852.4,251.7,789,,UNA,
Himachal Pradesh,Una,IMD110-P788,1957,151.3,8.1,33.3,14.7,3.3,26.2,318.7,265.1,274.8,21.1,0.0,67.6,1184.2,159.4,51.3,884.8,88.7,789,,UNA,
Himachal Pradesh,Una,IMD110-P788,1958,33.5,4.6,9.6,2.5,0.0,0.0,375.5,293.3,347.3,63.5,0.0,27.4,1157.2,38.1,12.1,1016.1,90.9,789,,UNA,
Himachal Pradesh,Una,IMD110-P788,1959,86.9,84.2,8.1,0.0,17.8,54.4,350.0,441.6,229.0,90.1,43.8,0.0,1405.9,171.1,25.9,1075.0,133.9,789,,UNA,
Himachal Pradesh,Una,IMD110-P788,1961,99.8,126.5,0.0,26.0,0.0,78.2,508.1,446.6,78.1,35.4,5.2,8.7,1412.6,226.3,26.0,1111.0,49.3,789,,UNA,
Himachal Pradesh,Una,IMD110-P788,1962,39.2,23.2,61.2,77.6,45.2,24.8,135.4,61.9,189.2,0.0,16.5,2.2,676.4,62.4,184.0,411.3,18.7,789,,UNA,
Himachal Pradesh,Una,IMD110-P788,1964,14.4,8.6,0.5,5.2,6.5,5.3,287.9,471.3,210.9,0.0,0.0,10.0,1020.6,23.0,12.2,975.4,10.0,789,,UNA,
Himachal Pradesh,Una,IMD110-P788,1965,30.5,71.0,55.1,13.0,41.5,0.0,403.1,125.5,0.0,0.6,0.0,3.5,743.8,101.5,109.6,528.6,4.1,789,,UNA,
Himachal Pradesh,Una,IMD110-P788,1967,0.0,0.0,129.1,0.0,0.0,27.2,369.1,453.7,121.4,21.0,3.2,143.8,1268.5,0.0,129.1,971.4,168.0,789,,UNA,
Himachal Pradesh,Una,IMD110-P788,1968,60.2,85.0,54.3,0.0,0.0,84.3,288.2,364.1,18.4,23.4,7.4,33.0,1018.3,145.2,54.3,755.0,63.8,789,,UNA,
Himachal Pradesh,Una,IMD110-P788,1969,50.0,33.0,13.2,24.0,30.5,34.1,268.6,198.6,94.0,0.0,0.0,,,83.0,67.7,595.3,,789,missing_months,UNA,
Himachal Pradesh,Una,IMD110-P788,1970,123.0,10.1,4.1,0.0,38.0,248.0,310.0,328.1,262.0,0.0,0.0,0.0,1323.3,133.1,42.1,1148.1,0.0,789,,UNA,
Himachal Pradesh,Una,IMD110-P788,1971,0.0,9.0,0.0,0.0,51.8,,,317.5,137.5,0.0,44.0,0.0,,9.0,51.8,,44.0,789,missing_months,UNA,
Himachal Pradesh,Una,IMD110-P788,1972,41.0,32.0,47.0,7.0,22.0,59.0,237.0,273.0,72.0,38.0,0.0,4.4,832.4,73.0,76.0,641.0,42.4,789,,UNA,
Himachal Pradesh,Una,IMD110-P788,1973,78.0,54.0,10.2,3.0,37.0,72.4,38.0,224.0,141.0,54.0,0.0,40.0,751.6,132.0,50.2,475.4,94.0,789,,UNA,
Himachal Pradesh,Una,IMD110-P788,1974,0.0,0.0,0.0,3.1,14.6,100.4,128.8,414.9,8.6,0.0,0.0,51.1,721.5,0.0,17.7,652.7,51.1,789,,UNA,
Himachal Pradesh,Una,IMD110-P788,1975,37.8,32.8,15.6,0.0,0.0,12.2,66.3,358.6,0.0,0.0,0.0,0.0,523.3,70.6,15.6,437.1,0.0,789,,UNA,
Himachal Pradesh,Una,IMD110-P788,1976,25.3,165.7,40.0,17.0,48.2,54.3,484.2,211.4,156.6,18.0,0.0,0.0,1220.7,191.0,105.2,906.5,18.0,789,,UNA,
Himachal Pradesh,Una,IMD110-P788,1977,21.3,2.0,0.0,33.0,199.0,61.0,457.0,237.8,208.0,0.0,0.0,0.0,1219.1,23.3,232.0,963.8,0.0,789,,UNA,
Himachal Pradesh,Una,IMD110-P788,1978,0.0,37.0,36.0,,,175.0,,360.0,60.0,0.0,24.0,1.0,,37.0,,,25.0,789,missing_months,UNA,
Himachal Pradesh,Una,IMD110-P788,1979,31.0,111.0,85.0,10.0,,33.0,159.0,80.0,102.0,0.0,22.0,22.0,,142.0,,374.0,44.0,789,missing_months,UNA,
Himachal Pradesh,Una,IMD110-P788,1980,68.0,65.0,66.0,6.0,2.6,54.0,,108.2,23.0,4.0,18.0,82.0,,133.0,74.6,,104.0,789,missing_months,UNA,
Himachal Pradesh,Una,IMD110-P788,1981,71.0,35.0,73.0,16.0,12.0,9.0,218.5,25.8,17.0,0.0,8.5,0.0,485.8,106.0,101.0,270.3,8.5,789,,UNA,
Himachal Pradesh,Una,IMD110-P788,1982,77.3,30.1,118.6,24.9,19.9,6.9,37.7,246.8,46.6,16.2,2.4,28.5,655.9,107.4,163.4,338.0,47.1,789,,UNA,
Himachal Pradesh,Una,IMD110-P788,1983,81.0,24.5,16.0,113.7,32.5,15.7,187.3,212.4,38.3,19.6,0.0,0.0,741.0,105.5,162.2,453.7,19.6,789,,UNA,
Himachal Pradesh,Una,IMD110-P788,1984,3.2,62.3,23.2,10.6,0.0,92.6,285.8,422.0,,,260.0,0.0,,65.5,33.8,,,789,missing_months,UNA,
Himachal Pradesh,Una,IMD110-P788,1985,29.4,3.0,,3.0,3.2,44.7,475.2,482.8,113.4,25.4,0.0,38.4,,32.4,,1116.1,63.8,789,missing_months,UNA,
Himachal Pradesh,Una,IMD110-P788,1986,0.0,53.4,38.8,28.0,55.4,61.0,299.6,227.6,77.4,39.6,59.2,11.8,951.8,53.4,122.2,665.6,110.6,790,,UNA,
Himachal Pradesh,Una,IMD110-P788,1987,66.4,51.0,17.8,54.6,182.6,101.4,172.8,,81.8,0.0,0.0,8.4,,117.4,255.0,,8.4,790,missing_months,UNA,
Himachal Pradesh,Una,IMD110-P788,1988,23.4,28.6,89.2,0.0,16.6,118.0,692.8,341.4,956.8,0.0,6.0,99.2,2372.0,52.0,105.8,2109.0,105.2,790,,UNA,
Himachal Pradesh,Una,IMD110-P788,1989,96.8,8.4,58.8,0.0,5.0,,236.9,242.8,59.8,0.0,38.6,62.6,,105.2,63.8,,101.2,790,missing_months,UNA,
Himachal Pradesh,Una,IMD110-P788,1990,2.2,87.5,75.2,1.4,49.0,51.7,284.9,339.2,293.6,6.0,5.7,126.7,1323.1,89.7,125.6,969.4,138.4,790,,UNA,
Himachal Pradesh,Una,IMD110-P788,1991,1.9,73.8,37.4,20.1,6.6,39.3,224.8,484.3,206.7,0.0,,70.8,,75.8,64.1,955.1,,790,missing_months,UNA,
Himachal Pradesh,Una,IMD110-P788,1992,98.5,56.6,41.0,0.0,38.9,108.4,265.3,412.8,61.0,18.6,24.0,1.0,1126.2,155.1,79.9,847.5,43.6,790,,UNA,
Himachal Pradesh,Una,IMD110-P788,1993,38.3,13.6,68.1,6.0,8.8,46.3,601.4,73.1,105.5,0.0,3.3,0.0,964.4,51.9,82.8,826.3,3.3,790,,UNA,
Himachal Pradesh,Una,IMD110-P788,1994,48.8,95.2,7.6,36.0,14.4,77.8,1105.1,427.4,,0.0,0.0,18.0,,144.0,58.0,,18.0,790,missing_months,UNA,
Himachal Pradesh,Una,IMD110-P788,1995,56.7,111.3,44.3,26.0,0.0,69.8,617.8,648.8,347.8,0.0,0.7,0.0,1923.3,168.0,70.3,1684.2,0.7,790,,UNA,
Himachal Pradesh,Una,IMD110-P788,1996,51.5,108.1,29.3,6.8,12.4,203.2,,479.0,176.3,29.0,0.0,1.5,,159.6,48.5,,30.5,790,missing_months,UNA,
Himachal Pradesh,Una,IMD110-P788,1997,28.6,17.0,19.4,66.4,39.8,93.9,223.1,493.6,151.4,19.1,62.2,99.6,1314.2,45.6,125.6,962.1,180.9,790,,UNA,
Himachal Pradesh,Una,IMD110-P788,1998,4.9,104.6,81.5,45.0,6.8,106.4,383.2,406.4,250.0,68.2,0.0,0.0,1457.1,109.6,133.3,1146.0,68.2,790,,UNA,
Himachal Pradesh,Una,IMD110-P788,1999,50.9,3.5,1.5,0.0,53.0,124.0,508.3,184.1,137.5,0.0,0.0,0.0,1062.8,54.4,54.5,953.9,0.0,790,,UNA,
Himachal Pradesh,Una,IMD110-P788,2000,68.1,33.2,24.0,6.8,70.6,103.4,403.2,192.2,176.3,0.0,0.0,0.0,1077.8,101.3,101.4,875.1,0.0,790,,UNA,
Himachal Pradesh,Una,IMD110-P788,2001,0.0,3.7,24.8,90.4,39.6,117.8,291.1,359.2,37.1,0.0,6.6,13.4,983.6,3.7,154.8,805.2,20.0,790,,UNA,
Himachal Pradesh,Una,IMD110-P788,2002,57.9,22.6,30.6,31.5,28.1,53.5,136.2,477.1,147.0,8.1,0.0,0.0,992.8,80.5,90.3,813.8,8.1,790,,UNA,
Himachal Pradesh,Una,IMD110-P788,2003,52.3,88.1,65.8,18.1,2.2,91.7,311.0,252.5,220.5,0.0,12.9,2.9,1118.1,140.4,86.1,875.8,15.8,790,,UNA,
Himachal Pradesh,Una,IMD110-P788,2004,92.5,9.5,0.0,31.2,15.0,97.2,127.2,187.0,98.2,135.6,2.9,22.1,818.4,102.0,46.2,509.6,160.6,790,,UNA,
Himachal Pradesh,Una,IMD110-P788,2005,39.3,110.6,53.8,6.0,39.4,63.8,218.0,191.1,104.9,0.3,0.0,0.0,827.2,149.8,99.3,577.9,0.3,790,,UNA,
Himachal Pradesh,Una,IMD110-P788,2006,26.3,0.8,77.9,2.7,96.9,138.1,230.6,355.3,94.7,20.7,4.8,28.6,1077.4,27.0,177.5,818.7,54.1,790,,UNA,
Himachal Pradesh,Una,IMD110-P788,2007,0.0,92.7,129.7,20.4,22.8,48.8,216.2,386.0,51.6,4.2,0.0,22.0,994.4,92.7,172.9,702.6,26.2,790,,UNA,
Himachal Pradesh,Una,IMD110-P788,2008,24.8,10.6,0.0,20.4,12.2,,,,,,,,,35.4,32.6,,,790,missing_months,UNA,
Himachal Pradesh,Una,IMD110-P788,2009,8.0,34.0,,,9.4,60.8,284.6,263.8,112.8,,,,,42.0,,722.0,,790,missing_months,UNA,
Himachal Pradesh,Una,IMD110-P788,2010,8.0,21.4,0.0,1.0,44.0,93.8,227.7,287.8,151.4,25.6,4.6,,,29.4,45.0,760.7,,790,missing_months,UNA,
