state_source,district_source,series_id,year,jan_mm,feb_mm,mar_mm,apr_mm,may_mm,jun_mm,jul_mm,aug_mm,sep_mm,oct_mm,nov_mm,dec_mm,annual_mm,jf_mm,mam_mm,jjas_mm,ond_mm,source_page,quality_flags,district_table_label,duplicate_source_pages
Kerala,Alapuzha,IMD110-P962,1901,26.6,35.7,113.1,186.0,183.8,771.1,504.4,198.5,241.7,271.3,329.1,35.8,2897.1,62.4,482.9,1715.7,636.2,962,,ALAPUZZHA,
Kerala,Alapuzha,IMD110-P962,1902,1.8,5.1,65.3,46.6,149.7,348.8,960.8,271.2,489.9,417.3,191.1,87.8,3035.2,6.9,261.6,2070.6,696.2,962,,ALAPUZZHA,
Kerala,Alapuzha,IMD110-P962,1903,0.0,32.8,15.0,221.8,224.6,625.8,635.0,262.5,394.5,407.5,186.0,92.4,3097.9,32.8,461.4,1917.8,686.0,962,,ALAPUZZHA,
Kerala,Alapuzha,IMD110-P962,1904,85.2,16.3,40.4,85.1,212.9,1175.8,570.0,202.3,196.2,231.1,19.9,12.0,2847.3,101.6,338.4,2144.3,262.9,962,,ALAPUZZHA,
Kerala,Alapuzha,IMD110-P962,1905,2.0,28.8,5.8,193.6,272.1,694.5,276.4,156.4,157.4,311.6,69.4,4.4,2172.2,30.8,471.4,1284.7,385.4,962,,ALAPUZZHA,
Kerala,Alapuzha,IMD110-P962,1906,63.7,13.3,33.8,88.4,178.2,336.2,680.8,354.2,105.0,317.6,246.3,95.7,2513.1,77.0,300.4,1476.2,659.6,962,,ALAPUZZHA,
Kerala,Alapuzha,IMD110-P962,1907,16.6,2.5,60.1,139.7,103.5,696.3,604.9,426.4,376.3,324.5,217.2,60.7,3028.8,19.2,303.3,2103.9,602.4,962,,ALAPUZZHA,
Kerala,Alapuzha,IMD110-P962,1908,35.8,32.0,53.3,194.2,182.6,528.4,590.8,217.1,195.9,273.1,95.3,42.0,2440.5,67.8,430.1,1532.3,410.4,962,,ALAPUZZHA,
Kerala,Alapuzha,IMD110-P962,1909,86.3,21.2,122.9,84.5,381.7,500.6,577.7,260.8,226.2,182.3,200.1,49.5,2693.9,107.5,589.1,1565.5,431.9,962,,ALAPUZZHA,
Kerala,Alapuzha,IMD110-P962,1910,4.0,17.9,25.9,140.5,132.6,626.9,489.6,419.4,257.3,478.0,407.4,0.1,2999.7,21.9,299.0,1793.3,885.5,962,,ALAPUZZHA,
Kerala,Alapuzha,IMD110-P962,1911,7.8,14.3,10.3,72.0,263.3,935.3,538.5,156.3,116.3,313.8,247.7,165.2,2840.7,22.1,345.5,1746.5,726.6,962,,ALAPUZZHA,
Kerala,Alapuzha,IMD110-P962,1912,7.0,16.1,4.7,178.3,295.3,832.5,484.6,358.7,94.5,680.4,168.3,31.7,3152.1,23.0,478.3,1770.3,880.5,962,,ALAPUZZHA,
Kerala,Alapuzha,IMD110-P962,1913,9.5,10.4,6.9,129.8,377.8,400.3,511.3,170.1,175.5,310.9,135.0,51.6,2289.0,19.9,514.5,1257.2,497.4,962,,ALAPUZZHA,
Kerala,Alapuzha,IMD110-P962,1914,2.9,11.3,32.0,26.9,237.3,642.7,548.2,347.2,222.9,421.1,141.6,130.4,2764.3,14.2,296.1,1761.0,693.1,962,,ALAPUZZHA,
Kerala,Alapuzha,IMD110-P962,1915,30.2,22.8,55.6,122.7,287.2,642.3,878.8,220.4,442.7,202.3,259.9,37.6,3202.4,53.0,465.4,2184.2,499.8,962,,ALAPUZZHA,
Kerala,Alapuzha,IMD110-P962,1916,0.1,13.7,32.6,72.1,273.3,599.3,522.4,361.9,368.5,409.0,187.9,16.4,2857.2,13.8,378.0,1852.0,613.4,962,,ALAPUZZHA,
Kerala,Alapuzha,IMD110-P962,1917,10.5,35.0,150.7,22.5,150.6,713.3,281.6,331.4,366.9,279.4,269.7,56.7,2668.2,45.6,323.7,1693.2,605.8,962,,ALAPUZZHA,
Kerala,Alapuzha,IMD110-P962,1918,110.2,9.0,34.5,57.5,688.6,400.3,108.2,320.9,94.4,256.1,240.3,92.2,2412.1,119.2,780.5,923.8,588.5,962,,ALAPUZZHA,
Kerala,Alapuzha,IMD110-P962,1919,105.8,26.3,40.6,62.6,373.3,651.4,562.7,422.6,302.6,263.2,403.5,129.6,3344.3,132.1,476.6,1939.3,796.4,962,,ALAPUZZHA,
Kerala,Alapuzha,IMD110-P962,1920,11.0,3.2,67.1,213.2,90.0,984.4,723.5,165.2,192.7,466.8,280.9,23.5,3221.4,14.2,370.3,2065.8,771.1,962,,ALAPUZZHA,
Kerala,Alapuzha,IMD110-P962,1921,89.5,13.0,48.4,209.0,112.0,474.5,561.6,612.8,208.2,329.5,163.7,14.8,2836.9,102.5,369.3,1857.2,507.9,962,,ALAPUZZHA,
Kerala,Alapuzha,IMD110-P962,1922,35.2,26.8,20.2,156.6,517.7,894.1,900.2,249.7,308.7,273.6,414.1,23.1,3820.0,61.9,694.6,2352.6,710.9,962,,ALAPUZZHA,
Kerala,Alapuzha,IMD110-P962,1923,41.7,2.0,85.6,28.2,63.6,753.6,594.0,721.9,398.9,296.8,94.0,77.5,3157.7,43.7,177.4,2468.4,468.3,962,,ALAPUZZHA,
Kerala,Alapuzha,IMD110-P962,1924,19.4,8.9,47.1,116.1,192.9,1000.4,947.5,471.0,298.2,161.2,189.9,64.9,3517.5,28.3,356.1,2717.1,416.0,962,,ALAPUZZHA,
Kerala,Alapuzha,IMD110-P962,1925,0.8,39.9,83.3,139.3,476.5,600.9,368.1,435.4,252.0,375.9,289.9,113.9,3176.0,40.7,699.2,1656.5,779.7,962,,ALAPUZZHA,
Kerala,Alapuzha,IMD110-P962,1926,36.8,13.2,23.4,67.9,404.8,650.5,612.5,305.2,512.7,308.5,151.2,38.8,3125.7,50.0,496.1,2081.0,498.6,962,,ALAPUZZHA,
Kerala,Alapuzha,IMD110-P962,1927,94.4,58.1,88.8,84.4,406.6,718.7,596.3,212.2,466.2,136.2,98.2,9.9,2969.9,152.5,579.8,1993.4,244.3,962,,ALAPUZZHA,
Kerala,Alapuzha,IMD110-P962,1928,39.6,70.9,58.4,149.3,115.6,654.5,329.4,440.4,125.8,452.1,235.2,63.5,2734.8,110.4,323.3,1550.1,750.9,962,,ALAPUZZHA,
Kerala,Alapuzha,IMD110-P962,1929,12.0,55.5,78.4,293.9,155.4,961.7,658.2,172.4,248.0,391.1,196.0,141.0,3363.8,67.5,527.8,2040.4,728.1,962,,ALAPUZZHA,
Kerala,Alapuzha,IMD110-P962,1930,24.5,7.8,105.6,145.1,332.0,605.4,213.3,190.0,436.0,503.3,313.7,142.2,3019.1,32.3,582.7,1444.7,959.3,962,,ALAPUZZHA,
Kerala,Alapuzha,IMD110-P962,1931,0.8,3.8,31.6,134.8,175.5,681.6,549.3,875.7,162.9,132.9,205.5,129.2,3083.6,4.6,341.9,2269.6,467.6,962,,ALAPUZZHA,
Kerala,Alapuzha,IMD110-P962,1932,0.0,33.5,58.0,128.9,754.5,300.4,404.2,564.5,247.4,602.9,328.1,65.0,3487.3,33.5,941.5,1516.4,995.9,962,,ALAPUZZHA,
Kerala,Alapuzha,IMD110-P962,1933,8.1,14.7,57.7,175.0,962.9,730.7,506.3,459.0,487.9,373.9,174.8,97.3,4048.3,22.8,1195.6,2184.0,646.0,962,,ALAPUZZHA,
Kerala,Alapuzha,IMD110-P962,1934,134.9,12.0,65.3,103.8,167.4,921.8,314.0,178.7,38.6,378.1,157.8,2.9,2475.3,146.9,336.5,1453.0,538.8,963,,ALAPUZZHA,
Kerala,Alapuzha,IMD110-P962,1935,45.9,20.5,14.8,81.0,80.0,463.8,515.5,345.6,272.4,467.6,207.2,54.0,2568.5,66.3,175.9,1597.4,728.9,963,,ALAPUZZHA,
Kerala,Alapuzha,IMD110-P962,1936,3.8,23.8,128.5,9.2,705.5,441.8,535.6,211.1,331.3,148.8,238.3,30.4,2807.9,27.5,843.3,1519.7,417.4,963,,ALAPUZZHA,
Kerala,Alapuzha,IMD110-P962,1937,28.9,48.1,46.6,184.6,207.4,498.9,938.6,304.4,193.5,293.1,155.1,34.0,2933.1,77.0,438.7,1935.3,482.1,963,,ALAPUZZHA,
Kerala,Alapuzha,IMD110-P962,1938,0.2,198.6,59.2,278.8,201.8,556.1,426.7,249.2,225.4,301.7,141.4,42.6,2681.7,198.9,539.8,1457.3,485.8,963,,ALAPUZZHA,
Kerala,Alapuzha,IMD110-P962,1939,27.7,7.1,79.8,178.7,225.2,718.2,607.8,323.2,215.4,398.6,371.3,16.3,3169.3,34.8,483.8,1864.5,786.2,963,,ALAPUZZHA,
Kerala,Alapuzha,IMD110-P962,1940,1.0,2.4,0.0,147.1,269.3,660.6,689.3,470.8,49.9,415.1,298.9,63.5,3067.9,3.3,416.4,1870.6,777.5,963,,ALAPUZZHA,
Kerala,Alapuzha,IMD110-P962,1941,29.1,18.3,31.2,133.8,504.2,664.2,396.7,365.3,404.9,214.2,305.9,78.5,3146.3,47.5,669.1,1831.0,598.6,963,,ALAPUZZHA,
Kerala,Alapuzha,IMD110-P962,1942,7.2,4.8,24.4,168.3,287.0,734.2,621.8,277.9,95.9,403.8,92.8,169.2,2887.3,12.0,479.7,1729.8,665.8,963,,ALAPUZZHA,
Kerala,Alapuzha,IMD110-P962,1943,42.6,25.8,69.7,123.2,483.0,950.6,529.5,188.0,276.4,423.3,331.1,71.9,3515.1,68.4,675.9,1944.5,826.3,963,,ALAPUZZHA,
Kerala,Alapuzha,IMD110-P962,1944,16.5,51.8,108.9,69.1,279.9,454.8,336.9,196.5,219.9,242.7,288.6,106.2,2371.8,68.3,457.9,1208.2,637.5,963,,ALAPUZZHA,
Kerala,Alapuzha,IMD110-P962,1945,9.2,5.8,28.9,70.1,67.8,491.4,569.3,417.9,95.2,351.3,344.3,43.9,2495.1,15.0,166.8,1573.8,739.6,963,,ALAPUZZHA,
Kerala,Alapuzha,IMD110-P962,1946,0.0,15.2,159.1,163.5,150.4,885.2,502.3,530.6,190.7,256.8,290.1,230.6,3374.5,15.2,473.1,2108.8,777.5,963,,ALAPUZZHA,
Kerala,Alapuzha,IMD110-P962,1947,42.2,42.9,105.2,165.4,99.6,590.5,375.1,828.9,432.2,282.2,42.8,51.7,3058.8,85.1,370.3,2226.7,376.7,963,,ALAPUZZHA,
Kerala,Alapuzha,IMD110-P962,1948,18.6,13.8,82.4,190.7,245.9,940.9,479.2,379.0,167.4,205.9,187.2,21.7,2932.8,32.4,519.0,1966.5,414.8,963,,ALAPUZZHA,
Kerala,Alapuzha,IMD110-P962,1949,0.8,12.2,12.7,111.8,470.4,497.7,590.9,409.3,359.5,284.9,97.9,4.6,2852.6,12.9,594.9,1857.4,387.4,963,,ALAPUZZHA,
Kerala,Alapuzha,IMD110-P962,1950,0.0,101.0,39.0,163.7,372.0,496.0,701.3,429.5,465.9,300.5,210.3,16.7,3296.0,101.0,574.6,2092.8,527.6,963,,ALAPUZZHA,
Kerala,Alapuzha,IMD110-P962,1951,17.9,7.8,82.4,149.9,141.3,914.6,329.5,150.1,341.8,303.7,265.9,32.4,2737.3,25.8,373.6,1735.9,602.0,963,,ALAPUZZHA,
Kerala,Alapuzha,IMD110-P962,1952,38.1,70.2,16.3,143.4,326.8,523.3,251.8,358.0,65.0,361.7,70.4,42.4,2267.5,108.3,486.6,1198.1,474.6,963,,ALAPUZZHA,
Kerala,Alapuzha,IMD110-P962,1953,44.1,31.3,31.5,118.0,116.0,294.3,879.4,198.6,189.0,501.1,127.0,16.3,2546.8,75.4,265.6,1561.3,644.5,963,,ALAPUZZHA,
Kerala,Alapuzha,IMD110-P962,1954,38.5,5.4,118.8,212.6,298.8,708.5,445.8,374.3,239.2,289.8,45.3,112.0,2889.0,43.9,630.3,1767.8,447.0,963,,ALAPUZZHA,
Kerala,Alapuzha,IMD110-P962,1955,10.2,16.5,58.4,145.1,579.4,788.5,374.3,132.8,462.3,483.5,250.2,29.3,3330.4,26.7,782.9,1757.8,763.0,963,,ALAPUZZHA,
Kerala,Alapuzha,IMD110-P962,1956,3.7,21.4,24.8,160.7,414.8,724.7,265.9,205.3,197.3,492.3,173.9,4.3,2689.0,25.1,600.3,1393.2,670.5,963,,ALAPUZZHA,
Kerala,Alapuzha,IMD110-P962,1957,7.9,8.6,70.3,126.1,462.8,804.0,653.7,310.4,69.2,361.5,182.4,51.4,3108.2,16.5,659.1,1837.3,595.3,963,,ALAPUZZHA,
Kerala,Alapuzha,IMD110-P962,1958,5.2,24.4,36.9,150.6,459.4,918.7,300.3,392.8,90.5,232.9,201.0,16.7,2829.6,29.6,646.9,1702.4,450.6,963,,ALAPUZZHA,
Kerala,Alapuzha,IMD110-P962,1959,2.2,56.7,35.0,175.2,544.0,896.1,748.5,351.9,286.6,187.9,96.3,61.7,3442.1,58.9,754.2,2283.0,345.9,963,,ALAPUZZHA,
Kerala,Alapuzha,IMD110-P962,1960,4.3,20.6,61.8,213.0,751.1,381.7,682.4,364.2,468.5,201.6,414.9,23.5,3587.6,24.9,1025.9,1896.9,640.0,963,,ALAPUZZHA,
Kerala,Alapuzha,IMD110-P962,1961,26.1,96.4,12.0,123.1,452.3,1092.6,724.0,569.8,301.8,258.8,133.9,45.2,3836.0,122.5,587.4,2688.2,437.9,963,,ALAPUZZHA,
Kerala,Alapuzha,IMD110-P962,1962,34.9,60.5,40.2,82.5,534.5,292.3,893.0,406.3,639.0,582.2,53.4,44.8,3663.7,95.4,657.3,2230.6,680.4,963,,ALAPUZZHA,
Kerala,Alapuzha,IMD110-P962,1963,46.0,42.6,64.8,107.3,162.3,359.3,653.9,411.3,346.1,306.8,153.2,45.4,2699.0,88.6,334.4,1770.6,505.5,963,,ALAPUZZHA,
Kerala,Alapuzha,IMD110-P962,1964,8.1,13.9,98.8,97.9,143.9,292.2,839.3,304.4,428.9,442.3,218.4,1.8,2889.9,22.0,340.6,1864.8,662.5,963,,ALAPUZZHA,
Kerala,Alapuzha,IMD110-P962,1965,42.0,2.7,37.7,79.9,356.5,511.8,338.3,407.6,207.7,102.8,221.0,269.5,2577.5,44.7,474.1,1465.4,593.3,963,,ALAPUZZHA,
Kerala,Alapuzha,IMD110-P962,1966,0.7,13.9,60.5,199.9,64.8,491.7,369.9,164.4,421.8,406.1,400.4,35.4,2629.5,14.6,325.2,1447.8,841.9,963,,ALAPUZZHA,
Kerala,Alapuzha,IMD110-P962,1967,8.3,0.0,15.6,110.8,370.2,628.2,482.2,522.2,181.7,219.0,71.9,77.3,2687.3,8.3,496.6,1814.3,368.3,963,,ALAPUZZHA,
Kerala,Alapuzha,IMD110-P962,1968,40.2,49.9,129.3,134.0,117.0,769.4,1265.1,244.0,310.5,213.3,159.3,70.0,3502.1,90.1,380.4,2589.0,442.5,964,,ALAPUZZHA,
Kerala,Alapuzha,IMD110-P962,1969,26.9,14.9,5.5,101.0,312.6,528.6,773.3,281.1,243.6,291.5,91.6,98.5,2769.0,41.8,419.1,1826.5,481.6,964,,ALAPUZZHA,
Kerala,Alapuzha,IMD110-P962,1970,24.5,6.9,25.4,131.7,299.6,519.9,292.5,313.8,280.0,305.8,57.2,8.7,2266.0,31.4,456.8,1406.2,371.7,964,,ALAPUZZHA,
Kerala,Alapuzha,IMD110-P962,1971,58.8,25.1,31.9,131.8,409.1,640.5,363.3,350.8,352.8,212.2,50.8,29.9,2657.0,83.9,572.7,1707.4,293.0,964,,ALAPUZZHA,
Kerala,Alapuzha,IMD110-P962,1972,0.8,50.2,0.0,105.0,501.7,349.9,640.2,237.6,289.2,440.1,130.9,168.9,2914.5,51.0,606.7,1516.9,740.0,964,,ALAPUZZHA,
Kerala,Alapuzha,IMD110-P962,1973,0.0,0.0,23.2,263.4,96.6,547.5,511.9,422.0,147.0,418.8,134.5,62.6,2627.5,0.0,383.2,1628.4,615.9,964,,ALAPUZZHA,
Kerala,Alapuzha,IMD110-P962,1974,3.5,8.9,17.3,240.0,409.4,262.5,700.5,406.2,404.8,209.1,92.1,16.6,2771.1,12.5,666.7,1774.0,317.9,964,,ALAPUZZHA,
Kerala,Alapuzha,IMD110-P962,1975,0.0,84.0,137.1,219.3,224.9,730.1,587.8,599.1,428.8,565.0,277.7,68.8,3922.6,84.0,581.3,2345.8,911.5,964,,ALAPUZZHA,
Kerala,Alapuzha,IMD110-P962,1976,0.0,0.6,33.8,72.2,119.2,198.7,464.6,321.7,118.7,313.7,454.0,20.2,2117.3,0.6,225.2,1103.7,787.9,964,,ALAPUZZHA,
Kerala,Alapuzha,IMD110-P962,1977,0.0,15.8,77.9,189.4,631.7,756.6,433.9,243.7,199.2,431.4,330.8,14.8,3325.3,15.8,899.0,1633.4,777.1,964,,ALAPUZZHA,
Kerala,Alapuzha,IMD110-P962,1978,4.0,36.0,38.0,70.3,485.9,619.3,606.8,448.9,228.5,223.6,577.8,63.9,3403.1,40.0,594.3,1903.5,865.3,964,,ALAPUZZHA,
Kerala,Alapuzha,IMD110-P962,1979,3.8,53.1,11.3,34.1,148.3,661.2,460.6,177.9,265.3,207.9,350.0,42.2,2415.5,56.9,193.6,1565.0,600.0,964,,ALAPUZZHA,
Kerala,Alapuzha,IMD110-P962,1980,0.0,5.4,17.7,136.1,145.1,657.9,778.3,475.4,170.3,400.2,226.8,112.9,3126.2,5.4,298.9,2081.9,740.0,964,,ALAPUZZHA,
Kerala,Alapuzha,IMD110-P962,1981,39.6,9.2,6.6,114.6,271.6,912.3,501.2,514.0,510.5,467.7,215.6,33.3,3596.2,48.8,392.8,2438.0,716.6,964,,ALAPUZZHA,
Kerala,Alapuzha,IMD110-P962,1982,0.0,0.8,51.9,62.5,193.7,644.1,446.0,393.6,79.4,173.8,155.9,31.3,2233.1,0.8,308.1,1563.2,361.0,964,,ALAPUZZHA,
Kerala,Alapuzha,IMD110-P962,1983,0.0,0.0,0.0,42.5,83.2,231.4,493.9,610.2,457.9,73.7,159.3,82.8,2235.0,0.0,125.7,1793.4,315.8,964,,ALAPUZZHA,
Kerala,Alapuzha,IMD110-P962,1984,70.7,57.3,77.5,288.6,113.9,549.8,407.7,124.7,220.9,124.2,91.0,40.2,2166.5,128.0,480.0,1303.1,255.4,964,,ALAPUZZHA,
Kerala,Alapuzha,IMD110-P962,1985,71.1,30.8,107.8,94.3,561.9,741.6,324.6,126.4,212.9,144.3,244.3,50.5,2710.4,102.0,763.9,1405.5,439.0,964,,ALAPUZZHA,
Kerala,Alapuzha,IMD110-P962,1986,0.6,13.9,27.5,91.1,134.7,398.8,203.7,325.7,304.5,147.2,221.5,13.0,1882.2,14.4,253.4,1232.7,381.6,964,,ALAPUZZHA,
Kerala,Alapuzha,IMD110-P962,1987,0.0,11.2,3.5,80.3,181.4,838.3,89.6,484.2,130.6,416.0,211.8,95.9,2542.8,11.2,265.2,1542.6,723.8,964,,ALAPUZZHA,
Kerala,Alapuzha,IMD110-P962,1988,0.0,31.9,68.3,127.3,214.3,540.8,428.4,410.8,699.9,118.3,82.3,36.6,2758.8,31.9,409.9,2079.9,237.2,964,,ALAPUZZHA,
Kerala,Alapuzha,IMD110-P962,1989,14.0,,52.4,174.6,245.0,587.7,412.2,422.9,372.5,414.0,83.5,1.8,,,472.0,1795.3,499.3,964,missing_months,ALAPUZZHA,
Kerala,Alapuzha,IMD110-P962,1990,49.3,42.3,23.7,158.7,274.9,397.0,529.9,156.6,101.1,249.4,239.6,11.8,2234.3,91.6,457.3,1184.5,500.9,964,,ALAPUZZHA,
Kerala,Alapuzha,IMD110-P962,1991,2.2,0.4,38.4,116.7,151.4,1084.4,489.4,421.1,27.9,236.5,58.9,3.9,2631.1,2.6,306.5,2022.7,299.3,964,,ALAPUZZHA,
Kerala,Alapuzha,IMD110-P962,1992,0.0,2.9,0.0,12.9,357.0,644.0,599.7,399.1,300.3,335.5,324.5,6.9,2982.8,2.9,369.8,1943.1,666.9,964,,ALAPUZZHA,
Kerala,Alapuzha,IMD110-P962,1993,0.0,17.3,9.2,57.5,175.7,754.4,717.8,177.9,144.9,581.5,251.0,51.1,2938.4,17.3,242.5,1795.0,883.7,964,,ALAPUZZHA,
Kerala,Alapuzha,IMD110-P962,1994,34.5,63.5,20.8,111.2,231.2,533.2,620.7,447.9,203.3,473.9,148.0,0.2,2888.5,98.1,363.2,1805.1,622.2,964,,ALAPUZZHA,
Kerala,Alapuzha,IMD110-P962,1995,11.8,19.5,85.4,158.3,321.4,444.2,522.7,375.6,303.1,216.3,161.0,0.0,2619.3,31.4,565.1,1645.6,377.3,964,,ALAPUZZHA,
Kerala,Alapuzha,IMD110-P962,1996,10.7,2.9,4.3,147.8,82.0,437.7,461.5,211.9,317.7,235.3,173.8,57.5,2143.2,13.6,234.1,1428.9,466.6,964,,ALAPUZZHA,
Kerala,Alapuzha,IMD110-P962,1997,2.1,2.7,67.2,82.1,156.5,464.0,702.8,425.7,463.9,362.9,255.7,161.8,3147.4,4.9,305.7,2056.4,780.4,964,,ALAPUZZHA,
Kerala,Alapuzha,IMD110-P962,1998,39.0,0.4,13.1,95.8,201.3,615.7,333.0,455.7,594.6,502.1,123.0,112.5,3086.3,39.4,310.2,1999.0,737.6,964,,ALAPUZZHA,
Kerala,Alapuzha,IMD110-P962,1999,5.6,13.4,62.4,261.2,531.1,673.5,454.9,237.0,117.7,651.7,117.7,11.7,3137.7,19.0,854.7,1483.0,781.1,964,,ALAPUZZHA,
Kerala,Alapuzha,IMD110-P962,2000,22.0,187.0,60.3,112.1,147.7,621.2,219.7,599.3,277.4,215.3,113.6,58.6,2634.1,209.0,320.1,1717.6,387.4,964,,ALAPUZZHA,
Kerala,Alapuzha,IMD110-P962,2001,44.8,37.4,12.7,211.7,318.8,587.7,490.0,245.8,345.4,351.6,151.4,16.2,2813.6,82.2,543.2,1669.0,519.2,964,,ALAPUZZHA,
Kerala,Alapuzha,IMD110-P962,2002,43.7,2.8,65.1,150.6,374.5,494.7,300.9,367.6,78.8,466.6,217.0,0.7,2562.9,46.5,590.2,1241.9,684.4,965,,ALAPUZZHA,
Kerala,Alapuzha,IMD110-P962,2003,0.0,63.4,63.5,125.2,144.4,494.3,419.8,339.4,82.1,492.3,129.8,13.4,2367.7,63.4,333.1,1335.7,635.5,965,,ALAPUZZHA,
Kerala,Alapuzha,IMD110-P962,2004,2.8,1.0,50.2,97.9,685.0,502.1,371.3,310.8,216.2,414.2,152.3,0.0,2803.8,3.8,833.1,1400.5,566.5,965,,ALAPUZZHA,
Kerala,Alapuzha,IMD110-P962,2005,18.9,11.7,39.1,249.0,177.0,549.2,514.9,113.8,348.3,280.1,181.0,96.2,2579.2,30.7,465.1,1526.1,557.4,965,,ALAPUZZHA,
Kerala,Alapuzha,IMD110-P962,2006,19.3,0.0,55.7,75.6,452.4,378.1,694.5,366.8,399.0,521.9,266.2,6.1,3235.6,19.3,583.7,1838.4,794.2,965,,ALAPUZZHA,
Kerala,Alapuzha,IMD110-P962,2007,0.0,30.5,2.2,139.6,283.8,592.3,764.5,365.5,418.0,298.9,168.7,6.4,3070.5,30.5,425.7,2140.2,474.1,965,,ALAPUZZHA,
Kerala,Alapuzha,IMD110-P962,2008,0.0,88.4,175.4,166.2,128.2,366.6,660.7,185.4,326.7,283.1,109.9,41.5,2532.0,88.4,469.9,1539.3,434.5,965,,ALAPUZZHA,
Kerala,Alapuzha,IMD110-P962,2009,1.7,4.3,45.4,131.8,256.0,559.4,503.3,164.1,250.3,211.1,318.5,53.6,2499.4,6.0,433.2,1477.0,583.2,965,,ALAPUZZHA,
Kerala,Alapuzha,IMD110-P962,2010,16.7,2.2,92.6,164.7,322.0,529.4,472.8,255.9,242.0,555.1,309.4,96.9,3059.8,18.9,579.3,1500.0,961.5,965,,ALAPUZZHA,
Kerala,Ernalulam,IMD110-P966,1901,22.2,25.7,99.6,113.4,225.1,775.9,587.1,292.8,119.8,110.8,377.9,58.4,2808.7,47.9,438.1,1775.6,547.1,966,,ERNAKULAM,
Kerala,Ernalulam,IMD110-P966,1902,0.1,4.4,97.9,116.3,171.6,515.5,1162.4,265.6,482.0,363.5,169.5,100.9,3449.6,4.4,385.7,2425.6,633.9,966,,ERNAKULAM,
Kerala,Ernalulam,IMD110-P966,1903,0.0,29.8,5.5,90.6,321.4,663.2,918.6,438.8,556.4,420.8,270.9,50.5,3766.6,29.8,417.5,2577.0,742.3,966,,ERNAKULAM,
Kerala,Ernalulam,IMD110-P966,1904,30.5,4.6,42.3,77.5,259.8,852.8,690.9,278.5,172.6,293.3,26.1,1.9,2730.9,35.0,379.6,1994.9,321.4,966,,ERNAKULAM,
Kerala,Ernalulam,IMD110-P966,1905,0.0,49.9,4.1,84.8,291.0,802.2,367.1,218.5,187.7,510.0,71.5,0.0,2586.7,49.9,379.9,1575.5,581.5,966,,ERNAKULAM,
Kerala,Ernalulam,IMD110-P966,1906,34.0,1.5,2.6,70.3,169.9,457.5,1015.5,420.6,133.3,259.9,256.5,84.4,2906.0,35.5,242.8,2026.9,600.8,966,,ERNAKULAM,
Kerala,Ernalulam,IMD110-P966,1907,16.7,3.8,32.2,187.2,120.7,843.3,704.7,931.1,267.9,333.8,160.3,37.7,3639.5,20.5,340.2,2747.0,531.8,966,,ERNAKULAM,
Kerala,Ernalulam,IMD110-P966,1908,8.9,7.8,62.8,150.0,166.2,622.3,773.9,435.5,248.0,220.7,25.6,20.1,2741.9,16.7,379.1,2079.7,266.4,966,,ERNAKULAM,
Kerala,Ernalulam,IMD110-P966,1909,51.8,6.1,89.5,141.1,403.1,709.0,757.4,420.1,208.8,239.2,261.5,24.2,3311.9,57.9,633.7,2095.3,525.0,966,,ERNAKULAM,
Kerala,Ernalulam,IMD110-P966,1910,0.0,26.4,22.7,172.1,212.3,738.2,643.3,465.8,226.9,472.8,345.0,0.1,3325.5,26.4,407.0,2074.2,817.9,966,,ERNAKULAM,
Kerala,Ernalulam,IMD110-P966,1911,0.0,14.0,5.1,66.3,378.1,1078.9,709.8,194.3,64.8,320.1,162.9,89.5,3083.8,14.0,449.5,2047.9,572.5,966,,ERNAKULAM,
Kerala,Ernalulam,IMD110-P966,1912,0.1,5.8,9.3,161.5,180.2,1122.7,762.3,465.5,254.9,591.1,98.2,25.4,3676.7,5.8,350.9,2605.3,714.7,966,,ERNAKULAM,
Kerala,Ernalulam,IMD110-P966,1913,0.8,20.6,25.0,81.7,239.1,591.2,1015.5,386.4,193.7,261.5,116.3,51.8,2983.8,21.5,345.8,2186.8,429.7,966,,ERNAKULAM,
Kerala,Ernalulam,IMD110-P966,1914,0.0,0.3,28.7,24.9,283.1,654.3,742.9,420.2,321.2,463.2,134.3,219.2,3292.3,0.3,336.7,2138.5,816.8,966,,ERNAKULAM,
Kerala,Ernalulam,IMD110-P966,1915,16.5,50.5,41.7,109.3,278.8,676.5,823.5,302.6,454.7,210.1,311.5,18.3,3294.1,67.0,429.8,2257.4,539.9,966,,ERNAKULAM,
Kerala,Ernalulam,IMD110-P966,1916,0.0,4.0,23.6,127.3,205.9,900.7,620.1,420.8,419.8,353.3,86.1,6.1,3167.8,4.0,356.8,2361.4,445.5,966,,ERNAKULAM,
Kerala,Ernalulam,IMD110-P966,1917,2.0,21.3,89.2,37.2,182.6,685.9,313.1,452.8,599.4,226.8,349.7,62.2,3022.3,23.3,309.0,2051.2,638.8,966,,ERNAKULAM,
Kerala,Ernalulam,IMD110-P966,1918,22.5,9.1,35.9,44.5,799.4,469.6,154.7,440.2,90.8,228.9,274.9,70.1,2640.4,31.6,879.7,1155.2,573.9,966,,ERNAKULAM,
Kerala,Ernalulam,IMD110-P966,1919,92.4,5.6,69.8,56.5,351.5,660.2,667.2,503.7,300.1,228.6,359.7,57.4,3352.7,98.1,477.8,2131.2,645.7,966,,ERNAKULAM,
Kerala,Ernalulam,IMD110-P966,1920,15.1,2.5,23.1,167.7,81.6,976.3,837.0,264.3,250.0,452.6,269.4,11.8,3351.4,17.7,272.4,2327.5,733.8,966,,ERNAKULAM,
Kerala,Ernalulam,IMD110-P966,1921,101.3,0.7,18.6,191.9,134.7,542.3,550.7,569.4,171.3,352.9,76.7,7.8,2718.3,102.0,345.1,1833.8,437.4,966,,ERNAKULAM,
Kerala,Ernalulam,IMD110-P966,1922,27.7,20.0,44.1,97.0,357.3,718.6,846.8,370.1,248.8,294.6,269.7,3.6,3298.3,47.6,498.4,2184.3,568.0,966,,ERNAKULAM,
Kerala,Ernalulam,IMD110-P966,1923,16.4,0.7,64.4,42.7,112.9,911.0,1060.1,920.0,376.9,266.5,85.7,12.6,3869.8,17.1,220.0,3267.9,364.8,966,,ERNAKULAM,
Kerala,Ernalulam,IMD110-P966,1924,23.1,8.1,46.6,169.0,311.0,1342.6,1421.2,795.2,307.6,164.4,202.8,41.2,4832.9,31.2,526.6,3866.6,408.5,966,,ERNAKULAM,
Kerala,Ernalulam,IMD110-P966,1925,3.1,15.4,91.1,101.9,304.2,739.4,402.0,455.8,158.9,280.2,236.9,83.4,2872.4,18.5,497.2,1756.2,600.5,966,,ERNAKULAM,
Kerala,Ernalulam,IMD110-P966,1926,7.1,7.5,26.3,35.6,269.4,772.2,823.6,492.7,389.6,309.7,104.6,23.0,3261.2,14.6,331.3,2478.0,437.3,966,,ERNAKULAM,
Kerala,Ernalulam,IMD110-P966,1927,22.4,18.1,50.7,58.3,359.9,709.8,881.6,343.1,458.8,156.9,89.5,5.1,3154.1,40.5,468.8,2393.3,251.5,966,,ERNAKULAM,
Kerala,Ernalulam,IMD110-P966,1928,1.0,89.4,33.9,118.5,122.7,596.4,337.3,577.4,80.1,365.7,175.6,88.4,2586.3,90.4,275.0,1591.2,629.7,966,,ERNAKULAM,
Kerala,Ernalulam,IMD110-P966,1929,19.8,52.2,69.0,223.9,167.5,965.3,833.8,295.5,348.7,503.2,143.6,27.9,3650.4,72.0,460.4,2443.2,674.7,966,,ERNAKULAM,
Kerala,Ernalulam,IMD110-P966,1930,5.4,0.2,15.2,166.3,457.3,648.2,434.2,299.4,606.5,459.9,190.2,172.5,3455.3,5.7,638.7,1988.4,822.5,966,,ERNAKULAM,
Kerala,Ernalulam,IMD110-P966,1931,1.4,0.0,11.7,203.6,140.5,612.8,664.2,1347.1,181.2,141.5,140.5,71.0,3515.6,1.4,355.9,2805.3,353.0,966,,ERNAKULAM,
Kerala,Ernalulam,IMD110-P966,1932,0.0,8.4,37.2,141.2,576.8,342.0,578.2,434.9,329.1,695.3,232.5,14.9,3390.5,8.4,755.2,1684.2,942.7,966,,ERNAKULAM,
Kerala,Ernalulam,IMD110-P966,1933,0.0,10.9,34.6,127.7,909.8,936.9,694.2,563.7,534.8,392.0,135.1,28.2,4367.8,10.9,1072.1,2729.6,555.3,966,,ERNAKULAM,
Kerala,Ernalulam,IMD110-P966,1934,67.2,0.1,57.4,94.5,143.6,1094.6,363.0,299.4,51.4,450.0,69.6,1.6,2692.3,67.2,295.5,1808.4,521.2,967,,ERNAKULAM,
Kerala,Ernalulam,IMD110-P966,1935,18.7,1.5,20.5,115.3,72.6,553.3,615.6,300.4,321.0,406.5,196.6,45.3,2667.4,20.2,208.4,1790.4,648.4,967,,ERNAKULAM,
Kerala,Ernalulam,IMD110-P966,1936,0.0,14.6,76.6,25.9,720.4,569.8,707.6,369.2,365.6,236.9,242.3,15.9,3344.9,14.6,822.9,2012.2,495.2,967,,ERNAKULAM,
Kerala,Ernalulam,IMD110-P966,1937,3.1,17.6,89.6,228.9,188.7,650.5,1014.4,381.0,155.8,546.8,127.2,28.4,3432.1,20.7,507.2,2201.8,702.3,967,,ERNAKULAM,
Kerala,Ernalulam,IMD110-P966,1938,0.0,91.3,73.7,213.2,265.8,753.8,765.5,345.5,247.7,225.7,111.3,15.5,3109.1,91.3,552.7,2112.6,352.5,967,,ERNAKULAM,
Kerala,Ernalulam,IMD110-P966,1939,8.7,5.5,43.4,199.5,149.6,783.7,758.0,532.3,196.3,440.6,385.7,11.9,3515.2,14.2,392.5,2270.3,838.2,967,,ERNAKULAM,
Kerala,Ernalulam,IMD110-P966,1940,3.5,1.3,1.4,170.5,311.5,566.9,937.3,690.9,90.0,292.4,344.3,73.5,3483.7,4.9,483.5,2285.1,710.2,967,,ERNAKULAM,
Kerala,Ernalulam,IMD110-P966,1941,16.5,19.1,9.8,91.8,543.7,894.4,580.5,564.8,368.8,333.5,245.1,119.9,3787.8,35.6,645.3,2408.5,698.4,967,,ERNAKULAM,
Kerala,Ernalulam,IMD110-P966,1942,0.1,4.4,21.2,183.8,271.7,939.8,916.4,446.5,114.9,487.5,104.6,116.4,3607.3,4.5,476.7,2417.6,708.4,967,,ERNAKULAM,
Kerala,Ernalulam,IMD110-P966,1943,78.5,14.8,49.4,100.5,515.3,992.3,1015.0,251.1,279.5,523.7,191.8,28.5,4040.4,93.3,665.1,2538.0,744.1,967,,ERNAKULAM,
Kerala,Ernalulam,IMD110-P966,1944,0.0,17.2,71.9,44.6,331.2,613.1,556.9,317.0,200.2,378.1,343.0,93.1,2966.4,17.3,447.7,1687.2,814.2,967,,ERNAKULAM,
Kerala,Ernalulam,IMD110-P966,1945,0.0,17.4,29.9,117.9,82.3,547.4,744.7,498.0,103.9,191.7,272.9,14.2,2620.3,17.4,230.0,1894.0,478.8,967,,ERNAKULAM,
Kerala,Ernalulam,IMD110-P966,1946,0.0,9.3,141.8,187.7,97.9,1062.7,661.2,764.2,280.8,264.4,381.2,233.6,4084.7,9.3,427.4,2768.9,879.2,967,,ERNAKULAM,
Kerala,Ernalulam,IMD110-P966,1947,26.6,29.6,107.5,132.3,115.6,627.4,773.6,962.8,476.6,214.9,88.0,73.2,3628.1,56.2,355.4,2840.4,376.1,967,,ERNAKULAM,
Kerala,Ernalulam,IMD110-P966,1948,35.4,18.9,51.7,113.8,256.4,1217.6,580.8,537.6,151.5,250.9,195.7,30.2,3440.4,54.3,421.8,2487.6,476.8,967,,ERNAKULAM,
Kerala,Ernalulam,IMD110-P966,1949,0.4,0.0,5.4,104.9,576.4,616.4,842.4,607.1,386.4,283.5,103.6,0.0,3526.5,0.4,686.7,2452.3,387.1,967,,ERNAKULAM,
Kerala,Ernalulam,IMD110-P966,1950,0.3,123.5,53.4,106.2,345.0,1006.7,1039.2,474.6,553.4,329.6,138.6,3.9,4174.5,123.8,504.6,3073.9,472.1,967,,ERNAKULAM,
Kerala,Ernalulam,IMD110-P966,1951,13.0,1.8,68.2,220.2,180.1,1016.5,587.5,227.7,423.4,353.9,395.6,35.7,3523.5,14.8,468.5,2255.1,785.2,967,,ERNAKULAM,
Kerala,Ernalulam,IMD110-P966,1952,2.0,76.9,34.6,138.0,290.9,646.7,426.2,693.5,96.8,384.3,98.4,73.0,2961.2,78.9,463.5,1863.2,555.7,967,,ERNAKULAM,
Kerala,Ernalulam,IMD110-P966,1953,4.8,16.5,46.3,229.9,98.9,357.7,1115.8,513.2,154.7,528.2,90.2,4.6,3160.8,21.3,375.2,2141.3,623.1,967,,ERNAKULAM,
Kerala,Ernalulam,IMD110-P966,1954,59.2,3.1,104.4,153.6,279.4,962.6,661.7,509.5,203.5,335.5,55.7,101.7,3430.2,62.3,537.4,2337.4,493.0,967,,ERNAKULAM,
Kerala,Ernalulam,IMD110-P966,1955,0.2,16.8,18.7,182.6,700.5,907.0,459.3,206.3,485.0,460.8,233.6,6.1,3677.0,17.1,901.8,2057.6,700.6,967,,ERNAKULAM,
Kerala,Ernalulam,IMD110-P966,1956,20.3,59.4,8.7,235.9,452.2,892.0,382.4,382.4,271.1,502.1,188.0,3.8,3398.3,79.7,696.8,1927.9,693.9,967,,ERNAKULAM,
Kerala,Ernalulam,IMD110-P966,1957,8.6,56.0,32.5,91.8,548.3,1055.6,740.7,426.7,43.4,391.4,198.6,19.6,3613.1,64.6,672.6,2266.4,609.6,967,,ERNAKULAM,
Kerala,Ernalulam,IMD110-P966,1958,1.0,43.5,74.7,223.9,485.2,694.7,540.9,639.4,78.2,230.5,219.3,20.8,3252.4,44.5,783.9,1953.3,470.6,967,,ERNAKULAM,
Kerala,Ernalulam,IMD110-P966,1959,0.2,5.5,10.6,147.4,426.4,954.0,1014.0,426.9,442.3,248.5,123.6,25.3,3824.8,5.7,584.4,2837.3,397.4,967,,ERNAKULAM,
Kerala,Ernalulam,IMD110-P966,1960,16.5,3.1,70.8,241.4,756.2,567.2,762.5,364.2,538.8,283.5,287.0,21.3,3912.4,19.6,1068.4,2232.6,591.8,967,,ERNAKULAM,
Kerala,Ernalulam,IMD110-P966,1961,0.6,23.9,5.0,121.8,659.0,813.3,851.6,583.5,402.8,237.0,73.2,12.6,3784.3,24.5,785.9,2651.2,322.7,967,,ERNAKULAM,
Kerala,Ernalulam,IMD110-P966,1962,7.8,75.9,44.8,98.8,535.0,294.7,915.9,467.0,515.2,593.4,38.1,54.5,3641.2,83.7,678.6,2192.8,686.1,967,,ERNAKULAM,
Kerala,Ernalulam,IMD110-P966,1963,42.5,37.0,84.9,88.5,215.0,448.6,681.0,565.1,320.4,336.2,158.8,71.8,3049.8,79.4,388.4,2015.1,566.9,967,,ERNAKULAM,
Kerala,Ernalulam,IMD110-P966,1964,0.0,1.6,71.1,96.5,109.4,414.1,992.5,521.8,532.6,459.4,171.4,20.0,3390.5,1.6,277.0,2461.0,650.9,967,,ERNAKULAM,
Kerala,Ernalulam,IMD110-P966,1965,36.9,3.2,40.5,196.9,359.9,643.5,447.8,338.5,190.4,201.1,186.5,235.7,2880.9,40.1,597.3,1620.2,623.3,967,,ERNAKULAM,
Kerala,Ernalulam,IMD110-P966,1966,5.6,8.4,37.4,210.1,104.2,615.3,761.1,174.8,360.7,429.9,329.0,99.5,3135.8,13.9,351.7,1911.8,858.4,967,,ERNAKULAM,
Kerala,Ernalulam,IMD110-P966,1967,52.2,0.0,17.6,60.5,494.2,688.9,698.2,642.5,198.0,216.6,104.4,28.0,3201.1,52.2,572.4,2227.6,349.0,967,,ERNAKULAM,
Kerala,Ernalulam,IMD110-P966,1968,4.8,48.0,106.8,142.9,173.5,709.2,1354.0,338.3,401.4,213.4,97.0,26.9,3616.2,52.7,423.3,2803.0,337.3,968,,ERNAKULAM,
Kerala,Ernalulam,IMD110-P966,1969,3.8,5.0,2.2,112.7,254.3,698.7,978.9,410.1,270.3,291.0,170.5,86.7,3284.1,8.8,369.2,2358.0,548.2,968,,ERNAKULAM,
Kerala,Ernalulam,IMD110-P966,1970,54.9,18.9,59.9,122.6,318.9,748.6,558.7,558.1,255.9,226.9,46.6,0.0,2969.8,73.7,501.4,2121.3,273.5,968,,ERNAKULAM,
Kerala,Ernalulam,IMD110-P966,1971,24.6,13.2,26.1,105.2,510.5,921.7,696.8,431.5,406.1,198.0,51.1,72.4,3457.3,37.8,641.8,2456.2,321.5,968,,ERNAKULAM,
Kerala,Ernalulam,IMD110-P966,1972,20.1,16.0,1.1,111.6,625.3,397.7,736.3,365.1,255.9,476.6,187.3,197.8,3390.7,36.1,738.0,1755.0,861.7,968,,ERNAKULAM,
Kerala,Ernalulam,IMD110-P966,1973,0.0,0.1,3.4,116.6,129.8,661.4,617.4,593.5,81.9,292.0,104.3,42.5,2642.9,0.1,249.8,1954.3,438.8,968,,ERNAKULAM,
Kerala,Ernalulam,IMD110-P966,1974,10.1,0.2,25.1,157.8,266.5,289.6,993.3,444.7,366.1,106.0,55.0,0.0,2714.5,10.3,449.4,2093.7,161.1,968,,ERNAKULAM,
Kerala,Ernalulam,IMD110-P966,1975,5.7,9.3,58.5,136.8,145.4,733.2,557.6,678.0,458.3,491.4,243.5,24.5,3542.2,15.0,340.7,2427.1,759.4,968,,ERNAKULAM,
Kerala,Ernalulam,IMD110-P966,1976,0.3,0.0,33.2,160.1,110.2,202.0,680.5,382.2,116.6,327.1,363.1,45.3,2420.7,0.3,303.5,1381.3,735.5,968,,ERNAKULAM,
Kerala,Ernalulam,IMD110-P966,1977,0.0,18.4,45.8,207.1,450.3,592.8,653.3,233.9,177.7,421.6,487.3,0.0,3288.4,18.4,703.3,1657.8,909.0,968,,ERNAKULAM,
Kerala,Ernalulam,IMD110-P966,1978,30.3,30.8,15.3,48.8,637.5,945.1,682.2,500.3,210.7,378.1,354.5,47.8,3881.4,61.1,701.6,2338.3,780.4,968,,ERNAKULAM,
Kerala,Ernalulam,IMD110-P966,1979,9.8,31.8,11.4,45.8,97.6,821.5,666.6,400.5,287.9,260.1,312.5,9.1,2954.5,41.6,154.8,2176.5,581.7,968,,ERNAKULAM,
Kerala,Ernalulam,IMD110-P966,1980,0.0,1.7,33.0,160.0,147.4,753.0,938.2,423.2,124.2,367.5,261.5,46.7,3256.3,1.7,340.4,2238.5,675.7,968,,ERNAKULAM,
Kerala,Ernalulam,IMD110-P966,1981,10.4,13.9,26.7,102.4,60.8,884.9,397.5,418.7,423.9,337.0,135.8,11.4,2823.4,24.3,189.9,2125.1,484.2,968,,ERNAKULAM,
Kerala,Ernalulam,IMD110-P966,1982,0.0,0.8,26.9,149.2,91.4,630.3,564.7,438.0,84.8,113.8,134.3,10.1,2244.3,0.8,267.5,1717.8,258.2,968,,ERNAKULAM,
Kerala,Ernalulam,IMD110-P966,1983,2.0,8.7,0.0,24.6,25.2,316.7,587.8,555.2,1400.0,132.2,106.0,42.5,3200.9,10.7,49.8,2859.8,280.6,968,,ERNAKULAM,
Kerala,Ernalulam,IMD110-P966,1984,74.1,113.4,45.7,98.5,92.0,679.8,632.3,254.0,106.1,307.7,69.8,11.2,2484.4,187.5,236.1,1672.1,388.7,968,,ERNAKULAM,
Kerala,Ernalulam,IMD110-P966,1985,88.9,6.9,29.8,49.4,354.2,984.9,400.3,279.7,121.3,189.0,70.7,110.9,2686.0,95.9,433.4,1786.2,370.6,968,,ERNAKULAM,
Kerala,Ernalulam,IMD110-P966,1986,2.2,61.1,69.0,47.2,201.1,504.7,251.5,343.5,290.9,165.9,160.6,25.2,2123.0,63.3,317.3,1390.7,351.6,968,,ERNAKULAM,
Kerala,Ernalulam,IMD110-P966,1987,2.6,0.3,0.2,55.0,129.1,710.6,259.0,595.0,149.0,266.9,296.4,59.2,2523.3,2.8,184.3,1713.7,622.5,968,,ERNAKULAM,
Kerala,Ernalulam,IMD110-P966,1988,0.0,5.1,51.1,206.1,115.1,612.5,639.4,426.5,687.3,102.1,75.8,50.1,2971.1,5.1,372.3,2365.7,228.0,968,,ERNAKULAM,
Kerala,Ernalulam,IMD110-P966,1989,2.8,0.2,41.5,92.0,270.8,814.8,453.4,291.8,319.8,480.6,179.2,4.0,2950.9,3.0,404.3,1879.8,663.8,968,,ERNAKULAM,
Kerala,Ernalulam,IMD110-P966,1990,2.7,0.0,4.5,56.8,533.0,420.9,574.2,249.6,101.0,249.7,172.5,3.3,2368.3,2.7,594.3,1345.8,425.5,968,,ERNAKULAM,
Kerala,Ernalulam,IMD110-P966,1991,0.1,0.0,31.3,80.3,127.9,1306.3,648.0,548.6,26.9,401.5,119.8,4.4,3295.1,0.1,239.5,2529.7,525.7,968,,ERNAKULAM,
Kerala,Ernalulam,IMD110-P966,1992,0.0,0.9,0.0,36.6,307.9,808.5,798.3,491.0,362.5,282.3,236.6,2.7,3327.2,0.9,344.5,2460.2,521.6,968,,ERNAKULAM,
Kerala,Ernalulam,IMD110-P966,1993,0.0,32.8,18.0,73.2,217.9,827.1,851.5,246.5,114.8,487.5,92.6,49.2,3011.1,32.8,309.1,2039.9,629.3,968,,ERNAKULAM,
Kerala,Ernalulam,IMD110-P966,1994,83.7,8.4,11.9,163.8,196.7,878.8,885.9,525.6,258.1,518.9,128.5,0.3,3660.6,92.2,372.4,2548.4,647.7,968,,ERNAKULAM,
Kerala,Ernalulam,IMD110-P966,1995,8.7,6.6,69.6,155.1,464.8,562.5,760.9,567.0,330.7,331.7,239.7,0.0,3497.4,15.3,689.5,2221.2,571.4,968,,ERNAKULAM,
Kerala,Ernalulam,IMD110-P966,1996,2.1,3.9,1.1,124.0,48.5,557.0,735.4,395.1,520.2,305.9,116.7,138.9,2948.7,6.0,173.6,2207.6,561.5,968,,ERNAKULAM,
Kerala,Ernalulam,IMD110-P966,1997,5.8,1.1,48.0,86.4,130.2,550.6,943.0,471.8,421.4,329.0,384.9,144.3,3516.4,6.9,264.6,2386.8,858.2,968,,ERNAKULAM,
Kerala,Ernalulam,IMD110-P966,1998,0.0,1.7,4.8,62.7,193.4,700.2,604.8,367.2,712.0,522.7,98.8,50.3,3318.6,1.7,260.9,2384.3,671.7,968,,ERNAKULAM,
Kerala,Ernalulam,IMD110-P966,1999,0.0,18.1,20.6,125.7,605.9,648.8,645.2,176.5,82.1,643.0,72.4,15.3,3053.7,18.1,752.3,1552.6,730.7,968,,ERNAKULAM,
Kerala,Ernalulam,IMD110-P966,2000,18.1,77.6,22.5,86.0,165.4,667.4,365.4,699.1,202.1,222.5,86.5,49.7,2662.2,95.7,273.8,1934.0,358.7,968,,ERNAKULAM,
Kerala,Ernalulam,IMD110-P966,2001,9.1,65.6,0.0,325.6,316.7,1136.1,828.4,427.8,262.6,385.8,197.2,17.3,3972.2,74.8,642.3,2654.9,600.2,968,,ERNAKULAM,
Kerala,Ernalulam,IMD110-P966,2002,0.0,23.2,10.9,83.4,601.1,,443.7,604.7,91.7,447.9,169.2,3.0,,23.2,695.5,,620.1,969,missing_months,ERNAKULAM,
Kerala,Ernalulam,IMD110-P966,2003,0.0,32.5,62.8,150.1,114.8,518.9,614.2,380.1,97.9,421.4,73.6,1.6,2467.9,32.5,327.7,1611.0,496.6,969,,ERNAKULAM,
Kerala,Ernalulam,IMD110-P966,2004,0.0,1.4,45.0,87.2,665.4,673.4,425.3,461.6,218.4,478.2,134.1,0.0,3190.2,1.5,797.7,1778.8,612.3,969,,ERNAKULAM,
Kerala,Ernalulam,IMD110-P966,2005,43.9,1.0,6.3,234.5,114.7,807.5,818.8,353.3,467.0,239.7,186.0,18.1,3290.9,44.9,355.5,2446.6,443.8,969,,ERNAKULAM,
Kerala,Ernalulam,IMD110-P966,2006,12.3,0.0,56.9,39.6,621.9,574.8,661.5,470.2,497.1,455.1,396.9,3.7,3790.0,12.3,718.4,2203.6,855.7,969,,ERNAKULAM,
Kerala,Ernalulam,IMD110-P966,2007,2.2,0.9,10.9,136.6,180.2,803.3,1159.7,495.0,627.1,527.3,55.9,7.4,4006.6,3.2,327.7,3085.1,590.7,969,,ERNAKULAM,
Kerala,Ernalulam,IMD110-P966,2008,3.6,31.4,326.5,120.1,125.6,466.7,544.8,345.1,611.3,294.4,46.1,37.0,2952.5,35.0,572.2,1967.9,377.4,969,,ERNAKULAM,
Kerala,Ernalulam,IMD110-P966,2009,10.4,0.0,46.0,89.4,315.4,614.8,865.0,345.8,523.5,191.5,319.8,85.8,3407.5,10.4,450.8,2349.1,597.1,969,,ERNAKULAM,
Kerala,Ernalulam,IMD110-P966,2010,9.7,0.0,30.5,229.9,240.4,849.1,688.0,357.1,456.8,619.0,517.3,62.7,4060.7,9.7,500.8,2351.0,1199.1,969,,ERNAKULAM,
Kerala,Idukki,IMD110-P970,1901,47.5,144.5,58.3,282.4,356.2,1203.3,1149.9,584.3,236.6,396.0,370.5,45.2,4874.8,192.1,696.8,3174.3,811.7,970,,IDUKKI,
Kerala,Idukki,IMD110-P970,1902,0.0,0.6,60.6,82.7,173.9,422.8,1586.1,458.5,568.3,473.0,256.5,126.7,4209.8,0.6,317.2,3035.7,856.2,970,,IDUKKI,
Kerala,Idukki,IMD110-P970,1903,12.6,52.7,1.8,105.9,228.1,505.2,1320.8,744.1,655.3,549.1,184.8,95.2,4455.5,65.3,335.9,3225.4,829.0,970,,IDUKKI,
Kerala,Idukki,IMD110-P970,1904,27.6,9.5,45.6,130.6,282.8,1621.9,1165.5,729.5,372.8,531.8,79.0,3.5,5000.3,37.1,459.0,3889.8,614.4,970,,IDUKKI,
Kerala,Idukki,IMD110-P970,1905,0.0,34.8,40.0,192.0,360.7,980.5,558.2,460.1,462.2,403.0,59.1,0.0,3550.6,34.8,592.6,2461.0,462.1,970,,IDUKKI,
Kerala,Idukki,IMD110-P970,1906,20.8,10.0,28.3,109.2,211.8,543.6,1153.7,760.6,229.8,361.3,193.0,131.6,3753.6,30.8,349.3,2687.6,685.9,970,,IDUKKI,
Kerala,Idukki,IMD110-P970,1907,58.1,6.5,82.5,197.7,140.0,719.1,966.5,1387.1,364.5,518.7,398.7,50.7,4890.1,64.6,420.2,3437.2,968.0,970,,IDUKKI,
Kerala,Idukki,IMD110-P970,1908,15.5,28.1,46.1,97.8,190.7,668.8,661.1,255.8,246.0,419.4,22.5,3.0,2654.7,43.6,334.6,1831.7,444.8,970,,IDUKKI,
Kerala,Idukki,IMD110-P970,1909,73.0,22.7,68.8,163.1,381.8,548.1,560.7,276.1,192.5,296.3,209.0,30.8,2822.7,95.7,613.7,1577.3,536.0,970,,IDUKKI,
Kerala,Idukki,IMD110-P970,1910,10.7,67.9,20.4,147.6,165.4,476.1,480.9,534.7,279.5,405.4,306.6,0.3,2895.5,78.6,333.5,1771.2,712.3,970,,IDUKKI,
Kerala,Idukki,IMD110-P970,1911,6.6,3.8,30.5,56.9,120.4,955.6,806.7,116.3,88.0,346.0,123.2,144.8,2798.7,10.4,207.8,1966.6,614.0,970,,IDUKKI,
Kerala,Idukki,IMD110-P970,1912,3.5,29.7,28.5,114.2,230.1,662.6,719.8,403.0,137.8,358.3,200.6,56.3,2944.4,33.1,372.9,1923.2,615.2,970,,IDUKKI,
Kerala,Idukki,IMD110-P970,1913,9.7,5.4,23.7,67.3,176.4,431.1,755.6,288.6,103.5,400.5,153.2,102.6,2517.7,15.2,267.4,1578.8,656.2,970,,IDUKKI,
Kerala,Idukki,IMD110-P970,1914,2.0,21.0,28.4,92.9,95.6,429.0,766.8,314.7,350.1,299.9,115.5,149.3,2665.3,23.1,216.8,1860.7,564.7,970,,IDUKKI,
Kerala,Idukki,IMD110-P970,1915,23.6,61.9,89.3,138.8,127.0,743.8,677.4,289.4,425.1,204.2,320.7,18.3,3119.7,85.6,355.2,2135.8,543.2,970,,IDUKKI,
Kerala,Idukki,IMD110-P970,1916,0.0,4.0,34.3,59.1,185.0,921.7,526.8,440.9,328.1,229.0,147.7,7.9,2884.6,4.0,278.5,2217.4,384.6,970,,IDUKKI,
Kerala,Idukki,IMD110-P970,1917,7.5,41.4,85.8,65.4,138.6,492.7,229.6,340.4,520.0,196.4,240.5,59.8,2418.1,48.9,289.9,1582.6,496.7,970,,IDUKKI,
Kerala,Idukki,IMD110-P970,1918,87.6,0.0,59.2,67.3,499.2,373.9,172.6,436.5,100.0,254.5,338.4,71.4,2460.6,87.6,625.7,1083.0,664.3,970,,IDUKKI,
Kerala,Idukki,IMD110-P970,1919,34.5,6.0,35.2,95.9,171.5,731.6,548.3,482.0,296.9,252.6,199.0,77.0,2930.7,40.5,302.7,2058.9,528.6,970,,IDUKKI,
Kerala,Idukki,IMD110-P970,1920,109.4,8.8,16.3,163.8,115.8,567.6,893.8,192.1,212.3,271.8,341.3,8.5,2901.6,118.3,295.9,1865.8,621.6,970,,IDUKKI,
Kerala,Idukki,IMD110-P970,1921,97.9,0.9,9.5,160.3,62.0,359.4,754.3,464.5,151.2,327.6,143.9,70.4,2601.8,98.8,231.9,1729.4,541.8,970,,IDUKKI,
Kerala,Idukki,IMD110-P970,1922,46.1,42.4,23.9,95.9,187.8,472.3,809.1,296.0,201.8,405.8,350.0,37.1,2968.1,88.4,307.6,1779.2,792.9,970,,IDUKKI,
Kerala,Idukki,IMD110-P970,1923,56.9,0.7,76.6,69.4,55.2,607.8,1012.2,796.8,225.0,275.2,105.6,116.5,3398.0,57.7,201.2,2641.9,497.2,970,,IDUKKI,
Kerala,Idukki,IMD110-P970,1924,39.3,0.1,50.1,74.7,133.8,744.4,1812.8,452.8,359.0,216.9,164.4,99.5,4147.8,39.4,258.7,3368.9,480.8,970,,IDUKKI,
Kerala,Idukki,IMD110-P970,1925,20.7,4.0,91.8,94.5,207.5,546.8,383.6,503.5,184.7,323.3,209.9,151.9,2722.1,24.6,393.8,1618.7,685.1,970,,IDUKKI,
Kerala,Idukki,IMD110-P970,1926,46.0,4.9,44.8,92.9,160.9,366.4,763.8,661.2,288.8,208.2,76.1,21.2,2735.1,50.9,298.7,2080.1,305.5,970,,IDUKKI,
Kerala,Idukki,IMD110-P970,1927,23.9,20.9,30.9,113.9,162.0,699.6,929.0,280.8,283.9,122.3,176.2,22.4,2865.9,44.9,306.8,2193.3,320.9,970,,IDUKKI,
Kerala,Idukki,IMD110-P970,1928,19.4,73.4,56.9,140.6,110.5,611.7,414.8,551.4,48.6,266.3,184.2,77.4,2555.1,92.8,308.0,1626.5,527.9,970,,IDUKKI,
Kerala,Idukki,IMD110-P970,1929,21.9,45.6,53.0,190.5,110.3,653.2,686.9,348.8,229.4,193.9,151.3,54.6,2739.3,67.5,353.8,1918.3,399.7,970,,IDUKKI,
Kerala,Idukki,IMD110-P970,1930,12.1,35.4,32.3,99.4,307.0,514.6,276.3,370.4,446.4,374.1,232.7,68.6,2769.4,47.5,438.7,1607.7,675.4,970,,IDUKKI,
Kerala,Idukki,IMD110-P970,1931,22.2,0.0,7.5,118.4,85.6,290.4,434.4,1119.2,145.2,165.5,241.9,254.8,2885.1,22.2,211.5,1989.3,662.2,970,,IDUKKI,
Kerala,Idukki,IMD110-P970,1932,0.2,51.3,16.0,89.4,473.5,244.9,688.5,302.3,278.5,364.9,222.9,52.6,2784.9,51.4,578.9,1514.2,640.4,970,,IDUKKI,
Kerala,Idukki,IMD110-P970,1933,0.9,17.6,67.4,111.7,552.3,542.3,649.3,599.7,579.3,417.1,195.4,38.3,3771.5,18.6,731.4,2370.7,650.7,970,,IDUKKI,
Kerala,Idukki,IMD110-P970,1934,177.2,0.0,31.3,90.4,93.4,552.0,407.6,271.1,49.9,306.2,78.6,18.7,2076.4,177.2,215.1,1280.6,403.5,971,,IDUKKI,
Kerala,Idukki,IMD110-P970,1935,47.0,22.3,34.0,130.7,48.6,258.5,541.7,315.6,334.0,427.7,156.4,80.2,2396.8,69.3,213.3,1449.8,664.3,971,,IDUKKI,
Kerala,Idukki,IMD110-P970,1936,3.0,31.6,107.1,41.7,450.4,486.5,531.2,310.8,322.8,292.5,323.4,48.7,2949.8,34.6,599.2,1651.3,664.7,971,,IDUKKI,
Kerala,Idukki,IMD110-P970,1937,3.6,26.2,54.8,194.0,68.7,324.3,632.9,276.0,117.8,385.3,114.2,16.0,2213.9,29.8,317.5,1351.1,515.5,971,,IDUKKI,
Kerala,Idukki,IMD110-P970,1938,1.5,75.5,27.4,97.6,170.4,494.0,499.9,246.4,245.2,213.3,64.7,53.1,2188.8,77.0,295.3,1485.3,331.1,971,,IDUKKI,
Kerala,Idukki,IMD110-P970,1939,42.3,5.3,40.4,179.2,52.1,414.0,639.5,651.0,185.3,351.1,289.8,5.0,2854.9,47.6,271.7,1889.8,645.9,971,,IDUKKI,
Kerala,Idukki,IMD110-P970,1940,0.0,7.3,15.9,126.4,230.0,479.1,687.8,511.9,127.4,203.9,407.6,106.5,2903.6,7.3,372.3,1806.1,717.9,971,,IDUKKI,
Kerala,Idukki,IMD110-P970,1941,44.1,0.4,16.2,95.7,324.4,549.9,608.1,434.0,283.2,173.6,197.6,85.5,2812.6,44.5,436.2,1875.2,456.7,971,,IDUKKI,
Kerala,Idukki,IMD110-P970,1942,12.5,9.4,20.4,146.1,129.2,603.4,735.1,310.8,111.1,435.3,95.4,200.4,2809.0,21.9,295.6,1760.4,731.0,971,,IDUKKI,
Kerala,Idukki,IMD110-P970,1943,162.7,16.7,46.6,126.0,503.9,570.7,877.6,194.0,367.3,469.0,146.9,33.7,3515.1,179.4,676.5,2009.6,649.6,971,,IDUKKI,
Kerala,Idukki,IMD110-P970,1944,2.2,41.8,109.5,98.9,180.8,357.2,470.3,167.8,201.3,335.8,297.8,122.3,2385.6,44.0,389.2,1196.5,755.8,971,,IDUKKI,
Kerala,Idukki,IMD110-P970,1945,2.1,10.5,4.0,123.9,99.7,336.5,489.4,188.2,112.7,224.6,262.4,23.6,1877.5,12.5,227.6,1126.7,510.7,971,,IDUKKI,
Kerala,Idukki,IMD110-P970,1946,11.9,11.9,129.9,113.0,110.7,622.4,402.6,568.3,220.5,288.3,271.1,244.8,2995.4,23.8,353.6,1813.7,804.2,971,,IDUKKI,
Kerala,Idukki,IMD110-P970,1947,29.7,42.3,108.0,163.3,82.9,449.6,464.5,712.0,339.1,195.4,54.3,17.4,2658.5,72.0,354.2,1965.2,267.1,971,,IDUKKI,
Kerala,Idukki,IMD110-P970,1948,75.2,11.7,9.8,119.9,183.9,722.2,523.1,560.4,194.5,187.3,227.2,28.2,2843.7,87.0,313.6,2000.3,442.8,971,,IDUKKI,
Kerala,Idukki,IMD110-P970,1949,1.3,5.5,1.2,67.6,252.1,332.4,400.0,323.3,331.0,259.4,81.3,2.9,2058.1,6.8,320.9,1386.8,343.6,971,,IDUKKI,
Kerala,Idukki,IMD110-P970,1950,0.0,61.8,39.0,31.9,166.6,419.1,709.0,275.6,324.7,221.7,138.2,16.2,2403.9,61.8,237.5,1728.5,376.1,971,,IDUKKI,
Kerala,Idukki,IMD110-P970,1951,10.9,14.1,52.8,155.8,182.1,635.2,566.4,210.2,398.3,310.8,218.3,11.7,2766.7,25.0,390.7,1810.1,540.8,971,,IDUKKI,
Kerala,Idukki,IMD110-P970,1952,7.3,56.8,44.8,132.7,209.3,387.0,320.1,469.9,87.1,266.9,89.0,67.3,2138.3,64.1,386.8,1264.1,423.3,971,,IDUKKI,
Kerala,Idukki,IMD110-P970,1953,13.0,23.0,18.7,200.1,59.2,210.8,826.9,459.1,105.0,375.6,52.7,12.8,2356.7,35.9,278.0,1601.7,441.1,971,,IDUKKI,
Kerala,Idukki,IMD110-P970,1954,35.8,5.8,64.4,140.8,192.8,468.2,531.6,528.0,180.3,353.4,45.2,83.6,2629.9,41.6,398.0,1708.1,482.3,971,,IDUKKI,
Kerala,Idukki,IMD110-P970,1955,11.7,6.0,41.0,108.9,436.3,717.5,258.8,223.0,339.8,269.5,235.5,55.6,2703.6,17.8,586.2,1539.0,560.6,971,,IDUKKI,
Kerala,Idukki,IMD110-P970,1956,13.3,3.2,6.3,110.5,197.2,640.2,389.4,304.8,243.3,333.5,243.7,25.4,2510.9,16.5,314.1,1577.7,602.6,971,,IDUKKI,
Kerala,Idukki,IMD110-P970,1957,0.5,26.1,37.2,82.1,321.7,612.4,672.6,334.5,48.4,276.3,215.3,34.2,2661.4,26.6,441.0,1667.9,525.8,971,,IDUKKI,
Kerala,Idukki,IMD110-P970,1958,3.8,27.5,77.0,125.0,252.2,405.9,587.2,617.8,136.3,225.9,249.1,12.8,2720.5,31.3,454.2,1747.1,487.8,971,,IDUKKI,
Kerala,Idukki,IMD110-P970,1959,18.1,46.7,2.7,167.8,284.4,804.0,851.2,369.2,550.7,298.8,219.3,47.3,3660.3,64.8,454.9,2575.1,565.5,971,,IDUKKI,
Kerala,Idukki,IMD110-P970,1960,12.1,10.1,55.8,242.4,364.2,305.0,741.9,408.5,361.0,371.1,351.8,44.3,3268.1,22.2,662.3,1816.4,767.2,971,,IDUKKI,
Kerala,Idukki,IMD110-P970,1961,20.6,30.4,10.3,98.7,411.9,840.4,977.8,529.6,248.6,248.3,83.5,41.5,3541.8,51.0,520.9,2596.5,373.3,971,,IDUKKI,
Kerala,Idukki,IMD110-P970,1962,26.8,62.8,48.5,127.1,371.6,148.2,877.2,385.5,391.0,439.0,54.7,122.2,3054.6,89.6,547.2,1801.9,616.0,971,,IDUKKI,
Kerala,Idukki,IMD110-P970,1963,55.3,25.1,61.5,127.3,124.2,361.8,592.9,376.3,269.0,333.4,119.5,94.0,2540.4,80.4,313.1,1600.0,547.0,971,,IDUKKI,
Kerala,Idukki,IMD110-P970,1964,0.0,1.7,54.5,88.4,131.8,230.5,769.4,700.5,404.0,348.1,182.4,20.6,2931.9,1.7,274.7,2104.5,551.1,971,,IDUKKI,
Kerala,Idukki,IMD110-P970,1965,11.3,1.6,50.7,138.8,166.0,277.0,258.7,126.7,125.8,207.9,141.6,205.3,1711.4,12.9,355.5,788.2,554.9,971,,IDUKKI,
Kerala,Idukki,IMD110-P970,1966,3.4,11.3,92.6,324.2,79.9,403.9,426.0,140.3,223.4,280.7,337.7,94.0,2417.5,14.6,496.8,1193.7,712.4,971,,IDUKKI,
Kerala,Idukki,IMD110-P970,1967,13.3,0.7,39.3,97.2,151.3,325.5,450.6,354.0,79.6,157.0,74.7,14.2,1757.5,14.1,287.8,1209.7,246.0,971,,IDUKKI,
Kerala,Idukki,IMD110-P970,1968,1.7,54.4,102.5,111.1,67.6,556.1,867.2,289.3,289.5,227.4,125.7,69.2,2761.8,56.1,281.3,2002.1,422.3,972,,IDUKKI,
Kerala,Idukki,IMD110-P970,1969,7.6,5.4,47.3,130.1,137.0,408.4,789.5,310.1,167.8,245.5,150.3,67.9,2466.9,12.9,314.4,1675.9,463.7,972,,IDUKKI,
Kerala,Idukki,IMD110-P970,1970,29.4,35.4,17.8,179.7,205.5,415.4,373.5,478.4,165.2,413.4,139.8,16.7,2470.2,64.8,403.0,1432.5,569.9,972,,IDUKKI,
Kerala,Idukki,IMD110-P970,1971,57.7,32.0,36.2,128.8,208.0,652.2,455.7,416.6,449.4,298.4,67.5,124.0,2926.3,89.7,373.0,1973.8,489.8,972,,IDUKKI,
Kerala,Idukki,IMD110-P970,1972,1.4,7.6,2.8,100.5,401.0,287.4,687.6,327.4,224.5,255.9,200.1,120.4,2616.5,8.9,504.3,1526.8,576.4,972,,IDUKKI,
Kerala,Idukki,IMD110-P970,1973,0.0,2.4,32.7,,,546.6,633.2,496.5,107.6,198.5,63.2,137.1,,2.4,,1783.8,398.9,972,missing_months,IDUKKI,
Kerala,Idukki,IMD110-P970,1974,3.4,2.3,6.0,67.0,163.7,248.2,897.5,662.3,358.2,182.9,130.6,6.3,2728.4,5.6,236.7,2166.2,319.9,972,,IDUKKI,
Kerala,Idukki,IMD110-P970,1975,3.2,28.0,37.1,136.1,167.5,776.2,387.9,792.8,466.1,345.2,165.8,49.0,3354.8,31.2,340.6,2423.0,560.0,972,,IDUKKI,
Kerala,Idukki,IMD110-P970,1976,0.0,13.0,21.4,224.2,85.2,158.0,632.9,354.8,138.8,249.0,230.7,31.9,2140.1,13.0,330.9,1284.6,511.7,972,,IDUKKI,
Kerala,Idukki,IMD110-P970,1977,0.0,15.2,22.7,113.5,141.1,368.4,619.9,212.4,211.1,380.9,176.3,10.8,2272.3,15.2,277.3,1411.8,568.0,972,,IDUKKI,
Kerala,Idukki,IMD110-P970,1978,0.2,17.5,17.4,99.8,193.1,490.7,414.4,542.3,104.6,163.8,216.8,34.4,2295.0,17.7,310.3,1551.9,415.0,972,,IDUKKI,
Kerala,Idukki,IMD110-P970,1979,0.0,21.6,23.4,17.1,194.4,278.6,341.7,247.7,162.7,80.7,225.0,4.4,1597.3,21.6,234.9,1030.6,310.2,972,,IDUKKI,
Kerala,Idukki,IMD110-P970,1980,,0.0,41.0,64.2,109.1,362.2,485.6,320.9,152.1,244.4,203.3,75.3,,,214.3,1320.7,523.1,972,missing_months,IDUKKI,
Kerala,Idukki,IMD110-P970,1981,7.9,10.9,43.3,57.2,138.1,920.5,521.3,467.0,395.1,279.5,143.8,178.4,3163.0,18.8,238.6,2303.9,601.7,972,,IDUKKI,
Kerala,Idukki,IMD110-P970,1982,0.0,0.0,38.8,56.7,125.2,543.7,470.9,385.1,111.6,247.2,133.2,16.3,2128.8,0.0,220.7,1511.3,396.8,972,,IDUKKI,
Kerala,Idukki,IMD110-P970,1983,0.0,1.6,6.4,20.9,107.8,298.6,368.4,406.6,123.1,210.1,120.2,97.5,1761.3,1.6,135.2,1196.6,427.9,972,,IDUKKI,
Kerala,Idukki,IMD110-P970,1984,51.3,101.4,130.4,257.6,111.3,1460.1,1322.7,504.5,433.5,463.3,120.4,34.6,4991.1,152.7,499.3,3720.8,618.3,972,,IDUKKI,
Kerala,Idukki,IMD110-P970,1985,121.9,1.0,39.3,98.1,116.9,865.1,205.1,185.1,102.9,191.1,80.5,117.4,2124.2,122.9,254.3,1358.1,389.0,972,,IDUKKI,
Kerala,Idukki,IMD110-P970,1986,15.9,26.3,10.8,56.2,236.0,658.9,,342.2,233.4,255.6,224.8,1.2,,42.2,303.0,,481.6,972,missing_months,IDUKKI,
Kerala,Idukki,IMD110-P970,1987,,0.0,0.0,66.6,,,,,,269.7,222.6,,,,,,,972,missing_months,IDUKKI,
Kerala,Idukki,IMD110-P970,1988,,2.0,,,125.9,315.0,390.8,364.3,352.3,35.4,,,,,,1422.4,,972,missing_months,IDUKKI,
Kerala,Idukki,IMD110-P970,1989,,,,,260.0,475.8,,,,,,,,,,,,972,missing_months,IDUKKI,
Kerala,Idukki,IMD110-P970,1990,,,,,,833.2,674.0,773.1,124.0,377.4,236.0,5.1,,,,2404.4,618.5,972,missing_months,IDUKKI,
Kerala,Idukki,IMD110-P970,1991,13.0,0.9,62.4,128.1,140.3,1495.4,1623.5,578.9,90.0,394.3,75.8,0.0,4602.5,13.9,330.8,3787.7,470.2,972,,IDUKKI,
Kerala,Idukki,IMD110-P970,1992,0.0,0.0,0.0,74.4,252.1,1005.5,1040.6,545.9,327.6,303.7,252.7,4.8,3807.2,0.0,326.5,2919.6,561.1,972,,IDUKKI,
Kerala,Idukki,IMD110-P970,1993,0.0,33.1,26.5,106.9,115.1,549.4,934.9,526.8,159.5,427.5,139.4,32.4,3051.6,33.1,248.5,2170.6,599.4,972,,IDUKKI,
Kerala,Idukki,IMD110-P970,1994,19.2,34.5,15.2,149.1,139.2,871.8,1028.4,617.1,338.8,394.9,175.2,0.6,3784.1,53.8,303.5,2856.1,570.7,972,,IDUKKI,
Kerala,Idukki,IMD110-P970,1995,30.6,8.4,65.5,139.4,403.9,521.7,691.6,559.6,479.7,179.5,167.8,0.0,3247.8,39.0,608.8,2252.7,347.3,972,,IDUKKI,
Kerala,Idukki,IMD110-P970,1996,2.2,27.0,22.0,130.1,107.1,653.6,1107.1,459.1,673.2,304.0,99.5,53.6,3638.3,29.1,259.2,2892.9,457.1,972,,IDUKKI,
Kerala,Idukki,IMD110-P970,1997,6.4,0.0,37.4,152.9,170.2,351.9,966.6,699.1,422.5,325.4,372.2,104.4,3608.9,6.4,360.5,2440.1,801.9,972,,IDUKKI,
Kerala,Idukki,IMD110-P970,1998,0.8,10.0,1.5,104.3,85.7,845.6,871.7,506.2,624.3,605.5,232.3,69.1,3956.9,10.8,191.5,2847.8,906.8,972,,IDUKKI,
Kerala,Idukki,IMD110-P970,1999,0.0,43.8,17.5,117.8,540.7,566.0,1003.1,337.5,232.9,825.0,96.6,6.1,3787.0,43.8,676.0,2139.5,927.7,972,,IDUKKI,
Kerala,Idukki,IMD110-P970,2000,5.7,73.8,0.0,119.2,155.7,711.5,351.7,,213.4,132.2,48.7,49.8,,79.5,274.9,,230.7,972,missing_months,IDUKKI,
Kerala,Idukki,IMD110-P970,2001,14.0,17.7,27.4,410.3,208.6,833.1,970.0,512.0,297.0,412.2,194.9,19.8,3917.0,31.6,646.3,2612.1,626.9,972,,IDUKKI,
Kerala,Idukki,IMD110-P970,2002,0.0,6.0,76.9,200.9,385.1,563.9,491.3,587.9,167.4,460.1,103.8,8.6,3051.9,6.0,662.9,1810.5,572.5,973,,IDUKKI,
Kerala,Idukki,IMD110-P970,2003,0.0,38.6,142.3,176.3,127.2,470.8,678.7,611.7,142.2,681.3,78.3,5.5,3152.9,38.6,445.8,1903.4,765.1,973,,IDUKKI,
Kerala,Idukki,IMD110-P970,2004,0.8,10.3,59.6,156.3,645.4,889.7,577.8,686.3,344.5,374.0,,,,11.1,861.3,2498.3,,973,missing_months,IDUKKI,
Kerala,Idukki,IMD110-P970,2005,22.9,18.2,67.7,234.5,243.8,843.0,1986.1,636.0,968.4,369.6,240.5,114.1,5744.8,41.1,546.0,4433.5,724.1,973,,IDUKKI,
Kerala,Idukki,IMD110-P970,2006,10.3,0.0,168.9,129.7,711.1,397.8,,467.8,490.5,435.2,,0.0,,10.3,1009.7,,,973,missing_months,IDUKKI,
Kerala,Idukki,IMD110-P970,2007,1.0,8.5,9.5,207.6,179.7,896.9,1235.7,616.4,696.0,465.8,92.2,45.8,4455.2,9.5,396.9,3444.9,603.8,973,,IDUKKI,
Kerala,Idukki,IMD110-P970,2008,5.0,45.0,166.3,119.9,65.1,494.4,718.9,638.6,426.8,283.6,62.7,5.1,3031.4,50.0,351.3,2278.8,351.4,973,,IDUKKI,
Kerala,Idukki,IMD110-P970,2009,10.1,0.3,102.9,48.6,226.8,443.0,983.4,335.8,501.0,295.4,236.0,104.9,3288.1,10.4,378.2,2263.1,636.4,973,,IDUKKI,
Kerala,Idukki,IMD110-P970,2010,12.6,0.0,41.4,159.7,182.9,786.7,778.7,543.5,305.7,428.6,305.8,22.4,3567.9,12.6,384.0,2414.5,756.8,973,,IDUKKI,
Kerala,Kannur,IMD110-P974,1901,0.2,0.0,36.2,129.1,106.9,1089.9,788.6,526.8,288.2,286.5,297.6,49.1,3598.9,0.2,272.1,2693.4,633.2,974,,KANNUR,
Kerala,Kannur,IMD110-P974,1902,7.1,2.8,5.6,44.5,105.4,491.0,1418.6,436.5,631.5,300.6,65.6,111.9,3621.1,9.9,155.4,2977.6,478.1,974,,KANNUR,
Kerala,Kannur,IMD110-P974,1903,0.0,0.0,0.0,2.5,273.8,665.9,1478.6,455.1,293.3,245.8,131.9,34.0,3580.8,0.0,276.3,2892.8,411.7,974,,KANNUR,
Kerala,Kannur,IMD110-P974,1904,5.2,0.0,29.1,40.3,298.4,1274.7,958.2,417.0,241.2,296.7,15.6,0.0,3576.4,5.2,367.8,2891.0,312.3,974,,KANNUR,
Kerala,Kannur,IMD110-P974,1905,0.0,3.2,0.0,3.8,263.9,1071.1,903.3,460.9,206.9,291.1,67.5,0.0,3271.7,3.2,267.7,2642.2,358.6,974,,KANNUR,
Kerala,Kannur,IMD110-P974,1906,20.3,0.0,0.0,0.9,116.4,542.1,1217.9,421.2,165.1,135.8,39.0,8.2,2666.9,20.3,117.3,2346.3,183.1,974,,KANNUR,
Kerala,Kannur,IMD110-P974,1907,2.6,0.0,21.1,106.4,63.4,1002.3,1030.0,1367.6,121.0,97.8,237.6,33.0,4082.7,2.6,190.8,3520.9,368.4,974,,KANNUR,
Kerala,Kannur,IMD110-P974,1908,0.0,5.4,4.1,72.4,163.9,845.7,1725.1,629.7,65.1,155.0,16.1,3.1,3685.5,5.4,240.4,3265.6,174.1,974,,KANNUR,
Kerala,Kannur,IMD110-P974,1909,37.2,0.0,0.0,26.4,764.3,952.6,1415.2,330.0,242.1,176.1,106.4,2.7,4053.1,37.2,790.7,2940.0,285.3,974,,KANNUR,
Kerala,Kannur,IMD110-P974,1910,0.0,0.0,5.2,39.1,183.2,1193.0,541.9,549.0,321.2,263.6,142.6,0.0,3238.7,0.0,227.5,2605.1,406.1,974,,KANNUR,
Kerala,Kannur,IMD110-P974,1911,10.6,0.3,0.0,4.7,124.3,1409.2,806.4,331.2,40.4,233.5,121.9,44.8,3127.3,10.9,128.9,2587.2,400.2,974,,KANNUR,
Kerala,Kannur,IMD110-P974,1912,0.0,0.2,1.1,41.9,260.5,1257.7,1162.2,978.4,104.7,460.2,74.2,1.7,4342.6,0.2,303.5,3502.9,536.0,974,,KANNUR,
Kerala,Kannur,IMD110-P974,1913,0.0,0.3,0.0,20.1,200.4,715.3,882.6,303.4,187.6,397.2,8.4,44.8,2760.1,0.3,220.5,2088.9,450.4,974,,KANNUR,
Kerala,Kannur,IMD110-P974,1914,0.0,0.0,0.0,0.0,44.5,803.1,1316.3,686.6,242.4,345.9,62.3,91.4,3592.7,0.0,44.5,3048.5,499.7,974,,KANNUR,
Kerala,Kannur,IMD110-P974,1915,0.7,3.8,2.3,38.0,110.5,727.4,945.8,419.1,389.7,146.9,170.4,0.7,2955.1,4.5,150.7,2482.0,318.0,974,,KANNUR,
Kerala,Kannur,IMD110-P974,1916,0.0,1.1,0.3,14.8,190.4,1431.3,546.4,489.5,384.7,418.4,110.8,11.5,3599.3,1.1,205.5,2851.9,540.7,974,,KANNUR,
Kerala,Kannur,IMD110-P974,1917,0.0,98.3,2.9,28.5,66.9,996.5,499.8,379.8,402.0,341.9,144.8,0.0,2961.5,98.3,98.4,2278.1,486.7,974,,KANNUR,
Kerala,Kannur,IMD110-P974,1918,1.5,2.6,8.3,27.6,774.1,706.2,259.7,395.7,207.9,173.5,218.5,37.1,2812.6,4.2,809.9,1569.5,429.1,974,,KANNUR,
Kerala,Kannur,IMD110-P974,1919,0.0,0.0,0.0,4.7,183.7,682.4,858.6,631.0,250.4,242.5,222.9,47.3,3123.6,0.0,188.4,2422.4,512.8,974,,KANNUR,
Kerala,Kannur,IMD110-P974,1920,17.6,0.0,0.0,31.6,95.5,1544.3,1271.4,337.4,87.3,266.8,205.2,0.0,3857.3,17.6,127.1,3240.5,472.0,974,,KANNUR,
Kerala,Kannur,IMD110-P974,1921,16.7,0.0,0.0,149.1,83.3,767.9,766.1,1030.9,147.3,197.4,212.4,0.0,3371.1,16.7,232.4,2712.2,409.8,974,,KANNUR,
Kerala,Kannur,IMD110-P974,1922,14.5,0.0,0.0,131.3,252.0,902.0,1732.1,496.9,232.9,122.4,255.0,4.0,4143.2,14.5,383.3,3364.0,381.4,974,,KANNUR,
Kerala,Kannur,IMD110-P974,1923,10.5,0.0,33.0,1.3,91.6,896.5,1371.8,1457.6,248.3,81.8,36.2,7.1,4235.7,10.5,125.9,3974.1,125.1,974,,KANNUR,
Kerala,Kannur,IMD110-P974,1924,0.8,0.0,18.3,106.7,161.2,1283.3,1876.1,773.0,207.7,104.2,56.2,0.0,4587.3,0.8,286.1,4140.1,160.4,974,,KANNUR,
Kerala,Kannur,IMD110-P974,1925,0.0,0.0,58.4,53.2,271.4,1086.7,1096.9,986.8,155.6,290.2,173.4,74.7,4247.3,0.0,383.1,3325.9,538.3,974,,KANNUR,
Kerala,Kannur,IMD110-P974,1926,11.9,0.0,1.8,4.0,62.8,774.0,1119.8,634.0,326.2,137.7,58.5,0.2,3131.0,11.9,68.6,2854.1,196.4,974,,KANNUR,
Kerala,Kannur,IMD110-P974,1927,0.0,0.0,14.6,79.6,255.9,878.5,1166.3,433.9,340.3,80.6,147.7,0.0,3397.5,0.0,350.1,2819.0,228.4,974,,KANNUR,
Kerala,Kannur,IMD110-P974,1928,0.0,70.8,26.2,31.3,83.8,729.5,551.4,727.1,103.6,220.8,61.1,49.4,2654.9,70.8,141.3,2111.5,331.3,974,,KANNUR,
Kerala,Kannur,IMD110-P974,1929,0.0,14.0,4.8,122.4,130.5,1258.8,1075.2,479.1,241.0,336.9,53.1,3.7,3719.5,14.0,257.7,3054.1,393.7,974,,KANNUR,
Kerala,Kannur,IMD110-P974,1930,2.4,0.0,13.0,59.8,503.0,876.3,830.1,328.8,292.3,346.2,110.7,31.5,3394.1,2.4,575.8,2327.5,488.4,974,,KANNUR,
Kerala,Kannur,IMD110-P974,1931,0.0,0.0,0.0,88.1,137.0,731.6,1050.1,1538.2,162.5,130.0,36.5,39.0,3913.0,0.0,225.1,3482.4,205.5,974,,KANNUR,
Kerala,Kannur,IMD110-P974,1932,0.0,0.0,0.3,65.5,754.8,524.0,963.7,355.2,416.0,634.7,143.6,10.0,3867.7,0.0,820.5,2258.8,788.3,974,,KANNUR,
Kerala,Kannur,IMD110-P974,1933,0.0,0.0,13.6,109.1,550.5,1105.8,1257.6,575.8,458.8,438.9,39.4,8.8,4558.2,0.0,673.2,3398.0,487.0,974,,KANNUR,
Kerala,Kannur,IMD110-P974,1934,6.2,0.0,0.0,42.3,26.8,1203.4,621.2,619.3,73.9,266.9,122.2,0.8,2983.0,6.2,69.1,2517.8,389.9,975,,KANNUR,
Kerala,Kannur,IMD110-P974,1935,2.3,0.1,0.4,64.8,35.1,601.4,1058.9,326.2,366.7,280.2,35.9,3.9,2775.9,2.4,100.3,2353.2,320.0,975,,KANNUR,
Kerala,Kannur,IMD110-P974,1936,0.0,2.3,95.0,29.7,410.1,875.6,1004.5,558.4,245.7,139.5,98.6,3.2,3462.6,2.3,534.7,2684.3,241.3,975,,KANNUR,
Kerala,Kannur,IMD110-P974,1937,0.0,1.3,13.5,156.7,105.1,631.1,1638.4,328.2,169.0,416.5,31.6,1.4,3492.7,1.3,275.3,2766.7,449.5,975,,KANNUR,
Kerala,Kannur,IMD110-P974,1938,0.0,0.0,30.2,109.6,202.6,1112.7,911.0,287.7,301.3,183.1,86.2,3.8,3228.2,0.0,342.4,2612.6,273.1,975,,KANNUR,
Kerala,Kannur,IMD110-P974,1939,0.0,0.0,0.0,99.4,16.9,779.4,1073.7,399.7,96.5,337.4,181.3,0.0,2984.4,0.0,116.3,2349.4,518.8,975,,KANNUR,
Kerala,Kannur,IMD110-P974,1940,0.0,0.0,0.0,81.8,146.4,807.8,1223.6,928.8,63.8,124.7,272.9,21.0,3670.8,0.0,228.2,3024.0,418.6,975,,KANNUR,
Kerala,Kannur,IMD110-P974,1941,6.9,0.0,0.0,66.0,252.8,1169.6,519.7,476.6,249.0,194.9,221.6,104.8,3262.0,6.9,318.8,2414.9,521.4,975,,KANNUR,
Kerala,Kannur,IMD110-P974,1942,0.0,0.0,23.7,255.7,144.3,1333.9,1136.0,436.6,112.9,218.1,75.5,19.2,3756.0,0.0,423.7,3019.4,312.8,975,,KANNUR,
Kerala,Kannur,IMD110-P974,1943,32.7,20.4,0.0,49.7,527.5,967.6,1104.3,268.9,278.0,343.0,196.1,0.0,3788.2,53.0,577.2,2618.8,539.1,975,,KANNUR,
Kerala,Kannur,IMD110-P974,1944,0.0,10.9,10.2,6.3,193.6,716.0,910.6,396.6,71.0,205.3,100.9,67.7,2689.1,10.9,210.1,2094.2,373.9,975,,KANNUR,
Kerala,Kannur,IMD110-P974,1945,0.0,1.9,0.0,33.3,32.0,834.4,945.3,278.0,184.9,123.3,131.2,0.0,2564.3,1.9,65.2,2242.7,254.5,975,,KANNUR,
Kerala,Kannur,IMD110-P974,1946,0.0,0.0,52.9,124.4,68.2,1234.3,1177.7,751.6,216.7,241.3,211.5,115.7,4194.3,0.0,245.5,3380.4,568.4,975,,KANNUR,
Kerala,Kannur,IMD110-P974,1947,11.3,11.1,15.8,172.1,102.3,625.6,1105.8,701.8,483.8,173.8,6.5,15.3,3424.9,22.3,290.0,2917.1,195.5,975,,KANNUR,
Kerala,Kannur,IMD110-P974,1948,48.5,0.0,2.8,144.6,216.4,1113.6,1005.9,539.8,247.3,110.3,194.9,5.4,3629.4,48.5,363.7,2906.5,310.6,975,,KANNUR,
Kerala,Kannur,IMD110-P974,1949,0.0,0.0,0.0,28.7,408.4,696.2,1361.1,744.2,428.3,234.7,26.8,0.0,3928.5,0.0,437.1,3229.9,261.6,975,,KANNUR,
Kerala,Kannur,IMD110-P974,1950,0.0,0.0,0.0,10.3,225.6,953.9,1597.4,465.3,478.5,184.8,117.6,1.7,4035.2,0.0,235.9,3495.2,304.1,975,,KANNUR,
Kerala,Kannur,IMD110-P974,1951,0.0,0.0,0.0,171.5,76.9,872.8,938.7,282.4,251.6,159.8,115.7,18.1,2887.6,0.0,248.4,2345.5,293.7,975,,KANNUR,
Kerala,Kannur,IMD110-P974,1952,0.4,18.2,0.0,89.2,99.9,913.0,690.3,523.2,35.2,356.9,0.0,63.3,2789.7,18.6,189.1,2161.8,420.2,975,,KANNUR,
Kerala,Kannur,IMD110-P974,1953,0.0,15.2,0.1,26.1,59.7,419.9,1632.4,418.8,65.8,448.4,8.7,0.0,3095.3,15.2,85.9,2537.0,457.2,975,,KANNUR,
Kerala,Kannur,IMD110-P974,1954,4.3,0.0,49.6,102.5,141.6,1346.0,1163.1,659.7,317.0,176.6,8.3,11.5,3980.2,4.3,293.7,3485.9,196.3,975,,KANNUR,
Kerala,Kannur,IMD110-P974,1955,1.1,0.0,2.6,67.5,682.5,951.8,707.6,379.2,488.6,399.6,80.0,0.4,3761.0,1.1,752.6,2527.2,480.1,975,,KANNUR,
Kerala,Kannur,IMD110-P974,1956,0.0,0.0,2.2,106.5,621.8,1084.6,807.8,366.6,213.0,293.7,113.8,0.0,3609.9,0.0,730.4,2471.9,407.5,975,,KANNUR,
Kerala,Kannur,IMD110-P974,1957,0.0,0.0,0.0,0.0,233.0,1196.6,1363.5,598.0,50.3,196.9,127.2,43.1,3808.6,0.0,233.0,3208.4,367.2,975,,KANNUR,
Kerala,Kannur,IMD110-P974,1958,0.6,0.0,6.3,61.8,277.8,1281.0,984.6,621.5,112.8,91.9,177.5,0.0,3615.9,0.6,346.0,2999.9,269.4,975,,KANNUR,
Kerala,Kannur,IMD110-P974,1959,0.0,0.0,0.0,73.4,351.1,927.9,1626.4,654.6,431.1,88.7,104.1,21.5,4278.8,0.0,424.5,3640.0,214.3,975,,KANNUR,
Kerala,Kannur,IMD110-P974,1960,0.0,0.0,12.9,130.3,559.9,773.3,919.6,410.3,244.2,130.2,321.7,2.4,3504.7,0.0,703.0,2347.4,454.3,975,,KANNUR,
Kerala,Kannur,IMD110-P974,1961,0.4,1.5,0.1,34.3,552.6,1158.3,1564.6,1137.5,662.9,360.0,93.3,13.0,5578.4,1.9,587.0,4523.2,466.3,975,,KANNUR,
Kerala,Kannur,IMD110-P974,1962,4.9,29.1,0.0,19.8,540.0,349.7,1199.8,777.0,290.9,399.2,6.0,36.7,3653.3,34.1,559.8,2617.4,442.0,975,,KANNUR,
Kerala,Kannur,IMD110-P974,1963,35.5,0.7,15.1,82.4,142.8,630.1,1114.1,739.5,151.4,253.6,19.5,21.8,3206.5,36.2,240.3,2635.0,294.9,975,,KANNUR,
Kerala,Kannur,IMD110-P974,1964,0.0,0.0,2.0,50.3,57.1,477.8,830.9,675.7,280.0,102.0,92.8,29.8,2598.6,0.0,109.5,2264.4,224.7,975,,KANNUR,
Kerala,Kannur,IMD110-P974,1965,0.0,0.0,0.0,13.4,113.8,929.9,766.2,408.7,200.9,123.6,44.0,124.7,2725.3,0.0,127.2,2305.7,292.3,975,,KANNUR,
Kerala,Kannur,IMD110-P974,1966,0.0,0.0,2.7,15.1,184.0,602.3,691.8,319.0,229.6,396.5,187.4,12.4,2640.6,0.0,201.8,1842.7,596.2,975,,KANNUR,
Kerala,Kannur,IMD110-P974,1967,0.0,0.0,0.0,51.3,163.6,682.1,1186.3,743.8,122.1,39.5,67.5,2.1,3058.3,0.0,214.9,2734.2,109.1,975,,KANNUR,
Kerala,Kannur,IMD110-P974,1968,0.0,0.1,35.3,195.0,104.6,958.4,2266.1,480.0,277.5,109.7,44.3,0.1,4471.1,0.1,334.8,3982.1,154.0,976,,KANNUR,
Kerala,Kannur,IMD110-P974,1969,0.0,2.2,1.1,93.9,312.1,532.5,776.4,260.6,265.7,151.7,171.4,100.6,2668.2,2.2,407.0,1835.3,423.7,976,,KANNUR,
Kerala,Kannur,IMD110-P974,1970,2.1,0.0,0.0,53.8,333.2,606.6,746.7,745.5,149.7,144.8,13.8,0.0,2796.1,2.1,386.9,2248.5,158.6,976,,KANNUR,
Kerala,Kannur,IMD110-P974,1971,0.0,0.0,8.4,59.2,336.9,1080.4,941.1,456.2,211.8,127.7,5.3,25.4,3252.3,0.0,404.5,2689.4,158.4,976,,KANNUR,
Kerala,Kannur,IMD110-P974,1972,0.0,0.0,0.0,45.6,388.2,737.2,929.5,325.3,44.2,332.9,66.5,39.3,2908.7,0.0,433.8,2036.2,438.7,976,,KANNUR,
Kerala,Kannur,IMD110-P974,1973,0.0,0.0,0.0,,,858.3,760.4,725.6,28.3,221.6,40.0,54.5,,0.0,,2372.6,316.2,976,missing_months,KANNUR,
Kerala,Kannur,IMD110-P974,1974,0.0,0.0,1.0,33.5,205.6,278.1,1416.0,570.7,445.0,120.4,34.4,0.0,3104.6,0.0,240.0,2709.8,154.8,976,,KANNUR,
Kerala,Kannur,IMD110-P974,1975,0.0,0.4,58.9,54.6,128.1,1238.0,786.6,763.8,557.4,293.9,106.9,0.0,3988.7,0.4,241.7,3345.8,400.8,976,,KANNUR,
Kerala,Kannur,IMD110-P974,1976,0.0,0.0,0.0,45.9,70.3,371.5,1015.2,399.4,112.7,76.9,225.5,10.0,2327.5,0.0,116.2,1898.8,312.4,976,,KANNUR,
Kerala,Kannur,IMD110-P974,1977,0.0,5.8,7.8,22.0,286.4,873.9,1228.6,283.4,148.9,216.9,372.1,0.0,3445.9,5.8,316.3,2534.8,589.0,976,,KANNUR,
Kerala,Kannur,IMD110-P974,1978,0.0,0.0,0.0,1.7,428.8,1476.7,1016.3,588.5,85.3,41.9,114.7,44.3,3798.3,0.0,430.5,3166.9,200.9,976,,KANNUR,
Kerala,Kannur,IMD110-P974,1979,0.0,0.0,0.0,0.0,60.5,472.9,1232.7,596.0,128.0,110.8,123.2,4.1,2728.2,0.0,60.5,2429.7,238.1,976,,KANNUR,
Kerala,Kannur,IMD110-P974,1980,,0.0,6.0,127.6,92.1,1297.3,865.6,757.0,182.1,157.2,74.9,4.5,,,225.7,3102.0,236.7,976,missing_months,KANNUR,
Kerala,Kannur,IMD110-P974,1981,0.2,0.0,4.6,1.5,244.2,1300.9,776.0,611.4,346.6,266.8,129.3,50.3,3731.8,0.2,250.3,3035.0,446.5,976,,KANNUR,
Kerala,Kannur,IMD110-P974,1982,0.0,0.0,0.0,0.0,95.2,769.7,613.2,848.2,45.2,56.1,151.5,1.0,2580.1,0.0,95.2,2276.3,208.6,976,,KANNUR,
Kerala,Kannur,IMD110-P974,1983,0.0,0.0,0.0,0.0,76.7,427.1,948.4,913.1,780.4,136.1,51.5,58.8,3392.1,0.0,76.7,3069.0,246.5,976,,KANNUR,
Kerala,Kannur,IMD110-P974,1984,62.8,1.2,198.9,104.4,171.4,1403.7,714.3,454.1,87.2,319.9,6.7,5.1,3529.6,64.0,474.8,2659.3,331.6,976,,KANNUR,
Kerala,Kannur,IMD110-P974,1985,4.3,0.0,7.5,39.9,341.8,1275.2,715.1,607.2,126.6,324.9,91.1,11.9,3545.4,4.3,389.1,2724.0,427.9,976,,KANNUR,
Kerala,Kannur,IMD110-P974,1986,26.3,0.5,0.0,10.7,96.3,1256.7,518.6,364.1,261.0,39.9,187.3,15.4,2776.7,26.7,107.0,2400.4,242.6,976,,KANNUR,
Kerala,Kannur,IMD110-P974,1987,0.0,0.0,0.0,38.3,37.3,736.0,302.0,410.5,148.9,178.4,194.1,94.3,2139.9,0.0,75.6,1597.5,466.8,976,,KANNUR,
Kerala,Kannur,IMD110-P974,1988,0.0,1.0,0.0,76.3,198.6,1099.5,978.7,495.8,363.4,66.5,42.4,15.3,3337.3,1.0,274.9,2937.3,124.2,976,,KANNUR,
Kerala,Kannur,IMD110-P974,1989,0.0,0.0,9.8,225.8,113.3,1047.9,632.1,424.6,186.9,200.0,118.4,0.0,2958.8,0.0,348.9,2291.5,318.4,976,,KANNUR,
Kerala,Kannur,IMD110-P974,1990,0.0,0.0,0.3,2.8,671.5,652.8,871.8,536.5,147.3,287.2,59.5,0.0,3229.7,0.0,674.6,2208.4,346.7,976,,KANNUR,
Kerala,Kannur,IMD110-P974,1991,0.0,0.0,6.3,31.1,189.1,1035.6,1324.7,601.8,59.2,264.4,70.9,0.0,3583.0,0.0,226.5,3021.3,335.2,976,,KANNUR,
Kerala,Kannur,IMD110-P974,1992,0.0,0.0,0.0,13.1,155.5,1118.0,887.1,842.3,293.6,175.3,300.1,0.0,3785.1,0.0,168.6,3141.0,475.4,976,,KANNUR,
Kerala,Kannur,IMD110-P974,1993,0.0,0.0,0.2,0.3,109.5,862.2,1046.6,401.4,76.0,350.0,49.1,127.7,3022.9,0.0,110.1,2386.1,526.7,976,,KANNUR,
Kerala,Kannur,IMD110-P974,1994,0.0,0.0,5.0,171.3,54.5,1367.0,1418.2,611.7,185.4,369.2,39.9,0.0,4222.2,0.0,230.8,3582.3,409.1,976,,KANNUR,
Kerala,Kannur,IMD110-P974,1995,1.3,0.0,0.0,30.5,253.9,625.3,895.2,451.3,146.1,150.5,125.3,0.0,2679.4,1.3,284.4,2117.9,275.8,976,,KANNUR,
Kerala,Kannur,IMD110-P974,1996,0.0,0.0,0.2,41.6,65.5,974.5,950.9,502.3,269.2,261.4,68.0,46.2,3179.6,0.0,107.2,2696.9,375.5,976,,KANNUR,
Kerala,Kannur,IMD110-P974,1997,0.0,0.0,32.8,9.9,45.5,922.9,1571.1,799.8,156.3,193.3,259.6,68.9,4060.0,0.0,88.2,3450.0,521.8,976,,KANNUR,
Kerala,Kannur,IMD110-P974,1998,0.0,0.0,0.0,3.1,156.2,1028.8,963.2,277.9,479.9,417.8,95.6,60.3,3482.8,0.0,159.3,2749.8,573.7,976,,KANNUR,
Kerala,Kannur,IMD110-P974,1999,0.0,0.0,0.0,11.6,406.3,752.0,972.2,414.8,65.8,348.9,38.2,0.0,3009.8,0.0,417.9,2204.8,387.1,976,,KANNUR,
Kerala,Kannur,IMD110-P974,2000,37.6,1.3,6.0,86.4,207.1,822.3,542.8,605.1,126.9,386.6,23.7,119.8,2965.7,38.9,299.5,2097.1,530.1,976,,KANNUR,
Kerala,Kannur,IMD110-P974,2001,0.0,2.3,0.0,166.8,273.1,874.5,745.6,610.0,50.6,297.8,111.2,11.4,3143.2,2.3,439.9,2280.6,420.4,976,,KANNUR,
Kerala,Kannur,IMD110-P974,2002,0.0,2.2,0.0,43.7,322.4,830.0,279.4,704.9,165.0,746.0,108.1,0.0,3201.6,2.2,366.1,1979.3,854.0,977,,KANNUR,
Kerala,Kannur,IMD110-P974,2003,0.0,2.5,1.8,112.3,40.0,1168.0,857.5,444.0,108.2,207.5,31.6,0.0,2973.5,2.5,154.0,2577.8,239.2,977,,KANNUR,
Kerala,Kannur,IMD110-P974,2004,0.0,0.0,21.0,48.7,772.3,1033.4,463.3,565.7,58.1,260.4,63.2,0.0,3286.1,0.0,842.0,2120.5,323.6,977,,KANNUR,
Kerala,Kannur,IMD110-P974,2005,8.1,0.0,0.0,66.7,20.4,690.7,801.9,262.3,283.1,152.1,151.2,9.8,2446.1,8.1,87.0,2037.9,313.0,977,,KANNUR,
Kerala,Kannur,IMD110-P974,2006,0.0,0.0,17.0,5.7,597.3,714.7,1108.4,558.6,567.7,320.0,97.4,2.3,3989.0,0.0,620.0,2949.4,419.7,977,,KANNUR,
Kerala,Kannur,IMD110-P974,2007,0.1,0.2,0.0,43.3,213.6,919.1,1116.1,779.4,595.4,309.7,69.2,0.1,4046.3,0.3,257.0,3410.0,379.0,977,,KANNUR,
Kerala,Kannur,IMD110-P974,2008,0.0,0.4,250.3,23.6,56.5,725.8,483.6,494.7,397.3,398.0,3.3,12.6,2846.3,0.4,330.4,2101.5,413.9,977,,KANNUR,
Kerala,Kannur,IMD110-P974,2009,0.0,0.0,9.3,97.3,169.7,625.2,1456.5,299.7,320.5,196.0,306.9,48.8,3529.9,0.0,276.3,2701.9,551.6,977,,KANNUR,
Kerala,Kannur,IMD110-P974,2010,19.2,0.0,9.4,65.3,136.8,843.7,959.4,511.1,269.6,345.8,337.8,2.3,3500.4,19.2,211.5,2583.8,685.9,977,,KANNUR,
Kerala,Kasargod,IMD110-P978,1901,6.9,3.5,45.0,79.1,140.2,1216.3,630.9,466.6,184.9,165.9,201.7,25.1,3166.3,10.4,264.4,2498.7,392.8,978,,KASARGOD,
Kerala,Kasargod,IMD110-P978,1902,0.0,0.0,1.0,24.1,155.0,797.0,1834.4,547.6,687.9,127.7,120.7,57.7,4353.1,0.0,180.1,3866.9,306.0,978,,KASARGOD,
Kerala,Kasargod,IMD110-P978,1903,2.2,0.0,0.5,0.8,252.3,645.0,1352.0,615.9,318.0,168.0,31.5,10.9,3397.1,2.2,253.6,2930.9,210.4,978,,KASARGOD,
Kerala,Kasargod,IMD110-P978,1904,1.5,0.0,0.0,10.5,158.3,1025.2,996.8,311.5,186.0,122.9,14.8,0.0,2827.4,1.5,168.8,2519.5,137.6,978,,KASARGOD,
Kerala,Kasargod,IMD110-P978,1905,0.0,0.0,0.0,0.8,142.6,1204.8,806.2,545.6,164.8,291.0,18.5,0.0,3174.2,0.0,143.4,2721.3,309.5,978,,KASARGOD,
Kerala,Kasargod,IMD110-P978,1906,37.0,0.0,0.0,0.0,87.0,662.7,1244.8,697.7,185.4,157.7,37.3,61.4,3171.1,37.0,87.0,2790.6,256.5,978,,KASARGOD,
Kerala,Kasargod,IMD110-P978,1907,0.0,0.0,17.8,99.8,20.4,961.0,1016.0,994.8,161.0,164.4,104.2,27.5,3566.9,0.0,137.9,3132.9,296.1,978,,KASARGOD,
Kerala,Kasargod,IMD110-P978,1908,0.0,3.1,0.0,80.7,126.4,889.0,1652.5,718.1,133.2,52.5,0.0,0.3,3655.6,3.1,207.1,3392.8,52.8,978,,KASARGOD,
Kerala,Kasargod,IMD110-P978,1909,5.5,0.0,0.0,9.7,578.3,980.4,1333.5,338.9,191.8,67.5,31.6,14.4,3551.5,5.5,588.0,2844.6,113.4,978,,KASARGOD,
Kerala,Kasargod,IMD110-P978,1910,0.0,0.0,0.0,4.8,86.0,1211.6,535.8,713.6,271.4,108.3,147.1,0.0,3078.5,0.0,90.8,2732.3,255.4,978,,KASARGOD,
Kerala,Kasargod,IMD110-P978,1911,0.0,0.0,0.0,0.0,112.9,1015.5,750.7,394.1,61.6,203.3,104.2,39.7,2682.0,0.0,112.9,2221.9,347.1,978,,KASARGOD,
Kerala,Kasargod,IMD110-P978,1912,0.0,0.0,0.0,14.3,130.4,1179.6,1220.1,1200.0,182.0,485.6,41.0,0.0,4453.0,0.0,144.7,3781.7,526.6,978,,KASARGOD,
Kerala,Kasargod,IMD110-P978,1913,0.0,0.0,0.0,13.8,141.6,937.6,768.8,345.6,214.1,262.0,0.0,23.5,2707.1,0.0,155.3,2266.2,285.5,978,,KASARGOD,
Kerala,Kasargod,IMD110-P978,1914,0.0,0.0,0.0,0.0,97.9,762.8,1292.9,708.8,290.5,161.6,73.1,98.2,3485.6,0.0,97.9,3054.8,332.9,978,,KASARGOD,
Kerala,Kasargod,IMD110-P978,1915,0.0,5.1,2.9,25.4,82.7,706.3,965.7,262.0,329.7,170.1,126.6,0.0,2676.3,5.1,110.9,2263.6,296.7,978,,KASARGOD,
Kerala,Kasargod,IMD110-P978,1916,0.0,0.0,0.0,11.4,98.3,1326.3,559.2,396.5,433.6,279.3,97.7,1.5,3203.8,0.0,109.7,2715.6,378.5,978,,KASARGOD,
Kerala,Kasargod,IMD110-P978,1917,0.0,49.9,1.3,1.3,103.1,1430.2,737.5,542.2,336.4,269.1,89.1,0.0,3559.9,49.9,105.6,3046.1,358.3,978,,KASARGOD,
Kerala,Kasargod,IMD110-P978,1918,0.0,33.4,0.3,12.2,766.6,787.6,282.4,379.5,75.7,85.3,160.0,35.4,2618.4,33.4,779.0,1525.2,280.8,978,,KASARGOD,
Kerala,Kasargod,IMD110-P978,1919,0.0,0.0,0.0,5.4,175.9,883.3,1221.5,635.3,216.2,133.1,258.5,21.3,3550.4,0.0,181.3,2956.3,412.8,978,,KASARGOD,
Kerala,Kasargod,IMD110-P978,1920,3.4,0.0,0.0,35.1,38.7,1602.8,984.7,554.9,239.1,85.4,104.3,0.0,3648.3,3.4,73.8,3381.4,189.6,978,,KASARGOD,
Kerala,Kasargod,IMD110-P978,1921,8.5,0.0,0.0,54.0,137.1,1008.8,732.2,1259.1,342.5,182.9,126.9,0.0,3852.1,8.5,191.1,3342.6,309.9,978,,KASARGOD,
Kerala,Kasargod,IMD110-P978,1922,35.6,0.0,0.2,73.8,229.8,1008.9,1378.1,445.1,302.6,204.8,82.1,2.8,3763.6,35.6,303.6,3134.8,289.6,978,,KASARGOD,
Kerala,Kasargod,IMD110-P978,1923,2.5,0.0,22.8,8.6,51.4,957.5,1105.8,1058.7,221.6,28.3,8.9,8.3,3474.3,2.5,82.8,3343.4,45.4,978,,KASARGOD,
Kerala,Kasargod,IMD110-P978,1924,0.0,0.0,67.7,57.9,90.1,1100.4,1290.0,868.3,258.3,26.5,59.1,0.0,3818.3,0.0,215.8,3517.0,85.6,978,,KASARGOD,
Kerala,Kasargod,IMD110-P978,1925,0.0,0.0,54.9,45.5,359.0,1109.6,1071.4,802.0,72.5,342.5,130.9,48.6,4036.9,0.0,459.4,3055.5,522.0,978,,KASARGOD,
Kerala,Kasargod,IMD110-P978,1926,0.5,21.4,0.0,6.7,2.2,840.3,1025.5,642.8,222.6,177.8,21.6,0.0,2961.3,21.9,8.9,2731.2,199.4,978,,KASARGOD,
Kerala,Kasargod,IMD110-P978,1927,0.0,0.0,4.6,62.3,243.4,942.3,1423.1,497.1,346.8,129.1,223.2,0.0,3871.8,0.0,310.3,3209.2,352.3,978,,KASARGOD,
Kerala,Kasargod,IMD110-P978,1928,28.5,36.4,119.5,9.1,34.3,871.9,658.2,788.8,106.3,373.7,70.4,33.2,3130.2,64.9,162.9,2425.2,477.3,978,,KASARGOD,
Kerala,Kasargod,IMD110-P978,1929,4.4,0.0,21.1,178.8,203.2,1407.6,1036.3,448.0,324.0,508.0,182.7,5.3,4319.4,4.4,403.0,3215.9,696.0,978,,KASARGOD,
Kerala,Kasargod,IMD110-P978,1930,38.8,0.0,0.2,38.4,390.9,942.2,829.2,331.6,296.1,367.4,37.5,57.8,3329.9,38.8,429.4,2399.1,462.7,978,,KASARGOD,
Kerala,Kasargod,IMD110-P978,1931,1.3,0.0,0.0,161.2,220.9,741.1,1079.9,1139.1,160.5,143.9,63.2,28.2,3739.1,1.3,382.1,3120.5,235.3,978,,KASARGOD,
Kerala,Kasargod,IMD110-P978,1932,0.0,0.0,0.0,44.9,872.3,682.2,890.0,305.0,382.5,639.5,144.4,7.0,3967.8,0.0,917.2,2259.6,790.9,978,,KASARGOD,
Kerala,Kasargod,IMD110-P978,1933,0.0,0.0,2.5,87.2,565.3,1229.6,1431.3,483.1,296.9,263.9,13.5,189.9,4563.1,0.0,655.1,3440.8,467.3,978,,KASARGOD,
Kerala,Kasargod,IMD110-P978,1934,8.9,0.0,10.6,5.3,29.3,1222.3,752.1,622.1,159.5,221.1,78.6,14.0,3123.8,8.9,45.2,2756.0,313.7,979,,KASARGOD,
Kerala,Kasargod,IMD110-P978,1935,6.1,0.8,2.4,52.8,52.3,1110.1,1226.8,423.5,302.5,380.6,69.1,2.7,3629.5,6.8,107.4,3062.9,452.3,979,,KASARGOD,
Kerala,Kasargod,IMD110-P978,1936,0.0,2.8,79.1,14.7,299.7,1014.7,1264.3,671.1,147.6,195.9,112.9,1.8,3804.5,2.8,393.5,3097.6,310.6,979,,KASARGOD,
Kerala,Kasargod,IMD110-P978,1937,0.0,6.8,0.0,167.4,97.4,883.7,1969.0,418.0,273.3,339.0,27.3,0.0,4182.0,6.8,264.9,3544.0,366.3,979,,KASARGOD,
Kerala,Kasargod,IMD110-P978,1938,0.0,0.0,16.5,128.3,403.7,1105.2,1171.6,291.4,460.6,207.5,64.6,0.5,3849.8,0.0,548.5,3028.8,272.5,979,,KASARGOD,
Kerala,Kasargod,IMD110-P978,1939,0.0,0.0,0.0,87.5,4.9,908.8,850.5,728.2,137.2,237.5,127.7,0.0,3082.2,0.0,92.4,2624.6,365.2,979,,KASARGOD,
Kerala,Kasargod,IMD110-P978,1940,0.0,0.0,0.0,16.8,122.2,919.6,1250.3,1090.2,87.5,162.5,272.1,26.3,3947.4,0.0,138.9,3347.6,460.9,979,,KASARGOD,
Kerala,Kasargod,IMD110-P978,1941,0.0,0.0,0.0,82.9,130.6,1332.1,408.8,383.8,172.0,230.4,197.4,164.9,3102.8,0.0,213.6,2296.6,592.6,979,,KASARGOD,
Kerala,Kasargod,IMD110-P978,1942,0.0,0.0,0.0,304.5,142.1,1054.7,1224.3,477.2,219.3,50.4,74.1,21.5,3568.0,0.0,446.6,2975.5,146.0,979,,KASARGOD,
Kerala,Kasargod,IMD110-P978,1943,57.6,31.8,0.0,15.3,765.7,1071.3,1127.9,306.8,331.1,295.9,238.4,0.0,4241.8,89.3,780.9,2837.2,534.3,979,,KASARGOD,
Kerala,Kasargod,IMD110-P978,1944,0.0,1.8,2.5,34.5,209.4,774.9,993.0,391.5,30.0,192.4,138.0,21.5,2789.5,1.8,246.4,2189.4,352.0,979,,KASARGOD,
Kerala,Kasargod,IMD110-P978,1945,0.0,0.0,0.0,32.5,84.3,997.9,930.3,530.1,232.7,93.8,108.4,0.0,3010.0,0.0,116.8,2691.1,202.1,979,,KASARGOD,
Kerala,Kasargod,IMD110-P978,1946,0.0,0.0,0.0,0.0,9.0,1154.4,1021.6,902.9,242.6,127.6,176.5,110.6,3745.1,0.0,9.0,3321.5,414.6,979,,KASARGOD,
Kerala,Kasargod,IMD110-P978,1947,2.0,6.6,37.3,121.3,30.7,822.8,944.2,825.6,506.8,42.9,10.8,118.4,3469.3,8.6,189.3,3099.4,172.1,979,,KASARGOD,
Kerala,Kasargod,IMD110-P978,1948,20.6,0.0,4.3,46.1,161.4,1037.1,912.8,724.2,178.9,116.3,99.6,5.4,3306.7,20.6,211.9,2853.0,221.2,979,,KASARGOD,
Kerala,Kasargod,IMD110-P978,1949,0.0,0.0,0.0,26.6,612.3,1019.8,1211.2,561.8,405.2,155.5,23.6,0.0,4015.8,0.0,638.8,3197.9,179.1,979,,KASARGOD,
Kerala,Kasargod,IMD110-P978,1950,0.0,0.0,0.0,2.7,264.5,943.3,1497.1,344.0,562.9,139.7,110.3,0.0,3864.4,0.0,267.2,3347.2,250.0,979,,KASARGOD,
Kerala,Kasargod,IMD110-P978,1951,0.0,0.0,0.0,75.8,119.5,1065.1,825.2,329.3,213.7,167.6,89.6,0.0,2885.8,0.0,195.4,2433.3,257.2,979,,KASARGOD,
Kerala,Kasargod,IMD110-P978,1952,0.0,2.8,0.0,47.1,221.0,1189.2,831.0,482.5,29.8,626.6,0.0,22.9,3452.9,2.8,268.1,2532.5,649.5,979,,KASARGOD,
Kerala,Kasargod,IMD110-P978,1953,0.6,0.0,0.0,80.7,10.9,410.8,1448.6,390.1,79.3,414.8,3.0,0.0,2838.9,0.6,91.5,2328.8,417.8,979,,KASARGOD,
Kerala,Kasargod,IMD110-P978,1954,3.0,0.0,23.1,145.6,79.4,1566.2,1221.8,630.5,285.8,145.8,0.0,17.1,4118.1,3.0,248.0,3704.2,162.9,979,,KASARGOD,
Kerala,Kasargod,IMD110-P978,1955,0.0,0.0,0.0,59.5,571.0,1038.5,991.3,509.3,581.4,289.0,39.8,0.0,4079.9,0.0,630.4,3120.6,328.9,979,,KASARGOD,
Kerala,Kasargod,IMD110-P978,1956,0.0,0.0,22.8,94.0,630.6,1201.4,812.8,384.3,198.6,329.3,38.6,0.0,3712.4,0.0,747.4,2597.1,367.9,979,,KASARGOD,
Kerala,Kasargod,IMD110-P978,1957,0.0,0.0,0.0,0.0,295.9,1012.7,1333.1,598.4,65.3,162.8,115.7,0.3,3584.0,0.0,295.9,3009.4,278.6,979,,KASARGOD,
Kerala,Kasargod,IMD110-P978,1958,1.0,0.0,0.6,6.2,180.8,1271.3,855.3,618.1,110.5,113.1,127.3,0.0,3284.3,1.0,187.7,2855.3,240.4,979,,KASARGOD,
Kerala,Kasargod,IMD110-P978,1959,0.0,0.0,0.0,88.4,320.4,1141.7,1933.0,571.9,558.3,104.2,76.1,16.6,4810.4,0.0,408.8,4204.8,196.9,979,,KASARGOD,
Kerala,Kasargod,IMD110-P978,1960,2.0,0.0,4.9,89.7,522.9,825.5,1101.9,516.4,449.8,91.3,240.9,0.4,3845.8,2.0,617.5,2893.6,332.6,979,,KASARGOD,
Kerala,Kasargod,IMD110-P978,1961,0.6,0.0,0.0,58.8,678.3,1147.7,1740.1,1061.6,907.1,436.4,50.2,2.8,6083.5,0.6,737.0,4856.5,489.4,979,,KASARGOD,
Kerala,Kasargod,IMD110-P978,1962,17.8,5.2,0.0,26.2,672.4,357.5,1082.7,1075.3,373.3,472.4,11.5,36.0,4130.4,23.0,698.6,2888.9,520.0,979,,KASARGOD,
Kerala,Kasargod,IMD110-P978,1963,1.4,0.6,37.3,19.9,196.1,681.9,985.7,946.3,244.0,409.4,65.3,9.7,3597.4,2.0,253.2,2857.8,484.5,979,,KASARGOD,
Kerala,Kasargod,IMD110-P978,1964,0.0,52.1,0.0,88.9,13.3,821.1,779.2,627.0,373.6,42.9,173.1,33.1,3004.3,52.1,102.2,2600.9,249.1,979,,KASARGOD,
Kerala,Kasargod,IMD110-P978,1965,0.0,0.0,0.0,38.0,146.4,1333.4,798.1,649.8,207.0,46.0,153.8,106.6,3479.1,0.0,184.4,2988.3,306.4,979,,KASARGOD,
Kerala,Kasargod,IMD110-P978,1966,0.0,0.0,0.0,155.0,103.0,1026.0,1133.0,506.0,264.0,212.0,201.0,1.0,3601.0,0.0,258.0,2929.0,414.0,979,,KASARGOD,
Kerala,Kasargod,IMD110-P978,1967,3.0,0.0,0.0,16.0,256.0,970.0,1471.0,759.0,223.0,176.0,54.0,4.5,3932.5,3.0,272.0,3423.0,234.5,979,,KASARGOD,
Kerala,Kasargod,IMD110-P978,1968,0.0,0.0,4.9,39.6,12.5,1179.7,1957.8,326.0,466.4,80.4,56.9,0.0,4124.3,0.0,57.0,3929.9,137.3,980,,KASARGOD,
Kerala,Kasargod,IMD110-P978,1969,0.0,0.0,0.0,65.1,121.5,826.1,926.8,381.7,371.4,96.3,111.2,32.8,2932.9,0.0,186.6,2505.9,240.3,980,,KASARGOD,
Kerala,Kasargod,IMD110-P978,1970,5.5,0.0,,24.5,376.0,899.9,1270.3,1160.6,361.3,238.7,16.5,0.0,,5.5,,3692.2,255.2,980,missing_months,KASARGOD,
Kerala,Kasargod,IMD110-P978,1971,0.0,0.0,0.0,14.4,461.3,1163.4,888.5,563.4,236.7,362.5,3.3,13.9,3707.3,0.0,475.7,2852.0,379.7,980,,KASARGOD,
Kerala,Kasargod,IMD110-P978,1972,0.0,0.0,0.0,17.5,364.2,973.4,1018.9,461.4,196.6,314.2,71.3,61.2,3478.8,0.0,381.7,2650.3,446.8,980,,KASARGOD,
Kerala,Kasargod,IMD110-P978,1973,0.0,0.0,0.0,,,797.9,981.9,941.6,95.0,107.3,41.8,25.9,,0.0,,2816.4,175.0,980,missing_months,KASARGOD,
Kerala,Kasargod,IMD110-P978,1974,0.0,0.0,12.4,27.2,318.9,501.1,1619.3,614.6,387.2,159.9,1.0,0.0,3641.6,0.0,358.5,3122.3,160.9,980,,KASARGOD,
Kerala,Kasargod,IMD110-P978,1975,0.0,0.0,32.6,43.5,140.3,1426.9,1055.1,957.6,553.5,244.8,75.2,0.0,4529.4,0.0,216.4,3993.1,320.0,980,,KASARGOD,
Kerala,Kasargod,IMD110-P978,1976,0.0,0.0,16.9,9.4,68.8,533.6,1233.3,453.9,200.6,75.8,169.1,21.8,2783.2,0.0,95.2,2421.4,266.6,980,,KASARGOD,
Kerala,Kasargod,IMD110-P978,1977,0.0,0.0,13.7,48.0,132.3,982.0,1658.4,326.2,194.6,391.7,249.8,2.8,3999.6,0.0,194.0,3161.3,644.4,980,,KASARGOD,
Kerala,Kasargod,IMD110-P978,1978,0.0,0.0,0.0,21.5,656.8,1438.8,1236.7,813.6,203.8,67.9,139.9,42.3,4621.2,0.0,678.3,3692.8,250.0,980,,KASARGOD,
Kerala,Kasargod,IMD110-P978,1979,5.2,0.0,0.6,8.3,29.8,925.2,1403.3,589.1,265.0,64.2,132.6,18.0,3441.2,5.2,38.7,3182.6,214.7,980,,KASARGOD,
Kerala,Kasargod,IMD110-P978,1980,,0.0,0.0,88.5,69.0,776.6,791.8,798.8,217.1,160.7,107.5,0.3,,,157.5,2584.4,268.5,980,missing_months,KASARGOD,
Kerala,Kasargod,IMD110-P978,1981,14.5,0.0,3.0,18.2,125.6,1196.1,777.9,825.3,241.6,218.2,115.5,,,14.5,146.8,3040.9,,980,missing_months,KASARGOD,
Kerala,Kasargod,IMD110-P978,1982,0.0,0.0,0.0,,100.0,904.2,1034.1,1332.3,81.2,117.3,33.7,,,0.0,,3351.7,,980,missing_months,KASARGOD,
Kerala,Kasargod,IMD110-P978,1983,,0.0,0.0,0.0,7.6,390.7,1041.4,1010.0,721.8,108.4,41.8,87.4,,,7.6,3163.9,237.6,980,missing_months,KASARGOD,
Kerala,Kasargod,IMD110-P978,1984,9.0,4.5,194.6,95.7,114.7,1274.1,709.7,411.9,127.1,341.8,63.5,0.0,3346.6,13.5,405.0,2522.8,405.3,980,,KASARGOD,
Kerala,Kasargod,IMD110-P978,1985,0.0,0.0,0.0,15.0,299.2,942.1,610.1,764.4,52.0,374.5,26.5,8.6,3092.3,0.0,314.2,2368.6,409.6,980,,KASARGOD,
Kerala,Kasargod,IMD110-P978,1986,0.0,0.0,0.0,15.9,36.8,1024.5,580.1,490.2,217.4,45.5,172.2,0.0,2582.5,0.0,52.7,2312.1,217.7,980,,KASARGOD,
Kerala,Kasargod,IMD110-P978,1988,,,,84.7,,,,,,,,,,,,,,980,missing_months,KASARGOD,
Kerala,Kasargod,IMD110-P978,1989,,,1.0,203.5,53.0,1301.0,,,,,,,,,257.5,,,980,missing_months,KASARGOD,
Kerala,Kasargod,IMD110-P978,1990,,,,,,874.2,889.7,805.3,170.6,285.5,29.9,0.6,,,,2739.7,316.0,980,missing_months,KASARGOD,
Kerala,Kasargod,IMD110-P978,1991,0.0,0.0,0.0,12.6,103.5,1185.3,1122.6,502.5,92.2,150.9,19.1,0.0,3188.7,0.0,116.1,2902.6,170.1,980,,KASARGOD,
Kerala,Kasargod,IMD110-P978,1992,0.0,0.0,0.0,9.3,100.0,762.1,1256.1,797.4,289.8,125.0,371.1,0.0,3710.8,0.0,109.3,3105.4,496.1,980,,KASARGOD,
Kerala,Kasargod,IMD110-P978,1993,0.0,0.0,72.4,22.0,101.3,967.4,1278.1,409.1,93.5,346.0,107.8,24.5,3422.3,0.0,195.8,2748.1,478.4,980,,KASARGOD,
Kerala,Kasargod,IMD110-P978,1994,0.5,0.0,6.0,78.0,68.8,1462.3,1522.7,807.7,184.1,412.5,58.2,0.0,4600.9,0.5,152.8,3976.8,470.7,980,,KASARGOD,
Kerala,Kasargod,IMD110-P978,1995,0.0,0.0,0.0,56.5,261.1,868.1,1322.4,501.0,211.7,184.9,104.8,0.0,3510.4,0.0,317.6,2903.1,289.7,980,,KASARGOD,
Kerala,Kasargod,IMD110-P978,1996,1.5,1.5,0.0,70.1,33.1,976.0,966.5,484.5,185.4,268.4,31.6,55.4,3074.1,3.0,103.2,2612.6,355.4,980,,KASARGOD,
Kerala,Kasargod,IMD110-P978,1997,0.0,0.0,5.0,4.0,11.0,952.1,1640.1,815.9,135.9,79.5,99.6,56.0,3799.1,0.0,20.0,3544.0,235.1,980,,KASARGOD,
Kerala,Kasargod,IMD110-P978,1998,0.0,0.0,1.5,2.0,176.0,1207.3,875.5,464.6,465.9,319.0,61.5,45.0,3618.3,0.0,179.5,3013.3,425.5,980,,KASARGOD,
Kerala,Kasargod,IMD110-P978,1999,0.0,0.0,0.9,11.1,441.5,842.0,950.0,413.0,145.8,345.6,32.5,1.0,3183.4,0.0,453.5,2350.8,379.1,980,,KASARGOD,
Kerala,Kasargod,IMD110-P978,2000,20.0,0.0,0.0,40.7,378.5,1031.6,701.8,604.3,69.0,343.1,31.4,66.0,3286.3,20.0,419.1,2406.7,440.5,980,,KASARGOD,
Kerala,Kasargod,IMD110-P978,2001,0.0,1.4,0.0,120.7,385.7,1272.0,898.0,657.7,170.4,345.1,72.8,0.0,3923.8,1.4,506.4,2998.1,417.9,980,,KASARGOD,
Kerala,Kasargod,IMD110-P978,2002,0.0,0.0,0.0,29.7,446.8,959.0,416.6,532.0,119.2,686.0,60.6,2.3,3252.3,0.0,476.5,2026.8,748.9,980,,KASARGOD,
Kerala,Kasargod,IMD110-P978,2003,0.0,0.3,,56.6,21.1,1146.6,950.7,494.5,140.6,199.2,38.5,0.0,,0.3,,2732.4,237.7,981,missing_months,KASARGOD,
Kerala,Kasargod,IMD110-P978,2004,0.0,0.0,3.3,48.1,733.9,,527.2,607.0,97.5,224.2,,,,0.0,785.3,,,981,missing_months,KASARGOD,
Kerala,Kasargod,IMD110-P978,2005,0.0,3.4,0.0,50.7,46.3,950.4,633.9,306.5,326.4,133.6,41.9,10.3,2503.4,3.4,97.0,2217.2,185.8,981,,KASARGOD,
Kerala,Kasargod,IMD110-P978,2006,0.0,0.0,0.0,1.0,688.3,,1088.4,839.1,533.5,361.4,111.0,0.0,,0.0,689.3,,472.4,981,missing_months,KASARGOD,
Kerala,Kasargod,IMD110-P978,2007,0.0,0.0,0.0,11.7,199.4,1268.1,735.3,786.9,631.4,169.0,40.0,0.0,3841.9,0.0,211.2,3421.8,209.0,981,,KASARGOD,
Kerala,Kasargod,IMD110-P978,2008,0.0,2.5,305.6,133.4,63.1,1004.7,672.9,528.5,403.7,158.5,49.0,8.9,3330.9,2.5,502.2,2609.7,216.4,981,,KASARGOD,
Kerala,Kasargod,IMD110-P978,2009,0.0,,16.0,14.5,151.9,589.5,1238.2,446.0,330.9,76.7,294.2,9.8,,,182.4,2604.6,380.7,981,missing_months,KASARGOD,
Kerala,Kasargod,IMD110-P978,2010,7.3,0.0,0.1,35.2,78.5,1038.8,1276.2,681.2,357.0,283.5,241.6,17.3,4016.8,7.3,113.8,3353.2,542.5,981,,KASARGOD,
Kerala,Kollam,IMD110-P982,1901,21.3,59.7,52.5,252.5,202.1,635.6,384.1,199.9,160.6,376.2,450.1,39.2,2833.9,81.0,507.1,1380.2,865.6,982,,KOLLAM,
Kerala,Kollam,IMD110-P982,1902,3.7,0.3,68.8,111.1,150.5,212.5,849.2,222.8,665.0,572.2,109.9,62.2,3028.1,4.0,330.4,1949.5,744.3,982,,KOLLAM,
Kerala,Kollam,IMD110-P982,1903,5.7,42.6,0.1,139.2,319.2,429.6,733.4,225.8,398.2,463.2,147.6,75.7,2980.2,48.3,458.5,1787.0,686.4,982,,KOLLAM,
Kerala,Kollam,IMD110-P982,1904,35.0,3.1,35.5,107.4,195.5,1025.5,449.4,242.2,211.4,311.4,71.9,5.7,2694.0,38.2,338.4,1928.5,389.0,982,,KOLLAM,
Kerala,Kollam,IMD110-P982,1905,0.0,15.3,10.3,149.8,307.2,698.4,196.8,167.1,169.7,386.9,114.9,0.9,2217.2,15.3,467.3,1231.9,502.7,982,,KOLLAM,
Kerala,Kollam,IMD110-P982,1906,11.4,14.9,14.6,90.3,143.3,424.0,582.6,366.1,94.3,358.9,295.7,113.2,2509.5,26.3,248.2,1467.1,767.8,982,,KOLLAM,
Kerala,Kollam,IMD110-P982,1907,22.3,7.9,112.5,181.5,122.1,574.6,381.0,358.1,246.3,299.2,205.8,91.2,2602.5,30.2,416.1,1560.0,596.2,982,,KOLLAM,
Kerala,Kollam,IMD110-P982,1908,2.0,35.3,53.6,80.1,147.2,376.2,413.4,150.3,206.5,253.3,111.4,32.9,1862.3,37.3,281.0,1146.5,397.5,982,,KOLLAM,
Kerala,Kollam,IMD110-P982,1909,44.5,28.8,142.8,119.5,376.9,390.3,400.4,203.6,181.0,252.9,242.4,52.9,2435.9,73.3,639.3,1175.2,548.2,982,,KOLLAM,
Kerala,Kollam,IMD110-P982,1910,2.3,30.5,41.4,182.6,117.1,387.2,316.7,332.2,228.9,356.6,350.3,0.0,2345.9,32.8,341.1,1265.0,707.0,982,,KOLLAM,
Kerala,Kollam,IMD110-P982,1911,3.1,8.6,42.9,25.8,131.1,735.0,391.6,85.8,89.8,337.1,152.8,117.7,2121.3,11.8,199.7,1302.2,607.6,982,,KOLLAM,
Kerala,Kollam,IMD110-P982,1912,0.4,31.7,21.7,244.7,292.0,745.0,395.6,312.4,96.0,669.0,168.4,39.4,3016.2,32.1,558.3,1549.0,876.8,982,,KOLLAM,
Kerala,Kollam,IMD110-P982,1913,7.2,8.8,47.5,116.2,165.7,486.5,362.3,139.6,151.3,521.0,130.0,20.6,2156.8,16.1,329.5,1139.7,671.6,982,,KOLLAM,
Kerala,Kollam,IMD110-P982,1914,1.1,17.7,48.5,59.9,273.8,660.6,458.1,266.9,221.6,341.8,134.6,171.1,2655.7,18.8,382.2,1607.3,647.4,982,,KOLLAM,
Kerala,Kollam,IMD110-P982,1915,17.3,28.9,23.1,132.6,210.2,606.7,755.6,170.1,467.9,254.8,318.8,7.3,2993.2,46.2,365.9,2000.2,580.9,982,,KOLLAM,
Kerala,Kollam,IMD110-P982,1916,0.0,30.0,47.3,109.3,188.2,522.6,308.2,259.8,257.3,347.5,190.9,3.0,2264.1,30.0,344.8,1347.8,541.4,982,,KOLLAM,
Kerala,Kollam,IMD110-P982,1917,5.3,35.1,134.0,53.5,132.3,474.9,245.0,249.0,350.8,271.9,357.4,35.3,2344.7,40.4,319.9,1319.7,664.7,982,,KOLLAM,
Kerala,Kollam,IMD110-P982,1918,83.0,2.7,49.6,83.5,625.2,399.9,78.1,347.9,63.9,324.1,187.2,90.0,2335.2,85.7,758.3,889.9,601.3,982,,KOLLAM,
Kerala,Kollam,IMD110-P982,1919,104.3,20.9,63.3,117.9,298.3,402.0,458.4,345.7,286.6,265.6,346.5,72.7,2782.2,125.2,479.5,1492.7,684.8,982,,KOLLAM,
Kerala,Kollam,IMD110-P982,1920,72.1,7.4,66.8,285.0,60.0,805.2,588.9,130.9,176.3,380.2,340.7,24.9,2938.5,79.5,411.8,1701.3,745.9,982,,KOLLAM,
Kerala,Kollam,IMD110-P982,1921,24.8,16.1,17.0,200.3,55.8,259.7,466.4,418.9,119.3,384.6,142.3,27.6,2132.8,40.9,273.1,1264.3,554.5,982,,KOLLAM,
Kerala,Kollam,IMD110-P982,1922,22.1,29.4,43.1,120.4,333.9,614.8,605.9,134.4,172.7,343.3,411.0,58.4,2889.5,51.6,497.4,1527.9,812.7,982,,KOLLAM,
Kerala,Kollam,IMD110-P982,1923,52.4,0.0,101.2,74.5,101.6,715.0,494.9,589.9,280.6,335.7,88.7,119.1,2953.8,52.4,277.3,2080.5,543.5,982,,KOLLAM,
Kerala,Kollam,IMD110-P982,1924,17.2,1.0,101.1,91.2,217.0,768.4,907.2,410.9,363.0,217.3,156.2,106.8,3357.3,18.2,409.3,2449.5,480.3,982,,KOLLAM,
Kerala,Kollam,IMD110-P982,1925,11.2,25.7,98.3,104.7,332.3,397.8,218.4,316.3,180.3,319.6,390.6,64.0,2459.3,37.0,535.3,1112.8,774.3,982,,KOLLAM,
Kerala,Kollam,IMD110-P982,1926,57.7,8.1,25.6,72.0,405.4,438.6,483.3,303.3,350.1,215.2,133.7,32.3,2525.2,65.8,503.0,1575.3,381.2,982,,KOLLAM,
Kerala,Kollam,IMD110-P982,1927,27.9,68.1,78.1,100.8,420.9,617.5,366.1,133.8,278.6,144.9,135.8,15.0,2387.5,96.0,599.8,1395.9,295.7,982,,KOLLAM,
Kerala,Kollam,IMD110-P982,1928,21.9,59.9,65.5,137.0,80.5,467.7,227.6,251.3,69.4,492.2,184.2,51.7,2109.1,81.9,283.1,1016.0,728.1,982,,KOLLAM,
Kerala,Kollam,IMD110-P982,1929,33.6,74.6,162.2,266.1,170.7,852.0,540.4,103.4,287.3,322.0,287.2,106.3,3205.8,108.2,599.0,1783.1,715.4,982,,KOLLAM,
Kerala,Kollam,IMD110-P982,1930,11.8,11.1,94.1,105.1,375.0,421.5,190.1,180.2,397.8,456.0,267.0,82.8,2592.5,22.9,574.2,1189.7,805.8,982,,KOLLAM,
Kerala,Kollam,IMD110-P982,1931,1.4,0.9,42.1,193.6,119.9,558.2,384.8,751.7,149.8,153.7,210.7,143.3,2710.1,2.2,355.6,1844.6,507.7,982,,KOLLAM,
Kerala,Kollam,IMD110-P982,1932,0.5,32.7,80.3,119.3,469.2,182.3,292.0,529.8,191.3,506.4,313.8,48.4,2765.8,33.2,668.7,1195.2,868.6,982,,KOLLAM,
Kerala,Kollam,IMD110-P982,1933,5.1,25.0,57.5,153.6,872.2,719.5,401.0,288.0,367.7,437.2,133.9,44.1,3505.0,30.1,1083.3,1776.2,615.3,982,,KOLLAM,
Kerala,Kollam,IMD110-P982,1934,131.5,4.1,79.3,103.8,135.7,651.1,218.7,160.6,36.4,261.5,119.9,7.9,1910.6,135.6,318.8,1066.8,389.3,983,,KOLLAM,
Kerala,Kollam,IMD110-P982,1935,35.9,13.9,45.0,181.2,89.5,283.6,354.3,262.6,175.1,473.8,329.0,39.6,2283.5,49.8,315.7,1075.6,842.4,983,,KOLLAM,
Kerala,Kollam,IMD110-P982,1936,1.3,27.6,97.6,74.9,638.8,389.5,426.8,152.9,325.4,263.2,319.4,29.4,2746.8,29.0,811.3,1294.6,611.9,983,,KOLLAM,
Kerala,Kollam,IMD110-P982,1937,17.6,60.5,98.3,204.1,167.7,259.6,554.9,164.7,101.1,427.9,269.5,67.4,2393.3,78.1,470.1,1080.2,764.8,983,,KOLLAM,
Kerala,Kollam,IMD110-P982,1938,0.0,174.3,90.4,234.9,149.1,350.8,361.5,193.0,219.6,217.6,83.2,43.2,2117.5,174.3,474.4,1124.9,344.0,983,,KOLLAM,
Kerala,Kollam,IMD110-P982,1939,25.5,7.9,24.7,196.9,166.9,496.4,472.7,307.6,139.2,334.4,429.0,26.6,2627.8,33.4,388.5,1415.9,790.1,983,,KOLLAM,
Kerala,Kollam,IMD110-P982,1940,0.0,3.6,6.4,159.6,150.2,508.1,557.6,383.1,44.9,293.3,219.7,85.9,2412.6,3.6,316.3,1493.8,598.9,983,,KOLLAM,
Kerala,Kollam,IMD110-P982,1941,31.8,0.6,30.7,129.3,449.5,511.8,380.9,302.7,288.0,188.2,352.1,53.1,2718.8,32.4,609.6,1483.4,593.4,983,,KOLLAM,
Kerala,Kollam,IMD110-P982,1942,0.0,20.6,54.4,168.5,159.8,465.7,502.6,212.2,62.6,295.7,150.6,194.2,2286.8,20.6,382.8,1243.1,640.4,983,,KOLLAM,
Kerala,Kollam,IMD110-P982,1943,60.4,17.5,48.8,144.0,398.4,732.3,422.4,88.4,253.9,399.0,292.1,22.0,2879.1,77.9,591.2,1497.0,713.0,983,,KOLLAM,
Kerala,Kollam,IMD110-P982,1944,1.5,16.6,88.9,89.0,216.3,371.8,254.9,88.3,168.1,203.2,309.9,113.0,1921.4,18.0,394.2,883.0,626.1,983,,KOLLAM,
Kerala,Kollam,IMD110-P982,1945,14.6,2.1,30.0,131.1,15.7,425.0,409.7,262.8,65.7,400.1,275.7,40.1,2072.5,16.6,176.8,1163.2,715.9,983,,KOLLAM,
Kerala,Kollam,IMD110-P982,1946,0.0,19.9,240.1,177.4,113.8,648.8,411.0,387.0,115.8,327.8,390.6,241.4,3073.5,19.9,531.3,1562.6,959.7,983,,KOLLAM,
Kerala,Kollam,IMD110-P982,1947,22.0,58.9,134.4,160.5,55.1,604.8,326.9,647.0,321.6,294.6,54.2,49.7,2729.6,80.9,350.0,1900.2,398.5,983,,KOLLAM,
Kerala,Kollam,IMD110-P982,1948,39.2,10.7,83.5,173.1,192.9,732.3,396.3,259.7,100.6,254.8,242.2,26.4,2511.8,49.9,449.6,1488.9,523.4,983,,KOLLAM,
Kerala,Kollam,IMD110-P982,1949,2.7,5.9,2.6,127.2,343.7,420.9,365.2,310.8,245.4,256.5,174.8,0.8,2256.4,8.6,473.5,1342.3,432.1,983,,KOLLAM,
Kerala,Kollam,IMD110-P982,1950,0.0,59.8,54.7,128.3,293.5,405.8,486.8,382.0,357.0,264.8,263.3,34.9,2730.8,59.8,476.5,1631.6,563.0,983,,KOLLAM,
Kerala,Kollam,IMD110-P982,1951,19.6,10.2,84.9,209.2,182.6,726.4,272.6,79.1,314.5,327.8,282.6,36.3,2545.9,29.8,476.8,1392.7,646.7,983,,KOLLAM,
Kerala,Kollam,IMD110-P982,1952,8.1,76.9,37.0,203.4,396.6,427.0,216.0,219.0,48.4,365.0,123.6,81.8,2202.9,85.0,637.0,910.5,570.4,983,,KOLLAM,
Kerala,Kollam,IMD110-P982,1953,51.8,24.6,46.9,192.7,21.9,241.0,732.3,166.9,108.7,494.9,167.1,1.3,2250.1,76.4,261.5,1248.9,663.3,983,,KOLLAM,
Kerala,Kollam,IMD110-P982,1954,20.7,4.2,130.2,157.9,196.2,398.8,320.9,266.5,172.7,351.1,46.6,118.4,2184.1,24.9,484.3,1158.9,516.1,983,,KOLLAM,
Kerala,Kollam,IMD110-P982,1955,4.4,10.7,93.5,110.0,362.1,510.8,249.4,67.5,454.4,300.6,264.8,16.2,2444.4,15.1,565.6,1282.1,581.6,983,,KOLLAM,
Kerala,Kollam,IMD110-P982,1956,5.2,10.9,31.0,126.5,234.8,479.7,199.6,218.4,116.7,379.7,208.3,10.8,2021.8,16.1,392.4,1014.5,598.8,983,,KOLLAM,
Kerala,Kollam,IMD110-P982,1957,0.0,9.2,34.6,153.7,356.5,636.0,439.8,197.9,38.1,260.9,170.9,65.1,2362.7,9.2,544.8,1311.7,497.0,983,,KOLLAM,
Kerala,Kollam,IMD110-P982,1958,19.1,24.2,124.1,156.7,311.5,580.5,182.6,499.4,56.6,263.2,179.2,3.6,2400.8,43.3,592.3,1319.2,446.0,983,,KOLLAM,
Kerala,Kollam,IMD110-P982,1959,0.3,53.6,16.6,209.0,417.1,628.2,602.2,182.2,257.1,180.7,117.7,16.6,2681.4,53.9,642.7,1669.8,315.0,983,,KOLLAM,
Kerala,Kollam,IMD110-P982,1960,7.5,19.6,59.5,230.7,675.2,265.3,443.3,255.8,367.3,225.8,593.2,16.4,3159.8,27.1,965.4,1331.8,835.4,983,,KOLLAM,
Kerala,Kollam,IMD110-P982,1961,56.1,49.7,11.9,118.2,374.9,831.0,630.4,434.6,152.2,187.8,70.3,13.1,2930.3,105.8,505.0,2048.3,271.2,983,,KOLLAM,
Kerala,Kollam,IMD110-P982,1962,42.6,67.1,71.6,124.7,375.4,143.0,596.6,265.9,326.3,408.4,29.4,50.1,2500.9,109.7,571.7,1331.7,487.9,983,,KOLLAM,
Kerala,Kollam,IMD110-P982,1963,31.7,16.8,143.5,100.5,173.1,306.6,505.7,310.9,215.8,283.3,125.3,53.4,2266.4,48.5,417.0,1338.9,461.9,983,,KOLLAM,
Kerala,Kollam,IMD110-P982,1964,4.6,7.9,133.7,157.2,88.7,189.9,509.1,246.6,389.3,314.4,239.8,17.4,2298.7,12.6,379.5,1334.9,571.7,983,,KOLLAM,
Kerala,Kollam,IMD110-P982,1965,10.2,3.3,25.1,188.3,267.3,409.3,183.3,274.0,108.3,271.0,180.0,201.9,2122.1,13.5,480.6,974.9,653.0,983,,KOLLAM,
Kerala,Kollam,IMD110-P982,1966,1.8,30.8,72.2,396.6,68.3,476.4,322.7,205.0,275.3,474.7,219.8,74.9,2618.4,32.6,537.0,1279.4,769.4,983,,KOLLAM,
Kerala,Kollam,IMD110-P982,1967,19.9,0.0,83.0,92.6,282.5,508.8,628.4,365.9,168.5,298.3,84.7,80.8,2613.3,19.9,458.0,1671.6,463.8,983,,KOLLAM,
Kerala,Kollam,IMD110-P982,1968,40.5,67.3,140.5,163.9,69.6,601.7,838.4,234.1,398.6,344.0,186.1,76.0,3160.7,107.8,374.0,2072.8,606.1,984,,KOLLAM,
Kerala,Kollam,IMD110-P982,1969,3.3,5.8,63.3,184.4,247.7,384.5,536.7,212.5,128.2,265.4,68.0,45.6,2145.3,9.1,495.4,1261.9,378.9,984,,KOLLAM,
Kerala,Kollam,IMD110-P982,1970,9.8,24.6,73.3,166.8,273.9,475.0,264.2,347.3,291.6,422.6,118.1,17.9,2485.3,34.5,514.0,1378.1,558.7,984,,KOLLAM,
Kerala,Kollam,IMD110-P982,1971,55.7,70.0,56.7,174.9,271.8,669.9,497.8,389.0,474.1,240.9,61.1,104.4,3066.4,125.7,503.4,2030.9,406.4,984,,KOLLAM,
Kerala,Kollam,IMD110-P982,1972,2.9,36.8,11.4,200.6,539.5,173.6,442.9,177.6,233.3,405.9,148.6,126.8,2499.9,39.7,751.5,1027.4,681.3,984,,KOLLAM,
Kerala,Kollam,IMD110-P982,1973,0.0,0.0,28.1,206.0,173.8,498.2,386.4,292.0,93.1,413.5,171.4,101.7,2364.1,0.0,407.9,1269.7,686.5,984,,KOLLAM,
Kerala,Kollam,IMD110-P982,1974,3.7,19.9,23.8,184.8,266.3,201.0,519.1,402.8,383.1,155.4,86.7,0.0,2246.6,23.6,474.9,1506.0,242.1,984,,KOLLAM,
Kerala,Kollam,IMD110-P982,1975,2.1,37.1,66.6,228.3,202.0,623.5,416.5,388.7,367.5,406.7,321.4,21.6,3082.1,39.2,496.9,1796.3,749.7,984,,KOLLAM,
Kerala,Kollam,IMD110-P982,1976,0.4,0.0,27.5,173.0,113.3,151.3,363.8,267.4,113.1,324.5,370.4,32.3,1937.2,0.4,313.8,895.7,727.2,984,,KOLLAM,
Kerala,Kollam,IMD110-P982,1977,0.6,28.3,51.5,130.1,528.8,422.5,332.4,123.9,163.5,504.0,307.4,9.8,2602.7,28.9,710.3,1042.4,821.2,984,,KOLLAM,
Kerala,Kollam,IMD110-P982,1978,1.4,27.4,72.6,101.7,398.4,346.8,396.4,335.8,126.7,238.5,636.9,19.7,2702.1,28.8,572.6,1205.6,895.1,984,,KOLLAM,
Kerala,Kollam,IMD110-P982,1979,0.9,71.0,10.6,89.0,177.7,464.3,389.0,200.8,236.2,178.5,395.3,36.8,2250.2,72.0,277.3,1290.3,610.6,984,,KOLLAM,
Kerala,Kollam,IMD110-P982,1980,0.0,0.5,13.2,130.7,95.3,419.3,457.8,274.2,133.9,219.3,203.1,81.6,2028.8,0.5,239.1,1285.2,504.0,984,,KOLLAM,
Kerala,Kollam,IMD110-P982,1981,0.0,14.9,48.3,155.9,128.1,702.8,285.6,239.2,374.1,274.2,187.0,12.2,2422.6,14.9,332.4,1601.8,473.5,984,,KOLLAM,
Kerala,Kollam,IMD110-P982,1982,0.0,0.0,52.3,101.5,212.9,446.8,209.8,185.2,34.5,179.9,161.2,21.5,1605.5,0.0,366.7,876.2,362.6,984,,KOLLAM,
Kerala,Kollam,IMD110-P982,1983,0.0,9.6,1.0,19.4,55.5,168.3,313.0,375.9,358.1,76.9,290.0,89.4,1757.1,9.6,75.9,1215.3,456.3,984,,KOLLAM,
Kerala,Kollam,IMD110-P982,1984,11.8,92.3,182.3,148.7,110.9,477.4,377.4,116.6,185.8,213.7,90.8,26.4,2034.2,104.1,441.8,1157.3,331.0,984,,KOLLAM,
Kerala,Kollam,IMD110-P982,1985,52.2,5.2,55.0,103.1,285.4,611.3,242.1,86.8,115.3,204.5,79.6,30.1,1870.5,57.4,443.4,1055.6,314.2,984,,KOLLAM,
Kerala,Kollam,IMD110-P982,1986,0.0,40.9,18.6,182.1,99.1,199.3,249.1,343.6,185.5,242.4,185.0,0.9,1746.5,40.9,299.8,977.5,428.3,984,,KOLLAM,
Kerala,Kollam,IMD110-P982,1987,1.0,0.7,22.7,136.4,136.7,504.3,107.1,403.4,166.5,533.6,187.2,144.9,2344.6,1.7,295.8,1181.4,865.7,984,,KOLLAM,
Kerala,Kollam,IMD110-P982,1988,0.0,48.6,117.6,171.6,135.7,408.5,350.4,299.3,425.2,79.5,92.3,23.7,2152.3,48.6,424.9,1483.3,195.5,984,,KOLLAM,
Kerala,Kollam,IMD110-P982,1989,8.1,0.0,36.2,201.1,219.0,528.3,324.0,248.9,399.0,384.4,104.5,0.0,2453.4,8.1,456.3,1500.2,488.9,984,,KOLLAM,
Kerala,Kollam,IMD110-P982,1990,57.3,0.0,82.6,61.2,401.0,360.4,433.1,168.1,91.9,439.1,249.2,13.2,2357.2,57.3,544.8,1053.6,701.4,984,,KOLLAM,
Kerala,Kollam,IMD110-P982,1991,51.7,5.1,88.2,133.5,130.3,1141.3,484.6,247.7,12.3,466.9,189.2,10.3,2961.1,56.8,352.0,1885.9,666.5,984,,KOLLAM,
Kerala,Kollam,IMD110-P982,1992,0.5,0.1,2.2,75.6,317.8,585.7,495.8,286.1,357.4,560.0,479.1,11.0,3171.3,0.6,395.6,1725.0,1050.1,984,,KOLLAM,
Kerala,Kollam,IMD110-P982,1993,0.0,41.9,46.2,150.4,205.9,578.1,564.3,191.1,162.8,482.9,365.8,80.3,2869.8,41.9,402.5,1496.3,929.1,984,,KOLLAM,
Kerala,Kollam,IMD110-P982,1994,38.1,84.2,35.0,151.9,280.7,514.7,467.2,369.6,210.6,475.5,218.7,6.6,2852.9,122.3,467.7,1562.1,700.8,984,,KOLLAM,
Kerala,Kollam,IMD110-P982,1995,62.8,27.7,160.0,220.2,524.6,315.2,448.8,353.8,226.4,277.4,317.9,0.0,2934.9,90.5,904.8,1344.2,595.4,984,,KOLLAM,
Kerala,Kollam,IMD110-P982,1996,9.8,32.8,44.9,124.2,78.9,548.5,422.0,222.2,243.7,402.5,179.1,60.7,2369.3,42.6,248.0,1436.4,642.3,984,,KOLLAM,
Kerala,Kollam,IMD110-P982,1997,2.5,2.1,75.8,130.3,194.4,359.3,426.8,255.3,273.9,427.3,253.5,97.2,2498.2,4.6,400.4,1315.2,777.9,984,,KOLLAM,
Kerala,Kollam,IMD110-P982,1998,2.8,2.3,11.1,77.4,225.3,403.1,246.0,231.0,423.8,527.7,164.5,111.3,2426.1,5.1,313.8,1303.7,803.5,984,,KOLLAM,
Kerala,Kollam,IMD110-P982,1999,2.5,58.2,14.7,253.6,463.7,469.0,318.1,139.9,74.0,833.3,104.6,2.4,2734.1,60.7,732.0,1001.1,940.3,984,,KOLLAM,
Kerala,Kollam,IMD110-P982,2000,2.1,115.6,38.5,111.3,83.6,458.1,128.9,556.6,250.5,237.3,178.5,126.8,2287.8,117.7,233.4,1394.1,542.6,984,,KOLLAM,
Kerala,Kollam,IMD110-P982,2001,49.4,52.1,12.2,230.9,229.6,402.5,368.1,294.7,284.4,345.8,226.7,5.9,2502.3,101.5,472.8,1349.7,578.4,984,,KOLLAM,
Kerala,Kollam,IMD110-P982,2002,2.7,14.8,49.2,232.5,234.4,261.7,178.7,255.2,82.5,563.3,254.3,0.0,2129.3,17.5,516.0,778.1,817.6,985,,KOLLAM,
Kerala,Kollam,IMD110-P982,2003,0.9,39.8,80.6,192.9,114.2,342.5,293.9,234.3,69.0,526.3,88.1,67.3,2049.7,40.8,387.7,939.6,681.7,985,,KOLLAM,
Kerala,Kollam,IMD110-P982,2004,3.5,58.2,48.0,142.1,606.1,408.1,308.1,191.4,200.1,260.2,105.4,4.0,2335.2,61.7,796.2,1107.8,369.6,985,,KOLLAM,
Kerala,Kollam,IMD110-P982,2005,29.2,21.0,24.3,292.1,201.6,299.8,365.8,102.4,231.4,192.0,243.9,146.8,2150.4,50.3,518.0,999.4,582.7,985,,KOLLAM,
Kerala,Kollam,IMD110-P982,2006,22.4,7.1,168.6,74.2,265.4,159.8,557.0,193.9,294.0,431.2,205.7,2.3,2381.5,29.5,508.2,1204.7,639.2,985,,KOLLAM,
Kerala,Kollam,IMD110-P982,2007,0.0,11.7,29.7,175.9,121.4,395.2,568.9,201.3,297.6,418.8,96.4,16.7,2333.8,11.7,327.1,1463.0,531.9,985,,KOLLAM,
Kerala,Kollam,IMD110-P982,2008,0.0,27.0,209.3,123.6,160.3,214.6,463.1,267.0,219.8,348.5,132.8,35.5,2201.4,27.0,493.2,1164.4,516.8,985,,KOLLAM,
Kerala,Kollam,IMD110-P982,2009,2.7,4.5,96.6,123.0,145.6,276.6,371.6,191.5,245.1,265.9,292.5,11.8,2027.2,7.2,365.3,1084.7,570.1,985,,KOLLAM,
Kerala,Kollam,IMD110-P982,2010,15.2,0.0,51.6,207.6,217.9,357.8,365.3,286.1,285.0,510.1,346.8,94.9,2738.3,15.2,477.1,1294.3,951.8,985,,KOLLAM,
Kerala,Kottayam,IMD110-P986,1901,57.5,60.4,93.2,193.8,165.0,797.9,628.4,290.8,187.1,332.8,315.9,82.1,3204.9,117.9,452.0,1904.3,730.8,986,,KOTTAYAM,
Kerala,Kottayam,IMD110-P986,1902,4.1,3.3,80.8,161.4,193.7,466.5,998.9,283.0,402.2,377.2,179.3,184.0,3334.3,7.4,435.8,2150.6,740.5,986,,KOTTAYAM,
Kerala,Kottayam,IMD110-P986,1903,0.0,34.3,12.5,195.4,239.1,765.9,697.8,342.9,438.7,378.3,154.9,112.1,3371.9,34.3,447.0,2245.3,645.3,986,,KOTTAYAM,
Kerala,Kottayam,IMD110-P986,1904,57.0,5.6,79.8,120.3,337.3,981.5,663.6,281.7,219.5,342.5,35.9,16.6,3141.3,62.6,537.4,2146.4,395.0,986,,KOTTAYAM,
Kerala,Kottayam,IMD110-P986,1905,0.1,24.2,22.9,204.0,326.9,887.6,383.8,320.9,230.8,418.1,73.5,0.0,2892.8,24.3,553.8,1823.1,491.5,986,,KOTTAYAM,
Kerala,Kottayam,IMD110-P986,1906,14.2,6.7,11.8,131.7,218.7,361.4,800.4,549.8,119.7,264.8,280.6,133.2,2892.9,21.0,362.1,1831.3,678.6,986,,KOTTAYAM,
Kerala,Kottayam,IMD110-P986,1907,56.0,19.1,84.3,212.4,118.1,611.6,541.9,493.8,303.1,450.4,184.7,73.4,3148.9,75.2,414.9,1950.4,708.5,986,,KOTTAYAM,
Kerala,Kottayam,IMD110-P986,1908,24.6,31.7,60.5,131.7,182.2,534.9,751.7,327.2,341.7,352.0,79.1,11.4,2828.7,56.3,374.5,1955.5,442.5,986,,KOTTAYAM,
Kerala,Kottayam,IMD110-P986,1909,37.7,15.5,134.8,152.1,463.4,633.5,692.6,368.9,232.5,300.5,292.7,50.8,3375.0,53.2,750.3,1927.5,644.0,986,,KOTTAYAM,
Kerala,Kottayam,IMD110-P986,1910,5.0,48.6,42.8,241.7,199.3,610.2,551.3,577.1,323.0,542.6,408.4,0.0,3549.9,53.6,483.9,2061.6,951.0,986,,KOTTAYAM,
Kerala,Kottayam,IMD110-P986,1911,5.9,8.7,41.8,119.1,218.0,1100.3,662.3,155.1,105.4,542.8,219.9,151.3,3330.6,14.6,379.0,2023.0,914.0,986,,KOTTAYAM,
Kerala,Kottayam,IMD110-P986,1912,7.7,43.3,29.0,238.9,348.5,1047.1,848.3,365.3,118.9,483.4,155.0,37.6,3723.1,50.9,616.5,2379.7,676.0,986,,KOTTAYAM,
Kerala,Kottayam,IMD110-P986,1913,7.1,16.7,35.4,165.8,243.6,447.1,844.4,218.7,185.0,393.7,218.4,78.4,2854.4,23.8,444.8,1695.2,690.5,986,,KOTTAYAM,
Kerala,Kottayam,IMD110-P986,1914,1.7,25.1,46.0,83.7,251.8,598.8,679.3,492.9,277.2,544.3,160.7,202.5,3363.9,26.8,381.5,2048.2,907.4,986,,KOTTAYAM,
Kerala,Kottayam,IMD110-P986,1915,47.2,50.4,104.7,230.4,218.5,758.9,958.8,313.5,548.5,170.8,425.0,37.6,3864.3,97.6,553.6,2579.7,633.4,986,,KOTTAYAM,
Kerala,Kottayam,IMD110-P986,1916,0.0,23.9,57.6,130.5,256.8,887.7,606.8,419.8,518.1,400.2,221.8,22.5,3545.7,23.9,444.9,2432.3,644.5,986,,KOTTAYAM,
Kerala,Kottayam,IMD110-P986,1917,6.8,79.6,195.4,71.6,132.4,741.5,348.0,501.6,561.0,280.0,287.6,88.3,3293.9,86.5,399.4,2152.2,656.0,986,,KOTTAYAM,
Kerala,Kottayam,IMD110-P986,1918,87.5,13.4,60.0,118.5,708.1,536.2,162.5,430.8,77.9,387.2,339.5,92.9,3014.5,100.9,886.6,1207.4,819.6,986,,KOTTAYAM,
Kerala,Kottayam,IMD110-P986,1919,77.7,17.0,66.6,141.9,286.3,898.9,680.3,540.5,323.1,328.5,341.5,96.0,3798.3,94.7,494.8,2442.8,766.0,986,,KOTTAYAM,
Kerala,Kottayam,IMD110-P986,1920,38.8,20.4,73.4,316.5,211.6,1012.8,949.6,250.9,357.3,516.3,355.9,47.2,4150.8,59.2,601.6,2570.6,919.5,986,,KOTTAYAM,
Kerala,Kottayam,IMD110-P986,1921,96.4,1.3,31.2,246.1,104.4,546.5,753.6,642.8,192.1,422.7,195.7,20.9,3253.7,97.6,381.7,2135.0,639.4,986,,KOTTAYAM,
Kerala,Kottayam,IMD110-P986,1922,64.2,45.8,28.2,100.0,335.0,712.2,870.6,322.5,319.2,347.4,311.7,51.1,3507.9,109.9,463.2,2224.5,710.2,986,,KOTTAYAM,
Kerala,Kottayam,IMD110-P986,1923,26.7,7.3,172.0,76.0,87.8,926.8,927.1,786.4,385.1,342.6,136.0,66.9,3940.8,34.1,335.8,3025.4,545.5,986,,KOTTAYAM,
Kerala,Kottayam,IMD110-P986,1924,20.3,7.4,152.2,128.4,232.3,1054.1,1482.5,598.8,333.8,268.0,219.1,68.2,4565.2,27.7,513.0,3469.3,555.3,986,,KOTTAYAM,
Kerala,Kottayam,IMD110-P986,1925,3.8,64.7,99.4,158.3,285.6,644.2,353.4,558.0,233.5,387.4,201.1,167.3,3156.7,68.6,543.3,1789.1,755.7,986,,KOTTAYAM,
Kerala,Kottayam,IMD110-P986,1926,47.0,6.3,49.2,109.2,407.5,609.8,810.5,485.4,418.0,305.0,188.9,37.8,3474.5,53.3,565.8,2323.7,531.7,986,,KOTTAYAM,
Kerala,Kottayam,IMD110-P986,1927,64.5,79.9,126.7,105.0,272.9,702.9,670.1,317.7,367.2,250.9,156.8,20.2,3135.0,144.4,504.6,2057.9,428.0,986,,KOTTAYAM,
Kerala,Kottayam,IMD110-P986,1928,20.1,103.5,69.4,215.9,124.7,540.2,410.4,549.5,124.6,322.9,251.3,61.2,2793.6,123.6,410.0,1624.6,635.4,986,,KOTTAYAM,
Kerala,Kottayam,IMD110-P986,1929,12.8,66.9,74.9,279.3,153.5,773.2,757.0,319.4,310.0,399.7,271.9,47.5,3466.1,79.8,507.7,2159.6,719.0,986,,KOTTAYAM,
Kerala,Kottayam,IMD110-P986,1930,21.9,17.1,84.4,167.0,472.6,609.8,303.8,276.2,512.5,513.7,284.6,131.3,3394.8,39.0,724.0,1702.3,929.6,986,,KOTTAYAM,
Kerala,Kottayam,IMD110-P986,1931,0.9,1.2,40.6,183.2,127.1,665.8,557.4,1112.1,203.8,194.5,257.3,191.2,3535.0,2.1,350.8,2539.1,643.0,986,,KOTTAYAM,
Kerala,Kottayam,IMD110-P986,1932,0.0,33.1,74.3,164.6,810.9,320.1,676.7,466.8,372.0,561.9,327.5,45.7,3853.6,33.1,1049.9,1835.6,935.1,986,,KOTTAYAM,
Kerala,Kottayam,IMD110-P986,1933,2.5,18.3,90.5,184.1,1038.7,818.4,645.9,642.2,582.6,450.9,234.6,45.3,4754.1,20.8,1313.3,2689.2,730.8,986,,KOTTAYAM,
Kerala,Kottayam,IMD110-P986,1934,149.2,2.6,100.6,96.6,168.7,826.1,371.4,265.0,40.7,483.3,104.3,7.3,2615.5,151.8,365.8,1503.1,594.8,987,,KOTTAYAM,
Kerala,Kottayam,IMD110-P986,1935,53.8,17.4,40.5,201.4,93.2,333.8,450.1,367.2,294.8,548.5,195.6,39.2,2635.5,71.2,335.0,1446.0,783.3,987,,KOTTAYAM,
Kerala,Kottayam,IMD110-P986,1936,0.9,18.7,208.7,41.6,687.3,499.5,488.7,277.9,379.5,295.1,240.7,26.7,3165.3,19.6,937.5,1645.6,562.5,987,,KOTTAYAM,
Kerala,Kottayam,IMD110-P986,1937,27.9,26.3,123.2,236.3,154.3,474.0,821.4,334.9,193.1,472.3,148.6,66.4,3078.7,54.2,513.8,1823.4,687.4,987,,KOTTAYAM,
Kerala,Kottayam,IMD110-P986,1938,1.9,202.8,106.9,222.1,176.3,532.3,477.7,312.9,253.8,242.5,104.9,49.9,2683.9,204.7,505.3,1576.6,397.3,987,,KOTTAYAM,
Kerala,Kottayam,IMD110-P986,1939,23.4,3.8,96.1,227.0,209.4,613.8,646.9,435.6,208.3,412.3,495.6,23.7,3396.0,27.2,532.6,1904.6,931.6,987,,KOTTAYAM,
Kerala,Kottayam,IMD110-P986,1940,0.0,3.8,5.3,172.1,321.4,586.1,833.0,544.5,100.7,385.3,395.4,108.2,3455.6,3.8,498.7,2064.2,888.9,987,,KOTTAYAM,
Kerala,Kottayam,IMD110-P986,1941,33.1,14.2,18.5,133.4,516.8,715.8,575.0,499.4,392.8,225.8,245.8,109.8,3480.4,47.3,668.7,2183.0,581.4,987,,KOTTAYAM,
Kerala,Kottayam,IMD110-P986,1942,4.5,16.0,36.6,183.8,287.3,819.0,738.7,315.6,124.5,570.5,174.7,157.3,3428.4,20.4,507.7,1997.8,902.4,987,,KOTTAYAM,
Kerala,Kottayam,IMD110-P986,1943,108.9,19.5,96.5,154.5,540.2,885.7,810.2,213.1,342.3,441.5,259.0,78.8,3950.2,128.4,791.2,2251.4,779.3,987,,KOTTAYAM,
Kerala,Kottayam,IMD110-P986,1944,32.9,48.9,109.3,122.8,348.3,455.5,489.2,185.7,238.6,465.6,399.4,93.2,2989.3,81.7,580.4,1369.0,958.2,987,,KOTTAYAM,
Kerala,Kottayam,IMD110-P986,1945,10.2,8.8,12.0,136.4,85.8,572.2,590.0,458.3,95.8,405.2,482.0,32.3,2889.0,19.0,234.2,1716.3,919.5,987,,KOTTAYAM,
Kerala,Kottayam,IMD110-P986,1946,4.2,8.1,208.9,185.4,127.8,915.4,621.6,728.7,210.9,344.3,303.8,263.1,3922.4,12.3,522.2,2476.7,911.2,987,,KOTTAYAM,
Kerala,Kottayam,IMD110-P986,1947,67.3,34.5,129.3,156.9,78.4,553.4,514.4,951.2,504.5,252.8,24.3,45.5,3312.6,101.8,364.6,2523.6,322.6,987,,KOTTAYAM,
Kerala,Kottayam,IMD110-P986,1948,25.1,9.0,64.9,216.4,287.4,986.3,583.5,485.9,214.5,246.5,264.8,35.7,3419.9,34.1,568.8,2270.1,546.9,987,,KOTTAYAM,
Kerala,Kottayam,IMD110-P986,1949,0.3,0.8,10.1,153.4,536.1,524.7,763.1,564.4,426.4,354.9,49.0,5.4,3388.5,1.1,699.5,2278.6,409.3,987,,KOTTAYAM,
Kerala,Kottayam,IMD110-P986,1950,0.0,103.6,72.4,89.9,410.3,642.5,707.2,472.4,395.6,327.9,219.1,13.1,3454.1,103.6,572.7,2217.7,560.1,987,,KOTTAYAM,
Kerala,Kottayam,IMD110-P986,1951,6.5,10.8,91.3,220.6,210.9,702.0,484.9,161.5,397.9,384.7,285.7,41.4,2998.3,17.3,522.9,1746.3,711.9,987,,KOTTAYAM,
Kerala,Kottayam,IMD110-P986,1952,14.6,69.2,28.3,139.9,329.4,407.7,254.4,427.4,86.7,291.0,97.8,61.4,2207.7,83.8,497.6,1176.2,450.2,987,,KOTTAYAM,
Kerala,Kottayam,IMD110-P986,1953,17.8,21.4,34.5,163.9,64.7,279.6,860.5,319.8,108.9,494.6,73.3,12.7,2451.8,39.2,263.2,1568.8,580.6,987,,KOTTAYAM,
Kerala,Kottayam,IMD110-P986,1954,50.1,5.7,136.6,156.2,200.9,582.3,506.0,391.8,186.0,396.0,82.1,88.1,2781.8,55.9,493.7,1666.1,566.2,987,,KOTTAYAM,
Kerala,Kottayam,IMD110-P986,1955,12.5,12.6,65.5,157.5,493.5,813.1,348.1,161.9,361.1,316.0,240.2,37.6,3019.5,25.0,716.6,1684.1,593.8,987,,KOTTAYAM,
Kerala,Kottayam,IMD110-P986,1956,2.3,25.7,43.5,281.3,347.0,820.5,263.7,353.4,221.5,495.7,245.4,6.2,3106.3,28.0,671.8,1659.1,747.3,987,,KOTTAYAM,
Kerala,Kottayam,IMD110-P986,1957,1.0,24.0,76.7,153.6,506.6,907.8,834.5,378.7,66.9,435.2,264.7,51.2,3701.0,25.0,736.9,2187.9,751.2,987,,KOTTAYAM,
Kerala,Kottayam,IMD110-P986,1958,15.3,26.0,92.6,135.9,442.5,662.4,424.4,619.9,122.7,333.1,246.3,19.7,3140.7,41.3,671.0,1829.4,599.1,987,,KOTTAYAM,
Kerala,Kottayam,IMD110-P986,1959,5.3,46.4,5.5,240.1,511.6,947.4,947.1,348.0,419.2,220.8,214.6,42.9,3948.9,51.6,757.2,2661.7,478.3,987,,KOTTAYAM,
Kerala,Kottayam,IMD110-P986,1960,20.4,31.9,85.1,317.3,701.8,396.6,667.3,418.7,452.5,247.9,386.1,44.8,3770.4,52.3,1104.3,1935.1,678.8,987,,KOTTAYAM,
Kerala,Kottayam,IMD110-P986,1961,9.5,83.2,22.4,191.1,458.3,889.1,855.8,558.1,287.6,257.8,106.2,29.1,3748.3,92.8,671.8,2590.6,393.1,987,,KOTTAYAM,
Kerala,Kottayam,IMD110-P986,1962,35.3,65.4,57.0,145.9,480.5,255.2,1091.4,401.3,522.5,446.4,39.6,46.6,3587.2,100.7,683.5,2270.5,532.6,987,,KOTTAYAM,
Kerala,Kottayam,IMD110-P986,1963,33.4,55.0,65.8,111.2,151.3,358.1,645.6,406.8,350.9,304.0,135.8,68.9,2686.9,88.4,328.4,1761.4,508.7,987,,KOTTAYAM,
Kerala,Kottayam,IMD110-P986,1964,1.3,1.6,101.6,82.4,98.1,268.2,837.2,360.0,413.5,475.1,146.0,7.8,2792.7,2.9,282.1,1878.9,628.8,987,,KOTTAYAM,
Kerala,Kottayam,IMD110-P986,1965,7.8,0.0,28.8,118.8,350.3,509.5,378.9,346.4,143.2,239.1,187.7,157.0,2467.5,7.8,497.8,1378.1,583.9,987,,KOTTAYAM,
Kerala,Kottayam,IMD110-P986,1966,5.8,18.2,126.8,220.2,64.7,497.2,603.1,200.9,294.0,420.2,395.1,94.6,2940.9,24.0,411.7,1595.2,909.9,987,,KOTTAYAM,
Kerala,Kottayam,IMD110-P986,1967,56.3,0.0,42.3,110.4,395.6,724.8,444.3,533.2,185.4,287.2,64.3,50.5,2894.3,56.3,548.3,1887.7,402.0,987,,KOTTAYAM,
Kerala,Kottayam,IMD110-P986,1968,12.0,49.0,163.6,183.0,122.9,862.3,1693.2,470.5,434.3,240.9,183.9,85.6,4501.2,61.0,469.5,3460.3,510.4,988,,KOTTAYAM,
Kerala,Kottayam,IMD110-P986,1969,5.7,2.3,45.9,163.6,334.1,585.2,920.9,276.2,213.2,267.5,143.0,91.4,3048.9,8.0,543.6,1995.4,501.8,988,,KOTTAYAM,
Kerala,Kottayam,IMD110-P986,1970,23.8,94.7,54.1,206.6,226.6,647.7,538.2,595.4,296.1,293.5,93.1,6.9,3076.6,118.5,487.2,2077.4,393.5,988,,KOTTAYAM,
Kerala,Kottayam,IMD110-P986,1971,39.5,51.2,31.3,133.6,360.0,787.7,681.8,497.7,430.5,337.8,63.4,98.0,3512.5,90.7,524.9,2397.6,499.2,988,,KOTTAYAM,
Kerala,Kottayam,IMD110-P986,1972,8.9,4.1,0.0,135.4,383.5,257.6,656.9,267.5,252.3,325.1,148.5,110.3,2550.1,13.0,518.9,1434.3,584.0,988,,KOTTAYAM,
Kerala,Kottayam,IMD110-P986,1973,0.0,0.0,8.9,165.7,53.8,505.3,413.8,417.2,78.9,224.7,92.8,68.1,2029.3,0.0,228.4,1415.2,385.6,988,,KOTTAYAM,
Kerala,Kottayam,IMD110-P986,1974,0.2,20.1,26.3,182.7,459.5,261.3,743.1,648.2,454.9,211.6,75.0,32.4,3115.2,20.3,668.5,2107.5,318.9,988,,KOTTAYAM,
Kerala,Kottayam,IMD110-P986,1975,10.3,55.3,65.3,160.8,104.5,743.7,412.7,567.4,550.2,562.8,345.2,50.7,3628.8,65.6,330.6,2274.0,958.7,988,,KOTTAYAM,
Kerala,Kottayam,IMD110-P986,1976,0.0,0.0,26.0,206.2,93.1,200.9,602.2,374.5,146.1,248.6,351.6,32.8,2281.9,0.0,325.2,1323.7,633.0,988,,KOTTAYAM,
Kerala,Kottayam,IMD110-P986,1977,14.8,6.9,65.3,188.9,409.9,626.4,565.2,256.7,252.3,518.9,255.5,22.7,3183.6,21.8,664.1,1700.7,797.1,988,,KOTTAYAM,
Kerala,Kottayam,IMD110-P986,1978,0.6,42.5,68.8,106.3,535.8,658.8,688.3,614.2,196.8,196.2,446.9,49.5,3604.7,43.1,710.9,2158.1,692.5,988,,KOTTAYAM,
Kerala,Kottayam,IMD110-P986,1979,5.1,30.4,1.8,52.9,126.4,811.3,646.2,310.4,289.0,212.8,369.2,45.5,2900.9,35.4,181.0,2056.9,627.5,988,,KOTTAYAM,
Kerala,Kottayam,IMD110-P986,1980,,7.8,23.8,74.0,105.7,749.5,820.0,545.4,142.2,355.0,176.6,41.5,,,203.4,2257.1,573.2,988,missing_months,KOTTAYAM,
Kerala,Kottayam,IMD110-P986,1981,6.2,14.4,41.6,79.0,132.3,995.0,421.7,472.7,517.9,168.1,202.3,27.7,3079.0,20.6,252.9,2407.4,398.1,988,,KOTTAYAM,
Kerala,Kottayam,IMD110-P986,1982,0.0,0.2,13.3,44.5,198.8,644.5,509.0,366.0,60.2,244.5,107.7,11.9,2200.6,0.2,256.6,1579.7,364.0,988,,KOTTAYAM,
Kerala,Kottayam,IMD110-P986,1983,0.0,1.2,1.0,24.4,117.4,302.8,557.7,515.2,496.0,101.1,137.6,65.3,2319.6,1.2,142.7,1871.7,304.0,988,,KOTTAYAM,
Kerala,Kottayam,IMD110-P986,1984,38.3,117.3,82.9,188.1,64.7,608.1,604.0,140.9,232.7,198.5,148.9,14.2,2438.8,155.7,335.7,1585.7,361.6,988,,KOTTAYAM,
Kerala,Kottayam,IMD110-P986,1985,92.1,36.7,68.5,86.0,466.5,999.7,436.4,239.6,184.7,192.6,112.8,59.5,2975.0,128.7,620.9,1860.4,364.9,988,,KOTTAYAM,
Kerala,Kottayam,IMD110-P986,1986,0.9,22.3,21.3,78.2,125.5,494.3,287.7,414.7,342.1,182.9,172.0,0.1,2141.8,23.1,224.9,1538.7,355.0,988,,KOTTAYAM,
Kerala,Kottayam,IMD110-P986,1987,0.0,1.6,0.0,84.8,92.5,454.1,82.3,268.1,163.3,189.9,222.9,79.0,1638.5,1.6,177.3,967.8,491.8,988,,KOTTAYAM,
Kerala,Kottayam,IMD110-P986,1988,0.0,31.6,36.3,151.1,114.3,276.3,416.3,428.5,504.5,79.3,114.7,55.7,2208.6,31.6,301.7,1625.7,249.7,988,,KOTTAYAM,
Kerala,Kottayam,IMD110-P986,1989,6.6,0.0,1.5,98.9,230.3,679.6,453.9,327.3,247.5,411.0,89.0,0.0,2545.6,6.6,330.8,1708.3,500.0,988,,KOTTAYAM,
Kerala,Kottayam,IMD110-P986,1990,30.6,0.0,12.6,32.4,594.6,581.0,705.5,194.4,144.7,396.9,142.2,7.3,2842.2,30.6,639.6,1625.6,546.4,988,,KOTTAYAM,
Kerala,Kottayam,IMD110-P986,1991,0.0,10.5,34.8,108.9,142.0,1304.2,598.4,429.6,53.8,263.3,53.1,2.5,3000.9,10.5,285.7,2385.9,318.8,988,,KOTTAYAM,
Kerala,Kottayam,IMD110-P986,1992,0.0,0.0,0.0,47.8,346.7,801.0,694.2,489.6,278.5,303.4,264.1,1.4,3226.8,0.0,394.6,2263.3,568.9,988,,KOTTAYAM,
Kerala,Kottayam,IMD110-P986,1993,0.0,10.7,11.5,81.6,167.1,798.0,794.0,164.1,74.4,575.5,189.3,57.6,2923.8,10.7,260.2,1830.5,822.3,988,,KOTTAYAM,
Kerala,Kottayam,IMD110-P986,1994,43.2,108.1,41.3,212.5,201.8,684.9,666.4,566.5,195.5,401.7,141.7,1.6,3265.2,151.3,455.6,2113.3,545.0,988,,KOTTAYAM,
Kerala,Kottayam,IMD110-P986,1995,3.3,0.0,71.4,196.5,456.6,459.9,625.1,578.7,372.2,217.4,207.3,0.0,3188.4,3.3,724.6,2035.9,424.7,988,,KOTTAYAM,
Kerala,Kottayam,IMD110-P986,1996,5.8,6.6,2.8,114.1,96.1,434.2,627.0,284.2,400.0,341.7,196.8,90.2,2599.5,12.5,212.9,1745.4,628.7,988,,KOTTAYAM,
Kerala,Kottayam,IMD110-P986,1997,1.3,0.0,36.7,116.3,236.9,452.5,748.7,473.7,315.2,373.0,309.7,162.9,3226.9,1.3,389.9,1990.1,845.6,988,,KOTTAYAM,
Kerala,Kottayam,IMD110-P986,1998,48.9,0.0,58.0,114.7,129.9,800.1,505.0,395.0,713.0,515.0,114.1,108.8,3502.6,48.9,302.6,2413.1,737.9,988,,KOTTAYAM,
Kerala,Kottayam,IMD110-P986,1999,10.0,5.0,81.4,159.4,544.8,632.2,534.3,227.8,102.8,636.4,109.3,10.3,3053.7,15.0,785.6,1497.1,756.0,988,,KOTTAYAM,
Kerala,Kottayam,IMD110-P986,2000,12.2,70.3,118.2,103.1,116.3,589.4,283.0,656.5,219.0,184.1,83.5,33.4,2469.1,82.5,337.6,1748.0,300.9,988,,KOTTAYAM,
Kerala,Kottayam,IMD110-P986,2001,16.4,39.2,7.0,224.2,234.0,695.1,589.1,312.6,316.3,422.8,251.9,23.7,3132.1,55.6,465.1,1913.1,698.3,988,,KOTTAYAM,
Kerala,Kottayam,IMD110-P986,2002,7.2,49.9,66.7,266.2,368.1,431.7,403.2,408.6,75.3,508.4,265.1,2.6,2852.8,57.0,701.1,1318.7,776.0,989,,KOTTAYAM,
Kerala,Kottayam,IMD110-P986,2003,2.1,67.9,179.7,196.2,118.7,489.6,507.6,462.9,76.5,486.7,171.2,5.5,2764.6,69.9,494.6,1536.7,663.5,989,,KOTTAYAM,
Kerala,Kottayam,IMD110-P986,2004,10.8,10.1,89.4,176.8,735.6,465.9,377.9,301.6,234.8,408.4,132.8,0.0,2943.9,20.9,1001.8,1380.1,541.2,989,,KOTTAYAM,
Kerala,Kottayam,IMD110-P986,2005,17.8,8.8,73.7,275.1,175.3,630.1,630.5,274.5,415.7,371.7,228.1,61.3,3162.6,26.6,524.1,1950.7,661.2,989,,KOTTAYAM,
Kerala,Kottayam,IMD110-P986,2006,17.1,0.0,131.8,57.4,531.3,412.0,594.5,374.7,480.0,514.4,273.2,2.6,3389.1,17.1,720.6,1861.2,790.2,989,,KOTTAYAM,
Kerala,Kottayam,IMD110-P986,2007,0.0,24.0,4.4,245.7,224.3,625.3,853.2,307.9,485.3,342.0,137.9,9.5,3259.5,24.0,474.4,2271.6,489.4,989,,KOTTAYAM,
Kerala,Kottayam,IMD110-P986,2008,0.0,49.5,253.8,202.7,50.4,344.4,557.7,268.4,374.5,288.5,80.3,52.0,2522.1,49.5,506.9,1544.9,420.8,989,,KOTTAYAM,
Kerala,Kottayam,IMD110-P986,2009,9.4,1.8,78.5,69.8,204.8,460.2,553.1,225.7,280.8,188.4,277.1,76.6,2426.2,11.2,353.1,1519.8,542.1,989,,KOTTAYAM,
Kerala,Kottayam,IMD110-P986,2010,9.6,1.4,96.6,201.8,354.8,664.6,568.0,294.4,367.0,557.7,455.8,91.3,3662.8,10.9,653.2,1894.0,1104.8,989,,KOTTAYAM,
Kerala,Kozhikode,IMD110-P990,1901,11.8,17.7,52.4,99.1,135.3,1037.8,1007.3,490.3,281.7,240.5,361.7,64.9,3800.4,29.5,286.8,2817.0,667.2,990,,KOZHIKODE,
Kerala,Kozhikode,IMD110-P990,1902,17.1,3.0,29.6,68.5,160.2,532.5,1494.8,356.7,593.2,285.8,142.3,124.7,3808.4,20.1,258.3,2977.2,552.8,990,,KOZHIKODE,
Kerala,Kozhikode,IMD110-P990,1903,2.5,0.0,0.0,29.6,275.9,650.5,1353.6,483.8,295.1,284.5,163.3,35.0,3573.7,2.5,305.5,2783.0,482.7,990,,KOZHIKODE,
Kerala,Kozhikode,IMD110-P990,1904,15.3,1.0,14.7,60.0,263.8,1334.7,885.5,390.2,230.4,304.5,6.5,0.0,3506.6,16.3,338.5,2840.8,310.9,990,,KOZHIKODE,
Kerala,Kozhikode,IMD110-P990,1905,0.0,2.5,0.0,16.6,376.6,1020.1,832.7,377.7,230.4,366.6,89.8,0.0,3313.0,2.5,393.2,2460.9,456.4,990,,KOZHIKODE,
Kerala,Kozhikode,IMD110-P990,1906,42.7,0.0,2.1,9.5,161.4,459.3,1315.8,336.6,146.2,297.2,85.6,37.4,2893.8,42.7,173.0,2257.9,420.2,990,,KOZHIKODE,
Kerala,Kozhikode,IMD110-P990,1907,2.5,0.0,7.7,110.1,96.1,1280.9,1089.5,1533.0,139.3,278.8,311.5,63.5,4912.8,2.5,213.9,4042.6,653.8,990,,KOZHIKODE,
Kerala,Kozhikode,IMD110-P990,1908,0.0,16.8,9.7,114.6,112.3,870.9,1487.5,532.9,85.9,223.0,18.4,13.8,3485.9,16.8,236.7,2977.3,255.2,990,,KOZHIKODE,
Kerala,Kozhikode,IMD110-P990,1909,73.3,0.6,0.3,49.3,770.1,1005.4,1211.4,268.0,244.5,143.0,168.8,34.0,3968.6,73.9,819.7,2729.3,345.8,990,,KOZHIKODE,
Kerala,Kozhikode,IMD110-P990,1910,0.0,0.2,30.2,89.0,201.4,1171.3,599.1,729.5,330.9,274.3,213.4,0.0,3639.2,0.2,320.6,2830.8,487.7,990,,KOZHIKODE,
Kerala,Kozhikode,IMD110-P990,1911,2.3,0.0,0.0,7.5,161.4,1214.1,806.1,304.8,33.5,284.6,129.8,28.4,2972.5,2.3,168.9,2358.5,442.8,990,,KOZHIKODE,
Kerala,Kozhikode,IMD110-P990,1912,3.8,0.0,2.7,60.8,157.7,1302.8,1267.9,1009.4,157.7,540.4,124.8,14.8,4642.7,3.8,221.2,3737.7,680.0,990,,KOZHIKODE,
Kerala,Kozhikode,IMD110-P990,1913,0.0,6.0,0.1,34.7,252.4,756.2,1050.7,265.8,356.6,504.4,76.1,16.6,3319.5,6.0,287.2,2429.3,597.1,990,,KOZHIKODE,
Kerala,Kozhikode,IMD110-P990,1914,0.0,0.0,0.0,8.1,128.0,766.8,1176.5,587.3,229.7,393.9,91.0,133.0,3514.5,0.0,136.2,2760.4,617.9,990,,KOZHIKODE,
Kerala,Kozhikode,IMD110-P990,1915,1.1,0.0,2.6,77.2,135.3,882.1,918.2,485.3,357.6,217.6,285.3,2.5,3364.9,1.1,215.1,2643.2,505.5,990,,KOZHIKODE,
Kerala,Kozhikode,IMD110-P990,1916,0.0,2.1,1.5,67.1,227.2,1312.3,687.6,532.6,433.6,364.3,95.9,19.0,3743.3,2.1,295.8,2966.1,479.2,990,,KOZHIKODE,
Kerala,Kozhikode,IMD110-P990,1917,0.0,51.6,36.3,53.9,138.2,1078.2,450.4,373.5,438.2,393.4,285.9,18.0,3317.4,51.6,228.4,2340.2,697.2,990,,KOZHIKODE,
Kerala,Kozhikode,IMD110-P990,1918,16.3,0.0,16.1,52.9,963.0,655.6,250.9,499.4,194.1,214.1,405.1,68.2,3335.7,16.3,1032.1,1599.9,687.5,990,,KOZHIKODE,
Kerala,Kozhikode,IMD110-P990,1919,5.9,0.0,0.0,24.6,375.6,669.3,840.7,600.9,242.1,179.2,347.1,64.5,3350.0,5.9,400.3,2353.0,590.8,990,,KOZHIKODE,
Kerala,Kozhikode,IMD110-P990,1920,60.1,6.6,0.0,116.3,42.4,1421.8,1239.1,313.1,114.1,325.3,245.3,0.1,3884.3,66.7,158.7,3088.2,570.7,990,,KOZHIKODE,
Kerala,Kozhikode,IMD110-P990,1921,48.0,0.0,6.5,214.4,232.3,668.2,612.9,857.2,134.0,234.7,163.4,0.3,3171.9,48.0,453.2,2272.4,398.4,990,,KOZHIKODE,
Kerala,Kozhikode,IMD110-P990,1922,28.8,20.6,0.1,75.7,277.3,814.3,1666.4,391.7,208.9,139.0,225.6,5.4,3853.7,49.4,353.2,3081.2,369.9,990,,KOZHIKODE,
Kerala,Kozhikode,IMD110-P990,1923,39.9,0.0,52.5,25.6,66.2,952.0,1227.1,1332.5,232.7,166.1,47.3,16.1,4157.9,39.9,144.3,3744.3,229.4,990,,KOZHIKODE,
Kerala,Kozhikode,IMD110-P990,1924,12.4,0.0,64.7,142.8,245.3,1211.2,1810.7,916.7,228.3,120.4,161.0,24.8,4938.3,12.4,452.8,4167.0,306.2,990,,KOZHIKODE,
Kerala,Kozhikode,IMD110-P990,1925,0.0,0.2,53.3,95.4,308.4,964.3,995.8,814.2,97.8,270.4,211.6,152.7,3963.9,0.2,457.1,2872.0,634.7,990,,KOZHIKODE,
Kerala,Kozhikode,IMD110-P990,1926,13.9,0.0,23.8,7.0,189.4,705.2,1070.2,597.4,341.1,188.2,34.0,1.0,3171.0,13.9,220.2,2713.8,223.2,990,,KOZHIKODE,
Kerala,Kozhikode,IMD110-P990,1927,0.1,4.1,42.1,85.0,218.8,904.3,1236.9,380.0,366.0,94.2,239.6,0.0,3570.9,4.1,345.9,2887.1,333.8,990,,KOZHIKODE,
Kerala,Kozhikode,IMD110-P990,1928,3.4,61.8,47.3,39.1,93.9,755.7,629.0,600.5,82.0,281.4,162.7,54.1,2811.0,65.2,180.3,2067.3,498.2,990,,KOZHIKODE,
Kerala,Kozhikode,IMD110-P990,1929,2.2,0.0,49.0,171.7,177.6,1337.1,1152.2,389.8,262.6,298.1,150.4,27.2,4018.0,2.2,398.4,3141.7,475.8,990,,KOZHIKODE,
Kerala,Kozhikode,IMD110-P990,1930,6.6,0.0,20.1,21.1,534.8,880.7,652.7,329.9,386.7,384.7,192.1,98.6,3507.9,6.6,576.0,2250.0,675.4,990,,KOZHIKODE,
Kerala,Kozhikode,IMD110-P990,1931,1.2,0.0,0.0,117.6,185.3,698.8,956.8,1553.2,212.4,148.2,160.3,50.4,4084.1,1.2,303.0,3421.1,358.9,990,,KOZHIKODE,
Kerala,Kozhikode,IMD110-P990,1932,0.0,0.0,0.4,84.4,980.9,489.4,964.8,494.5,430.8,734.0,159.4,2.4,4341.1,0.0,1065.7,2379.6,895.8,990,,KOZHIKODE,
Kerala,Kozhikode,IMD110-P990,1933,0.0,0.0,21.3,187.5,696.1,1183.8,1077.0,522.5,477.7,439.1,86.5,15.8,4707.3,0.0,905.0,3261.0,541.3,990,,KOZHIKODE,
Kerala,Kozhikode,IMD110-P990,1934,14.0,1.1,5.0,134.5,100.5,1151.2,547.9,482.3,60.6,383.3,121.9,5.6,3007.9,15.2,240.0,2241.9,510.8,991,,KOZHIKODE,
Kerala,Kozhikode,IMD110-P990,1935,7.8,3.0,1.3,27.2,52.3,549.8,1184.2,309.6,299.4,374.0,77.7,17.7,2903.8,10.8,80.8,2342.9,469.3,991,,KOZHIKODE,
Kerala,Kozhikode,IMD110-P990,1936,0.8,22.9,102.8,35.8,509.1,972.0,938.7,573.2,283.0,249.1,206.0,18.4,3911.7,23.7,647.6,2766.9,473.5,991,,KOZHIKODE,
Kerala,Kozhikode,IMD110-P990,1937,0.0,0.5,16.4,128.8,224.1,655.2,1580.6,329.1,167.8,379.8,116.1,0.1,3598.3,0.5,369.2,2732.6,496.0,991,,KOZHIKODE,
Kerala,Kozhikode,IMD110-P990,1938,0.0,0.0,27.7,238.2,223.2,1131.0,1107.6,407.5,242.5,269.2,57.8,1.2,3705.8,0.0,489.0,2888.6,328.2,991,,KOZHIKODE,
Kerala,Kozhikode,IMD110-P990,1939,3.0,0.0,0.4,157.0,103.8,889.7,1056.7,410.6,101.8,363.5,181.7,2.1,3270.3,3.0,261.1,2458.8,547.3,991,,KOZHIKODE,
Kerala,Kozhikode,IMD110-P990,1940,1.0,0.0,0.0,88.4,226.9,828.2,1368.3,842.9,80.7,283.4,262.3,35.0,4017.2,1.0,315.4,3120.1,580.7,991,,KOZHIKODE,
Kerala,Kozhikode,IMD110-P990,1941,4.5,0.0,0.8,92.3,418.7,1120.5,507.2,508.3,214.0,267.2,285.6,31.8,3450.8,4.5,511.7,2350.1,584.5,991,,KOZHIKODE,
Kerala,Kozhikode,IMD110-P990,1942,0.0,0.0,26.9,308.1,204.2,1249.1,1031.3,386.9,103.4,371.9,83.7,110.7,3876.2,0.0,539.2,2770.6,566.3,991,,KOZHIKODE,
Kerala,Kozhikode,IMD110-P990,1943,31.4,18.8,6.5,100.1,572.6,985.3,973.6,222.3,267.0,569.8,329.2,35.8,4112.6,50.3,679.2,2448.3,934.9,991,,KOZHIKODE,
Kerala,Kozhikode,IMD110-P990,1944,0.8,10.2,8.1,46.0,197.2,692.5,864.3,347.2,101.3,205.2,284.1,86.9,2843.8,11.0,251.4,2005.3,576.1,991,,KOZHIKODE,
Kerala,Kozhikode,IMD110-P990,1945,0.0,72.3,4.1,108.8,59.5,810.8,914.9,494.1,216.8,146.3,234.5,0.0,3062.4,72.3,172.4,2436.8,380.8,991,,KOZHIKODE,
Kerala,Kozhikode,IMD110-P990,1946,0.0,0.0,48.2,132.5,80.6,1342.3,1105.3,991.6,279.0,280.9,226.0,204.5,4690.9,0.0,261.3,3718.2,711.4,991,,KOZHIKODE,
Kerala,Kozhikode,IMD110-P990,1947,10.6,18.1,92.5,190.4,83.3,760.8,1130.6,715.1,377.6,135.9,22.5,33.5,3570.9,28.8,366.2,2984.1,191.9,991,,KOZHIKODE,
Kerala,Kozhikode,IMD110-P990,1948,54.2,0.0,42.7,117.8,251.0,1132.3,810.0,482.2,175.1,163.8,271.1,14.6,3514.6,54.2,411.4,2599.5,449.5,991,,KOZHIKODE,
Kerala,Kozhikode,IMD110-P990,1949,0.0,0.0,1.5,135.9,565.7,701.4,1093.5,577.5,431.8,196.8,47.3,0.0,3751.2,0.0,703.0,2804.2,244.0,991,,KOZHIKODE,
Kerala,Kozhikode,IMD110-P990,1950,0.0,11.0,0.3,22.7,294.8,817.0,1364.1,486.1,511.7,304.1,110.8,0.3,3923.0,11.0,317.8,3178.9,415.3,991,,KOZHIKODE,
Kerala,Kozhikode,IMD110-P990,1951,0.0,5.8,0.0,124.1,117.3,1030.5,799.0,258.7,315.8,186.1,216.5,33.2,3087.1,5.8,241.4,2404.0,435.9,991,,KOZHIKODE,
Kerala,Kozhikode,IMD110-P990,1952,0.0,11.6,5.5,93.6,208.4,966.0,661.9,474.3,25.2,424.2,0.4,98.7,2969.8,11.6,307.5,2127.4,523.3,991,,KOZHIKODE,
Kerala,Kozhikode,IMD110-P990,1953,0.0,59.5,6.9,54.9,32.6,503.0,1526.9,369.5,71.9,423.5,55.4,0.0,3104.1,59.5,94.4,2471.3,478.9,991,,KOZHIKODE,
Kerala,Kozhikode,IMD110-P990,1954,16.5,0.6,32.6,90.0,192.7,1458.8,938.2,679.5,245.3,245.8,30.4,24.6,3954.9,17.1,315.3,3321.8,300.7,991,,KOZHIKODE,
Kerala,Kozhikode,IMD110-P990,1955,1.0,3.7,7.1,132.1,823.8,1239.2,601.2,362.4,545.7,539.9,171.6,0.8,4428.4,4.7,962.9,2748.5,712.2,991,,KOZHIKODE,
Kerala,Kozhikode,IMD110-P990,1956,0.1,0.0,12.4,165.5,510.1,996.2,667.3,363.4,191.0,354.8,199.2,0.6,3460.6,0.1,688.0,2217.9,554.6,991,,KOZHIKODE,
Kerala,Kozhikode,IMD110-P990,1957,0.0,0.0,0.2,33.8,374.5,1451.4,1238.2,464.0,26.7,269.9,128.4,0.5,3987.6,0.0,408.5,3180.2,398.8,991,,KOZHIKODE,
Kerala,Kozhikode,IMD110-P990,1958,1.9,0.8,50.5,78.6,245.3,909.4,910.8,503.3,111.2,80.1,129.6,0.0,3021.4,2.7,374.5,2434.7,209.6,991,,KOZHIKODE,
Kerala,Kozhikode,IMD110-P990,1959,0.0,0.3,0.0,133.3,416.9,1188.2,1639.2,456.3,500.4,138.7,157.3,16.1,4646.7,0.3,550.3,3784.0,312.1,991,,KOZHIKODE,
Kerala,Kozhikode,IMD110-P990,1960,0.0,0.0,74.5,193.6,510.8,745.3,860.5,301.7,346.7,171.2,374.3,12.4,3591.0,0.0,778.9,2254.3,557.8,991,,KOZHIKODE,
Kerala,Kozhikode,IMD110-P990,1961,0.0,1.2,4.9,32.3,602.7,1661.4,1550.6,1086.8,929.8,213.5,148.4,4.7,6236.4,1.2,639.9,5228.6,366.6,991,,KOZHIKODE,
Kerala,Kozhikode,IMD110-P990,1962,18.2,38.1,0.0,60.8,610.5,307.5,1136.0,727.7,394.5,683.8,18.2,158.0,4153.1,56.2,671.2,2565.6,860.0,991,,KOZHIKODE,
Kerala,Kozhikode,IMD110-P990,1963,56.1,0.1,95.5,62.0,212.0,514.8,944.1,692.0,183.5,221.5,22.5,48.1,3052.1,56.2,369.5,2334.4,292.1,991,,KOZHIKODE,
Kerala,Kozhikode,IMD110-P990,1964,0.0,0.0,30.8,54.5,26.3,600.9,796.1,621.7,337.7,211.0,135.5,25.6,2839.9,0.0,111.5,2356.3,372.0,991,,KOZHIKODE,
Kerala,Kozhikode,IMD110-P990,1965,0.0,0.0,1.8,53.3,207.0,876.3,526.6,401.8,130.5,206.8,53.7,100.5,2558.3,0.0,262.1,1935.1,361.0,991,,KOZHIKODE,
Kerala,Kozhikode,IMD110-P990,1966,0.0,3.3,16.4,65.3,181.0,630.3,704.8,251.8,250.5,451.6,202.8,51.6,2809.4,3.3,262.6,1837.4,705.9,991,,KOZHIKODE,
Kerala,Kozhikode,IMD110-P990,1967,1.2,0.0,10.7,54.2,215.7,686.6,1010.3,632.9,111.9,159.2,66.5,19.0,2968.2,1.2,280.6,2441.8,244.7,991,,KOZHIKODE,
Kerala,Kozhikode,IMD110-P990,1968,0.0,0.7,76.2,128.2,94.9,867.1,1854.9,625.3,364.0,97.7,94.0,3.0,4206.1,0.7,299.3,3711.3,194.8,992,,KOZHIKODE,
Kerala,Kozhikode,IMD110-P990,1969,0.0,0.0,0.2,135.7,326.9,780.6,851.3,328.5,267.7,150.7,127.4,69.7,3038.8,0.0,462.9,2228.2,347.8,992,,KOZHIKODE,
Kerala,Kozhikode,IMD110-P990,1970,4.6,0.0,12.5,128.8,406.9,699.5,1010.1,956.2,245.4,227.5,60.2,1.2,3752.8,4.6,548.2,2911.2,288.8,992,,KOZHIKODE,
Kerala,Kozhikode,IMD110-P990,1971,0.0,0.7,2.0,101.5,449.9,1230.6,1063.7,501.8,303.1,185.2,0.6,22.5,3861.5,0.7,553.4,3099.2,208.3,992,,KOZHIKODE,
Kerala,Kozhikode,IMD110-P990,1972,0.0,0.5,0.0,50.7,535.0,562.6,968.3,347.6,107.5,414.0,179.0,70.7,3235.9,0.5,585.7,1985.9,663.8,992,,KOZHIKODE,
Kerala,Kozhikode,IMD110-P990,1973,0.0,0.0,0.0,62.6,82.8,863.8,897.3,774.9,22.3,160.0,113.1,14.8,2991.7,0.0,145.4,2558.3,287.9,992,,KOZHIKODE,
Kerala,Kozhikode,IMD110-P990,1974,0.0,0.0,14.8,182.4,261.9,324.5,1775.5,644.8,609.8,86.2,36.6,0.0,3936.4,0.0,459.1,3354.5,122.8,992,,KOZHIKODE,
Kerala,Kozhikode,IMD110-P990,1975,0.0,3.2,74.9,101.1,192.8,1299.2,783.9,871.0,618.0,364.0,161.4,31.3,4500.6,3.2,368.8,3572.1,556.6,992,,KOZHIKODE,
Kerala,Kozhikode,IMD110-P990,1976,0.0,0.0,15.6,103.1,43.0,215.4,950.1,387.8,147.6,339.3,372.3,36.6,2610.7,0.0,161.7,1700.9,748.2,992,,KOZHIKODE,
Kerala,Kozhikode,IMD110-P990,1977,0.0,2.9,11.3,71.9,315.9,962.8,1545.0,362.3,188.0,509.9,718.4,0.0,4688.4,2.9,399.1,3058.0,1228.3,992,,KOZHIKODE,
Kerala,Kozhikode,IMD110-P990,1978,0.0,3.7,0.0,1.1,640.7,1294.3,1254.1,570.2,140.1,128.9,421.1,53.2,4507.5,3.7,641.8,3258.8,603.2,992,,KOZHIKODE,
Kerala,Kozhikode,IMD110-P990,1979,4.6,2.8,3.0,41.8,285.5,857.0,1103.3,532.1,90.8,98.9,235.4,11.7,3267.0,7.4,330.4,2583.2,346.0,992,,KOZHIKODE,
Kerala,Kozhikode,IMD110-P990,1980,0.0,0.0,1.7,203.9,57.2,1028.4,816.3,508.6,130.3,220.1,155.0,11.8,3133.2,0.0,262.8,2483.6,386.9,992,,KOZHIKODE,
Kerala,Kozhikode,IMD110-P990,1981,0.0,0.0,1.5,99.8,179.7,1258.8,580.3,571.6,366.0,280.9,107.9,24.2,3470.7,0.0,281.1,2776.7,412.9,992,,KOZHIKODE,
Kerala,Kozhikode,IMD110-P990,1982,0.0,0.0,2.5,8.8,173.8,800.5,734.2,815.9,126.3,164.3,137.7,0.0,2963.9,0.0,185.1,2476.8,302.0,992,,KOZHIKODE,
Kerala,Kozhikode,IMD110-P990,1983,0.0,0.0,0.0,0.6,43.8,403.6,813.9,1030.6,654.1,216.1,52.7,67.8,3283.1,0.0,44.4,2902.1,336.7,992,,KOZHIKODE,
Kerala,Kozhikode,IMD110-P990,1984,10.9,25.5,46.6,296.1,42.9,944.5,652.7,395.3,87.1,305.3,94.7,12.7,2914.4,36.4,385.6,2079.7,412.8,992,,KOZHIKODE,
Kerala,Kozhikode,IMD110-P990,1985,38.5,1.8,40.3,16.7,329.5,1113.9,585.1,403.9,79.7,240.6,33.0,27.5,2910.4,40.3,386.5,2182.6,301.0,992,,KOZHIKODE,
Kerala,Kozhikode,IMD110-P990,1986,0.7,0.0,1.9,19.8,166.1,1011.7,426.7,361.9,399.3,96.3,409.0,0.0,2893.3,0.7,187.8,2199.5,505.3,992,,KOZHIKODE,
Kerala,Kozhikode,IMD110-P990,1987,0.0,0.0,0.0,38.2,65.0,819.1,405.4,425.5,124.8,430.5,265.4,71.1,2644.9,0.0,103.2,1774.8,767.0,992,,KOZHIKODE,
Kerala,Kozhikode,IMD110-P990,1988,0.0,0.3,19.0,187.0,325.3,837.1,744.7,476.9,434.8,76.6,78.3,88.8,3268.8,0.3,531.3,2493.5,243.8,992,,KOZHIKODE,
Kerala,Kozhikode,IMD110-P990,1989,0.0,0.0,12.0,69.8,181.4,913.0,565.9,324.8,246.4,320.3,52.5,29.2,2715.4,0.0,263.3,2050.1,402.0,992,,KOZHIKODE,
Kerala,Kozhikode,IMD110-P990,1990,0.2,0.0,,0.1,802.9,559.3,887.8,331.7,119.6,349.4,112.0,5.3,,0.2,,1898.5,466.7,992,missing_months,KOZHIKODE,
Kerala,Kozhikode,IMD110-P990,1991,0.1,0.0,3.0,78.8,68.5,1168.3,995.1,598.9,16.4,257.7,55.8,0.0,3242.4,0.1,150.2,2778.7,313.4,992,,KOZHIKODE,
Kerala,Kozhikode,IMD110-P990,1992,0.0,0.0,0.0,65.2,195.0,939.6,863.9,594.2,283.6,259.6,189.1,0.0,3390.2,0.0,260.2,2681.3,448.7,992,,KOZHIKODE,
Kerala,Kozhikode,IMD110-P990,1993,0.0,2.0,0.3,15.1,133.6,832.4,847.7,305.6,52.5,374.3,120.2,57.2,2740.8,2.0,149.0,2038.2,551.6,992,,KOZHIKODE,
Kerala,Kozhikode,IMD110-P990,1994,1.0,0.0,23.5,234.8,97.2,1157.3,1396.7,527.0,179.7,448.2,94.1,4.3,4164.0,1.0,355.6,3260.8,546.6,992,,KOZHIKODE,
Kerala,Kozhikode,IMD110-P990,1995,2.2,0.2,0.0,133.0,243.8,718.0,1041.6,618.4,264.5,206.5,122.8,0.0,3351.1,2.4,376.8,2642.6,329.3,992,,KOZHIKODE,
Kerala,Kozhikode,IMD110-P990,1996,0.0,0.0,24.2,56.3,72.9,744.8,908.8,350.8,338.6,294.5,51.6,60.5,2903.1,0.0,153.5,2343.0,406.6,992,,KOZHIKODE,
Kerala,Kozhikode,IMD110-P990,1997,2.4,0.0,9.0,1.5,67.3,1080.6,1438.2,658.9,168.7,214.4,252.7,53.3,3946.8,2.4,77.7,3346.4,520.3,992,,KOZHIKODE,
Kerala,Kozhikode,IMD110-P990,1998,0.0,2.9,7.3,9.0,204.7,1061.3,788.7,315.5,505.1,403.1,38.8,58.5,3394.8,2.9,221.1,2670.6,500.3,992,,KOZHIKODE,
Kerala,Kozhikode,IMD110-P990,1999,0.0,1.5,27.5,68.8,511.2,707.2,698.5,287.5,51.1,353.5,25.4,5.5,2737.5,1.5,607.5,1744.2,384.3,992,,KOZHIKODE,
Kerala,Kozhikode,IMD110-P990,2000,8.0,0.7,0.0,90.8,125.1,747.5,457.1,439.1,114.9,273.5,105.3,101.9,2463.9,8.7,215.9,1758.6,480.8,992,,KOZHIKODE,
Kerala,Kozhikode,IMD110-P990,2001,8.9,1.1,0.0,225.2,330.4,700.8,538.5,366.7,125.4,281.2,142.4,13.9,2734.6,10.1,555.6,1731.4,437.5,992,,KOZHIKODE,
Kerala,Kozhikode,IMD110-P990,2002,0.0,0.4,21.4,51.6,450.7,589.0,339.8,419.1,119.2,593.3,109.0,0.0,2693.5,0.4,523.6,1467.1,702.3,993,,KOZHIKODE,
Kerala,Kozhikode,IMD110-P990,2003,5.0,26.8,5.2,111.0,68.5,919.2,613.0,230.4,165.0,257.8,47.4,0.3,2449.5,31.8,184.7,1927.6,305.5,993,,KOZHIKODE,
Kerala,Kozhikode,IMD110-P990,2004,0.9,0.1,1.0,84.9,732.5,935.1,387.9,428.4,279.4,349.2,131.0,0.4,3331.0,1.0,818.5,2030.9,480.6,993,,KOZHIKODE,
Kerala,Kozhikode,IMD110-P990,2005,16.8,5.1,0.0,57.2,47.6,566.7,676.1,237.3,283.2,212.8,154.8,10.2,2267.7,21.9,104.8,1763.2,377.8,993,,KOZHIKODE,
Kerala,Kozhikode,IMD110-P990,2006,6.0,0.0,12.2,5.5,579.1,743.3,1045.2,801.4,613.9,261.0,93.0,0.0,4160.5,6.0,596.7,3203.8,354.0,993,,KOZHIKODE,
Kerala,Kozhikode,IMD110-P990,2007,0.0,0.1,4.1,137.4,423.9,905.7,1185.3,711.7,698.9,481.5,101.5,0.0,4650.1,0.1,565.4,3501.5,583.0,993,,KOZHIKODE,
Kerala,Kozhikode,IMD110-P990,2008,0.0,1.8,267.9,134.2,69.5,821.3,577.6,391.3,510.8,609.5,18.5,4.0,3406.5,1.8,471.6,2301.0,632.0,993,,KOZHIKODE,
Kerala,Kozhikode,IMD110-P990,2009,0.0,0.0,43.5,63.1,179.1,608.4,1817.5,301.2,337.8,321.2,335.1,22.7,4029.6,0.0,285.8,3064.9,679.0,993,,KOZHIKODE,
Kerala,Kozhikode,IMD110-P990,2010,7.1,0.3,0.0,143.1,250.1,1094.3,897.7,368.8,323.2,495.1,279.9,14.0,3873.5,7.3,393.2,2684.0,788.9,993,,KOZHIKODE,
Kerala,Malapuram,IMD110-P994,1901,18.9,29.7,37.6,121.2,109.5,792.0,794.3,327.5,205.0,245.0,366.2,34.2,3081.2,48.6,268.3,2118.8,645.5,994,,MALAPPURAM,
Kerala,Malapuram,IMD110-P994,1902,1.6,1.3,54.0,62.9,73.8,313.9,1269.8,214.3,429.1,296.6,161.4,128.9,3007.7,2.9,190.7,2227.1,586.9,994,,MALAPPURAM,
Kerala,Malapuram,IMD110-P994,1903,0.0,0.0,1.5,24.6,201.1,596.8,963.7,364.5,161.0,285.2,221.0,54.1,2873.4,0.0,227.1,2086.0,560.3,994,,MALAPPURAM,
Kerala,Malapuram,IMD110-P994,1904,20.1,0.3,25.5,38.7,253.9,973.7,610.6,336.5,188.0,378.2,14.6,0.0,2839.9,20.3,318.1,2108.7,392.7,994,,MALAPPURAM,
Kerala,Malapuram,IMD110-P994,1905,0.0,6.1,0.3,31.3,220.3,814.4,515.4,231.3,171.8,497.4,53.7,0.0,2542.0,6.1,251.9,1732.9,551.1,994,,MALAPPURAM,
Kerala,Malapuram,IMD110-P994,1906,25.5,1.4,3.3,4.2,113.9,337.3,982.4,270.1,108.7,160.8,130.4,53.0,2191.0,26.9,121.4,1698.5,344.3,994,,MALAPPURAM,
Kerala,Malapuram,IMD110-P994,1907,9.3,0.0,5.8,138.4,92.4,869.1,731.8,1160.4,152.9,355.7,149.4,39.9,3704.9,9.3,236.6,2914.1,544.9,994,,MALAPPURAM,
Kerala,Malapuram,IMD110-P994,1908,0.7,22.0,15.6,59.6,95.6,619.0,966.2,309.3,96.5,184.7,24.1,2.7,2396.0,22.7,170.8,1991.0,211.5,994,,MALAPPURAM,
Kerala,Malapuram,IMD110-P994,1909,38.2,13.1,10.5,71.0,467.1,840.6,819.7,202.8,176.7,138.5,134.3,19.5,2932.0,51.3,548.6,2039.8,292.3,994,,MALAPPURAM,
Kerala,Malapuram,IMD110-P994,1910,3.1,2.7,8.3,86.5,122.7,681.5,407.0,371.2,207.3,383.7,225.1,0.0,2499.0,5.8,217.5,1667.0,608.7,994,,MALAPPURAM,
Kerala,Malapuram,IMD110-P994,1911,0.0,0.2,7.6,30.9,155.6,1018.2,779.9,162.7,19.3,282.4,122.9,43.7,2623.4,0.2,194.1,1980.2,449.0,994,,MALAPPURAM,
Kerala,Malapuram,IMD110-P994,1912,1.2,0.0,0.0,80.5,182.7,1075.9,909.4,519.4,126.8,422.7,135.4,0.5,3454.6,1.2,263.2,2631.6,558.6,994,,MALAPPURAM,
Kerala,Malapuram,IMD110-P994,1913,0.0,0.0,2.7,15.9,169.0,621.5,882.6,199.6,199.6,527.3,73.7,57.4,2749.5,0.0,187.7,1903.4,658.4,994,,MALAPPURAM,
Kerala,Malapuram,IMD110-P994,1914,0.0,0.0,4.1,0.7,62.4,590.0,982.9,331.3,188.8,477.6,72.7,84.7,2795.1,0.0,67.2,2093.0,635.0,994,,MALAPPURAM,
Kerala,Malapuram,IMD110-P994,1915,6.5,8.6,45.9,67.7,65.7,657.1,742.4,367.5,314.0,184.3,351.0,16.7,2827.4,15.0,179.3,2081.1,552.0,994,,MALAPPURAM,
Kerala,Malapuram,IMD110-P994,1916,0.0,4.5,4.0,62.4,206.7,924.3,577.3,358.0,280.0,228.0,83.7,20.5,2749.5,4.5,273.1,2139.6,332.2,994,,MALAPPURAM,
Kerala,Malapuram,IMD110-P994,1917,0.0,30.2,49.7,24.2,90.8,694.1,295.4,237.6,499.6,290.8,233.2,30.3,2475.9,30.2,164.7,1726.6,554.3,994,,MALAPPURAM,
Kerala,Malapuram,IMD110-P994,1918,4.0,0.0,6.7,22.4,754.9,443.7,179.4,350.2,71.6,229.6,377.1,36.6,2476.0,4.0,783.9,1044.8,643.3,994,,MALAPPURAM,
Kerala,Malapuram,IMD110-P994,1919,6.6,0.5,3.8,46.8,240.8,617.6,627.9,494.4,208.9,233.4,308.8,20.5,2810.1,7.1,291.5,1948.8,562.7,994,,MALAPPURAM,
Kerala,Malapuram,IMD110-P994,1920,11.8,0.3,5.4,211.5,76.3,973.5,976.2,199.9,124.9,395.8,377.3,0.0,3352.9,12.0,293.1,2274.6,773.1,994,,MALAPPURAM,
Kerala,Malapuram,IMD110-P994,1921,6.9,0.0,3.8,144.0,104.6,462.1,564.1,638.9,96.4,292.9,137.1,0.0,2450.8,6.9,252.4,1761.5,430.0,994,,MALAPPURAM,
Kerala,Malapuram,IMD110-P994,1922,0.0,0.0,21.8,30.6,331.7,568.9,1129.5,291.3,204.1,180.1,266.8,22.3,3047.0,0.0,384.1,2193.7,469.2,994,,MALAPPURAM,
Kerala,Malapuram,IMD110-P994,1923,14.5,0.0,67.5,21.4,113.2,651.1,1069.0,1004.2,179.9,149.8,118.6,5.4,3394.6,14.5,202.1,2904.2,273.8,994,,MALAPPURAM,
Kerala,Malapuram,IMD110-P994,1924,17.1,0.0,62.1,103.0,163.3,986.1,1709.3,697.5,244.8,189.9,129.5,34.5,4337.2,17.1,328.4,3637.8,353.9,994,,MALAPPURAM,
Kerala,Malapuram,IMD110-P994,1925,0.0,1.0,36.4,58.4,250.7,620.8,731.9,571.9,142.5,298.5,228.6,79.7,3020.4,1.0,345.5,2067.0,606.9,994,,MALAPPURAM,
Kerala,Malapuram,IMD110-P994,1926,17.9,6.3,6.7,19.8,159.4,716.4,1152.5,596.0,318.7,189.2,87.5,3.9,3274.0,24.2,185.8,2783.5,280.5,994,,MALAPPURAM,
Kerala,Malapuram,IMD110-P994,1927,0.8,11.7,17.0,55.8,274.0,694.1,1018.6,308.9,401.6,88.8,141.5,0.0,3012.8,12.4,346.8,2423.3,230.3,994,,MALAPPURAM,
Kerala,Malapuram,IMD110-P994,1928,2.3,59.6,36.3,88.8,44.9,566.1,481.5,615.8,42.9,307.1,127.1,37.5,2409.7,61.9,169.9,1706.2,471.7,994,,MALAPPURAM,
Kerala,Malapuram,IMD110-P994,1929,0.0,6.9,7.8,233.7,140.8,1042.5,969.7,272.2,198.8,271.0,116.2,1.5,3261.0,6.9,382.4,2483.2,388.6,994,,MALAPPURAM,
Kerala,Malapuram,IMD110-P994,1930,0.9,10.9,17.0,64.1,420.9,680.8,383.6,257.0,393.9,435.3,210.0,78.1,2952.5,11.8,502.0,1715.3,723.4,994,,MALAPPURAM,
Kerala,Malapuram,IMD110-P994,1931,0.3,0.0,5.5,87.7,122.5,510.5,754.8,1279.8,157.3,171.6,129.5,63.5,3283.1,0.3,215.8,2702.5,364.5,994,,MALAPPURAM,
Kerala,Malapuram,IMD110-P994,1932,0.0,0.0,0.0,75.1,815.5,362.7,840.9,394.7,293.0,547.3,141.5,19.7,3490.4,0.0,890.6,1891.3,708.5,994,,MALAPPURAM,
Kerala,Malapuram,IMD110-P994,1933,0.0,0.0,5.7,132.5,654.5,927.7,684.4,353.0,430.9,461.0,81.7,30.6,3762.0,0.0,792.7,2396.0,573.3,994,,MALAPPURAM,
Kerala,Malapuram,IMD110-P994,1934,16.1,0.0,5.2,93.3,71.0,874.4,374.9,299.9,26.4,371.3,102.0,1.3,2235.8,16.1,169.5,1575.7,474.6,995,,MALAPPURAM,
Kerala,Malapuram,IMD110-P994,1935,8.5,0.0,0.0,69.0,55.0,419.7,820.6,198.7,277.3,386.5,82.8,8.7,2326.8,8.5,124.0,1716.3,478.0,995,,MALAPPURAM,
Kerala,Malapuram,IMD110-P994,1936,0.0,2.7,85.9,39.1,325.7,716.5,803.7,414.9,267.9,273.3,250.8,5.1,3185.5,2.7,450.7,2202.9,529.2,995,,MALAPPURAM,
Kerala,Malapuram,IMD110-P994,1937,0.0,0.1,39.3,145.4,113.6,529.8,1085.0,265.1,117.5,397.7,105.2,4.1,2802.7,0.1,298.2,1997.4,507.0,995,,MALAPPURAM,
Kerala,Malapuram,IMD110-P994,1938,0.0,4.2,20.3,141.4,159.3,757.5,770.3,263.6,129.4,221.9,53.6,4.3,2525.7,4.2,320.9,1920.8,279.8,995,,MALAPPURAM,
Kerala,Malapuram,IMD110-P994,1939,0.1,1.5,0.1,148.7,63.2,770.4,803.7,419.5,93.2,364.4,200.4,1.0,2866.2,1.6,212.0,2086.9,565.8,995,,MALAPPURAM,
Kerala,Malapuram,IMD110-P994,1940,0.3,0.0,0.0,91.8,199.4,599.1,1049.0,544.9,45.6,281.2,292.1,36.3,3139.5,0.3,291.2,2238.5,609.6,995,,MALAPPURAM,
Kerala,Malapuram,IMD110-P994,1941,1.9,0.8,0.5,104.8,456.7,1026.0,547.4,541.0,129.0,279.9,221.5,31.4,3340.8,2.6,562.0,2243.3,532.8,995,,MALAPPURAM,
Kerala,Malapuram,IMD110-P994,1942,0.0,0.0,3.7,152.9,130.9,866.4,772.6,260.4,65.2,426.2,60.4,78.7,2817.4,0.0,287.5,1964.6,565.3,995,,MALAPPURAM,
Kerala,Malapuram,IMD110-P994,1943,58.0,0.9,15.9,99.9,389.8,686.2,853.2,153.6,191.8,408.2,158.3,14.8,3030.6,58.9,505.6,1884.8,581.3,995,,MALAPPURAM,
Kerala,Malapuram,IMD110-P994,1944,3.6,8.1,11.6,47.4,125.4,552.6,754.8,197.2,137.3,277.1,249.1,70.0,2434.2,11.6,184.4,1642.0,596.2,995,,MALAPPURAM,
Kerala,Malapuram,IMD110-P994,1945,0.0,11.5,0.3,61.3,59.0,623.5,753.0,344.2,79.5,205.3,239.3,0.0,2377.0,11.5,120.7,1800.2,444.6,995,,MALAPPURAM,
Kerala,Malapuram,IMD110-P994,1946,0.0,0.1,40.7,138.4,40.5,1008.4,611.3,708.2,157.0,234.0,263.2,211.1,3413.0,0.1,219.6,2484.9,708.3,995,,MALAPPURAM,
Kerala,Malapuram,IMD110-P994,1947,3.0,15.8,93.5,85.4,77.8,452.1,771.6,523.0,286.9,119.0,13.1,29.0,2470.1,18.8,256.6,2033.6,161.1,995,,MALAPPURAM,
Kerala,Malapuram,IMD110-P994,1948,36.9,8.6,61.8,77.6,189.5,891.5,665.1,370.8,155.9,141.1,203.0,8.6,2810.3,45.4,328.9,2083.3,352.7,995,,MALAPPURAM,
Kerala,Malapuram,IMD110-P994,1949,0.0,0.0,1.3,85.2,500.4,469.2,763.6,323.1,337.4,139.8,79.3,0.0,2699.2,0.0,586.9,1893.2,219.0,995,,MALAPPURAM,
Kerala,Malapuram,IMD110-P994,1950,0.0,46.3,4.7,33.2,170.9,655.3,843.0,313.4,355.8,253.8,170.3,0.2,2847.0,46.3,208.8,2167.5,424.4,995,,MALAPPURAM,
Kerala,Malapuram,IMD110-P994,1951,0.0,13.9,6.7,233.4,119.2,828.8,524.6,170.5,335.0,261.4,243.0,20.6,2757.2,13.9,359.3,1858.9,525.0,995,,MALAPPURAM,
Kerala,Malapuram,IMD110-P994,1952,0.0,22.8,3.1,43.1,122.6,594.0,457.9,364.9,24.8,331.2,5.2,74.8,2044.3,22.8,168.7,1441.6,411.2,995,,MALAPPURAM,
Kerala,Malapuram,IMD110-P994,1953,0.0,13.2,2.0,69.4,38.4,353.3,1118.6,331.6,59.5,389.3,27.6,0.5,2403.6,13.2,109.9,1863.1,417.5,995,,MALAPPURAM,
Kerala,Malapuram,IMD110-P994,1954,10.2,0.0,35.7,123.3,182.5,887.7,588.5,396.5,160.9,282.2,24.9,21.0,2713.4,10.2,341.5,2033.6,328.2,995,,MALAPPURAM,
Kerala,Malapuram,IMD110-P994,1955,0.1,0.0,8.3,122.2,515.0,740.7,296.6,217.7,511.1,496.3,108.9,10.2,3027.2,0.1,645.5,1766.0,615.5,995,,MALAPPURAM,
Kerala,Malapuram,IMD110-P994,1956,1.6,3.9,8.3,146.9,381.0,620.3,477.9,349.0,141.5,213.6,187.1,2.0,2533.1,5.5,536.2,1588.6,402.8,995,,MALAPPURAM,
Kerala,Malapuram,IMD110-P994,1957,0.0,0.6,17.6,44.2,303.6,1028.9,886.5,297.3,20.1,261.7,192.7,2.4,3055.6,0.6,365.4,2232.8,456.8,995,,MALAPPURAM,
Kerala,Malapuram,IMD110-P994,1958,0.0,10.8,23.8,104.7,382.9,672.6,744.4,387.6,42.6,133.0,204.3,1.5,2708.3,10.8,511.4,1847.2,338.8,995,,MALAPPURAM,
Kerala,Malapuram,IMD110-P994,1959,0.0,0.1,0.0,154.4,294.9,931.8,1361.6,421.2,354.1,145.4,95.5,23.3,3782.2,0.1,449.3,3068.7,264.1,995,,MALAPPURAM,
Kerala,Malapuram,IMD110-P994,1960,6.9,0.0,18.8,170.4,478.3,529.5,777.7,243.9,301.1,275.1,436.3,13.2,3251.1,6.9,667.5,1852.2,724.6,995,,MALAPPURAM,
Kerala,Malapuram,IMD110-P994,1961,1.8,2.3,0.0,48.2,540.5,1063.7,1308.1,662.6,446.4,353.5,81.9,14.0,4523.0,4.1,588.7,3480.9,449.4,995,,MALAPPURAM,
Kerala,Malapuram,IMD110-P994,1962,14.8,51.5,17.9,77.2,470.9,324.4,983.3,586.7,344.1,587.8,11.1,69.0,3538.8,66.3,566.0,2238.5,667.9,995,,MALAPPURAM,
Kerala,Malapuram,IMD110-P994,1963,8.2,19.4,27.8,124.0,161.1,366.9,746.8,497.5,166.0,210.1,61.8,19.6,2409.2,27.6,312.8,1777.3,291.5,995,,MALAPPURAM,
Kerala,Malapuram,IMD110-P994,1964,0.0,0.0,30.3,102.0,114.0,442.2,797.9,656.3,546.7,363.3,189.9,9.6,3252.3,0.0,246.3,2443.1,562.9,995,,MALAPPURAM,
Kerala,Malapuram,IMD110-P994,1965,0.0,0.0,20.4,114.2,129.7,614.8,581.8,258.5,123.9,175.6,130.1,128.3,2277.3,0.0,264.3,1579.0,434.0,995,,MALAPPURAM,
Kerala,Malapuram,IMD110-P994,1966,0.0,0.0,190.8,66.0,86.6,501.9,673.1,128.1,207.0,508.9,178.5,16.0,2556.8,0.0,343.4,1510.0,703.4,995,,MALAPPURAM,
Kerala,Malapuram,IMD110-P994,1967,0.0,0.0,34.0,42.8,185.7,462.2,842.5,548.3,105.9,106.0,97.8,47.7,2473.0,0.0,262.6,1958.8,251.6,995,,MALAPPURAM,
Kerala,Malapuram,IMD110-P994,1968,0.0,6.9,83.1,146.6,75.2,636.9,1323.1,508.3,243.9,183.5,108.5,0.0,3316.0,6.9,304.9,2712.2,292.0,996,,MALAPPURAM,
Kerala,Malapuram,IMD110-P994,1969,0.0,0.0,0.0,110.6,262.0,688.6,892.9,207.8,209.4,238.7,106.7,49.4,2766.1,0.0,372.6,1998.7,394.8,996,,MALAPPURAM,
Kerala,Malapuram,IMD110-P994,1970,0.0,0.0,0.0,88.8,355.0,483.3,776.1,576.7,204.4,249.4,69.8,0.1,2803.5,0.0,443.8,2040.4,319.3,996,,MALAPPURAM,
Kerala,Malapuram,IMD110-P994,1971,,3.0,0.0,112.7,345.0,985.3,739.2,331.5,307.9,178.1,21.2,57.7,,,457.7,2363.9,257.0,996,missing_months,MALAPPURAM,
Kerala,Malapuram,IMD110-P994,1972,0.0,0.0,0.0,33.4,447.8,412.5,779.0,324.9,145.1,366.0,156.3,,,0.0,481.2,1661.5,,996,missing_months,MALAPPURAM,
Kerala,Malapuram,IMD110-P994,1973,0.0,0.0,0.0,,,647.9,557.7,476.9,25.0,269.9,101.2,10.9,,0.0,,1707.5,382.0,996,missing_months,MALAPPURAM,
Kerala,Malapuram,IMD110-P994,1974,0.0,0.0,15.3,155.2,173.2,319.0,1310.8,473.7,411.0,141.3,46.3,0.0,3045.8,0.0,343.7,2514.5,187.7,996,,MALAPPURAM,
Kerala,Malapuram,IMD110-P994,1975,0.3,10.0,75.3,72.8,151.9,1079.6,510.4,720.3,480.0,341.9,186.1,1.8,3630.2,10.2,299.9,2790.3,529.8,996,,MALAPPURAM,
Kerala,Malapuram,IMD110-P994,1976,0.0,0.0,3.4,158.1,41.0,186.3,658.8,373.8,76.8,237.5,296.8,37.2,2069.5,0.0,202.4,1295.6,571.5,996,,MALAPPURAM,
Kerala,Malapuram,IMD110-P994,1977,0.0,0.0,28.0,88.3,278.3,640.5,697.4,205.3,169.4,489.3,422.3,0.0,3018.8,0.0,394.6,1712.6,911.6,996,,MALAPPURAM,
Kerala,Malapuram,IMD110-P994,1978,,5.0,0.0,40.0,339.2,820.9,691.7,548.9,126.7,285.4,600.0,5.0,,,379.2,2188.2,890.4,996,missing_months,MALAPPURAM,
Kerala,Malapuram,IMD110-P994,1979,0.0,21.0,0.0,51.0,133.9,678.8,,,,185.1,,20.0,,21.0,184.9,,,996,missing_months,MALAPPURAM,
Kerala,Malapuram,IMD110-P994,1980,,0.0,9.8,62.7,94.9,929.8,980.4,316.0,70.0,306.0,222.0,7.0,,,167.4,2296.2,535.0,996,missing_months,MALAPPURAM,
Kerala,Malapuram,IMD110-P994,1981,0.0,0.0,,,,,,,,,,,,0.0,,,,996,missing_months,MALAPPURAM,
Kerala,Malapuram,IMD110-P994,1982,0.0,0.0,,,,,,,,,,,,0.0,,,,996,missing_months,MALAPPURAM,
Kerala,Malapuram,IMD110-P994,1983,0.0,0.0,0.0,0.0,67.9,,,,,,,,,0.0,67.9,,,996,missing_months,MALAPPURAM,
Kerala,Malapuram,IMD110-P994,1984,,,40.0,130.0,45.6,793.6,631.2,259.6,,282.0,46.2,14.4,,,215.6,,342.6,996,missing_months,MALAPPURAM,
Kerala,Malapuram,IMD110-P994,1985,,0.0,0.0,,,,,,,,0.0,0.0,,,,,,996,missing_months,MALAPPURAM,
Kerala,Malapuram,IMD110-P994,1986,0.0,0.0,0.0,,,,,,,,63.0,0.0,,0.0,,,,996,missing_months,MALAPPURAM,
Kerala,Malapuram,IMD110-P994,1989,0.0,,,,,,,,,,,,,,,,,996,missing_months,MALAPPURAM,
Kerala,Malapuram,IMD110-P994,1990,,,,,,515.4,615.9,287.8,80.8,307.1,132.7,0.0,,,,1499.9,439.7,996,missing_months,MALAPPURAM,
Kerala,Malapuram,IMD110-P994,1991,0.0,0.0,3.5,117.8,49.3,958.2,939.0,440.0,31.6,269.7,101.1,2.2,2912.2,0.0,170.5,2368.7,373.0,996,,MALAPPURAM,
Kerala,Malapuram,IMD110-P994,1992,0.0,0.0,0.0,59.8,121.5,774.8,739.1,535.2,255.8,238.6,229.8,0.0,2954.7,0.0,181.3,2304.9,468.5,996,,MALAPPURAM,
Kerala,Malapuram,IMD110-P994,1993,0.0,22.7,21.7,54.8,127.8,566.4,653.4,296.7,46.3,401.4,117.8,9.4,2318.4,22.7,204.3,1562.8,528.6,996,,MALAPPURAM,
Kerala,Malapuram,IMD110-P994,1994,6.9,0.9,20.8,183.0,82.1,816.3,1099.2,411.2,176.5,460.2,128.7,0.8,3386.7,7.8,285.9,2503.3,589.7,996,,MALAPPURAM,
Kerala,Malapuram,IMD110-P994,1995,0.8,2.6,0.0,99.0,408.5,506.9,682.1,420.8,254.1,191.4,191.2,0.0,2757.4,3.4,507.5,1863.9,382.6,996,,MALAPPURAM,
Kerala,Malapuram,IMD110-P994,1996,0.0,0.0,36.7,121.8,100.0,495.1,566.5,296.0,297.1,308.7,41.4,40.3,2303.8,0.0,258.6,1654.8,390.5,996,,MALAPPURAM,
Kerala,Malapuram,IMD110-P994,1997,3.5,0.0,19.6,35.2,111.8,559.2,1150.5,573.9,249.3,312.5,345.5,36.5,3397.4,3.5,166.6,2532.9,694.5,996,,MALAPPURAM,
Kerala,Malapuram,IMD110-P994,1998,0.0,0.0,0.0,45.1,115.8,726.4,676.1,365.4,430.1,437.6,88.6,77.7,2962.6,0.0,160.9,2197.9,603.8,996,,MALAPPURAM,
Kerala,Malapuram,IMD110-P994,1999,0.0,24.2,36.8,89.4,437.7,673.9,753.6,251.8,47.9,457.8,42.9,0.4,2816.4,24.2,563.9,1727.2,501.1,996,,MALAPPURAM,
Kerala,Malapuram,IMD110-P994,2000,8.4,5.0,0.8,81.2,67.6,575.8,295.4,441.9,248.2,261.1,62.5,74.5,2122.5,13.4,149.6,1561.4,398.2,996,,MALAPPURAM,
Kerala,Malapuram,IMD110-P994,2001,0.0,38.4,0.0,257.5,229.3,746.8,498.0,305.1,139.7,258.7,178.2,1.0,2652.8,38.4,486.8,1689.6,437.9,996,,MALAPPURAM,
Kerala,Malapuram,IMD110-P994,2002,0.0,0.0,18.3,76.3,262.2,404.6,269.1,415.8,49.0,513.9,149.8,0.0,2159.0,0.0,356.7,1138.5,663.7,996,,MALAPPURAM,
Kerala,Malapuram,IMD110-P994,2003,0.0,37.6,56.0,137.1,79.8,575.3,538.3,263.4,66.6,322.0,76.6,0.7,2153.4,37.6,272.9,1443.6,399.3,996,,MALAPPURAM,
Kerala,Malapuram,IMD110-P994,2004,0.0,0.0,0.4,129.4,532.8,626.8,314.6,371.2,169.6,303.7,,,,0.0,662.7,1482.2,,997,missing_months,MALAPPURAM,
Kerala,Malapuram,IMD110-P994,2005,12.8,0.0,0.0,137.3,98.7,578.6,718.5,240.5,345.7,278.0,172.4,15.3,2597.7,12.8,235.9,1883.2,465.7,997,,MALAPPURAM,
Kerala,Malapuram,IMD110-P994,2006,0.0,0.0,75.0,22.1,491.9,825.1,963.3,409.9,627.9,332.9,151.6,0.0,3899.6,0.0,589.0,2826.1,484.5,997,,MALAPPURAM,
Kerala,Malapuram,IMD110-P994,2007,0.1,0.0,9.5,69.5,192.0,695.2,1223.5,434.9,560.6,279.6,74.5,2.5,3541.9,0.1,270.9,2914.3,356.6,997,,MALAPPURAM,
Kerala,Malapuram,IMD110-P994,2008,0.0,17.6,223.1,33.3,107.2,529.5,367.4,222.4,281.7,318.0,12.9,0.0,2113.1,17.6,363.5,1401.0,330.9,997,,MALAPPURAM,
Kerala,Malapuram,IMD110-P994,2009,0.0,0.0,22.0,46.4,143.3,337.9,993.2,243.0,286.5,200.1,257.4,11.9,2541.7,0.0,211.7,1860.6,469.5,997,,MALAPPURAM,
Kerala,Malapuram,IMD110-P994,2010,1.4,0.0,0.5,93.2,119.1,654.5,522.9,302.8,236.1,416.4,252.3,20.1,2619.3,1.4,212.8,1716.2,688.9,997,,MALAPPURAM,
Kerala,Palakkad,IMD110-P998,1901,38.8,23.9,14.4,109.3,83.0,431.0,728.8,333.7,164.4,184.1,245.0,30.1,2386.4,62.7,206.7,1657.9,459.2,998,,PALAKKAD,
Kerala,Palakkad,IMD110-P998,1902,0.3,0.3,66.0,54.4,95.2,164.8,864.7,248.1,368.6,305.2,131.3,172.8,2471.6,0.5,215.6,1646.2,609.3,998,,PALAKKAD,
Kerala,Palakkad,IMD110-P998,1903,0.0,0.8,0.0,37.7,194.5,400.3,803.6,308.9,176.6,272.3,106.1,44.7,2345.5,0.8,232.2,1689.4,423.1,998,,PALAKKAD,
Kerala,Palakkad,IMD110-P998,1904,9.3,0.0,9.5,20.1,215.1,807.4,478.4,248.4,117.2,327.9,26.4,0.0,2259.7,9.3,244.7,1651.4,354.3,998,,PALAKKAD,
Kerala,Palakkad,IMD110-P998,1905,0.0,11.2,0.9,64.2,130.7,694.9,520.0,246.9,149.5,346.7,59.8,0.0,2224.7,11.2,195.8,1611.2,406.5,998,,PALAKKAD,
Kerala,Palakkad,IMD110-P998,1906,32.4,15.9,0.0,28.2,117.4,210.7,771.0,302.3,84.1,146.1,76.6,121.2,1905.9,48.3,145.6,1368.1,344.0,998,,PALAKKAD,
Kerala,Palakkad,IMD110-P998,1907,8.5,0.0,66.9,189.9,63.3,533.1,641.3,1023.2,121.9,264.6,175.1,43.4,3131.3,8.5,320.1,2319.6,483.1,998,,PALAKKAD,
Kerala,Palakkad,IMD110-P998,1908,0.1,14.8,50.1,82.3,84.1,376.3,759.4,270.9,98.5,245.6,23.4,5.6,2011.1,14.9,216.5,1505.0,274.6,998,,PALAKKAD,
Kerala,Palakkad,IMD110-P998,1909,87.8,0.4,24.2,107.0,366.4,751.2,699.1,138.2,177.5,250.1,132.6,31.8,2766.2,88.2,497.6,1766.0,414.5,998,,PALAKKAD,
Kerala,Palakkad,IMD110-P998,1910,0.9,14.6,6.5,91.4,94.6,485.9,387.6,364.2,170.9,325.9,257.0,0.0,2199.5,15.5,192.5,1408.5,582.9,998,,PALAKKAD,
Kerala,Palakkad,IMD110-P998,1911,0.0,3.5,24.3,35.7,114.8,863.6,717.4,144.8,28.6,225.8,70.6,88.0,2317.1,3.5,174.8,1754.4,384.5,998,,PALAKKAD,
Kerala,Palakkad,IMD110-P998,1912,0.0,0.1,8.2,74.5,170.8,685.4,735.9,346.0,112.5,272.1,131.2,0.6,2537.4,0.1,253.5,1879.9,403.9,998,,PALAKKAD,
Kerala,Palakkad,IMD110-P998,1913,0.0,0.0,11.0,20.5,132.0,421.7,602.5,194.3,124.8,441.0,56.1,17.4,2021.3,0.0,163.4,1343.4,514.5,998,,PALAKKAD,
Kerala,Palakkad,IMD110-P998,1914,0.0,0.0,5.3,2.1,112.7,316.0,858.6,292.3,165.3,335.6,89.1,67.9,2245.0,0.0,120.1,1632.2,492.6,998,,PALAKKAD,
Kerala,Palakkad,IMD110-P998,1915,23.7,1.7,70.2,72.3,81.2,654.9,538.7,271.4,334.2,218.4,374.6,2.0,2643.1,25.3,223.6,1799.2,594.9,998,,PALAKKAD,
Kerala,Palakkad,IMD110-P998,1916,0.0,3.7,1.7,71.2,167.2,786.3,485.5,322.4,235.7,203.5,111.9,1.0,2390.1,3.7,240.1,1829.9,316.4,998,,PALAKKAD,
Kerala,Palakkad,IMD110-P998,1917,0.0,62.6,60.5,7.5,133.8,480.8,311.8,204.9,468.3,201.2,198.7,41.8,2172.0,62.6,201.8,1465.9,441.7,998,,PALAKKAD,
Kerala,Palakkad,IMD110-P998,1918,3.8,0.0,35.8,19.9,505.1,357.3,166.7,263.4,60.0,193.5,287.2,14.5,1907.3,3.8,560.9,847.4,495.3,998,,PALAKKAD,
Kerala,Palakkad,IMD110-P998,1919,4.9,0.0,20.3,51.1,129.2,449.8,479.2,438.4,190.1,241.5,206.7,7.1,2218.4,4.9,200.6,1557.5,455.4,998,,PALAKKAD,
Kerala,Palakkad,IMD110-P998,1920,13.9,0.2,7.3,168.7,82.0,541.6,918.7,163.4,74.5,281.6,368.5,0.0,2620.4,14.1,258.1,1698.2,650.1,998,,PALAKKAD,
Kerala,Palakkad,IMD110-P998,1921,4.8,0.0,4.9,153.7,64.2,380.0,539.5,569.4,116.0,225.0,81.8,1.4,2140.6,4.8,222.8,1604.9,308.2,998,,PALAKKAD,
Kerala,Palakkad,IMD110-P998,1922,20.6,5.2,1.4,40.7,220.8,510.8,904.9,235.2,152.1,272.8,198.7,6.8,2570.2,25.9,263.0,1803.0,478.3,998,,PALAKKAD,
Kerala,Palakkad,IMD110-P998,1923,5.0,0.0,44.6,38.1,30.5,494.5,1018.3,816.4,125.9,102.6,101.4,5.0,2782.4,5.0,113.3,2455.1,209.0,998,,PALAKKAD,
Kerala,Palakkad,IMD110-P998,1924,1.1,0.0,49.7,62.6,107.9,856.6,1460.1,522.4,259.1,189.2,253.9,20.4,3783.0,1.1,220.2,3098.2,463.5,998,,PALAKKAD,
Kerala,Palakkad,IMD110-P998,1925,0.0,0.1,87.9,59.5,108.3,437.9,552.8,411.6,119.1,221.3,105.2,45.1,2148.8,0.1,255.8,1521.4,371.5,998,,PALAKKAD,
Kerala,Palakkad,IMD110-P998,1926,14.1,0.0,0.8,74.8,109.9,287.7,835.8,580.2,217.7,173.3,70.0,7.8,2372.2,14.1,185.6,1921.3,251.1,998,,PALAKKAD,
Kerala,Palakkad,IMD110-P998,1927,0.1,30.9,6.6,37.8,118.5,537.8,852.6,313.8,202.6,136.0,114.6,0.0,2351.2,31.0,162.9,1906.7,250.6,998,,PALAKKAD,
Kerala,Palakkad,IMD110-P998,1928,0.0,63.3,10.8,108.6,20.4,415.0,317.7,529.7,23.9,194.5,51.0,7.5,1742.3,63.3,139.8,1286.3,253.0,998,,PALAKKAD,
Kerala,Palakkad,IMD110-P998,1929,1.6,10.1,32.8,175.1,86.6,762.9,774.3,246.8,229.2,284.3,72.3,5.4,2681.3,11.7,294.5,2013.1,362.0,998,,PALAKKAD,
Kerala,Palakkad,IMD110-P998,1930,0.2,11.9,15.1,85.2,348.8,450.9,273.8,207.6,283.7,338.9,281.4,92.5,2389.9,12.0,449.2,1215.9,712.8,998,,PALAKKAD,
Kerala,Palakkad,IMD110-P998,1931,0.0,0.2,3.6,55.0,64.3,394.5,599.1,1171.7,116.9,147.1,142.2,66.4,2760.9,0.2,122.8,2282.2,355.6,998,,PALAKKAD,
Kerala,Palakkad,IMD110-P998,1932,0.0,4.5,8.6,115.0,356.6,265.6,750.6,338.4,306.3,399.8,183.4,18.5,2747.3,4.5,480.2,1660.9,601.7,998,,PALAKKAD,
Kerala,Palakkad,IMD110-P998,1933,0.0,0.0,15.0,113.8,436.0,700.6,724.7,399.6,414.7,348.1,96.7,6.8,3256.1,0.0,564.9,2239.6,451.6,998,,PALAKKAD,
Kerala,Palakkad,IMD110-P998,1934,22.8,0.0,10.8,89.6,81.9,658.2,328.2,322.8,19.9,270.3,32.0,0.0,1836.4,22.8,182.3,1329.1,302.3,999,,PALAKKAD,
Kerala,Palakkad,IMD110-P998,1935,3.3,0.7,6.9,139.0,15.3,243.6,586.4,152.5,234.8,305.6,158.0,3.1,1848.9,3.9,161.2,1217.2,466.6,999,,PALAKKAD,
Kerala,Palakkad,IMD110-P998,1936,0.0,4.4,155.5,11.9,198.9,527.7,606.1,386.0,208.5,254.2,141.5,4.1,2498.8,4.4,366.4,1728.3,399.7,999,,PALAKKAD,
Kerala,Palakkad,IMD110-P998,1937,0.1,1.0,59.8,156.6,70.1,324.3,667.4,224.7,75.8,402.8,102.0,12.5,2097.2,1.1,286.5,1292.3,517.2,999,,PALAKKAD,
Kerala,Palakkad,IMD110-P998,1938,0.0,49.4,42.6,90.9,82.0,522.5,562.0,250.4,117.3,229.5,33.4,9.4,1989.3,49.4,215.5,1452.2,272.2,999,,PALAKKAD,
Kerala,Palakkad,IMD110-P998,1939,0.6,0.1,11.4,141.5,54.9,394.8,678.8,431.2,82.0,305.1,223.1,13.6,2337.1,0.6,207.8,1586.9,541.8,999,,PALAKKAD,
Kerala,Palakkad,IMD110-P998,1940,0.0,0.0,0.2,142.0,256.4,454.5,750.0,477.3,23.9,186.8,202.3,18.8,2512.1,0.0,398.7,1705.6,407.9,999,,PALAKKAD,
Kerala,Palakkad,IMD110-P998,1941,1.7,0.0,0.1,59.2,392.7,658.2,532.6,460.9,143.2,174.8,150.1,83.9,2657.3,1.7,451.9,1794.9,408.8,999,,PALAKKAD,
Kerala,Palakkad,IMD110-P998,1942,0.0,0.0,6.1,74.7,177.4,658.1,830.2,300.2,58.4,385.2,34.9,86.2,2611.4,0.0,258.3,1846.9,506.3,999,,PALAKKAD,
Kerala,Palakkad,IMD110-P998,1943,129.9,6.3,26.0,101.2,412.9,487.5,675.0,91.1,170.7,425.9,107.4,0.0,2633.9,136.1,540.2,1424.3,533.2,999,,PALAKKAD,
Kerala,Palakkad,IMD110-P998,1944,0.4,44.9,49.4,31.0,172.9,348.0,606.3,168.4,154.1,328.7,153.1,36.7,2094.0,45.3,253.4,1276.8,518.5,999,,PALAKKAD,
Kerala,Palakkad,IMD110-P998,1945,0.5,2.0,0.0,72.8,15.5,321.7,674.0,241.6,60.3,214.2,206.9,0.9,1810.3,2.5,88.4,1297.5,421.9,999,,PALAKKAD,
Kerala,Palakkad,IMD110-P998,1946,0.0,0.3,46.4,127.0,34.0,705.8,544.9,702.4,164.4,229.7,177.3,206.4,2938.5,0.3,207.4,2117.5,613.3,999,,PALAKKAD,
Kerala,Palakkad,IMD110-P998,1947,0.2,5.6,46.0,111.3,56.1,361.0,594.9,492.3,300.9,156.1,14.0,39.2,2177.6,5.8,213.4,1749.0,209.4,999,,PALAKKAD,
Kerala,Palakkad,IMD110-P998,1948,64.8,2.1,73.0,36.9,181.5,619.6,510.5,469.7,120.9,117.9,180.5,7.3,2384.9,67.0,291.4,1720.8,305.8,999,,PALAKKAD,
Kerala,Palakkad,IMD110-P998,1949,0.0,0.0,0.0,85.6,358.5,408.2,563.2,284.5,225.8,197.0,45.1,0.0,2167.9,0.0,444.1,1481.7,242.2,999,,PALAKKAD,
Kerala,Palakkad,IMD110-P998,1950,0.0,56.7,21.6,30.3,141.4,508.1,656.1,268.3,271.6,221.2,146.0,0.1,2321.4,56.7,193.3,1704.1,367.3,999,,PALAKKAD,
Kerala,Palakkad,IMD110-P998,1951,0.0,1.3,5.8,187.9,111.9,514.8,457.5,159.3,219.5,203.5,246.3,4.8,2112.5,1.3,305.6,1351.1,454.5,999,,PALAKKAD,
Kerala,Palakkad,IMD110-P998,1952,2.0,54.1,20.3,54.7,65.8,349.5,450.5,310.4,29.9,174.9,47.1,48.4,1607.6,56.2,140.8,1140.4,270.3,999,,PALAKKAD,
Kerala,Palakkad,IMD110-P998,1953,0.0,8.9,2.9,138.9,78.3,232.9,682.4,262.8,76.1,284.0,18.5,0.3,1786.0,8.9,220.2,1254.2,302.7,999,,PALAKKAD,
Kerala,Palakkad,IMD110-P998,1954,16.1,0.0,54.6,101.2,86.0,591.6,511.0,333.1,128.4,253.5,19.9,38.8,2134.4,16.1,241.8,1564.2,312.3,999,,PALAKKAD,
Kerala,Palakkad,IMD110-P998,1955,0.0,0.0,0.9,124.2,474.5,584.0,194.8,236.3,252.9,278.0,134.9,10.3,2290.7,0.0,599.5,1268.0,423.2,999,,PALAKKAD,
Kerala,Palakkad,IMD110-P998,1956,16.3,1.9,2.9,123.2,171.8,521.3,438.1,275.1,126.0,285.7,170.9,0.0,2133.2,18.2,297.9,1360.5,456.6,999,,PALAKKAD,
Kerala,Palakkad,IMD110-P998,1957,0.0,3.6,12.0,43.1,383.0,530.2,690.6,222.9,10.0,195.3,219.5,0.0,2310.3,3.6,438.1,1453.8,414.8,999,,PALAKKAD,
Kerala,Palakkad,IMD110-P998,1958,0.5,4.9,36.5,181.1,300.6,403.4,657.8,406.0,67.7,169.4,217.2,0.9,2446.0,5.3,518.3,1534.8,387.5,999,,PALAKKAD,
Kerala,Palakkad,IMD110-P998,1959,0.0,1.1,0.0,127.9,136.3,678.9,1067.9,297.0,329.8,225.6,185.1,45.5,3095.0,1.1,264.2,2373.5,456.1,999,,PALAKKAD,
Kerala,Palakkad,IMD110-P998,1960,0.0,0.0,36.4,181.8,290.8,371.9,608.8,226.5,235.7,346.4,268.3,24.7,2591.3,0.0,508.9,1442.9,639.4,999,,PALAKKAD,
Kerala,Palakkad,IMD110-P998,1961,0.9,10.0,13.2,59.8,397.1,838.5,1036.6,572.3,285.2,273.7,61.3,4.8,3553.4,10.8,470.2,2732.6,339.7,999,,PALAKKAD,
Kerala,Palakkad,IMD110-P998,1962,11.8,28.4,41.9,90.4,236.6,209.6,832.6,449.1,277.5,401.8,16.7,129.8,2726.3,40.2,368.8,1768.9,548.4,999,,PALAKKAD,
Kerala,Palakkad,IMD110-P998,1963,0.2,17.1,105.0,101.5,115.4,294.1,552.9,397.4,151.3,232.3,59.8,33.8,2060.7,17.3,321.8,1395.7,325.8,999,,PALAKKAD,
Kerala,Palakkad,IMD110-P998,1964,0.0,0.0,92.3,23.0,87.0,365.1,551.7,593.6,328.9,369.3,278.1,17.8,2706.8,0.0,202.3,1839.4,665.2,999,,PALAKKAD,
Kerala,Palakkad,IMD110-P998,1965,0.0,0.0,8.7,108.2,105.5,418.5,416.7,222.5,133.3,183.8,83.5,58.9,1739.6,0.0,222.4,1191.0,326.2,999,,PALAKKAD,
Kerala,Palakkad,IMD110-P998,1966,0.0,0.0,47.9,57.3,114.7,238.1,557.2,150.2,186.8,318.2,177.1,20.6,1868.2,0.0,220.0,1132.3,515.9,999,,PALAKKAD,
Kerala,Palakkad,IMD110-P998,1967,3.5,0.0,12.6,45.9,109.4,272.7,707.1,368.5,78.4,134.9,71.6,25.6,1830.1,3.5,167.8,1426.7,232.0,999,,PALAKKAD,
Kerala,Palakkad,IMD110-P998,1968,0.0,8.3,61.3,118.9,73.4,408.2,809.3,365.6,209.4,161.5,61.6,2.8,2280.3,8.3,253.6,1792.5,225.9,1000,,PALAKKAD,
Kerala,Palakkad,IMD110-P998,1969,0.0,0.0,3.7,96.6,163.4,496.8,767.2,192.2,155.8,277.8,103.1,40.9,2297.4,0.0,263.7,1612.0,421.7,1000,,PALAKKAD,
Kerala,Palakkad,IMD110-P998,1970,1.8,6.4,0.0,171.4,212.9,430.5,532.3,446.7,159.5,287.3,105.2,0.0,2354.1,8.3,384.4,1569.1,392.4,1000,,PALAKKAD,
Kerala,Palakkad,IMD110-P998,1971,10.2,0.0,1.4,93.6,193.2,942.5,563.5,313.8,232.3,320.5,14.8,50.0,2735.6,10.2,288.1,2052.1,385.3,1000,,PALAKKAD,
Kerala,Palakkad,IMD110-P998,1972,0.0,0.0,0.0,57.4,280.8,317.1,704.6,262.5,107.2,314.9,120.8,105.8,2271.1,0.0,338.3,1391.3,541.5,1000,,PALAKKAD,
Kerala,Palakkad,IMD110-P998,1973,0.0,0.0,14.7,70.4,125.0,510.9,540.0,399.1,27.2,288.5,87.4,46.1,2109.4,0.0,210.1,1477.3,422.1,1000,,PALAKKAD,
Kerala,Palakkad,IMD110-P998,1974,0.0,0.0,13.7,93.0,121.5,180.7,863.3,506.1,278.5,82.6,52.7,0.0,2192.0,0.0,228.3,1828.6,135.2,1000,,PALAKKAD,
Kerala,Palakkad,IMD110-P998,1975,0.1,6.8,75.8,57.8,151.6,826.2,468.0,616.5,353.4,237.5,148.9,0.0,2942.5,6.9,285.1,2264.1,386.4,1000,,PALAKKAD,
Kerala,Palakkad,IMD110-P998,1976,0.0,0.0,14.5,159.9,61.6,119.4,386.3,206.1,82.0,209.4,304.4,11.4,1555.0,0.0,236.0,793.7,525.2,1000,,PALAKKAD,
Kerala,Palakkad,IMD110-P998,1977,0.0,5.2,24.9,90.4,139.6,459.2,486.6,198.3,199.5,369.0,353.0,0.0,2325.6,5.2,254.9,1343.6,722.0,1000,,PALAKKAD,
Kerala,Palakkad,IMD110-P998,1978,0.0,10.9,10.6,63.0,167.7,463.1,539.2,408.1,35.8,144.7,224.2,26.0,2093.3,10.9,241.3,1446.2,394.8,1000,,PALAKKAD,
Kerala,Palakkad,IMD110-P998,1979,0.0,29.0,2.4,48.5,101.3,445.2,647.5,398.3,131.8,194.5,356.6,2.8,2358.0,29.0,152.2,1622.8,553.9,1000,,PALAKKAD,
Kerala,Palakkad,IMD110-P998,1980,0.0,0.0,38.1,106.7,141.8,723.0,688.0,388.0,161.2,351.2,87.2,35.0,2720.2,0.0,286.6,1960.2,473.5,1000,,PALAKKAD,
Kerala,Palakkad,IMD110-P998,1981,0.0,0.0,47.5,35.5,258.3,797.3,575.1,680.5,301.8,208.6,109.5,1.0,3015.0,0.0,341.3,2354.7,319.1,1000,,PALAKKAD,
Kerala,Palakkad,IMD110-P998,1982,0.0,0.0,2.0,36.3,158.4,463.1,450.3,353.4,72.3,119.9,134.1,2.2,1791.9,0.0,196.7,1339.1,256.2,1000,,PALAKKAD,
Kerala,Palakkad,IMD110-P998,1983,0.0,0.0,0.0,0.3,109.1,318.5,542.8,424.9,260.3,141.7,116.8,62.9,1977.2,0.0,109.4,1546.5,321.3,1000,,PALAKKAD,
Kerala,Palakkad,IMD110-P998,1984,4.0,13.0,33.8,22.4,30.1,609.8,493.0,202.3,87.3,194.8,18.7,21.2,1730.4,17.0,86.3,1392.4,234.6,1000,,PALAKKAD,
Kerala,Palakkad,IMD110-P998,1985,39.4,1.1,0.0,111.8,89.8,630.3,351.3,279.0,94.1,132.7,37.0,6.1,1772.6,40.5,201.6,1354.8,175.8,1000,,PALAKKAD,
Kerala,Palakkad,IMD110-P998,1986,0.2,0.5,0.8,20.4,43.7,466.0,294.6,340.0,168.6,161.7,112.0,13.9,1622.4,0.7,64.9,1269.2,287.7,1000,,PALAKKAD,
Kerala,Palakkad,IMD110-P998,1987,0.0,0.0,1.4,21.8,98.9,259.9,272.1,291.9,131.1,168.6,171.5,175.4,1592.5,0.0,122.1,954.9,515.5,1000,,PALAKKAD,
Kerala,Palakkad,IMD110-P998,1988,0.0,3.4,41.2,244.1,77.9,221.4,379.0,331.4,393.2,45.9,11.8,5.6,1754.9,3.4,363.2,1325.0,63.3,1000,,PALAKKAD,
Kerala,Palakkad,IMD110-P998,1989,0.0,0.0,11.9,49.3,77.6,462.7,456.1,212.0,173.7,165.2,44.2,0.6,1653.3,0.0,138.9,1304.5,209.9,1000,,PALAKKAD,
Kerala,Palakkad,IMD110-P998,1990,1.7,0.0,0.0,54.5,322.0,428.9,490.4,249.0,33.7,303.0,86.7,0.1,1970.1,1.7,376.5,1202.0,389.8,1000,,PALAKKAD,
Kerala,Palakkad,IMD110-P998,1991,12.9,0.0,3.8,74.3,40.5,579.8,862.1,353.4,84.7,254.9,113.3,0.0,2379.7,12.9,118.5,1880.0,368.2,1000,,PALAKKAD,
Kerala,Palakkad,IMD110-P998,1992,0.0,0.0,0.0,32.8,101.4,528.7,608.7,396.1,228.9,184.4,206.2,1.2,2288.4,0.0,134.3,1762.4,391.8,1000,,PALAKKAD,
Kerala,Palakkad,IMD110-P998,1993,0.0,15.0,1.0,18.9,95.7,312.9,535.4,323.4,35.0,366.6,77.4,13.7,1794.9,15.0,115.6,1206.7,457.7,1000,,PALAKKAD,
Kerala,Palakkad,IMD110-P998,1994,14.8,2.3,5.7,169.5,46.8,648.2,804.1,244.7,180.5,343.3,95.3,0.0,2555.2,17.1,222.0,1877.4,438.7,1000,,PALAKKAD,
Kerala,Palakkad,IMD110-P998,1995,1.2,0.4,11.2,70.6,148.1,335.6,566.4,259.6,214.5,104.3,185.0,0.0,1897.1,1.7,229.9,1376.2,289.4,1000,,PALAKKAD,
Kerala,Palakkad,IMD110-P998,1996,0.0,0.0,9.7,176.7,71.9,295.9,496.1,235.8,251.4,214.3,34.5,24.7,1811.0,0.0,258.3,1279.2,273.5,1000,,PALAKKAD,
Kerala,Palakkad,IMD110-P998,1997,0.0,0.0,36.6,23.8,123.3,328.2,864.6,369.7,134.6,215.2,309.0,34.6,2439.5,0.0,183.6,1697.1,558.8,1000,,PALAKKAD,
Kerala,Palakkad,IMD110-P998,1998,0.0,0.1,10.7,38.8,118.2,528.3,543.4,338.9,358.6,274.5,127.2,76.1,2414.8,0.1,167.7,1769.2,477.8,1000,,PALAKKAD,
Kerala,Palakkad,IMD110-P998,1999,0.0,19.4,1.6,32.3,271.1,451.2,592.3,166.6,39.0,449.4,54.3,2.0,2079.3,19.4,305.0,1249.1,505.7,1000,,PALAKKAD,
Kerala,Palakkad,IMD110-P998,2000,0.0,15.8,3.4,84.8,39.8,479.0,289.5,440.7,158.5,120.8,87.9,34.7,1755.0,15.8,128.0,1367.7,243.4,1000,,PALAKKAD,
Kerala,Palakkad,IMD110-P998,2001,2.8,19.1,0.0,160.7,124.0,618.1,387.7,227.1,121.5,258.0,205.6,0.5,2125.1,21.9,284.7,1354.5,464.1,1000,,PALAKKAD,
Kerala,Palakkad,IMD110-P998,2002,0.5,0.3,34.2,61.7,178.5,358.4,302.1,371.5,65.4,341.0,61.4,0.6,1775.6,0.8,274.5,1097.3,403.0,1001,,PALAKKAD,
Kerala,Palakkad,IMD110-P998,2003,0.0,64.1,99.6,113.0,44.3,362.3,343.0,250.9,56.1,368.2,37.1,5.7,1744.3,64.1,257.0,1012.2,411.0,1001,,PALAKKAD,
Kerala,Palakkad,IMD110-P998,2004,1.0,2.6,28.9,80.8,389.3,590.3,331.9,401.7,95.1,189.2,105.2,0.0,2215.8,3.6,498.9,1418.9,294.4,1001,,PALAKKAD,
Kerala,Palakkad,IMD110-P998,2005,14.3,9.5,12.6,223.6,82.7,462.0,724.7,251.9,323.5,155.8,110.1,50.6,2421.4,23.8,319.0,1762.1,316.6,1001,,PALAKKAD,
Kerala,Palakkad,IMD110-P998,2006,4.2,0.0,78.5,61.7,375.9,348.6,598.4,314.0,373.4,229.6,74.2,0.0,2458.4,4.2,516.0,1634.4,303.8,1001,,PALAKKAD,
Kerala,Palakkad,IMD110-P998,2007,1.3,0.2,0.0,98.7,143.2,575.2,929.6,476.9,486.1,285.0,31.4,18.0,3045.6,1.5,241.9,2467.8,334.4,1001,,PALAKKAD,
Kerala,Palakkad,IMD110-P998,2008,0.0,27.6,153.7,40.6,43.1,430.5,393.2,226.6,257.7,362.8,25.3,4.6,1965.6,27.6,237.4,1307.9,392.7,1001,,PALAKKAD,
Kerala,Palakkad,IMD110-P998,2009,0.0,0.0,78.5,56.3,130.1,281.8,986.1,255.1,269.6,189.9,256.3,15.8,2519.5,0.0,264.8,1792.6,462.1,1001,,PALAKKAD,
Kerala,Palakkad,IMD110-P998,2010,2.2,0.0,11.1,127.0,106.8,528.9,499.6,257.9,180.2,381.3,269.5,19.0,2383.5,2.2,244.9,1466.5,669.9,1001,,PALAKKAD,
Kerala,Pathanamthitta,IMD110-P1002,1901,29.1,72.7,83.8,184.5,148.9,660.3,557.8,258.2,302.2,540.9,287.6,65.7,3191.6,101.8,417.2,1778.5,894.2,1002,,PATHANAMTHITTA,
Kerala,Pathanamthitta,IMD110-P1002,1902,8.6,3.8,88.1,141.2,172.9,275.5,986.7,371.7,464.2,312.7,288.3,140.3,3254.0,12.4,402.1,2098.1,741.3,1002,,PATHANAMTHITTA,
Kerala,Pathanamthitta,IMD110-P1002,1903,0.0,38.7,10.2,212.4,284.8,631.7,639.8,358.5,469.1,408.9,99.8,40.3,3194.1,38.7,507.4,2099.2,548.8,1002,,PATHANAMTHITTA,
Kerala,Pathanamthitta,IMD110-P1002,1904,27.3,5.3,42.3,59.3,190.2,1015.1,571.6,331.8,225.9,330.6,51.9,0.9,2852.3,32.7,291.8,2144.4,383.5,1002,,PATHANAMTHITTA,
Kerala,Pathanamthitta,IMD110-P1002,1905,0.0,63.7,17.5,240.7,315.7,693.6,316.7,245.7,210.5,350.2,129.9,0.0,2584.2,63.7,573.9,1466.6,480.1,1002,,PATHANAMTHITTA,
Kerala,Pathanamthitta,IMD110-P1002,1906,28.8,21.6,26.0,176.9,222.7,339.6,684.2,516.9,112.0,377.3,325.4,126.1,2957.5,50.4,425.7,1652.7,828.7,1002,,PATHANAMTHITTA,
Kerala,Pathanamthitta,IMD110-P1002,1907,34.7,22.8,149.1,289.8,190.4,611.9,645.5,432.3,329.5,348.6,274.8,65.9,3395.1,57.4,629.3,2019.2,689.3,1002,,PATHANAMTHITTA,
Kerala,Pathanamthitta,IMD110-P1002,1908,26.3,36.4,70.9,168.3,170.8,376.8,540.3,257.9,292.6,376.8,109.7,11.2,2437.9,62.7,409.9,1467.6,497.6,1002,,PATHANAMTHITTA,
Kerala,Pathanamthitta,IMD110-P1002,1909,31.8,32.2,208.4,117.1,474.5,473.2,474.3,348.0,242.3,323.0,246.7,71.1,3042.6,64.0,800.0,1537.8,640.7,1002,,PATHANAMTHITTA,
Kerala,Pathanamthitta,IMD110-P1002,1910,5.1,95.4,57.7,214.4,173.1,418.0,390.4,531.9,286.5,349.5,378.1,0.0,2900.4,100.6,445.2,1626.9,727.7,1002,,PATHANAMTHITTA,
Kerala,Pathanamthitta,IMD110-P1002,1911,5.8,5.1,63.7,137.4,265.2,815.4,556.8,113.3,124.2,411.3,189.4,128.8,2816.4,10.9,466.3,1609.7,729.5,1002,,PATHANAMTHITTA,
Kerala,Pathanamthitta,IMD110-P1002,1912,0.4,77.4,38.2,217.6,293.3,817.7,512.7,329.0,120.3,661.9,176.6,45.6,3290.8,77.9,549.0,1779.7,884.1,1002,,PATHANAMTHITTA,
Kerala,Pathanamthitta,IMD110-P1002,1913,3.5,2.4,65.5,206.9,278.5,413.9,570.3,283.0,196.9,479.3,336.6,32.7,2869.4,5.9,550.9,1464.1,848.5,1002,,PATHANAMTHITTA,
Kerala,Pathanamthitta,IMD110-P1002,1914,0.0,14.9,42.0,93.5,334.5,526.6,444.4,340.8,236.2,467.1,152.7,186.1,2838.7,14.9,470.0,1548.0,805.8,1002,,PATHANAMTHITTA,
Kerala,Pathanamthitta,IMD110-P1002,1915,29.5,42.6,42.9,205.7,229.0,623.2,796.4,185.0,419.5,246.5,360.5,26.8,3207.4,72.0,477.6,2024.2,633.7,1002,,PATHANAMTHITTA,
Kerala,Pathanamthitta,IMD110-P1002,1916,0.0,23.7,68.0,193.2,325.1,706.8,469.6,411.9,356.9,504.5,283.3,7.0,3349.9,23.7,586.3,1945.1,794.8,1002,,PATHANAMTHITTA,
Kerala,Pathanamthitta,IMD110-P1002,1917,0.0,41.0,162.1,82.6,161.5,616.3,293.5,468.5,441.0,256.8,561.4,87.6,3172.2,41.0,406.2,1819.3,905.8,1002,,PATHANAMTHITTA,
Kerala,Pathanamthitta,IMD110-P1002,1918,106.6,0.0,78.3,99.8,685.7,442.6,86.4,269.0,62.8,430.7,405.2,63.3,2730.3,106.6,863.8,860.8,899.2,1002,,PATHANAMTHITTA,
Kerala,Pathanamthitta,IMD110-P1002,1919,134.0,19.2,93.3,141.7,335.4,657.5,577.1,425.1,311.8,477.9,294.4,90.4,3557.8,153.1,570.4,1971.5,862.8,1002,,PATHANAMTHITTA,
Kerala,Pathanamthitta,IMD110-P1002,1920,20.2,3.2,98.5,342.2,114.2,791.3,764.1,264.2,292.6,474.6,372.9,14.0,3551.9,23.4,554.9,2112.3,861.4,1002,,PATHANAMTHITTA,
Kerala,Pathanamthitta,IMD110-P1002,1921,79.2,8.9,59.8,278.3,103.1,442.2,576.4,506.8,198.3,420.5,165.7,18.3,2857.4,88.2,441.2,1723.6,604.4,1002,,PATHANAMTHITTA,
Kerala,Pathanamthitta,IMD110-P1002,1922,77.2,66.8,22.5,133.9,367.3,749.2,800.5,343.8,339.4,352.3,402.0,45.6,3700.4,144.0,523.7,2232.8,799.9,1002,,PATHANAMTHITTA,
Kerala,Pathanamthitta,IMD110-P1002,1923,47.4,0.3,179.9,113.9,133.5,759.2,712.0,618.5,316.3,335.2,116.7,58.4,3391.3,47.7,427.3,2405.9,510.3,1002,,PATHANAMTHITTA,
Kerala,Pathanamthitta,IMD110-P1002,1924,62.7,0.8,151.6,244.1,256.8,913.8,1163.0,559.9,367.6,309.2,207.6,113.7,4350.6,63.5,652.5,3004.3,630.4,1002,,PATHANAMTHITTA,
Kerala,Pathanamthitta,IMD110-P1002,1925,0.0,94.8,134.9,235.3,346.6,576.8,411.7,558.5,328.2,302.1,242.4,95.6,3326.9,94.8,716.9,1875.2,640.0,1002,,PATHANAMTHITTA,
Kerala,Pathanamthitta,IMD110-P1002,1926,79.1,21.5,96.6,157.6,441.6,469.2,604.3,407.9,328.7,303.0,190.9,36.6,3136.9,100.6,695.8,1810.0,530.5,1002,,PATHANAMTHITTA,
Kerala,Pathanamthitta,IMD110-P1002,1927,56.0,111.0,134.2,123.0,375.9,613.1,599.8,217.4,356.0,285.4,116.7,7.1,2995.4,167.0,633.0,1786.3,409.1,1002,,PATHANAMTHITTA,
Kerala,Pathanamthitta,IMD110-P1002,1928,32.5,82.7,145.3,362.8,117.7,648.1,339.8,396.7,185.7,446.6,428.7,126.3,3312.9,115.2,625.8,1570.3,1001.6,1002,,PATHANAMTHITTA,
Kerala,Pathanamthitta,IMD110-P1002,1929,46.0,69.8,200.6,379.2,224.7,732.9,726.1,261.6,342.0,512.0,334.3,105.4,3934.7,115.8,804.4,2062.6,951.8,1002,,PATHANAMTHITTA,
Kerala,Pathanamthitta,IMD110-P1002,1930,27.0,12.8,117.4,179.4,366.0,585.3,304.1,265.3,516.5,592.9,291.6,88.5,3346.8,39.8,662.8,1671.2,973.0,1002,,PATHANAMTHITTA,
Kerala,Pathanamthitta,IMD110-P1002,1931,2.7,0.4,127.5,199.4,152.5,657.3,467.4,988.0,185.6,194.1,236.2,127.0,3338.2,3.2,479.4,2298.3,557.3,1002,,PATHANAMTHITTA,
Kerala,Pathanamthitta,IMD110-P1002,1932,0.0,70.3,78.1,241.7,899.1,262.0,477.2,630.7,250.2,593.6,376.5,93.3,3972.8,70.3,1218.9,1620.2,1063.4,1002,,PATHANAMTHITTA,
Kerala,Pathanamthitta,IMD110-P1002,1933,0.0,27.9,94.5,212.5,1023.9,807.8,638.6,549.0,563.5,379.2,283.1,104.1,4684.1,27.9,1330.9,2558.9,766.4,1002,,PATHANAMTHITTA,
Kerala,Pathanamthitta,IMD110-P1002,1934,146.6,10.7,255.2,138.0,249.5,733.3,331.0,200.4,40.6,441.2,142.4,4.6,2693.4,157.3,642.7,1305.3,588.1,1003,,PATHANAMTHITTA,
Kerala,Pathanamthitta,IMD110-P1002,1935,32.2,22.7,53.6,287.6,117.4,355.6,368.4,307.3,209.7,518.3,295.6,51.4,2619.9,54.9,458.6,1241.0,865.4,1003,,PATHANAMTHITTA,
Kerala,Pathanamthitta,IMD110-P1002,1936,1.7,49.2,169.6,65.6,698.8,444.6,513.8,285.5,422.4,308.2,245.7,35.9,3240.9,50.9,934.0,1666.3,589.7,1003,,PATHANAMTHITTA,
Kerala,Pathanamthitta,IMD110-P1002,1937,14.3,86.7,161.1,222.6,266.9,402.8,704.1,258.9,86.9,429.0,189.4,34.6,2857.2,100.9,650.6,1452.7,653.0,1003,,PATHANAMTHITTA,
Kerala,Pathanamthitta,IMD110-P1002,1938,0.9,244.9,139.2,328.5,204.3,500.3,446.9,336.2,262.6,282.2,59.0,52.0,2857.1,245.8,672.0,1546.0,393.2,1003,,PATHANAMTHITTA,
Kerala,Pathanamthitta,IMD110-P1002,1939,30.8,3.8,58.1,296.5,250.3,606.1,700.4,366.6,189.2,330.3,478.5,32.4,3342.9,34.5,604.9,1862.3,841.2,1003,,PATHANAMTHITTA,
Kerala,Pathanamthitta,IMD110-P1002,1940,3.2,0.0,15.8,197.4,249.0,501.8,687.4,432.6,64.1,286.9,293.8,133.0,2864.8,3.2,462.1,1685.9,713.6,1003,,PATHANAMTHITTA,
Kerala,Pathanamthitta,IMD110-P1002,1941,23.1,21.5,32.8,191.8,553.3,508.3,389.9,364.4,286.7,267.5,162.4,57.8,2859.6,44.7,778.0,1549.3,487.7,1003,,PATHANAMTHITTA,
Kerala,Pathanamthitta,IMD110-P1002,1942,3.0,9.1,57.8,249.9,249.1,656.7,677.4,330.6,97.4,565.5,96.2,125.2,3117.8,12.1,556.8,1762.1,786.8,1003,,PATHANAMTHITTA,
Kerala,Pathanamthitta,IMD110-P1002,1943,64.8,10.4,113.6,107.6,514.2,928.9,631.9,180.7,276.1,448.0,378.5,34.5,3689.4,75.2,735.4,2017.7,861.1,1003,,PATHANAMTHITTA,
Kerala,Pathanamthitta,IMD110-P1002,1944,33.5,50.7,124.9,95.1,278.1,420.1,373.8,217.5,216.0,288.7,409.2,157.3,2664.9,84.2,498.0,1227.4,855.2,1003,,PATHANAMTHITTA,
Kerala,Pathanamthitta,IMD110-P1002,1945,11.7,3.2,60.6,193.4,67.7,369.4,625.8,469.1,74.3,375.9,438.2,25.8,2715.0,14.9,321.6,1538.6,839.9,1003,,PATHANAMTHITTA,
Kerala,Pathanamthitta,IMD110-P1002,1946,0.0,4.8,215.0,228.4,102.4,794.9,483.7,500.7,151.0,504.0,356.4,226.3,3567.6,4.8,545.9,1930.3,1086.6,1003,,PATHANAMTHITTA,
Kerala,Pathanamthitta,IMD110-P1002,1947,80.4,67.5,241.4,145.6,132.1,724.0,420.0,853.0,571.1,334.0,65.6,62.7,3697.5,148.0,519.1,2568.1,462.3,1003,,PATHANAMTHITTA,
Kerala,Pathanamthitta,IMD110-P1002,1948,25.8,23.7,86.1,252.7,267.4,831.8,564.3,525.2,184.0,146.1,272.8,56.3,3236.2,49.5,606.2,2105.4,475.2,1003,,PATHANAMTHITTA,
Kerala,Pathanamthitta,IMD110-P1002,1949,0.0,3.2,27.6,200.3,495.4,461.5,627.5,445.9,378.2,305.1,106.9,0.0,3051.4,3.2,723.2,1913.1,412.0,1003,,PATHANAMTHITTA,
Kerala,Pathanamthitta,IMD110-P1002,1950,0.0,80.9,90.0,160.3,317.5,518.8,699.0,516.8,422.5,345.4,190.3,6.2,3347.6,80.9,567.8,2157.1,541.9,1003,,PATHANAMTHITTA,
Kerala,Pathanamthitta,IMD110-P1002,1951,24.3,18.3,125.9,207.3,207.0,734.0,252.8,153.1,426.5,350.8,346.6,48.8,2895.3,42.5,540.1,1566.4,746.2,1003,,PATHANAMTHITTA,
Kerala,Pathanamthitta,IMD110-P1002,1952,12.9,97.1,49.8,242.2,313.9,522.1,277.2,375.6,77.0,403.6,83.5,45.8,2500.8,110.0,605.9,1252.0,532.9,1003,,PATHANAMTHITTA,
Kerala,Pathanamthitta,IMD110-P1002,1953,46.7,59.5,54.0,175.3,33.5,311.7,827.0,234.8,172.9,467.4,116.9,17.9,2517.6,106.2,262.9,1546.4,602.2,1003,,PATHANAMTHITTA,
Kerala,Pathanamthitta,IMD110-P1002,1954,17.7,3.2,280.4,242.5,250.9,582.8,420.0,387.1,214.5,467.6,35.3,112.1,3014.0,20.9,773.8,1604.4,615.0,1003,,PATHANAMTHITTA,
Kerala,Pathanamthitta,IMD110-P1002,1955,0.1,15.3,63.9,268.3,473.0,774.4,351.0,137.4,408.5,254.4,259.9,15.1,3021.4,15.4,805.2,1671.4,529.4,1003,,PATHANAMTHITTA,
Kerala,Pathanamthitta,IMD110-P1002,1956,17.8,15.3,46.2,149.6,281.5,636.8,310.8,255.2,175.4,533.4,275.1,34.9,2731.9,33.0,477.2,1378.3,843.4,1003,,PATHANAMTHITTA,
Kerala,Pathanamthitta,IMD110-P1002,1957,0.2,53.3,60.2,123.8,415.1,817.0,678.5,263.7,73.1,316.6,191.8,61.4,3054.7,53.5,599.1,1832.3,569.8,1003,,PATHANAMTHITTA,
Kerala,Pathanamthitta,IMD110-P1002,1958,6.6,28.0,133.3,253.8,497.3,622.0,291.5,532.9,69.0,233.0,250.6,21.2,2939.1,34.5,884.4,1515.4,504.8,1003,,PATHANAMTHITTA,
Kerala,Pathanamthitta,IMD110-P1002,1959,4.8,65.5,26.3,276.8,441.2,852.6,756.9,237.2,378.3,240.1,216.1,45.8,3541.6,70.3,744.4,2225.0,501.9,1003,,PATHANAMTHITTA,
Kerala,Pathanamthitta,IMD110-P1002,1960,37.5,31.7,75.3,334.9,637.8,309.8,605.6,396.9,521.1,348.6,542.5,76.3,3918.0,69.2,1047.9,1833.4,967.4,1003,,PATHANAMTHITTA,
Kerala,Pathanamthitta,IMD110-P1002,1961,29.2,115.0,23.0,197.6,391.7,988.2,686.1,604.1,226.1,281.7,135.8,11.2,3689.7,144.2,612.3,2504.4,428.8,1003,,PATHANAMTHITTA,
Kerala,Pathanamthitta,IMD110-P1002,1962,106.5,159.1,104.1,188.4,435.8,209.6,877.6,439.6,538.8,507.1,91.4,102.6,3760.5,265.5,728.2,2065.7,701.1,1003,,PATHANAMTHITTA,
Kerala,Pathanamthitta,IMD110-P1002,1963,69.6,50.7,119.5,176.9,192.1,291.4,661.3,397.2,265.1,331.7,135.2,96.2,2787.0,120.3,488.6,1615.0,563.1,1003,,PATHANAMTHITTA,
Kerala,Pathanamthitta,IMD110-P1002,1964,4.1,41.5,158.5,179.5,110.9,267.8,693.3,294.1,443.5,414.7,231.7,2.4,2842.1,45.7,448.9,1698.8,648.8,1003,,PATHANAMTHITTA,
Kerala,Pathanamthitta,IMD110-P1002,1965,13.0,0.6,110.3,171.6,340.3,497.8,302.4,341.1,139.9,215.1,202.4,149.9,2484.4,13.6,622.2,1281.1,567.5,1003,,PATHANAMTHITTA,
Kerala,Pathanamthitta,IMD110-P1002,1966,10.5,9.2,119.1,404.3,65.7,474.1,315.7,176.6,328.5,348.7,216.1,63.1,2531.5,19.7,589.1,1294.8,627.9,1003,,PATHANAMTHITTA,
Kerala,Pathanamthitta,IMD110-P1002,1967,29.5,0.0,9.9,124.9,293.1,583.2,525.6,393.6,273.0,179.9,60.9,36.1,2509.8,29.5,427.9,1775.4,276.9,1003,,PATHANAMTHITTA,
Kerala,Pathanamthitta,IMD110-P1002,1968,14.4,62.6,139.7,129.7,106.3,745.1,1009.0,241.7,314.4,199.2,322.2,58.0,3342.3,77.0,375.7,2310.2,579.4,1004,,PATHANAMTHITTA,
Kerala,Pathanamthitta,IMD110-P1002,1969,0.0,58.0,69.7,193.3,275.1,508.1,758.1,196.3,199.9,321.0,102.6,50.9,2732.9,58.0,538.1,1662.3,474.5,1004,,PATHANAMTHITTA,
Kerala,Pathanamthitta,IMD110-P1002,1970,12.4,52.5,56.8,168.7,237.2,551.3,290.6,358.0,198.5,317.4,87.1,13.0,2343.5,64.9,462.7,1398.4,417.5,1004,,PATHANAMTHITTA,
Kerala,Pathanamthitta,IMD110-P1002,1971,62.3,52.5,40.4,201.3,323.1,611.6,387.8,274.6,255.9,161.1,49.4,24.1,2444.2,114.8,564.9,1530.0,234.5,1004,,PATHANAMTHITTA,
Kerala,Pathanamthitta,IMD110-P1002,1972,0.0,12.5,12.4,195.1,501.9,297.9,569.7,196.8,287.1,334.1,209.6,73.3,2690.3,12.5,709.4,1351.4,617.0,1004,,PATHANAMTHITTA,
Kerala,Pathanamthitta,IMD110-P1002,1973,0.0,0.0,29.7,,,467.9,477.4,310.4,67.9,390.3,128.5,62.4,,0.0,,1323.6,581.1,1004,missing_months,PATHANAMTHITTA,
Kerala,Pathanamthitta,IMD110-P1002,1974,0.0,19.1,45.6,271.9,274.4,273.0,693.5,408.1,382.1,243.5,75.3,1.6,2688.0,19.1,591.9,1756.6,320.4,1004,,PATHANAMTHITTA,
Kerala,Pathanamthitta,IMD110-P1002,1975,16.7,56.7,98.9,297.6,98.0,464.9,352.5,631.9,598.8,548.1,233.4,17.8,3415.4,73.4,494.5,2048.1,799.3,1004,,PATHANAMTHITTA,
Kerala,Pathanamthitta,IMD110-P1002,1976,0.0,0.0,83.2,117.5,84.8,144.0,362.3,224.7,71.2,224.8,300.6,85.6,1698.7,0.0,285.5,802.1,611.0,1004,,PATHANAMTHITTA,
Kerala,Pathanamthitta,IMD110-P1002,1977,0.0,66.1,20.3,146.1,436.3,430.9,431.5,184.5,161.5,595.9,376.5,34.3,2883.9,66.1,602.6,1208.4,1006.8,1004,,PATHANAMTHITTA,
Kerala,Pathanamthitta,IMD110-P1002,1978,0.0,6.8,159.1,327.0,581.2,406.4,567.7,356.2,77.2,151.5,496.5,14.6,3144.1,6.8,1067.3,1407.4,662.6,1004,,PATHANAMTHITTA,
Kerala,Pathanamthitta,IMD110-P1002,1979,6.3,57.1,23.1,49.8,58.0,365.5,250.4,171.8,262.2,383.9,219.1,122.7,1970.0,63.5,131.0,1049.9,725.7,1004,,PATHANAMTHITTA,
Kerala,Pathanamthitta,IMD110-P1002,1980,,1.3,27.4,133.1,122.0,660.2,608.5,359.5,154.1,332.9,148.6,73.5,,,282.4,1782.3,555.0,1004,missing_months,PATHANAMTHITTA,
Kerala,Pathanamthitta,IMD110-P1002,1981,22.2,3.7,30.7,122.8,153.5,709.9,294.5,289.5,367.0,266.1,118.0,19.0,2396.9,25.9,307.0,1660.9,403.2,1004,,PATHANAMTHITTA,
Kerala,Pathanamthitta,IMD110-P1002,1982,8.0,0.0,87.2,172.9,209.5,602.0,382.5,329.3,45.5,264.1,126.3,17.5,2244.7,8.0,469.6,1359.2,407.9,1004,,PATHANAMTHITTA,
Kerala,Pathanamthitta,IMD110-P1002,1983,0.0,0.0,0.0,32.9,101.8,184.3,433.4,498.8,416.8,92.8,211.4,68.7,2040.9,0.0,134.7,1533.3,373.0,1004,,PATHANAMTHITTA,
Kerala,Pathanamthitta,IMD110-P1002,1984,34.2,162.3,124.1,319.4,134.1,465.3,423.6,253.1,198.1,144.2,106.3,25.9,2390.6,196.5,577.6,1340.1,276.4,1004,,PATHANAMTHITTA,
Kerala,Pathanamthitta,IMD110-P1002,1985,84.5,3.8,102.6,58.0,199.9,570.0,286.5,198.3,186.3,247.2,132.5,69.7,2139.3,88.3,360.5,1241.2,449.4,1004,,PATHANAMTHITTA,
Kerala,Pathanamthitta,IMD110-P1002,1986,1.0,63.5,0.0,153.1,107.0,284.1,210.4,139.0,104.0,266.2,236.6,5.7,1570.6,64.5,260.1,737.5,508.5,1004,,PATHANAMTHITTA,
Kerala,Pathanamthitta,IMD110-P1002,1988,,77.8,,346.0,,,,,,,,,,,,,,1004,missing_months,PATHANAMTHITTA,
Kerala,Pathanamthitta,IMD110-P1002,1989,21.3,,128.7,245.8,140.2,522.1,,,,,,,,,514.7,,,1004,missing_months,PATHANAMTHITTA,
Kerala,Pathanamthitta,IMD110-P1002,1990,,,,,,406.2,463.6,184.8,103.1,310.8,262.7,5.5,,,,1157.7,579.1,1004,missing_months,PATHANAMTHITTA,
Kerala,Pathanamthitta,IMD110-P1002,1991,38.7,20.2,142.9,178.3,181.0,1149.5,513.6,460.8,39.8,433.3,120.0,0.0,3278.0,58.9,502.1,2163.6,553.4,1004,,PATHANAMTHITTA,
Kerala,Pathanamthitta,IMD110-P1002,1992,8.7,5.7,0.0,59.7,304.3,569.0,603.2,371.0,311.6,445.6,472.1,12.0,3162.8,14.3,364.0,1854.8,929.7,1004,,PATHANAMTHITTA,
Kerala,Pathanamthitta,IMD110-P1002,1993,0.0,29.3,41.3,157.8,281.1,625.2,668.4,183.2,85.7,549.3,226.3,47.7,2895.3,29.3,480.2,1562.5,823.3,1004,,PATHANAMTHITTA,
Kerala,Pathanamthitta,IMD110-P1002,1994,32.8,52.4,40.7,139.8,280.8,472.5,585.8,404.3,166.5,627.9,110.7,43.7,2958.0,85.3,461.3,1629.2,782.3,1004,,PATHANAMTHITTA,
Kerala,Pathanamthitta,IMD110-P1002,1995,0.0,30.0,49.7,261.3,369.5,354.2,533.9,564.3,264.7,252.9,263.0,0.0,2943.4,30.0,680.4,1717.0,515.9,1004,,PATHANAMTHITTA,
Kerala,Pathanamthitta,IMD110-P1002,1996,4.4,30.5,18.5,286.8,94.2,484.2,509.0,293.7,230.6,414.0,202.5,94.2,2662.7,35.0,399.5,1517.5,710.8,1004,,PATHANAMTHITTA,
Kerala,Pathanamthitta,IMD110-P1002,1997,0.0,13.3,87.7,80.0,246.3,264.7,654.3,400.0,403.5,456.3,372.6,106.4,3085.1,13.3,414.0,1722.5,935.2,1004,,PATHANAMTHITTA,
Kerala,Pathanamthitta,IMD110-P1002,1998,20.7,4.7,8.1,157.3,199.3,480.8,433.0,430.9,627.8,462.5,213.0,92.1,3130.2,25.3,364.7,1972.6,767.6,1004,,PATHANAMTHITTA,
Kerala,Pathanamthitta,IMD110-P1002,1999,1.3,55.4,52.8,255.5,539.8,801.9,599.5,218.3,106.6,792.2,124.7,5.0,3553.1,56.7,848.2,1726.3,921.9,1004,,PATHANAMTHITTA,
Kerala,Pathanamthitta,IMD110-P1002,2000,16.5,235.5,75.7,167.4,123.4,594.8,231.7,562.8,297.0,195.6,93.1,87.5,2680.9,252.0,366.5,1686.3,376.2,1004,,PATHANAMTHITTA,
Kerala,Pathanamthitta,IMD110-P1002,2001,67.6,46.5,17.0,290.0,189.7,517.4,578.9,302.4,267.7,355.9,298.4,13.8,2945.2,114.1,496.7,1666.4,668.0,1004,,PATHANAMTHITTA,
Kerala,Pathanamthitta,IMD110-P1002,2002,11.0,,70.0,214.1,358.6,,370.7,238.5,71.0,598.2,242.3,4.0,,,642.7,,844.5,1004,missing_months,PATHANAMTHITTA,
Kerala,Pathanamthitta,IMD110-P1002,2003,0.0,119.5,159.0,139.2,162.4,436.4,399.6,,64.6,494.1,101.8,11.5,,119.5,460.5,,607.5,1005,missing_months,PATHANAMTHITTA,
Kerala,Pathanamthitta,IMD110-P1002,2004,14.1,12.5,123.3,159.6,723.7,549.8,270.8,274.4,257.5,373.6,,,,26.6,1006.5,1352.4,,1005,missing_months,PATHANAMTHITTA,
Kerala,Pathanamthitta,IMD110-P1002,2005,15.0,0.9,77.3,358.8,278.5,651.7,670.3,153.0,421.4,219.9,420.3,91.0,3358.0,15.9,714.6,1896.4,731.1,1005,,PATHANAMTHITTA,
Kerala,Pathanamthitta,IMD110-P1002,2006,16.4,0.0,255.4,220.0,443.6,,670.7,271.2,320.8,480.4,182.2,0.0,,16.4,919.0,,662.6,1005,missing_months,PATHANAMTHITTA,
Kerala,Pathanamthitta,IMD110-P1002,2007,0.0,10.0,24.5,261.5,156.9,587.0,755.1,325.6,444.0,456.2,176.5,8.1,3205.6,10.0,443.0,2111.8,640.8,1005,,PATHANAMTHITTA,
Kerala,Pathanamthitta,IMD110-P1002,2008,0.0,91.6,163.4,259.8,65.6,262.6,620.0,376.4,353.6,341.4,127.1,40.2,2701.7,91.6,488.8,1612.6,508.7,1005,,PATHANAMTHITTA,
Kerala,Pathanamthitta,IMD110-P1002,2009,5.5,12.0,105.7,115.4,156.8,378.0,454.0,227.4,290.3,222.7,300.0,34.9,2302.6,17.5,377.9,1349.7,557.6,1005,,PATHANAMTHITTA,
Kerala,Pathanamthitta,IMD110-P1002,2010,31.0,0.7,66.3,210.0,268.2,502.8,432.5,402.2,259.5,454.9,526.4,89.1,3243.3,31.7,544.5,1596.9,1070.3,1005,,PATHANAMTHITTA,
Kerala,Thrissur,IMD110-P1006,1901,44.1,13.9,17.0,140.1,278.0,655.4,626.7,257.5,132.5,143.0,628.7,98.3,3035.2,58.0,435.1,1672.1,870.0,1006,,THRISSUR,
Kerala,Thrissur,IMD110-P1006,1902,0.0,0.0,86.1,79.8,104.7,487.3,1277.2,310.7,384.9,395.8,91.7,103.1,3321.3,0.0,270.6,2460.0,590.6,1006,,THRISSUR,
Kerala,Thrissur,IMD110-P1006,1903,0.0,5.6,0.0,35.2,360.6,618.3,868.0,455.1,241.5,400.7,222.4,58.3,3265.6,5.6,395.8,2182.9,681.4,1006,,THRISSUR,
Kerala,Thrissur,IMD110-P1006,1904,20.6,0.0,26.9,42.2,244.2,920.8,588.8,271.1,283.7,312.6,16.3,0.0,2727.2,20.6,313.4,2064.3,328.9,1006,,THRISSUR,
Kerala,Thrissur,IMD110-P1006,1905,0.0,14.0,0.0,61.8,226.2,849.4,463.6,207.9,185.6,448.3,53.4,0.0,2510.2,14.0,288.0,1706.5,501.7,1006,,THRISSUR,
Kerala,Thrissur,IMD110-P1006,1906,24.0,0.0,0.0,13.8,175.6,485.9,999.0,317.4,112.5,170.4,103.9,70.2,2472.8,24.0,189.4,1914.8,344.5,1006,,THRISSUR,
Kerala,Thrissur,IMD110-P1006,1907,2.7,3.2,54.1,180.6,94.0,850.9,604.3,1135.1,239.1,303.4,159.3,83.7,3710.5,5.9,328.7,2829.5,546.4,1006,,THRISSUR,
Kerala,Thrissur,IMD110-P1006,1908,5.6,26.6,45.6,71.8,183.2,812.2,964.5,328.3,210.7,242.6,59.1,0.2,2950.4,32.2,300.7,2315.6,302.0,1006,,THRISSUR,
Kerala,Thrissur,IMD110-P1006,1909,58.0,4.6,15.7,66.3,386.9,737.2,807.3,221.2,149.9,151.6,150.1,17.0,2765.7,62.5,468.9,1915.6,318.7,1006,,THRISSUR,
Kerala,Thrissur,IMD110-P1006,1910,0.0,8.6,1.9,96.9,142.5,751.3,460.3,300.7,179.0,363.7,381.2,0.0,2686.2,8.6,241.4,1691.3,744.9,1006,,THRISSUR,
Kerala,Thrissur,IMD110-P1006,1911,0.0,2.8,0.3,56.7,319.7,853.7,729.5,172.8,7.8,280.1,193.4,47.2,2663.9,2.8,376.6,1763.8,520.7,1006,,THRISSUR,
Kerala,Thrissur,IMD110-P1006,1912,0.0,4.0,0.0,129.6,255.2,1127.2,792.0,522.9,194.5,527.6,76.4,0.5,3629.9,4.0,384.8,2636.6,604.5,1006,,THRISSUR,
Kerala,Thrissur,IMD110-P1006,1913,0.1,0.0,4.3,101.4,225.9,527.0,837.1,202.6,202.4,398.6,54.2,14.9,2568.4,0.1,331.6,1769.1,467.7,1006,,THRISSUR,
Kerala,Thrissur,IMD110-P1006,1914,0.0,0.0,8.0,0.9,217.6,622.3,902.3,415.3,212.1,434.1,74.3,116.8,3003.6,0.0,226.4,2151.9,625.2,1006,,THRISSUR,
Kerala,Thrissur,IMD110-P1006,1915,5.3,2.5,23.4,65.4,248.1,650.3,861.2,271.0,385.0,164.9,339.3,2.6,3019.0,7.8,337.0,2167.4,506.8,1006,,THRISSUR,
Kerala,Thrissur,IMD110-P1006,1916,0.0,0.1,11.1,95.7,198.8,893.9,570.8,373.6,334.5,387.5,92.2,1.4,2959.4,0.1,305.6,2172.7,481.0,1006,,THRISSUR,
Kerala,Thrissur,IMD110-P1006,1917,10.2,17.7,60.3,14.7,148.5,826.7,326.8,332.6,691.9,282.3,215.8,23.9,2951.3,27.8,223.6,2177.9,522.0,1006,,THRISSUR,
Kerala,Thrissur,IMD110-P1006,1918,0.6,5.0,33.7,9.4,885.2,433.3,172.8,432.1,105.8,156.7,345.4,24.0,2604.0,5.7,928.3,1144.0,526.1,1006,,THRISSUR,
Kerala,Thrissur,IMD110-P1006,1919,40.4,3.0,52.9,21.0,312.4,618.1,713.2,437.6,202.5,197.9,323.6,14.7,2937.3,43.4,386.3,1971.4,536.2,1006,,THRISSUR,
Kerala,Thrissur,IMD110-P1006,1920,13.1,0.0,0.3,46.3,48.3,1147.3,917.8,223.4,202.1,573.4,252.2,0.8,3425.0,13.1,94.9,2490.6,826.4,1006,,THRISSUR,
Kerala,Thrissur,IMD110-P1006,1921,3.5,0.0,0.1,133.6,143.7,465.1,540.0,578.6,103.1,294.0,109.3,2.1,2373.1,3.5,277.3,1686.9,405.5,1006,,THRISSUR,
Kerala,Thrissur,IMD110-P1006,1922,16.5,10.1,11.7,84.8,480.4,770.9,938.7,366.4,275.2,301.0,275.1,28.8,3559.5,26.6,576.9,2351.1,604.9,1006,,THRISSUR,
Kerala,Thrissur,IMD110-P1006,1923,0.8,0.2,108.6,19.0,108.6,748.2,950.9,975.8,321.6,153.8,50.3,15.7,3453.4,1.0,236.3,2996.4,219.8,1006,,THRISSUR,
Kerala,Thrissur,IMD110-P1006,1924,1.3,0.1,45.4,77.8,301.2,1363.1,1361.6,835.1,243.8,143.3,204.1,23.4,4600.4,1.4,424.5,3803.7,370.8,1006,,THRISSUR,
Kerala,Thrissur,IMD110-P1006,1925,0.0,0.2,64.9,49.0,283.2,811.1,610.5,475.2,113.5,229.7,268.9,114.3,3020.5,0.2,397.1,2010.3,612.9,1006,,THRISSUR,
Kerala,Thrissur,IMD110-P1006,1926,29.3,0.0,8.7,8.3,221.5,835.1,952.2,537.2,397.8,241.8,40.6,8.9,3281.3,29.3,238.4,2722.3,291.3,1006,,THRISSUR,
Kerala,Thrissur,IMD110-P1006,1927,0.6,49.8,52.6,115.3,357.5,830.0,902.0,334.4,435.9,134.4,104.8,0.0,3317.2,50.4,525.3,2502.3,239.2,1006,,THRISSUR,
Kerala,Thrissur,IMD110-P1006,1928,6.2,68.8,27.3,77.5,74.7,682.7,426.8,658.6,66.2,391.4,75.2,25.2,2580.6,75.1,179.5,1834.3,491.7,1006,,THRISSUR,
Kerala,Thrissur,IMD110-P1006,1929,0.0,7.2,58.7,161.2,143.1,1221.8,920.4,264.6,301.2,558.2,105.8,2.4,3744.7,7.2,363.0,2708.0,666.5,1006,,THRISSUR,
Kerala,Thrissur,IMD110-P1006,1930,0.7,13.3,25.9,147.5,498.6,699.5,387.3,232.6,521.8,564.7,177.8,164.1,3433.7,14.1,672.0,1841.1,906.5,1006,,THRISSUR,
Kerala,Thrissur,IMD110-P1006,1931,0.0,0.0,1.3,92.5,200.3,641.1,687.6,1352.0,203.1,106.3,111.0,45.0,3440.2,0.0,294.1,2883.9,262.2,1006,,THRISSUR,
Kerala,Thrissur,IMD110-P1006,1932,0.0,1.7,21.6,105.6,600.3,414.1,667.1,445.5,385.9,625.9,193.2,10.6,3471.5,1.7,727.5,1912.6,829.7,1006,,THRISSUR,
Kerala,Thrissur,IMD110-P1006,1933,0.1,6.8,4.5,135.6,982.1,956.1,814.6,406.9,437.0,374.4,104.0,26.9,4249.0,6.8,1122.2,2614.6,505.3,1006,,THRISSUR,
Kerala,Thrissur,IMD110-P1006,1934,66.2,0.0,20.0,142.0,75.7,1101.9,318.3,299.8,49.1,428.2,66.1,0.0,2567.1,66.2,237.6,1769.0,494.3,1007,,THRISSUR,
Kerala,Thrissur,IMD110-P1006,1935,5.2,2.6,0.1,65.6,31.2,648.0,716.6,249.2,334.9,432.1,121.1,14.3,2621.0,7.8,96.9,1948.7,567.5,1007,,THRISSUR,
Kerala,Thrissur,IMD110-P1006,1936,0.0,23.9,113.4,19.3,585.1,760.2,708.6,350.6,299.4,141.6,178.1,0.1,3180.4,23.9,717.8,2118.9,319.8,1007,,THRISSUR,
Kerala,Thrissur,IMD110-P1006,1937,0.0,10.4,18.7,184.7,187.2,678.2,1089.6,314.4,243.2,404.9,77.0,6.7,3215.1,10.4,390.6,2325.4,488.6,1007,,THRISSUR,
Kerala,Thrissur,IMD110-P1006,1938,0.0,24.6,29.2,126.6,186.7,720.4,712.8,296.5,178.5,197.3,45.0,3.6,2521.2,24.6,342.5,1908.2,245.9,1007,,THRISSUR,
Kerala,Thrissur,IMD110-P1006,1939,0.6,10.6,9.2,187.3,92.9,885.5,753.6,440.2,141.1,376.3,297.2,0.3,3194.8,11.2,289.4,2220.4,673.8,1007,,THRISSUR,
Kerala,Thrissur,IMD110-P1006,1940,0.0,0.0,0.0,112.5,255.9,612.4,934.5,694.7,44.2,291.1,279.5,18.2,3242.9,0.0,368.3,2285.8,588.8,1007,,THRISSUR,
Kerala,Thrissur,IMD110-P1006,1941,11.2,0.1,0.1,92.3,679.3,949.4,383.8,446.1,368.7,275.9,204.6,149.6,3560.9,11.3,771.6,2147.9,630.1,1007,,THRISSUR,
Kerala,Thrissur,IMD110-P1006,1942,0.0,0.1,16.8,143.9,263.8,904.4,795.1,225.6,100.1,432.5,74.4,127.7,3084.3,0.1,424.5,2025.2,634.6,1007,,THRISSUR,
Kerala,Thrissur,IMD110-P1006,1943,89.5,9.3,45.8,143.9,532.5,1125.0,899.9,204.8,153.0,416.8,305.2,0.1,3925.9,98.8,722.3,2382.8,722.1,1007,,THRISSUR,
Kerala,Thrissur,IMD110-P1006,1944,0.0,3.0,72.0,50.4,294.1,573.0,634.6,222.0,132.4,325.4,142.6,31.6,2481.0,3.0,416.4,1562.0,499.5,1007,,THRISSUR,
Kerala,Thrissur,IMD110-P1006,1945,0.0,1.0,0.0,128.8,43.1,705.2,772.1,426.3,112.7,247.3,223.4,1.1,2661.0,1.0,171.9,2016.2,471.8,1007,,THRISSUR,
Kerala,Thrissur,IMD110-P1006,1946,0.0,0.0,40.3,154.1,97.2,1165.6,803.2,811.9,303.8,156.5,235.0,170.7,3938.4,0.0,291.6,3084.6,562.2,1007,,THRISSUR,
Kerala,Thrissur,IMD110-P1006,1947,9.1,31.1,114.8,174.8,92.2,707.4,740.5,840.4,420.7,91.1,19.7,29.0,3270.8,40.3,381.8,2708.9,139.7,1007,,THRISSUR,
Kerala,Thrissur,IMD110-P1006,1948,47.8,10.8,47.4,58.7,197.9,1269.2,678.1,360.9,144.1,222.2,208.6,3.5,3249.4,58.6,304.1,2452.3,434.4,1007,,THRISSUR,
Kerala,Thrissur,IMD110-P1006,1949,0.0,0.0,0.1,95.7,515.0,697.8,932.0,462.6,318.3,182.2,64.0,0.0,3267.7,0.0,610.8,2410.8,246.1,1007,,THRISSUR,
Kerala,Thrissur,IMD110-P1006,1950,0.0,44.2,0.0,125.0,292.9,759.7,1053.7,375.3,423.8,264.4,124.6,0.8,3464.3,44.2,417.9,2612.4,389.7,1007,,THRISSUR,
Kerala,Thrissur,IMD110-P1006,1951,0.0,0.0,23.2,188.9,108.3,855.8,440.4,139.1,247.6,169.3,115.7,26.7,2315.1,0.0,320.4,1682.9,311.8,1007,,THRISSUR,
Kerala,Thrissur,IMD110-P1006,1952,0.0,39.7,3.8,33.4,228.8,629.7,338.0,362.9,83.9,321.3,13.2,94.0,2148.6,39.7,266.0,1414.4,428.5,1007,,THRISSUR,
Kerala,Thrissur,IMD110-P1006,1953,0.0,3.7,9.1,131.8,81.3,343.1,979.8,275.2,105.4,345.2,44.5,0.4,2319.7,3.7,222.2,1703.6,390.2,1007,,THRISSUR,
Kerala,Thrissur,IMD110-P1006,1954,19.5,0.3,68.2,89.8,233.5,773.4,510.6,396.8,178.7,216.0,18.9,29.4,2535.2,19.7,391.5,1859.5,264.4,1007,,THRISSUR,
Kerala,Thrissur,IMD110-P1006,1955,0.1,0.9,9.4,73.3,588.5,782.6,418.4,205.1,524.8,513.6,186.9,5.6,3309.1,1.1,671.2,1930.8,706.1,1007,,THRISSUR,
Kerala,Thrissur,IMD110-P1006,1956,0.8,12.9,3.2,198.6,435.7,926.0,376.8,287.9,177.3,473.2,116.6,0.0,3008.9,13.6,637.5,1768.0,589.8,1007,,THRISSUR,
Kerala,Thrissur,IMD110-P1006,1957,0.0,19.0,19.2,14.5,468.3,1008.7,850.4,412.0,28.4,318.5,197.6,15.4,3352.1,19.0,502.0,2299.6,531.5,1007,,THRISSUR,
Kerala,Thrissur,IMD110-P1006,1958,0.0,29.7,28.3,90.7,625.3,810.8,523.6,458.7,38.9,176.8,239.0,1.9,3023.5,29.7,744.3,1831.9,417.6,1007,,THRISSUR,
Kerala,Thrissur,IMD110-P1006,1959,0.0,0.0,0.0,94.1,330.6,947.1,1127.6,526.4,443.8,263.0,156.5,6.4,3895.4,0.0,424.6,3044.8,425.9,1007,,THRISSUR,
Kerala,Thrissur,IMD110-P1006,1960,0.2,0.0,11.7,152.8,705.0,636.6,865.6,287.0,415.9,296.2,218.8,1.4,3591.3,0.2,869.6,2205.1,516.4,1007,,THRISSUR,
Kerala,Thrissur,IMD110-P1006,1961,0.0,28.0,24.8,79.4,644.0,1007.2,1290.6,652.5,404.3,193.0,67.5,7.9,4399.3,28.0,748.3,3354.6,268.4,1007,,THRISSUR,
Kerala,Thrissur,IMD110-P1006,1962,23.3,42.8,44.5,41.6,677.3,296.6,918.1,422.1,359.3,413.5,36.0,73.6,3348.6,66.1,763.3,1996.2,523.0,1007,,THRISSUR,
Kerala,Thrissur,IMD110-P1006,1963,0.0,42.8,40.6,51.1,128.1,369.7,742.8,621.8,223.8,248.2,88.3,21.1,2578.4,42.8,219.9,1958.1,357.6,1007,,THRISSUR,
Kerala,Thrissur,IMD110-P1006,1964,0.0,0.1,49.8,30.7,160.8,560.0,973.3,555.1,568.3,256.5,263.8,40.3,3458.8,0.1,241.3,2656.8,560.6,1007,,THRISSUR,
Kerala,Thrissur,IMD110-P1006,1965,2.4,0.0,5.3,88.4,303.1,616.1,463.9,331.3,193.1,102.2,142.5,139.3,2387.5,2.4,396.9,1604.4,383.9,1007,,THRISSUR,
Kerala,Thrissur,IMD110-P1006,1966,0.0,0.0,51.9,49.7,21.3,620.0,702.1,188.2,429.6,583.3,225.7,61.8,2933.6,0.0,122.8,1940.0,870.8,1007,,THRISSUR,
Kerala,Thrissur,IMD110-P1006,1967,0.0,0.0,4.8,32.1,326.9,501.6,749.3,699.8,173.7,189.5,62.7,40.7,2781.2,0.0,363.8,2124.5,292.9,1007,,THRISSUR,
Kerala,Thrissur,IMD110-P1006,1968,0.0,44.8,74.1,109.9,114.5,726.7,1509.9,492.2,357.5,110.2,53.7,9.6,3603.0,44.8,298.4,3086.2,173.5,1008,,THRISSUR,
Kerala,Thrissur,IMD110-P1006,1969,0.0,0.0,1.0,43.2,195.0,692.6,940.9,348.0,178.9,181.8,81.6,36.1,2699.1,0.0,239.2,2160.4,299.5,1008,,THRISSUR,
Kerala,Thrissur,IMD110-P1006,1970,0.0,0.0,8.9,106.8,353.3,506.9,344.1,543.6,225.5,196.1,44.3,0.0,2329.5,0.0,469.0,1620.1,240.4,1008,,THRISSUR,
Kerala,Thrissur,IMD110-P1006,1971,1.8,4.4,0.0,97.5,348.6,1207.6,852.1,401.2,310.0,204.1,28.9,34.0,3490.1,6.2,446.1,2770.9,267.0,1008,,THRISSUR,
Kerala,Thrissur,IMD110-P1006,1972,0.0,1.1,0.0,19.2,491.4,383.0,668.1,366.4,180.4,346.5,90.6,230.4,2777.0,1.1,510.5,1598.0,667.5,1008,,THRISSUR,
Kerala,Thrissur,IMD110-P1006,1973,0.0,0.0,3.3,,,573.7,571.6,414.7,51.0,249.9,25.3,13.5,,0.0,,1610.9,288.7,1008,missing_months,THRISSUR,
Kerala,Thrissur,IMD110-P1006,1974,1.2,0.0,2.2,97.9,148.5,374.7,1077.0,496.1,366.7,123.2,32.8,0.0,2720.3,1.2,248.6,2314.5,156.0,1008,,THRISSUR,
Kerala,Thrissur,IMD110-P1006,1975,4.3,0.0,47.8,71.0,257.6,830.1,574.6,684.0,537.7,430.9,286.7,1.7,3726.6,4.3,376.4,2626.4,719.4,1008,,THRISSUR,
Kerala,Thrissur,IMD110-P1006,1976,0.0,0.0,9.6,105.8,90.2,219.8,732.1,440.6,127.4,201.3,217.3,20.6,2164.7,0.0,205.6,1519.9,439.2,1008,,THRISSUR,
Kerala,Thrissur,IMD110-P1006,1977,0.0,6.7,21.1,42.4,354.2,670.0,943.8,252.7,230.0,495.0,525.1,0.0,3540.9,6.7,417.7,2096.4,1020.0,1008,,THRISSUR,
Kerala,Thrissur,IMD110-P1006,1978,0.0,13.9,23.0,32.1,328.9,835.2,901.1,703.3,90.0,168.0,341.8,63.5,3500.6,13.9,384.0,2529.5,573.3,1008,,THRISSUR,
Kerala,Thrissur,IMD110-P1006,1979,0.0,14.5,31.5,60.5,159.0,869.5,672.9,437.3,351.7,146.8,270.1,2.9,3016.8,14.5,251.0,2331.4,419.9,1008,,THRISSUR,
Kerala,Thrissur,IMD110-P1006,1980,,0.1,2.3,72.3,120.1,954.5,1152.3,518.0,110.6,361.4,164.7,6.8,,,194.8,2735.4,532.8,1008,missing_months,THRISSUR,
Kerala,Thrissur,IMD110-P1006,1981,0.0,0.0,13.0,117.2,238.9,1175.6,388.6,466.9,585.5,337.4,167.7,28.8,3519.6,0.0,369.1,2616.6,533.9,1008,,THRISSUR,
Kerala,Thrissur,IMD110-P1006,1982,0.0,0.0,3.4,0.0,113.1,868.6,608.5,558.2,82.1,232.3,175.5,3.8,2645.4,0.0,116.5,2117.4,411.5,1008,,THRISSUR,
Kerala,Thrissur,IMD110-P1006,1983,0.0,0.0,0.0,1.8,41.7,404.6,892.9,701.0,581.3,129.6,90.9,53.5,2897.3,0.0,43.5,2579.8,274.0,1008,,THRISSUR,
Kerala,Thrissur,IMD110-P1006,1984,12.0,15.3,29.7,177.2,11.2,937.2,736.6,273.8,112.6,486.2,23.9,19.2,2834.8,27.3,218.1,2060.2,529.3,1008,,THRISSUR,
Kerala,Thrissur,IMD110-P1006,1985,70.6,0.0,0.0,26.0,355.9,913.3,509.0,421.7,107.4,232.5,51.9,53.0,2741.3,70.6,381.9,1951.4,337.4,1008,,THRISSUR,
Kerala,Thrissur,IMD110-P1006,1986,6.0,0.5,7.5,39.8,134.0,639.5,324.9,316.0,393.2,193.5,234.8,18.9,2308.5,6.5,181.3,1673.6,447.2,1008,,THRISSUR,
Kerala,Thrissur,IMD110-P1006,1987,0.0,0.0,3.0,7.6,90.0,805.9,271.0,403.2,222.4,184.4,207.5,155.1,2350.1,0.0,100.6,1702.5,547.0,1008,,THRISSUR,
Kerala,Thrissur,IMD110-P1006,1988,0.0,0.0,22.2,165.7,273.3,596.8,492.4,454.3,517.9,99.3,8.0,19.0,2648.8,0.0,461.2,2061.3,126.3,1008,,THRISSUR,
Kerala,Thrissur,IMD110-P1006,1989,,,,,158.2,,,,,,,,,,,,,1008,missing_months,THRISSUR,
Kerala,Thrissur,IMD110-P1006,1990,,,,,,499.6,890.9,355.2,124.0,405.8,113.1,4.3,,,,1869.7,523.2,1008,missing_months,THRISSUR,
Kerala,Thrissur,IMD110-P1006,1991,3.7,0.0,8.2,83.2,108.1,1173.5,870.8,659.0,43.6,339.9,172.6,0.0,3462.3,3.7,199.4,2746.8,512.5,1008,,THRISSUR,
Kerala,Thrissur,IMD110-P1006,1992,0.0,4.5,0.0,40.8,273.8,1018.8,845.9,561.7,388.8,374.7,318.3,0.0,3827.3,4.5,314.6,2815.3,693.0,1008,,THRISSUR,
Kerala,Thrissur,IMD110-P1006,1993,0.0,15.5,14.9,40.5,285.3,947.0,839.5,230.4,85.5,608.5,97.6,15.2,3180.0,15.5,340.7,2102.4,721.4,1008,,THRISSUR,
Kerala,Thrissur,IMD110-P1006,1994,22.2,5.4,20.8,148.9,132.9,1093.7,1081.4,568.8,249.0,438.7,70.8,0.0,3832.5,27.6,302.5,2992.8,509.5,1008,,THRISSUR,
Kerala,Thrissur,IMD110-P1006,1995,0.1,0.0,14.6,142.0,579.3,573.2,773.6,570.8,285.0,210.6,129.8,0.0,3279.0,0.1,735.8,2202.6,340.5,1008,,THRISSUR,
Kerala,Thrissur,IMD110-P1006,1996,0.4,0.0,2.8,83.8,44.5,491.4,671.3,260.3,423.2,180.1,32.0,63.0,2252.8,0.4,131.1,1846.2,275.1,1008,,THRISSUR,
Kerala,Thrissur,IMD110-P1006,1997,0.0,0.0,0.0,10.3,84.4,778.8,952.7,599.8,381.7,258.1,244.0,100.1,3409.8,0.0,94.7,2712.9,602.3,1008,,THRISSUR,
Kerala,Thrissur,IMD110-P1006,1998,0.0,0.0,5.0,32.5,98.2,798.8,710.2,474.3,665.9,521.4,105.0,67.3,3478.7,0.0,135.7,2649.3,693.8,1008,,THRISSUR,
Kerala,Thrissur,IMD110-P1006,1999,0.0,7.2,1.6,103.5,393.3,571.7,756.3,264.0,42.7,625.6,16.9,0.0,2782.9,7.2,498.5,1634.7,642.5,1008,,THRISSUR,
Kerala,Thrissur,IMD110-P1006,2000,0.0,30.2,2.2,58.9,146.8,597.1,322.4,645.1,174.3,214.7,49.6,29.4,2270.6,30.2,207.9,1738.8,293.7,1008,,THRISSUR,
Kerala,Thrissur,IMD110-P1006,2001,0.6,17.8,0.0,184.4,286.8,825.2,538.7,299.3,170.0,308.4,162.5,0.7,2794.5,18.4,471.2,1833.3,471.6,1008,,THRISSUR,
Kerala,Thrissur,IMD110-P1006,2002,0.3,0.0,4.1,47.0,321.7,552.6,300.3,455.2,129.4,576.2,69.4,0.0,2456.1,0.3,372.9,1437.4,645.5,1009,,THRISSUR,
Kerala,Thrissur,IMD110-P1006,2003,0.0,129.2,35.9,75.3,38.3,536.8,552.3,357.9,135.3,341.5,48.2,0.0,2250.6,129.2,149.6,1582.2,389.7,1009,,THRISSUR,
Kerala,Thrissur,IMD110-P1006,2004,0.0,0.6,17.0,80.7,596.0,752.4,362.2,399.6,157.2,450.5,,,,0.6,693.7,1671.5,,1009,missing_months,THRISSUR,
Kerala,Thrissur,IMD110-P1006,2005,9.6,3.1,0.4,182.1,83.7,748.4,759.3,343.1,462.9,171.6,86.5,3.0,2853.6,12.7,266.3,2313.6,261.1,1009,,THRISSUR,
Kerala,Thrissur,IMD110-P1006,2006,1.4,0.0,45.9,60.7,637.0,,950.6,526.7,505.7,383.5,167.7,0.6,,1.4,743.7,,551.8,1009,missing_months,THRISSUR,
Kerala,Thrissur,IMD110-P1006,2007,0.0,0.0,0.0,87.7,211.2,685.3,1033.9,466.6,577.9,361.5,42.4,3.9,3470.3,0.0,298.9,2763.5,407.9,1009,,THRISSUR,
Kerala,Thrissur,IMD110-P1006,2008,0.0,17.3,188.5,42.5,46.3,466.8,383.6,223.1,296.2,330.4,5.9,4.6,2005.2,17.3,277.3,1369.7,340.9,1009,,THRISSUR,
Kerala,Thrissur,IMD110-P1006,2009,0.0,0.0,49.4,53.9,289.6,586.0,972.1,384.3,361.4,157.1,206.4,29.5,3089.7,0.0,392.8,2303.9,393.0,1009,,THRISSUR,
Kerala,Thrissur,IMD110-P1006,2010,18.4,0.0,9.3,75.9,197.6,775.8,601.6,236.6,307.9,563.9,332.6,20.6,3140.1,18.4,282.8,1921.9,917.0,1009,,THRISSUR,
Kerala,Thiruvananthapur,IMD110-P1010,1901,42.4,56.4,36.6,179.9,147.4,577.3,185.3,82.5,39.7,182.0,358.9,19.3,1907.6,98.8,363.9,884.7,560.2,1010,,THIRUVANANTHAPUR,
Kerala,Thiruvananthapur,IMD110-P1010,1902,56.2,4.7,34.0,75.8,107.4,168.8,389.5,123.7,264.3,384.1,178.4,109.2,1896.1,60.9,217.1,946.3,671.7,1010,,THIRUVANANTHAPUR,
Kerala,Thiruvananthapur,IMD110-P1010,1903,14.2,20.3,1.6,84.8,162.3,399.8,275.3,125.0,131.0,271.4,78.3,93.3,1657.2,34.5,248.7,931.1,443.0,1010,,THIRUVANANTHAPUR,
Kerala,Thiruvananthapur,IMD110-P1010,1904,29.9,0.0,43.3,120.0,156.9,757.1,300.0,61.3,183.0,331.5,59.9,15.9,2058.8,29.9,320.2,1301.4,407.3,1010,,THIRUVANANTHAPUR,
Kerala,Thiruvananthapur,IMD110-P1010,1905,4.1,26.6,9.2,247.6,285.3,577.6,86.4,43.2,113.2,323.5,145.7,0.0,1862.4,30.6,542.1,820.4,469.2,1010,,THIRUVANANTHAPUR,
Kerala,Thiruvananthapur,IMD110-P1010,1906,8.9,14.9,23.8,103.3,245.5,273.2,227.8,192.4,22.1,385.9,241.1,95.0,1833.8,23.8,372.7,715.4,722.0,1010,,THIRUVANANTHAPUR,
Kerala,Thiruvananthapur,IMD110-P1010,1907,16.2,0.0,52.2,175.0,119.8,548.7,235.0,188.1,227.2,314.3,286.0,58.3,2220.9,16.2,347.1,1199.0,658.6,1010,,THIRUVANANTHAPUR,
Kerala,Thiruvananthapur,IMD110-P1010,1908,7.2,23.6,45.6,103.7,119.7,255.0,171.0,63.2,194.8,301.2,148.3,22.3,1455.6,30.8,269.0,684.0,471.8,1010,,THIRUVANANTHAPUR,
Kerala,Thiruvananthapur,IMD110-P1010,1909,44.2,14.1,84.9,56.7,294.6,185.3,243.1,63.2,69.6,184.2,150.2,39.0,1429.0,58.3,436.2,561.2,373.3,1010,,THIRUVANANTHAPUR,
Kerala,Thiruvananthapur,IMD110-P1010,1910,2.6,17.3,82.8,130.7,74.1,235.5,234.4,128.6,152.7,358.1,279.9,0.5,1697.3,19.9,287.6,751.3,638.5,1010,,THIRUVANANTHAPUR,
Kerala,Thiruvananthapur,IMD110-P1010,1911,0.9,1.6,12.2,35.9,86.6,386.2,200.7,31.8,43.4,284.3,212.2,116.0,1411.8,2.5,134.7,662.2,612.5,1010,,THIRUVANANTHAPUR,
Kerala,Thiruvananthapur,IMD110-P1010,1912,1.3,6.9,3.6,119.0,183.1,650.8,297.8,233.9,55.6,500.8,283.8,52.6,2389.3,8.3,305.7,1238.1,837.2,1010,,THIRUVANANTHAPUR,
Kerala,Thiruvananthapur,IMD110-P1010,1913,8.6,9.7,60.7,101.8,158.1,341.4,212.6,37.4,113.4,421.2,209.2,109.9,1784.0,18.3,320.7,704.7,740.3,1010,,THIRUVANANTHAPUR,
Kerala,Thiruvananthapur,IMD110-P1010,1914,4.0,6.6,7.7,44.2,248.1,317.6,258.4,150.6,92.2,304.7,81.6,226.5,1742.2,10.6,299.9,818.8,612.8,1010,,THIRUVANANTHAPUR,
Kerala,Thiruvananthapur,IMD110-P1010,1915,36.6,41.4,15.1,122.7,105.9,218.7,494.6,76.0,339.0,133.4,294.0,22.6,1900.0,77.9,243.7,1128.4,450.0,1010,,THIRUVANANTHAPUR,
Kerala,Thiruvananthapur,IMD110-P1010,1916,0.1,8.0,28.6,51.1,123.8,317.3,170.8,68.3,170.5,243.9,151.6,6.5,1340.4,8.1,203.5,726.9,402.0,1010,,THIRUVANANTHAPUR,
Kerala,Thiruvananthapur,IMD110-P1010,1917,0.0,29.4,111.8,21.6,47.0,309.1,125.5,79.2,163.2,118.2,255.7,64.7,1325.5,29.4,180.4,677.1,438.6,1010,,THIRUVANANTHAPUR,
Kerala,Thiruvananthapur,IMD110-P1010,1918,128.1,14.2,14.9,71.5,504.3,164.0,24.4,207.6,35.2,210.1,126.4,95.2,1595.8,142.3,590.7,431.1,431.7,1010,,THIRUVANANTHAPUR,
Kerala,Thiruvananthapur,IMD110-P1010,1919,53.9,0.9,35.3,83.4,268.4,280.2,193.0,120.5,300.5,208.3,232.1,110.6,1887.0,54.8,387.1,894.1,551.0,1010,,THIRUVANANTHAPUR,
Kerala,Thiruvananthapur,IMD110-P1010,1920,50.3,0.0,20.3,238.7,62.9,875.1,247.1,52.9,154.9,276.9,429.4,2.5,2411.0,50.3,321.9,1330.0,708.9,1010,,THIRUVANANTHAPUR,
Kerala,Thiruvananthapur,IMD110-P1010,1921,13.2,9.9,28.1,164.1,80.3,89.0,266.6,189.0,47.8,403.2,145.7,34.7,1471.4,23.0,272.5,592.4,583.6,1010,,THIRUVANANTHAPUR,
Kerala,Thiruvananthapur,IMD110-P1010,1922,20.6,40.8,1.5,106.9,191.3,259.7,436.2,37.8,45.2,196.4,531.5,55.3,1923.2,61.4,299.7,778.9,783.2,1010,,THIRUVANANTHAPUR,
Kerala,Thiruvananthapur,IMD110-P1010,1923,33.7,0.0,51.6,44.1,37.8,441.5,332.1,353.5,200.3,292.5,103.3,77.5,1967.9,33.7,133.5,1327.4,473.4,1010,,THIRUVANANTHAPUR,
Kerala,Thiruvananthapur,IMD110-P1010,1924,45.7,25.1,86.2,134.1,131.0,667.0,551.7,252.3,327.1,182.8,145.8,80.4,2629.2,70.8,351.3,1798.2,408.9,1010,,THIRUVANANTHAPUR,
Kerala,Thiruvananthapur,IMD110-P1010,1925,8.3,26.4,47.1,74.0,220.1,230.7,154.9,192.1,143.8,375.2,423.1,146.1,2041.6,34.7,341.2,721.4,944.3,1010,,THIRUVANANTHAPUR,
Kerala,Thiruvananthapur,IMD110-P1010,1926,33.5,3.6,9.0,74.8,442.3,276.4,328.2,108.6,245.7,172.2,117.2,30.4,1841.9,37.1,526.2,958.8,319.8,1010,,THIRUVANANTHAPUR,
Kerala,Thiruvananthapur,IMD110-P1010,1927,25.8,72.8,102.1,150.8,330.2,393.6,246.0,98.2,234.6,129.8,97.6,15.2,1896.7,98.6,583.1,972.4,242.6,1010,,THIRUVANANTHAPUR,
Kerala,Thiruvananthapur,IMD110-P1010,1928,18.3,13.8,22.1,136.7,115.1,315.1,99.4,93.8,32.6,324.8,219.1,58.5,1449.2,32.1,273.8,540.9,602.4,1010,,THIRUVANANTHAPUR,
Kerala,Thiruvananthapur,IMD110-P1010,1929,28.8,27.5,19.3,194.1,165.9,505.0,242.4,34.7,249.0,242.1,233.7,74.1,2016.4,56.2,379.2,1031.1,549.9,1010,,THIRUVANANTHAPUR,
Kerala,Thiruvananthapur,IMD110-P1010,1930,23.2,7.8,48.2,96.2,347.0,365.8,77.5,68.8,219.1,477.4,114.3,14.7,1860.1,31.0,491.4,731.2,606.4,1010,,THIRUVANANTHAPUR,
Kerala,Thiruvananthapur,IMD110-P1010,1931,1.9,0.0,22.7,127.8,94.1,334.9,181.7,430.5,112.9,118.2,218.5,187.4,1830.6,1.9,244.6,1059.9,524.1,1010,,THIRUVANANTHAPUR,
Kerala,Thiruvananthapur,IMD110-P1010,1932,0.0,37.8,52.3,117.3,485.4,111.4,168.0,386.9,116.5,548.5,323.1,50.5,2397.6,37.8,655.0,782.7,922.1,1010,,THIRUVANANTHAPUR,
Kerala,Thiruvananthapur,IMD110-P1010,1933,1.7,15.0,31.9,175.1,1084.0,613.4,273.6,176.1,208.1,327.2,157.9,16.5,3080.8,16.8,1291.1,1271.3,501.6,1010,,THIRUVANANTHAPUR,
Kerala,Thiruvananthapur,IMD110-P1010,1934,94.4,0.0,75.6,86.2,104.4,398.4,111.0,99.9,8.7,235.0,125.8,0.8,1340.2,94.4,266.2,618.0,361.5,1011,,THIRUVANANTHAPUR,
Kerala,Thiruvananthapur,IMD110-P1010,1935,69.4,17.3,29.7,155.4,32.6,134.5,144.6,205.3,75.7,392.3,218.0,67.2,1542.0,86.7,217.7,560.1,677.5,1011,,THIRUVANANTHAPUR,
Kerala,Thiruvananthapur,IMD110-P1010,1936,8.1,6.6,98.8,20.1,407.7,220.8,210.6,79.7,205.9,152.4,266.9,43.7,1721.3,14.7,526.7,717.0,463.0,1011,,THIRUVANANTHAPUR,
Kerala,Thiruvananthapur,IMD110-P1010,1937,19.7,20.3,52.6,125.0,77.7,155.3,289.5,84.9,39.7,252.8,147.3,14.2,1279.1,40.0,255.3,569.5,414.3,1011,,THIRUVANANTHAPUR,
Kerala,Thiruvananthapur,IMD110-P1010,1938,0.0,138.1,63.2,175.0,93.2,174.1,207.3,120.9,131.6,106.9,85.6,39.6,1335.5,138.1,331.4,633.9,232.1,1011,,THIRUVANANTHAPUR,
Kerala,Thiruvananthapur,IMD110-P1010,1939,29.9,4.1,1.5,216.5,189.9,279.0,249.9,168.5,53.9,227.6,489.4,18.1,1928.1,33.9,407.8,751.2,735.1,1011,,THIRUVANANTHAPUR,
Kerala,Thiruvananthapur,IMD110-P1010,1940,0.0,0.0,1.2,134.3,133.4,455.2,206.4,237.8,43.1,368.0,232.0,111.7,1923.0,0.0,268.9,942.5,711.6,1011,,THIRUVANANTHAPUR,
Kerala,Thiruvananthapur,IMD110-P1010,1941,17.1,0.8,51.3,128.1,437.7,312.7,272.5,199.5,238.1,149.5,252.8,87.9,2148.1,17.9,617.1,1022.8,490.2,1011,,THIRUVANANTHAPUR,
Kerala,Thiruvananthapur,IMD110-P1010,1942,4.2,2.2,47.5,152.0,189.2,320.5,265.7,123.6,45.5,230.6,94.6,210.3,1686.0,6.3,388.8,755.4,535.5,1011,,THIRUVANANTHAPUR,
Kerala,Thiruvananthapur,IMD110-P1010,1943,81.1,29.6,28.6,136.2,247.9,484.3,211.9,29.6,155.6,499.9,250.3,66.2,2221.3,110.7,412.7,881.4,816.4,1011,,THIRUVANANTHAPUR,
Kerala,Thiruvananthapur,IMD110-P1010,1944,15.1,63.6,66.3,104.7,99.5,340.8,108.7,65.6,155.5,307.3,209.3,199.1,1735.6,78.7,270.5,670.6,715.7,1011,,THIRUVANANTHAPUR,
Kerala,Thiruvananthapur,IMD110-P1010,1945,24.7,5.1,33.2,137.7,15.4,308.7,219.4,122.7,16.0,547.7,262.8,110.2,1803.7,29.8,186.3,666.7,920.8,1011,,THIRUVANANTHAPUR,
Kerala,Thiruvananthapur,IMD110-P1010,1946,4.3,1.4,217.9,57.0,103.2,419.3,172.2,278.6,93.5,332.7,406.0,265.6,2351.7,5.7,378.1,963.6,1004.3,1011,,THIRUVANANTHAPUR,
Kerala,Thiruvananthapur,IMD110-P1010,1947,,16.8,97.4,121.0,98.8,352.6,123.2,538.7,241.1,162.7,29.8,68.3,,,317.1,1255.6,260.8,1011,missing_months,THIRUVANANTHAPUR,
Kerala,Thiruvananthapur,IMD110-P1010,1948,24.0,6.5,61.7,149.7,221.8,545.7,203.3,170.8,65.1,275.5,368.5,28.7,2121.4,30.5,433.3,985.0,672.7,1011,,THIRUVANANTHAPUR,
Kerala,Thiruvananthapur,IMD110-P1010,1949,3.9,1.0,0.4,117.1,265.8,340.6,334.3,159.6,159.1,164.4,79.4,16.1,1641.7,5.0,383.3,993.6,259.9,1011,,THIRUVANANTHAPUR,
Kerala,Thiruvananthapur,IMD110-P1010,1950,0.8,31.7,76.3,83.3,176.7,281.7,253.2,318.8,233.4,203.7,113.6,33.9,1807.1,32.5,336.3,1087.1,351.1,1011,,THIRUVANANTHAPUR,
Kerala,Thiruvananthapur,IMD110-P1010,1951,7.2,3.8,51.6,127.7,181.0,474.4,155.1,25.0,224.0,183.4,279.3,26.3,1738.8,11.0,360.3,878.5,489.0,1011,,THIRUVANANTHAPUR,
Kerala,Thiruvananthapur,IMD110-P1010,1952,5.6,33.1,12.0,158.7,284.3,190.8,74.3,82.7,42.9,305.8,52.0,70.2,1312.4,38.8,455.0,390.6,428.0,1011,,THIRUVANANTHAPUR,
Kerala,Thiruvananthapur,IMD110-P1010,1953,27.3,28.9,23.6,82.8,20.5,298.9,601.3,109.7,83.8,480.5,156.9,7.7,1921.9,56.2,126.8,1093.7,645.1,1011,,THIRUVANANTHAPUR,
Kerala,Thiruvananthapur,IMD110-P1010,1954,40.5,10.2,174.1,191.3,140.8,246.4,235.1,222.9,145.3,497.0,23.5,141.2,2068.4,50.7,506.2,849.8,661.7,1011,,THIRUVANANTHAPUR,
Kerala,Thiruvananthapur,IMD110-P1010,1955,20.8,17.7,24.1,125.2,494.4,460.9,201.0,111.2,540.9,389.1,262.8,80.2,2728.5,38.5,643.8,1314.0,732.2,1011,,THIRUVANANTHAPUR,
Kerala,Thiruvananthapur,IMD110-P1010,1956,16.8,1.9,20.3,122.4,172.2,388.7,143.0,196.1,85.4,261.3,166.8,36.8,1611.8,18.7,314.9,813.2,464.9,1011,,THIRUVANANTHAPUR,
Kerala,Thiruvananthapur,IMD110-P1010,1957,2.0,17.2,21.9,141.2,416.2,612.1,288.6,147.9,37.2,307.6,230.8,91.7,2314.2,19.2,579.3,1085.7,630.1,1011,,THIRUVANANTHAPUR,
Kerala,Thiruvananthapur,IMD110-P1010,1958,14.8,30.2,84.7,147.0,312.5,669.7,214.3,454.4,53.2,284.8,213.6,12.4,2491.6,45.0,544.2,1391.6,510.9,1011,,THIRUVANANTHAPUR,
Kerala,Thiruvananthapur,IMD110-P1010,1959,2.5,46.0,12.7,122.3,448.3,513.6,570.5,141.4,206.6,239.4,172.3,67.1,2542.7,48.5,583.3,1432.2,478.7,1011,,THIRUVANANTHAPUR,
Kerala,Thiruvananthapur,IMD110-P1010,1960,29.7,17.6,48.2,188.1,600.1,251.0,389.0,201.4,362.3,207.8,480.2,38.8,2814.2,47.3,836.4,1203.8,726.8,1011,,THIRUVANANTHAPUR,
Kerala,Thiruvananthapur,IMD110-P1010,1961,67.7,48.7,9.4,75.0,446.4,912.1,425.4,310.7,185.5,206.7,97.5,24.8,2809.9,116.4,530.8,1833.7,329.0,1011,,THIRUVANANTHAPUR,
Kerala,Thiruvananthapur,IMD110-P1010,1962,58.1,57.3,48.4,142.5,433.6,127.6,466.1,211.5,305.0,466.9,37.3,53.9,2408.2,115.4,624.5,1110.2,558.1,1011,,THIRUVANANTHAPUR,
Kerala,Thiruvananthapur,IMD110-P1010,1963,42.3,23.4,61.2,88.9,160.6,244.9,369.4,246.8,211.1,255.9,164.7,74.5,1943.8,65.7,310.8,1072.2,495.2,1011,,THIRUVANANTHAPUR,
Kerala,Thiruvananthapur,IMD110-P1010,1964,2.0,14.9,85.4,84.3,65.6,149.6,489.1,155.5,253.0,500.9,186.3,3.8,1990.4,16.9,235.3,1047.3,691.0,1011,,THIRUVANANTHAPUR,
Kerala,Thiruvananthapur,IMD110-P1010,1965,16.5,1.3,33.5,142.2,236.8,375.6,175.5,167.0,70.4,401.6,129.1,243.1,1992.6,17.7,412.5,788.6,773.8,1011,,THIRUVANANTHAPUR,
Kerala,Thiruvananthapur,IMD110-P1010,1966,6.7,10.1,44.8,161.7,58.5,300.2,213.9,103.5,441.6,316.2,160.6,56.1,1874.0,16.8,265.0,1059.3,532.9,1011,,THIRUVANANTHAPUR,
Kerala,Thiruvananthapur,IMD110-P1010,1967,24.0,0.1,62.4,63.2,215.6,461.1,217.1,138.8,222.2,308.6,51.6,18.8,1783.5,24.1,341.2,1039.3,379.0,1011,,THIRUVANANTHAPUR,
Kerala,Thiruvananthapur,IMD110-P1010,1968,16.1,13.3,112.2,140.7,38.5,532.9,648.8,140.4,390.5,246.6,228.0,91.3,2599.3,29.5,291.4,1712.5,565.9,1012,,THIRUVANANTHAPUR,
Kerala,Thiruvananthapur,IMD110-P1010,1969,0.0,4.3,14.3,127.6,203.7,192.0,284.8,183.5,102.1,316.4,131.2,87.6,1647.5,4.3,345.6,762.4,535.2,1012,,THIRUVANANTHAPUR,
Kerala,Thiruvananthapur,IMD110-P1010,1970,9.5,9.5,67.4,104.3,210.2,209.9,137.0,128.1,138.0,364.3,107.2,17.3,1502.7,18.9,382.0,613.1,488.7,1012,,THIRUVANANTHAPUR,
Kerala,Thiruvananthapur,IMD110-P1010,1971,118.3,20.5,63.2,136.6,264.6,537.5,257.2,102.4,366.2,95.6,119.8,124.9,2206.8,138.8,464.4,1263.3,340.4,1012,,THIRUVANANTHAPUR,
Kerala,Thiruvananthapur,IMD110-P1010,1972,3.9,0.0,8.9,100.2,444.1,157.9,305.9,120.9,222.2,433.3,174.5,114.8,2086.6,3.9,553.2,806.9,722.7,1012,,THIRUVANANTHAPUR,
Kerala,Thiruvananthapur,IMD110-P1010,1973,0.0,0.0,20.5,142.8,154.4,669.9,223.3,138.3,52.5,340.2,105.2,70.2,1917.4,0.0,317.6,1084.1,515.7,1012,,THIRUVANANTHAPUR,
Kerala,Thiruvananthapur,IMD110-P1010,1974,0.0,17.8,28.4,166.8,248.2,146.8,443.0,376.1,297.4,121.8,51.3,5.2,1902.9,17.8,443.4,1263.3,178.4,1012,,THIRUVANANTHAPUR,
Kerala,Thiruvananthapur,IMD110-P1010,1975,27.9,52.6,56.9,228.0,220.6,461.5,200.8,206.0,180.5,320.3,355.2,40.3,2350.7,80.5,505.5,1048.8,715.8,1012,,THIRUVANANTHAPUR,
Kerala,Thiruvananthapur,IMD110-P1010,1976,0.3,0.0,19.6,76.8,61.3,63.9,153.7,138.4,46.0,145.5,228.1,32.0,965.7,0.3,157.8,402.0,405.6,1012,,THIRUVANANTHAPUR,
Kerala,Thiruvananthapur,IMD110-P1010,1977,3.8,23.4,31.6,88.2,362.3,227.9,165.1,99.0,105.9,527.7,202.7,9.5,1847.3,27.3,482.0,598.0,740.0,1012,,THIRUVANANTHAPUR,
Kerala,Thiruvananthapur,IMD110-P1010,1978,6.6,24.4,65.8,85.5,389.6,227.8,196.5,166.1,52.6,86.9,648.7,55.2,2005.6,30.9,540.9,643.0,790.8,1012,,THIRUVANANTHAPUR,
Kerala,Thiruvananthapur,IMD110-P1010,1979,0.8,72.5,35.7,43.6,88.8,359.3,172.2,114.9,178.2,93.6,287.6,52.4,1499.7,73.3,168.2,824.6,433.6,1012,,THIRUVANANTHAPUR,
Kerala,Thiruvananthapur,IMD110-P1010,1980,0.0,0.0,23.2,114.7,68.1,313.6,179.2,157.2,74.5,167.0,138.0,72.0,1307.3,0.0,205.9,724.4,376.9,1012,,THIRUVANANTHAPUR,
Kerala,Thiruvananthapur,IMD110-P1010,1981,15.5,14.3,23.8,83.9,95.8,430.9,111.0,106.3,203.3,190.7,161.6,15.5,1452.7,29.8,203.6,851.5,367.8,1012,,THIRUVANANTHAPUR,
Kerala,Thiruvananthapur,IMD110-P1010,1982,2.0,0.0,12.0,75.9,179.8,375.0,104.6,81.2,13.1,120.9,102.9,17.0,1084.5,2.0,267.7,573.9,240.9,1012,,THIRUVANANTHAPUR,
Kerala,Thiruvananthapur,IMD110-P1010,1983,0.0,0.0,0.0,34.8,93.4,145.7,70.1,157.8,143.4,57.8,93.2,79.3,875.5,0.0,128.3,516.9,230.3,1012,,THIRUVANANTHAPUR,
Kerala,Thiruvananthapur,IMD110-P1010,1984,65.3,53.8,71.9,179.1,95.7,222.4,130.6,25.8,43.3,199.1,105.0,2.5,1194.6,119.1,346.7,422.2,306.6,1012,,THIRUVANANTHAPUR,
Kerala,Thiruvananthapur,IMD110-P1010,1985,80.6,18.7,13.5,58.2,164.3,347.5,96.2,43.2,75.9,110.5,164.0,42.2,1214.9,99.3,236.1,562.8,316.7,1012,,THIRUVANANTHAPUR,
Kerala,Thiruvananthapur,IMD110-P1010,1986,15.9,38.3,2.5,134.7,95.2,167.6,105.0,215.6,87.6,61.8,207.3,13.1,1144.6,54.2,232.3,575.9,282.2,1012,,THIRUVANANTHAPUR,
Kerala,Thiruvananthapur,IMD110-P1010,1987,2.2,0.0,20.1,91.3,202.2,246.9,48.3,349.9,174.8,256.3,203.9,277.0,1873.0,2.2,313.6,820.0,737.2,1012,,THIRUVANANTHAPUR,
Kerala,Thiruvananthapur,IMD110-P1010,1988,8.7,18.4,28.4,173.0,74.6,444.6,227.1,109.5,321.5,33.0,182.7,14.4,1635.9,27.0,276.0,1102.7,230.1,1012,,THIRUVANANTHAPUR,
Kerala,Thiruvananthapur,IMD110-P1010,1989,73.9,0.0,29.5,194.1,154.3,379.9,237.6,109.2,352.8,239.0,81.0,15.2,1866.3,73.9,377.8,1079.4,335.2,1012,,THIRUVANANTHAPUR,
Kerala,Thiruvananthapur,IMD110-P1010,1990,6.2,19.2,22.8,3.8,318.8,150.1,272.9,52.1,58.3,193.9,344.1,28.1,1470.4,25.4,345.4,533.5,566.1,1012,,THIRUVANANTHAPUR,
Kerala,Thiruvananthapur,IMD110-P1010,1991,27.0,34.7,47.8,117.5,122.4,914.1,302.9,141.6,5.9,302.5,136.5,13.7,2166.7,61.7,287.7,1364.5,452.7,1012,,THIRUVANANTHAPUR,
Kerala,Thiruvananthapur,IMD110-P1010,1992,32.3,0.0,0.0,17.9,237.2,641.7,256.5,171.7,188.9,455.1,338.8,16.6,2356.8,32.3,255.1,1258.9,810.5,1012,,THIRUVANANTHAPUR,
Kerala,Thiruvananthapur,IMD110-P1010,1993,0.0,7.1,32.6,109.5,196.0,421.5,311.5,59.8,53.5,328.6,469.7,109.9,2099.6,7.1,338.1,846.3,908.2,1012,,THIRUVANANTHAPUR,
Kerala,Thiruvananthapur,IMD110-P1010,1994,27.9,62.8,17.3,105.8,196.9,252.9,275.6,252.5,131.7,370.5,189.2,45.6,1928.8,90.7,320.1,912.7,605.3,1012,,THIRUVANANTHAPUR,
Kerala,Thiruvananthapur,IMD110-P1010,1995,16.3,3.2,17.4,143.5,329.3,210.0,163.2,103.0,116.2,209.0,212.8,1.3,1525.2,19.5,490.1,592.4,423.2,1012,,THIRUVANANTHAPUR,
Kerala,Thiruvananthapur,IMD110-P1010,1996,10.1,16.1,10.1,148.6,38.7,318.8,201.7,113.1,138.6,322.4,107.1,77.2,1502.5,26.3,197.4,772.1,506.7,1012,,THIRUVANANTHAPUR,
Kerala,Thiruvananthapur,IMD110-P1010,1997,3.4,5.1,17.8,71.2,122.5,262.4,227.3,127.4,405.0,242.7,303.9,121.8,1910.6,8.5,211.5,1022.1,668.4,1012,,THIRUVANANTHAPUR,
Kerala,Thiruvananthapur,IMD110-P1010,1998,0.5,0.5,1.4,76.6,239.0,286.5,126.5,153.4,365.1,438.2,279.7,173.4,2140.7,1.0,317.0,931.5,891.2,1012,,THIRUVANANTHAPUR,
Kerala,Thiruvananthapur,IMD110-P1010,1999,13.5,67.6,16.4,148.7,376.1,380.3,150.9,91.9,36.7,483.7,99.9,15.1,1880.9,81.1,541.2,659.8,598.8,1012,,THIRUVANANTHAPUR,
Kerala,Thiruvananthapur,IMD110-P1010,2000,9.2,69.3,37.6,134.9,11.3,268.5,89.2,351.8,139.2,189.2,131.4,71.0,1502.6,78.5,183.9,848.6,391.6,1012,,THIRUVANANTHAPUR,
Kerala,Thiruvananthapur,IMD110-P1010,2001,42.0,18.6,4.9,253.0,201.1,299.2,324.5,204.9,478.0,250.2,179.0,27.6,2283.0,60.7,459.0,1306.5,456.8,1012,,THIRUVANANTHAPUR,
Kerala,Thiruvananthapur,IMD110-P1010,2002,1.0,19.0,32.6,75.3,281.8,160.3,68.3,123.1,32.3,467.2,215.7,5.2,1481.8,20.0,389.7,383.9,688.1,1013,,THIRUVANANTHAPUR,
Kerala,Thiruvananthapur,IMD110-P1010,2003,3.0,45.1,65.2,131.8,112.6,245.4,181.1,108.6,24.7,455.9,171.3,2.5,1547.3,48.1,309.6,559.8,629.7,1013,,THIRUVANANTHAPUR,
Kerala,Thiruvananthapur,IMD110-P1010,2004,0.0,7.4,31.5,141.8,429.7,298.5,266.6,107.9,218.7,225.6,143.9,21.3,1892.9,7.4,603.0,891.8,390.7,1013,,THIRUVANANTHAPUR,
Kerala,Thiruvananthapur,IMD110-P1010,2005,5.0,9.2,28.0,355.2,204.0,257.5,264.8,50.0,173.2,255.4,282.4,160.1,2044.8,14.2,587.1,745.5,698.0,1013,,THIRUVANANTHAPUR,
Kerala,Thiruvananthapur,IMD110-P1010,2006,15.1,0.0,67.8,81.4,269.3,174.1,313.8,112.5,455.9,507.3,218.1,13.9,2229.3,15.2,418.5,1056.3,739.3,1013,,THIRUVANANTHAPUR,
Kerala,Thiruvananthapur,IMD110-P1010,2007,0.4,1.8,3.5,211.4,144.1,346.7,286.5,170.8,250.2,316.7,206.9,11.7,1950.6,2.1,359.0,1054.2,535.3,1013,,THIRUVANANTHAPUR,
Kerala,Thiruvananthapur,IMD110-P1010,2008,0.0,24.7,276.2,158.5,89.7,116.2,285.9,174.4,201.0,346.1,172.2,26.1,1870.8,24.7,524.3,777.4,544.3,1013,,THIRUVANANTHAPUR,
Kerala,Thiruvananthapur,IMD110-P1010,2009,4.1,0.0,59.9,44.6,207.0,182.5,204.2,87.4,183.5,117.7,346.3,42.5,1479.6,4.1,311.5,657.6,506.5,1013,,THIRUVANANTHAPUR,
Kerala,Thiruvananthapur,IMD110-P1010,2010,108.3,0.0,73.0,109.3,216.6,237.2,235.1,118.7,113.9,414.3,326.2,188.3,2141.1,108.3,399.0,705.0,928.8,1013,,THIRUVANANTHAPUR,
Kerala,Wayanad,IMD110-P1014,1901,15.9,28.7,39.2,136.7,78.8,999.0,1479.1,500.1,228.3,239.6,275.2,28.4,4048.8,44.6,254.6,3206.4,543.2,1014,,WAYANAD,
Kerala,Wayanad,IMD110-P1014,1902,11.6,13.1,38.5,121.4,108.3,480.8,1679.3,279.2,520.2,361.5,98.3,133.4,3845.5,24.6,268.2,2959.5,593.2,1014,,WAYANAD,
Kerala,Wayanad,IMD110-P1014,1903,5.1,0.0,4.3,104.4,159.9,348.0,2196.9,489.1,174.0,297.7,139.9,31.0,3950.2,5.1,268.6,3207.9,468.6,1014,,WAYANAD,
Kerala,Wayanad,IMD110-P1014,1904,3.0,0.0,27.9,118.6,154.6,1583.3,1130.7,550.2,241.5,211.8,9.3,0.0,4030.8,3.0,301.1,3505.7,221.1,1014,,WAYANAD,
Kerala,Wayanad,IMD110-P1014,1905,15.6,35.2,7.9,41.2,198.7,927.0,995.2,343.0,254.1,307.2,62.9,0.0,3188.2,50.8,247.8,2519.4,370.2,1014,,WAYANAD,
Kerala,Wayanad,IMD110-P1014,1906,27.5,0.5,0.4,31.0,105.9,420.8,1559.8,683.0,180.0,217.5,48.7,33.7,3308.8,28.0,137.4,2843.6,299.8,1014,,WAYANAD,
Kerala,Wayanad,IMD110-P1014,1907,0.0,5.8,17.4,127.3,61.4,819.3,1419.9,1563.3,148.9,134.1,112.8,20.0,4430.4,5.8,206.1,3951.5,267.0,1014,,WAYANAD,
Kerala,Wayanad,IMD110-P1014,1908,0.0,10.5,4.2,114.6,86.1,533.5,1354.2,574.5,81.4,136.4,8.8,13.9,2918.1,10.5,204.9,2543.5,159.1,1014,,WAYANAD,
Kerala,Wayanad,IMD110-P1014,1909,60.3,11.2,22.1,77.0,658.8,1134.3,1118.5,243.5,230.1,158.5,57.4,37.1,3809.0,71.5,758.0,2726.4,253.0,1014,,WAYANAD,
Kerala,Wayanad,IMD110-P1014,1910,0.0,8.5,12.6,132.8,189.4,824.7,882.7,777.2,324.8,287.7,102.2,0.0,3542.5,8.5,334.9,2809.3,389.9,1014,,WAYANAD,
Kerala,Wayanad,IMD110-P1014,1911,0.0,2.2,4.4,88.8,135.9,1565.8,1244.9,223.6,77.8,204.6,111.1,30.1,3689.2,2.2,229.1,3112.3,345.8,1014,,WAYANAD,
Kerala,Wayanad,IMD110-P1014,1912,7.0,0.0,0.0,111.1,92.6,1042.2,1708.6,704.6,136.4,199.3,102.2,8.9,4112.8,7.0,203.6,3591.8,310.4,1014,,WAYANAD,
Kerala,Wayanad,IMD110-P1014,1913,0.0,0.0,18.4,76.2,152.7,620.5,1349.1,412.8,160.6,523.8,8.4,0.3,3322.7,0.0,247.3,2543.0,532.5,1014,,WAYANAD,
Kerala,Wayanad,IMD110-P1014,1914,0.0,0.0,14.7,14.1,44.6,493.8,1538.7,446.1,308.9,238.4,51.0,72.1,3222.3,0.0,73.4,2787.4,361.4,1014,,WAYANAD,
Kerala,Wayanad,IMD110-P1014,1915,2.8,0.0,27.0,113.4,93.7,1241.4,804.0,520.2,412.8,208.8,152.6,40.0,3616.4,2.8,234.0,2978.3,401.3,1014,,WAYANAD,
Kerala,Wayanad,IMD110-P1014,1916,0.0,1.5,16.6,103.3,174.2,1345.2,488.4,733.0,366.5,306.5,77.3,8.0,3620.4,1.5,294.1,2932.9,391.8,1014,,WAYANAD,
Kerala,Wayanad,IMD110-P1014,1917,0.0,77.3,26.3,52.9,71.3,727.6,519.3,334.5,553.7,387.5,117.3,9.8,2877.5,77.3,150.6,2135.0,514.6,1014,,WAYANAD,
Kerala,Wayanad,IMD110-P1014,1918,5.3,0.0,4.0,75.1,581.5,482.0,222.4,513.6,122.9,129.6,316.0,13.1,2465.4,5.3,660.5,1340.9,458.6,1014,,WAYANAD,
Kerala,Wayanad,IMD110-P1014,1919,2.7,1.5,0.0,78.1,121.7,872.2,893.9,731.8,208.0,228.8,217.3,1.9,3357.8,4.2,199.8,2705.9,448.0,1014,,WAYANAD,
Kerala,Wayanad,IMD110-P1014,1920,19.0,33.7,4.6,106.4,104.8,921.1,1867.9,290.0,106.8,149.5,149.4,0.0,3753.0,52.6,215.8,3185.8,298.9,1014,,WAYANAD,
Kerala,Wayanad,IMD110-P1014,1921,29.5,32.7,16.1,132.6,112.1,623.2,1375.1,928.5,309.5,209.7,92.9,0.0,3861.8,62.1,260.9,3236.3,302.6,1014,,WAYANAD,
Kerala,Wayanad,IMD110-P1014,1922,37.5,0.3,5.6,80.8,160.5,651.3,1541.6,559.7,197.3,196.0,187.7,16.4,3634.6,37.7,246.9,2949.9,400.1,1014,,WAYANAD,
Kerala,Wayanad,IMD110-P1014,1923,0.4,0.0,73.3,35.3,73.4,569.9,2099.4,1890.2,221.8,85.1,38.5,4.0,5091.2,0.4,182.0,4781.3,127.6,1014,,WAYANAD,
Kerala,Wayanad,IMD110-P1014,1924,11.6,0.0,27.9,104.5,86.8,1038.0,3193.6,626.8,248.5,104.8,52.8,28.8,5523.9,11.6,219.2,5106.8,186.4,1014,,WAYANAD,
Kerala,Wayanad,IMD110-P1014,1925,0.0,0.0,65.3,102.7,92.9,1200.1,1068.1,788.1,71.9,224.3,130.2,68.7,3812.1,0.0,260.9,3128.1,423.1,1014,,WAYANAD,
Kerala,Wayanad,IMD110-P1014,1926,7.2,0.0,11.9,37.0,65.2,384.3,1792.0,919.8,304.6,173.3,13.9,3.0,3712.1,7.2,114.0,3400.7,190.2,1014,,WAYANAD,
Kerala,Wayanad,IMD110-P1014,1927,0.8,1.0,27.0,67.8,106.6,1029.3,1448.6,553.5,277.5,34.9,80.7,0.0,3627.6,1.8,201.4,3308.9,115.6,1014,,WAYANAD,
Kerala,Wayanad,IMD110-P1014,1928,15.1,52.6,56.6,94.1,51.4,552.3,756.5,913.8,64.9,250.1,56.1,20.8,2884.3,67.7,202.1,2287.4,327.0,1014,,WAYANAD,
Kerala,Wayanad,IMD110-P1014,1929,1.5,3.1,29.9,152.2,137.8,1080.4,1522.4,437.1,268.5,239.1,56.3,31.3,3959.6,4.6,319.8,3308.4,326.7,1014,,WAYANAD,
Kerala,Wayanad,IMD110-P1014,1930,4.2,0.0,20.3,82.2,350.9,802.3,605.2,449.3,473.8,377.0,132.7,28.8,3326.8,4.2,453.4,2330.7,538.5,1014,,WAYANAD,
Kerala,Wayanad,IMD110-P1014,1931,0.0,0.0,5.3,101.6,129.4,395.3,928.8,1962.9,174.3,123.1,166.6,61.4,4048.6,0.0,236.2,3461.3,351.1,1014,,WAYANAD,
Kerala,Wayanad,IMD110-P1014,1932,0.0,0.0,25.6,118.2,595.5,396.7,1598.8,494.3,457.2,374.2,148.9,15.3,4224.6,0.0,739.3,2947.0,538.3,1014,,WAYANAD,
Kerala,Wayanad,IMD110-P1014,1933,0.0,0.0,42.3,109.4,467.3,1067.8,1153.8,710.1,691.3,414.8,24.3,33.1,4714.0,0.0,619.0,3622.9,472.2,1014,,WAYANAD,
Kerala,Wayanad,IMD110-P1014,1934,14.3,0.0,14.9,56.5,114.8,849.9,907.0,663.3,63.2,222.6,72.8,0.0,2979.1,14.3,186.1,2483.4,295.4,1015,,WAYANAD,
Kerala,Wayanad,IMD110-P1014,1935,25.4,0.0,9.0,105.4,71.9,386.8,1188.1,340.2,443.0,364.5,24.8,7.0,2966.2,25.4,186.4,2358.1,396.3,1015,,WAYANAD,
Kerala,Wayanad,IMD110-P1014,1936,0.0,0.0,108.0,45.0,142.8,855.9,725.8,475.6,212.4,189.1,33.8,0.0,2788.4,0.0,295.8,2269.7,222.9,1015,,WAYANAD,
Kerala,Wayanad,IMD110-P1014,1937,0.0,21.0,48.7,114.5,103.3,545.5,1069.9,306.4,117.0,387.6,131.1,0.9,2845.8,21.0,266.5,2038.8,519.5,1015,,WAYANAD,
Kerala,Wayanad,IMD110-P1014,1938,0.0,16.0,64.2,78.8,102.7,1023.7,702.9,494.1,249.7,276.5,48.3,9.6,3066.5,16.0,245.6,2470.4,334.5,1015,,WAYANAD,
Kerala,Wayanad,IMD110-P1014,1939,0.0,1.8,16.0,119.8,36.6,448.0,1249.3,716.8,69.6,249.6,133.6,0.0,3040.9,1.8,172.3,2483.6,383.2,1015,,WAYANAD,
Kerala,Wayanad,IMD110-P1014,1940,0.0,0.0,0.0,120.1,117.0,824.1,1204.1,874.6,90.3,201.6,214.3,16.5,3662.7,0.0,237.1,2993.1,432.5,1015,,WAYANAD,
Kerala,Wayanad,IMD110-P1014,1941,0.0,0.0,11.6,80.1,160.6,884.0,1061.4,818.3,200.8,127.9,148.8,32.3,3525.7,0.0,252.3,2964.4,309.0,1015,,WAYANAD,
Kerala,Wayanad,IMD110-P1014,1942,0.0,0.8,6.6,166.5,150.5,930.5,1414.7,578.7,145.9,205.0,15.1,29.4,3643.5,0.8,323.6,3069.7,249.5,1015,,WAYANAD,
Kerala,Wayanad,IMD110-P1014,1943,67.6,1.9,6.9,94.4,363.5,666.5,1467.1,244.8,316.3,259.4,159.9,3.2,3651.7,69.5,464.9,2694.8,422.5,1015,,WAYANAD,
Kerala,Wayanad,IMD110-P1014,1944,0.0,1.5,30.3,43.7,121.3,476.6,1270.8,361.7,129.3,184.6,137.4,92.7,2849.8,1.5,195.3,2238.3,414.7,1015,,WAYANAD,
Kerala,Wayanad,IMD110-P1014,1945,0.0,3.5,0.0,117.6,19.7,672.5,1363.2,454.5,163.2,172.4,247.3,0.0,3213.8,3.5,137.3,2653.3,419.7,1015,,WAYANAD,
Kerala,Wayanad,IMD110-P1014,1946,0.0,10.4,59.9,165.9,77.7,1188.1,1149.1,1188.7,150.1,143.1,199.8,70.9,4403.8,10.4,303.5,3676.0,413.8,1015,,WAYANAD,
Kerala,Wayanad,IMD110-P1014,1947,12.3,9.4,76.3,114.1,111.6,400.9,1107.3,1125.7,414.1,176.6,1.9,91.6,3641.8,21.8,302.0,3047.9,270.1,1015,,WAYANAD,
Kerala,Wayanad,IMD110-P1014,1948,24.1,0.2,16.8,185.0,178.0,952.3,811.8,1024.5,254.3,214.5,106.9,4.6,3772.8,24.3,379.8,3042.9,325.9,1015,,WAYANAD,
Kerala,Wayanad,IMD110-P1014,1949,0.0,0.0,12.3,78.6,461.5,620.9,1104.6,678.8,700.5,241.8,30.2,0.0,3929.1,0.0,552.3,3104.8,272.0,1015,,WAYANAD,
Kerala,Wayanad,IMD110-P1014,1950,0.0,30.8,1.3,57.5,109.3,626.2,1308.1,515.2,640.1,171.4,51.5,7.2,3518.3,30.8,167.9,3089.5,230.1,1015,,WAYANAD,
Kerala,Wayanad,IMD110-P1014,1951,0.0,0.0,37.4,115.5,171.0,772.9,1008.1,346.7,265.5,130.9,90.2,10.1,2948.4,0.0,323.9,2393.3,231.3,1015,,WAYANAD,
Kerala,Wayanad,IMD110-P1014,1952,0.3,41.3,19.7,126.0,119.1,638.5,830.0,639.6,72.5,391.3,2.7,83.1,2964.1,41.6,264.8,2180.6,477.1,1015,,WAYANAD,
Kerala,Wayanad,IMD110-P1014,1953,8.8,33.2,0.4,131.1,45.2,728.2,1499.9,921.3,78.9,252.9,9.2,2.0,3711.0,42.0,176.7,3228.3,264.1,1015,,WAYANAD,
Kerala,Wayanad,IMD110-P1014,1954,1.3,4.3,74.1,79.7,89.9,980.7,1130.7,856.6,277.9,253.1,11.2,16.3,3775.6,5.6,243.6,3245.7,280.6,1015,,WAYANAD,
Kerala,Wayanad,IMD110-P1014,1955,1.9,0.0,38.8,103.4,550.5,888.1,376.5,384.0,384.4,420.1,42.3,8.9,3198.7,1.9,692.6,2032.9,471.3,1015,,WAYANAD,
Kerala,Wayanad,IMD110-P1014,1956,0.2,21.5,11.9,145.0,304.6,953.1,1090.3,547.7,123.8,96.8,101.3,0.0,3396.2,21.6,461.4,2714.9,198.2,1015,,WAYANAD,
Kerala,Wayanad,IMD110-P1014,1957,0.0,0.0,0.0,35.0,337.8,834.2,1217.9,497.0,47.8,260.9,224.1,5.7,3460.5,0.0,372.8,2597.0,490.7,1015,,WAYANAD,
Kerala,Wayanad,IMD110-P1014,1958,0.0,25.3,37.2,138.9,197.8,672.8,1419.3,660.9,131.9,146.3,159.2,3.8,3593.3,25.3,373.9,2884.9,309.3,1015,,WAYANAD,
Kerala,Wayanad,IMD110-P1014,1959,0.0,3.0,0.0,120.2,261.2,1031.5,2210.3,618.8,439.2,111.2,110.6,49.9,4955.7,3.0,381.4,4299.7,271.6,1015,,WAYANAD,
Kerala,Wayanad,IMD110-P1014,1960,0.5,0.0,23.2,214.9,367.8,488.4,1217.9,433.8,308.4,133.0,162.1,0.6,3350.6,0.5,605.8,2448.5,295.7,1015,,WAYANAD,
Kerala,Wayanad,IMD110-P1014,1961,0.0,4.1,26.9,142.7,480.1,1189.2,2601.5,923.0,353.5,352.4,39.3,29.4,6142.0,4.1,649.7,5067.1,421.1,1015,,WAYANAD,
Kerala,Wayanad,IMD110-P1014,1962,22.7,24.0,27.3,101.8,523.6,173.4,1637.1,701.4,486.7,337.0,0.0,1.8,4036.6,46.7,652.6,2998.5,338.8,1015,,WAYANAD,
Kerala,Wayanad,IMD110-P1014,1963,17.3,26.6,47.7,58.3,126.9,378.7,1089.7,728.3,131.3,293.5,38.6,0.0,2936.9,43.9,232.9,2327.9,332.1,1015,,WAYANAD,
Kerala,Wayanad,IMD110-P1014,1964,0.0,0.0,46.5,78.2,72.8,296.8,758.8,1083.4,178.8,231.1,102.4,6.3,2855.1,0.0,197.5,2317.8,339.8,1015,,WAYANAD,
Kerala,Wayanad,IMD110-P1014,1965,7.5,0.0,36.5,24.8,93.2,802.0,1046.8,134.1,174.3,52.0,51.0,144.4,2566.6,7.5,154.5,2157.2,247.4,1015,,WAYANAD,
Kerala,Wayanad,IMD110-P1014,1966,11.1,0.0,24.3,42.3,126.6,345.9,1092.1,275.9,421.3,357.0,283.6,7.6,2987.8,11.1,193.3,2135.1,648.2,1015,,WAYANAD,
Kerala,Wayanad,IMD110-P1014,1967,0.0,0.0,9.2,114.3,184.7,615.3,1130.6,563.7,51.7,59.5,85.6,14.4,2828.9,0.0,308.3,2361.2,159.5,1015,,WAYANAD,
Kerala,Wayanad,IMD110-P1014,1968,0.0,27.4,44.2,123.1,98.0,633.0,1626.7,530.3,277.1,51.5,24.1,0.0,3435.3,27.4,265.3,3067.0,75.7,1016,,WAYANAD,
Kerala,Wayanad,IMD110-P1014,1969,0.0,0.0,11.9,93.4,148.8,440.3,1282.7,499.4,395.9,166.9,84.5,113.8,3237.4,0.0,254.1,2618.2,365.2,1016,,WAYANAD,
Kerala,Wayanad,IMD110-P1014,1970,4.0,0.0,0.0,160.2,332.4,500.7,831.6,695.0,137.1,144.8,117.3,0.0,2923.0,4.0,492.5,2164.4,262.1,1016,,WAYANAD,
Kerala,Wayanad,IMD110-P1014,1971,0.0,0.0,0.0,91.2,143.2,967.9,700.4,407.3,308.5,75.3,12.0,48.8,2754.5,0.0,234.4,2384.1,136.1,1016,,WAYANAD,
Kerala,Wayanad,IMD110-P1014,1972,0.0,0.0,0.0,96.9,296.4,495.8,892.6,298.6,162.1,272.0,30.2,43.8,2588.4,0.0,393.3,1849.1,346.0,1016,,WAYANAD,
Kerala,Wayanad,IMD110-P1014,1973,0.0,0.0,0.0,,,595.2,,,27.0,106.0,0.0,2.0,,0.0,,,108.0,1016,missing_months,WAYANAD,
Kerala,Wayanad,IMD110-P1014,1974,0.0,0.0,6.0,35.0,43.5,122.1,948.9,788.3,325.3,97.0,51.0,0.0,2417.1,0.0,84.5,2184.6,148.0,1016,,WAYANAD,
Kerala,Wayanad,IMD110-P1014,1975,10.9,2.0,31.3,24.3,102.0,892.9,564.7,915.7,245.9,158.5,36.9,0.0,2985.1,12.9,157.6,2619.2,195.4,1016,,WAYANAD,
Kerala,Wayanad,IMD110-P1014,1976,0.0,0.0,5.0,,37.5,91.6,912.2,553.4,179.6,109.1,208.6,17.6,,0.0,,1736.8,335.3,1016,missing_months,WAYANAD,
Kerala,Wayanad,IMD110-P1014,1977,0.0,40.2,1.6,41.6,153.3,756.8,1096.1,387.2,465.6,365.8,300.6,0.0,3608.8,40.2,196.5,2705.7,666.4,1016,,WAYANAD,
Kerala,Wayanad,IMD110-P1014,1978,0.0,0.0,11.7,32.7,184.0,914.0,719.4,683.1,134.6,58.0,127.1,69.6,2934.2,0.0,228.4,2451.1,254.7,1016,,WAYANAD,
Kerala,Wayanad,IMD110-P1014,1979,,41.0,7.3,49.8,94.2,499.3,867.0,860.8,204.7,69.3,93.9,0.0,,,151.3,2431.8,163.2,1016,missing_months,WAYANAD,
Kerala,Wayanad,IMD110-P1014,1980,,0.0,27.5,217.3,67.5,880.4,1044.1,490.9,155.5,,110.5,2.5,,,312.3,2570.9,,1016,missing_months,WAYANAD,
Kerala,Wayanad,IMD110-P1014,1981,7.7,23.5,48.5,44.5,89.7,527.6,690.1,738.5,270.2,203.6,46.3,,,31.2,182.6,2226.4,,1016,missing_months,WAYANAD,
Kerala,Wayanad,IMD110-P1014,1982,0.0,0.0,2.0,33.1,125.6,381.8,628.1,591.4,48.0,66.1,55.5,,,0.0,160.7,1649.3,,1016,missing_months,WAYANAD,
Kerala,Wayanad,IMD110-P1014,1983,0.0,0.0,0.0,3.7,97.6,599.7,607.2,598.1,299.9,206.2,35.6,40.8,2488.8,0.0,101.3,2104.9,282.6,1016,,WAYANAD,
Kerala,Wayanad,IMD110-P1014,1984,57.6,16.5,129.0,63.2,95.6,894.3,769.7,378.2,202.2,226.6,1.6,15.2,2849.7,74.1,287.8,2244.4,243.4,1016,,WAYANAD,
Kerala,Wayanad,IMD110-P1014,1985,13.0,,7.0,63.6,55.2,749.6,,544.1,126.0,86.2,54.0,0.0,,,125.8,,140.2,1016,missing_months,WAYANAD,
Kerala,Wayanad,IMD110-P1014,1986,0.0,0.0,5.8,23.6,,598.0,447.6,476.1,99.0,189.4,262.5,28.4,,0.0,,1620.7,480.3,1016,missing_months,WAYANAD,
Kerala,Wayanad,IMD110-P1014,1988,,26.4,6.4,97.4,,,,,,,,,,,,,,1016,missing_months,WAYANAD,
Kerala,Wayanad,IMD110-P1014,1989,,,14.6,74.8,99.2,437.9,,,,,,,,,188.6,,,1016,missing_months,WAYANAD,
Kerala,Wayanad,IMD110-P1014,1990,,,,,,557.8,595.3,644.2,93.3,300.6,82.6,0.0,,,,1890.5,383.2,1016,missing_months,WAYANAD,
Kerala,Wayanad,IMD110-P1014,1991,0.0,0.0,0.0,86.3,90.1,950.7,1162.8,414.0,36.5,139.1,59.0,0.0,2938.2,0.0,176.3,2563.9,198.1,1016,,WAYANAD,
Kerala,Wayanad,IMD110-P1014,1992,0.0,0.0,0.0,12.4,105.6,1260.1,941.3,610.6,294.9,86.5,155.8,0.0,3467.1,0.0,117.9,3106.9,242.3,1016,,WAYANAD,
Kerala,Wayanad,IMD110-P1014,1993,0.0,0.0,0.0,51.5,59.8,508.0,921.0,484.2,59.9,196.9,23.4,16.7,2321.2,0.0,111.2,1973.1,236.9,1016,,WAYANAD,
Kerala,Wayanad,IMD110-P1014,1994,29.3,12.5,1.5,81.6,94.6,1044.9,1408.8,461.3,227.1,313.3,33.6,0.0,3708.4,41.8,177.8,3142.1,346.9,1016,,WAYANAD,
Kerala,Wayanad,IMD110-P1014,1995,0.0,0.0,0.0,156.0,208.4,500.5,912.6,481.9,372.3,108.8,102.4,0.0,2842.9,0.0,364.4,2267.3,211.3,1016,,WAYANAD,
Kerala,Wayanad,IMD110-P1014,1996,0.0,0.0,9.5,73.6,77.6,754.3,905.1,392.5,235.6,313.5,8.5,45.6,2815.9,0.0,160.8,2287.6,367.6,1016,,WAYANAD,
Kerala,Wayanad,IMD110-P1014,1997,0.0,0.0,43.3,18.7,175.1,544.8,1209.1,780.3,216.4,264.0,263.1,63.3,3578.0,0.0,237.0,2750.6,590.3,1016,,WAYANAD,
Kerala,Wayanad,IMD110-P1014,1998,1.1,,6.2,42.5,101.7,843.9,1041.1,378.8,289.3,235.4,95.6,47.0,,,150.3,2553.1,377.9,1016,missing_months,WAYANAD,
Kerala,Wayanad,IMD110-P1014,1999,0.0,1.5,2.5,38.4,376.8,463.5,1077.8,562.1,54.3,384.1,45.9,0.0,3006.9,1.5,417.7,2157.7,430.0,1016,,WAYANAD,
Kerala,Wayanad,IMD110-P1014,2000,23.3,7.1,0.0,74.1,50.1,830.8,581.7,917.2,264.6,117.5,40.2,102.8,3009.3,30.4,124.2,2594.3,260.5,1016,,WAYANAD,
Kerala,Wayanad,IMD110-P1014,2001,0.8,48.7,14.5,191.3,144.0,408.8,525.0,330.3,154.4,165.2,103.6,1.0,2087.5,49.4,349.8,1418.5,269.8,1016,,WAYANAD,
Kerala,Wayanad,IMD110-P1014,2002,24.9,15.0,51.8,135.7,164.3,482.5,239.6,476.0,76.2,297.9,34.1,0.0,1997.9,39.8,351.8,1274.3,332.0,1016,,WAYANAD,
Kerala,Wayanad,IMD110-P1014,2003,1.2,16.4,73.2,157.6,91.9,384.6,476.3,211.8,64.3,297.5,56.9,3.8,1835.5,17.6,322.7,1137.0,358.1,1017,,WAYANAD,
Kerala,Wayanad,IMD110-P1014,2004,1.5,3.8,28.8,150.3,404.3,791.1,321.5,551.6,144.6,163.8,,,,5.3,583.4,1808.8,,1017,missing_months,WAYANAD,
Kerala,Wayanad,IMD110-P1014,2005,56.4,2.7,26.7,168.0,103.6,507.5,1178.3,450.9,349.1,287.9,71.5,8.4,3210.9,59.1,298.3,2485.8,367.8,1017,,WAYANAD,
Kerala,Wayanad,IMD110-P1014,2006,0.0,0.0,61.3,39.3,557.6,,1278.4,419.0,,144.7,74.6,0.0,,0.0,658.2,,219.3,1017,missing_months,WAYANAD,
Kerala,Wayanad,IMD110-P1014,2007,0.3,9.6,1.3,134.8,113.9,501.0,1144.9,590.8,385.0,173.0,27.7,7.5,3089.9,9.9,250.1,2621.8,208.2,1017,,WAYANAD,
Kerala,Wayanad,IMD110-P1014,2008,0.0,19.1,166.2,89.3,102.1,312.4,416.5,413.3,159.3,450.9,11.8,0.8,2141.6,19.1,357.5,1301.5,463.5,1017,,WAYANAD,
Kerala,Wayanad,IMD110-P1014,2009,0.0,0.0,95.7,47.0,123.8,309.5,1256.1,185.4,240.3,177.7,203.8,77.5,2716.8,0.0,266.5,1991.3,459.0,1017,,WAYANAD,
Kerala,Wayanad,IMD110-P1014,2010,36.9,14.0,13.1,131.5,124.4,378.3,494.7,292.9,163.4,170.7,218.1,5.9,2043.8,51.0,269.0,1329.2,394.6,1017,,WAYANAD,
