state_source,district_source,series_id,year,jan_mm,feb_mm,mar_mm,apr_mm,may_mm,jun_mm,jul_mm,aug_mm,sep_mm,oct_mm,nov_mm,dec_mm,annual_mm,jf_mm,mam_mm,jjas_mm,ond_mm,source_page,quality_flags,district_table_label,duplicate_source_pages
Maharashtra,Ahmednagar,IMD110-P1173,1901,24.8,0.1,9.0,26.0,15.9,80.8,70.4,72.6,66.4,61.6,0.6,0.0,428.2,24.9,50.9,290.3,62.2,1173,,AHMEDNAGAR,
Maharashtra,Ahmednagar,IMD110-P1173,1902,4.7,0.0,0.0,1.0,7.4,63.7,96.1,40.6,182.6,38.3,57.9,59.4,551.6,4.7,8.4,383.0,155.6,1173,,AHMEDNAGAR,
Maharashtra,Ahmednagar,IMD110-P1173,1903,1.4,0.0,0.0,0.1,39.3,88.8,178.1,92.9,108.1,106.1,0.1,1.9,616.9,1.4,39.4,467.9,108.1,1173,,AHMEDNAGAR,
Maharashtra,Ahmednagar,IMD110-P1173,1904,0.5,1.6,0.1,0.3,5.4,57.7,39.6,16.3,162.4,105.9,0.0,0.0,389.7,2.0,5.8,276.0,105.9,1173,,AHMEDNAGAR,
Maharashtra,Ahmednagar,IMD110-P1173,1905,0.0,2.3,0.0,0.0,8.6,76.9,82.1,56.4,31.2,39.9,8.8,0.0,306.2,2.3,8.6,246.6,48.6,1173,,AHMEDNAGAR,
Maharashtra,Ahmednagar,IMD110-P1173,1906,19.5,0.0,0.0,0.0,3.3,163.7,77.9,171.8,43.0,14.1,13.5,12.2,519.0,19.5,3.3,456.4,39.8,1173,,AHMEDNAGAR,
Maharashtra,Ahmednagar,IMD110-P1173,1907,0.4,3.9,1.1,62.6,0.0,90.1,179.4,98.1,47.8,18.5,3.0,0.0,504.8,4.3,63.7,415.3,21.5,1173,,AHMEDNAGAR,
Maharashtra,Ahmednagar,IMD110-P1173,1908,0.0,0.0,2.3,1.4,0.0,74.6,57.4,56.2,215.8,12.2,6.2,0.0,426.1,0.0,3.8,404.0,18.4,1173,,AHMEDNAGAR,
Maharashtra,Ahmednagar,IMD110-P1173,1909,2.3,0.1,0.1,1.0,54.6,162.1,52.4,92.7,149.3,25.9,0.0,2.3,542.7,2.4,55.7,456.4,28.1,1173,,AHMEDNAGAR,
Maharashtra,Ahmednagar,IMD110-P1173,1910,0.0,0.0,0.0,0.0,3.4,188.9,115.3,126.4,323.7,66.9,46.4,0.0,871.0,0.0,3.4,754.4,113.2,1173,,AHMEDNAGAR,
Maharashtra,Ahmednagar,IMD110-P1173,1911,4.9,0.0,0.0,0.0,4.0,99.2,138.6,66.8,6.1,3.0,62.4,0.2,385.3,4.9,4.0,310.7,65.7,1173,,AHMEDNAGAR,
Maharashtra,Ahmednagar,IMD110-P1173,1912,0.0,0.2,0.0,2.1,13.2,64.7,88.6,53.0,9.8,86.0,50.0,1.0,368.5,0.2,15.3,216.0,136.9,1173,,AHMEDNAGAR,
Maharashtra,Ahmednagar,IMD110-P1173,1913,0.0,0.0,0.0,5.4,33.6,190.9,106.7,33.8,44.9,40.2,0.0,6.9,462.3,0.0,38.9,376.3,47.1,1173,,AHMEDNAGAR,
Maharashtra,Ahmednagar,IMD110-P1173,1914,0.0,0.2,0.0,0.1,10.5,187.8,71.3,112.4,165.3,13.2,32.1,1.4,594.3,0.2,10.6,536.8,46.7,1173,,AHMEDNAGAR,
Maharashtra,Ahmednagar,IMD110-P1173,1915,8.8,2.5,16.0,20.3,22.2,179.3,172.4,25.1,234.2,81.6,16.1,24.2,802.6,11.3,58.5,611.0,121.9,1173,,AHMEDNAGAR,
Maharashtra,Ahmednagar,IMD110-P1173,1916,0.0,0.0,1.5,1.9,58.6,102.0,302.8,62.0,240.4,135.6,30.4,0.0,935.2,0.0,62.1,707.1,166.0,1173,,AHMEDNAGAR,
Maharashtra,Ahmednagar,IMD110-P1173,1917,0.2,33.3,7.2,3.9,4.6,114.8,29.0,128.5,236.3,124.0,22.1,0.0,703.8,33.4,15.7,508.5,146.2,1173,,AHMEDNAGAR,
Maharashtra,Ahmednagar,IMD110-P1173,1918,5.6,0.1,0.9,0.0,104.3,34.2,20.1,22.3,75.9,12.5,20.4,22.9,319.3,5.7,105.2,152.5,55.9,1173,,AHMEDNAGAR,
Maharashtra,Ahmednagar,IMD110-P1173,1919,3.0,1.9,0.8,4.1,21.9,123.6,74.7,26.7,272.1,14.8,22.9,0.5,566.9,4.8,26.8,497.0,38.3,1173,,AHMEDNAGAR,
Maharashtra,Ahmednagar,IMD110-P1173,1920,49.9,0.0,0.0,4.4,4.0,46.8,30.9,33.1,113.3,11.7,0.0,0.0,294.0,49.9,8.4,224.0,11.7,1173,,AHMEDNAGAR,
Maharashtra,Ahmednagar,IMD110-P1173,1921,1.3,0.0,0.0,3.9,0.0,91.9,182.3,21.5,108.7,17.9,2.5,0.0,429.9,1.3,3.9,404.3,20.4,1173,,AHMEDNAGAR,
Maharashtra,Ahmednagar,IMD110-P1173,1922,23.8,4.9,0.0,10.1,42.3,144.9,58.4,17.6,64.1,27.7,212.8,0.0,606.6,28.7,52.4,285.0,240.5,1173,,AHMEDNAGAR,
Maharashtra,Ahmednagar,IMD110-P1173,1923,5.5,1.5,25.4,3.9,3.3,32.5,134.3,20.1,223.6,7.5,0.0,3.8,461.4,7.0,32.6,410.5,11.3,1173,,AHMEDNAGAR,
Maharashtra,Ahmednagar,IMD110-P1173,1924,0.4,0.0,0.8,13.9,1.1,66.8,42.1,135.2,229.2,22.5,2.5,1.9,516.3,0.4,15.7,473.2,26.9,1173,,AHMEDNAGAR,
Maharashtra,Ahmednagar,IMD110-P1173,1925,0.0,0.0,0.2,0.0,14.6,120.1,29.9,97.3,99.3,11.3,62.3,4.0,438.8,0.0,14.7,346.6,77.5,1173,,AHMEDNAGAR,
Maharashtra,Ahmednagar,IMD110-P1173,1926,51.4,0.7,0.0,0.0,13.0,77.0,64.2,97.4,113.2,2.2,11.7,6.1,436.9,52.1,13.0,351.8,20.0,1173,,AHMEDNAGAR,
Maharashtra,Ahmednagar,IMD110-P1173,1927,0.0,0.0,0.9,5.6,0.9,211.6,122.5,18.2,184.5,71.5,95.3,0.4,711.4,0.0,7.4,536.8,167.2,1173,,AHMEDNAGAR,
Maharashtra,Ahmednagar,IMD110-P1173,1928,0.0,9.5,0.2,4.1,0.0,164.5,69.4,68.3,279.6,62.8,0.6,6.0,665.1,9.5,4.4,581.8,69.4,1173,,AHMEDNAGAR,
Maharashtra,Ahmednagar,IMD110-P1173,1929,1.4,6.8,0.3,39.0,5.8,126.8,28.8,13.0,148.3,86.3,0.2,0.4,457.2,8.2,45.2,316.9,87.0,1173,,AHMEDNAGAR,
Maharashtra,Ahmednagar,IMD110-P1173,1930,0.0,0.0,0.0,2.7,12.3,125.8,61.3,38.9,259.5,96.7,80.4,6.4,684.0,0.0,15.0,485.5,183.6,1173,,AHMEDNAGAR,
Maharashtra,Ahmednagar,IMD110-P1173,1931,0.0,0.0,0.1,5.4,0.4,148.0,123.0,36.7,168.6,139.1,60.3,24.9,706.5,0.0,5.8,476.3,224.4,1173,,AHMEDNAGAR,
Maharashtra,Ahmednagar,IMD110-P1173,1932,0.0,0.0,6.5,15.0,13.2,87.6,154.1,143.3,145.7,132.5,26.7,7.9,732.4,0.0,34.7,530.6,167.1,1173,,AHMEDNAGAR,
Maharashtra,Ahmednagar,IMD110-P1173,1933,6.4,0.0,2.1,2.0,71.2,142.3,39.5,115.5,334.9,66.2,10.7,9.8,800.6,6.4,75.3,632.2,86.7,1173,,AHMEDNAGAR,
Maharashtra,Ahmednagar,IMD110-P1173,1934,1.8,0.0,0.0,0.8,6.3,101.5,153.2,144.8,143.1,13.2,97.4,0.0,662.1,1.8,7.1,542.6,110.6,1173,,AHMEDNAGAR,
Maharashtra,Ahmednagar,IMD110-P1173,1935,0.0,0.1,0.0,0.4,1.2,145.4,72.6,155.2,91.3,142.3,1.3,1.8,611.5,0.1,1.5,464.4,145.5,1173,,AHMEDNAGAR,
Maharashtra,Ahmednagar,IMD110-P1173,1936,0.0,9.4,4.2,4.0,20.7,45.7,23.7,20.2,123.1,4.7,131.9,0.0,387.6,9.4,28.8,212.7,136.7,1173,,AHMEDNAGAR,
Maharashtra,Ahmednagar,IMD110-P1173,1937,0.0,0.8,1.0,57.1,4.7,68.6,133.6,13.5,228.9,140.6,1.3,8.4,658.6,0.8,62.9,444.5,150.3,1173,,AHMEDNAGAR,
Maharashtra,Ahmednagar,IMD110-P1173,1938,2.3,0.0,36.4,10.4,64.7,120.1,220.7,120.8,200.1,134.7,2.1,3.0,915.3,2.3,111.5,661.7,139.8,1173,,AHMEDNAGAR,
Maharashtra,Ahmednagar,IMD110-P1173,1939,0.0,0.0,0.6,18.5,0.0,108.9,142.1,67.7,60.3,20.2,31.7,0.2,450.3,0.0,19.1,379.0,52.1,1173,,AHMEDNAGAR,
Maharashtra,Ahmednagar,IMD110-P1173,1940,0.0,0.3,0.0,13.5,6.4,167.7,46.3,98.6,107.1,71.4,45.8,3.8,560.8,0.3,19.9,419.6,121.0,1173,,AHMEDNAGAR,
Maharashtra,Ahmednagar,IMD110-P1173,1941,23.5,3.9,1.1,2.7,0.7,18.6,114.1,39.2,206.3,28.8,0.0,0.0,439.0,27.4,4.6,378.3,28.8,1174,,AHMEDNAGAR,
Maharashtra,Ahmednagar,IMD110-P1173,1942,0.0,4.0,0.0,1.9,4.2,230.9,100.4,88.3,59.0,7.0,0.0,56.4,552.2,4.0,6.1,478.6,63.4,1174,,AHMEDNAGAR,
Maharashtra,Ahmednagar,IMD110-P1173,1943,2.9,0.0,0.0,0.4,46.7,136.3,105.0,17.9,235.4,254.8,0.3,0.0,799.7,2.9,47.1,494.6,255.1,1174,,AHMEDNAGAR,
Maharashtra,Ahmednagar,IMD110-P1173,1944,0.7,0.4,10.8,0.0,9.0,100.3,219.1,48.2,149.4,84.8,5.6,0.0,628.5,1.1,19.8,517.1,90.4,1174,,AHMEDNAGAR,
Maharashtra,Ahmednagar,IMD110-P1173,1945,3.8,0.0,0.0,4.1,0.1,73.0,41.0,111.7,66.9,31.5,13.1,0.0,345.2,3.8,4.3,292.6,44.5,1174,,AHMEDNAGAR,
Maharashtra,Ahmednagar,IMD110-P1173,1946,0.0,4.2,0.1,5.4,26.3,59.6,70.3,49.0,186.4,12.6,183.0,18.0,614.8,4.2,31.7,365.3,213.6,1174,,AHMEDNAGAR,
Maharashtra,Ahmednagar,IMD110-P1173,1947,17.0,1.2,3.3,28.3,5.3,68.4,97.7,219.8,230.3,20.3,10.9,15.6,718.0,18.2,36.8,616.2,46.7,1174,,AHMEDNAGAR,
Maharashtra,Ahmednagar,IMD110-P1173,1948,22.8,2.0,0.4,2.8,9.9,165.1,129.1,83.1,197.9,54.2,196.9,0.0,864.2,24.8,13.1,575.2,251.1,1174,,AHMEDNAGAR,
Maharashtra,Ahmednagar,IMD110-P1173,1949,0.0,0.0,0.0,0.7,30.6,115.0,54.7,88.7,288.6,94.5,3.0,0.0,675.9,0.0,31.4,547.1,97.5,1174,,AHMEDNAGAR,
Maharashtra,Ahmednagar,IMD110-P1173,1950,0.0,0.4,0.4,4.5,7.7,64.4,112.3,49.6,280.6,64.1,0.0,0.5,584.5,0.4,12.6,506.8,64.6,1174,,AHMEDNAGAR,
Maharashtra,Ahmednagar,IMD110-P1173,1951,0.7,0.0,0.0,7.8,7.5,125.4,209.3,42.0,70.6,135.4,11.6,0.0,610.4,0.7,15.3,447.4,147.0,1174,,AHMEDNAGAR,
Maharashtra,Ahmednagar,IMD110-P1173,1952,0.0,7.0,0.0,3.6,14.5,115.6,83.0,33.5,86.0,44.3,0.0,1.5,388.9,7.0,18.0,318.1,45.8,1174,,AHMEDNAGAR,
Maharashtra,Ahmednagar,IMD110-P1173,1953,0.0,0.0,0.0,10.3,1.8,103.7,100.4,52.9,143.4,116.2,0.0,0.0,528.8,0.0,12.1,400.4,116.2,1174,,AHMEDNAGAR,
Maharashtra,Ahmednagar,IMD110-P1173,1954,1.3,0.3,13.4,2.8,15.0,171.3,142.2,49.7,183.7,12.4,0.0,25.9,618.2,1.7,31.2,546.9,38.4,1174,,AHMEDNAGAR,
Maharashtra,Ahmednagar,IMD110-P1173,1955,1.0,0.0,5.0,4.4,18.8,88.8,63.8,144.1,165.6,159.2,1.4,0.0,652.1,1.0,28.3,462.3,160.6,1174,,AHMEDNAGAR,
Maharashtra,Ahmednagar,IMD110-P1173,1956,0.1,0.0,3.5,11.2,104.7,70.3,145.6,144.7,183.3,135.0,74.8,0.0,873.2,0.1,119.4,543.9,209.8,1174,,AHMEDNAGAR,
Maharashtra,Ahmednagar,IMD110-P1173,1957,0.0,0.0,5.7,22.8,25.3,149.4,90.3,131.9,78.6,73.6,12.7,0.2,590.5,0.0,53.8,450.3,86.5,1174,,AHMEDNAGAR,
Maharashtra,Ahmednagar,IMD110-P1173,1958,3.7,0.0,0.6,15.9,11.2,54.2,168.7,258.6,48.1,50.9,42.7,0.1,654.7,3.7,27.7,529.6,93.7,1174,,AHMEDNAGAR,
Maharashtra,Ahmednagar,IMD110-P1173,1959,0.8,0.0,0.0,6.4,25.9,108.1,80.1,106.9,132.4,79.1,36.6,0.0,576.3,0.8,32.3,427.5,115.7,1174,,AHMEDNAGAR,
Maharashtra,Ahmednagar,IMD110-P1173,1960,0.0,0.0,0.1,0.5,66.3,76.9,80.3,14.1,252.9,87.7,14.9,0.0,593.6,0.0,66.9,424.1,102.6,1174,,AHMEDNAGAR,
Maharashtra,Ahmednagar,IMD110-P1173,1961,0.0,0.0,0.1,8.9,81.3,101.1,112.5,39.9,23.1,118.3,11.0,4.8,501.0,0.0,90.3,276.6,134.0,1174,,AHMEDNAGAR,
Maharashtra,Ahmednagar,IMD110-P1173,1962,0.1,0.0,5.2,13.0,52.7,34.1,95.7,75.8,237.1,50.6,18.2,77.9,660.4,0.1,70.9,442.7,146.7,1174,,AHMEDNAGAR,
Maharashtra,Ahmednagar,IMD110-P1173,1963,0.0,1.7,15.0,4.0,11.9,172.3,103.3,108.7,59.9,67.7,5.7,0.0,550.1,1.7,30.9,444.2,73.4,1174,,AHMEDNAGAR,
Maharashtra,Ahmednagar,IMD110-P1173,1964,0.0,0.0,3.6,3.0,0.5,94.5,124.2,57.5,240.6,42.3,46.6,0.0,612.9,0.0,7.1,516.8,89.0,1174,,AHMEDNAGAR,
Maharashtra,Ahmednagar,IMD110-P1173,1965,1.0,1.6,0.0,5.7,3.6,57.0,137.0,194.3,43.7,5.1,9.3,18.9,477.2,2.7,9.3,432.1,33.2,1174,,AHMEDNAGAR,
Maharashtra,Ahmednagar,IMD110-P1173,1966,4.6,3.1,0.0,0.0,72.4,55.8,194.3,24.1,77.6,0.8,129.3,0.7,562.7,7.8,72.4,351.9,130.7,1174,,AHMEDNAGAR,
Maharashtra,Ahmednagar,IMD110-P1173,1967,0.0,0.0,1.5,8.9,5.8,85.2,126.0,24.6,166.6,41.0,0.0,95.9,555.5,0.0,16.2,402.5,136.9,1174,,AHMEDNAGAR,
Maharashtra,Ahmednagar,IMD110-P1173,1968,2.1,7.9,17.6,6.7,2.8,50.2,113.9,39.9,185.4,43.7,22.7,0.0,493.0,10.0,27.1,389.4,66.4,1174,,AHMEDNAGAR,
Maharashtra,Ahmednagar,IMD110-P1173,1969,0.0,0.0,0.9,0.5,0.0,177.0,149.7,122.2,197.8,9.4,27.0,0.0,684.6,0.0,1.4,646.8,36.4,1174,,AHMEDNAGAR,
Maharashtra,Ahmednagar,IMD110-P1173,1970,0.7,0.0,0.4,11.0,38.1,120.3,58.2,85.4,110.0,66.6,0.0,0.0,490.6,0.7,49.4,373.9,66.6,1174,,AHMEDNAGAR,
Maharashtra,Ahmednagar,IMD110-P1173,1971,0.0,0.0,0.4,0.2,43.0,36.2,10.7,162.9,145.4,51.5,0.0,0.0,450.2,0.0,43.6,355.2,51.5,1174,,AHMEDNAGAR,
Maharashtra,Ahmednagar,IMD110-P1173,1972,0.0,0.0,0.0,1.8,8.5,60.9,19.7,17.1,88.2,3.7,13.9,0.0,213.9,0.0,10.3,185.9,17.7,1174,,AHMEDNAGAR,
Maharashtra,Ahmednagar,IMD110-P1173,1973,0.0,3.6,3.0,1.8,0.4,88.2,166.3,149.2,82.5,85.5,2.4,0.0,582.9,3.6,5.2,486.3,87.8,1174,,AHMEDNAGAR,
Maharashtra,Ahmednagar,IMD110-P1173,1974,0.0,0.0,0.9,5.8,56.1,68.9,82.7,88.5,203.3,171.8,0.0,0.0,678.0,0.0,62.9,443.3,171.8,1174,,AHMEDNAGAR,
Maharashtra,Ahmednagar,IMD110-P1173,1975,0.0,0.5,0.0,0.0,22.3,80.2,125.6,113.3,224.1,89.5,0.8,0.0,656.3,0.5,22.3,543.1,90.3,1174,,AHMEDNAGAR,
Maharashtra,Ahmednagar,IMD110-P1173,1976,0.0,0.0,7.0,0.0,0.1,204.4,106.4,86.8,58.5,2.6,39.8,0.4,506.0,0.0,7.1,456.1,42.7,1174,,AHMEDNAGAR,
Maharashtra,Ahmednagar,IMD110-P1173,1977,0.0,0.0,2.0,3.6,18.3,150.0,57.5,43.9,50.5,39.2,145.2,2.2,512.5,0.0,23.9,302.0,186.6,1174,,AHMEDNAGAR,
Maharashtra,Ahmednagar,IMD110-P1173,1978,0.9,6.8,8.0,11.7,23.3,110.3,53.2,35.1,81.4,47.0,52.7,4.1,434.4,7.7,43.0,280.0,103.8,1174,,AHMEDNAGAR,
Maharashtra,Ahmednagar,IMD110-P1173,1979,0.5,0.0,6.5,0.0,3.2,34.0,102.2,139.6,270.6,34.2,103.7,0.0,694.6,0.5,9.8,546.4,137.9,1174,,AHMEDNAGAR,
Maharashtra,Ahmednagar,IMD110-P1173,1980,0.0,0.0,2.6,5.0,1.0,205.4,52.8,197.6,68.4,16.0,22.9,8.6,580.4,0.0,8.7,524.2,47.5,1174,,AHMEDNAGAR,
Maharashtra,Ahmednagar,IMD110-P1173,1981,11.3,0.0,0.3,0.0,3.0,108.3,61.6,32.3,240.6,83.9,2.2,23.0,566.6,11.3,3.4,442.9,109.1,1174,,AHMEDNAGAR,
Maharashtra,Ahmednagar,IMD110-P1173,1982,0.0,0.0,0.0,2.2,17.0,94.4,40.5,39.3,118.3,53.3,51.6,0.0,416.6,0.0,19.2,292.6,104.9,1175,,AHMEDNAGAR,
Maharashtra,Ahmednagar,IMD110-P1173,1983,0.0,0.0,0.0,0.0,0.0,48.4,143.9,99.5,363.6,19.6,0.0,0.0,674.9,0.0,0.0,655.3,19.6,1175,,AHMEDNAGAR,
Maharashtra,Ahmednagar,IMD110-P1173,1984,0.3,12.6,0.0,0.9,0.0,42.5,133.2,8.1,138.6,103.9,6.0,0.0,446.0,12.9,0.9,322.3,109.9,1175,,AHMEDNAGAR,
Maharashtra,Ahmednagar,IMD110-P1173,1985,1.1,0.0,0.0,0.1,13.2,92.0,83.3,16.4,91.7,93.4,9.6,0.0,400.8,1.1,13.3,283.4,103.0,1175,,AHMEDNAGAR,
Maharashtra,Ahmednagar,IMD110-P1173,1986,0.0,0.0,0.0,0.0,1.4,139.3,37.6,46.6,122.8,2.7,3.0,18.3,371.6,0.0,1.4,346.2,24.0,1175,,AHMEDNAGAR,
Maharashtra,Ahmednagar,IMD110-P1173,1987,0.0,8.9,0.7,0.2,17.1,111.0,60.5,121.6,29.5,84.8,25.8,16.5,476.5,8.9,18.0,322.5,127.0,1175,,AHMEDNAGAR,
Maharashtra,Ahmednagar,IMD110-P1173,1988,0.0,0.0,0.0,13.2,8.2,111.5,108.6,104.1,304.3,17.6,5.4,6.5,679.5,0.0,21.4,628.5,29.6,1175,,AHMEDNAGAR,
Maharashtra,Ahmednagar,IMD110-P1173,1989,0.0,0.0,22.7,0.6,7.0,124.0,190.1,81.0,199.8,24.8,0.3,2.4,652.6,0.0,30.3,594.9,27.5,1175,,AHMEDNAGAR,
Maharashtra,Ahmednagar,IMD110-P1173,1990,0.4,0.0,0.0,0.0,108.0,83.9,50.5,136.3,75.7,248.6,9.9,3.3,716.6,0.4,108.0,346.4,261.7,1175,,AHMEDNAGAR,
Maharashtra,Ahmednagar,IMD110-P1173,1991,0.0,0.0,0.0,8.9,11.1,244.0,122.1,8.9,46.2,4.0,3.4,0.0,448.7,0.0,20.0,421.2,7.4,1175,,AHMEDNAGAR,
Maharashtra,Ahmednagar,IMD110-P1173,1992,0.0,0.0,0.0,0.0,1.6,143.1,65.6,94.1,89.3,21.3,5.6,0.0,420.6,0.0,1.6,392.2,26.9,1175,,AHMEDNAGAR,
Maharashtra,Ahmednagar,IMD110-P1173,1993,0.0,0.1,1.6,0.4,5.5,63.8,134.8,85.5,117.0,170.3,3.4,52.0,634.5,0.1,7.5,401.1,225.8,1175,,AHMEDNAGAR,
Maharashtra,Ahmednagar,IMD110-P1173,1994,4.9,0.0,0.0,23.4,19.4,119.6,107.0,109.4,52.2,43.0,30.4,0.0,509.4,4.9,42.8,388.2,73.4,1175,,AHMEDNAGAR,
Maharashtra,Ahmednagar,IMD110-P1173,1995,8.4,1.4,1.6,6.6,8.3,39.2,81.9,67.6,202.9,103.0,0.0,0.0,520.7,9.7,16.5,391.5,103.0,1175,,AHMEDNAGAR,
Maharashtra,Ahmednagar,IMD110-P1173,1996,0.0,0.0,0.0,0.7,1.3,93.5,121.6,135.0,161.9,150.9,7.4,0.0,672.3,0.0,2.0,512.0,158.2,1175,,AHMEDNAGAR,
Maharashtra,Ahmednagar,IMD110-P1173,1997,0.6,0.0,0.0,6.4,9.4,57.7,75.7,47.1,121.5,58.4,92.7,49.6,519.2,0.6,15.9,302.0,200.6,1175,,AHMEDNAGAR,
Maharashtra,Ahmednagar,IMD110-P1173,1998,0.0,0.0,0.8,1.5,9.4,136.9,141.5,181.0,191.4,138.6,35.4,0.0,836.5,0.0,11.6,650.8,174.1,1175,,AHMEDNAGAR,
Maharashtra,Ahmednagar,IMD110-P1173,1999,0.0,13.3,0.0,0.0,70.4,207.5,140.4,15.3,304.4,213.3,0.0,0.0,964.5,13.3,70.4,667.5,213.3,1175,,AHMEDNAGAR,
Maharashtra,Ahmednagar,IMD110-P1173,2000,0.0,0.1,0.7,0.0,21.5,179.5,71.8,189.3,48.1,54.1,0.0,1.5,566.5,0.1,22.3,488.6,55.6,1175,,AHMEDNAGAR,
Maharashtra,Ahmednagar,IMD110-P1173,2001,2.4,0.0,0.0,0.4,3.5,88.9,16.6,129.5,125.5,159.5,0.0,0.0,526.3,2.4,3.9,360.6,159.5,1175,,AHMEDNAGAR,
Maharashtra,Ahmednagar,IMD110-P1173,2002,2.9,0.5,0.0,12.5,0.3,212.5,20.8,133.5,60.0,25.9,3.5,0.0,472.4,3.3,12.8,426.9,29.4,1175,,AHMEDNAGAR,
Maharashtra,Ahmednagar,IMD110-P1173,2003,0.0,0.9,0.5,1.5,24.5,60.7,111.9,110.3,81.1,31.2,4.6,0.0,427.3,0.9,26.5,364.0,35.8,1175,,AHMEDNAGAR,
Maharashtra,Ahmednagar,IMD110-P1173,2004,0.0,0.0,0.0,0.0,62.4,161.7,112.4,88.8,217.5,60.4,22.3,0.0,725.4,0.0,62.4,580.2,82.7,1175,,AHMEDNAGAR,
Maharashtra,Ahmednagar,IMD110-P1173,2005,3.9,0.0,0.7,0.0,0.0,69.9,141.0,62.2,204.6,73.8,0.0,0.0,556.1,3.9,0.7,477.7,73.8,1175,,AHMEDNAGAR,
Maharashtra,Ahmednagar,IMD110-P1173,2006,0.0,0.0,1.4,0.0,29.5,175.6,103.4,157.8,224.6,75.1,0.0,0.0,767.5,0.0,30.9,661.4,75.1,1175,,AHMEDNAGAR,
Maharashtra,Ahmednagar,IMD110-P1173,2007,8.5,0.0,0.0,2.5,0.0,190.7,85.6,121.5,156.7,0.0,1.6,0.0,567.2,8.5,2.5,554.5,1.6,1175,,AHMEDNAGAR,
Maharashtra,Ahmednagar,IMD110-P1173,2008,0.0,0.0,20.6,0.0,0.0,34.0,55.0,111.8,325.4,61.3,0.1,0.0,608.2,0.0,20.6,526.2,61.3,1175,,AHMEDNAGAR,
Maharashtra,Ahmednagar,IMD110-P1173,2009,0.0,0.0,0.0,1.1,0.0,72.4,119.6,128.6,119.9,70.2,126.4,0.1,638.3,0.0,1.2,440.5,196.6,1175,,AHMEDNAGAR,
Maharashtra,Ahmednagar,IMD110-P1173,2010,0.9,0.0,0.0,0.0,6.9,173.5,163.4,191.6,184.6,55.0,72.4,0.0,848.1,0.9,6.9,713.0,127.4,1175,,AHMEDNAGAR,
Maharashtra,Akola,IMD110-P1176,1901,53.1,0.7,18.3,6.6,0.4,159.5,214.2,255.3,53.9,47.3,0.0,0.0,809.3,53.9,25.3,682.9,47.3,1176,,AKOLA,
Maharashtra,Akola,IMD110-P1176,1902,5.4,0.0,0.0,4.4,0.0,28.3,290.6,159.8,79.3,48.5,13.4,46.0,675.7,5.4,4.4,558.0,107.9,1176,,AKOLA,
Maharashtra,Akola,IMD110-P1176,1903,8.4,0.0,0.0,1.9,47.4,76.2,406.3,161.3,115.5,60.8,0.0,0.0,877.8,8.4,49.2,759.3,60.8,1176,,AKOLA,
Maharashtra,Akola,IMD110-P1176,1904,6.2,1.6,12.1,0.0,1.9,98.9,150.7,101.3,261.7,38.0,0.0,3.2,675.6,7.8,13.9,612.6,41.3,1176,,AKOLA,
Maharashtra,Akola,IMD110-P1176,1905,0.8,5.6,0.3,0.0,1.5,34.9,276.2,134.8,193.2,0.0,0.2,0.0,647.6,6.4,1.9,639.1,0.2,1176,,AKOLA,
Maharashtra,Akola,IMD110-P1176,1906,14.3,1.2,5.4,0.0,0.4,225.6,317.3,281.2,68.5,1.3,6.6,37.4,959.1,15.5,5.8,892.5,45.3,1176,,AKOLA,
Maharashtra,Akola,IMD110-P1176,1907,1.4,80.1,0.0,29.1,0.0,144.0,178.0,169.9,9.4,0.0,7.6,0.0,619.5,81.5,29.1,501.3,7.6,1176,,AKOLA,
Maharashtra,Akola,IMD110-P1176,1908,0.0,0.0,21.2,8.0,0.7,226.6,221.7,206.8,117.1,0.4,0.0,2.4,804.8,0.0,29.8,772.2,2.8,1176,,AKOLA,
Maharashtra,Akola,IMD110-P1176,1909,2.8,16.8,3.0,2.7,15.1,113.6,200.7,147.0,187.8,1.8,0.0,81.1,772.4,19.6,20.8,649.1,82.9,1176,,AKOLA,
Maharashtra,Akola,IMD110-P1176,1910,0.0,0.0,0.0,0.0,2.0,185.0,182.5,278.0,201.4,38.7,60.4,0.0,948.0,0.0,2.0,846.9,99.1,1176,,AKOLA,
Maharashtra,Akola,IMD110-P1176,1911,23.4,0.0,2.5,0.0,0.0,122.5,139.0,161.4,57.4,0.1,78.7,0.0,585.1,23.4,2.5,480.4,78.8,1176,,AKOLA,
Maharashtra,Akola,IMD110-P1176,1912,0.1,16.5,0.0,0.1,0.3,77.0,168.6,220.3,35.6,7.4,11.6,2.0,539.5,16.6,0.5,501.5,21.0,1176,,AKOLA,
Maharashtra,Akola,IMD110-P1176,1913,0.0,1.1,0.5,0.0,9.8,155.9,270.1,125.2,137.2,4.1,0.4,24.5,728.8,1.1,10.2,688.4,29.1,1176,,AKOLA,
Maharashtra,Akola,IMD110-P1176,1914,0.0,13.9,7.5,1.5,17.3,229.4,186.9,175.7,269.7,1.8,2.4,13.3,919.5,13.9,26.3,861.8,17.5,1176,,AKOLA,
Maharashtra,Akola,IMD110-P1176,1915,31.4,10.2,79.8,21.6,6.3,193.9,274.6,85.4,111.2,75.0,8.0,29.1,926.5,41.6,107.8,665.0,112.1,1176,,AKOLA,
Maharashtra,Akola,IMD110-P1176,1916,0.0,4.1,0.1,0.5,27.2,235.5,261.7,147.6,270.7,66.6,37.9,0.0,1051.9,4.1,27.8,915.5,104.5,1176,,AKOLA,
Maharashtra,Akola,IMD110-P1176,1917,0.1,47.6,20.0,3.5,32.6,163.2,188.0,150.4,233.1,87.0,2.8,0.1,928.5,47.7,56.1,734.7,89.9,1176,,AKOLA,
Maharashtra,Akola,IMD110-P1176,1918,1.0,2.5,1.5,0.0,68.3,113.3,95.7,59.5,14.9,3.1,33.1,0.7,393.5,3.5,69.8,283.3,36.9,1176,,AKOLA,
Maharashtra,Akola,IMD110-P1176,1919,39.5,20.4,1.9,9.6,0.8,230.3,182.0,75.0,89.0,47.3,20.1,0.0,715.7,59.8,12.2,576.3,67.4,1176,,AKOLA,
Maharashtra,Akola,IMD110-P1176,1920,53.0,0.0,0.7,0.1,2.2,77.6,113.3,77.2,63.8,0.6,0.0,0.0,388.4,53.0,3.0,331.9,0.6,1176,,AKOLA,
Maharashtra,Akola,IMD110-P1176,1921,2.8,0.0,0.0,0.3,0.0,189.8,203.8,171.0,135.8,0.1,0.0,0.0,703.6,2.8,0.3,700.4,0.1,1176,,AKOLA,
Maharashtra,Akola,IMD110-P1176,1922,54.2,1.6,0.0,2.5,3.3,144.8,285.5,38.8,154.1,8.1,58.9,0.0,751.5,55.8,5.7,623.1,66.9,1176,,AKOLA,
Maharashtra,Akola,IMD110-P1176,1923,1.7,0.3,37.2,1.8,6.8,27.4,315.9,84.2,194.9,0.0,0.0,3.8,674.0,2.0,45.8,622.5,3.8,1176,,AKOLA,
Maharashtra,Akola,IMD110-P1176,1924,9.6,0.1,2.4,5.4,6.3,57.6,169.1,248.1,169.8,88.7,2.1,9.5,768.6,9.6,14.0,644.6,100.3,1176,,AKOLA,
Maharashtra,Akola,IMD110-P1176,1925,0.0,0.0,5.9,0.0,9.5,123.8,113.9,161.6,42.8,6.4,55.6,23.2,542.7,0.0,15.4,442.0,85.3,1176,,AKOLA,
Maharashtra,Akola,IMD110-P1176,1926,59.7,4.8,1.5,3.0,4.5,39.0,285.7,260.8,62.4,1.7,0.0,0.0,723.0,64.5,9.0,647.9,1.7,1176,,AKOLA,
Maharashtra,Akola,IMD110-P1176,1927,0.0,3.4,16.8,1.0,0.0,213.8,256.4,45.6,158.1,34.0,107.9,13.6,850.7,3.4,17.8,673.9,155.6,1176,,AKOLA,
Maharashtra,Akola,IMD110-P1176,1928,0.0,63.3,7.9,0.0,1.2,209.2,168.7,99.8,165.4,94.2,0.0,35.7,845.4,63.3,9.1,643.1,129.9,1176,,AKOLA,
Maharashtra,Akola,IMD110-P1176,1929,3.6,33.7,1.7,10.7,1.1,209.8,143.0,37.1,94.5,15.6,0.0,4.8,555.6,37.3,13.4,484.4,20.5,1176,,AKOLA,
Maharashtra,Akola,IMD110-P1176,1930,0.0,0.3,0.0,3.4,3.2,73.6,129.3,110.3,326.7,41.5,29.3,0.0,717.6,0.3,6.6,640.0,70.8,1176,,AKOLA,
Maharashtra,Akola,IMD110-P1176,1931,1.0,0.3,0.8,1.1,2.7,83.4,286.2,243.5,188.0,269.2,33.8,0.6,1110.6,1.3,4.6,801.1,303.6,1176,,AKOLA,
Maharashtra,Akola,IMD110-P1176,1932,0.0,16.0,35.8,0.1,1.7,89.3,350.5,131.9,142.3,47.3,2.2,0.0,817.1,16.0,37.7,713.9,49.5,1176,,AKOLA,
Maharashtra,Akola,IMD110-P1176,1933,0.9,4.2,1.1,2.3,49.4,201.1,238.4,179.6,244.1,58.0,1.8,23.5,1004.4,5.1,52.8,863.2,83.3,1176,,AKOLA,
Maharashtra,Akola,IMD110-P1176,1934,3.9,0.0,0.0,0.0,0.0,130.0,241.8,332.0,126.4,2.7,68.9,0.0,905.7,3.9,0.0,830.2,71.6,1176,,AKOLA,
Maharashtra,Akola,IMD110-P1176,1935,20.2,7.3,0.0,26.3,0.7,143.7,456.8,138.5,180.8,11.8,1.4,1.4,988.8,27.5,27.0,919.8,14.5,1176,,AKOLA,
Maharashtra,Akola,IMD110-P1176,1936,23.0,46.9,10.5,3.8,42.5,276.4,68.9,153.0,173.1,0.6,264.5,0.0,1063.4,69.9,56.9,671.4,265.2,1176,,AKOLA,
Maharashtra,Akola,IMD110-P1176,1937,0.0,9.8,8.6,83.3,0.3,161.0,400.1,37.9,271.5,150.1,0.0,0.9,1123.5,9.8,92.2,870.5,151.0,1176,,AKOLA,
Maharashtra,Akola,IMD110-P1176,1938,11.4,0.0,3.8,4.2,20.6,253.9,330.5,112.2,157.5,45.5,0.0,0.0,939.5,11.4,28.6,854.1,45.5,1176,,AKOLA,
Maharashtra,Akola,IMD110-P1176,1939,0.8,0.0,15.5,26.2,0.0,100.3,201.8,288.4,43.9,10.5,13.0,0.1,700.3,0.8,41.7,634.3,23.6,1176,,AKOLA,
Maharashtra,Akola,IMD110-P1176,1940,0.0,2.2,0.0,2.3,6.0,175.9,406.9,174.8,69.8,62.7,21.2,9.0,930.9,2.2,8.4,827.5,92.9,1176,,AKOLA,
Maharashtra,Akola,IMD110-P1176,1941,16.4,26.4,8.8,1.6,0.0,71.2,354.7,119.3,60.8,3.9,0.0,0.0,663.2,42.8,10.4,606.1,3.9,1177,,AKOLA,
Maharashtra,Akola,IMD110-P1176,1942,1.4,59.5,0.0,9.3,0.2,162.8,298.3,256.7,110.4,0.6,0.0,43.7,943.0,60.9,9.5,828.3,44.4,1177,,AKOLA,
Maharashtra,Akola,IMD110-P1176,1943,27.9,0.0,0.0,0.0,43.2,134.2,185.7,72.1,180.3,128.1,0.0,0.0,771.6,27.9,43.2,572.4,128.1,1177,,AKOLA,
Maharashtra,Akola,IMD110-P1176,1944,2.4,30.6,40.1,0.0,0.1,122.9,308.4,365.4,178.0,54.7,5.6,0.0,1108.1,33.0,40.2,974.7,60.3,1177,,AKOLA,
Maharashtra,Akola,IMD110-P1176,1945,16.4,0.0,0.0,1.1,0.8,84.7,258.4,152.6,360.1,15.1,0.1,0.0,889.2,16.4,1.9,855.8,15.1,1177,,AKOLA,
Maharashtra,Akola,IMD110-P1176,1946,0.0,1.6,0.0,2.4,12.4,112.8,269.3,116.4,104.2,0.8,183.7,18.2,821.7,1.6,14.8,602.6,202.7,1177,,AKOLA,
Maharashtra,Akola,IMD110-P1176,1947,25.6,7.6,21.1,5.2,1.7,55.8,161.3,198.8,204.0,3.1,0.0,32.8,717.0,33.2,28.0,619.9,35.9,1177,,AKOLA,
Maharashtra,Akola,IMD110-P1176,1948,50.5,4.0,3.6,2.4,0.0,126.3,231.2,139.3,143.7,5.1,159.2,0.0,865.4,54.5,6.0,640.5,164.4,1177,,AKOLA,
Maharashtra,Akola,IMD110-P1176,1949,0.1,0.2,0.1,0.0,44.6,154.5,397.4,104.9,340.1,107.9,0.0,0.0,1149.6,0.3,44.6,996.8,107.9,1177,,AKOLA,
Maharashtra,Akola,IMD110-P1176,1950,0.0,11.4,0.0,0.3,12.8,40.1,226.8,63.1,133.0,17.7,0.0,23.4,528.6,11.4,13.1,463.0,41.1,1177,,AKOLA,
Maharashtra,Akola,IMD110-P1176,1951,7.0,0.0,1.5,4.9,6.3,211.0,258.2,133.2,114.2,75.5,0.0,0.0,812.0,7.0,12.7,716.7,75.5,1177,,AKOLA,
Maharashtra,Akola,IMD110-P1176,1952,0.0,7.1,0.0,2.5,10.1,107.9,173.5,108.0,53.8,16.2,0.0,1.7,480.9,7.1,12.6,443.3,17.9,1177,,AKOLA,
Maharashtra,Akola,IMD110-P1176,1953,0.1,0.0,0.0,20.8,0.0,122.6,237.8,198.3,61.1,30.4,0.0,0.0,671.2,0.1,20.8,619.8,30.4,1177,,AKOLA,
Maharashtra,Akola,IMD110-P1176,1954,0.0,1.1,8.6,0.3,1.2,91.4,272.5,149.9,177.2,3.1,0.0,0.1,705.2,1.1,10.0,691.0,3.2,1177,,AKOLA,
Maharashtra,Akola,IMD110-P1176,1955,6.8,0.1,1.0,2.8,0.0,268.5,171.8,222.5,138.6,110.7,0.0,0.0,922.9,6.9,3.8,801.5,110.7,1177,,AKOLA,
Maharashtra,Akola,IMD110-P1176,1956,5.0,0.0,0.7,0.0,71.3,198.0,192.7,81.2,169.4,55.8,,,,5.0,72.0,641.4,,1177,missing_months,AKOLA,
Maharashtra,Akola,IMD110-P1176,1957,0.4,0.0,39.9,14.6,20.1,199.8,122.8,127.7,137.9,7.2,0.0,0.0,670.4,0.4,74.6,588.3,7.2,1177,,AKOLA,
Maharashtra,Akola,IMD110-P1176,1958,0.0,0.0,0.7,2.0,0.0,92.7,174.0,199.4,41.4,33.4,52.7,0.0,596.3,0.0,2.7,507.5,86.1,1177,,AKOLA,
Maharashtra,Akola,IMD110-P1176,1959,0.0,0.0,0.0,22.5,0.1,80.3,377.7,191.4,568.1,63.5,1.6,0.0,1305.3,0.0,22.6,1217.5,65.2,1177,,AKOLA,
Maharashtra,Akola,IMD110-P1176,1960,47.6,0.0,25.4,1.0,8.0,168.0,194.2,129.1,106.7,76.5,0.0,0.1,756.6,47.6,34.4,598.0,76.6,1177,,AKOLA,
Maharashtra,Akola,IMD110-P1176,1961,0.0,2.7,8.9,3.6,25.0,95.8,231.0,148.2,251.0,149.9,0.0,5.1,921.1,2.7,37.5,726.0,154.9,1177,,AKOLA,
Maharashtra,Akola,IMD110-P1176,1962,8.7,0.2,26.1,18.4,21.6,30.3,251.4,151.0,240.6,14.0,14.4,54.8,831.5,8.9,66.1,673.3,83.2,1177,,AKOLA,
Maharashtra,Akola,IMD110-P1176,1963,2.2,13.2,12.7,0.0,2.3,195.8,149.4,233.4,46.3,89.9,0.0,0.0,745.2,15.4,14.9,624.9,89.9,1177,,AKOLA,
Maharashtra,Akola,IMD110-P1176,1964,0.0,0.0,4.8,2.8,0.0,192.5,198.8,175.1,156.2,29.7,0.0,0.0,760.0,0.0,7.7,722.6,29.7,1177,,AKOLA,
Maharashtra,Akola,IMD110-P1176,1965,30.0,3.8,0.0,14.9,0.0,85.2,262.3,175.3,45.8,2.5,0.0,1.1,621.0,33.8,14.9,568.7,3.7,1177,,AKOLA,
Maharashtra,Akola,IMD110-P1176,1966,9.1,0.0,9.1,0.1,15.3,28.1,317.0,126.5,97.1,2.7,85.8,10.3,701.3,9.1,24.5,568.8,98.9,1177,,AKOLA,
Maharashtra,Akola,IMD110-P1176,1967,0.0,0.0,17.5,1.4,0.0,119.9,323.7,90.5,63.1,12.9,0.0,84.1,713.1,0.0,18.9,597.2,97.0,1177,,AKOLA,
Maharashtra,Akola,IMD110-P1176,1968,3.0,11.2,21.0,9.0,0.0,39.7,138.3,257.0,117.4,13.7,2.6,0.8,613.7,14.2,30.0,552.3,17.1,1177,,AKOLA,
Maharashtra,Akola,IMD110-P1176,1969,3.3,0.0,0.0,0.0,0.0,37.6,196.9,109.7,223.0,11.3,16.8,0.0,598.5,3.3,0.0,567.2,28.0,1177,,AKOLA,
Maharashtra,Akola,IMD110-P1176,1970,0.6,3.4,2.2,1.3,10.8,283.6,122.7,385.2,221.2,21.9,0.0,0.0,1053.0,4.0,14.4,1012.7,21.9,1177,,AKOLA,
Maharashtra,Akola,IMD110-P1176,1971,0.0,0.7,2.5,0.0,35.9,102.3,54.6,236.2,65.1,87.0,0.0,0.0,584.5,0.7,38.5,458.3,87.0,1177,,AKOLA,
Maharashtra,Akola,IMD110-P1176,1972,0.0,0.0,0.0,1.3,2.4,117.8,116.9,307.1,64.0,2.2,9.7,7.9,629.3,0.0,3.7,605.8,19.9,1177,,AKOLA,
Maharashtra,Akola,IMD110-P1176,1973,0.0,8.1,0.0,0.0,0.0,69.3,295.6,350.5,129.8,80.3,0.0,0.0,933.6,8.1,0.0,845.2,80.3,1177,,AKOLA,
Maharashtra,Akola,IMD110-P1176,1974,0.0,0.0,0.3,0.8,9.0,48.1,168.3,165.0,30.8,116.0,0.0,0.0,538.3,0.0,10.1,412.2,116.0,1177,,AKOLA,
Maharashtra,Akola,IMD110-P1176,1975,1.4,22.9,0.1,0.0,0.1,127.6,166.2,157.6,231.3,59.1,0.0,0.0,766.1,24.2,0.2,682.6,59.1,1177,,AKOLA,
Maharashtra,Akola,IMD110-P1176,1976,0.0,0.0,3.1,6.2,0.3,74.8,241.6,201.5,109.5,0.0,89.5,0.0,726.5,0.0,9.6,627.4,89.5,1177,,AKOLA,
Maharashtra,Akola,IMD110-P1176,1977,0.0,1.8,0.2,0.1,9.8,233.6,182.3,145.3,74.3,52.1,107.5,12.4,819.2,1.8,10.0,635.4,171.9,1177,,AKOLA,
Maharashtra,Akola,IMD110-P1176,1978,7.5,25.3,38.2,6.2,0.0,151.3,326.0,246.7,16.3,13.8,23.8,20.1,875.0,32.7,44.3,740.3,57.7,1177,,AKOLA,
Maharashtra,Akola,IMD110-P1176,1979,30.3,20.6,6.7,0.0,3.2,180.7,165.2,312.8,144.7,2.3,50.7,6.8,923.9,50.9,9.9,803.3,59.8,1177,,AKOLA,
Maharashtra,Akola,IMD110-P1176,1980,12.8,0.0,0.0,0.0,0.6,194.8,148.7,254.6,42.3,0.0,0.0,17.6,671.4,12.8,0.6,640.5,17.6,1177,,AKOLA,
Maharashtra,Akola,IMD110-P1176,1981,7.9,5.3,5.0,0.0,3.8,104.4,195.4,307.9,228.5,4.6,0.4,21.7,884.8,13.2,8.8,836.1,26.7,1177,,AKOLA,
Maharashtra,Akola,IMD110-P1176,1982,53.7,14.6,4.9,1.1,6.6,46.3,210.0,73.0,108.9,14.9,10.5,0.0,544.6,68.3,12.6,438.2,25.5,1178,,AKOLA,
Maharashtra,Akola,IMD110-P1176,1983,0.0,0.0,6.2,1.8,0.0,71.0,206.9,342.0,162.7,52.3,0.0,4.3,847.2,0.0,8.0,782.6,56.6,1178,,AKOLA,
Maharashtra,Akola,IMD110-P1176,1984,10.0,16.0,0.0,0.0,0.0,110.3,75.9,175.0,31.0,101.3,0.0,0.0,519.6,26.0,0.0,392.3,101.3,1178,,AKOLA,
Maharashtra,Akola,IMD110-P1176,1985,26.1,0.0,0.0,11.1,9.0,219.7,184.7,96.7,16.1,56.6,0.0,0.0,619.9,26.1,20.1,517.2,56.6,1178,,AKOLA,
Maharashtra,Akola,IMD110-P1176,1986,0.0,40.2,0.1,0.0,3.5,156.2,334.9,298.7,27.3,0.7,0.0,3.0,864.6,40.2,3.6,817.1,3.7,1178,,AKOLA,
Maharashtra,Akola,IMD110-P1176,1987,36.9,13.1,1.2,3.9,4.3,193.6,122.5,260.3,15.8,90.1,39.8,2.5,783.9,50.0,9.4,592.2,132.4,1178,,AKOLA,
Maharashtra,Akola,IMD110-P1176,1988,0.0,0.0,0.0,1.4,6.6,145.4,458.2,218.5,366.2,115.8,11.2,0.8,1324.1,0.0,8.1,1188.3,127.8,1178,,AKOLA,
Maharashtra,Akola,IMD110-P1176,1989,0.0,0.0,35.0,0.0,5.4,179.6,167.3,239.2,94.4,11.5,0.0,17.9,750.3,0.0,40.5,680.4,29.4,1178,,AKOLA,
Maharashtra,Akola,IMD110-P1176,1990,3.9,0.4,0.0,0.0,61.7,338.2,274.9,309.9,31.4,129.9,0.1,10.4,1160.8,4.4,61.7,954.4,140.4,1178,,AKOLA,
Maharashtra,Akola,IMD110-P1176,1991,0.0,1.0,0.0,1.5,0.0,172.7,179.8,90.0,3.0,0.3,19.5,0.0,467.9,1.0,1.5,445.6,19.8,1178,,AKOLA,
Maharashtra,Akola,IMD110-P1176,1992,0.0,0.0,0.0,0.0,0.0,181.8,104.2,403.1,119.8,49.5,0.0,0.0,858.4,0.0,0.0,808.9,49.5,1178,,AKOLA,
Maharashtra,Akola,IMD110-P1176,1993,0.0,4.3,38.5,0.1,8.2,135.8,292.7,129.9,121.0,60.0,3.6,10.7,805.0,4.3,46.9,679.4,74.4,1178,,AKOLA,
Maharashtra,Akola,IMD110-P1176,1994,0.0,1.1,0.0,10.6,1.2,170.2,325.4,291.4,118.9,31.2,11.3,0.0,961.5,1.1,11.9,906.0,42.5,1178,,AKOLA,
Maharashtra,Akola,IMD110-P1176,1995,37.1,0.0,51.3,1.5,4.3,98.1,302.5,31.1,172.1,23.3,0.4,0.3,721.9,37.1,57.1,603.8,24.0,1178,,AKOLA,
Maharashtra,Akola,IMD110-P1176,1996,0.7,0.9,1.3,0.0,3.7,27.6,199.3,180.8,147.0,148.6,0.0,0.0,709.8,1.6,5.0,554.6,148.6,1178,,AKOLA,
Maharashtra,Akola,IMD110-P1176,1997,18.6,0.0,0.0,3.3,0.6,111.5,146.7,181.8,71.4,58.9,123.7,52.8,769.1,18.6,3.9,511.3,235.3,1178,,AKOLA,
Maharashtra,Akola,IMD110-P1176,1998,2.5,1.4,12.4,3.6,1.9,221.5,308.2,198.7,178.7,60.5,47.4,0.0,1036.8,3.9,17.9,907.1,107.8,1178,,AKOLA,
Maharashtra,Akola,IMD110-P1176,1999,0.0,11.9,0.0,0.0,7.6,248.4,234.0,276.4,199.4,103.7,0.0,0.0,1081.6,11.9,7.6,958.3,103.7,1178,,AKOLA,
Maharashtra,Akola,IMD110-P1176,2000,0.0,14.6,0.0,0.0,23.6,161.8,,168.2,,16.6,0.0,0.0,,14.6,23.6,,16.6,1178,missing_months,AKOLA,
Maharashtra,Akola,IMD110-P1176,2001,11.6,0.0,7.1,1.9,2.9,267.9,130.5,234.2,42.2,203.1,0.0,0.0,901.3,11.6,11.8,674.8,203.1,1178,,AKOLA,
Maharashtra,Akola,IMD110-P1176,2002,0.2,0.0,0.6,0.3,0.0,296.9,54.6,286.9,139.1,49.4,0.6,0.0,828.5,0.2,0.9,777.4,50.0,1178,,AKOLA,
Maharashtra,Akola,IMD110-P1176,2003,0.0,0.3,0.0,0.1,0.3,112.7,198.8,153.4,128.9,52.1,0.0,1.1,647.8,0.3,0.4,593.8,53.3,1178,,AKOLA,
Maharashtra,Akola,IMD110-P1176,2004,2.1,0.6,1.4,0.0,13.5,77.3,191.5,111.8,82.3,34.3,4.3,0.0,519.0,2.7,14.9,462.9,38.5,1178,,AKOLA,
Maharashtra,Akola,IMD110-P1176,2005,23.9,2.6,3.7,0.9,0.4,26.6,272.9,209.5,161.9,56.2,0.0,0.0,758.4,26.5,4.9,670.9,56.2,1178,,AKOLA,
Maharashtra,Akola,IMD110-P1176,2006,0.0,0.0,80.1,5.9,15.7,97.5,254.3,415.0,163.4,64.2,5.1,0.0,1101.2,0.0,101.8,930.2,69.3,1178,,AKOLA,
Maharashtra,Akola,IMD110-P1176,2007,1.1,0.0,0.0,1.5,0.0,132.2,287.0,218.1,201.1,9.0,0.9,0.0,851.0,1.1,1.5,838.5,9.9,1178,,AKOLA,
Maharashtra,Akola,IMD110-P1176,2008,1.6,0.0,15.3,0.5,2.9,73.6,131.7,131.0,212.6,14.2,1.1,0.3,584.8,1.6,18.7,549.0,15.6,1178,,AKOLA,
Maharashtra,Akola,IMD110-P1176,2009,0.0,0.0,0.8,0.0,5.6,88.3,237.2,161.4,79.1,56.5,88.0,1.9,718.8,0.0,6.4,566.0,146.4,1178,,AKOLA,
Maharashtra,Akola,IMD110-P1176,2010,23.5,0.3,14.4,0.1,0.0,112.1,333.0,253.6,99.9,44.5,45.6,0.0,927.2,23.8,14.6,798.7,90.1,1178,,AKOLA,
Maharashtra,Amraoti,IMD110-P1179,1901,62.5,2.9,12.6,7.6,9.2,117.8,206.9,297.7,86.1,27.7,0.0,0.0,831.0,65.4,29.4,708.5,27.7,1179,,AMRAOTI,
Maharashtra,Amraoti,IMD110-P1179,1902,2.9,0.0,0.0,5.6,2.8,36.0,301.9,175.4,110.3,64.0,17.0,22.1,738.0,2.9,8.4,623.7,103.0,1179,,AMRAOTI,
Maharashtra,Amraoti,IMD110-P1179,1903,6.7,0.0,0.0,1.2,51.3,85.8,463.6,221.6,177.0,63.2,0.0,0.0,1070.4,6.7,52.5,948.0,63.2,1179,,AMRAOTI,
Maharashtra,Amraoti,IMD110-P1179,1904,10.0,3.7,13.8,0.0,10.1,148.3,109.6,75.3,174.8,43.6,0.0,2.7,592.0,13.7,23.9,508.0,46.3,1179,,AMRAOTI,
Maharashtra,Amraoti,IMD110-P1179,1905,5.6,6.3,0.2,2.0,10.2,53.7,295.4,139.8,223.1,4.3,0.0,0.0,740.7,11.9,12.4,712.1,4.3,1179,,AMRAOTI,
Maharashtra,Amraoti,IMD110-P1179,1906,5.1,1.6,4.0,0.0,3.6,288.0,293.2,366.1,84.1,3.2,5.2,22.3,1076.4,6.7,7.6,1031.3,30.7,1179,,AMRAOTI,
Maharashtra,Amraoti,IMD110-P1179,1907,2.1,118.8,0.1,25.6,1.3,155.8,189.4,274.9,31.5,0.0,33.3,0.0,833.0,120.8,27.0,651.7,33.4,1179,,AMRAOTI,
Maharashtra,Amraoti,IMD110-P1179,1908,0.8,0.1,29.8,11.7,0.8,225.8,267.0,215.4,166.4,0.1,0.0,6.9,924.9,1.0,42.3,874.6,7.0,1179,,AMRAOTI,
Maharashtra,Amraoti,IMD110-P1179,1909,2.8,2.1,2.8,10.0,22.7,162.2,215.7,136.6,176.2,4.7,0.0,85.5,821.3,4.8,35.5,690.7,90.2,1179,,AMRAOTI,
Maharashtra,Amraoti,IMD110-P1179,1910,0.0,0.0,0.0,0.0,5.0,264.9,246.3,285.4,254.7,60.7,70.0,0.0,1187.0,0.0,5.0,1051.3,130.7,1179,,AMRAOTI,
Maharashtra,Amraoti,IMD110-P1179,1911,26.9,0.0,2.0,0.0,2.1,145.9,118.7,157.9,135.8,6.1,58.7,0.0,654.2,26.9,4.1,558.2,64.9,1179,,AMRAOTI,
Maharashtra,Amraoti,IMD110-P1179,1912,0.1,12.5,0.0,1.8,1.2,98.3,245.0,229.5,119.6,5.8,29.8,0.2,743.9,12.6,3.1,692.4,35.8,1179,,AMRAOTI,
Maharashtra,Amraoti,IMD110-P1179,1913,0.0,2.6,1.6,0.4,29.3,230.5,339.1,215.9,116.2,9.0,0.1,21.3,966.1,2.6,31.3,901.7,30.4,1179,,AMRAOTI,
Maharashtra,Amraoti,IMD110-P1179,1914,0.0,8.6,14.7,12.4,8.7,159.1,209.1,236.7,292.0,11.1,5.9,14.1,972.3,8.6,35.8,896.8,31.1,1179,,AMRAOTI,
Maharashtra,Amraoti,IMD110-P1179,1915,16.3,9.3,55.0,15.8,5.7,124.0,281.2,117.0,181.3,105.6,6.5,10.5,928.1,25.6,76.5,703.4,122.6,1179,,AMRAOTI,
Maharashtra,Amraoti,IMD110-P1179,1916,0.0,11.6,0.3,0.9,25.3,267.4,270.4,261.9,343.2,105.1,38.0,0.0,1324.1,11.6,26.5,1142.9,143.1,1179,,AMRAOTI,
Maharashtra,Amraoti,IMD110-P1179,1917,0.4,61.3,14.7,1.4,61.3,208.2,211.2,161.3,275.9,115.2,0.0,0.0,1110.9,61.6,77.4,856.6,115.2,1179,,AMRAOTI,
Maharashtra,Amraoti,IMD110-P1179,1918,0.8,4.7,2.9,0.1,53.4,167.5,116.3,105.4,35.8,7.1,24.1,11.8,530.0,5.5,56.4,425.0,43.0,1179,,AMRAOTI,
Maharashtra,Amraoti,IMD110-P1179,1919,54.1,20.0,3.0,5.1,19.3,231.3,204.2,161.5,69.3,117.2,35.3,0.4,920.7,74.1,27.4,666.3,152.9,1179,,AMRAOTI,
Maharashtra,Amraoti,IMD110-P1179,1920,65.3,0.0,2.7,0.4,2.1,60.1,139.9,93.9,80.0,0.0,0.0,0.0,444.5,65.3,5.2,374.0,0.0,1179,,AMRAOTI,
Maharashtra,Amraoti,IMD110-P1179,1921,7.8,0.1,0.0,1.6,0.0,183.2,323.2,187.4,160.2,0.7,0.0,0.0,864.2,7.9,1.6,854.0,0.7,1179,,AMRAOTI,
Maharashtra,Amraoti,IMD110-P1179,1922,31.6,5.2,0.0,0.9,6.3,203.1,244.3,75.8,197.7,10.1,54.0,0.6,829.6,36.8,7.2,720.9,64.7,1179,,AMRAOTI,
Maharashtra,Amraoti,IMD110-P1179,1923,0.7,4.1,32.1,3.5,5.5,22.0,392.8,136.4,197.1,1.2,0.0,1.1,796.4,4.8,41.0,748.3,2.2,1179,,AMRAOTI,
Maharashtra,Amraoti,IMD110-P1179,1924,17.1,2.3,2.5,4.5,4.0,61.3,227.1,226.5,181.7,139.7,3.4,19.5,889.7,19.4,11.0,696.6,162.6,1179,,AMRAOTI,
Maharashtra,Amraoti,IMD110-P1179,1925,0.0,0.0,1.6,0.1,25.9,146.9,190.3,204.9,61.7,9.6,56.0,15.6,712.4,0.0,27.5,603.7,81.2,1179,,AMRAOTI,
Maharashtra,Amraoti,IMD110-P1179,1926,56.2,0.5,4.3,4.4,13.9,41.0,240.7,263.9,67.5,31.4,1.1,0.0,725.0,56.8,22.6,613.1,32.5,1179,,AMRAOTI,
Maharashtra,Amraoti,IMD110-P1179,1927,0.0,4.6,16.2,1.4,0.9,246.2,356.3,81.1,87.0,23.6,132.2,15.7,965.2,4.6,18.5,770.7,171.5,1179,,AMRAOTI,
Maharashtra,Amraoti,IMD110-P1179,1928,0.0,62.1,6.0,0.0,1.7,145.8,237.6,180.0,109.2,100.4,0.0,48.6,891.5,62.1,7.7,672.6,149.1,1179,,AMRAOTI,
Maharashtra,Amraoti,IMD110-P1179,1929,10.8,58.4,1.2,10.2,1.2,166.7,181.3,51.8,161.5,17.9,0.0,11.4,672.4,69.3,12.7,561.2,29.3,1179,,AMRAOTI,
Maharashtra,Amraoti,IMD110-P1179,1930,0.1,0.5,0.0,11.9,2.5,138.4,190.6,128.1,188.9,46.1,8.6,0.2,715.6,0.5,14.3,645.9,54.9,1179,,AMRAOTI,
Maharashtra,Amraoti,IMD110-P1179,1931,5.9,0.3,7.2,2.9,2.5,106.1,336.8,366.1,269.1,315.6,41.7,5.7,1459.9,6.2,12.6,1078.1,363.0,1179,,AMRAOTI,
Maharashtra,Amraoti,IMD110-P1179,1932,0.0,16.2,28.1,0.8,6.9,140.3,477.1,146.3,140.2,47.0,0.0,0.0,1003.0,16.2,35.8,903.9,47.0,1179,,AMRAOTI,
Maharashtra,Amraoti,IMD110-P1179,1933,0.0,13.6,4.2,6.0,61.3,180.9,234.6,341.7,407.3,59.1,3.5,12.6,1324.9,13.7,71.6,1164.5,75.2,1179,,AMRAOTI,
Maharashtra,Amraoti,IMD110-P1179,1934,4.1,0.0,0.0,2.5,1.0,157.3,302.3,356.9,211.6,8.7,39.3,0.0,1083.8,4.1,3.5,1028.1,48.0,1179,,AMRAOTI,
Maharashtra,Amraoti,IMD110-P1179,1935,19.6,3.0,0.0,24.5,1.4,187.3,415.7,132.5,213.0,14.0,0.0,0.4,1011.4,22.7,25.9,948.5,14.4,1179,,AMRAOTI,
Maharashtra,Amraoti,IMD110-P1179,1936,13.7,45.2,17.6,3.6,37.0,309.3,127.6,180.5,160.3,14.5,174.9,0.3,1084.6,58.9,58.2,777.7,189.7,1179,,AMRAOTI,
Maharashtra,Amraoti,IMD110-P1179,1937,0.0,24.2,15.0,89.0,1.2,164.4,399.9,59.5,260.1,128.6,0.0,1.4,1143.2,24.2,105.2,883.9,130.0,1179,,AMRAOTI,
Maharashtra,Amraoti,IMD110-P1179,1938,11.5,2.8,2.8,4.6,33.8,309.1,371.5,230.8,143.6,101.9,0.0,0.0,1212.4,14.3,41.1,1055.0,101.9,1179,,AMRAOTI,
Maharashtra,Amraoti,IMD110-P1179,1939,3.7,0.3,32.4,5.4,0.7,104.3,199.6,316.1,64.5,28.1,1.5,0.0,756.6,4.0,38.6,684.5,29.6,1179,,AMRAOTI,
Maharashtra,Amraoti,IMD110-P1179,1940,0.0,7.1,0.5,3.4,10.9,224.8,506.5,246.8,66.6,90.5,24.4,16.1,1197.5,7.1,14.9,1044.7,130.9,1179,,AMRAOTI,
Maharashtra,Amraoti,IMD110-P1179,1941,11.5,28.5,7.4,4.6,0.2,77.5,373.5,180.0,73.4,3.3,0.0,0.0,759.9,40.0,12.2,704.5,3.3,1180,,AMRAOTI,
Maharashtra,Amraoti,IMD110-P1179,1942,0.9,118.6,0.1,8.4,0.2,150.3,357.8,320.3,135.9,0.8,0.0,30.9,1124.1,119.5,8.6,964.2,31.7,1180,,AMRAOTI,
Maharashtra,Amraoti,IMD110-P1179,1943,64.4,0.3,0.0,3.7,33.2,139.4,243.0,107.1,266.1,106.1,0.0,0.0,963.3,64.7,36.9,755.6,106.1,1180,,AMRAOTI,
Maharashtra,Amraoti,IMD110-P1179,1944,10.6,74.7,63.7,0.1,2.2,116.7,386.6,524.5,250.5,81.3,11.0,0.0,1521.9,85.3,66.0,1278.3,92.3,1180,,AMRAOTI,
Maharashtra,Amraoti,IMD110-P1179,1945,24.7,0.0,0.0,8.9,3.4,127.9,269.3,188.9,228.6,8.3,0.0,2.9,862.9,24.7,12.4,814.7,11.2,1180,,AMRAOTI,
Maharashtra,Amraoti,IMD110-P1179,1946,0.0,11.9,0.0,8.7,11.5,168.4,405.9,212.0,83.8,7.1,173.1,16.2,1098.5,11.9,20.1,870.1,196.4,1180,,AMRAOTI,
Maharashtra,Amraoti,IMD110-P1179,1947,27.3,12.8,32.1,6.4,3.6,81.2,258.5,233.2,188.6,13.3,0.0,17.6,874.7,40.1,42.1,761.6,30.9,1180,,AMRAOTI,
Maharashtra,Amraoti,IMD110-P1179,1948,63.6,3.6,4.1,2.3,2.8,145.8,364.8,234.3,196.3,17.9,174.4,0.0,1209.9,67.2,9.2,941.2,192.3,1180,,AMRAOTI,
Maharashtra,Amraoti,IMD110-P1179,1949,0.0,2.0,0.5,0.3,31.6,199.2,393.4,132.6,384.5,98.7,0.0,0.0,1242.8,2.0,32.4,1109.7,98.7,1180,,AMRAOTI,
Maharashtra,Amraoti,IMD110-P1179,1950,0.3,14.4,1.5,0.7,13.2,68.4,298.3,119.5,127.0,15.0,0.2,21.8,680.3,14.7,15.5,613.2,37.0,1180,,AMRAOTI,
Maharashtra,Amraoti,IMD110-P1179,1951,8.6,0.0,6.0,3.3,6.0,148.5,293.5,211.6,87.0,76.2,0.0,0.0,840.4,8.6,15.2,740.5,76.2,1180,,AMRAOTI,
Maharashtra,Amraoti,IMD110-P1179,1952,0.0,12.6,4.3,3.4,2.0,64.1,207.1,123.3,74.7,35.3,0.0,0.4,527.0,12.6,9.7,469.2,35.7,1180,,AMRAOTI,
Maharashtra,Amraoti,IMD110-P1179,1953,1.4,0.0,0.0,19.3,0.6,92.7,305.2,339.3,107.2,50.0,0.0,0.0,915.7,1.5,19.9,844.4,50.0,1180,,AMRAOTI,
Maharashtra,Amraoti,IMD110-P1179,1954,1.4,2.2,7.7,2.5,0.0,127.8,429.4,196.9,313.9,8.5,0.0,0.1,1090.4,3.6,10.2,1068.0,8.6,1180,,AMRAOTI,
Maharashtra,Amraoti,IMD110-P1179,1955,35.4,0.3,1.6,5.0,2.1,182.8,238.7,342.6,228.5,145.1,0.0,0.0,1182.1,35.7,8.7,992.7,145.1,1180,,AMRAOTI,
Maharashtra,Amraoti,IMD110-P1179,1956,0.2,0.0,0.0,0.0,25.4,187.0,293.9,103.3,153.7,44.5,42.7,9.1,859.8,0.2,25.4,737.9,96.3,1180,,AMRAOTI,
Maharashtra,Amraoti,IMD110-P1179,1957,3.9,0.0,32.0,35.5,12.3,137.8,136.1,210.0,225.8,7.6,0.0,0.0,801.1,3.9,79.9,709.6,7.6,1180,,AMRAOTI,
Maharashtra,Amraoti,IMD110-P1179,1958,1.4,0.0,3.8,8.7,6.4,97.7,217.6,275.8,181.5,48.2,39.6,0.5,881.0,1.4,18.9,772.5,88.3,1180,,AMRAOTI,
Maharashtra,Amraoti,IMD110-P1179,1959,7.7,0.0,0.0,2.4,3.3,147.7,346.7,212.2,395.9,94.0,1.5,0.0,1211.5,7.7,5.8,1102.4,95.6,1180,,AMRAOTI,
Maharashtra,Amraoti,IMD110-P1179,1960,55.8,0.0,17.9,3.0,3.9,155.2,211.5,179.6,94.3,74.8,0.0,12.1,808.1,55.8,24.8,640.7,86.9,1180,,AMRAOTI,
Maharashtra,Amraoti,IMD110-P1179,1961,0.2,3.8,6.5,0.1,15.5,170.7,367.6,199.6,383.7,142.0,0.5,3.0,1293.1,4.0,22.1,1121.5,145.5,1180,,AMRAOTI,
Maharashtra,Amraoti,IMD110-P1179,1962,9.7,9.1,31.7,23.4,20.9,50.5,390.8,209.6,301.3,14.4,17.4,54.8,1133.4,18.8,75.9,952.1,86.6,1180,,AMRAOTI,
Maharashtra,Amraoti,IMD110-P1179,1963,0.0,12.7,5.7,5.9,19.3,130.5,194.6,266.7,88.9,75.4,5.7,0.0,805.4,12.7,30.9,680.7,81.1,1180,,AMRAOTI,
Maharashtra,Amraoti,IMD110-P1179,1964,0.0,0.6,0.1,0.0,0.1,161.9,266.4,312.5,161.4,46.4,0.0,0.0,949.3,0.6,0.2,902.2,46.4,1180,,AMRAOTI,
Maharashtra,Amraoti,IMD110-P1179,1965,9.1,9.4,3.3,10.2,0.0,73.0,220.6,244.3,61.7,3.1,0.0,0.5,635.1,18.5,13.4,599.6,3.5,1180,,AMRAOTI,
Maharashtra,Amraoti,IMD110-P1179,1966,3.9,0.6,0.6,1.8,41.0,33.7,353.0,139.8,106.8,3.8,52.7,15.9,753.4,4.5,43.4,633.2,72.3,1180,,AMRAOTI,
Maharashtra,Amraoti,IMD110-P1179,1967,0.0,0.0,30.4,0.0,0.0,283.4,540.5,203.7,92.4,0.0,0.0,77.3,1227.8,0.0,30.4,1120.0,77.3,1180,,AMRAOTI,
Maharashtra,Amraoti,IMD110-P1179,1968,7.3,10.0,16.5,17.1,0.0,81.4,195.3,243.3,114.1,9.0,0.0,0.3,694.4,17.4,33.6,634.2,9.3,1180,,AMRAOTI,
Maharashtra,Amraoti,IMD110-P1179,1969,0.8,0.1,0.0,0.0,1.0,76.1,262.6,185.9,175.0,0.0,55.0,0.0,756.5,0.9,1.0,699.6,55.0,1180,,AMRAOTI,
Maharashtra,Amraoti,IMD110-P1179,1970,21.4,2.7,12.0,0.3,32.8,315.0,165.0,438.5,269.3,3.8,0.0,0.0,1260.9,24.2,45.1,1187.8,3.8,1180,,AMRAOTI,
Maharashtra,Amraoti,IMD110-P1179,1971,0.8,9.5,7.7,1.0,25.9,97.2,143.2,144.3,122.8,58.6,0.0,0.0,610.9,10.2,34.5,507.6,58.6,1180,,AMRAOTI,
Maharashtra,Amraoti,IMD110-P1179,1972,0.0,0.0,0.0,0.0,0.6,165.3,187.1,360.8,46.6,1.8,6.6,14.7,783.5,0.0,0.6,759.8,23.1,1180,,AMRAOTI,
Maharashtra,Amraoti,IMD110-P1179,1973,0.0,13.3,0.0,0.0,0.0,93.8,491.7,229.3,168.0,55.4,0.0,0.0,1051.5,13.3,0.0,982.7,55.5,1180,,AMRAOTI,
Maharashtra,Amraoti,IMD110-P1179,1974,0.0,0.0,0.0,0.0,10.0,51.9,229.5,307.9,94.3,139.2,0.0,0.0,832.9,0.0,10.0,683.6,139.2,1180,,AMRAOTI,
Maharashtra,Amraoti,IMD110-P1179,1975,0.8,18.3,1.6,0.0,5.0,131.3,228.0,279.7,249.3,79.8,0.8,0.0,994.5,19.0,6.7,888.3,80.6,1180,,AMRAOTI,
Maharashtra,Amraoti,IMD110-P1179,1976,0.1,0.0,5.4,2.3,4.3,131.3,223.0,234.6,201.9,1.7,70.8,0.0,875.5,0.1,11.9,790.9,72.5,1180,,AMRAOTI,
Maharashtra,Amraoti,IMD110-P1179,1977,0.1,2.0,9.2,2.5,8.4,216.5,169.2,328.5,149.7,68.2,86.1,3.0,1043.3,2.1,20.1,863.8,157.2,1180,,AMRAOTI,
Maharashtra,Amraoti,IMD110-P1179,1978,8.2,24.8,12.2,7.8,0.0,217.3,276.8,461.4,12.6,13.7,22.5,37.3,1094.6,33.0,20.0,968.1,73.5,1180,,AMRAOTI,
Maharashtra,Amraoti,IMD110-P1179,1979,45.1,54.3,3.4,0.0,1.5,156.3,235.6,452.7,112.1,4.1,42.8,16.5,1124.4,99.4,4.9,956.7,63.3,1180,,AMRAOTI,
Maharashtra,Amraoti,IMD110-P1179,1980,24.1,1.3,0.0,0.0,0.4,240.4,184.5,322.9,42.1,1.5,0.5,26.9,844.5,25.4,0.4,789.9,28.9,1180,,AMRAOTI,
Maharashtra,Amraoti,IMD110-P1179,1981,3.1,1.6,12.2,0.4,6.4,128.3,262.6,318.2,249.7,19.9,10.4,19.3,1032.2,4.7,19.0,958.9,49.6,1180,,AMRAOTI,
Maharashtra,Amraoti,IMD110-P1179,1982,58.4,10.9,9.7,2.3,7.2,56.0,302.1,136.2,140.5,10.7,21.8,0.0,755.8,69.2,19.2,634.8,32.5,1181,,AMRAOTI,
Maharashtra,Amraoti,IMD110-P1179,1983,0.8,0.4,2.7,0.0,0.6,112.2,263.3,303.1,281.7,49.0,0.1,9.2,1023.1,1.2,3.3,960.2,58.4,1181,,AMRAOTI,
Maharashtra,Amraoti,IMD110-P1179,1984,19.6,17.6,0.0,0.0,0.0,82.3,248.1,446.6,32.3,88.8,0.0,4.2,939.5,37.1,0.0,809.3,93.0,1181,,AMRAOTI,
Maharashtra,Amraoti,IMD110-P1179,1985,9.7,0.0,2.7,7.5,9.3,171.9,199.6,142.8,70.1,121.0,0.0,6.5,741.1,9.7,19.5,584.4,127.5,1181,,AMRAOTI,
Maharashtra,Amraoti,IMD110-P1179,1986,0.0,49.1,3.3,0.0,4.4,195.3,232.6,301.9,28.0,5.5,14.1,13.4,847.6,49.1,7.6,757.9,33.0,1181,,AMRAOTI,
Maharashtra,Amraoti,IMD110-P1179,1987,21.6,12.5,0.0,0.0,0.6,108.8,76.2,254.5,16.5,62.1,32.7,3.9,589.4,34.1,0.6,456.0,98.7,1181,,AMRAOTI,
Maharashtra,Amraoti,IMD110-P1179,1988,4.4,0.0,0.1,4.6,13.9,208.5,389.6,307.1,264.7,137.5,1.9,0.0,1332.3,4.4,18.6,1169.9,139.4,1181,,AMRAOTI,
Maharashtra,Amraoti,IMD110-P1179,1989,0.0,0.0,10.3,0.0,1.7,204.9,169.0,283.4,68.2,3.2,0.0,11.1,751.7,0.0,12.0,725.4,14.3,1181,,AMRAOTI,
Maharashtra,Amraoti,IMD110-P1179,1990,4.8,1.8,0.0,0.0,3.5,256.5,313.0,550.3,92.7,136.5,0.2,7.2,1366.5,6.5,3.5,1212.5,143.9,1181,,AMRAOTI,
Maharashtra,Amraoti,IMD110-P1179,1991,2.0,0.7,0.7,1.1,0.3,138.4,334.3,149.3,7.4,0.9,10.6,0.0,645.9,2.7,2.1,629.5,11.5,1181,,AMRAOTI,
Maharashtra,Amraoti,IMD110-P1179,1992,0.0,0.0,0.0,0.5,0.3,92.5,191.6,642.2,71.5,56.9,0.7,0.0,1056.2,0.0,0.8,997.8,57.6,1181,,AMRAOTI,
Maharashtra,Amraoti,IMD110-P1179,1993,0.0,5.1,22.5,0.0,1.2,139.3,288.8,179.7,217.8,76.3,0.8,15.2,946.7,5.1,23.7,825.6,92.3,1181,,AMRAOTI,
Maharashtra,Amraoti,IMD110-P1179,1994,3.0,2.6,0.6,4.7,0.9,186.7,331.4,242.0,262.3,28.1,6.9,0.0,1069.1,5.6,6.2,1022.3,35.0,1181,,AMRAOTI,
Maharashtra,Amraoti,IMD110-P1179,1995,41.4,3.3,65.0,11.2,4.0,125.7,279.8,77.9,179.8,43.0,0.1,1.6,832.8,44.7,80.3,663.2,44.7,1181,,AMRAOTI,
Maharashtra,Amraoti,IMD110-P1179,1996,5.4,0.4,0.3,4.3,0.4,46.1,270.4,236.4,157.2,136.4,0.9,0.0,858.1,5.8,5.0,710.1,137.3,1181,,AMRAOTI,
Maharashtra,Amraoti,IMD110-P1179,1997,5.7,0.0,0.3,2.0,3.8,75.7,316.2,208.9,116.6,64.2,142.5,85.7,1021.8,5.7,6.1,717.5,292.5,1181,,AMRAOTI,
Maharashtra,Amraoti,IMD110-P1179,1998,4.2,9.4,14.5,1.2,7.4,142.8,231.4,193.2,211.2,57.8,44.1,0.0,917.2,13.5,23.1,778.6,101.9,1181,,AMRAOTI,
Maharashtra,Amraoti,IMD110-P1179,1999,0.0,9.4,1.4,0.3,13.8,216.8,182.0,196.3,172.0,83.9,0.0,0.0,875.9,9.4,15.5,767.1,83.9,1181,,AMRAOTI,
Maharashtra,Amraoti,IMD110-P1179,2000,0.0,15.1,0.0,0.0,19.4,161.0,308.5,182.4,28.4,29.6,0.0,0.0,744.4,15.1,19.4,680.4,29.6,1181,,AMRAOTI,
Maharashtra,Amraoti,IMD110-P1179,2001,22.9,0.0,13.4,14.8,9.3,271.1,98.9,314.3,23.0,114.0,6.4,0.0,888.1,22.9,37.5,707.3,120.4,1181,,AMRAOTI,
Maharashtra,Amraoti,IMD110-P1179,2002,0.0,5.6,0.8,2.9,0.3,257.0,20.7,215.6,143.9,39.5,3.6,0.0,689.9,5.6,4.1,637.1,43.1,1181,,AMRAOTI,
Maharashtra,Amraoti,IMD110-P1179,2003,0.0,6.6,5.8,0.2,0.0,140.5,314.7,175.2,121.9,21.5,0.7,0.1,787.1,6.6,6.0,752.2,22.2,1181,,AMRAOTI,
Maharashtra,Amraoti,IMD110-P1179,2004,15.5,0.0,0.0,0.0,20.1,105.9,174.2,241.7,85.6,35.4,9.3,0.0,687.6,15.5,20.1,607.4,44.7,1181,,AMRAOTI,
Maharashtra,Amraoti,IMD110-P1179,2005,1.0,1.8,3.0,0.9,4.4,82.8,291.5,228.3,228.6,62.9,0.0,0.0,905.3,2.8,8.3,831.3,62.9,1181,,AMRAOTI,
Maharashtra,Amraoti,IMD110-P1179,2006,0.0,0.0,61.4,0.0,4.9,66.2,286.6,339.3,160.1,85.0,0.6,0.0,1004.1,0.0,66.3,852.2,85.6,1181,,AMRAOTI,
Maharashtra,Amraoti,IMD110-P1179,2007,0.0,0.3,0.0,0.0,0.0,216.7,509.3,263.2,237.9,0.0,0.0,0.0,1227.3,0.3,0.0,1227.1,0.0,1181,,AMRAOTI,
Maharashtra,Amraoti,IMD110-P1179,2008,0.8,0.0,0.5,1.0,0.2,86.5,190.4,170.3,212.1,30.0,1.9,0.0,693.6,0.8,1.7,659.3,31.9,1181,,AMRAOTI,
Maharashtra,Amraoti,IMD110-P1179,2009,0.0,0.0,0.3,0.0,1.4,67.4,297.8,125.8,87.2,40.6,77.7,1.0,699.0,0.0,1.6,578.0,119.3,1181,,AMRAOTI,
Maharashtra,Amraoti,IMD110-P1179,2010,14.6,0.0,10.8,0.0,7.5,120.1,392.6,325.4,147.5,57.9,39.4,0.0,1115.7,14.6,18.3,985.6,97.3,1181,,AMRAOTI,
Maharashtra,Aurangabad,IMD110-P1182,1901,,,,,,190.7,119.7,264.1,73.5,130.8,0.0,0.0,,,,648.0,130.8,1182,missing_months,AURANGABAD,
Maharashtra,Aurangabad,IMD110-P1182,1902,4.8,0.0,0.0,8.1,2.3,57.4,116.2,91.8,329.1,91.5,122.5,72.9,896.6,4.8,10.4,594.5,286.9,1182,,AURANGABAD,
Maharashtra,Aurangabad,IMD110-P1182,1903,0.0,0.0,0.0,0.0,64.2,44.6,250.9,261.5,85.8,,0.0,0.0,,0.0,64.2,642.8,,1182,missing_months,AURANGABAD,
Maharashtra,Aurangabad,IMD110-P1182,1904,0.0,1.0,10.2,0.0,0.0,65.0,208.9,72.7,383.2,59.4,0.0,0.0,800.4,1.0,10.2,729.8,59.4,1182,,AURANGABAD,
Maharashtra,Aurangabad,IMD110-P1182,1905,5.1,2.8,0.0,0.0,1.3,46.2,118.8,32.8,89.9,0.0,3.6,0.0,300.5,7.9,1.3,287.7,3.6,1182,,AURANGABAD,
Maharashtra,Aurangabad,IMD110-P1182,1906,42.4,0.0,0.0,0.0,0.0,171.2,296.2,119.4,95.6,19.1,0.0,20.3,764.2,42.4,0.0,682.4,39.4,1182,,AURANGABAD,
Maharashtra,Aurangabad,IMD110-P1182,1907,0.8,6.9,0.0,53.4,0.0,104.1,158.8,153.5,12.1,17.8,0.0,0.0,507.4,7.7,53.4,428.5,17.8,1182,,AURANGABAD,
Maharashtra,Aurangabad,IMD110-P1182,1908,0.0,0.0,5.8,6.1,0.0,51.3,112.0,163.3,144.2,0.0,0.0,0.0,482.7,0.0,11.9,470.8,0.0,1182,,AURANGABAD,
Maharashtra,Aurangabad,IMD110-P1182,1909,20.8,0.0,0.0,0.0,48.9,276.9,234.5,151.0,277.0,60.2,0.0,25.4,1094.7,20.8,48.9,939.4,85.6,1182,,AURANGABAD,
Maharashtra,Aurangabad,IMD110-P1182,1910,0.0,0.0,0.0,0.0,8.1,146.3,194.8,147.9,243.2,71.4,43.4,0.0,855.1,0.0,8.1,732.2,114.8,1182,,AURANGABAD,
Maharashtra,Aurangabad,IMD110-P1182,1911,14.5,0.0,0.0,0.0,0.0,110.7,222.4,99.6,34.8,0.0,99.6,0.0,581.6,14.5,0.0,467.5,99.6,1182,,AURANGABAD,
Maharashtra,Aurangabad,IMD110-P1182,1912,0.0,0.0,0.0,0.0,4.8,133.1,149.0,91.4,6.4,30.4,27.9,0.0,443.0,0.0,4.8,379.9,58.3,1182,,AURANGABAD,
Maharashtra,Aurangabad,IMD110-P1182,1913,0.0,1.3,0.0,0.0,33.7,194.4,173.9,54.2,118.7,16.3,0.0,0.0,592.5,1.3,33.7,541.2,16.3,1182,,AURANGABAD,
Maharashtra,Aurangabad,IMD110-P1182,1914,0.0,0.3,0.0,2.0,50.6,234.7,176.7,71.7,145.2,8.1,16.7,11.9,717.9,0.3,52.6,628.3,36.7,1182,,AURANGABAD,
Maharashtra,Aurangabad,IMD110-P1182,1915,14.0,10.6,55.1,24.6,25.9,333.1,108.5,52.8,128.4,100.4,16.3,30.0,899.7,24.6,105.6,622.8,146.7,1182,,AURANGABAD,
Maharashtra,Aurangabad,IMD110-P1182,1916,0.0,0.0,0.5,5.1,43.2,136.7,432.8,157.9,323.1,57.9,14.8,0.0,1172.0,0.0,48.8,1050.5,72.7,1182,,AURANGABAD,
Maharashtra,Aurangabad,IMD110-P1182,1917,4.8,32.6,4.8,10.7,2.6,218.8,56.7,240.8,298.1,69.4,9.7,0.0,949.0,37.4,18.1,814.4,79.1,1182,,AURANGABAD,
Maharashtra,Aurangabad,IMD110-P1182,1918,0.0,0.0,0.8,0.0,155.4,33.5,34.8,55.5,48.4,16.8,7.6,19.5,372.3,0.0,156.2,172.2,43.9,1182,,AURANGABAD,
Maharashtra,Aurangabad,IMD110-P1182,1919,15.1,3.6,0.0,3.3,4.7,89.1,145.8,78.9,203.0,21.6,12.5,0.8,578.4,18.7,8.0,516.8,34.9,1182,,AURANGABAD,
Maharashtra,Aurangabad,IMD110-P1182,1920,66.6,0.0,0.0,0.6,0.0,16.8,51.2,61.2,68.6,2.0,0.0,0.0,267.0,66.6,0.6,197.8,2.0,1182,,AURANGABAD,
Maharashtra,Aurangabad,IMD110-P1182,1921,0.0,0.0,0.0,1.0,0.0,76.9,234.9,42.6,107.9,7.4,0.0,0.0,470.7,0.0,1.0,462.3,7.4,1182,,AURANGABAD,
Maharashtra,Aurangabad,IMD110-P1182,1922,31.8,8.6,0.0,3.8,38.1,235.4,147.4,26.0,175.6,14.8,144.6,6.4,832.5,40.4,41.9,584.4,165.8,1182,,AURANGABAD,
Maharashtra,Aurangabad,IMD110-P1182,1923,1.5,0.0,43.4,0.5,0.0,0.5,267.3,34.5,218.9,0.8,0.0,3.0,570.4,1.5,43.9,521.2,3.8,1182,,AURANGABAD,
Maharashtra,Aurangabad,IMD110-P1182,1924,1.5,0.0,0.0,7.1,0.0,54.4,148.3,147.8,127.4,63.4,12.2,2.1,564.2,1.5,7.1,477.9,77.7,1182,,AURANGABAD,
Maharashtra,Aurangabad,IMD110-P1182,1925,0.0,0.0,0.0,0.0,4.6,81.7,79.6,116.9,42.3,7.6,64.0,0.0,396.7,0.0,4.6,320.5,71.6,1182,,AURANGABAD,
Maharashtra,Aurangabad,IMD110-P1182,1926,75.4,0.0,0.0,0.0,13.5,159.2,171.5,277.9,102.9,0.0,1.8,4.1,806.3,75.4,13.5,711.5,5.9,1182,,AURANGABAD,
Maharashtra,Aurangabad,IMD110-P1182,1927,0.0,0.0,5.4,0.0,0.0,312.5,201.7,18.2,145.3,48.5,61.8,1.8,795.2,0.0,5.4,677.7,112.1,1182,,AURANGABAD,
Maharashtra,Aurangabad,IMD110-P1182,1928,0.0,24.4,0.0,0.0,0.0,143.3,139.7,164.8,199.7,78.2,0.0,2.0,752.1,24.4,0.0,647.5,80.2,1182,,AURANGABAD,
Maharashtra,Aurangabad,IMD110-P1182,1929,0.0,31.7,3.8,36.6,0.0,214.6,82.3,35.9,137.5,39.9,0.0,0.5,582.8,31.7,40.4,470.3,40.4,1182,,AURANGABAD,
Maharashtra,Aurangabad,IMD110-P1182,1930,0.0,0.0,0.0,0.0,3.8,143.2,80.9,96.6,265.7,59.0,26.5,0.8,676.5,0.0,3.8,586.4,86.3,1182,,AURANGABAD,
Maharashtra,Aurangabad,IMD110-P1182,1931,0.0,0.0,0.5,1.3,0.0,157.5,243.6,152.2,175.5,253.1,68.2,9.2,1061.1,0.0,1.8,728.8,330.5,1182,,AURANGABAD,
Maharashtra,Aurangabad,IMD110-P1182,1932,0.0,0.0,5.4,18.8,22.1,105.7,217.6,120.0,193.3,70.3,7.4,29.2,789.8,0.0,46.3,636.6,106.9,1182,,AURANGABAD,
Maharashtra,Aurangabad,IMD110-P1182,1933,0.0,0.0,3.6,0.0,112.9,159.8,139.2,179.4,386.7,20.1,0.0,37.1,1038.8,0.0,116.5,865.1,57.2,1182,,AURANGABAD,
Maharashtra,Aurangabad,IMD110-P1182,1934,0.3,0.0,0.0,2.3,0.0,104.7,243.3,284.6,105.8,0.0,82.3,0.0,823.3,0.3,2.3,738.4,82.3,1182,,AURANGABAD,
Maharashtra,Aurangabad,IMD110-P1182,1935,0.5,0.0,0.0,2.5,0.0,198.5,189.8,100.4,251.0,89.8,0.0,0.8,833.3,0.5,2.5,739.7,90.6,1182,,AURANGABAD,
Maharashtra,Aurangabad,IMD110-P1182,1936,0.0,17.3,6.4,6.6,10.7,102.8,68.4,115.9,163.6,4.1,170.6,0.0,666.4,17.3,23.7,450.7,174.7,1182,,AURANGABAD,
Maharashtra,Aurangabad,IMD110-P1182,1937,0.0,3.0,0.8,27.4,0.0,107.2,218.7,23.7,221.6,202.7,1.5,19.2,825.8,3.0,28.2,571.2,223.4,1182,,AURANGABAD,
Maharashtra,Aurangabad,IMD110-P1182,1938,0.0,0.0,3.8,11.0,50.3,131.2,307.4,102.9,366.5,81.2,1.0,0.0,1055.3,0.0,65.1,908.0,82.2,1182,,AURANGABAD,
Maharashtra,Aurangabad,IMD110-P1182,1939,0.8,0.0,,1.8,0.0,92.5,306.4,201.3,,19.1,48.7,0.3,,0.8,,,68.1,1182,missing_months,AURANGABAD,
Maharashtra,Aurangabad,IMD110-P1182,1940,0.0,0.5,0.0,4.3,3.6,195.3,135.1,181.4,119.6,27.4,70.4,1.8,739.4,0.5,7.9,631.4,99.6,1182,,AURANGABAD,
Maharashtra,Aurangabad,IMD110-P1182,1941,9.9,18.1,0.0,0.5,0.0,28.3,199.6,126.5,163.4,17.0,0.0,0.0,563.3,28.0,0.5,517.8,17.0,1183,,AURANGABAD,
Maharashtra,Aurangabad,IMD110-P1182,1942,0.0,2.6,,,,,,,,,,,,2.6,,,,1183,missing_months,AURANGABAD,
Maharashtra,Aurangabad,IMD110-P1182,1943,2.3,0.0,3.0,0.0,54.4,144.5,168.6,53.7,197.3,234.6,0.8,0.0,859.2,2.3,57.4,564.1,235.4,1183,,AURANGABAD,
Maharashtra,Aurangabad,IMD110-P1182,1944,1.0,0.0,21.4,0.0,3.8,83.7,253.6,97.5,123.7,55.7,6.4,0.0,646.8,1.0,25.2,558.5,62.1,1183,,AURANGABAD,
Maharashtra,Aurangabad,IMD110-P1182,1945,7.5,0.0,0.0,0.0,0.0,63.7,123.1,76.7,199.7,35.1,5.1,0.0,510.9,7.5,0.0,463.2,40.2,1183,,AURANGABAD,
Maharashtra,Aurangabad,IMD110-P1182,1946,0.0,14.5,0.0,19.3,16.3,248.2,145.4,104.4,247.8,7.3,250.3,8.4,1061.9,14.5,35.6,745.8,266.0,1183,,AURANGABAD,
Maharashtra,Aurangabad,IMD110-P1182,1947,7.8,10.2,22.3,19.3,0.0,33.9,82.9,331.5,188.9,16.3,5.5,28.2,746.8,18.0,41.6,637.2,50.0,1183,,AURANGABAD,
Maharashtra,Aurangabad,IMD110-P1182,1948,23.9,10.2,1.5,2.5,0.5,294.2,193.3,84.4,78.8,29.4,149.5,0.0,868.2,34.1,4.5,650.7,178.9,1183,,AURANGABAD,
Maharashtra,Aurangabad,IMD110-P1182,1949,0.0,0.0,0.0,1.5,26.1,135.0,180.6,139.4,291.8,21.3,,0.0,,0.0,27.6,746.8,,1183,missing_months,AURANGABAD,
Maharashtra,Aurangabad,IMD110-P1182,1950,0.0,0.0,4.8,0.5,5.5,82.5,171.1,119.8,253.4,29.5,0.0,4.8,671.9,0.0,10.8,626.8,34.3,1183,,AURANGABAD,
Maharashtra,Aurangabad,IMD110-P1182,1951,0.3,0.0,1.6,5.1,9.8,166.1,203.6,105.2,68.3,125.5,14.0,0.0,699.5,0.3,16.5,543.2,139.5,1183,,AURANGABAD,
Maharashtra,Aurangabad,IMD110-P1182,1952,0.0,1.9,0.0,0.4,18.1,145.3,190.0,57.4,96.6,6.0,0.0,3.6,519.3,1.9,18.4,489.4,9.6,1183,,AURANGABAD,
Maharashtra,Aurangabad,IMD110-P1182,1953,0.0,0.0,0.3,11.2,0.0,218.5,218.2,135.5,110.0,56.3,0.0,0.0,749.9,0.0,11.4,682.2,56.3,1183,,AURANGABAD,
Maharashtra,Aurangabad,IMD110-P1182,1954,2.3,0.0,21.1,4.8,0.6,144.9,172.9,129.9,315.7,1.3,0.0,10.5,804.0,2.3,26.5,763.4,11.8,1183,,AURANGABAD,
Maharashtra,Aurangabad,IMD110-P1182,1955,4.2,0.0,2.3,5.1,6.6,175.4,167.2,245.4,198.8,93.8,0.0,0.0,899.0,4.2,14.0,786.9,93.8,1183,,AURANGABAD,
Maharashtra,Aurangabad,IMD110-P1182,1956,3.9,0.0,0.0,4.7,74.4,123.2,183.9,144.1,201.1,56.1,87.7,0.0,879.0,3.9,79.1,652.2,143.8,1183,,AURANGABAD,
Maharashtra,Aurangabad,IMD110-P1182,1957,0.0,0.3,11.9,9.0,28.9,125.3,155.1,196.3,89.6,29.7,18.1,0.0,664.2,0.3,49.8,566.3,47.8,1183,,AURANGABAD,
Maharashtra,Aurangabad,IMD110-P1182,1958,0.0,0.0,0.3,8.1,4.1,91.2,202.9,522.3,106.8,35.2,50.0,0.0,1020.8,0.0,12.4,923.2,85.3,1183,,AURANGABAD,
Maharashtra,Aurangabad,IMD110-P1182,1959,5.3,0.0,0.0,2.8,1.1,124.5,152.2,203.7,188.4,129.6,21.0,0.0,828.5,5.3,3.9,668.8,150.6,1183,,AURANGABAD,
Maharashtra,Aurangabad,IMD110-P1182,1960,5.2,0.0,1.2,0.0,16.4,148.8,126.6,103.4,134.5,76.8,0.0,0.0,612.9,5.2,17.6,513.3,76.8,1183,,AURANGABAD,
Maharashtra,Aurangabad,IMD110-P1182,1961,0.0,0.8,0.0,2.3,46.6,135.2,166.6,70.5,75.5,222.6,8.2,2.8,731.1,0.8,48.8,447.8,233.6,1183,,AURANGABAD,
Maharashtra,Aurangabad,IMD110-P1182,1962,0.0,0.0,11.5,19.2,47.2,73.1,131.5,90.8,259.5,20.0,56.1,75.3,784.2,0.0,77.8,555.0,151.4,1183,,AURANGABAD,
Maharashtra,Aurangabad,IMD110-P1182,1963,0.0,0.1,1.7,0.4,9.2,201.5,197.1,274.9,74.5,55.2,12.9,0.0,827.4,0.1,11.3,747.9,68.1,1183,,AURANGABAD,
Maharashtra,Aurangabad,IMD110-P1182,1964,0.0,0.0,2.6,4.0,4.3,115.5,215.7,127.1,162.4,25.9,12.3,0.0,670.0,0.0,11.0,620.8,38.2,1183,,AURANGABAD,
Maharashtra,Aurangabad,IMD110-P1182,1965,9.2,0.2,0.2,2.6,0.0,80.9,250.2,238.8,8.1,1.3,0.0,27.6,619.1,9.4,2.8,578.0,28.9,1183,,AURANGABAD,
Maharashtra,Aurangabad,IMD110-P1182,1966,1.9,0.0,1.9,0.0,35.5,96.6,379.8,93.2,144.5,15.8,37.5,35.1,841.9,1.9,37.4,714.1,88.4,1183,,AURANGABAD,
Maharashtra,Aurangabad,IMD110-P1182,1967,0.0,0.0,2.2,0.2,0.0,210.4,178.3,129.2,124.3,14.6,0.0,147.0,806.0,0.0,2.4,642.1,161.5,1183,,AURANGABAD,
Maharashtra,Aurangabad,IMD110-P1182,1968,0.7,25.6,17.0,1.7,1.3,76.3,161.3,132.0,215.3,21.8,29.0,0.0,682.1,26.3,20.0,585.0,50.7,1183,,AURANGABAD,
Maharashtra,Aurangabad,IMD110-P1182,1969,0.0,0.0,0.0,0.0,1.9,177.3,234.7,168.6,263.4,0.3,32.0,0.0,878.3,0.0,1.9,844.1,32.3,1183,,AURANGABAD,
Maharashtra,Aurangabad,IMD110-P1182,1970,3.2,0.0,0.0,7.6,39.6,237.1,105.8,322.3,137.0,23.0,0.0,0.0,875.5,3.2,47.1,802.2,23.0,1183,,AURANGABAD,
Maharashtra,Aurangabad,IMD110-P1182,1971,0.0,0.0,0.0,0.0,42.5,86.4,15.3,173.8,253.7,48.6,0.0,0.0,620.4,0.0,42.5,529.2,48.6,1183,,AURANGABAD,
Maharashtra,Aurangabad,IMD110-P1182,1972,0.0,0.0,0.0,0.7,2.5,97.9,40.2,87.1,76.9,4.2,13.9,0.0,323.3,0.0,3.2,302.1,18.0,1183,,AURANGABAD,
Maharashtra,Aurangabad,IMD110-P1182,1973,0.0,4.1,0.1,0.0,1.6,106.6,247.1,195.7,133.9,33.5,0.0,0.0,722.7,4.1,1.6,683.4,33.5,1183,,AURANGABAD,
Maharashtra,Aurangabad,IMD110-P1182,1974,0.0,1.2,0.2,8.7,100.6,65.8,129.0,78.4,142.2,118.6,0.0,0.0,644.6,1.2,109.4,415.4,118.6,1183,,AURANGABAD,
Maharashtra,Aurangabad,IMD110-P1182,1975,1.1,0.0,0.0,0.0,16.7,97.6,178.5,204.8,228.4,84.2,0.2,0.0,811.5,1.1,16.7,709.3,84.5,1183,,AURANGABAD,
Maharashtra,Aurangabad,IMD110-P1182,1976,0.0,0.0,10.9,3.1,0.1,96.5,177.8,142.8,62.1,10.6,50.2,0.0,554.1,0.0,14.1,479.2,60.8,1183,,AURANGABAD,
Maharashtra,Aurangabad,IMD110-P1182,1977,0.0,0.2,5.9,0.6,0.5,145.5,130.1,82.5,86.4,15.6,159.0,11.6,637.9,0.2,7.0,444.5,186.3,1183,,AURANGABAD,
Maharashtra,Aurangabad,IMD110-P1182,1978,10.0,23.2,11.1,1.1,2.6,114.1,140.1,109.2,65.9,58.3,36.0,2.3,574.0,33.2,14.8,429.2,96.7,1183,,AURANGABAD,
Maharashtra,Aurangabad,IMD110-P1182,1979,13.4,0.0,12.5,0.0,0.5,72.9,172.7,158.2,285.9,47.6,160.4,1.2,925.3,13.4,13.0,689.7,209.2,1183,,AURANGABAD,
Maharashtra,Aurangabad,IMD110-P1182,1980,0.6,0.0,4.0,0.7,0.4,203.0,109.3,293.3,73.2,1.6,6.6,17.1,709.8,0.6,5.1,678.8,25.3,1183,,AURANGABAD,
Maharashtra,Aurangabad,IMD110-P1182,1981,15.3,3.6,3.9,0.4,7.6,72.3,119.6,109.3,242.9,51.6,8.5,30.1,665.0,18.9,11.8,544.1,90.2,1183,,AURANGABAD,
Maharashtra,Aurangabad,IMD110-P1182,1982,29.0,2.8,1.2,0.2,28.3,98.7,99.3,111.1,100.5,46.4,18.9,0.0,536.2,31.8,29.7,409.5,65.3,1184,,AURANGABAD,
Maharashtra,Aurangabad,IMD110-P1182,1983,0.0,0.0,0.0,0.0,0.0,60.8,148.0,172.5,421.1,23.1,0.4,1.2,827.1,0.0,0.0,802.4,24.7,1184,,AURANGABAD,
Maharashtra,Aurangabad,IMD110-P1182,1984,0.5,3.8,0.0,0.0,0.0,47.9,194.5,49.6,90.6,71.2,15.1,0.0,473.2,4.3,0.0,382.6,86.3,1184,,AURANGABAD,
Maharashtra,Aurangabad,IMD110-P1182,1985,0.0,0.0,0.3,2.8,2.6,81.5,139.1,61.5,43.0,86.0,2.0,0.0,418.7,0.0,5.6,325.0,88.0,1184,,AURANGABAD,
Maharashtra,Aurangabad,IMD110-P1182,1986,0.0,0.6,0.0,0.0,1.3,132.3,109.6,153.0,89.8,1.7,7.1,19.2,514.6,0.6,1.4,484.6,28.0,1184,,AURANGABAD,
Maharashtra,Aurangabad,IMD110-P1182,1987,2.8,10.4,0.6,0.1,22.1,166.5,104.7,168.1,31.7,129.4,24.0,18.8,679.3,13.2,22.8,471.1,172.2,1184,,AURANGABAD,
Maharashtra,Aurangabad,IMD110-P1182,1988,0.0,0.0,0.0,8.0,10.0,135.2,180.0,119.9,368.8,34.5,16.3,0.0,872.7,0.0,18.0,803.9,50.8,1184,,AURANGABAD,
Maharashtra,Aurangabad,IMD110-P1182,1989,0.0,0.0,22.1,0.0,2.8,187.2,252.5,172.0,214.7,14.4,0.9,5.1,871.7,0.0,24.9,826.4,20.4,1184,,AURANGABAD,
Maharashtra,Aurangabad,IMD110-P1182,1990,0.0,0.0,0.0,0.0,170.0,117.2,90.6,283.5,103.3,318.9,4.4,7.2,1094.9,0.0,170.0,594.5,330.4,1184,,AURANGABAD,
Maharashtra,Aurangabad,IMD110-P1182,1991,0.0,0.0,0.0,6.5,9.7,407.3,193.2,32.2,40.4,0.6,11.6,0.0,701.4,0.0,16.2,673.1,12.1,1184,,AURANGABAD,
Maharashtra,Aurangabad,IMD110-P1182,1992,0.0,0.0,0.0,0.0,2.0,210.0,71.0,218.4,169.8,47.1,3.4,0.0,721.7,0.0,2.0,669.2,50.5,1184,,AURANGABAD,
Maharashtra,Aurangabad,IMD110-P1182,1993,0.0,0.3,1.1,0.3,0.2,71.9,200.5,147.5,137.7,159.8,9.8,53.0,782.1,0.3,1.5,557.6,222.6,1184,,AURANGABAD,
Maharashtra,Aurangabad,IMD110-P1182,1994,4.4,0.0,0.0,18.0,14.8,106.7,122.5,182.1,102.3,53.9,54.7,0.0,659.6,4.4,32.8,513.7,108.7,1184,,AURANGABAD,
Maharashtra,Aurangabad,IMD110-P1182,1995,25.2,1.2,9.8,0.0,8.7,78.2,117.1,91.6,147.5,59.4,0.0,0.0,538.6,26.4,18.4,434.4,59.4,1184,,AURANGABAD,
Maharashtra,Aurangabad,IMD110-P1182,1996,0.0,0.3,0.0,0.1,0.0,61.5,173.2,202.9,175.9,114.0,8.5,0.0,736.3,0.3,0.1,613.4,122.5,1184,,AURANGABAD,
Maharashtra,Aurangabad,IMD110-P1182,1997,0.6,0.0,0.0,0.6,0.5,49.8,133.2,134.6,131.6,53.0,166.5,71.7,742.2,0.6,1.2,449.2,291.2,1184,,AURANGABAD,
Maharashtra,Aurangabad,IMD110-P1182,1998,0.0,0.0,0.6,0.0,9.7,158.3,197.3,268.9,170.2,114.0,37.2,0.0,956.1,0.0,10.3,794.6,151.1,1184,,AURANGABAD,
Maharashtra,Aurangabad,IMD110-P1182,1999,0.0,1.2,0.0,0.0,5.2,159.2,120.9,78.5,182.2,142.8,0.0,0.0,689.9,1.2,5.2,540.8,142.8,1184,,AURANGABAD,
Maharashtra,Aurangabad,IMD110-P1182,2000,0.0,0.0,0.0,0.1,24.8,189.5,88.0,125.0,47.4,17.6,0.0,7.6,500.0,0.0,24.9,449.8,25.2,1184,,AURANGABAD,
Maharashtra,Aurangabad,IMD110-P1182,2001,5.9,0.0,0.1,0.0,0.0,100.5,63.1,212.4,107.4,86.1,0.0,0.0,575.5,5.9,0.1,483.4,86.1,1184,,AURANGABAD,
Maharashtra,Aurangabad,IMD110-P1182,2002,0.5,5.5,0.2,3.7,5.5,232.8,54.4,207.0,85.1,25.9,9.4,0.0,630.1,6.0,9.5,579.3,35.4,1184,,AURANGABAD,
Maharashtra,Aurangabad,IMD110-P1182,2003,2.5,1.7,0.0,6.2,26.1,145.1,177.2,135.9,87.2,9.1,0.0,2.6,593.5,4.3,32.3,545.3,11.7,1184,,AURANGABAD,
Maharashtra,Aurangabad,IMD110-P1182,2004,1.0,0.0,0.0,0.0,20.0,87.2,184.6,102.8,206.1,42.4,0.4,0.0,644.6,1.0,20.0,580.7,42.8,1184,,AURANGABAD,
Maharashtra,Aurangabad,IMD110-P1182,2005,3.0,0.2,4.1,0.0,3.3,41.3,210.8,99.9,173.3,40.4,0.0,0.0,576.3,3.2,7.5,525.3,40.4,1184,,AURANGABAD,
Maharashtra,Aurangabad,IMD110-P1182,2006,0.0,0.0,26.6,0.0,13.2,162.2,183.0,273.5,211.4,71.2,0.0,0.0,941.2,0.0,39.8,830.2,71.2,1184,,AURANGABAD,
Maharashtra,Aurangabad,IMD110-P1182,2007,0.0,0.0,0.0,1.4,4.3,149.0,168.3,118.5,163.0,4.1,6.1,0.0,614.6,0.0,5.7,598.8,10.1,1184,,AURANGABAD,
Maharashtra,Aurangabad,IMD110-P1182,2008,0.0,0.0,9.6,1.6,0.0,47.6,88.3,130.9,325.9,42.8,0.3,0.5,647.3,0.0,11.1,592.7,43.5,1184,,AURANGABAD,
Maharashtra,Aurangabad,IMD110-P1182,2009,0.0,0.0,0.1,0.4,1.0,34.4,179.8,129.3,162.1,57.1,135.3,2.6,702.0,0.0,1.4,505.6,195.0,1184,,AURANGABAD,
Maharashtra,Aurangabad,IMD110-P1182,2010,0.1,0.1,7.4,0.0,4.8,170.7,235.4,251.6,97.0,40.5,72.8,0.0,880.4,0.2,12.2,754.7,113.3,1184,,AURANGABAD,
Maharashtra,Beed,IMD110-P1185,1901,24.4,0.8,20.3,25.9,12.2,227.5,155.8,246.5,66.6,68.0,0.0,0.0,848.0,25.2,58.4,696.4,68.0,1185,,BEED,
Maharashtra,Beed,IMD110-P1185,1902,0.0,0.0,0.0,0.0,0.0,35.4,40.8,54.6,300.8,43.7,136.7,42.7,654.7,0.0,0.0,431.6,223.1,1185,,BEED,
Maharashtra,Beed,IMD110-P1185,1903,0.0,0.0,0.0,6.1,55.7,55.1,151.4,227.2,147.0,126.6,0.0,0.0,769.1,0.0,61.8,580.7,126.6,1185,,BEED,
Maharashtra,Beed,IMD110-P1185,1904,0.0,2.3,1.0,1.0,7.9,30.5,46.1,39.6,301.4,86.8,0.0,0.0,516.6,2.3,9.9,417.6,86.8,1185,,BEED,
Maharashtra,Beed,IMD110-P1185,1905,0.0,0.0,0.0,0.0,0.0,106.7,126.1,127.4,105.0,24.9,0.0,0.0,490.1,0.0,0.0,465.2,24.9,1185,,BEED,
Maharashtra,Beed,IMD110-P1185,1906,4.8,0.0,0.3,0.0,0.0,234.4,153.9,123.7,74.8,18.2,2.3,11.7,624.1,4.8,0.3,586.8,32.2,1185,,BEED,
Maharashtra,Beed,IMD110-P1185,1907,0.0,13.2,4.1,60.5,0.0,51.9,198.9,111.4,35.9,0.0,0.0,12.4,488.3,13.2,64.6,398.1,12.4,1185,,BEED,
Maharashtra,Beed,IMD110-P1185,1908,0.0,0.0,22.1,1.0,0.0,107.9,58.7,69.7,210.4,0.0,0.0,0.0,469.8,0.0,23.1,446.7,0.0,1185,,BEED,
Maharashtra,Beed,IMD110-P1185,1909,0.0,5.3,0.0,2.0,11.7,218.5,73.3,181.6,203.9,19.0,0.0,2.0,717.3,5.3,13.7,677.3,21.0,1185,,BEED,
Maharashtra,Beed,IMD110-P1185,1910,0.0,0.0,0.0,0.0,1.3,131.5,235.9,155.1,401.0,55.0,45.3,0.0,1025.1,0.0,1.3,923.5,100.3,1185,,BEED,
Maharashtra,Beed,IMD110-P1185,1911,9.7,0.0,0.0,0.0,0.0,41.6,209.4,198.9,23.3,0.0,43.0,0.0,525.9,9.7,0.0,473.2,43.0,1185,,BEED,
Maharashtra,Beed,IMD110-P1185,1912,0.0,19.9,0.0,1.3,4.1,20.9,74.0,65.0,0.0,7.2,3.3,0.0,195.7,19.9,5.4,159.9,10.5,1185,,BEED,
Maharashtra,Beed,IMD110-P1185,1913,0.0,0.0,0.0,14.0,34.9,186.1,174.3,48.2,45.5,0.8,0.0,37.3,541.1,0.0,48.9,454.1,38.1,1185,,BEED,
Maharashtra,Beed,IMD110-P1185,1914,0.0,1.0,0.0,0.0,4.0,259.9,98.1,116.0,301.9,60.7,21.3,39.1,902.0,1.0,4.0,775.9,121.1,1185,,BEED,
Maharashtra,Beed,IMD110-P1185,1915,5.1,0.0,26.4,16.2,12.9,173.8,250.1,58.9,297.5,64.5,3.6,0.0,909.0,5.1,55.5,780.3,68.1,1185,,BEED,
Maharashtra,Beed,IMD110-P1185,1916,0.0,19.1,5.3,1.0,34.4,112.8,473.7,90.7,306.3,164.9,39.9,0.0,1248.1,19.1,40.7,983.5,204.8,1185,,BEED,
Maharashtra,Beed,IMD110-P1185,1917,,49.8,4.8,5.1,7.8,136.7,53.6,305.5,461.7,113.0,58.2,0.0,,,17.7,957.5,171.2,1185,missing_months,BEED,
Maharashtra,Beed,IMD110-P1185,1918,0.5,0.0,0.0,0.0,91.3,104.9,11.0,55.6,82.2,0.0,14.0,31.2,390.7,0.5,91.3,253.7,45.2,1185,,BEED,
Maharashtra,Beed,IMD110-P1185,1919,2.5,0.0,0.0,8.4,3.6,141.5,118.9,67.0,156.4,7.8,49.0,0.8,555.9,2.5,12.0,483.8,57.6,1185,,BEED,
Maharashtra,Beed,IMD110-P1185,1920,20.3,0.0,0.0,3.8,1.0,34.3,17.2,34.6,154.7,0.0,0.0,0.0,265.9,20.3,4.8,240.8,0.0,1185,,BEED,
Maharashtra,Beed,IMD110-P1185,1921,0.0,0.0,0.0,0.0,0.0,122.9,117.5,21.5,110.7,64.5,2.8,0.0,439.9,0.0,0.0,372.6,67.3,1185,,BEED,
Maharashtra,Beed,IMD110-P1185,1922,61.0,0.0,0.0,2.3,24.6,218.9,90.2,,136.1,39.8,148.8,0.0,,61.0,26.9,,188.6,1185,missing_months,BEED,
Maharashtra,Beed,IMD110-P1185,1923,15.7,2.0,79.4,11.9,0.0,38.1,235.2,30.7,375.3,0.0,0.0,0.0,788.3,17.7,91.3,679.3,0.0,1185,,BEED,
Maharashtra,Beed,IMD110-P1185,1924,9.1,0.0,3.6,9.7,1.0,83.6,45.5,159.9,234.8,43.7,5.1,10.7,606.7,9.1,14.3,523.8,59.5,1185,,BEED,
Maharashtra,Beed,IMD110-P1185,1925,0.0,0.0,0.0,0.0,39.6,107.5,56.9,166.0,62.2,40.6,136.2,0.0,609.0,0.0,39.6,392.6,176.8,1185,,BEED,
Maharashtra,Beed,IMD110-P1185,1926,63.0,0.0,0.0,2.0,0.0,128.3,101.1,184.1,156.2,0.0,22.8,2.0,659.5,63.0,2.0,569.7,24.8,1185,,BEED,
Maharashtra,Beed,IMD110-P1185,1927,0.0,2.5,1.3,2.0,0.0,100.7,137.4,15.3,214.2,25.1,131.1,0.0,629.6,2.5,3.3,467.6,156.2,1185,,BEED,
Maharashtra,Beed,IMD110-P1185,1928,0.0,30.7,0.0,0.0,0.0,128.9,54.4,60.7,448.3,45.3,0.0,0.8,769.1,30.7,0.0,692.3,46.1,1185,,BEED,
Maharashtra,Beed,IMD110-P1185,1929,0.0,0.0,0.0,22.9,1.3,176.1,93.2,10.6,199.4,72.4,0.0,0.0,575.9,0.0,24.2,479.3,72.4,1185,,BEED,
Maharashtra,Beed,IMD110-P1185,1930,0.0,0.0,0.0,0.0,0.3,57.6,24.9,20.6,259.2,96.5,20.6,0.3,480.0,0.0,0.3,362.3,117.4,1185,,BEED,
Maharashtra,Beed,IMD110-P1185,1931,0.0,0.0,0.0,4.6,0.0,126.7,159.5,54.4,286.4,168.2,92.0,30.5,922.3,0.0,4.6,627.0,290.7,1185,,BEED,
Maharashtra,Beed,IMD110-P1185,1932,0.0,0.0,0.8,9.4,7.3,141.0,240.3,221.8,102.4,92.1,98.1,1.0,914.2,0.0,17.5,705.5,191.2,1185,,BEED,
Maharashtra,Beed,IMD110-P1185,1933,0.0,0.0,17.0,5.6,52.3,95.3,103.4,81.2,409.1,35.0,26.4,33.6,858.9,0.0,74.9,689.0,95.0,1185,,BEED,
Maharashtra,Beed,IMD110-P1185,1934,6.9,0.0,0.0,9.4,4.6,92.4,183.4,148.5,282.0,22.8,117.4,0.0,867.4,6.9,14.0,706.3,140.2,1185,,BEED,
Maharashtra,Beed,IMD110-P1185,1935,0.0,0.0,0.0,0.8,0.0,190.9,185.5,265.8,171.2,111.2,16.5,3.1,945.0,0.0,0.8,813.4,130.8,1185,,BEED,
Maharashtra,Beed,IMD110-P1185,1936,0.0,26.6,1.8,36.1,65.5,42.2,50.2,43.2,125.8,0.0,142.6,0.0,534.0,26.6,103.4,261.4,142.6,1185,,BEED,
Maharashtra,Beed,IMD110-P1185,1937,0.0,5.1,8.4,22.6,1.3,13.0,94.6,11.4,79.1,89.6,0.0,19.1,344.2,5.1,32.3,198.1,108.7,1185,,BEED,
Maharashtra,Beed,IMD110-P1185,1938,0.0,0.0,25.9,10.1,19.1,119.3,103.2,58.8,322.6,169.0,0.0,0.0,828.0,0.0,55.1,603.9,169.0,1185,,BEED,
Maharashtra,Beed,IMD110-P1185,1939,0.0,0.0,0.0,1.8,0.0,93.4,67.8,98.4,49.7,15.2,8.6,3.3,338.2,0.0,1.8,309.3,27.1,1185,,BEED,
Maharashtra,Beed,IMD110-P1185,1940,0.0,0.0,0.0,4.6,36.1,123.8,113.0,200.2,183.7,54.3,28.5,0.5,744.7,0.0,40.7,620.7,83.3,1185,,BEED,
Maharashtra,Beed,IMD110-P1185,1942,0.0,18.1,0.0,0.0,0.0,204.2,123.5,225.4,77.3,9.1,0.0,90.1,747.7,18.1,0.0,630.4,99.2,1186,,BEED,
Maharashtra,Beed,IMD110-P1185,1943,10.2,0.0,0.0,0.0,44.0,172.7,47.9,12.2,257.8,182.9,3.3,0.0,731.0,10.2,44.0,490.6,186.2,1186,,BEED,
Maharashtra,Beed,IMD110-P1185,1944,0.5,6.3,54.2,0.0,3.5,88.6,147.7,105.7,117.8,149.0,4.7,0.0,677.9,6.8,57.6,459.8,153.7,1186,,BEED,
Maharashtra,Beed,IMD110-P1185,1945,0.5,0.0,0.0,2.9,0.0,52.4,82.4,140.2,156.3,15.7,0.0,0.0,450.4,0.5,2.9,431.4,15.7,1186,,BEED,
Maharashtra,Beed,IMD110-P1185,1946,0.0,0.3,0.0,7.1,22.8,63.8,74.3,37.3,224.9,1.4,59.2,39.6,530.7,0.3,29.9,400.4,100.2,1186,,BEED,
Maharashtra,Beed,IMD110-P1185,1947,37.1,34.5,9.4,23.1,2.5,54.0,141.5,209.4,293.6,7.5,0.9,6.1,819.7,71.6,35.0,698.5,14.5,1186,,BEED,
Maharashtra,Beed,IMD110-P1185,1948,3.5,0.0,6.3,0.0,0.0,147.9,136.5,134.4,272.1,14.6,170.6,0.0,885.8,3.5,6.3,690.8,185.2,1186,,BEED,
Maharashtra,Beed,IMD110-P1185,1949,0.0,0.0,0.0,0.0,50.9,173.4,131.6,52.2,576.1,29.3,17.3,0.0,1030.8,0.0,50.9,933.3,46.5,1186,,BEED,
Maharashtra,Beed,IMD110-P1185,1950,0.0,0.0,0.0,0.6,6.3,95.8,80.3,132.3,333.5,40.9,0.0,0.0,689.7,0.0,7.0,641.9,40.9,1186,,BEED,
Maharashtra,Beed,IMD110-P1185,1951,0.8,0.0,0.0,12.2,4.4,181.0,289.7,52.6,74.4,84.4,6.9,0.0,706.5,0.8,16.6,597.7,91.4,1186,,BEED,
Maharashtra,Beed,IMD110-P1185,1952,1.1,14.8,0.2,0.0,15.6,88.4,90.5,54.8,148.0,56.7,0.0,4.6,474.8,15.9,15.8,381.8,61.3,1186,,BEED,
Maharashtra,Beed,IMD110-P1185,1953,0.0,0.0,1.3,15.5,0.0,107.1,161.0,48.1,244.1,80.6,0.0,0.0,657.6,0.0,16.8,560.3,80.6,1186,,BEED,
Maharashtra,Beed,IMD110-P1185,1954,0.0,0.0,9.3,0.1,9.9,169.6,260.6,74.9,255.0,24.3,0.0,23.1,826.8,0.0,19.3,760.1,47.4,1186,,BEED,
Maharashtra,Beed,IMD110-P1185,1955,4.4,0.0,4.1,1.8,1.8,189.1,145.3,303.0,180.5,133.5,3.0,0.0,966.5,4.4,7.7,817.9,136.4,1186,,BEED,
Maharashtra,Beed,IMD110-P1185,1956,1.1,0.0,0.0,5.2,116.9,76.2,287.8,98.6,210.1,69.7,99.6,0.2,965.5,1.1,122.0,672.8,169.6,1186,,BEED,
Maharashtra,Beed,IMD110-P1185,1957,0.1,1.6,7.6,29.8,36.5,88.2,215.0,188.0,99.6,84.4,2.1,0.0,752.8,1.7,73.9,590.7,86.5,1186,,BEED,
Maharashtra,Beed,IMD110-P1185,1958,0.0,0.0,2.8,37.6,10.3,89.7,156.4,364.5,41.2,43.7,53.5,0.0,799.7,0.0,50.7,651.8,97.2,1186,,BEED,
Maharashtra,Beed,IMD110-P1185,1959,0.0,0.0,0.0,6.2,17.3,158.1,89.4,162.7,198.4,73.2,35.5,0.0,740.8,0.0,23.5,608.6,108.7,1186,,BEED,
Maharashtra,Beed,IMD110-P1185,1960,1.5,0.0,0.0,0.3,56.0,110.5,78.8,19.3,278.0,113.1,15.8,0.0,673.3,1.5,56.3,486.6,128.9,1186,,BEED,
Maharashtra,Beed,IMD110-P1185,1961,0.0,0.0,4.0,2.2,49.6,148.7,171.0,102.8,59.9,225.7,7.0,3.3,774.3,0.0,55.9,482.3,236.1,1186,,BEED,
Maharashtra,Beed,IMD110-P1185,1962,1.2,0.0,1.9,15.7,67.7,58.6,138.3,147.9,336.4,35.5,34.4,49.8,887.3,1.2,85.3,681.2,119.7,1186,,BEED,
Maharashtra,Beed,IMD110-P1185,1963,0.0,6.9,6.7,7.5,16.1,232.3,155.9,253.3,77.6,91.3,1.6,0.0,849.2,6.9,30.3,719.0,93.0,1186,,BEED,
Maharashtra,Beed,IMD110-P1185,1964,0.0,0.0,0.0,0.2,0.9,143.2,202.8,83.1,291.1,28.6,35.4,0.0,785.4,0.0,1.0,720.3,64.1,1186,,BEED,
Maharashtra,Beed,IMD110-P1185,1965,0.2,0.2,0.0,6.9,0.9,98.2,142.6,184.8,73.8,3.9,2.3,14.7,528.5,0.4,7.8,499.4,21.0,1186,,BEED,
Maharashtra,Beed,IMD110-P1185,1966,11.5,0.0,3.8,4.3,45.0,54.7,110.8,73.5,154.9,1.8,95.8,3.5,559.8,11.5,53.2,394.0,101.1,1186,,BEED,
Maharashtra,Beed,IMD110-P1185,1967,0.0,0.0,2.8,3.0,4.8,77.5,240.2,55.8,146.2,24.5,0.0,115.6,670.4,0.0,10.5,519.7,140.2,1186,,BEED,
Maharashtra,Beed,IMD110-P1185,1968,1.3,29.3,26.5,18.5,0.0,75.1,141.3,22.0,228.3,22.6,30.8,0.3,596.0,30.6,45.0,466.7,53.7,1186,,BEED,
Maharashtra,Beed,IMD110-P1185,1969,0.0,0.0,0.0,0.2,0.8,84.7,136.3,141.4,234.6,13.8,35.8,0.0,647.6,0.0,1.0,596.9,49.7,1186,,BEED,
Maharashtra,Beed,IMD110-P1185,1970,19.3,0.0,0.0,23.3,21.4,186.5,73.4,262.2,147.6,28.6,0.0,0.0,762.3,19.3,44.7,669.7,28.6,1186,,BEED,
Maharashtra,Beed,IMD110-P1185,1971,0.0,0.5,0.0,0.0,44.7,39.7,9.4,260.5,101.5,79.0,0.0,0.0,535.3,0.5,44.7,411.2,79.0,1186,,BEED,
Maharashtra,Beed,IMD110-P1185,1972,0.0,0.0,0.0,0.2,3.9,77.4,14.8,35.9,89.3,1.9,23.9,8.6,255.8,0.0,4.1,217.4,34.3,1186,,BEED,
Maharashtra,Beed,IMD110-P1185,1973,0.0,0.0,0.1,3.2,0.6,81.5,171.3,276.6,105.2,107.9,1.1,0.0,747.7,0.0,4.0,634.6,109.0,1186,,BEED,
Maharashtra,Beed,IMD110-P1185,1974,0.0,0.0,0.7,4.8,25.8,91.0,89.1,72.1,151.1,133.8,0.0,0.0,568.5,0.0,31.3,403.3,133.8,1186,,BEED,
Maharashtra,Beed,IMD110-P1185,1975,0.0,0.0,0.9,0.0,16.2,80.5,210.2,219.8,294.9,124.2,0.2,0.0,947.0,0.0,17.1,805.5,124.4,1186,,BEED,
Maharashtra,Beed,IMD110-P1185,1976,0.0,0.0,0.6,1.7,2.1,91.7,116.0,136.2,46.9,6.7,59.1,14.2,475.0,0.0,4.3,390.7,80.0,1186,,BEED,
Maharashtra,Beed,IMD110-P1185,1977,0.0,2.6,1.3,6.1,6.8,143.2,79.8,176.6,75.6,96.1,184.9,11.6,784.7,2.6,14.2,475.3,292.6,1186,,BEED,
Maharashtra,Beed,IMD110-P1185,1978,2.5,17.1,10.2,12.3,37.8,265.6,99.2,74.7,90.5,65.5,50.5,0.0,725.9,19.6,60.3,530.0,116.0,1186,,BEED,
Maharashtra,Beed,IMD110-P1185,1979,0.5,1.6,2.4,5.4,4.7,87.4,116.0,101.3,271.7,18.4,81.7,0.0,691.3,2.1,12.6,576.5,100.1,1186,,BEED,
Maharashtra,Beed,IMD110-P1185,1980,0.0,0.0,12.5,1.3,13.0,264.4,47.9,244.8,101.0,3.0,8.6,19.7,716.2,0.0,26.8,658.1,31.3,1186,,BEED,
Maharashtra,Beed,IMD110-P1185,1981,37.9,0.0,9.5,2.2,13.8,92.3,84.2,54.9,251.3,108.3,30.1,40.0,724.6,37.9,25.5,482.7,178.4,1186,,BEED,
Maharashtra,Beed,IMD110-P1185,1982,0.0,0.0,0.3,6.4,12.7,114.1,96.7,26.4,210.6,34.8,21.7,0.0,523.8,0.0,19.5,447.8,56.5,1186,,BEED,
Maharashtra,Beed,IMD110-P1185,1983,0.0,0.0,0.0,0.0,0.0,110.9,247.9,195.7,459.4,30.3,1.8,3.2,1049.3,0.0,0.0,1014.0,35.3,1187,,BEED,
Maharashtra,Beed,IMD110-P1185,1984,0.0,15.4,0.0,0.0,0.0,30.3,143.2,21.5,139.9,155.3,11.4,0.0,517.0,15.4,0.0,334.9,166.7,1187,,BEED,
Maharashtra,Beed,IMD110-P1185,1985,0.0,0.0,6.2,8.3,6.1,179.0,112.0,16.9,92.9,79.8,2.1,0.0,503.3,0.0,20.6,400.8,81.9,1187,,BEED,
Maharashtra,Beed,IMD110-P1185,1986,0.2,2.3,0.1,0.0,2.5,182.1,106.9,83.8,137.0,1.4,9.8,25.6,551.5,2.5,2.5,509.7,36.8,1187,,BEED,
Maharashtra,Beed,IMD110-P1185,1987,5.9,2.7,0.1,0.0,17.5,125.7,92.7,189.3,76.8,148.9,33.4,28.3,721.2,8.6,17.6,484.4,210.6,1187,,BEED,
Maharashtra,Beed,IMD110-P1185,1988,0.0,0.0,0.4,15.6,5.5,182.4,162.5,218.2,438.1,6.5,5.8,3.5,1038.7,0.0,21.5,1001.2,15.9,1187,,BEED,
Maharashtra,Beed,IMD110-P1185,1989,0.0,0.0,45.0,1.8,14.8,159.3,376.1,169.4,290.5,19.3,0.0,5.6,1081.8,0.0,61.6,995.3,25.0,1187,,BEED,
Maharashtra,Beed,IMD110-P1185,1990,1.3,0.0,0.0,0.0,154.5,175.1,60.5,299.0,107.9,203.3,5.8,4.8,1012.3,1.3,154.5,642.5,213.9,1187,,BEED,
Maharashtra,Beed,IMD110-P1185,1991,0.0,0.0,0.0,6.6,3.7,238.3,80.5,27.9,37.5,2.4,4.2,0.0,401.1,0.0,10.4,384.2,6.5,1187,,BEED,
Maharashtra,Beed,IMD110-P1185,1992,0.0,0.0,0.0,0.1,0.8,205.6,71.9,135.6,189.2,18.9,10.8,0.0,632.9,0.0,0.9,602.4,29.7,1187,,BEED,
Maharashtra,Beed,IMD110-P1185,1993,0.0,0.6,0.7,0.5,4.1,71.7,167.6,159.4,119.5,151.7,6.6,92.8,775.3,0.6,5.3,518.2,251.2,1187,,BEED,
Maharashtra,Beed,IMD110-P1185,1994,1.1,0.0,0.0,18.7,16.4,114.7,52.0,110.5,35.2,38.3,45.9,0.0,432.6,1.1,35.1,312.3,84.2,1187,,BEED,
Maharashtra,Beed,IMD110-P1185,1995,25.1,0.0,14.4,10.5,22.4,87.9,145.9,88.6,154.0,114.7,0.3,0.0,663.9,25.1,47.2,476.4,115.1,1187,,BEED,
Maharashtra,Beed,IMD110-P1185,1996,0.0,0.0,0.1,13.4,1.3,50.5,145.2,214.7,275.6,115.6,3.0,2.1,821.5,0.0,14.8,686.0,120.7,1187,,BEED,
Maharashtra,Beed,IMD110-P1185,1997,4.8,0.0,8.0,14.6,4.6,80.6,100.5,55.2,184.0,125.9,90.0,48.2,716.4,4.8,27.2,420.3,264.2,1187,,BEED,
Maharashtra,Beed,IMD110-P1185,1998,0.0,0.0,0.0,0.0,0.0,187.4,238.4,266.8,251.3,163.6,25.3,0.0,1132.7,0.0,0.0,943.8,188.9,1187,,BEED,
Maharashtra,Beed,IMD110-P1185,1999,0.0,0.0,0.0,0.0,0.0,122.0,122.0,76.9,255.3,105.3,0.0,0.0,681.5,0.0,0.0,576.2,105.3,1187,,BEED,
Maharashtra,Beed,IMD110-P1185,2000,0.0,0.0,0.0,0.0,8.0,214.3,139.3,139.1,43.2,32.5,1.4,0.0,577.8,0.0,8.0,536.0,33.9,1187,,BEED,
Maharashtra,Beed,IMD110-P1185,2001,2.5,0.0,0.0,7.5,0.0,143.4,17.7,239.7,76.3,187.8,0.0,0.0,674.9,2.5,7.5,477.1,187.8,1187,,BEED,
Maharashtra,Beed,IMD110-P1185,2002,4.9,2.6,1.1,3.9,0.0,242.2,27.8,176.1,104.4,51.3,2.8,0.0,617.2,7.5,5.0,550.6,54.1,1187,,BEED,
Maharashtra,Beed,IMD110-P1185,2003,5.5,0.0,1.1,0.0,56.5,91.3,155.4,153.6,116.5,54.8,9.0,0.0,643.7,5.5,57.6,516.8,63.8,1187,,BEED,
Maharashtra,Beed,IMD110-P1185,2004,0.0,0.0,0.0,0.0,51.4,113.7,180.3,46.6,158.1,74.0,47.6,0.0,671.7,0.0,51.4,498.7,121.6,1187,,BEED,
Maharashtra,Beed,IMD110-P1185,2005,2.8,0.0,1.0,0.0,0.0,57.3,344.9,98.3,233.6,102.3,0.0,0.0,840.2,2.8,1.0,734.1,102.3,1187,,BEED,
Maharashtra,Beed,IMD110-P1185,2006,0.0,0.0,29.0,0.0,44.3,100.8,48.1,221.5,230.6,48.8,6.1,0.0,729.1,0.0,73.3,600.9,54.9,1187,,BEED,
Maharashtra,Beed,IMD110-P1185,2007,0.0,0.0,0.0,0.0,13.6,174.3,80.7,116.5,319.9,0.0,8.6,0.0,713.6,0.0,13.6,691.4,8.6,1187,,BEED,
Maharashtra,Beed,IMD110-P1185,2008,0.0,0.0,18.3,4.2,0.0,64.3,82.3,169.2,282.0,28.3,0.0,0.0,648.6,0.0,22.4,597.9,28.3,1187,,BEED,
Maharashtra,Beed,IMD110-P1185,2009,0.0,0.0,0.0,0.0,0.0,67.8,131.2,169.3,211.2,80.0,76.6,26.6,762.7,0.0,0.0,579.5,183.3,1187,,BEED,
Maharashtra,Beed,IMD110-P1185,2010,0.0,0.0,0.0,0.0,7.2,145.1,276.1,258.5,150.9,86.5,32.3,0.0,956.6,0.0,7.2,830.6,118.8,1187,,BEED,
Maharashtra,Bhandara,IMD110-P1188,1901,14.0,84.6,43.5,17.4,9.7,84.8,325.9,837.3,128.3,0.0,0.0,0.0,1545.4,98.6,70.6,1376.3,0.0,1188,,BHANDARA,
Maharashtra,Bhandara,IMD110-P1188,1902,2.2,0.0,0.0,5.3,2.8,32.3,241.8,275.8,127.3,8.0,2.5,10.7,708.7,2.2,8.1,677.1,21.3,1188,,BHANDARA,
Maharashtra,Bhandara,IMD110-P1188,1903,3.5,8.4,0.0,5.3,36.8,165.9,550.3,494.7,242.5,119.0,0.0,0.0,1626.3,11.8,42.0,1453.3,119.0,1188,,BHANDARA,
Maharashtra,Bhandara,IMD110-P1188,1904,1.3,3.0,30.6,0.0,9.4,301.0,214.7,253.1,183.1,37.3,0.0,0.0,1033.6,4.3,40.0,951.9,37.3,1188,,BHANDARA,
Maharashtra,Bhandara,IMD110-P1188,1905,24.7,29.5,11.2,30.9,10.4,39.3,409.1,386.9,462.0,9.3,0.0,0.0,1413.1,54.1,52.5,1297.3,9.3,1188,,BHANDARA,
Maharashtra,Bhandara,IMD110-P1188,1906,9.0,17.3,17.9,0.0,9.4,376.6,326.9,381.1,159.0,5.3,12.6,12.8,1327.9,26.3,27.3,1243.6,30.7,1188,,BHANDARA,
Maharashtra,Bhandara,IMD110-P1188,1907,7.5,52.8,2.6,29.3,2.6,197.0,303.9,463.8,54.7,0.0,23.1,2.2,1139.4,60.3,34.5,1019.3,25.3,1188,,BHANDARA,
Maharashtra,Bhandara,IMD110-P1188,1908,8.6,30.0,3.3,0.2,0.3,429.9,550.2,580.1,237.7,1.3,0.0,9.0,1850.5,38.5,3.8,1797.9,10.3,1188,,BHANDARA,
Maharashtra,Bhandara,IMD110-P1188,1909,0.0,18.5,3.8,80.6,6.8,166.2,551.7,281.3,111.9,12.9,0.0,129.9,1363.6,18.5,91.3,1111.0,142.8,1188,,BHANDARA,
Maharashtra,Bhandara,IMD110-P1188,1910,0.0,0.0,0.0,0.0,4.4,266.1,461.5,430.2,308.1,42.1,66.5,0.0,1578.9,0.0,4.4,1465.9,108.6,1188,,BHANDARA,
Maharashtra,Bhandara,IMD110-P1188,1911,15.0,0.0,2.4,0.0,0.4,353.3,324.7,553.7,218.8,53.6,33.3,0.0,1555.4,15.0,2.9,1450.5,86.9,1188,,BHANDARA,
Maharashtra,Bhandara,IMD110-P1188,1912,4.8,92.8,0.0,3.0,10.4,42.3,462.0,602.7,177.3,3.0,6.6,0.0,1404.8,97.6,13.3,1284.2,9.7,1188,,BHANDARA,
Maharashtra,Bhandara,IMD110-P1188,1913,0.0,50.3,25.7,0.0,3.9,257.3,378.0,400.3,139.0,11.3,0.3,31.9,1297.8,50.3,29.6,1174.6,43.5,1188,,BHANDARA,
Maharashtra,Bhandara,IMD110-P1188,1914,0.0,14.3,28.6,71.7,15.8,160.6,624.4,446.5,182.1,2.0,0.0,4.9,1550.9,14.3,116.1,1413.5,7.0,1188,,BHANDARA,
Maharashtra,Bhandara,IMD110-P1188,1915,16.6,12.8,21.5,24.2,20.7,248.1,532.3,448.0,211.4,193.1,1.5,1.8,1732.1,29.4,66.4,1439.8,196.5,1188,,BHANDARA,
Maharashtra,Bhandara,IMD110-P1188,1916,0.0,41.8,0.0,0.9,19.9,240.2,375.4,333.3,255.4,201.3,27.3,0.0,1495.5,41.8,20.9,1204.3,228.6,1188,,BHANDARA,
Maharashtra,Bhandara,IMD110-P1188,1917,0.0,99.4,11.7,15.7,53.2,318.0,424.8,319.3,318.5,81.5,0.0,0.0,1642.1,99.4,80.5,1380.6,81.5,1188,,BHANDARA,
Maharashtra,Bhandara,IMD110-P1188,1918,4.7,11.8,0.3,0.0,74.4,671.5,170.4,359.5,96.7,0.0,27.6,21.8,1438.8,16.5,74.7,1298.2,49.4,1188,,BHANDARA,
Maharashtra,Bhandara,IMD110-P1188,1919,86.3,111.7,23.0,0.0,18.7,455.3,506.5,661.9,152.3,153.2,0.3,0.0,2169.3,198.1,41.7,1776.0,153.5,1188,,BHANDARA,
Maharashtra,Bhandara,IMD110-P1188,1920,3.2,0.0,9.7,8.1,8.4,80.7,361.0,163.8,180.4,0.0,0.0,0.0,815.2,3.2,26.1,785.9,0.0,1188,,BHANDARA,
Maharashtra,Bhandara,IMD110-P1188,1921,22.5,0.0,0.0,0.1,0.0,367.9,235.1,513.5,235.1,0.1,0.0,0.0,1374.3,22.5,0.1,1351.7,0.1,1188,,BHANDARA,
Maharashtra,Bhandara,IMD110-P1188,1922,46.5,0.0,0.0,13.0,0.0,171.1,537.9,176.9,346.7,1.6,74.0,1.9,1369.6,46.5,13.0,1232.5,77.5,1188,,BHANDARA,
Maharashtra,Bhandara,IMD110-P1188,1923,0.0,31.3,34.2,3.4,0.1,25.5,535.6,415.2,313.5,19.5,0.0,0.0,1378.3,31.3,37.8,1289.8,19.5,1188,,BHANDARA,
Maharashtra,Bhandara,IMD110-P1188,1924,12.6,0.0,8.3,4.5,2.4,22.8,414.3,333.8,300.8,88.1,37.5,0.0,1225.1,12.6,15.1,1071.7,125.7,1188,,BHANDARA,
Maharashtra,Bhandara,IMD110-P1188,1925,0.0,0.0,0.9,0.0,22.9,155.9,457.5,379.2,104.0,11.2,54.3,0.0,1185.8,0.0,23.8,1096.6,65.4,1188,,BHANDARA,
Maharashtra,Bhandara,IMD110-P1188,1926,31.4,4.3,80.1,30.4,73.1,39.5,395.8,582.3,181.4,44.4,0.1,0.4,1463.2,35.8,183.5,1199.0,44.8,1188,,BHANDARA,
Maharashtra,Bhandara,IMD110-P1188,1927,0.5,27.9,24.4,0.9,0.7,361.3,483.9,473.3,53.0,63.2,48.5,0.5,1538.1,28.4,26.0,1371.6,112.2,1188,,BHANDARA,
Maharashtra,Bhandara,IMD110-P1188,1928,0.2,31.9,8.0,0.0,9.7,263.5,475.5,174.3,164.3,61.5,0.0,1.2,1190.2,32.2,17.7,1077.7,62.8,1188,,BHANDARA,
Maharashtra,Bhandara,IMD110-P1188,1929,6.7,37.6,0.0,0.5,0.1,118.8,393.8,328.9,226.7,21.5,0.0,71.4,1205.8,44.4,0.5,1068.0,92.8,1188,,BHANDARA,
Maharashtra,Bhandara,IMD110-P1188,1930,0.0,3.7,0.1,44.7,2.5,165.2,362.2,271.3,120.5,26.7,25.9,4.2,1026.8,3.7,47.3,919.2,56.7,1188,,BHANDARA,
Maharashtra,Bhandara,IMD110-P1188,1931,8.2,9.3,12.1,3.8,2.7,90.0,449.7,581.9,271.3,187.1,24.5,0.0,1640.5,17.5,18.5,1392.9,211.6,1188,,BHANDARA,
Maharashtra,Bhandara,IMD110-P1188,1932,0.0,18.5,6.1,4.9,20.0,226.8,777.4,168.8,234.9,2.1,2.2,0.0,1461.8,18.5,31.1,1408.0,4.3,1188,,BHANDARA,
Maharashtra,Bhandara,IMD110-P1188,1933,1.0,71.6,18.3,47.7,52.7,181.6,639.3,580.0,282.6,80.7,14.3,11.5,1981.3,72.6,118.7,1683.5,106.5,1188,,BHANDARA,
Maharashtra,Bhandara,IMD110-P1188,1934,0.1,0.0,0.4,7.2,0.0,178.1,381.1,306.4,484.3,24.5,25.7,0.4,1408.1,0.1,7.6,1349.8,50.5,1188,,BHANDARA,
Maharashtra,Bhandara,IMD110-P1188,1935,9.3,19.0,1.0,16.6,0.3,123.0,704.7,281.9,245.5,0.4,0.0,2.7,1404.3,28.2,17.9,1355.1,3.1,1188,,BHANDARA,
Maharashtra,Bhandara,IMD110-P1188,1936,12.2,55.9,5.3,7.5,23.4,326.2,493.7,415.7,199.4,82.5,12.8,19.0,1653.6,68.1,36.2,1435.0,114.3,1188,,BHANDARA,
Maharashtra,Bhandara,IMD110-P1188,1937,0.0,48.3,62.7,147.5,1.4,218.0,719.4,513.5,339.7,79.3,0.0,3.2,2132.8,48.3,211.5,1790.5,82.5,1188,,BHANDARA,
Maharashtra,Bhandara,IMD110-P1188,1938,3.6,19.8,19.0,3.3,19.7,468.1,523.5,507.6,196.9,131.7,0.0,0.0,1893.2,23.5,41.9,1696.1,131.7,1188,,BHANDARA,
Maharashtra,Bhandara,IMD110-P1188,1939,1.2,8.4,28.3,16.8,0.0,155.5,402.8,453.7,102.5,13.1,0.0,0.0,1182.5,9.6,45.1,1114.7,13.1,1188,,BHANDARA,
Maharashtra,Bhandara,IMD110-P1188,1940,0.0,21.0,2.7,4.2,6.5,275.8,811.5,420.6,31.3,27.9,7.4,6.2,1615.0,21.0,13.3,1539.2,41.5,1188,,BHANDARA,
Maharashtra,Bhandara,IMD110-P1188,1941,12.0,22.2,19.3,2.3,6.2,209.8,394.0,265.6,84.5,11.7,0.0,0.0,1027.6,34.2,27.8,954.0,11.7,1189,,BHANDARA,
Maharashtra,Bhandara,IMD110-P1188,1942,13.3,97.9,0.0,7.6,0.4,193.8,811.0,525.3,326.6,0.1,0.0,17.0,1993.0,111.2,8.1,1856.7,17.0,1189,,BHANDARA,
Maharashtra,Bhandara,IMD110-P1188,1943,114.3,0.1,0.0,8.6,15.8,155.0,419.0,239.7,243.4,57.1,0.0,0.0,1252.9,114.4,24.4,1057.1,57.1,1189,,BHANDARA,
Maharashtra,Bhandara,IMD110-P1188,1944,4.7,105.5,96.0,1.7,0.7,114.8,677.9,385.4,195.5,89.9,8.9,0.0,1681.0,110.3,98.3,1373.5,98.8,1189,,BHANDARA,
Maharashtra,Bhandara,IMD110-P1188,1945,15.5,0.0,0.0,49.3,8.0,163.0,549.9,372.9,331.0,17.0,0.0,1.1,1507.7,15.5,57.3,1416.9,18.0,1189,,BHANDARA,
Maharashtra,Bhandara,IMD110-P1188,1946,0.0,25.7,3.0,19.2,8.6,328.2,347.0,357.9,126.6,19.0,77.9,8.7,1321.7,25.7,30.7,1159.6,105.6,1189,,BHANDARA,
Maharashtra,Bhandara,IMD110-P1188,1947,70.7,64.2,10.3,6.5,6.7,132.5,562.9,646.0,148.1,14.4,0.7,0.0,1663.0,134.9,23.4,1489.5,15.1,1189,,BHANDARA,
Maharashtra,Bhandara,IMD110-P1188,1948,80.3,19.7,7.8,1.3,1.8,142.2,387.6,364.6,223.2,21.6,64.0,0.0,1314.1,100.0,10.9,1117.6,85.6,1189,,BHANDARA,
Maharashtra,Bhandara,IMD110-P1188,1949,0.0,1.8,1.8,3.5,7.7,196.1,376.4,331.6,324.5,159.8,0.0,0.0,1403.3,1.8,13.1,1228.6,159.8,1189,,BHANDARA,
Maharashtra,Bhandara,IMD110-P1188,1950,0.0,21.0,51.4,0.4,2.3,93.0,435.8,178.5,105.0,26.4,0.0,0.0,913.8,21.0,54.1,812.3,26.4,1189,,BHANDARA,
Maharashtra,Bhandara,IMD110-P1188,1951,5.3,4.2,82.1,34.0,12.3,142.1,293.6,454.2,142.1,86.4,0.0,0.0,1256.1,9.4,128.4,1031.9,86.4,1189,,BHANDARA,
Maharashtra,Bhandara,IMD110-P1188,1952,0.0,8.3,15.9,8.9,0.3,71.7,272.1,508.2,167.0,15.2,0.0,0.0,1067.7,8.3,25.1,1019.0,15.2,1189,,BHANDARA,
Maharashtra,Bhandara,IMD110-P1188,1953,9.1,5.7,0.0,21.9,0.0,64.2,273.5,486.8,186.5,49.3,0.0,0.0,1097.0,14.8,21.9,1011.0,49.3,1189,,BHANDARA,
Maharashtra,Bhandara,IMD110-P1188,1954,0.0,0.0,4.4,7.7,0.0,82.4,339.9,401.0,352.3,2.6,0.0,0.1,1190.3,0.0,12.2,1175.5,2.7,1189,,BHANDARA,
Maharashtra,Bhandara,IMD110-P1188,1955,13.1,0.0,0.6,5.6,0.4,260.0,268.4,391.8,228.8,276.8,0.0,0.0,1445.5,13.1,6.5,1149.0,276.8,1189,,BHANDARA,
Maharashtra,Bhandara,IMD110-P1188,1956,0.0,0.6,0.7,0.1,32.8,181.1,389.1,247.2,308.3,44.5,,,,0.6,33.6,1125.6,,1189,missing_months,BHANDARA,
Maharashtra,Bhandara,IMD110-P1188,1957,38.6,1.3,57.0,36.0,6.8,79.8,451.2,390.6,98.7,9.9,0.0,0.0,1169.8,39.8,99.8,1020.3,9.9,1189,,BHANDARA,
Maharashtra,Bhandara,IMD110-P1188,1958,3.3,1.6,60.7,4.8,8.6,75.2,376.9,358.3,311.9,112.1,55.0,0.0,1368.2,4.9,74.0,1122.2,167.1,1189,,BHANDARA,
Maharashtra,Bhandara,IMD110-P1188,1959,26.9,1.3,0.7,13.8,1.8,100.0,619.5,465.5,435.0,80.5,0.0,0.0,1744.9,28.2,16.3,1619.9,80.5,1189,,BHANDARA,
Maharashtra,Bhandara,IMD110-P1188,1960,69.3,0.0,45.5,21.5,0.0,157.4,455.1,413.1,120.9,68.5,0.0,0.0,1351.2,69.3,67.0,1146.5,68.5,1189,,BHANDARA,
Maharashtra,Bhandara,IMD110-P1188,1961,9.5,5.0,9.1,5.0,11.7,171.6,535.1,539.2,661.7,43.6,0.0,12.4,2004.1,14.5,25.8,1907.7,56.0,1189,,BHANDARA,
Maharashtra,Bhandara,IMD110-P1188,1962,0.5,8.1,20.1,23.1,19.0,54.1,404.1,377.1,252.3,4.9,2.2,111.0,1276.5,8.6,62.2,1087.6,118.1,1189,,BHANDARA,
Maharashtra,Bhandara,IMD110-P1188,1963,0.6,14.6,1.7,17.6,15.4,166.4,439.3,485.0,196.6,52.4,0.0,0.0,1389.6,15.2,34.7,1287.3,52.4,1189,,BHANDARA,
Maharashtra,Bhandara,IMD110-P1188,1966,11.4,0.0,3.2,5.6,41.6,142.5,512.6,257.5,125.2,1.9,38.9,42.3,1182.7,11.4,50.3,1037.8,83.2,1189,,BHANDARA,
Maharashtra,Bhandara,IMD110-P1188,1967,0.2,0.0,74.7,22.4,4.8,187.1,491.9,335.9,159.6,3.5,0.0,136.2,1416.2,0.2,101.9,1174.5,139.7,1189,,BHANDARA,
Maharashtra,Bhandara,IMD110-P1188,1968,28.5,28.9,22.5,14.6,0.0,109.7,429.7,297.9,262.9,22.1,0.0,9.7,1226.4,57.4,37.0,1100.2,31.8,1189,,BHANDARA,
Maharashtra,Bhandara,IMD110-P1188,1969,0.0,0.6,2.5,12.5,29.4,77.0,593.7,260.5,300.9,1.4,0.4,0.0,1278.9,0.6,44.4,1232.1,1.8,1189,,BHANDARA,
Maharashtra,Bhandara,IMD110-P1188,1970,17.1,1.2,57.5,7.6,17.7,290.9,365.3,458.5,240.0,2.9,0.0,0.0,1458.6,18.3,82.8,1354.6,2.9,1189,,BHANDARA,
Maharashtra,Bhandara,IMD110-P1188,1971,13.8,17.6,31.3,14.0,20.4,280.0,221.7,409.9,187.3,92.8,0.0,0.0,1288.8,31.4,65.7,1099.0,92.8,1189,,BHANDARA,
Maharashtra,Bhandara,IMD110-P1188,1972,0.0,2.4,0.0,4.2,0.0,64.2,211.9,472.2,61.8,32.7,41.0,0.0,890.3,2.4,4.2,810.1,73.6,1189,,BHANDARA,
Maharashtra,Bhandara,IMD110-P1188,1973,0.0,0.0,0.0,0.0,0.0,31.9,488.1,299.9,235.0,169.5,0.0,0.0,1224.4,0.0,0.0,1054.9,169.5,1189,,BHANDARA,
Maharashtra,Bhandara,IMD110-P1188,1974,0.0,1.3,2.3,0.0,8.7,91.0,243.0,392.9,25.8,216.0,22.4,0.5,1003.9,1.3,11.0,752.8,238.9,1189,,BHANDARA,
Maharashtra,Bhandara,IMD110-P1188,1975,2.9,54.4,24.0,0.0,0.0,382.3,489.2,472.9,267.5,150.9,0.0,0.0,1844.2,57.3,24.0,1611.9,150.9,1189,,BHANDARA,
Maharashtra,Bhandara,IMD110-P1188,1976,2.1,0.0,1.3,0.1,2.7,95.1,511.7,300.2,179.0,0.0,3.1,0.0,1095.1,2.1,4.0,1085.9,3.1,1189,,BHANDARA,
Maharashtra,Bhandara,IMD110-P1188,1977,0.0,2.0,0.2,21.7,10.1,225.8,477.3,359.4,229.1,19.7,68.7,2.1,1416.1,2.0,32.0,1291.6,90.5,1189,,BHANDARA,
Maharashtra,Bhandara,IMD110-P1188,1978,13.8,25.4,23.3,3.3,0.0,205.7,453.3,648.7,48.7,1.0,4.5,98.5,1526.3,39.3,26.6,1356.5,104.0,1189,,BHANDARA,
Maharashtra,Bhandara,IMD110-P1188,1979,33.1,82.9,0.0,0.0,10.9,223.7,242.5,385.9,108.9,4.4,22.2,4.1,1118.5,116.0,10.9,960.9,30.6,1189,,BHANDARA,
Maharashtra,Bhandara,IMD110-P1188,1980,12.9,2.5,5.8,0.0,0.0,266.7,330.4,368.6,193.7,3.1,0.0,36.4,1220.2,15.4,5.8,1159.5,39.5,1189,,BHANDARA,
Maharashtra,Bhandara,IMD110-P1188,1981,21.4,0.0,45.3,1.8,13.6,233.1,383.1,408.7,299.1,17.2,0.0,1.6,1424.8,21.4,60.7,1324.0,18.8,1189,,BHANDARA,
Maharashtra,Bhandara,IMD110-P1188,1982,36.3,8.6,1.5,2.6,5.6,123.6,245.8,463.6,166.1,40.4,31.8,0.6,1126.5,44.9,9.7,999.1,72.9,1189,,BHANDARA,
Maharashtra,Bhandara,IMD110-P1188,1983,0.0,11.5,0.0,0.5,6.9,84.6,344.6,581.5,337.8,24.5,0.0,20.1,1412.0,11.5,7.3,1348.5,44.7,1189,,BHANDARA,
Maharashtra,Bhandara,IMD110-P1188,1984,60.2,51.2,0.0,7.8,2.4,58.6,311.1,379.6,50.5,35.2,0.0,0.0,956.7,111.4,10.3,799.9,35.2,1190,,BHANDARA,
Maharashtra,Bhandara,IMD110-P1188,1985,71.7,6.2,0.0,1.2,2.9,144.1,385.2,240.9,125.9,83.1,0.0,0.0,1061.0,77.9,4.1,896.0,83.1,1190,,BHANDARA,
Maharashtra,Bhandara,IMD110-P1188,1986,9.4,68.2,16.1,1.1,8.7,473.5,397.2,420.5,132.6,24.8,19.6,35.1,1606.6,77.6,25.8,1423.7,79.5,1190,,BHANDARA,
Maharashtra,Bhandara,IMD110-P1188,1987,47.8,10.1,13.1,0.6,15.7,72.8,276.9,269.8,81.4,60.7,115.9,3.3,968.2,58.0,29.4,701.0,179.8,1190,,BHANDARA,
Maharashtra,Bhandara,IMD110-P1188,1988,0.0,5.5,5.2,14.4,1.6,241.4,491.1,303.8,200.6,53.4,2.1,0.0,1319.2,5.5,21.2,1237.0,55.6,1190,,BHANDARA,
Maharashtra,Bhandara,IMD110-P1188,1989,0.0,0.0,27.3,0.0,1.4,231.2,193.6,424.6,127.1,1.2,0.0,57.7,1064.1,0.0,28.7,976.5,59.0,1190,,BHANDARA,
Maharashtra,Bhandara,IMD110-P1188,1990,0.4,16.6,9.8,7.1,74.3,295.8,265.0,278.9,235.4,101.2,0.0,17.1,1301.4,17.0,91.1,1075.1,118.3,1190,,BHANDARA,
Maharashtra,Bhandara,IMD110-P1188,1991,25.3,1.8,14.8,8.7,8.6,110.5,464.7,350.0,45.2,8.7,2.4,1.2,1041.9,27.1,32.2,970.4,12.3,1190,,BHANDARA,
Maharashtra,Bhandara,IMD110-P1188,1992,0.0,3.5,2.8,11.3,14.1,93.0,354.8,586.3,107.8,11.5,9.4,0.0,1194.6,3.5,28.3,1141.9,20.9,1190,,BHANDARA,
Maharashtra,Bhandara,IMD110-P1188,1993,0.0,6.3,8.6,0.3,10.6,140.0,402.6,371.5,209.5,76.9,1.8,0.0,1228.2,6.3,19.5,1123.7,78.7,1190,,BHANDARA,
Maharashtra,Bhandara,IMD110-P1188,1994,23.8,34.7,0.0,11.4,0.9,270.9,714.7,483.9,306.4,119.2,2.2,0.0,1968.0,58.5,12.2,1775.8,121.4,1190,,BHANDARA,
Maharashtra,Bhandara,IMD110-P1188,1995,61.6,14.1,53.1,13.0,5.9,103.5,404.4,245.5,147.9,59.4,0.0,0.0,1108.6,75.7,72.1,901.3,59.4,1190,,BHANDARA,
Maharashtra,Bhandara,IMD110-P1188,1996,5.2,24.8,10.9,8.8,0.9,62.4,264.9,229.3,95.0,68.9,0.0,0.0,771.1,30.0,20.6,651.6,68.9,1190,,BHANDARA,
Maharashtra,Bhandara,IMD110-P1188,1997,28.7,0.0,0.7,18.4,7.8,110.7,315.3,346.5,119.8,94.6,54.6,91.5,1188.7,28.7,26.9,892.3,240.7,1190,,BHANDARA,
Maharashtra,Bhandara,IMD110-P1188,1998,19.3,27.1,18.4,21.3,20.6,132.2,301.2,313.7,275.2,68.4,85.4,0.0,1282.7,46.4,60.3,1022.2,153.8,1190,,BHANDARA,
Maharashtra,Bhandara,IMD110-P1188,1999,0.0,36.4,0.0,0.0,30.2,251.0,191.5,322.6,262.4,104.7,0.0,0.0,1198.9,36.4,30.2,1027.5,104.7,1190,,BHANDARA,
Maharashtra,Bhandara,IMD110-P1188,2000,0.0,20.7,0.0,0.4,26.9,253.2,577.4,306.1,42.3,0.0,0.0,0.0,1227.0,20.7,27.3,1179.0,0.0,1190,,BHANDARA,
Maharashtra,Bhandara,IMD110-P1188,2001,0.3,0.2,33.7,29.7,22.9,398.3,188.6,613.9,34.5,121.0,14.5,0.0,1457.7,0.6,86.3,1235.4,135.4,1190,,BHANDARA,
Maharashtra,Bhandara,IMD110-P1188,2002,5.4,8.5,1.7,0.0,26.4,394.8,70.1,490.6,155.6,15.9,0.0,0.0,1169.0,13.9,28.2,1111.1,15.9,1190,,BHANDARA,
Maharashtra,Bhandara,IMD110-P1188,2003,0.0,15.2,6.0,5.7,0.0,133.4,563.3,344.6,285.5,21.2,0.0,0.6,1375.5,15.2,11.7,1326.8,21.9,1190,,BHANDARA,
Maharashtra,Bhandara,IMD110-P1188,2004,36.1,2.0,0.4,12.9,1.8,110.4,277.9,237.6,90.4,3.9,0.5,0.0,773.9,38.0,15.1,716.3,4.4,1190,,BHANDARA,
Maharashtra,Bhandara,IMD110-P1188,2005,139.7,20.1,7.6,2.2,0.0,215.2,434.8,332.9,395.2,82.9,0.0,0.0,1630.6,159.8,9.8,1378.2,82.9,1190,,BHANDARA,
Maharashtra,Bhandara,IMD110-P1188,2006,0.0,0.0,57.3,7.9,28.6,88.4,390.8,354.7,133.1,4.5,0.3,0.0,1065.6,0.0,93.8,967.0,4.8,1190,,BHANDARA,
Maharashtra,Bhandara,IMD110-P1188,2007,0.0,7.8,1.6,1.2,0.6,283.9,390.2,385.8,216.8,18.2,5.8,0.0,1311.8,7.8,3.4,1276.6,24.0,1190,,BHANDARA,
Maharashtra,Bhandara,IMD110-P1188,2008,0.0,2.6,37.2,1.9,7.6,202.5,336.0,248.1,113.6,6.6,2.7,0.0,958.8,2.6,46.8,900.2,9.2,1190,,BHANDARA,
Maharashtra,Bhandara,IMD110-P1188,2009,0.0,0.0,0.2,11.1,3.8,68.4,457.0,231.4,96.4,24.9,84.4,1.0,978.7,0.0,15.1,853.3,110.4,1190,,BHANDARA,
Maharashtra,Bhandara,IMD110-P1188,2010,0.0,3.8,14.7,0.0,0.0,190.8,579.7,332.9,320.1,68.8,48.0,0.0,1558.8,3.8,14.7,1423.5,116.8,1190,,BHANDARA,
Maharashtra,Bombay Suburban,IMD110-P1191,1901,10.7,0.0,0.0,3.8,24.7,636.2,884.4,558.4,63.2,6.9,0.0,0.0,2188.3,10.7,28.5,2142.2,6.9,1191,,BOMBAY SUBURBAN,
Maharashtra,Bombay Suburban,IMD110-P1191,1902,0.0,0.0,0.0,0.0,0.5,256.0,395.3,573.7,697.2,29.0,0.0,19.7,1971.4,0.0,0.5,1922.2,48.7,1191,,BOMBAY SUBURBAN,
Maharashtra,Bombay Suburban,IMD110-P1191,1903,0.0,0.0,0.0,0.0,241.9,349.1,1000.5,626.0,250.7,164.1,0.0,0.0,2632.3,0.0,241.9,2226.3,164.1,1191,,BOMBAY SUBURBAN,
Maharashtra,Bombay Suburban,IMD110-P1191,1904,0.0,0.0,16.5,0.0,0.0,779.6,424.4,194.2,85.3,46.7,0.0,0.0,1546.7,0.0,16.5,1483.5,46.7,1191,,BOMBAY SUBURBAN,
Maharashtra,Bombay Suburban,IMD110-P1191,1905,1.0,2.0,0.0,0.0,0.0,121.6,602.1,181.5,169.9,8.3,25.4,0.0,1111.8,3.0,0.0,1075.1,33.7,1191,,BOMBAY SUBURBAN,
Maharashtra,Bombay Suburban,IMD110-P1191,1906,0.0,2.8,0.0,0.0,0.0,305.1,881.4,533.1,112.1,0.0,0.0,0.0,1834.5,2.8,0.0,1831.7,0.0,1191,,BOMBAY SUBURBAN,
Maharashtra,Bombay Suburban,IMD110-P1191,1907,3.8,0.5,0.0,10.0,0.0,640.5,1321.3,461.6,40.9,3.8,0.0,0.0,2482.4,4.3,10.0,2464.3,3.8,1191,,BOMBAY SUBURBAN,
Maharashtra,Bombay Suburban,IMD110-P1191,1908,1.5,1.3,0.0,0.0,0.0,353.0,988.7,503.5,220.2,22.9,0.0,0.0,2091.1,2.8,0.0,2065.4,22.9,1191,,BOMBAY SUBURBAN,
Maharashtra,Bombay Suburban,IMD110-P1191,1909,0.0,0.0,0.0,0.8,0.0,706.6,1023.5,362.4,574.5,0.0,0.0,0.0,2667.8,0.0,0.8,2667.0,0.0,1191,,BOMBAY SUBURBAN,
Maharashtra,Bombay Suburban,IMD110-P1191,1910,0.0,0.0,0.0,0.0,4.6,396.3,337.9,873.2,214.9,65.1,6.1,0.0,1898.1,0.0,4.6,1822.3,71.2,1191,,BOMBAY SUBURBAN,
Maharashtra,Bombay Suburban,IMD110-P1191,1911,0.0,0.8,0.0,0.0,3.3,302.7,388.0,530.7,151.9,0.0,0.0,0.0,1377.4,0.8,3.3,1373.3,0.0,1191,,BOMBAY SUBURBAN,
Maharashtra,Bombay Suburban,IMD110-P1191,1912,0.0,0.0,0.0,0.0,1.8,339.8,731.1,372.3,118.4,33.3,92.7,0.0,1689.4,0.0,1.8,1561.6,126.0,1191,,BOMBAY SUBURBAN,
Maharashtra,Bombay Suburban,IMD110-P1191,1913,0.0,0.0,0.0,0.0,0.0,886.8,866.7,196.5,176.9,91.7,0.0,0.0,2218.6,0.0,0.0,2126.9,91.7,1191,,BOMBAY SUBURBAN,
Maharashtra,Bombay Suburban,IMD110-P1191,1914,0.0,4.1,0.0,0.0,0.0,620.8,971.9,541.0,681.3,5.1,6.6,0.0,2830.8,4.1,0.0,2815.0,11.7,1191,,BOMBAY SUBURBAN,
Maharashtra,Bombay Suburban,IMD110-P1191,1915,0.0,14.5,16.3,0.0,0.0,957.2,356.5,215.8,283.7,95.5,0.0,0.0,1939.5,14.5,16.3,1813.2,95.5,1191,,BOMBAY SUBURBAN,
Maharashtra,Bombay Suburban,IMD110-P1191,1917,0.0,14.7,0.0,0.0,6.6,779.2,631.5,1198.2,661.5,585.8,0.0,0.0,3877.5,14.7,6.6,3270.4,585.8,1191,,BOMBAY SUBURBAN,
Maharashtra,Bombay Suburban,IMD110-P1191,1918,0.0,0.0,0.0,0.0,211.4,316.2,251.4,337.4,78.0,0.0,0.0,0.0,1194.4,0.0,211.4,983.0,0.0,1191,,BOMBAY SUBURBAN,
Maharashtra,Bombay Suburban,IMD110-P1191,1919,1.3,0.0,0.0,0.0,0.0,506.1,886.7,476.0,246.5,37.7,0.0,,,1.3,0.0,2115.3,,1191,missing_months,BOMBAY SUBURBAN,
Maharashtra,Bombay Suburban,IMD110-P1191,1920,50.8,0.0,0.0,0.0,0.0,177.9,807.8,320.2,123.3,96.5,0.0,0.0,1576.5,50.8,0.0,1429.2,96.5,1191,,BOMBAY SUBURBAN,
Maharashtra,Bombay Suburban,IMD110-P1191,1921,0.0,0.0,0.0,0.0,0.0,450.3,1212.3,272.1,373.0,8.4,0.0,0.0,2316.1,0.0,0.0,2307.7,8.4,1191,,BOMBAY SUBURBAN,
Maharashtra,Bombay Suburban,IMD110-P1191,1922,0.0,0.0,0.0,3.8,0.0,617.9,886.5,169.1,286.6,16.3,12.7,0.0,1992.9,0.0,3.8,1960.1,29.0,1191,,BOMBAY SUBURBAN,
Maharashtra,Bombay Suburban,IMD110-P1191,1923,0.0,0.0,0.0,0.0,0.0,92.7,1080.0,248.9,456.1,0.0,0.0,0.0,1877.7,0.0,0.0,1877.7,0.0,1191,,BOMBAY SUBURBAN,
Maharashtra,Bombay Suburban,IMD110-P1191,1924,0.0,0.0,0.0,0.0,0.0,249.1,520.9,560.2,370.0,0.0,0.0,0.0,1700.2,0.0,0.0,1700.2,0.0,1191,,BOMBAY SUBURBAN,
Maharashtra,Bombay Suburban,IMD110-P1191,1925,0.0,0.0,1.0,0.0,88.5,654.7,296.8,286.9,108.8,5.8,14.0,0.0,1456.5,0.0,89.5,1347.2,19.8,1191,,BOMBAY SUBURBAN,
Maharashtra,Bombay Suburban,IMD110-P1191,1926,51.3,0.0,0.0,0.0,0.0,172.7,1203.9,691.2,413.7,9.7,0.0,0.0,2542.5,51.3,0.0,2481.5,9.7,1191,,BOMBAY SUBURBAN,
Maharashtra,Bombay Suburban,IMD110-P1191,1927,0.0,2.5,0.0,0.0,0.0,859.6,578.5,250.3,188.8,145.3,0.0,0.0,2025.0,2.5,0.0,1877.2,145.3,1191,,BOMBAY SUBURBAN,
Maharashtra,Bombay Suburban,IMD110-P1191,1928,0.0,3.3,0.0,0.0,5.1,431.6,677.1,683.8,204.2,14.7,2.0,0.0,2021.8,3.3,5.1,1996.7,16.7,1191,,BOMBAY SUBURBAN,
Maharashtra,Bombay Suburban,IMD110-P1191,1929,1.8,0.0,1.8,0.0,0.0,584.2,302.4,296.4,185.7,124.9,0.0,0.0,1497.2,1.8,1.8,1368.7,124.9,1191,,BOMBAY SUBURBAN,
Maharashtra,Bombay Suburban,IMD110-P1191,1930,0.0,0.0,0.0,0.0,0.0,725.6,332.2,253.6,721.9,20.6,0.0,0.0,2053.9,0.0,0.0,2033.3,20.6,1191,,BOMBAY SUBURBAN,
Maharashtra,Bombay Suburban,IMD110-P1191,1931,0.0,0.0,0.0,0.0,0.0,251.7,1077.6,529.4,156.9,477.3,59.7,6.6,2559.2,0.0,0.0,2015.6,543.6,1191,,BOMBAY SUBURBAN,
Maharashtra,Bombay Suburban,IMD110-P1191,1932,0.0,0.0,0.0,0.0,1.8,258.4,914.1,177.5,272.7,137.6,0.0,0.0,1762.1,0.0,1.8,1622.7,137.6,1191,,BOMBAY SUBURBAN,
Maharashtra,Bombay Suburban,IMD110-P1191,1933,0.0,0.0,0.0,0.0,54.6,298.9,386.6,507.9,351.3,50.3,0.0,10.5,1660.1,0.0,54.6,1544.7,60.8,1191,,BOMBAY SUBURBAN,
Maharashtra,Bombay Suburban,IMD110-P1191,1934,0.0,0.0,0.0,0.0,0.0,885.9,504.8,600.1,246.9,5.6,23.4,0.0,2266.7,0.0,0.0,2237.7,29.0,1191,,BOMBAY SUBURBAN,
Maharashtra,Bombay Suburban,IMD110-P1191,1935,0.0,0.0,0.0,0.0,0.0,762.5,526.5,298.4,219.7,44.0,0.0,0.0,1851.1,0.0,0.0,1807.1,44.0,1191,,BOMBAY SUBURBAN,
Maharashtra,Bombay Suburban,IMD110-P1191,1936,0.0,0.0,0.0,0.0,6.9,918.5,280.7,172.3,287.0,1.3,44.9,0.0,1711.6,0.0,6.9,1658.5,46.2,1191,,BOMBAY SUBURBAN,
Maharashtra,Bombay Suburban,IMD110-P1191,1937,0.0,3.8,0.0,0.0,0.0,597.7,982.5,115.7,230.6,38.8,0.0,0.0,1969.1,3.8,0.0,1926.5,38.8,1191,,BOMBAY SUBURBAN,
Maharashtra,Bombay Suburban,IMD110-P1191,1938,0.0,0.0,0.0,0.0,0.0,,590.4,426.4,119.0,590.7,45.7,0.0,,0.0,0.0,,636.4,1191,missing_months,BOMBAY SUBURBAN,
Maharashtra,Bombay Suburban,IMD110-P1191,1939,0.0,0.0,0.0,0.0,0.0,142.1,819.6,407.4,126.2,1.5,67.3,0.0,1564.1,0.0,0.0,1495.3,68.8,1191,,BOMBAY SUBURBAN,
Maharashtra,Bombay Suburban,IMD110-P1191,1940,12.0,9.4,2.8,0.0,0.0,597.8,728.9,539.4,483.7,169.1,39.1,0.0,2582.2,21.4,2.8,2349.8,208.2,1191,,BOMBAY SUBURBAN,
Maharashtra,Bombay Suburban,IMD110-P1191,1941,0.0,0.0,0.0,0.0,0.0,197.1,557.6,87.0,135.1,112.7,0.0,0.0,1089.5,0.0,0.0,976.8,112.7,1191,,BOMBAY SUBURBAN,
Maharashtra,Bombay Suburban,IMD110-P1191,1942,0.0,0.0,0.0,0.0,0.0,619.6,886.3,287.4,290.8,0.0,0.0,0.0,2084.1,0.0,0.0,2084.1,0.0,1192,,BOMBAY SUBURBAN,
Maharashtra,Bombay Suburban,IMD110-P1191,1943,0.0,0.0,0.0,0.0,117.1,677.0,706.6,74.9,233.5,107.1,0.0,0.0,1916.2,0.0,117.1,1692.0,107.1,1192,,BOMBAY SUBURBAN,
Maharashtra,Bombay Suburban,IMD110-P1191,1944,0.0,0.0,0.0,0.0,0.0,394.4,1053.2,455.7,58.8,85.1,0.0,0.0,2047.2,0.0,0.0,1962.1,85.1,1192,,BOMBAY SUBURBAN,
Maharashtra,Bombay Suburban,IMD110-P1191,1945,13.2,0.0,0.0,0.0,0.0,559.7,672.9,543.5,276.2,0.0,0.0,0.0,2065.5,13.2,0.0,2052.3,0.0,1192,,BOMBAY SUBURBAN,
Maharashtra,Bombay Suburban,IMD110-P1191,1946,0.0,0.0,0.0,0.0,32.5,435.1,656.1,494.7,380.7,58.5,160.1,3.8,2221.5,0.0,32.5,1966.6,222.4,1192,,BOMBAY SUBURBAN,
Maharashtra,Bombay Suburban,IMD110-P1191,1947,0.0,0.0,0.0,111.1,0.0,117.7,684.9,712.6,494.3,34.8,0.0,0.0,2155.4,0.0,111.1,2009.5,34.8,1192,,BOMBAY SUBURBAN,
Maharashtra,Bombay Suburban,IMD110-P1191,1948,0.0,0.0,0.0,0.0,0.0,245.9,864.0,441.9,293.3,2.5,184.6,0.0,2032.2,0.0,0.0,1845.1,187.1,1192,,BOMBAY SUBURBAN,
Maharashtra,Bombay Suburban,IMD110-P1191,1949,0.0,0.0,0.0,0.0,80.0,482.5,817.3,307.4,723.9,49.1,0.0,0.0,2460.2,0.0,80.0,2331.1,49.1,1192,,BOMBAY SUBURBAN,
Maharashtra,Bombay Suburban,IMD110-P1191,1950,0.0,0.0,0.0,0.0,0.0,72.1,862.6,143.4,734.1,17.3,0.0,0.0,1829.5,0.0,0.0,1812.2,17.3,1192,,BOMBAY SUBURBAN,
Maharashtra,Bombay Suburban,IMD110-P1191,1951,0.0,0.0,0.0,2.8,0.0,,,,,,,,,0.0,2.8,,,1192,missing_months,BOMBAY SUBURBAN,
Maharashtra,Bombay Suburban,IMD110-P1191,1954,0.0,11.2,0.0,0.0,0.0,502.0,1224.3,753.7,947.1,21.3,0.0,4.1,3463.7,11.2,0.0,3427.1,25.4,1192,,BOMBAY SUBURBAN,
Maharashtra,Bombay Suburban,IMD110-P1191,1955,0.0,0.0,0.0,0.0,0.0,506.9,585.6,958.4,381.4,196.4,0.0,0.0,2628.7,0.0,0.0,2432.3,196.4,1192,,BOMBAY SUBURBAN,
Maharashtra,Bombay Suburban,IMD110-P1191,1956,0.0,0.0,0.0,0.0,94.0,724.7,1132.9,718.9,720.0,80.2,1.3,0.0,3472.0,0.0,94.0,3296.5,81.5,1192,,BOMBAY SUBURBAN,
Maharashtra,Bombay Suburban,IMD110-P1191,1957,0.0,0.0,0.0,0.0,0.0,405.8,1076.4,1369.2,128.0,31.0,5.9,0.0,3016.3,0.0,0.0,2979.4,36.9,1192,,BOMBAY SUBURBAN,
Maharashtra,Bombay Suburban,IMD110-P1191,1958,0.0,0.0,0.0,0.0,7.6,1126.7,1271.8,1307.1,496.7,37.1,0.0,0.0,4247.0,0.0,7.6,4202.3,37.1,1192,,BOMBAY SUBURBAN,
Maharashtra,Bombay Suburban,IMD110-P1191,1959,0.0,0.0,0.0,0.0,0.0,518.8,1187.5,756.2,633.3,482.4,0.5,0.0,3578.7,0.0,0.0,3095.8,482.9,1192,,BOMBAY SUBURBAN,
Maharashtra,Bombay Suburban,IMD110-P1191,1960,0.0,0.0,0.0,0.0,0.0,889.8,697.8,358.4,110.0,229.6,0.0,0.0,2285.6,0.0,0.0,2056.1,229.6,1192,,BOMBAY SUBURBAN,
Maharashtra,Bombay Suburban,IMD110-P1191,1961,0.0,0.0,0.0,0.0,9.2,292.0,1395.5,545.4,253.4,107.5,0.0,0.0,2602.9,0.0,9.2,2486.3,107.5,1192,,BOMBAY SUBURBAN,
Maharashtra,Bombay Suburban,IMD110-P1191,1962,0.0,0.0,0.0,0.0,16.5,187.8,1065.8,636.0,516.1,0.0,0.0,0.0,2422.2,0.0,16.5,2405.8,0.0,1192,,BOMBAY SUBURBAN,
Maharashtra,Bombay Suburban,IMD110-P1191,1963,0.0,0.0,0.0,0.0,0.0,555.5,1171.3,1194.8,342.3,35.4,5.3,,,0.0,0.0,3263.8,,1192,missing_months,BOMBAY SUBURBAN,
Maharashtra,Bombay Suburban,IMD110-P1191,1964,0.0,0.0,0.0,0.0,4.1,740.9,604.4,680.6,382.9,22.6,8.5,0.0,2444.0,0.0,4.1,2408.8,31.1,1192,,BOMBAY SUBURBAN,
Maharashtra,Bombay Suburban,IMD110-P1191,1965,1.0,0.0,0.0,0.3,0.2,714.0,1389.9,545.8,69.3,0.0,2.7,0.0,2723.0,1.0,0.4,2718.9,2.7,1192,,BOMBAY SUBURBAN,
Maharashtra,Bombay Suburban,IMD110-P1191,1966,0.0,0.0,0.0,0.0,0.0,389.2,983.3,123.6,471.0,5.5,1.5,0.0,1974.1,0.0,0.0,1967.1,7.0,1192,,BOMBAY SUBURBAN,
Maharashtra,Bombay Suburban,IMD110-P1191,1968,0.0,0.0,0.0,0.0,0.0,29.0,79.7,21.3,152.1,7.1,0.0,0.0,289.2,0.0,0.0,282.1,7.1,1192,,BOMBAY SUBURBAN,
Maharashtra,Bombay Suburban,IMD110-P1191,1969,0.0,0.0,0.0,0.0,0.0,695.0,1247.5,364.0,1017.5,6.0,0.0,0.0,3330.0,0.0,0.0,3324.0,6.0,1192,,BOMBAY SUBURBAN,
Maharashtra,Bombay Suburban,IMD110-P1191,1970,0.0,0.0,0.0,0.0,0.0,1373.0,1140.0,1488.0,459.0,95.0,0.0,0.0,4555.0,0.0,0.0,4460.0,95.0,1192,,BOMBAY SUBURBAN,
Maharashtra,Bombay Suburban,IMD110-P1191,1971,0.0,0.0,0.0,0.0,398.0,1503.0,687.4,1488.0,592.0,7.0,0.0,0.0,4675.4,0.0,398.0,4270.4,7.0,1192,,BOMBAY SUBURBAN,
Maharashtra,Bombay Suburban,IMD110-P1191,1972,0.0,0.0,0.0,0.0,0.0,1272.7,588.0,219.0,72.0,0.0,0.0,0.0,2151.7,0.0,0.0,2151.7,0.0,1192,,BOMBAY SUBURBAN,
Maharashtra,Bombay Suburban,IMD110-P1191,1973,0.0,0.0,0.0,0.0,0.0,715.0,996.0,832.0,760.0,18.0,0.0,0.0,3321.0,0.0,0.0,3303.0,18.0,1192,,BOMBAY SUBURBAN,
Maharashtra,Bombay Suburban,IMD110-P1191,1974,0.0,0.0,0.0,0.0,77.0,278.0,1977.0,960.0,328.0,356.0,0.0,0.0,3976.0,0.0,77.0,3543.0,356.0,1192,,BOMBAY SUBURBAN,
Maharashtra,Bombay Suburban,IMD110-P1191,1975,0.0,0.0,0.0,0.0,0.0,1340.0,1561.0,1238.0,,252.0,0.0,0.0,,0.0,0.0,,252.0,1192,missing_months,BOMBAY SUBURBAN,
Maharashtra,Bombay Suburban,IMD110-P1191,1977,0.0,0.0,0.0,0.0,0.0,659.0,1736.0,663.0,361.0,75.0,0.0,0.0,3494.0,0.0,0.0,3419.0,75.0,1192,,BOMBAY SUBURBAN,
Maharashtra,Bombay Suburban,IMD110-P1191,1978,0.0,0.0,0.0,0.0,0.0,1306.0,544.6,444.4,107.0,15.0,57.0,0.0,2474.0,0.0,0.0,2402.0,72.0,1192,,BOMBAY SUBURBAN,
Maharashtra,Bombay Suburban,IMD110-P1191,1979,0.0,0.0,0.0,0.0,0.0,767.6,439.9,426.0,122.5,1.0,33.5,0.0,1790.5,0.0,0.0,1756.0,34.5,1192,,BOMBAY SUBURBAN,
Maharashtra,Bombay Suburban,IMD110-P1191,1980,0.0,0.0,0.0,0.0,0.0,559.8,475.0,631.6,102.8,3.5,0.0,0.0,1772.8,0.0,0.0,1769.3,3.5,1192,,BOMBAY SUBURBAN,
Maharashtra,Bombay Suburban,IMD110-P1191,1981,0.0,0.0,0.0,0.0,0.0,251.9,664.0,443.7,590.8,0.0,0.0,0.0,1950.5,0.0,0.0,1950.5,0.0,1192,,BOMBAY SUBURBAN,
Maharashtra,Bombay Suburban,IMD110-P1191,1982,0.0,0.0,0.0,0.0,0.0,376.9,909.3,521.3,48.7,0.0,0.0,0.0,1856.2,0.0,0.0,1856.2,0.0,1192,,BOMBAY SUBURBAN,
Maharashtra,Bombay Suburban,IMD110-P1191,1983,0.0,0.0,0.0,0.0,0.0,321.4,802.4,1012.6,403.9,34.5,0.0,0.0,2574.8,0.0,0.0,2540.3,34.5,1192,,BOMBAY SUBURBAN,
Maharashtra,Bombay Suburban,IMD110-P1191,1984,0.0,0.0,0.0,0.0,0.0,488.0,739.5,103.2,196.5,0.0,0.0,0.0,1527.2,0.0,0.0,1527.2,0.0,1192,,BOMBAY SUBURBAN,
Maharashtra,Bombay Suburban,IMD110-P1191,1985,0.0,0.0,0.0,0.0,0.0,816.3,502.7,245.0,122.0,96.0,0.0,0.0,1782.0,0.0,0.0,1686.0,96.0,1192,,BOMBAY SUBURBAN,
Maharashtra,Bombay Suburban,IMD110-P1191,1986,0.0,0.0,0.0,0.0,0.0,367.8,272.5,462.5,44.9,0.0,8.8,32.8,1189.3,0.0,0.0,1147.7,41.6,1192,,BOMBAY SUBURBAN,
Maharashtra,Bombay Suburban,IMD110-P1191,1987,0.0,0.0,0.0,0.0,0.0,258.4,414.8,723.2,44.3,41.6,0.0,0.3,1482.6,0.0,0.0,1440.7,41.9,1193,,BOMBAY SUBURBAN,
Maharashtra,Bombay Suburban,IMD110-P1191,1988,0.0,0.0,0.0,0.0,0.0,226.2,1024.0,244.9,518.2,168.9,0.0,0.0,2182.1,0.0,0.0,2013.3,168.9,1193,,BOMBAY SUBURBAN,
Maharashtra,Bombay Suburban,IMD110-P1191,1989,0.0,0.0,0.0,0.0,0.0,346.0,684.0,168.0,47.0,35.0,0.0,0.0,1280.0,0.0,0.0,1245.0,35.0,1193,,BOMBAY SUBURBAN,
Maharashtra,Buldhana,IMD110-P1194,1901,47.0,0.3,17.3,10.5,3.3,151.8,245.8,286.1,57.5,90.1,0.0,0.0,909.7,47.3,31.0,741.3,90.1,1194,,BULDHANA,
Maharashtra,Buldhana,IMD110-P1194,1902,6.9,0.1,0.0,14.9,1.0,43.9,254.7,147.2,88.3,48.3,33.5,59.7,698.5,7.0,15.8,534.2,141.4,1194,,BULDHANA,
Maharashtra,Buldhana,IMD110-P1194,1903,12.7,0.0,0.0,1.1,44.4,83.2,296.9,178.0,119.7,44.4,0.0,0.0,780.4,12.7,45.5,677.8,44.4,1194,,BULDHANA,
Maharashtra,Buldhana,IMD110-P1194,1904,5.1,1.5,8.3,0.4,2.8,103.2,124.9,84.0,258.9,48.4,0.0,2.3,639.8,6.6,11.6,571.0,50.7,1194,,BULDHANA,
Maharashtra,Buldhana,IMD110-P1194,1905,1.8,7.4,0.0,0.0,4.7,77.5,214.7,79.8,221.4,4.0,1.0,0.0,612.4,9.2,4.7,593.5,5.0,1194,,BULDHANA,
Maharashtra,Buldhana,IMD110-P1194,1906,11.0,0.3,0.7,0.0,0.9,211.5,255.9,223.8,96.8,10.3,3.5,23.0,837.8,11.3,1.6,788.0,36.8,1194,,BULDHANA,
Maharashtra,Buldhana,IMD110-P1194,1907,1.4,53.5,0.0,35.2,0.0,184.1,183.8,154.1,5.8,1.4,6.5,0.2,625.7,54.8,35.2,527.7,8.0,1194,,BULDHANA,
Maharashtra,Buldhana,IMD110-P1194,1908,0.0,0.0,20.8,6.7,0.1,169.8,209.9,235.2,149.2,0.1,0.0,1.4,792.9,0.0,27.5,764.0,1.4,1194,,BULDHANA,
Maharashtra,Buldhana,IMD110-P1194,1909,1.8,1.8,1.0,6.0,30.1,142.1,243.6,176.5,139.8,11.3,0.0,67.7,821.6,3.5,37.2,702.0,79.0,1194,,BULDHANA,
Maharashtra,Buldhana,IMD110-P1194,1910,0.0,0.0,0.0,0.0,6.1,222.9,148.4,161.1,191.1,90.8,30.9,0.0,851.5,0.0,6.1,723.6,121.8,1194,,BULDHANA,
Maharashtra,Buldhana,IMD110-P1194,1911,23.0,0.0,0.1,0.0,0.4,168.1,113.3,145.1,41.7,0.3,57.3,0.0,549.2,23.0,0.5,468.2,57.6,1194,,BULDHANA,
Maharashtra,Buldhana,IMD110-P1194,1912,0.0,12.8,0.0,1.1,1.3,76.9,194.4,185.8,24.7,10.7,12.9,2.6,523.3,12.8,2.4,481.9,26.2,1194,,BULDHANA,
Maharashtra,Buldhana,IMD110-P1194,1913,0.0,4.0,0.0,0.2,24.4,168.7,226.7,100.0,157.6,7.5,0.0,32.8,721.9,4.0,24.5,653.0,40.3,1194,,BULDHANA,
Maharashtra,Buldhana,IMD110-P1194,1914,0.0,9.5,7.7,1.9,29.8,355.9,197.3,147.6,282.3,4.0,18.8,14.3,1069.1,9.5,39.4,983.1,37.1,1194,,BULDHANA,
Maharashtra,Buldhana,IMD110-P1194,1915,25.6,6.4,77.7,22.1,4.9,265.2,209.2,77.8,116.6,133.9,8.8,53.6,1001.8,32.1,104.6,668.8,196.3,1194,,BULDHANA,
Maharashtra,Buldhana,IMD110-P1194,1916,0.0,2.4,0.0,1.6,42.3,193.9,387.4,172.1,222.5,91.9,25.9,0.0,1139.9,2.4,43.8,975.9,117.8,1194,,BULDHANA,
Maharashtra,Buldhana,IMD110-P1194,1917,2.1,35.8,17.1,3.6,29.0,196.8,157.8,185.9,222.6,88.1,5.8,0.0,944.6,37.9,49.8,763.1,93.9,1194,,BULDHANA,
Maharashtra,Buldhana,IMD110-P1194,1918,1.8,1.7,2.4,0.0,73.2,105.6,93.2,77.9,18.1,2.6,36.7,3.7,416.9,3.4,75.6,294.9,43.0,1194,,BULDHANA,
Maharashtra,Buldhana,IMD110-P1194,1919,17.0,2.4,0.3,6.7,8.9,181.9,152.5,111.7,127.1,36.1,43.0,0.1,687.8,19.4,15.9,573.2,79.2,1194,,BULDHANA,
Maharashtra,Buldhana,IMD110-P1194,1920,76.4,0.0,0.0,0.3,5.2,132.6,86.5,57.9,48.1,2.7,0.0,0.0,409.8,76.4,5.6,325.1,2.7,1194,,BULDHANA,
Maharashtra,Buldhana,IMD110-P1194,1921,5.2,0.0,0.0,0.8,0.0,236.1,182.7,192.5,98.8,13.1,0.0,0.0,729.2,5.2,0.8,710.1,13.1,1194,,BULDHANA,
Maharashtra,Buldhana,IMD110-P1194,1922,74.3,6.8,0.0,6.2,2.6,216.6,212.5,61.6,195.8,5.8,71.1,0.5,854.0,81.1,8.8,686.5,77.5,1194,,BULDHANA,
Maharashtra,Buldhana,IMD110-P1194,1923,0.4,0.0,25.1,4.0,3.9,37.6,316.0,77.6,200.7,0.0,0.0,2.1,667.4,0.4,33.0,631.9,2.1,1194,,BULDHANA,
Maharashtra,Buldhana,IMD110-P1194,1924,10.1,0.0,0.9,8.2,2.4,56.9,213.2,160.0,144.7,71.6,0.6,17.7,686.2,10.1,11.5,574.7,89.8,1194,,BULDHANA,
Maharashtra,Buldhana,IMD110-P1194,1925,0.0,0.0,0.5,0.1,25.1,103.2,110.0,134.3,68.1,10.4,97.5,15.9,565.1,0.0,25.8,415.5,123.8,1194,,BULDHANA,
Maharashtra,Buldhana,IMD110-P1194,1926,73.2,20.6,0.0,0.6,8.2,43.5,256.1,268.6,58.1,0.0,0.5,1.8,731.3,93.8,8.9,626.4,2.2,1194,,BULDHANA,
Maharashtra,Buldhana,IMD110-P1194,1927,0.0,0.4,13.1,2.8,0.5,210.7,215.6,60.1,180.6,83.1,112.6,10.3,889.8,0.4,16.4,667.0,206.0,1194,,BULDHANA,
Maharashtra,Buldhana,IMD110-P1194,1928,0.0,67.4,6.5,0.0,0.0,192.8,193.9,137.0,204.5,128.6,0.0,44.0,974.7,67.4,6.5,728.2,172.6,1194,,BULDHANA,
Maharashtra,Buldhana,IMD110-P1194,1929,3.8,37.2,0.6,29.3,0.4,243.4,161.0,41.2,94.1,26.9,0.0,4.1,642.0,41.0,30.3,539.7,31.0,1194,,BULDHANA,
Maharashtra,Buldhana,IMD110-P1194,1930,0.0,0.3,0.0,1.0,2.0,107.1,98.9,114.9,478.4,38.9,25.2,2.4,869.1,0.3,3.0,799.3,66.5,1194,,BULDHANA,
Maharashtra,Buldhana,IMD110-P1194,1931,0.3,0.1,3.3,1.1,0.9,101.0,275.1,229.7,145.4,263.4,31.1,2.2,1053.5,0.4,5.2,751.2,296.6,1194,,BULDHANA,
Maharashtra,Buldhana,IMD110-P1194,1932,0.0,22.7,29.6,4.9,2.4,104.0,306.3,156.2,122.2,77.5,9.3,0.0,835.1,22.7,36.9,688.8,86.8,1194,,BULDHANA,
Maharashtra,Buldhana,IMD110-P1194,1933,6.4,3.8,2.7,2.1,62.1,182.9,192.7,131.7,259.0,55.0,5.5,48.1,952.0,10.2,66.8,766.3,108.6,1194,,BULDHANA,
Maharashtra,Buldhana,IMD110-P1194,1934,3.6,0.0,0.0,1.8,0.0,110.2,192.2,282.5,184.3,0.7,72.6,0.0,847.8,3.6,1.8,769.1,73.3,1194,,BULDHANA,
Maharashtra,Buldhana,IMD110-P1194,1935,4.7,0.0,0.0,16.1,1.1,174.4,375.6,113.5,250.0,58.4,2.3,1.3,997.4,4.7,17.2,913.5,62.0,1194,,BULDHANA,
Maharashtra,Buldhana,IMD110-P1194,1936,20.6,31.8,18.5,0.6,29.5,254.9,68.5,141.5,157.3,2.3,240.2,0.0,965.7,52.4,48.6,622.2,242.5,1194,,BULDHANA,
Maharashtra,Buldhana,IMD110-P1194,1937,0.0,5.9,5.3,91.2,0.4,125.3,386.8,33.2,245.7,139.0,2.6,7.8,1043.2,5.9,96.9,791.0,149.3,1194,,BULDHANA,
Maharashtra,Buldhana,IMD110-P1194,1938,5.4,0.0,6.5,7.3,33.5,336.5,282.2,122.0,179.3,57.7,0.0,0.0,1030.4,5.5,47.4,919.9,57.7,1194,,BULDHANA,
Maharashtra,Buldhana,IMD110-P1194,1939,1.7,0.0,9.6,13.0,0.3,113.8,141.7,262.6,50.0,8.0,32.6,3.3,636.5,1.7,22.9,568.1,43.8,1194,,BULDHANA,
Maharashtra,Buldhana,IMD110-P1194,1940,0.0,1.9,0.0,6.8,3.4,195.4,290.1,108.6,49.0,55.6,25.7,10.6,747.2,2.0,10.3,643.1,91.9,1194,,BULDHANA,
Maharashtra,Buldhana,IMD110-P1194,1941,11.2,34.1,5.0,3.9,0.1,33.4,274.8,118.8,92.4,5.4,0.0,0.0,578.9,45.2,8.9,519.3,5.4,1195,,BULDHANA,
Maharashtra,Buldhana,IMD110-P1194,1942,0.0,35.5,0.3,2.0,0.6,171.6,265.8,234.8,124.6,0.9,0.0,39.0,875.1,35.5,2.9,796.8,39.9,1195,,BULDHANA,
Maharashtra,Buldhana,IMD110-P1194,1943,19.8,0.0,0.6,0.1,42.4,108.4,199.9,50.4,169.1,159.4,0.4,0.0,750.5,19.8,43.1,527.9,159.8,1195,,BULDHANA,
Maharashtra,Buldhana,IMD110-P1194,1944,3.0,12.9,32.9,0.1,0.9,113.6,326.9,273.4,168.0,25.2,20.2,0.0,977.0,15.9,33.8,881.9,45.4,1195,,BULDHANA,
Maharashtra,Buldhana,IMD110-P1194,1945,12.4,0.0,0.0,2.7,0.3,94.1,224.1,204.2,246.6,17.6,3.3,2.4,807.8,12.4,3.0,768.9,23.4,1195,,BULDHANA,
Maharashtra,Buldhana,IMD110-P1194,1946,0.0,2.8,0.0,3.9,7.5,183.1,215.8,93.5,99.8,1.0,177.6,23.6,808.7,2.8,11.4,592.2,202.3,1195,,BULDHANA,
Maharashtra,Buldhana,IMD110-P1194,1947,14.0,12.5,17.7,12.0,1.2,69.4,137.0,282.1,169.4,25.4,1.6,49.4,791.7,26.5,30.9,657.8,76.4,1195,,BULDHANA,
Maharashtra,Buldhana,IMD110-P1194,1948,22.5,4.3,2.5,0.5,1.4,177.9,233.7,142.6,97.1,4.8,148.2,0.0,835.5,26.8,4.4,651.3,153.0,1195,,BULDHANA,
Maharashtra,Buldhana,IMD110-P1194,1949,0.0,0.8,0.0,1.2,34.0,219.7,326.1,123.4,407.3,100.1,0.0,0.0,1212.5,0.8,35.2,1076.4,100.1,1195,,BULDHANA,
Maharashtra,Buldhana,IMD110-P1194,1950,0.2,1.8,3.3,3.9,12.3,30.6,162.5,78.6,179.3,5.8,1.5,36.1,516.0,2.1,19.5,451.1,43.3,1195,,BULDHANA,
Maharashtra,Buldhana,IMD110-P1194,1951,6.3,0.0,1.2,5.6,4.9,169.1,254.3,134.0,75.7,90.8,5.1,0.0,747.0,6.3,11.7,633.0,95.9,1195,,BULDHANA,
Maharashtra,Buldhana,IMD110-P1194,1952,0.0,8.4,0.1,1.1,1.8,117.4,132.6,98.8,83.2,21.6,0.0,3.2,468.3,8.4,3.0,432.1,24.8,1195,,BULDHANA,
Maharashtra,Buldhana,IMD110-P1194,1953,0.3,0.0,0.0,15.9,0.1,192.7,256.0,222.8,76.6,32.1,0.0,0.0,796.6,0.3,16.0,748.1,32.1,1195,,BULDHANA,
Maharashtra,Buldhana,IMD110-P1194,1954,0.8,0.1,8.9,1.5,1.1,148.8,239.1,133.2,222.2,1.9,0.0,0.2,757.6,0.9,11.4,743.2,2.1,1195,,BULDHANA,
Maharashtra,Buldhana,IMD110-P1194,1955,17.5,0.1,6.0,2.8,3.5,201.2,149.6,253.6,135.6,85.6,0.0,0.0,855.5,17.6,12.4,739.9,85.6,1195,,BULDHANA,
Maharashtra,Buldhana,IMD110-P1194,1956,6.2,0.0,0.3,0.3,84.7,194.1,208.8,117.9,259.4,32.7,62.5,13.5,980.5,6.2,85.4,780.2,108.7,1195,,BULDHANA,
Maharashtra,Buldhana,IMD110-P1194,1957,1.2,0.6,22.7,11.5,20.4,178.4,158.0,181.0,117.2,8.1,0.3,0.0,699.3,1.8,54.5,634.6,8.4,1195,,BULDHANA,
Maharashtra,Buldhana,IMD110-P1194,1958,0.4,0.0,2.1,7.7,6.1,130.3,229.4,286.8,113.0,37.5,54.5,0.0,867.7,0.4,15.9,759.5,92.0,1195,,BULDHANA,
Maharashtra,Buldhana,IMD110-P1194,1959,2.0,0.0,0.0,13.4,7.0,88.8,263.2,243.3,424.2,101.8,1.3,0.0,1145.0,2.0,20.4,1019.5,103.0,1195,,BULDHANA,
Maharashtra,Buldhana,IMD110-P1194,1960,28.6,0.0,14.7,0.3,15.1,148.0,147.5,122.1,75.7,73.5,0.0,1.0,626.3,28.6,30.1,493.2,74.5,1195,,BULDHANA,
Maharashtra,Buldhana,IMD110-P1194,1961,0.3,7.2,11.3,5.8,21.2,111.2,241.8,160.9,168.0,266.0,0.0,11.2,1004.9,7.5,38.3,681.9,277.3,1195,,BULDHANA,
Maharashtra,Buldhana,IMD110-P1194,1962,4.0,0.0,16.9,14.2,34.3,54.1,183.2,175.2,211.4,13.7,64.7,46.6,818.4,4.0,65.4,624.0,125.0,1195,,BULDHANA,
Maharashtra,Buldhana,IMD110-P1194,1963,0.9,14.7,18.5,1.8,10.3,124.6,174.5,323.9,51.0,88.0,8.6,0.0,816.8,15.6,30.6,674.0,96.6,1195,,BULDHANA,
Maharashtra,Buldhana,IMD110-P1194,1964,0.0,0.0,0.5,0.5,3.4,179.9,197.8,161.8,116.0,17.9,0.4,0.0,678.2,0.0,4.4,655.4,18.4,1195,,BULDHANA,
Maharashtra,Buldhana,IMD110-P1194,1965,36.8,1.4,0.4,0.7,0.2,58.5,218.0,177.9,19.3,0.4,0.0,3.3,517.0,38.2,1.3,473.8,3.7,1195,,BULDHANA,
Maharashtra,Buldhana,IMD110-P1194,1966,4.1,0.0,9.1,0.1,14.2,37.0,250.3,133.2,193.8,0.0,55.8,17.1,714.8,4.1,23.5,614.3,72.9,1195,,BULDHANA,
Maharashtra,Buldhana,IMD110-P1194,1967,0.0,0.0,11.3,5.2,0.8,128.3,207.1,154.1,59.3,9.7,0.0,77.5,653.3,0.0,17.3,548.8,87.2,1195,,BULDHANA,
Maharashtra,Buldhana,IMD110-P1194,1968,1.9,18.3,19.6,6.6,0.0,58.9,196.6,221.6,153.8,30.9,3.9,0.0,712.1,20.3,26.2,630.8,34.8,1195,,BULDHANA,
Maharashtra,Buldhana,IMD110-P1194,1969,0.6,0.0,0.0,0.0,0.5,144.0,235.5,148.5,215.7,0.0,38.5,0.0,783.4,0.6,0.5,743.7,38.5,1195,,BULDHANA,
Maharashtra,Buldhana,IMD110-P1194,1970,11.4,0.0,3.0,1.7,12.2,247.7,113.1,359.8,165.8,7.8,0.0,0.0,922.5,11.4,16.9,886.4,7.8,1195,,BULDHANA,
Maharashtra,Buldhana,IMD110-P1194,1971,0.0,1.1,0.0,0.0,24.9,111.3,46.4,181.3,81.6,64.8,0.0,0.0,511.5,1.1,24.9,420.7,64.8,1195,,BULDHANA,
Maharashtra,Buldhana,IMD110-P1194,1972,0.0,0.0,0.0,1.2,0.2,94.4,116.9,234.6,50.8,2.8,16.8,0.0,517.7,0.0,1.3,496.8,19.6,1195,,BULDHANA,
Maharashtra,Buldhana,IMD110-P1194,1973,0.0,4.2,0.0,0.0,1.8,109.6,203.1,301.3,114.9,44.5,0.0,4.6,784.1,4.2,1.8,728.9,49.1,1195,,BULDHANA,
Maharashtra,Buldhana,IMD110-P1194,1974,0.0,2.8,0.1,0.0,15.6,38.6,194.9,181.3,84.5,110.9,0.0,0.0,628.6,2.8,15.7,499.3,110.9,1195,,BULDHANA,
Maharashtra,Buldhana,IMD110-P1194,1975,1.6,5.4,0.0,0.0,8.1,126.3,209.6,240.5,212.7,81.2,0.0,0.0,885.4,7.0,8.1,789.1,81.2,1195,,BULDHANA,
Maharashtra,Buldhana,IMD110-P1194,1976,0.0,0.0,5.9,1.1,0.1,62.3,220.3,156.3,119.7,0.0,75.3,2.0,642.9,0.0,7.1,558.5,77.3,1195,,BULDHANA,
Maharashtra,Buldhana,IMD110-P1194,1977,0.0,1.1,0.7,1.6,5.1,271.4,199.2,155.6,75.4,42.4,116.2,16.5,885.2,1.1,7.4,701.5,175.1,1195,,BULDHANA,
Maharashtra,Buldhana,IMD110-P1194,1978,15.5,30.7,32.3,12.9,0.3,218.2,245.4,238.3,12.9,30.5,15.5,14.9,867.4,46.2,45.5,714.8,60.8,1195,,BULDHANA,
Maharashtra,Buldhana,IMD110-P1194,1979,13.4,0.8,4.4,0.0,2.3,200.1,221.0,218.4,176.9,20.5,98.7,5.2,961.7,14.2,6.7,816.5,124.3,1195,,BULDHANA,
Maharashtra,Buldhana,IMD110-P1194,1980,4.9,0.2,0.0,0.0,0.0,235.2,178.4,263.8,72.9,0.8,0.1,10.6,767.0,5.1,0.0,750.3,11.5,1195,,BULDHANA,
Maharashtra,Buldhana,IMD110-P1194,1981,7.7,2.3,12.8,0.0,7.4,92.4,164.4,260.4,235.8,25.0,2.0,31.9,842.0,9.9,20.2,753.0,58.9,1195,,BULDHANA,
Maharashtra,Buldhana,IMD110-P1194,1982,47.5,3.3,9.0,0.0,4.6,56.6,178.5,91.8,75.3,8.5,11.8,0.0,486.8,50.8,13.6,402.2,20.3,1196,,BULDHANA,
Maharashtra,Buldhana,IMD110-P1194,1983,3.2,0.0,0.0,0.0,0.2,109.2,206.8,326.0,246.8,78.6,0.0,4.2,974.9,3.2,0.2,888.8,82.8,1196,,BULDHANA,
Maharashtra,Buldhana,IMD110-P1194,1984,6.3,13.7,0.0,0.0,0.0,94.9,92.5,123.6,35.5,96.3,0.0,0.0,462.8,20.0,0.0,346.5,96.3,1196,,BULDHANA,
Maharashtra,Buldhana,IMD110-P1194,1985,7.4,0.0,0.0,4.0,3.4,123.2,176.8,126.8,15.1,78.0,0.0,0.0,534.8,7.4,7.4,441.9,78.0,1196,,BULDHANA,
Maharashtra,Buldhana,IMD110-P1194,1986,0.0,16.6,0.2,0.0,0.0,139.8,165.9,204.8,30.2,0.3,1.4,7.3,566.5,16.6,0.2,540.7,8.9,1196,,BULDHANA,
Maharashtra,Buldhana,IMD110-P1194,1987,3.7,5.0,2.4,0.0,7.4,212.4,106.1,239.6,14.9,145.8,23.6,4.2,765.2,8.7,9.8,573.0,173.7,1196,,BULDHANA,
Maharashtra,Buldhana,IMD110-P1194,1988,0.0,0.5,0.0,0.2,2.5,181.0,297.3,174.6,248.0,76.3,5.0,0.0,985.5,0.5,2.7,901.0,81.4,1196,,BULDHANA,
Maharashtra,Buldhana,IMD110-P1194,1989,0.0,0.0,21.4,0.0,2.6,243.5,216.4,255.8,99.6,15.1,0.0,4.6,859.1,0.0,24.0,815.3,19.8,1196,,BULDHANA,
Maharashtra,Buldhana,IMD110-P1194,1990,0.1,0.0,0.0,0.0,43.2,183.6,164.6,309.3,68.2,123.6,1.0,5.1,898.6,0.1,43.2,725.7,129.6,1196,,BULDHANA,
Maharashtra,Buldhana,IMD110-P1194,1991,0.0,1.3,0.2,0.9,0.6,212.1,226.5,51.3,4.2,0.4,12.4,0.0,510.0,1.3,1.7,494.1,12.8,1196,,BULDHANA,
Maharashtra,Buldhana,IMD110-P1194,1992,0.0,0.0,0.0,0.0,0.3,209.2,88.0,261.2,95.0,90.4,1.4,0.0,745.5,0.0,0.3,653.4,91.8,1196,,BULDHANA,
Maharashtra,Buldhana,IMD110-P1194,1993,0.0,1.5,5.4,0.0,2.1,96.0,347.3,117.4,121.9,74.5,1.3,22.1,789.6,1.5,7.5,682.7,97.9,1196,,BULDHANA,
Maharashtra,Buldhana,IMD110-P1194,1994,1.5,0.2,0.0,10.2,3.0,103.2,219.9,183.7,104.8,57.0,9.8,0.0,693.2,1.7,13.2,611.6,66.8,1196,,BULDHANA,
Maharashtra,Buldhana,IMD110-P1194,1995,23.9,0.1,29.3,1.4,8.4,133.7,211.2,37.4,148.0,41.3,0.0,0.5,635.2,24.0,39.1,530.4,41.8,1196,,BULDHANA,
Maharashtra,Buldhana,IMD110-P1194,1996,1.5,1.0,0.0,0.1,2.0,53.2,215.9,182.6,164.8,111.5,0.1,0.0,732.6,2.6,2.0,616.4,111.6,1196,,BULDHANA,
Maharashtra,Buldhana,IMD110-P1194,1997,6.9,0.0,0.0,2.1,3.0,94.1,134.3,254.5,84.4,61.2,112.6,61.4,814.5,6.9,5.1,567.3,235.2,1196,,BULDHANA,
Maharashtra,Buldhana,IMD110-P1194,1998,0.0,0.0,5.8,0.4,0.0,129.0,266.7,205.8,232.5,59.7,59.5,0.0,959.4,0.0,6.3,834.0,119.2,1196,,BULDHANA,
Maharashtra,Buldhana,IMD110-P1194,1999,0.0,14.6,0.0,0.0,12.2,193.8,142.1,212.9,134.9,123.7,0.0,0.0,834.2,14.6,12.2,683.7,123.7,1196,,BULDHANA,
Maharashtra,Buldhana,IMD110-P1194,2000,0.0,1.3,0.0,0.0,12.9,194.9,213.2,140.6,25.1,12.8,0.0,1.3,601.9,1.3,12.9,573.8,14.1,1196,,BULDHANA,
Maharashtra,Buldhana,IMD110-P1194,2001,13.8,0.0,8.5,3.9,1.0,190.0,108.2,184.8,50.0,275.8,0.0,0.0,836.0,13.8,13.4,532.9,275.8,1196,,BULDHANA,
Maharashtra,Buldhana,IMD110-P1194,2002,0.0,2.1,0.2,1.8,0.0,274.0,59.5,394.6,241.2,38.7,5.1,0.0,1017.1,2.1,2.0,969.2,43.8,1196,,BULDHANA,
Maharashtra,Buldhana,IMD110-P1194,2003,0.0,0.8,0.0,3.7,13.4,130.9,223.7,201.9,127.3,6.8,0.0,0.0,708.6,0.8,17.1,683.9,6.8,1196,,BULDHANA,
Maharashtra,Buldhana,IMD110-P1194,2004,1.7,0.0,0.0,0.0,3.9,127.9,156.6,131.4,111.1,63.3,1.0,0.0,597.0,1.7,3.9,527.1,64.3,1196,,BULDHANA,
Maharashtra,Buldhana,IMD110-P1194,2005,11.1,3.0,1.3,0.5,0.0,43.5,207.2,131.9,138.2,56.1,0.0,0.0,593.0,14.2,1.9,520.9,56.1,1196,,BULDHANA,
Maharashtra,Buldhana,IMD110-P1194,2006,0.0,0.0,53.6,0.0,7.5,112.2,193.6,462.1,155.1,42.5,6.3,0.0,1033.0,0.0,61.1,923.0,48.8,1196,,BULDHANA,
Maharashtra,Buldhana,IMD110-P1194,2007,0.1,0.0,0.0,0.3,0.2,136.6,246.6,176.1,166.4,0.0,6.9,0.0,733.3,0.1,0.5,725.7,6.9,1196,,BULDHANA,
Maharashtra,Buldhana,IMD110-P1194,2008,0.0,0.0,1.1,0.0,0.1,82.1,153.6,121.5,242.5,36.8,0.8,0.1,638.6,0.0,1.2,599.7,37.7,1196,,BULDHANA,
Maharashtra,Buldhana,IMD110-P1194,2009,0.0,0.0,5.5,0.0,1.1,80.1,230.8,165.3,62.1,79.8,110.3,0.3,735.3,0.0,6.6,538.3,190.4,1196,,BULDHANA,
Maharashtra,Buldhana,IMD110-P1194,2010,10.9,0.0,4.8,0.0,0.0,177.1,380.8,285.7,102.2,42.4,34.2,0.0,1038.1,10.9,4.8,945.7,76.6,1196,,BULDHANA,
Maharashtra,Chandrapur,IMD110-P1197,1901,23.5,70.0,68.6,30.5,12.9,128.1,437.1,428.4,259.4,36.3,0.0,0.0,1494.7,93.4,112.0,1252.9,36.3,1197,,CHANDRAPUR,
Maharashtra,Chandrapur,IMD110-P1197,1902,0.4,0.0,0.0,5.1,4.8,37.5,286.8,185.5,219.1,8.2,15.3,7.4,770.1,0.4,9.9,728.9,30.9,1197,,CHANDRAPUR,
Maharashtra,Chandrapur,IMD110-P1197,1903,0.0,13.7,0.6,3.5,40.7,154.1,603.6,343.4,174.4,166.6,0.0,0.1,1500.7,13.7,44.8,1275.5,166.7,1197,,CHANDRAPUR,
Maharashtra,Chandrapur,IMD110-P1197,1904,0.1,4.1,9.1,0.0,13.6,165.2,164.3,208.7,183.9,51.8,0.1,0.0,800.8,4.2,22.7,722.0,51.9,1197,,CHANDRAPUR,
Maharashtra,Chandrapur,IMD110-P1197,1905,9.4,3.8,38.5,49.6,21.6,83.9,212.4,255.8,395.6,5.5,0.0,0.0,1076.1,13.2,109.7,947.6,5.5,1197,,CHANDRAPUR,
Maharashtra,Chandrapur,IMD110-P1197,1906,23.9,7.0,23.6,0.5,6.9,392.3,422.0,321.3,141.9,3.7,41.1,8.3,1392.6,30.8,31.1,1277.5,53.2,1197,,CHANDRAPUR,
Maharashtra,Chandrapur,IMD110-P1197,1907,4.1,22.5,12.3,62.0,0.9,225.4,422.4,400.4,63.6,0.0,8.3,8.4,1230.3,26.6,75.2,1111.8,16.7,1197,,CHANDRAPUR,
Maharashtra,Chandrapur,IMD110-P1197,1908,7.2,52.2,1.1,0.1,0.7,222.5,445.5,535.2,252.8,3.3,0.0,0.0,1520.5,59.5,1.8,1456.0,3.3,1197,,CHANDRAPUR,
Maharashtra,Chandrapur,IMD110-P1197,1909,0.1,9.2,5.7,36.7,5.4,186.8,632.8,208.3,138.9,7.8,0.0,100.1,1331.8,9.2,47.9,1166.9,107.9,1197,,CHANDRAPUR,
Maharashtra,Chandrapur,IMD110-P1197,1910,0.0,0.0,0.0,0.4,4.8,360.2,399.5,255.9,304.5,31.5,43.1,0.0,1399.9,0.0,5.2,1320.2,74.6,1197,,CHANDRAPUR,
Maharashtra,Chandrapur,IMD110-P1197,1911,0.8,0.0,5.4,0.1,2.4,273.5,210.6,347.4,296.2,44.9,3.0,0.0,1184.1,0.8,7.8,1127.6,47.9,1197,,CHANDRAPUR,
Maharashtra,Chandrapur,IMD110-P1197,1912,0.0,81.4,0.0,22.0,11.5,26.1,518.6,550.4,132.4,2.9,15.4,0.0,1360.7,81.4,33.5,1227.4,18.3,1197,,CHANDRAPUR,
Maharashtra,Chandrapur,IMD110-P1197,1913,0.0,30.8,3.8,2.2,10.9,197.2,470.6,337.3,168.6,30.8,0.1,23.9,1276.0,30.8,16.8,1173.6,54.8,1197,,CHANDRAPUR,
Maharashtra,Chandrapur,IMD110-P1197,1914,0.0,10.6,11.6,80.7,15.8,174.7,444.8,310.1,237.7,8.5,0.4,7.8,1302.7,10.6,108.0,1167.4,16.7,1197,,CHANDRAPUR,
Maharashtra,Chandrapur,IMD110-P1197,1915,64.6,9.4,85.9,16.4,18.0,159.3,389.9,298.4,187.3,113.3,4.0,0.3,1346.8,74.0,120.3,1034.9,117.6,1197,,CHANDRAPUR,
Maharashtra,Chandrapur,IMD110-P1197,1916,0.0,9.3,2.2,3.7,15.8,294.5,439.3,488.8,174.3,152.1,33.2,0.0,1613.2,9.3,21.7,1396.9,185.3,1197,,CHANDRAPUR,
Maharashtra,Chandrapur,IMD110-P1197,1917,0.0,100.1,13.3,12.4,45.6,235.2,483.5,198.3,311.8,167.6,0.2,0.0,1567.9,100.1,71.3,1228.8,167.8,1197,,CHANDRAPUR,
Maharashtra,Chandrapur,IMD110-P1197,1918,0.9,1.2,1.4,0.2,64.8,337.0,165.0,229.6,78.1,0.0,6.1,10.8,895.0,2.1,66.3,809.7,16.9,1197,,CHANDRAPUR,
Maharashtra,Chandrapur,IMD110-P1197,1919,50.4,56.0,20.9,4.7,33.9,466.0,305.4,338.7,112.2,109.9,13.1,0.0,1511.2,106.4,59.5,1222.3,123.0,1197,,CHANDRAPUR,
Maharashtra,Chandrapur,IMD110-P1197,1920,0.1,0.1,3.0,11.2,3.4,77.0,369.5,125.9,121.4,0.0,0.0,0.0,711.5,0.2,17.6,693.7,0.0,1197,,CHANDRAPUR,
Maharashtra,Chandrapur,IMD110-P1197,1921,41.1,0.0,0.0,5.0,0.1,391.8,343.5,336.8,222.1,11.5,0.0,0.0,1352.0,41.1,5.1,1294.2,11.5,1197,,CHANDRAPUR,
Maharashtra,Chandrapur,IMD110-P1197,1922,31.0,0.0,0.0,2.1,5.7,183.8,471.2,145.0,370.8,3.8,75.8,,,31.0,7.8,1170.8,,1197,missing_months,CHANDRAPUR,
Maharashtra,Chandrapur,IMD110-P1197,1923,0.0,6.9,22.7,2.2,0.2,14.2,475.3,248.2,271.3,21.8,0.2,0.0,1063.0,6.9,25.2,1009.0,22.0,1197,,CHANDRAPUR,
Maharashtra,Chandrapur,IMD110-P1197,1924,42.7,0.0,1.3,10.1,2.3,39.5,400.1,176.8,260.9,206.6,74.2,0.4,1214.7,42.7,13.6,877.2,281.2,1197,,CHANDRAPUR,
Maharashtra,Chandrapur,IMD110-P1197,1925,0.0,0.0,15.4,9.7,36.1,116.2,387.0,389.3,83.0,38.4,32.1,2.2,1109.4,0.0,61.1,975.5,72.7,1197,,CHANDRAPUR,
Maharashtra,Chandrapur,IMD110-P1197,1926,73.1,3.6,41.2,27.1,30.3,24.0,398.4,495.2,79.0,30.1,0.2,0.0,1202.2,76.7,98.6,996.7,30.3,1197,,CHANDRAPUR,
Maharashtra,Chandrapur,IMD110-P1197,1927,2.1,10.2,2.8,5.5,1.0,370.7,468.8,393.8,89.0,58.4,30.9,0.0,1433.2,12.3,9.3,1322.3,89.3,1197,,CHANDRAPUR,
Maharashtra,Chandrapur,IMD110-P1197,1928,0.0,28.9,8.3,1.5,3.5,148.8,380.5,225.7,221.3,77.4,0.1,0.2,1096.1,28.9,13.3,976.3,77.7,1197,,CHANDRAPUR,
Maharashtra,Chandrapur,IMD110-P1197,1929,0.0,69.5,1.2,18.2,0.8,144.9,351.3,211.1,248.3,18.5,0.0,36.2,1100.1,69.5,20.2,955.7,54.7,1197,,CHANDRAPUR,
Maharashtra,Chandrapur,IMD110-P1197,1930,0.0,17.7,0.4,40.3,1.4,225.1,420.3,230.2,194.3,49.4,77.6,1.5,1258.2,17.7,42.1,1069.9,128.5,1197,,CHANDRAPUR,
Maharashtra,Chandrapur,IMD110-P1197,1931,1.4,12.3,16.2,3.1,0.5,114.1,468.6,450.2,228.3,212.6,47.2,0.0,1554.5,13.7,19.8,1261.2,259.8,1197,,CHANDRAPUR,
Maharashtra,Chandrapur,IMD110-P1197,1932,0.0,44.2,1.7,6.9,8.9,192.5,637.5,194.2,230.1,5.7,10.7,0.0,1332.4,44.2,17.5,1254.3,16.4,1197,,CHANDRAPUR,
Maharashtra,Chandrapur,IMD110-P1197,1933,7.6,77.3,4.3,36.6,66.8,296.9,431.4,436.5,295.5,78.0,10.1,16.0,1756.9,84.8,107.7,1460.3,104.1,1197,,CHANDRAPUR,
Maharashtra,Chandrapur,IMD110-P1197,1934,0.6,0.0,0.1,12.1,0.0,219.9,367.1,537.5,271.5,13.2,22.1,0.0,1444.1,0.6,12.3,1395.9,35.3,1197,,CHANDRAPUR,
Maharashtra,Chandrapur,IMD110-P1197,1935,12.2,1.0,0.1,26.5,0.5,103.2,665.4,172.0,306.7,6.1,0.0,3.3,1297.0,13.2,27.2,1247.3,9.4,1197,,CHANDRAPUR,
Maharashtra,Chandrapur,IMD110-P1197,1936,28.4,81.3,29.3,5.5,31.2,438.1,452.4,478.2,212.0,119.5,31.7,1.8,1909.2,109.7,66.0,1580.7,152.9,1197,,CHANDRAPUR,
Maharashtra,Chandrapur,IMD110-P1197,1937,0.0,53.0,71.4,87.9,0.8,91.0,430.5,250.4,165.6,90.4,0.0,15.6,1256.7,53.0,160.2,937.5,106.1,1197,,CHANDRAPUR,
Maharashtra,Chandrapur,IMD110-P1197,1938,0.0,11.5,6.1,5.3,18.9,368.6,494.9,469.7,201.4,163.4,0.0,0.0,1739.7,11.5,30.3,1534.5,163.4,1197,,CHANDRAPUR,
Maharashtra,Chandrapur,IMD110-P1197,1939,0.0,0.0,49.1,9.1,0.0,109.7,199.4,496.9,85.3,57.1,0.1,0.0,1006.7,0.0,58.2,891.3,57.2,1197,,CHANDRAPUR,
Maharashtra,Chandrapur,IMD110-P1197,1940,0.0,11.3,0.6,18.2,4.5,331.1,774.5,338.4,38.5,116.2,19.4,24.0,1676.6,11.3,23.3,1482.4,159.6,1197,,CHANDRAPUR,
Maharashtra,Chandrapur,IMD110-P1197,1941,3.3,5.5,18.0,0.5,8.5,215.1,290.3,194.1,125.1,9.1,0.0,0.0,869.5,8.8,27.0,824.6,9.1,1198,,CHANDRAPUR,
Maharashtra,Chandrapur,IMD110-P1197,1942,2.2,81.3,0.0,10.7,0.3,172.9,633.9,383.3,152.4,0.0,0.0,2.0,1439.0,83.4,10.9,1342.6,2.0,1198,,CHANDRAPUR,
Maharashtra,Chandrapur,IMD110-P1197,1943,49.3,0.0,0.6,16.9,16.8,150.3,296.4,213.9,352.2,42.8,0.0,0.0,1139.2,49.3,34.3,1012.8,42.8,1198,,CHANDRAPUR,
Maharashtra,Chandrapur,IMD110-P1197,1944,0.3,63.6,65.3,1.8,1.7,103.4,462.8,469.5,187.7,55.7,18.4,0.0,1430.2,64.0,68.8,1223.4,74.1,1198,,CHANDRAPUR,
Maharashtra,Chandrapur,IMD110-P1197,1945,21.1,2.2,0.0,38.6,4.1,147.5,504.5,355.3,315.7,67.7,0.0,0.0,1456.7,23.3,42.7,1323.0,67.7,1198,,CHANDRAPUR,
Maharashtra,Chandrapur,IMD110-P1197,1946,0.0,15.1,1.3,8.6,7.4,270.8,329.5,461.6,112.5,7.5,26.4,6.0,1246.6,15.1,17.3,1174.4,39.9,1198,,CHANDRAPUR,
Maharashtra,Chandrapur,IMD110-P1197,1947,30.4,22.0,15.7,7.3,9.4,189.6,657.1,358.8,172.6,55.2,0.0,0.3,1518.4,52.4,32.4,1378.1,55.5,1198,,CHANDRAPUR,
Maharashtra,Chandrapur,IMD110-P1197,1948,19.9,7.5,10.3,7.3,20.7,96.1,417.4,363.7,188.4,20.6,102.1,0.0,1254.1,27.4,38.3,1065.6,122.7,1198,,CHANDRAPUR,
Maharashtra,Chandrapur,IMD110-P1197,1949,0.8,0.5,1.1,15.9,24.3,231.6,519.1,485.9,295.0,183.8,0.0,0.0,1757.9,1.2,41.3,1531.5,183.8,1198,,CHANDRAPUR,
Maharashtra,Chandrapur,IMD110-P1197,1950,0.0,52.7,25.6,0.0,3.1,94.5,554.1,181.4,98.8,9.4,0.0,0.1,1019.9,52.7,28.8,928.8,9.5,1198,,CHANDRAPUR,
Maharashtra,Chandrapur,IMD110-P1197,1951,4.9,0.1,84.4,21.1,16.9,127.8,434.9,571.5,122.3,84.0,0.0,0.0,1467.9,5.0,122.4,1256.6,84.0,1198,,CHANDRAPUR,
Maharashtra,Chandrapur,IMD110-P1197,1952,0.0,9.0,0.1,16.4,0.6,100.5,275.7,396.9,216.8,28.0,0.0,0.0,1044.1,9.0,17.1,989.9,28.0,1198,,CHANDRAPUR,
Maharashtra,Chandrapur,IMD110-P1197,1953,9.6,1.0,0.0,23.6,0.0,141.3,371.2,626.0,241.9,64.8,0.0,0.0,1479.5,10.6,23.6,1380.4,64.8,1198,,CHANDRAPUR,
Maharashtra,Chandrapur,IMD110-P1197,1954,0.0,0.0,14.4,1.8,3.4,112.2,499.1,288.5,328.5,5.6,2.6,0.0,1256.1,0.0,19.6,1228.3,8.2,1198,,CHANDRAPUR,
Maharashtra,Chandrapur,IMD110-P1197,1955,7.9,0.2,4.0,12.3,5.3,325.6,336.0,412.6,285.8,220.4,0.7,0.0,1610.9,8.1,21.7,1360.0,221.1,1198,,CHANDRAPUR,
Maharashtra,Chandrapur,IMD110-P1197,1956,1.9,2.9,1.0,0.7,25.1,287.6,469.4,145.0,188.6,12.0,60.0,9.5,1203.8,4.8,26.8,1090.7,81.5,1198,,CHANDRAPUR,
Maharashtra,Chandrapur,IMD110-P1197,1957,0.2,9.1,54.9,34.3,27.7,169.0,384.5,545.0,129.4,18.4,0.0,0.0,1372.5,9.3,117.0,1227.9,18.4,1198,,CHANDRAPUR,
Maharashtra,Chandrapur,IMD110-P1197,1958,3.5,0.8,17.3,5.2,7.5,84.8,491.0,341.4,324.8,102.6,31.0,0.0,1409.9,4.3,30.1,1241.9,133.6,1198,,CHANDRAPUR,
Maharashtra,Chandrapur,IMD110-P1197,1959,32.0,10.1,1.1,12.1,1.5,140.8,678.3,586.5,710.3,65.7,0.0,0.0,2238.4,42.2,14.7,2115.9,65.7,1198,,CHANDRAPUR,
Maharashtra,Chandrapur,IMD110-P1197,1960,21.8,0.0,82.6,12.8,13.6,291.4,543.6,236.6,151.7,113.7,0.2,0.0,1468.0,21.8,109.0,1223.3,113.9,1198,,CHANDRAPUR,
Maharashtra,Chandrapur,IMD110-P1197,1961,0.1,12.1,0.5,9.7,26.0,168.0,384.0,769.4,350.5,69.3,0.0,1.4,1791.0,12.2,36.2,1671.9,70.7,1198,,CHANDRAPUR,
Maharashtra,Chandrapur,IMD110-P1197,1962,0.0,5.3,15.0,36.1,20.8,81.3,503.7,355.9,298.6,1.7,18.7,41.5,1378.4,5.3,71.9,1239.5,61.8,1198,,CHANDRAPUR,
Maharashtra,Chandrapur,IMD110-P1197,1963,0.0,0.4,1.3,13.2,12.0,210.5,462.0,415.9,228.4,73.8,0.0,0.0,1417.3,0.4,26.4,1316.8,73.8,1198,,CHANDRAPUR,
Maharashtra,Chandrapur,IMD110-P1197,1964,0.0,5.7,5.6,3.7,0.7,159.9,261.3,422.4,302.9,51.3,5.1,4.4,1223.2,5.7,10.0,1146.6,60.9,1198,,CHANDRAPUR,
Maharashtra,Chandrapur,IMD110-P1197,1965,28.7,2.1,0.7,19.4,6.9,114.0,288.4,161.3,269.4,3.9,0.0,0.0,894.9,30.8,27.0,833.1,3.9,1198,,CHANDRAPUR,
Maharashtra,Chandrapur,IMD110-P1197,1966,27.3,0.9,13.6,29.0,34.9,200.4,376.6,346.4,254.5,1.6,7.5,41.8,1334.4,28.2,77.5,1177.9,50.8,1198,,CHANDRAPUR,
Maharashtra,Chandrapur,IMD110-P1197,1967,0.6,0.0,104.9,26.7,1.2,238.7,440.8,428.2,145.7,6.0,0.0,112.9,1505.6,0.6,132.8,1253.4,118.9,1198,,CHANDRAPUR,
Maharashtra,Chandrapur,IMD110-P1197,1968,19.3,46.0,95.9,19.7,1.2,161.0,442.4,208.8,266.2,29.2,0.1,18.5,1308.2,65.3,116.7,1078.5,47.7,1198,,CHANDRAPUR,
Maharashtra,Chandrapur,IMD110-P1197,1969,3.5,0.0,0.0,19.3,21.6,99.7,490.8,216.8,270.6,6.9,0.8,0.0,1129.8,3.5,40.9,1077.9,7.6,1198,,CHANDRAPUR,
Maharashtra,Chandrapur,IMD110-P1197,1970,18.6,0.0,27.7,11.3,3.6,329.2,240.5,449.4,287.5,5.0,0.0,0.0,1372.9,18.6,42.6,1306.7,5.0,1198,,CHANDRAPUR,
Maharashtra,Chandrapur,IMD110-P1197,1971,9.7,27.3,55.7,20.6,35.1,311.3,178.3,345.5,187.1,129.4,0.0,0.0,1300.1,37.1,111.4,1022.2,129.4,1198,,CHANDRAPUR,
Maharashtra,Chandrapur,IMD110-P1197,1972,0.0,0.0,0.0,12.7,0.8,127.9,206.5,262.7,77.4,28.6,56.4,0.7,773.8,0.0,13.5,674.5,85.7,1198,,CHANDRAPUR,
Maharashtra,Chandrapur,IMD110-P1197,1973,4.9,8.0,1.2,2.2,1.2,65.2,494.1,371.5,147.5,221.1,0.0,0.0,1317.0,12.9,4.7,1078.3,221.1,1198,,CHANDRAPUR,
Maharashtra,Chandrapur,IMD110-P1197,1974,0.0,18.1,3.0,0.0,8.1,110.7,228.2,269.9,65.2,187.6,12.0,0.0,902.7,18.1,11.1,673.9,199.6,1198,,CHANDRAPUR,
Maharashtra,Chandrapur,IMD110-P1197,1975,5.3,25.1,6.9,3.2,8.1,495.8,375.4,391.6,329.1,104.9,0.2,0.0,1745.8,30.5,18.2,1591.9,105.1,1198,,CHANDRAPUR,
Maharashtra,Chandrapur,IMD110-P1197,1976,5.6,0.0,0.2,12.6,2.7,127.5,499.6,307.5,148.6,1.2,7.9,0.0,1113.4,5.6,15.5,1083.2,9.1,1198,,CHANDRAPUR,
Maharashtra,Chandrapur,IMD110-P1197,1977,0.0,3.2,1.3,7.6,14.4,107.3,294.5,484.7,123.8,6.6,58.9,0.3,1102.6,3.2,23.3,1010.3,65.8,1198,,CHANDRAPUR,
Maharashtra,Chandrapur,IMD110-P1197,1978,24.7,8.6,5.7,8.8,0.1,174.0,495.6,494.9,67.3,8.1,12.1,40.9,1340.8,33.3,14.6,1231.8,61.1,1198,,CHANDRAPUR,
Maharashtra,Chandrapur,IMD110-P1197,1979,20.9,69.9,0.0,1.5,7.4,315.7,230.5,268.1,143.8,1.2,18.2,11.3,1088.6,90.8,9.0,958.0,30.7,1198,,CHANDRAPUR,
Maharashtra,Chandrapur,IMD110-P1197,1980,7.5,4.6,0.0,3.0,0.2,267.8,292.2,379.1,200.2,3.1,0.0,14.9,1172.6,12.1,3.2,1139.2,18.0,1198,,CHANDRAPUR,
Maharashtra,Chandrapur,IMD110-P1197,1981,25.6,0.0,38.4,11.3,18.5,223.0,408.3,420.4,288.0,11.7,0.0,5.3,1450.5,25.6,68.1,1339.6,17.1,1198,,CHANDRAPUR,
Maharashtra,Chandrapur,IMD110-P1197,1982,36.8,6.1,6.1,5.4,13.6,88.6,235.1,231.5,190.4,116.8,5.9,0.0,936.4,42.9,25.1,745.7,122.8,1199,,CHANDRAPUR,
Maharashtra,Chandrapur,IMD110-P1197,1983,0.0,8.4,0.0,2.6,9.3,140.3,385.9,374.7,307.1,46.6,0.1,11.0,1285.9,8.4,11.9,1207.9,57.7,1199,,CHANDRAPUR,
Maharashtra,Chandrapur,IMD110-P1197,1984,14.8,16.5,0.0,12.8,0.6,83.9,246.6,289.4,51.3,77.8,0.0,0.0,793.6,31.3,13.4,671.1,77.8,1199,,CHANDRAPUR,
Maharashtra,Chandrapur,IMD110-P1197,1985,9.4,0.0,0.0,12.4,3.9,202.7,368.4,211.0,56.9,194.0,0.0,0.7,1059.4,9.4,16.3,838.9,194.7,1199,,CHANDRAPUR,
Maharashtra,Chandrapur,IMD110-P1197,1986,20.2,32.0,9.4,18.9,7.6,244.6,388.3,577.0,62.5,25.8,17.2,44.5,1448.0,52.2,35.8,1272.4,87.5,1199,,CHANDRAPUR,
Maharashtra,Chandrapur,IMD110-P1197,1987,18.5,0.6,15.8,0.4,3.9,82.2,254.8,316.8,34.7,56.7,64.7,0.1,849.2,19.1,20.1,688.6,121.4,1199,,CHANDRAPUR,
Maharashtra,Chandrapur,IMD110-P1197,1988,0.0,21.9,3.0,14.3,1.2,158.1,471.8,290.2,140.9,101.7,1.0,1.0,1205.1,21.9,18.5,1061.0,103.7,1199,,CHANDRAPUR,
Maharashtra,Chandrapur,IMD110-P1197,1989,0.0,0.0,11.9,0.0,0.1,206.4,238.7,304.9,133.4,2.8,0.0,51.2,949.3,0.0,12.0,883.3,54.0,1199,,CHANDRAPUR,
Maharashtra,Chandrapur,IMD110-P1197,1990,8.6,11.4,22.8,4.2,156.4,279.8,451.0,714.6,148.6,164.2,0.3,0.2,1962.2,20.1,183.5,1594.0,164.7,1199,,CHANDRAPUR,
Maharashtra,Chandrapur,IMD110-P1197,1991,2.8,0.8,5.7,8.4,8.0,159.0,389.6,376.3,46.6,6.4,9.3,2.0,1015.0,3.6,22.0,971.6,17.8,1199,,CHANDRAPUR,
Maharashtra,Chandrapur,IMD110-P1197,1992,0.0,2.3,0.2,3.7,15.1,177.4,264.4,719.9,128.9,21.1,20.1,0.0,1353.1,2.3,19.0,1290.7,41.2,1199,,CHANDRAPUR,
Maharashtra,Chandrapur,IMD110-P1197,1993,0.0,0.1,15.3,9.3,4.9,116.6,440.3,250.5,174.2,69.9,0.0,7.2,1088.2,0.1,29.5,981.6,77.1,1199,,CHANDRAPUR,
Maharashtra,Chandrapur,IMD110-P1197,1994,2.5,16.9,0.0,9.0,3.4,286.8,640.9,385.8,228.7,120.1,2.3,0.0,1696.3,19.4,12.4,1542.2,122.4,1199,,CHANDRAPUR,
Maharashtra,Chandrapur,IMD110-P1197,1995,72.7,8.2,42.1,8.5,11.2,194.7,327.9,214.8,203.1,183.9,0.1,0.0,1267.1,80.9,61.8,940.5,184.0,1199,,CHANDRAPUR,
Maharashtra,Chandrapur,IMD110-P1197,1996,0.6,1.0,5.2,11.7,0.4,88.6,281.5,295.8,115.6,41.0,4.4,0.0,845.8,1.7,17.3,781.5,45.3,1199,,CHANDRAPUR,
Maharashtra,Chandrapur,IMD110-P1197,1997,31.8,0.0,4.9,31.6,10.2,118.8,254.4,333.5,216.8,54.0,22.2,72.5,1150.6,31.8,46.7,923.5,148.6,1199,,CHANDRAPUR,
Maharashtra,Chandrapur,IMD110-P1197,1998,30.0,24.5,12.8,26.2,19.9,115.9,370.7,321.0,346.4,67.8,60.6,0.3,1396.0,54.5,58.9,1153.9,128.7,1199,,CHANDRAPUR,
Maharashtra,Chandrapur,IMD110-P1197,1999,0.0,25.0,0.2,0.0,29.8,238.2,213.6,370.1,270.1,109.9,0.0,0.0,1256.8,25.0,30.0,1091.9,109.9,1199,,CHANDRAPUR,
Maharashtra,Chandrapur,IMD110-P1197,2000,0.0,18.0,0.0,0.2,71.0,348.8,547.9,529.6,112.4,2.4,0.0,0.0,1630.3,18.0,71.2,1538.7,2.4,1199,,CHANDRAPUR,
Maharashtra,Chandrapur,IMD110-P1197,2001,4.5,0.0,17.1,31.7,4.9,371.0,314.1,375.3,39.5,74.7,3.2,0.0,1236.0,4.5,53.7,1099.9,77.9,1199,,CHANDRAPUR,
Maharashtra,Chandrapur,IMD110-P1197,2002,3.0,2.3,3.0,1.2,9.9,269.1,144.7,327.5,58.6,19.6,0.6,0.0,839.5,5.3,14.1,800.0,20.2,1199,,CHANDRAPUR,
Maharashtra,Chandrapur,IMD110-P1197,2003,0.0,3.7,5.6,0.9,3.8,125.7,482.6,346.3,117.7,66.8,0.0,0.7,1154.0,3.7,10.3,1072.4,67.5,1199,,CHANDRAPUR,
Maharashtra,Chandrapur,IMD110-P1197,2004,9.2,2.6,1.5,1.6,7.2,138.4,243.0,241.6,92.0,13.2,0.7,0.0,751.0,11.9,10.3,714.9,13.9,1199,,CHANDRAPUR,
Maharashtra,Chandrapur,IMD110-P1197,2005,116.5,13.7,10.0,3.1,1.7,186.0,446.2,265.6,225.6,109.2,0.0,1.2,1378.8,130.2,14.8,1123.4,110.4,1199,,CHANDRAPUR,
Maharashtra,Chandrapur,IMD110-P1197,2006,0.0,0.0,11.3,17.7,33.5,137.4,469.2,361.3,207.4,41.7,18.3,0.0,1297.8,0.0,62.5,1175.3,60.0,1199,,CHANDRAPUR,
Maharashtra,Chandrapur,IMD110-P1197,2007,0.0,0.0,0.7,4.1,3.0,395.9,316.5,350.3,267.6,68.0,2.5,0.0,1408.6,0.0,7.8,1330.4,70.4,1199,,CHANDRAPUR,
Maharashtra,Chandrapur,IMD110-P1197,2008,0.0,6.0,35.5,4.9,0.9,140.8,307.7,420.8,136.9,9.7,0.8,0.3,1064.3,6.0,41.3,1006.2,10.7,1199,,CHANDRAPUR,
Maharashtra,Chandrapur,IMD110-P1197,2009,0.0,0.0,0.1,5.2,3.9,52.7,309.3,197.2,64.5,45.7,34.0,0.0,712.5,0.0,9.1,623.7,79.7,1199,,CHANDRAPUR,
Maharashtra,Chandrapur,IMD110-P1197,2010,8.6,1.4,0.1,2.0,0.7,137.3,485.6,490.9,368.8,64.6,35.1,5.1,1600.1,10.0,2.8,1482.5,104.7,1199,,CHANDRAPUR,
Maharashtra,Dhule,IMD110-P1200,1901,10.8,0.0,4.0,0.0,2.7,117.6,152.0,104.0,27.7,93.4,0.0,0.0,512.1,10.8,6.7,401.3,93.4,1200,,DHULE,
Maharashtra,Dhule,IMD110-P1200,1902,23.7,0.0,0.0,0.0,0.6,67.5,128.2,103.7,197.1,33.8,17.9,7.6,580.0,23.7,0.6,496.5,59.2,1200,,DHULE,
Maharashtra,Dhule,IMD110-P1200,1903,13.8,0.0,0.0,0.0,58.8,74.0,214.9,159.5,141.9,31.8,0.0,0.0,694.7,13.8,58.8,590.3,31.8,1200,,DHULE,
Maharashtra,Dhule,IMD110-P1200,1904,0.3,3.8,1.7,0.0,1.3,47.8,64.3,29.8,256.5,41.3,0.0,1.3,448.0,4.1,3.0,398.4,42.6,1200,,DHULE,
Maharashtra,Dhule,IMD110-P1200,1905,0.0,0.0,0.0,0.0,3.7,55.4,307.6,52.3,63.3,0.0,0.6,0.0,483.0,0.0,3.7,478.7,0.6,1200,,DHULE,
Maharashtra,Dhule,IMD110-P1200,1906,0.0,1.9,0.0,0.0,0.0,199.2,168.3,186.8,47.7,1.4,0.0,2.7,607.8,1.9,0.0,601.9,4.0,1200,,DHULE,
Maharashtra,Dhule,IMD110-P1200,1907,0.6,7.6,0.0,10.0,0.0,98.5,180.1,89.2,22.6,0.0,0.0,0.0,408.7,8.3,10.0,390.4,0.0,1200,,DHULE,
Maharashtra,Dhule,IMD110-P1200,1908,0.0,0.0,2.2,0.3,0.0,69.7,123.0,115.1,38.9,1.5,0.0,0.0,350.6,0.0,2.5,346.6,1.5,1200,,DHULE,
Maharashtra,Dhule,IMD110-P1200,1909,0.5,0.0,0.0,2.2,6.4,140.3,154.9,36.5,120.6,10.1,0.0,5.7,477.2,0.5,8.5,452.3,15.8,1200,,DHULE,
Maharashtra,Dhule,IMD110-P1200,1910,0.0,0.0,0.0,0.0,5.4,243.0,185.2,164.3,90.3,19.9,11.5,0.0,719.6,0.0,5.4,682.8,31.4,1200,,DHULE,
Maharashtra,Dhule,IMD110-P1200,1911,0.8,0.0,0.5,0.0,0.0,74.6,63.3,44.6,12.4,2.5,38.4,0.4,237.7,0.8,0.5,195.0,41.3,1200,,DHULE,
Maharashtra,Dhule,IMD110-P1200,1912,0.0,0.0,0.0,0.2,4.3,56.3,161.0,57.6,4.7,13.9,117.3,0.3,415.5,0.0,4.4,279.6,131.4,1200,,DHULE,
Maharashtra,Dhule,IMD110-P1200,1913,0.0,0.6,0.0,0.0,0.9,193.6,169.6,51.8,93.8,0.8,0.1,8.8,520.0,0.6,0.9,508.8,9.7,1200,,DHULE,
Maharashtra,Dhule,IMD110-P1200,1914,0.0,0.3,0.0,2.7,1.9,253.5,167.1,32.9,245.8,13.2,26.0,0.9,744.2,0.3,4.6,699.3,40.1,1200,,DHULE,
Maharashtra,Dhule,IMD110-P1200,1915,2.3,26.0,25.2,16.4,0.1,147.3,138.9,38.2,125.1,75.5,4.7,4.1,603.7,28.3,41.7,449.4,84.3,1200,,DHULE,
Maharashtra,Dhule,IMD110-P1200,1916,0.0,0.0,0.0,0.0,4.7,141.9,237.3,137.3,163.0,56.8,70.1,0.0,811.2,0.0,4.7,679.5,127.0,1200,,DHULE,
Maharashtra,Dhule,IMD110-P1200,1917,0.0,13.6,2.2,1.2,30.6,110.6,53.3,95.3,137.4,173.6,2.8,0.0,620.6,13.6,34.0,396.6,176.5,1200,,DHULE,
Maharashtra,Dhule,IMD110-P1200,1918,0.0,4.4,0.0,0.0,31.3,41.9,68.9,76.3,7.8,2.1,7.1,0.0,239.9,4.4,31.3,194.9,9.3,1200,,DHULE,
Maharashtra,Dhule,IMD110-P1200,1919,1.1,0.0,0.0,0.0,11.1,184.3,163.0,112.2,105.7,70.9,48.3,0.0,696.4,1.1,11.1,565.1,119.1,1200,,DHULE,
Maharashtra,Dhule,IMD110-P1200,1920,76.1,0.0,0.0,2.4,2.0,53.3,188.5,59.8,35.6,0.1,0.0,0.0,417.8,76.1,4.4,337.2,0.1,1200,,DHULE,
Maharashtra,Dhule,IMD110-P1200,1921,1.2,0.0,0.0,0.0,0.0,99.1,213.6,79.6,132.3,1.6,0.0,0.0,527.4,1.2,0.0,524.6,1.6,1200,,DHULE,
Maharashtra,Dhule,IMD110-P1200,1922,37.5,2.0,0.0,0.0,1.6,158.3,137.2,35.8,79.4,11.7,30.6,13.4,507.5,39.5,1.6,410.7,55.7,1200,,DHULE,
Maharashtra,Dhule,IMD110-P1200,1923,0.0,0.0,23.3,9.5,10.8,1.5,214.6,48.1,196.7,0.0,0.1,3.1,507.7,0.0,43.6,460.9,3.2,1200,,DHULE,
Maharashtra,Dhule,IMD110-P1200,1924,2.7,0.0,3.7,2.3,0.1,64.4,80.3,194.6,134.5,103.1,0.0,17.0,602.7,2.7,6.1,473.8,120.1,1200,,DHULE,
Maharashtra,Dhule,IMD110-P1200,1925,0.0,0.0,0.6,0.0,29.2,206.6,79.3,69.0,43.8,0.1,60.8,12.4,501.8,0.0,29.8,398.7,73.3,1200,,DHULE,
Maharashtra,Dhule,IMD110-P1200,1926,32.0,0.6,0.0,0.5,5.2,66.3,128.4,135.1,55.5,0.2,1.8,2.1,427.6,32.5,5.7,385.2,4.1,1200,,DHULE,
Maharashtra,Dhule,IMD110-P1200,1927,0.0,0.3,0.0,0.0,0.0,106.1,245.1,29.6,139.0,26.0,77.3,6.9,630.3,0.3,0.0,519.8,110.2,1200,,DHULE,
Maharashtra,Dhule,IMD110-P1200,1928,0.0,1.3,2.5,0.0,0.0,82.4,151.2,89.4,199.6,40.0,17.9,30.5,614.7,1.3,2.5,522.5,88.3,1200,,DHULE,
Maharashtra,Dhule,IMD110-P1200,1929,0.4,8.5,0.0,24.7,0.0,211.2,121.3,38.0,43.9,16.2,0.0,2.1,466.3,8.9,24.7,414.5,18.3,1200,,DHULE,
Maharashtra,Dhule,IMD110-P1200,1930,0.0,0.0,0.0,3.1,18.3,162.2,116.9,78.1,208.0,13.9,8.5,0.0,608.9,0.0,21.4,565.1,22.4,1200,,DHULE,
Maharashtra,Dhule,IMD110-P1200,1931,0.0,0.0,0.0,0.0,0.0,56.3,235.3,172.8,166.5,174.1,7.3,29.3,841.5,0.0,0.0,630.9,210.6,1200,,DHULE,
Maharashtra,Dhule,IMD110-P1200,1932,0.0,0.0,19.0,8.6,3.0,43.2,238.3,65.6,120.3,40.9,0.0,1.8,540.7,0.0,30.7,467.3,42.8,1200,,DHULE,
Maharashtra,Dhule,IMD110-P1200,1933,3.1,0.0,0.0,1.4,40.2,99.2,59.6,226.2,269.6,17.1,5.3,16.4,738.2,3.1,41.6,654.6,38.8,1200,,DHULE,
Maharashtra,Dhule,IMD110-P1200,1934,7.3,0.0,0.1,0.3,0.0,74.3,112.3,123.6,64.7,5.5,54.3,0.3,442.8,7.3,0.4,374.9,60.1,1200,,DHULE,
Maharashtra,Dhule,IMD110-P1200,1935,0.5,0.0,0.0,2.3,0.0,145.9,98.7,126.1,94.4,76.6,1.4,0.0,545.9,0.5,2.3,465.1,78.0,1200,,DHULE,
Maharashtra,Dhule,IMD110-P1200,1936,0.0,3.0,3.7,7.0,25.6,118.0,34.7,26.4,111.8,0.6,159.8,0.2,490.9,3.0,36.4,290.9,160.6,1200,,DHULE,
Maharashtra,Dhule,IMD110-P1200,1937,0.0,0.5,0.5,0.5,0.8,90.4,194.2,21.3,149.1,23.0,1.6,10.3,492.3,0.5,1.9,455.0,34.9,1200,,DHULE,
Maharashtra,Dhule,IMD110-P1200,1938,0.0,0.0,6.4,0.1,54.0,290.1,186.8,78.5,133.9,76.0,0.2,0.0,826.0,0.0,60.5,689.3,76.1,1200,,DHULE,
Maharashtra,Dhule,IMD110-P1200,1939,1.9,0.5,2.6,0.0,0.0,38.6,198.6,164.7,60.1,10.4,9.9,0.5,487.7,2.4,2.6,462.0,20.8,1200,,DHULE,
Maharashtra,Dhule,IMD110-P1200,1940,1.7,4.1,1.0,6.4,8.1,124.8,66.3,78.3,173.5,87.2,22.9,13.7,588.0,5.8,15.5,442.9,123.8,1200,,DHULE,
Maharashtra,Dhule,IMD110-P1200,1941,5.0,27.7,1.4,1.2,0.0,29.0,258.5,55.3,124.3,6.7,0.0,0.0,509.1,32.7,2.6,467.1,6.7,1201,,DHULE,
Maharashtra,Dhule,IMD110-P1200,1942,0.9,9.9,0.0,1.7,0.2,149.8,157.9,218.0,52.9,0.0,0.0,30.6,621.8,10.8,1.9,578.6,30.6,1201,,DHULE,
Maharashtra,Dhule,IMD110-P1200,1943,0.2,0.0,0.0,0.0,50.8,119.9,193.7,34.4,107.9,127.5,0.0,0.0,634.4,0.2,50.8,455.9,127.5,1201,,DHULE,
Maharashtra,Dhule,IMD110-P1200,1944,3.8,0.0,8.5,0.0,0.6,93.2,291.6,361.3,97.7,57.0,0.1,0.0,913.8,3.8,9.1,843.8,57.1,1201,,DHULE,
Maharashtra,Dhule,IMD110-P1200,1945,5.4,0.0,0.0,1.0,0.1,95.4,126.0,121.6,168.0,19.0,1.9,0.0,538.4,5.4,1.1,511.0,20.9,1201,,DHULE,
Maharashtra,Dhule,IMD110-P1200,1946,0.0,3.0,0.0,12.2,11.6,177.9,127.7,186.2,145.8,5.8,170.3,14.1,854.5,3.0,23.8,637.6,190.1,1201,,DHULE,
Maharashtra,Dhule,IMD110-P1200,1947,15.9,1.5,0.2,1.9,5.8,48.0,134.9,156.2,207.8,10.9,3.5,29.2,615.9,17.4,7.9,547.0,43.7,1201,,DHULE,
Maharashtra,Dhule,IMD110-P1200,1948,22.4,0.0,0.5,1.6,6.1,282.2,188.5,105.8,58.3,21.4,51.6,0.0,738.4,22.4,8.2,634.9,72.9,1201,,DHULE,
Maharashtra,Dhule,IMD110-P1200,1949,0.0,0.0,0.0,0.0,22.5,104.5,207.2,88.4,358.5,81.9,1.9,0.0,864.9,0.0,22.5,758.6,83.9,1201,,DHULE,
Maharashtra,Dhule,IMD110-P1200,1950,0.0,0.0,0.0,0.0,7.0,20.8,254.7,12.7,181.5,12.0,0.0,0.0,488.7,0.0,7.0,469.7,12.0,1201,,DHULE,
Maharashtra,Dhule,IMD110-P1200,1951,0.0,0.0,0.0,2.4,4.3,75.3,267.4,76.2,17.1,57.4,18.8,0.0,519.0,0.0,6.7,436.0,76.2,1201,,DHULE,
Maharashtra,Dhule,IMD110-P1200,1952,0.0,0.0,0.0,1.0,3.8,92.5,126.7,56.7,62.9,4.6,0.0,0.3,348.4,0.0,4.8,338.8,4.8,1201,,DHULE,
Maharashtra,Dhule,IMD110-P1200,1953,14.2,0.0,0.0,4.4,0.0,95.4,138.2,117.3,82.0,54.5,0.0,0.0,506.0,14.2,4.4,432.9,54.5,1201,,DHULE,
Maharashtra,Dhule,IMD110-P1200,1954,10.4,0.6,5.4,0.0,0.6,129.8,109.0,135.4,262.8,7.8,0.0,0.0,661.8,11.0,6.0,637.0,7.8,1201,,DHULE,
Maharashtra,Dhule,IMD110-P1200,1955,14.2,0.0,0.0,13.1,0.0,114.8,77.6,237.4,145.1,78.5,0.0,0.0,680.9,14.2,13.1,575.0,78.5,1201,,DHULE,
Maharashtra,Dhule,IMD110-P1200,1956,3.9,0.0,0.0,3.4,90.8,134.8,175.3,59.3,223.6,83.7,23.2,4.2,802.2,3.9,94.2,593.0,111.1,1201,,DHULE,
Maharashtra,Dhule,IMD110-P1200,1957,0.0,0.0,2.1,1.5,17.3,191.2,88.0,107.7,76.5,13.2,10.4,0.0,507.9,0.0,20.9,463.5,23.6,1201,,DHULE,
Maharashtra,Dhule,IMD110-P1200,1958,0.0,0.0,1.3,15.4,20.3,85.1,266.1,234.2,111.0,55.7,72.7,0.1,861.8,0.0,37.0,696.4,128.4,1201,,DHULE,
Maharashtra,Dhule,IMD110-P1200,1959,4.7,0.0,0.0,1.7,5.8,102.4,157.8,99.9,94.4,106.1,34.7,1.4,609.1,4.7,7.6,454.6,142.2,1201,,DHULE,
Maharashtra,Dhule,IMD110-P1200,1960,6.4,0.0,0.0,0.0,32.1,182.2,190.7,107.0,68.0,19.2,0.0,0.0,605.5,6.4,32.1,547.8,19.2,1201,,DHULE,
Maharashtra,Dhule,IMD110-P1200,1961,0.3,0.0,0.0,0.8,16.1,83.0,240.1,31.6,86.6,171.1,0.8,1.1,631.5,0.3,16.9,441.4,172.9,1201,,DHULE,
Maharashtra,Dhule,IMD110-P1200,1962,0.0,0.0,30.0,0.2,42.5,7.8,221.8,59.0,130.7,0.0,9.6,24.1,525.6,0.0,72.7,419.3,33.7,1201,,DHULE,
Maharashtra,Dhule,IMD110-P1200,1963,0.5,3.0,17.3,0.0,12.7,131.8,158.7,138.9,33.3,75.5,54.0,0.0,625.7,3.5,30.0,462.7,129.5,1201,,DHULE,
Maharashtra,Dhule,IMD110-P1200,1964,0.0,0.0,9.1,1.6,4.1,92.7,194.7,139.9,163.6,8.9,2.6,0.0,617.2,0.0,14.7,590.9,11.6,1201,,DHULE,
Maharashtra,Dhule,IMD110-P1200,1965,27.8,0.0,0.0,0.0,0.0,11.1,265.3,199.4,3.3,0.3,2.2,5.9,515.3,27.8,0.0,479.2,8.4,1201,,DHULE,
Maharashtra,Dhule,IMD110-P1200,1966,0.7,0.0,0.0,0.0,7.5,64.7,211.8,61.5,112.1,7.7,34.1,3.7,503.8,0.7,7.5,450.1,45.5,1201,,DHULE,
Maharashtra,Dhule,IMD110-P1200,1967,0.0,0.0,21.9,0.1,0.0,248.0,288.0,116.4,74.0,10.8,0.0,87.3,846.6,0.0,22.0,726.5,98.1,1201,,DHULE,
Maharashtra,Dhule,IMD110-P1200,1968,0.0,2.8,0.5,1.8,0.0,44.6,172.3,299.6,78.1,18.7,0.7,0.0,618.9,2.8,2.3,594.5,19.4,1201,,DHULE,
Maharashtra,Dhule,IMD110-P1200,1969,2.5,0.0,0.0,0.0,0.0,126.5,235.9,147.4,300.3,0.0,2.5,0.0,815.0,2.5,0.0,810.0,2.5,1201,,DHULE,
Maharashtra,Dhule,IMD110-P1200,1970,0.3,0.0,0.0,2.8,9.6,262.6,96.2,210.9,181.3,20.2,0.0,0.0,784.0,0.3,12.4,751.0,20.2,1201,,DHULE,
Maharashtra,Dhule,IMD110-P1200,1971,0.0,0.0,0.0,0.0,44.8,72.9,79.8,109.8,161.9,40.1,0.0,0.0,509.4,0.0,44.8,424.5,40.1,1201,,DHULE,
Maharashtra,Dhule,IMD110-P1200,1972,0.0,0.0,0.0,0.0,6.2,88.4,74.8,103.8,56.1,2.1,19.5,0.0,350.9,0.0,6.2,323.1,21.6,1201,,DHULE,
Maharashtra,Dhule,IMD110-P1200,1973,0.0,0.7,1.1,0.0,0.0,87.8,180.0,197.6,233.5,14.9,0.0,0.8,716.5,0.7,1.1,699.0,15.6,1201,,DHULE,
Maharashtra,Dhule,IMD110-P1200,1974,0.0,0.0,0.0,2.0,35.4,46.9,196.6,116.3,81.3,44.7,0.0,0.0,523.2,0.0,37.3,441.2,44.7,1201,,DHULE,
Maharashtra,Dhule,IMD110-P1200,1975,0.0,0.0,0.0,0.0,0.0,130.0,122.9,146.0,76.7,52.8,0.0,0.0,528.6,0.0,0.0,475.7,52.8,1201,,DHULE,
Maharashtra,Dhule,IMD110-P1200,1976,0.9,0.0,0.0,0.0,0.2,307.0,252.2,202.4,82.0,0.0,133.1,6.7,984.4,0.9,0.2,843.6,139.8,1201,,DHULE,
Maharashtra,Dhule,IMD110-P1200,1977,0.0,0.0,6.1,0.0,16.3,176.6,141.5,115.4,36.8,5.4,55.2,4.3,557.6,0.0,22.4,470.3,64.9,1201,,DHULE,
Maharashtra,Dhule,IMD110-P1200,1978,0.1,13.7,0.2,1.1,0.0,100.1,92.3,165.3,53.2,19.6,54.8,0.0,500.2,13.7,1.3,410.8,74.3,1201,,DHULE,
Maharashtra,Dhule,IMD110-P1200,1979,14.3,0.7,24.3,0.0,0.0,71.1,158.6,213.1,74.5,28.7,51.2,0.0,636.4,15.0,24.3,517.2,79.8,1201,,DHULE,
Maharashtra,Dhule,IMD110-P1200,1980,0.0,0.0,0.0,0.1,0.0,323.7,89.8,145.9,28.8,9.2,0.0,21.6,619.0,0.0,0.1,588.1,30.8,1201,,DHULE,
Maharashtra,Dhule,IMD110-P1200,1981,0.0,0.0,0.9,0.0,0.0,26.5,228.7,226.9,145.1,79.4,8.7,4.8,720.9,0.0,0.9,627.2,92.9,1201,,DHULE,
Maharashtra,Dhule,IMD110-P1200,1982,5.8,1.1,0.0,0.2,18.6,102.8,196.8,108.6,58.8,30.7,49.1,0.0,572.4,6.9,18.8,466.9,79.8,1202,,DHULE,
Maharashtra,Dhule,IMD110-P1200,1983,0.0,0.0,0.0,0.0,0.0,74.9,206.3,191.1,173.6,89.2,0.0,0.0,735.3,0.0,0.0,646.0,89.3,1202,,DHULE,
Maharashtra,Dhule,IMD110-P1200,1984,3.4,2.3,0.0,0.0,0.0,55.7,129.8,122.3,86.2,66.5,4.4,0.0,470.5,5.8,0.0,393.9,70.9,1202,,DHULE,
Maharashtra,Dhule,IMD110-P1200,1985,0.0,0.0,10.3,11.1,0.3,34.6,175.4,132.7,18.3,107.2,0.0,0.0,489.8,0.0,21.7,360.9,107.2,1202,,DHULE,
Maharashtra,Dhule,IMD110-P1200,1986,0.0,0.4,0.0,0.0,5.0,92.0,67.1,92.3,52.5,5.3,3.8,12.2,330.7,0.4,5.0,303.9,21.4,1202,,DHULE,
Maharashtra,Dhule,IMD110-P1200,1987,0.3,8.9,0.0,0.0,22.1,169.5,115.5,177.0,18.2,5.0,49.3,28.7,594.5,9.2,22.1,480.1,83.0,1202,,DHULE,
Maharashtra,Dhule,IMD110-P1200,1988,0.0,0.0,0.0,0.0,0.0,121.1,210.6,55.7,234.6,55.2,0.0,0.0,677.3,0.0,0.0,622.0,55.2,1202,,DHULE,
Maharashtra,Dhule,IMD110-P1200,1989,0.0,0.0,24.1,0.0,1.2,129.5,227.2,129.5,84.3,5.1,0.0,0.0,601.1,0.0,25.4,570.6,5.1,1202,,DHULE,
Maharashtra,Dhule,IMD110-P1200,1990,2.2,1.8,0.0,0.0,36.9,87.8,121.9,168.2,126.7,20.5,3.5,3.5,573.0,4.0,36.9,504.7,27.5,1202,,DHULE,
Maharashtra,Dhule,IMD110-P1200,1991,0.0,0.0,0.0,0.0,0.0,169.9,283.1,58.7,5.3,2.1,0.3,0.0,519.4,0.0,0.0,517.0,2.4,1202,,DHULE,
Maharashtra,Dhule,IMD110-P1200,1992,0.0,0.0,0.0,0.0,0.0,127.6,113.1,139.7,77.7,95.9,18.7,0.0,572.7,0.0,0.0,458.1,114.6,1202,,DHULE,
Maharashtra,Dhule,IMD110-P1200,1993,0.0,0.0,2.0,0.0,0.0,109.1,230.5,57.5,130.6,41.5,4.3,1.9,577.5,0.0,2.0,527.7,47.8,1202,,DHULE,
Maharashtra,Dhule,IMD110-P1200,1994,10.1,0.0,0.0,17.6,4.9,167.0,170.6,188.3,116.5,12.1,26.1,0.0,713.1,10.1,22.5,642.3,38.3,1202,,DHULE,
Maharashtra,Dhule,IMD110-P1200,1995,8.3,0.0,2.6,3.5,10.5,21.3,219.6,54.0,139.1,55.8,0.0,0.1,514.9,8.3,16.6,434.0,55.9,1202,,DHULE,
Maharashtra,Dhule,IMD110-P1200,1996,0.0,0.0,0.0,0.2,0.0,106.4,212.7,116.1,134.4,91.2,0.0,0.0,661.0,0.0,0.2,569.6,91.2,1202,,DHULE,
Maharashtra,Dhule,IMD110-P1200,1997,2.5,0.0,0.0,4.2,1.4,154.6,130.0,289.8,61.3,38.3,43.0,54.2,779.2,2.5,5.6,635.6,135.5,1202,,DHULE,
Maharashtra,Dhule,IMD110-P1200,1998,0.0,0.0,0.0,0.0,0.0,144.2,226.8,117.4,303.1,97.6,4.1,0.0,893.2,0.0,0.0,791.5,101.7,1202,,DHULE,
Maharashtra,Dhule,IMD110-P1200,1999,0.0,14.9,0.0,0.0,3.5,176.6,112.9,24.8,119.3,136.8,0.0,0.0,588.8,14.9,3.5,433.5,136.8,1202,,DHULE,
Maharashtra,Dhule,IMD110-P1200,2000,0.0,0.0,0.0,0.4,0.0,140.9,150.5,33.6,25.6,0.2,0.0,5.6,356.7,0.0,0.4,350.5,5.8,1202,,DHULE,
Maharashtra,Dhule,IMD110-P1200,2001,2.3,0.0,0.9,0.0,0.0,183.6,104.1,69.2,47.4,44.5,0.0,0.0,451.9,2.3,0.9,404.3,44.5,1202,,DHULE,
Maharashtra,Dhule,IMD110-P1200,2002,0.0,4.1,1.0,0.0,2.4,177.2,30.6,176.1,128.0,0.4,0.0,0.0,519.9,4.1,3.4,512.0,0.4,1202,,DHULE,
Maharashtra,Dhule,IMD110-P1200,2003,3.2,0.2,0.0,15.6,6.5,215.5,231.2,203.4,203.3,0.8,0.0,0.0,879.7,3.4,22.1,853.4,0.8,1202,,DHULE,
Maharashtra,Dhule,IMD110-P1200,2004,0.0,0.0,0.0,0.0,49.9,139.5,182.7,214.6,140.5,40.1,8.5,0.0,775.9,0.0,49.9,677.4,48.6,1202,,DHULE,
Maharashtra,Dhule,IMD110-P1200,2005,0.1,0.0,0.4,0.9,2.6,134.9,122.0,41.1,184.7,0.1,0.0,0.0,486.8,0.1,3.9,482.8,0.1,1202,,DHULE,
Maharashtra,Dhule,IMD110-P1200,2006,0.0,0.0,2.8,0.0,0.0,111.6,294.4,268.5,218.1,33.9,16.1,0.2,945.6,0.0,2.8,892.6,50.2,1202,,DHULE,
Maharashtra,Dhule,IMD110-P1200,2007,0.0,0.6,0.0,3.3,41.3,97.0,346.9,132.9,170.1,0.0,0.0,0.0,792.2,0.6,44.6,747.0,0.0,1202,,DHULE,
Maharashtra,Dhule,IMD110-P1200,2008,0.0,0.0,0.0,0.0,0.0,38.7,159.0,80.5,220.1,18.4,0.0,0.0,516.7,0.0,0.0,498.3,18.4,1202,,DHULE,
Maharashtra,Dhule,IMD110-P1200,2009,0.0,0.0,0.0,0.0,0.0,83.2,200.3,113.3,154.3,54.0,96.2,16.4,717.6,0.0,0.0,551.0,166.6,1202,,DHULE,
Maharashtra,Dhule,IMD110-P1200,2010,0.0,0.0,5.3,0.0,8.3,114.5,211.3,165.8,59.0,41.0,81.8,0.0,686.8,0.0,13.5,550.5,122.8,1202,,DHULE,
Maharashtra,Gadchiroli,IMD110-P1203,1901,15.6,111.0,45.3,72.5,4.1,141.9,370.2,279.7,163.6,16.5,0.0,0.0,1220.5,126.7,121.9,955.4,16.5,1203,,GADCHIROLI,
Maharashtra,Gadchiroli,IMD110-P1203,1902,0.4,0.0,0.0,7.3,16.1,23.9,263.9,270.5,235.6,9.4,2.4,19.9,849.2,0.4,23.4,793.7,31.6,1203,,GADCHIROLI,
Maharashtra,Gadchiroli,IMD110-P1203,1903,3.8,2.7,0.0,3.7,15.1,91.5,638.7,449.5,216.8,108.6,13.6,0.0,1543.9,6.5,18.8,1396.5,122.1,1203,,GADCHIROLI,
Maharashtra,Gadchiroli,IMD110-P1203,1904,9.1,1.4,8.5,1.0,53.3,71.8,205.5,204.9,216.8,117.8,0.0,0.0,890.1,10.5,62.8,698.9,117.8,1203,,GADCHIROLI,
Maharashtra,Gadchiroli,IMD110-P1203,1905,5.1,22.5,21.1,32.7,42.8,108.3,277.8,263.4,370.1,20.3,0.0,0.0,1164.0,27.6,96.6,1019.5,20.3,1203,,GADCHIROLI,
Maharashtra,Gadchiroli,IMD110-P1203,1906,7.5,1.2,17.5,0.7,1.6,311.8,524.5,356.2,175.4,14.7,21.5,26.2,1458.9,8.7,19.8,1368.0,62.4,1203,,GADCHIROLI,
Maharashtra,Gadchiroli,IMD110-P1203,1907,8.4,9.9,8.9,78.7,0.0,160.8,431.4,457.9,124.7,0.0,2.5,17.8,1300.9,18.3,87.6,1174.7,20.3,1203,,GADCHIROLI,
Maharashtra,Gadchiroli,IMD110-P1203,1908,10.4,25.8,0.0,1.1,1.8,216.6,505.6,655.8,234.6,38.7,0.0,0.0,1690.4,36.2,2.9,1612.6,38.7,1203,,GADCHIROLI,
Maharashtra,Gadchiroli,IMD110-P1203,1909,2.4,0.8,3.6,52.8,1.2,139.0,716.4,211.1,154.8,10.2,0.0,77.9,1370.2,3.2,57.6,1221.3,88.1,1203,,GADCHIROLI,
Maharashtra,Gadchiroli,IMD110-P1203,1910,0.0,0.0,0.0,0.0,16.3,318.4,433.4,257.9,377.5,66.3,57.3,0.0,1527.0,0.0,16.3,1387.2,123.5,1203,,GADCHIROLI,
Maharashtra,Gadchiroli,IMD110-P1203,1911,0.2,0.0,0.9,0.0,5.5,275.0,304.6,433.6,316.1,29.0,3.7,0.0,1368.5,0.2,6.4,1329.2,32.7,1203,,GADCHIROLI,
Maharashtra,Gadchiroli,IMD110-P1203,1912,0.0,51.3,0.0,3.4,25.8,27.4,513.0,587.1,213.3,16.8,25.6,0.0,1463.7,51.3,29.1,1340.8,42.4,1203,,GADCHIROLI,
Maharashtra,Gadchiroli,IMD110-P1203,1913,0.0,41.2,0.5,1.9,8.1,184.0,487.2,260.3,116.6,17.4,0.2,16.2,1133.4,41.2,10.4,1048.0,33.8,1203,,GADCHIROLI,
Maharashtra,Gadchiroli,IMD110-P1203,1914,0.0,6.3,3.3,66.8,11.4,226.1,495.0,359.8,287.2,2.8,3.8,3.1,1465.6,6.3,81.4,1368.1,9.7,1203,,GADCHIROLI,
Maharashtra,Gadchiroli,IMD110-P1203,1915,29.0,22.7,73.3,6.9,26.0,206.2,320.8,439.0,148.9,92.6,15.5,0.0,1380.8,51.7,106.1,1114.9,108.1,1203,,GADCHIROLI,
Maharashtra,Gadchiroli,IMD110-P1203,1916,0.0,14.5,1.8,1.2,11.5,257.3,357.3,449.6,180.1,124.1,39.6,0.1,1437.2,14.5,14.5,1244.4,163.8,1203,,GADCHIROLI,
Maharashtra,Gadchiroli,IMD110-P1203,1917,2.3,106.6,14.3,34.2,45.2,292.4,591.8,208.5,383.8,197.4,5.5,0.2,1882.1,108.8,93.7,1476.4,203.1,1203,,GADCHIROLI,
Maharashtra,Gadchiroli,IMD110-P1203,1918,9.3,0.0,11.5,1.1,84.2,283.8,231.1,305.8,91.7,0.0,4.3,19.0,1041.8,9.3,96.8,912.4,23.3,1203,,GADCHIROLI,
Maharashtra,Gadchiroli,IMD110-P1203,1919,65.1,49.8,37.3,8.0,26.2,436.7,388.7,303.4,81.8,121.7,21.8,6.6,1547.1,114.9,71.5,1210.7,150.1,1203,,GADCHIROLI,
Maharashtra,Gadchiroli,IMD110-P1203,1920,0.0,1.8,4.6,5.3,11.1,158.3,360.0,160.6,85.3,1.5,0.0,0.0,788.5,1.8,21.0,764.1,1.5,1203,,GADCHIROLI,
Maharashtra,Gadchiroli,IMD110-P1203,1921,41.7,0.0,0.0,0.7,0.0,458.7,381.0,499.1,299.5,37.5,0.0,0.0,1718.2,41.7,0.7,1638.3,37.5,1203,,GADCHIROLI,
Maharashtra,Gadchiroli,IMD110-P1203,1922,23.7,0.0,0.0,0.7,5.0,196.6,629.1,139.2,443.0,3.0,107.7,0.0,1548.0,23.7,5.7,1407.9,110.8,1203,,GADCHIROLI,
Maharashtra,Gadchiroli,IMD110-P1203,1923,0.1,3.5,13.9,3.7,0.6,8.3,379.3,264.1,343.6,35.9,0.7,0.0,1053.8,3.6,18.3,995.4,36.6,1203,,GADCHIROLI,
Maharashtra,Gadchiroli,IMD110-P1203,1924,51.9,0.0,0.3,5.4,6.3,34.0,488.9,252.2,356.7,107.0,94.4,0.1,1397.1,51.9,12.0,1131.8,201.4,1203,,GADCHIROLI,
Maharashtra,Gadchiroli,IMD110-P1203,1925,0.0,0.0,11.1,28.1,38.0,146.3,500.5,482.2,94.0,48.6,22.3,0.8,1372.0,0.0,77.2,1223.0,71.7,1203,,GADCHIROLI,
Maharashtra,Gadchiroli,IMD110-P1203,1926,59.4,8.5,31.1,8.1,30.1,19.8,393.9,536.5,109.0,43.9,0.0,0.0,1240.2,68.0,69.3,1059.1,43.9,1203,,GADCHIROLI,
Maharashtra,Gadchiroli,IMD110-P1203,1927,1.1,10.3,11.4,3.4,6.7,348.3,647.7,391.0,90.3,99.1,20.2,0.0,1629.6,11.4,21.5,1477.4,119.3,1203,,GADCHIROLI,
Maharashtra,Gadchiroli,IMD110-P1203,1928,0.0,13.3,5.6,0.0,0.1,119.9,432.5,318.9,224.0,106.5,0.0,0.6,1221.3,13.3,5.6,1095.3,107.1,1203,,GADCHIROLI,
Maharashtra,Gadchiroli,IMD110-P1203,1929,1.4,49.5,0.0,4.8,0.0,141.2,442.0,327.8,224.1,35.7,0.0,21.8,1248.4,50.9,4.8,1135.1,57.6,1203,,GADCHIROLI,
Maharashtra,Gadchiroli,IMD110-P1203,1930,0.0,17.7,1.1,21.9,2.8,294.7,400.1,275.9,251.8,38.2,63.0,2.7,1369.8,17.7,25.8,1222.5,103.9,1203,,GADCHIROLI,
Maharashtra,Gadchiroli,IMD110-P1203,1931,0.9,7.3,17.5,12.0,5.4,96.9,420.7,568.6,248.7,243.8,43.6,0.0,1665.4,8.2,34.9,1334.9,287.4,1203,,GADCHIROLI,
Maharashtra,Gadchiroli,IMD110-P1203,1932,0.0,34.2,0.7,5.0,9.1,171.6,745.9,265.1,242.5,7.7,14.1,0.0,1496.0,34.2,14.9,1425.1,21.8,1203,,GADCHIROLI,
Maharashtra,Gadchiroli,IMD110-P1203,1933,14.3,64.2,0.5,33.2,52.7,416.1,508.6,463.3,223.5,62.1,6.7,13.2,1858.4,78.5,86.4,1611.6,81.9,1203,,GADCHIROLI,
Maharashtra,Gadchiroli,IMD110-P1203,1934,0.2,0.0,0.7,16.9,0.8,207.1,455.5,528.4,249.1,16.5,23.5,0.0,1498.6,0.2,18.4,1440.0,39.9,1203,,GADCHIROLI,
Maharashtra,Gadchiroli,IMD110-P1203,1935,11.2,1.2,2.9,19.0,1.1,117.0,688.9,188.2,334.7,6.1,0.0,0.9,1371.3,12.4,23.1,1328.8,7.0,1203,,GADCHIROLI,
Maharashtra,Gadchiroli,IMD110-P1203,1936,32.2,62.8,31.3,3.2,37.5,498.6,533.8,452.0,244.2,34.8,12.2,4.9,1947.5,95.0,72.0,1728.6,51.9,1203,,GADCHIROLI,
Maharashtra,Gadchiroli,IMD110-P1203,1937,0.0,52.3,70.7,121.4,0.0,88.2,532.7,305.6,173.7,73.8,0.0,2.5,1420.9,52.3,192.0,1100.2,76.3,1203,,GADCHIROLI,
Maharashtra,Gadchiroli,IMD110-P1203,1938,0.0,36.3,4.2,6.8,16.5,426.4,579.2,572.7,257.2,248.5,0.0,0.0,2147.8,36.3,27.5,1835.5,248.5,1203,,GADCHIROLI,
Maharashtra,Gadchiroli,IMD110-P1203,1939,0.0,0.0,60.0,7.9,0.0,137.0,216.6,489.3,83.3,77.8,1.5,0.0,1073.2,0.0,67.9,926.1,79.2,1203,,GADCHIROLI,
Maharashtra,Gadchiroli,IMD110-P1203,1940,0.0,8.1,4.5,17.4,28.5,308.3,777.9,464.9,36.2,97.8,19.4,30.0,1792.9,8.1,50.4,1587.2,147.2,1203,,GADCHIROLI,
Maharashtra,Gadchiroli,IMD110-P1203,1941,4.3,3.6,20.1,0.3,13.6,224.6,294.5,208.1,161.8,8.7,0.0,0.0,939.6,7.9,34.0,889.0,8.7,1203,,GADCHIROLI,
Maharashtra,Gadchiroli,IMD110-P1203,1942,2.8,55.9,0.0,28.0,4.9,193.4,675.4,470.5,171.2,23.3,0.0,0.0,1625.4,58.6,32.9,1510.5,23.3,1203,,GADCHIROLI,
Maharashtra,Gadchiroli,IMD110-P1203,1943,27.2,0.0,1.5,18.5,18.3,136.7,410.5,275.8,348.5,40.8,0.0,0.0,1277.8,27.2,38.4,1171.4,40.8,1204,,GADCHIROLI,
Maharashtra,Gadchiroli,IMD110-P1203,1944,3.3,71.0,70.2,4.4,3.4,75.9,579.0,487.5,205.2,101.4,9.3,0.0,1610.6,74.3,78.0,1347.6,110.7,1204,,GADCHIROLI,
Maharashtra,Gadchiroli,IMD110-P1203,1945,11.8,0.7,0.0,40.7,2.6,203.5,726.4,449.7,343.1,66.2,1.5,2.6,1848.6,12.4,43.3,1722.7,70.2,1204,,GADCHIROLI,
Maharashtra,Gadchiroli,IMD110-P1203,1946,0.0,10.0,2.5,23.3,22.6,279.7,503.4,622.6,110.9,12.3,28.1,0.0,1615.3,10.0,48.3,1516.5,40.5,1204,,GADCHIROLI,
Maharashtra,Gadchiroli,IMD110-P1203,1947,16.8,21.0,12.7,12.2,9.8,131.2,695.7,396.2,188.4,65.3,0.0,1.7,1551.3,37.8,34.8,1411.6,67.0,1204,,GADCHIROLI,
Maharashtra,Gadchiroli,IMD110-P1203,1948,19.7,24.3,6.2,12.5,7.1,116.6,495.9,421.8,212.9,21.4,69.6,0.0,1408.2,44.1,25.9,1247.2,91.0,1204,,GADCHIROLI,
Maharashtra,Gadchiroli,IMD110-P1203,1949,6.5,0.1,0.6,14.0,37.6,202.5,522.5,548.2,253.7,148.6,0.0,0.0,1734.3,6.6,52.2,1526.9,148.6,1204,,GADCHIROLI,
Maharashtra,Gadchiroli,IMD110-P1203,1950,0.0,41.6,22.5,0.0,2.1,116.5,574.5,226.0,134.7,15.7,0.6,0.0,1134.3,41.6,24.7,1051.8,16.3,1204,,GADCHIROLI,
Maharashtra,Gadchiroli,IMD110-P1203,1951,3.5,0.0,77.0,16.3,32.9,128.7,520.9,545.7,132.8,78.0,0.4,0.0,1536.1,3.5,126.2,1328.1,78.3,1204,,GADCHIROLI,
Maharashtra,Gadchiroli,IMD110-P1203,1952,0.0,4.7,0.0,19.3,3.4,128.2,334.2,452.7,303.2,30.8,0.0,0.0,1276.6,4.7,22.7,1218.3,30.8,1204,,GADCHIROLI,
Maharashtra,Gadchiroli,IMD110-P1203,1953,10.1,0.5,0.0,37.5,0.0,187.3,418.2,811.0,278.4,103.3,0.0,0.0,1846.3,10.6,37.5,1694.9,103.3,1204,,GADCHIROLI,
Maharashtra,Gadchiroli,IMD110-P1203,1954,0.0,0.5,23.8,0.8,1.6,115.4,497.5,369.8,288.8,3.4,4.3,0.0,1306.1,0.5,26.2,1271.6,7.7,1204,,GADCHIROLI,
Maharashtra,Gadchiroli,IMD110-P1203,1955,4.5,0.1,0.5,4.6,11.4,394.2,348.3,561.7,298.4,225.3,0.5,0.0,1849.7,4.6,16.5,1602.7,225.9,1204,,GADCHIROLI,
Maharashtra,Gadchiroli,IMD110-P1203,1956,0.0,4.9,0.8,2.4,26.8,306.4,589.3,272.8,95.7,25.1,2.3,0.0,1326.4,4.9,29.9,1264.2,27.4,1204,,GADCHIROLI,
Maharashtra,Gadchiroli,IMD110-P1203,1957,0.0,1.8,22.7,21.0,20.8,171.7,597.8,603.2,135.4,80.6,6.3,0.0,1661.4,1.8,64.5,1508.1,86.9,1204,,GADCHIROLI,
Maharashtra,Gadchiroli,IMD110-P1203,1958,19.0,6.9,69.8,27.3,24.0,86.4,435.4,468.1,256.4,88.2,13.5,0.0,1494.8,25.8,121.1,1246.2,101.7,1204,,GADCHIROLI,
Maharashtra,Gadchiroli,IMD110-P1203,1959,11.4,0.0,1.1,4.6,13.0,215.2,631.4,724.3,491.0,59.2,0.0,0.4,2151.5,11.4,18.6,2061.9,59.6,1204,,GADCHIROLI,
Maharashtra,Gadchiroli,IMD110-P1203,1960,7.0,0.0,24.1,0.9,4.7,254.2,571.4,246.3,122.5,84.3,5.7,0.0,1320.9,7.0,29.7,1194.3,89.9,1204,,GADCHIROLI,
Maharashtra,Gadchiroli,IMD110-P1203,1961,0.0,7.7,1.4,2.2,21.6,146.7,419.7,587.7,246.7,94.6,19.3,0.0,1547.4,7.7,25.1,1400.7,113.9,1204,,GADCHIROLI,
Maharashtra,Gadchiroli,IMD110-P1203,1962,12.8,2.7,0.0,72.3,5.4,151.5,405.4,302.3,368.3,20.6,15.0,42.5,1398.8,15.5,77.7,1227.5,78.2,1204,,GADCHIROLI,
Maharashtra,Gadchiroli,IMD110-P1203,1963,0.0,1.7,11.0,29.1,41.6,228.0,374.9,447.8,184.6,103.4,0.0,0.0,1422.0,1.7,81.7,1235.2,103.4,1204,,GADCHIROLI,
Maharashtra,Gadchiroli,IMD110-P1203,1964,0.0,0.5,2.9,0.0,0.0,171.1,287.5,519.2,238.8,26.1,4.0,0.0,1249.9,0.5,2.9,1216.5,30.1,1204,,GADCHIROLI,
Maharashtra,Gadchiroli,IMD110-P1203,1965,5.7,0.0,3.5,11.4,0.3,140.4,430.8,168.9,250.1,0.0,0.0,0.0,1011.1,5.7,15.3,990.1,0.0,1204,,GADCHIROLI,
Maharashtra,Gadchiroli,IMD110-P1203,1966,38.3,6.5,4.1,11.3,7.3,114.9,612.7,308.1,291.4,23.6,4.8,28.2,1451.1,44.8,22.6,1327.1,56.6,1204,,GADCHIROLI,
Maharashtra,Gadchiroli,IMD110-P1203,1967,0.0,0.0,52.8,6.9,0.0,128.3,519.3,391.8,141.0,19.0,0.0,170.5,1429.7,0.0,59.7,1180.5,189.5,1204,,GADCHIROLI,
Maharashtra,Gadchiroli,IMD110-P1203,1968,14.6,18.9,35.3,8.4,0.5,90.3,358.7,153.0,213.0,69.1,0.7,0.0,962.5,33.5,44.3,815.0,69.8,1204,,GADCHIROLI,
Maharashtra,Gadchiroli,IMD110-P1203,1969,3.8,0.0,2.6,0.0,20.2,103.4,564.5,301.5,381.7,10.6,14.0,8.8,1411.0,3.8,22.8,1351.0,33.4,1204,,GADCHIROLI,
Maharashtra,Gadchiroli,IMD110-P1203,1970,7.2,0.0,14.3,12.9,20.1,246.4,263.6,378.0,187.5,17.6,0.0,0.0,1147.5,7.2,47.3,1075.4,17.6,1204,,GADCHIROLI,
Maharashtra,Gadchiroli,IMD110-P1203,1971,4.3,18.3,46.4,34.5,25.3,151.0,124.6,270.6,98.7,151.8,0.0,0.0,925.5,22.5,106.2,644.9,151.8,1204,,GADCHIROLI,
Maharashtra,Gadchiroli,IMD110-P1203,1972,0.0,1.8,0.0,7.2,10.2,161.0,391.8,226.6,81.6,67.5,26.5,1.0,975.3,1.8,17.4,861.0,95.1,1204,,GADCHIROLI,
Maharashtra,Gadchiroli,IMD110-P1203,1973,4.5,0.0,0.0,1.3,6.9,69.1,499.4,490.3,84.8,295.6,9.4,0.0,1461.3,4.5,8.2,1143.5,305.0,1204,,GADCHIROLI,
Maharashtra,Gadchiroli,IMD110-P1203,1974,0.0,11.4,2.5,0.8,35.0,169.0,184.2,484.9,74.5,155.2,4.5,0.0,1122.0,11.4,38.3,912.6,159.7,1204,,GADCHIROLI,
Maharashtra,Gadchiroli,IMD110-P1203,1975,7.7,17.7,4.8,4.6,3.2,499.7,446.2,406.1,374.1,109.6,0.9,0.0,1874.5,25.3,12.6,1726.1,110.5,1204,,GADCHIROLI,
Maharashtra,Gadchiroli,IMD110-P1203,1976,2.5,0.0,6.2,39.5,11.3,83.9,629.5,337.8,187.3,1.9,19.6,0.0,1319.5,2.5,57.1,1238.4,21.5,1204,,GADCHIROLI,
Maharashtra,Gadchiroli,IMD110-P1203,1977,0.0,1.7,0.2,28.5,43.7,98.8,387.3,509.9,134.6,8.9,41.3,0.0,1254.9,1.7,72.5,1130.6,50.2,1204,,GADCHIROLI,
Maharashtra,Gadchiroli,IMD110-P1203,1978,11.0,17.3,7.2,10.9,2.9,331.6,661.5,608.5,83.2,18.0,25.2,0.4,1777.8,28.3,21.1,1684.8,43.6,1204,,GADCHIROLI,
Maharashtra,Gadchiroli,IMD110-P1203,1979,26.4,78.7,0.0,1.5,8.3,377.9,222.3,307.0,219.9,13.2,11.3,10.0,1276.5,105.1,9.8,1127.2,34.5,1204,,GADCHIROLI,
Maharashtra,Gadchiroli,IMD110-P1203,1980,18.9,5.8,0.0,5.9,0.9,310.8,374.7,364.2,246.5,3.9,2.0,13.3,1346.9,24.7,6.8,1296.2,19.2,1204,,GADCHIROLI,
Maharashtra,Gadchiroli,IMD110-P1203,1981,21.3,0.0,39.8,6.1,15.9,213.2,437.3,475.2,273.7,6.2,0.0,0.5,1489.3,21.3,61.8,1399.5,6.7,1204,,GADCHIROLI,
Maharashtra,Gadchiroli,IMD110-P1203,1982,17.4,6.0,13.3,5.5,34.7,138.0,246.6,304.6,171.7,106.4,14.9,0.0,1059.1,23.3,53.6,860.9,121.3,1204,,GADCHIROLI,
Maharashtra,Gadchiroli,IMD110-P1203,1983,0.0,15.1,0.3,5.4,17.9,241.2,421.8,445.8,295.8,78.0,0.1,10.6,1532.0,15.1,23.6,1404.5,88.7,1204,,GADCHIROLI,
Maharashtra,Gadchiroli,IMD110-P1203,1984,23.4,8.9,2.7,7.1,1.0,139.6,382.0,329.3,64.7,69.4,0.0,0.0,1028.1,32.3,10.7,915.7,69.4,1204,,GADCHIROLI,
Maharashtra,Gadchiroli,IMD110-P1203,1985,1.9,1.3,2.7,2.2,13.5,224.0,349.2,259.5,72.1,126.3,0.0,1.2,1054.0,3.2,18.4,904.8,127.6,1204,,GADCHIROLI,
Maharashtra,Gadchiroli,IMD110-P1203,1986,33.1,28.4,0.0,6.8,2.5,285.3,659.3,625.4,104.0,23.6,32.2,28.9,1829.6,61.6,9.3,1673.9,84.7,1205,,GADCHIROLI,
Maharashtra,Gadchiroli,IMD110-P1203,1987,24.9,0.0,11.7,2.6,10.1,128.6,440.3,435.2,89.9,42.8,68.2,0.0,1254.4,24.9,24.5,1094.0,111.0,1205,,GADCHIROLI,
Maharashtra,Gadchiroli,IMD110-P1203,1988,0.0,32.0,4.1,36.1,2.3,245.8,855.3,353.3,217.8,90.6,0.4,0.8,1838.6,32.0,42.6,1672.2,91.8,1205,,GADCHIROLI,
Maharashtra,Gadchiroli,IMD110-P1203,1989,0.0,0.0,32.7,0.4,2.8,286.0,431.5,521.4,131.7,8.1,0.0,62.6,1477.3,0.0,36.0,1370.6,70.7,1205,,GADCHIROLI,
Maharashtra,Gadchiroli,IMD110-P1203,1990,7.0,13.9,21.2,15.2,88.4,415.7,518.0,907.5,208.1,196.7,6.0,1.7,2399.5,21.0,124.9,2049.3,204.4,1205,,GADCHIROLI,
Maharashtra,Gadchiroli,IMD110-P1203,1991,3.2,4.7,5.7,5.6,7.3,196.0,524.5,504.5,37.6,39.0,15.1,7.4,1350.7,8.0,18.5,1262.7,61.5,1205,,GADCHIROLI,
Maharashtra,Gadchiroli,IMD110-P1203,1992,0.0,0.0,0.0,1.7,8.5,262.2,443.9,783.3,197.4,22.4,25.8,0.0,1745.2,0.0,10.1,1686.8,48.2,1205,,GADCHIROLI,
Maharashtra,Gadchiroli,IMD110-P1203,1993,0.0,0.0,16.0,8.5,11.1,120.8,557.3,305.8,207.1,89.6,0.0,4.2,1320.4,0.0,35.6,1191.0,93.8,1205,,GADCHIROLI,
Maharashtra,Gadchiroli,IMD110-P1203,1994,8.2,10.3,0.0,8.4,3.2,366.2,792.1,443.3,287.8,80.3,8.2,0.0,2008.0,18.5,11.6,1889.5,88.4,1205,,GADCHIROLI,
Maharashtra,Gadchiroli,IMD110-P1203,1995,67.9,2.6,27.2,10.9,19.5,178.7,493.8,330.3,232.0,177.9,0.0,0.0,1540.8,70.4,57.6,1234.9,177.9,1205,,GADCHIROLI,
Maharashtra,Gadchiroli,IMD110-P1203,1996,0.7,2.2,8.3,18.4,0.5,132.6,326.3,378.8,152.1,32.9,0.5,0.0,1053.4,2.9,27.2,989.8,33.4,1205,,GADCHIROLI,
Maharashtra,Gadchiroli,IMD110-P1203,1997,16.6,0.0,5.8,57.9,7.1,147.3,319.0,370.5,198.1,58.9,12.9,66.6,1260.5,16.6,70.8,1034.8,138.3,1205,,GADCHIROLI,
Maharashtra,Gadchiroli,IMD110-P1203,1998,2.7,20.4,11.2,6.1,19.2,102.4,365.3,262.7,253.8,42.5,68.2,0.0,1154.4,23.0,36.5,984.1,110.7,1205,,GADCHIROLI,
Maharashtra,Gadchiroli,IMD110-P1203,1999,0.0,21.6,0.0,0.0,81.3,299.2,302.0,347.7,270.5,76.2,0.0,0.0,1398.4,21.6,81.3,1219.4,76.2,1205,,GADCHIROLI,
Maharashtra,Gadchiroli,IMD110-P1203,2000,0.3,26.1,0.6,0.1,28.2,300.7,585.9,414.0,82.0,4.5,0.0,0.0,1442.3,26.4,28.9,1382.6,4.5,1205,,GADCHIROLI,
Maharashtra,Gadchiroli,IMD110-P1203,2001,7.0,0.2,13.7,23.5,8.4,469.8,285.1,518.3,46.5,102.4,17.6,0.0,1492.4,7.2,45.6,1319.7,120.0,1205,,GADCHIROLI,
Maharashtra,Gadchiroli,IMD110-P1203,2002,5.8,1.0,1.1,3.0,10.4,221.8,139.0,396.5,62.3,19.2,0.1,0.0,860.2,6.8,14.5,819.6,19.3,1205,,GADCHIROLI,
Maharashtra,Gadchiroli,IMD110-P1203,2003,0.0,0.0,0.5,0.9,0.0,157.0,484.2,468.6,160.6,122.5,0.0,5.6,1400.0,0.0,1.5,1270.5,128.1,1205,,GADCHIROLI,
Maharashtra,Gadchiroli,IMD110-P1203,2004,8.6,11.5,0.2,14.5,8.2,188.7,295.2,418.5,103.3,25.4,4.7,0.0,1078.8,20.1,22.8,1005.8,30.1,1205,,GADCHIROLI,
Maharashtra,Gadchiroli,IMD110-P1203,2005,104.0,19.1,9.5,0.0,0.0,227.0,538.1,381.1,344.5,123.5,0.0,0.5,1747.3,123.1,9.6,1490.7,124.1,1205,,GADCHIROLI,
Maharashtra,Gadchiroli,IMD110-P1203,2006,0.0,0.0,44.9,52.3,34.5,137.3,564.8,587.7,236.6,17.5,26.9,0.0,1702.5,0.0,131.7,1526.4,44.4,1205,,GADCHIROLI,
Maharashtra,Gadchiroli,IMD110-P1203,2007,0.0,0.5,0.0,13.0,0.3,371.5,372.9,464.5,344.1,88.9,0.0,0.0,1655.6,0.5,13.3,1552.9,88.9,1205,,GADCHIROLI,
Maharashtra,Gadchiroli,IMD110-P1203,2008,0.0,0.0,41.0,5.4,0.7,202.5,395.9,446.9,112.2,26.1,0.0,0.0,1230.7,0.0,47.1,1157.5,26.1,1205,,GADCHIROLI,
Maharashtra,Gadchiroli,IMD110-P1203,2009,0.0,0.0,0.0,3.6,22.1,77.2,415.4,254.8,86.2,45.9,31.1,0.0,936.2,0.0,25.6,833.6,77.0,1205,,GADCHIROLI,
Maharashtra,Gadchiroli,IMD110-P1203,2010,21.5,0.0,0.0,0.0,0.0,137.5,585.4,576.0,441.4,59.5,19.0,13.8,1854.0,21.5,0.0,1740.3,92.2,1205,,GADCHIROLI,
Maharashtra,Gondia,IMD110-P1206,1901,58.7,63.1,32.0,10.7,6.6,82.0,,,,,,,,121.8,49.3,,,1206,missing_months,GONDIA,
Maharashtra,Gondia,IMD110-P1206,1902,0.0,0.5,0.0,2.5,0.0,58.6,276.2,209.9,208.9,22.1,4.6,20.3,803.6,0.5,2.5,753.6,47.0,1206,,GONDIA,
Maharashtra,Gondia,IMD110-P1206,1903,1.3,6.4,0.0,0.3,54.1,172.1,479.0,509.4,160.3,45.0,0.0,0.0,1427.9,7.7,54.4,1320.8,45.0,1206,,GONDIA,
Maharashtra,Gondia,IMD110-P1206,1904,2.5,2.0,16.0,0.0,4.8,126.8,174.3,257.8,163.8,38.0,0.0,0.8,786.8,4.5,20.8,722.7,38.8,1206,,GONDIA,
Maharashtra,Gondia,IMD110-P1206,1905,5.1,20.8,6.4,7.9,7.8,22.9,385.6,449.6,391.2,0.0,0.0,0.0,1297.3,25.9,22.1,1249.3,0.0,1206,,GONDIA,
Maharashtra,Gondia,IMD110-P1206,1906,0.3,0.0,10.7,0.0,1.5,475.0,297.8,414.8,227.8,0.0,0.0,27.7,1455.6,0.3,12.2,1415.4,27.7,1206,,GONDIA,
Maharashtra,Gondia,IMD110-P1206,1907,14.0,61.7,0.0,27.3,2.6,157.5,335.7,521.0,49.5,0.0,38.1,0.0,1207.4,75.7,29.9,1063.7,38.1,1206,,GONDIA,
Maharashtra,Gondia,IMD110-P1206,1908,6.4,20.4,3.5,0.0,6.9,380.5,377.7,594.2,124.9,0.5,0.0,12.7,1527.7,26.8,10.4,1477.3,13.2,1206,,GONDIA,
Maharashtra,Gondia,IMD110-P1206,1909,0.0,7.6,9.2,75.4,32.5,201.8,461.6,295.8,107.9,9.9,0.0,130.2,1331.9,7.6,117.1,1067.1,140.1,1206,,GONDIA,
Maharashtra,Gondia,IMD110-P1206,1910,0.0,0.0,0.0,0.0,4.1,294.3,465.2,442.2,208.5,53.7,126.3,0.0,1594.3,0.0,4.1,1410.2,180.0,1206,,GONDIA,
Maharashtra,Gondia,IMD110-P1206,1911,19.3,0.0,5.3,0.0,1.0,357.3,443.1,636.1,270.6,72.0,31.5,0.0,1836.2,19.3,6.3,1707.1,103.5,1206,,GONDIA,
Maharashtra,Gondia,IMD110-P1206,1912,3.0,110.2,0.0,2.3,0.5,36.7,415.4,612.2,163.9,0.0,5.8,0.0,1350.0,113.2,2.8,1228.2,5.8,1206,,GONDIA,
Maharashtra,Gondia,IMD110-P1206,1913,0.0,54.2,17.8,0.0,8.2,245.0,240.1,296.9,138.6,39.2,0.5,23.9,1064.4,54.2,26.0,920.6,63.6,1206,,GONDIA,
Maharashtra,Gondia,IMD110-P1206,1914,0.0,31.5,26.3,53.0,3.8,108.1,695.9,336.5,195.8,2.2,0.0,9.8,1462.7,31.5,83.1,1336.2,11.9,1206,,GONDIA,
Maharashtra,Gondia,IMD110-P1206,1915,9.1,15.9,31.1,8.4,7.2,247.5,517.9,512.5,192.6,184.8,1.6,1.6,1730.2,25.0,46.7,1470.5,188.1,1206,,GONDIA,
Maharashtra,Gondia,IMD110-P1206,1916,0.0,44.4,0.0,5.1,13.9,207.0,273.2,323.8,190.8,220.7,10.0,0.0,1288.9,44.4,19.0,994.7,230.7,1206,,GONDIA,
Maharashtra,Gondia,IMD110-P1206,1917,0.0,84.3,21.4,5.9,47.9,218.0,378.1,329.3,284.9,68.2,0.0,0.0,1437.9,84.3,75.1,1210.3,68.2,1206,,GONDIA,
Maharashtra,Gondia,IMD110-P1206,1918,1.7,3.3,2.7,0.0,68.9,835.8,222.1,317.0,86.2,0.1,26.4,22.4,1586.6,5.0,71.6,1461.1,48.9,1206,,GONDIA,
Maharashtra,Gondia,IMD110-P1206,1919,76.3,98.6,35.0,0.0,22.1,379.6,329.9,616.7,122.9,160.9,0.3,0.0,1842.2,174.9,57.2,1449.0,161.1,1206,,GONDIA,
Maharashtra,Gondia,IMD110-P1206,1920,5.0,0.8,18.0,21.3,4.1,32.7,307.7,172.1,130.3,0.0,0.0,0.0,692.0,5.8,43.4,642.8,0.0,1206,,GONDIA,
Maharashtra,Gondia,IMD110-P1206,1921,24.3,0.0,0.0,0.0,0.0,337.9,215.5,489.5,183.2,0.0,0.0,0.0,1250.4,24.3,0.0,1226.1,0.0,1206,,GONDIA,
Maharashtra,Gondia,IMD110-P1206,1922,32.6,0.0,0.1,3.1,1.8,102.4,459.8,171.4,247.5,0.4,84.3,0.4,1103.9,32.6,5.0,981.2,85.1,1206,,GONDIA,
Maharashtra,Gondia,IMD110-P1206,1923,0.0,22.3,37.7,0.0,0.0,21.9,493.2,357.7,290.6,13.0,0.0,0.0,1236.3,22.3,37.7,1163.4,13.0,1206,,GONDIA,
Maharashtra,Gondia,IMD110-P1206,1924,22.0,0.0,2.0,1.5,0.0,22.5,386.9,365.0,226.4,41.8,58.4,0.3,1126.6,22.0,3.5,1000.7,100.4,1206,,GONDIA,
Maharashtra,Gondia,IMD110-P1206,1925,0.0,0.0,3.0,0.4,28.2,161.4,537.3,419.1,139.0,20.3,41.5,0.0,1350.3,0.0,31.7,1256.8,61.8,1206,,GONDIA,
Maharashtra,Gondia,IMD110-P1206,1926,26.2,3.1,56.1,8.7,45.7,19.9,399.5,860.5,204.9,109.2,0.3,1.4,1735.5,29.2,110.5,1484.9,110.9,1206,,GONDIA,
Maharashtra,Gondia,IMD110-P1206,1927,2.6,28.7,21.7,0.3,10.6,280.4,642.1,487.2,55.2,65.2,61.8,0.5,1656.4,31.3,32.6,1464.9,127.6,1206,,GONDIA,
Maharashtra,Gondia,IMD110-P1206,1928,0.0,27.7,5.8,0.0,6.8,272.2,453.2,148.4,137.7,64.7,0.0,3.3,1119.9,27.7,12.7,1011.4,68.1,1206,,GONDIA,
Maharashtra,Gondia,IMD110-P1206,1929,18.1,30.8,0.0,1.5,4.4,86.1,388.6,333.9,214.8,26.7,0.0,96.8,1201.8,48.9,5.9,1023.5,123.5,1206,,GONDIA,
Maharashtra,Gondia,IMD110-P1206,1930,0.0,0.0,16.5,41.3,7.8,155.9,387.5,350.2,133.2,33.2,33.1,6.2,1164.9,0.0,65.6,1026.8,72.5,1206,,GONDIA,
Maharashtra,Gondia,IMD110-P1206,1931,8.1,13.1,12.8,3.2,0.0,80.8,469.8,611.0,233.1,182.5,6.5,0.0,1620.8,21.2,16.0,1394.7,189.0,1206,,GONDIA,
Maharashtra,Gondia,IMD110-P1206,1932,0.0,19.4,5.1,3.0,13.4,189.1,735.2,158.1,248.8,1.0,1.4,0.0,1374.3,19.4,21.5,1331.1,2.4,1206,,GONDIA,
Maharashtra,Gondia,IMD110-P1206,1933,1.2,55.3,17.8,21.1,38.4,132.2,563.2,512.5,295.2,98.1,16.9,7.7,1759.6,56.5,77.2,1503.2,122.7,1206,,GONDIA,
Maharashtra,Gondia,IMD110-P1206,1934,0.0,0.0,0.0,12.8,0.0,159.3,397.6,238.0,501.0,18.8,26.7,0.0,1354.2,0.0,12.8,1295.9,45.5,1206,,GONDIA,
Maharashtra,Gondia,IMD110-P1206,1935,6.4,14.2,3.4,8.9,0.0,111.4,703.9,231.6,198.7,0.0,0.0,0.0,1278.6,20.6,12.3,1245.7,0.0,1206,,GONDIA,
Maharashtra,Gondia,IMD110-P1206,1936,13.9,54.9,9.6,14.2,23.8,301.9,566.4,402.9,204.1,76.0,11.1,7.3,1686.1,68.8,47.7,1475.2,94.4,1206,,GONDIA,
Maharashtra,Gondia,IMD110-P1206,1937,0.0,32.9,36.3,137.3,1.2,235.2,722.3,432.7,368.9,85.2,0.0,0.3,2052.3,32.9,174.8,1759.0,85.6,1206,,GONDIA,
Maharashtra,Gondia,IMD110-P1206,1938,4.0,6.4,16.3,8.0,15.7,454.3,503.8,460.6,147.4,169.6,0.0,0.0,1786.2,10.4,40.0,1566.2,169.6,1206,,GONDIA,
Maharashtra,Gondia,IMD110-P1206,1939,1.8,25.6,17.4,30.7,0.0,156.2,432.1,479.4,122.6,14.3,0.0,0.0,1280.1,27.4,48.2,1190.2,14.3,1206,,GONDIA,
Maharashtra,Gondia,IMD110-P1206,1940,0.0,21.3,7.3,9.3,8.3,269.3,784.9,433.7,31.3,35.1,11.5,6.7,1618.7,21.3,24.9,1519.1,53.3,1206,,GONDIA,
Maharashtra,Gondia,IMD110-P1206,1941,15.7,14.2,24.3,4.1,22.1,255.8,409.9,379.7,100.9,20.4,0.0,0.0,1247.1,29.9,50.5,1146.4,20.4,1207,,GONDIA,
Maharashtra,Gondia,IMD110-P1206,1942,9.5,112.8,0.0,17.2,0.0,223.5,894.7,614.4,315.5,0.0,0.0,15.8,2203.2,122.2,17.2,2048.1,15.8,1207,,GONDIA,
Maharashtra,Gondia,IMD110-P1206,1943,115.2,0.0,0.0,6.7,28.2,176.5,496.6,228.5,221.7,47.6,0.0,0.0,1321.1,115.2,34.9,1123.4,47.6,1207,,GONDIA,
Maharashtra,Gondia,IMD110-P1206,1944,5.2,86.3,85.1,4.6,0.3,140.6,776.2,391.4,186.4,85.3,14.6,0.0,1776.1,91.4,90.0,1494.7,100.0,1207,,GONDIA,
Maharashtra,Gondia,IMD110-P1206,1945,9.5,0.0,0.0,64.7,9.3,132.6,452.7,465.4,352.8,11.9,0.0,0.0,1499.0,9.5,74.0,1403.5,11.9,1207,,GONDIA,
Maharashtra,Gondia,IMD110-P1206,1946,0.0,12.8,0.0,21.8,2.5,466.0,353.9,472.2,161.9,7.0,65.0,7.6,1570.7,12.8,24.3,1453.9,79.6,1207,,GONDIA,
Maharashtra,Gondia,IMD110-P1206,1947,58.2,75.3,23.6,7.8,1.7,121.1,559.2,773.1,189.1,21.4,0.0,3.0,1833.5,133.4,33.1,1642.5,24.4,1207,,GONDIA,
Maharashtra,Gondia,IMD110-P1206,1948,86.6,9.7,0.9,2.7,0.8,165.0,422.8,428.1,250.2,12.9,93.4,0.0,1473.0,96.3,4.4,1266.0,106.3,1207,,GONDIA,
Maharashtra,Gondia,IMD110-P1206,1949,0.0,0.5,0.2,0.5,0.9,212.6,343.9,342.7,342.2,201.7,0.0,1.7,1446.9,0.5,1.6,1241.4,203.4,1207,,GONDIA,
Maharashtra,Gondia,IMD110-P1206,1950,0.0,23.1,20.3,0.4,0.0,131.1,480.8,216.4,82.6,19.8,0.0,0.0,974.4,23.1,20.6,910.8,19.8,1207,,GONDIA,
Maharashtra,Gondia,IMD110-P1206,1951,3.1,6.3,87.2,21.8,5.2,104.5,273.4,344.1,152.0,67.6,0.0,0.0,1065.2,9.4,114.2,874.0,67.6,1207,,GONDIA,
Maharashtra,Gondia,IMD110-P1206,1952,0.0,17.3,20.9,1.3,0.0,58.7,354.5,500.6,119.9,34.7,0.0,0.0,1107.8,17.3,22.2,1033.7,34.7,1207,,GONDIA,
Maharashtra,Gondia,IMD110-P1206,1953,5.0,5.6,0.0,26.8,0.0,63.0,241.3,503.9,192.7,45.3,0.0,0.0,1083.6,10.6,26.8,1000.9,45.3,1207,,GONDIA,
Maharashtra,Gondia,IMD110-P1206,1954,0.0,0.0,5.6,0.0,0.0,43.0,292.9,458.6,427.5,3.2,0.0,0.3,1231.1,0.0,5.6,1222.0,3.5,1207,,GONDIA,
Maharashtra,Gondia,IMD110-P1206,1955,1.9,0.1,7.5,11.3,1.1,353.9,222.3,479.9,327.0,265.0,0.0,0.0,1670.1,2.0,19.9,1383.1,265.0,1207,,GONDIA,
Maharashtra,Gondia,IMD110-P1206,1956,0.0,3.7,1.1,0.1,35.3,185.8,745.4,270.8,309.8,42.5,23.9,20.6,1638.9,3.7,36.5,1511.7,87.1,1207,,GONDIA,
Maharashtra,Gondia,IMD110-P1206,1957,51.9,12.2,66.8,22.4,4.9,101.3,622.9,424.0,97.8,12.4,0.0,0.0,1416.6,64.1,94.1,1246.0,12.4,1207,,GONDIA,
Maharashtra,Gondia,IMD110-P1206,1958,20.0,14.4,4.2,2.7,5.1,81.0,469.8,385.2,334.7,122.8,15.5,0.0,1455.3,34.4,11.9,1270.6,138.4,1207,,GONDIA,
Maharashtra,Gondia,IMD110-P1206,1959,29.0,0.3,0.6,12.3,1.2,148.3,617.1,551.6,441.0,71.8,0.0,0.0,1873.1,29.3,14.0,1758.0,71.8,1207,,GONDIA,
Maharashtra,Gondia,IMD110-P1206,1960,43.8,0.0,50.1,28.8,0.2,197.9,505.6,411.7,184.4,138.7,0.0,0.0,1561.1,43.8,79.0,1299.6,138.7,1207,,GONDIA,
Maharashtra,Gondia,IMD110-P1206,1961,0.3,10.8,2.7,5.1,3.5,327.2,617.0,676.9,756.0,57.4,0.0,6.5,2463.4,11.1,11.2,2377.1,64.0,1207,,GONDIA,
Maharashtra,Gondia,IMD110-P1206,1962,0.6,14.9,26.7,23.7,16.1,78.4,558.3,341.5,237.8,9.3,2.0,93.3,1402.6,15.5,66.5,1216.0,104.6,1207,,GONDIA,
Maharashtra,Gondia,IMD110-P1206,1963,1.2,13.0,1.1,8.8,13.8,193.1,437.8,339.4,321.1,35.6,0.0,0.0,1364.8,14.2,23.7,1291.4,35.6,1207,,GONDIA,
Maharashtra,Gondia,IMD110-P1206,1964,0.0,16.8,0.0,7.8,0.0,220.8,202.0,527.2,141.4,74.1,3.5,0.0,1193.6,16.8,7.8,1091.4,77.6,1207,,GONDIA,
Maharashtra,Gondia,IMD110-P1206,1965,20.0,0.4,36.5,11.4,0.0,60.8,327.5,161.3,210.0,0.4,0.0,0.0,828.3,20.4,47.8,759.6,0.4,1207,,GONDIA,
Maharashtra,Gondia,IMD110-P1206,1966,15.5,0.0,2.1,0.0,29.4,123.7,443.2,322.6,185.9,0.0,6.0,43.6,1171.9,15.5,31.5,1075.3,49.6,1207,,GONDIA,
Maharashtra,Gondia,IMD110-P1206,1967,1.0,0.0,44.5,1.8,0.2,175.6,521.8,550.3,67.5,7.5,0.0,113.2,1483.3,1.0,46.5,1315.2,120.7,1207,,GONDIA,
Maharashtra,Gondia,IMD110-P1206,1968,73.4,32.8,21.3,14.8,0.0,184.6,539.0,415.8,219.4,15.6,0.0,13.1,1529.8,106.3,36.1,1358.8,28.7,1207,,GONDIA,
Maharashtra,Gondia,IMD110-P1206,1969,0.0,0.0,0.0,9.9,18.3,67.9,667.8,357.0,327.8,0.0,3.8,0.0,1452.6,0.0,28.2,1420.5,3.8,1207,,GONDIA,
Maharashtra,Gondia,IMD110-P1206,1970,21.8,0.4,38.5,1.4,11.7,242.2,394.6,525.0,226.8,5.7,0.0,0.0,1468.1,22.2,51.6,1388.7,5.7,1207,,GONDIA,
Maharashtra,Gondia,IMD110-P1206,1971,9.0,25.6,54.1,13.2,27.7,244.7,260.6,603.0,193.5,112.9,0.0,0.0,1544.3,34.5,95.0,1301.9,112.9,1207,,GONDIA,
Maharashtra,Gondia,IMD110-P1206,1972,0.0,4.9,0.3,2.8,0.0,81.8,262.4,574.0,95.2,44.0,31.1,0.0,1096.4,4.9,3.1,1013.3,75.1,1207,,GONDIA,
Maharashtra,Gondia,IMD110-P1206,1973,3.5,3.1,0.0,0.0,2.0,61.3,616.5,281.9,164.9,149.4,0.0,0.0,1282.6,6.6,2.0,1124.6,149.4,1207,,GONDIA,
Maharashtra,Gondia,IMD110-P1206,1974,0.0,3.1,0.5,0.0,1.8,100.3,299.1,416.3,29.1,172.3,11.4,0.0,1033.9,3.1,2.3,844.8,183.7,1207,,GONDIA,
Maharashtra,Gondia,IMD110-P1206,1975,1.6,34.9,11.3,0.0,0.1,355.3,450.4,507.2,260.4,117.9,0.0,0.0,1739.1,36.5,11.4,1573.3,117.9,1207,,GONDIA,
Maharashtra,Gondia,IMD110-P1206,1976,0.8,1.5,0.6,4.3,9.5,82.3,558.2,303.5,150.4,0.0,2.3,0.0,1113.4,2.3,14.4,1094.4,2.3,1207,,GONDIA,
Maharashtra,Gondia,IMD110-P1206,1977,0.0,0.1,0.0,21.5,10.3,227.2,515.5,370.4,192.1,9.6,61.0,0.1,1407.9,0.1,31.8,1305.2,70.8,1207,,GONDIA,
Maharashtra,Gondia,IMD110-P1206,1978,7.6,14.3,14.0,0.0,0.0,229.0,439.8,798.9,41.2,0.0,15.7,80.8,1641.4,22.0,14.0,1508.9,96.5,1207,,GONDIA,
Maharashtra,Gondia,IMD110-P1206,1979,46.3,63.0,0.0,0.0,1.1,173.6,217.1,376.6,90.8,2.1,50.8,0.8,1022.2,109.3,1.1,858.2,53.6,1207,,GONDIA,
Maharashtra,Gondia,IMD110-P1206,1980,14.2,5.2,1.7,0.1,0.0,332.8,323.6,360.8,261.8,3.2,0.0,35.5,1338.9,19.4,1.8,1279.1,38.7,1207,,GONDIA,
Maharashtra,Gondia,IMD110-P1206,1981,20.6,0.0,47.7,0.0,22.3,256.9,391.5,365.0,275.3,5.8,0.0,0.7,1385.9,20.6,70.0,1288.8,6.5,1207,,GONDIA,
Maharashtra,Gondia,IMD110-P1206,1982,37.2,17.8,0.2,3.7,17.7,63.2,252.0,714.8,69.6,79.1,37.6,0.0,1292.8,55.0,21.6,1099.6,116.7,1208,,GONDIA,
Maharashtra,Gondia,IMD110-P1206,1983,0.0,37.2,0.0,0.0,19.8,106.4,385.3,542.1,411.3,43.4,0.0,28.2,1573.6,37.2,19.8,1445.0,71.6,1208,,GONDIA,
Maharashtra,Gondia,IMD110-P1206,1984,59.4,50.4,0.0,2.6,0.0,83.0,273.6,408.8,79.5,22.3,0.0,1.3,981.0,109.8,2.6,845.0,23.6,1208,,GONDIA,
Maharashtra,Gondia,IMD110-P1206,1985,70.8,7.2,0.0,0.0,3.0,127.4,376.7,314.8,166.4,38.4,0.0,0.0,1104.8,78.0,3.0,985.3,38.4,1208,,GONDIA,
Maharashtra,Gondia,IMD110-P1206,1986,17.6,51.1,13.2,5.3,1.1,538.3,403.8,405.0,163.3,44.0,17.8,13.6,1674.1,68.7,19.7,1510.3,75.4,1208,,GONDIA,
Maharashtra,Gondia,IMD110-P1206,1987,37.8,12.8,21.8,0.4,4.9,36.3,294.5,203.9,99.1,49.4,62.7,5.5,829.1,50.6,27.1,633.8,117.6,1208,,GONDIA,
Maharashtra,Gondia,IMD110-P1206,1988,0.0,3.2,13.9,6.4,0.2,226.2,477.5,428.9,173.0,55.4,1.4,0.0,1386.1,3.2,20.6,1305.5,56.8,1208,,GONDIA,
Maharashtra,Gondia,IMD110-P1206,1989,0.0,0.0,26.8,0.0,1.5,272.2,204.0,432.7,114.9,2.3,0.0,62.5,1116.9,0.0,28.3,1023.8,64.8,1208,,GONDIA,
Maharashtra,Gondia,IMD110-P1206,1990,0.0,18.8,20.2,5.7,92.0,354.1,354.9,315.1,227.6,137.5,0.8,7.3,1533.9,18.8,118.0,1251.7,145.5,1208,,GONDIA,
Maharashtra,Gondia,IMD110-P1206,1991,29.8,4.2,26.1,5.9,0.0,138.4,470.1,457.3,55.6,18.4,1.1,2.8,1209.8,33.9,32.0,1121.5,22.4,1208,,GONDIA,
Maharashtra,Gondia,IMD110-P1206,1992,3.3,0.4,5.2,5.0,22.0,104.7,413.0,534.5,128.5,4.7,13.4,0.0,1234.7,3.7,32.2,1180.7,18.1,1208,,GONDIA,
Maharashtra,Gondia,IMD110-P1206,1993,0.0,5.0,10.3,0.3,1.8,213.3,388.0,423.5,258.7,78.6,0.0,0.0,1379.6,5.0,12.5,1283.5,78.6,1208,,GONDIA,
Maharashtra,Gondia,IMD110-P1206,1994,15.5,13.7,0.0,13.1,0.0,262.9,802.8,839.9,315.7,122.6,0.0,0.0,2386.1,29.2,13.1,2221.3,122.6,1208,,GONDIA,
Maharashtra,Gondia,IMD110-P1206,1995,62.5,17.8,55.5,21.5,0.7,109.0,527.0,270.5,191.1,42.0,0.0,0.0,1297.7,80.3,77.7,1097.6,42.0,1208,,GONDIA,
Maharashtra,Gondia,IMD110-P1206,1996,8.0,13.4,2.3,23.6,0.0,67.5,275.5,276.6,114.8,75.8,0.3,0.0,857.7,21.4,25.9,734.3,76.1,1208,,GONDIA,
Maharashtra,Gondia,IMD110-P1206,1997,21.9,0.0,7.7,28.2,24.9,174.4,398.2,293.6,134.1,99.9,57.4,147.9,1388.3,21.9,60.8,1000.4,305.3,1208,,GONDIA,
Maharashtra,Gondia,IMD110-P1206,1998,7.9,25.3,16.9,7.2,4.2,138.4,400.4,335.9,288.0,58.5,53.5,0.0,1336.0,33.1,28.3,1162.6,112.0,1208,,GONDIA,
Maharashtra,Gondia,IMD110-P1206,1999,0.0,24.1,0.0,0.0,91.0,249.7,381.7,371.7,317.2,64.5,0.0,0.0,1499.8,24.1,91.0,1320.2,64.5,1208,,GONDIA,
Maharashtra,Gondia,IMD110-P1206,2000,0.6,32.6,0.0,0.4,28.4,289.9,593.9,331.4,60.3,0.3,0.0,0.0,1337.8,33.3,28.7,1275.5,0.3,1208,,GONDIA,
Maharashtra,Gondia,IMD110-P1206,2001,0.6,0.0,23.2,34.2,10.0,492.2,338.2,445.8,48.2,85.3,0.7,0.0,1478.4,0.6,67.4,1324.5,85.9,1208,,GONDIA,
Maharashtra,Gondia,IMD110-P1206,2002,1.9,1.8,2.0,0.0,0.7,313.8,101.2,653.0,156.7,0.8,0.0,0.0,1231.9,3.7,2.7,1224.6,0.8,1208,,GONDIA,
Maharashtra,Gondia,IMD110-P1206,2003,0.0,34.2,13.8,0.4,0.0,114.8,620.3,316.8,294.5,33.7,0.0,0.2,1428.6,34.2,14.1,1346.4,33.8,1208,,GONDIA,
Maharashtra,Gondia,IMD110-P1206,2004,4.3,4.1,0.0,0.7,0.2,251.6,288.5,289.5,106.7,12.3,0.0,0.0,958.0,8.4,0.9,936.3,12.3,1208,,GONDIA,
Maharashtra,Gondia,IMD110-P1206,2005,190.5,4.9,7.3,0.4,23.4,196.8,402.6,381.7,501.1,61.0,0.0,0.0,1769.8,195.4,31.2,1482.3,61.0,1208,,GONDIA,
Maharashtra,Gondia,IMD110-P1206,2006,0.0,0.0,42.0,60.0,12.8,79.8,473.7,723.5,129.0,4.4,2.3,0.0,1527.5,0.0,114.8,1406.0,6.7,1208,,GONDIA,
Maharashtra,Gondia,IMD110-P1206,2007,0.0,16.0,13.2,4.4,0.0,265.9,426.8,263.3,222.7,25.3,13.7,0.0,1251.4,16.0,17.6,1178.7,39.0,1208,,GONDIA,
Maharashtra,Gondia,IMD110-P1206,2008,0.1,19.9,35.3,0.0,1.0,305.0,278.5,390.9,124.4,7.3,0.0,0.0,1162.5,20.0,36.3,1098.8,7.3,1208,,GONDIA,
Maharashtra,Gondia,IMD110-P1206,2009,0.0,0.0,0.0,1.4,1.8,47.6,518.7,232.6,126.5,14.0,101.0,13.8,1057.4,0.0,3.2,925.3,128.8,1208,,GONDIA,
Maharashtra,Gondia,IMD110-P1206,2010,12.4,17.5,14.0,0.4,0.0,171.8,633.9,306.7,311.6,31.6,14.5,0.6,1515.1,29.9,14.5,1424.0,46.8,1208,,GONDIA,
Maharashtra,Hingoli,IMD110-P1209,1931,0.0,0.0,0.0,0.0,40.6,171.5,284.1,224.3,49.1,123.5,0.0,0.0,893.1,0.0,40.6,729.0,123.5,1209,,HINGOLI,
Maharashtra,Hingoli,IMD110-P1209,1932,0.0,12.7,7.6,0.0,41.9,174.4,258.3,55.8,38.1,12.7,0.0,0.0,601.5,12.7,49.5,526.6,12.7,1209,,HINGOLI,
Maharashtra,Hingoli,IMD110-P1209,1933,2.8,9.4,5.1,6.6,63.0,261.7,206.8,191.2,335.9,27.9,0.0,0.0,1110.4,12.2,74.7,995.6,27.9,1209,,HINGOLI,
Maharashtra,Hingoli,IMD110-P1209,1934,9.7,0.0,0.0,0.0,0.0,55.7,272.4,282.3,115.6,33.0,111.7,0.0,880.4,9.7,0.0,726.0,144.7,1209,,HINGOLI,
Maharashtra,Hingoli,IMD110-P1209,1935,0.0,0.0,0.0,0.0,0.0,138.4,299.6,128.2,207.0,33.0,17.8,0.0,824.0,0.0,0.0,773.2,50.8,1209,,HINGOLI,
Maharashtra,Hingoli,IMD110-P1209,1936,0.0,0.0,31.8,0.0,43.2,285.8,138.0,212.1,66.3,1.5,81.0,5.6,865.3,0.0,75.0,702.2,88.1,1209,,HINGOLI,
Maharashtra,Hingoli,IMD110-P1209,1937,0.0,2.5,11.7,119.9,0.0,95.4,381.4,65.8,147.1,77.0,0.0,44.5,945.3,2.5,131.6,689.7,121.5,1209,,HINGOLI,
Maharashtra,Hingoli,IMD110-P1209,1938,0.0,2.5,7.1,10.4,36.8,451.2,253.6,150.3,128.9,78.7,0.0,0.0,1119.5,2.5,54.3,984.0,78.7,1209,,HINGOLI,
Maharashtra,Hingoli,IMD110-P1209,1939,0.0,0.0,0.0,30.5,0.0,55.6,88.4,287.2,55.4,10.4,5.3,0.0,532.8,0.0,30.5,486.6,15.7,1209,,HINGOLI,
Maharashtra,Hingoli,IMD110-P1209,1940,0.0,0.0,0.0,12.2,1.3,150.4,264.3,380.0,155.9,98.8,34.0,2.0,1098.9,0.0,13.5,950.6,134.8,1209,,HINGOLI,
Maharashtra,Hingoli,IMD110-P1209,1941,0.0,5.1,2.3,0.0,0.0,73.4,98.3,156.5,52.1,0.0,0.0,0.0,387.7,5.1,2.3,380.3,0.0,1209,,HINGOLI,
Maharashtra,Hingoli,IMD110-P1209,1942,0.0,41.2,0.0,0.0,0.0,202.7,327.6,317.6,149.8,48.2,0.0,66.0,1153.1,41.2,0.0,997.7,114.2,1209,,HINGOLI,
Maharashtra,Hingoli,IMD110-P1209,1943,0.0,0.0,0.0,0.0,52.0,216.0,108.8,76.1,90.2,107.6,0.0,0.0,650.7,0.0,52.0,491.1,107.6,1209,,HINGOLI,
Maharashtra,Hingoli,IMD110-P1209,1944,0.0,0.0,55.1,0.0,0.0,100.6,184.1,114.3,124.5,64.9,0.0,0.0,643.5,0.0,55.1,523.5,64.9,1209,,HINGOLI,
Maharashtra,Hingoli,IMD110-P1209,1945,0.0,0.0,0.0,4.3,0.0,164.7,131.8,142.0,197.1,14.7,0.0,0.0,654.6,0.0,4.3,635.6,14.7,1209,,HINGOLI,
Maharashtra,Hingoli,IMD110-P1209,1946,0.0,5.6,0.0,12.2,8.9,128.2,476.8,97.2,142.5,7.9,103.6,38.4,1021.3,5.6,21.1,844.7,149.9,1209,,HINGOLI,
Maharashtra,Hingoli,IMD110-P1209,1947,8.4,31.2,0.0,0.0,0.0,48.3,188.0,137.1,160.0,44.5,0.0,0.0,617.5,39.6,0.0,533.4,44.5,1209,,HINGOLI,
Maharashtra,Hingoli,IMD110-P1209,1948,,0.0,0.0,0.0,0.0,94.0,283.6,85.2,86.5,0.0,182.9,0.0,,,0.0,549.3,182.9,1209,missing_months,HINGOLI,
Maharashtra,Hingoli,IMD110-P1209,1949,0.0,0.0,0.0,0.0,0.0,176.8,98.0,23.1,191.4,0.0,,,,0.0,0.0,489.3,,1209,missing_months,HINGOLI,
Maharashtra,Hingoli,IMD110-P1209,1950,0.0,0.0,0.0,0.0,0.0,57.2,111.1,108.5,122.3,12.7,0.0,0.0,411.8,0.0,0.0,399.1,12.7,1209,,HINGOLI,
Maharashtra,Hingoli,IMD110-P1209,1951,0.0,0.0,0.0,2.5,1.9,158.4,263.8,99.2,38.2,50.8,0.0,0.0,614.9,0.0,4.4,559.6,50.8,1209,,HINGOLI,
Maharashtra,Hingoli,IMD110-P1209,1952,0.0,27.7,0.0,7.2,6.6,90.2,180.8,102.6,106.3,12.3,0.0,0.0,533.7,27.7,13.8,479.9,12.3,1209,,HINGOLI,
Maharashtra,Hingoli,IMD110-P1209,1953,0.0,0.0,0.0,16.5,2.0,173.6,268.8,342.3,246.9,76.1,0.0,0.0,1125.9,0.0,18.5,1031.4,76.1,1209,,HINGOLI,
Maharashtra,Hingoli,IMD110-P1209,1954,0.0,0.0,25.1,2.3,1.7,279.4,409.7,204.8,170.9,1.8,0.0,4.2,1099.8,0.0,29.1,1064.7,6.0,1209,,HINGOLI,
Maharashtra,Hingoli,IMD110-P1209,1955,16.4,0.0,4.1,2.3,11.1,447.7,205.3,445.6,195.5,86.4,0.0,0.0,1414.4,16.4,17.5,1294.1,86.4,1209,,HINGOLI,
Maharashtra,Hingoli,IMD110-P1209,1956,0.0,0.0,0.0,3.5,65.5,228.1,282.9,148.6,249.6,66.8,38.3,0.0,1083.3,0.0,68.9,909.2,105.1,1209,,HINGOLI,
Maharashtra,Hingoli,IMD110-P1209,1957,0.0,10.1,17.7,10.3,12.8,129.9,415.9,355.0,94.1,17.1,0.0,0.0,1063.0,10.1,40.8,995.0,17.1,1209,,HINGOLI,
Maharashtra,Hingoli,IMD110-P1209,1958,1.4,0.0,2.3,8.4,0.0,117.2,401.4,451.7,77.1,47.0,110.9,0.0,1217.3,1.4,10.7,1047.3,157.9,1209,,HINGOLI,
Maharashtra,Hingoli,IMD110-P1209,1959,1.9,0.0,0.2,5.9,8.6,203.6,374.3,222.9,449.5,73.2,8.1,0.0,1348.2,1.9,14.7,1250.2,81.3,1209,,HINGOLI,
Maharashtra,Hingoli,IMD110-P1209,1960,23.3,0.0,32.7,0.0,22.7,174.1,165.0,125.1,182.2,85.6,0.0,0.0,810.8,23.3,55.4,646.5,85.6,1209,,HINGOLI,
Maharashtra,Hingoli,IMD110-P1209,1961,0.0,0.0,4.2,0.7,42.2,228.1,314.0,227.9,159.6,364.4,0.0,0.6,1341.7,0.0,47.1,929.6,365.0,1209,,HINGOLI,
Maharashtra,Hingoli,IMD110-P1209,1962,0.1,18.5,0.3,57.4,20.2,69.0,266.7,267.8,364.3,2.3,46.2,100.3,1213.2,18.6,77.9,967.9,148.8,1209,,HINGOLI,
Maharashtra,Hingoli,IMD110-P1209,1963,0.0,6.7,23.7,3.3,21.3,278.5,201.5,671.7,25.3,47.1,0.0,0.0,1279.0,6.7,48.3,1176.9,47.1,1209,,HINGOLI,
Maharashtra,Hingoli,IMD110-P1209,1964,0.0,0.0,2.8,0.0,0.0,292.0,422.7,222.6,213.5,15.2,0.0,0.0,1168.8,0.0,2.8,1150.8,15.2,1209,,HINGOLI,
Maharashtra,Hingoli,IMD110-P1209,1965,23.0,2.5,0.0,41.9,0.0,149.0,1.8,252.2,103.3,34.3,0.0,0.0,608.0,25.5,41.9,506.3,34.3,1209,,HINGOLI,
Maharashtra,Hingoli,IMD110-P1209,1966,5.1,0.0,32.1,2.4,24.5,70.2,260.7,53.8,280.5,9.3,60.5,22.5,821.6,5.1,59.0,665.2,92.3,1209,,HINGOLI,
Maharashtra,Hingoli,IMD110-P1209,1967,0.0,0.0,7.7,2.2,4.0,219.0,223.5,94.5,108.9,7.7,0.0,148.7,816.1,0.0,13.8,645.9,156.4,1209,,HINGOLI,
Maharashtra,Hingoli,IMD110-P1209,1968,15.0,6.0,34.7,16.1,1.0,160.1,262.7,109.5,198.9,19.2,15.0,0.0,838.0,21.0,51.7,731.1,34.2,1209,,HINGOLI,
Maharashtra,Hingoli,IMD110-P1209,1969,0.0,0.0,0.0,0.0,0.0,72.3,297.4,201.4,435.5,24.2,13.5,0.0,1044.3,0.0,0.0,1006.6,37.7,1209,,HINGOLI,
Maharashtra,Hingoli,IMD110-P1209,1970,14.0,0.0,0.0,0.3,50.3,327.5,97.6,521.9,150.3,13.0,0.0,0.0,1175.1,14.0,50.7,1097.4,13.0,1209,,HINGOLI,
Maharashtra,Hingoli,IMD110-P1209,1971,0.0,0.0,1.0,0.0,10.0,98.9,27.2,302.3,65.1,164.4,0.0,0.0,668.8,0.0,11.0,493.4,164.4,1210,,HINGOLI,
Maharashtra,Hingoli,IMD110-P1209,1972,0.0,0.0,0.0,0.0,10.0,206.3,79.5,141.1,24.2,1.8,39.8,11.2,514.0,0.0,10.0,451.2,52.8,1210,,HINGOLI,
Maharashtra,Hingoli,IMD110-P1209,1973,0.0,0.0,0.1,6.2,0.0,163.6,383.7,494.0,99.2,79.7,0.0,0.0,1226.5,0.0,6.3,1140.5,79.7,1210,,HINGOLI,
Maharashtra,Hingoli,IMD110-P1209,1974,0.0,0.0,0.0,0.0,2.7,145.8,84.7,257.1,159.6,80.4,0.6,0.0,730.9,0.0,2.7,647.2,81.0,1210,,HINGOLI,
Maharashtra,Hingoli,IMD110-P1209,1975,0.0,16.8,0.0,0.0,7.1,193.6,230.2,326.9,358.4,88.0,0.0,0.0,1221.1,16.8,7.1,1109.2,88.0,1210,,HINGOLI,
Maharashtra,Hingoli,IMD110-P1209,1976,0.0,0.0,1.1,11.4,0.1,69.8,341.5,179.6,96.0,0.0,61.3,0.0,760.8,0.0,12.6,686.9,61.3,1210,,HINGOLI,
Maharashtra,Hingoli,IMD110-P1209,1977,0.0,0.0,17.0,8.1,3.8,97.6,218.6,144.2,220.9,69.5,66.1,11.3,857.1,0.0,28.9,681.3,146.9,1210,,HINGOLI,
Maharashtra,Hingoli,IMD110-P1209,1978,17.4,25.6,16.9,25.2,10.1,194.3,359.2,111.8,28.3,41.6,28.6,3.1,862.0,43.0,52.1,693.5,73.3,1210,,HINGOLI,
Maharashtra,Hingoli,IMD110-P1209,1979,3.3,52.3,2.1,0.0,63.1,230.0,165.5,140.8,133.8,18.5,10.9,1.5,821.7,55.5,65.2,670.0,31.0,1210,,HINGOLI,
Maharashtra,Hingoli,IMD110-P1209,1980,0.4,0.0,0.0,0.5,0.0,257.8,145.5,480.5,137.0,0.0,0.0,3.1,1024.8,0.4,0.5,1020.7,3.1,1210,,HINGOLI,
Maharashtra,Hingoli,IMD110-P1209,1981,24.8,0.0,1.3,0.0,12.1,103.9,93.9,194.6,208.5,56.3,2.4,28.8,726.6,24.8,13.4,600.9,87.4,1210,,HINGOLI,
Maharashtra,Hingoli,IMD110-P1209,1982,9.4,0.0,3.0,23.7,17.4,109.7,297.9,125.8,116.9,75.1,45.0,0.0,823.8,9.4,44.1,650.3,120.1,1210,,HINGOLI,
Maharashtra,Hingoli,IMD110-P1209,1983,0.0,0.0,3.8,0.0,0.0,156.0,229.6,494.8,448.8,62.7,0.0,24.0,1419.6,0.0,3.8,1329.2,86.7,1210,,HINGOLI,
Maharashtra,Hingoli,IMD110-P1209,1984,3.9,4.1,0.0,0.0,0.0,132.2,165.9,109.8,83.1,99.2,0.0,1.5,599.7,8.0,0.0,491.0,100.7,1210,,HINGOLI,
Maharashtra,Hingoli,IMD110-P1209,1985,1.5,0.0,21.4,4.4,3.7,277.6,156.3,71.9,77.9,62.8,0.0,0.0,677.7,1.5,29.6,583.8,62.8,1210,,HINGOLI,
Maharashtra,Hingoli,IMD110-P1209,1986,11.3,5.0,0.0,0.0,15.1,121.7,240.8,174.0,93.0,3.0,21.1,4.7,689.8,16.3,15.1,629.5,28.8,1210,,HINGOLI,
Maharashtra,Hingoli,IMD110-P1209,1987,9.2,0.0,0.1,0.0,0.0,268.3,113.0,356.9,21.1,186.4,55.8,0.0,1010.8,9.2,0.1,759.3,242.2,1210,,HINGOLI,
Maharashtra,Hingoli,IMD110-P1209,1988,0.0,0.0,0.0,5.9,6.3,149.9,460.3,143.3,261.9,26.4,22.4,0.0,1076.4,0.0,12.2,1015.4,48.8,1210,,HINGOLI,
Maharashtra,Hingoli,IMD110-P1209,1990,0.0,0.0,0.0,0.0,103.6,348.0,211.6,609.2,131.4,157.1,0.0,3.1,1563.9,0.0,103.6,1300.1,160.3,1210,,HINGOLI,
Maharashtra,Hingoli,IMD110-P1209,1991,0.0,0.0,0.0,0.0,4.3,273.7,337.3,78.7,5.7,6.2,10.0,0.0,715.9,0.0,4.3,695.4,16.2,1210,,HINGOLI,
Maharashtra,Hingoli,IMD110-P1209,1992,0.0,0.0,0.0,0.0,21.4,346.0,75.3,305.4,101.1,60.6,49.6,0.0,959.4,0.0,21.4,827.8,110.2,1210,,HINGOLI,
Maharashtra,Hingoli,IMD110-P1209,1993,0.0,2.7,7.8,0.0,8.9,116.0,255.7,141.7,123.4,83.5,0.0,74.0,813.6,2.7,16.7,636.7,157.5,1210,,HINGOLI,
Maharashtra,Hingoli,IMD110-P1209,1994,1.8,0.0,0.0,13.2,14.8,123.0,152.9,208.3,40.5,32.0,21.3,0.0,607.8,1.8,28.0,524.7,53.4,1210,,HINGOLI,
Maharashtra,Hingoli,IMD110-P1209,1995,55.4,0.0,62.4,18.7,11.2,196.3,267.3,77.8,167.9,85.0,0.5,0.0,942.5,55.4,92.2,709.3,85.6,1210,,HINGOLI,
Maharashtra,Hingoli,IMD110-P1209,1996,0.8,0.0,0.0,1.7,0.0,49.1,243.8,314.8,150.4,102.8,1.0,0.0,864.4,0.8,1.7,758.1,103.8,1210,,HINGOLI,
Maharashtra,Hingoli,IMD110-P1209,1997,3.1,0.0,2.0,16.0,5.0,54.9,165.9,173.9,234.0,152.8,19.8,63.9,891.3,3.1,23.0,628.7,236.5,1210,,HINGOLI,
Maharashtra,Hingoli,IMD110-P1209,1998,0.0,1.9,10.9,3.8,3.8,256.3,230.9,237.1,206.9,137.0,49.8,0.0,1138.4,1.9,18.5,931.1,186.8,1210,,HINGOLI,
Maharashtra,Hingoli,IMD110-P1209,1999,0.0,14.5,0.0,0.0,0.0,97.4,193.9,123.5,180.4,124.8,0.0,0.0,734.4,14.5,0.0,595.2,124.8,1210,,HINGOLI,
Maharashtra,Hingoli,IMD110-P1209,2000,0.0,0.0,0.0,0.0,0.0,225.9,213.6,157.1,41.0,15.2,0.0,6.0,658.8,0.0,0.0,637.6,21.2,1210,,HINGOLI,
Maharashtra,Hingoli,IMD110-P1209,2001,6.0,7.0,3.7,16.3,2.7,91.8,119.1,233.6,102.5,280.1,0.0,0.0,862.7,13.0,22.7,547.0,280.1,1210,,HINGOLI,
Maharashtra,Hingoli,IMD110-P1209,2002,0.3,7.0,3.7,0.3,2.7,425.7,77.2,256.9,173.9,114.7,0.0,0.0,1062.3,7.3,6.7,933.7,114.7,1210,,HINGOLI,
Maharashtra,Hingoli,IMD110-P1209,2003,0.0,5.7,0.0,0.0,62.3,152.8,458.3,160.6,106.9,4.4,0.0,0.0,951.0,5.7,62.3,878.5,4.4,1210,,HINGOLI,
Maharashtra,Hingoli,IMD110-P1209,2004,0.0,0.0,0.0,0.0,0.0,74.7,190.3,86.4,193.2,38.3,22.0,0.0,604.7,0.0,0.0,544.5,60.3,1210,,HINGOLI,
Maharashtra,Hingoli,IMD110-P1209,2005,11.8,0.0,6.0,0.0,0.0,81.5,588.5,139.8,167.6,111.3,0.0,0.0,1106.6,11.8,6.0,977.4,111.3,1210,,HINGOLI,
Maharashtra,Hingoli,IMD110-P1209,2006,0.0,0.0,27.2,0.0,4.2,170.2,177.6,528.8,206.8,31.1,9.7,0.0,1155.6,0.0,31.4,1083.3,40.8,1210,,HINGOLI,
Maharashtra,Hingoli,IMD110-P1209,2008,0.0,0.0,3.6,0.0,0.0,65.5,135.9,104.1,191.3,10.6,0.0,0.0,511.0,0.0,3.6,496.8,10.6,1210,,HINGOLI,
Maharashtra,Hingoli,IMD110-P1209,2009,0.0,0.0,0.0,0.0,0.0,91.3,145.9,182.6,120.5,62.8,52.2,4.4,659.7,0.0,0.0,540.3,119.4,1210,,HINGOLI,
Maharashtra,Hingoli,IMD110-P1209,2010,0.0,0.0,0.0,0.0,0.6,119.1,526.8,380.6,163.6,38.7,17.9,0.0,1247.3,0.0,0.6,1190.2,56.6,1210,,HINGOLI,
Maharashtra,Jalgaon,IMD110-P1211,1901,40.5,0.0,6.9,3.3,6.3,121.2,211.1,227.1,33.5,80.9,0.0,0.0,730.9,40.5,16.5,592.9,80.9,1211,,JALGAON,
Maharashtra,Jalgaon,IMD110-P1211,1902,14.8,0.1,0.0,0.8,6.6,52.4,183.3,111.5,150.7,52.1,30.7,22.0,624.9,14.9,7.4,497.8,104.8,1211,,JALGAON,
Maharashtra,Jalgaon,IMD110-P1211,1903,20.1,0.0,0.0,0.0,84.7,58.8,233.5,195.0,126.1,20.9,0.0,0.0,739.1,20.1,84.7,613.4,20.9,1211,,JALGAON,
Maharashtra,Jalgaon,IMD110-P1211,1904,0.3,14.8,2.5,0.0,4.5,77.9,93.9,52.2,322.3,22.8,0.0,0.5,591.8,15.1,7.0,546.4,23.3,1211,,JALGAON,
Maharashtra,Jalgaon,IMD110-P1211,1905,0.0,1.7,0.0,0.0,5.3,54.3,283.7,47.5,142.3,0.2,0.9,0.0,535.9,1.7,5.3,527.8,1.1,1211,,JALGAON,
Maharashtra,Jalgaon,IMD110-P1211,1906,0.4,0.4,0.0,0.0,2.1,224.2,256.0,168.3,115.5,0.7,0.3,8.1,776.0,0.8,2.1,764.0,9.1,1211,,JALGAON,
Maharashtra,Jalgaon,IMD110-P1211,1907,2.3,14.2,0.0,27.8,0.0,106.3,183.3,206.2,8.5,0.6,1.7,0.0,550.9,16.5,27.8,504.3,2.3,1211,,JALGAON,
Maharashtra,Jalgaon,IMD110-P1211,1908,0.0,0.0,15.7,0.5,0.6,150.1,210.5,197.5,67.7,0.5,0.6,0.0,643.6,0.0,16.8,625.7,1.1,1211,,JALGAON,
Maharashtra,Jalgaon,IMD110-P1211,1909,3.4,0.1,0.1,0.9,15.7,151.5,209.8,129.0,186.2,2.7,0.0,30.0,729.4,3.5,16.8,676.5,32.7,1211,,JALGAON,
Maharashtra,Jalgaon,IMD110-P1211,1910,0.0,0.0,0.0,0.0,2.3,244.7,141.2,207.1,112.8,78.3,34.1,0.0,820.4,0.0,2.3,705.8,112.4,1211,,JALGAON,
Maharashtra,Jalgaon,IMD110-P1211,1911,7.7,0.0,0.0,0.0,0.6,140.8,136.1,106.6,27.5,0.0,76.7,0.0,496.1,7.7,0.6,411.1,76.7,1211,,JALGAON,
Maharashtra,Jalgaon,IMD110-P1211,1912,0.0,2.0,0.0,0.2,0.8,91.4,194.5,132.9,13.8,5.5,101.2,0.7,543.0,2.0,1.0,432.6,107.4,1211,,JALGAON,
Maharashtra,Jalgaon,IMD110-P1211,1913,0.0,0.1,0.0,0.0,17.7,190.6,275.0,75.1,146.0,1.4,0.0,20.7,726.5,0.1,17.7,686.6,22.1,1211,,JALGAON,
Maharashtra,Jalgaon,IMD110-P1211,1914,0.0,0.0,2.1,0.7,36.6,266.3,231.6,155.6,351.7,3.0,23.6,14.4,1085.5,0.0,39.3,1005.1,41.0,1211,,JALGAON,
Maharashtra,Jalgaon,IMD110-P1211,1915,7.0,19.3,38.0,9.2,3.6,182.7,187.4,75.6,168.5,143.7,10.7,17.1,862.6,26.3,50.7,614.1,171.4,1211,,JALGAON,
Maharashtra,Jalgaon,IMD110-P1211,1916,0.0,1.5,0.0,0.3,19.4,129.9,326.5,190.9,182.1,86.6,32.6,0.0,969.8,1.5,19.7,829.4,119.2,1211,,JALGAON,
Maharashtra,Jalgaon,IMD110-P1211,1917,0.1,22.8,0.7,0.7,17.5,168.1,99.7,145.9,270.8,113.6,0.5,0.0,840.4,22.9,18.9,684.4,114.1,1211,,JALGAON,
Maharashtra,Jalgaon,IMD110-P1211,1918,0.2,0.4,0.6,0.0,50.4,96.4,106.9,91.1,19.3,0.5,25.0,3.4,394.3,0.6,51.1,313.7,29.0,1211,,JALGAON,
Maharashtra,Jalgaon,IMD110-P1211,1919,12.0,0.0,0.0,2.1,22.9,212.2,179.5,169.1,142.0,61.3,30.3,0.0,831.4,12.0,25.0,702.8,91.6,1211,,JALGAON,
Maharashtra,Jalgaon,IMD110-P1211,1920,65.8,0.0,0.0,0.4,8.6,107.0,171.9,76.6,41.9,1.3,0.0,0.0,473.5,65.8,9.0,397.5,1.3,1211,,JALGAON,
Maharashtra,Jalgaon,IMD110-P1211,1921,2.4,0.0,0.0,0.0,0.0,210.0,236.1,171.7,159.7,0.6,0.0,0.0,780.6,2.4,0.0,777.5,0.6,1211,,JALGAON,
Maharashtra,Jalgaon,IMD110-P1211,1922,55.5,1.9,0.0,0.6,2.5,143.2,183.2,35.3,194.0,5.2,48.7,4.4,674.6,57.5,3.1,555.8,58.2,1211,,JALGAON,
Maharashtra,Jalgaon,IMD110-P1211,1923,1.3,0.0,21.7,3.2,5.0,19.7,270.3,80.0,145.9,0.3,0.0,0.7,548.2,1.3,29.9,515.9,1.1,1211,,JALGAON,
Maharashtra,Jalgaon,IMD110-P1211,1924,14.5,0.0,0.9,0.5,9.4,58.1,159.5,157.2,182.3,126.4,0.0,8.4,717.1,14.5,10.8,557.1,134.8,1211,,JALGAON,
Maharashtra,Jalgaon,IMD110-P1211,1925,0.0,0.0,0.0,0.0,29.8,139.0,82.1,139.2,66.5,2.3,62.2,9.6,530.6,0.0,29.8,426.8,74.0,1211,,JALGAON,
Maharashtra,Jalgaon,IMD110-P1211,1926,46.3,3.0,0.5,0.4,7.2,42.9,212.0,280.8,61.3,0.1,6.7,2.4,663.6,49.3,8.1,597.1,9.2,1211,,JALGAON,
Maharashtra,Jalgaon,IMD110-P1211,1927,0.0,2.8,2.7,0.0,0.0,153.1,262.6,82.8,114.1,44.7,64.7,10.0,737.6,2.8,2.7,612.7,119.4,1211,,JALGAON,
Maharashtra,Jalgaon,IMD110-P1211,1928,0.0,23.9,3.9,0.0,1.4,119.4,212.0,108.1,134.2,76.3,0.4,72.3,751.8,23.9,5.2,573.7,149.0,1211,,JALGAON,
Maharashtra,Jalgaon,IMD110-P1211,1929,5.5,13.2,0.0,21.7,0.7,214.1,143.4,45.2,65.1,13.8,0.0,1.3,524.1,18.7,22.4,467.9,15.1,1211,,JALGAON,
Maharashtra,Jalgaon,IMD110-P1211,1930,0.0,0.4,0.0,0.3,6.7,154.9,147.8,111.5,363.3,14.8,9.0,0.5,809.3,0.4,7.0,777.6,24.3,1211,,JALGAON,
Maharashtra,Jalgaon,IMD110-P1211,1931,0.0,0.0,0.0,0.0,1.6,120.7,286.1,259.1,193.4,319.5,10.6,1.0,1192.1,0.0,1.6,859.3,331.2,1211,,JALGAON,
Maharashtra,Jalgaon,IMD110-P1211,1932,0.0,4.4,42.9,8.9,1.1,59.2,240.0,125.6,103.1,31.1,0.6,0.0,616.8,4.4,52.8,527.9,31.6,1211,,JALGAON,
Maharashtra,Jalgaon,IMD110-P1211,1933,1.3,0.0,0.2,0.0,72.3,190.3,144.0,217.7,265.6,31.7,6.3,19.5,948.9,1.3,72.5,817.6,57.6,1211,,JALGAON,
Maharashtra,Jalgaon,IMD110-P1211,1934,3.0,0.0,0.2,1.1,0.0,136.6,220.5,270.5,251.3,2.1,66.9,0.0,952.1,3.0,1.2,878.9,69.0,1211,,JALGAON,
Maharashtra,Jalgaon,IMD110-P1211,1935,0.7,0.0,0.0,3.9,0.8,117.1,251.6,108.3,147.7,52.1,3.7,0.7,686.7,0.7,4.7,624.8,56.5,1211,,JALGAON,
Maharashtra,Jalgaon,IMD110-P1211,1936,8.1,6.9,7.5,1.4,16.1,183.0,77.0,77.7,136.8,0.0,217.6,0.0,732.1,15.0,25.0,474.5,217.6,1211,,JALGAON,
Maharashtra,Jalgaon,IMD110-P1211,1937,0.0,1.0,0.0,3.7,0.0,88.0,295.6,33.4,194.6,59.8,0.0,1.4,677.5,1.0,3.8,611.5,61.2,1211,,JALGAON,
Maharashtra,Jalgaon,IMD110-P1211,1938,1.5,0.0,13.5,0.7,43.9,323.5,290.4,130.7,172.6,58.3,0.2,0.0,1035.2,1.5,58.1,917.2,58.5,1211,,JALGAON,
Maharashtra,Jalgaon,IMD110-P1211,1939,1.1,0.0,5.6,0.0,0.0,72.7,214.5,246.4,62.5,3.1,13.0,4.0,622.8,1.1,5.6,596.1,20.0,1211,,JALGAON,
Maharashtra,Jalgaon,IMD110-P1211,1940,1.0,0.5,0.9,0.2,6.2,183.6,200.5,161.7,95.0,57.7,19.8,3.9,730.9,1.4,7.3,640.8,81.3,1211,,JALGAON,
Maharashtra,Jalgaon,IMD110-P1211,1941,4.2,28.0,1.3,0.6,0.0,29.3,342.3,79.6,102.0,2.8,0.0,0.0,590.0,32.2,1.9,553.2,2.8,1212,,JALGAON,
Maharashtra,Jalgaon,IMD110-P1211,1942,1.6,7.3,0.0,0.6,1.0,108.4,219.8,339.3,148.6,0.0,0.0,33.0,859.7,8.9,1.6,816.1,33.0,1212,,JALGAON,
Maharashtra,Jalgaon,IMD110-P1211,1943,4.2,0.0,0.0,1.4,52.0,148.1,191.9,60.1,168.1,202.4,0.3,0.0,828.5,4.2,53.4,568.3,202.6,1212,,JALGAON,
Maharashtra,Jalgaon,IMD110-P1211,1944,1.6,1.4,12.2,0.0,0.2,76.0,336.4,344.7,140.9,31.3,4.6,0.0,949.3,3.0,12.3,898.1,35.8,1212,,JALGAON,
Maharashtra,Jalgaon,IMD110-P1211,1945,9.5,0.0,0.0,1.3,0.8,49.4,177.4,264.5,216.1,10.9,1.4,0.1,731.3,9.5,2.1,707.4,12.4,1212,,JALGAON,
Maharashtra,Jalgaon,IMD110-P1211,1946,0.0,3.4,0.0,8.9,14.2,254.2,215.5,176.7,108.6,4.1,148.8,20.3,954.7,3.4,23.1,754.9,173.3,1212,,JALGAON,
Maharashtra,Jalgaon,IMD110-P1211,1947,12.8,2.9,4.1,3.8,0.1,48.6,191.3,275.6,157.6,29.4,1.7,45.7,773.7,15.7,8.0,673.2,76.8,1212,,JALGAON,
Maharashtra,Jalgaon,IMD110-P1211,1948,22.8,0.9,0.3,1.8,1.9,218.4,367.3,149.8,105.7,7.3,73.5,0.0,949.8,23.8,4.0,841.2,80.8,1212,,JALGAON,
Maharashtra,Jalgaon,IMD110-P1211,1949,0.0,0.3,0.0,0.1,15.9,114.4,242.2,136.5,470.5,65.8,0.0,0.0,1045.7,0.3,16.0,963.6,65.8,1212,,JALGAON,
Maharashtra,Jalgaon,IMD110-P1211,1950,0.0,0.0,0.1,0.2,5.9,17.0,195.5,48.6,214.8,13.3,3.1,1.7,500.2,0.0,6.2,476.0,18.0,1212,,JALGAON,
Maharashtra,Jalgaon,IMD110-P1211,1951,0.3,0.0,2.5,2.9,4.7,103.6,217.8,138.6,55.7,92.6,2.3,0.0,621.0,0.3,10.2,515.7,94.9,1212,,JALGAON,
Maharashtra,Jalgaon,IMD110-P1211,1952,0.0,0.6,0.0,0.0,0.4,80.5,160.3,87.8,38.3,4.9,0.0,0.9,373.6,0.6,0.4,366.9,5.7,1212,,JALGAON,
Maharashtra,Jalgaon,IMD110-P1211,1953,0.1,0.0,0.0,0.2,0.0,145.8,216.2,170.9,84.8,44.2,0.0,0.0,662.2,0.1,0.2,617.8,44.2,1212,,JALGAON,
Maharashtra,Jalgaon,IMD110-P1211,1954,6.2,0.2,4.8,0.0,0.6,144.7,229.7,180.9,314.4,0.9,0.0,0.3,882.7,6.5,5.4,869.7,1.2,1212,,JALGAON,
Maharashtra,Jalgaon,IMD110-P1211,1955,7.7,0.0,0.1,0.1,2.1,181.4,127.0,273.0,173.8,87.5,0.0,0.0,852.8,7.7,2.3,755.3,87.5,1212,,JALGAON,
Maharashtra,Jalgaon,IMD110-P1211,1956,6.8,0.0,0.0,6.9,76.4,185.5,238.2,132.4,181.4,47.5,62.0,3.8,940.8,6.8,83.3,737.4,113.3,1212,,JALGAON,
Maharashtra,Jalgaon,IMD110-P1211,1957,0.0,0.0,8.0,0.9,12.1,166.3,173.6,174.3,91.9,9.7,9.8,0.0,646.5,0.0,21.0,606.0,19.5,1212,,JALGAON,
Maharashtra,Jalgaon,IMD110-P1211,1958,0.4,0.0,1.1,2.9,4.0,110.9,230.0,423.4,153.0,29.1,42.8,0.0,997.7,0.4,8.0,917.3,71.9,1212,,JALGAON,
Maharashtra,Jalgaon,IMD110-P1211,1959,17.7,0.0,0.2,3.6,1.9,120.0,202.5,210.4,235.3,102.1,30.7,0.0,924.3,17.7,5.7,768.2,132.8,1212,,JALGAON,
Maharashtra,Jalgaon,IMD110-P1211,1960,21.7,0.0,12.2,0.0,8.8,203.8,183.3,176.7,67.2,54.1,0.0,0.0,727.8,21.7,21.1,630.9,54.1,1212,,JALGAON,
Maharashtra,Jalgaon,IMD110-P1211,1961,2.1,0.0,2.3,1.2,6.7,115.2,246.9,95.6,135.9,184.1,0.2,7.6,797.7,2.1,10.2,593.6,191.8,1212,,JALGAON,
Maharashtra,Jalgaon,IMD110-P1211,1962,0.0,0.0,12.7,10.5,22.1,67.0,194.5,70.9,218.5,0.0,41.1,40.4,677.7,0.0,45.3,550.9,81.5,1212,,JALGAON,
Maharashtra,Jalgaon,IMD110-P1211,1963,0.0,6.1,12.2,2.7,3.8,161.9,171.2,275.5,36.0,60.3,46.0,0.0,775.7,6.1,18.8,644.5,106.3,1212,,JALGAON,
Maharashtra,Jalgaon,IMD110-P1211,1964,0.0,0.0,7.0,0.0,0.6,170.8,227.0,195.2,136.4,12.3,0.0,0.0,749.2,0.0,7.6,729.3,12.3,1212,,JALGAON,
Maharashtra,Jalgaon,IMD110-P1211,1965,17.9,0.0,0.5,0.0,0.4,73.1,234.4,192.2,10.0,0.9,0.8,10.5,540.8,17.9,1.0,509.7,12.2,1212,,JALGAON,
Maharashtra,Jalgaon,IMD110-P1211,1966,0.4,0.0,1.6,0.0,11.9,69.8,223.1,117.2,176.0,0.2,46.0,22.4,668.7,0.4,13.5,586.2,68.6,1212,,JALGAON,
Maharashtra,Jalgaon,IMD110-P1211,1967,0.0,0.0,12.3,0.2,0.0,152.8,216.9,153.5,64.2,1.7,0.0,52.9,654.4,0.0,12.4,587.4,54.6,1212,,JALGAON,
Maharashtra,Jalgaon,IMD110-P1211,1968,3.8,0.9,10.0,0.0,0.0,40.3,201.9,382.3,102.4,12.7,0.0,0.0,754.2,4.7,10.0,726.9,12.7,1212,,JALGAON,
Maharashtra,Jalgaon,IMD110-P1211,1969,0.1,0.0,0.0,0.0,0.0,130.4,249.0,227.4,323.0,0.0,20.1,0.0,950.0,0.1,0.0,929.8,20.1,1212,,JALGAON,
Maharashtra,Jalgaon,IMD110-P1211,1970,3.4,0.0,5.2,10.2,21.2,315.9,94.9,346.7,173.7,21.2,0.0,0.0,992.4,3.4,36.7,931.1,21.2,1212,,JALGAON,
Maharashtra,Jalgaon,IMD110-P1211,1971,0.0,0.0,0.0,0.4,12.8,59.0,59.5,134.5,110.0,51.7,0.0,0.0,427.9,0.0,13.2,363.0,51.7,1212,,JALGAON,
Maharashtra,Jalgaon,IMD110-P1211,1972,0.0,0.7,0.0,0.1,1.8,118.6,109.4,172.3,72.3,1.7,27.1,0.0,503.9,0.7,1.9,472.5,28.8,1212,,JALGAON,
Maharashtra,Jalgaon,IMD110-P1211,1973,0.0,13.2,1.5,0.0,0.0,97.5,222.8,284.7,148.6,45.7,0.0,2.5,816.5,13.2,1.5,753.6,48.2,1212,,JALGAON,
Maharashtra,Jalgaon,IMD110-P1211,1974,0.0,0.8,0.0,4.6,31.3,36.6,213.3,213.3,84.6,58.3,0.0,0.0,642.7,0.8,35.8,547.8,58.3,1212,,JALGAON,
Maharashtra,Jalgaon,IMD110-P1211,1975,0.0,0.0,0.4,0.0,12.5,119.1,212.9,295.1,139.3,64.1,0.0,0.0,843.4,0.0,12.9,766.3,64.1,1212,,JALGAON,
Maharashtra,Jalgaon,IMD110-P1211,1976,0.0,0.0,2.0,1.4,0.0,153.2,301.2,174.3,75.0,0.0,87.1,8.0,802.1,0.0,3.4,703.6,95.1,1212,,JALGAON,
Maharashtra,Jalgaon,IMD110-P1211,1977,0.0,0.2,14.5,0.1,14.2,185.0,159.0,141.4,97.9,32.6,102.1,7.7,754.7,0.2,28.8,583.4,142.4,1212,,JALGAON,
Maharashtra,Jalgaon,IMD110-P1211,1978,3.7,32.7,14.3,0.6,0.6,114.1,190.4,208.5,33.9,19.4,23.0,5.4,646.5,36.4,15.4,546.9,47.8,1212,,JALGAON,
Maharashtra,Jalgaon,IMD110-P1211,1979,9.8,6.7,7.0,0.0,0.0,144.3,187.1,224.9,131.7,45.8,81.0,4.5,842.8,16.5,7.0,688.0,131.3,1212,,JALGAON,
Maharashtra,Jalgaon,IMD110-P1211,1980,0.1,0.0,0.3,0.0,0.0,244.9,78.6,272.1,38.9,0.4,0.2,25.7,661.0,0.1,0.3,634.4,26.2,1212,,JALGAON,
Maharashtra,Jalgaon,IMD110-P1211,1981,11.4,0.0,2.1,0.0,3.2,68.3,190.1,273.3,159.4,39.9,7.0,17.6,772.2,11.4,5.3,691.0,64.4,1212,,JALGAON,
Maharashtra,Jalgaon,IMD110-P1211,1982,5.6,0.5,1.6,1.8,2.4,149.4,143.9,115.6,62.2,22.9,28.3,0.0,534.1,6.1,5.7,471.0,51.2,1213,,JALGAON,
Maharashtra,Jalgaon,IMD110-P1211,1983,1.2,0.0,0.0,0.0,0.0,95.3,185.4,234.5,228.8,53.7,0.0,0.4,799.3,1.2,0.0,744.1,54.1,1213,,JALGAON,
Maharashtra,Jalgaon,IMD110-P1211,1984,2.6,6.0,0.0,0.0,0.0,63.1,183.8,146.2,82.4,71.6,1.1,0.0,556.8,8.5,0.0,475.5,72.8,1213,,JALGAON,
Maharashtra,Jalgaon,IMD110-P1211,1985,0.0,0.0,0.0,6.4,2.0,105.9,187.3,105.7,15.9,114.7,0.2,0.0,538.0,0.0,8.4,414.8,114.8,1213,,JALGAON,
Maharashtra,Jalgaon,IMD110-P1211,1986,0.9,26.0,2.5,0.0,0.0,107.6,151.0,218.3,35.6,0.4,2.6,12.8,557.6,26.9,2.5,512.5,15.7,1213,,JALGAON,
Maharashtra,Jalgaon,IMD110-P1211,1987,10.6,11.1,1.3,0.0,21.8,154.1,101.8,302.6,15.7,63.8,54.7,24.8,762.2,21.7,23.0,574.2,143.3,1213,,JALGAON,
Maharashtra,Jalgaon,IMD110-P1211,1988,0.0,0.0,0.0,2.0,1.5,91.3,304.2,114.7,296.8,49.7,0.0,0.0,860.3,0.0,3.6,807.0,49.7,1213,,JALGAON,
Maharashtra,Jalgaon,IMD110-P1211,1989,0.0,0.0,31.6,0.1,5.7,166.0,210.4,282.9,118.3,6.2,0.0,0.0,821.3,0.0,37.4,777.7,6.2,1213,,JALGAON,
Maharashtra,Jalgaon,IMD110-P1211,1990,1.3,0.0,0.0,0.0,34.4,102.5,138.8,362.3,98.4,96.8,0.6,9.3,844.4,1.3,34.4,701.9,106.7,1213,,JALGAON,
Maharashtra,Jalgaon,IMD110-P1211,1991,0.0,0.0,3.2,1.3,0.1,226.5,264.5,67.4,11.2,0.8,3.2,0.1,578.3,0.0,4.5,569.6,4.2,1213,,JALGAON,
Maharashtra,Jalgaon,IMD110-P1211,1992,0.0,0.0,0.0,0.0,1.5,189.0,163.3,226.5,110.8,100.3,0.2,0.0,791.5,0.0,1.5,689.5,100.5,1213,,JALGAON,
Maharashtra,Jalgaon,IMD110-P1211,1993,0.0,0.8,3.3,0.0,7.1,60.9,294.6,127.8,199.2,53.6,13.4,47.0,807.6,0.8,10.4,682.4,114.0,1213,,JALGAON,
Maharashtra,Jalgaon,IMD110-P1211,1994,0.9,0.4,0.0,11.2,0.4,128.9,208.4,234.9,141.0,18.5,8.4,0.0,753.0,1.3,11.6,713.2,26.9,1213,,JALGAON,
Maharashtra,Jalgaon,IMD110-P1211,1995,26.2,0.1,27.4,2.3,20.0,106.8,176.3,42.7,132.3,72.6,0.0,0.2,606.7,26.3,49.7,458.0,72.8,1213,,JALGAON,
Maharashtra,Jalgaon,IMD110-P1211,1996,1.2,0.0,0.9,0.0,0.5,53.7,192.9,182.1,133.5,116.1,1.0,0.0,681.9,1.2,1.4,562.2,117.1,1213,,JALGAON,
Maharashtra,Jalgaon,IMD110-P1211,1997,7.7,0.0,0.0,2.3,0.0,89.5,181.3,229.0,86.9,48.0,90.7,73.9,809.2,7.7,2.3,586.7,212.5,1213,,JALGAON,
Maharashtra,Jalgaon,IMD110-P1211,1998,0.0,0.0,0.8,0.0,0.0,132.1,257.0,240.4,310.0,73.1,18.9,0.0,1032.2,0.0,0.8,939.4,92.0,1213,,JALGAON,
Maharashtra,Jalgaon,IMD110-P1211,1999,0.0,14.3,0.0,0.0,6.9,155.6,107.6,80.5,136.4,110.5,0.0,0.0,611.7,14.3,6.9,480.1,110.5,1213,,JALGAON,
Maharashtra,Jalgaon,IMD110-P1211,2000,0.0,0.0,0.0,0.0,0.0,228.2,203.0,43.0,15.7,0.0,0.0,5.1,495.0,0.0,0.0,489.9,5.1,1213,,JALGAON,
Maharashtra,Jalgaon,IMD110-P1211,2001,15.1,0.0,2.7,0.1,2.3,175.5,113.8,155.3,38.6,159.4,0.0,0.0,662.8,15.1,5.1,483.1,159.4,1213,,JALGAON,
Maharashtra,Jalgaon,IMD110-P1211,2002,1.8,22.8,0.7,0.5,0.2,233.1,45.5,286.3,153.1,6.8,16.0,0.0,766.9,24.6,1.4,718.0,22.9,1213,,JALGAON,
Maharashtra,Jalgaon,IMD110-P1211,2003,2.5,4.6,0.0,0.8,5.6,328.4,227.2,320.0,231.6,0.2,0.0,0.0,1120.9,7.1,6.4,1107.2,0.2,1213,,JALGAON,
Maharashtra,Jalgaon,IMD110-P1211,2004,0.1,0.0,0.0,0.0,38.2,94.5,170.8,199.6,118.6,18.2,5.5,0.0,645.5,0.1,38.2,583.4,23.8,1213,,JALGAON,
Maharashtra,Jalgaon,IMD110-P1211,2005,7.7,3.7,7.1,0.0,0.9,62.0,151.5,123.5,163.8,3.6,0.0,0.0,523.8,11.4,8.0,500.7,3.6,1213,,JALGAON,
Maharashtra,Jalgaon,IMD110-P1211,2006,0.0,0.0,24.3,0.0,4.3,115.2,346.3,494.1,228.3,59.8,0.0,0.0,1272.5,0.0,28.6,1184.0,59.8,1213,,JALGAON,
Maharashtra,Jalgaon,IMD110-P1211,2007,0.0,0.0,0.0,0.6,3.1,95.0,258.3,145.7,154.9,0.0,0.2,0.0,657.7,0.0,3.7,653.9,0.2,1213,,JALGAON,
Maharashtra,Jalgaon,IMD110-P1211,2008,0.0,0.0,0.0,0.0,0.0,61.0,138.4,88.4,229.6,16.0,0.0,0.0,533.3,0.0,0.0,517.3,16.0,1213,,JALGAON,
Maharashtra,Jalgaon,IMD110-P1211,2009,0.0,0.0,0.0,0.0,1.9,58.6,239.9,111.5,124.4,70.3,124.4,15.9,747.0,0.0,1.9,534.5,210.5,1213,,JALGAON,
Maharashtra,Jalgaon,IMD110-P1211,2010,3.8,0.2,3.0,0.0,1.7,90.4,300.4,234.2,118.9,22.1,84.2,0.0,859.0,4.0,4.7,743.9,106.3,1213,,JALGAON,
Maharashtra,Jalna,IMD110-P1214,1951,1.5,0.0,0.0,0.8,0.0,159.9,291.9,81.9,59.4,75.2,1.5,0.0,672.1,1.5,0.8,593.1,76.8,1214,,JALNA,
Maharashtra,Jalna,IMD110-P1214,1952,0.0,18.0,0.0,2.5,0.3,98.2,112.8,73.2,110.8,5.2,0.0,2.5,423.4,18.0,2.7,394.9,7.7,1214,,JALNA,
Maharashtra,Jalna,IMD110-P1214,1953,0.0,0.0,0.3,16.4,0.0,216.5,250.5,113.5,113.6,38.9,0.0,0.0,749.5,0.0,16.6,694.0,38.9,1214,,JALNA,
Maharashtra,Jalna,IMD110-P1214,1954,0.0,0.1,15.3,0.0,5.0,173.6,228.1,141.4,183.3,0.0,0.0,0.4,747.3,0.1,20.3,726.5,0.4,1214,,JALNA,
Maharashtra,Jalna,IMD110-P1214,1955,8.8,0.0,0.6,3.4,0.8,200.2,184.9,290.4,154.7,108.8,1.0,0.0,953.7,8.8,4.8,830.3,109.8,1214,,JALNA,
Maharashtra,Jalna,IMD110-P1214,1956,2.9,0.0,0.0,5.3,85.2,169.7,211.5,98.4,197.5,35.9,83.7,0.0,890.0,2.9,90.5,677.1,119.6,1214,,JALNA,
Maharashtra,Jalna,IMD110-P1214,1957,3.9,0.0,8.5,11.1,30.7,127.9,228.1,229.2,86.8,30.7,3.7,0.0,760.5,3.9,50.3,671.9,34.4,1214,,JALNA,
Maharashtra,Jalna,IMD110-P1214,1958,0.0,0.0,0.0,16.5,11.7,100.9,149.9,443.9,86.9,33.1,75.8,0.0,918.7,0.0,28.2,781.6,108.9,1214,,JALNA,
Maharashtra,Jalna,IMD110-P1214,1959,1.1,0.0,0.0,7.1,1.2,137.5,112.5,159.8,284.6,93.4,9.2,0.0,806.3,1.1,8.2,694.4,102.6,1214,,JALNA,
Maharashtra,Jalna,IMD110-P1214,1960,4.3,0.0,3.8,0.0,22.3,168.9,95.0,67.9,222.5,149.8,0.0,0.0,734.5,4.3,26.1,554.3,149.8,1214,,JALNA,
Maharashtra,Jalna,IMD110-P1214,1961,0.0,0.0,0.0,0.0,13.2,168.2,186.1,86.2,89.4,279.1,4.9,4.1,831.2,0.0,13.2,529.9,288.2,1214,,JALNA,
Maharashtra,Jalna,IMD110-P1214,1962,0.0,0.0,3.3,0.0,63.9,54.9,166.0,155.4,201.9,8.9,20.5,0.0,674.8,0.0,67.2,578.1,29.4,1214,,JALNA,
Maharashtra,Jalna,IMD110-P1214,1963,0.0,4.0,8.8,2.5,20.0,172.1,288.9,323.7,86.0,41.0,3.8,0.0,950.8,4.0,31.3,870.6,44.8,1214,,JALNA,
Maharashtra,Jalna,IMD110-P1214,1964,0.0,0.0,0.0,0.0,4.0,130.0,222.0,107.5,151.5,19.3,8.8,0.0,643.1,0.0,4.0,611.0,28.1,1214,,JALNA,
Maharashtra,Jalna,IMD110-P1214,1965,16.3,10.1,0.0,5.1,0.0,107.8,183.0,144.1,35.7,0.0,0.0,6.8,508.9,26.4,5.1,470.6,6.8,1214,,JALNA,
Maharashtra,Jalna,IMD110-P1214,1966,11.3,0.0,21.3,1.1,24.8,40.7,250.7,81.9,148.9,1.1,84.8,7.5,674.1,11.3,47.2,522.3,93.4,1214,,JALNA,
Maharashtra,Jalna,IMD110-P1214,1967,0.0,0.0,0.9,0.0,0.0,112.0,148.6,103.1,92.5,8.0,0.0,107.2,572.2,0.0,0.9,456.1,115.2,1214,,JALNA,
Maharashtra,Jalna,IMD110-P1214,1968,7.8,14.7,22.5,2.1,0.0,99.0,247.1,76.1,173.2,5.2,18.6,1.8,668.1,22.5,24.6,595.4,25.6,1214,,JALNA,
Maharashtra,Jalna,IMD110-P1214,1969,0.0,0.0,0.0,0.0,1.9,187.0,227.4,94.3,333.9,0.4,72.7,0.0,917.7,0.0,1.9,842.6,73.2,1214,,JALNA,
Maharashtra,Jalna,IMD110-P1214,1970,5.5,0.0,1.2,12.0,43.2,224.9,108.5,305.9,119.7,30.9,0.0,0.0,851.8,5.5,56.4,759.0,30.9,1214,,JALNA,
Maharashtra,Jalna,IMD110-P1214,1971,0.0,0.0,0.0,0.0,72.9,87.8,12.9,240.2,155.8,60.9,0.0,0.0,630.6,0.0,72.9,496.8,60.9,1214,,JALNA,
Maharashtra,Jalna,IMD110-P1214,1972,0.0,0.0,0.0,0.0,0.0,89.8,30.0,83.4,72.2,0.0,11.5,0.0,286.9,0.0,0.0,275.4,11.5,1214,,JALNA,
Maharashtra,Jalna,IMD110-P1214,1973,0.0,0.0,0.0,0.0,0.0,112.0,211.0,282.4,98.9,35.9,0.0,0.0,740.2,0.0,0.0,704.3,35.9,1214,,JALNA,
Maharashtra,Jalna,IMD110-P1214,1974,0.0,1.7,0.0,0.0,46.8,63.2,66.9,110.9,149.3,62.2,0.0,0.0,501.1,1.7,46.8,390.4,62.2,1214,,JALNA,
Maharashtra,Jalna,IMD110-P1214,1975,0.0,1.7,0.6,0.0,5.4,110.7,235.0,227.7,299.7,95.0,0.0,0.0,975.8,1.7,6.0,873.1,95.0,1214,,JALNA,
Maharashtra,Jalna,IMD110-P1214,1976,0.0,0.0,1.5,0.0,0.0,108.0,181.2,189.9,51.8,0.8,31.9,0.0,565.2,0.0,1.5,531.0,32.7,1214,,JALNA,
Maharashtra,Jalna,IMD110-P1214,1977,0.0,0.0,1.7,2.0,10.9,187.4,123.5,126.2,173.2,72.9,189.5,3.3,890.6,0.0,14.6,610.3,265.7,1214,,JALNA,
Maharashtra,Jalna,IMD110-P1214,1978,2.7,16.5,11.4,8.0,2.8,208.4,182.7,72.3,39.4,87.5,38.2,4.4,674.3,19.2,22.1,502.8,130.1,1214,,JALNA,
Maharashtra,Jalna,IMD110-P1214,1979,3.6,0.0,4.0,0.0,7.8,92.9,175.2,169.4,240.4,7.9,84.0,0.0,785.2,3.6,11.8,677.9,91.9,1214,,JALNA,
Maharashtra,Jalna,IMD110-P1214,1980,0.0,0.0,0.0,0.0,0.0,195.9,93.2,367.4,82.7,3.0,0.0,37.7,779.9,0.0,0.0,739.2,40.7,1214,,JALNA,
Maharashtra,Jalna,IMD110-P1214,1981,21.1,1.0,7.7,0.0,14.6,86.6,65.4,87.0,262.3,63.7,1.1,25.4,635.9,22.1,22.2,501.3,90.3,1214,,JALNA,
Maharashtra,Jalna,IMD110-P1214,1982,11.4,0.6,2.1,0.0,10.3,116.4,134.3,93.1,78.3,44.5,19.0,0.0,510.0,12.0,12.4,422.1,63.5,1214,,JALNA,
Maharashtra,Jalna,IMD110-P1214,1983,0.0,0.0,0.0,0.0,1.0,92.5,183.7,192.4,364.5,41.0,0.0,4.2,879.2,0.0,1.0,833.0,45.2,1214,,JALNA,
Maharashtra,Jalna,IMD110-P1214,1984,7.4,0.0,0.0,0.0,0.0,93.9,154.6,37.7,90.0,125.5,4.3,0.0,513.5,7.4,0.0,376.3,129.8,1214,,JALNA,
Maharashtra,Jalna,IMD110-P1214,1985,3.0,0.0,0.0,0.0,0.0,127.3,151.4,83.1,46.5,97.1,0.0,0.0,508.4,3.0,0.0,408.3,97.1,1214,,JALNA,
Maharashtra,Jalna,IMD110-P1214,1986,0.0,10.3,6.6,0.0,0.0,138.7,139.7,132.7,78.5,0.0,3.8,0.0,510.3,10.3,6.6,489.6,3.8,1214,,JALNA,
Maharashtra,Jalna,IMD110-P1214,1987,10.5,3.8,2.0,0.0,10.9,136.8,200.4,185.4,50.2,174.3,30.8,8.5,813.5,14.3,12.9,572.7,213.6,1214,,JALNA,
Maharashtra,Jalna,IMD110-P1214,1988,0.0,0.0,0.0,4.0,1.4,211.5,247.0,184.0,401.6,18.0,15.4,0.4,1083.3,0.0,5.4,1044.1,33.8,1214,,JALNA,
Maharashtra,Jalna,IMD110-P1214,1989,0.0,0.0,41.7,1.0,3.8,166.1,252.3,147.9,112.0,7.9,0.0,2.9,735.7,0.0,46.6,678.3,10.8,1214,,JALNA,
Maharashtra,Jalna,IMD110-P1214,1990,1.5,0.0,0.0,0.0,119.9,215.0,89.4,297.0,61.1,194.1,3.8,2.6,984.5,1.5,119.9,662.6,200.5,1214,,JALNA,
Maharashtra,Jalna,IMD110-P1214,1991,0.0,0.6,0.0,8.2,9.6,278.9,237.3,41.4,23.9,2.2,15.8,0.0,618.1,0.6,17.8,581.5,18.1,1215,,JALNA,
Maharashtra,Jalna,IMD110-P1214,1992,0.0,0.0,0.0,0.0,3.8,199.2,106.2,207.2,151.9,100.1,3.7,0.0,772.2,0.0,3.8,664.6,103.8,1215,,JALNA,
Maharashtra,Jalna,IMD110-P1214,1993,0.0,0.5,2.1,0.0,3.0,120.4,222.6,189.3,136.2,99.1,3.1,55.8,832.0,0.5,5.1,668.5,157.9,1215,,JALNA,
Maharashtra,Jalna,IMD110-P1214,1994,5.6,0.0,0.0,15.2,24.6,82.0,91.3,154.2,58.9,55.9,57.6,0.0,545.3,5.6,39.8,386.5,113.5,1215,,JALNA,
Maharashtra,Jalna,IMD110-P1214,1995,26.7,0.0,50.0,3.8,11.8,77.6,167.4,61.7,127.6,82.3,0.0,0.0,608.8,26.7,65.5,434.3,82.3,1215,,JALNA,
Maharashtra,Jalna,IMD110-P1214,1996,0.0,0.0,0.0,0.0,0.0,64.6,181.7,203.1,139.3,93.1,0.0,0.0,681.8,0.0,0.0,588.7,93.1,1215,,JALNA,
Maharashtra,Jalna,IMD110-P1214,1997,6.2,0.0,0.6,17.1,0.0,56.1,117.0,153.5,108.2,68.6,126.8,87.6,741.8,6.2,17.7,434.8,283.0,1215,,JALNA,
Maharashtra,Jalna,IMD110-P1214,1998,0.0,0.0,4.2,0.0,7.3,226.9,304.6,217.7,163.7,150.0,68.9,0.0,1143.4,0.0,11.5,913.0,218.9,1215,,JALNA,
Maharashtra,Jalna,IMD110-P1214,1999,0.0,15.8,0.8,0.0,60.1,176.1,96.9,87.9,189.7,108.7,0.0,0.0,736.0,15.8,60.9,550.6,108.7,1215,,JALNA,
Maharashtra,Jalna,IMD110-P1214,2000,0.0,6.5,0.0,0.0,30.2,186.5,121.5,86.5,49.8,25.7,0.0,0.0,506.7,6.5,30.2,444.3,25.7,1215,,JALNA,
Maharashtra,Jalna,IMD110-P1214,2001,1.4,0.0,0.0,0.6,0.0,150.9,46.7,227.7,114.5,190.7,1.3,0.0,733.8,1.4,0.6,539.7,192.1,1215,,JALNA,
Maharashtra,Jalna,IMD110-P1214,2002,0.1,1.4,1.4,13.0,0.0,266.5,54.5,315.7,130.2,78.6,1.5,0.0,862.8,1.5,14.4,766.9,80.1,1215,,JALNA,
Maharashtra,Jalna,IMD110-P1214,2003,0.0,0.6,0.0,1.4,52.5,137.4,218.1,147.1,68.6,18.8,3.3,3.3,651.0,0.6,53.9,571.2,25.3,1215,,JALNA,
Maharashtra,Jalna,IMD110-P1214,2004,0.0,0.0,0.0,0.0,33.4,91.2,213.3,79.7,204.4,48.9,0.0,0.0,671.0,0.0,33.4,588.7,48.9,1215,,JALNA,
Maharashtra,Jalna,IMD110-P1214,2005,2.5,4.5,4.1,9.1,2.7,36.6,353.3,92.7,178.6,60.3,0.0,0.0,744.4,7.1,15.9,661.1,60.3,1215,,JALNA,
Maharashtra,Jalna,IMD110-P1214,2006,0.0,0.0,37.3,0.0,38.7,132.4,110.6,297.7,218.9,46.6,0.0,0.0,882.1,0.0,75.9,759.6,46.6,1215,,JALNA,
Maharashtra,Jalna,IMD110-P1214,2007,0.0,0.0,0.0,0.0,10.3,162.8,143.4,131.6,139.9,0.0,11.6,0.0,599.5,0.0,10.3,577.6,11.6,1215,,JALNA,
Maharashtra,Jalna,IMD110-P1214,2008,0.0,0.0,12.2,1.8,0.0,70.0,116.5,116.3,241.1,43.9,0.0,0.0,601.8,0.0,13.9,543.9,43.9,1215,,JALNA,
Maharashtra,Jalna,IMD110-P1214,2009,0.0,0.0,0.0,0.0,0.0,45.9,180.9,174.2,122.7,40.5,64.1,0.0,628.2,0.0,0.0,523.7,104.5,1215,,JALNA,
Maharashtra,Jalna,IMD110-P1214,2010,0.0,0.0,2.0,0.0,2.8,92.8,294.7,291.6,113.5,43.2,34.5,0.0,875.0,0.0,4.8,792.5,77.7,1215,,JALNA,
Maharashtra,Kolhapur,IMD110-P1216,1901,12.5,1.8,23.7,89.7,71.9,222.5,347.6,263.6,90.6,73.6,3.4,5.6,1206.6,14.3,185.3,924.3,82.6,1216,,KOLHAPUR,
Maharashtra,Kolhapur,IMD110-P1216,1902,9.4,0.0,1.4,28.9,20.4,253.8,363.0,125.7,140.6,132.3,18.6,98.3,1192.6,9.4,50.7,883.2,249.2,1216,,KOLHAPUR,
Maharashtra,Kolhapur,IMD110-P1216,1903,1.3,0.0,0.0,11.9,88.9,141.9,524.9,119.5,123.8,100.7,15.6,4.3,1132.8,1.3,100.7,910.2,120.6,1216,,KOLHAPUR,
Maharashtra,Kolhapur,IMD110-P1216,1904,0.0,0.0,8.0,12.2,104.2,352.2,309.7,139.3,100.2,68.3,0.0,0.0,1094.0,0.0,124.4,901.3,68.3,1216,,KOLHAPUR,
Maharashtra,Kolhapur,IMD110-P1216,1905,0.0,0.0,0.0,11.4,81.0,70.2,314.6,135.9,36.7,81.1,13.6,0.0,744.4,0.0,92.4,557.4,94.7,1216,,KOLHAPUR,
Maharashtra,Kolhapur,IMD110-P1216,1906,16.2,0.0,0.0,0.5,23.1,150.5,335.2,251.5,78.1,55.2,34.8,25.4,970.4,16.2,23.6,815.3,115.3,1216,,KOLHAPUR,
Maharashtra,Kolhapur,IMD110-P1216,1907,1.3,0.0,1.3,99.8,5.8,132.0,348.6,585.9,250.7,11.5,14.3,0.0,1451.3,1.3,106.9,1317.2,25.9,1216,,KOLHAPUR,
Maharashtra,Kolhapur,IMD110-P1216,1908,0.0,0.0,6.1,20.5,29.3,113.1,704.4,302.7,93.0,54.3,13.5,0.0,1336.9,0.0,55.9,1213.3,67.8,1216,,KOLHAPUR,
Maharashtra,Kolhapur,IMD110-P1216,1909,0.0,0.0,2.9,4.8,45.7,228.1,519.0,70.3,57.9,86.2,24.4,0.3,1039.6,0.0,53.4,875.3,110.9,1216,,KOLHAPUR,
Maharashtra,Kolhapur,IMD110-P1216,1910,0.0,0.0,7.1,0.0,40.6,232.7,212.4,307.3,115.9,91.6,24.5,0.0,1032.2,0.0,47.8,868.3,116.1,1216,,KOLHAPUR,
Maharashtra,Kolhapur,IMD110-P1216,1911,0.0,0.0,0.2,0.8,49.6,213.3,210.1,234.2,47.3,117.7,12.3,9.6,895.0,0.0,50.6,704.8,139.5,1216,,KOLHAPUR,
Maharashtra,Kolhapur,IMD110-P1216,1912,0.0,0.0,0.0,53.9,53.0,125.1,792.7,296.5,93.8,140.1,26.6,0.0,1581.8,0.0,106.9,1308.1,166.7,1216,,KOLHAPUR,
Maharashtra,Kolhapur,IMD110-P1216,1913,0.0,0.5,0.0,21.6,44.2,286.4,301.0,192.4,89.9,95.5,3.7,0.5,1035.4,0.5,65.7,869.6,99.7,1216,,KOLHAPUR,
Maharashtra,Kolhapur,IMD110-P1216,1914,0.0,0.0,0.0,19.8,27.6,140.7,956.9,553.9,204.0,24.1,62.1,23.4,2012.4,0.0,47.3,1855.5,109.5,1216,,KOLHAPUR,
Maharashtra,Kolhapur,IMD110-P1216,1915,6.7,0.0,3.2,53.2,35.4,281.6,400.8,143.9,209.7,48.7,40.0,15.0,1238.0,6.7,91.8,1035.9,103.6,1216,,KOLHAPUR,
Maharashtra,Kolhapur,IMD110-P1216,1916,0.0,0.0,0.0,12.6,98.8,284.5,234.0,276.1,142.8,174.8,229.6,0.0,1453.2,0.0,111.3,937.4,404.5,1216,,KOLHAPUR,
Maharashtra,Kolhapur,IMD110-P1216,1917,0.0,22.6,5.3,11.0,3.5,373.2,196.3,154.2,180.4,249.0,75.6,0.0,1271.0,22.6,19.8,904.1,324.5,1216,,KOLHAPUR,
Maharashtra,Kolhapur,IMD110-P1216,1918,20.4,0.0,8.4,10.3,139.7,85.0,113.4,238.3,54.9,43.1,93.9,6.1,813.6,20.4,158.4,491.6,143.2,1216,,KOLHAPUR,
Maharashtra,Kolhapur,IMD110-P1216,1919,0.9,1.4,1.8,3.0,98.9,241.4,330.2,222.0,214.8,117.6,51.4,10.9,1294.2,2.3,103.6,1008.5,179.8,1216,,KOLHAPUR,
Maharashtra,Kolhapur,IMD110-P1216,1920,7.3,0.0,0.8,30.8,24.9,228.5,397.6,148.2,117.8,85.7,4.0,0.0,1045.5,7.3,56.5,892.1,89.7,1216,,KOLHAPUR,
Maharashtra,Kolhapur,IMD110-P1216,1921,0.0,0.0,0.1,33.3,0.3,234.6,363.7,247.5,74.3,120.0,109.7,0.0,1183.5,0.0,33.6,920.2,229.7,1216,,KOLHAPUR,
Maharashtra,Kolhapur,IMD110-P1216,1922,18.6,1.2,0.0,48.9,26.6,220.9,466.9,187.2,46.1,81.8,151.8,0.0,1250.0,19.9,75.6,921.0,233.6,1216,,KOLHAPUR,
Maharashtra,Kolhapur,IMD110-P1216,1923,4.2,1.9,93.6,14.5,52.0,65.1,785.1,277.2,55.6,14.4,0.0,1.9,1365.4,6.0,160.2,1183.0,16.3,1216,,KOLHAPUR,
Maharashtra,Kolhapur,IMD110-P1216,1924,0.0,0.0,11.1,60.6,9.6,175.9,585.8,234.3,117.3,53.5,5.3,2.9,1256.2,0.0,81.3,1113.3,61.7,1216,,KOLHAPUR,
Maharashtra,Kolhapur,IMD110-P1216,1925,0.0,0.0,17.7,10.4,58.5,258.2,447.8,164.9,119.1,80.0,11.8,2.8,1171.2,0.0,86.6,989.9,94.6,1216,,KOLHAPUR,
Maharashtra,Kolhapur,IMD110-P1216,1926,6.3,0.0,0.0,0.0,19.9,132.8,528.0,504.3,85.9,38.0,0.0,0.0,1315.3,6.3,19.9,1251.0,38.0,1216,,KOLHAPUR,
Maharashtra,Kolhapur,IMD110-P1216,1927,0.0,0.0,0.4,10.9,41.5,177.4,576.6,144.2,152.6,24.8,80.5,0.0,1209.0,0.0,52.8,1050.8,105.3,1216,,KOLHAPUR,
Maharashtra,Kolhapur,IMD110-P1216,1928,0.0,4.7,15.0,41.7,0.8,228.2,372.5,225.5,81.9,82.2,0.1,0.0,1052.5,4.7,57.4,908.1,82.3,1216,,KOLHAPUR,
Maharashtra,Kolhapur,IMD110-P1216,1929,2.5,0.1,23.9,89.1,16.5,210.4,334.3,154.4,179.9,111.2,11.3,2.4,1136.0,2.6,129.5,879.0,124.9,1216,,KOLHAPUR,
Maharashtra,Kolhapur,IMD110-P1216,1930,0.0,0.0,0.0,4.0,58.8,280.4,302.9,170.5,119.7,158.4,5.1,9.5,1109.3,0.0,62.8,873.5,173.0,1216,,KOLHAPUR,
Maharashtra,Kolhapur,IMD110-P1216,1931,0.0,0.0,3.0,52.0,14.6,130.3,535.4,352.8,85.7,98.7,87.4,33.2,1393.0,0.0,69.5,1104.2,219.3,1216,,KOLHAPUR,
Maharashtra,Kolhapur,IMD110-P1216,1932,0.0,0.0,3.4,65.3,81.2,44.2,622.8,320.8,186.9,248.4,88.1,0.0,1661.1,0.0,149.9,1174.7,336.5,1216,,KOLHAPUR,
Maharashtra,Kolhapur,IMD110-P1216,1933,0.0,1.0,7.8,24.1,96.8,261.6,455.5,282.4,144.2,215.0,81.1,28.8,1598.2,1.0,128.7,1143.7,324.9,1216,,KOLHAPUR,
Maharashtra,Kolhapur,IMD110-P1216,1934,0.2,0.2,4.7,13.6,21.1,301.3,507.4,437.7,73.7,95.3,47.6,0.0,1502.8,0.3,39.3,1320.2,142.9,1216,,KOLHAPUR,
Maharashtra,Kolhapur,IMD110-P1216,1935,0.0,0.0,0.0,12.6,2.9,97.0,468.1,178.1,117.3,135.3,26.4,1.5,1039.1,0.0,15.5,860.5,163.1,1216,,KOLHAPUR,
Maharashtra,Kolhapur,IMD110-P1216,1936,0.0,0.0,2.9,8.1,22.2,226.7,285.4,289.5,138.2,111.3,68.2,0.0,1152.4,0.0,33.2,939.8,179.4,1216,,KOLHAPUR,
Maharashtra,Kolhapur,IMD110-P1216,1937,0.0,0.0,1.2,87.5,21.9,223.3,571.5,111.6,181.4,148.4,0.0,9.8,1356.6,0.0,110.7,1087.8,158.2,1216,,KOLHAPUR,
Maharashtra,Kolhapur,IMD110-P1216,1938,0.3,0.0,26.1,44.4,21.3,362.0,378.2,214.5,169.9,148.5,23.0,3.6,1391.8,0.3,91.8,1124.5,175.1,1216,,KOLHAPUR,
Maharashtra,Kolhapur,IMD110-P1216,1939,0.0,0.0,19.0,12.2,1.0,497.3,745.1,601.8,144.4,93.0,22.0,0.0,2135.8,0.0,32.2,1988.6,115.0,1216,,KOLHAPUR,
Maharashtra,Kolhapur,IMD110-P1216,1940,0.0,2.3,0.1,32.4,44.0,373.9,705.7,508.7,134.7,129.4,30.8,3.8,1965.5,2.3,76.5,1722.9,163.9,1216,,KOLHAPUR,
Maharashtra,Kolhapur,IMD110-P1216,1941,34.6,3.8,5.7,3.9,28.0,384.6,768.3,265.9,114.1,141.4,0.3,4.1,1754.7,38.4,37.6,1532.9,145.8,1217,,KOLHAPUR,
Maharashtra,Kolhapur,IMD110-P1216,1942,0.0,0.4,1.0,21.7,25.6,449.0,897.0,314.0,114.6,77.8,6.5,32.7,1940.3,0.4,48.4,1774.6,117.0,1217,,KOLHAPUR,
Maharashtra,Kolhapur,IMD110-P1216,1943,6.5,0.0,4.7,3.1,185.2,274.3,811.1,216.4,223.4,206.1,40.0,0.0,1970.7,6.5,193.0,1525.1,246.1,1217,,KOLHAPUR,
Maharashtra,Kolhapur,IMD110-P1216,1944,0.0,0.0,10.6,0.0,36.3,216.8,918.7,263.8,112.5,186.8,47.2,0.0,1792.8,0.0,46.9,1511.9,234.0,1217,,KOLHAPUR,
Maharashtra,Kolhapur,IMD110-P1216,1945,2.6,0.0,0.2,33.9,36.0,321.0,758.3,379.6,235.7,56.5,3.6,0.0,1827.3,2.6,70.0,1694.7,60.0,1217,,KOLHAPUR,
Maharashtra,Kolhapur,IMD110-P1216,1946,0.0,0.3,0.0,78.6,68.4,269.5,789.5,676.9,190.9,65.8,126.4,12.7,2279.0,0.3,147.0,1926.7,204.9,1217,,KOLHAPUR,
Maharashtra,Kolhapur,IMD110-P1216,1947,17.2,7.0,22.4,62.5,56.9,136.2,606.3,479.4,239.2,68.9,8.2,12.8,1716.9,24.1,141.8,1461.1,89.9,1217,,KOLHAPUR,
Maharashtra,Kolhapur,IMD110-P1216,1948,4.6,0.0,28.7,27.2,43.2,320.4,559.6,510.5,226.5,135.3,106.0,1.3,1963.3,4.6,99.1,1617.0,242.6,1217,,KOLHAPUR,
Maharashtra,Kolhapur,IMD110-P1216,1949,0.0,0.0,6.9,23.9,158.4,199.6,589.1,398.3,308.6,132.4,29.2,0.0,1846.4,0.0,189.2,1495.6,161.5,1217,,KOLHAPUR,
Maharashtra,Kolhapur,IMD110-P1216,1950,0.0,0.0,3.1,14.0,47.9,194.8,1208.5,381.2,367.7,250.9,12.6,4.4,2485.1,0.0,64.9,2152.2,267.9,1217,,KOLHAPUR,
Maharashtra,Kolhapur,IMD110-P1216,1951,0.0,0.0,2.6,22.4,95.0,475.6,607.7,415.8,164.8,187.4,29.6,0.0,2001.0,0.0,120.0,1663.9,217.0,1217,,KOLHAPUR,
Maharashtra,Kolhapur,IMD110-P1216,1952,0.0,2.8,0.0,56.1,30.2,283.4,901.9,585.4,37.8,160.1,0.0,2.4,2060.0,2.8,86.4,1808.5,162.4,1217,,KOLHAPUR,
Maharashtra,Kolhapur,IMD110-P1216,1953,0.0,0.0,0.0,79.8,2.9,472.5,657.1,559.6,144.9,282.6,0.0,0.0,2199.4,0.0,82.7,1834.0,282.6,1217,,KOLHAPUR,
Maharashtra,Kolhapur,IMD110-P1216,1954,0.0,0.0,20.1,25.4,42.1,176.2,829.1,479.7,207.5,122.7,0.0,10.7,1913.5,0.0,87.6,1692.5,133.5,1217,,KOLHAPUR,
Maharashtra,Kolhapur,IMD110-P1216,1955,1.9,0.0,18.1,24.6,94.3,389.4,426.9,463.7,334.3,294.3,31.9,0.0,2079.4,1.9,137.1,1614.3,326.2,1217,,KOLHAPUR,
Maharashtra,Kolhapur,IMD110-P1216,1956,0.0,3.0,8.0,21.2,96.4,336.9,834.7,534.6,164.7,176.7,149.1,0.0,2325.2,3.0,125.5,1870.9,325.8,1217,,KOLHAPUR,
Maharashtra,Kolhapur,IMD110-P1216,1957,0.0,0.0,5.2,50.8,111.0,247.0,564.4,475.4,103.7,191.5,44.0,0.2,1793.1,0.0,166.9,1390.5,235.6,1217,,KOLHAPUR,
Maharashtra,Kolhapur,IMD110-P1216,1958,0.0,0.2,18.5,48.2,89.9,337.0,1091.2,469.1,113.7,60.4,13.3,1.1,2242.5,0.2,156.6,2011.0,74.7,1217,,KOLHAPUR,
Maharashtra,Kolhapur,IMD110-P1216,1959,0.1,0.0,0.0,44.9,89.5,430.0,1009.6,414.4,263.6,48.9,88.8,0.0,2389.7,0.1,134.4,2117.6,137.6,1217,,KOLHAPUR,
Maharashtra,Kolhapur,IMD110-P1216,1960,0.0,0.0,0.6,17.6,118.8,310.9,695.8,352.4,275.2,44.8,23.5,0.5,1840.1,0.0,137.0,1634.3,68.8,1217,,KOLHAPUR,
Maharashtra,Kolhapur,IMD110-P1216,1961,0.4,0.0,0.0,18.2,315.8,237.2,1286.0,468.6,253.9,130.6,22.9,0.0,2733.7,0.4,334.0,2245.8,153.5,1217,,KOLHAPUR,
Maharashtra,Kolhapur,IMD110-P1216,1962,0.0,0.0,7.5,23.3,108.2,79.0,842.8,458.4,159.0,92.9,28.5,104.3,1904.0,0.0,139.0,1539.3,225.8,1217,,KOLHAPUR,
Maharashtra,Kolhapur,IMD110-P1216,1963,0.0,10.4,14.9,44.6,36.4,181.5,599.6,625.3,117.3,187.1,8.0,0.0,1825.1,10.4,95.9,1523.6,195.1,1217,,KOLHAPUR,
Maharashtra,Kolhapur,IMD110-P1216,1964,0.0,0.7,3.0,15.1,12.6,228.2,422.3,681.6,241.3,149.2,19.9,4.8,1778.6,0.7,30.7,1573.4,173.8,1217,,KOLHAPUR,
Maharashtra,Kolhapur,IMD110-P1216,1965,2.7,0.0,4.4,20.7,29.1,257.4,924.2,207.7,107.1,35.8,0.0,74.0,1663.0,2.7,54.2,1496.4,109.8,1217,,KOLHAPUR,
Maharashtra,Kolhapur,IMD110-P1216,1966,0.1,0.0,8.9,9.6,190.6,176.3,642.3,168.9,241.5,56.7,157.0,11.5,1663.4,0.1,209.0,1229.1,225.2,1217,,KOLHAPUR,
Maharashtra,Kolhapur,IMD110-P1216,1967,0.0,0.0,5.5,32.7,26.1,256.3,884.4,392.9,187.3,109.3,15.2,33.7,1943.5,0.0,64.3,1720.9,158.3,1217,,KOLHAPUR,
Maharashtra,Kolhapur,IMD110-P1216,1968,0.0,0.4,8.7,50.8,13.8,195.1,507.9,280.7,177.2,123.2,32.3,0.0,1390.2,0.4,73.3,1160.9,155.5,1217,,KOLHAPUR,
Maharashtra,Kolhapur,IMD110-P1216,1969,0.0,0.0,3.0,23.7,24.7,165.6,760.0,482.7,204.9,52.9,20.3,4.3,1742.2,0.0,51.4,1613.2,77.6,1217,,KOLHAPUR,
Maharashtra,Kolhapur,IMD110-P1216,1970,0.0,0.0,0.0,37.4,102.0,305.6,610.9,524.0,140.7,196.0,0.0,0.0,1916.6,0.0,139.4,1581.2,196.0,1217,,KOLHAPUR,
Maharashtra,Kolhapur,IMD110-P1216,1971,0.0,0.0,0.0,10.6,68.2,508.8,382.1,263.4,171.8,37.5,0.0,0.0,1442.3,0.0,78.8,1326.0,37.5,1217,,KOLHAPUR,
Maharashtra,Kolhapur,IMD110-P1216,1972,0.0,0.0,0.3,17.1,60.2,224.5,539.6,138.6,109.9,23.0,18.4,0.4,1132.0,0.0,77.6,1012.6,41.8,1217,,KOLHAPUR,
Maharashtra,Kolhapur,IMD110-P1216,1973,0.0,0.1,0.9,13.1,46.5,244.2,676.6,524.1,145.0,130.1,11.5,0.5,1792.7,0.1,60.6,1589.9,142.1,1217,,KOLHAPUR,
Maharashtra,Kolhapur,IMD110-P1216,1974,0.0,0.0,7.6,36.5,70.8,219.9,662.7,413.7,250.5,195.7,0.3,0.0,1857.8,0.0,114.9,1546.8,196.1,1217,,KOLHAPUR,
Maharashtra,Kolhapur,IMD110-P1216,1975,0.0,0.0,0.0,0.7,30.3,602.6,701.2,466.5,371.0,329.5,30.9,0.0,2532.6,0.0,31.0,2141.2,360.4,1217,,KOLHAPUR,
Maharashtra,Kolhapur,IMD110-P1216,1976,0.0,0.0,27.2,17.2,2.5,360.6,703.0,462.8,167.8,36.9,91.3,1.3,1870.7,0.0,47.0,1694.2,129.6,1217,,KOLHAPUR,
Maharashtra,Kolhapur,IMD110-P1216,1977,0.0,0.8,25.7,53.1,109.8,364.2,759.1,294.2,222.8,117.2,149.1,0.0,2095.8,0.8,188.6,1640.1,266.4,1217,,KOLHAPUR,
Maharashtra,Kolhapur,IMD110-P1216,1978,0.0,2.3,0.0,91.5,58.4,492.2,577.0,563.2,233.9,82.1,58.7,2.7,2162.1,2.3,149.9,1866.4,143.6,1217,,KOLHAPUR,
Maharashtra,Kolhapur,IMD110-P1216,1979,1.2,0.0,0.5,5.0,6.9,395.3,412.3,690.1,190.4,32.7,59.6,0.0,1794.0,1.2,12.4,1688.1,92.3,1217,,KOLHAPUR,
Maharashtra,Kolhapur,IMD110-P1216,1980,0.0,0.0,4.5,51.8,22.8,541.0,640.1,661.8,149.8,35.8,26.5,20.0,2154.0,0.0,79.1,1992.6,82.3,1217,,KOLHAPUR,
Maharashtra,Kolhapur,IMD110-P1216,1981,2.1,0.0,0.7,30.6,18.6,233.0,552.2,510.9,213.1,24.2,10.3,0.0,1595.8,2.1,49.9,1509.3,34.5,1217,,KOLHAPUR,
Maharashtra,Kolhapur,IMD110-P1216,1982,0.0,0.0,0.0,10.3,99.9,243.2,660.7,600.5,97.8,114.4,45.4,0.0,1872.2,0.0,110.2,1602.2,159.8,1218,,KOLHAPUR,
Maharashtra,Kolhapur,IMD110-P1216,1983,0.0,0.0,0.0,0.0,16.1,548.7,429.4,533.8,154.4,39.5,12.2,7.8,1741.9,0.0,16.1,1666.3,59.5,1218,,KOLHAPUR,
Maharashtra,Kolhapur,IMD110-P1216,1984,0.4,25.7,16.2,33.2,3.2,305.9,686.8,368.2,131.6,105.2,2.1,0.2,1678.7,26.1,52.5,1492.6,107.5,1218,,KOLHAPUR,
Maharashtra,Kolhapur,IMD110-P1216,1985,0.1,0.0,2.8,3.0,42.2,434.2,515.1,479.7,88.0,166.3,3.5,0.0,1735.1,0.1,48.1,1517.1,169.9,1218,,KOLHAPUR,
Maharashtra,Kolhapur,IMD110-P1216,1986,0.8,0.0,0.5,9.6,19.9,476.1,366.1,473.2,124.9,36.4,61.7,1.4,1570.7,0.8,30.0,1440.3,99.5,1218,,KOLHAPUR,
Maharashtra,Kolhapur,IMD110-P1216,1987,1.6,3.6,12.4,19.2,83.7,260.3,500.1,369.2,140.8,83.4,33.4,34.6,1542.4,5.3,115.3,1270.4,151.4,1218,,KOLHAPUR,
Maharashtra,Kolhapur,IMD110-P1216,1988,0.0,0.0,0.0,30.6,13.4,238.8,818.6,427.4,276.2,19.5,0.0,4.5,1828.9,0.0,44.0,1760.9,24.0,1218,,KOLHAPUR,
Maharashtra,Kolhapur,IMD110-P1216,1989,0.0,0.0,5.0,14.3,5.9,473.4,645.8,334.0,207.0,22.9,1.6,0.0,1709.9,0.0,25.2,1660.2,24.5,1218,,KOLHAPUR,
Maharashtra,Kolhapur,IMD110-P1216,1990,0.9,0.0,0.0,2.4,87.5,317.0,620.9,604.4,124.7,123.6,38.1,0.0,1919.6,0.9,89.8,1667.2,161.7,1218,,KOLHAPUR,
Maharashtra,Kolhapur,IMD110-P1216,1991,0.0,0.0,0.0,32.7,67.0,413.7,917.0,482.1,133.6,62.6,0.2,0.0,2108.8,0.0,99.6,1946.4,62.8,1218,,KOLHAPUR,
Maharashtra,Kolhapur,IMD110-P1216,1992,0.0,0.0,0.6,15.6,30.1,246.6,703.0,556.0,159.0,114.4,32.8,0.0,1858.0,0.0,46.3,1664.6,147.2,1218,,KOLHAPUR,
Maharashtra,Kolhapur,IMD110-P1216,1993,0.0,0.0,13.0,22.0,31.3,402.6,694.1,549.2,169.7,260.8,8.8,12.2,2163.7,0.0,66.3,1815.6,281.8,1218,,KOLHAPUR,
Maharashtra,Kolhapur,IMD110-P1216,1994,3.2,0.0,5.6,44.4,37.4,659.3,988.5,429.2,244.6,148.1,0.2,0.0,2560.5,3.2,87.4,2321.7,148.3,1218,,KOLHAPUR,
Maharashtra,Kolhapur,IMD110-P1216,1995,24.3,0.1,0.6,20.2,56.8,106.5,649.4,245.0,228.1,195.7,12.9,0.0,1539.7,24.4,77.6,1229.0,208.7,1218,,KOLHAPUR,
Maharashtra,Kolhapur,IMD110-P1216,1996,0.0,0.0,0.0,20.3,22.4,325.4,606.3,287.3,152.5,306.9,0.2,0.2,1721.6,0.0,42.8,1371.4,307.4,1218,,KOLHAPUR,
Maharashtra,Kolhapur,IMD110-P1216,1997,5.5,0.0,7.7,50.4,14.5,477.6,739.7,716.1,34.8,77.8,48.6,34.9,2207.7,5.5,72.7,1968.2,161.3,1218,,KOLHAPUR,
Maharashtra,Kolhapur,IMD110-P1216,1998,0.0,0.0,0.0,0.3,50.2,297.6,575.5,412.0,211.4,221.1,22.8,0.0,1790.9,0.0,50.5,1496.5,244.0,1218,,KOLHAPUR,
Maharashtra,Kolhapur,IMD110-P1216,1999,0.0,0.8,0.0,0.0,96.0,513.4,881.9,249.6,109.4,232.7,0.0,0.0,2083.9,0.8,96.0,1754.4,232.7,1218,,KOLHAPUR,
Maharashtra,Kolhapur,IMD110-P1216,2000,0.0,0.0,0.2,2.0,56.5,229.6,646.8,392.1,220.8,143.8,12.0,0.0,1703.9,0.0,58.7,1489.4,155.8,1218,,KOLHAPUR,
Maharashtra,Kolhapur,IMD110-P1216,2001,0.3,0.0,0.0,15.1,25.9,285.2,525.5,387.1,144.1,98.8,5.5,5.1,1492.5,0.3,41.0,1341.8,109.5,1218,,KOLHAPUR,
Maharashtra,Kolhapur,IMD110-P1216,2002,0.0,0.0,7.2,30.3,10.2,439.7,280.1,602.1,94.8,101.4,14.9,0.0,1580.7,0.0,47.8,1416.6,116.3,1218,,KOLHAPUR,
Maharashtra,Kolhapur,IMD110-P1216,2003,0.5,0.0,10.4,19.7,6.6,486.6,447.5,285.8,97.0,101.6,7.1,0.0,1462.7,0.5,36.7,1316.8,108.7,1218,,KOLHAPUR,
Maharashtra,Kolhapur,IMD110-P1216,2004,0.0,0.0,0.0,21.4,60.7,564.3,316.9,701.4,191.6,32.8,5.4,0.0,1894.5,0.0,82.0,1774.2,38.2,1218,,KOLHAPUR,
Maharashtra,Kolhapur,IMD110-P1216,2005,4.3,0.5,0.0,109.4,32.5,455.0,923.7,693.1,477.4,106.1,0.0,0.0,2801.9,4.8,141.9,2549.2,106.1,1218,,KOLHAPUR,
Maharashtra,Kolhapur,IMD110-P1216,2006,0.0,0.0,14.1,0.1,186.1,427.0,933.5,783.8,292.7,58.7,56.5,0.0,2752.6,0.0,200.4,2437.0,115.2,1218,,KOLHAPUR,
Maharashtra,Kolhapur,IMD110-P1216,2007,0.0,6.1,0.6,0.6,4.2,631.7,590.8,641.2,276.4,36.3,1.1,0.0,2188.9,6.1,5.4,2140.1,37.4,1218,,KOLHAPUR,
Maharashtra,Kolhapur,IMD110-P1216,2008,0.0,0.0,70.8,0.3,5.3,423.7,314.2,641.0,406.8,94.0,0.0,0.0,1956.1,0.0,76.4,1785.7,94.0,1218,,KOLHAPUR,
Maharashtra,Kolhapur,IMD110-P1216,2009,0.0,0.0,2.3,0.7,15.6,87.1,1045.4,219.9,284.1,165.5,124.5,5.7,1950.8,0.0,18.6,1636.5,295.7,1218,,KOLHAPUR,
Maharashtra,Kolhapur,IMD110-P1216,2010,0.0,0.0,0.0,0.0,4.8,339.6,734.2,319.2,294.3,124.1,90.1,0.0,1906.3,0.0,4.8,1687.3,214.2,1218,,KOLHAPUR,
Maharashtra,Latur,IMD110-P1219,1951,0.0,0.0,0.0,14.3,19.8,187.0,265.5,86.6,171.9,35.0,0.0,0.0,780.0,0.0,34.0,711.0,35.0,1219,,LATUR,
Maharashtra,Latur,IMD110-P1219,1953,0.0,0.0,0.4,17.1,0.0,357.3,187.9,131.7,226.6,129.6,0.0,0.0,1050.8,0.0,17.5,903.6,129.6,1219,,LATUR,
Maharashtra,Latur,IMD110-P1219,1954,0.0,0.0,11.4,10.6,5.9,164.2,252.3,179.5,331.5,16.6,0.0,2.7,974.9,0.0,28.0,927.5,19.3,1219,,LATUR,
Maharashtra,Latur,IMD110-P1219,1955,7.3,0.0,0.9,0.0,33.4,252.3,288.6,505.0,271.5,64.0,0.0,0.0,1423.0,7.3,34.3,1317.3,64.0,1219,,LATUR,
Maharashtra,Latur,IMD110-P1219,1956,0.0,0.0,0.0,1.3,52.2,166.4,571.8,111.4,127.4,91.4,62.0,0.0,1183.7,0.0,53.4,977.0,153.4,1219,,LATUR,
Maharashtra,Latur,IMD110-P1219,1957,0.0,0.0,12.8,0.0,0.0,127.0,353.2,335.5,136.1,58.1,0.0,0.0,1022.7,0.0,12.8,951.9,58.1,1219,,LATUR,
Maharashtra,Latur,IMD110-P1219,1958,0.0,0.0,7.8,16.8,4.4,67.6,263.0,515.5,92.4,59.6,29.5,0.0,1056.7,0.0,29.0,938.6,89.1,1219,,LATUR,
Maharashtra,Latur,IMD110-P1219,1959,0.0,0.0,0.0,10.1,19.7,159.5,180.1,210.6,139.5,69.3,10.1,0.0,799.0,0.0,29.9,689.7,79.4,1219,,LATUR,
Maharashtra,Latur,IMD110-P1219,1960,0.0,0.0,15.9,0.0,54.3,221.1,173.2,32.2,183.6,28.9,19.6,0.0,728.8,0.0,70.2,610.0,48.5,1219,,LATUR,
Maharashtra,Latur,IMD110-P1219,1961,0.0,0.0,0.0,25.6,58.3,172.6,337.6,168.5,101.9,234.5,0.0,0.0,1099.1,0.0,83.9,780.7,234.5,1219,,LATUR,
Maharashtra,Latur,IMD110-P1219,1962,0.0,0.0,0.0,59.0,27.1,84.8,126.3,240.2,322.8,61.0,12.8,59.2,993.1,0.0,86.1,774.1,132.9,1219,,LATUR,
Maharashtra,Latur,IMD110-P1219,1963,0.0,9.3,40.0,4.3,22.5,243.4,166.4,376.0,60.5,161.8,0.0,0.0,1084.2,9.3,66.8,846.3,161.8,1219,,LATUR,
Maharashtra,Latur,IMD110-P1219,1964,0.0,0.0,2.3,2.0,0.0,115.3,248.5,139.3,221.4,43.0,46.3,0.0,818.1,0.0,4.3,724.6,89.3,1219,,LATUR,
Maharashtra,Latur,IMD110-P1219,1965,0.0,0.0,0.0,27.0,0.0,148.4,200.8,174.2,130.5,0.0,0.0,0.0,680.9,0.0,27.0,653.9,0.0,1219,,LATUR,
Maharashtra,Latur,IMD110-P1219,1966,44.2,0.0,0.0,50.0,23.0,108.2,109.5,82.7,170.6,6.0,108.0,10.0,712.2,44.2,73.0,471.0,124.0,1219,,LATUR,
Maharashtra,Latur,IMD110-P1219,1968,0.0,64.7,70.7,29.0,0.0,71.3,245.1,63.4,210.3,52.0,43.5,0.0,849.9,64.7,99.7,590.1,95.5,1219,,LATUR,
Maharashtra,Latur,IMD110-P1219,1969,0.0,0.0,0.0,0.0,0.0,94.1,284.6,130.4,247.8,15.9,46.1,0.0,818.8,0.0,0.0,756.9,61.9,1219,,LATUR,
Maharashtra,Latur,IMD110-P1219,1970,0.0,0.0,10.0,2.5,26.0,208.4,143.1,440.5,265.6,8.1,0.0,0.0,1104.3,0.0,38.5,1057.7,8.1,1219,,LATUR,
Maharashtra,Latur,IMD110-P1219,1971,0.0,0.0,0.0,1.0,18.9,107.7,41.5,188.1,69.4,105.7,0.0,0.0,532.3,0.0,19.9,406.8,105.7,1219,,LATUR,
Maharashtra,Latur,IMD110-P1219,1972,0.0,0.0,0.0,0.0,0.0,114.7,26.0,68.3,34.1,11.0,32.1,5.0,291.1,0.0,0.0,243.1,48.0,1219,,LATUR,
Maharashtra,Latur,IMD110-P1219,1973,0.0,0.0,0.0,0.0,0.0,147.6,127.8,322.0,122.6,126.5,0.3,0.0,846.9,0.0,0.0,720.0,126.8,1219,,LATUR,
Maharashtra,Latur,IMD110-P1219,1974,0.0,0.0,0.0,0.0,6.2,133.3,82.3,133.0,172.5,102.7,0.0,0.0,630.1,0.0,6.2,521.2,102.7,1219,,LATUR,
Maharashtra,Latur,IMD110-P1219,1975,3.4,6.7,0.0,0.0,8.2,93.0,302.8,269.5,348.9,149.7,0.0,0.0,1182.3,10.1,8.2,1014.2,149.7,1219,,LATUR,
Maharashtra,Latur,IMD110-P1219,1976,0.0,0.0,6.4,16.0,0.0,95.4,179.8,188.7,71.3,2.0,35.5,0.6,595.6,0.0,22.3,535.1,38.2,1219,,LATUR,
Maharashtra,Latur,IMD110-P1219,1977,0.0,4.5,17.0,9.1,0.0,87.1,160.8,161.1,74.6,30.5,129.8,0.0,674.5,4.5,26.1,483.6,160.3,1219,,LATUR,
Maharashtra,Latur,IMD110-P1219,1978,5.4,29.5,4.1,10.6,7.1,224.6,262.9,160.0,92.9,89.7,13.8,0.0,900.6,35.0,21.8,740.4,103.4,1219,,LATUR,
Maharashtra,Latur,IMD110-P1219,1979,0.0,4.4,0.0,0.0,28.4,186.0,182.8,71.5,272.6,10.3,92.3,0.0,848.2,4.4,28.4,712.9,102.6,1219,,LATUR,
Maharashtra,Latur,IMD110-P1219,1980,0.0,0.0,5.1,16.6,0.0,160.4,105.3,252.1,155.4,0.0,0.0,5.6,700.6,0.0,21.7,673.3,5.6,1219,,LATUR,
Maharashtra,Latur,IMD110-P1219,1981,25.3,0.0,15.7,3.4,12.7,126.2,127.5,105.0,348.6,62.5,12.9,0.0,839.8,25.3,31.8,707.3,75.4,1219,,LATUR,
Maharashtra,Latur,IMD110-P1219,1982,0.0,1.0,1.1,15.2,18.0,107.6,149.5,39.6,214.5,33.0,18.5,0.0,598.0,1.0,34.3,511.2,51.5,1219,,LATUR,
Maharashtra,Latur,IMD110-P1219,1983,0.0,0.0,0.0,0.0,31.7,83.9,251.0,395.2,365.4,183.3,5.4,12.7,1328.7,0.0,31.7,1095.6,201.5,1219,,LATUR,
Maharashtra,Latur,IMD110-P1219,1984,0.4,2.9,0.0,1.8,0.0,97.5,191.1,51.4,143.3,75.6,5.4,19.7,589.0,3.4,1.8,483.2,100.7,1219,,LATUR,
Maharashtra,Latur,IMD110-P1219,1985,5.1,0.0,17.2,13.8,16.6,142.8,143.9,57.9,138.0,121.3,0.0,2.4,659.0,5.1,47.6,482.6,123.7,1219,,LATUR,
Maharashtra,Latur,IMD110-P1219,1986,21.0,16.4,0.0,8.4,3.0,73.4,71.2,50.5,24.5,0.0,0.0,0.0,268.4,37.4,11.4,219.6,0.0,1219,,LATUR,
Maharashtra,Latur,IMD110-P1219,1987,0.6,4.8,0.0,6.0,41.1,148.3,138.5,227.5,39.6,105.7,50.2,2.6,764.8,5.4,47.1,553.9,158.5,1219,,LATUR,
Maharashtra,Latur,IMD110-P1219,1988,0.0,0.0,0.0,0.0,2.2,186.7,246.0,303.3,481.3,12.3,1.5,15.0,1248.4,0.0,2.2,1217.4,28.8,1219,,LATUR,
Maharashtra,Latur,IMD110-P1219,1989,0.0,0.0,45.1,0.8,8.1,196.6,314.6,236.7,189.3,41.2,0.0,18.4,1050.7,0.0,54.0,937.1,59.6,1219,,LATUR,
Maharashtra,Latur,IMD110-P1219,1990,11.3,0.0,0.0,0.0,157.7,238.5,112.1,384.8,115.5,198.2,3.4,0.0,1221.6,11.3,157.7,851.0,201.6,1219,,LATUR,
Maharashtra,Latur,IMD110-P1219,1991,0.0,0.0,3.2,35.7,23.7,171.3,215.5,58.1,41.8,4.8,16.1,0.0,570.1,0.0,62.5,486.7,20.9,1219,,LATUR,
Maharashtra,Latur,IMD110-P1219,1992,0.0,0.0,0.0,12.2,8.5,170.1,84.2,145.0,144.3,52.0,46.3,0.0,662.7,0.0,20.7,543.7,98.3,1219,,LATUR,
Maharashtra,Latur,IMD110-P1219,1993,0.0,0.9,9.4,3.8,16.6,57.0,181.4,154.7,132.6,163.1,0.0,35.6,755.3,0.9,29.8,525.8,198.7,1220,,LATUR,
Maharashtra,Latur,IMD110-P1219,1994,0.2,0.0,0.0,19.0,11.8,93.5,87.9,116.3,60.3,103.0,1.4,0.0,493.3,0.2,30.7,358.0,104.4,1220,,LATUR,
Maharashtra,Latur,IMD110-P1219,1995,91.9,0.0,9.3,24.9,17.2,161.5,212.8,151.6,92.6,163.4,1.0,0.0,926.2,91.9,51.4,618.4,164.4,1220,,LATUR,
Maharashtra,Latur,IMD110-P1219,1996,0.0,0.0,0.0,21.5,4.6,65.4,212.8,258.6,268.3,128.8,11.2,0.0,971.2,0.0,26.1,805.0,140.1,1220,,LATUR,
Maharashtra,Latur,IMD110-P1219,1997,10.8,4.0,32.5,19.3,27.1,71.3,125.7,123.3,117.7,104.5,103.9,31.9,772.0,14.8,78.9,438.0,240.3,1220,,LATUR,
Maharashtra,Latur,IMD110-P1219,1998,0.9,0.0,8.3,5.5,24.5,134.7,316.9,225.8,300.7,173.9,22.8,0.0,1214.0,0.9,38.3,978.1,196.7,1220,,LATUR,
Maharashtra,Latur,IMD110-P1219,1999,0.0,15.0,0.4,0.0,65.2,74.3,134.4,192.9,211.2,169.7,0.0,0.0,863.1,15.0,65.6,612.8,169.7,1220,,LATUR,
Maharashtra,Latur,IMD110-P1219,2000,0.8,4.1,0.0,2.4,19.9,152.6,178.6,416.9,70.9,32.1,1.2,0.0,879.5,4.9,22.3,818.9,33.3,1220,,LATUR,
Maharashtra,Latur,IMD110-P1219,2001,8.0,0.0,0.8,12.8,3.0,186.6,51.1,235.3,74.7,182.0,2.3,0.0,756.6,8.0,16.7,547.7,184.3,1220,,LATUR,
Maharashtra,Latur,IMD110-P1219,2002,25.4,13.9,0.0,8.9,32.7,120.7,100.3,213.3,137.8,40.4,10.9,0.0,704.3,39.3,41.6,572.1,51.3,1220,,LATUR,
Maharashtra,Latur,IMD110-P1219,2003,0.0,0.8,7.0,21.1,6.1,112.3,265.4,226.6,117.0,27.2,2.7,0.0,786.3,0.8,34.3,721.4,29.9,1220,,LATUR,
Maharashtra,Latur,IMD110-P1219,2004,5.0,3.2,1.9,10.8,34.5,174.7,281.0,58.5,184.1,64.2,41.8,0.0,859.8,8.2,47.2,698.3,106.0,1220,,LATUR,
Maharashtra,Latur,IMD110-P1219,2005,17.9,0.2,16.2,0.0,2.4,63.0,344.5,141.1,280.0,178.1,0.0,0.0,1043.5,18.1,18.6,828.7,178.1,1220,,LATUR,
Maharashtra,Latur,IMD110-P1219,2006,0.0,0.0,38.2,2.0,32.2,123.8,114.3,282.3,233.7,57.0,0.1,0.0,883.6,0.0,72.4,754.1,57.1,1220,,LATUR,
Maharashtra,Latur,IMD110-P1219,2007,0.0,0.0,0.0,0.0,1.3,270.4,88.4,143.4,320.2,0.6,1.2,0.0,825.6,0.0,1.3,822.5,1.8,1220,,LATUR,
Maharashtra,Latur,IMD110-P1219,2008,0.0,0.0,16.7,0.2,0.0,37.6,119.7,182.3,335.8,35.0,0.3,0.1,727.7,0.0,16.9,675.4,35.4,1220,,LATUR,
Maharashtra,Latur,IMD110-P1219,2009,0.0,0.0,1.4,1.0,1.8,88.7,89.7,173.6,118.5,60.7,25.6,10.2,571.3,0.0,4.2,470.6,96.5,1220,,LATUR,
Maharashtra,Latur,IMD110-P1219,2010,8.6,8.2,0.4,0.0,3.9,109.3,352.8,328.0,168.3,58.5,24.6,0.1,1062.7,16.8,4.3,958.4,83.2,1220,,LATUR,
Maharashtra,Bombay City,IMD110-P1221,1901,18.8,0.0,0.0,1.0,0.3,628.8,844.2,418.4,61.3,9.9,0.0,,,18.8,1.3,1952.7,,1221,missing_months,MUMBAI CITY,
Maharashtra,Bombay City,IMD110-P1221,1902,0.0,0.0,0.0,0.0,0.0,248.3,369.3,468.2,701.7,19.8,0.3,20.5,1828.1,0.0,0.0,1787.5,40.6,1221,,MUMBAI CITY,
Maharashtra,Bombay City,IMD110-P1221,1903,0.0,0.0,4.3,0.0,197.8,473.5,614.7,476.6,229.1,150.2,0.0,0.0,2146.2,0.0,202.1,1793.9,150.2,1221,,MUMBAI CITY,
Maharashtra,Bombay City,IMD110-P1221,1904,0.0,0.0,1.8,0.0,0.0,367.5,274.5,143.4,47.8,14.2,0.0,0.0,849.2,0.0,1.8,833.2,14.2,1221,,MUMBAI CITY,
Maharashtra,Bombay City,IMD110-P1221,1905,0.0,2.0,0.0,0.0,0.0,119.0,435.6,110.6,156.4,5.2,26.5,0.0,855.3,2.0,0.0,821.6,31.7,1221,,MUMBAI CITY,
Maharashtra,Bombay City,IMD110-P1221,1906,0.0,3.9,0.0,0.0,0.0,327.5,466.1,531.5,101.5,0.0,0.0,0.0,1430.5,3.9,0.0,1426.6,0.0,1221,,MUMBAI CITY,
Maharashtra,Bombay City,IMD110-P1221,1907,0.0,6.9,0.0,1.6,0.0,571.1,1500.0,406.2,57.6,17.0,0.0,0.0,2560.4,6.9,1.6,2534.9,17.0,1221,,MUMBAI CITY,
Maharashtra,Bombay City,IMD110-P1221,1908,2.3,1.8,1.5,0.0,0.0,314.8,600.7,251.0,,,0.0,0.0,,4.1,1.5,,,1221,missing_months,MUMBAI CITY,
Maharashtra,Bombay City,IMD110-P1221,1909,0.0,0.0,0.0,0.0,0.0,421.9,763.1,216.8,407.5,0.0,0.0,0.0,1809.3,0.0,0.0,1809.3,0.0,1221,,MUMBAI CITY,
Maharashtra,Bombay City,IMD110-P1221,1910,0.0,0.0,0.0,0.0,0.8,597.0,165.1,461.3,387.4,109.0,3.6,0.0,1724.2,0.0,0.8,1610.8,112.6,1221,,MUMBAI CITY,
Maharashtra,Bombay City,IMD110-P1221,1911,1.5,0.0,0.0,0.0,1.1,275.5,387.2,434.2,75.3,0.0,6.9,0.0,1181.7,1.5,1.1,1172.2,6.9,1221,,MUMBAI CITY,
Maharashtra,Bombay City,IMD110-P1221,1912,0.0,0.0,0.0,0.0,10.9,274.5,645.2,251.4,82.8,16.5,92.0,0.0,1373.3,0.0,10.9,1253.9,108.5,1221,,MUMBAI CITY,
Maharashtra,Bombay City,IMD110-P1221,1913,0.0,1.8,0.0,0.0,0.0,655.8,846.7,94.5,146.1,59.8,0.0,0.0,1804.7,1.8,0.0,1743.1,59.8,1221,,MUMBAI CITY,
Maharashtra,Bombay City,IMD110-P1221,1914,0.0,2.0,0.0,1.8,0.0,423.2,769.4,337.3,535.1,0.3,4.6,0.0,2073.7,2.0,1.8,2065.0,4.9,1221,,MUMBAI CITY,
Maharashtra,Bombay City,IMD110-P1221,1915,0.0,7.6,17.6,1.5,9.2,1010.3,371.5,215.2,273.9,65.0,0.6,0.0,1972.4,7.6,28.3,1870.9,65.6,1221,,MUMBAI CITY,
Maharashtra,Bombay City,IMD110-P1221,1916,0.0,0.0,0.0,1.0,1.8,595.1,578.7,495.9,370.6,121.9,18.3,0.0,2183.3,0.0,2.8,2040.3,140.2,1221,,MUMBAI CITY,
Maharashtra,Bombay City,IMD110-P1221,1917,0.0,42.7,0.0,0.0,22.3,379.9,337.0,817.6,429.9,507.1,0.0,0.0,2536.5,42.7,22.3,1964.4,507.1,1221,,MUMBAI CITY,
Maharashtra,Bombay City,IMD110-P1221,1918,0.0,0.0,37.1,0.0,279.5,274.6,108.2,122.5,79.1,0.0,2.3,0.0,903.3,0.0,316.6,584.4,2.3,1221,,MUMBAI CITY,
Maharashtra,Bombay City,IMD110-P1221,1919,2.8,0.0,0.0,0.0,0.0,414.5,794.9,275.7,203.9,39.1,4.6,0.0,1735.5,2.8,0.0,1689.0,43.7,1221,,MUMBAI CITY,
Maharashtra,Bombay City,IMD110-P1221,1920,25.1,8.4,0.0,0.0,0.0,207.5,558.8,131.8,103.1,8.7,0.0,0.0,1043.4,33.5,0.0,1001.2,8.7,1221,,MUMBAI CITY,
Maharashtra,Bombay City,IMD110-P1221,1921,0.0,0.0,0.0,0.0,0.0,679.4,906.3,263.0,330.9,5.6,0.0,0.0,2185.2,0.0,0.0,2179.6,5.6,1221,,MUMBAI CITY,
Maharashtra,Bombay City,IMD110-P1221,1923,0.0,1.3,0.0,0.5,0.0,182.6,1098.5,221.6,459.8,0.0,0.0,0.0,1964.3,1.3,0.5,1962.5,0.0,1221,,MUMBAI CITY,
Maharashtra,Bombay City,IMD110-P1221,1924,0.0,0.0,0.0,0.0,0.0,189.8,425.1,392.0,305.6,1.5,9.7,0.0,1323.7,0.0,0.0,1312.5,11.2,1221,,MUMBAI CITY,
Maharashtra,Bombay City,IMD110-P1221,1925,0.0,0.0,0.0,0.0,70.1,707.9,214.2,196.0,89.4,5.6,9.4,0.0,1292.6,0.0,70.1,1207.5,15.0,1221,,MUMBAI CITY,
Maharashtra,Bombay City,IMD110-P1221,1926,76.0,0.0,0.0,0.0,2.5,157.4,784.4,564.2,228.1,32.8,0.0,0.0,1845.4,76.0,2.5,1734.1,32.8,1221,,MUMBAI CITY,
Maharashtra,Bombay City,IMD110-P1221,1927,0.0,1.0,0.8,0.0,0.0,825.7,428.0,171.2,135.3,185.3,139.2,2.3,1888.8,1.0,0.8,1560.2,326.8,1221,,MUMBAI CITY,
Maharashtra,Bombay City,IMD110-P1221,1928,0.0,0.3,0.0,0.0,0.0,703.7,785.3,423.0,251.7,11.0,2.3,0.0,2177.3,0.3,0.0,2163.7,13.3,1221,,MUMBAI CITY,
Maharashtra,Bombay City,IMD110-P1221,1929,16.0,0.0,0.5,1.1,0.0,646.5,408.7,154.4,142.0,122.4,5.6,21.8,1519.0,16.0,1.6,1351.6,149.8,1221,,MUMBAI CITY,
Maharashtra,Bombay City,IMD110-P1221,1930,0.0,0.0,0.0,0.0,0.5,678.8,260.6,169.0,1113.5,,0.0,0.0,,0.0,0.5,2221.9,,1221,missing_months,MUMBAI CITY,
Maharashtra,Bombay City,IMD110-P1221,1931,0.0,0.0,0.0,0.3,0.0,154.6,1206.8,602.4,113.9,332.3,61.0,17.5,2488.8,0.0,0.3,2077.7,410.8,1221,,MUMBAI CITY,
Maharashtra,Bombay City,IMD110-P1221,1932,0.0,0.0,0.0,0.0,14.5,269.6,896.8,176.9,283.0,229.0,1.8,0.0,1871.6,0.0,14.5,1626.3,230.8,1221,,MUMBAI CITY,
Maharashtra,Bombay City,IMD110-P1221,1933,0.0,0.0,0.0,0.0,72.7,261.3,359.1,478.1,312.7,77.3,0.3,23.5,1585.0,0.0,72.7,1411.2,101.1,1221,,MUMBAI CITY,
Maharashtra,Bombay City,IMD110-P1221,1934,0.0,0.0,1.0,0.0,0.0,722.5,542.9,357.4,149.8,5.4,82.1,0.0,1861.1,0.0,1.0,1772.6,87.5,1221,,MUMBAI CITY,
Maharashtra,Bombay City,IMD110-P1221,1935,0.0,0.0,0.0,0.5,0.0,703.5,612.4,424.2,302.3,26.4,4.6,0.0,2073.9,0.0,0.5,2042.4,31.0,1221,,MUMBAI CITY,
Maharashtra,Bombay City,IMD110-P1221,1936,0.0,1.8,0.0,0.0,8.5,828.9,205.5,235.6,145.4,0.3,58.6,0.0,1484.6,1.8,8.5,1415.4,58.9,1221,,MUMBAI CITY,
Maharashtra,Bombay City,IMD110-P1221,1937,0.0,14.0,0.0,0.3,0.0,416.8,772.8,138.7,360.3,44.9,0.0,0.0,1747.8,14.0,0.3,1688.6,44.9,1221,,MUMBAI CITY,
Maharashtra,Bombay City,IMD110-P1221,1938,0.0,0.0,0.0,0.0,32.9,793.7,407.9,426.1,263.0,385.4,28.7,0.0,2337.7,0.0,32.9,1890.7,414.1,1221,,MUMBAI CITY,
Maharashtra,Bombay City,IMD110-P1221,1939,0.0,0.0,0.3,0.0,0.0,118.9,840.3,276.2,137.1,4.4,3.8,0.0,1381.0,0.0,0.3,1372.5,8.2,1221,,MUMBAI CITY,
Maharashtra,Bombay City,IMD110-P1221,1940,19.6,9.7,6.1,0.0,0.0,761.4,534.6,718.3,286.0,124.3,19.4,0.0,2479.4,29.3,6.1,2300.3,143.7,1221,,MUMBAI CITY,
Maharashtra,Bombay City,IMD110-P1221,1941,1.8,0.0,0.0,0.0,0.0,205.6,356.5,148.1,156.8,41.1,0.0,0.0,909.9,1.8,0.0,867.0,41.1,1221,,MUMBAI CITY,
Maharashtra,Bombay City,IMD110-P1221,1942,0.0,0.0,0.0,0.0,0.0,695.7,822.0,209.4,341.7,0.0,0.0,7.4,2076.2,0.0,0.0,2068.8,7.4,1222,,MUMBAI CITY,
Maharashtra,Bombay City,IMD110-P1221,1943,7.1,0.0,0.0,0.0,153.0,766.9,752.2,83.6,207.2,95.8,1.0,0.0,2066.8,7.1,153.0,1809.9,96.8,1222,,MUMBAI CITY,
Maharashtra,Bombay City,IMD110-P1221,1944,0.0,0.0,1.8,0.0,5.1,240.5,1157.2,414.4,42.8,20.4,0.0,0.0,1882.2,0.0,6.9,1854.9,20.4,1222,,MUMBAI CITY,
Maharashtra,Bombay City,IMD110-P1221,1945,20.9,0.0,0.0,0.0,0.0,618.7,809.5,663.1,156.5,17.8,9.4,0.0,2295.9,20.9,0.0,2247.8,27.2,1222,,MUMBAI CITY,
Maharashtra,Bombay City,IMD110-P1221,1946,,0.0,0.0,0.0,5.9,549.3,413.7,386.8,454.9,20.5,164.1,15.5,,,5.9,1804.7,200.1,1222,missing_months,MUMBAI CITY,
Maharashtra,Bombay City,IMD110-P1221,1947,0.4,0.0,0.0,44.7,0.0,97.9,583.7,587.9,549.4,56.3,0.0,0.0,1920.2,0.4,44.7,1818.8,56.3,1222,,MUMBAI CITY,
Maharashtra,Bombay City,IMD110-P1221,1948,9.5,0.0,0.0,0.0,0.0,252.8,724.2,409.5,322.8,34.5,142.5,0.0,1895.8,9.5,0.0,1709.3,176.9,1222,,MUMBAI CITY,
Maharashtra,Bombay City,IMD110-P1221,1949,0.0,0.0,0.0,0.0,32.8,445.7,716.5,373.8,1259.5,53.1,0.0,0.0,2881.2,0.0,32.8,2795.4,53.1,1222,,MUMBAI CITY,
Maharashtra,Bombay City,IMD110-P1221,1950,0.0,0.0,0.0,0.0,5.0,186.6,750.4,111.3,660.3,16.9,2.4,0.0,1732.9,0.0,5.0,1708.6,19.3,1222,,MUMBAI CITY,
Maharashtra,Bombay City,IMD110-P1221,1951,0.0,0.0,2.6,1.9,48.3,457.6,854.2,250.8,68.1,132.1,14.3,0.0,1829.8,0.0,52.8,1630.6,146.4,1222,,MUMBAI CITY,
Maharashtra,Bombay City,IMD110-P1221,1952,0.0,0.0,0.0,0.0,0.0,723.0,944.9,192.4,84.8,62.6,0.0,0.0,2007.7,0.0,0.0,1945.1,62.6,1222,,MUMBAI CITY,
Maharashtra,Bombay City,IMD110-P1221,1953,0.0,0.0,0.0,2.4,0.0,913.3,969.8,404.9,151.9,53.2,0.0,0.0,2495.6,0.0,2.4,2440.0,53.2,1222,,MUMBAI CITY,
Maharashtra,Bombay City,IMD110-P1221,1954,0.3,8.6,0.0,1.8,0.2,516.9,1288.6,853.0,775.4,42.1,0.0,4.8,3491.5,8.8,1.9,3433.9,46.9,1222,,MUMBAI CITY,
Maharashtra,Bombay City,IMD110-P1221,1955,0.0,0.0,0.0,0.0,0.7,357.1,542.1,961.5,288.8,184.8,8.2,0.0,2343.2,0.0,0.7,2149.5,193.0,1222,,MUMBAI CITY,
Maharashtra,Bombay City,IMD110-P1221,1956,0.0,0.0,0.0,0.0,67.6,691.0,887.1,522.3,517.4,101.7,10.5,0.0,2797.6,0.0,67.6,2617.8,112.2,1222,,MUMBAI CITY,
Maharashtra,Bombay City,IMD110-P1221,1957,0.0,0.0,0.0,0.0,24.4,332.1,852.3,682.1,70.1,15.6,32.2,0.0,2008.7,0.0,24.4,1936.6,47.8,1222,,MUMBAI CITY,
Maharashtra,Bombay City,IMD110-P1221,1958,0.5,0.0,0.1,0.0,3.1,871.0,943.5,1207.3,409.8,3.6,4.7,0.0,3443.7,0.5,3.2,3431.7,8.3,1222,,MUMBAI CITY,
Maharashtra,Bombay City,IMD110-P1221,1959,0.0,0.0,0.0,4.8,8.6,521.2,897.1,631.1,283.8,321.9,0.1,0.0,2668.6,0.0,13.4,2333.2,322.0,1222,,MUMBAI CITY,
Maharashtra,Bombay City,IMD110-P1221,1960,0.0,0.0,0.0,0.2,15.2,1016.3,539.1,286.4,107.9,234.3,0.0,0.3,2199.6,0.0,15.4,1949.7,234.6,1222,,MUMBAI CITY,
Maharashtra,Bombay City,IMD110-P1221,1961,0.0,19.3,0.0,0.2,20.4,354.9,1247.7,422.5,261.6,93.6,0.0,0.5,2420.5,19.3,20.5,2286.6,94.1,1222,,MUMBAI CITY,
Maharashtra,Bombay City,IMD110-P1221,1962,4.4,0.0,0.1,0.6,29.3,360.5,772.0,394.9,451.3,14.6,6.7,34.9,2069.2,4.4,30.0,1978.6,56.2,1222,,MUMBAI CITY,
Maharashtra,Bombay City,IMD110-P1221,1963,1.9,0.0,0.0,0.0,0.1,426.9,808.6,959.4,288.8,29.7,4.9,0.0,2520.4,1.9,0.1,2483.7,34.6,1222,,MUMBAI CITY,
Maharashtra,Bombay City,IMD110-P1221,1964,0.0,0.0,0.0,0.0,0.5,602.2,515.0,531.3,268.5,94.1,5.7,0.0,2017.3,0.0,0.5,1917.0,99.8,1222,,MUMBAI CITY,
Maharashtra,Bombay City,IMD110-P1221,1965,4.5,0.0,0.0,0.9,0.1,623.8,1159.3,472.4,55.4,0.0,2.6,7.6,2326.8,4.5,1.1,2310.9,10.3,1222,,MUMBAI CITY,
Maharashtra,Bombay City,IMD110-P1221,1966,0.0,0.0,0.0,0.0,5.4,240.5,901.6,153.5,280.3,13.7,1.8,0.1,1596.8,0.0,5.4,1575.9,15.6,1222,,MUMBAI CITY,
Maharashtra,Bombay City,IMD110-P1221,1967,0.0,0.0,0.0,0.0,0.0,722.9,948.1,274.2,147.6,39.2,0.0,43.1,2175.2,0.0,0.0,2092.9,82.3,1222,,MUMBAI CITY,
Maharashtra,Bombay City,IMD110-P1221,1968,0.0,0.0,0.0,0.0,0.0,229.4,648.2,179.2,125.2,36.5,0.6,0.0,1219.2,0.0,0.0,1182.0,37.2,1222,,MUMBAI CITY,
Maharashtra,Bombay City,IMD110-P1221,1969,0.0,0.0,0.0,0.1,0.0,499.2,672.4,211.1,398.0,1.8,10.2,0.1,1792.8,0.0,0.1,1780.7,12.1,1222,,MUMBAI CITY,
Maharashtra,Bombay City,IMD110-P1221,1970,0.2,0.0,0.0,1.4,22.6,853.8,537.2,686.6,281.3,59.3,0.0,0.0,2442.4,0.2,24.0,2358.9,59.3,1222,,MUMBAI CITY,
Maharashtra,Bombay City,IMD110-P1221,1971,0.0,0.3,0.0,0.0,75.2,1020.1,337.7,691.4,312.6,21.9,0.0,0.0,2459.3,0.3,75.2,2361.9,21.9,1222,,MUMBAI CITY,
Maharashtra,Bombay City,IMD110-P1221,1972,0.0,4.6,0.0,0.2,0.4,731.4,587.3,120.9,95.3,0.1,55.9,0.0,1596.1,4.6,0.6,1535.0,56.0,1222,,MUMBAI CITY,
Maharashtra,Bombay City,IMD110-P1221,1973,0.0,0.4,0.4,0.3,0.0,227.0,432.5,460.2,372.4,31.2,0.0,0.0,1524.4,0.4,0.8,1492.1,31.2,1222,,MUMBAI CITY,
Maharashtra,Bombay City,IMD110-P1221,1974,0.0,0.0,0.0,15.5,29.1,169.2,1229.1,605.7,156.1,173.9,0.0,0.0,2378.5,0.0,44.6,2160.0,173.9,1222,,MUMBAI CITY,
Maharashtra,Bombay City,IMD110-P1221,1975,0.0,0.0,0.0,0.0,0.7,508.8,795.4,737.4,466.1,150.8,0.0,0.0,2659.2,0.0,0.7,2507.8,150.8,1222,,MUMBAI CITY,
Maharashtra,Bombay City,IMD110-P1221,1976,0.0,0.0,0.2,0.0,1.6,410.5,815.8,413.2,397.1,1.8,30.5,0.0,2070.8,0.0,1.8,2036.7,32.3,1222,,MUMBAI CITY,
Maharashtra,Bombay City,IMD110-P1221,1977,0.0,0.0,0.0,0.3,0.0,368.1,1094.2,232.5,510.9,62.4,64.7,0.0,2333.1,0.0,0.3,2205.7,127.1,1222,,MUMBAI CITY,
Maharashtra,Bombay City,IMD110-P1221,1978,0.0,0.2,0.4,0.0,2.5,900.3,406.3,210.6,154.0,46.4,19.7,3.4,1743.8,0.2,2.9,1671.2,69.5,1222,,MUMBAI CITY,
Maharashtra,Bombay City,IMD110-P1221,1979,0.0,0.4,1.7,0.0,0.6,632.8,374.1,566.4,232.8,6.1,104.7,0.0,1919.5,0.4,2.3,1806.0,110.8,1222,,MUMBAI CITY,
Maharashtra,Bombay City,IMD110-P1221,1980,1.5,0.0,0.0,0.9,0.0,675.5,452.5,635.2,132.1,19.8,13.8,20.8,1952.0,1.5,0.9,1895.3,54.3,1222,,MUMBAI CITY,
Maharashtra,Bombay City,IMD110-P1221,1981,0.7,0.3,0.0,1.3,0.0,260.3,641.2,401.3,691.6,48.1,7.5,0.0,2052.3,1.1,1.3,1994.4,55.6,1222,,MUMBAI CITY,
Maharashtra,Bombay City,IMD110-P1221,1982,0.1,0.0,0.0,0.0,3.6,398.4,929.8,501.9,163.4,0.0,114.9,0.0,2112.1,0.1,3.6,1993.4,114.9,1222,,MUMBAI CITY,
Maharashtra,Bombay City,IMD110-P1221,1983,0.0,0.0,0.0,6.6,0.0,404.5,987.9,1215.7,523.2,95.8,27.0,0.0,3260.7,0.0,6.6,3131.3,122.8,1223,,MUMBAI CITY,
Maharashtra,Bombay City,IMD110-P1221,1984,0.0,1.9,1.6,0.0,0.0,568.9,1045.4,201.1,348.2,14.4,0.0,0.0,2181.5,1.9,1.6,2163.6,14.4,1223,,MUMBAI CITY,
Maharashtra,Bombay City,IMD110-P1221,1985,0.0,0.0,0.0,0.0,2.3,1153.3,646.8,365.1,131.7,165.4,0.0,0.0,2464.6,0.0,2.3,2296.9,165.4,1223,,MUMBAI CITY,
Maharashtra,Bombay City,IMD110-P1221,1986,0.0,0.0,0.0,0.0,0.6,554.4,229.2,446.5,68.9,0.1,19.5,2.8,1322.2,0.0,0.6,1299.1,22.4,1223,,MUMBAI CITY,
Maharashtra,Bombay City,IMD110-P1221,1987,0.0,0.0,0.0,0.0,0.0,443.7,694.8,777.4,38.8,60.3,0.8,21.3,2037.1,0.0,0.0,1954.7,82.3,1223,,MUMBAI CITY,
Maharashtra,Bombay City,IMD110-P1221,1988,0.0,0.0,0.0,0.0,0.0,400.6,1029.8,302.1,730.0,245.4,0.1,0.0,2708.1,0.0,0.0,2462.6,245.6,1223,,MUMBAI CITY,
Maharashtra,Bombay City,IMD110-P1221,1989,4.8,0.0,0.0,0.0,0.0,450.6,906.5,551.3,178.1,54.3,0.0,0.0,2145.6,4.8,0.0,2086.5,54.3,1223,,MUMBAI CITY,
Maharashtra,Bombay City,IMD110-P1221,1990,0.0,1.4,1.6,0.0,132.9,887.5,340.9,964.6,456.1,100.4,0.4,0.0,2885.8,1.4,134.4,2649.1,100.8,1223,,MUMBAI CITY,
Maharashtra,Bombay City,IMD110-P1221,1991,0.0,0.0,0.0,0.8,0.3,1002.1,1094.1,252.4,57.9,1.1,0.7,4.3,2413.6,0.0,1.1,2406.4,6.2,1223,,MUMBAI CITY,
Maharashtra,Bombay City,IMD110-P1221,1992,0.0,0.0,0.0,0.0,0.0,126.9,549.1,772.8,304.5,54.5,0.0,0.0,1807.9,0.0,0.0,1753.4,54.5,1223,,MUMBAI CITY,
Maharashtra,Bombay City,IMD110-P1221,1993,0.0,0.0,0.0,0.0,2.5,412.6,761.9,334.6,868.2,107.1,5.3,0.2,2492.4,0.0,2.5,2377.3,112.6,1223,,MUMBAI CITY,
Maharashtra,Bombay City,IMD110-P1221,1994,14.3,0.0,0.0,1.5,3.4,485.8,953.8,392.3,369.7,45.5,0.3,0.0,2266.5,14.3,4.9,2201.6,45.8,1223,,MUMBAI CITY,
Maharashtra,Bombay City,IMD110-P1221,1995,1.1,0.0,0.0,0.0,0.0,91.8,580.3,340.5,481.8,97.2,0.0,0.0,1592.7,1.1,0.0,1494.3,97.2,1223,,MUMBAI CITY,
Maharashtra,Bombay City,IMD110-P1221,1996,2.0,0.0,0.0,0.0,0.0,245.8,1003.1,416.7,356.6,165.6,1.4,0.0,2191.2,2.0,0.0,2022.2,167.1,1223,,MUMBAI CITY,
Maharashtra,Bombay City,IMD110-P1221,1997,,0.0,0.0,0.3,0.0,610.1,525.7,651.6,383.0,0.0,31.9,25.1,,,0.3,2170.4,57.0,1223,missing_months,MUMBAI CITY,
Maharashtra,Bombay City,IMD110-P1221,1998,0.0,0.0,0.0,0.0,0.2,333.8,567.3,671.7,416.3,396.0,14.8,0.0,2399.9,0.0,0.2,1989.1,410.8,1223,,MUMBAI CITY,
Maharashtra,Bombay City,IMD110-P1221,1999,0.0,0.1,0.0,0.0,74.7,529.8,482.5,175.3,364.7,158.6,0.0,0.0,1785.7,0.1,74.7,1552.3,158.6,1223,,MUMBAI CITY,
Maharashtra,Bombay City,IMD110-P1221,2000,0.0,0.0,0.0,0.0,287.1,358.4,1179.9,565.8,100.6,32.3,0.0,8.4,2532.4,0.0,287.1,2204.7,40.6,1223,,MUMBAI CITY,
Maharashtra,Bombay City,IMD110-P1221,2001,1.4,0.0,0.0,1.1,22.9,601.8,640.8,431.7,100.5,67.4,0.0,0.0,1867.6,1.4,24.0,1774.8,67.4,1223,,MUMBAI CITY,
Maharashtra,Bombay City,IMD110-P1221,2002,0.0,0.0,7.5,0.0,1.5,446.1,103.2,637.0,123.1,0.3,0.0,0.3,1318.9,0.0,8.9,1309.3,0.6,1223,,MUMBAI CITY,
Maharashtra,Bombay City,IMD110-P1221,2003,0.0,3.0,0.0,0.0,0.0,731.4,827.8,372.4,281.3,8.3,0.0,0.0,2224.2,3.0,0.0,2212.9,8.3,1223,,MUMBAI CITY,
Maharashtra,Bombay City,IMD110-P1221,2004,0.0,0.0,0.0,0.0,49.9,281.9,812.3,862.6,172.8,45.6,2.5,0.0,2227.5,0.0,49.9,2129.5,48.1,1223,,MUMBAI CITY,
Maharashtra,Bombay City,IMD110-P1221,2005,0.5,0.0,0.1,0.0,0.2,561.8,1049.8,462.6,668.7,26.3,0.0,0.0,2769.8,0.5,0.3,2742.8,26.3,1223,,MUMBAI CITY,
Maharashtra,Bombay City,IMD110-P1221,2006,0.0,0.0,10.2,0.0,86.5,455.9,999.5,765.0,260.1,242.3,6.2,0.0,2825.7,0.0,96.7,2480.5,248.5,1223,,MUMBAI CITY,
Maharashtra,Bombay City,IMD110-P1221,2007,0.0,2.1,0.0,0.0,0.3,776.5,630.9,646.2,428.9,0.0,3.9,0.0,2488.9,2.1,0.3,2482.6,3.9,1223,,MUMBAI CITY,
Maharashtra,Bombay City,IMD110-P1221,2008,0.0,0.0,0.0,0.0,0.5,768.0,819.9,498.8,351.0,15.3,1.6,0.2,2455.4,0.0,0.5,2437.8,17.1,1223,,MUMBAI CITY,
Maharashtra,Bombay City,IMD110-P1221,2009,0.0,0.0,0.0,0.0,1.3,241.1,956.8,247.4,421.0,190.8,98.8,0.0,2157.3,0.0,1.3,1866.3,289.6,1223,,MUMBAI CITY,
Maharashtra,Bombay City,IMD110-P1221,2010,0.0,0.0,0.0,0.5,0.0,829.8,1174.7,943.2,300.9,93.2,51.5,0.0,3393.6,0.0,0.5,3248.5,144.6,1223,,MUMBAI CITY,
Maharashtra,Nagpur,IMD110-P1224,1901,27.4,34.8,35.3,25.7,13.1,96.4,250.3,407.6,110.9,1.9,0.0,0.0,1003.5,62.2,74.2,865.2,1.9,1224,,NAGPUR,
Maharashtra,Nagpur,IMD110-P1224,1902,0.9,0.2,0.0,2.3,2.5,33.5,246.4,203.4,143.8,23.0,12.8,25.0,693.7,1.1,4.7,627.0,60.8,1224,,NAGPUR,
Maharashtra,Nagpur,IMD110-P1224,1903,8.3,4.0,0.0,3.2,39.1,170.2,529.1,350.9,121.3,93.9,0.0,0.0,1320.1,12.4,42.3,1171.5,93.9,1224,,NAGPUR,
Maharashtra,Nagpur,IMD110-P1224,1904,2.0,4.3,24.1,0.0,5.2,223.9,132.3,169.5,157.8,47.6,0.0,1.3,768.0,6.3,29.3,683.6,48.9,1224,,NAGPUR,
Maharashtra,Nagpur,IMD110-P1224,1905,19.7,16.9,12.1,19.1,11.4,102.1,350.5,264.2,453.3,1.4,0.0,0.0,1250.6,36.6,42.5,1170.1,1.4,1224,,NAGPUR,
Maharashtra,Nagpur,IMD110-P1224,1906,2.7,8.5,34.4,0.0,18.2,443.5,302.5,444.5,121.5,4.7,0.7,14.5,1395.7,11.2,52.6,1312.0,19.9,1224,,NAGPUR,
Maharashtra,Nagpur,IMD110-P1224,1907,2.5,61.5,0.1,46.1,2.8,241.9,360.5,385.0,98.4,0.0,37.8,0.8,1237.3,64.0,49.0,1085.8,38.6,1224,,NAGPUR,
Maharashtra,Nagpur,IMD110-P1224,1908,5.1,12.3,15.2,1.9,0.7,291.5,371.7,341.3,201.3,13.3,0.0,11.0,1265.2,17.4,17.8,1205.8,24.3,1224,,NAGPUR,
Maharashtra,Nagpur,IMD110-P1224,1909,0.3,19.3,6.6,54.3,37.8,158.8,410.0,210.4,169.3,2.9,0.0,122.2,1191.9,19.5,98.8,948.5,125.1,1224,,NAGPUR,
Maharashtra,Nagpur,IMD110-P1224,1910,0.0,0.0,0.0,0.2,18.5,352.4,359.4,310.8,287.0,64.1,75.5,0.0,1467.9,0.0,18.7,1309.6,139.6,1224,,NAGPUR,
Maharashtra,Nagpur,IMD110-P1224,1911,33.8,0.0,4.1,0.0,4.7,305.6,160.7,306.0,226.1,31.7,71.5,0.0,1144.2,33.8,8.8,998.3,103.2,1224,,NAGPUR,
Maharashtra,Nagpur,IMD110-P1224,1912,1.2,71.2,0.0,8.9,2.9,51.1,401.3,415.9,126.7,0.0,13.9,1.1,1094.2,72.3,11.8,995.1,15.0,1224,,NAGPUR,
Maharashtra,Nagpur,IMD110-P1224,1913,0.0,23.1,7.3,0.9,23.3,235.5,308.0,322.6,96.0,11.2,0.2,22.1,1050.4,23.1,31.5,962.2,33.5,1224,,NAGPUR,
Maharashtra,Nagpur,IMD110-P1224,1914,0.0,15.9,22.3,51.5,5.1,148.7,314.5,191.1,237.4,10.3,4.7,26.8,1028.2,15.9,78.9,891.7,41.7,1224,,NAGPUR,
Maharashtra,Nagpur,IMD110-P1224,1915,18.3,3.1,39.9,13.6,13.3,228.6,350.5,192.2,260.0,110.6,0.0,2.3,1232.3,21.4,66.8,1031.2,112.9,1224,,NAGPUR,
Maharashtra,Nagpur,IMD110-P1224,1916,0.0,28.4,0.1,1.8,14.3,259.6,331.7,319.6,300.7,180.2,41.6,0.0,1478.0,28.4,16.1,1211.7,221.8,1224,,NAGPUR,
Maharashtra,Nagpur,IMD110-P1224,1917,1.2,86.0,38.5,13.3,70.1,303.4,299.5,191.9,432.6,102.9,0.0,0.0,1539.5,87.2,121.9,1227.5,102.9,1224,,NAGPUR,
Maharashtra,Nagpur,IMD110-P1224,1918,2.2,8.5,1.0,0.3,78.1,344.1,196.9,162.4,74.7,3.0,22.5,17.3,911.0,10.7,79.4,778.1,42.8,1224,,NAGPUR,
Maharashtra,Nagpur,IMD110-P1224,1919,77.5,43.3,17.6,3.5,26.9,341.9,299.0,389.1,87.1,143.7,5.3,0.2,1435.1,120.8,48.0,1117.1,149.2,1224,,NAGPUR,
Maharashtra,Nagpur,IMD110-P1224,1920,23.9,0.0,15.6,10.4,4.2,135.7,278.3,140.7,86.2,0.0,0.0,0.0,695.0,23.9,30.2,640.9,0.0,1224,,NAGPUR,
Maharashtra,Nagpur,IMD110-P1224,1921,15.8,0.4,0.0,0.8,0.0,163.1,227.8,245.6,147.7,0.1,0.0,0.0,801.2,16.1,0.8,784.2,0.1,1224,,NAGPUR,
Maharashtra,Nagpur,IMD110-P1224,1922,16.9,4.6,0.1,1.6,6.0,205.8,238.0,160.0,295.6,1.3,78.9,0.0,1008.7,21.5,7.6,899.4,80.2,1224,,NAGPUR,
Maharashtra,Nagpur,IMD110-P1224,1923,1.2,15.5,42.1,1.6,0.4,19.3,448.2,250.1,316.4,4.5,0.0,0.5,1099.8,16.7,44.1,1034.1,5.0,1224,,NAGPUR,
Maharashtra,Nagpur,IMD110-P1224,1924,11.7,0.2,11.2,6.9,0.4,40.4,291.1,222.4,179.2,112.2,18.7,2.1,896.6,11.9,18.5,733.2,133.0,1224,,NAGPUR,
Maharashtra,Nagpur,IMD110-P1224,1925,0.0,0.0,2.9,0.3,20.9,160.1,277.6,391.6,65.6,17.4,59.4,1.0,996.8,0.0,24.0,895.0,77.8,1224,,NAGPUR,
Maharashtra,Nagpur,IMD110-P1224,1926,32.1,2.5,34.2,31.0,106.6,28.0,356.5,512.3,117.6,74.7,7.3,2.0,1304.9,34.6,171.8,1014.5,84.0,1224,,NAGPUR,
Maharashtra,Nagpur,IMD110-P1224,1927,1.2,14.3,17.6,0.7,2.0,295.7,429.3,246.1,63.2,31.4,53.8,6.7,1162.0,15.5,20.2,1034.2,92.0,1224,,NAGPUR,
Maharashtra,Nagpur,IMD110-P1224,1928,0.6,49.8,5.9,0.0,3.1,207.3,317.7,163.1,171.4,84.7,0.8,20.8,1025.2,50.4,9.0,859.5,106.3,1224,,NAGPUR,
Maharashtra,Nagpur,IMD110-P1224,1929,3.1,48.0,0.2,7.6,0.2,182.9,247.0,205.5,303.0,30.4,0.0,44.0,1072.0,51.1,8.0,938.4,74.4,1224,,NAGPUR,
Maharashtra,Nagpur,IMD110-P1224,1930,0.0,0.3,0.4,49.9,6.8,186.7,232.1,150.1,129.0,37.6,18.9,4.5,816.3,0.3,57.1,697.9,61.0,1224,,NAGPUR,
Maharashtra,Nagpur,IMD110-P1224,1931,11.5,5.2,28.4,6.9,2.6,101.6,319.8,391.2,232.1,228.0,14.2,2.3,1343.9,16.7,38.0,1044.7,244.5,1224,,NAGPUR,
Maharashtra,Nagpur,IMD110-P1224,1932,0.0,25.6,10.7,4.5,6.6,193.1,511.2,139.3,191.5,18.8,13.8,0.0,1115.0,25.6,21.8,1035.0,32.6,1224,,NAGPUR,
Maharashtra,Nagpur,IMD110-P1224,1933,0.5,57.4,30.3,29.7,79.2,136.0,426.4,405.2,289.2,84.8,8.4,8.3,1555.5,57.9,139.2,1256.8,101.6,1224,,NAGPUR,
Maharashtra,Nagpur,IMD110-P1224,1934,0.4,0.0,0.5,3.4,0.0,157.5,278.1,330.2,272.6,27.1,32.0,0.4,1102.2,0.4,3.9,1038.3,59.6,1224,,NAGPUR,
Maharashtra,Nagpur,IMD110-P1224,1935,14.6,7.6,0.7,28.9,0.1,177.9,540.0,183.5,234.0,3.8,0.0,4.0,1195.1,22.3,29.6,1135.4,7.8,1224,,NAGPUR,
Maharashtra,Nagpur,IMD110-P1224,1936,5.4,83.3,14.4,11.4,14.6,381.3,335.4,311.1,186.9,147.7,29.8,8.9,1530.3,88.8,40.4,1214.6,186.5,1224,,NAGPUR,
Maharashtra,Nagpur,IMD110-P1224,1937,0.0,49.3,66.3,120.2,10.0,195.7,488.0,236.8,236.3,126.4,0.0,0.8,1529.8,49.3,196.5,1156.8,127.3,1224,,NAGPUR,
Maharashtra,Nagpur,IMD110-P1224,1938,6.5,9.7,14.6,12.4,24.2,288.9,476.0,387.9,169.7,120.2,0.0,0.0,1510.1,16.2,51.2,1322.6,120.2,1224,,NAGPUR,
Maharashtra,Nagpur,IMD110-P1224,1939,3.6,0.1,44.3,3.5,0.0,105.2,340.9,355.3,75.0,22.7,0.0,0.0,950.7,3.7,47.8,876.5,22.7,1224,,NAGPUR,
Maharashtra,Nagpur,IMD110-P1224,1940,0.0,22.7,0.0,16.3,11.3,322.5,597.7,338.8,47.1,54.5,27.8,4.9,1443.6,22.7,27.6,1306.2,87.1,1224,,NAGPUR,
Maharashtra,Nagpur,IMD110-P1224,1941,10.7,23.0,18.5,5.8,0.7,171.8,364.0,189.3,117.7,1.5,0.0,0.0,903.1,33.7,25.0,843.0,1.5,1225,,NAGPUR,
Maharashtra,Nagpur,IMD110-P1224,1942,3.5,94.8,0.0,12.9,0.2,149.5,611.2,388.8,194.9,1.6,0.0,24.9,1482.2,98.4,13.1,1344.3,26.5,1225,,NAGPUR,
Maharashtra,Nagpur,IMD110-P1224,1943,93.7,0.0,0.0,9.3,23.6,143.9,215.2,200.6,315.9,96.8,0.0,0.0,1099.0,93.7,32.9,875.5,96.8,1225,,NAGPUR,
Maharashtra,Nagpur,IMD110-P1224,1944,9.6,95.0,72.9,0.4,3.7,98.0,596.3,357.6,245.3,65.1,4.7,0.0,1548.6,104.6,77.0,1297.2,69.8,1225,,NAGPUR,
Maharashtra,Nagpur,IMD110-P1224,1945,11.7,0.0,0.0,29.2,2.1,206.0,416.9,249.4,199.3,11.9,0.0,0.0,1126.6,11.8,31.3,1071.6,11.9,1225,,NAGPUR,
Maharashtra,Nagpur,IMD110-P1224,1946,0.0,31.5,0.2,23.1,1.8,261.9,381.7,240.6,100.8,13.9,119.3,6.5,1181.3,31.5,25.0,985.0,139.8,1225,,NAGPUR,
Maharashtra,Nagpur,IMD110-P1224,1947,59.6,51.4,40.6,6.3,4.5,123.3,510.9,471.0,128.2,6.4,0.0,0.8,1403.0,111.1,51.5,1233.4,7.2,1225,,NAGPUR,
Maharashtra,Nagpur,IMD110-P1224,1948,126.0,10.6,14.1,2.0,3.4,124.7,324.3,228.9,181.3,14.0,115.1,0.0,1144.5,136.6,19.4,859.3,129.2,1225,,NAGPUR,
Maharashtra,Nagpur,IMD110-P1224,1949,0.0,2.5,3.4,5.6,21.2,268.7,392.1,223.7,222.1,132.4,0.0,0.2,1271.8,2.5,30.1,1106.6,132.6,1225,,NAGPUR,
Maharashtra,Nagpur,IMD110-P1224,1950,0.0,17.1,18.1,0.6,3.3,95.1,325.1,155.3,107.9,9.9,0.0,4.5,736.9,17.1,21.9,683.4,14.4,1225,,NAGPUR,
Maharashtra,Nagpur,IMD110-P1224,1951,5.9,0.5,62.9,25.1,4.6,93.1,321.9,254.9,162.7,83.1,0.0,0.0,1014.6,6.4,92.6,832.5,83.1,1225,,NAGPUR,
Maharashtra,Nagpur,IMD110-P1224,1952,0.0,10.2,16.5,12.5,2.5,91.0,214.8,234.9,103.4,31.2,0.0,0.0,717.1,10.2,31.6,644.1,31.2,1225,,NAGPUR,
Maharashtra,Nagpur,IMD110-P1224,1953,4.2,3.3,0.0,26.1,0.2,89.8,239.8,437.3,181.2,48.9,0.0,0.0,1030.9,7.5,26.3,948.2,48.9,1225,,NAGPUR,
Maharashtra,Nagpur,IMD110-P1224,1954,0.0,0.1,6.2,6.3,0.0,170.0,452.7,275.5,280.4,1.3,0.0,0.0,1192.4,0.1,12.4,1178.6,1.3,1225,,NAGPUR,
Maharashtra,Nagpur,IMD110-P1224,1955,20.9,1.1,0.9,13.2,1.9,220.9,308.9,335.0,249.9,174.7,0.0,0.0,1327.2,22.0,15.9,1114.6,174.7,1225,,NAGPUR,
Maharashtra,Nagpur,IMD110-P1224,1956,0.3,0.0,0.8,0.1,77.2,241.9,358.6,195.0,302.1,31.5,65.3,8.3,1281.1,0.3,78.0,1097.7,105.1,1225,,NAGPUR,
Maharashtra,Nagpur,IMD110-P1224,1957,31.2,0.0,60.4,58.5,12.9,110.4,272.4,352.7,82.5,15.0,0.0,0.0,995.9,31.2,131.8,817.9,15.0,1225,,NAGPUR,
Maharashtra,Nagpur,IMD110-P1224,1958,2.0,0.7,12.7,15.0,10.9,95.6,283.5,375.7,279.9,98.9,42.0,0.0,1216.9,2.7,38.6,1034.7,140.9,1225,,NAGPUR,
Maharashtra,Nagpur,IMD110-P1224,1959,24.5,0.0,0.7,13.1,13.3,241.8,466.1,221.9,334.2,70.2,0.0,0.0,1385.7,24.5,27.0,1264.0,70.2,1225,,NAGPUR,
Maharashtra,Nagpur,IMD110-P1224,1960,95.2,0.0,61.0,13.1,3.2,163.8,568.6,169.0,103.9,66.6,0.0,0.6,1245.1,95.2,77.3,1005.3,67.2,1225,,NAGPUR,
Maharashtra,Nagpur,IMD110-P1224,1961,5.1,6.7,1.1,8.0,19.1,142.3,366.1,366.0,441.8,107.1,0.0,4.3,1467.6,11.8,28.2,1316.1,111.4,1225,,NAGPUR,
Maharashtra,Nagpur,IMD110-P1224,1962,1.6,9.3,13.7,12.6,25.7,50.8,306.2,239.6,285.8,1.0,11.3,128.8,1086.4,10.9,52.0,882.4,141.1,1225,,NAGPUR,
Maharashtra,Nagpur,IMD110-P1224,1963,0.4,19.6,8.5,18.2,8.9,219.1,257.1,376.9,112.1,66.7,0.0,0.0,1087.6,20.0,35.6,965.2,66.7,1225,,NAGPUR,
Maharashtra,Nagpur,IMD110-P1224,1964,0.0,0.8,2.6,0.3,0.5,187.7,239.6,426.5,134.3,41.8,6.3,0.9,1041.5,0.8,3.4,988.2,49.0,1225,,NAGPUR,
Maharashtra,Nagpur,IMD110-P1224,1965,12.5,12.6,11.9,9.0,2.1,171.4,168.7,127.3,186.7,0.3,0.0,0.2,702.6,25.1,23.0,654.0,0.4,1225,,NAGPUR,
Maharashtra,Nagpur,IMD110-P1224,1966,6.6,0.0,6.6,7.2,50.3,73.3,431.8,183.6,135.0,0.3,34.6,56.4,985.5,6.6,64.0,823.7,91.2,1225,,NAGPUR,
Maharashtra,Nagpur,IMD110-P1224,1967,0.9,0.0,79.5,6.5,5.3,149.4,510.1,154.5,95.5,0.0,10.6,157.7,1170.1,0.9,91.4,909.5,168.3,1225,,NAGPUR,
Maharashtra,Nagpur,IMD110-P1224,1968,14.1,25.5,29.7,31.9,0.2,119.5,272.5,149.2,270.0,11.9,0.0,4.5,928.9,39.6,61.7,811.3,16.4,1225,,NAGPUR,
Maharashtra,Nagpur,IMD110-P1224,1969,1.0,0.0,1.2,3.7,8.5,75.8,400.7,166.4,258.4,1.2,1.4,0.0,918.3,1.0,13.5,901.2,2.7,1225,,NAGPUR,
Maharashtra,Nagpur,IMD110-P1224,1970,20.2,3.3,40.8,0.7,31.1,327.7,177.1,439.4,283.7,2.4,0.0,0.0,1326.2,23.4,72.6,1227.8,2.4,1225,,NAGPUR,
Maharashtra,Nagpur,IMD110-P1224,1971,3.6,25.3,14.0,15.1,17.5,270.4,136.5,298.8,167.1,130.1,0.0,0.0,1078.2,28.8,46.5,872.8,130.1,1225,,NAGPUR,
Maharashtra,Nagpur,IMD110-P1224,1972,0.0,4.2,0.0,2.9,2.8,125.2,165.7,220.6,59.4,18.9,20.0,3.6,623.2,4.2,5.7,570.9,42.4,1225,,NAGPUR,
Maharashtra,Nagpur,IMD110-P1224,1973,2.6,9.5,0.0,6.6,0.2,63.3,488.5,232.6,157.5,222.4,0.0,0.0,1183.3,12.1,6.8,941.9,222.4,1225,,NAGPUR,
Maharashtra,Nagpur,IMD110-P1224,1974,0.0,4.4,0.4,0.4,8.2,102.0,259.4,224.1,46.4,191.5,9.0,0.0,845.8,4.4,9.1,631.8,200.5,1225,,NAGPUR,
Maharashtra,Nagpur,IMD110-P1224,1975,1.3,38.4,17.4,0.0,2.8,227.2,353.6,318.1,268.6,122.1,0.0,0.0,1349.5,39.8,20.2,1167.5,122.1,1225,,NAGPUR,
Maharashtra,Nagpur,IMD110-P1224,1976,4.2,0.0,8.4,11.5,8.6,86.3,339.7,287.5,248.2,2.0,34.5,0.0,1031.0,4.2,28.5,961.7,36.6,1225,,NAGPUR,
Maharashtra,Nagpur,IMD110-P1224,1977,0.0,0.3,6.7,5.4,10.5,190.9,321.5,312.5,202.9,21.1,119.6,0.9,1192.2,0.3,22.5,1027.8,141.6,1225,,NAGPUR,
Maharashtra,Nagpur,IMD110-P1224,1978,12.8,50.6,24.5,10.9,0.3,208.3,287.5,440.8,93.1,0.4,24.7,107.5,1261.4,63.3,35.7,1029.7,132.6,1225,,NAGPUR,
Maharashtra,Nagpur,IMD110-P1224,1979,50.2,89.4,0.0,0.0,10.5,198.6,262.2,408.8,120.2,7.4,22.6,6.4,1176.4,139.6,10.5,989.9,36.4,1225,,NAGPUR,
Maharashtra,Nagpur,IMD110-P1224,1980,32.4,4.0,4.6,5.8,1.3,217.6,229.5,411.4,143.3,0.8,0.0,29.0,1079.5,36.3,11.7,1001.8,29.8,1225,,NAGPUR,
Maharashtra,Nagpur,IMD110-P1224,1981,22.2,0.0,37.1,0.2,11.6,217.3,347.4,358.4,341.4,18.4,0.0,7.8,1362.0,22.2,48.9,1264.6,26.2,1225,,NAGPUR,
Maharashtra,Nagpur,IMD110-P1224,1982,38.5,29.4,1.2,9.5,9.3,103.2,231.2,161.7,142.0,40.1,14.2,0.0,780.2,67.9,19.9,638.1,54.3,1226,,NAGPUR,
Maharashtra,Nagpur,IMD110-P1224,1983,2.6,14.0,3.1,1.7,4.8,156.4,374.5,334.6,265.6,48.6,0.0,8.0,1213.9,16.6,9.5,1131.1,56.7,1226,,NAGPUR,
Maharashtra,Nagpur,IMD110-P1224,1984,52.1,26.9,0.0,1.3,0.0,127.8,305.9,346.3,35.7,74.3,0.0,0.0,970.3,79.0,1.4,815.6,74.3,1226,,NAGPUR,
Maharashtra,Nagpur,IMD110-P1224,1985,61.7,2.2,0.0,5.6,6.6,146.6,404.3,193.9,78.7,157.8,0.0,2.8,1060.2,63.9,12.2,823.5,160.6,1226,,NAGPUR,
Maharashtra,Nagpur,IMD110-P1224,1986,11.2,71.9,23.8,1.4,13.8,250.5,244.9,351.9,83.3,8.3,26.2,41.9,1129.0,83.1,39.0,930.5,76.3,1226,,NAGPUR,
Maharashtra,Nagpur,IMD110-P1224,1987,48.5,3.6,11.9,0.0,18.6,83.5,197.2,258.0,20.8,49.2,70.2,3.9,765.4,52.1,30.5,559.5,123.3,1226,,NAGPUR,
Maharashtra,Nagpur,IMD110-P1224,1988,0.0,0.8,10.3,22.3,3.1,207.4,287.1,288.8,245.4,48.8,7.7,0.0,1121.7,0.8,35.7,1028.7,56.5,1226,,NAGPUR,
Maharashtra,Nagpur,IMD110-P1224,1989,0.0,0.0,43.2,0.0,0.7,203.8,159.6,220.1,112.5,9.4,0.0,20.0,769.2,0.0,43.9,695.9,29.4,1226,,NAGPUR,
Maharashtra,Nagpur,IMD110-P1224,1990,1.0,9.8,4.4,4.8,54.4,222.0,239.3,317.2,108.0,79.4,0.0,16.2,1056.5,10.7,63.6,886.6,95.6,1226,,NAGPUR,
Maharashtra,Nagpur,IMD110-P1224,1991,17.9,2.5,7.5,5.0,2.8,150.2,394.3,229.5,20.7,1.3,11.7,0.0,843.5,20.5,15.4,794.7,13.0,1226,,NAGPUR,
Maharashtra,Nagpur,IMD110-P1224,1992,0.0,0.2,0.0,5.9,1.4,89.6,256.2,476.3,84.3,9.7,2.3,0.0,925.9,0.2,7.3,906.4,12.0,1226,,NAGPUR,
Maharashtra,Nagpur,IMD110-P1224,1993,0.0,10.7,35.2,1.3,0.6,198.0,391.6,229.9,187.4,72.2,0.0,0.1,1127.0,10.7,37.1,1006.9,72.3,1226,,NAGPUR,
Maharashtra,Nagpur,IMD110-P1224,1994,23.8,26.7,0.0,10.5,0.0,221.5,543.1,328.7,337.3,123.7,0.7,0.0,1616.1,50.5,10.5,1430.7,124.4,1226,,NAGPUR,
Maharashtra,Nagpur,IMD110-P1224,1995,40.1,5.8,65.8,14.1,7.4,140.0,353.0,183.8,231.8,36.4,0.0,0.6,1079.0,45.9,87.3,908.7,37.1,1226,,NAGPUR,
Maharashtra,Nagpur,IMD110-P1224,1996,5.1,10.8,9.0,22.2,0.3,38.8,274.0,210.3,150.4,91.9,8.3,0.0,821.2,15.9,31.5,673.5,100.2,1226,,NAGPUR,
Maharashtra,Nagpur,IMD110-P1224,1997,23.2,0.0,0.0,14.0,17.9,100.8,262.0,252.0,143.8,132.9,88.0,104.9,1139.5,23.2,32.0,758.5,325.8,1226,,NAGPUR,
Maharashtra,Nagpur,IMD110-P1224,1998,34.1,23.2,34.9,21.6,12.2,100.9,232.0,286.0,268.9,44.3,87.4,0.0,1145.4,57.2,68.7,887.8,131.7,1226,,NAGPUR,
Maharashtra,Nagpur,IMD110-P1224,1999,0.3,32.5,0.1,0.0,23.5,240.9,268.8,373.3,306.5,118.4,0.0,0.0,1364.2,32.7,23.6,1189.6,118.4,1226,,NAGPUR,
Maharashtra,Nagpur,IMD110-P1224,2000,0.0,18.9,0.0,0.0,39.5,266.6,827.3,297.1,33.9,4.3,0.2,0.0,1487.8,18.9,39.5,1424.9,4.5,1226,,NAGPUR,
Maharashtra,Nagpur,IMD110-P1224,2001,2.9,0.0,10.0,16.5,19.4,338.5,307.5,407.0,46.7,103.1,0.7,0.0,1252.3,2.9,46.0,1099.7,103.7,1226,,NAGPUR,
Maharashtra,Nagpur,IMD110-P1224,2002,5.6,6.4,2.2,3.2,23.5,317.1,67.1,329.9,104.2,30.3,6.2,0.6,896.5,12.1,28.9,818.4,37.1,1226,,NAGPUR,
Maharashtra,Nagpur,IMD110-P1224,2003,0.0,2.7,3.4,14.9,10.7,177.2,465.0,284.4,152.4,9.8,0.2,0.3,1120.9,2.7,29.0,1078.9,10.3,1226,,NAGPUR,
Maharashtra,Nagpur,IMD110-P1224,2004,3.0,30.9,0.4,0.4,0.6,138.6,244.8,198.0,59.5,8.3,0.9,0.1,685.4,33.8,1.4,640.9,9.3,1226,,NAGPUR,
Maharashtra,Nagpur,IMD110-P1224,2005,93.3,6.0,12.6,8.5,4.7,208.2,403.0,186.7,311.3,94.8,0.0,0.0,1329.1,99.3,25.8,1109.2,94.8,1226,,NAGPUR,
Maharashtra,Nagpur,IMD110-P1224,2006,0.0,0.0,69.9,0.3,31.9,113.7,339.8,291.9,150.9,5.6,14.2,0.0,1018.1,0.0,102.1,896.3,19.7,1226,,NAGPUR,
Maharashtra,Nagpur,IMD110-P1224,2007,0.0,0.2,3.6,0.2,0.7,260.3,353.6,270.7,221.9,26.6,1.8,0.0,1139.6,0.2,4.5,1106.5,28.4,1226,,NAGPUR,
Maharashtra,Nagpur,IMD110-P1224,2008,0.0,0.0,5.5,5.2,19.9,182.1,293.4,196.2,113.6,19.5,19.6,0.0,855.0,0.0,30.6,785.3,39.1,1226,,NAGPUR,
Maharashtra,Nagpur,IMD110-P1224,2009,0.0,0.0,2.1,2.3,4.5,92.2,453.7,188.4,110.6,49.1,46.4,1.0,950.5,0.0,8.9,845.0,96.5,1226,,NAGPUR,
Maharashtra,Nagpur,IMD110-P1224,2010,0.6,3.1,18.7,0.0,0.3,146.2,384.8,406.2,225.6,29.2,58.2,0.3,1273.1,3.7,18.9,1162.8,87.6,1226,,NAGPUR,
Maharashtra,Nanded,IMD110-P1227,1901,8.2,8.3,60.3,39.4,23.1,114.2,257.4,297.5,79.6,88.2,0.0,0.0,976.2,16.5,122.8,748.7,88.2,1227,,NANDED,
Maharashtra,Nanded,IMD110-P1227,1902,0.0,0.0,0.0,0.0,0.0,72.2,206.4,123.7,137.7,50.1,47.5,48.0,685.6,0.0,0.0,540.0,145.6,1227,,NANDED,
Maharashtra,Nanded,IMD110-P1227,1903,9.7,3.0,0.0,0.0,46.0,204.1,414.1,399.5,175.1,127.5,0.0,15.7,1394.7,12.7,46.0,1192.8,143.2,1227,,NANDED,
Maharashtra,Nanded,IMD110-P1227,1904,0.0,0.0,20.6,0.0,13.4,139.4,153.5,55.3,311.3,98.6,0.0,0.0,792.1,0.0,34.0,659.5,98.6,1227,,NANDED,
Maharashtra,Nanded,IMD110-P1227,1905,0.0,1.3,0.0,0.8,9.9,64.7,91.0,270.4,273.5,3.8,0.0,0.0,715.4,1.3,10.7,699.6,3.8,1227,,NANDED,
Maharashtra,Nanded,IMD110-P1227,1906,0.0,0.0,0.0,0.0,0.8,206.3,299.0,140.3,92.6,10.5,6.3,6.4,762.2,0.0,0.8,738.2,23.2,1227,,NANDED,
Maharashtra,Nanded,IMD110-P1227,1907,3.0,4.3,0.0,25.9,0.0,108.7,217.0,187.3,44.0,1.3,0.0,1.0,592.5,7.3,25.9,557.0,2.3,1227,,NANDED,
Maharashtra,Nanded,IMD110-P1227,1908,0.0,3.0,8.1,3.8,0.0,146.7,204.0,350.3,330.9,0.0,0.0,0.0,1046.8,3.0,11.9,1031.9,0.0,1227,,NANDED,
Maharashtra,Nanded,IMD110-P1227,1909,0.0,0.0,11.2,8.9,2.5,134.2,239.7,179.1,134.0,0.0,1.3,45.5,756.4,0.0,22.6,687.0,46.8,1227,,NANDED,
Maharashtra,Nanded,IMD110-P1227,1910,0.0,0.0,0.0,0.0,0.0,338.0,131.6,247.4,809.6,71.8,74.2,0.0,1672.6,0.0,0.0,1526.6,146.0,1227,,NANDED,
Maharashtra,Nanded,IMD110-P1227,1911,0.0,0.0,0.0,0.0,3.3,73.9,195.4,197.9,100.6,0.0,4.6,0.0,575.7,0.0,3.3,567.8,4.6,1227,,NANDED,
Maharashtra,Nanded,IMD110-P1227,1912,0.0,21.6,0.0,7.1,21.0,31.0,270.4,252.8,100.6,9.4,14.0,0.0,727.9,21.6,28.1,654.8,23.4,1227,,NANDED,
Maharashtra,Nanded,IMD110-P1227,1913,0.0,11.4,0.0,3.5,36.6,109.1,383.5,143.2,32.8,47.5,0.0,0.0,767.6,11.4,40.1,668.6,47.5,1227,,NANDED,
Maharashtra,Nanded,IMD110-P1227,1914,0.0,33.0,5.3,2.0,6.4,242.9,254.7,140.6,322.7,15.7,33.8,34.1,1091.2,33.0,13.7,960.9,83.6,1227,,NANDED,
Maharashtra,Nanded,IMD110-P1227,1915,53.6,0.0,74.0,16.1,4.6,139.7,54.3,195.9,403.9,107.3,0.0,40.6,1090.0,53.6,94.7,793.8,147.9,1227,,NANDED,
Maharashtra,Nanded,IMD110-P1227,1916,0.0,0.0,0.0,0.0,1.0,153.7,306.6,113.7,241.2,143.4,31.9,0.0,991.5,0.0,1.0,815.2,175.3,1227,,NANDED,
Maharashtra,Nanded,IMD110-P1227,1917,0.0,154.8,15.5,0.0,36.8,137.6,302.7,217.7,362.8,44.0,0.0,0.0,1271.9,154.8,52.3,1020.8,44.0,1227,,NANDED,
Maharashtra,Nanded,IMD110-P1227,1918,2.5,0.0,0.0,0.0,122.3,172.6,132.8,105.6,92.5,0.0,2.8,23.9,655.0,2.5,122.3,503.5,26.7,1227,,NANDED,
Maharashtra,Nanded,IMD110-P1227,1919,18.2,0.0,1.5,2.5,19.4,121.2,,97.8,307.2,62.3,12.5,0.0,,18.2,23.4,,74.8,1227,missing_months,NANDED,
Maharashtra,Nanded,IMD110-P1227,1920,17.8,0.0,1.5,3.1,0.8,84.9,73.3,175.4,87.0,0.0,0.0,0.0,443.8,17.8,5.4,420.6,0.0,1227,,NANDED,
Maharashtra,Nanded,IMD110-P1227,1921,5.1,0.0,0.0,3.8,0.0,259.3,183.2,133.8,109.3,72.1,0.8,0.0,767.4,5.1,3.8,685.6,72.9,1227,,NANDED,
Maharashtra,Nanded,IMD110-P1227,1922,69.3,0.0,0.0,0.0,0.0,271.8,113.5,40.4,275.0,68.1,134.9,0.0,973.0,69.3,0.0,700.7,203.0,1227,,NANDED,
Maharashtra,Nanded,IMD110-P1227,1923,0.0,0.0,40.9,10.1,0.0,,315.3,111.0,281.4,0.0,0.0,0.0,,0.0,51.0,,0.0,1227,missing_months,NANDED,
Maharashtra,Nanded,IMD110-P1227,1924,1.5,0.0,26.2,0.0,0.0,12.7,215.7,200.5,168.7,72.6,23.7,23.2,744.8,1.5,26.2,597.6,119.5,1227,,NANDED,
Maharashtra,Nanded,IMD110-P1227,1925,0.0,0.0,0.0,0.0,27.7,239.7,132.1,164.3,71.0,40.6,19.6,0.0,695.0,0.0,27.7,607.1,60.2,1227,,NANDED,
Maharashtra,Nanded,IMD110-P1227,1926,63.3,0.0,0.0,0.0,38.4,38.2,146.2,236.6,39.3,0.0,17.6,0.0,579.6,63.3,38.4,460.3,17.6,1227,,NANDED,
Maharashtra,Nanded,IMD110-P1227,1927,0.0,11.2,4.3,10.4,0.0,131.3,91.7,125.5,145.0,36.1,151.4,0.0,706.9,11.2,14.7,493.5,187.5,1227,,NANDED,
Maharashtra,Nanded,IMD110-P1227,1928,0.0,21.6,40.6,0.0,0.0,195.4,159.4,171.4,238.5,22.3,0.0,2.8,852.0,21.6,40.6,764.7,25.1,1227,,NANDED,
Maharashtra,Nanded,IMD110-P1227,1929,0.0,56.0,0.0,8.6,0.0,111.5,134.9,87.8,213.1,9.4,0.0,8.9,630.2,56.0,8.6,547.3,18.3,1227,,NANDED,
Maharashtra,Nanded,IMD110-P1227,1930,0.0,4.1,0.0,48.8,0.0,191.2,40.1,93.5,286.3,64.7,3.9,0.0,732.6,4.1,48.8,611.1,68.6,1227,,NANDED,
Maharashtra,Nanded,IMD110-P1227,1931,0.0,0.0,5.3,0.0,6.8,124.6,548.8,190.7,389.8,149.6,63.2,3.8,1482.6,0.0,12.1,1253.9,216.6,1227,,NANDED,
Maharashtra,Nanded,IMD110-P1227,1932,0.0,3.5,1.9,3.2,7.5,100.5,410.0,260.0,228.7,38.1,24.0,0.0,1077.3,3.5,12.6,999.2,62.1,1227,,NANDED,
Maharashtra,Nanded,IMD110-P1227,1933,37.7,21.1,7.4,20.5,41.4,312.2,412.7,282.6,329.8,36.8,9.6,26.1,1538.1,58.8,69.3,1337.3,72.6,1227,,NANDED,
Maharashtra,Nanded,IMD110-P1227,1934,2.2,0.0,0.0,13.0,0.0,133.9,292.4,266.9,44.0,7.6,34.8,0.0,794.6,2.2,13.0,737.1,42.4,1227,,NANDED,
Maharashtra,Nanded,IMD110-P1227,1935,15.9,2.5,0.0,44.6,0.4,179.3,210.5,267.4,171.8,18.3,0.0,2.2,912.8,18.4,45.0,829.0,20.4,1227,,NANDED,
Maharashtra,Nanded,IMD110-P1227,1936,0.0,38.2,8.9,2.5,17.1,199.9,146.4,175.4,155.6,23.9,83.7,20.6,872.3,38.2,28.5,677.4,128.1,1227,,NANDED,
Maharashtra,Nanded,IMD110-P1227,1937,0.0,45.8,23.8,39.2,0.6,88.2,345.0,68.4,148.1,57.0,0.0,8.1,824.3,45.8,63.6,649.8,65.2,1227,,NANDED,
Maharashtra,Nanded,IMD110-P1227,1938,0.0,16.6,8.4,35.3,11.6,319.0,405.4,197.8,226.3,65.6,0.0,0.0,1286.0,16.6,55.4,1148.4,65.6,1227,,NANDED,
Maharashtra,Nanded,IMD110-P1227,1939,0.0,0.0,12.5,10.7,0.0,105.2,163.0,263.7,82.4,67.8,2.2,0.0,707.5,0.0,23.3,614.3,69.9,1227,,NANDED,
Maharashtra,Nanded,IMD110-P1227,1940,0.0,0.0,0.0,9.1,5.2,170.4,237.2,301.5,141.3,62.5,12.8,0.3,940.2,0.0,14.3,850.3,75.6,1227,,NANDED,
Maharashtra,Nanded,IMD110-P1227,1941,2.8,3.3,2.9,0.0,0.0,69.0,73.9,201.1,147.8,5.6,0.0,0.0,506.5,6.1,2.9,491.9,5.6,1228,,NANDED,
Maharashtra,Nanded,IMD110-P1227,1942,0.0,35.8,0.0,1.8,11.1,92.8,296.4,383.0,119.6,4.4,0.0,14.4,959.4,35.8,12.9,891.7,18.9,1228,,NANDED,
Maharashtra,Nanded,IMD110-P1227,1943,16.4,0.0,4.1,0.0,45.9,193.6,105.7,99.1,288.3,43.3,0.4,0.0,796.7,16.4,50.0,686.7,43.7,1228,,NANDED,
Maharashtra,Nanded,IMD110-P1227,1944,0.4,32.3,17.7,0.0,0.0,79.2,203.6,161.0,270.1,99.8,22.4,0.0,886.3,32.7,17.7,713.8,122.2,1228,,NANDED,
Maharashtra,Nanded,IMD110-P1227,1945,0.0,0.0,0.0,5.8,0.0,239.7,212.9,206.0,113.3,18.5,0.0,0.0,796.2,0.0,5.8,771.8,18.5,1228,,NANDED,
Maharashtra,Nanded,IMD110-P1227,1946,0.0,15.8,8.9,29.5,4.1,173.9,253.0,161.8,143.9,0.0,40.8,0.0,831.5,15.8,42.5,732.5,40.8,1228,,NANDED,
Maharashtra,Nanded,IMD110-P1227,1947,64.5,25.9,0.0,1.5,0.0,61.3,221.3,295.5,319.4,11.3,0.0,0.0,1000.7,90.4,1.5,897.5,11.3,1228,,NANDED,
Maharashtra,Nanded,IMD110-P1227,1948,1.5,0.0,0.0,0.0,0.0,124.1,195.6,116.1,362.1,27.7,144.1,0.0,971.3,1.5,0.0,798.0,171.8,1228,,NANDED,
Maharashtra,Nanded,IMD110-P1227,1949,13.7,2.2,0.3,0.4,19.0,185.6,289.2,123.6,326.5,47.9,0.0,0.0,1008.3,15.9,19.7,924.8,47.9,1228,,NANDED,
Maharashtra,Nanded,IMD110-P1227,1950,0.0,52.8,2.8,0.0,4.4,65.6,211.9,99.1,239.9,4.2,0.0,0.0,680.8,52.8,7.3,616.6,4.2,1228,,NANDED,
Maharashtra,Nanded,IMD110-P1227,1951,0.0,0.0,36.5,29.5,23.6,140.0,258.9,191.5,120.0,85.8,0.0,0.0,885.7,0.0,89.6,710.3,85.8,1228,,NANDED,
Maharashtra,Nanded,IMD110-P1227,1952,0.0,36.8,0.0,7.9,20.3,72.1,186.6,162.1,154.4,70.1,0.0,1.3,711.5,36.8,28.2,575.1,71.4,1228,,NANDED,
Maharashtra,Nanded,IMD110-P1227,1953,1.8,0.2,0.0,18.5,0.1,169.6,234.4,335.8,256.4,138.6,0.0,0.0,1155.4,2.0,18.6,996.2,138.6,1228,,NANDED,
Maharashtra,Nanded,IMD110-P1227,1954,0.0,0.0,8.3,13.9,3.1,173.3,317.9,170.8,253.3,14.9,0.0,1.2,956.8,0.0,25.4,915.3,16.1,1228,,NANDED,
Maharashtra,Nanded,IMD110-P1227,1955,9.4,0.0,2.3,6.4,8.9,254.2,287.8,450.8,242.8,117.0,1.6,0.0,1381.3,9.4,17.7,1235.6,118.6,1228,,NANDED,
Maharashtra,Nanded,IMD110-P1227,1956,0.3,11.6,0.6,2.8,49.9,259.9,336.8,188.3,221.4,87.4,61.9,0.0,1220.8,11.8,53.3,1006.5,149.3,1228,,NANDED,
Maharashtra,Nanded,IMD110-P1227,1957,6.5,6.3,28.9,18.1,56.4,178.1,306.7,460.6,122.7,50.3,0.0,0.0,1234.7,12.8,103.4,1068.2,50.3,1228,,NANDED,
Maharashtra,Nanded,IMD110-P1227,1958,0.0,0.0,4.8,57.6,32.6,124.4,484.7,498.2,117.7,38.9,21.1,0.0,1380.1,0.0,95.0,1225.0,60.1,1228,,NANDED,
Maharashtra,Nanded,IMD110-P1227,1959,2.7,0.0,0.4,14.8,26.4,230.4,302.7,266.0,292.3,97.5,16.7,0.0,1249.9,2.7,41.7,1091.4,114.2,1228,,NANDED,
Maharashtra,Nanded,IMD110-P1227,1960,0.3,0.0,75.5,1.5,103.6,239.6,171.6,80.7,167.3,30.8,26.5,0.0,897.3,0.3,180.6,659.2,57.3,1228,,NANDED,
Maharashtra,Nanded,IMD110-P1227,1961,5.6,0.0,15.1,11.2,20.5,166.9,389.2,210.3,130.7,205.2,0.9,0.0,1155.9,5.6,46.9,897.2,206.1,1228,,NANDED,
Maharashtra,Nanded,IMD110-P1227,1962,0.7,9.2,0.0,83.1,22.1,71.0,218.4,258.1,310.1,48.4,28.0,60.4,1109.3,9.9,105.1,857.6,136.7,1228,,NANDED,
Maharashtra,Nanded,IMD110-P1227,1963,0.0,11.2,34.2,11.7,15.0,288.7,129.5,543.7,90.6,123.4,0.0,0.0,1248.0,11.2,60.9,1052.4,123.4,1228,,NANDED,
Maharashtra,Nanded,IMD110-P1227,1964,0.0,1.1,7.6,1.0,0.0,102.3,198.6,256.3,200.1,4.1,0.0,0.0,771.1,1.1,8.6,757.4,4.1,1228,,NANDED,
Maharashtra,Nanded,IMD110-P1227,1965,2.2,0.3,0.0,4.9,2.6,160.3,385.8,138.8,94.4,3.9,0.0,2.9,796.0,2.4,7.5,779.3,6.8,1228,,NANDED,
Maharashtra,Nanded,IMD110-P1227,1966,50.1,0.0,16.1,24.4,14.1,50.1,275.6,83.7,254.8,0.0,40.8,12.0,821.9,50.1,54.7,664.3,52.8,1228,,NANDED,
Maharashtra,Nanded,IMD110-P1227,1967,0.0,0.0,9.0,0.0,3.7,159.5,279.6,166.0,151.1,15.7,0.0,62.5,847.0,0.0,12.7,756.1,78.2,1228,,NANDED,
Maharashtra,Nanded,IMD110-P1227,1968,12.5,10.2,32.4,10.0,0.0,107.9,318.5,42.0,224.3,25.0,19.5,0.0,802.3,22.8,42.3,692.7,44.6,1228,,NANDED,
Maharashtra,Nanded,IMD110-P1227,1969,0.0,0.0,1.0,0.3,12.6,120.8,238.7,158.3,271.1,14.5,56.3,0.0,873.4,0.0,13.8,788.8,70.8,1228,,NANDED,
Maharashtra,Nanded,IMD110-P1227,1970,3.5,0.0,9.8,0.2,18.0,219.7,105.4,421.2,216.4,6.1,0.0,0.0,1000.4,3.5,28.0,962.8,6.1,1228,,NANDED,
Maharashtra,Nanded,IMD110-P1227,1971,1.4,0.0,7.5,0.0,48.7,109.2,44.1,158.1,114.2,171.0,0.0,0.0,654.2,1.4,56.2,425.6,171.0,1228,,NANDED,
Maharashtra,Nanded,IMD110-P1227,1972,0.0,0.0,0.0,0.0,5.6,148.5,73.5,124.3,32.2,9.7,48.5,6.0,448.3,0.0,5.6,378.4,64.2,1228,,NANDED,
Maharashtra,Nanded,IMD110-P1227,1973,0.0,0.3,0.0,6.4,0.0,94.0,187.0,445.4,120.7,182.4,3.0,0.0,1039.3,0.3,6.4,847.1,185.4,1228,,NANDED,
Maharashtra,Nanded,IMD110-P1227,1974,0.0,0.0,0.0,3.0,7.7,123.3,109.7,165.3,155.1,174.6,0.0,0.0,738.6,0.0,10.6,553.4,174.6,1228,,NANDED,
Maharashtra,Nanded,IMD110-P1227,1975,9.5,32.5,39.6,0.0,5.8,95.2,344.7,204.5,402.0,115.6,0.0,0.0,1249.4,42.1,45.4,1046.4,115.6,1228,,NANDED,
Maharashtra,Nanded,IMD110-P1227,1976,0.0,0.0,1.1,10.5,0.1,72.1,371.7,253.9,78.2,1.6,12.4,0.0,801.6,0.0,11.7,776.0,14.0,1228,,NANDED,
Maharashtra,Nanded,IMD110-P1227,1977,0.0,0.3,0.0,8.5,7.0,87.1,253.7,249.8,122.3,67.8,78.1,2.2,876.7,0.3,15.5,712.9,148.0,1228,,NANDED,
Maharashtra,Nanded,IMD110-P1227,1978,7.9,11.3,1.6,9.0,18.1,288.9,321.2,124.0,85.1,58.6,27.6,0.0,953.2,19.2,28.7,819.2,86.2,1228,,NANDED,
Maharashtra,Nanded,IMD110-P1227,1979,2.8,37.8,5.3,1.1,35.1,165.1,180.8,162.9,194.1,4.7,58.3,2.9,850.9,40.6,41.5,702.9,65.9,1228,,NANDED,
Maharashtra,Nanded,IMD110-P1227,1980,0.0,0.0,2.6,5.5,0.3,220.7,212.4,361.7,148.1,0.0,0.0,37.0,988.4,0.0,8.4,942.9,37.0,1228,,NANDED,
Maharashtra,Nanded,IMD110-P1227,1981,18.4,0.0,15.7,0.0,5.9,85.2,250.8,262.9,348.1,47.4,11.1,5.9,1051.4,18.4,21.7,946.9,64.4,1228,,NANDED,
Maharashtra,Nanded,IMD110-P1227,1982,19.0,0.0,1.2,4.9,7.2,73.6,340.7,156.4,246.0,49.6,32.8,0.0,931.4,19.0,13.3,816.8,82.3,1229,,NANDED,
Maharashtra,Nanded,IMD110-P1227,1983,0.0,0.0,0.0,2.1,0.7,121.7,381.9,637.0,421.7,250.5,0.0,4.0,1819.6,0.0,2.8,1562.3,254.5,1229,,NANDED,
Maharashtra,Nanded,IMD110-P1227,1984,10.0,12.2,2.0,0.8,0.0,77.3,194.7,92.3,126.9,94.9,0.0,3.0,614.1,22.2,2.8,491.2,97.9,1229,,NANDED,
Maharashtra,Nanded,IMD110-P1227,1985,22.7,0.0,1.4,23.1,16.9,208.0,195.2,110.0,58.4,60.7,0.0,6.7,703.0,22.7,41.4,571.6,67.3,1229,,NANDED,
Maharashtra,Nanded,IMD110-P1227,1986,22.2,26.2,3.0,3.3,18.6,111.1,247.7,206.7,97.5,10.7,10.2,11.1,768.2,48.4,24.9,662.9,32.0,1229,,NANDED,
Maharashtra,Nanded,IMD110-P1227,1987,2.8,0.6,0.8,3.8,8.3,156.7,168.7,250.4,23.5,112.9,69.4,1.3,799.3,3.5,12.9,599.2,183.7,1229,,NANDED,
Maharashtra,Nanded,IMD110-P1227,1988,0.0,0.1,0.0,0.3,0.2,192.9,606.9,387.3,469.9,27.6,0.3,1.5,1687.0,0.1,0.5,1657.0,29.4,1229,,NANDED,
Maharashtra,Nanded,IMD110-P1227,1989,0.0,0.0,43.2,10.6,1.2,397.3,370.4,365.3,102.4,18.4,1.4,16.5,1326.9,0.0,55.1,1235.4,36.3,1229,,NANDED,
Maharashtra,Nanded,IMD110-P1227,1990,3.1,0.0,0.0,0.0,140.8,278.1,271.3,510.7,89.2,217.0,2.3,0.0,1512.6,3.1,140.9,1149.4,219.3,1229,,NANDED,
Maharashtra,Nanded,IMD110-P1227,1991,0.3,0.0,0.0,3.0,0.4,188.6,342.4,100.2,39.0,36.4,13.8,0.0,724.0,0.3,3.4,670.1,50.2,1229,,NANDED,
Maharashtra,Nanded,IMD110-P1227,1992,0.0,0.0,0.0,2.6,4.3,249.7,80.7,297.0,82.8,48.3,29.3,0.0,794.7,0.0,6.9,710.3,77.6,1229,,NANDED,
Maharashtra,Nanded,IMD110-P1227,1993,0.0,0.3,13.9,0.3,2.6,99.8,271.5,191.9,100.5,109.6,3.4,22.4,816.2,0.3,16.8,663.7,135.4,1229,,NANDED,
Maharashtra,Nanded,IMD110-P1227,1994,1.7,0.4,0.0,2.8,0.2,133.0,214.8,202.7,46.3,76.1,14.0,0.0,692.1,2.2,3.0,596.7,90.2,1229,,NANDED,
Maharashtra,Nanded,IMD110-P1227,1995,58.7,0.0,21.6,18.6,9.0,253.3,258.9,103.7,107.5,381.4,0.7,0.0,1213.5,58.7,49.3,723.5,382.1,1229,,NANDED,
Maharashtra,Nanded,IMD110-P1227,1996,0.0,0.0,1.9,29.7,1.2,49.7,203.9,302.6,210.5,138.7,0.6,0.0,938.8,0.0,32.8,766.6,139.3,1229,,NANDED,
Maharashtra,Nanded,IMD110-P1227,1997,11.6,0.0,8.7,15.1,8.3,104.3,169.8,167.3,212.9,155.0,72.7,43.2,969.0,11.6,32.1,654.4,271.0,1229,,NANDED,
Maharashtra,Nanded,IMD110-P1227,1998,0.2,0.4,4.4,1.9,7.5,211.2,275.7,269.8,206.8,118.7,18.4,0.0,1115.3,0.6,13.9,963.6,137.2,1229,,NANDED,
Maharashtra,Nanded,IMD110-P1227,1999,0.0,0.8,0.0,0.0,8.3,163.4,162.3,242.5,227.8,112.7,0.0,0.0,917.8,0.8,8.3,796.0,112.7,1229,,NANDED,
Maharashtra,Nanded,IMD110-P1227,2000,1.0,4.5,0.1,0.1,7.8,163.6,197.9,334.1,29.5,16.7,0.0,0.2,755.6,5.5,8.0,725.1,16.9,1229,,NANDED,
Maharashtra,Nanded,IMD110-P1227,2001,9.3,0.0,0.7,11.6,0.8,215.3,95.7,344.0,24.0,151.8,0.0,0.0,853.2,9.3,13.1,679.0,151.8,1229,,NANDED,
Maharashtra,Nanded,IMD110-P1227,2002,2.3,0.2,0.0,0.9,4.5,256.2,55.6,253.4,129.3,5.2,0.1,0.0,707.8,2.5,5.5,694.6,5.3,1229,,NANDED,
Maharashtra,Nanded,IMD110-P1227,2003,0.2,0.0,2.1,8.7,0.0,122.8,404.0,303.0,96.4,28.8,2.7,0.0,968.7,0.2,10.7,926.3,31.6,1229,,NANDED,
Maharashtra,Nanded,IMD110-P1227,2004,0.7,0.3,0.4,0.9,16.4,72.1,194.2,104.6,178.2,47.3,34.1,0.0,649.3,1.0,17.7,549.2,81.4,1229,,NANDED,
Maharashtra,Nanded,IMD110-P1227,2005,47.5,0.0,28.3,0.0,0.0,92.3,657.8,177.2,211.4,121.9,0.0,0.0,1336.5,47.5,28.3,1138.7,121.9,1229,,NANDED,
Maharashtra,Nanded,IMD110-P1227,2006,0.0,0.0,22.7,0.6,6.9,145.6,144.1,360.5,195.9,32.5,0.1,0.0,908.8,0.0,30.2,846.1,32.6,1229,,NANDED,
Maharashtra,Nanded,IMD110-P1227,2007,0.0,0.0,0.4,1.6,0.2,159.4,133.0,194.9,215.3,0.5,16.5,0.0,721.7,0.0,2.1,702.6,17.0,1229,,NANDED,
Maharashtra,Nanded,IMD110-P1227,2008,0.0,0.5,13.2,2.2,0.0,94.2,132.4,186.3,202.8,13.9,0.0,0.0,645.5,0.5,15.4,615.8,13.9,1229,,NANDED,
Maharashtra,Nanded,IMD110-P1227,2009,0.0,0.0,2.3,2.8,14.7,75.5,138.5,127.2,125.3,45.9,39.8,0.2,572.3,0.0,19.8,466.5,86.0,1229,,NANDED,
Maharashtra,Nanded,IMD110-P1227,2010,3.9,24.7,11.6,0.0,0.4,83.4,376.1,298.8,220.7,70.4,34.5,0.0,1124.4,28.6,11.9,979.0,104.8,1229,,NANDED,
Maharashtra,Nandurbar,IMD110-P1230,1901,6.3,0.0,0.8,1.2,6.0,102.7,286.9,201.3,17.0,81.7,0.0,0.0,703.9,6.3,8.0,607.9,81.7,1230,,NANDURBAR,
Maharashtra,Nandurbar,IMD110-P1230,1902,24.1,0.0,0.0,3.5,0.4,73.4,232.3,171.9,178.4,10.3,8.4,14.4,717.2,24.1,3.9,656.0,33.2,1230,,NANDURBAR,
Maharashtra,Nandurbar,IMD110-P1230,1903,4.4,0.0,0.0,0.0,28.9,47.1,275.4,133.1,203.8,26.2,0.0,0.0,718.8,4.4,28.9,659.3,26.2,1230,,NANDURBAR,
Maharashtra,Nandurbar,IMD110-P1230,1904,0.0,17.1,2.0,0.0,5.6,80.6,130.2,39.2,293.4,15.6,0.0,3.2,586.8,17.1,7.6,543.3,18.8,1230,,NANDURBAR,
Maharashtra,Nandurbar,IMD110-P1230,1905,0.0,1.7,0.0,0.0,0.0,29.6,509.8,29.4,74.3,0.0,0.2,0.0,645.1,1.7,0.0,643.2,0.2,1230,,NANDURBAR,
Maharashtra,Nandurbar,IMD110-P1230,1906,0.0,7.5,0.0,0.0,0.0,179.5,246.9,214.6,66.5,1.1,0.0,0.4,716.5,7.5,0.0,707.6,1.5,1230,,NANDURBAR,
Maharashtra,Nandurbar,IMD110-P1230,1907,0.0,0.0,0.0,0.1,0.0,111.2,166.0,229.4,19.6,0.0,0.0,0.0,526.4,0.0,0.1,526.3,0.0,1230,,NANDURBAR,
Maharashtra,Nandurbar,IMD110-P1230,1908,4.3,0.0,2.2,0.2,0.0,72.0,317.9,216.5,37.2,0.0,0.0,0.0,650.1,4.3,2.4,643.5,0.0,1230,,NANDURBAR,
Maharashtra,Nandurbar,IMD110-P1230,1909,0.0,0.0,0.0,1.8,0.0,129.5,300.1,123.1,124.3,5.5,0.0,0.0,684.4,0.0,1.8,677.0,5.5,1230,,NANDURBAR,
Maharashtra,Nandurbar,IMD110-P1230,1910,0.0,0.0,0.0,0.0,0.0,217.5,366.3,214.2,84.0,16.1,15.5,0.0,913.6,0.0,0.0,882.0,31.6,1230,,NANDURBAR,
Maharashtra,Nandurbar,IMD110-P1230,1911,0.9,0.0,1.8,0.0,0.0,190.6,94.7,134.4,25.0,0.0,15.1,0.0,462.5,0.9,1.8,444.8,15.1,1230,,NANDURBAR,
Maharashtra,Nandurbar,IMD110-P1230,1912,0.0,0.0,0.0,0.0,9.1,80.3,376.5,211.6,16.8,5.5,112.9,0.0,812.7,0.0,9.1,685.2,118.4,1230,,NANDURBAR,
Maharashtra,Nandurbar,IMD110-P1230,1913,0.0,0.0,0.0,0.0,7.5,294.0,294.0,123.2,99.0,1.3,0.7,0.0,819.6,0.0,7.5,810.1,2.0,1230,,NANDURBAR,
Maharashtra,Nandurbar,IMD110-P1230,1914,0.0,2.0,0.3,0.2,0.6,271.3,271.4,74.1,271.0,59.5,34.3,0.0,984.8,2.0,1.0,887.8,93.9,1230,,NANDURBAR,
Maharashtra,Nandurbar,IMD110-P1230,1915,10.8,11.9,18.0,8.1,0.0,113.2,171.5,87.0,146.1,90.9,0.0,4.9,662.5,22.8,26.2,517.7,95.8,1230,,NANDURBAR,
Maharashtra,Nandurbar,IMD110-P1230,1916,0.0,0.0,0.0,0.0,11.4,220.2,202.5,223.0,145.3,52.6,38.2,0.0,893.2,0.0,11.4,791.0,90.8,1230,,NANDURBAR,
Maharashtra,Nandurbar,IMD110-P1230,1917,0.0,5.5,0.0,0.0,50.1,117.8,219.5,245.0,179.4,174.6,0.0,0.0,992.0,5.5,50.1,761.8,174.6,1230,,NANDURBAR,
Maharashtra,Nandurbar,IMD110-P1230,1918,0.0,0.0,0.0,0.0,20.7,14.8,158.4,153.6,18.8,0.0,0.0,0.0,366.3,0.0,20.7,345.6,0.0,1230,,NANDURBAR,
Maharashtra,Nandurbar,IMD110-P1230,1919,7.3,0.0,0.0,0.0,15.0,167.9,315.4,262.3,140.0,44.3,10.7,0.0,963.0,7.3,15.0,885.7,55.1,1230,,NANDURBAR,
Maharashtra,Nandurbar,IMD110-P1230,1920,179.6,0.0,0.0,0.1,17.6,137.1,284.9,158.0,60.8,1.0,0.0,0.0,839.1,179.6,17.7,640.8,1.0,1230,,NANDURBAR,
Maharashtra,Nandurbar,IMD110-P1230,1921,9.1,0.0,0.0,0.0,0.0,62.3,420.6,178.5,234.5,0.1,0.0,0.0,905.1,9.1,0.0,895.9,0.1,1230,,NANDURBAR,
Maharashtra,Nandurbar,IMD110-P1230,1922,15.7,0.0,0.0,0.0,14.7,146.1,166.1,68.4,192.0,23.5,15.4,1.2,643.2,15.7,14.7,572.6,40.2,1230,,NANDURBAR,
Maharashtra,Nandurbar,IMD110-P1230,1923,0.0,1.3,8.0,3.5,0.0,2.3,184.7,115.8,181.3,0.0,0.0,0.0,496.9,1.3,11.5,484.2,0.0,1230,,NANDURBAR,
Maharashtra,Nandurbar,IMD110-P1230,1924,0.3,0.0,0.4,0.0,2.5,123.8,145.4,167.2,168.6,89.2,0.0,2.5,699.9,0.3,2.9,605.0,91.7,1230,,NANDURBAR,
Maharashtra,Nandurbar,IMD110-P1230,1925,0.0,0.0,0.0,0.0,40.6,398.7,159.7,104.3,19.2,0.0,24.7,9.7,756.9,0.0,40.6,681.9,34.4,1230,,NANDURBAR,
Maharashtra,Nandurbar,IMD110-P1230,1926,33.3,0.0,0.0,0.1,2.9,35.2,202.1,344.9,120.5,1.0,0.0,0.4,740.5,33.3,3.0,702.7,1.5,1230,,NANDURBAR,
Maharashtra,Nandurbar,IMD110-P1230,1927,0.0,3.2,0.2,0.0,0.0,144.7,410.2,106.4,71.8,60.9,74.0,5.2,876.6,3.2,0.2,733.2,140.0,1230,,NANDURBAR,
Maharashtra,Nandurbar,IMD110-P1230,1928,0.0,0.3,0.1,0.0,0.0,63.9,262.5,182.5,144.1,22.5,2.8,35.5,714.0,0.3,0.1,653.0,60.7,1230,,NANDURBAR,
Maharashtra,Nandurbar,IMD110-P1230,1929,0.0,0.9,0.0,6.0,0.0,237.4,227.1,75.9,77.6,15.9,0.0,2.2,643.0,0.9,6.0,618.1,18.1,1230,,NANDURBAR,
Maharashtra,Nandurbar,IMD110-P1230,1930,0.0,0.0,0.0,0.0,6.6,202.7,229.9,107.8,264.1,22.1,0.7,0.0,833.9,0.0,6.6,804.6,22.8,1230,,NANDURBAR,
Maharashtra,Nandurbar,IMD110-P1230,1931,0.0,0.0,0.0,0.0,0.0,22.0,408.0,235.9,136.1,120.3,3.0,45.9,971.2,0.0,0.0,801.9,169.3,1230,,NANDURBAR,
Maharashtra,Nandurbar,IMD110-P1230,1932,0.0,0.0,4.6,8.8,0.0,22.1,449.2,99.4,193.7,101.6,0.0,1.1,880.4,0.0,13.4,764.4,102.7,1230,,NANDURBAR,
Maharashtra,Nandurbar,IMD110-P1230,1933,0.0,0.0,0.0,0.0,30.9,125.2,98.6,220.0,372.4,23.9,0.2,53.0,924.2,0.0,30.9,816.2,77.1,1230,,NANDURBAR,
Maharashtra,Nandurbar,IMD110-P1230,1934,2.5,0.0,0.0,6.2,0.0,92.2,176.7,256.4,87.0,4.6,38.2,0.0,663.7,2.5,6.2,612.3,42.8,1230,,NANDURBAR,
Maharashtra,Nandurbar,IMD110-P1230,1935,1.7,0.0,0.0,5.4,1.3,172.0,124.5,111.5,83.5,25.0,0.0,0.0,524.8,1.7,6.7,491.5,25.0,1230,,NANDURBAR,
Maharashtra,Nandurbar,IMD110-P1230,1936,0.8,0.1,7.4,0.2,3.3,181.6,125.4,54.5,124.4,0.0,114.8,0.0,612.4,0.9,10.9,485.9,114.8,1230,,NANDURBAR,
Maharashtra,Nandurbar,IMD110-P1230,1937,0.0,1.1,0.6,0.0,0.0,246.3,314.7,61.1,229.5,8.9,0.0,36.9,899.3,1.1,0.6,851.7,45.8,1230,,NANDURBAR,
Maharashtra,Nandurbar,IMD110-P1230,1938,0.0,0.0,0.8,1.3,25.2,305.1,325.5,62.0,125.0,51.9,0.0,0.0,896.7,0.0,27.3,817.5,51.9,1230,,NANDURBAR,
Maharashtra,Nandurbar,IMD110-P1230,1939,0.1,0.0,7.4,0.0,0.0,18.5,266.0,275.6,53.6,11.8,15.1,1.0,649.2,0.1,7.4,613.8,27.9,1230,,NANDURBAR,
Maharashtra,Nandurbar,IMD110-P1230,1940,9.7,9.1,3.0,2.1,3.3,119.5,168.6,201.1,226.2,164.5,30.8,4.0,942.0,18.8,8.4,715.4,199.3,1230,,NANDURBAR,
Maharashtra,Nandurbar,IMD110-P1230,1941,3.7,5.1,0.0,0.3,4.1,16.2,340.8,103.3,91.1,6.0,0.0,0.0,570.5,8.8,4.3,551.4,6.0,1231,,NANDURBAR,
Maharashtra,Nandurbar,IMD110-P1230,1942,0.0,0.0,0.0,0.4,2.3,172.4,470.2,272.2,140.5,0.0,0.0,2.0,1060.0,0.0,2.7,1055.3,2.0,1231,,NANDURBAR,
Maharashtra,Nandurbar,IMD110-P1230,1943,0.0,0.0,0.0,0.0,6.9,145.4,327.8,117.9,142.4,100.7,0.0,0.0,841.1,0.0,6.9,733.5,100.7,1231,,NANDURBAR,
Maharashtra,Nandurbar,IMD110-P1230,1944,0.2,0.0,2.8,0.0,1.2,129.9,477.3,514.3,149.7,74.0,0.0,0.0,1349.3,0.2,4.0,1271.2,74.0,1231,,NANDURBAR,
Maharashtra,Nandurbar,IMD110-P1230,1945,4.0,0.0,0.0,3.3,0.0,228.5,390.3,191.7,321.6,19.0,0.0,0.0,1158.3,4.0,3.3,1132.0,19.0,1231,,NANDURBAR,
Maharashtra,Nandurbar,IMD110-P1230,1946,0.0,5.1,0.0,6.8,3.9,169.0,270.8,373.2,145.8,5.5,119.1,3.8,1103.0,5.1,10.8,958.7,128.4,1231,,NANDURBAR,
Maharashtra,Nandurbar,IMD110-P1230,1947,2.9,0.0,0.0,16.1,1.9,20.4,203.2,217.4,302.7,19.3,0.0,9.4,793.2,2.9,18.0,743.7,28.6,1231,,NANDURBAR,
Maharashtra,Nandurbar,IMD110-P1230,1948,16.0,0.0,0.0,0.0,0.0,181.0,236.7,136.4,80.3,21.8,19.9,0.0,692.1,16.0,0.0,634.5,41.6,1231,,NANDURBAR,
Maharashtra,Nandurbar,IMD110-P1230,1949,0.0,0.0,0.0,0.0,9.4,72.2,240.4,183.2,363.8,98.7,0.0,0.0,967.6,0.0,9.4,859.6,98.7,1231,,NANDURBAR,
Maharashtra,Nandurbar,IMD110-P1230,1950,0.0,0.0,0.0,0.0,0.4,5.7,564.0,86.5,239.9,9.8,0.0,0.0,906.3,0.0,0.4,896.0,9.8,1231,,NANDURBAR,
Maharashtra,Nandurbar,IMD110-P1230,1951,0.0,0.0,0.0,0.0,15.5,120.7,232.5,117.6,20.1,35.5,6.0,0.0,548.0,0.0,15.5,491.0,41.5,1231,,NANDURBAR,
Maharashtra,Nandurbar,IMD110-P1230,1952,0.0,0.0,0.0,0.5,7.4,105.9,287.3,90.8,27.4,0.4,0.0,0.0,519.7,0.0,7.9,511.4,0.4,1231,,NANDURBAR,
Maharashtra,Nandurbar,IMD110-P1230,1953,4.1,0.0,0.0,0.0,0.0,189.2,196.3,257.9,85.6,15.3,0.0,0.0,748.4,4.1,0.0,729.0,15.3,1231,,NANDURBAR,
Maharashtra,Nandurbar,IMD110-P1230,1954,0.1,0.2,8.8,2.6,1.9,103.9,209.2,132.1,534.9,29.4,0.0,2.5,1025.5,0.3,13.2,980.2,31.9,1231,,NANDURBAR,
Maharashtra,Nandurbar,IMD110-P1230,1955,14.7,0.0,0.0,0.9,2.6,71.6,156.7,340.0,201.5,142.3,0.0,0.0,930.3,14.7,3.5,769.8,142.3,1231,,NANDURBAR,
Maharashtra,Nandurbar,IMD110-P1230,1956,1.0,0.0,0.0,1.2,122.5,60.9,455.4,286.9,156.8,63.3,11.0,2.1,1161.0,1.0,123.7,959.9,76.5,1231,,NANDURBAR,
Maharashtra,Nandurbar,IMD110-P1230,1957,0.0,0.0,0.0,1.0,10.8,203.9,217.6,220.0,75.9,12.9,1.1,0.0,743.1,0.0,11.7,717.4,14.0,1231,,NANDURBAR,
Maharashtra,Nandurbar,IMD110-P1230,1958,0.8,0.0,0.1,20.3,1.7,96.7,482.2,198.1,216.3,65.3,13.6,0.0,1095.2,0.8,22.1,993.4,78.9,1231,,NANDURBAR,
Maharashtra,Nandurbar,IMD110-P1230,1959,0.0,0.0,0.0,4.5,3.4,92.9,366.6,352.5,166.9,166.6,30.6,0.0,1184.0,0.0,7.9,978.9,197.2,1231,,NANDURBAR,
Maharashtra,Nandurbar,IMD110-P1230,1960,5.9,0.0,0.1,0.1,16.4,86.3,138.9,240.8,144.5,25.0,0.0,0.0,658.0,5.9,16.6,610.5,25.0,1231,,NANDURBAR,
Maharashtra,Nandurbar,IMD110-P1230,1961,0.0,1.0,0.0,4.9,3.1,112.0,352.0,108.3,234.2,106.5,0.4,0.2,922.5,1.0,8.0,806.5,107.1,1231,,NANDURBAR,
Maharashtra,Nandurbar,IMD110-P1230,1962,0.0,0.0,0.8,10.6,2.4,14.2,346.4,125.7,174.8,0.0,12.8,30.9,718.5,0.0,13.8,661.0,43.7,1231,,NANDURBAR,
Maharashtra,Nandurbar,IMD110-P1230,1963,11.0,0.0,3.0,0.0,4.0,88.6,221.1,244.5,110.6,81.0,45.1,0.0,809.0,11.0,7.0,664.8,126.1,1231,,NANDURBAR,
Maharashtra,Nandurbar,IMD110-P1230,1964,0.0,0.0,0.0,0.0,14.4,76.1,260.4,244.1,157.4,5.4,2.5,0.0,760.4,0.0,14.4,738.1,7.9,1231,,NANDURBAR,
Maharashtra,Nandurbar,IMD110-P1230,1965,13.1,0.0,0.0,0.0,8.6,2.7,462.7,216.9,46.9,3.8,9.7,0.6,765.0,13.1,8.6,729.2,14.1,1231,,NANDURBAR,
Maharashtra,Nandurbar,IMD110-P1230,1966,0.0,0.0,0.0,0.0,0.7,56.0,297.6,94.3,211.3,4.0,5.5,0.0,669.5,0.0,0.7,659.2,9.5,1231,,NANDURBAR,
Maharashtra,Nandurbar,IMD110-P1230,1967,0.0,0.0,10.2,1.0,0.0,165.6,459.6,158.9,122.4,0.4,0.0,37.2,955.3,0.0,11.2,906.5,37.6,1231,,NANDURBAR,
Maharashtra,Nandurbar,IMD110-P1230,1968,0.0,0.2,6.7,1.5,0.0,31.2,333.4,552.8,97.0,20.3,0.0,0.6,1043.8,0.2,8.2,1014.5,20.9,1231,,NANDURBAR,
Maharashtra,Nandurbar,IMD110-P1230,1969,0.0,0.0,0.0,0.0,0.0,129.1,503.6,266.8,355.3,0.0,1.0,1.1,1256.9,0.0,0.0,1254.8,2.1,1231,,NANDURBAR,
Maharashtra,Nandurbar,IMD110-P1230,1970,0.3,0.0,0.0,0.4,2.2,311.9,205.5,336.7,339.2,14.1,0.0,0.0,1210.2,0.3,2.6,1193.2,14.1,1231,,NANDURBAR,
Maharashtra,Nandurbar,IMD110-P1230,1971,0.0,0.0,0.0,0.0,5.5,107.1,184.3,194.2,170.3,14.3,0.0,0.0,675.7,0.0,5.5,655.8,14.3,1231,,NANDURBAR,
Maharashtra,Nandurbar,IMD110-P1230,1972,0.0,0.0,0.0,0.0,12.4,104.4,205.8,194.2,68.5,1.2,0.4,0.0,586.8,0.0,12.4,572.8,1.6,1231,,NANDURBAR,
Maharashtra,Nandurbar,IMD110-P1230,1973,0.0,1.4,0.0,0.0,0.2,80.7,322.8,264.4,326.7,15.8,0.0,0.0,1012.0,1.4,0.2,994.6,15.8,1231,,NANDURBAR,
Maharashtra,Nandurbar,IMD110-P1230,1974,0.0,0.0,0.0,1.9,51.2,74.3,233.5,151.4,114.6,66.8,0.0,0.0,693.7,0.0,53.1,573.8,66.8,1231,,NANDURBAR,
Maharashtra,Nandurbar,IMD110-P1230,1975,0.0,0.0,0.0,0.0,0.0,122.8,234.4,285.7,109.8,32.5,1.1,0.0,786.4,0.0,0.0,752.8,33.6,1231,,NANDURBAR,
Maharashtra,Nandurbar,IMD110-P1230,1976,0.9,0.0,0.0,0.0,0.0,455.4,494.5,406.7,198.7,0.0,88.8,0.0,1644.9,0.9,0.0,1555.2,88.8,1231,,NANDURBAR,
Maharashtra,Nandurbar,IMD110-P1230,1977,0.0,0.0,0.5,0.1,4.4,325.4,278.0,358.7,154.8,6.9,71.1,0.0,1199.9,0.0,5.0,1116.9,78.0,1231,,NANDURBAR,
Maharashtra,Nandurbar,IMD110-P1230,1978,0.0,3.4,0.0,0.0,0.0,118.6,294.5,272.9,71.7,7.7,60.6,3.5,832.8,3.4,0.0,757.7,71.8,1231,,NANDURBAR,
Maharashtra,Nandurbar,IMD110-P1230,1979,7.7,1.3,3.9,0.0,0.0,149.7,193.6,368.2,86.5,13.3,72.1,0.0,896.3,9.0,3.9,798.0,85.4,1231,,NANDURBAR,
Maharashtra,Nandurbar,IMD110-P1230,1980,0.0,0.0,0.0,0.0,0.0,266.1,166.7,180.4,20.2,2.9,0.1,36.8,673.3,0.0,0.0,633.4,39.8,1231,,NANDURBAR,
Maharashtra,Nandurbar,IMD110-P1230,1981,0.0,0.0,4.0,0.4,0.0,167.1,504.3,374.2,212.7,22.2,26.8,7.7,1319.3,0.0,4.4,1258.3,56.6,1231,,NANDURBAR,
Maharashtra,Nandurbar,IMD110-P1230,1982,0.0,0.8,0.0,0.0,2.7,44.6,285.4,285.2,31.8,43.2,25.3,0.0,719.0,0.8,2.7,647.0,68.5,1232,,NANDURBAR,
Maharashtra,Nandurbar,IMD110-P1230,1983,0.0,0.0,0.0,0.0,0.0,104.3,447.3,278.1,169.4,70.3,0.0,0.0,1069.4,0.0,0.0,999.1,70.3,1232,,NANDURBAR,
Maharashtra,Nandurbar,IMD110-P1230,1984,0.0,0.0,0.0,0.0,0.0,66.8,192.1,362.1,122.0,22.5,0.0,0.0,765.6,0.0,0.0,743.1,22.5,1232,,NANDURBAR,
Maharashtra,Nandurbar,IMD110-P1230,1985,0.0,0.0,0.0,3.4,0.0,8.7,286.9,156.1,21.7,54.7,0.0,0.0,531.5,0.0,3.4,473.4,54.7,1232,,NANDURBAR,
Maharashtra,Nandurbar,IMD110-P1230,1986,0.0,0.5,0.0,0.0,11.9,151.1,169.8,114.0,9.9,22.4,0.0,0.5,480.0,0.5,11.9,444.8,22.9,1232,,NANDURBAR,
Maharashtra,Nandurbar,IMD110-P1230,1987,0.5,0.0,0.0,0.0,20.8,121.1,118.8,182.0,21.9,9.4,17.1,11.6,503.1,0.5,20.8,443.8,38.1,1232,,NANDURBAR,
Maharashtra,Nandurbar,IMD110-P1230,1988,0.0,0.0,0.0,13.2,3.8,92.6,457.7,184.3,280.4,49.3,0.0,0.0,1081.4,0.0,17.0,1015.1,49.3,1232,,NANDURBAR,
Maharashtra,Nandurbar,IMD110-P1230,1989,0.0,0.0,5.1,0.0,4.5,120.6,389.1,327.4,82.4,6.9,0.0,0.0,935.8,0.0,9.6,919.4,6.9,1232,,NANDURBAR,
Maharashtra,Nandurbar,IMD110-P1230,1990,0.0,0.8,0.0,0.0,90.0,114.6,238.2,364.1,178.2,24.8,30.8,0.0,1041.4,0.8,90.0,895.0,55.6,1232,,NANDURBAR,
Maharashtra,Nandurbar,IMD110-P1230,1991,0.0,0.0,0.0,0.0,0.0,147.7,327.8,177.9,12.6,0.0,0.0,0.0,666.0,0.0,0.0,666.0,0.0,1232,,NANDURBAR,
Maharashtra,Nandurbar,IMD110-P1230,1992,0.0,0.0,0.0,0.0,0.0,221.6,157.9,232.7,125.5,102.1,0.0,0.0,839.9,0.0,0.0,737.8,102.1,1232,,NANDURBAR,
Maharashtra,Nandurbar,IMD110-P1230,1993,0.0,0.0,0.0,0.0,0.0,120.8,353.1,109.2,365.5,43.4,2.4,0.0,994.4,0.0,0.0,948.6,45.8,1232,,NANDURBAR,
Maharashtra,Nandurbar,IMD110-P1230,1994,2.7,0.0,0.0,10.4,17.9,375.9,379.5,279.7,115.3,1.6,0.4,0.0,1183.4,2.7,28.3,1150.4,2.0,1232,,NANDURBAR,
Maharashtra,Nandurbar,IMD110-P1230,1995,7.8,0.0,0.0,0.0,6.6,14.4,342.4,157.7,103.9,64.4,0.0,0.0,697.3,7.8,6.6,618.4,64.4,1232,,NANDURBAR,
Maharashtra,Nandurbar,IMD110-P1230,1996,0.0,0.0,0.0,0.0,3.8,179.4,258.3,160.8,129.7,87.0,1.8,0.0,820.9,0.0,3.8,728.2,88.9,1232,,NANDURBAR,
Maharashtra,Nandurbar,IMD110-P1230,1997,1.4,0.0,0.0,2.0,1.4,271.8,215.7,489.8,32.0,10.2,13.0,14.7,1052.0,1.4,3.4,1009.3,37.9,1232,,NANDURBAR,
Maharashtra,Nandurbar,IMD110-P1230,1998,0.0,0.0,0.0,0.0,21.0,112.8,324.3,222.8,398.5,71.9,4.4,1.0,1156.7,0.0,21.0,1058.3,77.3,1232,,NANDURBAR,
Maharashtra,Nandurbar,IMD110-P1230,1999,0.0,0.0,0.0,0.0,0.0,135.7,184.8,77.2,54.2,95.5,0.0,0.0,547.3,0.0,0.0,451.8,95.5,1232,,NANDURBAR,
Maharashtra,Nandurbar,IMD110-P1230,2000,0.0,0.0,0.0,3.1,0.0,158.9,221.7,71.4,35.5,8.4,0.0,0.4,499.3,0.0,3.1,487.4,8.8,1232,,NANDURBAR,
Maharashtra,Nandurbar,IMD110-P1230,2001,0.8,0.0,0.0,0.0,0.0,335.4,226.1,104.8,,69.5,0.0,0.0,,0.8,0.0,,69.5,1232,missing_months,NANDURBAR,
Maharashtra,Nandurbar,IMD110-P1230,2002,0.0,0.0,1.2,2.2,0.0,252.3,53.0,189.8,219.0,0.0,2.5,0.0,720.0,0.0,3.3,714.1,2.5,1232,,NANDURBAR,
Maharashtra,Nandurbar,IMD110-P1230,2003,0.0,0.7,0.0,0.0,0.0,380.3,296.7,287.3,49.0,1.5,0.0,0.0,1015.5,0.7,0.0,1013.3,1.5,1232,,NANDURBAR,
Maharashtra,Nandurbar,IMD110-P1230,2004,0.0,0.0,0.0,0.0,3.9,125.0,253.3,570.8,94.7,43.7,0.0,0.0,1091.4,0.0,3.9,1043.8,43.7,1232,,NANDURBAR,
Maharashtra,Nandurbar,IMD110-P1230,2005,0.0,0.0,0.3,0.0,0.0,355.2,378.5,219.7,235.8,2.4,0.0,0.0,1191.9,0.0,0.3,1189.2,2.4,1232,,NANDURBAR,
Maharashtra,Nandurbar,IMD110-P1230,2006,0.0,0.0,5.7,0.0,0.0,158.5,596.0,576.8,201.7,37.7,4.5,0.0,1580.8,0.0,5.7,1533.0,42.2,1232,,NANDURBAR,
Maharashtra,Nandurbar,IMD110-P1230,2007,0.0,0.0,0.0,0.0,1.8,161.9,595.0,242.6,173.5,0.0,29.8,0.0,1204.7,0.0,1.8,1173.0,29.8,1232,,NANDURBAR,
Maharashtra,Nandurbar,IMD110-P1230,2008,0.0,0.0,0.0,0.0,0.0,100.2,230.8,343.7,321.3,26.2,0.0,0.0,1022.2,0.0,0.0,996.0,26.2,1232,,NANDURBAR,
Maharashtra,Nandurbar,IMD110-P1230,2009,0.0,0.0,0.0,0.0,0.0,28.2,310.0,152.8,112.5,65.0,70.7,6.7,745.8,0.0,0.0,603.5,142.3,1232,,NANDURBAR,
Maharashtra,Nandurbar,IMD110-P1230,2010,1.0,0.0,0.0,0.0,0.0,90.8,244.0,227.2,109.4,63.7,77.0,0.0,813.1,1.0,0.0,671.4,140.7,1232,,NANDURBAR,
Maharashtra,Nasik,IMD110-P1233,1901,10.9,0.0,1.5,7.8,27.6,107.7,238.6,217.7,83.8,65.7,0.3,0.0,761.6,10.9,36.9,647.8,66.0,1233,,NASIK,
Maharashtra,Nasik,IMD110-P1233,1902,7.5,0.0,0.0,4.2,13.4,81.7,356.6,201.0,200.4,31.8,28.9,32.9,958.4,7.5,17.6,839.8,93.5,1233,,NASIK,
Maharashtra,Nasik,IMD110-P1233,1903,5.2,0.0,0.0,0.0,118.7,63.0,310.0,223.8,178.6,74.1,0.0,0.1,973.5,5.2,118.7,775.4,74.3,1233,,NASIK,
Maharashtra,Nasik,IMD110-P1233,1904,0.5,10.0,1.3,1.4,9.7,98.9,170.9,80.5,177.2,82.5,0.0,0.4,633.3,10.5,12.4,527.4,82.9,1233,,NASIK,
Maharashtra,Nasik,IMD110-P1233,1905,0.0,0.3,0.0,0.0,11.2,55.6,351.7,90.8,57.5,13.5,14.2,0.0,594.9,0.3,11.2,555.7,27.7,1233,,NASIK,
Maharashtra,Nasik,IMD110-P1233,1906,3.4,2.0,0.0,0.0,0.2,187.6,285.6,241.9,93.9,18.8,0.0,1.8,835.3,5.3,0.2,809.2,20.6,1233,,NASIK,
Maharashtra,Nasik,IMD110-P1233,1907,0.1,2.4,0.0,24.4,0.0,148.8,280.2,465.4,45.1,15.0,0.3,0.0,981.7,2.5,24.4,939.4,15.3,1233,,NASIK,
Maharashtra,Nasik,IMD110-P1233,1908,0.0,0.1,4.1,3.1,1.3,87.6,302.9,175.6,86.9,11.0,1.9,0.0,674.3,0.1,8.5,652.9,12.9,1233,,NASIK,
Maharashtra,Nasik,IMD110-P1233,1909,1.5,0.0,0.0,2.4,24.0,232.3,277.3,107.4,147.1,25.9,0.0,1.0,819.1,1.5,26.4,764.2,27.0,1233,,NASIK,
Maharashtra,Nasik,IMD110-P1233,1910,0.0,0.0,0.0,0.0,9.2,226.5,198.4,235.7,197.0,76.8,44.5,0.0,988.0,0.0,9.2,857.6,121.3,1233,,NASIK,
Maharashtra,Nasik,IMD110-P1233,1911,0.7,0.4,1.9,0.0,2.2,160.7,106.7,258.9,35.8,9.0,58.2,2.1,636.8,1.1,4.2,562.2,69.3,1233,,NASIK,
Maharashtra,Nasik,IMD110-P1233,1912,0.0,0.0,0.0,0.4,13.9,149.8,396.2,212.6,25.6,61.8,106.1,0.1,966.6,0.0,14.3,784.3,168.0,1233,,NASIK,
Maharashtra,Nasik,IMD110-P1233,1913,0.0,0.0,0.0,0.0,15.9,353.1,259.2,138.5,105.0,20.3,0.0,0.8,892.7,0.0,15.9,855.7,21.1,1233,,NASIK,
Maharashtra,Nasik,IMD110-P1233,1914,0.0,0.5,0.0,0.4,21.2,242.7,468.9,169.8,261.5,11.3,43.3,0.0,1219.7,0.5,21.6,1142.9,54.6,1233,,NASIK,
Maharashtra,Nasik,IMD110-P1233,1915,5.6,9.3,16.4,14.2,2.7,132.3,213.3,91.8,228.9,87.6,3.5,3.1,808.6,14.9,33.2,666.3,94.2,1233,,NASIK,
Maharashtra,Nasik,IMD110-P1233,1916,0.0,0.0,0.0,1.7,59.6,172.4,198.1,330.3,264.6,114.3,50.5,0.0,1191.5,0.0,61.3,965.3,164.8,1233,,NASIK,
Maharashtra,Nasik,IMD110-P1233,1917,0.0,3.8,2.1,3.9,24.9,144.0,232.0,299.3,269.8,214.0,7.0,0.0,1200.8,3.8,30.8,945.1,221.0,1233,,NASIK,
Maharashtra,Nasik,IMD110-P1233,1918,4.1,0.1,5.0,0.0,75.8,80.1,68.4,194.3,43.7,3.6,1.4,2.6,479.1,4.2,80.8,386.4,7.6,1233,,NASIK,
Maharashtra,Nasik,IMD110-P1233,1919,2.5,0.0,0.0,0.5,33.2,184.6,319.8,219.8,273.9,51.4,13.3,0.0,1099.1,2.5,33.7,998.1,64.7,1233,,NASIK,
Maharashtra,Nasik,IMD110-P1233,1920,37.9,1.7,0.0,4.2,10.9,111.3,160.5,134.2,127.4,9.3,0.0,0.0,597.4,39.6,15.1,533.4,9.3,1233,,NASIK,
Maharashtra,Nasik,IMD110-P1233,1921,0.3,0.0,0.0,0.7,0.0,103.6,335.9,178.1,193.8,10.5,0.0,0.0,822.9,0.3,0.7,811.4,10.5,1233,,NASIK,
Maharashtra,Nasik,IMD110-P1233,1922,4.5,1.3,0.0,13.0,21.3,179.6,267.9,150.6,173.8,42.2,45.5,0.5,900.1,5.8,34.3,771.9,88.2,1233,,NASIK,
Maharashtra,Nasik,IMD110-P1233,1923,0.0,0.9,20.3,15.1,5.7,28.9,375.6,221.3,227.2,0.8,0.0,2.3,898.1,0.9,41.1,853.1,3.1,1233,,NASIK,
Maharashtra,Nasik,IMD110-P1233,1924,1.8,0.0,0.2,7.2,1.7,86.1,189.3,372.8,258.0,29.2,0.0,4.7,951.2,1.8,9.1,906.3,33.9,1233,,NASIK,
Maharashtra,Nasik,IMD110-P1233,1925,0.0,0.0,0.6,0.0,57.7,266.8,178.3,138.7,67.3,7.0,47.6,2.6,766.7,0.0,58.3,651.1,57.2,1233,,NASIK,
Maharashtra,Nasik,IMD110-P1233,1926,40.4,1.0,0.0,0.0,4.5,96.2,310.0,373.4,188.3,8.3,5.4,2.0,1029.7,41.4,4.5,968.0,15.7,1233,,NASIK,
Maharashtra,Nasik,IMD110-P1233,1927,0.0,3.6,0.0,3.5,0.0,203.6,561.4,140.5,216.5,73.7,82.4,1.3,1286.5,3.6,3.5,1122.0,157.4,1233,,NASIK,
Maharashtra,Nasik,IMD110-P1233,1928,0.0,1.3,0.3,0.9,0.0,106.7,353.4,252.4,200.0,62.1,12.0,11.1,1000.2,1.3,1.2,912.5,85.2,1233,,NASIK,
Maharashtra,Nasik,IMD110-P1233,1929,0.6,2.9,0.3,35.1,0.0,188.4,265.1,162.6,152.5,58.2,0.4,6.5,872.5,3.6,35.4,768.5,65.0,1233,,NASIK,
Maharashtra,Nasik,IMD110-P1233,1930,0.0,0.0,0.0,4.9,31.0,222.7,549.0,191.6,282.6,65.9,8.0,7.0,1362.6,0.0,35.9,1245.8,80.9,1233,,NASIK,
Maharashtra,Nasik,IMD110-P1233,1931,0.0,0.0,0.0,0.3,0.0,81.1,548.4,389.4,187.6,325.1,84.5,24.9,1641.3,0.0,0.3,1206.6,434.4,1233,,NASIK,
Maharashtra,Nasik,IMD110-P1233,1932,0.0,0.0,4.7,27.7,6.3,81.3,565.5,234.6,209.8,138.2,8.1,14.1,1290.2,0.0,38.6,1091.2,160.4,1233,,NASIK,
Maharashtra,Nasik,IMD110-P1233,1933,0.5,0.0,0.1,0.1,81.3,269.1,211.6,437.9,446.8,73.3,4.6,6.9,1532.3,0.5,81.6,1365.3,84.8,1233,,NASIK,
Maharashtra,Nasik,IMD110-P1233,1934,10.4,0.0,0.0,3.2,0.0,156.1,189.6,331.8,111.8,13.4,75.4,0.0,891.7,10.4,3.2,789.3,88.8,1233,,NASIK,
Maharashtra,Nasik,IMD110-P1233,1935,0.7,0.0,0.0,0.1,0.9,219.9,288.7,199.0,165.0,101.0,4.3,0.3,979.9,0.7,1.0,872.5,105.6,1233,,NASIK,
Maharashtra,Nasik,IMD110-P1233,1936,3.2,4.4,6.8,0.5,17.1,241.1,181.1,134.6,196.2,10.2,173.1,0.0,968.4,7.6,24.5,753.1,183.3,1233,,NASIK,
Maharashtra,Nasik,IMD110-P1233,1937,0.0,1.7,0.4,0.7,2.5,200.3,406.2,88.3,317.9,38.6,4.0,22.1,1082.6,1.7,3.7,1012.6,64.7,1233,,NASIK,
Maharashtra,Nasik,IMD110-P1233,1938,0.0,0.0,21.9,1.2,96.4,310.2,320.8,229.9,168.3,229.1,6.5,0.1,1384.4,0.0,119.4,1029.3,235.8,1233,,NASIK,
Maharashtra,Nasik,IMD110-P1233,1939,0.0,0.3,1.4,4.5,0.0,93.2,369.1,338.4,75.8,25.5,29.2,1.8,939.1,0.3,5.8,876.6,56.4,1233,,NASIK,
Maharashtra,Nasik,IMD110-P1233,1940,3.9,3.2,1.3,5.2,16.0,275.4,279.8,260.0,171.7,127.0,39.7,1.3,1184.5,7.1,22.6,986.9,167.9,1233,,NASIK,
Maharashtra,Nasik,IMD110-P1233,1941,1.9,13.0,0.1,2.3,1.1,110.1,562.7,138.7,127.2,29.8,0.0,0.0,986.9,14.9,3.5,938.7,29.8,1234,,NASIK,
Maharashtra,Nasik,IMD110-P1233,1942,0.1,2.5,0.0,0.7,2.0,165.1,405.5,184.8,149.1,0.0,0.0,27.9,937.8,2.6,2.8,904.6,27.9,1234,,NASIK,
Maharashtra,Nasik,IMD110-P1233,1943,0.6,0.0,0.0,1.8,43.4,195.6,467.8,96.7,160.4,193.0,0.0,0.0,1159.2,0.6,45.1,920.5,193.0,1234,,NASIK,
Maharashtra,Nasik,IMD110-P1233,1944,0.7,0.2,1.3,0.0,6.6,179.9,577.4,397.2,121.5,87.2,0.0,0.0,1372.1,0.9,7.9,1276.0,87.2,1234,,NASIK,
Maharashtra,Nasik,IMD110-P1233,1945,7.9,0.0,0.0,7.9,0.6,130.2,370.2,243.2,204.0,24.6,9.9,0.0,998.6,7.9,8.6,947.6,34.5,1234,,NASIK,
Maharashtra,Nasik,IMD110-P1233,1946,0.0,6.2,0.0,26.8,24.6,127.5,344.1,346.9,215.0,13.9,205.9,14.4,1325.4,6.2,51.4,1033.6,234.2,1234,,NASIK,
Maharashtra,Nasik,IMD110-P1233,1947,7.9,0.2,0.6,33.7,5.5,29.4,337.4,300.0,341.7,22.4,4.1,13.4,1096.4,8.1,39.8,1008.6,39.9,1234,,NASIK,
Maharashtra,Nasik,IMD110-P1233,1948,29.4,0.0,0.4,1.2,5.6,250.3,347.5,206.1,115.6,49.0,133.1,0.0,1138.3,29.4,7.3,919.5,182.1,1234,,NASIK,
Maharashtra,Nasik,IMD110-P1233,1949,0.0,0.0,0.3,3.1,54.4,101.3,265.1,243.4,385.4,118.2,6.7,0.0,1177.9,0.0,57.8,995.1,125.0,1234,,NASIK,
Maharashtra,Nasik,IMD110-P1233,1950,0.0,0.2,0.0,0.6,11.1,52.0,695.4,96.8,265.1,28.6,3.1,1.1,1154.0,0.2,11.7,1109.4,32.8,1234,,NASIK,
Maharashtra,Nasik,IMD110-P1233,1951,0.0,0.0,0.4,12.1,16.6,143.2,250.9,159.2,38.1,185.8,21.0,0.0,827.3,0.0,29.1,591.4,206.8,1234,,NASIK,
Maharashtra,Nasik,IMD110-P1233,1952,0.0,1.0,0.0,1.1,1.6,115.0,335.9,81.8,36.5,15.5,0.0,0.3,588.7,1.0,2.7,569.3,15.8,1234,,NASIK,
Maharashtra,Nasik,IMD110-P1233,1953,0.5,0.0,0.0,3.2,3.2,220.0,182.5,378.8,98.0,57.9,0.0,0.0,944.1,0.5,6.4,879.3,57.9,1234,,NASIK,
Maharashtra,Nasik,IMD110-P1233,1954,3.8,1.3,11.4,0.0,13.4,177.9,393.6,211.1,510.4,10.0,0.0,13.7,1346.6,5.1,24.8,1293.1,23.7,1234,,NASIK,
Maharashtra,Nasik,IMD110-P1233,1955,2.4,0.0,3.6,10.0,17.6,110.8,149.2,306.4,207.6,180.3,1.9,0.0,989.8,2.4,31.1,774.1,182.2,1234,,NASIK,
Maharashtra,Nasik,IMD110-P1233,1956,3.8,0.0,0.0,2.0,77.2,73.1,397.5,309.8,186.4,194.3,92.4,1.6,1338.2,3.8,79.2,966.8,288.4,1234,,NASIK,
Maharashtra,Nasik,IMD110-P1233,1957,0.2,0.0,1.8,7.1,8.3,169.7,192.9,212.5,100.8,12.9,40.8,0.0,747.0,0.2,17.2,675.9,53.8,1234,,NASIK,
Maharashtra,Nasik,IMD110-P1233,1958,2.7,0.0,0.4,23.6,22.7,91.0,530.4,272.7,218.6,46.8,33.2,0.0,1242.2,2.7,46.7,1112.8,80.0,1234,,NASIK,
Maharashtra,Nasik,IMD110-P1233,1959,1.0,0.0,0.0,17.0,24.9,104.4,379.4,296.4,210.4,126.5,33.8,0.3,1194.0,1.0,41.9,990.6,160.6,1234,,NASIK,
Maharashtra,Nasik,IMD110-P1233,1960,3.7,0.0,0.0,0.1,31.7,134.3,253.7,173.0,184.2,48.5,0.0,0.1,829.2,3.7,31.7,745.2,48.5,1234,,NASIK,
Maharashtra,Nasik,IMD110-P1233,1961,0.0,0.0,0.0,2.7,44.8,155.7,370.0,132.0,110.4,129.2,10.9,1.4,957.0,0.0,47.5,768.1,141.5,1234,,NASIK,
Maharashtra,Nasik,IMD110-P1233,1962,0.0,0.0,2.2,11.9,42.0,44.3,282.0,179.8,220.2,16.9,40.8,37.3,877.2,0.0,56.0,726.2,94.9,1234,,NASIK,
Maharashtra,Nasik,IMD110-P1233,1963,1.2,0.1,14.2,10.3,11.6,140.9,246.9,332.5,99.5,82.7,39.8,4.3,983.9,1.3,36.0,819.8,126.7,1234,,NASIK,
Maharashtra,Nasik,IMD110-P1233,1964,0.0,0.0,1.6,3.3,8.1,168.7,303.8,253.0,165.0,64.1,22.0,0.0,989.6,0.0,13.0,890.5,86.1,1234,,NASIK,
Maharashtra,Nasik,IMD110-P1233,1965,4.7,0.0,0.0,7.8,2.6,47.5,361.3,294.8,30.6,4.7,1.6,4.2,759.8,4.7,10.4,734.3,10.5,1234,,NASIK,
Maharashtra,Nasik,IMD110-P1233,1966,1.4,0.0,0.0,0.0,24.3,75.0,370.6,134.6,211.0,9.3,34.0,16.9,877.2,1.4,24.3,791.2,60.2,1234,,NASIK,
Maharashtra,Nasik,IMD110-P1233,1967,0.0,0.0,1.8,15.8,2.6,141.4,477.4,193.1,155.8,23.9,0.0,66.1,1077.9,0.0,20.2,967.7,90.0,1234,,NASIK,
Maharashtra,Nasik,IMD110-P1233,1968,0.0,0.7,3.8,4.9,0.7,140.0,282.1,366.3,161.2,68.0,6.1,0.1,1034.0,0.7,9.5,949.6,74.3,1234,,NASIK,
Maharashtra,Nasik,IMD110-P1233,1969,0.0,0.0,0.0,0.0,0.0,145.7,323.6,290.6,376.4,1.2,24.9,0.1,1162.6,0.0,0.0,1136.3,26.3,1234,,NASIK,
Maharashtra,Nasik,IMD110-P1233,1970,0.2,0.0,0.0,10.4,26.5,286.2,248.2,333.5,156.7,36.2,0.0,0.0,1098.0,0.2,36.9,1024.7,36.2,1234,,NASIK,
Maharashtra,Nasik,IMD110-P1233,1971,0.0,0.0,0.0,0.0,24.4,118.3,123.8,187.9,294.1,46.6,0.0,0.0,795.2,0.0,24.4,724.2,46.6,1234,,NASIK,
Maharashtra,Nasik,IMD110-P1233,1972,0.0,0.0,0.0,0.4,3.5,75.0,201.5,222.8,40.0,2.5,18.0,0.0,563.7,0.0,4.0,539.2,20.5,1234,,NASIK,
Maharashtra,Nasik,IMD110-P1233,1973,0.0,6.3,2.7,0.0,0.6,130.4,333.4,205.0,263.2,37.3,0.0,0.0,978.9,6.3,3.3,932.1,37.3,1234,,NASIK,
Maharashtra,Nasik,IMD110-P1233,1974,0.0,0.0,0.8,21.0,70.1,68.0,187.4,147.9,156.5,128.0,0.0,0.0,779.8,0.0,92.0,559.8,128.0,1234,,NASIK,
Maharashtra,Nasik,IMD110-P1233,1975,0.0,0.0,0.0,0.0,9.9,114.1,147.0,176.0,203.2,74.5,0.8,0.0,725.4,0.0,9.9,640.3,75.2,1234,,NASIK,
Maharashtra,Nasik,IMD110-P1233,1976,0.0,0.0,0.3,0.0,0.0,321.2,402.2,313.0,74.8,5.7,88.0,0.6,1205.9,0.0,0.3,1111.3,94.3,1234,,NASIK,
Maharashtra,Nasik,IMD110-P1233,1977,0.0,0.1,2.1,0.0,9.5,260.2,257.5,170.9,107.2,14.1,91.2,5.0,917.9,0.1,11.6,795.8,110.3,1234,,NASIK,
Maharashtra,Nasik,IMD110-P1233,1978,0.1,10.6,1.6,11.8,5.2,189.9,194.4,202.0,98.4,33.4,87.9,2.3,837.6,10.7,18.6,684.8,123.6,1234,,NASIK,
Maharashtra,Nasik,IMD110-P1233,1979,6.7,2.2,7.2,0.0,0.5,68.4,234.4,315.8,217.5,95.2,76.8,0.0,1024.7,8.9,7.6,836.2,172.0,1234,,NASIK,
Maharashtra,Nasik,IMD110-P1233,1980,0.2,0.0,0.9,1.9,3.9,295.8,192.5,314.1,97.2,9.9,3.1,22.4,941.9,0.2,6.6,899.7,35.4,1234,,NASIK,
Maharashtra,Nasik,IMD110-P1233,1981,9.8,0.0,0.3,0.7,10.5,89.0,439.8,219.8,257.0,49.7,3.8,1.5,1081.9,9.8,11.5,1005.5,55.0,1234,,NASIK,
Maharashtra,Nasik,IMD110-P1233,1982,7.4,0.0,0.0,0.9,8.4,108.8,160.3,212.4,129.3,32.7,56.7,0.0,716.8,7.4,9.3,610.8,89.3,1235,,NASIK,
Maharashtra,Nasik,IMD110-P1233,1983,0.0,0.0,0.0,0.3,0.7,72.2,228.1,252.1,304.9,51.9,1.5,0.0,911.7,0.0,0.9,857.3,53.4,1235,,NASIK,
Maharashtra,Nasik,IMD110-P1233,1984,0.2,0.4,0.0,0.0,1.7,119.5,270.1,179.1,154.9,76.1,2.5,0.0,804.4,0.6,1.7,723.6,78.6,1235,,NASIK,
Maharashtra,Nasik,IMD110-P1233,1985,0.0,0.0,0.2,6.9,8.5,72.2,234.8,218.1,59.0,115.7,0.4,0.0,715.9,0.0,15.6,584.1,116.1,1235,,NASIK,
Maharashtra,Nasik,IMD110-P1233,1986,0.0,0.0,0.0,0.0,9.2,170.5,224.4,188.8,65.4,5.2,7.1,29.3,699.9,0.0,9.2,649.1,41.6,1235,,NASIK,
Maharashtra,Nasik,IMD110-P1233,1987,0.0,2.9,1.3,0.0,23.1,121.1,232.7,300.9,52.1,34.3,25.6,26.4,820.5,2.9,24.4,706.8,86.3,1235,,NASIK,
Maharashtra,Nasik,IMD110-P1233,1988,0.0,0.0,0.0,11.5,2.9,107.2,394.7,172.7,335.2,48.8,2.2,0.0,1075.2,0.0,14.3,1009.8,51.0,1235,,NASIK,
Maharashtra,Nasik,IMD110-P1233,1989,0.0,0.0,17.8,0.0,30.9,53.2,203.2,84.7,87.5,44.7,4.6,0.1,526.7,0.0,48.7,428.6,49.4,1235,,NASIK,
Maharashtra,Nasik,IMD110-P1233,1990,1.5,0.2,0.0,0.0,90.9,141.7,334.0,386.1,140.0,125.1,16.2,1.7,1237.3,1.7,90.9,1001.7,143.0,1235,,NASIK,
Maharashtra,Nasik,IMD110-P1233,1991,0.0,0.0,0.0,8.6,2.4,301.4,366.0,214.3,74.6,8.0,6.0,0.0,981.5,0.0,11.1,956.4,14.1,1235,,NASIK,
Maharashtra,Nasik,IMD110-P1233,1992,0.0,0.0,0.0,0.0,0.6,152.4,205.4,311.5,187.1,47.7,0.2,0.0,904.8,0.0,0.6,856.3,47.8,1235,,NASIK,
Maharashtra,Nasik,IMD110-P1233,1993,0.0,0.0,0.9,0.0,4.4,135.0,396.2,123.4,245.4,156.6,13.9,7.6,1083.3,0.0,5.4,900.0,178.0,1235,,NASIK,
Maharashtra,Nasik,IMD110-P1233,1994,4.9,0.3,0.0,3.6,9.4,313.0,452.1,266.5,202.4,30.0,19.2,0.0,1301.3,5.1,13.0,1234.0,49.2,1235,,NASIK,
Maharashtra,Nasik,IMD110-P1233,1995,10.9,0.0,1.9,1.4,5.3,51.5,373.4,109.4,239.8,92.3,0.0,0.0,885.9,10.9,8.5,774.2,92.4,1235,,NASIK,
Maharashtra,Nasik,IMD110-P1233,1996,0.1,0.0,0.0,0.1,0.0,169.2,330.9,273.3,166.3,94.4,2.7,0.0,1037.0,0.1,0.1,939.7,97.1,1235,,NASIK,
Maharashtra,Nasik,IMD110-P1233,1997,3.3,0.0,0.0,19.7,6.0,129.6,298.8,334.3,157.1,49.0,73.0,22.0,1092.8,3.3,25.8,919.7,144.0,1235,,NASIK,
Maharashtra,Nasik,IMD110-P1233,1998,1.3,0.0,0.8,9.3,6.0,141.6,254.9,246.2,290.2,132.3,31.7,0.0,1114.3,1.3,16.1,933.0,164.0,1235,,NASIK,
Maharashtra,Nasik,IMD110-P1233,1999,0.0,4.2,0.0,0.5,20.4,249.5,383.0,117.6,141.5,234.4,0.0,0.0,1151.1,4.2,20.9,891.5,234.4,1235,,NASIK,
Maharashtra,Nasik,IMD110-P1233,2000,0.0,0.0,0.0,0.0,0.0,177.1,200.7,216.4,80.6,44.8,0.0,2.5,722.1,0.0,0.0,674.8,47.3,1235,,NASIK,
Maharashtra,Nasik,IMD110-P1233,2001,10.2,0.0,0.1,0.1,1.3,239.4,215.1,168.3,137.7,96.8,7.0,1.1,876.9,10.2,1.5,760.4,104.8,1235,,NASIK,
Maharashtra,Nasik,IMD110-P1233,2002,0.9,0.2,1.3,4.3,1.1,423.1,202.5,268.7,98.0,5.4,6.0,0.1,1011.6,1.1,6.7,992.3,11.5,1235,,NASIK,
Maharashtra,Nasik,IMD110-P1233,2003,1.8,3.0,0.0,2.4,59.5,255.7,372.8,225.2,180.0,15.7,3.0,0.0,1119.1,4.8,61.9,1033.7,18.7,1235,,NASIK,
Maharashtra,Nasik,IMD110-P1233,2004,0.6,0.0,0.0,0.0,42.5,189.6,244.4,617.3,205.1,83.8,11.5,0.5,1395.2,0.6,42.5,1256.3,95.8,1235,,NASIK,
Maharashtra,Nasik,IMD110-P1233,2005,2.6,0.0,1.8,1.4,1.3,456.6,410.3,272.7,400.6,38.7,0.0,0.0,1585.9,2.6,4.4,1540.2,38.7,1235,,NASIK,
Maharashtra,Nasik,IMD110-P1233,2006,0.0,0.0,6.3,0.5,13.9,176.2,612.1,692.6,199.7,70.9,21.2,0.1,1793.4,0.0,20.7,1680.5,92.2,1235,,NASIK,
Maharashtra,Nasik,IMD110-P1233,2007,0.0,0.0,0.0,3.7,8.4,287.5,368.5,375.3,211.3,0.0,2.6,0.0,1257.4,0.0,12.1,1242.6,2.6,1235,,NASIK,
Maharashtra,Nasik,IMD110-P1233,2008,0.0,0.0,0.0,1.1,2.5,68.8,289.2,395.9,508.0,49.2,0.1,1.0,1315.8,0.0,3.6,1261.9,50.2,1235,,NASIK,
Maharashtra,Nasik,IMD110-P1233,2009,0.0,12.3,1.1,0.1,0.6,49.4,406.5,121.2,113.2,78.3,156.6,4.2,943.4,12.3,1.7,690.2,239.1,1235,,NASIK,
Maharashtra,Nasik,IMD110-P1233,2010,0.0,0.4,0.4,0.0,8.4,187.5,242.6,304.8,157.0,65.1,97.5,0.0,1063.8,0.4,8.9,891.9,162.6,1235,,NASIK,
Maharashtra,Osmanabad,IMD110-P1236,1901,14.2,0.0,9.4,92.9,51.2,257.7,208.3,168.8,77.1,25.4,0.0,0.0,905.0,14.2,153.5,711.9,25.4,1236,,OSMANABAD,
Maharashtra,Osmanabad,IMD110-P1236,1902,0.0,0.0,2.3,25.9,0.8,41.9,,65.7,348.3,61.3,11.4,67.8,,0.0,29.0,,140.5,1236,missing_months,OSMANABAD,
Maharashtra,Osmanabad,IMD110-P1236,1903,0.0,0.0,0.0,0.0,71.1,114.9,232.0,222.4,325.1,175.7,1.3,,,0.0,71.1,894.4,,1236,missing_months,OSMANABAD,
Maharashtra,Osmanabad,IMD110-P1236,1904,0.0,0.0,18.2,0.0,7.3,82.7,49.7,64.2,371.2,52.7,0.0,0.0,646.0,0.0,25.5,567.8,52.7,1236,,OSMANABAD,
Maharashtra,Osmanabad,IMD110-P1236,1905,0.0,4.6,0.0,33.0,8.9,132.9,23.8,107.7,162.2,38.9,0.0,0.0,512.0,4.6,41.9,426.6,38.9,1236,,OSMANABAD,
Maharashtra,Osmanabad,IMD110-P1236,1906,38.3,0.0,0.0,0.0,0.0,287.5,280.0,276.8,59.7,36.1,7.9,10.9,997.2,38.3,0.0,904.0,54.9,1236,,OSMANABAD,
Maharashtra,Osmanabad,IMD110-P1236,1907,0.0,0.0,0.0,122.4,0.0,100.4,227.4,174.5,50.4,0.0,0.0,0.0,675.1,0.0,122.4,552.7,0.0,1236,,OSMANABAD,
Maharashtra,Osmanabad,IMD110-P1236,1908,0.0,0.0,16.7,0.0,8.1,92.8,122.6,104.0,396.0,2.0,0.0,0.0,742.2,0.0,24.8,715.4,2.0,1236,,OSMANABAD,
Maharashtra,Osmanabad,IMD110-P1236,1909,0.5,1.0,27.6,6.3,28.3,250.7,246.9,186.1,304.0,2.3,0.0,4.1,1057.8,1.5,62.2,987.7,6.4,1236,,OSMANABAD,
Maharashtra,Osmanabad,IMD110-P1236,1910,0.0,0.0,4.8,0.0,3.3,187.1,80.8,208.1,387.9,33.7,7.9,0.0,913.6,0.0,8.1,863.9,41.6,1236,,OSMANABAD,
Maharashtra,Osmanabad,IMD110-P1236,1911,0.0,0.0,0.0,0.0,10.7,129.4,327.0,210.6,133.1,1.0,14.2,0.0,826.0,0.0,10.7,800.1,15.2,1236,,OSMANABAD,
Maharashtra,Osmanabad,IMD110-P1236,1912,0.0,12.4,0.0,21.5,7.4,72.3,230.7,184.0,29.2,53.1,16.3,0.0,626.9,12.4,28.9,516.2,69.4,1236,,OSMANABAD,
Maharashtra,Osmanabad,IMD110-P1236,1913,0.0,0.0,0.0,52.9,49.2,191.3,154.4,14.2,60.9,28.5,0.0,10.4,561.8,0.0,102.1,420.8,38.9,1236,,OSMANABAD,
Maharashtra,Osmanabad,IMD110-P1236,1914,0.0,0.0,0.0,0.0,5.6,208.8,172.2,254.5,227.0,12.2,24.4,5.1,909.8,0.0,5.6,862.5,41.7,1236,,OSMANABAD,
Maharashtra,Osmanabad,IMD110-P1236,1915,36.3,1.0,9.1,30.0,7.6,168.3,194.3,52.9,261.0,98.0,2.0,0.0,860.5,37.3,46.7,676.5,100.0,1236,,OSMANABAD,
Maharashtra,Osmanabad,IMD110-P1236,1916,0.0,0.0,9.7,1.8,84.8,253.3,256.1,202.8,415.4,94.0,97.7,0.0,1415.6,0.0,96.3,1127.6,191.7,1236,,OSMANABAD,
Maharashtra,Osmanabad,IMD110-P1236,1917,0.0,18.3,5.1,7.6,25.7,,73.1,294.5,303.4,230.8,123.9,0.0,,18.3,38.4,,354.7,1236,missing_months,OSMANABAD,
Maharashtra,Osmanabad,IMD110-P1236,1918,0.0,0.0,0.0,0.0,122.4,68.5,28.2,99.8,156.8,5.6,9.1,3.0,493.4,0.0,122.4,353.3,17.7,1236,,OSMANABAD,
Maharashtra,Osmanabad,IMD110-P1236,1919,1.3,0.0,0.0,2.1,21.4,243.3,130.4,107.3,214.0,13.3,19.3,4.1,756.5,1.3,23.5,695.0,36.7,1236,,OSMANABAD,
Maharashtra,Osmanabad,IMD110-P1236,1920,8.2,0.0,0.0,4.4,10.2,91.1,61.0,83.0,301.6,19.8,0.0,0.0,579.3,8.2,14.6,536.7,19.8,1236,,OSMANABAD,
Maharashtra,Osmanabad,IMD110-P1236,1921,0.0,0.0,0.0,2.5,0.0,84.6,224.5,98.1,112.2,34.0,33.0,0.0,588.9,0.0,2.5,519.4,67.0,1236,,OSMANABAD,
Maharashtra,Osmanabad,IMD110-P1236,1922,57.7,0.0,0.0,0.0,29.6,191.0,112.5,44.3,138.6,79.8,42.9,0.0,696.4,57.7,29.6,486.4,122.7,1236,,OSMANABAD,
Maharashtra,Osmanabad,IMD110-P1236,1923,0.0,0.0,65.2,19.3,3.8,39.6,270.6,109.5,215.9,0.0,0.0,0.0,723.9,0.0,88.3,635.6,0.0,1236,,OSMANABAD,
Maharashtra,Osmanabad,IMD110-P1236,1924,0.0,0.0,0.5,18.8,0.0,67.8,66.8,182.4,212.5,36.8,2.0,30.0,617.6,0.0,19.3,529.5,68.8,1236,,OSMANABAD,
Maharashtra,Osmanabad,IMD110-P1236,1925,0.0,0.0,0.0,0.0,44.3,86.7,62.9,281.9,136.3,71.6,26.9,0.0,710.6,0.0,44.3,567.8,98.5,1236,,OSMANABAD,
Maharashtra,Osmanabad,IMD110-P1236,1926,56.0,0.0,0.0,6.4,16.8,42.6,61.9,314.9,337.0,0.0,5.6,2.3,843.5,56.0,23.2,756.4,7.9,1236,,OSMANABAD,
Maharashtra,Osmanabad,IMD110-P1236,1927,0.0,0.0,1.5,27.7,0.0,150.1,149.6,54.1,235.6,49.8,161.8,0.0,830.2,0.0,29.2,589.4,211.6,1236,,OSMANABAD,
Maharashtra,Osmanabad,IMD110-P1236,1928,0.0,34.1,0.5,12.0,0.0,214.2,233.2,127.2,271.1,100.6,0.0,2.5,995.4,34.1,12.5,845.7,103.1,1236,,OSMANABAD,
Maharashtra,Osmanabad,IMD110-P1236,1929,0.0,38.4,0.0,29.0,8.4,205.3,116.0,52.1,188.4,23.6,0.0,11.9,673.1,38.4,37.4,561.8,35.5,1236,,OSMANABAD,
Maharashtra,Osmanabad,IMD110-P1236,1930,0.0,0.0,10.4,0.0,18.8,112.3,69.2,101.8,302.0,77.5,32.2,0.0,724.2,0.0,29.2,585.3,109.7,1236,,OSMANABAD,
Maharashtra,Osmanabad,IMD110-P1236,1931,0.0,0.0,17.2,20.6,15.0,102.3,152.5,84.1,198.4,154.3,141.2,16.1,901.7,0.0,52.8,537.3,311.6,1236,,OSMANABAD,
Maharashtra,Osmanabad,IMD110-P1236,1932,0.0,0.0,26.2,7.1,46.8,57.6,273.3,90.3,189.7,66.9,33.0,0.0,790.9,0.0,80.1,610.9,99.9,1236,,OSMANABAD,
Maharashtra,Osmanabad,IMD110-P1236,1933,0.0,2.0,24.4,38.1,62.8,151.0,118.8,158.2,279.1,42.4,46.0,15.0,937.8,2.0,125.3,707.1,103.4,1236,,OSMANABAD,
Maharashtra,Osmanabad,IMD110-P1236,1934,6.4,0.0,0.0,36.6,1.5,70.9,275.4,226.2,179.3,31.1,45.5,0.0,872.9,6.4,38.1,751.8,76.6,1236,,OSMANABAD,
Maharashtra,Osmanabad,IMD110-P1236,1935,0.0,0.0,0.0,16.7,1.8,241.9,96.7,208.4,279.1,144.3,0.0,0.8,989.7,0.0,18.5,826.1,145.1,1236,,OSMANABAD,
Maharashtra,Osmanabad,IMD110-P1236,1936,0.0,30.5,0.0,6.9,33.3,37.8,78.1,74.4,182.0,3.0,197.4,1.5,644.9,30.5,40.2,372.3,201.9,1236,,OSMANABAD,
Maharashtra,Osmanabad,IMD110-P1236,1937,0.0,2.3,21.1,38.1,2.3,59.7,396.6,31.6,105.3,68.8,0.0,12.9,738.7,2.3,61.5,593.2,81.7,1236,,OSMANABAD,
Maharashtra,Osmanabad,IMD110-P1236,1938,0.0,5.1,43.6,16.2,19.1,332.0,239.7,267.0,166.8,19.3,0.0,1.5,1110.3,5.1,78.9,1005.5,20.8,1236,,OSMANABAD,
Maharashtra,Osmanabad,IMD110-P1236,1939,0.0,0.0,2.0,2.1,1.3,129.6,181.4,87.6,131.9,6.6,18.3,1.8,562.6,0.0,5.4,530.5,26.7,1236,,OSMANABAD,
Maharashtra,Osmanabad,IMD110-P1236,1940,0.0,0.0,0.0,26.1,17.2,203.8,116.2,186.9,54.2,81.5,12.0,6.6,704.5,0.0,43.3,561.1,100.1,1236,,OSMANABAD,
Maharashtra,Osmanabad,IMD110-P1236,1941,28.2,10.2,0.5,0.0,0.0,55.6,110.5,113.7,317.1,16.7,0.0,0.0,652.5,38.4,0.5,596.9,16.7,1237,,OSMANABAD,
Maharashtra,Osmanabad,IMD110-P1236,1942,0.0,0.0,0.0,26.0,5.1,411.2,111.6,231.9,116.3,8.9,0.0,138.4,1049.4,0.0,31.1,871.0,147.3,1237,,OSMANABAD,
Maharashtra,Osmanabad,IMD110-P1236,1943,0.0,0.0,0.0,1.3,41.7,223.4,103.6,77.1,339.8,234.6,0.0,0.0,1021.5,0.0,43.0,743.9,234.6,1237,,OSMANABAD,
Maharashtra,Osmanabad,IMD110-P1236,1944,0.0,12.9,33.1,0.0,13.4,96.1,256.3,63.1,128.2,75.1,4.3,0.0,682.5,12.9,46.5,543.7,79.4,1237,,OSMANABAD,
Maharashtra,Osmanabad,IMD110-P1236,1945,0.0,0.0,0.0,11.7,1.5,116.6,136.9,247.1,115.4,67.9,1.8,0.0,698.9,0.0,13.2,616.0,69.7,1237,,OSMANABAD,
Maharashtra,Osmanabad,IMD110-P1236,1946,0.0,6.1,0.0,54.8,35.1,170.0,123.7,96.2,190.6,28.4,46.2,53.1,804.2,6.1,89.9,580.5,127.7,1237,,OSMANABAD,
Maharashtra,Osmanabad,IMD110-P1236,1947,11.4,2.5,2.6,5.1,6.1,140.8,164.1,328.2,222.1,13.6,4.1,10.2,910.8,13.9,13.8,855.2,27.9,1237,,OSMANABAD,
Maharashtra,Osmanabad,IMD110-P1236,1948,5.6,0.0,8.9,11.9,11.2,249.1,275.6,97.3,,,,,,5.6,32.0,,,1237,missing_months,OSMANABAD,
Maharashtra,Osmanabad,IMD110-P1236,1949,0.0,0.0,0.0,0.0,85.9,227.0,185.2,66.0,378.5,60.9,0.0,0.0,1003.5,0.0,85.9,856.7,60.9,1237,,OSMANABAD,
Maharashtra,Osmanabad,IMD110-P1236,1950,0.0,0.8,4.9,0.8,13.0,50.8,56.9,106.7,315.5,134.0,0.0,3.6,687.0,0.8,18.7,529.9,137.6,1237,,OSMANABAD,
Maharashtra,Osmanabad,IMD110-P1236,1951,0.4,0.0,0.3,7.7,14.3,172.3,299.2,68.5,103.9,62.6,0.1,0.0,729.4,0.4,22.4,643.9,62.7,1237,,OSMANABAD,
Maharashtra,Osmanabad,IMD110-P1236,1952,0.0,23.1,0.0,5.8,79.8,70.3,122.8,44.0,168.0,60.6,0.0,1.9,576.3,23.1,85.6,405.1,62.5,1237,,OSMANABAD,
Maharashtra,Osmanabad,IMD110-P1236,1953,0.0,0.0,0.0,15.3,0.5,145.4,233.5,56.8,283.3,137.5,0.0,0.0,872.4,0.0,15.8,719.1,137.5,1237,,OSMANABAD,
Maharashtra,Osmanabad,IMD110-P1236,1954,0.0,0.0,23.1,7.8,13.3,242.3,326.1,104.2,245.5,26.1,0.0,28.5,1016.9,0.0,44.2,918.1,54.7,1237,,OSMANABAD,
Maharashtra,Osmanabad,IMD110-P1236,1955,1.2,0.0,2.5,4.0,37.9,162.2,254.2,371.5,169.2,56.4,2.7,0.0,1061.8,1.2,44.4,957.1,59.1,1237,,OSMANABAD,
Maharashtra,Osmanabad,IMD110-P1236,1956,0.0,0.0,0.0,8.6,92.8,106.1,308.4,134.7,207.4,111.3,118.4,0.0,1087.6,0.0,101.4,756.5,229.6,1237,,OSMANABAD,
Maharashtra,Osmanabad,IMD110-P1236,1957,0.0,0.0,4.4,15.4,30.3,155.1,190.8,224.7,112.5,99.4,0.0,0.0,832.6,0.0,50.1,683.0,99.4,1237,,OSMANABAD,
Maharashtra,Osmanabad,IMD110-P1236,1958,0.0,0.0,17.4,25.0,22.9,80.4,207.6,433.7,54.1,50.7,22.4,0.0,914.2,0.0,65.3,775.8,73.1,1237,,OSMANABAD,
Maharashtra,Osmanabad,IMD110-P1236,1959,0.0,0.0,0.0,14.9,18.8,256.2,145.4,191.0,244.4,123.3,14.9,0.0,1008.9,0.0,33.7,837.0,138.2,1237,,OSMANABAD,
Maharashtra,Osmanabad,IMD110-P1236,1960,0.0,0.0,2.5,6.1,59.6,89.3,119.0,24.3,289.0,25.8,42.1,0.0,657.8,0.0,68.3,521.6,67.9,1237,,OSMANABAD,
Maharashtra,Osmanabad,IMD110-P1236,1961,0.0,0.0,0.0,6.7,39.0,241.3,188.6,99.7,35.3,135.3,17.4,1.4,764.6,0.0,45.7,564.9,154.1,1237,,OSMANABAD,
Maharashtra,Osmanabad,IMD110-P1236,1962,0.0,0.0,1.1,36.4,62.6,82.2,113.6,258.7,327.0,135.4,,,,0.0,100.1,781.5,,1237,missing_months,OSMANABAD,
Maharashtra,Osmanabad,IMD110-P1236,1963,0.0,0.0,0.0,9.6,0.0,179.5,62.2,217.7,115.5,115.7,0.0,0.0,700.2,0.0,9.6,574.9,115.7,1237,,OSMANABAD,
Maharashtra,Osmanabad,IMD110-P1236,1964,0.0,0.0,0.0,0.0,0.0,67.0,279.0,105.8,276.4,15.0,9.0,,,0.0,0.0,728.2,,1237,missing_months,OSMANABAD,
Maharashtra,Osmanabad,IMD110-P1236,1965,0.0,0.0,0.0,0.0,0.0,212.0,227.0,106.0,67.0,0.0,0.0,16.0,628.0,0.0,0.0,612.0,16.0,1237,,OSMANABAD,
Maharashtra,Osmanabad,IMD110-P1236,1966,6.7,0.0,0.0,0.0,173.0,41.8,201.1,146.0,180.3,45.5,54.8,5.7,854.9,6.7,173.0,569.2,106.0,1237,,OSMANABAD,
Maharashtra,Osmanabad,IMD110-P1236,1967,0.0,0.0,0.0,0.0,28.0,131.5,279.0,68.9,143.5,44.3,0.0,69.9,765.2,0.0,28.0,622.9,114.3,1237,,OSMANABAD,
Maharashtra,Osmanabad,IMD110-P1236,1968,1.0,33.4,35.8,4.3,3.3,97.7,157.0,20.8,221.0,30.0,31.1,0.0,635.6,34.4,43.4,496.6,61.2,1237,,OSMANABAD,
Maharashtra,Osmanabad,IMD110-P1236,1969,0.0,0.0,0.0,0.0,0.3,117.1,143.8,160.0,196.9,30.5,7.8,0.3,656.7,0.0,0.3,617.8,38.5,1237,,OSMANABAD,
Maharashtra,Osmanabad,IMD110-P1236,1970,4.4,0.0,0.0,5.8,18.6,135.4,105.2,208.8,258.3,13.8,0.0,0.0,750.3,4.4,24.4,707.7,13.8,1237,,OSMANABAD,
Maharashtra,Osmanabad,IMD110-P1236,1971,0.0,0.0,0.0,0.0,10.5,65.3,16.2,197.1,126.7,138.1,0.0,0.0,553.8,0.0,10.5,405.3,138.1,1237,,OSMANABAD,
Maharashtra,Osmanabad,IMD110-P1236,1972,0.0,0.0,0.0,0.0,3.2,87.3,17.9,43.6,113.4,1.5,16.1,0.0,282.9,0.0,3.2,262.1,17.6,1237,,OSMANABAD,
Maharashtra,Osmanabad,IMD110-P1236,1973,0.0,0.0,0.0,11.4,2.5,112.0,141.1,309.8,132.4,128.9,2.3,0.0,840.1,0.0,13.9,695.2,131.1,1237,,OSMANABAD,
Maharashtra,Osmanabad,IMD110-P1236,1974,0.0,0.0,0.0,0.0,41.4,91.3,117.4,102.3,183.4,225.8,0.0,0.0,761.5,0.0,41.4,494.4,225.8,1237,,OSMANABAD,
Maharashtra,Osmanabad,IMD110-P1236,1975,0.0,4.6,0.0,0.0,19.0,108.7,183.5,148.2,217.8,168.5,0.0,0.0,850.4,4.6,19.0,658.2,168.5,1237,,OSMANABAD,
Maharashtra,Osmanabad,IMD110-P1236,1976,0.0,0.0,1.6,16.9,13.7,102.8,115.8,166.9,55.4,3.8,37.3,0.0,514.4,0.0,32.3,441.0,41.1,1237,,OSMANABAD,
Maharashtra,Osmanabad,IMD110-P1236,1977,0.0,0.0,8.3,2.2,10.5,130.6,136.7,89.6,84.0,102.4,96.8,1.2,662.2,0.0,20.9,440.9,200.3,1237,,OSMANABAD,
Maharashtra,Osmanabad,IMD110-P1236,1978,0.1,21.1,9.5,20.2,61.5,181.1,201.6,122.4,173.8,94.7,42.6,0.0,928.6,21.2,91.2,678.9,137.3,1237,,OSMANABAD,
Maharashtra,Osmanabad,IMD110-P1236,1979,0.0,4.3,9.2,3.0,15.6,84.2,124.4,97.5,259.4,19.2,178.0,0.0,794.8,4.3,27.8,565.5,197.2,1237,,OSMANABAD,
Maharashtra,Osmanabad,IMD110-P1236,1980,0.0,0.0,8.0,12.6,0.4,220.8,64.2,293.7,110.4,0.0,10.1,1.5,721.7,0.0,20.9,689.1,11.7,1237,,OSMANABAD,
Maharashtra,Osmanabad,IMD110-P1236,1981,39.4,0.0,11.8,5.8,25.2,174.7,62.5,102.7,308.3,82.6,10.4,0.0,823.2,39.4,42.8,648.2,92.9,1237,,OSMANABAD,
Maharashtra,Osmanabad,IMD110-P1236,1982,0.6,0.1,34.5,16.3,20.0,116.2,122.3,45.4,188.4,43.1,51.5,0.0,638.4,0.6,70.8,472.3,94.6,1238,,OSMANABAD,
Maharashtra,Osmanabad,IMD110-P1236,1983,0.0,0.0,0.0,0.0,18.1,86.8,172.1,150.3,472.6,110.9,0.0,11.2,1022.1,0.0,18.1,881.8,122.2,1238,,OSMANABAD,
Maharashtra,Osmanabad,IMD110-P1236,1984,0.6,22.3,0.0,0.1,0.0,65.6,132.1,32.7,130.9,106.4,0.8,4.0,495.5,22.9,0.1,361.2,111.2,1238,,OSMANABAD,
Maharashtra,Osmanabad,IMD110-P1236,1985,14.6,0.0,4.5,13.7,8.1,121.1,134.2,31.0,157.1,82.2,0.0,0.8,567.2,14.6,26.3,443.4,82.9,1238,,OSMANABAD,
Maharashtra,Osmanabad,IMD110-P1236,1986,15.2,3.0,0.0,4.3,7.3,119.1,23.0,102.9,198.0,2.8,12.9,4.3,492.6,18.2,11.5,442.9,20.0,1238,,OSMANABAD,
Maharashtra,Osmanabad,IMD110-P1236,1987,6.4,1.1,0.5,1.4,41.2,120.2,109.7,200.3,95.7,161.6,35.5,13.4,786.9,7.5,43.0,525.9,210.4,1238,,OSMANABAD,
Maharashtra,Osmanabad,IMD110-P1236,1988,0.0,0.0,0.0,8.6,6.8,130.1,183.6,255.3,397.1,2.3,0.8,8.2,992.8,0.0,15.5,966.0,11.3,1238,,OSMANABAD,
Maharashtra,Osmanabad,IMD110-P1236,1989,0.0,0.0,28.4,,,,,,,,,,,0.0,,,,1238,missing_months,OSMANABAD,
Maharashtra,Osmanabad,IMD110-P1236,1990,6.2,0.0,0.0,0.0,149.9,207.0,87.6,248.6,127.3,211.0,12.8,0.0,1050.5,6.2,149.9,670.5,223.8,1238,,OSMANABAD,
Maharashtra,Osmanabad,IMD110-P1236,1991,2.2,1.7,0.0,10.3,24.9,184.9,173.4,26.1,55.0,10.7,11.4,0.0,500.8,3.9,35.2,439.5,22.2,1238,,OSMANABAD,
Maharashtra,Osmanabad,IMD110-P1236,1992,0.0,0.0,0.0,12.4,8.8,117.0,66.9,133.8,139.1,26.5,36.7,0.0,541.1,0.0,21.2,456.7,63.2,1238,,OSMANABAD,
Maharashtra,Osmanabad,IMD110-P1236,1993,0.0,1.4,7.3,8.2,42.8,43.3,245.4,204.1,106.4,220.5,7.9,49.7,936.9,1.4,58.3,599.2,278.1,1238,,OSMANABAD,
Maharashtra,Osmanabad,IMD110-P1236,1994,4.0,0.0,0.0,15.6,27.5,102.7,90.1,97.7,46.4,115.4,16.1,0.0,515.6,4.0,43.1,337.0,131.5,1238,,OSMANABAD,
Maharashtra,Osmanabad,IMD110-P1236,1995,72.3,0.0,7.5,7.1,49.0,84.7,144.8,84.3,200.6,154.0,7.1,0.0,811.5,72.3,63.7,514.4,161.1,1238,,OSMANABAD,
Maharashtra,Osmanabad,IMD110-P1236,1996,0.0,0.0,0.0,7.1,4.7,70.8,183.4,197.4,305.9,92.2,5.3,0.8,867.7,0.0,11.8,757.6,98.3,1238,,OSMANABAD,
Maharashtra,Osmanabad,IMD110-P1236,1997,4.0,0.0,7.9,21.1,14.0,114.1,94.0,74.2,129.4,93.9,82.8,24.6,659.9,4.0,43.0,411.6,201.2,1238,,OSMANABAD,
Maharashtra,Osmanabad,IMD110-P1236,1998,0.0,0.0,0.0,2.0,11.5,187.2,216.2,216.4,345.8,161.3,18.1,0.0,1158.5,0.0,13.6,965.6,179.4,1238,,OSMANABAD,
Maharashtra,Osmanabad,IMD110-P1236,1999,0.0,0.0,0.0,0.0,10.5,138.2,105.6,70.3,213.4,99.7,0.0,0.0,637.8,0.0,10.5,527.6,99.7,1238,,OSMANABAD,
Maharashtra,Osmanabad,IMD110-P1236,2000,1.1,7.5,4.2,0.9,21.1,171.8,188.6,285.5,57.8,81.4,3.2,0.0,823.0,8.6,26.2,703.7,84.6,1238,,OSMANABAD,
Maharashtra,Osmanabad,IMD110-P1236,2001,2.8,0.0,0.2,26.5,0.6,90.5,24.7,180.1,136.4,93.0,3.7,0.0,558.4,2.8,27.3,431.6,96.7,1238,,OSMANABAD,
Maharashtra,Osmanabad,IMD110-P1236,2002,4.6,1.8,0.8,16.7,20.9,164.0,63.7,159.0,115.4,73.1,12.8,0.0,632.7,6.4,38.3,502.1,85.8,1238,,OSMANABAD,
Maharashtra,Osmanabad,IMD110-P1236,2003,0.0,0.8,6.1,0.0,0.0,78.7,112.8,147.0,95.8,4.2,15.9,0.0,461.3,0.8,6.1,434.3,20.1,1238,,OSMANABAD,
Maharashtra,Osmanabad,IMD110-P1236,2004,0.0,0.3,44.8,3.8,49.0,122.8,182.8,60.4,150.8,109.6,20.5,0.0,744.6,0.3,97.6,516.7,130.1,1238,,OSMANABAD,
Maharashtra,Osmanabad,IMD110-P1236,2005,1.0,0.0,1.1,0.0,8.6,57.3,301.0,132.3,242.2,68.6,0.0,0.0,812.2,1.0,9.8,732.8,68.6,1238,,OSMANABAD,
Maharashtra,Osmanabad,IMD110-P1236,2006,0.0,0.0,22.7,11.2,59.2,133.0,58.9,156.4,199.6,44.2,22.3,0.0,707.5,0.0,93.1,547.8,66.5,1238,,OSMANABAD,
Maharashtra,Osmanabad,IMD110-P1236,2007,0.0,0.0,0.0,0.0,42.4,236.9,74.2,137.8,293.3,0.1,1.1,0.0,785.8,0.0,42.4,742.2,1.2,1238,,OSMANABAD,
Maharashtra,Osmanabad,IMD110-P1236,2008,0.0,0.0,23.8,15.9,15.5,50.4,77.8,170.1,318.0,58.6,0.0,0.0,730.1,0.0,55.1,616.3,58.6,1238,,OSMANABAD,
Maharashtra,Osmanabad,IMD110-P1236,2009,0.0,0.0,0.0,1.1,5.2,66.3,98.4,203.1,244.4,70.4,42.6,12.0,743.5,0.0,6.3,612.2,125.1,1238,,OSMANABAD,
Maharashtra,Osmanabad,IMD110-P1236,2010,22.1,6.8,3.0,5.8,15.2,140.0,325.9,266.4,166.7,54.3,26.1,0.0,1032.2,28.9,24.0,899.0,80.4,1238,,OSMANABAD,
Maharashtra,Parbhani,IMD110-P1239,1913,,,,,43.0,200.9,362.7,149.0,60.5,9.2,0.0,38.4,,,,773.1,47.6,1239,missing_months,PARBHANI,
Maharashtra,Parbhani,IMD110-P1239,1914,0.0,17.3,28.2,0.0,10.9,655.6,188.0,235.6,297.3,15.2,1.5,47.2,1496.8,17.3,39.1,1376.5,63.9,1239,,PARBHANI,
Maharashtra,Parbhani,IMD110-P1239,1915,36.1,0.5,132.7,5.8,2.3,224.3,131.8,113.9,447.5,147.2,37.6,64.0,1343.7,36.6,140.8,917.5,248.8,1239,,PARBHANI,
Maharashtra,Parbhani,IMD110-P1239,1916,0.0,3.6,0.0,0.0,81.4,102.4,370.7,160.3,248.6,100.8,27.0,0.0,1094.8,3.6,81.4,882.0,127.8,1239,,PARBHANI,
Maharashtra,Parbhani,IMD110-P1239,1917,1.8,37.8,29.8,15.2,13.2,242.2,261.4,238.3,270.3,72.8,6.6,0.0,1189.4,39.6,58.2,1012.2,79.4,1239,,PARBHANI,
Maharashtra,Parbhani,IMD110-P1239,1918,0.0,0.0,0.0,4.6,114.5,68.7,142.0,83.8,85.1,0.0,19.1,21.1,538.9,0.0,119.1,379.6,40.2,1239,,PARBHANI,
Maharashtra,Parbhani,IMD110-P1239,1919,24.9,0.8,0.0,10.1,8.3,196.2,67.5,79.1,273.8,32.5,6.6,0.0,699.8,25.7,18.4,616.6,39.1,1239,,PARBHANI,
Maharashtra,Parbhani,IMD110-P1239,1920,12.7,0.0,0.0,4.6,0.0,97.1,54.8,67.4,36.9,0.0,0.0,0.0,273.5,12.7,4.6,256.2,0.0,1239,,PARBHANI,
Maharashtra,Parbhani,IMD110-P1239,1921,6.6,0.0,0.0,6.3,0.0,216.3,100.8,57.1,135.4,18.5,1.5,,,6.6,6.3,509.6,,1239,missing_months,PARBHANI,
Maharashtra,Parbhani,IMD110-P1239,1922,51.1,0.0,0.0,10.4,0.0,147.2,142.7,53.3,341.4,42.2,118.8,0.0,907.1,51.1,10.4,684.6,161.0,1239,,PARBHANI,
Maharashtra,Parbhani,IMD110-P1239,1923,0.0,0.0,50.0,10.4,0.0,0.0,474.4,92.0,436.7,0.0,0.0,,,0.0,60.4,1003.1,,1239,missing_months,PARBHANI,
Maharashtra,Parbhani,IMD110-P1239,1924,2.8,0.0,5.1,7.4,0.0,21.6,178.2,233.4,297.0,87.1,0.0,0.0,832.6,2.8,12.5,730.2,87.1,1239,,PARBHANI,
Maharashtra,Parbhani,IMD110-P1239,1925,0.0,0.0,0.0,0.0,42.4,116.3,84.0,163.3,71.1,38.7,140.3,0.0,656.1,0.0,42.4,434.7,179.0,1239,,PARBHANI,
Maharashtra,Parbhani,IMD110-P1239,1926,103.9,0.0,0.0,0.0,19.8,21.9,139.9,289.8,158.8,0.0,2.8,0.0,736.9,103.9,19.8,610.4,2.8,1239,,PARBHANI,
Maharashtra,Parbhani,IMD110-P1239,1927,0.0,0.0,53.1,0.0,0.0,167.3,139.1,150.6,138.9,25.9,141.9,0.0,816.8,0.0,53.1,595.9,167.8,1239,,PARBHANI,
Maharashtra,Parbhani,IMD110-P1239,1928,0.0,34.8,0.0,0.0,0.0,118.6,152.9,161.1,263.6,61.3,0.0,0.0,792.3,34.8,0.0,696.2,61.3,1239,,PARBHANI,
Maharashtra,Parbhani,IMD110-P1239,1929,0.0,35.8,0.0,7.9,0.0,113.3,95.8,60.5,143.4,140.5,0.0,0.0,597.2,35.8,7.9,413.0,140.5,1239,,PARBHANI,
Maharashtra,Parbhani,IMD110-P1239,1930,0.0,0.0,0.0,11.9,0.0,165.3,33.5,73.5,308.5,4.3,0.0,0.0,597.0,0.0,11.9,580.8,4.3,1239,,PARBHANI,
Maharashtra,Parbhani,IMD110-P1239,1931,0.0,0.0,0.0,0.0,1.1,138.4,362.0,206.5,224.5,167.0,14.5,11.4,1125.5,0.0,1.1,931.4,192.9,1239,,PARBHANI,
Maharashtra,Parbhani,IMD110-P1239,1932,0.0,4.6,10.6,1.1,11.3,106.8,227.6,125.0,156.6,10.4,14.4,0.9,669.3,4.6,23.1,616.0,25.7,1239,,PARBHANI,
Maharashtra,Parbhani,IMD110-P1239,1933,7.3,15.5,0.0,12.5,66.4,318.8,314.3,197.3,247.9,18.1,22.5,21.3,1241.8,22.8,79.0,1078.2,61.9,1239,,PARBHANI,
Maharashtra,Parbhani,IMD110-P1239,1934,16.5,0.0,0.0,8.6,0.9,83.3,244.2,395.5,244.8,19.8,102.2,0.0,1115.8,16.5,9.5,967.8,122.0,1239,,PARBHANI,
Maharashtra,Parbhani,IMD110-P1239,1935,29.4,0.0,0.0,11.1,0.0,177.9,252.6,153.9,299.3,104.8,5.1,0.0,1034.0,29.4,11.1,883.8,109.8,1239,,PARBHANI,
Maharashtra,Parbhani,IMD110-P1239,1936,0.0,37.5,10.1,0.4,34.8,258.5,93.6,144.2,144.9,21.1,154.5,8.8,908.4,37.5,45.4,641.2,184.4,1239,,PARBHANI,
Maharashtra,Parbhani,IMD110-P1239,1937,0.0,9.9,0.5,63.6,2.4,114.9,345.3,24.4,235.4,129.5,0.0,36.5,962.5,9.9,66.5,720.0,165.9,1239,,PARBHANI,
Maharashtra,Parbhani,IMD110-P1239,1938,0.0,33.7,18.3,2.8,32.8,323.4,235.3,131.4,218.5,79.8,0.0,0.6,1076.3,33.7,53.8,908.5,80.4,1239,,PARBHANI,
Maharashtra,Parbhani,IMD110-P1239,1939,0.0,0.0,0.0,23.1,0.0,97.7,131.3,242.4,43.8,15.1,8.1,0.0,561.4,0.0,23.1,515.1,23.2,1239,,PARBHANI,
Maharashtra,Parbhani,IMD110-P1239,1940,0.0,2.0,0.0,18.0,9.4,250.0,258.5,254.2,180.6,87.7,26.8,0.4,1087.7,2.0,27.4,943.3,114.9,1239,,PARBHANI,
Maharashtra,Parbhani,IMD110-P1239,1941,3.9,7.4,0.0,2.3,0.0,30.2,64.8,143.5,257.5,33.8,0.0,0.0,543.5,11.3,2.3,496.0,33.8,1239,,PARBHANI,
Maharashtra,Parbhani,IMD110-P1239,1942,0.0,67.1,0.0,7.3,0.0,248.6,350.4,427.5,205.5,0.4,0.0,66.2,1373.1,67.1,7.3,1232.1,66.6,1239,,PARBHANI,
Maharashtra,Parbhani,IMD110-P1239,1943,8.0,0.9,0.0,0.0,49.4,206.2,102.7,71.4,529.7,118.3,0.3,0.0,1086.8,8.9,49.4,910.0,118.5,1239,,PARBHANI,
Maharashtra,Parbhani,IMD110-P1239,1944,0.0,16.6,21.5,0.0,13.4,66.3,383.3,152.9,226.1,101.7,59.6,0.0,1041.4,16.6,34.8,828.6,161.3,1239,,PARBHANI,
Maharashtra,Parbhani,IMD110-P1239,1945,1.5,0.0,0.0,8.1,0.9,171.2,154.3,115.6,221.4,13.0,0.0,0.0,686.0,1.5,9.0,662.5,13.0,1239,,PARBHANI,
Maharashtra,Parbhani,IMD110-P1239,1946,0.0,15.2,0.0,1.4,8.4,212.8,393.9,216.8,71.8,0.0,73.3,0.8,994.3,15.2,9.8,895.3,74.1,1239,,PARBHANI,
Maharashtra,Parbhani,IMD110-P1239,1947,18.6,29.6,6.1,12.7,4.2,66.9,222.8,307.1,285.5,0.2,1.1,0.0,954.8,48.2,23.0,882.3,1.3,1239,,PARBHANI,
Maharashtra,Parbhani,IMD110-P1239,1948,2.7,1.1,8.9,7.7,0.6,119.8,319.8,134.7,232.9,23.6,276.5,0.0,1128.3,3.8,17.1,807.2,300.2,1239,,PARBHANI,
Maharashtra,Parbhani,IMD110-P1239,1949,0.0,0.0,0.0,2.7,16.0,270.4,208.5,95.5,337.2,19.1,0.0,0.0,949.3,0.0,18.6,911.5,19.1,1239,,PARBHANI,
Maharashtra,Parbhani,IMD110-P1239,1950,0.0,4.8,14.1,0.0,13.4,27.0,200.9,110.8,304.0,13.1,0.0,0.4,688.4,4.8,27.5,642.5,13.5,1239,,PARBHANI,
Maharashtra,Parbhani,IMD110-P1239,1951,0.4,0.0,0.3,2.3,10.8,99.1,320.2,107.3,60.1,73.4,0.0,0.0,674.0,0.4,13.4,586.8,73.4,1239,,PARBHANI,
Maharashtra,Parbhani,IMD110-P1239,1952,0.0,12.3,0.0,1.2,8.0,96.0,130.4,122.1,163.7,21.7,0.0,0.0,555.3,12.3,9.2,512.1,21.7,1239,,PARBHANI,
Maharashtra,Parbhani,IMD110-P1239,1953,0.0,0.0,0.0,10.9,1.6,267.5,223.1,177.4,197.9,29.8,0.0,0.0,908.3,0.0,12.5,866.0,29.8,1240,,PARBHANI,
Maharashtra,Parbhani,IMD110-P1239,1954,0.0,0.0,17.2,3.4,0.5,152.2,323.0,150.1,240.4,2.8,0.0,0.7,890.3,0.0,21.1,865.7,3.4,1240,,PARBHANI,
Maharashtra,Parbhani,IMD110-P1239,1955,4.6,0.0,2.5,2.5,4.1,273.4,182.3,378.3,265.8,213.0,0.5,0.0,1327.0,4.6,9.1,1099.8,213.5,1240,,PARBHANI,
Maharashtra,Parbhani,IMD110-P1239,1956,0.0,0.0,0.0,0.4,81.0,128.2,349.5,150.1,210.8,40.5,62.8,0.0,1023.3,0.0,81.5,838.6,103.2,1240,,PARBHANI,
Maharashtra,Parbhani,IMD110-P1239,1957,0.0,0.0,19.4,14.7,22.8,71.8,275.8,426.6,92.0,41.7,0.0,0.0,964.8,0.0,56.9,866.2,41.7,1240,,PARBHANI,
Maharashtra,Parbhani,IMD110-P1239,1958,0.0,0.0,0.5,10.7,5.5,57.1,284.8,411.0,48.4,24.1,54.5,0.0,896.6,0.0,16.7,801.3,78.5,1240,,PARBHANI,
Maharashtra,Parbhani,IMD110-P1239,1959,0.0,0.0,0.2,15.4,7.7,122.7,236.2,177.5,268.9,134.7,6.3,9.8,979.5,0.0,23.3,805.3,150.8,1240,,PARBHANI,
Maharashtra,Parbhani,IMD110-P1239,1960,3.1,0.0,7.6,0.0,34.4,159.0,200.5,110.3,196.1,130.0,0.2,1.0,842.2,3.1,42.0,665.9,131.2,1240,,PARBHANI,
Maharashtra,Parbhani,IMD110-P1239,1961,0.0,0.0,22.6,5.0,12.9,145.7,326.6,247.8,168.5,321.7,0.1,0.9,1251.8,0.0,40.5,888.5,322.7,1240,,PARBHANI,
Maharashtra,Parbhani,IMD110-P1239,1962,2.5,0.0,0.5,38.6,20.1,42.9,200.1,173.4,348.3,7.2,34.5,46.8,914.9,2.5,59.3,764.6,88.5,1240,,PARBHANI,
Maharashtra,Parbhani,IMD110-P1239,1963,0.0,12.6,13.8,17.6,6.2,236.8,205.7,543.8,117.2,91.4,0.0,0.0,1245.1,12.6,37.7,1103.5,91.4,1240,,PARBHANI,
Maharashtra,Parbhani,IMD110-P1239,1964,0.0,0.0,30.6,4.6,0.0,49.0,307.0,192.4,244.0,8.2,0.0,0.0,835.8,0.0,35.2,792.4,8.2,1240,,PARBHANI,
Maharashtra,Parbhani,IMD110-P1239,1965,0.0,0.3,0.0,5.3,2.1,98.4,233.5,231.0,67.7,19.8,0.0,5.5,663.6,0.3,7.4,630.5,25.3,1240,,PARBHANI,
Maharashtra,Parbhani,IMD110-P1239,1966,11.9,0.0,20.6,0.0,31.0,41.2,222.9,58.8,247.1,35.1,49.4,11.7,729.6,11.9,51.6,569.9,96.2,1240,,PARBHANI,
Maharashtra,Parbhani,IMD110-P1239,1967,0.0,0.0,6.0,1.7,3.1,139.5,203.4,92.4,176.7,81.6,0.0,165.2,869.7,0.0,10.8,612.1,246.8,1240,,PARBHANI,
Maharashtra,Parbhani,IMD110-P1239,1968,13.2,1.0,27.6,12.2,0.0,99.5,254.7,62.1,192.8,20.7,18.5,0.5,702.7,14.2,39.8,609.0,39.7,1240,,PARBHANI,
Maharashtra,Parbhani,IMD110-P1239,1969,0.0,0.0,0.0,0.0,0.0,81.3,283.4,142.9,323.2,29.7,25.3,0.0,885.7,0.0,0.0,830.7,55.0,1240,,PARBHANI,
Maharashtra,Parbhani,IMD110-P1239,1970,20.2,0.0,0.0,1.0,37.9,227.9,102.7,363.0,127.5,35.9,0.0,0.0,916.2,20.2,38.9,821.1,35.9,1240,,PARBHANI,
Maharashtra,Parbhani,IMD110-P1239,1971,0.0,0.0,0.0,0.0,43.5,83.7,32.5,307.0,110.6,133.5,0.0,0.0,710.7,0.0,43.5,533.8,133.5,1240,,PARBHANI,
Maharashtra,Parbhani,IMD110-P1239,1972,0.0,0.0,0.0,0.0,0.0,147.2,70.8,130.7,61.4,0.9,48.0,0.0,459.0,0.0,0.0,410.1,48.9,1240,,PARBHANI,
Maharashtra,Parbhani,IMD110-P1239,1973,0.0,0.0,0.0,4.9,0.0,125.9,228.2,462.1,99.7,77.2,0.5,0.0,998.5,0.0,4.9,915.9,77.7,1240,,PARBHANI,
Maharashtra,Parbhani,IMD110-P1239,1974,0.0,0.0,2.5,2.9,35.8,98.4,113.4,140.1,125.5,145.4,0.0,0.0,664.0,0.0,41.2,477.3,145.4,1240,,PARBHANI,
Maharashtra,Parbhani,IMD110-P1239,1975,0.3,3.7,6.8,0.0,8.2,236.2,316.6,330.8,355.0,77.5,0.3,0.0,1335.4,4.0,15.0,1238.6,77.9,1240,,PARBHANI,
Maharashtra,Parbhani,IMD110-P1239,1976,0.0,2.2,0.1,3.3,9.9,99.2,265.7,344.2,55.3,0.0,33.8,0.0,813.8,2.2,13.3,764.4,33.8,1240,,PARBHANI,
Maharashtra,Parbhani,IMD110-P1239,1977,0.0,4.9,5.5,0.0,2.5,115.5,167.5,132.7,166.8,83.7,91.5,11.3,781.8,4.9,8.0,582.5,186.5,1240,,PARBHANI,
Maharashtra,Parbhani,IMD110-P1239,1978,2.4,9.7,18.1,20.9,5.0,195.4,246.5,71.7,43.2,68.5,31.6,1.1,714.0,12.0,44.0,556.7,101.3,1240,,PARBHANI,
Maharashtra,Parbhani,IMD110-P1239,1979,1.4,6.6,7.4,0.0,10.8,150.6,205.3,157.9,171.4,8.3,8.1,0.0,727.8,8.0,18.2,685.2,16.4,1240,,PARBHANI,
Maharashtra,Parbhani,IMD110-P1239,1980,0.0,0.0,1.0,0.0,0.1,270.3,143.8,404.1,118.9,0.0,0.1,29.9,968.1,0.0,1.1,937.1,29.9,1240,,PARBHANI,
Maharashtra,Parbhani,IMD110-P1239,1981,41.4,0.0,22.4,0.8,13.1,81.1,132.7,105.2,289.1,70.4,2.1,9.5,767.8,41.4,36.3,608.1,82.1,1240,,PARBHANI,
Maharashtra,Parbhani,IMD110-P1239,1982,2.4,0.0,0.8,5.9,14.0,62.9,151.7,79.9,185.3,31.9,15.9,0.0,550.5,2.4,20.7,479.7,47.8,1240,,PARBHANI,
Maharashtra,Parbhani,IMD110-P1239,1983,0.0,0.0,0.0,0.0,1.3,76.7,199.8,333.0,417.5,151.3,0.0,5.6,1185.1,0.0,1.3,1027.0,156.9,1240,,PARBHANI,
Maharashtra,Parbhani,IMD110-P1239,1984,0.9,12.3,0.4,5.0,0.0,117.3,162.1,118.2,147.4,115.0,0.0,0.0,678.7,13.2,5.4,545.0,115.1,1240,,PARBHANI,
Maharashtra,Parbhani,IMD110-P1239,1985,6.6,0.0,9.3,15.5,4.0,201.0,163.9,86.8,60.8,106.7,0.0,0.8,655.3,6.6,28.8,512.5,107.4,1240,,PARBHANI,
Maharashtra,Parbhani,IMD110-P1239,1986,4.1,16.6,3.3,7.8,10.1,171.9,186.1,87.2,94.9,38.0,19.2,21.8,660.9,20.7,21.3,540.1,78.9,1240,,PARBHANI,
Maharashtra,Parbhani,IMD110-P1239,1987,33.8,3.0,2.9,5.5,25.7,170.6,131.4,261.4,17.2,182.5,32.4,1.6,867.9,36.8,34.1,580.6,216.5,1240,,PARBHANI,
Maharashtra,Parbhani,IMD110-P1239,1988,0.0,0.0,1.5,15.1,0.8,157.6,374.4,329.5,403.1,19.4,4.0,0.3,1305.7,0.0,17.4,1264.7,23.6,1240,,PARBHANI,
Maharashtra,Parbhani,IMD110-P1239,1989,0.0,0.0,82.6,0.3,8.2,320.4,473.4,422.2,56.3,3.6,0.0,5.1,1372.1,0.0,91.1,1272.3,8.7,1240,,PARBHANI,
Maharashtra,Parbhani,IMD110-P1239,1990,0.0,0.0,0.0,0.0,106.7,279.8,144.7,391.3,115.9,240.1,6.7,4.7,1290.0,0.0,106.7,931.8,251.4,1240,,PARBHANI,
Maharashtra,Parbhani,IMD110-P1239,1991,0.0,1.5,0.0,10.5,2.4,235.0,270.4,37.7,55.3,1.9,4.7,0.0,619.3,1.5,12.9,598.3,6.6,1240,,PARBHANI,
Maharashtra,Parbhani,IMD110-P1239,1992,0.0,0.0,0.2,2.4,16.4,300.6,83.4,201.9,119.6,89.6,30.3,0.0,844.4,0.0,19.0,705.5,119.9,1240,,PARBHANI,
Maharashtra,Parbhani,IMD110-P1239,1993,0.0,2.5,3.0,1.5,1.4,145.1,199.1,123.0,123.4,70.0,13.7,63.3,746.1,2.5,5.9,590.7,147.0,1240,,PARBHANI,
Maharashtra,Parbhani,IMD110-P1239,1994,8.3,0.5,0.0,19.3,8.1,127.4,125.7,261.2,123.5,33.9,41.9,0.0,749.7,8.7,27.4,637.8,75.8,1241,,PARBHANI,
Maharashtra,Parbhani,IMD110-P1239,1995,35.5,0.0,39.5,12.4,12.4,167.7,223.6,108.8,112.2,113.2,0.3,0.0,825.4,35.5,64.2,612.2,113.5,1241,,PARBHANI,
Maharashtra,Parbhani,IMD110-P1239,1996,0.0,0.0,0.0,2.2,1.5,31.1,186.0,322.4,305.9,163.7,5.5,0.0,1018.3,0.0,3.7,845.4,169.2,1241,,PARBHANI,
Maharashtra,Parbhani,IMD110-P1239,1997,23.3,6.9,8.5,16.1,8.3,61.2,155.0,107.7,205.1,111.1,84.8,69.0,856.9,30.1,32.8,529.1,264.9,1241,,PARBHANI,
Maharashtra,Parbhani,IMD110-P1239,1998,0.0,0.7,3.6,2.9,7.5,164.6,314.7,272.7,240.9,222.1,33.3,0.0,1263.2,0.7,14.0,993.0,255.5,1241,,PARBHANI,
Maharashtra,Parbhani,IMD110-P1239,1999,0.0,7.2,0.2,0.0,20.1,203.5,163.7,184.5,274.1,65.1,0.0,0.0,918.3,7.2,20.3,825.7,65.1,1241,,PARBHANI,
Maharashtra,Parbhani,IMD110-P1239,2000,0.6,15.9,0.0,0.0,25.1,220.3,143.5,401.2,37.1,37.4,0.0,0.0,881.1,16.5,25.1,802.1,37.4,1241,,PARBHANI,
Maharashtra,Parbhani,IMD110-P1239,2001,1.1,0.0,0.0,10.5,0.0,190.5,57.3,370.6,50.6,281.8,0.0,0.0,962.5,1.1,10.6,669.1,281.8,1241,,PARBHANI,
Maharashtra,Parbhani,IMD110-P1239,2002,8.7,3.5,0.0,1.9,6.1,295.9,55.4,233.0,143.9,24.9,0.1,0.0,773.4,12.2,8.1,728.2,25.0,1241,,PARBHANI,
Maharashtra,Parbhani,IMD110-P1239,2003,8.0,4.2,2.7,0.3,37.8,110.8,360.6,171.3,73.8,9.7,4.8,0.0,784.0,12.2,40.8,716.5,14.5,1241,,PARBHANI,
Maharashtra,Parbhani,IMD110-P1239,2004,4.1,0.0,0.0,1.3,27.0,60.9,204.9,50.6,140.0,32.3,52.6,0.0,573.8,4.1,28.3,456.4,84.9,1241,,PARBHANI,
Maharashtra,Parbhani,IMD110-P1239,2005,12.8,0.8,34.1,5.2,0.2,50.2,603.8,115.5,214.1,149.4,0.0,0.0,1186.1,13.6,39.5,983.7,149.4,1241,,PARBHANI,
Maharashtra,Parbhani,IMD110-P1239,2006,0.0,0.0,49.5,0.1,9.1,120.2,108.3,411.4,167.2,40.7,2.3,0.0,908.8,0.0,58.7,807.0,43.0,1241,,PARBHANI,
Maharashtra,Parbhani,IMD110-P1239,2007,0.0,0.0,0.1,2.0,0.1,174.4,178.8,190.4,243.5,0.5,3.1,0.0,793.0,0.0,2.3,787.1,3.7,1241,,PARBHANI,
Maharashtra,Parbhani,IMD110-P1239,2008,0.7,0.0,16.8,3.6,0.1,104.9,118.8,110.0,210.7,35.2,2.5,0.6,603.9,0.7,20.5,544.5,38.2,1241,,PARBHANI,
Maharashtra,Parbhani,IMD110-P1239,2009,0.0,0.0,0.1,0.8,37.1,47.7,137.8,224.7,148.8,53.1,39.0,7.7,696.9,0.0,38.1,559.0,99.7,1241,,PARBHANI,
Maharashtra,Parbhani,IMD110-P1239,2010,0.8,0.2,2.4,0.2,0.5,76.2,365.4,319.7,183.6,50.6,34.3,0.0,1033.9,1.0,3.1,944.8,85.0,1241,,PARBHANI,
Maharashtra,Pune,IMD110-P1242,1901,13.7,0.7,1.7,23.5,33.6,125.9,342.6,327.9,109.5,53.0,7.2,0.0,1039.4,14.4,58.9,905.9,60.2,1242,,PUNE,
Maharashtra,Pune,IMD110-P1242,1902,2.0,0.0,0.0,0.8,12.9,107.6,258.8,142.8,159.8,57.8,43.2,58.2,844.0,2.0,13.8,669.0,159.2,1242,,PUNE,
Maharashtra,Pune,IMD110-P1242,1903,1.0,0.0,0.0,4.3,89.2,92.5,312.9,138.7,89.0,67.9,0.9,0.4,796.9,1.0,93.5,633.1,69.3,1242,,PUNE,
Maharashtra,Pune,IMD110-P1242,1904,0.2,1.0,0.0,3.1,8.6,122.4,164.0,79.6,141.5,120.8,0.0,0.0,641.2,1.1,11.7,507.5,120.8,1242,,PUNE,
Maharashtra,Pune,IMD110-P1242,1905,0.0,0.3,0.0,0.3,24.3,55.0,316.8,96.9,29.0,72.9,13.0,0.0,608.5,0.3,24.6,497.8,85.9,1242,,PUNE,
Maharashtra,Pune,IMD110-P1242,1906,6.9,0.2,0.0,0.0,4.2,199.8,201.9,210.4,102.0,12.0,30.4,9.2,777.0,7.1,4.2,714.0,51.7,1242,,PUNE,
Maharashtra,Pune,IMD110-P1242,1907,0.5,1.0,3.9,66.6,0.0,137.3,421.6,318.6,115.0,6.0,5.5,0.0,1076.2,1.6,70.5,992.5,11.6,1242,,PUNE,
Maharashtra,Pune,IMD110-P1242,1908,0.2,0.0,1.7,8.1,0.3,71.2,322.9,217.3,199.2,33.2,7.4,0.0,861.6,0.2,10.1,810.7,40.6,1242,,PUNE,
Maharashtra,Pune,IMD110-P1242,1909,0.0,0.0,0.3,0.1,34.0,190.4,338.8,93.8,141.0,48.5,0.5,2.0,849.3,0.0,34.4,764.0,51.0,1242,,PUNE,
Maharashtra,Pune,IMD110-P1242,1910,0.0,0.0,0.0,0.0,14.8,217.9,159.6,299.8,180.5,97.9,32.9,0.0,1003.3,0.0,14.8,857.7,130.8,1242,,PUNE,
Maharashtra,Pune,IMD110-P1242,1911,0.8,0.0,0.0,0.0,6.8,144.7,114.0,233.4,37.4,12.1,57.1,5.0,611.4,0.8,6.8,529.6,74.2,1242,,PUNE,
Maharashtra,Pune,IMD110-P1242,1912,0.0,0.0,0.0,4.4,17.1,95.5,373.0,160.8,32.0,111.1,58.2,0.0,852.1,0.0,21.5,661.3,169.3,1242,,PUNE,
Maharashtra,Pune,IMD110-P1242,1913,0.0,0.0,0.0,10.5,49.3,416.4,247.9,101.5,90.1,62.5,0.9,1.5,980.5,0.0,59.8,855.9,64.9,1242,,PUNE,
Maharashtra,Pune,IMD110-P1242,1914,0.0,1.5,0.1,0.6,12.0,169.1,455.4,238.6,155.3,28.6,27.7,1.5,1090.2,1.5,12.6,1018.4,57.8,1242,,PUNE,
Maharashtra,Pune,IMD110-P1242,1915,5.7,1.2,3.2,34.5,6.9,297.6,295.4,126.1,255.7,40.3,21.6,15.1,1103.3,6.8,44.6,974.8,76.9,1242,,PUNE,
Maharashtra,Pune,IMD110-P1242,1916,0.0,0.0,0.2,6.8,58.8,128.0,231.5,208.4,247.5,167.3,40.4,0.0,1088.9,0.0,65.8,815.4,207.7,1242,,PUNE,
Maharashtra,Pune,IMD110-P1242,1917,0.1,23.4,1.8,7.8,16.8,191.6,152.3,201.6,208.6,177.7,60.0,0.0,1041.7,23.5,26.4,754.1,237.7,1242,,PUNE,
Maharashtra,Pune,IMD110-P1242,1918,4.9,0.0,3.1,0.0,108.1,39.9,63.8,141.7,38.4,13.1,19.2,6.3,438.5,4.9,111.2,283.8,38.6,1242,,PUNE,
Maharashtra,Pune,IMD110-P1242,1919,0.3,0.0,3.7,0.0,39.9,164.4,264.0,224.1,274.3,24.0,38.2,0.8,1033.6,0.3,43.5,926.8,63.0,1242,,PUNE,
Maharashtra,Pune,IMD110-P1242,1920,18.2,0.0,0.0,10.1,0.0,158.4,278.0,104.2,166.8,31.9,0.1,0.1,767.6,18.2,10.1,707.4,32.0,1242,,PUNE,
Maharashtra,Pune,IMD110-P1242,1921,3.7,0.0,0.9,13.1,0.0,71.9,372.6,135.0,107.0,50.7,5.1,0.0,760.0,3.7,13.9,686.6,55.8,1242,,PUNE,
Maharashtra,Pune,IMD110-P1242,1922,3.6,8.1,0.0,19.0,30.1,161.5,312.6,102.1,74.0,59.1,192.7,0.0,962.7,11.7,49.1,650.2,251.7,1242,,PUNE,
Maharashtra,Pune,IMD110-P1242,1923,1.7,0.1,31.9,12.7,7.3,39.4,338.2,192.9,164.0,4.3,0.0,3.3,795.8,1.8,51.9,734.4,7.6,1242,,PUNE,
Maharashtra,Pune,IMD110-P1242,1924,0.3,0.0,2.9,17.1,3.7,82.8,198.1,323.6,165.4,25.5,7.4,0.1,826.8,0.3,23.6,769.9,33.0,1242,,PUNE,
Maharashtra,Pune,IMD110-P1242,1925,0.0,0.0,2.0,1.7,49.3,170.5,220.2,114.5,121.0,36.1,32.0,0.2,747.6,0.0,53.0,626.3,68.3,1242,,PUNE,
Maharashtra,Pune,IMD110-P1242,1926,21.1,0.0,0.0,0.0,11.3,97.6,300.9,303.7,176.7,7.0,24.6,2.4,945.3,21.1,11.3,878.8,34.1,1242,,PUNE,
Maharashtra,Pune,IMD110-P1242,1927,0.0,0.4,1.2,4.4,6.0,209.3,365.1,112.9,205.1,47.6,65.5,0.3,1017.7,0.4,11.6,892.3,113.3,1242,,PUNE,
Maharashtra,Pune,IMD110-P1242,1928,0.0,5.7,0.4,9.0,0.0,121.1,276.8,240.0,221.6,53.8,0.0,1.2,929.7,5.7,9.4,859.5,55.1,1242,,PUNE,
Maharashtra,Pune,IMD110-P1242,1929,0.0,3.8,0.6,37.8,2.4,122.2,147.0,54.4,183.0,103.9,5.7,1.4,662.1,3.8,40.8,506.5,110.9,1242,,PUNE,
Maharashtra,Pune,IMD110-P1242,1930,0.0,0.0,0.0,4.1,37.3,203.8,299.8,115.5,213.9,90.0,62.1,11.0,1037.5,0.0,41.5,833.0,163.1,1242,,PUNE,
Maharashtra,Pune,IMD110-P1242,1931,0.0,0.0,0.3,10.9,0.1,92.4,381.6,373.4,267.3,223.2,94.0,20.4,1463.6,0.0,11.3,1114.7,337.6,1242,,PUNE,
Maharashtra,Pune,IMD110-P1242,1932,0.0,0.0,2.9,16.5,35.7,81.9,459.8,309.4,209.7,179.0,23.7,4.2,1322.8,0.0,55.1,1060.8,206.9,1242,,PUNE,
Maharashtra,Pune,IMD110-P1242,1933,0.2,0.0,4.0,3.3,83.9,273.1,360.8,389.9,354.0,91.6,21.8,23.4,1605.9,0.2,91.1,1377.7,136.9,1242,,PUNE,
Maharashtra,Pune,IMD110-P1242,1934,0.1,0.0,2.9,2.5,4.2,213.6,303.2,262.3,131.9,54.0,99.9,0.0,1074.6,0.1,9.6,910.9,153.9,1242,,PUNE,
Maharashtra,Pune,IMD110-P1242,1935,0.3,0.0,0.0,0.6,0.4,194.5,326.5,234.2,168.2,139.3,13.8,1.7,1079.6,0.3,1.0,923.5,154.8,1242,,PUNE,
Maharashtra,Pune,IMD110-P1242,1936,0.0,3.0,2.6,0.3,16.0,223.3,189.3,166.3,203.8,12.2,76.9,0.0,893.7,3.0,18.9,782.7,89.1,1242,,PUNE,
Maharashtra,Pune,IMD110-P1242,1937,0.0,2.5,0.0,41.9,5.1,228.8,497.9,117.6,285.0,110.8,0.0,4.6,1294.2,2.5,47.0,1129.3,115.4,1242,,PUNE,
Maharashtra,Pune,IMD110-P1242,1938,0.0,0.9,17.2,15.8,39.4,274.8,408.3,261.1,195.9,252.2,3.0,1.3,1469.8,0.9,72.4,1140.1,256.5,1242,,PUNE,
Maharashtra,Pune,IMD110-P1242,1939,0.0,0.0,1.4,4.4,0.0,117.8,424.9,285.2,114.5,63.8,20.0,0.1,1032.1,0.0,5.7,942.5,83.9,1242,,PUNE,
Maharashtra,Pune,IMD110-P1242,1940,0.7,1.3,0.1,22.2,19.9,202.3,293.6,218.6,156.5,87.1,19.4,0.9,1022.7,2.0,42.2,871.0,107.5,1242,,PUNE,
Maharashtra,Pune,IMD110-P1242,1941,21.3,1.0,0.0,3.5,0.0,131.4,479.5,131.6,125.4,49.0,0.0,0.0,942.6,22.2,3.5,867.8,49.0,1243,,PUNE,
Maharashtra,Pune,IMD110-P1242,1942,0.0,0.8,0.0,4.9,13.2,243.7,703.1,210.6,151.7,17.7,0.1,51.0,1396.8,0.8,18.1,1309.1,68.8,1243,,PUNE,
Maharashtra,Pune,IMD110-P1242,1943,2.4,0.0,3.3,0.2,56.9,184.6,413.7,87.3,148.8,209.9,13.0,0.0,1120.1,2.4,60.4,834.4,222.9,1243,,PUNE,
Maharashtra,Pune,IMD110-P1242,1944,0.6,0.4,3.3,0.7,17.5,181.5,546.3,271.3,131.0,133.7,7.8,0.0,1294.1,1.0,21.5,1130.1,141.5,1243,,PUNE,
Maharashtra,Pune,IMD110-P1242,1945,4.3,0.0,0.0,11.6,0.8,128.6,333.9,265.9,81.9,58.9,3.9,0.0,889.8,4.3,12.4,810.3,62.8,1243,,PUNE,
Maharashtra,Pune,IMD110-P1242,1946,0.0,1.8,0.0,13.2,29.9,106.3,348.6,311.5,177.5,26.4,177.6,15.9,1208.6,1.8,43.1,943.9,219.8,1243,,PUNE,
Maharashtra,Pune,IMD110-P1242,1947,10.1,0.0,3.8,38.8,18.7,33.5,284.2,270.7,226.1,15.6,7.1,6.6,915.2,10.1,61.3,814.5,29.2,1243,,PUNE,
Maharashtra,Pune,IMD110-P1242,1948,21.4,0.7,4.3,3.7,3.4,190.4,214.2,201.3,157.3,84.0,221.6,0.0,1102.3,22.1,11.4,763.2,305.6,1243,,PUNE,
Maharashtra,Pune,IMD110-P1242,1949,0.0,0.0,0.9,0.0,69.2,41.4,196.0,202.8,250.1,66.9,2.8,0.0,830.1,0.0,70.1,690.4,69.7,1243,,PUNE,
Maharashtra,Pune,IMD110-P1242,1950,0.0,0.0,1.0,14.4,23.5,51.7,440.0,93.6,230.8,117.8,1.1,0.6,974.6,0.0,38.9,816.2,119.5,1243,,PUNE,
Maharashtra,Pune,IMD110-P1242,1951,0.0,0.0,0.1,8.6,50.2,172.3,266.0,212.2,66.1,192.7,45.0,0.0,1013.3,0.0,58.9,716.6,237.8,1243,,PUNE,
Maharashtra,Pune,IMD110-P1242,1952,0.0,0.3,0.0,3.8,12.2,188.1,383.5,262.4,56.1,68.2,0.0,1.3,975.9,0.3,16.0,890.1,69.6,1243,,PUNE,
Maharashtra,Pune,IMD110-P1242,1953,0.0,0.0,0.0,27.4,0.6,256.3,212.5,303.1,122.6,106.7,0.0,0.0,1029.1,0.0,28.0,894.4,106.7,1243,,PUNE,
Maharashtra,Pune,IMD110-P1242,1954,0.0,0.0,18.7,4.5,13.3,200.1,386.2,206.6,275.7,28.4,0.0,13.2,1146.6,0.0,36.4,1068.5,41.6,1243,,PUNE,
Maharashtra,Pune,IMD110-P1242,1955,0.0,0.0,10.1,22.6,16.2,153.2,206.2,318.5,333.1,164.0,6.4,0.0,1230.3,0.0,48.9,1011.0,170.4,1243,,PUNE,
Maharashtra,Pune,IMD110-P1242,1956,0.0,0.0,0.0,13.9,84.5,101.5,613.7,454.6,167.7,193.9,123.7,0.1,1753.5,0.0,98.4,1337.5,317.7,1243,,PUNE,
Maharashtra,Pune,IMD110-P1242,1957,0.0,0.0,1.9,12.1,50.8,231.8,268.0,270.3,90.8,113.8,25.2,0.2,1064.7,0.0,64.7,860.8,139.2,1243,,PUNE,
Maharashtra,Pune,IMD110-P1242,1958,3.3,0.0,1.2,23.8,21.5,136.8,599.8,281.4,135.8,46.7,30.5,0.2,1281.0,3.3,46.5,1153.8,77.4,1243,,PUNE,
Maharashtra,Pune,IMD110-P1242,1959,0.4,0.0,0.0,15.9,53.9,140.1,479.6,188.2,234.9,50.2,76.8,0.0,1240.0,0.4,69.8,1042.8,127.0,1243,,PUNE,
Maharashtra,Pune,IMD110-P1242,1960,0.6,0.0,1.4,2.1,104.3,171.1,313.7,169.6,255.2,36.8,20.0,3.1,1077.8,0.6,107.9,909.5,59.9,1243,,PUNE,
Maharashtra,Pune,IMD110-P1242,1961,0.0,0.3,0.0,5.3,114.2,255.0,696.1,213.4,149.1,140.4,9.3,2.5,1585.8,0.3,119.5,1313.8,152.2,1243,,PUNE,
Maharashtra,Pune,IMD110-P1242,1962,1.1,0.0,6.0,4.4,75.3,41.0,414.6,216.4,183.3,112.0,25.1,38.1,1117.3,1.1,85.7,855.4,175.2,1243,,PUNE,
Maharashtra,Pune,IMD110-P1242,1963,0.0,0.4,13.3,10.8,25.1,103.2,458.1,381.5,101.2,83.5,9.0,0.0,1186.0,0.4,49.1,1043.9,92.5,1243,,PUNE,
Maharashtra,Pune,IMD110-P1242,1964,0.0,0.0,2.1,3.9,13.4,183.0,284.0,333.2,239.6,73.9,30.9,0.0,1163.9,0.0,19.4,1039.7,104.8,1243,,PUNE,
Maharashtra,Pune,IMD110-P1242,1965,1.1,0.0,0.0,12.0,24.7,130.0,536.6,208.9,67.1,10.5,3.7,22.1,1016.8,1.1,36.7,942.6,36.3,1243,,PUNE,
Maharashtra,Pune,IMD110-P1242,1966,1.5,0.0,2.4,0.0,92.2,87.8,389.7,94.9,141.1,9.4,60.7,7.3,886.9,1.5,94.5,713.4,77.5,1243,,PUNE,
Maharashtra,Pune,IMD110-P1242,1967,0.0,0.0,0.0,23.6,14.5,98.8,525.7,167.5,138.2,44.8,1.5,66.0,1080.5,0.0,38.0,930.1,112.3,1243,,PUNE,
Maharashtra,Pune,IMD110-P1242,1968,0.7,1.3,1.7,10.1,0.3,138.0,363.9,182.7,180.5,68.7,17.2,0.1,965.3,2.0,12.1,865.1,86.0,1243,,PUNE,
Maharashtra,Pune,IMD110-P1242,1969,0.0,0.0,0.0,3.3,3.1,157.8,364.4,277.3,146.0,20.0,33.1,0.7,1005.8,0.0,6.4,945.5,53.9,1243,,PUNE,
Maharashtra,Pune,IMD110-P1242,1970,0.6,0.0,0.0,17.5,38.7,134.4,262.4,283.5,122.8,113.6,0.0,0.0,973.5,0.6,56.2,803.2,113.6,1243,,PUNE,
Maharashtra,Pune,IMD110-P1242,1971,0.0,0.0,0.0,0.0,41.9,288.7,260.9,395.9,250.2,46.1,0.0,0.0,1283.7,0.0,41.9,1195.7,46.1,1243,,PUNE,
Maharashtra,Pune,IMD110-P1242,1972,0.0,0.6,0.0,3.8,17.1,108.5,437.8,136.6,117.2,2.8,19.0,0.0,843.3,0.6,20.8,800.1,21.8,1243,,PUNE,
Maharashtra,Pune,IMD110-P1242,1973,0.0,0.2,3.5,5.4,4.3,159.4,505.4,289.3,228.6,137.6,2.2,0.0,1336.0,0.2,13.3,1182.7,139.8,1243,,PUNE,
Maharashtra,Pune,IMD110-P1242,1974,0.0,0.0,0.1,8.3,61.3,67.1,348.2,322.8,209.5,201.9,0.0,0.0,1219.2,0.0,69.7,947.6,201.9,1243,,PUNE,
Maharashtra,Pune,IMD110-P1242,1975,0.0,0.0,0.2,0.0,17.5,250.2,272.4,344.0,303.9,138.9,1.0,0.0,1328.2,0.0,17.7,1170.5,139.9,1243,,PUNE,
Maharashtra,Pune,IMD110-P1242,1976,0.0,0.0,1.4,0.3,2.3,388.9,508.9,364.1,118.3,21.4,54.8,0.0,1460.4,0.0,4.1,1380.2,76.2,1243,,PUNE,
Maharashtra,Pune,IMD110-P1242,1977,0.2,0.2,4.0,4.8,36.4,193.0,491.0,229.2,145.6,78.8,120.2,10.9,1314.3,0.4,45.2,1058.8,209.9,1243,,PUNE,
Maharashtra,Pune,IMD110-P1242,1978,0.5,5.2,4.3,28.2,39.9,226.0,223.8,294.9,140.1,53.5,73.6,1.3,1091.4,5.7,72.5,884.8,128.4,1243,,PUNE,
Maharashtra,Pune,IMD110-P1242,1979,0.3,0.0,3.0,0.1,4.7,214.4,311.6,529.4,327.2,30.1,65.5,0.0,1486.2,0.3,7.8,1382.6,95.5,1243,,PUNE,
Maharashtra,Pune,IMD110-P1242,1980,0.0,0.0,1.6,10.9,12.0,369.0,369.4,385.3,138.5,13.4,57.5,10.3,1368.1,0.0,24.6,1262.3,81.2,1243,,PUNE,
Maharashtra,Pune,IMD110-P1242,1981,12.7,0.1,1.6,2.7,5.0,169.6,275.5,172.6,231.0,57.1,3.4,0.3,931.7,12.9,9.3,848.7,60.8,1243,,PUNE,
Maharashtra,Pune,IMD110-P1242,1982,1.1,0.4,0.0,1.8,29.0,123.4,230.1,242.0,178.0,61.3,44.0,0.0,911.0,1.5,30.9,773.4,105.3,1244,,PUNE,
Maharashtra,Pune,IMD110-P1242,1983,0.0,0.0,0.0,0.0,0.2,107.0,223.0,402.3,260.8,34.7,0.2,0.3,1028.6,0.0,0.2,993.1,35.2,1244,,PUNE,
Maharashtra,Pune,IMD110-P1242,1984,0.0,12.5,0.3,1.4,0.0,185.8,386.7,149.8,164.1,130.7,11.8,2.8,1045.8,12.5,1.6,886.3,145.3,1244,,PUNE,
Maharashtra,Pune,IMD110-P1242,1985,0.0,1.8,0.9,1.2,3.0,110.1,153.8,101.2,49.9,109.8,12.2,0.1,544.1,1.8,5.1,415.0,122.2,1244,,PUNE,
Maharashtra,Pune,IMD110-P1242,1986,0.0,0.0,0.0,0.0,10.7,235.4,99.0,133.7,105.4,9.0,17.1,13.3,623.5,0.0,10.7,573.5,39.3,1244,,PUNE,
Maharashtra,Pune,IMD110-P1242,1987,0.9,0.5,0.1,3.6,51.6,98.9,144.1,223.0,58.3,143.6,14.4,38.3,777.4,1.4,55.3,524.4,196.4,1244,,PUNE,
Maharashtra,Pune,IMD110-P1242,1988,0.0,0.0,0.3,16.1,4.3,111.4,395.5,139.9,398.2,8.2,0.2,0.5,1074.6,0.0,20.6,1045.0,8.9,1244,,PUNE,
Maharashtra,Pune,IMD110-P1242,1989,0.0,0.0,9.6,4.2,10.9,168.3,338.1,167.2,244.8,33.2,0.0,0.0,976.2,0.0,24.7,918.3,33.2,1244,,PUNE,
Maharashtra,Pune,IMD110-P1242,1990,0.0,0.0,0.0,0.0,66.3,166.0,378.1,353.6,72.2,207.4,17.6,0.0,1261.2,0.0,66.3,969.9,225.0,1244,,PUNE,
Maharashtra,Pune,IMD110-P1242,1991,0.0,0.0,0.0,7.8,14.3,406.7,430.7,216.6,93.9,10.1,5.1,0.0,1185.1,0.0,22.1,1147.8,15.2,1244,,PUNE,
Maharashtra,Pune,IMD110-P1242,1992,0.0,0.0,0.0,0.2,0.9,128.6,258.3,376.4,187.4,37.0,5.6,0.0,994.3,0.0,1.1,950.7,42.6,1244,,PUNE,
Maharashtra,Pune,IMD110-P1242,1993,0.0,0.0,1.0,3.2,12.5,210.9,354.3,186.4,157.2,219.9,9.6,44.8,1199.8,0.0,16.6,908.8,274.3,1244,,PUNE,
Maharashtra,Pune,IMD110-P1242,1994,0.3,0.0,0.0,20.3,19.4,265.5,420.0,139.3,110.1,72.7,6.8,0.0,1054.6,0.3,39.7,934.9,79.6,1244,,PUNE,
Maharashtra,Pune,IMD110-P1242,1995,9.6,0.0,0.4,4.1,21.5,47.2,266.5,52.2,239.9,98.2,0.1,0.0,739.6,9.6,25.9,605.7,98.3,1244,,PUNE,
Maharashtra,Pune,IMD110-P1242,1996,0.0,0.0,0.0,0.2,2.0,265.4,424.3,209.5,167.8,204.9,2.2,0.7,1277.1,0.0,2.2,1067.0,207.8,1244,,PUNE,
Maharashtra,Pune,IMD110-P1242,1997,0.3,0.0,0.0,3.8,1.4,278.1,359.8,472.8,93.6,53.9,80.7,45.4,1389.9,0.3,5.2,1204.3,180.0,1244,,PUNE,
Maharashtra,Pune,IMD110-P1242,1998,0.0,0.0,0.0,3.6,3.9,121.1,265.7,217.2,231.7,186.3,30.0,0.0,1059.5,0.0,7.5,835.7,216.3,1244,,PUNE,
Maharashtra,Pune,IMD110-P1242,1999,0.0,0.0,0.0,0.0,7.2,212.4,255.9,76.2,160.7,185.2,0.0,0.0,897.6,0.0,7.2,705.2,185.2,1244,,PUNE,
Maharashtra,Pune,IMD110-P1242,2000,0.0,0.0,0.0,0.0,13.4,222.7,155.8,75.7,96.7,65.2,3.3,1.2,634.1,0.0,13.4,550.9,69.7,1244,,PUNE,
Maharashtra,Pune,IMD110-P1242,2001,1.2,0.0,0.0,0.8,3.5,127.4,245.8,133.9,131.7,117.0,9.3,0.0,770.6,1.2,4.3,638.8,126.3,1244,,PUNE,
Maharashtra,Pune,IMD110-P1242,2002,0.0,0.0,0.0,9.8,14.1,221.5,34.3,114.2,37.6,13.6,0.6,0.0,445.6,0.0,23.8,407.6,14.2,1244,,PUNE,
Maharashtra,Pune,IMD110-P1242,2003,0.0,0.4,0.0,0.1,0.0,180.3,154.3,108.5,74.2,29.1,0.3,0.0,547.2,0.4,0.1,517.3,29.3,1244,,PUNE,
Maharashtra,Pune,IMD110-P1242,2004,0.0,0.0,0.0,21.6,45.2,209.4,101.9,504.0,196.9,17.0,2.0,0.0,1097.9,0.0,66.7,1012.1,19.0,1244,,PUNE,
Maharashtra,Pune,IMD110-P1242,2005,6.2,0.0,0.0,4.1,4.1,334.9,503.4,329.9,352.4,82.5,0.0,0.0,1617.4,6.2,8.2,1520.6,82.5,1244,,PUNE,
Maharashtra,Pune,IMD110-P1242,2006,0.0,0.0,1.8,0.0,54.7,221.7,480.1,464.4,206.8,48.2,29.3,0.0,1507.1,0.0,56.6,1373.0,77.5,1244,,PUNE,
Maharashtra,Pune,IMD110-P1242,2007,0.0,0.0,0.0,0.9,0.6,321.9,321.9,256.8,148.5,0.2,1.5,0.0,1052.3,0.0,1.5,1049.1,1.7,1244,,PUNE,
Maharashtra,Pune,IMD110-P1242,2008,0.0,0.0,5.7,0.0,0.9,142.1,129.0,225.9,280.1,64.5,0.8,3.9,853.1,0.0,6.6,777.2,69.3,1244,,PUNE,
Maharashtra,Pune,IMD110-P1242,2009,0.0,0.0,0.7,0.4,0.7,66.1,350.5,153.0,137.1,109.6,154.2,0.0,972.2,0.0,1.8,706.6,263.9,1244,,PUNE,
Maharashtra,Pune,IMD110-P1242,2010,0.0,0.0,1.5,0.0,4.4,217.4,259.4,205.0,171.1,121.5,79.8,0.0,1060.2,0.0,5.9,852.9,201.3,1244,,PUNE,
Maharashtra,Raigad,IMD110-P1245,1901,9.0,0.0,0.0,13.5,9.5,588.4,1412.2,1122.2,125.6,53.7,1.1,0.0,3335.2,9.0,23.0,3248.4,54.8,1245,,RAIGAD,
Maharashtra,Raigad,IMD110-P1245,1902,0.0,0.0,0.0,0.0,0.1,227.9,893.8,701.5,678.7,49.8,29.9,31.0,2612.8,0.0,0.1,2501.9,110.7,1245,,RAIGAD,
Maharashtra,Raigad,IMD110-P1245,1903,0.0,0.0,0.3,0.0,189.4,339.4,1530.9,890.5,348.2,147.9,6.4,0.0,3452.9,0.0,189.7,3108.9,154.3,1245,,RAIGAD,
Maharashtra,Raigad,IMD110-P1245,1904,0.0,0.3,1.8,2.1,0.0,893.1,693.4,383.7,282.5,92.8,0.0,0.0,2349.7,0.3,3.9,2252.7,92.8,1245,,RAIGAD,
Maharashtra,Raigad,IMD110-P1245,1905,0.0,0.3,0.0,0.0,0.5,149.7,1048.5,365.5,245.6,40.7,14.0,0.0,1864.8,0.3,0.5,1809.2,54.8,1245,,RAIGAD,
Maharashtra,Raigad,IMD110-P1245,1906,0.0,1.3,0.0,0.0,0.4,552.8,1154.0,628.6,268.2,22.5,11.5,0.0,2639.2,1.3,0.4,2603.6,33.9,1245,,RAIGAD,
Maharashtra,Raigad,IMD110-P1245,1907,0.1,1.6,0.0,18.9,0.0,572.3,1320.3,1014.9,192.2,17.2,1.0,0.0,3138.4,1.7,18.9,3099.7,18.2,1245,,RAIGAD,
Maharashtra,Raigad,IMD110-P1245,1908,1.1,4.8,0.0,0.5,0.5,369.1,1473.1,819.5,293.5,15.1,2.6,0.0,2979.9,6.0,1.0,2955.3,17.7,1245,,RAIGAD,
Maharashtra,Raigad,IMD110-P1245,1909,0.0,0.0,0.0,0.6,2.1,767.0,1552.6,449.4,487.8,23.5,0.0,0.1,3283.1,0.0,2.7,3256.8,23.6,1245,,RAIGAD,
Maharashtra,Raigad,IMD110-P1245,1910,0.0,0.0,0.0,0.1,0.0,790.2,429.2,1107.8,463.8,169.0,25.7,0.0,2985.8,0.0,0.1,2791.0,194.7,1245,,RAIGAD,
Maharashtra,Raigad,IMD110-P1245,1911,0.5,0.0,0.0,0.0,1.7,509.2,509.1,1050.0,206.3,21.9,22.3,2.2,2323.1,0.5,1.7,2274.5,46.4,1245,,RAIGAD,
Maharashtra,Raigad,IMD110-P1245,1912,0.0,0.0,0.0,0.0,9.3,496.8,1451.0,648.9,162.2,90.6,97.1,0.0,2956.0,0.0,9.3,2759.0,187.7,1245,,RAIGAD,
Maharashtra,Raigad,IMD110-P1245,1913,0.0,0.0,0.0,4.6,4.4,1116.6,1380.4,328.2,225.9,100.8,0.0,0.0,3161.0,0.0,9.0,3051.1,100.8,1245,,RAIGAD,
Maharashtra,Raigad,IMD110-P1245,1914,0.0,0.5,0.2,0.0,0.0,705.2,1703.7,765.6,644.7,17.6,8.1,0.0,3845.7,0.5,0.2,3819.3,25.8,1245,,RAIGAD,
Maharashtra,Raigad,IMD110-P1245,1915,0.2,3.7,14.1,2.5,8.4,907.4,819.7,433.0,406.9,123.3,7.2,0.2,2726.4,4.0,25.0,2566.9,130.6,1245,,RAIGAD,
Maharashtra,Raigad,IMD110-P1245,1916,0.0,0.0,0.0,3.4,21.2,657.7,798.1,1165.5,587.2,250.7,41.8,0.2,3525.9,0.0,24.6,3208.5,292.7,1245,,RAIGAD,
Maharashtra,Raigad,IMD110-P1245,1917,0.0,16.1,0.1,0.3,19.4,800.8,774.7,1312.0,626.7,489.3,15.4,0.0,4054.9,16.1,19.8,3514.2,504.7,1245,,RAIGAD,
Maharashtra,Raigad,IMD110-P1245,1918,0.0,0.0,15.5,0.0,192.0,243.0,432.2,601.9,99.0,0.0,4.6,0.0,1588.2,0.0,207.4,1376.1,4.6,1245,,RAIGAD,
Maharashtra,Raigad,IMD110-P1245,1919,0.5,0.0,0.0,0.0,4.0,668.8,1313.0,946.5,355.1,111.8,16.2,0.3,3416.3,0.5,4.0,3283.3,128.4,1245,,RAIGAD,
Maharashtra,Raigad,IMD110-P1245,1920,19.2,2.7,0.0,0.7,0.8,435.7,1076.3,439.2,351.5,27.1,0.0,0.0,2353.1,21.9,1.6,2302.6,27.1,1245,,RAIGAD,
Maharashtra,Raigad,IMD110-P1245,1921,1.5,0.0,0.0,0.0,0.0,603.2,1383.5,971.3,696.7,53.3,4.0,0.0,3713.5,1.5,0.0,3654.7,57.3,1245,,RAIGAD,
Maharashtra,Raigad,IMD110-P1245,1922,0.0,0.0,0.0,5.3,6.5,700.1,1401.1,384.5,387.7,56.1,35.8,0.7,2977.8,0.0,11.8,2873.4,92.7,1245,,RAIGAD,
Maharashtra,Raigad,IMD110-P1245,1923,0.0,1.1,5.3,0.4,0.6,225.1,1843.1,607.4,369.9,2.6,0.0,0.0,3055.4,1.1,6.3,3045.4,2.6,1245,,RAIGAD,
Maharashtra,Raigad,IMD110-P1245,1924,0.0,0.0,0.4,0.0,0.0,329.8,865.2,903.2,315.7,8.7,3.1,0.0,2426.1,0.0,0.4,2413.9,11.8,1245,,RAIGAD,
Maharashtra,Raigad,IMD110-P1245,1925,0.0,0.0,8.3,0.7,92.0,829.5,712.0,455.0,175.6,59.5,18.5,0.0,2351.0,0.0,100.9,2172.1,78.0,1245,,RAIGAD,
Maharashtra,Raigad,IMD110-P1245,1926,26.5,0.0,0.0,0.0,0.0,172.1,1443.6,1392.3,593.8,20.6,0.0,0.0,3648.9,26.5,0.0,3601.7,20.7,1245,,RAIGAD,
Maharashtra,Raigad,IMD110-P1245,1927,0.0,0.4,0.7,0.0,0.1,868.4,1234.8,521.6,234.8,243.4,77.3,3.3,3184.8,0.4,0.8,2859.5,324.0,1245,,RAIGAD,
Maharashtra,Raigad,IMD110-P1245,1928,0.0,0.7,0.0,1.9,0.3,455.1,1296.9,1085.0,345.9,65.6,0.8,0.0,3252.2,0.7,2.2,3182.9,66.3,1245,,RAIGAD,
Maharashtra,Raigad,IMD110-P1245,1929,0.1,0.0,2.3,11.3,0.0,528.9,868.9,627.9,285.1,108.6,3.7,15.4,2452.4,0.1,13.6,2310.9,127.8,1245,,RAIGAD,
Maharashtra,Raigad,IMD110-P1245,1930,0.0,0.1,0.3,0.1,9.0,837.6,691.9,403.5,756.9,107.9,1.9,0.0,2809.1,0.1,9.3,2689.9,109.8,1245,,RAIGAD,
Maharashtra,Raigad,IMD110-P1245,1931,0.0,0.0,0.1,0.0,0.0,171.7,1807.2,1099.6,390.2,513.6,60.3,12.3,4055.0,0.0,0.1,3468.8,586.1,1245,,RAIGAD,
Maharashtra,Raigad,IMD110-P1245,1932,0.0,0.0,0.0,4.2,16.6,354.5,1203.7,492.4,467.5,275.5,4.1,9.8,2828.1,0.0,20.7,2518.1,289.3,1245,,RAIGAD,
Maharashtra,Raigad,IMD110-P1245,1933,0.0,0.0,0.2,0.0,75.8,703.4,896.8,1039.7,573.2,123.7,4.3,30.4,3447.5,0.0,76.1,3213.0,158.4,1245,,RAIGAD,
Maharashtra,Raigad,IMD110-P1245,1934,0.1,0.0,0.2,0.0,0.0,1060.7,840.6,960.1,318.1,38.0,85.0,0.0,3302.8,0.1,0.2,3179.5,123.0,1245,,RAIGAD,
Maharashtra,Raigad,IMD110-P1245,1935,0.0,0.0,0.0,0.0,0.0,656.3,934.7,582.9,524.7,57.9,9.0,0.0,2765.4,0.0,0.0,2698.5,66.9,1245,,RAIGAD,
Maharashtra,Raigad,IMD110-P1245,1936,0.0,0.0,0.0,0.0,2.7,962.5,620.5,557.3,448.7,14.3,61.6,0.0,2667.5,0.0,2.8,2588.9,75.8,1245,,RAIGAD,
Maharashtra,Raigad,IMD110-P1245,1937,0.0,6.0,0.1,16.9,0.1,721.3,1612.6,304.6,462.5,57.9,0.9,1.3,3184.3,6.0,17.1,3101.1,60.1,1245,,RAIGAD,
Maharashtra,Raigad,IMD110-P1245,1938,0.0,0.4,1.6,0.5,70.3,1158.6,915.4,729.3,262.8,511.1,14.6,0.0,3664.5,0.4,72.4,3066.0,525.7,1245,,RAIGAD,
Maharashtra,Raigad,IMD110-P1245,1939,0.3,0.0,0.6,3.4,0.0,239.2,1094.0,697.9,258.5,11.8,38.0,0.0,2343.8,0.3,4.0,2289.6,49.8,1245,,RAIGAD,
Maharashtra,Raigad,IMD110-P1245,1940,8.4,5.9,2.5,0.0,0.0,810.2,1144.5,982.3,412.6,174.1,14.7,0.0,3555.2,14.3,2.5,3349.6,188.8,1245,,RAIGAD,
Maharashtra,Raigad,IMD110-P1245,1941,4.2,0.1,0.0,0.4,0.0,457.5,813.0,288.4,185.6,47.5,0.0,0.0,1796.8,4.3,0.4,1744.6,47.5,1246,,RAIGAD,
Maharashtra,Raigad,IMD110-P1245,1942,0.0,0.0,0.0,0.3,0.0,794.1,1554.5,537.4,435.2,2.0,0.0,7.9,3331.4,0.0,0.3,3321.1,9.9,1246,,RAIGAD,
Maharashtra,Raigad,IMD110-P1245,1943,4.2,0.0,0.0,0.0,124.0,766.5,1510.0,297.4,526.5,162.8,26.8,0.0,3418.3,4.2,124.0,3100.5,189.6,1246,,RAIGAD,
Maharashtra,Raigad,IMD110-P1245,1944,0.6,0.0,0.0,0.1,1.0,361.1,1504.7,796.5,89.5,139.3,1.9,0.0,2894.7,0.6,1.1,2751.9,141.1,1246,,RAIGAD,
Maharashtra,Raigad,IMD110-P1245,1945,12.8,0.0,0.0,0.3,0.0,678.2,1385.3,985.2,296.2,40.5,2.0,0.0,3400.5,12.8,0.3,3344.9,42.5,1246,,RAIGAD,
Maharashtra,Raigad,IMD110-P1245,1946,0.0,0.0,0.0,1.4,16.3,634.0,1383.8,982.1,465.5,56.1,153.9,4.2,3697.3,0.0,17.7,3465.3,214.3,1246,,RAIGAD,
Maharashtra,Raigad,IMD110-P1245,1947,3.6,0.0,0.0,69.1,2.0,297.0,1137.2,1030.8,648.6,70.0,1.4,1.5,3261.3,3.6,71.1,3113.7,72.9,1246,,RAIGAD,
Maharashtra,Raigad,IMD110-P1245,1948,17.3,0.0,0.0,0.3,0.0,430.0,975.5,856.8,332.5,83.8,201.9,0.0,2898.0,17.3,0.3,2594.8,285.6,1246,,RAIGAD,
Maharashtra,Raigad,IMD110-P1245,1949,0.0,0.0,0.0,0.0,85.8,316.1,1170.1,751.2,997.1,108.7,0.4,0.0,3429.3,0.0,85.8,3234.5,109.1,1246,,RAIGAD,
Maharashtra,Raigad,IMD110-P1245,1950,0.0,0.1,0.1,0.2,3.9,254.0,1353.8,260.1,783.5,121.4,1.0,0.0,2777.9,0.1,4.2,2651.3,122.3,1246,,RAIGAD,
Maharashtra,Raigad,IMD110-P1245,1951,0.0,0.0,1.6,3.6,17.8,712.8,1115.0,578.6,103.1,179.4,55.5,0.0,2767.4,0.0,23.0,2509.5,234.9,1246,,RAIGAD,
Maharashtra,Raigad,IMD110-P1245,1952,0.0,0.0,0.0,0.0,0.3,544.5,1113.6,524.8,109.7,95.5,0.0,0.1,2388.4,0.0,0.3,2292.6,95.6,1246,,RAIGAD,
Maharashtra,Raigad,IMD110-P1245,1953,0.0,0.0,0.0,10.6,0.0,802.0,1182.4,827.4,222.6,118.7,0.0,0.0,3163.7,0.0,10.6,3034.3,118.7,1246,,RAIGAD,
Maharashtra,Raigad,IMD110-P1245,1954,0.0,1.4,0.3,1.9,2.4,545.2,1641.1,1088.4,972.0,42.0,0.3,5.9,4300.9,1.4,4.6,4246.7,48.2,1246,,RAIGAD,
Maharashtra,Raigad,IMD110-P1245,1955,0.0,0.0,2.8,11.8,12.7,615.3,899.1,1585.2,594.0,216.4,18.4,0.0,3955.8,0.0,27.3,3693.6,234.9,1246,,RAIGAD,
Maharashtra,Raigad,IMD110-P1245,1956,0.0,0.0,0.0,1.8,152.9,731.3,1533.5,874.9,584.4,210.1,34.3,0.0,4123.3,0.0,154.7,3724.2,244.5,1246,,RAIGAD,
Maharashtra,Raigad,IMD110-P1245,1957,0.0,0.0,0.0,0.0,41.2,513.0,1252.0,1220.3,107.0,56.6,35.3,0.4,3225.9,0.0,41.3,3092.3,92.3,1246,,RAIGAD,
Maharashtra,Raigad,IMD110-P1245,1958,0.8,0.0,0.7,5.3,21.8,1066.9,1382.2,1257.9,497.2,35.3,10.2,0.0,4278.1,0.8,27.7,4204.2,45.5,1246,,RAIGAD,
Maharashtra,Raigad,IMD110-P1245,1959,0.0,0.0,0.0,10.6,22.0,576.8,1634.0,872.0,703.3,229.0,15.3,0.0,4062.9,0.0,32.6,3786.0,244.3,1246,,RAIGAD,
Maharashtra,Raigad,IMD110-P1245,1960,0.0,0.0,0.0,0.0,33.4,988.0,1471.7,655.0,270.0,97.2,7.8,2.3,3525.3,0.0,33.4,3384.6,107.3,1246,,RAIGAD,
Maharashtra,Raigad,IMD110-P1245,1961,0.0,12.2,0.0,0.0,48.4,608.8,1885.6,838.7,508.2,345.9,0.6,0.0,4248.5,12.2,48.4,3841.3,346.5,1246,,RAIGAD,
Maharashtra,Raigad,IMD110-P1245,1962,0.7,0.0,0.3,0.5,78.0,364.3,1806.7,956.7,590.3,28.5,14.6,59.6,3900.0,0.7,78.7,3717.9,102.7,1246,,RAIGAD,
Maharashtra,Raigad,IMD110-P1245,1963,0.0,0.5,0.2,0.1,1.2,514.0,1465.8,1766.4,423.8,56.9,4.4,0.0,4233.3,0.5,1.5,4170.0,61.3,1246,,RAIGAD,
Maharashtra,Raigad,IMD110-P1245,1964,0.0,0.0,0.2,0.0,7.4,681.5,1025.7,1355.3,471.7,129.1,23.6,0.0,3694.5,0.0,7.7,3534.2,152.7,1246,,RAIGAD,
Maharashtra,Raigad,IMD110-P1245,1965,0.5,0.0,0.0,2.4,0.1,721.2,1805.3,759.3,132.9,7.9,0.6,3.2,3433.4,0.5,2.5,3418.8,11.7,1246,,RAIGAD,
Maharashtra,Raigad,IMD110-P1245,1966,0.0,0.0,0.0,0.0,18.0,383.0,1430.3,437.9,507.0,37.4,10.1,0.8,2824.5,0.0,18.0,2758.2,48.3,1246,,RAIGAD,
Maharashtra,Raigad,IMD110-P1245,1967,0.0,0.0,0.0,0.9,9.1,625.9,1425.6,572.0,301.5,81.3,0.0,31.0,3047.2,0.0,9.9,2925.0,112.3,1246,,RAIGAD,
Maharashtra,Raigad,IMD110-P1245,1968,0.0,0.0,0.3,1.9,0.0,743.9,1284.7,362.6,262.1,131.0,21.3,0.0,2807.8,0.0,2.2,2653.3,152.3,1246,,RAIGAD,
Maharashtra,Raigad,IMD110-P1245,1969,0.0,0.0,0.0,0.0,0.2,698.8,1461.6,681.2,468.6,20.5,12.7,0.1,3343.7,0.0,0.2,3310.2,33.3,1246,,RAIGAD,
Maharashtra,Raigad,IMD110-P1245,1970,0.0,0.0,0.0,0.5,22.9,956.2,1088.1,1427.6,403.1,110.8,0.0,0.9,4010.0,0.0,23.4,3875.0,111.7,1246,,RAIGAD,
Maharashtra,Raigad,IMD110-P1245,1971,0.0,0.0,0.0,0.0,64.1,882.7,776.5,818.0,445.2,71.9,0.0,0.0,3058.5,0.0,64.1,2922.4,71.9,1246,,RAIGAD,
Maharashtra,Raigad,IMD110-P1245,1972,0.0,0.4,0.0,0.6,0.3,595.0,878.0,357.4,169.0,2.0,17.3,0.0,2019.8,0.4,0.9,1999.4,19.2,1246,,RAIGAD,
Maharashtra,Raigad,IMD110-P1245,1973,0.0,2.0,0.0,0.1,0.7,376.5,1111.3,1041.3,565.2,157.7,0.5,0.0,3255.4,2.0,0.8,3094.4,158.2,1246,,RAIGAD,
Maharashtra,Raigad,IMD110-P1245,1974,0.0,0.0,0.0,16.3,69.2,295.5,1225.3,900.4,367.6,259.6,0.0,0.0,3133.9,0.0,85.5,2788.8,259.6,1246,,RAIGAD,
Maharashtra,Raigad,IMD110-P1245,1975,0.0,0.0,0.0,0.0,12.7,864.8,1069.1,1076.5,549.0,172.2,18.5,0.0,3762.7,0.0,12.7,3559.3,190.7,1246,,RAIGAD,
Maharashtra,Raigad,IMD110-P1245,1976,0.0,0.0,0.0,0.0,0.1,626.1,1499.2,756.3,524.4,25.7,72.8,0.0,3504.6,0.0,0.1,3405.9,98.6,1246,,RAIGAD,
Maharashtra,Raigad,IMD110-P1245,1977,0.0,0.0,0.3,1.5,4.3,509.4,1644.6,721.8,456.5,74.5,53.5,0.0,3466.3,0.0,6.1,3332.2,128.0,1246,,RAIGAD,
Maharashtra,Raigad,IMD110-P1245,1978,0.0,0.2,0.2,7.4,27.1,965.9,920.8,766.0,261.6,85.5,86.0,7.5,3128.1,0.2,34.7,2914.3,179.0,1246,,RAIGAD,
Maharashtra,Raigad,IMD110-P1245,1979,0.0,0.4,0.1,0.0,0.0,570.8,958.2,856.1,380.2,23.9,87.6,0.0,2877.3,0.4,0.1,2765.3,111.5,1246,,RAIGAD,
Maharashtra,Raigad,IMD110-P1245,1980,0.0,0.0,0.0,1.5,1.4,895.6,915.5,1037.9,184.7,28.3,23.9,32.4,3121.0,0.0,2.9,3033.6,84.5,1246,,RAIGAD,
Maharashtra,Raigad,IMD110-P1245,1981,0.0,0.0,0.0,0.0,0.0,553.3,1296.0,734.9,566.1,69.0,24.5,0.0,3243.9,0.0,0.0,3150.4,93.5,1246,,RAIGAD,
Maharashtra,Raigad,IMD110-P1245,1982,0.0,0.0,0.0,0.0,17.1,464.7,957.2,801.7,256.2,41.5,86.9,0.0,2625.3,0.0,17.1,2479.8,128.4,1247,,RAIGAD,
Maharashtra,Raigad,IMD110-P1245,1983,0.0,0.0,0.0,0.7,0.0,713.8,1165.5,1518.9,624.0,158.9,0.1,0.4,4182.4,0.0,0.7,4022.3,159.4,1247,,RAIGAD,
Maharashtra,Raigad,IMD110-P1245,1984,0.0,0.3,0.1,0.2,0.0,713.0,1423.3,445.5,319.3,64.0,0.0,0.0,2965.6,0.3,0.3,2901.1,64.0,1247,,RAIGAD,
Maharashtra,Raigad,IMD110-P1245,1985,0.0,0.0,0.0,0.0,8.1,942.5,1063.4,733.6,249.2,145.1,2.6,0.0,3144.5,0.0,8.1,2988.7,147.7,1247,,RAIGAD,
Maharashtra,Raigad,IMD110-P1245,1986,0.0,0.0,0.0,0.0,0.8,824.8,626.5,783.4,94.6,3.3,33.0,2.0,2368.3,0.0,0.8,2329.3,38.2,1247,,RAIGAD,
Maharashtra,Raigad,IMD110-P1245,1987,0.0,0.0,0.0,0.0,10.9,502.6,958.1,917.8,199.7,153.8,16.7,24.8,2784.4,0.0,10.9,2578.2,195.3,1247,,RAIGAD,
Maharashtra,Raigad,IMD110-P1245,1988,0.0,0.0,0.0,2.3,0.0,506.8,1608.1,624.7,744.7,52.2,0.0,0.0,3538.8,0.0,2.3,3484.3,52.2,1247,,RAIGAD,
Maharashtra,Raigad,IMD110-P1245,1989,0.1,0.0,0.6,0.0,0.1,661.8,1146.9,1007.8,312.1,88.4,3.1,0.0,3220.9,0.1,0.7,3128.6,91.5,1247,,RAIGAD,
Maharashtra,Raigad,IMD110-P1245,1990,0.0,0.0,0.4,0.0,161.5,959.9,1148.9,1546.6,441.2,262.4,9.2,0.0,4530.1,0.0,161.9,4096.7,271.6,1247,,RAIGAD,
Maharashtra,Raigad,IMD110-P1245,1991,0.0,0.0,0.2,7.7,3.1,901.5,1736.9,642.6,100.8,12.1,0.1,0.9,3405.7,0.0,10.9,3381.7,13.1,1247,,RAIGAD,
Maharashtra,Raigad,IMD110-P1245,1992,0.0,0.0,0.0,0.0,1.8,247.4,781.3,1411.5,416.1,86.0,0.0,0.0,2944.2,0.0,1.8,2856.3,86.0,1247,,RAIGAD,
Maharashtra,Raigad,IMD110-P1245,1993,0.0,0.0,3.1,0.0,1.1,658.7,1531.6,718.8,796.0,260.2,20.0,2.6,3992.1,0.0,4.2,3705.1,282.8,1247,,RAIGAD,
Maharashtra,Raigad,IMD110-P1245,1994,1.4,0.0,0.0,0.4,2.6,846.0,1346.1,635.2,468.8,90.1,4.6,0.0,3395.3,1.4,3.0,3296.2,94.7,1247,,RAIGAD,
Maharashtra,Raigad,IMD110-P1245,1995,3.3,0.0,0.0,2.9,5.2,198.8,1010.9,513.3,512.6,186.9,1.5,0.0,2435.4,3.3,8.1,2235.7,188.4,1247,,RAIGAD,
Maharashtra,Raigad,IMD110-P1245,1996,0.2,0.0,0.0,2.1,3.5,340.3,1314.6,687.8,359.0,289.1,0.5,0.0,2996.9,0.2,5.5,2701.6,289.6,1247,,RAIGAD,
Maharashtra,Raigad,IMD110-P1245,1997,3.6,0.0,2.0,2.9,0.0,681.9,1030.6,920.8,290.2,2.1,43.8,52.2,3030.0,3.6,4.9,2923.6,98.0,1247,,RAIGAD,
Maharashtra,Raigad,IMD110-P1245,1998,0.0,0.0,0.0,0.0,4.3,536.2,1081.1,856.8,582.4,289.4,47.1,0.1,3397.3,0.0,4.3,3056.5,336.5,1247,,RAIGAD,
Maharashtra,Raigad,IMD110-P1245,1999,0.0,0.0,0.0,0.0,44.1,908.9,1332.9,340.6,400.2,198.3,0.0,0.0,3225.0,0.0,44.1,2982.6,198.3,1247,,RAIGAD,
Maharashtra,Raigad,IMD110-P1245,2000,0.0,0.0,0.0,0.0,148.1,620.7,1208.0,954.4,98.1,40.2,0.0,22.5,3092.0,0.0,148.1,2881.2,62.7,1247,,RAIGAD,
Maharashtra,Raigad,IMD110-P1245,2001,3.1,0.0,0.0,0.3,28.9,476.9,901.6,586.3,221.1,77.2,0.0,0.0,2295.4,3.1,29.2,2185.8,77.2,1247,,RAIGAD,
Maharashtra,Raigad,IMD110-P1245,2002,0.0,0.0,0.0,0.1,1.9,661.7,490.8,922.4,244.7,30.8,1.4,0.7,2354.4,0.0,2.0,2319.5,33.0,1247,,RAIGAD,
Maharashtra,Raigad,IMD110-P1245,2003,0.2,1.5,0.0,0.0,53.3,964.8,988.9,599.1,372.5,33.8,0.1,0.0,3014.2,1.7,53.3,2925.3,33.9,1247,,RAIGAD,
Maharashtra,Raigad,IMD110-P1245,2004,0.0,0.0,0.0,49.7,0.0,578.0,1044.5,1241.9,383.1,25.7,8.5,0.0,3331.4,0.0,49.7,3247.5,34.1,1247,,RAIGAD,
Maharashtra,Raigad,IMD110-P1245,2005,4.5,0.0,0.0,0.0,0.0,711.1,1371.7,828.0,711.6,59.8,0.0,0.0,3686.8,4.5,0.0,3622.4,59.8,1247,,RAIGAD,
Maharashtra,Raigad,IMD110-P1245,2006,0.0,0.0,3.9,0.0,81.4,634.9,1382.1,1038.0,324.0,180.5,6.4,0.0,3651.3,0.0,85.4,3379.0,186.9,1247,,RAIGAD,
Maharashtra,Raigad,IMD110-P1245,2007,0.0,0.1,0.0,5.0,72.4,1076.0,978.0,1007.7,578.6,11.3,0.5,0.0,3729.7,0.1,77.4,3640.3,11.8,1247,,RAIGAD,
Maharashtra,Raigad,IMD110-P1245,2008,0.0,0.0,1.2,0.0,0.0,821.5,894.4,839.2,475.5,69.7,0.0,0.4,3101.8,0.0,1.2,3030.5,70.1,1247,,RAIGAD,
Maharashtra,Raigad,IMD110-P1245,2009,0.0,0.0,1.1,0.0,1.1,222.4,1116.5,256.7,351.4,219.1,113.3,0.0,2281.5,0.0,2.2,1946.9,332.4,1247,,RAIGAD,
Maharashtra,Raigad,IMD110-P1245,2010,0.1,0.0,0.0,0.1,1.0,502.0,1337.0,896.6,512.5,127.6,81.0,0.0,3457.9,0.1,1.0,3248.1,208.6,1247,,RAIGAD,
Maharashtra,Ratnagiri,IMD110-P1248,1901,0.9,0.2,1.6,50.9,23.2,825.4,1288.2,872.0,141.3,74.8,8.2,0.0,3286.6,1.2,75.6,3126.8,83.0,1248,,RATNAGIRI,
Maharashtra,Ratnagiri,IMD110-P1248,1902,1.4,0.0,0.0,0.0,2.9,545.7,1106.9,523.8,542.3,127.0,38.1,57.1,2945.2,1.4,2.9,2718.7,222.2,1248,,RATNAGIRI,
Maharashtra,Ratnagiri,IMD110-P1248,1903,0.0,0.0,0.0,0.1,150.3,547.5,1542.5,708.1,255.8,167.0,9.8,1.3,3382.4,0.0,150.4,3054.0,178.1,1248,,RATNAGIRI,
Maharashtra,Ratnagiri,IMD110-P1248,1904,0.0,0.0,0.3,1.3,2.2,1048.1,1023.3,433.8,267.7,137.5,0.0,0.0,2914.2,0.0,3.8,2772.9,137.5,1248,,RATNAGIRI,
Maharashtra,Ratnagiri,IMD110-P1248,1905,0.0,0.0,0.0,0.8,12.3,338.6,989.9,382.0,258.2,151.6,19.8,0.0,2153.2,0.0,13.1,1968.7,171.4,1248,,RATNAGIRI,
Maharashtra,Ratnagiri,IMD110-P1248,1906,10.5,0.0,0.0,0.0,0.6,649.2,1277.5,514.7,334.8,34.9,18.7,0.3,2841.3,10.5,0.6,2776.2,53.9,1248,,RATNAGIRI,
Maharashtra,Ratnagiri,IMD110-P1248,1907,0.5,0.0,0.0,34.7,0.0,632.9,1242.3,962.2,188.5,12.9,2.4,2.4,3078.9,0.5,34.7,3025.9,17.7,1248,,RATNAGIRI,
Maharashtra,Ratnagiri,IMD110-P1248,1908,0.8,0.6,0.0,3.3,2.3,570.8,1712.7,754.7,274.5,31.5,4.4,0.0,3355.4,1.3,5.5,3312.6,35.9,1248,,RATNAGIRI,
Maharashtra,Ratnagiri,IMD110-P1248,1909,0.4,0.0,0.3,0.0,7.8,888.8,1693.8,435.5,368.8,19.6,21.0,0.1,3436.1,0.4,8.1,3386.9,40.7,1248,,RATNAGIRI,
Maharashtra,Ratnagiri,IMD110-P1248,1910,0.0,0.0,0.0,0.0,1.5,1067.1,483.2,743.2,478.8,124.3,27.0,0.0,2925.1,0.0,1.5,2772.3,151.3,1248,,RATNAGIRI,
Maharashtra,Ratnagiri,IMD110-P1248,1911,0.0,0.0,0.0,0.0,8.1,649.3,722.0,740.5,205.5,61.0,16.6,8.9,2411.8,0.0,8.1,2317.3,86.4,1248,,RATNAGIRI,
Maharashtra,Ratnagiri,IMD110-P1248,1912,0.0,0.0,0.0,3.0,40.6,814.4,1460.9,705.3,185.2,87.0,157.3,0.0,3453.6,0.0,43.5,3165.7,244.3,1248,,RATNAGIRI,
Maharashtra,Ratnagiri,IMD110-P1248,1913,0.0,0.0,0.0,0.5,46.7,875.1,1177.4,329.9,173.9,103.1,3.6,0.0,2710.1,0.0,47.2,2556.3,106.6,1248,,RATNAGIRI,
Maharashtra,Ratnagiri,IMD110-P1248,1914,0.0,0.0,0.0,0.6,4.1,895.5,1519.2,991.7,581.8,40.0,9.0,1.9,4043.6,0.0,4.7,3988.1,50.8,1248,,RATNAGIRI,
Maharashtra,Ratnagiri,IMD110-P1248,1915,0.0,1.6,5.2,22.1,10.7,933.1,956.2,382.4,563.7,134.9,24.9,1.2,3035.8,1.6,37.9,2835.3,160.9,1248,,RATNAGIRI,
Maharashtra,Ratnagiri,IMD110-P1248,1916,0.0,0.0,0.0,1.5,55.8,1122.4,905.4,1059.2,732.7,209.8,153.4,0.0,4240.2,0.0,57.3,3819.7,363.2,1248,,RATNAGIRI,
Maharashtra,Ratnagiri,IMD110-P1248,1917,0.0,23.2,2.9,0.2,5.7,1067.7,848.4,856.3,587.4,280.9,35.9,0.0,3708.7,23.2,8.8,3359.8,316.9,1248,,RATNAGIRI,
Maharashtra,Ratnagiri,IMD110-P1248,1918,0.5,0.0,0.0,0.0,355.3,422.6,512.3,642.8,133.4,10.8,98.2,0.0,2175.8,0.5,355.3,1711.1,109.0,1248,,RATNAGIRI,
Maharashtra,Ratnagiri,IMD110-P1248,1919,0.6,0.0,0.1,0.0,22.1,749.4,1286.0,700.3,351.8,195.6,24.9,4.0,3334.8,0.6,22.2,3087.5,224.5,1248,,RATNAGIRI,
Maharashtra,Ratnagiri,IMD110-P1248,1920,5.9,0.3,0.0,9.7,0.8,470.2,870.7,408.7,164.2,87.6,3.1,0.0,2021.3,6.2,10.5,1913.9,90.7,1248,,RATNAGIRI,
Maharashtra,Ratnagiri,IMD110-P1248,1921,0.0,0.0,0.0,5.5,0.0,869.6,1012.2,688.7,427.8,86.8,18.5,0.0,3109.1,0.0,5.5,2998.3,105.3,1248,,RATNAGIRI,
Maharashtra,Ratnagiri,IMD110-P1248,1922,0.0,0.0,0.0,6.2,12.8,973.0,1525.3,383.4,246.3,57.1,97.4,0.0,3301.5,0.0,19.0,3128.0,154.6,1248,,RATNAGIRI,
Maharashtra,Ratnagiri,IMD110-P1248,1923,0.0,1.0,14.1,1.2,5.2,368.9,1987.3,526.9,298.2,11.9,0.0,0.1,3214.7,1.0,20.5,3181.3,11.9,1248,,RATNAGIRI,
Maharashtra,Ratnagiri,IMD110-P1248,1924,0.0,0.0,0.1,0.0,1.6,629.8,1184.7,611.9,363.5,38.4,9.4,0.0,2839.5,0.0,1.8,2789.9,47.8,1248,,RATNAGIRI,
Maharashtra,Ratnagiri,IMD110-P1248,1925,0.4,0.0,18.0,3.4,108.0,794.9,772.1,614.5,154.2,131.0,21.0,0.0,2617.4,0.4,129.3,2335.7,152.0,1248,,RATNAGIRI,
Maharashtra,Ratnagiri,IMD110-P1248,1926,26.3,0.0,0.0,0.0,2.3,408.4,1385.3,1410.0,430.5,81.3,3.4,0.0,3747.3,26.3,2.3,3634.1,84.7,1248,,RATNAGIRI,
Maharashtra,Ratnagiri,IMD110-P1248,1927,0.0,0.5,0.0,0.0,4.1,978.9,1315.8,504.8,294.2,226.2,106.5,0.6,3431.6,0.5,4.1,3093.6,333.3,1248,,RATNAGIRI,
Maharashtra,Ratnagiri,IMD110-P1248,1928,0.0,2.7,0.0,7.5,0.4,986.5,1330.6,1011.6,256.8,190.5,4.8,0.0,3791.3,2.7,7.9,3585.5,195.3,1248,,RATNAGIRI,
Maharashtra,Ratnagiri,IMD110-P1248,1929,1.0,0.0,0.8,18.9,5.3,975.6,983.1,578.1,269.8,189.2,13.8,10.6,3046.2,1.0,25.1,2806.5,213.6,1248,,RATNAGIRI,
Maharashtra,Ratnagiri,IMD110-P1248,1930,0.0,0.0,0.0,1.0,19.3,1356.6,868.2,534.5,589.5,174.7,20.3,0.2,3564.2,0.0,20.3,3348.7,195.2,1248,,RATNAGIRI,
Maharashtra,Ratnagiri,IMD110-P1248,1931,0.0,0.0,0.3,3.0,1.0,441.7,2438.6,1108.6,396.5,451.2,36.5,21.2,4898.6,0.0,4.3,4385.3,508.9,1248,,RATNAGIRI,
Maharashtra,Ratnagiri,IMD110-P1248,1932,0.0,0.0,0.0,5.6,73.9,494.7,1405.3,643.6,661.5,303.4,15.6,5.2,3608.8,0.0,79.5,3205.1,324.2,1248,,RATNAGIRI,
Maharashtra,Ratnagiri,IMD110-P1248,1933,0.0,0.0,0.1,12.2,165.9,1048.3,1144.7,873.9,531.3,254.2,30.8,38.8,4100.2,0.0,178.3,3598.2,323.7,1248,,RATNAGIRI,
Maharashtra,Ratnagiri,IMD110-P1248,1934,1.5,0.0,0.6,6.3,0.3,1259.0,1240.9,1260.3,416.1,89.5,56.3,0.0,4330.8,1.5,7.2,4176.2,145.8,1248,,RATNAGIRI,
Maharashtra,Ratnagiri,IMD110-P1248,1935,0.0,0.0,0.0,0.0,0.0,687.6,1116.4,522.9,524.0,77.8,19.7,0.1,2948.4,0.0,0.0,2850.8,97.6,1248,,RATNAGIRI,
Maharashtra,Ratnagiri,IMD110-P1248,1936,0.0,0.0,0.0,0.8,23.0,1262.3,861.3,794.8,438.1,73.0,77.9,0.0,3531.3,0.0,23.7,3356.6,151.0,1248,,RATNAGIRI,
Maharashtra,Ratnagiri,IMD110-P1248,1937,0.0,0.9,0.0,45.8,0.1,978.3,1732.7,290.4,382.9,208.0,3.1,1.0,3643.2,0.9,46.0,3384.3,212.1,1248,,RATNAGIRI,
Maharashtra,Ratnagiri,IMD110-P1248,1938,0.0,1.2,7.3,4.0,57.0,1492.8,1133.1,743.2,498.0,476.4,49.5,0.0,4462.7,1.2,68.3,3867.3,525.9,1248,,RATNAGIRI,
Maharashtra,Ratnagiri,IMD110-P1248,1939,0.0,0.0,0.6,9.9,0.0,809.6,1496.9,1093.7,311.0,67.5,27.8,0.0,3817.0,0.0,10.5,3711.1,95.3,1248,,RATNAGIRI,
Maharashtra,Ratnagiri,IMD110-P1248,1940,1.3,1.9,0.3,6.0,18.9,768.0,1416.0,1192.3,299.5,166.1,25.0,0.6,3896.0,3.2,25.1,3675.8,191.8,1248,,RATNAGIRI,
Maharashtra,Ratnagiri,IMD110-P1248,1941,46.5,0.0,0.3,2.5,3.7,948.1,747.6,391.4,208.3,97.5,0.0,6.8,2452.8,46.5,6.5,2295.4,104.4,1249,,RATNAGIRI,
Maharashtra,Ratnagiri,IMD110-P1248,1942,0.0,0.0,0.0,3.8,2.7,1350.0,1553.9,705.7,251.2,57.6,3.2,33.9,3961.9,0.0,6.4,3860.8,94.6,1249,,RATNAGIRI,
Maharashtra,Ratnagiri,IMD110-P1248,1943,2.2,0.0,0.3,0.0,234.6,911.4,1540.6,426.6,583.2,187.3,31.6,0.0,3917.8,2.2,234.9,3461.8,219.0,1249,,RATNAGIRI,
Maharashtra,Ratnagiri,IMD110-P1248,1944,0.0,0.0,2.8,0.0,27.4,665.5,1796.7,740.4,125.8,224.8,21.7,0.0,3605.1,0.0,30.2,3328.3,246.6,1249,,RATNAGIRI,
Maharashtra,Ratnagiri,IMD110-P1248,1945,4.2,0.0,0.0,1.0,2.3,851.1,1653.2,826.4,472.7,85.8,2.0,0.0,3898.7,4.2,3.3,3803.4,87.8,1249,,RATNAGIRI,
Maharashtra,Ratnagiri,IMD110-P1248,1946,0.0,0.0,0.0,29.5,40.5,1042.1,1397.5,1161.7,417.0,50.0,190.3,19.2,4347.8,0.0,70.0,4018.3,259.5,1249,,RATNAGIRI,
Maharashtra,Ratnagiri,IMD110-P1248,1947,10.0,0.0,8.7,67.6,18.1,544.6,1385.9,1119.4,580.5,78.0,2.3,3.5,3818.7,10.0,94.5,3630.4,83.8,1249,,RATNAGIRI,
Maharashtra,Ratnagiri,IMD110-P1248,1948,7.1,0.0,1.0,4.7,12.2,746.2,1406.7,1194.8,512.8,123.0,135.1,0.0,4143.7,7.1,18.0,3860.5,258.1,1249,,RATNAGIRI,
Maharashtra,Ratnagiri,IMD110-P1248,1949,0.0,0.0,0.5,2.4,164.5,611.8,1492.5,714.8,836.1,120.9,9.1,0.0,3952.7,0.0,167.5,3655.2,130.0,1249,,RATNAGIRI,
Maharashtra,Ratnagiri,IMD110-P1248,1950,0.0,0.0,0.6,0.1,15.9,477.7,1497.0,335.6,1001.6,202.4,8.4,0.0,3539.4,0.0,16.7,3311.9,210.8,1249,,RATNAGIRI,
Maharashtra,Ratnagiri,IMD110-P1248,1951,0.0,0.0,0.3,16.7,7.9,890.5,1429.8,497.3,170.0,293.3,38.9,0.0,3344.7,0.0,24.9,2987.7,332.1,1249,,RATNAGIRI,
Maharashtra,Ratnagiri,IMD110-P1248,1952,0.0,0.0,0.0,6.1,21.0,730.0,1018.3,567.4,84.4,186.4,0.0,1.1,2614.7,0.0,27.1,2400.1,187.5,1249,,RATNAGIRI,
Maharashtra,Ratnagiri,IMD110-P1248,1953,0.0,0.0,0.0,25.8,0.0,1126.6,1683.0,793.7,171.2,186.1,0.0,0.0,3986.3,0.0,25.8,3774.5,186.1,1249,,RATNAGIRI,
Maharashtra,Ratnagiri,IMD110-P1248,1954,0.1,0.0,4.7,7.9,5.0,557.2,1736.6,1149.4,649.9,44.9,0.0,20.0,4175.6,0.1,17.5,4093.1,64.9,1249,,RATNAGIRI,
Maharashtra,Ratnagiri,IMD110-P1248,1955,0.0,0.0,0.3,16.9,26.5,952.2,1325.8,1741.8,492.1,465.2,16.8,0.0,5037.4,0.0,43.6,4511.9,482.0,1249,,RATNAGIRI,
Maharashtra,Ratnagiri,IMD110-P1248,1956,0.0,0.0,0.0,7.0,201.9,926.8,1270.7,778.6,366.0,218.9,74.3,0.0,3844.3,0.0,208.9,3342.1,293.2,1249,,RATNAGIRI,
Maharashtra,Ratnagiri,IMD110-P1248,1957,0.0,0.0,0.0,3.7,49.3,667.0,1455.6,1147.2,117.1,133.1,91.2,2.3,3666.6,0.0,53.0,3387.0,226.6,1249,,RATNAGIRI,
Maharashtra,Ratnagiri,IMD110-P1248,1958,0.0,0.0,0.0,10.3,28.6,1276.6,1244.2,1386.9,328.5,66.4,12.0,0.8,4354.3,0.0,38.9,4236.1,79.2,1249,,RATNAGIRI,
Maharashtra,Ratnagiri,IMD110-P1248,1959,0.0,0.0,0.0,11.3,35.5,936.7,1284.3,699.7,568.4,158.2,41.4,0.0,3735.5,0.0,46.7,3489.1,199.6,1249,,RATNAGIRI,
Maharashtra,Ratnagiri,IMD110-P1248,1960,0.0,0.0,0.0,0.0,70.3,1224.6,1281.4,493.2,312.3,96.5,13.2,0.0,3491.5,0.0,70.3,3311.5,109.7,1249,,RATNAGIRI,
Maharashtra,Ratnagiri,IMD110-P1248,1961,0.0,0.0,0.0,0.3,118.6,867.7,1414.4,783.6,525.8,359.1,0.9,0.0,4070.6,0.0,119.0,3591.6,360.0,1249,,RATNAGIRI,
Maharashtra,Ratnagiri,IMD110-P1248,1962,0.0,0.0,0.0,2.3,118.1,506.3,1488.1,995.5,582.2,64.1,8.5,97.8,3863.0,0.0,120.4,3572.1,170.5,1249,,RATNAGIRI,
Maharashtra,Ratnagiri,IMD110-P1248,1963,0.0,0.1,0.0,1.0,3.5,706.7,1409.2,1718.1,296.2,105.7,10.5,0.0,4251.0,0.1,4.5,4130.2,116.2,1249,,RATNAGIRI,
Maharashtra,Ratnagiri,IMD110-P1248,1964,0.0,0.0,0.0,0.0,8.0,829.8,998.0,1319.9,420.3,252.6,20.5,0.0,3849.2,0.0,8.0,3568.1,273.2,1249,,RATNAGIRI,
Maharashtra,Ratnagiri,IMD110-P1248,1965,2.5,0.0,0.0,7.1,0.1,787.4,1350.8,584.8,117.6,8.1,0.4,75.7,2934.6,2.5,7.2,2840.7,84.2,1249,,RATNAGIRI,
Maharashtra,Ratnagiri,IMD110-P1248,1966,0.0,0.0,0.0,0.0,23.2,305.2,1034.6,176.8,410.1,42.7,151.5,0.0,2143.9,0.0,23.2,1926.7,194.2,1249,,RATNAGIRI,
Maharashtra,Ratnagiri,IMD110-P1248,1967,0.0,0.0,2.1,0.3,4.7,701.6,1042.7,476.0,474.2,129.4,0.0,11.8,2842.9,0.0,7.2,2694.5,141.2,1249,,RATNAGIRI,
Maharashtra,Ratnagiri,IMD110-P1248,1968,0.0,0.0,0.1,2.2,0.0,542.9,1036.2,303.6,254.4,126.7,3.9,0.0,2270.0,0.0,2.3,2137.1,130.6,1249,,RATNAGIRI,
Maharashtra,Ratnagiri,IMD110-P1248,1969,0.0,0.0,0.0,0.0,0.1,620.5,1534.5,624.3,625.5,48.6,38.7,0.0,3492.2,0.0,0.1,3404.8,87.3,1249,,RATNAGIRI,
Maharashtra,Ratnagiri,IMD110-P1248,1970,0.0,0.0,0.0,0.9,38.3,1068.5,1068.6,1242.2,288.6,77.2,0.0,0.0,3784.2,0.0,39.2,3667.8,77.2,1249,,RATNAGIRI,
Maharashtra,Ratnagiri,IMD110-P1248,1971,0.0,0.0,0.0,0.0,94.8,1071.2,703.5,469.5,291.9,45.3,0.0,0.0,2676.3,0.0,94.8,2536.2,45.3,1249,,RATNAGIRI,
Maharashtra,Ratnagiri,IMD110-P1248,1972,0.0,0.0,0.0,0.5,5.4,824.3,784.3,230.6,182.0,7.4,49.6,0.0,2084.3,0.0,5.9,2021.3,57.0,1249,,RATNAGIRI,
Maharashtra,Ratnagiri,IMD110-P1248,1973,0.0,0.0,0.0,0.1,2.0,515.0,975.7,1111.5,368.8,101.2,3.1,0.0,3077.4,0.0,2.2,2970.9,104.3,1249,,RATNAGIRI,
Maharashtra,Ratnagiri,IMD110-P1248,1974,0.0,0.0,0.0,3.7,89.1,810.8,1269.7,942.8,372.5,278.3,0.1,0.0,3767.0,0.0,92.8,3395.8,278.4,1249,,RATNAGIRI,
Maharashtra,Ratnagiri,IMD110-P1248,1975,0.0,0.0,0.0,0.3,9.1,877.1,1116.0,848.7,595.3,236.1,25.4,0.0,3708.1,0.0,9.5,3437.1,261.5,1249,,RATNAGIRI,
Maharashtra,Ratnagiri,IMD110-P1248,1976,0.0,0.0,0.0,0.0,7.6,706.3,1318.0,660.4,358.2,32.0,94.0,0.0,3176.5,0.0,7.6,3042.9,126.0,1249,,RATNAGIRI,
Maharashtra,Ratnagiri,IMD110-P1248,1977,0.0,0.0,1.5,3.6,11.0,540.0,1511.1,704.4,412.1,114.0,133.7,0.3,3431.7,0.0,16.1,3167.6,248.0,1249,,RATNAGIRI,
Maharashtra,Ratnagiri,IMD110-P1248,1978,0.0,0.0,0.0,9.0,100.8,1091.4,1189.5,811.2,330.2,63.3,60.3,4.2,3659.9,0.0,109.8,3422.3,127.8,1249,,RATNAGIRI,
Maharashtra,Ratnagiri,IMD110-P1248,1979,0.0,0.0,0.0,0.0,0.9,822.9,898.9,673.6,316.2,22.8,87.9,0.0,2823.1,0.0,0.9,2711.5,110.7,1249,,RATNAGIRI,
Maharashtra,Ratnagiri,IMD110-P1248,1980,0.0,0.0,0.0,2.4,1.1,1011.0,779.9,956.5,196.5,32.9,31.5,28.2,3040.0,0.0,3.5,2943.9,92.6,1249,,RATNAGIRI,
Maharashtra,Ratnagiri,IMD110-P1248,1981,0.0,0.0,0.0,0.0,0.1,900.9,1115.0,779.0,511.1,57.6,31.8,0.0,3395.5,0.0,0.1,3306.0,89.4,1249,,RATNAGIRI,
Maharashtra,Ratnagiri,IMD110-P1248,1982,0.0,0.0,0.0,0.0,8.1,577.0,1129.1,897.5,269.8,70.9,97.2,0.0,3049.4,0.0,8.1,2873.3,168.1,1250,,RATNAGIRI,
Maharashtra,Ratnagiri,IMD110-P1248,1983,0.0,0.0,0.0,0.0,0.0,917.0,1139.3,1502.6,794.9,53.7,5.8,0.1,4413.4,0.0,0.0,4353.8,59.6,1250,,RATNAGIRI,
Maharashtra,Ratnagiri,IMD110-P1248,1984,0.0,0.1,0.0,0.0,0.0,889.7,1173.6,488.7,242.7,120.1,0.8,0.0,2915.7,0.1,0.0,2794.7,120.9,1250,,RATNAGIRI,
Maharashtra,Ratnagiri,IMD110-P1248,1985,0.0,0.0,0.0,0.5,31.2,1327.8,1134.7,967.5,151.1,224.9,5.3,0.0,3842.8,0.0,31.7,3581.0,230.2,1250,,RATNAGIRI,
Maharashtra,Ratnagiri,IMD110-P1248,1986,0.0,0.0,0.0,0.0,2.3,978.8,481.4,810.7,79.8,36.9,61.4,0.0,2451.3,0.0,2.3,2350.7,98.3,1250,,RATNAGIRI,
Maharashtra,Ratnagiri,IMD110-P1248,1987,0.0,0.2,0.0,2.0,12.9,730.3,1082.5,911.7,225.7,245.1,32.5,8.9,3251.7,0.2,14.8,2950.3,286.5,1250,,RATNAGIRI,
Maharashtra,Ratnagiri,IMD110-P1248,1988,0.0,0.0,0.0,2.9,0.3,655.4,1523.0,790.5,749.5,89.8,0.1,0.0,3811.4,0.0,3.2,3718.4,89.9,1250,,RATNAGIRI,
Maharashtra,Ratnagiri,IMD110-P1248,1989,0.0,0.0,1.0,1.7,3.8,1065.5,1162.6,673.9,275.0,128.1,6.4,0.0,3318.1,0.0,6.5,3177.0,134.6,1250,,RATNAGIRI,
Maharashtra,Ratnagiri,IMD110-P1248,1990,0.0,0.0,0.0,0.0,219.9,915.5,941.0,1422.3,421.7,277.9,43.6,0.0,4242.0,0.0,219.9,3700.5,321.5,1250,,RATNAGIRI,
Maharashtra,Ratnagiri,IMD110-P1248,1991,0.0,0.0,0.0,2.8,10.8,894.2,1723.3,754.4,103.0,27.4,0.3,0.4,3516.4,0.0,13.6,3474.8,28.0,1250,,RATNAGIRI,
Maharashtra,Ratnagiri,IMD110-P1248,1992,0.0,0.0,0.0,0.0,0.3,490.1,1137.6,1217.1,330.4,120.3,0.5,0.0,3296.3,0.0,0.3,3175.2,120.8,1250,,RATNAGIRI,
Maharashtra,Ratnagiri,IMD110-P1248,1993,0.0,0.0,0.0,0.1,5.2,804.2,1694.7,893.3,635.2,231.6,7.9,2.1,4274.3,0.0,5.3,4027.5,241.5,1250,,RATNAGIRI,
Maharashtra,Ratnagiri,IMD110-P1248,1994,0.2,0.0,0.0,21.3,19.0,936.3,1103.7,618.4,473.1,197.7,0.9,0.0,3370.7,0.2,40.4,3131.6,198.6,1250,,RATNAGIRI,
Maharashtra,Ratnagiri,IMD110-P1248,1995,1.0,0.0,0.0,2.2,16.2,404.3,1287.2,735.1,550.8,265.3,1.1,0.0,3263.2,1.0,18.4,2977.4,266.3,1250,,RATNAGIRI,
Maharashtra,Ratnagiri,IMD110-P1248,1996,0.0,0.0,0.0,0.0,0.1,570.2,1408.2,677.2,296.5,249.3,0.2,0.1,3201.8,0.0,0.1,2952.2,249.6,1250,,RATNAGIRI,
Maharashtra,Ratnagiri,IMD110-P1248,1997,3.1,0.0,0.0,3.2,0.0,905.8,1223.6,857.2,213.6,35.0,21.0,80.5,3343.1,3.1,3.2,3200.3,136.5,1250,,RATNAGIRI,
Maharashtra,Ratnagiri,IMD110-P1248,1998,0.0,0.0,0.0,0.0,0.4,790.5,973.5,952.4,530.3,379.0,57.1,0.1,3683.3,0.0,0.4,3246.6,436.2,1250,,RATNAGIRI,
Maharashtra,Ratnagiri,IMD110-P1248,1999,0.0,0.0,0.0,0.0,92.7,1147.2,1157.6,304.6,292.5,169.9,0.0,0.0,3164.5,0.0,92.7,2901.9,169.9,1250,,RATNAGIRI,
Maharashtra,Ratnagiri,IMD110-P1248,2000,0.0,0.0,0.0,0.2,187.9,934.7,1046.1,980.9,68.7,136.3,4.1,3.5,3362.2,0.0,188.0,3030.3,143.9,1250,,RATNAGIRI,
Maharashtra,Ratnagiri,IMD110-P1248,2001,6.5,0.0,0.0,0.0,96.3,513.2,799.2,742.4,298.8,59.4,4.7,0.0,2520.6,6.5,96.3,2353.7,64.1,1250,,RATNAGIRI,
Maharashtra,Ratnagiri,IMD110-P1248,2002,0.0,0.0,0.2,0.1,8.2,1079.8,569.0,802.7,244.6,149.2,5.1,0.3,2859.3,0.0,8.5,2696.1,154.7,1250,,RATNAGIRI,
Maharashtra,Ratnagiri,IMD110-P1248,2003,0.2,0.9,0.0,0.0,0.0,879.9,1175.9,589.5,269.5,50.1,1.8,0.0,2967.8,1.1,0.0,2914.8,51.9,1250,,RATNAGIRI,
Maharashtra,Ratnagiri,IMD110-P1248,2004,0.0,0.0,0.0,0.0,90.9,956.0,977.4,920.4,299.0,43.2,1.5,0.0,3288.5,0.0,90.9,3152.9,44.7,1250,,RATNAGIRI,
Maharashtra,Ratnagiri,IMD110-P1248,2005,0.6,0.0,0.0,0.0,0.0,778.0,1379.4,919.1,648.9,88.3,0.0,0.0,3814.2,0.6,0.0,3725.3,88.3,1250,,RATNAGIRI,
Maharashtra,Ratnagiri,IMD110-P1248,2006,0.0,0.0,10.3,0.0,287.1,900.9,1226.3,897.0,594.8,182.4,65.4,0.0,4164.1,0.0,297.4,3619.0,247.8,1250,,RATNAGIRI,
Maharashtra,Ratnagiri,IMD110-P1248,2007,0.0,0.0,0.6,3.4,12.2,1227.3,884.5,1145.1,766.9,19.9,3.1,0.0,4063.0,0.0,16.3,4023.8,22.9,1250,,RATNAGIRI,
Maharashtra,Ratnagiri,IMD110-P1248,2008,0.0,0.0,33.4,0.0,11.6,931.5,669.3,867.1,714.8,61.3,0.0,4.1,3293.1,0.0,45.0,3182.8,65.4,1250,,RATNAGIRI,
Maharashtra,Ratnagiri,IMD110-P1248,2009,0.0,0.0,0.2,0.0,0.2,355.6,1448.0,417.8,540.9,297.0,126.0,0.0,3185.7,0.0,0.4,2762.3,423.0,1250,,RATNAGIRI,
Maharashtra,Ratnagiri,IMD110-P1248,2010,0.0,0.0,0.0,0.5,0.0,879.6,1776.4,774.5,639.9,231.2,99.4,0.0,4401.3,0.0,0.5,4070.3,330.5,1250,,RATNAGIRI,
Maharashtra,Sangli,IMD110-P1251,1901,12.4,0.4,15.8,93.5,69.5,39.9,99.5,105.9,113.2,99.9,13.3,1.2,664.6,12.8,178.8,358.6,114.4,1251,,SANGLI,
Maharashtra,Sangli,IMD110-P1251,1902,0.3,0.0,0.2,16.9,7.9,131.5,117.0,35.5,49.0,121.3,19.8,105.5,604.8,0.3,25.0,333.0,246.5,1251,,SANGLI,
Maharashtra,Sangli,IMD110-P1251,1903,1.3,0.0,0.0,7.9,64.0,74.7,193.4,82.0,124.3,107.7,26.9,12.5,694.7,1.3,71.9,474.4,147.1,1251,,SANGLI,
Maharashtra,Sangli,IMD110-P1251,1904,0.0,0.2,4.4,8.6,42.9,59.0,81.3,23.1,134.0,104.7,0.0,0.0,458.2,0.2,55.9,297.5,104.7,1251,,SANGLI,
Maharashtra,Sangli,IMD110-P1251,1905,0.0,0.0,0.0,8.5,76.1,68.7,80.4,68.3,24.2,116.3,8.5,0.0,450.9,0.0,84.5,241.6,124.8,1251,,SANGLI,
Maharashtra,Sangli,IMD110-P1251,1906,33.8,0.0,0.0,0.4,41.8,82.8,91.8,167.6,113.8,46.9,31.1,23.3,633.5,33.8,42.2,456.1,101.3,1251,,SANGLI,
Maharashtra,Sangli,IMD110-P1251,1907,0.0,0.0,0.9,72.2,3.0,81.8,172.7,167.9,243.0,3.9,5.4,3.6,754.4,0.0,76.1,665.4,12.9,1251,,SANGLI,
Maharashtra,Sangli,IMD110-P1251,1908,0.0,0.0,4.2,12.8,19.9,54.0,176.5,94.9,157.3,17.4,0.0,0.0,537.0,0.0,37.0,482.7,17.4,1251,,SANGLI,
Maharashtra,Sangli,IMD110-P1251,1909,0.0,0.1,1.0,0.6,64.1,91.3,175.0,41.6,87.9,60.1,10.6,0.0,532.4,0.1,65.6,395.9,70.7,1251,,SANGLI,
Maharashtra,Sangli,IMD110-P1251,1910,0.0,0.0,6.5,0.0,38.1,114.1,84.0,178.4,149.3,75.2,25.4,0.0,671.0,0.0,44.7,525.7,100.7,1251,,SANGLI,
Maharashtra,Sangli,IMD110-P1251,1911,0.0,0.0,19.9,0.3,42.8,94.5,131.9,68.2,22.8,71.4,15.2,6.6,473.7,0.0,63.0,317.4,93.2,1251,,SANGLI,
Maharashtra,Sangli,IMD110-P1251,1912,0.0,0.0,0.0,28.3,43.5,41.4,207.3,115.2,95.5,153.7,30.3,0.0,715.1,0.0,71.7,459.4,184.0,1251,,SANGLI,
Maharashtra,Sangli,IMD110-P1251,1913,0.0,0.0,0.0,26.8,67.6,160.0,97.8,47.6,55.8,89.8,1.1,4.0,550.5,0.0,94.4,361.2,94.9,1251,,SANGLI,
Maharashtra,Sangli,IMD110-P1251,1914,0.0,0.0,0.0,17.2,17.3,76.4,300.3,253.9,104.8,56.7,67.7,9.7,903.9,0.0,34.4,735.3,134.2,1251,,SANGLI,
Maharashtra,Sangli,IMD110-P1251,1915,0.9,1.1,1.4,21.9,30.2,159.9,245.7,36.4,208.3,58.4,55.5,19.6,839.3,2.0,53.6,650.2,133.5,1251,,SANGLI,
Maharashtra,Sangli,IMD110-P1251,1916,0.0,0.0,0.0,9.3,86.5,92.8,221.3,102.0,141.8,186.9,128.9,0.0,969.6,0.0,95.8,558.0,315.9,1251,,SANGLI,
Maharashtra,Sangli,IMD110-P1251,1917,0.0,17.6,12.9,20.1,7.7,182.8,47.3,86.8,106.3,169.2,66.2,0.0,716.8,17.6,40.6,423.2,235.4,1251,,SANGLI,
Maharashtra,Sangli,IMD110-P1251,1918,11.0,1.4,2.3,0.8,121.0,32.0,10.8,50.9,77.0,18.1,68.1,12.9,406.1,12.3,124.1,170.6,99.1,1251,,SANGLI,
Maharashtra,Sangli,IMD110-P1251,1919,0.1,0.0,0.4,1.3,79.6,97.4,72.9,62.2,206.1,70.3,34.3,10.8,635.2,0.1,81.3,438.6,115.3,1251,,SANGLI,
Maharashtra,Sangli,IMD110-P1251,1920,11.9,0.0,0.0,18.9,10.5,71.8,82.4,57.9,106.3,45.8,0.0,0.0,405.4,11.9,29.4,318.3,45.8,1251,,SANGLI,
Maharashtra,Sangli,IMD110-P1251,1921,0.0,0.0,0.8,30.1,9.7,63.0,124.9,63.9,31.6,128.3,44.7,0.0,496.9,0.0,40.6,283.4,173.0,1251,,SANGLI,
Maharashtra,Sangli,IMD110-P1251,1922,3.1,0.0,0.0,29.0,46.3,94.3,132.8,37.0,13.3,61.1,163.7,0.0,580.6,3.1,75.3,277.3,224.8,1251,,SANGLI,
Maharashtra,Sangli,IMD110-P1251,1923,1.6,2.4,53.5,4.4,30.5,35.9,138.0,32.6,85.1,13.4,0.0,0.3,397.8,4.0,88.4,291.7,13.7,1251,,SANGLI,
Maharashtra,Sangli,IMD110-P1251,1924,0.0,0.0,1.1,54.3,9.5,54.2,116.2,128.6,138.1,36.9,5.1,1.7,545.6,0.0,64.9,437.0,43.7,1251,,SANGLI,
Maharashtra,Sangli,IMD110-P1251,1925,0.0,0.0,9.5,2.8,53.2,67.7,96.9,29.4,94.9,93.0,18.1,0.9,466.5,0.0,65.5,288.9,112.1,1251,,SANGLI,
Maharashtra,Sangli,IMD110-P1251,1926,9.6,0.0,0.0,0.0,18.8,76.4,157.3,105.6,103.3,6.5,0.1,2.0,479.6,9.6,18.8,442.6,8.7,1251,,SANGLI,
Maharashtra,Sangli,IMD110-P1251,1927,0.0,0.0,1.7,4.0,41.2,133.9,129.9,23.8,165.9,22.1,81.1,0.0,603.8,0.0,47.0,453.6,103.3,1251,,SANGLI,
Maharashtra,Sangli,IMD110-P1251,1928,0.0,7.2,8.5,18.6,1.8,175.8,83.9,57.5,199.4,47.2,0.0,0.5,600.4,7.2,28.9,516.6,47.7,1251,,SANGLI,
Maharashtra,Sangli,IMD110-P1251,1929,0.0,1.9,1.0,42.2,8.9,72.4,100.5,18.8,181.6,146.5,7.1,1.0,581.9,1.9,52.0,373.4,154.6,1251,,SANGLI,
Maharashtra,Sangli,IMD110-P1251,1930,0.0,0.0,1.7,1.6,69.1,107.5,99.3,38.7,203.8,110.7,9.5,0.6,642.5,0.0,72.4,449.3,120.8,1251,,SANGLI,
Maharashtra,Sangli,IMD110-P1251,1931,0.0,0.0,2.7,53.1,7.8,116.5,162.2,68.9,127.7,76.9,99.5,34.6,749.9,0.0,63.6,475.4,210.9,1251,,SANGLI,
Maharashtra,Sangli,IMD110-P1251,1932,0.0,0.0,0.4,60.1,55.7,20.2,205.9,278.8,88.3,220.8,46.5,0.0,976.7,0.0,116.2,593.2,267.3,1251,,SANGLI,
Maharashtra,Sangli,IMD110-P1251,1933,0.0,1.5,6.3,15.2,138.4,83.8,119.7,138.8,108.7,179.4,52.0,26.7,870.6,1.5,159.9,451.1,258.1,1251,,SANGLI,
Maharashtra,Sangli,IMD110-P1251,1934,2.9,0.0,2.1,20.7,22.8,61.0,217.0,128.3,97.1,105.4,39.7,0.0,697.1,2.9,45.6,503.5,145.1,1251,,SANGLI,
Maharashtra,Sangli,IMD110-P1251,1935,0.1,0.0,0.0,10.7,3.2,80.2,103.1,185.7,33.2,168.8,18.0,15.9,618.8,0.1,13.9,402.2,202.7,1251,,SANGLI,
Maharashtra,Sangli,IMD110-P1251,1936,0.0,1.7,6.3,7.1,45.7,176.8,37.7,75.3,137.7,42.4,61.4,0.2,592.3,1.7,59.1,427.5,103.9,1251,,SANGLI,
Maharashtra,Sangli,IMD110-P1251,1937,0.0,1.5,7.7,120.6,7.9,75.2,147.2,37.2,145.7,100.8,0.0,6.2,650.0,1.5,136.2,405.3,107.0,1251,,SANGLI,
Maharashtra,Sangli,IMD110-P1251,1938,0.0,1.5,25.3,33.8,44.1,44.9,111.0,135.9,268.9,63.4,25.5,1.9,756.2,1.5,103.1,560.7,90.9,1251,,SANGLI,
Maharashtra,Sangli,IMD110-P1251,1939,0.0,0.0,4.6,5.1,7.4,127.4,214.7,127.4,74.8,81.4,42.3,0.0,685.2,0.0,17.2,544.3,123.7,1251,,SANGLI,
Maharashtra,Sangli,IMD110-P1251,1940,0.0,0.0,0.0,29.9,30.8,109.5,137.8,64.7,61.6,81.4,23.4,6.0,545.3,0.0,60.7,373.7,110.8,1251,,SANGLI,
Maharashtra,Sangli,IMD110-P1251,1941,62.1,1.1,2.3,16.3,18.3,119.6,175.9,54.3,87.2,83.5,0.0,1.8,622.3,63.1,36.9,436.9,85.3,1252,,SANGLI,
Maharashtra,Sangli,IMD110-P1251,1942,0.0,0.6,2.3,25.4,26.1,156.5,203.4,63.6,24.6,70.4,3.0,35.7,611.6,0.6,53.8,448.1,109.1,1252,,SANGLI,
Maharashtra,Sangli,IMD110-P1251,1943,0.2,0.0,2.1,23.6,114.8,71.0,178.5,44.2,77.7,188.6,47.4,0.0,748.2,0.2,140.5,371.4,236.0,1252,,SANGLI,
Maharashtra,Sangli,IMD110-P1251,1944,0.0,0.0,7.4,0.0,82.6,109.8,241.8,33.5,188.6,193.3,59.3,0.0,916.2,0.0,90.0,573.7,252.6,1252,,SANGLI,
Maharashtra,Sangli,IMD110-P1251,1945,0.4,0.0,0.0,11.3,16.8,88.1,181.3,94.0,46.7,39.7,4.8,0.0,483.1,0.4,28.1,410.2,44.5,1252,,SANGLI,
Maharashtra,Sangli,IMD110-P1251,1946,0.0,0.8,0.1,48.7,109.9,73.7,266.8,167.2,145.6,52.4,109.2,12.8,987.1,0.8,158.7,653.3,174.3,1252,,SANGLI,
Maharashtra,Sangli,IMD110-P1251,1947,32.8,0.7,8.0,17.7,69.7,34.8,144.5,222.5,59.6,22.9,12.3,4.9,630.3,33.4,95.4,461.3,40.1,1252,,SANGLI,
Maharashtra,Sangli,IMD110-P1251,1948,1.4,0.0,2.1,29.0,14.9,85.9,91.2,109.6,136.4,129.0,105.3,0.0,704.9,1.4,46.1,423.1,234.3,1252,,SANGLI,
Maharashtra,Sangli,IMD110-P1251,1949,0.0,0.0,6.9,25.8,89.9,69.6,77.1,99.4,194.8,71.0,7.0,0.0,641.4,0.0,122.6,440.9,77.9,1252,,SANGLI,
Maharashtra,Sangli,IMD110-P1251,1950,0.0,0.0,1.8,9.9,67.7,76.4,228.9,108.1,152.9,186.4,3.4,0.0,835.5,0.0,79.4,566.3,189.8,1252,,SANGLI,
Maharashtra,Sangli,IMD110-P1251,1951,0.0,0.0,0.0,23.0,54.5,91.9,137.9,40.2,81.0,85.9,13.1,0.0,527.5,0.0,77.4,351.0,99.0,1252,,SANGLI,
Maharashtra,Sangli,IMD110-P1251,1952,0.0,0.6,0.0,31.7,31.1,75.6,120.2,60.1,36.8,116.3,0.0,0.5,472.9,0.6,62.8,292.7,116.8,1252,,SANGLI,
Maharashtra,Sangli,IMD110-P1251,1953,0.0,0.0,0.0,63.9,8.6,115.8,188.2,118.5,106.8,185.5,0.0,0.0,787.5,0.0,72.5,529.4,185.5,1252,,SANGLI,
Maharashtra,Sangli,IMD110-P1251,1954,0.0,0.0,23.2,12.0,41.2,74.1,232.5,129.9,38.9,56.0,0.0,12.3,620.0,0.0,76.3,475.4,68.2,1252,,SANGLI,
Maharashtra,Sangli,IMD110-P1251,1955,0.0,0.0,17.8,32.2,62.1,98.6,70.1,100.6,188.9,196.6,31.5,0.0,798.4,0.0,112.1,458.2,228.2,1252,,SANGLI,
Maharashtra,Sangli,IMD110-P1251,1956,0.0,0.3,0.0,15.8,75.8,48.5,184.7,128.1,72.5,174.7,123.8,0.1,824.2,0.3,91.5,433.8,298.6,1252,,SANGLI,
Maharashtra,Sangli,IMD110-P1251,1957,0.2,0.0,2.0,52.5,58.5,114.7,102.3,62.9,115.5,133.2,28.3,0.0,670.1,0.2,113.0,395.4,161.6,1252,,SANGLI,
Maharashtra,Sangli,IMD110-P1251,1958,0.0,0.0,18.8,41.8,105.3,45.8,175.7,177.2,26.3,50.7,5.8,0.0,647.4,0.0,165.9,424.9,56.5,1252,,SANGLI,
Maharashtra,Sangli,IMD110-P1251,1959,0.0,0.0,0.0,59.5,88.2,468.8,352.5,138.2,289.4,94.1,115.3,0.0,1606.0,0.0,147.7,1248.9,209.4,1252,,SANGLI,
Maharashtra,Sangli,IMD110-P1251,1960,0.0,0.0,17.0,29.1,97.8,54.3,175.9,49.5,269.7,26.2,42.8,0.9,763.3,0.0,143.9,549.4,69.9,1252,,SANGLI,
Maharashtra,Sangli,IMD110-P1251,1961,0.0,0.0,0.1,34.7,199.2,95.3,331.9,60.8,47.0,121.4,3.4,0.0,893.8,0.0,234.0,535.0,124.8,1252,,SANGLI,
Maharashtra,Sangli,IMD110-P1251,1962,0.0,0.0,4.0,10.5,95.5,30.6,179.4,126.1,137.6,76.3,18.2,54.0,732.2,0.0,109.9,473.7,148.5,1252,,SANGLI,
Maharashtra,Sangli,IMD110-P1251,1963,0.0,22.0,21.2,37.9,71.8,74.8,147.6,178.5,52.7,186.0,6.4,0.0,799.0,22.0,131.0,453.5,192.4,1252,,SANGLI,
Maharashtra,Sangli,IMD110-P1251,1964,0.0,0.0,13.8,26.5,5.8,76.8,158.4,164.0,248.0,115.9,23.5,5.6,838.4,0.0,46.1,647.3,145.0,1252,,SANGLI,
Maharashtra,Sangli,IMD110-P1251,1965,0.3,0.0,0.0,32.5,35.4,53.9,192.5,84.3,70.4,36.6,2.4,71.9,580.0,0.3,67.8,401.1,110.9,1252,,SANGLI,
Maharashtra,Sangli,IMD110-P1251,1966,0.1,0.0,3.8,1.8,213.7,91.8,216.3,23.6,102.6,37.4,191.8,19.2,902.3,0.1,219.4,434.3,248.5,1252,,SANGLI,
Maharashtra,Sangli,IMD110-P1251,1967,0.0,0.0,3.8,33.7,13.6,119.6,288.4,84.1,140.9,91.9,9.9,20.9,806.8,0.0,51.0,633.0,122.8,1252,,SANGLI,
Maharashtra,Sangli,IMD110-P1251,1968,3.6,0.0,17.4,19.9,10.1,78.3,77.7,33.4,232.9,107.4,8.9,0.0,589.4,3.6,47.3,422.2,116.3,1252,,SANGLI,
Maharashtra,Sangli,IMD110-P1251,1969,0.0,0.0,2.2,20.1,14.1,57.0,157.4,339.0,142.2,44.6,19.5,4.3,800.3,0.0,36.3,695.6,68.4,1252,,SANGLI,
Maharashtra,Sangli,IMD110-P1251,1970,0.3,0.0,0.0,21.5,50.8,103.1,171.5,170.4,107.6,116.4,0.0,0.0,741.6,0.3,72.3,552.5,116.4,1252,,SANGLI,
Maharashtra,Sangli,IMD110-P1251,1971,0.0,0.0,0.1,26.9,66.2,144.1,60.3,117.4,123.1,72.4,0.0,0.0,610.6,0.0,93.2,444.9,72.4,1252,,SANGLI,
Maharashtra,Sangli,IMD110-P1251,1972,0.0,0.0,0.0,13.5,23.5,48.4,115.0,8.4,132.2,17.0,12.7,0.0,370.7,0.0,37.0,304.0,29.7,1252,,SANGLI,
Maharashtra,Sangli,IMD110-P1251,1973,0.0,0.0,0.1,1.5,37.1,103.8,182.6,128.2,73.5,171.3,3.8,0.4,702.2,0.0,38.8,488.0,175.4,1252,,SANGLI,
Maharashtra,Sangli,IMD110-P1251,1974,0.0,0.0,9.2,38.2,72.4,63.0,95.2,103.3,227.2,172.7,0.4,0.0,781.6,0.0,119.7,488.7,173.1,1252,,SANGLI,
Maharashtra,Sangli,IMD110-P1251,1975,0.0,0.0,0.0,12.1,20.2,160.6,229.6,118.4,292.9,275.6,12.9,0.0,1122.3,0.0,32.3,801.5,288.5,1252,,SANGLI,
Maharashtra,Sangli,IMD110-P1251,1976,0.0,0.0,20.6,13.9,11.4,230.7,118.6,107.2,77.4,41.9,66.7,3.6,692.0,0.0,45.9,533.9,112.2,1252,,SANGLI,
Maharashtra,Sangli,IMD110-P1251,1977,0.0,0.0,8.2,29.1,71.7,204.8,131.2,72.4,67.2,123.8,87.1,0.0,795.5,0.0,109.0,475.6,210.9,1252,,SANGLI,
Maharashtra,Sangli,IMD110-P1251,1978,0.0,3.6,0.0,38.8,48.8,119.3,115.1,135.9,136.4,108.5,45.8,0.0,752.0,3.6,87.5,506.6,154.3,1252,,SANGLI,
Maharashtra,Sangli,IMD110-P1251,1979,0.0,0.0,0.0,5.5,29.9,120.5,92.7,184.0,358.8,59.7,81.9,0.0,933.0,0.0,35.4,756.0,141.7,1252,,SANGLI,
Maharashtra,Sangli,IMD110-P1251,1980,0.0,0.0,0.0,59.5,26.3,175.7,132.1,111.1,102.8,21.2,57.8,14.7,701.3,0.0,85.8,521.7,93.7,1252,,SANGLI,
Maharashtra,Sangli,IMD110-P1251,1981,6.0,0.0,1.5,30.4,18.9,153.4,90.7,63.0,384.8,45.1,28.3,0.0,822.2,6.0,50.9,691.8,73.4,1252,,SANGLI,
Maharashtra,Sangli,IMD110-P1251,1982,0.0,0.0,0.0,8.5,112.3,89.5,90.0,73.7,114.1,68.7,43.1,0.0,599.9,0.0,120.8,367.3,111.8,1253,,SANGLI,
Maharashtra,Sangli,IMD110-P1251,1983,0.0,0.0,0.0,0.0,5.5,122.7,75.3,108.7,113.5,17.7,16.3,6.4,466.2,0.0,5.5,420.3,40.4,1253,,SANGLI,
Maharashtra,Sangli,IMD110-P1251,1984,0.0,21.9,16.0,11.3,1.1,34.2,123.4,48.0,106.2,84.8,3.0,1.1,450.9,21.9,28.4,311.7,89.0,1253,,SANGLI,
Maharashtra,Sangli,IMD110-P1251,1985,0.9,0.0,5.7,20.2,18.2,69.4,82.2,65.4,64.1,88.8,1.9,0.0,416.8,0.9,44.1,281.2,90.7,1253,,SANGLI,
Maharashtra,Sangli,IMD110-P1251,1986,7.0,0.0,0.0,8.3,14.4,147.3,34.8,67.7,104.9,8.0,32.5,1.6,426.6,7.0,22.7,354.7,42.2,1253,,SANGLI,
Maharashtra,Sangli,IMD110-P1251,1987,3.8,0.0,1.2,10.6,74.8,96.7,82.5,117.6,108.8,116.9,42.1,32.4,687.3,3.8,86.5,405.6,191.4,1253,,SANGLI,
Maharashtra,Sangli,IMD110-P1251,1988,0.0,0.0,0.8,39.7,30.5,65.7,143.2,140.0,253.9,25.8,2.8,13.6,715.9,0.0,70.9,602.8,42.2,1253,,SANGLI,
Maharashtra,Sangli,IMD110-P1251,1989,0.0,0.0,0.0,7.9,5.4,99.7,165.9,31.2,179.3,0.0,0.0,0.0,489.4,0.0,13.3,476.1,0.0,1253,,SANGLI,
Maharashtra,Sangli,IMD110-P1251,1990,3.3,0.4,0.0,0.0,118.5,147.0,109.7,119.0,24.2,137.4,21.1,0.0,680.5,3.7,118.5,399.9,158.5,1253,,SANGLI,
Maharashtra,Sangli,IMD110-P1251,1991,0.0,0.0,0.1,32.4,100.9,323.1,198.6,74.1,88.5,65.5,1.6,0.0,884.9,0.0,133.5,684.4,67.1,1253,,SANGLI,
Maharashtra,Sangli,IMD110-P1251,1992,0.0,0.0,0.0,1.0,18.9,97.0,97.3,102.4,95.3,70.5,12.5,0.0,495.0,0.0,19.9,392.1,83.0,1253,,SANGLI,
Maharashtra,Sangli,IMD110-P1251,1993,0.0,0.0,4.4,21.7,17.8,159.9,127.7,151.1,52.0,264.3,16.6,20.7,836.2,0.0,43.9,490.7,301.6,1253,,SANGLI,
Maharashtra,Sangli,IMD110-P1251,1994,2.6,0.0,0.1,53.5,59.1,185.0,165.9,73.4,24.1,139.6,1.1,0.0,704.4,2.6,112.7,448.4,140.7,1253,,SANGLI,
Maharashtra,Sangli,IMD110-P1251,1995,44.3,0.0,3.0,10.4,52.8,56.3,126.2,47.0,189.0,209.5,10.8,0.0,749.2,44.3,66.2,418.5,220.3,1253,,SANGLI,
Maharashtra,Sangli,IMD110-P1251,1996,0.0,0.0,0.0,7.2,27.3,136.9,145.2,89.2,130.9,215.1,3.3,0.0,755.1,0.0,34.5,502.2,218.4,1253,,SANGLI,
Maharashtra,Sangli,IMD110-P1251,1997,8.1,0.0,12.0,15.7,14.1,127.6,107.4,143.3,72.7,77.4,56.1,34.1,668.4,8.1,41.8,451.0,167.6,1253,,SANGLI,
Maharashtra,Sangli,IMD110-P1251,1998,0.0,0.0,0.0,0.0,39.9,88.6,182.6,117.9,130.8,196.3,10.6,0.0,766.8,0.0,39.9,519.9,206.9,1253,,SANGLI,
Maharashtra,Sangli,IMD110-P1251,1999,0.0,0.2,0.0,0.0,45.6,103.1,96.8,43.6,136.8,196.0,0.0,0.0,622.1,0.2,45.6,380.3,196.0,1253,,SANGLI,
Maharashtra,Sangli,IMD110-P1251,2000,1.2,0.0,0.3,9.2,28.2,98.1,89.5,123.6,153.5,67.2,0.0,0.0,570.7,1.2,37.7,464.6,67.2,1253,,SANGLI,
Maharashtra,Sangli,IMD110-P1251,2001,2.2,0.0,0.0,4.0,13.4,52.8,75.7,,,162.1,1.9,0.0,,2.2,17.4,,163.9,1253,missing_months,SANGLI,
Maharashtra,Sangli,IMD110-P1251,2002,0.9,0.2,0.0,12.9,28.0,114.8,22.4,68.5,46.7,91.2,4.6,0.0,390.1,1.1,40.8,252.4,95.8,1253,,SANGLI,
Maharashtra,Sangli,IMD110-P1251,2003,0.0,12.1,0.0,5.2,25.2,56.6,37.7,36.3,35.9,79.0,6.7,0.0,294.7,12.1,30.4,166.4,85.8,1253,,SANGLI,
Maharashtra,Sangli,IMD110-P1251,2004,0.0,0.0,0.0,0.0,101.4,200.7,41.9,98.7,153.9,45.8,0.0,0.0,642.5,0.0,101.4,495.3,45.8,1253,,SANGLI,
Maharashtra,Sangli,IMD110-P1251,2005,0.8,0.2,0.2,0.0,0.3,108.1,180.3,178.0,169.6,63.0,0.0,0.0,700.6,1.0,0.5,636.1,63.0,1253,,SANGLI,
Maharashtra,Sangli,IMD110-P1251,2006,0.0,0.0,11.9,0.4,89.5,195.5,174.9,144.8,154.4,100.9,32.0,0.0,904.3,0.0,101.7,669.6,132.9,1253,,SANGLI,
Maharashtra,Sangli,IMD110-P1251,2007,0.0,0.0,0.0,3.2,6.6,274.8,106.1,145.9,120.5,9.7,1.1,0.0,667.8,0.0,9.8,647.2,10.8,1253,,SANGLI,
Maharashtra,Sangli,IMD110-P1251,2008,0.0,0.0,54.9,2.9,2.3,64.0,29.9,129.0,177.2,94.7,0.0,0.1,555.1,0.0,60.1,400.2,94.8,1253,,SANGLI,
Maharashtra,Sangli,IMD110-P1251,2009,0.0,0.0,1.5,0.0,45.3,54.8,151.4,108.2,185.3,112.0,83.9,0.8,743.2,0.0,46.8,499.7,196.7,1253,,SANGLI,
Maharashtra,Sangli,IMD110-P1251,2010,0.0,0.0,0.0,18.7,3.9,170.6,147.5,116.0,140.0,87.5,66.3,1.3,751.8,0.0,22.6,574.1,155.0,1253,,SANGLI,
Maharashtra,Satara,IMD110-P1254,1901,14.2,1.0,14.1,73.9,58.5,136.7,417.7,374.7,126.8,74.3,10.7,0.0,1302.8,15.3,146.5,1055.9,85.1,1254,,SATARA,
Maharashtra,Satara,IMD110-P1254,1902,9.7,0.0,0.0,0.6,22.9,160.5,421.5,164.6,164.4,88.3,35.6,96.9,1165.1,9.7,23.6,911.0,220.8,1254,,SATARA,
Maharashtra,Satara,IMD110-P1254,1903,0.4,0.0,0.0,5.5,104.4,129.3,545.0,225.4,138.8,76.4,28.5,0.3,1254.0,0.4,109.9,1038.4,105.2,1254,,SATARA,
Maharashtra,Satara,IMD110-P1254,1904,0.5,3.1,0.8,7.7,27.2,213.9,261.9,140.0,145.8,140.7,0.0,0.0,941.6,3.6,35.6,761.7,140.7,1254,,SATARA,
Maharashtra,Satara,IMD110-P1254,1905,0.0,2.4,0.0,0.8,48.2,67.6,489.8,160.6,61.2,116.9,17.5,0.0,964.9,2.4,49.1,779.1,134.4,1254,,SATARA,
Maharashtra,Satara,IMD110-P1254,1906,12.3,0.0,0.0,0.0,20.0,227.2,359.4,251.4,152.9,21.0,27.0,19.1,1090.3,12.3,20.0,990.8,67.2,1254,,SATARA,
Maharashtra,Satara,IMD110-P1254,1907,0.0,0.6,6.9,97.2,0.0,211.5,471.3,530.4,161.9,7.3,6.5,4.6,1498.2,0.6,104.1,1375.1,18.4,1254,,SATARA,
Maharashtra,Satara,IMD110-P1254,1908,0.0,0.2,6.3,22.0,14.9,117.8,620.2,372.9,246.9,14.4,8.9,0.0,1424.5,0.2,43.2,1357.8,23.3,1254,,SATARA,
Maharashtra,Satara,IMD110-P1254,1909,1.6,0.0,0.9,0.4,44.8,266.2,584.2,135.9,175.5,49.3,2.2,0.1,1261.1,1.6,46.1,1161.8,51.6,1254,,SATARA,
Maharashtra,Satara,IMD110-P1254,1910,0.0,0.0,0.0,0.0,29.4,267.5,312.3,482.6,205.5,95.7,25.4,0.0,1418.5,0.0,29.4,1268.0,121.1,1254,,SATARA,
Maharashtra,Satara,IMD110-P1254,1911,0.1,0.0,3.0,0.0,28.1,236.4,185.3,293.6,66.4,42.0,39.5,6.7,901.0,0.1,31.1,781.6,88.2,1254,,SATARA,
Maharashtra,Satara,IMD110-P1254,1912,0.5,0.0,0.0,11.8,37.0,131.8,659.9,287.8,67.2,152.9,73.8,0.0,1422.7,0.5,48.8,1146.6,226.8,1254,,SATARA,
Maharashtra,Satara,IMD110-P1254,1913,0.0,0.0,0.0,18.7,44.5,408.8,360.8,152.2,92.3,61.2,0.7,0.4,1139.6,0.0,63.2,1014.2,62.3,1254,,SATARA,
Maharashtra,Satara,IMD110-P1254,1914,0.0,0.0,0.3,1.9,10.8,155.9,733.4,465.0,238.0,24.5,30.7,4.7,1665.2,0.0,13.0,1592.3,59.9,1254,,SATARA,
Maharashtra,Satara,IMD110-P1254,1915,8.5,0.0,4.6,36.1,5.6,338.9,375.8,188.8,298.4,55.4,47.7,18.0,1377.9,8.5,46.3,1201.9,121.2,1254,,SATARA,
Maharashtra,Satara,IMD110-P1254,1916,0.0,0.0,1.1,11.6,76.9,209.8,281.8,312.6,191.0,161.6,74.6,0.7,1321.7,0.0,89.6,995.2,236.9,1254,,SATARA,
Maharashtra,Satara,IMD110-P1254,1917,0.7,21.5,8.3,12.1,9.8,302.4,205.1,276.3,187.2,165.7,68.9,0.0,1258.1,22.2,30.3,971.0,234.7,1254,,SATARA,
Maharashtra,Satara,IMD110-P1254,1918,6.3,0.9,4.8,0.0,113.9,62.0,122.7,203.7,62.6,18.6,65.0,3.6,664.1,7.2,118.7,451.0,87.2,1254,,SATARA,
Maharashtra,Satara,IMD110-P1254,1919,2.4,0.0,2.7,3.6,74.3,191.4,337.3,306.4,264.3,47.8,21.1,1.4,1252.8,2.4,80.6,1099.4,70.4,1254,,SATARA,
Maharashtra,Satara,IMD110-P1254,1920,17.7,0.2,0.0,33.7,8.2,269.7,453.7,158.7,137.0,49.5,0.0,0.0,1128.4,17.8,42.0,1019.1,49.5,1254,,SATARA,
Maharashtra,Satara,IMD110-P1254,1921,0.7,0.0,0.9,12.1,0.0,93.4,537.5,252.3,130.8,104.1,19.2,0.0,1150.9,0.7,13.0,1014.0,123.3,1254,,SATARA,
Maharashtra,Satara,IMD110-P1254,1922,3.2,1.8,0.0,28.5,40.5,282.1,490.2,176.5,107.4,49.7,268.8,0.0,1448.8,5.1,69.0,1056.2,318.6,1254,,SATARA,
Maharashtra,Satara,IMD110-P1254,1923,0.9,2.4,40.1,11.9,8.1,50.2,482.5,295.2,143.2,18.6,0.0,2.5,1055.6,3.3,60.1,971.1,21.2,1254,,SATARA,
Maharashtra,Satara,IMD110-P1254,1924,0.1,0.0,5.3,36.3,11.2,92.6,355.1,333.0,141.7,42.1,11.6,0.3,1029.4,0.1,52.8,922.4,54.1,1254,,SATARA,
Maharashtra,Satara,IMD110-P1254,1925,0.3,0.0,5.3,4.2,33.9,243.7,329.0,150.3,106.4,52.4,30.0,0.0,955.5,0.3,43.4,829.4,82.4,1254,,SATARA,
Maharashtra,Satara,IMD110-P1254,1926,21.4,0.0,0.0,0.0,24.2,113.4,506.3,454.5,200.7,24.2,9.2,1.1,1355.0,21.4,24.2,1274.9,34.6,1254,,SATARA,
Maharashtra,Satara,IMD110-P1254,1927,0.0,0.1,1.6,9.1,16.7,301.7,590.7,182.8,232.8,62.5,89.3,0.0,1487.4,0.1,27.4,1308.1,151.8,1254,,SATARA,
Maharashtra,Satara,IMD110-P1254,1928,0.1,4.3,3.5,18.6,0.0,172.1,420.7,340.1,194.8,83.1,0.8,1.2,1239.2,4.3,22.1,1127.7,85.1,1254,,SATARA,
Maharashtra,Satara,IMD110-P1254,1929,0.0,0.8,2.0,53.7,10.5,138.2,433.7,180.4,243.2,145.2,11.1,1.3,1220.0,0.8,66.2,995.5,157.5,1254,,SATARA,
Maharashtra,Satara,IMD110-P1254,1930,0.0,0.0,0.0,2.3,46.9,264.8,489.5,205.5,277.9,113.9,66.5,3.2,1470.7,0.0,49.2,1237.8,183.7,1254,,SATARA,
Maharashtra,Satara,IMD110-P1254,1931,0.2,0.0,1.0,22.8,8.9,116.1,517.0,446.4,202.5,142.8,143.2,36.2,1637.2,0.2,32.6,1282.1,322.3,1254,,SATARA,
Maharashtra,Satara,IMD110-P1254,1932,0.0,0.0,2.4,24.0,66.9,66.6,565.7,414.9,282.1,210.1,18.8,0.6,1652.1,0.0,93.3,1329.3,229.5,1254,,SATARA,
Maharashtra,Satara,IMD110-P1254,1933,0.0,0.0,7.2,16.9,92.2,250.0,427.6,426.5,333.5,124.8,39.1,36.8,1754.6,0.0,116.3,1437.6,200.7,1254,,SATARA,
Maharashtra,Satara,IMD110-P1254,1934,0.3,0.0,6.0,11.2,21.2,215.3,242.3,211.5,133.5,92.6,119.3,0.0,1053.3,0.3,38.5,802.6,211.9,1254,,SATARA,
Maharashtra,Satara,IMD110-P1254,1935,0.0,0.0,0.0,2.1,3.6,149.2,351.7,263.7,167.9,157.8,12.7,9.5,1118.2,0.0,5.7,932.6,180.0,1254,,SATARA,
Maharashtra,Satara,IMD110-P1254,1936,0.0,1.1,0.7,1.0,13.1,329.4,190.9,234.1,243.2,14.0,113.6,0.0,1141.1,1.1,14.8,997.7,127.5,1254,,SATARA,
Maharashtra,Satara,IMD110-P1254,1937,0.0,0.8,1.7,82.7,8.6,268.7,606.2,137.0,247.5,179.9,3.1,5.7,1541.9,0.8,93.0,1259.3,188.7,1254,,SATARA,
Maharashtra,Satara,IMD110-P1254,1938,0.0,8.4,26.4,20.5,33.6,322.0,406.4,226.9,215.0,248.8,25.2,4.9,1538.1,8.4,80.5,1170.2,279.0,1254,,SATARA,
Maharashtra,Satara,IMD110-P1254,1939,0.0,1.8,6.5,4.0,5.6,158.0,499.5,237.2,127.6,56.6,42.5,0.0,1139.2,1.8,16.1,1022.3,99.1,1254,,SATARA,
Maharashtra,Satara,IMD110-P1254,1940,0.0,1.7,0.0,21.7,21.0,223.9,394.7,267.6,157.3,112.9,22.0,6.7,1229.6,1.7,42.7,1043.6,141.6,1254,,SATARA,
Maharashtra,Satara,IMD110-P1254,1941,81.0,2.2,1.0,17.7,2.4,185.2,456.6,160.6,99.7,65.6,0.8,0.2,1072.9,83.1,21.1,902.1,66.6,1255,,SATARA,
Maharashtra,Satara,IMD110-P1254,1942,0.0,0.0,0.0,13.1,25.6,254.2,663.5,257.6,69.0,42.7,2.3,32.9,1360.9,0.0,38.7,1244.2,77.9,1255,,SATARA,
Maharashtra,Satara,IMD110-P1254,1943,7.2,0.0,4.4,0.7,79.3,146.4,599.6,132.2,153.5,212.8,22.7,0.0,1358.8,7.2,84.4,1031.6,235.5,1255,,SATARA,
Maharashtra,Satara,IMD110-P1254,1944,0.0,0.0,9.3,0.1,67.0,163.1,696.8,259.1,169.0,175.7,27.4,0.0,1567.5,0.0,76.4,1288.0,203.1,1255,,SATARA,
Maharashtra,Satara,IMD110-P1254,1945,2.2,0.0,0.0,10.0,10.3,198.8,454.6,324.7,72.5,36.7,11.0,0.0,1120.7,2.2,20.3,1050.6,47.6,1255,,SATARA,
Maharashtra,Satara,IMD110-P1254,1946,0.0,1.1,0.1,31.0,47.8,154.7,648.0,487.0,171.7,36.2,160.9,23.9,1762.3,1.1,79.0,1461.4,220.9,1255,,SATARA,
Maharashtra,Satara,IMD110-P1254,1947,16.3,0.2,5.9,61.2,42.4,64.2,363.8,361.9,224.1,19.7,17.9,6.6,1184.3,16.5,109.6,1014.0,44.2,1255,,SATARA,
Maharashtra,Satara,IMD110-P1254,1948,11.5,2.7,7.0,17.4,11.6,163.5,279.1,267.4,158.6,115.7,167.6,0.0,1202.3,14.2,36.0,868.7,283.3,1255,,SATARA,
Maharashtra,Satara,IMD110-P1254,1949,0.0,0.0,7.9,4.0,113.8,99.7,283.9,264.4,260.7,47.2,13.7,0.0,1095.4,0.0,125.8,908.7,60.9,1255,,SATARA,
Maharashtra,Satara,IMD110-P1254,1950,0.0,0.0,6.0,10.7,61.5,57.4,658.9,147.8,248.1,134.5,2.1,0.0,1327.0,0.0,78.2,1112.2,136.6,1255,,SATARA,
Maharashtra,Satara,IMD110-P1254,1951,0.0,0.0,0.0,10.0,38.7,184.6,249.8,197.0,72.2,122.2,39.6,0.0,914.2,0.0,48.8,703.6,161.8,1255,,SATARA,
Maharashtra,Satara,IMD110-P1254,1952,0.0,0.0,0.0,12.8,23.2,197.7,452.1,267.4,45.5,103.0,0.0,0.2,1101.9,0.0,36.0,962.6,103.3,1255,,SATARA,
Maharashtra,Satara,IMD110-P1254,1953,0.0,0.0,0.0,61.4,3.1,249.4,297.6,352.3,131.3,154.9,0.0,0.0,1250.0,0.0,64.6,1030.6,154.9,1255,,SATARA,
Maharashtra,Satara,IMD110-P1254,1954,0.4,1.1,41.4,15.7,19.7,138.6,498.3,267.1,175.8,49.7,0.0,18.8,1226.7,1.4,76.8,1079.9,68.6,1255,,SATARA,
Maharashtra,Satara,IMD110-P1254,1955,0.5,0.0,12.2,16.7,32.3,189.0,203.1,292.3,310.5,259.8,26.9,0.0,1343.2,0.5,61.1,994.9,286.7,1255,,SATARA,
Maharashtra,Satara,IMD110-P1254,1956,0.0,0.0,0.0,33.8,95.2,129.6,531.1,401.7,133.4,204.4,134.7,0.2,1664.1,0.0,129.0,1195.8,339.3,1255,,SATARA,
Maharashtra,Satara,IMD110-P1254,1957,0.0,0.0,0.2,23.1,70.4,256.6,333.5,284.9,113.1,168.4,80.4,0.0,1330.6,0.0,93.8,988.1,248.7,1255,,SATARA,
Maharashtra,Satara,IMD110-P1254,1958,1.3,0.0,6.6,44.2,66.9,129.6,567.1,291.2,97.3,57.1,20.1,0.0,1281.4,1.3,117.7,1085.2,77.2,1255,,SATARA,
Maharashtra,Satara,IMD110-P1254,1959,0.0,0.0,0.0,24.9,88.4,217.1,689.2,244.1,234.6,35.3,95.0,0.0,1628.5,0.0,113.3,1385.0,130.3,1255,,SATARA,
Maharashtra,Satara,IMD110-P1254,1960,0.4,0.0,2.3,10.0,89.2,191.7,380.0,258.0,317.3,35.0,37.8,2.4,1324.0,0.4,101.4,1147.0,75.2,1255,,SATARA,
Maharashtra,Satara,IMD110-P1254,1961,0.0,0.0,1.0,13.9,164.9,224.3,736.9,226.8,133.5,69.8,13.7,0.0,1584.8,0.0,179.8,1321.5,83.4,1255,,SATARA,
Maharashtra,Satara,IMD110-P1254,1962,0.2,0.0,6.3,5.8,80.9,45.0,507.3,268.3,179.5,86.0,14.4,66.0,1259.7,0.2,93.1,1000.1,166.4,1255,,SATARA,
Maharashtra,Satara,IMD110-P1254,1963,0.0,2.4,15.9,13.5,23.9,94.1,426.5,383.2,77.2,103.1,2.4,0.0,1142.2,2.4,53.3,981.1,105.5,1255,,SATARA,
Maharashtra,Satara,IMD110-P1254,1964,0.0,0.0,1.7,7.7,16.6,238.2,291.6,476.3,253.4,84.5,27.3,0.4,1397.6,0.0,26.0,1259.4,112.2,1255,,SATARA,
Maharashtra,Satara,IMD110-P1254,1965,4.3,0.0,0.0,26.6,22.0,132.5,861.7,238.5,65.3,8.5,12.3,78.4,1450.1,4.3,48.5,1298.0,99.2,1255,,SATARA,
Maharashtra,Satara,IMD110-P1254,1966,0.6,0.4,0.0,6.6,156.4,132.0,660.1,150.7,147.8,18.0,92.8,7.8,1373.3,1.0,163.0,1090.6,118.6,1255,,SATARA,
Maharashtra,Satara,IMD110-P1254,1967,0.0,0.0,3.5,15.2,16.4,130.6,480.6,173.7,172.2,60.1,1.0,55.8,1109.1,0.0,35.1,957.1,116.9,1255,,SATARA,
Maharashtra,Satara,IMD110-P1254,1968,0.0,1.1,8.3,19.4,2.5,140.5,335.1,258.8,243.1,82.2,16.2,2.8,1110.0,1.1,30.2,977.5,101.2,1255,,SATARA,
Maharashtra,Satara,IMD110-P1254,1969,0.0,0.0,8.9,11.6,1.4,124.3,483.8,317.4,130.4,32.0,37.6,0.9,1148.4,0.0,22.0,1055.9,70.5,1255,,SATARA,
Maharashtra,Satara,IMD110-P1254,1970,0.0,0.0,0.0,48.0,61.8,161.8,307.9,302.2,157.2,78.3,0.0,0.0,1117.2,0.0,109.8,929.2,78.3,1255,,SATARA,
Maharashtra,Satara,IMD110-P1254,1971,0.0,0.0,0.0,5.2,74.3,267.7,206.0,220.8,204.4,41.6,0.2,0.0,1020.3,0.0,79.5,899.0,41.9,1255,,SATARA,
Maharashtra,Satara,IMD110-P1254,1972,0.0,0.0,0.0,3.6,18.6,101.3,350.0,32.1,106.7,2.0,30.3,0.2,644.7,0.0,22.1,590.1,32.5,1255,,SATARA,
Maharashtra,Satara,IMD110-P1254,1973,0.0,1.0,2.4,7.5,24.5,195.1,557.3,295.1,179.4,182.8,19.9,0.0,1465.0,1.0,34.4,1227.0,202.7,1255,,SATARA,
Maharashtra,Satara,IMD110-P1254,1974,0.0,0.0,4.9,29.2,63.8,76.8,292.3,219.7,269.3,187.9,0.1,0.0,1144.0,0.0,97.9,858.1,188.0,1255,,SATARA,
Maharashtra,Satara,IMD110-P1254,1975,0.0,0.0,0.0,0.0,24.5,215.0,274.5,278.0,319.7,209.8,1.6,0.0,1323.2,0.0,24.5,1087.2,211.5,1255,,SATARA,
Maharashtra,Satara,IMD110-P1254,1976,0.0,0.0,8.2,5.8,5.4,391.0,410.7,258.6,68.5,37.4,60.1,4.9,1250.6,0.0,19.4,1128.9,102.3,1255,,SATARA,
Maharashtra,Satara,IMD110-P1254,1977,0.0,0.2,5.5,21.2,54.0,226.5,452.3,190.0,66.8,114.4,152.5,7.3,1290.8,0.2,80.7,935.6,274.2,1255,,SATARA,
Maharashtra,Satara,IMD110-P1254,1978,0.6,8.5,2.5,41.5,84.9,251.8,124.3,353.2,182.1,78.5,66.5,0.9,1195.2,9.1,129.0,911.4,145.8,1255,,SATARA,
Maharashtra,Satara,IMD110-P1254,1979,0.0,0.0,1.8,2.3,10.5,180.9,197.6,438.5,352.8,38.9,129.9,0.0,1353.3,0.0,14.6,1169.9,168.8,1255,,SATARA,
Maharashtra,Satara,IMD110-P1254,1980,0.0,0.0,2.2,29.0,17.0,326.2,371.8,416.7,127.3,24.2,89.2,17.0,1420.6,0.0,48.2,1242.0,130.4,1255,,SATARA,
Maharashtra,Satara,IMD110-P1254,1981,3.7,0.0,5.5,15.1,11.6,158.0,370.2,206.2,287.1,59.1,22.8,0.1,1139.6,3.7,32.2,1021.6,82.0,1255,,SATARA,
Maharashtra,Satara,IMD110-P1254,1982,0.0,0.0,0.4,27.0,62.4,103.5,281.5,406.5,128.8,74.3,46.1,0.0,1130.5,0.0,89.7,920.3,120.4,1256,,SATARA,
Maharashtra,Satara,IMD110-P1254,1983,0.0,15.1,0.2,0.1,9.3,214.0,299.8,513.8,229.1,33.5,2.8,2.7,1320.3,15.1,9.5,1256.7,39.0,1256,,SATARA,
Maharashtra,Satara,IMD110-P1254,1984,0.0,11.8,12.2,13.2,0.0,226.1,439.9,228.0,182.6,124.5,9.9,5.2,1253.4,11.8,25.5,1076.6,139.6,1256,,SATARA,
Maharashtra,Satara,IMD110-P1254,1985,0.0,0.0,0.2,17.7,26.6,216.9,330.3,336.8,105.2,136.9,17.0,0.0,1187.5,0.0,44.5,989.1,153.8,1256,,SATARA,
Maharashtra,Satara,IMD110-P1254,1986,0.2,0.0,0.1,2.1,13.2,457.6,207.4,309.0,130.0,15.6,41.1,9.8,1186.2,0.2,15.4,1104.0,66.5,1256,,SATARA,
Maharashtra,Satara,IMD110-P1254,1987,0.0,1.0,12.5,15.5,45.7,142.4,386.7,304.0,129.4,190.2,58.3,66.7,1352.3,1.0,73.7,962.5,315.2,1256,,SATARA,
Maharashtra,Satara,IMD110-P1254,1988,0.0,0.0,0.0,51.7,12.5,124.9,452.6,235.2,346.4,17.3,5.1,4.1,1249.9,0.0,64.2,1159.1,26.6,1256,,SATARA,
Maharashtra,Satara,IMD110-P1254,1989,0.0,0.0,17.0,4.5,26.5,220.0,351.7,213.6,204.1,27.1,4.6,1.3,1070.3,0.0,48.0,989.3,33.0,1256,,SATARA,
Maharashtra,Satara,IMD110-P1254,1990,1.4,0.0,0.0,0.0,60.7,211.4,370.1,357.6,83.9,177.1,39.8,0.0,1301.8,1.4,60.7,1022.9,216.9,1256,,SATARA,
Maharashtra,Satara,IMD110-P1254,1991,0.0,0.0,0.0,20.1,16.9,455.2,495.3,256.4,89.0,38.5,11.7,0.7,1384.0,0.0,37.1,1295.9,51.0,1256,,SATARA,
Maharashtra,Satara,IMD110-P1254,1992,0.0,0.0,0.0,3.1,4.6,126.8,296.7,448.7,159.0,40.8,10.8,0.0,1090.5,0.0,7.8,1031.0,51.7,1256,,SATARA,
Maharashtra,Satara,IMD110-P1254,1993,0.0,0.0,2.4,13.1,14.1,312.5,391.9,243.8,145.1,353.3,21.7,51.6,1549.5,0.0,29.6,1093.3,426.6,1256,,SATARA,
Maharashtra,Satara,IMD110-P1254,1994,0.1,0.0,2.1,33.8,49.3,498.0,671.5,262.5,215.4,97.6,3.9,0.0,1834.1,0.1,85.1,1647.4,101.5,1256,,SATARA,
Maharashtra,Satara,IMD110-P1254,1995,18.9,0.0,3.1,9.9,53.7,56.3,466.3,112.3,288.1,193.7,7.5,0.0,1209.9,18.9,66.7,923.1,201.2,1256,,SATARA,
Maharashtra,Satara,IMD110-P1254,1996,0.0,0.1,0.0,3.4,8.8,249.1,521.4,208.1,145.5,331.8,11.4,3.2,1482.8,0.1,12.2,1124.1,346.5,1256,,SATARA,
Maharashtra,Satara,IMD110-P1254,1997,0.9,0.0,1.0,40.3,9.4,393.7,340.6,564.8,67.3,48.1,60.2,46.8,1573.0,0.9,50.7,1366.3,155.1,1256,,SATARA,
Maharashtra,Satara,IMD110-P1254,1998,0.0,0.0,0.0,3.4,47.7,232.2,455.4,351.8,230.9,221.6,29.0,0.0,1572.0,0.0,51.0,1270.3,250.6,1256,,SATARA,
Maharashtra,Satara,IMD110-P1254,1999,0.0,7.1,0.0,0.5,44.0,373.1,559.0,212.5,236.0,219.7,0.5,0.0,1652.2,7.1,44.4,1380.6,220.2,1256,,SATARA,
Maharashtra,Satara,IMD110-P1254,2000,0.0,0.0,1.0,3.5,37.8,197.3,399.4,200.8,155.9,108.0,12.5,3.1,1119.3,0.0,42.3,953.3,123.7,1256,,SATARA,
Maharashtra,Satara,IMD110-P1254,2001,4.3,0.0,0.0,11.4,29.0,188.5,441.7,270.1,259.0,110.1,17.0,0.0,1331.2,4.3,40.5,1159.4,127.1,1256,,SATARA,
Maharashtra,Satara,IMD110-P1254,2002,0.0,0.0,0.0,43.6,17.1,340.5,266.3,460.2,134.8,47.9,0.4,0.3,1311.2,0.0,60.7,1201.9,48.5,1256,,SATARA,
Maharashtra,Satara,IMD110-P1254,2003,0.6,0.9,3.4,13.5,0.0,358.0,318.1,247.9,103.5,42.8,12.8,0.0,1101.5,1.5,16.9,1027.5,55.6,1256,,SATARA,
Maharashtra,Satara,IMD110-P1254,2004,0.1,0.0,0.1,1.2,84.3,496.7,286.0,740.1,195.1,24.7,2.6,0.0,1830.9,0.1,85.6,1717.9,27.3,1256,,SATARA,
Maharashtra,Satara,IMD110-P1254,2005,7.0,0.1,1.8,28.8,1.0,499.2,830.7,674.0,436.6,120.0,0.0,0.0,2599.3,7.1,31.6,2440.5,120.0,1256,,SATARA,
Maharashtra,Satara,IMD110-P1254,2006,0.0,0.0,1.4,0.0,87.6,395.4,960.1,790.7,214.5,60.4,38.2,0.0,2548.3,0.0,89.0,2360.7,98.6,1256,,SATARA,
Maharashtra,Satara,IMD110-P1254,2007,0.0,0.0,0.0,4.1,2.0,570.8,581.0,494.4,240.3,2.6,1.6,0.0,1896.8,0.0,6.2,1886.4,4.2,1256,,SATARA,
Maharashtra,Satara,IMD110-P1254,2008,0.0,0.0,31.3,0.8,0.7,277.5,259.6,557.1,300.0,74.0,1.9,2.0,1504.9,0.0,32.8,1394.2,77.9,1256,,SATARA,
Maharashtra,Satara,IMD110-P1254,2009,0.0,0.0,2.2,0.5,25.2,86.4,746.2,236.6,215.6,124.4,186.2,0.4,1623.9,0.0,27.9,1284.9,311.1,1256,,SATARA,
Maharashtra,Satara,IMD110-P1254,2010,0.0,0.0,0.4,8.2,14.0,320.6,517.1,296.5,275.0,108.9,65.4,0.2,1606.4,0.0,22.6,1409.2,174.5,1256,,SATARA,
Maharashtra,Sholapur,IMD110-P1257,1901,27.6,1.6,6.8,64.5,24.7,65.6,89.2,70.4,119.3,44.9,8.2,0.0,522.7,29.1,96.0,344.5,53.1,1257,,SHOLAPUR,
Maharashtra,Sholapur,IMD110-P1257,1902,0.1,0.0,0.0,5.0,3.0,96.4,20.3,68.0,219.0,65.6,88.4,114.7,680.4,0.1,8.1,403.7,268.6,1257,,SHOLAPUR,
Maharashtra,Sholapur,IMD110-P1257,1903,24.2,0.0,0.0,5.7,69.2,92.3,151.5,161.2,210.9,91.8,14.1,5.0,825.9,24.2,74.8,616.0,110.9,1257,,SHOLAPUR,
Maharashtra,Sholapur,IMD110-P1257,1904,1.1,0.0,0.7,1.3,14.8,102.3,30.8,17.3,163.6,129.1,0.0,0.0,461.0,1.2,16.8,314.0,129.1,1257,,SHOLAPUR,
Maharashtra,Sholapur,IMD110-P1257,1905,0.0,2.6,0.0,5.9,9.1,92.7,25.2,51.0,30.6,79.9,0.0,0.0,297.0,2.6,15.0,199.5,79.9,1257,,SHOLAPUR,
Maharashtra,Sholapur,IMD110-P1257,1906,10.9,0.0,0.0,0.0,11.7,201.1,75.9,197.4,75.4,27.0,17.1,12.5,629.1,10.9,11.7,549.9,56.6,1257,,SHOLAPUR,
Maharashtra,Sholapur,IMD110-P1257,1907,0.0,5.0,0.0,64.6,0.0,66.9,172.4,61.5,93.7,1.7,1.8,1.7,469.2,5.0,64.6,394.4,5.2,1257,,SHOLAPUR,
Maharashtra,Sholapur,IMD110-P1257,1908,0.0,0.0,2.9,1.5,5.4,50.9,51.4,62.1,338.1,16.3,0.1,0.0,528.6,0.0,9.8,502.4,16.4,1257,,SHOLAPUR,
Maharashtra,Sholapur,IMD110-P1257,1909,1.0,0.9,2.2,1.6,65.8,159.3,58.2,141.8,195.7,8.8,3.3,3.8,642.6,1.9,69.6,555.1,16.0,1257,,SHOLAPUR,
Maharashtra,Sholapur,IMD110-P1257,1910,0.0,0.0,0.0,0.0,3.5,123.7,93.6,127.1,286.0,44.3,14.9,0.0,693.1,0.0,3.5,630.4,59.2,1257,,SHOLAPUR,
Maharashtra,Sholapur,IMD110-P1257,1911,1.6,0.0,0.2,0.8,7.7,67.3,180.9,62.5,24.7,24.0,10.3,7.7,387.7,1.6,8.7,335.3,42.1,1257,,SHOLAPUR,
Maharashtra,Sholapur,IMD110-P1257,1912,0.0,1.5,0.0,9.5,28.7,37.4,89.0,65.1,25.1,101.6,27.6,0.0,385.5,1.5,38.2,216.5,129.2,1257,,SHOLAPUR,
Maharashtra,Sholapur,IMD110-P1257,1913,0.0,0.6,0.0,7.6,44.6,89.5,89.7,10.0,38.8,57.7,0.2,9.0,347.8,0.6,52.2,228.1,66.9,1257,,SHOLAPUR,
Maharashtra,Sholapur,IMD110-P1257,1914,0.0,0.1,0.0,4.0,8.6,137.9,84.1,90.0,167.6,18.1,33.7,23.0,567.1,0.1,12.5,479.6,74.8,1257,,SHOLAPUR,
Maharashtra,Sholapur,IMD110-P1257,1915,23.8,4.2,13.4,10.8,15.6,112.0,110.6,18.6,295.6,80.6,19.6,42.7,747.6,28.0,39.8,536.9,143.0,1257,,SHOLAPUR,
Maharashtra,Sholapur,IMD110-P1257,1916,0.0,0.0,0.0,6.3,57.4,78.0,289.0,71.0,294.7,175.9,82.4,0.0,1054.7,0.0,63.7,732.7,258.3,1257,,SHOLAPUR,
Maharashtra,Sholapur,IMD110-P1257,1917,0.0,23.5,7.0,15.6,9.4,116.4,29.2,186.8,172.5,168.8,34.7,0.0,763.9,23.5,32.0,504.9,203.5,1257,,SHOLAPUR,
Maharashtra,Sholapur,IMD110-P1257,1918,1.7,0.2,0.7,1.6,100.3,25.9,33.3,23.1,108.6,23.9,29.6,6.4,355.2,1.9,102.7,190.8,59.9,1257,,SHOLAPUR,
Maharashtra,Sholapur,IMD110-P1257,1919,1.8,0.8,1.6,9.3,14.4,191.6,39.9,31.6,266.0,16.8,25.9,0.7,600.4,2.5,25.3,529.1,43.4,1257,,SHOLAPUR,
Maharashtra,Sholapur,IMD110-P1257,1920,20.0,0.0,0.0,3.0,6.3,80.2,25.1,63.6,146.7,37.0,0.1,0.0,381.9,20.0,9.3,315.6,37.0,1257,,SHOLAPUR,
Maharashtra,Sholapur,IMD110-P1257,1921,0.2,0.0,0.0,7.2,2.9,65.1,201.4,23.4,120.7,71.1,78.4,0.0,570.4,0.2,10.1,410.6,149.5,1257,,SHOLAPUR,
Maharashtra,Sholapur,IMD110-P1257,1922,23.3,0.4,0.0,21.0,31.5,108.6,67.5,13.1,40.6,48.1,173.1,0.0,527.2,23.7,52.5,229.8,221.1,1257,,SHOLAPUR,
Maharashtra,Sholapur,IMD110-P1257,1923,1.5,5.6,29.6,6.8,4.1,21.2,119.4,16.2,179.7,7.1,0.0,2.6,393.7,7.0,40.5,336.5,9.7,1257,,SHOLAPUR,
Maharashtra,Sholapur,IMD110-P1257,1924,0.5,0.2,4.9,20.6,1.6,52.0,43.7,102.0,210.1,35.9,3.6,15.4,490.4,0.7,27.1,407.8,54.8,1257,,SHOLAPUR,
Maharashtra,Sholapur,IMD110-P1257,1925,0.0,0.0,2.2,0.0,32.8,61.9,34.9,118.5,146.9,69.7,33.3,3.6,503.7,0.0,35.0,362.2,106.6,1257,,SHOLAPUR,
Maharashtra,Sholapur,IMD110-P1257,1926,52.2,0.0,0.0,0.9,7.5,99.1,34.5,102.3,258.4,2.6,6.7,0.4,564.4,52.2,8.4,494.2,9.6,1257,,SHOLAPUR,
Maharashtra,Sholapur,IMD110-P1257,1927,0.0,0.0,0.4,6.7,7.6,139.7,68.6,33.6,238.8,45.1,109.0,0.0,649.5,0.0,14.6,480.7,154.1,1257,,SHOLAPUR,
Maharashtra,Sholapur,IMD110-P1257,1928,0.4,31.8,7.8,1.4,0.0,177.7,57.3,46.5,295.2,71.5,0.0,1.7,691.3,32.2,9.2,576.7,73.1,1257,,SHOLAPUR,
Maharashtra,Sholapur,IMD110-P1257,1929,0.0,17.6,0.0,25.1,18.6,117.6,34.5,24.5,175.1,98.5,1.6,2.7,515.9,17.6,43.7,351.7,102.8,1257,,SHOLAPUR,
Maharashtra,Sholapur,IMD110-P1257,1930,0.0,0.0,4.1,5.8,23.9,107.6,20.2,31.0,219.2,146.8,58.8,4.6,622.0,0.0,33.8,378.1,210.1,1257,,SHOLAPUR,
Maharashtra,Sholapur,IMD110-P1257,1931,0.0,0.0,0.5,16.5,2.1,147.3,87.5,41.2,161.9,81.1,68.6,22.9,629.6,0.0,19.1,437.9,172.6,1257,,SHOLAPUR,
Maharashtra,Sholapur,IMD110-P1257,1932,0.0,0.0,2.5,8.6,28.2,90.1,138.5,183.1,86.1,172.0,87.7,0.7,797.5,0.0,39.3,497.8,260.4,1257,,SHOLAPUR,
Maharashtra,Sholapur,IMD110-P1257,1933,0.0,2.6,6.4,25.7,51.9,67.2,68.7,105.6,122.8,126.0,37.8,28.3,642.9,2.6,83.9,364.4,192.0,1257,,SHOLAPUR,
Maharashtra,Sholapur,IMD110-P1257,1934,6.4,0.0,3.5,19.1,11.2,38.6,124.0,100.8,182.8,50.2,111.6,0.0,648.2,6.4,33.8,446.3,161.8,1257,,SHOLAPUR,
Maharashtra,Sholapur,IMD110-P1257,1935,17.1,0.1,0.0,6.9,1.2,120.0,35.5,300.3,129.7,139.2,2.2,8.7,760.8,17.2,8.1,585.4,150.1,1257,,SHOLAPUR,
Maharashtra,Sholapur,IMD110-P1257,1936,0.0,20.8,2.3,10.3,31.1,41.0,32.1,27.8,151.4,11.6,147.6,1.8,477.7,20.8,43.6,252.3,161.0,1257,,SHOLAPUR,
Maharashtra,Sholapur,IMD110-P1257,1937,0.0,7.5,7.1,81.5,0.9,43.5,102.4,22.7,132.0,100.2,1.2,13.8,512.8,7.5,89.5,300.6,115.2,1257,,SHOLAPUR,
Maharashtra,Sholapur,IMD110-P1257,1938,0.3,0.3,38.0,6.1,41.4,142.4,197.7,138.7,220.8,39.4,1.7,6.2,833.0,0.6,85.5,699.7,47.2,1257,,SHOLAPUR,
Maharashtra,Sholapur,IMD110-P1257,1939,0.0,0.0,2.6,5.6,0.0,113.4,116.9,29.2,106.8,58.8,36.3,0.0,469.5,0.0,8.2,366.2,95.1,1257,,SHOLAPUR,
Maharashtra,Sholapur,IMD110-P1257,1940,0.0,0.1,0.0,29.6,11.5,115.8,31.8,106.6,86.0,81.1,33.8,4.2,500.4,0.1,41.1,340.2,119.1,1257,,SHOLAPUR,
Maharashtra,Sholapur,IMD110-P1257,1941,48.3,0.6,5.5,7.7,2.4,25.2,37.6,59.0,248.0,52.1,0.0,0.0,486.3,48.8,15.6,369.9,52.1,1258,,SHOLAPUR,
Maharashtra,Sholapur,IMD110-P1257,1942,0.0,0.4,0.0,7.3,8.5,223.9,49.3,99.9,19.1,16.6,3.0,35.0,462.8,0.4,15.8,392.1,54.5,1258,,SHOLAPUR,
Maharashtra,Sholapur,IMD110-P1257,1943,13.4,0.0,1.5,7.3,44.5,87.0,76.1,69.0,178.0,170.8,3.7,0.0,651.4,13.4,53.3,410.2,174.6,1258,,SHOLAPUR,
Maharashtra,Sholapur,IMD110-P1257,1944,1.0,3.5,31.5,0.0,14.6,79.0,121.7,10.6,155.4,146.8,8.9,0.0,573.0,4.5,46.1,366.6,155.8,1258,,SHOLAPUR,
Maharashtra,Sholapur,IMD110-P1257,1945,0.8,0.0,0.0,16.4,2.1,80.7,76.1,127.3,64.7,58.8,5.1,0.0,432.1,0.8,18.5,348.8,63.9,1258,,SHOLAPUR,
Maharashtra,Sholapur,IMD110-P1257,1946,0.0,1.4,0.0,15.7,26.3,108.9,60.5,60.0,170.8,23.3,77.8,11.2,556.0,1.4,42.0,400.3,112.3,1258,,SHOLAPUR,
Maharashtra,Sholapur,IMD110-P1257,1947,47.3,1.9,2.2,34.5,16.5,136.7,65.2,243.5,147.6,15.8,28.6,5.5,745.2,49.2,53.1,593.0,49.9,1258,,SHOLAPUR,
Maharashtra,Sholapur,IMD110-P1257,1948,4.4,0.0,6.2,4.7,4.4,111.0,98.0,138.3,285.4,61.8,135.4,0.0,849.5,4.4,15.3,632.7,197.1,1258,,SHOLAPUR,
Maharashtra,Sholapur,IMD110-P1257,1949,0.0,0.0,1.4,3.0,45.2,122.3,71.0,100.2,349.9,58.1,1.2,0.0,752.2,0.0,49.6,643.3,59.3,1258,,SHOLAPUR,
Maharashtra,Sholapur,IMD110-P1257,1950,0.0,1.1,3.3,4.3,18.2,65.9,45.9,94.6,271.8,94.3,0.3,0.0,599.6,1.1,25.7,478.2,94.6,1258,,SHOLAPUR,
Maharashtra,Sholapur,IMD110-P1257,1951,0.1,0.0,0.3,6.0,29.4,88.0,184.9,43.8,120.0,95.2,8.7,0.0,576.3,0.1,35.7,436.7,103.9,1258,,SHOLAPUR,
Maharashtra,Sholapur,IMD110-P1257,1952,0.0,2.8,0.0,2.6,59.8,81.5,67.8,14.6,100.7,70.0,0.0,0.2,400.0,2.8,62.4,264.7,70.2,1258,,SHOLAPUR,
Maharashtra,Sholapur,IMD110-P1257,1953,0.0,0.0,0.5,21.1,0.6,95.1,167.5,23.1,212.9,160.3,0.0,0.0,681.0,0.0,22.2,498.5,160.3,1258,,SHOLAPUR,
Maharashtra,Sholapur,IMD110-P1257,1954,0.0,0.0,13.5,6.0,15.9,179.9,143.7,58.1,152.0,31.1,0.0,40.3,640.5,0.0,35.4,533.7,71.4,1258,,SHOLAPUR,
Maharashtra,Sholapur,IMD110-P1257,1955,0.6,0.0,3.7,5.0,31.8,89.9,103.4,171.6,143.6,70.3,16.6,0.2,636.7,0.6,40.5,508.5,87.1,1258,,SHOLAPUR,
Maharashtra,Sholapur,IMD110-P1257,1956,0.0,0.0,0.0,6.1,100.3,63.2,187.0,95.6,162.9,140.6,74.8,0.7,831.2,0.0,106.4,508.7,216.1,1258,,SHOLAPUR,
Maharashtra,Sholapur,IMD110-P1257,1957,0.3,0.0,15.2,40.6,30.7,99.3,76.0,142.2,131.1,125.8,14.1,0.0,675.3,0.3,86.5,448.6,139.8,1258,,SHOLAPUR,
Maharashtra,Sholapur,IMD110-P1257,1958,0.0,0.0,12.4,16.2,26.7,25.5,88.5,334.4,34.9,109.8,10.5,0.0,658.7,0.0,55.2,483.2,120.3,1258,,SHOLAPUR,
Maharashtra,Sholapur,IMD110-P1257,1959,0.0,0.0,0.0,7.2,25.8,140.2,69.9,83.4,178.4,74.3,32.7,0.0,611.9,0.0,33.1,471.8,107.0,1258,,SHOLAPUR,
Maharashtra,Sholapur,IMD110-P1257,1960,0.0,0.0,0.0,3.8,44.6,110.2,104.9,9.7,351.4,31.4,43.4,0.0,699.4,0.0,48.5,576.1,74.8,1258,,SHOLAPUR,
Maharashtra,Sholapur,IMD110-P1257,1961,0.0,0.0,1.3,14.1,135.5,203.8,103.6,62.3,14.6,111.9,19.0,2.7,668.7,0.0,150.9,384.2,133.6,1258,,SHOLAPUR,
Maharashtra,Sholapur,IMD110-P1257,1962,0.0,0.8,1.6,32.5,51.2,80.4,82.2,129.6,254.1,54.4,9.6,20.2,716.6,0.8,85.3,546.3,84.2,1258,,SHOLAPUR,
Maharashtra,Sholapur,IMD110-P1257,1963,0.0,5.0,11.6,9.2,40.1,185.4,93.1,121.5,47.3,76.1,0.1,0.0,589.4,5.0,60.9,447.3,76.2,1258,,SHOLAPUR,
Maharashtra,Sholapur,IMD110-P1257,1964,0.0,0.0,3.1,7.6,1.1,61.2,192.0,86.7,325.2,50.2,25.8,0.9,753.6,0.0,11.7,665.1,76.8,1258,,SHOLAPUR,
Maharashtra,Sholapur,IMD110-P1257,1965,0.3,0.0,0.0,3.5,7.6,66.0,144.7,136.0,100.1,7.1,3.5,23.9,492.7,0.3,11.1,446.7,34.5,1258,,SHOLAPUR,
Maharashtra,Sholapur,IMD110-P1257,1966,4.9,0.0,0.1,5.6,77.8,65.8,91.1,89.9,125.5,22.2,77.0,18.5,578.4,4.9,83.5,372.2,117.8,1258,,SHOLAPUR,
Maharashtra,Sholapur,IMD110-P1257,1967,0.2,0.4,0.8,3.7,2.7,56.1,182.0,51.0,197.6,54.9,0.0,35.9,585.3,0.7,7.1,486.7,90.8,1258,,SHOLAPUR,
Maharashtra,Sholapur,IMD110-P1257,1968,4.1,13.5,15.4,10.5,0.4,76.3,115.9,9.8,202.1,63.5,32.4,0.0,543.9,17.6,26.4,404.1,95.9,1258,,SHOLAPUR,
Maharashtra,Sholapur,IMD110-P1257,1969,0.0,0.0,0.9,9.0,5.7,138.3,139.6,153.5,209.1,46.1,14.2,0.2,716.6,0.0,15.6,640.5,60.5,1258,,SHOLAPUR,
Maharashtra,Sholapur,IMD110-P1257,1970,3.1,0.0,0.0,21.1,42.1,96.7,107.1,129.7,219.5,57.8,0.0,0.0,677.0,3.1,63.1,552.9,57.8,1258,,SHOLAPUR,
Maharashtra,Sholapur,IMD110-P1257,1971,0.0,0.0,0.0,3.9,55.5,72.7,11.1,178.3,157.6,119.4,0.0,0.0,598.5,0.0,59.4,419.7,119.4,1258,,SHOLAPUR,
Maharashtra,Sholapur,IMD110-P1257,1972,0.0,0.1,0.0,5.5,7.7,41.3,15.0,7.0,93.6,20.7,43.1,0.2,234.2,0.1,13.2,156.9,64.0,1258,,SHOLAPUR,
Maharashtra,Sholapur,IMD110-P1257,1973,0.0,0.4,0.0,4.1,9.2,81.7,97.0,213.5,118.8,182.5,2.8,0.0,709.9,0.4,13.3,510.9,185.3,1258,,SHOLAPUR,
Maharashtra,Sholapur,IMD110-P1257,1974,0.0,0.0,4.7,8.7,82.5,91.8,64.2,116.4,335.7,202.3,0.0,0.0,906.3,0.0,95.9,608.1,202.3,1258,,SHOLAPUR,
Maharashtra,Sholapur,IMD110-P1257,1975,3.0,7.9,0.1,0.0,10.0,42.1,165.6,123.6,307.5,328.5,9.5,0.0,997.9,10.9,10.1,638.8,338.0,1258,,SHOLAPUR,
Maharashtra,Sholapur,IMD110-P1257,1976,0.0,0.0,3.3,3.6,11.0,162.3,78.7,167.2,49.0,9.0,40.0,0.0,524.1,0.0,17.9,457.2,49.1,1258,,SHOLAPUR,
Maharashtra,Sholapur,IMD110-P1257,1977,0.0,0.0,9.5,8.2,15.2,137.6,82.1,52.0,48.7,110.6,106.5,11.7,582.2,0.0,32.9,320.4,228.8,1258,,SHOLAPUR,
Maharashtra,Sholapur,IMD110-P1257,1978,0.0,15.8,6.6,16.1,62.9,94.7,121.0,101.0,205.0,106.4,87.6,0.2,817.3,15.8,85.6,521.7,194.2,1258,,SHOLAPUR,
Maharashtra,Sholapur,IMD110-P1257,1979,0.8,5.1,2.2,0.5,17.5,55.4,103.5,60.5,318.1,50.8,127.1,0.0,741.6,5.9,20.3,537.5,177.9,1258,,SHOLAPUR,
Maharashtra,Sholapur,IMD110-P1257,1980,0.0,0.0,1.7,23.4,9.2,154.4,32.3,194.5,83.6,17.2,29.6,6.0,551.8,0.0,34.2,464.8,52.8,1258,,SHOLAPUR,
Maharashtra,Sholapur,IMD110-P1257,1981,28.5,0.0,17.1,4.9,8.6,198.9,39.6,85.8,354.6,70.8,16.4,0.4,825.4,28.5,30.5,678.9,87.6,1258,,SHOLAPUR,
Maharashtra,Sholapur,IMD110-P1257,1982,0.0,0.0,0.0,12.3,29.5,96.4,78.0,21.1,166.8,64.7,51.7,0.0,520.5,0.0,41.8,362.3,116.4,1259,,SHOLAPUR,
Maharashtra,Sholapur,IMD110-P1257,1983,0.0,0.0,0.0,0.0,2.9,64.7,143.5,111.4,380.7,52.5,0.0,11.3,767.1,0.0,2.9,700.3,63.9,1259,,SHOLAPUR,
Maharashtra,Sholapur,IMD110-P1257,1984,0.0,18.4,1.7,0.3,0.4,36.2,150.1,28.2,121.1,217.5,1.8,5.5,581.2,18.4,2.4,335.6,224.8,1259,,SHOLAPUR,
Maharashtra,Sholapur,IMD110-P1257,1985,18.1,0.0,7.0,24.5,14.8,97.9,65.8,33.9,83.8,86.5,2.4,0.0,434.6,18.1,46.3,281.4,88.8,1259,,SHOLAPUR,
Maharashtra,Sholapur,IMD110-P1257,1986,6.8,0.1,0.0,7.2,8.5,120.6,16.0,62.7,185.3,4.1,37.2,22.0,470.4,6.9,15.6,384.6,63.3,1259,,SHOLAPUR,
Maharashtra,Sholapur,IMD110-P1257,1987,0.8,0.4,0.2,0.0,29.2,104.5,60.4,192.5,84.0,177.0,65.6,58.6,773.2,1.2,29.3,441.4,301.2,1259,,SHOLAPUR,
Maharashtra,Sholapur,IMD110-P1257,1988,0.0,1.1,0.0,18.8,5.9,82.2,120.8,173.1,395.0,9.4,0.7,17.0,824.1,1.1,24.8,771.1,27.2,1259,,SHOLAPUR,
Maharashtra,Sholapur,IMD110-P1257,1989,0.0,0.0,17.8,4.9,7.9,110.6,203.4,57.9,301.6,25.8,1.5,9.5,741.0,0.0,30.6,673.5,36.9,1259,,SHOLAPUR,
Maharashtra,Sholapur,IMD110-P1257,1990,12.4,0.0,0.0,0.0,77.4,175.8,40.3,195.4,75.1,197.3,11.7,0.0,785.3,12.4,77.4,486.6,209.0,1259,,SHOLAPUR,
Maharashtra,Sholapur,IMD110-P1257,1991,0.0,0.4,0.0,15.7,13.3,201.2,70.6,33.6,91.5,39.0,8.4,0.0,473.7,0.4,29.1,396.9,47.3,1259,,SHOLAPUR,
Maharashtra,Sholapur,IMD110-P1257,1992,0.0,0.0,0.0,5.3,5.4,107.3,84.8,94.6,104.9,22.8,22.9,0.0,448.0,0.0,10.7,391.7,45.7,1259,,SHOLAPUR,
Maharashtra,Sholapur,IMD110-P1257,1993,0.0,0.0,4.5,6.7,22.7,36.7,110.1,119.8,125.5,280.3,10.5,57.0,773.8,0.0,33.8,392.1,347.8,1259,,SHOLAPUR,
Maharashtra,Sholapur,IMD110-P1257,1994,2.4,0.0,0.0,17.6,34.5,93.0,71.1,75.9,25.6,105.3,11.4,0.0,436.8,2.4,52.1,265.6,116.6,1259,,SHOLAPUR,
Maharashtra,Sholapur,IMD110-P1257,1995,43.9,0.0,10.1,10.8,25.6,114.7,82.1,47.6,151.2,151.1,19.4,0.0,656.4,43.9,46.5,395.6,170.5,1259,,SHOLAPUR,
Maharashtra,Sholapur,IMD110-P1257,1996,0.0,0.0,0.0,13.7,4.8,106.0,120.4,156.1,231.0,147.5,11.7,0.2,791.4,0.0,18.5,613.5,159.4,1259,,SHOLAPUR,
Maharashtra,Sholapur,IMD110-P1257,1997,4.6,0.0,7.2,17.7,8.4,59.8,104.4,35.1,86.1,88.8,62.5,13.4,488.1,4.6,33.3,285.5,164.8,1259,,SHOLAPUR,
Maharashtra,Sholapur,IMD110-P1257,1998,0.0,0.0,2.1,1.4,31.5,120.6,187.0,209.9,348.2,253.7,10.4,0.0,1164.7,0.0,35.0,865.7,264.0,1259,,SHOLAPUR,
Maharashtra,Sholapur,IMD110-P1257,1999,0.0,6.3,0.0,0.0,76.8,165.1,87.8,31.8,151.1,108.0,0.0,0.0,626.8,6.3,76.8,435.7,108.0,1259,,SHOLAPUR,
Maharashtra,Sholapur,IMD110-P1257,2000,2.5,8.5,0.0,3.5,31.0,144.3,95.8,215.8,78.0,69.5,1.4,0.8,651.1,11.0,34.5,533.9,71.7,1259,,SHOLAPUR,
Maharashtra,Sholapur,IMD110-P1257,2001,1.4,0.0,0.0,16.9,12.6,60.2,24.2,94.8,188.4,164.0,11.3,0.0,573.8,1.4,29.5,367.6,175.3,1259,,SHOLAPUR,
Maharashtra,Sholapur,IMD110-P1257,2002,7.2,3.3,1.0,16.0,59.8,120.7,48.9,92.6,86.9,86.4,10.5,0.0,533.3,10.5,76.8,349.1,96.9,1259,,SHOLAPUR,
Maharashtra,Sholapur,IMD110-P1257,2003,0.0,0.8,3.2,8.8,0.6,47.8,43.1,91.2,93.1,15.6,1.7,0.6,306.4,0.8,12.6,275.1,17.9,1259,,SHOLAPUR,
Maharashtra,Sholapur,IMD110-P1257,2004,0.0,0.5,0.0,1.5,9.5,112.9,138.9,24.6,202.9,38.3,8.8,0.0,538.0,0.5,11.0,479.4,47.1,1259,,SHOLAPUR,
Maharashtra,Sholapur,IMD110-P1257,2005,0.3,0.0,2.3,2.9,34.7,40.6,170.5,132.3,143.8,92.1,0.0,0.0,619.4,0.3,39.9,487.1,92.1,1259,,SHOLAPUR,
Maharashtra,Sholapur,IMD110-P1257,2006,0.0,0.0,6.5,1.1,7.8,144.7,36.1,64.0,232.5,42.7,60.0,0.0,595.5,0.0,15.5,477.3,102.7,1259,,SHOLAPUR,
Maharashtra,Sholapur,IMD110-P1257,2007,0.0,0.0,0.0,1.3,2.5,127.8,56.9,,247.6,0.0,9.5,0.0,,0.0,3.8,,9.5,1259,missing_months,SHOLAPUR,
Maharashtra,Sholapur,IMD110-P1257,2008,0.0,0.0,19.8,1.4,0.5,14.2,76.7,163.9,271.7,59.4,25.9,0.4,633.9,0.0,21.6,526.5,85.7,1259,,SHOLAPUR,
Maharashtra,Sholapur,IMD110-P1257,2009,0.0,0.0,0.8,0.8,4.3,91.9,50.3,161.7,231.1,119.3,47.8,1.9,709.8,0.0,5.9,535.0,168.9,1259,,SHOLAPUR,
Maharashtra,Sholapur,IMD110-P1257,2010,18.1,0.2,0.0,1.0,0.2,145.5,188.2,248.9,132.8,82.0,29.4,0.3,846.7,18.3,1.1,715.4,111.8,1259,,SHOLAPUR,
Maharashtra,Sindhudurg,IMD110-P1260,1901,0.5,0.2,0.3,39.7,26.7,1016.7,829.8,414.4,131.6,16.7,15.7,0.1,2492.2,0.7,66.7,2392.5,32.4,1260,,SINDHUDURG,
Maharashtra,Sindhudurg,IMD110-P1260,1902,0.0,0.0,0.3,2.0,38.2,662.9,1210.0,368.2,515.2,85.4,75.7,79.1,3037.0,0.0,40.5,2756.3,240.3,1260,,SINDHUDURG,
Maharashtra,Sindhudurg,IMD110-P1260,1903,0.0,0.0,0.0,0.0,258.4,785.2,1233.8,513.7,192.8,70.4,33.0,5.8,3093.2,0.0,258.4,2725.5,109.2,1260,,SINDHUDURG,
Maharashtra,Sindhudurg,IMD110-P1260,1904,0.0,0.0,0.0,6.7,10.7,1255.9,918.6,266.0,180.0,93.4,0.0,0.0,2731.2,0.0,17.4,2620.5,93.4,1260,,SINDHUDURG,
Maharashtra,Sindhudurg,IMD110-P1260,1905,0.0,0.0,0.0,0.0,15.2,504.7,474.2,300.9,154.0,93.7,7.8,0.0,1550.4,0.0,15.2,1433.7,101.5,1260,,SINDHUDURG,
Maharashtra,Sindhudurg,IMD110-P1260,1906,7.9,0.0,0.0,0.0,3.1,515.5,1155.0,504.5,160.8,42.0,18.2,0.0,2407.0,7.9,3.1,2335.8,60.2,1260,,SINDHUDURG,
Maharashtra,Sindhudurg,IMD110-P1260,1907,2.6,0.0,0.0,10.8,0.0,642.4,943.6,586.2,205.1,17.6,4.3,1.6,2414.3,2.6,10.8,2377.3,23.5,1260,,SINDHUDURG,
Maharashtra,Sindhudurg,IMD110-P1260,1908,0.0,0.0,0.0,9.5,0.2,569.3,1474.2,559.2,146.9,59.1,0.0,0.0,2818.5,0.0,9.7,2749.7,59.1,1260,,SINDHUDURG,
Maharashtra,Sindhudurg,IMD110-P1260,1909,0.1,0.0,0.1,0.6,16.9,872.8,1142.5,286.9,354.6,19.7,11.8,0.2,2706.3,0.1,17.6,2656.9,31.7,1260,,SINDHUDURG,
Maharashtra,Sindhudurg,IMD110-P1260,1910,0.0,0.0,0.3,0.0,0.7,1001.6,473.4,453.2,408.1,47.7,86.3,0.0,2471.3,0.0,0.9,2336.2,134.1,1260,,SINDHUDURG,
Maharashtra,Sindhudurg,IMD110-P1260,1911,0.0,0.0,0.0,0.0,18.6,706.5,818.7,447.0,185.7,75.3,26.6,6.3,2284.7,0.0,18.6,2157.8,108.3,1260,,SINDHUDURG,
Maharashtra,Sindhudurg,IMD110-P1260,1912,0.0,0.0,0.0,0.4,33.7,1056.4,1150.7,469.2,133.7,54.7,75.7,0.0,2974.3,0.0,34.0,2809.9,130.3,1260,,SINDHUDURG,
Maharashtra,Sindhudurg,IMD110-P1260,1913,0.0,0.0,0.0,0.0,18.8,731.1,987.6,342.0,144.0,107.4,4.6,0.0,2335.5,0.0,18.8,2204.7,112.0,1260,,SINDHUDURG,
Maharashtra,Sindhudurg,IMD110-P1260,1914,0.0,0.0,0.0,1.0,0.1,613.2,970.8,1021.5,479.0,29.5,20.6,9.5,3145.1,0.0,1.1,3084.4,59.6,1260,,SINDHUDURG,
Maharashtra,Sindhudurg,IMD110-P1260,1915,0.0,0.4,0.7,12.8,13.1,928.8,750.3,265.9,500.0,125.3,22.5,0.0,2619.7,0.4,26.6,2445.0,147.8,1260,,SINDHUDURG,
Maharashtra,Sindhudurg,IMD110-P1260,1916,0.0,0.0,0.0,0.3,87.3,1238.1,788.9,745.3,701.5,210.6,166.6,0.0,3938.4,0.0,87.5,3473.7,377.1,1260,,SINDHUDURG,
Maharashtra,Sindhudurg,IMD110-P1260,1917,0.0,17.9,0.1,1.0,11.3,860.7,642.7,649.3,496.1,352.7,53.4,0.0,3085.2,17.9,12.3,2648.9,406.1,1260,,SINDHUDURG,
Maharashtra,Sindhudurg,IMD110-P1260,1918,0.0,0.0,0.0,0.0,580.5,481.1,535.1,537.4,182.7,20.9,114.0,0.3,2451.9,0.0,580.5,1736.2,135.2,1260,,SINDHUDURG,
Maharashtra,Sindhudurg,IMD110-P1260,1919,0.0,0.0,0.0,0.0,15.7,800.5,998.9,444.6,165.2,161.4,25.3,22.0,2633.6,0.0,15.7,2409.2,208.7,1260,,SINDHUDURG,
Maharashtra,Sindhudurg,IMD110-P1260,1920,0.0,0.0,0.0,16.9,12.2,464.7,696.6,401.4,158.3,102.3,12.5,0.0,1864.7,0.0,29.1,1720.9,114.8,1260,,SINDHUDURG,
Maharashtra,Sindhudurg,IMD110-P1260,1921,0.0,0.0,1.0,13.7,0.0,802.7,733.9,530.4,303.2,59.7,24.1,0.0,2468.6,0.0,14.7,2370.2,83.8,1260,,SINDHUDURG,
Maharashtra,Sindhudurg,IMD110-P1260,1922,0.0,0.0,0.0,6.1,38.5,807.4,1272.1,395.7,153.7,36.4,242.8,0.0,2952.7,0.0,44.6,2628.9,279.2,1260,,SINDHUDURG,
Maharashtra,Sindhudurg,IMD110-P1260,1923,0.0,0.0,1.1,3.4,29.1,326.4,1695.2,448.9,343.9,11.8,0.0,0.0,2859.7,0.0,33.5,2814.4,11.8,1260,,SINDHUDURG,
Maharashtra,Sindhudurg,IMD110-P1260,1924,0.0,0.0,0.0,0.2,0.0,818.3,1203.3,339.3,268.0,29.7,0.5,0.0,2659.2,0.0,0.2,2628.9,30.2,1260,,SINDHUDURG,
Maharashtra,Sindhudurg,IMD110-P1260,1925,0.0,0.0,7.9,0.2,130.5,889.5,665.5,543.2,88.7,100.8,25.6,0.0,2451.9,0.0,138.5,2186.9,126.4,1260,,SINDHUDURG,
Maharashtra,Sindhudurg,IMD110-P1260,1926,14.5,0.0,0.0,0.0,0.0,491.0,874.2,933.7,291.3,59.3,1.7,0.0,2665.6,14.5,0.0,2590.2,61.0,1260,,SINDHUDURG,
Maharashtra,Sindhudurg,IMD110-P1260,1927,0.0,0.0,0.1,0.0,11.2,889.4,953.7,379.1,284.0,185.6,91.8,0.0,2794.8,0.0,11.3,2506.1,277.4,1260,,SINDHUDURG,
Maharashtra,Sindhudurg,IMD110-P1260,1928,0.0,1.7,0.0,2.7,0.2,1143.5,1100.9,934.9,123.9,217.9,15.7,0.0,3541.4,1.7,2.9,3303.2,233.7,1260,,SINDHUDURG,
Maharashtra,Sindhudurg,IMD110-P1260,1929,1.0,0.0,0.0,3.9,1.5,1388.0,674.5,416.0,215.1,145.5,10.9,7.9,2864.2,1.0,5.4,2693.5,164.3,1260,,SINDHUDURG,
Maharashtra,Sindhudurg,IMD110-P1260,1930,0.0,0.0,0.0,0.0,17.6,1215.3,462.0,458.3,256.7,202.7,16.7,0.1,2629.4,0.0,17.6,2392.3,219.5,1260,,SINDHUDURG,
Maharashtra,Sindhudurg,IMD110-P1260,1931,0.0,0.0,0.1,1.2,2.8,565.2,1840.5,744.6,181.3,315.9,68.3,13.2,3733.0,0.0,4.0,3331.6,397.4,1260,,SINDHUDURG,
Maharashtra,Sindhudurg,IMD110-P1260,1932,0.0,0.0,0.0,3.9,84.8,701.2,1101.8,522.9,437.7,320.7,38.6,1.6,3213.3,0.0,88.8,2763.5,361.0,1260,,SINDHUDURG,
Maharashtra,Sindhudurg,IMD110-P1260,1933,0.0,0.0,0.0,34.9,167.4,875.4,1012.6,420.4,245.6,262.9,19.0,54.7,3092.8,0.0,202.3,2553.9,336.6,1260,,SINDHUDURG,
Maharashtra,Sindhudurg,IMD110-P1260,1934,1.5,0.0,0.0,0.2,2.5,1261.7,753.2,622.4,312.9,38.7,33.3,0.0,3026.4,1.5,2.7,2950.2,72.0,1260,,SINDHUDURG,
Maharashtra,Sindhudurg,IMD110-P1260,1935,0.0,0.0,0.0,0.0,0.3,873.6,712.6,310.3,312.2,64.8,15.4,1.0,2290.2,0.0,0.3,2208.7,81.3,1260,,SINDHUDURG,
Maharashtra,Sindhudurg,IMD110-P1260,1936,0.0,0.0,0.0,0.0,40.2,1036.1,682.8,422.0,203.2,163.4,102.9,0.0,2650.7,0.0,40.2,2344.1,266.4,1260,,SINDHUDURG,
Maharashtra,Sindhudurg,IMD110-P1260,1937,0.0,0.0,0.0,94.8,0.0,830.9,1180.4,207.9,203.5,370.7,1.4,0.0,2889.7,0.0,94.8,2422.7,372.1,1260,,SINDHUDURG,
Maharashtra,Sindhudurg,IMD110-P1260,1938,0.0,0.0,10.3,3.6,48.7,875.3,713.1,509.1,508.8,181.8,8.2,0.0,2858.9,0.0,62.6,2606.3,190.0,1260,,SINDHUDURG,
Maharashtra,Sindhudurg,IMD110-P1260,1939,0.0,0.0,0.0,4.5,0.0,865.8,931.6,996.0,133.3,94.8,6.5,0.0,3032.4,0.0,4.5,2926.7,101.2,1260,,SINDHUDURG,
Maharashtra,Sindhudurg,IMD110-P1260,1940,0.0,0.2,2.5,0.0,5.6,564.6,959.3,964.0,149.6,166.1,19.8,0.0,2831.8,0.2,8.2,2637.5,185.9,1260,,SINDHUDURG,
Maharashtra,Sindhudurg,IMD110-P1260,1941,19.7,0.4,0.4,0.3,7.4,723.9,331.0,221.2,203.5,69.8,0.4,23.5,1601.3,20.0,8.1,1479.6,93.7,1261,,SINDHUDURG,
Maharashtra,Sindhudurg,IMD110-P1260,1942,0.0,0.0,0.0,3.5,1.0,1188.2,971.5,480.4,213.9,88.7,1.3,1.7,2950.2,0.0,4.4,2854.0,91.7,1261,,SINDHUDURG,
Maharashtra,Sindhudurg,IMD110-P1260,1943,6.8,0.0,0.0,0.0,288.1,803.6,871.0,267.5,530.9,167.8,25.8,0.0,2961.4,6.8,288.1,2472.9,193.6,1261,,SINDHUDURG,
Maharashtra,Sindhudurg,IMD110-P1260,1944,0.0,0.0,0.0,0.0,39.5,649.6,1418.8,411.1,69.7,211.4,33.1,0.0,2833.2,0.0,39.5,2549.2,244.5,1261,,SINDHUDURG,
Maharashtra,Sindhudurg,IMD110-P1260,1945,10.1,0.0,0.0,1.0,1.6,797.9,1317.5,429.2,345.0,60.3,2.4,0.0,2965.0,10.1,2.5,2889.6,62.7,1261,,SINDHUDURG,
Maharashtra,Sindhudurg,IMD110-P1260,1946,0.0,0.0,0.0,32.5,35.7,1003.8,649.3,722.8,236.5,27.5,186.2,21.1,2915.3,0.0,68.1,2612.4,234.8,1261,,SINDHUDURG,
Maharashtra,Sindhudurg,IMD110-P1260,1947,7.7,0.0,24.3,53.8,10.7,585.0,1232.9,856.7,263.2,25.1,5.8,11.8,3076.9,7.7,88.9,2937.7,42.6,1261,,SINDHUDURG,
Maharashtra,Sindhudurg,IMD110-P1260,1948,3.2,0.0,0.0,5.1,19.0,786.7,1403.7,802.9,401.1,58.8,117.3,0.0,3597.8,3.2,24.1,3394.4,176.1,1261,,SINDHUDURG,
Maharashtra,Sindhudurg,IMD110-P1260,1949,0.0,0.0,0.0,2.8,247.2,613.1,1143.4,436.3,649.3,162.6,16.9,0.0,3271.5,0.0,250.0,2842.1,179.5,1261,,SINDHUDURG,
Maharashtra,Sindhudurg,IMD110-P1260,1950,0.0,0.0,0.0,0.0,44.3,565.6,1484.4,431.7,975.1,172.6,9.1,0.0,3682.8,0.0,44.3,3456.8,181.7,1261,,SINDHUDURG,
Maharashtra,Sindhudurg,IMD110-P1260,1951,0.0,0.0,2.0,18.0,43.2,1085.8,1271.5,360.3,174.4,333.2,29.4,0.0,3317.6,0.0,63.1,2891.9,362.6,1261,,SINDHUDURG,
Maharashtra,Sindhudurg,IMD110-P1260,1952,0.0,0.0,0.0,4.6,35.0,1054.7,1061.9,730.4,79.3,255.0,0.0,2.8,3223.8,0.0,39.6,2926.4,257.7,1261,,SINDHUDURG,
Maharashtra,Sindhudurg,IMD110-P1260,1953,0.0,0.0,0.0,16.1,0.1,896.4,1645.9,533.9,160.8,232.9,0.0,0.0,3486.1,0.0,16.2,3236.9,232.9,1261,,SINDHUDURG,
Maharashtra,Sindhudurg,IMD110-P1260,1954,0.0,0.1,4.2,20.4,10.2,598.7,1388.8,775.1,446.7,64.2,0.0,11.0,3319.4,0.1,34.7,3209.3,75.2,1261,,SINDHUDURG,
Maharashtra,Sindhudurg,IMD110-P1260,1955,0.0,0.0,1.2,16.2,70.6,1093.7,1148.8,939.5,350.9,339.3,15.0,0.0,3975.2,0.0,88.0,3532.9,354.3,1261,,SINDHUDURG,
Maharashtra,Sindhudurg,IMD110-P1260,1956,0.0,0.2,0.0,1.8,227.5,875.0,1097.2,472.4,359.1,223.8,47.4,0.0,3304.4,0.2,229.3,2803.7,271.2,1261,,SINDHUDURG,
Maharashtra,Sindhudurg,IMD110-P1260,1957,0.0,0.0,0.0,3.2,24.3,675.4,1119.7,933.1,282.0,118.5,48.0,0.0,3204.2,0.0,27.5,3010.2,166.5,1261,,SINDHUDURG,
Maharashtra,Sindhudurg,IMD110-P1260,1958,0.0,0.8,0.0,19.6,46.0,1287.1,875.8,1116.2,195.8,92.1,14.3,0.2,3647.8,0.9,65.5,3474.8,106.6,1261,,SINDHUDURG,
Maharashtra,Sindhudurg,IMD110-P1260,1959,0.0,0.0,0.0,4.3,63.5,1081.9,1019.6,446.9,329.0,73.5,37.6,0.0,3056.4,0.0,67.8,2877.4,111.1,1261,,SINDHUDURG,
Maharashtra,Sindhudurg,IMD110-P1260,1960,0.0,0.0,0.0,0.5,216.3,854.6,1015.8,408.4,405.1,45.9,40.3,0.0,2987.0,0.0,216.8,2683.9,86.2,1261,,SINDHUDURG,
Maharashtra,Sindhudurg,IMD110-P1260,1961,0.0,0.0,0.0,1.8,422.1,1068.0,1121.2,615.8,556.4,114.4,9.2,0.0,3908.9,0.0,423.9,3361.4,123.6,1261,,SINDHUDURG,
Maharashtra,Sindhudurg,IMD110-P1260,1962,0.0,0.0,0.0,0.0,171.2,546.3,1228.9,900.7,376.8,63.2,36.4,228.4,3551.7,0.0,171.2,3052.6,328.0,1261,,SINDHUDURG,
Maharashtra,Sindhudurg,IMD110-P1260,1963,0.0,0.0,0.0,3.8,24.5,884.8,982.6,1256.7,224.2,192.4,35.8,0.0,3604.8,0.0,28.3,3348.3,228.2,1261,,SINDHUDURG,
Maharashtra,Sindhudurg,IMD110-P1260,1964,0.0,0.0,0.0,5.9,0.1,701.6,923.4,1000.5,305.1,244.6,19.3,0.0,3200.5,0.0,6.1,2930.6,263.9,1261,,SINDHUDURG,
Maharashtra,Sindhudurg,IMD110-P1260,1965,10.0,0.0,0.0,10.8,0.0,891.4,1091.4,513.8,162.4,4.2,5.3,139.3,2828.6,10.0,10.8,2659.0,148.8,1261,,SINDHUDURG,
Maharashtra,Sindhudurg,IMD110-P1260,1966,0.0,0.0,0.0,0.0,149.3,501.8,1125.1,180.7,433.4,83.9,320.0,0.7,2794.9,0.0,149.3,2241.0,404.6,1261,,SINDHUDURG,
Maharashtra,Sindhudurg,IMD110-P1260,1967,0.0,0.0,0.0,2.1,12.9,806.5,1122.9,342.9,356.6,109.7,1.6,3.1,2758.4,0.0,15.1,2628.9,114.4,1261,,SINDHUDURG,
Maharashtra,Sindhudurg,IMD110-P1260,1968,0.0,2.3,0.0,0.7,0.7,764.6,1171.6,263.6,151.3,141.4,9.5,0.0,2505.6,2.3,1.4,2351.0,150.9,1261,,SINDHUDURG,
Maharashtra,Sindhudurg,IMD110-P1260,1969,0.0,0.0,0.0,1.7,3.1,712.0,1267.3,431.3,545.5,64.6,12.8,0.6,3038.7,0.0,4.8,2956.0,77.9,1261,,SINDHUDURG,
Maharashtra,Sindhudurg,IMD110-P1260,1970,0.0,0.0,0.0,1.2,169.6,1154.9,938.8,969.3,254.8,113.1,0.0,0.0,3601.7,0.0,170.8,3317.8,113.1,1261,,SINDHUDURG,
Maharashtra,Sindhudurg,IMD110-P1260,1971,0.0,0.0,0.0,0.5,53.2,1259.3,637.3,427.8,225.9,44.7,0.0,0.0,2648.7,0.0,53.6,2550.3,44.7,1261,,SINDHUDURG,
Maharashtra,Sindhudurg,IMD110-P1260,1972,0.0,0.0,0.0,0.2,22.0,776.0,747.7,359.1,141.2,29.5,25.2,0.0,2100.8,0.0,22.1,2023.9,54.7,1261,,SINDHUDURG,
Maharashtra,Sindhudurg,IMD110-P1260,1973,0.0,0.0,0.0,0.0,5.7,520.9,752.6,1057.5,137.2,122.3,2.1,0.0,2598.3,0.0,5.7,2468.1,124.5,1261,,SINDHUDURG,
Maharashtra,Sindhudurg,IMD110-P1260,1974,0.0,0.0,0.0,10.9,70.5,846.8,1067.1,699.6,456.2,183.8,0.0,0.0,3334.9,0.0,81.4,3069.7,183.8,1261,,SINDHUDURG,
Maharashtra,Sindhudurg,IMD110-P1260,1975,0.0,0.0,0.0,0.0,10.6,988.6,1067.5,665.8,531.8,297.4,34.8,0.0,3596.5,0.0,10.6,3253.7,332.2,1261,,SINDHUDURG,
Maharashtra,Sindhudurg,IMD110-P1260,1976,0.0,0.0,5.9,2.3,13.8,577.8,1080.0,570.4,197.8,30.4,90.6,0.0,2569.1,0.0,22.1,2426.0,121.0,1261,,SINDHUDURG,
Maharashtra,Sindhudurg,IMD110-P1260,1977,0.0,0.0,0.0,0.4,8.3,867.5,1480.0,552.9,244.2,56.4,125.9,0.0,3335.6,0.0,8.7,3144.6,182.3,1261,,SINDHUDURG,
Maharashtra,Sindhudurg,IMD110-P1260,1978,0.0,0.0,0.0,5.3,231.8,1201.4,1072.8,523.8,325.2,87.1,15.1,1.5,3464.1,0.0,237.1,3123.4,103.6,1261,,SINDHUDURG,
Maharashtra,Sindhudurg,IMD110-P1260,1979,0.0,0.0,0.2,0.0,0.0,688.4,633.4,484.5,227.1,55.1,79.8,0.0,2168.5,0.0,0.2,2033.4,134.9,1261,,SINDHUDURG,
Maharashtra,Sindhudurg,IMD110-P1260,1980,0.0,0.0,0.0,4.3,1.6,1119.4,815.4,810.4,171.3,31.1,35.7,39.7,3028.8,0.0,5.9,2916.4,106.5,1261,,SINDHUDURG,
Maharashtra,Sindhudurg,IMD110-P1260,1981,0.0,0.0,0.0,0.2,3.8,1291.4,1049.6,831.3,471.2,60.8,20.3,0.6,3729.1,0.0,4.0,3643.5,81.7,1261,,SINDHUDURG,
Maharashtra,Sindhudurg,IMD110-P1260,1982,0.0,0.0,0.0,0.0,1.9,815.2,964.6,913.4,213.5,72.1,71.7,0.0,3052.4,0.0,1.9,2906.7,143.8,1262,,SINDHUDURG,
Maharashtra,Sindhudurg,IMD110-P1260,1983,0.0,0.0,0.0,0.0,0.0,746.5,1076.0,1321.3,724.5,95.1,38.8,3.9,4006.0,0.0,0.0,3868.3,137.7,1262,,SINDHUDURG,
Maharashtra,Sindhudurg,IMD110-P1260,1984,0.0,0.0,0.0,2.3,0.0,814.9,767.8,388.1,212.3,135.1,4.2,2.0,2326.6,0.0,2.3,2183.1,141.2,1262,,SINDHUDURG,
Maharashtra,Sindhudurg,IMD110-P1260,1985,0.0,0.0,0.0,0.0,56.4,1472.2,911.2,641.0,98.6,276.4,2.4,0.0,3458.1,0.0,56.4,3123.0,278.7,1262,,SINDHUDURG,
Maharashtra,Sindhudurg,IMD110-P1260,1986,0.0,0.0,0.0,0.0,0.0,777.0,546.0,527.0,29.0,19.0,80.0,0.0,1978.0,0.0,0.0,1879.0,99.0,1262,,SINDHUDURG,
Maharashtra,Sindhudurg,IMD110-P1260,1987,0.0,0.0,0.0,0.0,9.6,853.4,842.5,805.6,144.1,250.5,37.6,3.0,2946.3,0.0,9.6,2645.6,291.1,1262,,SINDHUDURG,
Maharashtra,Sindhudurg,IMD110-P1260,1988,0.0,0.0,0.0,0.0,3.3,632.3,1211.8,818.6,646.6,66.3,0.0,0.0,3378.9,0.0,3.3,3309.2,66.3,1262,,SINDHUDURG,
Maharashtra,Sindhudurg,IMD110-P1260,1989,0.0,0.0,0.0,1.8,1.7,954.1,866.5,553.0,281.7,85.3,3.2,0.0,2747.2,0.0,3.5,2655.2,88.5,1262,,SINDHUDURG,
Maharashtra,Sindhudurg,IMD110-P1260,1990,0.0,0.0,0.0,0.0,296.2,929.3,796.5,789.8,275.2,94.6,22.7,0.0,3204.4,0.0,296.2,2790.9,117.3,1262,,SINDHUDURG,
Maharashtra,Sindhudurg,IMD110-P1260,1991,0.0,0.0,0.0,2.8,39.1,714.6,1320.3,612.1,115.2,47.8,0.2,0.1,2852.3,0.0,41.9,2762.2,48.1,1262,,SINDHUDURG,
Maharashtra,Sindhudurg,IMD110-P1260,1992,0.0,0.0,0.0,0.0,21.9,960.9,903.0,767.8,231.2,90.4,10.9,0.0,2986.0,0.0,21.9,2862.9,101.3,1262,,SINDHUDURG,
Maharashtra,Sindhudurg,IMD110-P1260,1993,0.0,0.0,0.0,0.4,29.8,580.4,1362.9,601.2,425.8,268.5,16.4,8.0,3293.4,0.0,30.2,2970.3,293.0,1262,,SINDHUDURG,
Maharashtra,Sindhudurg,IMD110-P1260,1994,0.0,0.0,0.0,39.5,10.6,948.6,924.6,547.5,259.3,235.4,0.4,0.0,2965.9,0.0,50.2,2680.0,235.8,1262,,SINDHUDURG,
Maharashtra,Sindhudurg,IMD110-P1260,1995,0.7,0.0,0.0,8.1,19.3,632.4,1390.6,936.5,333.2,229.2,4.5,0.0,3554.4,0.7,27.3,3292.6,233.7,1262,,SINDHUDURG,
Maharashtra,Sindhudurg,IMD110-P1260,1996,0.0,0.0,0.0,0.0,1.4,850.4,1086.5,553.5,421.0,382.2,0.4,0.2,3295.6,0.0,1.4,2911.4,382.8,1262,,SINDHUDURG,
Maharashtra,Sindhudurg,IMD110-P1260,1997,2.5,0.0,0.0,0.6,0.0,946.0,1223.4,886.6,78.6,34.9,60.8,92.5,3325.9,2.5,0.6,3134.6,188.1,1262,,SINDHUDURG,
Maharashtra,Sindhudurg,IMD110-P1260,1998,0.0,0.0,0.0,0.0,11.4,1104.6,1150.9,722.7,464.6,331.8,67.4,0.0,3853.4,0.0,11.4,3442.8,399.2,1262,,SINDHUDURG,
Maharashtra,Sindhudurg,IMD110-P1260,1999,0.0,0.0,0.0,0.0,29.7,1375.7,1158.8,278.7,201.8,141.0,0.3,0.0,3185.9,0.0,29.7,3014.9,141.3,1262,,SINDHUDURG,
Maharashtra,Sindhudurg,IMD110-P1260,2000,7.8,0.0,0.0,0.0,327.4,1000.7,1408.9,746.1,136.4,116.2,0.4,0.0,3743.9,7.8,327.4,3292.1,116.6,1262,,SINDHUDURG,
Maharashtra,Sindhudurg,IMD110-P1260,2001,7.2,0.0,0.0,10.1,91.5,520.3,952.3,425.6,106.0,147.5,0.0,0.0,2260.5,7.2,101.7,2004.1,147.5,1262,,SINDHUDURG,
Maharashtra,Sindhudurg,IMD110-P1260,2002,0.0,0.0,0.0,14.1,2.4,882.7,479.6,708.5,179.5,80.4,9.5,0.0,2356.7,0.0,16.5,2250.3,89.9,1262,,SINDHUDURG,
Maharashtra,Sindhudurg,IMD110-P1260,2003,0.0,0.0,0.0,0.0,1.2,782.3,1006.4,519.2,216.6,84.4,2.6,0.0,2612.7,0.0,1.2,2524.4,87.0,1262,,SINDHUDURG,
Maharashtra,Sindhudurg,IMD110-P1260,2004,0.0,0.0,0.0,0.0,57.5,869.0,724.7,619.9,240.8,37.6,31.6,0.0,2581.2,0.0,57.5,2454.5,69.3,1262,,SINDHUDURG,
Maharashtra,Sindhudurg,IMD110-P1260,2005,0.9,0.3,12.3,13.9,33.5,746.6,1158.3,553.0,526.0,91.5,0.0,0.3,3136.6,1.2,59.7,2984.0,91.8,1262,,SINDHUDURG,
Maharashtra,Sindhudurg,IMD110-P1260,2006,0.0,0.0,4.4,0.0,347.3,760.4,739.8,628.5,520.7,285.7,21.0,0.0,3307.9,0.0,351.7,2649.4,306.7,1262,,SINDHUDURG,
Maharashtra,Sindhudurg,IMD110-P1260,2007,0.0,0.0,0.0,3.4,51.0,984.5,728.8,996.3,733.3,100.3,59.2,0.1,3656.8,0.0,54.3,3442.9,159.6,1262,,SINDHUDURG,
Maharashtra,Sindhudurg,IMD110-P1260,2008,0.0,0.2,72.9,0.0,23.1,863.5,640.5,941.7,658.3,44.8,0.0,0.0,3244.9,0.2,96.0,3103.9,44.8,1262,,SINDHUDURG,
Maharashtra,Sindhudurg,IMD110-P1260,2009,0.0,0.0,0.0,0.0,15.8,617.3,1587.9,359.0,407.0,521.8,158.1,0.1,3667.0,0.0,15.8,2971.2,680.0,1262,,SINDHUDURG,
Maharashtra,Sindhudurg,IMD110-P1260,2010,0.1,0.0,0.0,3.1,16.7,1006.5,1717.3,884.2,560.6,304.9,144.4,0.0,4637.7,0.1,19.8,4168.6,449.2,1262,,SINDHUDURG,
Maharashtra,Thane,IMD110-P1263,1901,11.8,0.0,0.0,1.4,23.4,406.5,922.1,685.8,91.9,21.0,0.0,0.0,2163.9,11.8,24.7,2106.3,21.1,1263,,THANE,
Maharashtra,Thane,IMD110-P1263,1902,0.0,0.0,0.0,0.0,1.0,146.0,701.9,555.8,711.7,37.4,17.5,23.1,2194.4,0.0,1.0,2115.4,78.0,1263,,THANE,
Maharashtra,Thane,IMD110-P1263,1903,0.0,0.0,0.1,0.0,200.9,244.2,1067.6,605.8,350.6,156.7,0.4,0.0,2626.3,0.0,201.0,2268.2,157.1,1263,,THANE,
Maharashtra,Thane,IMD110-P1263,1904,0.0,0.1,19.7,2.5,0.5,652.3,504.1,287.1,142.2,70.3,0.0,0.1,1678.8,0.1,22.6,1585.6,70.4,1263,,THANE,
Maharashtra,Thane,IMD110-P1263,1905,0.1,0.0,0.0,0.0,0.0,76.7,767.8,210.9,181.8,48.8,9.4,0.0,1295.4,0.1,0.0,1237.1,58.2,1263,,THANE,
Maharashtra,Thane,IMD110-P1263,1906,0.0,1.6,0.0,0.0,0.0,415.0,881.1,435.8,152.6,15.2,0.0,0.0,1901.3,1.6,0.0,1884.5,15.2,1263,,THANE,
Maharashtra,Thane,IMD110-P1263,1907,1.1,1.8,0.0,2.1,0.0,394.9,1185.4,831.3,96.8,3.9,0.0,0.0,2517.3,2.9,2.1,2508.4,3.9,1263,,THANE,
Maharashtra,Thane,IMD110-P1263,1908,1.4,0.0,0.0,0.0,0.0,243.1,1041.7,599.6,187.6,13.0,0.0,0.0,2086.5,1.4,0.0,2072.0,13.0,1263,,THANE,
Maharashtra,Thane,IMD110-P1263,1909,0.0,0.0,0.0,0.1,0.0,572.5,1038.3,398.1,366.5,16.5,0.0,0.0,2392.1,0.0,0.1,2375.4,16.5,1263,,THANE,
Maharashtra,Thane,IMD110-P1263,1910,0.0,0.0,0.0,0.0,0.0,466.9,327.5,857.4,214.4,182.6,44.6,0.0,2093.5,0.0,0.0,1866.3,227.2,1263,,THANE,
Maharashtra,Thane,IMD110-P1263,1911,0.7,0.0,8.9,0.0,0.0,374.0,348.7,859.5,143.4,4.9,10.9,0.0,1750.9,0.7,8.9,1725.6,15.8,1263,,THANE,
Maharashtra,Thane,IMD110-P1263,1912,0.0,0.0,0.0,0.0,20.2,346.9,1195.3,430.0,98.2,58.9,78.9,0.0,2228.4,0.0,20.2,2070.4,137.8,1263,,THANE,
Maharashtra,Thane,IMD110-P1263,1913,0.0,0.0,0.0,0.0,0.6,896.8,880.3,353.6,246.0,83.8,0.0,0.0,2461.2,0.0,0.6,2376.8,83.8,1263,,THANE,
Maharashtra,Thane,IMD110-P1263,1914,0.0,2.8,0.0,0.0,0.5,543.7,1419.0,535.6,555.2,2.4,8.6,0.0,3067.7,2.8,0.5,3053.5,11.0,1263,,THANE,
Maharashtra,Thane,IMD110-P1263,1915,0.3,12.3,3.4,3.8,3.5,556.1,573.3,333.2,260.3,192.5,1.3,0.0,1939.9,12.6,10.7,1722.8,193.8,1263,,THANE,
Maharashtra,Thane,IMD110-P1263,1916,0.0,0.0,0.0,1.0,8.5,389.2,546.1,698.8,434.5,202.5,9.3,0.0,2289.9,0.0,9.5,2068.5,211.9,1263,,THANE,
Maharashtra,Thane,IMD110-P1263,1917,0.0,7.6,0.8,0.0,33.7,568.2,486.4,872.6,518.7,542.4,0.0,0.0,3030.5,7.6,34.5,2446.0,542.4,1263,,THANE,
Maharashtra,Thane,IMD110-P1263,1918,0.0,0.0,0.5,0.0,147.3,195.0,307.6,665.2,67.3,0.0,6.1,0.0,1389.0,0.0,147.8,1235.1,6.1,1263,,THANE,
Maharashtra,Thane,IMD110-P1263,1919,6.5,0.0,0.0,0.0,0.2,449.9,1060.2,595.4,247.1,51.1,15.6,0.0,2426.0,6.5,0.2,2352.6,66.8,1263,,THANE,
Maharashtra,Thane,IMD110-P1263,1920,32.9,1.9,0.1,0.1,1.7,319.3,715.0,256.3,231.8,12.3,0.0,0.0,1571.4,34.7,2.0,1522.4,12.3,1263,,THANE,
Maharashtra,Thane,IMD110-P1263,1921,0.0,0.0,0.0,0.0,0.0,353.3,1284.1,422.7,437.5,23.4,0.0,0.0,2521.0,0.0,0.0,2497.6,23.4,1263,,THANE,
Maharashtra,Thane,IMD110-P1263,1922,0.0,0.0,0.0,3.9,0.1,561.1,1046.6,273.2,316.8,25.8,14.0,3.2,2244.6,0.0,4.0,2197.7,43.0,1263,,THANE,
Maharashtra,Thane,IMD110-P1263,1923,0.0,1.3,1.3,2.4,1.6,64.6,1335.6,398.9,421.5,4.7,0.0,0.0,2231.8,1.3,5.3,2220.5,4.7,1263,,THANE,
Maharashtra,Thane,IMD110-P1263,1924,0.0,0.0,0.0,0.1,0.0,261.7,597.3,757.0,357.6,4.9,1.1,0.0,1979.6,0.0,0.1,1973.5,6.0,1263,,THANE,
Maharashtra,Thane,IMD110-P1263,1925,0.0,0.0,0.3,0.0,133.7,749.4,519.9,380.5,85.4,24.5,22.9,0.3,1916.9,0.0,134.1,1735.2,47.6,1263,,THANE,
Maharashtra,Thane,IMD110-P1263,1926,47.0,0.0,0.0,0.7,1.9,101.6,1273.8,1029.0,425.0,10.4,0.0,0.0,2889.4,47.0,2.6,2829.3,10.4,1263,,THANE,
Maharashtra,Thane,IMD110-P1263,1927,0.0,0.1,0.1,0.0,0.0,587.4,826.8,334.9,192.8,128.9,70.6,5.3,2146.9,0.1,0.1,1941.9,204.8,1263,,THANE,
Maharashtra,Thane,IMD110-P1263,1928,0.0,0.1,0.0,0.0,0.0,204.3,1024.4,776.3,312.5,37.0,2.8,0.0,2357.3,0.1,0.0,2317.5,39.7,1263,,THANE,
Maharashtra,Thane,IMD110-P1263,1929,0.6,0.0,4.6,5.9,0.0,340.1,557.3,402.0,228.8,98.7,1.4,17.9,1657.2,0.6,10.4,1528.1,118.1,1263,,THANE,
Maharashtra,Thane,IMD110-P1263,1930,0.0,0.9,0.0,0.0,0.9,715.5,795.4,358.5,530.6,63.7,0.0,2.3,2467.8,0.9,0.9,2400.0,66.0,1263,,THANE,
Maharashtra,Thane,IMD110-P1263,1931,0.0,0.0,0.0,0.1,2.1,145.3,1489.4,732.9,247.9,545.7,29.4,22.9,3215.6,0.0,2.2,2615.5,598.0,1263,,THANE,
Maharashtra,Thane,IMD110-P1263,1932,0.0,0.0,0.0,0.0,14.2,220.4,1324.1,301.1,273.1,168.4,11.5,9.6,2322.4,0.0,14.2,2118.7,189.5,1263,,THANE,
Maharashtra,Thane,IMD110-P1263,1933,0.0,0.3,3.8,0.0,54.3,574.8,568.0,759.2,546.4,99.2,1.8,5.1,2613.0,0.3,58.1,2448.4,106.1,1263,,THANE,
Maharashtra,Thane,IMD110-P1263,1934,0.0,0.0,0.3,0.7,0.0,710.5,732.1,675.5,245.2,31.1,42.1,0.0,2437.5,0.0,1.0,2363.3,73.2,1263,,THANE,
Maharashtra,Thane,IMD110-P1263,1935,1.2,0.0,0.0,0.0,0.0,607.6,786.5,405.4,361.6,71.1,0.3,0.0,2233.8,1.2,0.0,2161.2,71.5,1263,,THANE,
Maharashtra,Thane,IMD110-P1263,1936,0.0,0.6,0.3,0.0,0.9,802.6,571.6,365.7,397.1,2.7,75.5,0.0,2217.0,0.6,1.2,2137.0,78.3,1263,,THANE,
Maharashtra,Thane,IMD110-P1263,1937,0.0,8.7,0.5,2.4,0.0,791.5,1279.5,199.3,454.8,37.6,0.0,0.3,2774.5,8.7,2.9,2725.1,37.9,1263,,THANE,
Maharashtra,Thane,IMD110-P1263,1938,0.0,0.3,0.0,0.2,35.3,984.0,759.4,531.6,153.9,393.9,17.8,0.1,2876.3,0.3,35.5,2428.8,411.8,1263,,THANE,
Maharashtra,Thane,IMD110-P1263,1939,0.0,0.0,0.3,3.3,0.0,146.1,1012.6,576.0,180.4,22.1,5.8,0.0,1946.7,0.0,3.7,1915.1,27.9,1263,,THANE,
Maharashtra,Thane,IMD110-P1263,1940,11.9,14.6,5.7,2.2,0.3,578.0,886.7,680.9,373.2,222.8,24.0,0.0,2800.2,26.5,8.3,2518.8,246.8,1263,,THANE,
Maharashtra,Thane,IMD110-P1263,1941,0.3,0.3,0.0,0.1,0.0,273.3,1080.7,205.2,185.2,32.5,0.0,0.0,1777.5,0.5,0.1,1744.4,32.5,1264,,THANE,
Maharashtra,Thane,IMD110-P1263,1942,0.0,0.0,0.0,0.0,0.0,569.0,1454.6,390.0,352.9,0.0,0.0,6.9,2773.4,0.0,0.0,2766.5,6.9,1264,,THANE,
Maharashtra,Thane,IMD110-P1263,1943,0.8,0.0,0.0,0.0,96.0,537.9,1389.8,180.2,335.1,146.2,7.7,0.0,2693.7,0.8,96.0,2443.0,153.9,1264,,THANE,
Maharashtra,Thane,IMD110-P1263,1944,0.0,0.0,0.1,0.0,3.1,421.0,1344.5,741.1,71.8,119.2,0.0,0.0,2700.6,0.0,3.2,2578.3,119.2,1264,,THANE,
Maharashtra,Thane,IMD110-P1263,1945,12.8,0.0,0.0,0.0,0.0,541.6,1215.0,674.1,282.1,25.9,2.3,0.0,2753.7,12.8,0.0,2712.7,28.2,1264,,THANE,
Maharashtra,Thane,IMD110-P1263,1946,0.0,0.6,0.0,2.0,13.2,428.5,962.5,741.3,256.7,40.3,144.7,5.5,2595.4,0.6,15.3,2389.0,190.5,1264,,THANE,
Maharashtra,Thane,IMD110-P1263,1947,1.9,0.0,0.0,89.0,0.0,102.0,868.4,733.4,542.0,33.8,0.0,0.0,2370.4,1.9,89.0,2245.8,33.8,1264,,THANE,
Maharashtra,Thane,IMD110-P1263,1948,21.3,0.0,0.0,0.1,0.1,381.2,683.6,442.1,261.8,44.0,231.3,0.0,2065.6,21.3,0.2,1768.8,275.3,1264,,THANE,
Maharashtra,Thane,IMD110-P1263,1949,0.0,0.0,0.0,0.0,46.9,252.9,931.8,543.4,741.2,61.4,0.3,0.0,2577.8,0.0,46.9,2469.3,61.6,1264,,THANE,
Maharashtra,Thane,IMD110-P1263,1950,0.0,0.0,0.0,0.1,0.0,106.8,1205.3,185.9,450.9,30.5,0.1,0.0,1979.6,0.0,0.1,1949.0,30.6,1264,,THANE,
Maharashtra,Thane,IMD110-P1263,1951,0.0,0.0,4.8,2.9,4.7,272.0,732.9,605.4,57.3,303.7,17.5,0.0,2001.2,0.0,12.4,1667.5,321.3,1264,,THANE,
Maharashtra,Thane,IMD110-P1263,1952,0.0,0.0,0.0,0.0,0.9,589.3,985.5,300.9,82.9,66.0,0.0,0.4,2025.8,0.0,0.9,1958.6,66.4,1264,,THANE,
Maharashtra,Thane,IMD110-P1263,1953,0.0,0.0,0.0,2.0,0.0,871.7,762.2,721.4,268.4,49.1,0.0,0.0,2674.7,0.0,2.0,2623.6,49.1,1264,,THANE,
Maharashtra,Thane,IMD110-P1263,1954,0.0,5.7,3.2,0.1,0.3,556.0,1140.5,740.7,970.8,17.8,0.0,1.7,3436.8,5.7,3.6,3408.0,19.5,1264,,THANE,
Maharashtra,Thane,IMD110-P1263,1955,0.4,0.0,2.4,2.5,9.6,462.8,652.0,1117.6,470.9,154.9,3.1,0.0,2876.2,0.4,14.4,2703.4,158.0,1264,,THANE,
Maharashtra,Thane,IMD110-P1263,1956,0.0,0.0,0.0,1.3,78.4,472.0,1448.0,784.9,496.4,155.1,23.4,0.0,3459.4,0.0,79.7,3201.2,178.5,1264,,THANE,
Maharashtra,Thane,IMD110-P1263,1957,0.0,0.0,0.0,0.0,10.5,482.2,968.3,814.8,75.2,21.6,20.4,0.0,2393.0,0.0,10.5,2340.5,42.0,1264,,THANE,
Maharashtra,Thane,IMD110-P1263,1958,0.6,0.0,0.1,3.7,3.1,635.9,1516.9,956.6,649.3,33.1,12.9,0.0,3812.3,0.6,7.0,3758.7,46.1,1264,,THANE,
Maharashtra,Thane,IMD110-P1263,1959,0.0,0.0,0.0,0.6,10.5,378.5,1558.8,701.4,529.0,362.0,6.3,0.0,3547.2,0.0,11.0,3167.7,368.4,1264,,THANE,
Maharashtra,Thane,IMD110-P1263,1960,0.0,0.0,0.0,1.9,9.2,727.6,861.0,462.2,243.3,76.3,0.0,0.0,2381.5,0.0,11.2,2294.0,76.3,1264,,THANE,
Maharashtra,Thane,IMD110-P1263,1961,0.0,5.5,0.0,0.0,24.4,401.3,1601.0,586.3,343.3,178.2,0.0,0.0,3140.0,5.5,24.4,2931.9,178.2,1264,,THANE,
Maharashtra,Thane,IMD110-P1263,1962,0.0,0.0,0.0,0.1,52.4,271.5,1087.9,606.7,517.5,14.3,7.9,28.0,2586.2,0.0,52.5,2483.5,50.2,1264,,THANE,
Maharashtra,Thane,IMD110-P1263,1963,0.0,0.0,0.0,0.0,0.0,302.1,1086.4,1178.4,271.5,40.3,19.9,0.0,2898.6,0.0,0.0,2838.4,60.3,1264,,THANE,
Maharashtra,Thane,IMD110-P1263,1964,0.0,0.0,0.0,0.0,8.4,505.3,870.4,729.6,335.9,28.5,26.1,0.0,2504.3,0.0,8.4,2441.3,54.6,1264,,THANE,
Maharashtra,Thane,IMD110-P1263,1965,0.0,0.0,0.0,0.0,0.0,396.4,1363.6,445.0,103.4,2.0,2.0,0.0,2312.3,0.0,0.0,2308.3,4.0,1264,,THANE,
Maharashtra,Thane,IMD110-P1263,1966,0.0,0.0,0.0,0.0,6.0,348.5,1022.4,292.7,446.3,23.3,0.0,0.0,2139.3,0.0,6.0,2109.9,23.3,1264,,THANE,
Maharashtra,Thane,IMD110-P1263,1967,0.0,0.0,6.3,0.0,0.0,727.2,971.3,486.7,291.6,25.5,0.0,,,0.0,6.3,2476.8,,1264,missing_months,THANE,
Maharashtra,Thane,IMD110-P1263,1968,0.0,0.0,0.0,0.0,0.0,242.3,944.4,550.9,183.2,57.6,2.2,0.0,1980.6,0.0,0.0,1920.8,59.9,1264,,THANE,
Maharashtra,Thane,IMD110-P1263,1969,0.0,0.0,0.0,0.0,0.0,529.4,974.5,477.2,692.6,3.3,27.2,0.0,2704.3,0.0,0.0,2673.8,30.5,1264,,THANE,
Maharashtra,Thane,IMD110-P1263,1970,0.1,0.0,0.0,0.0,19.2,716.7,773.3,1020.8,318.1,74.0,0.0,0.0,2922.2,0.1,19.2,2828.9,74.0,1264,,THANE,
Maharashtra,Thane,IMD110-P1263,1971,0.0,0.0,0.0,0.0,43.3,816.1,533.6,704.1,495.8,19.3,0.0,0.0,2612.3,0.0,43.3,2549.7,19.3,1264,,THANE,
Maharashtra,Thane,IMD110-P1263,1972,0.0,0.0,0.0,0.0,0.0,346.4,701.7,364.2,110.4,0.2,17.1,0.0,1540.0,0.0,0.0,1522.7,17.3,1264,,THANE,
Maharashtra,Thane,IMD110-P1263,1973,0.0,1.4,0.0,0.0,0.0,310.9,896.2,511.4,626.3,29.9,0.8,0.0,2377.0,1.5,0.0,2344.8,30.7,1264,,THANE,
Maharashtra,Thane,IMD110-P1263,1974,1.5,0.0,0.0,1.8,58.4,132.5,831.2,548.2,247.8,161.1,0.0,0.0,1982.5,1.5,60.2,1759.7,161.1,1264,,THANE,
Maharashtra,Thane,IMD110-P1263,1975,0.0,0.3,0.0,0.0,9.0,628.6,783.5,824.5,500.1,93.6,0.9,0.0,2840.5,0.3,9.0,2736.7,94.5,1264,,THANE,
Maharashtra,Thane,IMD110-P1263,1976,0.0,0.0,0.0,0.0,0.1,616.7,1325.0,835.1,364.6,1.1,41.9,0.0,3184.5,0.0,0.1,3141.4,43.0,1264,,THANE,
Maharashtra,Thane,IMD110-P1263,1977,0.0,0.0,0.0,0.0,0.3,473.2,968.2,417.8,455.7,42.7,28.5,0.0,2386.4,0.0,0.3,2314.9,71.3,1264,,THANE,
Maharashtra,Thane,IMD110-P1263,1978,0.0,0.0,0.1,4.9,0.4,609.8,528.2,333.0,133.7,43.4,50.0,0.0,1703.3,0.0,5.4,1604.6,93.4,1264,,THANE,
Maharashtra,Thane,IMD110-P1263,1979,0.0,1.4,0.0,0.0,0.0,443.8,590.0,822.6,180.1,23.1,97.2,12.6,2170.8,1.4,0.0,2036.5,133.0,1264,,THANE,
Maharashtra,Thane,IMD110-P1263,1980,0.1,0.0,0.0,0.0,0.0,611.3,691.3,683.1,193.1,10.6,1.8,17.1,2208.3,0.1,0.0,2178.7,29.5,1264,,THANE,
Maharashtra,Thane,IMD110-P1263,1981,1.4,0.0,0.0,0.0,0.0,309.9,1041.5,605.3,488.9,52.6,13.5,0.0,2513.0,1.4,0.0,2445.6,66.1,1264,,THANE,
Maharashtra,Thane,IMD110-P1263,1982,0.0,0.0,0.0,0.0,2.0,258.0,744.0,649.1,158.6,13.7,65.8,0.0,1891.1,0.0,2.0,1809.6,79.5,1265,,THANE,
Maharashtra,Thane,IMD110-P1263,1983,0.0,0.0,0.0,0.7,0.0,330.0,966.6,1030.7,417.5,154.0,0.0,0.0,2899.5,0.0,0.7,2744.8,154.0,1265,,THANE,
Maharashtra,Thane,IMD110-P1263,1984,0.0,0.0,0.0,0.0,0.0,470.4,864.5,468.4,134.9,99.6,0.3,0.0,2038.1,0.0,0.0,1938.2,99.9,1265,,THANE,
Maharashtra,Thane,IMD110-P1263,1985,0.0,0.0,0.0,0.0,0.6,327.8,824.5,512.7,139.9,125.4,0.0,0.0,1930.8,0.0,0.6,1804.8,125.4,1265,,THANE,
Maharashtra,Thane,IMD110-P1263,1986,0.0,0.0,0.0,0.0,0.0,568.7,577.0,498.0,40.8,2.3,20.4,8.4,1715.7,0.0,0.0,1684.6,31.1,1265,,THANE,
Maharashtra,Thane,IMD110-P1263,1987,0.0,1.3,0.0,1.1,0.0,260.2,618.3,724.7,54.6,34.7,5.8,3.5,1704.2,1.3,1.1,1657.8,44.0,1265,,THANE,
Maharashtra,Thane,IMD110-P1263,1988,0.0,0.0,0.0,4.6,0.0,292.0,1416.8,421.9,442.4,44.2,0.3,0.0,2622.3,0.0,4.6,2573.1,44.5,1265,,THANE,
Maharashtra,Thane,IMD110-P1263,1989,0.0,0.0,0.0,0.1,0.1,311.7,715.2,547.3,267.2,37.3,0.0,0.0,1879.0,0.0,0.2,1841.5,37.3,1265,,THANE,
Maharashtra,Thane,IMD110-P1263,1990,0.0,0.4,0.0,0.0,106.9,397.2,664.7,851.2,326.3,119.7,8.6,0.3,2475.2,0.4,106.9,2239.4,128.6,1265,,THANE,
Maharashtra,Thane,IMD110-P1263,1991,0.0,0.0,0.0,4.8,0.1,515.2,1108.2,402.6,80.1,0.5,0.7,0.0,2112.2,0.0,4.9,2106.1,1.2,1265,,THANE,
Maharashtra,Thane,IMD110-P1263,1992,0.0,0.0,0.0,0.0,0.0,255.6,477.6,928.2,428.2,23.8,0.0,0.0,2113.5,0.0,0.0,2089.6,23.8,1265,,THANE,
Maharashtra,Thane,IMD110-P1263,1993,0.0,0.0,0.4,0.0,0.0,417.0,961.4,392.1,657.5,175.7,0.0,0.0,2604.0,0.0,0.4,2427.9,175.7,1265,,THANE,
Maharashtra,Thane,IMD110-P1263,1994,5.8,0.0,0.0,0.1,2.5,550.1,1140.7,705.3,417.2,43.0,3.4,0.0,2868.0,5.8,2.5,2813.4,46.4,1265,,THANE,
Maharashtra,Thane,IMD110-P1263,1995,2.7,0.0,0.0,0.0,6.3,77.8,969.6,299.1,313.0,82.2,2.1,0.0,1752.8,2.7,6.3,1659.5,84.3,1265,,THANE,
Maharashtra,Thane,IMD110-P1263,1996,0.2,0.0,0.0,0.1,22.2,309.1,988.0,483.0,192.1,115.2,0.5,0.0,2110.3,0.2,22.3,1972.2,115.7,1265,,THANE,
Maharashtra,Thane,IMD110-P1263,1997,1.1,0.0,0.0,0.6,0.2,446.8,805.1,610.7,253.1,8.3,48.9,16.1,2190.9,1.1,0.8,2115.7,73.3,1265,,THANE,
Maharashtra,Thane,IMD110-P1263,1998,0.0,0.0,0.0,0.0,0.0,327.7,680.4,611.7,774.5,212.7,22.2,0.0,2629.2,0.0,0.0,2394.3,234.9,1265,,THANE,
Maharashtra,Thane,IMD110-P1263,1999,0.0,0.0,0.0,0.0,17.5,481.2,715.7,246.6,302.7,188.6,0.0,0.0,1952.4,0.0,17.5,1746.3,188.6,1265,,THANE,
Maharashtra,Thane,IMD110-P1263,2000,0.0,0.0,0.0,0.0,116.5,294.4,1188.1,639.7,93.8,58.6,0.0,2.2,2393.5,0.0,116.5,2216.1,60.8,1265,,THANE,
Maharashtra,Thane,IMD110-P1263,2001,2.6,0.0,0.0,0.3,1.5,662.8,769.1,573.1,201.6,71.6,3.0,0.0,2285.6,2.6,1.8,2206.6,74.6,1265,,THANE,
Maharashtra,Thane,IMD110-P1263,2002,0.0,1.0,0.4,0.0,0.4,1094.2,251.4,860.4,159.6,7.6,0.1,0.4,2375.6,1.0,0.7,2365.7,8.1,1265,,THANE,
Maharashtra,Thane,IMD110-P1263,2003,0.7,1.3,0.0,0.2,0.0,704.2,891.2,628.1,335.1,20.8,1.2,0.0,2582.8,2.0,0.2,2558.6,22.0,1265,,THANE,
Maharashtra,Thane,IMD110-P1263,2004,0.0,0.0,0.0,0.0,9.8,391.8,787.8,1334.8,130.1,21.6,0.4,0.0,2676.4,0.0,9.8,2644.6,22.0,1265,,THANE,
Maharashtra,Thane,IMD110-P1263,2005,0.0,0.0,0.0,0.7,0.0,702.1,1105.2,760.3,821.4,36.1,0.0,0.0,3425.8,0.0,0.7,3388.9,36.1,1265,,THANE,
Maharashtra,Thane,IMD110-P1263,2006,0.0,0.0,8.9,0.0,31.0,485.8,1146.2,1054.4,274.6,84.0,1.7,0.0,3086.6,0.0,40.0,2960.9,85.7,1265,,THANE,
Maharashtra,Thane,IMD110-P1263,2007,0.0,0.0,0.0,0.0,1.3,510.6,730.3,892.5,431.4,0.0,0.0,0.0,2566.1,0.0,1.3,2564.7,0.0,1265,,THANE,
Maharashtra,Thane,IMD110-P1263,2008,0.0,0.0,0.0,0.0,6.5,512.0,932.1,791.7,423.6,40.3,0.0,0.0,2706.2,0.0,6.5,2659.4,40.3,1265,,THANE,
Maharashtra,Thane,IMD110-P1263,2009,0.0,0.0,0.6,0.0,0.0,139.8,1248.4,200.4,226.6,187.7,78.7,0.0,2082.1,0.0,0.6,1815.2,266.3,1265,,THANE,
Maharashtra,Thane,IMD110-P1263,2010,0.0,0.0,0.1,0.0,0.0,408.8,1033.9,873.2,428.9,88.7,77.8,0.0,2911.3,0.0,0.1,2744.7,166.5,1265,,THANE,
Maharashtra,Wardha,IMD110-P1266,1901,31.8,32.6,15.4,18.2,7.0,112.1,261.7,421.9,171.3,29.4,0.0,0.0,1101.3,64.4,40.5,967.0,29.4,1266,,WARDHA,
Maharashtra,Wardha,IMD110-P1266,1902,0.0,0.1,0.0,6.3,0.7,59.1,270.2,217.3,147.1,18.0,10.5,15.9,745.1,0.1,7.0,693.7,44.4,1266,,WARDHA,
Maharashtra,Wardha,IMD110-P1266,1903,6.9,2.4,0.0,4.3,24.3,120.0,384.0,383.0,110.1,122.3,0.0,0.0,1157.4,9.2,28.6,997.2,122.3,1266,,WARDHA,
Maharashtra,Wardha,IMD110-P1266,1904,3.6,4.2,18.4,0.0,3.8,268.5,129.7,99.5,116.8,63.2,0.0,0.0,707.6,7.8,22.2,614.5,63.2,1266,,WARDHA,
Maharashtra,Wardha,IMD110-P1266,1905,9.2,11.3,12.5,5.1,5.5,148.8,202.9,227.3,355.6,0.0,0.0,0.0,978.0,20.5,23.1,934.5,0.0,1266,,WARDHA,
Maharashtra,Wardha,IMD110-P1266,1906,20.0,3.3,9.8,0.0,22.2,341.4,335.7,318.2,59.7,8.4,5.4,6.0,1130.1,23.3,32.0,1055.0,19.8,1266,,WARDHA,
Maharashtra,Wardha,IMD110-P1266,1907,0.9,46.9,0.0,46.3,8.9,170.0,248.8,332.6,70.8,0.0,13.7,5.5,944.3,47.8,55.2,822.2,19.2,1266,,WARDHA,
Maharashtra,Wardha,IMD110-P1266,1908,4.8,5.9,10.7,18.8,0.5,222.0,322.2,301.2,277.4,0.3,0.0,5.8,1169.7,10.7,30.1,1122.8,6.1,1266,,WARDHA,
Maharashtra,Wardha,IMD110-P1266,1909,2.6,4.0,2.7,16.4,36.6,221.4,294.4,118.5,157.9,6.9,0.0,120.6,982.0,6.6,55.7,792.3,127.4,1266,,WARDHA,
Maharashtra,Wardha,IMD110-P1266,1910,0.0,0.0,0.0,0.0,13.8,302.3,239.9,285.9,377.5,67.0,54.2,0.0,1340.6,0.0,13.8,1205.6,121.2,1266,,WARDHA,
Maharashtra,Wardha,IMD110-P1266,1911,20.9,0.0,3.8,0.0,0.3,247.6,140.3,229.4,135.0,67.6,59.0,0.0,903.9,20.9,4.1,752.3,126.5,1266,,WARDHA,
Maharashtra,Wardha,IMD110-P1266,1912,1.1,27.8,0.0,5.8,0.9,67.0,310.1,335.8,116.2,5.9,19.8,0.0,890.5,28.9,6.7,829.2,25.7,1266,,WARDHA,
Maharashtra,Wardha,IMD110-P1266,1913,0.0,44.5,4.8,0.3,11.8,270.5,487.8,258.0,175.3,17.9,2.0,34.3,1307.3,44.5,16.9,1191.7,54.2,1266,,WARDHA,
Maharashtra,Wardha,IMD110-P1266,1914,0.0,6.5,17.2,24.9,27.5,227.3,239.5,190.7,298.1,10.7,2.1,14.9,1059.5,6.5,69.6,955.6,27.7,1266,,WARDHA,
Maharashtra,Wardha,IMD110-P1266,1915,39.1,6.6,56.2,45.1,6.0,135.1,388.4,143.5,312.9,62.8,3.1,7.4,1206.1,45.7,107.3,979.9,73.3,1266,,WARDHA,
Maharashtra,Wardha,IMD110-P1266,1916,0.0,5.7,0.0,0.5,19.4,357.9,352.1,202.7,328.7,90.5,63.4,0.0,1421.0,5.7,19.9,1241.4,153.9,1266,,WARDHA,
Maharashtra,Wardha,IMD110-P1266,1917,0.0,95.0,28.0,2.5,63.7,167.1,251.6,159.9,464.4,141.6,0.0,0.0,1373.8,95.0,94.2,1043.0,141.6,1266,,WARDHA,
Maharashtra,Wardha,IMD110-P1266,1918,0.3,0.2,1.3,0.0,148.5,381.8,256.9,114.4,39.9,0.0,17.6,15.2,976.0,0.5,149.8,792.9,32.8,1266,,WARDHA,
Maharashtra,Wardha,IMD110-P1266,1919,61.6,34.0,11.5,3.9,30.7,378.3,300.6,144.8,161.4,112.1,26.3,0.0,1265.2,95.6,46.1,985.0,138.4,1266,,WARDHA,
Maharashtra,Wardha,IMD110-P1266,1920,15.3,0.2,8.2,4.0,3.9,88.9,247.2,97.4,73.3,0.0,0.0,0.0,538.5,15.5,16.2,506.8,0.0,1266,,WARDHA,
Maharashtra,Wardha,IMD110-P1266,1921,15.7,0.0,0.0,5.0,0.0,223.7,339.7,156.0,103.8,2.4,0.4,0.0,846.8,15.7,5.0,823.3,2.8,1266,,WARDHA,
Maharashtra,Wardha,IMD110-P1266,1922,15.5,3.1,0.0,6.8,0.0,274.1,342.1,102.3,364.2,1.4,66.8,0.0,1176.4,18.5,6.8,1082.8,68.2,1266,,WARDHA,
Maharashtra,Wardha,IMD110-P1266,1923,2.2,2.4,22.9,4.4,0.8,21.6,487.9,132.8,282.1,12.7,0.0,0.0,969.6,4.6,28.0,924.3,12.7,1266,,WARDHA,
Maharashtra,Wardha,IMD110-P1266,1924,12.2,0.7,1.8,7.5,0.4,24.9,251.4,156.1,115.6,176.7,11.4,36.7,795.4,12.9,9.7,547.9,224.9,1266,,WARDHA,
Maharashtra,Wardha,IMD110-P1266,1925,0.0,0.0,0.9,0.0,39.6,128.9,240.4,322.8,66.1,22.8,91.6,6.9,919.9,0.0,40.6,758.1,121.3,1266,,WARDHA,
Maharashtra,Wardha,IMD110-P1266,1926,81.9,1.7,13.1,14.7,29.1,43.1,394.5,337.3,94.2,96.2,3.6,0.0,1109.4,83.5,56.9,869.2,99.8,1266,,WARDHA,
Maharashtra,Wardha,IMD110-P1266,1927,0.0,10.2,6.4,0.0,0.8,246.0,424.5,128.3,104.9,54.8,40.9,14.3,1031.3,10.2,7.3,903.7,110.1,1266,,WARDHA,
Maharashtra,Wardha,IMD110-P1266,1928,1.5,42.3,1.8,0.0,0.4,181.1,314.3,137.5,140.9,148.4,0.0,20.0,988.2,43.8,2.2,773.8,168.4,1266,,WARDHA,
Maharashtra,Wardha,IMD110-P1266,1929,1.4,55.1,0.0,12.4,1.3,182.0,215.5,119.3,175.4,31.5,0.0,25.8,819.7,56.5,13.7,692.2,57.3,1266,,WARDHA,
Maharashtra,Wardha,IMD110-P1266,1930,0.0,0.4,0.9,52.0,10.4,183.5,209.0,199.7,168.5,35.7,42.8,0.2,903.2,0.4,63.3,760.8,78.7,1266,,WARDHA,
Maharashtra,Wardha,IMD110-P1266,1931,6.1,3.1,10.3,16.0,1.9,127.1,421.3,325.7,286.4,200.7,27.2,2.0,1427.9,9.2,28.2,1160.6,229.9,1266,,WARDHA,
Maharashtra,Wardha,IMD110-P1266,1932,0.0,16.6,10.8,0.0,27.1,120.1,480.1,147.8,134.2,18.0,26.2,0.0,980.9,16.6,37.9,882.2,44.2,1266,,WARDHA,
Maharashtra,Wardha,IMD110-P1266,1933,0.4,39.8,9.7,22.6,74.4,269.9,302.1,369.2,466.5,94.5,6.7,14.3,1670.2,40.3,106.8,1407.7,115.5,1266,,WARDHA,
Maharashtra,Wardha,IMD110-P1266,1934,2.0,0.0,1.4,16.6,0.3,199.0,392.7,558.5,283.6,9.3,54.6,0.0,1518.1,2.0,18.3,1433.8,63.9,1266,,WARDHA,
Maharashtra,Wardha,IMD110-P1266,1935,33.2,9.0,0.0,37.2,0.8,164.7,504.5,151.7,221.5,5.2,0.3,4.3,1132.3,42.2,37.9,1042.3,9.8,1266,,WARDHA,
Maharashtra,Wardha,IMD110-P1266,1936,4.9,52.2,20.9,1.1,33.0,382.8,163.7,360.1,219.2,82.2,62.1,0.0,1382.3,57.2,55.0,1125.8,144.3,1266,,WARDHA,
Maharashtra,Wardha,IMD110-P1266,1937,0.0,42.6,69.3,111.3,0.0,144.2,595.8,160.1,167.1,89.3,0.0,8.2,1387.9,42.6,180.6,1067.1,97.6,1266,,WARDHA,
Maharashtra,Wardha,IMD110-P1266,1938,1.0,22.3,10.6,1.3,16.6,336.7,386.2,246.5,139.6,88.8,0.0,0.0,1249.7,23.3,28.5,1109.0,88.8,1266,,WARDHA,
Maharashtra,Wardha,IMD110-P1266,1939,1.8,0.6,39.9,1.4,0.0,102.0,200.8,335.5,54.0,29.3,0.0,0.0,765.2,2.4,41.3,692.3,29.3,1266,,WARDHA,
Maharashtra,Wardha,IMD110-P1266,1940,0.0,11.5,0.0,9.3,9.9,316.5,579.7,249.2,54.7,124.5,20.8,15.5,1391.5,11.5,19.2,1200.0,160.8,1266,,WARDHA,
Maharashtra,Wardha,IMD110-P1266,1941,2.2,16.5,2.4,2.6,0.8,124.0,468.2,154.6,112.1,3.6,0.0,0.0,887.0,18.7,5.8,858.9,3.6,1267,,WARDHA,
Maharashtra,Wardha,IMD110-P1266,1942,0.6,111.7,0.0,17.1,3.9,178.5,510.1,338.8,118.8,4.5,0.0,32.2,1316.2,112.3,21.0,1146.2,36.7,1267,,WARDHA,
Maharashtra,Wardha,IMD110-P1266,1943,103.0,0.5,0.0,0.9,20.8,143.2,284.1,83.8,346.3,78.9,0.0,0.0,1061.5,103.5,21.7,857.4,78.9,1267,,WARDHA,
Maharashtra,Wardha,IMD110-P1266,1944,4.6,63.0,82.5,0.6,2.0,75.0,455.6,339.7,271.6,58.5,7.5,0.0,1360.7,67.6,85.1,1141.9,66.0,1267,,WARDHA,
Maharashtra,Wardha,IMD110-P1266,1945,10.4,0.0,0.0,11.1,4.4,89.0,355.0,239.7,227.6,18.2,0.0,0.0,955.4,10.4,15.5,911.3,18.2,1267,,WARDHA,
Maharashtra,Wardha,IMD110-P1266,1946,0.0,21.3,0.0,34.9,2.4,175.4,365.6,146.4,103.1,15.2,103.0,18.0,985.2,21.3,37.3,790.5,136.1,1267,,WARDHA,
Maharashtra,Wardha,IMD110-P1266,1947,33.6,20.4,15.3,3.2,6.1,159.8,355.8,249.9,86.6,7.4,0.0,3.7,942.0,54.0,24.7,852.1,11.2,1267,,WARDHA,
Maharashtra,Wardha,IMD110-P1266,1948,65.6,4.5,11.5,1.1,0.4,97.5,461.1,242.1,237.8,9.8,150.4,0.0,1281.9,70.1,13.1,1038.5,160.3,1267,,WARDHA,
Maharashtra,Wardha,IMD110-P1266,1949,0.0,3.0,0.7,0.2,14.3,266.0,465.3,159.9,256.0,120.8,0.0,0.0,1286.0,3.0,15.1,1147.2,120.8,1267,,WARDHA,
Maharashtra,Wardha,IMD110-P1266,1950,0.0,39.0,9.5,0.6,2.3,76.3,344.1,167.8,76.7,22.9,0.0,9.0,748.2,39.0,12.4,664.9,31.8,1267,,WARDHA,
Maharashtra,Wardha,IMD110-P1266,1951,2.0,0.0,26.7,18.7,1.0,89.1,292.2,299.7,134.3,72.8,0.0,0.0,936.5,2.0,46.4,815.3,72.8,1267,,WARDHA,
Maharashtra,Wardha,IMD110-P1266,1952,0.0,14.1,2.3,3.8,1.4,99.2,197.1,255.4,102.0,47.6,0.0,0.0,722.9,14.1,7.5,653.7,47.6,1267,,WARDHA,
Maharashtra,Wardha,IMD110-P1266,1953,0.0,0.2,0.0,14.5,1.5,93.7,254.7,447.1,211.5,17.1,0.0,0.0,1040.2,0.2,16.0,1006.9,17.1,1267,,WARDHA,
Maharashtra,Wardha,IMD110-P1266,1954,0.0,0.3,2.1,0.0,0.0,136.3,504.6,245.8,274.3,6.2,0.0,0.0,1169.5,0.3,2.1,1160.9,6.2,1267,,WARDHA,
Maharashtra,Wardha,IMD110-P1266,1955,16.7,0.0,0.4,7.3,4.0,276.3,276.1,277.0,231.8,132.3,0.0,0.0,1221.9,16.7,11.7,1061.1,132.3,1267,,WARDHA,
Maharashtra,Wardha,IMD110-P1266,1956,0.8,0.0,0.8,0.0,73.3,262.4,232.2,72.5,185.6,61.7,,,,0.8,74.1,752.8,,1267,missing_months,WARDHA,
Maharashtra,Wardha,IMD110-P1266,1957,1.3,0.0,53.8,39.6,9.4,140.2,183.5,374.6,181.8,37.2,0.0,0.0,1021.5,1.3,102.9,880.1,37.2,1267,,WARDHA,
Maharashtra,Wardha,IMD110-P1266,1958,4.1,0.0,10.5,8.0,13.2,113.4,266.4,306.9,289.4,53.3,26.9,0.0,1092.1,4.1,31.7,976.2,80.2,1267,,WARDHA,
Maharashtra,Wardha,IMD110-P1266,1959,15.5,0.0,0.3,12.5,6.5,232.2,361.0,202.0,358.1,52.9,0.1,0.0,1241.1,15.5,19.3,1153.3,53.0,1267,,WARDHA,
Maharashtra,Wardha,IMD110-P1266,1960,35.7,0.0,52.9,2.6,25.9,77.5,379.9,153.9,98.8,63.5,0.0,7.2,897.8,35.7,81.4,710.1,70.6,1267,,WARDHA,
Maharashtra,Wardha,IMD110-P1266,1961,0.2,0.1,0.0,8.4,16.3,169.8,348.6,404.9,341.7,78.6,0.0,0.7,1369.3,0.3,24.7,1265.0,79.2,1267,,WARDHA,
Maharashtra,Wardha,IMD110-P1266,1962,6.7,4.7,15.9,33.4,31.6,28.4,386.5,226.4,213.5,1.5,33.9,89.0,1071.3,11.3,80.9,854.8,124.4,1267,,WARDHA,
Maharashtra,Wardha,IMD110-P1266,1963,0.0,14.5,11.1,33.6,19.5,209.8,234.7,359.1,52.0,65.5,0.0,,,14.5,64.2,855.6,,1267,missing_months,WARDHA,
Maharashtra,Wardha,IMD110-P1266,1964,0.0,1.5,1.3,0.0,0.0,163.2,263.5,460.9,96.3,60.3,0.0,0.0,1047.1,1.5,1.3,984.0,60.3,1267,,WARDHA,
Maharashtra,Wardha,IMD110-P1266,1965,2.5,13.7,2.0,27.4,2.7,96.2,255.1,146.7,97.9,0.0,0.0,0.0,644.1,16.2,32.1,595.9,0.0,1267,,WARDHA,
Maharashtra,Wardha,IMD110-P1266,1966,11.4,0.0,8.1,0.6,54.7,66.5,305.0,151.1,206.1,3.2,35.4,31.8,873.7,11.4,63.4,728.7,70.3,1267,,WARDHA,
Maharashtra,Wardha,IMD110-P1266,1967,4.1,0.0,68.1,4.1,0.0,210.8,418.3,105.6,51.6,4.6,0.0,106.8,973.9,4.1,72.2,786.3,111.3,1267,,WARDHA,
Maharashtra,Wardha,IMD110-P1266,1968,5.3,18.9,39.9,28.6,0.7,88.1,217.2,147.5,199.4,7.2,0.8,4.1,757.6,24.2,69.2,652.2,12.1,1267,,WARDHA,
Maharashtra,Wardha,IMD110-P1266,1969,0.0,0.0,0.0,2.8,6.1,83.9,303.0,124.8,253.7,5.7,7.8,0.0,788.0,0.0,8.9,765.5,13.5,1267,,WARDHA,
Maharashtra,Wardha,IMD110-P1266,1970,28.0,0.9,3.8,1.6,21.4,377.9,156.5,487.4,288.1,16.9,0.0,0.0,1382.5,28.9,26.8,1309.8,16.9,1267,,WARDHA,
Maharashtra,Wardha,IMD110-P1266,1971,5.2,10.1,15.2,16.3,18.1,318.6,97.5,155.8,103.0,132.3,0.0,0.0,872.2,15.3,49.6,675.0,132.3,1267,,WARDHA,
Maharashtra,Wardha,IMD110-P1266,1972,0.0,0.1,0.0,1.1,3.7,142.9,154.1,233.3,59.5,8.1,13.9,2.2,618.9,0.1,4.8,589.8,24.2,1267,,WARDHA,
Maharashtra,Wardha,IMD110-P1266,1973,0.0,3.7,0.0,2.0,0.0,80.5,521.2,181.9,135.6,183.3,0.0,0.0,1108.1,3.7,2.0,919.1,183.3,1267,,WARDHA,
Maharashtra,Wardha,IMD110-P1266,1974,0.0,0.4,0.9,1.1,17.8,74.2,198.0,253.1,65.7,148.3,6.0,0.0,765.6,0.4,19.9,591.0,154.3,1267,,WARDHA,
Maharashtra,Wardha,IMD110-P1266,1975,4.6,28.7,9.5,0.0,23.6,149.4,261.8,252.8,239.5,48.8,0.0,0.0,1018.7,33.3,33.1,903.5,48.8,1267,,WARDHA,
Maharashtra,Wardha,IMD110-P1266,1976,4.5,0.0,11.4,11.9,7.0,74.8,248.0,258.2,191.4,0.0,72.9,0.0,880.3,4.5,30.3,772.5,72.9,1267,,WARDHA,
Maharashtra,Wardha,IMD110-P1266,1977,0.0,0.0,8.9,7.7,16.2,139.0,188.1,441.6,133.5,54.5,62.1,0.0,1051.6,0.0,32.8,902.2,116.6,1267,,WARDHA,
Maharashtra,Wardha,IMD110-P1266,1978,1.8,41.8,34.1,16.6,0.0,180.3,378.9,432.3,47.7,19.9,44.8,79.8,1278.1,43.6,50.7,1039.3,144.5,1267,,WARDHA,
Maharashtra,Wardha,IMD110-P1266,1979,53.6,94.2,3.0,0.0,32.2,335.4,225.9,500.2,115.4,1.9,56.3,22.6,1440.6,147.8,35.1,1176.8,80.8,1267,,WARDHA,
Maharashtra,Wardha,IMD110-P1266,1980,34.4,8.8,0.0,4.6,0.0,275.1,228.2,480.3,84.6,3.5,0.0,33.3,1152.7,43.2,4.6,1068.2,36.8,1267,,WARDHA,
Maharashtra,Wardha,IMD110-P1266,1981,23.2,0.1,36.7,11.1,13.1,250.0,288.1,244.0,428.5,32.0,0.0,18.2,1344.9,23.2,60.9,1210.6,50.2,1267,,WARDHA,
Maharashtra,Wardha,IMD110-P1266,1982,62.0,20.1,4.8,16.6,27.5,190.9,201.4,74.3,155.9,32.0,5.8,0.0,791.2,82.1,48.8,622.5,37.8,1268,,WARDHA,
Maharashtra,Wardha,IMD110-P1266,1983,9.7,3.0,4.7,0.5,5.8,154.3,304.6,221.5,228.6,58.3,0.0,19.1,1010.0,12.6,11.0,909.0,77.4,1268,,WARDHA,
Maharashtra,Wardha,IMD110-P1266,1984,37.0,22.0,0.0,0.0,0.3,66.4,293.4,229.3,46.1,70.9,0.0,0.0,765.3,59.0,0.3,635.1,70.9,1268,,WARDHA,
Maharashtra,Wardha,IMD110-P1266,1985,38.9,0.4,0.3,14.9,33.6,150.6,178.8,167.6,55.5,146.8,0.0,8.0,795.3,39.4,48.7,552.5,154.8,1268,,WARDHA,
Maharashtra,Wardha,IMD110-P1266,1986,10.1,59.3,13.4,0.0,11.7,182.6,312.4,338.5,28.0,5.1,36.6,54.7,1052.5,69.4,25.1,861.5,96.4,1268,,WARDHA,
Maharashtra,Wardha,IMD110-P1266,1987,16.0,10.9,7.1,0.4,20.3,105.8,171.8,262.7,33.4,47.8,62.3,10.1,748.6,26.9,27.8,573.7,120.2,1268,,WARDHA,
Maharashtra,Wardha,IMD110-P1266,1988,2.3,0.0,0.9,17.1,11.1,154.4,445.2,282.6,162.8,105.8,4.3,0.0,1186.3,2.3,29.1,1044.9,110.1,1268,,WARDHA,
Maharashtra,Wardha,IMD110-P1266,1989,0.0,0.0,10.1,0.0,4.0,151.7,344.6,268.0,193.4,53.3,0.0,19.8,1044.9,0.0,14.2,957.6,73.1,1268,,WARDHA,
Maharashtra,Wardha,IMD110-P1266,1990,3.6,7.2,13.3,0.3,94.9,369.6,296.0,473.5,61.4,127.8,2.0,24.3,1474.0,10.8,108.6,1200.5,154.1,1268,,WARDHA,
Maharashtra,Wardha,IMD110-P1266,1991,7.9,0.0,2.4,2.9,2.0,194.6,307.5,208.9,14.3,0.3,8.5,0.0,749.4,7.9,7.2,725.4,8.8,1268,,WARDHA,
Maharashtra,Wardha,IMD110-P1266,1992,0.0,0.0,0.0,3.2,4.5,105.5,231.6,634.7,69.6,27.3,6.3,0.0,1082.5,0.0,7.7,1041.3,33.6,1268,,WARDHA,
Maharashtra,Wardha,IMD110-P1266,1993,0.0,7.0,34.4,0.0,5.5,167.4,227.7,162.9,194.0,83.1,0.0,6.8,888.8,7.0,39.9,752.0,89.8,1268,,WARDHA,
Maharashtra,Wardha,IMD110-P1266,1994,21.7,8.6,0.0,10.6,2.8,203.9,492.5,242.6,333.4,136.5,1.7,0.0,1454.3,30.4,13.4,1272.4,138.2,1268,,WARDHA,
Maharashtra,Wardha,IMD110-P1266,1995,39.3,11.1,56.9,7.6,3.2,202.8,280.7,117.5,231.8,61.0,0.1,0.1,1012.1,50.5,67.6,832.8,61.2,1268,,WARDHA,
Maharashtra,Wardha,IMD110-P1266,1996,0.0,1.7,0.9,5.6,0.0,25.3,225.9,257.4,135.7,111.9,4.5,0.0,768.9,1.7,6.5,644.3,116.4,1268,,WARDHA,
Maharashtra,Wardha,IMD110-P1266,1997,28.2,0.0,0.0,5.5,17.0,87.3,225.6,192.3,117.8,131.6,67.9,98.0,971.2,28.2,22.5,623.0,297.5,1268,,WARDHA,
Maharashtra,Wardha,IMD110-P1266,1998,4.1,5.7,4.6,0.0,1.8,119.8,34.7,33.5,52.4,15.0,64.6,0.0,336.1,9.8,6.4,240.4,79.6,1268,,WARDHA,
Maharashtra,Wardha,IMD110-P1266,1999,1.2,21.8,0.0,0.0,29.3,162.9,229.6,269.7,306.0,194.1,0.0,0.0,1214.6,23.0,29.3,968.2,194.1,1268,,WARDHA,
Maharashtra,Wardha,IMD110-P1266,2000,0.0,40.9,0.0,0.0,,,,,,,0.0,0.0,,40.9,,,,1268,missing_months,WARDHA,
Maharashtra,Wardha,IMD110-P1266,2001,10.4,0.2,17.8,34.9,6.6,261.2,182.6,296.7,55.6,97.4,0.0,0.0,963.4,10.6,59.3,796.1,97.4,1268,,WARDHA,
Maharashtra,Wardha,IMD110-P1266,2002,1.5,5.0,0.2,6.5,18.8,379.5,21.6,256.2,113.1,56.1,0.6,0.0,859.1,6.5,25.5,770.3,56.7,1268,,WARDHA,
Maharashtra,Wardha,IMD110-P1266,2003,0.0,4.0,3.5,0.0,0.0,121.5,373.2,244.2,129.9,4.1,5.8,0.0,886.1,4.0,3.5,868.8,9.9,1268,,WARDHA,
Maharashtra,Wardha,IMD110-P1266,2004,1.7,0.0,0.0,0.0,62.9,172.4,229.1,252.2,39.5,13.9,31.1,0.0,802.7,1.7,62.9,693.1,45.0,1268,,WARDHA,
Maharashtra,Wardha,IMD110-P1266,2005,86.1,0.0,8.8,0.0,0.0,169.6,331.0,230.9,222.3,90.1,0.0,0.0,1138.8,86.1,8.8,953.8,90.1,1268,,WARDHA,
Maharashtra,Wardha,IMD110-P1266,2006,0.0,0.0,54.6,3.1,39.5,92.4,365.3,298.2,136.8,32.6,15.6,0.0,1038.1,0.0,97.2,892.7,48.1,1268,,WARDHA,
Maharashtra,Wardha,IMD110-P1266,2007,0.0,0.0,1.6,0.8,9.6,310.8,397.6,268.2,258.5,0.1,2.1,0.0,1249.4,0.0,12.1,1235.1,2.2,1268,,WARDHA,
Maharashtra,Wardha,IMD110-P1266,2008,0.0,0.0,16.8,3.8,0.0,101.6,327.9,193.3,169.1,17.5,0.0,0.0,829.9,0.0,20.6,791.9,17.5,1268,,WARDHA,
Maharashtra,Wardha,IMD110-P1266,2009,0.9,0.0,0.0,7.3,10.3,81.9,239.1,114.5,89.6,29.9,63.1,1.3,637.9,0.9,17.6,525.1,94.3,1268,,WARDHA,
Maharashtra,Wardha,IMD110-P1266,2010,1.2,2.2,12.2,0.0,0.0,153.4,443.7,349.3,233.6,46.9,62.5,8.3,1313.2,3.3,12.2,1179.9,117.7,1268,,WARDHA,
Maharashtra,Washim,IMD110-P1269,1901,70.2,1.6,26.6,15.2,4.0,177.9,289.7,412.3,46.6,65.2,0.0,0.0,1109.3,71.8,45.9,926.4,65.2,1269,,WASHIM,
Maharashtra,Washim,IMD110-P1269,1902,0.0,0.0,0.0,2.7,0.0,44.7,239.3,200.8,113.4,54.5,38.4,50.1,743.9,0.0,2.7,598.2,143.0,1269,,WASHIM,
Maharashtra,Washim,IMD110-P1269,1903,7.1,0.0,0.0,1.0,68.9,103.7,319.4,233.4,149.6,136.7,0.0,0.0,1019.8,7.1,70.0,806.1,136.7,1269,,WASHIM,
Maharashtra,Washim,IMD110-P1269,1904,3.5,0.5,5.8,0.1,4.1,116.4,150.7,145.9,220.2,62.0,0.0,0.4,709.6,4.0,10.0,633.2,62.4,1269,,WASHIM,
Maharashtra,Washim,IMD110-P1269,1905,3.9,13.5,0.0,0.0,0.7,81.0,164.4,114.5,239.3,9.6,0.8,0.0,627.6,17.4,0.7,599.1,10.4,1269,,WASHIM,
Maharashtra,Washim,IMD110-P1269,1906,20.3,1.3,0.1,0.0,2.7,190.9,325.3,263.4,56.3,10.6,14.0,9.6,894.5,21.6,2.8,836.0,34.1,1269,,WASHIM,
Maharashtra,Washim,IMD110-P1269,1907,0.0,39.5,0.2,24.8,0.0,135.8,228.2,224.8,17.8,1.1,11.0,0.0,683.2,39.5,25.0,606.6,12.1,1269,,WASHIM,
Maharashtra,Washim,IMD110-P1269,1908,0.0,0.0,24.5,5.7,1.3,134.5,228.2,302.9,197.5,0.0,0.0,1.8,896.5,0.0,31.6,863.1,1.8,1269,,WASHIM,
Maharashtra,Washim,IMD110-P1269,1909,0.5,12.9,8.8,14.7,24.2,130.2,209.0,89.1,245.8,15.1,0.0,65.3,815.5,13.3,47.7,674.1,80.4,1269,,WASHIM,
Maharashtra,Washim,IMD110-P1269,1910,0.0,0.0,0.0,0.0,6.9,238.6,189.2,255.3,230.7,59.1,52.2,0.0,1032.1,0.0,6.9,913.8,111.4,1269,,WASHIM,
Maharashtra,Washim,IMD110-P1269,1911,35.9,0.0,0.0,0.0,0.0,113.4,183.7,197.5,49.2,0.8,52.7,0.0,633.3,35.9,0.0,543.8,53.6,1269,,WASHIM,
Maharashtra,Washim,IMD110-P1269,1912,0.2,19.1,0.0,6.2,0.7,36.3,316.6,262.5,37.3,11.6,2.2,0.4,693.0,19.3,6.9,652.7,14.2,1269,,WASHIM,
Maharashtra,Washim,IMD110-P1269,1913,0.0,9.1,0.0,0.0,35.0,135.6,303.3,161.0,167.9,15.1,0.0,47.1,874.2,9.1,35.0,767.9,62.2,1269,,WASHIM,
Maharashtra,Washim,IMD110-P1269,1914,0.0,28.8,9.3,1.8,18.8,553.3,293.0,153.3,264.7,0.4,8.4,23.1,1354.8,28.8,29.9,1264.3,31.9,1269,,WASHIM,
Maharashtra,Washim,IMD110-P1269,1915,24.0,1.5,69.4,21.6,6.4,195.6,172.9,124.9,181.1,113.0,7.2,51.3,968.8,25.5,97.4,674.4,171.4,1269,,WASHIM,
Maharashtra,Washim,IMD110-P1269,1916,0.0,4.4,0.0,1.1,30.4,263.0,306.6,193.7,288.3,62.5,35.1,0.0,1185.2,4.4,31.5,1051.7,97.6,1269,,WASHIM,
Maharashtra,Washim,IMD110-P1269,1917,1.2,52.4,9.3,2.5,35.4,179.6,247.1,203.7,276.7,59.8,2.8,0.0,1070.4,53.6,47.2,907.0,62.5,1269,,WASHIM,
Maharashtra,Washim,IMD110-P1269,1918,0.0,2.5,0.4,0.0,76.0,97.4,173.4,88.3,34.2,17.7,3.9,12.0,505.9,2.5,76.5,393.3,33.6,1269,,WASHIM,
Maharashtra,Washim,IMD110-P1269,1919,23.7,5.7,2.5,7.4,6.8,240.8,210.7,76.0,144.9,47.7,19.0,0.0,785.2,29.3,16.7,672.4,66.7,1269,,WASHIM,
Maharashtra,Washim,IMD110-P1269,1920,28.6,0.0,2.8,2.2,7.7,89.5,120.2,69.3,47.9,0.0,0.0,0.0,368.1,28.6,12.7,326.9,0.0,1269,,WASHIM,
Maharashtra,Washim,IMD110-P1269,1921,5.1,0.0,0.0,1.3,0.0,178.0,250.4,208.5,125.5,20.8,0.3,0.0,790.0,5.1,1.3,762.5,21.1,1269,,WASHIM,
Maharashtra,Washim,IMD110-P1269,1922,19.2,2.8,0.0,6.4,4.4,264.1,261.1,82.2,213.6,14.3,77.3,0.1,945.5,22.0,10.8,821.0,91.7,1269,,WASHIM,
Maharashtra,Washim,IMD110-P1269,1923,1.7,2.4,42.9,12.3,4.1,21.1,372.5,159.4,245.9,0.0,0.0,1.4,863.7,4.1,59.2,798.9,1.4,1269,,WASHIM,
Maharashtra,Washim,IMD110-P1269,1924,3.4,3.5,7.0,10.4,5.1,43.8,208.9,244.4,181.8,102.4,9.2,6.0,826.1,7.0,22.5,679.0,117.6,1269,,WASHIM,
Maharashtra,Washim,IMD110-P1269,1925,0.0,0.0,11.5,0.0,34.4,97.0,196.0,134.1,88.6,15.6,81.5,13.9,672.6,0.0,45.9,515.8,110.9,1269,,WASHIM,
Maharashtra,Washim,IMD110-P1269,1926,65.3,10.4,7.0,5.7,14.0,43.5,232.3,281.9,160.9,3.5,0.0,0.8,825.2,75.6,26.7,718.6,4.3,1269,,WASHIM,
Maharashtra,Washim,IMD110-P1269,1927,0.0,2.0,15.6,0.5,0.0,188.0,241.9,76.6,121.7,25.4,131.3,0.2,803.3,2.0,16.1,628.3,156.9,1269,,WASHIM,
Maharashtra,Washim,IMD110-P1269,1928,0.0,50.4,2.3,0.0,0.0,194.6,155.0,119.7,215.8,129.5,0.0,6.8,874.1,50.4,2.3,685.1,136.3,1269,,WASHIM,
Maharashtra,Washim,IMD110-P1269,1929,0.4,66.4,1.3,17.9,0.0,220.4,178.9,48.0,142.0,49.6,0.0,12.7,737.5,66.7,19.2,589.2,62.3,1269,,WASHIM,
Maharashtra,Washim,IMD110-P1269,1930,0.0,0.4,0.0,10.2,11.7,122.4,89.9,182.6,254.1,100.9,34.9,0.4,807.5,0.4,21.9,649.0,136.2,1269,,WASHIM,
Maharashtra,Washim,IMD110-P1269,1931,0.3,0.0,3.4,6.7,6.1,98.0,359.2,297.8,149.6,150.2,85.9,3.9,1161.1,0.3,16.2,904.6,240.0,1269,,WASHIM,
Maharashtra,Washim,IMD110-P1269,1932,0.0,31.1,17.4,0.2,3.2,117.1,353.1,176.2,181.3,51.7,8.0,0.0,939.2,31.1,20.7,827.8,59.7,1269,,WASHIM,
Maharashtra,Washim,IMD110-P1269,1933,3.3,12.2,7.9,12.7,49.2,252.3,175.5,299.9,269.8,80.4,14.2,10.4,1187.8,15.5,69.7,997.6,105.0,1269,,WASHIM,
Maharashtra,Washim,IMD110-P1269,1934,3.2,0.0,0.0,1.3,0.0,126.7,232.3,350.7,207.3,0.4,119.5,0.2,1041.6,3.2,1.3,917.1,120.1,1269,,WASHIM,
Maharashtra,Washim,IMD110-P1269,1935,9.9,0.4,0.0,32.2,0.0,155.7,392.6,136.6,269.9,21.0,1.6,0.2,1020.0,10.3,32.2,954.7,22.8,1269,,WASHIM,
Maharashtra,Washim,IMD110-P1269,1936,13.9,70.9,32.0,2.4,23.9,411.0,84.2,150.9,146.8,6.0,158.2,0.0,1100.2,84.8,58.3,792.9,164.1,1269,,WASHIM,
Maharashtra,Washim,IMD110-P1269,1937,0.0,16.7,11.8,156.4,0.8,106.0,397.4,35.3,239.4,114.8,2.4,19.9,1101.1,16.7,169.0,778.2,137.1,1269,,WASHIM,
Maharashtra,Washim,IMD110-P1269,1938,4.3,1.0,13.3,9.3,23.4,410.3,308.4,76.4,174.2,77.4,0.0,0.0,1098.0,5.3,46.0,969.3,77.4,1269,,WASHIM,
Maharashtra,Washim,IMD110-P1269,1939,0.0,0.1,17.1,28.1,0.0,99.6,136.0,330.3,41.5,14.1,15.2,1.2,683.1,0.1,45.2,607.4,30.4,1269,,WASHIM,
Maharashtra,Washim,IMD110-P1269,1940,0.0,0.6,0.0,18.0,8.3,208.6,428.4,191.4,88.3,47.2,30.2,3.0,1024.1,0.6,26.2,916.8,80.5,1269,,WASHIM,
Maharashtra,Washim,IMD110-P1269,1941,21.2,6.9,11.0,3.5,0.0,64.5,288.2,142.6,144.2,3.6,0.0,0.0,685.7,28.2,14.5,639.4,3.6,1270,,WASHIM,
Maharashtra,Washim,IMD110-P1269,1942,0.0,79.2,0.0,5.6,2.8,182.2,362.1,341.9,111.3,0.8,0.0,41.7,1127.6,79.2,8.4,997.5,42.5,1270,,WASHIM,
Maharashtra,Washim,IMD110-P1269,1943,17.1,0.2,0.5,0.1,43.5,114.1,191.0,57.2,201.5,116.7,0.4,0.0,742.2,17.3,44.0,563.8,117.0,1270,,WASHIM,
Maharashtra,Washim,IMD110-P1269,1944,6.2,25.2,45.2,0.1,0.0,84.9,435.1,208.2,192.6,53.0,17.2,0.0,1067.7,31.5,45.3,920.8,70.2,1270,,WASHIM,
Maharashtra,Washim,IMD110-P1269,1945,8.4,0.0,0.0,5.2,0.2,166.2,273.1,289.3,182.4,19.4,0.0,0.3,944.5,8.4,5.4,911.1,19.6,1270,,WASHIM,
Maharashtra,Washim,IMD110-P1269,1946,0.0,2.0,0.0,8.3,12.8,208.3,391.2,147.6,104.1,0.4,119.3,24.5,1018.4,2.0,21.0,851.2,144.2,1270,,WASHIM,
Maharashtra,Washim,IMD110-P1269,1947,39.8,37.9,30.1,9.7,2.6,39.2,186.9,234.5,169.4,15.9,0.3,22.2,788.4,77.7,42.4,630.0,38.3,1270,,WASHIM,
Maharashtra,Washim,IMD110-P1269,1948,31.4,6.0,7.0,0.9,0.0,141.9,280.7,143.0,180.9,6.6,149.8,0.0,948.1,37.4,7.9,746.5,156.4,1270,,WASHIM,
Maharashtra,Washim,IMD110-P1269,1949,0.0,0.0,0.4,0.0,25.2,331.8,362.8,139.6,424.1,123.6,0.0,0.0,1407.5,0.0,25.6,1258.3,123.6,1270,,WASHIM,
Maharashtra,Washim,IMD110-P1269,1950,0.0,27.2,0.0,0.0,9.6,94.4,245.0,106.7,80.0,10.3,0.0,29.7,602.9,27.2,9.6,526.1,40.0,1270,,WASHIM,
Maharashtra,Washim,IMD110-P1269,1951,3.9,0.0,0.6,2.6,2.1,159.5,372.8,151.9,84.1,102.2,0.0,0.0,879.7,3.9,5.2,768.3,102.2,1270,,WASHIM,
Maharashtra,Washim,IMD110-P1269,1952,0.0,17.6,0.0,5.5,3.3,98.6,148.5,130.6,106.8,29.6,0.0,0.7,541.3,17.6,8.8,484.5,30.3,1270,,WASHIM,
Maharashtra,Washim,IMD110-P1269,1953,0.0,0.0,0.0,8.7,0.0,199.8,268.2,290.1,134.3,45.2,0.0,0.0,946.2,0.0,8.7,892.3,45.2,1270,,WASHIM,
Maharashtra,Washim,IMD110-P1269,1954,0.0,2.0,11.5,4.4,3.8,140.7,380.0,139.1,265.3,8.5,0.0,0.0,955.4,2.0,19.8,925.1,8.5,1270,,WASHIM,
Maharashtra,Washim,IMD110-P1269,1955,18.9,2.0,3.2,1.4,8.5,247.9,215.2,256.9,178.3,106.0,1.0,0.0,1039.2,20.9,13.1,898.2,107.0,1270,,WASHIM,
Maharashtra,Washim,IMD110-P1269,1956,0.5,0.0,0.0,0.0,69.4,242.6,244.3,114.2,207.7,45.0,,,,0.5,69.4,808.8,,1270,missing_months,WASHIM,
Maharashtra,Washim,IMD110-P1269,1957,1.0,0.0,56.9,28.1,12.7,151.0,157.3,214.2,102.2,40.6,0.0,0.0,763.9,1.0,97.7,624.7,40.6,1270,,WASHIM,
Maharashtra,Washim,IMD110-P1269,1958,0.0,0.0,1.6,0.0,,129.4,318.0,333.8,146.1,9.2,73.0,0.0,,0.0,,927.2,82.2,1270,missing_months,WASHIM,
Maharashtra,Washim,IMD110-P1269,1959,0.0,0.0,0.0,22.1,4.4,162.6,384.0,252.5,526.9,87.8,0.9,0.0,1441.1,0.0,26.5,1325.9,88.7,1270,,WASHIM,
Maharashtra,Washim,IMD110-P1269,1960,34.1,0.0,11.9,9.1,3.8,140.2,219.9,166.3,85.2,48.9,0.0,1.5,720.9,34.1,24.8,611.6,50.4,1270,,WASHIM,
Maharashtra,Washim,IMD110-P1269,1961,0.0,0.0,1.3,0.0,5.3,102.6,380.8,244.3,204.6,300.9,0.0,1.3,1241.0,0.0,6.5,932.2,302.2,1270,,WASHIM,
Maharashtra,Washim,IMD110-P1269,1962,10.1,0.0,3.4,38.8,67.3,38.5,250.2,294.0,228.1,0.0,,,,10.1,109.4,810.9,,1270,missing_months,WASHIM,
Maharashtra,Washim,IMD110-P1269,1963,0.0,10.8,54.9,0.0,6.8,250.3,225.3,472.2,51.8,76.5,1.5,0.0,1150.0,10.8,61.6,999.6,78.1,1270,,WASHIM,
Maharashtra,Washim,IMD110-P1269,1964,0.0,0.0,0.0,0.0,0.6,127.6,314.7,210.4,135.5,56.3,1.5,0.0,846.7,0.0,0.6,788.3,57.8,1270,,WASHIM,
Maharashtra,Washim,IMD110-P1269,1965,50.7,0.0,0.0,9.9,0.0,77.4,0.0,274.3,0.0,0.0,0.0,0.0,412.3,50.7,9.9,351.7,0.0,1270,,WASHIM,
Maharashtra,Washim,IMD110-P1269,1966,16.6,0.0,21.2,0.0,23.7,69.6,198.6,170.3,185.0,0.0,59.8,15.1,759.9,16.6,44.9,623.6,74.9,1270,,WASHIM,
Maharashtra,Washim,IMD110-P1269,1967,0.0,0.0,27.2,0.0,0.0,169.0,223.4,127.9,120.3,17.0,0.0,135.1,819.9,0.0,27.2,640.6,152.1,1270,,WASHIM,
Maharashtra,Washim,IMD110-P1269,1968,1.5,32.4,9.9,6.1,2.9,116.4,224.6,208.6,179.1,0.0,27.5,0.0,809.0,34.0,19.0,728.7,27.5,1270,,WASHIM,
Maharashtra,Washim,IMD110-P1269,1969,0.0,0.0,0.0,0.0,0.0,165.0,170.0,131.0,348.0,0.0,0.0,0.0,814.0,0.0,0.0,814.0,0.0,1270,,WASHIM,
Maharashtra,Washim,IMD110-P1269,1970,9.0,0.0,0.0,0.0,6.0,293.3,193.0,683.5,100.0,0.5,0.0,0.0,1285.3,9.0,6.0,1269.8,0.5,1270,,WASHIM,
Maharashtra,Washim,IMD110-P1269,1971,0.0,0.0,0.0,0.0,49.0,130.6,75.0,225.6,46.5,48.0,0.0,0.0,574.6,0.0,49.0,477.6,48.0,1270,,WASHIM,
Maharashtra,Washim,IMD110-P1269,1972,0.0,0.0,0.0,0.0,3.5,146.7,143.9,300.9,37.1,0.0,11.6,0.0,643.6,0.0,3.5,628.6,11.6,1270,,WASHIM,
Maharashtra,Washim,IMD110-P1269,1973,0.0,0.0,0.0,3.0,0.0,74.1,353.5,472.6,183.0,82.8,0.0,0.0,1169.0,0.0,3.0,1083.2,82.8,1270,,WASHIM,
Maharashtra,Washim,IMD110-P1269,1974,0.0,0.0,0.0,0.0,6.1,113.6,158.7,145.9,91.2,188.9,0.0,0.0,704.3,0.0,6.1,509.3,188.9,1270,,WASHIM,
Maharashtra,Washim,IMD110-P1269,1975,0.0,8.9,4.2,0.0,0.9,128.3,230.3,268.0,367.5,56.2,0.0,0.0,1064.3,8.9,5.0,994.2,56.2,1270,,WASHIM,
Maharashtra,Washim,IMD110-P1269,1976,0.0,0.0,4.7,0.0,0.0,84.1,283.6,223.9,271.7,0.0,19.6,0.0,887.5,0.0,4.7,863.3,19.6,1270,,WASHIM,
Maharashtra,Washim,IMD110-P1269,1977,0.0,8.3,0.0,0.0,0.0,139.5,251.7,193.9,117.3,97.1,56.2,0.0,864.1,8.3,0.0,702.4,153.4,1270,,WASHIM,
Maharashtra,Washim,IMD110-P1269,1978,18.0,10.9,22.6,0.0,0.0,220.5,317.7,208.3,6.1,28.1,35.8,30.5,898.5,28.8,22.6,752.6,94.4,1270,,WASHIM,
Maharashtra,Washim,IMD110-P1269,1979,7.1,37.0,2.1,0.0,10.4,182.0,136.5,152.6,174.0,0.0,13.6,4.0,719.2,44.0,12.5,645.1,17.6,1270,,WASHIM,
Maharashtra,Washim,IMD110-P1269,1980,1.0,0.0,1.1,2.7,0.9,160.8,160.2,344.1,31.5,0.0,0.0,8.8,710.9,1.0,4.6,696.5,8.8,1270,,WASHIM,
Maharashtra,Washim,IMD110-P1269,1981,33.8,3.6,9.4,0.0,0.0,72.4,144.4,234.6,293.1,3.2,0.0,27.8,822.3,37.4,9.4,744.5,31.0,1270,,WASHIM,
Maharashtra,Washim,IMD110-P1269,1982,69.8,1.3,3.5,0.7,0.0,105.4,347.0,108.4,188.3,8.8,18.7,0.0,852.0,71.2,4.1,749.1,27.5,1271,,WASHIM,
Maharashtra,Washim,IMD110-P1269,1983,4.3,0.0,9.8,0.5,0.0,169.8,215.7,409.0,300.7,51.5,0.0,8.1,1169.3,4.3,10.3,1095.2,59.6,1271,,WASHIM,
Maharashtra,Washim,IMD110-P1269,1984,34.9,5.3,0.0,0.0,0.0,152.9,173.4,162.9,85.7,160.0,0.0,0.0,775.2,40.2,0.0,575.0,160.0,1271,,WASHIM,
Maharashtra,Washim,IMD110-P1269,1985,2.0,0.0,0.3,3.8,4.7,341.1,166.4,121.9,32.9,95.7,0.0,4.7,773.3,2.0,8.8,662.3,100.3,1271,,WASHIM,
Maharashtra,Washim,IMD110-P1269,1986,0.0,17.5,0.0,0.0,3.9,126.0,274.5,223.3,35.5,1.5,9.3,33.3,724.7,17.5,3.9,659.3,44.0,1271,,WASHIM,
Maharashtra,Washim,IMD110-P1269,1987,11.4,4.0,0.0,0.0,4.3,149.7,140.2,300.8,6.8,71.6,19.8,0.0,708.4,15.4,4.3,597.5,91.3,1271,,WASHIM,
Maharashtra,Washim,IMD110-P1269,1988,0.0,0.0,0.0,0.0,0.0,141.4,470.0,181.2,215.7,45.7,1.3,0.0,1055.3,0.0,0.0,1008.3,47.0,1271,,WASHIM,
Maharashtra,Washim,IMD110-P1269,1989,0.0,0.0,9.5,0.0,0.0,356.1,284.6,250.6,225.9,96.7,30.0,9.5,1262.9,0.0,9.5,1117.2,136.1,1271,,WASHIM,
Maharashtra,Washim,IMD110-P1269,1990,6.0,0.0,0.0,0.0,29.7,317.2,235.6,396.9,78.1,151.4,0.0,2.0,1216.9,6.0,29.7,1027.8,153.4,1271,,WASHIM,
Maharashtra,Washim,IMD110-P1269,1991,0.0,0.5,0.0,9.1,1.0,221.0,286.6,121.4,0.5,2.0,28.6,0.0,670.8,0.5,10.1,629.6,30.6,1271,,WASHIM,
Maharashtra,Washim,IMD110-P1269,1992,0.0,0.0,0.0,0.0,0.0,255.3,141.3,368.7,141.0,52.2,6.4,0.0,964.9,0.0,0.0,906.3,58.6,1271,,WASHIM,
Maharashtra,Washim,IMD110-P1269,1993,0.0,6.2,8.8,0.4,4.5,209.9,219.1,110.6,107.9,107.9,0.0,27.6,802.9,6.2,13.7,647.5,135.5,1271,,WASHIM,
Maharashtra,Washim,IMD110-P1269,1994,10.4,0.0,0.0,10.2,0.0,184.3,332.5,232.6,64.3,54.7,12.6,0.0,901.6,10.4,10.2,813.7,67.3,1271,,WASHIM,
Maharashtra,Washim,IMD110-P1269,1995,31.0,0.0,23.4,1.2,5.2,130.7,269.0,74.4,225.2,53.8,0.0,0.0,813.9,31.0,29.8,699.2,53.8,1271,,WASHIM,
Maharashtra,Washim,IMD110-P1269,1996,0.0,0.4,0.8,2.4,1.0,61.3,252.4,212.2,200.9,113.6,0.0,0.0,845.1,0.4,4.2,726.9,113.6,1271,,WASHIM,
Maharashtra,Washim,IMD110-P1269,1997,12.4,0.0,1.0,10.8,4.4,85.0,155.0,214.8,100.5,87.6,76.5,79.3,827.3,12.4,16.2,555.3,243.4,1271,,WASHIM,
Maharashtra,Washim,IMD110-P1269,1998,2.8,3.0,21.9,0.0,7.2,96.6,209.8,216.8,386.1,68.8,36.9,0.0,1049.9,5.8,29.0,909.3,105.7,1271,,WASHIM,
Maharashtra,Washim,IMD110-P1269,1999,0.0,34.5,0.0,0.0,6.7,164.7,239.9,258.6,239.3,96.1,0.0,0.0,1039.7,34.5,6.7,902.4,96.1,1271,,WASHIM,
Maharashtra,Washim,IMD110-P1269,2000,,0.0,0.0,0.0,0.0,134.8,309.1,138.1,,17.1,0.0,7.2,,,0.0,,24.2,1271,missing_months,WASHIM,
Maharashtra,Washim,IMD110-P1269,2001,1.2,0.0,44.5,17.6,11.9,258.6,93.2,225.5,21.3,239.0,0.6,0.0,913.2,1.2,74.0,598.5,239.5,1271,,WASHIM,
Maharashtra,Washim,IMD110-P1269,2002,2.0,14.2,0.2,16.4,0.0,438.3,159.8,412.0,231.1,60.1,0.5,0.0,1334.6,16.2,16.5,1241.3,60.6,1271,,WASHIM,
Maharashtra,Washim,IMD110-P1269,2003,0.0,0.2,7.5,2.6,0.7,147.9,355.5,201.6,72.4,25.3,2.7,2.1,818.4,0.2,10.8,777.4,30.1,1271,,WASHIM,
Maharashtra,Washim,IMD110-P1269,2004,25.5,0.0,1.3,0.4,30.3,103.8,192.8,90.8,90.8,65.7,33.0,0.0,634.4,25.5,32.0,478.3,98.6,1271,,WASHIM,
Maharashtra,Washim,IMD110-P1269,2005,22.6,0.0,12.2,0.0,0.0,63.5,445.9,163.3,167.5,100.0,0.0,0.0,975.0,22.6,12.2,840.3,100.0,1271,,WASHIM,
Maharashtra,Washim,IMD110-P1269,2006,0.0,0.0,89.3,1.9,34.3,134.6,193.7,460.9,187.5,53.3,24.1,0.0,1179.5,0.0,125.5,976.7,77.3,1271,,WASHIM,
Maharashtra,Washim,IMD110-P1269,2007,0.0,0.0,0.0,1.0,0.0,168.9,273.3,214.9,178.0,0.7,2.2,0.0,839.0,0.0,1.0,835.1,2.8,1271,,WASHIM,
Maharashtra,Washim,IMD110-P1269,2008,0.0,0.0,30.4,5.6,0.0,107.7,161.4,108.0,204.9,44.1,0.0,0.0,662.1,0.0,36.0,581.9,44.1,1271,,WASHIM,
Maharashtra,Washim,IMD110-P1269,2009,0.0,0.0,0.0,0.0,0.0,81.2,184.3,147.8,104.0,42.6,74.7,0.0,634.5,0.0,0.0,517.3,117.3,1271,,WASHIM,
Maharashtra,Washim,IMD110-P1269,2010,18.7,0.0,3.2,0.0,0.0,195.0,424.5,246.1,113.8,41.8,29.1,0.0,1072.1,18.7,3.2,979.4,70.8,1271,,WASHIM,
Maharashtra,Yeotmal,IMD110-P1272,1901,28.4,15.2,16.6,25.0,7.0,147.4,285.4,370.1,89.6,43.0,0.0,0.0,1027.8,43.7,48.6,892.6,43.0,1272,,YEOTMAL,
Maharashtra,Yeotmal,IMD110-P1272,1902,0.0,0.0,0.0,8.9,1.8,39.9,276.3,208.8,119.7,27.5,24.0,27.7,734.5,0.0,10.7,644.6,79.2,1272,,YEOTMAL,
Maharashtra,Yeotmal,IMD110-P1272,1903,1.6,5.7,0.0,1.9,26.4,140.9,399.3,310.6,111.3,124.9,0.0,0.0,1122.6,7.3,28.3,962.1,124.9,1272,,YEOTMAL,
Maharashtra,Yeotmal,IMD110-P1272,1904,0.3,0.3,9.3,0.0,14.3,134.8,185.3,127.3,210.1,71.6,0.0,0.0,753.2,0.6,23.5,657.5,71.6,1272,,YEOTMAL,
Maharashtra,Yeotmal,IMD110-P1272,1905,2.7,11.0,13.8,9.4,6.1,83.2,138.8,189.6,267.5,2.6,0.0,0.0,724.7,13.8,29.3,679.1,2.6,1272,,YEOTMAL,
Maharashtra,Yeotmal,IMD110-P1272,1906,24.6,0.8,1.9,0.0,4.4,343.0,315.4,241.6,62.1,6.7,23.2,11.9,1035.6,25.5,6.4,962.1,41.7,1272,,YEOTMAL,
Maharashtra,Yeotmal,IMD110-P1272,1907,0.1,52.2,5.4,45.4,1.5,185.7,351.1,278.1,59.1,0.0,5.8,1.0,985.6,52.4,52.3,874.1,6.9,1272,,YEOTMAL,
Maharashtra,Yeotmal,IMD110-P1272,1908,0.8,11.0,17.9,8.6,3.3,189.8,339.1,360.1,242.0,1.4,0.0,1.1,1175.1,11.8,29.8,1131.0,2.5,1272,,YEOTMAL,
Maharashtra,Yeotmal,IMD110-P1272,1909,0.4,23.8,7.0,18.7,6.1,134.1,305.3,114.7,170.1,2.9,0.0,66.7,849.7,24.2,31.8,724.1,69.6,1272,,YEOTMAL,
Maharashtra,Yeotmal,IMD110-P1272,1910,0.0,0.0,0.0,0.0,15.1,281.1,173.7,272.1,406.2,48.2,61.4,0.0,1257.9,0.0,15.1,1133.1,109.6,1272,,YEOTMAL,
Maharashtra,Yeotmal,IMD110-P1272,1911,19.8,0.0,0.1,0.0,4.8,117.3,213.1,218.2,88.3,24.5,33.2,0.0,719.1,19.8,4.9,636.8,57.6,1272,,YEOTMAL,
Maharashtra,Yeotmal,IMD110-P1272,1912,0.0,61.7,1.5,6.0,6.4,54.6,352.3,322.5,84.7,5.3,6.9,0.0,901.8,61.7,13.9,814.1,12.2,1272,,YEOTMAL,
Maharashtra,Yeotmal,IMD110-P1272,1913,0.0,26.2,1.3,7.7,17.8,161.9,453.9,226.7,136.6,24.6,0.4,38.2,1095.5,26.2,26.8,979.2,63.2,1272,,YEOTMAL,
Maharashtra,Yeotmal,IMD110-P1272,1914,0.0,18.4,10.5,37.1,22.8,328.1,237.4,180.4,293.5,6.2,9.1,15.7,1159.2,18.4,70.4,1039.4,31.0,1272,,YEOTMAL,
Maharashtra,Yeotmal,IMD110-P1272,1915,59.2,0.0,86.1,26.6,16.0,159.2,189.9,148.8,252.8,100.1,12.5,22.5,1073.7,59.2,128.8,750.7,135.1,1272,,YEOTMAL,
Maharashtra,Yeotmal,IMD110-P1272,1916,0.0,11.6,1.8,5.2,23.9,243.3,364.0,265.9,270.6,101.5,45.5,0.0,1333.4,11.6,30.9,1143.8,147.0,1272,,YEOTMAL,
Maharashtra,Yeotmal,IMD110-P1272,1917,0.6,77.0,31.5,11.9,47.3,236.6,396.6,196.7,345.0,101.3,0.0,0.0,1444.6,77.6,90.8,1174.9,101.3,1272,,YEOTMAL,
Maharashtra,Yeotmal,IMD110-P1272,1918,0.9,1.2,1.4,0.0,120.9,152.5,146.2,124.4,35.5,6.1,4.9,12.4,606.2,2.1,122.2,458.6,23.4,1272,,YEOTMAL,
Maharashtra,Yeotmal,IMD110-P1272,1919,62.5,16.8,13.9,12.4,12.2,251.1,258.1,113.8,87.1,48.7,9.9,0.4,886.9,79.3,38.5,710.1,59.0,1272,,YEOTMAL,
Maharashtra,Yeotmal,IMD110-P1272,1920,18.6,0.1,1.0,8.3,1.7,106.4,189.8,78.3,53.9,0.1,0.0,0.0,458.2,18.7,11.1,428.3,0.1,1272,,YEOTMAL,
Maharashtra,Yeotmal,IMD110-P1272,1921,17.8,0.0,0.0,8.1,0.0,279.8,333.5,232.9,189.3,12.1,0.8,0.0,1074.2,17.8,8.1,1035.5,12.9,1272,,YEOTMAL,
Maharashtra,Yeotmal,IMD110-P1272,1922,34.8,0.3,0.0,6.4,10.6,251.6,273.9,124.0,291.7,3.2,102.5,0.0,1098.9,35.1,17.0,941.1,105.7,1272,,YEOTMAL,
Maharashtra,Yeotmal,IMD110-P1272,1923,3.1,3.1,41.7,2.9,2.9,26.9,338.0,174.6,213.4,1.5,0.0,0.0,808.3,6.3,47.5,753.0,1.5,1272,,YEOTMAL,
Maharashtra,Yeotmal,IMD110-P1272,1924,7.3,0.0,11.5,3.6,3.4,53.2,249.9,180.9,194.5,166.2,17.8,2.9,891.4,7.4,18.5,678.6,186.9,1272,,YEOTMAL,
Maharashtra,Yeotmal,IMD110-P1272,1925,0.0,0.0,15.3,0.0,20.6,103.8,223.7,257.8,67.6,13.2,99.4,13.7,815.0,0.0,35.9,652.9,126.3,1272,,YEOTMAL,
Maharashtra,Yeotmal,IMD110-P1272,1926,69.7,2.4,18.3,27.5,33.2,26.7,301.1,351.0,155.1,21.1,0.4,0.5,1006.9,72.1,79.0,833.9,22.0,1272,,YEOTMAL,
Maharashtra,Yeotmal,IMD110-P1272,1927,0.0,11.0,4.7,1.5,0.4,253.5,321.8,101.2,81.2,18.7,69.0,2.3,865.3,11.0,6.6,757.7,90.0,1272,,YEOTMAL,
Maharashtra,Yeotmal,IMD110-P1272,1928,0.0,46.5,5.5,0.0,3.0,178.0,172.4,162.8,183.2,157.3,0.0,8.8,917.6,46.5,8.4,696.5,166.1,1272,,YEOTMAL,
Maharashtra,Yeotmal,IMD110-P1272,1929,0.0,65.2,1.5,10.9,0.0,176.2,173.8,61.8,181.4,34.8,0.0,37.8,743.5,65.2,12.3,593.3,72.7,1272,,YEOTMAL,
Maharashtra,Yeotmal,IMD110-P1272,1930,0.0,1.9,0.0,33.4,4.3,190.3,184.3,179.3,243.1,50.7,23.8,0.1,911.0,1.9,37.7,796.9,74.5,1272,,YEOTMAL,
Maharashtra,Yeotmal,IMD110-P1272,1931,3.6,1.4,6.6,3.6,6.3,113.3,395.8,270.4,263.6,154.6,64.0,5.9,1289.1,5.0,16.5,1043.1,224.4,1272,,YEOTMAL,
Maharashtra,Yeotmal,IMD110-P1272,1932,0.0,34.8,6.1,2.8,18.4,143.8,415.0,178.4,160.7,11.2,11.6,0.0,983.0,34.8,27.4,897.9,22.9,1272,,YEOTMAL,
Maharashtra,Yeotmal,IMD110-P1272,1933,5.2,17.6,13.4,13.7,90.8,263.7,263.4,337.3,301.9,93.4,11.6,9.1,1421.1,22.8,117.9,1166.3,114.1,1272,,YEOTMAL,
Maharashtra,Yeotmal,IMD110-P1272,1934,4.6,0.0,0.0,11.3,0.5,166.5,365.1,319.1,212.5,0.8,64.3,0.0,1144.7,4.6,11.9,1063.2,65.0,1272,,YEOTMAL,
Maharashtra,Yeotmal,IMD110-P1272,1935,17.6,3.9,0.0,41.0,2.6,182.3,413.5,152.0,214.0,12.2,0.0,5.4,1044.6,21.4,43.7,961.8,17.7,1272,,YEOTMAL,
Maharashtra,Yeotmal,IMD110-P1272,1936,11.6,66.1,26.3,3.9,30.5,414.2,189.5,274.4,158.8,90.4,59.4,2.7,1327.9,77.7,60.8,1036.9,152.6,1272,,YEOTMAL,
Maharashtra,Yeotmal,IMD110-P1272,1937,0.0,18.2,30.5,131.2,0.2,94.8,414.9,61.9,195.0,95.1,0.0,24.2,1065.9,18.2,161.9,766.5,119.2,1272,,YEOTMAL,
Maharashtra,Yeotmal,IMD110-P1272,1938,0.4,11.6,18.7,7.0,45.8,318.5,359.3,154.3,169.4,94.4,0.0,0.0,1179.3,11.9,71.5,1001.5,94.4,1272,,YEOTMAL,
Maharashtra,Yeotmal,IMD110-P1272,1939,0.0,1.0,25.5,16.4,0.0,111.4,168.9,379.8,32.2,29.4,5.6,0.0,770.4,1.0,42.0,692.4,35.0,1272,,YEOTMAL,
Maharashtra,Yeotmal,IMD110-P1272,1940,0.0,3.3,0.0,21.3,12.3,219.6,524.5,265.5,76.1,81.9,40.3,2.4,1247.2,3.3,33.5,1085.7,124.6,1272,,YEOTMAL,
Maharashtra,Yeotmal,IMD110-P1272,1941,9.8,0.5,12.4,4.8,1.5,111.1,331.9,140.6,118.9,6.0,0.0,0.0,737.5,10.3,18.7,702.5,6.0,1273,,YEOTMAL,
Maharashtra,Yeotmal,IMD110-P1272,1942,0.6,102.2,0.0,13.0,4.2,208.1,358.0,284.2,117.6,5.2,0.0,17.0,1109.9,102.8,17.2,967.9,22.1,1273,,YEOTMAL,
Maharashtra,Yeotmal,IMD110-P1272,1943,39.5,0.0,0.3,2.2,32.9,160.7,174.6,69.1,266.9,71.3,0.5,0.0,818.1,39.5,35.5,671.3,71.9,1273,,YEOTMAL,
Maharashtra,Yeotmal,IMD110-P1272,1944,0.8,35.3,68.5,2.6,8.0,63.6,352.4,169.2,229.1,61.4,44.6,0.0,1035.4,36.0,79.1,814.3,106.0,1273,,YEOTMAL,
Maharashtra,Yeotmal,IMD110-P1272,1945,6.0,0.0,0.0,22.3,4.4,143.3,289.0,302.6,256.3,30.0,0.0,0.0,1053.7,6.0,26.6,991.1,30.0,1273,,YEOTMAL,
Maharashtra,Yeotmal,IMD110-P1272,1946,0.0,19.0,0.4,17.4,7.9,219.1,428.0,155.7,108.9,9.3,63.6,21.4,1050.5,19.0,25.6,911.7,94.3,1273,,YEOTMAL,
Maharashtra,Yeotmal,IMD110-P1272,1947,45.3,17.8,33.0,5.9,5.2,95.4,233.7,228.0,171.7,11.9,0.8,6.3,855.0,63.1,44.0,728.8,19.0,1273,,YEOTMAL,
Maharashtra,Yeotmal,IMD110-P1272,1948,28.4,5.7,6.8,1.7,0.1,87.7,383.0,191.2,280.7,13.2,155.8,0.0,1154.4,34.1,8.7,942.6,169.0,1273,,YEOTMAL,
Maharashtra,Yeotmal,IMD110-P1272,1949,1.2,4.1,1.8,5.4,41.2,204.5,340.1,147.6,359.8,126.7,0.0,0.0,1232.3,5.3,48.3,1052.0,126.7,1273,,YEOTMAL,
Maharashtra,Yeotmal,IMD110-P1272,1950,0.0,32.6,17.1,0.2,1.5,85.4,333.8,80.7,104.7,9.1,0.0,11.6,676.6,32.6,18.7,604.6,20.7,1273,,YEOTMAL,
Maharashtra,Yeotmal,IMD110-P1272,1951,0.7,0.0,24.2,14.3,9.0,145.9,329.3,235.1,147.4,82.5,0.0,0.0,988.6,0.7,47.6,857.8,82.5,1273,,YEOTMAL,
Maharashtra,Yeotmal,IMD110-P1272,1952,0.0,13.5,0.0,22.4,2.6,103.3,227.2,187.5,134.9,57.5,0.0,0.0,748.9,13.5,25.1,652.9,57.5,1273,,YEOTMAL,
Maharashtra,Yeotmal,IMD110-P1272,1953,0.0,0.1,0.0,10.7,0.0,175.0,269.4,319.5,155.4,26.2,0.0,0.0,956.3,0.1,10.7,919.3,26.2,1273,,YEOTMAL,
Maharashtra,Yeotmal,IMD110-P1272,1954,0.0,0.0,14.2,14.2,0.8,193.5,389.5,152.6,271.3,5.4,0.0,0.0,1041.4,0.0,29.1,1006.9,5.4,1273,,YEOTMAL,
Maharashtra,Yeotmal,IMD110-P1272,1955,17.9,0.0,1.6,6.6,8.0,265.6,353.8,372.5,288.0,138.4,0.0,0.0,1452.3,17.9,16.2,1279.9,138.4,1273,,YEOTMAL,
Maharashtra,Yeotmal,IMD110-P1272,1956,0.1,4.5,2.0,0.2,77.3,315.4,282.2,153.0,171.9,66.8,17.3,12.7,1103.4,4.6,79.5,922.5,96.8,1273,,YEOTMAL,
Maharashtra,Yeotmal,IMD110-P1272,1957,1.4,2.9,54.5,38.3,9.6,144.2,217.8,280.0,111.6,29.5,0.0,0.0,889.8,4.3,102.5,753.5,29.5,1273,,YEOTMAL,
Maharashtra,Yeotmal,IMD110-P1272,1958,4.4,0.0,17.4,10.6,10.1,130.8,401.6,423.5,158.5,43.4,32.7,0.0,1233.0,4.4,38.1,1114.4,76.1,1273,,YEOTMAL,
Maharashtra,Yeotmal,IMD110-P1272,1959,5.9,0.0,0.0,16.1,5.9,268.9,389.3,299.7,457.4,108.2,0.0,0.0,1551.3,5.9,21.9,1415.3,108.2,1273,,YEOTMAL,
Maharashtra,Yeotmal,IMD110-P1272,1960,26.4,0.0,56.2,1.7,8.9,241.4,273.3,132.6,123.4,57.3,1.3,1.0,923.6,26.4,66.8,770.7,59.6,1273,,YEOTMAL,
Maharashtra,Yeotmal,IMD110-P1272,1961,0.4,2.1,7.8,8.8,41.5,128.8,337.9,287.9,170.9,227.7,0.0,0.5,1214.2,2.5,58.0,925.6,228.2,1273,,YEOTMAL,
Maharashtra,Yeotmal,IMD110-P1272,1962,2.8,0.6,33.2,36.2,9.6,44.6,344.3,287.8,195.1,1.5,82.2,49.4,1087.3,3.4,79.1,871.8,133.0,1273,,YEOTMAL,
Maharashtra,Yeotmal,IMD110-P1272,1963,0.0,11.8,22.9,20.1,31.7,283.7,196.0,567.6,58.8,98.7,0.0,0.0,1291.2,11.8,74.7,1106.1,98.7,1273,,YEOTMAL,
Maharashtra,Yeotmal,IMD110-P1272,1964,0.0,0.2,7.9,1.0,0.2,128.2,304.0,279.6,168.2,35.0,0.7,0.0,925.1,0.2,9.2,880.0,35.7,1273,,YEOTMAL,
Maharashtra,Yeotmal,IMD110-P1272,1965,15.1,5.0,2.5,34.8,1.8,172.1,273.7,185.0,118.3,1.5,0.0,0.3,810.1,20.1,39.1,749.1,1.8,1273,,YEOTMAL,
Maharashtra,Yeotmal,IMD110-P1272,1966,15.7,0.0,30.9,11.3,35.3,49.1,332.0,121.7,202.8,0.0,39.1,5.8,843.7,15.7,77.6,705.5,44.9,1273,,YEOTMAL,
Maharashtra,Yeotmal,IMD110-P1272,1967,0.4,0.0,32.4,5.2,4.8,199.2,233.5,128.7,92.9,7.7,0.0,138.7,843.6,0.4,42.5,654.4,146.4,1273,,YEOTMAL,
Maharashtra,Yeotmal,IMD110-P1272,1968,14.0,25.3,48.7,12.6,1.6,113.9,245.6,186.9,154.8,6.2,18.6,1.6,829.7,39.3,62.9,701.2,26.4,1273,,YEOTMAL,
Maharashtra,Yeotmal,IMD110-P1272,1969,0.3,0.0,0.1,1.1,3.4,121.3,233.8,170.3,330.8,12.9,33.6,0.0,907.6,0.3,4.6,856.2,46.5,1273,,YEOTMAL,
Maharashtra,Yeotmal,IMD110-P1272,1970,18.8,0.4,15.3,0.9,13.5,364.0,217.0,396.0,174.6,15.4,0.0,0.0,1215.9,19.2,29.7,1151.6,15.4,1273,,YEOTMAL,
Maharashtra,Yeotmal,IMD110-P1272,1971,0.6,1.4,0.6,6.3,23.6,187.1,86.2,198.2,82.6,132.0,0.0,0.0,718.6,2.0,30.4,554.1,132.0,1273,,YEOTMAL,
Maharashtra,Yeotmal,IMD110-P1272,1972,0.0,0.5,0.0,2.4,5.8,197.5,118.0,192.7,39.7,5.1,57.2,8.4,627.4,0.5,8.2,548.0,70.7,1273,,YEOTMAL,
Maharashtra,Yeotmal,IMD110-P1272,1973,0.0,0.9,1.0,6.2,0.0,75.2,307.4,458.7,98.0,171.8,0.0,0.2,1119.3,0.9,7.2,939.3,171.9,1273,,YEOTMAL,
Maharashtra,Yeotmal,IMD110-P1272,1974,0.0,0.0,1.7,1.5,2.6,84.9,184.7,189.0,79.0,181.8,3.7,0.0,728.9,0.0,5.8,537.6,185.5,1273,,YEOTMAL,
Maharashtra,Yeotmal,IMD110-P1272,1975,5.7,17.1,7.7,0.0,12.1,154.2,307.2,232.0,303.2,83.8,0.0,0.0,1123.0,22.8,19.8,996.6,83.8,1273,,YEOTMAL,
Maharashtra,Yeotmal,IMD110-P1272,1976,1.4,0.0,2.5,9.1,0.4,72.8,387.3,228.2,133.8,0.1,27.1,0.0,862.8,1.4,12.1,822.1,27.2,1273,,YEOTMAL,
Maharashtra,Yeotmal,IMD110-P1272,1977,0.0,3.4,7.3,1.7,11.6,128.0,250.9,274.8,82.1,56.4,32.7,2.0,850.9,3.4,20.5,735.9,91.1,1273,,YEOTMAL,
Maharashtra,Yeotmal,IMD110-P1272,1978,17.5,21.6,16.6,18.1,9.9,255.8,378.8,235.1,36.3,31.7,10.9,16.3,1048.7,39.1,44.6,906.1,59.0,1273,,YEOTMAL,
Maharashtra,Yeotmal,IMD110-P1272,1979,18.3,56.4,1.0,0.5,42.7,235.2,195.0,230.0,113.2,2.3,19.5,16.8,930.9,74.7,44.2,773.4,38.6,1273,,YEOTMAL,
Maharashtra,Yeotmal,IMD110-P1272,1980,3.8,2.2,0.7,4.6,0.3,246.3,212.6,406.6,91.3,1.5,0.3,43.1,1013.0,5.9,5.6,956.7,44.9,1273,,YEOTMAL,
Maharashtra,Yeotmal,IMD110-P1272,1981,35.6,0.0,6.1,3.4,18.4,134.4,222.9,348.9,340.8,35.4,1.8,19.5,1167.2,35.6,27.9,1047.0,56.7,1273,,YEOTMAL,
Maharashtra,Yeotmal,IMD110-P1272,1982,62.1,6.1,1.8,7.4,20.7,125.8,332.4,140.9,144.2,30.4,18.1,0.0,889.8,68.1,29.9,743.4,48.5,1274,,YEOTMAL,
Maharashtra,Yeotmal,IMD110-P1272,1983,0.2,0.1,0.1,0.2,4.8,224.0,364.7,386.1,338.6,69.7,0.0,19.2,1407.8,0.3,5.1,1313.5,88.9,1274,,YEOTMAL,
Maharashtra,Yeotmal,IMD110-P1272,1984,20.3,11.7,0.0,0.1,0.2,121.4,298.2,99.1,45.3,54.5,0.0,0.0,650.8,32.0,0.3,564.0,54.5,1274,,YEOTMAL,
Maharashtra,Yeotmal,IMD110-P1272,1985,14.8,0.2,1.4,12.6,13.5,274.7,187.4,135.2,42.2,120.5,0.0,3.3,805.8,15.0,27.5,639.5,123.8,1274,,YEOTMAL,
Maharashtra,Yeotmal,IMD110-P1272,1986,9.4,34.3,1.5,4.0,12.0,158.6,343.6,275.1,28.3,5.9,8.5,32.0,913.3,43.7,17.6,805.6,46.4,1274,,YEOTMAL,
Maharashtra,Yeotmal,IMD110-P1272,1987,19.4,5.8,1.9,0.0,17.8,103.4,119.3,218.3,17.7,105.7,61.9,7.4,678.6,25.3,19.8,458.7,174.9,1274,,YEOTMAL,
Maharashtra,Yeotmal,IMD110-P1272,1988,0.0,0.4,5.7,3.7,1.7,134.4,501.5,282.4,275.7,74.7,10.6,0.3,1291.1,0.4,11.2,1194.0,85.5,1274,,YEOTMAL,
Maharashtra,Yeotmal,IMD110-P1272,1989,0.0,0.0,27.7,0.0,2.2,260.7,172.2,349.8,84.2,10.7,0.0,17.0,924.5,0.0,29.9,866.8,27.8,1274,,YEOTMAL,
Maharashtra,Yeotmal,IMD110-P1272,1990,0.0,0.1,0.3,0.1,75.5,322.8,285.9,428.5,85.6,162.9,2.9,2.8,1367.4,0.1,75.9,1122.8,168.6,1274,,YEOTMAL,
Maharashtra,Yeotmal,IMD110-P1272,1991,1.9,0.0,0.0,5.0,0.5,154.8,217.8,181.8,18.0,9.5,12.0,0.0,601.4,1.9,5.5,572.4,21.5,1274,,YEOTMAL,
Maharashtra,Yeotmal,IMD110-P1272,1992,0.0,0.0,0.0,4.1,3.1,192.0,146.3,531.2,105.7,35.2,27.7,0.0,1045.4,0.0,7.2,975.3,63.0,1274,,YEOTMAL,
Maharashtra,Yeotmal,IMD110-P1272,1993,3.2,1.3,7.7,1.8,5.6,146.1,290.5,199.7,101.4,71.8,0.0,16.4,845.4,4.4,15.1,737.6,88.2,1274,,YEOTMAL,
Maharashtra,Yeotmal,IMD110-P1272,1994,12.6,2.7,0.0,11.7,4.5,191.3,406.5,294.1,122.2,76.1,9.7,2.9,1134.4,15.3,16.2,1014.1,88.8,1274,,YEOTMAL,
Maharashtra,Yeotmal,IMD110-P1272,1995,53.5,6.4,40.8,6.3,4.8,199.7,271.0,155.0,211.3,191.0,0.0,0.0,1139.8,59.9,51.9,837.0,191.1,1274,,YEOTMAL,
Maharashtra,Yeotmal,IMD110-P1272,1996,0.0,0.2,0.6,1.8,0.2,48.1,261.7,278.5,176.8,118.6,0.3,0.0,886.9,0.2,2.6,765.2,118.9,1274,,YEOTMAL,
Maharashtra,Yeotmal,IMD110-P1272,1997,3.6,0.0,3.9,6.0,4.0,92.0,187.7,218.6,174.3,64.2,47.8,52.9,855.1,3.6,13.9,672.7,164.9,1274,,YEOTMAL,
Maharashtra,Yeotmal,IMD110-P1272,1998,22.3,15.3,19.6,3.2,9.2,143.5,235.8,204.6,224.5,58.6,70.1,0.0,1006.5,37.5,32.0,808.3,128.6,1274,,YEOTMAL,
Maharashtra,Yeotmal,IMD110-P1272,1999,0.6,14.3,0.0,0.0,26.8,204.8,214.5,254.1,273.7,103.9,0.0,0.0,1092.9,15.0,26.8,947.2,103.9,1274,,YEOTMAL,
Maharashtra,Yeotmal,IMD110-P1272,2000,0.0,2.7,0.1,0.3,15.8,190.9,348.0,221.8,34.2,14.2,0.0,0.2,828.2,2.7,16.2,794.9,14.4,1274,,YEOTMAL,
Maharashtra,Yeotmal,IMD110-P1272,2001,9.8,0.0,7.6,6.0,1.0,356.5,133.9,329.5,15.4,94.1,1.3,0.0,955.2,9.8,14.6,835.3,95.4,1274,,YEOTMAL,
Maharashtra,Yeotmal,IMD110-P1272,2002,0.2,3.3,0.0,0.9,4.8,339.8,100.8,327.3,126.1,56.7,0.6,0.0,960.5,3.5,5.7,894.0,57.3,1274,,YEOTMAL,
Maharashtra,Yeotmal,IMD110-P1272,2003,0.0,0.5,1.5,1.2,0.5,142.3,380.2,239.9,69.9,36.2,1.3,1.1,874.5,0.5,3.1,832.3,38.6,1274,,YEOTMAL,
Maharashtra,Yeotmal,IMD110-P1272,2004,16.1,0.0,1.7,3.7,4.7,104.6,146.2,118.0,78.2,26.3,5.1,1.5,506.1,16.1,10.1,447.0,32.9,1274,,YEOTMAL,
Maharashtra,Yeotmal,IMD110-P1272,2005,78.8,1.0,5.4,2.2,0.5,126.9,453.0,224.2,140.9,86.3,0.0,0.0,1119.2,79.8,8.1,945.0,86.3,1274,,YEOTMAL,
Maharashtra,Yeotmal,IMD110-P1272,2006,0.0,0.0,36.6,15.6,1.3,151.1,305.9,383.1,181.0,85.1,1.2,0.0,1160.7,0.0,53.4,1021.1,86.2,1274,,YEOTMAL,
Maharashtra,Yeotmal,IMD110-P1272,2007,0.0,0.0,0.5,1.9,0.4,183.5,265.8,166.8,230.9,6.0,0.1,0.0,855.8,0.0,2.8,846.9,6.1,1274,,YEOTMAL,
Maharashtra,Yeotmal,IMD110-P1272,2008,0.0,0.0,9.1,0.7,0.4,91.1,227.6,203.6,149.1,22.0,2.4,0.0,705.9,0.0,10.2,671.3,24.4,1274,,YEOTMAL,
Maharashtra,Yeotmal,IMD110-P1272,2009,0.0,0.0,0.1,0.0,1.6,106.1,152.3,120.0,108.4,18.5,56.5,0.0,563.6,0.0,1.7,486.9,75.0,1274,,YEOTMAL,
Maharashtra,Yeotmal,IMD110-P1272,2010,27.1,1.5,4.4,0.0,6.1,122.4,406.2,362.1,150.5,56.6,35.4,0.0,1172.3,28.6,10.6,1041.2,92.0,1274,,YEOTMAL,
