state_source,district_source,series_id,year,jan_mm,feb_mm,mar_mm,apr_mm,may_mm,jun_mm,jul_mm,aug_mm,sep_mm,oct_mm,nov_mm,dec_mm,annual_mm,jf_mm,mam_mm,jjas_mm,ond_mm,source_page,quality_flags,district_table_label,duplicate_source_pages
Punjab,Amritsar,IMD110-P1451,1901,43.2,32.0,13.4,3.5,33.7,4.3,220.8,146.6,28.5,0.0,0.0,0.0,526.1,75.2,50.6,400.3,0.0,1451,,AMRITSAR,
Punjab,Amritsar,IMD110-P1451,1902,0.0,0.0,12.9,6.3,20.0,24.6,83.4,98.4,31.7,4.4,0.0,0.0,281.7,0.0,39.2,238.1,4.4,1451,,AMRITSAR,
Punjab,Amritsar,IMD110-P1451,1903,21.3,0.0,72.6,0.6,11.0,9.7,224.0,112.5,183.6,15.9,0.0,2.9,654.0,21.3,84.2,529.8,18.8,1451,,AMRITSAR,
Punjab,Amritsar,IMD110-P1451,1904,43.8,3.8,104.2,0.5,4.2,16.8,16.9,80.0,45.0,9.5,1.2,14.5,340.4,47.6,108.9,158.7,25.2,1451,,AMRITSAR,
Punjab,Amritsar,IMD110-P1451,1905,63.3,25.1,15.1,0.0,0.4,10.2,99.1,22.7,163.1,3.3,0.0,11.3,413.6,88.4,15.5,295.0,14.6,1451,,AMRITSAR,
Punjab,Amritsar,IMD110-P1451,1906,0.7,87.2,48.9,5.9,7.9,28.1,77.3,120.2,175.8,0.0,0.0,19.9,572.0,87.9,62.7,401.5,19.9,1451,,AMRITSAR,
Punjab,Amritsar,IMD110-P1451,1907,13.7,80.9,43.7,45.3,2.7,25.6,25.9,164.3,5.3,0.0,0.1,0.0,407.3,94.6,91.6,221.0,0.1,1451,,AMRITSAR,
Punjab,Amritsar,IMD110-P1451,1908,51.6,8.4,0.1,28.0,4.7,11.9,229.6,486.4,74.3,0.0,0.2,1.3,896.5,60.0,32.8,802.2,1.5,1451,,AMRITSAR,
Punjab,Amritsar,IMD110-P1451,1909,23.9,40.5,0.0,47.2,0.1,53.5,136.6,171.5,213.1,0.0,0.0,42.2,728.6,64.4,47.3,574.7,42.2,1451,,AMRITSAR,
Punjab,Amritsar,IMD110-P1451,1910,21.2,4.4,1.9,2.2,0.1,72.3,111.0,193.9,24.3,0.4,0.0,1.0,432.7,25.6,4.2,401.5,1.4,1451,,AMRITSAR,
Punjab,Amritsar,IMD110-P1451,1911,109.8,7.0,141.1,0.6,3.4,42.8,16.5,107.5,13.0,8.8,9.7,0.0,460.3,116.8,145.1,179.8,18.6,1451,,AMRITSAR,
Punjab,Amritsar,IMD110-P1451,1912,87.5,1.1,16.8,24.1,6.5,6.5,167.4,223.3,0.0,0.0,27.0,2.5,562.6,88.5,47.4,397.2,29.6,1451,,AMRITSAR,
Punjab,Amritsar,IMD110-P1451,1913,0.3,44.3,40.4,0.6,48.4,100.9,158.1,197.4,28.7,2.6,0.1,11.8,633.6,44.6,89.4,485.1,14.6,1451,,AMRITSAR,
Punjab,Amritsar,IMD110-P1451,1914,34.5,43.7,19.5,52.7,14.3,52.3,316.5,68.6,96.4,55.2,16.6,11.4,781.8,78.2,86.5,533.9,83.2,1451,,AMRITSAR,
Punjab,Amritsar,IMD110-P1451,1915,17.9,69.5,53.3,18.8,6.3,12.2,39.3,51.9,115.7,28.2,0.0,5.9,419.0,87.4,78.4,219.1,34.1,1451,,AMRITSAR,
Punjab,Amritsar,IMD110-P1451,1916,2.7,15.1,2.6,4.0,8.1,40.6,362.9,206.8,70.5,3.6,0.0,0.0,716.7,17.7,14.7,680.8,3.6,1451,,AMRITSAR,
Punjab,Amritsar,IMD110-P1451,1917,3.0,0.0,11.1,70.3,17.4,84.6,114.9,241.0,293.9,131.6,0.0,4.8,972.8,3.0,98.9,734.5,136.4,1451,,AMRITSAR,
Punjab,Amritsar,IMD110-P1451,1918,1.5,1.0,72.4,33.0,0.6,43.0,19.6,95.0,19.9,0.4,5.3,10.2,301.9,2.5,106.0,177.5,15.9,1451,,AMRITSAR,
Punjab,Amritsar,IMD110-P1451,1919,72.6,19.2,11.7,5.4,15.2,9.0,184.6,134.8,28.2,0.0,4.5,41.8,526.9,91.7,32.3,356.6,46.3,1451,,AMRITSAR,
Punjab,Amritsar,IMD110-P1451,1920,29.2,18.4,11.3,1.2,30.5,10.9,152.7,127.4,23.2,0.0,0.0,1.0,405.8,47.6,43.0,314.2,1.0,1451,,AMRITSAR,
Punjab,Amritsar,IMD110-P1451,1921,6.5,7.3,0.0,0.0,1.1,23.4,91.0,93.5,41.0,27.4,0.0,15.7,306.8,13.8,1.1,248.8,43.1,1451,,AMRITSAR,
Punjab,Amritsar,IMD110-P1451,1922,15.0,12.4,4.9,1.9,2.2,32.4,56.9,100.6,177.1,0.0,0.0,26.5,429.9,27.5,8.9,367.0,26.5,1451,,AMRITSAR,
Punjab,Amritsar,IMD110-P1451,1923,45.9,66.3,15.3,9.6,60.0,8.5,202.7,146.8,0.0,12.0,0.0,50.1,617.1,112.1,84.9,358.0,62.1,1451,,AMRITSAR,
Punjab,Amritsar,IMD110-P1451,1924,37.9,32.6,4.8,4.5,28.0,4.8,226.3,127.1,123.5,0.0,0.8,44.9,635.3,70.5,37.3,481.7,45.8,1451,,AMRITSAR,
Punjab,Amritsar,IMD110-P1451,1925,28.9,3.4,2.7,1.1,36.3,50.8,253.6,143.6,12.4,4.0,9.6,0.0,546.3,32.3,40.0,460.4,13.5,1451,,AMRITSAR,
Punjab,Amritsar,IMD110-P1451,1926,15.4,2.3,79.8,37.7,34.5,4.3,146.9,314.4,73.1,0.0,0.0,7.6,715.9,17.7,152.0,538.7,7.6,1451,,AMRITSAR,
Punjab,Amritsar,IMD110-P1451,1927,0.0,23.5,8.4,7.6,13.8,18.5,187.1,42.9,0.0,0.2,0.0,31.5,333.5,23.5,29.8,248.6,31.7,1451,,AMRITSAR,
Punjab,Amritsar,IMD110-P1451,1928,9.3,9.9,10.7,12.6,4.3,44.9,83.2,158.8,64.0,0.0,54.8,23.2,475.5,19.2,27.6,350.8,78.0,1451,,AMRITSAR,
Punjab,Amritsar,IMD110-P1451,1929,0.0,1.7,0.0,11.4,0.0,105.6,164.1,152.4,9.0,2.8,0.0,80.3,527.3,1.7,11.4,431.1,83.1,1451,,AMRITSAR,
Punjab,Amritsar,IMD110-P1451,1930,14.8,21.1,4.0,11.6,17.1,43.9,299.9,70.5,59.8,0.0,0.0,2.9,545.5,35.9,32.7,474.1,2.9,1451,,AMRITSAR,
Punjab,Amritsar,IMD110-P1451,1931,16.8,23.8,12.0,0.0,25.7,4.6,204.8,203.9,80.3,42.8,0.0,0.0,614.7,40.7,37.8,493.5,42.8,1451,,AMRITSAR,
Punjab,Amritsar,IMD110-P1451,1932,33.4,7.9,24.6,1.3,9.2,5.7,154.1,70.8,19.1,0.0,0.0,28.3,354.2,41.3,35.0,249.7,28.3,1451,,AMRITSAR,
Punjab,Amritsar,IMD110-P1451,1933,9.2,24.7,51.9,10.0,13.4,22.4,286.5,353.1,98.8,8.3,5.6,0.0,883.8,33.9,75.3,760.8,13.8,1451,,AMRITSAR,
Punjab,Amritsar,IMD110-P1451,1934,14.1,1.2,43.3,2.6,0.9,67.7,114.3,127.6,11.5,0.0,0.0,2.1,385.4,15.3,46.9,321.1,2.1,1452,,AMRITSAR,
Punjab,Amritsar,IMD110-P1451,1935,97.6,74.3,26.7,69.2,2.7,1.4,200.8,91.1,30.1,0.8,4.3,2.7,601.6,171.9,98.7,323.3,7.7,1452,,AMRITSAR,
Punjab,Amritsar,IMD110-P1451,1936,1.3,51.0,25.6,14.6,4.7,72.7,181.3,161.6,54.6,8.7,0.0,18.6,594.7,52.3,44.9,470.2,27.3,1452,,AMRITSAR,
Punjab,Amritsar,IMD110-P1451,1937,2.5,118.6,5.5,62.5,1.4,17.7,171.6,14.2,41.0,11.7,0.0,24.3,470.8,121.0,69.3,244.5,36.0,1452,,AMRITSAR,
Punjab,Amritsar,IMD110-P1451,1938,63.9,31.7,2.7,15.4,1.3,149.4,122.0,90.3,1.0,6.0,0.0,0.6,484.4,95.6,19.4,362.8,6.6,1452,,AMRITSAR,
Punjab,Amritsar,IMD110-P1451,1939,10.2,97.2,72.8,14.3,0.5,37.0,75.4,70.4,64.7,1.8,0.0,0.0,444.4,107.4,87.7,247.5,1.8,1452,,AMRITSAR,
Punjab,Amritsar,IMD110-P1451,1940,52.9,33.6,14.8,5.2,4.0,67.7,116.8,158.7,32.5,0.0,0.0,0.0,486.4,86.6,24.1,375.8,0.0,1452,,AMRITSAR,
Punjab,Amritsar,IMD110-P1451,1941,63.8,9.0,12.5,1.7,15.0,95.3,115.4,193.9,50.6,0.3,0.0,18.3,575.7,72.8,29.2,455.2,18.6,1452,,AMRITSAR,
Punjab,Amritsar,IMD110-P1451,1942,49.9,42.0,28.8,39.7,11.8,26.3,184.9,226.7,75.5,5.3,0.0,41.2,732.3,91.9,80.3,513.5,46.5,1452,,AMRITSAR,
Punjab,Amritsar,IMD110-P1451,1943,57.9,5.0,12.9,7.1,11.5,23.0,157.6,67.4,42.2,3.7,0.0,0.0,388.4,62.9,31.6,290.3,3.7,1452,,AMRITSAR,
Punjab,Amritsar,IMD110-P1451,1944,29.0,60.0,58.0,50.3,0.0,22.7,159.5,154.0,30.3,1.5,0.0,20.1,585.3,89.0,108.3,366.5,21.6,1452,,AMRITSAR,
Punjab,Amritsar,IMD110-P1451,1945,77.7,0.0,20.8,32.3,4.3,13.3,174.0,121.2,137.3,6.4,2.9,0.1,590.3,77.7,57.4,445.7,9.4,1452,,AMRITSAR,
Punjab,Amritsar,IMD110-P1451,1946,0.6,12.0,10.4,6.1,18.8,63.3,120.9,146.0,0.0,45.6,11.9,41.3,477.0,12.5,35.4,330.2,98.8,1452,,AMRITSAR,
Punjab,Amritsar,IMD110-P1451,1947,28.9,9.4,0.3,0.0,3.4,0.0,23.5,309.3,140.3,4.5,0.0,47.0,566.6,38.3,3.6,473.1,51.6,1452,,AMRITSAR,
Punjab,Amritsar,IMD110-P1451,1948,8.6,31.7,90.2,8.1,1.9,14.8,276.4,188.2,54.4,0.0,0.0,31.2,705.4,40.3,100.2,533.7,31.2,1452,,AMRITSAR,
Punjab,Amritsar,IMD110-P1451,1949,14.1,59.4,9.2,0.6,11.7,19.5,345.9,98.4,53.1,0.3,0.0,0.8,612.9,73.4,21.6,516.9,1.0,1452,,AMRITSAR,
Punjab,Amritsar,IMD110-P1451,1950,54.0,33.6,60.1,4.8,1.9,0.0,189.2,81.6,437.0,0.0,0.0,0.0,862.3,87.6,66.8,707.9,0.0,1452,,AMRITSAR,
Punjab,Amritsar,IMD110-P1451,1951,18.9,5.5,48.7,18.1,22.5,0.2,187.2,132.8,0.6,0.8,27.6,4.2,467.1,24.4,89.3,320.8,32.6,1452,,AMRITSAR,
Punjab,Amritsar,IMD110-P1451,1952,20.8,19.6,37.7,1.8,3.2,53.4,144.0,149.5,0.0,0.0,1.0,0.0,430.9,40.4,42.7,346.9,1.0,1452,,AMRITSAR,
Punjab,Amritsar,IMD110-P1451,1953,65.4,1.3,0.0,15.2,3.3,20.2,182.9,190.4,83.3,0.3,1.7,8.7,572.8,66.7,18.6,476.9,10.7,1452,,AMRITSAR,
Punjab,Amritsar,IMD110-P1451,1954,35.0,73.4,2.4,0.3,3.2,11.0,225.4,54.4,337.0,27.5,0.0,0.0,769.6,108.5,5.9,627.7,27.5,1452,,AMRITSAR,
Punjab,Amritsar,IMD110-P1451,1955,7.2,2.3,22.8,15.0,12.4,26.5,128.7,263.3,209.1,458.4,0.0,7.7,1153.4,9.5,50.2,627.6,466.1,1452,,AMRITSAR,
Punjab,Amritsar,IMD110-P1451,1956,31.2,10.0,49.0,8.6,0.0,84.2,255.5,224.0,30.4,161.3,0.0,1.9,856.0,41.2,57.6,594.0,163.2,1452,,AMRITSAR,
Punjab,Amritsar,IMD110-P1451,1957,114.3,6.7,56.4,8.8,21.5,16.6,178.2,293.8,1.3,19.3,8.8,45.5,771.1,121.0,86.6,489.8,73.6,1452,,AMRITSAR,
Punjab,Amritsar,IMD110-P1451,1958,1.2,2.6,7.8,19.0,0.2,60.4,206.3,73.6,373.7,31.5,0.1,68.6,845.2,3.8,27.1,714.1,100.2,1452,,AMRITSAR,
Punjab,Amritsar,IMD110-P1451,1959,54.4,14.5,14.5,2.9,6.0,2.5,295.6,174.0,114.7,21.4,52.3,0.0,753.0,68.9,23.5,586.9,73.8,1452,,AMRITSAR,
Punjab,Amritsar,IMD110-P1451,1960,17.8,0.0,47.5,6.0,1.1,25.3,220.2,153.7,14.5,0.0,0.0,22.1,508.3,17.8,54.6,413.7,22.1,1452,,AMRITSAR,
Punjab,Amritsar,IMD110-P1451,1961,82.7,26.2,10.8,31.9,7.2,37.3,313.1,295.2,188.8,21.3,1.8,8.3,1024.6,108.9,50.0,834.4,31.4,1452,,AMRITSAR,
Punjab,Amritsar,IMD110-P1451,1962,53.3,35.1,31.1,1.3,9.0,14.4,149.4,149.8,411.7,0.0,16.8,12.1,884.1,88.4,41.5,725.3,28.9,1452,,AMRITSAR,
Punjab,Amritsar,IMD110-P1451,1963,0.0,17.6,13.9,7.9,14.0,17.6,133.0,62.0,50.2,0.0,11.8,27.3,355.2,17.6,35.7,262.8,39.1,1452,,AMRITSAR,
Punjab,Amritsar,IMD110-P1451,1964,8.2,7.1,6.4,16.4,13.9,28.4,245.5,121.8,73.5,0.0,0.1,9.4,530.6,15.3,36.8,469.1,9.4,1452,,AMRITSAR,
Punjab,Amritsar,IMD110-P1451,1965,6.6,15.0,18.0,30.9,15.9,1.3,232.6,85.8,3.5,11.1,8.1,0.4,428.9,21.5,64.7,323.1,19.5,1452,,AMRITSAR,
Punjab,Amritsar,IMD110-P1451,1966,0.0,35.8,36.8,11.2,60.2,58.8,138.0,132.9,212.8,8.2,0.0,5.7,700.6,35.8,108.3,542.6,13.9,1452,,AMRITSAR,
Punjab,Amritsar,IMD110-P1451,1967,0.0,29.2,118.5,0.8,2.2,1.4,139.3,303.5,90.9,32.2,1.1,99.2,818.4,29.2,121.6,535.1,132.6,1452,,AMRITSAR,
Punjab,Amritsar,IMD110-P1451,1968,37.0,41.7,28.2,1.4,12.9,17.4,281.2,249.3,0.0,12.9,0.0,17.0,699.0,78.7,42.6,547.9,29.9,1453,,AMRITSAR,
Punjab,Amritsar,IMD110-P1451,1969,21.6,39.9,47.3,31.1,12.5,9.1,201.3,124.5,84.1,0.1,0.0,0.0,571.5,61.5,90.9,418.9,0.1,1453,,AMRITSAR,
Punjab,Amritsar,IMD110-P1451,1970,20.2,33.6,8.7,0.4,8.8,189.7,74.3,259.9,87.1,8.4,0.0,0.0,691.1,53.8,17.9,611.0,8.4,1453,,AMRITSAR,
Punjab,Amritsar,IMD110-P1451,1971,4.3,26.4,7.8,5.8,32.2,117.5,198.5,340.4,11.8,6.2,0.0,0.0,750.9,30.7,45.8,668.2,6.2,1453,,AMRITSAR,
Punjab,Amritsar,IMD110-P1451,1972,13.9,15.0,12.2,9.1,0.0,63.0,80.4,50.5,53.9,7.1,15.2,23.1,343.4,28.9,21.3,247.8,45.4,1453,,AMRITSAR,
Punjab,Amritsar,IMD110-P1451,1973,19.3,22.5,20.8,2.8,25.8,151.4,192.5,333.0,3.8,0.0,0.0,37.8,809.7,41.8,49.4,680.7,37.8,1453,,AMRITSAR,
Punjab,Amritsar,IMD110-P1451,1974,1.5,3.8,1.9,1.5,7.1,44.5,226.2,116.3,3.6,0.0,0.0,23.6,430.0,5.3,10.6,390.5,23.6,1453,,AMRITSAR,
Punjab,Amritsar,IMD110-P1451,1975,19.6,31.0,36.9,4.7,2.3,58.0,259.4,204.2,225.8,0.0,0.0,0.0,842.0,50.7,43.9,747.5,0.0,1453,,AMRITSAR,
Punjab,Amritsar,IMD110-P1451,1976,32.2,34.7,38.8,30.0,10.8,50.4,252.8,674.4,198.4,19.4,0.0,3.0,1344.8,66.9,79.6,1175.9,22.4,1453,,AMRITSAR,
Punjab,Amritsar,IMD110-P1451,1977,49.9,0.7,1.4,59.3,49.4,110.6,200.3,180.7,68.2,25.8,0.0,10.0,756.3,50.6,110.1,559.8,35.8,1453,,AMRITSAR,
Punjab,Amritsar,IMD110-P1451,1978,9.4,24.3,92.2,5.6,0.0,89.0,279.5,305.8,46.4,0.0,6.8,0.0,859.0,33.8,97.8,720.7,6.8,1453,,AMRITSAR,
Punjab,Amritsar,IMD110-P1451,1979,15.6,43.1,67.2,3.2,26.2,95.0,141.0,44.4,88.0,6.8,9.8,0.0,540.2,58.6,96.6,368.4,16.6,1453,,AMRITSAR,
Punjab,Amritsar,IMD110-P1451,1980,24.4,25.8,26.1,4.8,1.2,90.4,539.1,174.5,22.5,5.6,10.8,17.6,942.7,50.2,32.0,826.4,34.0,1453,,AMRITSAR,
Punjab,Amritsar,IMD110-P1451,1981,79.3,42.5,68.6,1.7,15.8,3.2,303.3,37.3,29.4,1.8,36.6,0.0,619.4,121.8,86.1,373.2,38.3,1453,,AMRITSAR,
Punjab,Amritsar,IMD110-P1451,1982,35.7,25.4,138.4,68.5,72.4,17.9,31.1,179.8,5.5,5.2,15.7,28.4,624.0,61.1,279.3,234.4,49.3,1453,,AMRITSAR,
Punjab,Amritsar,IMD110-P1451,1983,58.6,54.4,39.3,136.6,68.9,3.6,113.6,118.0,27.0,24.3,0.0,0.3,644.4,112.9,244.7,262.2,24.5,1453,,AMRITSAR,
Punjab,Amritsar,IMD110-P1451,1984,0.9,75.5,37.6,19.0,0.0,64.5,362.0,235.0,213.6,0.3,0.3,9.3,1018.2,76.4,56.7,875.1,9.9,1453,,AMRITSAR,
Punjab,Amritsar,IMD110-P1451,1985,1.8,2.9,9.3,30.4,14.8,43.4,222.8,237.0,23.9,112.1,1.4,60.5,760.3,4.7,54.5,527.1,174.0,1453,,AMRITSAR,
Punjab,Amritsar,IMD110-P1451,1986,0.4,61.4,32.3,48.0,28.3,63.7,191.1,159.4,90.0,4.1,9.4,22.1,710.2,61.8,108.6,504.2,35.6,1453,,AMRITSAR,
Punjab,Amritsar,IMD110-P1451,1987,29.0,41.9,49.8,20.4,98.7,23.6,57.0,129.2,9.2,57.6,0.0,4.0,520.3,70.9,168.9,218.9,61.6,1453,,AMRITSAR,
Punjab,Amritsar,IMD110-P1451,1988,13.5,15.3,78.5,11.6,0.0,38.1,316.2,159.2,345.4,1.1,0.3,49.7,1029.0,28.8,90.1,858.9,51.1,1453,,AMRITSAR,
Punjab,Amritsar,IMD110-P1451,1989,36.1,5.9,29.1,2.6,9.6,14.0,204.6,136.0,11.1,0.0,13.3,17.6,479.7,42.0,41.2,365.7,30.9,1453,,AMRITSAR,
Punjab,Amritsar,IMD110-P1451,1990,3.8,63.2,62.0,14.7,4.8,14.7,138.3,223.0,159.0,0.1,5.9,41.7,731.2,67.0,81.4,535.0,47.7,1453,,AMRITSAR,
Punjab,Amritsar,IMD110-P1451,1991,0.0,35.7,15.7,33.8,12.7,48.2,130.4,94.5,37.0,0.8,0.0,6.7,415.5,35.7,62.2,310.1,7.4,1453,,AMRITSAR,
Punjab,Amritsar,IMD110-P1451,1992,27.8,26.8,15.4,7.8,26.4,23.9,98.1,107.5,78.9,1.2,14.8,1.1,429.6,54.6,49.6,308.4,17.1,1453,,AMRITSAR,
Punjab,Amritsar,IMD110-P1451,1993,6.9,17.9,16.0,10.7,5.8,72.0,302.0,13.3,38.0,0.0,0.3,0.0,482.9,24.8,32.5,425.3,0.3,1453,,AMRITSAR,
Punjab,Amritsar,IMD110-P1451,1994,25.1,15.1,8.6,7.9,10.3,24.7,121.0,194.3,108.8,1.0,0.0,9.4,526.3,40.3,26.9,448.9,10.3,1453,,AMRITSAR,
Punjab,Amritsar,IMD110-P1451,1995,43.7,63.8,18.0,10.5,1.6,46.1,203.1,357.9,51.7,0.6,3.7,0.9,801.6,107.5,30.1,658.9,5.2,1453,,AMRITSAR,
Punjab,Amritsar,IMD110-P1451,1996,29.8,39.4,27.1,4.3,8.3,154.0,169.9,301.9,62.5,8.1,0.0,0.0,805.2,69.2,39.6,688.3,8.1,1453,,AMRITSAR,
Punjab,Amritsar,IMD110-P1451,1997,22.7,11.5,22.3,38.5,33.2,91.2,213.9,302.8,41.3,86.4,53.0,3.7,920.5,34.1,94.0,649.2,143.1,1453,,AMRITSAR,
Punjab,Amritsar,IMD110-P1451,1998,1.6,61.1,34.6,38.5,3.8,13.0,184.6,118.0,69.4,48.3,0.0,0.0,573.1,62.8,76.9,385.1,48.3,1453,,AMRITSAR,
Punjab,Amritsar,IMD110-P1451,1999,50.7,2.8,9.1,0.2,14.4,46.8,87.9,139.4,34.9,0.0,0.0,0.0,386.2,53.5,23.7,309.0,0.0,1453,,AMRITSAR,
Punjab,Amritsar,IMD110-P1451,2000,22.2,17.4,4.8,0.3,7.1,26.4,178.0,116.2,53.1,0.0,0.6,0.8,427.1,39.7,12.2,373.8,1.4,1453,,AMRITSAR,
Punjab,Amritsar,IMD110-P1451,2001,0.0,5.1,14.2,11.9,44.4,103.7,429.1,39.0,,0.0,0.0,8.0,,5.1,70.5,,8.0,1453,missing_months,AMRITSAR,
Punjab,Amritsar,IMD110-P1451,2002,0.0,6.0,,0.0,20.0,89.0,126.2,102.7,121.6,1.0,0.0,6.5,,6.0,,439.5,7.5,1454,missing_months,AMRITSAR,
Punjab,Amritsar,IMD110-P1451,2003,11.8,117.4,64.1,,6.2,,300.0,97.1,44.0,0.0,9.2,21.6,,129.2,,,30.8,1454,missing_months,AMRITSAR,
Punjab,Amritsar,IMD110-P1451,2004,22.4,15.8,0.0,54.8,14.4,55.8,142.3,140.8,5.0,26.2,5.2,,,38.2,69.2,343.9,,1454,missing_months,AMRITSAR,
Punjab,Amritsar,IMD110-P1451,2005,56.3,55.2,46.9,11.4,2.1,33.2,195.2,185.5,188.0,4.6,0.0,0.0,778.4,111.5,60.4,601.9,4.6,1454,,AMRITSAR,
Punjab,Amritsar,IMD110-P1451,2006,8.3,,34.4,,23.0,95.7,,,172.5,63.8,,12.5,,,,,,1454,missing_months,AMRITSAR,
Punjab,Amritsar,IMD110-P1451,2007,,110.6,91.5,,14.6,,92.1,115.3,69.0,,,2.6,,,,,,1454,missing_months,AMRITSAR,
Punjab,Amritsar,IMD110-P1451,2008,37.2,8.2,,65.2,34.3,191.3,65.0,458.8,20.6,,,6.1,,45.4,,735.7,,1454,missing_months,AMRITSAR,
Punjab,Amritsar,IMD110-P1451,2009,21.2,40.6,,,10.1,25.0,184.8,,10.7,,0.0,,,61.8,,,,1454,missing_months,AMRITSAR,
Punjab,Barnala,IMD110-P1455,1953,21.6,0.0,0.0,0.0,0.0,146.1,192.6,58.5,59.2,0.0,0.0,16.5,494.5,21.6,0.0,456.4,16.5,1455,,BARNALA,
Punjab,Barnala,IMD110-P1455,1954,3.2,55.8,1.3,0.0,1.3,10.8,114.9,10.6,130.9,0.0,0.0,0.0,328.7,59.0,2.5,267.1,0.0,1455,,BARNALA,
Punjab,Barnala,IMD110-P1455,1955,28.6,0.0,13.9,35.0,15.3,18.8,115.1,130.9,119.1,375.3,0.0,0.0,852.0,28.6,64.2,384.0,375.3,1455,,BARNALA,
Punjab,Barnala,IMD110-P1455,1956,19.5,0.0,22.5,3.0,0.0,16.5,259.9,254.9,0.0,124.6,0.0,0.0,701.0,19.5,25.5,531.3,124.6,1455,,BARNALA,
Punjab,Barnala,IMD110-P1455,1957,93.9,0.0,14.6,12.6,5.2,47.9,154.4,136.6,228.3,6.6,7.3,24.3,731.6,93.9,32.4,567.2,38.1,1455,,BARNALA,
Punjab,Barnala,IMD110-P1455,1958,0.0,0.5,3.2,0.0,0.0,50.5,214.4,21.0,501.1,1.3,0.0,38.2,829.9,0.5,3.2,786.9,39.4,1455,,BARNALA,
Punjab,Barnala,IMD110-P1455,1959,28.0,7.1,4.2,6.8,9.8,2.8,301.6,173.4,123.3,0.0,11.7,5.3,673.7,35.0,20.7,601.0,17.0,1455,,BARNALA,
Punjab,Barnala,IMD110-P1455,1960,9.3,0.0,29.4,10.0,15.0,109.5,168.9,208.0,0.0,0.0,0.0,21.2,571.2,9.3,54.4,486.4,21.2,1455,,BARNALA,
Punjab,Barnala,IMD110-P1455,1961,23.8,19.0,0.0,4.8,0.0,5.1,52.8,95.9,28.8,32.3,0.0,0.0,262.5,42.8,4.8,182.6,32.3,1455,,BARNALA,
Punjab,Barnala,IMD110-P1455,1962,88.6,0.0,27.2,0.0,0.0,0.0,149.2,200.7,439.2,0.0,25.3,12.0,942.2,88.6,27.2,789.1,37.3,1455,,BARNALA,
Punjab,Barnala,IMD110-P1455,1963,2.0,12.0,0.0,0.0,0.0,8.3,52.4,170.6,26.5,0.0,0.0,6.0,277.8,14.0,0.0,257.8,6.0,1455,,BARNALA,
Punjab,Barnala,IMD110-P1455,1964,9.8,12.3,0.0,0.0,9.5,18.7,589.6,108.9,24.3,0.0,0.0,0.0,773.1,22.1,9.5,741.5,0.0,1455,,BARNALA,
Punjab,Barnala,IMD110-P1455,1965,0.0,26.9,9.1,14.0,38.3,0.0,199.6,78.3,0.0,9.4,0.0,0.0,375.6,26.9,61.4,277.9,9.4,1455,,BARNALA,
Punjab,Barnala,IMD110-P1455,1966,0.0,24.2,19.9,1.4,36.6,10.2,31.5,177.3,48.5,0.0,0.0,1.0,350.6,24.2,57.9,267.5,1.0,1455,,BARNALA,
Punjab,Barnala,IMD110-P1455,1967,0.0,10.4,37.2,0.6,0.0,19.6,377.0,188.9,44.3,2.1,0.0,30.4,710.5,10.4,37.8,629.8,32.5,1455,,BARNALA,
Punjab,Barnala,IMD110-P1455,1968,25.2,18.2,42.3,0.0,0.0,28.2,173.7,60.5,0.0,0.0,0.0,0.1,348.2,43.4,42.3,262.4,0.1,1455,,BARNALA,
Punjab,Barnala,IMD110-P1455,1969,0.0,21.6,24.1,0.0,9.0,12.9,52.9,95.5,157.7,0.0,14.2,0.0,387.9,21.6,33.1,319.0,14.2,1455,,BARNALA,
Punjab,Barnala,IMD110-P1455,1970,,22.0,,,,,,,,,,,,,,,,1455,missing_months,BARNALA,
Punjab,Barnala,IMD110-P1455,1972,2.6,64.2,10.1,1.0,0.0,23.3,144.1,119.5,7.7,7.5,31.9,7.3,419.1,66.8,11.1,294.6,46.6,1455,,BARNALA,
Punjab,Barnala,IMD110-P1455,1973,,,,,40.4,,149.2,407.5,,,0.0,15.4,,,,,,1455,missing_months,BARNALA,
Punjab,Barnala,IMD110-P1455,1974,0.0,0.0,3.0,0.0,0.0,74.4,98.9,77.2,3.0,0.0,0.0,0.4,256.9,0.0,3.0,253.5,0.4,1455,,BARNALA,
Punjab,Barnala,IMD110-P1455,1975,5.5,2.6,1.8,2.5,2.5,77.0,137.5,139.5,84.2,7.0,0.0,0.0,460.0,8.1,6.8,438.1,7.0,1455,,BARNALA,
Punjab,Barnala,IMD110-P1455,1976,14.0,19.0,6.5,0.0,7.5,75.2,33.0,251.5,5.5,0.0,0.0,0.0,412.1,33.0,14.0,365.1,0.0,1455,,BARNALA,
Punjab,Barnala,IMD110-P1455,1977,10.3,0.0,0.0,71.3,37.7,16.0,166.5,163.9,96.2,3.7,0.0,27.3,592.9,10.3,109.0,442.6,31.0,1455,,BARNALA,
Punjab,Barnala,IMD110-P1455,1978,0.0,28.8,28.5,5.7,1.2,95.8,218.6,176.5,111.0,0.0,3.5,0.0,669.6,28.8,35.4,601.9,3.5,1455,,BARNALA,
Punjab,Barnala,IMD110-P1455,1979,20.8,110.0,9.6,7.0,5.6,12.0,148.1,32.9,48.0,0.0,7.2,3.2,404.5,130.8,22.2,241.1,10.5,1455,,BARNALA,
Punjab,Barnala,IMD110-P1455,1980,23.0,6.4,18.4,0.4,0.0,5.0,197.2,189.5,58.1,7.0,0.7,17.4,523.0,29.4,18.8,449.7,25.1,1455,,BARNALA,
Punjab,Barnala,IMD110-P1455,1981,18.2,8.3,26.6,0.0,2.1,5.1,142.9,12.7,13.8,0.0,87.6,0.0,317.2,26.5,28.7,174.5,87.6,1455,,BARNALA,
Punjab,Barnala,IMD110-P1455,1982,10.6,17.6,65.1,20.4,68.3,3.9,16.6,115.2,0.0,0.0,2.5,12.3,332.5,28.2,153.7,135.7,14.8,1455,,BARNALA,
Punjab,Barnala,IMD110-P1455,1983,49.1,21.1,13.6,139.3,6.8,18.6,173.4,283.5,5.0,0.7,0.0,0.0,711.2,70.3,159.6,480.6,0.7,1455,,BARNALA,
Punjab,Barnala,IMD110-P1455,1984,0.0,52.4,12.1,0.7,0.7,19.7,254.4,291.5,124.5,0.0,0.0,0.0,756.0,52.4,13.5,690.1,0.0,1455,,BARNALA,
Punjab,Barnala,IMD110-P1455,1985,0.0,0.0,0.0,8.4,0.5,70.7,196.7,252.1,120.1,0.0,0.0,140.7,789.3,0.0,8.9,639.7,140.7,1455,,BARNALA,
Punjab,Barnala,IMD110-P1455,1986,0.0,33.8,1.7,0.0,27.6,46.9,153.4,122.3,49.3,9.9,0.0,0.0,444.7,33.8,29.3,371.8,9.9,1455,,BARNALA,
Punjab,Barnala,IMD110-P1455,1987,3.5,11.7,11.9,8.6,52.5,100.2,31.0,28.9,0.0,26.8,0.0,0.0,274.9,15.2,73.0,160.1,26.8,1456,,BARNALA,
Punjab,Barnala,IMD110-P1455,1988,0.0,21.0,14.1,0.0,0.0,33.5,113.0,307.8,309.1,0.0,0.0,7.7,806.1,21.0,14.1,763.4,7.7,1456,,BARNALA,
Punjab,Barnala,IMD110-P1455,1989,30.2,0.0,0.6,0.6,0.0,26.1,165.0,143.6,0.0,0.0,7.7,23.0,396.8,30.2,1.2,334.7,30.7,1456,,BARNALA,
Punjab,Barnala,IMD110-P1455,1990,0.0,31.6,27.7,0.0,25.6,51.0,285.9,187.8,146.0,0.0,11.0,22.3,788.8,31.6,53.2,670.6,33.3,1456,,BARNALA,
Punjab,Barnala,IMD110-P1455,1991,,81.8,14.3,106.5,2.5,10.2,66.3,109.6,0.0,0.0,0.0,14.0,,,123.3,186.1,14.0,1456,missing_months,BARNALA,
Punjab,Barnala,IMD110-P1455,1992,11.5,22.1,0.0,0.0,0.0,4.6,111.9,31.8,42.8,7.6,0.0,0.0,232.3,33.6,0.0,191.1,7.6,1456,,BARNALA,
Punjab,Barnala,IMD110-P1455,1993,0.0,2.8,5.6,0.0,32.2,25.9,187.8,0.0,76.4,0.0,0.0,0.0,330.6,2.8,37.8,290.1,0.0,1456,,BARNALA,
Punjab,Barnala,IMD110-P1455,1994,23.3,26.2,0.0,0.0,0.0,9.3,44.8,108.4,96.5,0.0,0.0,0.0,308.5,49.5,0.0,259.0,0.0,1456,,BARNALA,
Punjab,Barnala,IMD110-P1455,1995,16.5,24.8,13.0,0.0,1.0,25.0,172.0,187.5,154.0,8.5,0.0,0.0,602.3,41.2,14.0,538.5,8.5,1456,,BARNALA,
Punjab,Barnala,IMD110-P1455,1996,,45.0,14.0,0.0,12.7,94.7,33.7,154.0,31.0,14.0,0.0,2.5,,,26.7,313.4,16.5,1456,missing_months,BARNALA,
Punjab,Barnala,IMD110-P1455,1997,7.5,5.0,0.0,40.0,34.5,52.0,76.3,275.5,6.5,47.5,13.0,82.5,640.3,12.5,74.5,410.4,143.0,1456,,BARNALA,
Punjab,Barnala,IMD110-P1455,1998,0.0,81.5,0.0,0.0,0.0,54.5,99.7,68.0,187.3,59.3,0.0,0.0,550.3,81.5,0.0,409.5,59.3,1456,,BARNALA,
Punjab,Barnala,IMD110-P1455,1999,14.0,5.0,0.0,0.0,19.7,79.5,57.7,8.0,12.7,0.0,0.0,0.0,196.5,19.0,19.7,157.8,0.0,1456,,BARNALA,
Punjab,Barnala,IMD110-P1455,2000,17.7,20.7,0.0,5.7,34.3,32.3,235.0,34.3,17.7,0.0,0.0,0.0,397.7,38.3,40.0,319.3,0.0,1456,,BARNALA,
Punjab,Barnala,IMD110-P1455,2001,0.0,0.0,7.3,24.7,23.0,131.7,93.0,6.0,13.3,0.0,0.0,0.0,299.0,0.0,55.0,244.0,0.0,1456,,BARNALA,
Punjab,Barnala,IMD110-P1455,2002,0.0,1.0,8.0,0.0,22.3,2.0,0.5,4.7,101.0,0.0,0.0,10.7,150.2,1.0,30.3,108.2,10.7,1456,,BARNALA,
Punjab,Barnala,IMD110-P1455,2003,1.7,46.3,6.2,0.0,5.7,50.7,174.5,49.3,1.5,0.0,0.0,0.0,335.9,48.0,11.9,276.0,0.0,1456,,BARNALA,
Punjab,Barnala,IMD110-P1455,2004,25.7,5.3,0.0,16.0,36.3,62.3,1.7,191.7,8.7,0.0,0.0,0.0,347.7,31.0,52.3,264.3,0.0,1456,,BARNALA,
Punjab,Barnala,IMD110-P1455,2005,54.0,80.3,31.7,9.3,0.0,51.0,225.0,117.7,139.0,0.0,0.0,0.0,708.0,134.3,41.0,532.7,0.0,1456,,BARNALA,
Punjab,Barnala,IMD110-P1455,2006,0.0,0.0,41.0,0.0,50.0,89.0,193.0,13.0,89.0,0.0,16.0,12.2,503.2,0.0,91.0,384.0,28.2,1456,,BARNALA,
Punjab,Barnala,IMD110-P1455,2007,0.0,35.5,26.0,6.5,0.0,139.6,70.5,,167.0,0.0,0.0,0.0,,35.5,32.5,,0.0,1456,missing_months,BARNALA,
Punjab,Barnala,IMD110-P1455,2008,8.3,0.0,0.0,1.0,95.5,188.3,5.0,190.0,30.8,3.0,0.0,0.0,522.0,8.3,96.5,414.2,3.0,1456,,BARNALA,
Punjab,Barnala,IMD110-P1455,2009,1.2,11.8,2.0,0.0,0.0,5.3,165.0,68.3,9.8,0.0,0.0,0.0,263.5,13.0,2.0,248.5,0.0,1456,,BARNALA,
Punjab,Barnala,IMD110-P1455,2010,,,,0.0,0.0,,,,,,,,,,,,,1456,missing_months,BARNALA,
Punjab,Bhatinda,IMD110-P1457,1901,20.0,14.0,4.8,0.0,9.9,1.4,133.4,53.1,0.0,0.0,0.0,7.1,243.7,34.0,14.7,187.9,7.1,1457,,BHATINDA,
Punjab,Bhatinda,IMD110-P1457,1902,0.0,0.0,8.6,4.8,33.1,63.6,88.7,52.8,31.0,4.0,0.0,0.0,286.6,0.0,46.5,236.1,4.0,1457,,BHATINDA,
Punjab,Bhatinda,IMD110-P1457,1903,7.9,1.5,25.1,0.0,1.0,1.8,164.7,42.6,106.0,0.0,0.0,0.6,351.3,9.4,26.1,315.1,0.6,1457,,BHATINDA,
Punjab,Bhatinda,IMD110-P1457,1904,6.7,0.9,31.0,0.0,22.5,34.6,37.4,130.9,45.3,3.0,6.1,23.9,342.3,7.6,53.5,248.2,33.0,1457,,BHATINDA,
Punjab,Bhatinda,IMD110-P1457,1905,37.3,26.6,4.8,0.0,1.5,8.9,35.1,10.2,61.6,0.0,0.0,8.9,195.0,63.9,6.4,115.8,8.9,1457,,BHATINDA,
Punjab,Bhatinda,IMD110-P1457,1906,0.8,67.1,41.3,0.0,0.0,47.0,53.4,47.3,81.1,0.0,0.0,1.7,339.8,67.9,41.3,228.9,1.7,1457,,BHATINDA,
Punjab,Bhatinda,IMD110-P1457,1907,14.9,55.2,33.0,21.6,0.0,35.9,95.4,191.8,6.2,0.0,0.0,0.0,454.0,70.1,54.6,329.3,0.0,1457,,BHATINDA,
Punjab,Bhatinda,IMD110-P1457,1908,31.4,0.0,0.0,12.0,23.8,10.6,180.6,298.1,8.8,0.0,0.9,0.0,566.3,31.4,35.8,498.1,0.9,1457,,BHATINDA,
Punjab,Bhatinda,IMD110-P1457,1909,0.5,9.5,0.0,41.4,1.3,81.1,229.8,102.0,221.7,0.0,0.0,27.3,714.6,10.0,42.7,634.6,27.3,1457,,BHATINDA,
Punjab,Bhatinda,IMD110-P1457,1910,13.5,6.4,0.0,2.1,0.0,84.9,153.6,82.7,68.1,57.7,0.0,3.6,472.6,19.9,2.1,389.2,61.3,1457,,BHATINDA,
Punjab,Bhatinda,IMD110-P1457,1911,35.1,9.7,48.2,0.0,0.0,38.5,27.4,27.2,47.0,8.5,34.4,0.0,276.1,44.8,48.2,140.2,42.9,1457,,BHATINDA,
Punjab,Bhatinda,IMD110-P1457,1912,26.7,0.4,7.8,3.6,4.7,6.8,135.2,134.6,20.1,0.0,29.2,0.4,369.5,27.1,16.1,296.7,29.6,1457,,BHATINDA,
Punjab,Bhatinda,IMD110-P1457,1913,1.1,38.3,41.2,0.0,32.4,50.5,100.2,73.3,27.0,0.0,0.0,4.8,368.8,39.4,73.6,251.0,4.8,1457,,BHATINDA,
Punjab,Bhatinda,IMD110-P1457,1914,33.6,0.8,18.3,21.2,19.8,29.4,115.7,67.9,169.0,6.8,11.4,0.0,493.8,34.5,59.2,381.9,18.2,1457,,BHATINDA,
Punjab,Bhatinda,IMD110-P1457,1915,27.4,32.1,37.5,0.8,0.0,14.5,4.7,30.8,56.3,5.5,0.0,0.3,209.9,59.5,38.3,106.2,5.8,1457,,BHATINDA,
Punjab,Bhatinda,IMD110-P1457,1916,7.4,5.9,0.0,2.6,14.6,15.5,123.3,185.8,50.5,11.7,0.0,0.0,417.3,13.3,17.3,375.0,11.7,1457,,BHATINDA,
Punjab,Bhatinda,IMD110-P1457,1917,13.8,5.4,14.7,40.1,17.0,38.4,72.4,107.1,604.5,124.6,0.0,14.7,1052.8,19.2,71.9,822.4,139.3,1457,,BHATINDA,
Punjab,Bhatinda,IMD110-P1457,1918,8.6,0.0,35.9,6.8,0.0,14.9,24.6,113.5,5.7,0.0,0.0,0.3,210.3,8.6,42.7,158.7,0.3,1457,,BHATINDA,
Punjab,Bhatinda,IMD110-P1457,1919,42.9,1.7,9.3,0.0,18.4,0.0,115.2,99.2,22.1,0.0,3.8,24.5,337.2,44.6,27.8,236.5,28.4,1457,,BHATINDA,
Punjab,Bhatinda,IMD110-P1457,1920,28.8,18.3,0.0,0.0,18.6,19.3,100.2,42.2,6.4,0.0,0.0,0.0,233.7,47.1,18.6,168.0,0.0,1457,,BHATINDA,
Punjab,Bhatinda,IMD110-P1457,1921,3.9,0.0,0.0,0.0,0.0,0.0,50.3,66.4,45.4,30.6,0.0,16.3,212.9,3.9,0.0,162.2,46.8,1457,,BHATINDA,
Punjab,Bhatinda,IMD110-P1457,1922,21.1,13.7,0.0,2.5,4.2,79.6,93.3,58.7,99.8,3.0,0.0,51.6,427.7,34.8,6.8,331.5,54.6,1457,,BHATINDA,
Punjab,Bhatinda,IMD110-P1457,1923,7.6,37.0,6.3,1.4,40.2,53.0,256.3,297.0,10.5,0.0,0.0,13.0,722.5,44.6,48.0,616.9,13.0,1457,,BHATINDA,
Punjab,Bhatinda,IMD110-P1457,1924,23.0,12.2,0.0,0.0,8.5,4.2,65.2,82.5,105.4,0.0,0.0,17.0,317.9,35.1,8.5,257.4,17.0,1457,,BHATINDA,
Punjab,Bhatinda,IMD110-P1457,1925,0.0,0.0,0.0,2.1,12.3,113.5,159.2,95.7,0.0,3.9,1.7,0.0,388.5,0.0,14.4,368.4,5.6,1457,,BHATINDA,
Punjab,Bhatinda,IMD110-P1457,1926,15.7,1.7,22.5,25.2,55.5,19.1,153.4,275.2,54.6,0.0,0.0,5.0,627.9,17.3,103.2,502.4,5.0,1457,,BHATINDA,
Punjab,Bhatinda,IMD110-P1457,1927,0.0,34.1,1.3,1.9,6.6,21.7,267.6,60.7,40.2,0.0,0.0,32.4,466.4,34.1,9.8,390.1,32.4,1457,,BHATINDA,
Punjab,Bhatinda,IMD110-P1457,1928,11.2,4.3,0.4,9.5,4.2,23.1,63.3,66.0,36.1,0.0,7.6,45.1,271.0,15.5,14.2,188.6,52.7,1457,,BHATINDA,
Punjab,Bhatinda,IMD110-P1457,1929,5.4,0.0,0.0,17.3,4.4,23.4,85.8,85.1,19.8,0.0,0.0,24.5,265.7,5.4,21.7,214.1,24.5,1457,,BHATINDA,
Punjab,Bhatinda,IMD110-P1457,1930,14.2,26.1,7.4,6.8,16.7,37.2,177.8,53.7,83.0,1.9,2.1,41.6,468.4,40.2,30.9,351.6,45.6,1457,,BHATINDA,
Punjab,Bhatinda,IMD110-P1457,1931,4.4,8.4,6.7,5.2,14.1,9.6,166.4,153.9,67.4,17.7,0.0,0.8,454.5,12.8,26.0,397.3,18.5,1457,,BHATINDA,
Punjab,Bhatinda,IMD110-P1457,1932,10.4,0.4,21.1,8.0,3.0,10.1,103.7,62.3,0.0,0.8,0.0,19.1,238.8,10.8,32.0,176.0,19.9,1457,,BHATINDA,
Punjab,Bhatinda,IMD110-P1457,1933,0.0,19.2,14.2,2.9,61.9,41.1,85.8,308.9,286.2,3.8,0.0,0.0,824.1,19.2,79.1,722.0,3.8,1457,,BHATINDA,
Punjab,Bhatinda,IMD110-P1457,1934,11.4,0.0,36.2,1.7,11.8,28.4,100.1,75.3,12.7,0.0,0.0,0.0,277.6,11.4,49.7,216.5,0.0,1458,,BHATINDA,
Punjab,Bhatinda,IMD110-P1457,1935,36.0,28.8,0.8,23.8,0.0,6.4,130.4,154.8,12.7,3.0,19.6,6.9,423.2,64.8,24.6,304.3,29.6,1458,,BHATINDA,
Punjab,Bhatinda,IMD110-P1457,1936,0.0,38.4,5.5,0.6,0.5,67.6,102.4,111.2,84.7,0.0,0.0,19.2,430.2,38.4,6.6,365.9,19.2,1458,,BHATINDA,
Punjab,Bhatinda,IMD110-P1457,1937,3.1,77.6,8.7,22.6,1.4,12.9,239.9,5.3,81.4,0.0,0.0,16.4,469.4,80.8,32.8,339.5,16.4,1458,,BHATINDA,
Punjab,Bhatinda,IMD110-P1457,1938,78.5,9.9,0.0,0.0,13.1,56.7,43.8,62.2,8.0,0.9,0.0,0.0,273.1,88.4,13.1,170.7,0.9,1458,,BHATINDA,
Punjab,Bhatinda,IMD110-P1457,1939,0.0,56.0,72.8,0.0,0.0,5.4,89.1,40.6,6.2,0.0,0.0,0.0,270.1,56.0,72.8,141.3,0.0,1458,,BHATINDA,
Punjab,Bhatinda,IMD110-P1457,1940,22.7,31.4,4.4,1.4,3.0,29.3,116.1,153.0,0.0,0.0,0.0,0.0,361.3,54.1,8.8,298.4,0.0,1458,,BHATINDA,
Punjab,Bhatinda,IMD110-P1457,1941,46.7,14.1,1.3,0.0,8.6,115.9,77.5,85.0,32.9,17.2,0.0,8.5,407.7,60.8,9.8,311.3,25.7,1458,,BHATINDA,
Punjab,Bhatinda,IMD110-P1457,1942,7.3,26.2,3.1,11.2,7.4,92.5,171.5,125.8,173.4,7.6,0.0,27.0,653.1,33.5,21.7,563.2,34.6,1458,,BHATINDA,
Punjab,Bhatinda,IMD110-P1457,1943,44.2,0.0,0.0,4.4,2.5,16.1,66.6,34.8,49.0,0.0,0.0,0.0,217.6,44.2,6.9,166.5,0.0,1458,,BHATINDA,
Punjab,Bhatinda,IMD110-P1457,1944,10.6,23.5,51.9,57.9,0.0,7.0,84.5,91.5,22.7,5.7,2.5,3.1,360.9,34.1,109.7,205.8,11.3,1458,,BHATINDA,
Punjab,Bhatinda,IMD110-P1457,1945,48.9,0.0,7.6,1.3,0.8,51.6,83.2,98.9,444.0,0.0,0.0,0.0,736.4,48.9,9.7,677.7,0.0,1458,,BHATINDA,
Punjab,Bhatinda,IMD110-P1457,1946,0.0,8.5,0.0,3.9,12.3,28.1,25.7,99.7,5.7,23.7,0.0,5.9,213.6,8.5,16.2,159.2,29.7,1458,,BHATINDA,
Punjab,Bhatinda,IMD110-P1457,1947,13.6,19.9,10.7,0.0,0.0,0.0,23.4,110.1,185.7,9.1,0.0,20.8,393.2,33.5,10.7,319.2,29.9,1458,,BHATINDA,
Punjab,Bhatinda,IMD110-P1457,1948,26.0,38.0,31.8,6.6,13.1,5.1,84.1,152.9,0.8,3.1,0.0,0.0,361.5,64.0,51.5,242.9,3.1,1458,,BHATINDA,
Punjab,Bhatinda,IMD110-P1457,1949,0.8,34.3,1.7,0.0,3.0,44.1,,,,,,,,35.0,4.7,,,1458,missing_months,BHATINDA,
Punjab,Bhatinda,IMD110-P1457,1952,,8.7,,0.0,,76.2,,,0.0,,0.0,,,,,,,1458,missing_months,BHATINDA,
Punjab,Bhatinda,IMD110-P1457,1954,8.8,87.3,5.7,0.0,0.1,37.3,111.1,9.6,180.7,5.8,0.0,0.0,446.5,96.1,5.8,338.8,5.8,1458,,BHATINDA,
Punjab,Bhatinda,IMD110-P1457,1955,7.5,0.9,14.7,15.0,6.9,25.8,102.7,99.5,100.0,460.4,0.0,0.0,833.4,8.4,36.6,328.1,460.4,1458,,BHATINDA,
Punjab,Bhatinda,IMD110-P1457,1956,15.1,1.0,21.0,0.0,2.3,22.8,258.7,173.1,3.2,108.1,0.0,0.3,605.5,16.1,23.3,457.8,108.4,1458,,BHATINDA,
Punjab,Bhatinda,IMD110-P1457,1957,67.4,0.0,7.6,0.6,3.0,11.4,111.0,66.2,88.5,2.3,9.9,24.5,392.5,67.4,11.3,277.2,36.6,1458,,BHATINDA,
Punjab,Bhatinda,IMD110-P1457,1958,0.0,0.0,0.0,0.0,0.0,19.9,92.1,55.2,429.6,11.4,0.0,35.4,643.5,0.0,0.0,596.7,46.8,1458,,BHATINDA,
Punjab,Bhatinda,IMD110-P1457,1959,29.7,2.4,0.0,0.0,5.3,19.3,85.4,124.1,92.2,6.0,5.9,0.7,371.1,32.1,5.3,321.1,12.6,1458,,BHATINDA,
Punjab,Bhatinda,IMD110-P1457,1960,1.8,0.0,28.8,6.2,10.4,47.7,164.0,121.8,0.8,0.0,0.0,19.0,400.5,1.8,45.4,334.3,19.0,1458,,BHATINDA,
Punjab,Bhatinda,IMD110-P1457,1961,17.1,19.2,0.7,6.2,8.4,19.1,43.2,90.4,50.8,16.4,0.0,2.3,273.8,36.3,15.3,203.5,18.8,1458,,BHATINDA,
Punjab,Bhatinda,IMD110-P1457,1962,10.2,5.8,9.5,0.0,2.5,18.4,147.1,40.0,129.7,0.0,6.3,4.6,374.1,15.9,12.0,335.3,10.9,1458,,BHATINDA,
Punjab,Bhatinda,IMD110-P1457,1963,0.9,3.6,26.9,2.3,4.2,20.3,44.1,291.4,34.0,0.0,0.4,0.9,428.8,4.4,33.3,389.8,1.3,1458,,BHATINDA,
Punjab,Bhatinda,IMD110-P1457,1964,0.9,9.1,0.4,0.7,15.8,0.9,303.2,139.2,44.4,0.0,0.0,0.0,514.6,9.9,16.9,487.7,0.0,1458,,BHATINDA,
Punjab,Bhatinda,IMD110-P1457,1965,0.6,11.6,0.1,10.0,31.7,1.3,185.7,109.7,3.2,5.2,0.2,0.0,359.1,12.2,41.8,299.7,5.4,1458,,BHATINDA,
Punjab,Bhatinda,IMD110-P1457,1966,0.0,52.6,19.3,0.0,22.6,36.3,16.1,217.8,116.9,0.7,0.0,0.0,482.2,52.6,41.9,387.0,0.7,1458,,BHATINDA,
Punjab,Bhatinda,IMD110-P1457,1967,0.0,0.0,47.7,2.4,0.0,5.7,128.2,96.6,22.5,7.3,0.6,39.0,350.0,0.0,50.1,253.1,46.9,1458,,BHATINDA,
Punjab,Bhatinda,IMD110-P1457,1968,1.9,5.5,21.8,1.1,0.6,17.5,86.3,30.3,0.0,1.1,0.0,1.5,167.7,7.4,23.6,134.0,2.6,1458,,BHATINDA,
Punjab,Bhatinda,IMD110-P1457,1969,0.2,7.8,19.2,0.5,10.3,11.0,126.0,53.7,97.6,0.0,0.0,0.0,326.2,8.0,29.9,288.2,0.0,1458,,BHATINDA,
Punjab,Bhatinda,IMD110-P1457,1970,19.4,24.5,1.2,0.0,11.0,9.6,38.7,311.6,83.9,0.0,0.0,0.0,499.9,43.8,12.2,443.8,0.0,1458,,BHATINDA,
Punjab,Bhatinda,IMD110-P1457,1971,0.0,7.7,4.0,0.0,41.2,42.5,126.0,111.8,16.9,0.0,0.0,0.0,350.1,7.7,45.2,297.2,0.0,1459,,BHATINDA,
Punjab,Bhatinda,IMD110-P1457,1972,0.0,36.3,3.8,8.4,0.0,30.7,307.7,115.9,18.7,13.3,33.6,13.5,581.9,36.3,12.2,472.9,60.5,1459,,BHATINDA,
Punjab,Bhatinda,IMD110-P1457,1973,0.4,6.8,7.3,0.0,37.6,49.8,77.4,210.6,22.4,0.0,0.0,6.7,419.0,7.2,44.8,360.3,6.7,1459,,BHATINDA,
Punjab,Bhatinda,IMD110-P1457,1974,0.0,0.0,0.0,0.0,2.1,62.6,107.6,43.8,3.2,0.0,0.0,0.0,219.3,0.0,2.1,217.2,0.0,1459,,BHATINDA,
Punjab,Bhatinda,IMD110-P1457,1975,6.2,0.9,2.5,1.3,0.2,30.6,179.5,205.0,85.4,48.3,0.0,0.0,559.7,7.1,3.9,500.5,48.3,1459,,BHATINDA,
Punjab,Bhatinda,IMD110-P1457,1976,19.8,33.8,3.2,2.1,19.9,50.5,134.0,213.6,26.4,0.0,0.0,0.0,503.4,53.6,25.3,424.5,0.0,1459,,BHATINDA,
Punjab,Bhatinda,IMD110-P1457,1977,28.2,0.0,0.0,28.0,15.1,31.4,122.1,78.8,121.3,5.0,0.9,5.0,435.9,28.2,43.1,353.6,10.9,1459,,BHATINDA,
Punjab,Bhatinda,IMD110-P1457,1978,1.2,28.1,51.9,0.0,0.0,44.5,183.2,117.6,14.6,2.3,0.8,0.0,444.0,29.2,51.9,359.8,3.0,1459,,BHATINDA,
Punjab,Bhatinda,IMD110-P1457,1979,14.0,80.2,17.7,10.0,14.8,1.4,53.4,17.0,29.3,0.0,7.6,9.5,255.0,94.2,42.5,101.2,17.0,1459,,BHATINDA,
Punjab,Bhatinda,IMD110-P1457,1980,6.3,2.1,20.3,0.4,4.7,2.8,172.7,49.0,45.3,15.9,0.4,7.8,327.6,8.3,25.4,269.8,24.2,1459,,BHATINDA,
Punjab,Bhatinda,IMD110-P1457,1981,17.6,16.2,38.1,0.0,9.8,2.5,129.2,32.2,7.2,0.3,45.1,0.0,298.2,33.9,47.9,171.1,45.4,1459,,BHATINDA,
Punjab,Bhatinda,IMD110-P1457,1982,8.7,26.5,51.2,18.6,38.6,9.8,23.4,101.3,1.5,1.5,7.1,5.7,293.7,35.2,108.3,136.0,14.2,1459,,BHATINDA,
Punjab,Bhatinda,IMD110-P1457,1983,38.8,5.2,5.5,73.5,8.4,19.2,95.5,129.8,53.0,11.1,0.0,0.9,440.9,44.0,87.4,297.5,12.0,1459,,BHATINDA,
Punjab,Bhatinda,IMD110-P1457,1984,0.0,33.7,1.2,2.6,0.0,5.4,103.7,142.5,42.7,0.0,1.1,0.0,332.9,33.7,3.8,294.3,1.1,1459,,BHATINDA,
Punjab,Bhatinda,IMD110-P1457,1985,0.0,0.0,0.0,9.0,0.2,77.0,158.3,250.7,25.6,3.9,0.0,21.3,545.9,0.0,9.2,511.6,25.1,1459,,BHATINDA,
Punjab,Bhatinda,IMD110-P1457,1986,1.0,34.2,9.1,2.0,31.0,173.1,121.7,46.8,26.0,6.3,0.0,2.4,453.6,35.2,42.1,367.6,8.7,1459,,BHATINDA,
Punjab,Bhatinda,IMD110-P1457,1987,8.3,5.4,40.0,17.3,79.0,50.1,20.7,19.7,0.0,18.9,0.0,0.5,259.9,13.8,136.3,90.5,19.4,1459,,BHATINDA,
Punjab,Bhatinda,IMD110-P1457,1988,0.1,,5.1,0.0,4.2,40.2,203.9,171.2,407.7,0.2,0.0,12.5,,,9.3,823.0,12.7,1459,missing_months,BHATINDA,
Punjab,Bhatinda,IMD110-P1457,1989,29.6,0.5,4.3,0.0,0.0,77.2,88.3,80.0,0.0,0.0,8.9,15.3,304.1,30.0,4.4,245.4,24.2,1459,,BHATINDA,
Punjab,Bhatinda,IMD110-P1457,1990,0.0,34.6,11.4,9.6,3.5,13.8,187.6,83.9,160.5,0.8,6.0,9.1,520.8,34.6,24.5,445.8,16.0,1459,,BHATINDA,
Punjab,Bhatinda,IMD110-P1457,1991,0.5,26.8,2.1,35.8,2.2,74.1,16.0,75.0,0.0,1.1,0.0,20.6,254.1,27.3,40.1,165.0,21.7,1459,,BHATINDA,
Punjab,Bhatinda,IMD110-P1457,1992,32.0,42.2,0.5,0.0,0.0,11.0,169.8,101.3,35.5,4.7,2.8,0.0,399.6,74.1,0.5,317.6,7.5,1459,,BHATINDA,
Punjab,Bhatinda,IMD110-P1457,1993,1.5,13.0,8.8,1.9,17.4,43.0,248.9,12.6,85.5,0.0,0.0,0.0,432.6,14.5,28.2,390.0,0.0,1459,,BHATINDA,
Punjab,Bhatinda,IMD110-P1457,1994,10.8,18.3,0.4,0.9,7.2,15.6,66.4,113.7,38.0,0.0,0.0,0.0,271.4,29.1,8.6,233.7,0.0,1459,,BHATINDA,
Punjab,Bhatinda,IMD110-P1457,1995,30.6,31.9,5.7,5.2,0.0,55.2,123.1,410.5,44.9,5.6,0.5,0.1,713.4,62.5,10.9,633.7,6.3,1459,,BHATINDA,
Punjab,Bhatinda,IMD110-P1457,1996,10.5,21.2,11.8,0.9,0.0,85.9,22.1,115.2,66.8,42.8,0.0,3.2,380.5,31.7,12.8,290.1,46.0,1459,,BHATINDA,
Punjab,Bhatinda,IMD110-P1457,1997,3.2,0.0,10.8,41.0,23.7,27.7,103.2,164.1,6.0,21.8,7.6,24.1,433.2,3.2,75.5,301.0,53.5,1459,,BHATINDA,
Punjab,Bhatinda,IMD110-P1457,1998,0.0,55.2,2.8,0.0,3.5,45.5,89.2,20.7,158.4,55.8,0.0,0.0,431.1,55.2,6.3,313.8,55.8,1459,,BHATINDA,
Punjab,Bhatinda,IMD110-P1457,1999,24.6,10.0,1.0,0.0,25.0,25.4,38.9,21.2,1.7,0.0,0.0,0.0,147.8,34.6,26.0,87.2,0.0,1459,,BHATINDA,
Punjab,Bhatinda,IMD110-P1457,2000,20.1,19.2,0.0,2.0,0.8,15.6,149.6,17.4,18.4,0.0,0.0,0.0,243.3,39.3,2.8,201.1,0.0,1459,,BHATINDA,
Punjab,Bhatinda,IMD110-P1457,2001,1.5,0.0,3.8,21.3,37.3,91.3,105.6,35.3,4.5,2.6,0.0,0.8,303.9,1.5,62.4,236.7,3.4,1459,,BHATINDA,
Punjab,Bhatinda,IMD110-P1457,2002,0.0,0.4,1.5,0.3,26.7,10.5,20.2,1.0,30.9,0.6,0.0,8.1,100.1,0.4,28.4,62.6,8.7,1459,,BHATINDA,
Punjab,Bhatinda,IMD110-P1457,2003,3.3,41.2,1.8,0.0,5.2,15.5,159.3,90.5,29.1,0.0,0.0,0.0,345.9,44.4,7.0,294.5,0.0,1459,,BHATINDA,
Punjab,Bhatinda,IMD110-P1457,2004,28.7,6.5,0.0,0.0,36.2,66.8,1.7,79.0,9.8,8.9,0.0,0.4,238.1,35.2,36.2,157.3,9.3,1459,,BHATINDA,
Punjab,Bhatinda,IMD110-P1457,2005,23.3,72.6,23.9,3.8,10.0,32.4,130.2,32.1,96.3,1.5,0.0,,,95.9,37.7,290.9,,1460,missing_months,BHATINDA,
Punjab,Bhatinda,IMD110-P1457,2006,11.5,0.0,69.5,0.0,33.0,,68.0,18.5,46.5,,17.5,7.6,,11.5,102.5,,,1460,missing_months,BHATINDA,
Punjab,Bhatinda,IMD110-P1457,2007,0.9,69.8,17.5,7.8,0.0,59.8,67.1,,49.5,0.0,0.0,8.0,,70.7,25.3,,8.0,1460,missing_months,BHATINDA,
Punjab,Bhatinda,IMD110-P1457,2008,6.5,0.5,0.0,21.5,30.9,146.1,50.2,81.2,45.7,6.2,0.0,0.8,389.4,7.0,52.3,323.2,6.9,1460,,BHATINDA,
Punjab,Bhatinda,IMD110-P1457,2009,12.9,14.1,5.3,4.9,1.7,1.5,92.8,13.8,50.8,0.0,0.0,0.0,197.8,27.0,11.8,159.0,0.0,1460,,BHATINDA,
Punjab,Bhatinda,IMD110-P1457,2010,,,2.2,0.0,3.0,42.0,106.5,102.0,79.9,0.0,0.0,2.5,,,5.2,330.4,2.5,1460,missing_months,BHATINDA,
Punjab,Faridkot,IMD110-P1461,1954,5.1,44.7,3.8,0.0,0.0,31.2,147.5,44.5,185.5,21.6,0.0,0.0,483.9,49.8,3.8,408.7,21.6,1461,,FARIDKOT,
Punjab,Faridkot,IMD110-P1461,1955,,0.0,,,,,,,,,,,,,,,,1461,missing_months,FARIDKOT,
Punjab,Faridkot,IMD110-P1461,1956,13.5,6.1,46.3,0.0,4.3,26.1,129.7,153.0,31.8,107.3,0.0,0.0,518.1,19.6,50.6,340.6,107.3,1461,,FARIDKOT,
Punjab,Faridkot,IMD110-P1461,1957,91.4,0.0,35.0,6.1,2.8,10.9,143.5,72.5,0.0,17.3,0.0,22.6,402.1,91.4,43.9,226.9,39.9,1461,,FARIDKOT,
Punjab,Faridkot,IMD110-P1461,1960,3.0,3.0,13.0,0.0,0.0,46.8,120.8,90.0,19.5,0.0,0.0,16.2,312.3,6.0,13.0,277.1,16.2,1461,,FARIDKOT,
Punjab,Faridkot,IMD110-P1461,1962,16.6,0.0,25.2,0.0,20.4,8.2,149.3,89.3,343.5,0.0,10.2,2.2,664.9,16.6,45.6,590.3,12.4,1461,,FARIDKOT,
Punjab,Faridkot,IMD110-P1461,1964,3.7,0.0,0.0,0.0,3.2,1.7,267.0,206.2,87.4,0.0,1.4,6.6,577.2,3.7,3.2,562.3,8.0,1461,,FARIDKOT,
Punjab,Faridkot,IMD110-P1461,1965,0.0,6.2,0.0,11.2,13.8,4.6,119.4,64.3,30.0,0.0,0.0,0.0,249.5,6.2,25.0,218.3,0.0,1461,,FARIDKOT,
Punjab,Faridkot,IMD110-P1461,1968,0.4,,12.5,,0.0,4.6,131.9,59.8,0.0,0.0,0.0,0.0,,,,196.3,0.0,1461,missing_months,FARIDKOT,
Punjab,Faridkot,IMD110-P1461,1969,0.0,31.0,2.3,8.7,0.0,66.2,62.1,30.4,76.6,0.0,37.3,0.0,314.6,31.0,11.0,235.3,37.3,1461,,FARIDKOT,
Punjab,Faridkot,IMD110-P1461,1970,25.0,20.5,0.0,0.0,0.0,57.0,1.2,,67.0,0.0,0.0,0.0,,45.5,0.0,,0.0,1461,missing_months,FARIDKOT,
Punjab,Faridkot,IMD110-P1461,1973,,,,,84.7,,193.8,121.2,,,0.0,37.2,,,,,,1461,missing_months,FARIDKOT,
Punjab,Faridkot,IMD110-P1461,1974,0.0,0.0,1.0,0.0,25.6,60.0,116.7,83.8,0.0,0.0,0.0,4.8,291.9,0.0,26.6,260.5,4.8,1461,,FARIDKOT,
Punjab,Faridkot,IMD110-P1461,1975,10.0,7.8,14.0,0.0,0.0,133.0,256.0,139.6,53.9,0.0,0.0,0.0,614.3,17.8,14.0,582.5,0.0,1461,,FARIDKOT,
Punjab,Faridkot,IMD110-P1461,1976,20.0,42.3,31.0,8.0,17.0,92.5,69.3,251.3,45.6,0.0,0.0,0.0,577.0,62.3,56.0,458.7,0.0,1461,,FARIDKOT,
Punjab,Faridkot,IMD110-P1461,1977,19.4,2.6,3.6,38.0,6.0,24.0,132.3,74.0,101.0,0.0,,11.0,,22.0,47.6,331.3,,1461,missing_months,FARIDKOT,
Punjab,Faridkot,IMD110-P1461,1978,4.0,24.0,98.0,0.0,0.0,15.6,255.0,134.8,,0.0,0.0,0.0,,28.0,98.0,,0.0,1461,missing_months,FARIDKOT,
Punjab,Faridkot,IMD110-P1461,1979,8.4,,40.8,0.0,15.8,8.6,65.5,18.4,,0.0,0.0,0.0,,,56.6,,0.0,1461,missing_months,FARIDKOT,
Punjab,Faridkot,IMD110-P1461,1980,,0.0,9.0,0.0,0.0,,319.1,72.0,71.6,37.1,6.2,9.1,,,9.0,,52.4,1461,missing_months,FARIDKOT,
Punjab,Faridkot,IMD110-P1461,1981,37.5,25.3,5.0,0.0,0.0,12.5,162.8,79.0,0.0,0.0,51.3,0.0,373.4,62.8,5.0,254.3,51.3,1461,,FARIDKOT,
Punjab,Faridkot,IMD110-P1461,1982,10.8,19.0,24.0,74.9,40.2,21.3,2.0,78.2,2.7,0.0,11.0,0.0,284.1,29.8,139.1,104.2,11.0,1461,,FARIDKOT,
Punjab,Faridkot,IMD110-P1461,1983,48.6,17.5,12.5,56.0,21.0,9.0,145.3,121.3,89.5,2.5,0.0,1.1,524.3,66.1,89.5,365.0,3.7,1461,,FARIDKOT,
Punjab,Faridkot,IMD110-P1461,1984,0.0,50.0,12.5,5.0,0.0,0.0,125.0,280.0,150.0,0.0,0.0,0.0,622.5,50.0,17.5,555.0,0.0,1461,,FARIDKOT,
Punjab,Faridkot,IMD110-P1461,1985,0.0,0.0,30.0,25.0,0.0,44.0,190.4,280.0,40.0,3.0,3.0,35.0,650.4,0.0,55.0,554.4,41.0,1461,,FARIDKOT,
Punjab,Faridkot,IMD110-P1461,1986,0.0,52.0,52.0,38.0,17.0,115.0,65.0,55.0,32.0,25.0,5.0,5.0,461.0,52.0,107.0,267.0,35.0,1461,,FARIDKOT,
Punjab,Faridkot,IMD110-P1461,1987,5.0,40.0,15.0,0.0,182.0,52.0,26.0,5.0,0.0,30.0,0.0,0.0,355.0,45.0,197.0,83.0,30.0,1461,,FARIDKOT,
Punjab,Faridkot,IMD110-P1461,1988,2.0,,0.0,0.0,7.0,28.0,175.0,273.0,550.0,0.0,0.0,13.0,,,7.0,1026.0,13.0,1461,missing_months,FARIDKOT,
Punjab,Faridkot,IMD110-P1461,1989,52.0,5.5,5.9,0.0,0.0,40.0,95.5,86.8,30.3,0.0,0.0,22.5,338.5,57.5,5.9,252.6,22.5,1461,,FARIDKOT,
Punjab,Faridkot,IMD110-P1461,1990,0.0,55.5,8.0,0.0,7.0,20.0,159.5,248.1,126.2,0.0,1.5,16.5,642.3,55.5,15.0,553.8,18.0,1461,,FARIDKOT,
Punjab,Faridkot,IMD110-P1461,1991,,22.3,12.0,29.5,11.1,65.0,44.1,111.3,21.5,1.0,0.0,11.5,,,52.7,241.9,12.5,1461,missing_months,FARIDKOT,
Punjab,Faridkot,IMD110-P1461,1992,26.0,13.3,4.0,0.0,8.5,28.5,97.8,167.8,38.4,3.0,10.0,0.8,398.0,39.3,12.5,332.5,13.8,1461,,FARIDKOT,
Punjab,Faridkot,IMD110-P1461,1993,6.5,2.5,17.5,3.0,26.0,60.5,219.5,5.5,60.0,0.0,0.0,0.0,401.0,9.0,46.5,345.5,0.0,1461,,FARIDKOT,
Punjab,Faridkot,IMD110-P1461,1994,4.0,5.0,1.8,0.0,9.5,10.0,80.3,211.1,91.9,0.0,0.0,2.5,416.1,9.0,11.3,393.4,2.5,1461,,FARIDKOT,
Punjab,Faridkot,IMD110-P1461,1995,58.0,42.2,0.0,4.3,0.0,61.0,117.1,612.2,63.0,0.0,0.0,0.0,957.7,100.2,4.3,853.3,0.0,1462,,FARIDKOT,
Punjab,Faridkot,IMD110-P1461,1996,,48.5,45.3,10.3,2.5,129.8,39.6,217.4,82.3,17.0,0.0,0.0,,,58.0,469.0,17.0,1462,missing_months,FARIDKOT,
Punjab,Faridkot,IMD110-P1461,1997,19.0,5.5,12.0,34.5,35.5,27.5,109.3,265.5,11.0,56.0,25.5,5.0,606.3,24.5,82.0,413.3,86.5,1462,,FARIDKOT,
Punjab,Faridkot,IMD110-P1461,1998,0.0,32.0,27.2,6.0,3.5,24.3,143.3,56.5,95.5,42.1,0.0,0.0,430.3,32.0,36.7,319.5,42.1,1462,,FARIDKOT,
Punjab,Faridkot,IMD110-P1461,1999,66.3,,11.6,0.0,30.6,35.5,132.5,105.8,8.5,0.0,0.0,2.0,,,42.3,282.3,2.0,1462,missing_months,FARIDKOT,
Punjab,Faridkot,IMD110-P1461,2000,33.5,29.5,9.9,0.0,16.0,46.2,108.4,76.9,18.0,0.0,0.0,7.1,345.4,62.9,25.9,249.6,7.1,1462,,FARIDKOT,
Punjab,Faridkot,IMD110-P1461,2001,0.0,0.0,0.0,9.9,66.8,39.8,141.1,6.5,25.9,9.5,0.0,3.0,302.5,0.0,76.8,213.3,12.5,1462,,FARIDKOT,
Punjab,Faridkot,IMD110-P1461,2002,0.0,1.1,3.5,0.0,32.0,15.8,35.6,37.8,208.0,0.0,0.0,4.0,337.8,1.1,35.5,297.1,4.0,1462,,FARIDKOT,
Punjab,Faridkot,IMD110-P1461,2003,21.5,91.1,20.5,0.0,5.6,46.8,140.6,90.6,12.7,0.0,0.0,0.0,429.3,112.6,26.1,290.6,0.0,1462,,FARIDKOT,
Punjab,Faridkot,IMD110-P1461,2004,39.8,12.6,0.0,,33.1,51.5,54.4,42.3,19.9,33.6,0.0,0.0,,52.4,,168.1,33.6,1462,missing_months,FARIDKOT,
Punjab,Faridkot,IMD110-P1461,2005,80.4,70.5,41.8,7.7,5.8,61.6,244.6,133.9,111.3,0.0,0.0,,,150.9,55.3,551.5,,1462,missing_months,FARIDKOT,
Punjab,Faridkot,IMD110-P1461,2006,,,,,,,,,,,,6.4,,,,,,1462,missing_months,FARIDKOT,
Punjab,Faridkot,IMD110-P1461,2007,0.0,87.8,27.0,0.0,3.9,0.0,106.1,,,0.0,,,,87.8,30.9,,,1462,missing_months,FARIDKOT,
Punjab,Faridkot,IMD110-P1461,2008,11.7,4.4,0.0,12.8,36.8,103.5,,,50.4,4.0,0.0,0.0,,16.1,49.6,,4.0,1462,missing_months,FARIDKOT,
Punjab,Faridkot,IMD110-P1461,2009,21.1,16.6,10.0,13.6,21.2,18.7,88.8,65.7,89.1,0.0,0.0,0.0,344.8,37.8,44.8,262.3,0.0,1462,,FARIDKOT,
Punjab,Faridkot,IMD110-P1461,2010,,,0.0,0.0,2.0,,,,,0.0,0.0,,,,2.0,,,1462,missing_months,FARIDKOT,
Punjab,Fatehgarh Sahib,IMD110-P1463,1954,45.1,119.9,4.6,0.0,8.8,41.7,309.1,56.3,255.8,15.9,0.0,0.0,857.1,164.9,13.4,662.8,15.9,1463,,FATEHGARH SAHIB,
Punjab,Fatehgarh Sahib,IMD110-P1463,1955,37.0,6.4,28.3,7.0,22.1,49.1,237.8,176.8,74.0,256.5,0.0,0.0,895.1,43.4,57.4,537.8,256.5,1463,,FATEHGARH SAHIB,
Punjab,Fatehgarh Sahib,IMD110-P1463,1956,19.3,6.3,48.4,0.0,0.0,46.5,275.0,86.2,20.3,172.8,0.0,4.1,678.6,25.5,48.4,427.9,176.8,1463,,FATEHGARH SAHIB,
Punjab,Fatehgarh Sahib,IMD110-P1463,1957,86.8,1.3,7.9,2.5,15.4,21.0,184.9,128.8,154.1,12.7,10.2,34.1,659.5,88.1,25.8,488.8,57.0,1463,,FATEHGARH SAHIB,
Punjab,Fatehgarh Sahib,IMD110-P1463,1958,9.6,0.0,9.0,9.0,0.0,1.3,158.1,160.4,201.4,39.3,0.0,32.4,620.5,9.6,18.0,521.1,71.8,1463,,FATEHGARH SAHIB,
Punjab,Fatehgarh Sahib,IMD110-P1463,1959,34.8,40.7,18.9,0.0,57.1,10.9,231.2,257.6,184.2,24.1,8.5,0.0,868.0,75.6,76.0,683.8,32.7,1463,,FATEHGARH SAHIB,
Punjab,Fatehgarh Sahib,IMD110-P1463,1960,3.5,0.0,39.5,3.6,0.0,79.8,395.8,429.8,11.1,0.0,0.0,26.6,989.6,3.5,43.0,916.4,26.6,1463,,FATEHGARH SAHIB,
Punjab,Fatehgarh Sahib,IMD110-P1463,1961,62.7,90.1,0.0,0.0,0.0,7.8,290.6,149.6,39.3,33.7,0.0,2.8,676.5,152.8,0.0,487.3,36.5,1463,,FATEHGARH SAHIB,
Punjab,Fatehgarh Sahib,IMD110-P1463,1962,45.8,22.2,89.5,0.0,0.0,5.1,165.8,69.1,391.5,0.0,24.6,5.1,818.6,67.9,89.5,631.5,29.7,1463,,FATEHGARH SAHIB,
Punjab,Fatehgarh Sahib,IMD110-P1463,1963,0.0,0.0,42.5,5.0,3.5,40.0,166.4,224.9,37.3,0.0,1.1,13.4,534.0,0.0,51.0,468.5,14.5,1463,,FATEHGARH SAHIB,
Punjab,Fatehgarh Sahib,IMD110-P1463,1964,8.8,0.0,10.0,0.0,8.6,9.5,366.3,66.3,134.0,0.0,0.0,1.5,605.0,8.8,18.6,576.1,1.5,1463,,FATEHGARH SAHIB,
Punjab,Fatehgarh Sahib,IMD110-P1463,1965,6.5,17.3,4.0,13.1,18.8,0.0,154.1,71.7,91.8,4.5,1.9,0.0,383.6,23.8,35.8,317.6,6.4,1463,,FATEHGARH SAHIB,
Punjab,Fatehgarh Sahib,IMD110-P1463,1966,4.1,11.0,2.0,0.0,14.5,65.1,110.3,224.0,32.9,0.0,0.0,3.0,466.9,15.1,16.5,432.3,3.0,1463,,FATEHGARH SAHIB,
Punjab,Fatehgarh Sahib,IMD110-P1463,1967,0.0,18.0,37.2,5.0,0.0,28.1,353.1,305.6,107.7,11.0,0.0,77.6,943.3,18.0,42.2,794.5,88.6,1463,,FATEHGARH SAHIB,
Punjab,Fatehgarh Sahib,IMD110-P1463,1968,18.0,35.4,24.8,4.0,0.0,61.0,279.2,171.6,0.0,0.0,0.0,11.0,605.0,53.4,28.8,511.9,11.0,1463,,FATEHGARH SAHIB,
Punjab,Fatehgarh Sahib,IMD110-P1463,1969,0.0,21.6,18.0,14.5,8.8,0.0,211.3,61.6,147.2,0.0,0.0,0.0,483.0,21.6,41.3,420.1,0.0,1463,,FATEHGARH SAHIB,
Punjab,Fatehgarh Sahib,IMD110-P1463,1970,39.9,17.0,8.4,0.0,4.7,115.7,81.2,238.6,177.9,0.0,0.0,0.0,683.3,56.9,13.0,613.3,0.0,1463,,FATEHGARH SAHIB,
Punjab,Fatehgarh Sahib,IMD110-P1463,1972,5.1,17.0,6.5,8.8,0.0,19.5,193.4,127.0,10.0,0.0,8.1,2.3,397.6,22.1,15.3,349.9,10.4,1463,,FATEHGARH SAHIB,
Punjab,Fatehgarh Sahib,IMD110-P1463,1973,,,2.5,,17.4,,150.8,127.7,,,0.0,18.5,,,,,,1463,missing_months,FATEHGARH SAHIB,
Punjab,Fatehgarh Sahib,IMD110-P1463,1974,2.5,3.9,1.5,1.3,1.0,88.9,71.4,86.3,14.6,0.0,0.0,37.9,309.4,6.4,3.8,261.3,37.9,1463,,FATEHGARH SAHIB,
Punjab,Fatehgarh Sahib,IMD110-P1463,1975,17.6,9.9,35.2,0.0,7.5,141.8,163.6,134.6,93.2,0.0,0.0,0.0,603.3,27.5,42.7,533.0,0.0,1463,,FATEHGARH SAHIB,
Punjab,Fatehgarh Sahib,IMD110-P1463,1976,39.0,43.7,14.3,0.0,5.1,91.8,293.3,280.6,24.5,0.0,0.0,0.0,792.3,82.7,19.4,690.3,0.0,1463,,FATEHGARH SAHIB,
Punjab,Fatehgarh Sahib,IMD110-P1463,1977,34.4,1.0,0.0,3.0,65.5,49.8,380.7,298.9,126.0,1.6,,31.9,,35.4,68.5,855.3,,1463,missing_months,FATEHGARH SAHIB,
Punjab,Fatehgarh Sahib,IMD110-P1463,1978,0.0,8.1,27.3,0.0,1.5,132.4,250.9,205.1,24.6,23.1,7.0,1.5,681.5,8.1,28.8,613.0,31.6,1463,,FATEHGARH SAHIB,
Punjab,Fatehgarh Sahib,IMD110-P1463,1979,35.7,,28.5,0.0,27.1,40.0,105.1,57.0,,0.0,4.5,14.0,,,55.6,,18.5,1463,missing_months,FATEHGARH SAHIB,
Punjab,Fatehgarh Sahib,IMD110-P1463,1980,0.0,2.3,24.7,0.7,5.3,38.0,329.4,117.5,39.4,13.8,43.8,132.0,746.9,2.3,30.7,524.3,189.6,1463,,FATEHGARH SAHIB,
Punjab,Fatehgarh Sahib,IMD110-P1463,1981,44.6,17.8,84.9,0.0,2.2,34.0,343.9,75.0,33.0,0.0,112.8,0.0,748.1,62.4,87.1,485.9,112.8,1463,,FATEHGARH SAHIB,
Punjab,Fatehgarh Sahib,IMD110-P1463,1982,86.4,47.9,106.7,74.0,48.6,17.7,166.2,170.1,1.5,0.0,7.0,28.1,754.2,134.2,229.3,355.5,35.1,1463,,FATEHGARH SAHIB,
Punjab,Fatehgarh Sahib,IMD110-P1463,1983,92.5,16.5,42.8,125.7,76.3,29.5,284.4,170.8,94.0,2.0,0.0,0.0,934.6,109.0,244.9,578.7,2.0,1463,,FATEHGARH SAHIB,
Punjab,Fatehgarh Sahib,IMD110-P1463,1984,0.0,43.5,5.8,25.0,0.0,40.9,230.8,172.5,99.6,0.0,0.0,0.0,618.0,43.5,30.8,543.7,0.0,1463,,FATEHGARH SAHIB,
Punjab,Fatehgarh Sahib,IMD110-P1463,1985,1.0,0.0,0.1,12.7,7.2,39.2,230.2,195.7,58.7,39.5,0.0,47.5,631.8,1.0,20.0,523.8,87.0,1463,,FATEHGARH SAHIB,
Punjab,Fatehgarh Sahib,IMD110-P1463,1986,0.0,38.5,38.1,10.8,37.5,102.3,109.5,149.5,25.0,34.7,4.4,7.8,558.1,38.5,86.3,386.3,46.9,1463,,FATEHGARH SAHIB,
Punjab,Fatehgarh Sahib,IMD110-P1463,1987,20.7,27.1,10.9,18.2,101.4,15.0,13.6,48.5,0.0,23.7,0.0,5.7,284.7,47.8,130.5,77.1,29.4,1463,,FATEHGARH SAHIB,
Punjab,Fatehgarh Sahib,IMD110-P1463,1988,6.1,3.0,19.8,0.0,0.1,109.5,563.8,450.8,538.7,0.0,0.0,69.7,1761.4,9.1,19.9,1662.8,69.7,1464,,FATEHGARH SAHIB,
Punjab,Fatehgarh Sahib,IMD110-P1463,1989,50.1,11.6,15.4,0.0,13.5,38.3,314.5,315.2,69.8,0.0,8.5,10.2,847.0,61.7,28.9,737.7,18.7,1464,,FATEHGARH SAHIB,
Punjab,Fatehgarh Sahib,IMD110-P1463,1990,0.5,37.3,0.0,0.8,24.7,22.6,175.5,241.4,319.3,0.3,2.5,13.7,838.5,37.8,25.4,758.8,16.5,1464,,FATEHGARH SAHIB,
Punjab,Fatehgarh Sahib,IMD110-P1463,1991,0.0,41.0,1.8,25.1,3.3,73.4,114.7,181.8,43.2,0.3,3.5,45.4,533.6,41.0,30.2,413.1,49.3,1464,,FATEHGARH SAHIB,
Punjab,Fatehgarh Sahib,IMD110-P1463,1992,30.1,,0.0,0.0,2.5,,153.6,221.0,34.1,0.7,22.0,0.0,,,2.5,,22.7,1464,missing_months,FATEHGARH SAHIB,
Punjab,Fatehgarh Sahib,IMD110-P1463,1993,0.0,31.5,105.7,3.1,44.2,56.0,612.7,20.7,197.4,0.3,0.3,0.0,1072.0,31.5,153.1,886.8,0.7,1464,,FATEHGARH SAHIB,
Punjab,Fatehgarh Sahib,IMD110-P1463,1994,23.0,38.7,0.7,8.8,15.6,78.6,298.3,318.5,53.7,0.0,0.0,1.7,837.6,61.7,25.1,749.1,1.7,1464,,FATEHGARH SAHIB,
Punjab,Fatehgarh Sahib,IMD110-P1463,1995,44.3,53.8,15.6,3.8,0.0,289.3,103.6,617.2,238.5,0.0,0.0,0.0,1366.0,98.1,19.4,1248.6,0.0,1464,,FATEHGARH SAHIB,
Punjab,Fatehgarh Sahib,IMD110-P1463,1996,46.5,40.5,0.0,0.0,0.0,60.5,66.8,217.1,154.5,0.0,0.0,0.0,585.8,87.0,0.0,498.8,0.0,1464,,FATEHGARH SAHIB,
Punjab,Fatehgarh Sahib,IMD110-P1463,1997,0.0,0.0,0.0,0.0,0.0,0.0,90.0,166.0,4.5,5.0,13.0,0.0,278.5,0.0,0.0,260.5,18.0,1464,,FATEHGARH SAHIB,
Punjab,Fatehgarh Sahib,IMD110-P1463,1998,0.0,14.0,5.0,0.0,0.0,23.0,166.5,65.0,242.9,0.0,0.0,0.0,516.4,14.0,5.0,497.4,0.0,1464,,FATEHGARH SAHIB,
Punjab,Fatehgarh Sahib,IMD110-P1463,1999,0.0,,0.0,0.0,0.0,0.0,164.0,106.8,20.5,0.0,0.0,0.0,,,0.0,291.3,0.0,1464,missing_months,FATEHGARH SAHIB,
Punjab,Fatehgarh Sahib,IMD110-P1463,2000,0.0,0.0,0.0,0.0,0.0,4.0,106.5,36.5,13.0,0.0,0.0,0.0,160.0,0.0,0.0,160.0,0.0,1464,,FATEHGARH SAHIB,
Punjab,Fatehgarh Sahib,IMD110-P1463,2001,0.0,0.0,27.0,4.0,0.0,63.0,121.8,129.0,30.5,0.0,0.0,0.0,375.3,0.0,31.0,344.3,0.0,1464,,FATEHGARH SAHIB,
Punjab,Fatehgarh Sahib,IMD110-P1463,2002,0.0,5.5,10.3,3.0,22.3,23.0,37.5,30.3,127.8,14.0,0.0,0.0,273.6,5.5,35.5,218.6,14.0,1464,,FATEHGARH SAHIB,
Punjab,Fatehgarh Sahib,IMD110-P1463,2003,15.8,47.0,16.5,7.5,3.1,65.5,203.8,29.9,75.6,0.0,5.3,5.5,475.5,62.8,27.1,374.8,10.8,1464,,FATEHGARH SAHIB,
Punjab,Fatehgarh Sahib,IMD110-P1463,2004,50.1,0.0,0.0,11.0,38.5,45.6,21.7,207.5,7.0,24.0,0.0,0.0,405.4,50.1,49.5,281.8,24.0,1464,,FATEHGARH SAHIB,
Punjab,Fatehgarh Sahib,IMD110-P1463,2005,31.0,14.0,11.0,8.0,5.7,54.2,166.9,127.0,34.0,0.0,0.0,,,45.0,24.7,382.1,,1464,missing_months,FATEHGARH SAHIB,
Punjab,Fatehgarh Sahib,IMD110-P1463,2006,,,,,,,,,,,,2.0,,,,,,1464,missing_months,FATEHGARH SAHIB,
Punjab,Fatehgarh Sahib,IMD110-P1463,2007,0.0,88.0,40.7,0.0,0.0,40.5,38.0,120.0,26.0,19.7,0.0,0.0,372.8,88.0,40.7,224.5,19.7,1464,,FATEHGARH SAHIB,
Punjab,Fatehgarh Sahib,IMD110-P1463,2008,14.5,1.5,0.0,28.0,136.0,143.8,306.0,,144.0,22.5,1.3,0.0,,16.0,164.0,,23.8,1464,missing_months,FATEHGARH SAHIB,
Punjab,Fatehgarh Sahib,IMD110-P1463,2009,,0.0,,0.0,,0.0,,88.5,119.0,,0.0,0.0,,,,,,1464,missing_months,FATEHGARH SAHIB,
Punjab,Fatehgarh Sahib,IMD110-P1463,2010,,,0.0,0.0,0.0,2.0,,,,0.0,,22.0,,,0.0,,,1464,missing_months,FATEHGARH SAHIB,
Punjab,Ferozepore,IMD110-P1465,1901,18.4,22.3,8.9,3.6,8.9,9.4,125.8,14.7,0.5,0.0,0.0,1.5,214.0,40.7,21.4,150.4,1.5,1465,,FEROZEPORE,
Punjab,Ferozepore,IMD110-P1465,1902,0.0,0.1,7.8,0.4,19.3,54.1,69.2,104.3,26.0,5.7,0.0,0.3,287.2,0.1,27.5,253.6,6.0,1465,,FEROZEPORE,
Punjab,Ferozepore,IMD110-P1465,1903,13.6,0.1,45.4,1.0,9.5,7.0,203.2,65.3,40.0,3.5,0.0,0.0,388.7,13.7,55.9,315.6,3.6,1465,,FEROZEPORE,
Punjab,Ferozepore,IMD110-P1465,1904,16.0,0.3,64.3,0.0,4.5,16.3,10.0,57.0,39.8,4.7,11.2,7.3,231.3,16.2,68.7,123.1,23.2,1465,,FEROZEPORE,
Punjab,Ferozepore,IMD110-P1465,1905,44.8,32.2,11.9,0.0,2.5,21.6,106.7,4.0,168.1,2.6,0.0,8.9,403.3,77.0,14.4,300.4,11.5,1465,,FEROZEPORE,
Punjab,Ferozepore,IMD110-P1465,1906,0.7,74.8,37.4,0.1,4.2,27.5,29.1,61.0,129.9,1.2,0.0,10.4,376.2,75.5,41.7,247.4,11.6,1465,,FEROZEPORE,
Punjab,Ferozepore,IMD110-P1465,1907,19.5,43.4,22.7,65.0,0.2,21.2,41.4,177.0,0.0,0.0,0.1,0.0,390.5,62.9,87.8,239.7,0.1,1465,,FEROZEPORE,
Punjab,Ferozepore,IMD110-P1465,1908,20.3,0.8,0.0,22.3,1.3,8.0,167.8,535.9,52.2,4.8,0.0,0.7,814.0,21.1,23.6,763.8,5.5,1465,,FEROZEPORE,
Punjab,Ferozepore,IMD110-P1465,1909,6.8,22.7,0.0,53.5,1.0,63.8,113.1,66.5,183.4,1.1,0.0,21.6,533.5,29.5,54.5,426.8,22.7,1465,,FEROZEPORE,
Punjab,Ferozepore,IMD110-P1465,1910,17.7,4.2,0.8,3.0,0.5,76.4,51.1,143.5,12.5,7.3,0.0,2.3,319.3,21.9,4.3,283.6,9.5,1465,,FEROZEPORE,
Punjab,Ferozepore,IMD110-P1465,1911,54.5,2.0,82.1,5.5,0.2,38.8,13.7,37.7,4.6,8.5,16.2,0.0,264.0,56.5,87.9,94.8,24.8,1465,,FEROZEPORE,
Punjab,Ferozepore,IMD110-P1465,1912,45.4,0.6,5.3,26.7,6.0,5.8,127.9,108.3,14.8,0.0,20.9,0.0,361.8,46.1,38.1,256.8,20.9,1465,,FEROZEPORE,
Punjab,Ferozepore,IMD110-P1465,1913,0.0,50.8,29.4,0.0,16.6,44.2,66.3,64.0,27.0,0.1,0.1,9.6,308.1,50.8,46.0,201.5,9.8,1465,,FEROZEPORE,
Punjab,Ferozepore,IMD110-P1465,1914,32.5,28.1,2.9,28.1,1.0,21.2,245.3,60.3,71.6,17.5,0.1,3.8,512.4,60.5,32.0,398.4,21.4,1465,,FEROZEPORE,
Punjab,Ferozepore,IMD110-P1465,1915,6.8,39.8,33.1,7.0,0.0,26.7,3.3,21.7,45.3,30.6,0.0,1.6,215.8,46.7,40.1,96.9,32.2,1465,,FEROZEPORE,
Punjab,Ferozepore,IMD110-P1465,1916,3.8,9.0,1.3,2.5,5.7,12.9,164.5,171.5,10.3,4.5,0.0,0.0,386.0,12.7,9.5,359.1,4.5,1465,,FEROZEPORE,
Punjab,Ferozepore,IMD110-P1465,1917,5.5,0.0,5.3,46.4,29.6,60.9,72.9,204.6,244.4,85.2,0.0,3.6,758.5,5.5,81.3,582.9,88.8,1465,,FEROZEPORE,
Punjab,Ferozepore,IMD110-P1465,1918,0.9,0.0,47.1,24.6,0.0,1.5,23.9,89.4,17.3,0.7,0.0,1.2,206.7,0.9,71.7,132.2,1.9,1465,,FEROZEPORE,
Punjab,Ferozepore,IMD110-P1465,1919,60.6,9.7,7.7,2.8,12.7,0.0,88.2,142.4,54.2,0.0,0.2,15.1,393.5,70.3,23.1,284.8,15.2,1465,,FEROZEPORE,
Punjab,Ferozepore,IMD110-P1465,1920,29.6,4.8,7.8,0.0,17.3,15.9,71.3,58.1,13.9,0.0,0.0,0.0,218.7,34.4,25.1,159.2,0.0,1465,,FEROZEPORE,
Punjab,Ferozepore,IMD110-P1465,1921,6.4,0.0,0.0,0.0,0.0,9.6,100.6,21.8,31.1,5.9,0.0,10.5,185.9,6.4,0.0,163.1,16.4,1465,,FEROZEPORE,
Punjab,Ferozepore,IMD110-P1465,1922,9.6,12.0,0.0,0.7,2.9,82.8,40.8,38.0,159.9,0.2,0.0,14.1,361.2,21.6,3.6,321.6,14.4,1465,,FEROZEPORE,
Punjab,Ferozepore,IMD110-P1465,1923,15.0,29.4,2.3,2.4,22.5,19.3,145.8,163.0,0.1,2.4,0.0,33.1,435.3,44.4,27.2,328.2,35.5,1465,,FEROZEPORE,
Punjab,Ferozepore,IMD110-P1465,1924,35.4,20.3,0.0,0.8,10.6,1.2,130.7,32.7,53.2,0.0,0.0,17.0,301.9,55.7,11.4,217.8,17.0,1465,,FEROZEPORE,
Punjab,Ferozepore,IMD110-P1465,1925,12.4,0.2,0.0,0.5,2.4,93.0,167.6,120.2,1.1,4.1,0.4,0.0,401.9,12.5,2.9,381.9,4.5,1465,,FEROZEPORE,
Punjab,Ferozepore,IMD110-P1465,1926,10.2,1.7,24.4,9.3,36.9,4.4,111.6,152.3,26.4,0.0,0.0,1.3,378.7,11.9,70.6,294.8,1.3,1465,,FEROZEPORE,
Punjab,Ferozepore,IMD110-P1465,1927,0.0,15.2,0.7,2.3,2.3,11.8,143.9,29.4,1.7,0.0,0.4,28.7,236.3,15.2,5.3,186.8,29.1,1465,,FEROZEPORE,
Punjab,Ferozepore,IMD110-P1465,1928,4.0,6.3,2.8,4.6,1.4,28.0,61.3,172.2,70.5,0.1,19.1,9.7,379.7,10.2,8.7,331.9,28.9,1465,,FEROZEPORE,
Punjab,Ferozepore,IMD110-P1465,1929,2.6,0.8,0.0,7.6,5.8,11.9,69.7,76.9,3.5,1.0,0.0,35.4,215.3,3.4,13.4,162.0,36.4,1465,,FEROZEPORE,
Punjab,Ferozepore,IMD110-P1465,1930,13.1,18.5,0.1,13.8,4.9,33.2,168.8,29.9,34.1,0.4,0.2,0.0,317.1,31.6,18.9,266.0,0.6,1465,,FEROZEPORE,
Punjab,Ferozepore,IMD110-P1465,1931,3.4,9.7,17.6,4.9,11.9,30.9,205.3,173.1,61.9,20.4,0.0,1.2,540.3,13.1,34.5,471.2,21.6,1465,,FEROZEPORE,
Punjab,Ferozepore,IMD110-P1465,1932,11.5,1.5,20.8,10.0,1.9,10.1,119.1,85.4,4.4,1.1,0.0,28.7,294.6,13.0,32.7,219.0,29.9,1465,,FEROZEPORE,
Punjab,Ferozepore,IMD110-P1465,1933,1.4,13.3,31.5,1.0,31.6,7.5,100.6,209.9,59.5,11.3,0.3,3.2,471.1,14.6,64.1,377.6,14.8,1465,,FEROZEPORE,
Punjab,Ferozepore,IMD110-P1465,1934,4.8,0.0,20.5,2.3,6.3,34.8,118.6,92.0,3.9,0.0,0.0,1.4,284.6,4.8,29.1,249.2,1.4,1466,,FEROZEPORE,
Punjab,Ferozepore,IMD110-P1465,1935,62.2,57.1,11.1,19.0,0.0,8.6,123.1,72.5,9.1,2.8,0.0,3.2,368.6,119.4,30.0,213.2,5.9,1466,,FEROZEPORE,
Punjab,Ferozepore,IMD110-P1465,1936,0.4,27.0,6.0,6.5,2.0,69.8,64.1,102.1,37.5,1.9,0.0,14.8,331.9,27.4,14.4,273.5,16.7,1466,,FEROZEPORE,
Punjab,Ferozepore,IMD110-P1465,1937,0.8,65.1,1.9,48.9,4.9,23.7,136.5,1.5,37.5,3.8,1.0,17.9,343.5,65.9,55.7,199.1,22.7,1466,,FEROZEPORE,
Punjab,Ferozepore,IMD110-P1465,1938,22.4,13.5,1.4,4.7,1.7,110.0,37.3,48.0,2.0,4.3,0.0,0.0,245.4,35.9,7.9,197.3,4.3,1466,,FEROZEPORE,
Punjab,Ferozepore,IMD110-P1465,1939,4.7,34.8,31.4,5.9,0.9,27.2,51.6,23.8,14.8,1.6,0.0,0.0,196.6,39.5,38.2,117.4,1.6,1466,,FEROZEPORE,
Punjab,Ferozepore,IMD110-P1465,1940,41.8,34.6,6.2,0.5,1.6,54.9,48.9,128.7,2.7,0.8,0.0,0.0,320.7,76.4,8.3,235.2,0.8,1466,,FEROZEPORE,
Punjab,Ferozepore,IMD110-P1465,1941,44.6,4.3,6.7,3.0,4.6,48.7,56.4,66.7,35.8,0.0,0.0,4.8,275.5,48.8,14.3,207.6,4.8,1466,,FEROZEPORE,
Punjab,Ferozepore,IMD110-P1465,1942,12.4,11.9,15.2,5.7,10.5,36.8,122.2,171.7,69.9,3.3,0.0,23.6,483.1,24.3,31.4,400.5,26.9,1466,,FEROZEPORE,
Punjab,Ferozepore,IMD110-P1465,1943,36.1,0.1,3.8,1.2,7.2,23.9,68.2,61.0,14.7,0.0,0.0,0.0,216.2,36.1,12.2,167.8,0.0,1466,,FEROZEPORE,
Punjab,Ferozepore,IMD110-P1465,1944,8.3,20.1,24.6,37.4,1.8,29.2,100.3,154.8,21.0,1.2,0.0,0.1,398.8,28.4,63.7,305.4,1.3,1466,,FEROZEPORE,
Punjab,Ferozepore,IMD110-P1465,1945,51.7,0.0,11.0,8.6,1.2,19.2,58.4,88.9,194.7,0.0,0.0,0.0,433.5,51.7,20.8,361.1,0.0,1466,,FEROZEPORE,
Punjab,Ferozepore,IMD110-P1465,1946,0.1,2.7,1.7,0.1,8.3,41.7,24.7,61.7,0.0,11.0,2.7,15.3,170.0,2.8,10.1,128.1,29.0,1466,,FEROZEPORE,
Punjab,Ferozepore,IMD110-P1465,1947,7.8,8.7,1.1,0.0,1.7,0.6,1.5,55.7,55.4,0.4,0.0,12.3,145.3,16.6,2.8,113.2,12.7,1466,,FEROZEPORE,
Punjab,Ferozepore,IMD110-P1465,1948,36.0,36.9,53.1,1.0,2.8,6.8,113.5,144.3,4.9,0.0,2.7,20.2,422.2,72.9,56.9,269.5,22.9,1466,,FEROZEPORE,
Punjab,Ferozepore,IMD110-P1465,1949,8.2,12.7,1.4,0.1,7.8,32.0,138.3,68.9,24.3,0.0,0.0,4.0,297.8,20.9,9.3,263.6,4.0,1466,,FEROZEPORE,
Punjab,Ferozepore,IMD110-P1465,1950,14.4,11.4,12.3,0.1,2.7,2.4,125.9,127.4,365.3,2.4,0.0,0.0,664.3,25.9,15.0,621.0,2.4,1466,,FEROZEPORE,
Punjab,Ferozepore,IMD110-P1465,1951,10.5,0.8,19.2,10.6,13.5,3.3,157.7,113.2,0.0,0.0,30.9,0.0,359.7,11.3,43.3,274.2,30.9,1466,,FEROZEPORE,
Punjab,Ferozepore,IMD110-P1465,1952,2.5,12.0,13.4,0.4,3.3,49.6,141.5,71.0,0.0,0.2,0.0,0.0,293.9,14.5,17.1,262.1,0.2,1466,,FEROZEPORE,
Punjab,Ferozepore,IMD110-P1465,1953,29.6,1.2,0.0,4.2,0.0,17.0,146.4,118.4,56.9,0.0,0.1,0.8,374.4,30.7,4.2,338.7,0.8,1466,,FEROZEPORE,
Punjab,Ferozepore,IMD110-P1465,1954,18.2,48.0,1.4,0.0,0.9,37.3,104.0,32.2,254.1,11.3,0.0,0.0,507.5,66.2,2.3,427.6,11.3,1466,,FEROZEPORE,
Punjab,Ferozepore,IMD110-P1465,1955,10.7,4.0,8.7,11.2,18.3,14.6,14.5,118.2,76.8,135.2,0.0,1.1,413.3,14.7,38.2,224.1,136.3,1466,,FEROZEPORE,
Punjab,Ferozepore,IMD110-P1465,1956,15.5,4.9,40.6,3.7,0.0,27.3,173.1,144.4,10.9,41.3,0.0,0.1,461.9,20.4,44.4,355.7,41.4,1466,,FEROZEPORE,
Punjab,Ferozepore,IMD110-P1465,1957,82.7,1.1,26.3,3.8,2.7,6.6,180.5,61.4,0.0,11.6,2.1,28.2,407.0,83.8,32.8,248.5,41.9,1466,,FEROZEPORE,
Punjab,Ferozepore,IMD110-P1465,1958,6.3,1.2,1.2,0.9,0.0,21.8,75.1,98.1,397.2,3.3,0.2,57.9,663.2,7.5,2.0,592.3,61.3,1466,,FEROZEPORE,
Punjab,Ferozepore,IMD110-P1465,1959,37.0,17.0,9.3,8.4,13.5,3.8,80.5,125.9,48.8,1.8,16.9,0.0,362.8,53.9,31.2,259.0,18.7,1466,,FEROZEPORE,
Punjab,Ferozepore,IMD110-P1465,1960,8.7,0.0,16.3,0.2,0.5,40.0,109.8,52.9,0.5,0.0,0.0,10.6,239.4,8.7,17.0,203.2,10.6,1466,,FEROZEPORE,
Punjab,Ferozepore,IMD110-P1465,1961,29.6,16.0,1.1,15.9,2.3,45.4,182.4,138.8,52.7,7.5,1.0,0.0,492.7,45.6,19.2,419.4,8.5,1466,,FEROZEPORE,
Punjab,Ferozepore,IMD110-P1465,1962,3.5,5.8,44.7,0.0,6.8,31.9,105.5,110.9,297.8,0.0,5.7,2.1,614.8,9.3,51.5,546.2,7.8,1466,,FEROZEPORE,
Punjab,Ferozepore,IMD110-P1465,1963,0.0,2.1,14.8,2.4,33.2,1.9,95.6,115.3,12.9,2.5,0.2,7.5,288.3,2.1,50.4,225.6,10.2,1466,,FEROZEPORE,
Punjab,Ferozepore,IMD110-P1465,1964,6.5,2.2,3.8,4.1,12.6,4.7,188.0,242.6,55.5,0.0,0.0,16.2,536.4,8.8,20.6,490.9,16.2,1466,,FEROZEPORE,
Punjab,Ferozepore,IMD110-P1465,1965,1.9,7.2,5.1,11.9,17.2,1.7,172.0,71.1,0.6,6.9,3.7,0.0,299.1,9.1,34.1,245.3,10.7,1466,,FEROZEPORE,
Punjab,Ferozepore,IMD110-P1465,1966,0.0,22.8,8.4,1.3,33.8,61.4,69.1,53.9,161.9,10.6,0.0,0.0,423.1,22.8,43.4,346.3,10.6,1466,,FEROZEPORE,
Punjab,Ferozepore,IMD110-P1465,1967,1.7,4.3,73.3,0.6,0.6,2.0,79.1,79.1,37.7,10.6,9.9,71.1,369.9,5.9,74.5,197.9,91.6,1466,,FEROZEPORE,
Punjab,Ferozepore,IMD110-P1465,1968,19.2,13.6,23.5,1.8,1.5,27.3,158.8,39.0,0.0,11.8,0.0,2.2,298.7,32.8,26.8,225.1,14.0,1467,,FEROZEPORE,
Punjab,Ferozepore,IMD110-P1465,1969,2.0,16.2,14.0,3.6,17.3,1.3,118.8,47.8,65.0,0.0,0.0,0.0,285.9,18.2,34.8,232.9,0.0,1467,,FEROZEPORE,
Punjab,Ferozepore,IMD110-P1465,1970,21.1,10.4,5.4,0.0,16.7,37.6,43.7,120.8,19.3,1.5,0.0,0.0,276.5,31.5,22.1,221.3,1.5,1467,,FEROZEPORE,
Punjab,Ferozepore,IMD110-P1465,1971,0.0,,5.5,9.0,18.2,42.0,251.7,160.2,19.0,0.0,2.0,0.0,,,32.7,472.9,2.0,1467,missing_months,FEROZEPORE,
Punjab,Ferozepore,IMD110-P1465,1972,4.8,13.7,4.8,3.6,0.0,7.9,177.2,124.1,23.3,0.1,6.1,1.7,367.3,18.6,8.4,332.5,7.8,1467,,FEROZEPORE,
Punjab,Ferozepore,IMD110-P1465,1973,0.0,31.2,2.4,0.5,65.8,45.5,137.8,175.3,68.0,36.0,0.0,32.8,595.3,31.2,68.7,426.5,68.8,1467,,FEROZEPORE,
Punjab,Ferozepore,IMD110-P1465,1974,0.2,0.1,0.7,0.0,7.9,59.7,54.7,50.4,7.4,0.0,0.0,5.1,186.2,0.3,8.6,172.2,5.1,1467,,FEROZEPORE,
Punjab,Ferozepore,IMD110-P1465,1975,10.7,25.4,14.7,0.3,0.8,33.8,80.2,129.0,66.3,0.0,0.0,0.2,361.3,36.0,15.8,309.3,0.2,1467,,FEROZEPORE,
Punjab,Ferozepore,IMD110-P1465,1976,19.4,39.8,19.4,12.5,0.0,35.0,117.5,417.6,187.5,0.0,0.0,0.0,848.8,59.2,31.9,757.7,0.0,1467,,FEROZEPORE,
Punjab,Ferozepore,IMD110-P1465,1977,13.9,0.3,1.4,17.1,25.1,105.4,107.6,59.2,137.1,0.0,0.0,9.6,476.5,14.2,43.5,409.2,9.6,1467,,FEROZEPORE,
Punjab,Ferozepore,IMD110-P1465,1978,2.0,16.8,48.0,0.1,0.0,15.7,183.2,55.1,42.2,0.0,4.7,0.0,367.8,18.8,48.0,296.2,4.7,1467,,FEROZEPORE,
Punjab,Ferozepore,IMD110-P1465,1979,3.1,38.7,34.0,12.2,12.9,5.3,80.7,55.0,42.7,0.0,5.2,0.0,289.9,41.8,59.1,183.7,5.3,1467,,FEROZEPORE,
Punjab,Ferozepore,IMD110-P1465,1980,23.4,4.0,11.9,5.2,1.0,22.0,365.0,45.2,17.9,9.3,7.2,8.8,521.0,27.4,18.1,450.1,25.4,1467,,FEROZEPORE,
Punjab,Ferozepore,IMD110-P1465,1981,28.1,11.3,33.2,0.1,5.3,0.7,176.6,17.6,6.0,0.0,18.1,0.0,296.9,39.4,38.6,200.9,18.1,1467,,FEROZEPORE,
Punjab,Ferozepore,IMD110-P1465,1982,16.2,11.2,27.8,26.5,42.9,18.7,13.8,112.4,6.1,0.0,11.7,6.4,293.6,27.4,97.1,151.0,18.1,1467,,FEROZEPORE,
Punjab,Ferozepore,IMD110-P1465,1983,25.1,14.6,11.4,66.5,23.8,31.1,93.4,106.1,41.6,15.2,0.0,0.4,429.2,39.7,101.7,272.2,15.6,1467,,FEROZEPORE,
Punjab,Ferozepore,IMD110-P1465,1984,1.5,44.7,16.5,2.6,0.5,0.0,131.9,130.9,107.0,0.0,1.9,0.7,438.1,46.2,19.6,369.7,2.6,1467,,FEROZEPORE,
Punjab,Ferozepore,IMD110-P1465,1985,0.4,0.3,5.6,49.0,1.3,70.0,187.6,124.9,6.9,25.6,1.1,16.9,489.4,0.7,55.8,389.4,43.6,1467,,FEROZEPORE,
Punjab,Ferozepore,IMD110-P1465,1986,2.3,36.7,38.0,19.8,26.4,140.1,134.0,57.7,65.5,15.0,0.1,6.1,541.5,38.9,84.1,397.3,21.2,1467,,FEROZEPORE,
Punjab,Ferozepore,IMD110-P1465,1987,12.7,15.4,20.2,3.3,103.0,62.9,15.8,29.4,1.4,36.6,0.0,0.0,300.7,28.1,126.5,109.5,36.6,1467,,FEROZEPORE,
Punjab,Ferozepore,IMD110-P1465,1988,6.2,,52.5,0.0,1.7,3.8,129.5,93.9,217.3,2.5,4.0,9.9,,,54.2,444.6,16.4,1467,missing_months,FEROZEPORE,
Punjab,Ferozepore,IMD110-P1465,1989,38.8,2.5,8.4,1.1,1.5,22.9,88.3,53.1,5.7,0.0,3.2,14.4,240.0,41.3,11.1,170.0,17.6,1467,,FEROZEPORE,
Punjab,Ferozepore,IMD110-P1465,1990,1.0,32.3,16.3,0.0,10.8,3.6,139.2,95.9,114.7,0.0,2.0,17.8,433.6,33.3,27.1,353.4,19.8,1467,,FEROZEPORE,
Punjab,Ferozepore,IMD110-P1465,1991,,21.6,10.6,22.1,6.7,63.2,9.5,37.6,0.5,1.0,0.0,14.8,,,39.5,110.7,15.8,1467,missing_months,FEROZEPORE,
Punjab,Ferozepore,IMD110-P1465,1992,30.2,11.9,5.4,0.0,4.4,4.5,153.8,103.9,88.1,6.9,13.8,0.0,422.9,42.1,9.8,350.4,20.7,1467,,FEROZEPORE,
Punjab,Ferozepore,IMD110-P1465,1993,5.8,2.3,13.2,15.5,10.4,34.9,210.6,7.7,93.0,0.0,0.0,0.0,393.4,8.0,39.1,346.2,0.0,1467,,FEROZEPORE,
Punjab,Ferozepore,IMD110-P1465,1994,7.6,3.8,0.0,1.9,1.4,10.0,34.2,166.7,110.4,0.0,0.0,0.0,335.9,11.4,3.2,321.2,0.0,1467,,FEROZEPORE,
Punjab,Ferozepore,IMD110-P1465,1995,150.7,23.4,22.6,8.3,0.0,56.6,100.6,165.3,18.6,0.0,0.6,0.6,547.5,174.2,31.0,341.2,1.2,1467,,FEROZEPORE,
Punjab,Ferozepore,IMD110-P1465,1996,,7.7,25.1,0.5,2.5,33.1,9.7,81.4,21.1,5.6,0.0,0.0,,,28.2,145.4,5.6,1467,missing_months,FEROZEPORE,
Punjab,Ferozepore,IMD110-P1465,1997,7.3,0.0,0.0,20.5,19.7,34.7,137.2,166.8,2.5,31.5,11.5,0.0,431.6,7.3,40.2,341.1,43.0,1467,,FEROZEPORE,
Punjab,Ferozepore,IMD110-P1465,1998,0.0,16.6,12.7,2.1,0.0,8.3,43.6,25.2,14.1,4.9,0.0,0.0,127.4,16.6,14.8,91.2,4.9,1467,,FEROZEPORE,
Punjab,Ferozepore,IMD110-P1465,1999,16.7,,0.6,0.0,2.5,11.8,30.9,10.6,0.0,1.3,0.0,0.0,,,3.1,53.3,1.3,1467,missing_months,FEROZEPORE,
Punjab,Ferozepore,IMD110-P1465,2000,7.2,3.6,0.0,0.0,0.0,3.5,92.9,16.8,7.8,0.0,0.0,0.0,131.8,10.8,0.0,121.0,0.0,1467,,FEROZEPORE,
Punjab,Ferozepore,IMD110-P1465,2001,4.5,,0.0,18.5,1.1,54.5,55.3,4.7,15.3,0.0,0.0,1.7,,,19.6,129.8,1.7,1467,missing_months,FEROZEPORE,
Punjab,Ferozepore,IMD110-P1465,2002,0.0,0.0,1.0,0.0,2.4,5.0,106.0,0.0,19.6,0.0,0.0,3.5,137.6,0.0,3.5,130.6,3.5,1468,,FEROZEPORE,
Punjab,Ferozepore,IMD110-P1465,2003,0.3,13.8,0.2,0.1,2.3,5.2,7.8,0.0,0.0,0.0,0.0,0.0,29.6,14.0,2.6,13.0,0.0,1468,,FEROZEPORE,
Punjab,Ferozepore,IMD110-P1465,2004,0.0,0.0,0.0,,5.0,12.0,0.0,6.0,3.4,1.4,0.1,4.2,,0.0,,21.4,5.6,1468,missing_months,FEROZEPORE,
Punjab,Ferozepore,IMD110-P1465,2005,13.2,58.7,31.2,6.7,4.3,12.0,78.8,49.2,46.8,0.0,0.0,,,71.8,42.2,186.8,,1468,missing_months,FEROZEPORE,
Punjab,Ferozepore,IMD110-P1465,2006,33.2,,,,,,,,,,,3.2,,,,,,1468,missing_months,FEROZEPORE,
Punjab,Ferozepore,IMD110-P1465,2007,0.0,53.5,22.2,0.0,2.3,37.7,54.0,,,0.0,,,,53.5,24.5,,,1468,missing_months,FEROZEPORE,
Punjab,Ferozepore,IMD110-P1465,2008,9.0,2.6,0.0,6.3,15.3,56.0,,,20.4,5.7,0.0,0.0,,11.6,21.5,,5.7,1468,missing_months,FEROZEPORE,
Punjab,Ferozepore,IMD110-P1465,2009,7.6,11.2,10.4,18.0,1.3,1.3,39.7,47.7,15.2,0.0,0.0,0.0,152.3,18.8,29.7,103.8,0.0,1468,,FEROZEPORE,
Punjab,Ferozepore,IMD110-P1465,2010,,,0.0,0.0,0.0,,94.0,,38.3,0.0,0.0,5.0,,,0.0,,5.0,1468,missing_months,FEROZEPORE,
Punjab,Gurdaspur,IMD110-P1469,1901,111.0,60.3,67.7,0.0,58.6,5.8,298.8,218.2,74.7,0.0,0.0,0.0,895.2,171.4,126.3,597.5,0.0,1469,,GURDASPUR,
Punjab,Gurdaspur,IMD110-P1469,1902,0.0,0.0,22.6,23.1,24.1,51.1,149.5,136.7,57.5,2.7,0.1,0.0,467.4,0.0,69.8,394.9,2.8,1469,,GURDASPUR,
Punjab,Gurdaspur,IMD110-P1469,1903,54.2,0.2,96.7,1.9,21.2,2.5,372.4,264.0,351.8,2.7,0.0,37.0,1204.6,54.4,119.8,990.7,39.7,1469,,GURDASPUR,
Punjab,Gurdaspur,IMD110-P1469,1904,42.2,3.0,129.2,9.3,17.1,16.5,115.5,203.2,58.2,22.3,5.0,44.3,665.9,45.3,155.6,393.4,71.7,1469,,GURDASPUR,
Punjab,Gurdaspur,IMD110-P1469,1905,83.4,41.0,69.3,2.5,1.1,18.0,198.1,96.1,178.4,0.1,0.0,20.3,708.4,124.4,73.0,490.6,20.4,1469,,GURDASPUR,
Punjab,Gurdaspur,IMD110-P1469,1906,9.1,150.2,66.4,2.8,0.4,45.8,133.1,373.3,344.8,0.0,0.0,45.0,1170.9,159.3,69.6,897.1,45.0,1469,,GURDASPUR,
Punjab,Gurdaspur,IMD110-P1469,1907,36.1,210.2,91.0,42.9,11.0,20.9,46.3,255.1,17.1,4.1,0.0,0.0,734.7,246.3,144.9,339.4,4.1,1469,,GURDASPUR,
Punjab,Gurdaspur,IMD110-P1469,1908,42.8,39.4,0.1,55.0,5.7,26.2,297.9,413.1,98.8,0.0,4.7,7.6,991.3,82.2,60.7,836.0,12.3,1469,,GURDASPUR,
Punjab,Gurdaspur,IMD110-P1469,1909,33.9,49.6,0.0,47.1,0.0,54.3,225.4,438.4,236.1,3.4,0.0,64.5,1152.9,83.6,47.1,954.2,68.0,1469,,GURDASPUR,
Punjab,Gurdaspur,IMD110-P1469,1910,61.4,6.9,4.4,2.8,1.4,135.9,213.5,518.8,64.6,0.6,0.0,5.2,1015.5,68.4,8.6,932.9,5.8,1469,,GURDASPUR,
Punjab,Gurdaspur,IMD110-P1469,1911,218.3,11.3,226.8,9.3,1.4,90.3,52.3,157.4,65.5,13.1,39.3,0.6,885.5,229.6,237.5,365.5,52.9,1469,,GURDASPUR,
Punjab,Gurdaspur,IMD110-P1469,1912,104.5,7.8,19.7,22.8,11.4,10.4,331.0,406.3,4.7,0.0,21.6,1.1,941.2,112.3,53.9,752.4,22.6,1469,,GURDASPUR,
Punjab,Gurdaspur,IMD110-P1469,1913,6.0,90.3,49.8,0.3,45.3,138.1,192.7,224.8,29.8,1.3,0.4,31.0,809.9,96.4,95.4,585.4,32.7,1469,,GURDASPUR,
Punjab,Gurdaspur,IMD110-P1469,1914,29.8,70.9,44.9,73.2,25.3,97.6,571.2,138.6,149.7,60.9,15.7,41.3,1318.9,100.7,143.4,957.0,117.9,1469,,GURDASPUR,
Punjab,Gurdaspur,IMD110-P1469,1915,53.5,110.7,94.4,30.2,7.8,15.3,106.9,161.0,148.6,26.6,0.0,1.4,756.3,164.2,132.4,431.7,28.0,1469,,GURDASPUR,
Punjab,Gurdaspur,IMD110-P1469,1916,3.2,33.6,5.0,6.6,21.4,56.5,215.6,304.9,106.9,19.1,0.0,0.1,772.9,36.8,33.0,683.9,19.3,1469,,GURDASPUR,
Punjab,Gurdaspur,IMD110-P1469,1917,4.6,1.3,19.7,128.5,36.0,145.6,315.5,382.5,290.3,167.9,0.0,14.3,1506.1,5.9,184.2,1133.8,182.3,1469,,GURDASPUR,
Punjab,Gurdaspur,IMD110-P1469,1918,0.6,12.2,105.2,87.1,1.0,35.0,103.5,179.6,10.7,1.4,5.2,19.6,561.1,12.9,193.3,328.8,26.2,1469,,GURDASPUR,
Punjab,Gurdaspur,IMD110-P1469,1919,147.7,28.1,13.3,9.2,19.8,10.5,417.1,224.4,21.3,0.0,6.0,58.7,956.2,175.8,42.3,673.3,64.8,1469,,GURDASPUR,
Punjab,Gurdaspur,IMD110-P1469,1920,28.7,34.0,26.0,2.5,23.9,31.1,310.9,171.2,41.4,0.0,0.0,3.2,672.8,62.7,52.4,554.5,3.2,1469,,GURDASPUR,
Punjab,Gurdaspur,IMD110-P1469,1921,18.7,25.6,1.6,1.5,2.9,25.5,282.6,186.7,94.6,48.6,0.0,34.6,722.9,44.3,5.9,589.4,83.2,1469,,GURDASPUR,
Punjab,Gurdaspur,IMD110-P1469,1922,47.6,20.3,4.5,7.3,6.7,90.0,317.9,91.6,259.0,6.5,0.0,38.6,889.9,67.8,18.5,758.4,45.1,1469,,GURDASPUR,
Punjab,Gurdaspur,IMD110-P1469,1923,97.4,97.6,19.2,10.6,50.0,17.1,218.8,519.1,36.7,19.4,0.8,47.7,1134.3,195.0,79.8,791.6,67.9,1469,,GURDASPUR,
Punjab,Gurdaspur,IMD110-P1469,1924,41.1,88.3,15.8,3.8,34.0,12.0,451.8,229.3,145.3,0.0,5.5,61.6,1088.6,129.4,53.7,838.5,67.1,1469,,GURDASPUR,
Punjab,Gurdaspur,IMD110-P1469,1925,56.5,9.6,8.2,25.4,38.3,166.8,386.6,241.6,17.4,22.3,43.7,0.0,1016.3,66.1,71.8,812.4,66.0,1469,,GURDASPUR,
Punjab,Gurdaspur,IMD110-P1469,1926,17.8,18.4,112.1,17.7,37.6,5.3,204.0,348.9,130.4,0.0,0.0,6.9,899.1,36.2,167.4,688.6,6.9,1469,,GURDASPUR,
Punjab,Gurdaspur,IMD110-P1469,1927,7.1,37.1,27.0,20.2,60.6,29.6,342.8,240.8,18.6,0.6,2.6,24.0,811.0,44.1,107.8,631.8,27.2,1469,,GURDASPUR,
Punjab,Gurdaspur,IMD110-P1469,1928,60.4,31.2,8.5,16.7,4.0,42.0,140.3,196.2,84.8,2.3,52.9,76.0,715.3,91.6,29.1,463.4,131.2,1469,,GURDASPUR,
Punjab,Gurdaspur,IMD110-P1469,1929,19.4,5.7,0.0,10.8,2.2,99.8,332.2,201.1,13.5,62.7,0.0,171.2,918.5,25.0,13.0,646.5,233.9,1469,,GURDASPUR,
Punjab,Gurdaspur,IMD110-P1469,1930,50.9,37.0,14.2,34.2,2.3,80.8,470.9,127.4,89.2,0.8,0.0,9.1,916.7,87.9,50.7,768.3,9.8,1469,,GURDASPUR,
Punjab,Gurdaspur,IMD110-P1469,1931,29.8,82.8,34.2,3.7,30.6,4.6,167.0,417.8,118.5,16.3,0.0,0.1,905.3,112.6,68.5,707.8,16.4,1469,,GURDASPUR,
Punjab,Gurdaspur,IMD110-P1469,1932,39.6,50.8,43.8,10.4,17.0,22.0,402.9,336.9,7.9,0.6,0.0,34.0,965.9,90.4,71.2,769.7,34.6,1469,,GURDASPUR,
Punjab,Gurdaspur,IMD110-P1469,1933,19.2,53.3,79.1,19.3,15.1,57.3,362.6,398.0,191.9,4.0,12.9,5.5,1218.0,72.5,113.4,1009.7,22.3,1469,,GURDASPUR,
Punjab,Gurdaspur,IMD110-P1469,1934,34.6,7.4,47.2,8.7,9.3,78.1,172.8,232.8,8.8,0.0,0.0,25.7,625.4,42.1,65.1,492.5,25.7,1470,,GURDASPUR,
Punjab,Gurdaspur,IMD110-P1469,1935,135.4,32.1,34.2,95.7,5.7,23.3,327.2,270.3,37.1,0.9,12.6,17.0,991.4,167.4,135.6,657.8,30.6,1470,,GURDASPUR,
Punjab,Gurdaspur,IMD110-P1469,1936,6.9,66.8,66.1,40.3,3.5,111.1,341.6,282.0,80.3,10.4,1.6,31.7,1042.1,73.7,109.8,815.0,43.6,1470,,GURDASPUR,
Punjab,Gurdaspur,IMD110-P1469,1937,12.3,143.6,28.8,22.2,15.8,81.0,303.7,100.8,57.6,23.6,0.1,49.3,838.8,155.9,66.7,543.1,73.0,1470,,GURDASPUR,
Punjab,Gurdaspur,IMD110-P1469,1938,116.1,67.0,2.5,14.0,5.4,196.2,256.2,232.3,1.9,16.1,0.0,2.5,910.2,183.1,22.0,686.6,18.5,1470,,GURDASPUR,
Punjab,Gurdaspur,IMD110-P1469,1939,16.5,127.4,91.4,22.6,1.0,81.0,166.9,96.7,120.3,4.6,0.0,0.0,728.4,143.9,115.0,464.9,4.6,1470,,GURDASPUR,
Punjab,Gurdaspur,IMD110-P1469,1940,55.5,47.8,37.1,1.4,7.9,102.0,301.0,314.1,65.1,0.0,0.8,6.7,939.4,103.3,46.4,782.1,7.5,1470,,GURDASPUR,
Punjab,Gurdaspur,IMD110-P1469,1941,65.2,7.1,18.3,1.1,18.4,99.9,220.4,223.5,81.6,7.1,0.0,28.7,771.3,72.3,37.8,625.5,35.8,1470,,GURDASPUR,
Punjab,Gurdaspur,IMD110-P1469,1942,33.7,101.0,30.6,25.2,25.2,36.4,456.0,580.0,128.0,4.9,0.0,71.2,1492.1,134.6,81.1,1200.3,76.1,1470,,GURDASPUR,
Punjab,Gurdaspur,IMD110-P1469,1943,110.9,4.1,16.1,9.8,18.9,41.9,223.3,374.4,88.9,0.0,0.0,0.2,888.6,115.0,44.8,728.6,0.2,1470,,GURDASPUR,
Punjab,Gurdaspur,IMD110-P1469,1944,75.5,130.6,65.6,58.8,4.0,34.3,485.5,185.6,124.4,4.0,8.2,44.9,1221.3,206.0,128.4,829.8,57.1,1470,,GURDASPUR,
Punjab,Gurdaspur,IMD110-P1469,1945,120.3,0.0,32.4,57.2,12.7,54.8,199.0,267.7,171.9,6.9,2.6,1.5,926.9,120.3,102.2,693.3,11.0,1470,,GURDASPUR,
Punjab,Gurdaspur,IMD110-P1469,1946,4.1,44.8,21.5,13.4,37.2,86.1,288.6,334.5,15.3,60.1,30.6,60.7,996.9,49.0,72.1,724.5,151.4,1470,,GURDASPUR,
Punjab,Gurdaspur,IMD110-P1469,1947,57.6,13.9,9.2,0.2,7.2,1.9,180.4,294.3,499.5,3.3,0.0,61.5,1129.0,71.5,16.6,976.1,64.8,1470,,GURDASPUR,
Punjab,Gurdaspur,IMD110-P1469,1948,25.4,84.2,129.4,13.8,2.7,20.3,354.2,348.3,76.7,0.0,0.0,30.5,1085.3,109.5,145.9,799.3,30.5,1470,,GURDASPUR,
Punjab,Gurdaspur,IMD110-P1469,1949,7.5,91.2,24.2,7.6,2.3,25.0,309.5,183.2,69.3,6.9,0.0,4.3,730.9,98.7,34.0,587.0,11.2,1470,,GURDASPUR,
Punjab,Gurdaspur,IMD110-P1469,1950,127.3,47.2,99.7,8.7,5.2,25.4,436.0,324.7,665.2,0.0,0.0,1.6,1741.0,174.5,113.5,1451.3,1.6,1470,,GURDASPUR,
Punjab,Gurdaspur,IMD110-P1469,1951,56.3,13.0,66.2,11.8,54.8,3.3,263.7,177.2,11.8,19.0,28.8,7.8,713.6,69.3,132.8,456.0,55.5,1470,,GURDASPUR,
Punjab,Gurdaspur,IMD110-P1469,1952,52.3,46.5,58.1,1.4,21.0,67.2,174.1,383.4,20.5,0.0,0.0,9.2,833.9,98.8,80.6,645.3,9.2,1470,,GURDASPUR,
Punjab,Gurdaspur,IMD110-P1469,1953,117.6,4.0,0.6,15.7,3.4,30.9,391.9,385.7,138.3,5.2,1.7,23.4,1118.4,121.6,19.7,946.9,30.3,1470,,GURDASPUR,
Punjab,Gurdaspur,IMD110-P1469,1954,134.9,157.1,15.8,0.4,4.6,21.9,317.5,114.7,333.2,15.8,0.0,0.3,1116.1,291.9,20.8,787.3,16.1,1470,,GURDASPUR,
Punjab,Gurdaspur,IMD110-P1469,1955,45.5,1.1,55.0,69.8,24.2,22.2,329.4,307.8,215.5,649.1,0.0,15.5,1735.1,46.6,149.0,874.8,664.6,1470,,GURDASPUR,
Punjab,Gurdaspur,IMD110-P1469,1956,46.0,24.6,103.2,26.0,5.4,146.0,494.3,544.8,50.3,212.1,0.8,11.1,1664.7,70.6,134.6,1235.4,224.0,1470,,GURDASPUR,
Punjab,Gurdaspur,IMD110-P1469,1957,193.1,25.8,52.5,19.7,25.3,18.9,307.9,472.2,91.4,43.5,21.1,52.5,1324.1,218.8,97.6,890.5,117.2,1470,,GURDASPUR,
Punjab,Gurdaspur,IMD110-P1469,1958,11.3,18.8,31.5,16.4,3.7,25.0,513.5,312.3,407.3,47.0,0.0,100.7,1487.5,30.1,51.7,1258.0,147.6,1470,,GURDASPUR,
Punjab,Gurdaspur,IMD110-P1469,1959,69.6,63.9,29.9,6.6,36.2,21.5,509.4,466.7,289.5,102.9,53.6,0.0,1649.7,133.5,72.7,1287.1,156.4,1470,,GURDASPUR,
Punjab,Gurdaspur,IMD110-P1469,1960,48.7,0.0,61.3,8.5,4.2,33.9,437.5,442.8,23.3,1.9,0.5,33.5,1096.0,48.7,73.9,937.5,35.8,1470,,GURDASPUR,
Punjab,Gurdaspur,IMD110-P1469,1961,101.9,64.0,15.4,35.4,12.1,66.9,446.7,506.9,289.3,18.5,19.6,26.9,1603.7,165.9,63.0,1309.8,65.0,1470,,GURDASPUR,
Punjab,Gurdaspur,IMD110-P1469,1962,56.0,56.2,58.9,9.8,9.7,49.7,238.5,296.1,219.1,0.6,30.7,20.3,1045.4,112.1,78.4,803.3,51.5,1470,,GURDASPUR,
Punjab,Gurdaspur,IMD110-P1469,1963,0.0,19.2,77.6,8.1,12.5,54.3,225.2,449.3,71.5,0.9,43.1,62.2,1023.7,19.2,98.1,800.3,106.1,1470,,GURDASPUR,
Punjab,Gurdaspur,IMD110-P1469,1964,49.3,5.2,14.4,19.8,12.2,38.8,331.6,256.5,175.4,0.0,0.0,58.2,961.3,54.5,46.3,802.3,58.2,1470,,GURDASPUR,
Punjab,Gurdaspur,IMD110-P1469,1965,61.8,68.0,49.2,76.8,81.8,4.2,249.3,111.2,12.4,22.1,11.6,1.5,749.9,129.7,207.9,377.1,35.2,1470,,GURDASPUR,
Punjab,Gurdaspur,IMD110-P1469,1966,0.0,66.7,39.2,14.7,42.9,160.4,312.8,187.3,245.5,14.4,0.0,11.9,1095.6,66.7,96.8,905.9,26.2,1470,,GURDASPUR,
Punjab,Gurdaspur,IMD110-P1469,1967,0.0,34.0,217.7,8.2,1.2,35.6,480.3,363.4,220.2,10.6,1.8,148.1,1520.9,34.0,227.0,1099.4,160.4,1470,,GURDASPUR,
Punjab,Gurdaspur,IMD110-P1469,1968,76.2,63.3,66.6,9.5,0.0,100.3,335.5,412.1,3.7,25.1,0.0,11.7,1104.0,139.5,76.1,851.6,36.8,1471,,GURDASPUR,
Punjab,Gurdaspur,IMD110-P1469,1969,47.3,33.1,46.6,41.4,24.1,4.8,207.1,417.4,65.0,9.3,0.0,0.0,896.0,80.4,112.0,694.3,9.3,1471,,GURDASPUR,
Punjab,Gurdaspur,IMD110-P1469,1970,73.0,29.7,8.0,0.5,12.9,147.9,184.5,378.5,223.0,13.9,0.0,0.0,1071.9,102.7,21.4,933.8,13.9,1471,,GURDASPUR,
Punjab,Gurdaspur,IMD110-P1469,1971,12.9,46.7,0.6,43.1,47.8,182.3,605.8,569.6,46.1,1.4,11.7,0.0,1568.0,59.6,91.5,1403.8,13.1,1471,,GURDASPUR,
Punjab,Gurdaspur,IMD110-P1469,1972,60.0,77.2,39.4,14.0,1.2,16.8,297.0,207.9,36.0,3.6,14.4,10.3,777.8,137.2,54.6,557.6,28.4,1471,,GURDASPUR,
Punjab,Gurdaspur,IMD110-P1469,1973,93.5,74.8,25.0,8.2,36.7,190.5,295.6,341.3,123.1,42.5,0.0,70.1,1301.5,168.4,69.9,950.6,112.7,1471,,GURDASPUR,
Punjab,Gurdaspur,IMD110-P1469,1974,11.0,6.5,12.1,8.1,10.5,48.2,350.3,280.2,35.0,0.0,0.0,57.6,819.2,17.5,30.6,713.6,57.6,1471,,GURDASPUR,
Punjab,Gurdaspur,IMD110-P1469,1975,105.8,66.9,66.1,1.1,10.7,58.0,570.5,410.7,196.0,0.0,0.0,0.0,1485.7,172.8,77.8,1235.2,0.0,1471,,GURDASPUR,
Punjab,Gurdaspur,IMD110-P1469,1976,29.3,77.1,69.2,38.3,25.7,93.7,387.2,531.8,143.2,23.8,0.0,0.8,1420.2,106.5,133.2,1155.9,24.7,1471,,GURDASPUR,
Punjab,Gurdaspur,IMD110-P1469,1977,99.5,0.0,1.2,57.1,40.7,93.8,469.3,404.7,62.3,4.5,3.0,71.1,1307.2,99.5,99.0,1030.1,78.7,1471,,GURDASPUR,
Punjab,Gurdaspur,IMD110-P1469,1978,11.4,35.7,118.4,4.8,2.0,166.3,332.9,390.9,82.1,5.7,22.3,3.8,1176.2,47.2,125.1,972.2,31.7,1471,,GURDASPUR,
Punjab,Gurdaspur,IMD110-P1469,1979,86.4,93.2,148.5,3.3,23.7,42.9,308.6,162.2,73.3,3.3,11.1,5.1,961.7,179.6,175.5,587.1,19.5,1471,,GURDASPUR,
Punjab,Gurdaspur,IMD110-P1469,1980,45.7,49.2,17.1,2.4,2.3,157.9,461.7,181.2,40.1,16.1,59.3,73.7,1106.8,94.9,21.9,840.9,149.1,1471,,GURDASPUR,
Punjab,Gurdaspur,IMD110-P1469,1981,122.6,41.2,113.9,7.6,26.7,63.0,379.5,141.9,38.7,2.1,44.7,0.0,981.8,163.8,148.1,623.1,46.8,1471,,GURDASPUR,
Punjab,Gurdaspur,IMD110-P1469,1982,51.9,66.0,194.5,69.3,45.3,17.6,201.8,407.1,7.3,28.6,12.5,49.6,1151.4,117.9,309.1,633.8,90.7,1471,,GURDASPUR,
Punjab,Gurdaspur,IMD110-P1469,1983,98.4,90.9,83.5,208.2,64.2,43.2,175.0,212.5,144.4,12.8,0.0,0.7,1134.0,189.3,356.0,575.1,13.5,1471,,GURDASPUR,
Punjab,Gurdaspur,IMD110-P1469,1984,8.0,94.6,44.1,11.5,2.2,94.2,346.0,323.1,127.2,1.0,0.1,30.4,1082.5,102.7,57.7,890.5,31.5,1471,,GURDASPUR,
Punjab,Gurdaspur,IMD110-P1469,1985,19.7,3.8,2.5,24.9,11.4,30.8,354.6,328.5,71.7,145.5,0.2,74.1,1067.8,23.5,38.8,785.6,219.9,1471,,GURDASPUR,
Punjab,Gurdaspur,IMD110-P1469,1986,0.7,55.6,30.7,27.4,25.0,62.9,287.8,258.9,35.5,4.8,42.5,34.2,866.1,56.4,83.2,645.0,81.5,1471,,GURDASPUR,
Punjab,Gurdaspur,IMD110-P1469,1987,34.2,76.2,41.6,34.3,114.0,27.2,120.8,171.6,52.9,53.2,0.0,4.8,730.7,110.3,189.9,372.5,58.0,1471,,GURDASPUR,
Punjab,Gurdaspur,IMD110-P1469,1988,18.0,15.0,116.0,5.2,1.0,47.5,546.1,251.7,536.4,0.0,0.4,44.6,1581.9,33.0,122.2,1381.7,45.0,1471,,GURDASPUR,
Punjab,Gurdaspur,IMD110-P1469,1989,70.2,8.5,45.4,8.3,19.5,49.9,234.3,97.9,29.6,1.0,12.4,38.3,615.5,78.8,73.2,411.8,51.7,1471,,GURDASPUR,
Punjab,Gurdaspur,IMD110-P1469,1990,9.5,118.4,84.1,14.9,7.8,32.3,288.1,373.4,170.0,4.4,0.4,89.5,1192.7,127.9,106.8,863.7,94.3,1471,,GURDASPUR,
Punjab,Gurdaspur,IMD110-P1469,1991,0.0,48.6,46.7,79.7,18.2,37.8,172.2,288.5,140.5,2.9,1.9,14.6,851.6,48.6,144.7,639.0,19.4,1471,,GURDASPUR,
Punjab,Gurdaspur,IMD110-P1469,1992,101.4,109.1,49.8,3.3,31.8,35.0,230.2,298.1,86.9,2.3,10.1,3.9,961.8,210.5,84.8,650.2,16.2,1471,,GURDASPUR,
Punjab,Gurdaspur,IMD110-P1469,1993,34.5,31.9,85.0,17.3,13.0,74.4,681.4,17.9,183.1,5.3,3.0,0.0,1146.9,66.4,115.3,956.8,8.3,1471,,GURDASPUR,
Punjab,Gurdaspur,IMD110-P1469,1994,94.6,51.1,6.2,21.2,38.1,37.1,531.1,402.8,88.6,4.5,0.0,22.4,1297.6,145.7,65.5,1059.6,26.8,1471,,GURDASPUR,
Punjab,Gurdaspur,IMD110-P1469,1995,45.3,114.5,25.4,22.1,15.3,39.1,336.6,697.7,139.5,0.0,4.5,0.7,1440.6,159.8,62.8,1212.9,5.2,1471,,GURDASPUR,
Punjab,Gurdaspur,IMD110-P1469,1996,34.7,60.3,31.2,7.9,1.4,187.4,213.0,426.7,57.6,18.6,0.0,0.1,1038.8,95.0,40.5,884.7,18.7,1471,,GURDASPUR,
Punjab,Gurdaspur,IMD110-P1469,1997,42.4,27.5,39.1,41.6,19.5,71.7,220.1,454.1,51.7,42.3,60.0,20.0,1090.1,69.9,100.2,797.7,122.3,1471,,GURDASPUR,
Punjab,Gurdaspur,IMD110-P1469,1998,9.0,128.8,55.1,77.1,4.1,18.6,322.5,204.8,75.9,63.6,0.0,0.4,959.9,137.8,136.2,621.8,64.0,1471,,GURDASPUR,
Punjab,Gurdaspur,IMD110-P1469,1999,106.1,6.4,5.4,0.0,28.9,65.9,247.3,276.4,80.7,0.0,1.2,0.0,818.2,112.5,34.3,670.3,1.2,1471,,GURDASPUR,
Punjab,Gurdaspur,IMD110-P1469,2000,49.0,74.4,17.2,0.3,36.9,106.9,314.6,179.0,131.9,0.0,8.7,0.0,919.0,123.5,54.5,732.4,8.7,1471,,GURDASPUR,
Punjab,Gurdaspur,IMD110-P1469,2001,11.0,10.9,6.8,28.4,65.4,207.3,480.8,120.1,38.9,1.1,17.3,21.8,1009.8,21.9,100.6,847.1,40.2,1471,,GURDASPUR,
Punjab,Gurdaspur,IMD110-P1469,2002,10.3,7.6,11.6,7.0,5.7,58.1,96.7,300.6,107.8,1.2,0.0,4.9,611.5,17.9,24.4,563.2,6.1,1472,,GURDASPUR,
Punjab,Gurdaspur,IMD110-P1469,2003,22.1,114.7,64.1,5.5,5.7,68.3,296.2,231.0,138.9,0.0,13.3,20.5,980.3,136.7,75.3,734.4,33.8,1472,,GURDASPUR,
Punjab,Gurdaspur,IMD110-P1469,2004,96.1,14.2,0.0,9.7,46.3,61.0,156.5,208.1,13.9,57.2,3.9,8.6,675.4,110.3,56.0,439.5,69.7,1472,,GURDASPUR,
Punjab,Gurdaspur,IMD110-P1469,2005,44.3,132.8,55.2,11.4,7.6,37.2,277.3,149.6,119.3,2.6,0.0,0.0,837.4,177.2,74.2,583.4,2.6,1472,,GURDASPUR,
Punjab,Gurdaspur,IMD110-P1469,2006,16.0,11.5,45.2,4.5,29.0,98.4,249.1,143.4,204.0,45.0,7.0,15.3,868.4,27.5,78.7,694.9,67.3,1472,,GURDASPUR,
Punjab,Gurdaspur,IMD110-P1469,2007,0.0,81.0,133.2,5.1,30.0,166.2,185.0,,48.5,0.2,5.0,,,81.0,168.3,,,1472,missing_months,GURDASPUR,
Punjab,Gurdaspur,IMD110-P1469,2008,31.6,17.0,0.0,37.8,14.9,194.5,111.2,442.5,16.9,22.1,1.5,2.6,892.5,48.6,52.7,765.1,26.2,1472,,GURDASPUR,
Punjab,Gurdaspur,IMD110-P1469,2009,23.7,11.3,22.0,35.2,9.0,11.0,231.1,116.0,61.3,0.0,0.0,0.0,520.5,34.9,66.2,419.4,0.0,1472,,GURDASPUR,
Punjab,Gurdaspur,IMD110-P1469,2010,,,2.0,0.0,5.0,,,,2.5,5.0,,7.3,,,7.0,,,1472,missing_months,GURDASPUR,
Punjab,Hoshiarpur,IMD110-P1473,1901,139.6,78.6,31.5,2.1,31.2,12.2,200.4,178.3,39.6,5.5,0.0,6.9,726.0,218.2,64.9,430.5,12.5,1473,,HOSHIARPUR,
Punjab,Hoshiarpur,IMD110-P1473,1902,0.0,1.6,13.5,17.4,45.8,56.2,159.6,127.0,129.9,16.3,0.0,0.0,567.5,1.6,76.7,472.8,16.3,1473,,HOSHIARPUR,
Punjab,Hoshiarpur,IMD110-P1473,1903,57.7,0.0,56.0,1.3,21.9,10.3,255.9,240.5,267.2,0.6,0.0,36.8,948.2,57.7,79.1,774.0,37.5,1473,,HOSHIARPUR,
Punjab,Hoshiarpur,IMD110-P1473,1904,33.8,6.2,105.0,5.4,18.2,7.6,126.2,176.1,90.1,11.3,18.2,43.8,641.8,40.0,128.6,400.0,73.3,1473,,HOSHIARPUR,
Punjab,Hoshiarpur,IMD110-P1473,1905,64.9,69.0,68.2,0.0,8.7,26.3,174.7,161.1,143.7,0.0,0.0,11.4,728.0,133.9,76.9,505.8,11.4,1473,,HOSHIARPUR,
Punjab,Hoshiarpur,IMD110-P1473,1906,6.0,95.6,46.6,3.7,5.6,46.6,247.7,495.3,316.0,0.0,0.0,68.8,1331.9,101.6,55.8,1105.6,68.8,1473,,HOSHIARPUR,
Punjab,Hoshiarpur,IMD110-P1473,1907,57.6,162.9,123.6,45.7,2.5,22.1,101.4,392.0,9.9,0.0,0.3,0.0,918.0,220.5,171.8,525.4,0.3,1473,,HOSHIARPUR,
Punjab,Hoshiarpur,IMD110-P1473,1908,59.5,23.9,0.0,52.8,19.6,17.1,277.8,424.0,65.6,0.0,2.9,4.9,948.0,83.4,72.3,784.5,7.7,1473,,HOSHIARPUR,
Punjab,Hoshiarpur,IMD110-P1473,1909,92.8,26.9,1.9,48.8,0.9,77.8,397.3,311.3,228.5,6.3,0.0,49.6,1241.9,119.7,51.6,1014.9,55.8,1473,,HOSHIARPUR,
Punjab,Hoshiarpur,IMD110-P1473,1910,43.5,2.9,1.4,4.9,1.8,204.2,252.3,338.4,131.0,14.0,0.0,8.7,1003.3,46.5,8.1,926.0,22.7,1473,,HOSHIARPUR,
Punjab,Hoshiarpur,IMD110-P1473,1911,171.3,6.5,192.9,9.1,0.0,117.2,33.1,260.6,49.9,15.0,43.0,0.0,898.8,177.8,202.0,460.9,58.1,1473,,HOSHIARPUR,
Punjab,Hoshiarpur,IMD110-P1473,1912,57.8,16.9,4.8,13.5,14.1,3.3,242.0,201.1,13.3,0.0,16.1,0.3,583.2,74.7,32.4,459.7,16.4,1473,,HOSHIARPUR,
Punjab,Hoshiarpur,IMD110-P1473,1913,0.4,60.7,53.8,1.8,80.9,129.5,99.9,207.1,17.6,4.3,11.4,18.2,685.7,61.1,136.5,454.2,33.9,1473,,HOSHIARPUR,
Punjab,Hoshiarpur,IMD110-P1473,1914,20.2,49.2,19.4,59.2,19.0,98.7,566.0,76.8,281.0,34.8,13.6,25.3,1263.1,69.4,97.6,1022.4,73.7,1473,,HOSHIARPUR,
Punjab,Hoshiarpur,IMD110-P1473,1915,53.9,98.5,92.8,12.8,2.7,28.9,128.3,180.9,119.4,15.2,0.0,2.3,735.8,152.4,108.3,457.5,17.6,1473,,HOSHIARPUR,
Punjab,Hoshiarpur,IMD110-P1473,1916,1.6,45.4,2.6,3.2,2.8,56.0,188.9,132.2,78.2,20.2,0.0,0.0,531.2,47.0,8.6,455.4,20.2,1473,,HOSHIARPUR,
Punjab,Hoshiarpur,IMD110-P1473,1917,5.1,2.7,13.4,94.9,30.4,68.4,386.8,268.4,406.0,136.8,0.0,10.0,1422.7,7.8,138.6,1129.4,146.8,1473,,HOSHIARPUR,
Punjab,Hoshiarpur,IMD110-P1473,1918,4.2,0.8,85.6,40.4,0.0,59.6,95.7,104.7,9.6,0.0,7.8,5.4,413.9,5.0,126.0,269.6,13.3,1473,,HOSHIARPUR,
Punjab,Hoshiarpur,IMD110-P1473,1919,97.3,13.3,12.7,6.9,14.1,9.4,247.1,144.5,33.4,0.0,6.3,43.3,628.4,110.6,33.7,434.4,49.7,1473,,HOSHIARPUR,
Punjab,Hoshiarpur,IMD110-P1473,1920,17.0,17.6,22.4,0.0,13.0,23.9,226.2,156.9,43.0,0.0,0.0,5.3,525.2,34.6,35.3,449.9,5.3,1473,,HOSHIARPUR,
Punjab,Hoshiarpur,IMD110-P1473,1921,20.6,7.0,0.0,0.5,0.8,17.8,190.9,233.5,73.5,18.7,0.0,29.1,592.3,27.6,1.3,515.6,47.8,1473,,HOSHIARPUR,
Punjab,Hoshiarpur,IMD110-P1473,1922,30.4,20.5,5.7,4.8,0.0,50.3,266.5,178.0,168.5,9.2,0.0,37.7,771.7,50.9,10.5,663.4,46.9,1473,,HOSHIARPUR,
Punjab,Hoshiarpur,IMD110-P1473,1923,54.5,84.9,15.7,10.1,67.9,5.1,235.7,381.3,8.8,5.8,1.0,68.6,939.4,139.4,93.7,630.9,75.4,1473,,HOSHIARPUR,
Punjab,Hoshiarpur,IMD110-P1473,1924,38.2,90.4,2.7,0.5,7.5,1.5,176.1,116.5,150.7,0.0,4.3,48.3,636.5,128.7,10.6,444.6,52.6,1473,,HOSHIARPUR,
Punjab,Hoshiarpur,IMD110-P1473,1925,34.2,1.8,1.3,10.6,24.0,116.9,401.7,241.9,31.0,7.3,20.4,0.0,891.1,36.0,36.0,791.5,27.6,1473,,HOSHIARPUR,
Punjab,Hoshiarpur,IMD110-P1473,1926,14.0,2.8,52.8,16.4,13.8,6.1,258.2,248.5,71.9,0.0,3.0,4.3,691.8,16.9,83.0,584.6,7.3,1473,,HOSHIARPUR,
Punjab,Hoshiarpur,IMD110-P1473,1927,2.6,54.5,19.1,6.9,26.3,34.6,295.1,184.9,12.7,16.2,0.9,20.1,674.1,57.1,52.3,527.4,37.2,1473,,HOSHIARPUR,
Punjab,Hoshiarpur,IMD110-P1473,1928,40.2,21.5,2.7,11.2,7.9,39.1,158.5,120.8,53.5,2.0,35.1,35.3,527.8,61.7,21.8,372.0,72.3,1473,,HOSHIARPUR,
Punjab,Hoshiarpur,IMD110-P1473,1929,17.4,1.1,0.0,2.4,0.0,55.9,273.2,88.6,9.7,33.1,0.0,102.7,584.0,18.5,2.4,427.4,135.7,1473,,HOSHIARPUR,
Punjab,Hoshiarpur,IMD110-P1473,1930,41.9,38.6,6.4,24.0,9.3,45.0,332.5,82.5,134.0,2.2,0.0,13.6,730.0,80.5,39.8,594.0,15.8,1473,,HOSHIARPUR,
Punjab,Hoshiarpur,IMD110-P1473,1931,26.2,46.1,36.3,0.0,37.5,2.8,149.8,307.0,81.2,22.0,0.0,0.2,709.0,72.3,73.7,540.8,22.2,1473,,HOSHIARPUR,
Punjab,Hoshiarpur,IMD110-P1473,1932,20.8,39.7,27.3,9.4,39.1,28.2,329.4,304.0,17.0,0.0,0.0,39.1,854.0,60.5,75.7,678.6,39.1,1473,,HOSHIARPUR,
Punjab,Hoshiarpur,IMD110-P1473,1933,11.4,29.0,40.7,3.4,21.9,119.8,193.1,355.9,217.1,12.7,1.4,1.6,1008.0,40.4,66.0,885.9,15.7,1473,,HOSHIARPUR,
Punjab,Hoshiarpur,IMD110-P1473,1934,32.7,6.5,37.1,2.6,3.8,27.6,156.7,167.6,16.7,0.3,0.0,30.6,482.0,39.1,43.5,368.6,30.8,1474,,HOSHIARPUR,
Punjab,Hoshiarpur,IMD110-P1473,1935,87.7,27.7,12.3,59.9,2.3,6.1,170.9,139.6,32.8,5.0,17.6,9.8,571.8,115.4,74.4,349.4,32.5,1474,,HOSHIARPUR,
Punjab,Hoshiarpur,IMD110-P1473,1936,1.1,78.0,40.3,25.0,14.3,167.9,293.9,219.4,44.6,14.3,0.7,43.8,943.2,79.1,79.6,725.7,58.7,1474,,HOSHIARPUR,
Punjab,Hoshiarpur,IMD110-P1473,1937,12.2,109.6,17.3,33.5,20.3,107.3,214.1,63.4,124.4,16.5,0.0,58.4,776.9,121.8,71.1,509.1,74.8,1474,,HOSHIARPUR,
Punjab,Hoshiarpur,IMD110-P1473,1938,91.7,44.1,1.5,16.5,10.6,141.9,159.2,151.3,5.1,3.4,0.0,0.7,625.9,135.8,28.6,457.4,4.1,1474,,HOSHIARPUR,
Punjab,Hoshiarpur,IMD110-P1473,1939,10.6,64.0,58.4,13.6,1.8,79.0,123.7,166.1,105.8,3.4,0.0,0.0,626.4,74.6,73.9,474.6,3.4,1474,,HOSHIARPUR,
Punjab,Hoshiarpur,IMD110-P1473,1940,31.6,55.4,23.6,0.3,3.0,61.3,290.0,329.9,39.8,0.0,0.0,0.0,835.0,87.0,26.9,721.0,0.0,1474,,HOSHIARPUR,
Punjab,Hoshiarpur,IMD110-P1473,1941,49.8,3.4,18.9,0.0,36.4,106.7,212.3,218.3,42.0,4.1,0.0,9.6,701.5,53.3,55.3,579.3,13.7,1474,,HOSHIARPUR,
Punjab,Hoshiarpur,IMD110-P1473,1942,33.4,131.5,21.4,35.8,15.6,48.0,423.0,294.8,129.2,2.8,0.0,54.7,1190.3,164.9,72.8,895.0,57.5,1474,,HOSHIARPUR,
Punjab,Hoshiarpur,IMD110-P1473,1943,84.1,0.0,8.2,1.6,21.8,33.3,145.2,210.3,95.5,0.0,0.0,0.0,599.9,84.1,31.5,484.3,0.0,1474,,HOSHIARPUR,
Punjab,Hoshiarpur,IMD110-P1473,1944,69.1,63.6,70.0,48.2,0.0,20.8,290.4,224.9,175.8,0.1,0.0,14.4,977.2,132.6,118.1,711.8,14.6,1474,,HOSHIARPUR,
Punjab,Hoshiarpur,IMD110-P1473,1945,118.3,0.0,14.9,16.7,9.1,55.7,284.0,154.5,359.2,8.6,0.0,1.3,1022.4,118.3,40.7,853.4,9.9,1474,,HOSHIARPUR,
Punjab,Hoshiarpur,IMD110-P1473,1946,11.4,31.2,9.7,2.3,34.3,90.2,301.1,226.7,8.5,37.3,13.8,44.8,811.2,42.5,46.4,626.5,95.9,1474,,HOSHIARPUR,
Punjab,Hoshiarpur,IMD110-P1473,1947,18.8,19.6,20.4,0.0,6.0,12.5,,245.2,423.6,0.0,0.0,49.8,,38.3,26.4,,49.8,1474,missing_months,HOSHIARPUR,
Punjab,Hoshiarpur,IMD110-P1473,1948,8.9,66.1,76.1,20.3,0.0,13.5,239.0,302.5,97.6,0.0,0.0,21.0,844.9,75.0,96.4,652.6,21.0,1474,,HOSHIARPUR,
Punjab,Hoshiarpur,IMD110-P1473,1949,9.6,105.4,5.8,9.1,1.7,23.4,283.4,71.4,46.1,1.6,0.0,2.2,559.6,115.0,16.6,424.3,3.7,1474,,HOSHIARPUR,
Punjab,Hoshiarpur,IMD110-P1473,1950,81.1,32.9,87.8,5.8,16.4,34.3,333.8,359.6,383.7,0.0,0.0,0.0,1335.5,114.0,110.0,1111.4,0.0,1474,,HOSHIARPUR,
Punjab,Hoshiarpur,IMD110-P1473,1951,40.9,1.6,56.6,14.0,16.6,1.1,260.4,187.6,16.1,0.0,20.6,1.7,617.2,42.5,87.2,465.1,22.4,1474,,HOSHIARPUR,
Punjab,Hoshiarpur,IMD110-P1473,1952,23.0,36.1,58.0,0.0,8.1,81.7,98.7,352.2,0.0,0.0,0.0,20.9,678.8,59.1,66.2,532.6,20.9,1474,,HOSHIARPUR,
Punjab,Hoshiarpur,IMD110-P1473,1953,30.2,1.4,0.0,13.5,0.0,43.4,360.4,150.4,44.9,0.0,0.0,21.1,665.4,31.6,13.5,599.1,21.1,1474,,HOSHIARPUR,
Punjab,Hoshiarpur,IMD110-P1473,1954,47.4,142.5,22.3,0.0,0.2,16.1,366.3,102.0,298.0,17.1,0.0,0.0,1011.9,189.9,22.5,782.4,17.1,1474,,HOSHIARPUR,
Punjab,Hoshiarpur,IMD110-P1473,1955,67.3,9.6,34.6,25.7,17.6,79.5,222.9,228.9,140.8,537.1,0.0,6.5,1370.4,76.9,77.8,672.1,543.6,1474,,HOSHIARPUR,
Punjab,Hoshiarpur,IMD110-P1473,1956,28.3,26.8,63.6,5.0,0.0,162.1,281.0,279.3,95.2,208.3,0.5,14.0,1164.0,55.1,68.7,817.6,222.7,1474,,HOSHIARPUR,
Punjab,Hoshiarpur,IMD110-P1473,1957,126.7,23.3,31.4,16.0,9.4,18.9,289.5,279.9,143.9,39.9,21.0,47.6,1047.5,149.9,56.9,732.2,108.5,1474,,HOSHIARPUR,
Punjab,Hoshiarpur,IMD110-P1473,1958,19.0,2.1,9.1,6.0,1.5,47.5,268.9,183.8,317.3,48.7,0.0,52.3,956.2,21.1,16.5,817.6,100.9,1474,,HOSHIARPUR,
Punjab,Hoshiarpur,IMD110-P1473,1959,51.3,50.3,6.3,11.6,43.3,36.1,232.6,294.1,252.9,97.0,30.7,0.0,1106.2,101.6,61.2,815.7,127.6,1474,,HOSHIARPUR,
Punjab,Hoshiarpur,IMD110-P1473,1960,30.9,0.0,63.2,3.3,4.0,18.9,373.8,312.6,2.1,0.0,0.0,20.8,829.7,30.9,70.5,707.5,20.8,1474,,HOSHIARPUR,
Punjab,Hoshiarpur,IMD110-P1473,1961,41.3,40.5,5.5,19.0,3.3,46.0,336.9,185.6,185.9,28.7,3.5,15.7,911.9,81.9,27.8,754.4,47.9,1474,,HOSHIARPUR,
Punjab,Hoshiarpur,IMD110-P1473,1962,55.1,13.7,85.0,1.5,9.1,62.1,246.8,137.2,325.8,1.9,26.4,2.7,967.1,68.8,95.6,771.8,30.9,1474,,HOSHIARPUR,
Punjab,Hoshiarpur,IMD110-P1473,1963,0.0,14.6,52.1,0.1,4.1,79.9,182.5,173.1,38.1,0.0,27.2,7.0,578.7,14.6,56.2,473.6,34.2,1474,,HOSHIARPUR,
Punjab,Hoshiarpur,IMD110-P1473,1964,32.8,2.8,2.3,12.1,34.7,15.4,326.4,274.7,114.7,0.0,0.0,18.2,833.9,35.5,49.0,731.2,18.2,1474,,HOSHIARPUR,
Punjab,Hoshiarpur,IMD110-P1473,1965,26.2,32.1,41.4,28.5,40.6,0.0,144.2,136.4,0.0,27.3,8.2,1.0,486.0,58.3,110.4,280.7,36.6,1474,,HOSHIARPUR,
Punjab,Hoshiarpur,IMD110-P1473,1966,0.0,39.9,12.5,0.6,30.9,252.2,221.3,192.4,134.3,11.4,0.0,5.0,900.4,39.9,43.9,800.3,16.4,1474,,HOSHIARPUR,
Punjab,Hoshiarpur,IMD110-P1473,1967,0.0,18.3,102.5,0.4,0.0,41.4,271.2,237.5,80.3,21.3,2.1,114.6,889.5,18.3,102.8,630.4,138.0,1474,,HOSHIARPUR,
Punjab,Hoshiarpur,IMD110-P1473,1968,35.5,53.0,37.7,1.0,1.3,67.7,353.4,220.4,0.0,22.2,0.0,11.9,804.1,88.5,40.1,641.5,34.1,1475,,HOSHIARPUR,
Punjab,Hoshiarpur,IMD110-P1473,1969,11.8,25.2,36.1,15.0,7.6,7.0,259.3,208.8,116.5,9.7,0.0,0.0,697.0,37.0,58.7,591.6,9.7,1475,,HOSHIARPUR,
Punjab,Hoshiarpur,IMD110-P1473,1970,60.1,6.2,8.8,1.9,14.9,209.2,161.0,363.0,188.1,8.4,0.0,0.0,1021.5,66.3,25.6,921.2,8.4,1475,,HOSHIARPUR,
Punjab,Hoshiarpur,IMD110-P1473,1973,,,4.1,,23.2,,221.8,267.1,,,0.0,48.7,,,,,,1475,missing_months,HOSHIARPUR,
Punjab,Hoshiarpur,IMD110-P1473,1974,10.7,0.0,2.0,0.0,19.8,85.4,184.2,158.0,18.2,0.0,0.0,27.3,505.6,10.7,21.8,445.7,27.3,1475,,HOSHIARPUR,
Punjab,Hoshiarpur,IMD110-P1473,1975,31.9,43.1,34.5,0.0,0.5,109.1,350.5,240.5,360.3,0.0,0.0,0.0,1170.3,75.0,35.0,1060.3,0.0,1475,,HOSHIARPUR,
Punjab,Hoshiarpur,IMD110-P1473,1976,55.7,174.3,58.6,13.4,26.0,135.8,387.5,181.5,97.8,8.0,0.0,1.3,1139.8,230.0,98.0,802.6,9.3,1475,,HOSHIARPUR,
Punjab,Hoshiarpur,IMD110-P1473,1977,50.2,1.3,1.3,23.5,70.1,61.5,297.3,329.5,64.1,7.7,,36.9,,51.5,94.9,752.2,,1475,missing_months,HOSHIARPUR,
Punjab,Hoshiarpur,IMD110-P1473,1978,3.3,27.2,76.0,6.9,1.3,215.6,179.5,379.2,51.1,5.6,19.2,3.0,967.9,30.5,84.2,825.4,27.8,1475,,HOSHIARPUR,
Punjab,Hoshiarpur,IMD110-P1473,1979,46.9,,79.6,17.9,26.4,44.0,201.6,55.7,,0.5,7.1,6.9,,,124.0,,14.6,1475,missing_months,HOSHIARPUR,
Punjab,Hoshiarpur,IMD110-P1473,1980,,37.1,30.1,4.9,0.9,,439.6,180.7,19.8,7.5,36.1,78.1,,,35.9,,121.6,1475,missing_months,HOSHIARPUR,
Punjab,Hoshiarpur,IMD110-P1473,1981,81.3,23.3,76.6,7.4,24.5,85.2,284.5,92.5,73.5,0.0,58.3,0.0,807.0,104.6,108.4,535.7,58.3,1475,,HOSHIARPUR,
Punjab,Hoshiarpur,IMD110-P1473,1982,64.1,35.2,105.5,80.8,45.2,26.3,200.3,294.5,5.0,10.8,15.1,48.2,931.0,99.3,231.5,526.1,74.1,1475,,HOSHIARPUR,
Punjab,Hoshiarpur,IMD110-P1473,1983,92.3,59.9,69.3,100.2,115.0,45.0,150.9,228.5,62.0,30.8,0.0,0.3,954.2,152.2,284.5,486.4,31.2,1475,,HOSHIARPUR,
Punjab,Hoshiarpur,IMD110-P1473,1984,6.3,121.6,17.3,20.1,0.0,129.2,215.9,209.6,119.7,0.0,1.1,3.3,844.0,127.9,37.4,674.4,4.3,1475,,HOSHIARPUR,
Punjab,Hoshiarpur,IMD110-P1473,1985,13.8,2.6,2.8,12.9,20.9,36.8,443.5,350.3,51.0,61.7,1.4,26.3,1023.8,16.4,36.5,881.6,89.4,1475,,HOSHIARPUR,
Punjab,Hoshiarpur,IMD110-P1473,1986,0.0,32.8,38.8,23.8,48.3,114.8,171.9,383.9,46.7,37.6,32.1,6.4,937.0,32.8,110.8,717.3,76.1,1475,,HOSHIARPUR,
Punjab,Hoshiarpur,IMD110-P1473,1987,48.5,38.0,28.6,24.8,133.3,33.5,74.5,154.2,33.6,39.8,0.0,6.6,615.5,86.5,186.8,295.9,46.4,1475,,HOSHIARPUR,
Punjab,Hoshiarpur,IMD110-P1473,1988,7.4,,58.0,5.8,10.3,63.9,618.5,360.0,722.8,0.0,0.0,46.5,,,74.2,1765.2,46.5,1475,missing_months,HOSHIARPUR,
Punjab,Hoshiarpur,IMD110-P1473,1989,54.6,5.1,34.9,2.0,14.9,93.9,309.3,262.1,30.5,0.0,18.3,30.2,855.9,59.8,51.8,695.9,48.5,1475,,HOSHIARPUR,
Punjab,Hoshiarpur,IMD110-P1473,1990,4.1,95.1,63.5,7.2,21.0,9.2,281.4,222.6,272.0,2.5,0.0,70.5,1049.0,99.2,91.7,785.2,73.0,1475,,HOSHIARPUR,
Punjab,Hoshiarpur,IMD110-P1473,1991,,63.4,43.6,22.8,5.3,83.5,201.4,303.4,130.0,0.0,0.0,59.7,,,71.8,718.3,59.7,1475,missing_months,HOSHIARPUR,
Punjab,Hoshiarpur,IMD110-P1473,1992,51.8,61.5,28.5,3.3,17.6,83.3,226.6,178.9,66.6,0.0,23.4,0.0,741.7,113.3,49.5,555.5,23.4,1475,,HOSHIARPUR,
Punjab,Hoshiarpur,IMD110-P1473,1993,27.1,12.5,82.6,27.2,2.3,19.1,615.5,57.6,159.2,0.0,18.7,0.0,1021.8,39.6,112.1,851.4,18.7,1475,,HOSHIARPUR,
Punjab,Hoshiarpur,IMD110-P1473,1994,78.4,47.8,6.3,18.4,16.1,67.0,365.6,319.0,121.2,0.0,0.0,19.6,1059.4,126.2,40.8,872.7,19.6,1475,,HOSHIARPUR,
Punjab,Hoshiarpur,IMD110-P1473,1995,47.7,124.9,26.0,10.7,0.0,30.3,236.9,767.5,294.2,0.0,1.0,0.0,1539.2,172.6,36.7,1328.8,1.0,1475,,HOSHIARPUR,
Punjab,Hoshiarpur,IMD110-P1473,1996,,58.0,29.8,1.0,9.5,172.5,253.9,255.5,88.9,8.3,0.0,1.0,,,40.3,770.9,9.3,1475,missing_months,HOSHIARPUR,
Punjab,Hoshiarpur,IMD110-P1473,1997,19.1,6.5,7.5,35.0,15.7,57.3,214.5,321.2,100.7,12.4,57.5,42.2,889.5,25.6,58.2,693.7,112.0,1475,,HOSHIARPUR,
Punjab,Hoshiarpur,IMD110-P1473,1998,0.8,88.9,88.5,77.8,3.1,57.4,254.8,319.3,208.2,85.4,0.0,0.0,1184.3,89.7,169.4,839.8,85.4,1475,,HOSHIARPUR,
Punjab,Hoshiarpur,IMD110-P1473,1999,72.5,,3.1,0.0,38.1,34.2,213.1,212.5,53.0,0.0,0.0,0.0,,,41.2,512.9,0.0,1475,missing_months,HOSHIARPUR,
Punjab,Hoshiarpur,IMD110-P1473,2000,58.6,57.8,6.3,1.3,29.3,70.8,209.7,139.5,80.5,0.0,0.0,0.0,653.8,116.3,36.9,500.6,0.0,1475,,HOSHIARPUR,
Punjab,Hoshiarpur,IMD110-P1473,2001,0.0,,15.0,46.7,86.4,76.5,333.8,140.6,43.6,0.0,0.0,9.1,,,148.1,594.6,9.1,1475,missing_months,HOSHIARPUR,
Punjab,Hoshiarpur,IMD110-P1473,2002,6.3,5.7,3.5,16.6,40.2,43.9,62.7,89.3,121.0,15.7,0.0,0.0,404.9,12.1,60.3,316.8,15.7,1475,,HOSHIARPUR,
Punjab,Hoshiarpur,IMD110-P1473,2003,8.7,63.3,45.6,10.5,2.5,57.3,160.7,244.9,126.7,0.0,1.3,7.5,728.8,71.9,58.5,589.5,8.8,1475,,HOSHIARPUR,
Punjab,Hoshiarpur,IMD110-P1473,2004,50.7,13.5,0.0,,39.0,79.1,115.0,133.0,5.5,65.6,1.3,7.5,,64.2,,332.6,74.4,1476,missing_months,HOSHIARPUR,
Punjab,Hoshiarpur,IMD110-P1473,2005,42.0,63.1,30.3,6.8,12.4,31.6,271.3,89.7,133.9,0.0,0.0,,,105.1,49.5,526.5,,1476,missing_months,HOSHIARPUR,
Punjab,Hoshiarpur,IMD110-P1473,2006,,,,,,,,,,,,8.3,,,,,,1476,missing_months,HOSHIARPUR,
Punjab,Hoshiarpur,IMD110-P1473,2007,1.0,73.6,66.8,8.0,15.1,33.0,146.7,,,0.0,,,,74.6,89.9,,,1476,missing_months,HOSHIARPUR,
Punjab,Hoshiarpur,IMD110-P1473,2008,18.7,3.0,0.0,,24.4,183.7,,,52.3,28.0,0.0,0.3,,21.7,,,28.3,1476,missing_months,HOSHIARPUR,
Punjab,Hoshiarpur,IMD110-P1473,2009,10.3,26.5,13.4,22.8,7.3,9.3,316.1,182.7,,5.7,19.7,1.7,,36.8,43.6,,27.0,1476,missing_months,HOSHIARPUR,
Punjab,Hoshiarpur,IMD110-P1473,2010,1.0,36.4,1.5,0.0,15.0,43.5,247.0,146.2,,32.0,,35.3,,37.4,16.5,,,1476,missing_months,HOSHIARPUR,
Punjab,Jullundar,IMD110-P1477,1901,73.6,52.8,18.8,3.4,43.5,21.1,161.9,242.4,4.2,0.0,0.0,6.4,628.1,126.3,65.7,429.7,6.4,1477,,JULLUNDAR,
Punjab,Jullundar,IMD110-P1477,1902,0.0,3.8,12.8,16.2,37.1,32.4,161.4,96.1,115.8,2.4,0.0,0.0,478.0,3.8,66.1,405.7,2.4,1477,,JULLUNDAR,
Punjab,Jullundar,IMD110-P1477,1903,49.4,0.0,53.2,0.2,11.3,4.3,187.7,136.2,114.3,5.1,0.0,9.7,571.4,49.4,64.6,442.5,14.8,1477,,JULLUNDAR,
Punjab,Jullundar,IMD110-P1477,1904,22.4,2.6,113.3,0.6,19.5,12.1,20.3,171.1,126.4,20.4,6.7,47.5,563.0,25.1,133.5,329.9,74.6,1477,,JULLUNDAR,
Punjab,Jullundar,IMD110-P1477,1905,45.7,51.1,23.4,0.0,0.0,6.7,70.1,28.4,73.2,1.7,0.0,9.3,309.4,96.8,23.4,178.3,11.0,1477,,JULLUNDAR,
Punjab,Jullundar,IMD110-P1477,1906,2.6,78.6,49.3,1.9,1.4,24.7,106.2,180.3,175.7,0.0,0.0,40.2,660.9,81.2,52.6,486.9,40.2,1477,,JULLUNDAR,
Punjab,Jullundar,IMD110-P1477,1907,33.4,149.0,65.2,70.5,5.8,16.1,71.6,274.9,10.8,0.0,0.0,0.0,697.4,182.5,141.5,373.4,0.0,1477,,JULLUNDAR,
Punjab,Jullundar,IMD110-P1477,1908,63.1,10.0,0.0,47.5,11.1,16.2,129.4,395.8,13.1,0.0,2.4,0.8,689.2,73.1,58.5,554.4,3.1,1477,,JULLUNDAR,
Punjab,Jullundar,IMD110-P1477,1909,24.9,16.6,0.0,45.9,0.0,46.3,303.7,154.7,205.9,3.8,0.0,38.6,840.5,41.5,45.9,710.7,42.4,1477,,JULLUNDAR,
Punjab,Jullundar,IMD110-P1477,1910,24.4,0.8,0.3,1.0,1.2,125.3,177.9,203.2,80.1,17.2,0.0,8.2,639.5,25.2,2.5,586.4,25.3,1477,,JULLUNDAR,
Punjab,Jullundar,IMD110-P1477,1911,131.9,6.9,88.0,2.0,0.4,89.3,22.4,92.4,19.1,10.6,52.3,0.0,515.2,138.8,90.4,223.2,62.8,1477,,JULLUNDAR,
Punjab,Jullundar,IMD110-P1477,1912,44.3,7.3,7.4,22.2,12.6,2.8,258.4,196.9,30.9,0.0,15.6,2.6,601.0,51.7,42.1,489.0,18.2,1477,,JULLUNDAR,
Punjab,Jullundar,IMD110-P1477,1913,0.0,50.1,56.0,1.2,46.9,69.0,104.1,166.8,15.8,10.1,17.0,29.1,566.0,50.1,104.1,355.7,56.2,1477,,JULLUNDAR,
Punjab,Jullundar,IMD110-P1477,1914,9.6,31.2,8.5,67.1,21.8,35.6,297.8,53.9,292.5,62.7,5.0,6.6,892.3,40.8,97.5,679.8,74.3,1477,,JULLUNDAR,
Punjab,Jullundar,IMD110-P1477,1915,48.0,83.4,55.5,1.9,8.9,11.9,29.6,59.0,71.2,13.5,0.0,1.4,384.5,131.4,66.4,171.8,15.0,1477,,JULLUNDAR,
Punjab,Jullundar,IMD110-P1477,1916,2.3,35.2,2.0,4.3,0.0,22.6,243.6,178.5,106.9,8.1,0.0,0.0,603.4,37.5,6.2,551.5,8.1,1477,,JULLUNDAR,
Punjab,Jullundar,IMD110-P1477,1917,5.4,0.5,6.1,70.3,15.6,94.2,201.9,281.2,344.2,155.0,0.0,4.1,1178.6,5.9,92.0,921.5,159.1,1477,,JULLUNDAR,
Punjab,Jullundar,IMD110-P1477,1918,3.8,0.0,94.1,73.8,0.0,31.9,55.5,135.8,10.8,0.0,3.3,5.3,414.3,3.8,167.9,234.0,8.6,1477,,JULLUNDAR,
Punjab,Jullundar,IMD110-P1477,1919,110.7,6.2,14.8,4.7,11.9,1.4,275.2,121.6,52.9,0.0,1.8,46.0,647.2,116.9,31.3,451.2,47.8,1477,,JULLUNDAR,
Punjab,Jullundar,IMD110-P1477,1920,37.0,28.2,27.1,2.1,39.7,18.1,171.3,86.5,19.4,0.0,0.0,0.0,429.3,65.2,69.0,295.2,0.0,1477,,JULLUNDAR,
Punjab,Jullundar,IMD110-P1477,1921,14.6,1.3,0.0,0.0,2.2,13.0,95.7,165.6,41.2,29.3,0.0,18.4,381.3,15.9,2.2,315.5,47.7,1477,,JULLUNDAR,
Punjab,Jullundar,IMD110-P1477,1922,27.8,12.9,0.7,4.6,0.0,29.6,128.1,81.8,112.6,1.5,0.0,45.0,444.6,40.7,5.3,352.1,46.5,1477,,JULLUNDAR,
Punjab,Jullundar,IMD110-P1477,1923,37.5,68.0,4.4,9.5,58.0,11.0,263.3,317.6,5.6,0.3,0.7,41.4,817.1,105.4,71.9,597.5,42.4,1477,,JULLUNDAR,
Punjab,Jullundar,IMD110-P1477,1924,35.9,93.6,0.9,0.0,13.2,3.1,151.8,59.9,150.9,0.0,1.1,31.7,542.2,129.5,14.1,365.8,32.8,1477,,JULLUNDAR,
Punjab,Jullundar,IMD110-P1477,1925,17.9,4.1,0.0,3.6,28.4,51.5,458.0,100.5,3.7,6.9,3.4,0.0,678.0,22.0,32.0,613.7,10.3,1477,,JULLUNDAR,
Punjab,Jullundar,IMD110-P1477,1926,13.7,13.2,67.0,10.6,39.6,7.5,190.4,283.6,39.9,0.0,0.6,6.9,672.9,26.9,117.1,521.4,7.5,1477,,JULLUNDAR,
Punjab,Jullundar,IMD110-P1477,1927,0.0,70.4,11.5,4.5,6.7,18.6,228.5,56.6,27.7,5.9,7.3,38.2,475.8,70.4,22.7,331.3,51.4,1477,,JULLUNDAR,
Punjab,Jullundar,IMD110-P1477,1928,38.3,43.6,5.0,5.3,1.7,25.8,69.5,86.4,47.4,0.0,19.0,43.3,385.3,81.9,12.1,229.1,62.3,1477,,JULLUNDAR,
Punjab,Jullundar,IMD110-P1477,1929,9.9,0.8,0.0,17.4,0.0,55.9,211.0,76.0,17.4,16.8,0.0,47.8,453.1,10.7,17.4,360.4,64.6,1477,,JULLUNDAR,
Punjab,Jullundar,IMD110-P1477,1930,28.2,27.8,6.0,14.8,0.4,78.8,246.0,68.7,223.1,0.0,0.0,18.0,712.0,55.9,21.3,616.7,18.0,1477,,JULLUNDAR,
Punjab,Jullundar,IMD110-P1477,1931,27.8,20.5,15.0,3.0,16.5,1.4,185.3,264.7,45.3,23.1,0.0,0.2,602.7,48.3,34.4,496.7,23.3,1477,,JULLUNDAR,
Punjab,Jullundar,IMD110-P1477,1932,11.3,14.6,10.3,0.0,23.1,17.5,249.4,169.4,34.9,0.0,0.0,50.2,580.7,25.9,33.5,471.1,50.2,1477,,JULLUNDAR,
Punjab,Jullundar,IMD110-P1477,1933,9.0,21.5,32.2,2.0,18.9,55.7,135.5,395.6,182.6,20.5,3.8,0.0,877.3,30.6,53.2,769.3,24.3,1477,,JULLUNDAR,
Punjab,Jullundar,IMD110-P1477,1934,24.5,3.3,41.4,3.2,4.0,73.1,191.4,102.0,24.8,0.0,0.0,10.8,478.5,27.8,48.6,391.3,10.8,1478,,JULLUNDAR,
Punjab,Jullundar,IMD110-P1477,1935,87.5,30.0,8.2,53.8,3.9,6.8,235.8,205.8,45.5,6.6,23.9,15.4,723.2,117.5,65.9,493.9,46.0,1478,,JULLUNDAR,
Punjab,Jullundar,IMD110-P1477,1936,1.3,125.3,13.2,10.7,10.2,89.0,153.2,149.7,53.2,10.7,0.0,30.3,646.8,126.6,34.1,445.1,41.0,1478,,JULLUNDAR,
Punjab,Jullundar,IMD110-P1477,1937,6.3,99.4,11.8,35.2,2.1,104.6,179.5,49.1,48.6,9.0,0.0,35.7,581.1,105.6,49.1,381.7,44.7,1478,,JULLUNDAR,
Punjab,Jullundar,IMD110-P1477,1938,70.8,20.8,3.5,16.5,2.5,159.2,101.7,70.0,5.4,2.5,0.0,2.1,454.9,91.6,22.4,336.3,4.6,1478,,JULLUNDAR,
Punjab,Jullundar,IMD110-P1477,1939,5.0,48.9,67.6,5.2,2.1,72.0,73.4,82.3,46.0,0.0,0.0,0.0,402.5,53.9,74.9,273.7,0.0,1478,,JULLUNDAR,
Punjab,Jullundar,IMD110-P1477,1940,30.2,62.2,12.1,0.0,1.9,81.0,138.9,246.8,27.7,0.0,0.0,0.0,601.0,92.4,14.1,494.5,0.0,1478,,JULLUNDAR,
Punjab,Jullundar,IMD110-P1477,1941,62.1,7.5,18.2,0.9,6.5,97.3,94.1,145.9,35.2,2.4,0.0,7.5,477.8,69.7,25.7,372.5,9.9,1478,,JULLUNDAR,
Punjab,Jullundar,IMD110-P1477,1942,12.8,81.2,17.7,34.4,23.9,56.6,179.6,174.1,116.2,0.0,0.0,54.2,750.6,94.0,76.0,526.4,54.2,1478,,JULLUNDAR,
Punjab,Jullundar,IMD110-P1477,1943,59.8,2.6,12.6,6.6,7.5,37.0,223.8,112.8,9.8,0.0,0.0,0.0,472.5,62.4,26.8,383.3,0.0,1478,,JULLUNDAR,
Punjab,Jullundar,IMD110-P1477,1944,40.4,59.3,46.2,61.6,0.0,17.0,221.7,179.5,100.9,1.4,0.5,0.5,729.0,99.7,107.8,519.1,2.4,1478,,JULLUNDAR,
Punjab,Jullundar,IMD110-P1477,1945,65.1,0.0,13.5,3.1,1.0,18.8,144.7,86.4,464.7,15.4,0.0,0.0,812.9,65.1,17.6,714.7,15.4,1478,,JULLUNDAR,
Punjab,Jullundar,IMD110-P1477,1946,0.6,16.9,7.3,4.7,18.9,64.1,125.7,157.8,5.4,49.4,11.7,87.1,549.7,17.5,31.0,353.0,148.2,1478,,JULLUNDAR,
Punjab,Jullundar,IMD110-P1477,1947,22.9,12.7,5.9,0.0,8.3,0.0,,218.4,346.1,0.0,0.0,36.0,,35.6,14.2,,36.0,1478,missing_months,JULLUNDAR,
Punjab,Jullundar,IMD110-P1477,1948,15.6,81.5,63.6,4.3,3.5,14.6,213.3,154.4,66.1,0.0,0.0,29.8,646.8,97.2,71.4,448.5,29.8,1478,,JULLUNDAR,
Punjab,Jullundar,IMD110-P1477,1949,7.1,54.9,3.2,4.6,11.9,22.5,237.9,51.5,45.6,0.1,0.0,3.7,442.8,62.0,19.6,357.5,3.8,1478,,JULLUNDAR,
Punjab,Jullundar,IMD110-P1477,1950,46.3,23.8,50.5,0.0,2.5,5.3,220.1,268.6,473.5,0.0,0.0,0.0,1090.7,70.2,53.1,967.5,0.0,1478,,JULLUNDAR,
Punjab,Jullundar,IMD110-P1477,1951,23.6,3.3,90.1,12.2,19.0,0.0,208.7,90.9,5.8,0.0,16.4,0.3,470.2,26.8,121.3,305.3,16.7,1478,,JULLUNDAR,
Punjab,Jullundar,IMD110-P1477,1952,18.1,29.3,47.2,2.3,18.9,79.9,140.7,455.9,0.0,0.0,0.0,4.6,796.8,47.4,68.3,676.5,4.6,1478,,JULLUNDAR,
Punjab,Jullundar,IMD110-P1477,1953,43.4,2.7,0.0,10.2,1.4,31.8,380.2,148.2,42.6,0.0,0.0,10.9,671.4,46.1,11.6,602.8,10.9,1478,,JULLUNDAR,
Punjab,Jullundar,IMD110-P1477,1954,21.8,118.9,41.2,0.0,1.3,10.9,148.2,45.4,282.2,24.6,0.0,0.0,694.6,140.7,42.6,486.8,24.6,1478,,JULLUNDAR,
Punjab,Jullundar,IMD110-P1477,1955,40.5,0.8,36.2,9.4,7.5,61.6,123.8,119.6,150.0,426.3,0.0,0.5,976.2,41.3,53.1,455.0,426.8,1478,,JULLUNDAR,
Punjab,Jullundar,IMD110-P1477,1956,12.3,7.8,46.0,7.4,0.0,65.6,191.9,208.3,50.1,222.4,0.0,42.8,854.6,20.0,53.4,515.9,265.2,1478,,JULLUNDAR,
Punjab,Jullundar,IMD110-P1477,1957,110.7,0.7,33.3,6.8,12.3,20.4,272.8,190.3,58.6,20.1,19.2,53.4,798.5,111.3,52.4,542.0,92.7,1478,,JULLUNDAR,
Punjab,Jullundar,IMD110-P1477,1958,25.3,10.0,14.3,0.9,0.0,23.1,179.0,89.6,364.4,108.6,0.0,52.4,867.6,35.3,15.2,656.1,161.0,1478,,JULLUNDAR,
Punjab,Jullundar,IMD110-P1477,1959,29.4,48.4,5.6,0.6,58.8,50.2,145.9,190.8,165.8,43.6,23.0,0.0,761.9,77.8,64.9,552.7,66.5,1478,,JULLUNDAR,
Punjab,Jullundar,IMD110-P1477,1960,19.8,0.0,23.5,2.1,7.9,20.4,288.4,254.0,4.5,0.0,0.0,27.0,647.5,19.8,33.5,567.3,27.0,1478,,JULLUNDAR,
Punjab,Jullundar,IMD110-P1477,1961,84.6,21.9,2.8,7.5,2.3,31.5,154.7,169.0,69.1,11.5,5.9,2.7,563.7,106.6,12.6,424.4,20.1,1478,,JULLUNDAR,
Punjab,Jullundar,IMD110-P1477,1962,62.9,8.1,40.1,5.3,3.7,42.6,292.2,201.5,366.9,1.5,22.5,2.2,1049.5,71.0,49.0,903.2,26.3,1478,,JULLUNDAR,
Punjab,Jullundar,IMD110-P1477,1963,0.2,24.7,40.5,5.7,12.3,49.4,174.9,199.4,34.8,0.0,6.9,13.0,561.9,24.9,58.5,458.6,19.9,1478,,JULLUNDAR,
Punjab,Jullundar,IMD110-P1477,1964,14.6,4.3,3.5,8.5,37.2,3.1,390.1,279.8,122.1,0.0,0.0,7.0,870.3,18.9,49.3,795.2,7.0,1478,,JULLUNDAR,
Punjab,Jullundar,IMD110-P1477,1965,16.3,28.6,27.6,42.2,47.0,2.4,233.5,123.4,0.0,18.7,9.9,1.2,550.9,45.0,116.7,359.3,29.8,1478,,JULLUNDAR,
Punjab,Jullundar,IMD110-P1477,1966,0.0,43.8,24.2,4.6,30.0,196.3,186.3,296.9,176.4,17.0,0.0,3.1,978.6,43.8,58.8,855.9,20.1,1478,,JULLUNDAR,
Punjab,Jullundar,IMD110-P1477,1967,0.0,16.5,83.0,0.7,0.9,15.5,238.4,246.4,31.4,18.0,0.3,79.5,730.4,16.5,84.6,531.6,97.8,1478,,JULLUNDAR,
Punjab,Jullundar,IMD110-P1477,1968,24.0,40.6,25.3,1.1,0.0,21.6,304.1,167.5,0.0,13.4,11.1,6.2,615.0,64.6,26.4,493.3,30.8,1479,,JULLUNDAR,
Punjab,Jullundar,IMD110-P1477,1969,5.3,32.2,28.4,18.6,34.2,11.4,111.3,84.5,121.2,0.0,0.0,0.0,447.3,37.5,81.2,328.5,0.0,1479,,JULLUNDAR,
Punjab,Jullundar,IMD110-P1477,1970,28.8,7.0,8.2,0.4,19.6,164.4,71.1,328.7,103.5,12.2,0.0,0.0,743.9,35.9,28.2,667.7,12.2,1479,,JULLUNDAR,
Punjab,Jullundar,IMD110-P1477,1971,3.6,59.5,0.0,21.3,50.1,197.1,225.3,219.9,12.1,0.0,43.2,0.0,832.1,63.1,71.4,654.4,43.2,1479,,JULLUNDAR,
Punjab,Jullundar,IMD110-P1477,1972,8.4,38.0,16.9,11.5,0.0,16.2,197.7,156.4,40.7,0.0,9.9,14.5,510.4,46.5,28.5,411.1,24.4,1479,,JULLUNDAR,
Punjab,Jullundar,IMD110-P1477,1973,36.4,46.4,4.0,0.1,38.4,223.6,182.2,330.7,54.4,4.2,0.0,45.2,965.6,82.8,42.5,790.9,49.4,1479,,JULLUNDAR,
Punjab,Jullundar,IMD110-P1477,1974,4.3,0.3,7.8,8.1,8.9,87.2,101.9,102.0,29.9,0.0,0.0,12.0,362.5,4.6,24.9,321.1,12.0,1479,,JULLUNDAR,
Punjab,Jullundar,IMD110-P1477,1975,15.2,28.2,26.8,0.2,1.0,55.9,343.6,237.7,162.4,0.0,0.0,0.0,871.0,43.4,28.0,799.6,0.0,1479,,JULLUNDAR,
Punjab,Jullundar,IMD110-P1477,1976,38.7,53.3,23.8,8.6,5.0,38.7,180.0,275.1,43.5,2.1,0.0,1.7,670.5,91.9,37.5,537.3,3.8,1479,,JULLUNDAR,
Punjab,Jullundar,IMD110-P1477,1977,36.4,0.6,0.0,46.6,77.3,75.5,197.5,160.8,151.5,1.5,0.0,24.3,772.0,37.0,123.8,585.3,25.8,1479,,JULLUNDAR,
Punjab,Jullundar,IMD110-P1477,1978,5.2,41.3,94.8,0.4,0.1,167.6,198.0,338.6,31.8,4.4,5.6,0.8,888.6,46.4,95.3,736.1,10.8,1479,,JULLUNDAR,
Punjab,Jullundar,IMD110-P1477,1979,22.9,107.3,75.8,5.4,43.0,57.7,230.5,31.3,102.8,4.0,15.7,0.0,696.5,130.2,124.2,422.4,19.7,1479,,JULLUNDAR,
Punjab,Jullundar,IMD110-P1477,1980,35.2,18.8,51.0,10.0,0.0,97.7,413.5,182.6,62.8,0.0,28.1,81.1,980.8,54.0,61.0,756.6,109.3,1479,,JULLUNDAR,
Punjab,Jullundar,IMD110-P1477,1981,66.5,29.0,56.3,4.1,8.7,28.4,248.8,78.4,30.9,0.0,78.1,0.0,629.0,95.4,69.1,386.4,78.1,1479,,JULLUNDAR,
Punjab,Jullundar,IMD110-P1477,1982,44.2,34.2,123.7,92.8,56.8,39.3,120.5,210.0,0.4,6.2,18.9,49.5,796.5,78.4,273.4,370.1,74.6,1479,,JULLUNDAR,
Punjab,Jullundar,IMD110-P1477,1983,89.3,34.7,53.7,154.7,117.1,38.2,162.0,247.5,145.0,4.0,0.0,1.9,1048.2,124.1,325.5,592.7,5.9,1479,,JULLUNDAR,
Punjab,Jullundar,IMD110-P1477,1984,1.0,83.0,17.6,15.7,12.0,125.5,312.2,274.5,224.9,0.0,1.3,3.8,1071.7,84.1,45.3,937.2,5.1,1479,,JULLUNDAR,
Punjab,Jullundar,IMD110-P1477,1985,7.0,1.0,3.3,27.4,15.1,64.1,550.0,198.8,32.3,67.1,0.7,18.4,985.2,8.0,45.9,845.1,86.2,1479,,JULLUNDAR,
Punjab,Jullundar,IMD110-P1477,1986,0.0,56.4,28.7,17.5,40.6,95.5,173.7,194.2,69.3,16.9,13.5,8.4,714.7,56.4,86.7,532.8,38.8,1479,,JULLUNDAR,
Punjab,Jullundar,IMD110-P1477,1987,33.8,27.8,14.9,14.6,177.1,18.0,64.7,131.9,9.8,18.0,4.5,12.5,527.5,61.6,206.6,224.4,35.0,1479,,JULLUNDAR,
Punjab,Jullundar,IMD110-P1477,1988,4.1,36.2,51.8,0.9,4.8,76.8,381.5,179.7,590.5,0.0,0.0,35.5,1361.8,40.3,57.6,1228.4,35.5,1479,,JULLUNDAR,
Punjab,Jullundar,IMD110-P1477,1989,107.1,4.0,26.6,12.8,2.3,16.8,208.9,218.9,35.8,1.0,13.2,30.9,678.2,111.0,41.6,480.5,45.1,1479,,JULLUNDAR,
Punjab,Jullundar,IMD110-P1477,1990,3.1,56.7,47.2,0.0,3.6,6.3,217.7,290.7,337.3,1.0,1.7,56.3,1021.6,59.8,50.8,852.0,59.0,1479,,JULLUNDAR,
Punjab,Jullundar,IMD110-P1477,1991,,45.8,13.5,23.6,13.6,53.5,113.4,182.2,49.7,0.0,0.0,55.5,,,50.8,398.7,55.5,1479,missing_months,JULLUNDAR,
Punjab,Jullundar,IMD110-P1477,1992,48.9,39.9,38.4,3.8,12.8,40.6,154.1,183.4,50.3,0.0,27.3,3.0,602.5,88.8,55.0,428.4,30.3,1479,,JULLUNDAR,
Punjab,Jullundar,IMD110-P1477,1993,12.3,16.0,30.8,16.8,6.8,35.5,425.3,60.0,145.7,0.0,0.3,0.0,749.7,28.3,54.5,666.6,0.3,1479,,JULLUNDAR,
Punjab,Jullundar,IMD110-P1477,1994,72.8,28.0,5.8,2.7,16.6,10.4,163.0,255.5,125.9,0.8,0.0,11.3,692.7,100.8,25.0,554.8,12.1,1479,,JULLUNDAR,
Punjab,Jullundar,IMD110-P1477,1995,36.5,119.4,19.8,2.9,0.0,116.7,300.6,554.2,399.4,0.0,0.0,0.9,1550.3,155.9,22.6,1370.8,0.9,1479,,JULLUNDAR,
Punjab,Jullundar,IMD110-P1477,1996,,87.3,24.1,3.5,0.0,160.6,113.2,204.6,49.8,4.7,0.0,0.0,,,27.6,528.2,4.7,1479,missing_months,JULLUNDAR,
Punjab,Jullundar,IMD110-P1477,1997,17.5,5.3,0.0,23.7,37.2,36.7,205.7,157.9,25.1,49.3,31.8,31.0,621.3,22.8,60.9,425.5,112.2,1479,,JULLUNDAR,
Punjab,Jullundar,IMD110-P1477,1998,0.1,65.0,48.0,34.2,1.8,11.7,205.8,39.7,96.6,10.7,0.0,2.7,516.1,65.1,83.9,353.7,13.3,1479,,JULLUNDAR,
Punjab,Jullundar,IMD110-P1477,1999,55.7,,9.7,0.0,8.7,15.8,119.5,68.0,38.5,0.0,0.0,0.0,,,18.4,241.8,0.0,1479,missing_months,JULLUNDAR,
Punjab,Jullundar,IMD110-P1477,2000,38.8,28.0,7.3,1.0,11.7,48.0,109.6,84.0,34.0,0.7,0.0,4.0,367.1,66.8,20.0,275.6,4.7,1479,,JULLUNDAR,
Punjab,Jullundar,IMD110-P1477,2001,0.0,,5.3,38.7,29.3,105.0,216.3,62.7,29.3,0.0,0.0,2.7,,,73.3,413.3,2.7,1479,missing_months,JULLUNDAR,
Punjab,Jullundar,IMD110-P1477,2002,0.0,8.7,3.3,3.4,10.7,60.3,43.3,37.4,107.7,0.0,0.0,0.0,274.8,8.7,17.4,248.7,0.0,1480,,JULLUNDAR,
Punjab,Jullundar,IMD110-P1477,2003,14.0,130.7,46.7,11.3,0.0,26.7,159.7,150.7,68.7,0.0,2.0,7.0,617.3,144.7,58.0,405.7,9.0,1480,,JULLUNDAR,
Punjab,Jullundar,IMD110-P1477,2004,35.3,16.3,0.0,,4.7,85.0,40.0,165.0,3.0,27.5,0.0,11.5,,51.7,,293.0,39.0,1480,missing_months,JULLUNDAR,
Punjab,Jullundar,IMD110-P1477,2005,46.4,64.6,24.2,27.3,6.4,54.0,277.8,123.8,233.1,0.0,0.0,,,111.0,57.9,688.8,,1480,missing_months,JULLUNDAR,
Punjab,Jullundar,IMD110-P1477,2006,,,,,,,,,,,,4.7,,,,,,1480,missing_months,JULLUNDAR,
Punjab,Jullundar,IMD110-P1477,2007,1.3,69.5,44.7,8.7,3.0,47.0,111.0,,,0.0,,,,70.8,56.3,,,1480,missing_months,JULLUNDAR,
Punjab,Jullundar,IMD110-P1477,2008,13.0,2.0,0.0,31.7,25.7,131.0,,,21.0,8.0,0.0,0.7,,15.0,57.3,,8.7,1480,missing_months,JULLUNDAR,
Punjab,Jullundar,IMD110-P1477,2009,8.3,15.7,16.0,24.7,2.7,19.7,222.3,188.7,32.7,1.7,1.3,0.0,533.7,24.0,43.3,463.4,3.0,1480,,JULLUNDAR,
Punjab,Jullundar,IMD110-P1477,2010,,,0.0,0.0,0.5,,,,,0.0,,3.0,,,0.5,,,1480,missing_months,JULLUNDAR,
Punjab,Kapurthala,IMD110-P1481,1954,12.0,125.8,39.6,0.0,4.6,12.1,244.8,29.8,318.9,5.7,0.0,0.0,793.3,137.8,44.2,605.6,5.7,1481,,KAPURTHALA,
Punjab,Kapurthala,IMD110-P1481,1955,34.3,10.1,30.7,11.9,20.1,34.0,166.8,178.9,95.8,519.0,0.0,1.1,1102.8,44.3,62.8,475.5,520.2,1481,,KAPURTHALA,
Punjab,Kapurthala,IMD110-P1481,1956,15.2,9.9,38.9,12.5,0.0,45.3,230.7,163.9,66.1,252.5,0.0,6.3,841.3,25.1,51.4,506.0,258.9,1481,,KAPURTHALA,
Punjab,Kapurthala,IMD110-P1481,1957,124.1,0.0,40.1,20.3,12.6,24.6,349.6,234.5,74.0,15.3,23.2,56.0,974.2,124.1,72.9,682.8,94.4,1481,,KAPURTHALA,
Punjab,Kapurthala,IMD110-P1481,1958,9.6,7.3,10.9,5.3,0.0,37.9,150.2,110.0,319.2,76.6,0.0,41.7,768.6,16.8,16.3,617.3,118.3,1481,,KAPURTHALA,
Punjab,Kapurthala,IMD110-P1481,1959,36.8,36.7,8.4,0.0,20.8,34.3,246.7,187.0,150.6,33.7,19.6,0.0,774.6,73.5,29.2,618.6,53.3,1481,,KAPURTHALA,
Punjab,Kapurthala,IMD110-P1481,1960,13.8,0.0,37.1,3.5,0.0,9.9,310.4,257.7,4.2,0.0,0.0,25.1,661.7,13.8,40.6,582.2,25.1,1481,,KAPURTHALA,
Punjab,Kapurthala,IMD110-P1481,1961,66.3,0.0,0.0,18.6,0.0,56.1,243.2,174.1,95.4,0.0,0.0,0.0,653.8,66.3,18.6,568.9,0.0,1481,,KAPURTHALA,
Punjab,Kapurthala,IMD110-P1481,1962,72.6,0.0,55.8,2.5,13.9,33.5,159.3,0.0,115.1,0.0,14.9,2.0,469.6,72.6,72.3,307.9,16.9,1481,,KAPURTHALA,
Punjab,Kapurthala,IMD110-P1481,1963,0.8,62.0,40.5,0.0,19.5,58.6,93.7,26.0,22.0,0.0,0.0,4.0,327.1,62.8,60.0,200.3,4.0,1481,,KAPURTHALA,
Punjab,Kapurthala,IMD110-P1481,1964,5.1,13.6,28.5,9.8,16.1,1.5,241.6,178.8,85.1,0.0,0.0,4.5,584.4,18.6,54.3,507.0,4.5,1481,,KAPURTHALA,
Punjab,Kapurthala,IMD110-P1481,1965,26.0,23.1,48.3,1.5,38.3,6.0,211.2,145.7,0.0,0.0,10.1,2.0,512.2,49.1,88.1,362.9,12.1,1481,,KAPURTHALA,
Punjab,Kapurthala,IMD110-P1481,1966,0.0,4.0,19.0,0.0,28.0,76.2,189.6,193.9,66.3,4.0,0.0,0.0,581.0,4.0,47.0,526.0,4.0,1481,,KAPURTHALA,
Punjab,Kapurthala,IMD110-P1481,1967,0.0,5.5,56.7,0.0,0.0,0.0,149.0,10.9,55.0,0.0,0.0,10.1,287.2,5.5,56.7,214.9,10.1,1481,,KAPURTHALA,
Punjab,Kapurthala,IMD110-P1481,1968,,,,,,,76.2,,,,,,,,,,,1481,missing_months,KAPURTHALA,
Punjab,Kapurthala,IMD110-P1481,1969,8.0,,32.0,,,18.0,47.9,303.0,109.0,0.0,0.0,0.0,,,,477.9,0.0,1481,missing_months,KAPURTHALA,
Punjab,Kapurthala,IMD110-P1481,1970,31.0,0.0,15.0,0.0,0.0,187.0,94.0,292.4,87.0,0.0,0.0,0.0,706.4,31.0,15.0,660.4,0.0,1481,,KAPURTHALA,
Punjab,Kapurthala,IMD110-P1481,1972,,31.0,0.2,1.1,0.0,0.3,5.1,,,,,1.8,,,1.3,,,1481,missing_months,KAPURTHALA,
Punjab,Kapurthala,IMD110-P1481,1973,1.9,4.5,3.7,,20.8,27.2,132.6,230.8,1.5,1.6,0.0,36.1,,6.4,,392.1,37.7,1481,missing_months,KAPURTHALA,
Punjab,Kapurthala,IMD110-P1481,1974,2.7,0.0,0.0,4.0,3.0,72.0,109.8,93.4,15.0,0.0,0.0,9.9,309.7,2.7,7.0,290.1,9.9,1481,,KAPURTHALA,
Punjab,Kapurthala,IMD110-P1481,1975,12.5,24.1,15.9,0.0,0.0,36.5,321.8,255.8,159.6,0.0,0.0,0.0,826.2,36.6,15.9,773.7,0.0,1481,,KAPURTHALA,
Punjab,Kapurthala,IMD110-P1481,1976,36.1,37.7,21.1,2.8,12.0,36.7,139.3,319.4,80.3,3.3,0.0,0.4,689.1,73.8,35.8,575.7,3.7,1481,,KAPURTHALA,
Punjab,Kapurthala,IMD110-P1481,1977,87.5,0.0,0.0,28.4,56.5,32.5,73.7,167.5,115.6,0.0,0.0,8.4,570.0,87.5,84.8,389.3,8.4,1481,,KAPURTHALA,
Punjab,Kapurthala,IMD110-P1481,1978,8.0,14.3,84.0,0.0,0.1,45.0,225.8,379.2,27.9,0.0,14.4,0.0,798.6,22.4,84.1,677.8,14.4,1481,,KAPURTHALA,
Punjab,Kapurthala,IMD110-P1481,1979,20.7,87.1,75.6,19.6,65.2,43.2,101.1,48.2,56.7,7.1,7.3,0.0,531.8,107.8,160.4,249.2,14.4,1481,,KAPURTHALA,
Punjab,Kapurthala,IMD110-P1481,1980,13.1,16.4,34.0,6.6,0.1,30.2,254.2,92.7,3.8,4.1,9.0,28.6,492.7,29.5,40.7,380.9,41.7,1481,,KAPURTHALA,
Punjab,Kapurthala,IMD110-P1481,1981,39.3,13.0,53.9,2.9,28.2,8.0,81.3,89.0,26.1,0.0,28.2,0.0,369.8,52.2,85.0,204.4,28.2,1481,,KAPURTHALA,
Punjab,Kapurthala,IMD110-P1481,1982,11.6,25.2,49.9,50.0,51.6,12.6,36.0,189.4,2.5,0.0,12.6,33.0,474.5,36.8,151.5,240.5,45.6,1481,,KAPURTHALA,
Punjab,Kapurthala,IMD110-P1481,1983,39.2,24.1,15.0,64.7,39.8,3.8,25.6,157.8,60.4,4.5,0.0,1.2,436.1,63.2,119.6,247.6,5.7,1481,,KAPURTHALA,
Punjab,Kapurthala,IMD110-P1481,1984,0.0,46.8,12.1,7.8,0.0,54.5,91.9,63.6,95.1,0.0,1.5,1.2,374.5,46.8,19.9,305.0,2.7,1481,,KAPURTHALA,
Punjab,Kapurthala,IMD110-P1481,1985,1.0,0.5,3.2,23.0,7.6,56.3,375.5,99.9,12.5,56.3,0.6,17.9,654.4,1.5,33.8,544.2,74.9,1481,,KAPURTHALA,
Punjab,Kapurthala,IMD110-P1481,1986,0.0,26.7,27.0,35.8,25.1,59.0,137.0,139.9,75.0,44.8,2.8,14.8,587.8,26.7,87.9,410.9,62.3,1481,,KAPURTHALA,
Punjab,Kapurthala,IMD110-P1481,1987,36.9,22.5,12.4,6.8,172.4,6.6,44.4,136.6,0.0,47.2,0.0,2.2,487.9,59.4,191.5,187.6,49.4,1481,,KAPURTHALA,
Punjab,Kapurthala,IMD110-P1481,1988,0.0,46.5,55.3,1.0,,,300.0,52.1,417.2,0.0,0.0,20.0,,46.5,,,20.0,1482,missing_months,KAPURTHALA,
Punjab,Kapurthala,IMD110-P1481,1989,85.4,0.0,21.4,0.1,4.0,28.0,175.1,150.0,35.1,0.0,20.6,19.1,539.0,85.4,25.5,388.3,39.8,1482,,KAPURTHALA,
Punjab,Kapurthala,IMD110-P1481,1990,0.0,43.1,63.2,0.7,9.5,30.0,199.9,241.7,250.4,0.0,0.0,33.3,871.8,43.1,73.3,722.0,33.3,1482,,KAPURTHALA,
Punjab,Kapurthala,IMD110-P1481,1991,0.0,65.4,32.5,33.9,1.6,28.0,174.5,117.5,54.5,12.6,0.0,12.1,532.6,65.4,68.0,374.5,24.6,1482,,KAPURTHALA,
Punjab,Kapurthala,IMD110-P1481,1992,80.0,43.0,30.0,9.0,16.5,13.5,149.0,97.5,44.1,0.0,18.0,0.0,500.6,123.0,55.5,304.1,18.0,1482,,KAPURTHALA,
Punjab,Kapurthala,IMD110-P1481,1993,4.7,8.0,20.0,12.9,7.0,42.3,396.6,18.5,134.0,0.0,0.0,0.0,644.0,12.7,39.9,591.3,0.0,1482,,KAPURTHALA,
Punjab,Kapurthala,IMD110-P1481,1994,40.3,5.8,14.8,28.5,0.7,12.0,174.6,117.9,94.6,1.3,0.0,14.0,504.4,46.1,44.0,399.1,15.3,1482,,KAPURTHALA,
Punjab,Kapurthala,IMD110-P1481,1995,39.6,81.9,19.0,10.3,4.1,42.1,212.0,83.8,103.0,0.0,6.0,0.0,601.8,121.5,33.3,441.0,6.0,1482,,KAPURTHALA,
Punjab,Kapurthala,IMD110-P1481,1996,7.6,72.0,47.7,3.2,0.0,183.4,60.8,202.8,78.8,3.2,0.0,0.0,659.4,79.6,50.9,525.7,3.2,1482,,KAPURTHALA,
Punjab,Kapurthala,IMD110-P1481,1997,31.0,6.0,6.0,42.5,59.0,104.0,239.0,273.0,41.0,78.0,70.0,24.0,973.5,37.0,107.5,657.0,172.0,1482,,KAPURTHALA,
Punjab,Kapurthala,IMD110-P1481,1998,0.0,0.0,33.5,18.5,0.0,25.0,121.4,55.0,121.0,42.0,0.0,0.0,416.4,0.0,52.0,322.4,42.0,1482,,KAPURTHALA,
Punjab,Kapurthala,IMD110-P1481,1999,67.4,,0.0,0.0,8.0,60.0,163.2,127.0,43.0,0.0,0.0,0.0,,,8.0,393.2,0.0,1482,missing_months,KAPURTHALA,
Punjab,Kapurthala,IMD110-P1481,2000,0.0,58.0,10.0,0.0,0.0,26.0,213.0,102.0,124.0,0.0,0.0,0.0,533.0,58.0,10.0,465.0,0.0,1482,,KAPURTHALA,
Punjab,Kapurthala,IMD110-P1481,2001,0.0,2.0,0.0,82.0,78.0,102.0,336.0,61.0,42.0,0.0,0.0,1.0,704.0,2.0,160.0,541.0,1.0,1482,,KAPURTHALA,
Punjab,Kapurthala,IMD110-P1481,2002,1.5,2.0,13.5,1.0,11.0,30.5,20.5,7.0,66.5,0.0,0.0,0.2,153.6,3.5,25.5,124.5,0.2,1482,,KAPURTHALA,
Punjab,Kapurthala,IMD110-P1481,2003,21.0,48.0,6.8,0.0,0.0,57.5,71.3,97.8,90.5,0.0,0.5,0.0,393.3,69.0,6.8,317.0,0.5,1482,,KAPURTHALA,
Punjab,Kapurthala,IMD110-P1481,2004,17.0,5.5,0.0,,2.0,14.0,68.5,67.1,4.0,29.8,1.5,7.5,,22.5,,153.6,38.8,1482,missing_months,KAPURTHALA,
Punjab,Kapurthala,IMD110-P1481,2005,36.5,39.3,20.5,21.5,9.0,23.5,182.3,102.0,247.0,0.0,0.0,,,75.8,51.0,554.8,,1482,missing_months,KAPURTHALA,
Punjab,Kapurthala,IMD110-P1481,2006,,,,,,,,,,,,4.5,,,,,,1482,missing_months,KAPURTHALA,
Punjab,Kapurthala,IMD110-P1481,2007,0.5,97.0,60.5,1.5,1.0,19.3,58.1,,,0.0,,,,97.5,63.0,,,1482,missing_months,KAPURTHALA,
Punjab,Kapurthala,IMD110-P1481,2008,15.0,5.0,0.0,21.5,14.0,47.0,,,211.0,7.8,7.0,4.0,,20.0,35.5,,18.8,1482,missing_months,KAPURTHALA,
Punjab,Kapurthala,IMD110-P1481,2009,,,,,,,,133.0,18.0,0.0,0.0,0.0,,,,,0.0,1482,missing_months,KAPURTHALA,
Punjab,Kapurthala,IMD110-P1481,2010,,0.0,0.0,0.0,7.3,,285.5,,,0.0,,24.0,,,7.3,,,1482,missing_months,KAPURTHALA,
Punjab,Ludhiana,IMD110-P1483,1901,63.9,73.4,24.2,6.8,49.2,16.1,215.1,214.0,25.2,0.0,0.0,6.0,693.9,137.3,80.2,470.4,6.0,1483,,LUDHIANA,
Punjab,Ludhiana,IMD110-P1483,1902,0.0,0.2,4.2,21.3,42.3,42.5,192.0,103.6,138.6,5.4,0.0,0.0,550.2,0.2,67.8,476.8,5.4,1483,,LUDHIANA,
Punjab,Ludhiana,IMD110-P1483,1903,32.7,0.1,31.3,2.1,15.0,1.1,193.6,151.4,124.9,2.1,0.0,13.7,567.9,32.8,48.4,471.0,15.8,1483,,LUDHIANA,
Punjab,Ludhiana,IMD110-P1483,1904,25.9,0.0,100.4,0.0,11.7,26.4,49.5,126.4,107.1,5.0,11.9,30.9,495.2,25.9,112.1,309.4,47.8,1483,,LUDHIANA,
Punjab,Ludhiana,IMD110-P1483,1905,47.1,50.9,25.7,0.0,0.0,15.8,122.1,74.2,53.5,4.9,0.0,6.6,400.8,98.0,25.7,265.6,11.6,1483,,LUDHIANA,
Punjab,Ludhiana,IMD110-P1483,1906,5.6,76.9,78.0,2.3,2.3,38.3,117.9,225.1,187.8,0.0,0.0,28.9,763.1,82.5,82.6,569.0,28.9,1483,,LUDHIANA,
Punjab,Ludhiana,IMD110-P1483,1907,26.1,122.9,73.2,63.7,2.2,18.0,100.2,380.5,15.7,0.0,0.0,0.0,802.6,149.0,139.1,514.5,0.0,1483,,LUDHIANA,
Punjab,Ludhiana,IMD110-P1483,1908,68.2,9.2,0.7,37.8,8.4,16.4,166.2,396.4,10.7,0.0,3.4,2.8,720.1,77.4,46.9,589.7,6.2,1483,,LUDHIANA,
Punjab,Ludhiana,IMD110-P1483,1909,47.5,13.1,0.4,67.1,1.5,96.3,394.5,176.3,212.0,4.1,0.0,47.6,1060.3,60.5,69.0,879.1,51.7,1483,,LUDHIANA,
Punjab,Ludhiana,IMD110-P1483,1910,35.2,5.1,0.9,2.3,1.9,135.3,198.9,202.2,123.8,21.5,0.0,7.9,735.0,40.3,5.1,660.2,29.4,1483,,LUDHIANA,
Punjab,Ludhiana,IMD110-P1483,1911,149.6,7.7,101.3,5.4,0.4,74.0,23.9,82.4,31.0,21.6,37.7,0.2,535.1,157.3,107.2,211.2,59.4,1483,,LUDHIANA,
Punjab,Ludhiana,IMD110-P1483,1912,34.9,9.1,8.4,18.6,13.5,13.1,201.8,189.4,88.8,0.0,10.1,3.9,591.7,44.1,40.5,493.1,14.0,1483,,LUDHIANA,
Punjab,Ludhiana,IMD110-P1483,1913,0.0,61.8,51.4,0.0,53.5,113.6,73.5,144.2,9.3,3.8,4.7,25.9,541.6,61.8,104.8,340.6,34.4,1483,,LUDHIANA,
Punjab,Ludhiana,IMD110-P1483,1914,2.1,19.0,13.3,48.2,31.6,74.2,218.4,45.3,294.0,52.5,1.5,3.6,803.8,21.1,93.1,632.0,57.6,1483,,LUDHIANA,
Punjab,Ludhiana,IMD110-P1483,1915,60.7,52.8,35.7,3.7,0.0,38.0,64.0,45.3,150.2,15.6,0.0,3.9,469.9,113.5,39.4,297.4,19.5,1483,,LUDHIANA,
Punjab,Ludhiana,IMD110-P1483,1916,2.4,28.8,4.6,2.8,6.0,45.1,316.5,138.7,129.7,33.6,0.0,0.2,708.4,31.2,13.4,630.1,33.7,1483,,LUDHIANA,
Punjab,Ludhiana,IMD110-P1483,1917,12.9,5.4,24.8,87.0,55.1,96.6,209.1,211.9,431.1,170.7,0.0,6.1,1310.5,18.3,166.8,948.6,176.7,1483,,LUDHIANA,
Punjab,Ludhiana,IMD110-P1483,1918,3.2,0.0,65.2,59.5,0.0,61.3,29.3,163.1,6.8,0.0,0.0,3.4,391.8,3.2,124.8,260.5,3.4,1483,,LUDHIANA,
Punjab,Ludhiana,IMD110-P1483,1919,75.4,9.7,17.5,9.1,15.3,8.8,351.7,144.6,49.1,0.0,2.0,37.4,720.7,85.1,41.9,554.3,39.5,1483,,LUDHIANA,
Punjab,Ludhiana,IMD110-P1483,1920,27.8,22.2,14.6,0.0,19.5,76.9,133.2,56.5,23.8,0.1,0.0,1.9,376.7,50.1,34.2,290.4,2.0,1483,,LUDHIANA,
Punjab,Ludhiana,IMD110-P1483,1921,21.2,1.7,0.1,2.0,2.0,28.2,92.8,139.1,52.1,19.5,0.0,18.6,377.4,22.9,4.2,312.2,38.2,1483,,LUDHIANA,
Punjab,Ludhiana,IMD110-P1483,1922,26.4,14.6,1.5,2.7,2.7,52.6,150.2,143.5,105.0,0.1,0.0,41.8,541.1,41.1,6.9,451.3,41.9,1483,,LUDHIANA,
Punjab,Ludhiana,IMD110-P1483,1923,31.0,70.6,3.7,4.7,27.0,39.5,379.8,286.8,5.3,0.0,5.6,56.3,910.2,101.6,35.3,711.5,61.9,1483,,LUDHIANA,
Punjab,Ludhiana,IMD110-P1483,1924,38.5,42.8,2.0,0.5,12.6,0.0,198.2,74.9,212.1,0.0,0.4,31.0,613.1,81.3,15.1,485.3,31.5,1483,,LUDHIANA,
Punjab,Ludhiana,IMD110-P1483,1925,9.6,0.3,0.0,8.0,27.8,135.2,371.5,131.5,10.6,10.2,9.8,0.0,714.4,9.8,35.8,648.8,20.0,1483,,LUDHIANA,
Punjab,Ludhiana,IMD110-P1483,1926,16.1,7.5,62.6,9.2,47.4,0.1,255.8,263.1,23.0,0.9,4.1,6.1,696.0,23.6,119.3,542.0,11.1,1483,,LUDHIANA,
Punjab,Ludhiana,IMD110-P1483,1927,0.0,62.7,16.1,7.9,6.8,15.2,234.6,115.3,30.4,13.6,7.6,41.3,551.4,62.7,30.8,395.4,62.5,1483,,LUDHIANA,
Punjab,Ludhiana,IMD110-P1483,1928,23.1,41.3,9.6,14.3,1.6,39.5,113.0,109.4,52.2,0.0,18.0,56.6,478.6,64.4,25.4,314.1,74.6,1483,,LUDHIANA,
Punjab,Ludhiana,IMD110-P1483,1929,10.1,0.0,0.1,11.4,0.4,35.4,229.8,50.3,5.8,6.9,0.0,43.2,393.5,10.1,12.0,321.3,50.2,1483,,LUDHIANA,
Punjab,Ludhiana,IMD110-P1483,1930,25.7,28.5,6.2,12.9,4.6,77.2,293.9,59.3,136.8,0.9,0.3,29.0,675.2,54.2,23.7,567.1,30.2,1483,,LUDHIANA,
Punjab,Ludhiana,IMD110-P1483,1931,16.0,25.8,23.2,1.3,14.3,4.7,164.5,286.9,89.2,9.5,0.0,0.9,636.4,41.8,38.8,545.3,10.5,1483,,LUDHIANA,
Punjab,Ludhiana,IMD110-P1483,1932,16.4,9.2,18.9,5.1,11.9,41.0,220.4,148.4,54.3,9.8,0.0,40.8,576.3,25.6,35.9,464.1,50.7,1483,,LUDHIANA,
Punjab,Ludhiana,IMD110-P1483,1933,10.6,19.5,38.4,2.8,12.5,80.6,124.4,268.8,309.4,14.3,3.4,0.0,884.7,30.2,53.7,783.2,17.7,1483,,LUDHIANA,
Punjab,Ludhiana,IMD110-P1483,1934,23.0,0.0,62.2,0.5,3.6,54.3,183.0,140.2,18.4,0.0,0.0,11.0,496.3,23.0,66.3,396.0,11.0,1484,,LUDHIANA,
Punjab,Ludhiana,IMD110-P1483,1935,68.5,28.8,12.3,40.2,1.1,7.4,196.4,200.9,50.5,4.9,14.4,15.5,640.9,97.3,53.6,455.2,34.8,1484,,LUDHIANA,
Punjab,Ludhiana,IMD110-P1483,1936,1.0,60.3,4.2,9.6,5.3,117.5,189.4,176.8,97.8,11.2,0.0,30.8,703.9,61.3,19.0,581.5,42.0,1484,,LUDHIANA,
Punjab,Ludhiana,IMD110-P1483,1937,8.3,112.4,9.0,42.1,22.5,83.9,270.0,21.6,82.5,5.4,0.8,28.0,686.7,120.7,73.7,458.0,34.2,1484,,LUDHIANA,
Punjab,Ludhiana,IMD110-P1483,1938,72.3,24.2,4.3,11.8,0.0,88.8,78.2,87.8,7.9,13.6,0.0,1.7,390.4,96.5,16.0,262.6,15.3,1484,,LUDHIANA,
Punjab,Ludhiana,IMD110-P1483,1939,4.9,53.6,55.2,10.5,0.4,66.2,126.5,83.7,39.6,0.1,0.0,0.0,440.7,58.5,66.1,315.9,0.1,1484,,LUDHIANA,
Punjab,Ludhiana,IMD110-P1483,1940,27.3,55.6,12.9,5.0,11.9,88.8,233.5,174.7,36.8,0.0,0.0,0.0,646.4,82.9,29.8,533.8,0.0,1484,,LUDHIANA,
Punjab,Ludhiana,IMD110-P1483,1941,55.8,11.9,13.1,0.8,15.5,95.5,129.9,171.6,66.8,20.7,0.0,7.6,589.1,67.7,29.3,463.8,28.3,1484,,LUDHIANA,
Punjab,Ludhiana,IMD110-P1483,1942,25.4,71.7,10.9,7.6,9.8,57.0,270.2,253.1,236.9,5.6,0.0,53.8,1001.9,97.1,28.2,817.2,59.4,1484,,LUDHIANA,
Punjab,Ludhiana,IMD110-P1483,1943,58.8,2.1,7.0,10.1,3.9,15.3,121.4,173.1,39.3,0.0,0.0,0.0,431.0,60.8,21.0,349.1,0.0,1484,,LUDHIANA,
Punjab,Ludhiana,IMD110-P1483,1944,47.8,50.0,58.7,72.3,0.0,17.0,179.3,127.9,71.2,7.0,2.7,3.9,637.7,97.7,131.0,395.4,13.6,1484,,LUDHIANA,
Punjab,Ludhiana,IMD110-P1483,1945,79.5,0.0,9.1,1.6,1.8,17.9,166.8,117.8,670.4,17.5,0.0,0.0,1082.4,79.5,12.5,972.9,17.5,1484,,LUDHIANA,
Punjab,Ludhiana,IMD110-P1483,1946,2.0,13.6,6.5,5.2,16.4,62.6,182.8,146.3,6.8,38.9,1.9,28.0,511.0,15.6,28.0,398.5,68.8,1484,,LUDHIANA,
Punjab,Ludhiana,IMD110-P1483,1947,21.6,22.3,19.8,0.2,11.0,1.4,80.3,109.5,452.4,3.9,0.0,73.6,796.0,43.9,31.0,643.5,77.6,1484,,LUDHIANA,
Punjab,Ludhiana,IMD110-P1483,1948,14.0,80.3,77.5,3.6,1.3,15.0,233.8,201.5,72.6,0.0,0.0,11.2,710.8,94.3,82.4,522.9,11.2,1484,,LUDHIANA,
Punjab,Ludhiana,IMD110-P1483,1949,12.3,49.4,2.2,8.1,12.9,33.3,248.6,107.4,55.9,0.4,0.0,3.9,534.4,61.7,23.3,445.2,4.2,1484,,LUDHIANA,
Punjab,Ludhiana,IMD110-P1483,1950,57.2,26.9,46.3,1.2,17.2,7.6,190.2,210.1,415.6,0.0,0.0,0.0,972.2,84.0,64.7,823.5,0.0,1484,,LUDHIANA,
Punjab,Ludhiana,IMD110-P1483,1951,26.4,1.2,109.3,11.2,20.7,5.3,217.9,137.5,11.7,0.0,25.2,0.0,566.4,27.7,141.1,372.4,25.2,1484,,LUDHIANA,
Punjab,Ludhiana,IMD110-P1483,1952,26.0,17.6,53.5,0.3,16.3,95.6,145.0,300.2,0.0,0.0,0.0,1.9,656.4,43.6,70.1,540.8,1.9,1484,,LUDHIANA,
Punjab,Ludhiana,IMD110-P1483,1953,37.6,2.8,0.0,7.5,0.9,124.0,357.8,49.0,17.7,0.0,0.0,5.4,602.8,40.4,8.4,548.5,5.4,1484,,LUDHIANA,
Punjab,Ludhiana,IMD110-P1483,1954,21.3,125.5,23.2,0.0,8.9,28.5,236.5,46.6,243.9,14.6,0.0,0.0,749.0,146.8,32.2,555.5,14.6,1484,,LUDHIANA,
Punjab,Ludhiana,IMD110-P1483,1955,55.7,4.2,43.4,17.1,13.7,71.3,183.9,194.5,136.2,527.1,0.0,1.0,1248.2,59.9,74.3,585.9,528.1,1484,,LUDHIANA,
Punjab,Ludhiana,IMD110-P1483,1956,19.1,5.5,41.4,4.8,1.3,66.9,146.2,233.1,43.4,145.6,1.5,7.8,716.6,24.6,47.4,489.7,154.9,1484,,LUDHIANA,
Punjab,Ludhiana,IMD110-P1483,1957,113.7,1.8,18.9,14.2,2.2,28.9,241.4,156.6,118.4,22.5,19.0,32.2,769.7,115.5,35.3,545.3,73.7,1484,,LUDHIANA,
Punjab,Ludhiana,IMD110-P1483,1958,26.3,4.8,9.8,4.4,0.8,19.0,162.9,133.9,416.4,87.2,0.0,42.0,907.5,31.1,15.0,732.2,129.2,1484,,LUDHIANA,
Punjab,Ludhiana,IMD110-P1483,1959,41.1,22.9,3.3,0.0,39.5,49.1,141.8,281.9,130.5,25.9,14.6,0.0,750.8,64.1,42.9,603.3,40.5,1484,,LUDHIANA,
Punjab,Ludhiana,IMD110-P1483,1960,10.4,0.0,25.9,2.1,1.2,32.5,228.9,254.5,3.9,0.4,0.0,25.2,585.1,10.4,29.2,519.8,25.7,1484,,LUDHIANA,
Punjab,Ludhiana,IMD110-P1483,1961,69.5,44.4,1.8,15.7,3.0,48.5,204.8,170.1,50.5,20.5,0.8,0.1,629.8,114.0,20.5,474.0,21.3,1484,,LUDHIANA,
Punjab,Ludhiana,IMD110-P1483,1962,69.6,16.0,60.3,3.0,0.0,30.9,302.8,195.5,517.2,0.4,26.0,5.6,1227.1,85.6,63.2,1046.4,31.9,1484,,LUDHIANA,
Punjab,Ludhiana,IMD110-P1483,1963,0.8,22.7,70.9,6.2,20.4,38.6,206.1,400.5,103.7,5.1,5.7,15.1,895.8,23.5,97.5,748.9,25.9,1484,,LUDHIANA,
Punjab,Ludhiana,IMD110-P1483,1964,8.2,8.7,5.9,5.1,18.8,2.1,494.0,249.4,116.9,0.0,0.0,12.6,921.7,16.9,29.8,862.4,12.6,1484,,LUDHIANA,
Punjab,Ludhiana,IMD110-P1483,1965,18.2,30.7,10.2,36.7,47.6,0.5,195.2,102.3,27.1,5.2,7.0,0.7,481.4,48.9,94.5,325.2,12.8,1484,,LUDHIANA,
Punjab,Ludhiana,IMD110-P1483,1966,0.0,52.2,19.3,5.5,31.7,88.2,83.9,311.9,113.8,21.5,0.0,2.3,730.2,52.2,56.5,597.7,23.7,1484,,LUDHIANA,
Punjab,Ludhiana,IMD110-P1483,1967,0.0,13.2,90.4,0.5,3.6,17.2,279.0,207.6,49.3,17.4,0.4,73.6,752.4,13.2,94.5,553.2,91.5,1484,,LUDHIANA,
Punjab,Ludhiana,IMD110-P1483,1968,13.1,35.9,26.7,2.5,0.7,38.8,203.1,144.6,0.0,20.5,0.0,5.0,490.9,49.0,29.9,386.5,25.5,1485,,LUDHIANA,
Punjab,Ludhiana,IMD110-P1483,1969,0.2,21.1,15.1,7.4,19.3,22.6,99.4,63.7,95.2,0.0,0.9,0.0,344.7,21.2,41.8,280.9,0.9,1485,,LUDHIANA,
Punjab,Ludhiana,IMD110-P1483,1970,31.5,16.2,12.3,0.0,10.4,130.9,67.0,315.8,162.5,0.2,0.0,0.0,746.9,47.8,22.7,676.2,0.2,1485,,LUDHIANA,
Punjab,Ludhiana,IMD110-P1483,1971,3.5,59.8,0.9,2.0,54.6,55.2,198.0,211.0,27.1,2.1,15.1,0.0,629.3,63.3,57.5,491.3,17.3,1485,,LUDHIANA,
Punjab,Ludhiana,IMD110-P1483,1972,1.6,31.8,15.1,9.2,0.0,24.0,216.7,124.4,23.9,0.0,21.5,16.6,484.9,33.4,24.3,389.0,38.2,1485,,LUDHIANA,
Punjab,Ludhiana,IMD110-P1483,1973,36.9,10.1,8.8,0.8,38.6,61.5,166.5,222.8,25.2,5.3,0.0,39.0,615.4,47.0,48.2,476.0,44.2,1485,,LUDHIANA,
Punjab,Ludhiana,IMD110-P1483,1974,3.4,1.1,5.4,1.1,7.0,87.0,112.5,64.7,29.1,0.0,0.0,11.7,323.1,4.5,13.6,293.3,11.7,1485,,LUDHIANA,
Punjab,Ludhiana,IMD110-P1483,1975,13.6,17.4,5.1,0.2,1.9,60.1,356.9,164.2,111.9,0.8,0.0,0.0,732.1,31.0,7.1,693.2,0.8,1485,,LUDHIANA,
Punjab,Ludhiana,IMD110-P1483,1976,41.2,83.5,22.1,2.1,2.6,70.5,180.3,227.2,24.3,0.0,0.0,1.2,654.9,124.7,26.7,502.3,1.2,1485,,LUDHIANA,
Punjab,Ludhiana,IMD110-P1483,1977,41.0,2.4,0.8,47.4,61.6,88.0,263.0,216.4,134.9,3.0,0.0,25.5,883.9,43.4,109.7,702.3,28.4,1485,,LUDHIANA,
Punjab,Ludhiana,IMD110-P1483,1978,3.8,32.9,53.2,2.5,9.8,139.1,155.7,193.7,34.4,3.8,4.5,0.7,634.0,36.7,65.4,522.9,9.0,1485,,LUDHIANA,
Punjab,Ludhiana,IMD110-P1483,1979,23.8,76.2,48.4,14.6,16.0,32.1,126.4,31.4,31.9,0.0,10.6,4.0,415.7,100.1,79.1,221.8,14.7,1485,,LUDHIANA,
Punjab,Ludhiana,IMD110-P1483,1980,16.5,6.0,32.2,5.0,3.1,35.6,330.8,152.4,23.4,12.2,14.3,77.5,709.1,22.5,40.3,542.3,104.0,1485,,LUDHIANA,
Punjab,Ludhiana,IMD110-P1483,1981,57.2,18.6,63.5,0.0,7.1,28.4,134.6,113.5,9.6,0.3,53.0,0.0,485.9,75.7,70.6,286.2,53.4,1485,,LUDHIANA,
Punjab,Ludhiana,IMD110-P1483,1982,16.9,17.3,93.0,67.1,62.2,20.3,86.2,172.0,0.0,0.8,7.0,23.6,566.3,34.2,222.3,278.5,31.4,1485,,LUDHIANA,
Punjab,Ludhiana,IMD110-P1483,1983,77.1,15.8,20.1,122.3,54.0,37.3,179.1,294.5,78.0,20.7,0.0,3.0,902.0,92.8,196.4,589.0,23.8,1485,,LUDHIANA,
Punjab,Ludhiana,IMD110-P1483,1984,0.0,93.1,5.2,21.0,0.0,42.7,168.4,183.1,75.1,0.5,0.0,0.4,589.5,93.1,26.2,469.3,0.9,1485,,LUDHIANA,
Punjab,Ludhiana,IMD110-P1483,1985,0.6,0.0,4.3,18.4,3.5,43.3,233.0,228.0,50.8,11.0,1.0,20.1,614.0,0.6,26.2,555.1,32.1,1485,,LUDHIANA,
Punjab,Ludhiana,IMD110-P1483,1986,1.3,33.9,24.7,7.1,11.2,28.1,56.4,90.2,31.5,12.0,12.7,5.3,314.5,35.2,43.0,206.2,30.0,1485,,LUDHIANA,
Punjab,Ludhiana,IMD110-P1483,1987,23.7,15.2,10.8,14.9,94.8,20.9,30.9,63.5,1.8,45.3,0.0,4.3,326.1,38.9,120.5,117.1,49.6,1485,,LUDHIANA,
Punjab,Ludhiana,IMD110-P1483,1988,3.6,31.1,26.8,0.4,9.0,55.7,346.6,214.2,522.3,0.0,0.0,31.2,1241.0,34.7,36.3,1138.8,31.2,1485,,LUDHIANA,
Punjab,Ludhiana,IMD110-P1483,1989,32.3,5.7,9.8,0.1,0.6,31.7,181.4,186.4,33.0,0.7,4.7,26.6,513.0,38.0,10.5,432.5,32.0,1485,,LUDHIANA,
Punjab,Ludhiana,IMD110-P1483,1990,1.2,37.2,13.1,0.5,6.5,18.6,213.6,243.3,82.1,0.7,3.6,39.3,659.8,38.4,20.1,557.6,43.6,1485,,LUDHIANA,
Punjab,Ludhiana,IMD110-P1483,1991,0.0,43.7,24.0,24.1,5.6,103.8,126.3,166.0,93.0,0.1,0.0,42.8,629.3,43.7,53.7,489.0,42.8,1485,,LUDHIANA,
Punjab,Ludhiana,IMD110-P1483,1992,39.4,14.1,4.8,0.0,5.2,6.7,121.2,192.2,42.9,0.1,11.4,0.0,438.0,53.5,10.0,363.0,11.5,1485,,LUDHIANA,
Punjab,Ludhiana,IMD110-P1483,1993,7.1,12.7,34.2,9.4,12.1,27.2,409.1,41.3,114.0,0.0,0.3,0.0,667.3,19.8,55.7,591.6,0.3,1485,,LUDHIANA,
Punjab,Ludhiana,IMD110-P1483,1994,22.9,20.8,0.2,2.8,2.9,24.8,149.3,253.9,89.3,0.0,0.0,5.2,572.2,43.7,5.9,517.4,5.2,1485,,LUDHIANA,
Punjab,Ludhiana,IMD110-P1483,1995,39.8,52.7,15.8,8.2,0.0,30.9,122.8,229.3,225.6,1.4,0.0,0.0,726.4,92.5,24.0,608.6,1.4,1485,,LUDHIANA,
Punjab,Ludhiana,IMD110-P1483,1996,39.9,54.3,19.8,6.2,0.5,115.0,75.1,147.8,109.7,32.1,0.0,1.7,602.3,94.3,26.6,447.7,33.8,1485,,LUDHIANA,
Punjab,Ludhiana,IMD110-P1483,1997,6.8,3.2,0.9,34.5,57.3,76.0,69.7,290.2,15.4,38.2,21.3,83.1,696.4,9.9,92.6,451.2,142.6,1485,,LUDHIANA,
Punjab,Ludhiana,IMD110-P1483,1998,12.0,53.3,14.7,19.3,0.7,67.8,223.0,70.5,226.4,88.1,0.0,0.0,775.6,65.3,34.7,587.6,88.1,1485,,LUDHIANA,
Punjab,Ludhiana,IMD110-P1483,1999,37.4,9.4,0.7,0.0,35.3,23.9,279.4,67.3,58.9,2.4,0.0,0.0,514.7,46.8,36.1,429.4,2.4,1485,,LUDHIANA,
Punjab,Ludhiana,IMD110-P1483,2000,34.0,26.2,37.7,1.0,19.6,87.0,144.7,88.8,71.1,0.0,0.1,0.0,510.3,60.2,58.3,391.7,0.1,1485,,LUDHIANA,
Punjab,Ludhiana,IMD110-P1483,2001,13.4,0.3,8.2,39.7,20.1,92.4,193.3,126.3,38.1,0.2,0.0,7.4,539.5,13.8,68.0,450.1,7.6,1485,,LUDHIANA,
Punjab,Ludhiana,IMD110-P1483,2002,4.6,8.6,5.8,9.6,29.8,24.7,43.9,26.3,182.6,2.9,0.4,3.1,342.2,13.1,45.2,277.5,6.4,1486,,LUDHIANA,
Punjab,Ludhiana,IMD110-P1483,2003,15.7,74.5,28.8,3.1,7.8,54.3,163.6,121.3,66.0,0.0,3.7,4.4,543.1,90.2,39.7,405.2,8.1,1486,,LUDHIANA,
Punjab,Ludhiana,IMD110-P1483,2004,43.5,3.8,0.0,7.8,34.7,37.0,39.3,161.1,4.7,43.2,0.0,0.9,376.1,47.3,42.5,242.2,44.0,1486,,LUDHIANA,
Punjab,Ludhiana,IMD110-P1483,2005,39.1,53.2,28.1,2.8,0.7,29.9,185.3,161.3,112.5,0.0,0.0,0.0,613.0,92.3,31.6,489.0,0.0,1486,,LUDHIANA,
Punjab,Ludhiana,IMD110-P1483,2006,10.9,0.0,34.0,2.8,19.5,41.3,149.2,135.0,101.8,6.4,14.3,8.9,524.0,10.9,56.3,427.2,29.6,1486,,LUDHIANA,
Punjab,Ludhiana,IMD110-P1483,2007,2.0,45.2,46.5,18.9,8.2,26.3,332.5,183.4,74.2,0.4,2.3,14.7,754.7,47.3,73.5,616.5,17.4,1486,,LUDHIANA,
Punjab,Ludhiana,IMD110-P1483,2008,9.6,5.1,0.0,36.7,41.6,178.5,97.2,343.9,63.9,28.0,3.1,4.1,811.7,14.7,78.3,683.5,35.2,1486,,LUDHIANA,
Punjab,Ludhiana,IMD110-P1483,2009,12.3,14.4,11.2,25.7,4.2,26.9,219.1,79.0,64.1,25.4,9.3,0.0,491.5,26.7,41.1,389.1,34.6,1486,,LUDHIANA,
Punjab,Ludhiana,IMD110-P1483,2010,11.2,15.2,0.4,0.0,3.5,28.1,368.6,181.2,91.8,10.5,0.2,22.3,732.9,26.4,3.9,669.7,32.9,1486,,LUDHIANA,
Punjab,Mansa,IMD110-P1487,1954,1.9,81.7,3.8,0.0,0.0,38.3,164.6,12.9,183.4,7.6,0.0,0.0,494.2,83.6,3.8,399.2,7.6,1487,,MANSA,
Punjab,Mansa,IMD110-P1487,1955,3.8,0.0,16.5,25.4,7.5,25.4,62.0,101.5,80.4,242.6,0.0,0.0,565.1,3.8,49.4,269.3,242.6,1487,,MANSA,
Punjab,Mansa,IMD110-P1487,1956,22.9,0.0,10.1,0.0,0.0,20.8,111.8,127.8,11.5,81.3,0.0,0.0,386.2,22.9,10.1,271.9,81.3,1487,,MANSA,
Punjab,Mansa,IMD110-P1487,1957,60.7,0.0,28.3,0.0,0.0,14.0,138.2,81.5,114.9,7.0,2.5,22.2,469.4,60.7,28.3,348.6,31.7,1487,,MANSA,
Punjab,Mansa,IMD110-P1487,1958,0.0,0.0,0.0,7.6,0.0,15.4,130.1,39.5,348.9,0.0,0.0,13.9,555.3,0.0,7.6,533.8,13.9,1487,,MANSA,
Punjab,Mansa,IMD110-P1487,1959,51.1,1.0,0.0,0.0,30.4,2.2,74.2,111.1,104.4,0.0,13.8,0.8,388.9,52.1,30.4,291.9,14.5,1487,,MANSA,
Punjab,Mansa,IMD110-P1487,1960,4.3,0.0,22.8,10.7,17.6,33.1,277.6,149.4,1.0,0.0,0.0,17.0,533.3,4.3,51.0,461.1,17.0,1487,,MANSA,
Punjab,Mansa,IMD110-P1487,1961,18.0,34.8,0.0,1.6,12.8,94.6,74.6,210.1,33.7,59.9,0.0,4.2,544.3,52.7,14.4,413.0,64.1,1487,,MANSA,
Punjab,Mansa,IMD110-P1487,1962,10.6,15.0,10.4,0.0,0.0,25.3,141.9,164.0,299.0,0.0,0.0,3.2,669.3,25.5,10.4,630.2,3.2,1487,,MANSA,
Punjab,Mansa,IMD110-P1487,1963,0.0,5.4,35.7,0.1,6.0,30.5,33.8,168.1,32.0,0.0,0.0,3.2,314.8,5.4,41.8,264.4,3.2,1487,,MANSA,
Punjab,Mansa,IMD110-P1487,1964,0.0,13.9,1.0,0.0,16.0,5.0,437.2,87.0,40.0,0.0,0.0,0.0,600.0,13.9,17.0,569.2,0.0,1487,,MANSA,
Punjab,Mansa,IMD110-P1487,1965,0.0,9.1,6.7,25.5,24.6,0.0,87.5,93.9,4.5,3.5,0.0,0.0,255.3,9.1,56.8,185.9,3.5,1487,,MANSA,
Punjab,Mansa,IMD110-P1487,1966,0.0,57.0,14.0,0.0,17.3,60.8,17.3,421.3,42.7,6.0,0.0,0.0,636.3,57.0,31.3,542.0,6.0,1487,,MANSA,
Punjab,Mansa,IMD110-P1487,1967,0.0,0.0,46.9,12.0,0.0,6.3,142.1,133.4,27.4,4.0,1.3,35.2,408.5,0.0,58.9,309.2,40.4,1487,,MANSA,
Punjab,Mansa,IMD110-P1487,1968,19.9,,23.9,0.0,0.1,4.1,226.4,129.5,0.0,0.0,0.0,0.0,,,24.0,360.0,0.0,1487,missing_months,MANSA,
Punjab,Mansa,IMD110-P1487,1969,0.0,27.3,15.9,0.0,16.3,18.6,134.6,74.4,222.6,0.0,0.0,0.0,509.6,27.3,32.2,450.3,0.0,1487,,MANSA,
Punjab,Mansa,IMD110-P1487,1970,30.0,43.2,0.0,0.0,4.5,69.8,16.5,210.3,94.8,0.0,0.0,0.0,469.1,73.2,4.5,391.5,0.0,1487,,MANSA,
Punjab,Mansa,IMD110-P1487,1973,,,0.0,,50.8,,43.0,338.1,,,0.0,1.0,,,,,,1487,missing_months,MANSA,
Punjab,Mansa,IMD110-P1487,1974,0.0,0.0,0.0,0.0,0.0,58.2,101.4,56.3,13.0,0.0,0.0,0.0,228.9,0.0,0.0,228.9,0.0,1487,,MANSA,
Punjab,Mansa,IMD110-P1487,1975,10.6,7.5,0.0,6.4,1.3,11.2,208.8,141.9,24.0,31.3,0.0,0.0,442.9,18.1,7.7,385.9,31.3,1487,,MANSA,
Punjab,Mansa,IMD110-P1487,1976,12.5,32.7,0.0,3.5,19.5,60.6,102.9,205.5,16.1,0.0,0.0,0.0,453.3,45.2,23.0,385.1,0.0,1487,,MANSA,
Punjab,Mansa,IMD110-P1487,1977,31.4,0.0,0.0,25.8,11.0,5.8,144.7,110.4,175.0,16.2,,0.0,,31.4,36.8,435.9,,1487,missing_months,MANSA,
Punjab,Mansa,IMD110-P1487,1978,0.0,62.6,57.2,0.0,0.0,56.8,245.5,137.6,49.5,0.0,0.0,0.0,609.3,62.6,57.2,489.4,0.0,1487,,MANSA,
Punjab,Mansa,IMD110-P1487,1979,10.0,,11.0,1.1,15.8,5.0,62.3,36.9,,0.0,7.7,12.0,,,27.9,,19.7,1487,missing_months,MANSA,
Punjab,Mansa,IMD110-P1487,1980,,9.0,20.0,0.0,4.0,,111.0,44.0,14.2,12.0,0.0,6.0,,,24.0,,18.0,1487,missing_months,MANSA,
Punjab,Mansa,IMD110-P1487,1981,5.4,10.6,27.5,0.0,0.0,0.0,46.5,29.5,15.1,0.0,38.5,0.0,173.1,16.0,27.5,91.1,38.5,1487,,MANSA,
Punjab,Mansa,IMD110-P1487,1982,12.0,30.5,58.0,12.0,27.5,5.0,24.5,91.5,0.0,0.0,4.5,7.5,273.0,42.5,97.5,121.0,12.0,1487,,MANSA,
Punjab,Mansa,IMD110-P1487,1983,21.5,0.6,9.5,87.3,9.5,21.5,70.1,117.0,51.5,21.5,0.0,2.5,412.5,22.1,106.3,260.1,24.0,1487,,MANSA,
Punjab,Mansa,IMD110-P1487,1984,0.0,18.5,0.0,1.5,0.0,8.0,61.6,145.6,35.0,0.0,0.0,0.0,270.2,18.5,1.5,250.2,0.0,1487,,MANSA,
Punjab,Mansa,IMD110-P1487,1985,0.0,0.0,0.0,7.0,0.0,31.0,127.5,427.5,20.0,0.0,0.0,14.0,627.0,0.0,7.0,606.0,14.0,1487,,MANSA,
Punjab,Mansa,IMD110-P1487,1986,5.5,17.0,1.0,0.0,12.0,38.0,19.5,68.0,22.5,12.0,0.0,0.0,195.5,22.5,13.0,148.0,12.0,1487,,MANSA,
Punjab,Mansa,IMD110-P1487,1987,1.5,1.0,9.5,7.5,28.0,41.0,22.5,16.5,0.0,0.5,0.0,0.0,128.0,2.5,45.0,80.0,0.5,1487,,MANSA,
Punjab,Mansa,IMD110-P1487,1988,0.0,,0.0,0.0,0.0,40.5,182.0,174.0,324.0,0.0,0.0,9.5,,,0.0,720.5,9.5,1487,missing_months,MANSA,
Punjab,Mansa,IMD110-P1487,1989,20.5,1.0,0.0,0.0,0.0,67.0,78.0,44.0,0.0,0.0,0.0,17.5,228.1,21.5,0.0,189.0,17.5,1488,,MANSA,
Punjab,Mansa,IMD110-P1487,1990,0.0,18.0,0.5,5.5,1.5,13.5,98.0,131.5,163.0,0.0,6.0,21.5,459.0,18.0,7.5,406.0,27.5,1488,,MANSA,
Punjab,Mansa,IMD110-P1487,1991,,20.5,0.0,41.5,0.0,147.6,16.5,79.5,0.0,0.0,0.0,17.5,,,41.5,243.6,17.5,1488,missing_months,MANSA,
Punjab,Mansa,IMD110-P1487,1992,18.5,42.5,0.0,0.0,0.0,5.0,198.0,94.5,32.5,0.0,1.5,0.0,392.5,61.0,0.0,330.0,1.5,1488,,MANSA,
Punjab,Mansa,IMD110-P1487,1993,0.0,17.5,0.5,0.0,4.0,21.0,188.5,13.5,57.8,0.0,0.0,0.0,302.8,17.5,4.5,280.8,0.0,1488,,MANSA,
Punjab,Mansa,IMD110-P1487,1994,12.0,11.9,0.0,0.0,0.0,18.4,31.5,92.0,51.8,0.0,0.0,0.0,217.5,23.9,0.0,193.6,0.0,1488,,MANSA,
Punjab,Mansa,IMD110-P1487,1995,26.5,28.0,8.5,0.0,0.0,31.5,117.9,175.9,47.5,2.5,0.0,0.0,438.3,54.5,8.5,372.8,2.5,1488,,MANSA,
Punjab,Mansa,IMD110-P1487,1996,,32.3,10.5,0.0,5.0,26.2,14.8,30.0,15.0,4.0,0.0,0.0,,,15.5,86.0,4.0,1488,missing_months,MANSA,
Punjab,Mansa,IMD110-P1487,1997,5.0,0.0,7.5,32.5,34.0,29.5,53.0,136.6,0.0,5.0,6.4,47.6,357.1,5.0,74.0,219.1,59.0,1488,,MANSA,
Punjab,Mansa,IMD110-P1487,1998,0.0,65.0,15.0,0.0,1.1,35.0,64.8,22.5,170.3,54.8,0.0,0.0,428.6,65.0,16.1,292.6,54.8,1488,,MANSA,
Punjab,Mansa,IMD110-P1487,1999,24.5,,0.3,0.0,18.0,21.5,46.3,6.5,7.5,0.0,0.0,0.0,,,18.3,81.8,0.0,1488,missing_months,MANSA,
Punjab,Mansa,IMD110-P1487,2000,24.1,21.8,0.0,0.0,25.0,10.0,150.4,11.7,1.0,0.0,0.0,0.0,244.0,45.9,25.0,173.1,0.0,1488,,MANSA,
Punjab,Mansa,IMD110-P1487,2001,0.0,0.0,0.0,3.1,110.0,74.0,62.1,17.5,0.0,0.0,0.0,0.0,266.7,0.0,113.1,153.6,0.0,1488,,MANSA,
Punjab,Mansa,IMD110-P1487,2002,0.0,2.4,1.8,0.0,16.2,2.8,15.4,1.0,26.4,0.0,0.0,5.5,71.4,2.4,18.0,45.5,5.5,1488,,MANSA,
Punjab,Mansa,IMD110-P1487,2003,0.9,27.1,6.4,0.0,5.0,3.2,86.3,90.2,21.5,0.0,0.0,0.0,240.6,28.0,11.4,201.2,0.0,1488,,MANSA,
Punjab,Mansa,IMD110-P1487,2004,10.0,2.5,0.0,,12.9,54.7,0.0,65.6,0.0,1.4,0.0,2.5,,12.5,,120.3,3.9,1488,missing_months,MANSA,
Punjab,Mansa,IMD110-P1487,2005,21.8,27.2,14.5,0.6,4.0,18.0,102.5,43.5,97.3,0.0,0.0,,,49.0,19.1,261.3,,1488,missing_months,MANSA,
Punjab,Mansa,IMD110-P1487,2006,,,,,,,,,,,,0.0,,,,,,1488,missing_months,MANSA,
Punjab,Mansa,IMD110-P1487,2007,0.0,35.7,13.7,5.6,0.0,57.6,70.6,,,0.0,,,,35.7,19.3,,,1488,missing_months,MANSA,
Punjab,Mansa,IMD110-P1487,2008,2.0,,0.0,10.0,47.9,222.9,,,17.4,2.8,0.0,0.0,,,57.9,,2.8,1488,missing_months,MANSA,
Punjab,Mansa,IMD110-P1487,2009,0.0,10.5,15.0,11.0,1.0,3.6,198.1,7.8,34.4,10.1,0.0,0.0,291.6,10.5,27.0,243.9,10.1,1488,,MANSA,
Punjab,Mansa,IMD110-P1487,2010,,,0.0,0.0,0.0,13.6,,,,0.0,,5.0,,,0.0,,,1488,missing_months,MANSA,
Punjab,Moga,IMD110-P1489,1901,24.6,44.5,37.8,4.8,32.5,7.1,71.2,48.9,65.3,0.0,0.0,1.3,338.0,69.1,75.1,192.5,1.3,1489,,MOGA,
Punjab,Moga,IMD110-P1489,1902,0.0,0.0,9.2,13.0,44.4,37.1,150.8,158.2,8.3,4.0,0.0,0.0,425.0,0.0,66.6,354.4,4.0,1489,,MOGA,
Punjab,Moga,IMD110-P1489,1903,3.8,0.0,57.2,1.3,4.8,0.0,298.5,78.4,97.6,8.1,0.0,0.0,549.7,3.8,63.3,474.5,8.1,1489,,MOGA,
Punjab,Moga,IMD110-P1489,1904,12.2,0.0,54.9,0.0,4.0,17.3,59.4,74.5,85.9,,9.4,29.5,,12.2,58.9,237.1,,1489,missing_months,MOGA,
Punjab,Moga,IMD110-P1489,1905,44.2,39.8,12.7,0.0,0.0,12.2,146.7,3.0,73.6,1.5,0.0,6.1,339.8,84.0,12.7,235.5,7.6,1489,,MOGA,
Punjab,Moga,IMD110-P1489,1906,3.5,77.2,53.1,0.0,0.0,25.4,25.4,64.3,135.9,0.0,0.0,26.7,411.5,80.7,53.1,251.0,26.7,1489,,MOGA,
Punjab,Moga,IMD110-P1489,1907,17.2,115.5,30.7,20.6,8.4,20.8,117.4,338.2,0.0,0.0,0.0,0.0,668.8,132.7,59.7,476.4,0.0,1489,,MOGA,
Punjab,Moga,IMD110-P1489,1908,45.2,0.0,0.0,54.3,4.1,0.0,212.9,313.9,18.0,0.0,1.8,0.0,650.2,45.2,58.4,544.8,1.8,1489,,MOGA,
Punjab,Moga,IMD110-P1489,1909,18.8,13.7,0.0,59.0,0.0,68.8,212.5,48.1,112.6,0.0,0.0,45.8,579.3,32.5,59.0,442.0,45.8,1489,,MOGA,
Punjab,Moga,IMD110-P1489,1910,11.7,6.1,0.8,13.5,10.4,82.0,103.1,167.0,80.0,3.0,0.0,1.8,479.4,17.8,24.7,432.1,4.8,1489,,MOGA,
Punjab,Moga,IMD110-P1489,1911,119.9,2.0,65.2,5.8,0.0,78.6,10.9,120.4,26.7,6.9,44.0,0.0,480.4,121.9,71.0,236.6,50.9,1489,,MOGA,
Punjab,Moga,IMD110-P1489,1912,43.7,2.0,5.6,31.1,12.2,1.0,136.2,194.0,65.8,0.0,21.1,5.8,518.5,45.7,48.9,397.0,26.9,1489,,MOGA,
Punjab,Moga,IMD110-P1489,1913,0.0,41.3,45.2,3.0,36.5,24.3,159.4,38.6,10.4,0.0,0.0,14.2,372.9,41.3,84.7,232.7,14.2,1489,,MOGA,
Punjab,Moga,IMD110-P1489,1914,15.2,22.8,10.9,65.6,20.4,8.9,191.5,81.8,192.3,61.4,8.2,3.8,682.8,38.0,96.9,474.5,73.4,1489,,MOGA,
Punjab,Moga,IMD110-P1489,1915,30.8,59.6,44.2,0.0,7.3,20.3,34.0,58.9,113.2,23.9,0.0,1.5,393.7,90.4,51.5,226.4,25.4,1489,,MOGA,
Punjab,Moga,IMD110-P1489,1916,0.8,10.7,2.8,9.4,6.8,25.7,145.7,115.4,24.4,5.4,0.0,0.0,347.1,11.5,19.0,311.2,5.4,1489,,MOGA,
Punjab,Moga,IMD110-P1489,1917,10.7,0.0,20.8,109.8,61.3,73.4,141.0,149.5,395.5,136.7,0.0,6.6,1105.3,10.7,191.9,759.4,143.3,1489,,MOGA,
Punjab,Moga,IMD110-P1489,1918,1.5,0.0,53.3,65.8,0.0,6.6,32.2,168.5,77.0,0.0,0.0,4.3,409.2,1.5,119.1,284.3,4.3,1489,,MOGA,
Punjab,Moga,IMD110-P1489,1919,78.1,4.6,10.1,6.0,0.0,0.0,51.5,59.4,17.2,0.0,0.0,14.4,241.3,82.7,16.1,128.1,14.4,1489,,MOGA,
Punjab,Moga,IMD110-P1489,1920,33.1,13.9,10.2,0.0,33.0,13.5,103.4,41.4,28.2,0.0,0.0,0.0,276.7,47.0,43.2,186.5,0.0,1489,,MOGA,
Punjab,Moga,IMD110-P1489,1921,25.6,0.0,0.0,0.0,0.0,10.6,84.8,82.6,73.7,33.3,0.0,10.4,321.0,25.6,0.0,251.7,43.7,1489,,MOGA,
Punjab,Moga,IMD110-P1489,1922,23.1,4.6,0.0,0.0,0.0,27.1,90.2,40.4,171.3,0.0,0.0,45.9,402.6,27.7,0.0,329.0,45.9,1489,,MOGA,
Punjab,Moga,IMD110-P1489,1923,32.6,65.0,0.0,15.5,48.0,44.5,227.4,331.9,1.3,0.0,0.0,32.0,798.2,97.6,63.5,605.1,32.0,1489,,MOGA,
Punjab,Moga,IMD110-P1489,1924,23.1,43.1,0.5,1.0,5.3,0.0,118.9,88.7,131.7,0.0,0.0,26.4,438.7,66.2,6.8,339.3,26.4,1489,,MOGA,
Punjab,Moga,IMD110-P1489,1925,8.7,0.0,0.0,0.0,31.2,95.3,174.5,148.1,0.0,6.8,0.0,0.0,464.6,8.7,31.2,417.9,6.8,1489,,MOGA,
Punjab,Moga,IMD110-P1489,1926,19.1,4.8,17.8,23.9,41.6,2.1,141.6,154.1,27.4,0.0,0.0,7.4,439.8,23.9,83.3,325.2,7.4,1489,,MOGA,
Punjab,Moga,IMD110-P1489,1927,0.0,20.4,4.8,4.6,13.0,3.0,163.5,65.0,0.0,0.0,7.4,20.6,302.3,20.4,22.4,231.5,28.0,1489,,MOGA,
Punjab,Moga,IMD110-P1489,1928,22.1,7.6,6.4,2.3,0.0,8.8,98.9,122.4,26.2,0.0,48.6,37.6,380.9,29.7,8.7,256.3,86.2,1489,,MOGA,
Punjab,Moga,IMD110-P1489,1929,3.0,0.0,0.0,0.0,0.0,43.9,75.3,115.7,0.0,0.0,0.0,25.4,263.3,3.0,0.0,234.9,25.4,1489,,MOGA,
Punjab,Moga,IMD110-P1489,1930,11.2,23.9,2.8,10.7,11.2,40.0,173.3,65.4,56.4,0.0,0.0,2.8,397.7,35.1,24.7,335.1,2.8,1489,,MOGA,
Punjab,Moga,IMD110-P1489,1931,18.1,9.7,4.3,0.8,7.4,3.5,163.3,174.0,22.4,0.0,0.0,0.0,403.5,27.8,12.5,363.2,0.0,1489,,MOGA,
Punjab,Moga,IMD110-P1489,1932,7.9,1.0,23.2,15.7,3.1,24.9,175.8,104.5,12.4,0.0,0.0,0.0,368.5,8.9,42.0,317.6,0.0,1489,,MOGA,
Punjab,Moga,IMD110-P1489,1933,6.8,20.8,19.8,2.8,52.6,0.0,103.1,314.4,245.6,20.6,0.0,0.0,786.5,27.6,75.2,663.1,20.6,1489,,MOGA,
Punjab,Moga,IMD110-P1489,1934,23.6,0.0,28.0,3.1,2.3,63.1,194.8,132.5,21.0,0.0,0.0,6.4,474.8,23.6,33.4,411.4,6.4,1490,,MOGA,
Punjab,Moga,IMD110-P1489,1935,62.4,31.0,16.0,16.0,6.1,13.7,112.0,129.3,43.7,10.1,8.9,9.1,458.3,93.4,38.1,298.7,28.1,1490,,MOGA,
Punjab,Moga,IMD110-P1489,1936,0.8,44.0,15.8,9.4,0.0,16.4,178.4,92.0,42.2,40.6,0.0,18.0,457.6,44.8,25.2,329.0,58.6,1490,,MOGA,
Punjab,Moga,IMD110-P1489,1937,2.0,75.4,7.4,61.2,28.5,46.1,138.9,0.0,43.0,6.6,3.6,21.3,434.0,77.4,97.1,228.0,31.5,1490,,MOGA,
Punjab,Moga,IMD110-P1489,1938,94.3,25.4,1.8,10.9,0.0,124.1,19.5,35.4,0.0,24.9,0.0,0.0,336.3,119.7,12.7,179.0,24.9,1490,,MOGA,
Punjab,Moga,IMD110-P1489,1939,8.1,36.4,54.5,0.8,0.0,38.3,67.6,37.0,22.7,0.0,0.0,0.0,265.4,44.5,55.3,165.6,0.0,1490,,MOGA,
Punjab,Moga,IMD110-P1489,1940,32.5,52.0,4.1,1.8,0.0,23.4,97.3,323.1,14.7,0.0,0.0,0.0,548.9,84.5,5.9,458.5,0.0,1490,,MOGA,
Punjab,Moga,IMD110-P1489,1941,45.0,0.0,8.4,0.0,17.8,47.0,216.4,100.1,26.4,0.0,0.0,5.1,466.2,45.0,26.2,389.9,5.1,1490,,MOGA,
Punjab,Moga,IMD110-P1489,1942,15.2,21.1,15.7,2.0,2.0,31.0,248.9,302.1,121.6,5.3,0.0,26.9,791.8,36.3,19.7,703.6,32.2,1490,,MOGA,
Punjab,Moga,IMD110-P1489,1943,46.5,0.0,14.0,1.8,5.6,11.5,63.7,77.5,17.2,0.0,0.0,0.0,237.8,46.5,21.4,169.9,0.0,1490,,MOGA,
Punjab,Moga,IMD110-P1489,1944,23.1,45.7,27.5,45.7,0.0,29.5,179.3,174.9,57.1,0.5,0.0,0.0,583.3,68.8,73.2,440.8,0.5,1490,,MOGA,
Punjab,Moga,IMD110-P1489,1945,48.0,0.0,16.8,4.3,4.1,18.8,119.4,183.4,388.5,0.0,0.0,0.0,783.3,48.0,25.2,710.1,0.0,1490,,MOGA,
Punjab,Moga,IMD110-P1489,1946,0.0,27.4,1.5,0.0,12.6,63.7,9.1,65.0,0.0,18.0,2.5,28.7,228.5,27.4,14.1,137.8,49.2,1490,,MOGA,
Punjab,Moga,IMD110-P1489,1947,11.7,5.4,7.1,0.0,22.1,0.0,,215.5,321.3,0.0,0.0,26.2,,17.1,29.2,,26.2,1490,missing_months,MOGA,
Punjab,Moga,IMD110-P1489,1948,19.8,47.7,,1.3,0.0,2.8,92.7,188.0,50.3,0.0,0.0,23.8,,67.5,,333.8,23.8,1490,missing_months,MOGA,
Punjab,Moga,IMD110-P1489,1949,8.4,60.7,0.5,0.0,12.0,89.1,264.3,59.5,64.5,0.0,0.0,9.6,568.6,69.1,12.5,477.4,9.6,1490,,MOGA,
Punjab,Moga,IMD110-P1489,1950,20.8,4.6,17.5,0.0,0.0,25.2,107.4,136.0,461.3,0.0,0.0,0.0,772.8,25.4,17.5,729.9,0.0,1490,,MOGA,
Punjab,Moga,IMD110-P1489,1951,14.3,0.0,43.5,9.6,19.8,0.0,190.5,119.7,0.0,0.0,26.7,0.0,424.1,14.3,72.9,310.2,26.7,1490,,MOGA,
Punjab,Moga,IMD110-P1489,1952,2.5,32.7,18.6,0.0,5.8,47.5,134.8,29.9,0.0,1.5,0.0,0.0,273.3,35.2,24.4,212.2,1.5,1490,,MOGA,
Punjab,Moga,IMD110-P1489,1953,31.9,0.0,0.0,1.5,0.0,26.4,259.6,80.0,89.9,0.0,0.0,6.4,495.7,31.9,1.5,455.9,6.4,1490,,MOGA,
Punjab,Moga,IMD110-P1489,1954,,62.8,4.3,0.0,0.0,16.1,63.1,5.6,209.9,45.8,0.0,0.0,,,4.3,294.7,45.8,1490,missing_months,MOGA,
Punjab,Moga,IMD110-P1489,1955,20.3,0.0,12.5,0.0,14.7,20.6,72.9,172.2,63.2,529.8,0.0,0.0,906.2,20.3,27.2,328.9,529.8,1490,,MOGA,
Punjab,Moga,IMD110-P1489,1956,8.3,3.3,68.3,0.0,0.0,3.0,186.4,155.2,4.6,114.5,0.0,0.0,543.6,11.6,68.3,349.2,114.5,1490,,MOGA,
Punjab,Moga,IMD110-P1489,1957,92.7,0.0,34.8,8.4,13.2,8.1,149.1,78.0,11.2,4.6,0.0,32.3,432.4,92.7,56.4,246.4,36.9,1490,,MOGA,
Punjab,Moga,IMD110-P1489,1958,4.1,5.8,0.0,0.0,0.0,38.8,0.0,3.8,302.1,0.0,0.0,27.5,382.1,9.9,0.0,344.7,27.5,1490,,MOGA,
Punjab,Moga,IMD110-P1489,1959,54.1,8.7,4.6,27.2,3.1,17.3,183.5,144.2,70.1,0.0,16.5,0.0,529.3,62.8,34.9,415.1,16.5,1490,,MOGA,
Punjab,Moga,IMD110-P1489,1960,6.3,0.0,11.2,0.0,0.0,22.6,82.0,140.9,24.1,0.0,0.0,25.8,312.9,6.3,11.2,269.6,25.8,1490,,MOGA,
Punjab,Moga,IMD110-P1489,1961,20.3,32.8,9.9,17.0,4.1,96.0,193.7,208.4,76.0,41.4,0.0,0.0,699.6,53.1,31.0,574.1,41.4,1490,,MOGA,
Punjab,Moga,IMD110-P1489,1962,0.0,0.3,41.3,31.3,5.1,12.7,340.6,152.1,521.7,0.0,15.5,0.0,1120.6,0.3,77.7,1027.1,15.5,1490,,MOGA,
Punjab,Moga,IMD110-P1489,1963,0.0,4.4,24.1,0.0,37.9,0.0,104.3,214.3,81.3,0.0,0.0,9.9,476.2,4.4,62.0,399.9,9.9,1490,,MOGA,
Punjab,Moga,IMD110-P1489,1964,7.0,1.8,3.0,0.8,7.9,12.5,300.2,232.0,10.9,0.0,0.0,0.0,576.1,8.8,11.7,555.6,0.0,1490,,MOGA,
Punjab,Moga,IMD110-P1489,1965,9.4,4.4,2.0,20.3,43.9,10.7,253.0,78.0,0.0,17.8,0.0,0.0,439.5,13.8,66.2,341.7,17.8,1490,,MOGA,
Punjab,Moga,IMD110-P1489,1966,0.0,43.2,9.6,1.8,39.3,5.1,126.5,171.3,132.2,,0.0,0.0,,43.2,50.7,435.1,,1490,missing_months,MOGA,
Punjab,Moga,IMD110-P1489,1967,0.0,9.6,24.1,0.0,0.0,0.0,169.3,371.5,48.1,13.5,0.0,55.7,691.8,9.6,24.1,588.9,69.2,1490,,MOGA,
Punjab,Moga,IMD110-P1489,1968,9.2,24.1,24.8,0.0,0.0,40.6,8.9,3.2,0.0,0.0,0.0,0.0,110.8,33.3,24.8,52.7,0.0,1491,,MOGA,
Punjab,Moga,IMD110-P1489,1969,0.0,11.3,12.7,0.0,55.5,0.0,64.6,75.4,0.0,0.0,0.0,0.0,219.5,11.3,68.2,140.0,0.0,1491,,MOGA,
Punjab,Moga,IMD110-P1489,1970,106.7,12.7,7.6,0.0,24.9,85.2,21.6,134.6,42.5,0.0,0.0,0.0,435.8,119.4,32.5,283.9,0.0,1491,,MOGA,
Punjab,Moga,IMD110-P1489,1972,2.0,14.0,10.0,4.0,0.0,3.0,88.0,197.0,14.0,0.0,16.0,8.0,356.0,16.0,14.0,302.0,24.0,1491,,MOGA,
Punjab,Moga,IMD110-P1489,1973,,,,,82.0,,200.0,101.0,,,0.0,27.0,,,,,,1491,missing_months,MOGA,
Punjab,Moga,IMD110-P1489,1974,0.0,0.0,0.0,0.0,2.7,59.4,106.6,71.7,0.0,0.0,0.0,1.0,241.4,0.0,2.7,237.7,1.0,1491,,MOGA,
Punjab,Moga,IMD110-P1489,1975,11.4,6.2,5.8,0.0,10.5,15.2,160.1,133.7,34.0,0.0,0.0,0.0,376.9,17.6,16.3,343.0,0.0,1491,,MOGA,
Punjab,Moga,IMD110-P1489,1976,41.6,53.4,23.2,16.6,9.2,79.6,115.2,331.2,53.2,0.0,0.0,0.0,723.2,95.0,49.0,579.2,0.0,1491,,MOGA,
Punjab,Moga,IMD110-P1489,1977,26.0,0.0,8.4,59.6,82.8,167.6,137.2,155.2,125.6,0.0,,49.8,,26.0,150.8,585.6,,1491,missing_months,MOGA,
Punjab,Moga,IMD110-P1489,1978,5.4,25.6,11.0,0.0,0.0,96.4,316.0,108.0,,0.0,0.0,0.0,,31.0,11.0,,0.0,1491,missing_months,MOGA,
Punjab,Moga,IMD110-P1489,1979,24.4,,38.9,0.0,15.2,23.0,155.2,29.0,,0.0,5.6,0.0,,,54.1,,5.6,1491,missing_months,MOGA,
Punjab,Moga,IMD110-P1489,1980,,3.0,20.4,5.0,0.0,,218.2,80.5,24.0,11.0,4.2,11.0,,,25.4,,26.2,1491,missing_months,MOGA,
Punjab,Moga,IMD110-P1489,1981,31.0,11.0,43.0,0.0,0.0,0.0,64.9,8.4,10.0,0.0,19.0,0.0,187.3,42.0,43.0,83.3,19.0,1491,,MOGA,
Punjab,Moga,IMD110-P1489,1982,5.2,4.0,20.0,28.9,46.8,3.0,2.0,216.6,0.0,0.0,11.0,6.7,344.2,9.2,95.7,221.6,17.7,1491,,MOGA,
Punjab,Moga,IMD110-P1489,1983,47.4,7.9,9.8,83.3,14.5,12.4,82.4,176.4,36.1,10.0,0.0,1.4,481.6,55.3,107.6,307.3,11.4,1491,,MOGA,
Punjab,Moga,IMD110-P1489,1988,,,,,,,,,,,0.0,14.7,,,,,,1491,missing_months,MOGA,
Punjab,Moga,IMD110-P1489,1989,29.3,3.6,15.0,0.0,0.0,18.0,59.0,37.4,1.2,0.0,0.0,20.5,184.0,32.9,15.0,115.6,20.5,1491,,MOGA,
Punjab,Moga,IMD110-P1489,1990,2.6,25.7,8.5,0.0,1.8,2.7,150.7,102.8,73.0,0.0,3.6,12.5,383.9,28.3,10.3,329.2,16.1,1491,,MOGA,
Punjab,Moga,IMD110-P1489,1991,,33.5,3.1,15.7,,91.1,27.0,56.6,8.4,3.6,0.0,9.2,,,,183.1,12.8,1491,missing_months,MOGA,
Punjab,Moga,IMD110-P1489,1992,18.5,13.4,2.4,0.0,2.1,3.8,55.5,,32.1,0.0,,0.0,,31.9,4.5,,,1491,missing_months,MOGA,
Punjab,Moga,IMD110-P1489,1993,6.8,2.2,7.8,2.6,7.0,39.7,93.8,12.6,77.5,0.0,0.0,0.0,250.0,9.0,17.4,223.6,0.0,1491,,MOGA,
Punjab,Moga,IMD110-P1489,1994,19.4,12.8,0.0,0.0,0.0,48.0,95.0,389.8,184.9,0.0,0.0,0.0,749.9,32.2,0.0,717.7,0.0,1491,,MOGA,
Punjab,Moga,IMD110-P1489,1995,73.5,17.2,2.8,1.2,1.2,25.4,74.0,269.5,11.0,0.0,0.0,0.0,475.8,90.7,5.2,379.9,0.0,1491,,MOGA,
Punjab,Moga,IMD110-P1489,1996,,35.6,19.9,11.7,8.0,139.3,6.6,269.6,50.9,37.4,0.0,0.0,,,39.6,466.4,37.4,1491,missing_months,MOGA,
Punjab,Moga,IMD110-P1489,1997,17.5,1.1,6.5,53.9,73.9,68.2,54.2,214.9,1.6,33.2,18.4,8.2,551.6,18.6,134.3,338.9,59.8,1491,,MOGA,
Punjab,Moga,IMD110-P1489,1998,,,,,1.8,,68.0,24.2,98.1,0.0,0.0,0.0,,,,,0.0,1491,missing_months,MOGA,
Punjab,Moga,IMD110-P1489,1999,38.7,,4.2,0.0,16.8,13.2,65.0,58.5,26.9,4.0,0.0,0.2,,,21.0,163.6,4.2,1491,missing_months,MOGA,
Punjab,Moga,IMD110-P1489,2000,,13.0,10.0,0.0,0.0,10.7,71.6,31.2,15.4,0.0,2.4,0.0,,,10.0,128.9,2.4,1491,missing_months,MOGA,
Punjab,Moga,IMD110-P1489,2001,7.4,0.0,4.1,8.8,12.7,99.6,78.4,0.8,3.0,0.0,0.0,2.6,217.4,7.4,25.6,181.8,2.6,1491,,MOGA,
Punjab,Moga,IMD110-P1489,2002,0.0,1.8,2.0,0.0,15.6,13.8,35.2,31.5,128.3,0.0,0.0,0.0,228.2,1.8,17.6,208.8,0.0,1491,,MOGA,
Punjab,Moga,IMD110-P1489,2003,0.0,0.0,0.0,0.0,0.0,8.8,43.8,29.3,3.7,0.0,2.2,0.0,87.8,0.0,0.0,85.6,2.2,1491,,MOGA,
Punjab,Moga,IMD110-P1489,2004,23.0,2.4,0.0,,6.6,7.8,10.0,41.0,16.1,8.4,0.0,9.1,,25.4,,74.9,17.5,1491,missing_months,MOGA,
Punjab,Moga,IMD110-P1489,2005,34.5,34.7,13.8,7.3,1.0,5.2,60.1,61.0,70.2,0.0,0.0,,,69.2,22.1,196.5,,1491,missing_months,MOGA,
Punjab,Moga,IMD110-P1489,2006,,,,,,,,,,,,4.9,,,,,,1491,missing_months,MOGA,
Punjab,Moga,IMD110-P1489,2007,0.0,50.2,29.8,0.0,0.0,33.2,58.0,,,0.0,,,,50.2,29.8,,,1492,missing_months,MOGA,
Punjab,Moga,IMD110-P1489,2008,5.6,1.2,0.0,0.0,44.8,129.2,,,10.5,0.0,0.0,0.0,,6.8,44.8,,0.0,1492,missing_months,MOGA,
Punjab,Moga,IMD110-P1489,2009,5.6,1.2,0.0,0.0,44.6,3.2,65.4,39.6,89.5,7.4,1.8,0.0,258.3,6.8,44.6,197.7,9.2,1492,,MOGA,
Punjab,Moga,IMD110-P1489,2010,,,1.0,0.0,0.0,,293.8,,,0.0,,,,,1.0,,,1492,missing_months,MOGA,
Punjab,Muktesar,IMD110-P1493,1901,4.3,33.3,11.7,0.0,13.4,0.0,58.1,61.3,0.0,0.0,0.0,0.0,182.1,37.6,25.1,119.4,0.0,1493,,MUKTESAR,
Punjab,Muktesar,IMD110-P1493,1902,0.0,0.0,7.9,3.0,4.4,70.9,64.6,24.7,56.4,4.8,0.0,0.3,237.0,0.0,15.3,216.6,5.1,1493,,MUKTESAR,
Punjab,Muktesar,IMD110-P1493,1903,9.9,0.0,39.1,0.0,1.8,10.2,190.6,29.9,10.7,0.0,0.0,0.0,292.2,9.9,40.9,241.4,0.0,1493,,MUKTESAR,
Punjab,Muktesar,IMD110-P1493,1904,24.6,0.0,46.2,0.5,17.8,22.3,25.4,32.6,84.3,3.3,17.1,1.8,275.9,24.6,64.5,164.6,22.2,1493,,MUKTESAR,
Punjab,Muktesar,IMD110-P1493,1905,42.3,22.1,2.3,0.0,0.0,17.8,138.7,0.0,211.1,0.0,0.0,10.1,444.4,64.4,2.3,367.6,10.1,1493,,MUKTESAR,
Punjab,Muktesar,IMD110-P1493,1906,0.0,69.7,35.9,0.0,9.4,40.9,75.4,22.7,216.3,3.8,0.0,4.3,478.4,69.7,45.3,355.3,8.1,1493,,MUKTESAR,
Punjab,Muktesar,IMD110-P1493,1907,8.1,35.6,23.7,93.8,6.4,38.9,55.7,122.3,0.0,1.0,0.0,0.0,385.5,43.7,123.9,216.9,1.0,1493,,MUKTESAR,
Punjab,Muktesar,IMD110-P1493,1908,20.3,0.0,0.0,39.5,3.8,5.1,150.7,318.0,8.6,11.4,0.0,0.0,557.4,20.3,43.3,482.4,11.4,1493,,MUKTESAR,
Punjab,Muktesar,IMD110-P1493,1909,12.4,6.9,0.0,32.3,0.0,67.4,179.9,114.8,110.9,0.0,0.0,20.9,545.5,19.3,32.3,473.0,20.9,1493,,MUKTESAR,
Punjab,Muktesar,IMD110-P1493,1910,11.0,0.8,0.0,0.0,0.0,90.4,60.5,140.2,0.0,5.8,0.0,5.3,314.0,11.8,0.0,291.1,11.1,1493,,MUKTESAR,
Punjab,Muktesar,IMD110-P1493,1911,64.5,10.2,73.5,0.0,0.0,59.7,29.5,48.3,5.3,5.1,31.8,0.0,327.9,74.7,73.5,142.8,36.9,1493,,MUKTESAR,
Punjab,Muktesar,IMD110-P1493,1912,43.0,0.0,6.6,24.4,15.2,3.8,68.6,142.1,17.8,0.0,18.1,4.1,343.7,43.0,46.2,232.3,22.2,1493,,MUKTESAR,
Punjab,Muktesar,IMD110-P1493,1913,0.0,39.8,37.2,0.0,22.3,41.9,81.6,5.1,42.0,0.0,1.8,3.3,275.0,39.8,59.5,170.6,5.1,1493,,MUKTESAR,
Punjab,Muktesar,IMD110-P1493,1914,28.7,14.0,0.0,26.7,0.0,24.9,238.5,53.1,90.3,24.4,0.0,0.0,500.6,42.7,26.7,406.8,24.4,1493,,MUKTESAR,
Punjab,Muktesar,IMD110-P1493,1915,10.7,48.6,17.5,0.0,0.0,1.3,5.8,14.7,54.9,39.6,0.0,0.0,193.1,59.3,17.5,76.7,39.6,1493,,MUKTESAR,
Punjab,Muktesar,IMD110-P1493,1916,2.5,5.9,5.1,5.1,8.9,2.5,277.4,118.4,106.7,43.2,0.0,0.0,575.7,8.4,19.1,505.0,43.2,1493,,MUKTESAR,
Punjab,Muktesar,IMD110-P1493,1917,6.4,0.0,7.9,36.3,69.1,35.8,77.5,206.0,200.6,86.4,0.0,7.6,733.6,6.4,113.3,519.9,94.0,1493,,MUKTESAR,
Punjab,Muktesar,IMD110-P1493,1918,0.0,0.0,13.2,26.7,0.0,0.0,40.1,53.3,55.9,0.0,0.0,0.0,189.2,0.0,39.9,149.3,0.0,1493,,MUKTESAR,
Punjab,Muktesar,IMD110-P1493,1919,65.3,11.7,0.0,3.8,11.2,0.0,92.5,215.4,109.2,0.0,0.0,15.5,524.6,77.0,15.0,417.1,15.5,1493,,MUKTESAR,
Punjab,Muktesar,IMD110-P1493,1920,32.3,7.6,9.4,0.0,5.1,0.0,78.8,24.1,30.5,0.0,0.0,0.0,187.8,39.9,14.5,133.4,0.0,1493,,MUKTESAR,
Punjab,Muktesar,IMD110-P1493,1921,40.9,0.0,0.0,0.0,0.0,11.7,151.2,37.8,48.0,4.8,0.0,8.3,302.7,40.9,0.0,248.7,13.1,1493,,MUKTESAR,
Punjab,Muktesar,IMD110-P1493,1922,3.8,5.6,0.0,5.1,0.0,146.0,26.4,6.1,145.6,0.0,0.0,100.3,438.9,9.4,5.1,324.1,100.3,1493,,MUKTESAR,
Punjab,Muktesar,IMD110-P1493,1923,26.7,21.9,0.0,2.5,18.6,11.7,345.3,127.5,9.9,0.0,0.0,68.6,632.7,48.6,21.1,494.4,68.6,1493,,MUKTESAR,
Punjab,Muktesar,IMD110-P1493,1924,28.5,17.1,1.0,0.0,29.5,0.0,122.8,56.1,87.7,0.0,0.0,19.3,362.0,45.6,30.5,266.6,19.3,1493,,MUKTESAR,
Punjab,Muktesar,IMD110-P1493,1925,10.4,1.3,0.0,1.8,1.5,49.9,111.2,189.8,10.2,2.8,0.0,0.0,378.9,11.7,3.3,361.1,2.8,1493,,MUKTESAR,
Punjab,Muktesar,IMD110-P1493,1926,14.2,0.0,17.0,4.1,20.0,20.9,200.6,135.4,32.0,0.0,0.0,4.3,448.5,14.2,41.1,388.9,4.3,1493,,MUKTESAR,
Punjab,Muktesar,IMD110-P1493,1927,0.0,18.2,6.9,11.2,6.5,13.7,134.6,22.3,15.7,0.0,0.0,18.1,247.2,18.2,24.6,186.3,18.1,1493,,MUKTESAR,
Punjab,Muktesar,IMD110-P1493,1928,5.9,4.1,12.4,9.3,0.0,9.4,42.1,123.3,106.7,0.0,15.0,6.1,334.3,10.0,21.7,281.5,21.1,1493,,MUKTESAR,
Punjab,Muktesar,IMD110-P1493,1929,2.5,0.0,0.0,5.1,0.0,16.5,67.3,126.9,7.1,0.0,0.0,18.8,244.2,2.5,5.1,217.8,18.8,1493,,MUKTESAR,
Punjab,Muktesar,IMD110-P1493,1930,18.5,24.4,0.0,4.8,14.5,20.6,152.7,32.2,15.2,0.0,0.0,0.0,282.9,42.9,19.3,220.7,0.0,1493,,MUKTESAR,
Punjab,Muktesar,IMD110-P1493,1931,4.8,7.1,9.4,5.1,17.8,25.6,190.2,133.2,44.7,0.0,0.0,4.3,442.2,11.9,32.3,393.7,4.3,1493,,MUKTESAR,
Punjab,Muktesar,IMD110-P1493,1932,14.5,0.0,44.2,8.3,9.9,3.0,108.5,100.3,14.0,0.0,0.0,,,14.5,62.4,225.8,,1493,missing_months,MUKTESAR,
Punjab,Muktesar,IMD110-P1493,1933,2.3,15.0,23.4,12.0,33.6,21.3,175.7,204.3,72.4,0.0,0.0,0.0,560.0,17.3,69.0,473.7,0.0,1493,,MUKTESAR,
Punjab,Muktesar,IMD110-P1493,1934,5.0,0.0,58.2,2.3,11.4,67.3,74.4,119.1,0.0,0.0,0.0,2.3,340.0,5.0,71.9,260.8,2.3,1494,,MUKTESAR,
Punjab,Muktesar,IMD110-P1493,1935,71.1,53.3,7.6,3.8,1.8,12.2,74.9,76.7,25.6,0.0,0.0,4.6,331.6,124.4,13.2,189.4,4.6,1494,,MUKTESAR,
Punjab,Muktesar,IMD110-P1493,1936,2.3,38.9,2.5,5.6,0.0,86.6,47.0,71.7,45.0,0.0,0.0,11.7,311.3,41.2,8.1,250.3,11.7,1494,,MUKTESAR,
Punjab,Muktesar,IMD110-P1493,1937,0.0,33.6,4.8,17.0,10.4,5.6,129.2,0.0,14.7,7.9,0.0,6.9,230.1,33.6,32.2,149.5,14.8,1494,,MUKTESAR,
Punjab,Muktesar,IMD110-P1493,1938,18.0,8.1,1.8,21.1,0.0,141.2,5.6,0.0,0.0,2.5,0.0,0.0,198.3,26.1,22.9,146.8,2.5,1494,,MUKTESAR,
Punjab,Muktesar,IMD110-P1493,1939,5.3,37.4,62.2,9.1,0.0,10.6,48.0,17.8,0.0,0.0,0.0,0.0,190.4,42.7,71.3,76.4,0.0,1494,,MUKTESAR,
Punjab,Muktesar,IMD110-P1493,1940,54.0,33.0,18.5,2.5,19.1,44.2,31.7,183.5,6.1,0.0,0.0,0.0,392.6,87.0,40.1,265.5,0.0,1494,,MUKTESAR,
Punjab,Muktesar,IMD110-P1493,1941,77.8,0.0,46.0,0.0,0.5,44.5,28.4,63.6,45.8,0.0,0.0,6.6,313.2,77.8,46.5,182.3,6.6,1494,,MUKTESAR,
Punjab,Muktesar,IMD110-P1493,1942,10.4,2.8,15.0,9.4,0.0,80.3,63.7,102.6,56.1,3.3,0.0,10.9,354.5,13.2,24.4,302.7,14.2,1494,,MUKTESAR,
Punjab,Muktesar,IMD110-P1493,1943,30.7,0.0,3.3,,0.0,35.3,152.4,63.4,13.4,0.0,0.0,0.0,,30.7,,264.5,0.0,1494,missing_months,MUKTESAR,
Punjab,Muktesar,IMD110-P1493,1944,9.9,26.4,31.9,33.5,0.0,31.8,57.6,166.9,40.9,0.0,0.0,0.0,398.9,36.3,65.4,297.2,0.0,1494,,MUKTESAR,
Punjab,Muktesar,IMD110-P1493,1945,40.6,0.0,10.2,12.1,7.6,31.6,164.9,163.3,111.8,0.0,0.0,0.0,542.1,40.6,29.9,471.6,0.0,1494,,MUKTESAR,
Punjab,Muktesar,IMD110-P1493,1946,0.0,0.0,0.0,0.0,12.4,26.0,33.3,57.5,0.0,19.8,0.0,20.0,169.0,0.0,12.4,116.8,39.8,1494,,MUKTESAR,
Punjab,Muktesar,IMD110-P1493,1947,5.1,11.0,0.0,0.0,3.6,5.6,,35.6,51.9,2.0,0.0,5.1,,16.1,3.6,,7.1,1494,missing_months,MUKTESAR,
Punjab,Muktesar,IMD110-P1493,1948,75.4,44.0,82.3,2.0,0.0,0.0,88.1,203.6,11.4,0.0,0.0,10.6,517.4,119.4,84.3,303.1,10.6,1494,,MUKTESAR,
Punjab,Muktesar,IMD110-P1493,1949,10.7,32.3,1.0,0.0,6.6,21.8,94.8,22.6,14.7,0.0,0.0,16.8,221.3,43.0,7.6,153.9,16.8,1494,,MUKTESAR,
Punjab,Muktesar,IMD110-P1493,1950,9.2,6.8,34.1,0.0,9.7,22.9,242.4,218.4,391.8,0.0,0.0,0.0,935.3,16.0,43.8,875.5,0.0,1494,,MUKTESAR,
Punjab,Muktesar,IMD110-P1493,1951,6.6,0.0,11.7,5.8,19.3,1.3,193.0,53.5,0.0,0.0,41.9,,,6.6,36.8,247.8,,1494,missing_months,MUKTESAR,
Punjab,Muktesar,IMD110-P1493,1952,1.0,1.3,13.2,0.0,0.0,18.3,184.0,80.5,3.6,0.0,0.0,0.0,301.9,2.3,13.2,286.4,0.0,1494,,MUKTESAR,
Punjab,Muktesar,IMD110-P1493,1953,22.3,0.0,0.0,0.0,0.0,12.7,62.5,105.7,62.5,0.0,0.0,0.0,265.7,22.3,0.0,243.4,0.0,1494,,MUKTESAR,
Punjab,Muktesar,IMD110-P1493,1954,14.6,32.7,0.0,0.0,0.0,84.0,64.3,45.5,160.1,0.0,0.0,0.0,401.2,47.3,0.0,353.9,0.0,1494,,MUKTESAR,
Punjab,Muktesar,IMD110-P1493,1955,23.8,0.0,13.2,0.0,44.5,5.8,15.2,52.8,120.4,92.7,0.0,0.0,368.4,23.8,57.7,194.2,92.7,1494,,MUKTESAR,
Punjab,Muktesar,IMD110-P1493,1956,17.0,0.8,73.1,2.8,0.0,7.9,272.3,116.7,0.0,43.4,0.0,0.0,534.0,17.8,75.9,396.9,43.4,1494,,MUKTESAR,
Punjab,Muktesar,IMD110-P1493,1957,68.4,0.0,51.5,27.9,4.8,2.0,,171.5,4.6,18.5,0.0,,,68.4,84.2,,,1494,missing_months,MUKTESAR,
Punjab,Muktesar,IMD110-P1493,1958,0.0,0.0,0.0,0.0,0.0,0.0,73.1,90.2,307.0,72.4,0.0,37.3,580.0,0.0,0.0,470.3,109.7,1494,,MUKTESAR,
Punjab,Muktesar,IMD110-P1493,1959,13.2,0.0,0.0,0.0,0.0,0.0,32.8,15.3,138.5,6.8,0.0,0.0,206.6,13.2,0.0,186.6,6.8,1494,,MUKTESAR,
Punjab,Muktesar,IMD110-P1493,1960,10.1,0.0,28.0,0.0,0.0,0.0,87.0,99.8,0.0,0.0,0.0,0.0,224.9,10.1,28.0,186.8,0.0,1494,,MUKTESAR,
Punjab,Muktesar,IMD110-P1493,1961,0.0,13.5,0.0,31.2,15.2,65.0,81.3,170.8,55.9,12.2,0.0,0.0,445.1,13.5,46.4,373.0,12.2,1494,,MUKTESAR,
Punjab,Muktesar,IMD110-P1493,1962,0.0,2.5,12.7,0.0,0.0,38.8,62.2,76.2,135.3,0.0,0.0,3.8,331.5,2.5,12.7,312.5,3.8,1494,,MUKTESAR,
Punjab,Muktesar,IMD110-P1493,1963,0.0,7.1,0.0,0.0,6.4,22.8,46.2,149.9,14.0,0.0,0.0,0.0,246.4,7.1,6.4,232.9,0.0,1494,,MUKTESAR,
Punjab,Muktesar,IMD110-P1493,1964,0.0,0.0,0.0,0.0,3.3,0.0,197.4,36.8,0.0,0.0,0.0,0.0,237.5,0.0,3.3,234.2,0.0,1494,,MUKTESAR,
Punjab,Muktesar,IMD110-P1493,1965,0.0,0.0,0.0,0.0,0.0,0.5,176.9,0.0,0.0,17.8,0.0,0.0,195.2,0.0,0.0,177.4,17.8,1494,,MUKTESAR,
Punjab,Muktesar,IMD110-P1493,1966,0.0,44.4,3.3,0.0,37.3,45.7,8.9,164.3,286.2,19.2,0.0,0.0,609.3,44.4,40.6,505.1,19.2,1494,,MUKTESAR,
Punjab,Muktesar,IMD110-P1493,1967,0.0,10.0,175.1,0.0,0.0,9.7,53.6,251.2,26.7,13.7,2.0,72.7,614.7,10.0,175.1,341.2,88.4,1494,,MUKTESAR,
Punjab,Muktesar,IMD110-P1493,1968,12.8,2.8,26.9,0.0,3.8,12.4,120.3,76.6,0.0,13.9,0.0,3.1,272.6,15.6,30.7,209.3,17.0,1495,,MUKTESAR,
Punjab,Muktesar,IMD110-P1493,1969,0.0,4.1,15.2,8.9,8.9,6.3,74.9,50.8,15.7,0.0,0.0,0.0,184.8,4.1,33.0,147.7,0.0,1495,,MUKTESAR,
Punjab,Muktesar,IMD110-P1493,1970,19.9,15.0,5.1,0.0,0.0,0.0,27.9,115.2,5.0,0.0,0.0,0.0,188.1,34.9,5.1,148.1,0.0,1495,,MUKTESAR,
Punjab,Muktesar,IMD110-P1493,1972,0.0,7.2,0.0,0.0,0.0,0.0,157.8,94.7,44.8,0.0,30.4,16.4,351.3,7.2,0.0,297.3,46.8,1495,,MUKTESAR,
Punjab,Muktesar,IMD110-P1493,1973,,,,,83.8,,41.4,282.9,,,0.0,86.4,,,,,,1495,missing_months,MUKTESAR,
Punjab,Muktesar,IMD110-P1493,1974,0.0,0.0,0.0,0.0,12.1,125.7,101.3,23.4,0.0,0.0,0.0,3.8,266.3,0.0,12.1,250.4,3.8,1495,,MUKTESAR,
Punjab,Muktesar,IMD110-P1493,1975,15.5,5.8,14.0,0.0,0.0,48.5,92.9,233.2,104.9,0.0,0.0,0.0,514.8,21.3,14.0,479.5,0.0,1495,,MUKTESAR,
Punjab,Muktesar,IMD110-P1493,1976,16.7,56.5,10.2,3.8,19.2,63.5,92.3,145.1,117.4,0.0,0.0,0.0,524.7,73.2,33.2,418.3,0.0,1495,,MUKTESAR,
Punjab,Muktesar,IMD110-P1493,1977,45.0,0.0,0.0,25.0,17.0,41.0,94.0,21.0,86.0,0.0,,2.0,,45.0,42.0,242.0,,1495,missing_months,MUKTESAR,
Punjab,Muktesar,IMD110-P1493,1978,0.0,22.0,68.5,0.0,0.0,0.0,352.2,72.0,,0.0,0.0,0.0,,22.0,68.5,,0.0,1495,missing_months,MUKTESAR,
Punjab,Muktesar,IMD110-P1493,1979,39.8,,24.0,0.0,22.3,7.0,35.0,13.5,,0.0,13.0,0.0,,,46.3,,13.0,1495,missing_months,MUKTESAR,
Punjab,Muktesar,IMD110-P1493,1980,,0.0,46.5,7.0,0.0,,181.0,52.5,71.2,17.0,0.0,0.0,,,53.5,,17.0,1495,missing_months,MUKTESAR,
Punjab,Muktesar,IMD110-P1493,1981,21.0,16.9,12.3,0.0,0.0,0.0,198.9,35.0,10.0,0.0,18.0,0.0,312.1,37.9,12.3,243.9,18.0,1495,,MUKTESAR,
Punjab,Muktesar,IMD110-P1493,1982,17.0,13.0,12.0,25.0,8.0,6.3,25.3,60.3,0.0,0.0,17.0,9.0,192.9,30.0,45.0,91.9,26.0,1495,,MUKTESAR,
Punjab,Muktesar,IMD110-P1493,1983,36.0,5.0,15.0,28.4,0.0,36.8,82.0,121.8,97.4,0.0,0.0,3.7,426.1,41.0,43.4,338.0,3.7,1495,,MUKTESAR,
Punjab,Muktesar,IMD110-P1493,1988,,,,,,,,,,,6.2,33.0,,,,,,1495,missing_months,MUKTESAR,
Punjab,Muktesar,IMD110-P1493,1989,26.3,1.1,29.6,0.0,0.0,27.3,123.0,107.0,0.0,0.0,0.0,0.0,314.3,27.4,29.6,257.3,0.0,1495,,MUKTESAR,
Punjab,Muktesar,IMD110-P1493,1990,0.0,49.0,7.0,0.0,0.0,14.0,195.0,151.0,146.0,0.0,0.0,14.5,576.5,49.0,7.0,506.0,14.5,1495,,MUKTESAR,
Punjab,Muktesar,IMD110-P1493,1991,,20.0,0.0,4.0,100.0,85.0,0.0,0.0,0.0,0.0,0.0,0.0,,,104.0,85.0,0.0,1495,missing_months,MUKTESAR,
Punjab,Muktesar,IMD110-P1493,1992,35.0,19.0,8.0,0.0,0.0,48.0,226.0,101.0,5.0,0.0,4.0,0.0,446.0,54.0,8.0,380.0,4.0,1495,,MUKTESAR,
Punjab,Muktesar,IMD110-P1493,1993,3.0,0.0,2.0,14.0,9.0,62.0,254.0,10.0,57.0,0.0,0.0,0.0,411.0,3.0,25.0,383.0,0.0,1495,,MUKTESAR,
Punjab,Muktesar,IMD110-P1493,1994,0.0,50.8,7.0,0.0,0.0,21.0,0.0,,,0.0,0.0,0.0,,50.8,7.0,,0.0,1495,missing_months,MUKTESAR,
Punjab,Muktesar,IMD110-P1493,1995,,45.0,,0.0,0.0,73.0,141.0,346.0,0.0,0.0,0.0,0.0,,,,560.0,0.0,1495,missing_months,MUKTESAR,
Punjab,Muktesar,IMD110-P1493,1996,,0.0,0.0,0.0,,168.0,45.0,297.0,124.0,25.0,0.0,0.0,,,,634.0,25.0,1495,missing_months,MUKTESAR,
Punjab,Muktesar,IMD110-P1493,1997,12.6,0.0,24.0,78.0,2.0,9.0,213.0,405.0,5.0,73.0,22.0,38.0,881.6,12.6,104.0,632.0,133.0,1495,,MUKTESAR,
Punjab,Muktesar,IMD110-P1493,1998,0.0,47.0,12.0,24.0,14.5,22.2,126.0,0.0,132.0,44.0,0.0,0.0,421.7,47.0,50.5,280.2,44.0,1495,,MUKTESAR,
Punjab,Muktesar,IMD110-P1493,1999,159.0,,22.0,0.0,26.0,87.0,134.0,18.0,4.0,0.0,0.0,0.0,,,48.0,243.0,0.0,1495,missing_months,MUKTESAR,
Punjab,Muktesar,IMD110-P1493,2000,16.2,10.0,0.8,0.0,0.0,28.0,137.0,28.0,36.0,0.0,0.0,21.0,277.0,26.2,0.8,229.0,21.0,1495,,MUKTESAR,
Punjab,Muktesar,IMD110-P1493,2001,9.0,0.0,3.0,21.0,58.0,82.0,67.0,59.0,17.0,13.0,0.0,0.0,329.0,9.0,82.0,225.0,13.0,1495,,MUKTESAR,
Punjab,Muktesar,IMD110-P1493,2002,0.0,0.0,0.0,0.0,31.5,30.2,79.5,1.2,43.7,0.0,0.0,8.1,194.2,0.0,31.5,154.6,8.1,1495,,MUKTESAR,
Punjab,Muktesar,IMD110-P1493,2003,6.3,68.5,11.0,0.0,5.0,33.0,62.0,78.0,23.0,0.0,2.0,4.0,292.8,74.8,16.0,196.0,6.0,1495,,MUKTESAR,
Punjab,Muktesar,IMD110-P1493,2004,25.0,6.0,0.0,,49.1,113.3,90.4,23.0,5.0,3.0,0.0,0.0,,31.0,,231.7,3.0,1495,missing_months,MUKTESAR,
Punjab,Muktesar,IMD110-P1493,2005,31.5,89.5,80.4,,9.6,85.9,198.0,16.0,68.2,,,,,121.0,,368.1,,1495,missing_months,MUKTESAR,
Punjab,Muktesar,IMD110-P1493,2006,,,,,,,,,,,,4.6,,,,,,1495,missing_months,MUKTESAR,
Punjab,Muktesar,IMD110-P1493,2007,0.0,68.5,41.3,0.0,3.1,85.0,105.3,,,0.0,,,,68.5,44.4,,,1496,missing_months,MUKTESAR,
Punjab,Muktesar,IMD110-P1493,2008,9.6,14.0,0.0,22.0,32.0,130.4,,,19.0,4.0,0.0,0.0,,23.6,54.0,,4.0,1496,missing_months,MUKTESAR,
Punjab,Muktesar,IMD110-P1493,2009,6.0,26.0,4.3,9.1,2.0,6.5,87.6,61.2,50.0,0.0,0.0,0.0,252.7,32.0,15.4,205.3,0.0,1496,,MUKTESAR,
Punjab,Muktesar,IMD110-P1493,2010,,,0.0,0.0,0.0,46.0,,,,,0.0,4.0,,,0.0,,,1496,missing_months,MUKTESAR,
Punjab,Nawanshahr,IMD110-P1497,1901,158.1,93.4,27.4,0.0,18.8,29.2,221.6,229.2,39.9,18.5,0.0,7.4,843.5,251.5,46.2,519.9,25.9,1497,,NAWANSHAHR,
Punjab,Nawanshahr,IMD110-P1497,1902,0.0,0.0,6.3,21.8,43.5,36.3,158.2,76.5,157.5,97.8,0.0,0.0,597.9,0.0,71.6,428.5,97.8,1497,,NAWANSHAHR,
Punjab,Nawanshahr,IMD110-P1497,1903,45.2,0.0,31.7,0.0,7.1,0.0,244.4,234.8,188.4,0.0,0.0,29.2,780.8,45.2,38.8,667.6,29.2,1497,,NAWANSHAHR,
Punjab,Nawanshahr,IMD110-P1497,1904,40.2,0.0,131.5,0.0,35.5,21.1,125.5,123.5,60.5,10.1,19.9,22.3,590.1,40.2,167.0,330.6,52.3,1497,,NAWANSHAHR,
Punjab,Nawanshahr,IMD110-P1497,1905,48.4,72.2,44.6,3.5,2.5,26.9,169.0,197.7,46.3,0.0,0.0,4.6,615.7,120.6,50.6,439.9,4.6,1497,,NAWANSHAHR,
Punjab,Nawanshahr,IMD110-P1497,1906,9.6,77.2,45.9,1.0,0.0,48.0,175.3,367.5,230.9,0.0,0.0,38.6,994.0,86.8,46.9,821.7,38.6,1497,,NAWANSHAHR,
Punjab,Nawanshahr,IMD110-P1497,1907,56.6,116.6,95.0,73.9,12.7,11.2,74.7,336.5,0.0,0.0,0.0,,,173.2,181.6,422.4,,1497,missing_months,NAWANSHAHR,
Punjab,Nawanshahr,IMD110-P1497,1908,69.9,22.4,0.0,47.8,10.0,16.5,239.7,420.3,46.5,0.0,2.3,0.0,875.4,92.3,57.8,723.0,2.3,1497,,NAWANSHAHR,
Punjab,Nawanshahr,IMD110-P1497,1909,97.3,13.7,2.8,36.6,0.0,52.7,401.3,206.3,182.9,0.0,0.0,53.0,1046.6,111.0,39.4,843.2,53.0,1497,,NAWANSHAHR,
Punjab,Nawanshahr,IMD110-P1497,1910,42.6,2.3,3.0,0.0,3.3,285.7,315.2,169.8,174.3,42.7,0.0,14.2,1053.1,44.9,6.3,945.0,56.9,1497,,NAWANSHAHR,
Punjab,Nawanshahr,IMD110-P1497,1911,123.0,11.2,137.4,9.4,0.0,119.5,19.6,192.3,51.8,10.7,40.7,0.0,715.6,134.2,146.8,383.2,51.4,1497,,NAWANSHAHR,
Punjab,Nawanshahr,IMD110-P1497,1912,43.1,5.8,3.0,29.1,17.3,14.2,164.4,243.4,93.0,0.0,0.0,1.8,615.1,48.9,49.4,515.0,1.8,1497,,NAWANSHAHR,
Punjab,Nawanshahr,IMD110-P1497,1913,0.0,99.3,41.6,0.0,75.9,124.0,129.4,169.3,43.2,6.6,9.4,28.7,727.4,99.3,117.5,465.9,44.7,1497,,NAWANSHAHR,
Punjab,Nawanshahr,IMD110-P1497,1914,,14.3,19.6,25.4,21.3,85.6,330.2,70.3,369.5,23.5,2.3,7.8,,,66.3,855.6,33.6,1497,missing_months,NAWANSHAHR,
Punjab,Nawanshahr,IMD110-P1497,1915,33.0,44.1,57.9,6.6,0.0,40.1,177.8,126.5,107.2,16.0,0.0,4.9,614.1,77.1,64.5,451.6,20.9,1497,,NAWANSHAHR,
Punjab,Nawanshahr,IMD110-P1497,1916,3.8,31.0,6.9,15.1,0.0,56.2,242.1,71.6,97.1,37.8,0.0,0.0,561.6,34.8,22.0,467.0,37.8,1497,,NAWANSHAHR,
Punjab,Nawanshahr,IMD110-P1497,1917,5.1,8.4,14.0,127.5,30.5,93.2,421.3,157.6,499.9,187.5,0.0,12.7,1557.7,13.5,172.0,1172.0,200.2,1497,,NAWANSHAHR,
Punjab,Nawanshahr,IMD110-P1497,1918,4.3,0.0,58.7,35.8,0.0,48.4,13.4,131.6,0.8,0.0,14.7,3.8,311.5,4.3,94.5,194.2,18.5,1497,,NAWANSHAHR,
Punjab,Nawanshahr,IMD110-P1497,1919,71.1,8.7,21.8,6.1,0.0,3.0,187.2,154.3,55.2,0.0,8.6,38.1,554.1,79.8,27.9,399.7,46.7,1497,,NAWANSHAHR,
Punjab,Nawanshahr,IMD110-P1497,1920,24.9,27.2,42.1,0.0,39.3,38.6,96.1,101.2,34.1,0.0,0.0,8.9,412.4,52.1,81.4,270.0,8.9,1497,,NAWANSHAHR,
Punjab,Nawanshahr,IMD110-P1497,1921,46.3,14.3,0.0,0.0,2.3,20.8,88.6,205.0,21.8,10.2,0.0,20.6,429.9,60.6,2.3,336.2,30.8,1497,,NAWANSHAHR,
Punjab,Nawanshahr,IMD110-P1497,1922,23.7,15.5,3.3,12.8,0.0,92.5,204.6,131.4,121.9,0.0,0.0,24.1,629.8,39.2,16.1,550.4,24.1,1497,,NAWANSHAHR,
Punjab,Nawanshahr,IMD110-P1497,1923,34.0,70.7,5.8,4.6,27.5,13.5,138.4,381.3,26.1,21.1,3.8,69.2,796.0,104.7,37.9,559.3,94.1,1497,,NAWANSHAHR,
Punjab,Nawanshahr,IMD110-P1497,1924,41.6,72.9,0.0,1.3,0.0,0.0,144.6,92.1,265.0,0.5,0.0,47.2,665.2,114.5,1.3,501.7,47.7,1497,,NAWANSHAHR,
Punjab,Nawanshahr,IMD110-P1497,1925,32.0,2.0,0.0,14.2,7.3,97.6,327.4,291.8,31.7,11.7,11.4,0.0,827.1,34.0,21.5,748.5,23.1,1497,,NAWANSHAHR,
Punjab,Nawanshahr,IMD110-P1497,1926,9.4,17.2,40.3,21.4,20.6,0.0,337.5,172.6,91.9,0.0,12.4,2.0,725.3,26.6,82.3,602.0,14.4,1497,,NAWANSHAHR,
Punjab,Nawanshahr,IMD110-P1497,1927,0.0,75.9,26.9,7.4,19.8,10.3,364.5,93.9,28.5,27.5,7.6,29.5,691.8,75.9,54.1,497.2,64.6,1497,,NAWANSHAHR,
Punjab,Nawanshahr,IMD110-P1497,1928,13.7,22.7,2.8,18.6,1.3,58.4,82.4,113.9,45.7,1.5,13.7,68.9,443.6,36.4,22.7,300.4,84.1,1497,,NAWANSHAHR,
Punjab,Nawanshahr,IMD110-P1497,1929,14.0,0.5,0.0,10.4,0.0,36.1,308.0,35.9,5.0,8.9,0.0,72.6,491.4,14.5,10.4,385.0,81.5,1497,,NAWANSHAHR,
Punjab,Nawanshahr,IMD110-P1497,1930,27.2,23.3,3.0,10.4,0.0,50.8,216.6,13.2,154.3,9.1,0.0,35.6,543.5,50.5,13.4,434.9,44.7,1497,,NAWANSHAHR,
Punjab,Nawanshahr,IMD110-P1497,1931,14.7,39.7,27.7,0.0,18.5,20.8,227.4,349.4,50.0,0.0,0.0,0.0,748.2,54.4,46.2,647.6,0.0,1497,,NAWANSHAHR,
Punjab,Nawanshahr,IMD110-P1497,1932,29.2,12.2,23.6,3.3,21.3,23.4,341.2,208.5,6.6,0.0,0.0,59.9,729.2,41.4,48.2,579.7,59.9,1497,,NAWANSHAHR,
Punjab,Nawanshahr,IMD110-P1497,1933,9.1,30.5,35.3,1.5,15.7,30.8,192.2,393.2,351.9,9.7,0.0,0.0,1069.9,39.6,52.5,968.1,9.7,1497,,NAWANSHAHR,
Punjab,Nawanshahr,IMD110-P1497,1934,34.8,1.3,55.1,0.0,23.9,88.7,335.5,142.6,23.4,0.0,0.0,24.3,729.6,36.1,79.0,590.2,24.3,1498,,NAWANSHAHR,
Punjab,Nawanshahr,IMD110-P1497,1935,94.3,35.5,5.8,48.6,8.4,5.3,191.7,127.4,56.2,0.0,34.0,6.6,613.8,129.8,62.8,380.6,40.6,1498,,NAWANSHAHR,
Punjab,Nawanshahr,IMD110-P1497,1936,0.0,139.4,8.6,17.0,27.2,180.8,258.4,295.2,57.9,5.6,0.0,41.1,1031.2,139.4,52.8,792.3,46.7,1498,,NAWANSHAHR,
Punjab,Nawanshahr,IMD110-P1497,1937,10.9,89.8,19.3,44.8,0.0,178.6,358.1,47.8,101.1,0.0,0.0,50.0,900.4,100.7,64.1,685.6,50.0,1498,,NAWANSHAHR,
Punjab,Nawanshahr,IMD110-P1497,1938,153.9,19.3,0.0,10.9,15.5,80.1,219.5,172.0,0.0,0.0,0.0,0.0,671.2,173.2,26.4,471.6,0.0,1498,,NAWANSHAHR,
Punjab,Nawanshahr,IMD110-P1497,1939,10.4,52.3,56.3,8.9,8.1,122.9,194.3,118.9,41.9,27.9,0.0,0.0,641.9,62.7,73.3,478.0,27.9,1498,,NAWANSHAHR,
Punjab,Nawanshahr,IMD110-P1497,1940,32.8,71.3,32.0,4.1,13.2,130.4,373.8,107.5,59.8,0.0,0.0,0.0,824.9,104.1,49.3,671.5,0.0,1498,,NAWANSHAHR,
Punjab,Nawanshahr,IMD110-P1497,1941,49.1,10.2,8.9,0.0,16.0,105.9,197.3,159.6,50.5,0.0,0.0,11.1,608.6,59.3,24.9,513.3,11.1,1498,,NAWANSHAHR,
Punjab,Nawanshahr,IMD110-P1497,1942,44.9,93.3,14.5,32.8,9.2,31.5,403.0,346.0,183.7,4.8,0.0,48.5,1212.2,138.2,56.5,964.2,53.3,1498,,NAWANSHAHR,
Punjab,Nawanshahr,IMD110-P1497,1943,77.0,3.8,8.9,9.7,10.8,28.7,216.4,158.1,61.0,0.0,0.0,0.8,575.2,80.8,29.4,464.2,0.8,1498,,NAWANSHAHR,
Punjab,Nawanshahr,IMD110-P1497,1944,57.1,56.1,94.3,54.1,0.0,21.7,199.5,76.5,198.9,7.1,0.0,4.1,769.4,113.2,148.4,496.6,11.2,1498,,NAWANSHAHR,
Punjab,Nawanshahr,IMD110-P1497,1945,99.5,0.0,30.7,16.7,4.3,81.3,261.1,177.9,800.6,11.4,0.0,0.0,1483.5,99.5,51.7,1320.9,11.4,1498,,NAWANSHAHR,
Punjab,Nawanshahr,IMD110-P1497,1946,5.8,18.8,12.4,0.0,23.6,68.2,232.6,454.0,44.1,38.1,4.6,33.5,935.7,24.6,36.0,798.9,76.2,1498,,NAWANSHAHR,
Punjab,Nawanshahr,IMD110-P1497,1947,19.1,20.3,4.6,0.0,14.5,0.0,,143.2,291.7,0.0,0.0,67.8,,39.4,19.1,,67.8,1498,missing_months,NAWANSHAHR,
Punjab,Nawanshahr,IMD110-P1497,1948,13.0,70.7,80.1,4.6,0.0,0.8,309.5,173.7,47.0,0.0,0.0,20.3,719.7,83.7,84.7,531.0,20.3,1498,,NAWANSHAHR,
Punjab,Nawanshahr,IMD110-P1497,1949,8.9,132.7,0.0,18.6,0.0,17.8,241.9,86.4,56.2,0.0,0.0,0.0,562.5,141.6,18.6,402.3,0.0,1498,,NAWANSHAHR,
Punjab,Nawanshahr,IMD110-P1497,1950,22.3,26.9,86.7,0.0,10.4,25.4,177.6,389.1,268.1,0.0,0.0,0.0,1006.5,49.2,97.1,860.2,0.0,1498,,NAWANSHAHR,
Punjab,Nawanshahr,IMD110-P1497,1952,44.9,18.8,65.1,4.1,6.9,57.5,154.3,463.0,0.0,0.0,0.0,14.5,829.1,63.7,76.1,674.8,14.5,1498,,NAWANSHAHR,
Punjab,Nawanshahr,IMD110-P1497,1953,25.9,2.5,0.0,10.2,7.4,69.6,233.1,143.4,26.2,0.0,0.0,3.8,522.1,28.4,17.6,472.3,3.8,1498,,NAWANSHAHR,
Punjab,Nawanshahr,IMD110-P1497,1954,62.5,209.4,9.5,0.0,4.1,0.0,364.5,68.7,227.1,18.0,0.0,0.0,963.8,271.9,13.6,660.3,18.0,1498,,NAWANSHAHR,
Punjab,Nawanshahr,IMD110-P1497,1955,107.0,16.0,52.3,13.7,18.3,20.6,245.2,267.0,87.4,432.1,0.0,2.5,1262.1,123.0,84.3,620.2,434.6,1498,,NAWANSHAHR,
Punjab,Nawanshahr,IMD110-P1497,1956,26.9,17.8,59.0,0.0,0.0,38.1,242.2,163.4,97.5,181.9,0.0,11.4,838.2,44.7,59.0,541.2,193.3,1498,,NAWANSHAHR,
Punjab,Nawanshahr,IMD110-P1497,1957,136.9,6.6,13.0,22.3,2.6,32.0,353.1,193.5,162.5,37.3,11.4,41.1,1012.3,143.5,37.9,741.1,89.8,1498,,NAWANSHAHR,
Punjab,Nawanshahr,IMD110-P1497,1958,46.4,5.6,10.3,0.0,0.0,0.4,336.8,234.0,291.1,163.1,0.0,25.3,1113.0,52.0,10.3,862.3,188.4,1498,,NAWANSHAHR,
Punjab,Nawanshahr,IMD110-P1497,1959,62.5,33.0,60.5,0.0,4.8,32.6,163.1,301.1,96.7,86.8,15.1,0.0,856.2,95.5,65.3,593.5,101.9,1498,,NAWANSHAHR,
Punjab,Nawanshahr,IMD110-P1497,1960,16.5,0.0,21.3,2.4,7.0,94.0,443.7,397.8,43.8,0.0,0.0,32.2,1058.7,16.5,30.7,979.3,32.2,1498,,NAWANSHAHR,
Punjab,Nawanshahr,IMD110-P1497,1961,80.6,69.0,0.0,10.2,0.0,63.0,356.1,171.6,58.8,20.2,0.0,10.0,839.5,149.6,10.2,649.5,30.2,1498,,NAWANSHAHR,
Punjab,Nawanshahr,IMD110-P1497,1962,57.0,2.6,97.0,4.8,0.0,39.0,,111.2,362.3,0.0,43.8,7.4,,59.6,101.8,,51.2,1498,missing_months,NAWANSHAHR,
Punjab,Nawanshahr,IMD110-P1497,1963,0.2,16.0,100.9,3.0,16.2,109.4,174.1,259.1,90.7,0.0,7.0,24.0,800.6,16.2,120.1,633.3,31.0,1498,,NAWANSHAHR,
Punjab,Nawanshahr,IMD110-P1497,1964,7.4,6.0,0.0,2.0,23.2,9.0,382.3,173.6,132.3,0.0,0.0,8.8,744.6,13.4,25.2,697.2,8.8,1498,,NAWANSHAHR,
Punjab,Nawanshahr,IMD110-P1497,1965,26.1,36.2,26.6,6.4,30.7,0.0,173.8,78.0,0.0,21.0,12.0,3.8,414.6,62.3,63.7,251.8,36.8,1498,,NAWANSHAHR,
Punjab,Nawanshahr,IMD110-P1497,1966,0.0,39.6,16.0,0.0,38.6,164.4,165.4,283.6,95.7,21.6,1.6,5.6,832.1,39.6,54.6,709.1,28.8,1498,,NAWANSHAHR,
Punjab,Nawanshahr,IMD110-P1497,1967,0.0,17.0,118.2,0.0,0.0,16.0,311.8,233.0,23.0,0.0,0.0,140.2,859.2,17.0,118.2,583.8,140.2,1498,,NAWANSHAHR,
Punjab,Nawanshahr,IMD110-P1497,1968,25.5,45.3,38.0,3.0,0.0,62.6,392.0,203.4,0.0,23.1,0.0,15.5,808.4,70.8,41.0,658.0,38.6,1498,,NAWANSHAHR,
Punjab,Nawanshahr,IMD110-P1497,1969,4.2,13.6,30.9,18.0,0.0,12.0,215.4,264.3,232.8,0.0,0.0,0.0,791.2,17.8,48.9,724.5,0.0,1499,,NAWANSHAHR,
Punjab,Nawanshahr,IMD110-P1497,1970,79.5,6.0,19.0,0.0,13.5,284.2,163.8,644.2,173.0,4.0,0.0,0.0,1387.2,85.5,32.5,1265.2,4.0,1499,,NAWANSHAHR,
Punjab,Nawanshahr,IMD110-P1497,1972,22.0,32.0,20.0,9.0,0.0,31.0,398.0,177.0,18.0,0.0,23.0,15.0,745.0,54.0,29.0,624.0,38.0,1499,,NAWANSHAHR,
Punjab,Nawanshahr,IMD110-P1497,1973,,,5.0,,18.0,,158.0,335.2,,,0.0,45.0,,,,,,1499,missing_months,NAWANSHAHR,
Punjab,Nawanshahr,IMD110-P1497,1974,18.0,0.0,6.0,0.0,17.0,102.0,105.0,145.0,55.0,0.0,0.0,27.0,475.0,18.0,23.0,407.0,27.0,1499,,NAWANSHAHR,
Punjab,Nawanshahr,IMD110-P1497,1975,19.0,33.0,51.0,0.0,0.0,49.0,167.0,157.0,247.0,2.0,0.0,0.0,725.0,52.0,51.0,620.0,2.0,1499,,NAWANSHAHR,
Punjab,Nawanshahr,IMD110-P1497,1976,40.0,131.0,24.0,5.0,8.0,80.0,237.0,184.0,21.0,0.0,0.0,0.0,730.0,171.0,37.0,522.0,0.0,1499,,NAWANSHAHR,
Punjab,Nawanshahr,IMD110-P1497,1977,30.0,0.0,0.0,15.0,57.0,90.0,266.0,160.0,201.0,0.0,,35.0,,30.0,72.0,717.0,,1499,missing_months,NAWANSHAHR,
Punjab,Nawanshahr,IMD110-P1497,1978,8.0,27.0,63.0,0.0,0.0,345.0,250.0,432.0,11.0,0.0,11.0,0.0,1147.0,35.0,63.0,1038.0,11.0,1499,,NAWANSHAHR,
Punjab,Nawanshahr,IMD110-P1497,1979,59.0,,53.0,6.0,23.0,78.0,313.0,81.0,,0.0,10.0,0.0,,,82.0,,10.0,1499,missing_months,NAWANSHAHR,
Punjab,Nawanshahr,IMD110-P1497,1980,,0.0,24.0,13.0,0.0,,385.0,97.0,6.0,0.0,40.0,64.3,,,37.0,,104.3,1499,missing_months,NAWANSHAHR,
Punjab,Nawanshahr,IMD110-P1497,1981,47.0,12.0,43.0,0.0,10.0,60.0,155.0,41.4,37.0,0.0,68.0,0.0,473.4,59.0,53.0,293.4,68.0,1499,,NAWANSHAHR,
Punjab,Nawanshahr,IMD110-P1497,1982,99.0,37.0,119.0,111.0,47.0,37.0,126.0,220.0,0.0,14.0,6.0,33.0,849.0,136.0,277.0,383.0,53.0,1499,,NAWANSHAHR,
Punjab,Nawanshahr,IMD110-P1497,1983,119.0,32.0,43.0,91.0,85.0,87.0,300.0,409.0,112.0,33.0,0.0,0.0,1311.0,151.0,219.0,908.0,33.0,1499,,NAWANSHAHR,
Punjab,Nawanshahr,IMD110-P1497,1984,8.0,149.0,6.0,24.0,0.0,142.0,304.0,236.0,275.0,0.0,0.0,0.0,1144.0,157.0,30.0,957.0,0.0,1499,,NAWANSHAHR,
Punjab,Nawanshahr,IMD110-P1497,1985,0.0,0.0,0.0,36.0,0.0,148.0,351.0,218.5,130.0,53.0,0.0,36.0,972.5,0.0,36.0,847.5,89.0,1499,,NAWANSHAHR,
Punjab,Nawanshahr,IMD110-P1497,1986,0.0,54.0,24.0,35.0,65.0,155.0,423.0,423.0,59.0,0.0,0.0,0.0,1238.0,54.0,124.0,1060.0,0.0,1499,,NAWANSHAHR,
Punjab,Nawanshahr,IMD110-P1497,1987,59.0,55.0,28.0,61.0,145.0,43.0,75.0,80.0,25.0,50.0,0.0,12.0,633.0,114.0,234.0,223.0,62.0,1499,,NAWANSHAHR,
Punjab,Nawanshahr,IMD110-P1497,1988,0.0,,37.0,0.0,7.0,,731.0,539.0,956.0,0.0,0.0,94.0,,,44.0,,94.0,1499,missing_months,NAWANSHAHR,
Punjab,Nawanshahr,IMD110-P1497,1989,48.0,12.0,53.0,0.0,0.0,57.0,465.0,428.0,31.0,0.0,0.0,63.0,1157.0,60.0,53.0,981.0,63.0,1499,,NAWANSHAHR,
Punjab,Nawanshahr,IMD110-P1497,1990,0.0,157.0,70.0,0.0,0.0,43.0,424.0,443.0,587.0,0.0,20.0,122.0,1866.0,157.0,70.0,1497.0,142.0,1499,,NAWANSHAHR,
Punjab,Nawanshahr,IMD110-P1497,1991,,43.0,76.0,42.0,28.0,199.0,413.0,565.0,79.0,5.0,0.0,90.0,,,146.0,1256.0,95.0,1499,missing_months,NAWANSHAHR,
Punjab,Nawanshahr,IMD110-P1497,1992,93.0,62.0,52.0,22.0,25.0,48.0,199.0,271.0,58.0,0.0,34.0,0.0,864.0,155.0,99.0,576.0,34.0,1499,,NAWANSHAHR,
Punjab,Nawanshahr,IMD110-P1497,1993,0.0,0.0,99.0,40.0,30.0,17.0,812.0,17.0,162.0,0.0,10.0,0.0,1187.0,0.0,169.0,1008.0,10.0,1499,,NAWANSHAHR,
Punjab,Nawanshahr,IMD110-P1497,1994,30.0,30.0,0.0,9.0,8.0,55.0,360.0,232.0,104.0,0.0,0.0,11.0,839.0,60.0,17.0,751.0,11.0,1499,,NAWANSHAHR,
Punjab,Nawanshahr,IMD110-P1497,1995,81.0,134.0,49.0,23.0,0.0,53.0,271.0,414.6,395.0,0.0,,,,215.0,72.0,1133.6,,1499,missing_months,NAWANSHAHR,
Punjab,Nawanshahr,IMD110-P1497,1996,,0.0,0.0,0.0,0.0,357.0,448.0,,,58.0,0.0,0.0,,,0.0,,58.0,1499,missing_months,NAWANSHAHR,
Punjab,Nawanshahr,IMD110-P1497,1997,29.0,21.0,15.9,67.1,122.2,159.2,549.3,516.8,123.4,53.2,129.0,180.0,1966.1,50.0,205.2,1348.7,362.2,1499,,NAWANSHAHR,
Punjab,Nawanshahr,IMD110-P1497,1998,0.0,156.1,39.5,28.0,4.0,242.0,511.0,,290.8,104.0,0.0,0.0,,156.1,71.5,,104.0,1499,missing_months,NAWANSHAHR,
Punjab,Nawanshahr,IMD110-P1497,1999,62.0,,44.0,0.0,34.5,60.6,366.6,174.6,18.7,0.0,0.0,0.0,,,78.5,620.5,0.0,1499,missing_months,NAWANSHAHR,
Punjab,Nawanshahr,IMD110-P1497,2000,37.4,25.4,24.0,,11.0,118.2,153.0,228.4,66.2,0.0,0.0,38.0,,62.8,,565.8,38.0,1499,missing_months,NAWANSHAHR,
Punjab,Nawanshahr,IMD110-P1497,2001,0.0,,8.4,65.0,43.2,130.5,501.8,155.5,31.9,0.0,0.0,10.2,,,116.6,819.7,10.2,1499,missing_months,NAWANSHAHR,
Punjab,Nawanshahr,IMD110-P1497,2002,10.4,33.2,15.7,4.4,39.3,27.2,100.1,97.5,124.4,3.4,0.0,0.5,456.1,43.6,59.4,349.2,3.9,1499,,NAWANSHAHR,
Punjab,Nawanshahr,IMD110-P1497,2003,0.0,56.0,6.2,6.9,1.6,82.1,129.9,145.6,96.9,0.0,0.0,7.2,532.4,56.0,14.7,454.5,7.2,1499,,NAWANSHAHR,
Punjab,Nawanshahr,IMD110-P1497,2004,67.2,9.2,0.0,,8.8,40.8,117.8,,,,,12.4,,76.4,,,,1500,missing_months,NAWANSHAHR,
Punjab,Nawanshahr,IMD110-P1497,2005,55.5,,35.5,2.1,12.6,57.2,238.0,144.2,39.2,0.0,0.0,,,,50.2,478.6,,1500,missing_months,NAWANSHAHR,
Punjab,Nawanshahr,IMD110-P1497,2006,,,,,,,,,,,,13.0,,,,,,1500,missing_months,NAWANSHAHR,
Punjab,Nawanshahr,IMD110-P1497,2007,8.0,175.0,103.0,30.3,20.3,47.0,85.0,,,0.0,,,,183.0,153.6,,,1500,missing_months,NAWANSHAHR,
Punjab,Nawanshahr,IMD110-P1497,2008,20.4,9.0,0.0,25.1,47.7,226.6,,,62.8,24.0,0.0,0.0,,29.4,72.8,,24.0,1500,missing_months,NAWANSHAHR,
Punjab,Nawanshahr,IMD110-P1497,2009,11.8,24.4,0.0,13.4,,0.0,,0.0,,,,,,36.2,,,,1500,missing_months,NAWANSHAHR,
Punjab,Nawanshahr,IMD110-P1497,2010,,,0.0,0.0,7.2,38.0,,,,,,38.5,,,7.2,,,1500,missing_months,NAWANSHAHR,
Punjab,Patiala,IMD110-P1501,1901,45.2,36.8,48.5,0.0,10.7,5.8,155.8,206.8,7.3,9.8,0.0,4.5,531.1,82.0,59.2,375.7,14.3,1501,,PATIALA,
Punjab,Patiala,IMD110-P1501,1902,0.0,3.3,5.7,7.0,17.1,58.8,135.2,43.8,113.5,18.0,0.0,0.0,402.4,3.3,29.9,351.2,18.0,1501,,PATIALA,
Punjab,Patiala,IMD110-P1501,1903,24.9,1.4,16.4,1.8,2.5,0.4,151.2,77.4,113.4,14.1,0.0,8.5,411.9,26.3,20.6,342.4,22.6,1501,,PATIALA,
Punjab,Patiala,IMD110-P1501,1904,20.2,0.8,129.5,0.0,32.5,26.9,116.4,180.0,112.4,2.9,17.2,31.8,670.6,21.0,162.1,435.7,51.9,1501,,PATIALA,
Punjab,Patiala,IMD110-P1501,1905,57.8,36.1,21.2,0.7,3.0,20.8,106.9,102.6,61.7,0.0,0.0,6.9,417.7,93.9,25.0,292.0,6.9,1501,,PATIALA,
Punjab,Patiala,IMD110-P1501,1906,14.5,104.5,50.5,0.0,6.4,42.6,143.4,217.8,171.8,0.0,0.0,3.4,754.8,119.0,56.8,575.6,3.4,1501,,PATIALA,
Punjab,Patiala,IMD110-P1501,1907,54.5,108.0,38.2,57.8,0.0,8.0,167.8,227.4,0.0,0.0,0.0,0.0,661.7,162.5,96.0,403.2,0.0,1501,,PATIALA,
Punjab,Patiala,IMD110-P1501,1908,44.4,0.6,0.0,9.2,24.1,0.0,96.0,264.6,12.5,0.0,0.0,2.9,454.3,45.0,33.3,373.0,2.9,1501,,PATIALA,
Punjab,Patiala,IMD110-P1501,1909,50.5,7.0,0.0,50.8,10.2,180.4,196.1,138.0,163.8,0.0,0.0,30.5,827.3,57.6,61.0,678.2,30.5,1501,,PATIALA,
Punjab,Patiala,IMD110-P1501,1910,19.4,10.1,0.0,1.4,0.0,94.1,132.9,238.9,163.3,45.8,0.0,4.3,710.1,29.5,1.4,629.2,50.1,1501,,PATIALA,
Punjab,Patiala,IMD110-P1501,1911,99.2,2.0,70.2,0.0,0.0,37.8,18.1,87.2,70.9,22.5,34.9,0.0,442.9,101.3,70.2,214.0,57.4,1501,,PATIALA,
Punjab,Patiala,IMD110-P1501,1912,31.6,6.3,5.8,9.2,10.0,27.3,136.5,176.8,78.0,0.0,13.4,0.4,495.3,37.8,25.0,418.6,13.8,1501,,PATIALA,
Punjab,Patiala,IMD110-P1501,1913,1.2,87.6,78.4,0.0,65.5,92.0,34.4,140.0,0.5,0.0,0.0,10.4,510.0,88.8,144.0,266.8,10.4,1501,,PATIALA,
Punjab,Patiala,IMD110-P1501,1914,1.8,4.0,8.9,41.2,20.1,75.0,260.7,125.1,314.4,18.3,6.2,0.0,875.6,5.7,70.2,775.2,24.5,1501,,PATIALA,
Punjab,Patiala,IMD110-P1501,1915,30.1,57.8,42.5,16.3,0.0,17.4,38.4,91.5,221.0,0.0,0.0,0.8,515.9,87.9,58.8,368.3,0.8,1501,,PATIALA,
Punjab,Patiala,IMD110-P1501,1916,2.0,20.0,0.0,4.9,13.8,30.0,204.2,225.0,81.6,38.6,0.0,0.0,620.2,22.0,18.7,540.9,38.6,1501,,PATIALA,
Punjab,Patiala,IMD110-P1501,1917,5.4,3.9,8.9,63.2,31.4,149.9,88.9,123.0,368.6,264.5,0.0,16.6,1124.4,9.3,103.5,730.4,281.2,1501,,PATIALA,
Punjab,Patiala,IMD110-P1501,1918,1.7,0.0,36.3,28.3,0.0,70.4,9.8,287.3,0.0,0.0,0.0,0.0,433.8,1.7,64.5,367.6,0.0,1501,,PATIALA,
Punjab,Patiala,IMD110-P1501,1919,97.2,13.3,3.4,2.0,9.4,20.8,255.4,121.1,100.4,0.0,2.3,21.1,646.4,110.5,14.8,497.7,23.4,1501,,PATIALA,
Punjab,Patiala,IMD110-P1501,1920,15.9,26.7,62.8,0.0,6.3,125.6,137.3,73.3,24.8,0.0,0.0,1.5,474.3,42.6,69.2,361.0,1.5,1501,,PATIALA,
Punjab,Patiala,IMD110-P1501,1921,13.5,0.2,0.0,0.9,0.0,12.1,93.9,142.6,29.7,33.7,0.0,16.8,343.5,13.7,0.9,278.3,50.5,1501,,PATIALA,
Punjab,Patiala,IMD110-P1501,1922,21.2,8.9,3.2,0.0,0.0,61.7,145.1,133.1,165.6,1.1,0.0,10.2,550.1,30.1,3.2,505.5,11.3,1501,,PATIALA,
Punjab,Patiala,IMD110-P1501,1923,22.6,98.1,3.2,0.0,15.2,30.1,154.4,339.9,20.5,0.0,10.0,31.2,725.3,120.7,18.4,545.0,41.2,1501,,PATIALA,
Punjab,Patiala,IMD110-P1501,1924,62.8,24.8,0.0,0.0,6.8,0.9,106.6,217.6,221.9,5.3,0.0,25.4,672.0,87.6,6.8,547.0,30.7,1501,,PATIALA,
Punjab,Patiala,IMD110-P1501,1925,7.0,0.8,0.0,22.2,11.1,170.6,298.7,162.3,16.0,4.8,5.7,0.0,699.2,7.8,33.3,647.6,10.5,1501,,PATIALA,
Punjab,Patiala,IMD110-P1501,1926,18.0,19.4,49.0,10.6,31.6,9.9,205.3,171.0,55.2,1.0,3.2,0.0,574.1,37.4,91.3,441.3,4.2,1501,,PATIALA,
Punjab,Patiala,IMD110-P1501,1927,0.0,33.7,47.0,0.5,36.3,22.5,144.1,130.1,32.8,14.8,0.9,29.0,491.6,33.7,83.8,329.5,44.6,1501,,PATIALA,
Punjab,Patiala,IMD110-P1501,1928,47.5,30.3,9.6,11.2,0.0,55.0,113.4,59.2,52.2,0.0,17.4,34.5,430.4,77.8,20.8,279.8,51.9,1501,,PATIALA,
Punjab,Patiala,IMD110-P1501,1929,9.4,0.0,0.0,25.2,1.3,22.3,79.8,117.2,10.3,1.4,0.0,41.5,308.3,9.4,26.5,229.5,42.9,1501,,PATIALA,
Punjab,Patiala,IMD110-P1501,1930,57.9,36.9,14.0,1.3,0.0,57.2,193.7,29.8,88.7,1.1,0.0,17.0,497.6,94.8,15.3,369.4,18.1,1501,,PATIALA,
Punjab,Patiala,IMD110-P1501,1931,3.0,36.4,24.1,0.0,17.4,6.9,185.5,164.2,31.6,14.8,0.0,0.0,483.9,39.4,41.5,388.2,14.8,1501,,PATIALA,
Punjab,Patiala,IMD110-P1501,1932,7.1,4.4,48.3,5.2,0.0,39.0,145.6,83.9,98.8,6.1,0.0,30.4,468.7,11.5,53.4,367.3,36.5,1501,,PATIALA,
Punjab,Patiala,IMD110-P1501,1933,0.0,25.3,22.1,20.8,4.9,20.7,301.1,433.6,339.7,11.0,2.8,0.0,1182.1,25.3,47.8,1095.2,13.8,1501,,PATIALA,
Punjab,Patiala,IMD110-P1501,1934,13.4,0.0,29.1,1.0,4.8,36.7,187.7,212.0,24.0,0.0,0.0,4.4,513.1,13.4,35.0,460.4,4.4,1502,,PATIALA,
Punjab,Patiala,IMD110-P1501,1935,52.4,42.2,2.5,48.0,0.0,0.0,391.7,132.1,96.8,0.0,4.0,6.2,775.9,94.6,50.5,620.6,10.1,1502,,PATIALA,
Punjab,Patiala,IMD110-P1501,1936,1.8,48.8,10.6,0.0,8.9,123.9,174.1,185.5,39.3,0.0,0.0,44.6,637.5,50.6,19.5,522.8,44.6,1502,,PATIALA,
Punjab,Patiala,IMD110-P1501,1937,6.3,117.1,7.9,39.0,5.1,99.8,229.4,29.9,195.5,0.0,0.0,19.3,749.2,123.4,52.0,554.5,19.3,1502,,PATIALA,
Punjab,Patiala,IMD110-P1501,1938,176.9,5.4,0.0,0.0,0.0,38.8,157.1,65.1,4.7,1.6,0.0,0.0,449.6,182.3,0.0,265.6,1.6,1502,,PATIALA,
Punjab,Patiala,IMD110-P1501,1939,1.3,59.4,51.4,3.2,0.0,77.8,119.9,87.6,4.6,0.0,0.0,0.0,405.2,60.7,54.6,289.9,0.0,1502,,PATIALA,
Punjab,Patiala,IMD110-P1501,1940,26.9,55.1,3.2,0.0,5.1,29.4,139.3,137.6,34.2,0.0,0.0,0.0,430.7,82.0,8.3,340.4,0.0,1502,,PATIALA,
Punjab,Patiala,IMD110-P1501,1941,64.1,10.2,6.4,0.0,28.0,139.8,47.1,177.1,23.5,19.7,0.0,5.8,521.6,74.3,34.4,387.5,25.5,1502,,PATIALA,
Punjab,Patiala,IMD110-P1501,1942,29.7,93.2,1.3,18.6,2.8,74.9,270.2,321.1,164.8,8.3,0.0,27.5,1012.3,122.8,22.6,831.0,35.8,1502,,PATIALA,
Punjab,Patiala,IMD110-P1501,1943,48.2,0.0,4.2,0.0,0.0,39.8,122.4,122.8,89.8,0.0,0.0,0.0,427.1,48.2,4.2,374.8,0.0,1502,,PATIALA,
Punjab,Patiala,IMD110-P1501,1944,25.2,61.3,28.6,23.6,0.0,12.9,169.8,160.2,89.7,54.5,2.2,1.6,629.7,86.6,52.3,432.6,58.3,1502,,PATIALA,
Punjab,Patiala,IMD110-P1501,1945,48.6,0.0,7.3,7.6,0.0,29.8,81.4,152.1,430.6,4.8,0.0,0.0,762.4,48.6,15.0,694.0,4.8,1502,,PATIALA,
Punjab,Patiala,IMD110-P1501,1946,3.0,23.3,6.8,3.5,15.9,113.8,128.6,105.5,17.9,12.7,0.0,79.6,510.7,26.4,26.2,365.8,92.3,1502,,PATIALA,
Punjab,Patiala,IMD110-P1501,1947,44.4,12.7,11.4,0.0,0.0,13.4,112.4,332.8,276.6,0.0,0.0,12.2,815.9,57.1,11.4,735.1,12.2,1502,,PATIALA,
Punjab,Patiala,IMD110-P1501,1948,9.6,56.6,20.5,7.9,0.0,8.3,125.4,237.6,22.1,0.0,0.0,0.0,487.9,66.3,28.4,393.3,0.0,1502,,PATIALA,
Punjab,Patiala,IMD110-P1501,1949,7.2,84.9,0.9,0.0,5.3,3.9,853.8,56.3,63.6,0.0,0.0,7.1,1082.9,92.1,6.2,977.6,7.1,1502,,PATIALA,
Punjab,Patiala,IMD110-P1501,1950,54.4,22.3,38.8,0.3,16.8,6.4,151.6,400.9,214.1,0.0,0.0,0.0,905.6,76.7,55.9,773.0,0.0,1502,,PATIALA,
Punjab,Patiala,IMD110-P1501,1951,15.2,5.5,50.5,4.3,24.2,35.1,89.6,101.7,43.2,0.0,70.1,0.0,439.4,20.7,79.0,269.6,70.1,1502,,PATIALA,
Punjab,Patiala,IMD110-P1501,1952,29.9,30.8,21.3,0.0,0.3,44.9,147.1,497.7,0.0,0.0,0.0,0.8,772.8,60.7,21.6,689.7,0.8,1502,,PATIALA,
Punjab,Patiala,IMD110-P1501,1953,61.7,1.0,0.0,15.0,10.7,88.0,351.0,236.2,141.5,0.0,0.0,9.4,914.5,62.7,25.7,816.7,9.4,1502,,PATIALA,
Punjab,Patiala,IMD110-P1501,1954,30.8,93.4,7.9,0.0,2.5,46.4,164.2,51.8,214.8,2.1,0.0,0.0,613.8,124.2,10.4,477.2,2.1,1502,,PATIALA,
Punjab,Patiala,IMD110-P1501,1955,65.9,5.9,20.5,11.5,36.1,51.3,171.6,203.8,166.9,254.1,0.0,0.5,988.3,71.8,68.2,593.7,254.6,1502,,PATIALA,
Punjab,Patiala,IMD110-P1501,1956,26.8,2.5,31.3,3.3,0.8,30.6,288.1,192.3,7.8,146.0,0.0,5.9,735.4,29.3,35.4,518.8,151.9,1502,,PATIALA,
Punjab,Patiala,IMD110-P1501,1957,97.3,0.0,8.6,11.4,6.1,11.2,122.9,122.7,210.0,13.5,10.4,32.9,646.9,97.3,26.0,466.8,56.8,1502,,PATIALA,
Punjab,Patiala,IMD110-P1501,1958,19.5,0.2,3.5,1.8,0.0,6.0,181.0,262.3,285.3,96.7,0.0,13.9,870.1,19.7,5.3,734.5,110.6,1502,,PATIALA,
Punjab,Patiala,IMD110-P1501,1959,33.7,17.2,6.5,3.0,17.6,34.9,141.9,307.8,172.0,6.7,20.7,0.0,762.1,50.9,27.2,656.6,27.4,1502,,PATIALA,
Punjab,Patiala,IMD110-P1501,1960,10.1,0.0,30.0,9.9,1.2,74.3,256.6,457.4,9.7,1.1,0.0,14.5,864.8,10.1,41.2,798.0,15.5,1502,,PATIALA,
Punjab,Patiala,IMD110-P1501,1961,76.2,73.0,0.2,2.5,2.9,5.1,167.4,171.9,25.7,22.3,0.4,14.6,562.3,149.1,5.6,370.2,37.4,1502,,PATIALA,
Punjab,Patiala,IMD110-P1501,1962,26.6,13.2,48.5,0.0,0.8,8.1,73.1,48.4,263.7,1.9,3.8,5.9,493.9,39.8,49.4,393.2,11.5,1502,,PATIALA,
Punjab,Patiala,IMD110-P1501,1963,0.0,12.6,30.6,0.5,6.9,40.9,86.0,197.4,18.5,0.0,1.1,12.0,406.5,12.6,38.0,342.8,13.1,1502,,PATIALA,
Punjab,Patiala,IMD110-P1501,1964,15.6,4.9,0.9,1.1,18.4,7.7,383.4,181.7,209.4,0.0,0.0,1.2,824.3,20.5,20.4,782.2,1.2,1502,,PATIALA,
Punjab,Patiala,IMD110-P1501,1965,15.0,21.4,9.6,24.2,38.4,1.6,188.9,102.1,8.9,9.3,1.5,0.3,421.2,36.5,72.2,301.5,11.0,1502,,PATIALA,
Punjab,Patiala,IMD110-P1501,1966,1.4,39.2,9.4,0.9,40.4,70.6,123.7,206.6,45.0,4.1,0.0,1.3,542.5,40.6,50.6,445.9,5.5,1502,,PATIALA,
Punjab,Patiala,IMD110-P1501,1967,0.0,5.4,35.1,1.3,5.5,40.3,194.1,172.3,37.8,11.4,1.0,80.7,585.0,5.4,41.9,444.6,93.1,1502,,PATIALA,
Punjab,Patiala,IMD110-P1501,1968,17.8,37.3,47.5,4.6,0.0,76.8,448.8,242.2,0.0,8.3,0.0,14.0,897.4,55.1,52.0,767.9,22.3,1503,,PATIALA,
Punjab,Patiala,IMD110-P1501,1969,3.6,15.2,15.1,5.2,10.5,10.1,327.5,111.8,310.1,0.0,11.2,0.0,820.2,18.8,30.8,759.5,11.2,1503,,PATIALA,
Punjab,Patiala,IMD110-P1501,1970,76.1,25.5,7.0,0.0,11.1,157.8,123.1,270.5,194.4,6.3,0.0,0.0,871.7,101.7,18.1,745.7,6.3,1503,,PATIALA,
Punjab,Patiala,IMD110-P1501,1971,15.2,60.1,0.0,8.2,74.6,109.4,166.8,190.7,64.0,0.0,0.0,0.0,689.0,75.3,82.8,530.9,0.0,1503,,PATIALA,
Punjab,Patiala,IMD110-P1501,1972,2.8,32.8,8.7,7.6,0.0,41.3,303.5,200.3,10.5,8.1,5.8,6.2,627.6,35.6,16.3,555.5,20.2,1503,,PATIALA,
Punjab,Patiala,IMD110-P1501,1973,26.9,56.1,4.7,0.0,22.3,149.0,237.8,153.9,29.0,50.2,0.0,16.3,746.1,83.0,27.0,569.7,66.5,1503,,PATIALA,
Punjab,Patiala,IMD110-P1501,1974,0.0,4.4,2.7,0.0,3.1,93.1,117.6,141.3,14.9,0.0,0.0,35.1,412.4,4.4,5.8,367.0,35.1,1503,,PATIALA,
Punjab,Patiala,IMD110-P1501,1975,25.2,21.0,29.6,1.5,2.0,41.2,235.5,240.7,163.7,0.6,0.0,0.0,761.1,46.2,33.1,681.2,0.6,1503,,PATIALA,
Punjab,Patiala,IMD110-P1501,1976,30.3,38.0,10.3,1.3,4.2,65.1,267.7,349.3,58.4,0.0,0.0,0.0,824.6,68.3,15.7,740.5,0.0,1503,,PATIALA,
Punjab,Patiala,IMD110-P1501,1977,37.3,0.6,3.5,27.4,57.5,67.4,296.4,205.1,208.2,9.3,0.0,15.6,928.3,37.9,88.4,777.1,24.9,1503,,PATIALA,
Punjab,Patiala,IMD110-P1501,1978,0.0,32.1,90.6,9.2,8.5,111.7,170.3,191.7,56.6,5.7,6.3,0.0,682.8,32.1,108.4,530.3,12.0,1503,,PATIALA,
Punjab,Patiala,IMD110-P1501,1979,25.7,52.1,26.6,6.5,18.1,45.9,216.3,27.2,24.2,0.3,1.9,11.3,456.1,77.8,51.2,313.6,13.5,1503,,PATIALA,
Punjab,Patiala,IMD110-P1501,1980,14.7,6.4,25.3,3.8,2.2,93.0,296.3,125.1,93.2,27.2,17.6,102.4,807.2,21.1,31.3,607.6,147.2,1503,,PATIALA,
Punjab,Patiala,IMD110-P1501,1981,47.5,15.8,72.0,0.0,2.8,33.7,258.4,45.7,39.7,0.0,69.4,0.0,585.0,63.2,74.8,377.5,69.4,1503,,PATIALA,
Punjab,Patiala,IMD110-P1501,1982,63.2,36.9,101.0,42.3,71.0,24.9,193.7,191.4,2.5,0.1,6.2,30.2,763.4,100.2,214.3,412.5,36.5,1503,,PATIALA,
Punjab,Patiala,IMD110-P1501,1983,104.4,13.4,22.3,144.6,61.2,20.5,232.6,277.8,62.3,6.2,0.0,3.3,948.5,117.8,228.1,593.2,9.5,1503,,PATIALA,
Punjab,Patiala,IMD110-P1501,1984,3.7,59.1,0.8,5.2,5.4,49.1,209.7,164.9,74.2,0.0,0.0,0.5,572.6,62.8,11.3,497.9,0.6,1503,,PATIALA,
Punjab,Patiala,IMD110-P1501,1985,2.6,0.0,0.0,2.6,4.2,58.0,267.6,259.2,62.6,37.3,0.0,36.4,730.5,2.6,6.8,647.4,73.7,1503,,PATIALA,
Punjab,Patiala,IMD110-P1501,1986,0.0,48.3,21.6,10.1,50.1,106.3,153.8,144.2,82.1,19.3,0.2,14.5,650.5,48.3,81.9,486.3,34.0,1503,,PATIALA,
Punjab,Patiala,IMD110-P1501,1987,17.6,24.7,10.3,7.6,88.9,46.1,20.4,43.2,0.0,6.0,0.0,2.9,267.7,42.3,106.8,109.7,9.0,1503,,PATIALA,
Punjab,Patiala,IMD110-P1501,1988,1.9,18.5,27.2,11.0,2.8,70.7,653.0,260.6,452.0,0.0,0.0,17.5,1515.2,20.4,41.0,1436.3,17.5,1503,,PATIALA,
Punjab,Patiala,IMD110-P1501,1989,75.2,1.4,26.4,0.6,8.7,31.9,121.5,301.1,94.5,0.0,3.4,15.8,680.7,76.6,35.8,549.0,19.2,1503,,PATIALA,
Punjab,Patiala,IMD110-P1501,1990,0.0,105.5,23.2,2.4,68.7,33.9,190.2,180.9,260.0,0.9,4.9,27.7,898.4,105.5,94.3,665.0,33.6,1503,,PATIALA,
Punjab,Patiala,IMD110-P1501,1991,0.0,40.6,1.5,30.5,7.6,140.3,68.0,230.0,48.2,0.1,0.0,43.8,610.7,40.6,39.7,486.5,43.9,1503,,PATIALA,
Punjab,Patiala,IMD110-P1501,1992,37.3,40.4,1.5,0.0,5.6,40.4,133.7,189.8,55.3,5.2,21.0,0.0,530.2,77.7,7.1,419.2,26.2,1503,,PATIALA,
Punjab,Patiala,IMD110-P1501,1993,4.7,23.6,45.9,6.6,27.7,32.1,548.0,7.9,124.5,0.0,0.0,0.0,821.2,28.3,80.2,712.6,0.0,1503,,PATIALA,
Punjab,Patiala,IMD110-P1501,1994,20.3,24.9,0.3,7.9,2.5,40.5,351.4,332.2,46.0,0.0,0.0,0.7,826.7,45.3,10.6,770.1,0.7,1503,,PATIALA,
Punjab,Patiala,IMD110-P1501,1995,27.9,28.5,22.9,30.4,0.0,60.4,138.6,645.0,267.0,0.0,2.1,0.1,1222.9,56.4,53.3,1111.0,2.2,1503,,PATIALA,
Punjab,Patiala,IMD110-P1501,1996,55.0,44.1,20.3,5.1,2.6,178.0,68.0,202.5,239.6,42.2,0.0,0.9,858.3,99.0,28.0,688.1,43.1,1503,,PATIALA,
Punjab,Patiala,IMD110-P1501,1997,12.2,4.8,2.7,31.3,28.8,63.8,84.6,320.5,20.7,33.1,15.4,60.6,678.5,17.0,62.7,489.7,109.1,1503,,PATIALA,
Punjab,Patiala,IMD110-P1501,1998,0.1,48.9,29.3,1.9,2.8,92.1,221.2,165.7,223.3,108.9,0.0,1.1,895.3,49.1,33.9,702.3,110.0,1503,,PATIALA,
Punjab,Patiala,IMD110-P1501,1999,33.0,1.4,0.3,0.0,16.5,31.8,184.1,68.3,90.5,0.8,0.2,0.0,426.8,34.4,16.8,374.6,1.0,1503,,PATIALA,
Punjab,Patiala,IMD110-P1501,2000,23.1,39.2,0.9,1.5,28.2,128.5,227.0,50.5,24.5,0.0,0.2,0.0,523.4,62.3,30.5,430.4,0.2,1503,,PATIALA,
Punjab,Patiala,IMD110-P1501,2001,21.4,2.4,11.1,20.8,30.5,92.4,89.2,155.7,3.2,0.0,0.0,3.0,429.7,23.8,62.4,340.5,3.0,1503,,PATIALA,
Punjab,Patiala,IMD110-P1501,2002,1.7,29.0,9.9,4.3,43.8,9.3,92.6,128.0,175.9,2.1,0.0,2.3,498.8,30.7,57.9,405.7,4.4,1504,,PATIALA,
Punjab,Patiala,IMD110-P1501,2003,20.1,39.9,10.6,2.0,3.3,41.5,207.1,93.7,74.0,0.0,0.1,6.3,498.6,60.0,15.8,416.4,6.4,1504,,PATIALA,
Punjab,Patiala,IMD110-P1501,2004,30.0,0.1,0.0,13.4,39.2,61.0,24.8,295.5,16.7,47.5,0.0,2.5,530.7,30.2,52.6,397.9,50.0,1504,,PATIALA,
Punjab,Patiala,IMD110-P1501,2005,32.6,34.9,14.9,6.0,1.6,49.6,150.2,65.2,78.8,0.0,0.0,0.0,433.9,67.5,22.5,343.9,0.0,1504,,PATIALA,
Punjab,Patiala,IMD110-P1501,2006,12.4,1.4,43.6,0.8,35.5,37.1,179.7,86.1,20.6,1.0,13.5,2.7,434.4,13.8,79.9,323.5,17.2,1504,,PATIALA,
Punjab,Patiala,IMD110-P1501,2007,0.6,67.3,41.6,10.0,1.3,54.0,45.3,159.7,33.0,2.5,0.2,1.7,417.3,67.9,52.9,292.1,4.4,1504,,PATIALA,
Punjab,Patiala,IMD110-P1501,2008,9.3,0.7,0.0,12.2,80.3,186.0,77.6,236.9,164.6,0.5,1.4,0.1,769.6,10.0,92.5,665.1,2.0,1504,,PATIALA,
Punjab,Patiala,IMD110-P1501,2009,5.7,6.8,15.2,12.1,3.3,21.7,129.2,47.5,119.0,0.7,0.2,0.0,361.3,12.5,30.6,317.3,0.9,1504,,PATIALA,
Punjab,Patiala,IMD110-P1501,2010,12.4,10.7,0.0,0.4,2.0,129.5,337.7,139.6,230.6,4.8,0.1,30.0,897.7,23.1,2.4,837.4,34.8,1504,,PATIALA,
Punjab,Roopnagar,IMD110-P1505,1901,50.7,138.1,40.4,0.0,24.4,25.4,233.5,197.6,60.4,3.0,0.0,5.1,778.6,188.8,64.8,516.9,8.1,1505,,ROOPNAGAR,
Punjab,Roopnagar,IMD110-P1505,1902,0.0,3.3,7.3,30.5,48.3,66.1,221.0,99.5,76.2,12.7,0.0,0.0,564.9,3.3,86.1,462.8,12.7,1505,,ROOPNAGAR,
Punjab,Roopnagar,IMD110-P1505,1903,68.6,0.0,17.3,5.3,0.0,13.7,213.9,138.7,108.4,36.6,0.0,0.0,602.5,68.6,22.6,474.7,36.6,1505,,ROOPNAGAR,
Punjab,Roopnagar,IMD110-P1505,1904,21.0,0.0,71.3,0.0,11.4,37.6,151.8,200.1,51.6,4.3,10.2,25.4,584.7,21.0,82.7,441.1,39.9,1505,,ROOPNAGAR,
Punjab,Roopnagar,IMD110-P1505,1905,35.4,87.1,17.3,2.0,0.0,24.1,200.9,66.7,69.9,0.0,0.0,,,122.5,19.3,361.6,,1505,missing_months,ROOPNAGAR,
Punjab,Roopnagar,IMD110-P1505,1906,13.5,78.1,61.5,0.0,0.0,92.4,174.3,511.3,198.9,0.0,0.0,15.8,1145.8,91.6,61.5,976.9,15.8,1505,,ROOPNAGAR,
Punjab,Roopnagar,IMD110-P1505,1907,35.8,90.7,74.2,38.3,0.0,11.4,77.6,373.0,8.1,0.0,0.0,0.0,709.1,126.5,112.5,470.1,0.0,1505,,ROOPNAGAR,
Punjab,Roopnagar,IMD110-P1505,1908,54.8,79.2,5.3,19.5,20.3,5.1,156.9,465.5,12.7,0.0,5.8,1.5,826.6,134.0,45.1,640.2,7.3,1505,,ROOPNAGAR,
Punjab,Roopnagar,IMD110-P1505,1909,109.0,14.8,0.0,17.3,0.0,111.8,415.3,302.9,49.6,0.0,0.0,62.0,1082.7,123.8,17.3,879.6,62.0,1505,,ROOPNAGAR,
Punjab,Roopnagar,IMD110-P1505,1910,38.6,12.7,0.0,0.0,6.1,135.1,165.9,290.0,206.9,39.9,0.0,9.6,904.8,51.3,6.1,797.9,49.5,1505,,ROOPNAGAR,
Punjab,Roopnagar,IMD110-P1505,1911,114.3,10.1,112.9,4.6,2.8,98.1,47.5,195.4,68.2,13.7,71.2,0.0,738.8,124.4,120.3,409.2,84.9,1505,,ROOPNAGAR,
Punjab,Roopnagar,IMD110-P1505,1912,38.8,7.4,3.5,38.6,8.9,22.8,181.7,189.8,104.1,0.0,7.9,2.8,606.3,46.2,51.0,498.4,10.7,1505,,ROOPNAGAR,
Punjab,Roopnagar,IMD110-P1505,1913,0.0,99.8,62.8,0.0,116.1,90.1,118.8,385.8,40.4,3.0,0.0,18.0,934.8,99.8,178.9,635.1,21.0,1505,,ROOPNAGAR,
Punjab,Roopnagar,IMD110-P1505,1914,0.5,8.4,18.6,35.8,,153.1,346.8,98.3,281.7,36.0,0.0,4.6,,8.9,,879.9,40.6,1505,missing_months,ROOPNAGAR,
Punjab,Roopnagar,IMD110-P1505,1915,38.4,35.1,49.0,6.6,17.7,46.1,168.2,,119.8,0.8,0.0,6.0,,73.5,73.3,,6.8,1505,missing_months,ROOPNAGAR,
Punjab,Roopnagar,IMD110-P1505,1916,6.4,31.7,4.3,3.6,10.4,89.4,405.0,277.6,105.7,48.1,0.0,0.0,982.2,38.1,18.3,877.7,48.1,1505,,ROOPNAGAR,
Punjab,Roopnagar,IMD110-P1505,1917,5.9,8.7,14.3,71.4,29.5,76.3,312.9,179.7,443.3,195.6,0.0,20.6,1358.2,14.6,115.2,1012.2,216.2,1505,,ROOPNAGAR,
Punjab,Roopnagar,IMD110-P1505,1918,9.7,0.0,63.3,29.2,4.1,12.0,54.0,92.2,26.5,0.0,25.4,1.3,317.7,9.7,96.6,184.7,26.7,1505,,ROOPNAGAR,
Punjab,Roopnagar,IMD110-P1505,1919,111.7,23.1,16.3,4.8,16.0,1.3,231.7,78.3,69.6,8.1,7.6,30.3,598.8,134.8,37.1,380.9,46.0,1505,,ROOPNAGAR,
Punjab,Roopnagar,IMD110-P1505,1920,13.8,13.9,50.0,0.0,17.8,118.6,326.5,92.4,41.5,0.0,0.0,3.6,678.1,27.7,67.8,579.0,3.6,1505,,ROOPNAGAR,
Punjab,Roopnagar,IMD110-P1505,1921,76.0,1.0,9.4,0.0,0.0,47.8,117.3,219.7,71.0,10.9,0.0,33.3,586.4,77.0,9.4,455.8,44.2,1505,,ROOPNAGAR,
Punjab,Roopnagar,IMD110-P1505,1922,65.4,25.9,11.4,0.5,0.0,51.1,239.6,155.1,123.7,0.0,0.0,31.2,703.9,91.3,11.9,569.5,31.2,1505,,ROOPNAGAR,
Punjab,Roopnagar,IMD110-P1505,1923,47.0,90.7,7.6,0.5,57.2,15.8,150.7,375.3,66.8,6.5,13.4,46.2,877.7,137.7,65.3,608.6,66.1,1505,,ROOPNAGAR,
Punjab,Roopnagar,IMD110-P1505,1924,50.5,39.5,3.8,0.0,43.7,0.0,257.6,138.9,321.1,0.0,2.8,33.3,891.2,90.0,47.5,717.6,36.1,1505,,ROOPNAGAR,
Punjab,Roopnagar,IMD110-P1505,1925,25.7,0.8,0.5,24.2,38.9,140.2,436.5,384.2,4.3,6.6,18.3,0.0,1080.2,26.5,63.6,965.2,24.9,1505,,ROOPNAGAR,
Punjab,Roopnagar,IMD110-P1505,1926,9.4,6.4,61.4,16.8,23.9,4.8,167.0,188.6,70.3,0.0,3.3,0.6,552.5,15.8,102.1,430.7,3.9,1505,,ROOPNAGAR,
Punjab,Roopnagar,IMD110-P1505,1927,0.0,92.4,42.2,14.7,43.2,5.6,345.8,267.3,99.0,12.0,2.0,15.7,939.9,92.4,100.1,717.7,29.7,1505,,ROOPNAGAR,
Punjab,Roopnagar,IMD110-P1505,1928,51.1,59.6,9.2,14.3,1.8,42.2,49.4,113.4,73.9,2.8,16.0,68.7,502.4,110.7,25.3,278.9,87.5,1505,,ROOPNAGAR,
Punjab,Roopnagar,IMD110-P1505,1929,37.3,1.5,0.0,20.6,0.0,79.3,235.2,178.3,15.0,15.7,0.0,94.1,677.0,38.8,20.6,507.8,109.8,1505,,ROOPNAGAR,
Punjab,Roopnagar,IMD110-P1505,1930,30.2,35.1,12.3,7.6,1.3,140.1,400.4,93.0,113.5,1.3,0.0,19.8,854.6,65.3,21.2,747.0,21.1,1505,,ROOPNAGAR,
Punjab,Roopnagar,IMD110-P1505,1931,4.9,44.8,40.4,0.3,11.5,1.5,261.6,290.9,173.7,17.5,0.0,0.0,847.1,49.7,52.2,727.7,17.5,1505,,ROOPNAGAR,
Punjab,Roopnagar,IMD110-P1505,1932,23.9,45.0,40.7,20.3,37.5,,336.1,320.8,142.7,0.0,5.6,17.2,,68.9,98.5,,22.8,1505,missing_months,ROOPNAGAR,
Punjab,Roopnagar,IMD110-P1505,1933,9.4,50.2,29.7,2.0,51.7,29.7,204.7,224.2,270.2,1.0,1.3,0.0,874.1,59.6,83.4,728.8,2.3,1505,,ROOPNAGAR,
Punjab,Roopnagar,IMD110-P1505,1934,36.1,2.8,30.0,0.9,1.8,17.0,370.0,139.2,7.9,0.0,0.0,47.3,653.0,38.9,32.7,534.1,47.3,1506,,ROOPNAGAR,
Punjab,Roopnagar,IMD110-P1505,1935,71.2,31.7,10.2,34.8,0.0,10.2,102.7,154.0,69.0,6.8,9.7,21.3,521.6,102.9,45.0,335.9,37.8,1506,,ROOPNAGAR,
Punjab,Roopnagar,IMD110-P1505,1936,0.0,61.3,18.2,9.8,8.4,229.8,291.8,,74.1,0.0,0.0,33.6,,61.3,36.4,,33.6,1506,missing_months,ROOPNAGAR,
Punjab,Roopnagar,IMD110-P1505,1937,22.3,81.3,23.1,50.1,3.6,102.1,382.2,113.8,88.7,10.2,0.5,30.5,908.4,103.6,76.8,686.8,41.2,1506,,ROOPNAGAR,
Punjab,Roopnagar,IMD110-P1505,1938,95.3,22.8,2.3,2.0,0.0,192.4,169.4,87.3,15.7,41.9,0.0,0.3,629.4,118.1,4.3,464.8,42.2,1506,,ROOPNAGAR,
Punjab,Roopnagar,IMD110-P1505,1939,6.6,36.4,72.7,6.9,0.0,128.4,163.3,167.0,39.2,6.8,0.0,0.0,627.3,43.0,79.6,497.9,6.8,1506,,ROOPNAGAR,
Punjab,Roopnagar,IMD110-P1505,1940,43.5,69.4,21.9,13.5,11.2,77.3,363.0,119.6,41.4,0.0,0.0,0.0,760.8,112.9,46.6,601.3,0.0,1506,,ROOPNAGAR,
Punjab,Roopnagar,IMD110-P1505,1941,53.3,23.9,1.5,0.0,33.3,80.7,163.8,283.6,27.0,12.2,0.0,3.6,682.9,77.2,34.8,555.1,15.8,1506,,ROOPNAGAR,
Punjab,Roopnagar,IMD110-P1505,1942,80.6,104.9,5.1,14.5,48.3,59.0,484.6,369.3,199.8,3.6,0.0,45.3,1415.0,185.5,67.9,1112.7,48.9,1506,,ROOPNAGAR,
Punjab,Roopnagar,IMD110-P1505,1943,60.7,5.1,15.7,27.2,6.1,30.0,185.0,334.7,81.8,0.0,0.0,3.3,749.6,65.8,49.0,631.5,3.3,1506,,ROOPNAGAR,
Punjab,Roopnagar,IMD110-P1505,1944,45.3,73.0,76.2,14.0,2.3,26.1,178.5,118.6,52.3,34.3,0.0,8.9,629.5,118.3,92.5,375.5,43.2,1506,,ROOPNAGAR,
Punjab,Roopnagar,IMD110-P1505,1945,112.5,0.0,11.9,12.9,0.0,94.0,245.8,191.3,583.9,,0.0,0.0,,112.5,24.8,1115.0,,1506,missing_months,ROOPNAGAR,
Punjab,Roopnagar,IMD110-P1505,1946,14.7,35.6,0.0,2.3,42.7,52.8,246.5,285.4,31.5,52.4,10.4,30.5,804.8,50.3,45.0,616.2,93.3,1506,,ROOPNAGAR,
Punjab,Roopnagar,IMD110-P1505,1947,20.4,26.1,19.8,0.0,0.0,17.3,,124.6,487.6,19.1,0.0,42.7,,46.5,19.8,,61.8,1506,missing_months,ROOPNAGAR,
Punjab,Roopnagar,IMD110-P1505,1948,13.7,66.0,81.6,4.8,2.0,15.2,227.6,310.5,49.1,0.0,0.0,4.3,774.8,79.7,88.4,602.4,4.3,1506,,ROOPNAGAR,
Punjab,Roopnagar,IMD110-P1505,1949,44.8,122.6,12.4,45.7,20.3,11.2,457.7,199.9,90.9,8.6,0.0,3.6,1017.7,167.4,78.4,759.7,12.2,1506,,ROOPNAGAR,
Punjab,Roopnagar,IMD110-P1505,1950,84.1,34.3,44.3,0.0,13.8,55.1,261.6,253.6,268.4,0.0,0.0,0.0,1015.2,118.4,58.1,838.7,0.0,1506,,ROOPNAGAR,
Punjab,Roopnagar,IMD110-P1505,1951,24.9,10.8,64.0,8.9,7.4,3.3,418.7,72.4,24.2,0.0,55.3,0.0,689.9,35.7,80.3,518.6,55.3,1506,,ROOPNAGAR,
Punjab,Roopnagar,IMD110-P1505,1952,38.6,20.0,36.6,0.0,3.1,86.8,97.5,369.4,0.0,0.0,0.0,4.6,656.6,58.6,39.7,553.7,4.6,1506,,ROOPNAGAR,
Punjab,Roopnagar,IMD110-P1505,1953,59.7,0.5,0.0,0.0,0.0,24.2,428.7,160.5,35.1,0.0,0.0,7.6,716.3,60.2,0.0,648.5,7.6,1506,,ROOPNAGAR,
Punjab,Roopnagar,IMD110-P1505,1954,67.0,134.1,9.4,0.0,0.0,0.0,437.8,52.9,121.4,95.5,0.0,0.0,918.1,201.1,9.4,612.1,95.5,1506,,ROOPNAGAR,
Punjab,Roopnagar,IMD110-P1505,1955,53.3,3.3,36.3,20.0,27.7,31.0,315.3,241.7,213.2,258.7,0.0,2.3,1202.8,56.6,84.0,801.2,261.0,1506,,ROOPNAGAR,
Punjab,Roopnagar,IMD110-P1505,1956,18.5,5.6,55.8,0.0,0.0,69.0,199.1,251.5,35.6,190.7,0.0,5.6,831.4,24.1,55.8,555.2,196.3,1506,,ROOPNAGAR,
Punjab,Roopnagar,IMD110-P1505,1957,179.8,2.5,13.7,16.0,22.9,22.4,157.0,100.6,240.8,23.9,12.7,40.8,833.1,182.3,52.6,520.8,77.4,1506,,ROOPNAGAR,
Punjab,Roopnagar,IMD110-P1505,1958,16.8,9.7,6.4,0.0,0.0,33.5,301.0,383.5,276.2,69.1,0.0,40.6,1136.8,26.5,6.4,994.2,109.7,1506,,ROOPNAGAR,
Punjab,Roopnagar,IMD110-P1505,1959,78.8,30.9,6.0,26.0,13.4,42.0,240.0,363.8,255.0,12.0,11.6,0.0,1079.5,109.7,45.4,900.8,23.6,1506,,ROOPNAGAR,
Punjab,Roopnagar,IMD110-P1505,1960,21.1,0.0,55.5,3.6,0.0,21.5,463.4,242.7,24.4,0.0,0.0,29.7,861.9,21.1,59.1,752.0,29.7,1506,,ROOPNAGAR,
Punjab,Roopnagar,IMD110-P1505,1961,70.8,134.8,0.0,0.0,0.0,101.0,400.4,320.8,86.2,21.8,16.7,0.0,1152.5,205.6,0.0,908.4,38.5,1506,,ROOPNAGAR,
Punjab,Roopnagar,IMD110-P1505,1962,55.0,41.4,49.4,46.4,7.0,49.6,200.6,57.8,430.2,0.0,,,,96.4,102.8,738.2,,1506,missing_months,ROOPNAGAR,
Punjab,Roopnagar,IMD110-P1505,1963,0.0,12.6,113.8,5.0,5.5,53.2,155.2,276.1,37.0,0.0,10.4,42.0,710.8,12.6,124.3,521.5,52.4,1506,,ROOPNAGAR,
Punjab,Roopnagar,IMD110-P1505,1964,14.0,10.0,0.0,0.0,39.0,0.0,483.0,229.0,268.2,0.0,0.0,3.1,1046.3,24.0,39.0,980.2,3.1,1506,,ROOPNAGAR,
Punjab,Roopnagar,IMD110-P1505,1965,37.0,67.0,21.0,0.0,21.0,0.0,260.3,105.0,95.0,0.0,0.0,0.0,606.3,104.0,42.0,460.3,0.0,1506,,ROOPNAGAR,
Punjab,Roopnagar,IMD110-P1505,1968,27.0,58.0,41.0,2.0,0.0,116.0,402.0,190.0,7.0,23.0,0.0,32.0,898.0,85.0,43.0,715.0,55.0,1506,,ROOPNAGAR,
Punjab,Roopnagar,IMD110-P1505,1969,200.0,25.0,19.0,22.0,7.0,17.0,153.0,202.0,109.0,0.0,0.0,0.0,754.0,225.0,48.0,481.0,0.0,1506,,ROOPNAGAR,
Punjab,Roopnagar,IMD110-P1505,1973,,,,,22.0,,443.5,174.6,,,0.0,16.0,,,,,,1507,missing_months,ROOPNAGAR,
Punjab,Roopnagar,IMD110-P1505,1974,14.9,11.3,7.0,0.0,16.0,129.2,114.5,260.1,41.7,10.5,0.0,35.5,640.7,26.2,23.0,545.5,46.0,1507,,ROOPNAGAR,
Punjab,Roopnagar,IMD110-P1505,1975,40.4,22.9,24.4,0.0,18.5,73.4,112.2,189.1,296.4,0.0,0.0,0.0,777.3,63.3,42.8,671.1,0.0,1507,,ROOPNAGAR,
Punjab,Roopnagar,IMD110-P1505,1976,31.9,73.5,27.8,0.0,45.2,14.2,293.8,135.3,59.5,0.0,0.0,0.0,681.2,105.4,73.0,502.8,0.0,1507,,ROOPNAGAR,
Punjab,Roopnagar,IMD110-P1505,1977,31.4,0.2,0.0,17.9,40.1,22.6,299.4,231.1,137.4,10.5,,58.7,,31.5,58.0,690.5,,1507,missing_months,ROOPNAGAR,
Punjab,Roopnagar,IMD110-P1505,1978,0.1,95.7,57.6,5.1,0.0,145.3,330.5,512.0,,2.5,42.7,0.0,,95.8,62.7,,45.2,1507,missing_months,ROOPNAGAR,
Punjab,Roopnagar,IMD110-P1505,1979,62.0,,18.0,0.0,29.5,73.2,195.8,72.7,0.0,0.0,2.0,14.9,,,47.5,341.5,16.9,1507,missing_months,ROOPNAGAR,
Punjab,Roopnagar,IMD110-P1505,1980,,0.5,13.5,1.0,0.0,,232.3,129.7,31.3,3.5,39.1,24.6,,,14.5,,67.2,1507,missing_months,ROOPNAGAR,
Punjab,Roopnagar,IMD110-P1505,1981,38.0,19.8,60.7,14.7,26.1,60.0,396.7,57.4,13.4,0.0,75.3,0.0,762.1,57.8,101.5,527.5,75.3,1507,,ROOPNAGAR,
Punjab,Roopnagar,IMD110-P1505,1982,122.9,36.5,128.0,52.4,68.4,27.2,235.7,194.0,20.5,5.0,6.0,16.0,912.6,159.4,248.8,477.4,27.0,1507,,ROOPNAGAR,
Punjab,Roopnagar,IMD110-P1505,1983,93.0,26.1,34.5,125.3,85.0,50.7,188.4,403.7,214.6,7.5,0.0,12.8,1241.5,119.2,244.8,857.3,20.3,1507,,ROOPNAGAR,
Punjab,Roopnagar,IMD110-P1505,1984,13.0,96.5,13.2,9.1,0.3,122.1,217.1,222.9,164.6,2.0,0.0,1.0,861.8,109.5,22.5,726.7,3.0,1507,,ROOPNAGAR,
Punjab,Roopnagar,IMD110-P1505,1985,32.7,2.2,2.0,33.1,14.0,79.1,296.5,345.1,131.7,124.3,0.0,57.8,1118.4,34.9,49.1,852.3,182.1,1507,,ROOPNAGAR,
Punjab,Roopnagar,IMD110-P1505,1986,0.0,38.2,16.3,10.1,51.7,108.8,288.2,318.2,26.7,22.6,33.8,30.7,945.2,38.2,78.1,741.9,87.1,1507,,ROOPNAGAR,
Punjab,Roopnagar,IMD110-P1505,1987,73.3,49.5,24.2,20.1,151.5,71.2,100.7,193.8,71.3,66.0,0.0,3.0,824.5,122.8,195.8,437.0,69.0,1507,,ROOPNAGAR,
Punjab,Roopnagar,IMD110-P1505,1988,13.1,,1170.0,0.0,7.0,54.8,715.0,340.5,502.5,0.0,0.0,109.0,,,1177.0,1612.8,109.0,1507,missing_months,ROOPNAGAR,
Punjab,Roopnagar,IMD110-P1505,1989,75.7,15.7,22.6,0.0,21.0,57.5,249.9,146.5,32.5,0.0,33.1,35.6,690.2,91.4,43.6,486.5,68.7,1507,,ROOPNAGAR,
Punjab,Roopnagar,IMD110-P1505,1990,0.0,74.8,61.5,0.0,36.8,12.0,420.1,269.1,296.6,0.0,11.0,78.5,1260.4,74.8,98.3,997.8,89.5,1507,,ROOPNAGAR,
Punjab,Roopnagar,IMD110-P1505,1991,,35.5,37.5,29.5,0.0,35.6,185.1,350.1,115.3,0.0,0.0,42.9,,,67.1,686.1,42.9,1507,missing_months,ROOPNAGAR,
Punjab,Roopnagar,IMD110-P1505,1992,59.8,34.7,13.5,4.5,8.5,82.7,180.8,484.5,42.0,1.5,21.5,0.0,934.0,94.4,26.5,790.0,23.0,1507,,ROOPNAGAR,
Punjab,Roopnagar,IMD110-P1505,1993,28.5,17.1,43.4,11.1,7.5,46.3,608.2,17.8,141.0,0.0,16.3,0.0,937.0,45.6,62.0,813.2,16.3,1507,,ROOPNAGAR,
Punjab,Roopnagar,IMD110-P1505,1994,7.5,53.8,5.5,18.7,3.0,110.1,412.1,423.4,68.8,0.0,0.0,0.0,1102.9,61.3,27.2,1014.4,0.0,1507,,ROOPNAGAR,
Punjab,Roopnagar,IMD110-P1505,1995,49.0,70.9,16.5,13.3,0.0,45.5,185.1,423.4,62.2,0.0,1.5,0.0,867.4,120.0,29.8,716.2,1.5,1507,,ROOPNAGAR,
Punjab,Roopnagar,IMD110-P1505,1996,,53.0,6.5,0.0,0.0,165.5,194.4,259.0,0.0,2.5,0.0,0.0,,,6.5,618.9,2.5,1507,missing_months,ROOPNAGAR,
Punjab,Roopnagar,IMD110-P1505,1997,25.4,8.0,8.4,38.2,0.0,95.2,316.6,408.0,44.0,43.0,61.4,136.1,1184.2,33.4,46.6,863.8,240.5,1507,,ROOPNAGAR,
Punjab,Roopnagar,IMD110-P1505,1998,20.0,50.4,55.8,13.0,6.0,78.3,264.5,189.8,294.5,57.5,0.0,0.0,1029.8,70.4,74.8,827.1,57.5,1507,,ROOPNAGAR,
Punjab,Roopnagar,IMD110-P1505,1999,29.6,,0.0,0.0,119.1,34.0,379.7,222.3,13.1,0.0,0.0,0.0,,,119.1,649.2,0.0,1507,missing_months,ROOPNAGAR,
Punjab,Roopnagar,IMD110-P1505,2000,68.0,31.2,15.6,7.0,29.0,153.5,355.0,136.4,95.5,0.0,0.5,0.0,891.7,99.2,51.6,740.4,0.5,1507,,ROOPNAGAR,
Punjab,Roopnagar,IMD110-P1505,2001,56.5,0.0,26.8,17.2,75.5,223.0,384.8,206.0,35.0,0.0,0.0,3.0,1027.8,56.5,119.5,848.8,3.0,1507,,ROOPNAGAR,
Punjab,Roopnagar,IMD110-P1505,2002,16.0,13.0,23.5,10.0,12.3,45.9,46.2,170.1,253.2,15.0,0.0,2.0,607.2,29.0,45.8,515.4,17.0,1507,,ROOPNAGAR,
Punjab,Roopnagar,IMD110-P1505,2003,24.5,58.0,25.6,16.0,1.0,85.4,236.6,93.3,155.1,0.0,0.0,0.0,695.5,82.5,42.6,570.4,0.0,1507,,ROOPNAGAR,
Punjab,Roopnagar,IMD110-P1505,2004,34.5,0.0,0.0,,8.5,0.0,55.6,222.4,22.5,212.5,0.0,0.0,,34.5,,300.5,212.5,1507,missing_months,ROOPNAGAR,
Punjab,Roopnagar,IMD110-P1505,2005,0.0,0.0,0.0,0.0,0.0,0.0,286.0,120.1,107.0,0.0,0.0,,,0.0,0.0,513.1,,1507,missing_months,ROOPNAGAR,
Punjab,Roopnagar,IMD110-P1505,2006,,,,,,,,,,,,7.6,,,,,,1507,missing_months,ROOPNAGAR,
Punjab,Roopnagar,IMD110-P1505,2007,1.0,106.9,105.0,26.0,3.8,77.5,161.5,,,0.0,,,,107.9,134.8,,,1508,missing_months,ROOPNAGAR,
Punjab,Roopnagar,IMD110-P1505,2008,24.5,3.0,0.0,31.5,22.0,313.1,,,221.1,7.5,0.0,0.0,,27.5,53.5,,7.5,1508,missing_months,ROOPNAGAR,
Punjab,Roopnagar,IMD110-P1505,2009,5.0,11.0,40.2,30.6,30.6,35.5,256.6,162.3,129.3,12.5,0.0,0.0,713.6,16.0,101.4,583.7,12.5,1508,,ROOPNAGAR,
Punjab,Roopnagar,IMD110-P1505,2010,,,0.0,0.0,7.0,96.0,353.0,162.7,175.2,27.0,0.0,,,,7.0,786.9,,1508,missing_months,ROOPNAGAR,
Punjab,Sangrur,IMD110-P1509,1901,48.6,39.4,21.3,0.0,7.7,6.7,118.9,170.8,9.0,14.0,0.0,3.4,439.8,88.0,29.0,305.4,17.4,1509,,SANGRUR,
Punjab,Sangrur,IMD110-P1509,1902,0.0,0.0,5.9,9.9,40.9,59.9,83.1,98.9,31.2,1.8,0.0,0.0,331.6,0.0,56.7,273.1,1.8,1509,,SANGRUR,
Punjab,Sangrur,IMD110-P1509,1903,22.8,0.0,12.1,3.1,6.9,2.3,109.3,39.6,68.0,4.8,0.0,2.8,271.5,22.8,22.0,219.1,7.6,1509,,SANGRUR,
Punjab,Sangrur,IMD110-P1509,1904,10.2,0.1,77.3,0.0,8.0,37.5,50.4,128.9,75.6,3.1,10.0,28.6,429.8,10.3,85.4,292.4,41.7,1509,,SANGRUR,
Punjab,Sangrur,IMD110-P1509,1905,50.0,27.3,17.1,0.8,5.2,38.5,114.8,24.3,31.1,0.0,0.0,5.3,314.5,77.4,23.1,208.7,5.3,1509,,SANGRUR,
Punjab,Sangrur,IMD110-P1509,1906,4.1,41.8,33.7,0.4,4.6,27.3,45.8,78.9,80.6,1.3,0.0,8.2,326.8,45.9,38.8,232.6,9.5,1509,,SANGRUR,
Punjab,Sangrur,IMD110-P1509,1907,20.4,48.2,40.2,43.8,2.5,15.3,135.6,243.0,15.1,0.0,0.0,0.0,564.0,68.6,86.5,408.9,0.0,1509,,SANGRUR,
Punjab,Sangrur,IMD110-P1509,1908,53.0,0.6,0.0,20.2,23.6,14.0,143.8,249.3,12.5,0.0,0.3,0.6,518.0,53.6,43.8,419.7,0.9,1509,,SANGRUR,
Punjab,Sangrur,IMD110-P1509,1909,9.6,9.6,0.0,50.7,3.9,96.8,266.7,174.1,229.6,1.6,0.0,43.1,885.9,19.2,54.6,767.3,44.8,1509,,SANGRUR,
Punjab,Sangrur,IMD110-P1509,1910,23.7,3.9,0.0,3.3,0.0,101.5,123.4,155.6,73.8,44.6,0.0,1.6,531.4,27.6,3.3,454.3,46.2,1509,,SANGRUR,
Punjab,Sangrur,IMD110-P1509,1911,65.9,8.4,58.6,2.9,0.0,54.8,40.2,49.5,36.3,7.4,31.6,0.0,355.7,74.3,61.5,180.9,39.0,1509,,SANGRUR,
Punjab,Sangrur,IMD110-P1509,1912,27.2,7.4,5.7,14.1,10.5,20.1,106.1,178.9,46.0,0.0,8.0,3.8,427.7,34.6,30.3,351.1,11.8,1509,,SANGRUR,
Punjab,Sangrur,IMD110-P1509,1913,1.7,29.6,56.8,2.1,74.9,100.8,73.7,58.4,18.6,0.0,0.0,15.3,431.8,31.3,133.8,251.5,15.3,1509,,SANGRUR,
Punjab,Sangrur,IMD110-P1509,1914,6.8,2.5,0.8,38.5,25.0,45.3,105.4,66.4,182.9,9.3,11.9,0.0,495.0,9.3,64.4,400.1,21.2,1509,,SANGRUR,
Punjab,Sangrur,IMD110-P1509,1915,6.8,43.6,40.2,4.7,3.0,30.5,35.6,17.1,49.5,9.8,0.0,0.0,240.7,50.4,47.9,132.7,9.8,1509,,SANGRUR,
Punjab,Sangrur,IMD110-P1509,1916,0.4,19.9,0.8,5.1,9.0,10.4,145.9,195.1,60.1,23.7,0.0,5.1,475.7,20.4,14.9,411.6,28.8,1509,,SANGRUR,
Punjab,Sangrur,IMD110-P1509,1917,7.5,8.9,3.2,57.3,23.9,60.4,99.1,191.5,446.4,178.0,0.0,11.4,1087.7,16.4,84.5,797.4,189.5,1509,,SANGRUR,
Punjab,Sangrur,IMD110-P1509,1918,4.0,0.0,39.5,19.4,0.0,19.1,34.6,215.4,0.0,0.0,0.0,0.0,332.0,4.0,58.9,269.1,0.0,1509,,SANGRUR,
Punjab,Sangrur,IMD110-P1509,1919,59.2,2.5,9.5,5.0,5.7,10.2,166.7,123.4,26.7,0.0,2.9,23.7,435.4,61.7,20.2,326.9,26.6,1509,,SANGRUR,
Punjab,Sangrur,IMD110-P1509,1920,19.0,15.7,19.1,0.0,10.1,76.8,97.3,23.9,0.0,3.6,0.0,0.0,265.4,34.7,29.1,198.0,3.6,1509,,SANGRUR,
Punjab,Sangrur,IMD110-P1509,1921,12.3,0.0,0.0,1.7,0.0,7.3,119.0,49.9,33.0,40.9,0.0,38.0,302.1,12.3,1.7,209.2,78.9,1509,,SANGRUR,
Punjab,Sangrur,IMD110-P1509,1922,14.7,15.3,0.0,0.0,0.0,66.7,85.3,27.7,113.3,9.1,0.0,17.4,349.4,30.0,0.0,293.0,26.4,1509,,SANGRUR,
Punjab,Sangrur,IMD110-P1509,1923,21.3,42.5,0.9,0.0,13.5,25.1,269.0,272.5,0.8,0.0,0.0,32.7,678.4,63.9,14.4,567.4,32.7,1509,,SANGRUR,
Punjab,Sangrur,IMD110-P1509,1924,46.5,33.0,0.0,0.4,15.8,0.0,88.0,87.6,139.8,0.0,0.0,27.9,439.0,79.5,16.2,315.4,27.9,1509,,SANGRUR,
Punjab,Sangrur,IMD110-P1509,1925,0.0,2.2,0.0,2.6,15.6,118.6,260.6,79.8,36.0,9.9,5.7,0.0,531.0,2.2,18.2,495.0,15.6,1509,,SANGRUR,
Punjab,Sangrur,IMD110-P1509,1926,6.6,10.1,26.1,10.6,40.6,9.8,199.7,132.7,26.0,0.0,0.0,2.3,464.5,16.8,77.3,368.1,2.3,1509,,SANGRUR,
Punjab,Sangrur,IMD110-P1509,1927,0.0,37.1,15.1,4.3,13.0,22.6,274.0,54.2,56.6,0.0,1.0,24.7,502.7,37.1,32.4,407.5,25.7,1509,,SANGRUR,
Punjab,Sangrur,IMD110-P1509,1928,26.6,25.8,1.3,4.7,2.2,28.3,90.5,50.5,40.6,4.5,13.7,33.4,322.1,52.3,8.2,210.0,51.6,1509,,SANGRUR,
Punjab,Sangrur,IMD110-P1509,1929,6.8,0.0,0.0,8.6,1.0,9.1,117.4,89.1,0.0,0.0,0.0,22.9,254.9,6.8,9.6,215.6,22.9,1509,,SANGRUR,
Punjab,Sangrur,IMD110-P1509,1930,17.0,14.4,10.3,8.4,8.9,48.8,198.4,37.4,115.9,1.4,0.0,15.2,476.0,31.4,27.6,400.5,16.5,1509,,SANGRUR,
Punjab,Sangrur,IMD110-P1509,1931,8.4,10.7,15.8,1.3,9.8,3.3,172.3,117.9,31.8,29.7,0.0,0.0,401.1,19.1,26.9,325.4,29.7,1509,,SANGRUR,
Punjab,Sangrur,IMD110-P1509,1932,18.0,0.0,31.5,4.8,2.4,30.4,96.7,47.1,0.0,0.0,0.0,17.6,248.4,18.0,38.7,174.2,17.6,1509,,SANGRUR,
Punjab,Sangrur,IMD110-P1509,1933,1.7,18.7,18.4,9.0,25.3,14.2,102.5,394.9,255.6,3.8,4.0,0.0,848.1,20.4,52.7,767.2,7.8,1509,,SANGRUR,
Punjab,Sangrur,IMD110-P1509,1934,14.3,0.0,25.1,1.0,8.2,56.3,41.2,104.9,30.5,0.0,0.0,1.4,283.0,14.3,34.3,233.0,1.4,1510,,SANGRUR,
Punjab,Sangrur,IMD110-P1509,1935,27.8,12.1,6.0,49.1,0.0,10.6,317.2,184.9,92.6,0.0,22.7,1.3,724.2,39.9,55.1,605.3,24.0,1510,,SANGRUR,
Punjab,Sangrur,IMD110-P1509,1936,0.0,58.2,11.8,1.0,0.0,84.3,104.2,200.7,31.8,0.0,0.0,34.1,526.3,58.2,12.8,421.1,34.1,1510,,SANGRUR,
Punjab,Sangrur,IMD110-P1509,1937,1.1,91.3,5.9,37.1,8.4,18.1,248.2,15.0,59.9,1.6,0.0,11.2,497.8,92.4,51.3,341.3,12.8,1510,,SANGRUR,
Punjab,Sangrur,IMD110-P1509,1938,51.7,1.0,0.8,3.0,0.0,36.5,41.4,72.0,19.2,20.6,0.0,0.0,246.1,52.7,3.7,169.1,20.6,1510,,SANGRUR,
Punjab,Sangrur,IMD110-P1509,1939,0.7,50.1,38.6,0.0,0.0,9.1,102.0,83.9,6.8,0.0,0.0,0.0,291.2,50.8,38.6,201.8,0.0,1510,,SANGRUR,
Punjab,Sangrur,IMD110-P1509,1940,16.2,40.0,1.5,1.1,12.6,14.5,98.4,140.9,17.3,0.0,0.0,0.0,342.5,56.2,15.2,271.0,0.0,1510,,SANGRUR,
Punjab,Sangrur,IMD110-P1509,1941,44.2,7.5,9.2,0.0,9.7,98.0,58.1,97.5,23.3,23.2,0.0,4.8,375.4,51.7,18.9,276.8,28.0,1510,,SANGRUR,
Punjab,Sangrur,IMD110-P1509,1942,14.9,33.7,6.4,13.3,7.4,75.0,211.0,204.3,144.5,10.2,0.0,39.3,760.0,48.6,27.1,634.8,49.5,1510,,SANGRUR,
Punjab,Sangrur,IMD110-P1509,1943,30.9,0.0,6.2,14.4,15.4,27.0,64.0,71.7,36.2,0.0,0.0,0.0,265.8,30.9,36.0,198.9,0.0,1510,,SANGRUR,
Punjab,Sangrur,IMD110-P1509,1944,21.4,58.7,56.7,46.7,0.0,26.9,153.4,94.3,36.8,37.2,4.0,4.3,540.3,80.1,103.4,311.4,45.4,1510,,SANGRUR,
Punjab,Sangrur,IMD110-P1509,1945,34.9,0.0,8.1,6.3,0.0,70.0,164.7,94.4,529.4,7.5,0.0,0.0,915.2,34.9,14.3,858.5,7.5,1510,,SANGRUR,
Punjab,Sangrur,IMD110-P1509,1946,0.0,9.2,8.5,1.3,9.6,59.4,55.4,65.3,3.0,21.0,0.0,22.6,255.3,9.2,19.4,183.1,43.6,1510,,SANGRUR,
Punjab,Sangrur,IMD110-P1509,1947,18.8,14.1,15.8,0.0,0.6,0.0,35.5,133.1,325.0,2.5,0.0,49.0,594.5,32.9,16.4,493.6,51.5,1510,,SANGRUR,
Punjab,Sangrur,IMD110-P1509,1948,5.3,40.0,43.1,3.2,0.8,7.2,178.6,177.2,10.9,0.0,0.0,0.9,467.4,45.3,47.1,374.0,0.9,1510,,SANGRUR,
Punjab,Sangrur,IMD110-P1509,1949,1.6,27.4,0.0,0.9,27.9,29.9,,,,,,,,29.0,28.9,,,1510,missing_months,SANGRUR,
Punjab,Sangrur,IMD110-P1509,1952,3.8,5.8,24.8,0.0,0.0,37.5,70.1,456.0,0.0,0.0,0.0,0.0,597.8,9.6,24.8,563.5,0.0,1510,,SANGRUR,
Punjab,Sangrur,IMD110-P1509,1954,18.5,101.5,4.9,0.0,0.8,51.7,57.2,33.9,164.3,8.4,0.0,0.0,441.1,120.1,5.6,307.0,8.4,1510,,SANGRUR,
Punjab,Sangrur,IMD110-P1509,1955,26.9,7.0,24.9,27.3,18.0,79.5,194.5,103.1,180.4,319.6,0.0,0.7,981.9,33.8,70.2,557.5,320.3,1510,,SANGRUR,
Punjab,Sangrur,IMD110-P1509,1956,19.3,0.4,32.4,1.9,0.0,49.9,191.2,136.5,3.6,119.4,0.0,0.3,554.8,19.6,34.3,381.2,119.7,1510,,SANGRUR,
Punjab,Sangrur,IMD110-P1509,1957,99.9,0.0,5.2,9.2,9.5,23.2,171.7,132.7,209.5,11.6,13.4,27.3,713.1,99.9,23.8,537.1,52.3,1510,,SANGRUR,
Punjab,Sangrur,IMD110-P1509,1958,4.6,0.3,6.5,0.3,0.0,20.5,186.2,85.6,473.7,29.0,0.0,28.2,834.8,4.9,6.7,766.0,57.2,1510,,SANGRUR,
Punjab,Sangrur,IMD110-P1509,1959,46.2,17.1,7.7,1.0,22.1,40.1,157.6,184.2,75.6,9.3,12.1,0.3,573.3,63.3,30.8,457.4,21.7,1510,,SANGRUR,
Punjab,Sangrur,IMD110-P1509,1960,7.5,0.0,29.6,7.3,2.9,65.8,269.6,361.0,2.0,3.3,0.0,15.0,764.0,7.5,39.8,698.4,18.2,1510,,SANGRUR,
Punjab,Sangrur,IMD110-P1509,1961,30.3,43.6,0.0,2.8,1.1,44.6,185.5,137.7,42.8,19.9,0.0,10.1,518.5,73.9,4.0,410.6,30.0,1510,,SANGRUR,
Punjab,Sangrur,IMD110-P1509,1962,16.0,5.4,27.7,3.0,0.2,14.5,97.6,72.1,217.1,1.8,4.3,10.7,470.4,21.3,31.0,401.3,16.8,1510,,SANGRUR,
Punjab,Sangrur,IMD110-P1509,1963,0.8,24.9,20.3,0.3,13.2,23.9,63.1,183.6,35.9,0.0,0.0,1.3,367.4,25.7,33.9,306.6,1.3,1510,,SANGRUR,
Punjab,Sangrur,IMD110-P1509,1964,2.4,3.1,0.0,0.0,37.9,0.8,489.4,200.6,119.3,0.0,0.0,1.0,854.5,5.4,37.9,810.1,1.0,1510,,SANGRUR,
Punjab,Sangrur,IMD110-P1509,1965,6.9,19.2,4.0,6.2,49.1,0.7,169.8,97.9,2.9,7.1,0.0,0.0,363.7,26.1,59.3,271.3,7.1,1510,,SANGRUR,
Punjab,Sangrur,IMD110-P1509,1966,0.0,29.9,9.9,0.8,34.3,32.1,56.5,256.4,60.5,2.2,0.0,0.3,482.9,29.9,45.0,405.5,2.5,1510,,SANGRUR,
Punjab,Sangrur,IMD110-P1509,1967,0.0,3.1,43.0,1.8,1.4,10.6,218.4,106.1,51.5,9.3,1.0,91.1,537.3,3.1,46.3,386.5,101.4,1510,,SANGRUR,
Punjab,Sangrur,IMD110-P1509,1968,17.4,10.1,31.2,3.1,0.0,42.5,274.1,71.5,0.0,13.4,0.0,1.7,465.1,27.5,34.4,388.1,15.1,1510,,SANGRUR,
Punjab,Sangrur,IMD110-P1509,1969,0.0,12.0,20.4,4.1,23.9,10.6,178.9,73.0,147.4,0.0,10.9,0.0,481.1,12.0,48.4,409.8,10.9,1510,,SANGRUR,
Punjab,Sangrur,IMD110-P1509,1970,21.1,35.8,6.1,,25.2,128.2,37.6,183.6,102.7,,,,,56.9,,452.1,,1510,missing_months,SANGRUR,
Punjab,Sangrur,IMD110-P1509,1972,0.0,23.9,4.9,4.7,0.0,20.5,181.6,125.7,21.4,37.8,33.7,3.1,457.3,23.9,9.6,349.1,74.6,1511,,SANGRUR,
Punjab,Sangrur,IMD110-P1509,1973,,,6.1,,45.8,,85.5,279.7,,,0.0,15.5,,,,,,1511,missing_months,SANGRUR,
Punjab,Sangrur,IMD110-P1509,1974,0.0,2.7,3.6,1.1,0.7,52.9,113.9,64.2,17.7,0.0,0.0,8.8,265.6,2.7,5.4,248.7,8.8,1511,,SANGRUR,
Punjab,Sangrur,IMD110-P1509,1975,8.2,10.1,5.9,2.2,3.7,36.4,176.6,168.7,174.5,7.0,0.0,0.0,593.3,18.3,11.8,556.2,7.0,1511,,SANGRUR,
Punjab,Sangrur,IMD110-P1509,1976,34.9,34.8,6.9,1.8,11.6,62.5,218.2,304.1,47.0,0.0,0.0,0.0,721.7,69.7,20.3,631.8,0.0,1511,,SANGRUR,
Punjab,Sangrur,IMD110-P1509,1977,37.4,0.0,0.3,44.3,37.8,37.9,250.1,166.6,121.6,11.4,,7.7,,37.4,82.4,576.2,,1511,missing_months,SANGRUR,
Punjab,Sangrur,IMD110-P1509,1978,0.0,21.3,49.4,1.7,2.9,102.5,159.7,150.4,20.1,0.0,2.6,0.0,510.6,21.3,54.0,432.7,2.6,1511,,SANGRUR,
Punjab,Sangrur,IMD110-P1509,1979,9.6,,14.1,8.1,22.7,30.5,156.7,29.5,2.0,0.2,5.5,7.5,,,44.9,218.7,13.2,1511,missing_months,SANGRUR,
Punjab,Sangrur,IMD110-P1509,1980,0.0,0.7,17.3,0.6,1.1,30.2,227.5,88.0,57.0,16.9,7.3,47.0,493.6,0.7,19.0,402.7,71.2,1511,,SANGRUR,
Punjab,Sangrur,IMD110-P1509,1981,28.4,19.9,66.2,0.0,2.1,8.2,266.1,73.6,8.5,0.0,46.7,0.0,519.8,48.3,68.4,356.5,46.7,1511,,SANGRUR,
Punjab,Sangrur,IMD110-P1509,1982,26.9,34.2,92.2,33.0,83.0,10.2,57.9,129.6,0.0,2.9,5.4,13.0,488.2,61.0,208.2,197.6,21.3,1511,,SANGRUR,
Punjab,Sangrur,IMD110-P1509,1983,73.7,5.9,13.8,115.6,26.2,20.1,176.3,241.4,54.9,6.3,0.0,2.5,736.6,79.5,155.6,492.7,8.8,1511,,SANGRUR,
Punjab,Sangrur,IMD110-P1509,1984,0.4,39.9,3.2,2.1,0.9,11.2,175.1,186.2,63.9,0.0,0.7,0.2,483.8,40.3,6.2,436.3,0.9,1511,,SANGRUR,
Punjab,Sangrur,IMD110-P1509,1985,0.3,0.0,0.0,6.2,0.3,41.7,296.4,195.6,38.5,20.0,0.0,34.1,633.1,0.3,6.6,572.1,54.1,1511,,SANGRUR,
Punjab,Sangrur,IMD110-P1509,1986,0.0,55.5,23.1,19.6,46.8,103.5,74.4,97.3,51.1,25.2,1.5,0.9,499.0,55.5,89.5,326.4,27.6,1511,,SANGRUR,
Punjab,Sangrur,IMD110-P1509,1987,15.6,36.2,21.0,4.3,82.4,69.7,18.8,58.8,0.0,8.9,0.0,5.2,320.8,51.8,107.7,147.2,14.1,1511,,SANGRUR,
Punjab,Sangrur,IMD110-P1509,1988,0.0,,24.4,5.8,5.4,35.0,356.2,331.2,469.4,0.0,0.0,42.7,,,35.6,1191.8,42.7,1511,missing_months,SANGRUR,
Punjab,Sangrur,IMD110-P1509,1989,28.7,0.8,3.7,0.0,0.0,51.5,93.1,151.6,5.1,1.3,3.5,27.8,366.9,29.4,3.7,301.3,32.5,1511,,SANGRUR,
Punjab,Sangrur,IMD110-P1509,1990,0.0,47.3,27.4,4.0,5.8,12.0,163.1,109.4,239.8,0.0,19.3,25.1,653.0,47.3,37.1,524.3,44.4,1511,,SANGRUR,
Punjab,Sangrur,IMD110-P1509,1991,,25.6,4.7,21.6,0.4,125.2,23.1,118.5,10.9,0.0,0.1,42.7,,,26.6,277.7,42.8,1511,missing_months,SANGRUR,
Punjab,Sangrur,IMD110-P1509,1992,42.8,36.1,1.2,0.8,0.3,2.9,98.8,72.1,31.9,10.9,16.3,0.0,314.2,79.0,2.2,205.8,27.2,1511,,SANGRUR,
Punjab,Sangrur,IMD110-P1509,1993,0.8,22.0,17.9,0.0,11.5,21.9,265.8,12.4,89.5,0.0,0.0,0.0,441.9,22.8,29.4,389.7,0.0,1511,,SANGRUR,
Punjab,Sangrur,IMD110-P1509,1994,23.2,15.8,0.3,4.0,6.1,31.2,139.8,218.9,113.0,0.0,0.0,1.8,554.1,39.1,10.4,502.9,1.8,1511,,SANGRUR,
Punjab,Sangrur,IMD110-P1509,1995,36.4,61.6,22.5,7.7,0.0,47.5,97.4,409.9,320.5,0.4,2.7,0.6,1007.1,98.0,30.2,875.3,3.7,1511,,SANGRUR,
Punjab,Sangrur,IMD110-P1509,1996,,46.6,15.1,2.4,3.5,63.1,21.2,173.2,108.8,38.8,0.0,1.2,,,21.0,366.3,40.1,1511,missing_months,SANGRUR,
Punjab,Sangrur,IMD110-P1509,1997,12.0,0.6,7.6,46.4,39.9,59.8,76.9,217.7,9.0,23.5,13.6,51.4,558.4,12.6,94.0,363.4,88.4,1511,,SANGRUR,
Punjab,Sangrur,IMD110-P1509,1998,0.5,42.8,11.1,1.4,3.4,43.4,103.5,83.9,173.4,59.7,0.0,0.0,523.1,43.2,15.9,404.2,59.7,1511,,SANGRUR,
Punjab,Sangrur,IMD110-P1509,1999,24.2,,0.0,0.0,17.5,23.8,142.8,29.3,39.9,0.0,0.0,1.2,,,17.5,235.8,1.2,1511,missing_months,SANGRUR,
Punjab,Sangrur,IMD110-P1509,2000,20.3,28.9,1.0,1.2,20.1,47.7,98.5,41.7,17.5,0.0,0.0,0.5,277.4,49.2,22.3,205.4,0.5,1511,,SANGRUR,
Punjab,Sangrur,IMD110-P1509,2001,12.7,0.0,1.8,11.3,26.5,89.3,85.8,66.6,1.5,3.6,0.2,0.4,299.6,12.7,39.6,243.2,4.1,1511,,SANGRUR,
Punjab,Sangrur,IMD110-P1509,2002,0.0,12.3,4.9,0.2,25.8,2.5,13.1,6.1,46.3,0.0,0.0,2.7,113.7,12.3,30.8,68.0,2.7,1511,,SANGRUR,
Punjab,Sangrur,IMD110-P1509,2003,4.7,37.0,3.0,0.0,7.5,14.6,134.5,42.2,3.7,0.0,0.1,0.5,247.8,41.7,10.5,195.0,0.6,1511,,SANGRUR,
Punjab,Sangrur,IMD110-P1509,2004,17.7,1.6,0.0,,26.8,54.0,11.2,122.4,13.6,12.4,0.0,0.8,,19.3,,201.1,13.2,1511,missing_months,SANGRUR,
Punjab,Sangrur,IMD110-P1509,2005,20.8,45.6,18.8,1.9,0.5,19.5,124.8,87.2,82.6,0.0,0.0,,,66.4,21.2,314.0,,1511,missing_months,SANGRUR,
Punjab,Sangrur,IMD110-P1509,2006,,,,,,,,,,,,4.4,,,,,,1512,missing_months,SANGRUR,
Punjab,Sangrur,IMD110-P1509,2007,0.7,42.1,36.2,11.2,2.4,53.8,35.3,,,0.0,,,,42.8,49.8,,,1512,missing_months,SANGRUR,
Punjab,Sangrur,IMD110-P1509,2008,5.8,1.3,0.0,18.3,51.3,173.5,,,51.8,3.1,0.0,0.0,,7.0,69.5,,3.1,1512,missing_months,SANGRUR,
Punjab,Sangrur,IMD110-P1509,2009,6.7,7.9,11.2,9.4,1.5,8.4,201.1,20.4,57.5,0.0,0.0,0.0,324.0,14.6,22.1,287.4,0.0,1512,,SANGRUR,
Punjab,Sangrur,IMD110-P1509,2010,,34.5,0.0,1.3,0.0,23.7,284.0,,116.0,0.0,0.0,19.0,,,1.3,,19.0,1512,missing_months,SANGRUR,
Punjab,Sas Nagar,IMD110-P1513,1901,78.5,172.2,37.1,3.0,23.6,51.9,311.0,199.4,40.9,20.3,0.0,6.1,944.0,250.7,63.7,603.2,26.4,1513,,SAS NAGAR,
Punjab,Sas Nagar,IMD110-P1513,1902,0.0,1.3,7.6,0.0,24.6,64.3,254.4,84.4,40.6,12.7,0.0,0.0,489.9,1.3,32.2,443.7,12.7,1513,,SAS NAGAR,
Punjab,Sas Nagar,IMD110-P1513,1903,59.9,9.7,17.5,0.0,1.5,10.6,163.5,244.0,116.7,7.4,0.0,11.5,642.3,69.6,19.0,534.8,18.9,1513,,SAS NAGAR,
Punjab,Sas Nagar,IMD110-P1513,1904,25.1,0.0,63.0,0.0,13.0,29.2,130.2,218.6,75.5,1.8,5.4,37.7,599.5,25.1,76.0,453.5,44.9,1513,,SAS NAGAR,
Punjab,Sas Nagar,IMD110-P1513,1905,27.5,73.0,23.4,0.0,3.8,30.5,158.5,64.3,111.5,0.0,0.0,10.1,502.6,100.5,27.2,364.8,10.1,1513,,SAS NAGAR,
Punjab,Sas Nagar,IMD110-P1513,1906,27.9,123.2,38.4,0.0,5.1,70.1,206.9,326.9,165.0,0.0,0.0,6.9,970.4,151.1,43.5,768.9,6.9,1513,,SAS NAGAR,
Punjab,Sas Nagar,IMD110-P1513,1907,17.0,72.3,54.1,29.4,0.0,12.5,194.4,172.5,1.0,1.0,0.0,0.0,554.2,89.3,83.5,380.4,1.0,1513,,SAS NAGAR,
Punjab,Sas Nagar,IMD110-P1513,1908,50.8,29.2,0.0,37.0,9.6,8.4,138.1,432.1,9.9,0.0,8.4,12.2,735.7,80.0,46.6,588.5,20.6,1513,,SAS NAGAR,
Punjab,Sas Nagar,IMD110-P1513,1909,76.1,8.1,0.0,34.8,0.8,166.2,184.6,260.0,87.9,0.0,0.0,37.9,856.4,84.2,35.6,698.7,37.9,1513,,SAS NAGAR,
Punjab,Sas Nagar,IMD110-P1513,1910,39.6,15.7,0.0,1.3,7.6,142.0,163.5,185.4,191.2,28.2,0.0,14.2,788.7,55.3,8.9,682.1,42.4,1513,,SAS NAGAR,
Punjab,Sas Nagar,IMD110-P1513,1911,156.1,13.5,109.1,3.0,0.8,83.8,37.2,125.3,73.0,14.8,46.2,0.0,662.8,169.6,112.9,319.3,61.0,1513,,SAS NAGAR,
Punjab,Sas Nagar,IMD110-P1513,1912,38.0,5.9,5.6,19.0,8.6,18.5,114.9,115.7,123.2,0.0,13.5,5.1,468.0,43.9,33.2,372.3,18.6,1513,,SAS NAGAR,
Punjab,Sas Nagar,IMD110-P1513,1913,1.8,96.0,50.5,0.0,121.6,124.5,140.2,308.8,0.0,0.8,2.3,17.6,864.1,97.8,172.1,573.5,20.7,1513,,SAS NAGAR,
Punjab,Sas Nagar,IMD110-P1513,1914,0.0,20.0,17.1,37.3,20.3,87.4,305.2,88.2,205.6,35.1,5.1,9.4,830.7,20.0,74.7,686.4,49.6,1513,,SAS NAGAR,
Punjab,Sas Nagar,IMD110-P1513,1915,38.1,31.3,40.8,10.9,44.2,47.0,107.7,228.3,184.1,14.7,0.0,9.7,756.8,69.4,95.9,567.1,24.4,1513,,SAS NAGAR,
Punjab,Sas Nagar,IMD110-P1513,1916,4.8,15.3,3.0,2.0,3.3,63.1,316.3,210.4,35.6,94.5,0.0,0.0,748.3,20.1,8.3,625.4,94.5,1513,,SAS NAGAR,
Punjab,Sas Nagar,IMD110-P1513,1917,5.1,3.3,24.1,66.6,38.9,78.2,341.3,111.1,405.2,169.5,0.0,14.5,1257.8,8.4,129.6,935.8,184.0,1513,,SAS NAGAR,
Punjab,Sas Nagar,IMD110-P1513,1918,11.2,0.0,34.3,19.3,10.9,59.4,26.2,168.0,15.3,0.0,1.8,0.0,346.4,11.2,64.5,268.9,1.8,1513,,SAS NAGAR,
Punjab,Sas Nagar,IMD110-P1513,1919,96.4,40.9,22.5,2.0,6.3,0.0,273.5,90.7,62.3,0.0,5.6,29.7,629.9,137.3,30.8,426.5,35.3,1513,,SAS NAGAR,
Punjab,Sas Nagar,IMD110-P1513,1920,12.4,,54.1,5.6,21.1,109.2,121.0,113.3,47.3,0.0,0.0,1.8,,,80.8,390.8,1.8,1513,missing_months,SAS NAGAR,
Punjab,Sas Nagar,IMD110-P1513,1921,69.1,0.0,8.4,2.5,0.0,44.4,,242.3,46.6,14.7,0.0,18.1,,69.1,10.9,,32.8,1513,missing_months,SAS NAGAR,
Punjab,Sas Nagar,IMD110-P1513,1922,71.7,17.8,6.1,14.8,0.0,60.7,409.4,,98.2,0.0,0.0,28.4,,89.5,20.9,,28.4,1513,missing_months,SAS NAGAR,
Punjab,Sas Nagar,IMD110-P1513,1923,46.4,94.3,6.8,1.5,59.7,39.5,103.3,423.8,82.8,30.0,17.0,53.8,958.9,140.7,68.0,649.4,100.8,1513,,SAS NAGAR,
Punjab,Sas Nagar,IMD110-P1513,1924,59.1,19.5,3.3,3.0,9.6,3.6,254.9,95.6,416.0,4.8,2.0,40.1,911.5,78.6,15.9,770.1,46.9,1513,,SAS NAGAR,
Punjab,Sas Nagar,IMD110-P1513,1925,24.7,1.0,0.0,14.2,0.8,119.2,444.5,206.8,15.0,11.1,17.3,0.0,854.6,25.7,15.0,785.5,28.4,1513,,SAS NAGAR,
Punjab,Sas Nagar,IMD110-P1513,1926,15.8,19.1,59.7,21.3,33.3,1.0,319.4,170.2,50.6,0.0,2.3,0.0,692.7,34.9,114.3,541.2,2.3,1513,,SAS NAGAR,
Punjab,Sas Nagar,IMD110-P1513,1927,0.0,84.8,31.8,0.0,29.0,15.0,230.8,210.1,39.4,16.8,8.1,13.7,679.5,84.8,60.8,495.3,38.6,1513,,SAS NAGAR,
Punjab,Sas Nagar,IMD110-P1513,1928,55.4,17.1,3.0,22.8,0.0,54.1,134.9,101.5,81.8,0.0,28.6,53.8,553.0,72.5,25.8,372.3,82.4,1513,,SAS NAGAR,
Punjab,Sas Nagar,IMD110-P1513,1929,15.5,2.6,0.0,19.1,7.4,46.0,212.3,96.5,16.8,7.3,0.0,88.9,512.4,18.1,26.5,371.6,96.2,1513,,SAS NAGAR,
Punjab,Sas Nagar,IMD110-P1513,1930,24.4,42.1,6.4,5.1,3.8,114.8,241.5,51.0,104.2,0.0,0.0,22.4,615.7,66.5,15.3,511.5,22.4,1513,,SAS NAGAR,
Punjab,Sas Nagar,IMD110-P1513,1931,4.1,58.9,55.1,0.0,4.1,5.8,183.3,183.3,129.0,0.0,0.0,0.0,623.6,63.0,59.2,501.4,0.0,1513,,SAS NAGAR,
Punjab,Sas Nagar,IMD110-P1513,1932,15.2,35.8,33.4,9.7,15.2,22.3,261.7,148.3,262.6,0.0,0.0,42.7,846.9,51.0,58.3,694.9,42.7,1513,,SAS NAGAR,
Punjab,Sas Nagar,IMD110-P1513,1933,2.5,78.9,39.3,2.6,27.8,48.4,264.9,318.6,419.8,4.1,0.0,1.0,1207.9,81.4,69.7,1051.7,5.1,1513,,SAS NAGAR,
Punjab,Sas Nagar,IMD110-P1513,1934,32.1,0.0,29.7,5.6,4.0,42.1,209.9,144.2,33.8,0.0,0.0,9.2,510.6,32.1,39.3,430.0,9.2,1514,,SAS NAGAR,
Punjab,Sas Nagar,IMD110-P1513,1935,70.6,33.2,7.1,34.1,0.0,21.6,59.2,87.5,80.9,6.6,10.7,26.6,438.1,103.8,41.2,249.2,43.9,1514,,SAS NAGAR,
Punjab,Sas Nagar,IMD110-P1513,1936,0.0,80.4,7.9,5.1,19.2,274.5,281.0,247.7,110.0,0.0,0.0,54.1,1079.9,80.4,32.2,913.2,54.1,1514,,SAS NAGAR,
Punjab,Sas Nagar,IMD110-P1513,1937,18.3,91.4,16.3,57.9,9.1,105.4,191.2,72.5,97.1,2.6,0.0,27.7,689.5,109.7,83.3,466.2,30.3,1514,,SAS NAGAR,
Punjab,Sas Nagar,IMD110-P1513,1938,120.4,20.8,3.6,0.0,0.0,66.5,204.4,84.8,14.8,16.5,0.0,0.0,531.8,141.2,3.6,370.5,16.5,1514,,SAS NAGAR,
Punjab,Sas Nagar,IMD110-P1513,1939,6.6,61.7,56.6,8.9,2.5,76.4,189.2,86.7,22.3,25.1,0.0,0.0,536.0,68.3,68.0,374.6,25.1,1514,,SAS NAGAR,
Punjab,Sas Nagar,IMD110-P1513,1940,37.9,54.9,27.9,15.9,2.3,110.2,308.0,,71.7,0.0,0.0,0.0,,92.8,46.1,,0.0,1514,missing_months,SAS NAGAR,
Punjab,Sas Nagar,IMD110-P1513,1941,56.6,19.2,6.4,0.0,16.0,133.0,172.0,305.2,36.1,58.9,0.0,3.5,806.9,75.8,22.4,646.3,62.4,1514,,SAS NAGAR,
Punjab,Sas Nagar,IMD110-P1513,1942,65.3,97.4,5.1,16.0,40.9,41.2,535.7,268.9,179.5,7.9,0.0,37.6,1295.5,162.7,62.0,1025.3,45.5,1514,,SAS NAGAR,
Punjab,Sas Nagar,IMD110-P1513,1943,74.8,4.1,8.1,6.2,22.4,118.9,63.8,375.0,44.2,0.0,0.0,0.0,717.5,78.9,36.7,601.9,0.0,1514,,SAS NAGAR,
Punjab,Sas Nagar,IMD110-P1513,1944,42.2,55.8,29.7,16.8,0.0,20.5,224.7,95.4,36.1,105.7,0.0,3.8,630.7,98.0,46.5,376.7,109.5,1514,,SAS NAGAR,
Punjab,Sas Nagar,IMD110-P1513,1945,122.2,0.0,13.7,7.6,1.5,38.5,276.8,196.7,391.1,0.0,0.0,0.0,1048.1,122.2,22.8,903.1,0.0,1514,,SAS NAGAR,
Punjab,Sas Nagar,IMD110-P1513,1946,6.6,15.8,0.0,11.2,32.1,134.1,309.4,138.7,4.6,24.9,5.6,44.5,727.5,22.4,43.3,586.8,75.0,1514,,SAS NAGAR,
Punjab,Sas Nagar,IMD110-P1513,1947,21.6,22.8,20.6,0.0,14.2,8.4,,150.0,489.4,0.5,0.0,18.2,,44.4,34.8,,18.7,1514,missing_months,SAS NAGAR,
Punjab,Sas Nagar,IMD110-P1513,1948,8.4,94.0,78.2,14.0,0.0,28.2,230.4,309.0,48.0,16.0,0.0,1.8,828.0,102.4,92.2,615.6,17.8,1514,,SAS NAGAR,
Punjab,Sas Nagar,IMD110-P1513,1949,3.1,115.9,4.4,14.7,0.0,10.9,451.9,147.8,106.6,0.0,0.0,4.8,860.1,119.0,19.1,717.2,4.8,1514,,SAS NAGAR,
Punjab,Sas Nagar,IMD110-P1513,1950,50.7,20.6,32.1,3.6,16.0,14.7,103.2,432.8,184.9,2.0,0.0,0.0,860.6,71.3,51.7,735.6,2.0,1514,,SAS NAGAR,
Punjab,Sas Nagar,IMD110-P1513,1951,47.5,7.6,50.3,1.8,8.9,0.5,117.1,125.7,97.8,0.0,81.3,0.0,538.5,55.1,61.0,341.1,81.3,1514,,SAS NAGAR,
Punjab,Sas Nagar,IMD110-P1513,1952,36.8,21.2,23.1,4.3,5.1,78.8,140.4,416.0,0.0,0.0,0.0,12.2,737.9,58.0,32.5,635.2,12.2,1514,,SAS NAGAR,
Punjab,Sas Nagar,IMD110-P1513,1953,67.1,4.1,0.0,6.9,6.3,115.6,322.7,167.9,34.6,0.0,0.0,4.3,729.5,71.2,13.2,640.8,4.3,1514,,SAS NAGAR,
Punjab,Sas Nagar,IMD110-P1513,1954,24.1,63.9,3.2,0.0,7.3,4.3,142.9,85.5,132.1,39.3,0.0,0.0,502.5,88.0,10.4,364.8,39.3,1514,,SAS NAGAR,
Punjab,Sas Nagar,IMD110-P1513,1955,77.0,2.8,24.6,34.5,27.7,35.8,245.7,235.4,243.6,281.4,0.0,0.0,1208.5,79.8,86.8,760.5,281.4,1514,,SAS NAGAR,
Punjab,Sas Nagar,IMD110-P1513,1956,24.6,2.9,61.3,0.0,0.0,57.8,371.3,264.7,11.5,228.4,0.0,6.6,1029.1,27.5,61.3,705.2,235.0,1514,,SAS NAGAR,
Punjab,Sas Nagar,IMD110-P1513,1957,83.4,2.3,22.6,10.6,14.5,36.3,241.6,151.3,306.6,10.2,9.9,38.9,928.2,85.7,47.7,735.8,59.0,1514,,SAS NAGAR,
Punjab,Sas Nagar,IMD110-P1513,1958,7.6,0.0,6.9,0.0,0.0,43.1,229.9,315.4,316.4,53.3,0.0,40.7,1013.3,7.6,6.9,904.8,94.0,1514,,SAS NAGAR,
Punjab,Sas Nagar,IMD110-P1513,1959,29.2,12.9,6.1,0.0,16.4,36.0,139.2,209.1,56.7,0.0,8.1,0.0,513.5,42.2,22.5,440.9,8.1,1514,,SAS NAGAR,
Punjab,Sas Nagar,IMD110-P1513,1960,28.4,0.0,52.9,0.0,0.0,34.0,357.0,348.2,11.0,0.0,0.0,25.0,856.5,28.4,52.9,750.2,25.0,1514,,SAS NAGAR,
Punjab,Sas Nagar,IMD110-P1513,1961,88.7,110.9,0.0,6.2,0.0,23.2,437.3,209.2,12.1,73.0,6.0,14.0,980.6,199.6,6.2,681.8,93.0,1514,,SAS NAGAR,
Punjab,Sas Nagar,IMD110-P1513,1962,52.4,21.0,46.0,0.0,3.0,71.0,214.2,101.7,463.8,0.0,13.9,0.0,987.0,73.4,49.0,850.7,13.9,1514,,SAS NAGAR,
Punjab,Sas Nagar,IMD110-P1513,1963,0.0,11.0,51.0,5.2,0.0,48.2,106.3,289.6,79.0,0.0,17.0,10.2,617.5,11.0,56.2,523.1,27.2,1514,,SAS NAGAR,
Punjab,Sas Nagar,IMD110-P1513,1964,14.7,8.7,0.0,0.0,29.4,15.3,493.9,279.2,148.1,0.0,0.0,3.0,992.3,23.4,29.4,936.5,3.0,1514,,SAS NAGAR,
Punjab,Sas Nagar,IMD110-P1513,1965,30.9,61.6,27.0,0.0,48.0,0.0,199.2,100.0,167.0,0.0,0.0,0.0,633.7,92.5,75.0,466.2,0.0,1514,,SAS NAGAR,
Punjab,Sas Nagar,IMD110-P1513,1968,39.0,,50.0,0.0,0.0,127.0,382.0,198.0,0.0,8.0,0.0,36.0,,,50.0,707.0,44.0,1514,missing_months,SAS NAGAR,
Punjab,Sas Nagar,IMD110-P1513,1969,10.0,19.0,27.0,19.0,45.0,2.0,164.0,195.0,285.0,0.0,0.0,0.0,766.0,29.0,91.0,646.0,0.0,1514,,SAS NAGAR,
Punjab,Sas Nagar,IMD110-P1513,1970,106.0,15.0,2.0,,14.0,141.0,134.0,206.0,240.0,,,,,121.0,,721.0,,1515,missing_months,SAS NAGAR,
Punjab,Sas Nagar,IMD110-P1513,1973,,,,,16.0,,199.4,215.0,,,0.0,4.0,,,,,,1515,missing_months,SAS NAGAR,
Punjab,Sas Nagar,IMD110-P1513,1974,7.0,8.0,8.0,0.0,0.0,82.0,108.0,114.0,8.0,10.0,0.0,29.0,374.0,15.0,8.0,312.0,39.0,1515,,SAS NAGAR,
Punjab,Sas Nagar,IMD110-P1513,1975,45.0,17.0,23.0,0.0,0.0,275.0,226.0,246.0,182.0,0.0,0.0,0.0,1014.0,62.0,23.0,929.0,0.0,1515,,SAS NAGAR,
Punjab,Sas Nagar,IMD110-P1513,1976,30.0,17.0,3.0,0.0,10.0,29.0,150.0,125.0,10.0,0.0,0.0,0.0,374.0,47.0,13.0,314.0,0.0,1515,,SAS NAGAR,
Punjab,Sas Nagar,IMD110-P1513,1977,16.0,0.0,0.0,8.0,11.0,6.0,112.0,212.0,156.0,0.0,,25.0,,16.0,19.0,486.0,,1515,missing_months,SAS NAGAR,
Punjab,Sas Nagar,IMD110-P1513,1978,0.0,24.0,35.0,5.0,7.0,32.0,125.0,602.0,,6.0,41.0,0.0,,24.0,47.0,,47.0,1515,missing_months,SAS NAGAR,
Punjab,Sas Nagar,IMD110-P1513,1979,52.0,,39.0,0.0,40.0,158.0,174.0,53.0,,0.0,3.0,16.0,,,79.0,,19.0,1515,missing_months,SAS NAGAR,
Punjab,Sas Nagar,IMD110-P1513,1980,,8.0,26.0,3.0,0.0,,258.0,205.0,16.0,11.0,19.0,81.0,,,29.0,,111.0,1515,missing_months,SAS NAGAR,
Punjab,Sas Nagar,IMD110-P1513,1981,89.0,18.0,72.0,18.6,16.6,77.0,262.0,140.8,100.6,0.0,106.0,0.0,900.6,107.0,107.2,580.4,106.0,1515,,SAS NAGAR,
Punjab,Sas Nagar,IMD110-P1513,1982,105.6,36.0,150.6,67.6,47.0,20.0,228.6,111.7,5.0,0.0,7.0,46.0,825.1,141.6,265.2,365.3,53.0,1515,,SAS NAGAR,
Punjab,Sas Nagar,IMD110-P1513,1983,113.2,8.2,32.2,159.0,102.0,9.0,342.0,476.0,147.0,0.0,0.0,0.0,1388.6,121.4,293.2,974.0,0.0,1515,,SAS NAGAR,
Punjab,Sas Nagar,IMD110-P1513,1984,2.0,94.0,0.0,0.0,0.0,109.0,220.0,110.3,135.0,0.0,0.0,0.5,670.8,96.0,0.0,574.3,0.5,1515,,SAS NAGAR,
Punjab,Sas Nagar,IMD110-P1513,1985,16.0,0.0,0.0,14.0,0.0,59.0,226.0,287.0,66.0,102.0,0.0,78.0,848.0,16.0,14.0,638.0,180.0,1515,,SAS NAGAR,
Punjab,Sas Nagar,IMD110-P1513,1986,0.0,3.0,2.0,10.0,70.0,155.0,337.3,259.5,48.2,34.2,25.0,25.0,969.2,3.0,82.0,800.0,84.2,1515,,SAS NAGAR,
Punjab,Sas Nagar,IMD110-P1513,1987,55.0,29.0,20.0,20.0,62.0,10.0,4.0,130.0,0.0,35.0,0.0,0.0,365.0,84.0,102.0,144.0,35.0,1515,,SAS NAGAR,
Punjab,Sas Nagar,IMD110-P1513,1988,5.0,,20.7,0.0,10.1,46.0,316.0,184.2,165.0,0.0,0.0,59.0,,,30.8,711.2,59.0,1515,missing_months,SAS NAGAR,
Punjab,Sas Nagar,IMD110-P1513,1989,34.0,7.0,7.0,0.0,1.0,43.0,195.2,185.1,4.0,0.0,15.5,21.8,513.6,41.0,8.0,427.3,37.3,1515,,SAS NAGAR,
Punjab,Sas Nagar,IMD110-P1513,1990,0.0,0.0,24.5,7.4,37.4,35.0,214.3,115.0,263.2,0.0,5.1,58.0,759.9,0.0,69.3,627.5,63.1,1515,,SAS NAGAR,
Punjab,Sas Nagar,IMD110-P1513,1991,,5.3,3.2,21.2,5.3,51.6,92.3,110.9,68.4,0.0,0.0,28.7,,,29.7,323.2,28.7,1515,missing_months,SAS NAGAR,
Punjab,Sas Nagar,IMD110-P1513,1992,14.6,21.7,4.3,0.0,1.1,65.8,74.1,239.2,4.7,0.0,15.0,0.0,440.5,36.3,5.4,383.8,15.0,1515,,SAS NAGAR,
Punjab,Sas Nagar,IMD110-P1513,1993,31.0,8.6,45.4,0.0,6.7,53.1,416.6,6.1,29.2,0.0,0.0,0.0,596.7,39.6,52.1,505.0,0.0,1515,,SAS NAGAR,
Punjab,Sas Nagar,IMD110-P1513,1994,18.0,22.6,1.5,9.5,1.0,59.6,141.3,198.6,23.7,0.0,0.0,0.0,475.8,40.6,12.0,423.2,0.0,1515,,SAS NAGAR,
Punjab,Sas Nagar,IMD110-P1513,1995,104.0,52.0,4.0,8.0,0.0,24.0,156.1,218.5,27.5,0.0,0.0,0.0,594.1,156.0,12.0,426.1,0.0,1515,,SAS NAGAR,
Punjab,Sas Nagar,IMD110-P1513,1996,,33.0,8.0,0.0,0.0,77.0,74.0,166.0,0.0,0.0,0.0,0.0,,,8.0,317.0,0.0,1515,missing_months,SAS NAGAR,
Punjab,Sas Nagar,IMD110-P1513,1997,11.0,3.0,0.0,0.0,10.0,53.0,53.5,226.6,26.9,30.0,8.5,111.0,533.5,14.0,10.0,360.0,149.5,1515,,SAS NAGAR,
Punjab,Sas Nagar,IMD110-P1513,1998,25.0,49.0,21.0,0.0,0.0,80.0,318.5,93.5,80.0,0.0,0.0,0.0,667.0,74.0,21.0,572.0,0.0,1515,,SAS NAGAR,
Punjab,Sas Nagar,IMD110-P1513,1999,6.0,,0.0,0.0,32.0,13.0,295.5,52.0,7.0,1.0,0.0,0.0,,,32.0,367.5,1.0,1515,missing_months,SAS NAGAR,
Punjab,Sas Nagar,IMD110-P1513,2000,18.5,32.0,15.0,0.0,6.0,89.0,230.0,78.0,68.0,0.0,0.0,0.0,536.5,50.5,21.0,465.0,0.0,1515,,SAS NAGAR,
Punjab,Sas Nagar,IMD110-P1513,2001,28.0,0.0,5.0,12.0,4.0,8.0,,104.0,16.0,0.0,0.0,0.0,,28.0,21.0,,0.0,1515,missing_months,SAS NAGAR,
Punjab,Sas Nagar,IMD110-P1513,2002,0.0,11.0,46.0,18.0,17.0,148.0,0.0,212.6,202.3,16.0,0.0,2.5,673.4,11.0,81.0,562.8,18.5,1515,,SAS NAGAR,
Punjab,Sas Nagar,IMD110-P1513,2003,89.2,70.8,18.1,14.0,7.6,93.2,121.2,80.6,184.4,0.0,0.0,10.9,689.9,160.0,39.7,479.4,10.9,1515,,SAS NAGAR,
Punjab,Sas Nagar,IMD110-P1513,2004,56.7,7.5,0.0,,42.7,41.6,34.8,452.1,26.4,40.1,0.0,19.0,,64.2,,554.9,59.1,1515,missing_months,SAS NAGAR,
Punjab,Sas Nagar,IMD110-P1513,2005,8.8,26.7,22.2,4.2,0.0,36.8,278.0,89.6,47.9,0.0,0.0,,,35.5,26.4,452.3,,1515,missing_months,SAS NAGAR,
Punjab,Sas Nagar,IMD110-P1513,2006,,,,,,,,,,,,2.4,,,,,,1516,missing_months,SAS NAGAR,
Punjab,Sas Nagar,IMD110-P1513,2007,22.5,84.3,26.3,0.1,0.5,31.2,71.1,,,0.5,,,,106.8,26.9,,,1516,missing_months,SAS NAGAR,
Punjab,Sas Nagar,IMD110-P1513,2008,4.1,0.3,0.0,2.0,18.9,110.0,,,153.7,19.5,0.0,0.0,,4.5,20.9,,19.5,1516,missing_months,SAS NAGAR,
Punjab,Sas Nagar,IMD110-P1513,2009,,,,,,,153.4,80.6,185.3,0.0,0.0,0.0,,,,,0.0,1516,missing_months,SAS NAGAR,
Punjab,Sas Nagar,IMD110-P1513,2010,,,0.0,0.0,3.2,155.5,,,195.3,21.0,0.0,59.0,,,3.2,,80.0,1516,missing_months,SAS NAGAR,
Punjab,Taran Taran,IMD110-P1517,1901,41.9,22.8,14.4,3.0,24.4,7.7,260.3,114.8,43.1,0.0,0.0,0.0,532.4,64.7,41.8,425.9,0.0,1517,,TARAN TARAN,
Punjab,Taran Taran,IMD110-P1517,1902,0.0,0.0,14.7,3.6,18.0,33.3,142.1,114.3,71.4,4.8,0.0,0.0,402.2,0.0,36.3,361.1,4.8,1517,,TARAN TARAN,
Punjab,Taran Taran,IMD110-P1517,1903,16.3,0.0,87.0,0.0,8.6,5.1,307.7,139.7,127.3,8.1,0.0,3.3,703.1,16.3,95.6,579.8,11.4,1517,,TARAN TARAN,
Punjab,Taran Taran,IMD110-P1517,1904,23.8,6.4,,0.0,8.9,8.4,14.7,53.8,93.1,1.5,1.8,20.9,,30.2,,170.0,24.2,1517,missing_months,TARAN TARAN,
Punjab,Taran Taran,IMD110-P1517,1905,75.9,22.8,20.1,0.0,2.5,7.6,104.6,10.1,149.1,0.5,0.0,9.8,403.0,98.7,22.6,271.4,10.3,1517,,TARAN TARAN,
Punjab,Taran Taran,IMD110-P1517,1906,5.3,76.1,85.4,0.0,19.8,21.6,61.1,146.7,215.5,0.0,0.0,34.8,666.3,81.4,105.2,444.9,34.8,1517,,TARAN TARAN,
Punjab,Taran Taran,IMD110-P1517,1907,15.2,77.0,34.1,32.0,5.1,13.4,24.7,244.8,0.0,0.0,0.0,0.0,446.3,92.2,71.2,282.9,0.0,1517,,TARAN TARAN,
Punjab,Taran Taran,IMD110-P1517,1908,61.5,0.0,0.0,25.7,10.2,38.1,165.8,552.6,63.2,0.0,0.0,0.0,917.1,61.5,35.9,819.7,0.0,1517,,TARAN TARAN,
Punjab,Taran Taran,IMD110-P1517,1909,19.3,39.1,0.0,69.5,4.1,34.7,176.1,108.7,351.4,0.0,0.0,48.0,850.9,58.4,73.6,670.9,48.0,1517,,TARAN TARAN,
Punjab,Taran Taran,IMD110-P1517,1910,21.1,11.4,2.8,4.1,0.0,64.0,109.9,261.0,15.7,0.0,0.0,1.3,491.3,32.5,6.9,450.6,1.3,1517,,TARAN TARAN,
Punjab,Taran Taran,IMD110-P1517,1911,179.6,11.6,141.0,0.0,5.3,53.3,8.6,158.5,2.8,10.4,11.4,0.0,582.5,191.2,146.3,223.2,21.8,1517,,TARAN TARAN,
Punjab,Taran Taran,IMD110-P1517,1912,124.7,1.8,12.2,15.2,7.9,4.1,241.3,297.6,2.8,0.0,43.9,3.6,755.1,126.5,35.3,545.8,47.5,1517,,TARAN TARAN,
Punjab,Taran Taran,IMD110-P1517,1913,0.0,66.6,23.1,0.0,37.5,72.7,267.2,495.6,30.0,7.1,0.0,11.9,1011.7,66.6,60.6,865.5,19.0,1517,,TARAN TARAN,
Punjab,Taran Taran,IMD110-P1517,1914,35.8,64.6,56.9,50.3,11.9,62.2,386.0,57.1,177.5,48.8,15.3,14.5,980.9,100.4,119.1,682.8,78.6,1517,,TARAN TARAN,
Punjab,Taran Taran,IMD110-P1517,1915,10.9,74.1,31.0,6.9,0.0,9.4,48.6,39.9,128.3,42.4,0.0,3.6,395.1,85.0,37.9,226.2,46.0,1517,,TARAN TARAN,
Punjab,Taran Taran,IMD110-P1517,1916,0.0,16.2,9.1,3.8,0.0,48.2,373.7,131.8,33.0,0.0,0.0,0.0,615.8,16.2,12.9,586.7,0.0,1517,,TARAN TARAN,
Punjab,Taran Taran,IMD110-P1517,1917,1.3,0.0,22.7,74.6,11.0,88.0,152.5,226.8,352.3,241.7,0.0,3.8,1174.7,1.3,108.3,819.6,245.5,1517,,TARAN TARAN,
Punjab,Taran Taran,IMD110-P1517,1918,0.8,2.5,121.6,49.0,0.0,34.8,16.5,91.4,16.5,0.0,5.6,10.7,349.4,3.3,170.6,159.2,16.3,1517,,TARAN TARAN,
Punjab,Taran Taran,IMD110-P1517,1919,75.6,9.7,13.7,6.1,4.6,8.1,109.2,131.7,20.5,0.0,3.0,64.9,447.1,85.3,24.4,269.5,67.9,1517,,TARAN TARAN,
Punjab,Taran Taran,IMD110-P1517,1920,30.5,17.8,12.1,0.0,29.8,0.0,150.4,78.4,21.7,0.0,0.0,0.8,341.5,48.3,41.9,250.5,0.8,1517,,TARAN TARAN,
Punjab,Taran Taran,IMD110-P1517,1921,9.2,2.0,0.0,1.5,5.6,71.2,46.0,74.5,12.5,70.6,0.0,13.0,306.1,11.2,7.1,204.2,83.6,1517,,TARAN TARAN,
Punjab,Taran Taran,IMD110-P1517,1922,14.1,13.2,13.0,,1.8,54.3,60.1,67.5,138.4,0.0,0.0,28.1,,27.3,,320.3,28.1,1517,missing_months,TARAN TARAN,
Punjab,Taran Taran,IMD110-P1517,1923,53.4,66.8,16.2,3.3,41.2,4.8,127.2,109.9,2.5,13.7,0.0,53.1,492.1,120.2,60.7,244.4,66.8,1517,,TARAN TARAN,
Punjab,Taran Taran,IMD110-P1517,1924,26.9,36.0,2.8,0.0,34.3,0.0,405.8,152.7,172.1,0.0,0.0,69.1,899.7,62.9,37.1,730.6,69.1,1517,,TARAN TARAN,
Punjab,Taran Taran,IMD110-P1517,1925,21.5,3.0,1.0,0.0,40.4,39.7,232.3,87.7,27.5,4.5,7.1,0.0,464.7,24.5,41.4,387.2,11.6,1517,,TARAN TARAN,
Punjab,Taran Taran,IMD110-P1517,1926,22.1,2.3,57.4,11.5,23.9,6.4,149.8,373.8,73.2,0.0,0.0,10.2,730.6,24.4,92.8,603.2,10.2,1517,,TARAN TARAN,
Punjab,Taran Taran,IMD110-P1517,1927,0.0,21.8,5.5,7.4,8.5,17.3,151.9,17.2,0.0,1.3,0.8,29.9,261.6,21.8,21.4,186.4,32.0,1517,,TARAN TARAN,
Punjab,Taran Taran,IMD110-P1517,1928,9.9,8.2,10.6,10.6,7.9,35.9,102.7,178.2,43.9,0.0,45.0,17.8,470.7,18.1,29.1,360.7,62.8,1517,,TARAN TARAN,
Punjab,Taran Taran,IMD110-P1517,1929,1.4,2.4,0.0,10.4,1.3,61.3,166.2,188.0,3.8,0.0,0.0,79.5,514.3,3.8,11.7,419.3,79.5,1517,,TARAN TARAN,
Punjab,Taran Taran,IMD110-P1517,1930,13.5,31.5,6.4,27.7,0.3,27.9,344.0,47.4,45.0,,0.0,6.1,,45.0,34.4,464.3,,1517,missing_months,TARAN TARAN,
Punjab,Taran Taran,IMD110-P1517,1931,8.1,20.2,26.5,0.8,48.3,6.1,150.1,244.3,48.7,69.0,0.0,0.0,622.1,28.3,75.6,449.2,69.0,1517,,TARAN TARAN,
Punjab,Taran Taran,IMD110-P1517,1932,23.6,9.2,25.3,8.1,8.4,3.5,73.2,35.0,0.5,0.0,0.0,28.9,215.7,32.8,41.8,112.2,28.9,1517,,TARAN TARAN,
Punjab,Taran Taran,IMD110-P1517,1933,3.8,31.3,54.8,5.9,22.0,22.9,99.6,356.4,65.4,0.0,0.0,0.0,662.1,35.1,82.7,544.3,0.0,1517,,TARAN TARAN,
Punjab,Taran Taran,IMD110-P1517,1934,6.7,4.3,35.7,1.8,2.1,48.6,151.4,162.1,0.8,0.0,0.0,3.3,416.8,11.0,39.6,362.9,3.3,1518,,TARAN TARAN,
Punjab,Taran Taran,IMD110-P1517,1935,116.8,75.5,21.1,36.5,8.4,1.0,194.0,129.8,32.8,1.8,10.4,0.8,628.9,192.3,66.0,357.6,13.0,1518,,TARAN TARAN,
Punjab,Taran Taran,IMD110-P1517,1936,2.0,60.4,12.2,12.2,2.5,83.4,121.2,101.6,70.4,3.3,0.0,20.4,489.6,62.4,26.9,376.6,23.7,1518,,TARAN TARAN,
Punjab,Taran Taran,IMD110-P1517,1937,1.3,108.6,6.6,66.1,3.8,7.6,200.2,0.0,11.2,,0.0,21.3,,109.9,76.5,219.0,,1518,missing_months,TARAN TARAN,
Punjab,Taran Taran,IMD110-P1517,1938,59.0,27.6,2.3,10.8,8.4,144.3,73.5,42.4,0.0,7.6,0.0,0.5,376.4,86.6,21.5,260.2,8.1,1518,,TARAN TARAN,
Punjab,Taran Taran,IMD110-P1517,1939,7.9,70.9,53.6,13.8,0.0,31.5,50.6,89.9,25.8,0.0,0.0,0.0,344.0,78.8,67.4,197.8,0.0,1518,,TARAN TARAN,
Punjab,Taran Taran,IMD110-P1517,1940,49.0,25.9,16.5,4.8,2.3,81.0,75.5,43.0,20.6,0.0,0.0,0.0,318.6,74.9,23.6,220.1,0.0,1518,,TARAN TARAN,
Punjab,Taran Taran,IMD110-P1517,1941,57.5,9.5,12.4,5.4,15.1,46.7,80.3,164.1,27.4,1.3,0.0,22.1,441.8,67.0,32.9,318.5,23.4,1518,,TARAN TARAN,
Punjab,Taran Taran,IMD110-P1517,1942,18.5,27.1,32.3,32.3,16.3,22.1,214.4,265.0,107.5,0.8,0.0,39.9,776.2,45.6,80.9,609.0,40.7,1518,,TARAN TARAN,
Punjab,Taran Taran,IMD110-P1517,1943,54.3,5.6,3.8,18.1,18.1,15.3,177.7,29.2,28.2,0.0,0.0,0.0,350.3,59.9,40.0,250.4,0.0,1518,,TARAN TARAN,
Punjab,Taran Taran,IMD110-P1517,1944,16.0,47.8,39.2,54.8,0.0,2.0,151.5,131.9,65.8,13.7,0.0,2.6,525.3,63.8,94.0,351.2,16.3,1518,,TARAN TARAN,
Punjab,Taran Taran,IMD110-P1517,1945,81.3,0.0,24.1,43.4,0.0,20.3,152.7,149.0,140.6,3.8,0.0,0.0,615.2,81.3,67.5,462.6,3.8,1518,,TARAN TARAN,
Punjab,Taran Taran,IMD110-P1517,1946,0.0,2.8,13.8,13.0,24.4,37.6,103.9,200.9,0.0,44.2,21.8,65.3,527.7,2.8,51.2,342.4,131.3,1518,,TARAN TARAN,
Punjab,Taran Taran,IMD110-P1517,1947,29.2,12.7,2.6,0.0,15.3,0.0,,146.5,53.9,0.0,0.0,17.8,,41.9,17.9,,17.8,1518,missing_months,TARAN TARAN,
Punjab,Taran Taran,IMD110-P1517,1948,16.7,17.5,52.1,9.4,0.0,20.6,235.3,165.5,0.0,0.0,0.0,35.1,552.2,34.2,61.5,421.4,35.1,1518,,TARAN TARAN,
Punjab,Taran Taran,IMD110-P1517,1949,4.6,36.3,2.8,0.0,7.6,24.9,312.8,110.0,36.6,1.3,0.0,0.3,537.2,40.9,10.4,484.3,1.6,1518,,TARAN TARAN,
Punjab,Taran Taran,IMD110-P1517,1950,55.6,31.8,51.5,3.6,0.0,0.0,104.7,124.0,407.6,0.0,0.0,0.0,778.8,87.4,55.1,636.3,0.0,1518,,TARAN TARAN,
Punjab,Taran Taran,IMD110-P1517,1951,19.1,5.2,44.9,3.8,17.1,0.0,262.6,110.1,0.0,0.0,23.6,5.2,491.8,24.2,65.9,372.8,28.8,1518,,TARAN TARAN,
Punjab,Taran Taran,IMD110-P1517,1952,11.1,20.4,21.3,0.0,0.0,46.4,191.8,85.9,0.0,0.0,0.0,0.0,376.9,31.6,21.3,324.0,0.0,1518,,TARAN TARAN,
Punjab,Taran Taran,IMD110-P1517,1953,43.5,1.5,0.0,9.1,1.4,11.6,171.5,137.0,133.3,0.0,0.8,3.8,513.3,45.0,10.5,453.2,4.6,1518,,TARAN TARAN,
Punjab,Taran Taran,IMD110-P1517,1954,27.9,49.5,1.1,0.0,5.6,8.6,127.7,40.6,179.3,16.9,0.4,0.0,457.6,77.4,6.8,356.2,17.3,1518,,TARAN TARAN,
Punjab,Taran Taran,IMD110-P1517,1955,5.2,2.2,9.8,13.4,13.9,26.0,97.1,121.0,206.9,317.5,0.0,1.3,814.2,7.3,37.2,451.0,318.8,1518,,TARAN TARAN,
Punjab,Taran Taran,IMD110-P1517,1956,16.3,3.5,33.8,10.3,0.0,18.6,165.9,131.4,30.8,139.8,0.0,0.0,550.4,19.8,44.1,346.7,139.8,1518,,TARAN TARAN,
Punjab,Taran Taran,IMD110-P1517,1957,75.6,0.0,25.6,2.5,38.3,20.5,164.1,103.8,0.0,9.8,0.3,33.6,474.1,75.6,66.5,288.4,43.6,1518,,TARAN TARAN,
Punjab,Taran Taran,IMD110-P1517,1958,0.6,2.3,3.2,2.5,0.0,31.3,87.5,37.9,278.5,15.9,0.0,49.9,509.6,2.9,5.7,435.2,65.8,1518,,TARAN TARAN,
Punjab,Taran Taran,IMD110-P1517,1959,53.2,0.0,27.9,0.0,3.5,0.0,65.8,158.1,77.9,8.9,46.3,0.0,441.6,53.2,31.4,301.9,55.2,1518,,TARAN TARAN,
Punjab,Taran Taran,IMD110-P1517,1960,9.6,0.0,26.2,2.5,0.0,41.8,149.1,98.3,22.4,0.0,0.0,24.5,374.4,9.6,28.7,311.6,24.5,1518,,TARAN TARAN,
Punjab,Taran Taran,IMD110-P1517,1961,69.2,14.8,0.0,24.5,10.2,22.5,259.0,265.4,99.0,29.9,0.0,0.0,794.5,83.9,34.7,645.9,29.9,1518,,TARAN TARAN,
Punjab,Taran Taran,IMD110-P1517,1962,53.8,5.9,70.8,0.0,10.0,0.0,129.4,96.3,317.7,0.0,9.7,3.6,697.2,59.8,80.8,543.4,13.3,1518,,TARAN TARAN,
Punjab,Taran Taran,IMD110-P1517,1963,0.0,8.2,6.0,4.5,10.5,1.0,153.0,46.5,62.5,0.0,0.0,0.5,292.7,8.2,21.0,263.0,0.5,1518,,TARAN TARAN,
Punjab,Taran Taran,IMD110-P1517,1964,0.0,0.0,4.0,6.5,22.5,9.0,289.5,230.5,15.5,0.0,0.0,14.5,592.0,0.0,33.0,544.5,14.5,1518,,TARAN TARAN,
Punjab,Taran Taran,IMD110-P1517,1965,1.0,22.0,17.0,22.4,22.9,2.0,209.3,68.8,24.2,11.0,15.0,0.4,416.0,23.0,62.3,304.3,26.4,1518,,TARAN TARAN,
Punjab,Taran Taran,IMD110-P1517,1966,0.0,55.0,37.0,10.0,78.0,167.0,119.7,143.8,197.0,22.0,0.0,0.0,829.5,55.0,125.0,627.5,22.0,1518,,TARAN TARAN,
Punjab,Taran Taran,IMD110-P1517,1967,0.0,33.0,122.5,0.0,0.0,0.0,70.0,221.0,72.5,47.0,2.0,79.0,647.0,33.0,122.5,363.5,128.0,1518,,TARAN TARAN,
Punjab,Taran Taran,IMD110-P1517,1968,33.2,39.0,20.0,0.0,0.0,22.0,157.0,52.0,0.0,13.0,0.0,6.0,342.2,72.2,20.0,231.0,19.0,1519,,TARAN TARAN,
Punjab,Taran Taran,IMD110-P1517,1969,8.0,31.0,30.0,17.8,32.5,0.0,0.0,95.0,91.0,0.0,0.0,0.0,305.3,39.0,80.3,186.0,0.0,1519,,TARAN TARAN,
Punjab,Taran Taran,IMD110-P1517,1970,42.0,17.0,12.0,0.8,16.0,118.0,51.0,306.0,33.0,0.0,0.0,0.0,595.8,59.0,28.8,508.0,0.0,1519,,TARAN TARAN,
Punjab,Taran Taran,IMD110-P1517,1973,,,6.0,,35.0,,196.0,221.0,,,0.0,40.0,,,,,,1519,missing_months,TARAN TARAN,
Punjab,Taran Taran,IMD110-P1517,1974,,0.0,0.0,0.0,5.0,21.0,234.0,52.0,0.0,0.0,0.0,2.5,,,5.0,307.0,2.5,1519,missing_months,TARAN TARAN,
Punjab,Taran Taran,IMD110-P1517,1975,8.0,3.0,12.0,0.0,9.0,69.0,213.0,109.0,126.0,0.0,0.0,0.0,549.0,11.0,21.0,517.0,0.0,1519,,TARAN TARAN,
Punjab,Taran Taran,IMD110-P1517,1976,17.0,35.0,24.4,10.8,10.6,47.4,223.4,311.2,183.9,16.0,0.0,0.0,879.7,52.0,45.8,765.9,16.0,1519,,TARAN TARAN,
Punjab,Taran Taran,IMD110-P1517,1977,28.0,0.0,0.0,20.0,25.0,27.0,81.2,180.0,123.0,5.0,,0.0,,28.0,45.0,411.2,,1519,missing_months,TARAN TARAN,
Punjab,Taran Taran,IMD110-P1517,1978,25.0,27.0,71.0,0.0,0.0,64.0,337.0,296.0,17.0,0.0,0.0,0.0,837.0,52.0,71.0,714.0,0.0,1519,,TARAN TARAN,
Punjab,Taran Taran,IMD110-P1517,1979,0.0,,70.2,0.0,29.4,,115.0,43.6,,18.0,17.0,11.3,,,99.6,,46.3,1519,missing_months,TARAN TARAN,
Punjab,Taran Taran,IMD110-P1517,1980,,29.0,36.2,4.0,0.0,,365.6,156.2,22.2,5.5,20.5,24.5,,,40.2,,50.5,1519,missing_months,TARAN TARAN,
Punjab,Taran Taran,IMD110-P1517,1981,67.3,23.6,36.2,0.0,9.6,3.5,152.1,49.2,18.3,0.0,39.1,0.0,398.9,90.9,45.8,223.1,39.1,1519,,TARAN TARAN,
Punjab,Taran Taran,IMD110-P1517,1982,32.0,19.8,85.6,75.2,122.6,15.8,74.9,215.7,15.4,0.0,9.4,28.0,694.4,51.8,283.4,321.8,37.4,1519,,TARAN TARAN,
Punjab,Taran Taran,IMD110-P1517,1983,62.0,49.0,10.5,126.6,67.6,16.8,181.7,131.3,27.8,15.7,0.0,0.0,689.0,111.0,204.7,357.6,15.7,1519,,TARAN TARAN,
Punjab,Taran Taran,IMD110-P1517,1984,3.6,76.0,10.2,8.5,0.0,33.8,386.0,465.8,270.5,0.0,0.0,32.0,1286.4,79.6,18.7,1156.1,32.0,1519,,TARAN TARAN,
Punjab,Taran Taran,IMD110-P1517,1985,5.2,0.0,7.4,36.1,8.4,52.9,268.1,230.2,76.0,92.0,0.0,50.2,826.5,5.2,51.9,627.2,142.2,1519,,TARAN TARAN,
Punjab,Taran Taran,IMD110-P1517,1986,0.0,38.3,29.2,27.5,0.0,48.4,165.2,98.8,108.6,0.0,0.0,31.2,547.2,38.3,56.7,421.0,31.2,1519,,TARAN TARAN,
Punjab,Taran Taran,IMD110-P1517,1987,0.0,66.6,21.2,19.0,0.0,18.0,72.2,118.2,0.0,65.0,0.0,0.0,380.2,66.6,40.2,208.4,65.0,1519,,TARAN TARAN,
Punjab,Taran Taran,IMD110-P1517,1988,0.0,,69.0,3.0,0.0,15.0,278.0,153.0,244.0,0.0,0.0,36.0,,,72.0,690.0,36.0,1519,missing_months,TARAN TARAN,
Punjab,Taran Taran,IMD110-P1517,1989,31.0,6.0,13.0,1.0,0.0,26.0,108.5,,11.3,0.0,0.0,0.0,,37.0,14.0,,0.0,1519,missing_months,TARAN TARAN,
Punjab,Taran Taran,IMD110-P1517,1990,9.2,80.5,15.0,4.0,0.0,0.0,0.0,36.7,136.0,0.0,0.0,0.0,281.4,89.7,19.0,172.7,0.0,1519,,TARAN TARAN,
Punjab,Taran Taran,IMD110-P1517,1991,,54.5,0.0,0.0,0.0,0.0,0.0,0.0,0.0,0.0,0.0,0.0,,,0.0,0.0,0.0,1519,missing_months,TARAN TARAN,
Punjab,Taran Taran,IMD110-P1517,1992,0.0,0.0,0.0,0.0,0.0,0.0,62.0,0.0,13.0,0.0,0.0,0.0,75.0,0.0,0.0,75.0,0.0,1519,,TARAN TARAN,
Punjab,Taran Taran,IMD110-P1517,1993,0.0,0.0,0.0,0.0,0.0,0.0,0.0,0.0,0.0,0.0,0.0,0.0,0.0,0.0,0.0,0.0,0.0,1519,,TARAN TARAN,
Punjab,Taran Taran,IMD110-P1517,1994,0.0,0.0,0.0,0.0,0.0,0.0,0.0,0.0,0.0,0.0,0.0,0.0,0.0,0.0,0.0,0.0,0.0,1519,,TARAN TARAN,
Punjab,Taran Taran,IMD110-P1517,1995,0.0,0.0,0.0,0.0,0.0,0.0,0.0,0.0,0.0,0.0,0.0,0.0,0.0,0.0,0.0,0.0,0.0,1519,,TARAN TARAN,
Punjab,Taran Taran,IMD110-P1517,1996,,0.0,0.0,0.0,0.0,0.0,0.0,0.0,0.0,0.0,0.0,0.0,,,0.0,0.0,0.0,1519,missing_months,TARAN TARAN,
Punjab,Taran Taran,IMD110-P1517,1997,0.0,0.0,0.0,0.0,0.0,0.0,0.0,0.0,0.0,0.0,0.0,0.0,0.0,0.0,0.0,0.0,0.0,1519,,TARAN TARAN,
Punjab,Taran Taran,IMD110-P1517,1998,0.0,0.0,0.0,0.0,0.0,0.0,0.0,0.0,0.0,0.0,0.0,0.0,0.0,0.0,0.0,0.0,0.0,1519,,TARAN TARAN,
Punjab,Taran Taran,IMD110-P1517,1999,0.0,,0.2,0.0,0.0,0.0,0.0,0.0,0.0,0.0,0.0,0.0,,,0.2,0.0,0.0,1519,missing_months,TARAN TARAN,
Punjab,Taran Taran,IMD110-P1517,2000,0.0,0.0,0.0,0.0,0.0,0.0,0.0,0.0,0.0,0.0,0.0,0.0,0.0,0.0,0.0,0.0,0.0,1519,,TARAN TARAN,
Punjab,Taran Taran,IMD110-P1517,2006,,,,,,,,,,,,0.0,,,,,,1519,missing_months,TARAN TARAN,
Punjab,Taran Taran,IMD110-P1517,2007,0.0,142.2,23.9,0.0,10.2,80.2,27.0,,,,,,,142.2,34.1,,,1519,missing_months,TARAN TARAN,
Punjab,Taran Taran,IMD110-P1517,2008,0.0,0.0,0.0,,,,,,,,,,,0.0,,,,1519,missing_months,TARAN TARAN,
Punjab,Taran Taran,IMD110-P1517,2010,,,0.0,0.0,0.0,,,,78.3,0.0,0.0,,,,0.0,,,1520,missing_months,TARAN TARAN,
