state_source,district_source,series_id,year,jan_mm,feb_mm,mar_mm,apr_mm,may_mm,jun_mm,jul_mm,aug_mm,sep_mm,oct_mm,nov_mm,dec_mm,annual_mm,jf_mm,mam_mm,jjas_mm,ond_mm,source_page,quality_flags,district_table_label,duplicate_source_pages
Rajasthan,Ajmer,IMD110-P1522,1901,23.7,1.1,4.7,0.0,2.9,27.4,163.9,129.1,3.5,13.4,0.0,0.7,370.5,24.7,7.7,323.9,14.1,1522,,AJMER,
Rajasthan,Ajmer,IMD110-P1522,1902,0.1,0.1,0.0,1.2,9.4,29.8,133.2,104.1,137.7,2.0,0.0,0.0,417.6,0.2,10.6,404.8,2.0,1522,,AJMER,
Rajasthan,Ajmer,IMD110-P1522,1903,1.4,2.3,3.6,0.6,7.7,14.5,267.9,188.9,111.9,1.1,0.0,0.0,600.0,3.7,11.9,583.3,1.1,1522,,AJMER,
Rajasthan,Ajmer,IMD110-P1522,1904,4.1,6.0,26.4,0.0,25.6,52.4,175.9,162.5,26.6,0.0,0.7,12.1,492.3,10.0,52.0,417.4,12.8,1522,,AJMER,
Rajasthan,Ajmer,IMD110-P1522,1905,1.5,10.8,1.4,1.1,2.4,6.2,65.7,7.8,96.0,0.0,0.0,0.0,192.9,12.3,4.9,175.8,0.0,1522,,AJMER,
Rajasthan,Ajmer,IMD110-P1522,1906,0.0,17.6,1.3,0.0,0.0,43.3,307.6,57.8,139.9,0.6,0.0,4.3,572.4,17.6,1.3,548.6,5.0,1522,,AJMER,
Rajasthan,Ajmer,IMD110-P1522,1907,0.7,55.8,3.6,3.0,10.4,5.0,98.0,448.7,0.1,0.0,0.0,0.0,625.3,56.5,17.0,551.8,0.0,1522,,AJMER,
Rajasthan,Ajmer,IMD110-P1522,1908,7.7,1.2,0.4,0.0,2.0,47.1,340.6,319.5,202.2,0.0,0.1,0.1,921.0,9.0,2.4,909.5,0.1,1522,,AJMER,
Rajasthan,Ajmer,IMD110-P1522,1909,5.2,0.7,0.0,45.6,1.3,84.8,352.9,155.1,138.4,0.0,0.0,18.9,803.0,5.9,46.9,731.3,18.9,1522,,AJMER,
Rajasthan,Ajmer,IMD110-P1522,1910,1.9,0.0,0.0,0.3,0.0,82.2,83.9,194.6,36.3,18.3,0.0,0.0,417.6,1.9,0.3,397.1,18.3,1522,,AJMER,
Rajasthan,Ajmer,IMD110-P1522,1911,3.4,0.0,22.1,0.0,0.3,71.2,27.1,25.8,159.5,2.2,10.1,0.0,321.6,3.4,22.3,283.7,12.2,1522,,AJMER,
Rajasthan,Ajmer,IMD110-P1522,1912,3.6,2.2,1.2,11.6,3.5,26.3,212.8,131.4,26.6,3.4,4.2,0.7,427.5,5.8,16.3,397.1,8.3,1522,,AJMER,
Rajasthan,Ajmer,IMD110-P1522,1913,0.0,2.1,0.2,0.0,27.5,73.6,58.7,57.3,27.3,7.4,0.0,14.6,268.7,2.1,27.7,216.9,22.0,1522,,AJMER,
Rajasthan,Ajmer,IMD110-P1522,1914,0.0,0.6,3.2,0.4,2.6,67.8,159.9,139.2,59.2,0.3,17.0,0.0,450.3,0.6,6.2,426.1,17.4,1522,,AJMER,
Rajasthan,Ajmer,IMD110-P1522,1915,11.3,16.4,18.7,0.0,2.6,20.5,28.8,72.9,16.1,73.3,0.0,0.0,260.5,27.6,21.3,138.3,73.3,1522,,AJMER,
Rajasthan,Ajmer,IMD110-P1522,1916,0.0,0.0,0.0,0.4,4.2,49.9,127.0,475.2,157.6,20.6,0.0,0.0,834.9,0.0,4.6,809.8,20.6,1522,,AJMER,
Rajasthan,Ajmer,IMD110-P1522,1917,0.1,2.4,2.9,5.1,92.5,218.5,194.7,329.2,354.2,56.0,0.0,0.0,1255.8,2.5,100.5,1096.7,56.0,1522,,AJMER,
Rajasthan,Ajmer,IMD110-P1522,1918,5.6,0.0,0.0,0.0,0.5,10.0,31.7,89.3,8.1,0.0,1.2,0.0,146.4,5.6,0.5,139.1,1.2,1522,,AJMER,
Rajasthan,Ajmer,IMD110-P1522,1919,14.2,0.0,0.0,0.0,5.0,11.7,122.5,215.8,26.8,0.0,30.6,7.9,434.4,14.2,5.0,376.8,38.5,1522,,AJMER,
Rajasthan,Ajmer,IMD110-P1522,1920,2.7,2.2,1.1,0.0,34.6,176.3,248.7,57.7,1.5,0.0,0.0,0.0,524.8,4.9,35.7,484.2,0.0,1522,,AJMER,
Rajasthan,Ajmer,IMD110-P1522,1921,2.1,0.0,0.0,0.0,0.0,21.4,194.2,175.2,116.9,0.1,0.0,0.3,510.2,2.1,0.0,507.7,0.4,1522,,AJMER,
Rajasthan,Ajmer,IMD110-P1522,1922,0.0,0.0,0.0,0.1,9.8,47.8,182.7,78.6,104.9,0.9,0.0,1.4,426.2,0.0,9.9,414.0,2.3,1522,,AJMER,
Rajasthan,Ajmer,IMD110-P1522,1923,5.0,4.7,7.7,0.0,5.3,1.5,259.9,226.5,13.1,0.0,0.0,1.9,525.5,9.7,13.0,500.9,1.9,1522,,AJMER,
Rajasthan,Ajmer,IMD110-P1522,1924,3.2,6.2,0.3,0.0,18.2,27.7,248.1,147.9,218.7,62.7,7.2,23.2,763.4,9.4,18.5,642.3,93.1,1522,,AJMER,
Rajasthan,Ajmer,IMD110-P1522,1925,0.0,0.0,0.0,0.0,9.4,98.8,142.3,14.4,14.2,0.3,5.0,0.0,284.4,0.0,9.4,269.7,5.4,1522,,AJMER,
Rajasthan,Ajmer,IMD110-P1522,1926,3.5,2.5,40.5,0.2,27.6,14.1,164.0,290.4,185.4,0.0,0.0,0.0,728.2,6.0,68.3,654.0,0.0,1522,,AJMER,
Rajasthan,Ajmer,IMD110-P1522,1927,0.0,12.2,0.0,9.7,2.0,17.5,126.4,415.7,88.1,2.4,9.9,29.8,713.7,12.2,11.7,647.6,42.2,1522,,AJMER,
Rajasthan,Ajmer,IMD110-P1522,1928,1.9,3.5,0.0,0.2,2.8,19.0,179.4,231.4,44.5,105.6,13.7,1.6,603.6,5.4,3.0,474.3,120.9,1522,,AJMER,
Rajasthan,Ajmer,IMD110-P1522,1929,1.1,0.0,0.0,3.7,15.2,17.6,227.8,262.5,27.9,0.3,0.0,10.8,566.9,1.1,18.8,535.9,11.1,1522,,AJMER,
Rajasthan,Ajmer,IMD110-P1522,1930,27.0,0.0,0.0,0.8,44.9,60.2,107.3,126.3,8.1,48.2,0.0,0.0,422.9,27.0,45.8,301.9,48.2,1522,,AJMER,
Rajasthan,Ajmer,IMD110-P1522,1931,1.0,0.9,0.0,0.0,21.8,5.4,161.5,310.2,6.4,59.8,0.0,1.0,568.0,1.9,21.8,483.6,60.8,1522,,AJMER,
Rajasthan,Ajmer,IMD110-P1522,1932,0.0,1.2,20.1,1.0,10.4,5.1,137.2,282.3,21.7,2.5,0.0,0.0,481.4,1.2,31.5,446.2,2.5,1522,,AJMER,
Rajasthan,Ajmer,IMD110-P1522,1933,0.0,4.2,1.6,25.8,22.3,176.5,111.2,256.6,77.1,2.1,3.4,0.3,681.0,4.2,49.6,621.4,5.8,1522,,AJMER,
Rajasthan,Ajmer,IMD110-P1522,1934,0.5,0.0,0.6,0.5,0.4,102.2,114.1,396.7,35.3,0.0,0.0,4.3,654.7,0.5,1.6,648.3,4.3,1523,,AJMER,
Rajasthan,Ajmer,IMD110-P1522,1935,10.5,8.4,0.1,6.2,1.1,15.7,264.8,75.7,173.1,24.1,0.0,1.9,581.6,18.9,7.4,529.3,26.0,1523,,AJMER,
Rajasthan,Ajmer,IMD110-P1522,1936,1.1,5.2,12.2,0.1,0.3,114.2,91.1,65.0,88.6,0.0,8.3,0.3,386.3,6.3,12.5,358.9,8.5,1523,,AJMER,
Rajasthan,Ajmer,IMD110-P1522,1937,0.0,13.6,0.0,0.3,9.8,65.7,320.2,17.5,86.1,1.4,0.2,4.2,519.0,13.6,10.2,489.4,5.8,1523,,AJMER,
Rajasthan,Ajmer,IMD110-P1522,1938,3.4,0.0,0.0,0.4,0.9,111.8,154.5,64.6,0.8,0.7,0.0,0.0,337.1,3.4,1.3,331.7,0.7,1523,,AJMER,
Rajasthan,Ajmer,IMD110-P1522,1939,0.2,17.0,14.4,0.0,0.0,72.8,39.7,91.4,22.1,0.0,0.0,0.0,257.6,17.2,14.4,226.0,0.0,1523,,AJMER,
Rajasthan,Ajmer,IMD110-P1522,1940,29.5,13.9,7.2,0.0,4.5,55.2,158.9,343.1,12.5,0.0,11.0,0.0,635.8,43.4,11.8,569.6,11.0,1523,,AJMER,
Rajasthan,Ajmer,IMD110-P1522,1941,3.0,0.6,0.2,0.0,16.8,19.6,76.7,131.0,32.8,1.4,0.0,2.6,284.7,3.6,17.0,260.1,4.0,1523,,AJMER,
Rajasthan,Ajmer,IMD110-P1522,1942,5.0,8.5,0.0,1.4,12.6,32.4,318.5,246.6,77.5,0.0,0.0,1.2,703.8,13.5,14.0,675.0,1.2,1523,,AJMER,
Rajasthan,Ajmer,IMD110-P1522,1943,0.4,0.0,0.0,2.7,2.8,29.5,449.1,62.9,94.0,0.0,0.0,0.0,641.3,0.4,5.5,635.4,0.0,1523,,AJMER,
Rajasthan,Ajmer,IMD110-P1522,1944,13.0,1.2,16.7,7.1,0.0,61.0,191.6,342.8,12.5,18.4,0.6,0.0,664.9,14.2,23.8,607.9,19.0,1523,,AJMER,
Rajasthan,Ajmer,IMD110-P1522,1945,16.7,0.0,0.0,5.4,14.0,60.0,233.0,174.7,48.7,1.0,0.0,0.0,553.7,16.7,19.5,516.4,1.0,1523,,AJMER,
Rajasthan,Ajmer,IMD110-P1522,1946,0.0,5.7,0.0,0.1,0.1,53.0,110.2,260.5,85.5,1.2,6.0,4.5,526.8,5.7,0.3,509.2,11.7,1523,,AJMER,
Rajasthan,Ajmer,IMD110-P1522,1947,3.5,0.8,0.0,0.0,1.4,10.2,57.8,249.2,239.4,14.5,0.0,1.4,578.1,4.3,1.4,556.6,15.9,1523,,AJMER,
Rajasthan,Ajmer,IMD110-P1522,1948,46.7,19.1,0.0,0.0,0.0,12.4,148.2,91.8,24.9,5.1,2.8,0.1,351.0,65.8,0.0,277.3,8.0,1523,,AJMER,
Rajasthan,Ajmer,IMD110-P1522,1949,0.9,0.0,0.0,0.0,18.8,52.0,218.4,91.3,24.4,0.0,0.0,0.0,405.8,0.9,18.8,386.1,0.0,1523,,AJMER,
Rajasthan,Ajmer,IMD110-P1522,1950,0.0,0.0,0.6,0.0,6.0,28.8,226.0,147.3,177.2,0.0,0.0,0.0,585.9,0.0,6.5,579.4,0.0,1523,,AJMER,
Rajasthan,Ajmer,IMD110-P1522,1951,0.1,0.3,6.0,4.6,7.6,33.7,104.5,90.4,2.0,0.0,15.4,0.0,264.6,0.4,18.1,230.6,15.4,1523,,AJMER,
Rajasthan,Ajmer,IMD110-P1522,1952,0.8,3.9,0.1,1.7,0.3,103.2,336.0,111.1,0.1,0.0,0.0,1.6,558.8,4.8,2.1,550.4,1.6,1523,,AJMER,
Rajasthan,Ajmer,IMD110-P1522,1953,28.1,0.0,0.0,0.2,2.1,29.7,140.2,270.6,34.8,0.0,0.0,0.0,505.8,28.1,2.3,475.4,0.0,1523,,AJMER,
Rajasthan,Ajmer,IMD110-P1522,1954,0.3,10.6,2.3,0.0,0.2,23.8,199.0,86.8,119.1,7.4,1.6,0.0,451.1,10.9,2.5,428.7,9.0,1523,,AJMER,
Rajasthan,Ajmer,IMD110-P1522,1955,4.0,3.7,0.2,0.0,4.8,51.3,22.8,356.2,169.8,85.0,0.0,1.2,698.9,7.6,5.0,600.2,86.1,1523,,AJMER,
Rajasthan,Ajmer,IMD110-P1522,1956,2.3,0.1,7.4,0.0,0.0,20.2,320.0,95.8,25.2,134.7,0.0,3.4,609.2,2.5,7.5,461.3,138.0,1523,,AJMER,
Rajasthan,Ajmer,IMD110-P1522,1957,33.6,0.0,3.5,0.6,1.1,37.7,145.9,188.5,13.4,3.5,0.0,1.3,429.0,33.6,5.2,385.5,4.7,1523,,AJMER,
Rajasthan,Ajmer,IMD110-P1522,1958,1.2,0.0,0.0,0.1,1.9,30.1,156.5,74.1,135.8,0.8,9.9,0.4,410.8,1.2,2.0,396.5,11.1,1523,,AJMER,
Rajasthan,Ajmer,IMD110-P1522,1959,0.2,0.0,0.0,1.2,13.2,9.4,140.8,155.6,82.9,15.7,3.9,0.0,422.8,0.2,14.5,388.6,19.5,1523,,AJMER,
Rajasthan,Ajmer,IMD110-P1522,1960,0.1,0.0,5.6,0.0,3.1,42.2,71.6,142.9,8.9,0.0,0.0,1.3,275.8,0.1,8.7,265.6,1.3,1523,,AJMER,
Rajasthan,Ajmer,IMD110-P1522,1961,1.2,4.5,0.0,1.0,0.4,44.4,109.6,135.1,222.7,0.1,0.0,0.1,519.1,5.7,1.3,511.9,0.2,1523,,AJMER,
Rajasthan,Ajmer,IMD110-P1522,1962,0.0,0.1,1.9,0.0,0.1,0.4,209.0,65.6,28.0,0.0,0.1,0.1,305.4,0.1,2.0,303.1,0.2,1523,,AJMER,
Rajasthan,Ajmer,IMD110-P1522,1963,0.0,0.3,0.2,0.4,0.0,21.0,96.0,157.7,44.7,4.4,2.2,0.0,326.8,0.3,0.6,319.4,6.5,1523,,AJMER,
Rajasthan,Ajmer,IMD110-P1522,1964,0.0,0.0,0.0,0.0,43.3,18.6,110.9,213.7,36.3,0.2,0.0,0.0,423.0,0.0,43.3,379.5,0.2,1523,,AJMER,
Rajasthan,Ajmer,IMD110-P1522,1965,1.0,0.0,2.9,0.3,0.0,2.0,180.2,113.1,20.0,5.5,0.0,0.0,325.0,1.0,3.3,315.3,5.5,1523,,AJMER,
Rajasthan,Ajmer,IMD110-P1522,1966,0.3,0.9,0.0,0.0,0.3,70.1,109.9,100.3,112.6,0.0,2.4,0.0,396.8,1.2,0.3,392.9,2.4,1523,,AJMER,
Rajasthan,Ajmer,IMD110-P1522,1967,0.0,0.0,44.1,0.6,0.0,59.4,89.2,171.2,99.2,0.0,0.6,36.9,501.2,0.0,44.6,419.0,37.5,1523,,AJMER,
Rajasthan,Ajmer,IMD110-P1522,1968,20.6,0.6,1.9,0.0,4.8,0.7,214.4,87.6,0.6,1.1,0.0,0.0,332.3,21.2,6.7,303.3,1.1,1524,,AJMER,
Rajasthan,Ajmer,IMD110-P1522,1969,9.4,0.0,0.0,0.0,0.0,3.0,138.6,124.6,70.4,0.2,0.0,0.0,346.2,9.4,0.0,336.6,0.2,1524,,AJMER,
Rajasthan,Ajmer,IMD110-P1522,1970,0.0,13.6,0.6,0.0,0.3,66.2,95.1,320.8,35.0,6.3,0.0,0.0,537.9,13.6,0.9,517.1,6.3,1524,,AJMER,
Rajasthan,Ajmer,IMD110-P1522,1971,0.1,0.0,0.0,0.6,29.8,166.9,142.3,68.4,73.1,5.2,0.3,0.0,486.6,0.1,30.4,450.6,5.4,1524,,AJMER,
Rajasthan,Ajmer,IMD110-P1522,1972,0.0,1.1,0.0,0.0,0.0,44.4,25.8,139.2,6.2,0.0,0.0,0.0,216.7,1.1,0.0,215.6,0.0,1524,,AJMER,
Rajasthan,Ajmer,IMD110-P1522,1973,1.6,2.5,0.0,0.0,14.6,21.3,155.9,312.7,128.7,0.0,0.0,0.0,637.3,4.1,14.6,618.6,0.0,1524,,AJMER,
Rajasthan,Ajmer,IMD110-P1522,1974,0.0,0.0,4.3,0.0,27.9,46.7,240.8,42.1,4.4,50.8,0.0,0.3,417.2,0.0,32.1,334.0,51.1,1524,,AJMER,
Rajasthan,Ajmer,IMD110-P1522,1975,0.3,0.1,0.8,0.0,0.9,69.1,316.8,214.8,169.0,41.7,0.0,0.0,813.3,0.4,1.7,769.6,41.7,1524,,AJMER,
Rajasthan,Ajmer,IMD110-P1522,1976,3.0,4.8,0.0,0.7,11.1,11.1,243.3,363.7,158.1,0.1,14.1,0.0,809.9,7.8,11.7,776.2,14.2,1524,,AJMER,
Rajasthan,Ajmer,IMD110-P1522,1977,13.8,1.0,0.0,4.5,25.6,104.9,227.2,128.6,37.8,0.0,0.0,0.0,543.4,14.8,30.1,498.5,0.0,1524,,AJMER,
Rajasthan,Ajmer,IMD110-P1522,1978,0.0,10.8,1.8,0.8,0.0,86.4,202.7,122.8,33.9,6.8,2.4,0.1,468.5,10.8,2.6,445.8,9.3,1524,,AJMER,
Rajasthan,Ajmer,IMD110-P1522,1979,2.0,18.2,1.1,0.7,50.9,24.8,343.3,76.2,8.5,0.6,22.6,2.3,551.2,20.2,52.7,452.7,25.6,1524,,AJMER,
Rajasthan,Ajmer,IMD110-P1522,1980,0.0,0.0,2.0,0.0,2.8,135.4,160.3,67.4,20.2,1.2,0.1,17.3,406.7,0.0,4.8,383.3,18.5,1524,,AJMER,
Rajasthan,Ajmer,IMD110-P1522,1981,14.0,0.0,6.2,0.0,2.3,57.0,219.7,34.9,69.4,1.2,9.7,0.5,414.8,14.0,8.4,380.9,11.5,1524,,AJMER,
Rajasthan,Ajmer,IMD110-P1522,1982,17.6,0.7,6.0,18.3,21.9,16.9,151.4,203.4,24.9,5.0,15.1,4.0,485.1,18.3,46.1,396.7,24.1,1524,,AJMER,
Rajasthan,Ajmer,IMD110-P1522,1983,0.1,0.7,0.0,33.8,17.2,44.1,315.0,271.3,56.4,5.4,0.0,0.0,744.0,0.8,51.0,686.8,5.4,1524,,AJMER,
Rajasthan,Ajmer,IMD110-P1522,1984,0.3,0.0,0.0,0.0,0.0,11.8,78.8,184.4,112.2,0.0,0.0,0.0,387.5,0.3,0.0,387.3,0.0,1524,,AJMER,
Rajasthan,Ajmer,IMD110-P1522,1985,0.1,0.0,0.5,0.4,27.5,6.2,98.3,154.5,21.0,18.8,0.0,4.5,331.8,0.1,28.4,280.0,23.3,1524,,AJMER,
Rajasthan,Ajmer,IMD110-P1522,1986,0.1,10.5,0.0,0.0,12.3,27.3,149.8,75.0,7.9,0.0,0.0,0.0,282.9,10.6,12.3,260.0,0.0,1524,,AJMER,
Rajasthan,Ajmer,IMD110-P1522,1987,2.5,0.7,0.0,0.0,11.1,41.8,52.4,91.4,4.1,0.0,0.0,7.5,211.7,3.3,11.1,189.8,7.5,1524,,AJMER,
Rajasthan,Ajmer,IMD110-P1522,1988,1.0,0.0,1.7,0.4,0.4,59.5,208.5,90.2,58.2,0.0,0.0,0.0,419.8,1.0,2.5,416.3,0.0,1524,,AJMER,
Rajasthan,Ajmer,IMD110-P1522,1989,6.3,0.1,0.0,0.2,0.0,27.6,66.6,230.1,14.7,0.0,0.0,0.3,346.0,6.4,0.2,339.0,0.3,1524,,AJMER,
Rajasthan,Ajmer,IMD110-P1522,1990,0.0,13.3,0.3,0.3,12.7,65.0,146.1,221.8,73.0,2.4,5.3,0.0,540.1,13.3,13.2,505.8,7.7,1524,,AJMER,
Rajasthan,Ajmer,IMD110-P1522,1991,0.0,0.4,0.3,9.5,0.0,7.8,143.1,123.5,37.7,0.0,0.4,2.5,325.1,0.5,9.8,312.0,2.9,1524,,AJMER,
Rajasthan,Ajmer,IMD110-P1522,1992,7.4,1.2,1.1,0.0,2.1,2.4,138.3,239.5,92.0,1.5,0.0,0.0,485.4,8.6,3.1,472.2,1.5,1524,,AJMER,
Rajasthan,Ajmer,IMD110-P1522,1993,0.0,1.5,0.1,8.4,2.0,80.8,188.6,26.4,37.8,4.5,0.1,0.0,350.1,1.5,10.5,333.6,4.5,1524,,AJMER,
Rajasthan,Ajmer,IMD110-P1522,1994,28.7,0.0,0.0,3.4,0.2,67.3,312.4,158.0,52.5,0.0,0.0,0.0,622.5,28.7,3.6,590.2,0.0,1524,,AJMER,
Rajasthan,Ajmer,IMD110-P1522,1995,5.3,1.9,3.0,2.2,0.0,23.0,330.0,112.1,44.9,0.3,0.0,0.0,522.7,7.2,5.2,510.0,0.3,1524,,AJMER,
Rajasthan,Ajmer,IMD110-P1522,1996,7.3,,,10.3,21.0,105.6,278.8,241.1,126.2,17.6,0.0,0.0,,,,751.6,17.6,1524,missing_months,AJMER,
Rajasthan,Ajmer,IMD110-P1522,1997,0.3,0.0,4.5,30.3,76.1,105.4,182.7,293.9,113.9,74.7,21.8,0.0,903.5,0.3,110.8,695.9,96.5,1524,,AJMER,
Rajasthan,Ajmer,IMD110-P1522,1998,0.0,2.5,7.1,21.9,0.0,61.6,165.0,174.0,135.8,319.2,0.2,0.0,887.2,2.5,29.0,536.4,319.3,1524,,AJMER,
Rajasthan,Ajmer,IMD110-P1522,1999,0.3,10.1,0.0,0.0,13.6,74.2,238.7,43.6,39.3,33.3,0.0,0.0,453.1,10.4,13.6,395.8,33.3,1524,,AJMER,
Rajasthan,Ajmer,IMD110-P1522,2000,0.5,3.8,3.8,0.8,20.3,10.1,244.1,91.5,17.2,0.8,0.0,0.0,392.9,4.3,24.9,362.9,0.8,1524,,AJMER,
Rajasthan,Ajmer,IMD110-P1522,2001,0.3,0.0,0.0,7.2,37.3,69.4,259.4,107.9,5.4,14.1,0.0,0.0,501.1,0.3,44.5,442.1,14.1,1524,,AJMER,
Rajasthan,Ajmer,IMD110-P1522,2002,0.0,17.8,0.0,2.4,15.2,41.6,16.5,64.8,24.1,0.0,0.0,7.9,190.3,17.8,17.7,146.9,7.9,1525,,AJMER,
Rajasthan,Ajmer,IMD110-P1522,2003,0.1,41.6,0.0,0.0,0.5,56.7,170.1,159.1,35.9,0.0,0.0,0.0,464.1,41.7,0.5,421.8,0.0,1525,,AJMER,
Rajasthan,Ajmer,IMD110-P1522,2004,0.9,0.0,0.0,0.0,13.4,17.2,106.6,260.4,10.5,19.2,0.0,0.0,428.3,0.9,13.4,394.8,19.2,1525,,AJMER,
Rajasthan,Ajmer,IMD110-P1522,2005,0.0,0.7,6.8,20.5,0.9,42.5,143.4,55.6,214.0,0.0,0.0,0.0,484.4,0.7,28.2,455.5,0.0,1525,,AJMER,
Rajasthan,Ajmer,IMD110-P1522,2006,0.0,0.0,5.9,0.7,15.2,45.9,108.5,212.8,46.2,0.3,0.0,0.0,435.5,0.0,21.8,413.3,0.3,1525,,AJMER,
Rajasthan,Ajmer,IMD110-P1522,2007,0.7,9.2,11.1,0.3,0.5,36.2,187.5,114.4,35.9,0.0,0.0,0.2,396.0,9.9,11.8,374.1,0.2,1525,,AJMER,
Rajasthan,Ajmer,IMD110-P1522,2008,0.0,0.0,1.0,15.3,21.3,102.2,82.0,160.6,80.0,11.3,0.0,0.0,473.6,0.0,37.5,424.8,11.3,1525,,AJMER,
Rajasthan,Ajmer,IMD110-P1522,2009,0.7,0.0,7.0,0.1,2.7,15.0,148.5,60.7,17.6,1.5,3.2,0.0,257.1,0.7,9.9,241.8,4.7,1525,,AJMER,
Rajasthan,Ajmer,IMD110-P1522,2010,1.0,0.7,0.1,0.5,0.0,5.7,143.9,284.2,102.7,0.1,81.8,4.6,625.3,1.7,0.6,536.4,86.5,1525,,AJMER,
Rajasthan,Alwar,IMD110-P1526,1901,36.0,25.0,0.5,0.0,2.2,17.8,135.9,139.5,10.7,2.0,0.0,0.0,369.7,61.1,2.7,304.0,2.0,1526,,ALWAR,
Rajasthan,Alwar,IMD110-P1526,1902,0.0,0.0,0.0,2.3,3.1,69.6,200.7,111.6,83.4,11.6,0.0,0.0,482.3,0.0,5.4,465.3,11.6,1526,,ALWAR,
Rajasthan,Alwar,IMD110-P1526,1903,3.3,0.0,0.8,0.0,9.6,16.2,148.1,131.9,51.8,15.2,0.0,0.0,376.9,3.3,10.4,348.1,15.2,1526,,ALWAR,
Rajasthan,Alwar,IMD110-P1526,1904,0.0,0.4,25.3,0.0,45.9,37.6,238.1,367.2,134.0,0.0,25.8,19.2,893.6,0.4,71.3,777.0,45.0,1526,,ALWAR,
Rajasthan,Alwar,IMD110-P1526,1905,18.1,13.7,6.9,1.3,0.0,10.0,80.1,30.6,70.4,0.0,0.0,3.1,234.2,31.8,8.2,191.0,3.1,1526,,ALWAR,
Rajasthan,Alwar,IMD110-P1526,1906,0.9,38.2,21.6,0.0,4.9,114.1,229.4,49.6,194.8,0.0,0.0,6.9,660.4,39.1,26.5,587.8,6.9,1526,,ALWAR,
Rajasthan,Alwar,IMD110-P1526,1907,23.1,52.4,24.0,23.1,13.3,8.2,49.6,244.2,1.7,0.0,0.0,0.0,439.7,75.5,60.5,303.7,0.0,1526,,ALWAR,
Rajasthan,Alwar,IMD110-P1526,1908,27.6,4.3,0.3,0.3,17.6,21.8,295.6,425.1,37.5,0.0,2.9,0.0,833.0,31.9,18.2,780.0,2.9,1526,,ALWAR,
Rajasthan,Alwar,IMD110-P1526,1909,7.4,3.1,0.0,69.7,8.1,75.5,345.8,138.1,78.7,0.0,0.0,42.2,768.6,10.5,77.8,638.1,42.2,1526,,ALWAR,
Rajasthan,Alwar,IMD110-P1526,1910,13.1,4.8,0.0,0.9,0.0,40.1,123.2,192.1,169.7,186.6,0.0,0.0,730.4,17.8,0.9,525.1,186.6,1526,,ALWAR,
Rajasthan,Alwar,IMD110-P1526,1911,34.9,0.0,29.6,0.0,0.0,72.2,16.1,96.5,330.1,14.9,11.0,0.0,605.2,34.9,29.6,514.8,25.9,1526,,ALWAR,
Rajasthan,Alwar,IMD110-P1526,1912,18.7,15.6,0.9,3.6,5.5,11.0,192.9,144.7,114.9,0.7,1.7,0.0,510.3,34.3,10.0,463.6,2.4,1526,,ALWAR,
Rajasthan,Alwar,IMD110-P1526,1913,0.0,36.2,5.1,0.9,99.9,93.1,86.5,47.1,38.1,0.0,2.0,14.7,423.5,36.2,105.9,264.7,16.7,1526,,ALWAR,
Rajasthan,Alwar,IMD110-P1526,1914,0.0,0.3,0.6,1.2,12.7,64.6,195.9,62.1,124.3,20.9,2.2,0.0,484.9,0.3,14.4,447.0,23.1,1526,,ALWAR,
Rajasthan,Alwar,IMD110-P1526,1915,7.1,24.0,68.3,6.9,0.9,35.1,67.6,91.7,31.4,10.4,0.0,0.2,343.6,31.0,76.1,225.8,10.6,1526,,ALWAR,
Rajasthan,Alwar,IMD110-P1526,1916,0.0,17.9,0.0,2.4,8.8,43.0,184.4,282.1,160.5,27.1,0.0,0.0,726.1,17.9,11.2,669.9,27.1,1526,,ALWAR,
Rajasthan,Alwar,IMD110-P1526,1917,9.4,11.1,10.0,33.9,39.1,62.3,264.6,377.6,405.2,48.0,0.0,0.0,1261.3,20.6,83.0,1109.7,48.0,1526,,ALWAR,
Rajasthan,Alwar,IMD110-P1526,1918,11.3,0.0,6.3,4.1,0.0,37.0,39.0,128.8,13.8,0.0,0.0,0.0,240.2,11.3,10.4,218.5,0.0,1526,,ALWAR,
Rajasthan,Alwar,IMD110-P1526,1919,50.2,0.0,0.9,4.0,16.9,11.6,269.6,351.0,93.3,0.0,6.8,16.9,821.3,50.2,21.8,725.6,23.7,1526,,ALWAR,
Rajasthan,Alwar,IMD110-P1526,1920,13.3,9.0,14.5,0.0,29.7,88.3,236.4,42.7,0.0,0.0,0.0,0.0,433.8,22.3,44.2,367.4,0.0,1526,,ALWAR,
Rajasthan,Alwar,IMD110-P1526,1921,7.9,0.0,0.0,2.1,0.0,25.7,124.3,186.3,121.8,0.4,0.0,2.9,471.5,7.9,2.1,458.1,3.3,1526,,ALWAR,
Rajasthan,Alwar,IMD110-P1526,1922,5.5,0.0,0.0,0.0,8.5,66.2,149.7,156.6,139.6,4.1,0.0,22.0,552.1,5.5,8.5,512.0,26.0,1526,,ALWAR,
Rajasthan,Alwar,IMD110-P1526,1923,1.8,13.4,0.0,0.0,8.5,29.4,267.0,155.9,8.3,0.0,0.0,33.1,517.4,15.3,8.5,460.6,33.1,1526,,ALWAR,
Rajasthan,Alwar,IMD110-P1526,1924,16.0,9.1,0.2,0.0,0.8,44.1,147.7,211.1,407.1,67.7,11.9,29.6,945.3,25.1,1.0,810.0,109.2,1526,,ALWAR,
Rajasthan,Alwar,IMD110-P1526,1925,0.0,0.0,0.0,0.0,22.9,137.0,233.3,87.2,10.2,9.2,7.3,0.0,507.3,0.0,22.9,467.8,16.6,1526,,ALWAR,
Rajasthan,Alwar,IMD110-P1526,1926,6.4,6.8,45.6,9.5,30.1,20.6,237.3,365.7,88.9,1.9,0.0,0.0,812.7,13.1,85.2,712.5,1.9,1526,,ALWAR,
Rajasthan,Alwar,IMD110-P1526,1927,0.0,22.4,0.6,4.7,17.1,2.1,161.3,328.1,41.8,4.0,0.0,14.0,596.1,22.4,22.4,533.2,18.1,1526,,ALWAR,
Rajasthan,Alwar,IMD110-P1526,1928,11.3,36.0,2.4,0.0,0.2,25.8,149.5,94.5,24.9,30.9,13.1,24.2,412.6,47.3,2.6,294.6,68.1,1526,,ALWAR,
Rajasthan,Alwar,IMD110-P1526,1929,0.5,7.4,0.0,0.8,6.9,20.9,135.7,109.8,4.9,3.5,0.0,7.8,298.3,7.9,7.7,271.3,11.3,1526,,ALWAR,
Rajasthan,Alwar,IMD110-P1526,1930,26.8,3.5,0.0,0.4,2.2,63.2,391.0,168.9,37.8,12.5,0.0,0.0,706.4,30.3,2.5,661.0,12.5,1526,,ALWAR,
Rajasthan,Alwar,IMD110-P1526,1931,0.0,8.4,12.7,0.0,22.9,7.1,214.0,173.9,123.2,48.6,0.0,0.2,611.0,8.4,35.6,518.3,48.8,1526,,ALWAR,
Rajasthan,Alwar,IMD110-P1526,1932,0.0,0.1,42.9,14.7,2.4,19.2,152.2,188.6,108.7,0.0,0.0,2.1,530.9,0.1,60.0,468.8,2.1,1526,,ALWAR,
Rajasthan,Alwar,IMD110-P1526,1933,4.0,11.3,0.8,23.0,74.9,230.9,78.3,170.9,348.0,42.8,1.1,0.0,986.0,15.3,98.7,828.1,43.9,1526,,ALWAR,
Rajasthan,Alwar,IMD110-P1526,1934,8.8,0.0,40.1,0.0,0.0,142.3,144.3,293.0,28.3,0.0,0.0,17.3,674.1,8.8,40.1,607.9,17.3,1527,,ALWAR,
Rajasthan,Alwar,IMD110-P1526,1935,24.0,14.3,2.9,38.1,0.5,23.2,274.0,135.4,134.4,2.6,0.5,26.2,676.2,38.3,41.6,567.0,29.4,1527,,ALWAR,
Rajasthan,Alwar,IMD110-P1526,1936,3.1,17.5,39.8,0.0,4.7,219.2,215.6,192.6,157.9,0.0,10.4,6.3,867.0,20.5,44.5,785.2,16.7,1527,,ALWAR,
Rajasthan,Alwar,IMD110-P1526,1937,0.0,25.1,0.5,2.7,5.8,54.1,160.2,39.8,79.1,0.0,0.0,4.8,372.2,25.1,9.0,333.2,4.8,1527,,ALWAR,
Rajasthan,Alwar,IMD110-P1526,1938,17.4,0.0,0.2,0.6,5.4,53.5,174.3,76.7,22.4,2.1,0.0,0.0,352.5,17.4,6.1,326.9,2.1,1527,,ALWAR,
Rajasthan,Alwar,IMD110-P1526,1939,4.1,28.3,7.2,0.0,0.0,56.3,81.2,42.6,165.0,1.5,0.0,0.0,386.3,32.5,7.2,345.1,1.5,1527,,ALWAR,
Rajasthan,Alwar,IMD110-P1526,1940,36.8,44.1,28.8,4.7,1.2,26.2,102.3,238.5,5.3,0.0,0.0,0.0,487.8,80.8,34.7,372.3,0.0,1527,,ALWAR,
Rajasthan,Alwar,IMD110-P1526,1941,24.0,0.6,0.6,0.0,12.7,81.5,27.1,103.9,177.3,5.2,0.0,5.8,438.7,24.7,13.3,389.7,11.0,1527,,ALWAR,
Rajasthan,Alwar,IMD110-P1526,1942,5.4,22.5,0.0,10.3,3.2,63.0,349.8,381.7,255.0,0.0,0.0,3.8,1094.8,27.9,13.5,1049.5,3.8,1527,,ALWAR,
Rajasthan,Alwar,IMD110-P1526,1943,6.5,0.0,0.0,7.7,9.9,17.0,197.4,176.2,165.5,0.0,0.0,0.0,580.2,6.5,17.6,556.1,0.0,1527,,ALWAR,
Rajasthan,Alwar,IMD110-P1526,1944,46.0,18.8,55.4,14.4,0.4,69.0,165.7,177.7,42.7,37.7,0.0,2.5,630.3,64.8,70.3,455.0,40.2,1527,,ALWAR,
Rajasthan,Alwar,IMD110-P1526,1945,28.9,0.0,0.5,3.2,14.3,43.0,114.3,154.1,212.3,5.3,0.0,0.0,575.9,28.9,18.0,523.7,5.3,1527,,ALWAR,
Rajasthan,Alwar,IMD110-P1526,1946,0.0,3.8,0.0,1.2,31.1,88.9,190.9,241.5,29.0,22.5,1.6,2.4,612.9,3.8,32.3,550.3,26.4,1527,,ALWAR,
Rajasthan,Alwar,IMD110-P1526,1947,17.4,7.2,3.3,0.0,1.9,34.4,118.7,114.2,249.4,8.2,0.0,7.2,561.7,24.6,5.2,516.6,15.4,1527,,ALWAR,
Rajasthan,Alwar,IMD110-P1526,1948,92.7,20.0,9.6,0.0,1.5,7.9,352.8,291.2,69.6,24.2,0.0,0.0,869.5,112.7,11.1,721.5,24.2,1527,,ALWAR,
Rajasthan,Alwar,IMD110-P1526,1949,0.8,1.6,0.0,0.0,9.2,25.6,338.9,47.1,154.8,4.5,0.0,0.0,582.4,2.4,9.2,566.3,4.5,1527,,ALWAR,
Rajasthan,Alwar,IMD110-P1526,1950,3.9,0.0,7.1,0.0,5.9,9.8,268.6,164.6,178.0,0.0,0.0,0.0,637.9,3.9,13.0,621.0,0.0,1527,,ALWAR,
Rajasthan,Alwar,IMD110-P1526,1951,3.7,0.0,20.5,7.8,6.4,36.7,37.6,151.4,43.0,1.8,26.9,0.0,335.9,3.7,34.8,268.7,28.7,1527,,ALWAR,
Rajasthan,Alwar,IMD110-P1526,1952,2.8,17.4,3.6,5.4,0.3,82.1,125.5,273.9,1.4,0.0,0.0,0.0,512.4,20.3,9.2,482.9,0.0,1527,,ALWAR,
Rajasthan,Alwar,IMD110-P1526,1953,12.6,0.0,0.0,3.1,6.3,24.3,225.3,188.6,22.7,3.3,0.0,0.9,487.3,12.6,9.5,460.9,4.3,1527,,ALWAR,
Rajasthan,Alwar,IMD110-P1526,1954,12.6,48.6,0.0,0.0,0.0,13.1,218.0,30.1,125.7,80.5,0.0,0.0,528.6,61.3,0.0,386.9,80.5,1527,,ALWAR,
Rajasthan,Alwar,IMD110-P1526,1955,19.2,0.5,1.1,0.0,1.6,101.0,97.3,292.7,194.9,96.5,0.0,0.0,804.8,19.7,2.7,685.9,96.5,1527,,ALWAR,
Rajasthan,Alwar,IMD110-P1526,1956,6.3,0.0,26.0,0.1,0.9,11.2,234.0,186.5,39.5,216.7,1.2,2.2,724.5,6.3,26.9,471.2,220.1,1527,,ALWAR,
Rajasthan,Alwar,IMD110-P1526,1957,42.3,0.0,17.5,0.6,9.8,72.8,228.2,108.0,184.7,19.5,4.3,14.7,702.5,42.3,27.8,593.8,38.5,1527,,ALWAR,
Rajasthan,Alwar,IMD110-P1526,1958,1.7,0.8,6.6,0.0,2.3,33.0,279.5,192.2,268.4,51.2,1.8,1.1,838.6,2.5,8.9,773.1,54.1,1527,,ALWAR,
Rajasthan,Alwar,IMD110-P1526,1959,15.8,0.0,0.0,0.3,36.3,13.0,111.7,190.5,100.4,42.4,12.1,0.1,522.5,15.8,36.6,415.6,54.5,1527,,ALWAR,
Rajasthan,Alwar,IMD110-P1526,1960,1.5,0.0,14.5,0.0,8.6,4.8,159.5,494.0,20.1,33.5,0.0,0.2,736.7,1.5,23.1,678.4,33.7,1527,,ALWAR,
Rajasthan,Alwar,IMD110-P1526,1961,10.8,15.7,0.0,0.1,3.9,49.1,183.4,254.7,83.7,18.0,22.1,0.1,641.6,26.4,4.1,570.9,40.2,1527,,ALWAR,
Rajasthan,Alwar,IMD110-P1526,1962,9.8,4.8,3.2,3.4,9.4,12.1,187.3,119.6,103.7,0.0,0.0,22.1,475.4,14.6,16.0,422.7,22.1,1527,,ALWAR,
Rajasthan,Alwar,IMD110-P1526,1963,0.0,7.5,1.4,5.0,1.6,10.9,78.9,335.2,127.3,0.0,11.8,2.4,581.9,7.5,8.0,552.3,14.2,1527,,ALWAR,
Rajasthan,Alwar,IMD110-P1526,1964,0.0,0.0,0.0,1.4,26.4,4.5,286.8,289.3,85.0,0.0,0.0,0.8,694.3,0.0,27.8,665.6,0.8,1527,,ALWAR,
Rajasthan,Alwar,IMD110-P1526,1965,0.0,5.5,1.3,6.6,3.0,1.6,142.9,147.3,182.5,20.4,0.0,0.1,511.3,5.6,10.9,474.4,20.5,1527,,ALWAR,
Rajasthan,Alwar,IMD110-P1526,1966,0.0,8.0,0.0,0.0,36.5,47.1,102.1,200.8,33.0,4.3,1.2,0.0,433.1,8.0,36.5,383.1,5.5,1527,,ALWAR,
Rajasthan,Alwar,IMD110-P1526,1967,0.0,0.0,16.5,4.4,0.2,55.9,223.8,396.1,115.9,0.0,2.2,53.7,868.8,0.0,21.1,791.7,55.9,1527,,ALWAR,
Rajasthan,Alwar,IMD110-P1526,1968,20.0,1.8,10.1,0.8,6.7,5.8,241.7,93.6,0.0,13.8,0.0,0.0,394.2,21.8,17.6,341.1,13.8,1528,,ALWAR,
Rajasthan,Alwar,IMD110-P1526,1969,1.4,3.5,0.0,16.9,24.2,14.9,198.4,195.6,265.9,0.5,1.4,0.0,722.8,4.9,41.1,674.8,1.9,1528,,ALWAR,
Rajasthan,Alwar,IMD110-P1526,1970,8.3,46.9,2.5,0.0,6.9,65.9,101.9,233.8,134.5,0.0,0.0,0.0,600.7,55.2,9.4,536.1,0.0,1528,,ALWAR,
Rajasthan,Alwar,IMD110-P1526,1971,7.7,0.6,0.0,3.7,59.3,92.4,225.4,218.2,74.5,43.1,0.4,0.0,725.2,8.3,63.0,610.5,43.5,1528,,ALWAR,
Rajasthan,Alwar,IMD110-P1526,1972,4.1,5.2,0.0,5.8,0.0,51.1,141.7,342.1,18.7,18.7,19.5,0.0,606.8,9.2,5.8,553.6,38.1,1528,,ALWAR,
Rajasthan,Alwar,IMD110-P1526,1973,15.8,5.6,3.5,0.0,32.2,19.6,156.4,227.0,79.5,1.4,0.0,4.8,545.7,21.3,35.6,482.6,6.2,1528,,ALWAR,
Rajasthan,Alwar,IMD110-P1526,1974,0.0,0.0,0.6,0.0,7.4,17.6,268.4,115.6,22.4,41.0,0.0,5.3,478.2,0.0,7.9,423.9,46.3,1528,,ALWAR,
Rajasthan,Alwar,IMD110-P1526,1975,2.0,0.0,11.7,0.8,2.9,23.2,280.3,253.4,148.1,36.5,0.0,0.0,758.9,2.0,15.3,705.0,36.5,1528,,ALWAR,
Rajasthan,Alwar,IMD110-P1526,1976,1.9,23.1,0.2,8.4,31.6,99.1,235.5,333.1,41.0,0.9,3.0,0.0,777.8,24.9,40.2,708.7,3.9,1528,,ALWAR,
Rajasthan,Alwar,IMD110-P1526,1977,25.7,0.0,0.6,28.3,22.5,100.6,,176.0,155.3,0.0,0.0,0.1,,25.7,51.4,,0.1,1528,missing_months,ALWAR,
Rajasthan,Alwar,IMD110-P1526,1978,1.0,12.6,9.1,6.8,0.0,47.5,303.2,192.0,165.2,0.3,3.2,6.1,746.9,13.6,15.9,707.9,9.5,1528,,ALWAR,
Rajasthan,Alwar,IMD110-P1526,1979,14.7,33.3,2.3,0.0,10.1,48.3,128.9,81.1,22.1,1.1,0.5,4.1,346.6,48.0,12.4,280.5,5.7,1528,,ALWAR,
Rajasthan,Alwar,IMD110-P1526,1980,1.5,0.3,22.3,0.2,3.3,66.0,328.4,124.7,17.6,5.3,0.9,12.2,582.6,1.7,25.9,536.7,18.4,1528,,ALWAR,
Rajasthan,Alwar,IMD110-P1526,1981,8.8,3.1,10.1,0.0,17.9,76.6,266.6,113.0,11.5,1.0,8.6,2.1,519.5,11.9,28.0,467.8,11.7,1528,,ALWAR,
Rajasthan,Alwar,IMD110-P1526,1982,15.3,21.0,20.1,22.7,60.8,24.0,149.5,213.9,15.2,16.0,12.3,3.0,573.7,36.3,103.5,402.5,31.3,1528,,ALWAR,
Rajasthan,Alwar,IMD110-P1526,1983,19.8,9.4,0.4,42.9,68.7,47.5,327.9,283.5,127.2,18.0,0.0,1.8,947.1,29.2,112.0,786.1,19.8,1528,,ALWAR,
Rajasthan,Alwar,IMD110-P1526,1984,1.0,0.9,0.0,0.0,0.5,29.3,151.3,177.3,128.7,0.0,0.0,0.0,489.1,1.9,0.5,486.7,0.0,1528,,ALWAR,
Rajasthan,Alwar,IMD110-P1526,1985,3.2,0.0,1.2,8.1,4.8,40.5,311.8,232.1,22.8,111.8,1.6,29.9,768.0,3.2,14.1,607.4,143.4,1528,,ALWAR,
Rajasthan,Alwar,IMD110-P1526,1986,6.3,17.2,1.9,0.9,20.9,45.9,71.3,73.4,40.5,29.2,0.0,0.7,308.3,23.5,23.8,231.2,29.9,1528,,ALWAR,
Rajasthan,Alwar,IMD110-P1526,1987,14.9,15.2,4.7,0.3,44.0,20.5,30.1,130.7,16.1,0.0,0.0,11.0,287.5,30.1,49.0,197.4,11.0,1528,,ALWAR,
Rajasthan,Alwar,IMD110-P1526,1988,3.9,15.6,21.9,10.9,5.5,98.1,227.1,180.3,85.0,0.0,0.3,4.6,653.2,19.6,38.3,590.5,4.9,1528,,ALWAR,
Rajasthan,Alwar,IMD110-P1526,1989,11.7,0.0,3.9,0.1,1.1,17.4,80.7,188.9,36.4,0.0,0.1,0.3,340.5,11.7,5.1,323.3,0.4,1528,,ALWAR,
Rajasthan,Alwar,IMD110-P1526,1990,0.0,77.7,0.8,0.5,23.7,47.2,163.2,145.9,236.4,5.7,9.8,2.8,713.7,77.7,25.0,592.6,18.4,1528,,ALWAR,
Rajasthan,Alwar,IMD110-P1526,1991,0.0,4.8,2.0,1.6,7.5,8.5,82.2,222.7,60.3,0.0,20.1,11.8,421.5,4.8,11.1,373.7,32.0,1528,,ALWAR,
Rajasthan,Alwar,IMD110-P1526,1992,21.8,6.8,1.9,0.0,8.4,32.3,175.5,269.1,96.0,30.2,11.2,0.6,653.8,28.6,10.3,572.9,42.0,1528,,ALWAR,
Rajasthan,Alwar,IMD110-P1526,1993,0.2,13.4,6.8,9.4,5.1,78.1,301.8,100.7,149.3,0.0,0.9,0.0,665.6,13.5,21.4,629.8,0.9,1528,,ALWAR,
Rajasthan,Alwar,IMD110-P1526,1994,34.7,2.3,3.3,9.4,16.6,73.9,329.8,132.2,25.1,0.0,0.0,0.0,627.3,37.0,29.3,561.0,0.0,1528,,ALWAR,
Rajasthan,Alwar,IMD110-P1526,1995,45.0,18.9,9.9,2.9,0.0,19.1,145.0,597.5,245.2,0.7,0.0,0.0,1084.2,63.9,12.8,1006.8,0.7,1528,,ALWAR,
Rajasthan,Alwar,IMD110-P1526,1996,2.8,16.0,0.0,7.0,17.5,168.2,267.7,210.2,112.9,13.3,0.0,0.0,815.6,18.8,24.5,759.0,13.3,1528,,ALWAR,
Rajasthan,Alwar,IMD110-P1526,1997,20.0,3.3,14.2,14.7,42.3,,,173.0,,,7.0,,,23.3,71.1,,,1528,missing_months,ALWAR,
Rajasthan,Alwar,IMD110-P1526,1998,0.0,10.0,,,,,,28.0,,19.0,12.5,0.0,,10.0,,,31.5,1528,missing_months,ALWAR,
Rajasthan,Alwar,IMD110-P1526,1999,3.7,7.0,0.0,0.0,0.0,83.0,,,135.8,2.3,,0.0,,10.6,0.0,,,1528,missing_months,ALWAR,
Rajasthan,Alwar,IMD110-P1526,2000,,,0.0,,58.0,,,,23.0,0.0,0.0,0.0,,,,,0.0,1528,missing_months,ALWAR,
Rajasthan,Alwar,IMD110-P1526,2001,4.4,0.5,1.2,22.3,66.8,117.0,176.6,105.5,10.7,15.7,0.0,0.0,520.6,4.8,90.2,409.8,15.7,1528,,ALWAR,
Rajasthan,Alwar,IMD110-P1526,2002,8.1,12.1,0.5,0.2,27.0,39.7,10.1,85.9,18.0,1.9,0.4,10.0,213.9,20.2,27.7,153.7,12.3,1529,,ALWAR,
Rajasthan,Alwar,IMD110-P1526,2003,17.4,29.6,2.2,0.3,9.5,56.4,360.3,258.8,66.3,0.0,0.0,10.8,811.7,47.0,12.1,741.8,10.8,1529,,ALWAR,
Rajasthan,Alwar,IMD110-P1526,2004,10.9,0.0,0.0,13.2,12.1,41.1,38.4,311.8,12.4,89.0,3.6,0.0,532.5,10.9,25.3,403.6,92.6,1529,,ALWAR,
Rajasthan,Alwar,IMD110-P1526,2005,0.5,10.5,0.0,4.2,13.3,113.2,311.1,35.9,128.3,0.0,0.0,0.0,617.2,11.1,17.5,588.6,0.0,1529,,ALWAR,
Rajasthan,Alwar,IMD110-P1526,2006,0.0,0.0,28.5,0.1,16.7,41.1,252.1,49.1,9.4,0.0,0.2,1.4,398.5,0.0,45.3,351.7,1.5,1529,,ALWAR,
Rajasthan,Alwar,IMD110-P1526,2007,1.5,46.5,30.0,8.3,12.5,78.0,96.9,167.1,125.2,0.0,0.0,0.9,566.7,48.0,50.7,467.2,0.9,1529,,ALWAR,
Rajasthan,Alwar,IMD110-P1526,2008,0.0,0.0,0.9,13.8,82.0,312.9,130.1,191.2,210.2,0.0,0.0,0.0,941.1,0.0,96.6,844.5,0.0,1529,,ALWAR,
Rajasthan,Alwar,IMD110-P1526,2009,0.0,0.2,1.9,1.5,9.0,33.9,139.9,141.3,129.8,1.7,10.2,0.5,469.8,0.2,12.4,444.9,12.4,1529,,ALWAR,
Rajasthan,Alwar,IMD110-P1526,2010,2.5,7.2,1.4,0.0,2.8,35.7,206.4,257.9,239.9,2.8,16.9,3.5,776.7,9.6,4.2,739.8,23.1,1529,,ALWAR,
Rajasthan,Banswara,IMD110-P1530,1901,2.3,0.0,1.4,0.0,1.6,34.3,210.6,244.1,3.0,0.5,0.0,0.0,497.9,2.3,3.0,492.0,0.5,1530,,BANSWARA,
Rajasthan,Banswara,IMD110-P1530,1902,10.6,0.3,0.0,11.2,0.2,22.4,297.6,230.7,392.9,0.0,0.0,18.1,983.9,10.8,11.3,943.6,18.1,1530,,BANSWARA,
Rajasthan,Banswara,IMD110-P1530,1903,1.4,0.0,0.2,0.0,13.3,16.0,359.4,200.2,395.0,3.6,0.0,0.0,989.1,1.4,13.4,970.6,3.6,1530,,BANSWARA,
Rajasthan,Banswara,IMD110-P1530,1904,0.0,11.4,20.7,0.0,48.6,61.8,270.3,47.1,86.3,0.0,0.0,10.6,556.8,11.4,69.3,465.5,10.6,1530,,BANSWARA,
Rajasthan,Banswara,IMD110-P1530,1905,0.0,0.6,1.4,0.0,0.4,38.2,346.3,56.1,149.1,0.0,0.0,0.0,592.1,0.6,1.8,589.8,0.0,1530,,BANSWARA,
Rajasthan,Banswara,IMD110-P1530,1906,0.0,22.0,0.0,0.0,0.0,95.5,284.8,332.4,328.0,6.3,0.0,0.0,1069.1,22.0,0.0,1040.7,6.3,1530,,BANSWARA,
Rajasthan,Banswara,IMD110-P1530,1907,0.0,2.5,0.5,5.3,0.0,27.0,321.3,335.3,12.5,0.0,0.0,0.0,704.2,2.5,5.8,696.0,0.0,1530,,BANSWARA,
Rajasthan,Banswara,IMD110-P1530,1908,9.1,0.0,6.1,0.0,0.0,105.5,362.1,320.5,17.5,0.0,0.0,0.0,820.8,9.1,6.1,805.5,0.0,1530,,BANSWARA,
Rajasthan,Banswara,IMD110-P1530,1909,0.0,0.4,0.0,4.9,0.0,142.6,369.9,353.8,111.1,0.0,0.0,2.3,985.0,0.4,4.9,977.4,2.3,1530,,BANSWARA,
Rajasthan,Banswara,IMD110-P1530,1910,1.1,0.0,0.0,0.0,0.0,289.9,223.6,514.9,93.3,55.5,2.7,0.0,1181.0,1.1,0.0,1121.7,58.2,1530,,BANSWARA,
Rajasthan,Banswara,IMD110-P1530,1911,5.9,0.0,8.2,0.0,0.0,162.3,71.7,121.0,122.9,1.4,16.6,0.0,510.0,5.9,8.2,477.9,18.0,1530,,BANSWARA,
Rajasthan,Banswara,IMD110-P1530,1912,0.0,0.0,0.0,0.2,0.9,97.1,566.6,277.1,19.1,0.0,21.1,0.3,982.3,0.0,1.1,959.9,21.4,1530,,BANSWARA,
Rajasthan,Banswara,IMD110-P1530,1913,0.0,0.0,0.0,0.0,94.9,224.0,828.9,259.4,119.9,0.0,0.4,0.0,1527.5,0.0,94.9,1432.2,0.4,1530,,BANSWARA,
Rajasthan,Banswara,IMD110-P1530,1914,0.0,0.5,0.0,0.0,20.9,126.4,305.8,115.0,286.1,5.7,4.5,0.0,864.9,0.5,20.9,833.3,10.2,1530,,BANSWARA,
Rajasthan,Banswara,IMD110-P1530,1915,24.5,20.8,21.3,0.0,0.0,57.1,79.4,120.1,33.1,204.2,0.0,0.3,560.8,45.3,21.3,289.8,204.5,1530,,BANSWARA,
Rajasthan,Banswara,IMD110-P1530,1916,0.0,0.0,0.0,0.0,9.5,213.4,190.4,521.3,136.4,12.8,16.3,0.0,1100.2,0.0,9.5,1061.6,29.1,1530,,BANSWARA,
Rajasthan,Banswara,IMD110-P1530,1917,13.0,24.4,0.0,0.0,98.3,179.5,216.3,240.9,385.2,223.9,0.0,0.0,1381.6,37.5,98.3,1022.0,223.9,1530,,BANSWARA,
Rajasthan,Banswara,IMD110-P1530,1918,0.0,0.0,0.0,0.0,11.4,25.1,33.9,349.9,9.7,0.0,0.0,0.0,430.0,0.0,11.4,418.6,0.0,1530,,BANSWARA,
Rajasthan,Banswara,IMD110-P1530,1919,0.5,0.0,0.0,0.9,0.0,137.2,209.6,745.0,42.3,2.1,18.2,9.0,1164.7,0.5,0.9,1134.0,29.3,1530,,BANSWARA,
Rajasthan,Banswara,IMD110-P1530,1920,4.6,0.0,0.0,0.0,109.8,246.4,311.6,121.5,32.8,0.0,0.0,0.0,826.7,4.6,109.8,712.3,0.0,1530,,BANSWARA,
Rajasthan,Banswara,IMD110-P1530,1921,0.1,0.0,0.0,0.0,0.0,15.4,235.7,291.6,398.3,0.0,0.0,0.0,941.1,0.1,0.0,941.0,0.0,1530,,BANSWARA,
Rajasthan,Banswara,IMD110-P1530,1922,3.6,0.0,0.0,0.0,0.0,82.7,308.2,210.3,269.7,0.0,9.1,0.0,883.7,3.6,0.0,870.9,9.1,1530,,BANSWARA,
Rajasthan,Banswara,IMD110-P1530,1923,0.0,0.0,0.0,0.0,6.5,0.0,324.1,216.5,140.3,0.0,0.0,0.0,687.5,0.0,6.5,680.9,0.0,1530,,BANSWARA,
Rajasthan,Banswara,IMD110-P1530,1924,0.4,0.0,0.0,0.0,0.0,108.1,329.7,307.5,150.5,92.8,0.0,2.2,991.3,0.4,0.0,895.8,95.0,1530,,BANSWARA,
Rajasthan,Banswara,IMD110-P1530,1925,0.0,0.0,0.0,0.0,13.4,152.3,182.7,52.6,28.8,0.0,44.1,0.0,473.9,0.0,13.4,416.5,44.1,1530,,BANSWARA,
Rajasthan,Banswara,IMD110-P1530,1926,1.7,0.0,0.0,0.0,0.3,17.4,327.0,354.9,90.8,0.0,0.0,0.4,792.5,1.7,0.3,790.1,0.4,1530,,BANSWARA,
Rajasthan,Banswara,IMD110-P1530,1927,0.0,4.1,0.0,0.0,4.3,49.8,680.2,265.4,85.2,16.4,5.5,4.3,1115.3,4.1,4.3,1080.6,26.2,1530,,BANSWARA,
Rajasthan,Banswara,IMD110-P1530,1928,0.0,0.0,0.0,0.0,0.0,42.9,365.0,463.4,95.3,38.7,0.2,0.5,1006.1,0.0,0.0,966.6,39.5,1530,,BANSWARA,
Rajasthan,Banswara,IMD110-P1530,1929,2.5,0.0,0.0,0.1,0.0,178.0,316.1,225.9,15.8,0.4,0.0,0.0,738.8,2.5,0.1,735.7,0.4,1530,,BANSWARA,
Rajasthan,Banswara,IMD110-P1530,1930,0.0,0.0,0.0,0.3,5.0,118.9,505.5,188.6,187.7,95.6,0.0,0.0,1101.7,0.0,5.3,1000.7,95.7,1530,,BANSWARA,
Rajasthan,Banswara,IMD110-P1530,1931,0.0,0.0,0.0,0.0,2.6,15.0,239.1,589.7,99.5,132.8,3.1,2.9,1084.8,0.0,2.6,943.3,138.9,1530,,BANSWARA,
Rajasthan,Banswara,IMD110-P1530,1932,0.0,0.0,3.9,0.0,0.0,29.5,378.9,102.9,154.2,9.3,0.0,0.0,678.6,0.0,3.9,665.5,9.3,1530,,BANSWARA,
Rajasthan,Banswara,IMD110-P1530,1933,0.0,1.7,0.0,8.4,24.9,219.2,256.6,490.2,359.9,1.7,3.1,2.9,1368.6,1.7,33.3,1325.8,7.7,1530,,BANSWARA,
Rajasthan,Banswara,IMD110-P1530,1934,0.6,0.0,0.0,0.0,0.0,107.6,169.3,474.8,151.2,0.0,27.4,0.0,930.8,0.6,0.0,902.8,27.4,1530,,BANSWARA,
Rajasthan,Banswara,IMD110-P1530,1935,2.3,0.0,0.0,1.5,0.0,80.9,200.8,103.0,212.2,30.8,0.0,0.0,631.5,2.3,1.5,596.9,30.8,1530,,BANSWARA,
Rajasthan,Banswara,IMD110-P1530,1936,2.4,0.4,6.6,0.0,0.0,137.3,83.2,24.6,183.6,0.0,28.9,0.0,467.1,2.8,6.6,428.8,28.9,1530,,BANSWARA,
Rajasthan,Banswara,IMD110-P1530,1937,0.0,5.5,0.0,0.9,0.0,251.0,541.2,32.1,260.3,9.3,0.0,0.5,1100.8,5.5,0.9,1084.6,9.8,1530,,BANSWARA,
Rajasthan,Banswara,IMD110-P1530,1938,0.0,0.0,0.0,0.0,33.7,333.7,340.6,170.2,18.1,25.8,0.0,0.0,922.0,0.0,33.7,862.5,25.8,1530,,BANSWARA,
Rajasthan,Banswara,IMD110-P1530,1939,0.0,0.0,1.8,0.0,0.0,6.5,130.6,232.7,188.4,0.0,0.0,0.0,560.0,0.0,1.8,558.2,0.0,1530,,BANSWARA,
Rajasthan,Banswara,IMD110-P1530,1940,7.7,0.1,10.9,0.5,0.0,102.4,214.8,308.5,79.9,9.2,28.0,0.0,762.1,7.8,11.4,705.6,37.2,1530,,BANSWARA,
Rajasthan,Banswara,IMD110-P1530,1941,1.1,19.5,0.0,0.5,0.7,9.6,342.6,789.6,57.6,0.0,0.0,0.0,1221.2,20.6,1.2,1199.4,0.0,1531,,BANSWARA,
Rajasthan,Banswara,IMD110-P1530,1942,13.4,11.9,0.0,0.0,2.8,58.2,413.0,390.5,178.6,0.0,0.0,0.2,1068.7,25.3,2.8,1040.4,0.2,1531,,BANSWARA,
Rajasthan,Banswara,IMD110-P1530,1943,0.7,0.0,0.0,0.0,7.6,94.5,428.0,121.9,148.7,1.1,0.1,0.0,802.6,0.7,7.6,793.1,1.2,1531,,BANSWARA,
Rajasthan,Banswara,IMD110-P1530,1944,21.9,0.0,5.1,1.3,0.4,108.8,593.0,756.7,34.5,11.1,0.1,0.0,1533.0,21.9,6.8,1493.1,11.1,1531,,BANSWARA,
Rajasthan,Banswara,IMD110-P1530,1945,0.5,0.0,0.0,0.0,0.5,224.9,460.8,224.9,243.2,0.0,0.0,0.0,1154.8,0.5,0.5,1153.8,0.0,1531,,BANSWARA,
Rajasthan,Banswara,IMD110-P1530,1946,0.0,0.8,0.0,0.0,0.0,236.1,261.0,534.4,117.4,2.3,23.6,13.4,1188.9,0.8,0.0,1148.8,39.3,1531,,BANSWARA,
Rajasthan,Banswara,IMD110-P1530,1947,0.9,0.0,0.0,4.5,0.0,12.0,200.9,277.7,206.2,46.7,0.5,0.0,749.3,0.9,4.5,696.8,47.2,1531,,BANSWARA,
Rajasthan,Banswara,IMD110-P1530,1948,19.9,2.5,0.0,0.0,0.0,137.2,216.9,218.2,68.4,5.8,14.2,0.0,683.0,22.4,0.0,640.7,19.9,1531,,BANSWARA,
Rajasthan,Banswara,IMD110-P1530,1949,0.0,0.0,0.0,0.0,0.0,60.3,308.7,146.0,245.1,13.9,0.0,0.0,774.0,0.0,0.0,760.1,13.9,1531,,BANSWARA,
Rajasthan,Banswara,IMD110-P1530,1950,0.0,0.0,0.0,0.0,0.0,8.8,622.0,103.2,535.0,0.0,0.0,0.0,1269.0,0.0,0.0,1269.0,0.0,1531,,BANSWARA,
Rajasthan,Banswara,IMD110-P1530,1951,0.0,0.0,0.0,0.0,6.8,46.3,228.1,135.8,6.8,0.0,4.4,0.0,428.1,0.0,6.8,416.9,4.4,1531,,BANSWARA,
Rajasthan,Banswara,IMD110-P1530,1952,0.0,0.0,0.0,0.0,0.0,77.1,836.7,209.5,17.8,0.0,0.0,0.0,1141.1,0.0,0.0,1141.1,0.0,1531,,BANSWARA,
Rajasthan,Banswara,IMD110-P1530,1953,24.9,0.0,0.0,0.0,0.0,216.4,139.7,322.4,55.4,4.8,0.0,0.0,763.6,24.9,0.0,733.9,4.8,1531,,BANSWARA,
Rajasthan,Banswara,IMD110-P1530,1954,0.0,7.9,6.3,0.0,0.0,71.4,245.4,89.0,755.6,24.6,0.0,0.0,1200.1,7.9,6.3,1161.3,24.6,1531,,BANSWARA,
Rajasthan,Banswara,IMD110-P1530,1955,2.8,0.0,0.0,0.0,0.3,113.1,38.7,437.5,360.1,54.8,0.0,0.0,1007.4,2.8,0.3,949.5,54.8,1531,,BANSWARA,
Rajasthan,Banswara,IMD110-P1530,1956,0.0,0.1,0.0,0.0,1.1,107.0,360.0,126.8,56.5,196.9,0.0,4.2,852.7,0.1,1.1,650.3,201.1,1531,,BANSWARA,
Rajasthan,Banswara,IMD110-P1530,1957,3.7,0.0,0.0,0.0,0.0,85.6,105.2,235.8,20.1,7.5,1.7,0.0,459.6,3.7,0.0,446.7,9.2,1531,,BANSWARA,
Rajasthan,Banswara,IMD110-P1530,1958,0.2,0.0,0.0,2.7,0.0,36.9,252.3,197.7,378.5,9.9,3.0,0.0,881.1,0.2,2.7,865.3,12.9,1531,,BANSWARA,
Rajasthan,Banswara,IMD110-P1530,1959,0.0,0.0,0.0,0.0,2.8,12.1,496.4,307.3,308.7,102.5,5.3,0.0,1235.0,0.0,2.8,1124.4,107.8,1531,,BANSWARA,
Rajasthan,Banswara,IMD110-P1530,1960,3.6,0.0,0.1,0.0,1.0,96.5,189.0,217.7,32.0,16.4,0.0,0.0,556.3,3.6,1.0,535.3,16.4,1531,,BANSWARA,
Rajasthan,Banswara,IMD110-P1530,1961,0.0,0.0,0.0,0.0,0.0,52.0,321.8,145.8,546.4,18.0,0.2,0.5,1084.6,0.0,0.0,1066.0,18.6,1531,,BANSWARA,
Rajasthan,Banswara,IMD110-P1530,1962,0.0,0.0,1.0,0.0,0.4,8.4,384.4,220.2,299.4,0.0,4.4,11.3,929.5,0.0,1.4,912.4,15.7,1531,,BANSWARA,
Rajasthan,Banswara,IMD110-P1530,1963,2.1,0.0,0.0,0.0,0.0,23.7,286.2,355.7,194.0,9.9,40.4,0.0,912.1,2.1,0.0,859.6,50.3,1531,,BANSWARA,
Rajasthan,Banswara,IMD110-P1530,1964,0.0,0.0,0.0,0.0,25.2,56.2,206.8,205.5,109.9,0.0,0.0,0.0,603.6,0.0,25.2,578.4,0.0,1531,,BANSWARA,
Rajasthan,Banswara,IMD110-P1530,1965,6.1,0.0,0.0,1.0,0.0,0.0,255.8,144.1,63.0,0.0,0.3,0.0,470.3,6.1,1.0,462.9,0.3,1531,,BANSWARA,
Rajasthan,Banswara,IMD110-P1530,1966,0.0,0.0,0.0,0.0,0.0,58.5,159.1,84.6,78.1,0.2,0.0,0.0,380.4,0.0,0.0,380.2,0.2,1531,,BANSWARA,
Rajasthan,Banswara,IMD110-P1530,1967,0.0,0.0,58.2,0.0,0.0,179.2,184.1,234.1,193.0,0.0,0.0,50.3,898.9,0.0,58.2,790.4,50.3,1531,,BANSWARA,
Rajasthan,Banswara,IMD110-P1530,1968,0.0,0.0,6.3,0.0,0.0,1.1,400.6,396.5,46.0,1.2,0.0,0.0,851.6,0.0,6.3,844.1,1.2,1531,,BANSWARA,
Rajasthan,Banswara,IMD110-P1530,1969,0.0,0.0,0.0,0.0,0.0,85.8,345.9,336.6,136.5,0.0,2.1,0.0,906.9,0.0,0.0,904.8,2.1,1531,,BANSWARA,
Rajasthan,Banswara,IMD110-P1530,1970,0.0,0.0,0.0,0.0,0.0,224.4,162.1,276.2,203.0,0.1,0.0,0.0,865.9,0.0,0.0,865.7,0.1,1531,,BANSWARA,
Rajasthan,Banswara,IMD110-P1530,1971,0.1,0.0,0.0,0.3,2.8,194.7,276.6,275.7,182.7,2.4,0.0,0.0,935.4,0.1,3.2,929.7,2.4,1531,,BANSWARA,
Rajasthan,Banswara,IMD110-P1530,1972,0.0,4.5,0.0,0.0,0.0,130.8,161.1,310.9,23.7,0.0,0.0,0.0,630.9,4.5,0.0,626.4,0.0,1531,,BANSWARA,
Rajasthan,Banswara,IMD110-P1530,1973,1.2,0.0,0.0,0.0,13.0,76.5,377.4,554.6,594.8,16.2,0.0,0.5,1634.3,1.2,13.0,1603.4,16.7,1531,,BANSWARA,
Rajasthan,Banswara,IMD110-P1530,1974,0.0,0.0,0.0,0.0,35.7,34.3,265.1,228.8,27.9,163.6,0.0,0.0,755.4,0.0,35.7,556.1,163.6,1531,,BANSWARA,
Rajasthan,Banswara,IMD110-P1530,1975,0.0,0.0,0.0,0.0,4.6,142.1,211.7,359.3,289.3,32.0,0.0,0.0,1039.0,0.0,4.6,1002.4,32.0,1531,,BANSWARA,
Rajasthan,Banswara,IMD110-P1530,1976,2.8,0.0,0.0,0.0,0.0,132.4,276.7,618.5,124.8,0.0,101.9,0.0,1257.1,2.8,0.0,1152.5,101.9,1531,,BANSWARA,
Rajasthan,Banswara,IMD110-P1530,1977,1.5,0.9,0.0,0.0,14.9,307.1,,341.1,296.7,0.4,9.0,0.0,,2.4,14.9,,9.5,1531,missing_months,BANSWARA,
Rajasthan,Banswara,IMD110-P1530,1978,0.0,0.2,0.0,0.1,0.0,56.7,437.7,540.4,43.2,0.4,17.4,13.9,1110.0,0.2,0.1,1078.0,31.7,1531,,BANSWARA,
Rajasthan,Banswara,IMD110-P1530,1979,2.0,6.8,0.1,0.0,7.5,73.6,119.4,332.2,21.8,11.1,128.6,0.0,703.1,8.8,7.7,546.9,139.7,1531,,BANSWARA,
Rajasthan,Banswara,IMD110-P1530,1980,0.1,0.0,0.0,0.0,0.0,272.9,177.4,266.6,33.3,0.0,1.8,20.5,772.5,0.1,0.0,750.1,22.3,1531,,BANSWARA,
Rajasthan,Banswara,IMD110-P1530,1981,4.3,1.1,0.0,0.1,3.3,159.5,321.9,415.6,122.8,41.8,41.2,0.0,1111.8,5.5,3.4,1019.9,83.1,1531,,BANSWARA,
Rajasthan,Banswara,IMD110-P1530,1982,10.2,0.0,0.0,12.8,29.4,40.9,276.3,265.6,29.8,2.8,108.3,0.0,776.2,10.2,42.1,612.6,111.2,1532,,BANSWARA,
Rajasthan,Banswara,IMD110-P1530,1983,0.0,0.0,0.0,11.4,0.0,106.9,292.3,267.8,110.8,77.1,0.0,0.0,866.3,0.0,11.4,777.8,77.1,1532,,BANSWARA,
Rajasthan,Banswara,IMD110-P1530,1984,0.0,0.0,0.0,0.0,0.0,15.7,288.5,743.9,51.6,0.0,0.0,0.0,1099.7,0.0,0.0,1099.7,0.0,1532,,BANSWARA,
Rajasthan,Banswara,IMD110-P1530,1985,0.0,0.0,0.0,2.2,0.1,2.4,102.8,164.1,19.8,205.0,0.0,0.0,496.5,0.0,2.3,289.1,205.0,1532,,BANSWARA,
Rajasthan,Banswara,IMD110-P1530,1986,0.0,0.0,0.5,0.0,0.4,82.5,580.7,222.2,1.8,0.6,0.0,0.0,888.7,0.0,0.8,887.3,0.6,1532,,BANSWARA,
Rajasthan,Banswara,IMD110-P1530,1987,7.4,0.0,0.0,0.0,3.9,75.5,38.7,597.4,4.2,24.1,0.0,13.0,764.2,7.4,3.9,715.8,37.1,1532,,BANSWARA,
Rajasthan,Banswara,IMD110-P1530,1988,0.0,0.0,0.0,3.1,0.0,56.1,271.7,406.5,118.3,30.5,0.0,0.0,886.2,0.0,3.1,852.6,30.5,1532,,BANSWARA,
Rajasthan,Banswara,IMD110-P1530,1989,0.1,0.0,0.0,0.0,0.0,119.3,136.9,293.0,89.7,0.0,0.0,1.2,640.2,0.1,0.0,638.8,1.2,1532,,BANSWARA,
Rajasthan,Banswara,IMD110-P1530,1990,0.0,0.4,0.0,0.0,30.2,143.0,322.7,411.1,210.1,7.4,29.7,0.2,1154.9,0.4,30.2,1086.9,37.3,1532,,BANSWARA,
Rajasthan,Banswara,IMD110-P1530,1991,0.0,0.0,0.0,0.6,0.0,23.5,550.5,225.4,16.4,0.0,0.0,0.0,816.3,0.0,0.6,815.7,0.0,1532,,BANSWARA,
Rajasthan,Banswara,IMD110-P1530,1992,0.0,0.0,0.0,0.0,2.0,32.7,206.6,185.2,188.2,74.6,21.3,0.0,710.5,0.0,2.0,612.7,95.9,1532,,BANSWARA,
Rajasthan,Banswara,IMD110-P1530,1993,0.0,0.0,7.6,0.0,0.0,119.5,510.7,119.8,81.9,8.5,2.9,0.0,851.0,0.0,7.6,832.0,11.4,1532,,BANSWARA,
Rajasthan,Banswara,IMD110-P1530,1994,16.7,0.0,0.0,0.7,0.0,243.5,418.2,506.5,269.8,0.0,5.1,0.0,1460.5,16.7,0.7,1438.0,5.1,1532,,BANSWARA,
Rajasthan,Banswara,IMD110-P1530,1995,35.4,0.0,0.3,0.0,4.1,29.4,345.2,165.2,102.3,26.0,0.3,24.6,732.9,35.4,4.4,642.2,51.0,1532,,BANSWARA,
Rajasthan,Banswara,IMD110-P1530,1996,3.0,2.0,,2.0,18.8,35.5,303.2,309.8,184.6,24.9,,,,5.0,,833.1,,1532,missing_months,BANSWARA,
Rajasthan,Banswara,IMD110-P1530,1997,0.8,0.0,0.0,40.7,16.9,147.3,368.6,294.3,76.1,9.4,4.0,19.8,977.9,0.8,57.6,886.3,33.2,1532,,BANSWARA,
Rajasthan,Banswara,IMD110-P1530,1998,0.0,0.0,0.0,0.0,0.8,60.7,314.5,170.1,265.0,43.7,0.0,0.0,854.8,0.0,0.8,810.3,43.7,1532,,BANSWARA,
Rajasthan,Banswara,IMD110-P1530,1999,0.0,0.7,0.0,0.0,0.0,196.1,251.2,82.7,94.1,35.7,0.0,0.0,660.5,0.7,0.0,624.1,35.7,1532,,BANSWARA,
Rajasthan,Banswara,IMD110-P1530,2000,0.0,0.0,4.3,0.0,4.6,29.0,286.5,89.5,19.2,0.0,0.0,0.5,433.5,0.0,8.9,424.2,0.5,1532,,BANSWARA,
Rajasthan,Banswara,IMD110-P1530,2001,0.0,0.0,0.9,0.0,0.1,128.3,273.2,201.2,3.0,10.1,0.0,0.0,616.7,0.0,0.9,605.7,10.1,1532,,BANSWARA,
Rajasthan,Banswara,IMD110-P1530,2002,0.0,0.9,0.0,0.6,0.0,191.1,19.2,173.9,137.3,0.0,0.4,0.6,524.1,0.9,0.6,521.6,1.1,1532,,BANSWARA,
Rajasthan,Banswara,IMD110-P1530,2003,0.1,21.6,0.0,0.0,0.0,129.4,332.1,220.0,144.7,0.0,0.0,0.0,847.9,21.6,0.0,826.2,0.0,1532,,BANSWARA,
Rajasthan,Banswara,IMD110-P1530,2004,0.1,0.0,0.0,0.0,10.4,98.3,169.6,739.9,38.6,17.6,0.0,0.0,1074.4,0.1,10.4,1046.4,17.6,1532,,BANSWARA,
Rajasthan,Banswara,IMD110-P1530,2005,0.0,0.0,0.0,1.2,4.4,64.6,315.8,136.1,259.8,0.0,0.0,0.0,781.9,0.0,5.5,776.3,0.0,1532,,BANSWARA,
Rajasthan,Banswara,IMD110-P1530,2006,0.0,0.0,0.2,0.0,0.0,149.8,500.3,824.8,328.9,12.9,0.5,0.0,1817.3,0.0,0.2,1803.7,13.4,1532,,BANSWARA,
Rajasthan,Banswara,IMD110-P1530,2007,0.0,0.8,0.0,1.9,1.1,86.6,549.0,431.4,207.7,0.0,0.0,0.0,1278.5,0.8,2.9,1274.7,0.0,1532,,BANSWARA,
Rajasthan,Banswara,IMD110-P1530,2008,0.0,0.0,0.1,2.7,1.6,80.2,194.8,160.4,83.9,15.8,9.3,0.0,548.9,0.0,4.4,519.3,25.1,1532,,BANSWARA,
Rajasthan,Banswara,IMD110-P1530,2009,0.0,0.0,1.6,0.0,0.0,48.1,324.2,224.9,119.0,11.5,12.6,0.9,742.8,0.0,1.6,716.1,25.0,1532,,BANSWARA,
Rajasthan,Banswara,IMD110-P1530,2010,0.0,0.0,0.0,0.0,0.0,16.6,167.6,319.6,93.1,4.4,16.8,0.0,618.2,0.0,0.0,596.9,21.3,1532,,BANSWARA,
Rajasthan,Baran,IMD110-P1533,1901,11.4,7.5,6.7,3.5,2.3,16.0,366.8,335.8,0.4,0.0,0.0,2.4,752.8,18.9,12.5,719.0,2.4,1533,,BARAN,
Rajasthan,Baran,IMD110-P1533,1902,8.4,4.8,0.0,0.3,5.0,30.6,643.0,84.6,71.0,14.5,0.0,0.6,863.0,13.1,5.4,829.3,15.1,1533,,BARAN,
Rajasthan,Baran,IMD110-P1533,1903,4.3,0.0,0.2,0.1,5.9,25.9,261.2,408.1,240.8,28.0,0.0,0.0,974.3,4.3,6.1,935.9,28.0,1533,,BARAN,
Rajasthan,Baran,IMD110-P1533,1904,6.1,8.9,17.6,0.0,17.4,91.0,919.0,237.6,56.0,0.0,2.7,2.7,1359.1,15.0,35.0,1303.6,5.4,1533,,BARAN,
Rajasthan,Baran,IMD110-P1533,1905,3.5,3.0,0.9,0.0,7.1,6.0,100.5,73.5,92.9,0.0,0.0,0.0,287.4,6.5,8.0,272.9,0.0,1533,,BARAN,
Rajasthan,Baran,IMD110-P1533,1906,0.0,17.6,0.7,0.0,4.2,57.5,388.1,71.5,285.1,0.6,0.0,0.0,825.2,17.6,4.8,802.2,0.6,1533,,BARAN,
Rajasthan,Baran,IMD110-P1533,1907,7.3,39.9,1.5,10.3,7.3,32.8,100.1,356.3,11.1,0.0,0.0,0.0,566.6,47.2,19.1,500.3,0.0,1533,,BARAN,
Rajasthan,Baran,IMD110-P1533,1908,12.9,0.0,0.4,3.0,0.3,30.2,515.6,426.1,126.2,0.3,0.0,0.0,1115.0,12.9,3.7,1098.0,0.3,1533,,BARAN,
Rajasthan,Baran,IMD110-P1533,1909,1.1,0.8,0.0,46.0,7.0,189.3,249.9,262.5,62.4,0.0,0.0,18.5,837.4,1.9,53.0,764.0,18.5,1533,,BARAN,
Rajasthan,Baran,IMD110-P1533,1910,13.7,0.0,0.0,2.0,0.7,123.5,141.3,288.1,349.6,47.8,7.4,0.0,974.0,13.7,2.7,902.5,55.2,1533,,BARAN,
Rajasthan,Baran,IMD110-P1533,1911,22.5,0.0,8.1,0.0,0.0,71.3,53.8,94.7,267.4,10.6,20.2,0.0,548.6,22.5,8.1,487.2,30.8,1533,,BARAN,
Rajasthan,Baran,IMD110-P1533,1912,2.7,6.1,0.0,4.8,7.2,51.3,487.2,403.1,55.2,0.1,12.0,1.1,1030.9,8.8,12.0,996.9,13.2,1533,,BARAN,
Rajasthan,Baran,IMD110-P1533,1913,0.0,5.5,0.0,0.0,34.0,93.6,208.9,146.6,17.1,0.3,0.0,39.4,545.4,5.5,34.0,466.1,39.7,1533,,BARAN,
Rajasthan,Baran,IMD110-P1533,1914,0.0,2.3,0.7,1.5,1.6,103.0,648.6,211.0,106.3,16.9,3.4,0.0,1095.4,2.3,3.8,1069.0,20.3,1533,,BARAN,
Rajasthan,Baran,IMD110-P1533,1915,19.7,37.6,17.4,3.2,2.5,18.7,108.8,209.0,52.2,33.7,0.0,0.7,503.3,57.2,23.0,388.7,34.3,1533,,BARAN,
Rajasthan,Baran,IMD110-P1533,1916,0.0,4.1,0.0,0.4,25.5,136.1,238.1,751.7,96.0,41.0,9.2,0.0,1302.2,4.1,25.9,1222.0,50.2,1533,,BARAN,
Rajasthan,Baran,IMD110-P1533,1917,7.1,11.0,1.6,7.4,77.8,191.3,363.1,471.2,274.6,138.5,0.0,2.9,1546.5,18.1,86.8,1300.2,141.4,1533,,BARAN,
Rajasthan,Baran,IMD110-P1533,1918,0.4,0.0,7.0,0.0,3.2,31.2,106.2,201.7,43.9,0.0,20.2,0.8,414.5,0.4,10.2,383.0,20.9,1533,,BARAN,
Rajasthan,Baran,IMD110-P1533,1919,33.1,0.0,0.3,13.3,11.5,56.3,469.2,398.9,58.3,0.7,11.8,0.5,1053.8,33.1,25.1,982.6,13.0,1533,,BARAN,
Rajasthan,Baran,IMD110-P1533,1920,18.6,1.9,1.1,0.0,16.4,159.5,316.2,144.1,35.9,0.0,0.0,0.0,693.7,20.6,17.5,655.6,0.0,1533,,BARAN,
Rajasthan,Baran,IMD110-P1533,1921,15.2,0.0,0.0,0.2,0.0,25.1,207.3,271.0,158.3,0.0,0.0,0.0,677.1,15.2,0.2,661.7,0.0,1533,,BARAN,
Rajasthan,Baran,IMD110-P1533,1922,17.7,0.1,0.0,0.0,2.3,123.3,417.3,252.1,122.9,1.0,1.3,33.3,971.5,17.8,2.3,915.7,35.7,1533,,BARAN,
Rajasthan,Baran,IMD110-P1533,1923,0.0,9.8,0.2,0.9,10.0,6.5,733.2,354.7,178.6,0.6,1.0,20.0,1315.5,9.8,11.1,1273.1,21.6,1533,,BARAN,
Rajasthan,Baran,IMD110-P1533,1924,19.7,10.8,0.0,0.0,5.3,30.1,368.2,357.8,283.7,16.9,0.0,30.4,1122.9,30.6,5.3,1039.8,47.3,1533,,BARAN,
Rajasthan,Baran,IMD110-P1533,1925,0.0,0.0,0.0,0.0,23.4,261.2,307.2,52.7,32.8,0.6,25.4,0.0,703.3,0.0,23.4,653.9,26.0,1533,,BARAN,
Rajasthan,Baran,IMD110-P1533,1926,2.6,1.3,11.7,2.4,7.7,23.2,256.1,444.9,292.4,1.9,0.0,0.2,1044.3,3.9,21.8,1016.6,2.1,1533,,BARAN,
Rajasthan,Baran,IMD110-P1533,1927,0.0,3.3,5.3,0.5,2.2,32.3,336.5,282.8,106.4,13.4,132.5,32.6,947.7,3.3,7.9,758.0,178.4,1533,,BARAN,
Rajasthan,Baran,IMD110-P1533,1928,3.7,10.2,0.0,0.0,2.6,21.6,365.9,129.8,24.5,105.5,0.3,4.0,668.0,13.9,2.6,541.8,109.8,1533,,BARAN,
Rajasthan,Baran,IMD110-P1533,1929,6.5,0.0,0.0,5.3,2.9,53.9,276.3,241.9,61.0,0.1,0.0,5.1,653.0,6.5,8.2,633.1,5.2,1533,,BARAN,
Rajasthan,Baran,IMD110-P1533,1930,4.5,1.0,0.0,0.0,15.3,44.8,383.3,229.7,61.7,58.5,0.0,0.0,798.8,5.5,15.3,719.5,58.5,1533,,BARAN,
Rajasthan,Baran,IMD110-P1533,1931,0.0,2.0,0.1,0.0,8.3,10.0,426.1,527.8,131.0,66.9,0.9,0.9,1174.1,2.0,8.5,1094.9,68.7,1533,,BARAN,
Rajasthan,Baran,IMD110-P1533,1932,0.0,0.3,5.4,4.0,2.6,8.5,316.9,280.3,257.5,0.5,0.0,0.0,876.0,0.3,12.0,863.2,0.5,1533,,BARAN,
Rajasthan,Baran,IMD110-P1533,1933,0.0,1.4,0.9,26.5,21.6,462.5,239.9,338.2,304.6,19.0,50.5,3.9,1469.0,1.4,49.0,1345.2,73.4,1533,,BARAN,
Rajasthan,Baran,IMD110-P1533,1934,3.8,0.0,8.7,0.4,0.0,146.5,202.8,533.6,197.6,0.0,1.4,7.5,1102.4,3.8,9.1,1080.5,8.9,1534,,BARAN,
Rajasthan,Baran,IMD110-P1533,1935,7.6,6.5,0.0,6.2,1.2,49.7,418.6,222.5,246.2,18.2,0.0,19.6,996.4,14.0,7.4,937.0,37.9,1534,,BARAN,
Rajasthan,Baran,IMD110-P1533,1936,5.1,4.6,7.1,2.6,7.3,163.4,222.6,226.8,108.6,0.0,49.3,2.0,799.5,9.7,17.1,721.4,51.2,1534,,BARAN,
Rajasthan,Baran,IMD110-P1533,1937,0.0,10.3,0.3,1.7,3.5,127.7,375.4,230.4,109.5,3.1,0.9,17.8,880.5,10.3,5.5,843.0,21.8,1534,,BARAN,
Rajasthan,Baran,IMD110-P1533,1938,12.6,0.0,0.5,0.3,12.9,251.1,270.0,195.3,9.8,32.7,0.0,0.0,785.4,12.6,13.8,726.2,32.7,1534,,BARAN,
Rajasthan,Baran,IMD110-P1533,1939,5.1,5.2,2.9,0.0,0.3,74.0,287.7,128.7,137.2,0.0,0.0,0.0,641.2,10.3,3.2,627.7,0.0,1534,,BARAN,
Rajasthan,Baran,IMD110-P1533,1940,21.3,1.6,15.4,0.5,20.7,57.0,244.6,295.9,62.1,2.7,4.2,1.8,727.7,22.9,36.6,659.6,8.6,1534,,BARAN,
Rajasthan,Baran,IMD110-P1533,1941,42.0,23.1,1.6,0.0,3.2,24.8,75.6,172.6,135.7,1.0,0.0,0.0,479.5,65.1,4.8,408.7,1.0,1534,,BARAN,
Rajasthan,Baran,IMD110-P1533,1942,30.3,9.8,0.0,0.8,1.5,55.0,833.0,408.8,63.9,0.0,0.0,4.0,1407.0,40.1,2.3,1360.6,4.0,1534,,BARAN,
Rajasthan,Baran,IMD110-P1533,1943,25.4,0.0,0.0,2.4,8.6,70.8,415.8,183.6,141.8,1.1,0.0,0.0,849.6,25.4,11.0,812.0,1.1,1534,,BARAN,
Rajasthan,Baran,IMD110-P1533,1944,25.5,8.6,24.6,8.6,0.2,75.8,376.6,448.4,31.3,0.9,6.3,0.4,1007.3,34.1,33.4,932.2,7.6,1534,,BARAN,
Rajasthan,Baran,IMD110-P1533,1945,11.7,0.0,0.0,2.8,11.8,196.3,451.8,326.7,163.3,12.5,0.0,0.0,1176.9,11.7,14.7,1138.1,12.5,1534,,BARAN,
Rajasthan,Baran,IMD110-P1533,1946,0.0,16.4,0.0,0.0,1.7,159.7,439.9,695.0,140.5,1.6,56.6,47.0,1558.4,16.4,1.7,1435.1,105.2,1534,,BARAN,
Rajasthan,Baran,IMD110-P1533,1947,7.6,0.5,0.4,0.6,1.0,28.7,194.7,414.2,452.6,12.0,0.0,22.5,1134.8,8.1,2.0,1090.1,34.5,1534,,BARAN,
Rajasthan,Baran,IMD110-P1533,1948,29.5,1.2,0.0,0.4,0.8,36.2,377.2,548.4,267.5,14.8,19.1,0.0,1295.0,30.7,1.1,1229.2,33.9,1534,,BARAN,
Rajasthan,Baran,IMD110-P1533,1949,0.0,0.0,0.0,0.0,1.3,41.6,366.4,115.5,159.7,6.9,0.9,0.0,692.2,0.0,1.3,683.1,7.8,1534,,BARAN,
Rajasthan,Baran,IMD110-P1533,1950,0.9,0.0,4.0,0.0,0.0,4.2,268.4,254.3,107.3,0.0,0.0,7.5,646.7,0.9,4.0,634.3,7.5,1534,,BARAN,
Rajasthan,Baran,IMD110-P1533,1951,3.4,0.0,0.6,0.0,0.8,55.5,120.6,205.8,51.8,2.1,13.6,0.0,454.1,3.4,1.3,433.7,15.7,1534,,BARAN,
Rajasthan,Baran,IMD110-P1533,1952,0.5,0.1,0.0,0.7,0.2,202.7,250.1,376.7,8.4,0.0,0.0,20.3,859.7,0.7,0.9,837.9,20.3,1534,,BARAN,
Rajasthan,Baran,IMD110-P1533,1953,23.8,0.0,0.0,1.0,0.0,54.2,208.1,216.0,44.3,0.0,0.0,0.0,547.4,23.8,1.0,522.5,0.0,1534,,BARAN,
Rajasthan,Baran,IMD110-P1533,1954,0.9,14.5,6.3,0.0,0.0,30.6,257.3,84.1,265.7,24.1,0.0,0.0,683.5,15.3,6.3,637.8,24.1,1534,,BARAN,
Rajasthan,Baran,IMD110-P1533,1955,14.2,0.0,2.1,0.0,0.0,87.2,122.8,488.8,197.5,19.1,0.0,0.0,931.8,14.2,2.1,896.3,19.1,1534,,BARAN,
Rajasthan,Baran,IMD110-P1533,1956,13.6,2.8,3.5,0.0,0.7,29.9,572.3,335.1,70.4,166.6,0.0,0.9,1195.7,16.4,4.2,1007.7,167.5,1534,,BARAN,
Rajasthan,Baran,IMD110-P1533,1957,14.4,0.0,7.5,0.0,4.9,29.0,418.2,382.0,125.9,8.2,0.0,1.3,991.5,14.4,12.4,955.2,9.5,1534,,BARAN,
Rajasthan,Baran,IMD110-P1533,1958,5.8,0.0,0.9,1.1,0.0,73.7,368.5,173.3,223.4,9.0,0.0,0.6,856.3,5.8,2.0,838.9,9.6,1534,,BARAN,
Rajasthan,Baran,IMD110-P1533,1959,20.7,0.3,0.0,8.9,81.2,44.4,272.0,371.2,147.4,23.4,9.2,1.1,979.8,21.0,90.1,835.0,33.7,1534,,BARAN,
Rajasthan,Baran,IMD110-P1533,1960,2.2,0.0,11.3,0.0,2.6,87.3,198.1,605.8,21.0,14.2,0.0,0.0,942.7,2.2,13.9,912.3,14.2,1534,,BARAN,
Rajasthan,Baran,IMD110-P1533,1961,29.3,0.0,0.0,1.4,3.8,20.3,413.0,290.9,421.8,50.9,16.2,2.1,1249.8,29.3,5.2,1146.0,69.2,1534,,BARAN,
Rajasthan,Baran,IMD110-P1533,1962,0.0,0.0,1.9,1.3,0.0,5.2,381.6,236.5,220.6,0.0,1.1,0.0,848.3,0.0,3.2,843.9,1.1,1534,,BARAN,
Rajasthan,Baran,IMD110-P1533,1963,0.6,0.0,0.6,2.8,1.7,36.3,165.0,318.5,83.0,0.0,37.0,0.0,645.3,0.6,5.1,602.7,37.0,1534,,BARAN,
Rajasthan,Baran,IMD110-P1533,1964,0.0,0.0,0.0,0.0,10.3,37.5,246.5,354.0,92.0,0.0,0.0,4.5,744.8,0.0,10.3,730.0,4.5,1534,,BARAN,
Rajasthan,Baran,IMD110-P1533,1965,0.6,0.0,1.3,0.1,0.0,4.4,218.7,63.5,108.6,1.8,0.0,0.0,398.9,0.6,1.4,395.1,1.8,1534,,BARAN,
Rajasthan,Baran,IMD110-P1533,1966,0.0,0.0,0.0,0.0,0.0,91.1,232.9,226.8,25.1,0.0,3.9,0.0,579.9,0.0,0.0,575.9,3.9,1534,,BARAN,
Rajasthan,Baran,IMD110-P1533,1967,0.0,0.0,34.9,0.0,0.0,108.5,123.0,442.0,287.6,0.0,0.0,38.7,1034.7,0.0,34.9,961.1,38.7,1534,,BARAN,
Rajasthan,Baran,IMD110-P1533,1968,3.4,0.0,4.2,0.0,0.3,9.2,395.4,232.9,16.0,11.9,0.0,1.5,674.7,3.4,4.4,653.5,13.4,1535,,BARAN,
Rajasthan,Baran,IMD110-P1533,1969,5.9,0.0,0.0,0.0,0.0,13.9,374.6,352.9,87.9,0.0,0.0,0.0,835.2,5.9,0.0,829.3,0.0,1535,,BARAN,
Rajasthan,Baran,IMD110-P1533,1970,41.6,5.1,1.8,0.0,2.4,90.2,256.4,350.0,176.4,4.9,0.0,0.0,928.7,46.7,4.2,872.9,4.9,1535,,BARAN,
Rajasthan,Baran,IMD110-P1533,1971,1.8,2.5,0.0,4.1,17.6,242.4,617.5,236.0,151.5,20.7,0.8,0.0,1295.1,4.3,21.8,1247.5,21.5,1535,,BARAN,
Rajasthan,Baran,IMD110-P1533,1972,0.0,6.0,0.4,0.0,0.7,47.2,60.6,315.2,35.0,3.9,8.6,0.0,477.6,6.0,1.0,458.0,12.5,1535,,BARAN,
Rajasthan,Baran,IMD110-P1533,1973,0.1,0.0,0.0,0.0,2.9,41.8,482.4,309.4,159.6,17.6,0.0,10.5,1024.3,0.1,2.9,993.2,28.0,1535,,BARAN,
Rajasthan,Baran,IMD110-P1533,1974,0.0,0.0,0.1,0.0,13.8,22.2,493.8,235.7,32.6,131.3,0.0,4.5,934.0,0.0,13.9,784.3,135.8,1535,,BARAN,
Rajasthan,Baran,IMD110-P1533,1975,0.0,1.1,0.0,0.0,1.1,115.2,354.4,562.9,201.3,76.8,0.0,0.0,1312.8,1.1,1.1,1233.8,76.8,1535,,BARAN,
Rajasthan,Baran,IMD110-P1533,1976,9.3,0.0,0.2,1.9,10.8,167.8,262.0,223.1,190.6,0.0,28.3,0.0,893.8,9.3,12.8,843.5,28.3,1535,,BARAN,
Rajasthan,Baran,IMD110-P1533,1977,0.5,4.7,1.1,0.3,10.2,58.6,,,148.6,0.0,18.9,0.2,,5.2,11.7,,19.1,1535,missing_months,BARAN,
Rajasthan,Baran,IMD110-P1533,1978,0.0,5.8,2.3,1.6,0.0,155.6,259.9,333.6,66.1,0.6,9.1,19.7,854.2,5.8,3.9,815.1,29.4,1535,,BARAN,
Rajasthan,Baran,IMD110-P1533,1979,17.3,18.8,5.5,0.1,9.5,77.3,198.6,138.6,3.4,1.1,136.8,2.2,609.2,36.1,15.0,417.9,140.1,1535,,BARAN,
Rajasthan,Baran,IMD110-P1533,1980,1.8,0.4,0.0,0.0,0.8,153.5,199.6,302.6,10.7,0.4,0.0,15.4,685.2,2.2,0.8,666.4,15.7,1535,,BARAN,
Rajasthan,Baran,IMD110-P1533,1981,1.1,0.0,2.8,0.3,0.7,70.7,383.9,224.1,92.7,22.1,45.1,0.9,844.4,1.1,3.8,771.5,68.1,1535,,BARAN,
Rajasthan,Baran,IMD110-P1533,1982,24.5,2.3,0.3,10.9,5.8,26.3,240.4,725.6,37.5,6.2,57.9,4.2,1141.8,26.9,17.0,1029.8,68.2,1535,,BARAN,
Rajasthan,Baran,IMD110-P1533,1983,0.5,2.0,0.0,18.4,11.2,33.5,206.4,273.0,211.4,35.6,0.0,0.0,792.1,2.5,29.7,724.4,35.6,1535,,BARAN,
Rajasthan,Baran,IMD110-P1533,1984,6.3,0.0,0.0,0.0,0.0,78.6,84.2,364.1,209.9,0.0,0.0,0.0,743.1,6.3,0.0,736.8,0.0,1535,,BARAN,
Rajasthan,Baran,IMD110-P1533,1985,0.0,0.0,0.0,0.6,7.8,20.2,145.9,382.5,91.9,153.7,0.0,2.6,805.3,0.0,8.4,640.6,156.4,1535,,BARAN,
Rajasthan,Baran,IMD110-P1533,1986,10.8,42.0,2.3,0.0,2.1,62.9,700.0,221.4,19.1,2.6,0.0,0.9,1064.1,52.8,4.4,1003.4,3.5,1535,,BARAN,
Rajasthan,Baran,IMD110-P1533,1987,19.7,5.3,0.0,0.0,6.1,43.1,128.8,386.1,121.4,162.8,0.0,21.4,894.7,25.0,6.1,679.3,184.2,1535,,BARAN,
Rajasthan,Baran,IMD110-P1533,1988,2.5,0.0,0.6,0.4,1.9,224.7,273.3,211.0,72.2,26.6,0.0,0.0,813.2,2.5,2.9,781.2,26.6,1535,,BARAN,
Rajasthan,Baran,IMD110-P1533,1989,9.4,0.0,9.3,0.0,2.0,117.1,118.8,281.4,47.6,0.0,0.0,2.7,588.2,9.4,11.3,564.8,2.7,1535,,BARAN,
Rajasthan,Baran,IMD110-P1533,1990,0.0,11.3,0.2,0.0,42.5,103.1,260.8,242.0,242.2,7.7,0.7,0.0,910.5,11.3,42.8,848.1,8.4,1535,,BARAN,
Rajasthan,Baran,IMD110-P1533,1991,0.3,7.7,2.3,9.0,2.6,27.4,500.3,391.6,21.4,0.0,6.6,0.6,969.8,7.9,13.9,940.8,7.2,1535,,BARAN,
Rajasthan,Baran,IMD110-P1533,1992,0.0,0.0,0.0,0.0,15.8,10.3,214.0,274.4,90.4,118.7,8.3,4.5,736.4,0.0,15.8,589.2,131.4,1535,,BARAN,
Rajasthan,Baran,IMD110-P1533,1993,0.0,6.6,9.5,0.4,3.2,150.8,199.2,152.4,320.5,5.7,0.0,0.0,848.2,6.6,13.1,822.9,5.7,1535,,BARAN,
Rajasthan,Baran,IMD110-P1533,1994,14.8,3.2,0.0,3.9,1.3,123.3,488.2,337.2,107.2,0.0,0.0,0.0,1079.0,18.0,5.2,1055.9,0.0,1535,,BARAN,
Rajasthan,Baran,IMD110-P1533,1995,19.6,1.0,23.2,0.0,0.0,9.5,342.2,417.0,90.3,0.4,0.0,16.0,919.2,20.6,23.2,859.0,16.4,1535,,BARAN,
Rajasthan,Baran,IMD110-P1533,1996,7.5,3.3,1.5,0.0,5.0,18.6,213.9,399.7,105.2,40.8,0.0,0.0,795.5,10.8,6.5,737.5,40.8,1535,,BARAN,
Rajasthan,Baran,IMD110-P1533,1997,0.0,,,,,,,322.8,,,,,,,,,,1535,missing_months,BARAN,
Rajasthan,Baran,IMD110-P1533,1998,0.0,0.0,0.0,,,109.7,,,,14.1,1.3,0.0,,0.0,,,15.4,1535,missing_months,BARAN,
Rajasthan,Baran,IMD110-P1533,1999,2.5,17.5,0.0,0.0,,58.5,,,,,0.0,0.0,,20.0,,,,1535,missing_months,BARAN,
Rajasthan,Baran,IMD110-P1533,2000,0.0,0.0,,,,16.2,333.0,103.6,36.7,0.0,0.0,0.0,,0.0,,489.5,0.0,1535,missing_months,BARAN,
Rajasthan,Baran,IMD110-P1533,2001,0.0,0.0,0.0,1.1,27.0,118.1,477.0,221.8,1.5,26.0,0.0,0.0,872.3,0.0,28.1,818.3,26.0,1535,,BARAN,
Rajasthan,Baran,IMD110-P1533,2002,0.0,15.0,0.0,0.0,2.1,43.1,8.5,108.6,19.8,0.3,0.1,0.7,198.3,15.0,2.1,180.1,1.1,1536,,BARAN,
Rajasthan,Baran,IMD110-P1533,2003,0.9,25.3,0.0,0.0,4.1,86.9,172.3,265.5,155.0,0.0,0.0,4.8,714.7,26.1,4.1,679.7,4.8,1536,,BARAN,
Rajasthan,Baran,IMD110-P1533,2004,8.6,0.0,0.0,0.0,8.5,109.2,141.3,474.2,15.4,32.8,0.0,0.0,790.1,8.6,8.5,740.2,32.8,1536,,BARAN,
Rajasthan,Baran,IMD110-P1533,2005,0.3,0.0,8.2,1.3,0.2,43.6,408.0,89.3,182.8,0.0,0.0,0.0,733.6,0.3,9.7,723.6,0.0,1536,,BARAN,
Rajasthan,Baran,IMD110-P1533,2006,0.0,0.0,25.6,0.0,10.9,64.9,178.5,300.7,132.2,1.8,0.0,0.0,714.5,0.0,36.5,676.2,1.8,1536,,BARAN,
Rajasthan,Baran,IMD110-P1533,2007,0.0,12.1,0.0,0.0,1.2,125.4,240.3,167.4,97.9,0.0,0.0,0.1,644.3,12.1,1.2,631.0,0.1,1536,,BARAN,
Rajasthan,Baran,IMD110-P1533,2008,0.0,0.0,1.0,3.0,3.3,347.6,238.4,188.8,127.1,0.0,0.0,0.0,909.1,0.0,7.3,901.8,0.0,1536,,BARAN,
Rajasthan,Baran,IMD110-P1533,2009,0.0,0.0,0.0,0.0,3.8,25.4,220.2,199.9,106.8,31.8,23.6,6.8,618.4,0.0,3.8,552.3,62.3,1536,,BARAN,
Rajasthan,Baran,IMD110-P1533,2010,0.0,0.0,0.0,0.0,0.0,41.3,196.5,163.9,108.9,0.0,30.3,0.0,541.0,0.0,0.0,510.7,30.3,1536,,BARAN,
Rajasthan,Barmer,IMD110-P1537,1901,3.0,0.0,0.4,0.0,1.3,0.8,63.2,23.4,0.0,3.6,0.0,2.3,97.9,3.0,1.6,87.4,5.9,1537,,BARMER,
Rajasthan,Barmer,IMD110-P1537,1902,0.0,0.0,0.0,0.0,0.4,23.3,4.5,111.1,26.0,0.1,0.0,0.0,165.4,0.0,0.4,165.0,0.1,1537,,BARMER,
Rajasthan,Barmer,IMD110-P1537,1903,0.0,0.2,5.3,0.0,8.1,0.0,117.7,49.1,37.8,0.0,0.0,0.0,218.3,0.2,13.4,204.6,0.0,1537,,BARMER,
Rajasthan,Barmer,IMD110-P1537,1904,0.2,5.8,7.4,0.0,9.5,5.2,22.8,27.4,8.7,1.0,0.1,0.0,88.2,6.0,17.0,64.2,1.1,1537,,BARMER,
Rajasthan,Barmer,IMD110-P1537,1905,1.6,2.6,0.0,0.1,0.0,2.0,47.2,0.3,75.3,0.0,0.0,0.0,129.1,4.2,0.1,124.8,0.0,1537,,BARMER,
Rajasthan,Barmer,IMD110-P1537,1906,0.3,25.4,0.0,0.0,0.0,14.5,50.5,64.0,65.2,0.0,0.0,1.2,221.1,25.8,0.0,194.2,1.2,1537,,BARMER,
Rajasthan,Barmer,IMD110-P1537,1907,0.0,32.8,2.5,5.9,5.8,8.8,45.2,328.5,0.0,0.0,0.0,0.0,429.4,32.8,14.2,382.5,0.0,1537,,BARMER,
Rajasthan,Barmer,IMD110-P1537,1908,7.5,0.0,0.0,0.0,0.7,36.3,257.4,260.7,32.0,0.0,0.9,0.0,595.5,7.5,0.7,586.4,0.9,1537,,BARMER,
Rajasthan,Barmer,IMD110-P1537,1909,0.5,0.3,0.0,14.1,7.5,16.3,181.0,75.7,97.6,0.0,0.0,10.0,402.9,0.8,21.5,370.6,10.0,1537,,BARMER,
Rajasthan,Barmer,IMD110-P1537,1910,0.2,0.0,0.0,3.6,0.5,98.5,72.9,90.2,0.0,0.0,0.0,0.0,265.9,0.2,4.2,261.6,0.0,1537,,BARMER,
Rajasthan,Barmer,IMD110-P1537,1911,0.4,0.0,31.5,0.0,0.0,22.7,2.7,15.6,76.7,2.1,0.0,0.0,151.7,0.4,31.5,117.7,2.1,1537,,BARMER,
Rajasthan,Barmer,IMD110-P1537,1912,0.5,0.0,0.0,0.0,3.8,31.7,109.0,107.8,16.3,10.2,0.0,0.0,279.1,0.5,3.8,264.7,10.2,1537,,BARMER,
Rajasthan,Barmer,IMD110-P1537,1913,0.0,0.7,3.3,0.0,17.9,48.7,85.7,141.9,29.8,0.0,0.0,0.0,327.9,0.7,21.3,306.0,0.0,1537,,BARMER,
Rajasthan,Barmer,IMD110-P1537,1914,0.0,2.8,0.0,2.5,2.4,31.8,132.0,30.4,41.5,2.8,3.4,0.0,249.6,2.8,4.9,235.7,6.2,1537,,BARMER,
Rajasthan,Barmer,IMD110-P1537,1915,5.0,7.1,14.5,0.0,0.1,22.3,26.5,25.1,6.0,28.7,0.0,0.0,135.4,12.1,14.6,80.0,28.7,1537,,BARMER,
Rajasthan,Barmer,IMD110-P1537,1916,0.0,0.0,0.0,0.0,5.7,9.2,59.7,213.9,82.0,22.1,0.0,0.0,392.5,0.0,5.7,364.8,22.1,1537,,BARMER,
Rajasthan,Barmer,IMD110-P1537,1917,0.0,0.0,1.4,4.9,62.0,80.7,119.2,202.0,127.1,92.7,0.0,0.0,690.0,0.0,68.3,529.0,92.7,1537,,BARMER,
Rajasthan,Barmer,IMD110-P1537,1918,0.0,0.0,0.0,0.0,0.0,1.3,0.0,26.9,3.7,0.0,0.0,0.0,31.9,0.0,0.0,31.9,0.0,1537,,BARMER,
Rajasthan,Barmer,IMD110-P1537,1919,3.6,0.0,0.5,0.8,1.8,0.0,117.4,183.7,14.2,0.0,2.9,0.0,324.9,3.6,3.0,315.3,2.9,1537,,BARMER,
Rajasthan,Barmer,IMD110-P1537,1920,1.4,1.1,0.0,0.0,87.3,54.0,68.6,83.8,0.0,0.0,0.0,0.0,296.1,2.4,87.3,206.4,0.0,1537,,BARMER,
Rajasthan,Barmer,IMD110-P1537,1921,0.0,0.0,0.0,0.0,0.0,0.0,222.1,25.7,79.4,0.3,0.0,0.0,327.4,0.0,0.0,327.2,0.3,1537,,BARMER,
Rajasthan,Barmer,IMD110-P1537,1922,0.0,0.0,0.0,0.0,4.2,7.4,98.7,30.8,133.4,0.0,0.0,0.0,274.5,0.0,4.2,270.3,0.0,1537,,BARMER,
Rajasthan,Barmer,IMD110-P1537,1923,0.0,3.2,0.0,0.0,0.8,2.5,85.4,81.2,2.4,0.0,0.0,0.0,175.6,3.2,0.8,171.5,0.0,1537,,BARMER,
Rajasthan,Barmer,IMD110-P1537,1924,0.0,0.0,0.0,0.0,2.3,5.1,75.5,59.3,142.3,0.0,0.0,2.3,286.7,0.0,2.3,282.2,2.3,1537,,BARMER,
Rajasthan,Barmer,IMD110-P1537,1925,0.0,0.0,0.0,0.0,4.1,52.9,29.2,11.2,0.0,0.0,0.0,0.0,97.4,0.0,4.1,93.3,0.0,1537,,BARMER,
Rajasthan,Barmer,IMD110-P1537,1926,10.6,0.0,37.6,0.0,17.5,0.9,98.6,135.5,237.3,0.0,0.0,0.0,538.0,10.6,55.1,472.3,0.0,1537,,BARMER,
Rajasthan,Barmer,IMD110-P1537,1927,0.0,5.0,0.0,0.0,0.7,1.7,182.4,174.4,13.3,7.9,0.7,10.3,396.4,5.0,0.7,371.8,18.9,1537,,BARMER,
Rajasthan,Barmer,IMD110-P1537,1928,0.0,0.0,0.0,0.0,0.0,2.7,55.3,71.3,31.6,22.6,1.7,0.0,185.2,0.0,0.0,160.9,24.3,1537,,BARMER,
Rajasthan,Barmer,IMD110-P1537,1929,0.1,0.0,0.0,0.7,4.8,4.7,212.6,103.5,0.0,0.0,0.0,1.2,327.6,0.1,5.5,320.9,1.2,1537,,BARMER,
Rajasthan,Barmer,IMD110-P1537,1930,0.0,0.0,0.0,0.4,5.1,15.8,48.0,5.8,3.7,0.0,0.0,0.0,78.9,0.0,5.6,73.3,0.0,1537,,BARMER,
Rajasthan,Barmer,IMD110-P1537,1931,0.0,0.3,0.0,0.0,8.1,7.0,36.5,483.8,9.5,6.0,0.0,0.0,551.2,0.3,8.1,536.8,6.0,1537,,BARMER,
Rajasthan,Barmer,IMD110-P1537,1932,0.0,0.0,7.0,0.0,9.8,11.5,149.4,152.4,7.9,0.0,0.0,0.0,338.0,0.0,16.8,321.2,0.0,1537,,BARMER,
Rajasthan,Barmer,IMD110-P1537,1933,0.0,0.7,1.7,11.0,7.8,50.7,23.1,133.6,24.8,0.3,0.0,0.0,253.7,0.7,20.5,232.2,0.3,1537,,BARMER,
Rajasthan,Barmer,IMD110-P1537,1934,0.0,0.0,0.2,0.7,0.0,38.2,47.0,215.6,9.3,0.0,0.0,0.0,311.0,0.0,0.8,310.1,0.0,1537,,BARMER,
Rajasthan,Barmer,IMD110-P1537,1935,8.2,1.8,0.3,8.3,0.1,0.1,134.3,36.5,70.1,2.5,0.0,0.0,262.3,10.0,8.7,241.1,2.5,1537,,BARMER,
Rajasthan,Barmer,IMD110-P1537,1936,0.0,0.0,0.8,0.0,0.3,33.6,35.7,30.1,59.4,0.0,11.7,0.0,171.5,0.0,1.1,158.7,11.7,1537,,BARMER,
Rajasthan,Barmer,IMD110-P1537,1937,0.0,4.1,0.0,0.0,1.0,19.5,112.6,0.0,45.4,1.3,0.0,12.1,196.0,4.1,1.0,177.6,13.3,1537,,BARMER,
Rajasthan,Barmer,IMD110-P1537,1938,0.0,0.0,0.0,0.2,19.8,38.2,115.8,46.1,0.0,0.4,0.0,0.0,220.6,0.0,20.0,200.1,0.4,1537,,BARMER,
Rajasthan,Barmer,IMD110-P1537,1939,0.0,46.4,1.2,0.1,0.0,0.0,4.7,85.9,6.1,0.0,0.0,0.0,144.4,46.4,1.3,96.7,0.0,1537,,BARMER,
Rajasthan,Barmer,IMD110-P1537,1940,14.3,6.0,7.9,1.4,1.8,22.5,44.0,136.5,0.0,0.9,0.0,0.0,235.3,20.3,11.2,203.0,0.9,1537,,BARMER,
Rajasthan,Barmer,IMD110-P1537,1941,0.0,0.0,0.4,0.0,0.6,0.7,124.7,159.3,5.8,0.0,0.0,1.9,293.4,0.0,1.0,290.5,1.9,1538,,BARMER,
Rajasthan,Barmer,IMD110-P1537,1942,0.0,12.7,0.0,9.1,12.6,9.7,52.0,59.1,26.3,0.0,0.0,5.4,187.0,12.7,21.7,147.1,5.4,1538,,BARMER,
Rajasthan,Barmer,IMD110-P1537,1943,0.0,0.0,0.0,0.9,0.0,22.4,182.2,10.9,44.5,0.0,0.0,1.4,262.5,0.0,0.9,260.1,1.4,1538,,BARMER,
Rajasthan,Barmer,IMD110-P1537,1944,3.6,0.4,6.7,0.0,1.0,0.6,185.1,565.3,5.2,0.0,0.0,0.1,767.9,4.0,7.7,756.2,0.1,1538,,BARMER,
Rajasthan,Barmer,IMD110-P1537,1945,37.6,0.0,0.0,3.8,24.3,29.8,162.7,35.3,9.3,0.0,0.0,0.0,302.9,37.6,28.1,237.2,0.0,1538,,BARMER,
Rajasthan,Barmer,IMD110-P1537,1946,0.0,2.9,0.0,0.0,0.0,38.0,29.0,106.7,4.4,0.0,0.0,0.0,181.0,2.9,0.0,178.1,0.0,1538,,BARMER,
Rajasthan,Barmer,IMD110-P1537,1947,0.0,0.6,1.4,0.0,0.2,0.0,0.7,195.3,30.7,1.3,0.0,0.0,230.2,0.6,1.6,226.7,1.3,1538,,BARMER,
Rajasthan,Barmer,IMD110-P1537,1948,14.0,7.3,1.4,0.1,0.0,2.3,116.2,31.3,17.2,0.3,0.0,0.0,190.0,21.3,1.5,166.9,0.3,1538,,BARMER,
Rajasthan,Barmer,IMD110-P1537,1949,0.1,0.7,0.0,0.0,0.0,32.0,94.4,55.1,9.1,0.0,0.0,0.0,191.4,0.8,0.0,190.5,0.0,1538,,BARMER,
Rajasthan,Barmer,IMD110-P1537,1950,0.0,0.0,0.0,0.0,0.0,0.0,85.9,20.4,56.0,0.0,0.0,0.0,162.3,0.0,0.0,162.3,0.0,1538,,BARMER,
Rajasthan,Barmer,IMD110-P1537,1951,0.0,0.0,0.0,0.0,19.2,43.3,46.6,71.3,0.0,0.0,1.7,0.0,182.3,0.0,19.3,161.3,1.7,1538,,BARMER,
Rajasthan,Barmer,IMD110-P1537,1952,0.0,0.2,0.0,0.0,0.0,16.7,179.4,82.6,1.2,1.0,1.6,0.0,282.8,0.2,0.0,280.0,2.6,1538,,BARMER,
Rajasthan,Barmer,IMD110-P1537,1953,1.9,0.0,0.0,0.0,3.8,7.4,46.0,189.6,12.5,0.0,0.0,0.1,261.3,1.9,3.8,255.4,0.1,1538,,BARMER,
Rajasthan,Barmer,IMD110-P1537,1954,0.7,0.0,0.0,0.0,0.0,13.6,53.1,40.3,62.7,2.5,2.2,0.0,175.2,0.7,0.0,169.8,4.7,1538,,BARMER,
Rajasthan,Barmer,IMD110-P1537,1955,0.1,0.3,0.5,0.0,2.0,5.2,7.4,199.7,111.9,0.0,0.0,0.0,327.2,0.4,2.5,324.2,0.0,1538,,BARMER,
Rajasthan,Barmer,IMD110-P1537,1956,0.1,0.0,0.0,0.0,0.0,33.1,162.4,66.7,24.5,16.0,0.0,1.3,304.1,0.1,0.0,286.7,17.3,1538,,BARMER,
Rajasthan,Barmer,IMD110-P1537,1957,5.5,0.0,0.3,0.0,23.3,11.7,23.7,124.6,1.2,0.0,1.8,0.0,192.1,5.5,23.6,161.1,1.8,1538,,BARMER,
Rajasthan,Barmer,IMD110-P1537,1958,0.9,0.0,0.0,0.1,0.9,11.1,38.1,7.5,82.8,3.6,22.3,1.8,169.1,0.9,1.0,139.5,27.7,1538,,BARMER,
Rajasthan,Barmer,IMD110-P1537,1959,0.1,0.6,0.0,5.5,0.6,7.1,166.3,80.6,123.2,2.3,0.6,0.0,386.8,0.7,6.1,377.1,2.8,1538,,BARMER,
Rajasthan,Barmer,IMD110-P1537,1960,0.0,0.0,3.4,0.2,0.0,27.6,106.2,72.6,2.1,0.0,0.0,1.7,213.7,0.0,3.6,208.5,1.7,1538,,BARMER,
Rajasthan,Barmer,IMD110-P1537,1961,0.2,16.9,0.0,8.7,4.4,179.3,83.1,59.1,189.7,2.5,0.0,0.0,543.9,17.1,13.1,511.3,2.5,1538,,BARMER,
Rajasthan,Barmer,IMD110-P1537,1962,0.0,0.0,0.6,0.0,0.0,1.2,59.8,87.3,19.4,0.0,0.0,0.0,168.4,0.0,0.6,167.8,0.0,1538,,BARMER,
Rajasthan,Barmer,IMD110-P1537,1963,0.0,0.0,4.0,1.8,1.0,0.0,18.0,71.0,39.5,18.1,15.4,0.0,168.8,0.0,6.9,128.5,33.4,1538,,BARMER,
Rajasthan,Barmer,IMD110-P1537,1964,0.0,0.0,0.0,0.0,11.3,37.1,108.6,120.6,9.3,0.0,0.0,0.0,287.1,0.0,11.3,275.7,0.0,1538,,BARMER,
Rajasthan,Barmer,IMD110-P1537,1965,3.2,0.0,2.4,0.0,3.6,0.0,134.7,53.4,10.4,0.0,0.0,0.0,207.6,3.2,6.0,198.5,0.0,1538,,BARMER,
Rajasthan,Barmer,IMD110-P1537,1966,0.0,1.3,0.0,0.0,0.0,31.2,31.1,29.6,19.1,0.2,0.0,0.0,112.6,1.3,0.0,111.1,0.2,1538,,BARMER,
Rajasthan,Barmer,IMD110-P1537,1967,0.0,0.0,88.9,1.5,0.0,5.7,87.8,62.0,56.6,0.0,0.4,6.7,309.5,0.0,90.4,212.0,7.1,1538,,BARMER,
Rajasthan,Barmer,IMD110-P1537,1968,0.0,0.8,3.3,0.0,6.4,0.0,31.5,8.3,1.1,0.0,0.0,0.0,51.5,0.8,9.7,41.0,0.0,1538,,BARMER,
Rajasthan,Barmer,IMD110-P1537,1969,0.3,1.4,0.0,0.0,0.0,1.8,25.0,15.9,0.1,0.0,0.0,0.0,44.6,1.7,0.0,42.9,0.0,1538,,BARMER,
Rajasthan,Barmer,IMD110-P1537,1970,0.0,0.2,3.9,0.0,0.2,30.6,47.6,91.2,71.2,0.0,0.0,0.0,245.0,0.2,4.1,240.6,0.0,1538,,BARMER,
Rajasthan,Barmer,IMD110-P1537,1971,2.0,0.0,0.0,0.0,7.3,46.6,112.7,15.1,12.5,0.0,0.0,0.0,196.2,2.0,7.3,186.9,0.0,1538,,BARMER,
Rajasthan,Barmer,IMD110-P1537,1972,0.0,0.1,0.0,0.0,0.2,33.9,46.6,93.2,0.0,0.0,0.0,0.0,174.0,0.1,0.2,173.7,0.0,1538,,BARMER,
Rajasthan,Barmer,IMD110-P1537,1973,0.0,0.0,0.0,0.0,0.0,28.0,52.0,420.8,36.7,1.0,0.0,0.0,538.6,0.0,0.0,537.6,1.0,1538,,BARMER,
Rajasthan,Barmer,IMD110-P1537,1974,0.0,0.0,0.0,1.7,42.5,9.2,7.7,16.7,6.3,8.3,0.0,0.8,93.3,0.0,44.2,40.0,9.1,1538,,BARMER,
Rajasthan,Barmer,IMD110-P1537,1975,0.0,0.0,0.0,0.0,0.4,53.3,168.4,134.8,136.5,48.5,0.0,0.0,542.0,0.0,0.4,493.0,48.5,1538,,BARMER,
Rajasthan,Barmer,IMD110-P1537,1976,4.3,9.2,0.0,0.0,0.4,9.1,126.2,107.5,83.4,0.0,41.2,0.0,381.3,13.6,0.4,326.2,41.2,1538,,BARMER,
Rajasthan,Barmer,IMD110-P1537,1977,0.6,2.3,0.0,1.8,7.4,66.3,72.1,31.5,23.1,0.0,0.0,0.0,205.0,2.8,9.2,193.0,0.0,1538,,BARMER,
Rajasthan,Barmer,IMD110-P1537,1978,0.0,5.3,1.1,4.3,0.0,43.3,116.1,60.7,23.5,0.8,37.2,0.0,292.3,5.3,5.5,243.6,38.0,1538,,BARMER,
Rajasthan,Barmer,IMD110-P1537,1979,0.0,13.7,0.0,0.2,54.3,43.4,65.3,113.3,7.6,7.5,0.7,0.0,306.0,13.7,54.5,229.7,8.2,1538,,BARMER,
Rajasthan,Barmer,IMD110-P1537,1980,0.0,0.0,0.0,1.1,8.0,40.8,101.0,7.3,9.8,0.4,0.6,7.7,176.8,0.0,9.2,158.9,8.7,1538,,BARMER,
Rajasthan,Barmer,IMD110-P1537,1981,4.3,0.0,3.2,0.0,6.1,21.4,53.9,46.6,37.9,0.0,28.4,0.0,201.7,4.3,9.3,159.8,28.4,1538,,BARMER,
Rajasthan,Barmer,IMD110-P1537,1982,6.3,0.1,3.2,32.3,54.6,5.8,85.6,57.0,3.8,5.0,0.0,0.1,253.9,6.3,90.2,152.2,5.1,1539,,BARMER,
Rajasthan,Barmer,IMD110-P1537,1983,0.0,0.0,0.0,9.8,21.0,7.1,106.5,88.3,49.2,26.2,0.0,0.0,308.1,0.0,30.8,251.2,26.2,1539,,BARMER,
Rajasthan,Barmer,IMD110-P1537,1984,0.0,0.0,0.0,4.5,0.0,4.0,53.9,105.1,38.4,0.0,0.0,0.0,205.9,0.0,4.5,201.4,0.0,1539,,BARMER,
Rajasthan,Barmer,IMD110-P1537,1985,0.0,0.0,0.0,9.4,1.6,2.9,102.9,59.4,1.2,0.0,0.0,0.0,177.4,0.0,11.0,166.4,0.0,1539,,BARMER,
Rajasthan,Barmer,IMD110-P1537,1986,0.0,0.5,0.0,0.0,34.6,0.0,83.6,36.2,0.0,2.3,0.0,0.0,157.3,0.5,34.7,119.8,2.3,1539,,BARMER,
Rajasthan,Barmer,IMD110-P1537,1987,0.5,0.0,0.8,0.0,24.7,18.4,29.2,7.2,0.0,0.0,0.0,2.3,83.1,0.5,25.6,54.8,2.3,1539,,BARMER,
Rajasthan,Barmer,IMD110-P1537,1988,0.0,0.0,0.0,10.2,0.0,4.1,99.3,75.7,5.0,0.0,0.0,0.0,194.4,0.0,10.2,184.1,0.0,1539,,BARMER,
Rajasthan,Barmer,IMD110-P1537,1989,4.6,0.0,0.3,0.0,0.3,30.1,65.5,132.7,19.1,0.2,0.0,0.0,252.8,4.6,0.7,247.4,0.2,1539,,BARMER,
Rajasthan,Barmer,IMD110-P1537,1990,0.0,10.3,0.0,0.0,8.5,20.6,245.0,387.0,46.6,0.0,0.0,0.9,718.9,10.3,8.5,699.2,0.9,1539,,BARMER,
Rajasthan,Barmer,IMD110-P1537,1991,0.1,0.1,0.0,2.9,0.0,1.4,68.7,38.4,13.4,0.0,0.0,0.1,125.0,0.1,2.9,121.8,0.1,1539,,BARMER,
Rajasthan,Barmer,IMD110-P1537,1992,13.8,4.3,0.0,0.0,6.5,0.9,114.6,98.5,205.6,9.0,0.3,0.0,453.4,18.1,6.5,419.6,9.2,1539,,BARMER,
Rajasthan,Barmer,IMD110-P1537,1993,1.0,3.0,0.0,14.0,0.9,12.8,290.9,0.0,52.6,2.6,0.0,0.1,377.9,4.1,14.9,356.3,2.7,1539,,BARMER,
Rajasthan,Barmer,IMD110-P1537,1994,3.9,0.0,0.0,5.6,3.5,27.7,189.9,143.6,120.4,0.0,0.0,0.0,494.6,3.9,9.1,481.7,0.0,1539,,BARMER,
Rajasthan,Barmer,IMD110-P1537,1995,0.4,0.0,1.1,0.0,0.0,9.3,234.1,56.5,5.2,12.8,0.0,0.0,319.4,0.4,1.1,305.1,12.8,1539,,BARMER,
Rajasthan,Barmer,IMD110-P1537,1996,0.0,0.0,,0.0,,123.8,20.5,41.0,18.6,,,,,0.0,,203.9,,1539,missing_months,BARMER,
Rajasthan,Barmer,IMD110-P1537,1997,4.7,0.0,4.4,7.0,6.7,101.2,38.2,119.3,23.3,37.8,8.8,0.0,351.2,4.7,18.1,281.9,46.5,1539,,BARMER,
Rajasthan,Barmer,IMD110-P1537,1998,0.0,5.4,3.4,26.6,0.0,130.2,3.4,42.6,69.4,49.7,0.0,0.0,330.7,5.4,30.0,245.6,49.7,1539,,BARMER,
Rajasthan,Barmer,IMD110-P1537,1999,0.0,9.6,0.3,0.0,68.3,34.0,11.7,15.1,0.0,0.0,0.0,0.0,138.9,9.6,68.6,60.8,0.0,1539,,BARMER,
Rajasthan,Barmer,IMD110-P1537,2000,0.0,0.0,0.0,0.0,3.5,2.4,81.0,36.3,1.0,0.0,2.4,0.0,126.6,0.0,3.5,120.7,2.4,1539,,BARMER,
Rajasthan,Barmer,IMD110-P1537,2001,0.0,0.0,0.1,8.7,0.3,21.3,102.2,43.2,0.0,21.4,0.0,0.0,197.3,0.0,9.1,166.7,21.4,1539,,BARMER,
Rajasthan,Barmer,IMD110-P1537,2002,0.0,0.2,0.5,0.4,2.8,32.4,0.0,2.4,20.4,0.0,1.1,1.7,61.9,0.2,3.6,55.3,2.8,1539,,BARMER,
Rajasthan,Barmer,IMD110-P1537,2003,1.1,20.2,0.0,0.0,0.6,88.8,262.8,99.4,0.0,0.0,0.0,0.0,472.8,21.3,0.6,450.9,0.0,1539,,BARMER,
Rajasthan,Barmer,IMD110-P1537,2004,0.0,0.0,0.0,7.2,0.0,29.5,18.8,97.8,9.1,29.6,0.0,0.0,192.0,0.0,7.2,155.2,29.6,1539,,BARMER,
Rajasthan,Barmer,IMD110-P1537,2005,0.0,0.3,0.0,4.9,14.6,16.6,37.3,39.1,55.0,0.0,0.0,0.0,167.9,0.3,19.5,148.0,0.0,1539,,BARMER,
Rajasthan,Barmer,IMD110-P1537,2006,0.0,0.0,20.3,8.9,2.2,33.6,28.2,444.9,60.7,1.2,0.0,0.0,600.0,0.0,31.4,567.3,1.2,1539,,BARMER,
Rajasthan,Barmer,IMD110-P1537,2007,0.0,19.5,11.8,0.3,4.6,18.5,80.1,64.3,48.0,0.0,0.0,3.9,251.0,19.5,16.7,210.9,3.9,1539,,BARMER,
Rajasthan,Barmer,IMD110-P1537,2008,0.0,0.0,1.3,14.0,2.4,28.4,72.1,145.8,3.8,0.0,0.0,10.7,278.5,0.0,17.7,250.1,10.7,1539,,BARMER,
Rajasthan,Barmer,IMD110-P1537,2009,0.0,0.0,7.5,0.7,0.4,29.8,118.8,32.2,7.2,0.0,0.0,0.0,196.6,0.0,8.7,188.0,0.0,1539,,BARMER,
Rajasthan,Barmer,IMD110-P1537,2010,2.3,0.0,0.0,0.0,0.0,21.4,167.0,185.1,106.0,0.3,36.1,0.0,518.3,2.3,0.0,479.6,36.4,1539,,BARMER,
Rajasthan,Bharatpur,IMD110-P1540,1901,31.0,27.3,0.0,0.0,5.8,20.9,163.4,149.8,22.0,43.3,0.0,0.9,464.4,58.2,5.8,356.1,44.3,1540,,BHARATPUR,
Rajasthan,Bharatpur,IMD110-P1540,1902,0.6,0.0,0.0,0.9,5.6,47.2,448.5,94.1,113.1,1.5,0.0,0.0,711.5,0.6,6.5,702.9,1.5,1540,,BHARATPUR,
Rajasthan,Bharatpur,IMD110-P1540,1903,1.0,0.3,1.5,0.1,7.8,24.0,144.0,239.4,83.7,115.7,0.0,0.0,617.4,1.3,9.3,491.0,115.7,1540,,BHARATPUR,
Rajasthan,Bharatpur,IMD110-P1540,1904,2.1,1.8,17.3,0.3,18.7,21.6,349.4,436.9,39.1,0.0,7.7,29.9,924.6,3.9,36.2,846.9,37.6,1540,,BHARATPUR,
Rajasthan,Bharatpur,IMD110-P1540,1905,14.8,19.2,2.4,1.6,0.4,25.9,120.3,25.4,65.2,0.0,0.0,0.8,276.1,34.0,4.5,236.8,0.8,1540,,BHARATPUR,
Rajasthan,Bharatpur,IMD110-P1540,1906,1.0,30.5,12.4,0.0,0.3,89.4,126.4,70.7,358.5,0.0,0.0,2.2,691.4,31.5,12.7,645.0,2.2,1540,,BHARATPUR,
Rajasthan,Bharatpur,IMD110-P1540,1907,16.9,47.7,14.5,17.2,6.1,12.2,109.6,210.0,0.0,0.0,0.0,0.0,434.2,64.6,37.8,331.9,0.0,1540,,BHARATPUR,
Rajasthan,Bharatpur,IMD110-P1540,1908,28.3,0.0,2.3,0.4,12.4,28.7,549.8,393.5,20.8,0.1,0.4,0.0,1036.5,28.3,15.0,992.8,0.4,1540,,BHARATPUR,
Rajasthan,Bharatpur,IMD110-P1540,1909,14.8,1.3,0.0,64.5,11.1,81.5,293.6,138.5,46.0,0.0,0.0,27.8,679.1,16.1,75.6,559.6,27.8,1540,,BHARATPUR,
Rajasthan,Bharatpur,IMD110-P1540,1910,18.8,2.4,0.0,2.1,4.3,104.3,92.8,173.6,323.0,167.6,0.1,0.0,888.9,21.1,6.4,693.6,167.8,1540,,BHARATPUR,
Rajasthan,Bharatpur,IMD110-P1540,1911,32.0,0.8,12.3,0.0,0.4,32.5,36.2,115.8,263.3,4.3,52.7,0.4,550.8,32.8,12.8,447.8,57.4,1540,,BHARATPUR,
Rajasthan,Bharatpur,IMD110-P1540,1912,19.2,1.1,6.8,1.4,0.6,20.9,265.2,216.9,150.9,0.0,2.4,0.9,686.2,20.3,8.8,653.9,3.3,1540,,BHARATPUR,
Rajasthan,Bharatpur,IMD110-P1540,1913,0.0,19.1,2.9,0.7,44.2,74.9,82.6,70.5,15.4,0.0,0.3,14.7,325.2,19.1,47.8,243.4,14.9,1540,,BHARATPUR,
Rajasthan,Bharatpur,IMD110-P1540,1914,0.0,1.8,1.4,17.6,16.6,91.9,252.3,134.3,178.2,24.1,0.0,0.0,718.0,1.8,35.6,656.6,24.1,1540,,BHARATPUR,
Rajasthan,Bharatpur,IMD110-P1540,1915,21.0,40.1,77.3,7.1,8.4,26.1,96.6,109.4,39.7,20.2,0.0,0.3,446.3,61.1,92.8,271.9,20.5,1540,,BHARATPUR,
Rajasthan,Bharatpur,IMD110-P1540,1916,0.0,13.6,0.0,0.0,1.8,43.1,277.0,342.5,94.1,44.9,0.0,0.0,817.0,13.6,1.8,756.6,44.9,1540,,BHARATPUR,
Rajasthan,Bharatpur,IMD110-P1540,1917,3.6,9.5,10.3,10.0,47.7,52.3,377.8,353.3,272.9,31.4,0.0,0.0,1169.0,13.2,68.0,1056.3,31.4,1540,,BHARATPUR,
Rajasthan,Bharatpur,IMD110-P1540,1918,11.8,0.0,3.2,1.7,1.5,32.9,31.5,118.0,14.6,0.3,0.2,0.0,215.9,11.8,6.5,197.1,0.4,1540,,BHARATPUR,
Rajasthan,Bharatpur,IMD110-P1540,1919,19.9,0.2,0.5,8.9,17.4,9.0,315.3,419.0,75.3,0.0,6.2,6.9,878.7,20.2,26.8,818.6,13.1,1540,,BHARATPUR,
Rajasthan,Bharatpur,IMD110-P1540,1920,7.4,18.3,0.3,0.0,21.0,116.4,219.3,66.6,21.5,0.0,0.0,0.0,470.8,25.6,21.4,423.8,0.0,1540,,BHARATPUR,
Rajasthan,Bharatpur,IMD110-P1540,1921,51.8,0.0,0.0,0.6,0.0,16.9,114.7,165.6,223.2,0.0,0.0,0.1,572.8,51.8,0.6,520.3,0.1,1540,,BHARATPUR,
Rajasthan,Bharatpur,IMD110-P1540,1922,10.8,0.7,0.0,0.3,0.5,72.9,229.6,319.8,156.1,1.3,0.0,25.4,817.4,11.6,0.8,778.4,26.7,1540,,BHARATPUR,
Rajasthan,Bharatpur,IMD110-P1540,1923,0.0,14.6,0.0,0.0,8.9,18.1,215.7,303.3,137.6,1.9,0.0,42.1,742.1,14.6,8.9,674.6,44.0,1540,,BHARATPUR,
Rajasthan,Bharatpur,IMD110-P1540,1924,23.1,13.9,0.0,0.0,5.3,15.1,223.5,338.9,388.5,6.0,6.4,29.5,1050.2,37.0,5.3,966.0,41.9,1540,,BHARATPUR,
Rajasthan,Bharatpur,IMD110-P1540,1925,0.0,0.0,0.0,0.0,9.0,83.8,334.0,72.9,1.2,0.5,16.5,0.0,517.8,0.0,9.0,491.8,17.0,1540,,BHARATPUR,
Rajasthan,Bharatpur,IMD110-P1540,1926,1.9,1.5,52.3,10.4,15.6,11.3,218.7,479.7,130.7,0.0,0.0,0.0,922.2,3.5,78.3,840.4,0.0,1540,,BHARATPUR,
Rajasthan,Bharatpur,IMD110-P1540,1927,0.0,9.1,0.6,2.1,4.1,6.6,145.6,260.7,51.2,4.5,10.6,7.6,502.6,9.1,6.8,464.0,22.7,1540,,BHARATPUR,
Rajasthan,Bharatpur,IMD110-P1540,1928,5.2,45.8,0.0,0.0,3.7,9.7,143.3,80.4,34.1,168.6,6.7,8.6,506.1,51.0,3.7,267.5,183.9,1540,,BHARATPUR,
Rajasthan,Bharatpur,IMD110-P1540,1929,11.7,6.0,0.0,1.7,4.9,26.6,205.9,99.9,16.9,5.2,0.0,9.1,388.0,17.8,6.6,349.3,14.4,1540,,BHARATPUR,
Rajasthan,Bharatpur,IMD110-P1540,1930,16.6,3.0,0.0,2.5,1.9,38.2,296.3,186.8,28.8,40.2,0.0,0.0,614.4,19.7,4.4,550.1,40.2,1540,,BHARATPUR,
Rajasthan,Bharatpur,IMD110-P1540,1931,0.0,3.1,0.2,0.8,2.1,5.9,86.2,213.1,133.7,85.2,0.0,0.4,530.5,3.1,3.1,438.8,85.6,1540,,BHARATPUR,
Rajasthan,Bharatpur,IMD110-P1540,1932,0.0,0.4,21.8,3.7,4.3,23.3,105.4,145.6,145.2,0.0,0.0,1.9,451.6,0.4,29.8,419.5,1.9,1540,,BHARATPUR,
Rajasthan,Bharatpur,IMD110-P1540,1933,0.3,5.9,0.5,10.5,32.8,266.7,83.2,263.3,215.6,51.1,1.4,0.2,931.6,6.2,43.8,828.8,52.8,1540,,BHARATPUR,
Rajasthan,Bharatpur,IMD110-P1540,1934,14.8,0.0,38.0,0.1,0.0,108.4,115.8,325.1,99.6,0.0,0.0,21.5,723.3,14.8,38.1,648.9,21.5,1540,,BHARATPUR,
Rajasthan,Bharatpur,IMD110-P1540,1935,24.1,6.4,0.2,23.9,1.1,13.1,381.5,97.3,146.6,10.6,0.6,22.0,727.5,30.5,25.2,638.5,33.3,1540,,BHARATPUR,
Rajasthan,Bharatpur,IMD110-P1540,1936,5.1,15.7,24.0,0.1,9.6,204.8,125.5,126.8,137.0,0.0,6.7,9.6,664.8,20.8,33.8,594.0,16.3,1540,,BHARATPUR,
Rajasthan,Bharatpur,IMD110-P1540,1937,0.0,27.8,0.4,1.5,12.9,30.2,180.8,66.9,59.5,0.0,0.9,21.4,402.3,27.8,14.9,337.3,22.4,1540,,BHARATPUR,
Rajasthan,Bharatpur,IMD110-P1540,1938,4.4,0.0,0.0,0.3,2.5,101.7,300.1,108.4,16.8,2.7,0.0,0.0,537.0,4.4,2.9,526.9,2.7,1540,,BHARATPUR,
Rajasthan,Bharatpur,IMD110-P1540,1939,2.2,6.5,2.9,0.0,0.1,91.6,161.7,53.4,239.8,2.6,0.0,0.0,560.8,8.6,3.0,546.5,2.6,1540,,BHARATPUR,
Rajasthan,Bharatpur,IMD110-P1540,1940,21.1,32.3,10.8,2.9,0.2,52.6,117.3,329.7,21.6,0.0,0.8,1.5,590.8,53.4,13.9,521.2,2.3,1540,,BHARATPUR,
Rajasthan,Bharatpur,IMD110-P1540,1941,21.4,0.5,0.6,0.0,11.2,27.5,44.6,138.0,56.0,0.3,0.0,1.7,301.8,21.9,11.8,266.1,2.0,1541,,BHARATPUR,
Rajasthan,Bharatpur,IMD110-P1540,1942,26.6,14.7,0.0,2.2,1.5,37.3,378.9,248.0,270.3,0.0,0.0,1.9,981.2,41.2,3.7,934.4,1.9,1541,,BHARATPUR,
Rajasthan,Bharatpur,IMD110-P1540,1943,16.3,0.0,0.3,5.0,16.7,31.4,130.6,232.2,135.3,0.0,0.0,0.2,568.0,16.3,22.0,529.5,0.2,1541,,BHARATPUR,
Rajasthan,Bharatpur,IMD110-P1540,1944,19.0,12.8,27.3,4.9,0.0,42.1,269.3,247.1,45.0,1.5,0.0,0.4,669.4,31.8,32.2,603.5,1.9,1541,,BHARATPUR,
Rajasthan,Bharatpur,IMD110-P1540,1945,19.9,0.0,0.0,0.7,0.2,17.8,189.3,274.7,178.9,4.8,0.0,0.0,686.3,19.9,0.9,660.7,4.8,1541,,BHARATPUR,
Rajasthan,Bharatpur,IMD110-P1540,1946,0.0,2.0,0.0,0.0,10.9,33.6,185.1,260.2,24.1,18.4,0.0,4.3,538.6,2.0,10.9,503.1,22.7,1541,,BHARATPUR,
Rajasthan,Bharatpur,IMD110-P1540,1947,13.1,1.3,2.0,0.0,0.5,22.4,130.5,201.3,174.9,16.7,0.0,1.6,564.4,14.4,2.4,529.2,18.3,1541,,BHARATPUR,
Rajasthan,Bharatpur,IMD110-P1540,1948,43.4,10.9,1.6,0.0,0.0,7.7,354.1,399.2,121.8,19.4,0.0,0.0,958.1,54.3,1.6,882.8,19.4,1541,,BHARATPUR,
Rajasthan,Bharatpur,IMD110-P1540,1949,2.3,2.3,0.5,0.0,1.2,9.0,299.4,60.0,158.3,2.9,0.0,0.0,535.8,4.6,1.6,526.7,2.9,1541,,BHARATPUR,
Rajasthan,Bharatpur,IMD110-P1540,1950,0.4,0.0,6.3,0.0,2.1,6.7,247.2,203.3,105.8,0.0,0.0,0.0,571.8,0.4,8.4,563.0,0.0,1541,,BHARATPUR,
Rajasthan,Bharatpur,IMD110-P1540,1951,5.7,0.0,34.7,3.6,11.3,15.7,67.4,212.7,98.6,1.6,35.0,0.0,486.3,5.7,49.6,394.4,36.6,1541,,BHARATPUR,
Rajasthan,Bharatpur,IMD110-P1540,1952,1.1,15.1,8.9,4.0,1.0,109.0,163.8,450.4,2.0,2.5,0.0,9.2,767.2,16.3,13.9,725.2,11.8,1541,,BHARATPUR,
Rajasthan,Bharatpur,IMD110-P1540,1953,36.7,0.0,0.0,4.3,6.3,25.5,248.0,179.8,43.6,0.8,0.0,0.0,545.0,36.7,10.6,497.0,0.8,1541,,BHARATPUR,
Rajasthan,Bharatpur,IMD110-P1540,1954,7.0,26.3,0.0,0.0,0.2,19.0,212.4,103.8,122.5,82.7,6.0,0.0,579.9,33.3,0.2,457.7,88.7,1541,,BHARATPUR,
Rajasthan,Bharatpur,IMD110-P1540,1955,17.0,10.4,0.0,0.0,0.0,81.8,111.5,303.1,213.3,68.6,0.0,0.0,805.7,27.4,0.0,709.7,68.6,1541,,BHARATPUR,
Rajasthan,Bharatpur,IMD110-P1540,1956,3.2,0.0,35.0,0.0,0.0,11.9,305.9,240.3,12.1,151.4,0.0,0.2,759.9,3.2,35.0,570.1,151.6,1541,,BHARATPUR,
Rajasthan,Bharatpur,IMD110-P1540,1957,60.2,0.0,37.4,1.0,2.2,36.9,252.1,132.6,191.4,10.1,1.0,5.1,730.0,60.2,40.6,613.0,16.1,1541,,BHARATPUR,
Rajasthan,Bharatpur,IMD110-P1540,1958,4.8,1.7,4.6,0.7,0.3,15.6,439.4,288.1,217.4,74.5,1.3,4.7,1053.1,6.5,5.5,960.5,80.6,1541,,BHARATPUR,
Rajasthan,Bharatpur,IMD110-P1540,1959,15.6,0.0,0.0,0.6,45.4,12.4,145.5,219.0,89.5,34.0,23.3,0.0,585.3,15.6,46.1,466.3,57.3,1541,,BHARATPUR,
Rajasthan,Bharatpur,IMD110-P1540,1960,0.9,0.0,17.8,0.5,10.7,5.5,161.1,424.9,29.4,20.3,0.0,0.3,671.4,0.9,29.0,620.9,20.6,1541,,BHARATPUR,
Rajasthan,Bharatpur,IMD110-P1540,1961,21.5,18.6,0.0,1.8,6.6,24.8,226.4,407.5,74.4,38.1,14.3,3.5,837.6,40.1,8.4,733.1,56.0,1541,,BHARATPUR,
Rajasthan,Bharatpur,IMD110-P1540,1962,6.8,4.2,8.6,1.5,5.4,15.0,213.7,232.2,147.2,0.0,0.0,17.2,651.8,11.0,15.5,608.1,17.2,1541,,BHARATPUR,
Rajasthan,Bharatpur,IMD110-P1540,1963,1.1,3.0,2.4,0.6,0.8,27.4,99.6,302.0,182.6,0.0,8.4,5.9,633.9,4.1,3.9,611.6,14.3,1541,,BHARATPUR,
Rajasthan,Bharatpur,IMD110-P1540,1964,0.0,0.0,0.0,0.0,8.3,3.3,320.5,251.2,145.7,0.0,0.0,0.0,729.1,0.0,8.3,720.7,0.0,1541,,BHARATPUR,
Rajasthan,Bharatpur,IMD110-P1540,1965,0.0,2.9,2.7,5.4,4.7,5.2,157.7,162.7,260.6,1.4,0.0,0.3,603.6,2.9,12.8,586.2,1.6,1541,,BHARATPUR,
Rajasthan,Bharatpur,IMD110-P1540,1966,0.2,7.5,0.3,0.0,28.1,71.8,100.9,303.7,28.5,0.3,2.9,0.0,544.1,7.7,28.3,504.9,3.1,1541,,BHARATPUR,
Rajasthan,Bharatpur,IMD110-P1540,1967,0.0,0.0,21.6,2.1,0.0,21.3,190.3,437.9,127.5,1.9,0.0,77.4,880.1,0.0,23.7,777.0,79.4,1541,,BHARATPUR,
Rajasthan,Bharatpur,IMD110-P1540,1968,43.3,5.4,17.0,0.5,0.0,9.5,346.9,217.8,0.0,21.2,0.0,0.0,661.7,48.7,17.5,574.2,21.2,1541,,BHARATPUR,
Rajasthan,Bharatpur,IMD110-P1540,1969,0.3,1.0,0.0,9.5,18.3,7.3,198.1,193.1,165.0,0.2,0.0,0.0,592.8,1.3,27.8,563.5,0.2,1541,,BHARATPUR,
Rajasthan,Bharatpur,IMD110-P1540,1970,2.2,64.7,1.3,0.0,8.8,46.4,66.1,278.5,74.8,4.1,0.0,0.0,546.9,66.9,10.1,465.9,4.1,1541,,BHARATPUR,
Rajasthan,Bharatpur,IMD110-P1540,1971,7.6,6.5,0.1,0.4,26.0,97.5,170.7,217.7,140.3,30.4,0.5,0.0,697.7,14.1,26.4,626.2,30.9,1541,,BHARATPUR,
Rajasthan,Bharatpur,IMD110-P1540,1972,0.1,3.9,0.0,0.2,0.0,18.0,130.2,365.4,58.5,9.4,16.1,0.0,601.8,4.0,0.2,572.1,25.5,1541,,BHARATPUR,
Rajasthan,Bharatpur,IMD110-P1540,1973,4.7,10.8,6.6,0.0,11.2,9.5,138.0,251.2,92.8,13.2,0.0,1.7,539.6,15.5,17.8,491.4,14.9,1541,,BHARATPUR,
Rajasthan,Bharatpur,IMD110-P1540,1974,0.0,0.0,0.0,0.0,4.9,11.5,317.4,90.4,32.1,44.3,0.0,0.4,501.1,0.0,4.9,451.4,44.7,1541,,BHARATPUR,
Rajasthan,Bharatpur,IMD110-P1540,1975,0.8,2.3,1.7,0.0,0.0,37.8,309.3,426.5,98.0,0.0,0.0,0.0,876.4,3.1,1.7,871.6,0.0,1541,,BHARATPUR,
Rajasthan,Bharatpur,IMD110-P1540,1976,0.4,10.6,0.1,0.4,22.4,127.8,210.3,327.0,78.1,0.0,0.0,0.0,777.2,11.1,22.9,743.3,0.0,1541,,BHARATPUR,
Rajasthan,Bharatpur,IMD110-P1540,1977,24.9,0.0,0.0,12.5,11.4,61.5,321.6,229.4,155.0,0.1,0.0,0.4,816.8,24.9,24.0,767.5,0.5,1541,,BHARATPUR,
Rajasthan,Bharatpur,IMD110-P1540,1978,1.3,8.0,7.3,1.2,0.1,84.6,220.6,205.4,100.2,0.2,0.1,3.8,632.9,9.4,8.6,610.8,4.1,1541,,BHARATPUR,
Rajasthan,Bharatpur,IMD110-P1540,1979,9.2,38.8,0.9,1.1,7.7,30.5,120.9,33.5,9.1,0.0,1.8,0.0,253.6,48.0,9.7,194.0,1.8,1541,,BHARATPUR,
Rajasthan,Bharatpur,IMD110-P1540,1980,0.0,0.6,4.0,0.1,0.8,106.1,244.4,160.6,18.1,8.3,0.0,7.5,550.5,0.6,4.9,529.2,15.8,1541,,BHARATPUR,
Rajasthan,Bharatpur,IMD110-P1540,1981,4.0,0.1,2.9,0.0,6.4,62.6,176.6,106.1,21.5,9.0,8.7,6.0,403.9,4.1,9.2,366.8,23.7,1541,,BHARATPUR,
Rajasthan,Bharatpur,IMD110-P1540,1982,13.2,7.0,15.9,15.7,26.9,25.2,180.0,401.5,22.3,3.2,9.8,7.6,728.2,20.2,58.5,629.0,20.5,1542,,BHARATPUR,
Rajasthan,Bharatpur,IMD110-P1540,1983,14.1,3.7,0.0,33.4,30.4,43.3,207.3,312.8,131.6,31.7,0.0,0.4,808.7,17.9,63.8,695.0,32.0,1542,,BHARATPUR,
Rajasthan,Bharatpur,IMD110-P1540,1984,1.1,0.0,0.0,0.3,0.0,24.6,197.3,257.2,104.5,0.0,0.0,0.0,584.9,1.2,0.3,583.5,0.0,1542,,BHARATPUR,
Rajasthan,Bharatpur,IMD110-P1540,1985,4.7,0.0,0.8,5.3,2.3,35.1,212.7,123.5,34.3,76.1,0.0,14.1,508.9,4.7,8.4,405.6,90.2,1542,,BHARATPUR,
Rajasthan,Bharatpur,IMD110-P1540,1986,1.4,31.2,2.1,3.7,32.6,58.8,58.4,92.9,34.9,22.4,0.0,1.5,340.0,32.6,38.4,245.0,23.9,1542,,BHARATPUR,
Rajasthan,Bharatpur,IMD110-P1540,1987,9.6,6.3,2.6,0.0,32.5,8.1,67.7,131.3,55.3,1.9,0.0,10.6,325.9,15.9,35.1,262.4,12.5,1542,,BHARATPUR,
Rajasthan,Bharatpur,IMD110-P1540,1988,2.5,1.8,9.2,5.8,4.8,58.1,211.8,165.3,44.9,10.6,1.2,3.4,519.3,4.3,19.7,480.1,15.2,1542,,BHARATPUR,
Rajasthan,Bharatpur,IMD110-P1540,1989,9.9,0.0,9.7,0.0,0.4,57.2,117.8,173.4,71.3,0.0,0.0,0.0,439.8,9.9,10.1,419.7,0.0,1542,,BHARATPUR,
Rajasthan,Bharatpur,IMD110-P1540,1990,0.0,51.3,0.0,0.2,15.9,12.9,195.6,101.1,241.5,7.4,5.3,0.0,631.2,51.3,16.1,551.1,12.7,1542,,BHARATPUR,
Rajasthan,Bharatpur,IMD110-P1540,1991,4.3,9.6,0.7,3.7,7.4,14.0,52.3,222.0,69.3,0.0,18.5,16.5,418.3,13.9,11.8,357.6,35.0,1542,,BHARATPUR,
Rajasthan,Bharatpur,IMD110-P1540,1992,8.9,4.6,9.7,4.3,2.0,6.8,145.1,253.6,85.3,95.8,8.5,0.2,624.8,13.4,16.1,490.8,104.5,1542,,BHARATPUR,
Rajasthan,Bharatpur,IMD110-P1540,1993,0.0,16.5,12.8,1.7,2.4,40.1,198.1,71.0,175.3,0.0,0.0,0.0,517.9,16.5,16.9,484.5,0.0,1542,,BHARATPUR,
Rajasthan,Bharatpur,IMD110-P1540,1994,36.4,1.6,0.0,14.5,12.4,29.0,310.7,121.1,10.7,0.0,0.0,0.0,536.4,38.0,27.0,471.4,0.0,1542,,BHARATPUR,
Rajasthan,Bharatpur,IMD110-P1540,1995,33.5,3.0,4.2,0.0,0.0,36.0,188.7,475.1,120.0,0.2,0.0,0.0,860.5,36.4,4.2,819.7,0.2,1542,,BHARATPUR,
Rajasthan,Bharatpur,IMD110-P1540,1996,14.0,21.8,0.3,1.0,12.2,145.8,132.4,457.6,125.4,9.9,0.0,0.0,920.3,35.8,13.5,861.2,9.9,1542,,BHARATPUR,
Rajasthan,Bharatpur,IMD110-P1540,1997,2.0,1.8,5.5,3.0,45.5,104.6,93.1,188.4,120.9,25.3,14.2,38.2,642.5,3.8,54.0,507.0,77.7,1542,,BHARATPUR,
Rajasthan,Bharatpur,IMD110-P1540,1998,0.0,2.0,10.4,10.6,0.0,101.6,254.4,443.7,115.4,25.8,0.0,0.0,963.9,2.0,21.0,915.1,25.8,1542,,BHARATPUR,
Rajasthan,Bharatpur,IMD110-P1540,1999,4.6,2.7,0.0,0.0,13.4,147.8,219.5,206.7,218.5,8.4,0.0,0.0,821.6,7.3,13.4,792.5,8.4,1542,,BHARATPUR,
Rajasthan,Bharatpur,IMD110-P1540,2000,0.0,0.9,7.0,1.6,3.1,127.4,146.1,131.9,32.3,0.0,0.0,0.0,450.3,0.9,11.7,437.7,0.0,1542,,BHARATPUR,
Rajasthan,Bharatpur,IMD110-P1540,2001,2.4,0.0,0.3,9.9,32.7,138.8,253.9,92.6,18.5,5.5,0.0,0.0,554.3,2.4,42.8,503.7,5.5,1542,,BHARATPUR,
Rajasthan,Bharatpur,IMD110-P1540,2002,8.4,13.7,0.0,0.7,19.4,25.0,40.6,144.1,76.4,5.0,0.0,4.8,338.3,22.2,20.2,286.1,9.9,1542,,BHARATPUR,
Rajasthan,Bharatpur,IMD110-P1540,2003,10.2,21.7,0.8,0.0,6.0,42.0,314.3,235.8,120.6,0.0,0.0,2.1,753.6,31.9,6.8,712.7,2.1,1542,,BHARATPUR,
Rajasthan,Bharatpur,IMD110-P1540,2004,5.3,0.0,0.0,5.7,11.3,38.0,48.4,284.3,14.1,51.4,0.0,0.0,458.5,5.3,17.0,384.8,51.4,1542,,BHARATPUR,
Rajasthan,Bharatpur,IMD110-P1540,2005,0.6,2.2,11.3,2.0,5.0,25.3,404.3,90.3,57.4,0.0,0.0,0.0,598.3,2.8,18.3,577.3,0.0,1542,,BHARATPUR,
Rajasthan,Bharatpur,IMD110-P1540,2006,0.0,0.0,22.1,0.0,14.7,39.7,182.1,37.5,59.5,2.4,0.2,0.8,359.0,0.0,36.9,318.8,3.4,1542,,BHARATPUR,
Rajasthan,Bharatpur,IMD110-P1540,2007,0.0,25.1,13.9,0.4,5.6,73.4,108.9,96.4,88.7,0.0,0.0,0.0,412.5,25.1,19.9,367.4,0.0,1542,,BHARATPUR,
Rajasthan,Bharatpur,IMD110-P1540,2008,0.0,0.0,0.1,3.4,21.2,212.8,198.4,158.4,129.1,0.6,0.0,0.0,723.9,0.0,24.7,698.6,0.6,1542,,BHARATPUR,
Rajasthan,Bharatpur,IMD110-P1540,2009,0.0,0.0,1.1,1.0,13.1,26.0,161.8,179.1,97.4,3.0,15.1,1.0,498.7,0.0,15.2,464.3,19.2,1542,,BHARATPUR,
Rajasthan,Bharatpur,IMD110-P1540,2010,4.6,5.2,0.1,1.4,2.7,17.1,163.0,170.9,279.7,0.9,21.2,0.7,667.6,9.8,4.3,630.7,22.9,1542,,BHARATPUR,
Rajasthan,Bhilwara,IMD110-P1543,1901,,0.0,,1.3,,14.5,,,1.3,,0.0,,,,,,,1543,missing_months,BHILWARA,
Rajasthan,Bhilwara,IMD110-P1543,1902,2.8,0.0,0.0,0.0,14.5,3.8,155.9,113.2,95.3,7.9,0.0,0.0,393.4,2.8,14.5,368.2,7.9,1543,,BHILWARA,
Rajasthan,Bhilwara,IMD110-P1543,1903,0.0,0.0,0.0,0.0,10.9,4.3,156.7,175.0,170.9,1.3,0.0,0.0,519.1,0.0,10.9,506.9,1.3,1543,,BHILWARA,
Rajasthan,Bhilwara,IMD110-P1543,1904,8.1,6.1,20.1,0.0,20.9,41.4,169.1,159.0,30.5,0.0,3.0,7.6,465.8,14.2,41.0,400.0,10.6,1543,,BHILWARA,
Rajasthan,Bhilwara,IMD110-P1543,1905,0.5,6.8,2.0,2.8,3.8,5.3,85.6,48.0,42.4,0.0,0.0,0.0,197.2,7.3,8.6,181.3,0.0,1543,,BHILWARA,
Rajasthan,Bhilwara,IMD110-P1543,1906,0.0,6.9,1.0,0.0,0.0,29.4,490.1,43.5,206.7,8.9,0.0,3.3,789.8,6.9,1.0,769.7,12.2,1543,,BHILWARA,
Rajasthan,Bhilwara,IMD110-P1543,1907,0.9,21.3,0.0,37.2,21.5,3.4,137.9,441.8,0.0,0.0,0.0,0.0,663.9,22.1,58.7,583.1,0.0,1543,,BHILWARA,
Rajasthan,Bhilwara,IMD110-P1543,1908,3.2,0.0,0.0,0.0,0.4,34.5,295.0,393.3,24.8,0.0,0.0,0.0,751.1,3.2,0.4,747.5,0.0,1543,,BHILWARA,
Rajasthan,Bhilwara,IMD110-P1543,1909,2.3,0.0,0.0,33.7,0.0,81.3,341.9,157.3,71.0,0.0,0.0,12.3,699.8,2.3,33.7,651.5,12.3,1543,,BHILWARA,
Rajasthan,Bhilwara,IMD110-P1543,1910,2.8,0.0,0.0,1.6,0.0,143.2,72.8,260.1,52.3,5.1,0.0,0.0,537.9,2.8,1.6,528.4,5.1,1543,,BHILWARA,
Rajasthan,Bhilwara,IMD110-P1543,1911,3.3,0.0,11.4,0.0,0.0,34.0,17.4,35.3,64.0,5.3,16.8,0.0,187.6,3.3,11.4,150.8,22.1,1543,,BHILWARA,
Rajasthan,Bhilwara,IMD110-P1543,1912,1.0,0.0,0.8,2.5,0.0,29.3,262.3,211.4,51.5,0.0,0.0,3.5,562.2,1.0,3.3,554.5,3.5,1543,,BHILWARA,
Rajasthan,Bhilwara,IMD110-P1543,1913,0.0,0.0,0.0,0.0,24.6,131.5,69.2,113.0,76.0,0.0,0.0,4.8,419.1,0.0,24.6,389.6,4.8,1543,,BHILWARA,
Rajasthan,Bhilwara,IMD110-P1543,1914,0.0,0.0,0.0,2.9,1.9,77.3,338.4,145.9,81.2,0.0,41.3,0.0,688.9,0.0,4.8,642.8,41.3,1543,,BHILWARA,
Rajasthan,Bhilwara,IMD110-P1543,1915,25.4,22.1,21.0,1.8,27.5,18.1,102.2,99.8,28.0,64.2,0.0,0.0,409.9,47.5,50.2,248.1,64.2,1543,,BHILWARA,
Rajasthan,Bhilwara,IMD110-P1543,1916,0.0,0.0,0.0,0.0,5.7,42.5,109.8,258.1,113.7,23.9,0.0,0.0,553.6,0.0,5.7,524.0,23.9,1543,,BHILWARA,
Rajasthan,Bhilwara,IMD110-P1543,1917,0.0,0.0,0.3,1.0,128.2,246.9,165.8,384.6,531.9,38.3,0.0,0.0,1496.9,0.0,129.5,1329.2,38.3,1543,,BHILWARA,
Rajasthan,Bhilwara,IMD110-P1543,1918,1.3,0.0,0.0,0.0,0.6,29.3,60.1,96.9,20.3,0.0,1.9,0.0,210.4,1.3,0.6,206.6,1.9,1543,,BHILWARA,
Rajasthan,Bhilwara,IMD110-P1543,1919,34.2,0.0,0.0,5.1,8.9,8.4,316.5,258.1,52.5,0.0,19.7,1.5,704.9,34.2,14.0,635.5,21.2,1543,,BHILWARA,
Rajasthan,Bhilwara,IMD110-P1543,1920,6.3,2.8,0.0,5.7,39.0,187.0,323.1,140.5,0.0,0.0,0.0,0.0,704.4,9.1,44.7,650.6,0.0,1543,,BHILWARA,
Rajasthan,Bhilwara,IMD110-P1543,1921,14.8,0.0,0.0,0.0,0.0,16.5,216.3,116.1,126.0,0.0,0.0,0.0,489.8,14.8,0.0,474.9,0.0,1543,,BHILWARA,
Rajasthan,Bhilwara,IMD110-P1543,1922,0.0,0.0,0.0,0.6,25.0,42.7,254.5,63.7,128.1,0.0,0.0,6.5,521.2,0.0,25.6,489.0,6.5,1543,,BHILWARA,
Rajasthan,Bhilwara,IMD110-P1543,1923,0.0,3.5,24.8,0.0,35.3,0.0,292.7,287.2,61.7,1.3,0.0,0.0,706.4,3.5,60.0,641.6,1.3,1543,,BHILWARA,
Rajasthan,Bhilwara,IMD110-P1543,1924,11.0,0.0,0.0,0.0,7.6,37.5,360.9,121.7,123.3,74.7,4.0,24.0,764.6,11.0,7.6,643.3,102.7,1543,,BHILWARA,
Rajasthan,Bhilwara,IMD110-P1543,1925,0.0,0.0,0.0,0.0,12.6,94.0,217.4,28.4,39.8,1.3,18.1,0.0,411.5,0.0,12.6,379.5,19.4,1543,,BHILWARA,
Rajasthan,Bhilwara,IMD110-P1543,1926,8.1,0.0,45.0,0.0,14.6,27.4,134.6,366.9,253.9,0.0,0.0,0.0,850.5,8.1,59.6,782.7,0.0,1543,,BHILWARA,
Rajasthan,Bhilwara,IMD110-P1543,1927,0.0,6.8,0.0,0.0,0.0,41.0,150.1,366.2,24.5,1.6,12.7,43.2,646.0,6.8,0.0,581.8,57.5,1543,,BHILWARA,
Rajasthan,Bhilwara,IMD110-P1543,1928,0.0,1.9,4.4,0.0,0.6,42.2,200.1,338.4,30.5,93.2,8.9,0.0,720.3,1.9,5.1,611.2,102.1,1543,,BHILWARA,
Rajasthan,Bhilwara,IMD110-P1543,1929,5.7,0.0,0.0,0.0,3.8,83.7,251.8,248.9,67.6,0.0,0.0,12.7,674.2,5.7,3.8,652.0,12.7,1543,,BHILWARA,
Rajasthan,Bhilwara,IMD110-P1543,1930,13.1,0.0,0.0,0.0,53.8,101.8,213.3,184.6,76.8,92.4,0.0,0.0,735.8,13.1,53.8,576.5,92.4,1543,,BHILWARA,
Rajasthan,Bhilwara,IMD110-P1543,1931,0.0,0.0,0.0,0.0,19.9,16.5,236.8,424.0,3.2,33.3,0.0,0.6,734.3,0.0,19.9,680.5,34.0,1543,,BHILWARA,
Rajasthan,Bhilwara,IMD110-P1543,1932,0.0,0.0,17.8,2.5,6.3,24.0,152.3,218.8,25.9,5.1,0.0,0.0,452.7,0.0,26.6,421.0,5.1,1543,,BHILWARA,
Rajasthan,Bhilwara,IMD110-P1543,1933,0.0,3.2,1.8,26.8,15.4,115.5,195.2,225.4,87.0,4.4,6.8,0.0,681.5,3.2,44.0,623.0,11.2,1543,,BHILWARA,
Rajasthan,Bhilwara,IMD110-P1543,1934,0.0,0.0,3.8,0.0,0.0,218.6,127.9,384.1,54.1,0.0,0.0,3.7,792.1,0.0,3.8,784.6,3.7,1543,,BHILWARA,
Rajasthan,Bhilwara,IMD110-P1543,1935,10.1,8.9,0.0,11.7,1.1,40.6,174.1,56.7,165.4,30.8,0.0,11.6,511.0,19.0,12.8,436.7,42.3,1543,,BHILWARA,
Rajasthan,Bhilwara,IMD110-P1543,1936,0.0,2.2,10.4,0.0,0.0,145.9,157.6,75.8,78.7,0.0,5.8,0.0,476.4,2.2,10.4,458.0,5.8,1543,,BHILWARA,
Rajasthan,Bhilwara,IMD110-P1543,1937,0.0,6.1,0.0,0.0,9.6,107.2,347.6,12.8,102.4,1.3,0.0,1.5,588.5,6.1,9.6,570.0,2.8,1543,,BHILWARA,
Rajasthan,Bhilwara,IMD110-P1543,1938,0.6,0.0,0.0,0.0,4.4,67.0,262.5,119.7,9.3,0.0,0.0,0.0,463.6,0.6,4.4,458.5,0.0,1543,,BHILWARA,
Rajasthan,Bhilwara,IMD110-P1543,1939,0.0,11.5,6.0,0.0,0.0,73.3,35.2,88.4,13.7,0.0,0.0,0.0,228.1,11.5,6.0,210.6,0.0,1543,,BHILWARA,
Rajasthan,Bhilwara,IMD110-P1543,1940,25.0,12.0,12.9,1.3,0.9,60.3,266.2,366.1,17.9,0.6,7.5,0.0,770.7,37.0,15.0,710.5,8.1,1543,,BHILWARA,
Rajasthan,Bhilwara,IMD110-P1543,1941,3.8,3.2,0.0,0.0,12.6,4.9,82.1,194.1,32.5,0.0,0.0,0.4,333.8,7.0,12.6,313.8,0.4,1544,,BHILWARA,
Rajasthan,Bhilwara,IMD110-P1543,1942,10.8,1.9,0.0,2.5,0.0,85.4,444.6,392.9,44.9,0.0,0.0,0.0,983.0,12.7,2.5,967.8,0.0,1544,,BHILWARA,
Rajasthan,Bhilwara,IMD110-P1543,1943,0.0,0.0,0.0,5.2,1.1,29.7,453.7,46.8,128.9,0.0,0.0,0.0,665.4,0.0,6.3,659.0,0.0,1544,,BHILWARA,
Rajasthan,Bhilwara,IMD110-P1543,1944,13.7,0.1,14.5,4.3,2.8,75.5,287.7,515.6,43.7,14.0,0.0,6.9,978.9,13.8,21.6,922.5,21.0,1544,,BHILWARA,
Rajasthan,Bhilwara,IMD110-P1543,1945,3.0,0.0,0.0,11.4,8.4,67.3,331.9,213.9,105.5,1.3,0.0,0.0,742.6,3.0,19.9,718.5,1.3,1544,,BHILWARA,
Rajasthan,Bhilwara,IMD110-P1543,1946,0.0,7.8,0.0,0.3,0.0,140.4,99.1,457.1,103.5,0.0,1.3,59.2,868.7,7.8,0.3,800.1,60.5,1544,,BHILWARA,
Rajasthan,Bhilwara,IMD110-P1543,1947,0.0,0.0,0.0,0.3,0.6,13.3,108.8,399.4,276.3,7.2,0.0,0.0,806.0,0.0,0.9,797.9,7.2,1544,,BHILWARA,
Rajasthan,Bhilwara,IMD110-P1543,1948,13.6,4.6,0.0,2.5,3.5,30.6,186.9,171.4,19.9,3.8,1.9,0.0,438.7,18.3,5.9,408.8,5.7,1544,,BHILWARA,
Rajasthan,Bhilwara,IMD110-P1543,1949,0.0,0.0,0.0,0.0,1.9,38.2,274.2,72.9,43.4,1.3,0.3,0.0,432.2,0.0,1.9,428.7,1.6,1544,,BHILWARA,
Rajasthan,Bhilwara,IMD110-P1543,1950,0.0,0.0,5.7,0.0,0.8,17.2,304.2,166.7,221.7,0.0,0.0,0.0,716.3,0.0,6.6,709.8,0.0,1544,,BHILWARA,
Rajasthan,Bhilwara,IMD110-P1543,1951,0.0,0.0,0.9,0.6,0.0,50.1,82.0,136.1,2.5,0.0,5.4,0.0,277.7,0.0,1.6,270.8,5.4,1544,,BHILWARA,
Rajasthan,Bhilwara,IMD110-P1543,1952,0.0,0.0,0.0,0.0,0.0,115.4,497.4,177.1,2.9,0.0,0.0,3.0,795.8,0.0,0.0,792.8,3.0,1544,,BHILWARA,
Rajasthan,Bhilwara,IMD110-P1543,1953,60.9,0.0,0.0,0.0,0.0,68.1,153.5,240.3,59.8,0.0,0.0,0.0,582.6,60.9,0.0,521.7,0.0,1544,,BHILWARA,
Rajasthan,Bhilwara,IMD110-P1543,1954,0.0,16.1,3.8,0.0,0.0,45.6,308.4,87.0,176.2,0.0,0.0,0.0,637.1,16.1,3.8,617.3,0.0,1544,,BHILWARA,
Rajasthan,Bhilwara,IMD110-P1543,1955,4.4,10.6,0.0,0.0,1.3,90.2,20.4,345.2,261.0,105.9,0.0,0.0,838.9,15.1,1.3,716.7,105.9,1544,,BHILWARA,
Rajasthan,Bhilwara,IMD110-P1543,1956,8.6,0.4,5.6,0.0,0.0,13.6,480.4,185.9,56.8,229.9,0.0,11.0,992.1,8.9,5.6,736.7,240.9,1544,,BHILWARA,
Rajasthan,Bhilwara,IMD110-P1543,1957,19.3,0.0,16.8,0.0,0.6,52.7,191.7,235.9,38.0,10.7,0.0,0.2,565.9,19.3,17.3,518.3,10.9,1544,,BHILWARA,
Rajasthan,Bhilwara,IMD110-P1543,1958,6.6,0.0,0.0,0.0,3.0,52.4,261.7,159.6,253.8,7.1,17.2,0.6,761.9,6.6,3.0,727.5,24.9,1544,,BHILWARA,
Rajasthan,Bhilwara,IMD110-P1543,1959,0.7,0.0,0.0,6.0,39.9,28.6,316.9,117.6,45.8,32.0,0.0,0.5,587.9,0.7,45.9,508.9,32.5,1544,,BHILWARA,
Rajasthan,Bhilwara,IMD110-P1543,1960,4.8,0.0,0.0,4.5,6.6,82.0,129.3,239.7,21.2,0.0,0.0,0.4,488.6,4.8,11.2,472.2,0.4,1544,,BHILWARA,
Rajasthan,Bhilwara,IMD110-P1543,1961,2.8,2.4,0.0,0.3,6.3,35.2,147.5,223.5,451.9,6.9,2.0,1.3,880.0,5.2,6.7,858.0,10.1,1544,,BHILWARA,
Rajasthan,Bhilwara,IMD110-P1543,1962,0.0,0.0,0.0,0.0,1.5,2.9,182.7,181.5,126.8,0.0,2.6,8.8,506.8,0.0,1.5,493.9,11.4,1544,,BHILWARA,
Rajasthan,Bhilwara,IMD110-P1543,1963,0.0,0.8,0.3,3.7,1.7,17.9,119.7,245.6,60.6,7.7,13.7,0.0,471.5,0.8,5.7,443.6,21.4,1544,,BHILWARA,
Rajasthan,Bhilwara,IMD110-P1543,1964,0.0,0.0,0.0,0.0,28.6,69.8,118.2,275.6,74.5,0.0,0.0,0.0,566.7,0.0,28.6,538.0,0.0,1544,,BHILWARA,
Rajasthan,Bhilwara,IMD110-P1543,1965,7.1,0.1,0.4,1.4,2.5,7.7,214.9,70.0,75.5,5.6,0.0,0.0,385.3,7.2,4.3,368.1,5.6,1544,,BHILWARA,
Rajasthan,Bhilwara,IMD110-P1543,1966,0.0,0.3,0.0,0.0,4.3,79.7,158.6,139.6,175.8,0.0,3.9,0.0,562.1,0.3,4.3,553.6,3.9,1544,,BHILWARA,
Rajasthan,Bhilwara,IMD110-P1543,1967,0.0,0.0,71.3,0.0,0.0,101.4,114.5,188.0,155.9,0.2,0.0,32.0,663.3,0.0,71.3,559.8,32.2,1544,,BHILWARA,
Rajasthan,Bhilwara,IMD110-P1543,1968,1.8,0.5,5.2,0.0,3.9,0.7,215.9,207.6,7.1,1.0,0.0,0.0,443.7,2.2,9.1,431.4,1.0,1544,,BHILWARA,
Rajasthan,Bhilwara,IMD110-P1543,1969,0.8,1.0,0.0,0.0,0.0,26.9,223.5,233.4,95.5,0.1,0.2,0.0,581.4,1.8,0.0,579.3,0.3,1544,,BHILWARA,
Rajasthan,Bhilwara,IMD110-P1543,1970,0.0,16.7,0.3,0.0,3.6,139.5,167.9,334.0,54.6,10.1,0.0,0.0,726.7,16.7,3.9,696.0,10.1,1544,,BHILWARA,
Rajasthan,Bhilwara,IMD110-P1543,1971,0.1,0.0,0.0,0.6,14.2,118.0,237.2,104.7,89.7,11.0,0.0,0.0,575.6,0.1,14.8,549.6,11.0,1544,,BHILWARA,
Rajasthan,Bhilwara,IMD110-P1543,1972,0.0,2.6,0.0,0.0,0.9,123.3,69.4,196.5,33.4,0.2,0.0,0.0,426.4,2.6,0.9,422.6,0.2,1544,,BHILWARA,
Rajasthan,Bhilwara,IMD110-P1543,1973,0.4,0.0,0.0,0.0,10.5,15.2,237.6,372.7,260.5,0.0,0.0,0.1,897.1,0.4,10.5,886.0,0.1,1544,,BHILWARA,
Rajasthan,Bhilwara,IMD110-P1543,1974,0.0,0.0,0.0,0.0,25.6,43.0,258.9,190.2,3.9,38.6,0.0,1.1,561.2,0.0,25.7,495.9,39.7,1544,,BHILWARA,
Rajasthan,Bhilwara,IMD110-P1543,1975,0.1,0.0,1.7,0.5,2.8,110.4,178.1,257.4,123.9,31.3,0.0,0.0,706.2,0.1,5.0,669.8,31.3,1544,,BHILWARA,
Rajasthan,Bhilwara,IMD110-P1543,1976,14.7,1.6,0.1,0.0,3.0,33.7,159.3,351.1,159.0,0.1,48.6,0.0,771.2,16.2,3.1,703.1,48.8,1544,,BHILWARA,
Rajasthan,Bhilwara,IMD110-P1543,1977,12.5,4.9,0.0,0.7,24.6,108.8,373.5,231.7,51.4,0.0,0.4,0.0,808.4,17.3,25.3,765.4,0.4,1544,,BHILWARA,
Rajasthan,Bhilwara,IMD110-P1543,1978,0.2,10.5,7.2,1.0,0.0,62.2,203.9,198.2,47.1,14.7,12.2,3.9,561.3,10.8,8.2,511.5,30.8,1544,,BHILWARA,
Rajasthan,Bhilwara,IMD110-P1543,1979,1.9,35.9,1.9,0.0,15.0,44.9,250.6,137.0,9.5,2.2,59.2,4.5,562.6,37.8,16.9,442.0,66.0,1544,,BHILWARA,
Rajasthan,Bhilwara,IMD110-P1543,1980,1.0,0.1,0.0,0.9,0.2,135.8,148.6,80.0,17.9,0.0,0.0,19.5,404.0,1.1,1.1,382.3,19.5,1544,,BHILWARA,
Rajasthan,Bhilwara,IMD110-P1543,1981,3.1,1.7,13.0,0.3,3.7,45.0,136.5,64.6,106.8,25.1,20.5,12.2,432.4,4.8,17.0,352.9,57.8,1544,,BHILWARA,
Rajasthan,Bhilwara,IMD110-P1543,1982,12.8,0.2,10.0,19.4,25.3,16.8,193.5,378.0,8.3,10.4,86.2,4.7,765.6,13.1,54.7,596.5,101.3,1545,,BHILWARA,
Rajasthan,Bhilwara,IMD110-P1543,1983,0.0,0.0,0.0,22.6,22.8,61.3,226.7,284.8,119.9,42.3,0.0,0.3,780.8,0.0,45.5,692.7,42.6,1545,,BHILWARA,
Rajasthan,Bhilwara,IMD110-P1543,1984,0.4,0.0,0.0,0.0,0.0,30.8,189.7,284.7,90.8,0.0,0.0,0.0,596.4,0.4,0.0,596.0,0.0,1545,,BHILWARA,
Rajasthan,Bhilwara,IMD110-P1543,1985,0.0,0.0,0.0,2.8,17.0,11.4,135.8,189.3,51.1,58.4,0.0,11.5,477.4,0.0,19.8,387.7,69.9,1545,,BHILWARA,
Rajasthan,Bhilwara,IMD110-P1543,1986,3.8,14.4,1.4,0.0,37.2,40.1,387.8,205.9,12.6,0.1,0.0,0.0,703.4,18.3,38.6,646.5,0.1,1545,,BHILWARA,
Rajasthan,Bhilwara,IMD110-P1543,1987,7.9,0.4,0.0,0.0,22.5,70.8,66.5,255.4,3.1,0.2,0.0,46.8,473.7,8.3,22.5,395.9,47.0,1545,,BHILWARA,
Rajasthan,Bhilwara,IMD110-P1543,1988,1.9,0.0,6.5,9.9,6.8,104.5,238.6,163.5,91.7,2.8,0.0,0.0,626.2,1.9,23.1,598.3,2.8,1545,,BHILWARA,
Rajasthan,Bhilwara,IMD110-P1543,1989,5.3,0.1,0.0,0.0,0.4,77.9,179.1,447.6,22.1,0.0,1.5,0.0,734.0,5.4,0.4,726.7,1.5,1545,,BHILWARA,
Rajasthan,Bhilwara,IMD110-P1543,1990,0.0,17.4,0.3,0.0,17.3,92.3,245.1,348.3,111.7,3.8,7.6,0.0,843.8,17.4,17.6,797.5,11.4,1545,,BHILWARA,
Rajasthan,Bhilwara,IMD110-P1543,1991,0.0,2.4,0.0,19.7,0.0,20.2,311.3,269.8,39.5,0.0,9.6,0.0,672.6,2.4,19.7,640.8,9.6,1545,,BHILWARA,
Rajasthan,Bhilwara,IMD110-P1543,1992,3.6,0.6,0.7,0.0,13.0,6.9,247.0,266.0,96.2,6.8,0.6,0.0,641.5,4.2,13.7,616.1,7.5,1545,,BHILWARA,
Rajasthan,Bhilwara,IMD110-P1543,1993,0.0,5.8,0.6,8.1,5.1,112.7,230.2,60.2,52.4,8.4,0.0,0.0,483.4,5.8,13.8,455.4,8.4,1545,,BHILWARA,
Rajasthan,Bhilwara,IMD110-P1543,1994,25.8,0.0,0.0,9.1,4.4,151.7,454.8,236.7,85.7,0.0,0.0,0.0,968.1,25.8,13.5,928.8,0.0,1545,,BHILWARA,
Rajasthan,Bhilwara,IMD110-P1543,1995,28.3,0.4,10.6,1.3,0.0,11.3,286.9,129.5,66.9,2.5,0.0,3.3,541.0,28.7,11.9,494.6,5.8,1545,,BHILWARA,
Rajasthan,Bhilwara,IMD110-P1543,1996,6.9,3.0,6.0,17.0,3.5,83.6,280.9,370.1,137.6,9.0,2.3,0.0,920.0,9.9,26.5,872.2,11.3,1545,,BHILWARA,
Rajasthan,Bhilwara,IMD110-P1543,1997,0.0,0.0,15.0,23.5,87.4,29.4,226.0,192.1,46.0,27.5,0.0,14.6,661.7,0.0,125.9,493.6,42.2,1545,,BHILWARA,
Rajasthan,Bhilwara,IMD110-P1543,1998,0.0,3.3,0.0,0.0,0.0,20.0,0.0,22.4,12.4,4.0,0.0,0.0,62.1,3.3,0.0,54.8,4.0,1545,,BHILWARA,
Rajasthan,Bhilwara,IMD110-P1543,1999,0.0,10.8,0.0,0.0,,72.4,,,,44.0,0.0,0.0,,10.8,,,44.0,1545,missing_months,BHILWARA,
Rajasthan,Bhilwara,IMD110-P1543,2000,0.0,0.0,0.0,0.0,70.9,3.0,330.2,40.9,24.5,2.7,0.0,0.0,472.1,0.0,70.9,398.5,2.7,1545,,BHILWARA,
Rajasthan,Bhilwara,IMD110-P1543,2001,0.0,0.0,0.0,3.9,10.6,61.5,347.5,131.0,10.3,12.3,0.0,0.0,576.9,0.0,14.4,550.2,12.3,1545,,BHILWARA,
Rajasthan,Bhilwara,IMD110-P1543,2002,0.1,10.6,0.1,1.1,3.8,63.0,17.7,150.1,22.8,0.1,1.0,2.6,273.2,10.6,5.1,253.7,3.8,1545,,BHILWARA,
Rajasthan,Bhilwara,IMD110-P1543,2003,0.0,14.1,0.0,0.1,0.0,73.6,197.8,165.5,50.9,0.5,0.0,0.0,502.4,14.1,0.1,487.8,0.5,1545,,BHILWARA,
Rajasthan,Bhilwara,IMD110-P1543,2004,0.3,0.0,0.0,0.0,6.0,38.9,165.2,512.8,40.0,10.8,0.0,0.0,774.0,0.3,6.0,756.8,10.8,1545,,BHILWARA,
Rajasthan,Bhilwara,IMD110-P1543,2005,0.2,0.0,2.2,9.2,0.9,39.3,141.0,60.1,216.0,0.0,0.0,0.0,468.8,0.2,12.2,456.4,0.0,1545,,BHILWARA,
Rajasthan,Bhilwara,IMD110-P1543,2006,0.1,0.0,11.1,0.1,6.4,66.7,180.0,403.0,62.5,0.0,0.0,0.0,729.9,0.1,17.7,712.2,0.0,1545,,BHILWARA,
Rajasthan,Bhilwara,IMD110-P1543,2007,0.2,12.9,2.5,0.1,1.5,35.2,268.5,122.2,66.8,0.0,0.0,0.2,509.9,13.1,4.0,492.7,0.2,1545,,BHILWARA,
Rajasthan,Bhilwara,IMD110-P1543,2008,0.1,0.0,0.7,8.2,9.5,125.1,99.8,115.8,107.1,1.7,0.2,0.0,468.2,0.1,18.4,447.9,1.9,1545,,BHILWARA,
Rajasthan,Bhilwara,IMD110-P1543,2009,0.1,0.0,2.4,0.0,1.6,38.5,206.0,86.0,12.4,1.5,3.1,0.0,351.5,0.1,4.0,342.8,4.6,1545,,BHILWARA,
Rajasthan,Bhilwara,IMD110-P1543,2010,1.2,0.4,0.0,0.3,0.0,23.7,168.5,251.6,99.1,0.3,124.0,10.5,679.5,1.6,0.3,542.9,134.8,1545,,BHILWARA,
Rajasthan,Bikaner,IMD110-P1546,1901,5.0,0.0,1.3,0.0,23.1,5.1,65.5,69.4,0.0,0.0,0.0,0.0,169.4,5.0,24.4,140.0,0.0,1546,,BIKANER,
Rajasthan,Bikaner,IMD110-P1546,1902,0.0,0.0,0.0,0.0,1.8,46.6,23.6,36.1,35.9,4.0,0.0,0.0,148.0,0.0,1.8,142.2,4.0,1546,,BIKANER,
Rajasthan,Bikaner,IMD110-P1546,1903,4.3,0.0,0.0,0.0,0.8,10.2,123.0,,58.4,0.0,0.0,2.3,,4.3,0.8,,2.3,1546,missing_months,BIKANER,
Rajasthan,Bikaner,IMD110-P1546,1904,7.7,0.0,35.4,1.0,1.3,27.7,10.9,36.3,68.1,2.8,5.3,19.1,215.6,7.7,37.7,143.0,27.2,1546,,BIKANER,
Rajasthan,Bikaner,IMD110-P1546,1905,19.0,4.8,2.3,2.3,0.0,6.1,10.2,0.0,42.7,0.0,0.0,1.3,88.7,23.8,4.6,59.0,1.3,1546,,BIKANER,
Rajasthan,Bikaner,IMD110-P1546,1906,0.0,60.3,9.0,0.0,0.0,10.6,33.2,41.3,65.9,0.0,0.0,9.1,229.4,60.3,9.0,150.9,9.1,1546,,BIKANER,
Rajasthan,Bikaner,IMD110-P1546,1907,0.0,14.5,4.3,9.8,16.4,5.1,71.4,208.5,0.0,0.0,0.0,0.0,329.9,14.5,30.5,285.0,0.0,1546,,BIKANER,
Rajasthan,Bikaner,IMD110-P1546,1908,8.0,0.0,0.0,5.7,4.5,23.4,114.1,221.7,52.1,0.0,0.0,0.0,429.6,8.0,10.2,411.4,0.0,1546,,BIKANER,
Rajasthan,Bikaner,IMD110-P1546,1909,0.1,18.0,0.0,27.9,0.6,23.0,136.1,74.6,112.0,0.0,0.0,17.3,409.5,18.1,28.4,345.7,17.3,1546,,BIKANER,
Rajasthan,Bikaner,IMD110-P1546,1910,1.7,0.2,0.0,2.8,0.0,64.7,34.2,189.2,7.0,0.7,0.0,0.0,300.5,1.9,2.8,295.0,0.7,1546,,BIKANER,
Rajasthan,Bikaner,IMD110-P1546,1911,1.4,0.0,57.6,0.6,0.0,8.9,4.3,17.9,12.5,9.4,0.3,0.0,112.8,1.4,58.2,43.6,9.7,1546,,BIKANER,
Rajasthan,Bikaner,IMD110-P1546,1912,27.8,0.0,0.2,1.3,1.9,16.5,68.7,46.3,0.3,10.0,0.0,0.0,173.0,27.8,3.4,131.8,10.0,1546,,BIKANER,
Rajasthan,Bikaner,IMD110-P1546,1913,0.0,9.4,3.4,2.5,50.1,44.0,32.4,4.6,35.6,0.0,3.6,39.5,225.0,9.4,55.9,116.6,43.1,1546,,BIKANER,
Rajasthan,Bikaner,IMD110-P1546,1914,6.8,0.7,0.5,18.4,0.8,36.2,110.5,59.8,36.4,2.7,0.6,0.0,273.4,7.4,19.7,242.9,3.4,1546,,BIKANER,
Rajasthan,Bikaner,IMD110-P1546,1915,11.1,23.5,11.2,0.0,0.0,8.0,21.4,16.2,2.7,42.0,0.0,0.0,136.1,34.6,11.2,48.3,42.0,1546,,BIKANER,
Rajasthan,Bikaner,IMD110-P1546,1916,1.0,0.1,0.3,5.1,29.4,21.8,58.8,136.4,56.3,24.0,0.0,0.0,333.2,1.1,34.7,273.3,24.0,1546,,BIKANER,
Rajasthan,Bikaner,IMD110-P1546,1917,2.6,1.4,0.2,18.6,62.9,11.5,77.1,256.0,189.6,134.9,0.0,1.8,756.5,4.0,81.6,534.2,136.7,1546,,BIKANER,
Rajasthan,Bikaner,IMD110-P1546,1918,0.1,0.0,1.6,0.2,0.1,6.7,6.5,37.2,9.5,0.0,0.0,0.6,62.3,0.1,1.8,59.8,0.6,1546,,BIKANER,
Rajasthan,Bikaner,IMD110-P1546,1919,29.0,4.7,1.2,9.0,12.1,0.0,59.9,86.1,51.1,0.0,0.4,0.3,253.9,33.8,22.3,197.2,0.7,1546,,BIKANER,
Rajasthan,Bikaner,IMD110-P1546,1920,0.5,0.9,0.0,8.4,24.4,98.9,87.6,32.9,0.0,0.0,0.0,0.0,253.6,1.4,32.8,219.4,0.0,1546,,BIKANER,
Rajasthan,Bikaner,IMD110-P1546,1921,0.0,0.0,0.0,0.2,0.0,10.1,125.5,69.2,21.6,0.0,0.0,0.1,226.7,0.0,0.2,226.4,0.1,1546,,BIKANER,
Rajasthan,Bikaner,IMD110-P1546,1922,0.5,0.4,0.1,2.3,1.8,10.6,74.3,13.4,62.4,3.8,0.0,2.6,172.1,0.9,4.3,160.6,6.3,1546,,BIKANER,
Rajasthan,Bikaner,IMD110-P1546,1923,3.3,3.9,1.6,0.1,19.1,16.9,100.6,59.9,11.2,0.0,0.0,9.6,226.2,7.2,20.8,188.6,9.6,1546,,BIKANER,
Rajasthan,Bikaner,IMD110-P1546,1924,5.3,0.5,0.9,2.4,7.4,19.4,64.2,54.2,53.8,0.0,0.0,17.0,225.1,5.7,10.7,191.7,17.0,1546,,BIKANER,
Rajasthan,Bikaner,IMD110-P1546,1925,0.0,0.0,0.0,0.0,5.9,52.9,55.3,26.2,4.2,0.6,5.1,0.0,150.1,0.0,5.9,138.6,5.7,1546,,BIKANER,
Rajasthan,Bikaner,IMD110-P1546,1926,0.7,0.0,2.7,0.0,25.4,0.8,110.1,138.8,34.5,0.0,0.0,1.1,314.0,0.7,28.1,284.2,1.1,1546,,BIKANER,
Rajasthan,Bikaner,IMD110-P1546,1927,0.0,12.0,0.0,0.0,11.9,21.7,99.1,43.7,16.6,2.9,0.0,27.5,235.5,12.0,11.9,181.1,30.5,1546,,BIKANER,
Rajasthan,Bikaner,IMD110-P1546,1928,0.3,0.6,3.4,2.6,8.7,11.6,76.1,203.9,15.9,1.7,1.2,0.0,326.0,0.9,14.7,307.5,2.9,1546,,BIKANER,
Rajasthan,Bikaner,IMD110-P1546,1929,4.6,0.0,0.0,0.5,33.1,4.1,169.9,24.0,1.7,0.2,0.0,4.4,242.4,4.6,33.5,199.8,4.5,1546,,BIKANER,
Rajasthan,Bikaner,IMD110-P1546,1930,0.7,1.4,0.5,4.6,28.4,47.3,120.3,43.8,13.7,7.3,0.5,0.0,268.4,2.1,33.4,225.0,7.8,1546,,BIKANER,
Rajasthan,Bikaner,IMD110-P1546,1931,0.0,2.3,2.1,0.0,10.7,7.8,111.7,189.6,0.0,14.5,0.0,0.4,339.2,2.3,12.8,309.2,14.9,1546,,BIKANER,
Rajasthan,Bikaner,IMD110-P1546,1932,0.0,0.0,4.1,1.7,4.0,23.6,98.9,51.2,0.0,0.0,0.0,0.0,183.5,0.0,9.8,173.7,0.0,1546,,BIKANER,
Rajasthan,Bikaner,IMD110-P1546,1933,0.0,14.6,3.0,13.3,20.2,37.9,47.1,326.0,19.1,0.1,0.0,0.0,481.3,14.6,36.5,430.1,0.1,1546,,BIKANER,
Rajasthan,Bikaner,IMD110-P1546,1934,0.0,0.0,5.2,0.0,4.1,77.9,40.0,159.7,15.0,0.0,0.0,5.7,307.6,0.0,9.2,292.6,5.7,1546,,BIKANER,
Rajasthan,Bikaner,IMD110-P1546,1935,7.7,2.9,7.6,13.5,0.0,10.1,110.8,84.7,30.7,0.9,0.0,0.3,269.1,10.6,21.2,236.2,1.1,1546,,BIKANER,
Rajasthan,Bikaner,IMD110-P1546,1936,0.0,1.1,2.2,0.0,0.6,93.5,20.0,364.4,13.8,0.0,6.4,1.9,503.9,1.1,2.8,491.6,8.4,1546,,BIKANER,
Rajasthan,Bikaner,IMD110-P1546,1937,0.0,41.5,0.0,0.2,0.8,9.7,202.4,0.0,54.9,0.0,0.0,18.0,327.4,41.5,1.0,266.9,18.0,1546,,BIKANER,
Rajasthan,Bikaner,IMD110-P1546,1938,0.0,0.0,0.0,1.6,0.0,64.4,20.0,48.6,0.0,0.3,0.0,0.5,135.3,0.0,1.6,133.0,0.7,1546,,BIKANER,
Rajasthan,Bikaner,IMD110-P1546,1939,0.0,16.0,14.0,0.0,0.0,53.6,5.3,31.9,8.7,0.0,0.0,0.0,129.4,16.0,14.0,99.4,0.0,1546,,BIKANER,
Rajasthan,Bikaner,IMD110-P1546,1940,7.1,6.5,6.2,1.4,1.6,41.5,47.0,101.9,3.5,4.0,0.0,0.0,220.7,13.6,9.1,193.9,4.0,1546,,BIKANER,
Rajasthan,Bikaner,IMD110-P1546,1941,12.0,0.0,2.0,0.0,28.1,33.5,30.1,21.7,19.6,0.0,0.0,1.2,148.2,12.0,30.1,104.9,1.2,1547,,BIKANER,
Rajasthan,Bikaner,IMD110-P1546,1942,4.1,12.4,0.0,3.3,30.2,34.8,191.0,47.4,158.6,0.0,0.0,6.3,488.1,16.5,33.5,431.8,6.3,1547,,BIKANER,
Rajasthan,Bikaner,IMD110-P1546,1943,0.2,0.0,0.0,1.9,0.3,24.6,87.5,19.5,22.7,0.0,0.0,0.0,156.8,0.2,2.3,154.3,0.0,1547,,BIKANER,
Rajasthan,Bikaner,IMD110-P1546,1944,12.9,9.8,25.1,24.0,0.7,14.9,57.6,167.8,1.6,0.0,0.0,0.0,314.3,22.7,49.7,241.9,0.0,1547,,BIKANER,
Rajasthan,Bikaner,IMD110-P1546,1945,4.7,0.0,0.6,13.1,17.9,35.1,128.6,23.7,62.1,0.0,0.0,0.0,285.9,4.7,31.6,249.5,0.0,1547,,BIKANER,
Rajasthan,Bikaner,IMD110-P1546,1946,0.0,0.0,0.0,0.0,1.0,41.3,24.3,93.1,1.1,0.6,0.0,0.9,162.2,0.0,1.0,159.7,1.5,1547,,BIKANER,
Rajasthan,Bikaner,IMD110-P1546,1947,0.1,1.5,0.0,0.0,1.6,0.0,10.5,129.8,69.5,22.9,0.0,0.0,236.0,1.6,1.6,209.9,22.9,1547,,BIKANER,
Rajasthan,Bikaner,IMD110-P1546,1948,4.3,15.8,16.5,0.1,1.6,2.2,61.7,43.8,0.0,0.0,0.0,2.5,148.5,20.1,18.2,107.7,2.5,1547,,BIKANER,
Rajasthan,Bikaner,IMD110-P1546,1949,5.3,5.0,0.0,0.0,0.3,6.2,134.7,35.7,42.1,4.8,0.0,0.0,234.2,10.3,0.3,218.7,4.8,1547,,BIKANER,
Rajasthan,Bikaner,IMD110-P1546,1950,0.8,0.8,3.1,0.0,0.0,8.1,153.6,123.4,43.7,0.0,0.0,0.0,333.5,1.5,3.1,328.9,0.0,1547,,BIKANER,
Rajasthan,Bikaner,IMD110-P1546,1951,0.0,0.0,0.4,15.6,15.6,5.9,22.2,94.4,0.0,0.0,35.6,0.0,189.6,0.0,31.5,122.5,35.6,1547,,BIKANER,
Rajasthan,Bikaner,IMD110-P1546,1952,0.0,7.9,0.0,1.5,1.3,23.3,60.2,78.9,0.0,0.0,0.0,0.1,173.3,7.9,2.8,162.4,0.1,1547,,BIKANER,
Rajasthan,Bikaner,IMD110-P1546,1953,6.4,0.0,0.0,0.3,4.0,9.9,47.6,217.5,15.2,0.7,0.0,0.0,301.5,6.4,4.2,290.2,0.7,1547,,BIKANER,
Rajasthan,Bikaner,IMD110-P1546,1954,0.0,23.5,0.0,0.0,0.2,24.0,71.4,21.9,85.6,0.0,0.0,0.0,226.7,23.5,0.2,203.0,0.0,1547,,BIKANER,
Rajasthan,Bikaner,IMD110-P1546,1955,0.8,0.3,4.9,2.7,12.8,38.8,2.7,166.5,38.4,3.3,0.0,0.0,271.2,1.1,20.4,246.4,3.3,1547,,BIKANER,
Rajasthan,Bikaner,IMD110-P1546,1956,3.4,0.0,9.0,0.1,0.0,10.9,88.1,61.8,15.2,56.6,0.0,1.3,246.4,3.4,9.1,176.0,57.9,1547,,BIKANER,
Rajasthan,Bikaner,IMD110-P1546,1957,24.0,0.0,3.9,0.0,20.0,39.5,56.2,56.7,1.9,0.5,0.2,0.9,203.6,24.0,23.9,154.2,1.5,1547,,BIKANER,
Rajasthan,Bikaner,IMD110-P1546,1958,7.9,0.0,0.0,0.0,2.8,14.1,29.3,10.4,159.6,4.6,13.3,6.7,248.6,7.9,2.8,213.4,24.6,1547,,BIKANER,
Rajasthan,Bikaner,IMD110-P1546,1959,1.0,4.3,1.3,0.3,5.1,19.6,114.4,67.1,106.7,1.7,0.7,0.0,322.1,5.3,6.7,307.7,2.4,1547,,BIKANER,
Rajasthan,Bikaner,IMD110-P1546,1960,0.4,0.0,1.4,0.0,3.0,30.7,82.6,58.6,0.2,0.0,0.0,16.4,193.3,0.4,4.4,172.0,16.4,1547,,BIKANER,
Rajasthan,Bikaner,IMD110-P1546,1961,3.7,14.3,0.0,0.9,14.1,46.2,63.9,72.7,77.8,0.0,4.8,1.7,300.0,18.0,15.0,260.6,6.5,1547,,BIKANER,
Rajasthan,Bikaner,IMD110-P1546,1962,2.8,0.2,16.0,2.2,2.5,1.6,108.2,38.5,62.3,0.0,0.0,2.1,236.4,2.9,20.7,210.6,2.1,1547,,BIKANER,
Rajasthan,Bikaner,IMD110-P1546,1963,0.0,0.0,2.5,1.3,5.6,6.2,15.4,80.6,2.4,0.0,0.6,0.0,114.5,0.0,9.4,104.5,0.6,1547,,BIKANER,
Rajasthan,Bikaner,IMD110-P1546,1964,1.1,0.0,1.5,1.1,17.3,17.3,150.7,169.1,0.4,0.0,0.0,0.6,359.2,1.1,19.9,337.5,0.6,1547,,BIKANER,
Rajasthan,Bikaner,IMD110-P1546,1965,3.1,1.8,3.2,1.7,6.1,5.2,98.6,17.8,4.0,5.1,0.5,0.0,147.2,5.0,11.0,125.7,5.6,1547,,BIKANER,
Rajasthan,Bikaner,IMD110-P1546,1966,0.5,29.3,3.8,0.0,35.0,21.4,39.1,108.4,58.6,6.4,0.8,0.0,303.4,29.8,38.8,227.6,7.2,1547,,BIKANER,
Rajasthan,Bikaner,IMD110-P1546,1967,0.0,0.0,51.9,4.4,0.0,14.7,32.2,91.4,47.9,8.6,8.0,34.0,292.9,0.0,56.3,186.1,50.5,1547,,BIKANER,
Rajasthan,Bikaner,IMD110-P1546,1968,1.8,5.8,0.9,0.0,7.6,0.0,46.8,10.5,0.0,0.0,0.0,0.0,73.4,7.6,8.5,57.3,0.0,1547,,BIKANER,
Rajasthan,Bikaner,IMD110-P1546,1969,0.0,1.7,1.4,2.6,2.0,0.7,96.5,38.7,17.8,4.5,0.0,0.0,165.7,1.7,6.0,153.6,4.5,1547,,BIKANER,
Rajasthan,Bikaner,IMD110-P1546,1970,9.4,47.2,5.8,1.1,2.9,18.0,37.9,81.9,74.0,0.0,0.0,0.0,278.1,56.5,9.8,211.8,0.0,1547,,BIKANER,
Rajasthan,Bikaner,IMD110-P1546,1971,2.1,0.3,0.0,3.8,41.4,53.3,29.6,52.6,17.4,3.0,0.0,0.0,203.4,2.4,45.2,152.9,3.0,1547,,BIKANER,
Rajasthan,Bikaner,IMD110-P1546,1972,1.8,0.1,0.0,4.2,0.0,49.9,16.9,95.7,3.0,0.2,0.0,0.2,171.9,1.9,4.2,165.4,0.4,1547,,BIKANER,
Rajasthan,Bikaner,IMD110-P1546,1973,0.0,0.0,0.0,0.0,12.6,1.1,48.0,138.4,18.0,0.0,0.0,1.8,220.0,0.0,12.6,205.6,1.8,1547,,BIKANER,
Rajasthan,Bikaner,IMD110-P1546,1974,0.0,0.0,0.1,1.1,21.8,33.8,146.5,9.3,11.9,1.2,0.0,1.1,226.7,0.0,23.0,201.5,2.3,1547,,BIKANER,
Rajasthan,Bikaner,IMD110-P1546,1975,1.6,0.0,4.1,0.0,0.4,35.4,121.0,123.7,111.0,3.8,0.0,0.3,401.2,1.6,4.5,391.1,4.1,1547,,BIKANER,
Rajasthan,Bikaner,IMD110-P1546,1976,6.1,0.0,0.0,6.2,9.2,62.7,49.3,179.7,90.4,0.0,0.8,0.1,404.5,6.1,15.4,382.1,0.9,1547,,BIKANER,
Rajasthan,Bikaner,IMD110-P1546,1977,19.9,0.0,0.0,8.1,10.1,98.8,,34.4,199.7,0.0,1.2,0.0,,19.9,18.1,,1.2,1547,missing_months,BIKANER,
Rajasthan,Bikaner,IMD110-P1546,1978,0.1,22.4,14.0,8.7,0.0,32.2,256.1,59.3,26.5,1.2,0.0,2.6,423.1,22.5,22.7,374.1,3.8,1547,,BIKANER,
Rajasthan,Bikaner,IMD110-P1546,1979,7.6,42.0,4.9,0.2,45.5,5.3,45.1,35.4,36.8,17.9,3.4,3.0,247.2,49.6,50.7,122.6,24.3,1547,,BIKANER,
Rajasthan,Bikaner,IMD110-P1546,1980,1.0,0.0,11.1,0.0,4.3,27.5,86.2,26.8,18.8,6.4,6.1,3.6,191.8,1.0,15.5,159.3,16.0,1547,,BIKANER,
Rajasthan,Bikaner,IMD110-P1546,1981,1.9,2.1,18.0,0.0,22.2,12.1,159.3,28.0,11.9,0.0,43.1,8.3,307.0,4.1,40.2,211.4,51.4,1547,,BIKANER,
Rajasthan,Bikaner,IMD110-P1546,1982,12.5,4.0,27.7,36.8,55.0,25.9,54.4,144.7,10.3,12.1,0.0,1.3,384.6,16.5,119.5,235.3,13.4,1548,,BIKANER,
Rajasthan,Bikaner,IMD110-P1546,1983,3.3,0.4,8.6,55.2,73.3,46.7,167.3,135.2,47.5,2.7,0.0,0.0,540.2,3.7,137.2,396.6,2.7,1548,,BIKANER,
Rajasthan,Bikaner,IMD110-P1546,1984,0.0,7.5,0.0,0.6,0.0,0.3,47.2,73.1,41.7,0.0,0.0,0.0,170.5,7.5,0.6,162.4,0.0,1548,,BIKANER,
Rajasthan,Bikaner,IMD110-P1546,1985,0.1,0.0,0.9,3.8,14.8,10.1,68.3,44.8,5.1,0.8,0.0,0.1,148.8,0.1,19.5,128.3,1.0,1548,,BIKANER,
Rajasthan,Bikaner,IMD110-P1546,1986,1.8,18.2,5.1,0.0,13.3,57.3,114.5,41.2,6.7,0.0,0.0,0.0,258.1,19.9,18.4,219.8,0.0,1548,,BIKANER,
Rajasthan,Bikaner,IMD110-P1546,1987,7.0,0.7,13.9,0.0,45.2,89.4,9.8,25.7,3.3,0.1,0.0,0.0,195.1,7.7,59.1,128.3,0.1,1548,,BIKANER,
Rajasthan,Bikaner,IMD110-P1546,1988,0.3,0.0,24.8,1.6,0.0,46.6,85.2,28.3,27.0,17.8,0.0,0.0,231.5,0.3,26.4,187.1,17.8,1548,,BIKANER,
Rajasthan,Bikaner,IMD110-P1546,1989,20.2,0.0,0.1,0.3,0.0,16.9,119.3,82.7,36.4,0.0,0.0,0.5,276.3,20.2,0.4,255.3,0.5,1548,,BIKANER,
Rajasthan,Bikaner,IMD110-P1546,1990,0.0,33.0,0.0,1.3,55.5,7.8,78.1,101.5,29.7,0.0,0.0,0.0,306.8,33.0,56.8,217.0,0.0,1548,,BIKANER,
Rajasthan,Bikaner,IMD110-P1546,1991,0.0,10.9,0.0,13.1,25.6,23.5,18.5,19.5,3.0,0.0,0.0,5.9,120.1,10.9,38.7,64.6,5.9,1548,,BIKANER,
Rajasthan,Bikaner,IMD110-P1546,1992,3.8,13.8,1.9,0.0,3.2,15.1,135.5,118.4,86.4,12.6,2.5,0.0,393.2,17.6,5.1,355.3,15.1,1548,,BIKANER,
Rajasthan,Bikaner,IMD110-P1546,1993,4.9,3.7,0.0,0.0,4.6,53.3,98.7,6.3,51.3,0.0,0.0,0.0,222.8,8.6,4.6,209.5,0.0,1548,,BIKANER,
Rajasthan,Bikaner,IMD110-P1546,1994,17.0,0.2,0.3,7.0,1.2,31.5,188.6,49.0,41.9,0.0,0.0,0.0,336.6,17.2,8.5,311.0,0.0,1548,,BIKANER,
Rajasthan,Bikaner,IMD110-P1546,1995,16.9,24.3,6.1,4.7,0.0,20.6,157.2,82.8,14.9,6.8,0.0,0.0,334.2,41.2,10.8,275.4,6.8,1548,,BIKANER,
Rajasthan,Bikaner,IMD110-P1546,1996,7.0,8.0,6.0,0.0,,138.6,57.8,62.0,13.6,,0.0,0.0,,15.0,,272.0,,1548,missing_months,BIKANER,
Rajasthan,Bikaner,IMD110-P1546,1997,1.6,3.4,21.7,45.2,44.3,109.8,41.6,125.6,5.9,153.5,0.6,2.3,555.4,5.0,111.2,282.9,156.4,1548,,BIKANER,
Rajasthan,Bikaner,IMD110-P1546,1998,0.0,37.6,7.6,21.9,3.4,41.5,195.1,32.2,46.8,111.0,0.0,0.0,497.1,37.6,32.9,315.6,111.0,1548,,BIKANER,
Rajasthan,Bikaner,IMD110-P1546,1999,12.1,0.7,0.0,0.0,72.9,11.5,81.2,46.7,2.0,0.0,0.0,0.0,227.0,12.8,72.9,141.3,0.0,1548,,BIKANER,
Rajasthan,Bikaner,IMD110-P1546,2000,4.2,0.8,0.0,0.4,0.0,5.1,156.8,46.1,9.9,0.9,1.0,0.0,225.3,5.0,0.4,217.9,1.9,1548,,BIKANER,
Rajasthan,Bikaner,IMD110-P1546,2001,0.0,3.2,0.0,19.2,41.9,71.3,63.0,64.1,3.4,1.7,0.0,0.0,267.9,3.2,61.1,201.9,1.7,1548,,BIKANER,
Rajasthan,Bikaner,IMD110-P1546,2002,0.0,1.4,3.1,0.5,11.0,7.2,0.2,11.1,13.1,0.0,6.9,4.9,59.5,1.4,14.6,31.7,11.8,1548,,BIKANER,
Rajasthan,Bikaner,IMD110-P1546,2003,6.6,17.3,4.0,0.4,3.0,11.3,162.3,81.1,16.4,1.3,0.0,0.0,303.6,23.8,7.3,271.1,1.3,1548,,BIKANER,
Rajasthan,Bikaner,IMD110-P1546,2004,2.3,0.0,0.0,9.0,5.3,55.8,5.0,59.8,8.8,5.5,0.0,5.8,157.1,2.3,14.3,129.3,11.2,1548,,BIKANER,
Rajasthan,Bikaner,IMD110-P1546,2005,2.4,35.6,19.8,5.7,7.6,33.9,109.7,4.3,70.5,0.0,0.0,0.0,289.5,37.9,33.2,218.4,0.0,1548,,BIKANER,
Rajasthan,Bikaner,IMD110-P1546,2006,0.0,0.0,23.3,8.3,10.0,38.2,33.5,39.3,16.8,19.5,1.0,4.6,194.4,0.0,41.5,127.8,25.1,1548,,BIKANER,
Rajasthan,Bikaner,IMD110-P1546,2007,0.0,67.4,30.4,3.3,2.9,49.5,46.4,45.7,38.8,0.0,0.4,0.0,284.8,67.4,36.5,180.4,0.4,1548,,BIKANER,
Rajasthan,Bikaner,IMD110-P1546,2008,4.8,0.4,2.1,54.4,55.1,46.4,58.3,114.5,24.2,0.0,0.0,10.2,370.4,5.2,111.5,243.4,10.2,1548,,BIKANER,
Rajasthan,Bikaner,IMD110-P1546,2009,5.1,8.2,11.9,1.1,24.0,36.4,99.4,20.1,8.1,0.8,0.0,0.6,215.7,13.3,37.0,164.0,1.4,1548,,BIKANER,
Rajasthan,Bikaner,IMD110-P1546,2010,2.1,3.7,0.6,0.4,12.0,77.9,89.1,120.0,103.9,0.6,4.0,5.1,419.6,5.9,13.0,391.0,9.8,1548,,BIKANER,
Rajasthan,Bundi,IMD110-P1549,1901,22.5,2.8,14.0,3.1,2.3,11.1,198.6,189.5,6.1,0.9,0.0,0.0,450.8,25.3,19.4,405.3,0.9,1549,,BUNDI,
Rajasthan,Bundi,IMD110-P1549,1902,13.6,0.0,0.0,0.0,3.4,45.6,275.5,129.5,102.1,10.9,0.0,0.2,580.8,13.6,3.4,552.8,11.1,1549,,BUNDI,
Rajasthan,Bundi,IMD110-P1549,1903,0.0,0.0,0.0,0.0,15.3,12.6,302.8,288.5,268.3,7.3,0.0,0.0,894.6,0.0,15.3,872.1,7.3,1549,,BUNDI,
Rajasthan,Bundi,IMD110-P1549,1904,9.5,10.3,11.2,0.0,15.4,26.1,470.4,240.3,42.7,0.0,3.7,5.8,835.3,19.8,26.6,779.5,9.4,1549,,BUNDI,
Rajasthan,Bundi,IMD110-P1549,1905,1.9,12.2,2.0,1.8,9.1,14.0,112.3,34.5,99.1,0.0,0.0,0.0,286.9,14.1,12.9,259.9,0.0,1549,,BUNDI,
Rajasthan,Bundi,IMD110-P1549,1906,0.0,22.6,0.0,0.0,0.3,12.9,455.9,56.5,157.2,0.0,0.0,0.8,706.1,22.6,0.3,682.5,0.8,1549,,BUNDI,
Rajasthan,Bundi,IMD110-P1549,1907,7.9,20.8,0.0,1.9,4.0,5.6,76.9,334.2,13.2,0.0,0.0,0.0,464.5,28.7,5.8,429.9,0.0,1549,,BUNDI,
Rajasthan,Bundi,IMD110-P1549,1908,15.3,0.0,10.6,0.0,0.6,48.4,554.5,489.8,142.9,0.0,0.0,0.3,1262.4,15.3,11.3,1235.6,0.3,1549,,BUNDI,
Rajasthan,Bundi,IMD110-P1549,1909,5.4,0.0,0.0,22.9,0.6,162.6,268.4,222.9,59.2,0.0,0.0,10.2,752.0,5.4,23.4,712.9,10.2,1549,,BUNDI,
Rajasthan,Bundi,IMD110-P1549,1910,9.4,0.0,0.0,2.3,0.0,94.1,106.7,269.1,199.4,64.1,0.0,0.0,745.1,9.4,2.3,669.3,64.1,1549,,BUNDI,
Rajasthan,Bundi,IMD110-P1549,1911,12.2,0.2,8.8,0.0,0.0,47.3,34.5,108.1,236.3,9.5,24.7,2.0,483.6,12.4,8.8,426.2,36.3,1549,,BUNDI,
Rajasthan,Bundi,IMD110-P1549,1912,3.2,3.2,1.3,2.0,3.2,61.4,363.4,288.9,31.8,0.0,0.6,16.3,775.3,6.4,6.5,745.5,16.9,1549,,BUNDI,
Rajasthan,Bundi,IMD110-P1549,1913,0.0,8.5,0.0,0.0,37.7,119.6,104.1,116.8,22.5,3.5,0.0,37.5,450.2,8.5,37.7,363.0,41.1,1549,,BUNDI,
Rajasthan,Bundi,IMD110-P1549,1914,0.0,0.0,0.0,0.0,0.3,111.4,293.5,192.4,100.9,0.0,2.4,0.0,700.8,0.0,0.3,698.1,2.4,1549,,BUNDI,
Rajasthan,Bundi,IMD110-P1549,1915,34.7,49.5,23.8,1.5,0.5,29.6,69.6,86.7,11.6,41.3,0.0,0.0,348.8,84.2,25.8,197.6,41.3,1549,,BUNDI,
Rajasthan,Bundi,IMD110-P1549,1916,0.0,0.0,0.0,0.0,20.4,83.6,146.5,598.8,132.9,28.1,0.0,0.0,1010.2,0.0,20.4,961.7,28.1,1549,,BUNDI,
Rajasthan,Bundi,IMD110-P1549,1917,5.7,0.0,0.6,1.8,106.6,284.1,271.0,439.5,336.3,88.9,0.0,0.0,1534.6,5.7,109.1,1330.9,88.9,1549,,BUNDI,
Rajasthan,Bundi,IMD110-P1549,1918,0.0,0.0,0.0,0.0,0.0,53.0,69.3,139.6,2.8,0.0,11.9,0.0,276.7,0.0,0.0,264.8,11.9,1549,,BUNDI,
Rajasthan,Bundi,IMD110-P1549,1919,27.6,0.0,9.1,2.2,6.9,23.0,404.8,416.3,24.0,0.0,28.3,6.1,948.2,27.6,18.1,868.1,34.4,1549,,BUNDI,
Rajasthan,Bundi,IMD110-P1549,1920,4.4,4.4,0.5,0.0,23.0,174.9,400.2,147.4,1.6,0.0,0.0,0.0,756.4,8.9,23.5,724.1,0.0,1549,,BUNDI,
Rajasthan,Bundi,IMD110-P1549,1921,41.9,0.0,0.0,0.8,0.0,12.3,163.0,138.4,206.4,0.0,0.0,0.0,562.7,41.9,0.8,520.0,0.0,1549,,BUNDI,
Rajasthan,Bundi,IMD110-P1549,1922,0.3,0.0,0.0,0.0,7.3,49.4,332.5,137.8,110.8,0.0,1.3,6.8,646.0,0.3,7.3,630.5,8.0,1549,,BUNDI,
Rajasthan,Bundi,IMD110-P1549,1923,0.6,12.5,0.0,4.3,1.4,11.4,495.5,354.0,68.1,0.0,0.0,4.2,952.0,13.1,5.7,929.0,4.2,1549,,BUNDI,
Rajasthan,Bundi,IMD110-P1549,1924,21.5,0.0,0.0,0.0,6.0,40.3,362.8,327.6,383.5,18.3,0.0,38.2,1198.1,21.5,6.0,1114.2,56.5,1549,,BUNDI,
Rajasthan,Bundi,IMD110-P1549,1925,0.0,0.0,0.0,0.0,19.8,180.6,283.1,89.6,6.1,0.0,13.9,0.0,593.1,0.0,19.8,559.3,13.9,1549,,BUNDI,
Rajasthan,Bundi,IMD110-P1549,1926,4.8,0.0,44.8,2.4,41.0,4.3,186.4,454.5,202.1,0.0,0.0,0.5,940.8,4.8,88.3,847.3,0.5,1549,,BUNDI,
Rajasthan,Bundi,IMD110-P1549,1927,0.0,2.4,0.0,3.8,1.1,4.0,305.3,431.8,81.2,8.0,62.7,38.4,938.7,2.4,4.9,822.3,109.1,1549,,BUNDI,
Rajasthan,Bundi,IMD110-P1549,1928,0.0,20.7,0.0,0.0,11.2,11.2,303.7,229.5,22.8,126.4,5.2,0.0,730.8,20.7,11.2,567.3,131.6,1549,,BUNDI,
Rajasthan,Bundi,IMD110-P1549,1929,3.8,0.0,0.0,1.8,0.6,28.4,292.5,284.2,69.4,0.5,0.0,4.8,686.0,3.8,2.4,674.5,5.3,1549,,BUNDI,
Rajasthan,Bundi,IMD110-P1549,1930,15.0,0.0,0.0,0.0,7.5,28.1,182.6,72.3,36.5,109.2,0.0,0.0,451.2,15.0,7.5,319.5,109.2,1549,,BUNDI,
Rajasthan,Bundi,IMD110-P1549,1931,0.0,0.9,0.0,0.0,13.1,11.9,403.8,410.9,21.5,62.3,0.0,0.8,925.1,0.9,13.1,848.0,63.1,1549,,BUNDI,
Rajasthan,Bundi,IMD110-P1549,1932,0.0,1.9,10.8,0.4,5.0,21.2,279.2,186.1,105.6,0.4,0.0,0.0,610.5,1.9,16.1,592.0,0.4,1549,,BUNDI,
Rajasthan,Bundi,IMD110-P1549,1933,0.0,11.9,0.5,44.7,22.4,221.8,176.4,292.4,253.8,3.8,5.8,2.2,1035.7,11.9,67.6,944.4,11.8,1549,,BUNDI,
Rajasthan,Bundi,IMD110-P1549,1934,9.0,0.0,12.1,0.0,0.0,144.2,150.1,719.1,97.2,0.0,0.0,7.2,1138.8,9.0,12.1,1110.5,7.2,1550,,BUNDI,
Rajasthan,Bundi,IMD110-P1549,1935,4.4,2.3,0.0,6.1,0.0,40.1,429.2,192.9,246.5,11.5,0.0,13.9,946.9,6.7,6.1,908.6,25.4,1550,,BUNDI,
Rajasthan,Bundi,IMD110-P1549,1936,1.1,1.4,13.2,0.0,5.3,137.6,90.8,164.6,78.1,0.0,7.4,0.0,499.5,2.5,18.5,471.1,7.4,1550,,BUNDI,
Rajasthan,Bundi,IMD110-P1549,1937,0.0,3.0,3.5,0.0,1.1,74.1,504.0,97.9,67.0,0.1,0.0,7.6,758.5,3.0,4.6,743.1,7.8,1550,,BUNDI,
Rajasthan,Bundi,IMD110-P1549,1938,2.7,0.0,0.0,0.0,2.6,150.8,183.1,126.2,8.5,12.7,0.0,0.0,486.5,2.7,2.6,468.5,12.7,1550,,BUNDI,
Rajasthan,Bundi,IMD110-P1549,1939,6.2,8.0,3.9,0.0,0.0,79.2,132.3,89.0,39.7,0.0,0.0,0.0,358.1,14.1,3.9,340.1,0.0,1550,,BUNDI,
Rajasthan,Bundi,IMD110-P1549,1940,19.5,6.8,14.2,0.0,22.5,60.4,187.8,379.4,30.0,0.0,3.7,0.0,724.2,26.3,36.7,657.6,3.7,1550,,BUNDI,
Rajasthan,Bundi,IMD110-P1549,1941,14.0,3.3,2.3,0.0,2.8,19.0,87.9,107.1,85.7,1.4,0.0,0.0,323.5,17.3,5.1,299.8,1.4,1550,,BUNDI,
Rajasthan,Bundi,IMD110-P1549,1942,27.0,0.8,0.0,0.4,4.4,80.3,623.5,556.8,73.5,0.0,0.0,0.0,1366.7,27.8,4.8,1334.1,0.0,1550,,BUNDI,
Rajasthan,Bundi,IMD110-P1549,1943,1.6,0.0,0.0,1.0,6.6,50.7,428.2,102.1,125.4,0.0,0.0,0.0,715.7,1.6,7.6,706.4,0.0,1550,,BUNDI,
Rajasthan,Bundi,IMD110-P1549,1944,5.5,6.9,19.3,9.6,0.5,49.3,350.8,344.4,47.3,0.0,0.0,7.0,840.7,12.4,29.4,791.8,7.0,1550,,BUNDI,
Rajasthan,Bundi,IMD110-P1549,1945,5.7,0.0,0.0,2.3,25.8,149.9,614.2,324.4,184.8,15.1,0.0,0.0,1322.3,5.7,28.1,1273.3,15.1,1550,,BUNDI,
Rajasthan,Bundi,IMD110-P1549,1946,0.0,28.6,0.0,0.0,4.3,137.3,196.8,638.3,143.4,5.5,8.9,43.0,1206.2,28.6,4.3,1115.8,57.5,1550,,BUNDI,
Rajasthan,Bundi,IMD110-P1549,1947,0.8,0.0,0.0,0.0,0.8,6.9,138.7,429.4,433.2,11.2,0.0,2.4,1023.4,0.8,0.8,1008.1,13.7,1550,,BUNDI,
Rajasthan,Bundi,IMD110-P1549,1948,14.9,1.1,0.0,0.0,0.0,36.0,374.9,183.4,178.5,2.8,19.0,0.0,810.5,16.0,0.0,772.7,21.8,1550,,BUNDI,
Rajasthan,Bundi,IMD110-P1549,1949,0.0,0.0,0.0,0.0,0.0,52.0,382.5,113.4,65.9,4.6,0.0,0.0,618.5,0.0,0.0,613.9,4.6,1550,,BUNDI,
Rajasthan,Bundi,IMD110-P1549,1950,0.0,0.0,0.0,0.0,6.8,8.6,270.1,331.3,139.7,0.0,0.0,0.0,756.4,0.0,6.8,749.6,0.0,1550,,BUNDI,
Rajasthan,Bundi,IMD110-P1549,1951,0.6,0.0,7.9,3.5,7.2,74.1,109.0,179.7,13.2,0.0,29.9,0.0,425.1,0.6,18.6,376.0,29.9,1550,,BUNDI,
Rajasthan,Bundi,IMD110-P1549,1952,0.4,2.8,0.0,0.9,0.0,185.5,434.2,213.6,8.5,0.0,0.0,8.0,853.9,3.2,0.9,841.8,8.0,1550,,BUNDI,
Rajasthan,Bundi,IMD110-P1549,1953,28.8,0.0,0.0,0.6,0.6,67.0,143.0,282.2,38.7,2.5,0.0,0.9,564.2,28.8,1.1,530.9,3.4,1550,,BUNDI,
Rajasthan,Bundi,IMD110-P1549,1954,4.9,19.6,8.5,0.0,0.0,47.3,341.3,64.6,279.7,47.0,2.2,0.0,815.1,24.5,8.5,732.9,49.2,1550,,BUNDI,
Rajasthan,Bundi,IMD110-P1549,1955,11.9,5.6,1.3,0.0,2.3,112.5,91.1,515.2,194.1,126.2,0.0,0.0,1060.2,17.5,3.6,912.9,126.2,1550,,BUNDI,
Rajasthan,Bundi,IMD110-P1549,1956,5.4,0.0,10.3,0.0,0.0,34.4,534.3,279.6,102.9,185.7,0.0,24.1,1176.8,5.4,10.3,951.2,209.8,1550,,BUNDI,
Rajasthan,Bundi,IMD110-P1549,1957,21.9,0.0,9.8,0.5,4.6,87.4,441.6,235.3,50.5,7.8,1.9,0.2,861.7,21.9,15.0,814.8,9.9,1550,,BUNDI,
Rajasthan,Bundi,IMD110-P1549,1958,2.0,0.6,0.0,1.7,0.0,34.6,430.2,177.5,258.4,2.0,5.5,1.4,913.9,2.7,1.7,900.7,8.8,1550,,BUNDI,
Rajasthan,Bundi,IMD110-P1549,1959,1.3,0.0,0.0,0.0,57.5,60.1,281.2,283.3,166.5,24.5,5.0,0.0,879.3,1.3,57.5,791.0,29.4,1550,,BUNDI,
Rajasthan,Bundi,IMD110-P1549,1960,1.6,0.0,4.5,4.3,2.4,51.5,170.7,313.1,27.2,24.5,0.0,0.2,600.0,1.6,11.2,562.6,24.6,1550,,BUNDI,
Rajasthan,Bundi,IMD110-P1549,1961,20.7,0.2,0.0,0.9,2.5,15.7,243.2,204.6,385.3,29.8,3.3,1.0,907.2,20.9,3.4,848.8,34.1,1550,,BUNDI,
Rajasthan,Bundi,IMD110-P1549,1962,0.0,0.0,1.2,0.0,2.6,3.1,262.2,199.6,155.6,0.0,0.0,18.0,642.3,0.0,3.8,620.5,18.0,1550,,BUNDI,
Rajasthan,Bundi,IMD110-P1549,1963,0.6,0.0,1.6,3.6,5.1,31.3,169.9,387.4,84.8,1.5,17.0,0.0,702.8,0.6,10.4,673.4,18.4,1550,,BUNDI,
Rajasthan,Bundi,IMD110-P1549,1964,0.0,0.0,0.0,0.0,23.1,46.9,171.0,261.7,64.8,0.0,0.0,0.0,567.6,0.0,23.1,544.5,0.0,1550,,BUNDI,
Rajasthan,Bundi,IMD110-P1549,1965,2.2,0.0,0.0,1.1,1.8,5.8,262.3,82.3,94.1,4.0,0.0,0.0,453.6,2.2,2.9,444.6,4.0,1550,,BUNDI,
Rajasthan,Bundi,IMD110-P1549,1966,0.0,0.0,0.0,0.0,2.0,111.3,124.3,190.4,82.1,0.0,1.0,0.0,511.2,0.0,2.0,508.1,1.0,1550,,BUNDI,
Rajasthan,Bundi,IMD110-P1549,1967,0.0,0.0,51.6,0.0,0.0,69.5,159.2,302.2,136.6,1.3,0.0,19.9,740.2,0.0,51.6,667.5,21.1,1550,,BUNDI,
Rajasthan,Bundi,IMD110-P1549,1968,0.9,0.3,0.0,0.0,1.7,2.8,222.7,196.8,14.7,2.4,0.0,0.3,442.6,1.2,1.7,437.0,2.7,1551,,BUNDI,
Rajasthan,Bundi,IMD110-P1549,1969,7.2,1.0,0.0,0.0,0.2,9.7,503.9,263.7,118.5,0.0,0.0,0.0,904.2,8.1,0.2,895.8,0.0,1551,,BUNDI,
Rajasthan,Bundi,IMD110-P1549,1970,4.0,10.9,0.4,0.0,0.5,58.4,124.6,239.9,53.2,4.9,0.0,0.0,496.9,14.9,0.9,476.2,4.9,1551,,BUNDI,
Rajasthan,Bundi,IMD110-P1549,1971,1.1,0.3,0.0,1.5,41.2,139.1,404.7,185.6,273.7,7.3,0.0,0.0,1054.5,1.4,42.7,1003.1,7.3,1551,,BUNDI,
Rajasthan,Bundi,IMD110-P1549,1972,0.0,3.2,0.0,0.0,0.2,55.7,78.0,221.4,18.8,1.7,0.0,0.0,378.9,3.2,0.2,373.8,1.7,1551,,BUNDI,
Rajasthan,Bundi,IMD110-P1549,1973,0.0,0.0,0.9,0.0,7.3,35.8,353.4,345.5,165.3,13.1,0.0,0.4,921.6,0.0,8.1,899.9,13.5,1551,,BUNDI,
Rajasthan,Bundi,IMD110-P1549,1974,0.0,0.0,0.0,0.1,3.7,29.3,520.1,235.1,0.0,133.9,0.0,0.4,922.5,0.0,3.8,784.4,134.3,1551,,BUNDI,
Rajasthan,Bundi,IMD110-P1549,1975,0.0,0.0,0.1,0.0,0.3,99.1,261.1,402.3,183.1,26.8,0.0,0.0,972.8,0.0,0.4,945.6,26.8,1551,,BUNDI,
Rajasthan,Bundi,IMD110-P1549,1976,7.0,1.8,0.0,2.3,4.5,136.9,210.8,269.8,143.5,0.0,115.8,0.0,892.5,8.8,6.8,761.0,115.8,1551,,BUNDI,
Rajasthan,Bundi,IMD110-P1549,1977,3.9,1.9,0.0,9.7,25.0,106.2,124.7,144.7,90.2,0.0,7.0,0.0,513.3,5.8,34.7,465.8,7.0,1551,,BUNDI,
Rajasthan,Bundi,IMD110-P1549,1978,0.0,12.0,17.0,0.8,0.0,125.7,268.5,290.3,32.8,0.0,3.8,2.9,753.7,12.0,17.8,717.2,6.7,1551,,BUNDI,
Rajasthan,Bundi,IMD110-P1549,1979,1.8,45.3,5.1,0.0,14.7,48.3,380.9,132.2,10.0,0.0,93.4,13.6,745.3,47.1,19.8,571.4,107.0,1551,,BUNDI,
Rajasthan,Bundi,IMD110-P1549,1980,5.4,0.0,0.0,0.0,0.9,111.8,196.6,115.7,37.3,0.0,0.0,2.7,470.4,5.4,0.9,461.4,2.7,1551,,BUNDI,
Rajasthan,Bundi,IMD110-P1549,1981,6.1,0.0,6.1,0.0,1.3,50.1,307.0,91.9,61.1,14.2,10.0,0.0,547.9,6.1,7.5,510.1,24.2,1551,,BUNDI,
Rajasthan,Bundi,IMD110-P1549,1982,21.1,2.0,7.9,33.7,1.1,15.4,215.7,335.0,18.4,7.5,54.3,0.6,712.8,23.1,42.7,584.5,62.4,1551,,BUNDI,
Rajasthan,Bundi,IMD110-P1549,1983,0.0,0.0,0.0,14.4,9.0,42.2,111.9,246.9,111.0,0.0,0.0,0.0,535.3,0.0,23.4,512.0,0.0,1551,,BUNDI,
Rajasthan,Bundi,IMD110-P1549,1984,5.7,0.0,0.0,0.0,0.0,22.8,90.8,337.9,175.8,0.0,0.0,0.0,632.9,5.7,0.0,627.2,0.0,1551,,BUNDI,
Rajasthan,Bundi,IMD110-P1549,1985,0.0,0.0,0.0,1.0,0.0,5.2,137.9,203.9,40.4,74.0,0.0,5.8,468.2,0.0,1.0,387.3,79.9,1551,,BUNDI,
Rajasthan,Bundi,IMD110-P1549,1986,7.8,37.1,0.0,0.7,18.4,61.3,509.3,189.2,6.2,0.3,0.0,0.0,830.4,44.9,19.1,766.0,0.3,1551,,BUNDI,
Rajasthan,Bundi,IMD110-P1549,1987,9.0,0.0,0.0,0.0,4.8,56.0,57.2,177.4,48.8,12.0,0.0,40.3,405.4,9.0,4.8,339.4,52.3,1551,,BUNDI,
Rajasthan,Bundi,IMD110-P1549,1988,0.7,0.0,6.9,0.9,2.6,127.5,166.4,109.7,63.6,16.1,0.0,0.0,494.3,0.7,10.3,467.1,16.1,1551,,BUNDI,
Rajasthan,Bundi,IMD110-P1549,1989,4.2,0.0,0.0,0.0,0.2,60.9,96.9,274.8,13.6,0.0,0.0,3.2,453.7,4.2,0.2,446.1,3.2,1551,,BUNDI,
Rajasthan,Bundi,IMD110-P1549,1990,0.0,0.0,0.0,0.0,8.9,98.7,240.1,277.9,175.6,0.0,0.0,0.0,801.2,0.0,8.9,792.3,0.0,1551,,BUNDI,
Rajasthan,Bundi,IMD110-P1549,1991,0.0,0.0,0.0,9.4,0.0,2.8,276.1,269.9,43.9,0.0,0.5,0.0,602.5,0.0,9.4,592.7,0.5,1551,,BUNDI,
Rajasthan,Bundi,IMD110-P1549,1992,5.0,0.5,0.0,0.0,13.0,7.0,173.5,268.3,50.0,51.1,0.0,0.0,568.5,5.5,13.0,498.8,51.1,1551,,BUNDI,
Rajasthan,Bundi,IMD110-P1549,1993,0.0,5.2,1.6,5.2,0.3,113.1,215.5,125.9,160.9,4.3,0.0,0.0,632.0,5.2,7.1,615.3,4.3,1551,,BUNDI,
Rajasthan,Bundi,IMD110-P1549,1994,20.2,0.0,0.0,3.8,0.2,120.9,327.2,260.3,113.0,0.0,0.0,0.0,845.5,20.2,4.0,821.3,0.0,1551,,BUNDI,
Rajasthan,Bundi,IMD110-P1549,1995,33.7,0.0,10.3,0.5,0.0,12.6,294.2,292.2,103.3,0.0,0.0,3.0,749.8,33.7,10.8,702.3,3.0,1551,,BUNDI,
Rajasthan,Bundi,IMD110-P1549,1996,,,8.0,0.0,0.0,11.5,178.6,249.0,94.1,5.8,0.0,0.0,,,8.0,533.2,5.8,1551,missing_months,BUNDI,
Rajasthan,Bundi,IMD110-P1549,1997,,,,10.8,,,,,,,0.0,,,,,,,1551,missing_months,BUNDI,
Rajasthan,Bundi,IMD110-P1549,1998,,0.0,5.8,,,,,,,21.3,0.0,0.0,,,,,21.3,1551,missing_months,BUNDI,
Rajasthan,Bundi,IMD110-P1549,1999,0.0,13.0,0.0,0.0,,,,145.0,,10.6,0.0,0.0,,13.0,,,10.6,1551,missing_months,BUNDI,
Rajasthan,Bundi,IMD110-P1549,2000,,0.0,0.0,0.0,,,,83.2,22.1,0.0,0.0,,,,,,,1551,missing_months,BUNDI,
Rajasthan,Bundi,IMD110-P1549,2001,0.0,0.0,0.0,2.8,25.3,124.4,520.5,139.2,0.9,0.2,0.0,0.0,813.3,0.0,28.1,785.0,0.2,1551,,BUNDI,
Rajasthan,Bundi,IMD110-P1549,2002,1.1,17.9,0.0,0.0,4.1,44.2,13.2,179.7,46.2,0.0,0.0,0.9,307.2,19.0,4.1,283.3,0.9,1552,,BUNDI,
Rajasthan,Bundi,IMD110-P1549,2003,0.6,12.3,0.0,0.0,1.2,118.9,198.2,209.8,135.3,0.0,0.0,0.6,676.9,12.9,1.2,662.2,0.6,1552,,BUNDI,
Rajasthan,Bundi,IMD110-P1549,2004,0.3,0.0,0.0,0.0,6.5,39.9,96.4,414.1,7.7,4.2,3.9,0.0,572.9,0.3,6.5,558.1,8.1,1552,,BUNDI,
Rajasthan,Bundi,IMD110-P1549,2005,0.0,0.0,4.2,5.3,0.3,33.0,229.8,40.3,173.8,0.0,0.0,0.0,486.6,0.0,9.7,476.9,0.0,1552,,BUNDI,
Rajasthan,Bundi,IMD110-P1549,2006,0.0,0.0,6.6,0.0,5.4,77.0,190.8,244.5,111.2,1.2,0.0,0.0,636.7,0.0,12.0,623.6,1.2,1552,,BUNDI,
Rajasthan,Bundi,IMD110-P1549,2007,0.0,21.7,6.4,0.2,1.3,137.1,224.8,120.1,64.4,0.0,0.0,0.7,576.6,21.7,7.8,546.4,0.7,1552,,BUNDI,
Rajasthan,Bundi,IMD110-P1549,2008,0.0,0.0,0.4,4.4,3.8,153.9,169.3,128.1,111.1,0.5,2.3,0.0,573.8,0.0,8.5,562.5,2.8,1552,,BUNDI,
Rajasthan,Bundi,IMD110-P1549,2009,0.0,0.0,1.5,0.0,0.5,33.4,256.2,102.0,24.7,5.1,14.3,0.0,437.7,0.0,2.0,416.2,19.4,1552,,BUNDI,
Rajasthan,Bundi,IMD110-P1549,2010,0.0,1.9,0.0,0.1,0.0,30.5,128.9,291.2,97.8,0.0,48.2,1.7,600.2,1.9,0.1,548.3,49.9,1552,,BUNDI,
Rajasthan,Chittorgarh,IMD110-P1553,1901,0.0,0.0,0.5,0.0,3.8,7.1,151.1,199.1,29.5,3.8,0.0,0.0,394.9,0.0,4.3,386.8,3.8,1553,,CHITTORGARH,
Rajasthan,Chittorgarh,IMD110-P1553,1902,10.2,0.0,0.0,0.0,4.8,4.3,302.9,257.7,181.3,40.4,0.0,15.7,817.3,10.2,4.8,746.2,56.1,1553,,CHITTORGARH,
Rajasthan,Chittorgarh,IMD110-P1553,1903,0.0,0.0,0.0,0.0,0.0,6.9,251.5,177.0,284.7,0.0,0.0,0.0,720.1,0.0,0.0,720.1,0.0,1553,,CHITTORGARH,
Rajasthan,Chittorgarh,IMD110-P1553,1904,1.3,17.3,16.5,0.0,14.2,43.6,97.8,118.9,119.2,0.0,0.0,,,18.6,30.7,379.5,,1553,missing_months,CHITTORGARH,
Rajasthan,Chittorgarh,IMD110-P1553,1905,0.0,0.0,10.2,0.0,13.2,36.3,290.5,27.9,55.6,0.0,0.0,0.0,433.7,0.0,23.4,410.3,0.0,1553,,CHITTORGARH,
Rajasthan,Chittorgarh,IMD110-P1553,1906,0.0,21.2,0.0,0.0,0.0,114.8,167.2,196.7,185.0,0.0,0.0,0.0,684.9,21.2,0.0,663.7,0.0,1553,,CHITTORGARH,
Rajasthan,Chittorgarh,IMD110-P1553,1907,2.3,4.9,0.0,1.3,6.9,16.7,166.5,310.3,7.6,0.0,0.0,0.0,516.5,7.2,8.2,501.1,0.0,1553,,CHITTORGARH,
Rajasthan,Chittorgarh,IMD110-P1553,1908,9.4,5.1,0.0,0.0,1.0,44.7,230.3,278.2,122.2,0.0,0.0,0.0,690.9,14.5,1.0,675.4,0.0,1553,,CHITTORGARH,
Rajasthan,Chittorgarh,IMD110-P1553,1909,0.0,0.0,0.0,22.1,0.0,38.9,238.0,282.9,75.2,0.0,0.0,1.5,658.6,0.0,22.1,635.0,1.5,1553,,CHITTORGARH,
Rajasthan,Chittorgarh,IMD110-P1553,1910,0.8,0.0,0.0,0.0,0.0,229.0,217.9,403.3,70.3,29.0,9.9,0.0,960.2,0.8,0.0,920.5,38.9,1553,,CHITTORGARH,
Rajasthan,Chittorgarh,IMD110-P1553,1911,7.1,0.0,7.9,0.0,0.0,93.8,111.1,61.8,96.8,0.0,0.0,0.0,378.5,7.1,7.9,363.5,0.0,1553,,CHITTORGARH,
Rajasthan,Chittorgarh,IMD110-P1553,1912,0.8,0.3,0.0,4.3,0.0,21.7,250.5,295.3,12.2,0.0,10.5,0.8,596.4,1.1,4.3,579.7,11.3,1553,,CHITTORGARH,
Rajasthan,Chittorgarh,IMD110-P1553,1913,0.0,0.0,0.0,0.0,36.1,179.1,223.6,273.7,59.4,7.6,0.0,3.0,782.5,0.0,36.1,735.8,10.6,1553,,CHITTORGARH,
Rajasthan,Chittorgarh,IMD110-P1553,1914,0.0,0.8,0.0,0.0,0.0,140.2,337.3,79.5,153.4,0.0,15.5,0.0,726.7,0.8,0.0,710.4,15.5,1553,,CHITTORGARH,
Rajasthan,Chittorgarh,IMD110-P1553,1915,28.2,29.2,11.9,0.0,0.0,31.0,59.5,92.5,51.0,110.7,0.0,0.0,414.0,57.4,11.9,234.0,110.7,1553,,CHITTORGARH,
Rajasthan,Chittorgarh,IMD110-P1553,1916,0.0,0.0,0.0,0.0,4.6,281.2,71.2,594.3,172.8,29.5,0.0,0.0,1153.6,0.0,4.6,1119.5,29.5,1553,,CHITTORGARH,
Rajasthan,Chittorgarh,IMD110-P1553,1917,1.8,29.7,9.7,3.8,98.6,329.1,235.7,269.4,540.7,274.0,0.0,0.0,1792.5,31.5,112.1,1374.9,274.0,1553,,CHITTORGARH,
Rajasthan,Chittorgarh,IMD110-P1553,1918,0.0,0.0,0.0,0.0,27.9,20.8,96.2,269.6,6.9,0.0,3.3,0.0,424.7,0.0,27.9,393.5,3.3,1553,,CHITTORGARH,
Rajasthan,Chittorgarh,IMD110-P1553,1919,14.2,0.0,0.0,3.3,6.1,109.2,232.9,370.6,127.2,0.0,38.1,1.8,903.4,14.2,9.4,839.9,39.9,1553,,CHITTORGARH,
Rajasthan,Chittorgarh,IMD110-P1553,1920,9.7,1.8,0.0,0.0,42.0,135.6,197.9,97.9,36.8,0.0,0.0,0.0,521.7,11.5,42.0,468.2,0.0,1553,,CHITTORGARH,
Rajasthan,Chittorgarh,IMD110-P1553,1921,0.0,0.0,0.0,0.0,0.0,16.3,105.7,170.3,214.4,0.0,0.0,0.0,506.7,0.0,0.0,506.7,0.0,1553,,CHITTORGARH,
Rajasthan,Chittorgarh,IMD110-P1553,1922,18.3,0.0,0.0,0.0,0.0,83.0,168.5,95.5,484.6,0.0,0.0,,,18.3,0.0,831.6,,1553,missing_months,CHITTORGARH,
Rajasthan,Chittorgarh,IMD110-P1553,1923,0.0,0.8,28.4,0.0,5.6,0.0,382.0,292.5,137.1,0.0,0.0,0.0,846.4,0.8,34.0,811.6,0.0,1553,,CHITTORGARH,
Rajasthan,Chittorgarh,IMD110-P1553,1924,1.3,0.0,0.0,0.0,0.0,46.2,279.0,285.3,197.9,31.3,0.0,11.2,852.2,1.3,0.0,808.4,42.5,1553,,CHITTORGARH,
Rajasthan,Chittorgarh,IMD110-P1553,1925,0.0,0.0,0.0,0.0,2.3,172.5,135.7,30.6,21.7,2.3,52.0,0.0,417.1,0.0,2.3,360.5,54.3,1553,,CHITTORGARH,
Rajasthan,Chittorgarh,IMD110-P1553,1926,0.0,1.5,0.0,0.0,0.0,13.5,246.5,358.0,270.9,0.0,0.0,3.0,893.4,1.5,0.0,888.9,3.0,1553,,CHITTORGARH,
Rajasthan,Chittorgarh,IMD110-P1553,1927,0.0,1.0,0.0,0.0,10.0,44.4,442.6,330.9,78.9,17.2,29.0,15.2,969.2,1.0,10.0,896.8,61.4,1553,,CHITTORGARH,
Rajasthan,Chittorgarh,IMD110-P1553,1928,,14.0,0.0,0.0,,35.1,425.4,406.0,107.7,103.5,3.8,7.8,,,,974.2,115.1,1553,missing_months,CHITTORGARH,
Rajasthan,Chittorgarh,IMD110-P1553,1929,4.3,0.0,0.0,0.0,8.1,244.0,418.8,410.4,6.4,0.0,0.0,3.0,1095.0,4.3,8.1,1079.6,3.0,1553,,CHITTORGARH,
Rajasthan,Chittorgarh,IMD110-P1553,1930,1.3,0.8,0.0,0.0,29.0,194.7,443.1,217.7,41.5,63.5,0.0,0.0,991.6,2.1,29.0,897.0,63.5,1553,,CHITTORGARH,
Rajasthan,Chittorgarh,IMD110-P1553,1931,0.0,0.0,0.0,0.0,0.0,26.9,224.5,609.6,23.5,89.3,0.0,2.9,976.7,0.0,0.0,884.5,92.3,1553,,CHITTORGARH,
Rajasthan,Chittorgarh,IMD110-P1553,1932,0.0,0.0,1.5,0.0,0.0,27.0,227.4,45.9,86.6,3.7,0.0,0.0,392.2,0.0,1.5,387.0,3.7,1553,,CHITTORGARH,
Rajasthan,Chittorgarh,IMD110-P1553,1933,0.0,4.4,0.0,23.1,24.3,177.6,225.7,216.1,157.6,3.5,44.7,2.7,879.8,4.4,47.4,777.0,50.8,1553,,CHITTORGARH,
Rajasthan,Chittorgarh,IMD110-P1553,1934,0.0,0.0,0.0,0.0,1.5,80.5,160.2,312.0,212.1,0.0,8.9,0.0,775.2,0.0,1.5,764.8,8.9,1554,,CHITTORGARH,
Rajasthan,Chittorgarh,IMD110-P1553,1935,1.6,0.0,0.0,3.8,0.0,34.6,252.4,124.9,175.0,28.8,0.0,1.3,622.5,1.6,3.8,586.9,30.0,1554,,CHITTORGARH,
Rajasthan,Chittorgarh,IMD110-P1553,1936,0.0,1.4,9.6,0.0,0.0,128.5,111.0,82.4,114.6,0.0,42.2,0.0,489.7,1.4,9.6,436.5,42.2,1554,,CHITTORGARH,
Rajasthan,Chittorgarh,IMD110-P1553,1937,0.0,4.4,0.0,0.0,16.0,164.5,545.5,43.3,154.1,23.1,0.0,3.3,954.3,4.4,16.0,907.4,26.4,1554,,CHITTORGARH,
Rajasthan,Chittorgarh,IMD110-P1553,1938,0.0,0.0,0.0,0.0,23.6,201.3,192.5,193.9,4.1,24.8,0.0,0.0,640.1,0.0,23.6,591.7,24.8,1554,,CHITTORGARH,
Rajasthan,Chittorgarh,IMD110-P1553,1939,0.4,4.3,7.0,0.0,0.0,57.8,103.6,327.0,144.9,0.0,0.0,0.0,644.9,4.7,7.0,633.2,0.0,1554,,CHITTORGARH,
Rajasthan,Chittorgarh,IMD110-P1553,1940,19.8,0.2,15.1,2.8,1.8,111.6,327.2,437.1,83.1,1.5,19.5,0.0,1019.7,19.9,19.6,959.0,21.0,1554,,CHITTORGARH,
Rajasthan,Chittorgarh,IMD110-P1553,1941,0.6,14.0,0.0,0.0,0.0,18.8,193.3,514.6,107.4,1.1,0.0,0.0,850.0,14.6,0.0,834.2,1.1,1554,,CHITTORGARH,
Rajasthan,Chittorgarh,IMD110-P1553,1942,20.1,3.0,0.0,0.0,8.4,63.4,330.4,317.5,105.4,0.0,0.0,0.0,848.2,23.1,8.4,816.7,0.0,1554,,CHITTORGARH,
Rajasthan,Chittorgarh,IMD110-P1553,1943,4.2,0.0,0.0,0.2,3.3,54.0,639.3,68.2,110.8,0.0,0.0,0.0,880.0,4.2,3.5,872.4,0.0,1554,,CHITTORGARH,
Rajasthan,Chittorgarh,IMD110-P1553,1944,21.6,0.0,14.6,3.7,6.9,101.8,420.7,823.4,27.9,29.0,0.0,0.0,1449.7,21.6,25.3,1373.8,29.0,1554,,CHITTORGARH,
Rajasthan,Chittorgarh,IMD110-P1553,1945,2.8,0.0,0.0,3.8,10.3,221.4,430.0,228.0,98.5,3.6,0.0,0.0,998.5,2.8,14.1,977.9,3.6,1554,,CHITTORGARH,
Rajasthan,Chittorgarh,IMD110-P1553,1946,0.0,5.2,0.0,0.0,8.9,245.3,148.5,531.3,84.9,0.3,18.5,32.3,1075.2,5.2,8.9,1010.0,51.1,1554,,CHITTORGARH,
Rajasthan,Chittorgarh,IMD110-P1553,1947,0.0,0.0,0.0,1.7,0.0,10.5,142.4,330.6,293.3,2.5,0.0,0.0,781.0,0.0,1.7,776.7,2.5,1554,,CHITTORGARH,
Rajasthan,Chittorgarh,IMD110-P1553,1948,22.1,8.5,0.0,0.0,0.0,123.2,317.5,339.9,105.5,9.9,0.0,,,30.6,0.0,886.0,,1554,missing_months,CHITTORGARH,
Rajasthan,Chittorgarh,IMD110-P1553,1949,0.0,0.0,0.0,0.0,0.0,14.7,337.6,50.5,86.0,6.9,7.8,0.0,503.6,0.0,0.0,488.9,14.7,1554,,CHITTORGARH,
Rajasthan,Chittorgarh,IMD110-P1553,1950,0.0,0.0,0.9,0.0,5.8,26.4,368.2,171.1,322.3,0.0,0.0,0.0,894.7,0.0,6.7,888.0,0.0,1554,,CHITTORGARH,
Rajasthan,Chittorgarh,IMD110-P1553,1951,0.0,0.0,0.0,0.0,6.6,68.2,102.2,106.1,0.0,3.2,1.9,0.0,288.1,0.0,6.6,276.4,5.1,1554,,CHITTORGARH,
Rajasthan,Chittorgarh,IMD110-P1553,1952,0.0,0.0,0.0,0.0,0.0,99.6,721.3,171.5,16.4,0.0,0.0,3.9,1012.7,0.0,0.0,1008.8,3.9,1554,,CHITTORGARH,
Rajasthan,Chittorgarh,IMD110-P1553,1953,62.3,0.0,0.0,0.0,2.1,88.2,160.7,323.1,86.7,0.0,0.0,0.0,723.1,62.3,2.1,658.8,0.0,1554,,CHITTORGARH,
Rajasthan,Chittorgarh,IMD110-P1553,1954,0.0,11.4,5.3,0.0,0.0,75.3,226.3,127.7,435.1,3.2,0.0,0.0,884.1,11.4,5.3,864.3,3.2,1554,,CHITTORGARH,
Rajasthan,Chittorgarh,IMD110-P1553,1955,12.4,4.1,0.0,0.0,6.5,143.6,43.6,413.7,399.9,118.3,0.0,0.0,1142.2,16.6,6.5,1000.8,118.3,1554,,CHITTORGARH,
Rajasthan,Chittorgarh,IMD110-P1553,1956,0.3,1.2,4.7,0.0,1.1,69.6,645.2,182.5,95.9,242.4,0.0,12.1,1255.1,1.4,5.8,993.2,254.6,1554,,CHITTORGARH,
Rajasthan,Chittorgarh,IMD110-P1553,1957,17.0,0.0,11.4,0.0,2.0,54.2,192.0,282.7,30.8,22.8,2.1,0.3,615.3,17.0,13.4,559.7,25.2,1554,,CHITTORGARH,
Rajasthan,Chittorgarh,IMD110-P1553,1958,9.1,0.0,0.0,0.7,0.5,85.5,365.9,163.4,273.1,11.3,5.1,0.1,914.6,9.1,1.1,887.9,16.4,1554,,CHITTORGARH,
Rajasthan,Chittorgarh,IMD110-P1553,1959,1.1,0.0,0.0,5.8,20.2,70.3,323.6,297.9,235.8,82.4,7.8,0.0,1045.1,1.1,26.0,927.7,90.3,1554,,CHITTORGARH,
Rajasthan,Chittorgarh,IMD110-P1553,1960,0.9,0.0,1.2,0.6,13.5,114.0,200.5,326.8,30.6,1.8,0.0,0.0,689.9,0.9,15.2,671.9,1.8,1554,,CHITTORGARH,
Rajasthan,Chittorgarh,IMD110-P1553,1961,4.1,0.0,0.0,0.0,5.2,38.9,236.4,187.1,602.6,24.9,0.6,0.1,1100.0,4.1,5.2,1065.0,25.7,1554,,CHITTORGARH,
Rajasthan,Chittorgarh,IMD110-P1553,1962,0.0,0.0,3.9,4.0,3.3,2.7,296.8,231.2,207.9,0.0,3.1,2.9,755.7,0.0,11.2,738.6,6.0,1554,,CHITTORGARH,
Rajasthan,Chittorgarh,IMD110-P1553,1963,0.1,0.0,1.0,1.7,1.9,47.4,222.2,340.3,77.2,11.4,32.8,0.8,736.7,0.1,4.6,686.9,45.0,1554,,CHITTORGARH,
Rajasthan,Chittorgarh,IMD110-P1553,1964,0.0,0.0,0.0,0.0,38.9,68.2,243.8,232.5,97.0,0.7,0.0,0.0,681.1,0.0,38.9,641.5,0.7,1554,,CHITTORGARH,
Rajasthan,Chittorgarh,IMD110-P1553,1965,3.9,0.1,0.3,1.0,0.8,15.1,262.6,126.0,111.0,1.3,0.0,0.0,522.2,4.1,2.1,514.8,1.3,1554,,CHITTORGARH,
Rajasthan,Chittorgarh,IMD110-P1553,1966,0.0,0.0,0.0,0.0,2.9,60.9,169.1,211.7,83.9,0.0,4.1,0.0,532.6,0.0,2.9,525.6,4.1,1554,,CHITTORGARH,
Rajasthan,Chittorgarh,IMD110-P1553,1967,0.0,0.0,93.2,0.0,0.6,91.9,94.6,182.2,234.9,2.5,0.8,27.5,728.2,0.0,93.8,603.6,30.9,1554,,CHITTORGARH,
Rajasthan,Chittorgarh,IMD110-P1553,1968,0.0,0.2,10.2,0.0,1.2,12.4,303.8,323.2,20.0,0.5,0.0,0.3,671.7,0.2,11.4,659.4,0.8,1555,,CHITTORGARH,
Rajasthan,Chittorgarh,IMD110-P1553,1969,0.0,0.0,0.0,0.0,0.0,13.4,246.2,423.8,150.1,0.0,5.7,0.0,839.2,0.0,0.0,833.5,5.7,1555,,CHITTORGARH,
Rajasthan,Chittorgarh,IMD110-P1553,1970,1.8,11.0,4.0,0.0,7.6,140.8,169.7,375.3,143.7,8.5,0.0,0.0,862.4,12.8,11.6,829.5,8.5,1555,,CHITTORGARH,
Rajasthan,Chittorgarh,IMD110-P1553,1971,0.0,0.5,0.0,0.2,7.8,114.9,290.7,131.0,161.2,5.9,0.0,0.0,712.4,0.6,8.1,697.9,5.9,1555,,CHITTORGARH,
Rajasthan,Chittorgarh,IMD110-P1553,1972,0.0,3.6,0.1,0.0,3.2,120.4,109.8,265.0,43.3,2.0,0.0,0.0,547.4,3.6,3.3,538.5,2.0,1555,,CHITTORGARH,
Rajasthan,Chittorgarh,IMD110-P1553,1973,0.3,0.0,0.0,0.0,15.2,42.3,367.8,566.2,407.4,0.0,0.0,1.8,1401.0,0.3,15.2,1383.7,1.8,1555,,CHITTORGARH,
Rajasthan,Chittorgarh,IMD110-P1553,1974,0.0,0.0,0.0,0.1,32.9,44.9,223.5,301.7,21.0,98.0,0.0,0.8,722.8,0.0,32.9,591.1,98.8,1555,,CHITTORGARH,
Rajasthan,Chittorgarh,IMD110-P1553,1975,0.0,0.0,1.4,0.1,4.6,133.2,210.0,280.9,196.1,85.2,0.0,0.0,911.4,0.0,6.0,820.1,85.2,1555,,CHITTORGARH,
Rajasthan,Chittorgarh,IMD110-P1553,1976,16.8,0.2,0.0,0.0,3.0,60.3,240.9,362.5,211.6,0.3,149.6,0.0,1045.2,17.0,3.0,875.4,149.8,1555,,CHITTORGARH,
Rajasthan,Chittorgarh,IMD110-P1553,1977,1.7,4.8,0.0,1.1,16.4,72.7,308.2,250.8,105.3,0.0,1.3,0.1,762.6,6.5,17.6,737.0,1.4,1555,,CHITTORGARH,
Rajasthan,Chittorgarh,IMD110-P1553,1978,0.0,4.8,2.8,1.1,0.0,74.9,324.2,350.6,24.3,12.1,19.3,9.0,823.2,4.8,4.0,774.0,40.4,1555,,CHITTORGARH,
Rajasthan,Chittorgarh,IMD110-P1553,1979,0.9,13.9,1.1,0.0,15.3,101.9,206.5,215.4,9.8,3.8,142.4,0.1,711.2,14.8,16.4,533.7,146.3,1555,,CHITTORGARH,
Rajasthan,Chittorgarh,IMD110-P1553,1980,0.1,0.2,0.0,0.1,1.6,182.1,201.0,183.2,68.4,0.0,0.0,12.3,648.9,0.3,1.7,634.7,12.3,1555,,CHITTORGARH,
Rajasthan,Chittorgarh,IMD110-P1553,1981,1.3,0.0,2.9,0.0,8.9,84.0,152.1,150.4,94.0,9.2,23.3,1.5,527.7,1.3,11.8,480.6,34.1,1555,,CHITTORGARH,
Rajasthan,Chittorgarh,IMD110-P1553,1982,8.9,0.1,0.5,12.9,12.2,38.5,290.1,317.9,24.9,4.7,70.2,1.8,782.8,9.0,25.6,671.5,76.7,1555,,CHITTORGARH,
Rajasthan,Chittorgarh,IMD110-P1553,1983,0.0,0.0,0.0,11.0,21.8,124.8,168.7,257.0,159.7,44.6,0.0,0.0,787.6,0.0,32.7,710.2,44.6,1555,,CHITTORGARH,
Rajasthan,Chittorgarh,IMD110-P1553,1984,0.0,0.0,0.0,1.1,0.0,48.8,200.5,383.0,92.4,0.0,0.0,0.0,725.8,0.0,1.1,724.7,0.0,1555,,CHITTORGARH,
Rajasthan,Chittorgarh,IMD110-P1553,1985,0.0,0.0,0.0,7.7,0.6,11.9,116.8,412.3,47.1,83.3,0.0,0.2,680.0,0.0,8.3,588.2,83.6,1555,,CHITTORGARH,
Rajasthan,Chittorgarh,IMD110-P1553,1986,0.5,9.0,0.4,0.0,36.8,52.0,461.6,219.1,5.8,3.0,0.0,0.0,788.3,9.5,37.2,738.6,3.1,1555,,CHITTORGARH,
Rajasthan,Chittorgarh,IMD110-P1553,1987,15.5,0.0,0.1,0.0,4.2,67.7,43.1,401.5,9.0,21.0,0.0,35.2,597.2,15.5,4.3,521.3,56.1,1555,,CHITTORGARH,
Rajasthan,Chittorgarh,IMD110-P1553,1988,0.1,0.0,1.4,4.4,0.1,104.2,268.7,218.3,95.0,12.9,0.0,0.0,705.2,0.1,5.9,686.2,12.9,1555,,CHITTORGARH,
Rajasthan,Chittorgarh,IMD110-P1553,1989,5.3,0.0,0.1,0.1,0.0,12.4,187.8,505.1,41.7,0.0,1.9,0.4,754.9,5.3,0.2,747.0,2.3,1555,,CHITTORGARH,
Rajasthan,Chittorgarh,IMD110-P1553,1990,0.0,9.7,2.0,1.3,21.8,101.2,228.3,431.0,169.7,5.9,4.0,0.0,974.7,9.7,25.0,930.1,9.9,1555,,CHITTORGARH,
Rajasthan,Chittorgarh,IMD110-P1553,1991,0.0,0.2,0.0,30.5,0.2,24.1,407.4,240.2,75.4,0.0,1.9,0.1,779.9,0.2,30.7,747.1,1.9,1555,,CHITTORGARH,
Rajasthan,Chittorgarh,IMD110-P1553,1992,0.0,0.0,0.0,0.0,17.4,14.6,386.8,219.3,100.3,27.9,13.7,0.0,780.0,0.0,17.4,720.9,41.6,1555,,CHITTORGARH,
Rajasthan,Chittorgarh,IMD110-P1553,1993,0.0,6.8,1.2,2.5,8.6,133.4,311.2,105.6,74.5,11.5,0.0,0.0,655.3,6.8,12.3,624.7,11.5,1555,,CHITTORGARH,
Rajasthan,Chittorgarh,IMD110-P1553,1994,11.7,0.1,0.0,6.5,3.5,192.5,323.8,330.1,164.6,0.0,1.2,0.0,1034.0,11.8,10.1,1010.9,1.3,1555,,CHITTORGARH,
Rajasthan,Chittorgarh,IMD110-P1553,1995,48.9,0.4,5.8,1.4,0.0,40.3,416.5,174.4,72.7,19.1,0.0,6.2,785.8,49.3,7.3,704.0,25.3,1555,,CHITTORGARH,
Rajasthan,Chittorgarh,IMD110-P1553,1996,1.8,0.0,3.5,6.1,9.5,39.6,370.7,342.9,157.9,9.1,1.2,0.0,942.4,1.8,19.1,911.1,10.3,1555,,CHITTORGARH,
Rajasthan,Chittorgarh,IMD110-P1553,1997,0.2,0.0,0.0,27.5,14.3,132.9,151.0,214.5,163.3,61.3,14.2,10.8,789.9,0.2,41.8,661.7,86.3,1555,,CHITTORGARH,
Rajasthan,Chittorgarh,IMD110-P1553,1998,0.0,0.7,0.8,1.6,16.0,31.2,178.8,115.7,99.1,42.8,4.9,0.0,491.7,0.7,18.5,424.9,47.7,1555,,CHITTORGARH,
Rajasthan,Chittorgarh,IMD110-P1553,1999,0.0,15.7,0.0,0.0,3.9,215.4,470.0,65.6,56.0,17.1,0.0,0.0,843.7,15.7,3.9,807.0,17.1,1555,,CHITTORGARH,
Rajasthan,Chittorgarh,IMD110-P1553,2000,0.0,0.0,0.0,6.2,45.7,1.9,275.9,117.1,28.3,0.5,0.0,0.3,476.0,0.0,51.9,423.2,0.9,1555,,CHITTORGARH,
Rajasthan,Chittorgarh,IMD110-P1553,2001,0.0,0.0,0.0,1.8,8.6,109.3,388.1,151.3,5.9,3.4,0.0,0.0,668.4,0.0,10.4,654.6,3.4,1555,,CHITTORGARH,
Rajasthan,Chittorgarh,IMD110-P1553,2002,0.0,5.6,0.0,1.7,2.1,100.5,11.6,193.7,47.5,0.0,2.3,1.1,366.1,5.6,3.8,353.3,3.4,1556,,CHITTORGARH,
Rajasthan,Chittorgarh,IMD110-P1553,2003,0.0,16.4,0.0,0.2,3.6,100.4,181.1,169.9,141.8,0.0,0.0,0.4,613.9,16.5,3.8,593.3,0.4,1556,,CHITTORGARH,
Rajasthan,Chittorgarh,IMD110-P1553,2004,0.0,0.0,0.0,0.3,1.0,41.8,204.4,522.9,38.9,25.3,0.0,0.0,834.6,0.0,1.3,808.0,25.3,1556,,CHITTORGARH,
Rajasthan,Chittorgarh,IMD110-P1553,2005,0.0,0.0,0.8,5.4,0.3,40.7,220.1,140.6,270.0,0.0,0.0,0.0,677.8,0.0,6.5,671.3,0.0,1556,,CHITTORGARH,
Rajasthan,Chittorgarh,IMD110-P1553,2006,0.0,0.0,8.3,0.2,4.4,104.0,248.7,553.2,97.4,0.0,0.1,0.0,1016.2,0.0,12.8,1003.3,0.1,1556,,CHITTORGARH,
Rajasthan,Chittorgarh,IMD110-P1553,2007,0.8,10.3,0.6,0.1,5.6,53.9,321.2,171.9,60.3,0.0,0.0,0.4,625.0,11.1,6.2,607.3,0.4,1556,,CHITTORGARH,
Rajasthan,Chittorgarh,IMD110-P1553,2008,0.0,0.0,2.0,9.6,7.1,131.8,214.8,238.0,101.6,2.6,2.5,0.0,710.1,0.0,18.7,686.2,5.2,1556,,CHITTORGARH,
Rajasthan,Chittorgarh,IMD110-P1553,2009,0.0,0.0,0.9,0.0,17.3,48.4,300.0,170.2,46.0,2.4,7.8,0.4,593.5,0.0,18.2,564.7,10.6,1556,,CHITTORGARH,
Rajasthan,Chittorgarh,IMD110-P1553,2010,0.0,0.1,0.0,0.0,0.0,38.6,221.3,326.1,108.4,0.0,60.3,9.4,764.2,0.1,0.0,694.5,69.7,1556,,CHITTORGARH,
Rajasthan,Churu,IMD110-P1557,1906,0.0,38.7,13.1,0.1,0.0,45.5,54.7,13.2,113.6,0.0,0.0,0.6,279.5,38.7,13.2,227.0,0.6,1557,,CHURU,
Rajasthan,Churu,IMD110-P1557,1907,0.3,6.2,7.6,28.7,8.0,52.2,77.1,208.8,0.0,1.3,0.0,0.0,390.2,6.5,44.2,338.1,1.3,1557,,CHURU,
Rajasthan,Churu,IMD110-P1557,1908,9.5,0.4,0.0,0.8,12.4,16.3,253.3,255.8,23.2,0.0,2.8,0.0,574.5,9.8,13.2,548.6,2.8,1557,,CHURU,
Rajasthan,Churu,IMD110-P1557,1909,0.2,22.7,0.0,26.0,5.3,48.7,141.3,61.2,120.8,0.9,0.0,21.3,448.3,22.9,31.2,372.0,22.1,1557,,CHURU,
Rajasthan,Churu,IMD110-P1557,1910,5.7,0.3,0.0,1.2,0.0,45.3,30.2,141.2,32.4,0.5,0.0,0.0,256.9,6.0,1.2,249.1,0.5,1557,,CHURU,
Rajasthan,Churu,IMD110-P1557,1911,12.8,2.4,33.9,13.1,0.0,44.5,6.5,10.1,43.4,5.7,9.4,0.0,181.8,15.2,47.0,104.5,15.2,1557,,CHURU,
Rajasthan,Churu,IMD110-P1557,1912,58.5,0.0,0.5,5.5,2.3,4.0,158.6,90.7,7.1,2.9,12.3,0.0,342.4,58.5,8.3,260.4,15.3,1557,,CHURU,
Rajasthan,Churu,IMD110-P1557,1913,1.4,11.5,1.5,1.1,44.5,69.7,48.6,27.5,35.0,0.0,0.0,17.1,257.9,13.0,47.1,180.7,17.1,1557,,CHURU,
Rajasthan,Churu,IMD110-P1557,1914,0.8,0.8,0.0,10.4,12.7,38.9,101.1,72.3,72.9,13.2,0.9,0.0,324.2,1.6,23.1,285.3,14.2,1557,,CHURU,
Rajasthan,Churu,IMD110-P1557,1915,8.3,40.7,24.4,0.0,0.0,9.9,15.9,24.1,18.3,28.6,0.0,0.0,170.1,48.9,24.4,68.2,28.6,1557,,CHURU,
Rajasthan,Churu,IMD110-P1557,1916,0.4,0.4,0.0,2.2,17.3,21.4,46.0,191.5,81.8,17.3,0.0,0.0,378.1,0.8,19.4,340.6,17.3,1557,,CHURU,
Rajasthan,Churu,IMD110-P1557,1917,1.1,1.4,2.8,22.8,61.4,47.2,124.9,313.3,258.8,92.4,0.0,1.0,927.2,2.5,87.0,744.2,93.5,1557,,CHURU,
Rajasthan,Churu,IMD110-P1557,1918,1.1,0.0,0.6,2.6,0.0,9.4,15.8,32.3,9.4,0.0,0.0,0.0,71.3,1.1,3.3,66.9,0.0,1557,,CHURU,
Rajasthan,Churu,IMD110-P1557,1919,17.1,1.9,2.6,1.5,4.8,0.0,49.2,185.0,10.1,0.0,5.6,4.6,282.3,19.0,8.9,244.2,10.2,1557,,CHURU,
Rajasthan,Churu,IMD110-P1557,1920,2.2,0.0,0.5,2.1,16.3,40.8,134.2,5.1,0.0,0.0,0.0,0.0,201.1,2.2,18.8,180.0,0.0,1557,,CHURU,
Rajasthan,Churu,IMD110-P1557,1921,0.0,0.0,0.0,0.0,0.0,9.6,67.8,49.4,48.1,0.0,0.0,1.3,176.2,0.0,0.0,174.9,1.3,1557,,CHURU,
Rajasthan,Churu,IMD110-P1557,1922,1.4,0.8,0.0,0.7,13.5,43.1,78.3,21.9,53.9,1.9,0.0,5.7,221.2,2.2,14.2,197.2,7.6,1557,,CHURU,
Rajasthan,Churu,IMD110-P1557,1923,10.9,5.8,0.6,0.1,4.3,24.0,153.3,134.3,0.4,0.0,0.0,3.4,337.2,16.7,5.1,312.0,3.4,1557,,CHURU,
Rajasthan,Churu,IMD110-P1557,1924,18.3,2.0,0.0,0.0,1.2,14.7,68.9,74.8,81.2,0.0,0.0,30.2,291.3,20.3,1.2,239.6,30.2,1557,,CHURU,
Rajasthan,Churu,IMD110-P1557,1925,0.6,0.0,0.0,0.0,11.5,139.7,155.8,34.3,7.5,6.1,5.8,0.0,361.1,0.6,11.5,337.2,11.8,1557,,CHURU,
Rajasthan,Churu,IMD110-P1557,1926,2.7,0.5,11.0,0.7,20.8,6.7,81.4,223.5,61.8,0.0,0.0,0.0,409.1,3.2,32.5,373.4,0.0,1557,,CHURU,
Rajasthan,Churu,IMD110-P1557,1927,0.0,21.0,0.0,1.0,2.0,10.5,158.9,70.3,27.4,0.5,1.8,20.6,314.0,21.0,3.1,267.1,22.9,1557,,CHURU,
Rajasthan,Churu,IMD110-P1557,1928,1.7,3.2,3.3,1.1,2.6,13.4,82.9,147.2,4.4,3.5,11.8,0.0,275.1,4.9,7.0,247.9,15.4,1557,,CHURU,
Rajasthan,Churu,IMD110-P1557,1929,2.9,0.0,0.0,3.8,11.6,6.3,151.4,49.7,0.0,0.0,0.0,9.3,234.9,2.9,15.4,207.4,9.3,1557,,CHURU,
Rajasthan,Churu,IMD110-P1557,1930,4.8,0.2,1.2,0.9,31.8,89.2,195.0,57.1,6.2,5.8,0.0,0.0,392.2,5.0,33.9,347.5,5.8,1557,,CHURU,
Rajasthan,Churu,IMD110-P1557,1931,0.0,1.8,4.2,0.0,11.4,8.8,107.1,69.7,30.0,22.5,0.0,2.2,257.7,1.8,15.6,215.6,24.7,1557,,CHURU,
Rajasthan,Churu,IMD110-P1557,1932,2.6,0.6,15.5,3.6,3.0,17.5,100.3,85.6,7.3,0.0,0.0,1.6,237.6,3.2,22.1,210.7,1.6,1557,,CHURU,
Rajasthan,Churu,IMD110-P1557,1933,0.0,13.8,1.4,4.8,27.9,48.7,34.9,185.6,66.1,1.7,0.0,0.0,385.1,13.8,34.2,335.3,1.7,1557,,CHURU,
Rajasthan,Churu,IMD110-P1557,1934,2.2,0.0,26.1,0.0,3.5,96.6,67.0,173.6,14.4,0.0,0.0,8.2,391.5,2.2,29.7,351.5,8.2,1557,,CHURU,
Rajasthan,Churu,IMD110-P1557,1935,19.5,6.0,12.3,16.8,0.9,13.5,136.0,47.5,63.2,0.8,3.4,2.6,322.5,25.5,29.9,260.2,6.9,1557,,CHURU,
Rajasthan,Churu,IMD110-P1557,1936,0.4,5.8,3.7,0.0,3.6,44.0,36.2,169.8,43.5,0.3,0.8,2.1,310.1,6.2,7.4,293.4,3.1,1557,,CHURU,
Rajasthan,Churu,IMD110-P1557,1937,0.0,34.7,1.3,3.3,1.5,19.4,153.0,11.6,46.9,0.0,0.0,14.8,286.6,34.7,6.1,230.9,14.8,1557,,CHURU,
Rajasthan,Churu,IMD110-P1557,1938,1.0,0.1,0.0,0.0,0.8,47.1,50.4,30.3,7.2,6.4,0.0,0.0,143.2,1.1,0.8,134.9,6.4,1557,,CHURU,
Rajasthan,Churu,IMD110-P1557,1939,2.4,21.7,18.3,0.3,0.2,38.0,39.3,34.6,8.1,0.0,0.0,0.0,162.9,24.1,18.8,119.9,0.0,1558,,CHURU,
Rajasthan,Churu,IMD110-P1557,1940,26.8,16.9,9.8,1.6,3.2,44.8,53.6,155.0,6.5,1.1,0.0,0.0,319.4,43.8,14.6,260.0,1.1,1558,,CHURU,
Rajasthan,Churu,IMD110-P1557,1941,33.9,0.0,4.1,0.0,21.3,84.8,21.2,31.5,27.1,1.6,0.0,4.6,230.0,33.9,25.4,164.5,6.2,1558,,CHURU,
Rajasthan,Churu,IMD110-P1557,1942,16.7,12.7,0.0,5.6,16.2,19.0,152.6,102.6,222.6,0.0,0.0,1.3,549.3,29.4,21.8,496.8,1.3,1558,,CHURU,
Rajasthan,Churu,IMD110-P1557,1943,0.0,0.0,0.0,0.0,1.5,20.4,166.5,40.8,75.5,0.0,0.0,0.0,304.6,0.0,1.5,303.2,0.0,1558,,CHURU,
Rajasthan,Churu,IMD110-P1557,1944,19.2,4.3,19.3,13.1,2.5,37.0,153.5,149.9,3.6,2.3,0.4,0.8,405.8,23.5,34.9,344.0,3.4,1558,,CHURU,
Rajasthan,Churu,IMD110-P1557,1945,18.8,0.0,0.0,13.2,17.3,41.6,160.1,108.5,81.5,1.9,0.0,0.0,443.0,18.8,30.5,391.7,1.9,1558,,CHURU,
Rajasthan,Churu,IMD110-P1557,1946,0.0,0.6,0.0,0.3,18.0,81.2,65.2,124.1,8.5,6.4,0.0,29.1,333.3,0.6,18.3,278.9,35.5,1558,,CHURU,
Rajasthan,Churu,IMD110-P1557,1947,22.0,2.5,0.0,0.0,0.0,2.0,23.3,84.5,249.3,7.6,0.0,3.1,394.3,24.5,0.0,359.1,10.6,1558,,CHURU,
Rajasthan,Churu,IMD110-P1557,1948,43.6,8.1,15.3,0.6,0.0,2.0,138.5,94.2,10.9,0.4,0.0,0.0,313.6,51.7,15.9,245.6,0.4,1558,,CHURU,
Rajasthan,Churu,IMD110-P1557,1949,0.9,7.9,0.0,0.0,17.6,31.2,200.2,19.5,49.6,3.0,0.0,0.0,330.0,8.9,17.6,300.5,3.0,1558,,CHURU,
Rajasthan,Churu,IMD110-P1557,1950,7.6,0.0,2.9,0.0,9.5,18.7,234.8,90.0,70.7,0.0,0.0,0.0,434.1,7.6,12.5,414.1,0.0,1558,,CHURU,
Rajasthan,Churu,IMD110-P1557,1951,0.0,0.0,14.7,14.0,12.8,15.5,24.9,83.0,0.0,0.0,19.3,0.0,184.0,0.0,41.5,123.3,19.3,1558,,CHURU,
Rajasthan,Churu,IMD110-P1557,1952,0.0,4.3,2.0,0.4,2.3,16.4,87.8,54.5,2.6,0.3,0.0,0.0,170.6,4.3,4.7,161.3,0.3,1558,,CHURU,
Rajasthan,Churu,IMD110-P1557,1953,11.3,0.0,0.0,5.5,7.3,21.2,50.9,210.0,30.4,0.0,0.0,2.5,339.1,11.3,12.8,312.6,2.5,1558,,CHURU,
Rajasthan,Churu,IMD110-P1557,1954,5.3,42.5,0.0,0.0,1.3,21.1,85.2,26.0,96.5,8.4,0.0,0.0,286.2,47.8,1.3,228.7,8.4,1558,,CHURU,
Rajasthan,Churu,IMD110-P1557,1955,7.1,1.3,5.0,3.3,8.7,40.1,31.5,155.6,44.7,80.4,0.0,1.4,379.0,8.3,17.0,271.9,81.8,1558,,CHURU,
Rajasthan,Churu,IMD110-P1557,1956,3.1,0.0,9.3,3.5,1.9,14.7,204.2,90.6,1.5,106.6,0.0,2.4,437.9,3.1,14.8,311.0,109.0,1558,,CHURU,
Rajasthan,Churu,IMD110-P1557,1957,23.1,0.0,11.5,0.0,8.4,38.9,175.8,61.6,7.3,17.9,2.5,0.3,347.3,23.1,19.9,283.6,20.7,1558,,CHURU,
Rajasthan,Churu,IMD110-P1557,1958,2.3,0.1,0.0,3.8,3.1,29.5,115.6,29.2,223.0,2.7,12.3,6.9,428.4,2.3,6.9,397.2,22.0,1558,,CHURU,
Rajasthan,Churu,IMD110-P1557,1959,1.0,6.2,2.1,0.1,15.4,21.7,45.2,117.0,66.3,4.9,15.7,0.0,295.8,7.3,17.7,250.2,20.6,1558,,CHURU,
Rajasthan,Churu,IMD110-P1557,1960,0.6,0.0,4.8,1.6,5.6,32.9,184.4,101.3,4.6,0.0,0.0,9.4,345.2,0.6,11.9,323.3,9.4,1558,,CHURU,
Rajasthan,Churu,IMD110-P1557,1961,9.3,15.2,2.1,0.8,12.0,54.4,74.9,134.1,49.3,7.5,0.9,1.4,361.9,24.5,14.9,312.7,9.8,1558,,CHURU,
Rajasthan,Churu,IMD110-P1557,1962,0.9,2.6,4.9,1.4,10.9,1.0,180.0,86.6,90.8,0.0,0.0,0.5,379.6,3.5,17.3,358.4,0.5,1558,,CHURU,
Rajasthan,Churu,IMD110-P1557,1963,1.6,0.5,5.4,3.9,9.9,7.6,35.4,169.8,41.7,0.0,5.1,0.8,281.5,2.1,19.1,254.5,5.8,1558,,CHURU,
Rajasthan,Churu,IMD110-P1557,1964,1.8,0.0,0.5,2.3,26.2,10.9,224.9,179.7,66.6,0.0,0.3,0.9,514.0,1.8,29.0,482.0,1.2,1558,,CHURU,
Rajasthan,Churu,IMD110-P1557,1965,2.2,1.6,9.2,1.8,12.9,23.8,65.7,56.4,11.7,19.8,0.0,0.0,204.9,3.7,23.8,157.6,19.8,1558,,CHURU,
Rajasthan,Churu,IMD110-P1557,1966,0.0,27.9,0.5,0.1,33.7,45.8,79.7,114.0,70.0,1.1,1.9,0.0,374.6,27.9,34.4,309.5,2.9,1558,,CHURU,
Rajasthan,Churu,IMD110-P1557,1967,0.0,0.0,41.8,1.5,0.4,36.7,52.2,181.1,57.9,9.8,10.5,29.8,421.7,0.0,43.8,327.9,50.1,1558,,CHURU,
Rajasthan,Churu,IMD110-P1557,1968,3.4,7.0,5.2,0.1,9.3,1.6,187.9,48.9,1.4,3.1,0.0,0.0,268.0,10.4,14.6,239.8,3.1,1558,,CHURU,
Rajasthan,Churu,IMD110-P1557,1969,0.1,4.2,2.1,1.6,7.3,15.5,76.0,45.2,39.6,0.7,0.6,0.0,192.7,4.3,10.9,176.2,1.3,1558,,CHURU,
Rajasthan,Churu,IMD110-P1557,1970,19.4,21.5,4.4,0.0,6.6,45.0,71.6,270.4,79.8,0.0,0.0,0.0,518.8,40.9,11.1,466.8,0.0,1558,,CHURU,
Rajasthan,Churu,IMD110-P1557,1971,9.2,0.3,0.9,4.7,54.8,92.4,86.8,65.8,24.5,4.1,0.0,0.0,343.4,9.5,60.4,269.4,4.1,1558,,CHURU,
Rajasthan,Churu,IMD110-P1557,1972,7.9,2.3,0.1,8.4,0.0,34.0,40.0,110.3,3.3,0.0,0.8,0.0,207.1,10.3,8.5,187.6,0.8,1558,,CHURU,
Rajasthan,Churu,IMD110-P1557,1973,1.6,0.3,0.1,0.0,27.9,0.0,82.4,186.8,29.3,0.5,0.0,0.0,328.8,1.9,28.0,298.5,0.5,1559,,CHURU,
Rajasthan,Churu,IMD110-P1557,1974,0.0,0.0,0.0,1.9,7.4,32.0,209.1,16.6,4.9,0.9,0.0,3.3,276.1,0.0,9.3,262.6,4.2,1559,,CHURU,
Rajasthan,Churu,IMD110-P1557,1975,7.5,1.5,0.0,0.5,11.5,63.3,210.3,202.9,116.3,7.8,0.0,0.0,621.6,9.1,12.0,592.7,7.8,1559,,CHURU,
Rajasthan,Churu,IMD110-P1557,1976,5.2,6.6,0.0,2.5,43.7,139.9,121.4,202.4,31.3,0.0,0.0,0.0,553.0,11.8,46.2,494.9,0.0,1559,,CHURU,
Rajasthan,Churu,IMD110-P1557,1977,13.3,0.0,0.0,11.0,10.7,121.1,249.5,181.8,180.5,0.4,0.0,2.8,771.2,13.3,21.7,732.9,3.2,1559,,CHURU,
Rajasthan,Churu,IMD110-P1557,1978,0.0,22.0,7.3,5.7,0.0,52.1,539.7,114.2,20.8,0.0,0.0,0.0,761.7,22.1,13.0,726.7,0.0,1559,,CHURU,
Rajasthan,Churu,IMD110-P1557,1979,3.5,31.8,0.1,3.2,31.5,5.7,95.8,16.8,3.2,3.2,0.2,0.4,195.3,35.3,34.7,121.5,3.8,1559,,CHURU,
Rajasthan,Churu,IMD110-P1557,1980,1.6,0.1,19.8,0.8,5.7,25.9,193.8,30.5,24.9,7.5,6.3,24.8,341.7,1.7,26.2,275.1,38.7,1559,,CHURU,
Rajasthan,Churu,IMD110-P1557,1981,13.1,1.7,10.9,0.0,13.9,12.0,201.9,50.4,17.3,2.0,37.1,2.0,362.4,14.9,24.7,281.7,41.2,1559,,CHURU,
Rajasthan,Churu,IMD110-P1557,1982,26.0,10.1,37.2,25.9,50.5,42.2,85.3,167.0,7.2,2.3,4.3,5.1,462.9,36.0,113.6,301.6,11.6,1559,,CHURU,
Rajasthan,Churu,IMD110-P1557,1983,4.9,0.9,2.9,40.9,79.0,56.4,204.1,104.8,94.7,0.9,0.0,0.0,589.5,5.9,122.8,460.0,0.9,1559,,CHURU,
Rajasthan,Churu,IMD110-P1557,1984,0.0,1.6,0.0,2.1,0.1,9.0,58.9,107.6,79.3,0.0,0.0,0.0,258.6,1.6,2.1,254.9,0.0,1559,,CHURU,
Rajasthan,Churu,IMD110-P1557,1985,0.1,0.0,4.7,5.7,0.3,26.0,126.9,102.8,5.2,10.0,0.0,9.7,291.5,0.1,10.8,260.9,19.6,1559,,CHURU,
Rajasthan,Churu,IMD110-P1557,1986,1.1,20.1,6.1,0.0,57.5,31.1,107.2,49.1,12.2,0.0,0.0,0.0,284.6,21.2,63.7,199.7,0.0,1559,,CHURU,
Rajasthan,Churu,IMD110-P1557,1987,18.1,1.6,9.4,0.0,45.7,33.0,30.2,89.2,2.1,0.1,0.0,0.4,229.8,19.7,55.2,154.4,0.5,1559,,CHURU,
Rajasthan,Churu,IMD110-P1557,1988,2.6,1.1,26.7,1.0,5.3,69.0,144.0,104.1,159.9,0.3,0.5,0.0,514.4,3.7,33.0,477.0,0.8,1559,,CHURU,
Rajasthan,Churu,IMD110-P1557,1989,10.0,0.1,4.1,2.8,1.5,25.9,76.6,102.8,22.6,0.0,0.2,0.3,246.9,10.1,8.4,227.9,0.5,1559,,CHURU,
Rajasthan,Churu,IMD110-P1557,1990,0.0,52.5,0.1,0.4,11.8,25.8,204.1,39.1,44.5,8.7,0.0,1.5,388.6,52.5,12.3,313.5,10.2,1559,,CHURU,
Rajasthan,Churu,IMD110-P1557,1991,0.2,12.5,0.5,14.6,12.5,36.2,72.5,84.8,31.5,0.0,0.1,0.1,265.5,12.6,27.6,225.0,0.2,1559,,CHURU,
Rajasthan,Churu,IMD110-P1557,1992,5.7,18.0,0.6,0.0,11.5,15.5,92.8,176.5,112.7,17.7,0.0,0.0,451.0,23.7,12.1,397.5,17.7,1559,,CHURU,
Rajasthan,Churu,IMD110-P1557,1993,1.1,14.2,4.0,1.6,15.8,69.1,161.4,26.0,75.1,0.0,0.0,0.0,368.3,15.3,21.4,331.6,0.0,1559,,CHURU,
Rajasthan,Churu,IMD110-P1557,1994,17.6,0.0,0.3,10.0,10.1,58.4,188.5,61.2,22.3,0.5,0.0,0.0,368.8,17.6,20.4,330.3,0.5,1559,,CHURU,
Rajasthan,Churu,IMD110-P1557,1995,21.3,3.2,6.0,2.8,0.9,41.0,164.6,210.4,29.7,4.6,0.0,0.0,484.5,24.5,9.6,445.7,4.6,1559,,CHURU,
Rajasthan,Churu,IMD110-P1557,1996,1.8,12.7,3.5,0.0,11.9,107.2,59.0,64.1,50.3,16.6,1.1,0.0,328.1,14.5,15.4,280.6,17.6,1559,,CHURU,
Rajasthan,Churu,IMD110-P1557,1997,5.0,0.0,9.1,8.0,32.8,72.2,188.7,180.4,38.0,84.2,4.5,1.0,623.8,5.0,49.8,479.3,89.7,1559,,CHURU,
Rajasthan,Churu,IMD110-P1557,1998,0.0,16.2,5.4,7.8,0.7,73.8,89.4,88.6,185.6,209.7,0.7,0.0,677.9,16.2,13.9,437.4,210.4,1559,,CHURU,
Rajasthan,Churu,IMD110-P1557,1999,13.5,1.3,0.0,0.0,47.5,24.5,85.9,60.7,3.8,0.0,0.0,0.0,237.2,14.8,47.5,174.9,0.0,1559,,CHURU,
Rajasthan,Churu,IMD110-P1557,2000,2.3,8.0,0.8,0.0,26.7,10.0,141.4,17.9,14.8,0.0,0.7,0.0,222.6,10.3,27.5,184.1,0.7,1559,,CHURU,
Rajasthan,Churu,IMD110-P1557,2001,5.0,3.7,0.0,12.6,48.6,70.9,134.3,71.2,0.0,2.9,0.0,0.0,349.1,8.7,61.1,276.4,2.9,1559,,CHURU,
Rajasthan,Churu,IMD110-P1557,2002,4.0,2.8,2.0,3.8,34.2,38.7,8.0,49.7,15.6,0.0,4.0,12.2,174.9,6.8,40.0,111.9,16.2,1559,,CHURU,
Rajasthan,Churu,IMD110-P1557,2003,8.0,14.3,0.7,0.6,4.8,37.8,223.2,92.8,29.5,0.0,0.0,1.6,413.3,22.3,6.1,383.3,1.6,1559,,CHURU,
Rajasthan,Churu,IMD110-P1557,2004,9.8,0.0,0.0,6.4,34.2,17.6,45.1,133.0,21.4,33.6,0.0,0.5,301.5,9.8,40.5,217.1,34.0,1559,,CHURU,
Rajasthan,Churu,IMD110-P1557,2005,3.7,55.9,29.7,6.9,27.0,53.5,104.0,8.3,71.6,0.0,0.0,0.0,360.6,59.6,63.6,237.4,0.0,1559,,CHURU,
Rajasthan,Churu,IMD110-P1557,2006,0.0,0.0,27.5,1.2,52.0,43.7,101.7,39.3,11.7,16.3,0.5,2.3,296.2,0.0,80.7,196.3,19.2,1559,,CHURU,
Rajasthan,Churu,IMD110-P1557,2007,0.0,44.1,47.5,2.8,9.5,67.6,43.2,95.8,99.3,0.0,0.0,0.0,409.8,44.1,59.8,305.9,0.0,1560,,CHURU,
Rajasthan,Churu,IMD110-P1557,2008,0.2,0.2,0.9,22.2,59.6,149.3,56.7,183.3,52.1,1.9,0.1,0.1,526.6,0.4,82.8,441.4,2.0,1560,,CHURU,
Rajasthan,Churu,IMD110-P1557,2009,2.2,0.8,1.3,0.2,2.6,6.7,7.2,5.2,0.2,0.7,0.2,0.0,27.3,3.0,4.2,19.3,0.8,1560,,CHURU,
Rajasthan,Churu,IMD110-P1557,2010,3.8,4.4,4.1,1.0,0.5,68.2,135.1,203.3,187.9,0.0,15.0,25.3,648.6,8.3,5.5,594.5,40.4,1560,,CHURU,
Rajasthan,Dausa,IMD110-P1561,1901,35.3,31.4,1.3,0.0,0.9,0.0,125.8,145.1,7.3,22.8,0.0,0.0,369.7,66.6,2.2,278.2,22.8,1561,,DAUSA,
Rajasthan,Dausa,IMD110-P1561,1902,0.4,0.0,0.0,0.0,2.0,43.4,214.1,88.4,91.4,12.9,0.0,0.0,452.7,0.4,2.0,437.4,12.9,1561,,DAUSA,
Rajasthan,Dausa,IMD110-P1561,1903,0.0,0.0,0.0,0.0,6.2,14.5,197.4,233.1,136.0,11.4,0.0,0.0,598.5,0.0,6.2,581.0,11.4,1561,,DAUSA,
Rajasthan,Dausa,IMD110-P1561,1904,2.2,0.0,22.9,0.0,29.6,21.9,260.5,325.1,69.7,0.0,15.9,27.2,775.0,2.2,52.5,677.3,43.1,1561,,DAUSA,
Rajasthan,Dausa,IMD110-P1561,1905,4.2,10.7,1.9,0.0,0.0,4.7,76.6,22.9,32.5,0.0,0.0,0.5,153.9,14.9,1.9,136.6,0.5,1561,,DAUSA,
Rajasthan,Dausa,IMD110-P1561,1906,0.0,12.3,4.8,0.0,0.8,46.5,233.1,23.4,188.1,0.0,0.0,4.4,513.4,12.3,5.6,491.1,4.4,1561,,DAUSA,
Rajasthan,Dausa,IMD110-P1561,1907,12.1,53.3,15.4,23.7,27.0,8.3,123.5,274.0,0.0,0.0,0.0,0.0,537.3,65.4,66.1,405.7,0.0,1561,,DAUSA,
Rajasthan,Dausa,IMD110-P1561,1908,19.7,0.0,0.0,0.0,0.6,53.4,348.7,330.6,68.6,0.0,0.9,1.0,823.6,19.7,0.6,801.3,1.9,1561,,DAUSA,
Rajasthan,Dausa,IMD110-P1561,1909,13.4,0.0,0.0,57.8,0.0,57.3,215.6,195.0,41.2,0.0,0.0,25.2,605.5,13.4,57.8,509.0,25.2,1561,,DAUSA,
Rajasthan,Dausa,IMD110-P1561,1910,8.6,0.0,0.0,3.8,0.0,69.5,82.6,166.8,192.5,53.6,0.0,0.0,577.3,8.6,3.8,511.4,53.6,1561,,DAUSA,
Rajasthan,Dausa,IMD110-P1561,1911,21.5,0.0,8.6,3.8,0.0,111.1,13.9,72.9,223.4,4.7,29.0,0.0,489.0,21.5,12.4,421.4,33.7,1561,,DAUSA,
Rajasthan,Dausa,IMD110-P1561,1912,4.6,0.0,1.9,0.0,28.5,19.5,329.4,327.3,21.6,0.0,0.0,0.0,732.8,4.6,30.4,697.9,0.0,1561,,DAUSA,
Rajasthan,Dausa,IMD110-P1561,1913,0.0,13.4,0.0,0.0,73.9,69.3,135.8,47.7,11.7,0.0,0.0,10.7,362.5,13.4,73.9,264.4,10.7,1561,,DAUSA,
Rajasthan,Dausa,IMD110-P1561,1914,0.0,0.0,1.1,0.0,0.2,57.6,347.0,67.2,89.7,13.1,0.0,0.0,575.9,0.0,1.3,561.5,13.1,1561,,DAUSA,
Rajasthan,Dausa,IMD110-P1561,1915,9.4,28.8,47.2,2.4,0.0,25.0,113.6,161.6,33.7,34.8,0.0,0.0,456.4,38.2,49.6,333.9,34.8,1561,,DAUSA,
Rajasthan,Dausa,IMD110-P1561,1916,0.0,3.0,0.0,0.4,0.0,55.2,195.4,427.6,112.6,22.5,0.0,0.0,816.8,3.0,0.4,790.8,22.5,1561,,DAUSA,
Rajasthan,Dausa,IMD110-P1561,1917,1.5,15.2,1.9,10.5,80.6,58.7,426.3,436.6,308.8,35.6,0.0,0.0,1375.7,16.8,93.0,1230.3,35.6,1561,,DAUSA,
Rajasthan,Dausa,IMD110-P1561,1918,9.9,0.0,0.0,0.0,0.0,8.9,12.3,138.9,26.8,0.0,0.0,0.0,196.8,9.9,0.0,186.9,0.0,1561,,DAUSA,
Rajasthan,Dausa,IMD110-P1561,1919,21.1,0.0,0.0,0.0,19.5,5.8,487.9,441.6,34.8,0.0,8.1,8.9,1027.7,21.1,19.5,970.0,17.0,1561,,DAUSA,
Rajasthan,Dausa,IMD110-P1561,1920,4.2,1.3,0.0,0.0,14.4,140.4,277.5,62.5,13.2,0.0,0.0,0.0,513.4,5.4,14.4,493.6,0.0,1561,,DAUSA,
Rajasthan,Dausa,IMD110-P1561,1921,46.4,0.0,0.0,0.0,0.0,18.9,120.7,199.4,218.4,0.0,0.0,0.0,603.8,46.4,0.0,557.3,0.0,1561,,DAUSA,
Rajasthan,Dausa,IMD110-P1561,1922,2.2,0.0,0.0,0.0,3.4,84.7,312.5,112.8,106.3,0.0,0.0,15.8,637.5,2.2,3.4,616.2,15.8,1561,,DAUSA,
Rajasthan,Dausa,IMD110-P1561,1923,0.0,10.8,0.0,0.0,10.8,29.1,373.0,292.0,20.0,0.0,0.0,10.4,746.0,10.8,10.8,714.1,10.4,1561,,DAUSA,
Rajasthan,Dausa,IMD110-P1561,1924,20.1,18.5,0.0,0.0,0.0,22.3,271.8,239.2,491.4,51.0,5.6,58.9,1178.7,38.6,0.0,1024.6,115.5,1561,,DAUSA,
Rajasthan,Dausa,IMD110-P1561,1925,0.0,0.0,0.0,0.0,5.3,47.6,206.9,49.6,6.7,0.0,21.5,0.0,337.6,0.0,5.3,310.7,21.5,1561,,DAUSA,
Rajasthan,Dausa,IMD110-P1561,1926,1.6,0.0,78.0,0.0,21.5,0.0,127.2,351.0,61.8,0.0,0.0,0.0,641.0,1.6,99.4,539.9,0.0,1561,,DAUSA,
Rajasthan,Dausa,IMD110-P1561,1927,0.0,12.1,0.0,0.0,14.0,0.0,184.1,234.4,47.8,19.5,4.2,18.0,534.1,12.1,14.0,466.4,41.7,1561,,DAUSA,
Rajasthan,Dausa,IMD110-P1561,1928,6.5,29.5,0.0,0.5,2.2,26.5,88.0,109.1,25.3,84.9,9.9,16.6,398.9,36.0,2.7,248.9,111.4,1561,,DAUSA,
Rajasthan,Dausa,IMD110-P1561,1929,1.9,0.0,0.0,0.0,12.1,36.3,213.0,138.9,41.0,0.0,0.0,12.2,455.5,1.9,12.1,429.3,12.2,1561,,DAUSA,
Rajasthan,Dausa,IMD110-P1561,1930,20.5,2.0,0.0,1.3,7.3,78.9,223.6,95.3,11.6,28.4,0.0,0.0,468.8,22.5,8.5,409.3,28.4,1561,,DAUSA,
Rajasthan,Dausa,IMD110-P1561,1931,0.0,3.0,1.2,0.0,0.6,9.5,218.0,218.0,42.2,31.0,0.0,0.0,523.4,3.0,1.8,487.7,31.0,1561,,DAUSA,
Rajasthan,Dausa,IMD110-P1561,1932,0.9,0.0,21.8,10.7,5.2,27.2,175.7,243.3,101.3,0.0,0.0,1.0,587.2,0.9,37.7,547.6,1.0,1561,,DAUSA,
Rajasthan,Dausa,IMD110-P1561,1933,0.0,3.9,1.3,20.5,28.8,281.4,136.7,252.7,252.1,12.7,0.0,0.0,990.1,3.9,50.6,922.9,12.7,1561,,DAUSA,
Rajasthan,Dausa,IMD110-P1561,1934,12.7,0.0,27.3,0.8,0.0,88.0,114.0,469.6,64.6,0.0,0.0,26.9,803.9,12.7,28.2,736.1,26.9,1562,,DAUSA,
Rajasthan,Dausa,IMD110-P1561,1935,14.6,5.5,0.0,1.9,10.2,32.8,244.7,125.8,126.1,15.3,0.0,14.8,591.5,20.1,12.0,529.3,30.1,1562,,DAUSA,
Rajasthan,Dausa,IMD110-P1561,1936,1.1,5.4,6.8,0.0,10.1,222.0,149.5,223.9,167.3,0.0,3.8,16.8,806.7,6.5,16.9,762.7,20.6,1562,,DAUSA,
Rajasthan,Dausa,IMD110-P1561,1937,0.0,5.3,0.0,0.0,16.2,33.1,181.2,67.5,68.9,0.0,1.1,1.4,374.7,5.3,16.2,350.7,2.5,1562,,DAUSA,
Rajasthan,Dausa,IMD110-P1561,1938,23.8,0.0,0.0,0.0,2.5,89.4,119.6,60.5,10.7,0.3,0.0,0.0,306.8,23.8,2.5,280.1,0.3,1562,,DAUSA,
Rajasthan,Dausa,IMD110-P1561,1939,6.2,15.7,3.6,0.0,0.0,41.7,112.2,52.4,76.7,1.5,0.0,0.0,310.1,21.9,3.6,283.0,1.5,1562,,DAUSA,
Rajasthan,Dausa,IMD110-P1561,1940,36.2,31.7,10.1,5.6,4.8,18.9,171.8,159.5,18.3,0.0,2.8,0.0,459.6,67.9,20.5,368.4,2.8,1562,,DAUSA,
Rajasthan,Dausa,IMD110-P1561,1941,13.4,0.7,0.0,0.0,8.0,56.6,56.5,76.8,93.1,1.4,0.0,0.4,306.9,14.1,8.0,283.0,1.9,1562,,DAUSA,
Rajasthan,Dausa,IMD110-P1561,1942,11.9,14.3,0.0,0.0,0.0,37.0,223.8,279.2,119.4,0.0,0.0,2.9,688.5,26.2,0.0,659.4,2.9,1562,,DAUSA,
Rajasthan,Dausa,IMD110-P1561,1943,8.9,0.0,0.0,6.8,9.7,30.6,260.5,190.0,181.4,0.0,0.0,0.3,688.1,8.9,16.5,662.5,0.3,1562,,DAUSA,
Rajasthan,Dausa,IMD110-P1561,1944,23.3,9.8,43.3,8.5,5.8,47.0,271.9,151.8,10.9,10.5,0.0,0.0,582.8,33.1,57.6,481.6,10.5,1562,,DAUSA,
Rajasthan,Dausa,IMD110-P1561,1945,33.4,0.0,0.6,2.1,20.1,49.4,240.7,220.9,163.4,8.5,0.0,0.0,739.2,33.4,22.8,674.5,8.5,1562,,DAUSA,
Rajasthan,Dausa,IMD110-P1561,1946,0.0,12.4,0.0,4.7,7.1,65.9,132.5,303.3,36.6,15.3,0.0,10.3,588.0,12.4,11.8,538.3,25.6,1562,,DAUSA,
Rajasthan,Dausa,IMD110-P1561,1947,19.1,1.2,1.7,0.0,0.0,15.0,139.2,175.5,217.5,7.6,0.0,4.9,581.7,20.3,1.7,547.2,12.5,1562,,DAUSA,
Rajasthan,Dausa,IMD110-P1561,1948,44.4,19.5,0.0,0.0,0.0,8.4,227.7,224.8,105.5,10.4,0.0,0.0,640.7,63.9,0.0,566.4,10.4,1562,,DAUSA,
Rajasthan,Dausa,IMD110-P1561,1949,1.4,1.7,0.0,0.0,6.0,12.4,281.4,59.1,134.3,16.1,0.0,0.0,512.4,3.0,6.0,487.3,16.1,1562,,DAUSA,
Rajasthan,Dausa,IMD110-P1561,1950,0.0,0.0,1.4,0.0,6.7,6.0,244.3,160.9,181.5,0.0,0.0,0.0,600.8,0.0,8.1,592.7,0.0,1562,,DAUSA,
Rajasthan,Dausa,IMD110-P1561,1951,0.0,0.0,0.0,0.0,0.0,36.2,46.3,207.5,25.2,0.0,43.3,0.0,358.5,0.0,0.0,315.2,43.3,1562,,DAUSA,
Rajasthan,Dausa,IMD110-P1561,1952,0.0,0.0,1.1,3.7,0.0,142.3,144.4,268.6,2.1,0.0,0.0,5.1,567.3,0.0,4.8,557.4,5.1,1562,,DAUSA,
Rajasthan,Dausa,IMD110-P1561,1953,28.2,0.0,0.0,2.5,0.0,21.5,127.7,190.5,14.8,0.0,0.0,0.0,385.3,28.2,2.5,354.5,0.0,1562,,DAUSA,
Rajasthan,Dausa,IMD110-P1561,1954,0.0,21.6,0.8,0.0,0.0,15.4,230.8,22.9,178.3,67.7,0.0,0.0,537.5,21.6,0.8,447.4,67.7,1562,,DAUSA,
Rajasthan,Dausa,IMD110-P1561,1955,17.0,0.0,3.4,0.0,1.4,172.4,72.9,420.6,141.8,78.5,0.0,0.0,908.0,17.0,4.8,807.7,78.5,1562,,DAUSA,
Rajasthan,Dausa,IMD110-P1561,1956,0.0,0.0,13.1,0.0,0.0,11.2,276.2,311.1,19.9,131.0,3.3,1.9,767.7,0.0,13.1,618.4,136.2,1562,,DAUSA,
Rajasthan,Dausa,IMD110-P1561,1957,52.7,0.0,22.0,0.0,0.0,38.7,313.7,231.4,118.7,11.1,0.9,0.0,789.1,52.7,22.0,702.5,12.0,1562,,DAUSA,
Rajasthan,Dausa,IMD110-P1561,1958,0.0,3.1,3.8,0.0,0.9,41.0,334.9,181.6,264.9,7.1,7.6,1.6,846.4,3.1,4.7,822.3,16.3,1562,,DAUSA,
Rajasthan,Dausa,IMD110-P1561,1959,12.0,0.0,0.0,2.5,40.7,38.7,249.1,302.2,122.2,58.5,23.8,0.0,849.6,12.0,43.2,712.2,82.3,1562,,DAUSA,
Rajasthan,Dausa,IMD110-P1561,1960,2.8,0.0,20.6,0.0,7.0,51.3,131.1,604.9,7.8,10.9,0.0,0.0,836.4,2.8,27.6,795.1,10.9,1562,,DAUSA,
Rajasthan,Dausa,IMD110-P1561,1961,17.2,21.6,0.0,0.0,2.3,20.8,352.3,331.4,185.4,26.6,21.4,0.0,979.1,38.8,2.3,890.0,48.0,1562,,DAUSA,
Rajasthan,Dausa,IMD110-P1561,1962,4.8,2.1,9.1,0.3,2.5,0.0,234.3,148.3,150.1,0.0,0.0,17.4,568.8,6.8,12.0,532.6,17.4,1562,,DAUSA,
Rajasthan,Dausa,IMD110-P1561,1963,0.0,2.3,1.9,7.1,1.0,36.5,92.5,261.3,105.7,0.0,0.0,0.2,508.4,2.3,9.9,495.9,0.2,1562,,DAUSA,
Rajasthan,Dausa,IMD110-P1561,1964,0.0,0.0,0.0,0.0,37.6,3.2,193.7,298.5,47.3,0.0,0.0,0.0,580.3,0.0,37.6,542.7,0.0,1562,,DAUSA,
Rajasthan,Dausa,IMD110-P1561,1966,0.0,8.3,0.0,0.0,23.9,59.2,114.4,216.8,70.4,0.0,13.0,0.0,505.9,8.3,23.9,460.6,13.0,1562,,DAUSA,
Rajasthan,Dausa,IMD110-P1561,1968,19.4,3.7,0.9,0.0,1.3,27.7,341.1,72.3,0.1,12.4,0.0,,,23.1,2.1,441.1,,1562,missing_months,DAUSA,
Rajasthan,Dausa,IMD110-P1561,1969,5.8,5.7,5.1,1.5,1.3,8.8,194.9,207.3,185.2,0.0,1.8,0.0,617.3,11.5,7.9,596.1,1.8,1562,,DAUSA,
Rajasthan,Dausa,IMD110-P1561,1970,0.8,47.3,1.9,0.0,23.2,45.9,141.8,284.8,93.5,12.7,0.0,0.0,651.9,48.1,25.1,566.0,12.7,1563,,DAUSA,
Rajasthan,Dausa,IMD110-P1561,1971,6.9,1.3,0.0,4.8,47.5,178.6,316.4,108.2,95.2,10.9,0.0,0.0,769.8,8.1,52.3,698.4,10.9,1563,,DAUSA,
Rajasthan,Dausa,IMD110-P1561,1972,0.0,11.0,0.0,1.8,1.5,98.1,86.8,472.7,6.4,14.0,8.6,0.0,700.8,11.0,3.3,664.0,22.5,1563,,DAUSA,
Rajasthan,Dausa,IMD110-P1561,1973,20.5,10.6,0.0,0.0,31.4,20.8,206.0,258.6,85.8,0.0,0.0,4.5,638.1,31.1,31.4,571.1,4.5,1563,,DAUSA,
Rajasthan,Dausa,IMD110-P1561,1974,0.0,0.0,0.0,0.0,2.8,26.8,376.1,69.4,18.7,81.7,0.0,0.8,576.2,0.0,2.8,491.0,82.5,1563,,DAUSA,
Rajasthan,Dausa,IMD110-P1561,1975,1.8,0.3,0.3,0.0,0.0,34.1,413.6,407.9,185.9,14.3,0.0,0.0,1058.0,2.0,0.3,1041.4,14.3,1563,,DAUSA,
Rajasthan,Dausa,IMD110-P1561,1976,4.8,10.0,0.0,5.6,23.4,97.8,197.2,245.9,72.5,0.0,26.0,0.0,683.2,14.8,29.0,613.4,26.0,1563,,DAUSA,
Rajasthan,Dausa,IMD110-P1561,1977,24.9,4.0,0.0,7.8,34.3,140.6,,,76.5,0.0,0.0,0.0,,28.9,42.0,,0.0,1563,missing_months,DAUSA,
Rajasthan,Dausa,IMD110-P1561,1978,0.0,22.0,10.2,4.1,0.0,129.4,304.6,270.5,185.2,0.0,0.0,3.9,929.8,22.0,14.3,889.7,3.9,1563,,DAUSA,
Rajasthan,Dausa,IMD110-P1561,1979,9.1,32.7,5.3,2.4,41.2,34.1,249.5,91.3,23.4,0.0,2.6,2.5,494.0,41.8,48.8,398.4,5.1,1563,,DAUSA,
Rajasthan,Dausa,IMD110-P1561,1980,0.0,2.6,2.5,0.0,1.7,116.6,262.0,223.7,14.6,0.0,1.5,15.7,640.9,2.6,4.3,616.9,17.2,1563,,DAUSA,
Rajasthan,Dausa,IMD110-P1561,1981,0.0,0.0,0.0,0.0,26.3,40.8,701.5,158.6,18.8,0.0,0.0,0.0,945.9,0.0,26.3,919.6,0.0,1563,,DAUSA,
Rajasthan,Dausa,IMD110-P1561,1982,6.3,3.6,14.0,10.8,28.9,43.5,96.6,176.8,4.1,21.1,29.1,9.3,444.0,9.9,53.7,321.0,59.4,1563,,DAUSA,
Rajasthan,Dausa,IMD110-P1561,1983,0.0,1.0,0.0,68.4,59.6,43.2,339.8,177.9,125.4,4.8,0.0,0.0,820.0,1.0,127.9,686.3,4.8,1563,,DAUSA,
Rajasthan,Dausa,IMD110-P1561,1984,4.0,0.0,0.0,0.0,0.0,25.6,157.6,131.7,117.2,0.0,0.0,0.0,436.1,4.0,0.0,432.1,0.0,1563,,DAUSA,
Rajasthan,Dausa,IMD110-P1561,1985,0.0,2.8,5.1,7.5,2.0,20.0,293.4,235.7,42.3,76.2,0.0,21.6,706.5,2.8,14.6,591.4,97.8,1563,,DAUSA,
Rajasthan,Dausa,IMD110-P1561,1986,0.3,29.3,4.0,0.0,26.8,46.5,178.4,71.8,22.3,28.0,0.0,0.0,407.3,29.5,30.8,319.0,28.0,1563,,DAUSA,
Rajasthan,Dausa,IMD110-P1561,1987,7.9,7.8,0.0,0.0,27.2,58.5,56.7,183.4,39.0,0.0,0.0,31.3,411.9,15.7,27.2,337.6,31.3,1563,,DAUSA,
Rajasthan,Dausa,IMD110-P1561,1988,8.6,0.6,8.0,0.3,0.0,48.5,188.6,131.1,54.4,4.1,0.0,2.0,446.2,9.3,8.2,422.6,6.1,1563,,DAUSA,
Rajasthan,Dausa,IMD110-P1561,1989,13.8,0.0,1.0,0.0,0.0,37.0,145.8,274.4,,0.0,0.0,0.0,,13.8,1.0,,0.0,1563,missing_months,DAUSA,
Rajasthan,Dausa,IMD110-P1561,1990,0.0,,0.0,3.0,8.0,97.5,210.2,110.1,189.2,6.6,4.0,0.0,,,11.1,607.0,10.6,1563,missing_months,DAUSA,
Rajasthan,Dausa,IMD110-P1561,1991,0.0,0.0,0.0,0.0,0.0,14.3,229.7,242.1,80.3,0.0,5.5,29.3,601.0,0.0,0.0,566.3,34.8,1563,,DAUSA,
Rajasthan,Dausa,IMD110-P1561,1992,13.3,0.7,15.3,0.0,15.1,19.1,281.1,312.0,97.3,64.3,0.0,0.0,818.1,14.0,30.4,709.4,64.3,1563,,DAUSA,
Rajasthan,Dausa,IMD110-P1561,1993,0.0,17.1,4.8,0.4,17.6,79.9,325.0,100.0,167.2,0.0,0.2,0.0,712.2,17.1,22.8,672.1,0.2,1563,,DAUSA,
Rajasthan,Dausa,IMD110-P1561,1994,38.0,0.0,0.0,11.4,8.4,65.0,353.5,176.9,49.8,0.0,0.0,0.0,703.0,38.0,19.8,645.2,0.0,1563,,DAUSA,
Rajasthan,Dausa,IMD110-P1561,1995,57.4,2.0,4.6,0.0,0.4,10.1,264.3,666.2,243.4,0.0,0.0,0.0,1248.4,59.4,5.0,1184.0,0.0,1563,,DAUSA,
Rajasthan,Dausa,IMD110-P1561,1996,,,,,,,132.0,110.8,77.3,6.0,0.0,0.0,,,,,6.0,1563,missing_months,DAUSA,
Rajasthan,Dausa,IMD110-P1561,1997,0.0,,,23.0,2.8,,136.3,,,,,,,,,,,1563,missing_months,DAUSA,
Rajasthan,Dausa,IMD110-P1561,1998,0.0,2.5,6.0,,0.0,,,,,21.5,0.0,0.0,,2.5,,,21.5,1563,missing_months,DAUSA,
Rajasthan,Dausa,IMD110-P1561,1999,2.0,0.5,0.0,0.0,,,,,,,0.0,,,2.5,,,,1563,missing_months,DAUSA,
Rajasthan,Dausa,IMD110-P1561,2000,0.0,0.0,0.0,0.7,34.0,29.3,153.0,58.5,45.4,0.0,0.0,,,0.0,34.7,286.1,,1563,missing_months,DAUSA,
Rajasthan,Dausa,IMD110-P1561,2001,0.5,0.0,0.2,17.3,22.3,99.3,201.1,108.3,13.1,4.3,0.0,0.0,466.6,0.5,39.8,422.0,4.3,1563,,DAUSA,
Rajasthan,Dausa,IMD110-P1561,2002,2.8,11.7,0.0,0.5,8.9,19.9,17.1,73.4,11.7,0.6,0.0,5.8,152.4,14.5,9.4,122.1,6.4,1563,,DAUSA,
Rajasthan,Dausa,IMD110-P1561,2003,3.2,19.0,2.7,0.0,2.0,56.5,342.5,165.4,120.6,0.0,0.0,0.0,711.9,22.2,4.7,685.0,0.0,1563,,DAUSA,
Rajasthan,Dausa,IMD110-P1561,2004,3.5,0.0,0.0,13.4,17.1,24.7,59.1,300.1,18.6,22.5,1.4,0.0,460.4,3.5,30.5,402.5,23.9,1564,,DAUSA,
Rajasthan,Dausa,IMD110-P1561,2005,1.8,2.0,16.3,2.3,5.1,50.4,304.5,36.3,98.6,0.0,0.0,0.0,517.3,3.8,23.7,489.8,0.0,1564,,DAUSA,
Rajasthan,Dausa,IMD110-P1561,2006,0.0,0.1,13.1,0.0,8.7,70.8,152.7,49.6,47.8,1.2,0.0,0.2,344.2,0.1,21.8,320.9,1.4,1564,,DAUSA,
Rajasthan,Dausa,IMD110-P1561,2007,1.1,20.3,16.2,1.0,8.7,61.8,104.8,178.4,83.2,0.0,0.0,0.2,475.7,21.4,26.0,428.1,0.2,1564,,DAUSA,
Rajasthan,Dausa,IMD110-P1561,2008,0.0,0.0,0.2,4.3,22.3,205.0,222.3,179.3,169.6,0.0,0.0,0.0,803.0,0.0,26.8,776.2,0.0,1564,,DAUSA,
Rajasthan,Dausa,IMD110-P1561,2009,0.0,0.0,0.0,0.0,0.0,0.0,0.0,0.0,0.0,0.0,0.0,0.0,0.0,0.0,0.0,0.0,0.0,1564,,DAUSA,
Rajasthan,Dausa,IMD110-P1561,2010,3.3,4.8,0.0,0.6,0.0,15.0,200.7,255.3,184.7,0.4,39.7,1.5,706.0,8.1,0.6,655.7,41.6,1564,,DAUSA,
Rajasthan,Dholpur,IMD110-P1565,1901,15.5,6.8,0.0,0.0,0.0,10.8,100.0,405.8,7.7,13.1,0.0,0.8,560.4,22.3,0.0,524.3,13.9,1565,,DHOLPUR,
Rajasthan,Dholpur,IMD110-P1565,1902,5.4,0.0,0.0,0.0,0.0,24.3,447.7,85.6,133.8,0.7,0.0,0.0,697.6,5.4,0.0,691.4,0.7,1565,,DHOLPUR,
Rajasthan,Dholpur,IMD110-P1565,1903,0.0,1.0,0.6,0.0,12.2,22.3,155.5,284.5,92.5,127.4,0.0,0.0,696.0,1.0,12.8,554.9,127.4,1565,,DHOLPUR,
Rajasthan,Dholpur,IMD110-P1565,1904,1.4,6.6,13.8,0.0,16.3,25.3,308.8,433.8,19.6,0.0,7.2,32.1,865.0,7.9,30.1,787.5,39.3,1565,,DHOLPUR,
Rajasthan,Dholpur,IMD110-P1565,1905,5.5,24.4,0.3,8.0,0.3,14.0,151.8,51.3,57.2,0.0,0.0,0.2,313.0,29.9,8.6,274.3,0.2,1565,,DHOLPUR,
Rajasthan,Dholpur,IMD110-P1565,1906,0.0,17.2,6.9,0.0,0.9,107.5,136.2,108.0,344.2,0.0,0.0,0.2,721.1,17.2,7.8,695.9,0.2,1565,,DHOLPUR,
Rajasthan,Dholpur,IMD110-P1565,1907,7.1,29.9,9.5,10.0,9.3,6.6,110.8,252.1,0.0,0.0,0.0,0.0,435.3,37.0,28.8,369.4,0.0,1565,,DHOLPUR,
Rajasthan,Dholpur,IMD110-P1565,1908,27.4,0.0,0.5,1.3,19.5,30.8,487.6,441.6,35.2,0.0,0.3,0.0,1044.2,27.4,21.3,995.2,0.3,1565,,DHOLPUR,
Rajasthan,Dholpur,IMD110-P1565,1909,7.8,0.1,0.0,75.9,2.4,125.2,214.1,156.0,66.0,0.0,0.0,25.3,672.8,7.8,78.3,561.4,25.3,1565,,DHOLPUR,
Rajasthan,Dholpur,IMD110-P1565,1910,14.2,0.2,0.0,1.2,3.8,118.0,105.1,256.8,210.2,225.7,0.1,0.0,935.1,14.4,4.9,690.0,225.7,1565,,DHOLPUR,
Rajasthan,Dholpur,IMD110-P1565,1911,35.2,0.0,10.3,0.0,0.9,39.8,25.2,130.9,237.5,7.9,88.9,0.0,576.7,35.2,11.2,433.5,96.8,1565,,DHOLPUR,
Rajasthan,Dholpur,IMD110-P1565,1912,25.3,0.2,6.2,1.3,3.0,19.9,307.3,248.4,163.7,0.0,1.3,0.0,776.5,25.5,10.5,739.3,1.3,1565,,DHOLPUR,
Rajasthan,Dholpur,IMD110-P1565,1913,0.0,17.4,0.5,0.0,30.6,83.2,104.8,66.4,17.0,0.0,0.0,7.5,327.3,17.4,31.0,271.4,7.5,1565,,DHOLPUR,
Rajasthan,Dholpur,IMD110-P1565,1914,0.0,0.3,0.8,12.5,29.5,86.9,237.6,142.7,186.0,14.3,0.3,0.0,710.9,0.3,42.9,653.1,14.5,1565,,DHOLPUR,
Rajasthan,Dholpur,IMD110-P1565,1915,18.8,44.2,77.2,4.4,1.1,25.5,110.8,137.0,37.5,34.5,0.0,0.0,490.9,63.0,82.7,310.8,34.5,1565,,DHOLPUR,
Rajasthan,Dholpur,IMD110-P1565,1916,0.0,6.0,0.0,0.0,1.1,45.1,279.0,366.4,135.2,42.8,0.0,0.0,875.6,6.0,1.1,825.8,42.8,1565,,DHOLPUR,
Rajasthan,Dholpur,IMD110-P1565,1917,2.0,16.9,19.2,10.7,57.8,54.2,483.2,394.9,186.1,47.6,0.0,0.0,1272.5,18.8,87.6,1118.4,47.6,1565,,DHOLPUR,
Rajasthan,Dholpur,IMD110-P1565,1918,10.3,0.0,3.3,0.0,0.0,36.9,32.8,174.3,18.7,0.0,0.0,0.0,276.4,10.3,3.3,262.8,0.0,1565,,DHOLPUR,
Rajasthan,Dholpur,IMD110-P1565,1919,28.9,0.0,0.0,6.8,23.3,8.2,323.8,485.8,64.6,0.0,4.6,3.8,949.9,28.9,30.1,882.5,8.4,1565,,DHOLPUR,
Rajasthan,Dholpur,IMD110-P1565,1920,5.6,12.1,0.0,0.0,14.8,93.8,275.6,56.6,6.5,1.0,0.0,0.0,465.9,17.6,14.8,432.5,1.0,1565,,DHOLPUR,
Rajasthan,Dholpur,IMD110-P1565,1921,54.7,0.0,0.0,0.0,0.0,15.4,121.6,205.3,289.8,0.0,0.0,0.1,686.8,54.7,0.0,632.0,0.1,1565,,DHOLPUR,
Rajasthan,Dholpur,IMD110-P1565,1922,9.4,0.1,0.0,0.0,2.1,79.4,222.9,318.1,132.7,0.0,0.0,17.7,782.4,9.5,2.1,753.1,17.7,1565,,DHOLPUR,
Rajasthan,Dholpur,IMD110-P1565,1923,0.0,18.5,0.0,0.0,0.1,10.9,229.4,321.1,136.5,2.2,0.0,38.5,757.2,18.5,0.1,697.8,40.7,1565,,DHOLPUR,
Rajasthan,Dholpur,IMD110-P1565,1924,18.8,3.0,0.0,0.0,0.0,14.8,197.1,361.4,300.1,1.1,6.2,23.2,925.7,21.8,0.0,873.4,30.5,1565,,DHOLPUR,
Rajasthan,Dholpur,IMD110-P1565,1925,0.0,0.0,0.0,0.0,5.0,272.2,281.8,33.9,35.2,0.8,39.9,0.0,668.8,0.0,5.0,623.1,40.7,1565,,DHOLPUR,
Rajasthan,Dholpur,IMD110-P1565,1926,11.9,0.0,35.8,3.0,35.6,5.7,190.6,255.3,183.7,0.0,0.0,,,11.9,74.4,635.3,,1565,missing_months,DHOLPUR,
Rajasthan,Dholpur,IMD110-P1565,1927,0.0,1.6,0.0,1.3,4.3,22.2,205.6,254.4,94.1,8.6,44.3,28.6,665.1,1.6,5.6,576.3,81.5,1565,,DHOLPUR,
Rajasthan,Dholpur,IMD110-P1565,1928,2.8,53.9,0.0,0.0,2.3,11.8,136.4,61.1,16.2,186.9,1.4,11.0,483.6,56.7,2.3,225.4,199.2,1565,,DHOLPUR,
Rajasthan,Dholpur,IMD110-P1565,1929,16.1,1.6,0.0,1.5,0.0,49.9,205.6,127.5,21.1,1.6,0.0,7.5,432.4,17.8,1.5,404.0,9.1,1565,,DHOLPUR,
Rajasthan,Dholpur,IMD110-P1565,1930,20.1,2.2,0.1,2.4,1.1,46.7,297.4,248.9,17.5,60.4,0.0,0.0,696.7,22.3,3.6,610.4,60.4,1565,,DHOLPUR,
Rajasthan,Dholpur,IMD110-P1565,1931,0.1,1.4,0.0,0.0,1.1,6.9,117.8,252.1,191.6,64.7,0.0,0.5,636.3,1.5,1.1,568.4,65.2,1565,,DHOLPUR,
Rajasthan,Dholpur,IMD110-P1565,1932,0.0,1.6,19.4,1.4,2.6,20.5,121.3,175.9,172.4,0.0,0.0,0.0,515.1,1.6,23.3,490.1,0.0,1565,,DHOLPUR,
Rajasthan,Dholpur,IMD110-P1565,1933,1.0,2.5,4.9,19.5,40.2,239.2,80.3,283.4,215.9,39.5,2.3,0.6,929.4,3.5,64.6,818.9,42.4,1565,,DHOLPUR,
Rajasthan,Dholpur,IMD110-P1565,1934,10.2,0.0,26.3,0.0,0.7,114.0,149.9,397.5,93.1,0.0,0.0,21.2,812.8,10.2,27.0,754.4,21.2,1566,,DHOLPUR,
Rajasthan,Dholpur,IMD110-P1565,1935,38.7,2.7,1.4,11.6,1.2,25.3,481.0,127.0,126.5,6.6,0.0,10.4,832.4,41.4,14.3,759.8,17.0,1566,,DHOLPUR,
Rajasthan,Dholpur,IMD110-P1565,1936,7.3,9.2,15.9,0.0,0.5,213.1,164.5,182.8,133.6,0.5,2.0,14.7,744.0,16.5,16.3,694.0,17.2,1566,,DHOLPUR,
Rajasthan,Dholpur,IMD110-P1565,1937,0.0,27.8,0.0,0.0,7.0,48.8,206.3,90.7,88.1,0.0,1.8,25.4,495.9,27.8,7.0,433.9,27.2,1566,,DHOLPUR,
Rajasthan,Dholpur,IMD110-P1565,1938,3.8,0.0,0.0,0.0,5.6,130.7,362.4,135.8,7.9,8.8,0.0,0.0,655.1,3.8,5.6,636.9,8.8,1566,,DHOLPUR,
Rajasthan,Dholpur,IMD110-P1565,1939,1.2,2.4,1.7,0.0,0.0,67.0,245.3,68.5,288.7,0.0,0.0,0.0,674.8,3.6,1.7,669.5,0.0,1566,,DHOLPUR,
Rajasthan,Dholpur,IMD110-P1565,1940,17.5,20.6,6.8,6.1,1.3,34.4,126.7,319.1,27.3,0.0,1.1,8.4,569.2,38.1,14.2,507.5,9.5,1566,,DHOLPUR,
Rajasthan,Dholpur,IMD110-P1565,1941,19.4,0.1,0.0,0.0,4.5,43.0,82.6,125.5,41.8,0.0,0.0,0.0,317.0,19.5,4.5,292.9,0.0,1566,,DHOLPUR,
Rajasthan,Dholpur,IMD110-P1565,1942,40.4,11.9,0.0,3.7,2.8,40.8,476.6,317.5,309.1,0.0,0.0,0.0,1202.8,52.3,6.6,1144.0,0.0,1566,,DHOLPUR,
Rajasthan,Dholpur,IMD110-P1565,1943,19.3,0.0,0.0,13.3,13.5,27.5,154.2,282.4,174.3,0.0,0.0,1.8,686.3,19.3,26.9,638.4,1.8,1566,,DHOLPUR,
Rajasthan,Dholpur,IMD110-P1565,1944,8.0,9.0,22.6,5.8,0.0,42.7,299.1,239.7,51.2,0.3,0.3,2.3,681.0,16.9,28.4,632.7,2.9,1566,,DHOLPUR,
Rajasthan,Dholpur,IMD110-P1565,1945,17.3,0.0,0.0,5.3,5.4,17.7,194.0,296.8,182.9,0.0,0.0,0.0,719.4,17.3,10.7,691.4,0.0,1566,,DHOLPUR,
Rajasthan,Dholpur,IMD110-P1565,1946,0.0,10.3,0.0,1.1,15.4,33.8,245.3,310.2,33.3,9.2,0.0,8.3,666.9,10.3,16.5,622.6,17.5,1566,,DHOLPUR,
Rajasthan,Dholpur,IMD110-P1565,1947,20.7,1.8,9.5,0.4,2.4,30.2,148.0,218.0,213.5,20.5,0.0,3.4,668.3,22.5,12.3,609.7,23.9,1566,,DHOLPUR,
Rajasthan,Dholpur,IMD110-P1565,1948,33.9,4.8,0.0,0.0,3.8,1.8,374.4,345.6,105.4,16.4,0.0,0.0,886.0,38.7,3.8,827.2,16.4,1566,,DHOLPUR,
Rajasthan,Dholpur,IMD110-P1565,1949,0.0,0.0,0.0,0.0,0.0,13.3,341.6,118.8,264.2,5.5,0.0,0.0,743.4,0.0,0.0,737.9,5.5,1566,,DHOLPUR,
Rajasthan,Dholpur,IMD110-P1565,1950,4.1,0.0,8.4,0.0,0.7,2.6,273.7,163.1,152.2,0.0,0.0,0.0,604.8,4.1,9.1,591.7,0.0,1566,,DHOLPUR,
Rajasthan,Dholpur,IMD110-P1565,1951,5.0,0.0,53.8,2.3,5.7,31.2,71.9,246.2,109.4,0.7,17.5,0.0,543.6,5.0,61.8,458.6,18.1,1566,,DHOLPUR,
Rajasthan,Dholpur,IMD110-P1565,1952,1.1,10.1,2.3,2.9,1.6,211.5,149.5,361.7,16.5,0.0,0.0,5.7,762.8,11.1,6.8,739.2,5.7,1566,,DHOLPUR,
Rajasthan,Dholpur,IMD110-P1565,1953,45.3,0.0,0.0,3.0,3.4,41.8,232.2,200.7,38.9,0.0,0.0,0.0,565.2,45.3,6.4,513.5,0.0,1566,,DHOLPUR,
Rajasthan,Dholpur,IMD110-P1565,1954,13.9,44.2,8.1,0.0,0.0,14.2,163.7,145.3,225.2,33.8,0.0,0.0,648.4,58.2,8.1,548.4,33.8,1566,,DHOLPUR,
Rajasthan,Dholpur,IMD110-P1565,1955,3.7,25.9,0.3,0.0,0.0,128.7,99.2,421.5,151.4,73.5,0.0,0.0,904.4,29.7,0.3,800.9,73.5,1566,,DHOLPUR,
Rajasthan,Dholpur,IMD110-P1565,1956,10.0,0.1,15.3,0.0,0.0,33.2,239.5,323.9,26.6,114.8,0.0,2.0,765.3,10.1,15.3,623.1,116.8,1566,,DHOLPUR,
Rajasthan,Dholpur,IMD110-P1565,1957,46.7,6.0,49.0,1.7,5.6,39.1,263.4,285.4,201.1,5.9,0.2,1.8,905.9,52.7,56.3,789.0,7.9,1566,,DHOLPUR,
Rajasthan,Dholpur,IMD110-P1565,1958,0.0,5.1,3.5,0.3,0.0,7.1,439.2,340.3,287.9,51.8,1.1,2.9,1139.3,5.1,3.8,1074.5,55.9,1566,,DHOLPUR,
Rajasthan,Dholpur,IMD110-P1565,1959,17.4,0.0,0.0,3.5,37.5,6.3,250.5,194.6,103.5,17.9,12.4,0.0,643.8,17.4,41.0,555.0,30.4,1566,,DHOLPUR,
Rajasthan,Dholpur,IMD110-P1565,1960,3.1,0.0,17.5,4.4,0.0,6.6,167.4,435.8,17.9,60.4,0.0,1.2,714.5,3.1,21.9,627.8,61.7,1566,,DHOLPUR,
Rajasthan,Dholpur,IMD110-P1565,1961,53.1,20.1,0.0,3.5,6.8,25.7,243.3,452.6,125.4,77.4,4.7,0.0,1012.7,73.3,10.3,847.0,82.1,1566,,DHOLPUR,
Rajasthan,Dholpur,IMD110-P1565,1962,6.1,1.3,11.2,0.1,0.6,13.9,217.8,150.8,122.9,0.0,0.0,3.3,528.0,7.4,12.0,505.3,3.3,1566,,DHOLPUR,
Rajasthan,Dholpur,IMD110-P1565,1963,8.2,0.1,0.1,2.2,6.0,26.4,98.5,323.2,220.6,0.0,3.8,1.6,690.7,8.3,8.3,668.8,5.3,1566,,DHOLPUR,
Rajasthan,Dholpur,IMD110-P1565,1964,0.0,0.0,0.0,0.0,2.8,7.0,292.8,265.5,166.2,0.0,0.0,1.1,735.4,0.0,2.8,731.5,1.1,1566,,DHOLPUR,
Rajasthan,Dholpur,IMD110-P1565,1965,0.9,0.5,1.8,2.3,0.9,1.0,227.3,160.9,166.3,21.0,0.0,0.0,582.9,1.5,5.0,555.5,21.0,1566,,DHOLPUR,
Rajasthan,Dholpur,IMD110-P1565,1966,0.0,1.5,0.0,0.0,10.4,124.4,101.3,287.5,35.4,0.0,1.2,0.7,562.3,1.5,10.4,548.6,1.9,1566,,DHOLPUR,
Rajasthan,Dholpur,IMD110-P1565,1967,0.0,0.0,27.5,0.0,0.0,18.9,210.8,560.2,208.7,7.1,0.0,57.7,1090.9,0.0,27.5,998.5,64.8,1566,,DHOLPUR,
Rajasthan,Dholpur,IMD110-P1565,1968,23.2,0.0,2.0,0.0,0.1,9.2,325.5,222.3,5.5,35.2,0.0,0.0,623.0,23.2,2.1,562.5,35.2,1567,,DHOLPUR,
Rajasthan,Dholpur,IMD110-P1565,1969,3.2,3.1,0.0,5.5,29.5,4.4,275.2,288.1,103.4,0.0,0.3,0.0,712.9,6.4,35.0,671.2,0.3,1567,,DHOLPUR,
Rajasthan,Dholpur,IMD110-P1565,1970,1.8,61.1,10.6,0.0,15.5,110.0,57.5,306.8,140.5,12.4,0.0,0.0,716.3,62.9,26.1,614.9,12.4,1567,,DHOLPUR,
Rajasthan,Dholpur,IMD110-P1565,1971,14.1,3.1,0.0,0.0,7.8,139.7,275.0,157.8,136.9,46.0,0.0,0.0,780.4,17.2,7.8,709.4,46.0,1567,,DHOLPUR,
Rajasthan,Dholpur,IMD110-P1565,1972,0.0,1.3,0.0,0.0,0.0,8.5,129.9,474.7,70.1,1.3,6.0,2.5,694.3,1.3,0.0,683.2,9.8,1567,,DHOLPUR,
Rajasthan,Dholpur,IMD110-P1565,1973,2.0,18.3,0.6,0.0,7.7,24.2,171.5,340.0,89.3,22.6,0.0,0.9,677.1,20.3,8.4,625.0,23.5,1567,,DHOLPUR,
Rajasthan,Dholpur,IMD110-P1565,1974,0.0,0.0,0.0,0.0,0.0,14.3,326.4,127.4,13.2,82.1,0.0,19.6,583.1,0.0,0.0,481.4,101.7,1567,,DHOLPUR,
Rajasthan,Dholpur,IMD110-P1565,1975,0.0,7.2,1.4,0.0,0.7,63.3,274.9,280.4,102.2,4.5,0.0,0.0,734.7,7.2,2.1,720.9,4.5,1567,,DHOLPUR,
Rajasthan,Dholpur,IMD110-P1565,1976,1.9,0.1,0.0,1.4,10.8,164.2,232.5,368.9,101.4,0.0,5.8,0.0,887.0,2.1,12.2,867.0,5.8,1567,,DHOLPUR,
Rajasthan,Dholpur,IMD110-P1565,1977,13.6,8.4,0.0,12.0,44.3,33.8,518.1,326.8,183.0,5.7,0.0,0.0,1145.8,22.0,56.3,1061.7,5.7,1567,,DHOLPUR,
Rajasthan,Dholpur,IMD110-P1565,1978,0.0,1.5,2.0,0.4,0.0,52.0,149.3,138.3,43.9,0.0,0.1,0.0,387.6,1.5,2.4,383.6,0.1,1567,,DHOLPUR,
Rajasthan,Dholpur,IMD110-P1565,1979,8.6,59.0,2.8,1.6,13.8,30.2,153.1,34.2,6.7,0.0,20.7,0.2,331.0,67.6,18.2,224.3,20.9,1567,,DHOLPUR,
Rajasthan,Dholpur,IMD110-P1565,1980,0.0,6.2,0.1,0.1,0.6,111.8,206.4,235.0,14.5,7.4,0.0,12.5,594.7,6.2,0.8,567.7,19.9,1567,,DHOLPUR,
Rajasthan,Dholpur,IMD110-P1565,1981,4.2,0.0,1.7,0.0,4.7,110.9,269.7,145.3,36.7,1.0,8.2,0.5,583.0,4.2,6.4,562.7,9.8,1567,,DHOLPUR,
Rajasthan,Dholpur,IMD110-P1565,1982,5.5,12.7,4.8,11.0,10.0,35.0,,345.0,19.9,6.9,28.5,10.1,,18.3,25.8,,45.5,1567,missing_months,DHOLPUR,
Rajasthan,Dholpur,IMD110-P1565,1983,0.0,0.7,0.3,22.8,28.8,46.0,173.4,182.7,105.5,18.3,0.0,0.0,578.6,0.7,52.0,507.5,18.3,1567,,DHOLPUR,
Rajasthan,Dholpur,IMD110-P1565,1984,0.0,0.0,0.0,0.0,0.0,28.5,182.3,209.9,101.5,0.0,0.0,0.0,522.2,0.0,0.0,522.2,0.0,1567,,DHOLPUR,
Rajasthan,Dholpur,IMD110-P1565,1985,6.0,0.0,0.0,0.0,3.1,23.5,302.9,,86.7,82.0,0.0,2.2,,6.0,3.1,,84.2,1567,missing_months,DHOLPUR,
Rajasthan,Dholpur,IMD110-P1565,1986,0.8,27.7,2.5,0.2,10.2,87.5,170.5,86.7,31.4,24.6,0.0,0.0,442.0,28.5,12.9,376.1,24.6,1567,,DHOLPUR,
Rajasthan,Dholpur,IMD110-P1565,1987,13.8,11.0,0.0,0.0,14.2,4.5,78.3,169.7,40.3,13.5,0.0,18.3,363.6,24.8,14.2,292.8,31.8,1567,,DHOLPUR,
Rajasthan,Dholpur,IMD110-P1565,1988,0.8,0.0,6.6,0.0,2.8,71.9,242.2,173.2,61.3,27.6,0.0,0.0,586.3,0.8,9.3,548.6,27.6,1567,,DHOLPUR,
Rajasthan,Dholpur,IMD110-P1565,1989,0.0,0.0,4.6,0.0,0.0,33.9,115.8,166.3,58.0,0.0,0.0,0.0,378.6,0.0,4.6,374.0,0.0,1567,,DHOLPUR,
Rajasthan,Dholpur,IMD110-P1565,1990,0.0,11.3,0.0,1.2,5.0,15.8,198.2,148.6,339.4,0.2,0.0,0.0,719.7,11.3,6.2,702.0,0.2,1567,,DHOLPUR,
Rajasthan,Dholpur,IMD110-P1565,1991,0.0,3.6,3.9,2.8,5.2,29.2,75.4,253.7,23.3,0.0,4.6,22.9,424.6,3.6,11.9,381.6,27.5,1567,,DHOLPUR,
Rajasthan,Dholpur,IMD110-P1565,1992,3.2,11.4,5.9,3.3,4.7,9.9,144.9,374.3,163.4,107.8,37.7,0.0,866.5,14.6,13.9,692.6,145.5,1567,,DHOLPUR,
Rajasthan,Dholpur,IMD110-P1565,1993,0.0,11.7,21.2,0.0,4.1,22.2,112.3,111.7,190.0,1.1,0.0,0.0,474.2,11.7,25.3,436.1,1.1,1567,,DHOLPUR,
Rajasthan,Dholpur,IMD110-P1565,1994,25.3,3.1,0.0,7.8,4.1,37.0,234.5,151.4,21.8,0.0,0.0,0.0,484.9,28.4,11.9,444.7,0.0,1567,,DHOLPUR,
Rajasthan,Dholpur,IMD110-P1565,1995,17.1,0.6,4.6,0.0,0.0,34.5,161.3,437.2,172.3,0.0,0.0,0.2,827.9,17.7,4.6,805.3,0.2,1567,,DHOLPUR,
Rajasthan,Dholpur,IMD110-P1565,1996,6.3,56.3,2.0,4.0,23.2,248.5,121.6,265.6,82.5,,,,,62.6,29.2,718.2,,1567,missing_months,DHOLPUR,
Rajasthan,Dholpur,IMD110-P1565,1997,1.2,0.0,1.5,0.0,27.0,108.1,,252.7,212.1,,54.0,65.5,,1.2,28.5,,,1567,missing_months,DHOLPUR,
Rajasthan,Dholpur,IMD110-P1565,1998,,,8.0,5.0,0.0,77.8,292.1,252.9,78.5,23.4,0.0,0.0,,,13.0,701.3,23.4,1567,missing_months,DHOLPUR,
Rajasthan,Dholpur,IMD110-P1565,1999,3.2,13.2,0.0,0.0,8.6,31.6,185.7,37.2,195.3,19.4,0.0,1.2,495.3,16.4,8.6,449.8,20.6,1567,,DHOLPUR,
Rajasthan,Dholpur,IMD110-P1565,2000,0.0,0.0,2.0,5.4,15.0,,,126.0,27.0,,,,,0.0,22.4,,,1567,missing_months,DHOLPUR,
Rajasthan,Dholpur,IMD110-P1565,2001,0.0,0.0,0.0,14.9,39.1,114.1,248.6,62.2,33.8,19.5,0.0,0.0,532.3,0.0,54.0,458.8,19.5,1567,,DHOLPUR,
Rajasthan,Dholpur,IMD110-P1565,2002,9.9,25.7,0.2,0.6,20.1,29.0,23.9,205.4,70.2,10.5,0.0,6.2,401.6,35.6,20.9,328.5,16.7,1568,,DHOLPUR,
Rajasthan,Dholpur,IMD110-P1565,2003,4.0,9.0,1.9,0.2,7.1,30.7,249.8,165.5,147.8,0.0,0.0,8.3,624.3,13.0,9.2,593.7,8.3,1568,,DHOLPUR,
Rajasthan,Dholpur,IMD110-P1565,2004,11.3,0.0,0.0,6.7,22.1,34.8,130.2,340.0,93.8,15.5,0.0,0.0,654.5,11.3,28.8,598.9,15.5,1568,,DHOLPUR,
Rajasthan,Dholpur,IMD110-P1565,2005,0.7,0.3,22.5,0.5,3.2,39.0,378.4,72.0,75.5,0.0,0.0,0.0,592.1,1.0,26.2,564.9,0.0,1568,,DHOLPUR,
Rajasthan,Dholpur,IMD110-P1565,2006,0.0,0.0,8.4,0.5,17.3,88.5,191.5,42.5,42.7,0.8,0.0,0.0,392.1,0.0,26.2,365.1,0.8,1568,,DHOLPUR,
Rajasthan,Dholpur,IMD110-P1565,2007,2.4,43.9,25.1,0.3,8.2,77.0,69.4,123.5,85.9,0.0,0.0,0.2,435.8,46.3,33.5,355.8,0.2,1568,,DHOLPUR,
Rajasthan,Dholpur,IMD110-P1565,2008,0.0,0.0,0.0,5.6,15.9,333.3,328.0,196.5,90.8,0.0,0.0,0.0,970.1,0.0,21.5,948.6,0.0,1568,,DHOLPUR,
Rajasthan,Dholpur,IMD110-P1565,2009,0.1,0.0,0.0,1.1,3.8,17.5,129.1,138.5,63.0,64.6,16.0,0.4,434.2,0.1,4.9,348.2,81.0,1568,,DHOLPUR,
Rajasthan,Dholpur,IMD110-P1565,2010,1.4,1.0,3.5,0.1,3.5,9.5,219.2,232.1,193.8,1.4,47.8,2.6,715.9,2.4,7.2,654.6,51.7,1568,,DHOLPUR,
Rajasthan,Dungarpur,IMD110-P1569,1901,7.6,0.0,0.0,0.0,30.5,29.4,123.1,170.1,2.3,2.3,0.0,0.0,365.3,7.6,30.5,324.9,2.3,1569,,DUNGARPUR,
Rajasthan,Dungarpur,IMD110-P1569,1902,0.0,0.0,0.0,3.0,1.0,35.1,267.8,152.1,371.2,58.9,0.0,16.5,905.6,0.0,4.0,826.2,75.4,1569,,DUNGARPUR,
Rajasthan,Dungarpur,IMD110-P1569,1903,0.0,0.0,0.0,0.0,7.6,4.3,391.1,197.0,227.3,7.1,0.0,0.0,834.4,0.0,7.6,819.7,7.1,1569,,DUNGARPUR,
Rajasthan,Dungarpur,IMD110-P1569,1904,0.0,4.3,5.8,0.0,108.7,91.9,112.9,68.6,28.2,2.1,0.0,0.0,422.5,4.3,114.5,301.6,2.1,1569,,DUNGARPUR,
Rajasthan,Dungarpur,IMD110-P1569,1905,0.0,0.0,0.0,0.0,0.0,48.3,347.7,5.7,113.6,0.0,0.0,0.0,515.3,0.0,0.0,515.3,0.0,1569,,DUNGARPUR,
Rajasthan,Dungarpur,IMD110-P1569,1906,0.0,19.8,0.0,0.0,0.0,63.0,378.1,293.7,94.5,0.0,0.0,0.0,849.1,19.8,0.0,829.3,0.0,1569,,DUNGARPUR,
Rajasthan,Dungarpur,IMD110-P1569,1907,0.0,12.8,0.0,6.6,0.5,19.8,203.6,172.7,0.6,0.0,0.0,0.0,416.6,12.8,7.1,396.7,0.0,1569,,DUNGARPUR,
Rajasthan,Dungarpur,IMD110-P1569,1908,4.6,0.0,0.0,0.0,0.0,52.1,326.0,206.1,1.3,0.0,0.0,0.0,590.1,4.6,0.0,585.5,0.0,1569,,DUNGARPUR,
Rajasthan,Dungarpur,IMD110-P1569,1909,0.0,0.0,0.0,18.5,0.0,119.2,243.0,273.0,63.8,2.5,0.0,4.2,724.2,0.0,18.5,698.9,6.7,1569,,DUNGARPUR,
Rajasthan,Dungarpur,IMD110-P1569,1910,0.0,0.0,0.0,0.0,0.0,202.4,297.3,269.9,52.3,12.3,0.0,0.0,834.1,0.0,0.0,821.8,12.3,1569,,DUNGARPUR,
Rajasthan,Dungarpur,IMD110-P1569,1911,0.0,0.0,12.4,0.0,0.3,106.6,40.8,77.1,70.1,0.0,0.0,0.0,307.2,0.0,12.6,294.6,0.0,1569,,DUNGARPUR,
Rajasthan,Dungarpur,IMD110-P1569,1912,0.0,0.0,0.0,0.2,3.5,71.4,283.4,234.1,12.1,0.4,6.6,0.0,611.8,0.0,3.7,601.0,7.0,1569,,DUNGARPUR,
Rajasthan,Dungarpur,IMD110-P1569,1913,0.0,0.0,0.0,0.0,58.3,325.2,497.1,196.0,116.8,0.0,0.6,0.6,1194.7,0.0,58.3,1135.2,1.3,1569,,DUNGARPUR,
Rajasthan,Dungarpur,IMD110-P1569,1914,0.0,0.2,0.0,0.0,4.4,143.6,293.3,129.7,120.4,12.2,20.1,0.0,724.0,0.2,4.4,687.1,32.3,1569,,DUNGARPUR,
Rajasthan,Dungarpur,IMD110-P1569,1915,41.9,15.6,7.8,0.0,2.0,32.3,80.1,103.7,17.0,217.3,0.0,0.5,518.4,57.6,9.9,233.2,217.8,1569,,DUNGARPUR,
Rajasthan,Dungarpur,IMD110-P1569,1916,0.0,0.2,0.0,0.0,0.0,125.1,168.1,423.7,118.9,4.3,0.0,0.0,840.3,0.2,0.0,835.9,4.3,1569,,DUNGARPUR,
Rajasthan,Dungarpur,IMD110-P1569,1917,0.0,3.3,0.0,12.8,76.6,151.6,127.7,244.3,240.4,188.9,0.0,0.0,1045.6,3.3,89.4,764.0,188.9,1569,,DUNGARPUR,
Rajasthan,Dungarpur,IMD110-P1569,1918,0.0,0.0,0.0,0.0,0.0,59.2,29.0,310.4,1.4,0.0,4.4,0.0,404.4,0.0,0.0,399.9,4.4,1569,,DUNGARPUR,
Rajasthan,Dungarpur,IMD110-P1569,1919,3.9,0.0,0.0,0.3,7.0,100.0,238.7,486.3,46.9,3.3,67.8,0.3,954.3,3.9,7.3,871.8,71.3,1569,,DUNGARPUR,
Rajasthan,Dungarpur,IMD110-P1569,1920,0.0,0.0,0.0,0.0,103.8,166.9,405.4,76.9,38.5,0.0,0.0,0.0,791.4,0.0,103.8,687.6,0.0,1569,,DUNGARPUR,
Rajasthan,Dungarpur,IMD110-P1569,1921,0.0,0.0,0.0,0.0,0.0,29.4,219.5,201.8,353.5,0.0,0.0,0.0,804.2,0.0,0.0,804.2,0.0,1569,,DUNGARPUR,
Rajasthan,Dungarpur,IMD110-P1569,1922,1.0,0.0,0.0,0.0,3.5,97.1,321.3,150.7,210.3,0.0,0.0,0.0,783.8,1.0,3.5,779.3,0.0,1569,,DUNGARPUR,
Rajasthan,Dungarpur,IMD110-P1569,1923,0.0,1.7,1.3,0.2,4.2,0.8,171.2,181.3,35.7,3.5,0.0,0.0,399.8,1.7,5.6,388.9,3.5,1569,,DUNGARPUR,
Rajasthan,Dungarpur,IMD110-P1569,1924,0.0,0.0,0.0,0.0,6.8,59.0,234.0,239.4,107.8,82.1,0.0,10.8,739.9,0.0,6.8,640.2,92.9,1569,,DUNGARPUR,
Rajasthan,Dungarpur,IMD110-P1569,1925,0.0,0.0,0.0,0.0,3.4,257.5,171.3,68.7,11.4,0.0,57.8,0.0,570.1,0.0,3.4,508.8,57.8,1569,,DUNGARPUR,
Rajasthan,Dungarpur,IMD110-P1569,1926,5.3,0.0,6.1,11.9,9.8,43.7,473.4,190.8,247.4,0.0,0.0,0.0,988.4,5.3,27.8,955.2,0.0,1569,,DUNGARPUR,
Rajasthan,Dungarpur,IMD110-P1569,1927,0.0,5.9,0.0,0.0,1.9,20.8,559.7,183.3,53.9,0.3,17.0,19.7,862.4,5.9,1.9,817.7,37.0,1569,,DUNGARPUR,
Rajasthan,Dungarpur,IMD110-P1569,1928,0.0,1.3,0.0,0.0,0.0,44.3,312.9,280.1,117.9,11.2,9.4,0.0,777.0,1.3,0.0,755.2,20.6,1569,,DUNGARPUR,
Rajasthan,Dungarpur,IMD110-P1569,1929,3.8,0.0,0.0,1.5,0.0,109.0,226.4,156.8,9.2,0.0,0.0,4.2,510.9,3.8,1.5,501.3,4.2,1569,,DUNGARPUR,
Rajasthan,Dungarpur,IMD110-P1569,1930,0.3,0.0,0.0,0.0,10.0,50.6,504.3,140.9,45.7,40.5,0.0,0.0,792.3,0.3,10.0,741.4,40.5,1569,,DUNGARPUR,
Rajasthan,Dungarpur,IMD110-P1569,1931,0.0,0.2,0.0,0.0,1.4,15.6,249.4,523.6,92.3,94.0,0.0,8.4,985.0,0.2,1.4,881.0,102.4,1569,,DUNGARPUR,
Rajasthan,Dungarpur,IMD110-P1569,1932,0.0,0.0,0.0,0.0,0.0,31.5,275.0,57.8,109.9,4.3,0.0,0.0,478.4,0.0,0.0,474.1,4.3,1569,,DUNGARPUR,
Rajasthan,Dungarpur,IMD110-P1569,1933,0.0,1.2,0.0,7.7,35.7,116.8,260.5,410.0,200.8,5.1,0.0,2.9,1040.5,1.2,43.4,988.0,7.9,1569,,DUNGARPUR,
Rajasthan,Dungarpur,IMD110-P1569,1934,0.0,0.0,0.0,0.0,0.0,71.7,164.6,274.0,122.4,0.0,19.5,0.0,652.3,0.0,0.0,632.8,19.5,1569,,DUNGARPUR,
Rajasthan,Dungarpur,IMD110-P1569,1935,0.5,0.0,0.0,0.0,2.5,50.0,157.2,91.3,145.3,13.6,0.0,0.0,460.4,0.5,2.5,443.8,13.6,1569,,DUNGARPUR,
Rajasthan,Dungarpur,IMD110-P1569,1936,1.1,2.3,7.3,0.0,0.0,94.9,94.0,21.1,120.6,0.0,29.3,0.0,370.4,3.4,7.3,330.5,29.3,1569,,DUNGARPUR,
Rajasthan,Dungarpur,IMD110-P1569,1937,0.0,0.0,0.0,0.0,0.0,364.2,640.0,14.0,169.1,0.0,0.0,0.0,1187.3,0.0,0.0,1187.3,0.0,1569,,DUNGARPUR,
Rajasthan,Dungarpur,IMD110-P1569,1938,0.0,0.0,0.0,0.0,11.1,240.1,261.7,157.0,17.6,7.3,0.0,0.0,694.9,0.0,11.1,676.5,7.3,1569,,DUNGARPUR,
Rajasthan,Dungarpur,IMD110-P1569,1939,0.0,1.8,2.6,0.0,0.0,26.5,83.6,229.0,93.7,0.0,0.0,0.0,437.2,1.8,2.6,432.8,0.0,1569,,DUNGARPUR,
Rajasthan,Dungarpur,IMD110-P1569,1940,11.3,0.0,13.4,3.1,0.9,126.9,212.8,196.7,38.3,1.8,10.2,0.0,615.6,11.3,17.5,574.8,12.1,1569,,DUNGARPUR,
Rajasthan,Dungarpur,IMD110-P1569,1941,0.6,29.0,0.0,0.0,5.1,21.3,257.7,568.5,21.4,0.0,0.0,0.0,903.5,29.5,5.1,868.8,0.0,1570,,DUNGARPUR,
Rajasthan,Dungarpur,IMD110-P1569,1942,9.7,4.9,0.0,0.0,7.0,78.8,350.0,249.1,139.7,0.0,0.0,0.0,839.4,14.6,7.0,817.7,0.0,1570,,DUNGARPUR,
Rajasthan,Dungarpur,IMD110-P1569,1943,1.7,0.0,0.0,0.9,3.0,104.2,486.8,65.3,98.6,0.0,0.0,0.0,760.5,1.7,4.0,754.8,0.0,1570,,DUNGARPUR,
Rajasthan,Dungarpur,IMD110-P1569,1944,9.4,0.0,4.1,3.0,0.3,114.6,524.1,568.3,44.3,2.2,0.0,0.0,1270.3,9.4,7.4,1251.3,2.2,1570,,DUNGARPUR,
Rajasthan,Dungarpur,IMD110-P1569,1945,0.0,0.0,0.0,0.0,0.0,223.1,406.5,163.1,90.4,2.4,0.0,0.0,885.5,0.0,0.0,883.1,2.4,1570,,DUNGARPUR,
Rajasthan,Dungarpur,IMD110-P1569,1946,0.0,0.0,0.0,4.7,0.0,206.0,203.5,412.5,125.9,0.0,0.0,0.0,952.6,0.0,4.7,947.9,0.0,1570,,DUNGARPUR,
Rajasthan,Dungarpur,IMD110-P1569,1947,0.0,0.0,0.0,0.0,0.0,13.5,140.0,227.8,186.0,0.0,0.0,0.0,567.3,0.0,0.0,567.3,0.0,1570,,DUNGARPUR,
Rajasthan,Dungarpur,IMD110-P1569,1948,17.2,3.0,1.6,0.0,0.0,36.3,125.6,159.3,66.7,2.7,10.9,0.0,423.2,20.3,1.6,387.7,13.6,1570,,DUNGARPUR,
Rajasthan,Dungarpur,IMD110-P1569,1949,0.0,0.0,0.0,0.0,14.3,22.4,221.1,130.4,145.8,0.4,3.6,0.0,538.0,0.0,14.3,519.6,4.1,1570,,DUNGARPUR,
Rajasthan,Dungarpur,IMD110-P1569,1950,0.0,0.0,0.0,0.0,1.5,8.8,524.0,246.3,421.5,0.0,0.0,0.0,1201.9,0.0,1.5,1200.5,0.0,1570,,DUNGARPUR,
Rajasthan,Dungarpur,IMD110-P1569,1951,0.0,0.0,0.0,0.0,11.9,113.9,146.0,157.6,6.1,0.0,10.5,0.0,445.9,0.0,11.9,423.6,10.5,1570,,DUNGARPUR,
Rajasthan,Dungarpur,IMD110-P1569,1952,0.0,0.0,0.0,0.0,0.0,53.4,609.8,136.8,27.5,0.0,0.0,0.0,827.5,0.0,0.0,827.5,0.0,1570,,DUNGARPUR,
Rajasthan,Dungarpur,IMD110-P1569,1953,32.8,0.0,0.0,0.0,0.0,131.9,231.1,357.2,27.3,1.2,0.0,0.0,781.6,32.8,0.0,747.6,1.2,1570,,DUNGARPUR,
Rajasthan,Dungarpur,IMD110-P1569,1954,0.0,14.3,0.0,0.0,0.0,46.3,126.9,73.5,410.6,0.0,0.0,0.0,671.7,14.3,0.0,657.3,0.0,1570,,DUNGARPUR,
Rajasthan,Dungarpur,IMD110-P1569,1955,0.0,0.0,0.0,0.0,0.0,63.5,54.2,250.1,279.6,15.9,0.0,0.0,663.2,0.0,0.0,647.3,15.9,1570,,DUNGARPUR,
Rajasthan,Dungarpur,IMD110-P1569,1956,0.0,0.0,0.0,0.0,0.0,116.5,317.6,152.2,32.0,197.4,0.0,3.2,818.9,0.0,0.0,618.3,200.6,1570,,DUNGARPUR,
Rajasthan,Dungarpur,IMD110-P1569,1957,3.1,0.0,0.0,0.0,3.2,96.4,147.9,159.9,16.2,4.2,1.4,0.0,432.3,3.1,3.2,420.4,5.6,1570,,DUNGARPUR,
Rajasthan,Dungarpur,IMD110-P1569,1958,1.9,0.0,0.0,0.0,0.0,45.0,239.7,176.7,341.1,27.4,0.0,0.0,831.8,1.9,0.0,802.5,27.4,1570,,DUNGARPUR,
Rajasthan,Dungarpur,IMD110-P1569,1959,0.8,0.0,0.0,2.0,1.0,34.6,356.3,215.6,303.7,93.5,1.6,0.0,1009.0,0.8,3.0,910.1,95.1,1570,,DUNGARPUR,
Rajasthan,Dungarpur,IMD110-P1569,1960,7.8,0.0,2.1,0.0,0.0,97.9,259.9,162.5,14.2,0.0,0.0,0.0,544.4,7.8,2.1,534.4,0.0,1570,,DUNGARPUR,
Rajasthan,Dungarpur,IMD110-P1569,1961,0.0,0.0,0.0,0.0,0.0,59.4,226.9,131.9,421.6,12.1,0.0,0.0,851.8,0.0,0.0,839.8,12.1,1570,,DUNGARPUR,
Rajasthan,Dungarpur,IMD110-P1569,1962,0.0,0.0,0.0,0.0,0.0,2.1,270.1,152.7,168.0,0.0,0.0,0.0,592.9,0.0,0.0,592.9,0.0,1570,,DUNGARPUR,
Rajasthan,Dungarpur,IMD110-P1569,1963,0.0,0.0,0.0,0.0,0.0,58.8,193.3,283.0,180.4,0.0,0.0,0.0,715.5,0.0,0.0,715.5,0.0,1570,,DUNGARPUR,
Rajasthan,Dungarpur,IMD110-P1569,1964,0.0,0.0,0.0,0.0,4.3,39.0,210.4,142.5,44.5,0.0,0.0,0.0,440.7,0.0,4.3,436.4,0.0,1570,,DUNGARPUR,
Rajasthan,Dungarpur,IMD110-P1569,1965,1.5,0.0,0.0,0.0,1.7,2.1,231.3,124.6,27.5,0.6,0.0,0.0,389.3,1.5,1.7,385.5,0.6,1570,,DUNGARPUR,
Rajasthan,Dungarpur,IMD110-P1569,1966,0.0,0.0,0.0,0.0,2.2,37.4,124.1,43.9,109.5,0.0,0.0,0.0,317.1,0.0,2.2,314.9,0.0,1570,,DUNGARPUR,
Rajasthan,Dungarpur,IMD110-P1569,1967,0.0,0.0,69.8,0.0,0.0,100.5,139.2,105.5,115.4,0.0,0.0,30.6,561.1,0.0,69.8,460.7,30.6,1570,,DUNGARPUR,
Rajasthan,Dungarpur,IMD110-P1569,1968,0.0,0.0,0.9,0.0,0.0,4.3,293.3,184.6,13.6,0.0,0.0,0.0,496.7,0.0,0.9,495.8,0.0,1570,,DUNGARPUR,
Rajasthan,Dungarpur,IMD110-P1569,1969,0.0,0.0,0.0,0.0,0.0,29.7,148.3,152.5,88.2,0.0,0.8,0.0,419.6,0.0,0.0,418.8,0.8,1570,,DUNGARPUR,
Rajasthan,Dungarpur,IMD110-P1569,1970,0.0,2.8,0.0,0.0,0.0,133.2,100.0,208.0,160.6,0.0,0.0,0.0,604.6,2.8,0.0,601.8,0.0,1570,,DUNGARPUR,
Rajasthan,Dungarpur,IMD110-P1569,1971,0.0,0.0,0.0,0.0,0.0,166.7,163.7,139.8,60.6,1.3,0.0,0.0,532.0,0.0,0.0,530.8,1.3,1570,,DUNGARPUR,
Rajasthan,Dungarpur,IMD110-P1569,1972,0.0,5.7,0.0,0.0,0.0,95.7,114.1,280.1,22.3,0.0,0.0,0.0,517.9,5.7,0.0,512.2,0.0,1570,,DUNGARPUR,
Rajasthan,Dungarpur,IMD110-P1569,1973,1.8,0.0,0.0,0.0,9.9,69.8,242.0,339.8,478.8,2.5,0.0,0.5,1145.0,1.8,9.9,1130.4,3.0,1570,,DUNGARPUR,
Rajasthan,Dungarpur,IMD110-P1569,1974,0.0,0.0,0.0,0.0,38.3,27.7,119.6,171.8,26.3,53.6,0.0,0.2,437.5,0.0,38.3,345.4,53.7,1570,,DUNGARPUR,
Rajasthan,Dungarpur,IMD110-P1569,1975,0.0,0.0,0.0,0.1,3.4,147.6,177.9,305.4,209.9,20.9,0.0,0.0,865.3,0.0,3.5,840.9,20.9,1570,,DUNGARPUR,
Rajasthan,Dungarpur,IMD110-P1569,1976,8.3,0.0,0.0,0.0,0.0,81.9,276.7,346.8,118.5,0.0,163.3,0.0,995.6,8.3,0.0,824.0,163.3,1570,,DUNGARPUR,
Rajasthan,Dungarpur,IMD110-P1569,1977,1.2,0.3,0.0,0.0,16.3,197.0,441.0,298.4,195.9,2.2,1.2,2.2,1155.7,1.5,16.3,1132.3,5.6,1570,,DUNGARPUR,
Rajasthan,Dungarpur,IMD110-P1569,1978,0.0,1.2,0.0,2.0,0.0,66.9,298.7,455.0,38.6,8.8,20.0,3.3,894.5,1.2,2.0,859.2,32.1,1570,,DUNGARPUR,
Rajasthan,Dungarpur,IMD110-P1569,1979,0.3,2.8,1.0,0.0,2.0,73.0,143.4,242.9,7.8,0.7,129.3,5.8,609.1,3.1,3.0,467.2,135.8,1570,,DUNGARPUR,
Rajasthan,Dungarpur,IMD110-P1569,1980,0.0,0.0,0.0,0.0,0.0,250.9,158.7,150.1,61.4,0.0,0.0,27.6,648.7,0.0,0.0,621.1,27.6,1570,,DUNGARPUR,
Rajasthan,Dungarpur,IMD110-P1569,1981,3.5,0.0,0.0,0.0,1.3,66.4,186.0,286.2,86.5,7.3,51.5,0.0,688.7,3.5,1.3,625.1,58.7,1570,,DUNGARPUR,
Rajasthan,Dungarpur,IMD110-P1569,1982,8.7,0.0,0.0,23.6,58.6,79.4,228.2,158.0,34.0,9.2,139.8,1.5,740.9,8.7,82.2,499.5,150.4,1571,,DUNGARPUR,
Rajasthan,Dungarpur,IMD110-P1569,1983,0.0,0.0,0.0,6.9,0.2,102.9,257.1,211.9,72.8,119.8,0.0,0.0,771.5,0.0,7.1,644.7,119.8,1571,,DUNGARPUR,
Rajasthan,Dungarpur,IMD110-P1569,1984,0.0,0.0,0.0,0.0,0.0,8.7,259.5,547.6,61.7,1.8,0.0,0.0,879.2,0.0,0.0,877.4,1.8,1571,,DUNGARPUR,
Rajasthan,Dungarpur,IMD110-P1569,1985,0.0,0.0,0.0,1.3,0.0,3.5,98.7,167.0,5.4,107.6,0.0,0.0,383.6,0.0,1.3,274.7,107.6,1571,,DUNGARPUR,
Rajasthan,Dungarpur,IMD110-P1569,1986,0.0,0.0,0.0,0.2,1.9,51.1,332.0,160.0,3.7,5.4,0.0,0.0,554.2,0.0,2.0,546.8,5.4,1571,,DUNGARPUR,
Rajasthan,Dungarpur,IMD110-P1569,1987,3.6,0.0,0.0,0.0,1.8,77.9,27.7,548.0,1.1,0.0,0.0,18.4,678.6,3.6,1.8,654.7,18.4,1571,,DUNGARPUR,
Rajasthan,Dungarpur,IMD110-P1569,1988,0.0,0.0,0.0,0.8,0.7,45.2,257.1,392.8,38.4,0.0,0.0,0.0,735.0,0.0,1.6,733.4,0.0,1571,,DUNGARPUR,
Rajasthan,Dungarpur,IMD110-P1569,1989,0.7,0.0,0.0,0.0,0.0,118.3,200.9,300.0,49.4,0.0,0.0,0.0,669.3,0.7,0.0,668.7,0.0,1571,,DUNGARPUR,
Rajasthan,Dungarpur,IMD110-P1569,1990,0.0,5.7,0.8,0.0,32.3,119.0,319.9,375.8,187.0,10.8,13.2,0.0,1064.6,5.7,33.1,1001.8,24.0,1571,,DUNGARPUR,
Rajasthan,Dungarpur,IMD110-P1569,1991,0.0,0.0,0.0,0.0,0.0,31.2,476.2,99.5,16.1,0.0,0.0,0.0,623.0,0.0,0.0,623.0,0.0,1571,,DUNGARPUR,
Rajasthan,Dungarpur,IMD110-P1569,1992,0.0,,0.0,0.0,0.0,25.7,246.2,484.5,149.0,63.8,6.8,0.0,,,0.0,905.4,70.6,1571,missing_months,DUNGARPUR,
Rajasthan,Dungarpur,IMD110-P1569,1993,0.0,0.8,4.2,0.0,0.0,123.7,517.9,44.7,54.4,11.1,6.9,0.0,763.6,0.8,4.2,740.6,18.0,1571,,DUNGARPUR,
Rajasthan,Dungarpur,IMD110-P1569,1994,7.3,0.0,0.0,1.7,0.0,184.6,314.2,443.6,268.9,0.0,2.6,0.0,1222.9,7.3,1.7,1211.3,2.6,1571,,DUNGARPUR,
Rajasthan,Dungarpur,IMD110-P1569,1995,12.1,0.0,0.0,0.0,0.0,34.7,268.3,148.6,66.4,8.6,0.5,14.4,553.4,12.1,0.0,517.9,23.4,1571,,DUNGARPUR,
Rajasthan,Dungarpur,IMD110-P1569,1996,2.7,0.0,0.0,0.0,0.0,28.2,309.3,207.4,113.0,65.9,0.0,0.0,726.4,2.7,0.0,657.9,65.9,1571,,DUNGARPUR,
Rajasthan,Dungarpur,IMD110-P1569,1997,0.0,0.0,4.5,31.7,2.0,81.4,236.2,392.5,63.2,19.6,0.0,3.8,834.9,0.0,38.2,773.3,23.4,1571,,DUNGARPUR,
Rajasthan,Dungarpur,IMD110-P1569,1998,0.0,0.0,0.0,0.0,0.0,103.4,196.7,244.3,261.7,71.0,0.0,0.0,877.0,0.0,0.0,806.1,71.0,1571,,DUNGARPUR,
Rajasthan,Dungarpur,IMD110-P1569,1999,0.0,2.5,0.0,0.0,5.5,171.1,195.8,54.2,67.6,35.5,0.0,0.0,532.1,2.5,5.5,488.7,35.5,1571,,DUNGARPUR,
Rajasthan,Dungarpur,IMD110-P1569,2000,,,,,18.3,25.2,218.8,104.2,2.0,0.0,0.0,0.0,,,,350.2,0.0,1571,missing_months,DUNGARPUR,
Rajasthan,Dungarpur,IMD110-P1569,2001,0.2,0.0,0.0,0.0,0.1,137.7,277.1,161.9,1.3,9.3,0.0,0.0,587.6,0.2,0.1,578.0,9.3,1571,,DUNGARPUR,
Rajasthan,Dungarpur,IMD110-P1569,2002,0.0,0.3,0.0,0.0,0.0,145.2,4.5,138.3,94.7,0.6,0.0,0.1,383.7,0.3,0.0,382.7,0.7,1571,,DUNGARPUR,
Rajasthan,Dungarpur,IMD110-P1569,2003,0.0,33.3,0.0,0.0,0.0,97.8,319.7,151.6,74.8,0.0,0.0,0.0,677.2,33.3,0.0,643.9,0.0,1571,,DUNGARPUR,
Rajasthan,Dungarpur,IMD110-P1569,2004,0.0,0.0,0.0,0.0,1.7,84.0,112.2,501.2,31.4,9.6,0.0,0.0,740.2,0.0,1.7,729.0,9.6,1571,,DUNGARPUR,
Rajasthan,Dungarpur,IMD110-P1569,2005,0.0,0.0,0.0,2.8,6.5,35.7,217.1,102.1,167.1,0.0,0.0,0.0,531.4,0.0,9.3,522.1,0.0,1571,,DUNGARPUR,
Rajasthan,Dungarpur,IMD110-P1569,2006,0.0,0.0,0.0,0.0,0.0,148.2,300.7,724.5,200.8,0.0,0.0,0.0,1374.1,0.0,0.0,1374.1,0.0,1571,,DUNGARPUR,
Rajasthan,Dungarpur,IMD110-P1569,2007,0.0,1.1,1.8,0.5,11.7,66.1,357.0,275.2,62.3,0.0,0.0,0.0,775.7,1.1,13.9,760.7,0.0,1571,,DUNGARPUR,
Rajasthan,Dungarpur,IMD110-P1569,2008,0.0,0.0,0.0,1.9,1.4,59.2,169.3,136.8,81.0,0.5,1.7,0.7,452.4,0.0,3.3,446.2,2.8,1571,,DUNGARPUR,
Rajasthan,Dungarpur,IMD110-P1569,2009,0.0,0.0,0.0,0.0,0.0,4.4,20.0,20.3,0.0,0.0,0.0,0.0,44.7,0.0,0.0,44.7,0.0,1571,,DUNGARPUR,
Rajasthan,Dungarpur,IMD110-P1569,2010,0.0,0.0,0.0,0.0,0.0,24.3,183.4,245.7,102.8,0.0,42.6,0.3,599.2,0.0,0.0,556.3,42.9,1571,,DUNGARPUR,
Rajasthan,Ganganagar,IMD110-P1572,1906,0.0,41.5,0.0,0.0,0.0,30.4,18.7,37.8,58.0,0.0,0.0,0.0,186.5,41.5,0.0,145.0,0.0,1572,,GANGANAGAR,
Rajasthan,Ganganagar,IMD110-P1572,1907,0.0,21.8,1.6,3.5,0.0,4.3,16.9,104.8,0.0,0.0,0.0,0.0,152.9,21.8,5.2,125.9,0.0,1572,,GANGANAGAR,
Rajasthan,Ganganagar,IMD110-P1572,1908,8.1,0.0,0.0,29.8,6.1,26.5,136.8,249.2,16.3,41.7,0.0,0.0,514.3,8.1,35.8,428.7,41.7,1572,,GANGANAGAR,
Rajasthan,Ganganagar,IMD110-P1572,1909,0.0,1.4,0.0,24.4,0.0,71.6,57.4,61.1,150.6,0.0,0.0,30.9,397.3,1.4,24.4,340.6,30.9,1572,,GANGANAGAR,
Rajasthan,Ganganagar,IMD110-P1572,1910,13.6,0.0,0.0,4.4,0.0,69.3,38.5,122.5,32.7,0.0,0.0,0.0,281.0,13.6,4.4,263.0,0.0,1572,,GANGANAGAR,
Rajasthan,Ganganagar,IMD110-P1572,1911,13.3,0.0,69.5,18.6,0.0,8.9,9.3,3.7,15.6,10.8,0.0,0.0,149.8,13.3,88.2,37.5,10.8,1572,,GANGANAGAR,
Rajasthan,Ganganagar,IMD110-P1572,1912,10.2,0.0,0.0,1.6,1.8,0.3,173.6,35.2,0.0,0.0,0.0,0.0,222.7,10.2,3.4,209.0,0.0,1572,,GANGANAGAR,
Rajasthan,Ganganagar,IMD110-P1572,1913,0.0,6.8,6.5,0.0,3.8,20.3,58.1,17.4,75.9,0.0,0.0,14.8,203.6,6.8,10.4,171.6,14.8,1572,,GANGANAGAR,
Rajasthan,Ganganagar,IMD110-P1572,1914,18.0,0.9,0.0,16.4,2.5,41.2,145.4,47.5,62.8,19.1,0.0,0.0,353.9,18.9,18.9,296.9,19.1,1572,,GANGANAGAR,
Rajasthan,Ganganagar,IMD110-P1572,1915,0.0,40.0,8.5,0.0,0.0,0.0,5.8,1.3,4.6,7.6,0.0,0.0,67.8,40.0,8.5,11.6,7.6,1572,,GANGANAGAR,
Rajasthan,Ganganagar,IMD110-P1572,1916,5.1,1.3,4.4,4.4,5.9,13.2,54.0,94.2,33.5,22.9,0.0,0.0,238.9,6.3,14.8,194.9,22.9,1572,,GANGANAGAR,
Rajasthan,Ganganagar,IMD110-P1572,1917,4.7,0.0,3.5,6.6,23.7,25.1,33.0,116.4,93.1,22.9,0.0,0.0,329.1,4.7,33.9,267.7,22.9,1572,,GANGANAGAR,
Rajasthan,Ganganagar,IMD110-P1572,1918,0.0,0.0,12.2,2.5,0.0,26.3,1.5,19.5,5.1,0.0,0.0,0.0,67.2,0.0,14.8,52.4,0.0,1572,,GANGANAGAR,
Rajasthan,Ganganagar,IMD110-P1572,1919,28.3,8.3,0.0,29.8,6.7,0.0,9.8,78.2,53.3,0.0,0.0,4.9,219.4,36.6,36.5,141.3,4.9,1572,,GANGANAGAR,
Rajasthan,Ganganagar,IMD110-P1572,1920,9.8,0.0,0.0,0.0,33.2,3.9,59.0,12.4,0.0,0.0,0.0,0.0,118.4,9.8,33.2,75.4,0.0,1572,,GANGANAGAR,
Rajasthan,Ganganagar,IMD110-P1572,1921,0.0,0.0,0.0,0.0,0.0,17.5,18.0,57.9,11.5,3.5,0.0,4.2,112.7,0.0,0.0,104.9,7.8,1572,,GANGANAGAR,
Rajasthan,Ganganagar,IMD110-P1572,1922,4.7,6.4,0.0,4.4,2.3,44.6,34.0,30.8,125.4,9.9,0.0,4.1,266.6,11.1,6.8,234.8,14.0,1572,,GANGANAGAR,
Rajasthan,Ganganagar,IMD110-P1572,1923,0.4,9.3,1.0,0.6,18.6,23.5,103.8,138.7,2.3,2.5,0.0,19.8,320.5,9.7,20.2,268.3,22.3,1572,,GANGANAGAR,
Rajasthan,Ganganagar,IMD110-P1572,1924,6.3,18.4,0.0,1.6,3.7,3.0,53.3,56.3,9.1,0.0,0.0,2.9,154.8,24.8,5.3,121.8,2.9,1572,,GANGANAGAR,
Rajasthan,Ganganagar,IMD110-P1572,1925,0.0,0.0,0.0,0.0,1.3,47.0,70.4,4.4,7.3,0.0,0.0,0.0,130.6,0.0,1.3,129.3,0.0,1572,,GANGANAGAR,
Rajasthan,Ganganagar,IMD110-P1572,1926,0.0,0.0,38.8,6.7,33.4,3.6,53.6,131.8,5.1,0.0,0.0,3.7,276.6,0.0,78.8,194.1,3.7,1572,,GANGANAGAR,
Rajasthan,Ganganagar,IMD110-P1572,1927,0.0,6.9,0.0,0.0,2.1,5.6,84.1,20.7,13.4,2.8,0.0,33.3,168.9,6.9,2.1,123.8,36.1,1572,,GANGANAGAR,
Rajasthan,Ganganagar,IMD110-P1572,1928,0.0,3.9,1.2,18.1,0.0,6.0,70.1,205.3,0.0,0.0,0.0,1.2,305.9,3.9,19.3,281.5,1.2,1572,,GANGANAGAR,
Rajasthan,Ganganagar,IMD110-P1572,1929,7.9,0.0,0.0,4.4,0.8,13.5,65.5,31.6,7.8,0.0,0.0,7.4,139.1,7.9,5.3,118.5,7.4,1572,,GANGANAGAR,
Rajasthan,Ganganagar,IMD110-P1572,1930,0.7,7.4,1.7,2.8,6.5,31.6,244.3,34.1,3.3,0.0,0.0,0.0,332.4,8.1,10.9,313.3,0.0,1572,,GANGANAGAR,
Rajasthan,Ganganagar,IMD110-P1572,1931,2.5,0.6,2.4,0.0,6.0,13.3,109.0,84.2,12.6,5.5,0.0,0.6,236.7,3.1,8.4,219.1,6.1,1572,,GANGANAGAR,
Rajasthan,Ganganagar,IMD110-P1572,1932,9.4,0.0,5.1,4.9,0.5,13.8,92.9,37.1,0.0,0.0,0.0,2.5,166.2,9.4,10.5,143.8,2.5,1572,,GANGANAGAR,
Rajasthan,Ganganagar,IMD110-P1572,1933,0.3,13.3,13.3,0.2,11.7,14.1,33.3,117.4,46.4,0.0,0.1,0.0,250.1,13.5,25.3,211.2,0.1,1572,,GANGANAGAR,
Rajasthan,Ganganagar,IMD110-P1572,1934,8.9,0.0,37.6,0.0,7.1,32.3,11.6,75.3,1.4,0.0,0.0,2.1,176.3,8.9,44.7,120.6,2.1,1572,,GANGANAGAR,
Rajasthan,Ganganagar,IMD110-P1572,1935,15.9,11.5,3.6,24.3,2.6,0.5,118.1,15.3,1.7,1.8,0.0,3.5,198.7,27.3,30.5,135.6,5.3,1572,,GANGANAGAR,
Rajasthan,Ganganagar,IMD110-P1572,1936,0.0,3.4,1.2,0.5,0.0,35.0,11.4,67.9,8.5,0.0,0.0,2.7,130.7,3.4,1.7,122.9,2.7,1572,,GANGANAGAR,
Rajasthan,Ganganagar,IMD110-P1572,1937,0.0,51.4,5.0,9.8,1.8,1.3,51.7,0.4,6.8,1.8,0.0,4.5,134.4,51.4,16.6,60.2,6.3,1572,,GANGANAGAR,
Rajasthan,Ganganagar,IMD110-P1572,1938,8.0,6.6,0.7,5.9,0.0,67.1,29.9,11.8,0.0,6.7,0.0,0.0,136.6,14.6,6.5,108.8,6.7,1572,,GANGANAGAR,
Rajasthan,Ganganagar,IMD110-P1572,1939,1.1,39.1,7.6,0.4,0.0,25.3,8.1,23.3,1.3,0.0,0.0,0.0,106.2,40.2,8.0,57.9,0.0,1572,,GANGANAGAR,
Rajasthan,Ganganagar,IMD110-P1572,1940,24.5,14.8,9.9,0.0,0.0,34.0,42.5,86.5,1.5,2.9,0.0,0.0,216.6,39.3,9.9,164.5,2.9,1572,,GANGANAGAR,
Rajasthan,Ganganagar,IMD110-P1572,1941,25.0,0.1,1.7,0.0,15.7,51.6,21.9,14.0,31.4,0.0,0.0,6.3,167.6,25.1,17.4,118.8,6.3,1572,,GANGANAGAR,
Rajasthan,Ganganagar,IMD110-P1572,1942,7.2,8.4,0.0,0.7,4.1,17.3,110.1,45.4,44.8,2.0,0.0,1.6,241.6,15.6,4.8,217.6,3.6,1572,,GANGANAGAR,
Rajasthan,Ganganagar,IMD110-P1572,1943,17.8,0.0,2.5,0.0,0.0,0.8,31.0,16.0,19.0,0.0,0.0,0.0,87.1,17.8,2.5,66.8,0.0,1572,,GANGANAGAR,
Rajasthan,Ganganagar,IMD110-P1572,1944,1.7,8.9,11.5,35.8,0.0,23.4,127.1,120.2,23.4,0.0,0.0,0.0,351.9,10.6,47.2,294.0,0.0,1572,,GANGANAGAR,
Rajasthan,Ganganagar,IMD110-P1572,1945,24.2,0.0,6.0,2.4,2.0,47.5,87.4,83.1,72.5,0.4,0.0,0.0,325.5,24.2,10.4,290.5,0.4,1572,,GANGANAGAR,
Rajasthan,Ganganagar,IMD110-P1572,1946,0.0,0.4,0.0,0.5,4.4,28.7,19.8,43.9,0.0,1.8,0.0,1.2,100.8,0.4,4.9,92.4,3.1,1573,,GANGANAGAR,
Rajasthan,Ganganagar,IMD110-P1572,1947,0.0,9.5,0.2,0.0,0.5,0.0,27.7,104.7,20.8,3.3,0.0,2.1,168.9,9.5,0.7,153.3,5.4,1573,,GANGANAGAR,
Rajasthan,Ganganagar,IMD110-P1572,1948,18.3,27.2,16.8,0.0,1.3,3.9,73.0,150.5,0.0,3.6,0.0,8.1,302.8,45.5,18.1,227.4,11.7,1573,,GANGANAGAR,
Rajasthan,Ganganagar,IMD110-P1572,1949,8.6,6.3,0.1,0.0,7.4,8.4,49.6,8.4,75.2,0.0,0.0,3.0,166.9,14.9,7.5,141.6,3.0,1573,,GANGANAGAR,
Rajasthan,Ganganagar,IMD110-P1572,1950,4.1,2.0,8.3,0.0,0.0,4.8,141.5,60.2,68.6,0.0,0.0,0.0,289.5,6.1,8.3,275.1,0.0,1573,,GANGANAGAR,
Rajasthan,Ganganagar,IMD110-P1572,1951,1.4,0.0,12.4,12.8,15.1,7.8,39.9,70.3,0.0,0.0,32.2,0.0,191.8,1.4,40.3,118.0,32.2,1573,,GANGANAGAR,
Rajasthan,Ganganagar,IMD110-P1572,1952,0.4,4.3,4.5,0.9,9.7,24.2,62.6,46.3,0.0,0.0,0.0,1.1,154.2,4.7,15.2,133.2,1.1,1573,,GANGANAGAR,
Rajasthan,Ganganagar,IMD110-P1572,1953,9.9,0.0,0.0,0.1,4.5,6.5,20.3,165.4,31.2,0.6,0.0,0.0,238.6,9.9,4.6,223.5,0.6,1573,,GANGANAGAR,
Rajasthan,Ganganagar,IMD110-P1572,1954,0.9,20.7,1.2,0.0,1.1,24.2,53.6,2.2,97.9,0.3,0.0,0.0,202.0,21.6,2.3,177.9,0.3,1573,,GANGANAGAR,
Rajasthan,Ganganagar,IMD110-P1572,1955,14.3,1.6,18.3,3.7,22.2,35.8,6.4,62.2,18.4,0.4,0.0,3.4,186.7,16.0,44.2,122.8,3.8,1573,,GANGANAGAR,
Rajasthan,Ganganagar,IMD110-P1572,1956,10.6,0.2,22.1,1.2,0.0,9.1,180.5,107.6,10.5,20.8,0.0,0.1,362.7,10.8,23.3,307.7,20.8,1573,,GANGANAGAR,
Rajasthan,Ganganagar,IMD110-P1572,1957,33.0,0.0,30.7,3.4,20.9,12.3,18.1,43.8,0.0,0.0,0.5,15.0,177.8,33.0,55.1,74.2,15.4,1573,,GANGANAGAR,
Rajasthan,Ganganagar,IMD110-P1572,1958,1.0,0.0,5.9,0.8,3.3,0.7,46.9,13.2,160.9,0.2,0.2,26.2,259.3,1.1,10.0,221.6,26.6,1573,,GANGANAGAR,
Rajasthan,Ganganagar,IMD110-P1572,1959,2.5,1.9,0.9,0.9,12.2,2.7,86.3,59.9,86.0,3.1,10.7,0.3,267.3,4.4,13.9,234.9,14.2,1573,,GANGANAGAR,
Rajasthan,Ganganagar,IMD110-P1572,1960,1.4,0.0,13.4,0.1,2.8,51.2,95.0,33.0,2.5,0.0,0.0,13.1,212.4,1.4,16.2,181.7,13.1,1573,,GANGANAGAR,
Rajasthan,Ganganagar,IMD110-P1572,1961,12.6,7.9,0.1,11.2,8.4,39.0,38.1,55.3,32.0,2.1,0.1,10.3,217.1,20.5,19.7,164.4,12.5,1573,,GANGANAGAR,
Rajasthan,Ganganagar,IMD110-P1572,1962,6.0,0.6,7.3,1.0,0.0,1.0,52.0,19.8,79.0,0.0,1.7,6.3,174.5,6.5,8.3,151.7,7.9,1573,,GANGANAGAR,
Rajasthan,Ganganagar,IMD110-P1572,1963,0.0,1.6,27.4,1.7,20.9,2.7,17.5,77.7,30.6,0.0,1.1,1.5,182.7,1.6,50.0,128.5,2.5,1573,,GANGANAGAR,
Rajasthan,Ganganagar,IMD110-P1572,1964,1.0,1.1,2.2,0.6,1.9,7.1,173.1,98.6,2.9,0.1,0.6,1.2,290.3,2.0,4.7,281.7,1.9,1573,,GANGANAGAR,
Rajasthan,Ganganagar,IMD110-P1572,1965,0.6,0.1,2.8,10.1,1.8,3.4,78.1,51.3,0.4,0.0,0.7,0.0,149.3,0.7,14.7,133.2,0.7,1573,,GANGANAGAR,
Rajasthan,Ganganagar,IMD110-P1572,1966,0.0,30.4,16.4,2.3,27.8,26.6,48.9,35.6,118.4,0.3,0.0,0.0,306.6,30.4,46.5,229.4,0.3,1573,,GANGANAGAR,
Rajasthan,Ganganagar,IMD110-P1572,1967,0.0,0.0,73.3,0.9,0.5,37.5,49.9,84.7,23.5,1.0,6.2,55.0,332.7,0.0,74.8,195.6,62.3,1573,,GANGANAGAR,
Rajasthan,Ganganagar,IMD110-P1572,1968,6.1,12.6,20.9,0.3,12.9,2.3,44.1,14.8,0.0,3.1,0.0,0.0,117.1,18.7,34.1,61.2,3.1,1573,,GANGANAGAR,
Rajasthan,Ganganagar,IMD110-P1572,1969,0.4,5.8,7.0,6.8,7.0,7.9,28.1,34.2,18.5,0.0,0.0,0.0,115.9,6.2,20.9,88.7,0.0,1573,,GANGANAGAR,
Rajasthan,Ganganagar,IMD110-P1572,1970,2.4,19.3,1.5,0.0,0.9,30.8,23.4,87.8,21.5,0.0,0.0,0.0,187.4,21.6,2.4,163.4,0.0,1573,,GANGANAGAR,
Rajasthan,Ganganagar,IMD110-P1572,1971,0.1,0.9,0.0,0.2,10.4,7.7,29.3,47.5,18.7,5.1,0.0,0.0,119.8,1.0,10.6,103.1,5.1,1573,,GANGANAGAR,
Rajasthan,Ganganagar,IMD110-P1572,1972,1.0,1.9,0.6,5.2,0.0,8.6,69.7,106.7,10.0,0.0,3.3,3.9,211.0,2.9,5.9,195.1,7.2,1573,,GANGANAGAR,
Rajasthan,Ganganagar,IMD110-P1572,1973,0.0,3.6,0.5,0.0,25.3,0.7,51.0,143.9,1.6,0.3,0.0,18.8,245.7,3.6,25.9,197.2,19.0,1573,,GANGANAGAR,
Rajasthan,Ganganagar,IMD110-P1572,1974,0.0,0.1,0.0,0.8,7.1,13.4,86.0,22.2,0.5,1.1,0.0,0.0,131.2,0.1,8.0,122.0,1.1,1573,,GANGANAGAR,
Rajasthan,Ganganagar,IMD110-P1572,1975,2.4,1.2,2.2,0.0,0.1,32.1,62.0,118.0,43.4,0.0,0.0,0.0,261.5,3.6,2.3,255.5,0.0,1573,,GANGANAGAR,
Rajasthan,Ganganagar,IMD110-P1572,1976,4.7,4.1,5.6,2.4,6.5,66.8,54.7,172.1,91.4,0.0,0.0,0.0,408.2,8.8,14.5,384.9,0.0,1573,,GANGANAGAR,
Rajasthan,Ganganagar,IMD110-P1572,1977,18.3,0.0,0.0,19.5,9.7,59.5,,38.7,36.3,0.0,0.0,0.1,,18.3,29.2,,0.1,1573,missing_months,GANGANAGAR,
Rajasthan,Ganganagar,IMD110-P1572,1978,1.7,6.8,2.0,3.4,0.0,15.9,244.4,63.3,19.6,0.5,5.7,0.0,363.2,8.6,5.3,343.1,6.2,1573,,GANGANAGAR,
Rajasthan,Ganganagar,IMD110-P1572,1979,3.6,27.3,10.5,3.1,4.9,8.2,19.6,32.4,38.3,0.4,0.2,0.5,148.9,30.9,18.5,98.4,1.0,1573,,GANGANAGAR,
Rajasthan,Ganganagar,IMD110-P1572,1980,0.0,0.6,6.8,0.4,6.7,9.0,136.4,28.8,17.2,0.9,0.4,6.7,213.8,0.6,13.9,191.4,8.0,1573,,GANGANAGAR,
Rajasthan,Ganganagar,IMD110-P1572,1981,10.2,18.9,10.4,0.0,1.2,0.1,125.7,14.6,7.8,0.2,15.0,7.3,211.5,29.1,11.6,148.3,22.5,1573,,GANGANAGAR,
Rajasthan,Ganganagar,IMD110-P1572,1982,7.7,10.5,19.5,26.7,22.0,28.1,45.0,151.9,13.0,0.1,3.6,0.1,328.1,18.2,68.2,237.9,3.8,1573,,GANGANAGAR,
Rajasthan,Ganganagar,IMD110-P1572,1983,11.4,3.5,1.2,37.1,15.6,16.6,151.1,118.8,65.2,0.0,0.0,0.5,421.0,14.9,53.9,351.7,0.5,1573,,GANGANAGAR,
Rajasthan,Ganganagar,IMD110-P1572,1984,0.0,12.0,2.0,1.1,0.0,3.4,62.6,113.0,49.4,0.0,1.1,0.0,244.6,12.0,3.1,228.4,1.1,1573,,GANGANAGAR,
Rajasthan,Ganganagar,IMD110-P1572,1985,0.7,0.1,1.1,9.9,1.5,30.3,138.4,49.8,5.3,14.9,0.0,2.8,254.7,0.8,12.4,223.7,17.7,1573,,GANGANAGAR,
Rajasthan,Ganganagar,IMD110-P1572,1986,1.1,28.3,1.0,6.3,15.3,56.3,88.3,37.3,4.2,0.0,0.0,1.5,239.8,29.4,22.6,186.1,1.5,1573,,GANGANAGAR,
Rajasthan,Ganganagar,IMD110-P1572,1987,3.1,0.6,28.1,12.8,74.5,24.4,28.5,37.7,2.4,3.1,0.0,0.0,215.2,3.7,115.3,93.0,3.1,1574,,GANGANAGAR,
Rajasthan,Ganganagar,IMD110-P1572,1988,1.0,5.9,6.7,6.2,0.0,7.4,100.5,58.9,34.4,1.8,0.0,1.3,224.1,6.9,12.9,201.2,3.1,1574,,GANGANAGAR,
Rajasthan,Ganganagar,IMD110-P1572,1989,24.2,0.1,9.2,0.9,0.0,53.3,78.1,34.3,3.1,0.0,1.5,8.5,213.2,24.3,10.2,168.7,10.0,1574,,GANGANAGAR,
Rajasthan,Ganganagar,IMD110-P1572,1990,0.2,39.0,1.1,4.8,9.5,20.7,51.2,72.8,20.7,0.1,0.0,6.9,227.2,39.2,15.4,165.5,7.1,1574,,GANGANAGAR,
Rajasthan,Ganganagar,IMD110-P1572,1991,0.8,13.0,0.2,21.3,8.6,54.3,3.8,11.6,14.4,0.0,0.0,2.0,130.1,13.8,30.1,84.1,2.0,1574,,GANGANAGAR,
Rajasthan,Ganganagar,IMD110-P1572,1992,6.0,18.6,0.0,3.1,1.3,1.6,96.8,149.5,85.6,0.8,2.0,0.0,365.4,24.6,4.4,333.6,2.8,1574,,GANGANAGAR,
Rajasthan,Ganganagar,IMD110-P1572,1993,2.0,0.5,25.4,1.3,11.4,55.6,115.5,6.6,23.2,0.0,0.0,0.0,241.5,2.5,38.1,200.9,0.0,1574,,GANGANAGAR,
Rajasthan,Ganganagar,IMD110-P1572,1994,12.2,2.5,0.8,2.4,0.5,19.6,143.0,44.5,69.5,0.0,0.1,0.0,295.1,14.8,3.6,276.6,0.1,1574,,GANGANAGAR,
Rajasthan,Ganganagar,IMD110-P1572,1995,8.4,6.8,1.5,2.6,1.8,34.0,93.0,107.6,0.0,3.7,0.0,0.0,259.5,15.2,5.9,234.6,3.7,1574,,GANGANAGAR,
Rajasthan,Ganganagar,IMD110-P1572,1996,,,2.0,,0.0,46.7,8.5,87.5,8.0,41.5,0.0,0.0,,,,150.7,41.5,1574,missing_months,GANGANAGAR,
Rajasthan,Ganganagar,IMD110-P1572,1997,9.5,1.0,8.8,56.4,36.7,41.3,80.5,116.5,12.5,86.1,20.7,1.2,471.2,10.5,101.9,250.8,108.0,1574,,GANGANAGAR,
Rajasthan,Ganganagar,IMD110-P1572,1998,0.1,25.9,3.5,14.3,9.5,42.7,63.3,16.0,31.9,30.7,0.0,0.0,238.0,26.0,27.3,153.9,30.7,1574,,GANGANAGAR,
Rajasthan,Ganganagar,IMD110-P1572,1999,16.2,3.8,0.8,0.0,42.9,35.0,88.4,3.9,0.0,0.0,0.0,0.0,191.1,20.0,43.7,127.4,0.0,1574,,GANGANAGAR,
Rajasthan,Ganganagar,IMD110-P1572,2000,6.1,9.0,0.0,0.0,0.1,3.9,103.5,16.4,1.6,0.0,0.5,0.0,141.1,15.1,0.1,125.4,0.5,1574,,GANGANAGAR,
Rajasthan,Ganganagar,IMD110-P1572,2001,0.0,0.5,0.5,2.6,12.4,14.6,23.3,8.9,0.0,0.0,0.0,0.0,62.9,0.5,15.6,46.8,0.0,1574,,GANGANAGAR,
Rajasthan,Ganganagar,IMD110-P1572,2002,0.0,1.8,3.2,0.1,21.4,20.5,0.0,13.0,19.9,1.0,4.4,5.6,90.9,1.8,24.8,53.4,11.0,1574,,GANGANAGAR,
Rajasthan,Ganganagar,IMD110-P1572,2003,0.1,40.0,0.7,0.0,0.6,21.0,98.0,70.0,31.5,0.0,0.2,0.0,262.2,40.1,1.3,220.5,0.2,1574,,GANGANAGAR,
Rajasthan,Ganganagar,IMD110-P1572,2004,3.8,0.1,0.0,0.6,10.6,55.9,5.8,41.8,1.2,17.5,0.0,2.1,139.3,3.9,11.1,104.6,19.6,1574,,GANGANAGAR,
Rajasthan,Ganganagar,IMD110-P1572,2005,6.4,39.9,29.8,3.1,21.6,19.5,34.5,0.3,33.0,0.0,0.0,0.0,188.1,46.3,54.5,87.3,0.0,1574,,GANGANAGAR,
Rajasthan,Ganganagar,IMD110-P1572,2006,0.0,0.0,4.3,0.0,13.3,48.4,100.9,28.0,16.3,0.0,2.7,0.0,213.9,0.0,17.6,193.7,2.7,1574,,GANGANAGAR,
Rajasthan,Ganganagar,IMD110-P1572,2007,0.0,50.5,9.7,11.7,3.5,127.4,42.4,27.8,62.2,0.0,0.0,2.9,338.1,50.5,24.9,259.8,2.9,1574,,GANGANAGAR,
Rajasthan,Ganganagar,IMD110-P1572,2008,8.8,2.8,0.0,22.7,32.1,71.7,43.5,103.9,30.8,0.0,0.0,2.0,318.1,11.6,54.7,249.8,2.0,1574,,GANGANAGAR,
Rajasthan,Ganganagar,IMD110-P1572,2009,16.9,10.8,19.4,3.8,13.7,6.4,84.3,26.6,36.2,0.0,0.0,0.0,218.2,27.7,36.9,153.5,0.0,1574,,GANGANAGAR,
Rajasthan,Ganganagar,IMD110-P1572,2010,1.3,5.5,0.2,0.0,7.2,17.2,85.1,120.0,67.1,0.1,0.0,1.9,305.5,6.7,7.3,289.4,2.1,1574,,GANGANAGAR,
Rajasthan,Hanumangarh,IMD110-P1575,1906,0.0,53.8,23.6,0.0,1.6,34.0,76.0,25.9,102.0,0.0,0.0,2.2,319.1,53.8,25.2,237.9,2.2,1575,,HANUMANGARH,
Rajasthan,Hanumangarh,IMD110-P1575,1907,2.8,6.7,8.3,25.9,0.0,56.1,47.8,173.7,0.0,0.0,0.0,0.0,321.3,9.5,34.2,277.6,0.0,1575,,HANUMANGARH,
Rajasthan,Hanumangarh,IMD110-P1575,1908,13.2,0.0,0.0,7.0,8.8,3.5,273.9,201.8,8.7,0.0,0.0,0.0,517.0,13.2,15.8,487.9,0.0,1575,,HANUMANGARH,
Rajasthan,Hanumangarh,IMD110-P1575,1909,4.7,6.0,0.0,25.7,0.0,66.2,114.0,98.5,185.5,3.0,0.0,19.1,522.8,10.7,25.7,464.3,22.1,1575,,HANUMANGARH,
Rajasthan,Hanumangarh,IMD110-P1575,1910,4.9,0.0,0.0,0.0,0.0,37.4,29.5,159.0,25.0,0.8,0.0,0.0,256.7,4.9,0.0,251.0,0.8,1575,,HANUMANGARH,
Rajasthan,Hanumangarh,IMD110-P1575,1911,11.3,0.0,53.9,0.0,0.0,94.7,5.0,19.5,13.3,7.9,9.5,0.0,215.0,11.3,53.9,132.5,17.4,1575,,HANUMANGARH,
Rajasthan,Hanumangarh,IMD110-P1575,1912,35.2,0.0,1.2,1.7,3.8,6.1,202.1,78.5,23.0,0.0,11.3,0.0,363.0,35.2,6.7,309.8,11.3,1575,,HANUMANGARH,
Rajasthan,Hanumangarh,IMD110-P1575,1913,0.0,40.6,2.7,0.0,70.1,80.8,83.8,21.7,21.3,0.0,0.0,39.9,361.1,40.6,72.8,207.7,39.9,1575,,HANUMANGARH,
Rajasthan,Hanumangarh,IMD110-P1575,1914,4.7,0.0,0.0,18.7,9.4,47.7,220.1,69.0,76.3,5.9,0.0,0.0,451.8,4.7,28.1,413.1,5.9,1575,,HANUMANGARH,
Rajasthan,Hanumangarh,IMD110-P1575,1915,2.5,34.9,8.1,0.8,1.3,27.2,8.5,34.3,23.7,48.4,0.0,0.0,189.8,37.4,10.2,93.7,48.4,1575,,HANUMANGARH,
Rajasthan,Hanumangarh,IMD110-P1575,1916,4.8,2.5,0.0,4.0,10.7,33.2,98.8,105.3,44.5,20.2,0.0,0.0,324.0,7.4,14.7,281.7,20.2,1575,,HANUMANGARH,
Rajasthan,Hanumangarh,IMD110-P1575,1917,9.2,0.0,3.8,18.4,20.8,67.3,92.1,130.5,259.1,103.7,0.0,0.0,704.9,9.2,43.1,549.0,103.7,1575,,HANUMANGARH,
Rajasthan,Hanumangarh,IMD110-P1575,1918,1.9,0.0,31.8,3.1,0.0,3.0,29.5,72.8,38.9,4.1,0.0,0.0,184.9,1.9,34.8,144.2,4.1,1575,,HANUMANGARH,
Rajasthan,Hanumangarh,IMD110-P1575,1919,36.9,1.3,0.0,11.2,13.2,0.0,74.3,97.4,12.9,0.0,5.9,15.3,268.4,38.1,24.4,184.6,21.2,1575,,HANUMANGARH,
Rajasthan,Hanumangarh,IMD110-P1575,1920,15.0,0.0,0.0,0.0,17.7,5.9,62.2,20.7,2.5,0.0,0.0,0.0,124.1,15.0,17.7,91.4,0.0,1575,,HANUMANGARH,
Rajasthan,Hanumangarh,IMD110-P1575,1921,0.0,0.0,0.0,0.0,0.0,3.7,46.4,64.2,41.0,4.7,0.0,0.0,160.0,0.0,0.0,155.3,4.7,1575,,HANUMANGARH,
Rajasthan,Hanumangarh,IMD110-P1575,1922,0.0,0.5,0.0,0.0,1.0,15.2,45.5,18.4,147.0,0.0,0.0,20.6,248.2,0.5,1.0,226.1,20.6,1575,,HANUMANGARH,
Rajasthan,Hanumangarh,IMD110-P1575,1923,12.3,9.7,0.0,0.0,5.0,19.9,134.6,192.9,0.0,0.0,0.0,33.0,407.4,22.0,5.0,347.4,33.0,1575,,HANUMANGARH,
Rajasthan,Hanumangarh,IMD110-P1575,1924,27.1,12.7,0.0,0.0,0.0,0.0,65.8,43.2,37.3,0.0,0.0,10.1,196.1,39.8,0.0,146.2,10.1,1575,,HANUMANGARH,
Rajasthan,Hanumangarh,IMD110-P1575,1925,0.0,0.0,0.0,0.0,17.4,89.9,103.8,27.1,10.1,0.0,0.0,0.0,248.3,0.0,17.4,230.9,0.0,1575,,HANUMANGARH,
Rajasthan,Hanumangarh,IMD110-P1575,1926,5.1,5.1,19.5,6.3,22.5,27.3,158.1,204.2,21.3,0.0,0.0,0.0,469.3,10.2,48.2,410.9,0.0,1575,,HANUMANGARH,
Rajasthan,Hanumangarh,IMD110-P1575,1927,0.0,3.4,0.0,0.0,19.8,8.5,121.2,24.3,10.2,0.0,2.1,14.9,204.4,3.4,19.8,164.2,17.1,1575,,HANUMANGARH,
Rajasthan,Hanumangarh,IMD110-P1575,1928,2.5,4.2,0.0,14.0,2.7,42.4,49.0,104.8,9.3,0.0,3.8,8.6,241.4,6.8,16.7,205.5,12.4,1575,,HANUMANGARH,
Rajasthan,Hanumangarh,IMD110-P1575,1929,9.4,0.0,0.0,9.7,1.8,4.9,120.4,87.5,0.0,0.0,0.0,13.3,247.0,9.4,11.5,212.8,13.3,1575,,HANUMANGARH,
Rajasthan,Hanumangarh,IMD110-P1575,1930,6.3,10.5,8.9,10.3,6.6,57.1,316.0,38.7,16.7,0.5,0.0,0.0,471.7,16.8,25.8,428.5,0.5,1575,,HANUMANGARH,
Rajasthan,Hanumangarh,IMD110-P1575,1931,0.7,1.8,10.0,0.0,2.9,4.0,110.0,108.1,60.9,28.4,0.0,0.0,326.8,2.4,12.9,283.0,28.4,1575,,HANUMANGARH,
Rajasthan,Hanumangarh,IMD110-P1575,1932,2.8,0.9,9.6,4.5,0.0,11.8,151.7,84.8,3.5,0.0,0.0,8.4,277.9,3.7,14.1,251.7,8.4,1575,,HANUMANGARH,
Rajasthan,Hanumangarh,IMD110-P1575,1933,0.0,15.6,23.0,10.7,28.6,32.1,74.3,158.6,103.4,0.0,0.0,0.0,446.3,15.6,62.4,368.3,0.0,1575,,HANUMANGARH,
Rajasthan,Hanumangarh,IMD110-P1575,1934,3.6,0.0,49.9,0.0,1.0,89.2,19.9,137.7,9.8,0.0,0.0,3.7,314.8,3.6,50.9,256.7,3.7,1575,,HANUMANGARH,
Rajasthan,Hanumangarh,IMD110-P1575,1935,31.1,11.4,0.0,15.7,0.0,0.0,199.9,54.9,24.5,16.1,9.1,0.9,363.6,42.5,15.7,279.3,26.1,1575,,HANUMANGARH,
Rajasthan,Hanumangarh,IMD110-P1575,1936,0.0,8.6,0.0,0.3,0.0,35.7,70.5,151.4,51.5,0.0,0.0,23.8,341.8,8.6,0.3,309.1,23.8,1575,,HANUMANGARH,
Rajasthan,Hanumangarh,IMD110-P1575,1937,0.0,58.8,8.7,5.8,0.0,8.3,172.9,1.7,61.3,1.9,0.0,1.7,321.0,58.8,14.5,244.2,3.6,1575,,HANUMANGARH,
Rajasthan,Hanumangarh,IMD110-P1575,1938,14.4,5.1,0.0,0.3,8.6,55.8,19.5,54.3,6.8,0.0,0.0,0.0,164.8,19.5,8.8,136.5,0.0,1575,,HANUMANGARH,
Rajasthan,Hanumangarh,IMD110-P1575,1939,1.3,51.4,12.0,0.0,0.0,55.5,36.6,21.3,2.5,0.0,0.0,0.0,180.6,52.7,12.0,115.9,0.0,1575,,HANUMANGARH,
Rajasthan,Hanumangarh,IMD110-P1575,1940,30.1,8.9,9.2,0.8,0.0,34.0,117.8,109.7,0.5,1.7,0.0,0.0,312.6,39.0,9.9,262.0,1.7,1575,,HANUMANGARH,
Rajasthan,Hanumangarh,IMD110-P1575,1941,59.3,3.3,0.0,0.0,25.3,58.2,45.1,53.7,35.3,0.8,0.0,6.6,287.5,62.6,25.3,192.3,7.4,1575,,HANUMANGARH,
Rajasthan,Hanumangarh,IMD110-P1575,1942,7.2,6.4,0.3,6.5,7.4,38.2,182.0,119.8,136.8,3.1,0.0,5.3,513.1,13.6,14.2,476.8,8.4,1575,,HANUMANGARH,
Rajasthan,Hanumangarh,IMD110-P1575,1943,8.7,0.0,0.0,0.0,0.3,23.5,68.7,15.5,45.5,0.0,0.0,0.0,162.3,8.7,0.3,153.2,0.0,1575,,HANUMANGARH,
Rajasthan,Hanumangarh,IMD110-P1575,1944,17.8,18.5,11.1,39.9,0.4,41.8,139.5,141.6,0.3,0.0,0.0,1.3,412.3,36.3,51.4,323.2,1.3,1575,,HANUMANGARH,
Rajasthan,Hanumangarh,IMD110-P1575,1945,33.6,0.0,4.8,3.0,13.4,35.6,78.0,175.5,130.4,3.3,0.0,0.0,477.7,33.6,21.3,419.5,3.3,1575,,HANUMANGARH,
Rajasthan,Hanumangarh,IMD110-P1575,1946,0.0,0.0,0.0,0.0,26.7,56.1,64.0,57.0,0.0,3.5,0.0,15.4,222.7,0.0,26.7,177.1,18.9,1576,,HANUMANGARH,
Rajasthan,Hanumangarh,IMD110-P1575,1947,16.5,8.0,0.0,0.0,2.5,3.4,10.7,118.2,165.3,4.7,0.0,8.3,337.6,24.5,2.5,297.6,13.0,1576,,HANUMANGARH,
Rajasthan,Hanumangarh,IMD110-P1575,1948,51.1,12.3,28.2,0.0,0.0,8.5,191.3,88.0,2.4,0.0,0.0,0.0,381.9,63.4,28.2,290.2,0.0,1576,,HANUMANGARH,
Rajasthan,Hanumangarh,IMD110-P1575,1949,5.4,12.2,0.0,0.0,22.1,24.0,206.0,25.3,117.9,0.0,0.0,1.4,414.4,17.6,22.1,373.2,1.4,1576,,HANUMANGARH,
Rajasthan,Hanumangarh,IMD110-P1575,1950,9.2,2.6,8.9,0.0,6.8,3.8,244.5,115.4,166.8,0.0,0.0,0.0,558.0,11.8,15.7,530.5,0.0,1576,,HANUMANGARH,
Rajasthan,Hanumangarh,IMD110-P1575,1951,0.9,0.0,38.8,7.3,11.4,6.3,8.6,47.7,0.0,0.0,19.6,0.0,140.7,0.9,57.5,62.6,19.6,1576,,HANUMANGARH,
Rajasthan,Hanumangarh,IMD110-P1575,1952,0.0,0.0,0.0,0.0,3.8,14.2,75.8,88.9,0.0,0.0,0.0,0.0,182.7,0.0,3.8,178.9,0.0,1576,,HANUMANGARH,
Rajasthan,Hanumangarh,IMD110-P1575,1953,11.2,0.0,0.0,4.2,6.6,23.6,34.5,116.9,40.3,0.0,0.0,0.0,237.3,11.2,10.8,215.3,0.0,1576,,HANUMANGARH,
Rajasthan,Hanumangarh,IMD110-P1575,1954,7.0,71.6,0.0,0.0,0.0,29.5,39.6,37.8,93.8,0.0,0.0,0.0,279.3,78.6,0.0,200.7,0.0,1576,,HANUMANGARH,
Rajasthan,Hanumangarh,IMD110-P1575,1955,5.3,0.0,3.7,2.5,13.9,39.4,4.2,85.0,22.4,157.8,0.0,0.0,334.2,5.3,20.1,151.0,157.8,1576,,HANUMANGARH,
Rajasthan,Hanumangarh,IMD110-P1575,1956,14.3,0.0,6.8,0.8,0.0,9.5,170.1,96.9,0.0,24.1,0.0,0.0,322.7,14.3,7.7,276.6,24.1,1576,,HANUMANGARH,
Rajasthan,Hanumangarh,IMD110-P1575,1957,29.6,0.0,6.5,0.0,4.7,22.7,152.9,39.4,11.2,0.0,4.8,3.8,275.6,29.6,11.2,226.2,8.6,1576,,HANUMANGARH,
Rajasthan,Hanumangarh,IMD110-P1575,1958,0.0,0.3,0.9,0.0,0.0,0.0,89.1,8.7,71.7,0.0,0.0,3.0,173.7,0.3,0.9,169.4,3.0,1576,,HANUMANGARH,
Rajasthan,Hanumangarh,IMD110-P1575,1959,2.1,4.6,0.0,0.0,4.1,11.9,24.3,47.2,63.1,5.5,8.0,0.0,170.8,6.7,4.1,146.4,13.5,1576,,HANUMANGARH,
Rajasthan,Hanumangarh,IMD110-P1575,1960,0.0,0.0,23.8,0.0,0.5,13.1,97.7,77.0,0.0,0.0,0.0,6.6,218.7,0.0,24.3,187.8,6.6,1576,,HANUMANGARH,
Rajasthan,Hanumangarh,IMD110-P1575,1961,26.6,3.5,0.0,3.2,11.8,33.8,13.0,49.0,9.1,0.0,0.0,0.0,150.0,30.1,14.9,104.9,0.0,1576,,HANUMANGARH,
Rajasthan,Hanumangarh,IMD110-P1575,1962,0.0,0.0,0.0,0.0,0.0,2.7,118.2,71.4,96.9,0.0,0.0,0.0,289.2,0.0,0.0,289.2,0.0,1576,,HANUMANGARH,
Rajasthan,Hanumangarh,IMD110-P1575,1963,0.0,0.0,15.7,0.0,0.0,0.0,43.9,188.3,43.2,0.0,2.1,0.0,293.2,0.0,15.7,275.4,2.1,1576,,HANUMANGARH,
Rajasthan,Hanumangarh,IMD110-P1575,1964,1.7,4.2,0.8,0.0,13.9,10.1,222.5,74.8,26.8,0.0,0.0,0.0,354.8,5.9,14.8,334.1,0.0,1576,,HANUMANGARH,
Rajasthan,Hanumangarh,IMD110-P1575,1965,1.5,1.7,3.9,16.7,18.6,5.0,82.0,50.5,27.4,7.0,0.0,0.0,214.2,3.2,39.2,164.9,7.0,1576,,HANUMANGARH,
Rajasthan,Hanumangarh,IMD110-P1575,1966,0.0,30.4,2.5,0.0,31.7,66.7,51.8,154.1,50.2,0.0,0.0,0.0,387.4,30.4,34.2,322.8,0.0,1576,,HANUMANGARH,
Rajasthan,Hanumangarh,IMD110-P1575,1967,0.0,0.0,37.6,0.0,0.0,31.1,12.5,87.6,17.7,9.6,18.8,56.2,271.1,0.0,37.6,148.9,84.6,1576,,HANUMANGARH,
Rajasthan,Hanumangarh,IMD110-P1575,1968,0.0,7.6,11.4,0.0,2.6,0.0,120.0,61.2,0.0,0.0,0.0,0.0,202.9,7.6,14.0,181.3,0.0,1576,,HANUMANGARH,
Rajasthan,Hanumangarh,IMD110-P1575,1969,0.0,1.4,7.3,3.0,19.0,3.0,60.4,64.4,48.7,0.0,0.0,0.0,207.2,1.4,29.3,176.5,0.0,1576,,HANUMANGARH,
Rajasthan,Hanumangarh,IMD110-P1575,1970,26.0,34.4,0.0,0.0,4.4,24.0,62.0,148.1,81.0,4.4,0.0,0.0,384.3,60.4,4.4,315.1,4.4,1576,,HANUMANGARH,
Rajasthan,Hanumangarh,IMD110-P1575,1971,0.4,1.9,2.0,0.0,20.1,41.2,47.0,126.5,15.8,0.0,0.0,0.0,254.9,2.3,22.1,230.4,0.0,1576,,HANUMANGARH,
Rajasthan,Hanumangarh,IMD110-P1575,1972,3.2,3.5,0.0,2.0,0.0,19.8,108.4,106.5,12.0,3.1,7.6,1.3,267.5,6.8,2.0,246.7,12.0,1576,,HANUMANGARH,
Rajasthan,Hanumangarh,IMD110-P1575,1973,0.0,0.6,0.0,0.0,29.7,0.0,52.0,176.0,4.7,0.0,0.0,14.0,277.0,0.6,29.7,232.7,14.0,1576,,HANUMANGARH,
Rajasthan,Hanumangarh,IMD110-P1575,1974,0.0,0.0,0.0,0.0,1.7,38.6,97.9,32.8,0.0,0.0,0.0,0.7,171.7,0.0,1.7,169.3,0.7,1576,,HANUMANGARH,
Rajasthan,Hanumangarh,IMD110-P1575,1975,3.3,1.3,0.7,0.0,7.7,54.8,130.8,161.4,52.2,0.0,0.0,0.0,412.1,4.7,8.3,399.1,0.0,1576,,HANUMANGARH,
Rajasthan,Hanumangarh,IMD110-P1575,1976,19.8,8.0,0.6,0.0,22.4,104.8,66.1,143.7,54.3,0.0,0.0,0.0,419.8,27.8,23.0,369.0,0.0,1576,,HANUMANGARH,
Rajasthan,Hanumangarh,IMD110-P1575,1977,18.1,0.0,2.9,10.4,4.0,80.6,,,84.5,0.0,0.0,0.0,,18.1,17.3,,0.0,1576,missing_months,HANUMANGARH,
Rajasthan,Hanumangarh,IMD110-P1575,1978,0.0,14.1,10.9,1.9,0.0,20.0,341.7,70.9,15.2,0.0,10.0,0.0,484.6,14.1,12.7,447.8,10.0,1576,,HANUMANGARH,
Rajasthan,Hanumangarh,IMD110-P1575,1979,6.3,27.1,5.6,5.4,12.7,22.0,38.6,31.3,33.4,0.0,2.1,2.3,186.7,33.3,23.7,125.2,4.4,1576,,HANUMANGARH,
Rajasthan,Hanumangarh,IMD110-P1575,1980,0.8,0.2,7.0,0.0,18.6,19.6,152.3,28.7,17.7,2.8,4.0,12.8,264.5,1.0,25.6,218.2,19.6,1576,,HANUMANGARH,
Rajasthan,Hanumangarh,IMD110-P1575,1981,11.8,17.3,20.2,0.0,3.4,3.2,141.6,21.4,12.6,0.0,58.0,0.8,290.3,29.1,23.6,178.8,58.8,1576,,HANUMANGARH,
Rajasthan,Hanumangarh,IMD110-P1575,1982,4.2,15.2,16.8,27.7,53.5,31.7,34.8,114.8,3.5,0.0,0.8,3.5,306.4,19.3,98.0,184.7,4.3,1576,,HANUMANGARH,
Rajasthan,Hanumangarh,IMD110-P1575,1983,27.0,5.5,3.2,44.3,26.7,18.1,213.3,110.7,52.5,0.0,0.0,0.0,501.1,32.5,74.1,394.5,0.0,1576,,HANUMANGARH,
Rajasthan,Hanumangarh,IMD110-P1575,1984,0.0,11.7,0.8,0.0,0.0,14.4,61.0,118.5,39.9,0.0,2.5,0.0,248.8,11.7,0.8,233.8,2.5,1576,,HANUMANGARH,
Rajasthan,Hanumangarh,IMD110-P1575,1985,5.5,0.0,0.8,9.2,0.5,70.2,158.3,66.9,4.7,5.2,0.0,19.0,340.3,5.5,10.5,300.1,24.2,1576,,HANUMANGARH,
Rajasthan,Hanumangarh,IMD110-P1575,1986,0.6,21.5,12.6,1.0,21.0,50.1,101.4,32.6,12.4,0.0,0.0,0.0,253.2,22.1,34.6,196.5,0.0,1576,,HANUMANGARH,
Rajasthan,Hanumangarh,IMD110-P1575,1987,26.8,2.8,17.4,3.4,74.2,7.8,25.2,65.0,5.8,8.6,0.0,0.0,237.0,29.6,95.0,103.8,8.6,1577,,HANUMANGARH,
Rajasthan,Hanumangarh,IMD110-P1575,1988,0.0,2.6,4.6,3.6,0.0,52.2,124.2,65.4,134.6,0.6,0.0,0.0,387.8,2.6,8.2,376.4,0.6,1577,,HANUMANGARH,
Rajasthan,Hanumangarh,IMD110-P1575,1989,13.4,0.0,1.6,0.0,0.0,54.6,74.2,52.3,2.2,0.0,,0.6,,13.4,1.6,183.3,,1577,missing_months,HANUMANGARH,
Rajasthan,Hanumangarh,IMD110-P1575,1990,0.0,,1.2,4.4,2.0,8.0,183.6,52.9,22.6,0.0,9.4,0.2,,,7.6,267.1,9.6,1577,missing_months,HANUMANGARH,
Rajasthan,Hanumangarh,IMD110-P1575,1991,0.0,7.8,0.0,20.4,14.6,56.8,30.4,61.0,9.4,2.6,0.0,0.0,203.0,7.8,35.0,157.6,2.6,1577,,HANUMANGARH,
Rajasthan,Hanumangarh,IMD110-P1575,1992,9.4,13.5,0.8,6.7,5.0,8.4,149.8,99.4,42.8,0.0,0.4,0.0,336.2,22.9,12.5,300.4,0.4,1577,,HANUMANGARH,
Rajasthan,Hanumangarh,IMD110-P1575,1993,1.6,8.4,7.0,0.6,16.6,63.4,140.2,3.6,50.2,0.0,0.0,0.0,291.6,10.0,24.2,257.4,0.0,1577,,HANUMANGARH,
Rajasthan,Hanumangarh,IMD110-P1575,1994,16.1,2.4,0.0,0.6,4.6,48.2,222.6,43.4,43.4,0.0,0.0,0.0,381.3,18.5,5.2,357.6,0.0,1577,,HANUMANGARH,
Rajasthan,Hanumangarh,IMD110-P1575,1995,22.8,21.6,8.2,0.0,3.8,52.2,79.0,215.2,35.8,0.8,0.0,0.0,439.4,44.4,12.0,382.2,0.8,1577,,HANUMANGARH,
Rajasthan,Hanumangarh,IMD110-P1575,2001,2.0,5.3,0.0,5.1,71.9,60.4,88.3,32.9,1.3,0.0,0.0,0.0,267.3,7.3,77.0,183.0,0.0,1577,,HANUMANGARH,
Rajasthan,Hanumangarh,IMD110-P1575,2002,0.0,7.6,2.4,0.0,55.1,23.7,5.4,2.0,19.9,1.6,0.0,15.1,132.9,7.6,57.6,51.0,16.7,1577,,HANUMANGARH,
Rajasthan,Hanumangarh,IMD110-P1575,2003,2.1,29.1,1.1,0.0,0.3,15.1,114.3,89.1,47.0,0.0,0.0,0.0,298.3,31.3,1.4,265.6,0.0,1577,,HANUMANGARH,
Rajasthan,Hanumangarh,IMD110-P1575,2004,6.9,0.0,0.0,2.9,29.7,83.9,17.1,33.4,0.3,24.1,0.0,6.9,205.1,6.9,32.6,134.7,31.0,1577,,HANUMANGARH,
Rajasthan,Hanumangarh,IMD110-P1575,2005,10.4,43.3,35.0,0.9,17.7,26.9,48.0,13.4,92.3,0.0,2.9,0.0,290.7,53.7,53.6,180.6,2.9,1577,,HANUMANGARH,
Rajasthan,Hanumangarh,IMD110-P1575,2006,0.0,0.0,55.4,1.0,24.7,59.3,106.1,7.6,13.1,7.4,1.1,6.9,282.7,0.0,81.1,186.1,15.4,1577,,HANUMANGARH,
Rajasthan,Hanumangarh,IMD110-P1575,2007,0.0,82.4,17.3,7.6,12.3,157.0,28.0,56.9,68.4,0.0,0.0,1.0,430.9,82.4,37.1,310.3,1.0,1577,,HANUMANGARH,
Rajasthan,Hanumangarh,IMD110-P1575,2008,3.8,0.7,0.0,19.8,29.8,111.0,54.1,124.4,40.7,2.1,1.1,0.9,388.6,4.5,49.7,330.3,4.1,1577,,HANUMANGARH,
Rajasthan,Hanumangarh,IMD110-P1575,2009,12.6,19.0,8.0,14.9,2.3,30.5,43.8,75.2,36.3,0.0,0.0,0.3,242.9,31.6,25.1,185.8,0.3,1577,,HANUMANGARH,
Rajasthan,Hanumangarh,IMD110-P1575,2010,5.8,5.6,0.7,0.0,8.0,43.9,114.4,103.0,105.8,0.0,0.0,6.9,394.0,11.3,8.7,367.1,6.9,1577,,HANUMANGARH,
Rajasthan,Jaipur,IMD110-P1578,1901,47.3,18.1,0.9,0.0,6.8,2.2,129.6,136.3,8.1,13.0,0.0,0.0,362.2,65.3,7.7,276.2,13.0,1578,,JAIPUR,
Rajasthan,Jaipur,IMD110-P1578,1902,1.0,0.0,0.4,1.5,12.7,42.1,175.6,96.3,113.2,9.0,0.0,0.0,451.9,1.0,14.7,427.2,9.0,1578,,JAIPUR,
Rajasthan,Jaipur,IMD110-P1578,1903,3.0,0.0,1.0,0.0,12.2,12.8,189.6,229.1,131.6,9.1,0.0,0.0,588.4,3.0,13.2,563.1,9.1,1578,,JAIPUR,
Rajasthan,Jaipur,IMD110-P1578,1904,2.5,1.2,28.8,0.0,23.9,58.7,210.5,321.0,46.7,0.0,5.6,26.6,725.4,3.7,52.7,636.9,32.1,1578,,JAIPUR,
Rajasthan,Jaipur,IMD110-P1578,1905,2.9,10.8,3.9,4.1,0.4,8.1,33.2,16.1,49.0,0.0,0.0,0.3,129.0,13.7,8.4,106.5,0.3,1578,,JAIPUR,
Rajasthan,Jaipur,IMD110-P1578,1906,0.2,24.3,16.1,0.0,2.1,32.6,172.8,49.7,135.3,0.3,0.0,4.9,438.3,24.5,18.2,390.4,5.2,1578,,JAIPUR,
Rajasthan,Jaipur,IMD110-P1578,1907,6.2,42.5,17.3,16.5,15.7,11.8,114.7,223.6,0.0,0.0,0.0,0.0,448.3,48.6,49.6,350.1,0.0,1578,,JAIPUR,
Rajasthan,Jaipur,IMD110-P1578,1908,18.2,0.2,1.2,0.3,9.0,26.4,365.3,338.7,64.5,1.0,2.6,0.0,827.3,18.3,10.5,794.9,3.6,1578,,JAIPUR,
Rajasthan,Jaipur,IMD110-P1578,1909,9.1,3.2,0.0,53.7,5.7,75.0,285.5,150.6,76.6,0.0,0.0,35.6,694.8,12.2,59.4,587.6,35.6,1578,,JAIPUR,
Rajasthan,Jaipur,IMD110-P1578,1910,7.0,5.9,0.0,2.2,0.7,55.6,52.5,208.3,82.8,73.2,0.0,0.0,488.2,12.8,2.9,399.2,73.2,1578,,JAIPUR,
Rajasthan,Jaipur,IMD110-P1578,1911,13.0,0.0,22.4,0.7,0.1,64.0,53.0,78.2,149.5,13.0,14.9,0.0,408.9,13.0,23.2,344.7,27.9,1578,,JAIPUR,
Rajasthan,Jaipur,IMD110-P1578,1912,13.4,19.9,3.1,1.9,19.6,4.8,340.6,254.9,32.3,0.8,2.5,0.4,694.1,33.2,24.6,632.6,3.7,1578,,JAIPUR,
Rajasthan,Jaipur,IMD110-P1578,1913,0.0,11.9,1.1,0.0,43.9,83.0,72.5,38.2,35.1,0.3,0.0,26.1,312.1,11.9,45.0,228.8,26.4,1578,,JAIPUR,
Rajasthan,Jaipur,IMD110-P1578,1914,0.0,0.0,2.3,1.4,1.8,61.7,348.7,108.8,84.8,9.8,2.9,0.0,622.3,0.0,5.6,604.1,12.7,1578,,JAIPUR,
Rajasthan,Jaipur,IMD110-P1578,1915,7.4,31.8,35.7,6.4,3.7,22.1,68.9,133.7,19.8,13.7,0.0,2.0,345.2,39.2,45.8,244.5,15.7,1578,,JAIPUR,
Rajasthan,Jaipur,IMD110-P1578,1916,0.0,6.3,0.0,0.7,8.7,70.3,172.0,305.5,100.4,24.2,0.0,0.0,688.3,6.3,9.4,648.3,24.2,1578,,JAIPUR,
Rajasthan,Jaipur,IMD110-P1578,1917,0.8,7.8,8.5,16.4,71.4,56.3,355.1,388.8,262.9,61.6,0.0,0.2,1229.7,8.6,96.3,1063.0,61.8,1578,,JAIPUR,
Rajasthan,Jaipur,IMD110-P1578,1918,5.9,0.0,0.9,1.4,1.0,14.1,24.7,152.5,18.9,0.0,0.1,0.0,219.5,5.9,3.3,210.2,0.1,1578,,JAIPUR,
Rajasthan,Jaipur,IMD110-P1578,1919,60.0,0.0,0.0,6.9,23.1,15.5,255.6,333.3,61.3,0.0,10.1,20.0,785.8,60.0,30.0,665.6,30.1,1578,,JAIPUR,
Rajasthan,Jaipur,IMD110-P1578,1920,14.4,5.6,9.2,0.0,32.0,183.6,356.2,30.4,0.6,0.0,0.0,0.0,632.0,20.0,41.2,570.9,0.0,1578,,JAIPUR,
Rajasthan,Jaipur,IMD110-P1578,1921,14.9,0.0,0.0,0.1,0.0,18.3,134.7,101.8,89.7,3.6,0.0,2.7,365.8,14.9,0.1,344.5,6.3,1578,,JAIPUR,
Rajasthan,Jaipur,IMD110-P1578,1922,3.9,0.0,0.0,1.1,8.2,62.6,177.8,114.7,81.1,1.6,2.5,13.6,467.1,3.9,9.3,436.3,17.7,1578,,JAIPUR,
Rajasthan,Jaipur,IMD110-P1578,1923,1.5,12.6,1.5,0.0,18.0,11.3,255.1,238.4,11.3,1.8,0.0,16.8,568.4,14.1,19.4,516.2,18.7,1578,,JAIPUR,
Rajasthan,Jaipur,IMD110-P1578,1924,16.8,11.9,0.0,0.0,4.1,24.5,165.6,301.1,424.0,83.5,10.0,44.6,1086.0,28.6,4.1,915.2,138.1,1578,,JAIPUR,
Rajasthan,Jaipur,IMD110-P1578,1925,0.0,0.0,0.0,0.0,9.3,119.1,145.4,59.7,6.6,6.0,13.7,0.0,359.9,0.0,9.3,330.8,19.7,1578,,JAIPUR,
Rajasthan,Jaipur,IMD110-P1578,1926,10.7,0.6,46.6,0.9,34.5,4.8,175.1,300.4,87.8,0.0,0.0,0.0,661.5,11.4,82.0,568.1,0.0,1578,,JAIPUR,
Rajasthan,Jaipur,IMD110-P1578,1927,0.0,19.4,0.5,1.6,4.8,0.3,159.1,198.7,44.1,4.7,3.2,32.8,469.0,19.4,6.9,402.1,40.7,1578,,JAIPUR,
Rajasthan,Jaipur,IMD110-P1578,1928,6.4,25.7,0.3,0.0,0.7,16.4,129.1,107.6,28.6,113.2,13.8,19.6,461.4,32.1,1.0,281.7,146.6,1578,,JAIPUR,
Rajasthan,Jaipur,IMD110-P1578,1929,0.0,3.7,0.0,11.7,11.0,37.0,289.1,124.1,41.7,0.1,0.0,9.0,527.4,3.7,22.7,491.9,9.0,1578,,JAIPUR,
Rajasthan,Jaipur,IMD110-P1578,1930,21.7,1.3,2.1,0.7,22.6,76.1,222.0,116.1,14.7,23.7,0.0,0.0,501.1,23.0,25.5,428.9,23.7,1578,,JAIPUR,
Rajasthan,Jaipur,IMD110-P1578,1931,0.0,1.9,4.7,0.0,2.3,5.1,240.0,308.1,28.7,29.6,0.0,0.5,621.0,1.9,7.1,581.9,30.2,1578,,JAIPUR,
Rajasthan,Jaipur,IMD110-P1578,1932,0.0,0.0,25.2,15.6,5.4,13.3,164.7,246.4,38.5,0.0,0.0,2.8,512.0,0.0,46.3,462.8,2.8,1578,,JAIPUR,
Rajasthan,Jaipur,IMD110-P1578,1933,0.0,4.1,2.3,19.5,26.4,244.4,114.8,247.5,164.7,14.1,0.8,0.0,838.6,4.1,48.2,771.4,14.9,1578,,JAIPUR,
Rajasthan,Jaipur,IMD110-P1578,1934,4.6,0.0,10.2,1.8,0.0,130.1,92.6,382.2,46.1,0.0,0.0,16.9,684.4,4.6,12.0,650.9,16.9,1579,,JAIPUR,
Rajasthan,Jaipur,IMD110-P1578,1935,25.2,9.7,0.8,9.1,1.8,17.2,228.1,112.1,149.2,13.4,0.0,30.9,597.5,35.0,11.6,506.6,44.3,1579,,JAIPUR,
Rajasthan,Jaipur,IMD110-P1578,1936,1.5,4.1,9.7,0.0,6.1,134.4,111.7,199.6,83.6,0.0,15.8,7.2,573.6,5.6,15.8,529.2,23.1,1579,,JAIPUR,
Rajasthan,Jaipur,IMD110-P1578,1937,0.0,16.9,1.5,2.1,10.0,54.5,236.5,51.9,76.8,0.0,2.1,2.1,454.3,16.9,13.6,419.7,4.1,1579,,JAIPUR,
Rajasthan,Jaipur,IMD110-P1578,1938,14.8,0.0,0.0,0.0,1.1,100.5,96.7,63.1,8.4,4.5,0.0,0.0,289.2,14.8,1.1,268.7,4.5,1579,,JAIPUR,
Rajasthan,Jaipur,IMD110-P1578,1939,1.2,29.0,6.7,0.2,0.0,36.4,82.4,42.4,28.0,1.5,0.0,0.0,227.7,30.2,6.9,189.2,1.5,1579,,JAIPUR,
Rajasthan,Jaipur,IMD110-P1578,1940,27.4,41.4,17.2,1.4,6.0,41.7,160.2,212.0,14.9,0.2,1.7,0.0,524.2,68.8,24.7,428.8,1.9,1579,,JAIPUR,
Rajasthan,Jaipur,IMD110-P1578,1941,11.0,1.2,1.3,0.0,19.6,55.9,42.7,83.0,60.4,2.3,0.0,7.8,285.2,12.2,20.9,242.1,10.1,1579,,JAIPUR,
Rajasthan,Jaipur,IMD110-P1578,1942,3.3,15.4,0.0,1.1,6.0,42.6,308.4,353.2,93.4,0.0,0.0,0.1,823.6,18.7,7.1,797.7,0.1,1579,,JAIPUR,
Rajasthan,Jaipur,IMD110-P1578,1943,3.6,0.6,0.0,9.8,4.6,36.6,225.3,122.0,143.8,0.0,0.0,0.5,546.9,4.3,14.4,527.7,0.5,1579,,JAIPUR,
Rajasthan,Jaipur,IMD110-P1578,1944,29.8,16.4,30.3,12.7,0.5,41.3,202.5,201.7,19.3,27.8,0.2,0.3,582.7,46.3,43.4,464.7,28.3,1579,,JAIPUR,
Rajasthan,Jaipur,IMD110-P1578,1945,32.0,0.0,0.0,5.6,14.8,56.2,256.0,179.3,167.8,1.8,0.0,0.0,713.4,32.0,20.4,659.3,1.8,1579,,JAIPUR,
Rajasthan,Jaipur,IMD110-P1578,1946,0.0,14.0,0.0,1.4,15.0,74.2,156.4,384.1,60.5,15.8,0.4,2.6,724.5,14.0,16.4,675.3,18.8,1579,,JAIPUR,
Rajasthan,Jaipur,IMD110-P1578,1947,13.8,5.7,0.0,0.0,1.8,11.4,46.9,183.7,230.0,5.5,0.0,8.8,507.5,19.4,1.8,471.9,14.3,1579,,JAIPUR,
Rajasthan,Jaipur,IMD110-P1578,1948,55.8,27.1,2.7,0.2,0.0,3.6,157.2,202.1,49.5,8.2,0.0,0.0,506.5,82.9,3.0,412.4,8.3,1579,,JAIPUR,
Rajasthan,Jaipur,IMD110-P1578,1949,5.1,0.6,0.0,0.1,5.5,32.6,337.3,53.0,57.4,6.1,0.0,0.0,497.7,5.7,5.6,480.2,6.1,1579,,JAIPUR,
Rajasthan,Jaipur,IMD110-P1578,1950,1.6,0.0,4.4,0.1,23.4,4.6,270.7,126.2,158.4,0.0,0.0,0.0,589.5,1.6,27.9,559.9,0.0,1579,,JAIPUR,
Rajasthan,Jaipur,IMD110-P1578,1951,0.3,0.0,4.9,2.2,4.5,65.7,63.1,146.5,2.4,0.0,24.4,0.0,314.1,0.3,11.7,277.8,24.4,1579,,JAIPUR,
Rajasthan,Jaipur,IMD110-P1578,1952,3.9,1.4,0.3,6.5,0.1,72.8,122.7,200.9,4.5,0.1,0.0,0.0,413.2,5.3,6.9,400.9,0.1,1579,,JAIPUR,
Rajasthan,Jaipur,IMD110-P1578,1953,16.5,0.0,0.0,0.2,0.6,32.0,111.3,223.5,45.5,0.6,0.0,1.9,432.1,16.5,0.8,412.3,2.4,1579,,JAIPUR,
Rajasthan,Jaipur,IMD110-P1578,1954,5.7,25.2,1.0,0.0,0.0,28.9,271.8,49.2,132.3,23.3,0.0,0.0,537.4,30.9,1.0,482.2,23.3,1579,,JAIPUR,
Rajasthan,Jaipur,IMD110-P1578,1955,13.5,1.3,1.2,0.0,5.9,99.3,66.6,308.8,131.6,78.7,0.0,0.0,706.9,14.8,7.1,606.3,78.7,1579,,JAIPUR,
Rajasthan,Jaipur,IMD110-P1578,1956,11.0,0.0,13.3,0.0,0.0,4.2,392.8,288.9,46.4,164.1,2.2,0.8,923.8,11.0,13.3,732.3,167.1,1579,,JAIPUR,
Rajasthan,Jaipur,IMD110-P1578,1957,47.9,0.0,13.7,0.5,1.1,49.5,323.6,256.4,72.3,8.9,0.0,0.4,774.4,47.9,15.3,701.8,9.4,1579,,JAIPUR,
Rajasthan,Jaipur,IMD110-P1578,1958,0.2,0.8,0.0,0.8,0.6,41.9,203.1,144.8,170.7,1.9,12.7,0.3,578.0,1.0,1.5,560.6,14.9,1579,,JAIPUR,
Rajasthan,Jaipur,IMD110-P1578,1959,3.7,0.1,0.0,1.3,55.0,42.0,206.0,282.5,137.2,33.3,12.0,0.0,773.1,3.8,56.3,667.7,45.3,1579,,JAIPUR,
Rajasthan,Jaipur,IMD110-P1578,1960,0.3,0.0,13.2,1.1,2.8,30.5,80.5,300.1,17.8,0.0,0.0,4.4,450.7,0.3,17.1,428.9,4.4,1579,,JAIPUR,
Rajasthan,Jaipur,IMD110-P1578,1961,8.9,21.9,0.0,0.1,2.4,38.8,142.3,214.4,195.5,14.3,13.7,0.0,652.3,30.8,2.4,591.0,28.0,1579,,JAIPUR,
Rajasthan,Jaipur,IMD110-P1578,1962,0.6,1.1,4.4,1.9,7.0,0.7,216.3,160.9,108.2,0.0,0.0,10.1,511.3,1.7,13.3,486.2,10.1,1579,,JAIPUR,
Rajasthan,Jaipur,IMD110-P1578,1963,0.0,7.0,0.7,5.0,2.1,27.0,95.4,249.8,69.7,0.0,3.9,1.4,462.1,7.0,7.8,442.0,5.4,1579,,JAIPUR,
Rajasthan,Jaipur,IMD110-P1578,1964,0.0,0.0,0.0,0.0,50.9,4.4,172.1,401.5,53.4,0.0,0.0,0.3,682.6,0.0,50.9,631.4,0.3,1579,,JAIPUR,
Rajasthan,Jaipur,IMD110-P1578,1965,1.2,29.5,5.8,11.1,7.0,15.1,93.2,86.7,39.8,28.3,0.0,0.0,317.8,30.7,24.0,234.8,28.3,1579,,JAIPUR,
Rajasthan,Jaipur,IMD110-P1578,1966,0.3,9.8,0.0,0.0,27.9,86.6,75.1,165.7,50.0,3.0,3.1,0.0,421.5,10.1,27.9,377.3,6.2,1579,,JAIPUR,
Rajasthan,Jaipur,IMD110-P1578,1967,0.0,0.0,31.6,3.2,14.9,59.0,165.1,169.7,144.5,0.9,0.0,41.3,630.0,0.0,49.6,538.3,42.2,1579,,JAIPUR,
Rajasthan,Jaipur,IMD110-P1578,1968,14.6,1.3,4.0,0.9,2.0,1.4,263.6,108.1,0.6,3.9,0.0,0.0,400.5,15.8,7.0,373.8,3.9,1580,,JAIPUR,
Rajasthan,Jaipur,IMD110-P1578,1969,8.7,2.0,11.2,0.6,10.5,26.5,186.0,124.9,77.3,0.2,0.0,0.0,447.9,10.7,22.3,414.7,0.3,1580,,JAIPUR,
Rajasthan,Jaipur,IMD110-P1578,1970,4.4,60.3,1.4,0.0,9.9,45.8,139.2,255.1,83.3,5.2,0.0,0.0,604.5,64.7,11.3,523.3,5.2,1580,,JAIPUR,
Rajasthan,Jaipur,IMD110-P1578,1971,4.8,0.4,0.0,2.6,48.4,311.7,273.3,99.2,77.8,23.9,1.4,0.0,843.4,5.3,51.0,761.9,25.3,1580,,JAIPUR,
Rajasthan,Jaipur,IMD110-P1578,1972,0.0,7.9,0.0,0.0,0.0,78.4,44.0,208.2,1.2,2.8,3.5,0.0,346.1,7.9,0.0,331.9,6.3,1580,,JAIPUR,
Rajasthan,Jaipur,IMD110-P1578,1973,8.9,5.1,0.0,0.1,9.5,18.6,176.4,335.3,72.7,0.2,0.0,1.1,627.7,14.0,9.5,603.0,1.3,1580,,JAIPUR,
Rajasthan,Jaipur,IMD110-P1578,1974,0.0,0.0,0.0,0.0,6.1,30.0,373.8,97.5,5.4,60.5,0.0,5.3,578.6,0.0,6.1,506.7,65.8,1580,,JAIPUR,
Rajasthan,Jaipur,IMD110-P1578,1975,3.8,0.1,1.6,0.2,0.3,50.1,389.9,299.0,201.1,16.5,0.0,0.0,962.6,3.9,2.2,940.1,16.5,1580,,JAIPUR,
Rajasthan,Jaipur,IMD110-P1578,1976,2.0,20.7,0.0,4.1,26.6,76.1,167.2,191.4,58.9,0.0,10.2,0.0,557.1,22.7,30.6,493.7,10.2,1580,,JAIPUR,
Rajasthan,Jaipur,IMD110-P1578,1977,10.7,1.1,0.2,16.4,20.7,132.2,547.7,296.5,79.8,4.1,0.0,0.0,1109.5,11.8,37.4,1056.3,4.1,1580,,JAIPUR,
Rajasthan,Jaipur,IMD110-P1578,1978,1.3,14.0,3.3,4.3,0.0,104.6,328.7,162.4,43.1,0.1,0.4,0.8,663.1,15.3,7.6,638.9,1.3,1580,,JAIPUR,
Rajasthan,Jaipur,IMD110-P1578,1979,8.8,40.9,2.1,1.9,24.4,26.0,188.2,100.8,6.2,0.2,9.3,3.4,412.2,49.7,28.4,321.2,13.0,1580,,JAIPUR,
Rajasthan,Jaipur,IMD110-P1578,1980,0.0,0.3,2.9,0.1,1.6,86.5,233.7,145.7,15.5,0.5,0.5,11.4,498.6,0.3,4.6,481.3,12.4,1580,,JAIPUR,
Rajasthan,Jaipur,IMD110-P1578,1981,3.4,2.8,5.9,1.8,18.7,26.4,615.7,83.9,43.3,0.0,6.7,0.0,808.7,6.2,26.5,769.3,6.7,1580,,JAIPUR,
Rajasthan,Jaipur,IMD110-P1578,1982,13.0,7.2,10.8,25.1,30.4,18.7,123.4,240.2,9.3,27.1,12.0,9.4,526.6,20.3,66.2,391.6,48.5,1580,,JAIPUR,
Rajasthan,Jaipur,IMD110-P1578,1983,11.7,3.7,0.0,60.9,88.0,32.7,350.5,161.7,97.5,18.5,0.0,0.0,825.3,15.4,148.9,642.4,18.5,1580,,JAIPUR,
Rajasthan,Jaipur,IMD110-P1578,1984,0.5,0.1,0.0,0.9,0.0,20.4,106.0,145.3,100.6,0.0,0.0,0.0,373.9,0.6,0.9,372.4,0.0,1580,,JAIPUR,
Rajasthan,Jaipur,IMD110-P1578,1985,0.4,0.3,1.9,9.4,3.1,26.4,225.5,189.7,14.4,69.8,0.0,11.7,552.7,0.6,14.4,456.1,81.5,1580,,JAIPUR,
Rajasthan,Jaipur,IMD110-P1578,1986,6.7,20.5,0.1,0.0,45.0,34.3,201.0,63.0,23.3,7.3,0.0,0.0,401.0,27.2,45.0,321.5,7.3,1580,,JAIPUR,
Rajasthan,Jaipur,IMD110-P1578,1987,12.5,14.8,1.3,0.0,49.8,35.9,36.5,132.7,19.7,0.0,0.0,13.6,316.8,27.2,51.2,224.8,13.6,1580,,JAIPUR,
Rajasthan,Jaipur,IMD110-P1578,1988,4.4,2.1,5.6,1.3,1.5,59.5,213.7,189.4,60.6,0.3,0.0,0.9,539.4,6.5,8.4,523.3,1.3,1580,,JAIPUR,
Rajasthan,Jaipur,IMD110-P1578,1989,18.8,0.0,0.7,0.2,0.4,38.6,131.8,264.7,0.9,0.0,0.0,0.0,456.1,18.8,1.4,435.9,0.0,1580,,JAIPUR,
Rajasthan,Jaipur,IMD110-P1578,1990,0.0,71.3,0.8,2.1,6.7,64.6,203.5,150.5,99.1,2.9,3.5,1.1,606.1,71.3,9.6,517.7,7.6,1580,,JAIPUR,
Rajasthan,Jaipur,IMD110-P1578,1991,0.2,0.3,0.1,8.7,6.3,19.4,144.1,207.0,73.2,3.1,3.7,17.8,483.7,0.5,15.0,443.7,24.5,1580,,JAIPUR,
Rajasthan,Jaipur,IMD110-P1578,1992,18.6,0.8,4.1,0.0,11.0,5.7,272.4,226.9,134.0,5.8,3.4,0.0,682.7,19.4,15.1,639.0,9.1,1580,,JAIPUR,
Rajasthan,Jaipur,IMD110-P1578,1993,1.1,20.2,1.6,7.2,7.6,122.1,246.3,93.8,91.2,1.9,0.0,0.3,593.3,21.3,16.4,553.4,2.2,1580,,JAIPUR,
Rajasthan,Jaipur,IMD110-P1578,1994,31.3,0.2,1.0,8.4,3.5,93.6,258.7,154.9,62.8,0.0,0.3,0.0,614.8,31.6,12.9,570.0,0.3,1580,,JAIPUR,
Rajasthan,Jaipur,IMD110-P1578,1995,22.8,11.8,7.9,1.1,0.2,15.6,248.1,490.4,53.5,0.2,0.0,0.0,851.4,34.5,9.2,807.5,0.2,1580,,JAIPUR,
Rajasthan,Jaipur,IMD110-P1578,1996,4.0,21.3,0.1,7.1,35.7,246.3,113.9,93.4,234.1,18.8,0.0,0.0,774.5,25.3,42.9,687.6,18.8,1580,,JAIPUR,
Rajasthan,Jaipur,IMD110-P1578,1997,0.0,0.0,7.8,12.0,13.7,65.2,177.6,246.0,102.1,145.1,14.6,15.6,799.7,0.0,33.5,590.9,175.3,1580,,JAIPUR,
Rajasthan,Jaipur,IMD110-P1578,1998,0.0,6.7,11.5,7.8,16.3,37.3,239.7,162.6,169.0,20.9,18.8,0.0,690.6,6.7,35.6,608.6,39.7,1580,,JAIPUR,
Rajasthan,Jaipur,IMD110-P1578,1999,2.8,6.8,0.0,0.0,18.2,45.3,183.3,87.4,63.1,25.4,0.0,0.0,432.2,9.6,18.2,379.1,25.4,1580,,JAIPUR,
Rajasthan,Jaipur,IMD110-P1578,2000,1.8,0.0,0.4,10.6,31.9,19.9,174.9,102.1,54.9,0.9,0.0,0.0,397.4,1.8,42.9,351.7,0.9,1580,,JAIPUR,
Rajasthan,Jaipur,IMD110-P1578,2001,0.1,0.0,1.1,7.3,34.2,53.8,102.2,46.5,4.5,13.7,0.0,0.0,263.6,0.1,42.7,207.1,13.7,1580,,JAIPUR,
Rajasthan,Jaipur,IMD110-P1578,2002,3.0,16.8,0.0,1.6,14.8,41.8,12.2,80.5,13.3,0.9,1.5,16.4,202.9,19.8,16.4,147.8,18.9,1581,,JAIPUR,
Rajasthan,Jaipur,IMD110-P1578,2003,9.2,32.5,1.0,0.0,7.3,79.8,266.4,130.3,88.2,0.7,0.0,6.7,622.0,41.6,8.3,564.6,7.5,1581,,JAIPUR,
Rajasthan,Jaipur,IMD110-P1578,2004,2.7,0.0,0.0,3.6,22.3,42.8,63.4,323.2,18.1,65.6,0.4,0.0,542.0,2.7,25.9,447.4,66.0,1581,,JAIPUR,
Rajasthan,Jaipur,IMD110-P1578,2005,0.6,3.1,9.9,7.7,7.7,114.2,209.8,27.1,158.7,0.0,0.0,0.0,538.9,3.8,25.3,509.8,0.0,1581,,JAIPUR,
Rajasthan,Jaipur,IMD110-P1578,2006,0.1,0.0,15.9,1.4,23.8,62.6,176.3,55.4,41.0,6.2,0.0,0.6,383.2,0.1,41.1,335.2,6.8,1581,,JAIPUR,
Rajasthan,Jaipur,IMD110-P1578,2007,0.7,24.2,30.5,2.6,8.7,38.0,109.5,177.8,95.4,0.0,0.0,0.0,487.4,24.8,41.9,420.7,0.0,1581,,JAIPUR,
Rajasthan,Jaipur,IMD110-P1578,2008,1.1,0.0,0.3,18.0,33.8,201.4,123.7,156.6,111.8,1.4,0.0,0.0,648.2,1.2,52.1,593.4,1.4,1581,,JAIPUR,
Rajasthan,Jaipur,IMD110-P1578,2009,1.1,0.1,3.4,0.3,10.2,41.6,102.5,88.3,36.5,5.2,3.9,0.0,293.3,1.1,14.0,269.0,9.2,1581,,JAIPUR,
Rajasthan,Jaipur,IMD110-P1578,2010,3.0,5.6,0.0,1.4,0.7,14.1,191.8,301.5,143.7,0.8,49.1,6.8,718.6,8.6,2.1,651.2,56.7,1581,,JAIPUR,
Rajasthan,Jaisalmer,IMD110-P1582,1901,0.0,0.0,1.2,0.0,0.0,0.2,71.9,21.0,0.0,0.0,0.0,0.0,94.2,0.0,1.2,93.1,0.0,1582,,JAISALMER,
Rajasthan,Jaisalmer,IMD110-P1582,1902,0.0,0.0,0.0,0.5,10.4,63.6,4.3,50.1,19.6,0.6,0.0,0.0,149.1,0.0,10.9,137.6,0.6,1582,,JAISALMER,
Rajasthan,Jaisalmer,IMD110-P1582,1903,0.8,0.2,4.7,0.0,1.8,0.0,93.0,32.4,16.6,0.0,0.0,0.0,149.5,0.9,6.6,142.0,0.0,1582,,JAISALMER,
Rajasthan,Jaisalmer,IMD110-P1582,1904,6.7,0.3,10.8,1.0,6.8,1.8,1.7,17.3,2.6,0.0,3.6,0.3,52.7,7.0,18.5,23.4,3.8,1582,,JAISALMER,
Rajasthan,Jaisalmer,IMD110-P1582,1905,6.9,3.2,0.1,0.0,0.0,1.5,6.8,0.0,48.5,0.0,0.0,2.2,69.1,10.1,0.1,56.8,2.2,1582,,JAISALMER,
Rajasthan,Jaisalmer,IMD110-P1582,1906,0.0,37.5,11.4,0.0,0.0,7.0,18.9,83.4,88.5,0.0,0.0,0.4,247.3,37.5,11.4,197.9,0.4,1582,,JAISALMER,
Rajasthan,Jaisalmer,IMD110-P1582,1907,0.0,4.7,8.3,2.9,1.4,3.4,18.6,105.5,0.0,0.0,0.0,0.0,144.8,4.7,12.6,127.5,0.0,1582,,JAISALMER,
Rajasthan,Jaisalmer,IMD110-P1582,1908,7.4,0.0,0.0,6.4,8.3,13.8,98.5,180.2,28.4,1.3,0.2,0.0,344.4,7.4,14.7,320.8,1.5,1582,,JAISALMER,
Rajasthan,Jaisalmer,IMD110-P1582,1909,0.0,3.2,0.0,8.8,0.0,4.3,132.3,34.2,67.5,0.0,0.0,0.1,250.4,3.2,8.8,238.2,0.1,1582,,JAISALMER,
Rajasthan,Jaisalmer,IMD110-P1582,1910,0.0,0.0,0.0,6.6,0.0,31.9,28.4,85.9,10.0,0.0,0.0,0.0,162.9,0.0,6.6,156.3,0.0,1582,,JAISALMER,
Rajasthan,Jaisalmer,IMD110-P1582,1911,0.0,0.0,27.4,0.0,0.0,2.3,0.0,4.2,22.1,3.1,0.0,0.0,59.0,0.0,27.4,28.5,3.1,1582,,JAISALMER,
Rajasthan,Jaisalmer,IMD110-P1582,1912,15.4,0.0,0.0,0.0,3.9,2.7,44.7,90.9,6.4,0.0,4.5,0.0,168.5,15.4,3.9,144.7,4.5,1582,,JAISALMER,
Rajasthan,Jaisalmer,IMD110-P1582,1913,0.0,9.8,4.6,0.0,0.0,29.3,15.7,42.0,7.0,0.0,0.3,0.0,108.7,9.8,4.6,94.0,0.3,1582,,JAISALMER,
Rajasthan,Jaisalmer,IMD110-P1582,1914,2.1,0.9,0.0,8.7,0.0,51.1,124.6,4.2,40.8,0.0,1.4,0.0,233.8,3.0,8.7,220.6,1.4,1582,,JAISALMER,
Rajasthan,Jaisalmer,IMD110-P1582,1915,2.1,14.5,11.7,0.0,0.0,7.2,14.2,0.8,21.2,4.9,0.0,0.0,76.7,16.6,11.7,43.5,4.9,1582,,JAISALMER,
Rajasthan,Jaisalmer,IMD110-P1582,1916,4.3,0.0,0.0,0.2,12.3,11.6,50.0,125.6,65.9,22.4,0.0,0.0,292.2,4.3,12.5,253.0,22.4,1582,,JAISALMER,
Rajasthan,Jaisalmer,IMD110-P1582,1917,0.0,0.0,0.0,8.4,32.4,40.6,20.8,193.7,196.5,11.1,0.0,0.1,503.6,0.0,40.7,451.7,11.2,1582,,JAISALMER,
Rajasthan,Jaisalmer,IMD110-P1582,1918,0.0,0.0,0.0,0.0,0.0,0.0,0.0,5.3,0.0,0.0,0.0,0.0,5.3,0.0,0.0,5.3,0.0,1582,,JAISALMER,
Rajasthan,Jaisalmer,IMD110-P1582,1919,2.9,1.5,0.0,1.4,4.5,0.0,48.0,55.1,4.2,0.0,1.5,0.0,119.1,4.4,5.9,107.4,1.5,1582,,JAISALMER,
Rajasthan,Jaisalmer,IMD110-P1582,1920,0.8,1.1,0.0,0.0,32.3,18.6,40.6,47.1,0.0,0.0,0.0,0.0,140.4,1.8,32.3,106.3,0.0,1582,,JAISALMER,
Rajasthan,Jaisalmer,IMD110-P1582,1921,0.0,0.0,0.0,0.0,0.0,0.0,55.0,26.9,25.9,0.0,0.0,0.2,107.9,0.0,0.0,107.7,0.2,1582,,JAISALMER,
Rajasthan,Jaisalmer,IMD110-P1582,1922,0.0,0.0,0.0,0.0,0.0,0.3,64.5,22.7,51.3,0.3,0.0,0.0,139.0,0.0,0.0,138.8,0.3,1582,,JAISALMER,
Rajasthan,Jaisalmer,IMD110-P1582,1923,0.0,0.0,0.0,0.0,4.7,0.0,54.8,133.9,5.9,0.0,0.0,0.0,199.3,0.0,4.7,194.6,0.0,1582,,JAISALMER,
Rajasthan,Jaisalmer,IMD110-P1582,1924,0.0,0.0,0.0,0.2,11.8,0.0,61.4,24.4,26.4,0.0,0.0,4.9,129.0,0.0,12.0,112.2,4.9,1582,,JAISALMER,
Rajasthan,Jaisalmer,IMD110-P1582,1925,0.0,0.0,0.0,0.0,12.7,8.1,46.9,15.8,0.0,0.3,1.3,0.0,85.2,0.0,12.7,70.8,1.7,1582,,JAISALMER,
Rajasthan,Jaisalmer,IMD110-P1582,1926,0.6,0.0,0.1,0.0,19.0,0.0,25.5,156.6,35.1,0.0,0.0,0.0,237.0,0.6,19.1,217.2,0.0,1582,,JAISALMER,
Rajasthan,Jaisalmer,IMD110-P1582,1927,0.0,1.1,0.0,0.0,1.7,5.3,59.3,50.5,7.0,3.1,0.0,14.1,142.2,1.1,1.7,122.2,17.2,1582,,JAISALMER,
Rajasthan,Jaisalmer,IMD110-P1582,1928,0.0,0.0,0.0,0.4,0.0,0.0,18.9,37.6,0.7,7.3,2.6,0.0,67.5,0.0,0.4,57.2,9.9,1582,,JAISALMER,
Rajasthan,Jaisalmer,IMD110-P1582,1929,1.1,0.0,0.0,0.5,11.9,0.0,70.0,97.1,0.0,0.0,0.0,0.0,180.6,1.1,12.4,167.1,0.0,1582,,JAISALMER,
Rajasthan,Jaisalmer,IMD110-P1582,1930,0.0,0.6,0.0,0.2,4.4,19.0,30.5,31.4,0.0,0.0,0.0,0.0,86.1,0.6,4.5,81.0,0.0,1582,,JAISALMER,
Rajasthan,Jaisalmer,IMD110-P1582,1931,0.0,0.2,0.0,0.0,6.6,12.8,20.9,233.1,0.5,4.8,0.0,0.0,278.9,0.2,6.6,267.3,4.8,1582,,JAISALMER,
Rajasthan,Jaisalmer,IMD110-P1582,1932,0.0,0.0,0.3,2.2,0.0,0.9,67.6,62.9,1.1,0.0,0.0,0.0,135.0,0.0,2.5,132.5,0.0,1582,,JAISALMER,
Rajasthan,Jaisalmer,IMD110-P1582,1933,0.0,0.1,4.3,3.1,2.9,23.0,30.5,126.6,4.5,0.2,0.0,0.0,195.1,0.1,10.2,184.6,0.2,1582,,JAISALMER,
Rajasthan,Jaisalmer,IMD110-P1582,1934,0.0,0.0,0.4,0.0,1.2,21.2,29.4,71.9,1.3,0.0,0.0,0.1,125.5,0.0,1.6,123.7,0.1,1582,,JAISALMER,
Rajasthan,Jaisalmer,IMD110-P1582,1935,2.0,0.4,0.3,0.3,0.0,0.7,86.3,15.1,23.1,0.1,0.0,0.0,128.4,2.4,0.6,125.2,0.1,1582,,JAISALMER,
Rajasthan,Jaisalmer,IMD110-P1582,1936,0.0,1.0,0.7,1.1,0.0,19.2,34.4,67.1,17.9,0.0,9.0,1.3,151.8,1.0,1.9,138.7,10.3,1582,,JAISALMER,
Rajasthan,Jaisalmer,IMD110-P1582,1937,0.0,36.1,0.0,4.6,0.0,0.0,128.6,0.0,16.3,0.0,0.0,5.3,190.8,36.1,4.6,144.9,5.3,1582,,JAISALMER,
Rajasthan,Jaisalmer,IMD110-P1582,1938,1.3,0.0,0.0,0.0,0.2,11.4,31.0,30.8,0.0,0.0,0.0,0.0,74.7,1.3,0.2,73.3,0.0,1582,,JAISALMER,
Rajasthan,Jaisalmer,IMD110-P1582,1939,0.0,3.2,6.2,0.0,0.2,3.2,0.0,28.1,1.9,0.0,0.0,0.0,42.9,3.2,6.4,33.2,0.0,1582,,JAISALMER,
Rajasthan,Jaisalmer,IMD110-P1582,1940,5.0,1.4,1.5,0.3,3.3,11.8,21.9,110.1,0.0,0.0,0.0,0.0,155.3,6.4,5.2,143.8,0.0,1582,,JAISALMER,
Rajasthan,Jaisalmer,IMD110-P1582,1941,0.0,0.0,1.3,0.0,0.0,5.4,47.6,27.3,5.5,0.0,0.0,0.0,87.1,0.0,1.3,85.8,0.0,1583,,JAISALMER,
Rajasthan,Jaisalmer,IMD110-P1582,1942,4.6,15.8,0.0,0.0,8.3,11.4,64.9,54.5,8.5,0.0,0.0,0.0,168.0,20.4,8.3,139.4,0.0,1583,,JAISALMER,
Rajasthan,Jaisalmer,IMD110-P1582,1943,1.3,0.0,0.0,1.6,0.9,0.7,102.2,0.6,20.7,0.0,0.0,0.0,128.1,1.3,2.5,124.3,0.0,1583,,JAISALMER,
Rajasthan,Jaisalmer,IMD110-P1582,1944,16.4,8.4,2.6,7.1,0.0,3.4,101.4,207.0,1.7,0.0,0.0,0.0,348.0,24.8,9.7,313.4,0.0,1583,,JAISALMER,
Rajasthan,Jaisalmer,IMD110-P1582,1945,1.6,0.0,0.0,0.0,6.5,5.7,81.1,32.9,7.5,0.6,0.0,0.0,136.0,1.6,6.5,127.3,0.6,1583,,JAISALMER,
Rajasthan,Jaisalmer,IMD110-P1582,1946,0.0,0.0,0.0,0.0,0.0,25.0,19.5,10.5,9.6,0.0,0.0,0.0,64.5,0.0,0.0,64.5,0.0,1583,,JAISALMER,
Rajasthan,Jaisalmer,IMD110-P1582,1947,0.0,0.0,0.0,0.0,0.0,0.0,1.6,85.5,2.8,0.0,0.0,0.0,89.9,0.0,0.0,89.9,0.0,1583,,JAISALMER,
Rajasthan,Jaisalmer,IMD110-P1582,1948,0.1,17.6,0.0,0.2,0.0,0.9,59.7,16.0,5.2,0.0,0.0,0.6,100.4,17.8,0.2,81.8,0.6,1583,,JAISALMER,
Rajasthan,Jaisalmer,IMD110-P1582,1949,0.0,0.0,0.0,0.6,0.0,3.0,74.8,48.0,22.0,0.0,0.0,0.0,148.4,0.0,0.6,147.8,0.0,1583,,JAISALMER,
Rajasthan,Jaisalmer,IMD110-P1582,1950,0.2,0.0,0.3,0.0,0.0,0.0,50.3,30.9,12.8,0.0,0.0,0.0,94.6,0.2,0.3,94.1,0.0,1583,,JAISALMER,
Rajasthan,Jaisalmer,IMD110-P1582,1951,0.0,0.0,6.1,0.3,10.2,6.0,14.1,48.4,0.0,0.0,0.0,0.0,85.0,0.0,16.6,68.4,0.0,1583,,JAISALMER,
Rajasthan,Jaisalmer,IMD110-P1582,1952,0.0,5.2,0.0,0.0,4.0,2.5,81.2,62.0,0.0,0.0,0.0,0.6,155.5,5.2,4.0,145.7,0.6,1583,,JAISALMER,
Rajasthan,Jaisalmer,IMD110-P1582,1953,3.8,0.0,0.0,0.0,4.8,15.2,97.2,119.1,17.9,0.0,0.0,0.6,258.6,3.8,4.8,249.4,0.6,1583,,JAISALMER,
Rajasthan,Jaisalmer,IMD110-P1582,1954,0.9,2.5,0.0,0.0,0.0,9.4,106.9,21.5,31.5,1.5,1.7,0.0,176.1,3.5,0.0,169.4,3.2,1583,,JAISALMER,
Rajasthan,Jaisalmer,IMD110-P1582,1955,2.8,5.6,3.0,0.0,7.8,0.0,0.0,292.4,27.5,0.0,0.0,0.0,339.0,8.4,10.8,319.9,0.0,1583,,JAISALMER,
Rajasthan,Jaisalmer,IMD110-P1582,1956,0.0,0.0,0.0,0.0,0.0,12.2,156.9,52.1,0.0,16.5,0.0,1.6,239.3,0.0,0.0,221.2,18.2,1583,,JAISALMER,
Rajasthan,Jaisalmer,IMD110-P1582,1957,11.6,0.0,0.0,0.0,24.1,11.6,61.8,72.3,0.5,0.0,14.7,0.9,197.6,11.6,24.1,146.3,15.6,1583,,JAISALMER,
Rajasthan,Jaisalmer,IMD110-P1582,1958,0.0,0.0,0.0,0.4,3.9,9.0,42.4,34.8,33.3,6.0,19.6,9.3,158.7,0.0,4.3,119.5,34.9,1583,,JAISALMER,
Rajasthan,Jaisalmer,IMD110-P1582,1959,1.1,5.4,1.8,12.8,0.0,0.0,90.5,37.4,37.4,0.0,0.0,0.0,186.5,6.5,14.6,165.4,0.0,1583,,JAISALMER,
Rajasthan,Jaisalmer,IMD110-P1582,1960,0.0,0.0,0.3,0.0,0.4,5.3,63.0,49.4,0.0,0.0,0.0,1.4,119.7,0.0,0.7,117.7,1.4,1583,,JAISALMER,
Rajasthan,Jaisalmer,IMD110-P1582,1961,6.5,8.1,0.0,14.3,1.3,214.3,43.2,22.9,78.6,0.0,0.0,0.8,390.0,14.6,15.6,359.0,0.8,1583,,JAISALMER,
Rajasthan,Jaisalmer,IMD110-P1582,1962,0.0,0.0,11.6,4.5,1.4,0.0,78.3,64.6,36.7,0.0,0.0,0.1,197.2,0.0,17.5,179.6,0.1,1583,,JAISALMER,
Rajasthan,Jaisalmer,IMD110-P1582,1963,0.0,0.3,4.0,2.3,1.9,0.0,14.3,39.7,10.7,0.0,1.3,0.8,75.2,0.3,8.2,64.7,2.1,1583,,JAISALMER,
Rajasthan,Jaisalmer,IMD110-P1582,1964,0.6,0.0,0.1,0.0,6.8,30.4,51.8,43.4,3.6,0.0,0.0,0.0,136.6,0.6,6.9,129.2,0.0,1583,,JAISALMER,
Rajasthan,Jaisalmer,IMD110-P1582,1965,2.8,1.5,0.6,0.8,11.7,4.2,59.5,27.1,2.7,0.0,0.0,0.0,110.8,4.3,13.1,93.4,0.0,1583,,JAISALMER,
Rajasthan,Jaisalmer,IMD110-P1582,1966,0.0,5.6,0.1,0.0,2.5,27.8,33.3,66.8,5.2,2.1,0.0,0.0,143.5,5.6,2.6,133.2,2.1,1583,,JAISALMER,
Rajasthan,Jaisalmer,IMD110-P1582,1967,0.0,0.0,33.5,0.3,3.1,12.0,29.7,33.3,13.5,0.0,0.0,9.8,135.3,0.0,37.0,88.5,9.8,1583,,JAISALMER,
Rajasthan,Jaisalmer,IMD110-P1582,1968,0.9,16.4,1.5,0.0,0.0,0.0,23.3,0.3,0.0,0.4,0.0,0.0,42.8,17.3,1.5,23.6,0.4,1583,,JAISALMER,
Rajasthan,Jaisalmer,IMD110-P1582,1969,0.0,0.5,0.0,0.0,2.3,0.0,7.2,11.1,0.0,1.0,0.0,0.0,22.1,0.5,2.3,18.3,1.0,1583,,JAISALMER,
Rajasthan,Jaisalmer,IMD110-P1582,1970,0.0,5.1,1.2,0.0,1.2,6.4,47.2,92.1,39.5,0.0,0.0,0.0,192.6,5.1,2.4,185.1,0.0,1583,,JAISALMER,
Rajasthan,Jaisalmer,IMD110-P1582,1971,8.6,0.0,0.0,0.0,21.3,31.4,64.1,11.9,23.5,1.5,0.0,0.0,162.2,8.6,21.3,130.9,1.5,1583,,JAISALMER,
Rajasthan,Jaisalmer,IMD110-P1582,1972,0.0,0.0,0.0,1.2,0.0,28.7,21.0,19.9,0.0,1.0,0.0,0.8,72.6,0.0,1.2,69.6,1.8,1583,,JAISALMER,
Rajasthan,Jaisalmer,IMD110-P1582,1973,0.3,0.0,0.0,0.0,3.8,7.9,35.7,362.7,4.1,0.0,0.0,0.0,414.5,0.3,3.8,410.4,0.0,1583,,JAISALMER,
Rajasthan,Jaisalmer,IMD110-P1582,1974,0.0,0.0,0.0,1.4,26.2,8.9,6.5,2.2,5.4,2.7,0.0,0.0,53.3,0.0,27.6,22.9,2.7,1583,,JAISALMER,
Rajasthan,Jaisalmer,IMD110-P1582,1975,0.0,0.1,0.0,0.0,0.0,42.5,63.0,85.8,114.8,1.8,0.0,2.2,310.2,0.1,0.0,306.1,4.0,1583,,JAISALMER,
Rajasthan,Jaisalmer,IMD110-P1582,1976,2.5,0.4,0.5,1.9,1.5,15.3,113.0,64.3,102.9,0.0,0.1,0.0,302.5,3.0,3.9,295.5,0.1,1583,,JAISALMER,
Rajasthan,Jaisalmer,IMD110-P1582,1977,0.5,0.0,0.0,0.0,10.9,61.0,87.7,4.8,30.7,0.0,1.0,0.7,197.2,0.5,10.9,184.2,1.7,1583,,JAISALMER,
Rajasthan,Jaisalmer,IMD110-P1582,1978,0.0,3.1,1.8,3.1,0.0,11.4,113.9,31.1,19.3,0.7,2.5,0.0,186.9,3.1,4.9,175.6,3.2,1583,,JAISALMER,
Rajasthan,Jaisalmer,IMD110-P1582,1979,0.0,20.9,1.0,0.1,12.9,10.2,30.7,59.2,17.1,18.5,3.7,4.3,178.6,20.9,13.9,117.2,26.5,1583,,JAISALMER,
Rajasthan,Jaisalmer,IMD110-P1582,1980,0.0,0.0,3.5,0.0,1.6,27.3,79.2,15.4,4.9,9.8,1.2,14.8,157.6,0.0,5.1,126.8,25.8,1583,,JAISALMER,
Rajasthan,Jaisalmer,IMD110-P1582,1981,1.1,1.9,5.0,0.0,0.1,5.8,59.9,50.1,5.8,0.1,22.9,0.0,152.6,3.0,5.1,121.6,22.9,1583,,JAISALMER,
Rajasthan,Jaisalmer,IMD110-P1582,1982,4.1,3.7,3.4,12.8,11.5,7.3,51.3,47.4,4.0,3.4,0.0,0.0,148.9,7.7,27.7,110.0,3.4,1584,,JAISALMER,
Rajasthan,Jaisalmer,IMD110-P1582,1983,0.1,0.0,1.7,35.4,22.0,27.3,86.6,51.9,45.1,0.5,0.0,0.0,270.7,0.1,59.2,210.9,0.5,1584,,JAISALMER,
Rajasthan,Jaisalmer,IMD110-P1582,1984,0.0,0.8,0.0,0.5,0.0,8.9,29.0,35.5,43.3,0.3,0.0,0.0,118.3,0.8,0.5,116.7,0.3,1584,,JAISALMER,
Rajasthan,Jaisalmer,IMD110-P1582,1985,0.0,0.0,0.1,12.9,1.0,0.0,57.0,13.0,0.5,0.0,0.0,0.7,85.2,0.0,14.0,70.5,0.7,1584,,JAISALMER,
Rajasthan,Jaisalmer,IMD110-P1582,1986,0.0,3.2,0.8,0.0,15.7,3.8,28.3,47.8,0.0,0.3,0.0,0.0,99.9,3.2,16.5,79.8,0.3,1584,,JAISALMER,
Rajasthan,Jaisalmer,IMD110-P1582,1987,0.0,0.1,0.8,1.2,27.4,26.1,6.0,7.2,0.0,0.0,0.0,0.0,68.8,0.1,29.3,39.3,0.0,1584,,JAISALMER,
Rajasthan,Jaisalmer,IMD110-P1582,1988,0.0,0.0,1.1,0.4,0.0,9.9,65.1,69.1,0.5,1.1,0.0,0.0,147.4,0.0,1.6,144.7,1.1,1584,,JAISALMER,
Rajasthan,Jaisalmer,IMD110-P1582,1989,3.3,0.0,0.9,3.0,0.0,6.5,61.7,65.8,11.1,0.7,0.7,0.0,153.7,3.3,3.9,145.2,1.4,1584,,JAISALMER,
Rajasthan,Jaisalmer,IMD110-P1582,1990,0.0,13.7,0.1,2.3,10.6,4.3,22.6,86.0,23.2,0.0,0.0,0.7,163.5,13.7,12.9,136.1,0.7,1584,,JAISALMER,
Rajasthan,Jaisalmer,IMD110-P1582,1991,0.3,1.5,0.0,4.1,1.7,16.7,13.0,37.7,6.6,0.0,0.0,0.7,82.5,1.8,5.9,74.1,0.7,1584,,JAISALMER,
Rajasthan,Jaisalmer,IMD110-P1582,1992,5.3,1.8,2.8,0.9,3.8,7.1,80.3,41.8,87.6,0.6,0.8,0.0,232.9,7.1,7.5,216.8,1.4,1584,,JAISALMER,
Rajasthan,Jaisalmer,IMD110-P1582,1993,2.2,1.3,0.5,0.0,3.6,44.0,168.5,0.0,25.0,0.0,0.6,0.0,245.7,3.4,4.1,237.6,0.6,1584,,JAISALMER,
Rajasthan,Jaisalmer,IMD110-P1582,1994,0.2,0.0,0.9,9.6,0.2,15.3,138.5,44.2,73.7,0.0,0.0,0.0,282.6,0.2,10.8,271.6,0.0,1584,,JAISALMER,
Rajasthan,Jaisalmer,IMD110-P1582,1995,7.5,12.0,0.0,8.1,4.0,10.1,143.5,30.8,8.7,27.8,0.0,0.0,252.4,19.5,12.0,193.1,27.8,1584,,JAISALMER,
Rajasthan,Jaisalmer,IMD110-P1582,1996,5.0,,,,26.0,112.5,30.7,34.0,0.0,,,,,,,177.2,,1584,missing_months,JAISALMER,
Rajasthan,Jaisalmer,IMD110-P1582,1997,2.0,0.0,5.8,13.2,17.3,64.9,4.6,28.9,11.1,13.5,3.0,0.0,164.3,2.0,36.3,109.5,16.5,1584,,JAISALMER,
Rajasthan,Jaisalmer,IMD110-P1582,1998,0.3,18.1,3.8,3.0,0.0,43.6,126.7,0.0,78.6,18.5,0.0,0.0,292.7,18.5,6.8,248.9,18.5,1584,,JAISALMER,
Rajasthan,Jaisalmer,IMD110-P1582,1999,2.2,1.0,0.0,0.0,135.1,0.0,0.0,185.6,0.0,5.4,0.0,0.0,329.4,3.2,135.1,185.6,5.4,1584,,JAISALMER,
Rajasthan,Jaisalmer,IMD110-P1582,2000,0.0,0.0,0.0,0.0,0.0,5.0,87.5,17.5,2.0,7.2,0.0,,,0.0,0.0,112.1,,1584,missing_months,JAISALMER,
Rajasthan,Jaisalmer,IMD110-P1582,2001,0.0,0.0,0.2,4.6,11.2,43.8,118.2,40.2,2.4,2.1,0.0,0.0,222.8,0.0,16.0,204.6,2.2,1584,,JAISALMER,
Rajasthan,Jaisalmer,IMD110-P1582,2002,0.0,0.0,0.3,0.9,6.0,13.1,0.0,0.0,11.1,0.0,2.7,8.4,42.6,0.0,7.2,24.3,11.1,1584,,JAISALMER,
Rajasthan,Jaisalmer,IMD110-P1582,2003,0.3,18.3,0.0,0.4,1.2,23.7,104.6,59.3,0.0,0.0,0.0,0.0,207.8,18.6,1.5,187.6,0.0,1584,,JAISALMER,
Rajasthan,Jaisalmer,IMD110-P1582,2004,0.8,0.0,0.0,1.7,0.0,11.1,6.0,32.8,2.3,22.5,0.0,0.8,78.1,0.8,1.7,52.3,23.3,1584,,JAISALMER,
Rajasthan,Jaisalmer,IMD110-P1582,2005,0.0,0.0,2.1,1.3,22.8,28.2,42.7,15.2,59.0,0.0,0.0,0.0,171.4,0.0,26.2,145.2,0.0,1584,,JAISALMER,
Rajasthan,Jaisalmer,IMD110-P1582,2006,0.0,0.0,15.9,1.5,0.0,23.3,9.2,218.2,2.8,0.3,0.0,5.3,276.6,0.0,17.4,253.6,5.6,1584,,JAISALMER,
Rajasthan,Jaisalmer,IMD110-P1582,2007,0.0,29.8,27.9,0.9,4.4,16.2,33.2,91.4,44.2,0.0,0.0,1.0,248.9,29.8,33.2,184.9,1.0,1584,,JAISALMER,
Rajasthan,Jaisalmer,IMD110-P1582,2008,1.4,0.0,0.0,11.4,8.1,18.5,37.6,111.2,4.4,0.0,0.1,20.3,213.1,1.4,19.5,171.7,20.4,1584,,JAISALMER,
Rajasthan,Jaisalmer,IMD110-P1582,2009,1.7,0.0,0.2,1.8,0.0,33.0,21.5,17.8,0.6,0.0,0.0,0.0,76.6,1.7,2.0,72.9,0.0,1584,,JAISALMER,
Rajasthan,Jaisalmer,IMD110-P1582,2010,1.0,0.0,0.0,1.2,1.0,86.8,93.0,124.7,58.1,2.7,9.8,0.0,378.2,1.0,2.2,362.5,12.5,1584,,JAISALMER,
Rajasthan,Jalore,IMD110-P1585,1901,3.6,0.0,0.1,0.0,3.7,3.0,43.0,43.5,5.4,5.7,0.0,0.0,108.0,3.6,3.8,94.9,5.7,1585,,JALORE,
Rajasthan,Jalore,IMD110-P1585,1902,0.0,0.0,0.0,1.2,0.8,12.5,18.4,101.4,98.5,4.2,0.0,0.0,237.0,0.0,1.9,230.8,4.2,1585,,JALORE,
Rajasthan,Jalore,IMD110-P1585,1903,0.0,3.4,6.3,0.0,0.0,0.0,207.4,123.0,30.1,0.0,0.0,0.0,370.1,3.4,6.3,360.4,0.0,1585,,JALORE,
Rajasthan,Jalore,IMD110-P1585,1904,0.9,1.0,12.5,0.0,3.1,11.9,109.5,47.9,10.3,5.8,0.0,0.3,203.1,1.9,15.6,179.5,6.0,1585,,JALORE,
Rajasthan,Jalore,IMD110-P1585,1905,0.2,0.2,0.0,0.0,0.0,1.1,140.4,1.2,118.1,0.0,0.0,0.0,261.1,0.3,0.0,260.8,0.0,1585,,JALORE,
Rajasthan,Jalore,IMD110-P1585,1906,0.0,28.5,0.1,0.0,0.0,28.8,75.7,92.5,191.6,1.8,0.0,0.0,418.9,28.5,0.1,388.6,1.8,1585,,JALORE,
Rajasthan,Jalore,IMD110-P1585,1907,0.0,60.4,3.2,0.0,0.0,17.0,98.6,458.2,3.6,0.0,0.0,0.0,641.0,60.4,3.2,577.3,0.0,1585,,JALORE,
Rajasthan,Jalore,IMD110-P1585,1908,7.6,0.0,0.0,0.0,2.1,42.2,437.9,332.6,19.2,0.0,1.7,0.0,843.4,7.6,2.1,832.0,1.7,1585,,JALORE,
Rajasthan,Jalore,IMD110-P1585,1909,0.3,0.3,0.0,21.6,5.1,33.2,176.5,166.8,146.3,3.6,0.0,3.4,557.0,0.6,26.7,522.7,7.1,1585,,JALORE,
Rajasthan,Jalore,IMD110-P1585,1910,0.6,0.0,0.0,1.2,0.3,91.1,114.1,164.9,5.1,0.0,0.0,0.0,377.3,0.6,1.5,375.1,0.0,1585,,JALORE,
Rajasthan,Jalore,IMD110-P1585,1911,0.4,0.0,32.9,0.0,0.0,43.2,0.0,12.1,41.8,4.4,0.0,0.0,134.8,0.4,32.9,97.1,4.4,1585,,JALORE,
Rajasthan,Jalore,IMD110-P1585,1912,0.0,0.0,0.0,0.0,0.3,61.7,124.6,92.4,42.4,3.2,1.4,0.0,326.0,0.0,0.3,321.0,4.7,1585,,JALORE,
Rajasthan,Jalore,IMD110-P1585,1913,0.0,0.0,0.0,0.0,30.4,69.7,181.2,137.5,44.5,0.0,0.0,1.2,464.6,0.0,30.4,433.0,1.2,1585,,JALORE,
Rajasthan,Jalore,IMD110-P1585,1914,0.0,7.0,0.0,0.0,0.9,87.4,120.7,89.3,41.2,1.9,3.8,0.0,352.1,7.0,0.9,338.5,5.7,1585,,JALORE,
Rajasthan,Jalore,IMD110-P1585,1915,1.9,13.1,3.3,0.0,0.0,41.8,14.6,1.5,17.0,57.0,0.0,0.0,150.3,15.0,3.3,75.0,57.0,1585,,JALORE,
Rajasthan,Jalore,IMD110-P1585,1916,0.0,0.0,0.0,0.0,4.5,66.7,37.2,271.3,121.1,0.0,0.0,0.0,500.9,0.0,4.5,496.4,0.0,1585,,JALORE,
Rajasthan,Jalore,IMD110-P1585,1917,0.0,2.5,0.5,4.2,80.5,76.3,238.3,209.7,176.6,156.8,0.0,0.0,945.3,2.5,85.2,700.8,156.8,1585,,JALORE,
Rajasthan,Jalore,IMD110-P1585,1918,0.0,0.0,0.0,0.0,0.0,1.9,0.0,154.9,8.3,0.0,0.0,0.0,165.1,0.0,0.0,165.1,0.0,1585,,JALORE,
Rajasthan,Jalore,IMD110-P1585,1919,2.1,0.0,0.0,0.0,5.2,3.6,189.3,425.8,6.0,0.0,12.3,0.2,644.5,2.1,5.2,624.8,12.4,1585,,JALORE,
Rajasthan,Jalore,IMD110-P1585,1920,0.0,3.0,0.0,0.0,89.3,85.1,133.5,26.0,0.0,0.0,0.0,0.0,336.9,3.0,89.3,244.6,0.0,1585,,JALORE,
Rajasthan,Jalore,IMD110-P1585,1921,0.0,0.0,0.0,0.0,0.0,1.3,241.4,37.2,124.2,0.0,0.0,0.0,404.0,0.0,0.0,404.0,0.0,1585,,JALORE,
Rajasthan,Jalore,IMD110-P1585,1922,0.0,0.3,0.0,0.0,2.0,17.7,110.2,31.4,202.9,0.0,0.0,0.0,364.5,0.3,2.0,362.2,0.0,1585,,JALORE,
Rajasthan,Jalore,IMD110-P1585,1923,1.4,4.4,0.0,3.6,4.1,0.0,56.5,127.8,0.0,0.9,0.0,0.0,198.7,5.8,7.6,184.3,0.9,1585,,JALORE,
Rajasthan,Jalore,IMD110-P1585,1924,1.2,0.0,0.0,0.0,1.9,36.7,151.3,84.1,104.8,0.0,0.0,0.0,380.0,1.2,1.9,376.9,0.0,1585,,JALORE,
Rajasthan,Jalore,IMD110-P1585,1925,0.0,0.0,0.0,0.0,0.0,99.2,72.6,22.5,0.0,0.0,0.0,0.0,194.3,0.0,0.0,194.3,0.0,1585,,JALORE,
Rajasthan,Jalore,IMD110-P1585,1926,7.4,0.0,14.4,0.0,13.9,0.3,218.3,215.9,305.9,0.0,0.0,0.0,776.0,7.4,28.3,740.4,0.0,1585,,JALORE,
Rajasthan,Jalore,IMD110-P1585,1927,0.0,8.3,0.0,0.0,2.8,22.7,338.4,173.7,46.1,11.3,0.0,16.7,620.0,8.3,2.8,580.9,28.0,1585,,JALORE,
Rajasthan,Jalore,IMD110-P1585,1928,0.0,0.0,1.4,0.0,0.0,5.4,116.2,116.5,19.7,70.3,0.8,0.0,330.3,0.0,1.4,257.8,71.1,1585,,JALORE,
Rajasthan,Jalore,IMD110-P1585,1929,0.0,0.0,0.0,4.1,1.6,44.9,241.4,224.8,0.0,0.0,0.0,5.0,521.8,0.0,5.6,511.1,5.0,1585,,JALORE,
Rajasthan,Jalore,IMD110-P1585,1930,2.7,0.0,0.0,0.2,6.1,92.8,135.6,24.9,6.4,14.0,0.0,0.0,282.7,2.7,6.3,259.7,14.0,1585,,JALORE,
Rajasthan,Jalore,IMD110-P1585,1931,0.0,0.0,0.0,0.0,20.4,0.0,76.7,417.5,8.9,26.7,0.0,0.0,550.2,0.0,20.4,503.1,26.7,1585,,JALORE,
Rajasthan,Jalore,IMD110-P1585,1932,0.0,0.0,3.8,0.0,0.9,2.9,204.7,151.6,34.6,0.0,0.0,0.0,398.5,0.0,4.7,393.8,0.0,1585,,JALORE,
Rajasthan,Jalore,IMD110-P1585,1933,0.0,0.0,0.0,16.3,10.8,49.7,102.8,318.0,61.3,1.6,1.6,0.0,562.0,0.0,27.0,531.8,3.2,1585,,JALORE,
Rajasthan,Jalore,IMD110-P1585,1934,0.0,0.0,0.0,0.0,0.1,25.6,62.4,220.8,51.5,0.0,0.0,0.0,360.4,0.0,0.1,360.3,0.0,1586,,JALORE,
Rajasthan,Jalore,IMD110-P1585,1935,8.0,0.0,0.0,2.6,2.2,2.0,177.5,46.9,35.2,1.9,0.0,0.0,276.3,8.0,4.8,261.6,1.9,1586,,JALORE,
Rajasthan,Jalore,IMD110-P1585,1936,0.0,4.7,3.7,0.0,0.0,68.3,13.7,14.4,87.6,0.0,9.6,0.0,202.0,4.7,3.7,184.0,9.6,1586,,JALORE,
Rajasthan,Jalore,IMD110-P1585,1937,0.0,8.9,0.0,0.0,2.2,45.5,290.6,0.0,162.6,1.2,0.0,38.2,549.1,8.9,2.2,498.6,39.4,1586,,JALORE,
Rajasthan,Jalore,IMD110-P1585,1938,0.0,0.0,0.0,0.0,3.0,109.5,243.1,142.6,1.3,0.0,0.0,0.0,499.5,0.0,3.0,496.4,0.0,1586,,JALORE,
Rajasthan,Jalore,IMD110-P1585,1939,0.0,30.6,1.6,0.0,3.8,1.0,34.3,117.9,51.8,0.0,0.0,0.0,241.1,30.6,5.4,205.1,0.0,1586,,JALORE,
Rajasthan,Jalore,IMD110-P1585,1940,23.5,5.1,9.4,1.3,1.3,31.0,52.2,109.9,0.9,0.0,1.4,0.0,236.1,28.5,12.0,194.1,1.4,1586,,JALORE,
Rajasthan,Jalore,IMD110-P1585,1941,0.0,3.8,0.0,0.0,0.0,10.0,189.6,302.8,18.7,0.0,0.0,0.3,525.2,3.8,0.0,521.1,0.3,1586,,JALORE,
Rajasthan,Jalore,IMD110-P1585,1942,0.3,13.6,0.0,1.8,20.4,18.5,74.2,88.4,37.5,0.0,0.0,0.0,254.6,13.9,22.2,218.5,0.0,1586,,JALORE,
Rajasthan,Jalore,IMD110-P1585,1943,0.0,0.0,0.0,3.8,0.6,66.7,352.9,16.6,29.8,0.0,0.0,0.0,470.4,0.0,4.4,466.0,0.0,1586,,JALORE,
Rajasthan,Jalore,IMD110-P1585,1944,0.0,0.0,6.5,0.6,2.2,11.3,363.3,543.8,0.0,0.0,0.0,0.0,927.7,0.0,9.3,918.4,0.0,1586,,JALORE,
Rajasthan,Jalore,IMD110-P1585,1945,26.4,0.0,0.0,8.9,3.6,137.6,427.5,119.2,3.7,0.0,0.0,0.0,726.9,26.4,12.6,687.9,0.0,1586,,JALORE,
Rajasthan,Jalore,IMD110-P1585,1946,0.0,7.0,0.0,0.0,0.0,82.4,50.0,284.8,0.0,0.0,0.0,0.0,424.3,7.0,0.0,417.3,0.0,1586,,JALORE,
Rajasthan,Jalore,IMD110-P1585,1947,0.0,0.0,0.0,0.0,1.3,0.0,25.1,338.4,58.5,2.2,0.0,0.0,425.5,0.0,1.3,422.0,2.2,1586,,JALORE,
Rajasthan,Jalore,IMD110-P1585,1948,28.6,13.5,0.0,0.0,0.0,14.1,127.7,31.6,38.4,10.5,5.1,0.0,269.5,42.1,0.0,211.7,15.6,1586,,JALORE,
Rajasthan,Jalore,IMD110-P1585,1949,0.0,0.0,0.0,0.0,0.0,36.2,115.6,78.3,19.0,0.0,0.0,0.0,249.1,0.0,0.0,249.1,0.0,1586,,JALORE,
Rajasthan,Jalore,IMD110-P1585,1950,0.0,0.0,0.6,0.0,0.0,0.7,176.5,48.7,70.3,0.0,0.0,0.0,296.7,0.0,0.6,296.1,0.0,1586,,JALORE,
Rajasthan,Jalore,IMD110-P1585,1951,0.0,0.0,0.0,0.0,22.3,45.6,63.8,111.1,1.3,0.0,19.4,0.0,263.5,0.0,22.3,221.8,19.4,1586,,JALORE,
Rajasthan,Jalore,IMD110-P1585,1952,0.0,0.9,0.0,0.0,0.0,55.7,473.9,134.1,1.1,0.0,0.0,0.0,665.8,0.9,0.0,664.9,0.0,1586,,JALORE,
Rajasthan,Jalore,IMD110-P1585,1953,12.4,0.0,0.0,0.0,0.0,8.1,57.0,216.9,20.3,0.0,0.0,0.0,314.7,12.4,0.0,302.3,0.0,1586,,JALORE,
Rajasthan,Jalore,IMD110-P1585,1954,0.0,0.4,3.8,0.0,0.0,18.2,163.1,41.0,107.5,0.9,0.0,0.0,335.0,0.4,3.8,329.7,0.9,1586,,JALORE,
Rajasthan,Jalore,IMD110-P1585,1955,0.0,0.0,0.0,0.0,0.0,0.6,16.6,273.0,265.3,5.1,0.0,0.0,560.6,0.0,0.0,555.5,5.1,1586,,JALORE,
Rajasthan,Jalore,IMD110-P1585,1956,0.4,0.0,0.0,1.3,0.0,53.5,673.0,139.9,28.2,49.9,0.0,3.8,950.0,0.4,1.3,894.6,53.7,1586,,JALORE,
Rajasthan,Jalore,IMD110-P1585,1957,9.8,0.0,2.5,0.0,1.4,56.4,28.2,211.3,0.9,0.6,14.5,3.9,329.5,9.8,3.9,296.8,19.0,1586,,JALORE,
Rajasthan,Jalore,IMD110-P1585,1958,7.6,0.0,0.0,0.0,0.6,31.7,110.5,33.0,125.1,14.7,10.6,0.0,333.7,7.6,0.6,300.3,25.2,1586,,JALORE,
Rajasthan,Jalore,IMD110-P1585,1959,0.0,0.0,0.0,8.0,6.5,33.5,209.3,112.1,149.6,23.4,11.5,0.0,554.0,0.0,14.6,504.4,35.0,1586,,JALORE,
Rajasthan,Jalore,IMD110-P1585,1960,0.0,0.0,0.4,0.0,0.0,36.6,234.3,120.1,5.3,0.0,0.0,0.9,397.6,0.0,0.4,396.3,0.9,1586,,JALORE,
Rajasthan,Jalore,IMD110-P1585,1961,0.3,4.2,0.0,2.5,0.6,28.9,117.3,102.8,350.8,0.0,0.0,0.0,607.4,4.6,3.0,599.8,0.0,1586,,JALORE,
Rajasthan,Jalore,IMD110-P1585,1962,0.0,0.0,1.3,0.0,0.0,15.8,129.2,29.1,27.1,,0.0,0.0,,0.0,1.3,201.2,,1586,missing_months,JALORE,
Rajasthan,Jalore,IMD110-P1585,1963,0.0,0.0,1.3,0.0,0.0,0.6,29.3,114.1,84.2,24.7,16.0,0.0,270.2,0.0,1.3,228.2,40.8,1586,,JALORE,
Rajasthan,Jalore,IMD110-P1585,1964,0.0,0.0,0.0,0.0,5.6,29.5,100.9,227.2,10.9,0.0,0.0,0.0,374.1,0.0,5.6,368.5,0.0,1586,,JALORE,
Rajasthan,Jalore,IMD110-P1585,1965,3.3,0.0,2.6,1.3,2.4,0.0,262.8,79.1,7.8,0.0,0.0,0.0,359.3,3.3,6.3,349.7,0.0,1586,,JALORE,
Rajasthan,Jalore,IMD110-P1585,1966,0.0,0.0,0.0,0.0,0.6,52.0,57.6,51.4,63.5,0.0,0.0,0.0,225.1,0.0,0.6,224.5,0.0,1586,,JALORE,
Rajasthan,Jalore,IMD110-P1585,1967,0.0,0.0,123.5,0.0,2.4,14.7,82.9,149.1,96.6,0.0,0.0,3.2,472.5,0.0,126.0,343.3,3.2,1586,,JALORE,
Rajasthan,Jalore,IMD110-P1585,1968,0.0,0.0,0.0,0.0,2.0,0.0,71.6,17.2,2.6,0.7,0.0,0.0,94.0,0.0,2.0,91.4,0.7,1587,,JALORE,
Rajasthan,Jalore,IMD110-P1585,1969,1.1,0.0,0.0,0.0,0.0,0.0,57.6,19.8,12.0,0.0,0.5,0.0,91.0,1.1,0.0,89.4,0.5,1587,,JALORE,
Rajasthan,Jalore,IMD110-P1585,1970,0.0,1.4,1.9,0.0,5.0,64.5,78.5,203.8,153.0,0.0,0.0,0.0,508.2,1.4,6.9,499.8,0.0,1587,,JALORE,
Rajasthan,Jalore,IMD110-P1585,1971,0.0,0.7,0.0,0.0,4.3,63.6,176.2,28.3,17.4,0.0,0.0,0.0,290.5,0.7,4.3,285.5,0.0,1587,,JALORE,
Rajasthan,Jalore,IMD110-P1585,1972,0.0,3.4,0.0,0.0,4.3,56.6,57.3,224.5,0.0,0.0,0.0,0.0,346.1,3.4,4.3,338.4,0.0,1587,,JALORE,
Rajasthan,Jalore,IMD110-P1585,1973,3.1,0.0,0.0,0.0,1.1,35.3,89.0,471.9,201.3,3.3,0.0,0.5,805.5,3.1,1.1,797.5,3.9,1587,,JALORE,
Rajasthan,Jalore,IMD110-P1585,1974,0.0,0.0,0.0,0.0,40.4,0.9,5.2,23.9,7.2,11.4,0.0,0.6,89.6,0.0,40.4,37.2,12.0,1587,,JALORE,
Rajasthan,Jalore,IMD110-P1585,1975,0.0,0.0,0.8,0.0,0.0,75.6,181.8,195.5,157.9,87.7,0.0,0.0,699.2,0.0,0.8,610.7,87.7,1587,,JALORE,
Rajasthan,Jalore,IMD110-P1585,1976,6.2,1.6,0.0,0.0,0.0,30.4,86.5,292.9,111.9,0.0,36.8,0.0,566.3,7.8,0.0,521.7,36.8,1587,,JALORE,
Rajasthan,Jalore,IMD110-P1585,1977,1.4,0.9,0.0,0.0,45.5,128.4,288.0,97.2,29.8,0.0,0.0,0.0,591.2,2.3,45.5,543.4,0.0,1587,,JALORE,
Rajasthan,Jalore,IMD110-P1585,1978,0.0,10.8,0.0,0.0,0.0,36.0,208.5,153.9,34.4,2.7,41.0,0.0,487.4,10.8,0.0,432.8,43.7,1587,,JALORE,
Rajasthan,Jalore,IMD110-P1585,1979,0.6,15.2,0.0,0.0,38.6,14.2,181.4,166.4,13.1,29.4,61.7,0.0,520.5,15.8,38.6,375.1,91.1,1587,,JALORE,
Rajasthan,Jalore,IMD110-P1585,1980,0.0,0.3,0.0,0.0,0.0,82.6,81.8,7.8,24.8,0.0,0.0,13.7,210.9,0.3,0.0,197.0,13.7,1587,,JALORE,
Rajasthan,Jalore,IMD110-P1585,1981,4.3,0.0,1.4,0.2,19.9,13.8,58.1,98.6,31.7,0.0,87.3,0.0,315.3,4.3,21.5,202.2,87.3,1587,,JALORE,
Rajasthan,Jalore,IMD110-P1585,1982,1.2,0.0,1.0,26.0,52.6,17.1,148.4,80.3,4.1,0.2,18.6,0.0,349.6,1.2,79.7,249.9,18.8,1587,,JALORE,
Rajasthan,Jalore,IMD110-P1585,1983,0.0,0.0,0.0,16.1,6.0,32.1,360.7,237.7,40.2,33.8,0.0,0.0,726.6,0.0,22.1,670.7,33.8,1587,,JALORE,
Rajasthan,Jalore,IMD110-P1585,1984,0.0,0.0,0.0,0.0,0.0,22.3,53.6,170.1,44.9,0.0,0.0,0.0,290.9,0.0,0.0,290.9,0.0,1587,,JALORE,
Rajasthan,Jalore,IMD110-P1585,1985,0.0,0.0,0.0,8.6,5.4,8.0,119.0,94.8,5.0,2.7,0.0,0.7,244.3,0.0,14.0,226.8,3.4,1587,,JALORE,
Rajasthan,Jalore,IMD110-P1585,1986,0.0,4.6,0.0,0.0,6.9,2.4,147.8,42.6,0.2,0.0,0.0,0.0,204.6,4.6,6.9,193.0,0.0,1587,,JALORE,
Rajasthan,Jalore,IMD110-P1585,1987,1.9,0.0,0.0,0.0,4.2,29.7,32.4,8.4,0.0,0.0,0.0,14.5,91.1,1.9,4.2,70.5,14.5,1587,,JALORE,
Rajasthan,Jalore,IMD110-P1585,1988,0.0,0.0,0.0,1.0,0.0,21.6,192.0,107.8,37.2,0.3,0.0,0.0,359.9,0.0,1.0,358.6,0.3,1587,,JALORE,
Rajasthan,Jalore,IMD110-P1585,1989,8.6,0.0,0.0,0.0,0.0,45.7,57.8,202.9,29.4,0.0,0.0,0.0,344.4,8.6,0.0,335.8,0.0,1587,,JALORE,
Rajasthan,Jalore,IMD110-P1585,1990,0.0,8.9,0.0,0.0,11.3,19.1,493.1,369.9,92.7,4.9,0.0,0.0,999.9,8.9,11.3,974.7,4.9,1587,,JALORE,
Rajasthan,Jalore,IMD110-P1585,1991,0.5,0.0,0.0,1.5,0.0,6.8,105.4,20.3,22.1,0.0,0.3,0.0,157.0,0.5,1.5,154.6,0.3,1587,,JALORE,
Rajasthan,Jalore,IMD110-P1585,1992,17.7,0.0,0.0,0.0,10.6,3.1,296.0,103.0,371.2,3.3,0.0,0.0,804.8,17.7,10.6,773.3,3.3,1587,,JALORE,
Rajasthan,Jalore,IMD110-P1585,1993,0.5,1.5,0.0,0.0,0.7,16.6,334.9,2.0,28.4,0.6,0.0,0.0,385.2,2.0,0.7,381.9,0.6,1587,,JALORE,
Rajasthan,Jalore,IMD110-P1585,1994,7.3,0.0,0.0,0.0,1.1,35.9,245.6,201.5,157.3,0.0,0.0,0.0,648.6,7.3,1.1,640.2,0.0,1587,,JALORE,
Rajasthan,Jalore,IMD110-P1585,1995,2.2,0.0,1.0,0.0,0.0,10.4,320.0,59.4,12.3,10.6,0.0,0.0,416.0,2.3,1.0,402.1,10.6,1587,,JALORE,
Rajasthan,Jalore,IMD110-P1585,1996,,,0.0,0.0,,70.4,82.4,46.2,80.0,,,,,,,279.0,,1587,missing_months,JALORE,
Rajasthan,Jalore,IMD110-P1585,1997,1.8,0.0,0.0,0.0,34.8,119.8,138.2,186.2,42.8,12.2,8.6,0.0,544.4,1.8,34.8,487.0,20.8,1587,,JALORE,
Rajasthan,Jalore,IMD110-P1585,1998,0.0,0.1,2.6,1.2,0.0,43.6,87.2,35.2,41.6,86.1,0.0,0.0,297.6,0.1,3.8,207.6,86.1,1587,,JALORE,
Rajasthan,Jalore,IMD110-P1585,1999,0.0,17.0,0.0,0.0,,,,,,,,,,17.0,,,,1587,missing_months,JALORE,
Rajasthan,Jalore,IMD110-P1585,2000,,,0.0,2.0,0.0,,266.1,13.0,6.3,0.0,0.0,0.0,,,2.0,,0.0,1587,missing_months,JALORE,
Rajasthan,Jalore,IMD110-P1585,2001,0.0,0.0,0.0,2.1,1.1,54.2,212.4,92.2,0.0,17.1,0.0,0.0,379.0,0.0,3.1,358.8,17.1,1587,,JALORE,
Rajasthan,Jalore,IMD110-P1585,2002,0.0,0.0,0.0,0.2,2.3,76.6,3.6,27.9,59.6,0.0,0.0,0.9,171.0,0.0,2.5,167.7,0.9,1588,,JALORE,
Rajasthan,Jalore,IMD110-P1585,2003,0.1,69.3,0.0,0.0,0.0,105.8,330.5,157.5,9.6,0.0,0.0,0.0,672.9,69.4,0.0,603.5,0.0,1588,,JALORE,
Rajasthan,Jalore,IMD110-P1585,2004,0.6,0.0,0.0,1.7,0.7,41.8,28.7,138.8,22.2,35.9,0.0,0.0,270.3,0.6,2.4,231.5,35.9,1588,,JALORE,
Rajasthan,Jalore,IMD110-P1585,2005,0.0,0.0,0.0,5.3,9.5,28.3,128.9,71.4,137.3,0.0,0.0,0.0,380.8,0.0,14.8,365.9,0.0,1588,,JALORE,
Rajasthan,Jalore,IMD110-P1585,2006,0.0,0.0,2.2,0.0,0.0,44.5,107.6,504.1,83.5,0.0,0.6,0.0,742.5,0.0,2.2,739.6,0.6,1588,,JALORE,
Rajasthan,Jalore,IMD110-P1585,2007,0.0,9.1,8.5,0.3,0.2,25.6,185.7,79.8,43.2,0.0,0.0,0.0,352.4,9.1,9.0,334.3,0.0,1588,,JALORE,
Rajasthan,Jalore,IMD110-P1585,2008,0.0,0.0,3.4,13.3,3.8,38.0,81.9,125.4,48.4,1.2,0.0,11.9,327.2,0.0,20.5,293.6,13.0,1588,,JALORE,
Rajasthan,Jalore,IMD110-P1585,2009,0.0,0.0,11.7,0.0,0.0,24.1,126.4,17.7,1.8,0.0,0.0,0.0,181.7,0.0,11.7,170.0,0.0,1588,,JALORE,
Rajasthan,Jalore,IMD110-P1585,2010,4.0,0.0,0.0,0.0,0.0,7.4,295.8,224.3,86.3,3.5,98.1,1.9,721.3,4.0,0.0,613.8,103.4,1588,,JALORE,
Rajasthan,Jhalawar,IMD110-P1589,1901,4.0,3.9,3.1,0.2,0.8,34.0,234.5,365.6,17.3,2.0,0.0,1.4,667.0,8.0,4.2,651.4,3.4,1589,,JHALAWAR,
Rajasthan,Jhalawar,IMD110-P1589,1902,13.8,1.1,0.0,0.3,1.9,19.3,430.4,161.3,142.2,27.3,0.0,12.5,810.2,15.0,2.3,753.2,39.8,1589,,JHALAWAR,
Rajasthan,Jhalawar,IMD110-P1589,1903,10.2,0.0,0.0,0.0,11.6,39.7,308.1,211.8,427.6,13.0,0.0,0.0,1021.9,10.2,11.6,987.2,13.0,1589,,JHALAWAR,
Rajasthan,Jhalawar,IMD110-P1589,1904,2.3,11.4,14.3,0.0,19.9,106.4,551.2,131.6,75.8,0.0,2.9,3.9,919.7,13.8,34.1,865.0,6.7,1589,,JHALAWAR,
Rajasthan,Jhalawar,IMD110-P1589,1905,8.1,0.4,0.7,1.9,2.1,33.1,160.9,97.9,155.3,0.0,0.0,0.0,460.3,8.5,4.7,447.1,0.0,1589,,JHALAWAR,
Rajasthan,Jhalawar,IMD110-P1589,1906,0.0,19.6,0.9,0.0,3.8,72.7,380.6,116.7,341.2,0.0,0.0,0.0,935.5,19.6,4.7,911.2,0.0,1589,,JHALAWAR,
Rajasthan,Jhalawar,IMD110-P1589,1907,9.0,27.2,0.2,11.3,7.3,41.8,170.8,486.8,2.9,0.0,0.0,0.0,757.1,36.1,18.8,702.2,0.0,1589,,JHALAWAR,
Rajasthan,Jhalawar,IMD110-P1589,1908,14.3,0.3,3.5,0.6,4.6,79.1,370.8,354.8,69.4,0.5,0.0,0.0,897.9,14.6,8.7,874.1,0.5,1589,,JHALAWAR,
Rajasthan,Jhalawar,IMD110-P1589,1909,0.9,0.9,0.0,39.2,18.8,88.7,250.0,275.5,68.6,2.8,0.0,20.5,765.9,1.9,58.0,682.8,23.3,1589,,JHALAWAR,
Rajasthan,Jhalawar,IMD110-P1589,1910,6.7,0.0,0.0,1.6,0.0,229.8,152.7,274.2,439.5,36.7,18.7,0.0,1159.8,6.7,1.6,1096.1,55.3,1589,,JHALAWAR,
Rajasthan,Jhalawar,IMD110-P1589,1911,10.9,0.0,5.3,0.0,0.2,89.3,118.3,121.6,271.8,7.0,30.3,0.0,654.6,10.9,5.5,600.9,37.3,1589,,JHALAWAR,
Rajasthan,Jhalawar,IMD110-P1589,1912,0.7,8.4,0.1,1.0,1.2,30.4,373.1,345.1,57.6,1.7,23.4,0.7,843.5,9.1,2.3,806.2,25.9,1589,,JHALAWAR,
Rajasthan,Jhalawar,IMD110-P1589,1913,0.0,1.7,0.0,0.0,24.3,136.9,191.6,219.8,25.9,0.0,0.2,33.0,633.4,1.7,24.3,574.2,33.2,1589,,JHALAWAR,
Rajasthan,Jhalawar,IMD110-P1589,1914,0.0,0.2,1.2,0.8,5.9,149.5,772.0,193.4,115.2,8.0,16.1,0.0,1262.3,0.2,7.9,1230.1,24.1,1589,,JHALAWAR,
Rajasthan,Jhalawar,IMD110-P1589,1915,24.3,45.5,16.0,3.1,2.5,38.0,83.3,275.4,79.8,32.8,0.0,5.0,605.7,69.8,21.6,476.5,37.8,1589,,JHALAWAR,
Rajasthan,Jhalawar,IMD110-P1589,1916,0.0,4.3,0.0,0.4,17.8,233.2,242.8,717.4,79.7,28.7,18.8,0.0,1343.1,4.3,18.2,1273.1,47.5,1589,,JHALAWAR,
Rajasthan,Jhalawar,IMD110-P1589,1917,14.6,17.3,2.6,1.9,80.7,230.1,382.9,397.9,285.4,169.0,0.0,1.0,1583.6,31.9,85.3,1296.4,170.0,1589,,JHALAWAR,
Rajasthan,Jhalawar,IMD110-P1589,1918,0.0,0.0,5.7,0.0,2.8,45.0,132.5,237.8,79.4,0.0,23.7,2.2,529.1,0.0,8.5,494.7,25.9,1589,,JHALAWAR,
Rajasthan,Jhalawar,IMD110-P1589,1919,43.9,0.0,2.1,6.2,5.9,132.2,334.5,441.1,59.3,2.9,25.7,1.8,1055.5,43.9,14.1,967.1,30.4,1589,,JHALAWAR,
Rajasthan,Jhalawar,IMD110-P1589,1920,19.6,1.0,1.6,0.2,19.1,165.4,349.4,164.7,23.9,0.0,0.0,0.0,744.8,20.6,20.8,703.4,0.0,1589,,JHALAWAR,
Rajasthan,Jhalawar,IMD110-P1589,1921,27.4,0.0,0.0,0.0,0.0,57.9,127.0,183.5,267.1,0.2,0.0,0.0,663.2,27.4,0.0,635.7,0.2,1589,,JHALAWAR,
Rajasthan,Jhalawar,IMD110-P1589,1922,30.5,1.8,0.0,0.0,6.5,103.3,375.7,156.8,261.2,0.5,15.1,17.8,969.2,32.3,6.5,896.9,33.3,1589,,JHALAWAR,
Rajasthan,Jhalawar,IMD110-P1589,1923,0.0,5.4,0.0,0.0,11.6,0.1,781.1,327.8,134.4,0.0,4.9,7.1,1272.2,5.4,11.6,1243.3,11.9,1589,,JHALAWAR,
Rajasthan,Jhalawar,IMD110-P1589,1924,16.1,14.8,0.0,0.0,4.5,20.7,466.6,242.0,241.7,46.3,0.0,32.3,1085.0,30.9,4.5,971.0,78.6,1589,,JHALAWAR,
Rajasthan,Jhalawar,IMD110-P1589,1925,0.0,0.0,0.0,0.0,20.9,170.4,239.9,75.3,68.6,0.0,50.6,0.0,625.7,0.0,20.9,554.2,50.6,1589,,JHALAWAR,
Rajasthan,Jhalawar,IMD110-P1589,1926,14.5,0.9,2.9,2.2,9.8,10.6,225.4,555.0,253.8,0.2,0.0,1.6,1076.7,15.4,14.8,1044.7,1.8,1589,,JHALAWAR,
Rajasthan,Jhalawar,IMD110-P1589,1927,0.0,3.4,2.1,0.3,3.2,37.6,265.4,310.6,115.8,10.0,116.7,39.1,904.3,3.4,5.6,729.4,165.8,1589,,JHALAWAR,
Rajasthan,Jhalawar,IMD110-P1589,1928,0.1,10.6,0.1,0.0,4.3,24.5,435.9,193.5,45.8,44.3,0.2,17.9,777.2,10.7,4.4,699.7,62.4,1589,,JHALAWAR,
Rajasthan,Jhalawar,IMD110-P1589,1929,3.4,1.8,0.0,5.4,3.8,84.2,276.4,353.1,68.0,0.0,0.0,8.1,804.2,5.2,9.3,781.7,8.1,1589,,JHALAWAR,
Rajasthan,Jhalawar,IMD110-P1589,1930,0.7,0.0,0.0,0.0,10.2,64.5,439.6,273.7,114.9,57.5,0.2,0.0,961.3,0.7,10.2,892.7,57.7,1589,,JHALAWAR,
Rajasthan,Jhalawar,IMD110-P1589,1931,0.0,0.6,0.0,0.0,6.7,27.4,408.9,617.2,123.1,75.4,2.8,3.9,1265.8,0.6,6.7,1176.5,82.1,1589,,JHALAWAR,
Rajasthan,Jhalawar,IMD110-P1589,1932,0.0,0.0,4.4,2.4,1.1,19.9,357.0,123.1,310.4,2.7,0.0,0.0,820.9,0.0,7.8,810.4,2.7,1589,,JHALAWAR,
Rajasthan,Jhalawar,IMD110-P1589,1933,0.0,1.7,1.5,36.5,23.9,210.7,267.1,354.8,319.5,14.8,58.9,20.5,1309.8,1.7,61.9,1152.0,94.2,1589,,JHALAWAR,
Rajasthan,Jhalawar,IMD110-P1589,1934,11.8,0.0,14.0,0.0,0.0,144.4,282.6,532.6,228.6,0.0,0.9,6.2,1221.2,11.8,14.0,1188.3,7.1,1589,,JHALAWAR,
Rajasthan,Jhalawar,IMD110-P1589,1935,2.6,1.1,0.0,7.2,0.9,73.0,464.2,172.1,243.5,25.3,0.0,9.6,999.4,3.7,8.1,952.8,34.9,1589,,JHALAWAR,
Rajasthan,Jhalawar,IMD110-P1589,1936,0.1,5.3,15.9,3.5,12.0,170.2,171.9,213.9,110.4,0.0,109.2,0.0,812.5,5.4,31.4,666.4,109.2,1589,,JHALAWAR,
Rajasthan,Jhalawar,IMD110-P1589,1937,0.0,10.9,0.3,0.1,4.5,164.9,508.9,208.7,144.1,7.7,1.1,12.6,1063.8,10.9,4.8,1026.6,21.5,1589,,JHALAWAR,
Rajasthan,Jhalawar,IMD110-P1589,1938,10.8,0.0,0.6,0.0,5.5,298.7,316.4,286.2,12.8,38.3,0.0,0.0,969.3,10.8,6.1,914.0,38.3,1589,,JHALAWAR,
Rajasthan,Jhalawar,IMD110-P1589,1939,6.7,2.9,1.5,0.2,0.0,76.6,271.1,241.0,212.7,0.0,0.0,0.0,812.7,9.6,1.7,801.4,0.0,1589,,JHALAWAR,
Rajasthan,Jhalawar,IMD110-P1589,1940,25.3,0.5,15.7,0.5,14.7,53.7,374.1,491.8,63.4,31.2,5.9,2.9,1079.9,25.8,30.9,983.1,40.1,1589,,JHALAWAR,
Rajasthan,Jhalawar,IMD110-P1589,1941,33.7,35.5,12.3,0.3,2.1,57.7,81.0,287.0,99.1,0.6,0.0,0.0,609.2,69.2,14.7,524.7,0.6,1590,,JHALAWAR,
Rajasthan,Jhalawar,IMD110-P1589,1942,39.3,14.5,0.0,0.6,3.0,87.2,868.5,345.5,134.3,0.0,0.0,8.7,1501.8,53.8,3.6,1435.6,8.7,1590,,JHALAWAR,
Rajasthan,Jhalawar,IMD110-P1589,1943,27.7,0.0,0.0,2.7,17.7,144.3,746.4,122.5,145.4,1.0,0.0,0.0,1207.8,27.7,20.4,1158.7,1.0,1590,,JHALAWAR,
Rajasthan,Jhalawar,IMD110-P1589,1944,43.2,14.9,28.7,2.7,0.3,50.6,501.3,551.3,58.3,13.9,6.0,0.0,1271.3,58.0,31.7,1161.5,20.0,1590,,JHALAWAR,
Rajasthan,Jhalawar,IMD110-P1589,1945,19.1,0.0,0.0,21.7,5.3,297.7,568.8,296.3,219.1,0.4,0.0,0.0,1428.4,19.1,27.0,1381.8,0.4,1590,,JHALAWAR,
Rajasthan,Jhalawar,IMD110-P1589,1946,0.0,9.7,0.0,1.3,0.4,228.7,292.6,548.9,162.1,4.6,119.8,60.3,1428.3,9.7,1.7,1232.3,184.6,1590,,JHALAWAR,
Rajasthan,Jhalawar,IMD110-P1589,1947,8.8,3.4,1.0,0.7,1.1,36.5,317.0,497.2,323.0,16.1,0.4,18.7,1223.9,12.2,2.8,1173.8,35.2,1590,,JHALAWAR,
Rajasthan,Jhalawar,IMD110-P1589,1948,21.9,7.1,0.2,1.2,0.6,94.1,311.3,490.1,297.9,31.0,23.4,0.0,1278.8,29.0,2.0,1193.4,54.4,1590,,JHALAWAR,
Rajasthan,Jhalawar,IMD110-P1589,1949,0.0,1.4,0.0,0.0,6.6,114.4,245.5,95.7,167.4,14.4,11.9,0.0,657.3,1.4,6.6,622.9,26.3,1590,,JHALAWAR,
Rajasthan,Jhalawar,IMD110-P1589,1950,2.2,0.0,12.2,0.0,13.6,9.9,316.8,246.9,205.7,0.0,0.0,7.7,814.9,2.2,25.8,779.2,7.7,1590,,JHALAWAR,
Rajasthan,Jhalawar,IMD110-P1589,1951,1.8,0.0,0.8,0.9,5.3,66.3,133.4,244.1,8.2,0.0,10.1,0.0,471.0,1.8,7.0,452.0,10.1,1590,,JHALAWAR,
Rajasthan,Jhalawar,IMD110-P1589,1952,0.0,0.1,0.0,0.1,0.0,230.2,681.9,382.9,17.8,0.0,0.0,18.4,1331.6,0.1,0.1,1312.9,18.4,1590,,JHALAWAR,
Rajasthan,Jhalawar,IMD110-P1589,1953,31.8,0.0,0.0,0.0,0.1,70.6,192.5,229.2,72.6,5.0,0.0,0.0,601.8,31.8,0.1,564.9,5.0,1590,,JHALAWAR,
Rajasthan,Jhalawar,IMD110-P1589,1954,1.6,18.1,5.7,0.0,0.0,30.0,373.4,70.1,263.4,22.8,0.0,0.0,785.1,19.7,5.7,736.9,22.8,1590,,JHALAWAR,
Rajasthan,Jhalawar,IMD110-P1589,1955,27.4,0.7,0.4,0.0,0.1,128.6,109.1,453.7,316.2,77.5,0.0,0.0,1113.8,28.1,0.5,1007.7,77.5,1590,,JHALAWAR,
Rajasthan,Jhalawar,IMD110-P1589,1956,5.9,2.2,0.0,0.0,18.1,34.3,586.6,222.5,85.0,140.6,0.0,4.3,1099.5,8.1,18.1,928.4,144.9,1590,,JHALAWAR,
Rajasthan,Jhalawar,IMD110-P1589,1957,4.2,0.0,27.4,0.0,1.1,55.2,267.9,270.1,83.5,27.8,0.1,0.5,737.9,4.2,28.5,676.7,28.4,1590,,JHALAWAR,
Rajasthan,Jhalawar,IMD110-P1589,1958,11.6,0.0,1.2,0.8,0.0,74.8,508.1,185.2,209.5,15.5,0.5,1.3,1008.5,11.6,2.0,977.6,17.3,1590,,JHALAWAR,
Rajasthan,Jhalawar,IMD110-P1589,1959,23.8,0.2,0.0,0.8,26.1,40.5,268.2,301.7,178.4,39.4,0.6,0.3,879.9,24.0,26.9,788.8,40.3,1590,,JHALAWAR,
Rajasthan,Jhalawar,IMD110-P1589,1960,7.2,0.0,8.3,1.2,2.1,103.2,206.0,512.2,37.3,1.7,0.0,0.9,880.1,7.2,11.5,858.8,2.6,1590,,JHALAWAR,
Rajasthan,Jhalawar,IMD110-P1589,1961,31.0,0.0,0.0,1.2,4.2,31.0,250.9,260.1,750.6,95.2,7.5,1.4,1433.1,31.0,5.4,1292.6,104.1,1590,,JHALAWAR,
Rajasthan,Jhalawar,IMD110-P1589,1962,0.5,7.1,5.7,7.2,2.3,0.8,387.6,262.7,261.7,0.0,4.6,3.0,943.3,7.7,15.1,912.8,7.7,1590,,JHALAWAR,
Rajasthan,Jhalawar,IMD110-P1589,1963,1.4,0.6,1.6,0.2,3.8,39.7,216.0,383.1,98.6,15.3,41.1,1.0,802.4,2.0,5.6,737.4,57.4,1590,,JHALAWAR,
Rajasthan,Jhalawar,IMD110-P1589,1964,0.0,0.0,0.0,0.0,27.8,115.3,156.1,303.8,95.0,0.0,0.0,0.0,698.0,0.0,27.8,670.2,0.0,1590,,JHALAWAR,
Rajasthan,Jhalawar,IMD110-P1589,1965,7.3,0.2,1.1,0.3,1.3,19.6,260.0,129.4,158.2,0.8,0.0,0.0,578.1,7.5,2.7,567.1,0.8,1590,,JHALAWAR,
Rajasthan,Jhalawar,IMD110-P1589,1966,0.0,0.0,0.0,0.1,0.6,74.2,279.5,160.8,39.3,0.0,10.4,0.0,564.9,0.0,0.6,553.9,10.4,1590,,JHALAWAR,
Rajasthan,Jhalawar,IMD110-P1589,1967,0.0,0.0,63.3,0.0,0.2,131.2,102.4,253.3,297.0,0.0,0.8,53.4,901.6,0.0,63.5,783.9,54.2,1590,,JHALAWAR,
Rajasthan,Jhalawar,IMD110-P1589,1968,0.4,0.0,2.2,0.0,2.5,18.2,291.0,257.5,18.9,3.9,0.0,0.9,595.4,0.4,4.6,585.6,4.8,1590,,JHALAWAR,
Rajasthan,Jhalawar,IMD110-P1589,1969,2.5,0.0,0.0,0.0,0.0,26.0,337.2,842.3,118.8,0.0,13.5,0.0,1340.3,2.5,0.0,1324.3,13.5,1590,,JHALAWAR,
Rajasthan,Jhalawar,IMD110-P1589,1970,24.5,1.2,0.4,0.0,9.0,138.7,249.4,347.2,155.6,0.0,0.0,0.0,926.0,25.7,9.4,890.9,0.0,1590,,JHALAWAR,
Rajasthan,Jhalawar,IMD110-P1589,1971,1.6,0.0,0.0,0.0,9.3,238.1,556.4,211.7,311.0,15.6,0.0,0.0,1343.8,1.6,9.3,1317.2,15.6,1590,,JHALAWAR,
Rajasthan,Jhalawar,IMD110-P1589,1972,0.0,5.3,0.1,0.0,1.8,76.2,91.0,374.7,74.7,1.5,0.3,0.0,625.7,5.3,1.9,616.6,1.8,1590,,JHALAWAR,
Rajasthan,Jhalawar,IMD110-P1589,1973,0.0,0.0,0.0,0.0,5.0,42.0,609.5,391.5,344.8,12.1,0.0,6.5,1411.4,0.0,5.0,1387.8,18.6,1590,,JHALAWAR,
Rajasthan,Jhalawar,IMD110-P1589,1974,0.0,0.0,0.0,0.0,18.9,14.4,329.3,393.9,42.3,135.8,0.0,1.8,936.4,0.0,18.9,779.9,137.6,1590,,JHALAWAR,
Rajasthan,Jhalawar,IMD110-P1589,1975,0.0,0.2,0.0,0.0,2.6,139.6,174.6,390.7,253.5,40.0,0.0,0.0,1001.0,0.2,2.6,958.3,40.0,1590,,JHALAWAR,
Rajasthan,Jhalawar,IMD110-P1589,1976,11.2,0.1,0.0,1.4,6.0,165.3,187.2,372.6,175.5,0.0,65.7,0.0,984.9,11.3,7.4,900.6,65.7,1590,,JHALAWAR,
Rajasthan,Jhalawar,IMD110-P1589,1977,0.3,4.6,0.0,1.5,16.2,139.2,227.0,262.0,132.4,2.1,7.0,0.0,792.3,4.9,17.7,760.7,9.0,1590,,JHALAWAR,
Rajasthan,Jhalawar,IMD110-P1589,1978,0.2,4.1,0.8,1.3,0.0,125.6,298.7,321.5,31.0,0.0,16.6,33.2,832.8,4.3,2.1,776.6,49.7,1590,,JHALAWAR,
Rajasthan,Jhalawar,IMD110-P1589,1979,21.2,10.5,9.9,0.0,10.6,54.4,159.5,220.5,24.1,2.8,109.2,1.0,623.6,31.7,20.5,458.5,112.9,1590,,JHALAWAR,
Rajasthan,Jhalawar,IMD110-P1589,1980,0.5,0.1,0.0,0.0,1.1,149.4,121.6,253.7,29.9,0.0,0.0,9.8,566.1,0.7,1.1,554.6,9.8,1590,,JHALAWAR,
Rajasthan,Jhalawar,IMD110-P1589,1981,3.3,0.0,2.8,0.0,5.4,67.0,198.1,226.2,85.1,26.0,51.9,0.0,665.8,3.3,8.1,576.4,77.9,1590,,JHALAWAR,
Rajasthan,Jhalawar,IMD110-P1589,1982,32.1,3.0,0.1,9.9,9.9,20.7,323.1,446.9,34.8,14.5,89.4,1.5,985.9,35.0,19.9,825.5,105.4,1591,,JHALAWAR,
Rajasthan,Jhalawar,IMD110-P1589,1983,4.0,0.0,0.0,19.0,12.9,86.3,148.9,347.2,250.6,57.6,0.0,0.0,926.5,4.0,31.9,833.0,57.6,1591,,JHALAWAR,
Rajasthan,Jhalawar,IMD110-P1589,1984,4.1,0.0,0.0,0.0,0.0,77.2,136.9,511.1,116.2,0.0,0.0,0.0,845.5,4.1,0.0,841.3,0.0,1591,,JHALAWAR,
Rajasthan,Jhalawar,IMD110-P1589,1985,0.0,0.0,0.8,3.2,10.9,24.4,143.4,580.4,179.8,207.3,0.0,1.5,1151.8,0.0,14.9,928.0,208.9,1591,,JHALAWAR,
Rajasthan,Jhalawar,IMD110-P1589,1986,10.5,33.3,0.0,0.0,17.6,127.4,802.6,314.6,20.0,0.0,0.0,0.0,1326.2,43.9,17.6,1264.7,0.0,1591,,JHALAWAR,
Rajasthan,Jhalawar,IMD110-P1589,1987,20.8,4.0,0.1,0.0,2.2,39.2,123.7,673.1,75.8,80.7,0.0,17.4,1037.0,24.8,2.2,911.9,98.1,1591,,JHALAWAR,
Rajasthan,Jhalawar,IMD110-P1589,1988,0.5,0.0,0.0,0.5,6.9,194.5,262.5,271.0,68.7,43.1,0.0,0.0,847.7,0.5,7.4,796.7,43.1,1591,,JHALAWAR,
Rajasthan,Jhalawar,IMD110-P1589,1989,0.8,0.0,2.0,0.0,0.0,6.2,97.3,352.4,52.1,0.0,0.0,0.0,510.8,0.8,2.0,508.0,0.0,1591,,JHALAWAR,
Rajasthan,Jhalawar,IMD110-P1589,1990,0.0,9.0,0.1,0.0,22.3,192.3,283.1,315.7,230.4,4.1,7.6,1.6,1066.2,9.0,22.4,1021.5,13.3,1591,,JHALAWAR,
Rajasthan,Jhalawar,IMD110-P1589,1991,0.0,1.4,0.1,15.0,0.0,19.0,358.5,378.0,18.0,0.0,3.1,0.0,793.1,1.4,15.1,773.5,3.1,1591,,JHALAWAR,
Rajasthan,Jhalawar,IMD110-P1589,1992,0.0,0.0,0.0,0.0,9.4,18.4,257.6,332.7,74.7,106.4,51.0,0.0,850.2,0.0,9.4,683.4,157.4,1591,,JHALAWAR,
Rajasthan,Jhalawar,IMD110-P1589,1993,0.0,6.0,11.9,0.8,0.0,182.5,261.9,283.1,270.2,6.4,0.9,0.6,1024.3,6.0,12.7,997.8,7.9,1591,,JHALAWAR,
Rajasthan,Jhalawar,IMD110-P1589,1994,23.7,5.6,0.0,0.7,2.5,180.2,313.1,388.3,139.5,0.0,0.0,0.0,1053.5,29.3,3.1,1021.1,0.0,1591,,JHALAWAR,
Rajasthan,Jhalawar,IMD110-P1589,1995,26.5,0.0,17.1,1.5,4.7,6.9,265.2,294.5,209.2,7.5,0.0,40.5,873.7,26.5,23.3,775.9,48.1,1591,,JHALAWAR,
Rajasthan,Jhalawar,IMD110-P1589,1996,6.2,0.0,7.2,0.0,0.0,21.7,381.1,553.9,102.8,31.0,0.0,0.0,1103.9,6.2,7.2,1059.5,31.0,1591,,JHALAWAR,
Rajasthan,Jhalawar,IMD110-P1589,1997,0.0,,,11.8,3.5,206.0,237.3,358.0,86.0,267.9,43.6,110.5,,,,887.3,422.0,1591,missing_months,JHALAWAR,
Rajasthan,Jhalawar,IMD110-P1589,1998,0.0,0.0,0.0,0.0,0.0,97.0,177.0,203.2,84.0,21.2,11.7,0.0,594.1,0.0,0.0,561.2,32.9,1591,,JHALAWAR,
Rajasthan,Jhalawar,IMD110-P1589,1999,0.5,12.1,0.0,0.0,,73.2,323.1,84.0,243.3,10.2,0.0,0.0,,12.6,,723.6,10.2,1591,missing_months,JHALAWAR,
Rajasthan,Jhalawar,IMD110-P1589,2000,0.0,0.0,0.0,0.0,41.8,13.5,465.2,108.0,44.5,0.0,0.0,0.0,673.1,0.0,41.8,631.3,0.0,1591,,JHALAWAR,
Rajasthan,Jhalawar,IMD110-P1589,2001,0.2,0.1,0.0,0.9,17.6,180.2,488.3,230.6,3.5,9.4,0.0,136.0,1066.7,0.2,18.5,902.6,145.4,1591,,JHALAWAR,
Rajasthan,Jhalawar,IMD110-P1589,2002,0.0,8.9,0.7,0.4,3.3,128.3,50.2,270.5,53.4,3.0,0.6,0.0,519.2,8.9,4.4,502.4,3.6,1591,,JHALAWAR,
Rajasthan,Jhalawar,IMD110-P1589,2003,0.9,6.7,0.0,0.2,1.7,121.1,164.5,242.0,211.9,0.0,0.0,1.5,750.4,7.6,1.9,739.4,1.5,1591,,JHALAWAR,
Rajasthan,Jhalawar,IMD110-P1589,2004,5.1,0.0,0.0,0.0,1.0,74.2,203.5,529.1,20.7,15.5,0.6,0.0,849.5,5.1,1.0,827.4,16.1,1591,,JHALAWAR,
Rajasthan,Jhalawar,IMD110-P1589,2005,2.4,0.0,6.5,2.2,0.2,85.7,252.5,90.9,135.9,0.0,0.0,0.0,576.4,2.4,8.9,565.1,0.0,1591,,JHALAWAR,
Rajasthan,Jhalawar,IMD110-P1589,2006,0.0,0.0,20.6,0.0,11.9,90.7,284.9,686.1,215.0,7.4,0.4,0.0,1317.0,0.0,32.4,1276.7,7.9,1591,,JHALAWAR,
Rajasthan,Jhalawar,IMD110-P1589,2007,0.0,3.9,0.0,0.0,5.7,75.9,245.1,181.7,132.0,0.0,0.0,2.5,646.9,3.9,5.7,634.8,2.5,1591,,JHALAWAR,
Rajasthan,Jhalawar,IMD110-P1589,2008,0.0,0.0,0.7,9.8,4.5,159.5,197.9,181.9,138.0,0.0,19.5,0.0,711.8,0.0,14.9,677.3,19.5,1591,,JHALAWAR,
Rajasthan,Jhalawar,IMD110-P1589,2009,1.1,0.0,0.0,0.0,5.6,41.1,335.4,110.7,101.3,51.7,15.5,0.0,662.3,1.1,5.6,588.5,67.2,1591,,JHALAWAR,
Rajasthan,Jhalawar,IMD110-P1589,2010,2.6,0.9,0.0,0.0,0.0,31.7,228.1,212.4,67.8,1.3,28.9,0.3,574.0,3.5,0.0,540.0,30.5,1591,,JHALAWAR,
Rajasthan,Jhunjhunu,IMD110-P1592,1901,16.2,11.0,0.9,0.0,7.5,0.3,40.0,55.4,0.6,0.0,0.0,4.4,136.4,27.2,8.4,96.4,4.4,1592,,JHUNJHUNU,
Rajasthan,Jhunjhunu,IMD110-P1592,1902,0.0,0.4,0.0,2.0,16.7,91.3,79.9,47.1,59.3,22.7,0.0,0.0,319.4,0.4,18.8,277.6,22.7,1592,,JHUNJHUNU,
Rajasthan,Jhunjhunu,IMD110-P1592,1903,5.6,0.6,1.7,1.0,20.1,18.2,159.2,220.5,81.6,14.7,0.0,0.0,523.2,6.2,22.8,479.5,14.7,1592,,JHUNJHUNU,
Rajasthan,Jhunjhunu,IMD110-P1592,1904,3.9,1.7,19.3,2.3,14.6,34.5,81.3,177.1,42.8,0.3,5.7,33.5,417.0,5.6,36.2,335.6,39.5,1592,,JHUNJHUNU,
Rajasthan,Jhunjhunu,IMD110-P1592,1905,7.4,16.4,4.6,3.8,0.0,7.6,57.5,1.1,32.3,0.0,0.0,2.0,132.8,23.7,8.4,98.6,2.0,1592,,JHUNJHUNU,
Rajasthan,Jhunjhunu,IMD110-P1592,1906,0.8,54.0,20.4,0.3,0.0,124.6,93.7,26.6,98.3,0.3,0.0,1.2,420.3,54.8,20.7,343.2,1.5,1592,,JHUNJHUNU,
Rajasthan,Jhunjhunu,IMD110-P1592,1907,3.9,22.3,14.9,37.4,12.9,58.2,117.4,120.4,0.0,0.2,0.0,0.0,387.6,26.2,65.2,296.0,0.2,1592,,JHUNJHUNU,
Rajasthan,Jhunjhunu,IMD110-P1592,1908,19.3,2.5,0.0,0.3,18.1,18.6,539.5,286.2,31.8,0.1,10.1,0.0,926.5,21.8,18.4,876.1,10.2,1592,,JHUNJHUNU,
Rajasthan,Jhunjhunu,IMD110-P1592,1909,4.6,9.9,0.0,31.4,12.1,78.5,263.6,72.2,144.1,0.0,0.0,47.6,664.1,14.5,43.5,558.4,47.6,1592,,JHUNJHUNU,
Rajasthan,Jhunjhunu,IMD110-P1592,1910,15.3,1.5,0.0,1.9,1.9,89.0,39.6,144.4,71.8,14.4,0.0,0.0,379.9,16.8,3.8,344.9,14.4,1592,,JHUNJHUNU,
Rajasthan,Jhunjhunu,IMD110-P1592,1911,30.4,1.7,54.4,3.3,0.3,66.2,33.1,23.4,148.7,3.4,35.7,0.0,400.7,32.1,58.1,271.4,39.1,1592,,JHUNJHUNU,
Rajasthan,Jhunjhunu,IMD110-P1592,1912,57.2,9.7,8.5,14.5,4.1,3.9,294.8,136.3,14.5,1.5,2.1,0.0,547.1,67.0,27.0,449.5,3.6,1592,,JHUNJHUNU,
Rajasthan,Jhunjhunu,IMD110-P1592,1913,0.1,23.6,0.7,0.0,74.0,108.2,87.8,13.6,43.7,2.1,1.1,10.2,365.1,23.7,74.7,253.4,13.4,1592,,JHUNJHUNU,
Rajasthan,Jhunjhunu,IMD110-P1592,1914,0.3,4.6,1.9,3.7,5.7,82.0,165.0,79.4,74.5,16.9,1.1,0.0,435.3,4.9,11.3,401.0,18.1,1592,,JHUNJHUNU,
Rajasthan,Jhunjhunu,IMD110-P1592,1915,13.2,42.0,38.2,1.7,2.3,37.2,41.0,78.3,31.6,31.3,0.0,0.8,317.5,55.2,42.2,188.0,32.1,1592,,JHUNJHUNU,
Rajasthan,Jhunjhunu,IMD110-P1592,1916,0.0,2.7,0.0,1.8,32.6,22.2,71.8,272.0,139.5,36.5,0.0,0.0,579.1,2.7,34.4,505.5,36.5,1592,,JHUNJHUNU,
Rajasthan,Jhunjhunu,IMD110-P1592,1917,6.7,8.3,15.4,20.2,48.5,32.9,112.8,226.6,243.0,71.1,0.0,2.1,787.5,15.0,84.1,615.3,73.1,1592,,JHUNJHUNU,
Rajasthan,Jhunjhunu,IMD110-P1592,1918,2.2,0.0,8.1,4.8,1.4,2.2,33.0,107.5,25.5,1.2,0.5,0.0,186.3,2.2,14.3,168.2,1.7,1592,,JHUNJHUNU,
Rajasthan,Jhunjhunu,IMD110-P1592,1919,48.2,0.1,1.1,9.6,25.9,1.4,113.4,195.6,63.5,0.0,5.8,17.6,482.2,48.4,36.6,373.8,23.4,1592,,JHUNJHUNU,
Rajasthan,Jhunjhunu,IMD110-P1592,1920,10.8,3.3,5.1,1.4,28.6,53.7,267.8,19.4,2.1,0.2,0.0,0.0,392.5,14.1,35.1,343.1,0.2,1592,,JHUNJHUNU,
Rajasthan,Jhunjhunu,IMD110-P1592,1921,1.6,0.0,0.0,1.1,0.0,9.2,124.2,136.2,47.3,3.2,0.0,2.0,324.8,1.6,1.1,316.9,5.2,1592,,JHUNJHUNU,
Rajasthan,Jhunjhunu,IMD110-P1592,1922,12.0,1.2,0.0,1.9,12.8,77.2,93.8,63.5,80.2,2.7,0.0,19.5,364.7,13.2,14.6,314.7,22.2,1592,,JHUNJHUNU,
Rajasthan,Jhunjhunu,IMD110-P1592,1923,13.6,11.9,0.0,0.0,18.8,27.0,183.0,186.6,0.5,5.8,0.0,7.0,454.2,25.4,18.8,397.1,12.8,1592,,JHUNJHUNU,
Rajasthan,Jhunjhunu,IMD110-P1592,1924,12.3,1.3,0.0,2.0,4.8,26.5,104.7,246.8,136.4,45.6,0.0,18.8,599.1,13.6,6.9,514.3,64.3,1592,,JHUNJHUNU,
Rajasthan,Jhunjhunu,IMD110-P1592,1925,0.0,0.0,0.0,0.0,5.9,159.9,216.3,46.9,5.5,7.0,9.5,0.0,451.0,0.0,5.9,428.6,16.5,1592,,JHUNJHUNU,
Rajasthan,Jhunjhunu,IMD110-P1592,1926,5.4,7.8,28.1,3.5,36.4,17.1,151.8,207.1,52.4,0.0,0.0,0.0,509.7,13.3,68.0,428.5,0.0,1592,,JHUNJHUNU,
Rajasthan,Jhunjhunu,IMD110-P1592,1927,0.0,19.2,0.0,5.5,4.8,2.6,173.4,120.3,44.3,0.0,1.1,28.3,399.4,19.2,10.3,340.6,29.4,1592,,JHUNJHUNU,
Rajasthan,Jhunjhunu,IMD110-P1592,1928,4.4,16.5,1.3,0.7,5.1,10.2,100.2,140.2,8.7,13.5,22.0,2.9,325.6,20.8,7.0,259.3,38.5,1592,,JHUNJHUNU,
Rajasthan,Jhunjhunu,IMD110-P1592,1929,3.4,1.9,0.0,4.4,9.7,11.4,203.2,53.2,16.6,0.0,0.0,13.1,316.8,5.2,14.0,284.4,13.1,1592,,JHUNJHUNU,
Rajasthan,Jhunjhunu,IMD110-P1592,1930,19.0,1.6,0.0,0.0,17.7,57.2,306.9,105.5,10.7,22.2,0.0,0.0,540.9,20.6,17.7,480.3,22.2,1592,,JHUNJHUNU,
Rajasthan,Jhunjhunu,IMD110-P1592,1931,4.6,3.7,9.2,0.0,18.9,15.7,192.2,121.2,40.8,25.1,0.0,0.4,431.8,8.3,28.1,369.9,25.6,1592,,JHUNJHUNU,
Rajasthan,Jhunjhunu,IMD110-P1592,1932,0.0,0.2,12.9,13.3,1.8,31.8,201.4,180.1,5.5,0.0,0.0,1.2,448.2,0.2,28.0,418.8,1.2,1592,,JHUNJHUNU,
Rajasthan,Jhunjhunu,IMD110-P1592,1933,0.0,12.0,2.2,5.4,36.5,102.0,59.5,167.1,179.4,1.6,0.0,1.6,567.3,12.0,44.1,508.0,3.3,1592,,JHUNJHUNU,
Rajasthan,Jhunjhunu,IMD110-P1592,1934,8.9,0.0,37.5,0.0,0.7,121.4,54.4,262.8,19.7,0.0,0.0,11.5,516.8,8.9,38.2,458.2,11.5,1592,,JHUNJHUNU,
Rajasthan,Jhunjhunu,IMD110-P1592,1935,35.6,9.1,9.4,43.5,1.7,3.5,183.3,82.7,55.9,1.3,5.1,2.7,433.7,44.6,54.5,325.4,9.1,1592,,JHUNJHUNU,
Rajasthan,Jhunjhunu,IMD110-P1592,1936,1.9,4.8,17.6,0.1,7.4,94.9,77.1,187.8,63.0,0.0,0.0,1.9,456.5,6.7,25.1,422.8,1.9,1592,,JHUNJHUNU,
Rajasthan,Jhunjhunu,IMD110-P1592,1937,0.0,43.8,0.0,4.3,2.0,55.0,313.3,15.9,97.3,2.7,0.0,9.1,543.5,43.8,6.3,481.6,11.8,1592,,JHUNJHUNU,
Rajasthan,Jhunjhunu,IMD110-P1592,1938,12.7,0.0,0.0,0.0,2.6,80.3,69.6,47.0,13.2,4.6,0.0,0.0,230.2,12.7,2.6,210.3,4.6,1592,,JHUNJHUNU,
Rajasthan,Jhunjhunu,IMD110-P1592,1939,1.4,17.2,9.2,0.0,0.4,83.5,69.6,48.6,4.6,0.0,0.0,0.0,234.6,18.6,9.6,206.3,0.0,1592,,JHUNJHUNU,
Rajasthan,Jhunjhunu,IMD110-P1592,1940,17.8,34.6,19.8,0.4,15.8,92.0,65.9,138.1,0.0,4.2,0.0,0.0,388.6,52.4,36.0,296.1,4.2,1592,,JHUNJHUNU,
Rajasthan,Jhunjhunu,IMD110-P1592,1941,19.7,0.4,2.3,0.0,20.8,147.6,9.7,82.9,51.2,2.7,0.0,6.5,343.8,20.1,23.1,291.4,9.2,1593,,JHUNJHUNU,
Rajasthan,Jhunjhunu,IMD110-P1592,1942,9.3,17.4,0.0,7.5,32.2,62.1,225.4,243.9,224.0,0.0,0.0,0.3,822.0,26.6,39.7,755.4,0.3,1593,,JHUNJHUNU,
Rajasthan,Jhunjhunu,IMD110-P1592,1943,8.1,0.0,0.0,7.9,2.3,28.6,160.3,68.3,51.8,0.0,0.0,0.0,327.3,8.1,10.1,309.0,0.0,1593,,JHUNJHUNU,
Rajasthan,Jhunjhunu,IMD110-P1592,1944,23.4,20.0,48.3,20.8,3.0,69.5,163.3,189.0,3.8,26.6,1.8,1.3,570.9,43.4,72.2,425.5,29.8,1593,,JHUNJHUNU,
Rajasthan,Jhunjhunu,IMD110-P1592,1945,28.9,0.0,0.5,10.5,31.8,33.7,174.4,122.7,152.3,0.0,0.0,0.0,554.8,28.9,42.8,483.0,0.0,1593,,JHUNJHUNU,
Rajasthan,Jhunjhunu,IMD110-P1592,1946,0.0,2.2,0.0,6.0,37.0,58.5,117.1,193.7,30.1,7.3,0.0,21.5,473.4,2.2,43.0,399.4,28.8,1593,,JHUNJHUNU,
Rajasthan,Jhunjhunu,IMD110-P1592,1947,18.7,15.6,0.6,0.0,0.1,0.6,30.9,117.2,291.4,9.3,0.0,3.4,487.9,34.3,0.8,440.1,12.7,1593,,JHUNJHUNU,
Rajasthan,Jhunjhunu,IMD110-P1592,1948,55.1,15.6,15.0,0.0,0.0,18.8,112.3,167.2,30.6,1.3,0.0,0.0,415.8,70.7,15.0,328.9,1.3,1593,,JHUNJHUNU,
Rajasthan,Jhunjhunu,IMD110-P1592,1949,5.0,6.3,0.0,0.0,14.1,19.5,168.6,27.5,120.6,8.7,0.0,0.0,370.3,11.3,14.1,336.2,8.7,1593,,JHUNJHUNU,
Rajasthan,Jhunjhunu,IMD110-P1592,1950,7.3,1.1,7.7,0.0,7.5,3.4,273.7,99.8,87.7,0.0,0.0,0.0,488.2,8.4,15.2,464.6,0.0,1593,,JHUNJHUNU,
Rajasthan,Jhunjhunu,IMD110-P1592,1951,19.4,0.0,0.0,16.1,7.7,42.9,21.4,81.4,0.0,0.0,8.3,0.0,197.3,19.4,23.8,145.7,8.3,1593,,JHUNJHUNU,
Rajasthan,Jhunjhunu,IMD110-P1592,1952,0.0,6.5,1.4,3.0,0.8,48.6,118.2,87.3,0.0,0.0,0.0,0.0,265.8,6.5,5.2,254.1,0.0,1593,,JHUNJHUNU,
Rajasthan,Jhunjhunu,IMD110-P1592,1953,11.8,0.0,0.0,0.0,19.3,17.5,90.9,155.5,14.0,0.0,0.0,15.9,324.8,11.8,19.3,277.9,15.9,1593,,JHUNJHUNU,
Rajasthan,Jhunjhunu,IMD110-P1592,1954,14.7,61.8,0.0,0.0,0.0,51.7,212.0,19.0,143.2,24.3,0.0,0.0,526.6,76.5,0.0,425.8,24.3,1593,,JHUNJHUNU,
Rajasthan,Jhunjhunu,IMD110-P1592,1955,3.4,1.3,1.2,0.8,10.5,118.1,62.8,200.0,92.3,126.3,0.0,1.4,618.1,4.7,12.5,473.1,127.8,1593,,JHUNJHUNU,
Rajasthan,Jhunjhunu,IMD110-P1592,1956,18.3,0.0,8.5,0.4,0.0,13.7,364.8,187.0,11.4,90.2,3.4,0.0,697.9,18.3,9.0,577.0,93.6,1593,,JHUNJHUNU,
Rajasthan,Jhunjhunu,IMD110-P1592,1957,24.0,0.0,9.8,0.0,11.6,39.9,235.3,114.6,73.0,19.7,5.1,20.6,553.6,24.0,21.4,462.8,45.3,1593,,JHUNJHUNU,
Rajasthan,Jhunjhunu,IMD110-P1592,1958,3.3,0.0,0.6,0.0,5.6,20.5,87.3,49.8,213.0,1.6,10.2,4.0,395.7,3.3,6.1,370.5,15.7,1593,,JHUNJHUNU,
Rajasthan,Jhunjhunu,IMD110-P1592,1959,1.7,0.8,0.6,0.6,45.7,23.7,114.1,127.2,54.3,17.1,5.8,0.0,391.7,2.5,46.9,319.4,22.9,1593,,JHUNJHUNU,
Rajasthan,Jhunjhunu,IMD110-P1592,1960,3.6,0.0,15.0,2.7,8.5,42.2,93.1,214.4,4.4,11.2,0.0,8.8,403.8,3.6,26.1,354.1,20.0,1593,,JHUNJHUNU,
Rajasthan,Jhunjhunu,IMD110-P1592,1961,8.0,15.2,0.8,2.5,10.4,13.6,107.7,190.8,83.0,7.0,7.9,5.4,452.4,23.2,13.7,395.1,20.3,1593,,JHUNJHUNU,
Rajasthan,Jhunjhunu,IMD110-P1592,1962,0.2,8.5,2.0,6.9,5.2,3.6,256.3,126.3,124.9,0.0,0.0,2.5,536.4,8.7,14.1,511.1,2.5,1593,,JHUNJHUNU,
Rajasthan,Jhunjhunu,IMD110-P1592,1963,0.0,0.8,1.0,5.2,4.7,38.4,43.5,199.9,77.2,0.0,5.8,3.8,380.2,0.8,10.9,358.9,9.6,1593,,JHUNJHUNU,
Rajasthan,Jhunjhunu,IMD110-P1592,1964,0.0,0.0,0.0,1.5,50.0,5.5,282.2,249.4,56.7,0.0,0.5,14.1,659.9,0.0,51.5,593.8,14.6,1593,,JHUNJHUNU,
Rajasthan,Jhunjhunu,IMD110-P1592,1965,2.8,10.7,3.4,7.8,15.2,7.4,133.3,64.8,22.0,11.8,0.0,0.2,279.5,13.5,26.3,227.6,12.0,1593,,JHUNJHUNU,
Rajasthan,Jhunjhunu,IMD110-P1592,1966,0.0,8.2,0.3,0.0,45.8,69.3,94.3,143.6,49.6,0.9,4.1,0.0,416.1,8.2,46.2,356.8,5.0,1593,,JHUNJHUNU,
Rajasthan,Jhunjhunu,IMD110-P1592,1967,0.0,0.0,42.8,1.7,14.6,72.4,91.3,249.2,77.4,4.2,13.5,92.9,659.9,0.0,59.1,490.3,110.5,1593,,JHUNJHUNU,
Rajasthan,Jhunjhunu,IMD110-P1592,1968,8.1,8.2,6.8,0.0,11.9,12.5,267.6,37.2,0.0,9.2,0.0,0.0,361.5,16.3,18.6,317.3,9.2,1593,,JHUNJHUNU,
Rajasthan,Jhunjhunu,IMD110-P1592,1969,0.0,2.7,6.9,10.9,15.2,16.7,91.3,181.4,146.7,0.0,0.0,0.0,471.8,2.7,33.0,436.1,0.0,1593,,JHUNJHUNU,
Rajasthan,Jhunjhunu,IMD110-P1592,1970,10.5,38.3,0.2,2.1,2.6,47.3,90.7,228.4,127.7,0.2,0.0,0.0,548.0,48.8,4.9,494.1,0.2,1593,,JHUNJHUNU,
Rajasthan,Jhunjhunu,IMD110-P1592,1971,7.3,0.0,1.0,0.0,101.3,114.0,153.4,202.6,21.6,17.6,0.0,0.0,618.9,7.3,102.3,491.6,17.6,1593,,JHUNJHUNU,
Rajasthan,Jhunjhunu,IMD110-P1592,1972,4.2,1.2,0.0,17.6,0.0,46.2,39.4,198.4,1.6,3.3,1.3,0.2,313.3,5.4,17.6,285.6,4.8,1593,,JHUNJHUNU,
Rajasthan,Jhunjhunu,IMD110-P1592,1973,0.4,0.0,1.2,2.6,30.1,5.1,150.3,241.9,62.9,0.0,0.0,0.0,494.5,0.4,33.9,460.2,0.0,1593,,JHUNJHUNU,
Rajasthan,Jhunjhunu,IMD110-P1592,1974,0.0,0.0,3.6,0.5,25.1,32.1,158.7,71.0,9.5,42.8,0.0,11.5,354.9,0.0,29.2,271.4,54.3,1593,,JHUNJHUNU,
Rajasthan,Jhunjhunu,IMD110-P1592,1975,9.8,1.1,1.2,2.1,3.2,52.6,203.9,234.1,139.3,43.0,0.0,0.0,690.4,10.9,6.5,630.0,43.0,1593,,JHUNJHUNU,
Rajasthan,Jhunjhunu,IMD110-P1592,1976,4.2,34.5,2.7,0.0,30.2,160.1,129.4,239.3,45.1,0.0,0.0,0.2,645.5,38.7,32.8,573.8,0.2,1593,,JHUNJHUNU,
Rajasthan,Jhunjhunu,IMD110-P1592,1977,15.8,0.0,0.0,22.2,9.1,82.8,271.4,149.2,160.4,9.9,0.0,0.0,720.8,15.8,31.3,663.8,9.9,1593,,JHUNJHUNU,
Rajasthan,Jhunjhunu,IMD110-P1592,1978,0.0,30.3,3.2,8.5,0.0,66.0,511.0,161.0,61.8,0.0,0.0,0.0,841.7,30.3,11.7,799.7,0.0,1593,,JHUNJHUNU,
Rajasthan,Jhunjhunu,IMD110-P1592,1979,24.3,33.2,2.8,8.1,20.2,20.6,99.6,55.0,3.1,5.5,12.9,2.9,288.3,57.5,31.1,178.3,21.4,1593,,JHUNJHUNU,
Rajasthan,Jhunjhunu,IMD110-P1592,1980,0.8,0.1,22.7,0.0,5.1,35.7,216.1,62.3,3.7,1.4,5.7,30.7,384.3,0.9,27.8,317.7,37.8,1593,,JHUNJHUNU,
Rajasthan,Jhunjhunu,IMD110-P1592,1981,15.9,3.7,10.0,0.0,21.2,18.1,142.6,62.4,3.3,0.0,26.5,0.0,303.7,19.6,31.2,226.4,26.5,1593,,JHUNJHUNU,
Rajasthan,Jhunjhunu,IMD110-P1592,1982,43.5,17.6,30.2,12.1,89.7,33.6,75.8,136.3,11.4,25.7,9.7,11.6,497.3,61.1,132.0,257.2,47.0,1594,,JHUNJHUNU,
Rajasthan,Jhunjhunu,IMD110-P1592,1983,6.4,6.9,0.5,25.5,72.4,66.4,159.9,132.9,71.3,13.0,0.0,0.0,555.1,13.3,98.3,430.4,13.0,1594,,JHUNJHUNU,
Rajasthan,Jhunjhunu,IMD110-P1592,1984,0.0,0.0,0.0,0.5,0.0,28.1,133.1,68.1,93.4,0.0,0.0,0.0,323.3,0.0,0.5,322.8,0.0,1594,,JHUNJHUNU,
Rajasthan,Jhunjhunu,IMD110-P1592,1985,3.2,0.0,1.8,6.2,1.3,104.7,187.3,136.7,27.5,22.9,3.6,12.1,507.5,3.2,9.4,456.3,38.6,1594,,JHUNJHUNU,
Rajasthan,Jhunjhunu,IMD110-P1592,1986,9.4,29.0,3.9,3.4,38.3,36.4,115.5,65.2,20.6,11.8,0.0,0.0,333.4,38.4,45.5,237.6,11.8,1594,,JHUNJHUNU,
Rajasthan,Jhunjhunu,IMD110-P1592,1987,29.4,4.9,14.6,1.0,61.3,11.4,53.9,76.8,1.5,0.0,0.0,0.8,255.8,34.4,77.0,143.6,0.8,1594,,JHUNJHUNU,
Rajasthan,Jhunjhunu,IMD110-P1592,1988,1.3,1.9,30.6,6.0,1.8,137.9,150.3,185.4,106.8,1.8,0.0,0.0,623.7,3.2,38.3,580.4,1.8,1594,,JHUNJHUNU,
Rajasthan,Jhunjhunu,IMD110-P1592,1989,7.5,0.3,8.7,0.2,1.4,17.7,100.8,89.0,18.9,0.0,2.0,0.4,246.8,7.8,10.3,226.4,2.3,1594,,JHUNJHUNU,
Rajasthan,Jhunjhunu,IMD110-P1592,1990,0.0,65.0,2.3,3.2,9.8,39.2,120.4,76.7,54.1,11.4,11.4,5.4,398.8,65.0,15.3,290.3,28.2,1594,,JHUNJHUNU,
Rajasthan,Jhunjhunu,IMD110-P1592,1991,0.1,12.5,0.1,10.2,12.0,17.0,85.1,199.8,20.8,0.0,2.9,2.5,362.9,12.6,22.4,322.6,5.4,1594,,JHUNJHUNU,
Rajasthan,Jhunjhunu,IMD110-P1592,1992,18.6,3.6,1.1,1.0,13.6,13.9,201.3,189.8,62.0,18.4,5.3,1.7,530.2,22.2,15.7,467.0,25.3,1594,,JHUNJHUNU,
Rajasthan,Jhunjhunu,IMD110-P1592,1993,0.8,9.4,5.5,1.4,15.2,76.1,291.2,62.7,86.5,0.8,0.0,0.0,549.7,10.2,22.2,516.5,0.8,1594,,JHUNJHUNU,
Rajasthan,Jhunjhunu,IMD110-P1592,1994,24.3,1.8,2.2,15.5,4.7,62.2,238.1,114.1,30.2,0.1,0.0,0.0,493.2,26.1,22.4,444.6,0.1,1594,,JHUNJHUNU,
Rajasthan,Jhunjhunu,IMD110-P1592,1995,29.6,3.0,10.0,0.0,1.2,45.2,181.7,335.7,80.9,2.3,0.0,0.0,689.5,32.5,11.1,643.6,2.3,1594,,JHUNJHUNU,
Rajasthan,Jhunjhunu,IMD110-P1592,1996,1.5,7.1,1.5,1.0,16.7,382.2,114.5,197.2,108.6,6.3,0.0,0.0,836.8,8.7,19.2,802.6,6.3,1594,,JHUNJHUNU,
Rajasthan,Jhunjhunu,IMD110-P1592,1997,1.0,1.6,11.1,13.2,87.2,93.9,84.1,169.0,34.6,156.9,11.5,18.1,682.3,2.7,111.5,381.6,186.5,1594,,JHUNJHUNU,
Rajasthan,Jhunjhunu,IMD110-P1592,1998,0.0,6.2,10.5,3.0,5.0,66.1,52.5,126.4,94.8,39.6,2.0,0.0,406.1,6.2,18.5,339.8,41.6,1594,,JHUNJHUNU,
Rajasthan,Jhunjhunu,IMD110-P1592,1999,8.2,5.7,0.0,0.0,23.6,47.9,108.2,91.8,3.0,7.1,0.0,0.0,295.4,13.9,23.6,250.9,7.1,1594,,JHUNJHUNU,
Rajasthan,Jhunjhunu,IMD110-P1592,2000,4.0,10.2,3.3,2.1,7.0,17.0,173.7,89.0,18.9,0.0,0.0,0.0,325.1,14.2,12.4,298.6,0.0,1594,,JHUNJHUNU,
Rajasthan,Jhunjhunu,IMD110-P1592,2001,5.6,1.1,0.5,16.3,50.7,118.8,188.2,86.0,2.4,4.6,0.0,0.0,474.2,6.6,67.5,395.4,4.6,1594,,JHUNJHUNU,
Rajasthan,Jhunjhunu,IMD110-P1592,2002,2.1,11.9,0.0,4.1,37.1,30.6,6.6,46.3,19.8,0.0,0.0,11.5,169.9,14.0,41.2,103.3,11.5,1594,,JHUNJHUNU,
Rajasthan,Jhunjhunu,IMD110-P1592,2003,18.0,15.6,2.8,0.0,12.9,33.7,267.9,135.3,33.9,0.0,0.0,4.9,525.0,33.7,15.8,470.7,4.9,1594,,JHUNJHUNU,
Rajasthan,Jhunjhunu,IMD110-P1592,2004,2.9,0.0,0.0,7.9,27.0,18.3,53.0,192.6,6.4,37.8,0.0,0.3,346.1,2.9,34.9,270.3,38.0,1594,,JHUNJHUNU,
Rajasthan,Jhunjhunu,IMD110-P1592,2005,2.0,40.4,23.9,8.0,24.0,106.1,0.0,0.0,128.9,0.0,0.0,0.0,333.4,42.4,55.9,235.0,0.0,1594,,JHUNJHUNU,
Rajasthan,Jhunjhunu,IMD110-P1592,2006,0.0,0.0,30.6,2.3,66.3,56.1,181.1,34.9,32.4,16.9,0.6,4.3,425.4,0.0,99.1,304.6,21.7,1594,,JHUNJHUNU,
Rajasthan,Jhunjhunu,IMD110-P1592,2007,1.7,58.4,35.7,10.0,26.5,60.0,93.7,79.6,115.7,0.1,0.1,2.6,484.1,60.1,72.2,349.0,2.7,1594,,JHUNJHUNU,
Rajasthan,Jhunjhunu,IMD110-P1592,2008,0.0,0.1,0.4,25.6,77.2,146.9,78.7,182.4,120.9,0.6,2.6,0.0,635.5,0.1,103.2,529.0,3.2,1594,,JHUNJHUNU,
Rajasthan,Jhunjhunu,IMD110-P1592,2009,2.8,3.3,13.8,0.0,14.8,59.0,81.1,72.8,46.9,1.3,0.5,0.0,296.2,6.2,28.5,259.7,1.8,1594,,JHUNJHUNU,
Rajasthan,Jhunjhunu,IMD110-P1592,2010,5.2,6.6,3.6,0.0,1.0,45.7,140.2,274.2,201.7,2.2,22.5,20.7,723.6,11.9,4.6,661.7,45.3,1594,,JHUNJHUNU,
Rajasthan,Jodhpur,IMD110-P1595,1901,8.1,0.0,2.7,0.0,0.0,3.6,108.8,102.2,0.1,0.5,0.0,1.2,227.2,8.1,2.7,214.7,1.7,1595,,JODHPUR,
Rajasthan,Jodhpur,IMD110-P1595,1902,0.0,0.0,0.0,0.0,0.3,91.0,16.2,93.6,26.9,0.0,0.0,0.0,227.9,0.0,0.3,227.7,0.0,1595,,JODHPUR,
Rajasthan,Jodhpur,IMD110-P1595,1903,1.7,0.1,8.3,0.0,9.1,2.5,203.7,99.7,63.2,0.0,0.0,0.0,388.3,1.8,17.5,369.1,0.0,1595,,JODHPUR,
Rajasthan,Jodhpur,IMD110-P1595,1904,1.2,3.8,10.8,1.3,9.4,13.4,43.2,53.3,13.1,1.9,0.1,0.4,151.7,5.0,21.4,123.0,2.4,1595,,JODHPUR,
Rajasthan,Jodhpur,IMD110-P1595,1905,2.7,7.5,0.0,2.1,2.4,15.4,12.7,0.2,56.5,0.0,0.0,0.2,99.6,10.1,4.5,84.8,0.2,1595,,JODHPUR,
Rajasthan,Jodhpur,IMD110-P1595,1906,0.0,40.7,4.8,0.0,0.4,10.1,77.0,51.8,70.5,3.2,0.0,0.7,259.1,40.7,5.1,209.4,3.9,1595,,JODHPUR,
Rajasthan,Jodhpur,IMD110-P1595,1907,0.4,38.3,5.9,4.6,4.3,4.5,46.7,287.0,0.0,0.0,0.0,0.0,391.8,38.8,14.8,338.2,0.0,1595,,JODHPUR,
Rajasthan,Jodhpur,IMD110-P1595,1908,7.8,0.6,0.0,0.0,7.4,46.9,248.9,341.1,185.9,0.0,2.8,0.0,841.5,8.4,7.4,822.9,2.8,1595,,JODHPUR,
Rajasthan,Jodhpur,IMD110-P1595,1909,6.2,7.9,0.0,31.0,1.9,43.0,186.7,65.8,125.0,0.0,0.0,18.8,486.3,14.1,33.0,420.5,18.8,1595,,JODHPUR,
Rajasthan,Jodhpur,IMD110-P1595,1910,0.6,0.2,0.0,4.1,1.1,100.7,58.6,179.7,7.4,0.0,0.0,0.0,352.4,0.8,5.2,346.4,0.0,1595,,JODHPUR,
Rajasthan,Jodhpur,IMD110-P1595,1911,0.8,0.7,41.8,0.0,0.0,27.2,2.2,16.3,67.7,4.0,0.2,0.0,161.0,1.5,41.8,113.4,4.2,1595,,JODHPUR,
Rajasthan,Jodhpur,IMD110-P1595,1912,8.0,0.0,0.0,8.4,0.8,23.8,169.3,127.9,19.7,3.8,7.7,0.0,369.4,8.0,9.2,340.8,11.5,1595,,JODHPUR,
Rajasthan,Jodhpur,IMD110-P1595,1913,0.0,3.2,1.6,0.0,25.4,61.2,29.9,74.3,31.0,0.6,0.0,7.4,234.6,3.2,27.0,196.4,8.0,1595,,JODHPUR,
Rajasthan,Jodhpur,IMD110-P1595,1914,0.3,3.1,0.0,5.7,2.8,63.7,97.7,75.0,46.0,5.1,5.0,0.0,304.4,3.4,8.5,282.4,10.0,1595,,JODHPUR,
Rajasthan,Jodhpur,IMD110-P1595,1915,9.5,4.6,28.2,0.1,0.0,8.8,60.8,29.2,14.3,48.9,0.0,0.0,204.4,14.1,28.3,113.1,48.9,1595,,JODHPUR,
Rajasthan,Jodhpur,IMD110-P1595,1916,0.0,0.2,0.0,3.0,31.2,18.6,77.7,224.9,222.6,8.6,0.0,0.0,586.8,0.2,34.3,543.8,8.6,1595,,JODHPUR,
Rajasthan,Jodhpur,IMD110-P1595,1917,0.3,4.8,0.9,16.8,72.1,147.6,110.4,245.2,184.4,88.2,0.0,0.6,871.5,5.1,89.8,687.7,88.8,1595,,JODHPUR,
Rajasthan,Jodhpur,IMD110-P1595,1918,0.0,0.0,0.0,0.0,1.3,5.6,4.6,36.2,0.6,0.0,1.5,0.0,49.8,0.0,1.3,47.1,1.5,1595,,JODHPUR,
Rajasthan,Jodhpur,IMD110-P1595,1919,8.0,0.0,0.8,9.8,7.5,3.3,139.0,167.8,14.8,0.0,9.3,0.1,360.3,8.0,18.1,324.9,9.3,1595,,JODHPUR,
Rajasthan,Jodhpur,IMD110-P1595,1920,5.5,4.3,3.0,0.0,64.2,66.4,84.2,18.4,1.4,0.0,0.0,0.0,247.5,9.8,67.2,170.5,0.0,1595,,JODHPUR,
Rajasthan,Jodhpur,IMD110-P1595,1921,0.0,0.0,0.0,0.0,0.0,1.2,71.5,47.2,28.5,1.0,1.0,0.0,150.5,0.0,0.0,148.4,2.0,1595,,JODHPUR,
Rajasthan,Jodhpur,IMD110-P1595,1922,0.0,0.6,0.0,1.1,6.4,11.1,100.4,49.6,78.3,0.8,0.0,0.0,248.4,0.6,7.5,239.4,0.8,1595,,JODHPUR,
Rajasthan,Jodhpur,IMD110-P1595,1923,2.1,7.9,1.3,0.0,8.9,5.3,209.9,103.6,5.8,0.2,0.0,0.0,345.1,10.1,10.3,324.6,0.2,1595,,JODHPUR,
Rajasthan,Jodhpur,IMD110-P1595,1924,0.0,0.6,0.0,0.0,22.1,18.0,121.0,64.5,222.3,0.0,0.0,13.1,461.7,0.6,22.1,425.9,13.1,1595,,JODHPUR,
Rajasthan,Jodhpur,IMD110-P1595,1925,0.0,0.0,0.0,0.0,4.8,76.0,61.7,10.5,4.9,0.3,0.6,0.0,158.8,0.0,4.8,153.1,0.9,1595,,JODHPUR,
Rajasthan,Jodhpur,IMD110-P1595,1926,10.5,0.0,38.2,1.0,25.4,4.3,62.6,178.7,116.8,0.0,0.0,0.0,437.5,10.5,64.6,362.4,0.0,1595,,JODHPUR,
Rajasthan,Jodhpur,IMD110-P1595,1927,0.0,8.9,0.0,0.6,7.9,17.9,134.6,189.8,31.2,1.5,0.0,17.6,410.1,8.9,8.5,373.6,19.1,1595,,JODHPUR,
Rajasthan,Jodhpur,IMD110-P1595,1928,0.1,0.4,0.0,0.0,1.1,12.6,114.1,180.6,39.2,14.6,4.8,0.0,367.5,0.6,1.1,346.5,19.4,1595,,JODHPUR,
Rajasthan,Jodhpur,IMD110-P1595,1929,2.3,0.0,0.0,2.1,0.0,19.8,130.8,137.1,4.7,0.9,0.0,3.1,300.9,2.3,2.1,292.4,4.0,1595,,JODHPUR,
Rajasthan,Jodhpur,IMD110-P1595,1930,1.9,0.1,0.0,1.0,20.1,48.2,52.9,75.6,7.8,7.3,0.0,0.0,215.0,2.0,21.1,184.6,7.3,1595,,JODHPUR,
Rajasthan,Jodhpur,IMD110-P1595,1931,0.0,1.7,0.3,0.0,23.8,11.7,47.3,307.5,3.1,19.9,0.0,0.0,415.3,1.7,24.1,369.6,19.9,1595,,JODHPUR,
Rajasthan,Jodhpur,IMD110-P1595,1932,0.0,0.0,7.8,0.2,4.8,16.8,78.2,207.8,9.0,0.0,0.0,0.0,324.6,0.0,12.8,311.8,0.0,1595,,JODHPUR,
Rajasthan,Jodhpur,IMD110-P1595,1933,0.0,9.3,1.8,21.6,14.7,62.7,37.2,265.0,21.2,0.7,0.0,0.0,434.2,9.3,38.1,386.2,0.7,1595,,JODHPUR,
Rajasthan,Jodhpur,IMD110-P1595,1934,0.0,0.0,2.8,0.0,0.0,79.9,43.1,264.0,9.9,0.0,0.0,0.3,400.1,0.0,2.8,396.9,0.3,1595,,JODHPUR,
Rajasthan,Jodhpur,IMD110-P1595,1935,6.8,1.6,0.2,5.2,2.2,0.4,118.1,21.9,43.7,4.4,0.0,0.4,205.0,8.4,7.6,184.1,4.8,1595,,JODHPUR,
Rajasthan,Jodhpur,IMD110-P1595,1936,0.0,9.6,1.9,0.0,0.0,51.0,34.5,51.2,23.1,0.0,18.8,0.0,190.0,9.6,1.9,159.7,18.8,1595,,JODHPUR,
Rajasthan,Jodhpur,IMD110-P1595,1937,0.0,14.1,0.0,0.0,0.4,5.5,163.6,0.0,80.8,0.3,0.0,12.7,277.4,14.1,0.4,249.9,13.0,1595,,JODHPUR,
Rajasthan,Jodhpur,IMD110-P1595,1938,1.0,0.0,0.0,0.0,5.4,53.5,52.2,23.2,1.1,0.0,0.0,0.0,136.5,1.0,5.4,130.0,0.0,1595,,JODHPUR,
Rajasthan,Jodhpur,IMD110-P1595,1939,0.1,26.5,2.4,0.2,0.5,16.8,11.1,71.7,22.2,0.0,0.0,0.0,151.4,26.5,3.1,121.7,0.0,1595,,JODHPUR,
Rajasthan,Jodhpur,IMD110-P1595,1940,23.5,11.3,4.9,1.5,1.9,22.4,92.4,185.9,0.0,0.8,1.2,0.0,345.9,34.8,8.4,300.7,2.0,1595,,JODHPUR,
Rajasthan,Jodhpur,IMD110-P1595,1941,0.1,0.0,2.1,0.0,6.9,10.6,77.5,89.4,20.4,2.0,0.0,3.3,212.3,0.1,9.0,197.8,5.3,1596,,JODHPUR,
Rajasthan,Jodhpur,IMD110-P1595,1942,1.2,13.7,0.0,4.3,23.2,16.3,111.4,81.5,26.8,0.4,0.0,3.5,282.3,14.9,27.5,235.9,3.9,1596,,JODHPUR,
Rajasthan,Jodhpur,IMD110-P1595,1943,0.2,0.0,0.0,4.3,4.6,29.3,293.8,45.1,91.2,0.0,0.0,0.0,468.5,0.2,8.9,459.4,0.0,1596,,JODHPUR,
Rajasthan,Jodhpur,IMD110-P1595,1944,18.1,3.5,2.2,1.2,0.1,20.0,132.7,476.7,7.0,2.2,0.0,0.1,663.8,21.7,3.5,636.4,2.3,1596,,JODHPUR,
Rajasthan,Jodhpur,IMD110-P1595,1945,33.6,0.1,0.0,4.9,22.1,47.5,237.5,104.1,15.8,0.0,0.0,0.1,465.6,33.7,27.0,404.9,0.1,1596,,JODHPUR,
Rajasthan,Jodhpur,IMD110-P1595,1946,0.0,0.0,0.0,0.0,0.0,43.3,61.8,155.8,8.6,0.0,0.0,0.0,269.5,0.0,0.0,269.5,0.0,1596,,JODHPUR,
Rajasthan,Jodhpur,IMD110-P1595,1947,0.0,1.6,0.0,0.1,0.6,1.3,24.6,116.3,101.9,4.5,0.0,0.0,250.9,1.6,0.7,244.0,4.5,1596,,JODHPUR,
Rajasthan,Jodhpur,IMD110-P1595,1948,42.7,19.0,2.7,0.1,0.0,8.5,164.8,86.6,15.4,0.0,0.0,0.0,339.8,61.7,2.7,275.4,0.0,1596,,JODHPUR,
Rajasthan,Jodhpur,IMD110-P1595,1949,1.8,1.8,0.0,0.0,1.1,32.3,98.1,33.3,5.1,1.2,0.0,0.0,174.6,3.6,1.1,168.8,1.2,1596,,JODHPUR,
Rajasthan,Jodhpur,IMD110-P1595,1950,0.3,0.0,0.0,0.0,1.9,12.1,122.1,25.9,45.9,0.0,0.0,0.0,208.2,0.3,1.9,206.0,0.0,1596,,JODHPUR,
Rajasthan,Jodhpur,IMD110-P1595,1951,0.0,0.0,8.9,2.0,33.5,28.1,30.2,156.6,0.0,0.0,15.6,0.0,275.0,0.0,44.4,214.9,15.6,1596,,JODHPUR,
Rajasthan,Jodhpur,IMD110-P1595,1952,0.0,0.8,0.4,0.2,0.5,25.2,191.3,103.6,0.0,0.0,0.0,0.0,322.0,0.8,1.1,320.2,0.0,1596,,JODHPUR,
Rajasthan,Jodhpur,IMD110-P1595,1953,2.4,0.0,0.0,0.5,21.9,21.8,88.4,189.9,36.9,0.0,0.0,0.0,361.9,2.4,22.4,337.1,0.0,1596,,JODHPUR,
Rajasthan,Jodhpur,IMD110-P1595,1954,2.3,3.7,0.8,0.0,1.2,12.4,118.3,67.0,96.6,5.0,2.6,0.0,309.9,6.1,1.9,294.4,7.6,1596,,JODHPUR,
Rajasthan,Jodhpur,IMD110-P1595,1955,0.5,5.0,4.9,0.0,12.7,23.1,1.8,219.7,109.4,1.3,0.0,0.3,378.8,5.5,17.7,354.0,1.6,1596,,JODHPUR,
Rajasthan,Jodhpur,IMD110-P1595,1956,2.6,1.5,8.6,3.3,0.0,21.5,258.2,82.7,10.2,56.1,0.0,0.0,444.8,4.2,11.9,372.6,56.1,1596,,JODHPUR,
Rajasthan,Jodhpur,IMD110-P1595,1957,25.7,0.0,8.4,0.4,10.8,31.1,60.4,162.8,5.6,0.7,7.2,0.0,313.0,25.7,19.5,259.9,7.8,1596,,JODHPUR,
Rajasthan,Jodhpur,IMD110-P1595,1958,0.7,0.0,0.0,0.0,2.2,11.1,71.6,20.0,128.5,0.4,17.9,3.7,256.0,0.7,2.2,231.2,22.0,1596,,JODHPUR,
Rajasthan,Jodhpur,IMD110-P1595,1959,0.2,1.3,0.1,3.5,8.3,30.7,127.8,65.6,93.1,4.2,5.0,0.0,339.8,1.5,11.9,317.2,9.1,1596,,JODHPUR,
Rajasthan,Jodhpur,IMD110-P1595,1960,0.0,0.0,0.0,0.0,0.7,30.7,101.7,60.8,6.3,0.0,0.0,5.7,206.0,0.0,0.7,199.5,5.7,1596,,JODHPUR,
Rajasthan,Jodhpur,IMD110-P1595,1961,1.5,19.3,0.0,3.2,7.6,67.3,85.4,44.3,120.2,0.0,0.0,4.5,353.3,20.9,10.8,317.2,4.5,1596,,JODHPUR,
Rajasthan,Jodhpur,IMD110-P1595,1962,0.0,0.0,12.0,7.8,3.4,3.4,152.1,57.5,60.5,0.0,0.9,0.0,297.5,0.0,23.2,273.4,0.9,1596,,JODHPUR,
Rajasthan,Jodhpur,IMD110-P1595,1963,0.0,0.5,7.8,0.0,2.2,15.7,21.2,94.1,34.9,0.8,1.2,0.0,178.5,0.5,10.0,165.9,2.0,1596,,JODHPUR,
Rajasthan,Jodhpur,IMD110-P1595,1964,0.5,0.0,0.0,0.0,15.7,27.3,160.8,138.9,14.5,0.5,0.0,0.6,358.9,0.5,15.8,341.5,1.2,1596,,JODHPUR,
Rajasthan,Jodhpur,IMD110-P1595,1965,7.1,0.8,4.0,1.3,4.5,2.5,196.7,56.5,3.6,3.6,0.0,0.0,280.5,7.9,9.8,259.3,3.6,1596,,JODHPUR,
Rajasthan,Jodhpur,IMD110-P1595,1966,0.0,4.1,0.0,0.0,0.3,30.2,58.9,163.8,44.2,0.0,0.0,0.0,301.6,4.1,0.3,297.2,0.0,1596,,JODHPUR,
Rajasthan,Jodhpur,IMD110-P1595,1967,0.0,0.0,56.8,1.3,9.6,49.1,83.8,113.3,101.6,5.4,0.9,13.8,435.6,0.0,67.7,347.9,20.0,1596,,JODHPUR,
Rajasthan,Jodhpur,IMD110-P1595,1968,2.7,1.9,0.0,0.0,8.7,0.0,118.8,17.8,0.6,1.9,0.0,0.0,152.3,4.6,8.7,137.1,1.9,1596,,JODHPUR,
Rajasthan,Jodhpur,IMD110-P1595,1969,3.5,0.0,0.2,0.0,0.6,3.7,27.5,86.4,11.3,0.0,0.0,0.0,133.1,3.5,0.8,128.8,0.0,1596,,JODHPUR,
Rajasthan,Jodhpur,IMD110-P1595,1970,1.7,8.2,0.1,0.0,7.5,48.4,108.8,228.4,48.3,0.0,0.0,0.0,451.5,10.0,7.6,434.0,0.0,1596,,JODHPUR,
Rajasthan,Jodhpur,IMD110-P1595,1971,0.6,1.1,0.1,0.5,17.9,68.2,70.1,63.8,19.1,1.5,0.0,0.0,242.9,1.6,18.5,221.2,1.5,1596,,JODHPUR,
Rajasthan,Jodhpur,IMD110-P1595,1972,0.0,0.9,0.0,1.2,5.5,13.0,19.0,148.2,0.8,0.0,0.0,0.0,188.6,0.9,6.7,181.0,0.0,1596,,JODHPUR,
Rajasthan,Jodhpur,IMD110-P1595,1973,0.1,0.4,0.0,0.0,14.3,29.3,78.2,314.9,52.7,0.0,0.0,0.0,489.9,0.5,14.3,475.1,0.0,1596,,JODHPUR,
Rajasthan,Jodhpur,IMD110-P1595,1974,0.0,0.0,0.0,0.2,15.4,26.4,77.9,18.0,6.9,14.1,0.0,0.1,158.9,0.0,15.5,129.1,14.3,1596,,JODHPUR,
Rajasthan,Jodhpur,IMD110-P1595,1975,0.0,0.1,0.2,0.0,1.4,106.2,238.6,135.0,178.9,47.3,0.0,0.0,707.7,0.1,1.6,658.7,47.3,1596,,JODHPUR,
Rajasthan,Jodhpur,IMD110-P1595,1976,0.4,5.5,0.0,1.0,1.1,8.6,81.5,219.4,144.0,0.5,19.6,0.0,481.6,6.0,2.1,453.5,20.1,1596,,JODHPUR,
Rajasthan,Jodhpur,IMD110-P1595,1977,3.6,0.4,0.0,2.3,7.5,101.5,144.4,50.4,24.8,0.0,0.6,0.0,335.5,4.0,9.8,321.1,0.6,1596,,JODHPUR,
Rajasthan,Jodhpur,IMD110-P1595,1978,0.0,9.5,1.9,10.3,0.0,31.0,177.9,86.3,15.8,1.7,8.0,0.0,342.4,9.5,12.2,311.0,9.7,1596,,JODHPUR,
Rajasthan,Jodhpur,IMD110-P1595,1979,0.4,26.8,0.1,0.0,35.1,26.0,253.3,116.4,8.2,5.7,5.6,1.5,479.0,27.2,35.1,403.9,12.8,1596,,JODHPUR,
Rajasthan,Jodhpur,IMD110-P1595,1980,0.2,0.3,1.3,0.2,9.5,52.1,147.0,7.0,16.0,0.0,0.1,17.0,250.6,0.5,11.0,222.0,17.1,1596,,JODHPUR,
Rajasthan,Jodhpur,IMD110-P1595,1981,5.8,0.3,3.9,0.1,3.0,19.4,53.2,32.8,40.2,0.2,34.8,0.0,193.8,6.1,7.0,145.6,35.0,1596,,JODHPUR,
Rajasthan,Jodhpur,IMD110-P1595,1982,14.0,3.4,8.2,39.3,44.0,12.9,119.8,79.4,4.8,17.5,0.0,0.7,343.8,17.4,91.4,216.9,18.1,1597,,JODHPUR,
Rajasthan,Jodhpur,IMD110-P1595,1983,0.4,0.3,0.0,40.0,32.0,37.6,232.4,85.7,37.1,7.5,0.0,0.0,473.0,0.8,72.0,392.7,7.5,1597,,JODHPUR,
Rajasthan,Jodhpur,IMD110-P1595,1984,0.6,1.0,0.0,0.3,0.0,5.1,46.6,80.9,88.1,0.0,0.0,0.0,222.7,1.6,0.3,220.8,0.0,1597,,JODHPUR,
Rajasthan,Jodhpur,IMD110-P1595,1985,0.0,0.0,0.0,15.7,33.0,0.0,129.9,39.9,4.4,5.0,0.0,2.9,230.7,0.0,48.7,174.1,7.9,1597,,JODHPUR,
Rajasthan,Jodhpur,IMD110-P1595,1986,0.0,4.2,1.4,0.0,33.6,4.9,102.7,44.0,0.0,1.0,0.0,0.0,191.8,4.2,35.0,151.6,1.0,1597,,JODHPUR,
Rajasthan,Jodhpur,IMD110-P1595,1987,8.6,0.4,2.7,0.0,31.9,35.4,33.0,26.9,6.1,0.0,0.0,4.2,149.2,9.0,34.6,101.4,4.2,1597,,JODHPUR,
Rajasthan,Jodhpur,IMD110-P1595,1988,1.4,0.0,0.0,1.8,0.0,28.5,139.6,77.8,40.3,0.2,0.0,0.0,289.6,1.4,1.8,286.2,0.2,1597,,JODHPUR,
Rajasthan,Jodhpur,IMD110-P1595,1989,3.0,0.0,2.0,0.6,0.0,19.0,74.4,129.2,19.7,0.0,0.0,0.0,248.0,3.0,2.6,242.4,0.0,1597,,JODHPUR,
Rajasthan,Jodhpur,IMD110-P1595,1990,0.0,27.1,0.0,0.3,11.4,16.0,188.9,170.9,59.2,1.4,0.0,0.7,476.0,27.1,11.8,435.0,2.1,1597,,JODHPUR,
Rajasthan,Jodhpur,IMD110-P1595,1991,0.0,0.8,0.0,39.5,0.9,16.4,57.4,70.7,17.3,0.0,0.0,1.8,204.7,0.8,40.4,161.8,1.8,1597,,JODHPUR,
Rajasthan,Jodhpur,IMD110-P1595,1992,16.8,7.7,2.3,0.7,4.8,4.7,86.7,115.9,192.5,0.1,0.0,0.0,432.1,24.5,7.8,399.8,0.1,1597,,JODHPUR,
Rajasthan,Jodhpur,IMD110-P1595,1993,3.1,1.3,0.0,5.5,2.5,43.2,113.6,4.8,45.8,3.3,0.7,0.0,223.8,4.4,7.9,207.4,4.0,1597,,JODHPUR,
Rajasthan,Jodhpur,IMD110-P1595,1994,16.2,0.0,0.3,31.9,3.3,15.4,174.2,134.2,54.3,0.0,0.0,0.0,429.9,16.2,35.5,378.1,0.0,1597,,JODHPUR,
Rajasthan,Jodhpur,IMD110-P1595,1995,2.0,0.8,0.1,0.4,0.9,16.3,240.6,99.3,21.0,24.5,0.0,0.0,405.8,2.8,1.4,377.1,24.5,1597,,JODHPUR,
Rajasthan,Jodhpur,IMD110-P1595,1996,2.4,0.2,0.0,2.4,22.1,124.1,65.4,107.4,8.4,0.3,0.0,0.0,332.5,2.6,24.5,305.2,0.3,1597,,JODHPUR,
Rajasthan,Jodhpur,IMD110-P1595,1997,0.8,0.2,1.6,1.7,10.3,40.1,60.4,166.3,37.9,20.5,10.5,0.0,350.3,1.0,13.6,304.7,31.0,1597,,JODHPUR,
Rajasthan,Jodhpur,IMD110-P1595,1998,0.1,3.4,11.1,9.0,0.0,78.6,19.0,32.7,56.0,47.6,0.0,0.0,257.4,3.5,20.1,186.3,47.6,1597,,JODHPUR,
Rajasthan,Jodhpur,IMD110-P1595,1999,6.3,7.0,0.0,0.0,5.1,31.8,50.5,72.6,0.3,7.8,0.0,0.0,181.4,13.3,5.1,155.1,7.8,1597,,JODHPUR,
Rajasthan,Jodhpur,IMD110-P1595,2000,0.0,0.5,0.0,0.8,2.5,4.0,152.5,20.0,0.7,0.9,0.4,0.0,182.3,0.5,3.3,177.2,1.3,1597,,JODHPUR,
Rajasthan,Jodhpur,IMD110-P1595,2001,0.0,0.0,0.0,5.4,13.7,49.2,156.6,110.7,4.8,14.8,0.0,0.0,355.1,0.0,19.1,321.3,14.8,1597,,JODHPUR,
Rajasthan,Jodhpur,IMD110-P1595,2002,0.0,2.0,0.0,3.9,2.6,28.2,0.3,18.5,21.8,0.0,1.3,6.5,84.9,2.0,6.5,68.7,7.7,1597,,JODHPUR,
Rajasthan,Jodhpur,IMD110-P1595,2003,1.1,11.1,0.3,0.2,2.9,51.2,194.4,69.3,10.6,0.0,0.0,0.0,341.0,12.2,3.4,325.5,0.0,1597,,JODHPUR,
Rajasthan,Jodhpur,IMD110-P1595,2004,0.0,0.0,0.0,2.9,0.3,25.8,52.7,132.9,4.2,5.7,0.0,0.2,224.7,0.0,3.2,215.6,5.9,1597,,JODHPUR,
Rajasthan,Jodhpur,IMD110-P1595,2005,0.0,1.0,0.0,11.8,6.2,19.0,106.2,36.5,66.7,0.0,0.0,0.0,247.4,1.0,18.0,228.4,0.0,1597,,JODHPUR,
Rajasthan,Jodhpur,IMD110-P1595,2006,0.0,0.0,1.3,0.5,0.4,38.0,44.1,105.9,43.1,0.0,0.0,0.1,233.4,0.0,2.2,231.1,0.1,1597,,JODHPUR,
Rajasthan,Jodhpur,IMD110-P1595,2007,0.0,16.3,13.4,3.3,0.9,24.5,131.9,63.9,20.6,0.0,0.0,0.0,274.8,16.3,17.6,240.9,0.0,1597,,JODHPUR,
Rajasthan,Jodhpur,IMD110-P1595,2008,0.0,0.0,0.1,5.8,26.9,59.1,64.9,132.5,18.8,0.0,0.0,2.5,310.7,0.0,32.8,275.4,2.5,1597,,JODHPUR,
Rajasthan,Jodhpur,IMD110-P1595,2009,0.1,0.8,0.6,0.0,6.4,16.1,98.1,23.6,5.3,0.2,0.0,0.0,151.3,0.9,7.0,143.2,0.2,1597,,JODHPUR,
Rajasthan,Jodhpur,IMD110-P1595,2010,1.1,0.4,0.0,1.1,0.8,34.4,141.8,163.5,100.9,0.0,16.5,6.6,467.1,1.5,1.8,440.6,23.1,1597,,JODHPUR,
Rajasthan,Karauli,IMD110-P1598,1901,28.7,16.4,3.2,1.4,1.0,13.4,263.0,211.7,11.1,33.0,0.0,2.1,584.9,45.1,5.5,499.2,35.1,1598,,KARAULI,
Rajasthan,Karauli,IMD110-P1598,1902,4.4,0.3,0.0,0.0,4.0,28.9,459.3,92.8,150.0,21.4,0.0,0.7,761.8,4.7,4.0,731.1,22.1,1598,,KARAULI,
Rajasthan,Karauli,IMD110-P1598,1903,1.3,0.0,1.0,0.0,12.3,29.4,117.2,387.1,143.2,74.1,0.0,0.0,765.4,1.3,13.3,676.8,74.1,1598,,KARAULI,
Rajasthan,Karauli,IMD110-P1598,1904,3.1,9.2,11.8,0.0,7.2,15.3,394.2,366.4,55.2,0.0,15.3,16.7,894.5,12.3,19.0,831.1,32.1,1598,,KARAULI,
Rajasthan,Karauli,IMD110-P1598,1905,4.3,12.4,0.0,1.5,0.5,12.3,86.1,37.4,43.3,0.0,0.0,0.0,197.9,16.7,2.0,179.1,0.0,1598,,KARAULI,
Rajasthan,Karauli,IMD110-P1598,1906,0.0,15.5,4.4,0.0,2.7,74.2,134.5,25.6,223.0,0.5,0.0,0.9,481.4,15.5,7.1,457.4,1.4,1598,,KARAULI,
Rajasthan,Karauli,IMD110-P1598,1907,13.2,52.5,17.4,12.8,14.1,28.1,122.6,235.9,0.0,0.0,0.0,0.0,496.8,65.7,44.4,386.7,0.0,1598,,KARAULI,
Rajasthan,Karauli,IMD110-P1598,1908,20.0,0.0,0.0,2.2,4.2,55.0,443.4,336.0,26.5,0.0,0.0,1.4,888.8,20.0,6.4,861.0,1.4,1598,,KARAULI,
Rajasthan,Karauli,IMD110-P1598,1909,16.9,2.1,0.0,77.1,11.3,139.9,254.7,195.0,26.9,0.0,0.0,22.0,746.0,19.0,88.4,616.6,22.0,1598,,KARAULI,
Rajasthan,Karauli,IMD110-P1598,1910,16.2,1.2,0.0,3.9,6.4,129.7,95.8,293.0,225.5,55.8,0.0,0.0,827.6,17.4,10.3,744.1,55.8,1598,,KARAULI,
Rajasthan,Karauli,IMD110-P1598,1911,20.4,3.3,12.6,8.1,0.1,57.1,37.3,93.9,287.9,6.6,59.0,0.6,587.1,23.7,20.9,476.3,66.3,1598,,KARAULI,
Rajasthan,Karauli,IMD110-P1598,1912,6.4,0.8,0.8,2.9,11.4,18.0,412.2,337.3,96.8,0.0,0.0,4.4,891.0,7.3,15.1,864.3,4.4,1598,,KARAULI,
Rajasthan,Karauli,IMD110-P1598,1913,0.0,29.7,0.6,0.0,26.0,82.6,100.2,51.0,11.3,0.0,0.0,19.2,320.5,29.7,26.6,245.0,19.2,1598,,KARAULI,
Rajasthan,Karauli,IMD110-P1598,1914,0.0,3.4,3.1,0.0,6.5,39.2,361.1,131.8,73.2,2.6,2.1,0.0,623.1,3.4,9.7,605.3,4.8,1598,,KARAULI,
Rajasthan,Karauli,IMD110-P1598,1915,14.4,30.8,100.9,2.7,6.9,22.3,56.8,104.8,33.0,11.4,0.0,0.0,384.0,45.2,110.5,216.9,11.4,1598,,KARAULI,
Rajasthan,Karauli,IMD110-P1598,1916,0.0,2.6,0.0,0.0,2.1,59.9,151.6,406.3,112.4,24.4,0.0,0.0,759.4,2.6,2.1,730.3,24.4,1598,,KARAULI,
Rajasthan,Karauli,IMD110-P1598,1917,0.4,4.3,0.4,9.4,88.0,76.2,340.2,523.1,235.2,53.7,0.0,0.0,1331.0,4.7,97.8,1174.8,53.7,1598,,KARAULI,
Rajasthan,Karauli,IMD110-P1598,1918,11.9,0.0,0.7,0.0,0.0,19.0,39.0,182.3,8.3,0.0,2.0,0.0,263.3,11.9,0.7,248.6,2.0,1598,,KARAULI,
Rajasthan,Karauli,IMD110-P1598,1919,20.4,0.0,0.0,13.0,13.7,18.4,460.9,559.9,34.5,0.0,14.4,1.5,1136.8,20.4,26.7,1073.7,15.9,1598,,KARAULI,
Rajasthan,Karauli,IMD110-P1598,1920,6.4,0.5,3.6,0.0,15.1,188.7,176.9,107.1,7.1,0.0,0.0,0.0,505.5,6.9,18.7,479.9,0.0,1598,,KARAULI,
Rajasthan,Karauli,IMD110-P1598,1921,60.9,0.0,0.0,0.0,0.0,17.2,178.3,288.7,241.5,0.0,0.0,0.0,786.5,60.9,0.0,725.6,0.0,1598,,KARAULI,
Rajasthan,Karauli,IMD110-P1598,1922,2.5,0.7,0.0,0.0,1.5,99.0,286.8,276.3,116.9,0.0,0.0,10.3,794.1,3.2,1.5,779.0,10.3,1598,,KARAULI,
Rajasthan,Karauli,IMD110-P1598,1923,0.0,13.0,0.0,0.0,0.0,16.2,268.5,317.1,48.7,0.0,0.6,24.9,689.0,13.0,0.0,650.5,25.5,1598,,KARAULI,
Rajasthan,Karauli,IMD110-P1598,1924,30.7,6.3,0.0,0.0,5.4,8.3,339.0,478.9,288.0,7.3,7.1,38.3,1209.2,36.9,5.4,1114.2,52.7,1598,,KARAULI,
Rajasthan,Karauli,IMD110-P1598,1925,0.0,0.0,0.0,0.0,15.5,199.0,292.3,148.1,5.1,0.0,28.4,0.0,688.4,0.0,15.5,644.5,28.4,1598,,KARAULI,
Rajasthan,Karauli,IMD110-P1598,1926,1.0,0.0,36.3,1.6,26.7,4.8,236.9,342.1,152.2,0.0,0.0,0.0,801.7,1.0,64.6,736.1,0.0,1598,,KARAULI,
Rajasthan,Karauli,IMD110-P1598,1927,0.0,2.7,0.0,2.2,5.7,4.4,282.3,234.7,91.1,8.1,19.7,10.3,661.2,2.7,7.9,612.5,38.1,1598,,KARAULI,
Rajasthan,Karauli,IMD110-P1598,1928,0.8,42.9,0.0,0.0,5.6,20.8,182.6,87.0,9.5,175.1,19.6,1.5,545.4,43.7,5.6,300.0,196.1,1598,,KARAULI,
Rajasthan,Karauli,IMD110-P1598,1929,3.1,6.3,0.0,9.7,3.3,40.4,233.2,125.8,60.5,0.3,0.0,21.9,504.6,9.4,13.0,459.9,22.2,1598,,KARAULI,
Rajasthan,Karauli,IMD110-P1598,1930,30.1,0.0,0.0,0.0,11.6,70.3,209.8,230.6,18.5,84.9,0.0,0.0,655.7,30.1,11.6,529.1,84.9,1598,,KARAULI,
Rajasthan,Karauli,IMD110-P1598,1931,0.0,4.3,0.0,0.0,3.4,5.7,171.9,183.3,76.0,63.0,0.0,0.4,507.9,4.3,3.4,436.8,63.4,1598,,KARAULI,
Rajasthan,Karauli,IMD110-P1598,1932,0.6,2.6,14.9,8.1,3.6,5.9,209.6,280.8,105.3,0.0,0.0,0.0,631.4,3.2,26.5,601.7,0.0,1598,,KARAULI,
Rajasthan,Karauli,IMD110-P1598,1933,0.0,7.8,1.2,20.6,39.3,312.6,151.7,210.1,194.4,22.7,0.0,1.2,961.4,7.8,61.1,868.7,23.9,1598,,KARAULI,
Rajasthan,Karauli,IMD110-P1598,1934,12.1,0.0,29.9,0.0,0.0,112.2,115.9,400.5,106.7,0.0,0.0,29.5,806.7,12.1,29.9,735.3,29.5,1598,,KARAULI,
Rajasthan,Karauli,IMD110-P1598,1935,15.9,5.4,1.2,9.1,0.9,31.0,412.7,145.0,147.6,15.0,0.0,14.0,797.9,21.3,11.3,736.2,29.0,1598,,KARAULI,
Rajasthan,Karauli,IMD110-P1598,1936,1.4,4.4,15.3,0.0,7.1,227.1,147.6,256.6,173.2,0.0,1.4,8.1,842.1,5.8,22.4,804.4,9.5,1598,,KARAULI,
Rajasthan,Karauli,IMD110-P1598,1937,0.0,8.1,0.0,0.6,17.1,34.2,319.1,63.7,133.8,0.0,0.0,21.4,598.1,8.1,17.7,550.9,21.4,1598,,KARAULI,
Rajasthan,Karauli,IMD110-P1598,1938,2.3,0.0,0.0,0.3,3.2,100.6,239.0,69.7,19.6,2.3,0.0,0.1,436.9,2.3,3.4,428.9,2.4,1598,,KARAULI,
Rajasthan,Karauli,IMD110-P1598,1939,1.8,4.8,4.3,0.0,0.0,56.2,138.6,40.2,118.9,3.7,0.0,0.0,368.3,6.5,4.3,353.8,3.7,1598,,KARAULI,
Rajasthan,Karauli,IMD110-P1598,1940,27.1,25.4,16.2,0.0,5.6,24.2,163.8,216.6,33.6,0.0,3.5,0.6,516.6,52.5,21.7,438.3,4.1,1598,,KARAULI,
Rajasthan,Karauli,IMD110-P1598,1941,18.3,1.1,0.0,0.0,6.1,45.5,47.2,127.7,92.4,2.1,0.0,0.0,340.5,19.4,6.1,312.9,2.1,1599,,KARAULI,
Rajasthan,Karauli,IMD110-P1598,1942,29.8,7.8,0.0,0.9,3.4,30.2,504.9,306.8,142.8,0.0,0.0,0.5,1027.1,37.5,4.4,984.6,0.5,1599,,KARAULI,
Rajasthan,Karauli,IMD110-P1598,1943,19.3,0.0,0.0,6.4,18.7,35.1,299.5,250.8,200.5,0.0,0.0,0.5,830.9,19.3,25.2,785.9,0.5,1599,,KARAULI,
Rajasthan,Karauli,IMD110-P1598,1944,9.0,5.7,23.5,8.3,0.0,63.7,288.7,200.8,34.3,33.1,0.0,0.6,667.8,14.8,31.8,587.5,33.7,1599,,KARAULI,
Rajasthan,Karauli,IMD110-P1598,1945,28.3,0.0,0.0,0.0,12.9,94.5,257.6,246.7,147.9,0.0,0.0,0.0,788.0,28.3,12.9,746.7,0.0,1599,,KARAULI,
Rajasthan,Karauli,IMD110-P1598,1946,0.0,17.5,0.0,4.3,12.0,51.9,219.6,414.7,20.2,35.8,0.0,25.5,801.7,17.5,16.4,706.5,61.4,1599,,KARAULI,
Rajasthan,Karauli,IMD110-P1598,1947,10.3,4.3,0.6,0.0,0.0,11.3,162.3,297.9,252.5,19.1,0.0,5.0,763.3,14.6,0.6,724.0,24.1,1599,,KARAULI,
Rajasthan,Karauli,IMD110-P1598,1948,25.4,6.5,0.0,0.0,2.3,10.2,238.6,400.2,105.3,13.0,3.8,0.0,805.4,31.9,2.3,754.3,16.8,1599,,KARAULI,
Rajasthan,Karauli,IMD110-P1598,1949,0.3,6.0,0.0,0.0,2.0,14.7,333.3,85.7,146.8,6.0,0.0,0.0,594.8,6.3,2.0,580.5,6.0,1599,,KARAULI,
Rajasthan,Karauli,IMD110-P1598,1950,0.1,1.8,5.3,0.0,3.9,16.6,274.0,235.5,140.8,0.0,0.0,0.0,678.1,1.9,9.3,666.9,0.0,1599,,KARAULI,
Rajasthan,Karauli,IMD110-P1598,1951,3.4,0.0,12.4,0.5,6.4,26.5,88.7,262.5,50.4,0.0,43.1,0.0,493.9,3.4,19.4,428.1,43.1,1599,,KARAULI,
Rajasthan,Karauli,IMD110-P1598,1952,0.0,2.9,0.6,3.9,0.0,133.1,82.0,304.7,11.9,0.0,0.0,8.3,547.3,2.9,4.6,531.6,8.3,1599,,KARAULI,
Rajasthan,Karauli,IMD110-P1598,1953,34.2,0.0,0.0,0.8,0.0,38.1,134.9,216.3,32.8,0.0,0.0,0.0,457.0,34.2,0.8,422.1,0.0,1599,,KARAULI,
Rajasthan,Karauli,IMD110-P1598,1954,5.0,12.7,0.0,0.0,0.0,45.7,177.8,61.6,187.7,0.0,0.0,0.0,490.5,17.7,0.0,472.8,0.0,1599,,KARAULI,
Rajasthan,Karauli,IMD110-P1598,1955,14.4,0.0,1.6,0.0,0.0,122.1,53.8,356.0,211.0,53.5,0.0,0.0,812.5,14.4,1.6,743.0,53.5,1599,,KARAULI,
Rajasthan,Karauli,IMD110-P1598,1956,7.0,0.0,18.1,0.0,0.0,15.3,421.6,380.8,27.5,130.9,0.0,4.8,1005.9,7.0,18.1,845.2,135.6,1599,,KARAULI,
Rajasthan,Karauli,IMD110-P1598,1957,53.0,0.0,28.5,0.3,2.7,72.8,270.1,180.6,176.6,18.4,0.0,12.4,815.5,53.0,31.5,700.1,30.8,1599,,KARAULI,
Rajasthan,Karauli,IMD110-P1598,1958,0.0,4.9,1.0,0.0,0.0,22.3,410.1,215.3,173.0,8.7,1.3,4.1,840.5,4.9,1.0,820.6,14.0,1599,,KARAULI,
Rajasthan,Karauli,IMD110-P1598,1959,18.1,0.0,0.0,2.5,51.1,18.5,232.0,217.4,87.9,32.1,9.9,0.0,669.6,18.1,53.6,555.8,42.0,1599,,KARAULI,
Rajasthan,Karauli,IMD110-P1598,1960,1.0,0.0,17.6,0.0,2.5,20.3,64.9,461.6,10.7,9.5,0.0,0.0,588.2,1.0,20.2,557.5,9.5,1599,,KARAULI,
Rajasthan,Karauli,IMD110-P1598,1961,31.0,16.4,0.0,0.1,0.8,21.6,408.7,440.9,198.4,39.5,3.1,0.0,1160.5,47.4,0.9,1069.6,42.6,1599,,KARAULI,
Rajasthan,Karauli,IMD110-P1598,1962,0.9,0.0,1.3,0.0,0.0,2.8,220.1,114.0,116.5,0.0,0.0,13.0,468.6,0.9,1.3,453.4,13.0,1599,,KARAULI,
Rajasthan,Karauli,IMD110-P1598,1963,1.0,0.0,0.9,1.4,3.0,15.9,97.2,318.2,115.1,0.0,7.5,0.0,560.1,1.0,5.3,546.3,7.5,1599,,KARAULI,
Rajasthan,Karauli,IMD110-P1598,1964,0.0,0.0,0.0,0.0,18.4,33.6,264.3,355.3,62.6,0.0,0.0,0.0,734.3,0.0,18.4,715.8,0.0,1599,,KARAULI,
Rajasthan,Karauli,IMD110-P1598,1965,0.6,0.2,1.8,1.3,0.0,0.9,172.1,132.5,148.3,5.3,0.0,0.0,462.8,0.7,3.0,453.8,5.3,1599,,KARAULI,
Rajasthan,Karauli,IMD110-P1598,1966,0.0,1.8,0.0,0.0,23.3,83.5,116.1,227.1,40.9,0.0,3.0,0.0,495.7,1.8,23.3,467.6,3.0,1599,,KARAULI,
Rajasthan,Karauli,IMD110-P1598,1969,9.3,1.3,2.1,1.1,4.5,0.0,266.3,402.9,165.3,0.0,0.0,0.0,852.7,10.6,7.8,834.4,0.0,1599,,KARAULI,
Rajasthan,Karauli,IMD110-P1598,1970,4.0,44.2,10.3,0.0,18.7,26.6,136.3,321.5,179.1,2.0,0.0,0.0,742.7,48.2,29.0,663.5,2.0,1599,,KARAULI,
Rajasthan,Karauli,IMD110-P1598,1971,9.0,3.2,0.0,3.4,23.9,203.9,388.1,185.7,123.4,10.1,0.0,0.0,950.6,12.2,27.3,901.1,10.1,1599,,KARAULI,
Rajasthan,Karauli,IMD110-P1598,1972,0.0,5.0,0.0,0.0,0.0,18.4,89.1,678.3,22.3,6.4,9.0,0.0,828.5,5.0,0.0,808.1,15.4,1599,,KARAULI,
Rajasthan,Karauli,IMD110-P1598,1973,4.6,13.3,0.0,0.0,16.2,26.6,213.2,354.2,95.1,39.9,0.0,0.0,763.1,17.9,16.2,689.1,39.9,1599,,KARAULI,
Rajasthan,Karauli,IMD110-P1598,1974,0.0,0.0,0.0,0.0,0.0,20.8,395.6,120.6,17.2,82.4,0.0,0.2,636.8,0.0,0.0,554.2,82.6,1599,,KARAULI,
Rajasthan,Karauli,IMD110-P1598,1975,0.2,2.0,0.0,0.0,0.0,50.0,444.0,407.8,183.3,31.8,2.8,0.0,1121.9,2.2,0.0,1085.1,34.6,1599,,KARAULI,
Rajasthan,Karauli,IMD110-P1598,1976,3.0,7.2,0.0,4.0,21.9,106.7,174.6,364.4,74.6,0.0,50.2,0.0,806.6,10.2,25.9,720.3,50.2,1599,,KARAULI,
Rajasthan,Karauli,IMD110-P1598,1977,36.4,5.3,0.0,5.8,41.5,134.8,,,121.7,0.0,0.0,2.0,,41.6,47.3,,2.0,1599,missing_months,KARAULI,
Rajasthan,Karauli,IMD110-P1598,1978,0.0,9.1,0.0,1.6,0.0,89.8,195.6,365.8,144.8,0.0,0.0,0.0,806.7,9.1,1.6,796.0,0.0,1599,,KARAULI,
Rajasthan,Karauli,IMD110-P1598,1979,1.6,55.2,8.0,0.0,19.6,23.8,193.1,52.9,13.0,0.0,26.8,2.6,396.6,56.8,27.6,282.8,29.4,1599,,KARAULI,
Rajasthan,Karauli,IMD110-P1598,1980,0.0,2.0,1.0,0.0,1.2,131.5,200.4,218.4,3.3,0.0,2.0,18.6,578.4,2.0,2.2,553.6,20.6,1599,,KARAULI,
Rajasthan,Karauli,IMD110-P1598,1981,3.2,0.0,0.0,0.0,11.6,51.9,570.1,180.6,27.3,1.2,5.9,0.0,851.8,3.2,11.6,829.9,7.1,1599,,KARAULI,
Rajasthan,Karauli,IMD110-P1598,1982,19.0,2.6,1.8,7.4,49.4,37.1,177.2,489.7,12.5,23.4,29.0,4.1,853.2,21.6,58.6,716.5,56.5,1599,,KARAULI,
Rajasthan,Karauli,IMD110-P1598,1983,7.5,0.6,0.0,46.2,45.4,34.2,311.5,215.7,170.3,38.0,0.0,0.0,869.4,8.1,91.6,731.7,38.0,1599,,KARAULI,
Rajasthan,Karauli,IMD110-P1598,1984,0.0,0.0,0.0,0.0,0.0,26.6,114.8,154.6,161.6,0.0,0.0,0.0,457.6,0.0,0.0,457.6,0.0,1600,,KARAULI,
Rajasthan,Karauli,IMD110-P1598,1985,2.0,0.0,0.8,0.0,1.4,7.0,280.2,206.6,36.5,74.8,0.0,18.8,628.1,2.0,2.2,530.3,93.6,1600,,KARAULI,
Rajasthan,Karauli,IMD110-P1598,1986,0.6,38.1,0.4,0.0,9.2,57.4,189.0,97.6,50.2,8.4,0.0,0.0,450.9,38.7,9.6,394.2,8.4,1600,,KARAULI,
Rajasthan,Karauli,IMD110-P1598,1987,8.4,11.0,0.0,0.0,23.4,20.7,67.9,147.0,87.8,3.8,0.0,39.7,409.6,19.4,23.4,323.3,43.5,1600,,KARAULI,
Rajasthan,Karauli,IMD110-P1598,1988,2.5,0.0,13.6,1.4,3.6,90.3,269.5,177.4,35.5,9.6,0.0,0.0,603.4,2.5,18.6,572.7,9.6,1600,,KARAULI,
Rajasthan,Karauli,IMD110-P1598,1989,0.0,2.0,0.0,0.0,0.0,46.4,101.6,152.7,14.5,0.0,0.0,0.0,317.3,2.0,0.0,315.3,0.0,1600,,KARAULI,
Rajasthan,Karauli,IMD110-P1598,1990,0.0,21.0,0.0,0.0,10.5,36.5,112.5,142.0,241.3,4.4,1.0,3.4,572.6,21.0,10.5,532.3,8.8,1600,,KARAULI,
Rajasthan,Karauli,IMD110-P1598,1991,0.0,0.0,0.0,9.0,0.6,21.2,114.3,190.4,34.4,0.0,3.8,23.4,397.1,0.0,9.6,360.3,27.2,1600,,KARAULI,
Rajasthan,Karauli,IMD110-P1598,1992,4.2,7.2,17.4,3.4,5.2,18.6,233.7,378.7,76.8,101.8,10.2,0.0,857.2,11.4,26.0,707.8,112.0,1600,,KARAULI,
Rajasthan,Karauli,IMD110-P1598,1993,0.0,18.1,7.5,0.8,5.0,70.2,178.3,109.8,180.3,1.2,0.8,0.0,572.0,18.1,13.3,538.6,2.0,1600,,KARAULI,
Rajasthan,Karauli,IMD110-P1598,1994,31.9,1.0,0.0,2.6,0.2,64.2,272.6,200.0,48.4,0.0,0.0,0.0,620.9,32.9,2.8,585.2,0.0,1600,,KARAULI,
Rajasthan,Karauli,IMD110-P1598,1995,70.4,0.6,5.2,0.0,0.0,41.0,244.5,643.1,142.3,0.6,0.0,0.0,1147.7,71.0,5.2,1070.9,0.6,1600,,KARAULI,
Rajasthan,Karauli,IMD110-P1598,2001,0.0,0.0,0.0,0.0,0.0,61.0,54.0,146.0,29.0,0.0,0.0,0.0,290.0,0.0,0.0,290.0,0.0,1600,,KARAULI,
Rajasthan,Karauli,IMD110-P1598,2002,0.0,0.0,0.0,0.0,0.0,30.0,0.0,105.0,3.0,0.0,0.0,0.0,138.0,0.0,0.0,138.0,0.0,1600,,KARAULI,
Rajasthan,Karauli,IMD110-P1598,2003,0.0,0.0,0.0,0.0,0.0,20.0,218.0,188.0,0.0,0.0,0.0,0.0,426.0,0.0,0.0,426.0,0.0,1600,,KARAULI,
Rajasthan,Karauli,IMD110-P1598,2004,0.0,0.0,0.0,0.0,0.0,177.0,65.0,366.0,0.0,0.0,0.0,0.0,608.0,0.0,0.0,608.0,0.0,1600,,KARAULI,
Rajasthan,Karauli,IMD110-P1598,2005,0.0,0.0,0.0,0.0,0.0,0.0,361.0,31.0,54.0,0.0,0.0,0.0,446.0,0.0,0.0,446.0,0.0,1600,,KARAULI,
Rajasthan,Karauli,IMD110-P1598,2006,0.0,0.0,0.0,0.0,0.0,35.0,252.0,140.0,39.0,0.0,0.0,0.0,466.0,0.0,0.0,466.0,0.0,1600,,KARAULI,
Rajasthan,Karauli,IMD110-P1598,2007,0.0,0.0,0.0,0.0,0.0,110.0,135.0,199.0,78.0,0.0,0.0,0.0,522.0,0.0,0.0,522.0,0.0,1600,,KARAULI,
Rajasthan,Karauli,IMD110-P1598,2008,0.0,0.0,0.0,5.8,21.4,295.2,237.8,214.7,159.3,0.1,0.0,0.0,934.1,0.0,27.2,906.9,0.1,1600,,KARAULI,
Rajasthan,Karauli,IMD110-P1598,2009,0.0,0.0,0.0,0.0,0.0,1.8,34.0,21.3,14.3,0.0,0.0,0.0,71.5,0.0,0.0,71.5,0.0,1600,,KARAULI,
Rajasthan,Karauli,IMD110-P1598,2010,3.7,4.8,0.0,2.2,0.8,14.6,198.8,274.9,107.6,0.1,56.2,0.1,663.8,8.5,3.0,595.9,56.4,1600,,KARAULI,
Rajasthan,Kotah,IMD110-P1601,1901,7.4,2.4,1.6,1.8,0.6,22.7,254.6,263.3,2.6,4.6,0.0,0.4,562.1,9.9,3.9,543.3,5.0,1601,,KOTAH,
Rajasthan,Kotah,IMD110-P1601,1902,12.6,2.8,0.0,0.7,5.0,19.4,351.3,111.2,115.7,11.3,0.0,1.7,631.6,15.3,5.7,597.5,13.0,1601,,KOTAH,
Rajasthan,Kotah,IMD110-P1601,1903,1.5,0.1,0.0,0.0,12.5,27.1,260.9,347.8,341.1,14.0,0.0,0.0,1005.0,1.6,12.5,976.9,14.0,1601,,KOTAH,
Rajasthan,Kotah,IMD110-P1601,1904,11.5,2.6,25.8,0.0,17.4,42.6,629.9,223.1,43.8,0.0,3.5,4.5,1004.7,14.1,43.1,939.4,8.0,1601,,KOTAH,
Rajasthan,Kotah,IMD110-P1601,1905,2.8,7.5,2.1,3.4,0.9,8.5,79.4,89.3,98.8,0.0,0.0,0.1,292.7,10.3,6.4,276.0,0.1,1601,,KOTAH,
Rajasthan,Kotah,IMD110-P1601,1906,0.0,17.9,0.0,0.0,1.6,33.8,379.7,67.8,260.1,2.2,0.0,0.0,763.1,17.9,1.6,741.4,2.2,1601,,KOTAH,
Rajasthan,Kotah,IMD110-P1601,1907,13.3,24.4,1.0,4.7,2.6,15.8,138.6,321.4,5.4,0.0,0.0,0.0,527.2,37.7,8.3,481.2,0.0,1601,,KOTAH,
Rajasthan,Kotah,IMD110-P1601,1908,12.2,0.1,0.0,0.3,1.6,42.1,456.2,394.8,122.9,0.2,0.0,0.1,1030.4,12.3,1.8,1016.1,0.3,1601,,KOTAH,
Rajasthan,Kotah,IMD110-P1601,1909,3.0,0.0,0.0,35.6,7.9,153.3,251.7,235.1,54.5,0.0,0.0,12.2,753.4,3.0,43.5,694.6,12.2,1601,,KOTAH,
Rajasthan,Kotah,IMD110-P1601,1910,10.7,0.0,0.0,1.2,0.0,156.0,105.3,204.1,227.2,39.6,12.5,0.0,756.7,10.7,1.2,692.7,52.1,1601,,KOTAH,
Rajasthan,Kotah,IMD110-P1601,1911,15.3,0.5,6.6,0.5,0.6,71.6,62.5,116.3,162.8,10.6,14.3,0.2,461.9,15.8,7.8,413.2,25.1,1601,,KOTAH,
Rajasthan,Kotah,IMD110-P1601,1912,2.4,1.7,0.0,1.1,1.8,34.0,422.0,296.3,28.6,1.4,10.3,4.4,804.2,4.1,2.9,781.0,16.2,1601,,KOTAH,
Rajasthan,Kotah,IMD110-P1601,1913,0.0,3.8,0.6,0.0,42.9,88.5,83.7,142.6,21.0,0.0,0.0,20.5,403.6,3.8,43.5,335.8,20.5,1601,,KOTAH,
Rajasthan,Kotah,IMD110-P1601,1914,0.0,0.0,0.0,1.0,3.1,92.5,422.6,177.2,111.9,6.5,7.0,0.0,821.7,0.0,4.2,804.1,13.4,1601,,KOTAH,
Rajasthan,Kotah,IMD110-P1601,1915,26.0,58.5,24.6,1.8,5.0,43.0,126.8,161.7,22.4,44.1,0.0,0.0,514.0,84.6,31.4,354.0,44.1,1601,,KOTAH,
Rajasthan,Kotah,IMD110-P1601,1916,0.0,0.1,0.0,0.0,22.2,119.5,225.2,587.2,84.5,10.3,4.4,0.0,1053.5,0.1,22.2,1016.3,14.8,1601,,KOTAH,
Rajasthan,Kotah,IMD110-P1601,1917,3.3,2.6,2.5,15.9,97.6,192.5,397.4,395.9,280.6,169.5,0.0,0.7,1558.6,5.9,116.0,1266.4,170.2,1601,,KOTAH,
Rajasthan,Kotah,IMD110-P1601,1918,0.0,0.0,11.2,0.0,0.8,27.5,104.1,168.7,51.8,0.0,5.6,0.0,369.7,0.0,12.0,352.1,5.6,1601,,KOTAH,
Rajasthan,Kotah,IMD110-P1601,1919,26.5,0.0,0.0,7.7,13.5,40.3,296.8,418.0,50.8,0.0,26.2,5.8,885.6,26.5,21.2,805.9,32.0,1601,,KOTAH,
Rajasthan,Kotah,IMD110-P1601,1920,19.8,1.7,1.4,1.4,10.9,130.2,313.3,133.8,20.9,0.0,0.0,0.0,633.4,21.5,13.7,598.2,0.0,1601,,KOTAH,
Rajasthan,Kotah,IMD110-P1601,1921,9.9,0.0,0.0,0.0,0.0,37.7,175.3,105.6,202.1,0.6,0.0,0.0,531.1,9.9,0.0,520.6,0.6,1601,,KOTAH,
Rajasthan,Kotah,IMD110-P1601,1922,5.5,1.4,0.0,0.0,13.2,101.5,257.6,180.3,182.1,0.0,1.9,22.0,765.6,6.9,13.2,721.6,23.9,1601,,KOTAH,
Rajasthan,Kotah,IMD110-P1601,1923,0.0,8.3,1.3,0.3,29.1,12.0,571.5,418.6,76.7,0.0,0.3,14.3,1132.4,8.3,30.6,1078.8,14.6,1601,,KOTAH,
Rajasthan,Kotah,IMD110-P1601,1924,19.6,4.6,0.0,0.0,4.0,9.3,494.2,260.9,278.2,11.1,0.5,22.4,1104.7,24.2,4.0,1042.5,34.0,1601,,KOTAH,
Rajasthan,Kotah,IMD110-P1601,1925,0.0,0.0,0.0,0.0,9.8,211.1,238.2,39.2,26.8,0.0,9.4,0.0,534.4,0.0,9.8,515.2,9.4,1601,,KOTAH,
Rajasthan,Kotah,IMD110-P1601,1926,2.7,0.0,16.6,7.8,19.2,29.2,171.5,429.3,333.5,0.0,0.0,0.0,1009.9,2.7,43.7,963.5,0.0,1601,,KOTAH,
Rajasthan,Kotah,IMD110-P1601,1927,0.0,3.7,0.3,1.1,2.0,37.3,237.7,304.7,59.3,10.6,78.2,40.5,775.3,3.7,3.4,639.0,129.3,1601,,KOTAH,
Rajasthan,Kotah,IMD110-P1601,1928,0.0,6.5,0.0,0.0,2.9,23.2,311.8,182.4,15.5,126.7,3.2,0.2,672.5,6.5,2.9,532.9,130.1,1601,,KOTAH,
Rajasthan,Kotah,IMD110-P1601,1929,5.4,0.0,0.0,9.0,9.5,29.2,206.8,235.2,49.1,0.0,0.0,5.1,549.3,5.4,18.5,520.3,5.1,1601,,KOTAH,
Rajasthan,Kotah,IMD110-P1601,1930,2.2,1.1,0.8,0.0,9.0,32.2,208.8,117.3,45.2,104.1,3.4,0.0,524.0,3.3,9.8,403.4,107.5,1601,,KOTAH,
Rajasthan,Kotah,IMD110-P1601,1931,0.0,4.0,0.0,0.0,13.5,5.4,445.3,629.9,85.2,44.8,0.0,0.0,1228.1,4.0,13.5,1165.7,44.8,1601,,KOTAH,
Rajasthan,Kotah,IMD110-P1601,1932,0.0,0.0,6.0,3.8,2.3,6.4,338.1,164.2,122.5,1.5,0.0,0.0,644.8,0.0,12.1,631.2,1.5,1601,,KOTAH,
Rajasthan,Kotah,IMD110-P1601,1933,0.0,2.2,5.0,43.4,20.1,223.7,184.5,284.1,274.8,27.1,38.6,2.4,1105.7,2.2,68.4,967.0,68.1,1601,,KOTAH,
Rajasthan,Kotah,IMD110-P1601,1934,1.7,0.0,12.9,0.0,0.0,102.0,190.8,673.5,169.6,0.0,0.0,2.3,1152.7,1.7,12.9,1135.8,2.3,1602,,KOTAH,
Rajasthan,Kotah,IMD110-P1601,1935,4.6,6.8,0.0,8.4,0.0,63.0,378.1,223.4,272.3,10.5,0.0,10.6,977.8,11.4,8.4,936.7,21.2,1602,,KOTAH,
Rajasthan,Kotah,IMD110-P1601,1936,3.0,2.6,14.0,0.8,8.2,121.1,171.7,161.5,99.7,0.0,27.6,1.5,611.8,5.6,23.0,554.0,29.1,1602,,KOTAH,
Rajasthan,Kotah,IMD110-P1601,1937,0.0,6.0,0.9,4.2,16.4,105.0,452.3,136.1,121.8,6.2,0.6,13.5,863.1,6.0,21.5,815.2,20.3,1602,,KOTAH,
Rajasthan,Kotah,IMD110-P1601,1938,6.4,0.0,0.8,0.0,2.7,217.4,276.8,138.5,12.5,9.9,0.0,0.0,665.0,6.4,3.5,645.1,9.9,1602,,KOTAH,
Rajasthan,Kotah,IMD110-P1601,1939,3.8,7.6,4.5,0.0,0.0,86.5,192.7,105.7,115.3,1.0,0.0,0.0,517.1,11.4,4.5,500.3,1.0,1602,,KOTAH,
Rajasthan,Kotah,IMD110-P1601,1940,23.2,0.8,17.2,0.2,19.4,65.1,188.4,338.2,43.9,1.3,7.5,0.0,705.3,24.0,36.8,635.7,8.8,1602,,KOTAH,
Rajasthan,Kotah,IMD110-P1601,1941,17.9,17.0,0.8,0.0,7.2,40.0,76.7,138.1,69.3,0.0,0.0,0.0,367.1,35.0,8.0,324.2,0.0,1602,,KOTAH,
Rajasthan,Kotah,IMD110-P1601,1942,34.9,2.1,0.0,0.0,5.9,55.5,556.0,421.2,86.6,0.1,0.0,0.0,1162.2,37.0,5.9,1119.3,0.1,1602,,KOTAH,
Rajasthan,Kotah,IMD110-P1601,1943,23.2,0.0,0.0,1.8,17.0,66.6,404.4,111.9,131.4,0.0,0.0,0.0,756.2,23.2,18.8,714.3,0.0,1602,,KOTAH,
Rajasthan,Kotah,IMD110-P1601,1944,15.1,6.9,27.3,6.7,1.1,67.1,334.9,482.0,32.7,0.3,5.3,0.4,979.8,22.0,35.2,916.6,6.0,1602,,KOTAH,
Rajasthan,Kotah,IMD110-P1601,1945,9.8,0.0,0.0,1.3,22.1,220.8,617.0,286.2,149.4,2.3,0.0,0.0,1308.9,9.8,23.4,1273.5,2.3,1602,,KOTAH,
Rajasthan,Kotah,IMD110-P1601,1946,0.0,21.4,0.0,0.8,5.2,166.6,247.3,648.0,141.7,3.6,36.0,38.9,1309.5,21.4,6.0,1203.6,78.5,1602,,KOTAH,
Rajasthan,Kotah,IMD110-P1601,1947,3.0,1.6,0.0,0.9,2.4,23.9,172.6,374.6,399.1,17.8,0.6,19.2,1015.6,4.6,3.3,970.2,37.5,1602,,KOTAH,
Rajasthan,Kotah,IMD110-P1601,1948,20.5,8.7,0.0,0.2,0.0,41.8,426.4,306.9,233.8,21.1,24.3,0.0,1083.7,29.2,0.2,1009.0,45.4,1602,,KOTAH,
Rajasthan,Kotah,IMD110-P1601,1949,0.0,0.0,0.0,0.7,3.5,51.9,281.5,89.6,107.0,9.9,0.0,0.0,544.2,0.0,4.2,530.1,9.9,1602,,KOTAH,
Rajasthan,Kotah,IMD110-P1601,1950,0.0,0.0,2.9,0.0,2.0,14.0,213.3,328.7,194.9,0.0,0.0,1.7,757.5,0.0,4.9,750.9,1.7,1602,,KOTAH,
Rajasthan,Kotah,IMD110-P1601,1951,1.3,0.0,1.2,0.0,2.0,41.5,141.7,168.5,11.2,2.3,24.9,0.0,394.5,1.3,3.2,362.9,27.1,1602,,KOTAH,
Rajasthan,Kotah,IMD110-P1601,1952,0.4,1.5,0.3,0.0,0.0,230.4,330.2,312.2,11.4,0.0,0.0,9.1,895.5,1.9,0.3,884.2,9.1,1602,,KOTAH,
Rajasthan,Kotah,IMD110-P1601,1953,24.1,0.0,0.0,0.9,0.0,45.1,163.8,196.0,47.5,1.0,0.0,0.0,478.3,24.1,0.9,452.3,1.0,1602,,KOTAH,
Rajasthan,Kotah,IMD110-P1601,1954,2.9,16.1,6.1,0.0,0.0,32.8,314.0,69.9,252.0,54.9,0.0,0.0,748.7,19.0,6.1,668.7,54.9,1602,,KOTAH,
Rajasthan,Kotah,IMD110-P1601,1955,4.6,2.1,0.8,0.0,0.6,102.2,141.1,493.2,216.9,50.6,0.0,0.0,1012.1,6.7,1.5,953.4,50.6,1602,,KOTAH,
Rajasthan,Kotah,IMD110-P1601,1956,5.4,4.8,5.8,0.0,0.0,29.4,565.0,260.8,64.2,184.0,0.0,5.4,1124.8,10.2,5.8,919.4,189.4,1602,,KOTAH,
Rajasthan,Kotah,IMD110-P1601,1957,22.7,0.0,11.4,0.1,3.8,36.2,406.6,263.1,110.5,7.4,0.0,0.3,862.0,22.7,15.3,816.4,7.7,1602,,KOTAH,
Rajasthan,Kotah,IMD110-P1601,1958,4.1,0.0,0.8,0.0,0.0,43.4,333.6,204.6,244.8,3.6,0.7,0.4,836.1,4.1,0.8,826.5,4.8,1602,,KOTAH,
Rajasthan,Kotah,IMD110-P1601,1959,12.6,0.0,0.0,1.4,42.2,47.3,339.4,314.2,166.0,33.9,2.0,0.0,959.0,12.6,43.7,866.8,35.9,1602,,KOTAH,
Rajasthan,Kotah,IMD110-P1601,1960,1.5,0.0,6.0,1.4,8.9,90.6,182.9,427.2,35.9,10.4,0.0,0.0,764.7,1.5,16.2,736.6,10.4,1602,,KOTAH,
Rajasthan,Kotah,IMD110-P1601,1961,26.9,0.2,0.0,3.2,0.4,12.1,317.3,227.2,555.1,49.0,8.2,3.0,1202.6,27.1,3.6,1111.7,60.2,1602,,KOTAH,
Rajasthan,Kotah,IMD110-P1601,1962,0.0,0.0,2.1,0.9,0.3,2.1,336.4,275.7,173.0,0.0,20.4,0.5,811.3,0.0,3.2,787.2,20.8,1602,,KOTAH,
Rajasthan,Kotah,IMD110-P1601,1963,0.6,0.0,1.6,3.1,1.8,32.0,160.6,368.8,98.1,1.9,17.1,0.0,685.9,0.6,6.6,659.6,19.0,1602,,KOTAH,
Rajasthan,Kotah,IMD110-P1601,1964,0.0,0.0,0.0,0.0,27.8,54.9,202.9,252.2,67.9,0.0,0.0,0.0,605.7,0.0,27.8,577.9,0.0,1602,,KOTAH,
Rajasthan,Kotah,IMD110-P1601,1965,2.4,0.1,1.7,1.3,1.0,7.1,166.7,45.5,101.2,3.1,0.0,0.0,329.9,2.4,3.9,320.5,3.1,1602,,KOTAH,
Rajasthan,Kotah,IMD110-P1601,1966,0.0,0.2,0.0,0.1,0.3,89.0,150.4,168.5,52.8,0.0,4.6,0.0,466.0,0.2,0.4,460.7,4.6,1602,,KOTAH,
Rajasthan,Kotah,IMD110-P1601,1967,0.0,0.0,35.4,0.0,0.0,121.1,168.1,371.2,189.2,0.5,0.3,28.1,913.8,0.0,35.4,849.6,28.8,1602,,KOTAH,
Rajasthan,Kotah,IMD110-P1601,1968,2.1,0.0,4.5,0.0,1.6,4.4,321.7,209.2,5.7,4.9,0.0,0.4,554.4,2.1,6.1,540.9,5.3,1603,,KOTAH,
Rajasthan,Kotah,IMD110-P1601,1969,2.9,0.0,0.0,0.0,0.9,3.8,355.8,327.2,72.5,0.0,0.1,0.0,763.2,2.9,0.9,759.4,0.1,1603,,KOTAH,
Rajasthan,Kotah,IMD110-P1601,1970,34.1,5.2,3.5,0.0,4.6,88.5,167.5,334.7,154.3,0.2,0.0,0.0,792.6,39.3,8.2,745.0,0.2,1603,,KOTAH,
Rajasthan,Kotah,IMD110-P1601,1971,0.7,0.6,0.0,1.1,16.0,210.9,544.3,210.8,293.7,14.3,0.0,0.0,1292.3,1.3,17.1,1259.6,14.3,1603,,KOTAH,
Rajasthan,Kotah,IMD110-P1601,1972,0.0,6.5,0.0,0.0,0.0,32.8,61.4,310.7,54.7,2.3,0.0,0.0,468.4,6.5,0.0,459.7,2.3,1603,,KOTAH,
Rajasthan,Kotah,IMD110-P1601,1973,0.5,0.0,0.0,0.0,2.3,30.7,355.1,217.8,151.7,10.6,0.0,4.7,773.4,0.5,2.3,755.3,15.3,1603,,KOTAH,
Rajasthan,Kotah,IMD110-P1601,1974,0.0,0.0,0.0,0.0,4.7,26.4,498.4,256.5,14.5,192.6,0.0,4.6,997.6,0.0,4.7,795.8,197.2,1603,,KOTAH,
Rajasthan,Kotah,IMD110-P1601,1975,0.0,0.4,0.0,0.1,6.8,84.5,263.9,442.7,149.4,36.0,0.0,0.0,983.8,0.4,6.9,940.5,36.0,1603,,KOTAH,
Rajasthan,Kotah,IMD110-P1601,1976,13.3,0.0,0.0,0.0,15.7,164.2,161.9,249.6,165.0,0.7,77.8,0.0,848.0,13.3,15.7,740.7,78.4,1603,,KOTAH,
Rajasthan,Kotah,IMD110-P1601,1977,0.3,1.6,0.2,0.4,7.5,101.8,420.4,260.6,76.9,0.0,2.2,0.4,872.4,2.0,8.1,859.7,2.6,1603,,KOTAH,
Rajasthan,Kotah,IMD110-P1601,1978,0.5,6.4,5.8,0.6,0.0,108.6,236.9,296.2,38.6,0.0,1.7,14.3,709.5,6.9,6.3,680.2,16.1,1603,,KOTAH,
Rajasthan,Kotah,IMD110-P1601,1979,8.6,13.6,6.4,0.1,11.8,47.2,252.0,125.8,9.4,1.3,103.0,2.1,581.4,22.2,18.3,434.5,106.4,1603,,KOTAH,
Rajasthan,Kotah,IMD110-P1601,1980,0.0,0.8,0.1,0.0,1.5,113.0,162.8,167.3,42.4,0.0,0.0,13.0,500.9,0.8,1.6,485.5,13.0,1603,,KOTAH,
Rajasthan,Kotah,IMD110-P1601,1981,2.9,0.0,7.3,0.9,2.9,44.3,327.4,140.8,103.1,8.5,42.1,0.0,680.2,2.9,11.1,615.6,50.6,1603,,KOTAH,
Rajasthan,Kotah,IMD110-P1601,1982,28.7,1.1,1.5,24.5,7.8,18.9,224.4,416.6,14.1,6.2,64.2,0.0,807.9,29.8,33.8,673.9,70.4,1603,,KOTAH,
Rajasthan,Kotah,IMD110-P1601,1983,0.2,0.0,0.0,8.6,9.7,52.4,204.9,243.9,173.6,27.9,0.0,0.0,721.2,0.2,18.3,674.8,27.9,1603,,KOTAH,
Rajasthan,Kotah,IMD110-P1601,1984,7.1,0.0,0.0,0.0,0.0,19.9,92.0,297.3,175.7,0.0,0.0,0.0,592.0,7.1,0.0,584.9,0.0,1603,,KOTAH,
Rajasthan,Kotah,IMD110-P1601,1985,0.0,0.0,1.4,2.8,12.0,15.1,167.3,261.8,51.8,126.6,0.0,7.5,646.3,0.0,16.2,496.0,134.1,1603,,KOTAH,
Rajasthan,Kotah,IMD110-P1601,1986,11.2,44.5,0.4,0.0,18.1,87.9,636.0,256.6,13.3,5.7,0.1,0.0,1073.8,55.7,18.5,993.9,5.8,1603,,KOTAH,
Rajasthan,Kotah,IMD110-P1601,1987,7.8,0.0,0.0,0.0,9.2,56.6,95.2,282.0,72.6,131.4,0.0,27.1,681.9,7.8,9.2,506.4,158.4,1603,,KOTAH,
Rajasthan,Kotah,IMD110-P1601,1988,4.4,0.0,2.1,2.3,0.7,174.3,244.8,204.3,105.9,43.3,0.0,0.0,782.2,4.4,5.2,729.3,43.3,1603,,KOTAH,
Rajasthan,Kotah,IMD110-P1601,1989,11.0,0.0,11.0,0.0,0.3,72.9,117.4,283.1,15.2,0.0,0.6,0.7,512.1,11.0,11.3,488.6,1.3,1603,,KOTAH,
Rajasthan,Kotah,IMD110-P1601,1990,0.0,14.5,0.0,0.0,17.1,135.7,198.0,252.3,162.5,8.7,0.6,0.0,789.3,14.5,17.1,748.5,9.2,1603,,KOTAH,
Rajasthan,Kotah,IMD110-P1601,1991,0.3,7.2,0.0,20.1,0.0,10.9,366.8,352.6,42.9,0.0,7.8,1.6,810.2,7.5,20.1,773.3,9.4,1603,,KOTAH,
Rajasthan,Kotah,IMD110-P1601,1992,0.0,0.0,0.0,0.0,9.4,9.8,156.0,275.2,92.8,135.9,4.7,0.0,683.8,0.0,9.4,533.9,140.5,1603,,KOTAH,
Rajasthan,Kotah,IMD110-P1601,1993,0.0,2.5,0.0,0.6,2.0,120.7,207.3,126.8,188.6,1.9,0.0,0.0,650.3,2.5,2.6,643.4,1.9,1603,,KOTAH,
Rajasthan,Kotah,IMD110-P1601,1994,6.0,0.2,0.0,1.9,0.2,127.4,374.0,295.7,76.2,0.0,0.0,0.0,881.7,6.2,2.1,873.4,0.0,1603,,KOTAH,
Rajasthan,Kotah,IMD110-P1601,1995,12.3,0.3,6.4,0.0,0.0,7.6,335.1,405.7,46.3,1.1,0.0,6.5,821.1,12.6,6.4,794.6,7.5,1603,,KOTAH,
Rajasthan,Kotah,IMD110-P1601,1996,7.5,0.6,9.9,0.3,1.3,3.0,329.0,363.9,110.2,5.0,0.0,0.0,830.6,8.1,11.4,806.0,5.0,1603,,KOTAH,
Rajasthan,Kotah,IMD110-P1601,1997,0.9,0.0,0.0,30.4,15.5,89.9,216.3,354.5,55.4,17.2,1.7,35.0,816.5,0.9,45.8,715.9,53.9,1603,,KOTAH,
Rajasthan,Kotah,IMD110-P1601,1998,0.0,3.9,0.0,9.3,1.4,45.8,274.8,76.2,116.3,20.2,0.0,0.0,547.8,3.9,10.7,513.0,20.2,1603,,KOTAH,
Rajasthan,Kotah,IMD110-P1601,1999,1.1,11.0,0.0,0.0,1.8,33.3,256.0,89.2,140.0,12.5,0.0,0.0,545.0,12.1,1.8,518.6,12.5,1603,,KOTAH,
Rajasthan,Kotah,IMD110-P1601,2000,0.0,0.0,0.0,1.9,73.8,60.5,445.5,116.8,39.1,4.1,0.0,1.5,743.2,0.0,75.7,662.0,5.6,1603,,KOTAH,
Rajasthan,Kotah,IMD110-P1601,2001,0.0,0.0,0.3,2.1,21.4,154.9,562.9,219.6,4.4,1.9,0.0,0.0,967.5,0.0,23.8,941.8,1.9,1603,,KOTAH,
Rajasthan,Kotah,IMD110-P1601,2002,0.0,38.2,0.0,0.0,1.2,73.4,25.1,181.3,61.2,0.0,0.4,0.9,381.7,38.2,1.2,341.0,1.3,1604,,KOTAH,
Rajasthan,Kotah,IMD110-P1601,2003,3.2,24.1,0.0,4.6,6.8,134.2,199.5,169.4,119.2,0.0,0.0,1.9,662.8,27.3,11.3,622.3,1.9,1604,,KOTAH,
Rajasthan,Kotah,IMD110-P1601,2004,1.7,0.0,0.0,0.0,3.4,53.0,106.7,497.4,9.1,13.7,0.0,0.0,685.1,1.7,3.4,666.2,13.7,1604,,KOTAH,
Rajasthan,Kotah,IMD110-P1601,2005,0.0,0.0,4.5,1.7,0.9,23.8,239.0,50.0,82.8,0.0,0.0,0.0,402.6,0.0,7.0,395.6,0.0,1604,,KOTAH,
Rajasthan,Kotah,IMD110-P1601,2006,0.0,0.0,10.0,0.0,6.0,70.5,178.8,384.4,167.0,3.0,0.0,0.0,819.6,0.0,16.0,800.6,3.0,1604,,KOTAH,
Rajasthan,Kotah,IMD110-P1601,2007,0.8,12.4,1.6,0.1,0.0,98.6,310.5,169.7,84.3,0.0,0.0,1.6,679.6,13.2,1.7,663.0,1.6,1604,,KOTAH,
Rajasthan,Kotah,IMD110-P1601,2008,0.0,0.0,0.3,7.0,10.7,151.7,191.5,180.3,145.3,0.0,5.9,0.0,692.8,0.0,18.0,668.8,5.9,1604,,KOTAH,
Rajasthan,Kotah,IMD110-P1601,2009,0.0,0.0,0.5,0.1,0.7,25.0,297.6,97.4,28.0,19.4,18.6,1.4,488.7,0.0,1.3,448.0,39.4,1604,,KOTAH,
Rajasthan,Kotah,IMD110-P1601,2010,0.6,3.2,0.0,2.4,0.0,23.2,155.3,330.2,73.8,0.4,53.7,0.6,643.4,3.8,2.4,582.5,54.7,1604,,KOTAH,
Rajasthan,Nagour,IMD110-P1605,1901,22.9,0.0,1.1,0.0,9.3,8.8,118.1,104.4,0.7,0.2,0.0,0.3,265.8,22.9,10.4,232.0,0.5,1605,,NAGOUR,
Rajasthan,Nagour,IMD110-P1605,1902,0.0,0.0,0.0,2.6,9.3,45.2,92.2,43.1,71.4,4.4,0.0,0.0,268.3,0.0,11.9,252.0,4.4,1605,,NAGOUR,
Rajasthan,Nagour,IMD110-P1605,1903,2.6,8.5,10.5,0.0,4.8,2.0,202.2,217.9,84.1,0.5,0.0,0.2,533.3,11.1,15.3,506.2,0.7,1605,,NAGOUR,
Rajasthan,Nagour,IMD110-P1605,1904,1.9,7.5,24.9,1.2,43.5,25.7,79.3,133.6,23.1,0.4,6.8,29.6,377.5,9.4,69.5,261.7,36.8,1605,,NAGOUR,
Rajasthan,Nagour,IMD110-P1605,1905,2.7,10.7,2.1,4.8,0.0,0.0,42.1,2.2,58.4,0.0,0.0,0.9,124.0,13.4,7.0,102.7,0.9,1605,,NAGOUR,
Rajasthan,Nagour,IMD110-P1605,1906,0.3,32.5,15.5,0.0,0.8,27.3,71.6,37.1,77.8,0.0,0.0,3.1,266.0,32.8,16.3,213.8,3.1,1605,,NAGOUR,
Rajasthan,Nagour,IMD110-P1605,1907,2.8,29.7,15.0,1.5,10.6,12.4,89.2,250.7,0.0,0.0,0.0,0.0,411.9,32.5,27.1,352.3,0.0,1605,,NAGOUR,
Rajasthan,Nagour,IMD110-P1605,1908,13.1,0.4,0.0,0.0,13.2,39.7,167.3,332.0,56.8,0.0,1.7,0.0,624.2,13.4,13.2,595.8,1.7,1605,,NAGOUR,
Rajasthan,Nagour,IMD110-P1605,1909,6.4,0.6,0.0,47.4,1.8,42.0,200.8,76.9,164.0,0.0,0.0,41.1,581.0,6.9,49.2,483.8,41.1,1605,,NAGOUR,
Rajasthan,Nagour,IMD110-P1605,1910,5.4,0.8,0.0,2.4,0.0,52.8,45.9,168.2,16.5,3.3,0.0,0.0,295.1,6.2,2.4,283.3,3.3,1605,,NAGOUR,
Rajasthan,Nagour,IMD110-P1605,1911,4.0,0.0,25.7,0.9,0.7,48.1,7.2,25.5,50.1,15.4,9.7,0.0,187.3,4.0,27.4,130.9,25.1,1605,,NAGOUR,
Rajasthan,Nagour,IMD110-P1605,1912,14.9,0.0,0.0,2.3,5.1,17.4,188.9,141.8,6.4,7.0,3.7,0.0,387.4,14.9,7.4,354.5,10.6,1605,,NAGOUR,
Rajasthan,Nagour,IMD110-P1605,1913,0.0,15.8,0.9,0.0,27.6,63.8,51.2,20.6,49.8,0.8,0.0,33.6,264.1,15.8,28.5,185.4,34.4,1605,,NAGOUR,
Rajasthan,Nagour,IMD110-P1605,1914,0.0,2.1,0.0,2.9,1.7,78.1,150.2,100.6,50.4,2.5,2.8,0.0,391.3,2.1,4.6,379.2,5.4,1605,,NAGOUR,
Rajasthan,Nagour,IMD110-P1605,1915,12.9,30.9,29.6,0.9,0.4,29.4,40.3,25.1,9.6,19.6,0.0,0.0,198.7,43.8,30.9,104.5,19.6,1605,,NAGOUR,
Rajasthan,Nagour,IMD110-P1605,1916,0.0,0.1,0.0,0.0,20.2,28.8,110.7,258.4,139.1,34.0,0.0,0.0,591.1,0.1,20.2,536.9,34.0,1605,,NAGOUR,
Rajasthan,Nagour,IMD110-P1605,1917,0.9,0.8,2.2,13.8,74.0,108.0,121.9,414.7,261.3,64.0,0.0,0.7,1062.4,1.8,90.0,905.9,64.8,1605,,NAGOUR,
Rajasthan,Nagour,IMD110-P1605,1918,2.1,0.0,3.7,0.0,0.6,9.5,5.3,58.0,3.5,0.0,0.4,0.0,83.0,2.1,4.3,76.2,0.4,1605,,NAGOUR,
Rajasthan,Nagour,IMD110-P1605,1919,24.2,0.0,1.2,2.9,10.1,1.8,144.2,182.3,18.5,0.0,4.2,4.6,393.9,24.2,14.1,346.8,8.8,1605,,NAGOUR,
Rajasthan,Nagour,IMD110-P1605,1920,2.0,1.6,5.3,0.0,41.5,89.2,215.7,25.3,3.0,0.0,0.0,0.0,383.6,3.7,46.8,333.2,0.0,1605,,NAGOUR,
Rajasthan,Nagour,IMD110-P1605,1921,0.8,0.0,0.0,0.0,0.0,9.1,145.5,73.7,51.1,0.0,0.0,0.4,280.5,0.8,0.0,279.4,0.4,1605,,NAGOUR,
Rajasthan,Nagour,IMD110-P1605,1922,0.0,0.0,0.0,0.4,10.9,51.7,154.0,79.2,46.7,1.8,0.0,5.0,349.7,0.0,11.3,331.7,6.8,1605,,NAGOUR,
Rajasthan,Nagour,IMD110-P1605,1923,9.8,8.5,1.6,0.4,26.6,4.2,174.7,150.2,5.5,0.8,0.0,1.4,383.7,18.3,28.6,334.5,2.2,1605,,NAGOUR,
Rajasthan,Nagour,IMD110-P1605,1924,1.9,3.8,0.0,0.0,13.5,6.3,106.1,192.5,256.4,10.2,3.2,16.6,610.6,5.7,13.5,561.3,30.1,1605,,NAGOUR,
Rajasthan,Nagour,IMD110-P1605,1925,0.0,0.0,0.0,0.0,14.4,89.5,106.1,30.3,18.1,2.3,2.7,0.0,263.6,0.0,14.4,244.1,5.0,1605,,NAGOUR,
Rajasthan,Nagour,IMD110-P1605,1926,13.3,0.0,34.5,0.3,22.8,8.3,147.5,188.6,80.6,0.0,0.0,0.0,495.9,13.3,57.6,425.1,0.0,1605,,NAGOUR,
Rajasthan,Nagour,IMD110-P1605,1927,0.0,10.0,0.0,0.0,5.7,19.3,122.6,206.2,59.7,1.6,1.2,21.3,447.7,10.0,5.7,407.8,24.1,1605,,NAGOUR,
Rajasthan,Nagour,IMD110-P1605,1928,0.8,0.3,0.9,0.0,2.9,17.7,152.8,251.1,13.6,18.7,5.0,0.3,464.0,1.1,3.8,435.2,23.9,1605,,NAGOUR,
Rajasthan,Nagour,IMD110-P1605,1929,0.8,0.0,0.0,0.0,30.2,17.4,347.6,120.3,22.2,1.3,0.0,5.6,545.4,0.8,30.2,507.5,6.9,1605,,NAGOUR,
Rajasthan,Nagour,IMD110-P1605,1930,9.0,0.0,0.7,0.6,30.9,85.0,79.1,76.7,20.9,19.7,0.0,0.0,322.5,9.0,32.2,261.6,19.7,1605,,NAGOUR,
Rajasthan,Nagour,IMD110-P1605,1931,0.0,1.1,0.6,0.0,17.8,23.2,119.2,186.1,9.5,47.7,0.0,0.0,405.2,1.1,18.4,338.0,47.7,1605,,NAGOUR,
Rajasthan,Nagour,IMD110-P1605,1932,0.0,1.4,11.1,3.8,8.3,3.6,171.1,117.1,5.8,0.0,0.0,0.0,322.2,1.4,23.2,297.7,0.0,1605,,NAGOUR,
Rajasthan,Nagour,IMD110-P1605,1933,0.0,18.7,3.0,32.6,35.9,85.5,49.7,197.3,42.3,0.0,0.0,0.2,465.3,18.7,71.5,374.9,0.2,1605,,NAGOUR,
Rajasthan,Nagour,IMD110-P1605,1934,0.6,0.0,9.2,0.0,1.1,84.0,78.6,260.7,22.9,0.0,0.0,6.7,463.9,0.6,10.3,446.3,6.7,1605,,NAGOUR,
Rajasthan,Nagour,IMD110-P1605,1935,12.7,2.0,1.4,7.2,0.0,7.2,212.6,27.3,79.7,9.4,0.0,5.4,364.8,14.7,8.5,326.8,14.8,1605,,NAGOUR,
Rajasthan,Nagour,IMD110-P1605,1936,0.7,14.4,3.3,0.0,0.0,111.9,42.8,126.8,33.6,0.0,14.4,0.0,347.8,15.1,3.3,315.1,14.4,1605,,NAGOUR,
Rajasthan,Nagour,IMD110-P1605,1937,0.0,10.6,0.0,0.0,4.3,64.5,262.2,2.0,62.2,2.8,0.0,6.6,415.3,10.6,4.3,390.9,9.5,1605,,NAGOUR,
Rajasthan,Nagour,IMD110-P1605,1938,6.1,0.0,0.0,0.2,0.8,74.5,92.1,13.9,1.9,1.7,0.0,0.0,191.3,6.1,1.0,182.4,1.7,1605,,NAGOUR,
Rajasthan,Nagour,IMD110-P1605,1939,0.0,26.6,9.4,1.1,0.0,38.4,35.5,47.4,6.5,0.0,0.0,0.0,164.8,26.6,10.6,127.6,0.0,1605,,NAGOUR,
Rajasthan,Nagour,IMD110-P1605,1940,36.7,19.4,12.7,3.6,2.4,101.0,76.6,317.1,4.8,2.7,0.0,0.0,576.9,56.1,18.6,499.6,2.7,1605,,NAGOUR,
Rajasthan,Nagour,IMD110-P1605,1941,3.6,0.5,0.0,0.0,15.2,23.5,69.4,55.4,38.4,0.3,0.0,7.9,214.1,4.1,15.2,186.7,8.1,1606,,NAGOUR,
Rajasthan,Nagour,IMD110-P1605,1942,0.4,7.5,0.0,5.5,15.3,15.5,195.8,154.2,99.0,0.0,0.0,6.3,499.5,7.9,20.9,464.5,6.3,1606,,NAGOUR,
Rajasthan,Nagour,IMD110-P1605,1943,0.0,0.0,0.0,2.9,0.4,18.2,332.5,22.3,129.8,0.0,0.0,0.6,506.7,0.0,3.3,502.8,0.6,1606,,NAGOUR,
Rajasthan,Nagour,IMD110-P1605,1944,34.5,3.1,8.2,10.8,2.8,14.0,124.2,193.4,6.9,6.1,0.0,0.0,403.9,37.6,21.8,338.4,6.1,1606,,NAGOUR,
Rajasthan,Nagour,IMD110-P1605,1945,14.9,0.0,0.0,10.8,18.1,23.4,311.8,96.1,44.2,0.0,0.0,0.0,519.4,14.9,28.9,475.5,0.0,1606,,NAGOUR,
Rajasthan,Nagour,IMD110-P1605,1946,0.0,0.0,0.0,0.0,0.0,61.7,76.2,233.1,48.0,2.5,0.3,4.8,426.6,0.0,0.0,419.0,7.6,1606,,NAGOUR,
Rajasthan,Nagour,IMD110-P1605,1947,0.0,0.0,0.0,0.0,1.1,1.3,22.8,114.8,163.3,3.6,0.0,0.6,307.3,0.0,1.1,302.0,4.2,1606,,NAGOUR,
Rajasthan,Nagour,IMD110-P1605,1948,31.0,22.1,4.0,0.0,5.1,8.4,122.8,84.9,16.9,0.0,0.0,0.0,295.1,53.1,9.1,232.9,0.0,1606,,NAGOUR,
Rajasthan,Nagour,IMD110-P1605,1949,0.8,3.8,0.0,0.0,8.4,25.5,197.3,53.1,12.6,1.1,0.0,0.0,302.7,4.6,8.4,288.6,1.1,1606,,NAGOUR,
Rajasthan,Nagour,IMD110-P1605,1950,0.1,0.0,1.2,0.0,6.7,20.1,170.2,119.8,76.6,0.0,0.0,0.0,394.7,0.1,7.9,386.7,0.0,1606,,NAGOUR,
Rajasthan,Nagour,IMD110-P1605,1951,0.0,0.0,3.6,4.3,1.5,5.1,40.6,77.7,8.0,0.0,4.6,0.0,145.4,0.0,9.4,131.4,4.6,1606,,NAGOUR,
Rajasthan,Nagour,IMD110-P1605,1953,,0.0,,,,,,,,,,,,,,,,1606,missing_months,NAGOUR,
Rajasthan,Nagour,IMD110-P1605,1954,2.5,13.2,0.0,0.0,4.8,12.9,99.8,31.6,106.6,0.0,0.0,0.0,271.5,15.7,4.8,251.0,0.0,1606,,NAGOUR,
Rajasthan,Nagour,IMD110-P1605,1955,0.0,1.3,0.0,0.0,8.7,43.3,21.6,376.8,117.6,56.0,0.0,0.0,625.3,1.3,8.7,559.3,56.0,1606,,NAGOUR,
Rajasthan,Nagour,IMD110-P1605,1956,8.9,0.0,17.0,2.2,0.0,32.9,188.6,84.6,9.1,81.8,0.0,0.3,425.6,8.9,19.3,315.3,82.1,1606,,NAGOUR,
Rajasthan,Nagour,IMD110-P1605,1957,36.1,0.0,6.2,0.0,8.7,45.6,186.6,111.0,17.6,3.6,0.0,0.0,415.4,36.1,14.9,360.8,3.6,1606,,NAGOUR,
Rajasthan,Nagour,IMD110-P1605,1958,0.4,0.0,0.0,0.0,11.8,35.1,129.4,62.3,210.5,4.0,13.6,1.6,468.7,0.4,11.8,437.4,19.1,1606,,NAGOUR,
Rajasthan,Nagour,IMD110-P1605,1959,0.0,0.9,0.2,3.0,30.9,13.2,117.0,121.7,105.2,12.8,5.1,0.0,410.0,0.9,34.1,357.1,17.9,1606,,NAGOUR,
Rajasthan,Nagour,IMD110-P1605,1960,0.0,0.0,0.8,0.0,4.8,29.3,73.6,112.0,7.4,0.0,0.0,6.0,233.9,0.0,5.6,222.3,6.0,1606,,NAGOUR,
Rajasthan,Nagour,IMD110-P1605,1961,4.6,17.3,0.0,0.9,3.5,55.0,87.7,103.2,84.8,0.6,2.7,2.9,363.2,21.8,4.5,330.7,6.2,1606,,NAGOUR,
Rajasthan,Nagour,IMD110-P1605,1962,0.0,0.0,4.6,0.0,2.6,2.4,265.5,68.2,90.6,0.0,0.1,15.5,449.4,0.0,7.2,426.7,15.6,1606,,NAGOUR,
Rajasthan,Nagour,IMD110-P1605,1963,0.0,4.1,0.8,1.2,0.5,18.1,31.8,123.8,7.7,0.0,0.6,0.6,189.1,4.1,2.4,181.4,1.2,1606,,NAGOUR,
Rajasthan,Nagour,IMD110-P1605,1964,0.0,0.5,0.7,0.0,21.5,13.6,183.2,230.2,35.4,0.0,0.0,3.0,488.1,0.5,22.2,462.4,3.0,1606,,NAGOUR,
Rajasthan,Nagour,IMD110-P1605,1965,2.1,1.6,3.4,6.6,0.4,17.7,103.8,99.0,10.0,2.4,0.0,0.0,246.9,3.7,10.4,230.5,2.4,1606,,NAGOUR,
Rajasthan,Nagour,IMD110-P1605,1966,0.0,2.1,0.0,0.2,4.3,39.5,51.8,92.5,63.5,2.8,0.0,0.0,256.7,2.1,4.6,247.3,2.8,1606,,NAGOUR,
Rajasthan,Nagour,IMD110-P1605,1967,0.0,0.0,43.3,4.8,0.6,38.9,81.4,159.4,68.9,1.1,2.8,36.0,437.1,0.0,48.7,348.5,39.9,1606,,NAGOUR,
Rajasthan,Nagour,IMD110-P1605,1968,17.2,2.7,1.7,0.1,11.3,1.8,333.0,46.7,0.0,0.5,0.0,0.0,415.0,19.9,13.1,381.5,0.5,1606,,NAGOUR,
Rajasthan,Nagour,IMD110-P1605,1969,2.8,0.6,0.0,0.8,1.3,3.7,80.9,91.3,36.8,0.8,0.0,0.0,219.0,3.4,2.1,212.7,0.8,1606,,NAGOUR,
Rajasthan,Nagour,IMD110-P1605,1970,0.1,48.7,0.6,0.0,10.4,47.8,82.8,253.0,64.2,0.0,0.0,0.0,507.7,48.9,11.0,447.8,0.0,1606,,NAGOUR,
Rajasthan,Nagour,IMD110-P1605,1971,3.3,0.0,0.0,0.5,46.1,255.4,120.7,72.0,40.2,6.0,0.0,0.0,544.2,3.3,46.6,488.3,6.0,1606,,NAGOUR,
Rajasthan,Nagour,IMD110-P1605,1972,0.3,0.3,0.0,4.8,4.5,38.8,40.4,102.6,0.0,1.6,0.0,0.0,193.2,0.6,9.3,181.7,1.6,1606,,NAGOUR,
Rajasthan,Nagour,IMD110-P1605,1973,1.7,1.2,0.0,0.0,17.8,5.0,104.5,319.5,4.1,0.0,0.0,0.0,453.8,2.9,17.8,433.1,0.0,1606,,NAGOUR,
Rajasthan,Nagour,IMD110-P1605,1974,0.0,0.0,0.0,1.1,27.2,37.2,275.0,28.0,2.9,16.8,0.0,2.5,390.7,0.0,28.3,343.1,19.2,1606,,NAGOUR,
Rajasthan,Nagour,IMD110-P1605,1975,0.2,0.0,0.0,0.3,12.9,51.5,521.1,276.5,205.2,56.8,0.0,0.0,1124.6,0.2,13.3,1054.4,56.8,1606,,NAGOUR,
Rajasthan,Nagour,IMD110-P1605,1976,0.1,15.3,0.6,2.2,40.4,39.6,117.8,205.8,81.5,0.4,22.2,0.0,526.0,15.4,43.2,444.7,22.7,1606,,NAGOUR,
Rajasthan,Nagour,IMD110-P1605,1977,16.0,2.0,0.0,9.6,19.0,130.1,202.2,57.5,100.6,1.9,2.9,0.8,542.6,18.0,28.6,490.4,5.5,1606,,NAGOUR,
Rajasthan,Nagour,IMD110-P1605,1978,0.0,23.2,2.7,7.0,0.0,53.4,223.7,89.2,31.8,0.6,0.1,3.3,434.8,23.2,9.7,398.0,3.9,1606,,NAGOUR,
Rajasthan,Nagour,IMD110-P1605,1979,9.2,28.8,0.0,0.0,39.0,12.9,183.6,28.8,7.4,0.4,12.0,0.0,322.1,38.0,39.0,232.7,12.4,1606,,NAGOUR,
Rajasthan,Nagour,IMD110-P1605,1980,0.8,0.1,8.4,1.9,13.6,51.9,198.3,44.6,10.1,0.2,0.8,24.1,354.9,0.9,23.9,304.9,25.1,1606,,NAGOUR,
Rajasthan,Nagour,IMD110-P1605,1981,11.1,0.4,2.6,0.0,21.9,29.5,237.1,26.3,27.1,0.0,34.1,0.0,390.1,11.5,24.5,320.0,34.1,1606,,NAGOUR,
Rajasthan,Nagour,IMD110-P1605,1982,31.0,2.6,10.7,40.2,41.1,20.0,67.3,144.3,3.3,17.5,8.2,5.3,391.5,33.6,92.0,235.0,31.0,1606,,NAGOUR,
Rajasthan,Nagour,IMD110-P1605,1983,0.3,1.8,0.0,51.6,54.0,35.5,266.2,142.5,69.4,12.7,0.0,0.0,634.1,2.1,105.6,513.6,12.7,1607,,NAGOUR,
Rajasthan,Nagour,IMD110-P1605,1984,0.0,1.0,0.0,0.0,0.0,6.1,45.4,75.3,79.9,0.0,0.0,0.0,207.7,1.0,0.0,206.7,0.0,1607,,NAGOUR,
Rajasthan,Nagour,IMD110-P1605,1985,0.0,0.3,0.0,3.5,5.6,12.0,116.0,82.2,10.6,14.7,2.8,2.6,250.4,0.3,9.1,220.9,20.0,1607,,NAGOUR,
Rajasthan,Nagour,IMD110-P1605,1986,0.9,23.5,1.9,0.0,41.8,23.3,102.0,41.0,7.7,0.2,0.0,0.0,242.4,24.4,43.7,174.1,0.2,1607,,NAGOUR,
Rajasthan,Nagour,IMD110-P1605,1987,12.3,0.9,2.5,0.0,44.2,24.6,26.6,52.2,0.0,0.0,0.0,2.3,165.6,13.3,46.7,103.3,2.3,1607,,NAGOUR,
Rajasthan,Nagour,IMD110-P1605,1988,2.8,0.0,3.5,2.2,2.2,52.2,121.5,62.7,96.1,0.0,0.0,0.0,343.2,2.8,8.0,332.4,0.0,1607,,NAGOUR,
Rajasthan,Nagour,IMD110-P1605,1989,0.9,0.0,0.9,0.0,0.0,26.4,96.7,115.4,17.1,0.0,0.0,0.0,257.4,0.9,0.9,255.6,0.0,1607,,NAGOUR,
Rajasthan,Nagour,IMD110-P1605,1990,0.0,43.4,0.0,1.7,13.8,45.6,130.8,86.8,39.7,10.9,0.0,0.4,373.0,43.4,15.4,302.8,11.4,1607,,NAGOUR,
Rajasthan,Nagour,IMD110-P1605,1991,0.0,0.6,0.0,10.0,5.9,13.0,157.4,102.0,36.0,0.0,0.3,1.9,327.2,0.6,15.9,308.5,2.2,1607,,NAGOUR,
Rajasthan,Nagour,IMD110-P1605,1992,11.3,2.8,0.4,0.0,3.9,14.8,108.6,177.1,101.0,4.8,1.9,1.5,428.0,14.0,4.3,401.6,8.2,1607,,NAGOUR,
Rajasthan,Nagour,IMD110-P1605,1993,1.5,0.8,1.8,1.1,15.6,71.7,122.8,21.0,70.1,3.5,0.0,0.0,309.9,2.3,18.6,285.6,3.5,1607,,NAGOUR,
Rajasthan,Nagour,IMD110-P1605,1994,14.0,0.6,0.8,9.5,5.0,46.3,182.4,69.8,49.8,0.0,0.0,0.0,378.1,14.6,15.3,348.2,0.0,1607,,NAGOUR,
Rajasthan,Nagour,IMD110-P1605,1995,2.4,1.1,0.9,3.3,1.0,18.2,171.0,225.6,22.6,2.6,0.0,0.0,448.7,3.6,5.2,437.3,2.6,1607,,NAGOUR,
Rajasthan,Nagour,IMD110-P1605,1996,8.7,1.0,1.0,4.3,37.9,274.8,80.7,265.0,55.3,6.0,0.0,,,9.7,43.2,675.8,,1607,missing_months,NAGOUR,
Rajasthan,Nagour,IMD110-P1605,1997,,,9.5,32.0,,65.2,202.6,,50.0,,,,,,,,,1607,missing_months,NAGOUR,
Rajasthan,Nagour,IMD110-P1605,1998,0.0,4.3,,9.5,3.0,,184.0,,,74.3,0.0,0.0,,4.3,,,74.3,1607,missing_months,NAGOUR,
Rajasthan,Nagour,IMD110-P1605,1999,4.8,10.2,0.0,0.0,,,100.0,31.0,,,0.0,0.0,,15.0,,,,1607,missing_months,NAGOUR,
Rajasthan,Nagour,IMD110-P1605,2000,0.0,0.0,3.1,1.9,,15.0,144.0,47.2,15.3,0.0,0.0,0.0,,0.0,,221.5,0.0,1607,missing_months,NAGOUR,
Rajasthan,Nagour,IMD110-P1605,2001,0.3,0.0,0.0,23.7,51.7,49.0,124.9,99.7,6.4,5.5,0.0,0.0,361.3,0.3,75.5,280.0,5.5,1607,,NAGOUR,
Rajasthan,Nagour,IMD110-P1605,2002,0.4,14.3,0.0,2.5,13.4,24.0,13.1,48.0,23.5,0.0,0.5,4.7,144.3,14.7,15.9,108.5,5.2,1607,,NAGOUR,
Rajasthan,Nagour,IMD110-P1605,2003,4.1,16.2,0.0,1.6,3.2,57.6,212.3,146.0,28.5,0.0,0.0,0.0,469.6,20.3,4.8,444.5,0.0,1607,,NAGOUR,
Rajasthan,Nagour,IMD110-P1605,2004,6.5,0.0,0.0,9.5,7.0,17.7,58.5,162.6,16.0,15.0,0.0,0.0,292.7,6.5,16.5,254.8,15.0,1607,,NAGOUR,
Rajasthan,Nagour,IMD110-P1605,2005,0.0,5.7,0.7,15.5,10.9,53.3,181.4,17.0,86.9,0.0,0.0,0.0,371.4,5.7,27.1,338.6,0.0,1607,,NAGOUR,
Rajasthan,Nagour,IMD110-P1605,2007,0.4,36.3,30.0,0.7,2.1,25.1,121.7,68.4,31.5,0.0,0.0,0.0,316.1,36.6,32.8,246.7,0.0,1607,,NAGOUR,
Rajasthan,Nagour,IMD110-P1605,2008,0.0,0.0,0.0,0.0,27.7,108.6,69.6,168.4,35.4,0.7,3.3,0.1,413.9,0.0,27.7,382.0,4.1,1607,,NAGOUR,
Rajasthan,Nagour,IMD110-P1605,2009,2.2,0.0,2.4,0.0,21.6,30.3,76.2,34.0,8.0,0.8,0.8,0.0,176.3,2.2,24.0,148.5,1.6,1607,,NAGOUR,
Rajasthan,Nagour,IMD110-P1605,2010,0.2,3.1,1.9,0.0,0.5,44.0,129.1,235.5,89.1,0.0,16.1,12.7,532.2,3.3,2.5,497.7,28.8,1607,,NAGOUR,
Rajasthan,Pali,IMD110-P1608,1901,16.8,0.0,0.3,0.0,3.2,2.8,89.7,104.8,7.1,12.9,0.0,0.3,237.8,16.8,3.5,204.3,13.2,1608,,PALI,
Rajasthan,Pali,IMD110-P1608,1902,0.0,0.0,0.0,0.0,0.2,29.1,91.6,105.6,97.5,1.4,0.0,0.0,325.3,0.0,0.2,323.7,1.4,1608,,PALI,
Rajasthan,Pali,IMD110-P1608,1903,2.4,0.1,8.8,0.0,4.2,3.2,305.4,102.2,95.6,0.0,0.0,0.0,521.8,2.5,13.0,506.3,0.0,1608,,PALI,
Rajasthan,Pali,IMD110-P1608,1904,3.2,4.4,8.4,0.0,19.5,32.9,144.6,55.5,17.3,0.0,2.9,1.0,289.8,7.6,27.9,250.3,3.9,1608,,PALI,
Rajasthan,Pali,IMD110-P1608,1905,0.8,4.7,0.4,0.2,0.0,10.1,32.4,2.5,119.4,0.0,0.0,0.0,170.5,5.5,0.6,164.4,0.0,1608,,PALI,
Rajasthan,Pali,IMD110-P1608,1906,0.0,26.0,0.0,0.0,0.0,48.8,134.8,115.3,116.6,3.4,0.0,2.9,447.8,26.0,0.0,415.5,6.3,1608,,PALI,
Rajasthan,Pali,IMD110-P1608,1907,2.0,62.9,4.7,1.4,15.0,10.1,41.0,454.2,0.2,0.0,0.0,0.0,591.5,64.8,21.1,505.5,0.0,1608,,PALI,
Rajasthan,Pali,IMD110-P1608,1908,5.9,0.4,0.0,0.0,4.3,40.1,406.7,430.9,108.7,0.0,0.0,0.0,997.0,6.4,4.3,986.4,0.0,1608,,PALI,
Rajasthan,Pali,IMD110-P1608,1909,3.5,0.1,0.0,31.3,0.0,26.3,229.8,124.7,102.0,2.1,0.0,19.0,538.8,3.6,31.3,482.8,21.0,1608,,PALI,
Rajasthan,Pali,IMD110-P1608,1910,0.9,0.0,0.0,3.8,0.8,97.0,90.6,419.8,22.3,0.0,0.0,0.0,635.0,0.9,4.6,629.6,0.0,1608,,PALI,
Rajasthan,Pali,IMD110-P1608,1911,0.0,0.0,13.3,0.0,0.0,36.5,1.5,31.4,114.0,0.8,0.0,0.0,197.6,0.0,13.3,183.4,0.8,1608,,PALI,
Rajasthan,Pali,IMD110-P1608,1912,1.2,0.0,0.1,3.4,4.5,52.4,164.7,156.5,41.4,6.8,0.0,0.0,431.0,1.2,8.0,415.0,6.8,1608,,PALI,
Rajasthan,Pali,IMD110-P1608,1913,0.0,0.0,0.0,0.0,33.5,99.7,41.3,92.4,34.6,0.0,0.0,0.3,301.7,0.0,33.5,267.9,0.3,1608,,PALI,
Rajasthan,Pali,IMD110-P1608,1914,0.0,0.9,0.0,0.7,7.7,69.8,108.0,85.6,64.5,3.4,17.4,0.0,358.0,0.9,8.3,327.9,20.8,1608,,PALI,
Rajasthan,Pali,IMD110-P1608,1915,15.2,24.2,5.1,0.0,6.8,33.2,32.5,49.4,8.1,56.6,0.0,0.0,231.1,39.4,11.9,123.2,56.6,1608,,PALI,
Rajasthan,Pali,IMD110-P1608,1916,0.0,0.0,0.0,0.0,9.7,28.0,92.8,383.3,203.1,16.7,0.0,0.0,733.5,0.0,9.7,707.2,16.7,1608,,PALI,
Rajasthan,Pali,IMD110-P1608,1917,0.0,1.8,0.5,7.7,77.2,193.0,164.2,333.2,368.0,51.0,0.0,0.3,1197.0,1.8,85.5,1058.4,51.4,1608,,PALI,
Rajasthan,Pali,IMD110-P1608,1918,0.5,0.0,0.0,0.0,8.0,11.8,5.0,75.7,3.0,0.0,0.0,0.0,103.9,0.5,8.0,95.4,0.0,1608,,PALI,
Rajasthan,Pali,IMD110-P1608,1919,7.8,0.0,0.6,3.8,11.9,5.4,175.0,284.9,45.0,0.0,11.7,3.2,549.3,7.8,16.3,510.4,14.9,1608,,PALI,
Rajasthan,Pali,IMD110-P1608,1920,1.8,2.7,0.8,0.0,95.8,135.8,157.1,36.6,0.8,0.0,0.0,0.0,431.4,4.5,96.6,330.3,0.0,1608,,PALI,
Rajasthan,Pali,IMD110-P1608,1921,0.7,0.0,0.0,0.0,0.0,0.9,192.3,45.8,81.5,0.3,0.0,1.3,322.8,0.7,0.0,320.5,1.6,1608,,PALI,
Rajasthan,Pali,IMD110-P1608,1922,0.0,1.3,0.0,0.0,10.9,37.8,156.2,61.5,164.2,0.0,0.0,0.0,431.9,1.3,10.9,419.7,0.0,1608,,PALI,
Rajasthan,Pali,IMD110-P1608,1923,1.4,9.3,1.1,1.1,7.7,1.0,203.3,182.4,1.9,1.9,0.6,0.0,411.8,10.7,10.0,388.6,2.5,1608,,PALI,
Rajasthan,Pali,IMD110-P1608,1924,5.8,1.8,0.0,0.0,8.5,27.1,146.1,103.5,75.7,0.0,0.2,3.0,371.6,7.5,8.5,352.3,3.2,1608,,PALI,
Rajasthan,Pali,IMD110-P1608,1925,0.0,0.0,0.0,0.0,7.3,86.1,136.1,26.6,4.1,0.0,0.0,0.0,260.1,0.0,7.3,252.9,0.0,1608,,PALI,
Rajasthan,Pali,IMD110-P1608,1926,3.7,0.0,22.9,0.0,17.7,7.1,146.5,368.5,342.5,0.0,0.0,0.0,908.9,3.7,40.6,864.6,0.0,1608,,PALI,
Rajasthan,Pali,IMD110-P1608,1927,0.0,6.3,0.0,0.0,3.1,16.7,219.9,368.1,45.1,11.1,0.0,15.0,685.3,6.3,3.1,649.7,26.1,1608,,PALI,
Rajasthan,Pali,IMD110-P1608,1928,0.0,0.0,0.9,0.0,0.0,18.9,162.4,228.9,25.9,30.8,3.6,0.0,471.4,0.0,0.9,436.1,34.5,1608,,PALI,
Rajasthan,Pali,IMD110-P1608,1929,0.0,0.0,0.0,1.1,1.0,31.9,164.9,250.9,11.2,1.0,0.0,11.6,473.6,0.0,2.1,458.9,12.6,1608,,PALI,
Rajasthan,Pali,IMD110-P1608,1930,7.4,0.6,0.0,0.9,33.2,65.1,108.7,97.2,11.2,19.7,0.0,0.0,344.0,8.1,34.1,282.1,19.7,1608,,PALI,
Rajasthan,Pali,IMD110-P1608,1931,0.0,1.3,0.0,0.0,16.9,7.2,119.3,496.2,4.6,17.3,0.0,0.0,662.7,1.3,16.9,627.3,17.3,1608,,PALI,
Rajasthan,Pali,IMD110-P1608,1932,0.0,0.0,9.6,0.0,11.2,4.3,191.1,255.8,9.8,0.0,0.0,0.0,481.7,0.0,20.7,461.0,0.0,1608,,PALI,
Rajasthan,Pali,IMD110-P1608,1933,0.0,0.9,1.1,20.7,13.1,71.1,106.4,332.2,39.9,1.9,0.0,0.0,587.4,0.9,34.9,549.7,1.9,1608,,PALI,
Rajasthan,Pali,IMD110-P1608,1934,0.0,0.0,2.1,1.9,0.0,110.3,85.4,367.0,73.0,0.0,0.0,0.0,639.8,0.0,4.0,635.7,0.0,1609,,PALI,
Rajasthan,Pali,IMD110-P1608,1935,4.9,0.2,0.0,7.9,2.9,8.9,227.0,29.5,109.7,23.8,0.0,0.3,415.0,5.1,10.7,375.1,24.1,1609,,PALI,
Rajasthan,Pali,IMD110-P1608,1936,0.0,7.4,2.0,0.0,0.0,101.4,40.5,38.8,99.7,0.0,14.1,0.0,304.0,7.4,2.0,280.4,14.1,1609,,PALI,
Rajasthan,Pali,IMD110-P1608,1937,0.0,6.1,0.0,0.0,3.3,33.3,248.1,0.0,166.4,0.0,0.0,4.8,462.0,6.1,3.3,447.8,4.8,1609,,PALI,
Rajasthan,Pali,IMD110-P1608,1938,0.0,0.0,0.0,0.0,0.0,97.0,233.2,110.7,6.0,1.3,0.0,0.0,448.2,0.0,0.0,446.9,1.3,1609,,PALI,
Rajasthan,Pali,IMD110-P1608,1939,0.0,30.0,10.7,0.0,0.0,16.6,43.9,97.0,39.3,0.0,0.0,0.0,237.6,30.0,10.7,196.8,0.0,1609,,PALI,
Rajasthan,Pali,IMD110-P1608,1940,30.6,9.4,7.1,0.2,4.6,34.0,76.9,379.2,20.2,0.0,7.0,0.0,569.2,40.1,11.8,510.3,7.0,1609,,PALI,
Rajasthan,Pali,IMD110-P1608,1941,0.6,0.6,0.0,0.0,0.6,4.6,162.4,245.8,24.3,0.0,0.0,4.3,443.2,1.2,0.6,437.1,4.3,1609,,PALI,
Rajasthan,Pali,IMD110-P1608,1942,0.0,9.3,0.0,0.0,17.9,28.5,207.9,143.7,84.0,0.0,0.0,0.6,491.9,9.3,17.9,464.1,0.6,1609,,PALI,
Rajasthan,Pali,IMD110-P1608,1943,0.1,0.0,0.0,4.7,0.0,30.7,499.4,74.8,77.8,0.0,0.0,0.0,687.6,0.1,4.7,682.7,0.0,1609,,PALI,
Rajasthan,Pali,IMD110-P1608,1944,10.1,1.2,7.4,6.0,0.0,30.2,149.1,720.3,10.4,1.8,0.0,0.0,936.4,11.3,13.4,910.0,1.8,1609,,PALI,
Rajasthan,Pali,IMD110-P1608,1945,12.9,0.0,0.0,3.5,13.0,118.5,220.0,147.9,13.5,0.0,0.0,0.0,529.3,12.9,16.5,499.8,0.0,1609,,PALI,
Rajasthan,Pali,IMD110-P1608,1946,0.0,3.8,0.0,0.0,0.0,48.4,58.4,233.7,20.1,0.0,0.0,2.0,366.4,3.8,0.0,360.6,2.0,1609,,PALI,
Rajasthan,Pali,IMD110-P1608,1947,1.1,0.0,0.0,0.0,0.6,0.0,99.1,225.6,136.5,0.4,0.0,0.0,463.3,1.1,0.6,461.2,0.4,1609,,PALI,
Rajasthan,Pali,IMD110-P1608,1948,41.2,14.3,0.0,0.0,0.0,27.8,184.0,84.3,29.5,6.4,0.8,0.0,388.3,55.4,0.0,325.6,7.2,1609,,PALI,
Rajasthan,Pali,IMD110-P1608,1949,0.0,0.0,0.0,0.0,0.0,34.1,152.6,49.8,10.2,0.4,0.0,0.0,247.1,0.0,0.0,246.7,0.4,1609,,PALI,
Rajasthan,Pali,IMD110-P1608,1950,0.0,0.0,0.2,0.0,0.0,3.8,147.5,71.0,304.3,0.0,0.0,0.0,526.8,0.0,0.2,526.6,0.0,1609,,PALI,
Rajasthan,Pali,IMD110-P1608,1951,0.0,0.0,2.5,0.0,25.3,55.0,87.5,77.4,0.5,2.6,13.0,0.0,263.8,0.0,27.8,220.3,15.6,1609,,PALI,
Rajasthan,Pali,IMD110-P1608,1952,0.0,6.4,0.8,0.2,0.0,47.7,441.5,108.0,4.8,0.0,0.0,0.0,609.3,6.4,1.0,601.9,0.0,1609,,PALI,
Rajasthan,Pali,IMD110-P1608,1953,8.6,0.0,0.0,0.0,2.1,39.5,166.3,237.5,39.5,0.0,0.0,0.0,493.5,8.6,2.1,482.8,0.0,1609,,PALI,
Rajasthan,Pali,IMD110-P1608,1954,0.0,0.0,4.3,0.0,0.0,13.1,215.9,75.3,158.4,1.3,0.0,0.0,468.3,0.0,4.3,462.7,1.3,1609,,PALI,
Rajasthan,Pali,IMD110-P1608,1955,4.3,0.9,0.0,0.0,3.4,39.9,4.8,346.4,309.0,18.0,0.0,0.0,726.6,5.1,3.4,700.1,18.0,1609,,PALI,
Rajasthan,Pali,IMD110-P1608,1956,0.0,0.0,2.6,0.0,0.0,16.5,351.6,79.5,30.6,58.2,0.0,4.1,543.1,0.0,2.6,478.2,62.3,1609,,PALI,
Rajasthan,Pali,IMD110-P1608,1957,21.3,0.0,3.9,0.0,0.0,48.6,100.9,207.3,21.3,7.1,8.2,1.8,420.5,21.3,3.9,378.1,17.2,1609,,PALI,
Rajasthan,Pali,IMD110-P1608,1958,0.7,0.0,0.0,0.0,0.9,21.3,142.6,35.3,179.1,9.7,8.4,0.0,397.9,0.7,0.9,378.2,18.1,1609,,PALI,
Rajasthan,Pali,IMD110-P1608,1959,0.0,0.0,0.0,6.5,27.2,31.0,199.1,136.4,178.5,26.5,19.7,0.0,624.8,0.0,33.6,545.0,46.2,1609,,PALI,
Rajasthan,Pali,IMD110-P1608,1960,0.3,0.0,1.1,0.6,0.0,25.4,108.1,147.8,10.1,0.0,0.0,1.6,295.0,0.3,1.7,291.4,1.6,1609,,PALI,
Rajasthan,Pali,IMD110-P1608,1961,2.5,6.5,0.0,0.0,4.3,66.9,137.4,106.7,326.0,14.1,0.9,1.1,666.4,9.1,4.3,637.0,16.0,1609,,PALI,
Rajasthan,Pali,IMD110-P1608,1962,0.0,0.0,5.1,0.0,0.0,17.5,219.6,75.6,50.5,0.0,0.8,0.0,369.0,0.0,5.1,363.2,0.8,1609,,PALI,
Rajasthan,Pali,IMD110-P1608,1963,0.0,0.1,7.6,1.5,0.3,17.1,42.7,177.6,41.9,11.2,13.0,0.2,313.1,0.1,9.4,279.3,24.3,1609,,PALI,
Rajasthan,Pali,IMD110-P1608,1964,0.0,0.0,0.0,0.0,17.4,53.2,194.7,251.4,36.7,0.4,0.0,0.0,553.8,0.0,17.4,536.0,0.4,1609,,PALI,
Rajasthan,Pali,IMD110-P1608,1965,9.7,3.6,4.2,1.0,9.6,4.8,327.3,107.4,17.3,3.0,0.0,0.0,487.8,13.2,14.8,456.8,3.0,1609,,PALI,
Rajasthan,Pali,IMD110-P1608,1966,0.4,0.0,0.0,0.0,0.0,54.2,132.4,131.0,125.4,0.0,1.3,0.0,444.8,0.4,0.0,443.1,1.3,1609,,PALI,
Rajasthan,Pali,IMD110-P1608,1967,0.0,0.0,85.4,6.5,0.3,56.5,164.2,129.3,244.5,0.0,0.6,15.2,702.6,0.0,92.2,594.5,15.8,1609,,PALI,
Rajasthan,Pali,IMD110-P1608,1968,0.8,0.0,0.6,0.0,20.1,0.3,154.2,108.8,1.5,0.0,0.0,0.0,286.4,0.8,20.8,264.8,0.0,1610,,PALI,
Rajasthan,Pali,IMD110-P1608,1969,2.9,0.0,0.0,0.0,0.0,4.2,75.0,79.7,18.3,0.0,0.4,0.0,180.6,2.9,0.0,177.2,0.4,1610,,PALI,
Rajasthan,Pali,IMD110-P1608,1970,0.0,5.1,0.0,0.0,4.8,73.7,99.0,398.1,101.8,0.0,0.0,0.0,682.6,5.1,4.8,672.7,0.0,1610,,PALI,
Rajasthan,Pali,IMD110-P1608,1971,0.0,0.0,0.0,0.0,0.0,63.0,163.0,71.7,14.5,2.8,0.0,0.0,315.0,0.0,0.0,312.2,2.8,1610,,PALI,
Rajasthan,Pali,IMD110-P1608,1972,0.0,0.4,0.0,0.0,0.3,66.9,77.6,190.8,6.0,0.0,0.0,0.0,342.0,0.4,0.3,341.3,0.0,1610,,PALI,
Rajasthan,Pali,IMD110-P1608,1973,0.6,0.4,0.0,0.0,3.0,62.0,122.5,520.2,302.7,0.1,0.0,0.0,1011.4,1.0,3.0,1007.4,0.1,1610,,PALI,
Rajasthan,Pali,IMD110-P1608,1974,0.0,0.0,0.0,0.0,8.1,20.5,48.5,96.2,3.7,11.6,0.0,0.0,188.6,0.0,8.1,169.0,11.6,1610,,PALI,
Rajasthan,Pali,IMD110-P1608,1975,0.0,0.2,0.0,0.0,0.5,72.4,267.7,139.8,198.8,27.4,0.0,0.0,706.9,0.2,0.5,678.8,27.4,1610,,PALI,
Rajasthan,Pali,IMD110-P1608,1976,2.8,1.4,0.0,0.0,0.0,14.5,75.7,254.8,103.1,0.0,7.6,0.0,459.7,4.2,0.0,448.0,7.6,1610,,PALI,
Rajasthan,Pali,IMD110-P1608,1977,2.5,0.2,0.0,1.0,3.9,115.5,185.6,94.9,0.0,0.0,0.0,0.0,403.7,2.8,4.9,396.0,0.0,1610,,PALI,
Rajasthan,Pali,IMD110-P1608,1978,0.0,4.2,0.9,2.1,0.0,43.2,242.2,128.4,32.3,7.6,8.9,0.0,469.8,4.2,3.0,446.1,16.5,1610,,PALI,
Rajasthan,Pali,IMD110-P1608,1979,0.9,18.2,0.0,0.0,12.5,42.5,448.6,122.6,7.8,5.5,12.0,0.0,670.5,19.1,12.5,621.5,17.5,1610,,PALI,
Rajasthan,Pali,IMD110-P1608,1980,0.0,0.0,0.0,0.0,0.4,76.9,276.1,67.3,25.0,0.0,0.0,13.0,458.7,0.0,0.4,445.3,13.1,1610,,PALI,
Rajasthan,Pali,IMD110-P1608,1981,3.5,0.0,0.2,0.0,1.8,34.2,86.9,32.4,42.4,0.0,13.7,0.3,215.6,3.5,2.0,195.9,14.1,1610,,PALI,
Rajasthan,Pali,IMD110-P1608,1982,9.7,1.2,6.2,6.4,47.6,18.6,109.3,132.9,36.2,1.6,18.4,1.6,389.7,10.9,60.3,297.0,21.6,1610,,PALI,
Rajasthan,Pali,IMD110-P1608,1983,0.0,0.0,0.0,27.3,22.7,67.7,318.0,188.3,40.0,25.4,0.0,0.0,689.3,0.0,50.0,614.0,25.4,1610,,PALI,
Rajasthan,Pali,IMD110-P1608,1984,0.0,0.0,0.0,0.4,0.0,37.0,102.3,104.6,54.7,0.0,0.0,0.0,299.0,0.0,0.4,298.5,0.0,1610,,PALI,
Rajasthan,Pali,IMD110-P1608,1985,0.0,0.0,0.0,6.6,50.4,32.2,71.8,98.8,8.6,6.1,0.0,3.7,278.2,0.0,57.0,211.4,9.8,1610,,PALI,
Rajasthan,Pali,IMD110-P1608,1986,0.0,2.3,0.0,0.0,24.5,12.3,198.2,83.7,0.1,0.0,0.0,0.0,321.2,2.3,24.5,294.3,0.0,1610,,PALI,
Rajasthan,Pali,IMD110-P1608,1987,6.7,0.0,0.0,0.0,5.7,43.2,47.6,46.3,0.1,0.0,0.0,18.1,167.8,6.7,5.8,137.2,18.1,1610,,PALI,
Rajasthan,Pali,IMD110-P1608,1988,2.0,0.0,0.0,5.4,0.0,75.9,190.8,145.9,96.9,8.5,0.0,0.0,525.4,2.0,5.4,509.5,8.5,1610,,PALI,
Rajasthan,Pali,IMD110-P1608,1989,11.3,0.0,0.0,0.0,0.0,51.9,104.7,226.7,32.4,0.0,0.0,0.0,426.9,11.3,0.0,415.6,0.0,1610,,PALI,
Rajasthan,Pali,IMD110-P1608,1990,0.0,20.9,0.5,1.5,14.9,64.5,364.2,334.5,87.9,7.0,9.4,0.0,905.3,20.9,16.9,851.0,16.4,1610,,PALI,
Rajasthan,Pali,IMD110-P1608,1991,0.0,0.2,0.0,25.3,0.0,11.8,168.1,164.6,51.8,0.0,0.0,0.1,421.9,0.2,25.3,396.3,0.1,1610,,PALI,
Rajasthan,Pali,IMD110-P1608,1992,11.9,4.1,0.0,0.0,9.3,7.9,261.9,247.2,237.2,0.4,0.0,0.0,780.0,16.0,9.3,754.2,0.4,1610,,PALI,
Rajasthan,Pali,IMD110-P1608,1993,0.3,3.5,0.0,0.1,1.5,99.0,202.8,13.2,71.9,5.8,0.0,0.0,398.1,3.7,1.7,386.9,5.8,1610,,PALI,
Rajasthan,Pali,IMD110-P1608,1994,18.2,0.0,0.0,8.6,1.3,65.5,329.3,323.4,75.1,0.0,0.0,0.0,821.3,18.2,9.9,793.3,0.0,1610,,PALI,
Rajasthan,Pali,IMD110-P1608,1995,6.2,0.0,0.6,0.0,0.0,15.2,387.5,119.4,34.3,12.8,0.0,0.0,575.9,6.2,0.6,556.4,12.8,1610,,PALI,
Rajasthan,Pali,IMD110-P1608,1996,2.6,0.0,0.0,8.4,4.0,61.3,145.7,167.5,27.6,0.0,0.0,0.0,417.1,2.6,12.4,402.1,0.0,1610,,PALI,
Rajasthan,Pali,IMD110-P1608,1997,0.0,0.0,0.0,6.5,69.8,100.0,281.6,262.2,136.9,9.6,1.8,0.0,868.5,0.0,76.3,780.8,11.4,1610,,PALI,
Rajasthan,Pali,IMD110-P1608,1998,0.0,2.4,0.0,0.0,0.3,33.8,164.8,63.0,124.6,99.7,0.4,0.0,488.9,2.4,0.3,386.2,100.1,1610,,PALI,
Rajasthan,Pali,IMD110-P1608,1999,9.7,4.3,0.0,0.0,6.6,54.4,28.4,105.0,14.8,39.2,0.0,0.0,262.5,14.1,6.6,202.6,39.2,1610,,PALI,
Rajasthan,Pali,IMD110-P1608,2000,0.0,0.0,0.0,6.5,13.7,0.0,252.9,30.0,18.6,0.0,0.0,0.0,321.7,0.0,20.2,301.5,0.0,1610,,PALI,
Rajasthan,Pali,IMD110-P1608,2001,0.0,0.0,0.0,1.4,7.9,48.3,260.5,135.4,6.8,1.0,0.0,0.0,461.4,0.0,9.4,451.0,1.0,1610,,PALI,
Rajasthan,Pali,IMD110-P1608,2002,0.0,3.1,0.0,1.8,1.4,59.9,0.7,42.4,34.6,0.0,0.0,1.4,145.2,3.1,3.1,137.5,1.4,1611,,PALI,
Rajasthan,Pali,IMD110-P1608,2003,0.0,14.8,0.0,0.0,0.0,67.3,242.6,156.6,16.9,0.0,0.0,0.0,498.2,14.8,0.0,483.4,0.0,1611,,PALI,
Rajasthan,Pali,IMD110-P1608,2004,0.0,0.0,0.0,0.0,0.6,43.2,71.1,192.1,9.7,9.3,0.0,0.0,326.0,0.0,0.6,316.1,9.3,1611,,PALI,
Rajasthan,Pali,IMD110-P1608,2005,0.0,0.0,0.0,8.8,6.8,17.2,106.3,55.1,158.5,0.0,0.0,0.0,352.6,0.0,15.6,337.0,0.0,1611,,PALI,
Rajasthan,Pali,IMD110-P1608,2006,0.0,0.0,4.0,0.0,0.5,42.6,131.2,377.9,66.2,0.0,0.0,0.0,622.3,0.0,4.5,617.8,0.0,1611,,PALI,
Rajasthan,Pali,IMD110-P1608,2007,0.0,4.1,5.8,0.3,0.1,42.7,329.0,80.4,41.3,0.0,0.0,0.0,503.5,4.1,6.1,493.3,0.0,1611,,PALI,
Rajasthan,Pali,IMD110-P1608,2008,0.0,0.1,0.3,4.5,14.3,37.9,37.5,146.7,39.0,0.3,0.0,0.0,280.5,0.1,19.1,261.1,0.3,1611,,PALI,
Rajasthan,Pali,IMD110-P1608,2009,0.0,0.0,0.3,0.0,2.3,16.3,150.9,53.1,3.4,0.0,0.0,0.0,226.4,0.0,2.6,223.8,0.0,1611,,PALI,
Rajasthan,Pali,IMD110-P1608,2010,0.3,0.1,0.0,0.8,0.0,4.8,130.6,213.7,95.8,0.5,34.7,1.0,482.3,0.4,0.8,444.9,36.2,1611,,PALI,
Rajasthan,Pratapgarh,IMD110-P1612,2001,0.0,0.0,0.0,1.5,1.0,126.3,438.8,118.6,8.2,8.7,0.0,0.0,703.1,0.0,2.5,691.9,8.7,1612,,PRATAPGARH,
Rajasthan,Pratapgarh,IMD110-P1612,2002,0.0,0.0,0.0,0.3,0.0,142.7,4.5,233.7,87.3,0.0,3.3,0.5,472.4,0.0,0.3,468.2,3.8,1612,,PRATAPGARH,
Rajasthan,Pratapgarh,IMD110-P1612,2003,0.0,43.8,0.0,0.0,11.3,184.8,204.3,183.2,167.8,0.0,0.0,0.0,795.0,43.8,11.3,740.0,0.0,1612,,PRATAPGARH,
Rajasthan,Pratapgarh,IMD110-P1612,2004,0.4,0.0,0.0,0.0,0.2,81.4,180.4,673.0,13.2,49.2,0.0,0.0,997.8,0.4,0.2,948.0,49.2,1612,,PRATAPGARH,
Rajasthan,Pratapgarh,IMD110-P1612,2005,0.3,0.0,0.0,4.7,0.0,43.9,329.1,122.4,241.8,0.0,0.0,0.0,742.2,0.3,4.7,737.2,0.0,1612,,PRATAPGARH,
Rajasthan,Pratapgarh,IMD110-P1612,2006,0.3,0.0,3.6,0.0,0.0,155.8,357.7,856.1,180.1,0.0,1.5,0.0,1555.1,0.3,3.6,1549.7,1.5,1612,,PRATAPGARH,
Rajasthan,Pratapgarh,IMD110-P1612,2007,0.3,5.7,0.0,0.0,12.0,32.3,353.2,388.0,129.6,0.0,0.0,0.0,921.0,6.0,12.0,903.0,0.0,1612,,PRATAPGARH,
Rajasthan,Pratapgarh,IMD110-P1612,2008,0.5,0.0,0.8,0.0,0.0,104.3,341.5,246.3,123.8,10.5,18.3,0.0,845.8,0.5,0.8,815.8,28.8,1612,,PRATAPGARH,
Rajasthan,Pratapgarh,IMD110-P1612,2009,0.3,0.0,0.0,0.0,1.0,65.2,381.1,280.8,120.3,32.3,0.0,0.0,881.0,0.3,1.0,847.4,32.3,1612,,PRATAPGARH,
Rajasthan,Pratapgarh,IMD110-P1612,2010,0.0,0.4,0.0,0.0,0.3,40.0,206.8,274.8,148.4,0.0,37.1,1.8,709.6,0.4,0.3,670.0,38.9,1612,,PRATAPGARH,
Rajasthan,Rajasmand,IMD110-P1613,1901,18.5,0.0,0.0,0.0,0.0,18.8,143.2,35.3,3.6,1.3,0.0,0.0,220.7,18.5,0.0,200.9,1.3,1613,,RAJASMAND,
Rajasthan,Rajasmand,IMD110-P1613,1902,0.0,0.0,0.0,2.3,,63.2,97.6,144.0,271.2,18.3,0.0,0.0,,0.0,,576.0,18.3,1613,missing_months,RAJASMAND,
Rajasthan,Rajasmand,IMD110-P1613,1903,0.5,1.5,0.0,0.0,29.6,11.2,439.1,116.1,112.6,0.0,0.0,0.0,710.6,2.0,29.6,679.0,0.0,1613,,RAJASMAND,
Rajasthan,Rajasmand,IMD110-P1613,1904,4.6,4.3,22.6,0.0,21.5,96.5,248.4,170.1,11.7,0.0,0.0,5.1,584.8,8.9,44.1,526.7,5.1,1613,,RAJASMAND,
Rajasthan,Rajasmand,IMD110-P1613,1905,4.6,5.4,1.3,0.0,0.0,3.0,76.9,5.3,118.9,0.0,0.0,0.0,215.4,10.0,1.3,204.1,0.0,1613,,RAJASMAND,
Rajasthan,Rajasmand,IMD110-P1613,1906,0.0,0.0,0.0,0.0,0.0,28.7,132.6,99.9,216.2,0.0,0.0,12.7,490.1,0.0,0.0,477.4,12.7,1613,,RAJASMAND,
Rajasthan,Rajasmand,IMD110-P1613,1907,0.0,43.1,2.5,0.0,12.2,38.6,39.6,380.7,1.8,0.0,0.0,0.0,518.5,43.1,14.7,460.7,0.0,1613,,RAJASMAND,
Rajasthan,Rajasmand,IMD110-P1613,1908,0.0,0.0,0.0,0.0,0.0,58.5,564.0,417.5,29.3,0.0,0.0,0.0,1069.3,0.0,0.0,1069.3,0.0,1613,,RAJASMAND,
Rajasthan,Rajasmand,IMD110-P1613,1909,0.0,0.0,0.0,42.0,0.0,43.1,283.8,142.0,119.9,0.0,0.0,12.7,643.5,0.0,42.0,588.8,12.7,1613,,RAJASMAND,
Rajasthan,Rajasmand,IMD110-P1613,1910,0.0,0.0,0.0,0.0,0.0,45.0,91.1,386.3,3.0,0.0,0.0,0.0,525.4,0.0,0.0,525.4,0.0,1613,,RAJASMAND,
Rajasthan,Rajasmand,IMD110-P1613,1911,0.0,0.0,22.6,0.0,0.0,2.9,13.2,23.4,126.5,0.0,0.0,0.0,188.6,0.0,22.6,166.0,0.0,1613,,RAJASMAND,
Rajasthan,Rajasmand,IMD110-P1613,1912,6.9,0.0,0.0,0.5,0.0,18.3,109.4,124.2,24.1,6.6,0.0,0.0,290.0,6.9,0.5,276.0,6.6,1613,,RAJASMAND,
Rajasthan,Rajasmand,IMD110-P1613,1913,0.0,0.0,0.0,0.0,34.3,91.4,51.1,63.6,71.0,5.8,0.0,0.5,317.7,0.0,34.3,277.1,6.3,1613,,RAJASMAND,
Rajasthan,Rajasmand,IMD110-P1613,1914,0.0,1.0,,0.0,0.0,30.0,148.0,55.5,72.7,0.0,31.0,0.0,,1.0,,306.2,31.0,1613,missing_months,RAJASMAND,
Rajasthan,Rajasmand,IMD110-P1613,1915,6.4,22.4,0.0,0.0,0.0,0.0,37.5,28.8,0.0,120.4,0.0,0.0,215.5,28.8,0.0,66.3,120.4,1613,,RAJASMAND,
Rajasthan,Rajasmand,IMD110-P1613,1916,0.0,0.0,0.0,0.0,0.0,43.5,58.5,347.5,176.3,49.4,0.0,0.0,675.2,0.0,0.0,625.8,49.4,1613,,RAJASMAND,
Rajasthan,Rajasmand,IMD110-P1613,1917,0.0,0.0,0.0,10.6,144.2,224.8,185.4,611.1,494.9,111.1,0.0,0.0,1782.1,0.0,154.8,1516.2,111.1,1613,,RAJASMAND,
Rajasthan,Rajasmand,IMD110-P1613,1918,5.8,0.0,0.0,0.0,3.3,0.0,23.5,102.6,6.9,0.0,0.0,0.0,142.1,5.8,3.3,133.0,0.0,1613,,RAJASMAND,
Rajasthan,Rajasmand,IMD110-P1613,1919,,0.0,0.0,0.0,0.0,0.0,33.8,0.0,0.0,0.0,25.9,20.3,,,0.0,33.8,46.2,1613,missing_months,RAJASMAND,
Rajasthan,Rajasmand,IMD110-P1613,1920,0.0,0.0,0.0,0.0,69.6,238.9,228.0,38.1,0.0,0.0,0.0,0.0,574.6,0.0,69.6,505.0,0.0,1613,,RAJASMAND,
Rajasthan,Rajasmand,IMD110-P1613,1921,0.0,0.0,0.0,0.0,0.0,10.2,177.6,178.9,68.3,10.2,0.0,0.0,445.2,0.0,0.0,435.0,10.2,1613,,RAJASMAND,
Rajasthan,Rajasmand,IMD110-P1613,1922,1.3,0.0,0.0,0.0,13.7,104.7,207.0,73.3,149.8,0.0,0.0,0.0,549.8,1.3,13.7,534.8,0.0,1613,,RAJASMAND,
Rajasthan,Rajasmand,IMD110-P1613,1923,3.0,1.3,5.1,0.0,10.4,0.0,243.6,217.0,0.0,0.0,0.0,0.0,480.4,4.3,15.5,460.6,0.0,1613,,RAJASMAND,
Rajasthan,Rajasmand,IMD110-P1613,1924,13.5,0.0,0.0,0.0,0.0,31.7,101.0,110.8,167.6,0.0,0.0,5.1,429.7,13.5,0.0,411.1,5.1,1613,,RAJASMAND,
Rajasthan,Rajasmand,IMD110-P1613,1925,0.0,0.0,0.0,0.0,10.2,73.2,69.3,5.3,26.7,0.0,0.0,0.0,184.7,0.0,10.2,174.5,0.0,1613,,RAJASMAND,
Rajasthan,Rajasmand,IMD110-P1613,1926,0.0,0.0,3.3,0.0,0.0,0.0,50.1,186.2,489.5,0.0,0.0,0.0,729.1,0.0,3.3,725.8,0.0,1613,,RAJASMAND,
Rajasthan,Rajasmand,IMD110-P1613,1927,0.0,0.0,0.0,0.0,10.2,27.7,184.6,487.7,150.9,,0.0,21.8,,0.0,10.2,850.9,,1613,missing_months,RAJASMAND,
Rajasthan,Rajasmand,IMD110-P1613,1928,0.0,0.0,0.0,0.0,0.0,15.7,301.0,244.1,80.1,17.0,0.0,0.0,657.9,0.0,0.0,640.9,17.0,1613,,RAJASMAND,
Rajasthan,Rajasmand,IMD110-P1613,1929,0.0,0.0,0.0,0.0,0.0,7.6,302.0,235.7,6.6,0.0,0.0,18.6,570.5,0.0,0.0,551.9,18.6,1613,,RAJASMAND,
Rajasthan,Rajasmand,IMD110-P1613,1930,33.3,0.0,0.0,0.0,54.9,80.7,99.7,125.4,37.9,9.7,0.0,0.0,441.6,33.3,54.9,343.7,9.7,1613,,RAJASMAND,
Rajasthan,Rajasmand,IMD110-P1613,1931,0.0,0.0,0.0,0.0,15.7,23.4,88.0,680.1,0.0,132.1,0.0,0.0,939.3,0.0,15.7,791.5,132.1,1613,,RAJASMAND,
Rajasthan,Rajasmand,IMD110-P1613,1932,0.0,0.0,16.3,0.0,0.0,0.0,290.1,207.0,44.2,0.0,0.0,0.0,557.6,0.0,16.3,541.3,0.0,1613,,RAJASMAND,
Rajasthan,Rajasmand,IMD110-P1613,1933,0.0,0.0,0.0,24.6,0.0,250.4,131.7,223.3,72.4,0.0,0.0,0.0,702.4,0.0,24.6,677.8,0.0,1613,,RAJASMAND,
Rajasthan,Rajasmand,IMD110-P1613,1934,0.0,0.0,2.0,0.0,0.0,68.2,169.0,388.3,37.1,0.0,0.0,0.0,664.6,0.0,2.0,662.6,0.0,1613,,RAJASMAND,
Rajasthan,Rajasmand,IMD110-P1613,1935,34.3,10.9,0.0,4.6,0.0,45.0,443.1,141.4,216.7,30.5,0.0,0.0,926.5,45.2,4.6,846.2,30.5,1613,,RAJASMAND,
Rajasthan,Rajasmand,IMD110-P1613,1936,0.0,0.0,19.1,0.0,0.0,75.6,43.4,52.6,154.2,0.0,0.0,0.0,344.9,0.0,19.1,325.8,0.0,1613,,RAJASMAND,
Rajasthan,Rajasmand,IMD110-P1613,1937,0.0,0.0,0.0,0.0,25.4,41.0,218.6,15.3,125.6,3.8,0.0,3.8,433.5,0.0,25.4,400.5,7.6,1613,,RAJASMAND,
Rajasthan,Rajasmand,IMD110-P1613,1938,0.0,0.0,0.0,0.0,0.0,117.2,245.4,186.0,0.0,0.0,0.0,0.0,548.6,0.0,0.0,548.6,0.0,1613,,RAJASMAND,
Rajasthan,Rajasmand,IMD110-P1613,1939,0.0,20.3,86.6,0.0,0.0,10.4,30.5,67.3,75.2,0.0,0.0,0.0,290.3,20.3,86.6,183.4,0.0,1613,,RAJASMAND,
Rajasthan,Rajasmand,IMD110-P1613,1940,39.9,16.3,46.7,2.3,0.0,55.7,180.8,457.8,47.7,0.0,22.6,0.0,869.8,56.2,49.0,742.0,22.6,1613,,RAJASMAND,
Rajasthan,Rajasmand,IMD110-P1613,1941,0.0,0.0,7.1,0.0,16.1,8.1,274.9,263.2,34.3,0.0,0.0,7.6,611.3,0.0,23.2,580.5,7.6,1614,,RAJASMAND,
Rajasthan,Rajasmand,IMD110-P1613,1942,10.1,2.5,0.0,0.0,20.1,62.3,202.3,172.0,95.2,0.0,0.0,0.0,564.5,12.7,20.1,531.8,0.0,1614,,RAJASMAND,
Rajasthan,Rajasmand,IMD110-P1613,1943,0.0,0.0,0.0,4.4,0.0,19.0,593.0,78.5,91.4,0.0,0.0,0.0,786.5,0.0,4.4,782.0,0.0,1614,,RAJASMAND,
Rajasthan,Rajasmand,IMD110-P1613,1944,14.4,0.0,23.2,0.0,0.0,75.8,277.3,545.4,38.1,15.1,0.0,10.1,999.4,14.4,23.2,936.6,25.2,1614,,RAJASMAND,
Rajasthan,Rajasmand,IMD110-P1613,1945,0.0,0.0,0.0,4.4,3.8,112.0,325.8,116.7,49.3,5.7,0.0,0.0,617.8,0.0,8.3,603.8,5.7,1614,,RAJASMAND,
Rajasthan,Rajasmand,IMD110-P1613,1946,0.0,17.1,0.0,0.0,0.0,68.6,73.6,285.8,103.4,8.9,0.0,10.1,567.5,17.1,0.0,531.3,19.0,1614,,RAJASMAND,
Rajasthan,Rajasmand,IMD110-P1613,1947,0.0,0.0,0.0,0.0,0.0,0.0,62.3,392.5,200.7,6.3,0.0,0.0,661.8,0.0,0.0,655.5,6.3,1614,,RAJASMAND,
Rajasthan,Rajasmand,IMD110-P1613,1948,24.5,10.1,0.0,0.0,1.9,0.0,162.5,101.6,0.0,0.0,0.0,0.0,300.6,34.7,1.9,264.1,0.0,1614,,RAJASMAND,
Rajasthan,Rajasmand,IMD110-P1613,1949,0.0,0.0,0.0,0.0,3.8,34.8,221.1,41.5,29.5,0.0,0.0,0.0,330.6,0.0,3.8,326.9,0.0,1614,,RAJASMAND,
Rajasthan,Rajasmand,IMD110-P1613,1950,0.0,0.0,0.0,0.0,3.2,15.8,292.1,87.7,393.7,0.0,0.0,0.0,792.6,0.0,3.2,789.4,0.0,1614,,RAJASMAND,
Rajasthan,Rajasmand,IMD110-P1613,1951,0.0,0.0,0.0,0.0,31.1,93.0,130.0,105.6,6.3,0.0,20.0,0.0,385.9,0.0,31.1,334.8,20.0,1614,,RAJASMAND,
Rajasthan,Rajasmand,IMD110-P1613,1952,0.0,0.0,0.0,0.0,0.0,50.9,376.5,116.8,7.1,0.0,0.0,0.0,551.3,0.0,0.0,551.3,0.0,1614,,RAJASMAND,
Rajasthan,Rajasmand,IMD110-P1613,1953,22.9,0.0,0.0,1.5,3.2,26.3,197.6,140.6,46.6,0.0,0.0,0.0,438.6,22.9,4.7,411.0,0.0,1614,,RAJASMAND,
Rajasthan,Rajasmand,IMD110-P1613,1954,0.0,3.0,16.1,0.0,0.0,26.1,221.0,97.6,114.2,0.0,0.0,0.0,478.0,3.0,16.1,458.9,0.0,1614,,RAJASMAND,
Rajasthan,Rajasmand,IMD110-P1613,1955,3.0,0.0,0.0,0.0,15.1,43.0,11.1,265.0,201.8,59.0,0.0,0.0,598.0,3.0,15.1,520.8,59.0,1614,,RAJASMAND,
Rajasthan,Rajasmand,IMD110-P1613,1956,0.0,0.0,8.6,0.0,0.0,13.3,231.6,150.3,42.8,160.6,0.0,10.1,617.3,0.0,8.6,437.9,170.7,1614,,RAJASMAND,
Rajasthan,Rajasmand,IMD110-P1613,1957,19.9,0.0,9.1,0.0,0.0,102.8,84.3,200.2,15.8,27.3,1.0,0.0,460.3,19.9,9.1,403.0,28.3,1614,,RAJASMAND,
Rajasthan,Rajasmand,IMD110-P1613,1958,2.3,0.0,0.0,0.0,0.0,48.1,159.0,113.4,166.4,8.6,1.3,0.0,499.1,2.3,0.0,486.9,9.8,1614,,RAJASMAND,
Rajasthan,Rajasmand,IMD110-P1613,1959,0.0,0.0,0.0,6.4,31.2,55.2,244.4,201.3,160.4,59.8,7.8,0.0,766.5,0.0,37.6,661.3,67.6,1614,,RAJASMAND,
Rajasthan,Rajasmand,IMD110-P1613,1960,0.0,0.0,16.6,1.3,3.3,116.2,86.4,222.5,16.4,0.0,0.0,0.0,462.6,0.0,21.2,441.4,0.0,1614,,RAJASMAND,
Rajasthan,Rajasmand,IMD110-P1613,1961,0.8,1.6,0.0,0.0,7.4,58.4,178.5,142.0,291.0,3.8,0.0,0.4,683.8,2.4,7.4,669.9,4.3,1614,,RAJASMAND,
Rajasthan,Rajasmand,IMD110-P1613,1962,0.0,0.0,2.5,2.7,0.0,11.4,167.7,138.5,90.8,0.0,5.1,4.1,422.9,0.0,5.2,408.5,9.2,1614,,RAJASMAND,
Rajasthan,Rajasmand,IMD110-P1613,1963,0.0,0.0,0.0,5.3,0.7,31.1,147.1,160.9,49.5,16.5,13.0,0.0,424.1,0.0,6.0,388.6,29.5,1614,,RAJASMAND,
Rajasthan,Rajasmand,IMD110-P1613,1964,0.0,0.0,0.0,0.0,33.0,80.9,105.1,264.2,46.2,1.0,0.0,0.0,530.4,0.0,33.0,496.4,1.0,1614,,RAJASMAND,
Rajasthan,Rajasmand,IMD110-P1613,1965,17.8,0.7,3.3,0.5,5.9,4.4,332.2,82.4,19.6,14.5,0.0,0.0,481.5,18.5,9.8,438.7,14.5,1614,,RAJASMAND,
Rajasthan,Rajasmand,IMD110-P1613,1966,1.4,1.1,0.0,0.0,6.4,71.2,175.9,83.2,186.0,0.0,2.7,4.9,532.8,2.6,6.4,516.2,7.5,1614,,RAJASMAND,
Rajasthan,Rajasmand,IMD110-P1613,1967,0.0,0.0,101.1,4.2,0.4,95.0,173.9,87.7,222.9,0.0,0.0,7.7,693.0,0.0,105.7,579.6,7.7,1614,,RAJASMAND,
Rajasthan,Rajasmand,IMD110-P1613,1968,0.0,0.0,12.3,0.0,18.1,,198.7,183.4,25.6,1.2,0.0,1.1,,0.0,30.5,,2.2,1614,missing_months,RAJASMAND,
Rajasthan,Rajasmand,IMD110-P1613,1969,0.0,0.0,0.9,0.0,0.0,8.9,117.2,141.6,,,0.6,0.0,,0.0,0.9,,,1614,missing_months,RAJASMAND,
Rajasthan,Rajasmand,IMD110-P1613,1970,0.0,7.6,0.0,0.0,4.7,117.9,81.7,370.5,92.6,10.2,0.0,0.0,685.2,7.6,4.7,662.7,10.2,1614,,RAJASMAND,
Rajasthan,Rajasmand,IMD110-P1613,1971,0.0,0.0,0.0,0.0,13.1,92.4,195.4,91.7,31.4,16.6,0.0,0.0,440.7,0.0,13.1,411.0,16.6,1614,,RAJASMAND,
Rajasthan,Rajasmand,IMD110-P1613,1972,0.0,5.1,0.0,0.0,0.9,107.2,38.0,204.1,4.9,0.0,0.0,0.0,360.2,5.1,0.9,354.2,0.0,1614,,RAJASMAND,
Rajasthan,Rajasmand,IMD110-P1613,1973,1.1,0.0,0.0,0.0,10.3,57.0,213.8,524.6,305.0,0.0,0.0,1.0,1112.8,1.1,10.3,1100.4,1.0,1614,,RAJASMAND,
Rajasthan,Rajasmand,IMD110-P1613,1974,0.0,0.0,0.0,1.7,31.1,49.1,118.6,73.5,25.9,45.1,0.0,0.9,345.9,0.0,32.8,267.1,46.0,1614,,RAJASMAND,
Rajasthan,Rajasmand,IMD110-P1613,1975,0.0,0.0,0.0,0.0,0.0,113.5,213.3,179.2,195.4,72.0,0.0,0.0,773.3,0.0,0.0,701.4,72.0,1614,,RAJASMAND,
Rajasthan,Rajasmand,IMD110-P1613,1976,23.5,2.9,0.0,0.0,1.6,24.5,206.3,299.3,107.9,3.1,27.1,0.0,696.2,26.3,1.6,638.0,30.3,1614,,RAJASMAND,
Rajasthan,Rajasmand,IMD110-P1613,1977,14.4,3.3,0.0,0.0,41.7,99.4,,,44.2,0.0,0.0,0.0,,17.7,41.7,,0.0,1614,missing_months,RAJASMAND,
Rajasthan,Rajasmand,IMD110-P1613,1978,0.0,16.3,6.0,2.3,0.0,67.1,282.3,170.9,41.7,28.8,21.9,6.9,644.1,16.3,8.3,562.0,57.5,1614,,RAJASMAND,
Rajasthan,Rajasmand,IMD110-P1613,1979,0.0,22.7,2.1,0.0,36.3,56.3,262.8,142.7,12.4,16.1,62.2,5.9,619.5,22.7,38.4,474.2,84.2,1614,,RAJASMAND,
Rajasthan,Rajasmand,IMD110-P1613,1980,0.1,0.0,0.0,0.0,0.0,254.7,148.4,34.4,38.8,0.0,0.0,38.5,515.0,0.1,0.0,476.3,38.5,1614,,RAJASMAND,
Rajasthan,Rajasmand,IMD110-P1613,1981,2.3,0.0,2.3,0.0,3.3,54.6,102.6,99.6,93.6,5.3,43.6,2.2,409.3,2.3,5.6,350.4,51.1,1614,,RAJASMAND,
Rajasthan,Rajasmand,IMD110-P1613,1982,12.7,0.0,0.0,9.4,35.1,25.4,149.1,229.1,4.2,4.7,72.1,2.7,544.4,12.7,44.4,407.7,79.5,1615,,RAJASMAND,
Rajasthan,Rajasmand,IMD110-P1613,1983,0.0,0.0,0.0,26.4,0.7,126.6,225.0,200.5,108.7,24.9,0.0,0.0,712.7,0.0,27.1,660.8,24.9,1615,,RAJASMAND,
Rajasthan,Rajasmand,IMD110-P1613,1984,0.0,0.0,0.0,0.0,0.0,40.6,113.3,186.1,40.1,0.0,0.0,0.0,380.1,0.0,0.0,380.1,0.0,1615,,RAJASMAND,
Rajasthan,Rajasmand,IMD110-P1613,1985,0.0,0.0,0.0,5.4,15.1,21.5,67.2,178.2,11.6,39.9,0.0,4.4,343.3,0.0,20.5,278.4,44.3,1615,,RAJASMAND,
Rajasthan,Rajasmand,IMD110-P1613,1986,1.3,4.2,0.0,0.0,23.6,50.1,212.3,157.7,20.8,1.6,0.0,0.0,471.6,5.5,23.6,441.0,1.6,1615,,RAJASMAND,
Rajasthan,Rajasmand,IMD110-P1613,1987,7.1,0.0,0.1,0.0,14.0,64.3,68.0,118.4,9.7,0.6,0.0,28.8,311.0,7.1,14.1,260.4,29.4,1615,,RAJASMAND,
Rajasthan,Rajasmand,IMD110-P1613,1988,1.1,0.0,0.6,7.0,1.1,115.6,222.5,153.6,128.1,0.4,0.0,0.0,630.1,1.1,8.7,619.8,0.4,1615,,RAJASMAND,
Rajasthan,Rajasmand,IMD110-P1613,1989,10.9,0.0,0.0,1.3,0.0,79.9,153.8,229.1,40.4,0.0,0.0,0.0,515.4,10.9,1.3,503.1,0.0,1615,,RAJASMAND,
Rajasthan,Rajasmand,IMD110-P1613,1990,0.0,12.3,2.1,0.0,46.4,70.5,185.5,318.1,143.9,9.3,2.0,0.0,790.1,12.3,48.6,718.0,11.3,1615,,RAJASMAND,
Rajasthan,Rajasmand,IMD110-P1613,1991,0.0,3.0,0.0,23.9,0.0,29.5,308.1,106.6,29.6,0.0,3.7,1.6,505.9,3.0,23.9,473.7,5.3,1615,,RAJASMAND,
Rajasthan,Rajasmand,IMD110-P1613,1992,1.3,1.3,0.0,0.0,32.1,12.1,213.5,239.4,192.7,2.4,3.3,0.0,698.2,2.6,32.1,657.8,5.7,1615,,RAJASMAND,
Rajasthan,Rajasmand,IMD110-P1613,1993,0.0,3.7,0.0,8.9,7.1,81.9,168.6,31.7,54.5,25.2,0.0,0.0,381.6,3.7,16.0,336.6,25.2,1615,,RAJASMAND,
Rajasthan,Rajasmand,IMD110-P1613,1994,23.7,0.1,0.0,1.7,9.1,96.1,245.1,269.1,104.3,0.0,0.0,0.0,749.4,23.9,10.9,714.6,0.0,1615,,RAJASMAND,
Rajasthan,Rajasmand,IMD110-P1613,1995,17.4,2.0,0.0,0.0,1.6,12.6,356.9,135.0,29.6,25.6,0.0,3.4,584.0,19.4,1.6,534.0,29.0,1615,,RAJASMAND,
Rajasthan,Rajasmand,IMD110-P1613,1996,3.5,,,2.7,0.0,66.8,139.2,164.8,62.8,0.2,5.6,9.3,,,,433.5,15.1,1615,missing_months,RAJASMAND,
Rajasthan,Rajasmand,IMD110-P1613,1997,0.0,,0.5,19.0,,,,,45.3,,29.0,0.0,,,,,,1615,missing_months,RAJASMAND,
Rajasthan,Rajasmand,IMD110-P1613,1998,0.0,0.7,3.5,,0.0,79.0,,,,143.6,12.5,0.0,,0.7,,,156.1,1615,missing_months,RAJASMAND,
Rajasthan,Rajasmand,IMD110-P1613,1999,0.7,2.0,0.0,0.0,,,,,,,0.0,0.0,,2.7,,,,1615,missing_months,RAJASMAND,
Rajasthan,Rajasmand,IMD110-P1613,2000,0.0,0.0,,0.0,22.0,13.4,140.0,53.4,13.4,1.0,0.0,,,0.0,,220.2,,1615,missing_months,RAJASMAND,
Rajasthan,Rajasmand,IMD110-P1613,2001,1.0,0.0,0.9,8.5,13.6,89.9,293.5,139.7,13.1,13.1,0.0,0.0,573.3,1.0,23.0,536.2,13.1,1615,,RAJASMAND,
Rajasthan,Rajasmand,IMD110-P1613,2002,0.0,3.5,0.0,3.9,2.4,86.1,0.0,119.8,67.5,0.0,0.1,2.6,286.0,3.5,6.3,273.5,2.7,1615,,RAJASMAND,
Rajasthan,Rajasmand,IMD110-P1613,2003,0.0,24.5,0.0,0.0,0.0,49.1,201.2,128.2,54.4,0.0,0.0,0.0,457.3,24.5,0.0,432.8,0.0,1615,,RAJASMAND,
Rajasthan,Rajasmand,IMD110-P1613,2004,0.0,0.0,0.0,0.0,1.1,45.7,98.5,227.0,41.8,26.9,0.0,0.0,441.0,0.0,1.1,413.0,26.9,1615,,RAJASMAND,
Rajasthan,Rajasmand,IMD110-P1613,2005,0.0,0.0,0.0,17.6,0.2,38.5,156.3,190.5,295.0,0.0,0.0,0.0,698.2,0.0,17.8,680.4,0.0,1615,,RAJASMAND,
Rajasthan,Rajasmand,IMD110-P1613,2006,0.0,0.0,5.6,0.0,2.2,92.9,162.0,442.1,57.1,0.0,0.0,0.0,761.9,0.0,7.8,754.1,0.0,1615,,RAJASMAND,
Rajasthan,Rajasmand,IMD110-P1613,2007,0.0,11.8,3.8,0.0,5.2,43.6,340.5,112.6,61.2,0.0,0.0,0.0,578.7,11.8,9.0,557.9,0.0,1615,,RAJASMAND,
Rajasthan,Rajasmand,IMD110-P1613,2008,0.0,0.0,0.7,11.2,28.5,36.2,58.9,145.1,83.8,9.1,0.0,0.0,373.5,0.0,40.4,324.0,9.1,1615,,RAJASMAND,
Rajasthan,Rajasmand,IMD110-P1613,2009,0.7,0.0,3.7,0.0,5.6,64.8,238.0,93.8,3.0,2.5,2.0,0.0,414.3,0.7,9.4,399.6,4.5,1615,,RAJASMAND,
Rajasthan,Rajasmand,IMD110-P1613,2010,2.9,0.0,0.0,0.0,0.0,27.8,224.0,291.1,73.7,0.0,114.1,1.8,735.5,2.9,0.0,616.6,115.9,1615,,RAJASMAND,
Rajasthan,Sawai Madhopur,IMD110-P1616,1901,26.6,19.6,4.2,2.6,2.7,9.3,222.1,190.8,8.3,8.7,0.0,2.0,496.8,46.2,9.5,430.4,10.7,1616,,SAWAI MADHOPUR,
Rajasthan,Sawai Madhopur,IMD110-P1616,1902,9.8,0.0,0.0,0.0,7.8,27.8,463.7,91.1,116.2,28.1,0.0,0.0,744.6,9.8,7.8,698.9,28.1,1616,,SAWAI MADHOPUR,
Rajasthan,Sawai Madhopur,IMD110-P1616,1903,0.5,0.0,0.0,0.0,20.4,32.3,127.8,345.1,85.4,60.8,0.0,0.0,672.3,0.5,20.4,590.7,60.8,1616,,SAWAI MADHOPUR,
Rajasthan,Sawai Madhopur,IMD110-P1616,1904,2.3,5.8,20.4,0.0,14.7,29.9,451.3,355.9,64.6,0.0,6.7,24.7,976.3,8.1,35.2,901.7,31.4,1616,,SAWAI MADHOPUR,
Rajasthan,Sawai Madhopur,IMD110-P1616,1905,4.2,13.1,0.2,1.7,0.3,10.5,68.0,36.8,70.3,0.0,0.0,2.4,207.5,17.3,2.2,185.6,2.4,1616,,SAWAI MADHOPUR,
Rajasthan,Sawai Madhopur,IMD110-P1616,1906,0.0,13.8,5.2,0.0,0.9,56.8,173.2,57.4,187.1,0.0,0.0,2.0,496.6,13.8,6.2,474.6,2.0,1616,,SAWAI MADHOPUR,
Rajasthan,Sawai Madhopur,IMD110-P1616,1907,16.1,39.3,11.9,11.1,13.8,22.8,131.9,284.1,0.8,0.0,0.0,0.0,531.8,55.4,36.8,439.6,0.0,1616,,SAWAI MADHOPUR,
Rajasthan,Sawai Madhopur,IMD110-P1616,1908,18.5,0.0,0.7,1.4,13.0,54.4,447.2,343.9,46.0,0.0,0.3,0.7,926.1,18.5,15.2,891.5,0.9,1616,,SAWAI MADHOPUR,
Rajasthan,Sawai Madhopur,IMD110-P1616,1909,10.0,1.4,0.0,67.4,6.2,170.8,230.0,150.8,52.7,0.0,0.0,23.2,712.5,11.4,73.6,604.3,23.2,1616,,SAWAI MADHOPUR,
Rajasthan,Sawai Madhopur,IMD110-P1616,1910,19.7,1.2,0.0,2.2,4.5,65.5,61.2,249.3,201.6,61.7,0.1,0.0,667.1,20.9,6.7,577.7,61.8,1616,,SAWAI MADHOPUR,
Rajasthan,Sawai Madhopur,IMD110-P1616,1911,22.6,0.4,11.2,1.7,0.3,53.8,52.4,125.6,232.1,9.3,55.8,0.9,566.0,23.0,13.2,463.9,65.9,1616,,SAWAI MADHOPUR,
Rajasthan,Sawai Madhopur,IMD110-P1616,1912,8.1,2.5,0.8,2.6,8.0,32.5,279.7,299.6,76.1,0.9,0.0,4.4,715.1,10.6,11.4,688.0,5.2,1616,,SAWAI MADHOPUR,
Rajasthan,Sawai Madhopur,IMD110-P1616,1913,0.0,12.6,0.4,0.0,24.7,60.6,114.9,37.9,13.2,0.0,0.0,25.7,289.8,12.6,25.0,226.5,25.7,1616,,SAWAI MADHOPUR,
Rajasthan,Sawai Madhopur,IMD110-P1616,1914,0.0,0.3,1.0,0.4,8.8,64.7,350.2,129.3,90.2,5.2,1.1,0.0,651.2,0.3,10.2,634.4,6.3,1616,,SAWAI MADHOPUR,
Rajasthan,Sawai Madhopur,IMD110-P1616,1915,14.2,38.1,67.6,0.8,4.9,30.9,53.6,155.1,24.5,27.2,0.0,0.6,417.5,52.3,73.4,264.0,27.8,1616,,SAWAI MADHOPUR,
Rajasthan,Sawai Madhopur,IMD110-P1616,1916,0.0,3.2,0.0,0.0,0.4,44.0,189.3,452.2,107.9,32.0,0.0,0.0,828.9,3.2,0.4,793.4,32.0,1616,,SAWAI MADHOPUR,
Rajasthan,Sawai Madhopur,IMD110-P1616,1917,1.1,9.3,4.8,7.6,83.3,77.6,434.6,523.0,336.8,65.0,0.0,0.0,1543.1,10.5,95.7,1371.9,65.0,1616,,SAWAI MADHOPUR,
Rajasthan,Sawai Madhopur,IMD110-P1616,1918,6.6,0.0,1.3,0.2,0.0,16.8,53.9,139.4,8.8,0.0,2.1,0.0,229.1,6.6,1.5,218.9,2.1,1616,,SAWAI MADHOPUR,
Rajasthan,Sawai Madhopur,IMD110-P1616,1919,20.5,0.0,0.4,7.3,20.3,12.6,468.4,518.5,59.4,0.0,17.0,7.0,1131.5,20.5,28.0,1059.0,23.9,1616,,SAWAI MADHOPUR,
Rajasthan,Sawai Madhopur,IMD110-P1616,1920,12.4,5.9,0.1,0.0,17.8,133.1,227.9,70.5,16.2,0.0,0.0,0.0,483.8,18.3,17.9,447.7,0.0,1616,,SAWAI MADHOPUR,
Rajasthan,Sawai Madhopur,IMD110-P1616,1921,54.3,0.0,0.0,0.0,0.0,19.6,156.3,213.0,183.2,0.0,0.0,0.0,626.5,54.3,0.0,572.1,0.0,1616,,SAWAI MADHOPUR,
Rajasthan,Sawai Madhopur,IMD110-P1616,1922,2.7,0.0,0.0,0.0,5.4,78.2,299.2,313.0,126.2,1.8,0.5,9.9,837.0,2.7,5.4,816.7,12.1,1616,,SAWAI MADHOPUR,
Rajasthan,Sawai Madhopur,IMD110-P1616,1923,0.0,9.8,0.0,0.4,1.7,6.8,307.5,304.2,83.0,0.0,0.7,23.6,737.6,9.8,2.0,701.5,24.3,1616,,SAWAI MADHOPUR,
Rajasthan,Sawai Madhopur,IMD110-P1616,1924,17.5,6.6,0.0,0.0,1.2,22.2,348.5,425.2,305.4,10.8,4.4,37.3,1179.0,24.1,1.2,1101.3,52.5,1616,,SAWAI MADHOPUR,
Rajasthan,Sawai Madhopur,IMD110-P1616,1925,0.0,0.0,0.0,0.0,10.4,140.3,299.2,76.4,8.6,2.1,31.4,0.0,568.5,0.0,10.4,524.5,33.6,1616,,SAWAI MADHOPUR,
Rajasthan,Sawai Madhopur,IMD110-P1616,1926,1.5,0.0,39.5,1.3,11.0,17.1,201.9,359.8,133.0,0.0,0.0,0.0,765.1,1.5,51.8,711.8,0.0,1616,,SAWAI MADHOPUR,
Rajasthan,Sawai Madhopur,IMD110-P1616,1927,0.0,3.2,0.3,2.1,3.2,12.1,256.0,241.2,35.4,6.2,21.8,16.3,597.7,3.2,5.5,544.7,44.3,1616,,SAWAI MADHOPUR,
Rajasthan,Sawai Madhopur,IMD110-P1616,1928,2.3,42.8,0.0,0.0,0.7,9.9,174.5,71.4,11.3,219.5,9.6,1.7,543.8,45.1,0.7,267.2,230.8,1616,,SAWAI MADHOPUR,
Rajasthan,Sawai Madhopur,IMD110-P1616,1929,3.5,2.7,0.0,8.1,2.2,30.3,235.8,136.8,32.3,1.3,0.0,10.1,463.1,6.2,10.3,435.2,11.5,1616,,SAWAI MADHOPUR,
Rajasthan,Sawai Madhopur,IMD110-P1616,1930,23.6,0.3,0.0,0.8,11.2,43.0,262.0,205.8,24.6,70.0,0.0,0.0,641.4,23.9,12.0,535.4,70.0,1616,,SAWAI MADHOPUR,
Rajasthan,Sawai Madhopur,IMD110-P1616,1931,0.0,4.1,0.0,0.0,2.6,4.9,161.1,288.3,94.3,47.6,0.0,0.1,603.1,4.1,2.6,548.6,47.8,1616,,SAWAI MADHOPUR,
Rajasthan,Sawai Madhopur,IMD110-P1616,1932,1.3,4.6,20.0,7.4,2.8,13.9,193.4,226.6,126.1,0.0,0.0,0.2,596.4,5.9,30.2,560.1,0.2,1616,,SAWAI MADHOPUR,
Rajasthan,Sawai Madhopur,IMD110-P1616,1933,0.4,14.2,4.8,23.6,24.0,390.4,156.4,229.1,200.2,14.9,1.8,1.4,1061.2,14.5,52.5,976.1,18.1,1616,,SAWAI MADHOPUR,
Rajasthan,Sawai Madhopur,IMD110-P1616,1934,2.1,0.0,34.1,1.0,0.5,129.4,129.6,458.9,119.4,0.0,0.0,21.4,896.4,2.1,35.6,837.4,21.4,1616,,SAWAI MADHOPUR,
Rajasthan,Sawai Madhopur,IMD110-P1616,1935,15.5,4.7,0.0,8.9,0.0,21.8,448.9,179.9,137.4,10.6,0.0,9.9,837.6,20.2,8.9,788.0,20.5,1616,,SAWAI MADHOPUR,
Rajasthan,Sawai Madhopur,IMD110-P1616,1936,3.6,5.4,21.1,0.1,1.7,155.3,142.9,232.0,155.9,0.0,1.0,6.6,725.5,9.0,22.9,686.1,7.6,1616,,SAWAI MADHOPUR,
Rajasthan,Sawai Madhopur,IMD110-P1616,1937,0.0,6.3,0.0,1.1,4.9,41.5,315.3,76.6,105.1,0.4,2.2,15.2,568.7,6.3,6.0,538.5,17.9,1616,,SAWAI MADHOPUR,
Rajasthan,Sawai Madhopur,IMD110-P1616,1938,2.0,0.0,0.0,0.3,3.7,95.3,208.3,100.6,10.0,0.6,0.0,0.0,420.7,2.0,4.0,414.1,0.6,1616,,SAWAI MADHOPUR,
Rajasthan,Sawai Madhopur,IMD110-P1616,1939,0.9,4.7,2.5,0.0,0.0,53.7,130.7,48.9,84.2,3.3,0.0,0.0,328.9,5.6,2.5,317.5,3.3,1616,,SAWAI MADHOPUR,
Rajasthan,Sawai Madhopur,IMD110-P1616,1940,24.4,21.3,6.2,0.5,6.2,32.8,172.9,251.7,11.4,0.0,1.5,0.3,529.2,45.7,12.8,468.8,1.8,1616,,SAWAI MADHOPUR,
Rajasthan,Sawai Madhopur,IMD110-P1616,1941,12.2,0.5,0.5,0.0,6.7,46.1,60.5,136.8,125.8,0.7,0.0,0.0,389.7,12.7,7.2,369.1,0.7,1617,,SAWAI MADHOPUR,
Rajasthan,Sawai Madhopur,IMD110-P1616,1942,32.2,7.9,0.0,1.4,5.5,55.6,631.9,334.5,141.0,0.0,0.0,0.0,1210.0,40.0,7.0,1163.0,0.0,1617,,SAWAI MADHOPUR,
Rajasthan,Sawai Madhopur,IMD110-P1616,1943,15.9,0.0,0.0,4.3,10.6,42.2,314.8,196.3,227.5,0.0,0.0,0.0,811.5,15.9,14.9,780.7,0.0,1617,,SAWAI MADHOPUR,
Rajasthan,Sawai Madhopur,IMD110-P1616,1944,7.6,6.6,35.5,9.6,0.0,70.1,298.5,180.9,25.9,15.5,0.0,1.5,651.8,14.3,45.1,575.4,16.9,1617,,SAWAI MADHOPUR,
Rajasthan,Sawai Madhopur,IMD110-P1616,1945,19.8,0.0,0.0,0.0,4.8,104.7,331.0,379.2,187.9,3.3,0.0,0.0,1030.7,19.8,4.8,1002.7,3.3,1617,,SAWAI MADHOPUR,
Rajasthan,Sawai Madhopur,IMD110-P1616,1946,0.0,22.3,0.0,5.2,2.1,80.0,257.7,485.2,71.4,21.2,0.3,40.3,985.7,22.3,7.3,894.3,61.8,1617,,SAWAI MADHOPUR,
Rajasthan,Sawai Madhopur,IMD110-P1616,1947,10.7,2.7,1.0,0.0,1.6,28.7,155.2,285.8,245.3,14.1,0.0,5.7,750.7,13.3,2.6,715.0,19.8,1617,,SAWAI MADHOPUR,
Rajasthan,Sawai Madhopur,IMD110-P1616,1948,19.0,5.0,0.4,0.0,1.7,15.8,238.1,398.0,85.5,14.0,2.3,0.3,780.1,24.0,2.0,737.5,16.6,1617,,SAWAI MADHOPUR,
Rajasthan,Sawai Madhopur,IMD110-P1616,1949,0.0,1.7,0.8,0.0,4.3,14.1,278.3,87.2,140.6,10.7,0.5,0.0,538.2,1.7,5.1,520.3,11.2,1617,,SAWAI MADHOPUR,
Rajasthan,Sawai Madhopur,IMD110-P1616,1950,0.3,1.2,5.4,0.0,7.9,10.5,237.7,267.2,183.6,0.0,0.0,0.0,713.8,1.5,13.3,699.0,0.0,1617,,SAWAI MADHOPUR,
Rajasthan,Sawai Madhopur,IMD110-P1616,1951,4.5,0.0,11.1,2.8,21.3,36.6,52.9,220.5,43.4,0.0,30.5,0.0,423.6,4.5,35.2,353.5,30.5,1617,,SAWAI MADHOPUR,
Rajasthan,Sawai Madhopur,IMD110-P1616,1952,0.0,3.2,2.1,3.6,0.0,123.7,100.1,321.0,0.6,0.0,0.0,3.7,558.0,3.2,5.8,545.4,3.7,1617,,SAWAI MADHOPUR,
Rajasthan,Sawai Madhopur,IMD110-P1616,1953,32.0,0.0,0.0,0.0,0.9,39.0,123.7,284.9,25.1,1.2,0.0,0.0,506.8,32.0,0.9,472.7,1.2,1617,,SAWAI MADHOPUR,
Rajasthan,Sawai Madhopur,IMD110-P1616,1954,6.1,24.2,3.4,0.0,0.0,33.9,221.1,78.4,194.2,16.3,0.0,0.0,577.7,30.3,3.4,527.7,16.3,1617,,SAWAI MADHOPUR,
Rajasthan,Sawai Madhopur,IMD110-P1616,1955,21.4,4.5,3.4,0.0,2.0,117.7,66.6,376.1,165.6,42.6,0.0,0.0,799.8,25.9,5.3,726.0,42.6,1617,,SAWAI MADHOPUR,
Rajasthan,Sawai Madhopur,IMD110-P1616,1956,12.9,0.3,26.2,0.0,0.0,15.9,467.0,385.4,63.0,121.2,0.0,5.9,1097.6,13.1,26.2,931.2,127.1,1617,,SAWAI MADHOPUR,
Rajasthan,Sawai Madhopur,IMD110-P1616,1957,32.8,0.0,20.2,1.0,6.1,74.5,335.6,167.9,159.1,19.8,0.0,5.2,822.2,32.8,27.4,737.1,25.0,1617,,SAWAI MADHOPUR,
Rajasthan,Sawai Madhopur,IMD110-P1616,1958,1.4,1.5,0.0,0.0,0.9,32.4,471.4,127.0,289.7,8.7,0.0,1.8,934.8,2.9,0.9,920.6,10.5,1617,,SAWAI MADHOPUR,
Rajasthan,Sawai Madhopur,IMD110-P1616,1959,5.6,0.0,0.0,6.7,75.3,33.4,262.8,410.0,100.3,25.5,4.8,0.0,924.3,5.6,81.9,806.5,30.2,1617,,SAWAI MADHOPUR,
Rajasthan,Sawai Madhopur,IMD110-P1616,1960,1.2,0.0,1.5,0.0,0.0,49.3,116.6,449.8,12.6,0.1,0.0,0.0,631.1,1.2,1.5,628.3,0.1,1617,,SAWAI MADHOPUR,
Rajasthan,Sawai Madhopur,IMD110-P1616,1961,37.4,4.1,0.0,1.0,9.6,8.8,286.6,286.3,259.6,17.8,5.1,0.0,916.1,41.4,10.6,841.2,22.9,1617,,SAWAI MADHOPUR,
Rajasthan,Sawai Madhopur,IMD110-P1616,1962,0.0,0.0,0.8,0.0,0.0,1.1,237.3,191.2,147.1,0.0,0.0,20.3,597.9,0.0,0.8,576.7,20.3,1617,,SAWAI MADHOPUR,
Rajasthan,Sawai Madhopur,IMD110-P1616,1963,0.0,0.0,0.0,5.9,0.8,42.0,113.3,338.4,123.7,0.0,8.9,0.0,632.9,0.0,6.7,617.3,8.9,1617,,SAWAI MADHOPUR,
Rajasthan,Sawai Madhopur,IMD110-P1616,1964,0.0,0.0,0.0,0.0,31.7,33.9,291.7,384.9,53.7,0.0,0.0,0.0,795.9,0.0,31.7,764.2,0.0,1617,,SAWAI MADHOPUR,
Rajasthan,Sawai Madhopur,IMD110-P1616,1965,0.0,2.1,1.7,0.9,1.7,2.5,158.6,80.4,133.5,11.8,0.0,0.0,393.1,2.1,4.4,374.9,11.8,1617,,SAWAI MADHOPUR,
Rajasthan,Sawai Madhopur,IMD110-P1616,1966,0.0,0.0,0.0,0.0,15.9,92.8,109.5,211.2,59.9,0.8,0.0,0.0,490.1,0.0,15.9,473.3,0.8,1617,,SAWAI MADHOPUR,
Rajasthan,Sawai Madhopur,IMD110-P1616,1967,0.0,0.0,33.8,0.0,0.0,62.9,96.1,490.3,142.7,0.0,0.0,30.7,856.5,0.0,33.8,792.0,30.7,1617,,SAWAI MADHOPUR,
Rajasthan,Sawai Madhopur,IMD110-P1616,1968,9.8,0.0,0.0,0.0,0.0,0.5,630.9,189.1,19.0,0.0,0.0,0.0,849.3,9.8,0.0,839.5,0.0,1617,,SAWAI MADHOPUR,
Rajasthan,Sawai Madhopur,IMD110-P1616,1969,13.4,0.9,0.0,0.0,5.5,8.8,233.5,261.0,111.3,0.0,1.2,0.0,635.5,14.2,5.5,614.6,1.2,1617,,SAWAI MADHOPUR,
Rajasthan,Sawai Madhopur,IMD110-P1616,1970,1.5,45.6,3.0,0.0,2.9,24.9,89.2,268.6,148.1,2.2,0.0,0.0,586.1,47.1,5.9,530.8,2.2,1617,,SAWAI MADHOPUR,
Rajasthan,Sawai Madhopur,IMD110-P1616,1971,4.3,0.8,0.0,3.2,21.9,260.3,362.6,206.5,133.5,5.4,3.0,0.0,1001.6,5.1,25.1,963.0,8.4,1617,,SAWAI MADHOPUR,
Rajasthan,Sawai Madhopur,IMD110-P1616,1972,0.0,3.5,0.0,0.0,0.0,31.8,79.1,454.7,8.7,6.8,5.6,0.0,590.3,3.5,0.0,574.3,12.4,1617,,SAWAI MADHOPUR,
Rajasthan,Sawai Madhopur,IMD110-P1616,1973,2.7,12.8,1.2,0.0,15.4,12.6,180.0,339.7,112.0,41.2,0.0,1.2,718.5,15.4,16.5,644.2,42.4,1617,,SAWAI MADHOPUR,
Rajasthan,Sawai Madhopur,IMD110-P1616,1974,0.0,0.0,0.0,0.0,0.0,33.9,427.1,131.3,28.9,86.8,0.0,5.8,713.9,0.0,0.0,621.3,92.6,1617,,SAWAI MADHOPUR,
Rajasthan,Sawai Madhopur,IMD110-P1616,1975,0.3,1.0,0.0,0.0,1.3,59.8,387.8,413.7,117.0,38.2,0.5,0.0,1019.5,1.3,1.3,978.3,38.7,1617,,SAWAI MADHOPUR,
Rajasthan,Sawai Madhopur,IMD110-P1616,1976,6.3,0.0,0.0,0.0,23.2,129.0,191.5,252.8,57.3,0.3,50.4,0.0,710.8,6.3,23.2,630.6,50.7,1617,,SAWAI MADHOPUR,
Rajasthan,Sawai Madhopur,IMD110-P1616,1977,8.4,2.9,0.0,0.6,4.2,88.4,436.5,,180.3,0.0,0.0,1.9,,11.2,4.8,,1.9,1617,missing_months,SAWAI MADHOPUR,
Rajasthan,Sawai Madhopur,IMD110-P1616,1978,0.0,5.6,3.7,0.7,0.0,83.4,319.1,371.0,94.6,0.4,0.0,0.9,879.6,5.6,4.4,868.2,1.4,1617,,SAWAI MADHOPUR,
Rajasthan,Sawai Madhopur,IMD110-P1616,1979,1.3,23.4,6.8,0.1,5.8,46.1,313.9,72.3,7.5,0.3,19.0,4.2,500.6,24.7,12.7,439.8,23.4,1617,,SAWAI MADHOPUR,
Rajasthan,Sawai Madhopur,IMD110-P1616,1980,0.0,1.6,1.1,0.0,1.5,115.1,242.0,277.4,10.3,0.0,0.5,7.7,657.1,1.6,2.6,644.8,8.2,1617,,SAWAI MADHOPUR,
Rajasthan,Sawai Madhopur,IMD110-P1616,1981,1.0,0.0,2.7,0.0,13.1,34.7,583.0,152.1,14.6,1.1,1.9,0.2,804.4,1.0,15.7,784.4,3.3,1617,,SAWAI MADHOPUR,
Rajasthan,Sawai Madhopur,IMD110-P1616,1982,12.4,1.9,6.0,10.9,19.8,36.4,186.8,355.6,22.1,3.0,26.1,0.8,681.8,14.3,36.8,600.9,29.8,1618,,SAWAI MADHOPUR,
Rajasthan,Sawai Madhopur,IMD110-P1616,1983,1.7,1.4,0.2,61.6,44.8,56.2,402.6,269.4,205.3,47.9,0.0,0.0,1091.1,3.1,106.5,933.5,47.9,1618,,SAWAI MADHOPUR,
Rajasthan,Sawai Madhopur,IMD110-P1616,1984,1.6,0.0,0.0,0.1,0.0,34.0,114.7,203.6,102.1,0.0,0.0,0.0,456.2,1.6,0.1,454.4,0.0,1618,,SAWAI MADHOPUR,
Rajasthan,Sawai Madhopur,IMD110-P1616,1985,4.4,0.0,1.1,3.0,1.1,26.5,275.0,202.2,16.6,140.8,0.0,21.1,692.0,4.4,5.2,520.4,161.9,1618,,SAWAI MADHOPUR,
Rajasthan,Sawai Madhopur,IMD110-P1616,1986,2.2,51.1,0.0,0.0,26.5,53.3,286.2,146.0,61.7,17.9,0.0,0.0,644.8,53.3,26.5,547.2,17.9,1618,,SAWAI MADHOPUR,
Rajasthan,Sawai Madhopur,IMD110-P1616,1987,6.4,11.3,0.0,0.0,17.7,27.0,63.7,161.5,61.7,4.8,0.0,37.5,391.5,17.7,17.7,313.8,42.3,1618,,SAWAI MADHOPUR,
Rajasthan,Sawai Madhopur,IMD110-P1616,1988,3.7,0.8,9.0,0.9,0.0,95.2,253.8,212.2,63.1,39.3,0.0,0.0,677.9,4.4,9.9,624.3,39.3,1618,,SAWAI MADHOPUR,
Rajasthan,Sawai Madhopur,IMD110-P1616,1989,1.6,0.0,2.0,0.0,0.1,22.1,119.1,221.8,15.3,0.0,0.1,1.1,383.3,1.6,2.1,378.4,1.2,1618,,SAWAI MADHOPUR,
Rajasthan,Sawai Madhopur,IMD110-P1616,1990,0.0,18.3,0.0,0.4,2.0,32.2,155.0,146.6,166.6,0.9,0.7,1.7,524.5,18.3,2.4,500.5,3.4,1618,,SAWAI MADHOPUR,
Rajasthan,Sawai Madhopur,IMD110-P1616,1991,0.0,0.3,0.1,4.3,3.4,3.3,203.3,266.2,59.7,0.0,0.6,10.5,551.8,0.3,7.7,532.6,11.2,1618,,SAWAI MADHOPUR,
Rajasthan,Sawai Madhopur,IMD110-P1616,1992,3.3,3.9,8.2,0.0,4.1,21.1,320.6,271.2,75.3,87.9,0.1,0.0,795.7,7.2,12.3,688.2,88.0,1618,,SAWAI MADHOPUR,
Rajasthan,Sawai Madhopur,IMD110-P1616,1993,0.0,12.5,7.3,1.9,5.3,98.8,134.4,116.0,134.4,7.6,0.0,0.0,518.3,12.5,14.6,483.6,7.6,1618,,SAWAI MADHOPUR,
Rajasthan,Sawai Madhopur,IMD110-P1616,1994,33.8,0.1,0.4,10.0,5.9,73.1,405.3,296.8,57.5,0.0,0.0,0.0,882.8,33.8,16.2,832.7,0.0,1618,,SAWAI MADHOPUR,
Rajasthan,Sawai Madhopur,IMD110-P1616,1995,62.4,0.6,6.9,0.0,1.7,19.8,241.0,550.9,115.1,0.7,0.0,1.1,1000.3,62.9,8.5,926.9,1.9,1618,,SAWAI MADHOPUR,
Rajasthan,Sawai Madhopur,IMD110-P1616,1996,0.0,0.0,9.6,0.4,6.0,37.8,171.1,396.4,137.3,19.7,0.0,0.0,778.4,0.0,16.0,742.7,19.7,1618,,SAWAI MADHOPUR,
Rajasthan,Sawai Madhopur,IMD110-P1616,1997,0.0,0.0,2.0,4.0,20.0,84.0,222.0,412.0,112.0,81.0,70.0,27.0,1034.0,0.0,26.0,830.0,178.0,1618,,SAWAI MADHOPUR,
Rajasthan,Sawai Madhopur,IMD110-P1616,1998,0.0,3.0,5.3,10.0,0.0,61.0,394.0,313.0,103.0,70.0,0.0,0.0,959.3,3.0,15.3,871.0,70.0,1618,,SAWAI MADHOPUR,
Rajasthan,Sawai Madhopur,IMD110-P1616,1999,13.3,11.0,0.0,0.0,4.0,213.0,370.0,187.0,207.0,42.0,0.0,0.0,1047.3,24.3,4.0,977.0,42.0,1618,,SAWAI MADHOPUR,
Rajasthan,Sawai Madhopur,IMD110-P1616,2000,0.0,0.0,0.0,11.0,39.5,14.8,329.6,99.3,72.2,0.0,0.0,0.0,566.4,0.0,50.5,515.9,0.0,1618,,SAWAI MADHOPUR,
Rajasthan,Sawai Madhopur,IMD110-P1616,2001,0.0,0.0,0.0,12.0,34.5,59.5,201.4,113.9,3.6,8.9,0.0,0.0,433.8,0.0,46.5,378.4,8.9,1618,,SAWAI MADHOPUR,
Rajasthan,Sawai Madhopur,IMD110-P1616,2002,4.8,17.4,0.0,0.5,3.3,57.2,15.8,89.7,16.5,0.0,0.0,1.6,206.8,22.2,3.8,179.3,1.6,1618,,SAWAI MADHOPUR,
Rajasthan,Sawai Madhopur,IMD110-P1616,2003,2.0,18.9,0.0,0.0,0.0,45.2,231.5,202.9,103.9,0.0,0.0,0.3,604.8,20.9,0.0,583.6,0.3,1618,,SAWAI MADHOPUR,
Rajasthan,Sawai Madhopur,IMD110-P1616,2004,2.9,0.0,0.0,0.0,22.5,43.3,94.8,413.2,41.7,15.8,0.0,0.0,634.1,2.9,22.5,592.9,15.8,1618,,SAWAI MADHOPUR,
Rajasthan,Sawai Madhopur,IMD110-P1616,2005,0.0,0.0,7.5,10.4,0.5,61.3,462.2,49.3,77.3,0.0,0.0,0.0,668.4,0.0,18.5,650.0,0.0,1618,,SAWAI MADHOPUR,
Rajasthan,Sawai Madhopur,IMD110-P1616,2006,0.0,0.0,10.8,0.0,16.6,77.5,191.4,139.3,52.8,1.1,0.0,0.0,489.5,0.0,27.5,461.0,1.1,1618,,SAWAI MADHOPUR,
Rajasthan,Sawai Madhopur,IMD110-P1616,2007,0.0,12.9,8.8,1.4,2.2,102.6,148.4,154.6,84.2,0.0,0.0,0.1,515.3,12.9,12.4,489.8,0.1,1618,,SAWAI MADHOPUR,
Rajasthan,Sawai Madhopur,IMD110-P1616,2008,0.0,0.0,0.0,0.6,9.2,198.8,253.2,129.5,103.7,1.4,1.7,0.0,698.0,0.0,9.8,685.2,3.1,1618,,SAWAI MADHOPUR,
Rajasthan,Sawai Madhopur,IMD110-P1616,2009,0.0,0.0,0.5,0.5,10.5,20.7,123.4,161.9,36.7,50.8,19.9,0.1,425.1,0.0,11.6,342.7,70.8,1618,,SAWAI MADHOPUR,
Rajasthan,Sawai Madhopur,IMD110-P1616,2010,7.4,3.8,0.5,0.0,1.0,15.9,154.1,280.6,175.4,0.0,73.2,1.3,713.2,11.2,1.5,626.0,74.5,1618,,SAWAI MADHOPUR,
Rajasthan,Sikar,IMD110-P1619,1901,34.0,15.4,0.3,0.0,8.5,3.4,87.9,102.8,4.3,0.0,0.0,2.3,259.0,49.4,8.9,198.4,2.3,1619,,SIKAR,
Rajasthan,Sikar,IMD110-P1619,1902,0.0,4.7,0.0,1.0,16.2,63.8,120.1,51.8,47.0,25.4,0.0,0.0,330.1,4.7,17.3,282.7,25.4,1619,,SIKAR,
Rajasthan,Sikar,IMD110-P1619,1903,2.6,0.0,11.1,0.0,18.2,19.4,235.1,195.9,82.9,4.9,0.0,0.0,570.2,2.6,29.3,533.3,4.9,1619,,SIKAR,
Rajasthan,Sikar,IMD110-P1619,1904,2.7,5.3,36.9,1.9,28.5,25.2,80.9,278.2,43.4,0.0,13.8,34.7,551.6,8.0,67.3,427.7,48.5,1619,,SIKAR,
Rajasthan,Sikar,IMD110-P1619,1905,4.5,15.8,10.4,1.7,0.0,4.0,40.9,2.9,58.1,0.0,0.0,2.5,140.6,20.3,12.1,105.8,2.5,1619,,SIKAR,
Rajasthan,Sikar,IMD110-P1619,1906,1.9,53.9,22.9,0.0,9.2,70.5,77.4,28.6,91.8,0.0,0.0,6.9,363.0,55.7,32.1,268.2,6.9,1619,,SIKAR,
Rajasthan,Sikar,IMD110-P1619,1907,0.0,23.4,11.1,18.3,33.1,19.9,98.5,160.7,2.5,0.0,0.0,0.0,367.6,23.4,62.5,281.6,0.0,1619,,SIKAR,
Rajasthan,Sikar,IMD110-P1619,1908,23.4,4.6,0.0,0.2,25.8,10.9,342.3,319.6,17.2,0.0,7.4,0.0,751.3,28.0,26.0,690.0,7.4,1619,,SIKAR,
Rajasthan,Sikar,IMD110-P1619,1909,6.1,2.5,0.0,43.3,15.7,127.7,175.3,136.5,138.7,0.0,0.0,48.2,694.0,8.7,59.0,578.2,48.2,1619,,SIKAR,
Rajasthan,Sikar,IMD110-P1619,1910,14.8,0.3,0.0,1.2,8.1,70.2,43.7,177.1,57.4,16.7,0.0,0.0,389.5,15.1,9.3,348.4,16.7,1619,,SIKAR,
Rajasthan,Sikar,IMD110-P1619,1911,20.7,0.0,31.6,2.4,0.0,49.4,16.9,55.9,94.1,7.8,28.0,0.0,306.8,20.7,34.0,216.3,35.8,1619,,SIKAR,
Rajasthan,Sikar,IMD110-P1619,1912,34.1,13.0,5.0,0.0,7.9,4.8,230.4,90.2,22.9,7.9,6.0,0.0,422.2,47.2,12.9,348.2,13.9,1619,,SIKAR,
Rajasthan,Sikar,IMD110-P1619,1913,0.3,28.4,1.8,0.8,71.7,53.1,72.1,41.0,33.0,5.3,1.4,20.8,329.6,28.6,74.2,199.1,27.6,1619,,SIKAR,
Rajasthan,Sikar,IMD110-P1619,1914,0.0,2.4,0.4,6.5,2.3,75.2,242.7,124.2,99.9,33.0,2.4,0.0,589.0,2.4,9.2,542.0,35.4,1619,,SIKAR,
Rajasthan,Sikar,IMD110-P1619,1915,9.9,20.3,49.1,1.4,0.0,47.2,22.6,53.9,21.6,30.1,0.0,2.5,258.6,30.2,50.5,145.2,32.6,1619,,SIKAR,
Rajasthan,Sikar,IMD110-P1619,1916,0.0,2.8,0.0,0.0,9.3,44.4,123.1,374.8,95.1,19.3,0.0,0.0,668.8,2.8,9.3,637.5,19.3,1619,,SIKAR,
Rajasthan,Sikar,IMD110-P1619,1917,11.7,13.4,4.5,27.7,50.1,95.1,176.5,298.4,303.9,75.9,0.0,0.5,1057.7,25.1,82.2,874.0,76.4,1619,,SIKAR,
Rajasthan,Sikar,IMD110-P1619,1918,1.8,0.0,3.0,0.9,0.0,4.2,32.6,102.1,25.6,0.0,2.5,0.0,172.6,1.8,3.8,164.6,2.5,1619,,SIKAR,
Rajasthan,Sikar,IMD110-P1619,1919,53.3,0.3,0.9,8.1,17.1,8.1,143.4,262.1,59.7,0.0,6.9,23.8,583.8,53.6,26.1,473.4,30.7,1619,,SIKAR,
Rajasthan,Sikar,IMD110-P1619,1920,9.7,1.0,8.0,0.0,45.2,87.8,227.3,28.6,1.7,0.0,0.0,0.0,409.3,10.7,53.2,345.5,0.0,1619,,SIKAR,
Rajasthan,Sikar,IMD110-P1619,1921,13.0,0.0,0.0,0.0,0.0,14.2,107.9,95.9,24.8,0.0,0.0,2.2,258.0,13.0,0.0,242.8,2.2,1619,,SIKAR,
Rajasthan,Sikar,IMD110-P1619,1922,14.0,0.0,0.2,1.2,16.4,94.1,176.2,41.8,132.6,0.0,0.0,17.2,493.6,14.0,17.8,444.6,17.2,1619,,SIKAR,
Rajasthan,Sikar,IMD110-P1619,1923,13.4,15.3,0.0,0.0,19.0,22.4,210.8,193.4,0.0,1.4,0.0,4.4,480.1,28.7,19.0,426.6,5.8,1619,,SIKAR,
Rajasthan,Sikar,IMD110-P1619,1924,16.4,11.2,0.0,0.4,4.4,3.1,88.3,319.1,274.1,17.7,4.5,28.0,767.1,27.5,4.8,684.5,50.2,1619,,SIKAR,
Rajasthan,Sikar,IMD110-P1619,1925,1.1,0.0,0.0,0.0,2.3,138.1,175.6,55.0,5.1,3.7,32.0,0.0,412.9,1.1,2.3,373.7,35.8,1619,,SIKAR,
Rajasthan,Sikar,IMD110-P1619,1926,12.4,0.0,31.6,0.0,20.5,16.5,148.8,258.6,90.2,0.0,0.0,0.0,578.6,12.4,52.0,514.2,0.0,1619,,SIKAR,
Rajasthan,Sikar,IMD110-P1619,1927,0.0,10.9,0.0,2.0,10.3,4.2,179.0,121.8,121.4,10.6,6.4,50.4,517.0,10.9,12.3,426.5,67.3,1619,,SIKAR,
Rajasthan,Sikar,IMD110-P1619,1928,9.7,19.0,0.0,0.0,0.0,7.8,181.0,107.3,11.1,37.5,11.7,4.6,389.7,28.7,0.0,307.3,53.7,1619,,SIKAR,
Rajasthan,Sikar,IMD110-P1619,1929,3.2,0.7,0.0,6.4,17.4,16.3,300.7,84.2,13.1,0.0,0.0,6.8,448.7,3.9,23.7,414.3,6.8,1619,,SIKAR,
Rajasthan,Sikar,IMD110-P1619,1930,21.1,3.5,0.0,0.1,32.4,65.1,294.4,92.4,4.0,14.2,0.0,0.0,527.3,24.6,32.5,456.0,14.2,1619,,SIKAR,
Rajasthan,Sikar,IMD110-P1619,1931,0.0,0.6,10.7,0.4,4.6,6.0,185.7,250.7,57.0,27.2,0.0,0.7,543.7,0.6,15.7,499.5,27.8,1619,,SIKAR,
Rajasthan,Sikar,IMD110-P1619,1932,0.0,0.0,16.3,19.8,7.8,32.3,168.7,240.6,13.5,0.0,0.0,0.8,499.7,0.0,43.9,455.0,0.8,1619,,SIKAR,
Rajasthan,Sikar,IMD110-P1619,1933,0.0,22.5,2.8,10.5,44.5,155.0,47.1,230.2,147.6,1.1,0.0,0.0,661.3,22.5,57.8,579.9,1.1,1619,,SIKAR,
Rajasthan,Sikar,IMD110-P1619,1934,10.9,0.0,31.5,0.9,0.0,181.6,97.5,254.0,28.1,0.0,0.0,13.7,618.1,10.9,32.4,561.1,13.7,1620,,SIKAR,
Rajasthan,Sikar,IMD110-P1619,1935,34.6,11.7,0.0,12.3,2.7,8.5,216.9,55.1,113.3,1.2,0.0,7.6,463.9,46.4,15.0,393.8,8.8,1620,,SIKAR,
Rajasthan,Sikar,IMD110-P1619,1936,2.3,3.0,17.6,0.0,10.2,117.5,43.0,258.5,87.6,0.0,5.2,3.8,548.5,5.3,27.7,506.6,9.0,1620,,SIKAR,
Rajasthan,Sikar,IMD110-P1619,1937,0.0,18.8,2.4,1.6,2.0,68.2,179.9,25.8,75.8,4.3,0.2,2.7,381.8,18.8,6.1,349.7,7.2,1620,,SIKAR,
Rajasthan,Sikar,IMD110-P1619,1938,12.1,0.0,0.0,0.0,1.1,82.1,69.2,39.4,8.0,1.5,0.0,0.0,213.5,12.1,1.1,198.7,1.5,1620,,SIKAR,
Rajasthan,Sikar,IMD110-P1619,1939,0.0,30.9,12.7,0.0,1.8,96.7,74.8,30.2,9.4,0.0,0.0,0.0,256.4,30.9,14.5,211.1,0.0,1620,,SIKAR,
Rajasthan,Sikar,IMD110-P1619,1940,27.2,35.7,31.7,0.0,4.2,75.3,127.9,179.5,1.8,0.3,0.0,0.0,483.5,62.8,36.0,384.4,0.3,1620,,SIKAR,
Rajasthan,Sikar,IMD110-P1619,1941,14.9,0.3,0.3,0.0,24.8,102.9,35.4,101.1,40.9,1.7,0.0,15.4,337.8,15.2,25.2,280.4,17.1,1620,,SIKAR,
Rajasthan,Sikar,IMD110-P1619,1942,4.4,20.2,0.0,10.2,14.4,38.8,195.4,281.6,175.5,0.0,0.0,0.0,740.5,24.5,24.6,691.3,0.0,1620,,SIKAR,
Rajasthan,Sikar,IMD110-P1619,1943,2.7,0.0,0.0,16.0,6.9,38.1,165.5,83.7,139.9,0.0,0.0,0.0,452.9,2.7,22.9,427.3,0.0,1620,,SIKAR,
Rajasthan,Sikar,IMD110-P1619,1944,33.7,12.3,38.9,23.5,0.0,74.8,136.9,216.4,4.8,15.0,0.0,1.1,557.3,46.0,62.4,432.8,16.1,1620,,SIKAR,
Rajasthan,Sikar,IMD110-P1619,1945,25.1,0.0,0.0,13.6,24.7,28.5,236.5,139.0,94.7,0.0,0.0,0.0,562.0,25.1,38.2,498.7,0.0,1620,,SIKAR,
Rajasthan,Sikar,IMD110-P1619,1946,0.0,6.2,0.0,0.5,11.7,71.0,135.2,249.3,41.5,7.0,2.4,12.7,537.4,6.2,12.2,497.0,22.0,1620,,SIKAR,
Rajasthan,Sikar,IMD110-P1619,1947,7.7,6.7,0.0,0.0,0.1,3.0,73.4,167.2,260.6,2.8,0.0,2.0,523.4,14.4,0.1,504.2,4.8,1620,,SIKAR,
Rajasthan,Sikar,IMD110-P1619,1948,72.6,12.5,8.5,0.0,0.3,3.9,151.1,120.2,37.8,0.4,0.0,0.0,407.2,85.0,8.8,313.0,0.4,1620,,SIKAR,
Rajasthan,Sikar,IMD110-P1619,1949,5.1,1.8,0.1,0.0,11.3,19.4,253.5,16.6,28.5,5.6,0.0,0.0,341.9,7.0,11.4,317.9,5.6,1620,,SIKAR,
Rajasthan,Sikar,IMD110-P1619,1950,1.5,0.1,5.0,0.4,10.7,13.9,270.2,111.1,102.3,0.0,0.0,0.0,515.1,1.6,16.0,497.6,0.0,1620,,SIKAR,
Rajasthan,Sikar,IMD110-P1619,1951,2.0,0.0,9.0,15.5,10.4,40.0,29.3,146.5,3.0,2.3,20.5,0.0,278.6,2.0,35.0,218.8,22.8,1620,,SIKAR,
Rajasthan,Sikar,IMD110-P1619,1952,0.0,9.7,3.0,8.5,2.8,49.3,151.7,130.5,0.5,0.0,0.0,0.2,356.2,9.7,14.3,332.0,0.2,1620,,SIKAR,
Rajasthan,Sikar,IMD110-P1619,1953,14.9,0.0,0.0,9.1,6.8,65.9,85.2,290.9,12.1,0.0,0.0,3.3,488.0,14.9,15.8,454.0,3.3,1620,,SIKAR,
Rajasthan,Sikar,IMD110-P1619,1954,16.5,19.2,3.8,0.0,0.0,11.7,225.3,19.0,108.0,19.4,0.0,0.0,423.1,35.7,3.8,364.1,19.4,1620,,SIKAR,
Rajasthan,Sikar,IMD110-P1619,1955,8.1,1.9,0.0,0.0,1.9,121.6,58.6,298.1,104.6,103.9,0.0,0.0,698.8,10.0,1.9,582.9,103.9,1620,,SIKAR,
Rajasthan,Sikar,IMD110-P1619,1956,17.0,0.0,9.8,1.9,0.0,10.8,330.4,107.7,16.5,141.8,7.3,5.7,648.9,17.0,11.7,465.4,154.8,1620,,SIKAR,
Rajasthan,Sikar,IMD110-P1619,1957,29.2,0.0,12.8,0.0,14.4,56.0,247.6,100.8,48.8,21.4,1.3,6.7,539.0,29.2,27.2,453.2,29.5,1620,,SIKAR,
Rajasthan,Sikar,IMD110-P1619,1958,0.3,0.0,0.2,0.8,5.5,29.7,170.9,55.1,167.7,3.8,12.0,4.2,450.2,0.3,6.5,423.4,20.0,1620,,SIKAR,
Rajasthan,Sikar,IMD110-P1619,1959,0.9,0.9,0.0,0.0,59.8,20.8,133.3,148.3,118.0,20.2,13.0,0.0,515.3,1.8,59.8,420.5,33.2,1620,,SIKAR,
Rajasthan,Sikar,IMD110-P1619,1960,0.0,0.0,1.9,0.7,11.9,39.4,131.7,181.8,17.5,0.1,0.0,8.3,393.3,0.0,14.6,370.4,8.4,1620,,SIKAR,
Rajasthan,Sikar,IMD110-P1619,1961,10.6,14.7,0.0,0.0,10.2,38.5,180.9,138.2,61.3,3.7,4.6,0.1,462.8,25.3,10.2,418.9,8.3,1620,,SIKAR,
Rajasthan,Sikar,IMD110-P1619,1962,0.0,6.6,7.5,3.5,4.1,2.1,280.6,146.5,50.1,0.0,0.0,2.5,503.5,6.6,15.1,479.3,2.5,1620,,SIKAR,
Rajasthan,Sikar,IMD110-P1619,1963,0.0,1.1,0.3,1.9,2.7,47.1,61.2,235.3,69.9,0.0,24.0,2.1,445.5,1.1,4.9,413.4,26.1,1620,,SIKAR,
Rajasthan,Sikar,IMD110-P1619,1964,0.0,0.1,0.0,0.0,40.1,2.1,202.4,399.1,64.2,0.1,0.0,3.2,711.2,0.1,40.1,667.8,3.2,1620,,SIKAR,
Rajasthan,Sikar,IMD110-P1619,1965,1.1,7.0,3.3,7.2,1.6,23.2,109.2,65.6,29.0,7.8,0.0,0.0,255.2,8.1,12.1,227.1,7.8,1620,,SIKAR,
Rajasthan,Sikar,IMD110-P1619,1966,0.3,1.2,0.0,0.0,27.9,37.2,91.2,139.6,65.8,0.0,3.6,0.0,366.7,1.4,27.9,333.7,3.6,1620,,SIKAR,
Rajasthan,Sikar,IMD110-P1619,1967,0.0,0.0,17.1,7.2,0.9,68.4,123.8,155.2,31.4,6.7,8.5,78.4,497.7,0.0,25.1,378.9,93.7,1620,,SIKAR,
Rajasthan,Sikar,IMD110-P1619,1968,19.6,6.3,14.4,0.0,8.3,0.0,361.5,17.1,0.0,3.1,0.0,0.0,430.5,25.9,22.7,378.7,3.1,1621,,SIKAR,
Rajasthan,Sikar,IMD110-P1619,1969,1.5,1.5,3.7,0.9,7.8,12.9,109.4,82.9,93.5,0.0,0.3,0.0,314.3,3.0,12.4,298.7,0.3,1621,,SIKAR,
Rajasthan,Sikar,IMD110-P1619,1970,12.3,36.5,1.3,0.0,6.2,38.8,121.5,301.0,87.7,1.9,0.0,0.0,607.1,48.8,7.5,548.9,1.9,1621,,SIKAR,
Rajasthan,Sikar,IMD110-P1619,1971,3.9,0.0,0.2,0.0,141.8,119.3,131.4,100.3,34.8,8.5,5.0,0.0,545.2,3.9,142.0,385.7,13.5,1621,,SIKAR,
Rajasthan,Sikar,IMD110-P1619,1972,0.0,0.9,0.0,0.1,1.3,42.3,39.5,137.2,0.9,0.1,0.3,0.0,222.5,0.9,1.4,219.8,0.4,1621,,SIKAR,
Rajasthan,Sikar,IMD110-P1619,1973,5.7,2.7,0.0,0.0,24.1,8.3,132.1,190.7,49.1,0.0,0.0,0.2,412.9,8.4,24.1,380.2,0.2,1621,,SIKAR,
Rajasthan,Sikar,IMD110-P1619,1974,0.0,0.0,0.0,0.0,11.1,50.1,360.8,55.6,2.9,34.7,0.0,10.5,525.7,0.0,11.1,469.4,45.2,1621,,SIKAR,
Rajasthan,Sikar,IMD110-P1619,1975,4.6,0.1,0.4,0.5,5.1,51.5,269.6,248.2,111.8,24.8,0.0,0.0,716.4,4.6,6.0,680.9,24.8,1621,,SIKAR,
Rajasthan,Sikar,IMD110-P1619,1976,3.6,1.6,0.0,0.4,13.8,116.4,146.7,220.0,63.1,0.0,2.5,0.0,567.9,5.1,14.1,546.1,2.5,1621,,SIKAR,
Rajasthan,Sikar,IMD110-P1619,1977,19.2,1.4,0.0,12.9,37.5,135.1,473.6,207.6,175.1,0.9,0.0,0.0,1063.3,20.6,50.4,991.4,0.9,1621,,SIKAR,
Rajasthan,Sikar,IMD110-P1619,1978,0.0,30.7,4.7,9.2,0.0,59.7,515.8,122.4,42.3,1.5,1.8,0.3,788.4,30.7,13.9,740.3,3.5,1621,,SIKAR,
Rajasthan,Sikar,IMD110-P1619,1979,15.2,40.4,0.3,2.0,6.2,11.6,118.3,48.7,21.7,0.8,6.6,0.0,271.9,55.6,8.5,200.4,7.4,1621,,SIKAR,
Rajasthan,Sikar,IMD110-P1619,1980,2.9,0.3,17.6,0.1,9.0,81.9,256.2,38.2,19.3,0.4,5.6,24.3,455.7,3.1,26.8,395.6,30.3,1621,,SIKAR,
Rajasthan,Sikar,IMD110-P1619,1981,7.0,2.3,7.2,0.0,8.9,16.6,309.1,63.4,17.5,0.0,37.4,0.0,469.3,9.3,16.1,406.5,37.4,1621,,SIKAR,
Rajasthan,Sikar,IMD110-P1619,1982,56.5,14.5,22.9,26.0,87.3,1.2,106.5,122.2,4.0,6.9,4.2,6.9,459.1,71.0,136.2,233.9,18.0,1621,,SIKAR,
Rajasthan,Sikar,IMD110-P1619,1983,3.8,2.8,0.0,36.1,83.9,44.4,250.3,152.9,70.7,8.6,0.0,0.1,653.6,6.7,120.0,518.3,8.7,1621,,SIKAR,
Rajasthan,Sikar,IMD110-P1619,1984,0.0,3.8,0.0,0.5,0.0,13.8,64.0,84.8,109.7,0.0,0.0,0.0,276.5,3.8,0.5,272.3,0.0,1621,,SIKAR,
Rajasthan,Sikar,IMD110-P1619,1985,0.5,0.0,0.0,1.4,1.6,23.5,202.7,101.3,14.2,23.4,0.0,7.9,376.6,0.5,3.0,341.8,31.3,1621,,SIKAR,
Rajasthan,Sikar,IMD110-P1619,1986,6.0,38.9,4.2,0.0,44.3,48.8,118.1,90.4,26.1,3.6,0.0,0.0,380.3,44.9,48.4,283.4,3.6,1621,,SIKAR,
Rajasthan,Sikar,IMD110-P1619,1987,18.0,7.6,9.7,0.0,55.4,20.7,29.5,80.4,6.3,0.0,0.0,4.0,231.6,25.6,65.1,136.9,4.0,1621,,SIKAR,
Rajasthan,Sikar,IMD110-P1619,1988,1.4,3.7,17.2,1.3,1.9,87.4,209.1,135.2,104.6,0.0,0.0,3.5,565.4,5.1,20.4,536.3,3.5,1621,,SIKAR,
Rajasthan,Sikar,IMD110-P1619,1989,5.4,0.0,0.7,0.3,1.0,46.8,81.1,125.0,6.0,0.0,0.0,1.5,267.8,5.4,2.0,258.9,1.5,1621,,SIKAR,
Rajasthan,Sikar,IMD110-P1619,1990,0.0,73.5,2.1,3.7,11.9,35.1,125.1,63.9,49.9,7.0,2.5,1.1,375.8,73.5,17.8,274.0,10.6,1621,,SIKAR,
Rajasthan,Sikar,IMD110-P1619,1991,0.0,1.3,1.3,11.6,14.8,27.0,100.8,103.4,10.3,0.0,4.3,2.9,277.6,1.3,27.6,241.5,7.2,1621,,SIKAR,
Rajasthan,Sikar,IMD110-P1619,1992,20.3,5.1,2.1,0.0,3.1,20.0,154.3,190.8,63.5,13.4,11.1,4.3,488.1,25.4,5.3,428.5,28.9,1621,,SIKAR,
Rajasthan,Sikar,IMD110-P1619,1993,1.0,10.3,4.2,4.1,4.3,79.1,165.0,59.8,55.8,1.3,0.0,0.0,384.8,11.3,12.5,359.8,1.3,1621,,SIKAR,
Rajasthan,Sikar,IMD110-P1619,1994,23.8,2.1,2.9,14.4,6.0,79.1,191.8,114.8,32.7,0.0,0.0,0.0,467.6,25.9,23.3,418.3,0.0,1621,,SIKAR,
Rajasthan,Sikar,IMD110-P1619,1995,12.6,2.3,7.7,1.1,0.6,42.2,162.1,334.7,58.3,0.0,0.0,0.0,621.6,14.9,9.4,597.3,0.0,1621,,SIKAR,
Rajasthan,Sikar,IMD110-P1619,1996,7.0,7.8,3.7,7.7,17.7,266.5,78.4,160.8,96.6,8.5,0.0,0.0,654.5,14.8,29.0,602.3,8.5,1621,,SIKAR,
Rajasthan,Sikar,IMD110-P1619,1997,0.0,1.0,3.8,17.9,2.3,25.0,78.8,105.0,65.0,114.5,5.0,6.5,424.8,1.0,23.9,273.8,126.0,1621,,SIKAR,
Rajasthan,Sikar,IMD110-P1619,1998,0.0,5.3,1.5,0.0,7.3,31.0,136.0,20.0,35.0,49.8,0.0,0.0,285.8,5.3,8.8,222.0,49.8,1621,,SIKAR,
Rajasthan,Sikar,IMD110-P1619,1999,0.8,2.3,0.0,0.0,0.0,0.0,,25.0,0.0,0.0,0.0,0.0,,3.0,0.0,,0.0,1621,missing_months,SIKAR,
Rajasthan,Sikar,IMD110-P1619,2000,0.0,5.0,0.0,,1.7,17.0,199.5,41.4,20.2,0.0,0.0,,,5.0,,278.1,,1621,missing_months,SIKAR,
Rajasthan,Sikar,IMD110-P1619,2001,4.8,0.0,0.0,18.7,31.6,95.5,153.0,110.5,4.7,6.2,0.0,0.0,425.0,4.8,50.3,363.7,6.2,1621,,SIKAR,
Rajasthan,Sikar,IMD110-P1619,2002,0.7,11.3,0.0,2.3,16.3,54.5,6.2,56.9,9.4,0.0,2.5,6.3,166.3,12.0,18.5,127.0,8.7,1622,,SIKAR,
Rajasthan,Sikar,IMD110-P1619,2003,11.9,12.6,1.4,0.0,3.0,57.6,238.6,124.6,49.1,0.0,0.0,3.3,502.0,24.5,4.4,469.8,3.3,1622,,SIKAR,
Rajasthan,Sikar,IMD110-P1619,2004,2.6,0.0,0.0,3.2,15.3,14.0,31.7,136.1,3.9,20.3,0.0,0.8,227.9,2.6,18.5,185.7,21.1,1622,,SIKAR,
Rajasthan,Sikar,IMD110-P1619,2005,1.3,17.1,13.9,0.0,9.7,69.9,187.3,11.4,65.4,0.0,0.0,0.0,376.0,18.4,23.6,334.0,0.0,1622,,SIKAR,
Rajasthan,Sikar,IMD110-P1619,2006,0.0,0.0,13.2,1.4,44.2,51.1,177.6,34.0,18.8,0.0,0.0,2.1,342.6,0.0,58.9,281.6,2.1,1622,,SIKAR,
Rajasthan,Sikar,IMD110-P1619,2007,4.2,35.3,25.7,3.1,6.0,41.6,70.9,77.0,99.7,0.0,0.0,1.2,364.7,39.6,34.8,289.1,1.2,1622,,SIKAR,
Rajasthan,Sikar,IMD110-P1619,2008,0.0,0.0,0.0,21.7,57.2,129.6,53.4,167.1,72.8,0.5,0.4,0.0,502.7,0.0,78.9,422.9,0.9,1622,,SIKAR,
Rajasthan,Sikar,IMD110-P1619,2009,3.4,0.4,3.7,0.4,16.6,51.8,62.4,56.9,15.0,4.8,0.5,0.0,215.9,3.8,20.7,186.1,5.3,1622,,SIKAR,
Rajasthan,Sikar,IMD110-P1619,2010,2.0,5.9,3.7,0.0,4.7,50.7,224.1,298.3,192.0,0.0,26.4,22.2,830.0,7.9,8.3,765.1,48.7,1622,,SIKAR,
Rajasthan,Sirohi,IMD110-P1623,1901,11.2,0.0,1.8,0.0,1.8,8.4,102.9,130.2,13.9,2.7,0.0,0.0,272.8,11.2,3.6,255.4,2.7,1623,,SIROHI,
Rajasthan,Sirohi,IMD110-P1623,1902,0.0,0.0,0.0,2.3,7.3,25.3,43.4,193.6,207.9,7.2,0.0,0.7,487.7,0.0,9.6,470.2,7.8,1623,,SIROHI,
Rajasthan,Sirohi,IMD110-P1623,1903,3.6,5.3,2.4,0.0,27.2,0.9,348.3,227.3,72.8,1.1,0.0,0.0,688.8,8.9,29.6,649.2,1.1,1623,,SIROHI,
Rajasthan,Sirohi,IMD110-P1623,1904,7.2,2.6,11.1,0.0,21.9,43.9,158.6,66.3,10.0,17.6,7.7,0.1,347.1,9.8,33.0,278.8,25.4,1623,,SIROHI,
Rajasthan,Sirohi,IMD110-P1623,1905,0.0,0.0,0.9,0.0,0.0,6.2,302.6,37.8,174.3,0.0,0.0,0.3,522.1,0.0,0.9,520.9,0.3,1623,,SIROHI,
Rajasthan,Sirohi,IMD110-P1623,1906,0.0,31.9,0.0,0.0,0.0,75.9,196.3,306.7,308.2,12.9,0.0,2.5,934.4,31.9,0.0,887.0,15.5,1623,,SIROHI,
Rajasthan,Sirohi,IMD110-P1623,1907,1.9,59.4,2.6,6.9,8.3,33.2,123.1,893.4,26.1,0.0,0.0,0.0,1154.8,61.3,17.7,1075.8,0.0,1623,,SIROHI,
Rajasthan,Sirohi,IMD110-P1623,1908,4.8,0.0,0.0,0.0,0.0,72.4,458.0,465.1,15.8,0.0,0.9,0.0,1017.0,4.8,0.0,1011.2,0.9,1623,,SIROHI,
Rajasthan,Sirohi,IMD110-P1623,1909,1.1,0.1,0.0,35.2,0.6,107.9,876.6,487.0,176.8,22.1,0.0,4.2,1711.6,1.3,35.8,1648.3,26.3,1623,,SIROHI,
Rajasthan,Sirohi,IMD110-P1623,1910,1.4,0.0,0.0,3.1,0.0,163.1,249.3,421.1,3.8,0.3,0.0,0.0,842.2,1.4,3.1,837.3,0.3,1623,,SIROHI,
Rajasthan,Sirohi,IMD110-P1623,1911,1.3,0.0,29.9,0.0,0.0,74.4,8.5,43.5,92.1,3.6,0.8,0.0,254.0,1.3,29.9,218.5,4.3,1623,,SIROHI,
Rajasthan,Sirohi,IMD110-P1623,1912,0.0,0.0,0.6,0.0,0.0,79.3,287.6,153.3,68.3,16.0,0.9,0.0,605.9,0.0,0.6,588.4,16.9,1623,,SIROHI,
Rajasthan,Sirohi,IMD110-P1623,1913,0.0,0.0,0.0,0.0,43.1,102.3,323.5,251.7,116.0,1.9,0.7,0.0,839.2,0.0,43.1,793.5,2.6,1623,,SIROHI,
Rajasthan,Sirohi,IMD110-P1623,1914,0.0,3.3,0.0,0.1,12.5,116.6,291.5,120.5,123.5,5.8,5.7,0.0,679.5,3.3,12.6,652.1,11.5,1623,,SIROHI,
Rajasthan,Sirohi,IMD110-P1623,1915,11.6,43.7,8.8,0.3,0.3,59.6,68.0,31.0,28.8,97.4,0.0,0.0,349.5,55.3,9.4,187.4,97.4,1623,,SIROHI,
Rajasthan,Sirohi,IMD110-P1623,1916,0.0,0.0,0.0,0.0,20.4,58.6,95.3,604.2,134.1,8.7,0.0,0.0,921.3,0.0,20.4,892.2,8.7,1623,,SIROHI,
Rajasthan,Sirohi,IMD110-P1623,1917,0.0,2.6,0.0,9.3,150.1,123.5,252.6,546.2,520.5,189.4,0.0,0.2,1794.4,2.6,159.4,1442.8,189.6,1623,,SIROHI,
Rajasthan,Sirohi,IMD110-P1623,1918,0.8,0.0,0.3,0.0,5.3,28.3,32.3,255.4,22.6,0.0,0.1,0.0,345.1,0.8,5.6,338.6,0.1,1623,,SIROHI,
Rajasthan,Sirohi,IMD110-P1623,1919,6.6,0.0,0.0,5.5,9.8,18.9,207.6,757.1,61.2,0.0,25.3,0.1,1092.2,6.6,15.3,1044.8,25.4,1623,,SIROHI,
Rajasthan,Sirohi,IMD110-P1623,1920,2.4,4.7,0.0,0.0,154.9,155.5,219.3,66.4,7.5,2.3,0.0,0.0,613.0,7.1,154.9,448.7,2.3,1623,,SIROHI,
Rajasthan,Sirohi,IMD110-P1623,1921,0.0,0.0,0.0,0.0,0.0,39.0,456.2,103.4,299.9,2.5,0.0,0.2,901.2,0.0,0.0,898.5,2.7,1623,,SIROHI,
Rajasthan,Sirohi,IMD110-P1623,1922,0.0,3.4,0.0,0.3,22.9,42.1,232.8,157.4,363.5,0.0,0.0,0.4,822.9,3.4,23.2,795.9,0.4,1623,,SIROHI,
Rajasthan,Sirohi,IMD110-P1623,1923,0.0,11.7,0.0,7.1,0.0,0.0,230.9,244.1,0.7,10.4,0.0,0.0,504.8,11.7,7.1,475.7,10.4,1623,,SIROHI,
Rajasthan,Sirohi,IMD110-P1623,1924,8.8,0.0,0.0,0.0,10.9,60.9,277.5,289.7,228.1,0.0,0.0,1.9,877.9,8.8,10.9,856.3,1.9,1623,,SIROHI,
Rajasthan,Sirohi,IMD110-P1623,1925,0.0,0.0,0.0,0.0,41.3,187.1,189.5,92.7,0.6,0.0,0.0,0.0,511.3,0.0,41.3,469.9,0.0,1623,,SIROHI,
Rajasthan,Sirohi,IMD110-P1623,1926,5.0,0.0,6.3,0.0,13.9,12.4,349.5,556.2,626.9,0.0,0.0,0.0,1570.2,5.0,20.2,1545.0,0.0,1623,,SIROHI,
Rajasthan,Sirohi,IMD110-P1623,1927,0.0,9.1,0.0,0.6,1.1,30.1,735.1,415.3,51.0,9.4,1.0,30.4,1283.0,9.1,1.7,1231.4,40.8,1623,,SIROHI,
Rajasthan,Sirohi,IMD110-P1623,1928,0.0,0.3,0.0,0.2,10.7,16.1,355.4,281.5,60.7,49.5,14.3,0.0,788.7,0.3,10.9,713.7,63.8,1623,,SIROHI,
Rajasthan,Sirohi,IMD110-P1623,1929,3.1,0.0,0.0,4.9,0.8,57.6,426.6,535.7,32.2,0.0,0.0,13.2,1074.2,3.1,5.7,1052.1,13.2,1623,,SIROHI,
Rajasthan,Sirohi,IMD110-P1623,1930,14.3,0.9,0.0,0.0,31.2,97.7,391.9,95.6,25.4,35.0,0.0,0.0,692.0,15.2,31.2,610.5,35.0,1623,,SIROHI,
Rajasthan,Sirohi,IMD110-P1623,1931,0.0,3.3,0.0,0.0,36.8,6.0,67.3,480.6,6.8,34.3,0.0,0.0,635.1,3.3,36.8,560.7,34.3,1623,,SIROHI,
Rajasthan,Sirohi,IMD110-P1623,1932,0.0,0.0,2.9,0.0,0.9,13.7,397.1,423.7,53.6,4.7,0.0,0.0,896.8,0.0,3.9,888.2,4.7,1623,,SIROHI,
Rajasthan,Sirohi,IMD110-P1623,1933,0.0,0.0,0.3,21.7,18.9,13.6,291.1,669.6,102.2,3.3,20.3,0.0,1140.9,0.0,40.9,1076.5,23.6,1623,,SIROHI,
Rajasthan,Sirohi,IMD110-P1623,1934,0.0,0.0,6.0,0.0,0.0,79.6,241.3,795.1,83.0,0.0,0.0,0.2,1205.0,0.0,6.0,1198.9,0.2,1624,,SIROHI,
Rajasthan,Sirohi,IMD110-P1623,1935,13.0,0.3,0.0,7.1,3.9,21.7,419.0,93.0,157.9,18.4,0.0,0.2,734.7,13.3,11.0,691.7,18.6,1624,,SIROHI,
Rajasthan,Sirohi,IMD110-P1623,1936,0.0,7.1,5.1,0.0,0.0,99.7,75.7,22.5,133.7,0.0,22.4,0.0,366.1,7.1,5.1,331.6,22.4,1624,,SIROHI,
Rajasthan,Sirohi,IMD110-P1623,1937,0.0,15.7,0.0,0.0,0.0,98.6,600.0,14.5,256.5,0.6,0.0,10.4,996.3,15.7,0.0,969.7,10.9,1624,,SIROHI,
Rajasthan,Sirohi,IMD110-P1623,1938,0.0,0.0,0.0,0.0,9.0,165.1,292.7,147.7,20.6,1.0,0.0,0.1,636.2,0.0,9.0,626.1,1.1,1624,,SIROHI,
Rajasthan,Sirohi,IMD110-P1623,1939,0.0,17.9,9.6,0.3,0.2,21.5,71.7,188.5,67.1,0.0,0.0,0.0,376.7,17.9,10.1,348.8,0.0,1624,,SIROHI,
Rajasthan,Sirohi,IMD110-P1623,1940,42.9,10.0,9.5,2.8,0.8,50.2,125.0,370.1,23.7,0.8,31.7,0.0,667.6,53.0,13.2,569.0,32.5,1624,,SIROHI,
Rajasthan,Sirohi,IMD110-P1623,1941,0.0,14.8,2.8,0.0,1.1,18.9,359.7,740.1,39.4,0.0,0.0,10.1,1186.9,14.8,3.9,1158.1,10.1,1624,,SIROHI,
Rajasthan,Sirohi,IMD110-P1623,1942,2.0,15.5,0.0,0.9,40.3,32.5,322.6,284.9,93.7,0.0,0.0,1.0,793.5,17.5,41.2,733.8,1.0,1624,,SIROHI,
Rajasthan,Sirohi,IMD110-P1623,1943,0.0,0.0,0.0,9.1,10.1,60.3,982.2,119.1,86.2,0.0,0.0,0.0,1267.1,0.0,19.2,1247.9,0.0,1624,,SIROHI,
Rajasthan,Sirohi,IMD110-P1623,1944,13.0,2.7,10.3,1.2,7.4,93.9,679.9,1154.2,20.2,7.2,2.5,0.6,1993.0,15.7,18.9,1948.2,10.4,1624,,SIROHI,
Rajasthan,Sirohi,IMD110-P1623,1945,24.6,0.0,0.0,11.8,14.1,326.2,605.0,254.4,45.0,0.0,0.0,0.0,1281.1,24.6,26.0,1230.6,0.0,1624,,SIROHI,
Rajasthan,Sirohi,IMD110-P1623,1946,0.0,9.2,0.0,0.0,0.4,118.0,147.7,643.6,29.6,0.0,0.5,15.3,964.3,9.2,0.4,938.9,15.8,1624,,SIROHI,
Rajasthan,Sirohi,IMD110-P1623,1947,0.2,0.2,0.0,1.1,0.0,0.0,75.2,259.3,125.0,7.9,0.0,0.0,469.0,0.4,1.1,459.6,7.9,1624,,SIROHI,
Rajasthan,Sirohi,IMD110-P1623,1948,22.9,35.1,0.0,0.0,0.0,20.8,274.6,142.6,56.8,9.0,18.7,0.0,580.5,58.0,0.0,494.8,27.7,1624,,SIROHI,
Rajasthan,Sirohi,IMD110-P1623,1949,0.0,0.0,0.0,0.0,0.9,72.3,277.1,176.1,72.9,8.1,0.0,0.0,607.5,0.0,0.9,598.5,8.1,1624,,SIROHI,
Rajasthan,Sirohi,IMD110-P1623,1950,0.0,0.0,0.3,0.0,1.3,15.9,617.4,113.8,311.8,0.0,0.0,0.0,1060.5,0.0,1.6,1058.9,0.0,1624,,SIROHI,
Rajasthan,Sirohi,IMD110-P1623,1951,0.0,0.1,1.5,0.0,50.8,43.0,225.4,128.1,56.3,0.0,32.6,0.0,537.7,0.1,52.2,452.8,32.6,1624,,SIROHI,
Rajasthan,Sirohi,IMD110-P1623,1952,0.1,0.3,0.0,0.0,0.0,35.2,830.4,271.3,11.6,0.0,0.1,0.0,1149.0,0.4,0.0,1148.5,0.1,1624,,SIROHI,
Rajasthan,Sirohi,IMD110-P1623,1953,18.9,0.0,0.0,0.0,0.0,73.5,236.1,604.9,102.5,0.0,0.0,0.0,1035.8,18.9,0.0,1016.9,0.0,1624,,SIROHI,
Rajasthan,Sirohi,IMD110-P1623,1954,0.4,2.1,6.6,0.0,0.0,46.2,333.2,119.6,317.7,7.1,0.0,0.0,832.9,2.5,6.6,816.7,7.1,1624,,SIROHI,
Rajasthan,Sirohi,IMD110-P1623,1955,2.2,4.6,0.0,0.0,10.4,34.0,35.3,489.3,526.5,12.2,0.0,0.0,1114.4,6.8,10.4,1085.1,12.2,1624,,SIROHI,
Rajasthan,Sirohi,IMD110-P1623,1956,0.0,0.0,0.0,0.0,0.0,101.9,1117.1,235.0,60.8,47.7,0.0,5.2,1567.8,0.0,0.0,1514.8,52.9,1624,,SIROHI,
Rajasthan,Sirohi,IMD110-P1623,1957,17.4,0.0,2.9,0.3,0.0,96.1,69.3,311.4,2.1,6.5,7.1,2.2,515.4,17.4,3.3,478.9,15.8,1624,,SIROHI,
Rajasthan,Sirohi,IMD110-P1623,1958,2.5,0.0,0.1,0.0,0.1,45.9,270.8,62.0,291.0,13.7,11.0,0.4,697.4,2.5,0.3,669.7,25.0,1624,,SIROHI,
Rajasthan,Sirohi,IMD110-P1623,1959,0.0,0.0,0.0,19.8,0.0,54.7,385.7,312.1,256.3,45.6,7.4,0.0,1081.6,0.0,19.8,1008.8,53.0,1624,,SIROHI,
Rajasthan,Sirohi,IMD110-P1623,1960,1.2,0.0,0.3,0.1,0.0,60.6,279.3,327.8,15.5,0.0,0.0,3.6,688.5,1.2,0.4,683.2,3.6,1624,,SIROHI,
Rajasthan,Sirohi,IMD110-P1623,1961,0.3,0.2,0.0,0.0,15.7,164.7,325.7,269.0,674.0,12.4,0.0,0.4,1462.4,0.5,15.7,1433.5,12.8,1624,,SIROHI,
Rajasthan,Sirohi,IMD110-P1623,1962,0.0,0.0,1.0,0.2,0.0,5.1,396.1,150.6,65.4,0.0,0.0,0.0,618.4,0.0,1.2,617.2,0.0,1624,,SIROHI,
Rajasthan,Sirohi,IMD110-P1623,1963,0.0,1.3,2.9,1.4,4.6,29.5,84.8,318.5,108.2,28.3,29.3,0.9,609.7,1.3,8.9,541.0,58.5,1624,,SIROHI,
Rajasthan,Sirohi,IMD110-P1623,1964,0.2,0.0,0.0,0.0,21.4,55.3,305.7,527.1,42.9,0.6,0.0,0.0,953.2,0.2,21.4,931.0,0.6,1624,,SIROHI,
Rajasthan,Sirohi,IMD110-P1623,1965,17.8,0.0,0.4,1.4,2.3,0.0,394.4,168.9,16.4,0.3,0.0,0.0,601.9,17.8,4.1,579.7,0.3,1624,,SIROHI,
Rajasthan,Sirohi,IMD110-P1623,1966,0.2,0.2,0.0,0.0,0.0,126.9,238.6,43.6,167.3,0.0,1.3,0.0,578.1,0.3,0.0,576.5,1.3,1624,,SIROHI,
Rajasthan,Sirohi,IMD110-P1623,1967,0.0,0.0,107.6,0.3,2.5,64.7,377.2,308.9,263.4,0.0,0.0,8.9,1133.6,0.0,110.4,1014.2,8.9,1624,,SIROHI,
Rajasthan,Sirohi,IMD110-P1623,1968,0.0,0.1,1.6,0.0,10.9,0.5,216.9,171.4,10.3,0.0,0.0,0.0,411.7,0.1,12.5,399.1,0.0,1625,,SIROHI,
Rajasthan,Sirohi,IMD110-P1623,1969,0.3,0.6,0.0,0.0,0.0,12.0,179.1,210.9,20.7,0.0,4.8,0.1,428.7,1.0,0.0,422.8,4.9,1625,,SIROHI,
Rajasthan,Sirohi,IMD110-P1623,1970,0.0,10.2,0.3,0.0,0.2,131.3,231.6,704.5,204.7,1.6,0.0,0.0,1284.4,10.2,0.5,1272.1,1.6,1625,,SIROHI,
Rajasthan,Sirohi,IMD110-P1623,1971,0.1,0.1,0.0,0.1,2.6,107.4,259.6,133.9,47.2,0.1,0.0,0.0,551.2,0.2,2.7,548.1,0.1,1625,,SIROHI,
Rajasthan,Sirohi,IMD110-P1623,1972,0.0,0.2,0.0,0.5,1.9,80.4,143.6,179.8,4.2,0.1,0.0,0.0,410.5,0.2,2.4,407.9,0.1,1625,,SIROHI,
Rajasthan,Sirohi,IMD110-P1623,1973,1.5,0.0,0.0,0.0,2.0,67.0,217.9,701.8,768.4,1.7,0.0,0.8,1761.0,1.5,2.0,1755.0,2.5,1625,,SIROHI,
Rajasthan,Sirohi,IMD110-P1623,1974,0.0,0.0,0.0,2.4,16.8,4.5,45.6,73.3,46.0,28.6,0.0,0.4,217.4,0.0,19.2,169.3,29.0,1625,,SIROHI,
Rajasthan,Sirohi,IMD110-P1623,1975,0.0,1.1,0.1,0.0,0.0,67.3,271.4,276.1,213.4,88.9,0.0,0.0,918.2,1.1,0.1,828.1,88.9,1625,,SIROHI,
Rajasthan,Sirohi,IMD110-P1623,1976,10.1,0.7,0.0,0.0,0.0,37.5,117.1,544.4,202.3,0.0,9.1,0.0,921.3,10.8,0.0,901.3,9.1,1625,,SIROHI,
Rajasthan,Sirohi,IMD110-P1623,1977,5.8,0.0,0.0,0.2,9.0,144.1,1390.0,488.0,49.3,0.0,0.0,0.0,2086.3,5.8,9.2,2071.3,0.0,1625,,SIROHI,
Rajasthan,Sirohi,IMD110-P1623,1978,0.0,5.1,0.0,0.5,0.0,60.6,394.2,241.6,35.2,4.7,18.3,0.0,760.1,5.1,0.5,731.6,23.0,1625,,SIROHI,
Rajasthan,Sirohi,IMD110-P1623,1979,0.1,6.5,0.0,0.0,8.2,56.5,279.3,284.3,47.6,19.8,45.3,0.0,747.7,6.6,8.2,667.7,65.1,1625,,SIROHI,
Rajasthan,Sirohi,IMD110-P1623,1980,0.0,1.0,0.0,0.0,0.0,166.9,192.8,122.2,35.8,0.0,0.0,11.9,530.6,1.0,0.0,517.7,11.9,1625,,SIROHI,
Rajasthan,Sirohi,IMD110-P1623,1981,1.2,0.0,1.7,0.2,2.6,33.5,229.2,247.1,57.6,0.8,39.4,0.0,613.3,1.2,4.5,567.4,40.2,1625,,SIROHI,
Rajasthan,Sirohi,IMD110-P1623,1982,2.8,0.2,1.7,32.8,73.2,45.4,163.7,281.7,23.7,6.3,42.0,0.0,673.5,3.0,107.7,514.4,48.4,1625,,SIROHI,
Rajasthan,Sirohi,IMD110-P1623,1983,0.0,0.0,0.0,35.2,10.9,144.0,372.8,346.6,87.4,40.2,0.0,0.0,1037.2,0.0,46.1,950.9,40.2,1625,,SIROHI,
Rajasthan,Sirohi,IMD110-P1623,1984,0.0,0.0,0.0,0.0,7.1,31.8,163.8,365.3,75.9,1.1,0.0,0.0,644.9,0.0,7.1,636.8,1.1,1625,,SIROHI,
Rajasthan,Sirohi,IMD110-P1623,1985,0.0,0.0,0.0,1.3,0.8,17.2,266.0,283.4,2.1,34.6,0.0,6.3,611.7,0.0,2.1,568.7,40.9,1625,,SIROHI,
Rajasthan,Sirohi,IMD110-P1623,1986,0.2,2.4,3.5,0.0,10.3,40.1,279.0,199.6,0.3,0.0,0.0,0.0,535.5,2.6,13.8,519.2,0.0,1625,,SIROHI,
Rajasthan,Sirohi,IMD110-P1623,1987,4.8,0.0,0.0,0.0,20.8,59.7,58.9,64.0,12.6,0.0,0.0,24.4,245.3,4.8,20.8,195.2,24.4,1625,,SIROHI,
Rajasthan,Sirohi,IMD110-P1623,1988,0.4,0.0,0.0,6.1,0.0,41.3,378.8,361.3,94.9,1.0,0.0,0.0,884.0,0.4,6.1,876.4,1.0,1625,,SIROHI,
Rajasthan,Sirohi,IMD110-P1623,1989,4.0,0.0,0.0,0.0,0.0,55.0,198.1,317.8,87.5,0.0,0.0,0.0,662.3,4.0,0.0,658.3,0.0,1625,,SIROHI,
Rajasthan,Sirohi,IMD110-P1623,1990,0.0,13.5,1.0,0.0,39.7,37.7,828.5,623.6,184.0,8.5,0.3,0.0,1736.8,13.5,40.7,1673.8,8.8,1625,,SIROHI,
Rajasthan,Sirohi,IMD110-P1623,1991,0.0,0.0,0.0,2.4,0.7,13.0,370.7,94.1,42.2,0.0,3.9,0.0,527.2,0.0,3.2,520.1,3.9,1625,,SIROHI,
Rajasthan,Sirohi,IMD110-P1623,1992,10.6,0.0,0.3,0.0,2.8,60.2,474.8,287.7,630.3,4.5,7.6,0.0,1478.8,10.6,3.1,1453.0,12.1,1625,,SIROHI,
Rajasthan,Sirohi,IMD110-P1623,1993,0.1,5.9,0.0,0.0,3.4,34.0,496.0,14.7,61.3,0.8,0.8,0.0,617.1,6.0,3.4,606.0,1.7,1625,,SIROHI,
Rajasthan,Sirohi,IMD110-P1623,1994,42.8,0.0,0.0,5.7,19.0,107.2,495.0,665.4,324.4,0.0,0.9,0.0,1660.4,42.8,24.7,1592.0,0.9,1625,,SIROHI,
Rajasthan,Sirohi,IMD110-P1623,1995,3.3,0.0,0.6,0.0,0.5,20.5,379.4,201.4,40.9,26.9,0.0,2.9,676.3,3.3,1.1,642.2,29.7,1625,,SIROHI,
Rajasthan,Sirohi,IMD110-P1623,1996,8.1,0.0,0.0,3.2,5.0,165.8,439.1,232.5,85.8,0.0,0.0,0.0,939.4,8.1,8.2,923.2,0.0,1625,,SIROHI,
Rajasthan,Sirohi,IMD110-P1623,1997,0.0,0.0,0.0,5.4,7.5,153.9,529.0,468.9,322.2,0.0,0.0,0.0,1487.0,0.0,12.9,1474.1,0.0,1625,,SIROHI,
Rajasthan,Sirohi,IMD110-P1623,1998,0.0,0.7,0.0,9.5,2.0,76.9,219.7,68.7,266.4,88.1,0.4,0.0,732.5,0.7,11.5,631.8,88.5,1625,,SIROHI,
Rajasthan,Sirohi,IMD110-P1623,1999,0.3,3.9,0.0,0.0,11.1,107.9,118.5,79.7,39.1,77.0,0.0,0.0,437.5,4.2,11.1,345.2,77.0,1625,,SIROHI,
Rajasthan,Sirohi,IMD110-P1623,2000,0.0,0.0,0.0,11.0,0.0,13.9,960.4,46.0,32.5,2.8,0.0,0.0,1066.5,0.0,11.0,1052.8,2.8,1625,,SIROHI,
Rajasthan,Sirohi,IMD110-P1623,2001,0.0,0.0,0.0,2.3,4.6,123.2,277.0,144.8,10.2,17.7,0.0,0.0,579.8,0.0,6.9,555.2,17.7,1625,,SIROHI,
Rajasthan,Sirohi,IMD110-P1623,2002,0.0,1.6,0.0,0.1,0.1,117.0,12.4,80.0,27.1,0.0,0.0,0.6,238.8,1.6,0.2,236.4,0.6,1626,,SIROHI,
Rajasthan,Sirohi,IMD110-P1623,2003,0.0,20.5,0.0,0.0,0.0,115.6,416.9,210.0,24.7,0.0,0.0,0.0,787.7,20.5,0.0,767.2,0.0,1626,,SIROHI,
Rajasthan,Sirohi,IMD110-P1623,2004,0.0,0.0,0.0,2.0,7.5,52.4,61.9,282.1,25.3,37.0,0.0,0.0,468.2,0.0,9.5,421.7,37.0,1626,,SIROHI,
Rajasthan,Sirohi,IMD110-P1623,2005,0.0,0.0,0.0,0.8,1.4,39.3,176.1,165.7,286.5,0.0,0.0,0.0,669.8,0.0,2.2,667.6,0.0,1626,,SIROHI,
Rajasthan,Sirohi,IMD110-P1623,2006,0.0,0.0,7.0,0.0,0.0,68.2,219.5,759.1,118.2,0.0,0.0,0.0,1172.1,0.0,7.0,1165.1,0.0,1626,,SIROHI,
Rajasthan,Sirohi,IMD110-P1623,2007,0.0,0.9,4.0,0.1,1.6,37.5,469.5,115.4,73.6,0.0,0.0,0.0,702.5,0.9,5.7,696.0,0.0,1626,,SIROHI,
Rajasthan,Sirohi,IMD110-P1623,2008,0.0,0.1,1.2,3.7,4.4,41.2,161.0,167.3,68.5,0.4,0.0,2.0,449.7,0.1,9.3,437.9,2.3,1626,,SIROHI,
Rajasthan,Sirohi,IMD110-P1623,2009,0.0,0.0,5.0,0.0,0.0,27.8,223.5,75.8,15.9,0.0,0.0,0.0,348.0,0.0,5.0,343.0,0.0,1626,,SIROHI,
Rajasthan,Sirohi,IMD110-P1623,2010,3.5,0.0,0.0,0.0,0.0,13.9,262.2,307.8,77.6,2.8,54.1,1.5,723.3,3.5,0.0,661.6,58.3,1626,,SIROHI,
Rajasthan,Tonk,IMD110-P1627,1901,38.5,9.5,8.5,0.0,3.4,9.9,169.9,122.3,8.9,22.2,0.0,0.0,393.1,48.0,11.9,311.0,22.2,1627,,TONK,
Rajasthan,Tonk,IMD110-P1627,1902,8.8,0.4,0.0,1.4,7.1,29.2,249.1,97.4,87.8,8.3,0.0,0.0,489.6,9.2,8.5,463.6,8.3,1627,,TONK,
Rajasthan,Tonk,IMD110-P1627,1903,0.0,0.0,0.2,0.0,3.7,11.6,120.9,165.9,196.6,4.2,0.0,0.0,503.1,0.0,3.9,495.0,4.2,1627,,TONK,
Rajasthan,Tonk,IMD110-P1627,1904,6.8,10.0,24.6,0.0,13.2,30.9,381.8,178.3,53.9,0.0,1.8,19.9,721.2,16.8,37.8,645.0,21.6,1627,,TONK,
Rajasthan,Tonk,IMD110-P1627,1905,2.4,16.7,1.7,0.0,3.9,5.2,66.3,22.3,99.6,0.0,0.0,0.0,218.1,19.1,5.6,193.4,0.0,1627,,TONK,
Rajasthan,Tonk,IMD110-P1627,1906,0.0,11.0,1.5,0.0,0.5,28.5,223.8,43.4,102.5,5.7,0.0,2.4,419.3,11.0,2.0,398.3,8.0,1627,,TONK,
Rajasthan,Tonk,IMD110-P1627,1907,6.6,60.4,1.7,12.2,9.4,0.9,137.2,538.3,0.0,0.0,0.0,0.0,766.8,67.0,23.4,676.4,0.0,1627,,TONK,
Rajasthan,Tonk,IMD110-P1627,1908,19.0,0.0,11.5,0.0,0.0,52.7,337.0,398.8,37.3,0.0,0.0,0.0,856.4,19.0,11.5,825.8,0.0,1627,,TONK,
Rajasthan,Tonk,IMD110-P1627,1909,4.3,0.7,0.0,28.2,3.0,151.1,404.7,210.1,25.6,0.0,0.0,17.4,845.2,5.0,31.2,791.5,17.4,1627,,TONK,
Rajasthan,Tonk,IMD110-P1627,1910,5.7,0.0,0.0,7.0,0.0,82.9,77.1,194.6,156.9,2.6,0.0,0.0,526.9,5.7,7.0,511.5,2.6,1627,,TONK,
Rajasthan,Tonk,IMD110-P1627,1911,11.0,5.5,11.2,0.0,0.0,79.8,54.3,58.8,222.6,6.3,25.1,0.4,475.0,16.5,11.2,415.5,31.8,1627,,TONK,
Rajasthan,Tonk,IMD110-P1627,1912,3.3,2.6,1.2,0.9,2.7,45.5,260.4,264.2,27.7,0.0,0.7,3.6,612.8,5.9,4.8,597.8,4.3,1627,,TONK,
Rajasthan,Tonk,IMD110-P1627,1913,0.0,1.4,1.3,0.0,43.5,59.0,61.5,61.9,31.3,0.0,0.0,33.4,293.3,1.4,44.8,213.8,33.4,1627,,TONK,
Rajasthan,Tonk,IMD110-P1627,1914,0.0,0.0,0.4,0.0,0.0,65.8,419.6,107.6,55.7,0.0,1.3,0.0,650.3,0.0,0.4,648.6,1.3,1627,,TONK,
Rajasthan,Tonk,IMD110-P1627,1915,15.8,30.0,32.0,0.0,4.2,9.5,69.2,98.0,26.0,31.6,0.0,0.0,316.3,45.8,36.2,202.7,31.6,1627,,TONK,
Rajasthan,Tonk,IMD110-P1627,1916,0.0,0.0,0.0,0.0,7.0,68.0,159.2,406.5,112.5,17.9,0.0,0.0,771.1,0.0,7.0,746.2,17.9,1627,,TONK,
Rajasthan,Tonk,IMD110-P1627,1917,0.0,2.5,0.0,5.2,130.5,183.6,267.7,378.0,295.2,47.7,0.0,0.0,1310.4,2.5,135.7,1124.5,47.7,1627,,TONK,
Rajasthan,Tonk,IMD110-P1627,1918,7.4,0.0,0.0,0.0,0.0,37.6,49.5,84.5,13.9,0.0,0.8,0.0,193.7,7.4,0.0,185.5,0.8,1627,,TONK,
Rajasthan,Tonk,IMD110-P1627,1919,28.9,0.0,0.0,0.8,11.4,7.7,227.9,264.4,29.2,0.0,32.8,6.7,610.0,28.9,12.3,529.2,39.5,1627,,TONK,
Rajasthan,Tonk,IMD110-P1627,1920,9.7,0.0,1.7,0.0,15.6,134.3,292.8,89.0,13.0,0.8,0.0,0.0,557.0,9.7,17.3,529.1,0.8,1627,,TONK,
Rajasthan,Tonk,IMD110-P1627,1921,40.5,0.0,0.0,0.0,0.0,12.4,131.7,112.4,163.2,0.0,0.0,0.0,460.2,40.5,0.0,419.7,0.0,1627,,TONK,
Rajasthan,Tonk,IMD110-P1627,1922,0.6,0.0,0.0,0.3,2.4,70.4,220.1,115.3,68.0,0.5,5.3,12.3,495.3,0.6,2.8,473.8,18.2,1627,,TONK,
Rajasthan,Tonk,IMD110-P1627,1923,0.0,8.5,5.5,1.8,9.4,15.5,422.2,288.1,30.6,0.0,0.0,3.0,784.5,8.5,16.7,756.4,3.0,1627,,TONK,
Rajasthan,Tonk,IMD110-P1627,1924,10.2,3.3,0.0,0.0,5.7,20.7,431.8,189.1,241.0,65.9,3.8,39.6,1011.0,13.5,5.7,882.5,109.3,1627,,TONK,
Rajasthan,Tonk,IMD110-P1627,1925,0.0,0.0,0.0,0.0,40.8,211.5,192.5,45.8,4.6,2.7,18.9,0.0,516.7,0.0,40.8,454.3,21.6,1627,,TONK,
Rajasthan,Tonk,IMD110-P1627,1926,8.5,0.0,45.1,0.0,11.1,4.5,201.5,308.7,142.5,0.0,0.0,0.0,721.9,8.5,56.2,657.1,0.0,1627,,TONK,
Rajasthan,Tonk,IMD110-P1627,1927,0.0,6.0,0.0,0.0,3.3,0.0,181.8,327.0,34.5,3.0,11.0,38.6,605.3,6.0,3.3,543.3,52.7,1627,,TONK,
Rajasthan,Tonk,IMD110-P1627,1928,1.3,16.3,1.4,0.0,0.0,13.4,212.0,128.7,6.8,93.7,16.5,7.7,497.7,17.5,1.4,361.0,117.8,1627,,TONK,
Rajasthan,Tonk,IMD110-P1627,1929,0.7,0.0,0.0,1.4,8.4,24.8,239.1,168.6,28.2,0.0,0.0,9.6,480.8,0.7,9.8,460.7,9.6,1627,,TONK,
Rajasthan,Tonk,IMD110-P1627,1930,22.4,0.2,0.0,0.0,33.8,62.3,225.1,108.3,27.5,58.6,0.0,0.0,538.1,22.6,33.8,423.1,58.6,1627,,TONK,
Rajasthan,Tonk,IMD110-P1627,1931,0.0,1.8,0.0,0.0,6.2,7.5,256.5,320.1,21.4,30.8,0.0,0.8,645.1,1.8,6.2,605.5,31.6,1627,,TONK,
Rajasthan,Tonk,IMD110-P1627,1932,4.8,3.0,12.5,3.2,6.5,4.6,175.8,166.6,57.6,0.0,0.0,0.2,434.8,7.8,22.2,404.6,0.2,1627,,TONK,
Rajasthan,Tonk,IMD110-P1627,1933,0.0,9.4,1.4,44.6,29.2,282.6,141.3,260.9,186.5,17.8,4.0,0.0,977.6,9.4,75.2,871.2,21.8,1627,,TONK,
Rajasthan,Tonk,IMD110-P1627,1934,4.6,0.0,3.6,0.3,0.0,83.2,96.9,432.3,60.5,0.0,0.0,5.8,687.3,4.6,3.9,672.9,5.8,1628,,TONK,
Rajasthan,Tonk,IMD110-P1627,1935,6.1,6.3,0.5,4.9,0.4,23.8,296.0,96.2,211.4,18.1,0.0,6.6,670.3,12.4,5.8,627.4,24.7,1628,,TONK,
Rajasthan,Tonk,IMD110-P1627,1936,1.9,5.2,18.7,0.0,0.0,83.1,98.8,181.6,56.6,0.0,1.9,0.4,448.1,7.1,18.7,420.0,2.4,1628,,TONK,
Rajasthan,Tonk,IMD110-P1627,1937,0.0,6.4,0.5,1.1,7.8,85.3,336.0,116.4,77.4,0.8,1.5,4.0,637.2,6.4,9.4,615.0,6.3,1628,,TONK,
Rajasthan,Tonk,IMD110-P1627,1938,6.9,0.0,0.0,0.0,1.3,146.1,168.1,53.0,0.3,1.0,0.0,0.0,376.8,6.9,1.3,367.6,1.0,1628,,TONK,
Rajasthan,Tonk,IMD110-P1627,1939,0.0,12.5,9.6,0.0,0.0,73.3,104.7,49.7,43.8,4.9,0.0,0.0,298.5,12.5,9.6,271.4,4.9,1628,,TONK,
Rajasthan,Tonk,IMD110-P1627,1940,26.7,17.0,4.0,0.0,3.8,33.7,154.5,322.6,27.0,0.0,6.6,0.0,595.9,43.6,7.8,537.8,6.6,1628,,TONK,
Rajasthan,Tonk,IMD110-P1627,1941,9.4,0.3,0.1,0.0,10.1,28.4,41.2,133.1,51.6,1.3,0.0,0.7,276.2,9.7,10.2,254.3,2.0,1628,,TONK,
Rajasthan,Tonk,IMD110-P1627,1942,18.2,8.4,0.0,0.8,3.6,51.1,468.4,303.9,59.9,0.0,0.0,1.9,916.2,26.5,4.5,883.4,1.9,1628,,TONK,
Rajasthan,Tonk,IMD110-P1627,1943,6.3,0.0,0.0,4.0,1.8,42.4,304.8,60.2,250.5,0.0,0.0,0.4,670.3,6.3,5.8,657.8,0.4,1628,,TONK,
Rajasthan,Tonk,IMD110-P1627,1944,6.9,0.4,14.0,14.0,2.8,54.9,197.4,163.1,3.7,7.1,0.0,0.0,464.1,7.3,30.7,419.1,7.1,1628,,TONK,
Rajasthan,Tonk,IMD110-P1627,1945,25.7,0.0,0.0,2.4,4.5,57.3,421.3,299.8,133.0,3.7,0.0,0.0,947.6,25.7,6.9,911.3,3.7,1628,,TONK,
Rajasthan,Tonk,IMD110-P1627,1946,0.0,7.3,0.0,2.7,5.0,105.5,150.2,531.7,87.9,3.8,0.4,35.6,930.1,7.3,7.7,875.3,39.8,1628,,TONK,
Rajasthan,Tonk,IMD110-P1627,1947,2.3,2.2,0.0,0.0,1.5,19.4,72.2,226.4,330.4,14.5,0.0,5.4,674.2,4.4,1.5,648.4,19.9,1628,,TONK,
Rajasthan,Tonk,IMD110-P1627,1948,28.1,6.3,0.0,0.7,4.8,8.1,182.8,165.6,131.6,3.8,6.9,0.0,538.6,34.4,5.5,488.1,10.6,1628,,TONK,
Rajasthan,Tonk,IMD110-P1627,1949,0.0,0.0,0.0,3.7,4.2,10.6,248.8,182.2,85.1,5.8,0.0,0.0,540.5,0.0,7.9,526.7,5.8,1628,,TONK,
Rajasthan,Tonk,IMD110-P1627,1950,0.0,0.4,1.1,0.0,4.4,9.3,330.8,294.6,188.7,0.0,0.0,0.0,829.3,0.4,5.4,823.4,0.0,1628,,TONK,
Rajasthan,Tonk,IMD110-P1627,1951,0.0,0.0,6.5,0.0,0.0,37.2,50.8,162.0,0.0,0.0,10.8,0.0,267.3,0.0,6.5,250.0,10.8,1628,,TONK,
Rajasthan,Tonk,IMD110-P1627,1952,0.0,0.0,0.0,0.0,0.0,128.5,218.2,216.3,1.5,0.0,0.0,3.3,567.8,0.0,0.0,564.5,3.3,1628,,TONK,
Rajasthan,Tonk,IMD110-P1627,1953,52.0,0.0,0.0,0.0,2.3,53.8,154.7,330.7,38.4,1.7,0.0,0.0,633.6,52.0,2.3,577.5,1.7,1628,,TONK,
Rajasthan,Tonk,IMD110-P1627,1954,0.0,29.9,0.0,0.0,0.0,55.7,303.1,57.2,119.6,46.3,0.9,0.0,612.7,29.9,0.0,535.5,47.3,1628,,TONK,
Rajasthan,Tonk,IMD110-P1627,1955,9.6,5.0,0.5,0.0,1.3,98.6,53.0,339.1,137.8,104.7,0.0,0.0,749.6,14.6,1.8,628.5,104.7,1628,,TONK,
Rajasthan,Tonk,IMD110-P1627,1956,1.6,0.0,15.7,0.0,0.0,10.1,426.7,261.5,33.8,146.8,0.0,7.2,903.5,1.6,15.7,732.1,154.0,1628,,TONK,
Rajasthan,Tonk,IMD110-P1627,1957,26.0,0.0,13.4,0.0,3.1,57.0,381.8,216.1,34.7,2.6,0.0,1.0,735.8,26.0,16.5,689.7,3.6,1628,,TONK,
Rajasthan,Tonk,IMD110-P1627,1958,4.2,2.4,0.0,0.0,1.4,31.5,230.4,172.1,113.7,0.0,2.7,0.0,558.3,6.6,1.4,547.7,2.7,1628,,TONK,
Rajasthan,Tonk,IMD110-P1627,1959,1.3,0.0,0.0,0.0,16.3,21.6,202.4,307.2,137.1,28.1,13.5,0.0,727.4,1.3,16.3,668.3,41.6,1628,,TONK,
Rajasthan,Tonk,IMD110-P1627,1960,0.5,0.0,1.6,3.3,5.1,64.7,62.7,301.6,8.3,1.2,0.0,0.8,449.9,0.5,10.1,437.3,2.0,1628,,TONK,
Rajasthan,Tonk,IMD110-P1627,1961,6.5,2.5,0.0,0.0,1.5,15.5,233.6,228.8,349.0,4.0,2.2,0.0,843.7,9.0,1.5,826.9,6.3,1628,,TONK,
Rajasthan,Tonk,IMD110-P1627,1962,0.0,0.0,5.6,0.0,5.0,0.0,265.0,168.1,132.3,0.0,0.0,22.1,598.1,0.0,10.6,565.4,22.1,1628,,TONK,
Rajasthan,Tonk,IMD110-P1627,1963,0.0,0.0,0.0,1.9,1.4,17.7,78.7,266.2,108.5,2.1,19.7,0.1,496.3,0.0,3.3,471.1,21.9,1628,,TONK,
Rajasthan,Tonk,IMD110-P1627,1964,0.0,0.0,0.0,0.0,49.8,7.2,164.6,273.2,45.5,0.0,0.0,0.1,540.3,0.0,49.8,490.5,0.1,1628,,TONK,
Rajasthan,Tonk,IMD110-P1627,1965,1.6,0.0,1.3,2.0,11.4,6.1,187.5,73.0,38.7,6.5,0.0,0.0,328.2,1.6,14.8,305.3,6.5,1628,,TONK,
Rajasthan,Tonk,IMD110-P1627,1966,0.0,5.4,0.0,0.4,9.3,98.6,109.0,177.7,79.4,0.1,3.1,0.0,483.0,5.4,9.7,464.7,3.2,1628,,TONK,
Rajasthan,Tonk,IMD110-P1627,1967,0.0,0.0,28.0,1.5,3.2,73.8,192.0,327.0,126.2,0.0,1.2,10.8,763.8,0.0,32.7,719.0,12.0,1628,,TONK,
Rajasthan,Tonk,IMD110-P1627,1968,8.1,5.8,7.0,0.0,1.3,0.3,258.2,151.3,0.6,1.2,0.0,0.0,433.7,13.9,8.2,410.4,1.2,1629,,TONK,
Rajasthan,Tonk,IMD110-P1627,1969,3.3,2.4,0.0,0.0,0.0,7.7,242.4,209.4,158.6,0.0,0.0,0.0,623.9,5.7,0.0,618.1,0.0,1629,,TONK,
Rajasthan,Tonk,IMD110-P1627,1970,0.0,27.4,2.2,0.0,4.0,63.0,186.9,227.4,70.8,8.8,0.0,0.0,590.4,27.4,6.2,548.1,8.8,1629,,TONK,
Rajasthan,Tonk,IMD110-P1627,1971,1.4,0.5,0.0,0.4,52.0,342.1,266.1,129.3,142.5,8.9,0.0,0.0,943.2,1.9,52.4,879.9,8.9,1629,,TONK,
Rajasthan,Tonk,IMD110-P1627,1972,0.0,3.0,0.0,0.2,0.0,93.0,83.4,162.3,9.5,5.5,0.2,0.0,357.1,3.0,0.2,348.2,5.7,1629,,TONK,
Rajasthan,Tonk,IMD110-P1627,1973,1.4,8.1,0.0,0.0,11.8,25.9,198.3,436.4,110.9,1.6,0.0,0.0,794.3,9.5,11.8,771.4,1.6,1629,,TONK,
Rajasthan,Tonk,IMD110-P1627,1974,0.0,0.0,0.0,0.0,11.2,40.3,434.4,166.7,0.2,83.7,0.0,4.4,740.8,0.0,11.2,641.6,88.1,1629,,TONK,
Rajasthan,Tonk,IMD110-P1627,1975,0.5,0.8,2.0,0.0,1.0,74.3,267.3,328.9,202.2,20.3,0.0,0.0,897.1,1.3,2.9,872.6,20.3,1629,,TONK,
Rajasthan,Tonk,IMD110-P1627,1976,4.8,3.2,0.0,0.2,9.3,74.7,212.4,297.8,185.4,0.0,27.8,0.0,815.6,8.1,9.5,770.2,27.8,1629,,TONK,
Rajasthan,Tonk,IMD110-P1627,1977,9.1,2.0,0.0,0.1,6.8,114.2,408.0,183.0,69.4,0.0,0.0,0.5,793.1,11.1,6.8,774.6,0.5,1629,,TONK,
Rajasthan,Tonk,IMD110-P1627,1978,0.0,13.0,6.7,3.6,0.0,71.8,257.3,140.6,32.8,1.8,2.7,2.1,532.4,13.0,10.3,502.5,6.6,1629,,TONK,
Rajasthan,Tonk,IMD110-P1627,1979,1.9,30.3,3.4,0.6,19.6,43.8,293.6,115.9,8.7,0.3,29.4,3.8,551.3,32.1,23.6,462.1,33.5,1629,,TONK,
Rajasthan,Tonk,IMD110-P1627,1980,1.1,0.1,0.3,0.0,2.1,119.2,186.2,127.8,18.6,0.0,0.1,4.4,459.9,1.2,2.4,451.8,4.5,1629,,TONK,
Rajasthan,Tonk,IMD110-P1627,1981,4.6,0.0,3.2,0.1,0.7,36.3,437.6,90.8,55.1,0.0,3.5,0.3,632.3,4.6,4.0,619.8,3.9,1629,,TONK,
Rajasthan,Tonk,IMD110-P1627,1982,3.8,0.2,1.5,7.1,7.4,21.5,133.9,263.3,12.8,1.0,14.2,3.8,470.4,4.0,16.0,431.5,19.0,1629,,TONK,
Rajasthan,Tonk,IMD110-P1627,1983,0.0,0.2,0.0,55.0,16.3,27.9,240.0,221.6,168.9,24.7,0.0,0.0,754.5,0.2,71.2,658.4,24.7,1629,,TONK,
Rajasthan,Tonk,IMD110-P1627,1984,0.5,0.0,0.0,0.0,0.0,27.0,76.8,203.3,72.0,0.0,0.0,0.0,379.6,0.5,0.0,379.2,0.0,1629,,TONK,
Rajasthan,Tonk,IMD110-P1627,1985,0.4,0.0,0.0,1.8,4.4,7.0,102.4,159.5,21.9,123.8,0.0,6.2,427.4,0.4,6.2,290.8,130.0,1629,,TONK,
Rajasthan,Tonk,IMD110-P1627,1986,0.3,25.5,0.0,0.0,43.9,53.3,343.8,138.3,27.6,0.0,0.0,0.0,632.8,25.8,43.9,563.0,0.0,1629,,TONK,
Rajasthan,Tonk,IMD110-P1627,1987,4.2,0.7,0.0,0.0,4.2,29.5,55.1,178.2,22.6,0.0,0.0,31.9,326.4,4.9,4.2,285.4,31.9,1629,,TONK,
Rajasthan,Tonk,IMD110-P1627,1988,1.4,0.0,4.3,0.0,2.0,91.3,167.6,177.3,91.8,0.0,0.0,0.0,535.8,1.4,6.4,528.0,0.0,1629,,TONK,
Rajasthan,Tonk,IMD110-P1627,1989,0.0,0.0,4.0,0.0,0.0,40.4,96.1,313.6,13.0,0.0,0.0,0.0,467.2,0.0,4.0,463.2,0.0,1629,,TONK,
Rajasthan,Tonk,IMD110-P1627,1990,0.0,19.8,0.0,0.0,8.1,48.3,209.1,196.5,110.0,8.0,8.8,0.0,608.6,19.8,8.1,563.9,16.8,1629,,TONK,
Rajasthan,Tonk,IMD110-P1627,1991,0.0,0.1,0.0,14.3,3.1,13.9,298.5,231.4,59.9,0.0,2.5,6.2,629.7,0.1,17.4,603.6,8.6,1629,,TONK,
Rajasthan,Tonk,IMD110-P1627,1992,2.9,6.5,7.1,0.0,12.7,2.0,190.3,336.1,80.9,20.8,0.0,0.0,659.3,9.4,19.8,609.3,20.8,1629,,TONK,
Rajasthan,Tonk,IMD110-P1627,1993,0.0,5.7,0.1,2.1,1.8,79.1,96.5,127.9,67.7,3.9,0.0,0.0,384.8,5.7,4.0,371.2,3.9,1629,,TONK,
Rajasthan,Tonk,IMD110-P1627,1994,24.2,0.0,0.0,12.3,0.6,76.2,278.4,226.7,89.5,0.0,0.0,0.0,708.0,24.2,12.9,670.9,0.0,1629,,TONK,
Rajasthan,Tonk,IMD110-P1627,1995,38.8,1.8,10.7,0.2,0.0,8.0,309.9,267.4,75.6,0.0,0.0,0.0,712.4,40.7,10.9,660.9,0.0,1629,,TONK,
Rajasthan,Tonk,IMD110-P1627,1996,12.0,4.3,3.0,10.0,30.1,69.2,202.5,250.3,94.0,15.4,0.0,0.0,690.8,16.3,43.2,615.9,15.4,1629,,TONK,
Rajasthan,Tonk,IMD110-P1627,1997,0.0,,,7.2,9.0,0.0,,,,,,,,,,,,1629,missing_months,TONK,
Rajasthan,Tonk,IMD110-P1627,1998,0.0,1.0,5.6,0.0,7.0,0.0,,,,52.8,0.0,0.0,,1.0,12.6,,52.8,1629,missing_months,TONK,
Rajasthan,Tonk,IMD110-P1627,1999,0.0,5.4,0.0,0.0,,,,77.6,,23.5,,0.0,,5.4,,,,1629,missing_months,TONK,
Rajasthan,Tonk,IMD110-P1627,2000,0.0,0.0,,0.0,0.0,9.0,,95.2,33.8,0.0,0.0,,,0.0,,,,1629,missing_months,TONK,
Rajasthan,Tonk,IMD110-P1627,2001,,0.0,0.0,0.0,,0.0,0.0,0.0,0.0,0.0,0.0,,,,,0.0,,1629,missing_months,TONK,
Rajasthan,Tonk,IMD110-P1627,2002,,,,,,,,,,0.0,,,,,,,,1630,missing_months,TONK,
Rajasthan,Tonk,IMD110-P1627,2003,,,,,,,,,,0.0,0.0,,,,,,,1630,missing_months,TONK,
Rajasthan,Tonk,IMD110-P1627,2004,2.0,0.0,0.0,0.0,0.0,,57.0,493.2,16.0,0.0,,,,2.0,0.0,,,1630,missing_months,TONK,
Rajasthan,Tonk,IMD110-P1627,2008,0.0,0.0,0.0,0.9,4.3,112.7,154.5,115.2,85.9,2.0,0.0,0.0,475.4,0.0,5.2,468.2,2.0,1630,,TONK,
Rajasthan,Tonk,IMD110-P1627,2009,0.1,0.0,0.3,0.1,0.8,13.1,147.6,66.7,29.6,15.8,6.9,0.1,281.0,0.1,1.2,257.0,22.8,1630,,TONK,
Rajasthan,Tonk,IMD110-P1627,2010,1.5,0.9,0.0,0.0,0.0,5.2,159.2,281.0,106.6,0.1,37.0,3.5,595.0,2.4,0.0,552.0,40.5,1630,,TONK,
Rajasthan,Udaipur,IMD110-P1631,1901,3.0,0.3,3.0,1.1,10.7,22.8,130.9,166.8,6.3,16.3,0.0,0.0,361.3,3.3,14.9,326.8,16.3,1631,,UDAIPUR,
Rajasthan,Udaipur,IMD110-P1631,1902,1.0,0.0,0.0,6.1,28.5,13.2,119.1,134.8,265.1,10.4,0.0,7.0,585.3,1.0,34.6,532.3,17.4,1631,,UDAIPUR,
Rajasthan,Udaipur,IMD110-P1631,1903,0.0,3.0,0.4,0.0,16.0,4.2,356.1,211.1,156.4,0.0,0.0,0.0,747.5,3.0,16.4,728.0,0.0,1631,,UDAIPUR,
Rajasthan,Udaipur,IMD110-P1631,1904,6.1,4.2,25.1,0.0,51.3,63.8,131.8,122.0,29.9,7.9,1.4,1.1,444.6,10.3,76.4,347.5,10.4,1631,,UDAIPUR,
Rajasthan,Udaipur,IMD110-P1631,1905,0.2,0.0,5.9,0.0,1.3,30.4,302.8,8.1,104.9,0.0,0.0,0.0,453.5,0.2,7.2,446.1,0.0,1631,,UDAIPUR,
Rajasthan,Udaipur,IMD110-P1631,1906,0.0,23.8,0.0,0.0,0.0,71.8,349.4,176.4,116.2,1.3,0.0,2.2,741.1,23.8,0.0,713.8,3.5,1631,,UDAIPUR,
Rajasthan,Udaipur,IMD110-P1631,1907,0.0,29.0,0.5,13.0,17.4,18.5,237.1,172.4,1.0,0.0,0.0,0.0,489.0,29.0,30.9,429.0,0.0,1631,,UDAIPUR,
Rajasthan,Udaipur,IMD110-P1631,1908,3.9,0.0,0.3,0.0,2.0,43.2,344.4,183.9,22.6,0.4,0.4,0.0,601.1,3.9,2.3,594.1,0.8,1631,,UDAIPUR,
Rajasthan,Udaipur,IMD110-P1631,1909,0.0,0.0,0.0,35.8,0.0,185.1,221.8,297.4,80.9,6.9,0.0,3.8,831.8,0.0,35.8,785.3,10.7,1631,,UDAIPUR,
Rajasthan,Udaipur,IMD110-P1631,1910,1.4,0.0,0.0,2.3,0.0,229.8,172.3,245.1,25.2,7.9,0.0,0.0,684.0,1.4,2.3,672.4,7.9,1631,,UDAIPUR,
Rajasthan,Udaipur,IMD110-P1631,1911,0.9,0.0,22.9,0.0,0.0,98.9,47.5,52.3,110.2,1.0,4.4,0.2,338.1,0.9,22.9,308.8,5.6,1631,,UDAIPUR,
Rajasthan,Udaipur,IMD110-P1631,1912,2.4,0.3,0.0,0.2,3.2,37.0,305.2,269.0,30.1,2.7,8.6,0.2,658.8,2.7,3.4,641.4,11.4,1631,,UDAIPUR,
Rajasthan,Udaipur,IMD110-P1631,1913,0.0,0.0,0.0,0.0,42.3,180.3,316.9,171.9,58.5,0.4,1.0,5.6,776.8,0.0,42.3,727.5,7.0,1631,,UDAIPUR,
Rajasthan,Udaipur,IMD110-P1631,1914,0.0,0.3,0.0,0.0,8.2,123.3,254.3,112.0,127.3,27.4,3.7,0.0,656.3,0.3,8.2,616.8,31.1,1631,,UDAIPUR,
Rajasthan,Udaipur,IMD110-P1631,1915,35.8,13.9,13.6,0.5,9.1,76.7,59.5,61.3,30.6,215.0,0.0,0.9,517.0,49.8,23.2,228.1,215.9,1631,,UDAIPUR,
Rajasthan,Udaipur,IMD110-P1631,1916,0.0,0.2,0.0,0.0,8.6,129.6,132.9,431.6,138.8,15.2,0.0,0.0,856.8,0.2,8.6,832.8,15.2,1631,,UDAIPUR,
Rajasthan,Udaipur,IMD110-P1631,1917,0.3,14.1,0.0,8.4,123.9,163.0,130.6,325.0,261.9,149.1,0.0,0.0,1176.3,14.4,132.3,880.4,149.1,1631,,UDAIPUR,
Rajasthan,Udaipur,IMD110-P1631,1918,1.3,0.0,1.3,0.0,5.6,61.1,38.4,225.2,1.1,0.0,0.6,0.0,334.7,1.3,6.9,325.9,0.6,1631,,UDAIPUR,
Rajasthan,Udaipur,IMD110-P1631,1919,4.7,0.0,0.8,3.8,24.1,41.8,176.9,228.4,41.7,0.0,57.7,0.3,580.1,4.7,28.8,488.8,58.0,1631,,UDAIPUR,
Rajasthan,Udaipur,IMD110-P1631,1920,0.0,3.3,0.0,0.0,113.4,145.2,388.8,48.0,8.2,0.0,0.0,0.0,706.9,3.3,113.4,590.1,0.0,1631,,UDAIPUR,
Rajasthan,Udaipur,IMD110-P1631,1921,4.4,0.0,0.0,0.0,0.0,31.8,269.8,73.7,221.0,0.0,0.0,0.0,600.6,4.4,0.0,596.2,0.0,1631,,UDAIPUR,
Rajasthan,Udaipur,IMD110-P1631,1922,1.0,0.0,0.0,0.0,9.1,156.1,260.5,103.3,313.3,0.0,0.0,4.2,847.5,1.0,9.1,833.2,4.2,1631,,UDAIPUR,
Rajasthan,Udaipur,IMD110-P1631,1923,0.4,3.3,0.0,0.4,18.4,0.0,169.8,220.8,24.0,0.5,0.6,0.3,438.4,3.7,18.8,414.5,1.4,1631,,UDAIPUR,
Rajasthan,Udaipur,IMD110-P1631,1924,8.5,1.9,0.0,0.0,5.8,58.3,262.6,230.9,153.8,15.4,0.0,4.4,741.6,10.4,5.8,705.6,19.8,1631,,UDAIPUR,
Rajasthan,Udaipur,IMD110-P1631,1925,0.0,0.0,0.0,0.6,16.4,262.5,181.5,49.8,16.0,16.5,6.3,0.0,549.8,0.0,17.0,509.9,22.8,1631,,UDAIPUR,
Rajasthan,Udaipur,IMD110-P1631,1926,8.4,0.0,1.8,2.3,9.9,8.6,327.5,235.0,251.6,0.0,0.0,0.0,845.3,8.4,14.0,822.8,0.0,1631,,UDAIPUR,
Rajasthan,Udaipur,IMD110-P1631,1927,0.0,12.9,0.0,0.0,11.4,32.9,439.7,217.8,91.7,14.6,23.6,33.8,878.4,12.9,11.4,782.0,71.9,1631,,UDAIPUR,
Rajasthan,Udaipur,IMD110-P1631,1928,0.0,0.9,0.0,0.0,0.0,45.8,301.9,225.4,62.8,17.5,17.5,0.0,671.9,0.9,0.0,636.0,35.0,1631,,UDAIPUR,
Rajasthan,Udaipur,IMD110-P1631,1929,4.7,0.0,0.0,1.9,9.5,55.9,374.2,126.7,31.0,0.0,0.0,8.0,612.0,4.7,11.5,587.8,8.0,1631,,UDAIPUR,
Rajasthan,Udaipur,IMD110-P1631,1930,16.1,0.2,0.0,0.0,22.4,102.3,424.5,202.1,45.1,54.2,0.0,0.0,866.9,16.3,22.4,774.0,54.2,1631,,UDAIPUR,
Rajasthan,Udaipur,IMD110-P1631,1931,1.0,2.5,0.0,0.0,2.8,18.4,170.5,505.8,86.4,95.3,0.4,1.4,884.5,3.5,2.8,781.0,97.1,1631,,UDAIPUR,
Rajasthan,Udaipur,IMD110-P1631,1932,0.0,0.0,5.4,0.0,5.1,59.9,230.1,73.7,64.9,9.1,0.0,0.0,448.2,0.0,10.5,428.6,9.1,1631,,UDAIPUR,
Rajasthan,Udaipur,IMD110-P1631,1933,0.0,0.0,1.1,3.7,47.0,134.1,280.9,402.0,113.6,10.1,6.0,2.9,1001.5,0.0,51.8,930.7,19.0,1631,,UDAIPUR,
Rajasthan,Udaipur,IMD110-P1631,1934,0.0,0.0,0.0,0.0,0.0,72.6,68.5,421.7,180.9,0.0,1.8,0.0,745.5,0.0,0.0,743.7,1.8,1631,,UDAIPUR,
Rajasthan,Udaipur,IMD110-P1631,1935,11.4,0.9,0.0,2.9,2.0,50.3,248.1,96.0,162.9,11.9,9.1,4.1,599.6,12.3,4.9,557.2,25.1,1631,,UDAIPUR,
Rajasthan,Udaipur,IMD110-P1631,1936,0.2,4.1,7.4,0.0,0.0,67.2,48.0,35.8,96.4,0.3,15.9,2.2,277.4,4.2,7.4,247.4,18.3,1631,,UDAIPUR,
Rajasthan,Udaipur,IMD110-P1631,1937,0.0,10.2,0.0,0.0,0.0,147.1,507.9,15.8,142.6,4.9,0.0,0.3,828.7,10.2,0.0,813.3,5.2,1631,,UDAIPUR,
Rajasthan,Udaipur,IMD110-P1631,1938,0.2,0.0,0.0,0.0,2.5,128.5,316.4,,19.7,10.7,0.0,0.0,,0.2,2.5,,10.7,1631,missing_months,UDAIPUR,
Rajasthan,Udaipur,IMD110-P1631,1939,0.0,4.9,9.8,0.0,0.0,68.2,66.6,187.8,90.8,2.4,0.0,0.0,430.5,4.9,9.8,413.4,2.4,1631,,UDAIPUR,
Rajasthan,Udaipur,IMD110-P1631,1940,31.5,1.7,13.8,8.5,0.0,83.6,165.9,141.3,63.7,4.1,13.6,0.0,527.5,33.3,22.3,454.4,17.7,1631,,UDAIPUR,
Rajasthan,Udaipur,IMD110-P1631,1941,1.3,26.1,7.2,0.0,9.9,17.9,217.0,474.5,23.0,0.0,0.0,3.7,780.4,27.4,17.0,732.3,3.7,1632,,UDAIPUR,
Rajasthan,Udaipur,IMD110-P1631,1942,10.3,6.8,0.0,0.0,5.9,116.3,188.8,222.7,65.0,0.0,0.0,0.0,615.9,17.0,5.9,592.9,0.0,1632,,UDAIPUR,
Rajasthan,Udaipur,IMD110-P1631,1943,0.4,0.0,0.0,0.0,0.0,97.2,452.5,36.6,80.1,0.0,0.0,0.0,666.8,0.4,0.0,666.4,0.0,1632,,UDAIPUR,
Rajasthan,Udaipur,IMD110-P1631,1944,14.3,0.0,15.5,0.0,0.0,137.9,338.6,475.4,55.4,0.0,0.0,0.0,1037.1,14.3,15.5,1007.4,0.0,1632,,UDAIPUR,
Rajasthan,Udaipur,IMD110-P1631,1945,0.9,0.0,0.0,17.8,0.0,171.1,320.8,99.8,117.1,1.2,0.0,0.0,728.6,0.9,17.8,708.7,1.2,1632,,UDAIPUR,
Rajasthan,Udaipur,IMD110-P1631,1946,0.0,10.5,0.0,2.1,0.0,163.2,190.6,424.4,121.0,11.5,4.7,17.4,945.5,10.5,2.1,899.2,33.6,1632,,UDAIPUR,
Rajasthan,Udaipur,IMD110-P1631,1947,1.9,0.0,0.0,0.8,0.0,0.0,94.9,344.3,264.0,3.5,0.0,0.0,709.4,1.9,0.8,703.2,3.5,1632,,UDAIPUR,
Rajasthan,Udaipur,IMD110-P1631,1948,61.3,11.9,0.0,0.1,0.0,20.7,33.1,168.9,76.8,30.2,25.3,0.0,428.3,73.2,0.1,299.5,55.5,1632,,UDAIPUR,
Rajasthan,Udaipur,IMD110-P1631,1949,0.0,0.0,0.0,0.0,4.4,12.7,174.5,62.6,86.6,2.8,0.3,0.0,343.8,0.0,4.4,336.4,3.1,1632,,UDAIPUR,
Rajasthan,Udaipur,IMD110-P1631,1950,0.0,0.0,0.0,0.0,4.1,19.0,378.6,68.8,348.1,0.0,0.0,0.0,818.6,0.0,4.1,814.4,0.0,1632,,UDAIPUR,
Rajasthan,Udaipur,IMD110-P1631,1951,0.0,0.0,0.1,0.0,3.4,56.1,158.2,147.0,6.1,0.6,17.3,0.0,388.7,0.0,3.4,367.4,17.9,1632,,UDAIPUR,
Rajasthan,Udaipur,IMD110-P1631,1952,0.2,1.4,0.0,0.0,0.0,54.6,478.4,167.1,9.5,1.5,0.0,0.0,712.8,1.6,0.0,709.7,1.5,1632,,UDAIPUR,
Rajasthan,Udaipur,IMD110-P1631,1953,40.4,0.0,0.0,3.8,0.1,91.0,198.8,379.0,97.5,14.3,0.0,0.0,824.8,40.4,3.9,766.3,14.3,1632,,UDAIPUR,
Rajasthan,Udaipur,IMD110-P1631,1954,0.1,2.9,15.3,0.0,0.9,84.6,240.8,115.4,385.1,3.1,0.0,0.0,848.2,3.0,16.2,825.9,3.1,1632,,UDAIPUR,
Rajasthan,Udaipur,IMD110-P1631,1955,0.0,3.7,0.0,0.0,4.1,88.0,20.0,280.8,309.6,21.8,0.0,0.0,728.0,3.7,4.1,698.4,21.8,1632,,UDAIPUR,
Rajasthan,Udaipur,IMD110-P1631,1956,0.0,0.5,2.5,1.2,7.8,77.5,403.3,118.0,67.7,125.7,0.0,2.7,806.9,0.5,11.5,666.5,128.4,1632,,UDAIPUR,
Rajasthan,Udaipur,IMD110-P1631,1957,10.4,0.0,3.3,3.6,3.9,110.7,144.5,247.8,14.1,5.0,5.0,0.7,549.0,10.4,10.8,517.1,10.7,1632,,UDAIPUR,
Rajasthan,Udaipur,IMD110-P1631,1958,8.2,0.0,0.0,0.2,2.0,57.6,252.9,136.7,204.9,28.3,4.5,0.0,695.3,8.2,2.1,652.1,32.8,1632,,UDAIPUR,
Rajasthan,Udaipur,IMD110-P1631,1959,0.4,0.0,1.7,9.2,5.3,53.4,317.5,245.4,250.1,69.5,1.2,2.5,956.2,0.4,16.3,866.3,73.3,1632,,UDAIPUR,
Rajasthan,Udaipur,IMD110-P1631,1960,0.7,0.0,0.4,0.5,1.7,79.5,214.9,260.9,20.9,0.0,0.0,0.1,579.5,0.7,2.6,576.1,0.1,1632,,UDAIPUR,
Rajasthan,Udaipur,IMD110-P1631,1961,0.2,0.0,0.0,0.0,8.4,55.5,218.6,136.1,351.4,11.9,0.2,1.0,783.4,0.3,8.4,761.7,13.1,1632,,UDAIPUR,
Rajasthan,Udaipur,IMD110-P1631,1962,0.0,0.0,4.7,5.8,0.0,13.7,250.1,164.7,141.6,0.0,0.6,1.4,582.7,0.0,10.6,570.1,2.0,1632,,UDAIPUR,
Rajasthan,Udaipur,IMD110-P1631,1963,0.0,0.0,1.7,1.5,1.2,53.1,149.4,234.8,100.7,28.5,27.4,0.0,598.2,0.0,4.4,537.9,55.9,1632,,UDAIPUR,
Rajasthan,Udaipur,IMD110-P1631,1964,0.0,0.0,0.0,0.0,16.7,96.6,240.9,197.2,68.8,0.1,0.0,0.0,620.2,0.0,16.7,603.4,0.1,1632,,UDAIPUR,
Rajasthan,Udaipur,IMD110-P1631,1965,15.0,0.7,1.0,2.5,2.9,1.0,227.2,146.1,47.7,0.7,0.0,0.0,444.5,15.6,6.3,421.9,0.7,1632,,UDAIPUR,
Rajasthan,Udaipur,IMD110-P1631,1966,0.2,0.3,0.0,0.0,5.8,60.6,182.3,57.7,114.1,0.0,0.1,0.0,421.1,0.5,5.8,414.7,0.1,1632,,UDAIPUR,
Rajasthan,Udaipur,IMD110-P1631,1967,0.0,0.0,117.4,0.2,1.7,137.5,208.2,140.8,135.1,0.2,0.0,15.8,756.9,0.0,119.3,621.6,16.0,1632,,UDAIPUR,
Rajasthan,Udaipur,IMD110-P1631,1968,0.0,0.0,12.0,0.0,7.6,5.0,305.4,245.2,26.2,1.7,0.0,0.0,603.1,0.0,19.6,581.8,1.7,1632,,UDAIPUR,
Rajasthan,Udaipur,IMD110-P1631,1969,0.8,0.4,0.0,0.0,0.0,20.1,186.3,239.4,82.8,0.0,5.8,0.2,535.8,1.2,0.0,528.6,6.0,1632,,UDAIPUR,
Rajasthan,Udaipur,IMD110-P1631,1970,0.5,12.0,0.0,0.2,5.5,139.3,175.2,394.9,131.6,4.9,0.0,0.0,864.2,12.5,5.8,841.0,4.9,1632,,UDAIPUR,
Rajasthan,Udaipur,IMD110-P1631,1971,0.4,0.0,0.0,0.4,11.4,99.0,241.9,142.3,56.5,5.3,0.0,0.0,557.2,0.4,11.8,539.7,5.3,1632,,UDAIPUR,
Rajasthan,Udaipur,IMD110-P1631,1972,0.1,6.6,0.0,0.1,2.2,95.3,122.8,134.3,12.6,0.0,0.0,0.1,374.0,6.7,2.2,365.0,0.1,1632,,UDAIPUR,
Rajasthan,Udaipur,IMD110-P1631,1973,0.3,0.0,0.0,0.0,6.6,87.9,299.9,546.3,527.4,1.8,0.0,1.3,1471.4,0.3,6.6,1461.5,3.1,1632,,UDAIPUR,
Rajasthan,Udaipur,IMD110-P1631,1974,0.0,0.0,0.0,0.3,38.3,19.4,144.4,214.2,36.0,66.0,0.0,0.0,518.5,0.0,38.6,414.0,66.0,1632,,UDAIPUR,
Rajasthan,Udaipur,IMD110-P1631,1975,0.0,0.0,0.7,0.3,3.7,133.0,190.9,284.7,164.2,73.1,0.0,0.0,850.6,0.0,4.6,772.8,73.1,1632,,UDAIPUR,
Rajasthan,Udaipur,IMD110-P1631,1976,18.8,2.3,0.0,0.0,0.5,40.2,219.3,330.6,148.1,0.1,87.8,0.0,847.7,21.1,0.5,738.2,87.9,1632,,UDAIPUR,
Rajasthan,Udaipur,IMD110-P1631,1977,10.3,2.0,0.0,0.2,16.2,98.9,200.6,99.0,104.9,0.0,0.3,0.0,532.4,12.3,16.4,503.4,0.3,1632,,UDAIPUR,
Rajasthan,Udaipur,IMD110-P1631,1978,0.0,2.9,0.3,1.1,0.0,71.9,297.5,265.2,24.9,9.4,15.1,2.3,690.4,2.9,1.4,659.4,26.8,1632,,UDAIPUR,
Rajasthan,Udaipur,IMD110-P1631,1979,0.5,9.4,0.5,0.7,12.6,48.1,150.5,138.0,35.3,7.0,88.9,1.0,492.5,9.9,13.8,371.9,96.9,1632,,UDAIPUR,
Rajasthan,Udaipur,IMD110-P1631,1980,0.0,0.6,0.0,0.0,0.0,218.0,193.4,135.2,48.2,0.6,0.0,24.3,620.3,0.6,0.0,594.8,24.9,1632,,UDAIPUR,
Rajasthan,Udaipur,IMD110-P1631,1981,1.0,0.0,1.6,0.0,3.2,83.5,159.6,204.6,107.1,9.6,38.5,0.7,609.5,1.0,4.8,554.8,48.8,1632,,UDAIPUR,
Rajasthan,Udaipur,IMD110-P1631,1982,4.5,0.1,0.0,8.5,32.5,39.7,134.1,168.4,30.7,10.0,87.8,1.1,517.4,4.5,41.0,373.0,98.9,1633,,UDAIPUR,
Rajasthan,Udaipur,IMD110-P1631,1983,0.0,0.0,0.0,3.2,3.4,161.9,273.4,227.6,113.8,38.5,0.0,0.0,821.7,0.0,6.5,776.7,38.5,1633,,UDAIPUR,
Rajasthan,Udaipur,IMD110-P1631,1984,0.0,0.0,0.0,0.0,0.0,41.8,236.0,311.9,96.8,0.5,0.0,0.0,687.0,0.0,0.0,686.5,0.5,1633,,UDAIPUR,
Rajasthan,Udaipur,IMD110-P1631,1985,0.0,0.0,0.0,3.9,3.8,14.4,149.0,305.3,25.9,89.0,0.0,3.0,594.3,0.0,7.6,494.7,92.0,1633,,UDAIPUR,
Rajasthan,Udaipur,IMD110-P1631,1986,0.0,3.5,0.4,2.3,12.4,56.1,227.3,130.5,0.2,2.7,0.0,0.0,435.5,3.5,15.1,414.1,2.7,1633,,UDAIPUR,
Rajasthan,Udaipur,IMD110-P1631,1987,8.6,0.0,0.0,0.0,5.2,58.1,34.3,188.2,2.3,0.0,0.0,26.7,323.5,8.6,5.3,283.0,26.7,1633,,UDAIPUR,
Rajasthan,Udaipur,IMD110-P1631,1988,0.7,0.0,0.0,12.9,1.4,60.4,194.0,259.3,107.8,3.3,0.0,0.0,639.8,0.7,14.3,621.5,3.3,1633,,UDAIPUR,
Rajasthan,Udaipur,IMD110-P1631,1989,5.9,0.0,0.0,0.0,0.0,87.2,172.2,355.4,52.9,0.0,1.5,0.0,675.1,5.9,0.0,667.7,1.5,1633,,UDAIPUR,
Rajasthan,Udaipur,IMD110-P1631,1990,0.0,7.2,3.4,0.0,27.0,74.5,241.4,343.4,191.1,10.2,1.5,0.0,899.6,7.2,30.4,850.3,11.7,1633,,UDAIPUR,
Rajasthan,Udaipur,IMD110-P1631,1991,0.0,2.9,0.0,8.8,0.0,19.7,457.3,124.0,29.7,0.0,5.9,0.2,648.6,2.9,8.8,630.8,6.1,1633,,UDAIPUR,
Rajasthan,Udaipur,IMD110-P1631,1992,2.3,1.5,1.5,1.5,15.5,44.3,331.7,196.4,174.0,12.7,5.8,1.5,788.7,3.8,18.5,746.5,20.0,1633,,UDAIPUR,
Rajasthan,Udaipur,IMD110-P1631,1993,0.0,7.5,2.2,6.4,1.2,90.6,394.8,55.7,68.8,14.0,0.4,0.0,641.7,7.5,9.8,609.9,14.5,1633,,UDAIPUR,
Rajasthan,Udaipur,IMD110-P1631,1994,8.5,0.0,0.0,6.0,1.5,175.7,235.5,305.9,198.7,0.3,0.0,0.0,932.1,8.5,7.5,915.9,0.3,1633,,UDAIPUR,
Rajasthan,Udaipur,IMD110-P1631,1995,28.7,0.0,0.0,0.0,2.9,23.3,253.4,89.9,56.9,16.6,0.0,5.4,477.2,28.7,2.9,423.5,22.0,1633,,UDAIPUR,
Rajasthan,Udaipur,IMD110-P1631,1996,8.7,0.1,0.5,14.9,3.0,88.3,219.3,176.3,144.1,10.6,0.0,0.0,665.8,8.8,18.4,628.0,10.6,1633,,UDAIPUR,
Rajasthan,Udaipur,IMD110-P1631,1997,0.8,0.0,0.0,17.1,33.1,68.8,195.0,246.1,158.7,49.6,3.7,0.2,773.0,0.8,50.1,668.5,53.5,1633,,UDAIPUR,
Rajasthan,Udaipur,IMD110-P1631,1998,0.0,1.3,1.1,13.3,2.2,86.6,139.9,110.8,176.6,103.6,10.6,0.0,646.1,1.3,16.6,514.0,114.2,1633,,UDAIPUR,
Rajasthan,Udaipur,IMD110-P1631,1999,0.0,15.9,0.0,0.0,16.4,84.4,127.6,45.6,75.7,28.7,0.0,0.0,394.3,15.9,16.4,333.3,28.7,1633,,UDAIPUR,
Rajasthan,Udaipur,IMD110-P1631,2000,0.0,0.1,0.0,10.6,53.4,31.1,249.2,40.8,39.5,2.9,0.0,0.0,427.6,0.1,64.0,360.6,2.9,1633,,UDAIPUR,
Rajasthan,Udaipur,IMD110-P1631,2001,0.0,0.0,0.0,1.4,5.7,130.5,283.3,152.3,9.2,4.6,0.0,0.0,586.9,0.0,7.1,575.3,4.6,1633,,UDAIPUR,
Rajasthan,Udaipur,IMD110-P1631,2002,0.0,1.9,0.0,1.5,0.8,110.7,2.4,172.4,74.8,0.6,1.0,1.1,367.3,1.9,2.3,360.4,2.8,1633,,UDAIPUR,
Rajasthan,Udaipur,IMD110-P1631,2003,0.0,17.9,0.0,0.0,0.0,53.6,268.8,145.5,105.5,0.5,0.0,0.0,591.8,17.9,0.0,573.3,0.5,1633,,UDAIPUR,
Rajasthan,Udaipur,IMD110-P1631,2004,0.0,0.0,0.0,0.2,2.9,53.2,135.5,279.0,54.5,11.6,0.0,0.0,537.0,0.0,3.1,522.2,11.6,1633,,UDAIPUR,
Rajasthan,Udaipur,IMD110-P1631,2005,0.0,0.0,0.0,9.9,8.7,30.5,188.5,172.3,248.1,0.0,0.0,0.0,658.1,0.0,18.6,639.5,0.0,1633,,UDAIPUR,
Rajasthan,Udaipur,IMD110-P1631,2006,0.0,0.0,3.1,0.0,0.6,77.6,245.7,685.5,103.6,0.0,0.0,0.0,1116.1,0.0,3.7,1112.4,0.0,1633,,UDAIPUR,
Rajasthan,Udaipur,IMD110-P1631,2007,0.0,2.1,0.0,0.1,2.6,33.8,283.3,212.2,51.6,0.0,0.0,0.0,585.8,2.1,2.7,581.0,0.0,1633,,UDAIPUR,
Rajasthan,Udaipur,IMD110-P1631,2008,0.0,0.0,0.5,5.1,17.5,92.9,203.2,168.7,100.3,7.8,1.7,0.4,598.2,0.0,23.1,565.1,10.0,1633,,UDAIPUR,
Rajasthan,Udaipur,IMD110-P1631,2009,0.0,0.0,2.3,0.0,1.5,89.5,300.7,155.1,26.5,2.1,1.7,0.0,579.4,0.0,3.7,571.9,3.8,1633,,UDAIPUR,
Rajasthan,Udaipur,IMD110-P1631,2010,0.1,0.0,0.0,0.0,0.0,49.8,279.2,314.3,77.8,0.7,29.6,2.1,753.6,0.1,0.0,721.0,32.4,1633,,UDAIPUR,
