state_source,district_source,series_id,year,jan_mm,feb_mm,mar_mm,apr_mm,may_mm,jun_mm,jul_mm,aug_mm,sep_mm,oct_mm,nov_mm,dec_mm,annual_mm,jf_mm,mam_mm,jjas_mm,ond_mm,source_page,quality_flags,district_table_label,duplicate_source_pages
Tamil Nadu,Ariyalur,IMD110-P1635,1901,13.2,19.0,6.8,17.0,103.4,39.1,79.1,133.8,358.2,55.7,244.8,57.0,1127.1,32.3,127.3,610.2,357.5,1635,,ARIYALUR,
Tamil Nadu,Ariyalur,IMD110-P1635,1902,58.6,101.6,1.3,0.0,95.3,20.1,15.1,186.8,198.7,192.7,190.1,206.1,1266.4,160.2,96.6,420.7,589.0,1635,,ARIYALUR,
Tamil Nadu,Ariyalur,IMD110-P1635,1903,9.5,1.6,0.0,15.8,134.9,73.9,56.4,87.7,201.1,82.9,153.6,265.8,1083.3,11.1,150.6,419.1,502.4,1635,,ARIYALUR,
Tamil Nadu,Ariyalur,IMD110-P1635,1904,46.0,0.0,0.0,27.3,80.5,2.0,59.0,51.1,238.2,161.1,20.8,84.6,770.7,46.0,107.8,350.4,266.5,1635,,ARIYALUR,
Tamil Nadu,Ariyalur,IMD110-P1635,1905,10.6,0.6,0.0,88.1,57.0,35.8,56.7,144.6,162.5,292.8,162.8,11.0,1022.5,11.2,145.1,399.6,466.6,1635,,ARIYALUR,
Tamil Nadu,Ariyalur,IMD110-P1635,1906,114.1,24.8,3.2,0.0,78.4,33.4,82.2,155.4,26.3,173.6,355.3,173.6,1220.1,138.8,81.6,297.3,702.5,1635,,ARIYALUR,
Tamil Nadu,Ariyalur,IMD110-P1635,1907,0.0,1.9,4.4,42.3,39.6,5.9,73.4,53.8,152.0,196.8,338.8,39.3,948.4,1.9,86.3,285.2,575.0,1635,,ARIYALUR,
Tamil Nadu,Ariyalur,IMD110-P1635,1908,8.4,32.3,2.8,0.9,49.3,24.6,15.7,86.8,290.9,351.9,28.4,48.1,940.0,40.7,53.0,417.9,428.4,1635,,ARIYALUR,
Tamil Nadu,Ariyalur,IMD110-P1635,1909,170.9,15.3,0.0,43.0,149.8,3.7,14.2,273.7,143.5,55.3,63.8,24.5,957.5,186.1,192.8,435.0,143.6,1635,,ARIYALUR,
Tamil Nadu,Ariyalur,IMD110-P1635,1910,6.3,25.5,0.0,14.6,48.8,48.4,118.6,177.1,50.1,140.0,152.9,0.0,782.0,31.8,63.4,394.1,292.8,1635,,ARIYALUR,
Tamil Nadu,Ariyalur,IMD110-P1635,1911,9.4,2.3,0.0,21.0,55.9,125.6,44.7,50.8,205.0,156.2,220.5,109.7,1001.1,11.6,76.9,426.1,486.4,1635,,ARIYALUR,
Tamil Nadu,Ariyalur,IMD110-P1635,1912,3.8,0.0,0.0,0.0,49.8,16.9,17.6,59.9,86.4,183.5,313.4,36.2,767.5,3.8,49.8,180.9,533.0,1635,,ARIYALUR,
Tamil Nadu,Ariyalur,IMD110-P1635,1913,0.0,0.0,0.0,12.8,76.3,12.9,100.2,85.1,195.3,316.7,644.0,295.2,1738.5,0.0,89.2,393.4,1255.9,1635,,ARIYALUR,
Tamil Nadu,Ariyalur,IMD110-P1635,1914,1.5,0.0,0.0,11.6,57.8,25.3,6.2,129.0,150.0,277.6,139.8,176.3,975.1,1.5,69.4,310.5,593.7,1635,,ARIYALUR,
Tamil Nadu,Ariyalur,IMD110-P1635,1915,19.2,60.1,13.7,29.6,57.4,10.1,97.0,178.5,124.1,62.3,161.5,102.7,916.2,79.3,100.7,409.8,326.4,1635,,ARIYALUR,
Tamil Nadu,Ariyalur,IMD110-P1635,1916,0.0,0.0,0.0,48.3,50.1,22.2,220.5,127.1,62.3,160.1,157.3,33.9,881.8,0.0,98.3,432.2,351.3,1635,,ARIYALUR,
Tamil Nadu,Ariyalur,IMD110-P1635,1917,58.8,1.9,0.0,0.0,82.7,117.9,60.5,217.6,158.1,116.0,186.1,18.5,1018.0,60.7,82.7,554.0,320.6,1635,,ARIYALUR,
Tamil Nadu,Ariyalur,IMD110-P1635,1918,44.4,4.1,7.1,0.0,34.4,27.3,79.8,93.4,47.9,47.5,341.1,169.2,896.3,48.5,41.5,248.4,557.8,1635,,ARIYALUR,
Tamil Nadu,Ariyalur,IMD110-P1635,1919,2.7,0.0,6.2,8.5,41.8,16.3,83.8,50.5,113.6,119.3,492.1,244.8,1179.5,2.7,56.5,264.2,856.2,1635,,ARIYALUR,
Tamil Nadu,Ariyalur,IMD110-P1635,1920,188.8,0.0,0.0,54.2,103.4,18.1,24.4,147.2,133.4,149.5,670.3,1.3,1490.5,188.8,157.5,323.1,821.1,1635,,ARIYALUR,
Tamil Nadu,Ariyalur,IMD110-P1635,1921,167.4,0.0,0.0,68.3,52.6,44.6,63.3,106.8,118.1,240.6,30.1,99.7,991.3,167.4,120.8,332.6,370.4,1635,,ARIYALUR,
Tamil Nadu,Ariyalur,IMD110-P1635,1922,59.3,36.7,6.4,43.1,38.3,72.7,43.2,154.8,225.9,241.1,286.5,72.5,1280.5,96.1,87.8,496.6,600.1,1635,,ARIYALUR,
Tamil Nadu,Ariyalur,IMD110-P1635,1923,436.7,0.0,55.0,25.3,17.5,90.4,3.3,9.1,108.0,367.0,18.3,174.7,1305.3,436.7,97.8,210.9,560.0,1635,,ARIYALUR,
Tamil Nadu,Ariyalur,IMD110-P1635,1924,79.8,0.0,53.2,20.9,73.8,51.3,76.6,176.3,181.8,87.5,208.6,34.3,1044.1,79.8,147.9,485.9,330.5,1635,,ARIYALUR,
Tamil Nadu,Ariyalur,IMD110-P1635,1925,22.1,0.0,40.3,23.1,127.7,115.6,15.0,179.7,63.0,151.3,216.9,194.8,1149.5,22.1,191.1,373.4,563.0,1635,,ARIYALUR,
Tamil Nadu,Ariyalur,IMD110-P1635,1926,126.4,4.3,1.4,6.4,42.2,22.8,76.1,85.0,200.1,181.9,231.5,39.2,1017.3,130.7,50.0,384.0,452.5,1635,,ARIYALUR,
Tamil Nadu,Ariyalur,IMD110-P1635,1927,6.6,15.1,0.0,33.9,72.6,33.3,48.4,44.8,81.7,40.2,120.9,45.3,542.7,21.7,106.5,208.2,206.3,1635,,ARIYALUR,
Tamil Nadu,Ariyalur,IMD110-P1635,1928,35.8,23.6,11.4,5.6,68.4,14.6,79.6,155.6,39.4,270.6,267.3,213.9,1185.8,59.4,85.5,289.2,751.7,1635,,ARIYALUR,
Tamil Nadu,Ariyalur,IMD110-P1635,1929,37.1,4.8,5.3,75.1,52.2,16.8,48.0,196.9,199.5,254.6,272.2,105.6,1268.0,41.8,132.6,461.1,632.5,1635,,ARIYALUR,
Tamil Nadu,Ariyalur,IMD110-P1635,1930,111.2,41.7,6.3,3.9,167.1,91.8,19.2,77.7,82.9,487.5,114.4,12.8,1216.6,152.8,177.4,271.7,614.7,1635,,ARIYALUR,
Tamil Nadu,Ariyalur,IMD110-P1635,1931,16.5,0.0,0.0,113.9,54.0,51.2,65.4,268.3,158.7,55.9,207.5,799.3,1790.8,16.5,167.9,543.6,1062.8,1635,,ARIYALUR,
Tamil Nadu,Ariyalur,IMD110-P1635,1932,10.7,0.0,33.3,83.4,120.0,56.7,56.8,205.0,68.1,244.2,367.3,211.6,1457.0,10.7,236.7,386.6,823.0,1635,,ARIYALUR,
Tamil Nadu,Ariyalur,IMD110-P1635,1933,0.5,4.6,63.5,15.4,60.6,1.6,47.0,284.8,54.5,174.8,145.9,424.1,1277.2,5.1,139.4,387.9,744.8,1635,,ARIYALUR,
Tamil Nadu,Ariyalur,IMD110-P1635,1934,111.8,0.0,1.4,13.5,14.1,30.9,47.5,70.7,61.2,354.9,84.9,19.7,810.6,111.8,29.0,210.3,459.5,1636,,ARIYALUR,
Tamil Nadu,Ariyalur,IMD110-P1635,1935,50.6,0.0,1.0,26.4,13.9,56.0,23.6,144.4,66.1,137.9,158.9,261.8,940.5,50.6,41.4,290.1,558.5,1636,,ARIYALUR,
Tamil Nadu,Ariyalur,IMD110-P1635,1936,4.0,92.5,43.9,96.0,32.3,14.1,58.8,100.6,53.2,61.7,315.5,112.1,984.7,96.5,172.2,226.8,489.2,1636,,ARIYALUR,
Tamil Nadu,Ariyalur,IMD110-P1635,1937,13.1,0.0,52.7,55.7,24.3,52.8,26.4,195.2,174.6,249.4,574.3,7.9,1426.3,13.1,132.7,449.0,831.6,1636,,ARIYALUR,
Tamil Nadu,Ariyalur,IMD110-P1635,1938,0.0,39.9,79.1,1.6,42.3,41.2,84.4,215.5,145.1,220.4,37.3,110.4,1017.3,39.9,123.0,486.2,368.1,1636,,ARIYALUR,
Tamil Nadu,Ariyalur,IMD110-P1635,1939,33.8,0.0,3.7,410.5,70.2,82.8,14.3,106.6,84.2,209.8,444.9,25.1,1485.8,33.8,484.4,287.9,679.8,1636,,ARIYALUR,
Tamil Nadu,Ariyalur,IMD110-P1635,1940,0.0,0.0,5.8,39.8,90.3,70.4,0.4,95.2,140.4,196.4,467.7,69.4,1175.6,0.0,135.8,306.3,733.5,1636,,ARIYALUR,
Tamil Nadu,Ariyalur,IMD110-P1635,1941,8.8,3.2,0.0,85.1,42.2,20.2,96.6,164.1,266.3,198.4,201.0,177.7,1263.4,11.9,127.3,547.2,577.1,1636,,ARIYALUR,
Tamil Nadu,Ariyalur,IMD110-P1635,1942,1.5,0.0,0.0,0.0,0.0,7.8,9.2,36.8,146.3,34.1,74.5,130.3,440.4,1.5,0.0,200.1,238.8,1636,,ARIYALUR,
Tamil Nadu,Ariyalur,IMD110-P1635,1943,51.0,0.0,0.0,72.8,308.2,33.3,17.5,156.5,204.9,451.5,125.6,60.1,1481.3,51.0,381.0,412.3,637.2,1636,,ARIYALUR,
Tamil Nadu,Ariyalur,IMD110-P1635,1944,48.9,97.3,93.7,0.0,13.4,202.6,37.3,111.7,108.0,186.5,421.8,180.1,1501.2,146.2,107.1,459.5,788.3,1636,,ARIYALUR,
Tamil Nadu,Ariyalur,IMD110-P1635,1945,2.8,9.3,3.2,50.0,18.5,11.9,45.3,164.3,83.0,68.9,241.4,6.3,704.9,12.1,71.8,304.5,316.5,1636,,ARIYALUR,
Tamil Nadu,Ariyalur,IMD110-P1635,1946,22.5,0.0,8.5,3.7,114.3,17.9,97.1,57.8,151.4,218.2,487.0,332.8,1511.3,22.5,126.5,324.3,1038.0,1636,,ARIYALUR,
Tamil Nadu,Ariyalur,IMD110-P1635,1947,123.6,19.8,93.3,42.7,8.9,2.5,79.7,60.8,173.6,232.9,7.4,3.0,848.3,143.4,144.9,316.6,243.3,1636,,ARIYALUR,
Tamil Nadu,Ariyalur,IMD110-P1635,1948,78.3,0.0,0.5,18.8,46.2,56.6,119.3,104.4,76.9,96.4,260.5,45.9,904.0,78.3,65.6,357.4,402.9,1636,,ARIYALUR,
Tamil Nadu,Ariyalur,IMD110-P1635,1949,7.8,0.0,0.0,27.3,123.2,41.9,72.8,281.5,134.3,198.7,90.7,0.0,978.3,7.8,150.5,530.5,289.4,1636,,ARIYALUR,
Tamil Nadu,Ariyalur,IMD110-P1635,1950,0.0,63.5,11.1,2.2,139.2,65.1,11.0,191.8,101.0,209.6,104.8,36.2,935.4,63.5,152.5,368.9,350.5,1636,,ARIYALUR,
Tamil Nadu,Ariyalur,IMD110-P1635,1951,0.8,0.0,18.0,53.3,137.0,11.1,114.3,97.9,107.4,89.8,220.4,19.3,869.4,0.8,208.4,330.8,329.4,1636,,ARIYALUR,
Tamil Nadu,Ariyalur,IMD110-P1635,1952,16.0,82.3,3.5,32.9,31.3,6.3,94.5,0.0,10.3,120.6,10.1,202.8,610.5,98.4,67.8,111.1,333.4,1636,,ARIYALUR,
Tamil Nadu,Ariyalur,IMD110-P1635,1953,18.6,1.5,0.0,40.5,16.8,94.0,40.7,126.3,200.9,203.3,81.9,22.7,847.0,20.1,57.3,461.8,307.8,1636,,ARIYALUR,
Tamil Nadu,Ariyalur,IMD110-P1635,1954,88.4,0.0,28.4,41.4,30.1,4.6,89.6,297.7,43.9,388.9,37.5,139.1,1189.5,88.4,99.9,435.8,565.5,1636,,ARIYALUR,
Tamil Nadu,Ariyalur,IMD110-P1635,1955,10.1,0.0,2.8,67.8,231.7,27.3,100.2,115.3,133.3,177.5,129.9,299.8,1295.7,10.1,302.4,376.0,607.3,1636,,ARIYALUR,
Tamil Nadu,Ariyalur,IMD110-P1635,1956,25.5,0.0,0.0,16.5,18.6,69.3,29.4,165.6,316.1,360.5,237.3,47.1,1285.8,25.5,35.1,580.3,644.8,1636,,ARIYALUR,
Tamil Nadu,Ariyalur,IMD110-P1635,1957,0.0,8.1,0.0,0.0,8.9,13.4,65.7,99.9,202.3,218.4,154.6,155.1,926.3,8.1,8.9,381.1,528.2,1636,,ARIYALUR,
Tamil Nadu,Ariyalur,IMD110-P1635,1958,3.8,0.0,27.9,26.2,86.8,0.0,9.7,144.4,101.6,147.9,230.8,56.9,836.0,3.8,140.9,255.7,435.6,1636,,ARIYALUR,
Tamil Nadu,Ariyalur,IMD110-P1635,1959,2.4,31.4,0.0,61.9,49.4,58.4,26.9,151.3,84.2,187.0,248.9,55.1,956.8,33.8,111.3,320.7,491.0,1636,,ARIYALUR,
Tamil Nadu,Ariyalur,IMD110-P1635,1960,0.3,0.0,8.7,44.2,27.4,40.6,150.0,151.6,93.3,71.6,538.9,24.8,1151.4,0.3,80.3,435.5,635.3,1636,,ARIYALUR,
Tamil Nadu,Ariyalur,IMD110-P1635,1961,92.6,0.3,0.0,3.4,45.0,32.0,94.4,121.3,182.8,195.3,31.2,122.1,920.5,92.9,48.4,430.5,348.6,1636,,ARIYALUR,
Tamil Nadu,Ariyalur,IMD110-P1635,1962,0.0,8.7,0.0,0.0,179.0,39.0,107.9,174.2,121.1,343.1,97.7,30.8,1101.5,8.7,179.0,442.2,471.6,1636,,ARIYALUR,
Tamil Nadu,Ariyalur,IMD110-P1635,1963,129.4,1.2,67.6,52.5,62.7,9.1,56.4,119.0,160.8,299.0,293.6,287.5,1538.8,130.6,182.9,345.3,880.2,1636,,ARIYALUR,
Tamil Nadu,Ariyalur,IMD110-P1635,1964,0.0,0.0,0.0,4.5,28.1,43.8,123.2,111.7,73.1,111.3,192.0,114.6,802.2,0.0,32.7,351.8,417.8,1636,,ARIYALUR,
Tamil Nadu,Ariyalur,IMD110-P1635,1966,0.9,0.0,0.0,10.1,85.8,55.4,23.2,417.4,150.3,433.2,180.9,150.1,1507.4,0.9,96.0,646.3,764.2,1636,,ARIYALUR,
Tamil Nadu,Ariyalur,IMD110-P1635,1967,8.0,0.0,56.0,0.2,23.8,138.6,37.5,233.4,104.6,273.8,217.5,277.2,1370.7,8.0,80.0,514.2,768.5,1636,,ARIYALUR,
Tamil Nadu,Ariyalur,IMD110-P1635,1968,0.0,0.0,64.4,118.5,83.6,50.9,0.0,67.6,175.1,38.4,114.3,128.4,841.1,0.0,266.5,293.5,281.0,1636,,ARIYALUR,
Tamil Nadu,Ariyalur,IMD110-P1635,1969,0.0,0.0,0.0,2.0,26.6,46.8,13.5,195.1,92.1,284.6,339.3,99.8,1099.9,0.0,28.6,347.4,723.8,1637,,ARIYALUR,
Tamil Nadu,Ariyalur,IMD110-P1635,1970,21.8,26.0,0.0,48.8,113.4,90.4,92.9,93.2,137.1,170.0,330.0,28.7,1152.3,47.8,162.3,413.6,528.7,1637,,ARIYALUR,
Tamil Nadu,Ariyalur,IMD110-P1635,1971,12.7,28.0,21.9,9.0,104.1,224.4,57.3,167.8,97.1,335.5,103.0,420.0,1580.7,40.8,134.9,546.4,858.5,1637,,ARIYALUR,
Tamil Nadu,Ariyalur,IMD110-P1635,1972,0.0,,0.0,0.0,200.6,47.6,38.3,56.2,291.5,239.8,132.8,278.6,,,200.6,433.5,651.2,1637,missing_months,ARIYALUR,
Tamil Nadu,Ariyalur,IMD110-P1635,1973,0.0,0.0,0.0,0.0,71.4,129.7,213.9,78.5,118.3,206.0,135.4,72.8,1026.1,0.0,71.4,540.4,414.2,1637,,ARIYALUR,
Tamil Nadu,Ariyalur,IMD110-P1635,1974,0.7,24.1,14.5,0.0,70.6,5.3,104.2,133.5,151.1,190.0,11.6,55.9,761.4,24.8,85.1,394.1,257.4,1637,,ARIYALUR,
Tamil Nadu,Ariyalur,IMD110-P1635,1975,14.4,0.0,61.9,0.0,73.8,13.9,107.8,148.4,62.5,285.0,141.0,131.3,1039.8,14.4,135.6,332.5,557.3,1637,,ARIYALUR,
Tamil Nadu,Ariyalur,IMD110-P1635,1976,0.0,0.0,0.2,5.6,69.4,121.0,97.3,169.8,170.4,139.0,185.3,123.5,1081.4,0.0,75.2,558.5,447.8,1637,,ARIYALUR,
Tamil Nadu,Ariyalur,IMD110-P1635,1977,3.0,38.6,3.7,40.3,39.4,57.1,39.9,215.3,85.7,358.4,456.8,15.0,1353.1,41.6,83.4,397.9,830.2,1637,,ARIYALUR,
Tamil Nadu,Ariyalur,IMD110-P1635,1978,0.0,4.0,0.0,27.1,7.5,23.8,110.0,62.2,146.5,217.6,308.4,266.1,1173.2,4.0,34.7,342.5,792.1,1637,,ARIYALUR,
Tamil Nadu,Ariyalur,IMD110-P1635,1979,0.0,0.0,8.4,0.0,23.7,47.8,79.9,146.2,149.4,154.3,409.7,47.2,1066.6,0.0,32.1,423.3,611.2,1637,,ARIYALUR,
Tamil Nadu,Ariyalur,IMD110-P1635,1980,0.0,0.0,0.0,0.7,24.7,16.1,42.4,36.2,105.1,101.7,100.1,27.0,454.0,0.0,25.3,199.9,228.8,1637,,ARIYALUR,
Tamil Nadu,Ariyalur,IMD110-P1635,1981,20.1,0.0,13.3,0.0,145.2,0.9,107.2,117.2,259.9,274.3,154.7,78.8,1171.6,20.1,158.5,485.2,507.9,1637,,ARIYALUR,
Tamil Nadu,Ariyalur,IMD110-P1635,1982,0.0,0.0,0.0,33.8,26.3,15.3,44.0,69.0,118.8,151.9,322.6,16.7,798.5,0.0,60.1,247.2,491.3,1637,,ARIYALUR,
Tamil Nadu,Ariyalur,IMD110-P1635,1983,0.0,0.0,0.0,0.0,62.1,66.2,49.6,115.9,127.6,113.5,85.1,462.2,1082.3,0.0,62.1,359.3,660.8,1637,,ARIYALUR,
Tamil Nadu,Ariyalur,IMD110-P1635,1984,31.7,142.5,57.3,2.1,0.0,12.9,173.1,42.1,278.0,106.4,91.7,59.9,997.7,174.2,59.4,506.1,258.0,1637,,ARIYALUR,
Tamil Nadu,Ariyalur,IMD110-P1635,1985,123.8,0.0,0.0,19.4,50.2,61.7,39.5,119.7,96.3,102.4,237.8,57.3,908.0,123.8,69.6,317.1,397.5,1637,,ARIYALUR,
Tamil Nadu,Ariyalur,IMD110-P1635,1986,157.4,31.8,33.3,0.3,60.7,0.2,87.9,156.8,137.9,193.6,84.8,76.0,1020.7,189.2,94.2,382.8,354.4,1637,,ARIYALUR,
Tamil Nadu,Ariyalur,IMD110-P1635,1987,18.4,0.0,22.0,5.2,,36.5,39.0,125.0,137.9,,,447.6,,18.4,,338.3,,1637,missing_months,ARIYALUR,
Tamil Nadu,Ariyalur,IMD110-P1635,1988,0.0,0.0,9.7,39.5,67.0,40.0,98.3,162.1,115.2,53.4,116.8,35.7,737.8,0.0,116.3,415.6,205.9,1637,,ARIYALUR,
Tamil Nadu,Ariyalur,IMD110-P1635,1989,1.5,0.0,0.0,30.7,65.8,37.3,153.3,62.3,144.7,130.6,211.2,53.8,891.2,1.5,96.5,397.6,395.5,1637,,ARIYALUR,
Tamil Nadu,Ariyalur,IMD110-P1635,1990,89.8,2.5,76.4,0.0,83.6,20.9,14.0,103.7,175.9,178.1,53.6,56.8,855.2,92.3,160.0,314.5,288.5,1637,,ARIYALUR,
Tamil Nadu,Ariyalur,IMD110-P1635,1991,9.0,0.0,0.0,18.5,19.5,84.7,7.3,72.1,141.5,293.2,430.4,85.3,1161.5,9.0,38.0,305.7,808.9,1637,,ARIYALUR,
Tamil Nadu,Ariyalur,IMD110-P1635,1992,0.0,0.0,0.0,18.8,37.1,71.8,69.1,66.3,236.9,153.1,447.8,189.6,1290.6,0.0,55.9,444.1,790.5,1637,,ARIYALUR,
Tamil Nadu,Ariyalur,IMD110-P1635,1993,0.0,0.0,6.3,0.0,2.0,40.2,28.1,121.6,87.3,224.1,333.9,330.3,1173.9,0.0,8.4,277.2,888.4,1637,,ARIYALUR,
Tamil Nadu,Ariyalur,IMD110-P1635,1994,0.0,39.0,0.0,7.0,101.9,5.4,26.7,76.7,46.5,90.0,265.7,49.6,708.5,39.0,109.0,155.3,405.2,1637,,ARIYALUR,
Tamil Nadu,Ariyalur,IMD110-P1635,1995,6.8,0.4,0.0,0.3,93.8,57.5,66.3,92.9,76.9,106.6,82.8,3.7,588.2,7.2,94.2,293.7,193.1,1637,,ARIYALUR,
Tamil Nadu,Ariyalur,IMD110-P1635,1996,0.0,0.0,,136.2,23.1,119.2,19.9,126.1,129.6,72.5,95.0,342.1,,0.0,,394.8,509.7,1637,missing_months,ARIYALUR,
Tamil Nadu,Ariyalur,IMD110-P1635,1997,5.8,0.0,0.0,17.6,15.0,15.0,57.0,21.0,116.9,84.9,184.3,93.1,610.7,5.8,32.7,210.0,362.3,1637,,ARIYALUR,
Tamil Nadu,Ariyalur,IMD110-P1635,1998,2.0,1.0,0.0,0.3,27.1,40.3,55.2,101.3,218.1,68.3,217.6,202.5,933.9,3.0,27.4,415.0,488.4,1637,,ARIYALUR,
Tamil Nadu,Ariyalur,IMD110-P1635,1999,0.0,16.7,0.0,33.3,58.7,25.3,13.0,110.5,39.0,170.0,340.6,60.8,868.0,16.7,92.0,187.8,571.5,1637,,ARIYALUR,
Tamil Nadu,Ariyalur,IMD110-P1635,2000,17.4,1.7,0.0,30.5,12.3,13.5,33.0,20.1,106.3,108.9,172.4,119.2,635.3,19.1,42.8,172.9,400.5,1637,,ARIYALUR,
Tamil Nadu,Ariyalur,IMD110-P1635,2001,5.7,0.0,0.0,25.3,44.9,9.3,15.5,27.2,13.7,60.6,48.2,23.4,273.7,5.7,70.2,65.6,132.2,1637,,ARIYALUR,
Tamil Nadu,Ariyalur,IMD110-P1635,2002,0.0,0.0,0.0,,,,,,,,,,,0.0,,,,1637,missing_months,ARIYALUR,
Tamil Nadu,Ariyalur,IMD110-P1635,2003,1.2,0.0,0.0,,,,,,,,,,,1.2,,,,1638,missing_months,ARIYALUR,
Tamil Nadu,Ariyalur,IMD110-P1635,2005,0.0,0.0,18.1,98.0,98.0,3.3,69.3,77.0,93.1,243.9,557.1,224.5,1482.2,0.0,214.1,242.6,1025.5,1638,,ARIYALUR,
Tamil Nadu,Ariyalur,IMD110-P1635,2006,14.8,0.0,44.3,20.3,89.3,19.8,14.0,89.7,132.9,273.2,175.6,48.0,921.7,14.8,153.8,256.4,496.8,1638,,ARIYALUR,
Tamil Nadu,Ariyalur,IMD110-P1635,2007,0.0,1.3,0.0,0.0,56.1,39.3,53.0,255.8,48.0,238.8,0.0,,,1.3,56.1,396.0,,1638,missing_months,ARIYALUR,
Tamil Nadu,Ariyalur,IMD110-P1635,2008,11.0,0.0,0.0,0.0,0.0,73.0,16.0,39.0,6.0,100.0,784.0,114.0,1143.0,11.0,0.0,134.0,998.0,1638,,ARIYALUR,
Tamil Nadu,Ariyalur,IMD110-P1635,2009,18.0,0.0,,16.6,,5.0,0.0,95.3,82.0,15.4,417.0,287.0,,18.0,,182.3,719.4,1638,missing_months,ARIYALUR,
Tamil Nadu,Ariyalur,IMD110-P1635,2010,11.0,0.0,0.0,0.0,40.8,38.0,34.1,141.7,87.9,104.8,435.8,65.0,959.1,11.0,40.8,301.8,605.6,1638,,ARIYALUR,
Tamil Nadu,Chennai,IMD110-P1639,1901,18.3,58.7,0.8,0.0,1.6,9.7,169.0,185.0,,225.2,379.0,372.7,,77.0,2.4,,976.9,1639,missing_months,CHENNAI,
Tamil Nadu,Chennai,IMD110-P1639,1902,32.6,1.3,0.0,0.5,4.3,9.9,107.7,82.9,,525.4,267.5,,,33.9,4.8,,,1639,missing_months,CHENNAI,
Tamil Nadu,Chennai,IMD110-P1639,1904,53.4,0.0,0.0,0.0,23.4,14.8,157.8,64.7,89.1,59.1,5.1,,,53.4,23.4,326.4,,1639,missing_months,CHENNAI,
Tamil Nadu,Chennai,IMD110-P1639,1905,48.8,7.9,21.6,14.2,1.5,21.3,62.2,49.2,70.5,499.3,279.1,10.2,1085.8,56.7,37.3,203.2,788.6,1639,,CHENNAI,
Tamil Nadu,Chennai,IMD110-P1639,1906,102.8,8.2,15.7,0.0,0.0,61.1,112.9,113.3,,105.5,164.4,,,111.0,15.7,,,1639,missing_months,CHENNAI,
Tamil Nadu,Chennai,IMD110-P1639,1907,2.9,0.0,0.0,3.0,0.0,69.8,72.5,88.9,22.1,297.7,412.9,164.9,1134.7,2.9,3.0,253.3,875.5,1639,,CHENNAI,
Tamil Nadu,Chennai,IMD110-P1639,1908,0.6,12.2,0.0,0.0,1.8,10.0,44.2,119.5,241.7,611.5,306.6,,,12.8,1.8,415.4,,1639,missing_months,CHENNAI,
Tamil Nadu,Chennai,IMD110-P1639,1910,5.1,0.0,0.0,1.0,0.3,43.1,194.3,142.0,96.8,244.7,397.7,1.3,1126.3,5.1,1.3,476.2,643.7,1639,,CHENNAI,
Tamil Nadu,Chennai,IMD110-P1639,1911,0.0,0.0,0.0,0.0,0.3,16.0,29.1,55.0,193.7,150.2,322.4,161.6,928.3,0.0,0.3,293.8,634.2,1639,,CHENNAI,
Tamil Nadu,Chennai,IMD110-P1639,1913,0.0,3.6,0.0,0.5,54.4,3.5,79.3,18.3,76.5,714.5,421.7,281.2,1653.5,3.6,54.9,177.6,1417.4,1639,,CHENNAI,
Tamil Nadu,Chennai,IMD110-P1639,1914,27.0,0.0,0.0,52.1,0.3,16.3,66.0,239.0,173.8,488.3,298.0,78.1,1438.9,27.0,52.4,495.1,864.4,1639,,CHENNAI,
Tamil Nadu,Chennai,IMD110-P1639,1915,244.1,7.7,6.2,13.2,9.1,31.6,225.4,30.6,237.8,94.4,527.6,11.0,1438.7,251.8,28.5,525.4,633.0,1639,,CHENNAI,
Tamil Nadu,Chennai,IMD110-P1639,1916,1.0,0.0,0.0,0.5,0.8,107.4,90.5,58.4,74.3,388.7,358.3,,,1.0,1.3,330.6,,1639,missing_months,CHENNAI,
Tamil Nadu,Chennai,IMD110-P1639,1918,204.5,55.4,0.5,0.0,147.5,45.8,16.5,77.5,,11.2,1088.6,176.0,,259.9,148.0,,1275.8,1639,missing_months,CHENNAI,
Tamil Nadu,Chennai,IMD110-P1639,1919,9.4,0.0,49.8,0.0,0.8,60.7,158.9,79.3,172.5,218.4,353.8,,,9.4,50.6,471.4,,1639,missing_months,CHENNAI,
Tamil Nadu,Chennai,IMD110-P1639,1920,179.8,0.0,0.0,1.5,31.7,11.2,52.7,60.4,12.0,534.7,774.8,0.3,1659.1,179.8,33.2,136.3,1309.8,1639,,CHENNAI,
Tamil Nadu,Chennai,IMD110-P1639,1922,88.3,0.0,0.0,0.0,8.4,52.2,78.7,102.7,,448.8,833.8,9.4,,88.3,8.4,,1292.0,1639,missing_months,CHENNAI,
Tamil Nadu,Chennai,IMD110-P1639,1923,,0.0,,,,,,,,,,,,,,,,1639,missing_months,CHENNAI,
Tamil Nadu,Chennai,IMD110-P1639,1924,60.2,0.0,3.3,0.0,0.0,87.8,143.0,63.3,245.7,121.2,409.4,22.5,1156.4,60.2,3.3,539.8,553.1,1639,,CHENNAI,
Tamil Nadu,Chennai,IMD110-P1639,1925,33.8,0.0,72.6,1.3,102.6,5.9,97.1,152.2,34.4,424.6,422.1,,,33.8,176.5,289.6,,1639,missing_months,CHENNAI,
Tamil Nadu,Chennai,IMD110-P1639,1926,28.2,0.0,0.0,2.5,2.6,10.2,68.7,117.9,43.5,187.0,311.2,27.1,798.9,28.2,5.1,240.3,525.3,1639,,CHENNAI,
Tamil Nadu,Chennai,IMD110-P1639,1927,14.5,0.0,0.0,0.0,9.5,89.7,29.7,94.4,73.3,62.5,386.5,59.1,819.2,14.5,9.5,287.1,508.1,1639,,CHENNAI,
Tamil Nadu,Chennai,IMD110-P1639,1928,29.0,28.5,26.5,1.5,0.8,6.4,77.5,125.2,,528.7,168.8,107.8,,57.5,28.8,,805.3,1639,missing_months,CHENNAI,
Tamil Nadu,Chennai,IMD110-P1639,1929,47.5,162.8,0.3,14.1,,36.3,,113.8,187.1,169.9,382.8,149.4,,210.3,,,702.1,1639,missing_months,CHENNAI,
Tamil Nadu,Chennai,IMD110-P1639,1931,,,0.0,38.4,45.0,82.6,145.5,99.3,216.8,171.7,,,,,83.4,544.2,,1639,missing_months,CHENNAI,
Tamil Nadu,Chennai,IMD110-P1639,1932,0.0,17.5,0.0,14.7,15.0,29.0,21.4,50.6,113.0,,292.7,80.3,,17.5,29.7,214.0,,1639,missing_months,CHENNAI,
Tamil Nadu,Chennai,IMD110-P1639,1933,0.0,0.0,86.8,0.8,1.8,19.1,27.6,76.2,30.4,250.9,146.4,381.0,1021.0,0.0,89.4,153.3,778.3,1639,,CHENNAI,
Tamil Nadu,Chennai,IMD110-P1639,1934,52.3,0.0,0.0,18.8,0.0,44.7,52.6,182.2,53.2,427.4,47.4,,,52.3,18.8,332.7,,1639,missing_months,CHENNAI,
Tamil Nadu,Chennai,IMD110-P1639,1935,14.4,0.0,0.0,0.0,0.0,31.3,56.0,230.3,75.7,394.5,162.6,59.8,1024.6,14.4,0.0,393.3,616.9,1639,,CHENNAI,
Tamil Nadu,Chennai,IMD110-P1639,1937,1.8,0.0,0.0,66.3,0.0,44.6,93.9,171.3,102.5,264.0,481.5,184.2,1410.1,1.8,66.3,412.3,929.7,1639,,CHENNAI,
Tamil Nadu,Chennai,IMD110-P1639,1938,0.0,13.8,36.8,0.0,3.0,47.2,49.7,108.0,147.8,,6.3,,,13.8,39.8,352.7,,1639,missing_months,CHENNAI,
Tamil Nadu,Chennai,IMD110-P1639,1939,16.5,0.0,7.4,132.8,0.0,26.7,35.2,21.9,,128.3,330.3,,,16.5,140.2,,,1639,missing_months,CHENNAI,
Tamil Nadu,Chennai,IMD110-P1639,1941,18.8,0.3,0.0,4.1,0.0,97.4,25.6,53.7,195.0,298.5,577.1,,,19.1,4.1,371.7,,1639,missing_months,CHENNAI,
Tamil Nadu,Chennai,IMD110-P1639,1942,0.0,1.3,0.0,11.5,0.0,72.3,44.5,143.1,41.5,130.4,163.3,,,1.3,11.5,301.4,,1640,missing_months,CHENNAI,
Tamil Nadu,Chennai,IMD110-P1639,1943,69.1,0.3,0.0,19.1,370.4,39.9,91.0,116.4,,,,,,69.4,389.5,,,1640,missing_months,CHENNAI,
Tamil Nadu,Chennai,IMD110-P1639,1951,1.1,0.0,0.2,112.7,42.2,23.5,125.3,211.8,55.5,60.8,334.2,14.6,981.6,1.1,154.9,416.0,409.6,1640,,CHENNAI,
Tamil Nadu,Chennai,IMD110-P1639,1952,0.6,18.3,0.0,0.0,424.9,24.8,43.7,96.9,21.5,232.2,21.6,221.6,1106.2,18.9,424.9,186.9,475.5,1640,,CHENNAI,
Tamil Nadu,Chennai,IMD110-P1639,1953,10.9,4.6,0.0,20.4,0.0,18.9,86.6,68.3,126.5,525.5,134.6,24.5,1020.8,15.5,20.4,300.3,684.7,1640,,CHENNAI,
Tamil Nadu,Chennai,IMD110-P1639,1954,25.7,0.0,0.0,0.0,1.9,1.8,215.4,163.0,86.8,287.8,56.1,258.8,1097.2,25.7,1.9,466.9,602.7,1640,,CHENNAI,
Tamil Nadu,Chennai,IMD110-P1639,1955,95.8,23.0,0.0,25.3,176.2,46.6,105.9,238.1,55.6,189.4,217.9,111.1,1284.7,118.7,201.5,446.2,518.3,1640,,CHENNAI,
Tamil Nadu,Chennai,IMD110-P1639,1956,58.3,0.0,0.0,50.9,12.8,100.8,132.8,152.1,196.1,175.5,176.8,78.9,1134.9,58.3,63.7,581.8,431.2,1640,,CHENNAI,
Tamil Nadu,Chennai,IMD110-P1639,1957,0.0,5.6,0.0,0.0,6.6,27.8,139.5,135.4,87.9,211.1,391.2,1.4,1006.5,5.6,6.6,390.6,603.7,1640,,CHENNAI,
Tamil Nadu,Chennai,IMD110-P1639,1958,6.7,0.2,0.0,1.1,73.7,45.3,45.7,185.9,31.8,430.9,483.5,45.8,1350.2,6.8,74.8,308.5,960.1,1640,,CHENNAI,
Tamil Nadu,Chennai,IMD110-P1639,1959,0.0,11.1,0.0,25.3,14.9,46.4,66.3,26.5,91.1,347.0,332.6,42.1,1003.4,11.1,40.2,230.4,721.7,1640,,CHENNAI,
Tamil Nadu,Chennai,IMD110-P1639,1960,45.0,0.0,0.0,0.0,7.4,48.1,56.3,30.5,254.4,202.1,743.0,164.4,1551.2,45.0,7.4,389.2,1109.6,1640,,CHENNAI,
Tamil Nadu,Chennai,IMD110-P1639,1961,58.2,11.2,0.0,0.0,12.7,75.5,211.7,254.3,150.9,213.1,180.5,16.8,1184.9,69.4,12.7,692.4,410.4,1640,,CHENNAI,
Tamil Nadu,Chennai,IMD110-P1639,1962,1.3,1.3,0.0,1.5,104.3,107.4,99.8,170.6,141.1,548.0,71.7,52.0,1299.0,2.5,105.8,518.9,671.7,1640,,CHENNAI,
Tamil Nadu,Chennai,IMD110-P1639,1963,93.3,0.0,13.8,35.8,7.9,74.8,33.3,161.3,83.5,210.4,322.2,145.9,1182.1,93.3,57.5,352.8,678.4,1640,,CHENNAI,
Tamil Nadu,Chennai,IMD110-P1639,1964,0.0,0.0,0.0,0.0,0.8,25.7,102.1,189.6,150.6,139.1,717.3,12.4,1337.7,0.0,0.8,468.0,868.8,1640,,CHENNAI,
Tamil Nadu,Chennai,IMD110-P1639,1965,0.9,9.2,0.0,32.2,0.0,44.9,89.6,188.3,105.6,80.8,422.0,,,10.1,32.2,428.4,,1640,missing_months,CHENNAI,
Tamil Nadu,Chennai,IMD110-P1639,1966,22.4,0.0,0.0,22.0,40.8,71.6,103.9,162.3,225.6,214.4,438.1,97.6,1398.7,22.4,62.8,563.3,750.1,1640,,CHENNAI,
Tamil Nadu,Chennai,IMD110-P1639,1967,2.2,0.0,19.5,9.2,73.2,79.0,77.9,258.0,45.8,142.7,98.7,290.9,1097.1,2.2,101.9,460.7,532.3,1640,,CHENNAI,
Tamil Nadu,Chennai,IMD110-P1639,1968,2.4,0.0,0.0,37.8,0.2,115.9,29.0,59.1,106.8,122.1,161.1,118.9,753.2,2.4,37.9,310.8,402.1,1640,,CHENNAI,
Tamil Nadu,Chennai,IMD110-P1639,1969,0.1,0.0,0.0,0.0,52.1,47.8,82.3,47.0,16.4,565.3,262.1,177.4,1250.3,0.1,52.1,193.4,1004.7,1640,,CHENNAI,
Tamil Nadu,Chennai,IMD110-P1639,1970,1.4,0.3,0.9,4.8,0.5,54.5,267.0,150.8,60.0,136.1,458.9,24.0,1159.2,1.7,6.1,532.3,619.0,1640,,CHENNAI,
Tamil Nadu,Chennai,IMD110-P1639,1971,20.9,0.0,28.0,19.5,14.5,43.7,65.6,75.7,133.4,418.4,190.1,180.9,1190.4,20.9,62.0,318.3,789.3,1640,,CHENNAI,
Tamil Nadu,Chennai,IMD110-P1639,1972,19.5,0.0,0.0,0.0,78.3,21.6,68.3,65.2,19.1,430.1,189.9,388.9,1280.7,19.5,78.3,174.1,1008.8,1640,,CHENNAI,
Tamil Nadu,Chennai,IMD110-P1639,1973,12.1,0.0,0.0,0.0,10.3,9.1,19.5,310.6,22.4,187.1,118.9,173.7,863.8,12.1,10.3,361.6,479.8,1640,,CHENNAI,
Tamil Nadu,Chennai,IMD110-P1639,1974,19.0,0.0,0.6,0.0,31.0,70.2,149.3,159.2,111.4,199.6,202.6,10.8,953.6,19.0,31.6,490.0,412.9,1640,,CHENNAI,
Tamil Nadu,Chennai,IMD110-P1639,1975,0.8,0.3,0.0,0.0,0.0,72.3,184.9,236.1,219.3,374.2,484.9,0.2,1572.8,1.0,0.0,712.6,859.2,1640,,CHENNAI,
Tamil Nadu,Chennai,IMD110-P1639,1976,4.7,0.0,0.0,0.0,0.0,81.1,187.2,319.3,27.5,332.9,748.2,22.0,1722.8,4.7,0.0,615.0,1103.1,1640,,CHENNAI,
Tamil Nadu,Chennai,IMD110-P1639,1977,1.8,5.9,0.0,0.3,7.5,84.4,21.0,99.8,189.0,603.2,565.3,17.0,1595.1,7.7,7.8,394.2,1185.5,1640,,CHENNAI,
Tamil Nadu,Chennai,IMD110-P1639,1978,0.6,17.1,0.0,7.3,0.5,54.1,65.2,141.9,290.9,100.5,197.7,822.9,1698.9,17.8,7.8,552.2,1121.1,1640,,CHENNAI,
Tamil Nadu,Chennai,IMD110-P1639,1979,2.0,0.1,0.5,0.0,136.0,22.5,88.8,60.7,146.6,138.7,629.7,88.5,1314.0,2.1,136.5,318.5,856.9,1640,,CHENNAI,
Tamil Nadu,Chennai,IMD110-P1639,1980,0.0,0.0,0.0,0.0,4.0,43.5,160.1,178.0,15.2,171.1,608.8,255.7,1436.3,0.0,4.0,396.7,1035.6,1640,,CHENNAI,
Tamil Nadu,Chennai,IMD110-P1639,1981,60.0,0.0,1.4,0.0,37.3,17.4,224.3,123.7,176.1,284.2,90.0,130.8,1145.0,60.0,38.6,541.4,505.0,1640,,CHENNAI,
Tamil Nadu,Chennai,IMD110-P1639,1982,0.4,0.0,0.0,1.1,2.4,101.2,132.8,135.0,80.1,228.2,200.0,10.4,891.6,0.4,3.5,449.1,438.6,1640,,CHENNAI,
Tamil Nadu,Chennai,IMD110-P1639,1983,0.0,0.0,0.0,0.0,10.1,69.3,113.0,307.9,147.6,410.0,87.5,398.5,1543.9,0.0,10.1,637.8,896.0,1641,,CHENNAI,
Tamil Nadu,Chennai,IMD110-P1639,1984,32.0,369.3,1.5,2.8,0.0,69.1,120.6,16.6,241.9,129.6,506.6,109.8,1599.9,401.3,4.3,448.2,746.0,1641,,CHENNAI,
Tamil Nadu,Chennai,IMD110-P1639,1985,92.1,0.0,0.0,23.7,9.4,68.2,89.1,110.4,132.1,137.8,1006.7,133.3,1802.8,92.1,33.1,399.8,1277.8,1641,,CHENNAI,
Tamil Nadu,Chennai,IMD110-P1639,1986,135.0,23.0,0.0,0.0,2.6,24.9,27.8,90.0,69.2,322.6,158.7,112.8,966.6,158.0,2.6,211.9,594.2,1641,,CHENNAI,
Tamil Nadu,Chennai,IMD110-P1639,1987,9.3,0.0,26.0,11.8,0.5,57.5,41.4,157.0,52.8,318.7,,324.0,,9.3,38.3,308.7,,1641,missing_months,CHENNAI,
Tamil Nadu,Chennai,IMD110-P1639,1988,3.6,12.5,0.0,3.2,113.8,22.5,160.3,287.5,197.6,84.1,471.5,106.4,1463.0,16.0,117.0,667.9,662.0,1641,,CHENNAI,
Tamil Nadu,Chennai,IMD110-P1639,1989,8.0,0.0,14.9,0.0,10.1,109.9,196.1,56.5,79.6,176.9,492.3,196.1,1340.6,8.0,25.0,442.3,865.3,1641,,CHENNAI,
Tamil Nadu,Chennai,IMD110-P1639,1990,6.7,2.9,16.0,,408.5,25.3,96.7,55.7,195.0,573.5,309.3,67.6,,9.6,,372.7,950.4,1641,missing_months,CHENNAI,
Tamil Nadu,Chennai,IMD110-P1639,1991,9.8,0.5,0.0,0.0,0.0,251.6,74.6,97.1,159.6,299.3,1590.3,2.0,2484.9,10.3,0.0,583.0,1891.6,1641,,CHENNAI,
Tamil Nadu,Chennai,IMD110-P1639,1992,12.1,0.0,0.0,20.9,51.3,8.1,86.3,165.7,76.6,83.8,533.0,102.6,1140.4,12.1,72.2,336.8,719.3,1641,,CHENNAI,
Tamil Nadu,Chennai,IMD110-P1639,1993,0.0,0.0,5.0,0.0,56.0,41.1,68.1,102.1,55.1,249.6,321.3,292.9,1191.2,0.0,61.0,266.4,863.8,1641,,CHENNAI,
Tamil Nadu,Chennai,IMD110-P1639,1994,0.1,13.7,0.0,0.0,72.0,52.8,77.1,102.8,38.3,402.3,551.2,225.3,1535.6,13.8,72.0,271.1,1178.7,1641,,CHENNAI,
Tamil Nadu,Chennai,IMD110-P1639,1995,172.6,0.0,32.6,0.0,304.3,18.9,103.1,256.8,186.6,248.5,274.4,5.6,1603.3,172.6,336.9,565.4,528.5,1641,,CHENNAI,
Tamil Nadu,Chennai,IMD110-P1639,1996,0.9,0.0,0.0,17.0,15.0,712.2,59.0,77.4,314.5,466.0,330.3,781.9,2774.2,0.9,32.0,1163.0,1578.3,1641,,CHENNAI,
Tamil Nadu,Chennai,IMD110-P1639,1997,9.6,0.0,0.0,54.7,0.6,51.2,48.4,90.8,169.6,307.0,820.2,448.1,2000.2,9.6,55.3,360.0,1575.3,1641,,CHENNAI,
Tamil Nadu,Chennai,IMD110-P1639,1998,2.1,0.0,2.3,14.9,18.7,38.8,108.6,108.3,65.6,189.4,328.4,187.9,1065.0,2.1,35.9,321.4,705.7,1641,,CHENNAI,
Tamil Nadu,Chennai,IMD110-P1639,1999,7.0,0.2,0.0,10.5,9.3,101.3,75.3,168.0,159.2,325.0,139.0,48.0,1042.8,7.2,19.8,503.8,512.0,1641,,CHENNAI,
Tamil Nadu,Chennai,IMD110-P1639,2000,0.0,190.8,0.3,15.9,15.6,93.2,104.1,60.3,122.2,147.9,170.5,45.4,966.1,190.8,31.8,379.8,363.8,1641,,CHENNAI,
Tamil Nadu,Chennai,IMD110-P1639,2001,0.7,0.0,0.0,81.8,17.5,34.5,141.6,17.7,51.9,147.7,140.8,106.0,740.1,0.7,99.3,245.6,394.5,1641,,CHENNAI,
Tamil Nadu,Chennai,IMD110-P1639,2002,17.9,2.0,0.0,0.0,7.8,15.0,45.5,54.8,49.6,133.9,19.3,10.7,356.5,19.9,7.8,164.9,163.8,1641,,CHENNAI,
Tamil Nadu,Chennai,IMD110-P1639,2003,0.0,0.0,2.1,0.0,0.2,7.8,36.1,49.4,53.3,55.2,37.0,27.2,268.3,0.0,2.2,146.6,119.5,1641,,CHENNAI,
Tamil Nadu,Chennai,IMD110-P1639,2004,17.9,0.0,0.1,0.8,75.0,9.6,50.6,47.1,246.5,285.3,280.2,6.9,1019.9,17.9,75.8,353.8,572.4,1641,,CHENNAI,
Tamil Nadu,Chennai,IMD110-P1639,2005,0.0,2.6,0.0,105.1,42.5,28.5,176.6,66.3,101.3,1077.8,608.4,494.8,2703.9,2.6,147.6,372.8,2181.0,1641,,CHENNAI,
Tamil Nadu,Chennai,IMD110-P1639,2006,1.8,0.0,19.8,7.1,18.6,47.2,79.1,144.9,180.4,686.0,295.0,15.8,1495.5,1.8,45.4,451.6,996.8,1641,,CHENNAI,
Tamil Nadu,Chennai,IMD110-P1639,2007,0.0,6.3,0.0,0.1,0.1,102.6,294.5,243.9,175.9,354.5,146.0,256.3,1580.1,6.3,0.2,816.9,756.8,1641,,CHENNAI,
Tamil Nadu,Chennai,IMD110-P1639,2008,,,,26.9,0.3,119.8,28.3,147.2,120.9,372.9,555.9,17.7,,,,416.2,946.5,1641,missing_months,CHENNAI,
Tamil Nadu,Chennai,IMD110-P1639,2009,21.1,0.0,2.0,0.0,14.7,22.6,36.8,90.9,86.8,71.8,562.6,275.2,1184.5,21.1,16.7,237.1,909.6,1641,,CHENNAI,
Tamil Nadu,Chennai,IMD110-P1639,2010,,,0.0,0.0,204.0,136.7,155.5,235.8,120.1,195.7,274.0,287.1,,,204.0,648.1,756.8,1641,missing_months,CHENNAI,
Tamil Nadu,Coimbatore,IMD110-P1642,1901,29.6,24.3,26.9,47.2,36.2,38.2,37.4,30.6,141.0,70.0,164.8,28.0,674.1,53.9,110.3,247.2,262.8,1642,,COIMBATORE,
Tamil Nadu,Coimbatore,IMD110-P1642,1902,50.3,2.6,19.6,36.9,113.5,17.5,86.1,49.8,37.6,277.9,147.0,200.2,1039.0,52.9,170.0,191.0,625.1,1642,,COIMBATORE,
Tamil Nadu,Coimbatore,IMD110-P1642,1903,4.0,0.5,6.3,21.0,111.2,35.0,99.9,99.2,86.8,138.5,67.8,39.5,709.8,4.5,138.5,321.0,245.8,1642,,COIMBATORE,
Tamil Nadu,Coimbatore,IMD110-P1642,1904,33.7,0.0,0.0,22.0,104.7,50.4,60.3,17.0,35.5,166.9,11.3,0.0,502.0,33.7,126.7,163.3,178.3,1642,,COIMBATORE,
Tamil Nadu,Coimbatore,IMD110-P1642,1905,1.3,0.0,7.6,60.9,110.0,36.7,25.1,26.7,44.8,246.4,65.2,0.0,624.5,1.3,178.4,133.2,311.6,1642,,COIMBATORE,
Tamil Nadu,Coimbatore,IMD110-P1642,1906,13.1,3.3,32.1,10.5,41.1,18.1,57.9,69.6,28.8,157.0,104.9,105.5,642.0,16.4,83.7,174.4,367.5,1642,,COIMBATORE,
Tamil Nadu,Coimbatore,IMD110-P1642,1907,21.5,0.0,29.1,178.6,76.6,55.4,43.5,64.4,39.2,218.8,142.5,51.6,921.2,21.5,284.3,202.5,412.9,1642,,COIMBATORE,
Tamil Nadu,Coimbatore,IMD110-P1642,1908,65.3,33.8,35.9,53.2,74.5,15.5,6.9,13.6,62.7,285.7,15.3,1.1,663.6,99.1,163.6,98.7,302.2,1642,,COIMBATORE,
Tamil Nadu,Coimbatore,IMD110-P1642,1909,92.6,1.7,0.2,80.2,113.8,33.0,46.2,64.8,26.3,180.9,75.4,28.5,743.4,94.3,194.1,170.3,284.8,1642,,COIMBATORE,
Tamil Nadu,Coimbatore,IMD110-P1642,1910,2.2,20.4,1.2,24.8,65.9,35.5,92.9,75.7,23.0,244.9,127.8,0.0,714.3,22.6,91.9,227.1,372.8,1642,,COIMBATORE,
Tamil Nadu,Coimbatore,IMD110-P1642,1911,1.7,1.0,10.8,40.3,92.4,100.4,83.1,2.2,22.5,107.8,91.5,52.7,606.3,2.8,143.5,208.1,252.0,1642,,COIMBATORE,
Tamil Nadu,Coimbatore,IMD110-P1642,1912,0.0,1.1,3.3,8.8,55.3,72.9,50.5,13.8,97.7,191.8,268.2,1.7,765.2,1.1,67.4,234.9,461.7,1642,,COIMBATORE,
Tamil Nadu,Coimbatore,IMD110-P1642,1913,2.3,0.0,9.8,18.1,62.0,28.4,63.7,14.7,25.7,128.9,38.0,78.3,469.8,2.3,89.9,132.5,245.2,1642,,COIMBATORE,
Tamil Nadu,Coimbatore,IMD110-P1642,1914,2.5,0.0,4.4,0.6,20.9,21.6,71.0,30.7,45.7,192.6,64.0,47.1,501.1,2.5,25.9,169.0,303.6,1642,,COIMBATORE,
Tamil Nadu,Coimbatore,IMD110-P1642,1915,27.1,5.3,92.5,42.5,62.8,126.2,53.7,22.3,75.6,138.3,248.0,20.6,914.8,32.4,197.9,277.7,406.9,1642,,COIMBATORE,
Tamil Nadu,Coimbatore,IMD110-P1642,1916,0.0,0.0,0.0,24.5,91.1,50.9,73.9,100.0,48.4,152.6,129.2,6.3,676.9,0.0,115.6,273.2,288.1,1642,,COIMBATORE,
Tamil Nadu,Coimbatore,IMD110-P1642,1917,7.6,44.6,22.3,25.6,57.3,33.1,27.4,58.8,106.1,92.1,149.5,26.8,651.1,52.2,105.1,225.4,268.4,1642,,COIMBATORE,
Tamil Nadu,Coimbatore,IMD110-P1642,1918,31.4,0.1,22.9,13.0,97.1,7.5,9.8,25.4,21.6,182.6,319.8,58.8,789.9,31.4,133.1,64.2,561.2,1642,,COIMBATORE,
Tamil Nadu,Coimbatore,IMD110-P1642,1919,42.2,0.1,1.6,38.6,57.8,39.6,42.2,43.6,117.4,160.4,113.5,33.4,690.1,42.2,97.9,242.7,307.3,1642,,COIMBATORE,
Tamil Nadu,Coimbatore,IMD110-P1642,1920,51.0,0.3,0.5,67.7,38.8,40.8,31.5,28.4,50.3,94.8,189.3,0.0,593.1,51.3,106.9,150.8,284.1,1642,,COIMBATORE,
Tamil Nadu,Coimbatore,IMD110-P1642,1921,102.3,0.0,0.1,70.5,19.4,50.3,53.0,67.2,26.6,231.5,108.1,9.1,738.0,102.3,90.0,197.1,348.7,1642,,COIMBATORE,
Tamil Nadu,Coimbatore,IMD110-P1642,1922,29.8,55.4,0.0,22.7,151.9,24.4,14.4,55.2,17.3,229.4,170.9,104.2,875.6,85.2,174.6,111.3,504.6,1642,,COIMBATORE,
Tamil Nadu,Coimbatore,IMD110-P1642,1923,13.8,0.0,94.6,27.8,36.0,17.4,77.7,55.6,13.7,108.8,57.2,13.6,516.1,13.8,158.4,164.4,179.6,1642,,COIMBATORE,
Tamil Nadu,Coimbatore,IMD110-P1642,1924,9.3,0.0,21.8,74.5,97.1,115.0,285.5,30.4,115.8,143.6,181.6,28.1,1102.8,9.3,193.5,546.8,353.3,1642,,COIMBATORE,
Tamil Nadu,Coimbatore,IMD110-P1642,1925,1.1,0.7,76.3,59.6,100.3,23.4,36.9,41.6,145.4,138.9,172.3,144.0,940.6,1.9,236.2,247.3,455.2,1642,,COIMBATORE,
Tamil Nadu,Coimbatore,IMD110-P1642,1926,48.9,1.3,40.8,53.1,74.8,71.7,248.3,209.9,114.4,170.4,89.4,65.3,1188.2,50.2,168.7,644.3,325.1,1642,,COIMBATORE,
Tamil Nadu,Coimbatore,IMD110-P1642,1927,7.1,26.6,4.5,45.1,121.7,212.2,284.2,144.6,96.2,120.0,153.4,10.6,1226.0,33.7,171.3,737.1,283.9,1642,,COIMBATORE,
Tamil Nadu,Coimbatore,IMD110-P1642,1928,1.8,88.3,54.9,102.0,67.7,155.9,168.8,175.2,20.5,191.8,88.5,35.4,1150.8,90.2,224.6,520.4,315.7,1642,,COIMBATORE,
Tamil Nadu,Coimbatore,IMD110-P1642,1929,13.3,60.9,18.5,162.3,75.9,223.5,197.6,105.6,125.7,142.8,86.3,32.0,1244.2,74.2,256.6,652.4,261.0,1642,,COIMBATORE,
Tamil Nadu,Coimbatore,IMD110-P1642,1930,9.8,18.6,14.6,81.0,219.4,134.4,93.4,107.9,131.0,489.0,182.6,61.9,1543.7,28.4,314.9,466.8,733.6,1642,,COIMBATORE,
Tamil Nadu,Coimbatore,IMD110-P1642,1931,10.6,0.0,10.9,53.4,78.2,92.4,142.6,331.9,90.3,98.2,145.2,150.8,1204.5,10.6,142.6,657.2,394.2,1642,,COIMBATORE,
Tamil Nadu,Coimbatore,IMD110-P1642,1932,0.0,48.8,1.8,105.3,209.6,98.1,244.1,250.1,87.3,280.0,175.5,9.8,1510.5,48.8,316.8,679.6,465.3,1642,,COIMBATORE,
Tamil Nadu,Coimbatore,IMD110-P1642,1933,6.3,14.4,37.0,114.1,170.5,190.3,247.2,295.4,236.0,328.0,158.4,46.7,1844.2,20.7,321.6,968.9,533.0,1642,,COIMBATORE,
Tamil Nadu,Coimbatore,IMD110-P1642,1934,63.7,0.0,14.2,64.4,102.4,215.9,146.2,104.4,23.9,245.4,61.4,3.5,1045.4,63.7,181.0,490.5,310.2,1643,,COIMBATORE,
Tamil Nadu,Coimbatore,IMD110-P1642,1935,11.9,13.9,22.1,148.3,21.2,99.6,172.8,128.6,91.4,195.9,97.7,31.6,1035.0,25.8,191.6,492.4,325.2,1643,,COIMBATORE,
Tamil Nadu,Coimbatore,IMD110-P1642,1936,4.1,78.1,93.6,17.6,159.2,174.4,208.9,119.7,151.1,263.4,168.3,42.4,1480.9,82.1,270.5,654.2,474.1,1643,,COIMBATORE,
Tamil Nadu,Coimbatore,IMD110-P1642,1937,9.6,52.6,42.9,121.6,79.9,109.9,199.8,137.9,74.0,211.4,160.9,17.4,1217.9,62.2,244.4,521.6,389.7,1643,,COIMBATORE,
Tamil Nadu,Coimbatore,IMD110-P1642,1938,0.0,57.9,16.3,75.8,47.4,163.0,201.3,167.5,85.3,84.4,32.8,32.1,963.9,57.9,139.5,617.2,149.4,1643,,COIMBATORE,
Tamil Nadu,Coimbatore,IMD110-P1642,1939,20.1,0.6,37.8,58.7,68.3,134.2,185.5,190.8,90.1,309.7,183.1,0.6,1279.5,20.7,164.8,600.6,493.4,1643,,COIMBATORE,
Tamil Nadu,Coimbatore,IMD110-P1642,1940,0.0,0.0,6.3,121.5,249.9,181.2,386.7,281.0,137.4,115.2,337.3,89.4,1906.0,0.0,377.7,986.4,541.9,1643,,COIMBATORE,
Tamil Nadu,Coimbatore,IMD110-P1642,1941,27.1,8.2,0.0,77.6,179.0,250.0,360.1,297.4,209.7,146.7,136.8,95.8,1788.4,35.2,256.6,1117.2,379.3,1643,,COIMBATORE,
Tamil Nadu,Coimbatore,IMD110-P1642,1942,0.0,1.6,7.4,88.0,74.3,273.0,382.8,153.3,59.6,222.2,35.0,81.5,1378.6,1.6,169.7,868.6,338.7,1643,,COIMBATORE,
Tamil Nadu,Coimbatore,IMD110-P1642,1943,108.2,13.2,9.5,72.2,109.1,214.1,441.2,92.6,140.2,298.2,124.6,4.7,1627.7,121.4,190.8,888.0,427.5,1643,,COIMBATORE,
Tamil Nadu,Coimbatore,IMD110-P1642,1944,11.5,15.7,64.3,31.1,93.4,166.1,237.6,76.2,154.2,247.4,241.5,59.7,1399.0,27.3,188.8,634.2,548.7,1643,,COIMBATORE,
Tamil Nadu,Coimbatore,IMD110-P1642,1945,0.8,1.8,0.0,94.3,30.4,4.2,137.5,61.6,14.2,263.3,182.1,7.7,797.8,2.5,124.7,217.5,453.2,1643,,COIMBATORE,
Tamil Nadu,Coimbatore,IMD110-P1642,1946,6.6,0.0,49.1,81.9,63.9,334.0,264.2,346.9,249.4,162.1,260.4,160.8,1979.1,6.6,194.8,1194.5,583.3,1643,,COIMBATORE,
Tamil Nadu,Coimbatore,IMD110-P1642,1947,11.4,19.5,28.5,63.5,66.9,171.3,871.2,339.9,211.9,201.5,36.6,24.3,2046.3,30.9,158.9,1594.2,262.4,1643,,COIMBATORE,
Tamil Nadu,Coimbatore,IMD110-P1642,1948,47.5,5.5,33.8,60.8,112.3,472.8,370.8,341.5,75.7,193.5,160.9,20.7,1895.7,52.9,206.9,1260.7,375.1,1643,,COIMBATORE,
Tamil Nadu,Coimbatore,IMD110-P1642,1949,0.6,2.6,0.0,90.7,203.6,174.7,275.7,188.1,145.9,228.6,56.2,1.7,1368.4,3.2,294.3,784.4,286.5,1643,,COIMBATORE,
Tamil Nadu,Coimbatore,IMD110-P1642,1950,0.0,48.2,33.7,12.6,61.1,203.6,257.2,165.3,204.7,122.0,101.0,2.6,1212.0,48.2,107.3,830.8,225.6,1643,,COIMBATORE,
Tamil Nadu,Coimbatore,IMD110-P1642,1951,3.1,2.8,22.2,128.7,113.2,136.7,178.1,85.8,133.6,106.7,168.0,31.0,1109.9,6.0,264.0,534.2,305.7,1643,,COIMBATORE,
Tamil Nadu,Coimbatore,IMD110-P1642,1952,3.3,41.4,12.5,49.6,51.1,163.5,135.8,166.7,78.4,133.4,31.2,120.1,986.8,44.7,113.1,544.3,284.8,1643,,COIMBATORE,
Tamil Nadu,Coimbatore,IMD110-P1642,1953,2.6,18.7,12.4,128.2,81.8,102.0,390.7,206.0,87.4,224.5,48.8,6.5,1309.6,21.2,222.5,786.1,279.7,1643,,COIMBATORE,
Tamil Nadu,Coimbatore,IMD110-P1642,1954,82.8,4.2,55.2,80.3,102.1,170.7,278.9,207.3,69.9,212.5,47.4,66.3,1377.5,87.0,237.6,726.8,326.2,1643,,COIMBATORE,
Tamil Nadu,Coimbatore,IMD110-P1642,1955,23.3,1.9,10.4,122.3,181.3,255.4,99.9,96.4,168.7,165.8,141.0,83.6,1350.1,25.2,314.0,620.5,390.4,1643,,COIMBATORE,
Tamil Nadu,Coimbatore,IMD110-P1642,1956,11.2,0.2,0.0,63.6,45.8,270.6,190.0,117.2,96.1,204.8,230.7,15.6,1245.7,11.4,109.3,674.0,451.0,1643,,COIMBATORE,
Tamil Nadu,Coimbatore,IMD110-P1642,1957,0.1,6.8,21.8,33.1,172.1,220.9,298.3,130.9,32.2,255.5,299.2,33.5,1504.4,7.0,227.0,682.3,588.2,1643,,COIMBATORE,
Tamil Nadu,Coimbatore,IMD110-P1642,1958,11.9,6.5,50.9,63.5,151.5,135.3,274.1,299.1,81.2,128.6,114.4,7.6,1324.7,18.4,266.0,789.7,250.5,1643,,COIMBATORE,
Tamil Nadu,Coimbatore,IMD110-P1642,1959,3.9,25.1,0.0,107.4,162.8,398.5,479.0,137.1,177.6,186.8,161.5,67.6,1907.3,28.9,270.2,1192.2,415.9,1643,,COIMBATORE,
Tamil Nadu,Coimbatore,IMD110-P1642,1960,0.1,3.3,21.6,97.7,111.7,117.1,273.3,178.8,117.3,213.0,268.7,14.4,1417.0,3.4,231.1,686.4,496.1,1643,,COIMBATORE,
Tamil Nadu,Coimbatore,IMD110-P1642,1961,44.4,22.1,7.6,34.0,208.9,254.0,444.3,204.8,126.2,152.9,85.8,65.1,1650.2,66.5,250.5,1029.4,303.8,1643,,COIMBATORE,
Tamil Nadu,Coimbatore,IMD110-P1642,1962,11.1,44.8,15.9,147.5,150.1,47.0,240.9,158.9,126.3,208.2,53.1,58.8,1262.6,55.9,313.4,573.1,320.1,1643,,COIMBATORE,
Tamil Nadu,Coimbatore,IMD110-P1642,1963,55.3,5.3,35.6,58.7,50.5,100.4,235.9,141.8,97.1,167.7,93.7,103.4,1145.5,60.6,144.9,575.1,364.8,1643,,COIMBATORE,
Tamil Nadu,Coimbatore,IMD110-P1642,1964,0.0,0.8,11.4,15.4,101.0,100.4,272.3,293.6,142.7,243.7,109.4,41.8,1332.6,0.8,127.9,809.0,394.9,1643,,COIMBATORE,
Tamil Nadu,Coimbatore,IMD110-P1642,1965,4.8,2.0,17.8,106.4,116.2,107.1,199.6,124.6,88.1,127.9,75.6,114.3,1084.4,6.8,240.4,519.4,317.8,1643,,COIMBATORE,
Tamil Nadu,Coimbatore,IMD110-P1642,1966,13.6,0.5,13.4,24.4,33.3,98.2,219.4,74.7,164.4,272.5,159.2,71.6,1145.1,14.1,71.0,556.7,503.3,1643,,COIMBATORE,
Tamil Nadu,Coimbatore,IMD110-P1642,1967,21.7,0.0,17.8,59.6,57.1,128.7,204.2,122.8,31.1,99.3,91.2,38.5,872.0,21.7,134.5,486.8,229.0,1643,,COIMBATORE,
Tamil Nadu,Coimbatore,IMD110-P1642,1968,0.9,8.6,39.8,68.8,72.4,144.6,401.8,143.9,162.3,64.1,84.5,44.7,1236.4,9.4,181.0,852.6,193.4,1644,,COIMBATORE,
Tamil Nadu,Coimbatore,IMD110-P1642,1969,1.8,1.2,14.4,26.4,58.2,98.7,275.1,215.3,72.5,175.5,94.8,73.4,1107.2,3.0,99.0,661.6,343.7,1644,,COIMBATORE,
Tamil Nadu,Coimbatore,IMD110-P1642,1970,8.0,10.2,5.6,63.1,102.4,124.9,140.4,127.6,84.7,193.5,115.6,10.3,986.2,18.2,171.0,477.6,319.4,1644,,COIMBATORE,
Tamil Nadu,Coimbatore,IMD110-P1642,1971,23.7,1.1,20.0,42.4,40.7,305.5,154.0,189.8,232.9,250.4,49.6,162.0,1472.2,24.8,103.1,882.3,462.0,1644,,COIMBATORE,
Tamil Nadu,Coimbatore,IMD110-P1642,1972,0.1,0.0,0.0,26.9,193.0,81.6,227.5,46.8,145.9,148.2,93.3,115.3,1078.4,0.1,219.9,501.7,356.7,1644,,COIMBATORE,
Tamil Nadu,Coimbatore,IMD110-P1642,1973,0.0,0.0,3.0,45.7,47.4,241.4,257.5,185.2,68.9,164.2,43.2,98.6,1155.2,0.0,96.1,753.1,306.0,1644,,COIMBATORE,
Tamil Nadu,Coimbatore,IMD110-P1642,1974,0.0,0.0,0.9,32.0,53.3,73.0,312.4,212.5,176.7,57.4,58.8,13.7,990.8,0.0,86.2,774.6,129.9,1644,,COIMBATORE,
Tamil Nadu,Coimbatore,IMD110-P1642,1975,0.1,8.1,53.0,32.9,86.5,271.9,166.6,336.9,216.0,101.8,61.3,11.9,1347.0,8.2,172.4,991.4,175.0,1644,,COIMBATORE,
Tamil Nadu,Coimbatore,IMD110-P1642,1976,0.0,0.0,0.0,87.8,32.3,46.4,116.4,106.3,111.3,139.4,234.4,11.5,885.8,0.0,120.1,380.5,385.2,1644,,COIMBATORE,
Tamil Nadu,Coimbatore,IMD110-P1642,1977,0.0,9.6,18.0,92.6,139.2,101.0,218.1,95.6,177.8,343.8,231.3,3.6,1430.5,9.6,249.8,592.4,578.7,1644,,COIMBATORE,
Tamil Nadu,Coimbatore,IMD110-P1642,1978,0.0,7.6,14.4,38.1,99.7,172.5,259.6,279.5,90.4,149.1,214.3,84.2,1409.5,7.6,152.2,802.0,447.7,1644,,COIMBATORE,
Tamil Nadu,Coimbatore,IMD110-P1642,1979,0.0,101.9,12.8,46.1,80.1,257.1,330.6,320.3,181.0,168.2,499.2,10.8,2008.4,101.9,139.1,1089.1,678.3,1644,,COIMBATORE,
Tamil Nadu,Coimbatore,IMD110-P1642,1980,0.0,0.0,64.5,77.1,166.5,272.9,324.1,200.6,131.4,169.5,178.0,13.7,1598.6,0.0,308.2,929.1,361.3,1644,,COIMBATORE,
Tamil Nadu,Coimbatore,IMD110-P1642,1981,2.0,1.7,69.2,40.5,104.4,413.6,245.3,206.9,283.6,196.5,58.8,36.4,1658.9,3.7,214.2,1149.4,291.6,1644,,COIMBATORE,
Tamil Nadu,Coimbatore,IMD110-P1642,1982,0.0,0.0,13.3,38.9,86.5,155.6,203.8,149.3,73.6,139.1,155.2,14.6,1030.1,0.0,138.8,582.3,309.0,1644,,COIMBATORE,
Tamil Nadu,Coimbatore,IMD110-P1642,1983,0.0,0.8,9.2,9.9,121.9,213.1,257.2,247.9,123.6,130.8,118.8,100.6,1333.8,0.8,141.0,841.8,350.2,1644,,COIMBATORE,
Tamil Nadu,Coimbatore,IMD110-P1642,1984,16.3,45.3,109.7,37.0,38.2,316.3,303.4,149.0,132.5,240.4,61.6,55.3,1505.1,61.6,184.9,901.2,357.4,1644,,COIMBATORE,
Tamil Nadu,Coimbatore,IMD110-P1642,1985,62.5,2.1,2.9,59.8,66.0,426.9,215.4,200.3,142.1,89.1,130.2,40.8,1438.0,64.6,128.7,984.6,260.1,1644,,COIMBATORE,
Tamil Nadu,Coimbatore,IMD110-P1642,1986,21.8,38.7,15.3,21.8,62.9,158.7,102.6,167.8,95.2,143.1,85.7,9.7,923.3,60.6,100.0,524.3,238.5,1644,,COIMBATORE,
Tamil Nadu,Coimbatore,IMD110-P1642,1987,2.6,0.4,24.7,20.7,88.8,139.2,90.8,154.4,102.4,183.0,95.4,187.0,1089.6,3.0,134.3,486.8,465.4,1644,,COIMBATORE,
Tamil Nadu,Coimbatore,IMD110-P1642,1988,0.0,8.0,27.5,146.5,101.0,131.3,296.6,213.6,191.9,78.0,44.6,8.0,1247.0,8.0,275.0,833.4,130.6,1644,,COIMBATORE,
Tamil Nadu,Coimbatore,IMD110-P1642,1989,0.7,0.1,48.2,63.8,80.3,154.7,290.9,121.9,155.8,154.4,103.6,9.8,1184.2,0.8,192.3,723.4,267.7,1644,,COIMBATORE,
Tamil Nadu,Coimbatore,IMD110-P1642,1990,73.9,0.0,38.2,55.4,121.6,131.5,173.1,149.7,28.4,204.6,131.8,23.2,1131.4,73.9,215.2,482.7,359.6,1644,,COIMBATORE,
Tamil Nadu,Coimbatore,IMD110-P1642,1991,15.8,0.6,16.5,64.5,49.9,277.6,310.8,155.8,52.6,118.0,57.6,5.1,1124.7,16.4,130.8,796.8,180.7,1644,,COIMBATORE,
Tamil Nadu,Coimbatore,IMD110-P1642,1992,0.0,2.0,0.0,24.4,97.8,276.5,308.7,137.8,195.2,87.7,257.1,15.0,1402.3,2.0,122.2,918.2,359.8,1644,,COIMBATORE,
Tamil Nadu,Coimbatore,IMD110-P1642,1993,0.0,17.5,22.7,14.5,74.3,130.9,233.6,161.5,55.2,234.3,296.6,58.1,1299.3,17.5,111.5,581.3,589.0,1644,,COIMBATORE,
Tamil Nadu,Coimbatore,IMD110-P1642,1994,13.6,17.8,2.4,105.4,73.9,272.6,336.4,103.8,124.4,271.5,194.2,1.2,1517.1,31.4,181.6,837.2,466.9,1644,,COIMBATORE,
Tamil Nadu,Coimbatore,IMD110-P1642,1995,0.8,0.1,2.3,65.3,101.3,132.6,220.9,180.0,123.4,88.1,108.8,0.0,1023.6,0.9,168.9,656.9,196.9,1644,,COIMBATORE,
Tamil Nadu,Coimbatore,IMD110-P1642,1996,1.7,3.8,13.7,138.0,41.9,191.5,232.4,100.9,70.9,57.7,39.5,125.4,1017.5,5.6,193.7,595.7,222.6,1644,,COIMBATORE,
Tamil Nadu,Coimbatore,IMD110-P1642,1997,1.6,1.6,0.5,45.1,27.1,115.7,271.2,234.0,111.8,267.6,266.1,76.5,1418.7,3.2,72.7,732.6,610.2,1644,,COIMBATORE,
Tamil Nadu,Coimbatore,IMD110-P1642,1998,3.3,,16.6,39.7,59.7,256.6,344.9,204.1,139.4,153.9,267.5,188.1,,,115.9,945.0,609.5,1644,missing_months,COIMBATORE,
Tamil Nadu,Coimbatore,IMD110-P1642,1999,0.0,35.4,3.0,96.8,142.4,165.9,337.0,179.4,76.0,443.6,121.6,22.9,1623.9,35.4,242.2,758.2,588.1,1644,,COIMBATORE,
Tamil Nadu,Coimbatore,IMD110-P1642,2000,16.8,56.4,9.4,57.3,58.2,209.8,141.0,362.2,189.3,40.1,104.1,70.4,1315.0,73.2,124.9,902.3,214.6,1644,,COIMBATORE,
Tamil Nadu,Coimbatore,IMD110-P1642,2001,16.6,27.2,38.8,106.9,57.1,184.3,63.2,48.0,32.5,59.7,38.1,9.3,681.7,43.8,202.8,327.9,107.2,1644,,COIMBATORE,
Tamil Nadu,Coimbatore,IMD110-P1642,2002,1.1,3.4,14.1,14.2,24.8,37.9,46.1,88.2,13.1,85.5,21.6,5.3,355.5,4.5,53.1,185.4,112.5,1645,,COIMBATORE,
Tamil Nadu,Coimbatore,IMD110-P1642,2003,0.4,6.9,29.9,22.9,11.0,66.9,76.3,49.3,13.9,93.7,26.7,2.5,400.3,7.3,63.9,206.3,122.9,1645,,COIMBATORE,
Tamil Nadu,Coimbatore,IMD110-P1642,2004,3.3,0.4,15.1,26.1,90.5,125.6,541.3,693.6,341.1,299.0,218.1,1.1,2355.2,3.7,131.7,1701.5,518.3,1645,,COIMBATORE,
Tamil Nadu,Coimbatore,IMD110-P1642,2005,14.4,5.4,30.5,174.3,120.1,187.0,477.2,244.2,243.0,196.2,234.5,95.6,2022.3,19.8,324.9,1151.4,526.3,1645,,COIMBATORE,
Tamil Nadu,Coimbatore,IMD110-P1642,2006,16.7,0.9,75.7,54.6,198.9,192.4,246.8,185.1,195.8,167.3,253.4,1.5,1589.1,17.6,329.1,820.1,422.2,1645,,COIMBATORE,
Tamil Nadu,Coimbatore,IMD110-P1642,2007,4.9,3.0,0.0,81.8,57.3,332.6,481.2,288.7,282.9,264.0,51.5,101.2,1949.0,7.9,139.0,1385.4,416.7,1645,,COIMBATORE,
Tamil Nadu,Coimbatore,IMD110-P1642,2008,2.9,20.1,96.7,22.7,40.6,213.8,310.1,251.4,162.3,267.5,56.8,41.8,1486.6,22.9,160.0,937.6,366.1,1645,,COIMBATORE,
Tamil Nadu,Coimbatore,IMD110-P1642,2009,0.8,0.1,100.9,20.4,121.9,64.2,75.7,139.7,54.4,61.9,197.9,3.9,841.9,0.9,243.3,334.0,263.7,1645,,COIMBATORE,
Tamil Nadu,Coimbatore,IMD110-P1642,2010,10.6,1.8,10.0,37.2,60.9,214.5,254.9,160.1,131.9,217.2,314.4,49.7,1463.2,12.4,108.1,761.4,581.3,1645,,COIMBATORE,
Tamil Nadu,Cuddalore,IMD110-P1646,1901,26.8,124.2,5.8,5.2,43.2,51.0,56.9,129.3,213.8,106.8,345.6,86.2,1194.8,151.0,54.2,451.0,538.5,1646,,CUDDALORE,
Tamil Nadu,Cuddalore,IMD110-P1646,1902,79.8,28.9,3.3,0.0,58.5,22.4,97.1,94.0,136.3,342.4,315.1,557.8,1735.6,108.7,61.8,349.7,1215.3,1646,,CUDDALORE,
Tamil Nadu,Cuddalore,IMD110-P1646,1903,34.3,7.2,0.0,0.5,105.4,44.5,90.8,93.6,311.5,92.9,159.0,244.0,1183.8,41.5,105.9,540.5,496.0,1646,,CUDDALORE,
Tamil Nadu,Cuddalore,IMD110-P1646,1904,43.6,0.0,0.0,5.1,99.5,12.7,103.1,100.3,138.6,203.5,33.9,129.1,869.6,43.6,104.7,354.7,366.6,1646,,CUDDALORE,
Tamil Nadu,Cuddalore,IMD110-P1646,1905,15.7,3.8,10.7,64.2,60.7,50.9,59.6,192.2,94.2,476.5,220.8,1.2,1250.5,19.5,135.6,396.9,698.5,1646,,CUDDALORE,
Tamil Nadu,Cuddalore,IMD110-P1646,1906,109.6,15.6,8.7,0.0,10.1,43.9,108.2,201.5,62.0,221.5,521.0,325.5,1627.7,125.3,18.8,415.7,1068.0,1646,,CUDDALORE,
Tamil Nadu,Cuddalore,IMD110-P1646,1907,0.3,0.2,5.5,41.8,42.5,22.9,76.5,70.9,189.6,208.0,481.9,76.3,1216.6,0.6,89.8,360.0,766.2,1646,,CUDDALORE,
Tamil Nadu,Cuddalore,IMD110-P1646,1908,11.9,51.3,11.0,0.6,49.4,47.7,84.1,92.3,270.9,597.7,82.9,67.0,1366.7,63.2,61.0,495.0,747.5,1646,,CUDDALORE,
Tamil Nadu,Cuddalore,IMD110-P1646,1909,132.6,9.0,0.0,30.6,92.6,57.3,62.1,234.4,228.9,51.4,56.8,27.4,983.2,141.6,123.3,582.7,135.7,1646,,CUDDALORE,
Tamil Nadu,Cuddalore,IMD110-P1646,1910,4.0,42.9,0.0,13.7,26.5,40.4,162.2,218.6,97.6,279.5,150.0,0.5,1036.0,46.9,40.3,518.7,430.1,1646,,CUDDALORE,
Tamil Nadu,Cuddalore,IMD110-P1646,1911,2.2,0.5,0.0,11.3,30.6,31.7,116.7,78.8,204.9,155.7,307.3,163.9,1103.6,2.7,41.9,432.1,626.9,1646,,CUDDALORE,
Tamil Nadu,Cuddalore,IMD110-P1646,1912,13.5,0.0,6.1,0.2,21.0,28.5,34.4,152.6,104.6,246.8,428.4,21.6,1057.7,13.5,27.3,320.1,696.8,1646,,CUDDALORE,
Tamil Nadu,Cuddalore,IMD110-P1646,1913,0.0,1.4,0.0,8.0,15.2,25.4,16.9,146.1,223.1,313.5,659.9,407.8,1817.2,1.4,23.2,411.5,1381.2,1646,,CUDDALORE,
Tamil Nadu,Cuddalore,IMD110-P1646,1914,17.1,3.1,0.0,60.1,38.3,39.0,14.3,212.4,148.8,481.0,208.7,278.5,1501.3,20.2,98.3,414.5,968.3,1646,,CUDDALORE,
Tamil Nadu,Cuddalore,IMD110-P1646,1915,52.7,70.8,40.4,10.0,27.1,14.7,113.1,126.0,120.2,39.1,257.6,119.0,990.8,123.5,77.5,374.0,415.8,1646,,CUDDALORE,
Tamil Nadu,Cuddalore,IMD110-P1646,1916,0.0,16.1,0.0,6.3,10.8,24.0,139.6,129.9,66.4,356.5,274.2,40.6,1064.4,16.1,17.1,359.8,671.3,1646,,CUDDALORE,
Tamil Nadu,Cuddalore,IMD110-P1646,1917,19.0,8.9,2.3,0.0,37.1,91.3,38.0,183.4,117.0,101.6,253.0,31.3,882.9,27.9,39.4,429.6,386.0,1646,,CUDDALORE,
Tamil Nadu,Cuddalore,IMD110-P1646,1918,65.1,15.2,0.4,0.0,48.8,70.4,42.1,61.5,68.2,28.2,637.7,182.2,1219.8,80.4,49.2,242.1,848.1,1646,,CUDDALORE,
Tamil Nadu,Cuddalore,IMD110-P1646,1919,11.8,0.0,5.0,26.7,64.4,33.1,111.7,68.9,137.0,113.0,449.6,270.5,1291.7,11.8,96.1,350.7,833.1,1646,,CUDDALORE,
Tamil Nadu,Cuddalore,IMD110-P1646,1920,249.0,6.2,0.0,33.9,42.0,30.5,55.7,106.7,181.2,180.8,823.6,2.8,1712.4,255.3,75.8,374.1,1007.2,1646,,CUDDALORE,
Tamil Nadu,Cuddalore,IMD110-P1646,1921,260.8,0.0,0.0,47.7,13.9,64.2,86.6,142.3,62.9,361.6,54.9,113.4,1208.4,260.8,61.6,356.1,529.9,1646,,CUDDALORE,
Tamil Nadu,Cuddalore,IMD110-P1646,1922,78.7,10.2,0.0,13.5,69.1,41.8,68.1,159.9,185.8,217.0,405.9,112.0,1362.0,88.9,82.7,455.5,734.9,1646,,CUDDALORE,
Tamil Nadu,Cuddalore,IMD110-P1646,1923,403.5,0.0,47.5,4.3,5.7,50.8,25.7,35.4,111.1,488.6,26.6,143.2,1342.5,403.5,57.5,223.1,658.3,1646,,CUDDALORE,
Tamil Nadu,Cuddalore,IMD110-P1646,1924,124.5,0.0,38.0,1.8,30.5,8.5,69.3,156.6,234.6,122.8,222.2,76.0,1084.8,124.5,70.3,468.9,421.1,1646,,CUDDALORE,
Tamil Nadu,Cuddalore,IMD110-P1646,1925,29.7,0.0,110.9,6.5,42.9,61.0,44.8,172.5,49.1,267.9,408.1,370.5,1563.8,29.7,160.3,327.4,1046.4,1646,,CUDDALORE,
Tamil Nadu,Cuddalore,IMD110-P1646,1926,227.4,0.0,3.0,20.9,19.3,52.6,56.5,86.3,105.2,201.9,222.5,55.2,1050.8,227.4,43.2,300.6,479.7,1646,,CUDDALORE,
Tamil Nadu,Cuddalore,IMD110-P1646,1927,16.4,15.1,0.6,23.3,62.9,90.0,57.2,86.7,66.1,99.4,256.5,83.6,857.8,31.5,86.8,300.0,439.5,1646,,CUDDALORE,
Tamil Nadu,Cuddalore,IMD110-P1646,1928,47.8,35.8,7.6,32.7,38.1,31.2,73.2,214.0,80.2,285.6,467.8,326.8,1640.8,83.6,78.4,398.5,1080.2,1646,,CUDDALORE,
Tamil Nadu,Cuddalore,IMD110-P1646,1929,10.1,20.9,0.0,68.8,7.8,44.0,43.1,195.4,115.6,188.2,380.3,143.4,1217.7,31.0,76.7,398.0,712.0,1646,,CUDDALORE,
Tamil Nadu,Cuddalore,IMD110-P1646,1930,176.1,63.7,9.4,0.8,189.0,71.4,42.4,91.5,99.0,549.4,184.0,45.6,1522.3,239.8,199.2,304.3,779.0,1646,,CUDDALORE,
Tamil Nadu,Cuddalore,IMD110-P1646,1931,34.8,0.0,0.0,239.7,23.5,46.2,61.7,85.2,91.9,88.9,283.1,787.6,1742.6,34.8,263.2,284.9,1159.6,1646,,CUDDALORE,
Tamil Nadu,Cuddalore,IMD110-P1646,1932,6.8,0.0,2.5,81.8,56.6,29.0,26.6,102.9,105.1,216.2,383.7,200.0,1211.3,6.8,141.0,263.6,799.9,1646,,CUDDALORE,
Tamil Nadu,Cuddalore,IMD110-P1646,1933,0.6,0.0,158.4,20.2,79.1,27.9,54.3,121.1,74.8,151.0,226.9,293.9,1208.1,0.6,257.7,278.0,671.8,1646,,CUDDALORE,
Tamil Nadu,Cuddalore,IMD110-P1646,1934,100.8,0.0,0.0,15.7,8.4,46.8,111.5,132.2,92.0,497.5,118.4,44.7,1168.1,100.8,24.2,382.5,660.6,1647,,CUDDALORE,
Tamil Nadu,Cuddalore,IMD110-P1646,1935,105.4,0.8,0.4,26.1,15.2,47.6,41.0,148.7,79.9,220.4,245.7,299.3,1230.4,106.2,41.7,317.2,765.3,1647,,CUDDALORE,
Tamil Nadu,Cuddalore,IMD110-P1646,1936,0.7,52.6,46.4,38.0,26.7,54.6,110.0,141.0,84.8,58.2,403.8,134.9,1151.6,53.2,111.1,390.3,596.9,1647,,CUDDALORE,
Tamil Nadu,Cuddalore,IMD110-P1646,1937,29.0,1.6,55.8,38.3,36.0,13.3,38.7,127.5,132.8,262.5,716.6,11.8,1463.8,30.6,130.1,312.3,990.8,1647,,CUDDALORE,
Tamil Nadu,Cuddalore,IMD110-P1646,1938,1.1,65.4,61.4,11.8,55.5,100.9,53.3,163.3,152.4,184.5,48.9,46.1,944.6,66.5,128.7,469.9,279.5,1647,,CUDDALORE,
Tamil Nadu,Cuddalore,IMD110-P1646,1939,74.8,0.2,14.3,254.6,51.3,29.0,12.1,84.3,129.2,237.1,410.4,21.4,1318.7,75.0,320.2,254.6,668.9,1647,,CUDDALORE,
Tamil Nadu,Cuddalore,IMD110-P1646,1940,4.5,0.1,7.9,21.5,61.1,64.3,30.9,86.5,175.7,188.5,653.6,223.3,1517.9,4.6,90.5,357.4,1065.3,1647,,CUDDALORE,
Tamil Nadu,Cuddalore,IMD110-P1646,1941,47.0,9.0,0.0,32.8,30.7,42.7,61.8,134.1,198.7,224.0,339.2,249.5,1369.7,56.0,63.6,437.4,812.7,1647,,CUDDALORE,
Tamil Nadu,Cuddalore,IMD110-P1646,1942,6.9,0.0,0.0,93.5,6.1,30.6,27.1,152.8,266.4,143.1,45.8,142.7,915.0,6.9,99.6,477.0,331.6,1647,,CUDDALORE,
Tamil Nadu,Cuddalore,IMD110-P1646,1943,99.0,39.7,2.8,88.0,590.8,39.0,43.5,179.2,196.6,304.4,130.5,189.5,1903.0,138.7,681.6,458.3,624.4,1647,,CUDDALORE,
Tamil Nadu,Cuddalore,IMD110-P1646,1944,49.7,51.9,57.9,3.7,18.8,67.3,81.3,85.8,67.2,131.1,615.6,232.8,1463.1,101.6,80.5,301.6,979.5,1647,,CUDDALORE,
Tamil Nadu,Cuddalore,IMD110-P1646,1945,3.1,1.7,8.9,40.4,9.9,14.9,52.5,143.7,73.4,98.8,428.6,7.5,883.4,4.8,59.1,284.5,535.0,1647,,CUDDALORE,
Tamil Nadu,Cuddalore,IMD110-P1646,1946,33.1,0.0,3.3,1.7,66.1,25.7,81.2,101.2,132.5,205.5,527.9,436.1,1614.3,33.1,71.1,340.7,1169.5,1647,,CUDDALORE,
Tamil Nadu,Cuddalore,IMD110-P1646,1947,157.3,17.9,41.6,25.8,10.0,41.4,118.6,80.4,177.1,235.4,64.0,23.9,993.5,175.2,77.3,417.6,323.3,1647,,CUDDALORE,
Tamil Nadu,Cuddalore,IMD110-P1646,1948,116.8,14.7,1.7,15.3,25.0,23.0,85.3,76.1,123.2,114.9,360.2,65.8,1022.1,131.5,42.1,307.6,541.0,1647,,CUDDALORE,
Tamil Nadu,Cuddalore,IMD110-P1646,1949,1.1,0.0,0.0,4.0,42.4,110.7,132.2,152.8,74.4,98.0,114.1,2.3,731.9,1.1,46.3,470.2,214.3,1647,,CUDDALORE,
Tamil Nadu,Cuddalore,IMD110-P1646,1950,4.3,60.5,3.6,0.0,83.9,58.2,41.6,135.3,140.0,119.2,148.5,152.4,947.6,64.8,87.5,375.1,420.1,1647,,CUDDALORE,
Tamil Nadu,Cuddalore,IMD110-P1646,1951,8.5,0.0,10.0,58.4,69.1,18.0,90.4,161.5,51.9,101.5,383.8,5.6,958.6,8.5,137.5,321.7,490.9,1647,,CUDDALORE,
Tamil Nadu,Cuddalore,IMD110-P1646,1952,21.9,53.1,3.1,10.3,17.3,20.8,86.0,132.5,8.2,144.1,16.2,283.9,797.3,75.0,30.7,247.5,444.2,1647,,CUDDALORE,
Tamil Nadu,Cuddalore,IMD110-P1646,1953,23.7,3.6,0.6,64.1,24.0,62.9,65.4,79.4,192.1,275.8,116.9,30.7,939.1,27.3,88.7,399.8,423.3,1647,,CUDDALORE,
Tamil Nadu,Cuddalore,IMD110-P1646,1954,105.2,4.1,82.1,22.5,29.7,31.5,122.0,149.4,43.2,398.4,24.0,151.9,1164.2,109.3,134.3,346.2,574.4,1647,,CUDDALORE,
Tamil Nadu,Cuddalore,IMD110-P1646,1955,19.4,1.6,0.0,73.8,279.2,20.8,93.2,119.7,97.6,145.7,123.2,216.6,1190.8,21.0,353.0,331.3,485.5,1647,,CUDDALORE,
Tamil Nadu,Cuddalore,IMD110-P1646,1956,21.2,0.1,0.0,31.8,36.6,140.1,30.9,151.8,251.7,256.7,279.4,79.3,1279.7,21.4,68.4,574.5,615.4,1647,,CUDDALORE,
Tamil Nadu,Cuddalore,IMD110-P1646,1957,0.8,4.8,0.1,2.2,34.1,56.1,59.0,55.9,101.8,256.6,167.5,153.9,892.9,5.7,36.5,272.8,578.0,1647,,CUDDALORE,
Tamil Nadu,Cuddalore,IMD110-P1646,1958,6.4,0.0,9.7,18.9,127.6,15.6,31.6,160.4,78.2,166.9,167.5,36.4,819.3,6.4,156.1,285.8,370.8,1647,,CUDDALORE,
Tamil Nadu,Cuddalore,IMD110-P1646,1959,2.7,23.2,0.0,32.8,43.2,28.2,6.1,61.5,82.2,193.0,362.7,172.5,1008.1,25.8,76.0,178.1,728.2,1647,,CUDDALORE,
Tamil Nadu,Cuddalore,IMD110-P1646,1960,7.8,2.5,13.4,9.8,11.2,50.7,198.2,78.2,118.9,131.4,727.3,17.9,1367.4,10.3,34.4,446.0,876.6,1647,,CUDDALORE,
Tamil Nadu,Cuddalore,IMD110-P1646,1961,141.2,5.2,0.0,0.1,51.3,41.1,78.3,151.3,177.3,115.9,167.4,144.8,1073.7,146.3,51.4,447.9,428.1,1647,,CUDDALORE,
Tamil Nadu,Cuddalore,IMD110-P1646,1962,1.0,7.7,4.1,19.1,78.7,21.7,47.3,156.3,139.1,320.8,100.5,47.8,944.1,8.7,101.8,364.4,469.1,1647,,CUDDALORE,
Tamil Nadu,Cuddalore,IMD110-P1646,1963,149.9,1.5,41.9,52.4,56.8,35.9,66.4,107.8,152.0,239.8,399.9,259.9,1564.0,151.4,151.0,362.0,899.6,1647,,CUDDALORE,
Tamil Nadu,Cuddalore,IMD110-P1646,1964,0.0,0.0,5.5,0.0,62.2,17.9,124.7,155.4,123.8,166.8,172.0,143.5,971.9,0.0,67.7,421.8,482.4,1647,,CUDDALORE,
Tamil Nadu,Cuddalore,IMD110-P1646,1965,9.0,8.3,3.2,24.3,25.6,39.8,70.4,210.4,90.6,113.0,218.7,585.6,1399.0,17.3,53.2,411.1,917.4,1647,,CUDDALORE,
Tamil Nadu,Cuddalore,IMD110-P1646,1966,10.4,1.8,5.7,10.2,130.8,40.4,55.9,409.0,166.6,422.5,285.3,183.6,1722.3,12.2,146.8,671.9,891.5,1647,,CUDDALORE,
Tamil Nadu,Cuddalore,IMD110-P1646,1967,83.8,0.0,20.5,8.5,11.7,59.6,71.1,192.9,76.0,210.5,192.2,243.5,1170.3,83.8,40.7,399.6,646.1,1647,,CUDDALORE,
Tamil Nadu,Cuddalore,IMD110-P1646,1968,0.3,1.1,34.6,82.2,34.3,31.3,27.1,131.3,170.0,81.0,206.9,125.4,925.5,1.4,151.0,359.7,413.4,1648,,CUDDALORE,
Tamil Nadu,Cuddalore,IMD110-P1646,1969,0.4,6.5,0.0,2.3,16.5,25.4,25.9,111.9,49.2,418.0,451.3,188.0,1295.4,6.9,18.8,212.4,1057.3,1648,,CUDDALORE,
Tamil Nadu,Cuddalore,IMD110-P1646,1970,11.9,19.3,0.8,18.1,54.8,41.7,100.4,103.4,187.5,109.6,425.0,31.7,1104.4,31.3,73.7,433.1,566.3,1648,,CUDDALORE,
Tamil Nadu,Cuddalore,IMD110-P1646,1971,33.8,27.6,28.0,17.4,60.8,43.9,80.3,134.6,110.4,348.0,97.3,405.9,1387.7,61.4,106.1,369.2,851.1,1648,,CUDDALORE,
Tamil Nadu,Cuddalore,IMD110-P1646,1972,0.4,0.2,0.0,1.9,94.6,34.8,66.4,78.0,223.0,359.9,166.6,347.6,1373.4,0.6,96.5,402.2,874.1,1648,,CUDDALORE,
Tamil Nadu,Cuddalore,IMD110-P1646,1973,0.0,0.0,0.5,0.4,18.3,79.1,37.0,132.7,169.3,291.1,187.2,113.1,1028.7,0.1,19.2,418.0,591.4,1648,,CUDDALORE,
Tamil Nadu,Cuddalore,IMD110-P1646,1974,0.1,5.4,7.1,0.5,26.1,55.9,78.7,98.9,120.2,181.8,37.6,57.7,669.9,5.6,33.7,353.6,277.1,1648,,CUDDALORE,
Tamil Nadu,Cuddalore,IMD110-P1646,1975,5.1,0.1,55.8,0.0,47.5,21.8,175.7,130.4,91.1,228.8,251.6,78.3,1086.1,5.2,103.3,419.0,558.7,1648,,CUDDALORE,
Tamil Nadu,Cuddalore,IMD110-P1646,1976,0.2,0.5,0.0,8.6,21.4,38.0,127.3,142.8,77.6,167.5,329.1,139.7,1052.6,0.7,30.0,385.6,636.3,1648,,CUDDALORE,
Tamil Nadu,Cuddalore,IMD110-P1646,1977,3.3,13.6,0.1,25.8,58.2,81.8,28.4,169.0,107.5,420.6,602.9,17.1,1528.4,16.9,84.1,386.7,1040.7,1648,,CUDDALORE,
Tamil Nadu,Cuddalore,IMD110-P1646,1978,1.4,5.7,0.0,6.4,19.5,22.6,68.7,84.4,207.4,194.8,313.8,284.9,1209.4,7.1,25.9,383.0,793.5,1648,,CUDDALORE,
Tamil Nadu,Cuddalore,IMD110-P1646,1979,0.8,4.0,8.9,1.3,26.5,52.3,48.0,90.8,263.3,222.1,652.6,72.1,1443.0,4.8,36.8,454.5,946.9,1648,,CUDDALORE,
Tamil Nadu,Cuddalore,IMD110-P1646,1980,0.0,0.0,0.9,17.6,6.6,29.8,95.0,77.0,78.0,121.2,203.6,63.9,693.4,0.0,25.0,279.8,388.6,1648,,CUDDALORE,
Tamil Nadu,Cuddalore,IMD110-P1646,1981,41.6,0.0,6.4,0.1,116.5,27.1,166.4,115.3,158.0,321.5,158.4,98.2,1209.7,41.6,123.0,466.9,578.2,1648,,CUDDALORE,
Tamil Nadu,Cuddalore,IMD110-P1646,1982,1.2,0.0,0.7,8.0,17.9,17.5,61.8,29.4,100.8,91.8,281.5,59.7,670.2,1.2,26.5,209.5,433.0,1648,,CUDDALORE,
Tamil Nadu,Cuddalore,IMD110-P1646,1983,0.6,0.0,0.0,0.0,48.1,36.0,82.4,171.6,163.2,137.1,114.8,432.1,1186.0,0.6,48.1,453.2,684.1,1648,,CUDDALORE,
Tamil Nadu,Cuddalore,IMD110-P1646,1984,33.6,236.0,122.5,16.5,3.4,17.1,159.5,53.4,218.3,90.5,203.3,77.3,1231.3,269.6,142.3,448.4,371.0,1648,,CUDDALORE,
Tamil Nadu,Cuddalore,IMD110-P1646,1985,184.6,12.8,0.7,5.2,32.3,73.8,72.9,161.2,187.3,153.7,443.3,133.7,1461.4,197.4,38.1,495.2,730.7,1648,,CUDDALORE,
Tamil Nadu,Cuddalore,IMD110-P1646,1986,135.5,29.4,63.2,1.5,25.3,43.9,54.8,88.9,156.1,228.5,217.9,154.0,1199.0,164.9,90.0,343.7,600.4,1648,,CUDDALORE,
Tamil Nadu,Cuddalore,IMD110-P1646,1987,17.0,0.3,28.6,4.9,12.7,78.7,14.9,92.9,184.3,173.4,191.3,274.4,1073.3,17.3,46.2,370.8,639.0,1648,,CUDDALORE,
Tamil Nadu,Cuddalore,IMD110-P1646,1988,0.2,0.0,2.1,66.6,31.1,22.4,80.3,189.7,156.1,63.0,191.0,66.9,869.3,0.2,99.8,448.4,320.9,1648,,CUDDALORE,
Tamil Nadu,Cuddalore,IMD110-P1646,1989,3.3,0.0,14.8,2.5,38.9,45.5,154.9,39.3,95.5,152.2,351.7,60.9,959.5,3.3,56.2,335.2,564.8,1648,,CUDDALORE,
Tamil Nadu,Cuddalore,IMD110-P1646,1990,86.7,26.0,94.3,5.5,60.9,26.0,45.6,163.7,144.6,272.7,125.9,74.1,1125.9,112.7,160.7,379.9,472.7,1648,,CUDDALORE,
Tamil Nadu,Cuddalore,IMD110-P1646,1991,4.4,11.3,0.0,3.9,0.0,73.4,15.1,124.1,110.4,298.9,465.4,32.1,1138.9,15.8,3.9,322.9,796.3,1648,,CUDDALORE,
Tamil Nadu,Cuddalore,IMD110-P1646,1992,1.0,0.0,0.0,6.8,18.8,40.1,78.0,48.6,189.7,156.4,376.9,184.4,1100.9,1.0,25.6,356.5,717.8,1648,,CUDDALORE,
Tamil Nadu,Cuddalore,IMD110-P1646,1993,0.0,12.5,1.6,0.5,8.8,96.0,96.0,114.6,135.4,243.1,424.4,376.8,1509.7,12.5,10.9,442.0,1044.3,1648,,CUDDALORE,
Tamil Nadu,Cuddalore,IMD110-P1646,1994,1.3,44.6,0.0,1.0,30.5,19.5,51.2,126.7,46.4,145.2,303.5,96.8,866.7,45.9,31.5,243.7,545.6,1648,,CUDDALORE,
Tamil Nadu,Cuddalore,IMD110-P1646,1995,31.4,3.9,15.1,2.3,155.3,52.2,93.7,115.7,201.5,147.0,141.3,11.4,970.7,35.3,172.6,463.1,299.7,1648,,CUDDALORE,
Tamil Nadu,Cuddalore,IMD110-P1646,1996,0.0,0.0,0.0,60.8,31.9,209.4,34.3,113.5,83.0,171.6,244.5,746.9,1695.8,0.0,92.7,440.1,1163.0,1648,,CUDDALORE,
Tamil Nadu,Cuddalore,IMD110-P1646,1997,6.9,0.0,1.2,9.3,26.8,49.1,40.6,97.9,115.7,154.1,413.4,326.7,1241.7,6.9,37.3,303.3,894.2,1648,,CUDDALORE,
Tamil Nadu,Cuddalore,IMD110-P1646,1998,3.7,1.9,0.0,0.0,55.5,39.9,99.6,176.1,90.0,168.2,394.4,383.8,1413.1,5.5,55.5,405.6,946.4,1648,,CUDDALORE,
Tamil Nadu,Cuddalore,IMD110-P1646,1999,2.3,6.5,0.0,51.6,75.6,41.1,52.2,103.5,77.3,275.2,432.3,117.3,1235.1,8.8,127.2,274.2,824.9,1648,,CUDDALORE,
Tamil Nadu,Cuddalore,IMD110-P1646,2000,34.9,137.8,0.0,24.8,28.3,26.9,36.4,56.5,173.5,215.2,332.7,185.5,1252.3,172.6,53.1,293.3,733.4,1648,,CUDDALORE,
Tamil Nadu,Cuddalore,IMD110-P1646,2001,8.4,0.0,0.0,56.6,84.3,25.6,39.1,25.7,26.4,52.7,43.1,47.3,409.3,8.4,140.9,116.9,143.1,1648,,CUDDALORE,
Tamil Nadu,Cuddalore,IMD110-P1646,2002,17.1,37.8,0.0,0.0,7.7,21.9,7.8,10.0,34.8,66.3,73.4,26.2,303.0,54.9,7.7,74.5,165.9,1649,,CUDDALORE,
Tamil Nadu,Cuddalore,IMD110-P1646,2003,0.0,0.0,0.1,2.2,19.2,13.3,20.1,47.8,16.9,57.9,100.7,6.7,285.0,0.0,21.5,98.2,165.3,1649,,CUDDALORE,
Tamil Nadu,Cuddalore,IMD110-P1646,2004,4.8,0.0,0.0,0.5,87.8,9.8,30.5,45.2,255.4,516.2,379.1,41.3,1370.5,4.8,88.2,340.8,936.6,1649,,CUDDALORE,
Tamil Nadu,Cuddalore,IMD110-P1646,2005,0.5,2.2,28.1,120.1,92.4,8.7,48.4,69.6,221.5,273.7,829.1,240.0,1934.3,2.7,240.7,348.1,1342.9,1649,,CUDDALORE,
Tamil Nadu,Cuddalore,IMD110-P1646,2006,26.9,0.0,37.1,10.3,55.3,57.7,29.0,84.8,108.3,425.4,363.8,104.0,1302.7,26.9,102.6,279.9,893.3,1649,,CUDDALORE,
Tamil Nadu,Cuddalore,IMD110-P1646,2007,0.0,15.4,0.0,24.9,22.3,35.8,117.2,141.7,73.6,519.8,134.9,303.4,1389.1,15.4,47.2,368.3,958.1,1649,,CUDDALORE,
Tamil Nadu,Cuddalore,IMD110-P1646,2008,61.9,22.5,243.5,3.9,55.0,53.0,63.8,105.8,90.4,228.6,675.6,135.7,1739.6,84.4,302.4,313.0,1039.9,1649,,CUDDALORE,
Tamil Nadu,Cuddalore,IMD110-P1646,2009,17.5,0.0,88.9,32.7,23.6,12.4,36.0,119.8,84.3,73.6,603.0,288.9,1380.6,17.5,145.2,252.4,965.4,1649,,CUDDALORE,
Tamil Nadu,Cuddalore,IMD110-P1646,2010,31.3,0.0,0.0,2.0,78.9,84.6,31.0,148.5,105.8,154.1,551.8,301.0,1489.0,31.3,80.9,370.0,1006.9,1649,,CUDDALORE,
Tamil Nadu,Dharampuri,IMD110-P1650,1901,4.6,44.7,0.0,22.9,117.6,29.3,22.4,38.3,245.0,210.7,108.4,35.2,879.0,49.3,140.4,335.0,354.3,1650,,DHARMAPURI,
Tamil Nadu,Dharampuri,IMD110-P1650,1902,28.9,0.0,3.2,2.2,131.5,91.8,21.0,245.5,96.1,123.3,98.2,135.4,977.0,28.9,136.9,454.5,356.8,1650,,DHARMAPURI,
Tamil Nadu,Dharampuri,IMD110-P1650,1903,5.1,1.9,0.0,5.3,266.3,72.1,55.0,123.8,296.6,117.4,299.2,172.3,1415.1,7.0,271.6,547.6,588.8,1650,,DHARMAPURI,
Tamil Nadu,Dharampuri,IMD110-P1650,1904,14.1,0.0,0.0,13.2,154.2,51.4,103.8,20.0,62.6,132.1,0.6,10.9,562.8,14.1,167.3,237.8,143.6,1650,,DHARMAPURI,
Tamil Nadu,Dharampuri,IMD110-P1650,1905,4.5,1.5,40.4,47.3,101.5,33.4,47.3,124.7,102.6,184.6,56.5,0.4,744.7,6.0,189.2,307.9,241.6,1650,,DHARMAPURI,
Tamil Nadu,Dharampuri,IMD110-P1650,1906,33.2,4.1,11.0,4.6,20.4,102.1,122.7,346.8,76.1,165.2,64.8,32.0,983.1,37.2,36.0,647.8,262.0,1650,,DHARMAPURI,
Tamil Nadu,Dharampuri,IMD110-P1650,1907,0.0,0.0,37.2,60.7,42.8,79.6,144.0,45.1,155.2,72.8,113.7,42.1,793.1,0.0,140.8,423.9,228.5,1650,,DHARMAPURI,
Tamil Nadu,Dharampuri,IMD110-P1650,1908,4.3,19.0,9.2,16.0,109.6,42.4,15.5,21.8,182.0,146.6,9.0,9.8,585.3,23.4,134.8,261.7,165.5,1650,,DHARMAPURI,
Tamil Nadu,Dharampuri,IMD110-P1650,1909,84.3,0.5,6.0,104.0,109.4,4.6,13.8,261.9,176.0,227.0,32.7,0.5,1020.8,84.9,219.3,456.4,260.3,1650,,DHARMAPURI,
Tamil Nadu,Dharampuri,IMD110-P1650,1910,0.8,3.0,0.0,20.9,103.3,75.8,178.4,183.8,37.0,352.2,109.2,0.0,1064.5,3.9,124.2,474.9,461.4,1650,,DHARMAPURI,
Tamil Nadu,Dharampuri,IMD110-P1650,1911,0.0,0.0,21.5,54.2,138.0,55.7,40.6,9.4,99.7,134.2,85.6,38.6,677.7,0.0,213.8,205.5,258.4,1650,,DHARMAPURI,
Tamil Nadu,Dharampuri,IMD110-P1650,1912,0.0,0.4,0.8,0.0,114.7,51.9,24.0,51.1,245.3,219.9,194.8,4.0,906.8,0.4,115.5,372.2,418.7,1650,,DHARMAPURI,
Tamil Nadu,Dharampuri,IMD110-P1650,1913,0.0,0.0,6.4,15.6,97.3,88.2,27.6,56.9,180.8,205.7,58.6,51.5,788.5,0.0,119.3,353.4,315.8,1650,,DHARMAPURI,
Tamil Nadu,Dharampuri,IMD110-P1650,1914,5.6,0.5,14.9,37.4,120.0,6.0,31.1,61.2,190.5,163.1,157.5,39.3,827.1,6.1,172.3,288.8,359.9,1650,,DHARMAPURI,
Tamil Nadu,Dharampuri,IMD110-P1650,1915,14.2,3.0,48.1,18.3,66.8,101.8,192.6,90.8,173.0,107.0,132.4,62.5,1010.5,17.2,133.2,558.2,301.9,1650,,DHARMAPURI,
Tamil Nadu,Dharampuri,IMD110-P1650,1916,0.0,0.0,0.0,13.3,77.9,19.9,293.4,139.3,134.4,327.8,126.3,27.4,1159.7,0.0,91.3,587.0,481.5,1650,,DHARMAPURI,
Tamil Nadu,Dharampuri,IMD110-P1650,1917,7.8,56.5,4.1,23.3,82.6,92.4,74.8,153.6,221.4,101.3,71.8,15.2,904.9,64.4,110.0,542.2,188.3,1650,,DHARMAPURI,
Tamil Nadu,Dharampuri,IMD110-P1650,1918,53.1,0.0,56.6,12.4,114.0,32.2,72.1,57.8,76.2,15.0,147.7,22.0,659.2,53.1,183.0,238.3,184.8,1650,,DHARMAPURI,
Tamil Nadu,Dharampuri,IMD110-P1650,1919,8.1,0.0,6.7,52.8,138.0,29.9,73.3,27.4,276.5,62.2,222.7,38.8,936.4,8.1,197.5,407.1,323.7,1650,,DHARMAPURI,
Tamil Nadu,Dharampuri,IMD110-P1650,1920,68.7,0.6,3.3,24.8,59.8,33.3,7.5,72.7,290.7,176.4,154.4,0.0,892.2,69.3,87.9,404.2,330.8,1650,,DHARMAPURI,
Tamil Nadu,Dharampuri,IMD110-P1650,1921,55.3,0.0,0.0,55.4,125.3,84.9,7.4,131.2,63.8,158.2,63.8,10.3,755.8,55.3,180.8,287.4,232.4,1650,,DHARMAPURI,
Tamil Nadu,Dharampuri,IMD110-P1650,1922,8.3,3.9,0.0,34.1,169.7,36.8,30.3,67.8,53.0,222.1,299.5,22.1,947.7,12.2,203.8,187.9,543.8,1650,,DHARMAPURI,
Tamil Nadu,Dharampuri,IMD110-P1650,1923,35.5,0.9,22.9,45.3,65.2,16.4,23.6,5.5,178.8,96.8,1.8,24.6,517.3,36.5,133.4,224.2,123.2,1650,,DHARMAPURI,
Tamil Nadu,Dharampuri,IMD110-P1650,1924,9.0,1.2,2.2,46.2,173.6,55.6,45.8,152.1,249.6,96.8,87.1,0.4,919.6,10.2,221.9,503.1,184.3,1650,,DHARMAPURI,
Tamil Nadu,Dharampuri,IMD110-P1650,1925,4.0,0.0,25.8,43.0,141.0,28.0,45.3,92.9,126.4,60.2,88.4,106.5,761.5,4.0,209.8,292.6,255.1,1650,,DHARMAPURI,
Tamil Nadu,Dharampuri,IMD110-P1650,1926,115.5,0.0,38.9,63.7,47.1,50.2,57.7,30.4,178.6,122.5,78.7,13.1,796.4,115.5,149.7,316.8,214.3,1650,,DHARMAPURI,
Tamil Nadu,Dharampuri,IMD110-P1650,1927,4.8,0.0,0.4,23.8,66.6,72.5,49.2,137.8,175.0,29.0,83.9,7.9,650.9,4.8,90.8,434.5,120.9,1650,,DHARMAPURI,
Tamil Nadu,Dharampuri,IMD110-P1650,1928,0.0,34.0,7.2,42.8,53.9,46.4,91.8,58.7,30.1,238.9,66.5,42.9,713.3,34.0,103.9,227.0,348.3,1650,,DHARMAPURI,
Tamil Nadu,Dharampuri,IMD110-P1650,1929,14.1,12.9,0.0,121.6,65.7,42.1,26.4,21.4,162.4,121.5,124.7,65.6,778.3,27.0,187.3,252.3,311.8,1650,,DHARMAPURI,
Tamil Nadu,Dharampuri,IMD110-P1650,1930,16.3,72.9,4.8,7.2,172.2,49.0,37.1,18.0,126.3,279.7,127.0,43.2,953.6,89.3,184.2,230.3,449.8,1650,,DHARMAPURI,
Tamil Nadu,Dharampuri,IMD110-P1650,1931,1.7,0.0,0.6,22.5,88.8,50.9,86.1,18.8,170.9,71.4,177.4,139.7,828.8,1.7,111.9,326.6,388.5,1650,,DHARMAPURI,
Tamil Nadu,Dharampuri,IMD110-P1650,1932,0.0,106.3,0.0,50.8,148.2,89.9,60.0,182.4,74.2,204.8,198.4,31.2,1146.1,106.3,199.0,406.5,434.3,1650,,DHARMAPURI,
Tamil Nadu,Dharampuri,IMD110-P1650,1933,0.0,0.0,10.1,44.7,109.5,11.8,29.4,174.8,57.4,181.0,51.2,88.0,757.9,0.0,164.4,273.4,320.2,1650,,DHARMAPURI,
Tamil Nadu,Dharampuri,IMD110-P1650,1934,41.4,0.0,0.0,32.3,82.7,78.8,31.5,33.9,24.0,301.7,82.0,4.6,712.8,41.4,114.9,168.2,388.3,1651,,DHARMAPURI,
Tamil Nadu,Dharampuri,IMD110-P1650,1935,23.6,0.0,0.9,28.2,50.6,101.0,40.5,179.6,144.3,163.4,100.7,36.3,869.0,23.6,79.7,465.4,300.3,1651,,DHARMAPURI,
Tamil Nadu,Dharampuri,IMD110-P1650,1936,0.7,25.6,24.5,49.6,142.9,47.9,77.8,13.3,220.8,87.3,210.0,15.5,915.7,26.3,217.0,359.8,312.8,1651,,DHARMAPURI,
Tamil Nadu,Dharampuri,IMD110-P1650,1937,0.4,3.0,15.7,103.2,111.3,97.0,33.9,139.4,84.6,116.0,118.1,21.0,843.5,3.4,230.2,354.8,255.1,1651,,DHARMAPURI,
Tamil Nadu,Dharampuri,IMD110-P1650,1938,1.0,0.0,2.0,8.8,118.4,42.7,89.6,214.9,80.1,42.0,11.9,4.5,615.8,1.0,129.2,427.2,58.4,1651,,DHARMAPURI,
Tamil Nadu,Dharampuri,IMD110-P1650,1939,15.6,0.0,24.7,113.3,74.5,101.8,9.1,50.3,166.1,329.9,142.4,0.4,1028.1,15.6,212.4,327.3,472.7,1651,,DHARMAPURI,
Tamil Nadu,Dharampuri,IMD110-P1650,1940,0.0,1.3,24.4,67.6,250.3,108.1,26.4,30.3,122.8,93.6,153.4,18.6,896.8,1.3,342.3,287.6,265.7,1651,,DHARMAPURI,
Tamil Nadu,Dharampuri,IMD110-P1650,1941,15.8,1.4,0.0,14.9,157.7,13.7,88.7,51.3,287.2,70.1,107.8,110.2,918.7,17.2,172.6,440.8,288.1,1651,,DHARMAPURI,
Tamil Nadu,Dharampuri,IMD110-P1650,1942,0.0,0.0,0.0,87.5,101.4,95.8,16.2,180.6,120.7,176.3,23.5,64.4,866.4,0.0,188.9,413.3,264.1,1651,,DHARMAPURI,
Tamil Nadu,Dharampuri,IMD110-P1650,1943,66.9,11.4,1.3,66.2,200.3,34.1,47.3,87.9,129.5,383.0,36.3,1.5,1065.6,78.3,267.8,298.8,420.8,1651,,DHARMAPURI,
Tamil Nadu,Dharampuri,IMD110-P1650,1944,2.4,21.5,80.9,53.3,49.4,156.6,70.6,161.8,177.2,98.3,132.8,71.7,1076.4,23.9,183.5,566.2,302.8,1651,,DHARMAPURI,
Tamil Nadu,Dharampuri,IMD110-P1650,1945,0.0,0.0,0.0,38.5,89.4,30.3,64.4,169.2,34.8,86.6,100.1,6.0,619.3,0.0,127.9,298.7,192.7,1651,,DHARMAPURI,
Tamil Nadu,Dharampuri,IMD110-P1650,1946,11.7,0.0,16.8,68.8,129.2,40.8,17.5,77.1,247.9,187.5,323.9,248.7,1369.8,11.7,214.8,383.3,760.1,1651,,DHARMAPURI,
Tamil Nadu,Dharampuri,IMD110-P1650,1947,24.0,0.0,22.6,35.0,104.4,97.2,77.9,185.1,185.0,236.7,29.0,2.8,999.7,24.0,162.1,545.2,268.5,1651,,DHARMAPURI,
Tamil Nadu,Dharampuri,IMD110-P1650,1948,25.0,0.0,2.3,26.3,204.6,22.5,55.0,92.3,,159.0,155.4,18.1,,25.0,233.2,,332.5,1651,missing_months,DHARMAPURI,
Tamil Nadu,Dharampuri,IMD110-P1650,1949,0.0,5.8,0.0,62.2,70.4,95.9,99.3,155.9,93.3,237.6,34.5,0.0,854.7,5.8,132.5,444.3,272.1,1651,,DHARMAPURI,
Tamil Nadu,Dharampuri,IMD110-P1650,1950,0.0,39.7,17.4,5.0,35.2,12.5,54.8,120.6,92.4,119.9,73.9,5.5,576.9,39.7,57.7,280.3,199.3,1651,,DHARMAPURI,
Tamil Nadu,Dharampuri,IMD110-P1650,1951,0.0,0.0,65.4,99.0,91.1,4.6,77.4,120.6,122.3,104.8,127.2,0.0,812.3,0.0,255.5,324.9,232.0,1651,,DHARMAPURI,
Tamil Nadu,Dharampuri,IMD110-P1650,1952,1.3,13.7,18.0,24.1,90.0,30.1,77.8,58.5,64.1,135.8,3.8,190.9,708.1,15.0,132.1,230.5,330.5,1651,,DHARMAPURI,
Tamil Nadu,Dharampuri,IMD110-P1650,1953,5.2,14.8,2.9,80.3,113.7,88.9,169.2,94.8,201.4,288.8,35.3,0.9,1096.1,20.0,197.0,554.2,324.9,1651,,DHARMAPURI,
Tamil Nadu,Dharampuri,IMD110-P1650,1954,60.3,0.9,24.0,29.3,119.8,11.0,129.6,160.2,13.6,295.5,0.0,98.5,942.8,61.3,173.1,314.5,393.9,1651,,DHARMAPURI,
Tamil Nadu,Dharampuri,IMD110-P1650,1955,15.9,0.0,3.5,77.3,252.1,35.1,87.8,95.0,131.2,199.4,57.9,53.1,1008.3,15.9,332.9,349.1,310.5,1651,,DHARMAPURI,
Tamil Nadu,Dharampuri,IMD110-P1650,1956,10.5,0.0,0.0,16.0,62.3,80.3,63.3,49.4,184.8,260.6,175.6,15.2,918.0,10.5,78.4,377.8,451.4,1651,,DHARMAPURI,
Tamil Nadu,Dharampuri,IMD110-P1650,1957,0.0,13.7,19.9,7.0,106.4,50.4,19.6,28.0,87.2,161.4,102.5,16.1,612.2,13.7,133.3,185.2,280.0,1651,,DHARMAPURI,
Tamil Nadu,Dharampuri,IMD110-P1650,1958,6.6,3.8,4.8,70.5,130.6,46.2,24.3,204.6,180.7,140.7,83.6,8.3,904.5,10.4,205.8,455.8,232.5,1651,,DHARMAPURI,
Tamil Nadu,Dharampuri,IMD110-P1650,1959,6.3,48.5,0.0,35.8,63.3,101.7,26.8,38.4,225.6,201.2,187.1,19.3,954.1,54.8,99.1,392.6,407.6,1651,,DHARMAPURI,
Tamil Nadu,Dharampuri,IMD110-P1650,1960,0.0,0.0,49.3,33.6,37.2,27.9,144.5,42.1,140.4,110.5,179.1,6.1,770.5,0.0,120.1,354.8,295.7,1651,,DHARMAPURI,
Tamil Nadu,Dharampuri,IMD110-P1650,1961,54.8,25.0,0.0,3.5,134.6,73.6,64.8,64.8,131.4,187.1,50.3,13.7,803.6,79.7,138.1,334.6,251.1,1651,,DHARMAPURI,
Tamil Nadu,Dharampuri,IMD110-P1650,1962,6.4,5.5,23.0,53.7,149.3,57.7,38.8,124.2,142.6,276.2,16.1,50.9,944.5,11.9,226.1,363.3,343.3,1651,,DHARMAPURI,
Tamil Nadu,Dharampuri,IMD110-P1650,1963,16.3,0.0,8.0,45.6,42.4,71.0,96.2,75.7,193.8,243.0,77.7,51.7,921.5,16.3,96.1,436.8,372.4,1651,,DHARMAPURI,
Tamil Nadu,Dharampuri,IMD110-P1650,1964,0.0,0.0,0.0,16.5,82.7,32.9,265.7,73.0,88.1,257.1,172.1,33.6,1021.7,0.0,99.2,459.7,462.8,1651,,DHARMAPURI,
Tamil Nadu,Dharampuri,IMD110-P1650,1965,0.0,0.0,8.3,82.4,21.2,31.3,9.6,192.7,90.3,89.1,51.9,73.4,650.0,0.0,111.8,323.9,214.4,1651,,DHARMAPURI,
Tamil Nadu,Dharampuri,IMD110-P1650,1966,3.5,0.0,1.0,31.1,129.0,75.4,115.4,112.8,276.5,313.6,208.2,94.9,1361.4,3.5,161.1,580.0,616.7,1651,,DHARMAPURI,
Tamil Nadu,Dharampuri,IMD110-P1650,1967,33.4,0.0,50.1,43.0,38.0,82.7,134.7,0.0,138.8,164.8,125.5,103.3,914.3,33.4,131.1,356.2,393.6,1651,,DHARMAPURI,
Tamil Nadu,Dharampuri,IMD110-P1650,1968,0.0,0.0,3.3,42.9,135.8,45.2,6.8,98.7,126.5,161.0,54.5,51.8,726.4,0.0,182.0,277.1,267.3,1652,,DHARMAPURI,
Tamil Nadu,Dharampuri,IMD110-P1650,1969,0.0,0.0,1.8,1.0,93.6,6.6,34.0,244.0,28.6,289.3,151.4,47.9,898.1,0.0,96.3,313.1,488.6,1652,,DHARMAPURI,
Tamil Nadu,Dharampuri,IMD110-P1650,1970,4.1,17.8,0.0,40.8,199.9,31.0,98.5,35.0,104.6,219.4,80.4,8.4,839.5,21.8,240.6,269.0,308.1,1652,,DHARMAPURI,
Tamil Nadu,Dharampuri,IMD110-P1650,1971,17.8,21.3,22.9,92.7,99.4,19.7,56.6,150.3,216.4,130.4,59.3,117.2,1004.0,39.1,215.0,443.0,306.9,1652,,DHARMAPURI,
Tamil Nadu,Dharampuri,IMD110-P1650,1972,0.6,,0.0,24.1,140.8,141.9,22.1,17.8,227.2,216.3,39.2,235.9,,,165.0,409.0,491.4,1652,missing_months,DHARMAPURI,
Tamil Nadu,Dharampuri,IMD110-P1650,1973,0.0,0.0,2.6,7.3,112.5,48.5,151.0,79.7,178.3,101.2,24.6,55.6,761.3,0.0,122.4,457.5,181.4,1652,,DHARMAPURI,
Tamil Nadu,Dharampuri,IMD110-P1650,1974,0.0,2.1,0.0,10.4,119.4,32.1,68.1,67.3,322.9,185.4,10.7,1.1,819.4,2.1,129.8,490.3,197.2,1652,,DHARMAPURI,
Tamil Nadu,Dharampuri,IMD110-P1650,1975,5.8,0.3,19.5,2.0,194.8,34.0,101.7,49.2,156.4,260.9,67.8,2.7,895.1,6.1,216.3,341.3,331.4,1652,,DHARMAPURI,
Tamil Nadu,Dharampuri,IMD110-P1650,1976,2.5,0.0,0.0,19.4,58.2,28.2,36.1,128.4,69.1,88.4,123.2,17.1,570.6,2.5,77.6,261.8,228.7,1652,,DHARMAPURI,
Tamil Nadu,Dharampuri,IMD110-P1650,1977,0.0,5.3,3.8,54.4,136.5,42.9,52.7,124.8,129.7,255.4,248.1,0.2,1053.8,5.3,194.6,350.0,503.8,1652,,DHARMAPURI,
Tamil Nadu,Dharampuri,IMD110-P1650,1978,1.6,18.1,15.1,32.9,55.5,10.1,57.1,44.8,134.9,112.3,193.0,56.5,731.8,19.7,103.5,246.9,361.7,1652,,DHARMAPURI,
Tamil Nadu,Dharampuri,IMD110-P1650,1979,0.0,71.1,0.0,21.8,46.3,57.9,74.4,118.1,209.5,58.5,270.9,10.5,939.1,71.1,68.1,459.9,339.9,1652,,DHARMAPURI,
Tamil Nadu,Dharampuri,IMD110-P1650,1980,0.0,0.0,20.5,2.0,108.1,13.5,17.5,16.5,46.1,106.0,130.6,7.9,468.8,0.0,130.6,93.6,244.6,1652,,DHARMAPURI,
Tamil Nadu,Dharampuri,IMD110-P1650,1981,2.8,0.0,34.2,33.8,107.2,7.7,98.2,90.7,293.9,215.7,69.2,34.7,988.0,2.8,175.2,490.5,319.6,1652,,DHARMAPURI,
Tamil Nadu,Dharampuri,IMD110-P1650,1982,0.0,0.0,6.9,14.1,106.2,47.7,15.1,9.9,97.7,108.1,138.2,10.5,554.3,0.0,127.1,170.4,256.8,1652,,DHARMAPURI,
Tamil Nadu,Dharampuri,IMD110-P1650,1983,0.0,1.3,4.3,6.7,118.7,111.1,57.4,112.8,242.4,87.8,18.8,181.4,942.7,1.3,129.7,523.7,288.1,1652,,DHARMAPURI,
Tamil Nadu,Dharampuri,IMD110-P1650,1984,2.2,59.9,64.5,16.4,66.1,7.6,168.5,8.1,150.2,146.7,50.3,31.5,771.9,62.1,147.0,334.4,228.4,1652,,DHARMAPURI,
Tamil Nadu,Dharampuri,IMD110-P1650,1985,26.8,0.0,12.4,37.6,32.7,69.6,47.7,98.0,226.4,42.1,61.1,13.7,668.2,26.8,82.7,441.8,116.9,1652,,DHARMAPURI,
Tamil Nadu,Dharampuri,IMD110-P1650,1986,72.8,9.2,0.0,25.2,100.3,71.2,39.8,56.0,192.8,238.1,117.3,25.0,947.6,82.0,125.5,359.9,380.3,1652,,DHARMAPURI,
Tamil Nadu,Dharampuri,IMD110-P1650,1987,4.4,0.0,43.3,14.3,53.0,79.8,33.5,66.3,184.8,188.7,45.0,87.8,800.7,4.4,110.6,364.3,321.4,1652,,DHARMAPURI,
Tamil Nadu,Dharampuri,IMD110-P1650,1988,0.0,1.0,27.8,68.4,96.9,17.3,94.5,179.9,230.4,45.4,20.5,10.7,793.0,1.0,193.1,522.2,76.7,1652,,DHARMAPURI,
Tamil Nadu,Dharampuri,IMD110-P1650,1989,0.0,0.0,40.4,39.0,92.7,37.2,261.6,27.1,175.7,100.3,44.6,13.4,831.9,0.0,172.1,501.6,158.2,1652,,DHARMAPURI,
Tamil Nadu,Dharampuri,IMD110-P1650,1990,33.3,8.5,40.3,37.9,138.9,3.3,19.2,104.8,211.3,79.0,97.3,34.2,807.9,41.8,217.1,338.6,210.4,1652,,DHARMAPURI,
Tamil Nadu,Dharampuri,IMD110-P1650,1991,15.3,0.0,1.4,57.6,73.2,148.5,47.4,48.8,217.3,321.3,250.1,2.6,1183.5,15.3,132.2,461.9,574.0,1652,,DHARMAPURI,
Tamil Nadu,Dharampuri,IMD110-P1650,1992,0.5,0.0,0.0,25.3,73.6,50.1,54.1,53.4,186.7,122.3,167.2,4.1,737.3,0.5,98.9,344.3,293.6,1652,,DHARMAPURI,
Tamil Nadu,Dharampuri,IMD110-P1650,1993,0.0,0.3,13.3,9.6,70.9,104.2,58.9,89.6,102.8,260.4,127.6,129.1,966.7,0.3,93.8,355.5,517.1,1652,,DHARMAPURI,
Tamil Nadu,Dharampuri,IMD110-P1650,1994,1.0,6.8,0.0,32.6,90.3,19.9,28.1,77.9,120.7,221.0,163.4,2.7,764.4,7.8,122.9,246.7,387.1,1652,,DHARMAPURI,
Tamil Nadu,Dharampuri,IMD110-P1650,1995,3.4,0.0,13.0,32.5,134.1,103.0,134.3,216.1,95.8,198.6,86.6,0.0,1017.5,3.4,179.7,549.2,285.2,1652,,DHARMAPURI,
Tamil Nadu,Dharampuri,IMD110-P1650,1996,0.0,0.0,0.6,105.0,76.3,88.3,18.4,123.9,314.3,169.3,53.1,78.3,1027.5,0.0,181.9,544.9,300.7,1652,,DHARMAPURI,
Tamil Nadu,Dharampuri,IMD110-P1650,1997,5.6,0.0,14.1,60.9,67.3,82.8,47.7,38.1,188.0,166.7,212.9,84.2,968.4,5.6,142.3,356.6,463.9,1652,,DHARMAPURI,
Tamil Nadu,Dharampuri,IMD110-P1650,1998,0.0,0.0,,21.9,50.4,35.2,92.5,276.6,127.1,251.1,111.3,105.4,,0.0,,531.3,467.8,1652,missing_months,DHARMAPURI,
Tamil Nadu,Dharampuri,IMD110-P1650,1999,0.0,0.0,0.0,78.8,111.3,42.8,50.4,69.8,188.8,311.0,130.3,28.4,1011.6,0.0,190.2,351.8,469.7,1652,,DHARMAPURI,
Tamil Nadu,Dharampuri,IMD110-P1650,2000,0.0,44.6,0.0,99.5,114.9,38.2,35.3,290.4,199.2,111.7,49.5,29.8,1013.0,44.6,214.4,563.0,191.0,1652,,DHARMAPURI,
Tamil Nadu,Dharampuri,IMD110-P1650,2001,0.0,0.0,9.8,114.2,47.1,45.3,63.6,22.3,210.3,127.1,28.3,26.8,694.7,0.0,171.0,341.4,182.2,1652,,DHARMAPURI,
Tamil Nadu,Dharampuri,IMD110-P1650,2002,5.4,1.3,7.1,5.0,108.6,39.5,7.0,53.8,66.8,86.1,16.9,4.1,401.5,6.8,120.7,167.0,107.1,1653,,DHARMAPURI,
Tamil Nadu,Dharampuri,IMD110-P1650,2003,0.0,0.0,42.6,16.2,33.7,51.9,44.9,62.6,48.0,89.5,30.6,6.7,426.5,0.0,92.4,207.3,126.8,1653,,DHARMAPURI,
Tamil Nadu,Dharampuri,IMD110-P1650,2004,0.0,0.2,1.8,20.5,171.1,11.6,68.0,13.0,194.0,181.0,68.0,0.0,729.2,0.2,193.4,286.6,249.0,1653,,DHARMAPURI,
Tamil Nadu,Dharampuri,IMD110-P1650,2005,0.0,1.6,18.5,186.0,89.0,43.8,53.0,142.2,179.1,410.0,292.6,86.7,1502.6,1.6,293.5,418.1,789.4,1653,,DHARMAPURI,
Tamil Nadu,Dharampuri,IMD110-P1650,2006,0.5,0.0,59.4,32.1,98.6,79.8,7.1,71.9,117.4,74.1,78.8,3.5,623.0,0.5,190.0,276.2,156.4,1653,,DHARMAPURI,
Tamil Nadu,Dharampuri,IMD110-P1650,2007,0.0,0.0,0.4,94.8,46.7,28.4,119.4,163.1,127.0,127.6,65.9,177.0,950.3,0.0,141.8,437.9,370.6,1653,,DHARMAPURI,
Tamil Nadu,Dharampuri,IMD110-P1650,2008,0.0,5.2,121.2,45.5,105.1,51.0,146.4,142.4,132.8,232.3,109.8,6.0,1097.4,5.2,271.8,472.5,348.0,1653,,DHARMAPURI,
Tamil Nadu,Dharampuri,IMD110-P1650,2009,3.5,0.0,15.5,33.8,145.0,70.8,11.2,112.3,200.9,41.0,144.1,50.4,828.4,3.5,194.3,395.1,235.5,1653,,DHARMAPURI,
Tamil Nadu,Dharampuri,IMD110-P1650,2010,0.2,0.0,2.3,39.8,106.5,83.2,116.2,148.9,43.8,124.6,274.0,34.2,973.7,0.2,148.6,392.1,432.8,1653,,DHARMAPURI,
Tamil Nadu,Dindigul,IMD110-P1654,1901,15.5,22.3,39.6,66.3,91.1,42.9,38.2,49.0,211.2,153.5,204.0,62.0,995.6,37.8,196.9,341.3,419.5,1654,,DINDIGUL,
Tamil Nadu,Dindigul,IMD110-P1654,1902,117.6,9.5,58.1,46.1,106.4,58.7,33.3,56.9,47.6,347.9,136.9,134.2,1153.1,127.0,210.6,196.5,619.0,1654,,DINDIGUL,
Tamil Nadu,Dindigul,IMD110-P1654,1903,13.5,5.1,1.5,40.9,128.1,54.2,49.5,146.8,124.9,92.0,145.5,175.3,977.1,18.6,170.4,375.4,412.8,1654,,DINDIGUL,
Tamil Nadu,Dindigul,IMD110-P1654,1904,36.9,0.7,0.2,50.8,207.5,11.5,39.8,13.1,87.9,207.7,17.2,29.0,701.8,37.5,258.4,152.2,253.8,1654,,DINDIGUL,
Tamil Nadu,Dindigul,IMD110-P1654,1905,2.5,7.6,21.7,80.6,84.8,73.8,11.9,53.5,68.1,216.8,107.9,0.1,729.3,10.2,187.1,207.3,324.7,1654,,DINDIGUL,
Tamil Nadu,Dindigul,IMD110-P1654,1906,23.3,18.8,29.4,15.0,58.6,30.7,44.8,208.1,78.8,171.5,241.4,79.4,999.7,42.1,102.9,362.4,492.2,1654,,DINDIGUL,
Tamil Nadu,Dindigul,IMD110-P1654,1907,7.8,0.0,17.8,73.3,100.7,23.1,49.0,44.9,63.8,138.9,125.9,57.4,702.5,7.8,191.8,180.8,322.2,1654,,DINDIGUL,
Tamil Nadu,Dindigul,IMD110-P1654,1908,6.5,65.5,35.4,34.3,55.5,33.3,33.9,34.8,127.5,334.4,20.3,14.0,795.3,72.0,125.2,229.4,368.7,1654,,DINDIGUL,
Tamil Nadu,Dindigul,IMD110-P1654,1909,201.4,7.8,21.0,102.4,92.8,22.0,15.9,189.1,29.0,241.9,108.4,9.9,1041.7,209.2,216.2,256.1,360.2,1654,,DINDIGUL,
Tamil Nadu,Dindigul,IMD110-P1654,1910,13.0,33.6,0.1,61.4,81.7,58.5,114.6,106.9,27.4,332.5,177.5,0.0,1007.2,46.7,143.1,307.4,510.0,1654,,DINDIGUL,
Tamil Nadu,Dindigul,IMD110-P1654,1911,1.7,1.4,5.0,54.7,102.2,105.9,34.7,13.2,63.6,171.5,167.7,129.4,850.9,3.1,161.8,217.4,468.6,1654,,DINDIGUL,
Tamil Nadu,Dindigul,IMD110-P1654,1912,6.6,2.3,4.8,43.8,80.3,67.6,27.7,32.5,168.9,225.1,282.1,38.2,980.0,8.9,129.0,296.7,545.4,1654,,DINDIGUL,
Tamil Nadu,Dindigul,IMD110-P1654,1913,1.0,4.8,19.5,20.4,95.7,27.1,65.3,29.7,85.0,153.0,97.5,103.4,702.3,5.8,135.6,207.1,353.8,1654,,DINDIGUL,
Tamil Nadu,Dindigul,IMD110-P1654,1914,3.2,0.5,18.1,36.1,100.3,36.4,22.3,36.3,143.5,299.8,115.1,178.3,989.9,3.7,154.5,238.5,593.3,1654,,DINDIGUL,
Tamil Nadu,Dindigul,IMD110-P1654,1915,16.4,8.0,67.6,46.0,47.2,80.4,90.1,74.4,125.6,136.0,196.7,66.8,955.2,24.3,160.8,370.6,399.5,1654,,DINDIGUL,
Tamil Nadu,Dindigul,IMD110-P1654,1916,0.0,0.6,2.6,26.8,112.8,16.6,175.5,154.0,69.5,137.9,77.5,18.5,792.5,0.7,142.3,415.7,233.9,1654,,DINDIGUL,
Tamil Nadu,Dindigul,IMD110-P1654,1917,12.6,68.7,41.8,14.8,98.1,46.5,21.3,121.8,174.5,118.2,214.9,51.6,984.9,81.3,154.7,364.2,384.7,1654,,DINDIGUL,
Tamil Nadu,Dindigul,IMD110-P1654,1918,75.6,2.1,34.5,16.5,70.2,30.9,37.4,46.5,21.0,102.3,316.4,85.6,839.1,77.7,121.2,135.9,504.3,1654,,DINDIGUL,
Tamil Nadu,Dindigul,IMD110-P1654,1919,34.6,1.2,24.1,30.9,99.0,34.8,67.8,51.2,146.1,150.1,186.9,61.8,888.5,35.8,153.9,300.0,398.8,1654,,DINDIGUL,
Tamil Nadu,Dindigul,IMD110-P1654,1920,158.1,4.1,0.4,101.3,124.2,40.1,19.0,55.2,190.5,174.4,351.5,6.0,1224.6,162.1,225.8,304.8,531.9,1654,,DINDIGUL,
Tamil Nadu,Dindigul,IMD110-P1654,1921,187.6,0.0,0.1,149.5,41.3,53.7,48.2,134.3,56.8,272.7,96.5,90.2,1130.8,187.6,190.9,293.0,459.3,1654,,DINDIGUL,
Tamil Nadu,Dindigul,IMD110-P1654,1922,46.6,15.7,0.2,31.9,160.9,34.1,21.6,53.3,65.9,352.7,319.1,149.0,1250.9,62.3,192.9,174.9,820.8,1654,,DINDIGUL,
Tamil Nadu,Dindigul,IMD110-P1654,1923,100.4,0.0,56.0,42.6,54.6,16.0,17.0,15.8,59.9,213.2,25.3,113.0,713.8,100.4,153.2,108.8,351.4,1654,,DINDIGUL,
Tamil Nadu,Dindigul,IMD110-P1654,1924,41.8,0.7,18.0,40.9,65.5,44.4,107.9,74.4,142.0,68.3,133.9,22.6,760.4,42.5,124.4,368.6,224.8,1654,,DINDIGUL,
Tamil Nadu,Dindigul,IMD110-P1654,1925,25.5,27.2,12.2,62.5,147.9,59.2,17.3,37.3,119.8,152.9,294.5,213.0,1169.3,52.7,222.6,233.6,660.4,1654,,DINDIGUL,
Tamil Nadu,Dindigul,IMD110-P1654,1926,89.6,4.9,26.8,74.0,83.5,30.1,64.9,42.4,138.5,203.4,81.1,19.4,858.6,94.5,184.3,275.8,303.9,1654,,DINDIGUL,
Tamil Nadu,Dindigul,IMD110-P1654,1927,13.6,16.6,12.8,74.8,89.5,40.7,25.2,77.7,142.4,82.5,229.1,63.9,868.7,30.2,177.1,285.9,375.5,1654,,DINDIGUL,
Tamil Nadu,Dindigul,IMD110-P1654,1928,25.0,51.2,27.2,95.5,61.7,28.8,55.8,21.0,15.2,252.2,173.5,132.9,940.0,76.2,184.4,120.8,558.6,1654,,DINDIGUL,
Tamil Nadu,Dindigul,IMD110-P1654,1929,10.6,17.8,5.2,200.5,95.3,41.6,14.7,31.4,187.0,117.2,146.3,90.6,958.0,28.3,301.0,274.6,354.1,1654,,DINDIGUL,
Tamil Nadu,Dindigul,IMD110-P1654,1930,22.0,39.4,23.4,43.1,121.2,81.3,6.9,55.1,95.6,424.0,175.3,55.2,1142.6,61.4,187.8,239.0,654.5,1654,,DINDIGUL,
Tamil Nadu,Dindigul,IMD110-P1654,1931,11.7,0.0,0.0,41.9,70.8,3.4,49.1,35.2,165.2,109.8,169.0,269.6,925.6,11.7,112.7,252.8,548.4,1654,,DINDIGUL,
Tamil Nadu,Dindigul,IMD110-P1654,1932,0.4,21.5,5.5,50.9,131.6,9.5,53.7,214.0,33.2,281.4,203.8,55.7,1061.3,21.9,188.0,310.5,540.9,1654,,DINDIGUL,
Tamil Nadu,Dindigul,IMD110-P1654,1933,0.9,4.4,17.2,99.8,123.6,21.0,44.5,255.9,144.0,244.6,120.2,39.5,1115.5,5.2,240.7,465.3,404.3,1654,,DINDIGUL,
Tamil Nadu,Dindigul,IMD110-P1654,1934,182.9,0.0,11.9,32.7,87.5,47.9,22.9,12.8,10.8,306.6,64.3,23.5,803.9,182.9,132.2,94.4,394.4,1655,,DINDIGUL,
Tamil Nadu,Dindigul,IMD110-P1654,1935,28.1,3.6,4.9,105.0,35.1,120.0,21.0,132.3,56.0,195.6,252.3,87.6,1041.5,31.7,145.0,329.3,535.5,1655,,DINDIGUL,
Tamil Nadu,Dindigul,IMD110-P1654,1936,3.4,38.4,66.2,88.3,76.9,47.3,36.4,31.4,159.2,113.6,280.2,83.1,1024.5,41.8,231.4,274.4,477.0,1655,,DINDIGUL,
Tamil Nadu,Dindigul,IMD110-P1654,1937,6.8,5.2,19.1,83.4,112.8,33.7,21.3,84.6,137.5,195.8,211.6,1.9,913.5,12.0,215.3,277.0,409.2,1655,,DINDIGUL,
Tamil Nadu,Dindigul,IMD110-P1654,1938,0.8,29.7,41.8,58.4,50.0,15.5,60.8,132.3,102.3,81.2,61.4,74.0,708.2,30.6,150.2,310.8,216.6,1655,,DINDIGUL,
Tamil Nadu,Dindigul,IMD110-P1654,1939,44.7,22.4,16.7,97.5,42.0,58.3,14.3,115.2,84.0,228.7,313.4,4.6,1041.9,67.1,156.3,271.8,546.7,1655,,DINDIGUL,
Tamil Nadu,Dindigul,IMD110-P1654,1940,0.0,0.0,12.7,113.7,153.9,59.4,26.5,32.9,165.7,166.4,467.4,51.0,1249.6,0.0,280.3,284.5,684.8,1655,,DINDIGUL,
Tamil Nadu,Dindigul,IMD110-P1654,1941,48.4,1.3,0.0,83.7,62.2,22.8,55.8,61.8,136.6,109.0,285.9,70.8,938.4,49.6,145.9,277.1,465.8,1655,,DINDIGUL,
Tamil Nadu,Dindigul,IMD110-P1654,1942,0.0,0.7,15.2,149.7,94.1,27.9,17.3,61.1,106.0,180.9,52.9,143.2,849.0,0.7,259.0,212.4,377.0,1655,,DINDIGUL,
Tamil Nadu,Dindigul,IMD110-P1654,1943,183.9,52.0,12.9,115.9,63.3,28.4,48.7,49.9,73.3,282.0,85.5,84.5,1080.2,235.9,192.0,200.3,452.0,1655,,DINDIGUL,
Tamil Nadu,Dindigul,IMD110-P1654,1944,17.6,29.4,64.7,52.4,93.2,48.8,24.3,112.7,144.4,239.3,336.5,175.0,1338.3,47.0,210.3,330.2,750.9,1655,,DINDIGUL,
Tamil Nadu,Dindigul,IMD110-P1654,1945,1.1,17.7,1.3,70.0,39.3,43.6,48.0,55.9,27.5,176.6,237.1,4.0,722.0,18.8,110.6,174.9,417.7,1655,,DINDIGUL,
Tamil Nadu,Dindigul,IMD110-P1654,1946,36.8,0.2,43.8,76.2,114.2,34.9,28.1,47.1,100.8,244.1,300.2,192.2,1218.5,37.0,234.1,211.0,736.5,1655,,DINDIGUL,
Tamil Nadu,Dindigul,IMD110-P1654,1947,58.4,5.0,114.2,211.3,55.7,80.2,31.0,138.6,107.3,244.0,10.9,19.3,1075.8,63.4,381.2,357.1,274.1,1655,,DINDIGUL,
Tamil Nadu,Dindigul,IMD110-P1654,1948,98.8,5.4,7.3,44.6,90.1,48.7,54.3,128.3,79.4,178.7,203.3,39.8,978.8,104.2,142.0,310.7,421.8,1655,,DINDIGUL,
Tamil Nadu,Dindigul,IMD110-P1654,1949,10.8,0.6,0.0,102.7,104.7,45.8,89.0,140.5,69.0,236.3,77.1,0.3,876.7,11.4,207.4,344.3,313.6,1655,,DINDIGUL,
Tamil Nadu,Dindigul,IMD110-P1654,1950,1.5,82.4,7.6,20.4,82.2,12.5,26.2,152.8,73.0,234.2,99.3,33.5,825.7,83.9,110.3,264.5,367.0,1655,,DINDIGUL,
Tamil Nadu,Dindigul,IMD110-P1654,1951,17.0,0.7,60.1,207.1,104.3,14.8,64.2,69.8,196.0,117.5,154.0,5.0,1010.5,17.7,371.5,344.7,276.5,1655,,DINDIGUL,
Tamil Nadu,Dindigul,IMD110-P1654,1952,11.7,70.3,23.2,28.7,30.4,11.9,40.7,54.7,65.2,93.7,78.8,141.1,650.3,82.0,82.3,172.5,313.6,1655,,DINDIGUL,
Tamil Nadu,Dindigul,IMD110-P1654,1953,6.7,38.6,10.2,198.2,43.0,75.7,134.5,58.2,129.6,322.8,60.3,23.6,1101.6,45.4,251.4,398.1,406.7,1655,,DINDIGUL,
Tamil Nadu,Dindigul,IMD110-P1654,1954,127.6,3.4,43.0,91.6,74.4,31.9,48.9,133.2,17.0,220.7,26.4,60.4,878.5,131.0,209.0,230.9,307.6,1655,,DINDIGUL,
Tamil Nadu,Dindigul,IMD110-P1654,1955,52.4,0.1,22.4,123.8,129.1,35.7,47.3,28.9,157.2,206.2,165.8,165.2,1134.0,52.4,275.3,269.0,537.3,1655,,DINDIGUL,
Tamil Nadu,Dindigul,IMD110-P1654,1956,33.0,0.8,3.2,72.2,18.5,60.4,34.5,76.1,72.8,289.3,283.1,40.0,983.8,33.8,94.0,243.8,612.3,1655,,DINDIGUL,
Tamil Nadu,Dindigul,IMD110-P1654,1957,0.2,12.3,20.1,45.0,84.8,39.0,39.3,86.3,61.5,258.0,225.1,110.9,982.5,12.4,150.0,226.1,594.0,1655,,DINDIGUL,
Tamil Nadu,Dindigul,IMD110-P1654,1958,12.5,1.9,74.0,53.9,185.3,14.6,36.4,142.4,83.1,133.7,144.8,20.1,902.6,14.4,313.1,276.5,298.5,1655,,DINDIGUL,
Tamil Nadu,Dindigul,IMD110-P1654,1959,10.9,36.3,0.0,61.7,107.1,87.1,20.1,58.4,104.7,160.7,149.0,66.1,862.2,47.2,168.8,270.3,375.8,1655,,DINDIGUL,
Tamil Nadu,Dindigul,IMD110-P1654,1960,0.0,4.9,16.2,118.0,72.8,26.1,158.6,51.3,43.4,113.4,307.4,16.2,928.4,4.9,207.1,279.4,437.0,1655,,DINDIGUL,
Tamil Nadu,Dindigul,IMD110-P1654,1961,72.3,7.8,6.1,53.8,66.6,58.6,38.7,52.1,83.2,211.8,142.6,117.2,910.9,80.1,126.5,232.6,471.7,1655,,DINDIGUL,
Tamil Nadu,Dindigul,IMD110-P1654,1962,6.7,35.1,37.2,75.0,114.1,24.1,51.9,96.7,113.3,262.2,47.2,61.2,924.8,41.9,226.3,286.1,370.6,1655,,DINDIGUL,
Tamil Nadu,Dindigul,IMD110-P1654,1963,122.9,9.0,67.8,54.5,64.5,57.1,62.2,40.0,153.5,175.9,199.2,131.7,1138.1,131.9,186.7,312.7,506.8,1655,,DINDIGUL,
Tamil Nadu,Dindigul,IMD110-P1654,1964,0.2,1.7,17.0,21.5,107.0,33.0,174.1,78.0,70.6,220.8,93.3,124.3,941.5,1.9,145.5,355.7,438.4,1655,,DINDIGUL,
Tamil Nadu,Dindigul,IMD110-P1654,1965,0.0,4.4,8.8,88.0,61.8,26.8,24.7,139.3,97.0,134.9,64.1,215.3,865.1,4.5,158.6,287.7,414.4,1655,,DINDIGUL,
Tamil Nadu,Dindigul,IMD110-P1654,1966,18.7,0.2,16.3,29.2,12.4,77.9,91.3,89.1,231.3,223.9,165.1,109.5,1064.8,18.9,57.9,489.6,498.5,1655,,DINDIGUL,
Tamil Nadu,Dindigul,IMD110-P1654,1967,1.7,0.1,24.4,20.5,46.4,74.1,17.5,36.8,58.3,244.4,78.8,102.1,705.1,1.8,91.2,186.8,425.3,1655,,DINDIGUL,
Tamil Nadu,Dindigul,IMD110-P1654,1968,2.8,18.0,57.3,106.8,45.0,37.1,24.9,55.4,152.0,155.0,111.5,84.0,849.8,20.8,209.1,269.4,350.5,1656,,DINDIGUL,
Tamil Nadu,Dindigul,IMD110-P1654,1969,3.8,8.9,0.9,74.7,69.9,15.1,41.5,212.8,47.9,215.0,124.6,167.0,981.9,12.7,145.4,317.2,506.6,1656,,DINDIGUL,
Tamil Nadu,Dindigul,IMD110-P1654,1970,17.2,28.8,24.6,90.1,113.2,30.8,58.8,73.4,145.5,251.5,161.3,23.1,1018.4,46.1,228.0,308.5,435.8,1656,,DINDIGUL,
Tamil Nadu,Dindigul,IMD110-P1654,1971,13.0,8.4,28.7,35.3,98.7,9.4,198.3,184.4,168.3,216.1,65.4,225.2,1251.1,21.4,162.8,560.3,506.7,1656,,DINDIGUL,
Tamil Nadu,Dindigul,IMD110-P1654,1972,0.6,0.5,0.0,32.9,235.1,49.7,34.7,28.7,259.6,433.7,141.7,114.0,1331.1,1.1,268.0,372.8,689.4,1656,,DINDIGUL,
Tamil Nadu,Dindigul,IMD110-P1654,1973,0.0,0.1,9.0,31.3,73.7,72.1,108.1,78.1,129.6,244.1,69.8,183.1,999.2,0.1,114.0,388.0,497.1,1656,,DINDIGUL,
Tamil Nadu,Dindigul,IMD110-P1654,1974,0.0,1.3,5.8,77.7,67.5,25.8,63.6,40.1,189.0,108.4,50.9,34.5,664.5,1.3,151.0,318.4,193.8,1656,,DINDIGUL,
Tamil Nadu,Dindigul,IMD110-P1654,1975,5.7,6.6,61.0,56.4,81.4,12.9,150.8,37.3,210.5,67.4,110.6,33.8,834.2,12.2,198.8,411.5,211.7,1656,,DINDIGUL,
Tamil Nadu,Dindigul,IMD110-P1654,1976,0.0,0.0,16.5,50.3,46.3,65.6,32.4,73.4,109.8,89.6,201.8,35.1,720.8,0.0,113.2,281.2,326.5,1656,,DINDIGUL,
Tamil Nadu,Dindigul,IMD110-P1654,1977,0.0,26.4,14.2,81.9,146.9,24.0,29.4,117.1,134.7,461.4,364.3,11.0,1411.4,26.4,243.0,305.2,836.8,1656,,DINDIGUL,
Tamil Nadu,Dindigul,IMD110-P1654,1978,0.0,9.8,4.1,76.4,153.9,11.5,28.8,9.0,97.6,194.6,244.3,241.8,1071.8,9.8,234.4,146.9,680.7,1656,,DINDIGUL,
Tamil Nadu,Dindigul,IMD110-P1654,1979,1.3,67.7,10.6,18.5,40.2,48.0,85.9,28.8,195.5,150.6,426.0,21.0,1093.9,69.0,69.2,358.0,597.7,1656,,DINDIGUL,
Tamil Nadu,Dindigul,IMD110-P1654,1980,0.0,0.0,30.2,116.1,59.9,18.3,14.7,36.6,136.8,140.6,191.9,34.7,779.9,0.0,206.2,206.4,367.3,1656,,DINDIGUL,
Tamil Nadu,Dindigul,IMD110-P1654,1981,7.3,0.8,18.9,29.4,95.8,13.5,50.6,68.5,332.7,253.1,102.7,77.1,1050.4,8.1,144.1,465.3,433.0,1656,,DINDIGUL,
Tamil Nadu,Dindigul,IMD110-P1654,1982,0.1,0.0,18.6,62.4,106.0,29.0,25.0,33.7,136.4,127.6,141.6,42.3,722.5,0.1,187.0,224.0,311.5,1656,,DINDIGUL,
Tamil Nadu,Dindigul,IMD110-P1654,1983,0.8,0.0,2.5,16.7,117.0,91.9,58.6,71.3,135.3,203.2,117.4,219.7,1034.4,0.8,136.1,357.2,540.3,1656,,DINDIGUL,
Tamil Nadu,Dindigul,IMD110-P1654,1984,44.6,118.2,127.3,58.3,27.6,6.1,74.8,7.9,101.6,125.7,62.4,83.1,837.7,162.8,213.2,190.4,271.2,1656,,DINDIGUL,
Tamil Nadu,Dindigul,IMD110-P1654,1985,101.6,0.0,31.3,227.9,66.4,81.2,35.0,148.3,196.2,122.9,228.4,94.6,1333.8,101.6,325.6,460.7,445.9,1656,,DINDIGUL,
Tamil Nadu,Dindigul,IMD110-P1654,1986,30.2,81.3,25.7,12.8,100.2,134.6,66.4,37.6,246.4,173.8,170.9,61.5,1141.4,111.5,138.7,485.0,406.2,1656,,DINDIGUL,
Tamil Nadu,Dindigul,IMD110-P1654,1987,6.8,1.9,44.3,23.4,89.2,62.9,35.7,46.0,126.9,301.1,144.9,189.9,1073.0,8.7,156.8,271.6,635.9,1656,,DINDIGUL,
Tamil Nadu,Dindigul,IMD110-P1654,1988,0.0,3.2,39.6,118.8,41.6,51.8,111.7,123.8,162.3,63.4,81.1,14.8,812.1,3.3,200.0,449.6,159.3,1656,,DINDIGUL,
Tamil Nadu,Dindigul,IMD110-P1654,1989,0.3,0.0,40.2,70.6,102.3,53.0,124.1,21.8,206.1,209.6,144.6,33.8,1006.5,0.3,213.2,405.0,388.1,1656,,DINDIGUL,
Tamil Nadu,Dindigul,IMD110-P1654,1990,186.7,4.3,46.1,19.5,108.1,8.6,10.2,22.0,89.1,156.3,195.2,82.1,928.0,191.0,173.6,129.8,433.6,1656,,DINDIGUL,
Tamil Nadu,Dindigul,IMD110-P1654,1991,20.1,5.1,1.1,67.9,80.0,80.5,20.4,42.4,162.2,235.6,127.9,33.8,877.1,25.2,149.0,305.5,397.4,1656,,DINDIGUL,
Tamil Nadu,Dindigul,IMD110-P1654,1992,0.0,0.0,0.0,45.4,66.6,53.7,42.9,31.6,245.7,112.6,327.6,71.1,997.0,0.0,111.9,373.9,511.2,1656,,DINDIGUL,
Tamil Nadu,Dindigul,IMD110-P1654,1993,0.0,2.8,15.3,16.3,67.1,48.9,11.2,96.2,107.7,264.1,430.2,111.9,1171.9,2.8,98.8,264.0,806.3,1656,,DINDIGUL,
Tamil Nadu,Dindigul,IMD110-P1654,1994,1.1,10.9,3.3,67.6,107.1,9.1,29.1,25.4,102.7,313.5,283.4,12.0,965.0,12.0,177.9,166.2,608.8,1656,,DINDIGUL,
Tamil Nadu,Dindigul,IMD110-P1654,1995,8.0,0.5,28.5,68.5,110.8,62.0,59.6,101.1,44.1,201.6,100.1,0.2,784.7,8.4,207.8,266.7,301.8,1656,,DINDIGUL,
Tamil Nadu,Dindigul,IMD110-P1654,1996,14.5,2.6,13.7,146.7,44.6,41.0,33.8,154.3,176.6,164.1,99.1,224.3,1115.3,17.1,205.0,405.8,487.5,1656,,DINDIGUL,
Tamil Nadu,Dindigul,IMD110-P1654,1997,2.8,0.0,1.2,37.6,83.9,93.7,30.9,15.1,128.0,264.7,342.2,95.4,1095.4,2.8,122.7,267.7,702.3,1656,,DINDIGUL,
Tamil Nadu,Dindigul,IMD110-P1654,1998,8.8,,0.0,65.9,40.3,18.6,104.0,181.7,96.2,88.8,299.4,192.8,,,106.2,400.5,581.0,1656,missing_months,DINDIGUL,
Tamil Nadu,Dindigul,IMD110-P1654,1999,0.0,9.8,5.8,75.6,69.4,17.4,14.1,56.8,55.7,357.6,172.0,36.8,871.0,9.8,150.8,144.1,566.3,1656,,DINDIGUL,
Tamil Nadu,Dindigul,IMD110-P1654,2000,36.6,66.7,2.0,59.6,58.7,18.6,27.3,147.9,241.1,84.1,139.4,137.6,1019.6,103.4,120.3,434.9,361.1,1656,,DINDIGUL,
Tamil Nadu,Dindigul,IMD110-P1654,2001,42.1,20.2,10.4,129.1,39.9,15.9,11.4,6.3,49.6,48.5,44.0,17.9,435.5,62.3,179.5,83.3,110.5,1656,,DINDIGUL,
Tamil Nadu,Dindigul,IMD110-P1654,2002,0.9,16.6,6.5,9.9,28.2,16.3,7.6,19.8,25.2,91.9,41.6,12.3,276.8,17.5,44.6,68.8,145.9,1657,,DINDIGUL,
Tamil Nadu,Dindigul,IMD110-P1654,2003,0.5,2.2,12.3,20.6,33.0,19.9,10.2,24.7,18.8,84.1,62.5,4.6,293.5,2.8,65.9,73.5,151.3,1657,,DINDIGUL,
Tamil Nadu,Dindigul,IMD110-P1654,2004,1.5,0.0,2.4,22.5,54.0,9.3,75.5,15.1,309.0,298.3,280.7,12.7,1080.9,1.5,78.9,408.9,591.7,1657,,DINDIGUL,
Tamil Nadu,Dindigul,IMD110-P1654,2005,20.5,17.3,49.4,151.8,63.8,33.8,67.0,65.5,106.4,241.8,414.5,119.9,1351.7,37.9,265.0,272.6,776.3,1657,,DINDIGUL,
Tamil Nadu,Dindigul,IMD110-P1654,2006,22.5,0.0,52.2,41.7,88.5,38.9,4.0,91.6,111.6,227.2,165.7,4.0,848.0,22.5,182.4,246.2,397.0,1657,,DINDIGUL,
Tamil Nadu,Dindigul,IMD110-P1654,2007,5.1,6.7,3.5,65.1,73.3,71.6,55.1,96.3,58.3,418.0,72.7,440.2,1365.8,11.8,141.8,281.3,930.9,1657,,DINDIGUL,
Tamil Nadu,Dindigul,IMD110-P1654,2008,6.2,31.8,182.8,21.5,79.9,54.5,59.3,129.2,58.7,355.8,283.9,101.4,1364.9,37.9,284.2,301.7,741.1,1657,,DINDIGUL,
Tamil Nadu,Dindigul,IMD110-P1654,2009,6.9,0.0,17.7,30.0,71.8,14.7,13.8,85.6,75.0,89.1,307.1,72.4,784.1,6.9,119.5,189.1,468.6,1657,,DINDIGUL,
Tamil Nadu,Dindigul,IMD110-P1654,2010,4.2,0.0,2.3,22.0,94.1,51.8,57.7,45.5,71.8,236.7,401.7,105.0,1092.9,4.2,118.4,226.9,743.5,1657,,DINDIGUL,
Tamil Nadu,Erode,IMD110-P1658,1901,32.6,12.6,4.7,29.9,141.8,32.0,28.3,39.4,242.3,137.6,140.3,17.5,859.0,45.2,176.3,342.0,295.5,1658,,ERODE,
Tamil Nadu,Erode,IMD110-P1658,1902,9.7,0.0,11.7,48.8,147.3,18.7,34.0,111.0,48.8,235.7,113.5,103.5,882.7,9.7,207.9,212.5,452.6,1658,,ERODE,
Tamil Nadu,Erode,IMD110-P1658,1903,2.4,1.6,0.2,6.2,113.4,52.9,28.7,107.9,223.1,170.6,200.1,33.7,940.8,4.0,119.8,412.6,404.4,1658,,ERODE,
Tamil Nadu,Erode,IMD110-P1658,1904,15.5,0.0,0.0,27.8,172.9,7.5,63.4,18.9,42.3,140.5,18.1,0.7,507.6,15.5,200.7,132.1,159.3,1658,,ERODE,
Tamil Nadu,Erode,IMD110-P1658,1905,1.2,6.3,42.6,36.8,104.0,19.5,34.8,61.1,70.3,139.5,56.2,0.0,572.3,7.5,183.5,185.7,195.7,1658,,ERODE,
Tamil Nadu,Erode,IMD110-P1658,1906,5.8,8.0,10.9,4.4,58.0,24.2,61.4,225.0,58.6,122.0,102.9,69.2,750.3,13.8,73.2,369.2,294.1,1658,,ERODE,
Tamil Nadu,Erode,IMD110-P1658,1907,9.4,0.0,57.3,38.2,60.7,53.0,45.0,35.2,100.3,105.5,72.3,72.3,649.2,9.4,156.1,233.5,250.1,1658,,ERODE,
Tamil Nadu,Erode,IMD110-P1658,1908,1.9,19.3,31.6,44.3,154.2,16.4,9.9,10.6,129.3,176.2,17.4,4.7,615.5,21.1,230.0,166.1,198.2,1658,,ERODE,
Tamil Nadu,Erode,IMD110-P1658,1909,102.2,3.1,4.5,77.1,122.4,8.7,16.9,167.4,54.3,191.6,32.9,4.2,785.3,105.3,204.0,247.3,228.7,1658,,ERODE,
Tamil Nadu,Erode,IMD110-P1658,1910,2.9,19.0,1.3,18.8,104.1,64.0,140.3,90.1,30.7,246.6,96.4,0.0,814.3,22.0,124.2,325.1,343.0,1658,,ERODE,
Tamil Nadu,Erode,IMD110-P1658,1911,0.0,0.0,4.3,34.4,87.8,55.9,28.5,11.3,109.8,86.6,66.9,24.5,510.0,0.0,126.5,205.4,178.0,1658,,ERODE,
Tamil Nadu,Erode,IMD110-P1658,1912,2.2,0.0,0.7,28.6,116.2,57.1,13.6,29.3,163.2,162.7,117.8,1.4,692.8,2.2,145.5,263.3,281.8,1658,,ERODE,
Tamil Nadu,Erode,IMD110-P1658,1913,0.0,0.0,18.6,21.2,81.3,32.0,59.6,18.3,92.5,143.9,36.4,17.6,521.3,0.0,121.1,202.4,197.9,1658,,ERODE,
Tamil Nadu,Erode,IMD110-P1658,1914,0.1,10.2,1.4,14.7,64.9,22.5,17.4,37.5,118.6,161.1,54.6,23.1,526.1,10.3,81.0,196.0,238.8,1658,,ERODE,
Tamil Nadu,Erode,IMD110-P1658,1915,11.6,1.7,33.2,47.8,88.0,86.8,78.8,70.8,146.4,144.6,176.5,13.4,899.5,13.3,169.0,382.7,334.5,1658,,ERODE,
Tamil Nadu,Erode,IMD110-P1658,1916,0.0,0.4,0.6,33.2,86.3,10.6,161.7,125.6,99.1,219.8,85.1,31.0,853.3,0.4,120.0,397.0,335.8,1658,,ERODE,
Tamil Nadu,Erode,IMD110-P1658,1917,3.1,23.3,31.5,14.8,91.8,59.9,27.2,152.0,242.2,149.1,105.7,26.2,926.8,26.4,138.1,481.3,280.9,1658,,ERODE,
Tamil Nadu,Erode,IMD110-P1658,1918,12.6,0.0,48.7,13.2,45.2,22.1,18.2,51.7,36.3,120.4,271.1,50.6,690.1,12.6,107.1,128.2,442.1,1658,,ERODE,
Tamil Nadu,Erode,IMD110-P1658,1919,18.7,0.0,6.8,30.4,122.9,22.6,51.7,31.5,191.8,183.7,178.5,26.2,864.7,18.7,160.1,297.6,388.3,1658,,ERODE,
Tamil Nadu,Erode,IMD110-P1658,1920,43.5,6.0,3.3,86.6,56.7,21.4,8.9,56.9,169.2,170.7,161.6,0.0,784.8,49.5,146.6,256.4,332.2,1658,,ERODE,
Tamil Nadu,Erode,IMD110-P1658,1921,87.3,0.0,0.0,92.7,83.5,53.7,80.7,117.8,72.2,251.8,91.0,6.0,936.7,87.3,176.2,324.4,348.8,1658,,ERODE,
Tamil Nadu,Erode,IMD110-P1658,1922,24.0,17.2,1.5,3.8,160.2,19.4,9.9,56.2,80.5,244.4,212.0,42.1,871.0,41.1,165.5,165.9,498.5,1658,,ERODE,
Tamil Nadu,Erode,IMD110-P1658,1923,11.7,1.4,50.2,65.2,40.3,14.4,13.6,9.6,46.9,140.2,34.2,7.4,435.1,13.1,155.8,84.5,181.7,1658,,ERODE,
Tamil Nadu,Erode,IMD110-P1658,1924,2.7,0.0,29.1,60.6,148.3,48.6,57.1,71.0,118.2,112.9,125.8,5.5,779.9,2.7,238.0,295.0,244.2,1658,,ERODE,
Tamil Nadu,Erode,IMD110-P1658,1925,0.8,0.3,18.5,56.0,94.1,64.0,12.3,46.9,136.7,63.5,104.0,87.9,685.1,1.0,168.7,260.0,255.4,1658,,ERODE,
Tamil Nadu,Erode,IMD110-P1658,1926,61.4,0.0,109.8,50.9,65.9,33.1,40.0,17.6,106.6,135.8,74.1,18.1,713.3,61.4,226.6,197.2,228.1,1658,,ERODE,
Tamil Nadu,Erode,IMD110-P1658,1927,3.7,0.7,4.6,39.8,104.6,47.5,29.5,54.9,117.3,72.1,140.2,6.2,621.0,4.4,149.0,249.1,218.5,1658,,ERODE,
Tamil Nadu,Erode,IMD110-P1658,1928,4.2,40.1,40.2,70.2,79.2,5.4,54.2,64.9,16.7,227.4,115.0,33.5,751.0,44.3,189.7,141.2,375.9,1658,,ERODE,
Tamil Nadu,Erode,IMD110-P1658,1929,9.7,12.4,8.8,141.3,78.1,46.8,12.4,38.2,121.6,86.9,101.5,35.0,692.5,22.0,228.2,219.0,223.3,1658,,ERODE,
Tamil Nadu,Erode,IMD110-P1658,1930,12.1,80.5,7.1,44.7,149.6,46.9,26.6,40.4,76.0,488.8,174.1,49.5,1196.0,92.5,201.3,189.9,712.3,1658,,ERODE,
Tamil Nadu,Erode,IMD110-P1658,1931,1.3,0.0,1.1,35.2,77.6,6.4,16.9,19.9,67.7,101.6,134.6,129.7,592.1,1.3,114.0,110.9,365.9,1658,,ERODE,
Tamil Nadu,Erode,IMD110-P1658,1932,0.0,40.2,2.4,39.8,129.5,37.7,34.6,217.6,19.4,276.7,182.8,23.6,1004.4,40.2,171.7,309.4,483.1,1658,,ERODE,
Tamil Nadu,Erode,IMD110-P1658,1933,0.0,0.9,20.6,80.9,90.2,7.5,34.9,150.9,127.2,252.3,82.4,38.5,886.3,0.9,191.8,320.4,373.2,1658,,ERODE,
Tamil Nadu,Erode,IMD110-P1658,1934,52.1,0.0,6.0,30.9,72.4,62.5,24.6,22.3,6.9,229.7,100.3,7.9,615.6,52.1,109.3,116.3,337.9,1659,,ERODE,
Tamil Nadu,Erode,IMD110-P1658,1935,13.2,8.7,4.1,89.1,41.8,54.4,9.5,87.9,51.9,109.0,84.8,26.2,580.7,22.0,135.0,203.7,220.1,1659,,ERODE,
Tamil Nadu,Erode,IMD110-P1658,1936,0.0,83.3,30.6,38.4,91.2,24.9,62.7,38.3,122.5,115.4,96.1,18.2,721.6,83.3,160.2,248.4,229.7,1659,,ERODE,
Tamil Nadu,Erode,IMD110-P1658,1937,0.5,0.1,9.6,127.3,84.5,50.2,17.3,88.3,88.0,182.5,117.3,4.7,770.3,0.5,221.5,243.8,304.5,1659,,ERODE,
Tamil Nadu,Erode,IMD110-P1658,1938,0.0,3.4,22.2,78.0,51.2,16.5,136.1,153.3,85.9,24.6,9.9,39.9,621.0,3.4,151.4,391.8,74.3,1659,,ERODE,
Tamil Nadu,Erode,IMD110-P1658,1939,11.0,0.0,38.5,93.7,75.1,53.3,7.4,95.7,83.6,257.9,158.7,0.4,875.1,11.0,207.3,239.9,416.9,1659,,ERODE,
Tamil Nadu,Erode,IMD110-P1658,1940,0.0,0.0,8.6,117.5,216.0,61.5,25.7,21.2,81.4,105.3,289.4,52.7,979.3,0.0,342.1,189.9,447.3,1659,,ERODE,
Tamil Nadu,Erode,IMD110-P1658,1941,4.6,0.0,0.0,60.3,67.3,39.2,20.2,50.2,152.3,110.7,119.0,53.0,677.0,4.6,127.6,262.0,282.8,1659,,ERODE,
Tamil Nadu,Erode,IMD110-P1658,1942,0.0,0.6,0.2,94.7,90.1,25.2,27.2,82.9,103.9,128.2,23.8,83.8,660.5,0.6,185.0,239.2,235.8,1659,,ERODE,
Tamil Nadu,Erode,IMD110-P1658,1943,85.7,25.1,4.6,99.3,108.8,12.1,22.1,47.0,50.1,205.1,92.2,1.0,753.0,110.8,212.7,131.2,298.4,1659,,ERODE,
Tamil Nadu,Erode,IMD110-P1658,1944,8.5,35.7,92.5,26.4,91.1,44.2,26.3,83.0,173.9,261.3,226.8,77.4,1147.2,44.3,210.0,327.4,565.5,1659,,ERODE,
Tamil Nadu,Erode,IMD110-P1658,1945,2.3,0.0,4.0,130.3,45.1,13.0,43.2,63.6,26.6,240.0,106.2,10.8,685.1,2.3,179.4,146.5,357.0,1659,,ERODE,
Tamil Nadu,Erode,IMD110-P1658,1946,14.3,0.0,27.6,78.4,69.7,17.6,19.5,53.6,118.6,138.6,278.6,62.4,878.9,14.3,175.7,209.4,479.6,1659,,ERODE,
Tamil Nadu,Erode,IMD110-P1658,1947,10.1,7.2,44.6,50.0,52.0,57.9,24.5,99.9,55.0,207.4,4.9,8.4,622.1,17.3,146.6,237.3,220.8,1659,,ERODE,
Tamil Nadu,Erode,IMD110-P1658,1948,15.3,0.0,7.6,39.8,108.4,20.9,29.5,113.3,47.4,127.6,125.4,14.3,649.6,15.3,155.8,211.2,267.3,1659,,ERODE,
Tamil Nadu,Erode,IMD110-P1658,1949,0.0,3.7,0.0,113.7,110.5,47.5,99.8,61.1,63.9,176.6,25.8,0.0,702.7,3.7,224.2,272.4,202.4,1659,,ERODE,
Tamil Nadu,Erode,IMD110-P1658,1950,0.0,69.4,13.9,3.0,37.2,7.2,21.9,123.9,28.2,143.9,68.2,2.8,519.5,69.4,54.1,181.1,214.9,1659,,ERODE,
Tamil Nadu,Erode,IMD110-P1658,1951,5.5,0.0,54.2,91.1,125.0,5.5,41.5,47.4,130.5,63.4,112.7,4.4,681.3,5.5,270.4,224.9,180.6,1659,,ERODE,
Tamil Nadu,Erode,IMD110-P1658,1952,1.1,24.8,9.5,25.4,32.0,19.8,84.2,50.5,49.8,85.8,13.3,121.3,517.3,25.9,66.9,204.2,220.4,1659,,ERODE,
Tamil Nadu,Erode,IMD110-P1658,1953,1.2,18.3,1.5,120.1,80.8,46.8,73.5,36.4,134.2,301.9,35.5,2.3,852.5,19.6,202.3,290.9,339.6,1659,,ERODE,
Tamil Nadu,Erode,IMD110-P1658,1954,39.5,0.2,51.2,60.9,158.0,11.3,61.1,123.5,15.4,256.3,50.6,28.5,856.5,39.7,270.1,211.3,335.4,1659,,ERODE,
Tamil Nadu,Erode,IMD110-P1658,1955,3.6,0.0,10.3,90.4,178.9,11.7,21.6,39.5,131.1,107.1,85.2,28.1,707.4,3.6,279.6,203.8,220.4,1659,,ERODE,
Tamil Nadu,Erode,IMD110-P1658,1956,0.4,0.2,0.0,48.1,30.5,49.9,16.8,29.6,57.5,337.3,196.8,8.1,775.2,0.6,78.6,153.8,542.2,1659,,ERODE,
Tamil Nadu,Erode,IMD110-P1658,1957,0.0,8.0,27.9,11.5,127.8,34.1,24.0,16.7,32.9,216.0,154.8,25.0,678.9,8.0,167.2,107.8,395.9,1659,,ERODE,
Tamil Nadu,Erode,IMD110-P1658,1958,8.2,0.9,31.2,80.6,161.7,24.7,8.2,77.0,66.7,108.6,107.7,13.2,688.6,9.1,273.5,176.5,229.4,1659,,ERODE,
Tamil Nadu,Erode,IMD110-P1658,1959,0.3,46.2,0.0,35.8,74.9,67.7,19.0,45.6,91.2,191.5,107.1,45.8,725.0,46.5,110.7,223.5,344.4,1659,,ERODE,
Tamil Nadu,Erode,IMD110-P1658,1960,0.0,0.0,15.1,52.9,53.2,14.9,78.5,28.4,59.9,104.3,148.7,3.8,559.8,0.0,121.2,181.8,256.9,1659,,ERODE,
Tamil Nadu,Erode,IMD110-P1658,1961,25.5,21.2,0.0,19.8,52.9,40.7,33.5,42.3,39.4,149.1,67.3,48.2,540.0,46.7,72.7,155.9,264.6,1659,,ERODE,
Tamil Nadu,Erode,IMD110-P1658,1962,6.7,56.6,3.6,56.8,138.6,22.3,12.5,87.0,112.2,211.2,40.2,56.9,804.4,63.3,198.9,234.0,308.3,1659,,ERODE,
Tamil Nadu,Erode,IMD110-P1658,1963,23.8,2.2,15.5,56.8,52.9,14.0,40.2,27.6,90.0,100.2,86.2,119.0,628.3,26.0,125.2,171.8,305.4,1659,,ERODE,
Tamil Nadu,Erode,IMD110-P1658,1964,0.0,0.1,4.7,8.6,75.3,14.8,120.2,40.9,76.1,233.9,125.6,41.9,742.0,0.1,88.5,252.0,401.4,1659,,ERODE,
Tamil Nadu,Erode,IMD110-P1658,1965,0.0,1.0,18.1,94.0,60.0,4.6,24.5,121.0,73.5,115.0,44.5,61.0,617.3,1.0,172.2,223.5,220.6,1659,,ERODE,
Tamil Nadu,Erode,IMD110-P1658,1966,3.6,0.0,13.3,53.3,22.6,35.5,57.2,100.0,147.7,210.6,138.0,64.7,846.6,3.6,89.3,340.4,413.3,1659,,ERODE,
Tamil Nadu,Erode,IMD110-P1658,1967,42.6,4.1,21.8,23.2,40.5,36.4,28.5,22.1,23.3,89.6,64.3,38.2,434.6,46.7,85.5,110.2,192.2,1659,,ERODE,
Tamil Nadu,Erode,IMD110-P1658,1968,1.3,0.8,6.8,78.1,91.5,14.5,8.4,32.4,80.2,90.2,57.9,43.4,505.5,2.2,176.4,135.6,191.4,1660,,ERODE,
Tamil Nadu,Erode,IMD110-P1658,1969,0.0,0.2,3.7,35.1,77.3,15.6,11.0,119.2,29.9,194.8,89.7,102.2,678.6,0.2,116.0,175.6,386.8,1660,,ERODE,
Tamil Nadu,Erode,IMD110-P1658,1970,10.4,4.3,10.7,43.0,101.3,10.1,27.3,23.9,47.5,246.0,138.1,0.6,663.2,14.6,155.0,108.9,384.6,1660,,ERODE,
Tamil Nadu,Erode,IMD110-P1658,1971,14.4,10.5,30.5,31.5,84.8,8.8,17.0,111.4,,153.2,23.8,59.6,,24.9,146.9,,236.6,1660,missing_months,ERODE,
Tamil Nadu,Erode,IMD110-P1658,1972,0.0,,0.0,28.4,175.0,37.7,8.2,16.9,191.1,210.5,83.6,206.8,,,203.3,254.0,500.9,1660,missing_months,ERODE,
Tamil Nadu,Erode,IMD110-P1658,1973,0.0,0.0,0.4,34.6,68.6,62.5,30.8,25.8,76.9,124.0,35.1,47.2,505.8,0.0,103.5,196.0,206.3,1660,,ERODE,
Tamil Nadu,Erode,IMD110-P1658,1974,0.0,0.0,0.9,36.1,35.2,10.1,21.7,10.8,224.2,94.8,30.1,2.7,466.7,0.0,72.2,266.8,127.6,1660,,ERODE,
Tamil Nadu,Erode,IMD110-P1658,1975,0.2,0.5,18.8,20.0,88.6,15.3,68.6,55.4,171.7,137.0,56.7,7.4,640.3,0.7,127.4,311.1,201.1,1660,,ERODE,
Tamil Nadu,Erode,IMD110-P1658,1976,0.0,0.0,0.0,56.7,47.3,11.8,25.3,36.9,77.1,88.2,164.4,12.7,520.3,0.0,104.0,151.0,265.3,1660,,ERODE,
Tamil Nadu,Erode,IMD110-P1658,1977,0.0,19.4,2.6,46.6,97.6,16.0,28.2,62.4,164.7,319.5,226.2,7.7,990.8,19.4,146.9,271.2,553.4,1660,,ERODE,
Tamil Nadu,Erode,IMD110-P1658,1978,0.0,4.1,23.9,30.7,90.3,6.4,53.2,11.6,80.9,154.2,256.4,79.3,791.0,4.1,145.0,152.1,489.9,1660,,ERODE,
Tamil Nadu,Erode,IMD110-P1658,1979,0.1,31.7,13.9,17.3,31.6,64.9,23.7,61.0,202.3,110.7,244.9,33.2,835.2,31.8,62.8,351.9,388.8,1660,,ERODE,
Tamil Nadu,Erode,IMD110-P1658,1980,0.0,0.0,54.9,59.6,148.4,3.3,9.1,8.5,63.3,125.5,115.2,2.0,589.9,0.0,262.9,84.2,242.7,1660,,ERODE,
Tamil Nadu,Erode,IMD110-P1658,1981,2.1,0.1,42.1,61.6,114.3,96.9,104.5,32.7,228.0,221.6,103.5,23.4,1030.9,2.2,218.1,462.1,348.5,1660,,ERODE,
Tamil Nadu,Erode,IMD110-P1658,1982,0.0,0.0,17.0,14.8,67.7,44.4,23.3,42.8,97.3,112.0,120.7,8.8,548.8,0.0,99.6,207.8,241.5,1660,,ERODE,
Tamil Nadu,Erode,IMD110-P1658,1983,0.0,0.0,0.0,2.4,139.5,51.9,30.8,76.5,72.2,125.4,102.7,137.4,738.8,0.0,141.9,231.4,365.5,1660,,ERODE,
Tamil Nadu,Erode,IMD110-P1658,1984,3.4,59.3,79.1,42.5,48.8,77.9,115.7,43.2,185.9,155.0,33.6,62.3,906.9,62.7,170.4,422.8,251.0,1660,,ERODE,
Tamil Nadu,Erode,IMD110-P1658,1985,39.7,0.0,32.4,108.3,85.9,328.9,102.7,166.7,256.5,89.5,83.0,36.6,1330.4,39.7,226.7,854.9,209.1,1660,,ERODE,
Tamil Nadu,Erode,IMD110-P1658,1986,48.3,100.0,7.3,124.4,110.2,339.1,314.8,598.9,273.1,288.6,272.3,21.6,2498.5,148.3,241.8,1525.9,582.5,1660,,ERODE,
Tamil Nadu,Erode,IMD110-P1658,1987,0.6,0.3,37.1,16.0,81.4,145.7,32.0,74.8,152.8,265.0,197.6,90.8,1094.2,0.9,134.6,405.3,553.4,1660,,ERODE,
Tamil Nadu,Erode,IMD110-P1658,1988,0.0,0.8,16.0,115.2,146.3,72.0,161.7,167.8,160.7,75.2,32.7,8.8,957.1,0.8,277.5,562.1,116.7,1660,,ERODE,
Tamil Nadu,Erode,IMD110-P1658,1989,0.0,0.0,57.0,81.9,80.1,94.2,193.4,57.0,190.8,170.3,80.0,13.4,1018.1,0.0,219.0,535.5,263.7,1660,,ERODE,
Tamil Nadu,Erode,IMD110-P1658,1990,27.1,4.5,34.4,36.5,63.6,4.9,5.4,40.9,59.6,143.0,93.5,10.3,523.8,31.6,134.5,110.8,246.8,1660,,ERODE,
Tamil Nadu,Erode,IMD110-P1658,1991,2.1,1.6,1.7,29.0,41.0,74.4,20.1,30.9,121.2,184.1,149.7,6.8,662.7,3.7,71.7,246.7,340.6,1660,,ERODE,
Tamil Nadu,Erode,IMD110-P1658,1992,1.7,0.0,0.0,11.9,64.8,55.8,45.8,27.4,219.0,76.1,199.5,7.8,710.0,1.7,76.8,348.1,283.4,1660,,ERODE,
Tamil Nadu,Erode,IMD110-P1658,1993,0.0,13.7,12.2,19.4,72.5,54.4,31.1,58.1,64.1,247.2,188.0,55.4,815.9,13.7,104.1,207.6,490.6,1660,,ERODE,
Tamil Nadu,Erode,IMD110-P1658,1994,3.3,44.6,1.7,54.1,71.0,5.6,17.4,17.2,84.9,320.4,181.4,2.2,803.8,47.9,126.8,125.1,504.0,1660,,ERODE,
Tamil Nadu,Erode,IMD110-P1658,1995,8.8,0.0,18.6,33.3,107.8,22.2,42.1,93.9,65.3,152.7,88.1,0.0,632.7,8.8,159.7,223.5,240.8,1660,,ERODE,
Tamil Nadu,Erode,IMD110-P1658,1996,0.0,0.0,,111.2,42.1,62.6,25.3,109.4,125.5,136.2,60.7,93.3,,0.0,,322.9,290.2,1660,missing_months,ERODE,
Tamil Nadu,Erode,IMD110-P1658,1997,0.7,0.1,0.3,46.1,67.4,16.0,26.9,19.5,114.9,160.9,140.3,54.0,647.0,0.8,113.8,177.3,355.1,1660,,ERODE,
Tamil Nadu,Erode,IMD110-P1658,1998,0.0,0.0,5.2,25.6,41.0,11.8,84.4,122.5,73.5,65.8,159.1,98.3,687.3,0.0,71.9,292.3,323.2,1660,,ERODE,
Tamil Nadu,Erode,IMD110-P1658,1999,0.0,0.0,8.4,10.8,81.8,16.9,22.3,35.8,42.8,300.8,140.3,30.0,689.8,0.0,101.0,117.8,471.0,1660,,ERODE,
Tamil Nadu,Erode,IMD110-P1658,2000,9.2,36.6,14.4,44.5,44.3,21.6,11.8,116.2,184.6,53.8,123.1,47.8,707.8,45.8,103.2,334.2,224.7,1660,,ERODE,
Tamil Nadu,Erode,IMD110-P1658,2001,24.8,1.0,22.9,70.6,33.7,17.7,12.0,7.7,33.6,42.8,39.2,6.9,312.9,25.8,127.2,71.0,88.9,1660,,ERODE,
Tamil Nadu,Erode,IMD110-P1658,2002,0.3,0.2,2.8,8.3,17.1,14.7,2.3,3.2,21.6,81.6,24.7,3.1,180.0,0.5,28.1,41.9,109.4,1661,,ERODE,
Tamil Nadu,Erode,IMD110-P1658,2003,0.0,0.8,15.7,14.3,19.7,10.0,13.2,26.5,4.3,72.8,28.0,3.3,208.7,0.8,49.7,54.1,104.2,1661,,ERODE,
Tamil Nadu,Erode,IMD110-P1658,2004,0.2,0.3,0.4,20.6,81.6,4.9,17.0,,118.2,185.0,140.0,0.0,,0.5,102.6,,325.0,1661,missing_months,ERODE,
Tamil Nadu,Erode,IMD110-P1658,2005,8.5,24.0,33.0,135.6,122.1,26.2,47.7,48.4,72.1,264.2,234.7,71.0,1087.6,32.4,290.7,194.5,570.0,1661,,ERODE,
Tamil Nadu,Erode,IMD110-P1658,2006,5.7,0.0,46.9,46.6,53.1,35.2,0.8,36.3,161.4,190.1,240.8,3.2,820.0,5.7,146.6,233.7,434.0,1661,,ERODE,
Tamil Nadu,Erode,IMD110-P1658,2007,1.6,3.6,2.6,40.3,43.8,24.7,31.3,62.6,77.3,212.1,93.8,106.8,700.5,5.2,86.7,195.9,412.7,1661,,ERODE,
Tamil Nadu,Erode,IMD110-P1658,2008,3.3,21.2,85.6,45.8,73.3,10.0,44.6,119.4,38.2,161.0,64.1,11.9,678.2,24.5,204.6,212.0,237.0,1661,,ERODE,
Tamil Nadu,Erode,IMD110-P1658,2009,0.0,0.0,90.8,58.8,79.9,9.6,29.4,91.9,105.2,99.3,193.2,14.7,772.7,0.0,229.5,236.0,307.2,1661,,ERODE,
Tamil Nadu,Erode,IMD110-P1658,2010,1.2,0.0,3.2,17.3,120.6,17.3,50.4,62.9,77.9,116.7,278.7,30.4,776.5,1.2,141.0,208.5,425.8,1661,,ERODE,
Tamil Nadu,Kancheepuram,IMD110-P1662,1901,21.6,88.0,1.1,2.0,35.1,24.2,118.0,185.1,114.8,148.3,446.4,325.6,1510.0,109.6,38.1,442.0,920.3,1662,,KANCHEEPURAM,
Tamil Nadu,Kancheepuram,IMD110-P1662,1902,10.9,1.0,0.0,0.0,27.1,20.0,83.8,183.3,149.1,435.0,294.7,196.1,1401.1,11.9,27.1,436.1,925.9,1662,,KANCHEEPURAM,
Tamil Nadu,Kancheepuram,IMD110-P1662,1903,37.8,18.3,0.0,0.0,170.5,44.4,115.2,170.7,247.6,176.0,365.5,486.1,1832.1,56.1,170.5,577.8,1027.6,1662,,KANCHEEPURAM,
Tamil Nadu,Kancheepuram,IMD110-P1662,1904,35.9,0.0,0.0,1.0,40.2,14.5,171.3,67.9,89.1,169.1,26.7,87.3,703.1,35.9,41.2,342.8,283.2,1662,,KANCHEEPURAM,
Tamil Nadu,Kancheepuram,IMD110-P1662,1905,16.3,3.1,25.1,55.4,15.5,40.1,54.6,157.8,81.6,424.0,191.0,4.3,1068.9,19.4,96.1,334.1,619.4,1662,,KANCHEEPURAM,
Tamil Nadu,Kancheepuram,IMD110-P1662,1906,109.6,10.3,8.4,0.0,2.1,44.6,129.4,184.3,178.8,89.8,254.9,342.8,1354.9,119.9,10.5,537.1,687.4,1662,,KANCHEEPURAM,
Tamil Nadu,Kancheepuram,IMD110-P1662,1907,4.1,0.0,4.1,16.3,2.9,34.8,103.7,103.0,73.0,226.1,439.8,117.4,1125.2,4.1,23.4,314.5,783.3,1662,,KANCHEEPURAM,
Tamil Nadu,Kancheepuram,IMD110-P1662,1908,3.3,28.6,0.0,3.6,12.3,30.2,71.8,115.9,267.2,392.3,125.6,32.6,1083.3,32.0,15.8,485.1,550.4,1662,,KANCHEEPURAM,
Tamil Nadu,Kancheepuram,IMD110-P1662,1909,126.1,1.3,0.0,42.9,167.2,45.3,81.5,240.4,232.0,57.0,90.8,4.2,1088.7,127.3,210.1,599.2,152.0,1662,,KANCHEEPURAM,
Tamil Nadu,Kancheepuram,IMD110-P1662,1910,4.1,4.2,0.0,1.4,26.9,50.7,129.4,158.6,84.4,370.9,209.1,0.0,1039.6,8.3,28.3,423.1,580.0,1662,,KANCHEEPURAM,
Tamil Nadu,Kancheepuram,IMD110-P1662,1911,0.0,0.0,0.0,5.5,12.6,15.7,72.6,96.4,214.5,135.3,269.6,227.7,1050.0,0.0,18.1,399.2,632.7,1662,,KANCHEEPURAM,
Tamil Nadu,Kancheepuram,IMD110-P1662,1912,18.4,0.0,0.0,2.6,0.0,6.8,66.9,193.1,99.8,318.9,547.4,10.5,1264.4,18.4,2.6,366.6,876.8,1662,,KANCHEEPURAM,
Tamil Nadu,Kancheepuram,IMD110-P1662,1913,0.0,0.8,0.0,3.2,66.2,4.6,52.6,77.6,215.8,434.3,409.7,246.5,1511.3,0.8,69.4,350.5,1090.6,1662,,KANCHEEPURAM,
Tamil Nadu,Kancheepuram,IMD110-P1662,1914,17.1,0.0,0.0,58.4,9.3,28.5,60.8,212.4,235.0,435.9,296.8,113.0,1467.2,17.1,67.8,536.7,845.6,1662,,KANCHEEPURAM,
Tamil Nadu,Kancheepuram,IMD110-P1662,1915,85.4,33.2,24.0,3.7,22.2,23.5,195.1,104.2,142.9,43.4,411.7,30.2,1119.6,118.6,50.0,465.7,485.4,1662,,KANCHEEPURAM,
Tamil Nadu,Kancheepuram,IMD110-P1662,1916,0.3,5.7,0.0,15.1,0.0,66.6,158.1,134.0,136.5,306.1,318.0,98.2,1238.6,6.0,15.1,495.2,722.2,1662,,KANCHEEPURAM,
Tamil Nadu,Kancheepuram,IMD110-P1662,1917,5.2,2.5,0.0,0.0,42.9,129.6,114.6,204.7,81.3,206.9,158.0,113.9,1059.5,7.7,42.9,530.3,478.7,1662,,KANCHEEPURAM,
Tamil Nadu,Kancheepuram,IMD110-P1662,1918,131.7,24.0,14.1,0.0,117.0,75.7,51.7,45.7,73.4,24.1,592.5,140.3,1290.2,155.8,131.1,246.4,757.0,1662,,KANCHEEPURAM,
Tamil Nadu,Kancheepuram,IMD110-P1662,1919,3.8,0.0,9.5,1.7,54.4,61.2,164.9,76.4,192.3,219.3,400.2,137.2,1320.8,3.8,65.6,494.8,756.7,1662,,KANCHEEPURAM,
Tamil Nadu,Kancheepuram,IMD110-P1662,1920,167.7,0.0,0.0,4.0,23.7,31.6,67.0,99.2,112.9,277.6,685.6,0.2,1469.5,167.7,27.7,310.6,963.4,1662,,KANCHEEPURAM,
Tamil Nadu,Kancheepuram,IMD110-P1662,1921,163.3,0.0,0.0,27.7,17.6,36.8,170.5,224.4,139.7,371.1,56.0,41.5,1248.6,163.3,45.3,571.4,468.6,1662,,KANCHEEPURAM,
Tamil Nadu,Kancheepuram,IMD110-P1662,1922,100.2,0.7,0.0,0.9,33.9,105.7,79.3,195.5,92.9,344.9,639.0,19.2,1612.3,100.8,34.8,473.5,1003.1,1662,,KANCHEEPURAM,
Tamil Nadu,Kancheepuram,IMD110-P1662,1923,175.0,0.4,38.1,0.3,4.5,58.1,45.8,63.9,233.2,337.2,83.1,61.3,1100.9,175.3,42.9,401.0,481.6,1662,,KANCHEEPURAM,
Tamil Nadu,Kancheepuram,IMD110-P1662,1924,34.7,0.0,3.2,0.6,24.3,28.6,84.9,62.5,301.4,111.9,272.4,27.3,951.8,34.7,28.1,477.4,411.6,1662,,KANCHEEPURAM,
Tamil Nadu,Kancheepuram,IMD110-P1662,1925,23.3,0.0,78.8,0.9,76.6,30.5,96.3,236.5,96.6,324.9,322.7,325.5,1612.6,23.3,156.3,459.9,973.1,1662,,KANCHEEPURAM,
Tamil Nadu,Kancheepuram,IMD110-P1662,1926,54.3,0.0,19.2,0.1,8.6,21.2,77.6,102.4,89.0,171.2,232.4,25.5,801.4,54.3,27.9,290.2,429.1,1662,,KANCHEEPURAM,
Tamil Nadu,Kancheepuram,IMD110-P1662,1927,18.5,3.5,0.0,9.6,11.4,103.4,65.5,104.9,115.4,56.1,315.8,82.0,886.3,22.1,21.0,389.3,453.9,1662,,KANCHEEPURAM,
Tamil Nadu,Kancheepuram,IMD110-P1662,1928,16.2,24.1,21.9,20.7,19.6,40.4,69.4,231.5,180.6,322.0,168.4,163.6,1278.3,40.3,62.2,521.9,654.0,1662,,KANCHEEPURAM,
Tamil Nadu,Kancheepuram,IMD110-P1662,1929,24.3,50.1,0.0,33.3,3.0,67.4,67.3,168.2,110.8,198.4,389.7,118.3,1230.8,74.4,36.3,413.6,706.4,1662,,KANCHEEPURAM,
Tamil Nadu,Kancheepuram,IMD110-P1662,1930,98.7,94.1,7.2,2.1,121.5,110.4,46.0,110.0,114.0,661.1,348.0,42.8,1756.1,192.9,130.8,380.5,1051.9,1662,,KANCHEEPURAM,
Tamil Nadu,Kancheepuram,IMD110-P1662,1931,14.9,0.0,0.0,56.7,36.2,58.0,134.5,150.4,142.4,225.1,352.6,329.9,1500.7,14.9,92.9,485.2,907.7,1662,,KANCHEEPURAM,
Tamil Nadu,Kancheepuram,IMD110-P1662,1932,0.2,4.6,0.0,50.0,36.5,47.9,45.1,83.4,128.6,199.8,390.5,101.2,1087.7,4.8,86.5,305.0,691.5,1662,,KANCHEEPURAM,
Tamil Nadu,Kancheepuram,IMD110-P1662,1933,1.0,0.0,163.2,5.3,23.8,39.9,40.1,79.7,54.8,218.6,74.7,311.1,1012.3,1.0,192.3,214.5,604.4,1662,,KANCHEEPURAM,
Tamil Nadu,Kancheepuram,IMD110-P1662,1934,61.3,0.0,0.7,12.7,1.1,100.7,130.4,148.7,68.7,418.9,81.7,16.7,1041.6,61.3,14.4,448.5,517.3,1663,,KANCHEEPURAM,
Tamil Nadu,Kancheepuram,IMD110-P1662,1935,48.5,0.0,0.3,0.2,1.0,39.6,60.8,201.1,107.5,351.7,146.7,78.4,1035.7,48.5,1.5,409.0,576.8,1663,,KANCHEEPURAM,
Tamil Nadu,Kancheepuram,IMD110-P1662,1936,1.4,97.5,23.9,22.7,27.3,74.1,109.9,113.2,113.4,67.2,311.6,30.6,992.7,98.9,73.8,410.6,409.4,1663,,KANCHEEPURAM,
Tamil Nadu,Kancheepuram,IMD110-P1662,1937,9.1,3.7,15.2,58.2,18.3,36.3,74.2,172.2,142.1,245.4,553.6,134.2,1462.3,12.8,91.7,424.7,933.2,1663,,KANCHEEPURAM,
Tamil Nadu,Kancheepuram,IMD110-P1662,1938,0.4,34.7,11.3,0.0,17.7,86.1,84.1,174.7,241.8,133.6,7.8,19.6,811.7,35.1,29.0,586.7,161.0,1663,,KANCHEEPURAM,
Tamil Nadu,Kancheepuram,IMD110-P1662,1939,24.0,0.0,49.6,159.3,4.7,22.1,34.7,39.0,147.0,212.6,315.8,21.0,1029.8,24.0,213.6,242.9,549.4,1663,,KANCHEEPURAM,
Tamil Nadu,Kancheepuram,IMD110-P1662,1940,1.8,0.7,5.4,25.7,110.4,62.3,73.4,91.4,118.2,148.5,461.3,152.0,1250.9,2.4,141.5,345.3,761.7,1663,,KANCHEEPURAM,
Tamil Nadu,Kancheepuram,IMD110-P1662,1941,19.3,1.2,0.1,4.3,8.4,72.3,46.0,103.9,217.5,258.9,341.3,164.8,1238.0,20.5,12.8,439.6,765.0,1663,,KANCHEEPURAM,
Tamil Nadu,Kancheepuram,IMD110-P1662,1942,0.0,0.1,0.0,61.4,5.7,61.4,42.4,136.3,116.8,103.8,82.6,199.0,809.5,0.1,67.1,356.9,385.4,1663,,KANCHEEPURAM,
Tamil Nadu,Kancheepuram,IMD110-P1662,1943,89.2,24.6,0.0,33.0,265.5,50.8,62.2,185.2,92.4,625.7,223.1,79.6,1731.3,113.8,298.5,390.6,928.5,1663,,KANCHEEPURAM,
Tamil Nadu,Kancheepuram,IMD110-P1662,1944,15.3,19.1,174.1,3.6,0.0,98.0,133.2,142.5,112.3,231.3,478.6,241.2,1649.2,34.4,177.7,486.0,951.1,1663,,KANCHEEPURAM,
Tamil Nadu,Kancheepuram,IMD110-P1662,1945,6.8,0.1,1.8,118.1,4.9,18.2,131.2,145.5,198.9,104.7,332.5,11.9,1074.6,7.0,124.7,493.8,449.1,1663,,KANCHEEPURAM,
Tamil Nadu,Kancheepuram,IMD110-P1662,1946,32.5,0.0,15.6,0.2,26.0,65.5,87.1,132.8,141.4,242.9,486.6,633.0,1863.7,32.5,41.8,426.9,1362.5,1663,,KANCHEEPURAM,
Tamil Nadu,Kancheepuram,IMD110-P1662,1947,122.4,1.8,7.4,13.2,7.0,32.3,141.9,107.5,220.2,160.5,54.9,17.8,887.0,124.3,27.6,501.9,233.3,1663,,KANCHEEPURAM,
Tamil Nadu,Kancheepuram,IMD110-P1662,1948,81.1,5.7,1.9,6.8,15.8,34.7,96.6,69.1,158.5,136.1,252.5,63.2,922.0,86.8,24.5,358.9,451.8,1663,,KANCHEEPURAM,
Tamil Nadu,Kancheepuram,IMD110-P1662,1949,0.0,0.0,0.0,18.3,121.6,116.0,134.4,183.9,139.2,118.6,108.3,0.3,940.6,0.0,139.9,573.4,227.2,1663,,KANCHEEPURAM,
Tamil Nadu,Kancheepuram,IMD110-P1662,1950,6.0,14.2,6.4,0.1,78.7,34.6,62.8,153.6,129.9,179.8,142.5,9.3,818.1,20.3,85.3,380.9,331.6,1663,,KANCHEEPURAM,
Tamil Nadu,Kancheepuram,IMD110-P1662,1951,3.3,0.0,4.8,104.8,34.9,60.8,94.5,162.8,107.9,50.8,179.6,8.1,812.3,3.3,144.5,426.0,238.5,1663,,KANCHEEPURAM,
Tamil Nadu,Kancheepuram,IMD110-P1662,1952,5.6,34.9,0.3,0.6,231.7,36.8,45.9,161.4,17.3,176.1,41.2,292.4,1044.2,40.5,232.6,261.4,509.7,1663,,KANCHEEPURAM,
Tamil Nadu,Kancheepuram,IMD110-P1662,1953,17.5,2.1,0.0,5.8,3.9,47.4,53.2,82.7,181.4,376.8,122.7,38.4,931.9,19.7,9.7,364.7,537.9,1663,,KANCHEEPURAM,
Tamil Nadu,Kancheepuram,IMD110-P1662,1954,57.3,8.8,28.2,2.9,3.1,29.7,263.7,121.1,85.3,323.5,16.2,271.5,1211.4,66.1,34.3,499.8,611.2,1663,,KANCHEEPURAM,
Tamil Nadu,Kancheepuram,IMD110-P1662,1955,94.0,1.7,0.0,40.6,138.0,61.6,125.9,259.7,117.1,192.2,151.8,126.2,1309.0,95.8,178.7,564.3,470.2,1663,,KANCHEEPURAM,
Tamil Nadu,Kancheepuram,IMD110-P1662,1956,30.7,0.0,0.0,31.4,27.7,146.1,89.1,209.5,184.6,194.5,170.0,125.9,1209.6,30.7,59.1,629.3,490.4,1663,,KANCHEEPURAM,
Tamil Nadu,Kancheepuram,IMD110-P1662,1957,1.3,0.0,0.0,1.4,14.6,90.8,100.9,183.9,112.8,164.9,277.6,5.1,953.4,1.4,16.0,488.5,447.6,1663,,KANCHEEPURAM,
Tamil Nadu,Kancheepuram,IMD110-P1662,1958,2.0,0.0,0.1,12.0,64.8,31.7,42.9,171.3,46.9,380.8,320.8,55.7,1129.1,2.0,76.9,292.9,757.3,1663,,KANCHEEPURAM,
Tamil Nadu,Kancheepuram,IMD110-P1662,1959,2.7,8.5,1.2,20.7,33.5,45.2,61.6,55.7,77.5,215.8,289.8,18.0,830.2,11.2,55.4,240.0,523.6,1663,,KANCHEEPURAM,
Tamil Nadu,Kancheepuram,IMD110-P1662,1960,30.3,0.0,4.1,1.4,16.2,98.7,101.6,115.6,216.2,161.7,806.7,100.7,1653.2,30.3,21.7,532.2,1069.1,1663,,KANCHEEPURAM,
Tamil Nadu,Kancheepuram,IMD110-P1662,1961,24.4,21.7,0.0,0.0,43.3,67.6,183.0,299.7,210.5,202.2,115.9,17.4,1185.5,46.1,43.3,760.7,335.4,1663,,KANCHEEPURAM,
Tamil Nadu,Kancheepuram,IMD110-P1662,1962,8.7,0.2,0.3,16.5,105.2,105.9,75.8,229.8,119.7,376.7,80.8,38.3,1157.9,9.0,121.9,531.2,495.8,1663,,KANCHEEPURAM,
Tamil Nadu,Kancheepuram,IMD110-P1662,1963,71.9,0.0,14.1,19.9,25.5,42.0,107.1,175.4,149.3,222.6,285.6,136.3,1249.7,71.9,59.4,473.8,644.5,1663,,KANCHEEPURAM,
Tamil Nadu,Kancheepuram,IMD110-P1662,1964,0.0,0.0,0.0,0.0,5.4,18.2,99.1,130.9,135.3,143.9,537.0,18.8,1088.6,0.0,5.4,383.5,699.8,1663,,KANCHEEPURAM,
Tamil Nadu,Kancheepuram,IMD110-P1662,1965,7.6,2.4,0.0,35.2,0.2,35.4,114.6,222.8,140.8,60.0,263.3,328.8,1211.1,10.0,35.4,513.7,652.0,1663,,KANCHEEPURAM,
Tamil Nadu,Kancheepuram,IMD110-P1662,1966,20.6,0.0,0.0,11.9,97.5,50.1,113.3,185.1,206.9,269.2,560.0,119.6,1634.2,20.6,109.3,555.4,948.8,1663,,KANCHEEPURAM,
Tamil Nadu,Kancheepuram,IMD110-P1662,1967,5.2,0.0,12.1,3.0,66.1,60.1,101.7,281.4,60.2,111.7,149.7,286.1,1137.2,5.2,81.1,503.4,547.5,1663,,KANCHEEPURAM,
Tamil Nadu,Kancheepuram,IMD110-P1662,1968,0.2,1.4,1.1,56.5,17.6,66.2,59.4,42.3,166.8,85.0,132.8,120.4,749.9,1.7,75.2,334.8,338.2,1664,,KANCHEEPURAM,
Tamil Nadu,Kancheepuram,IMD110-P1662,1969,0.3,0.0,0.0,0.0,59.6,63.9,102.4,119.0,30.0,621.1,338.5,125.5,1460.3,0.3,59.6,315.3,1085.1,1664,,KANCHEEPURAM,
Tamil Nadu,Kancheepuram,IMD110-P1662,1970,1.7,10.8,1.0,13.8,18.9,96.7,136.7,206.7,123.8,101.2,546.7,8.4,1266.3,12.5,33.7,563.9,656.3,1664,,KANCHEEPURAM,
Tamil Nadu,Kancheepuram,IMD110-P1662,1971,23.5,7.9,17.3,15.0,42.0,35.1,153.5,98.1,107.9,381.5,146.2,169.3,1197.3,31.4,74.3,394.6,696.9,1664,,KANCHEEPURAM,
Tamil Nadu,Kancheepuram,IMD110-P1662,1972,13.3,0.0,0.0,0.0,72.0,59.6,78.1,101.6,64.9,344.0,152.0,407.1,1292.5,13.3,72.0,304.2,903.0,1664,,KANCHEEPURAM,
Tamil Nadu,Kancheepuram,IMD110-P1662,1973,1.5,0.0,0.0,0.0,1.1,50.6,55.9,183.6,169.1,213.9,73.8,187.8,937.5,1.5,1.1,459.3,475.5,1664,,KANCHEEPURAM,
Tamil Nadu,Kancheepuram,IMD110-P1662,1974,7.2,0.7,1.3,0.0,28.0,75.5,114.2,73.9,190.5,151.8,112.8,5.1,761.0,7.8,29.3,454.1,269.7,1664,,KANCHEEPURAM,
Tamil Nadu,Kancheepuram,IMD110-P1662,1975,0.4,0.5,2.3,0.0,8.7,43.2,214.8,211.3,197.8,302.9,444.2,33.1,1459.2,0.9,11.0,667.1,780.2,1664,,KANCHEEPURAM,
Tamil Nadu,Kancheepuram,IMD110-P1662,1976,2.3,0.0,0.0,1.0,8.0,73.7,136.4,294.8,48.6,388.1,634.0,39.2,1626.0,2.3,9.0,553.4,1061.3,1664,,KANCHEEPURAM,
Tamil Nadu,Kancheepuram,IMD110-P1662,1977,2.2,6.2,0.0,8.3,31.8,70.0,32.6,228.2,124.9,628.8,471.7,15.3,1620.2,8.4,40.1,455.7,1115.9,1664,,KANCHEEPURAM,
Tamil Nadu,Kancheepuram,IMD110-P1662,1978,10.6,11.5,0.0,40.7,13.5,44.7,130.8,112.0,225.8,116.3,208.6,599.7,1514.3,22.1,54.2,513.4,924.6,1664,,KANCHEEPURAM,
Tamil Nadu,Kancheepuram,IMD110-P1662,1979,0.6,5.3,2.2,0.7,57.1,46.8,81.3,39.7,141.7,140.9,541.5,80.0,1137.9,5.9,60.0,309.5,762.5,1664,,KANCHEEPURAM,
Tamil Nadu,Kancheepuram,IMD110-P1662,1980,0.0,0.0,0.0,0.1,3.8,19.3,65.7,223.7,15.0,83.5,336.3,103.0,850.5,0.0,3.9,323.7,522.9,1664,,KANCHEEPURAM,
Tamil Nadu,Kancheepuram,IMD110-P1662,1981,38.5,0.0,7.8,3.6,39.0,32.8,159.9,152.7,143.3,308.0,71.5,117.0,1074.1,38.5,50.3,488.7,496.6,1664,,KANCHEEPURAM,
Tamil Nadu,Kancheepuram,IMD110-P1662,1982,0.9,0.0,0.0,7.4,11.9,67.8,116.8,97.4,69.4,142.8,259.1,15.3,788.9,0.9,19.3,351.5,417.3,1664,,KANCHEEPURAM,
Tamil Nadu,Kancheepuram,IMD110-P1662,1983,0.3,0.0,0.0,0.0,44.2,28.7,90.6,223.9,265.7,325.3,70.2,306.3,1355.2,0.3,44.3,608.9,701.8,1664,,KANCHEEPURAM,
Tamil Nadu,Kancheepuram,IMD110-P1662,1984,22.3,238.5,13.0,12.6,0.0,61.8,234.2,22.6,279.4,125.5,316.6,92.4,1418.9,260.8,25.6,598.0,534.5,1664,,KANCHEEPURAM,
Tamil Nadu,Kancheepuram,IMD110-P1662,1985,89.4,0.0,0.6,24.8,2.9,90.3,173.9,141.5,244.1,136.8,862.8,123.2,1890.2,89.4,28.3,649.8,1122.7,1664,,KANCHEEPURAM,
Tamil Nadu,Kancheepuram,IMD110-P1662,1986,163.4,49.8,0.1,3.1,21.4,17.2,18.1,95.9,103.5,276.4,173.2,104.6,1026.6,213.2,24.6,234.7,554.2,1664,,KANCHEEPURAM,
Tamil Nadu,Kancheepuram,IMD110-P1662,1987,3.8,0.0,21.3,12.2,29.8,66.4,47.1,160.0,84.3,246.6,192.6,401.7,1265.8,3.8,63.2,357.9,840.9,1664,,KANCHEEPURAM,
Tamil Nadu,Kancheepuram,IMD110-P1662,1988,0.2,0.0,1.4,13.9,27.2,12.6,149.4,251.5,128.8,83.8,423.8,65.1,1157.7,0.2,42.5,542.3,572.7,1664,,KANCHEEPURAM,
Tamil Nadu,Kancheepuram,IMD110-P1662,1989,6.4,0.0,9.1,0.0,2.7,79.0,201.6,39.5,134.6,81.7,425.8,136.8,1117.4,6.4,11.8,454.8,644.4,1664,,KANCHEEPURAM,
Tamil Nadu,Kancheepuram,IMD110-P1662,1990,34.6,2.9,23.3,2.6,273.6,26.2,55.5,129.2,200.6,295.1,215.4,48.8,1307.9,37.5,299.5,411.6,559.3,1664,,KANCHEEPURAM,
Tamil Nadu,Kancheepuram,IMD110-P1662,1991,13.2,5.1,0.0,1.2,4.8,197.0,36.8,124.4,133.3,229.6,564.2,6.7,1316.3,18.4,6.0,491.5,800.4,1664,,KANCHEEPURAM,
Tamil Nadu,Kancheepuram,IMD110-P1662,1992,7.0,0.0,0.0,1.3,3.7,12.1,72.9,108.2,73.1,119.1,496.7,94.1,988.1,7.0,5.0,266.2,709.9,1664,,KANCHEEPURAM,
Tamil Nadu,Kancheepuram,IMD110-P1662,1993,0.0,6.0,0.3,0.0,39.2,56.2,41.3,182.3,196.1,254.3,470.9,266.2,1512.8,6.0,39.5,475.9,991.5,1664,,KANCHEEPURAM,
Tamil Nadu,Kancheepuram,IMD110-P1662,1994,0.2,10.7,0.0,0.1,35.3,64.1,101.0,139.2,116.6,344.0,504.2,120.1,1435.6,10.9,35.4,420.9,968.3,1664,,KANCHEEPURAM,
Tamil Nadu,Kancheepuram,IMD110-P1662,1995,94.1,2.8,3.2,3.1,315.7,111.5,107.3,251.7,241.0,191.3,149.3,2.9,1473.9,96.9,322.0,711.5,343.5,1664,,KANCHEEPURAM,
Tamil Nadu,Kancheepuram,IMD110-P1662,1996,2.1,0.0,0.0,49.4,3.2,360.4,58.0,94.0,156.8,180.2,308.3,477.9,1690.5,2.1,52.6,669.3,966.4,1664,,KANCHEEPURAM,
Tamil Nadu,Kancheepuram,IMD110-P1662,1997,60.6,0.0,0.0,18.2,1.2,53.9,56.5,83.1,111.2,163.0,395.8,299.1,1242.6,60.6,19.4,304.8,857.8,1664,,KANCHEEPURAM,
Tamil Nadu,Kancheepuram,IMD110-P1662,1998,5.6,0.0,,7.2,30.6,11.5,72.0,184.4,224.3,229.5,503.6,223.2,,5.6,,492.2,956.2,1664,missing_months,KANCHEEPURAM,
Tamil Nadu,Kancheepuram,IMD110-P1662,1999,6.4,0.0,0.0,126.7,53.9,42.9,55.8,140.4,79.6,194.1,239.2,153.0,1092.0,6.4,180.6,318.7,586.3,1664,,KANCHEEPURAM,
Tamil Nadu,Kancheepuram,IMD110-P1662,2000,5.4,170.6,23.6,21.7,26.9,93.7,69.2,110.7,157.4,233.5,172.6,73.7,1159.1,176.0,72.3,431.0,479.8,1664,,KANCHEEPURAM,
Tamil Nadu,Kancheepuram,IMD110-P1662,2001,20.0,0.0,0.0,89.2,29.4,35.9,52.2,32.2,81.7,132.8,100.4,73.9,647.7,20.0,118.6,201.9,307.2,1664,,KANCHEEPURAM,
Tamil Nadu,Kancheepuram,IMD110-P1662,2002,15.6,0.3,0.0,0.0,11.3,25.2,23.1,59.9,31.2,100.9,114.4,23.0,404.9,15.9,11.3,139.5,238.3,1665,,KANCHEEPURAM,
Tamil Nadu,Kancheepuram,IMD110-P1662,2003,0.1,0.0,7.2,1.3,4.0,7.1,67.5,59.9,46.2,88.0,52.8,18.3,352.4,0.1,12.5,180.7,159.1,1665,,KANCHEEPURAM,
Tamil Nadu,Kancheepuram,IMD110-P1662,2004,8.6,0.0,0.9,4.2,72.0,12.4,51.3,52.3,276.9,373.9,235.2,14.8,1102.4,8.6,77.1,392.9,623.9,1665,,KANCHEEPURAM,
Tamil Nadu,Kancheepuram,IMD110-P1662,2005,0.0,7.8,0.9,77.1,41.2,14.0,73.0,71.0,120.3,504.0,492.8,367.9,1770.1,7.8,119.3,278.3,1364.7,1665,,KANCHEEPURAM,
Tamil Nadu,Kancheepuram,IMD110-P1662,2006,7.0,0.0,18.7,13.8,33.4,74.7,68.2,47.1,123.8,393.4,220.2,67.5,1067.9,7.0,66.0,313.8,681.2,1665,,KANCHEEPURAM,
Tamil Nadu,Kancheepuram,IMD110-P1662,2007,0.0,12.0,0.0,11.0,29.1,86.1,116.5,204.7,130.8,283.4,93.8,229.3,1196.7,12.0,40.0,538.1,606.5,1665,,KANCHEEPURAM,
Tamil Nadu,Kancheepuram,IMD110-P1662,2008,72.7,5.8,,18.6,5.6,57.5,44.5,72.6,123.8,456.6,724.6,8.3,,78.5,,298.4,1189.5,1665,missing_months,KANCHEEPURAM,
Tamil Nadu,Kancheepuram,IMD110-P1662,2009,17.3,0.0,6.9,0.0,42.2,23.5,71.7,125.1,139.4,56.2,512.9,178.7,1173.8,17.3,49.1,359.7,747.7,1665,,KANCHEEPURAM,
Tamil Nadu,Kancheepuram,IMD110-P1662,2010,3.1,0.0,0.0,8.0,88.0,94.1,83.8,194.0,117.8,164.8,273.2,221.1,1248.0,3.1,96.0,489.7,659.1,1665,,KANCHEEPURAM,
Tamil Nadu,Kanniyakumari,IMD110-P1666,1901,60.7,28.2,43.0,145.2,59.4,354.8,26.9,7.3,3.3,94.7,431.7,10.1,1265.3,88.9,247.6,392.3,536.5,1666,,KANNIYAKUMARI,
Tamil Nadu,Kanniyakumari,IMD110-P1666,1902,51.9,0.0,45.2,39.1,51.9,97.5,114.8,39.5,139.1,309.7,215.6,91.3,1195.6,51.9,136.2,390.8,616.6,1666,,KANNIYAKUMARI,
Tamil Nadu,Kanniyakumari,IMD110-P1666,1903,7.3,1.1,8.5,95.8,83.2,196.3,120.8,51.5,42.9,148.6,42.7,128.6,927.5,8.4,187.5,411.6,320.0,1666,,KANNIYAKUMARI,
Tamil Nadu,Kanniyakumari,IMD110-P1666,1904,10.7,0.0,4.5,52.7,43.7,426.1,123.3,6.3,67.1,194.8,12.8,22.2,964.3,10.7,100.9,622.7,229.9,1666,,KANNIYAKUMARI,
Tamil Nadu,Kanniyakumari,IMD110-P1666,1905,4.7,11.2,0.0,162.7,128.8,288.5,16.4,2.5,52.5,239.4,115.0,0.0,1021.8,15.9,291.5,360.0,354.4,1666,,KANNIYAKUMARI,
Tamil Nadu,Kanniyakumari,IMD110-P1666,1906,5.8,4.6,15.6,53.0,83.0,170.2,77.4,78.3,2.0,265.9,229.8,80.4,1066.0,10.4,151.6,327.9,576.0,1666,,KANNIYAKUMARI,
Tamil Nadu,Kanniyakumari,IMD110-P1666,1907,9.3,0.0,17.7,70.2,60.0,284.0,106.8,68.3,86.7,153.5,296.6,58.7,1211.8,9.3,147.8,545.8,508.8,1666,,KANNIYAKUMARI,
Tamil Nadu,Kanniyakumari,IMD110-P1666,1908,6.9,33.2,22.7,49.0,43.5,108.3,45.5,35.0,116.9,221.7,98.3,26.9,807.9,40.1,115.3,305.7,346.9,1666,,KANNIYAKUMARI,
Tamil Nadu,Kanniyakumari,IMD110-P1666,1909,62.7,11.7,85.2,24.3,175.9,137.6,166.5,12.2,27.1,149.3,142.2,46.2,1041.0,74.4,285.4,343.4,337.7,1666,,KANNIYAKUMARI,
Tamil Nadu,Kanniyakumari,IMD110-P1666,1910,6.1,21.3,14.1,78.3,15.6,120.6,143.9,54.4,66.8,158.8,294.5,0.0,974.4,27.4,108.0,385.7,453.3,1666,,KANNIYAKUMARI,
Tamil Nadu,Kanniyakumari,IMD110-P1666,1911,1.8,0.1,7.7,5.1,23.2,179.9,71.1,5.4,9.2,261.3,192.4,122.7,880.0,1.9,36.1,265.6,576.4,1666,,KANNIYAKUMARI,
Tamil Nadu,Kanniyakumari,IMD110-P1666,1912,3.1,3.9,4.8,130.4,103.0,279.0,56.2,68.8,19.9,470.3,142.2,79.4,1361.1,7.0,238.3,423.9,691.9,1666,,KANNIYAKUMARI,
Tamil Nadu,Kanniyakumari,IMD110-P1666,1913,0.9,1.5,22.2,24.8,38.6,190.0,109.5,2.8,43.7,241.3,147.6,97.2,920.2,2.4,85.6,346.0,486.1,1666,,KANNIYAKUMARI,
Tamil Nadu,Kanniyakumari,IMD110-P1666,1914,4.9,1.3,6.8,11.2,114.8,187.1,126.0,31.1,27.7,273.9,121.0,265.9,1171.6,6.2,132.9,371.8,660.8,1666,,KANNIYAKUMARI,
Tamil Nadu,Kanniyakumari,IMD110-P1666,1915,14.5,19.4,12.9,98.0,26.1,94.1,256.8,35.0,143.4,116.2,296.1,7.4,1119.9,33.9,137.0,529.4,419.7,1666,,KANNIYAKUMARI,
Tamil Nadu,Kanniyakumari,IMD110-P1666,1916,0.0,4.2,41.3,59.4,99.1,320.7,154.4,78.1,99.4,316.1,158.4,20.1,1351.3,4.2,199.8,652.6,494.6,1666,,KANNIYAKUMARI,
Tamil Nadu,Kanniyakumari,IMD110-P1666,1917,0.3,18.4,130.8,22.6,36.6,233.8,92.7,28.4,137.6,162.2,262.1,74.0,1199.5,18.7,190.0,492.5,498.4,1666,,KANNIYAKUMARI,
Tamil Nadu,Kanniyakumari,IMD110-P1666,1918,164.0,1.0,42.9,31.4,354.9,75.1,16.0,95.8,5.2,259.2,185.8,92.9,1324.2,165.0,429.2,192.1,537.9,1666,,KANNIYAKUMARI,
Tamil Nadu,Kanniyakumari,IMD110-P1666,1919,23.9,14.3,45.0,57.1,191.6,268.4,99.0,73.9,272.8,238.6,185.2,96.9,1566.6,38.2,293.6,714.1,520.7,1666,,KANNIYAKUMARI,
Tamil Nadu,Kanniyakumari,IMD110-P1666,1920,72.1,9.6,21.5,263.9,20.9,545.7,151.0,25.6,121.6,298.0,446.3,15.3,1991.4,81.7,306.3,843.9,759.6,1666,,KANNIYAKUMARI,
Tamil Nadu,Kanniyakumari,IMD110-P1666,1921,43.7,1.7,32.8,123.3,37.6,64.7,220.3,107.7,21.5,350.4,145.6,65.6,1214.8,45.4,193.7,414.1,561.6,1666,,KANNIYAKUMARI,
Tamil Nadu,Kanniyakumari,IMD110-P1666,1922,30.0,28.7,24.3,185.4,139.1,179.6,228.9,12.7,32.3,246.6,470.8,32.0,1610.3,58.7,348.8,453.4,749.4,1666,,KANNIYAKUMARI,
Tamil Nadu,Kanniyakumari,IMD110-P1666,1923,67.0,0.3,67.0,46.0,57.9,327.5,286.1,248.5,100.4,307.5,184.2,109.4,1801.9,67.3,170.9,962.6,601.1,1666,,KANNIYAKUMARI,
Tamil Nadu,Kanniyakumari,IMD110-P1666,1924,5.5,20.8,64.6,121.3,98.3,414.3,451.0,111.7,216.7,281.4,160.6,99.7,2045.9,26.2,284.3,1193.7,541.7,1666,,KANNIYAKUMARI,
Tamil Nadu,Kanniyakumari,IMD110-P1666,1925,14.5,22.2,121.5,80.9,185.0,119.6,82.8,102.2,94.6,275.1,443.2,174.7,1716.3,36.7,387.3,399.2,893.0,1666,,KANNIYAKUMARI,
Tamil Nadu,Kanniyakumari,IMD110-P1666,1926,69.8,4.2,32.3,107.2,301.6,125.0,301.2,105.4,168.8,81.2,148.4,27.6,1472.5,74.0,441.1,700.3,257.1,1666,,KANNIYAKUMARI,
Tamil Nadu,Kanniyakumari,IMD110-P1666,1927,30.2,48.3,61.1,127.2,155.5,231.2,93.0,44.1,243.0,194.9,138.0,15.8,1382.3,78.4,343.8,611.3,348.7,1666,,KANNIYAKUMARI,
Tamil Nadu,Kanniyakumari,IMD110-P1666,1928,17.2,30.5,52.7,130.4,123.1,228.6,57.0,40.8,25.4,238.5,212.3,87.3,1243.7,47.7,306.2,351.8,538.0,1666,,KANNIYAKUMARI,
Tamil Nadu,Kanniyakumari,IMD110-P1666,1929,44.2,43.3,66.0,177.6,110.6,311.2,134.9,27.1,204.8,268.0,254.4,34.9,1677.1,87.6,354.2,678.0,557.3,1666,,KANNIYAKUMARI,
Tamil Nadu,Kanniyakumari,IMD110-P1666,1930,39.4,26.4,72.0,126.9,242.5,216.7,26.8,45.7,148.5,494.3,138.1,55.1,1632.2,65.8,441.4,437.6,687.4,1666,,KANNIYAKUMARI,
Tamil Nadu,Kanniyakumari,IMD110-P1666,1931,11.4,0.0,5.1,153.5,50.5,231.6,79.4,232.6,39.6,104.7,218.7,197.9,1325.1,11.4,209.2,583.2,521.3,1666,,KANNIYAKUMARI,
Tamil Nadu,Kanniyakumari,IMD110-P1666,1932,0.0,39.7,41.0,114.1,436.5,53.2,103.8,230.7,107.2,439.0,299.1,79.7,1943.9,39.7,591.6,494.9,817.8,1666,,KANNIYAKUMARI,
Tamil Nadu,Kanniyakumari,IMD110-P1666,1933,0.3,15.1,29.5,117.7,715.9,413.6,149.5,148.5,193.1,256.8,193.3,12.1,2245.4,15.5,863.1,904.6,462.2,1666,,KANNIYAKUMARI,
Tamil Nadu,Kanniyakumari,IMD110-P1666,1934,92.1,0.3,92.5,71.9,69.2,205.5,62.1,55.4,10.9,312.3,84.0,2.1,1058.3,92.4,233.6,333.9,398.4,1667,,KANNIYAKUMARI,
Tamil Nadu,Kanniyakumari,IMD110-P1666,1935,27.7,9.9,46.5,102.1,17.6,89.2,85.3,121.7,59.3,358.1,280.1,73.9,1271.4,37.6,166.2,355.5,712.1,1667,,KANNIYAKUMARI,
Tamil Nadu,Kanniyakumari,IMD110-P1666,1936,7.8,14.7,77.6,24.9,296.3,183.5,101.6,43.4,195.2,192.2,207.6,27.1,1371.8,22.4,398.8,523.7,426.8,1667,,KANNIYAKUMARI,
Tamil Nadu,Kanniyakumari,IMD110-P1666,1937,2.4,27.7,55.0,160.0,77.0,62.1,116.7,26.1,19.3,291.2,181.9,42.0,1061.4,30.1,292.0,224.1,515.2,1667,,KANNIYAKUMARI,
Tamil Nadu,Kanniyakumari,IMD110-P1666,1938,0.4,191.3,58.0,163.6,41.1,103.3,101.8,60.0,134.3,101.2,87.3,14.9,1057.0,191.7,262.6,399.3,203.4,1667,,KANNIYAKUMARI,
Tamil Nadu,Kanniyakumari,IMD110-P1666,1939,16.1,3.2,16.2,195.5,149.8,180.3,166.1,104.2,24.3,195.5,457.5,37.8,1546.4,19.3,361.4,474.8,690.8,1667,,KANNIYAKUMARI,
Tamil Nadu,Kanniyakumari,IMD110-P1666,1940,0.0,5.1,22.0,153.7,87.6,381.4,76.5,107.3,49.6,312.3,237.2,131.6,1564.4,5.1,263.3,614.9,681.1,1667,,KANNIYAKUMARI,
Tamil Nadu,Kanniyakumari,IMD110-P1666,1941,14.1,2.2,15.0,129.6,194.3,213.9,166.7,109.1,108.1,122.1,368.7,35.9,1479.9,16.3,338.9,597.9,526.8,1667,,KANNIYAKUMARI,
Tamil Nadu,Kanniyakumari,IMD110-P1666,1942,1.3,13.1,17.3,129.4,157.5,145.4,130.7,71.1,30.1,215.9,166.3,253.1,1331.3,14.4,304.2,377.4,635.3,1667,,KANNIYAKUMARI,
Tamil Nadu,Kanniyakumari,IMD110-P1666,1943,39.7,26.5,50.7,89.0,158.4,309.3,124.7,32.0,60.5,490.6,292.0,29.8,1703.1,66.2,298.1,526.4,812.4,1667,,KANNIYAKUMARI,
Tamil Nadu,Kanniyakumari,IMD110-P1666,1944,7.5,29.2,108.7,107.9,89.6,233.1,85.3,21.9,122.1,265.7,252.2,193.4,1516.6,36.7,306.3,462.4,711.3,1667,,KANNIYAKUMARI,
Tamil Nadu,Kanniyakumari,IMD110-P1666,1945,23.2,6.5,13.1,106.2,13.3,194.0,158.0,29.2,6.4,414.2,218.1,62.3,1244.4,29.7,132.7,387.6,694.5,1667,,KANNIYAKUMARI,
Tamil Nadu,Kanniyakumari,IMD110-P1666,1946,7.9,9.8,215.2,73.8,36.9,174.7,77.4,106.4,44.4,263.3,352.7,190.9,1553.2,17.7,325.8,402.8,806.9,1667,,KANNIYAKUMARI,
Tamil Nadu,Kanniyakumari,IMD110-P1666,1947,21.8,23.9,68.7,112.8,87.1,270.2,42.2,221.7,91.3,149.9,46.2,32.2,1168.1,45.8,268.6,625.5,228.3,1667,,KANNIYAKUMARI,
Tamil Nadu,Kanniyakumari,IMD110-P1666,1948,24.9,21.4,55.5,80.8,60.6,299.0,77.7,86.7,18.5,197.2,331.1,20.2,1273.6,46.3,196.8,481.9,548.5,1667,,KANNIYAKUMARI,
Tamil Nadu,Kanniyakumari,IMD110-P1666,1949,0.7,5.2,0.1,199.8,104.6,275.9,91.4,65.8,35.0,75.9,48.5,3.8,906.6,5.9,304.4,468.1,128.2,1667,,KANNIYAKUMARI,
Tamil Nadu,Kanniyakumari,IMD110-P1666,1950,0.0,56.9,87.8,90.6,107.4,133.0,113.2,106.3,186.0,184.2,101.9,29.2,1196.4,56.9,285.8,538.4,315.3,1667,,KANNIYAKUMARI,
Tamil Nadu,Kanniyakumari,IMD110-P1666,1951,14.3,10.1,26.8,194.9,192.5,330.3,63.6,3.3,282.2,180.5,408.1,41.6,1748.0,24.3,414.1,679.3,630.2,1667,,KANNIYAKUMARI,
Tamil Nadu,Kanniyakumari,IMD110-P1666,1952,8.2,21.8,52.0,129.7,208.5,97.4,14.1,14.8,58.8,292.7,150.7,85.8,1134.6,30.0,390.2,185.2,529.2,1667,,KANNIYAKUMARI,
Tamil Nadu,Kanniyakumari,IMD110-P1666,1953,41.7,23.6,17.1,114.6,4.0,153.7,494.8,56.4,32.2,324.0,122.4,1.7,1386.3,65.3,135.7,737.2,448.2,1667,,KANNIYAKUMARI,
Tamil Nadu,Kanniyakumari,IMD110-P1666,1954,27.5,11.0,144.2,156.0,43.9,74.7,111.8,130.0,29.1,389.3,43.8,160.1,1321.5,38.5,344.2,345.7,593.2,1667,,KANNIYAKUMARI,
Tamil Nadu,Kanniyakumari,IMD110-P1666,1955,8.9,3.6,31.0,100.1,288.6,140.5,24.9,15.1,237.0,147.2,327.1,117.6,1441.7,12.6,419.7,417.4,592.0,1667,,KANNIYAKUMARI,
Tamil Nadu,Kanniyakumari,IMD110-P1666,1956,32.4,1.4,17.7,41.6,142.3,134.7,53.9,91.5,19.0,124.1,195.1,23.4,877.2,33.8,201.6,299.1,342.6,1667,,KANNIYAKUMARI,
Tamil Nadu,Kanniyakumari,IMD110-P1666,1957,11.7,9.7,43.8,135.8,281.1,340.1,118.7,32.6,2.7,222.8,231.3,72.0,1502.3,21.4,460.7,494.1,526.1,1667,,KANNIYAKUMARI,
Tamil Nadu,Kanniyakumari,IMD110-P1666,1958,127.5,78.6,61.2,153.4,199.4,210.4,140.5,190.1,18.8,113.1,211.2,8.1,1512.3,206.1,414.0,559.7,332.4,1667,,KANNIYAKUMARI,
Tamil Nadu,Kanniyakumari,IMD110-P1666,1959,7.8,50.2,0.7,156.6,383.6,234.9,341.6,65.4,138.4,140.8,121.7,28.6,1670.3,58.0,540.8,780.3,291.1,1667,,KANNIYAKUMARI,
Tamil Nadu,Kanniyakumari,IMD110-P1666,1960,11.5,13.6,47.4,113.9,366.1,63.0,232.4,66.8,175.4,188.6,420.8,28.3,1727.8,25.1,527.4,537.5,637.7,1667,,KANNIYAKUMARI,
Tamil Nadu,Kanniyakumari,IMD110-P1666,1961,95.2,47.8,19.7,54.2,259.6,583.9,264.8,157.4,81.4,130.7,117.2,13.6,1825.6,143.0,333.5,1087.5,261.5,1667,,KANNIYAKUMARI,
Tamil Nadu,Kanniyakumari,IMD110-P1666,1962,56.9,68.5,44.9,130.4,255.1,92.6,223.5,91.2,161.4,330.6,75.7,83.1,1614.1,125.4,430.5,568.7,489.5,1667,,KANNIYAKUMARI,
Tamil Nadu,Kanniyakumari,IMD110-P1666,1963,36.6,17.2,77.9,77.6,150.1,200.7,175.8,172.4,98.5,198.8,160.7,87.8,1454.2,53.8,305.5,647.4,447.4,1667,,KANNIYAKUMARI,
Tamil Nadu,Kanniyakumari,IMD110-P1666,1964,0.3,0.4,57.4,46.8,59.5,74.3,173.3,104.5,174.1,223.1,242.0,3.2,1159.0,0.7,163.8,526.2,468.3,1667,,KANNIYAKUMARI,
Tamil Nadu,Kanniyakumari,IMD110-P1666,1965,1.2,7.1,34.7,134.6,142.3,206.0,103.5,14.3,18.7,358.6,239.1,298.7,1558.6,8.3,311.6,342.5,896.3,1667,,KANNIYAKUMARI,
Tamil Nadu,Kanniyakumari,IMD110-P1666,1966,3.4,3.5,48.6,86.2,51.3,153.0,96.0,27.3,245.2,222.0,180.5,106.0,1222.9,6.9,186.1,521.4,508.5,1667,,KANNIYAKUMARI,
Tamil Nadu,Kanniyakumari,IMD110-P1666,1967,35.6,0.2,59.1,76.2,198.8,293.5,112.7,113.8,102.0,257.6,49.5,27.7,1326.5,35.8,334.1,621.9,334.8,1667,,KANNIYAKUMARI,
Tamil Nadu,Kanniyakumari,IMD110-P1666,1968,13.3,26.8,74.5,126.7,13.3,334.9,201.0,26.2,162.7,179.2,132.8,84.9,1376.3,40.1,214.5,724.8,396.9,1668,,KANNIYAKUMARI,
Tamil Nadu,Kanniyakumari,IMD110-P1666,1969,2.2,2.5,34.0,134.2,97.7,69.7,141.7,118.8,51.8,315.0,157.2,117.2,1242.3,4.7,266.0,382.1,589.5,1668,,KANNIYAKUMARI,
Tamil Nadu,Kanniyakumari,IMD110-P1666,1970,5.8,27.4,52.3,168.8,150.4,98.1,46.2,75.4,71.5,528.5,174.8,24.3,1423.5,33.2,371.4,291.3,727.6,1668,,KANNIYAKUMARI,
Tamil Nadu,Kanniyakumari,IMD110-P1666,1971,59.2,32.8,74.0,116.7,124.3,283.3,101.3,96.3,164.2,164.3,97.0,161.6,1475.1,92.0,315.0,645.1,422.9,1668,,KANNIYAKUMARI,
Tamil Nadu,Kanniyakumari,IMD110-P1666,1972,0.1,0.0,7.8,74.4,302.9,43.4,211.6,27.9,189.6,447.8,134.0,76.4,1515.9,0.1,385.1,472.4,658.2,1668,,KANNIYAKUMARI,
Tamil Nadu,Kanniyakumari,IMD110-P1666,1973,0.0,0.1,26.8,172.0,76.0,308.5,101.5,56.7,16.3,290.2,136.7,116.7,1301.5,0.1,274.8,483.1,543.6,1668,,KANNIYAKUMARI,
Tamil Nadu,Kanniyakumari,IMD110-P1666,1974,0.0,42.0,6.8,146.0,205.6,53.6,136.2,226.2,231.6,109.2,96.0,8.0,1261.1,42.0,358.4,647.6,213.1,1668,,KANNIYAKUMARI,
Tamil Nadu,Kanniyakumari,IMD110-P1666,1975,2.1,18.4,45.1,263.5,92.6,225.3,84.6,112.0,194.5,181.7,243.8,32.9,1496.5,20.5,401.2,616.4,458.4,1668,,KANNIYAKUMARI,
Tamil Nadu,Kanniyakumari,IMD110-P1666,1976,1.3,0.0,54.6,128.1,61.6,43.7,61.2,87.8,27.7,269.3,331.1,25.1,1091.4,1.3,244.3,220.3,625.5,1668,,KANNIYAKUMARI,
Tamil Nadu,Kanniyakumari,IMD110-P1666,1977,0.0,63.6,47.9,143.4,289.7,104.1,90.2,62.5,73.3,509.7,285.0,11.7,1681.0,63.6,481.0,330.1,806.3,1668,,KANNIYAKUMARI,
Tamil Nadu,Kanniyakumari,IMD110-P1666,1978,15.9,5.4,56.3,70.3,117.0,106.5,85.9,92.3,32.9,199.8,551.6,43.7,1377.4,21.3,243.5,317.6,795.0,1668,,KANNIYAKUMARI,
Tamil Nadu,Kanniyakumari,IMD110-P1666,1979,0.2,102.1,24.5,30.4,33.7,215.4,100.8,87.0,163.0,221.4,376.3,79.8,1434.7,102.3,88.7,566.2,677.6,1668,,KANNIYAKUMARI,
Tamil Nadu,Kanniyakumari,IMD110-P1666,1980,0.0,0.0,36.3,111.0,86.7,192.8,74.1,61.1,71.4,163.4,201.0,165.1,1162.9,0.0,234.0,399.4,529.5,1668,,KANNIYAKUMARI,
Tamil Nadu,Kanniyakumari,IMD110-P1666,1981,6.7,5.4,41.8,104.1,94.6,358.2,75.4,176.2,184.5,352.4,194.7,29.1,1623.1,12.1,240.5,794.4,576.2,1668,,KANNIYAKUMARI,
Tamil Nadu,Kanniyakumari,IMD110-P1666,1982,0.0,0.0,13.6,75.0,171.8,244.3,123.4,59.6,33.6,171.5,189.1,14.8,1096.7,0.0,260.4,460.9,375.4,1668,,KANNIYAKUMARI,
Tamil Nadu,Kanniyakumari,IMD110-P1666,1983,0.0,0.6,2.7,36.7,127.7,124.6,67.2,101.9,88.7,108.8,217.0,160.6,1036.4,0.6,167.1,382.4,486.4,1668,,KANNIYAKUMARI,
Tamil Nadu,Kanniyakumari,IMD110-P1666,1984,30.3,91.6,134.1,159.6,34.8,161.2,86.4,8.7,129.0,269.7,105.2,5.9,1216.5,121.9,328.4,385.4,380.8,1668,,KANNIYAKUMARI,
Tamil Nadu,Kanniyakumari,IMD110-P1666,1985,85.4,14.6,28.9,38.7,96.0,270.7,27.6,45.7,78.8,186.0,215.2,21.0,1108.7,100.0,163.6,422.8,422.2,1668,,KANNIYAKUMARI,
Tamil Nadu,Kanniyakumari,IMD110-P1666,1986,10.4,81.3,11.1,74.0,62.8,65.5,47.2,151.7,55.4,159.9,134.4,14.5,868.2,91.7,147.9,319.9,308.8,1668,,KANNIYAKUMARI,
Tamil Nadu,Kanniyakumari,IMD110-P1666,1987,11.6,0.3,41.7,99.7,110.7,112.8,14.1,129.7,163.0,408.6,400.1,130.9,1623.4,12.0,252.1,419.7,939.6,1668,,KANNIYAKUMARI,
Tamil Nadu,Kanniyakumari,IMD110-P1666,1988,1.5,40.9,114.6,200.2,25.6,210.9,112.4,69.3,259.3,67.5,218.5,13.7,1334.4,42.4,340.4,651.9,299.7,1668,,KANNIYAKUMARI,
Tamil Nadu,Kanniyakumari,IMD110-P1666,1989,0.4,0.0,42.1,88.1,49.5,274.3,148.4,46.2,144.3,199.2,169.1,12.2,1173.6,0.4,179.7,613.1,380.5,1668,,KANNIYAKUMARI,
Tamil Nadu,Kanniyakumari,IMD110-P1666,1990,9.0,11.0,48.0,29.5,235.8,83.1,95.4,16.1,19.0,330.8,401.2,19.5,1298.3,20.0,313.3,213.5,751.5,1668,,KANNIYAKUMARI,
Tamil Nadu,Kanniyakumari,IMD110-P1666,1991,73.4,33.6,55.7,160.0,81.0,755.7,256.6,50.5,13.3,371.3,124.9,4.7,1980.7,107.0,296.6,1076.1,500.9,1668,,KANNIYAKUMARI,
Tamil Nadu,Kanniyakumari,IMD110-P1666,1992,9.3,0.0,0.0,79.7,208.8,247.4,175.2,68.0,119.4,391.8,498.7,39.7,1838.0,9.3,288.5,609.9,930.2,1668,,KANNIYAKUMARI,
Tamil Nadu,Kanniyakumari,IMD110-P1666,1993,0.0,18.1,35.4,64.2,114.8,185.0,177.7,38.6,99.1,401.2,509.5,143.7,1787.3,18.1,214.4,500.4,1054.4,1668,,KANNIYAKUMARI,
Tamil Nadu,Kanniyakumari,IMD110-P1666,1994,11.1,68.5,30.9,106.4,133.5,172.9,205.8,148.4,97.6,435.5,216.9,11.8,1639.4,79.6,270.9,624.7,664.2,1668,,KANNIYAKUMARI,
Tamil Nadu,Kanniyakumari,IMD110-P1666,1995,42.1,0.4,36.0,114.6,357.6,116.4,124.6,111.1,108.0,227.8,273.4,0.4,1512.4,42.4,508.2,460.2,501.6,1668,,KANNIYAKUMARI,
Tamil Nadu,Kanniyakumari,IMD110-P1666,1996,6.0,14.8,,193.1,24.2,214.8,154.9,49.7,135.6,336.0,164.7,140.4,,20.7,,555.0,641.1,1668,missing_months,KANNIYAKUMARI,
Tamil Nadu,Kanniyakumari,IMD110-P1666,1997,8.2,3.0,0.1,119.8,142.1,149.8,102.5,114.4,397.5,70.8,282.0,91.1,1481.3,11.2,262.1,764.1,443.9,1668,,KANNIYAKUMARI,
Tamil Nadu,Kanniyakumari,IMD110-P1666,1998,0.3,7.1,10.2,74.4,159.6,182.3,105.5,83.6,283.9,499.7,352.5,216.3,1975.5,7.4,244.2,655.4,1068.5,1668,,KANNIYAKUMARI,
Tamil Nadu,Kanniyakumari,IMD110-P1666,1999,18.5,52.4,29.9,112.9,332.8,317.9,178.4,31.9,75.9,432.0,130.3,21.3,1734.2,70.8,475.6,604.1,583.6,1668,,KANNIYAKUMARI,
Tamil Nadu,Kanniyakumari,IMD110-P1666,2000,10.0,201.2,28.5,83.9,33.3,244.9,45.1,404.9,153.0,128.9,160.6,82.3,1576.6,211.2,145.6,847.9,371.8,1668,,KANNIYAKUMARI,
Tamil Nadu,Kanniyakumari,IMD110-P1666,2001,55.3,25.1,26.9,291.6,102.8,135.8,67.3,37.7,37.5,139.5,118.6,3.8,1041.9,80.4,421.3,278.3,261.9,1668,,KANNIYAKUMARI,
Tamil Nadu,Kanniyakumari,IMD110-P1666,2002,0.0,11.9,0.0,2.4,69.0,49.5,0.3,18.8,17.7,262.6,182.4,4.7,619.2,11.9,71.3,86.3,449.7,1669,,KANNIYAKUMARI,
Tamil Nadu,Kanniyakumari,IMD110-P1666,2003,0.1,5.9,24.8,52.5,29.4,73.9,34.4,19.3,7.9,183.6,64.5,6.7,503.0,6.0,106.7,135.6,254.7,1669,,KANNIYAKUMARI,
Tamil Nadu,Kanniyakumari,IMD110-P1666,2004,3.6,1.5,16.6,67.9,151.6,123.9,39.0,32.6,166.2,125.3,149.2,8.3,885.6,5.1,236.1,361.7,282.8,1669,,KANNIYAKUMARI,
Tamil Nadu,Kanniyakumari,IMD110-P1666,2005,11.0,21.4,34.1,291.5,119.9,122.2,232.0,30.8,126.8,193.8,293.7,114.2,1591.4,32.4,445.5,511.8,601.7,1669,,KANNIYAKUMARI,
Tamil Nadu,Kanniyakumari,IMD110-P1666,2006,30.9,1.8,148.8,37.5,153.6,153.8,107.4,56.6,292.7,355.8,213.6,5.3,1557.8,32.7,339.8,610.6,574.7,1669,,KANNIYAKUMARI,
Tamil Nadu,Kanniyakumari,IMD110-P1666,2007,1.6,4.2,18.5,150.7,157.3,203.7,174.4,96.6,252.7,318.4,20.8,18.3,1417.2,5.8,326.4,727.4,357.5,1669,,KANNIYAKUMARI,
Tamil Nadu,Kanniyakumari,IMD110-P1666,2008,0.0,53.8,285.0,92.9,23.1,21.2,197.5,141.5,178.5,179.5,107.6,20.5,1301.0,53.8,400.9,538.6,307.6,1669,,KANNIYAKUMARI,
Tamil Nadu,Kanniyakumari,IMD110-P1666,2009,0.7,0.0,100.1,100.2,108.8,61.5,89.4,52.3,81.3,99.1,304.1,35.1,1032.4,0.7,309.0,284.5,438.2,1669,,KANNIYAKUMARI,
Tamil Nadu,Kanniyakumari,IMD110-P1666,2010,54.0,0.0,22.4,105.1,200.6,121.2,147.8,65.4,62.4,343.9,417.0,288.4,1828.3,54.0,328.1,396.8,1049.3,1669,,KANNIYAKUMARI,
Tamil Nadu,Karur,IMD110-P1670,1901,0.0,0.2,0.0,12.4,72.0,0.0,0.3,75.9,203.0,150.0,168.6,34.6,716.8,0.2,84.3,279.2,353.1,1670,,KARUR,
Tamil Nadu,Karur,IMD110-P1670,1902,46.3,3.5,15.2,15.3,128.3,26.8,2.4,62.6,48.6,239.5,78.7,85.9,753.0,49.8,158.8,140.3,404.1,1670,,KARUR,
Tamil Nadu,Karur,IMD110-P1670,1903,7.4,0.0,0.0,2.5,150.6,36.5,18.1,89.2,165.3,112.9,206.7,92.7,882.0,7.4,153.1,309.1,412.3,1670,,KARUR,
Tamil Nadu,Karur,IMD110-P1670,1904,36.0,0.0,0.0,6.8,183.5,5.0,50.1,5.9,38.0,182.2,21.9,12.6,541.9,36.0,190.3,99.0,216.7,1670,,KARUR,
Tamil Nadu,Karur,IMD110-P1670,1905,0.0,0.0,17.8,55.6,106.0,31.3,3.1,29.9,66.2,126.9,64.4,0.0,501.2,0.0,179.3,130.6,191.3,1670,,KARUR,
Tamil Nadu,Karur,IMD110-P1670,1906,10.3,2.6,1.5,0.0,52.6,31.7,34.1,151.4,32.6,151.6,210.9,60.6,740.0,12.9,54.2,249.8,423.1,1670,,KARUR,
Tamil Nadu,Karur,IMD110-P1670,1907,0.4,0.0,26.3,81.7,138.5,3.0,44.4,12.2,123.1,91.0,183.7,47.9,752.3,0.4,246.6,182.6,322.7,1670,,KARUR,
Tamil Nadu,Karur,IMD110-P1670,1908,0.0,44.5,2.7,11.3,124.1,7.3,0.8,3.9,101.6,190.8,5.8,4.4,497.4,44.5,138.2,113.6,201.1,1670,,KARUR,
Tamil Nadu,Karur,IMD110-P1670,1909,169.8,4.6,0.0,89.4,110.7,0.0,0.0,175.7,20.4,250.2,54.8,1.7,877.2,174.4,200.0,196.1,306.7,1670,,KARUR,
Tamil Nadu,Karur,IMD110-P1670,1910,1.4,26.7,0.0,23.7,82.4,22.3,127.0,67.9,12.3,366.5,90.0,0.0,820.1,28.0,106.1,229.4,456.6,1670,,KARUR,
Tamil Nadu,Karur,IMD110-P1670,1911,6.8,0.0,0.0,26.7,82.5,60.7,6.1,0.7,68.8,145.2,146.8,71.1,615.2,6.8,109.2,136.2,363.0,1670,,KARUR,
Tamil Nadu,Karur,IMD110-P1670,1912,0.0,0.0,0.0,4.6,84.7,28.9,2.3,8.6,227.1,179.3,151.4,9.2,696.2,0.0,89.3,266.9,339.9,1670,,KARUR,
Tamil Nadu,Karur,IMD110-P1670,1913,0.0,0.0,0.0,19.8,81.5,14.3,29.2,6.5,138.9,101.4,44.8,54.4,490.8,0.0,101.3,189.0,200.6,1670,,KARUR,
Tamil Nadu,Karur,IMD110-P1670,1914,0.0,0.0,13.0,45.8,79.0,16.9,3.1,38.8,57.7,190.1,41.7,54.1,540.2,0.0,137.8,116.5,285.9,1670,,KARUR,
Tamil Nadu,Karur,IMD110-P1670,1915,4.8,5.3,67.4,45.9,70.4,99.4,35.9,57.2,203.8,105.1,144.5,30.3,870.0,10.1,183.6,396.3,279.9,1670,,KARUR,
Tamil Nadu,Karur,IMD110-P1670,1916,0.0,0.0,0.0,3.0,98.0,1.5,189.9,132.5,66.6,155.5,43.1,13.0,703.2,0.0,101.0,390.5,211.7,1670,,KARUR,
Tamil Nadu,Karur,IMD110-P1670,1917,2.1,39.0,27.1,4.4,209.7,9.0,0.0,110.7,190.8,167.0,86.3,28.6,874.7,41.1,241.2,310.5,281.9,1670,,KARUR,
Tamil Nadu,Karur,IMD110-P1670,1918,39.9,0.0,18.8,0.0,43.3,0.0,30.5,37.8,28.6,70.7,270.9,45.1,585.6,39.9,62.1,96.8,386.7,1670,,KARUR,
Tamil Nadu,Karur,IMD110-P1670,1919,6.6,0.0,21.0,23.1,129.1,40.5,49.6,9.7,198.7,49.9,201.5,70.5,800.2,6.6,173.2,298.5,321.9,1670,,KARUR,
Tamil Nadu,Karur,IMD110-P1670,1920,52.1,0.0,0.0,71.8,95.2,21.1,1.3,39.0,122.5,134.6,285.8,0.0,823.3,52.1,167.0,183.9,420.4,1670,,KARUR,
Tamil Nadu,Karur,IMD110-P1670,1921,116.1,0.0,0.0,78.2,53.4,75.8,16.3,73.7,60.1,235.4,76.0,45.5,830.5,116.1,131.6,225.8,356.9,1670,,KARUR,
Tamil Nadu,Karur,IMD110-P1670,1922,29.8,0.4,2.5,11.1,84.3,6.0,2.1,23.7,44.0,185.8,194.2,44.5,628.5,30.2,98.0,75.9,424.5,1670,,KARUR,
Tamil Nadu,Karur,IMD110-P1670,1923,43.9,0.0,18.9,34.4,32.7,2.9,0.0,1.3,32.5,153.7,13.1,42.9,376.3,43.9,86.0,36.7,209.8,1670,,KARUR,
Tamil Nadu,Karur,IMD110-P1670,1924,13.0,0.0,6.0,53.8,46.6,14.0,19.0,61.6,142.1,81.1,119.7,0.8,557.7,13.0,106.4,236.7,201.6,1670,,KARUR,
Tamil Nadu,Karur,IMD110-P1670,1925,4.9,0.0,4.2,38.3,94.4,27.1,0.0,34.0,94.6,83.8,106.2,120.1,607.6,4.9,136.9,155.7,310.1,1670,,KARUR,
Tamil Nadu,Karur,IMD110-P1670,1926,30.4,5.1,18.8,64.9,19.3,8.1,40.7,4.0,156.6,129.2,81.3,1.7,560.1,35.5,103.0,209.5,212.2,1670,,KARUR,
Tamil Nadu,Karur,IMD110-P1670,1927,0.6,0.0,3.3,23.2,85.4,69.6,20.0,64.0,107.7,40.5,113.3,17.2,544.7,0.6,111.8,261.3,171.0,1670,,KARUR,
Tamil Nadu,Karur,IMD110-P1670,1928,2.4,39.6,61.8,22.2,60.5,5.2,37.7,35.4,22.4,178.5,47.0,63.3,575.9,41.9,144.5,100.7,288.8,1670,,KARUR,
Tamil Nadu,Karur,IMD110-P1670,1929,7.1,0.0,10.0,92.3,43.9,3.0,0.0,11.6,114.2,156.5,80.2,58.8,577.4,7.1,146.1,128.7,295.5,1670,,KARUR,
Tamil Nadu,Karur,IMD110-P1670,1930,11.7,8.6,11.6,30.3,188.8,102.6,3.8,20.2,43.4,495.1,120.8,18.5,1055.3,20.3,230.7,169.9,634.4,1670,,KARUR,
Tamil Nadu,Karur,IMD110-P1670,1931,5.2,0.0,0.0,5.6,52.1,2.8,1.0,0.0,70.9,91.4,95.1,205.8,529.9,5.2,57.7,74.7,392.3,1670,,KARUR,
Tamil Nadu,Karur,IMD110-P1670,1932,0.0,0.0,0.0,5.7,81.9,37.6,24.8,179.1,11.4,285.8,139.3,47.5,813.1,0.0,87.6,252.9,472.5,1670,,KARUR,
Tamil Nadu,Karur,IMD110-P1670,1933,0.0,0.0,4.7,66.8,72.9,0.8,21.2,143.8,119.2,285.0,54.4,44.1,813.0,0.0,144.5,285.0,383.5,1670,,KARUR,
Tamil Nadu,Karur,IMD110-P1670,1934,73.5,0.0,3.6,14.2,58.3,54.9,16.8,20.2,7.4,276.0,134.5,15.4,675.0,73.5,76.1,99.4,426.0,1671,,KARUR,
Tamil Nadu,Karur,IMD110-P1670,1935,9.8,0.0,0.0,55.4,46.4,102.7,2.8,148.9,27.0,115.7,161.2,60.0,729.9,9.8,101.7,281.4,337.0,1671,,KARUR,
Tamil Nadu,Karur,IMD110-P1670,1936,0.0,19.0,21.1,20.4,45.0,2.7,26.9,9.3,68.6,72.8,230.2,49.4,565.4,19.0,86.5,107.6,352.4,1671,,KARUR,
Tamil Nadu,Karur,IMD110-P1670,1937,10.5,0.0,18.5,92.7,92.7,19.7,0.3,90.3,137.6,104.5,103.3,8.1,678.0,10.5,203.9,247.8,215.9,1671,,KARUR,
Tamil Nadu,Karur,IMD110-P1670,1938,0.0,39.6,19.0,14.6,64.3,8.2,113.8,213.7,46.8,27.9,8.2,40.3,596.4,39.6,97.9,382.5,76.4,1671,,KARUR,
Tamil Nadu,Karur,IMD110-P1670,1939,14.4,0.0,32.4,85.0,25.7,33.9,3.6,141.8,117.5,310.5,232.5,4.7,1002.1,14.4,143.1,296.9,547.7,1671,,KARUR,
Tamil Nadu,Karur,IMD110-P1670,1940,0.0,0.0,16.1,87.5,77.7,38.7,0.2,0.5,111.7,149.6,295.5,20.4,797.9,0.0,181.3,151.1,465.5,1671,,KARUR,
Tamil Nadu,Karur,IMD110-P1670,1941,0.0,0.0,0.0,87.5,28.7,0.0,12.7,82.3,84.1,71.3,120.5,49.9,536.9,0.0,116.2,179.1,241.6,1671,,KARUR,
Tamil Nadu,Karur,IMD110-P1670,1942,0.4,0.0,0.0,0.0,38.3,2.1,0.0,57.5,111.6,99.2,94.5,121.4,525.1,0.4,38.3,171.3,315.1,1671,,KARUR,
Tamil Nadu,Karur,IMD110-P1670,1943,74.6,0.0,0.0,54.0,98.7,1.9,12.6,44.9,106.8,246.4,112.9,4.8,757.6,74.6,152.7,166.2,364.1,1671,,KARUR,
Tamil Nadu,Karur,IMD110-P1670,1944,0.0,20.0,63.5,16.6,39.2,18.6,11.5,71.7,175.3,171.1,168.8,97.1,853.4,20.0,119.4,277.1,437.0,1671,,KARUR,
Tamil Nadu,Karur,IMD110-P1670,1945,0.0,10.4,0.9,37.0,41.7,11.9,9.0,58.7,10.7,142.0,48.8,12.6,383.6,10.4,79.7,90.2,203.4,1671,,KARUR,
Tamil Nadu,Karur,IMD110-P1670,1946,33.4,0.0,3.3,45.7,67.8,0.0,10.1,16.3,79.8,123.1,303.9,136.1,819.6,33.4,116.9,106.2,563.1,1671,,KARUR,
Tamil Nadu,Karur,IMD110-P1670,1947,24.9,4.4,69.6,101.7,36.4,29.2,47.4,81.1,47.4,304.4,16.6,6.7,770.0,29.4,207.7,205.1,327.8,1671,,KARUR,
Tamil Nadu,Karur,IMD110-P1670,1948,38.1,4.1,0.6,58.0,60.4,3.7,16.4,156.0,35.4,101.7,135.8,28.4,638.5,42.2,119.0,211.5,265.9,1671,,KARUR,
Tamil Nadu,Karur,IMD110-P1670,1949,0.0,0.0,0.0,40.7,138.5,18.6,65.7,76.1,53.2,240.7,48.7,0.0,682.3,0.0,179.2,213.7,289.4,1671,,KARUR,
Tamil Nadu,Karur,IMD110-P1670,1950,1.1,90.8,3.5,3.3,34.1,9.8,5.7,84.3,36.1,196.0,47.9,20.3,532.8,91.9,40.9,135.8,264.2,1671,,KARUR,
Tamil Nadu,Karur,IMD110-P1670,1951,1.2,0.0,42.8,47.4,114.2,6.4,20.5,63.7,68.3,79.0,119.7,0.0,563.3,1.2,204.5,158.9,198.8,1671,,KARUR,
Tamil Nadu,Karur,IMD110-P1670,1952,7.0,45.0,0.7,5.7,19.4,0.2,82.1,22.2,44.0,90.2,14.8,79.6,410.9,52.0,25.8,148.5,184.6,1671,,KARUR,
Tamil Nadu,Karur,IMD110-P1670,1953,0.4,3.5,0.0,79.4,116.0,23.6,37.7,37.2,159.2,240.6,67.5,2.0,767.1,3.9,195.4,257.7,310.1,1671,,KARUR,
Tamil Nadu,Karur,IMD110-P1670,1954,46.7,0.1,9.7,94.8,87.8,8.2,19.3,152.0,29.8,227.5,21.8,32.6,730.3,46.9,192.3,209.3,281.9,1671,,KARUR,
Tamil Nadu,Karur,IMD110-P1670,1955,16.7,0.0,4.7,91.8,70.4,3.6,21.0,26.0,69.6,159.8,85.8,101.7,651.3,16.7,166.9,120.2,347.4,1671,,KARUR,
Tamil Nadu,Karur,IMD110-P1670,1956,5.0,0.0,0.0,30.0,19.7,16.9,2.5,59.6,48.4,341.7,199.9,36.5,760.3,5.0,49.7,127.4,578.1,1671,,KARUR,
Tamil Nadu,Karur,IMD110-P1670,1957,0.0,5.0,18.6,7.5,60.9,12.6,6.3,13.5,44.3,146.1,155.3,38.4,508.6,5.0,87.0,76.8,339.8,1671,,KARUR,
Tamil Nadu,Karur,IMD110-P1670,1958,0.1,0.0,11.6,12.3,63.9,31.6,0.7,86.8,78.1,93.9,96.9,36.9,512.7,0.1,87.8,197.2,227.7,1671,,KARUR,
Tamil Nadu,Karur,IMD110-P1670,1959,1.8,26.1,0.0,48.8,16.8,43.7,2.4,54.9,77.7,196.5,169.9,39.8,678.3,27.8,65.6,178.7,406.2,1671,,KARUR,
Tamil Nadu,Karur,IMD110-P1670,1960,0.0,0.0,23.7,48.7,60.8,0.9,98.8,69.2,45.3,43.1,196.5,0.0,587.0,0.0,133.2,214.2,239.6,1671,,KARUR,
Tamil Nadu,Karur,IMD110-P1670,1961,36.4,2.0,0.0,19.7,63.0,11.3,43.1,14.7,51.8,101.7,21.4,11.5,376.6,38.4,82.6,120.9,134.6,1671,,KARUR,
Tamil Nadu,Karur,IMD110-P1670,1962,0.0,0.2,24.0,30.2,62.4,13.3,8.7,86.4,33.0,199.8,30.6,32.5,521.1,0.2,116.6,141.4,263.0,1671,,KARUR,
Tamil Nadu,Karur,IMD110-P1670,1963,63.5,0.0,10.5,62.1,17.0,2.9,52.5,11.4,93.5,143.5,80.0,98.9,635.7,63.5,89.6,160.2,322.4,1671,,KARUR,
Tamil Nadu,Karur,IMD110-P1670,1964,0.0,0.0,7.7,5.3,65.3,41.0,129.5,28.8,85.4,141.6,84.7,91.7,681.0,0.0,78.3,284.8,317.9,1671,,KARUR,
Tamil Nadu,Karur,IMD110-P1670,1966,0.0,0.0,0.0,10.3,2.7,9.6,27.2,101.5,141.3,256.1,132.1,67.6,748.3,0.0,13.0,279.6,455.7,1671,,KARUR,
Tamil Nadu,Karur,IMD110-P1670,1967,24.9,0.0,25.2,1.4,13.1,31.8,3.9,21.2,9.4,121.4,79.4,89.0,420.7,24.9,39.7,66.3,289.8,1671,,KARUR,
Tamil Nadu,Karur,IMD110-P1670,1968,1.3,0.0,9.4,106.7,67.5,12.4,0.0,30.1,107.2,111.0,107.3,28.4,581.5,1.3,183.7,149.8,246.8,1671,,KARUR,
Tamil Nadu,Karur,IMD110-P1670,1969,0.0,0.0,0.0,21.4,63.0,3.8,0.0,79.9,19.5,122.1,101.2,44.2,455.0,0.0,84.3,103.2,267.4,1672,,KARUR,
Tamil Nadu,Karur,IMD110-P1670,1970,39.0,30.5,0.0,59.7,67.0,10.3,55.8,36.0,76.1,188.1,117.0,5.2,684.8,69.6,126.7,178.2,310.3,1672,,KARUR,
Tamil Nadu,Karur,IMD110-P1670,1971,0.0,18.7,7.3,28.6,60.1,5.2,0.0,117.0,107.3,114.8,44.9,112.5,616.5,18.7,96.1,229.4,272.3,1672,,KARUR,
Tamil Nadu,Karur,IMD110-P1670,1972,0.0,,0.0,9.1,109.9,18.2,2.8,7.5,162.3,189.3,87.3,76.3,,,118.9,190.7,352.9,1672,missing_months,KARUR,
Tamil Nadu,Karur,IMD110-P1670,1973,0.0,0.0,2.0,2.1,46.6,38.7,71.4,18.2,111.3,177.3,39.7,81.0,588.3,0.0,50.8,239.6,298.0,1672,,KARUR,
Tamil Nadu,Karur,IMD110-P1670,1974,0.0,0.0,0.4,16.9,36.7,15.8,16.0,14.1,228.8,85.7,7.6,7.1,429.1,0.0,54.0,274.6,100.4,1672,,KARUR,
Tamil Nadu,Karur,IMD110-P1670,1975,0.3,0.0,24.8,0.1,116.3,1.8,77.9,30.3,169.3,92.9,47.4,37.3,598.3,0.3,141.1,279.2,177.6,1672,,KARUR,
Tamil Nadu,Karur,IMD110-P1670,1976,0.0,0.0,2.6,89.1,22.7,15.6,9.5,64.1,113.0,53.7,145.7,10.4,526.3,0.0,114.4,202.2,209.8,1672,,KARUR,
Tamil Nadu,Karur,IMD110-P1670,1977,0.0,16.5,0.7,44.3,84.6,7.6,77.6,151.8,226.1,362.7,330.4,22.6,1324.8,16.5,129.5,463.1,715.7,1672,,KARUR,
Tamil Nadu,Karur,IMD110-P1670,1978,0.0,0.0,0.2,29.8,168.0,0.0,128.2,0.8,106.6,163.6,213.6,96.2,906.9,0.0,198.0,235.6,473.4,1672,,KARUR,
Tamil Nadu,Karur,IMD110-P1670,1979,0.1,26.9,2.5,21.0,18.4,47.1,60.2,19.1,230.3,98.8,334.0,21.3,879.5,27.0,41.9,356.7,454.0,1672,,KARUR,
Tamil Nadu,Karur,IMD110-P1670,1980,0.0,0.0,1.8,68.6,82.3,4.7,7.1,6.4,125.3,158.1,136.1,4.3,594.7,0.0,152.7,143.5,298.5,1672,,KARUR,
Tamil Nadu,Karur,IMD110-P1670,1981,0.4,0.0,15.6,4.4,73.1,2.7,31.7,49.1,131.5,193.3,80.0,18.8,600.6,0.4,93.1,215.0,292.1,1672,,KARUR,
Tamil Nadu,Karur,IMD110-P1670,1982,0.0,0.0,24.2,15.6,61.6,27.9,1.3,3.9,73.2,77.6,112.0,31.8,429.1,0.0,101.4,106.2,221.4,1672,,KARUR,
Tamil Nadu,Karur,IMD110-P1670,1983,0.0,0.0,2.0,0.0,60.4,50.3,26.1,42.4,101.1,169.5,55.1,213.9,720.8,0.0,62.4,219.9,438.5,1672,,KARUR,
Tamil Nadu,Karur,IMD110-P1670,1984,11.8,95.5,89.3,16.9,18.6,0.0,48.1,0.9,94.5,65.2,45.5,60.0,546.2,107.3,124.8,143.5,170.6,1672,,KARUR,
Tamil Nadu,Karur,IMD110-P1670,1985,50.6,0.0,0.1,7.9,27.2,12.7,17.7,40.5,153.1,52.8,104.8,10.2,477.6,50.6,35.2,224.0,167.8,1672,,KARUR,
Tamil Nadu,Karur,IMD110-P1670,1986,38.2,0.7,12.9,6.8,49.0,6.8,2.4,16.4,104.1,92.6,55.9,13.3,399.1,38.9,68.7,129.7,161.8,1672,,KARUR,
Tamil Nadu,Karur,IMD110-P1670,1987,0.0,0.0,7.2,20.7,29.2,24.3,22.2,5.4,58.9,,,77.3,,0.0,57.2,110.8,,1672,missing_months,KARUR,
Tamil Nadu,Karur,IMD110-P1670,1988,0.0,0.0,13.9,74.9,46.2,24.8,74.8,101.1,144.5,40.2,23.1,2.7,546.2,0.0,135.0,345.3,65.9,1672,,KARUR,
Tamil Nadu,Karur,IMD110-P1670,1989,0.0,0.0,3.9,23.7,73.8,10.1,111.0,9.1,181.6,168.2,80.7,14.1,676.1,0.0,101.3,311.8,263.0,1672,,KARUR,
Tamil Nadu,Karur,IMD110-P1670,1990,27.6,22.4,41.8,31.9,76.4,0.6,3.5,73.2,87.2,59.4,42.1,37.3,503.6,50.0,150.2,164.5,138.9,1672,,KARUR,
Tamil Nadu,Karur,IMD110-P1670,1991,14.2,0.0,0.0,80.7,35.0,59.6,4.3,25.6,135.2,136.6,145.1,13.5,649.8,14.2,115.7,224.7,295.2,1672,,KARUR,
Tamil Nadu,Karur,IMD110-P1670,1992,0.0,0.0,0.0,15.9,40.1,29.8,55.8,29.9,124.5,20.9,209.0,17.5,543.3,0.0,55.9,240.0,247.4,1672,,KARUR,
Tamil Nadu,Karur,IMD110-P1670,1993,0.0,0.0,3.7,0.0,46.5,43.3,10.8,35.7,71.4,159.1,210.2,95.2,675.9,0.0,50.2,161.2,464.5,1672,,KARUR,
Tamil Nadu,Karur,IMD110-P1670,1994,0.0,9.4,0.0,33.3,88.5,0.0,2.8,7.8,87.8,198.7,201.4,12.0,641.8,9.4,121.9,98.5,412.1,1672,,KARUR,
Tamil Nadu,Karur,IMD110-P1670,1995,0.6,0.0,3.0,29.9,65.7,7.9,20.4,65.8,45.6,60.0,84.7,0.1,383.8,0.6,98.6,139.7,144.9,1672,,KARUR,
Tamil Nadu,Karur,IMD110-P1670,1996,0.0,0.0,,93.6,27.1,37.8,13.8,91.3,74.4,59.6,63.3,128.5,,0.0,,217.3,251.4,1672,missing_months,KARUR,
Tamil Nadu,Karur,IMD110-P1670,1997,0.0,0.0,0.0,12.5,38.9,18.7,9.8,0.9,128.1,167.9,125.8,30.6,533.3,0.0,51.4,157.6,324.3,1672,,KARUR,
Tamil Nadu,Karur,IMD110-P1670,1998,,,,8.7,55.4,1.0,29.2,77.4,53.9,53.1,141.6,109.9,,,,161.5,304.7,1672,missing_months,KARUR,
Tamil Nadu,Karur,IMD110-P1670,1999,0.0,0.6,0.0,72.6,79.2,15.5,1.0,34.0,44.2,287.1,224.2,49.2,807.5,0.6,151.8,94.7,560.4,1672,,KARUR,
Tamil Nadu,Karur,IMD110-P1670,2000,1.9,20.1,2.0,28.9,42.9,35.0,4.7,108.0,115.4,52.3,95.8,61.3,568.2,22.1,73.8,263.0,209.4,1672,,KARUR,
Tamil Nadu,Karur,IMD110-P1670,2001,,,27.3,81.1,29.6,10.4,15.8,9.4,35.7,59.8,55.2,22.5,,,138.0,71.3,137.5,1672,missing_months,KARUR,
Tamil Nadu,Karur,IMD110-P1670,2002,0.0,5.0,0.0,1.1,43.3,29.0,1.8,7.0,90.8,,,0.0,,5.0,44.4,128.6,,1672,missing_months,KARUR,
Tamil Nadu,Karur,IMD110-P1670,2003,0.0,0.0,0.0,7.4,66.4,14.0,11.8,15.3,2.2,273.0,105.5,4.6,500.2,0.0,73.8,43.3,383.1,1673,,KARUR,
Tamil Nadu,Karur,IMD110-P1670,2004,0.0,0.0,0.0,34.8,208.6,0.0,72.8,2.8,127.0,194.4,69.0,0.0,709.4,0.0,243.4,202.6,263.4,1673,,KARUR,
Tamil Nadu,Karur,IMD110-P1670,2005,0.0,0.9,32.0,112.9,77.5,18.7,35.3,92.1,42.0,277.9,375.1,112.6,1177.0,0.9,222.5,188.1,765.6,1673,,KARUR,
Tamil Nadu,Karur,IMD110-P1670,2006,5.2,0.0,27.3,40.8,40.9,35.5,0.0,71.9,87.9,155.8,141.4,4.4,611.2,5.2,109.0,195.4,301.6,1673,,KARUR,
Tamil Nadu,Karur,IMD110-P1670,2007,0.3,0.0,0.0,37.5,62.1,29.2,47.7,85.7,36.8,172.1,63.2,197.6,732.1,0.3,99.6,199.3,432.9,1673,,KARUR,
Tamil Nadu,Karur,IMD110-P1670,2008,3.3,1.6,136.3,8.8,63.1,14.4,35.0,101.5,44.0,185.4,205.6,38.0,837.0,4.9,208.3,194.8,429.0,1673,,KARUR,
Tamil Nadu,Karur,IMD110-P1670,2009,1.7,0.0,,20.7,51.9,0.6,1.2,67.2,98.9,43.0,257.8,42.5,,1.7,,168.0,343.4,1673,missing_months,KARUR,
Tamil Nadu,Karur,IMD110-P1670,2010,2.4,0.0,0.1,5.2,146.3,27.0,74.1,35.1,91.7,108.6,344.6,78.1,913.2,2.4,151.6,227.8,531.4,1673,,KARUR,
Tamil Nadu,Krishnagiri,IMD110-P1674,1901,0.4,26.3,0.1,15.3,167.2,29.7,58.1,16.4,173.2,144.8,89.6,44.8,765.9,26.7,182.6,277.4,279.3,1674,,KRISHNAGIRI,
Tamil Nadu,Krishnagiri,IMD110-P1674,1902,9.9,0.0,20.3,16.8,110.7,69.8,29.8,96.0,135.1,165.1,31.5,56.2,741.3,9.9,147.8,330.8,252.8,1674,,KRISHNAGIRI,
Tamil Nadu,Krishnagiri,IMD110-P1674,1903,10.2,0.0,0.0,9.1,169.3,94.5,86.1,135.5,266.9,150.5,372.3,74.6,1368.9,10.2,178.4,583.0,597.4,1674,,KRISHNAGIRI,
Tamil Nadu,Krishnagiri,IMD110-P1674,1904,23.4,0.0,0.0,25.1,244.9,22.4,94.7,22.5,75.9,129.9,1.0,6.9,646.7,23.4,270.0,215.5,137.8,1674,,KRISHNAGIRI,
Tamil Nadu,Krishnagiri,IMD110-P1674,1905,7.4,0.0,35.5,36.3,112.5,50.6,50.9,152.7,52.7,183.8,53.1,0.0,735.5,7.4,184.3,306.9,236.9,1674,,KRISHNAGIRI,
Tamil Nadu,Krishnagiri,IMD110-P1674,1906,22.0,35.7,4.4,4.2,29.8,64.7,162.4,254.6,73.3,133.9,29.9,40.0,854.9,57.6,38.4,555.0,203.9,1674,,KRISHNAGIRI,
Tamil Nadu,Krishnagiri,IMD110-P1674,1907,0.0,0.0,33.6,62.9,94.3,112.1,133.7,38.0,169.7,62.2,60.6,44.2,811.4,0.0,190.8,453.5,167.1,1674,,KRISHNAGIRI,
Tamil Nadu,Krishnagiri,IMD110-P1674,1908,25.3,4.5,4.0,21.6,164.1,82.8,32.2,49.5,135.0,123.3,17.8,3.8,664.0,29.9,189.7,299.5,144.9,1674,,KRISHNAGIRI,
Tamil Nadu,Krishnagiri,IMD110-P1674,1909,67.1,0.0,0.0,94.8,151.8,18.7,39.0,269.8,136.0,193.3,7.4,13.2,991.0,67.1,246.5,463.5,213.8,1674,,KRISHNAGIRI,
Tamil Nadu,Krishnagiri,IMD110-P1674,1910,1.2,5.2,8.9,42.5,108.8,49.7,182.5,178.7,43.3,352.2,138.5,0.0,1111.6,6.4,160.3,454.2,490.7,1674,,KRISHNAGIRI,
Tamil Nadu,Krishnagiri,IMD110-P1674,1911,0.0,0.0,3.2,78.7,205.2,87.9,48.2,27.6,73.5,179.5,66.4,42.1,812.5,0.0,287.1,237.3,288.0,1674,,KRISHNAGIRI,
Tamil Nadu,Krishnagiri,IMD110-P1674,1912,0.0,3.5,14.4,5.3,82.5,47.2,43.4,116.1,236.2,268.1,149.4,0.1,966.3,3.5,102.2,442.9,417.7,1674,,KRISHNAGIRI,
Tamil Nadu,Krishnagiri,IMD110-P1674,1913,0.0,0.0,6.1,11.1,128.2,54.3,62.9,40.4,208.7,149.6,6.3,23.4,691.0,0.0,145.4,366.3,179.4,1674,,KRISHNAGIRI,
Tamil Nadu,Krishnagiri,IMD110-P1674,1914,2.4,0.3,0.6,43.6,110.5,24.5,22.9,71.6,144.3,211.1,91.5,22.8,746.2,2.7,154.7,263.4,325.4,1674,,KRISHNAGIRI,
Tamil Nadu,Krishnagiri,IMD110-P1674,1915,19.6,0.5,86.5,21.1,51.1,125.9,143.1,69.1,260.2,142.2,231.3,14.4,1165.1,20.1,158.6,598.4,388.0,1674,,KRISHNAGIRI,
Tamil Nadu,Krishnagiri,IMD110-P1674,1916,0.0,0.0,0.0,17.3,89.6,16.5,261.2,183.2,139.8,258.9,159.4,32.1,1157.9,0.0,106.8,600.6,450.4,1674,,KRISHNAGIRI,
Tamil Nadu,Krishnagiri,IMD110-P1674,1917,4.4,24.2,5.4,21.0,76.2,99.6,37.9,153.5,281.3,95.2,115.5,6.4,920.6,28.6,102.6,572.2,217.1,1674,,KRISHNAGIRI,
Tamil Nadu,Krishnagiri,IMD110-P1674,1918,35.1,2.4,24.5,37.9,140.2,10.4,50.5,72.1,115.0,12.5,130.2,5.8,636.7,37.5,202.6,248.0,148.6,1674,,KRISHNAGIRI,
Tamil Nadu,Krishnagiri,IMD110-P1674,1919,10.8,0.0,5.9,40.1,125.9,24.2,105.4,33.9,309.3,73.9,188.3,21.5,939.1,10.8,171.9,472.8,283.7,1674,,KRISHNAGIRI,
Tamil Nadu,Krishnagiri,IMD110-P1674,1920,46.1,5.8,7.4,30.2,88.1,29.7,14.9,68.1,187.8,96.0,91.7,0.0,665.8,52.0,125.6,300.5,187.7,1674,,KRISHNAGIRI,
Tamil Nadu,Krishnagiri,IMD110-P1674,1921,48.4,0.0,0.0,35.6,94.0,94.9,34.9,160.3,74.1,115.5,60.4,4.0,722.0,48.4,129.6,364.1,179.9,1674,,KRISHNAGIRI,
Tamil Nadu,Krishnagiri,IMD110-P1674,1922,16.5,0.7,0.0,28.2,135.5,66.8,30.7,88.7,27.5,240.7,208.8,8.2,852.4,17.2,163.7,213.8,457.7,1674,,KRISHNAGIRI,
Tamil Nadu,Krishnagiri,IMD110-P1674,1923,20.9,0.0,9.9,31.9,67.7,35.5,16.6,7.0,179.4,98.7,5.4,15.8,488.7,20.9,109.5,238.5,119.9,1674,,KRISHNAGIRI,
Tamil Nadu,Krishnagiri,IMD110-P1674,1924,3.8,0.0,0.8,26.9,173.2,67.1,61.2,106.2,199.2,64.3,69.2,0.5,772.5,3.8,200.9,433.7,134.0,1674,,KRISHNAGIRI,
Tamil Nadu,Krishnagiri,IMD110-P1674,1925,0.0,0.0,6.4,35.6,151.8,22.3,53.8,76.5,122.8,22.4,57.1,63.9,612.5,0.0,193.8,275.3,143.4,1674,,KRISHNAGIRI,
Tamil Nadu,Krishnagiri,IMD110-P1674,1926,47.2,0.0,29.4,110.3,32.4,83.1,42.8,16.6,203.9,132.7,33.1,8.5,740.2,47.2,172.1,346.5,174.4,1674,,KRISHNAGIRI,
Tamil Nadu,Krishnagiri,IMD110-P1674,1927,1.1,0.8,0.9,7.2,123.2,60.7,68.0,100.2,285.7,14.0,81.9,3.7,747.3,1.8,131.4,514.6,99.5,1674,,KRISHNAGIRI,
Tamil Nadu,Krishnagiri,IMD110-P1674,1928,1.9,47.6,23.0,50.4,92.2,36.3,68.7,84.5,42.3,256.5,41.8,26.2,771.3,49.5,165.7,231.6,324.5,1674,,KRISHNAGIRI,
Tamil Nadu,Krishnagiri,IMD110-P1674,1929,12.0,26.7,0.0,147.9,94.4,34.3,20.0,38.0,169.7,160.4,106.6,22.3,832.3,38.7,242.3,262.0,289.3,1674,,KRISHNAGIRI,
Tamil Nadu,Krishnagiri,IMD110-P1674,1930,15.2,30.0,14.3,26.9,227.0,44.2,38.9,18.9,102.4,236.4,86.0,21.4,861.8,45.1,268.3,204.5,343.9,1674,,KRISHNAGIRI,
Tamil Nadu,Krishnagiri,IMD110-P1674,1931,0.0,0.0,0.0,34.1,93.6,43.6,62.5,17.5,161.6,62.4,171.8,79.0,726.0,0.0,127.7,285.2,313.2,1674,,KRISHNAGIRI,
Tamil Nadu,Krishnagiri,IMD110-P1674,1932,0.0,26.5,0.0,36.1,186.3,80.6,67.0,224.7,62.9,251.5,180.0,14.7,1130.3,26.5,222.3,435.3,446.3,1674,,KRISHNAGIRI,
Tamil Nadu,Krishnagiri,IMD110-P1674,1933,0.0,0.0,19.4,44.8,149.0,11.5,47.2,210.8,65.2,169.4,17.4,81.0,815.7,0.0,213.1,334.8,267.8,1674,,KRISHNAGIRI,
Tamil Nadu,Krishnagiri,IMD110-P1674,1934,38.0,0.0,0.0,46.1,119.3,96.2,36.5,26.6,41.8,293.9,69.4,1.5,769.4,38.0,165.5,201.1,364.8,1675,,KRISHNAGIRI,
Tamil Nadu,Krishnagiri,IMD110-P1674,1935,20.9,2.6,5.0,45.1,45.3,53.7,40.0,206.9,101.1,160.1,40.9,34.2,756.0,23.6,95.4,401.8,235.2,1675,,KRISHNAGIRI,
Tamil Nadu,Krishnagiri,IMD110-P1674,1936,0.0,30.1,8.1,32.0,132.6,54.6,99.7,26.5,182.1,73.3,154.8,18.8,812.5,30.1,172.7,362.9,246.9,1675,,KRISHNAGIRI,
Tamil Nadu,Krishnagiri,IMD110-P1674,1937,2.4,14.3,22.6,155.6,149.9,60.8,39.6,96.9,109.4,129.4,105.4,15.1,901.1,16.6,328.0,306.6,249.9,1675,,KRISHNAGIRI,
Tamil Nadu,Krishnagiri,IMD110-P1674,1938,0.0,7.3,7.5,15.0,87.2,35.5,124.3,232.0,115.1,34.3,25.1,3.9,687.2,7.3,109.6,506.9,63.3,1675,,KRISHNAGIRI,
Tamil Nadu,Krishnagiri,IMD110-P1674,1939,7.7,0.0,39.8,168.8,90.7,71.0,19.6,48.3,195.2,270.2,113.9,0.0,1025.1,7.7,299.3,334.1,384.1,1675,,KRISHNAGIRI,
Tamil Nadu,Krishnagiri,IMD110-P1674,1940,0.0,0.0,10.8,68.1,156.7,107.0,29.2,61.9,154.0,121.3,157.8,19.3,886.3,0.0,235.7,352.2,298.4,1675,,KRISHNAGIRI,
Tamil Nadu,Krishnagiri,IMD110-P1674,1941,13.0,0.0,0.4,26.1,130.5,8.7,68.7,91.4,206.6,71.8,68.8,117.2,803.2,13.0,156.9,375.5,257.7,1675,,KRISHNAGIRI,
Tamil Nadu,Krishnagiri,IMD110-P1674,1942,0.0,0.0,0.0,25.1,147.8,88.7,9.6,120.8,112.5,171.5,35.3,40.5,751.8,0.0,173.0,331.6,247.3,1675,,KRISHNAGIRI,
Tamil Nadu,Krishnagiri,IMD110-P1674,1943,51.9,4.8,3.1,87.4,215.3,10.9,50.9,53.5,162.4,397.5,31.7,4.3,1073.6,56.7,305.8,277.7,433.4,1675,,KRISHNAGIRI,
Tamil Nadu,Krishnagiri,IMD110-P1674,1944,3.7,41.9,86.4,42.0,40.1,73.9,48.2,162.8,178.4,86.2,129.0,43.0,935.8,45.7,168.5,463.4,258.2,1675,,KRISHNAGIRI,
Tamil Nadu,Krishnagiri,IMD110-P1674,1945,0.0,0.0,0.5,52.4,113.8,9.9,77.4,193.4,32.5,107.6,59.3,0.1,646.9,0.0,166.6,313.2,167.0,1675,,KRISHNAGIRI,
Tamil Nadu,Krishnagiri,IMD110-P1674,1946,10.6,0.0,9.3,40.2,128.9,27.1,36.0,86.0,282.3,159.5,180.5,193.8,1154.1,10.6,178.4,431.3,533.8,1675,,KRISHNAGIRI,
Tamil Nadu,Krishnagiri,IMD110-P1674,1947,10.4,0.1,7.8,6.0,61.5,112.0,115.5,195.7,130.3,216.7,49.9,2.6,908.6,10.5,75.4,553.5,269.2,1675,,KRISHNAGIRI,
Tamil Nadu,Krishnagiri,IMD110-P1674,1948,15.9,0.0,17.0,40.6,166.0,73.6,49.5,89.5,,125.0,114.7,14.1,,15.9,223.5,,253.8,1675,missing_months,KRISHNAGIRI,
Tamil Nadu,Krishnagiri,IMD110-P1674,1949,0.0,6.4,0.0,20.1,63.9,46.4,118.1,144.7,75.2,217.0,12.3,0.0,704.1,6.4,84.0,384.4,229.3,1675,,KRISHNAGIRI,
Tamil Nadu,Krishnagiri,IMD110-P1674,1950,0.0,46.8,4.1,3.9,45.8,20.4,32.5,112.1,112.1,125.9,72.0,1.2,577.0,46.8,53.9,277.1,199.1,1675,,KRISHNAGIRI,
Tamil Nadu,Krishnagiri,IMD110-P1674,1951,0.0,0.0,40.8,75.1,143.9,24.7,99.7,123.3,140.2,144.0,70.4,0.0,862.1,0.0,259.8,387.9,214.4,1675,,KRISHNAGIRI,
Tamil Nadu,Krishnagiri,IMD110-P1674,1952,0.8,7.3,0.2,13.7,106.2,37.6,103.2,79.4,73.1,160.9,20.0,169.6,772.0,8.1,120.1,293.3,350.5,1675,,KRISHNAGIRI,
Tamil Nadu,Krishnagiri,IMD110-P1674,1953,1.3,6.2,0.0,84.2,92.2,106.8,119.1,113.2,147.3,379.6,28.6,2.6,1081.1,7.5,176.4,486.4,410.8,1675,,KRISHNAGIRI,
Tamil Nadu,Krishnagiri,IMD110-P1674,1954,35.5,5.0,20.3,29.2,188.3,25.4,133.7,123.3,17.1,290.0,0.4,60.0,928.2,40.5,237.8,299.5,350.5,1675,,KRISHNAGIRI,
Tamil Nadu,Krishnagiri,IMD110-P1674,1955,14.2,0.0,2.1,37.3,173.9,41.1,42.9,91.5,129.8,153.8,36.4,30.0,753.1,14.2,213.3,305.3,220.3,1675,,KRISHNAGIRI,
Tamil Nadu,Krishnagiri,IMD110-P1674,1956,2.1,0.3,0.0,15.0,38.2,75.0,72.3,76.8,196.6,308.2,127.8,10.5,922.8,2.4,53.1,420.8,446.5,1675,,KRISHNAGIRI,
Tamil Nadu,Krishnagiri,IMD110-P1674,1957,0.0,1.4,30.7,4.9,105.5,79.0,12.6,64.7,60.9,209.8,109.9,1.6,680.9,1.4,141.1,217.2,321.2,1675,,KRISHNAGIRI,
Tamil Nadu,Krishnagiri,IMD110-P1674,1958,8.9,0.4,10.8,70.7,128.0,33.8,34.6,214.3,151.5,167.5,94.1,8.4,923.1,9.3,209.5,434.2,270.0,1675,,KRISHNAGIRI,
Tamil Nadu,Krishnagiri,IMD110-P1674,1959,0.0,14.4,0.0,42.2,62.1,80.8,14.5,90.1,130.7,167.2,130.9,18.2,751.1,14.4,104.3,316.0,316.3,1675,,KRISHNAGIRI,
Tamil Nadu,Krishnagiri,IMD110-P1674,1960,0.0,0.0,22.0,43.1,54.6,16.9,141.7,53.0,181.0,123.0,134.8,2.1,772.2,0.0,119.7,392.6,259.9,1675,,KRISHNAGIRI,
Tamil Nadu,Krishnagiri,IMD110-P1674,1961,48.0,23.0,0.0,21.5,83.7,87.0,46.9,53.4,145.3,158.1,30.1,6.5,703.5,71.0,105.2,332.6,194.6,1675,,KRISHNAGIRI,
Tamil Nadu,Krishnagiri,IMD110-P1674,1962,1.9,3.0,14.6,86.3,134.7,71.0,30.3,190.1,148.4,291.3,12.2,43.7,1027.4,4.9,235.6,439.8,347.2,1675,,KRISHNAGIRI,
Tamil Nadu,Krishnagiri,IMD110-P1674,1963,14.4,3.5,7.2,53.7,37.3,45.7,61.3,76.4,146.5,228.0,27.8,30.8,732.7,17.8,98.3,329.9,286.7,1675,,KRISHNAGIRI,
Tamil Nadu,Krishnagiri,IMD110-P1674,1964,0.0,0.0,0.0,9.0,76.7,53.9,248.5,34.4,169.3,140.3,204.0,39.8,975.9,0.0,85.7,506.0,384.1,1675,,KRISHNAGIRI,
Tamil Nadu,Krishnagiri,IMD110-P1674,1965,0.0,0.0,15.5,67.1,31.1,17.0,13.2,185.1,114.1,56.5,46.4,68.0,614.0,0.0,113.7,329.4,170.9,1675,,KRISHNAGIRI,
Tamil Nadu,Krishnagiri,IMD110-P1674,1966,1.4,0.0,0.0,32.5,118.1,38.4,113.1,100.4,178.3,218.2,231.7,40.3,1072.3,1.4,150.6,430.1,490.2,1675,,KRISHNAGIRI,
Tamil Nadu,Krishnagiri,IMD110-P1674,1967,27.5,0.0,36.3,18.4,76.3,103.2,78.8,17.0,166.4,182.1,84.8,128.6,919.4,27.5,131.0,365.4,395.5,1675,,KRISHNAGIRI,
Tamil Nadu,Krishnagiri,IMD110-P1674,1968,0.0,0.2,3.9,43.5,89.0,62.7,18.2,75.3,239.2,198.9,42.1,20.3,793.2,0.2,136.4,395.3,261.3,1676,,KRISHNAGIRI,
Tamil Nadu,Krishnagiri,IMD110-P1674,1969,0.0,0.0,2.3,9.5,122.0,13.6,31.1,154.3,17.0,262.1,155.4,52.5,819.6,0.0,133.7,215.9,470.0,1676,,KRISHNAGIRI,
Tamil Nadu,Krishnagiri,IMD110-P1674,1970,14.8,4.5,0.3,30.3,140.4,37.6,116.0,38.0,117.5,252.1,39.7,1.1,792.3,19.3,171.1,309.1,292.8,1676,,KRISHNAGIRI,
Tamil Nadu,Krishnagiri,IMD110-P1674,1971,10.5,3.0,38.5,38.2,147.7,28.3,40.6,176.9,,154.6,39.0,66.5,,13.5,224.4,,260.1,1676,missing_months,KRISHNAGIRI,
Tamil Nadu,Krishnagiri,IMD110-P1674,1972,1.3,,0.0,32.2,105.7,118.4,18.9,28.4,304.4,214.8,65.9,224.0,,,137.9,470.2,504.7,1676,missing_months,KRISHNAGIRI,
Tamil Nadu,Krishnagiri,IMD110-P1674,1973,0.0,0.0,0.0,2.6,98.0,38.3,145.2,93.5,237.6,179.1,52.0,56.0,902.2,0.0,100.6,514.6,287.1,1676,,KRISHNAGIRI,
Tamil Nadu,Krishnagiri,IMD110-P1674,1974,0.0,0.0,0.6,11.0,133.1,53.9,107.3,53.7,312.9,147.4,14.4,0.0,834.2,0.0,144.7,527.8,161.7,1676,,KRISHNAGIRI,
Tamil Nadu,Krishnagiri,IMD110-P1674,1975,0.0,0.3,9.4,4.0,169.7,40.4,108.4,105.5,166.1,248.2,99.0,1.0,952.0,0.3,183.1,420.4,348.2,1676,,KRISHNAGIRI,
Tamil Nadu,Krishnagiri,IMD110-P1674,1976,2.0,0.0,0.0,40.9,40.3,26.7,60.3,166.5,73.6,73.7,131.6,24.0,639.6,2.0,81.2,327.2,229.2,1676,,KRISHNAGIRI,
Tamil Nadu,Krishnagiri,IMD110-P1674,1977,0.0,14.3,4.7,25.0,170.3,47.7,58.0,121.9,144.9,238.8,170.5,1.7,997.8,14.3,200.0,372.5,410.9,1676,,KRISHNAGIRI,
Tamil Nadu,Krishnagiri,IMD110-P1674,1978,0.0,8.4,5.8,51.9,75.8,12.0,94.7,37.6,183.3,112.7,121.2,38.8,742.5,8.4,133.5,327.7,272.8,1676,,KRISHNAGIRI,
Tamil Nadu,Krishnagiri,IMD110-P1674,1979,0.0,73.5,1.9,20.8,74.3,44.4,79.3,78.9,228.6,51.8,187.2,10.9,851.5,73.5,97.0,431.2,249.9,1676,,KRISHNAGIRI,
Tamil Nadu,Krishnagiri,IMD110-P1674,1980,0.0,0.0,8.3,13.0,80.6,18.9,29.0,35.0,99.1,86.2,133.9,9.1,513.2,0.0,101.9,182.0,229.2,1676,,KRISHNAGIRI,
Tamil Nadu,Krishnagiri,IMD110-P1674,1981,3.4,0.0,37.1,26.5,90.5,2.0,103.9,106.1,273.0,214.6,72.7,26.0,955.8,3.4,154.1,485.0,313.3,1676,,KRISHNAGIRI,
Tamil Nadu,Krishnagiri,IMD110-P1674,1982,0.0,0.0,5.4,10.3,112.6,32.0,13.9,25.8,125.0,64.6,89.3,3.0,481.8,0.0,128.2,196.7,156.9,1676,,KRISHNAGIRI,
Tamil Nadu,Krishnagiri,IMD110-P1674,1983,0.0,0.0,5.9,7.8,131.6,145.9,48.7,111.0,212.6,53.6,25.4,112.2,854.6,0.0,145.3,518.1,191.3,1676,,KRISHNAGIRI,
Tamil Nadu,Krishnagiri,IMD110-P1674,1984,5.3,57.3,51.9,30.5,56.7,9.7,164.4,3.2,187.2,123.4,35.8,24.7,750.0,62.6,139.0,364.5,183.9,1676,,KRISHNAGIRI,
Tamil Nadu,Krishnagiri,IMD110-P1674,1985,25.5,0.0,13.1,41.7,36.8,46.0,53.7,141.1,237.7,59.5,54.2,11.4,720.7,25.5,91.6,478.5,125.1,1676,,KRISHNAGIRI,
Tamil Nadu,Krishnagiri,IMD110-P1674,1986,33.6,7.3,0.0,50.9,109.0,72.4,53.7,121.8,270.1,258.5,131.7,5.0,1114.0,40.8,159.9,518.0,395.3,1676,,KRISHNAGIRI,
Tamil Nadu,Krishnagiri,IMD110-P1674,1987,1.4,0.0,21.3,21.9,61.4,58.6,36.1,41.0,192.4,119.5,92.3,90.1,736.1,1.4,104.7,328.2,301.8,1676,,KRISHNAGIRI,
Tamil Nadu,Krishnagiri,IMD110-P1674,1988,0.0,0.0,23.0,79.6,89.4,28.8,87.2,170.7,177.5,30.4,12.4,11.2,710.1,0.0,192.0,464.1,54.0,1676,,KRISHNAGIRI,
Tamil Nadu,Krishnagiri,IMD110-P1674,1989,0.0,0.0,6.6,23.8,64.0,42.2,167.4,29.3,163.4,209.8,43.5,7.7,757.7,0.0,94.4,402.3,261.0,1676,,KRISHNAGIRI,
Tamil Nadu,Krishnagiri,IMD110-P1674,1990,9.8,5.0,26.5,9.2,122.6,10.2,19.8,47.7,197.6,93.5,71.3,12.5,625.7,14.9,158.2,275.3,177.3,1676,,KRISHNAGIRI,
Tamil Nadu,Krishnagiri,IMD110-P1674,1991,7.4,0.7,2.3,63.4,57.9,164.6,23.6,46.2,215.8,302.9,201.4,1.5,1087.7,8.1,123.5,450.2,505.8,1676,,KRISHNAGIRI,
Tamil Nadu,Krishnagiri,IMD110-P1674,1992,1.8,0.0,0.0,9.7,72.8,52.9,50.4,42.7,133.3,124.0,114.9,3.3,605.7,1.8,82.6,279.2,242.1,1676,,KRISHNAGIRI,
Tamil Nadu,Krishnagiri,IMD110-P1674,1993,0.0,0.2,16.7,5.9,75.8,65.9,58.5,100.8,123.1,233.9,74.8,95.6,851.3,0.2,98.4,348.4,404.3,1676,,KRISHNAGIRI,
Tamil Nadu,Krishnagiri,IMD110-P1674,1994,0.0,4.6,1.0,30.0,103.3,16.4,55.8,68.2,105.0,239.3,98.4,4.7,726.7,4.6,134.3,245.3,342.4,1676,,KRISHNAGIRI,
Tamil Nadu,Krishnagiri,IMD110-P1674,1995,2.5,0.0,28.1,12.4,136.2,78.1,124.7,171.6,98.3,142.3,70.2,0.0,864.4,2.5,176.7,472.6,212.5,1676,,KRISHNAGIRI,
Tamil Nadu,Krishnagiri,IMD110-P1674,1996,0.0,0.0,4.5,102.7,60.5,101.7,27.8,129.2,313.6,160.5,23.4,43.6,967.5,0.0,167.7,572.3,227.5,1676,,KRISHNAGIRI,
Tamil Nadu,Krishnagiri,IMD110-P1674,1997,4.7,,10.9,81.1,53.2,49.8,34.8,36.5,211.5,198.7,161.1,58.7,,,145.1,332.6,418.4,1676,missing_months,KRISHNAGIRI,
Tamil Nadu,Krishnagiri,IMD110-P1674,1998,,,17.5,26.7,34.6,41.4,82.1,207.2,100.0,146.3,62.1,52.3,,,78.8,430.7,260.8,1676,missing_months,KRISHNAGIRI,
Tamil Nadu,Krishnagiri,IMD110-P1674,1999,12.6,,,65.0,116.3,31.5,24.7,63.2,210.3,327.6,99.3,18.2,,,,329.7,445.2,1676,missing_months,KRISHNAGIRI,
Tamil Nadu,Krishnagiri,IMD110-P1674,2000,,30.8,14.8,32.9,103.0,14.7,58.0,240.2,251.4,174.9,44.3,28.0,,,150.6,564.4,247.3,1676,missing_months,KRISHNAGIRI,
Tamil Nadu,Krishnagiri,IMD110-P1674,2001,4.7,,18.9,97.7,45.4,8.9,44.8,27.6,158.2,95.7,32.4,13.2,,,162.0,239.6,141.2,1676,missing_months,KRISHNAGIRI,
Tamil Nadu,Krishnagiri,IMD110-P1674,2002,0.1,0.0,10.4,11.3,48.3,28.5,3.2,41.3,55.7,57.8,13.0,5.6,275.1,0.1,69.9,128.6,76.5,1677,,KRISHNAGIRI,
Tamil Nadu,Krishnagiri,IMD110-P1674,2003,0.0,0.1,19.4,13.0,17.3,21.2,30.5,59.5,40.6,102.2,8.3,4.7,316.9,0.1,49.7,151.8,115.3,1677,,KRISHNAGIRI,
Tamil Nadu,Krishnagiri,IMD110-P1674,2004,0.0,0.0,0.7,14.4,87.7,7.7,,,,,,,,0.0,102.8,,,1677,missing_months,KRISHNAGIRI,
Tamil Nadu,Krishnagiri,IMD110-P1674,2005,0.0,0.0,7.7,113.7,114.6,70.0,12.3,122.8,144.3,409.2,157.5,74.9,1226.9,0.0,236.0,349.3,641.6,1677,,KRISHNAGIRI,
Tamil Nadu,Krishnagiri,IMD110-P1674,2006,0.0,0.0,42.0,17.8,70.1,75.0,7.2,117.2,63.9,23.8,81.0,6.4,504.3,0.0,129.9,263.3,111.1,1677,,KRISHNAGIRI,
Tamil Nadu,Krishnagiri,IMD110-P1674,2007,0.0,0.0,0.0,87.5,102.6,54.1,99.8,136.5,83.3,148.2,52.6,,,0.0,190.1,373.6,,1677,missing_months,KRISHNAGIRI,
Tamil Nadu,Krishnagiri,IMD110-P1674,2008,0.0,0.0,158.2,33.8,109.4,,,,,,,,,0.0,301.4,,,1677,missing_months,KRISHNAGIRI,
Tamil Nadu,Krishnagiri,IMD110-P1674,2009,0.6,0.0,,47.5,157.2,44.1,10.4,119.8,295.6,27.5,156.9,51.4,,0.6,,469.9,235.8,1677,missing_months,KRISHNAGIRI,
Tamil Nadu,Krishnagiri,IMD110-P1674,2010,0.0,0.4,0.0,46.8,163.9,56.6,130.3,101.4,69.2,133.4,279.7,14.9,996.8,0.4,210.8,357.5,428.0,1677,,KRISHNAGIRI,
Tamil Nadu,Madurai,IMD110-P1678,1901,35.1,7.9,45.8,77.5,79.4,25.4,9.9,68.1,265.4,164.2,163.7,42.8,985.2,43.0,202.8,368.7,370.7,1678,,MADURAI,
Tamil Nadu,Madurai,IMD110-P1678,1902,85.9,0.4,42.2,50.1,75.3,77.8,9.6,102.2,72.0,262.0,149.5,103.5,1030.6,86.4,167.6,261.6,515.0,1678,,MADURAI,
Tamil Nadu,Madurai,IMD110-P1678,1903,28.9,2.4,0.7,18.5,90.6,54.4,40.3,112.0,234.3,149.4,173.3,209.3,1114.1,31.3,109.8,440.9,532.0,1678,,MADURAI,
Tamil Nadu,Madurai,IMD110-P1678,1904,22.5,0.0,0.0,19.6,141.5,1.3,60.3,60.3,131.4,213.8,21.3,26.8,698.7,22.5,161.1,253.3,261.9,1678,,MADURAI,
Tamil Nadu,Madurai,IMD110-P1678,1905,0.1,13.7,2.3,72.9,96.2,26.3,4.4,100.6,88.2,207.2,114.5,0.6,726.9,13.9,171.3,219.5,322.3,1678,,MADURAI,
Tamil Nadu,Madurai,IMD110-P1678,1906,13.9,26.5,16.2,12.6,36.9,50.6,39.3,158.6,94.4,133.9,155.2,45.6,783.9,40.5,65.8,343.0,334.7,1678,,MADURAI,
Tamil Nadu,Madurai,IMD110-P1678,1907,6.4,0.0,14.2,102.4,65.5,27.1,62.9,20.1,123.3,149.5,114.8,34.8,720.9,6.4,182.1,233.3,299.1,1678,,MADURAI,
Tamil Nadu,Madurai,IMD110-P1678,1908,7.2,51.5,30.2,27.9,53.5,6.3,22.1,62.4,178.5,310.6,17.7,0.9,769.0,58.7,111.7,269.3,329.3,1678,,MADURAI,
Tamil Nadu,Madurai,IMD110-P1678,1909,88.3,15.8,4.2,159.3,88.2,27.0,2.1,215.0,69.5,311.8,162.6,13.2,1157.1,104.1,251.7,313.6,487.7,1678,,MADURAI,
Tamil Nadu,Madurai,IMD110-P1678,1910,33.2,16.8,0.0,28.1,55.5,86.9,130.5,200.0,75.9,326.5,203.2,0.0,1156.6,50.0,83.6,493.4,529.6,1678,,MADURAI,
Tamil Nadu,Madurai,IMD110-P1678,1911,1.3,1.4,0.8,44.4,53.2,90.6,10.0,14.3,136.8,95.1,154.2,112.4,714.5,2.7,98.4,251.7,361.8,1678,,MADURAI,
Tamil Nadu,Madurai,IMD110-P1678,1912,1.2,0.2,0.5,20.9,105.1,35.9,1.3,71.4,147.4,246.8,203.7,13.4,847.9,1.4,126.5,256.0,463.9,1678,,MADURAI,
Tamil Nadu,Madurai,IMD110-P1678,1913,0.5,2.4,1.3,11.9,79.9,39.3,22.6,60.5,101.8,118.6,68.8,52.9,560.4,2.9,93.1,224.2,240.2,1678,,MADURAI,
Tamil Nadu,Madurai,IMD110-P1678,1914,3.6,0.0,3.5,59.5,72.3,30.1,4.3,107.3,75.5,199.0,86.2,103.0,744.2,3.6,135.4,217.1,388.2,1678,,MADURAI,
Tamil Nadu,Madurai,IMD110-P1678,1915,27.6,10.9,35.0,52.2,62.5,52.5,96.3,109.8,138.1,158.2,287.5,39.8,1070.5,38.5,149.7,396.8,485.5,1678,,MADURAI,
Tamil Nadu,Madurai,IMD110-P1678,1916,0.0,0.8,0.3,39.7,79.7,6.2,174.9,91.1,69.1,190.4,58.3,20.2,730.7,0.8,119.6,341.3,269.0,1678,,MADURAI,
Tamil Nadu,Madurai,IMD110-P1678,1917,19.4,61.6,76.5,4.7,110.6,36.9,23.7,168.4,226.4,166.8,130.4,102.3,1127.7,81.0,191.8,455.5,399.5,1678,,MADURAI,
Tamil Nadu,Madurai,IMD110-P1678,1918,71.6,0.0,25.9,5.8,83.7,22.8,49.9,53.2,24.4,116.1,305.1,79.9,838.4,71.6,115.5,150.3,501.1,1678,,MADURAI,
Tamil Nadu,Madurai,IMD110-P1678,1919,7.9,0.4,11.5,26.6,102.4,21.9,64.9,20.3,131.4,209.1,201.8,59.2,857.5,8.4,140.5,238.6,470.1,1678,,MADURAI,
Tamil Nadu,Madurai,IMD110-P1678,1920,95.6,1.8,13.7,88.6,135.1,44.3,7.4,105.5,165.5,107.6,300.0,0.8,1065.9,97.3,237.4,322.8,408.5,1678,,MADURAI,
Tamil Nadu,Madurai,IMD110-P1678,1921,199.2,0.0,7.1,64.2,37.2,67.7,97.8,119.4,98.4,270.6,124.4,71.5,1157.5,199.2,108.5,383.3,466.5,1678,,MADURAI,
Tamil Nadu,Madurai,IMD110-P1678,1922,17.3,13.7,10.9,58.8,140.7,21.4,2.8,72.3,55.4,313.3,224.3,171.9,1102.6,31.0,210.4,151.8,709.5,1678,,MADURAI,
Tamil Nadu,Madurai,IMD110-P1678,1923,64.5,7.9,35.2,22.5,41.0,9.5,2.3,11.2,65.0,191.7,39.9,119.3,610.1,72.4,98.7,88.0,350.9,1678,,MADURAI,
Tamil Nadu,Madurai,IMD110-P1678,1924,30.2,0.0,26.5,29.7,81.0,26.8,70.5,65.6,192.4,40.7,155.8,6.6,725.9,30.2,137.2,355.4,203.2,1678,,MADURAI,
Tamil Nadu,Madurai,IMD110-P1678,1925,17.5,0.0,58.5,41.5,78.2,50.3,39.5,68.4,40.6,123.1,269.7,149.3,936.5,17.5,178.1,198.7,542.1,1678,,MADURAI,
Tamil Nadu,Madurai,IMD110-P1678,1926,55.9,0.2,21.4,54.0,60.1,20.1,28.8,83.5,113.8,293.1,26.3,3.0,760.2,56.1,135.6,246.2,322.3,1678,,MADURAI,
Tamil Nadu,Madurai,IMD110-P1678,1927,9.0,30.1,8.1,100.5,112.1,62.8,8.1,78.0,130.2,109.7,202.3,26.9,877.9,39.1,220.7,279.1,338.9,1678,,MADURAI,
Tamil Nadu,Madurai,IMD110-P1678,1928,1.3,64.0,10.1,80.1,71.0,4.9,78.1,15.5,50.0,221.1,169.9,54.6,820.6,65.2,161.1,148.6,445.7,1678,,MADURAI,
Tamil Nadu,Madurai,IMD110-P1678,1929,11.4,64.3,13.8,144.5,46.4,23.1,5.1,53.7,157.5,179.6,164.7,74.4,938.5,75.8,204.7,239.3,418.7,1678,,MADURAI,
Tamil Nadu,Madurai,IMD110-P1678,1930,18.2,74.8,19.1,51.5,86.7,58.3,11.5,73.2,62.5,321.9,337.5,102.5,1217.7,93.0,157.2,205.5,761.9,1678,,MADURAI,
Tamil Nadu,Madurai,IMD110-P1678,1931,15.2,0.0,0.1,59.4,50.4,16.7,59.9,25.2,62.5,192.4,224.9,115.8,822.5,15.2,109.9,164.3,533.1,1678,,MADURAI,
Tamil Nadu,Madurai,IMD110-P1678,1932,0.4,38.3,2.4,65.7,92.8,44.9,11.8,165.6,49.7,223.5,210.2,30.9,936.4,38.8,160.9,272.1,464.6,1678,,MADURAI,
Tamil Nadu,Madurai,IMD110-P1678,1933,0.2,1.6,4.7,75.7,112.7,10.7,45.7,262.6,71.2,228.7,184.5,14.8,1012.9,1.8,193.0,390.1,428.0,1678,,MADURAI,
Tamil Nadu,Madurai,IMD110-P1678,1934,118.5,0.0,5.3,31.4,52.0,55.4,34.7,25.1,30.5,280.2,67.2,4.6,704.9,118.5,88.7,145.7,352.1,1679,,MADURAI,
Tamil Nadu,Madurai,IMD110-P1678,1935,20.5,2.1,0.1,49.9,33.1,74.7,9.0,135.7,55.2,157.8,107.6,41.3,687.1,22.6,83.2,274.5,306.7,1679,,MADURAI,
Tamil Nadu,Madurai,IMD110-P1678,1936,1.9,91.4,80.3,52.7,45.0,14.4,63.0,33.8,103.3,71.0,238.4,53.3,848.4,93.3,177.9,214.5,362.7,1679,,MADURAI,
Tamil Nadu,Madurai,IMD110-P1678,1937,1.0,4.8,24.1,79.5,53.3,17.5,5.0,126.1,163.1,95.5,247.0,0.3,817.2,5.8,157.0,311.7,342.7,1679,,MADURAI,
Tamil Nadu,Madurai,IMD110-P1678,1938,0.2,22.5,81.7,36.8,58.0,13.3,108.0,105.1,104.4,75.3,79.1,61.5,745.9,22.7,176.5,330.8,215.9,1679,,MADURAI,
Tamil Nadu,Madurai,IMD110-P1678,1939,21.9,6.6,29.8,90.0,64.5,61.0,7.2,74.2,96.6,200.9,146.9,2.5,802.0,28.4,184.2,239.1,350.3,1679,,MADURAI,
Tamil Nadu,Madurai,IMD110-P1678,1940,0.0,0.0,15.9,124.7,106.4,74.8,26.1,92.3,145.3,141.8,357.7,65.7,1150.8,0.0,247.1,338.4,565.3,1679,,MADURAI,
Tamil Nadu,Madurai,IMD110-P1678,1941,34.9,0.1,0.1,150.8,32.0,32.6,19.2,63.3,136.2,200.2,162.2,30.4,861.9,34.9,182.9,251.3,392.8,1679,,MADURAI,
Tamil Nadu,Madurai,IMD110-P1678,1942,0.0,0.0,2.1,99.8,43.1,20.8,10.5,141.9,164.3,230.7,69.7,126.6,909.5,0.0,145.1,337.5,426.9,1679,,MADURAI,
Tamil Nadu,Madurai,IMD110-P1678,1943,214.7,8.7,13.1,77.4,46.8,11.4,9.9,68.6,78.4,271.4,117.8,42.8,961.1,223.4,137.4,168.4,432.0,1679,,MADURAI,
Tamil Nadu,Madurai,IMD110-P1678,1944,5.3,54.2,80.0,63.5,56.6,43.1,22.8,107.9,248.1,247.4,213.8,84.5,1227.2,59.5,200.1,421.9,545.7,1679,,MADURAI,
Tamil Nadu,Madurai,IMD110-P1678,1945,8.5,13.6,0.6,79.8,65.5,5.7,20.7,99.1,54.0,191.9,184.0,5.3,728.6,22.1,145.9,179.5,381.1,1679,,MADURAI,
Tamil Nadu,Madurai,IMD110-P1678,1946,4.4,3.5,50.4,59.3,70.9,15.2,22.2,36.9,165.3,147.9,276.9,186.6,1039.4,7.9,180.5,239.6,611.4,1679,,MADURAI,
Tamil Nadu,Madurai,IMD110-P1678,1947,30.5,0.8,146.0,247.1,64.5,8.6,36.8,98.0,118.8,343.0,10.5,34.0,1138.7,31.3,457.6,262.2,387.6,1679,,MADURAI,
Tamil Nadu,Madurai,IMD110-P1678,1948,37.4,13.2,1.1,26.1,71.4,14.2,44.4,109.4,69.4,159.7,208.3,30.7,785.4,50.6,98.6,237.5,398.7,1679,,MADURAI,
Tamil Nadu,Madurai,IMD110-P1678,1949,25.2,20.9,0.0,114.7,110.8,41.3,87.7,187.2,102.1,137.1,72.4,0.0,899.5,46.2,225.5,418.4,209.5,1679,,MADURAI,
Tamil Nadu,Madurai,IMD110-P1678,1950,0.1,96.5,14.1,25.7,74.3,0.8,30.9,158.6,45.6,325.3,45.6,25.3,842.8,96.6,114.1,236.0,396.1,1679,,MADURAI,
Tamil Nadu,Madurai,IMD110-P1678,1951,13.4,0.0,12.3,190.1,68.8,0.4,77.5,86.9,209.3,124.3,160.3,1.0,944.4,13.4,271.3,374.1,285.6,1679,,MADURAI,
Tamil Nadu,Madurai,IMD110-P1678,1952,16.7,54.5,15.8,12.4,26.8,19.4,25.3,61.5,49.5,137.5,59.6,50.5,529.5,71.2,55.0,155.7,247.6,1679,,MADURAI,
Tamil Nadu,Madurai,IMD110-P1678,1953,1.3,30.2,1.2,200.6,33.5,79.5,75.5,88.6,165.2,336.5,126.5,18.4,1156.9,31.6,235.3,408.8,481.3,1679,,MADURAI,
Tamil Nadu,Madurai,IMD110-P1678,1954,101.0,2.9,17.3,91.4,133.8,33.7,39.7,221.4,45.9,212.1,27.8,25.5,952.5,103.9,242.5,340.7,265.4,1679,,MADURAI,
Tamil Nadu,Madurai,IMD110-P1678,1955,9.1,0.4,14.0,90.4,75.3,18.2,88.8,53.1,100.9,222.7,189.3,179.7,1042.0,9.5,179.7,261.1,591.7,1679,,MADURAI,
Tamil Nadu,Madurai,IMD110-P1678,1956,42.6,0.0,0.0,35.6,28.5,60.1,11.9,127.8,122.2,361.7,277.6,35.2,1103.2,42.6,64.1,322.0,674.5,1679,,MADURAI,
Tamil Nadu,Madurai,IMD110-P1678,1957,0.0,6.3,0.5,16.1,64.5,12.4,41.5,57.1,138.1,196.2,172.9,36.5,742.3,6.3,81.1,249.2,405.7,1679,,MADURAI,
Tamil Nadu,Madurai,IMD110-P1678,1958,12.1,7.4,28.1,44.6,120.3,16.4,1.8,120.7,74.1,108.3,111.9,17.1,663.0,19.5,192.9,213.1,237.4,1679,,MADURAI,
Tamil Nadu,Madurai,IMD110-P1678,1959,3.2,41.2,0.0,73.1,56.4,53.0,2.8,57.5,99.1,120.1,165.8,32.4,704.6,44.4,129.5,212.4,318.3,1679,,MADURAI,
Tamil Nadu,Madurai,IMD110-P1678,1960,0.2,6.7,23.7,69.8,44.1,24.2,134.5,50.2,95.4,117.3,353.8,12.4,932.3,6.9,137.6,304.3,483.5,1679,,MADURAI,
Tamil Nadu,Madurai,IMD110-P1678,1961,45.0,24.7,2.0,15.1,109.9,60.9,5.7,65.1,61.2,121.0,54.1,47.4,612.0,69.6,126.9,193.0,222.5,1679,,MADURAI,
Tamil Nadu,Madurai,IMD110-P1678,1962,13.2,5.4,13.6,27.3,63.3,41.9,7.0,86.5,77.4,382.7,33.4,39.5,791.4,18.7,104.2,212.9,455.6,1679,,MADURAI,
Tamil Nadu,Madurai,IMD110-P1678,1963,35.8,1.6,48.2,40.7,26.1,48.3,86.8,27.6,108.2,115.9,137.5,128.7,805.5,37.5,114.9,271.1,382.1,1679,,MADURAI,
Tamil Nadu,Madurai,IMD110-P1678,1964,0.0,0.0,11.0,6.3,54.0,36.6,183.3,70.5,67.3,309.3,119.8,126.3,984.3,0.0,71.2,357.7,555.4,1679,,MADURAI,
Tamil Nadu,Madurai,IMD110-P1678,1965,2.0,1.5,7.7,40.6,36.7,3.7,22.7,121.7,150.3,184.1,56.1,91.3,718.4,3.5,84.9,298.4,331.6,1679,,MADURAI,
Tamil Nadu,Madurai,IMD110-P1678,1966,16.2,6.1,7.0,39.6,16.2,65.9,34.2,198.9,219.0,241.7,136.1,99.3,1080.1,22.3,62.7,518.1,477.0,1679,,MADURAI,
Tamil Nadu,Madurai,IMD110-P1678,1967,0.5,0.1,90.7,20.3,35.8,80.2,14.8,47.8,92.1,184.2,104.9,79.5,751.0,0.6,146.9,235.0,368.6,1679,,MADURAI,
Tamil Nadu,Madurai,IMD110-P1678,1968,0.7,2.7,38.7,126.8,7.0,38.8,0.6,50.6,72.1,150.1,196.8,36.0,721.0,3.5,172.5,162.2,382.9,1680,,MADURAI,
Tamil Nadu,Madurai,IMD110-P1678,1969,0.1,12.4,0.0,69.7,36.0,27.3,12.1,127.9,48.4,162.9,66.6,99.4,662.9,12.5,105.7,215.7,329.0,1680,,MADURAI,
Tamil Nadu,Madurai,IMD110-P1678,1970,3.6,18.0,1.7,50.8,70.5,32.6,81.4,172.9,106.9,301.9,167.8,1.1,1009.3,21.6,123.0,393.8,470.9,1680,,MADURAI,
Tamil Nadu,Madurai,IMD110-P1678,1971,10.0,10.4,14.5,19.0,89.3,19.2,98.0,181.1,135.4,271.8,58.0,194.6,1101.2,20.4,122.8,433.7,524.3,1680,,MADURAI,
Tamil Nadu,Madurai,IMD110-P1678,1972,0.8,1.0,0.0,3.0,211.5,47.9,17.1,37.6,176.9,280.3,121.1,44.2,941.5,1.8,214.6,279.5,445.7,1680,,MADURAI,
Tamil Nadu,Madurai,IMD110-P1678,1973,0.0,0.0,4.3,20.9,62.8,19.4,66.0,30.6,196.7,202.7,54.9,171.2,829.4,0.0,87.9,312.7,428.8,1680,,MADURAI,
Tamil Nadu,Madurai,IMD110-P1678,1974,0.1,3.9,2.2,43.7,27.7,43.6,23.1,25.0,152.1,94.5,38.6,9.6,464.0,3.9,73.6,243.8,142.7,1680,,MADURAI,
Tamil Nadu,Madurai,IMD110-P1678,1975,1.1,2.2,43.4,13.1,104.7,0.6,111.6,72.9,191.7,90.5,102.8,11.3,745.9,3.3,161.3,376.8,204.6,1680,,MADURAI,
Tamil Nadu,Madurai,IMD110-P1678,1976,0.4,0.0,11.6,68.8,31.6,41.8,33.4,115.7,176.8,90.5,154.2,47.0,771.8,0.4,112.0,367.6,291.8,1680,,MADURAI,
Tamil Nadu,Madurai,IMD110-P1678,1977,0.0,24.3,15.4,58.5,138.8,25.4,47.0,159.3,158.4,344.2,259.5,3.7,1234.5,24.3,212.6,390.1,607.5,1680,,MADURAI,
Tamil Nadu,Madurai,IMD110-P1678,1978,0.0,6.6,1.9,42.9,42.6,1.6,57.8,12.6,154.4,163.5,141.4,133.9,759.3,6.6,87.4,226.5,438.8,1680,,MADURAI,
Tamil Nadu,Madurai,IMD110-P1678,1979,4.3,45.8,14.4,26.0,22.5,29.0,46.9,59.6,160.3,101.8,462.1,3.8,976.5,50.2,62.8,295.8,567.7,1680,,MADURAI,
Tamil Nadu,Madurai,IMD110-P1678,1980,0.0,0.0,15.9,71.5,53.0,9.2,10.5,18.0,134.1,138.3,88.5,32.8,571.9,0.0,140.4,171.9,259.6,1680,,MADURAI,
Tamil Nadu,Madurai,IMD110-P1678,1981,1.7,3.8,20.8,18.5,68.4,70.9,97.0,57.0,292.1,261.5,99.8,61.1,1052.6,5.5,107.7,517.1,422.4,1680,,MADURAI,
Tamil Nadu,Madurai,IMD110-P1678,1982,0.1,0.0,10.1,45.8,62.9,17.6,22.3,43.2,92.0,110.2,180.6,23.9,608.6,0.1,118.8,175.1,314.6,1680,,MADURAI,
Tamil Nadu,Madurai,IMD110-P1678,1983,0.0,0.0,0.0,0.4,114.1,65.7,74.5,71.6,113.9,137.8,99.8,136.9,814.8,0.0,114.5,325.8,374.5,1680,,MADURAI,
Tamil Nadu,Madurai,IMD110-P1678,1984,13.0,95.9,113.3,58.8,18.3,0.2,95.9,31.5,131.9,115.3,49.7,32.5,756.2,108.9,190.4,259.5,197.5,1680,,MADURAI,
Tamil Nadu,Madurai,IMD110-P1678,1985,88.8,1.1,13.2,21.7,26.4,25.1,31.0,104.3,155.9,72.9,96.9,14.7,652.1,90.0,61.4,316.3,184.5,1680,,MADURAI,
Tamil Nadu,Madurai,IMD110-P1678,1986,16.3,9.2,12.5,11.1,77.8,9.1,85.0,76.1,83.7,144.7,138.2,30.0,693.7,25.5,101.4,253.9,312.9,1680,,MADURAI,
Tamil Nadu,Madurai,IMD110-P1678,1987,0.0,0.0,42.1,24.3,79.6,50.4,8.6,76.3,209.1,,,103.6,,0.0,145.9,344.5,,1680,missing_months,MADURAI,
Tamil Nadu,Madurai,IMD110-P1678,1988,0.0,3.6,31.8,137.4,41.0,31.2,89.9,108.8,127.9,116.8,59.2,7.4,755.1,3.6,210.2,357.9,183.4,1680,,MADURAI,
Tamil Nadu,Madurai,IMD110-P1678,1989,2.0,0.0,39.4,56.1,64.9,35.9,157.8,59.4,143.6,251.9,88.5,4.4,903.8,2.0,160.4,396.6,344.7,1680,,MADURAI,
Tamil Nadu,Madurai,IMD110-P1678,1990,158.1,10.7,18.1,10.9,78.7,66.7,52.5,47.8,142.2,162.3,193.8,27.5,969.4,168.8,107.7,309.2,383.6,1680,,MADURAI,
Tamil Nadu,Madurai,IMD110-P1678,1991,37.9,6.1,2.0,69.0,16.0,117.7,71.7,52.3,171.6,203.2,134.6,45.4,927.5,43.9,87.0,413.3,383.3,1680,,MADURAI,
Tamil Nadu,Madurai,IMD110-P1678,1992,0.1,3.0,0.0,73.8,84.3,56.0,91.3,80.1,197.6,144.4,269.2,44.6,1044.5,3.1,158.1,424.9,458.3,1680,,MADURAI,
Tamil Nadu,Madurai,IMD110-P1678,1993,0.0,10.8,24.0,18.6,63.8,52.7,75.2,135.6,120.6,226.0,383.7,108.4,1219.3,10.8,106.4,384.0,718.1,1680,,MADURAI,
Tamil Nadu,Madurai,IMD110-P1678,1994,1.8,23.7,3.9,47.3,92.6,27.7,60.9,88.6,113.2,288.2,148.8,2.3,899.1,25.5,143.8,290.4,439.4,1680,,MADURAI,
Tamil Nadu,Madurai,IMD110-P1678,1995,5.5,4.6,21.6,58.7,162.0,82.7,94.1,123.3,104.3,169.1,77.8,1.0,904.7,10.1,242.4,404.3,247.9,1680,,MADURAI,
Tamil Nadu,Madurai,IMD110-P1678,1996,9.0,0.6,0.0,128.0,39.8,89.7,82.5,112.6,118.9,257.5,60.2,98.5,997.4,9.6,167.8,403.8,416.2,1680,,MADURAI,
Tamil Nadu,Madurai,IMD110-P1678,1997,2.3,0.0,0.2,85.9,61.1,47.0,50.2,47.0,111.2,306.8,296.7,111.7,1120.0,2.3,147.2,255.4,715.1,1680,,MADURAI,
Tamil Nadu,Madurai,IMD110-P1678,1998,1.5,1.1,,37.7,67.0,58.5,124.6,183.7,110.1,150.2,322.2,143.2,,2.6,,476.9,615.7,1680,missing_months,MADURAI,
Tamil Nadu,Madurai,IMD110-P1678,1999,7.5,8.9,0.5,97.7,76.1,43.4,52.2,100.6,50.5,341.8,94.0,33.2,906.4,16.4,174.3,246.8,469.0,1680,,MADURAI,
Tamil Nadu,Madurai,IMD110-P1678,2000,22.4,106.2,4.0,37.3,83.4,59.0,65.5,96.1,211.3,86.7,116.9,74.5,963.3,128.6,124.7,431.9,278.1,1680,,MADURAI,
Tamil Nadu,Madurai,IMD110-P1678,2001,21.2,7.0,15.1,125.3,36.5,47.1,17.4,6.7,41.8,51.5,37.1,6.4,413.2,28.2,176.9,113.0,95.1,1680,,MADURAI,
Tamil Nadu,Madurai,IMD110-P1678,2002,0.0,23.1,12.5,12.5,24.6,15.4,10.6,43.4,43.9,145.2,57.0,6.2,394.5,23.1,49.7,113.3,208.4,1681,,MADURAI,
Tamil Nadu,Madurai,IMD110-P1678,2003,0.0,0.2,19.3,29.5,38.1,10.8,40.2,78.6,50.5,96.4,48.7,5.8,418.1,0.2,86.9,180.2,150.9,1681,,MADURAI,
Tamil Nadu,Madurai,IMD110-P1678,2004,0.8,0.0,10.7,14.7,60.6,25.9,16.0,26.6,173.9,147.9,113.9,5.8,596.9,0.8,86.1,242.4,267.6,1681,,MADURAI,
Tamil Nadu,Madurai,IMD110-P1678,2005,0.0,6.3,48.3,128.0,133.7,9.6,64.1,87.9,83.9,286.2,330.8,80.5,1259.2,6.3,309.9,245.5,697.5,1681,,MADURAI,
Tamil Nadu,Madurai,IMD110-P1678,2006,6.6,0.2,87.1,57.3,33.2,15.4,3.5,57.2,74.2,257.5,136.9,6.8,735.8,6.8,177.6,150.2,401.2,1681,,MADURAI,
Tamil Nadu,Madurai,IMD110-P1678,2007,6.8,3.9,0.0,58.8,42.8,62.6,11.1,109.5,32.9,321.3,64.4,171.8,885.9,10.7,101.5,216.1,557.5,1681,,MADURAI,
Tamil Nadu,Madurai,IMD110-P1678,2008,1.3,17.1,188.3,34.0,66.5,49.1,62.4,149.0,32.2,245.4,77.6,12.2,935.0,18.4,288.7,292.7,335.2,1681,,MADURAI,
Tamil Nadu,Madurai,IMD110-P1678,2009,8.1,0.0,55.5,89.7,81.8,27.5,28.7,97.1,108.5,26.6,249.1,27.7,800.4,8.1,227.0,261.7,303.4,1681,,MADURAI,
Tamil Nadu,Madurai,IMD110-P1678,2010,2.4,0.0,0.0,59.6,124.2,64.2,42.9,41.4,168.8,172.6,222.3,102.1,1000.5,2.4,183.7,317.4,497.0,1681,,MADURAI,
Tamil Nadu,Nagapattinam,IMD110-P1682,1901,15.8,42.7,10.9,28.4,68.5,7.8,24.8,82.7,143.1,49.3,512.4,154.5,1141.0,58.5,107.9,258.4,716.2,1682,,NAGAPATTINAM,
Tamil Nadu,Nagapattinam,IMD110-P1682,1902,148.3,23.7,10.8,0.1,11.4,30.1,19.2,88.3,104.1,406.9,467.1,413.6,1723.7,172.0,22.3,241.8,1287.6,1682,,NAGAPATTINAM,
Tamil Nadu,Nagapattinam,IMD110-P1682,1903,67.4,3.2,0.7,23.6,133.4,43.8,29.0,93.5,335.9,105.1,211.9,460.7,1508.1,70.6,157.7,502.2,777.7,1682,,NAGAPATTINAM,
Tamil Nadu,Nagapattinam,IMD110-P1682,1904,121.0,0.0,0.0,7.5,82.7,15.6,32.7,96.1,74.8,187.9,96.2,261.4,976.0,121.1,90.2,219.2,545.5,1682,,NAGAPATTINAM,
Tamil Nadu,Nagapattinam,IMD110-P1682,1905,12.2,0.6,4.2,39.0,55.6,23.3,19.8,118.3,94.5,408.0,311.3,30.8,1117.7,12.8,98.8,255.9,750.2,1682,,NAGAPATTINAM,
Tamil Nadu,Nagapattinam,IMD110-P1682,1906,91.8,5.9,11.2,1.0,5.6,53.8,51.3,193.1,43.4,346.0,775.0,370.5,1948.6,97.7,17.8,341.6,1491.5,1682,,NAGAPATTINAM,
Tamil Nadu,Nagapattinam,IMD110-P1682,1907,20.8,6.7,4.8,51.6,19.9,25.6,18.7,35.4,121.2,288.7,530.8,78.2,1202.6,27.5,76.4,201.0,897.7,1682,,NAGAPATTINAM,
Tamil Nadu,Nagapattinam,IMD110-P1682,1908,33.2,61.6,42.1,0.0,49.3,38.2,37.2,52.1,141.9,601.0,85.0,154.5,1296.2,94.8,91.4,269.5,840.5,1682,,NAGAPATTINAM,
Tamil Nadu,Nagapattinam,IMD110-P1682,1909,85.6,21.4,0.6,31.8,96.0,11.3,17.9,167.3,164.5,35.9,109.7,62.0,804.1,107.0,128.4,361.0,207.6,1682,,NAGAPATTINAM,
Tamil Nadu,Nagapattinam,IMD110-P1682,1910,36.2,31.1,0.0,3.3,5.2,13.4,186.1,181.5,53.4,338.6,286.9,0.3,1136.1,67.3,8.5,434.5,625.8,1682,,NAGAPATTINAM,
Tamil Nadu,Nagapattinam,IMD110-P1682,1911,30.6,4.0,0.0,4.4,12.5,33.6,31.9,55.5,122.0,205.3,439.0,463.2,1401.8,34.6,16.9,242.9,1107.5,1682,,NAGAPATTINAM,
Tamil Nadu,Nagapattinam,IMD110-P1682,1912,22.9,0.4,0.7,0.1,28.4,9.6,29.7,105.1,46.0,255.2,516.5,115.1,1129.8,23.3,29.3,190.4,886.8,1682,,NAGAPATTINAM,
Tamil Nadu,Nagapattinam,IMD110-P1682,1913,15.9,2.1,0.0,16.2,32.0,31.1,14.0,127.4,129.7,455.1,925.8,348.8,2098.1,18.0,48.2,302.2,1729.7,1682,,NAGAPATTINAM,
Tamil Nadu,Nagapattinam,IMD110-P1682,1914,25.6,2.1,0.1,12.3,21.6,52.9,7.1,124.8,86.5,657.7,162.7,261.6,1414.9,27.8,33.9,271.2,1082.0,1682,,NAGAPATTINAM,
Tamil Nadu,Nagapattinam,IMD110-P1682,1915,13.9,90.2,37.1,3.2,33.9,29.5,91.8,51.1,111.2,29.3,317.0,202.6,1010.9,104.1,74.3,283.7,548.8,1682,,NAGAPATTINAM,
Tamil Nadu,Nagapattinam,IMD110-P1682,1916,0.5,3.1,1.7,4.2,24.4,18.9,84.2,119.1,67.5,271.3,287.2,72.1,954.3,3.7,30.3,289.7,630.6,1682,,NAGAPATTINAM,
Tamil Nadu,Nagapattinam,IMD110-P1682,1917,53.6,10.2,5.1,0.0,27.0,36.0,28.2,132.8,79.0,99.3,576.6,94.2,1142.0,63.8,32.1,276.0,770.1,1682,,NAGAPATTINAM,
Tamil Nadu,Nagapattinam,IMD110-P1682,1918,94.8,23.4,1.9,2.0,35.9,29.1,31.1,58.3,74.0,49.4,810.7,268.1,1478.6,118.1,39.8,192.5,1128.2,1682,,NAGAPATTINAM,
Tamil Nadu,Nagapattinam,IMD110-P1682,1919,18.7,0.2,18.0,17.0,61.3,70.4,71.5,39.6,72.3,229.1,709.5,489.5,1797.1,19.0,96.3,253.8,1428.1,1682,,NAGAPATTINAM,
Tamil Nadu,Nagapattinam,IMD110-P1682,1920,125.1,1.2,0.0,23.8,27.6,16.2,3.3,96.8,172.4,186.0,1244.6,67.7,1964.7,126.3,51.4,288.7,1498.3,1682,,NAGAPATTINAM,
Tamil Nadu,Nagapattinam,IMD110-P1682,1921,224.7,0.0,0.0,50.7,0.0,38.3,116.8,85.7,19.2,449.3,104.0,107.0,1195.8,224.7,50.7,260.0,660.3,1682,,NAGAPATTINAM,
Tamil Nadu,Nagapattinam,IMD110-P1682,1922,166.0,44.7,0.0,18.8,45.4,50.0,40.8,128.6,156.0,292.9,293.8,89.5,1326.7,210.7,64.3,375.5,676.3,1682,,NAGAPATTINAM,
Tamil Nadu,Nagapattinam,IMD110-P1682,1923,435.5,0.1,80.3,0.5,0.5,6.7,20.4,20.2,106.1,502.9,43.0,385.9,1602.3,435.7,81.4,153.5,931.7,1682,,NAGAPATTINAM,
Tamil Nadu,Nagapattinam,IMD110-P1682,1924,54.4,0.9,77.6,7.5,22.8,16.0,28.9,64.8,136.7,139.1,297.9,158.0,1004.5,55.3,107.9,246.4,595.0,1682,,NAGAPATTINAM,
Tamil Nadu,Nagapattinam,IMD110-P1682,1925,29.7,0.8,133.4,21.6,17.2,13.4,18.2,113.8,17.7,385.0,486.6,372.2,1609.7,30.5,172.2,163.1,1243.9,1682,,NAGAPATTINAM,
Tamil Nadu,Nagapattinam,IMD110-P1682,1926,229.7,2.2,0.0,1.7,21.8,20.3,17.4,67.4,111.5,231.6,438.0,81.1,1222.8,231.9,23.5,216.6,750.8,1682,,NAGAPATTINAM,
Tamil Nadu,Nagapattinam,IMD110-P1682,1927,79.5,52.7,7.1,37.7,19.2,21.4,40.8,51.9,44.6,119.9,208.1,120.9,803.9,132.2,64.0,158.7,448.9,1682,,NAGAPATTINAM,
Tamil Nadu,Nagapattinam,IMD110-P1682,1928,146.7,79.3,31.1,8.2,11.4,13.3,75.0,121.4,19.0,222.2,644.4,309.5,1681.5,226.0,50.6,228.7,1176.1,1682,,NAGAPATTINAM,
Tamil Nadu,Nagapattinam,IMD110-P1682,1929,45.0,19.6,8.2,36.4,31.4,25.4,28.0,104.9,122.2,256.6,557.6,245.8,1481.0,64.6,75.9,280.5,1060.0,1682,,NAGAPATTINAM,
Tamil Nadu,Nagapattinam,IMD110-P1682,1930,375.1,50.3,16.8,1.3,181.5,35.0,13.9,67.1,98.6,697.4,338.7,111.6,1987.2,425.4,199.6,214.5,1147.7,1682,,NAGAPATTINAM,
Tamil Nadu,Nagapattinam,IMD110-P1682,1931,101.2,0.0,0.0,240.6,28.0,13.0,44.2,92.7,24.7,96.8,360.0,877.7,1878.8,101.2,268.6,174.6,1334.5,1682,,NAGAPATTINAM,
Tamil Nadu,Nagapattinam,IMD110-P1682,1932,5.7,0.0,69.0,76.3,32.5,13.8,25.5,84.9,50.9,260.7,646.3,463.4,1729.1,5.7,177.8,175.1,1370.4,1682,,NAGAPATTINAM,
Tamil Nadu,Nagapattinam,IMD110-P1682,1933,8.9,14.5,120.6,7.3,57.3,9.0,15.4,92.0,74.0,151.2,265.2,305.1,1120.6,23.4,185.1,190.5,721.5,1682,,NAGAPATTINAM,
Tamil Nadu,Nagapattinam,IMD110-P1682,1934,176.8,2.0,0.8,47.5,7.6,16.8,61.4,40.1,34.8,418.1,170.3,54.5,1030.6,178.8,55.9,153.1,642.8,1683,,NAGAPATTINAM,
Tamil Nadu,Nagapattinam,IMD110-P1682,1935,147.5,0.4,9.1,45.8,0.0,70.4,23.3,74.5,82.9,205.8,490.2,468.7,1618.6,147.9,54.9,251.1,1164.7,1683,,NAGAPATTINAM,
Tamil Nadu,Nagapattinam,IMD110-P1682,1936,1.9,56.2,109.9,20.5,15.8,31.9,96.5,83.0,29.7,89.3,384.2,232.8,1151.6,58.0,146.2,241.0,706.3,1683,,NAGAPATTINAM,
Tamil Nadu,Nagapattinam,IMD110-P1682,1937,48.7,3.2,14.6,59.9,10.3,9.6,21.6,70.8,66.1,268.6,786.4,33.5,1393.2,51.9,84.7,168.1,1088.5,1683,,NAGAPATTINAM,
Tamil Nadu,Nagapattinam,IMD110-P1682,1938,4.9,213.4,70.4,22.0,31.6,51.2,36.3,93.5,46.9,246.4,119.8,156.9,1093.3,218.2,124.0,227.9,523.2,1683,,NAGAPATTINAM,
Tamil Nadu,Nagapattinam,IMD110-P1682,1939,45.4,0.0,3.7,299.7,115.2,21.1,7.2,44.9,76.7,225.6,597.7,24.8,1462.1,45.4,418.7,149.9,848.1,1683,,NAGAPATTINAM,
Tamil Nadu,Nagapattinam,IMD110-P1682,1940,5.3,0.0,0.0,22.1,58.8,67.9,20.5,14.8,119.0,238.7,883.0,279.5,1709.8,5.3,80.9,222.2,1401.3,1683,,NAGAPATTINAM,
Tamil Nadu,Nagapattinam,IMD110-P1682,1941,76.2,50.5,3.9,29.0,10.1,32.9,19.1,21.7,162.1,315.1,603.8,207.8,1532.1,126.7,42.9,235.8,1126.6,1683,,NAGAPATTINAM,
Tamil Nadu,Nagapattinam,IMD110-P1682,1942,5.7,0.1,0.0,116.5,14.8,8.4,16.1,76.9,146.2,125.6,61.3,258.5,830.0,5.8,131.3,247.6,445.3,1683,,NAGAPATTINAM,
Tamil Nadu,Nagapattinam,IMD110-P1682,1943,85.7,25.5,27.9,89.4,569.0,19.2,40.2,52.9,165.9,331.5,198.9,256.7,1862.9,111.2,686.4,278.3,787.1,1683,,NAGAPATTINAM,
Tamil Nadu,Nagapattinam,IMD110-P1682,1944,108.2,51.1,83.7,5.0,58.6,93.7,68.3,48.6,138.3,174.7,980.6,341.4,2152.3,159.3,147.3,348.9,1496.8,1683,,NAGAPATTINAM,
Tamil Nadu,Nagapattinam,IMD110-P1682,1945,41.2,16.0,13.0,71.6,5.2,15.3,51.7,120.7,74.7,84.3,489.9,114.9,1098.6,57.3,89.8,262.5,689.0,1683,,NAGAPATTINAM,
Tamil Nadu,Nagapattinam,IMD110-P1682,1946,24.7,0.0,38.5,13.0,97.1,20.0,20.4,65.6,75.5,201.9,758.6,431.8,1747.1,24.7,148.6,181.6,1392.3,1683,,NAGAPATTINAM,
Tamil Nadu,Nagapattinam,IMD110-P1682,1947,163.8,68.7,41.1,42.8,1.1,8.9,87.6,58.8,143.1,260.0,149.2,24.0,1049.1,232.5,85.1,298.4,433.2,1683,,NAGAPATTINAM,
Tamil Nadu,Nagapattinam,IMD110-P1682,1948,133.3,9.9,0.7,8.2,23.4,17.9,29.7,40.5,59.3,127.9,369.1,193.5,1013.4,143.2,32.3,147.4,690.6,1683,,NAGAPATTINAM,
Tamil Nadu,Nagapattinam,IMD110-P1682,1949,16.1,1.0,0.0,5.0,39.6,21.2,121.1,109.6,98.3,98.0,207.8,7.6,725.3,17.1,44.6,350.3,313.3,1683,,NAGAPATTINAM,
Tamil Nadu,Nagapattinam,IMD110-P1682,1950,24.3,84.8,0.0,5.4,92.5,20.4,25.9,169.2,94.3,188.3,328.7,148.3,1182.2,109.1,97.9,309.8,665.4,1683,,NAGAPATTINAM,
Tamil Nadu,Nagapattinam,IMD110-P1682,1951,37.7,0.0,11.2,59.3,56.0,21.1,48.2,67.3,68.1,99.1,414.4,38.7,921.1,37.7,126.5,204.7,552.3,1683,,NAGAPATTINAM,
Tamil Nadu,Nagapattinam,IMD110-P1682,1952,72.6,53.9,0.0,19.1,16.7,16.6,97.1,51.8,9.8,94.9,183.2,247.3,863.0,126.5,35.8,175.4,525.3,1683,,NAGAPATTINAM,
Tamil Nadu,Nagapattinam,IMD110-P1682,1953,68.6,1.8,0.2,58.8,1.7,32.6,37.9,38.6,110.2,201.3,269.5,111.4,932.5,70.4,60.7,219.3,582.1,1683,,NAGAPATTINAM,
Tamil Nadu,Nagapattinam,IMD110-P1682,1954,135.9,10.3,101.7,31.9,17.5,8.4,75.7,128.9,37.7,461.7,136.1,392.9,1538.6,146.2,151.1,250.7,990.7,1683,,NAGAPATTINAM,
Tamil Nadu,Nagapattinam,IMD110-P1682,1955,46.1,4.1,0.1,117.9,231.4,20.7,69.1,167.8,73.2,173.7,180.2,307.0,1391.5,50.2,349.4,330.9,660.9,1683,,NAGAPATTINAM,
Tamil Nadu,Nagapattinam,IMD110-P1682,1956,59.7,0.4,0.0,18.3,5.8,93.6,37.9,111.1,168.2,164.2,392.0,161.7,1212.8,60.1,24.1,410.8,717.9,1683,,NAGAPATTINAM,
Tamil Nadu,Nagapattinam,IMD110-P1682,1957,0.9,23.0,0.0,5.1,33.1,50.6,116.8,88.7,99.0,270.7,362.2,552.5,1602.6,23.9,38.2,355.1,1185.4,1683,,NAGAPATTINAM,
Tamil Nadu,Nagapattinam,IMD110-P1682,1958,14.3,1.1,4.5,32.8,73.9,4.7,52.9,100.2,26.7,191.3,354.2,69.9,926.5,15.3,111.2,184.5,615.5,1683,,NAGAPATTINAM,
Tamil Nadu,Nagapattinam,IMD110-P1682,1959,9.5,8.5,0.0,28.8,33.9,19.8,4.3,45.0,63.7,389.5,397.8,160.8,1161.5,18.0,62.7,132.7,948.0,1683,,NAGAPATTINAM,
Tamil Nadu,Nagapattinam,IMD110-P1682,1960,54.2,22.8,0.5,13.4,15.1,33.6,121.1,9.8,101.4,223.0,1167.6,59.2,1821.8,77.0,29.1,265.9,1449.8,1683,,NAGAPATTINAM,
Tamil Nadu,Nagapattinam,IMD110-P1682,1961,168.4,6.7,0.0,2.0,33.5,29.5,65.3,111.2,104.6,167.6,201.8,241.6,1132.2,175.1,35.4,310.6,611.0,1683,,NAGAPATTINAM,
Tamil Nadu,Nagapattinam,IMD110-P1682,1962,43.6,19.8,10.2,5.6,44.4,56.2,46.5,141.6,119.2,446.7,223.1,64.4,1221.3,63.3,60.2,363.6,734.2,1683,,NAGAPATTINAM,
Tamil Nadu,Nagapattinam,IMD110-P1682,1963,215.4,1.2,118.1,13.6,7.3,41.6,30.8,111.4,94.4,279.8,624.0,525.4,2062.7,216.6,138.9,278.1,1429.2,1683,,NAGAPATTINAM,
Tamil Nadu,Nagapattinam,IMD110-P1682,1964,0.7,0.0,11.7,0.3,26.3,12.5,82.0,74.0,92.8,105.7,219.4,151.6,776.9,0.7,38.3,261.3,476.7,1683,,NAGAPATTINAM,
Tamil Nadu,Nagapattinam,IMD110-P1682,1965,7.4,28.5,0.0,81.9,25.3,39.1,30.8,143.6,58.1,174.8,288.9,551.0,1429.4,35.9,107.2,271.5,1014.7,1683,,NAGAPATTINAM,
Tamil Nadu,Nagapattinam,IMD110-P1682,1966,47.0,0.9,22.3,29.5,55.1,21.6,40.2,267.2,95.3,415.3,194.2,162.3,1350.8,47.9,106.9,424.3,771.8,1683,,NAGAPATTINAM,
Tamil Nadu,Nagapattinam,IMD110-P1682,1967,34.6,4.8,27.2,48.2,23.0,21.4,41.2,119.2,49.2,331.7,294.6,489.5,1484.6,39.4,98.4,231.0,1115.8,1683,,NAGAPATTINAM,
Tamil Nadu,Nagapattinam,IMD110-P1682,1968,15.9,0.5,19.6,71.8,21.7,22.3,13.5,100.7,121.5,91.8,197.0,149.4,825.6,16.4,113.1,258.0,438.1,1684,,NAGAPATTINAM,
Tamil Nadu,Nagapattinam,IMD110-P1682,1969,8.0,14.2,0.0,5.4,23.0,21.7,14.6,72.9,34.4,398.3,503.6,667.3,1763.5,22.2,28.4,143.6,1569.3,1684,,NAGAPATTINAM,
Tamil Nadu,Nagapattinam,IMD110-P1682,1970,86.6,42.8,0.0,38.5,75.3,54.8,90.0,110.1,124.1,133.6,907.6,74.4,1737.7,129.4,113.8,378.9,1115.6,1684,,NAGAPATTINAM,
Tamil Nadu,Nagapattinam,IMD110-P1682,1971,61.3,9.0,35.2,52.2,39.1,34.1,65.6,108.1,67.8,348.1,141.4,570.9,1532.7,70.2,126.4,275.7,1060.4,1684,,NAGAPATTINAM,
Tamil Nadu,Nagapattinam,IMD110-P1682,1972,7.2,0.0,0.0,7.7,55.2,32.3,33.9,40.4,166.8,418.5,372.8,391.0,1525.8,7.2,62.9,273.4,1182.3,1684,,NAGAPATTINAM,
Tamil Nadu,Nagapattinam,IMD110-P1682,1973,0.0,0.9,2.5,1.9,38.8,44.8,15.9,118.6,99.3,391.7,269.1,224.5,1208.1,0.9,43.2,278.6,885.3,1684,,NAGAPATTINAM,
Tamil Nadu,Nagapattinam,IMD110-P1682,1974,2.3,27.4,21.0,2.8,61.9,67.9,32.3,79.7,171.7,96.6,66.7,142.9,773.2,29.7,85.7,351.6,306.2,1684,,NAGAPATTINAM,
Tamil Nadu,Nagapattinam,IMD110-P1682,1975,25.2,0.1,66.7,8.0,21.5,20.0,133.9,150.6,103.3,280.3,450.8,218.8,1479.4,25.4,96.3,407.7,950.0,1684,,NAGAPATTINAM,
Tamil Nadu,Nagapattinam,IMD110-P1682,1976,13.1,2.9,1.7,9.1,0.1,45.5,77.4,123.7,92.7,233.1,532.4,331.9,1463.7,16.1,10.9,339.3,1097.5,1684,,NAGAPATTINAM,
Tamil Nadu,Nagapattinam,IMD110-P1682,1977,16.6,24.7,9.5,15.8,54.4,99.1,42.2,110.9,84.3,521.4,718.3,42.8,1739.9,41.3,79.7,336.4,1282.5,1684,,NAGAPATTINAM,
Tamil Nadu,Nagapattinam,IMD110-P1682,1978,1.6,1.1,0.0,19.9,16.9,10.9,60.8,45.4,115.9,257.4,493.3,536.4,1559.5,2.6,36.8,233.0,1287.1,1684,,NAGAPATTINAM,
Tamil Nadu,Nagapattinam,IMD110-P1682,1979,4.2,11.1,35.5,0.0,33.0,24.1,16.2,53.4,232.5,243.5,539.3,196.2,1388.9,15.3,68.4,326.1,979.0,1684,,NAGAPATTINAM,
Tamil Nadu,Nagapattinam,IMD110-P1682,1980,1.7,0.0,0.6,9.4,13.7,45.0,45.7,31.6,74.2,187.2,316.8,128.4,854.3,1.7,23.7,196.5,632.4,1684,,NAGAPATTINAM,
Tamil Nadu,Nagapattinam,IMD110-P1682,1981,52.3,0.0,1.2,0.6,53.9,6.5,149.4,45.9,116.4,466.2,300.4,197.8,1390.7,52.3,55.7,318.2,964.4,1684,,NAGAPATTINAM,
Tamil Nadu,Nagapattinam,IMD110-P1682,1982,0.3,0.0,0.4,21.0,24.6,41.7,21.9,13.4,54.3,124.5,484.4,116.5,902.9,0.3,45.9,131.3,725.4,1684,,NAGAPATTINAM,
Tamil Nadu,Nagapattinam,IMD110-P1682,1983,0.0,0.0,0.0,0.1,52.1,12.3,72.0,125.6,145.0,148.9,156.1,893.2,1605.3,0.0,52.2,354.9,1198.2,1684,,NAGAPATTINAM,
Tamil Nadu,Nagapattinam,IMD110-P1682,1984,124.7,298.3,90.6,62.4,0.4,23.8,185.9,33.6,138.7,81.6,423.8,128.8,1592.6,423.1,153.4,381.9,634.2,1684,,NAGAPATTINAM,
Tamil Nadu,Nagapattinam,IMD110-P1682,1985,204.5,5.6,0.0,4.6,14.6,95.1,81.2,120.5,77.6,212.7,783.7,151.9,1751.9,210.0,19.2,374.3,1148.4,1684,,NAGAPATTINAM,
Tamil Nadu,Nagapattinam,IMD110-P1682,1986,199.6,48.6,46.1,12.8,21.5,12.7,48.9,113.5,82.8,214.3,251.7,311.0,1363.6,248.3,80.4,257.9,777.1,1684,,NAGAPATTINAM,
Tamil Nadu,Nagapattinam,IMD110-P1682,1987,43.5,5.5,31.0,1.1,22.9,32.1,20.7,89.2,85.0,581.5,182.5,405.0,1499.8,49.0,55.0,226.9,1169.0,1684,,NAGAPATTINAM,
Tamil Nadu,Nagapattinam,IMD110-P1682,1988,2.4,0.0,10.7,85.3,2.3,22.0,58.5,138.2,77.0,52.3,630.2,69.5,1148.5,2.4,98.3,295.7,752.0,1684,,NAGAPATTINAM,
Tamil Nadu,Nagapattinam,IMD110-P1682,1989,31.7,0.0,5.8,1.4,26.1,17.2,102.5,44.2,84.6,139.2,597.4,149.5,1199.7,31.7,33.3,248.5,886.1,1684,,NAGAPATTINAM,
Tamil Nadu,Nagapattinam,IMD110-P1682,1990,117.6,9.3,65.4,0.8,81.3,27.3,38.3,126.0,168.5,386.8,171.7,157.8,1350.6,126.8,147.5,360.1,716.3,1684,,NAGAPATTINAM,
Tamil Nadu,Nagapattinam,IMD110-P1682,1991,29.4,3.6,0.0,0.0,0.6,133.4,17.9,64.8,94.6,318.4,689.5,157.3,1509.6,33.1,0.6,310.7,1165.3,1684,,NAGAPATTINAM,
Tamil Nadu,Nagapattinam,IMD110-P1682,1992,4.0,0.0,0.0,7.9,50.0,14.9,47.3,61.7,75.6,161.3,365.6,219.9,1008.2,4.0,57.9,199.6,746.8,1684,,NAGAPATTINAM,
Tamil Nadu,Nagapattinam,IMD110-P1682,1993,0.0,14.3,10.1,8.7,37.4,32.9,52.8,67.7,95.2,274.8,580.2,515.5,1689.5,14.3,56.3,248.5,1370.5,1684,,NAGAPATTINAM,
Tamil Nadu,Nagapattinam,IMD110-P1682,1994,13.2,89.2,1.0,3.2,16.6,0.4,51.0,35.9,21.5,131.7,473.1,156.4,993.2,102.4,20.8,108.8,761.2,1684,,NAGAPATTINAM,
Tamil Nadu,Nagapattinam,IMD110-P1682,1995,86.6,9.0,24.5,4.6,126.2,52.5,80.3,35.0,104.0,221.7,374.8,64.4,1183.6,95.6,155.2,271.9,660.9,1684,,NAGAPATTINAM,
Tamil Nadu,Nagapattinam,IMD110-P1682,1996,28.4,0.0,,14.4,8.6,186.5,23.3,126.5,181.4,144.9,517.9,718.3,,28.4,,517.8,1381.2,1684,missing_months,NAGAPATTINAM,
Tamil Nadu,Nagapattinam,IMD110-P1682,1997,37.7,0.0,0.0,22.5,10.3,32.6,68.9,69.1,62.3,177.6,751.2,390.7,1623.0,37.7,32.8,232.9,1319.6,1684,,NAGAPATTINAM,
Tamil Nadu,Nagapattinam,IMD110-P1682,1998,21.3,17.1,,0.0,93.1,16.3,41.5,118.1,99.0,105.1,400.6,539.1,,38.4,,274.9,1044.7,1684,missing_months,NAGAPATTINAM,
Tamil Nadu,Nagapattinam,IMD110-P1682,1999,33.4,88.6,0.9,53.2,38.4,10.3,32.7,25.1,35.4,268.5,472.9,144.0,1203.4,122.0,92.4,103.5,885.4,1684,,NAGAPATTINAM,
Tamil Nadu,Nagapattinam,IMD110-P1682,2000,201.6,153.6,2.0,19.9,12.8,22.2,17.2,37.5,100.7,149.9,357.1,196.1,1270.7,355.2,34.7,177.6,703.1,1684,,NAGAPATTINAM,
Tamil Nadu,Nagapattinam,IMD110-P1682,2001,16.4,9.2,0.0,33.6,81.1,42.7,23.3,17.0,32.4,118.4,141.1,154.9,670.1,25.6,114.7,115.4,414.4,1684,,NAGAPATTINAM,
Tamil Nadu,Nagapattinam,IMD110-P1682,2002,12.4,110.3,0.0,0.0,23.0,15.9,14.2,10.6,23.5,125.4,103.8,46.1,485.2,122.7,23.0,64.3,275.3,1685,,NAGAPATTINAM,
Tamil Nadu,Nagapattinam,IMD110-P1682,2003,2.3,0.2,5.8,7.9,17.3,18.8,35.9,41.6,25.2,124.9,260.6,29.6,570.2,2.5,31.0,121.5,415.1,1685,,NAGAPATTINAM,
Tamil Nadu,Nagapattinam,IMD110-P1682,2004,8.0,1.3,6.0,0.0,178.8,4.5,59.9,37.3,244.3,668.0,435.3,121.8,1765.3,9.3,184.8,346.0,1225.2,1685,,NAGAPATTINAM,
Tamil Nadu,Nagapattinam,IMD110-P1682,2005,3.0,0.0,8.0,164.6,48.9,0.0,47.6,81.9,112.2,210.6,859.8,109.7,1646.4,3.0,221.5,241.8,1180.2,1685,,NAGAPATTINAM,
Tamil Nadu,Nagapattinam,IMD110-P1682,2006,44.7,0.0,42.2,30.0,39.8,11.0,3.6,65.2,87.9,430.9,367.1,68.9,1191.5,44.7,112.0,167.8,867.0,1685,,NAGAPATTINAM,
Tamil Nadu,Nagapattinam,IMD110-P1682,2007,0.0,30.0,0.0,22.2,9.0,23.0,59.9,202.7,77.5,507.6,148.7,425.0,1505.5,30.0,31.2,363.1,1081.2,1685,,NAGAPATTINAM,
Tamil Nadu,Nagapattinam,IMD110-P1682,2008,52.2,18.2,402.4,26.0,24.0,1.1,12.9,48.8,19.8,342.9,841.7,134.2,1924.1,70.4,452.4,82.5,1318.8,1685,,NAGAPATTINAM,
Tamil Nadu,Nagapattinam,IMD110-P1682,2009,61.9,0.0,229.7,135.9,68.0,5.4,2.8,107.6,44.6,145.2,689.7,582.8,2073.7,61.9,433.6,160.5,1417.6,1685,,NAGAPATTINAM,
Tamil Nadu,Nagapattinam,IMD110-P1682,2010,54.5,0.0,0.1,4.0,122.7,84.1,41.2,207.9,118.2,137.3,553.4,434.8,1758.2,54.5,126.8,451.4,1125.5,1685,,NAGAPATTINAM,
Tamil Nadu,Namakkal,IMD110-P1686,1901,0.3,6.6,0.0,22.6,116.9,23.0,36.6,108.6,266.3,154.1,129.4,14.7,879.2,6.9,139.5,434.6,298.2,1686,,NAMAKKAL,
Tamil Nadu,Namakkal,IMD110-P1686,1902,13.3,7.1,28.8,32.2,133.0,42.3,9.3,127.1,62.9,237.1,47.8,92.3,833.1,20.4,193.9,241.6,377.2,1686,,NAMAKKAL,
Tamil Nadu,Namakkal,IMD110-P1686,1903,0.0,1.7,0.0,0.0,172.3,54.5,55.4,168.3,209.0,110.8,226.2,45.0,1043.3,1.7,172.3,487.3,382.0,1686,,NAMAKKAL,
Tamil Nadu,Namakkal,IMD110-P1686,1904,10.2,0.0,0.0,35.0,155.3,4.2,119.7,53.2,73.5,136.4,2.3,2.6,592.4,10.2,190.3,250.6,141.3,1686,,NAMAKKAL,
Tamil Nadu,Namakkal,IMD110-P1686,1905,0.9,1.5,40.8,62.0,113.7,27.3,16.9,88.3,53.7,106.7,35.8,0.0,547.5,2.4,216.5,186.2,142.4,1686,,NAMAKKAL,
Tamil Nadu,Namakkal,IMD110-P1686,1906,18.2,14.3,1.3,1.8,70.9,44.1,59.8,253.8,49.8,136.8,68.6,28.7,748.0,32.5,74.0,407.5,234.1,1686,,NAMAKKAL,
Tamil Nadu,Namakkal,IMD110-P1686,1907,0.0,0.0,17.4,43.8,84.3,56.2,68.8,59.5,196.8,71.2,129.1,60.5,787.7,0.0,145.5,381.3,260.9,1686,,NAMAKKAL,
Tamil Nadu,Namakkal,IMD110-P1686,1908,0.0,26.5,0.4,27.7,184.0,63.2,53.5,69.5,153.2,121.8,5.3,4.2,709.2,26.5,212.1,339.4,131.3,1686,,NAMAKKAL,
Tamil Nadu,Namakkal,IMD110-P1686,1909,87.1,7.6,0.3,64.1,94.8,6.6,36.1,234.9,108.1,275.3,42.3,0.7,958.0,94.8,159.2,385.7,318.3,1686,,NAMAKKAL,
Tamil Nadu,Namakkal,IMD110-P1686,1910,0.0,29.4,0.7,10.7,137.2,82.0,178.4,110.0,39.4,273.2,101.2,0.0,962.1,29.4,148.6,409.8,374.4,1686,,NAMAKKAL,
Tamil Nadu,Namakkal,IMD110-P1686,1911,0.0,0.0,4.7,32.1,118.6,40.8,29.3,21.1,128.3,64.6,82.5,52.6,574.5,0.0,155.4,219.5,199.6,1686,,NAMAKKAL,
Tamil Nadu,Namakkal,IMD110-P1686,1912,0.9,2.5,0.0,3.6,99.7,58.3,40.1,44.4,155.3,172.2,167.0,1.7,745.7,3.4,103.3,298.0,341.0,1686,,NAMAKKAL,
Tamil Nadu,Namakkal,IMD110-P1686,1913,0.0,0.0,2.4,23.8,90.5,38.0,73.7,76.3,126.6,129.8,73.3,19.2,653.7,0.0,116.7,314.6,222.3,1686,,NAMAKKAL,
Tamil Nadu,Namakkal,IMD110-P1686,1914,0.6,0.0,7.7,28.6,96.3,43.3,23.6,139.3,131.6,211.3,74.3,26.0,782.6,0.6,132.6,337.8,311.6,1686,,NAMAKKAL,
Tamil Nadu,Namakkal,IMD110-P1686,1915,26.4,1.2,27.8,23.8,56.3,75.8,82.9,97.4,105.9,85.7,134.4,17.3,735.0,27.6,107.9,362.1,237.4,1686,,NAMAKKAL,
Tamil Nadu,Namakkal,IMD110-P1686,1916,0.0,0.0,0.0,13.8,80.2,17.3,216.7,149.9,75.7,251.6,62.7,15.6,883.5,0.0,94.0,459.6,329.9,1686,,NAMAKKAL,
Tamil Nadu,Namakkal,IMD110-P1686,1917,1.2,23.8,14.7,20.1,104.4,48.2,41.5,177.5,216.6,144.3,77.9,14.2,884.2,24.9,139.2,483.7,236.4,1686,,NAMAKKAL,
Tamil Nadu,Namakkal,IMD110-P1686,1918,12.0,0.0,21.1,13.4,50.1,17.8,55.9,88.4,18.1,63.2,109.1,17.1,466.3,12.0,84.7,180.2,189.4,1686,,NAMAKKAL,
Tamil Nadu,Namakkal,IMD110-P1686,1919,3.2,0.0,26.1,19.6,150.2,61.3,37.4,39.2,162.0,92.3,194.1,46.9,832.4,3.2,195.9,300.0,333.3,1686,,NAMAKKAL,
Tamil Nadu,Namakkal,IMD110-P1686,1920,53.0,0.0,2.1,97.2,117.5,31.3,24.6,88.9,166.8,218.9,228.2,0.0,1028.5,53.0,216.9,311.6,447.1,1686,,NAMAKKAL,
Tamil Nadu,Namakkal,IMD110-P1686,1921,53.4,0.0,0.0,95.8,70.6,83.5,15.8,164.3,86.3,197.4,62.5,12.2,841.8,53.4,166.4,349.9,272.1,1686,,NAMAKKAL,
Tamil Nadu,Namakkal,IMD110-P1686,1922,5.9,4.7,0.0,13.8,135.9,51.3,54.5,90.7,74.5,291.5,194.1,20.4,937.3,10.6,149.8,270.9,506.0,1686,,NAMAKKAL,
Tamil Nadu,Namakkal,IMD110-P1686,1923,29.7,0.0,23.9,49.8,18.0,33.3,25.0,18.3,81.4,116.9,11.7,20.5,428.5,29.7,91.8,158.0,149.1,1686,,NAMAKKAL,
Tamil Nadu,Namakkal,IMD110-P1686,1924,11.6,0.0,8.1,20.5,175.6,24.2,23.3,98.6,125.0,59.5,95.9,1.8,644.2,11.6,204.2,271.1,157.3,1686,,NAMAKKAL,
Tamil Nadu,Namakkal,IMD110-P1686,1925,0.0,0.2,16.0,35.2,57.4,63.6,11.9,63.1,101.8,44.0,63.5,81.4,538.2,0.2,108.7,240.4,188.9,1686,,NAMAKKAL,
Tamil Nadu,Namakkal,IMD110-P1686,1926,41.1,0.9,16.9,62.2,51.4,13.7,49.7,36.6,130.4,128.1,51.1,4.0,586.2,42.0,130.5,230.5,183.1,1686,,NAMAKKAL,
Tamil Nadu,Namakkal,IMD110-P1686,1927,0.2,0.6,0.0,32.4,151.5,113.9,31.9,113.3,155.0,48.0,110.5,3.4,760.6,0.7,183.9,414.1,161.9,1686,,NAMAKKAL,
Tamil Nadu,Namakkal,IMD110-P1686,1928,2.8,20.4,25.0,81.1,98.4,4.0,100.1,98.1,34.9,190.0,57.1,41.5,753.4,23.2,204.5,237.1,288.6,1686,,NAMAKKAL,
Tamil Nadu,Namakkal,IMD110-P1686,1929,3.4,6.4,4.4,71.9,57.4,28.8,31.1,50.7,153.4,111.1,77.1,31.4,627.2,9.8,133.7,264.1,219.6,1686,,NAMAKKAL,
Tamil Nadu,Namakkal,IMD110-P1686,1930,13.4,21.5,30.9,24.0,211.5,60.2,66.2,75.5,69.6,358.5,138.8,35.2,1105.3,35.0,266.4,271.5,532.5,1686,,NAMAKKAL,
Tamil Nadu,Namakkal,IMD110-P1686,1931,1.7,0.0,0.0,20.2,54.2,8.0,41.6,46.8,97.5,73.9,76.5,129.2,549.6,1.7,74.3,193.9,279.6,1686,,NAMAKKAL,
Tamil Nadu,Namakkal,IMD110-P1686,1932,0.0,42.2,0.7,35.1,148.6,32.0,34.6,167.5,35.4,233.7,172.1,37.8,939.7,42.2,184.3,269.6,443.6,1686,,NAMAKKAL,
Tamil Nadu,Namakkal,IMD110-P1686,1933,1.9,0.0,7.6,51.0,108.3,13.5,41.5,178.4,92.1,180.3,56.5,92.3,823.6,1.9,167.0,325.6,329.1,1686,,NAMAKKAL,
Tamil Nadu,Namakkal,IMD110-P1686,1934,32.7,0.0,0.2,17.6,106.6,72.7,30.5,40.1,21.9,235.0,81.7,2.2,641.2,32.7,124.4,165.2,318.9,1687,,NAMAKKAL,
Tamil Nadu,Namakkal,IMD110-P1686,1935,18.8,3.8,0.3,51.5,35.0,38.5,23.2,184.3,50.7,97.9,83.1,39.6,626.8,22.6,86.7,296.8,220.6,1687,,NAMAKKAL,
Tamil Nadu,Namakkal,IMD110-P1686,1936,0.0,15.5,12.4,71.2,92.8,31.0,113.6,77.8,115.5,83.4,100.0,27.0,740.1,15.5,176.5,337.9,210.3,1687,,NAMAKKAL,
Tamil Nadu,Namakkal,IMD110-P1686,1937,1.3,0.0,10.5,103.3,117.6,62.6,23.2,90.6,96.3,177.9,135.0,3.3,821.6,1.3,231.5,272.7,316.2,1687,,NAMAKKAL,
Tamil Nadu,Namakkal,IMD110-P1686,1938,0.0,12.0,4.6,52.6,105.1,53.1,196.0,211.4,123.0,27.8,1.1,25.8,812.4,12.0,162.2,583.5,54.7,1687,,NAMAKKAL,
Tamil Nadu,Namakkal,IMD110-P1686,1939,7.4,0.0,49.0,111.0,80.2,95.3,12.6,122.3,119.4,306.6,198.9,0.0,1102.8,7.4,240.3,349.6,505.5,1687,,NAMAKKAL,
Tamil Nadu,Namakkal,IMD110-P1686,1940,0.0,0.0,29.0,76.0,241.2,59.8,24.1,57.4,134.5,79.5,202.9,34.0,938.5,0.0,346.2,275.8,316.5,1687,,NAMAKKAL,
Tamil Nadu,Namakkal,IMD110-P1686,1941,1.6,0.0,0.0,55.0,114.7,12.1,44.9,112.6,177.1,123.3,112.6,81.1,835.0,1.6,169.8,346.6,317.0,1687,,NAMAKKAL,
Tamil Nadu,Namakkal,IMD110-P1686,1942,0.0,0.0,0.0,116.1,106.1,24.2,26.6,99.6,120.7,119.7,43.6,92.3,748.9,0.0,222.3,271.1,255.5,1687,,NAMAKKAL,
Tamil Nadu,Namakkal,IMD110-P1686,1943,46.2,12.4,2.3,86.7,118.8,40.1,41.4,103.7,166.3,294.2,99.1,0.3,1011.3,58.6,207.8,351.4,393.5,1687,,NAMAKKAL,
Tamil Nadu,Namakkal,IMD110-P1686,1944,4.9,40.5,25.4,64.0,69.4,90.8,63.3,95.7,230.3,175.7,186.5,81.3,1127.9,45.5,158.8,480.1,443.5,1687,,NAMAKKAL,
Tamil Nadu,Namakkal,IMD110-P1686,1945,0.0,0.7,0.0,74.2,73.6,8.7,46.7,114.2,35.0,174.3,64.2,8.4,600.1,0.7,147.8,204.6,247.0,1687,,NAMAKKAL,
Tamil Nadu,Namakkal,IMD110-P1686,1946,18.1,0.0,15.1,49.7,85.4,42.9,64.5,150.2,104.7,184.2,235.6,119.7,1070.2,18.1,150.3,362.3,539.5,1687,,NAMAKKAL,
Tamil Nadu,Namakkal,IMD110-P1686,1947,6.1,9.9,36.2,40.0,44.9,57.7,91.3,154.0,92.8,170.2,5.9,8.1,716.9,16.0,121.0,395.7,184.2,1687,,NAMAKKAL,
Tamil Nadu,Namakkal,IMD110-P1686,1948,20.2,0.0,4.5,58.9,84.7,52.3,59.3,102.3,,124.3,100.6,12.9,,20.2,148.1,,237.8,1687,missing_months,NAMAKKAL,
Tamil Nadu,Namakkal,IMD110-P1686,1949,0.0,1.1,0.0,104.4,133.9,71.4,180.9,92.9,81.3,164.4,14.9,0.0,845.1,1.1,238.3,426.5,179.3,1687,,NAMAKKAL,
Tamil Nadu,Namakkal,IMD110-P1686,1950,0.0,120.5,13.6,7.9,68.4,21.5,57.7,167.7,80.8,211.7,70.9,3.4,824.1,120.5,89.9,327.8,286.0,1687,,NAMAKKAL,
Tamil Nadu,Namakkal,IMD110-P1686,1951,0.0,0.0,34.3,86.7,107.2,7.9,65.1,86.3,113.5,129.8,85.5,0.0,716.4,0.0,228.2,272.9,215.3,1687,,NAMAKKAL,
Tamil Nadu,Namakkal,IMD110-P1686,1952,0.9,29.2,9.3,21.9,42.8,28.7,142.0,93.0,45.3,112.3,7.7,99.4,632.6,30.1,74.0,309.0,219.4,1687,,NAMAKKAL,
Tamil Nadu,Namakkal,IMD110-P1686,1953,1.1,0.9,1.1,131.6,98.4,57.8,65.0,55.7,208.2,290.2,36.6,0.8,947.3,2.0,231.0,386.7,327.5,1687,,NAMAKKAL,
Tamil Nadu,Namakkal,IMD110-P1686,1954,30.5,0.0,13.4,71.6,125.1,56.0,78.9,177.6,26.6,227.7,8.8,23.8,840.0,30.5,210.0,339.1,260.3,1687,,NAMAKKAL,
Tamil Nadu,Namakkal,IMD110-P1686,1955,0.5,0.0,26.8,47.6,176.8,50.2,70.5,64.0,118.4,144.8,81.6,70.3,851.6,0.5,251.2,303.2,296.7,1687,,NAMAKKAL,
Tamil Nadu,Namakkal,IMD110-P1686,1956,0.0,0.0,0.0,27.1,44.0,105.8,31.9,79.7,106.7,370.5,212.6,18.3,996.6,0.0,71.1,324.1,601.5,1687,,NAMAKKAL,
Tamil Nadu,Namakkal,IMD110-P1686,1957,0.0,0.7,11.6,10.4,71.9,56.3,16.4,38.7,79.7,169.3,154.8,16.7,626.4,0.7,93.9,191.0,340.8,1687,,NAMAKKAL,
Tamil Nadu,Namakkal,IMD110-P1686,1958,1.0,0.0,14.7,49.3,143.9,49.6,33.3,164.4,82.7,78.3,86.3,7.6,711.0,1.0,207.9,330.0,172.2,1687,,NAMAKKAL,
Tamil Nadu,Namakkal,IMD110-P1686,1959,0.0,61.1,0.0,35.5,72.9,76.4,27.3,80.6,85.7,221.3,142.2,43.6,846.7,61.1,108.4,270.1,407.1,1687,,NAMAKKAL,
Tamil Nadu,Namakkal,IMD110-P1686,1960,0.0,0.0,7.0,63.8,79.6,15.4,144.6,39.3,100.9,59.0,115.7,1.7,627.0,0.0,150.5,300.2,176.4,1687,,NAMAKKAL,
Tamil Nadu,Namakkal,IMD110-P1686,1961,42.7,0.6,0.0,13.0,56.8,24.6,71.9,70.2,144.9,146.3,43.4,30.1,644.4,43.3,69.8,311.6,219.8,1687,,NAMAKKAL,
Tamil Nadu,Namakkal,IMD110-P1686,1962,5.7,26.5,14.9,37.7,186.8,37.4,50.5,123.3,118.9,206.7,38.2,47.7,894.3,32.2,239.4,330.1,292.6,1687,,NAMAKKAL,
Tamil Nadu,Namakkal,IMD110-P1686,1963,16.5,3.7,5.9,100.6,55.9,53.1,86.1,90.9,136.9,185.1,81.2,138.4,954.1,20.2,162.4,366.9,404.6,1687,,NAMAKKAL,
Tamil Nadu,Namakkal,IMD110-P1686,1964,0.0,0.0,0.0,5.1,103.6,31.0,185.0,99.7,16.4,241.1,85.6,23.0,790.4,0.0,108.7,332.0,349.7,1687,,NAMAKKAL,
Tamil Nadu,Namakkal,IMD110-P1686,1965,0.0,0.0,0.0,94.9,28.4,1.6,27.1,218.1,95.3,172.3,35.2,56.5,729.4,0.0,123.3,342.1,264.0,1687,,NAMAKKAL,
Tamil Nadu,Namakkal,IMD110-P1686,1966,0.0,0.0,0.0,39.7,29.9,23.0,98.5,123.2,182.1,297.7,165.3,44.3,1003.6,0.0,69.6,426.8,507.3,1687,,NAMAKKAL,
Tamil Nadu,Namakkal,IMD110-P1686,1967,71.1,0.0,38.1,8.8,16.6,71.5,74.5,86.0,56.8,92.3,95.8,43.8,655.4,71.1,63.5,288.9,231.9,1687,,NAMAKKAL,
Tamil Nadu,Namakkal,IMD110-P1686,1968,0.0,0.0,10.7,49.7,110.2,44.1,13.2,74.9,161.8,111.0,52.7,44.7,672.9,0.0,170.6,293.9,208.4,1688,,NAMAKKAL,
Tamil Nadu,Namakkal,IMD110-P1686,1969,0.0,0.0,4.8,22.6,102.2,13.2,41.2,81.2,33.0,211.9,118.2,69.3,697.6,0.0,129.7,168.7,399.3,1688,,NAMAKKAL,
Tamil Nadu,Namakkal,IMD110-P1686,1970,9.1,16.5,3.6,39.1,125.1,24.1,63.4,90.2,55.2,245.2,66.4,0.0,737.9,25.5,167.8,233.0,311.6,1688,,NAMAKKAL,
Tamil Nadu,Namakkal,IMD110-P1686,1971,0.0,0.0,21.6,30.4,168.6,17.0,24.0,115.6,,144.2,34.3,91.6,,0.0,220.6,,270.1,1688,missing_months,NAMAKKAL,
Tamil Nadu,Namakkal,IMD110-P1686,1972,0.0,,0.0,9.4,198.7,56.1,29.1,52.5,230.0,249.3,65.9,148.7,,,208.1,367.6,464.0,1688,missing_months,NAMAKKAL,
Tamil Nadu,Namakkal,IMD110-P1686,1973,0.0,0.0,2.4,7.9,118.5,64.1,58.6,54.6,215.6,147.1,31.5,27.3,727.6,0.0,128.8,392.9,205.9,1688,,NAMAKKAL,
Tamil Nadu,Namakkal,IMD110-P1686,1974,0.0,0.0,0.0,21.3,87.3,26.6,36.6,58.8,149.9,80.0,8.0,0.0,468.4,0.0,108.5,271.9,88.0,1688,,NAMAKKAL,
Tamil Nadu,Namakkal,IMD110-P1686,1975,0.0,0.0,3.4,10.2,131.6,35.1,154.8,134.0,147.3,142.7,37.0,2.2,798.4,0.0,145.3,471.3,181.9,1688,,NAMAKKAL,
Tamil Nadu,Namakkal,IMD110-P1686,1976,0.0,0.0,7.4,99.5,30.3,41.7,45.6,93.9,104.7,98.7,99.7,10.2,631.6,0.0,137.1,285.9,208.6,1688,,NAMAKKAL,
Tamil Nadu,Namakkal,IMD110-P1686,1977,0.0,5.9,3.6,70.7,99.5,25.2,75.1,117.0,184.3,194.8,263.6,2.9,1042.7,5.9,173.9,401.7,461.3,1688,,NAMAKKAL,
Tamil Nadu,Namakkal,IMD110-P1686,1978,0.0,1.5,35.2,24.9,97.7,15.1,71.9,28.6,144.9,153.7,240.0,51.1,864.6,1.5,157.9,260.4,444.8,1688,,NAMAKKAL,
Tamil Nadu,Namakkal,IMD110-P1686,1979,0.0,39.7,4.5,25.4,34.7,76.9,97.2,59.5,339.6,39.7,218.5,9.7,945.3,39.7,64.5,573.2,267.9,1688,,NAMAKKAL,
Tamil Nadu,Namakkal,IMD110-P1686,1980,0.0,0.0,17.0,49.1,130.4,0.2,60.9,25.5,84.3,165.9,86.3,3.6,623.3,0.0,196.6,170.9,255.9,1688,,NAMAKKAL,
Tamil Nadu,Namakkal,IMD110-P1686,1981,0.6,0.0,7.9,32.5,100.1,16.0,111.9,77.1,207.4,268.8,72.2,18.1,912.5,0.6,140.5,412.3,359.1,1688,,NAMAKKAL,
Tamil Nadu,Namakkal,IMD110-P1686,1982,0.0,0.0,33.7,18.9,91.2,93.9,49.7,59.7,119.8,80.5,115.3,17.7,680.3,0.0,143.8,323.0,213.5,1688,,NAMAKKAL,
Tamil Nadu,Namakkal,IMD110-P1686,1983,0.0,0.0,0.5,0.0,130.8,72.7,99.0,158.8,137.4,157.8,37.7,148.2,942.9,0.0,131.3,467.8,343.7,1688,,NAMAKKAL,
Tamil Nadu,Namakkal,IMD110-P1686,1984,4.4,55.0,72.6,20.5,25.5,5.6,182.1,52.4,145.3,84.8,64.2,72.2,784.6,59.4,118.6,385.4,221.2,1688,,NAMAKKAL,
Tamil Nadu,Namakkal,IMD110-P1686,1985,57.2,0.0,1.2,45.2,48.2,74.2,68.8,179.7,216.7,57.3,76.7,13.7,838.9,57.2,94.6,539.3,147.8,1688,,NAMAKKAL,
Tamil Nadu,Namakkal,IMD110-P1686,1986,23.6,3.7,10.7,9.1,123.0,28.7,21.0,47.6,258.0,124.8,173.2,12.1,835.5,27.3,142.8,355.3,310.1,1688,,NAMAKKAL,
Tamil Nadu,Namakkal,IMD110-P1686,1987,2.1,0.0,60.4,28.9,,98.4,19.3,89.6,110.3,,,,,2.1,,317.5,,1688,missing_months,NAMAKKAL,
Tamil Nadu,Namakkal,IMD110-P1686,1988,0.0,0.0,17.5,114.6,123.9,56.1,110.7,254.6,169.3,92.9,12.8,3.7,956.1,0.0,255.9,590.7,109.4,1688,,NAMAKKAL,
Tamil Nadu,Namakkal,IMD110-P1686,1989,0.0,0.0,35.7,94.9,81.8,21.8,155.8,80.1,219.6,158.9,97.4,10.7,956.7,0.0,212.5,477.3,267.0,1688,,NAMAKKAL,
Tamil Nadu,Namakkal,IMD110-P1686,1990,13.8,72.9,7.4,46.8,64.0,33.1,32.2,136.5,106.7,90.8,77.4,12.3,693.8,86.6,118.2,308.4,180.6,1688,,NAMAKKAL,
Tamil Nadu,Namakkal,IMD110-P1686,1991,9.3,4.5,0.0,95.5,35.0,95.2,28.2,111.3,117.4,187.1,231.8,3.4,918.7,13.7,130.6,352.1,422.3,1688,,NAMAKKAL,
Tamil Nadu,Namakkal,IMD110-P1686,1992,0.0,0.0,0.0,1.9,65.7,64.3,50.9,88.4,236.3,104.4,169.7,6.0,787.7,0.0,67.6,439.9,280.2,1688,,NAMAKKAL,
Tamil Nadu,Namakkal,IMD110-P1686,1993,0.0,0.7,19.3,4.0,73.7,116.3,49.1,56.0,100.5,214.8,157.7,49.0,841.1,0.7,97.0,322.0,421.5,1688,,NAMAKKAL,
Tamil Nadu,Namakkal,IMD110-P1686,1994,3.1,1.9,1.9,32.2,103.4,16.9,57.5,24.9,92.2,209.3,145.7,5.8,694.9,5.0,137.6,191.4,360.9,1688,,NAMAKKAL,
Tamil Nadu,Namakkal,IMD110-P1686,1995,0.5,0.0,8.8,35.7,101.1,62.3,72.0,163.2,98.5,141.2,91.6,0.0,774.9,0.5,145.6,395.9,232.9,1688,,NAMAKKAL,
Tamil Nadu,Namakkal,IMD110-P1686,1996,0.0,0.0,,130.5,81.9,97.2,62.7,62.1,32.0,29.7,29.4,74.1,,0.0,,254.0,133.2,1688,missing_months,NAMAKKAL,
Tamil Nadu,Namakkal,IMD110-P1686,1997,0.0,0.0,0.0,52.8,61.0,44.3,24.9,58.5,112.2,87.6,114.7,50.2,606.1,0.0,113.8,239.8,252.5,1688,,NAMAKKAL,
Tamil Nadu,Namakkal,IMD110-P1686,1998,1.8,,,17.8,58.7,29.0,79.4,129.0,71.8,68.1,127.8,97.3,,,,309.2,293.3,1688,missing_months,NAMAKKAL,
Tamil Nadu,Namakkal,IMD110-P1686,1999,,,,77.2,72.4,64.0,21.2,55.8,76.3,231.0,161.7,21.5,,,,217.4,414.2,1688,missing_months,NAMAKKAL,
Tamil Nadu,Namakkal,IMD110-P1686,2000,11.0,6.3,13.5,66.0,,17.8,55.1,182.4,82.1,113.2,100.3,20.9,,17.3,,337.4,234.4,1688,missing_months,NAMAKKAL,
Tamil Nadu,Namakkal,IMD110-P1686,2001,,,11.5,72.4,66.4,12.9,22.9,8.0,36.6,16.7,6.9,10.4,,,150.3,80.4,34.0,1688,missing_months,NAMAKKAL,
Tamil Nadu,Namakkal,IMD110-P1686,2005,0.0,3.1,18.2,118.2,102.3,15.3,47.4,128.8,65.8,294.9,247.1,122.0,1163.0,3.1,238.6,257.2,664.0,1689,,NAMAKKAL,
Tamil Nadu,Namakkal,IMD110-P1686,2006,13.5,0.0,32.8,36.9,93.9,40.3,0.8,82.7,193.2,,,4.0,,13.5,163.6,316.9,,1689,missing_months,NAMAKKAL,
Tamil Nadu,Namakkal,IMD110-P1686,2007,0.2,0.0,0.0,76.7,40.6,20.5,45.6,169.5,58.3,,,,,0.2,117.3,294.0,,1689,missing_months,NAMAKKAL,
Tamil Nadu,Namakkal,IMD110-P1686,2008,6.5,2.8,,61.8,102.8,54.6,28.7,229.0,55.3,158.1,176.6,,,9.3,,367.6,,1689,missing_months,NAMAKKAL,
Tamil Nadu,Namakkal,IMD110-P1686,2009,0.0,0.0,21.4,12.4,118.6,22.3,,105.8,113.0,34.5,136.9,36.1,,0.0,152.3,,207.5,1689,missing_months,NAMAKKAL,
Tamil Nadu,Namakkal,IMD110-P1686,2010,0.0,0.0,0.0,12.8,92.0,32.0,46.0,65.3,60.0,96.4,200.2,36.3,641.0,0.0,104.8,203.4,332.8,1689,,NAMAKKAL,
Tamil Nadu,Nilgiris,IMD110-P1690,1901,81.3,58.0,36.2,110.0,146.0,318.7,509.3,188.9,357.7,290.3,197.8,58.6,2352.9,139.3,292.2,1374.6,546.7,1690,,NILGIRIS,
Tamil Nadu,Nilgiris,IMD110-P1690,1902,69.6,4.6,50.5,76.1,154.7,157.4,657.9,174.1,254.6,348.4,147.8,323.4,2419.0,74.2,281.3,1243.9,819.6,1690,,NILGIRIS,
Tamil Nadu,Nilgiris,IMD110-P1690,1903,7.4,4.6,0.8,53.8,246.2,209.4,821.5,308.6,326.6,215.6,233.7,87.1,2515.1,11.9,300.8,1666.0,536.4,1690,,NILGIRIS,
Tamil Nadu,Nilgiris,IMD110-P1690,1904,38.4,0.4,12.5,74.5,216.4,454.8,429.9,284.5,186.7,179.4,21.9,10.9,1910.3,38.8,303.4,1355.9,212.2,1690,,NILGIRIS,
Tamil Nadu,Nilgiris,IMD110-P1690,1905,15.2,81.1,18.3,62.8,200.1,335.2,396.1,216.4,203.9,423.7,204.6,0.0,2157.2,96.3,281.2,1151.6,628.2,1690,,NILGIRIS,
Tamil Nadu,Nilgiris,IMD110-P1690,1906,106.2,44.7,18.1,17.2,85.7,186.7,446.5,467.8,186.0,220.7,101.0,155.6,2036.3,150.9,121.0,1287.1,477.3,1690,,NILGIRIS,
Tamil Nadu,Nilgiris,IMD110-P1690,1907,3.7,0.0,82.9,91.6,106.3,256.6,460.4,490.3,172.4,227.9,159.2,71.7,2123.0,3.7,280.8,1379.6,458.9,1690,,NILGIRIS,
Tamil Nadu,Nilgiris,IMD110-P1690,1908,13.3,40.6,39.7,54.7,151.0,189.7,424.1,268.2,140.7,286.6,13.7,20.5,1643.0,53.9,245.5,1022.7,320.8,1690,,NILGIRIS,
Tamil Nadu,Nilgiris,IMD110-P1690,1909,217.1,6.6,8.9,125.9,326.2,233.5,354.9,311.7,159.4,260.8,123.0,42.7,2170.7,223.7,461.0,1059.4,426.5,1690,,NILGIRIS,
Tamil Nadu,Nilgiris,IMD110-P1690,1910,50.1,57.2,4.1,52.6,158.6,266.9,481.8,420.2,198.8,398.7,225.6,0.1,2314.7,107.3,215.3,1367.7,624.3,1690,,NILGIRIS,
Tamil Nadu,Nilgiris,IMD110-P1690,1911,5.5,15.2,26.1,67.7,119.3,525.2,478.6,93.8,123.8,232.3,217.8,107.5,2012.7,20.7,213.1,1221.4,557.5,1690,,NILGIRIS,
Tamil Nadu,Nilgiris,IMD110-P1690,1912,23.0,11.2,8.1,95.2,114.4,273.0,466.3,294.8,181.5,264.8,202.5,9.2,1944.0,34.2,217.7,1215.6,476.5,1690,,NILGIRIS,
Tamil Nadu,Nilgiris,IMD110-P1690,1913,8.8,9.0,14.2,47.8,135.7,175.4,567.2,161.9,195.9,261.8,101.9,97.5,1777.2,17.8,197.7,1100.4,461.2,1690,,NILGIRIS,
Tamil Nadu,Nilgiris,IMD110-P1690,1914,10.1,0.0,3.1,16.7,144.4,178.4,551.4,219.0,224.8,336.7,92.3,85.4,1862.3,10.1,164.2,1173.6,514.4,1690,,NILGIRIS,
Tamil Nadu,Nilgiris,IMD110-P1690,1915,58.6,14.9,75.1,73.0,117.3,439.9,412.7,274.6,263.6,197.5,223.8,47.0,2198.1,73.5,265.4,1390.8,468.4,1690,,NILGIRIS,
Tamil Nadu,Nilgiris,IMD110-P1690,1916,0.0,5.2,2.1,27.5,174.6,374.4,317.4,361.3,210.5,252.4,128.3,26.3,1880.1,5.2,204.2,1263.6,407.1,1690,,NILGIRIS,
Tamil Nadu,Nilgiris,IMD110-P1690,1917,38.7,108.1,67.1,46.9,89.3,296.2,159.7,258.9,365.2,197.3,215.1,22.6,1865.1,146.9,203.3,1080.0,435.0,1690,,NILGIRIS,
Tamil Nadu,Nilgiris,IMD110-P1690,1918,52.5,4.9,34.6,67.3,245.5,104.1,108.4,232.1,82.8,178.8,432.2,54.7,1597.9,57.4,347.4,527.5,665.6,1690,,NILGIRIS,
Tamil Nadu,Nilgiris,IMD110-P1690,1919,44.5,6.2,4.9,70.8,141.7,305.7,333.1,247.2,294.5,156.6,315.7,63.2,1984.3,50.7,217.5,1180.6,535.6,1690,,NILGIRIS,
Tamil Nadu,Nilgiris,IMD110-P1690,1920,134.5,1.8,4.5,128.5,91.3,328.4,502.5,131.6,202.3,200.0,212.4,0.0,1937.8,136.3,224.3,1164.9,412.4,1690,,NILGIRIS,
Tamil Nadu,Nilgiris,IMD110-P1690,1921,88.2,0.0,1.6,126.3,110.2,218.3,698.0,342.7,173.2,241.6,121.8,23.2,2145.1,88.2,238.1,1432.2,386.6,1690,,NILGIRIS,
Tamil Nadu,Nilgiris,IMD110-P1690,1922,59.8,4.3,5.0,58.2,217.6,200.7,334.0,190.6,162.9,367.5,237.0,72.7,1910.3,64.0,280.9,888.2,677.1,1690,,NILGIRIS,
Tamil Nadu,Nilgiris,IMD110-P1690,1923,33.7,1.3,67.1,85.0,69.5,126.6,660.0,653.6,125.6,226.4,75.8,34.3,2158.9,35.0,221.6,1565.8,336.5,1690,,NILGIRIS,
Tamil Nadu,Nilgiris,IMD110-P1690,1924,52.0,0.0,58.6,74.0,132.5,376.1,1243.3,280.9,219.5,139.4,169.6,51.8,2797.8,52.0,265.2,2119.9,360.8,1690,,NILGIRIS,
Tamil Nadu,Nilgiris,IMD110-P1690,1925,17.4,19.6,33.1,91.8,170.4,270.7,317.4,286.9,148.6,152.9,220.6,190.0,1919.3,37.0,295.3,1023.6,563.4,1690,,NILGIRIS,
Tamil Nadu,Nilgiris,IMD110-P1690,1926,131.5,0.6,29.8,40.7,73.3,132.4,592.8,300.5,218.7,157.2,81.9,42.7,1802.1,132.1,143.9,1244.4,281.7,1690,,NILGIRIS,
Tamil Nadu,Nilgiris,IMD110-P1690,1927,12.7,36.8,11.8,60.7,129.4,387.4,493.8,193.4,201.8,135.0,143.3,25.7,1831.9,49.6,201.9,1276.4,304.0,1690,,NILGIRIS,
Tamil Nadu,Nilgiris,IMD110-P1690,1928,31.1,124.2,50.7,89.1,107.1,205.9,273.5,327.9,53.1,342.8,219.9,74.8,1900.1,155.3,246.9,860.4,637.5,1690,,NILGIRIS,
Tamil Nadu,Nilgiris,IMD110-P1690,1929,39.9,36.5,10.9,211.2,118.2,362.5,368.8,192.1,252.5,256.9,94.0,91.0,2034.4,76.5,340.2,1175.9,441.9,1690,,NILGIRIS,
Tamil Nadu,Nilgiris,IMD110-P1690,1930,33.1,26.6,29.7,65.3,349.8,270.3,240.0,201.4,206.8,571.0,140.3,92.9,2227.0,59.7,444.7,918.4,804.1,1690,,NILGIRIS,
Tamil Nadu,Nilgiris,IMD110-P1690,1931,7.6,0.0,6.6,78.1,97.5,178.8,315.9,595.1,140.8,144.2,235.7,262.5,2062.7,7.6,182.1,1230.6,642.5,1690,,NILGIRIS,
Tamil Nadu,Nilgiris,IMD110-P1690,1932,0.1,8.5,2.3,74.1,327.6,108.7,380.2,305.2,149.1,444.7,252.2,26.9,2079.5,8.6,404.1,943.1,723.7,1690,,NILGIRIS,
Tamil Nadu,Nilgiris,IMD110-P1690,1933,15.0,9.0,45.3,91.2,289.1,208.9,331.3,489.6,324.1,266.7,78.5,64.4,2213.0,24.0,425.5,1353.8,409.6,1690,,NILGIRIS,
Tamil Nadu,Nilgiris,IMD110-P1690,1934,160.5,0.2,4.6,63.8,137.5,261.2,330.6,261.2,49.8,383.6,106.7,25.0,1784.7,160.7,206.0,902.8,515.3,1691,,NILGIRIS,
Tamil Nadu,Nilgiris,IMD110-P1690,1935,25.2,0.1,17.3,178.1,46.7,142.6,353.8,211.8,237.8,215.6,79.3,49.7,1558.1,25.3,242.2,946.1,344.6,1691,,NILGIRIS,
Tamil Nadu,Nilgiris,IMD110-P1690,1936,7.7,58.4,136.1,45.2,208.6,399.1,304.7,202.8,193.4,188.8,190.7,35.4,1970.9,66.0,390.0,1099.9,414.9,1691,,NILGIRIS,
Tamil Nadu,Nilgiris,IMD110-P1690,1937,9.6,57.7,85.2,187.2,133.1,195.3,379.5,209.7,130.9,287.8,197.3,30.0,1903.2,67.3,405.5,915.4,515.0,1691,,NILGIRIS,
Tamil Nadu,Nilgiris,IMD110-P1690,1938,0.1,47.6,71.3,115.9,82.7,204.9,239.3,276.1,183.2,140.7,55.0,86.4,1503.2,47.7,269.8,903.5,282.1,1691,,NILGIRIS,
Tamil Nadu,Nilgiris,IMD110-P1690,1939,31.5,11.5,25.1,116.3,104.0,205.3,389.8,326.9,140.5,339.4,396.1,7.8,2094.1,42.9,245.5,1062.5,743.2,1691,,NILGIRIS,
Tamil Nadu,Nilgiris,IMD110-P1690,1940,1.2,3.8,8.0,132.2,185.7,320.4,401.3,329.6,162.6,156.0,372.3,40.6,2113.9,5.0,326.0,1214.0,568.9,1691,,NILGIRIS,
Tamil Nadu,Nilgiris,IMD110-P1690,1941,35.1,19.3,0.7,78.1,169.1,308.6,387.7,302.3,221.4,165.4,223.6,139.6,2051.0,54.4,248.0,1220.0,528.6,1691,,NILGIRIS,
Tamil Nadu,Nilgiris,IMD110-P1690,1942,0.1,4.2,0.0,111.3,176.5,247.2,459.4,326.7,119.8,192.4,76.6,148.1,1862.4,4.3,287.8,1153.1,417.2,1691,,NILGIRIS,
Tamil Nadu,Nilgiris,IMD110-P1690,1943,176.7,31.8,14.3,107.1,198.6,218.3,452.0,167.6,220.8,304.8,121.5,21.6,2035.0,208.4,320.0,1058.7,447.9,1691,,NILGIRIS,
Tamil Nadu,Nilgiris,IMD110-P1690,1944,52.9,67.3,81.7,72.1,88.3,189.1,349.9,166.2,152.3,263.6,252.6,87.5,1823.4,120.2,242.1,857.5,603.6,1691,,NILGIRIS,
Tamil Nadu,Nilgiris,IMD110-P1690,1945,8.2,9.1,1.1,95.4,93.5,160.6,356.9,185.3,93.3,237.5,271.9,5.5,1518.3,17.3,190.0,796.1,514.9,1691,,NILGIRIS,
Tamil Nadu,Nilgiris,IMD110-P1690,1946,33.2,3.5,82.5,140.9,135.3,295.1,228.8,324.2,232.5,255.9,337.3,225.5,2294.8,36.7,358.7,1080.7,818.7,1691,,NILGIRIS,
Tamil Nadu,Nilgiris,IMD110-P1690,1947,69.4,9.1,66.5,193.7,72.8,191.7,257.5,323.5,214.9,240.8,26.2,69.5,1735.5,78.5,332.9,987.6,336.4,1691,,NILGIRIS,
Tamil Nadu,Nilgiris,IMD110-P1690,1948,63.4,11.0,5.7,116.1,151.9,290.6,338.8,427.2,102.4,191.2,300.2,54.9,2053.4,74.5,273.7,1159.0,546.3,1691,,NILGIRIS,
Tamil Nadu,Nilgiris,IMD110-P1690,1949,0.1,0.0,0.1,119.7,212.4,197.3,356.0,239.9,126.5,298.6,102.2,0.0,1652.9,0.1,332.3,919.8,400.8,1691,,NILGIRIS,
Tamil Nadu,Nilgiris,IMD110-P1690,1950,0.2,70.3,20.8,16.7,97.5,158.4,426.7,303.5,214.8,225.8,143.9,31.2,1709.9,70.5,135.0,1103.4,401.0,1691,,NILGIRIS,
Tamil Nadu,Nilgiris,IMD110-P1690,1951,24.8,0.1,47.1,194.5,130.5,164.7,422.4,127.5,187.4,104.8,202.9,15.7,1622.4,24.9,372.1,902.0,323.4,1691,,NILGIRIS,
Tamil Nadu,Nilgiris,IMD110-P1690,1952,19.9,107.9,7.5,89.4,55.9,132.7,231.5,141.8,80.8,165.6,36.3,186.0,1255.3,127.8,152.7,586.8,388.0,1691,,NILGIRIS,
Tamil Nadu,Nilgiris,IMD110-P1690,1953,25.6,25.8,19.7,136.4,89.6,314.9,391.5,280.3,129.5,366.2,41.1,21.8,1842.3,51.4,245.7,1116.2,429.0,1691,,NILGIRIS,
Tamil Nadu,Nilgiris,IMD110-P1690,1954,91.3,15.7,73.2,89.8,142.0,201.7,316.8,270.0,69.1,305.0,13.2,86.7,1674.7,107.1,305.1,857.7,404.8,1691,,NILGIRIS,
Tamil Nadu,Nilgiris,IMD110-P1690,1955,39.2,5.9,32.6,133.1,402.4,280.8,122.2,142.9,246.5,279.0,105.8,71.7,1862.0,45.1,568.1,792.3,456.5,1691,,NILGIRIS,
Tamil Nadu,Nilgiris,IMD110-P1690,1956,18.9,6.7,4.0,107.2,75.0,324.4,215.7,175.6,102.6,358.9,248.0,44.6,1681.6,25.6,186.2,818.2,651.5,1691,,NILGIRIS,
Tamil Nadu,Nilgiris,IMD110-P1690,1957,0.0,40.9,57.3,37.7,393.6,146.0,216.5,105.5,44.2,371.1,328.6,77.9,1819.4,40.9,488.6,512.2,777.6,1691,,NILGIRIS,
Tamil Nadu,Nilgiris,IMD110-P1690,1958,47.5,30.9,71.2,104.9,189.9,168.4,443.2,320.4,222.6,210.6,205.0,25.3,2039.8,78.4,366.0,1154.6,440.8,1691,,NILGIRIS,
Tamil Nadu,Nilgiris,IMD110-P1690,1959,2.9,8.2,0.3,80.6,117.7,322.2,473.2,174.1,198.7,283.5,194.0,45.8,1901.1,11.1,198.6,1168.2,523.2,1691,,NILGIRIS,
Tamil Nadu,Nilgiris,IMD110-P1690,1960,11.9,0.3,51.1,102.6,80.3,79.2,241.0,111.9,80.8,229.6,235.4,28.4,1252.5,12.1,233.9,513.0,493.5,1691,,NILGIRIS,
Tamil Nadu,Nilgiris,IMD110-P1690,1961,59.2,24.4,6.3,97.7,159.6,246.7,632.8,231.3,119.0,215.9,147.4,84.9,2025.0,83.5,263.6,1229.7,448.2,1691,,NILGIRIS,
Tamil Nadu,Nilgiris,IMD110-P1690,1962,32.7,90.2,20.9,117.0,311.6,98.8,478.2,290.3,131.0,330.9,51.3,72.0,2024.8,122.9,449.5,998.2,454.2,1691,,NILGIRIS,
Tamil Nadu,Nilgiris,IMD110-P1690,1963,42.2,12.2,48.9,84.5,127.8,157.8,353.8,223.4,120.1,240.6,100.5,64.7,1576.5,54.4,261.2,855.1,405.9,1691,,NILGIRIS,
Tamil Nadu,Nilgiris,IMD110-P1690,1964,0.0,1.0,10.1,37.8,133.6,131.3,410.9,633.8,143.8,230.0,173.4,85.7,1991.5,1.0,181.6,1319.8,489.1,1691,,NILGIRIS,
Tamil Nadu,Nilgiris,IMD110-P1690,1965,1.4,8.0,22.4,53.8,81.9,102.3,358.3,176.2,138.1,78.1,104.8,132.9,1258.1,9.4,158.1,774.9,315.8,1691,,NILGIRIS,
Tamil Nadu,Nilgiris,IMD110-P1690,1966,87.8,8.6,20.3,86.3,44.6,126.1,411.3,141.4,338.2,394.8,419.6,73.5,2152.4,96.4,151.2,1017.0,887.8,1691,,NILGIRIS,
Tamil Nadu,Nilgiris,IMD110-P1690,1967,67.7,0.0,7.2,34.3,107.3,234.1,378.6,216.2,77.0,194.4,101.1,98.6,1516.5,67.7,148.9,905.8,394.1,1691,,NILGIRIS,
Tamil Nadu,Nilgiris,IMD110-P1690,1968,7.7,69.7,106.6,119.6,101.0,181.2,354.3,188.0,167.1,155.5,126.3,146.7,1723.6,77.3,327.2,890.6,428.5,1692,,NILGIRIS,
Tamil Nadu,Nilgiris,IMD110-P1690,1969,1.9,6.5,7.1,89.4,82.7,129.7,456.9,291.6,125.1,325.7,180.6,133.1,1830.2,8.4,179.2,1003.2,639.4,1692,,NILGIRIS,
Tamil Nadu,Nilgiris,IMD110-P1690,1970,15.8,27.8,21.3,133.7,221.9,135.1,241.2,260.3,129.5,275.0,159.9,14.9,1636.3,43.5,376.9,766.1,449.8,1692,,NILGIRIS,
Tamil Nadu,Nilgiris,IMD110-P1690,1971,27.1,5.2,70.9,55.9,146.9,147.1,191.7,235.8,259.5,313.3,81.0,110.3,1644.7,32.3,273.7,834.0,504.6,1692,,NILGIRIS,
Tamil Nadu,Nilgiris,IMD110-P1690,1972,0.5,2.7,0.0,33.1,251.3,114.3,129.3,132.4,229.8,309.8,144.2,289.9,1637.3,3.2,284.4,605.8,743.9,1692,,NILGIRIS,
Tamil Nadu,Nilgiris,IMD110-P1690,1973,0.0,0.3,5.9,26.7,150.8,178.6,410.1,213.4,112.3,228.4,64.1,96.6,1487.2,0.3,183.4,914.4,389.1,1692,,NILGIRIS,
Tamil Nadu,Nilgiris,IMD110-P1690,1974,0.3,0.9,5.1,122.6,122.8,84.9,344.2,303.0,264.6,123.6,63.9,15.0,1450.9,1.2,250.5,996.6,202.6,1692,,NILGIRIS,
Tamil Nadu,Nilgiris,IMD110-P1690,1975,17.2,6.6,56.0,40.1,175.4,335.6,306.6,366.2,316.7,201.5,77.9,9.0,1908.8,23.8,271.6,1325.1,288.3,1692,,NILGIRIS,
Tamil Nadu,Nilgiris,IMD110-P1690,1976,0.0,0.0,14.6,133.1,77.1,83.9,239.1,329.4,181.1,166.6,243.8,19.8,1488.5,0.0,224.7,833.6,430.1,1692,,NILGIRIS,
Tamil Nadu,Nilgiris,IMD110-P1690,1977,0.0,25.7,13.7,80.6,206.5,276.7,279.0,171.7,280.9,367.2,375.1,2.8,2079.9,25.7,300.8,1008.3,745.1,1692,,NILGIRIS,
Tamil Nadu,Nilgiris,IMD110-P1690,1978,13.6,37.0,2.2,78.6,74.3,216.3,261.2,328.6,134.1,199.0,554.7,121.2,2020.6,50.6,155.1,940.1,874.8,1692,,NILGIRIS,
Tamil Nadu,Nilgiris,IMD110-P1690,1979,0.1,124.4,27.4,46.1,38.6,165.9,255.2,324.8,235.2,204.0,535.8,48.3,2005.8,124.5,112.1,981.0,788.1,1692,,NILGIRIS,
Tamil Nadu,Nilgiris,IMD110-P1690,1980,0.0,0.1,22.7,61.3,105.7,349.2,330.9,155.8,133.2,133.7,226.0,8.4,1526.8,0.1,189.7,969.0,368.0,1692,,NILGIRIS,
Tamil Nadu,Nilgiris,IMD110-P1690,1981,5.2,0.0,60.9,53.8,96.6,254.3,245.6,376.9,281.6,328.9,104.1,55.8,1863.6,5.2,211.2,1158.3,488.8,1692,,NILGIRIS,
Tamil Nadu,Nilgiris,IMD110-P1690,1982,0.4,0.0,4.6,31.1,112.3,198.6,198.8,262.8,112.2,203.2,239.4,15.8,1379.3,0.4,148.1,772.4,458.4,1692,,NILGIRIS,
Tamil Nadu,Nilgiris,IMD110-P1690,1983,6.6,0.0,11.0,12.3,99.3,185.6,252.4,289.6,276.8,193.3,63.0,229.6,1619.5,6.6,122.6,1004.4,485.9,1692,,NILGIRIS,
Tamil Nadu,Nilgiris,IMD110-P1690,1984,109.2,109.4,246.6,94.1,71.4,305.6,408.6,172.8,197.4,311.2,37.0,108.5,2171.8,218.5,412.1,1084.4,456.7,1692,,NILGIRIS,
Tamil Nadu,Nilgiris,IMD110-P1690,1985,41.7,1.5,6.5,118.4,44.7,292.7,132.3,199.1,212.2,126.2,165.2,126.1,1466.6,43.2,169.6,836.4,417.5,1692,,NILGIRIS,
Tamil Nadu,Nilgiris,IMD110-P1690,1986,55.7,88.9,40.2,34.4,85.2,262.5,143.9,230.8,173.2,192.4,103.7,116.0,1527.0,144.6,159.8,810.5,412.2,1692,,NILGIRIS,
Tamil Nadu,Nilgiris,IMD110-P1690,1987,17.9,28.2,26.6,18.6,88.6,125.4,68.8,203.2,108.4,322.2,285.8,236.7,1530.4,46.1,133.8,505.8,844.7,1692,,NILGIRIS,
Tamil Nadu,Nilgiris,IMD110-P1690,1988,1.8,12.5,42.1,107.1,92.4,130.6,330.1,219.7,239.6,75.7,73.5,53.8,1379.0,14.3,241.6,920.1,203.0,1692,,NILGIRIS,
Tamil Nadu,Nilgiris,IMD110-P1690,1989,2.8,0.0,42.2,71.6,54.5,171.1,404.5,112.2,175.8,155.5,122.9,33.0,1346.1,2.8,168.3,863.5,311.4,1692,,NILGIRIS,
Tamil Nadu,Nilgiris,IMD110-P1690,1990,66.7,0.2,28.3,41.4,159.3,135.2,135.5,218.8,71.4,362.3,151.1,48.8,1419.0,66.9,229.0,560.9,562.2,1692,,NILGIRIS,
Tamil Nadu,Nilgiris,IMD110-P1690,1991,32.2,0.4,12.2,113.2,68.6,366.8,389.9,192.5,151.1,275.0,208.9,22.9,1833.7,32.5,194.0,1100.3,506.9,1692,,NILGIRIS,
Tamil Nadu,Nilgiris,IMD110-P1690,1992,5.7,0.0,0.0,44.1,128.7,392.7,416.5,239.7,197.0,153.3,440.8,15.2,2033.7,5.7,172.8,1245.9,609.3,1692,,NILGIRIS,
Tamil Nadu,Nilgiris,IMD110-P1690,1993,0.0,3.6,36.6,18.8,78.2,237.4,253.8,279.7,99.5,285.0,345.8,106.1,1744.4,3.6,133.6,870.3,736.9,1692,,NILGIRIS,
Tamil Nadu,Nilgiris,IMD110-P1690,1994,21.3,36.7,13.5,117.7,87.0,307.1,490.8,161.5,184.2,335.9,273.7,6.6,2036.0,58.0,218.2,1143.6,616.2,1692,,NILGIRIS,
Tamil Nadu,Nilgiris,IMD110-P1690,1995,77.7,4.8,42.2,71.7,115.4,215.6,317.2,244.4,185.9,166.2,139.1,0.0,1580.2,82.6,229.3,963.1,305.3,1692,,NILGIRIS,
Tamil Nadu,Nilgiris,IMD110-P1690,1996,10.2,60.5,25.3,119.9,70.2,294.5,290.3,168.8,214.2,221.4,42.4,151.6,1669.4,70.7,215.5,967.8,415.4,1692,,NILGIRIS,
Tamil Nadu,Nilgiris,IMD110-P1690,1997,41.6,0.0,0.0,35.6,81.1,180.8,350.0,71.6,151.3,233.6,186.0,82.5,1414.2,41.6,116.7,753.8,502.1,1692,,NILGIRIS,
Tamil Nadu,Nilgiris,IMD110-P1690,1998,5.7,,11.6,41.5,54.5,291.5,340.4,256.4,234.3,270.0,289.3,277.0,,,107.6,1122.7,836.2,1692,missing_months,NILGIRIS,
Tamil Nadu,Nilgiris,IMD110-P1690,1999,,62.5,13.0,70.0,189.7,150.9,327.4,168.0,79.3,480.1,150.5,51.1,,,272.7,725.6,681.7,1692,missing_months,NILGIRIS,
Tamil Nadu,Nilgiris,IMD110-P1690,2000,24.4,71.6,0.3,51.4,76.2,209.6,158.0,316.7,255.6,102.6,191.3,103.1,1560.7,96.0,127.8,939.9,397.0,1692,,NILGIRIS,
Tamil Nadu,Nilgiris,IMD110-P1690,2001,27.2,4.5,11.9,189.2,33.7,223.6,98.5,77.2,72.2,61.7,67.6,26.8,894.1,31.7,234.8,471.5,156.2,1692,,NILGIRIS,
Tamil Nadu,Nilgiris,IMD110-P1690,2002,4.0,2.6,4.7,25.0,73.5,91.9,40.7,103.4,37.2,115.5,68.8,4.8,571.9,6.5,103.2,273.2,189.0,1693,,NILGIRIS,
Tamil Nadu,Nilgiris,IMD110-P1690,2003,0.0,7.6,48.4,34.1,12.4,74.1,90.9,75.5,32.2,107.2,59.7,2.7,544.9,7.6,94.9,272.8,169.6,1693,,NILGIRIS,
Tamil Nadu,Nilgiris,IMD110-P1690,2004,11.2,6.5,3.7,33.6,173.2,133.0,96.2,36.9,391.1,654.2,505.9,10.9,2056.4,17.7,210.4,657.2,1171.0,1693,,NILGIRIS,
Tamil Nadu,Nilgiris,IMD110-P1690,2005,13.2,3.9,33.6,157.7,88.1,115.8,380.9,214.3,213.0,311.0,299.3,62.2,1892.9,17.1,279.4,923.9,672.5,1693,,NILGIRIS,
Tamil Nadu,Nilgiris,IMD110-P1690,2006,25.6,0.0,65.9,61.4,150.3,179.0,211.2,153.5,243.9,378.3,275.5,21.6,1766.2,25.6,277.7,787.6,675.3,1693,,NILGIRIS,
Tamil Nadu,Nilgiris,IMD110-P1690,2007,12.9,43.6,14.8,71.4,86.1,264.3,295.8,294.0,229.0,392.8,107.0,284.4,2096.0,56.4,172.3,1083.0,784.2,1693,,NILGIRIS,
Tamil Nadu,Nilgiris,IMD110-P1690,2008,1.8,108.0,236.3,47.7,97.0,209.1,288.3,256.1,85.7,345.4,55.2,75.6,1806.2,109.7,381.0,839.3,476.2,1693,,NILGIRIS,
Tamil Nadu,Nilgiris,IMD110-P1690,2009,1.6,0.0,100.4,47.6,141.0,136.7,573.3,233.9,186.4,160.7,741.2,79.2,2402.0,1.6,289.0,1130.2,981.2,1693,,NILGIRIS,
Tamil Nadu,Nilgiris,IMD110-P1690,2010,18.8,1.7,9.7,61.6,86.4,200.0,259.1,222.1,140.2,184.5,303.0,66.2,1553.2,20.5,157.7,821.4,553.7,1693,,NILGIRIS,
Tamil Nadu,Perambalur,IMD110-P1694,1901,10.4,23.7,1.8,26.9,112.6,19.3,12.8,65.3,318.0,115.6,189.7,24.9,921.0,34.1,141.3,415.4,330.2,1694,,PERAMBALUR,
Tamil Nadu,Perambalur,IMD110-P1694,1902,34.6,14.5,50.8,0.0,100.1,32.0,45.0,136.1,96.2,264.7,108.2,226.4,1108.6,49.1,150.9,309.3,599.3,1694,,PERAMBALUR,
Tamil Nadu,Perambalur,IMD110-P1694,1903,5.3,34.5,0.0,12.1,225.3,159.5,29.2,106.4,245.8,98.2,163.5,258.4,1338.2,39.8,237.4,540.9,520.1,1694,,PERAMBALUR,
Tamil Nadu,Perambalur,IMD110-P1694,1904,54.7,0.0,0.0,0.0,124.3,8.1,81.8,72.9,173.6,165.5,17.3,55.5,753.7,54.7,124.3,336.4,238.3,1694,,PERAMBALUR,
Tamil Nadu,Perambalur,IMD110-P1694,1905,7.6,2.0,6.1,139.4,59.7,76.9,4.4,158.9,154.1,315.1,126.1,0.0,1050.3,9.6,205.2,394.3,441.2,1694,,PERAMBALUR,
Tamil Nadu,Perambalur,IMD110-P1694,1906,214.1,1.1,8.4,0.0,109.0,21.3,60.2,274.7,60.8,217.0,269.2,74.1,1309.9,215.2,117.4,417.0,560.3,1694,,PERAMBALUR,
Tamil Nadu,Perambalur,IMD110-P1694,1907,1.3,5.1,0.0,27.4,57.8,8.2,45.2,15.3,146.1,195.9,263.7,42.9,808.9,6.4,85.2,214.8,502.5,1694,,PERAMBALUR,
Tamil Nadu,Perambalur,IMD110-P1694,1908,10.2,27.5,14.7,0.0,98.6,22.3,24.1,39.4,199.6,293.5,43.9,31.2,805.0,37.7,113.3,285.4,368.6,1694,,PERAMBALUR,
Tamil Nadu,Perambalur,IMD110-P1694,1909,99.1,29.2,27.9,74.9,118.6,22.9,0.0,346.9,109.7,112.8,16.7,0.0,958.7,128.3,221.4,479.5,129.5,1694,,PERAMBALUR,
Tamil Nadu,Perambalur,IMD110-P1694,1910,0.0,19.8,0.0,0.0,102.4,26.7,130.4,153.2,67.3,232.0,43.9,0.0,775.7,19.8,102.4,377.6,275.9,1694,,PERAMBALUR,
Tamil Nadu,Perambalur,IMD110-P1694,1911,0.0,0.0,0.0,30.7,80.3,44.2,45.4,5.6,154.6,112.5,162.1,80.5,715.9,0.0,111.0,249.8,355.1,1694,,PERAMBALUR,
Tamil Nadu,Perambalur,IMD110-P1694,1912,0.0,0.0,0.0,0.0,84.9,58.4,19.1,62.0,191.9,249.6,249.5,16.0,931.4,0.0,84.9,331.4,515.1,1694,,PERAMBALUR,
Tamil Nadu,Perambalur,IMD110-P1694,1913,0.0,0.0,0.0,15.2,72.5,33.3,47.3,102.2,235.8,140.7,342.1,178.3,1167.4,0.0,87.7,418.6,661.1,1694,,PERAMBALUR,
Tamil Nadu,Perambalur,IMD110-P1694,1914,13.5,0.0,0.0,81.0,141.7,16.3,13.6,157.8,104.0,257.6,174.9,165.1,1125.5,13.5,222.7,291.7,597.6,1694,,PERAMBALUR,
Tamil Nadu,Perambalur,IMD110-P1694,1915,23.0,22.1,34.7,0.0,79.5,70.4,87.8,97.8,90.8,82.3,184.8,119.3,892.5,45.1,114.2,346.8,386.4,1694,,PERAMBALUR,
Tamil Nadu,Perambalur,IMD110-P1694,1916,0.0,5.1,0.0,0.0,5.8,0.0,335.5,93.0,83.5,175.8,159.9,23.7,882.3,5.1,5.8,512.0,359.4,1694,,PERAMBALUR,
Tamil Nadu,Perambalur,IMD110-P1694,1917,6.6,14.0,12.0,11.4,146.3,115.8,18.0,129.8,132.0,152.7,131.4,3.1,873.1,20.6,169.7,395.6,287.2,1694,,PERAMBALUR,
Tamil Nadu,Perambalur,IMD110-P1694,1918,50.9,0.0,48.3,0.0,36.2,29.2,100.3,116.9,182.2,112.8,244.9,114.3,1036.0,50.9,84.5,428.6,472.0,1694,,PERAMBALUR,
Tamil Nadu,Perambalur,IMD110-P1694,1919,0.0,0.0,16.2,0.0,62.3,34.8,99.3,4.6,124.3,142.2,425.8,161.6,1071.1,0.0,78.5,263.0,729.6,1694,,PERAMBALUR,
Tamil Nadu,Perambalur,IMD110-P1694,1920,213.0,34.8,0.0,133.8,46.2,13.7,2.5,52.6,312.7,130.5,573.2,0.0,1513.0,247.8,180.0,381.5,703.7,1694,,PERAMBALUR,
Tamil Nadu,Perambalur,IMD110-P1694,1921,112.7,0.0,0.0,116.8,51.1,80.5,0.0,87.7,70.9,183.7,67.6,63.8,834.8,112.7,167.9,239.1,315.1,1694,,PERAMBALUR,
Tamil Nadu,Perambalur,IMD110-P1694,1922,29.7,12.2,0.0,69.8,137.3,66.8,88.4,60.1,110.0,283.9,163.8,59.7,1081.7,41.9,207.1,325.3,507.4,1694,,PERAMBALUR,
Tamil Nadu,Perambalur,IMD110-P1694,1923,242.3,0.0,40.2,61.0,13.0,56.1,0.0,11.2,168.9,305.5,0.0,92.8,991.0,242.3,114.2,236.2,398.3,1694,,PERAMBALUR,
Tamil Nadu,Perambalur,IMD110-P1694,1924,43.4,0.0,13.4,4.6,33.5,51.8,37.0,111.8,122.3,96.7,237.6,18.1,770.2,43.4,51.5,322.9,352.4,1694,,PERAMBALUR,
Tamil Nadu,Perambalur,IMD110-P1694,1925,4.6,0.0,33.8,23.1,83.4,96.9,40.7,80.0,55.0,169.7,146.0,142.4,875.6,4.6,140.3,272.6,458.1,1694,,PERAMBALUR,
Tamil Nadu,Perambalur,IMD110-P1694,1926,88.7,13.5,12.4,83.3,28.7,5.1,18.0,,195.8,69.0,119.8,6.4,,102.2,124.4,,195.2,1694,missing_months,PERAMBALUR,
Tamil Nadu,Perambalur,IMD110-P1694,1927,0.0,11.2,2.5,10.7,35.5,65.1,34.3,41.7,205.9,40.8,121.0,48.6,617.3,11.2,48.7,347.0,210.4,1694,,PERAMBALUR,
Tamil Nadu,Perambalur,IMD110-P1694,1928,0.0,72.3,10.9,27.0,34.1,25.1,130.2,72.4,59.2,188.3,117.8,170.4,907.7,72.3,72.0,286.9,476.5,1694,,PERAMBALUR,
Tamil Nadu,Perambalur,IMD110-P1694,1929,15.8,0.0,0.0,136.9,61.4,48.5,12.9,75.3,151.3,220.3,196.0,81.5,999.9,15.8,198.3,288.0,497.8,1694,,PERAMBALUR,
Tamil Nadu,Perambalur,IMD110-P1694,1930,105.9,20.4,83.8,36.4,146.1,81.3,44.7,131.8,110.0,506.0,200.1,44.2,1510.7,126.3,266.3,367.8,750.3,1694,,PERAMBALUR,
Tamil Nadu,Perambalur,IMD110-P1694,1931,12.0,0.0,0.0,74.5,85.3,52.4,128.0,13.0,183.2,155.2,118.3,370.5,1192.4,12.0,159.8,376.6,644.0,1694,,PERAMBALUR,
Tamil Nadu,Perambalur,IMD110-P1694,1932,0.0,19.6,8.6,65.8,70.3,55.9,62.3,355.5,53.4,359.7,176.8,105.1,1333.0,19.6,144.7,527.1,641.6,1694,,PERAMBALUR,
Tamil Nadu,Perambalur,IMD110-P1694,1933,0.0,0.0,8.7,39.6,96.3,0.0,22.8,215.4,59.5,115.8,59.8,104.9,722.8,0.0,144.6,297.7,280.5,1694,,PERAMBALUR,
Tamil Nadu,Perambalur,IMD110-P1694,1934,112.7,0.0,0.0,12.7,57.7,63.5,70.4,42.4,39.3,308.1,183.4,36.3,926.5,112.7,70.4,215.6,527.8,1695,,PERAMBALUR,
Tamil Nadu,Perambalur,IMD110-P1694,1935,41.4,0.0,0.0,70.6,31.8,97.2,16.2,215.0,47.4,109.0,175.6,110.2,914.4,41.4,102.4,375.8,394.8,1695,,PERAMBALUR,
Tamil Nadu,Perambalur,IMD110-P1694,1936,5.1,78.2,80.5,66.5,11.4,5.4,70.6,45.4,120.5,105.2,247.3,72.5,908.6,83.3,158.4,241.9,425.0,1695,,PERAMBALUR,
Tamil Nadu,Perambalur,IMD110-P1694,1937,45.0,1.8,7.1,65.7,49.5,106.9,8.4,216.3,152.9,117.5,331.4,1.5,1104.0,46.8,122.3,484.5,450.4,1695,,PERAMBALUR,
Tamil Nadu,Perambalur,IMD110-P1694,1938,0.0,47.7,23.4,24.9,58.3,53.1,99.2,93.4,145.5,71.3,21.4,57.1,695.3,47.7,106.6,391.2,149.8,1695,,PERAMBALUR,
Tamil Nadu,Perambalur,IMD110-P1694,1939,38.7,0.0,33.2,228.4,23.4,48.3,8.7,109.5,85.4,422.9,331.3,13.7,1343.5,38.7,285.0,251.9,767.9,1695,,PERAMBALUR,
Tamil Nadu,Perambalur,IMD110-P1694,1940,5.8,0.0,40.6,50.3,114.1,29.7,1.3,72.2,155.9,212.8,351.0,94.8,1128.5,5.8,205.0,259.1,658.6,1695,,PERAMBALUR,
Tamil Nadu,Perambalur,IMD110-P1694,1941,7.6,1.0,0.0,32.3,90.7,3.5,107.2,53.3,210.8,241.4,233.2,129.5,1110.5,8.6,123.0,374.8,604.1,1695,,PERAMBALUR,
Tamil Nadu,Perambalur,IMD110-P1694,1942,0.0,0.0,0.0,0.0,48.4,14.8,8.0,124.4,139.8,184.2,56.0,136.5,712.2,0.0,48.4,287.0,376.8,1695,,PERAMBALUR,
Tamil Nadu,Perambalur,IMD110-P1694,1943,92.1,0.0,0.0,72.5,268.5,3.5,39.0,52.3,304.5,383.6,130.8,44.7,1391.4,92.1,341.0,399.3,559.0,1695,,PERAMBALUR,
Tamil Nadu,Perambalur,IMD110-P1694,1944,8.0,3.8,101.3,12.7,10.0,87.6,23.4,143.9,122.5,160.9,248.5,197.8,1120.3,11.8,124.1,377.4,607.1,1695,,PERAMBALUR,
Tamil Nadu,Perambalur,IMD110-P1694,1945,1.9,1.9,7.1,46.8,69.8,28.3,0.0,119.5,110.3,175.6,193.0,0.0,754.2,3.8,123.7,258.1,368.6,1695,,PERAMBALUR,
Tamil Nadu,Perambalur,IMD110-P1694,1946,36.5,0.0,2.5,30.3,121.3,2.8,42.4,22.9,135.9,205.6,252.6,144.8,997.7,36.5,154.1,204.1,603.0,1695,,PERAMBALUR,
Tamil Nadu,Perambalur,IMD110-P1694,1947,91.0,8.6,67.1,91.5,43.4,0.8,117.4,52.9,137.9,293.6,6.9,8.4,919.5,99.6,202.0,309.0,308.9,1695,,PERAMBALUR,
Tamil Nadu,Perambalur,IMD110-P1694,1948,82.4,9.6,0.5,53.7,97.1,45.0,115.6,41.7,85.8,85.4,257.8,51.3,925.7,92.0,151.3,288.0,394.5,1695,,PERAMBALUR,
Tamil Nadu,Perambalur,IMD110-P1694,1949,0.0,0.0,0.0,32.7,50.8,103.0,65.0,240.8,49.0,245.2,98.1,0.0,884.6,0.0,83.5,457.8,343.3,1695,,PERAMBALUR,
Tamil Nadu,Perambalur,IMD110-P1694,1950,1.3,76.3,6.9,5.3,48.7,1.3,15.5,194.8,82.9,136.7,159.2,20.8,749.7,77.6,60.9,294.5,316.7,1695,,PERAMBALUR,
Tamil Nadu,Perambalur,IMD110-P1694,1951,5.1,0.0,2.6,106.6,110.9,0.0,76.1,98.4,89.8,93.6,159.6,0.7,743.3,5.1,220.1,264.3,253.8,1695,,PERAMBALUR,
Tamil Nadu,Perambalur,IMD110-P1694,1952,13.9,52.6,0.5,11.7,23.5,29.5,34.1,61.2,16.2,149.2,20.8,216.6,629.6,66.5,35.6,140.9,386.6,1695,,PERAMBALUR,
Tamil Nadu,Perambalur,IMD110-P1694,1953,10.9,7.6,0.0,50.0,66.2,66.7,49.1,55.3,114.8,296.2,84.9,18.6,820.2,18.6,116.1,285.9,399.6,1695,,PERAMBALUR,
Tamil Nadu,Perambalur,IMD110-P1694,1954,66.6,1.5,48.3,53.4,68.9,13.7,71.9,164.8,29.8,244.1,11.0,152.3,926.3,68.1,170.6,280.2,407.3,1695,,PERAMBALUR,
Tamil Nadu,Perambalur,IMD110-P1694,1955,12.9,0.3,2.5,99.8,235.8,8.6,57.1,85.9,146.7,155.0,124.6,244.1,1173.4,13.2,338.1,298.4,523.7,1695,,PERAMBALUR,
Tamil Nadu,Perambalur,IMD110-P1694,1956,20.1,0.0,0.0,23.1,68.1,69.1,13.0,184.4,268.1,307.8,264.8,47.1,1265.6,20.1,91.3,534.5,619.7,1695,,PERAMBALUR,
Tamil Nadu,Perambalur,IMD110-P1694,1957,0.0,4.8,2.7,0.0,40.2,42.8,28.8,33.4,130.2,230.2,141.3,117.9,772.3,4.8,42.9,235.2,489.4,1695,,PERAMBALUR,
Tamil Nadu,Perambalur,IMD110-P1694,1958,7.0,0.0,38.3,29.1,99.5,25.8,11.0,163.5,55.3,117.9,149.3,43.8,740.4,7.0,166.9,255.6,310.9,1695,,PERAMBALUR,
Tamil Nadu,Perambalur,IMD110-P1694,1959,0.2,37.3,0.0,58.7,42.4,47.9,17.0,17.2,122.5,177.0,145.3,53.5,719.0,37.5,101.1,204.6,375.8,1695,,PERAMBALUR,
Tamil Nadu,Perambalur,IMD110-P1694,1960,0.0,0.0,2.3,50.6,39.0,54.3,188.8,32.0,83.3,53.3,342.3,16.0,861.9,0.0,91.9,358.4,411.6,1695,,PERAMBALUR,
Tamil Nadu,Perambalur,IMD110-P1694,1961,128.7,0.0,0.0,0.0,25.9,29.9,41.9,137.5,148.1,112.2,74.1,45.8,744.0,128.7,25.9,357.4,232.0,1695,,PERAMBALUR,
Tamil Nadu,Perambalur,IMD110-P1694,1962,0.0,0.0,0.4,0.0,90.3,19.6,63.3,169.0,111.2,257.6,94.7,57.0,863.2,0.0,90.7,363.1,409.4,1695,,PERAMBALUR,
Tamil Nadu,Perambalur,IMD110-P1694,1963,134.3,3.3,44.4,82.7,55.0,16.0,15.5,43.7,101.8,202.3,199.1,211.0,1109.0,137.5,182.1,176.9,612.5,1695,,PERAMBALUR,
Tamil Nadu,Perambalur,IMD110-P1694,1964,0.0,0.0,3.1,0.0,83.3,31.1,149.8,66.9,73.3,179.5,163.3,113.7,864.0,0.0,86.4,321.1,456.5,1695,,PERAMBALUR,
Tamil Nadu,Perambalur,IMD110-P1694,1966,1.7,0.0,15.8,54.2,22.5,68.2,49.3,373.9,193.7,569.2,182.0,92.3,1622.8,1.7,92.5,685.1,843.5,1695,,PERAMBALUR,
Tamil Nadu,Perambalur,IMD110-P1694,1967,27.6,0.0,50.6,0.0,39.5,83.6,47.9,68.9,40.5,134.4,251.3,271.6,1016.0,27.6,90.2,240.9,657.4,1695,,PERAMBALUR,
Tamil Nadu,Perambalur,IMD110-P1694,1968,0.4,4.4,47.6,93.1,80.1,34.7,0.4,132.2,246.6,120.5,200.5,160.9,1121.3,4.8,220.8,413.9,481.8,1695,,PERAMBALUR,
Tamil Nadu,Perambalur,IMD110-P1694,1969,0.0,3.6,0.0,0.0,46.3,14.6,15.8,93.3,51.9,271.3,274.1,120.6,891.5,3.6,46.3,175.6,666.0,1696,,PERAMBALUR,
Tamil Nadu,Perambalur,IMD110-P1694,1970,30.5,6.7,0.0,44.2,114.7,53.7,94.9,126.3,59.5,77.7,229.4,20.4,857.9,37.2,158.9,334.4,327.5,1696,,PERAMBALUR,
Tamil Nadu,Perambalur,IMD110-P1694,1971,8.2,16.3,30.4,31.7,16.3,5.0,,88.0,71.2,316.5,97.1,261.4,,24.5,78.3,,675.0,1696,missing_months,PERAMBALUR,
Tamil Nadu,Perambalur,IMD110-P1694,1972,0.0,,0.0,0.0,140.1,43.1,24.0,15.0,271.6,279.4,110.3,336.7,,,140.1,353.8,726.4,1696,missing_months,PERAMBALUR,
Tamil Nadu,Perambalur,IMD110-P1694,1973,0.0,0.0,14.4,3.7,90.1,38.8,172.7,45.8,169.9,189.1,100.7,96.1,921.3,0.0,108.3,427.2,385.9,1696,,PERAMBALUR,
Tamil Nadu,Perambalur,IMD110-P1694,1974,0.0,0.0,10.0,0.3,27.3,64.9,39.8,83.9,165.2,197.4,4.6,26.9,620.2,0.0,37.6,353.7,228.9,1696,,PERAMBALUR,
Tamil Nadu,Perambalur,IMD110-P1694,1975,10.5,0.0,74.3,0.1,109.8,9.3,106.2,117.1,92.7,195.8,134.1,57.5,907.4,10.5,184.2,325.3,387.4,1696,,PERAMBALUR,
Tamil Nadu,Perambalur,IMD110-P1694,1976,0.0,0.0,0.6,83.6,62.0,110.7,53.4,160.2,126.5,79.8,193.4,46.5,916.7,0.0,146.2,450.9,319.7,1696,,PERAMBALUR,
Tamil Nadu,Perambalur,IMD110-P1694,1977,0.0,25.5,3.9,66.8,35.9,20.7,16.8,98.2,141.7,291.9,369.1,25.2,1095.7,25.5,106.6,277.3,686.3,1696,,PERAMBALUR,
Tamil Nadu,Perambalur,IMD110-P1694,1978,0.0,1.6,1.5,59.8,29.7,1.5,11.9,4.9,59.6,191.7,305.5,247.4,915.1,1.6,91.0,77.9,744.6,1696,,PERAMBALUR,
Tamil Nadu,Perambalur,IMD110-P1694,1979,0.0,2.2,6.5,0.0,5.7,46.9,34.1,102.6,198.3,134.5,555.1,21.7,1107.6,2.2,12.2,381.9,711.3,1696,,PERAMBALUR,
Tamil Nadu,Perambalur,IMD110-P1694,1980,0.0,0.0,3.3,5.5,9.7,1.0,20.9,0.7,86.3,150.6,150.5,21.0,449.4,0.0,18.5,108.8,322.1,1696,,PERAMBALUR,
Tamil Nadu,Perambalur,IMD110-P1694,1981,19.2,0.0,4.0,3.3,118.5,13.7,153.6,87.0,317.9,439.9,217.7,59.5,1434.3,19.2,125.8,572.2,717.1,1696,,PERAMBALUR,
Tamil Nadu,Perambalur,IMD110-P1694,1982,0.0,0.0,0.0,4.0,16.4,58.4,18.8,10.8,194.6,152.9,273.4,7.9,737.2,0.0,20.4,282.6,434.2,1696,,PERAMBALUR,
Tamil Nadu,Perambalur,IMD110-P1694,1983,0.0,0.0,0.0,0.0,118.1,120.7,26.4,108.3,215.4,117.1,70.6,289.8,1066.5,0.0,118.1,470.9,477.5,1696,,PERAMBALUR,
Tamil Nadu,Perambalur,IMD110-P1694,1984,24.3,130.7,57.1,35.5,9.6,0.0,64.4,9.8,136.2,79.4,53.8,42.4,643.2,155.0,102.3,210.4,175.6,1696,,PERAMBALUR,
Tamil Nadu,Perambalur,IMD110-P1694,1985,66.3,0.0,0.0,1.3,12.6,11.4,15.6,125.2,57.2,120.7,202.1,28.4,640.8,66.3,13.9,209.4,351.2,1696,,PERAMBALUR,
Tamil Nadu,Perambalur,IMD110-P1694,1986,100.6,0.9,9.9,1.1,71.2,5.4,40.4,51.4,,95.4,93.9,17.1,,101.5,82.2,,206.4,1696,missing_months,PERAMBALUR,
Tamil Nadu,Perambalur,IMD110-P1694,1987,1.5,0.0,1.4,0.0,0.0,26.1,12.0,53.4,63.6,,,171.6,,1.5,1.4,155.1,,1696,missing_months,PERAMBALUR,
Tamil Nadu,Perambalur,IMD110-P1694,1988,0.0,0.0,4.1,27.8,18.7,5.4,23.6,61.6,85.4,21.5,78.6,24.2,350.9,0.0,50.6,176.0,124.3,1696,,PERAMBALUR,
Tamil Nadu,Perambalur,IMD110-P1694,1989,0.0,0.0,0.0,15.9,11.6,7.7,97.6,13.7,62.6,74.8,58.5,43.8,386.2,0.0,27.5,181.6,177.1,1696,,PERAMBALUR,
Tamil Nadu,Perambalur,IMD110-P1694,1990,38.6,33.3,10.8,0.0,41.2,8.1,0.0,52.7,86.1,113.1,24.4,36.3,444.6,71.9,52.0,146.9,173.8,1696,,PERAMBALUR,
Tamil Nadu,Perambalur,IMD110-P1694,1991,2.5,0.0,0.0,0.0,2.3,17.0,0.0,51.1,13.0,91.2,159.0,19.0,355.1,2.5,2.3,81.1,269.2,1696,,PERAMBALUR,
Tamil Nadu,Perambalur,IMD110-P1694,1992,0.0,0.0,0.0,11.5,14.9,15.4,27.0,19.7,94.6,75.7,346.3,67.0,672.0,0.0,26.4,156.7,489.0,1696,,PERAMBALUR,
Tamil Nadu,Perambalur,IMD110-P1694,1993,0.0,2.1,0.0,13.2,0.0,47.4,0.0,107.0,76.6,154.5,168.6,266.0,835.4,2.1,13.2,231.0,589.2,1696,,PERAMBALUR,
Tamil Nadu,Perambalur,IMD110-P1694,1994,0.0,5.0,0.0,23.8,106.7,0.0,5.0,6.3,21.6,122.8,205.3,69.6,566.1,5.0,130.5,32.9,397.7,1696,,PERAMBALUR,
Tamil Nadu,Perambalur,IMD110-P1694,1995,0.0,0.0,8.5,12.2,92.6,9.4,86.8,191.2,69.5,136.4,50.0,0.0,656.6,0.0,113.3,356.9,186.4,1696,,PERAMBALUR,
Tamil Nadu,Perambalur,IMD110-P1694,1996,0.0,0.0,,51.2,26.4,82.0,36.0,103.4,124.2,116.3,52.8,237.3,,0.0,,345.6,406.4,1696,missing_months,PERAMBALUR,
Tamil Nadu,Perambalur,IMD110-P1694,1997,1.8,0.0,0.0,13.2,56.0,41.6,9.6,35.0,81.1,82.8,89.1,47.9,458.0,1.8,69.2,167.3,219.7,1696,,PERAMBALUR,
Tamil Nadu,Perambalur,IMD110-P1694,1998,,,,,45.6,1.6,36.5,122.7,164.8,65.8,257.3,155.0,,,,325.6,478.1,1696,missing_months,PERAMBALUR,
Tamil Nadu,Perambalur,IMD110-P1694,1999,,3.2,,21.8,16.0,11.2,,73.6,44.8,187.0,298.3,46.8,,,,,532.1,1696,missing_months,PERAMBALUR,
Tamil Nadu,Perambalur,IMD110-P1694,2000,8.5,,,27.2,21.7,1.6,53.0,32.6,202.8,262.4,196.8,65.6,,,,290.0,524.8,1696,missing_months,PERAMBALUR,
Tamil Nadu,Perambalur,IMD110-P1694,2001,,,,30.4,41.6,0.0,42.1,11.7,29.9,81.1,50.5,25.1,,,,83.7,156.7,1696,missing_months,PERAMBALUR,
Tamil Nadu,Perambalur,IMD110-P1694,2005,0.0,0.0,20.5,32.5,68.5,80.5,85.0,96.1,79.0,315.5,495.0,123.5,1396.1,0.0,121.5,340.6,934.0,1696,,PERAMBALUR,
Tamil Nadu,Perambalur,IMD110-P1694,2006,5.5,0.0,35.5,16.4,92.3,8.9,5.3,59.3,89.3,187.0,192.8,33.0,725.2,5.5,144.1,162.8,412.7,1697,,PERAMBALUR,
Tamil Nadu,Perambalur,IMD110-P1694,2007,0.0,0.0,0.0,46.3,45.7,36.1,31.4,149.0,48.3,238.0,21.5,,,0.0,92.0,264.8,,1697,missing_months,PERAMBALUR,
Tamil Nadu,Perambalur,IMD110-P1694,2009,14.0,0.0,11.0,9.0,47.5,18.0,22.5,99.0,104.5,27.3,348.0,125.2,826.0,14.0,67.5,244.0,500.5,1697,,PERAMBALUR,
Tamil Nadu,Perambalur,IMD110-P1694,2010,21.0,0.0,0.0,0.0,92.9,64.0,6.4,119.1,106.3,154.1,391.1,98.8,1053.7,21.0,92.9,295.8,643.9,1697,,PERAMBALUR,
Tamil Nadu,Pudukottai,IMD110-P1698,1901,6.9,32.7,13.7,48.4,69.0,32.9,35.5,85.3,251.9,107.4,106.8,66.6,856.9,39.6,131.1,405.5,280.7,1698,,PUDUKOTTAI,
Tamil Nadu,Pudukottai,IMD110-P1698,1902,97.4,11.9,25.1,2.0,57.1,43.2,49.7,143.6,141.8,252.0,157.0,111.3,1092.1,109.3,84.2,378.3,520.3,1698,,PUDUKOTTAI,
Tamil Nadu,Pudukottai,IMD110-P1698,1903,14.3,3.3,0.0,20.4,90.4,47.6,43.3,131.1,250.5,102.0,166.7,259.3,1129.0,17.6,110.8,472.6,528.0,1698,,PUDUKOTTAI,
Tamil Nadu,Pudukottai,IMD110-P1698,1904,28.8,0.0,0.0,2.2,89.8,10.4,107.3,55.6,113.6,122.7,47.4,76.4,654.2,28.8,92.0,286.9,246.5,1698,,PUDUKOTTAI,
Tamil Nadu,Pudukottai,IMD110-P1698,1905,4.3,2.3,6.2,55.4,76.7,27.0,19.4,133.7,96.7,183.3,129.4,2.2,736.6,6.6,138.3,276.9,314.9,1698,,PUDUKOTTAI,
Tamil Nadu,Pudukottai,IMD110-P1698,1906,44.2,7.6,26.3,1.1,34.7,51.4,63.3,244.7,47.6,161.9,141.9,113.0,937.7,51.8,62.1,407.0,416.7,1698,,PUDUKOTTAI,
Tamil Nadu,Pudukottai,IMD110-P1698,1907,7.0,1.9,3.6,48.2,80.4,30.2,56.4,46.2,102.4,156.9,154.0,37.2,724.3,8.8,132.2,235.2,348.1,1698,,PUDUKOTTAI,
Tamil Nadu,Pudukottai,IMD110-P1698,1908,6.5,34.3,26.4,21.9,34.7,54.5,48.1,42.2,209.3,201.3,11.8,18.3,709.4,40.8,82.9,354.2,231.5,1698,,PUDUKOTTAI,
Tamil Nadu,Pudukottai,IMD110-P1698,1909,135.2,18.0,0.1,83.5,93.0,24.3,42.4,229.0,70.3,92.9,93.3,24.3,906.3,153.3,176.6,366.0,210.4,1698,,PUDUKOTTAI,
Tamil Nadu,Pudukottai,IMD110-P1698,1910,17.4,38.7,0.0,29.3,32.5,48.1,135.9,200.1,102.6,154.9,104.6,0.1,863.9,56.1,61.7,486.6,259.5,1698,,PUDUKOTTAI,
Tamil Nadu,Pudukottai,IMD110-P1698,1911,2.9,0.7,1.2,26.3,76.5,66.1,29.3,13.4,146.0,89.8,168.2,195.4,815.8,3.6,104.0,254.8,453.4,1698,,PUDUKOTTAI,
Tamil Nadu,Pudukottai,IMD110-P1698,1912,15.2,0.1,0.1,13.1,45.5,50.0,22.6,45.1,142.2,283.2,191.7,40.0,848.6,15.3,58.6,259.8,514.9,1698,,PUDUKOTTAI,
Tamil Nadu,Pudukottai,IMD110-P1698,1913,3.3,0.7,1.1,33.0,51.6,25.4,63.6,71.8,152.2,194.2,168.1,119.8,884.7,4.0,85.8,312.9,482.1,1698,,PUDUKOTTAI,
Tamil Nadu,Pudukottai,IMD110-P1698,1914,4.7,0.3,0.0,24.6,51.0,89.8,17.0,113.5,118.1,214.4,64.4,118.2,816.1,5.0,75.6,338.4,397.0,1698,,PUDUKOTTAI,
Tamil Nadu,Pudukottai,IMD110-P1698,1915,18.5,12.6,33.9,46.3,87.4,13.1,109.5,130.0,129.7,123.8,103.8,147.0,955.7,31.2,167.7,382.3,374.6,1698,,PUDUKOTTAI,
Tamil Nadu,Pudukottai,IMD110-P1698,1916,0.0,1.6,0.7,7.7,62.0,25.8,157.9,138.8,102.6,129.9,59.3,33.2,719.6,1.6,70.4,425.2,222.4,1698,,PUDUKOTTAI,
Tamil Nadu,Pudukottai,IMD110-P1698,1917,6.6,19.5,27.5,0.0,101.6,92.5,47.9,234.6,205.5,123.0,204.3,41.0,1104.0,26.1,129.2,580.5,368.3,1698,,PUDUKOTTAI,
Tamil Nadu,Pudukottai,IMD110-P1698,1918,51.7,3.5,14.1,0.4,53.2,35.0,45.4,84.4,14.8,73.7,312.2,67.4,755.9,55.1,67.7,179.6,453.3,1698,,PUDUKOTTAI,
Tamil Nadu,Pudukottai,IMD110-P1698,1919,7.2,1.3,8.0,7.9,75.0,52.2,98.9,117.2,134.2,124.9,249.3,159.4,1035.5,8.5,90.9,402.4,533.7,1698,,PUDUKOTTAI,
Tamil Nadu,Pudukottai,IMD110-P1698,1920,146.8,0.7,0.1,48.8,85.2,82.5,22.6,116.1,256.8,149.5,504.8,8.6,1422.5,147.5,134.0,478.0,663.0,1698,,PUDUKOTTAI,
Tamil Nadu,Pudukottai,IMD110-P1698,1921,290.6,0.0,1.9,90.7,13.2,56.3,84.6,141.7,136.8,153.4,29.4,88.6,1087.3,290.6,105.8,419.4,271.5,1698,,PUDUKOTTAI,
Tamil Nadu,Pudukottai,IMD110-P1698,1922,16.1,10.4,7.3,30.1,116.6,56.7,34.7,77.9,169.4,184.1,176.0,67.8,947.2,26.6,154.0,338.7,428.0,1698,,PUDUKOTTAI,
Tamil Nadu,Pudukottai,IMD110-P1698,1923,336.2,1.3,55.7,11.1,9.0,18.0,42.9,34.2,174.2,200.9,5.1,187.3,1075.9,337.5,75.9,269.3,393.3,1698,,PUDUKOTTAI,
Tamil Nadu,Pudukottai,IMD110-P1698,1924,43.9,0.0,52.3,4.5,42.7,51.9,70.5,155.4,193.0,88.5,102.0,24.5,829.3,43.9,99.6,470.9,215.0,1698,,PUDUKOTTAI,
Tamil Nadu,Pudukottai,IMD110-P1698,1925,12.6,3.5,51.7,16.1,51.3,90.2,33.3,114.9,36.7,117.3,198.9,135.9,862.4,16.1,119.1,275.1,452.1,1698,,PUDUKOTTAI,
Tamil Nadu,Pudukottai,IMD110-P1698,1926,89.1,8.9,16.3,14.4,41.7,38.8,54.6,92.2,136.1,160.0,73.4,16.3,741.8,97.9,72.4,321.7,249.8,1698,,PUDUKOTTAI,
Tamil Nadu,Pudukottai,IMD110-P1698,1927,33.2,29.9,12.9,48.7,50.1,41.2,29.4,66.2,96.7,47.5,109.5,29.4,594.6,63.1,111.6,233.4,186.4,1698,,PUDUKOTTAI,
Tamil Nadu,Pudukottai,IMD110-P1698,1928,22.8,96.7,9.4,43.5,46.8,9.0,64.2,27.9,55.5,149.0,172.2,113.6,810.7,119.5,99.8,156.5,434.9,1698,,PUDUKOTTAI,
Tamil Nadu,Pudukottai,IMD110-P1698,1929,21.3,2.5,0.4,69.8,30.7,53.8,24.0,54.0,146.5,155.5,147.3,114.0,819.7,23.8,100.9,278.2,416.8,1698,,PUDUKOTTAI,
Tamil Nadu,Pudukottai,IMD110-P1698,1930,35.6,27.1,4.1,24.8,223.4,34.0,25.3,61.4,124.1,617.8,108.3,36.8,1322.7,62.7,252.3,244.8,762.9,1698,,PUDUKOTTAI,
Tamil Nadu,Pudukottai,IMD110-P1698,1931,34.6,0.0,1.0,40.2,79.9,54.4,76.5,71.3,104.1,49.6,136.4,403.4,1051.5,34.6,121.1,306.4,589.4,1698,,PUDUKOTTAI,
Tamil Nadu,Pudukottai,IMD110-P1698,1932,1.0,4.5,22.9,94.3,84.6,23.8,51.8,129.6,59.6,256.1,241.9,109.3,1079.4,5.5,201.7,264.8,607.3,1698,,PUDUKOTTAI,
Tamil Nadu,Pudukottai,IMD110-P1698,1933,1.5,9.9,6.9,44.1,77.6,35.9,28.4,197.9,87.7,135.5,108.8,98.8,832.9,11.4,128.5,349.9,343.1,1698,,PUDUKOTTAI,
Tamil Nadu,Pudukottai,IMD110-P1698,1934,156.7,0.0,5.6,70.8,19.3,42.9,28.9,26.4,32.3,207.2,102.2,9.8,702.2,156.7,95.8,130.5,319.2,1699,,PUDUKOTTAI,
Tamil Nadu,Pudukottai,IMD110-P1698,1935,38.7,0.0,4.8,100.0,16.9,54.8,15.7,181.5,64.8,96.4,239.2,123.4,936.3,38.7,121.7,316.9,459.0,1699,,PUDUKOTTAI,
Tamil Nadu,Pudukottai,IMD110-P1698,1936,1.4,49.5,63.7,38.6,28.4,65.8,104.7,77.8,85.7,62.7,244.3,88.6,911.2,50.8,130.7,334.0,395.7,1699,,PUDUKOTTAI,
Tamil Nadu,Pudukottai,IMD110-P1698,1937,11.5,6.3,22.0,89.3,33.1,24.8,38.1,143.6,91.8,163.3,211.5,10.0,845.4,17.8,144.5,298.3,384.9,1699,,PUDUKOTTAI,
Tamil Nadu,Pudukottai,IMD110-P1698,1938,0.9,92.0,61.8,23.2,32.4,58.4,109.1,164.9,117.6,107.5,38.4,78.7,885.1,92.9,117.4,450.2,224.6,1699,,PUDUKOTTAI,
Tamil Nadu,Pudukottai,IMD110-P1698,1939,55.0,4.0,19.3,131.2,86.1,85.9,25.6,165.8,98.2,190.2,431.8,6.4,1299.4,59.0,236.5,375.5,628.4,1699,,PUDUKOTTAI,
Tamil Nadu,Pudukottai,IMD110-P1698,1940,0.1,0.0,8.1,84.9,56.5,137.2,41.3,51.4,144.5,193.6,322.6,39.3,1079.4,0.1,149.5,374.4,555.5,1699,,PUDUKOTTAI,
Tamil Nadu,Pudukottai,IMD110-P1698,1941,8.9,8.8,0.0,73.2,49.7,22.9,67.6,148.4,151.3,133.7,220.2,133.8,1018.6,17.7,122.9,390.2,487.7,1699,,PUDUKOTTAI,
Tamil Nadu,Pudukottai,IMD110-P1698,1942,0.0,0.0,7.1,144.2,25.0,12.1,66.5,139.0,196.3,118.4,66.6,187.3,962.4,0.0,176.3,413.9,372.2,1699,,PUDUKOTTAI,
Tamil Nadu,Pudukottai,IMD110-P1698,1943,90.7,14.4,24.7,39.1,127.6,24.9,59.2,117.3,123.5,275.0,76.2,35.4,1007.8,105.1,191.4,324.9,386.5,1699,,PUDUKOTTAI,
Tamil Nadu,Pudukottai,IMD110-P1698,1944,19.0,33.3,28.5,16.8,28.8,88.8,45.1,130.6,128.0,206.9,178.5,86.7,991.1,52.3,74.1,392.6,472.1,1699,,PUDUKOTTAI,
Tamil Nadu,Pudukottai,IMD110-P1698,1945,3.5,11.3,4.5,57.2,18.1,34.4,55.2,149.0,83.4,115.0,141.3,10.6,683.4,14.8,79.8,322.0,266.9,1699,,PUDUKOTTAI,
Tamil Nadu,Pudukottai,IMD110-P1698,1946,11.8,0.1,24.8,21.4,109.8,42.5,32.1,80.7,139.2,122.7,235.6,238.7,1059.4,11.9,156.0,294.4,597.1,1699,,PUDUKOTTAI,
Tamil Nadu,Pudukottai,IMD110-P1698,1947,62.5,25.2,79.3,101.1,8.3,30.7,145.1,108.9,133.0,162.3,18.0,6.2,880.6,87.8,188.8,417.6,186.5,1699,,PUDUKOTTAI,
Tamil Nadu,Pudukottai,IMD110-P1698,1948,38.6,3.6,13.7,50.6,65.8,43.6,80.5,90.9,55.3,131.8,208.7,26.6,809.7,42.2,130.0,270.3,367.1,1699,,PUDUKOTTAI,
Tamil Nadu,Pudukottai,IMD110-P1698,1949,16.4,0.0,0.0,79.9,71.2,73.1,123.6,235.6,74.4,167.3,84.9,0.5,927.0,16.4,151.1,506.7,252.7,1699,,PUDUKOTTAI,
Tamil Nadu,Pudukottai,IMD110-P1698,1950,2.6,119.1,7.3,6.2,31.0,25.9,41.8,64.0,70.9,168.5,90.8,33.1,661.3,121.7,44.5,202.6,292.5,1699,,PUDUKOTTAI,
Tamil Nadu,Pudukottai,IMD110-P1698,1951,19.8,0.0,20.8,76.9,64.0,26.1,64.4,79.1,128.1,118.9,163.2,2.9,764.3,19.8,161.7,297.8,285.0,1699,,PUDUKOTTAI,
Tamil Nadu,Pudukottai,IMD110-P1698,1952,18.8,66.7,6.6,27.3,12.4,32.9,146.8,72.3,22.4,125.4,26.9,183.5,741.9,85.6,46.3,274.3,335.8,1699,,PUDUKOTTAI,
Tamil Nadu,Pudukottai,IMD110-P1698,1953,9.5,19.4,1.9,99.3,24.1,69.8,149.3,89.9,133.8,226.5,150.1,35.4,1008.8,28.8,125.3,442.7,412.0,1699,,PUDUKOTTAI,
Tamil Nadu,Pudukottai,IMD110-P1698,1954,95.7,0.0,63.1,64.9,64.8,59.3,81.0,255.3,52.3,293.4,60.3,98.7,1189.0,95.7,192.9,448.0,452.4,1699,,PUDUKOTTAI,
Tamil Nadu,Pudukottai,IMD110-P1698,1955,30.2,1.1,3.6,65.0,58.0,40.1,70.6,82.0,122.3,232.6,72.2,332.0,1109.8,31.3,126.6,315.0,636.8,1699,,PUDUKOTTAI,
Tamil Nadu,Pudukottai,IMD110-P1698,1956,41.1,0.8,0.4,23.6,33.0,72.1,13.5,137.8,166.9,287.5,209.6,30.8,1017.1,41.9,57.0,390.3,528.0,1699,,PUDUKOTTAI,
Tamil Nadu,Pudukottai,IMD110-P1698,1957,0.9,20.5,1.0,7.1,62.0,61.9,71.7,31.8,117.2,143.4,157.8,136.9,812.2,21.4,70.1,282.7,438.1,1699,,PUDUKOTTAI,
Tamil Nadu,Pudukottai,IMD110-P1698,1958,16.1,1.6,28.8,57.3,156.8,13.0,11.0,145.5,80.9,130.0,157.9,19.5,818.4,17.7,242.9,250.4,307.4,1699,,PUDUKOTTAI,
Tamil Nadu,Pudukottai,IMD110-P1698,1959,3.8,14.2,1.5,43.9,61.4,43.9,15.8,49.2,123.3,111.2,140.8,39.2,648.3,18.1,106.8,232.2,291.3,1699,,PUDUKOTTAI,
Tamil Nadu,Pudukottai,IMD110-P1698,1960,0.2,21.7,1.8,44.9,64.8,30.8,156.8,49.3,83.4,65.8,277.8,18.7,815.9,21.9,111.5,320.3,362.3,1699,,PUDUKOTTAI,
Tamil Nadu,Pudukottai,IMD110-P1698,1961,78.1,0.2,0.0,5.8,55.4,27.2,76.0,146.3,131.1,177.8,63.7,37.9,799.5,78.3,61.2,380.6,279.4,1699,,PUDUKOTTAI,
Tamil Nadu,Pudukottai,IMD110-P1698,1962,0.7,2.4,0.2,4.3,59.0,47.0,47.7,119.0,128.0,263.1,69.5,45.7,786.7,3.1,63.5,341.7,378.4,1699,,PUDUKOTTAI,
Tamil Nadu,Pudukottai,IMD110-P1698,1963,128.6,5.8,55.0,47.2,21.7,69.5,97.4,107.6,120.4,103.9,165.4,153.4,1075.9,134.4,123.9,394.9,422.7,1699,,PUDUKOTTAI,
Tamil Nadu,Pudukottai,IMD110-P1698,1964,0.0,1.3,11.6,5.5,20.7,28.6,180.9,69.2,57.6,145.2,64.8,108.2,693.6,1.4,37.8,336.3,318.2,1699,,PUDUKOTTAI,
Tamil Nadu,Pudukottai,IMD110-P1698,1965,0.1,26.2,,39.5,25.7,3.0,37.8,197.2,74.8,86.3,145.6,354.5,,26.3,,312.8,586.4,1699,missing_months,PUDUKOTTAI,
Tamil Nadu,Pudukottai,IMD110-P1698,1966,13.7,0.0,3.4,28.4,24.9,62.5,39.1,171.5,163.3,289.5,116.1,95.6,1007.9,13.7,56.7,436.4,501.1,1699,,PUDUKOTTAI,
Tamil Nadu,Pudukottai,IMD110-P1698,1967,3.1,0.0,25.2,8.8,25.6,48.0,82.3,92.3,121.6,208.0,123.7,239.6,978.1,3.1,59.6,344.1,571.3,1699,,PUDUKOTTAI,
Tamil Nadu,Pudukottai,IMD110-P1698,1968,30.8,1.9,29.2,169.0,20.5,28.6,45.3,108.3,194.7,134.7,129.1,89.7,981.7,32.6,218.7,376.9,353.4,1700,,PUDUKOTTAI,
Tamil Nadu,Pudukottai,IMD110-P1698,1969,0.0,5.4,0.0,13.3,16.5,64.8,22.3,131.1,62.1,195.0,189.3,188.1,887.9,5.4,29.8,280.3,572.4,1700,,PUDUKOTTAI,
Tamil Nadu,Pudukottai,IMD110-P1698,1970,22.2,21.0,20.6,88.0,86.2,41.8,125.2,178.5,57.1,193.3,225.9,9.2,1069.0,43.2,194.8,402.5,428.5,1700,,PUDUKOTTAI,
Tamil Nadu,Pudukottai,IMD110-P1698,1971,14.9,9.7,39.7,20.9,36.7,25.7,63.5,124.9,56.6,128.7,37.9,198.4,757.6,24.6,97.4,270.7,364.9,1700,,PUDUKOTTAI,
Tamil Nadu,Pudukottai,IMD110-P1698,1972,1.3,0.0,0.0,3.0,110.7,12.5,67.4,43.6,205.7,228.5,116.3,195.5,984.5,1.3,113.7,329.2,540.3,1700,,PUDUKOTTAI,
Tamil Nadu,Pudukottai,IMD110-P1698,1973,0.0,0.0,0.7,2.0,61.0,19.6,99.8,88.8,148.2,210.9,42.6,98.2,771.8,0.0,63.7,356.4,351.7,1700,,PUDUKOTTAI,
Tamil Nadu,Pudukottai,IMD110-P1698,1974,0.1,6.4,4.9,6.8,20.0,15.8,19.4,17.2,140.8,81.2,7.4,32.6,352.4,6.5,31.7,193.1,121.1,1700,,PUDUKOTTAI,
Tamil Nadu,Pudukottai,IMD110-P1698,1975,15.1,2.1,53.8,8.4,44.4,16.5,126.5,146.6,94.3,205.3,113.1,92.7,918.9,17.2,106.6,384.0,411.1,1700,,PUDUKOTTAI,
Tamil Nadu,Pudukottai,IMD110-P1698,1976,0.9,0.0,12.0,20.6,26.5,109.4,52.1,128.7,117.7,86.4,214.9,64.9,834.1,0.9,59.2,407.9,366.2,1700,,PUDUKOTTAI,
Tamil Nadu,Pudukottai,IMD110-P1698,1977,0.4,15.2,14.4,22.2,105.0,48.7,46.3,134.5,78.4,172.8,303.6,8.6,950.2,15.6,141.5,308.0,485.0,1700,,PUDUKOTTAI,
Tamil Nadu,Pudukottai,IMD110-P1698,1978,0.0,0.0,0.0,18.4,28.7,8.5,70.8,27.3,158.3,132.1,191.1,187.1,822.3,0.0,47.1,265.0,510.2,1700,,PUDUKOTTAI,
Tamil Nadu,Pudukottai,IMD110-P1698,1979,0.1,18.1,39.4,2.1,4.6,24.8,43.3,91.9,125.9,144.9,349.7,66.4,911.1,18.2,46.1,285.9,561.0,1700,,PUDUKOTTAI,
Tamil Nadu,Pudukottai,IMD110-P1698,1980,0.0,0.0,0.0,42.6,117.3,11.1,70.1,70.6,62.3,132.8,108.4,20.3,635.6,0.0,160.0,214.1,261.5,1700,,PUDUKOTTAI,
Tamil Nadu,Pudukottai,IMD110-P1698,1981,7.2,0.0,12.5,6.1,84.6,9.0,149.2,103.5,214.1,181.3,118.7,87.7,974.0,7.2,103.3,475.8,387.8,1700,,PUDUKOTTAI,
Tamil Nadu,Pudukottai,IMD110-P1698,1982,0.1,0.0,0.1,18.6,40.4,34.8,58.9,32.6,120.9,82.6,175.4,35.4,600.0,0.1,59.2,247.2,293.5,1700,,PUDUKOTTAI,
Tamil Nadu,Pudukottai,IMD110-P1698,1983,0.0,0.0,0.0,0.9,66.9,49.5,70.0,142.1,107.9,86.7,46.5,294.1,864.6,0.0,67.8,369.5,427.3,1700,,PUDUKOTTAI,
Tamil Nadu,Pudukottai,IMD110-P1698,1984,46.2,127.7,58.1,41.3,0.0,19.4,124.5,73.6,111.6,105.8,113.7,82.9,904.8,173.9,99.4,329.1,302.4,1700,,PUDUKOTTAI,
Tamil Nadu,Pudukottai,IMD110-P1698,1985,135.8,0.0,0.0,7.8,3.7,93.4,50.4,200.7,163.2,100.5,177.0,89.9,1022.4,135.8,11.5,507.7,367.5,1700,,PUDUKOTTAI,
Tamil Nadu,Pudukottai,IMD110-P1698,1986,104.3,16.9,30.6,1.2,61.1,25.8,57.1,115.8,107.7,152.7,108.1,36.6,817.8,121.2,92.9,306.3,297.4,1700,,PUDUKOTTAI,
Tamil Nadu,Pudukottai,IMD110-P1698,1987,2.3,0.0,4.2,23.2,,57.7,4.8,148.3,84.6,,,152.2,,2.3,,295.4,,1700,missing_months,PUDUKOTTAI,
Tamil Nadu,Pudukottai,IMD110-P1698,1988,0.0,0.0,12.4,71.7,25.9,40.0,56.0,95.3,118.2,53.7,88.4,19.7,581.3,0.0,110.0,309.5,161.8,1700,,PUDUKOTTAI,
Tamil Nadu,Pudukottai,IMD110-P1698,1989,1.3,0.0,16.9,18.3,27.6,72.1,92.0,43.2,141.2,118.2,100.0,29.4,660.3,1.3,62.8,348.6,247.6,1700,,PUDUKOTTAI,
Tamil Nadu,Pudukottai,IMD110-P1698,1990,181.0,0.0,8.5,9.6,58.3,26.6,45.5,42.8,98.2,133.3,78.7,63.9,746.4,181.0,76.4,213.2,275.8,1700,,PUDUKOTTAI,
Tamil Nadu,Pudukottai,IMD110-P1698,1991,25.7,9.9,0.0,15.6,6.4,72.9,8.5,62.6,85.5,183.4,149.7,27.1,647.3,35.6,22.0,229.5,360.2,1700,,PUDUKOTTAI,
Tamil Nadu,Pudukottai,IMD110-P1698,1992,1.0,0.0,0.0,11.3,22.0,47.4,59.8,63.6,155.4,146.7,290.4,40.2,838.0,1.0,33.3,326.3,477.3,1700,,PUDUKOTTAI,
Tamil Nadu,Pudukottai,IMD110-P1698,1993,0.0,5.4,4.7,9.5,21.6,100.9,70.1,62.7,75.2,163.0,434.9,226.2,1174.3,5.4,35.8,308.9,824.1,1700,,PUDUKOTTAI,
Tamil Nadu,Pudukottai,IMD110-P1698,1994,1.8,18.6,2.4,33.3,45.3,20.0,49.4,68.9,66.7,206.6,211.8,13.0,737.8,20.4,81.0,205.0,431.4,1700,,PUDUKOTTAI,
Tamil Nadu,Pudukottai,IMD110-P1698,1995,23.3,1.8,11.0,13.4,111.7,54.2,64.0,62.1,38.8,115.0,104.3,3.7,603.5,25.2,136.1,219.1,223.1,1700,,PUDUKOTTAI,
Tamil Nadu,Pudukottai,IMD110-P1698,1996,7.0,0.0,0.0,54.4,16.7,58.7,41.8,165.0,168.8,88.8,56.9,275.6,933.6,7.0,71.0,434.3,421.3,1700,,PUDUKOTTAI,
Tamil Nadu,Pudukottai,IMD110-P1698,1997,12.3,0.0,1.6,21.3,40.9,48.8,76.7,42.6,97.0,141.8,233.6,140.3,856.9,12.3,63.9,265.0,515.7,1700,,PUDUKOTTAI,
Tamil Nadu,Pudukottai,IMD110-P1698,1998,12.7,1.5,0.0,20.4,70.6,26.8,89.4,215.9,138.3,85.6,238.9,251.9,1151.9,14.1,91.0,470.4,576.4,1700,,PUDUKOTTAI,
Tamil Nadu,Pudukottai,IMD110-P1698,1999,6.1,20.2,0.0,55.0,70.6,36.8,35.0,78.8,78.0,274.9,196.7,50.8,902.8,26.3,125.6,228.5,522.5,1700,,PUDUKOTTAI,
Tamil Nadu,Pudukottai,IMD110-P1698,2000,61.3,61.1,22.6,46.8,68.9,29.0,57.0,62.5,221.9,134.7,213.0,100.6,1079.2,122.4,138.2,370.3,448.3,1700,,PUDUKOTTAI,
Tamil Nadu,Pudukottai,IMD110-P1698,2001,9.6,7.0,0.0,72.1,44.8,39.7,32.8,21.9,31.2,41.8,43.0,21.8,365.6,16.5,117.0,125.6,106.6,1700,,PUDUKOTTAI,
Tamil Nadu,Pudukottai,IMD110-P1698,2002,0.0,65.1,0.0,0.9,20.9,15.2,6.4,14.1,6.5,74.5,39.3,13.8,256.5,65.1,21.7,42.1,127.5,1701,,PUDUKOTTAI,
Tamil Nadu,Pudukottai,IMD110-P1698,2003,0.0,1.2,3.4,10.9,19.6,5.2,24.2,50.3,15.5,88.7,67.4,3.9,290.4,1.2,33.9,95.2,160.0,1701,,PUDUKOTTAI,
Tamil Nadu,Pudukottai,IMD110-P1698,2004,0.0,0.0,0.4,2.4,74.9,16.4,,,,292.2,196.0,12.8,,0.0,77.8,,501.0,1701,missing_months,PUDUKOTTAI,
Tamil Nadu,Pudukottai,IMD110-P1698,2005,0.8,20.4,7.0,73.1,57.9,14.3,67.8,83.6,121.8,197.4,446.8,159.2,1250.2,21.1,138.0,287.5,803.5,1701,,PUDUKOTTAI,
Tamil Nadu,Pudukottai,IMD110-P1698,2006,5.6,0.0,41.6,35.1,30.6,84.6,10.7,76.3,65.3,218.1,232.4,20.8,821.0,5.6,107.2,236.8,471.2,1701,,PUDUKOTTAI,
Tamil Nadu,Pudukottai,IMD110-P1698,2007,0.1,2.4,0.0,7.8,28.9,51.7,51.7,160.3,50.5,165.5,48.9,425.0,992.9,2.5,36.7,314.2,639.4,1701,,PUDUKOTTAI,
Tamil Nadu,Pudukottai,IMD110-P1698,2008,6.4,41.7,182.2,14.2,16.6,40.8,59.4,155.9,31.3,183.2,338.3,62.8,1132.8,48.1,213.1,287.4,584.2,1701,,PUDUKOTTAI,
Tamil Nadu,Pudukottai,IMD110-P1698,2009,10.4,0.0,3.9,39.5,33.1,27.1,23.5,39.7,111.7,30.6,296.3,150.5,766.3,10.4,76.5,202.0,477.5,1701,,PUDUKOTTAI,
Tamil Nadu,Pudukottai,IMD110-P1698,2010,1.6,0.0,0.0,9.8,101.8,49.9,50.6,108.5,171.9,121.1,263.6,132.6,1011.4,1.6,111.6,380.9,517.3,1701,,PUDUKOTTAI,
Tamil Nadu,Ramanathapuram,IMD110-P1702,1901,19.8,58.3,19.3,74.4,33.5,11.1,9.1,14.2,113.9,103.6,282.9,122.1,862.1,78.1,127.2,148.2,508.6,1702,,RAMANATHAPURAM,
Tamil Nadu,Ramanathapuram,IMD110-P1702,1902,159.8,23.3,47.7,18.1,23.0,28.5,8.9,50.9,35.6,398.7,291.8,122.3,1208.5,183.2,88.8,123.9,812.7,1702,,RAMANATHAPURAM,
Tamil Nadu,Ramanathapuram,IMD110-P1702,1903,31.9,7.7,0.0,17.8,46.0,5.6,13.0,65.9,98.6,110.8,120.8,171.9,690.1,39.6,63.9,183.2,403.5,1702,,RAMANATHAPURAM,
Tamil Nadu,Ramanathapuram,IMD110-P1702,1904,23.3,0.2,0.0,6.5,34.6,5.7,53.7,8.8,25.4,137.6,62.4,118.9,477.2,23.5,41.1,93.7,318.9,1702,,RAMANATHAPURAM,
Tamil Nadu,Ramanathapuram,IMD110-P1702,1905,1.8,4.2,0.1,118.8,61.0,9.9,13.1,35.7,58.4,207.6,211.6,17.6,739.6,6.0,179.8,117.1,436.8,1702,,RAMANATHAPURAM,
Tamil Nadu,Ramanathapuram,IMD110-P1702,1906,29.9,1.5,22.2,4.7,31.7,20.3,8.7,97.2,27.9,222.3,223.6,84.2,774.2,31.4,58.6,154.1,530.1,1702,,RAMANATHAPURAM,
Tamil Nadu,Ramanathapuram,IMD110-P1702,1907,28.4,2.7,20.1,74.7,35.7,6.9,25.9,17.1,36.2,190.9,125.6,72.2,636.3,31.0,130.5,86.1,388.7,1702,,RAMANATHAPURAM,
Tamil Nadu,Ramanathapuram,IMD110-P1702,1908,17.8,57.2,38.6,38.1,9.2,5.3,19.3,20.9,106.4,234.5,26.6,26.1,600.1,75.1,85.9,151.9,287.2,1702,,RAMANATHAPURAM,
Tamil Nadu,Ramanathapuram,IMD110-P1702,1909,119.3,21.1,17.8,36.0,54.9,13.4,2.5,107.1,49.1,99.1,124.6,65.5,710.5,140.4,108.8,172.2,289.2,1702,,RAMANATHAPURAM,
Tamil Nadu,Ramanathapuram,IMD110-P1702,1910,25.5,37.7,0.0,34.3,12.3,28.3,173.9,191.6,27.7,212.4,135.7,5.6,885.2,63.2,46.6,421.6,353.8,1702,,RAMANATHAPURAM,
Tamil Nadu,Ramanathapuram,IMD110-P1702,1911,10.2,0.5,0.1,3.5,19.0,26.4,18.7,11.3,42.4,96.9,207.7,228.4,665.0,10.7,22.7,98.7,533.0,1702,,RAMANATHAPURAM,
Tamil Nadu,Ramanathapuram,IMD110-P1702,1912,4.3,13.5,4.9,18.1,37.2,6.9,3.3,14.5,53.6,307.2,246.6,59.1,769.2,17.8,60.2,78.3,612.9,1702,,RAMANATHAPURAM,
Tamil Nadu,Ramanathapuram,IMD110-P1702,1913,18.5,2.8,7.3,31.8,10.4,10.7,16.8,21.5,20.6,198.0,249.1,121.5,709.1,21.3,49.5,69.6,568.6,1702,,RAMANATHAPURAM,
Tamil Nadu,Ramanathapuram,IMD110-P1702,1914,8.8,0.1,0.0,26.5,27.6,14.1,8.8,35.2,74.8,462.8,108.2,181.9,948.7,8.8,54.1,132.9,752.9,1702,,RAMANATHAPURAM,
Tamil Nadu,Ramanathapuram,IMD110-P1702,1915,17.4,9.5,13.0,77.8,26.5,15.8,56.8,46.9,55.5,66.1,292.8,113.3,791.4,26.9,117.3,175.1,472.2,1702,,RAMANATHAPURAM,
Tamil Nadu,Ramanathapuram,IMD110-P1702,1916,0.0,2.1,6.6,27.4,60.0,1.9,136.8,64.4,82.6,110.3,132.6,38.3,662.9,2.1,94.0,285.7,281.2,1702,,RAMANATHAPURAM,
Tamil Nadu,Ramanathapuram,IMD110-P1702,1917,25.7,33.8,66.3,3.1,40.6,13.1,22.7,97.3,96.2,55.7,223.8,73.4,751.7,59.5,109.9,229.3,352.9,1702,,RAMANATHAPURAM,
Tamil Nadu,Ramanathapuram,IMD110-P1702,1918,75.4,5.2,8.3,7.2,43.9,9.0,9.8,20.0,4.2,84.1,358.1,183.0,808.0,80.5,59.4,42.9,625.2,1702,,RAMANATHAPURAM,
Tamil Nadu,Ramanathapuram,IMD110-P1702,1919,16.7,1.4,24.9,15.1,51.8,65.8,47.0,27.4,66.5,230.8,297.3,150.4,995.1,18.1,91.9,206.7,678.4,1702,,RAMANATHAPURAM,
Tamil Nadu,Ramanathapuram,IMD110-P1702,1920,245.3,4.9,4.7,70.3,28.7,4.2,4.7,24.5,52.0,123.6,643.9,15.7,1222.5,250.3,103.7,85.5,783.1,1702,,RAMANATHAPURAM,
Tamil Nadu,Ramanathapuram,IMD110-P1702,1921,162.1,0.0,0.5,41.3,2.7,5.6,32.2,58.7,43.3,185.4,64.9,198.3,795.0,162.1,44.5,139.8,448.6,1702,,RAMANATHAPURAM,
Tamil Nadu,Ramanathapuram,IMD110-P1702,1922,18.4,42.5,0.0,44.5,62.5,32.8,2.2,31.4,52.3,196.4,192.4,87.3,762.5,60.8,106.9,118.7,476.1,1702,,RAMANATHAPURAM,
Tamil Nadu,Ramanathapuram,IMD110-P1702,1923,430.1,3.8,42.3,7.9,22.6,4.2,3.3,13.8,91.2,306.6,54.4,210.4,1190.5,433.9,72.7,112.6,571.3,1702,,RAMANATHAPURAM,
Tamil Nadu,Ramanathapuram,IMD110-P1702,1924,42.0,0.0,102.0,17.8,12.4,4.9,14.2,59.1,97.4,157.8,174.1,73.4,755.2,42.0,132.3,175.6,405.2,1702,,RAMANATHAPURAM,
Tamil Nadu,Ramanathapuram,IMD110-P1702,1925,57.3,11.0,86.2,23.7,20.3,35.9,22.4,45.1,20.2,187.2,300.5,164.9,974.7,68.3,130.2,123.6,652.6,1702,,RAMANATHAPURAM,
Tamil Nadu,Ramanathapuram,IMD110-P1702,1926,43.9,13.6,13.6,25.9,39.2,10.3,7.2,23.9,60.0,199.4,129.2,25.2,591.5,57.5,78.7,101.5,353.8,1702,,RAMANATHAPURAM,
Tamil Nadu,Ramanathapuram,IMD110-P1702,1927,39.2,49.8,25.0,128.7,55.6,24.5,12.6,67.1,53.7,149.0,218.6,31.9,855.8,89.0,209.3,157.9,399.5,1702,,RAMANATHAPURAM,
Tamil Nadu,Ramanathapuram,IMD110-P1702,1928,32.5,148.0,10.8,16.5,23.7,4.3,53.6,8.2,25.1,99.7,288.1,80.2,790.7,180.4,51.0,91.2,468.0,1702,,RAMANATHAPURAM,
Tamil Nadu,Ramanathapuram,IMD110-P1702,1929,56.4,24.9,4.1,130.6,77.0,10.0,8.3,24.3,113.8,185.4,225.7,131.9,992.4,81.3,211.6,156.4,543.0,1702,,RAMANATHAPURAM,
Tamil Nadu,Ramanathapuram,IMD110-P1702,1930,77.5,45.4,20.4,24.6,117.7,7.2,15.1,33.4,48.1,313.0,150.4,41.6,894.5,122.9,162.7,103.8,505.0,1702,,RAMANATHAPURAM,
Tamil Nadu,Ramanathapuram,IMD110-P1702,1931,115.5,0.2,0.0,7.8,15.2,0.7,12.6,18.8,47.5,126.0,213.3,490.9,1048.4,115.7,23.0,79.5,830.1,1702,,RAMANATHAPURAM,
Tamil Nadu,Ramanathapuram,IMD110-P1702,1932,1.0,9.2,16.4,68.5,77.0,21.8,14.1,91.6,23.3,329.6,273.2,133.2,1058.8,10.2,161.9,150.7,736.0,1702,,RAMANATHAPURAM,
Tamil Nadu,Ramanathapuram,IMD110-P1702,1933,11.1,3.3,11.9,40.4,98.8,11.1,13.0,95.3,90.2,146.2,147.6,55.6,724.5,14.4,151.2,209.6,349.4,1702,,RAMANATHAPURAM,
Tamil Nadu,Ramanathapuram,IMD110-P1702,1934,133.0,0.0,19.6,60.2,6.1,17.7,29.7,9.8,6.1,270.6,133.9,33.6,720.5,133.0,86.0,63.3,438.2,1703,,RAMANATHAPURAM,
Tamil Nadu,Ramanathapuram,IMD110-P1702,1935,76.7,2.1,17.8,48.4,0.7,12.8,5.5,46.0,44.8,165.0,193.0,71.9,684.5,78.8,66.8,109.0,429.8,1703,,RAMANATHAPURAM,
Tamil Nadu,Ramanathapuram,IMD110-P1702,1936,4.7,62.2,66.6,17.5,17.4,18.3,25.7,22.9,71.5,90.5,292.6,162.3,851.9,66.9,101.5,138.2,545.3,1703,,RAMANATHAPURAM,
Tamil Nadu,Ramanathapuram,IMD110-P1702,1937,40.1,30.6,48.8,70.5,13.2,15.0,7.7,63.1,71.5,165.8,266.7,9.9,802.8,70.6,132.5,157.3,442.5,1703,,RAMANATHAPURAM,
Tamil Nadu,Ramanathapuram,IMD110-P1702,1938,3.8,67.8,63.2,59.9,21.8,5.6,76.1,41.5,93.3,108.3,54.2,125.1,720.6,71.6,144.9,216.5,287.6,1703,,RAMANATHAPURAM,
Tamil Nadu,Ramanathapuram,IMD110-P1702,1939,75.3,30.5,11.3,85.0,83.5,17.2,4.3,49.0,39.5,167.9,363.8,19.7,946.9,105.8,179.8,109.9,551.4,1703,,RAMANATHAPURAM,
Tamil Nadu,Ramanathapuram,IMD110-P1702,1940,6.1,1.2,6.4,128.4,40.0,32.1,34.1,7.8,64.6,237.4,431.7,124.5,1114.2,7.3,174.8,138.5,793.6,1703,,RAMANATHAPURAM,
Tamil Nadu,Ramanathapuram,IMD110-P1702,1941,63.3,13.3,6.8,64.0,36.5,8.8,3.9,12.3,63.2,136.9,319.4,60.0,788.5,76.7,107.2,88.2,516.4,1703,,RAMANATHAPURAM,
Tamil Nadu,Ramanathapuram,IMD110-P1702,1942,0.0,0.3,24.0,124.8,49.1,0.5,14.1,27.1,46.2,127.7,154.1,441.9,1009.8,0.3,198.0,87.9,723.7,1703,,RAMANATHAPURAM,
Tamil Nadu,Ramanathapuram,IMD110-P1702,1943,150.2,5.7,13.4,42.2,42.5,8.8,15.5,18.2,20.8,206.0,188.8,50.3,762.5,155.9,98.1,63.3,445.1,1703,,RAMANATHAPURAM,
Tamil Nadu,Ramanathapuram,IMD110-P1702,1944,16.0,26.2,52.4,46.1,25.6,9.4,17.8,54.3,101.4,132.6,281.7,127.1,890.5,42.2,124.1,182.9,541.4,1703,,RAMANATHAPURAM,
Tamil Nadu,Ramanathapuram,IMD110-P1702,1945,7.5,4.8,13.9,72.4,0.6,5.2,23.6,52.2,9.3,176.4,231.5,67.0,664.5,12.3,87.0,90.4,474.8,1703,,RAMANATHAPURAM,
Tamil Nadu,Ramanathapuram,IMD110-P1702,1946,5.1,2.4,109.1,42.9,43.8,12.6,15.1,27.4,37.6,136.3,375.0,254.3,1061.8,7.5,195.9,92.7,765.7,1703,,RAMANATHAPURAM,
Tamil Nadu,Ramanathapuram,IMD110-P1702,1947,83.2,32.4,103.0,169.2,16.8,7.4,56.8,33.8,53.3,164.2,25.2,23.8,769.0,115.6,288.9,151.2,213.2,1703,,RAMANATHAPURAM,
Tamil Nadu,Ramanathapuram,IMD110-P1702,1948,69.1,12.2,15.5,7.3,10.5,4.7,18.4,37.9,8.4,145.6,258.4,61.5,649.4,81.3,33.2,69.3,465.5,1703,,RAMANATHAPURAM,
Tamil Nadu,Ramanathapuram,IMD110-P1702,1949,86.1,0.6,0.0,65.5,75.6,9.1,19.7,81.1,35.8,111.8,184.2,19.1,688.6,86.7,141.1,145.7,315.1,1703,,RAMANATHAPURAM,
Tamil Nadu,Ramanathapuram,IMD110-P1702,1950,10.2,104.4,24.1,13.3,12.3,4.3,14.2,108.6,13.6,125.2,67.2,50.8,548.3,114.6,49.7,140.8,243.2,1703,,RAMANATHAPURAM,
Tamil Nadu,Ramanathapuram,IMD110-P1702,1951,33.1,3.7,16.9,213.0,24.0,3.5,11.1,39.9,92.8,72.3,325.4,33.8,869.4,36.8,253.9,147.1,431.5,1703,,RAMANATHAPURAM,
Tamil Nadu,Ramanathapuram,IMD110-P1702,1952,30.6,40.1,0.6,41.2,29.4,4.7,38.2,49.3,11.7,68.0,115.8,33.1,462.6,70.7,71.2,103.9,216.8,1703,,RAMANATHAPURAM,
Tamil Nadu,Ramanathapuram,IMD110-P1702,1953,13.9,39.7,1.4,107.0,5.1,18.5,43.7,21.1,65.3,231.3,232.6,36.0,815.5,53.6,113.5,148.6,499.9,1703,,RAMANATHAPURAM,
Tamil Nadu,Ramanathapuram,IMD110-P1702,1954,157.3,0.0,108.1,92.5,31.2,4.1,36.4,70.4,16.1,232.9,50.8,92.9,892.6,157.3,231.8,127.0,376.5,1703,,RAMANATHAPURAM,
Tamil Nadu,Ramanathapuram,IMD110-P1702,1955,54.2,9.7,4.6,187.6,28.6,4.3,9.9,14.3,67.0,169.6,178.1,526.5,1254.5,63.9,220.8,95.5,874.3,1703,,RAMANATHAPURAM,
Tamil Nadu,Ramanathapuram,IMD110-P1702,1956,29.4,0.0,0.0,14.0,1.3,24.8,6.1,62.6,22.4,183.2,236.1,43.8,623.6,29.4,15.3,115.8,463.1,1703,,RAMANATHAPURAM,
Tamil Nadu,Ramanathapuram,IMD110-P1702,1957,3.3,2.7,6.2,8.1,50.4,10.7,48.3,29.1,34.1,152.1,380.4,181.6,907.1,6.0,64.7,122.2,714.1,1703,,RAMANATHAPURAM,
Tamil Nadu,Ramanathapuram,IMD110-P1702,1958,10.1,7.2,29.7,62.3,98.7,2.7,9.5,53.9,14.1,128.6,113.4,36.4,566.6,17.3,190.6,80.2,278.5,1703,,RAMANATHAPURAM,
Tamil Nadu,Ramanathapuram,IMD110-P1702,1959,12.4,22.7,0.0,61.6,43.2,53.8,5.3,28.4,25.8,215.3,201.5,59.9,729.8,35.1,104.8,113.2,476.7,1703,,RAMANATHAPURAM,
Tamil Nadu,Ramanathapuram,IMD110-P1702,1960,1.2,36.8,15.9,94.7,50.8,18.6,141.8,14.1,15.9,168.4,328.1,41.0,927.2,37.9,161.4,190.4,537.5,1703,,RAMANATHAPURAM,
Tamil Nadu,Ramanathapuram,IMD110-P1702,1961,157.1,9.3,4.3,44.9,45.3,27.9,23.8,26.7,35.7,158.5,257.0,45.1,835.5,166.3,94.5,114.1,460.6,1703,,RAMANATHAPURAM,
Tamil Nadu,Ramanathapuram,IMD110-P1702,1962,3.9,12.2,9.7,40.4,56.8,16.3,2.4,37.0,47.5,346.3,121.0,54.3,747.8,16.1,106.9,103.2,521.6,1703,,RAMANATHAPURAM,
Tamil Nadu,Ramanathapuram,IMD110-P1702,1963,119.9,1.8,80.8,65.3,33.5,26.8,44.7,55.5,26.5,128.9,302.0,120.5,1006.1,121.6,179.6,153.6,551.3,1703,,RAMANATHAPURAM,
Tamil Nadu,Ramanathapuram,IMD110-P1702,1964,4.2,0.3,19.4,9.8,18.2,3.2,123.6,27.8,26.4,93.5,80.1,165.4,572.0,4.5,47.4,181.0,339.0,1703,,RAMANATHAPURAM,
Tamil Nadu,Ramanathapuram,IMD110-P1702,1965,3.7,40.2,4.8,53.8,33.0,2.3,15.5,79.4,43.3,178.2,198.5,217.0,869.8,43.9,91.6,140.6,593.7,1703,,RAMANATHAPURAM,
Tamil Nadu,Ramanathapuram,IMD110-P1702,1966,39.6,16.1,53.6,75.3,14.2,21.6,4.0,56.7,89.9,349.6,122.2,182.0,1024.8,55.7,143.1,172.2,653.7,1703,,RAMANATHAPURAM,
Tamil Nadu,Ramanathapuram,IMD110-P1702,1967,6.5,2.0,42.1,22.6,21.8,32.6,10.2,32.3,32.2,403.2,240.9,296.0,1142.3,8.5,86.5,107.2,940.1,1703,,RAMANATHAPURAM,
Tamil Nadu,Ramanathapuram,IMD110-P1702,1968,4.1,0.5,70.2,138.5,11.4,8.3,3.0,27.6,62.9,93.8,286.7,50.6,757.6,4.6,220.1,101.8,431.1,1704,,RAMANATHAPURAM,
Tamil Nadu,Ramanathapuram,IMD110-P1702,1969,10.6,43.2,8.9,26.3,42.0,5.0,12.8,79.2,31.0,221.5,169.7,268.9,918.9,53.8,77.1,128.0,660.0,1704,,RAMANATHAPURAM,
Tamil Nadu,Ramanathapuram,IMD110-P1702,1970,31.3,10.2,5.1,123.2,42.4,13.8,5.8,78.1,32.3,101.0,162.3,18.9,624.2,41.5,170.6,130.0,282.1,1704,,RAMANATHAPURAM,
Tamil Nadu,Ramanathapuram,IMD110-P1702,1971,7.1,3.1,76.3,46.9,41.9,13.3,16.8,123.4,48.6,181.8,67.3,298.9,925.5,10.2,165.2,202.1,548.0,1704,,RAMANATHAPURAM,
Tamil Nadu,Ramanathapuram,IMD110-P1702,1972,10.8,0.0,0.0,8.2,159.3,20.4,39.2,23.2,99.9,374.2,149.2,124.4,1008.8,10.8,167.5,182.7,647.8,1704,,RAMANATHAPURAM,
Tamil Nadu,Ramanathapuram,IMD110-P1702,1973,0.0,2.1,6.4,21.6,17.9,28.0,38.0,27.2,40.1,261.4,74.0,207.8,724.4,2.1,45.9,133.3,543.2,1704,,RAMANATHAPURAM,
Tamil Nadu,Ramanathapuram,IMD110-P1702,1974,1.4,45.7,24.5,30.6,32.8,4.3,27.7,19.8,74.2,69.8,16.8,59.7,407.2,47.0,87.9,126.0,146.3,1704,,RAMANATHAPURAM,
Tamil Nadu,Ramanathapuram,IMD110-P1702,1975,5.7,4.7,71.0,27.1,18.4,1.0,84.4,35.7,45.1,124.7,113.7,93.7,625.2,10.4,116.5,166.2,332.1,1704,,RAMANATHAPURAM,
Tamil Nadu,Ramanathapuram,IMD110-P1702,1976,0.3,0.0,20.5,33.1,5.8,10.4,1.8,18.7,23.8,89.9,226.4,89.3,520.0,0.3,59.3,54.7,405.7,1704,,RAMANATHAPURAM,
Tamil Nadu,Ramanathapuram,IMD110-P1702,1977,2.4,37.1,15.7,55.5,99.9,3.3,41.8,40.0,27.4,479.7,310.9,28.4,1142.1,39.5,171.1,112.5,819.0,1704,,RAMANATHAPURAM,
Tamil Nadu,Ramanathapuram,IMD110-P1702,1978,0.4,6.4,1.3,13.2,14.5,6.0,32.4,6.5,30.9,168.4,112.3,382.5,774.7,6.8,28.9,75.8,663.2,1704,,RAMANATHAPURAM,
Tamil Nadu,Ramanathapuram,IMD110-P1702,1979,0.0,6.3,15.0,14.2,4.2,5.8,15.5,40.2,75.8,129.6,416.0,133.2,855.7,6.3,33.4,137.2,678.8,1704,,RAMANATHAPURAM,
Tamil Nadu,Ramanathapuram,IMD110-P1702,1980,0.2,0.0,7.9,58.2,47.2,7.8,9.5,17.4,76.6,160.0,124.7,24.4,533.7,0.2,113.2,111.2,309.0,1704,,RAMANATHAPURAM,
Tamil Nadu,Ramanathapuram,IMD110-P1702,1981,6.3,0.9,11.6,25.1,70.2,9.3,87.4,36.8,132.0,234.6,118.2,159.3,891.8,7.2,106.9,265.6,512.1,1704,,RAMANATHAPURAM,
Tamil Nadu,Ramanathapuram,IMD110-P1702,1982,0.0,0.0,12.1,18.4,33.7,10.8,7.7,4.9,36.3,138.9,328.2,118.9,709.9,0.0,64.2,59.7,586.0,1704,,RAMANATHAPURAM,
Tamil Nadu,Ramanathapuram,IMD110-P1702,1983,0.9,0.0,0.0,5.8,45.4,33.9,16.3,33.7,36.3,110.5,195.0,298.6,776.3,0.9,51.2,120.1,604.1,1704,,RAMANATHAPURAM,
Tamil Nadu,Ramanathapuram,IMD110-P1702,1984,88.0,218.0,120.8,128.9,0.3,0.2,46.5,25.7,71.9,66.8,175.3,61.5,1003.7,305.9,250.0,144.3,303.5,1704,,RAMANATHAPURAM,
Tamil Nadu,Ramanathapuram,IMD110-P1702,1985,193.7,32.0,43.9,12.1,24.0,17.5,30.7,58.3,104.3,78.6,211.7,75.8,882.7,225.8,80.0,210.8,366.1,1704,,RAMANATHAPURAM,
Tamil Nadu,Ramanathapuram,IMD110-P1702,1986,26.5,46.2,3.3,19.4,37.3,2.9,30.3,2.9,47.0,158.0,123.4,170.2,667.4,72.7,60.0,83.1,451.6,1704,,RAMANATHAPURAM,
Tamil Nadu,Ramanathapuram,IMD110-P1702,1987,15.6,0.3,10.6,9.6,69.5,19.9,1.4,15.8,70.0,348.6,193.5,167.3,922.1,15.8,89.8,107.0,709.4,1704,,RAMANATHAPURAM,
Tamil Nadu,Ramanathapuram,IMD110-P1702,1988,0.6,3.7,31.2,97.0,7.8,28.3,25.1,71.2,94.0,47.8,126.4,56.7,589.8,4.2,136.1,218.7,230.8,1704,,RAMANATHAPURAM,
Tamil Nadu,Ramanathapuram,IMD110-P1702,1989,16.1,0.0,52.0,50.0,45.4,37.0,49.4,19.1,72.2,197.3,182.3,71.9,792.6,16.1,147.4,177.6,451.5,1704,,RAMANATHAPURAM,
Tamil Nadu,Ramanathapuram,IMD110-P1702,1990,159.3,0.5,22.3,8.9,79.4,2.3,3.5,25.4,65.5,271.5,215.5,95.0,949.0,159.8,110.6,96.7,582.0,1704,,RAMANATHAPURAM,
Tamil Nadu,Ramanathapuram,IMD110-P1702,1991,89.1,14.3,36.5,28.0,5.3,30.1,3.8,20.8,29.1,181.6,155.5,65.4,659.6,103.5,69.9,83.8,402.5,1704,,RAMANATHAPURAM,
Tamil Nadu,Ramanathapuram,IMD110-P1702,1992,1.9,0.0,0.0,19.3,48.7,6.6,11.8,22.7,59.5,120.2,318.0,115.8,724.6,1.9,67.9,100.7,554.1,1704,,RAMANATHAPURAM,
Tamil Nadu,Ramanathapuram,IMD110-P1702,1993,0.3,7.5,4.7,8.9,4.6,35.3,7.0,9.4,37.5,256.2,420.5,307.5,1099.5,7.8,18.2,89.2,984.3,1704,,RAMANATHAPURAM,
Tamil Nadu,Ramanathapuram,IMD110-P1702,1994,11.4,41.7,4.2,47.9,14.5,4.3,13.4,5.4,13.9,240.9,259.8,18.5,676.0,53.1,66.7,37.0,519.1,1704,,RAMANATHAPURAM,
Tamil Nadu,Ramanathapuram,IMD110-P1702,1995,53.6,11.8,5.6,55.5,60.8,29.1,21.4,71.0,24.5,143.5,110.8,15.1,602.5,65.4,121.8,145.9,269.3,1704,,RAMANATHAPURAM,
Tamil Nadu,Ramanathapuram,IMD110-P1702,1996,36.0,7.8,0.0,58.7,9.5,63.4,13.3,37.5,37.7,199.7,117.1,169.1,749.9,43.8,68.3,151.9,485.9,1704,,RAMANATHAPURAM,
Tamil Nadu,Ramanathapuram,IMD110-P1702,1997,,0.0,9.6,31.9,27.5,6.6,19.6,1.4,42.3,216.8,316.8,241.0,,,69.0,70.0,774.5,1704,missing_months,RAMANATHAPURAM,
Tamil Nadu,Ramanathapuram,IMD110-P1702,1998,44.4,4.5,,12.5,81.7,6.0,84.6,81.1,49.1,87.4,287.6,234.9,,48.9,,220.8,609.9,1704,missing_months,RAMANATHAPURAM,
Tamil Nadu,Ramanathapuram,IMD110-P1702,1999,58.6,58.6,0.0,37.9,17.5,12.1,2.7,49.1,26.0,205.0,85.0,33.1,585.5,117.1,55.4,90.0,323.1,1704,,RAMANATHAPURAM,
Tamil Nadu,Ramanathapuram,IMD110-P1702,2000,89.2,86.2,12.8,33.5,19.4,23.5,17.1,23.1,149.7,89.6,211.4,199.0,954.5,175.4,65.7,213.4,500.0,1704,,RAMANATHAPURAM,
Tamil Nadu,Ramanathapuram,IMD110-P1702,2001,40.5,18.3,0.0,121.1,25.6,34.8,13.7,8.5,12.7,76.7,101.1,53.2,506.4,58.9,146.7,69.8,231.0,1704,,RAMANATHAPURAM,
Tamil Nadu,Ramanathapuram,IMD110-P1702,2002,2.1,99.8,0.0,5.2,31.0,5.2,1.1,2.8,8.4,137.6,103.6,33.6,430.6,101.9,36.3,17.6,274.9,1705,,RAMANATHAPURAM,
Tamil Nadu,Ramanathapuram,IMD110-P1702,2003,1.3,6.1,4.1,25.5,24.4,9.0,13.2,16.5,3.5,46.1,122.5,5.5,277.6,7.3,54.0,42.2,174.1,1705,,RAMANATHAPURAM,
Tamil Nadu,Ramanathapuram,IMD110-P1702,2004,0.0,4.8,1.1,4.5,63.2,4.1,7.7,9.9,194.0,338.0,223.9,145.5,996.7,4.8,68.8,215.7,707.4,1705,,RAMANATHAPURAM,
Tamil Nadu,Ramanathapuram,IMD110-P1702,2005,12.0,12.0,10.7,248.9,72.8,2.6,28.8,5.0,47.7,216.6,295.6,239.7,1192.4,24.1,332.4,84.1,751.8,1705,,RAMANATHAPURAM,
Tamil Nadu,Ramanathapuram,IMD110-P1702,2006,36.0,0.9,47.2,18.0,15.1,6.2,0.5,15.3,34.8,338.4,290.7,14.2,817.2,36.9,80.3,56.8,643.3,1705,,RAMANATHAPURAM,
Tamil Nadu,Ramanathapuram,IMD110-P1702,2007,48.4,42.7,0.2,28.4,18.0,32.3,20.2,33.3,43.9,234.7,125.5,238.9,866.4,91.1,46.6,129.6,599.1,1705,,RAMANATHAPURAM,
Tamil Nadu,Ramanathapuram,IMD110-P1702,2008,6.5,40.7,310.9,56.2,0.6,10.9,22.2,62.7,12.4,280.4,320.9,145.8,1270.2,47.2,367.7,108.1,747.1,1705,,RAMANATHAPURAM,
Tamil Nadu,Ramanathapuram,IMD110-P1702,2009,14.7,0.0,25.5,96.3,,1.4,0.2,53.6,61.1,70.3,367.8,156.0,,14.7,,116.3,594.0,1705,missing_months,RAMANATHAPURAM,
Tamil Nadu,Ramanathapuram,IMD110-P1702,2010,14.8,0.1,0.0,29.2,38.8,12.0,46.2,86.3,134.3,269.6,450.6,161.2,1243.0,14.9,67.9,278.8,881.4,1705,,RAMANATHAPURAM,
Tamil Nadu,Salem,IMD110-P1706,1901,21.8,27.6,10.4,16.0,137.3,49.7,94.5,95.8,247.2,125.8,185.9,39.1,1051.0,49.3,163.7,487.2,350.8,1706,,SALEM,
Tamil Nadu,Salem,IMD110-P1706,1902,18.2,4.5,14.1,52.8,210.3,65.6,86.0,212.2,132.1,231.6,83.9,114.7,1226.0,22.7,277.2,495.9,430.2,1706,,SALEM,
Tamil Nadu,Salem,IMD110-P1706,1903,4.8,2.2,0.0,7.9,212.1,106.5,81.0,194.6,267.5,154.2,257.8,69.6,1358.2,7.0,220.0,649.6,481.6,1706,,SALEM,
Tamil Nadu,Salem,IMD110-P1706,1904,29.5,0.0,0.0,28.5,257.3,37.0,161.3,60.4,92.1,132.5,7.4,9.6,815.6,29.5,285.8,350.8,149.5,1706,,SALEM,
Tamil Nadu,Salem,IMD110-P1706,1905,4.4,1.4,36.6,56.7,106.3,55.5,56.1,149.8,70.5,179.7,47.9,1.3,766.2,5.7,199.6,332.0,228.9,1706,,SALEM,
Tamil Nadu,Salem,IMD110-P1706,1906,75.0,41.2,2.4,6.7,64.8,82.1,90.1,284.0,96.9,170.3,81.0,60.7,1055.2,116.2,73.9,553.2,311.9,1706,,SALEM,
Tamil Nadu,Salem,IMD110-P1706,1907,3.8,0.0,28.2,92.7,57.8,67.0,94.8,62.8,156.2,80.3,103.3,61.2,808.2,3.8,178.7,380.8,244.8,1706,,SALEM,
Tamil Nadu,Salem,IMD110-P1706,1908,1.1,36.1,17.1,42.2,122.4,61.9,51.3,71.4,240.8,189.1,8.9,4.7,847.1,37.2,181.8,425.4,202.7,1706,,SALEM,
Tamil Nadu,Salem,IMD110-P1706,1909,144.9,6.5,0.0,84.9,132.8,37.7,55.4,381.0,156.9,227.7,40.1,1.0,1269.0,151.4,217.7,631.1,268.9,1706,,SALEM,
Tamil Nadu,Salem,IMD110-P1706,1910,1.5,14.0,0.7,41.0,129.9,58.5,250.1,153.6,34.5,335.8,113.2,0.0,1132.9,15.5,171.7,496.7,448.9,1706,,SALEM,
Tamil Nadu,Salem,IMD110-P1706,1911,0.0,0.0,22.7,38.4,138.9,61.2,50.3,32.2,167.9,124.1,116.0,44.6,796.2,0.0,199.9,311.6,284.7,1706,,SALEM,
Tamil Nadu,Salem,IMD110-P1706,1912,0.4,5.9,0.6,3.4,94.3,70.5,36.7,121.9,202.5,160.5,235.0,4.3,936.0,6.3,98.3,431.6,399.8,1706,,SALEM,
Tamil Nadu,Salem,IMD110-P1706,1913,0.0,0.0,1.3,29.2,105.5,34.1,89.8,106.7,210.1,173.7,93.5,55.9,899.8,0.0,136.0,440.7,323.1,1706,,SALEM,
Tamil Nadu,Salem,IMD110-P1706,1914,2.1,0.0,13.6,52.3,49.3,54.2,68.5,147.7,142.8,179.6,92.0,51.7,853.7,2.1,115.2,413.2,323.3,1706,,SALEM,
Tamil Nadu,Salem,IMD110-P1706,1915,22.8,4.3,27.0,18.8,97.8,106.4,182.5,115.0,209.8,127.6,132.3,25.6,1070.0,27.2,143.6,613.8,285.5,1706,,SALEM,
Tamil Nadu,Salem,IMD110-P1706,1916,0.0,0.5,0.0,23.2,86.4,39.3,297.0,182.7,132.8,345.7,122.3,24.5,1254.3,0.5,109.5,651.8,492.5,1706,,SALEM,
Tamil Nadu,Salem,IMD110-P1706,1917,4.4,53.6,35.4,19.0,94.5,127.8,71.5,240.7,247.9,143.2,118.2,10.7,1166.9,58.0,148.9,687.9,272.1,1706,,SALEM,
Tamil Nadu,Salem,IMD110-P1706,1918,27.9,0.1,39.9,7.8,69.8,68.7,60.1,75.6,51.0,43.5,183.7,26.2,654.4,28.0,117.6,255.3,253.5,1706,,SALEM,
Tamil Nadu,Salem,IMD110-P1706,1919,12.4,0.0,8.7,20.2,192.8,72.4,86.5,78.9,294.4,93.1,238.9,60.7,1158.8,12.4,221.7,532.2,392.7,1706,,SALEM,
Tamil Nadu,Salem,IMD110-P1706,1920,76.8,0.0,0.5,77.9,62.0,57.5,53.5,99.4,282.1,174.2,285.6,0.0,1169.5,76.8,140.4,492.5,459.8,1706,,SALEM,
Tamil Nadu,Salem,IMD110-P1706,1921,72.3,0.0,0.0,89.6,102.3,45.5,39.4,209.9,108.9,238.7,80.9,17.6,1005.2,72.3,191.9,403.8,337.2,1706,,SALEM,
Tamil Nadu,Salem,IMD110-P1706,1922,27.3,2.2,0.0,34.5,132.2,55.7,49.8,185.9,62.1,246.5,313.7,45.4,1155.1,29.4,166.7,353.5,605.6,1706,,SALEM,
Tamil Nadu,Salem,IMD110-P1706,1923,40.9,0.0,35.5,49.7,47.1,46.6,58.9,61.8,107.3,141.2,1.6,29.8,620.3,40.9,132.3,274.5,172.6,1706,,SALEM,
Tamil Nadu,Salem,IMD110-P1706,1924,12.6,0.5,35.6,36.3,124.5,38.8,91.0,114.0,148.2,92.0,105.9,1.8,801.1,13.1,196.4,391.9,199.7,1706,,SALEM,
Tamil Nadu,Salem,IMD110-P1706,1925,3.4,1.5,23.2,37.2,119.1,80.5,16.6,99.1,115.1,96.0,55.7,138.4,785.8,4.9,179.5,311.4,290.0,1706,,SALEM,
Tamil Nadu,Salem,IMD110-P1706,1926,63.8,0.0,39.0,49.5,68.4,56.9,61.1,58.6,151.2,69.7,73.9,18.6,710.5,63.8,156.8,327.8,162.2,1706,,SALEM,
Tamil Nadu,Salem,IMD110-P1706,1927,1.6,3.6,2.9,23.2,90.0,77.9,105.5,164.5,186.8,63.5,75.5,13.7,808.7,5.2,116.1,534.7,152.7,1706,,SALEM,
Tamil Nadu,Salem,IMD110-P1706,1928,8.1,35.3,10.6,88.7,110.7,42.1,94.9,127.3,42.2,255.6,83.1,82.3,980.9,43.4,210.0,306.6,421.0,1706,,SALEM,
Tamil Nadu,Salem,IMD110-P1706,1929,9.3,8.1,5.7,128.9,64.8,70.0,60.4,65.2,171.6,112.8,140.2,52.9,889.9,17.5,199.4,367.2,305.8,1706,,SALEM,
Tamil Nadu,Salem,IMD110-P1706,1930,21.9,62.8,18.0,21.5,242.1,86.8,84.0,88.8,86.8,395.0,116.2,46.8,1270.6,84.7,281.6,346.3,558.0,1706,,SALEM,
Tamil Nadu,Salem,IMD110-P1706,1931,2.6,0.0,1.4,46.7,58.4,34.6,126.2,87.3,169.1,110.0,133.1,176.4,945.9,2.6,106.5,417.3,419.5,1706,,SALEM,
Tamil Nadu,Salem,IMD110-P1706,1932,0.0,35.7,0.5,61.6,119.2,64.2,53.1,236.5,102.0,295.9,195.2,57.7,1221.6,35.7,181.4,455.7,548.8,1706,,SALEM,
Tamil Nadu,Salem,IMD110-P1706,1933,5.5,0.0,16.9,36.9,112.1,55.2,65.3,246.4,145.3,198.7,78.3,111.9,1072.7,5.5,165.9,512.3,389.0,1706,,SALEM,
Tamil Nadu,Salem,IMD110-P1706,1934,50.8,0.0,0.0,32.1,90.7,93.4,57.4,64.2,50.3,337.1,120.8,7.5,904.4,50.8,122.8,265.3,465.5,1707,,SALEM,
Tamil Nadu,Salem,IMD110-P1706,1935,34.8,0.0,1.4,81.0,33.5,74.4,52.6,229.8,106.8,108.6,76.1,33.4,832.4,34.8,115.9,463.7,218.1,1707,,SALEM,
Tamil Nadu,Salem,IMD110-P1706,1936,0.0,64.5,17.2,55.9,125.2,75.2,112.5,93.2,191.3,70.5,188.1,34.9,1028.4,64.5,198.3,472.2,293.5,1707,,SALEM,
Tamil Nadu,Salem,IMD110-P1706,1937,3.6,1.5,20.4,109.0,73.4,62.5,72.7,176.1,108.9,175.9,143.7,10.4,958.1,5.1,202.7,420.2,330.0,1707,,SALEM,
Tamil Nadu,Salem,IMD110-P1706,1938,0.5,19.5,13.5,54.0,73.1,47.6,186.7,218.3,133.3,46.4,6.6,40.5,839.8,20.0,140.6,585.8,93.4,1707,,SALEM,
Tamil Nadu,Salem,IMD110-P1706,1939,25.3,0.0,14.3,157.2,84.9,125.3,34.6,162.0,107.7,323.0,185.2,3.0,1222.5,25.3,256.4,429.6,511.2,1707,,SALEM,
Tamil Nadu,Salem,IMD110-P1706,1940,1.5,0.0,18.1,66.1,278.9,88.2,64.4,77.0,183.8,119.1,166.9,27.1,1091.1,1.5,363.1,413.4,313.1,1707,,SALEM,
Tamil Nadu,Salem,IMD110-P1706,1941,8.6,0.6,0.3,56.9,120.0,30.7,80.7,121.2,201.3,138.4,128.4,143.4,1030.4,9.1,177.2,433.9,410.3,1707,,SALEM,
Tamil Nadu,Salem,IMD110-P1706,1942,0.0,0.0,0.0,86.1,88.0,65.8,42.9,150.1,129.7,89.0,63.2,71.9,786.8,0.0,174.1,388.5,224.2,1707,,SALEM,
Tamil Nadu,Salem,IMD110-P1706,1943,127.9,10.8,6.3,70.9,201.5,54.6,104.3,78.5,123.5,282.2,96.8,7.4,1164.8,138.8,278.7,360.9,386.4,1707,,SALEM,
Tamil Nadu,Salem,IMD110-P1706,1944,11.1,35.3,60.1,29.7,61.1,104.7,88.1,163.3,171.7,270.1,186.4,72.1,1253.6,46.4,150.8,527.7,528.7,1707,,SALEM,
Tamil Nadu,Salem,IMD110-P1706,1945,1.2,0.0,0.0,46.3,62.3,29.5,88.5,188.8,81.3,194.8,120.9,0.8,814.3,1.2,108.6,388.1,316.5,1707,,SALEM,
Tamil Nadu,Salem,IMD110-P1706,1946,29.8,0.0,26.3,42.8,81.8,67.6,93.4,114.0,177.0,242.3,317.5,196.8,1389.2,29.8,150.8,451.9,756.6,1707,,SALEM,
Tamil Nadu,Salem,IMD110-P1706,1947,32.1,4.7,56.9,38.7,40.5,70.6,161.2,170.9,165.9,207.6,20.7,4.9,974.7,36.8,136.1,568.6,233.3,1707,,SALEM,
Tamil Nadu,Salem,IMD110-P1706,1948,47.2,2.7,3.4,35.6,146.7,68.9,104.1,163.0,,190.2,263.8,48.5,,49.9,185.7,,502.5,1707,missing_months,SALEM,
Tamil Nadu,Salem,IMD110-P1706,1949,0.0,4.0,0.0,89.1,104.2,84.1,136.8,193.4,118.8,205.0,58.7,0.0,994.2,4.0,193.3,533.1,263.8,1707,,SALEM,
Tamil Nadu,Salem,IMD110-P1706,1950,0.0,59.6,8.8,1.9,30.8,39.7,59.8,222.9,62.2,169.2,95.9,2.8,753.7,59.6,41.6,384.6,267.9,1707,,SALEM,
Tamil Nadu,Salem,IMD110-P1706,1951,0.1,0.0,54.7,85.9,80.5,10.3,45.3,105.7,104.3,102.3,110.7,0.0,700.0,0.1,221.2,265.6,213.1,1707,,SALEM,
Tamil Nadu,Salem,IMD110-P1706,1952,7.5,30.8,9.3,17.3,46.8,46.0,153.6,93.7,92.1,127.1,27.3,196.1,847.5,38.3,73.4,385.4,350.5,1707,,SALEM,
Tamil Nadu,Salem,IMD110-P1706,1953,4.8,13.1,0.0,140.9,81.0,120.0,132.1,83.6,217.9,356.1,37.7,4.1,1191.3,17.9,221.9,553.7,397.9,1707,,SALEM,
Tamil Nadu,Salem,IMD110-P1706,1954,28.1,0.0,35.7,39.5,111.4,58.3,120.6,225.5,40.6,308.1,16.9,61.5,1046.1,28.1,186.6,445.0,386.5,1707,,SALEM,
Tamil Nadu,Salem,IMD110-P1706,1955,13.9,0.0,22.6,56.4,205.3,34.0,109.4,86.7,141.9,158.1,82.4,64.1,974.9,13.9,284.4,372.0,304.7,1707,,SALEM,
Tamil Nadu,Salem,IMD110-P1706,1956,23.0,0.0,0.0,43.0,52.4,100.9,44.1,80.1,142.6,322.5,237.1,12.9,1058.6,23.0,95.4,367.7,572.5,1707,,SALEM,
Tamil Nadu,Salem,IMD110-P1706,1957,0.0,16.1,20.1,18.0,93.8,65.8,44.9,66.8,78.4,169.5,137.4,24.0,734.9,16.1,132.0,255.9,330.9,1707,,SALEM,
Tamil Nadu,Salem,IMD110-P1706,1958,5.5,0.0,14.4,57.3,149.2,38.9,49.6,225.8,125.5,119.4,96.1,8.0,889.8,5.5,220.9,439.8,223.6,1707,,SALEM,
Tamil Nadu,Salem,IMD110-P1706,1959,0.3,54.4,0.0,70.8,79.8,115.8,45.1,94.7,131.6,229.2,197.5,50.3,1069.5,54.7,150.6,387.2,477.0,1707,,SALEM,
Tamil Nadu,Salem,IMD110-P1706,1960,15.3,0.0,43.8,60.1,72.4,36.2,180.7,69.5,123.8,174.3,182.3,7.3,965.6,15.3,176.2,410.2,363.9,1707,,SALEM,
Tamil Nadu,Salem,IMD110-P1706,1961,78.5,9.0,0.0,12.8,71.4,78.3,85.4,135.9,149.5,230.1,60.5,21.1,932.6,87.5,84.3,449.2,311.7,1707,,SALEM,
Tamil Nadu,Salem,IMD110-P1706,1962,2.5,6.4,29.2,49.0,195.2,49.9,41.5,197.8,201.7,205.6,23.6,53.3,1055.7,8.9,273.4,490.9,282.6,1707,,SALEM,
Tamil Nadu,Salem,IMD110-P1706,1963,19.5,0.0,8.5,49.0,76.1,50.6,109.8,104.2,135.7,237.4,79.2,109.7,979.5,19.5,133.6,400.2,426.2,1707,,SALEM,
Tamil Nadu,Salem,IMD110-P1706,1964,0.0,0.0,6.9,7.2,106.2,13.8,280.0,86.6,125.5,234.4,194.0,82.5,1137.1,0.0,120.3,505.9,511.0,1707,,SALEM,
Tamil Nadu,Salem,IMD110-P1706,1965,0.4,0.0,4.0,78.1,44.4,58.1,53.4,235.3,101.6,112.9,71.2,89.6,849.0,0.4,126.5,448.5,273.6,1707,,SALEM,
Tamil Nadu,Salem,IMD110-P1706,1966,0.5,0.0,2.1,54.0,79.0,60.3,111.9,151.9,248.3,316.3,200.9,73.0,1298.2,0.5,135.1,572.4,590.1,1707,,SALEM,
Tamil Nadu,Salem,IMD110-P1706,1967,66.1,0.0,60.4,3.6,44.7,77.2,88.9,67.4,84.4,130.1,144.5,132.6,899.8,66.1,108.7,317.9,407.2,1707,,SALEM,
Tamil Nadu,Salem,IMD110-P1706,1968,0.3,0.0,17.1,52.0,101.4,36.2,39.2,102.8,176.5,149.7,50.4,43.0,768.7,0.3,170.5,354.7,243.1,1708,,SALEM,
Tamil Nadu,Salem,IMD110-P1706,1969,0.0,0.0,2.2,21.1,114.1,17.8,34.0,140.9,40.0,250.7,181.5,100.1,902.3,0.0,137.4,232.7,532.3,1708,,SALEM,
Tamil Nadu,Salem,IMD110-P1706,1970,6.0,27.3,1.6,78.3,135.4,61.7,97.6,122.6,114.4,279.4,69.8,0.5,994.6,33.2,215.3,396.3,349.7,1708,,SALEM,
Tamil Nadu,Salem,IMD110-P1706,1971,24.8,2.3,20.9,36.0,123.3,43.8,114.1,147.5,159.1,163.9,47.7,103.9,987.3,27.1,180.1,464.6,315.6,1708,,SALEM,
Tamil Nadu,Salem,IMD110-P1706,1972,0.0,0.0,0.0,37.4,177.5,99.7,51.0,62.9,202.1,293.9,46.8,308.6,1279.8,0.0,214.9,415.7,649.2,1708,,SALEM,
Tamil Nadu,Salem,IMD110-P1706,1973,0.0,0.0,3.2,17.3,71.2,40.4,62.3,104.9,162.9,116.5,41.5,34.9,655.1,0.0,91.8,370.5,192.9,1708,,SALEM,
Tamil Nadu,Salem,IMD110-P1706,1974,0.0,0.0,1.6,30.9,97.5,39.4,79.7,55.6,251.6,129.5,6.1,0.0,692.0,0.0,130.1,426.3,135.6,1708,,SALEM,
Tamil Nadu,Salem,IMD110-P1706,1975,0.9,0.0,22.9,14.6,168.8,42.5,121.5,147.6,192.9,236.8,26.4,6.5,981.5,0.9,206.2,504.6,269.8,1708,,SALEM,
Tamil Nadu,Salem,IMD110-P1706,1976,0.6,0.0,0.5,81.8,47.6,54.4,48.6,116.8,72.4,100.0,125.6,24.0,672.3,0.6,130.0,292.2,249.6,1708,,SALEM,
Tamil Nadu,Salem,IMD110-P1706,1977,0.0,4.2,6.8,49.5,132.4,43.3,55.6,149.8,143.0,268.4,283.1,5.4,1141.5,4.2,188.7,391.7,556.9,1708,,SALEM,
Tamil Nadu,Salem,IMD110-P1706,1978,0.0,3.0,21.2,52.1,66.7,57.4,117.7,73.1,162.2,141.3,268.7,79.4,1042.9,3.0,140.1,410.4,489.5,1708,,SALEM,
Tamil Nadu,Salem,IMD110-P1706,1979,0.0,65.8,22.5,33.3,51.1,91.0,57.8,92.5,201.9,87.2,318.2,18.9,1040.2,65.8,106.8,443.3,424.3,1708,,SALEM,
Tamil Nadu,Salem,IMD110-P1706,1980,0.0,0.0,18.8,23.4,130.0,24.2,90.7,41.7,83.0,138.7,162.8,7.6,721.0,0.0,172.3,239.6,309.1,1708,,SALEM,
Tamil Nadu,Salem,IMD110-P1706,1981,1.5,0.0,21.9,40.1,157.7,25.0,139.9,101.4,266.6,301.0,55.0,33.5,1143.6,1.5,219.7,532.9,389.5,1708,,SALEM,
Tamil Nadu,Salem,IMD110-P1706,1982,0.3,0.0,21.8,29.2,57.5,105.6,56.4,30.3,137.6,131.5,143.7,4.5,718.3,0.3,108.5,329.9,279.7,1708,,SALEM,
Tamil Nadu,Salem,IMD110-P1706,1983,0.0,1.2,1.1,4.9,173.0,74.5,92.8,164.9,251.9,139.6,35.7,167.7,1107.2,1.2,179.1,584.1,342.9,1708,,SALEM,
Tamil Nadu,Salem,IMD110-P1706,1984,5.9,77.0,76.3,44.0,50.0,28.2,165.2,32.7,175.8,143.4,38.9,37.0,874.5,82.9,170.3,401.9,219.3,1708,,SALEM,
Tamil Nadu,Salem,IMD110-P1706,1985,33.5,0.0,18.8,65.5,40.7,118.3,88.5,135.2,242.5,71.9,73.7,29.2,917.8,33.5,124.9,584.5,174.8,1708,,SALEM,
Tamil Nadu,Salem,IMD110-P1706,1986,39.1,15.8,5.5,36.0,128.2,50.6,52.4,83.6,190.1,182.2,134.5,7.9,925.9,54.9,169.8,376.6,324.6,1708,,SALEM,
Tamil Nadu,Salem,IMD110-P1706,1987,4.4,0.0,57.6,53.5,47.4,121.4,45.8,112.1,199.1,278.0,76.7,65.5,1061.6,4.4,158.5,478.4,420.3,1708,,SALEM,
Tamil Nadu,Salem,IMD110-P1706,1988,0.0,3.4,32.2,118.8,157.4,52.5,124.0,154.8,158.9,48.2,13.4,10.2,873.8,3.4,308.4,490.2,71.8,1708,,SALEM,
Tamil Nadu,Salem,IMD110-P1706,1989,0.0,0.0,20.0,105.5,104.3,50.5,189.5,34.0,209.8,136.5,71.5,7.4,929.1,0.0,229.8,483.9,215.4,1708,,SALEM,
Tamil Nadu,Salem,IMD110-P1706,1990,23.8,8.9,32.1,130.8,101.0,40.7,42.4,95.1,122.2,94.4,62.7,14.6,768.8,32.7,263.9,300.4,171.8,1708,,SALEM,
Tamil Nadu,Salem,IMD110-P1706,1991,15.3,12.4,3.0,61.0,38.6,140.3,43.2,84.0,165.0,243.0,275.9,3.0,1084.7,27.6,102.7,432.5,521.9,1708,,SALEM,
Tamil Nadu,Salem,IMD110-P1706,1992,0.0,0.0,0.0,6.2,48.0,71.5,71.9,78.2,228.2,90.1,224.0,13.0,831.1,0.0,54.2,449.8,327.1,1708,,SALEM,
Tamil Nadu,Salem,IMD110-P1706,1993,0.0,8.6,1.6,4.6,74.5,81.7,75.9,110.6,113.6,237.9,135.0,73.6,917.6,8.6,80.7,381.8,446.5,1708,,SALEM,
Tamil Nadu,Salem,IMD110-P1706,1994,3.4,6.4,3.8,43.4,125.0,22.7,87.6,47.3,96.9,235.1,140.4,7.4,819.6,9.8,172.2,254.6,382.9,1708,,SALEM,
Tamil Nadu,Salem,IMD110-P1706,1995,6.8,0.0,17.7,57.9,108.0,69.4,135.4,140.9,97.2,135.9,103.8,0.0,872.9,6.8,183.6,442.9,239.6,1708,,SALEM,
Tamil Nadu,Salem,IMD110-P1706,1996,0.0,0.0,4.6,139.3,64.5,112.9,50.2,69.1,77.5,45.3,54.9,84.4,702.7,0.0,208.4,309.8,184.5,1708,,SALEM,
Tamil Nadu,Salem,IMD110-P1706,1997,1.5,0.3,0.9,63.2,50.2,54.1,85.4,81.6,170.3,177.7,181.5,104.3,970.9,1.8,114.3,391.3,463.5,1708,,SALEM,
Tamil Nadu,Salem,IMD110-P1706,1998,3.5,0.0,3.5,22.2,84.7,26.8,113.5,234.8,82.9,150.5,150.1,103.6,976.2,3.5,110.4,458.0,404.3,1708,,SALEM,
Tamil Nadu,Salem,IMD110-P1706,1999,0.0,10.3,0.1,72.4,86.0,48.3,46.2,95.4,100.2,313.8,149.0,35.3,956.9,10.3,158.5,290.1,498.0,1708,,SALEM,
Tamil Nadu,Salem,IMD110-P1706,2000,2.0,27.1,15.4,55.0,71.8,44.5,28.0,202.3,237.2,168.9,136.5,31.9,1020.5,29.1,142.1,512.0,337.3,1708,,SALEM,
Tamil Nadu,Salem,IMD110-P1706,2001,4.2,0.0,21.5,137.3,60.1,16.1,72.9,46.1,86.7,77.5,27.5,16.6,566.6,4.2,219.0,221.7,121.7,1708,,SALEM,
Tamil Nadu,Salem,IMD110-P1706,2002,0.2,1.1,10.6,5.6,62.2,20.3,13.2,27.3,48.9,88.1,18.9,1.7,298.2,1.3,78.4,109.7,108.7,1709,,SALEM,
Tamil Nadu,Salem,IMD110-P1706,2003,0.0,3.4,31.2,15.6,33.8,33.5,46.3,89.1,41.2,125.6,38.1,11.3,469.1,3.4,80.6,210.0,175.0,1709,,SALEM,
Tamil Nadu,Salem,IMD110-P1706,2004,0.1,0.2,0.1,35.5,152.6,15.7,60.7,43.2,113.6,164.7,46.6,0.0,633.0,0.2,188.3,233.2,211.3,1709,,SALEM,
Tamil Nadu,Salem,IMD110-P1706,2005,0.0,8.0,26.0,133.7,78.3,34.9,59.0,158.0,129.6,326.1,249.1,70.5,1273.0,8.0,237.9,381.4,645.7,1709,,SALEM,
Tamil Nadu,Salem,IMD110-P1706,2006,3.2,0.0,44.6,34.4,79.6,53.2,20.3,99.6,183.9,239.6,160.7,8.0,927.0,3.2,158.6,356.9,408.3,1709,,SALEM,
Tamil Nadu,Salem,IMD110-P1706,2007,0.1,0.1,0.0,99.3,35.3,24.7,87.2,169.5,95.4,131.9,80.1,132.7,856.3,0.2,134.6,376.8,344.7,1709,,SALEM,
Tamil Nadu,Salem,IMD110-P1706,2008,0.9,3.4,88.0,45.6,22.8,93.1,71.3,259.6,52.8,168.3,182.8,3.6,992.2,4.3,156.4,476.8,354.7,1709,,SALEM,
Tamil Nadu,Salem,IMD110-P1706,2009,2.7,0.0,12.1,42.4,122.4,47.0,67.3,165.1,128.8,57.5,147.6,47.1,840.0,2.7,176.9,408.2,252.2,1709,,SALEM,
Tamil Nadu,Salem,IMD110-P1706,2010,5.0,0.0,1.8,14.7,130.0,74.8,91.4,162.8,75.6,130.5,257.6,56.2,1000.3,5.0,146.5,404.6,444.3,1709,,SALEM,
Tamil Nadu,Sivagangai,IMD110-P1710,1901,1.9,0.6,11.6,50.6,40.8,56.3,61.8,77.9,249.3,153.4,134.7,96.5,935.3,2.5,103.0,445.3,384.5,1710,,SIVAGANGA,
Tamil Nadu,Sivagangai,IMD110-P1710,1902,136.8,3.2,26.2,0.0,90.3,12.7,49.9,122.2,147.3,254.4,154.8,78.5,1076.3,139.9,116.5,332.0,487.8,1710,,SIVAGANGA,
Tamil Nadu,Sivagangai,IMD110-P1710,1903,9.6,1.3,0.5,11.9,68.2,29.1,18.7,113.1,247.6,105.0,191.1,269.6,1065.8,10.9,80.6,408.6,565.7,1710,,SIVAGANGA,
Tamil Nadu,Sivagangai,IMD110-P1710,1904,24.7,0.0,0.0,1.6,93.9,6.6,111.2,52.0,133.6,98.2,66.5,55.7,644.0,24.7,95.5,303.4,220.4,1710,,SIVAGANGA,
Tamil Nadu,Sivagangai,IMD110-P1710,1905,2.7,2.5,0.7,68.8,95.9,23.3,26.0,170.5,82.7,239.8,162.9,5.2,881.0,5.3,165.3,302.5,407.9,1710,,SIVAGANGA,
Tamil Nadu,Sivagangai,IMD110-P1710,1906,28.6,0.0,5.1,0.0,59.6,44.0,42.9,176.9,129.8,151.3,202.4,93.4,934.0,28.6,64.7,393.7,447.1,1710,,SIVAGANGA,
Tamil Nadu,Sivagangai,IMD110-P1710,1907,6.9,3.3,17.0,87.9,82.8,47.4,33.3,29.6,129.9,161.8,104.0,50.9,754.8,10.2,187.7,240.3,316.6,1710,,SIVAGANGA,
Tamil Nadu,Sivagangai,IMD110-P1710,1908,31.1,46.1,30.2,21.6,75.6,8.9,34.9,96.6,162.8,232.8,18.4,5.1,764.1,77.2,127.4,303.2,256.3,1710,,SIVAGANGA,
Tamil Nadu,Sivagangai,IMD110-P1710,1909,133.0,12.0,0.0,97.0,104.9,32.0,5.2,203.2,133.9,186.6,68.8,25.2,1001.8,145.0,201.9,374.3,280.5,1710,,SIVAGANGA,
Tamil Nadu,Sivagangai,IMD110-P1710,1910,16.0,25.8,0.0,48.4,41.1,83.2,124.1,178.1,90.7,252.6,100.0,3.8,963.9,41.8,89.6,476.1,356.4,1710,,SIVAGANGA,
Tamil Nadu,Sivagangai,IMD110-P1710,1911,2.9,0.3,0.0,31.4,57.4,120.6,23.7,29.2,104.1,48.3,144.2,135.8,697.9,3.1,88.8,277.7,328.3,1710,,SIVAGANGA,
Tamil Nadu,Sivagangai,IMD110-P1710,1912,5.6,0.8,3.8,11.0,59.6,21.7,20.4,52.1,85.3,183.4,172.9,15.7,632.3,6.4,74.4,179.6,372.0,1710,,SIVAGANGA,
Tamil Nadu,Sivagangai,IMD110-P1710,1913,0.4,0.3,0.0,17.9,107.7,25.4,53.9,115.5,83.6,170.0,107.5,76.9,759.2,0.8,125.6,278.4,354.4,1710,,SIVAGANGA,
Tamil Nadu,Sivagangai,IMD110-P1710,1914,4.4,0.0,0.0,19.5,49.5,79.8,7.6,177.9,112.4,281.0,71.3,58.7,862.2,4.4,69.0,377.7,411.0,1710,,SIVAGANGA,
Tamil Nadu,Sivagangai,IMD110-P1710,1915,28.7,9.5,14.4,70.5,63.5,23.5,49.1,102.3,63.1,132.7,211.2,90.3,858.7,38.2,148.3,238.0,434.2,1710,,SIVAGANGA,
Tamil Nadu,Sivagangai,IMD110-P1710,1916,0.0,0.0,0.0,43.1,45.8,15.0,156.8,92.4,78.0,186.8,35.0,24.3,677.3,0.0,88.9,342.2,246.1,1710,,SIVAGANGA,
Tamil Nadu,Sivagangai,IMD110-P1710,1917,14.5,46.3,48.2,1.0,80.2,74.5,45.4,280.1,176.0,102.6,144.4,70.6,1083.9,60.9,129.4,576.1,317.5,1710,,SIVAGANGA,
Tamil Nadu,Sivagangai,IMD110-P1710,1918,79.2,0.5,20.5,0.0,32.9,105.1,30.3,91.2,14.3,126.0,205.4,51.9,757.3,79.7,53.5,240.9,383.3,1710,,SIVAGANGA,
Tamil Nadu,Sivagangai,IMD110-P1710,1919,9.6,1.7,3.8,9.8,61.2,61.3,96.3,97.8,102.6,176.2,229.5,83.7,933.7,11.3,74.9,358.0,489.5,1710,,SIVAGANGA,
Tamil Nadu,Sivagangai,IMD110-P1710,1920,174.0,4.0,0.6,49.4,102.0,51.5,43.4,184.5,166.4,114.4,412.9,3.8,1306.9,178.0,151.9,445.8,531.1,1710,,SIVAGANGA,
Tamil Nadu,Sivagangai,IMD110-P1710,1921,219.7,0.0,4.0,65.0,18.9,77.6,72.2,162.9,86.4,213.6,46.6,104.9,1071.9,219.7,87.9,399.1,365.1,1710,,SIVAGANGA,
Tamil Nadu,Sivagangai,IMD110-P1710,1922,12.0,12.4,0.0,30.9,68.3,32.1,32.5,121.4,172.0,179.6,221.1,113.5,995.9,24.4,99.2,358.0,514.3,1710,,SIVAGANGA,
Tamil Nadu,Sivagangai,IMD110-P1710,1923,171.7,3.2,29.9,0.6,42.6,22.5,11.0,33.2,149.1,206.3,17.1,143.7,830.8,174.9,73.0,215.7,367.1,1710,,SIVAGANGA,
Tamil Nadu,Sivagangai,IMD110-P1710,1924,28.5,0.0,58.5,26.9,68.8,42.4,37.2,161.5,166.5,84.3,136.8,9.5,821.0,28.5,154.3,407.6,230.6,1710,,SIVAGANGA,
Tamil Nadu,Sivagangai,IMD110-P1710,1925,22.5,2.9,113.8,42.3,60.3,111.0,26.3,34.5,36.2,72.1,182.1,131.0,834.9,25.4,216.4,207.9,385.2,1710,,SIVAGANGA,
Tamil Nadu,Sivagangai,IMD110-P1710,1926,75.6,2.5,42.2,18.2,81.4,30.7,31.4,121.4,90.8,222.9,35.7,8.2,761.0,78.2,141.8,274.3,266.8,1710,,SIVAGANGA,
Tamil Nadu,Sivagangai,IMD110-P1710,1927,15.8,23.4,15.0,76.6,74.7,77.7,43.4,100.5,93.7,88.4,132.9,28.7,770.6,39.2,166.2,315.2,250.0,1710,,SIVAGANGA,
Tamil Nadu,Sivagangai,IMD110-P1710,1928,6.9,60.3,0.0,104.5,50.3,19.1,69.5,81.1,74.1,205.9,168.9,70.2,910.9,67.3,154.9,243.8,444.9,1710,,SIVAGANGA,
Tamil Nadu,Sivagangai,IMD110-P1710,1929,26.7,2.2,3.0,115.5,27.5,25.9,50.4,100.4,163.3,193.9,168.1,107.8,984.6,28.9,146.0,340.0,469.7,1710,,SIVAGANGA,
Tamil Nadu,Sivagangai,IMD110-P1710,1930,40.5,22.9,0.3,24.3,142.7,24.3,62.1,131.1,110.8,292.3,108.4,61.5,1021.0,63.3,167.3,328.3,462.1,1710,,SIVAGANGA,
Tamil Nadu,Sivagangai,IMD110-P1710,1931,42.0,0.0,0.0,45.4,66.2,33.6,117.0,75.1,55.4,90.2,155.3,276.1,956.3,42.0,111.7,281.1,521.6,1710,,SIVAGANGA,
Tamil Nadu,Sivagangai,IMD110-P1710,1932,0.7,11.2,8.6,89.7,57.0,44.3,28.1,190.6,45.1,276.4,156.2,61.0,968.9,11.9,155.3,308.1,493.6,1710,,SIVAGANGA,
Tamil Nadu,Sivagangai,IMD110-P1710,1933,1.5,0.0,0.0,49.1,74.4,23.0,93.7,181.6,51.7,97.3,213.0,19.9,805.2,1.5,123.4,350.0,330.3,1710,,SIVAGANGA,
Tamil Nadu,Sivagangai,IMD110-P1710,1934,115.1,0.0,0.8,35.0,26.8,65.8,86.9,30.5,36.5,181.5,137.6,0.9,717.4,115.1,62.7,219.7,320.0,1711,,SIVAGANGA,
Tamil Nadu,Sivagangai,IMD110-P1710,1935,21.6,0.3,5.5,69.8,28.0,91.6,11.3,164.3,62.1,121.5,141.2,46.2,763.4,22.0,103.4,329.2,308.9,1711,,SIVAGANGA,
Tamil Nadu,Sivagangai,IMD110-P1710,1936,0.4,21.6,53.9,16.8,49.1,23.4,143.6,96.7,97.3,103.0,183.1,68.9,857.9,22.0,119.8,361.1,355.0,1711,,SIVAGANGA,
Tamil Nadu,Sivagangai,IMD110-P1710,1937,0.2,5.6,14.4,151.7,57.0,18.2,12.1,126.2,165.6,114.7,276.8,2.1,944.6,5.8,223.1,322.1,393.6,1711,,SIVAGANGA,
Tamil Nadu,Sivagangai,IMD110-P1710,1938,2.3,38.0,52.2,57.0,100.9,50.2,146.9,114.1,100.0,47.8,35.3,72.1,816.9,40.3,210.1,411.3,155.2,1711,,SIVAGANGA,
Tamil Nadu,Sivagangai,IMD110-P1710,1939,34.7,10.1,27.9,68.8,92.8,67.5,15.3,103.2,123.1,221.9,264.1,4.9,1034.2,44.8,189.5,309.0,491.0,1711,,SIVAGANGA,
Tamil Nadu,Sivagangai,IMD110-P1710,1940,0.0,0.0,3.6,100.5,92.9,87.6,103.3,92.3,111.4,169.0,356.5,39.1,1156.3,0.0,197.1,394.6,564.6,1711,,SIVAGANGA,
Tamil Nadu,Sivagangai,IMD110-P1710,1941,61.1,0.0,0.0,57.5,67.4,47.3,32.4,118.6,146.8,195.2,187.4,46.9,960.5,61.1,124.8,345.1,429.5,1711,,SIVAGANGA,
Tamil Nadu,Sivagangai,IMD110-P1710,1942,0.8,0.0,11.1,162.4,55.8,27.7,38.5,108.6,146.8,261.4,88.9,217.7,1119.7,0.8,229.3,321.6,568.1,1711,,SIVAGANGA,
Tamil Nadu,Sivagangai,IMD110-P1710,1943,155.5,6.1,16.3,62.5,100.3,19.4,54.5,73.3,78.3,278.0,119.9,28.9,992.9,161.6,179.0,225.4,426.8,1711,,SIVAGANGA,
Tamil Nadu,Sivagangai,IMD110-P1710,1944,28.6,52.2,35.3,32.2,45.3,68.3,46.5,126.6,192.8,181.2,284.8,126.9,1220.6,80.8,112.9,434.1,592.8,1711,,SIVAGANGA,
Tamil Nadu,Sivagangai,IMD110-P1710,1945,0.0,8.6,4.6,86.9,5.8,14.7,107.6,139.1,54.8,202.3,129.3,20.5,774.0,8.6,97.2,316.1,352.0,1711,,SIVAGANGA,
Tamil Nadu,Sivagangai,IMD110-P1710,1946,5.3,1.4,136.3,79.3,112.9,53.9,63.0,100.2,132.2,95.3,378.3,273.2,1431.3,6.7,328.4,349.3,746.9,1711,,SIVAGANGA,
Tamil Nadu,Sivagangai,IMD110-P1710,1947,40.3,24.1,87.0,160.8,50.4,28.3,71.0,104.2,125.3,185.3,8.1,3.9,888.8,64.4,298.2,328.8,197.4,1711,,SIVAGANGA,
Tamil Nadu,Sivagangai,IMD110-P1710,1948,40.0,37.9,0.0,43.6,29.8,7.4,59.8,50.1,103.2,111.7,196.6,15.8,696.0,77.9,73.3,220.6,324.1,1711,,SIVAGANGA,
Tamil Nadu,Sivagangai,IMD110-P1710,1949,52.2,5.4,0.0,121.0,125.5,65.9,61.9,148.4,79.5,117.7,86.4,0.0,863.8,57.6,246.5,355.7,204.1,1711,,SIVAGANGA,
Tamil Nadu,Sivagangai,IMD110-P1710,1950,0.3,168.8,8.0,11.8,30.3,6.7,62.6,169.0,113.8,237.8,26.1,21.9,857.1,169.0,50.1,352.1,285.8,1711,,SIVAGANGA,
Tamil Nadu,Sivagangai,IMD110-P1710,1951,11.4,0.0,11.6,157.8,72.0,2.4,96.0,160.4,140.3,131.6,192.9,0.0,976.4,11.4,241.4,399.1,324.5,1711,,SIVAGANGA,
Tamil Nadu,Sivagangai,IMD110-P1710,1952,29.6,65.6,7.0,10.6,32.2,18.1,58.1,73.8,47.9,162.2,41.9,75.1,622.0,95.2,49.7,197.9,279.2,1711,,SIVAGANGA,
Tamil Nadu,Sivagangai,IMD110-P1710,1953,4.3,19.5,1.7,90.6,24.1,87.8,107.6,109.7,146.8,229.9,156.2,41.0,1019.3,23.8,116.4,451.9,427.1,1711,,SIVAGANGA,
Tamil Nadu,Sivagangai,IMD110-P1710,1954,114.4,0.0,61.3,78.4,99.5,29.6,127.4,233.9,17.4,232.6,42.2,29.6,1066.2,114.4,239.1,408.3,304.4,1711,,SIVAGANGA,
Tamil Nadu,Sivagangai,IMD110-P1710,1955,15.6,0.0,0.0,119.0,64.1,63.6,22.2,100.3,146.8,250.6,119.3,324.9,1226.3,15.6,183.0,332.9,694.8,1711,,SIVAGANGA,
Tamil Nadu,Sivagangai,IMD110-P1710,1956,27.8,0.0,0.0,23.9,7.2,157.8,21.9,148.3,100.8,288.0,208.9,54.2,1038.8,27.8,31.0,428.7,551.1,1711,,SIVAGANGA,
Tamil Nadu,Sivagangai,IMD110-P1710,1957,0.0,34.2,0.0,19.4,82.9,64.7,89.9,62.7,98.4,158.7,202.1,66.6,879.6,34.2,102.3,315.8,427.4,1711,,SIVAGANGA,
Tamil Nadu,Sivagangai,IMD110-P1710,1958,8.0,4.7,24.5,53.9,95.3,4.2,10.1,207.5,94.3,140.6,150.4,22.1,815.6,12.7,173.8,316.0,313.1,1711,,SIVAGANGA,
Tamil Nadu,Sivagangai,IMD110-P1710,1959,0.0,18.3,0.0,56.7,63.0,37.6,26.0,56.9,42.8,162.4,157.9,45.8,667.2,18.3,119.7,163.3,366.0,1711,,SIVAGANGA,
Tamil Nadu,Sivagangai,IMD110-P1710,1960,0.0,18.4,5.5,111.9,93.0,27.9,197.1,23.4,126.4,137.6,347.4,26.4,1115.1,18.4,210.4,374.9,511.4,1711,,SIVAGANGA,
Tamil Nadu,Sivagangai,IMD110-P1710,1961,49.6,0.0,0.0,13.4,77.3,28.0,20.6,49.2,128.5,104.5,112.9,60.5,644.6,49.6,90.8,226.3,277.9,1711,,SIVAGANGA,
Tamil Nadu,Sivagangai,IMD110-P1710,1962,9.9,10.6,9.8,37.2,97.3,32.7,32.5,102.1,101.2,373.7,48.3,21.1,876.4,20.4,144.4,268.5,443.1,1711,,SIVAGANGA,
Tamil Nadu,Sivagangai,IMD110-P1710,1963,58.4,0.7,18.3,87.4,42.1,85.7,110.8,112.1,74.0,102.2,199.5,112.0,1003.0,59.1,147.7,382.6,413.7,1711,,SIVAGANGA,
Tamil Nadu,Sivagangai,IMD110-P1710,1964,0.0,0.4,24.0,13.5,30.5,12.6,245.7,44.8,42.9,157.1,72.7,177.3,821.3,0.4,67.9,346.0,407.0,1711,,SIVAGANGA,
Tamil Nadu,Sivagangai,IMD110-P1710,1965,1.6,7.1,3.5,60.0,5.5,30.7,99.6,231.4,98.0,137.1,106.0,125.0,905.4,8.7,69.0,459.7,368.0,1711,,SIVAGANGA,
Tamil Nadu,Sivagangai,IMD110-P1710,1966,24.0,4.6,8.3,32.4,0.0,80.4,73.9,144.6,130.9,220.3,135.5,87.4,942.3,28.6,40.7,429.7,443.2,1711,,SIVAGANGA,
Tamil Nadu,Sivagangai,IMD110-P1710,1967,0.0,0.0,52.3,29.3,21.3,71.6,28.3,76.5,113.2,207.1,134.3,175.7,909.5,0.0,102.8,289.5,517.2,1711,,SIVAGANGA,
Tamil Nadu,Sivagangai,IMD110-P1710,1968,3.0,2.5,6.3,87.8,8.9,26.2,12.9,81.0,146.1,92.4,114.6,40.8,622.6,5.5,103.1,266.2,247.9,1712,,SIVAGANGA,
Tamil Nadu,Sivagangai,IMD110-P1710,1969,0.0,9.7,0.0,33.2,24.7,23.5,15.4,107.8,24.6,168.9,93.4,114.8,616.1,9.7,57.9,171.3,377.2,1712,,SIVAGANGA,
Tamil Nadu,Sivagangai,IMD110-P1710,1970,13.3,27.2,2.8,98.7,65.1,18.1,92.6,119.4,69.6,209.0,121.9,3.3,840.9,40.5,166.6,299.7,334.1,1712,,SIVAGANGA,
Tamil Nadu,Sivagangai,IMD110-P1710,1971,1.9,2.7,21.6,48.2,73.4,10.4,88.7,234.4,39.1,263.8,29.4,262.0,1075.6,4.6,143.2,372.6,555.2,1712,,SIVAGANGA,
Tamil Nadu,Sivagangai,IMD110-P1710,1972,6.7,,0.0,1.3,245.6,17.2,79.6,52.2,112.0,240.6,126.4,51.5,,,246.9,261.0,418.5,1712,missing_months,SIVAGANGA,
Tamil Nadu,Sivagangai,IMD110-P1710,1973,0.0,0.0,7.6,20.5,42.2,43.6,92.2,76.5,98.0,250.8,92.4,192.3,916.1,0.0,70.3,310.3,535.5,1712,,SIVAGANGA,
Tamil Nadu,Sivagangai,IMD110-P1710,1974,0.0,13.7,16.6,21.4,63.5,40.9,26.7,43.6,79.0,107.5,22.6,21.4,457.0,13.7,101.5,190.3,151.4,1712,,SIVAGANGA,
Tamil Nadu,Sivagangai,IMD110-P1710,1975,8.0,1.9,30.8,7.8,57.7,3.2,82.5,83.0,94.6,162.9,70.6,77.2,680.0,9.9,96.3,263.3,310.6,1712,,SIVAGANGA,
Tamil Nadu,Sivagangai,IMD110-P1710,1976,4.8,0.0,15.0,34.3,11.6,69.0,51.0,32.9,117.8,67.4,211.8,74.3,689.7,4.8,60.9,270.6,353.4,1712,,SIVAGANGA,
Tamil Nadu,Sivagangai,IMD110-P1710,1977,1.3,38.1,2.8,33.9,136.8,30.4,68.3,128.7,91.5,517.9,263.4,10.7,1323.9,39.4,173.5,319.0,792.0,1712,,SIVAGANGA,
Tamil Nadu,Sivagangai,IMD110-P1710,1978,0.8,0.3,0.4,25.6,25.8,8.8,87.2,33.9,130.5,80.5,132.7,260.1,786.6,1.1,51.8,260.3,473.3,1712,,SIVAGANGA,
Tamil Nadu,Sivagangai,IMD110-P1710,1979,0.1,38.8,20.8,8.5,15.4,16.1,62.7,57.0,124.9,151.2,365.5,54.0,915.1,38.9,44.7,260.8,570.7,1712,,SIVAGANGA,
Tamil Nadu,Sivagangai,IMD110-P1710,1980,0.0,0.0,12.0,35.0,61.6,48.3,72.6,53.1,151.6,145.1,141.3,34.5,755.1,0.0,108.6,325.7,320.8,1712,,SIVAGANGA,
Tamil Nadu,Sivagangai,IMD110-P1710,1981,5.7,0.0,0.0,3.2,98.8,19.1,256.9,70.9,208.3,278.0,141.9,121.1,1203.8,5.7,102.0,555.1,541.1,1712,,SIVAGANGA,
Tamil Nadu,Sivagangai,IMD110-P1710,1982,0.0,0.0,8.6,28.0,41.2,28.7,106.7,28.0,54.3,134.3,253.4,64.3,747.5,0.0,77.8,217.7,452.0,1712,,SIVAGANGA,
Tamil Nadu,Sivagangai,IMD110-P1710,1983,0.0,0.0,0.0,0.9,27.5,96.7,121.4,116.8,106.9,159.6,142.4,264.0,1036.2,0.0,28.3,441.8,566.0,1712,,SIVAGANGA,
Tamil Nadu,Sivagangai,IMD110-P1710,1984,28.6,121.6,135.4,58.8,15.1,8.9,141.4,56.2,117.9,162.6,102.0,81.1,1029.7,150.3,209.3,324.4,345.7,1712,,SIVAGANGA,
Tamil Nadu,Sivagangai,IMD110-P1710,1985,240.0,19.0,0.0,0.0,57.0,89.5,71.0,216.0,203.0,93.0,121.0,41.0,1150.5,259.0,57.0,579.5,255.0,1712,,SIVAGANGA,
Tamil Nadu,Sivagangai,IMD110-P1710,1986,87.8,18.0,0.0,0.0,40.8,23.4,149.8,55.1,115.7,60.6,131.2,,,105.8,40.8,344.0,,1712,missing_months,SIVAGANGA,
Tamil Nadu,Sivagangai,IMD110-P1710,1987,0.0,0.0,13.5,34.9,32.4,48.4,12.7,67.4,139.3,331.0,73.9,125.6,879.3,0.0,80.8,267.9,530.6,1712,,SIVAGANGA,
Tamil Nadu,Sivagangai,IMD110-P1710,1988,0.0,0.0,40.1,101.0,27.6,57.4,76.0,145.7,104.1,96.0,78.0,28.3,754.2,0.0,168.7,383.2,202.3,1712,,SIVAGANGA,
Tamil Nadu,Sivagangai,IMD110-P1710,1989,2.3,0.0,61.7,68.2,49.8,66.8,98.6,108.9,175.2,203.8,62.1,28.4,925.9,2.3,179.7,449.5,294.3,1712,,SIVAGANGA,
Tamil Nadu,Sivagangai,IMD110-P1710,1990,153.4,1.3,17.0,18.9,88.4,36.0,29.7,76.5,175.4,185.8,149.1,37.5,969.0,154.7,124.3,317.6,372.4,1712,,SIVAGANGA,
Tamil Nadu,Sivagangai,IMD110-P1710,1991,34.0,4.0,3.7,35.1,28.3,94.5,19.6,101.7,111.8,291.8,77.1,28.8,830.4,38.0,67.1,327.6,397.7,1712,,SIVAGANGA,
Tamil Nadu,Sivagangai,IMD110-P1710,1992,5.3,0.0,0.0,26.4,75.0,41.5,51.9,98.1,133.1,135.4,345.7,53.1,965.6,5.3,101.4,324.6,534.3,1712,,SIVAGANGA,
Tamil Nadu,Sivagangai,IMD110-P1710,1993,0.0,27.2,9.2,4.1,30.3,70.7,53.1,82.5,77.0,215.3,380.4,222.8,1172.5,27.2,43.7,283.2,818.4,1712,,SIVAGANGA,
Tamil Nadu,Sivagangai,IMD110-P1710,1994,1.7,26.3,5.4,65.6,86.2,10.7,58.7,41.1,95.6,241.6,155.5,4.3,792.7,28.0,157.2,206.1,401.3,1712,,SIVAGANGA,
Tamil Nadu,Sivagangai,IMD110-P1710,1995,17.5,1.9,11.8,41.0,115.7,71.1,51.2,67.7,68.9,134.0,65.8,,,19.4,168.5,258.9,,1712,missing_months,SIVAGANGA,
Tamil Nadu,Sivagangai,IMD110-P1710,1996,,,,68.7,23.4,82.2,39.0,25.9,41.5,191.8,39.0,144.9,,,,188.7,375.7,1712,missing_months,SIVAGANGA,
Tamil Nadu,Sivagangai,IMD110-P1710,1997,4.3,0.0,0.6,33.3,52.8,42.7,89.5,24.4,113.0,161.6,275.1,112.3,909.5,4.3,86.6,269.7,548.9,1712,,SIVAGANGA,
Tamil Nadu,Sivagangai,IMD110-P1710,1998,19.0,,,,46.7,38.1,130.9,161.9,120.9,96.5,224.0,144.9,,,,451.7,465.4,1712,missing_months,SIVAGANGA,
Tamil Nadu,Sivagangai,IMD110-P1710,1999,8.0,17.4,3.7,60.5,79.7,36.5,53.2,79.2,70.7,238.8,86.6,30.7,765.0,25.4,143.9,239.6,356.1,1712,,SIVAGANGA,
Tamil Nadu,Sivagangai,IMD110-P1710,2000,32.2,55.2,8.1,41.6,43.6,53.2,13.1,69.4,135.7,106.2,167.2,81.7,807.2,87.4,93.3,271.4,355.2,1712,,SIVAGANGA,
Tamil Nadu,Sivagangai,IMD110-P1710,2001,24.4,9.4,6.3,70.9,41.5,35.4,78.5,14.6,31.8,58.5,42.9,12.9,427.0,33.8,118.8,160.1,114.3,1712,,SIVAGANGA,
Tamil Nadu,Sivagangai,IMD110-P1710,2002,1.1,41.6,0.0,7.7,41.7,12.7,13.3,26.2,14.3,108.4,39.1,8.1,314.3,42.7,49.4,66.5,155.6,1713,,SIVAGANGA,
Tamil Nadu,Sivagangai,IMD110-P1710,2003,0.0,0.4,6.1,18.7,25.7,12.0,56.9,75.0,26.9,76.1,60.4,0.5,358.6,0.4,50.4,170.9,136.9,1713,,SIVAGANGA,
Tamil Nadu,Sivagangai,IMD110-P1710,2004,0.0,0.0,4.5,9.8,72.0,7.3,,,,,,,,0.0,86.3,,,1713,missing_months,SIVAGANGA,
Tamil Nadu,Sivagangai,IMD110-P1710,2005,1.1,32.6,31.3,118.9,49.5,15.6,95.9,65.1,75.1,270.0,385.0,153.7,1293.9,33.7,199.7,251.7,808.8,1713,,SIVAGANGA,
Tamil Nadu,Sivagangai,IMD110-P1710,2006,17.1,0.0,35.1,34.7,54.8,46.6,31.1,38.0,57.7,221.0,181.0,17.1,734.3,17.1,124.7,173.4,419.0,1713,,SIVAGANGA,
Tamil Nadu,Sivagangai,IMD110-P1710,2007,8.0,6.6,0.0,32.9,51.3,93.7,50.4,127.3,53.2,,,,,14.6,84.2,324.6,,1713,missing_months,SIVAGANGA,
Tamil Nadu,Sivagangai,IMD110-P1710,2008,5.0,61.6,239.8,25.5,18.1,88.5,84.6,133.6,54.4,220.2,148.2,0.0,1079.4,66.6,283.3,361.0,368.4,1713,,SIVAGANGA,
Tamil Nadu,Sivagangai,IMD110-P1710,2009,0.7,0.0,,74.4,,15.8,12.5,149.5,147.5,33.0,321.8,84.0,,0.7,,325.3,438.8,1713,missing_months,SIVAGANGA,
Tamil Nadu,Sivagangai,IMD110-P1710,2010,2.6,0.0,0.0,42.2,49.5,38.7,62.0,74.1,187.9,179.4,199.0,79.2,914.5,2.6,91.6,362.7,457.5,1713,,SIVAGANGA,
Tamil Nadu,Tanjavur,IMD110-P1714,1901,11.2,26.0,31.3,33.5,46.3,22.3,37.5,65.9,314.8,57.6,170.1,124.7,941.1,37.2,111.0,440.5,352.3,1714,,TANJAVUR,
Tamil Nadu,Tanjavur,IMD110-P1714,1902,106.2,50.5,20.5,1.3,62.9,65.2,20.8,139.7,155.6,153.3,189.3,196.8,1162.1,156.7,84.7,381.3,539.4,1714,,TANJAVUR,
Tamil Nadu,Tanjavur,IMD110-P1714,1903,20.3,3.6,0.0,16.0,99.2,57.3,45.6,153.0,324.3,81.5,134.9,383.3,1319.1,23.9,115.3,580.2,599.6,1714,,TANJAVUR,
Tamil Nadu,Tanjavur,IMD110-P1714,1904,73.3,0.0,0.0,3.6,114.0,19.7,88.7,37.6,89.5,128.5,32.3,166.3,753.5,73.3,117.7,235.5,327.1,1714,,TANJAVUR,
Tamil Nadu,Tanjavur,IMD110-P1714,1905,2.0,0.0,0.1,45.4,74.2,14.9,20.1,148.2,96.1,229.2,178.1,4.2,812.5,2.0,119.7,279.3,411.5,1714,,TANJAVUR,
Tamil Nadu,Tanjavur,IMD110-P1714,1906,43.4,23.6,17.9,14.1,19.6,33.6,40.6,207.0,27.4,198.5,301.9,177.2,1104.8,66.9,51.5,308.7,677.6,1714,,TANJAVUR,
Tamil Nadu,Tanjavur,IMD110-P1714,1907,3.8,1.2,5.1,67.1,43.7,24.2,35.1,57.5,129.8,200.0,297.3,53.6,918.3,5.0,115.9,246.5,550.9,1714,,TANJAVUR,
Tamil Nadu,Tanjavur,IMD110-P1714,1908,10.5,33.3,24.1,27.9,49.1,58.1,12.7,52.6,22.5,205.1,12.9,55.9,564.7,43.8,101.2,145.9,273.8,1714,,TANJAVUR,
Tamil Nadu,Tanjavur,IMD110-P1714,1909,156.6,13.2,1.5,60.1,73.9,4.7,14.2,283.4,103.9,67.6,51.6,29.0,859.7,169.8,135.5,406.2,148.2,1714,,TANJAVUR,
Tamil Nadu,Tanjavur,IMD110-P1714,1910,10.6,39.2,0.0,2.2,20.7,37.3,115.5,187.8,92.8,212.7,119.2,0.1,838.1,49.8,22.9,433.4,332.1,1714,,TANJAVUR,
Tamil Nadu,Tanjavur,IMD110-P1714,1911,7.6,0.6,0.0,17.0,57.7,60.7,20.2,27.7,135.9,97.5,294.0,211.9,930.9,8.2,74.7,244.6,603.4,1714,,TANJAVUR,
Tamil Nadu,Tanjavur,IMD110-P1714,1912,16.6,0.4,0.0,4.7,65.0,43.5,8.5,30.4,70.1,188.0,275.8,60.8,763.9,17.0,69.7,152.5,524.7,1714,,TANJAVUR,
Tamil Nadu,Tanjavur,IMD110-P1714,1913,4.4,0.0,0.3,25.4,68.3,25.4,41.4,78.7,97.3,244.7,375.6,170.7,1132.3,4.4,94.1,242.8,791.0,1714,,TANJAVUR,
Tamil Nadu,Tanjavur,IMD110-P1714,1914,4.3,1.5,0.0,24.8,32.4,95.4,6.6,103.6,144.2,247.4,154.4,134.2,948.8,5.8,57.2,349.8,536.0,1714,,TANJAVUR,
Tamil Nadu,Tanjavur,IMD110-P1714,1915,19.0,41.6,17.2,28.4,47.9,29.0,93.5,144.9,213.6,68.3,168.9,140.6,1012.9,60.6,93.5,480.9,377.9,1714,,TANJAVUR,
Tamil Nadu,Tanjavur,IMD110-P1714,1916,0.0,1.4,0.0,20.7,57.0,21.3,209.5,151.8,105.3,127.3,140.2,49.1,883.6,1.4,77.7,487.9,316.6,1714,,TANJAVUR,
Tamil Nadu,Tanjavur,IMD110-P1714,1917,32.2,22.5,1.8,0.0,94.6,54.1,35.1,241.0,143.5,99.9,249.9,34.7,1009.3,54.7,96.4,473.7,384.4,1714,,TANJAVUR,
Tamil Nadu,Tanjavur,IMD110-P1714,1918,86.7,6.0,27.5,4.5,23.9,48.4,40.7,47.3,20.5,34.9,368.0,129.5,837.7,92.7,55.8,156.9,532.3,1714,,TANJAVUR,
Tamil Nadu,Tanjavur,IMD110-P1714,1919,8.1,0.0,15.2,21.6,53.1,51.1,121.2,68.3,109.9,127.8,389.0,288.4,1253.7,8.1,90.0,350.5,805.2,1714,,TANJAVUR,
Tamil Nadu,Tanjavur,IMD110-P1714,1920,210.9,4.8,0.6,59.4,72.5,42.9,5.8,106.7,283.9,173.2,840.5,11.9,1813.1,215.7,132.5,439.4,1025.6,1714,,TANJAVUR,
Tamil Nadu,Tanjavur,IMD110-P1714,1921,256.7,0.0,0.3,82.8,8.5,79.3,87.0,123.2,108.8,209.9,57.5,86.3,1100.2,256.7,91.6,398.2,353.8,1714,,TANJAVUR,
Tamil Nadu,Tanjavur,IMD110-P1714,1922,41.8,20.3,4.0,16.1,62.8,69.5,37.0,80.6,138.9,161.0,200.5,51.1,883.6,62.1,82.9,326.0,412.6,1714,,TANJAVUR,
Tamil Nadu,Tanjavur,IMD110-P1714,1923,408.9,3.5,45.4,13.8,17.2,30.7,16.0,18.0,123.9,272.3,21.8,256.9,1228.4,412.4,76.4,188.6,551.0,1714,,TANJAVUR,
Tamil Nadu,Tanjavur,IMD110-P1714,1924,43.5,0.0,66.0,1.6,30.9,18.0,44.2,81.8,181.6,66.6,118.4,40.8,693.5,43.5,98.6,325.6,225.8,1714,,TANJAVUR,
Tamil Nadu,Tanjavur,IMD110-P1714,1925,17.1,1.9,103.0,13.6,90.3,26.2,7.7,64.0,72.9,157.3,249.3,235.7,1038.9,19.0,206.9,170.8,642.3,1714,,TANJAVUR,
Tamil Nadu,Tanjavur,IMD110-P1714,1926,123.1,5.3,6.9,0.1,71.9,47.4,68.2,53.6,135.0,123.2,210.4,12.9,858.0,128.4,79.0,304.2,346.4,1714,,TANJAVUR,
Tamil Nadu,Tanjavur,IMD110-P1714,1927,29.0,21.4,6.6,48.2,38.2,33.4,26.1,68.0,132.5,46.2,128.0,39.6,617.1,50.3,93.0,260.0,213.8,1714,,TANJAVUR,
Tamil Nadu,Tanjavur,IMD110-P1714,1928,93.9,66.1,21.2,34.8,44.5,29.6,107.6,80.4,79.7,223.1,285.4,246.3,1312.6,159.9,100.5,297.3,754.8,1714,,TANJAVUR,
Tamil Nadu,Tanjavur,IMD110-P1714,1929,39.4,8.5,0.2,45.2,10.4,23.8,37.3,124.0,114.6,188.1,215.9,147.2,954.6,47.9,55.8,299.7,551.3,1714,,TANJAVUR,
Tamil Nadu,Tanjavur,IMD110-P1714,1930,121.6,38.2,12.2,4.3,205.3,32.7,33.6,76.6,94.1,563.3,151.6,62.0,1395.4,159.8,221.7,237.0,776.9,1714,,TANJAVUR,
Tamil Nadu,Tanjavur,IMD110-P1714,1931,50.3,0.0,0.0,87.4,60.2,34.8,80.8,43.8,100.2,89.5,118.7,619.6,1285.4,50.3,147.7,259.7,827.7,1714,,TANJAVUR,
Tamil Nadu,Tanjavur,IMD110-P1714,1932,1.1,7.0,35.3,133.0,101.6,47.9,51.1,116.8,68.7,255.9,358.6,169.4,1346.4,8.2,269.8,284.5,783.9,1714,,TANJAVUR,
Tamil Nadu,Tanjavur,IMD110-P1714,1933,0.2,6.2,22.8,19.0,68.8,19.0,37.3,114.1,65.3,200.1,114.0,147.2,814.0,6.4,110.6,235.7,461.3,1714,,TANJAVUR,
Tamil Nadu,Tanjavur,IMD110-P1714,1934,147.6,0.0,11.3,29.3,20.5,43.4,12.4,26.3,25.1,268.7,155.1,22.0,761.7,147.6,61.1,107.2,445.8,1715,,TANJAVUR,
Tamil Nadu,Tanjavur,IMD110-P1714,1935,60.0,0.0,9.4,26.2,12.7,75.7,5.2,141.5,49.0,92.9,207.3,235.8,915.6,60.0,48.2,271.5,536.0,1715,,TANJAVUR,
Tamil Nadu,Tanjavur,IMD110-P1714,1936,0.9,73.7,79.2,22.1,15.1,28.6,73.9,41.7,75.3,56.1,286.3,93.5,846.7,74.6,116.5,219.6,436.0,1715,,TANJAVUR,
Tamil Nadu,Tanjavur,IMD110-P1714,1937,11.7,6.4,22.4,103.7,42.2,19.1,22.5,176.0,98.7,234.6,317.5,13.2,1068.0,18.0,168.3,316.4,565.2,1715,,TANJAVUR,
Tamil Nadu,Tanjavur,IMD110-P1714,1938,1.5,62.7,76.3,26.5,51.7,63.0,84.6,157.1,80.1,141.8,89.3,83.4,918.0,64.2,154.6,384.8,314.4,1715,,TANJAVUR,
Tamil Nadu,Tanjavur,IMD110-P1714,1939,57.1,0.0,17.0,242.5,90.8,49.1,12.7,119.4,71.1,331.8,425.5,16.7,1433.8,57.1,350.4,252.3,774.1,1715,,TANJAVUR,
Tamil Nadu,Tanjavur,IMD110-P1714,1940,0.1,0.0,5.4,54.3,34.2,133.4,21.1,32.3,160.4,165.5,412.3,103.0,1122.0,0.1,93.9,347.3,680.8,1715,,TANJAVUR,
Tamil Nadu,Tanjavur,IMD110-P1714,1941,15.6,5.6,0.0,46.4,46.9,3.0,63.5,84.3,220.6,230.8,222.2,169.2,1108.0,21.2,93.3,371.3,622.2,1715,,TANJAVUR,
Tamil Nadu,Tanjavur,IMD110-P1714,1942,2.7,0.0,0.0,124.0,51.1,6.3,21.1,195.2,200.0,108.3,75.7,146.7,931.0,2.7,175.2,422.5,330.6,1715,,TANJAVUR,
Tamil Nadu,Tanjavur,IMD110-P1714,1943,98.0,25.6,26.3,56.1,234.6,21.3,44.7,56.4,107.9,285.2,55.6,65.2,1076.7,123.6,316.9,230.2,406.0,1715,,TANJAVUR,
Tamil Nadu,Tanjavur,IMD110-P1714,1944,32.1,51.6,66.2,5.3,24.9,86.1,35.9,214.2,155.4,158.8,322.6,126.4,1279.7,83.7,96.4,491.7,607.8,1715,,TANJAVUR,
Tamil Nadu,Tanjavur,IMD110-P1714,1945,6.6,6.7,3.7,60.6,12.1,17.3,74.5,147.1,95.2,156.1,215.3,13.4,808.5,13.2,76.4,334.1,384.8,1715,,TANJAVUR,
Tamil Nadu,Tanjavur,IMD110-P1714,1946,17.9,0.0,12.6,13.6,130.1,21.1,34.4,60.2,90.3,150.4,356.6,286.5,1173.8,17.9,156.4,206.0,793.6,1715,,TANJAVUR,
Tamil Nadu,Tanjavur,IMD110-P1714,1947,77.4,19.8,71.8,74.2,44.1,16.7,125.9,93.3,127.3,232.2,33.4,3.2,919.4,97.2,190.2,363.3,268.7,1715,,TANJAVUR,
Tamil Nadu,Tanjavur,IMD110-P1714,1948,55.0,4.4,15.0,19.3,34.4,26.2,86.2,38.7,63.5,96.4,256.7,35.2,730.9,59.4,68.7,214.6,388.2,1715,,TANJAVUR,
Tamil Nadu,Tanjavur,IMD110-P1714,1949,3.4,0.0,0.0,26.1,77.0,64.6,127.3,203.5,106.1,190.1,126.4,0.7,925.3,3.4,103.0,501.6,317.2,1715,,TANJAVUR,
Tamil Nadu,Tanjavur,IMD110-P1714,1950,6.9,92.2,25.8,5.3,61.2,10.1,27.2,182.7,93.5,128.6,184.9,69.5,888.1,99.1,92.3,313.6,383.1,1715,,TANJAVUR,
Tamil Nadu,Tanjavur,IMD110-P1714,1951,15.1,0.0,22.4,62.8,69.9,9.1,127.1,100.3,77.8,83.8,195.3,12.0,775.6,15.1,155.1,314.3,291.1,1715,,TANJAVUR,
Tamil Nadu,Tanjavur,IMD110-P1714,1952,40.3,63.1,4.5,45.1,12.0,17.8,165.8,70.1,14.8,112.6,61.7,237.4,845.2,103.4,61.6,268.5,411.7,1715,,TANJAVUR,
Tamil Nadu,Tanjavur,IMD110-P1714,1953,25.9,34.5,0.5,60.6,0.6,29.8,80.5,46.4,105.2,225.0,190.1,55.0,854.1,60.4,61.7,261.8,470.2,1715,,TANJAVUR,
Tamil Nadu,Tanjavur,IMD110-P1714,1954,101.1,2.2,58.2,83.3,40.9,24.7,78.5,227.0,51.6,330.4,49.5,158.5,1206.1,103.3,182.4,381.9,538.5,1715,,TANJAVUR,
Tamil Nadu,Tanjavur,IMD110-P1714,1955,41.3,3.5,0.1,74.7,127.8,13.9,33.0,114.4,106.1,196.1,111.3,310.7,1132.8,44.7,202.6,267.4,618.1,1715,,TANJAVUR,
Tamil Nadu,Tanjavur,IMD110-P1714,1956,44.4,1.6,0.0,22.0,25.1,94.2,16.4,70.4,172.2,232.8,281.4,52.0,1012.6,46.0,47.1,353.2,566.3,1715,,TANJAVUR,
Tamil Nadu,Tanjavur,IMD110-P1714,1957,0.3,9.3,0.8,6.9,24.4,47.1,68.0,44.5,124.4,237.9,182.2,246.2,992.0,9.6,32.1,284.0,666.3,1715,,TANJAVUR,
Tamil Nadu,Tanjavur,IMD110-P1714,1958,12.1,0.9,24.1,33.0,147.9,7.4,22.5,187.6,49.0,122.3,190.4,25.7,822.7,13.0,204.9,266.5,338.4,1715,,TANJAVUR,
Tamil Nadu,Tanjavur,IMD110-P1714,1959,10.2,21.0,0.0,33.8,60.0,82.5,10.0,62.4,89.3,191.2,223.9,63.6,847.8,31.1,93.9,244.1,478.7,1715,,TANJAVUR,
Tamil Nadu,Tanjavur,IMD110-P1714,1960,11.0,30.0,7.3,49.6,49.8,23.7,138.2,12.8,83.4,103.6,448.1,27.7,985.2,41.0,106.7,258.0,579.5,1715,,TANJAVUR,
Tamil Nadu,Tanjavur,IMD110-P1714,1961,131.4,1.3,0.1,16.9,50.0,66.9,42.6,98.3,165.1,191.3,117.1,88.4,969.4,132.8,67.1,372.8,396.7,1715,,TANJAVUR,
Tamil Nadu,Tanjavur,IMD110-P1714,1962,6.6,14.2,4.4,25.0,60.1,45.3,27.9,134.3,106.3,371.1,142.5,24.7,962.4,20.8,89.5,313.8,538.3,1715,,TANJAVUR,
Tamil Nadu,Tanjavur,IMD110-P1714,1963,159.5,3.2,65.4,32.7,26.3,38.3,78.0,106.4,91.9,172.7,265.3,277.5,1317.2,162.7,124.4,314.7,715.4,1715,,TANJAVUR,
Tamil Nadu,Tanjavur,IMD110-P1714,1964,0.0,0.0,10.9,4.0,24.6,38.7,170.8,81.1,98.9,122.9,132.3,98.1,782.3,0.0,39.6,389.4,353.3,1715,,TANJAVUR,
Tamil Nadu,Tanjavur,IMD110-P1714,1965,1.1,13.9,13.9,38.8,39.4,28.7,33.9,264.9,74.8,134.0,100.2,377.4,1121.1,15.0,92.2,402.3,611.6,1715,,TANJAVUR,
Tamil Nadu,Tanjavur,IMD110-P1714,1966,27.5,0.0,14.5,38.9,44.7,43.7,40.9,329.9,211.5,444.0,191.9,119.8,1507.3,27.5,98.1,626.0,755.6,1715,,TANJAVUR,
Tamil Nadu,Tanjavur,IMD110-P1714,1967,19.0,1.4,46.4,23.4,17.4,48.3,31.8,117.6,67.5,297.1,208.1,350.4,1228.6,20.4,87.3,265.2,855.7,1715,,TANJAVUR,
Tamil Nadu,Tanjavur,IMD110-P1714,1968,5.3,3.5,37.4,147.8,33.2,20.7,22.5,59.1,181.5,107.9,203.3,112.2,934.5,8.8,218.4,283.8,423.4,1716,,TANJAVUR,
Tamil Nadu,Tanjavur,IMD110-P1714,1969,2.5,7.0,0.2,13.6,16.5,41.7,15.9,136.0,38.4,218.9,245.4,198.0,934.1,9.5,30.3,232.0,662.3,1716,,TANJAVUR,
Tamil Nadu,Tanjavur,IMD110-P1714,1970,86.6,15.4,2.3,55.0,124.2,79.2,87.6,152.9,77.2,179.8,399.4,30.8,1290.5,102.1,181.5,396.9,610.1,1716,,TANJAVUR,
Tamil Nadu,Tanjavur,IMD110-P1714,1971,28.2,10.7,72.0,50.9,67.5,32.2,102.1,158.0,101.6,242.7,97.4,349.2,1312.4,38.9,190.4,393.9,689.2,1716,,TANJAVUR,
Tamil Nadu,Tanjavur,IMD110-P1714,1972,2.7,0.0,0.0,0.4,164.0,18.8,51.8,32.6,200.9,263.8,162.4,298.3,1195.8,2.7,164.4,304.2,724.5,1716,,TANJAVUR,
Tamil Nadu,Tanjavur,IMD110-P1714,1973,0.1,0.0,3.9,2.7,49.8,53.4,81.4,76.8,137.7,237.1,109.6,157.1,909.6,0.1,56.4,349.3,503.8,1716,,TANJAVUR,
Tamil Nadu,Tanjavur,IMD110-P1714,1974,0.1,24.2,22.1,12.6,56.3,77.5,54.3,69.2,201.0,118.5,12.2,77.9,725.9,24.3,91.0,402.0,208.7,1716,,TANJAVUR,
Tamil Nadu,Tanjavur,IMD110-P1714,1975,14.4,0.0,79.6,23.8,41.3,12.7,133.8,156.4,168.2,227.5,210.4,124.8,1192.8,14.4,144.6,471.1,562.7,1716,,TANJAVUR,
Tamil Nadu,Tanjavur,IMD110-P1714,1976,0.5,0.5,13.6,42.9,11.3,69.8,48.1,175.8,120.5,156.9,304.2,150.0,1094.0,1.0,67.8,414.2,611.0,1716,,TANJAVUR,
Tamil Nadu,Tanjavur,IMD110-P1714,1977,0.7,26.5,13.1,24.6,83.1,33.1,48.5,163.7,91.7,391.6,483.0,27.1,1386.7,27.2,120.8,337.0,901.7,1716,,TANJAVUR,
Tamil Nadu,Tanjavur,IMD110-P1714,1978,0.1,2.3,0.0,17.0,45.5,11.7,101.8,51.4,99.7,164.6,392.1,291.3,1177.4,2.3,62.5,264.6,848.0,1716,,TANJAVUR,
Tamil Nadu,Tanjavur,IMD110-P1714,1979,0.2,20.6,37.3,3.6,11.8,33.8,83.7,122.7,187.7,170.9,398.6,102.5,1173.4,20.8,52.7,428.0,671.9,1716,,TANJAVUR,
Tamil Nadu,Tanjavur,IMD110-P1714,1980,0.0,0.0,4.2,31.7,28.4,20.1,34.3,54.2,59.5,120.6,104.5,49.8,507.4,0.0,64.3,168.1,274.9,1716,,TANJAVUR,
Tamil Nadu,Tanjavur,IMD110-P1714,1981,7.1,0.0,6.8,3.6,90.8,8.2,133.3,62.4,220.5,283.7,234.8,142.6,1194.0,7.1,101.3,424.3,661.2,1716,,TANJAVUR,
Tamil Nadu,Tanjavur,IMD110-P1714,1982,0.0,0.0,2.1,11.1,13.6,12.7,40.0,31.3,78.1,112.2,278.9,30.3,610.4,0.0,26.8,162.1,421.5,1716,,TANJAVUR,
Tamil Nadu,Tanjavur,IMD110-P1714,1983,0.2,0.0,0.0,0.0,68.0,39.2,68.2,183.7,164.7,75.4,82.4,606.8,1288.6,0.2,68.0,455.7,764.7,1716,,TANJAVUR,
Tamil Nadu,Tanjavur,IMD110-P1714,1984,76.7,217.1,72.0,51.8,0.0,10.2,167.1,43.8,130.5,131.2,150.7,98.5,1149.5,293.7,123.9,351.6,380.3,1716,,TANJAVUR,
Tamil Nadu,Tanjavur,IMD110-P1714,1985,111.9,2.1,0.0,14.7,11.7,74.1,55.1,153.4,108.2,139.6,291.5,78.2,1040.4,114.0,26.4,390.8,509.2,1716,,TANJAVUR,
Tamil Nadu,Tanjavur,IMD110-P1714,1986,121.1,42.7,43.5,27.3,60.4,12.2,65.5,130.8,113.3,136.3,198.9,137.2,1089.2,163.8,131.1,321.8,472.4,1716,,TANJAVUR,
Tamil Nadu,Tanjavur,IMD110-P1714,1987,7.1,0.4,21.4,3.5,44.7,44.3,12.8,101.0,97.8,178.8,107.4,322.1,941.5,7.6,69.6,256.0,608.3,1716,,TANJAVUR,
Tamil Nadu,Tanjavur,IMD110-P1714,1988,0.0,2.1,20.0,84.5,24.3,33.0,44.0,111.6,122.7,50.7,219.4,41.5,753.7,2.1,128.7,311.2,311.6,1716,,TANJAVUR,
Tamil Nadu,Tanjavur,IMD110-P1714,1989,4.1,0.0,4.0,12.3,25.0,54.5,103.0,40.3,147.0,134.9,187.0,65.2,777.3,4.1,41.3,344.8,387.2,1716,,TANJAVUR,
Tamil Nadu,Tanjavur,IMD110-P1714,1990,104.9,6.9,50.6,10.1,49.9,9.9,34.6,89.1,145.8,219.7,86.4,75.6,883.4,111.8,110.6,279.4,381.7,1716,,TANJAVUR,
Tamil Nadu,Tanjavur,IMD110-P1714,1991,41.9,6.4,2.6,11.6,1.1,53.0,7.4,62.7,83.4,201.7,310.6,42.8,825.1,48.3,15.2,206.4,555.1,1716,,TANJAVUR,
Tamil Nadu,Tanjavur,IMD110-P1714,1992,0.1,0.0,0.0,12.8,36.8,62.8,62.2,38.6,164.0,128.3,419.4,101.5,1026.6,0.1,49.6,327.7,649.2,1716,,TANJAVUR,
Tamil Nadu,Tanjavur,IMD110-P1714,1993,0.0,0.0,3.6,1.8,17.8,55.9,74.1,52.2,72.4,259.0,610.8,361.5,1509.1,0.0,23.2,254.5,1231.3,1716,,TANJAVUR,
Tamil Nadu,Tanjavur,IMD110-P1714,1994,1.7,62.0,4.4,26.6,62.2,10.1,45.8,61.1,39.8,141.8,297.0,43.2,795.7,63.7,93.2,156.7,482.1,1716,,TANJAVUR,
Tamil Nadu,Tanjavur,IMD110-P1714,1995,52.0,1.4,10.4,21.6,124.9,80.4,66.6,62.7,91.7,176.4,137.1,10.6,835.7,53.3,156.9,301.4,324.0,1716,,TANJAVUR,
Tamil Nadu,Tanjavur,IMD110-P1714,1996,6.8,0.0,0.0,80.8,24.1,103.3,33.2,187.4,178.3,131.3,180.4,422.5,1348.2,6.8,104.9,502.2,734.3,1716,,TANJAVUR,
Tamil Nadu,Tanjavur,IMD110-P1714,1997,10.9,0.0,5.8,29.9,55.2,45.1,100.7,37.4,98.1,194.2,463.9,242.5,1283.7,10.9,91.0,281.3,900.6,1716,,TANJAVUR,
Tamil Nadu,Tanjavur,IMD110-P1714,1998,11.6,5.0,0.0,4.1,111.6,14.1,83.3,189.7,159.2,74.1,280.1,311.4,1244.0,16.6,115.7,446.2,665.6,1716,,TANJAVUR,
Tamil Nadu,Tanjavur,IMD110-P1714,1999,3.5,34.3,0.0,54.0,63.5,19.1,22.2,74.9,39.8,202.1,363.8,64.3,941.5,37.8,117.5,156.0,630.2,1716,,TANJAVUR,
Tamil Nadu,Tanjavur,IMD110-P1714,2000,82.3,79.4,9.9,45.3,62.4,12.2,24.4,55.3,183.6,126.6,303.2,160.9,1145.5,161.7,117.6,275.5,590.8,1716,,TANJAVUR,
Tamil Nadu,Tanjavur,IMD110-P1714,2001,7.5,8.5,0.0,65.3,73.8,28.0,35.9,22.8,30.3,87.1,99.0,70.5,528.7,16.0,139.1,117.0,256.6,1716,,TANJAVUR,
Tamil Nadu,Tanjavur,IMD110-P1714,2002,7.5,150.0,0.5,1.4,46.4,52.2,6.2,13.4,13.0,154.0,74.2,26.6,545.6,157.5,48.4,84.9,254.9,1717,,TANJAVUR,
Tamil Nadu,Tanjavur,IMD110-P1714,2003,1.7,0.3,3.6,11.1,19.8,13.5,38.1,78.5,15.0,79.0,107.5,13.1,381.3,2.0,34.5,145.2,199.6,1717,,TANJAVUR,
Tamil Nadu,Tanjavur,IMD110-P1714,2004,2.1,0.0,0.5,3.3,182.7,9.7,46.8,14.0,168.8,489.8,282.7,118.1,1318.5,2.2,186.5,239.3,890.5,1717,,TANJAVUR,
Tamil Nadu,Tanjavur,IMD110-P1714,2005,1.2,5.4,15.6,121.3,75.8,10.8,41.7,145.5,113.9,242.2,473.6,157.0,1403.9,6.6,212.8,311.8,872.8,1717,,TANJAVUR,
Tamil Nadu,Tanjavur,IMD110-P1714,2006,11.1,0.0,22.5,61.8,43.4,39.1,4.5,68.6,129.5,219.3,205.4,40.7,845.8,11.1,127.7,241.7,465.4,1717,,TANJAVUR,
Tamil Nadu,Tanjavur,IMD110-P1714,2007,0.4,19.2,0.0,70.8,27.1,29.7,45.7,175.6,84.4,293.1,66.2,378.1,1190.3,19.6,97.9,335.3,737.4,1717,,TANJAVUR,
Tamil Nadu,Tanjavur,IMD110-P1714,2008,8.9,10.0,118.1,3.8,12.7,19.5,45.5,132.0,44.3,174.9,580.9,94.1,1244.9,19.0,134.6,241.4,849.9,1717,,TANJAVUR,
Tamil Nadu,Tanjavur,IMD110-P1714,2009,21.3,0.0,18.2,55.4,27.9,17.9,3.9,122.1,102.5,32.1,470.5,353.6,1225.4,21.3,101.5,246.4,856.3,1717,,TANJAVUR,
Tamil Nadu,Tanjavur,IMD110-P1714,2010,30.3,0.0,0.0,17.8,90.9,49.6,39.8,149.7,141.2,149.3,389.5,237.6,1295.7,30.3,108.7,380.3,776.4,1717,,TANJAVUR,
Tamil Nadu,Theni,IMD110-P1718,1901,90.2,30.9,44.9,83.4,34.6,32.9,28.5,19.4,109.9,136.6,213.4,45.8,870.7,121.1,163.0,190.7,395.9,1718,,THENI,
Tamil Nadu,Theni,IMD110-P1718,1902,60.0,1.5,22.7,46.2,105.9,21.2,43.7,19.3,29.8,290.0,137.1,141.9,919.3,61.5,174.9,113.9,569.0,1718,,THENI,
Tamil Nadu,Theni,IMD110-P1718,1903,18.0,41.9,23.3,27.8,62.9,13.4,41.9,34.5,73.2,139.9,63.8,138.9,679.4,60.0,113.9,163.0,342.5,1718,,THENI,
Tamil Nadu,Theni,IMD110-P1718,1904,35.3,0.0,2.5,20.9,130.6,39.1,42.6,8.3,30.9,160.7,11.9,17.6,500.5,35.3,154.1,120.8,190.3,1718,,THENI,
Tamil Nadu,Theni,IMD110-P1718,1905,0.9,14.1,24.1,141.3,128.6,33.9,1.8,12.9,59.7,208.0,52.3,3.3,681.0,15.0,294.0,108.3,263.7,1718,,THENI,
Tamil Nadu,Theni,IMD110-P1718,1906,32.6,21.1,56.5,25.0,133.9,10.2,16.9,179.5,33.8,142.1,132.9,35.3,819.8,53.7,215.4,240.4,310.3,1718,,THENI,
Tamil Nadu,Theni,IMD110-P1718,1907,25.1,0.0,82.4,154.5,88.9,31.4,59.6,71.3,55.0,174.9,204.8,52.5,1000.5,25.1,325.9,217.3,432.2,1718,,THENI,
Tamil Nadu,Theni,IMD110-P1718,1908,81.3,46.6,88.2,67.5,48.7,22.4,22.2,15.3,46.5,246.3,24.3,27.9,737.2,127.9,204.5,106.3,298.5,1718,,THENI,
Tamil Nadu,Theni,IMD110-P1718,1909,67.3,39.9,34.8,129.8,85.3,35.5,8.4,35.9,18.4,188.4,163.0,33.5,840.1,107.2,249.8,98.2,384.9,1718,,THENI,
Tamil Nadu,Theni,IMD110-P1718,1910,20.5,53.3,19.9,61.7,47.0,36.3,57.4,44.0,14.8,276.0,253.2,0.0,883.9,73.7,128.6,152.4,529.2,1718,,THENI,
Tamil Nadu,Theni,IMD110-P1718,1911,0.0,1.9,23.5,22.7,77.3,76.8,28.3,5.4,28.9,100.4,99.9,127.5,592.8,1.9,123.6,139.5,327.8,1718,,THENI,
Tamil Nadu,Theni,IMD110-P1718,1912,1.9,7.8,4.1,95.1,61.3,51.7,29.3,20.7,91.9,177.7,214.3,18.7,774.5,9.7,160.5,193.6,410.7,1718,,THENI,
Tamil Nadu,Theni,IMD110-P1718,1913,1.1,1.9,5.1,86.6,49.7,23.9,101.7,7.4,30.1,167.4,93.7,80.5,649.1,3.0,141.4,163.0,341.7,1718,,THENI,
Tamil Nadu,Theni,IMD110-P1718,1914,0.9,6.2,25.0,39.4,28.7,21.6,23.3,28.6,89.5,190.2,80.0,118.1,651.5,7.1,93.0,163.0,388.3,1718,,THENI,
Tamil Nadu,Theni,IMD110-P1718,1915,33.2,25.0,64.4,104.7,30.0,69.3,40.5,29.6,129.2,184.6,332.3,28.6,1071.3,58.2,199.1,268.6,545.5,1718,,THENI,
Tamil Nadu,Theni,IMD110-P1718,1916,0.0,4.8,0.9,31.1,99.3,21.7,100.9,67.9,43.1,159.7,109.0,9.4,647.7,4.8,131.3,233.5,278.0,1718,,THENI,
Tamil Nadu,Theni,IMD110-P1718,1917,5.4,109.2,91.2,21.8,106.5,32.3,20.1,96.4,150.7,146.7,139.5,26.4,946.2,114.5,219.5,299.6,312.6,1718,,THENI,
Tamil Nadu,Theni,IMD110-P1718,1918,57.6,0.0,86.2,16.1,84.8,7.0,2.0,38.8,6.1,169.1,218.9,46.0,732.5,57.6,187.1,53.9,433.9,1718,,THENI,
Tamil Nadu,Theni,IMD110-P1718,1919,68.6,0.0,12.5,47.8,36.0,29.8,35.3,26.7,99.7,175.6,88.9,30.4,651.1,68.6,96.3,191.4,294.8,1718,,THENI,
Tamil Nadu,Theni,IMD110-P1718,1920,117.2,1.4,3.2,163.2,77.4,43.2,21.7,18.7,47.8,87.5,228.2,0.0,809.6,118.7,243.9,131.5,315.6,1718,,THENI,
Tamil Nadu,Theni,IMD110-P1718,1921,153.5,0.0,2.5,102.2,27.0,13.7,18.3,112.2,8.4,154.4,93.9,59.6,745.8,153.5,131.7,152.6,307.9,1718,,THENI,
Tamil Nadu,Theni,IMD110-P1718,1922,57.4,56.1,11.1,86.3,67.9,23.3,19.0,23.4,23.8,479.6,173.5,157.0,1178.6,113.5,165.3,89.5,810.2,1718,,THENI,
Tamil Nadu,Theni,IMD110-P1718,1923,43.3,26.5,129.5,42.8,52.5,21.5,28.0,32.6,7.2,138.1,143.6,91.2,757.0,69.8,224.9,89.3,373.0,1718,,THENI,
Tamil Nadu,Theni,IMD110-P1718,1924,23.0,8.8,68.0,43.7,66.9,57.1,192.6,54.7,82.8,72.5,130.3,31.1,831.5,31.8,178.6,387.2,233.9,1718,,THENI,
Tamil Nadu,Theni,IMD110-P1718,1925,4.0,13.3,53.3,26.4,32.1,28.6,10.5,35.6,40.4,95.4,242.2,164.3,746.0,17.3,111.7,115.1,501.9,1718,,THENI,
Tamil Nadu,Theni,IMD110-P1718,1926,103.1,0.0,36.6,30.1,63.8,4.3,28.2,24.0,70.7,192.0,76.7,15.4,645.1,103.1,130.6,127.3,284.1,1718,,THENI,
Tamil Nadu,Theni,IMD110-P1718,1927,18.4,11.0,39.1,93.9,83.6,56.4,39.2,20.4,93.4,144.4,138.1,34.2,772.2,29.4,216.5,209.5,316.7,1718,,THENI,
Tamil Nadu,Theni,IMD110-P1718,1928,7.9,48.4,43.8,87.7,33.7,8.8,31.1,16.7,4.8,135.3,135.2,60.0,613.4,56.3,165.2,61.4,330.5,1718,,THENI,
Tamil Nadu,Theni,IMD110-P1718,1929,31.8,74.3,39.9,165.1,49.8,31.2,39.7,16.6,140.0,108.6,112.9,48.2,857.9,106.1,254.8,227.4,269.6,1718,,THENI,
Tamil Nadu,Theni,IMD110-P1718,1930,12.6,96.3,7.2,115.3,75.1,62.8,20.2,11.9,102.5,352.1,235.6,60.8,1152.5,108.9,197.6,197.5,648.5,1718,,THENI,
Tamil Nadu,Theni,IMD110-P1718,1931,3.9,0.0,32.3,118.8,37.6,3.7,17.3,58.7,46.9,92.4,215.3,185.8,812.6,3.9,188.6,126.6,493.5,1718,,THENI,
Tamil Nadu,Theni,IMD110-P1718,1932,0.0,88.7,1.3,60.3,103.5,2.2,12.5,138.2,27.5,212.4,123.1,10.8,780.4,88.7,165.1,180.3,346.3,1718,,THENI,
Tamil Nadu,Theni,IMD110-P1718,1933,0.5,26.1,19.1,68.7,97.5,17.8,64.5,169.7,125.5,263.7,183.7,28.9,1065.6,26.6,185.3,377.5,476.2,1718,,THENI,
Tamil Nadu,Theni,IMD110-P1718,1934,138.5,0.0,41.9,64.1,42.3,36.6,14.3,3.8,2.0,289.9,71.7,7.5,712.4,138.5,148.2,56.7,369.0,1719,,THENI,
Tamil Nadu,Theni,IMD110-P1718,1935,70.2,6.4,37.6,116.9,50.0,31.6,17.0,46.9,36.3,219.0,178.8,45.8,856.6,76.6,204.5,131.8,443.6,1719,,THENI,
Tamil Nadu,Theni,IMD110-P1718,1936,0.3,75.3,117.4,9.7,65.2,32.2,23.5,22.7,117.6,183.0,325.5,53.9,1026.4,75.5,192.4,196.1,562.4,1719,,THENI,
Tamil Nadu,Theni,IMD110-P1718,1937,5.1,78.3,36.8,89.8,42.2,2.7,54.7,25.1,40.6,158.6,161.2,29.0,724.0,83.4,168.8,123.0,348.9,1719,,THENI,
Tamil Nadu,Theni,IMD110-P1718,1938,0.0,100.0,14.5,52.8,41.8,11.5,40.4,39.8,26.6,90.1,32.2,84.1,533.8,100.0,109.1,118.3,206.4,1719,,THENI,
Tamil Nadu,Theni,IMD110-P1718,1939,18.7,7.0,60.1,108.9,21.8,10.8,11.1,54.2,32.0,187.8,123.2,2.2,637.8,25.7,190.8,108.1,313.2,1719,,THENI,
Tamil Nadu,Theni,IMD110-P1718,1940,0.0,0.0,50.3,140.8,119.4,14.4,26.2,18.7,104.2,107.7,427.5,51.6,1060.8,0.0,310.5,163.6,586.8,1719,,THENI,
Tamil Nadu,Theni,IMD110-P1718,1941,59.4,0.8,1.5,120.0,57.3,8.9,12.4,13.3,110.8,104.4,144.9,50.7,684.4,60.3,178.8,145.3,300.1,1719,,THENI,
Tamil Nadu,Theni,IMD110-P1718,1942,0.0,0.0,31.5,110.0,66.1,39.0,37.8,30.9,48.2,258.3,100.9,131.1,853.8,0.0,207.7,155.9,490.3,1719,,THENI,
Tamil Nadu,Theni,IMD110-P1718,1943,154.2,32.1,9.4,106.0,65.2,16.3,39.8,11.7,85.9,229.1,54.4,5.5,809.7,186.3,180.6,153.8,289.0,1719,,THENI,
Tamil Nadu,Theni,IMD110-P1718,1944,9.0,80.1,195.9,110.3,40.4,25.9,18.7,34.5,200.8,281.5,273.0,82.1,1352.3,89.1,346.7,279.8,636.6,1719,,THENI,
Tamil Nadu,Theni,IMD110-P1718,1945,5.8,11.3,9.1,96.9,20.4,9.3,36.0,28.4,5.6,284.6,231.5,14.0,752.8,17.1,126.3,79.3,530.0,1719,,THENI,
Tamil Nadu,Theni,IMD110-P1718,1946,10.5,12.5,135.2,73.1,61.3,43.1,15.2,36.3,56.4,242.6,162.7,212.4,1061.4,23.0,269.6,151.0,617.7,1719,,THENI,
Tamil Nadu,Theni,IMD110-P1718,1947,25.5,7.4,171.0,199.5,45.9,24.1,23.2,54.2,47.5,260.7,36.2,29.4,924.7,32.9,416.4,149.1,326.3,1719,,THENI,
Tamil Nadu,Theni,IMD110-P1718,1948,60.0,8.5,31.0,31.6,29.5,40.2,19.2,55.1,24.8,149.3,230.4,19.3,699.1,68.5,92.1,139.4,399.0,1719,,THENI,
Tamil Nadu,Theni,IMD110-P1718,1949,1.5,23.0,0.0,125.7,77.1,8.8,50.3,51.6,28.3,185.0,78.7,0.0,630.0,24.5,202.8,139.0,263.6,1719,,THENI,
Tamil Nadu,Theni,IMD110-P1718,1950,0.1,57.8,62.7,28.2,49.0,32.9,33.0,54.8,18.9,257.1,64.6,38.8,697.9,57.9,139.8,139.6,360.6,1719,,THENI,
Tamil Nadu,Theni,IMD110-P1718,1951,14.2,1.8,30.1,165.6,87.2,38.8,47.8,37.7,183.2,140.7,198.4,10.9,956.3,15.9,282.9,307.5,350.0,1719,,THENI,
Tamil Nadu,Theni,IMD110-P1718,1952,1.1,69.8,17.6,72.7,33.5,9.7,13.7,17.5,40.9,93.1,129.5,93.2,592.3,70.9,123.8,81.8,315.7,1719,,THENI,
Tamil Nadu,Theni,IMD110-P1718,1953,3.6,27.1,5.3,168.7,16.0,44.8,89.8,33.0,42.9,232.7,29.5,7.4,700.9,30.7,190.1,210.4,269.6,1719,,THENI,
Tamil Nadu,Theni,IMD110-P1718,1954,51.0,10.4,114.0,70.1,58.1,11.6,36.6,39.5,5.9,163.6,30.8,54.7,646.4,61.5,242.2,93.6,249.1,1719,,THENI,
Tamil Nadu,Theni,IMD110-P1718,1955,8.5,0.4,28.3,67.3,54.3,22.9,15.9,23.9,74.5,135.2,152.5,48.2,631.9,9.0,149.9,137.2,335.9,1719,,THENI,
Tamil Nadu,Theni,IMD110-P1718,1956,15.2,0.0,0.0,30.5,0.3,53.1,18.0,29.5,21.2,190.9,203.2,25.1,587.0,15.2,30.8,121.8,419.1,1719,,THENI,
Tamil Nadu,Theni,IMD110-P1718,1957,0.1,13.1,26.4,14.0,125.0,53.5,22.4,8.9,7.7,146.7,248.8,25.8,692.3,13.1,165.4,92.4,421.3,1719,,THENI,
Tamil Nadu,Theni,IMD110-P1718,1958,7.0,12.9,71.6,69.3,83.2,8.3,28.8,75.8,135.2,170.1,183.9,6.7,852.7,19.9,224.0,248.2,360.6,1719,,THENI,
Tamil Nadu,Theni,IMD110-P1718,1959,3.1,60.8,0.4,84.3,78.8,88.8,55.2,34.4,125.2,187.0,173.7,17.2,908.8,63.9,163.4,303.5,377.9,1719,,THENI,
Tamil Nadu,Theni,IMD110-P1718,1960,0.3,7.2,79.8,106.6,86.0,9.7,130.2,42.0,38.2,230.9,205.5,5.0,941.3,7.5,272.4,220.1,441.4,1719,,THENI,
Tamil Nadu,Theni,IMD110-P1718,1961,34.6,14.2,13.3,63.2,75.2,64.1,84.7,20.0,27.4,175.9,78.9,99.5,750.9,48.8,151.6,196.1,354.3,1719,,THENI,
Tamil Nadu,Theni,IMD110-P1718,1962,18.9,76.6,23.8,50.7,46.5,15.5,29.4,34.5,54.0,139.7,44.1,30.7,564.3,95.5,121.0,133.4,214.5,1719,,THENI,
Tamil Nadu,Theni,IMD110-P1718,1963,31.5,8.5,63.6,61.9,50.1,17.5,29.9,17.3,76.7,105.0,98.5,143.6,703.9,40.0,175.6,141.3,347.0,1719,,THENI,
Tamil Nadu,Theni,IMD110-P1718,1964,1.0,0.0,64.2,24.0,48.9,24.7,122.4,70.4,40.8,236.9,132.9,22.2,788.5,1.0,137.1,258.3,392.1,1719,,THENI,
Tamil Nadu,Theni,IMD110-P1718,1965,0.0,6.6,45.4,141.1,84.5,1.3,13.1,60.5,39.8,136.9,89.4,96.9,715.6,6.6,271.1,114.7,323.1,1719,,THENI,
Tamil Nadu,Theni,IMD110-P1718,1966,42.7,0.0,25.4,73.3,17.7,26.4,50.0,13.9,98.5,174.3,162.2,93.3,777.5,42.7,116.4,188.8,429.8,1719,,THENI,
Tamil Nadu,Theni,IMD110-P1718,1967,0.0,0.6,61.7,22.7,58.9,41.1,17.6,29.4,72.5,186.3,121.3,54.6,666.7,0.6,143.3,160.7,362.1,1719,,THENI,
Tamil Nadu,Theni,IMD110-P1718,1968,14.8,15.3,81.5,83.7,48.4,7.0,44.2,7.4,65.1,72.9,73.6,78.2,592.1,30.1,213.6,123.6,224.7,1720,,THENI,
Tamil Nadu,Theni,IMD110-P1718,1969,0.0,6.0,2.2,73.7,20.5,8.1,49.0,144.6,39.1,203.0,72.9,39.6,658.8,6.0,96.5,240.8,315.5,1720,,THENI,
Tamil Nadu,Theni,IMD110-P1718,1970,2.1,32.2,22.8,125.2,73.9,8.3,14.4,28.1,53.3,213.3,116.1,8.2,698.0,34.4,221.9,104.2,337.6,1720,,THENI,
Tamil Nadu,Theni,IMD110-P1718,1971,27.4,24.1,45.0,60.0,61.8,20.6,,59.6,78.5,195.5,47.4,141.6,,51.5,166.8,,384.4,1720,missing_months,THENI,
Tamil Nadu,Theni,IMD110-P1718,1972,0.4,,0.0,20.7,120.5,11.8,31.9,12.0,117.3,172.5,135.8,44.7,,,141.3,173.0,353.0,1720,missing_months,THENI,
Tamil Nadu,Theni,IMD110-P1718,1973,0.0,0.0,32.7,47.2,92.3,42.1,46.1,37.8,76.7,202.3,73.6,192.7,843.6,0.0,172.3,202.7,468.6,1720,,THENI,
Tamil Nadu,Theni,IMD110-P1718,1974,0.0,0.0,5.9,74.6,80.5,4.7,47.7,38.2,119.0,40.1,106.5,12.4,529.4,0.0,160.9,209.6,158.9,1720,,THENI,
Tamil Nadu,Theni,IMD110-P1718,1975,2.2,2.3,24.2,39.2,35.4,25.5,104.5,42.5,183.9,22.1,54.1,6.1,542.1,4.5,98.8,356.5,82.3,1720,,THENI,
Tamil Nadu,Theni,IMD110-P1718,1976,0.0,0.0,3.2,89.3,49.9,6.4,18.3,24.6,22.4,118.5,198.8,2.5,533.7,0.0,142.3,71.6,319.8,1720,,THENI,
Tamil Nadu,Theni,IMD110-P1718,1977,0.0,29.1,21.0,103.5,122.9,7.7,19.0,47.3,121.9,407.9,181.0,1.9,1063.2,29.1,247.4,195.9,590.8,1720,,THENI,
Tamil Nadu,Theni,IMD110-P1718,1978,0.0,36.7,25.9,41.4,55.5,13.2,32.9,12.1,35.3,174.2,132.4,82.2,641.9,36.7,122.8,93.6,388.8,1720,,THENI,
Tamil Nadu,Theni,IMD110-P1718,1979,0.3,71.8,4.2,24.5,43.7,44.7,21.9,30.5,124.7,136.1,385.0,11.2,898.8,72.1,72.5,221.8,532.4,1720,,THENI,
Tamil Nadu,Theni,IMD110-P1718,1980,0.0,0.0,49.0,73.6,41.0,8.3,11.2,8.5,58.7,156.8,153.9,36.1,597.1,0.0,163.6,86.7,346.8,1720,,THENI,
Tamil Nadu,Theni,IMD110-P1718,1981,4.7,0.0,25.0,24.4,31.0,26.1,34.6,27.4,114.1,233.9,48.0,33.3,602.4,4.7,80.4,202.2,315.2,1720,,THENI,
Tamil Nadu,Theni,IMD110-P1718,1982,0.3,0.6,16.9,62.9,79.4,19.3,9.1,10.8,79.7,114.8,165.8,22.2,581.8,0.9,159.3,118.9,302.8,1720,,THENI,
Tamil Nadu,Theni,IMD110-P1718,1983,0.0,0.4,0.0,22.4,127.2,69.4,24.9,36.2,60.5,158.2,86.4,92.8,678.4,0.4,149.6,191.0,337.4,1720,,THENI,
Tamil Nadu,Theni,IMD110-P1718,1984,23.2,58.5,200.4,93.3,29.9,30.8,29.5,9.6,148.1,89.0,68.7,38.6,819.6,81.7,323.6,218.0,196.3,1720,,THENI,
Tamil Nadu,Theni,IMD110-P1718,1985,67.3,1.7,28.9,60.9,55.0,18.9,20.9,10.4,118.4,92.6,95.7,24.6,595.4,69.0,144.9,168.6,212.9,1720,,THENI,
Tamil Nadu,Theni,IMD110-P1718,1986,7.8,60.6,24.1,23.1,39.9,18.2,14.2,41.5,59.4,124.8,89.0,16.8,519.2,68.3,87.0,133.3,230.6,1720,,THENI,
Tamil Nadu,Theni,IMD110-P1718,1987,5.3,10.1,29.1,44.1,70.4,51.2,0.2,22.6,86.2,,,172.8,,15.4,143.6,160.1,,1720,missing_months,THENI,
Tamil Nadu,Theni,IMD110-P1718,1988,0.3,10.0,35.0,136.4,22.7,25.8,49.8,97.0,92.2,74.4,55.8,9.6,609.0,10.3,194.1,264.9,139.7,1720,,THENI,
Tamil Nadu,Theni,IMD110-P1718,1989,0.0,0.0,36.0,110.7,81.2,31.9,114.8,11.2,119.9,218.4,89.3,6.5,819.9,0.0,227.8,277.8,314.2,1720,,THENI,
Tamil Nadu,Theni,IMD110-P1718,1990,152.7,9.5,42.5,18.8,58.3,55.3,31.8,44.9,24.4,243.9,189.4,53.1,924.7,162.2,119.6,156.5,486.4,1720,,THENI,
Tamil Nadu,Theni,IMD110-P1718,1991,30.2,4.4,21.4,65.0,61.2,135.5,111.6,40.5,68.2,185.7,122.4,7.1,853.1,34.6,147.6,355.8,315.2,1720,,THENI,
Tamil Nadu,Theni,IMD110-P1718,1992,1.9,0.0,0.0,91.3,136.5,108.6,100.5,58.1,174.1,153.5,262.5,28.8,1115.8,1.9,227.8,441.3,444.8,1720,,THENI,
Tamil Nadu,Theni,IMD110-P1718,1993,0.0,26.1,8.1,26.1,81.0,34.8,60.8,58.7,60.3,203.1,268.7,47.0,874.7,26.1,115.3,214.6,518.8,1720,,THENI,
Tamil Nadu,Theni,IMD110-P1718,1994,25.6,20.0,12.9,85.7,72.0,46.6,72.7,51.5,117.7,249.5,149.4,0.9,904.5,45.6,170.6,288.5,399.8,1720,,THENI,
Tamil Nadu,Theni,IMD110-P1718,1995,13.5,0.5,40.5,98.4,125.4,36.8,45.8,81.1,43.6,145.6,93.1,,,14.0,264.3,207.3,,1720,missing_months,THENI,
Tamil Nadu,Theni,IMD110-P1718,1996,24.0,1.8,,115.6,18.3,68.8,80.9,62.9,104.2,195.4,47.3,95.6,,25.8,,316.7,338.2,1720,missing_months,THENI,
Tamil Nadu,Theni,IMD110-P1718,1997,4.0,0.0,1.2,54.9,76.6,42.7,60.6,42.7,83.4,272.8,292.4,73.9,1005.0,4.0,132.7,229.3,639.1,1720,,THENI,
Tamil Nadu,Theni,IMD110-P1718,1998,1.0,2.0,,56.4,59.3,69.5,113.1,115.5,52.2,89.6,232.7,205.2,,3.0,,350.3,527.5,1720,missing_months,THENI,
Tamil Nadu,Theni,IMD110-P1718,1999,,17.5,21.7,55.3,56.8,33.1,61.1,23.9,69.3,278.5,127.1,19.9,,,133.7,187.4,425.5,1720,missing_months,THENI,
Tamil Nadu,Theni,IMD110-P1718,2000,25.1,130.2,6.3,106.6,50.9,65.5,41.4,159.8,170.0,44.3,109.3,56.8,966.2,155.3,163.9,436.6,210.3,1720,,THENI,
Tamil Nadu,Theni,IMD110-P1718,2001,66.3,11.7,22.2,123.9,18.1,70.1,16.1,5.3,65.6,110.9,69.2,5.1,584.6,78.0,164.3,157.1,185.2,1720,,THENI,
Tamil Nadu,Theni,IMD110-P1718,2005,16.4,47.6,53.7,162.8,85.2,44.6,48.5,21.5,127.0,225.6,181.0,139.9,1153.7,64.0,301.7,241.6,546.5,1721,,THENI,
Tamil Nadu,Theni,IMD110-P1718,2006,15.8,0.0,98.1,49.5,64.9,17.6,6.2,24.4,70.8,190.9,170.2,0.3,708.8,15.8,212.5,119.1,361.4,1721,,THENI,
Tamil Nadu,Theni,IMD110-P1718,2007,8.6,0.4,6.4,85.3,38.1,120.2,42.0,20.5,45.8,,,,,9.1,129.8,228.4,,1721,missing_months,THENI,
Tamil Nadu,Theni,IMD110-P1718,2008,1.9,33.8,235.6,50.6,17.2,13.7,28.1,135.8,43.9,297.2,16.3,,,35.7,303.5,221.5,,1721,missing_months,THENI,
Tamil Nadu,Theni,IMD110-P1718,2009,8.8,0.0,74.7,69.8,66.2,18.0,31.2,26.3,87.8,92.0,317.9,21.0,813.7,8.8,210.7,163.3,430.9,1721,,THENI,
Tamil Nadu,Theni,IMD110-P1718,2010,4.0,0.0,6.8,67.6,55.2,49.5,80.0,32.6,124.5,183.1,352.6,60.0,1015.9,4.0,129.7,286.6,595.7,1721,,THENI,
Tamil Nadu,Thiruvallur,IMD110-P1722,1901,4.5,61.9,0.0,0.0,17.3,18.1,117.9,183.1,70.6,147.4,271.8,347.0,1239.6,66.3,17.3,389.7,766.2,1722,,THIRUVALLUR,
Tamil Nadu,Thiruvallur,IMD110-P1722,1902,4.5,0.0,0.0,0.3,8.9,26.4,67.0,147.5,157.8,469.7,287.9,180.8,1351.0,4.5,9.2,398.8,938.4,1722,,THIRUVALLUR,
Tamil Nadu,Thiruvallur,IMD110-P1722,1903,59.1,11.4,0.0,0.0,117.6,34.7,91.6,141.8,182.8,235.6,457.5,383.4,1715.5,70.6,117.6,450.9,1076.5,1722,,THIRUVALLUR,
Tamil Nadu,Thiruvallur,IMD110-P1722,1904,53.4,0.0,0.0,0.0,46.0,22.5,92.1,41.2,102.3,99.8,10.1,52.1,519.5,53.4,46.0,258.1,161.9,1722,,THIRUVALLUR,
Tamil Nadu,Thiruvallur,IMD110-P1722,1905,27.6,11.5,19.1,10.3,4.4,65.2,61.3,151.1,47.4,438.1,168.6,15.3,1019.9,39.2,33.8,325.1,621.9,1722,,THIRUVALLUR,
Tamil Nadu,Thiruvallur,IMD110-P1722,1906,191.5,7.1,8.3,0.0,6.8,20.0,90.0,162.9,104.0,74.3,166.9,353.9,1185.6,198.5,15.0,376.9,595.1,1722,,THIRUVALLUR,
Tamil Nadu,Thiruvallur,IMD110-P1722,1907,1.6,0.0,1.1,33.1,5.4,45.0,78.5,55.0,96.2,190.4,305.6,132.4,944.3,1.6,39.6,274.7,628.5,1722,,THIRUVALLUR,
Tamil Nadu,Thiruvallur,IMD110-P1722,1908,0.5,5.8,9.0,0.3,7.3,19.3,58.1,120.7,163.6,429.4,246.0,19.9,1079.8,6.3,16.5,361.7,695.3,1722,,THIRUVALLUR,
Tamil Nadu,Thiruvallur,IMD110-P1722,1909,107.0,0.0,0.0,27.8,158.4,40.3,83.9,179.4,253.9,32.9,73.3,6.9,963.8,107.0,186.3,557.5,113.1,1722,,THIRUVALLUR,
Tamil Nadu,Thiruvallur,IMD110-P1722,1910,0.9,3.5,0.0,1.1,10.1,28.8,108.8,129.0,113.9,240.3,345.5,0.0,981.9,4.4,11.2,380.5,585.8,1722,,THIRUVALLUR,
Tamil Nadu,Thiruvallur,IMD110-P1722,1911,0.3,0.0,0.0,1.8,23.9,44.6,47.7,63.3,160.0,129.7,286.4,121.8,879.6,0.3,25.8,315.6,537.9,1722,,THIRUVALLUR,
Tamil Nadu,Thiruvallur,IMD110-P1722,1912,16.1,0.0,0.0,0.0,1.6,24.4,96.1,120.6,92.3,321.3,422.4,1.9,1096.7,16.1,1.6,333.5,745.6,1722,,THIRUVALLUR,
Tamil Nadu,Thiruvallur,IMD110-P1722,1913,0.0,0.9,7.6,13.1,41.5,3.8,68.0,31.7,149.8,553.9,260.9,200.7,1331.7,0.9,62.2,253.3,1015.4,1722,,THIRUVALLUR,
Tamil Nadu,Thiruvallur,IMD110-P1722,1914,20.0,0.0,4.5,47.0,10.8,57.3,57.0,207.7,199.6,375.1,154.7,35.5,1169.2,20.0,62.4,521.6,565.3,1722,,THIRUVALLUR,
Tamil Nadu,Thiruvallur,IMD110-P1722,1915,138.2,6.4,31.4,1.4,10.7,27.6,231.2,73.7,119.2,81.5,634.7,12.1,1368.0,144.6,43.5,451.7,728.3,1722,,THIRUVALLUR,
Tamil Nadu,Thiruvallur,IMD110-P1722,1916,1.1,2.3,0.0,2.1,3.8,49.0,101.2,104.3,118.3,355.0,347.6,71.2,1155.8,3.3,5.9,372.8,773.8,1722,,THIRUVALLUR,
Tamil Nadu,Thiruvallur,IMD110-P1722,1917,9.4,0.4,0.0,4.5,62.3,117.7,97.4,174.6,148.9,359.9,231.7,172.9,1379.8,9.8,66.8,538.6,764.5,1722,,THIRUVALLUR,
Tamil Nadu,Thiruvallur,IMD110-P1722,1918,221.0,34.4,3.4,0.0,121.8,48.7,38.8,71.8,74.2,13.2,702.8,76.4,1406.5,255.4,125.2,233.5,792.4,1722,,THIRUVALLUR,
Tamil Nadu,Thiruvallur,IMD110-P1722,1919,13.2,0.0,25.9,0.0,42.6,76.3,160.7,74.3,142.4,228.9,343.6,113.3,1221.0,13.2,68.5,453.6,685.8,1722,,THIRUVALLUR,
Tamil Nadu,Thiruvallur,IMD110-P1722,1920,211.8,0.0,0.0,13.1,19.0,54.7,49.1,63.3,72.6,424.8,530.0,0.0,1438.3,211.8,32.0,239.7,954.8,1722,,THIRUVALLUR,
Tamil Nadu,Thiruvallur,IMD110-P1722,1921,121.5,0.0,0.0,40.8,4.1,34.3,175.8,166.3,124.7,537.2,125.4,32.8,1362.8,121.5,44.9,501.0,695.4,1722,,THIRUVALLUR,
Tamil Nadu,Thiruvallur,IMD110-P1722,1922,85.1,0.0,0.0,0.0,21.0,80.1,60.4,117.0,30.9,394.6,651.3,15.3,1455.8,85.1,21.0,288.4,1061.3,1722,,THIRUVALLUR,
Tamil Nadu,Thiruvallur,IMD110-P1722,1923,124.6,1.5,28.7,1.8,4.2,27.4,44.6,64.5,107.2,333.1,87.9,54.5,879.9,126.1,34.7,243.8,475.4,1722,,THIRUVALLUR,
Tamil Nadu,Thiruvallur,IMD110-P1722,1924,16.1,0.0,0.3,3.5,12.3,76.6,104.3,46.2,178.5,103.3,439.8,12.5,993.5,16.1,16.1,405.6,555.7,1722,,THIRUVALLUR,
Tamil Nadu,Thiruvallur,IMD110-P1722,1925,10.1,0.0,31.7,0.8,102.0,15.7,82.5,175.8,49.8,290.7,367.3,311.5,1438.1,10.1,134.6,323.9,969.5,1722,,THIRUVALLUR,
Tamil Nadu,Thiruvallur,IMD110-P1722,1926,72.5,0.0,5.8,21.4,8.7,44.5,86.2,123.0,92.3,139.9,221.9,40.2,856.4,72.5,35.9,345.9,402.0,1722,,THIRUVALLUR,
Tamil Nadu,Thiruvallur,IMD110-P1722,1927,6.8,4.3,0.0,3.1,18.4,50.8,46.9,98.3,125.2,103.5,314.8,41.5,813.6,11.1,21.5,321.2,459.8,1722,,THIRUVALLUR,
Tamil Nadu,Thiruvallur,IMD110-P1722,1928,10.4,35.3,24.3,9.7,4.3,37.9,64.7,143.1,138.1,294.2,134.4,74.9,971.4,45.7,38.4,383.8,503.5,1722,,THIRUVALLUR,
Tamil Nadu,Thiruvallur,IMD110-P1722,1929,38.1,47.9,1.5,35.2,28.4,40.3,58.9,70.8,173.1,150.0,279.0,87.6,1010.8,86.1,65.2,343.0,516.6,1722,,THIRUVALLUR,
Tamil Nadu,Thiruvallur,IMD110-P1722,1930,40.6,109.0,13.7,3.7,156.5,77.7,45.5,89.1,116.8,564.2,403.5,86.7,1707.0,149.6,173.9,329.1,1054.3,1722,,THIRUVALLUR,
Tamil Nadu,Thiruvallur,IMD110-P1722,1931,1.7,0.0,0.0,26.4,36.8,71.6,142.7,97.7,130.3,297.1,279.2,192.5,1275.8,1.7,63.2,442.2,768.8,1722,,THIRUVALLUR,
Tamil Nadu,Thiruvallur,IMD110-P1722,1932,0.0,25.8,0.0,21.9,31.9,57.2,36.1,83.1,120.7,194.0,313.3,55.7,939.8,25.8,53.8,297.2,563.0,1722,,THIRUVALLUR,
Tamil Nadu,Thiruvallur,IMD110-P1722,1933,0.1,0.0,83.0,9.1,11.6,33.2,61.7,95.5,44.4,209.8,107.5,354.8,1010.6,0.1,103.6,234.8,672.1,1722,,THIRUVALLUR,
Tamil Nadu,Thiruvallur,IMD110-P1722,1934,56.2,0.0,0.0,7.0,12.9,79.3,103.0,153.4,86.8,432.2,88.1,27.6,1046.4,56.2,19.9,422.5,547.8,1723,,THIRUVALLUR,
Tamil Nadu,Thiruvallur,IMD110-P1722,1935,30.9,0.0,0.9,0.6,2.6,40.4,67.2,203.9,142.4,367.1,135.4,26.8,1018.2,30.9,4.1,453.9,529.3,1723,,THIRUVALLUR,
Tamil Nadu,Thiruvallur,IMD110-P1722,1936,4.5,49.1,6.2,14.5,12.0,106.8,107.3,108.7,104.2,117.9,301.3,35.0,967.6,53.7,32.6,427.0,454.3,1723,,THIRUVALLUR,
Tamil Nadu,Thiruvallur,IMD110-P1722,1937,0.5,6.6,3.0,83.6,14.1,24.2,130.2,143.4,126.0,283.7,521.8,56.5,1393.6,7.1,100.6,423.8,862.0,1723,,THIRUVALLUR,
Tamil Nadu,Thiruvallur,IMD110-P1722,1938,0.5,26.5,14.7,0.0,28.9,66.4,51.1,96.5,238.2,120.4,4.2,11.6,659.0,27.0,43.6,452.2,136.2,1723,,THIRUVALLUR,
Tamil Nadu,Thiruvallur,IMD110-P1722,1939,13.6,0.0,20.8,123.3,10.0,48.8,40.1,45.2,137.1,198.3,324.3,17.1,978.7,13.6,154.1,271.2,539.7,1723,,THIRUVALLUR,
Tamil Nadu,Thiruvallur,IMD110-P1722,1940,0.7,0.0,13.8,18.3,97.7,84.3,49.8,73.8,122.5,171.9,452.0,70.4,1155.2,0.7,129.8,330.4,694.3,1723,,THIRUVALLUR,
Tamil Nadu,Thiruvallur,IMD110-P1722,1941,11.6,0.9,0.0,2.4,7.8,60.3,50.5,47.0,199.9,230.5,400.0,219.9,1230.8,12.6,10.2,357.7,850.3,1723,,THIRUVALLUR,
Tamil Nadu,Thiruvallur,IMD110-P1722,1942,1.3,0.0,0.0,20.1,13.9,89.0,33.9,117.5,85.5,82.0,87.0,249.8,780.0,1.3,33.9,325.9,418.8,1723,,THIRUVALLUR,
Tamil Nadu,Thiruvallur,IMD110-P1722,1943,89.1,5.3,0.0,35.2,283.4,59.4,84.9,176.4,58.6,570.1,194.9,47.3,1604.6,94.4,318.6,379.4,812.2,1723,,THIRUVALLUR,
Tamil Nadu,Thiruvallur,IMD110-P1722,1944,6.9,21.5,188.0,15.6,0.0,98.2,146.1,118.3,107.2,260.0,442.5,154.9,1559.3,28.4,203.6,469.9,857.3,1723,,THIRUVALLUR,
Tamil Nadu,Thiruvallur,IMD110-P1722,1945,8.8,0.0,0.8,81.6,8.3,37.2,156.6,94.5,133.8,73.3,296.5,2.3,893.7,8.8,90.7,422.1,372.1,1723,,THIRUVALLUR,
Tamil Nadu,Thiruvallur,IMD110-P1722,1946,18.3,0.0,15.3,1.3,23.0,74.3,63.8,97.2,126.2,183.4,527.1,739.9,1869.9,18.3,39.7,361.5,1450.4,1723,,THIRUVALLUR,
Tamil Nadu,Thiruvallur,IMD110-P1722,1947,99.1,3.5,11.1,8.7,8.5,29.3,116.4,74.5,259.3,160.3,47.3,18.6,836.6,102.6,28.3,479.5,226.2,1723,,THIRUVALLUR,
Tamil Nadu,Thiruvallur,IMD110-P1722,1948,17.9,14.7,1.6,12.3,29.2,48.3,87.4,76.7,113.1,138.0,269.7,29.0,837.8,32.6,43.1,325.4,436.7,1723,,THIRUVALLUR,
Tamil Nadu,Thiruvallur,IMD110-P1722,1949,0.0,0.0,0.0,6.8,173.6,111.8,97.6,223.1,167.2,66.7,89.1,0.9,936.9,0.0,180.4,599.7,156.8,1723,,THIRUVALLUR,
Tamil Nadu,Thiruvallur,IMD110-P1722,1950,2.3,12.3,3.7,0.0,63.5,22.8,69.1,142.0,168.4,194.2,173.9,1.8,854.1,14.6,67.3,402.4,369.9,1723,,THIRUVALLUR,
Tamil Nadu,Thiruvallur,IMD110-P1722,1951,0.2,0.0,10.2,67.2,27.7,38.2,109.4,182.1,51.9,54.0,178.5,0.5,720.0,0.2,105.1,381.7,233.0,1723,,THIRUVALLUR,
Tamil Nadu,Thiruvallur,IMD110-P1722,1952,6.4,18.5,5.0,0.0,348.8,43.3,47.3,68.4,48.8,177.9,17.2,323.2,1104.8,24.9,353.8,207.8,518.4,1723,,THIRUVALLUR,
Tamil Nadu,Thiruvallur,IMD110-P1722,1953,8.0,4.2,0.0,12.6,10.2,37.2,73.1,96.8,168.4,397.9,99.6,13.8,921.8,12.2,22.8,375.6,511.2,1723,,THIRUVALLUR,
Tamil Nadu,Thiruvallur,IMD110-P1722,1954,37.0,0.0,1.0,0.8,18.8,23.7,224.3,98.6,78.2,313.6,15.3,257.5,1068.8,37.0,20.6,424.8,586.4,1723,,THIRUVALLUR,
Tamil Nadu,Thiruvallur,IMD110-P1722,1955,64.4,4.9,0.0,26.0,174.9,33.5,119.7,179.4,123.4,165.1,179.0,119.1,1189.3,69.3,200.8,456.0,463.2,1723,,THIRUVALLUR,
Tamil Nadu,Thiruvallur,IMD110-P1722,1956,28.7,0.0,0.0,60.3,45.9,91.4,92.0,166.4,154.4,212.9,203.0,126.1,1181.1,28.7,106.1,504.3,542.0,1723,,THIRUVALLUR,
Tamil Nadu,Thiruvallur,IMD110-P1722,1957,1.2,0.2,0.8,2.3,13.1,47.6,114.3,113.7,102.4,188.7,304.9,0.4,889.7,1.4,16.3,378.0,494.0,1723,,THIRUVALLUR,
Tamil Nadu,Thiruvallur,IMD110-P1722,1958,1.8,0.0,0.0,3.6,54.9,21.3,34.0,217.7,38.4,300.1,381.4,112.4,1165.7,1.8,58.5,311.4,793.9,1723,,THIRUVALLUR,
Tamil Nadu,Thiruvallur,IMD110-P1722,1959,0.0,2.4,0.0,4.8,40.5,53.3,85.0,38.9,71.7,166.2,226.4,19.9,709.3,2.4,45.3,249.0,412.5,1723,,THIRUVALLUR,
Tamil Nadu,Thiruvallur,IMD110-P1722,1960,14.5,0.5,5.3,0.0,10.0,49.5,75.6,39.7,237.8,111.2,652.7,63.6,1260.4,15.0,15.3,402.6,827.5,1723,,THIRUVALLUR,
Tamil Nadu,Thiruvallur,IMD110-P1722,1961,30.0,13.4,0.0,0.0,21.0,79.7,141.8,237.7,115.3,164.6,174.6,4.8,982.8,43.3,21.0,574.6,344.0,1723,,THIRUVALLUR,
Tamil Nadu,Thiruvallur,IMD110-P1722,1962,3.8,0.3,0.0,11.3,139.1,105.4,95.9,162.3,143.5,420.6,84.4,52.9,1219.6,4.1,150.5,507.1,557.9,1723,,THIRUVALLUR,
Tamil Nadu,Thiruvallur,IMD110-P1722,1963,106.2,0.0,5.8,30.5,17.8,63.8,70.8,115.1,115.5,180.4,244.5,146.2,1096.5,106.2,54.0,365.2,571.1,1723,,THIRUVALLUR,
Tamil Nadu,Thiruvallur,IMD110-P1722,1964,0.0,0.0,0.0,0.0,13.2,31.2,114.2,128.5,173.9,65.5,483.2,13.4,1023.1,0.0,13.2,447.8,562.1,1723,,THIRUVALLUR,
Tamil Nadu,Thiruvallur,IMD110-P1722,1965,0.8,5.7,0.0,7.9,0.0,12.2,107.6,222.8,82.2,44.1,244.6,274.9,1002.8,6.6,7.9,424.8,563.6,1723,,THIRUVALLUR,
Tamil Nadu,Thiruvallur,IMD110-P1722,1966,10.2,0.0,0.0,4.1,66.5,69.0,95.9,170.2,238.2,270.5,470.8,104.0,1499.4,10.2,70.6,573.4,845.3,1723,,THIRUVALLUR,
Tamil Nadu,Thiruvallur,IMD110-P1722,1967,34.2,0.0,63.3,0.0,39.0,82.5,75.7,190.4,91.2,95.5,132.4,317.0,1121.3,34.2,102.3,439.8,545.0,1723,,THIRUVALLUR,
Tamil Nadu,Thiruvallur,IMD110-P1722,1968,0.0,0.0,0.7,59.6,5.5,61.5,44.0,25.2,120.2,94.3,112.3,156.8,680.2,0.0,65.8,251.0,363.5,1724,,THIRUVALLUR,
Tamil Nadu,Thiruvallur,IMD110-P1722,1969,0.0,0.0,0.0,0.0,25.5,43.3,94.9,104.2,25.2,614.9,332.6,144.1,1384.8,0.0,25.5,267.7,1091.6,1724,,THIRUVALLUR,
Tamil Nadu,Thiruvallur,IMD110-P1722,1970,0.2,9.8,2.3,1.9,13.4,85.3,315.2,158.5,109.8,114.7,377.2,2.5,1190.8,9.9,17.7,668.7,494.4,1724,,THIRUVALLUR,
Tamil Nadu,Thiruvallur,IMD110-P1722,1971,10.4,0.9,31.9,13.5,35.2,28.7,133.7,53.5,99.8,361.6,176.5,102.9,1048.6,11.3,80.6,315.7,641.0,1724,,THIRUVALLUR,
Tamil Nadu,Thiruvallur,IMD110-P1722,1972,24.0,,0.0,0.0,83.9,89.2,51.9,65.1,100.9,408.5,149.1,307.5,,,83.9,307.1,865.1,1724,missing_months,THIRUVALLUR,
Tamil Nadu,Thiruvallur,IMD110-P1722,1973,5.5,0.0,0.3,0.0,13.8,47.5,51.7,193.0,120.1,157.6,96.8,183.1,869.4,5.5,14.1,412.3,437.5,1724,,THIRUVALLUR,
Tamil Nadu,Thiruvallur,IMD110-P1722,1974,4.8,0.0,1.1,0.0,50.6,100.1,128.5,100.5,163.5,127.8,176.1,0.2,853.1,4.8,51.7,492.6,304.1,1724,,THIRUVALLUR,
Tamil Nadu,Thiruvallur,IMD110-P1722,1975,3.0,0.3,0.9,0.0,20.2,59.4,173.4,279.9,209.5,286.9,394.1,0.8,1428.5,3.3,21.2,722.2,681.8,1724,,THIRUVALLUR,
Tamil Nadu,Thiruvallur,IMD110-P1722,1976,0.3,0.0,0.0,2.4,5.6,132.6,214.1,234.3,39.2,319.6,547.7,24.3,1519.9,0.3,7.9,620.2,891.5,1724,,THIRUVALLUR,
Tamil Nadu,Thiruvallur,IMD110-P1722,1977,3.5,2.4,1.4,16.2,14.8,84.6,19.5,141.9,87.7,534.7,437.9,6.7,1351.1,5.9,32.3,333.6,979.2,1724,,THIRUVALLUR,
Tamil Nadu,Thiruvallur,IMD110-P1722,1978,2.1,12.3,0.0,22.2,7.5,32.7,124.3,83.9,181.6,119.9,232.6,472.7,1291.7,14.3,29.7,422.5,825.2,1724,,THIRUVALLUR,
Tamil Nadu,Thiruvallur,IMD110-P1722,1979,1.5,2.9,4.0,1.6,78.1,24.3,81.5,50.7,195.3,123.0,527.0,74.0,1164.0,4.4,83.8,351.8,724.1,1724,,THIRUVALLUR,
Tamil Nadu,Thiruvallur,IMD110-P1722,1980,0.0,0.0,0.0,1.4,2.1,21.4,124.6,170.1,34.6,75.1,446.4,146.9,1022.5,0.0,3.5,350.7,668.3,1724,,THIRUVALLUR,
Tamil Nadu,Thiruvallur,IMD110-P1722,1981,15.4,0.0,11.3,0.0,27.0,52.4,158.7,125.2,167.8,258.5,76.1,87.6,980.1,15.4,38.3,504.2,422.2,1724,,THIRUVALLUR,
Tamil Nadu,Thiruvallur,IMD110-P1722,1982,1.7,0.0,0.0,9.8,12.3,64.1,87.4,73.3,125.9,154.6,237.8,7.3,774.4,1.8,22.1,350.8,399.7,1724,,THIRUVALLUR,
Tamil Nadu,Thiruvallur,IMD110-P1722,1983,0.0,0.6,0.1,5.0,18.2,20.7,97.9,279.7,208.9,269.0,76.5,285.9,1262.7,0.6,23.3,607.2,631.5,1724,,THIRUVALLUR,
Tamil Nadu,Thiruvallur,IMD110-P1722,1984,24.0,218.4,2.9,7.2,0.1,39.9,178.5,33.3,235.5,105.1,408.6,116.2,1369.6,242.4,10.1,487.2,629.8,1724,,THIRUVALLUR,
Tamil Nadu,Thiruvallur,IMD110-P1722,1985,56.2,0.0,0.0,16.8,9.6,59.8,185.9,79.0,157.4,128.2,586.6,104.3,1383.8,56.2,26.4,482.0,819.1,1724,,THIRUVALLUR,
Tamil Nadu,Thiruvallur,IMD110-P1722,1986,178.2,57.3,0.0,0.1,23.5,42.3,41.4,91.8,91.9,249.9,161.8,71.7,1010.1,235.6,23.6,267.5,483.4,1724,,THIRUVALLUR,
Tamil Nadu,Thiruvallur,IMD110-P1722,1987,1.0,0.0,28.2,16.2,10.7,70.2,46.6,127.8,76.6,147.8,168.5,236.6,930.1,1.0,55.1,321.1,552.9,1724,,THIRUVALLUR,
Tamil Nadu,Thiruvallur,IMD110-P1722,1988,0.0,0.3,0.4,23.5,36.6,21.0,138.0,208.9,197.0,81.8,325.6,139.9,1173.0,0.3,60.5,565.0,547.3,1724,,THIRUVALLUR,
Tamil Nadu,Thiruvallur,IMD110-P1722,1989,4.8,0.0,1.1,0.0,5.9,67.6,177.4,44.0,124.7,91.3,354.0,114.6,985.4,4.8,7.0,413.7,559.9,1724,,THIRUVALLUR,
Tamil Nadu,Thiruvallur,IMD110-P1722,1990,13.2,43.4,14.5,12.5,268.3,43.1,90.6,102.4,226.2,338.8,285.1,49.3,1487.3,56.7,295.3,462.2,673.2,1724,,THIRUVALLUR,
Tamil Nadu,Thiruvallur,IMD110-P1722,1991,14.9,0.1,0.0,1.5,5.6,259.6,63.8,83.1,159.7,281.7,521.8,1.6,1393.5,14.9,7.1,566.3,805.1,1724,,THIRUVALLUR,
Tamil Nadu,Thiruvallur,IMD110-P1722,1992,10.2,0.0,0.0,16.5,36.3,4.2,52.4,108.3,136.8,122.5,282.1,81.1,850.4,10.2,52.9,301.7,485.7,1724,,THIRUVALLUR,
Tamil Nadu,Thiruvallur,IMD110-P1722,1993,0.0,4.0,1.2,1.7,25.2,32.6,77.5,152.3,110.5,208.1,347.9,159.8,1120.8,4.0,28.1,373.0,715.8,1724,,THIRUVALLUR,
Tamil Nadu,Thiruvallur,IMD110-P1722,1994,0.3,12.6,0.0,0.0,37.1,17.7,95.7,129.5,69.6,279.0,388.4,168.8,1198.7,12.9,37.1,312.5,836.2,1724,,THIRUVALLUR,
Tamil Nadu,Thiruvallur,IMD110-P1722,1995,79.1,0.0,12.9,0.1,216.5,54.7,96.0,209.8,134.5,228.5,163.1,0.8,1196.0,79.1,229.5,494.9,392.5,1724,,THIRUVALLUR,
Tamil Nadu,Thiruvallur,IMD110-P1722,1996,0.0,0.0,0.0,36.5,8.5,428.0,55.1,113.6,171.6,228.3,245.5,364.1,1651.3,0.0,45.0,768.4,838.0,1724,,THIRUVALLUR,
Tamil Nadu,Thiruvallur,IMD110-P1722,1997,8.3,0.0,0.0,9.0,12.8,62.8,48.5,69.3,217.6,112.3,489.8,285.3,1315.8,8.3,21.7,398.3,887.4,1724,,THIRUVALLUR,
Tamil Nadu,Thiruvallur,IMD110-P1722,1998,4.2,73.0,0.0,21.9,7.3,39.7,101.4,114.8,125.6,169.5,329.2,127.8,1114.3,77.2,29.1,381.6,626.5,1724,,THIRUVALLUR,
Tamil Nadu,Thiruvallur,IMD110-P1722,1999,13.3,0.0,0.0,31.3,51.3,46.6,63.3,122.3,72.3,207.0,197.4,47.8,852.5,13.3,82.7,304.4,452.1,1724,,THIRUVALLUR,
Tamil Nadu,Thiruvallur,IMD110-P1722,2000,0.0,175.4,0.0,16.8,36.1,72.0,63.7,110.0,74.3,142.3,79.6,82.4,852.5,175.4,52.9,320.0,304.2,1724,,THIRUVALLUR,
Tamil Nadu,Thiruvallur,IMD110-P1722,2001,8.2,0.0,0.0,105.0,33.5,45.3,12.5,7.3,18.3,24.3,35.9,18.3,308.6,8.2,138.6,83.3,78.5,1724,,THIRUVALLUR,
Tamil Nadu,Thiruvallur,IMD110-P1722,2002,7.0,0.4,0.5,0.8,52.5,17.7,78.0,26.5,164.5,186.5,,,,7.4,53.8,286.7,,1725,missing_months,THIRUVALLUR,
Tamil Nadu,Thiruvallur,IMD110-P1722,2003,0.0,0.0,97.5,62.2,1.5,71.0,148.0,37.0,87.5,105.0,20.0,28.5,658.2,0.0,161.2,343.5,153.5,1725,,THIRUVALLUR,
Tamil Nadu,Thiruvallur,IMD110-P1722,2004,,,,36.0,289.0,19.0,123.0,15.0,276.0,,,,,,,433.0,,1725,missing_months,THIRUVALLUR,
Tamil Nadu,Thiruvallur,IMD110-P1722,2005,0.2,2.6,6.3,60.6,19.1,8.2,87.9,89.5,177.8,490.7,388.1,307.9,1638.9,2.8,85.9,363.4,1186.7,1725,,THIRUVALLUR,
Tamil Nadu,Thiruvallur,IMD110-P1722,2006,1.7,0.0,14.8,18.5,26.9,70.2,46.2,107.5,153.4,320.1,163.0,45.5,967.9,1.7,60.3,377.4,528.6,1725,,THIRUVALLUR,
Tamil Nadu,Thiruvallur,IMD110-P1722,2007,1.4,1.8,0.0,22.1,34.6,71.9,180.6,206.7,151.8,243.4,109.1,,,3.2,56.7,611.0,,1725,missing_months,THIRUVALLUR,
Tamil Nadu,Thiruvallur,IMD110-P1722,2008,68.3,11.5,,,,,,,,,,,,79.8,,,,1725,missing_months,THIRUVALLUR,
Tamil Nadu,Thiruvallur,IMD110-P1722,2009,11.7,0.0,,0.0,,,69.5,128.1,94.1,63.8,362.8,145.5,,11.7,,,572.1,1725,missing_months,THIRUVALLUR,
Tamil Nadu,Thiruvallur,IMD110-P1722,2010,1.8,0.0,0.0,0.0,103.3,87.9,228.0,223.3,139.9,125.3,228.4,164.3,1302.1,1.8,103.3,679.0,518.1,1725,,THIRUVALLUR,
Tamil Nadu,Tiruvannamalai,IMD110-P1726,1901,29.0,88.1,0.0,0.8,92.9,33.9,48.0,77.6,199.9,88.0,246.4,151.3,1055.8,117.1,93.7,359.4,485.7,1726,,TIRUVANNAMALAI,
Tamil Nadu,Tiruvannamalai,IMD110-P1726,1902,28.8,2.9,12.6,6.8,49.3,32.6,56.8,206.8,152.7,214.6,171.3,112.2,1047.5,31.7,68.7,448.9,498.1,1726,,TIRUVANNAMALAI,
Tamil Nadu,Tiruvannamalai,IMD110-P1726,1903,32.4,8.9,0.0,0.0,144.6,87.3,78.1,178.8,350.3,149.8,320.7,425.6,1776.4,41.3,144.6,694.4,896.1,1726,,TIRUVANNAMALAI,
Tamil Nadu,Tiruvannamalai,IMD110-P1726,1904,20.4,0.0,0.0,3.3,122.9,9.0,128.1,55.0,155.2,219.2,15.1,23.1,751.2,20.4,126.1,347.3,257.4,1726,,TIRUVANNAMALAI,
Tamil Nadu,Tiruvannamalai,IMD110-P1726,1905,8.5,9.4,27.3,32.4,65.1,62.0,71.8,229.8,97.8,370.9,114.2,2.2,1091.2,17.9,124.7,461.4,487.3,1726,,TIRUVANNAMALAI,
Tamil Nadu,Tiruvannamalai,IMD110-P1726,1906,67.8,12.9,25.8,0.0,10.4,60.0,158.9,313.4,73.4,102.1,131.7,111.3,1067.5,80.7,36.2,605.5,345.1,1726,,TIRUVANNAMALAI,
Tamil Nadu,Tiruvannamalai,IMD110-P1726,1907,0.1,0.0,32.8,94.5,35.3,33.1,82.2,93.5,232.2,91.9,203.9,64.3,963.6,0.1,162.5,441.0,360.0,1726,,TIRUVANNAMALAI,
Tamil Nadu,Tiruvannamalai,IMD110-P1726,1908,2.3,30.6,7.4,6.5,39.2,33.5,41.8,48.9,352.1,242.5,35.7,10.9,851.5,32.9,53.1,476.4,289.1,1726,,TIRUVANNAMALAI,
Tamil Nadu,Tiruvannamalai,IMD110-P1726,1909,159.5,0.1,0.0,40.6,137.1,58.2,48.6,386.5,218.9,109.8,13.9,15.4,1188.5,159.6,177.6,712.2,139.1,1726,,TIRUVANNAMALAI,
Tamil Nadu,Tiruvannamalai,IMD110-P1726,1910,1.2,7.6,0.0,16.4,90.0,56.8,226.4,221.4,73.2,398.3,105.9,0.0,1197.2,8.8,106.4,577.8,504.2,1726,,TIRUVANNAMALAI,
Tamil Nadu,Tiruvannamalai,IMD110-P1726,1911,0.2,0.0,0.8,21.0,59.5,46.6,67.1,74.8,296.0,150.2,192.5,142.8,1051.4,0.2,81.3,484.5,485.5,1726,,TIRUVANNAMALAI,
Tamil Nadu,Tiruvannamalai,IMD110-P1726,1912,2.4,1.1,0.0,0.0,34.6,15.0,36.2,192.6,178.1,282.3,377.5,4.6,1124.5,3.6,34.6,421.9,664.4,1726,,TIRUVANNAMALAI,
Tamil Nadu,Tiruvannamalai,IMD110-P1726,1913,0.0,0.0,0.0,5.1,72.4,26.9,22.3,147.0,175.2,214.5,135.6,121.4,920.3,0.0,77.4,371.4,471.4,1726,,TIRUVANNAMALAI,
Tamil Nadu,Tiruvannamalai,IMD110-P1726,1914,7.8,0.0,1.0,31.0,63.5,24.9,32.5,153.6,300.8,210.5,219.2,93.4,1138.2,7.8,95.6,511.8,523.1,1726,,TIRUVANNAMALAI,
Tamil Nadu,Tiruvannamalai,IMD110-P1726,1915,70.4,6.5,71.7,23.3,21.5,23.9,244.7,114.8,168.2,69.4,312.1,33.4,1160.0,77.0,116.5,551.7,414.8,1726,,TIRUVANNAMALAI,
Tamil Nadu,Tiruvannamalai,IMD110-P1726,1916,0.4,3.5,0.0,1.7,9.3,26.6,185.5,203.7,155.3,208.6,263.8,53.7,1112.2,3.9,11.0,571.1,526.1,1726,,TIRUVANNAMALAI,
Tamil Nadu,Tiruvannamalai,IMD110-P1726,1917,4.3,17.4,0.0,0.6,67.1,87.4,61.3,238.8,141.4,112.7,98.6,19.2,848.9,21.7,67.7,529.0,230.5,1726,,TIRUVANNAMALAI,
Tamil Nadu,Tiruvannamalai,IMD110-P1726,1918,103.5,9.7,4.3,1.0,96.0,62.4,90.0,109.2,98.9,41.0,281.8,69.3,967.1,113.1,101.4,360.5,392.0,1726,,TIRUVANNAMALAI,
Tamil Nadu,Tiruvannamalai,IMD110-P1726,1919,10.7,0.0,14.3,7.2,109.0,60.5,188.6,78.4,208.4,155.7,321.9,105.5,1260.2,10.7,130.4,535.9,583.1,1726,,TIRUVANNAMALAI,
Tamil Nadu,Tiruvannamalai,IMD110-P1726,1920,155.0,0.0,0.0,28.8,50.8,18.2,61.1,114.9,194.9,175.2,320.6,0.0,1119.4,155.0,79.6,389.0,495.8,1726,,TIRUVANNAMALAI,
Tamil Nadu,Tiruvannamalai,IMD110-P1726,1921,207.4,0.0,0.0,46.0,50.3,60.6,200.4,201.0,137.2,165.0,45.0,16.4,1129.5,207.4,96.4,599.3,226.5,1726,,TIRUVANNAMALAI,
Tamil Nadu,Tiruvannamalai,IMD110-P1726,1922,43.4,0.0,0.0,12.3,124.2,76.9,78.1,142.2,55.3,232.4,371.5,26.1,1162.4,43.4,136.5,352.5,630.0,1726,,TIRUVANNAMALAI,
Tamil Nadu,Tiruvannamalai,IMD110-P1726,1923,126.5,0.0,22.5,14.6,16.8,30.4,24.0,14.9,180.4,188.4,41.8,38.4,698.7,126.5,53.8,249.7,268.7,1726,,TIRUVANNAMALAI,
Tamil Nadu,Tiruvannamalai,IMD110-P1726,1924,36.1,0.8,8.9,15.8,60.5,54.9,74.0,105.8,276.7,132.6,156.0,7.8,929.8,36.9,85.2,511.4,296.3,1726,,TIRUVANNAMALAI,
Tamil Nadu,Tiruvannamalai,IMD110-P1726,1925,10.6,0.0,38.4,4.3,115.1,43.9,47.9,199.4,88.0,141.9,190.1,142.1,1021.6,10.6,157.8,379.1,474.1,1726,,TIRUVANNAMALAI,
Tamil Nadu,Tiruvannamalai,IMD110-P1726,1926,82.8,0.0,37.4,18.6,18.2,41.9,71.0,99.3,138.7,167.5,118.7,22.0,815.9,82.8,74.1,350.8,308.2,1726,,TIRUVANNAMALAI,
Tamil Nadu,Tiruvannamalai,IMD110-P1726,1927,10.7,12.2,0.0,22.5,58.2,158.7,90.7,79.9,262.6,73.7,199.4,30.4,999.0,23.0,80.6,591.9,303.5,1726,,TIRUVANNAMALAI,
Tamil Nadu,Tiruvannamalai,IMD110-P1726,1928,6.1,34.7,29.9,36.6,32.2,68.4,67.7,202.8,188.0,285.2,78.5,80.2,1110.2,40.8,98.6,526.9,443.8,1726,,TIRUVANNAMALAI,
Tamil Nadu,Tiruvannamalai,IMD110-P1726,1929,29.1,7.2,0.0,50.7,24.7,112.0,54.9,111.0,141.6,119.4,246.6,87.5,984.5,36.2,75.4,419.4,453.5,1726,,TIRUVANNAMALAI,
Tamil Nadu,Tiruvannamalai,IMD110-P1726,1930,53.8,135.5,35.1,12.3,194.5,129.4,47.5,97.4,109.8,464.7,239.8,28.7,1548.5,189.3,241.9,384.1,733.2,1726,,TIRUVANNAMALAI,
Tamil Nadu,Tiruvannamalai,IMD110-P1726,1931,2.0,0.0,2.4,25.4,49.6,67.6,166.2,97.2,195.5,152.3,271.8,214.2,1244.1,2.0,77.3,526.6,638.2,1726,,TIRUVANNAMALAI,
Tamil Nadu,Tiruvannamalai,IMD110-P1726,1932,0.0,38.9,0.0,50.6,57.2,49.1,59.3,121.6,79.7,212.5,301.8,35.0,1005.8,38.9,107.8,309.7,549.3,1726,,TIRUVANNAMALAI,
Tamil Nadu,Tiruvannamalai,IMD110-P1726,1933,7.6,0.0,77.5,22.9,71.4,15.5,61.9,138.6,142.0,155.1,59.1,167.8,919.5,7.6,171.8,358.0,382.1,1726,,TIRUVANNAMALAI,
Tamil Nadu,Tiruvannamalai,IMD110-P1726,1934,67.3,0.0,0.0,12.8,25.4,85.2,95.4,115.8,128.6,357.5,98.7,7.0,993.5,67.3,38.2,424.9,463.2,1727,,TIRUVANNAMALAI,
Tamil Nadu,Tiruvannamalai,IMD110-P1726,1935,37.5,0.0,3.9,11.8,22.4,56.4,20.6,297.1,162.7,310.1,127.2,66.3,1115.9,37.5,38.1,536.8,503.5,1727,,TIRUVANNAMALAI,
Tamil Nadu,Tiruvannamalai,IMD110-P1726,1936,1.0,52.8,49.1,24.5,43.0,56.0,106.6,57.3,174.5,123.0,281.3,39.8,1008.9,53.8,116.6,394.4,444.0,1727,,TIRUVANNAMALAI,
Tamil Nadu,Tiruvannamalai,IMD110-P1726,1937,7.9,0.0,26.7,53.9,50.5,49.5,49.8,187.5,167.1,195.3,392.7,67.9,1248.6,7.9,131.1,453.9,655.8,1727,,TIRUVANNAMALAI,
Tamil Nadu,Tiruvannamalai,IMD110-P1726,1938,0.0,21.0,7.0,4.6,82.1,84.1,137.2,202.3,183.8,58.6,11.8,6.2,798.6,21.0,93.7,607.3,76.6,1727,,TIRUVANNAMALAI,
Tamil Nadu,Tiruvannamalai,IMD110-P1726,1939,21.4,0.0,25.3,134.5,33.1,33.5,19.4,54.4,117.1,222.0,224.2,3.9,888.8,21.4,192.9,224.4,450.1,1727,,TIRUVANNAMALAI,
Tamil Nadu,Tiruvannamalai,IMD110-P1726,1940,0.1,0.0,10.9,47.4,116.0,104.3,45.5,88.4,155.4,164.1,303.1,57.8,1093.0,0.1,174.3,393.6,525.0,1727,,TIRUVANNAMALAI,
Tamil Nadu,Tiruvannamalai,IMD110-P1726,1941,43.6,0.3,0.0,16.7,57.0,11.4,32.7,67.0,222.6,131.1,170.7,147.8,900.8,43.9,73.6,333.6,449.6,1727,,TIRUVANNAMALAI,
Tamil Nadu,Tiruvannamalai,IMD110-P1726,1942,0.0,0.0,0.0,36.9,43.0,54.1,52.5,179.4,227.2,135.3,60.9,114.3,903.5,0.0,79.9,513.2,310.5,1727,,TIRUVANNAMALAI,
Tamil Nadu,Tiruvannamalai,IMD110-P1726,1943,86.1,23.8,0.0,38.5,385.3,16.1,53.4,131.7,131.5,314.7,77.6,16.9,1275.6,109.9,423.8,332.6,409.2,1727,,TIRUVANNAMALAI,
Tamil Nadu,Tiruvannamalai,IMD110-P1726,1944,14.2,22.4,91.0,10.4,10.4,112.7,135.0,155.9,93.7,116.7,221.5,132.9,1116.8,36.6,111.8,497.3,471.1,1727,,TIRUVANNAMALAI,
Tamil Nadu,Tiruvannamalai,IMD110-P1726,1945,1.4,0.0,0.0,67.3,47.4,17.0,129.7,214.3,123.3,114.1,142.3,2.8,859.7,1.4,114.7,484.3,259.2,1727,,TIRUVANNAMALAI,
Tamil Nadu,Tiruvannamalai,IMD110-P1726,1946,51.7,0.0,5.6,15.3,77.5,52.7,74.8,99.0,230.1,151.2,260.7,418.4,1437.0,51.7,98.4,456.6,830.3,1727,,TIRUVANNAMALAI,
Tamil Nadu,Tiruvannamalai,IMD110-P1726,1947,66.0,10.1,13.3,26.1,35.8,27.7,88.6,92.5,218.4,144.3,61.3,22.4,806.4,76.1,75.2,427.2,228.0,1727,,TIRUVANNAMALAI,
Tamil Nadu,Tiruvannamalai,IMD110-P1726,1948,72.4,19.6,4.7,15.3,54.1,35.9,89.3,64.6,107.5,158.4,246.4,42.8,911.1,91.9,74.1,297.4,447.6,1727,,TIRUVANNAMALAI,
Tamil Nadu,Tiruvannamalai,IMD110-P1726,1949,0.0,0.0,0.0,22.3,57.4,164.0,171.0,185.7,144.3,158.7,78.5,0.0,981.9,0.0,79.7,665.0,237.2,1727,,TIRUVANNAMALAI,
Tamil Nadu,Tiruvannamalai,IMD110-P1726,1950,3.3,36.5,7.6,0.6,52.5,11.0,40.0,96.1,115.8,148.9,61.8,11.1,585.1,39.8,60.7,262.8,221.8,1727,,TIRUVANNAMALAI,
Tamil Nadu,Tiruvannamalai,IMD110-P1726,1951,0.3,0.0,33.4,107.0,57.2,23.7,142.1,174.0,133.6,87.4,132.7,0.0,891.3,0.3,197.6,473.4,220.1,1727,,TIRUVANNAMALAI,
Tamil Nadu,Tiruvannamalai,IMD110-P1726,1952,3.1,68.9,1.8,2.3,85.7,28.6,51.9,144.6,16.4,177.6,60.8,304.4,946.0,71.9,89.8,241.4,542.8,1727,,TIRUVANNAMALAI,
Tamil Nadu,Tiruvannamalai,IMD110-P1726,1953,6.3,11.5,0.0,64.6,25.6,83.8,74.8,139.1,165.7,337.7,42.9,9.3,961.4,17.8,90.2,463.4,390.0,1727,,TIRUVANNAMALAI,
Tamil Nadu,Tiruvannamalai,IMD110-P1726,1954,53.1,0.0,38.9,6.4,49.1,29.7,231.6,122.8,39.3,303.7,4.9,130.3,1009.7,53.1,94.5,423.3,438.9,1727,,TIRUVANNAMALAI,
Tamil Nadu,Tiruvannamalai,IMD110-P1726,1955,109.4,1.8,0.9,17.8,178.7,36.4,253.7,239.5,192.7,244.6,76.2,85.4,1437.1,111.2,197.4,722.3,406.3,1727,,TIRUVANNAMALAI,
Tamil Nadu,Tiruvannamalai,IMD110-P1726,1956,15.7,0.0,0.0,13.4,69.9,144.6,61.4,192.7,206.5,298.1,204.7,51.4,1258.4,15.7,83.3,605.1,554.2,1727,,TIRUVANNAMALAI,
Tamil Nadu,Tiruvannamalai,IMD110-P1726,1957,0.0,16.4,7.4,0.9,56.7,104.7,50.2,149.5,112.9,179.3,162.2,4.2,844.4,16.4,65.0,417.3,345.7,1727,,TIRUVANNAMALAI,
Tamil Nadu,Tiruvannamalai,IMD110-P1726,1958,13.1,0.2,15.0,23.4,92.4,45.2,15.0,151.1,86.1,281.1,129.0,21.5,873.1,13.3,130.8,297.4,431.6,1727,,TIRUVANNAMALAI,
Tamil Nadu,Tiruvannamalai,IMD110-P1726,1959,1.0,46.5,0.0,44.7,53.9,50.4,18.1,72.9,129.2,223.3,241.5,35.8,917.2,47.5,98.6,270.6,500.5,1727,,TIRUVANNAMALAI,
Tamil Nadu,Tiruvannamalai,IMD110-P1726,1960,5.6,0.0,26.9,8.7,32.0,44.8,187.9,81.3,261.2,153.3,426.9,29.5,1258.3,5.6,67.6,575.3,609.8,1727,,TIRUVANNAMALAI,
Tamil Nadu,Tiruvannamalai,IMD110-P1726,1961,45.6,9.3,0.0,0.0,74.9,63.7,102.4,213.2,311.3,163.7,71.2,10.1,1065.3,54.9,74.9,690.5,245.0,1727,,TIRUVANNAMALAI,
Tamil Nadu,Tiruvannamalai,IMD110-P1726,1962,11.4,19.9,16.8,14.9,172.6,71.7,21.3,242.9,157.5,248.9,43.4,60.2,1081.5,31.3,204.3,493.4,352.5,1727,,TIRUVANNAMALAI,
Tamil Nadu,Tiruvannamalai,IMD110-P1726,1963,46.8,2.2,17.5,47.7,74.6,72.8,188.9,172.2,197.9,227.9,130.5,99.0,1277.7,49.0,139.7,631.8,457.3,1727,,TIRUVANNAMALAI,
Tamil Nadu,Tiruvannamalai,IMD110-P1726,1964,0.0,0.0,0.0,0.0,62.2,23.7,224.3,100.0,144.5,329.6,203.7,42.5,1130.5,0.0,62.2,492.5,575.8,1727,,TIRUVANNAMALAI,
Tamil Nadu,Tiruvannamalai,IMD110-P1726,1965,0.0,0.0,0.0,32.3,10.4,60.3,36.5,485.3,173.0,80.3,97.1,201.2,1176.4,0.0,42.7,755.1,378.7,1727,,TIRUVANNAMALAI,
Tamil Nadu,Tiruvannamalai,IMD110-P1726,1966,30.6,0.0,0.7,21.4,81.7,43.6,69.2,191.2,139.8,341.1,450.7,119.3,1489.3,30.6,103.8,443.8,911.0,1727,,TIRUVANNAMALAI,
Tamil Nadu,Tiruvannamalai,IMD110-P1726,1967,46.8,6.3,55.5,0.8,57.8,55.2,97.1,93.9,113.5,119.2,118.8,207.2,972.2,53.2,114.2,359.7,445.2,1727,,TIRUVANNAMALAI,
Tamil Nadu,Tiruvannamalai,IMD110-P1726,1968,1.3,0.1,22.7,70.3,31.9,92.3,26.5,62.1,145.2,121.0,78.0,58.5,709.8,1.5,124.9,326.0,257.5,1728,,TIRUVANNAMALAI,
Tamil Nadu,Tiruvannamalai,IMD110-P1726,1969,0.0,3.1,0.0,1.5,91.9,30.8,108.1,242.8,25.6,444.5,256.6,84.0,1288.8,3.1,93.3,407.3,785.1,1728,,TIRUVANNAMALAI,
Tamil Nadu,Tiruvannamalai,IMD110-P1726,1970,0.7,20.3,0.5,17.9,55.3,126.4,118.6,179.6,248.1,154.6,187.0,4.3,1113.2,20.9,73.8,672.7,345.8,1728,,TIRUVANNAMALAI,
Tamil Nadu,Tiruvannamalai,IMD110-P1726,1971,15.5,19.2,41.0,55.3,68.3,19.2,187.2,165.3,90.4,260.8,78.9,191.1,1192.2,34.7,164.7,462.0,530.8,1728,,TIRUVANNAMALAI,
Tamil Nadu,Tiruvannamalai,IMD110-P1726,1972,8.6,,0.0,0.4,112.8,117.6,47.6,82.1,220.9,220.1,113.1,342.9,,,113.3,468.2,676.0,1728,missing_months,TIRUVANNAMALAI,
Tamil Nadu,Tiruvannamalai,IMD110-P1726,1973,0.0,0.0,0.1,0.7,64.8,73.9,120.2,138.9,245.8,219.7,48.9,104.3,1017.2,0.0,65.6,578.7,372.9,1728,,TIRUVANNAMALAI,
Tamil Nadu,Tiruvannamalai,IMD110-P1726,1974,0.5,1.0,2.8,2.6,66.4,71.3,124.9,62.0,254.6,246.6,20.1,5.4,858.2,1.5,71.8,512.7,272.1,1728,,TIRUVANNAMALAI,
Tamil Nadu,Tiruvannamalai,IMD110-P1726,1975,13.2,0.0,8.8,0.0,98.2,37.7,217.2,156.0,141.1,193.5,136.5,7.7,1009.8,13.2,106.9,552.1,337.7,1728,,TIRUVANNAMALAI,
Tamil Nadu,Tiruvannamalai,IMD110-P1726,1976,1.5,0.0,0.0,13.6,71.5,54.8,104.8,283.4,101.5,184.0,263.2,37.9,1116.2,1.5,85.0,544.6,485.1,1728,,TIRUVANNAMALAI,
Tamil Nadu,Tiruvannamalai,IMD110-P1726,1977,1.9,6.3,1.3,41.0,58.3,118.7,47.8,259.4,136.4,290.2,430.3,2.5,1394.0,8.2,100.6,562.4,722.9,1728,,TIRUVANNAMALAI,
Tamil Nadu,Tiruvannamalai,IMD110-P1726,1978,1.8,23.9,0.2,44.3,26.2,15.1,47.7,54.2,315.2,141.9,179.4,227.8,1077.9,25.7,70.7,432.3,549.2,1728,,TIRUVANNAMALAI,
Tamil Nadu,Tiruvannamalai,IMD110-P1726,1979,1.4,23.2,1.7,5.2,41.6,63.7,82.8,62.8,235.5,72.8,471.8,25.8,1088.4,24.6,48.6,444.8,570.5,1728,,TIRUVANNAMALAI,
Tamil Nadu,Tiruvannamalai,IMD110-P1726,1980,0.0,0.0,3.6,17.6,74.3,12.8,116.4,164.6,53.4,82.6,177.8,68.3,771.6,0.0,95.5,347.3,328.8,1728,,TIRUVANNAMALAI,
Tamil Nadu,Tiruvannamalai,IMD110-P1726,1981,4.4,0.0,20.2,14.2,83.0,31.5,120.5,165.8,164.1,308.9,86.7,66.8,1066.2,4.4,117.5,481.8,462.5,1728,,TIRUVANNAMALAI,
Tamil Nadu,Tiruvannamalai,IMD110-P1726,1982,0.0,0.0,2.5,9.1,74.8,34.8,73.9,68.7,143.8,93.4,195.4,2.7,699.0,0.0,86.4,321.2,291.5,1728,,TIRUVANNAMALAI,
Tamil Nadu,Tiruvannamalai,IMD110-P1726,1983,0.2,0.0,2.2,3.6,96.2,91.7,112.8,309.5,346.7,124.8,38.8,281.9,1408.5,0.2,101.9,860.8,445.5,1728,,TIRUVANNAMALAI,
Tamil Nadu,Tiruvannamalai,IMD110-P1726,1984,14.2,163.3,91.1,17.0,5.9,11.0,286.3,21.3,169.7,161.1,122.5,44.1,1107.3,177.4,114.1,488.2,327.6,1728,,TIRUVANNAMALAI,
Tamil Nadu,Tiruvannamalai,IMD110-P1726,1985,68.5,0.0,2.4,11.1,18.1,91.1,163.9,202.6,191.0,118.1,298.3,33.9,1199.1,68.5,31.7,648.6,450.3,1728,,TIRUVANNAMALAI,
Tamil Nadu,Tiruvannamalai,IMD110-P1726,1986,81.2,33.6,2.2,1.3,57.5,53.8,47.3,99.4,189.3,119.7,111.2,18.8,815.4,114.8,61.0,389.9,249.6,1728,,TIRUVANNAMALAI,
Tamil Nadu,Tiruvannamalai,IMD110-P1726,1987,6.7,0.7,42.6,17.7,48.7,108.1,36.9,152.6,203.9,,,185.4,,7.4,108.9,501.5,,1728,missing_months,TIRUVANNAMALAI,
Tamil Nadu,Tiruvannamalai,IMD110-P1726,1988,0.0,0.0,23.6,74.5,55.5,18.1,111.3,190.7,162.6,65.0,63.9,64.9,830.0,0.0,153.6,482.7,193.7,1728,,TIRUVANNAMALAI,
Tamil Nadu,Tiruvannamalai,IMD110-P1726,1989,0.2,0.0,9.6,1.8,52.7,48.4,194.9,17.6,117.4,96.8,147.2,40.2,726.7,0.2,64.1,378.3,284.2,1728,,TIRUVANNAMALAI,
Tamil Nadu,Tiruvannamalai,IMD110-P1726,1990,68.3,18.3,38.3,15.2,88.7,13.2,31.5,107.1,184.5,108.7,141.6,49.6,864.9,86.6,142.2,336.2,299.9,1728,,TIRUVANNAMALAI,
Tamil Nadu,Tiruvannamalai,IMD110-P1726,1991,5.0,0.4,0.0,10.9,8.7,132.8,13.7,112.5,142.1,258.6,377.5,18.0,1080.1,5.4,19.6,401.1,654.1,1728,,TIRUVANNAMALAI,
Tamil Nadu,Tiruvannamalai,IMD110-P1726,1992,6.1,0.0,0.0,6.6,26.3,34.0,74.2,50.8,128.4,159.6,320.6,17.0,823.5,6.1,32.9,287.4,497.2,1728,,TIRUVANNAMALAI,
Tamil Nadu,Tiruvannamalai,IMD110-P1726,1993,0.0,1.3,0.9,0.0,41.6,56.8,47.8,91.4,147.7,164.9,232.3,144.2,928.8,1.3,42.5,343.7,541.3,1728,,TIRUVANNAMALAI,
Tamil Nadu,Tiruvannamalai,IMD110-P1726,1994,0.0,1.7,0.0,5.4,75.2,22.7,82.0,173.9,117.0,217.4,313.6,18.9,1027.7,1.7,80.6,395.6,549.8,1728,,TIRUVANNAMALAI,
Tamil Nadu,Tiruvannamalai,IMD110-P1726,1995,24.5,0.4,16.8,3.2,230.5,119.1,107.3,168.6,159.4,120.0,44.0,0.2,994.1,24.9,250.4,554.5,164.2,1728,,TIRUVANNAMALAI,
Tamil Nadu,Tiruvannamalai,IMD110-P1726,1996,0.0,0.0,,55.0,38.8,231.3,50.8,178.0,334.3,167.1,118.6,429.5,,0.0,,794.3,715.3,1728,missing_months,TIRUVANNAMALAI,
Tamil Nadu,Tiruvannamalai,IMD110-P1726,1997,4.8,0.0,0.0,21.8,57.5,86.3,78.0,106.9,145.2,88.0,82.6,133.4,804.5,4.8,79.3,416.3,304.1,1728,,TIRUVANNAMALAI,
Tamil Nadu,Tiruvannamalai,IMD110-P1726,1998,,,,4.3,41.6,28.5,104.3,219.8,210.1,211.1,313.5,174.1,,,,562.7,698.8,1728,missing_months,TIRUVANNAMALAI,
Tamil Nadu,Tiruvannamalai,IMD110-P1726,1999,5.8,,,37.2,108.0,65.2,40.4,130.6,97.1,197.5,175.5,79.3,,,,333.3,452.3,1728,missing_months,TIRUVANNAMALAI,
Tamil Nadu,Tiruvannamalai,IMD110-P1726,2000,8.1,49.8,,19.5,101.5,77.9,67.9,128.2,206.8,239.4,125.3,95.7,,57.9,,480.8,460.4,1728,missing_months,TIRUVANNAMALAI,
Tamil Nadu,Tiruvannamalai,IMD110-P1726,2001,2.0,,,70.5,49.2,32.2,55.6,1.3,80.5,80.8,16.3,26.1,,,,169.7,123.1,1728,missing_months,TIRUVANNAMALAI,
Tamil Nadu,Tiruvannamalai,IMD110-P1726,2002,3.5,1.6,0.0,1.2,30.7,33.9,15.6,35.5,45.3,89.1,33.7,26.0,316.2,5.1,32.0,130.3,148.8,1729,,TIRUVANNAMALAI,
Tamil Nadu,Tiruvannamalai,IMD110-P1726,2003,0.0,0.0,10.8,8.2,11.1,34.8,97.8,127.7,65.2,86.3,34.6,2.7,479.2,0.0,30.1,325.5,123.5,1729,,TIRUVANNAMALAI,
Tamil Nadu,Tiruvannamalai,IMD110-P1726,2004,1.2,0.0,0.0,10.5,175.5,19.2,,,,,,,,1.2,186.0,,,1729,missing_months,TIRUVANNAMALAI,
Tamil Nadu,Tiruvannamalai,IMD110-P1726,2005,0.0,5.6,21.7,62.5,90.3,26.8,59.3,145.2,213.6,371.3,390.3,212.4,1598.8,5.6,174.5,444.8,974.0,1729,,TIRUVANNAMALAI,
Tamil Nadu,Tiruvannamalai,IMD110-P1726,2006,4.1,0.0,23.2,24.8,31.7,90.0,30.1,90.8,142.2,190.7,154.8,78.2,860.8,4.1,79.8,353.2,423.7,1729,,TIRUVANNAMALAI,
Tamil Nadu,Tiruvannamalai,IMD110-P1726,2007,0.0,14.8,2.5,48.5,48.5,77.8,162.6,161.4,75.6,284.4,67.3,164.6,1108.2,14.8,99.6,477.4,516.4,1729,,TIRUVANNAMALAI,
Tamil Nadu,Tiruvannamalai,IMD110-P1726,2008,5.4,12.7,113.4,32.5,108.2,72.6,45.9,130.0,213.4,118.8,471.4,35.8,1360.1,18.0,254.1,461.9,626.0,1729,,TIRUVANNAMALAI,
Tamil Nadu,Tiruvannamalai,IMD110-P1726,2009,6.5,0.0,2.2,0.4,77.4,14.9,65.6,96.1,234.4,60.1,280.0,87.1,924.8,6.5,80.0,411.0,427.2,1729,,TIRUVANNAMALAI,
Tamil Nadu,Tiruvannamalai,IMD110-P1726,2010,10.6,0.0,0.0,10.8,101.9,106.5,117.0,112.8,182.6,129.6,371.9,187.4,1331.1,10.6,112.7,518.9,688.9,1729,,TIRUVANNAMALAI,
Tamil Nadu,Thiruvarur,IMD110-P1730,1901,8.6,38.2,5.0,28.0,39.7,6.8,17.1,98.5,272.7,111.9,295.6,167.6,1089.6,46.7,72.7,395.0,575.1,1730,,THIRUVARUR,
Tamil Nadu,Thiruvarur,IMD110-P1730,1902,165.4,39.2,9.8,9.2,25.9,54.6,17.7,82.7,84.6,250.7,325.0,319.4,1384.2,204.7,44.8,239.6,895.1,1730,,THIRUVARUR,
Tamil Nadu,Thiruvarur,IMD110-P1730,1903,28.1,0.0,0.0,18.2,126.9,63.6,55.6,188.3,351.7,70.5,232.0,545.8,1680.7,28.1,145.1,659.1,848.3,1730,,THIRUVARUR,
Tamil Nadu,Thiruvarur,IMD110-P1730,1904,119.5,0.0,0.0,5.0,74.1,19.4,60.2,45.4,68.2,130.2,24.7,249.2,796.0,119.5,79.1,193.2,404.2,1730,,THIRUVARUR,
Tamil Nadu,Thiruvarur,IMD110-P1730,1905,5.7,8.8,1.1,30.7,70.4,21.6,10.7,111.6,123.4,300.6,238.2,7.0,930.0,14.5,102.3,267.4,545.8,1730,,THIRUVARUR,
Tamil Nadu,Thiruvarur,IMD110-P1730,1906,84.4,2.5,15.0,10.7,3.4,39.0,41.9,196.7,28.4,215.3,542.1,263.0,1442.5,87.0,29.0,306.0,1020.4,1730,,THIRUVARUR,
Tamil Nadu,Thiruvarur,IMD110-P1730,1907,14.9,4.6,3.3,65.2,27.7,23.5,28.5,65.3,114.6,237.7,319.0,62.5,966.8,19.6,96.2,231.9,619.2,1730,,THIRUVARUR,
Tamil Nadu,Thiruvarur,IMD110-P1730,1908,12.3,70.9,44.9,12.8,70.2,47.0,24.0,46.5,68.1,302.9,30.9,94.4,824.8,83.2,127.9,185.5,428.2,1730,,THIRUVARUR,
Tamil Nadu,Thiruvarur,IMD110-P1730,1909,143.2,32.7,2.4,55.8,88.5,9.5,11.5,226.6,135.2,55.0,44.2,73.3,878.0,175.9,146.8,382.8,172.6,1730,,THIRUVARUR,
Tamil Nadu,Thiruvarur,IMD110-P1730,1910,20.0,37.3,0.0,0.3,7.0,35.6,99.0,220.5,59.3,216.5,166.9,0.3,862.5,57.3,7.3,414.3,383.6,1730,,THIRUVARUR,
Tamil Nadu,Thiruvarur,IMD110-P1730,1911,21.5,0.3,0.0,36.8,44.9,32.6,42.7,31.8,138.3,125.2,364.4,309.7,1148.2,21.8,81.7,245.3,799.3,1730,,THIRUVARUR,
Tamil Nadu,Thiruvarur,IMD110-P1730,1912,11.8,0.0,0.0,5.7,42.6,33.5,21.9,103.6,41.8,204.1,344.1,71.4,880.6,11.8,48.3,200.9,619.6,1730,,THIRUVARUR,
Tamil Nadu,Thiruvarur,IMD110-P1730,1913,7.4,0.0,0.0,20.9,36.6,12.7,38.0,90.8,130.4,242.8,558.9,267.9,1406.4,7.4,57.5,271.9,1069.6,1730,,THIRUVARUR,
Tamil Nadu,Thiruvarur,IMD110-P1730,1914,5.1,3.4,0.1,31.0,38.4,47.5,7.4,119.5,108.9,419.7,137.0,237.8,1155.8,8.4,69.5,283.4,794.5,1730,,THIRUVARUR,
Tamil Nadu,Thiruvarur,IMD110-P1730,1915,12.7,58.5,23.0,17.4,75.8,24.2,191.0,106.0,223.9,35.2,178.6,225.8,1172.0,71.2,116.2,545.0,439.6,1730,,THIRUVARUR,
Tamil Nadu,Thiruvarur,IMD110-P1730,1916,0.4,0.7,0.0,5.6,54.6,27.5,152.7,98.4,153.6,127.8,180.3,49.0,850.5,1.1,60.2,432.1,357.1,1730,,THIRUVARUR,
Tamil Nadu,Thiruvarur,IMD110-P1730,1917,80.9,12.7,14.8,0.0,81.6,61.7,54.0,247.7,147.4,92.4,346.6,56.4,1196.0,93.6,96.4,510.7,495.4,1730,,THIRUVARUR,
Tamil Nadu,Thiruvarur,IMD110-P1730,1918,103.6,17.0,11.6,0.8,59.0,33.7,34.5,54.2,36.5,54.7,591.5,181.2,1178.4,120.6,71.4,159.0,827.4,1730,,THIRUVARUR,
Tamil Nadu,Thiruvarur,IMD110-P1730,1919,12.9,0.8,13.9,18.1,49.7,53.6,62.4,73.3,99.8,169.1,636.6,475.5,1665.7,13.7,81.7,289.1,1281.2,1730,,THIRUVARUR,
Tamil Nadu,Thiruvarur,IMD110-P1730,1920,126.6,11.0,0.2,56.9,44.2,61.7,6.8,99.6,217.9,235.0,1044.6,44.1,1948.5,137.6,101.2,386.0,1323.7,1730,,THIRUVARUR,
Tamil Nadu,Thiruvarur,IMD110-P1730,1921,260.2,0.0,0.2,96.2,0.0,28.7,111.8,94.0,135.9,315.4,75.5,98.6,1216.3,260.2,96.3,370.4,489.4,1730,,THIRUVARUR,
Tamil Nadu,Thiruvarur,IMD110-P1730,1922,63.5,41.1,0.0,23.0,32.0,105.6,40.4,125.2,177.4,229.5,287.6,45.7,1171.1,104.6,55.1,448.6,562.8,1730,,THIRUVARUR,
Tamil Nadu,Thiruvarur,IMD110-P1730,1923,436.9,1.3,79.7,2.9,11.9,0.4,38.1,27.0,145.5,361.6,58.0,409.5,1572.8,438.2,94.5,211.0,829.1,1730,,THIRUVARUR,
Tamil Nadu,Thiruvarur,IMD110-P1730,1924,28.4,0.4,90.0,4.8,35.2,17.7,37.0,60.2,171.0,136.6,183.1,85.7,850.2,28.9,130.1,286.0,405.3,1730,,THIRUVARUR,
Tamil Nadu,Thiruvarur,IMD110-P1730,1925,31.9,4.1,150.9,24.5,21.5,23.7,19.9,110.3,25.0,253.7,387.0,295.4,1348.0,36.0,196.9,178.9,936.1,1730,,THIRUVARUR,
Tamil Nadu,Thiruvarur,IMD110-P1730,1926,202.9,3.8,13.0,9.3,40.7,22.5,16.8,59.3,167.8,144.3,385.5,35.5,1101.4,206.7,63.0,266.4,565.3,1730,,THIRUVARUR,
Tamil Nadu,Thiruvarur,IMD110-P1730,1927,64.4,25.6,11.3,34.6,46.0,54.2,44.6,32.2,85.3,75.1,217.3,73.0,763.6,90.0,91.9,216.3,365.4,1730,,THIRUVARUR,
Tamil Nadu,Thiruvarur,IMD110-P1730,1928,152.0,79.0,16.3,48.1,32.3,7.5,164.0,51.9,38.1,167.9,511.2,232.3,1500.6,231.0,96.7,261.5,911.4,1730,,THIRUVARUR,
Tamil Nadu,Thiruvarur,IMD110-P1730,1929,38.6,8.3,0.0,67.5,11.0,39.5,39.7,119.4,112.2,240.0,302.2,234.6,1213.1,46.9,78.5,310.8,776.9,1730,,THIRUVARUR,
Tamil Nadu,Thiruvarur,IMD110-P1730,1930,259.9,26.0,12.0,13.2,197.4,20.5,37.9,57.9,115.9,593.3,195.3,81.8,1611.0,285.9,222.6,232.1,870.4,1730,,THIRUVARUR,
Tamil Nadu,Thiruvarur,IMD110-P1730,1931,79.8,0.0,0.0,120.2,80.8,12.1,48.8,51.2,36.1,100.7,207.5,743.3,1480.4,79.8,201.0,148.2,1051.4,1730,,THIRUVARUR,
Tamil Nadu,Thiruvarur,IMD110-P1730,1932,4.8,9.8,40.6,116.3,67.3,21.5,33.7,96.8,86.8,261.0,492.6,275.8,1506.9,14.6,224.2,238.7,1029.4,1730,,THIRUVARUR,
Tamil Nadu,Thiruvarur,IMD110-P1730,1933,6.5,5.6,59.4,26.8,90.3,17.0,31.3,128.8,80.1,162.1,169.4,143.1,920.3,12.1,176.6,257.1,474.6,1730,,THIRUVARUR,
Tamil Nadu,Thiruvarur,IMD110-P1730,1934,189.3,0.0,24.1,92.9,10.9,17.2,30.9,19.1,31.8,275.1,208.2,21.3,920.7,189.3,127.9,98.9,504.6,1731,,THIRUVARUR,
Tamil Nadu,Thiruvarur,IMD110-P1730,1935,98.3,0.1,16.0,26.7,0.9,110.2,15.3,115.7,109.4,126.6,336.4,332.3,1287.8,98.4,43.5,350.5,795.4,1731,,THIRUVARUR,
Tamil Nadu,Thiruvarur,IMD110-P1730,1936,0.8,58.4,99.0,11.4,5.0,29.6,118.9,56.7,85.3,82.3,281.3,189.9,1018.6,59.2,115.4,290.5,553.5,1731,,THIRUVARUR,
Tamil Nadu,Thiruvarur,IMD110-P1730,1937,41.4,13.3,19.5,93.3,32.3,39.5,33.8,130.6,64.9,199.1,443.7,21.0,1132.4,54.7,145.1,268.9,663.8,1731,,THIRUVARUR,
Tamil Nadu,Thiruvarur,IMD110-P1730,1938,3.3,110.2,57.4,40.4,32.3,73.7,33.3,176.5,60.5,214.8,86.0,142.6,1030.9,113.5,130.1,344.0,443.4,1731,,THIRUVARUR,
Tamil Nadu,Thiruvarur,IMD110-P1730,1939,55.6,0.0,3.2,335.6,123.0,34.8,10.6,78.1,73.7,238.5,528.9,24.7,1506.6,55.6,461.8,197.1,792.1,1731,,THIRUVARUR,
Tamil Nadu,Thiruvarur,IMD110-P1730,1940,1.9,0.0,3.6,72.7,35.6,95.4,19.3,7.7,71.4,190.3,589.2,201.4,1288.6,1.9,111.9,193.8,981.0,1731,,THIRUVARUR,
Tamil Nadu,Thiruvarur,IMD110-P1730,1941,19.4,21.7,0.0,49.5,33.3,7.3,43.4,44.5,217.2,216.6,414.6,178.4,1245.9,41.1,82.7,312.4,809.6,1731,,THIRUVARUR,
Tamil Nadu,Thiruvarur,IMD110-P1730,1942,1.6,0.0,0.0,122.5,40.7,16.8,27.9,160.7,86.8,89.4,81.9,208.3,836.5,1.6,163.2,292.1,379.6,1731,,THIRUVARUR,
Tamil Nadu,Thiruvarur,IMD110-P1730,1943,96.2,35.1,49.5,57.9,322.5,13.1,44.8,49.5,104.1,306.3,86.0,124.5,1289.6,131.3,429.9,211.5,516.8,1731,,THIRUVARUR,
Tamil Nadu,Thiruvarur,IMD110-P1730,1944,77.6,39.1,65.8,7.5,43.8,85.3,38.2,58.1,127.6,137.4,559.8,162.0,1402.2,116.8,117.1,309.1,859.2,1731,,THIRUVARUR,
Tamil Nadu,Thiruvarur,IMD110-P1730,1945,13.5,15.5,3.7,87.9,8.9,9.8,59.1,64.8,90.7,85.2,398.4,43.2,880.7,29.0,100.5,224.3,526.8,1731,,THIRUVARUR,
Tamil Nadu,Thiruvarur,IMD110-P1730,1946,14.2,0.0,20.8,16.4,128.5,32.2,32.1,124.6,83.6,177.4,495.2,414.2,1539.3,14.2,165.8,272.6,1086.7,1731,,THIRUVARUR,
Tamil Nadu,Thiruvarur,IMD110-P1730,1947,85.3,32.6,56.9,64.7,19.9,15.2,101.1,68.2,161.3,240.7,83.5,7.4,936.7,117.9,141.5,345.8,331.6,1731,,THIRUVARUR,
Tamil Nadu,Thiruvarur,IMD110-P1730,1948,104.1,5.7,7.6,6.9,36.8,36.1,60.4,21.0,47.8,115.3,322.5,127.4,891.5,109.8,51.3,165.3,565.1,1731,,THIRUVARUR,
Tamil Nadu,Thiruvarur,IMD110-P1730,1949,8.8,0.5,0.0,16.0,58.1,40.1,142.1,228.2,54.7,146.1,155.4,5.7,855.7,9.3,74.1,465.0,307.2,1731,,THIRUVARUR,
Tamil Nadu,Thiruvarur,IMD110-P1730,1950,21.4,72.4,4.4,10.8,73.9,9.3,12.7,167.3,110.6,111.7,276.0,109.4,979.8,93.8,89.0,299.9,497.1,1731,,THIRUVARUR,
Tamil Nadu,Thiruvarur,IMD110-P1730,1951,25.5,0.0,15.5,30.2,47.6,11.4,122.6,64.5,47.2,107.1,228.5,55.3,755.6,25.5,93.3,245.8,391.0,1731,,THIRUVARUR,
Tamil Nadu,Thiruvarur,IMD110-P1730,1952,56.2,69.8,7.3,18.9,14.7,16.3,138.5,45.5,20.7,73.7,113.2,227.0,801.8,126.0,40.9,221.0,413.9,1731,,THIRUVARUR,
Tamil Nadu,Thiruvarur,IMD110-P1730,1953,53.2,13.4,0.0,60.7,0.3,26.1,64.7,44.3,112.6,229.3,260.8,54.9,920.2,66.5,61.0,247.8,545.0,1731,,THIRUVARUR,
Tamil Nadu,Thiruvarur,IMD110-P1730,1954,73.9,1.3,77.6,86.6,21.5,19.9,70.2,137.1,35.0,395.2,68.6,245.2,1232.2,75.2,185.8,262.2,709.0,1731,,THIRUVARUR,
Tamil Nadu,Thiruvarur,IMD110-P1730,1955,62.6,2.7,0.0,138.1,133.6,18.6,42.9,147.2,103.4,163.6,125.1,335.1,1272.9,65.3,271.7,312.1,623.7,1731,,THIRUVARUR,
Tamil Nadu,Thiruvarur,IMD110-P1730,1956,53.9,0.1,0.0,10.1,10.3,86.0,17.9,91.6,184.8,220.2,357.9,116.9,1149.8,54.0,20.4,380.3,695.0,1731,,THIRUVARUR,
Tamil Nadu,Thiruvarur,IMD110-P1730,1957,2.9,21.0,0.0,2.7,12.9,30.8,81.8,75.1,104.6,214.5,226.4,434.7,1207.4,23.9,15.5,292.3,875.7,1731,,THIRUVARUR,
Tamil Nadu,Thiruvarur,IMD110-P1730,1958,9.5,3.2,45.2,27.0,140.3,4.1,35.5,173.4,58.3,164.7,264.1,23.9,949.2,12.7,212.6,271.3,452.7,1731,,THIRUVARUR,
Tamil Nadu,Thiruvarur,IMD110-P1730,1959,9.3,30.0,0.0,44.2,38.8,33.5,9.2,62.5,50.4,189.2,259.1,104.0,830.1,39.2,83.0,155.6,552.3,1731,,THIRUVARUR,
Tamil Nadu,Thiruvarur,IMD110-P1730,1960,6.9,38.9,6.4,41.3,34.7,11.3,129.2,9.0,43.2,135.7,626.3,37.7,1120.6,45.8,82.3,192.8,799.7,1731,,THIRUVARUR,
Tamil Nadu,Thiruvarur,IMD110-P1730,1961,196.5,2.9,1.0,10.3,38.3,40.6,57.9,54.4,143.1,179.3,111.2,148.4,983.9,199.4,49.7,295.9,438.9,1731,,THIRUVARUR,
Tamil Nadu,Thiruvarur,IMD110-P1730,1962,3.7,13.0,4.4,24.7,112.5,22.5,37.7,159.2,59.3,306.2,201.6,40.8,985.3,16.6,141.5,278.6,548.5,1731,,THIRUVARUR,
Tamil Nadu,Thiruvarur,IMD110-P1730,1963,176.4,0.0,76.6,33.7,30.0,35.7,73.3,102.4,98.4,196.7,448.9,368.6,1640.7,176.4,140.4,309.7,1014.2,1731,,THIRUVARUR,
Tamil Nadu,Thiruvarur,IMD110-P1730,1964,0.1,1.3,29.3,1.8,50.8,19.0,142.7,92.7,83.8,99.9,159.2,134.2,814.7,1.4,81.9,338.2,393.3,1731,,THIRUVARUR,
Tamil Nadu,Thiruvarur,IMD110-P1730,1965,0.8,27.3,7.5,66.5,59.3,22.7,34.4,141.8,42.5,127.6,166.6,477.0,1173.8,28.0,133.3,241.3,771.1,1731,,THIRUVARUR,
Tamil Nadu,Thiruvarur,IMD110-P1730,1966,35.8,0.0,5.4,25.4,41.7,45.9,21.3,366.5,140.6,404.1,175.5,164.3,1426.5,35.8,72.5,574.3,743.9,1731,,THIRUVARUR,
Tamil Nadu,Thiruvarur,IMD110-P1730,1967,21.6,1.6,43.3,17.6,15.2,59.7,86.6,77.9,45.9,329.7,197.8,391.4,1288.3,23.2,76.1,270.1,918.9,1731,,THIRUVARUR,
Tamil Nadu,Thiruvarur,IMD110-P1730,1968,7.8,4.1,10.8,125.3,23.0,19.7,26.4,68.5,208.6,120.8,241.6,137.1,993.6,11.9,159.1,323.2,499.5,1732,,THIRUVARUR,
Tamil Nadu,Thiruvarur,IMD110-P1730,1969,3.4,10.6,0.4,18.0,36.2,10.4,17.7,74.2,10.6,242.3,316.5,345.6,1085.9,14.0,54.6,112.9,904.4,1732,,THIRUVARUR,
Tamil Nadu,Thiruvarur,IMD110-P1730,1970,79.2,25.4,1.8,34.2,78.4,74.9,63.4,134.4,104.3,197.9,589.0,38.0,1420.9,104.6,114.4,377.0,824.9,1732,,THIRUVARUR,
Tamil Nadu,Thiruvarur,IMD110-P1730,1971,32.7,7.4,49.7,65.9,61.3,20.3,82.0,75.7,68.0,358.9,122.2,426.2,1370.2,40.1,176.9,246.0,907.2,1732,,THIRUVARUR,
Tamil Nadu,Thiruvarur,IMD110-P1730,1972,4.1,,0.0,3.8,123.9,29.9,40.2,16.6,141.3,317.4,238.7,343.5,,,127.7,228.0,899.5,1732,missing_months,THIRUVARUR,
Tamil Nadu,Thiruvarur,IMD110-P1730,1973,0.0,1.0,3.6,1.2,37.6,36.3,52.6,111.1,75.4,282.3,177.2,182.0,960.3,1.0,42.5,275.5,641.4,1732,,THIRUVARUR,
Tamil Nadu,Thiruvarur,IMD110-P1730,1974,0.8,23.4,23.8,9.6,33.3,98.8,28.1,53.5,173.6,78.9,25.1,108.8,657.8,24.2,66.7,354.0,212.8,1732,,THIRUVARUR,
Tamil Nadu,Thiruvarur,IMD110-P1730,1975,39.3,1.4,90.3,8.9,36.7,11.3,181.8,158.9,85.5,251.1,261.7,143.1,1270.0,40.7,135.9,437.5,656.0,1732,,THIRUVARUR,
Tamil Nadu,Thiruvarur,IMD110-P1730,1976,0.9,0.4,3.5,37.8,4.9,88.7,62.6,141.8,106.0,166.3,360.0,268.4,1241.5,1.4,46.2,399.2,794.7,1732,,THIRUVARUR,
Tamil Nadu,Thiruvarur,IMD110-P1730,1977,2.3,34.3,7.8,23.4,46.3,41.8,51.4,106.8,88.6,369.6,631.4,30.8,1434.5,36.6,77.6,288.6,1031.9,1732,,THIRUVARUR,
Tamil Nadu,Thiruvarur,IMD110-P1730,1978,0.1,0.1,0.0,22.7,16.2,8.0,58.0,30.0,111.4,202.8,486.5,468.2,1403.9,0.1,38.8,207.4,1157.5,1732,,THIRUVARUR,
Tamil Nadu,Thiruvarur,IMD110-P1730,1979,0.2,15.7,44.2,3.0,13.0,12.0,76.4,104.7,193.2,178.2,442.2,169.6,1252.3,15.9,60.2,386.3,789.9,1732,,THIRUVARUR,
Tamil Nadu,Thiruvarur,IMD110-P1730,1980,0.2,0.0,0.7,57.3,12.5,22.0,21.2,22.4,62.8,140.9,171.1,100.2,611.4,0.2,70.6,128.4,412.2,1732,,THIRUVARUR,
Tamil Nadu,Thiruvarur,IMD110-P1730,1981,23.5,0.0,2.8,5.8,88.8,4.1,136.8,66.5,232.3,356.2,329.4,182.6,1428.7,23.5,97.3,439.7,868.2,1732,,THIRUVARUR,
Tamil Nadu,Thiruvarur,IMD110-P1730,1982,0.5,0.0,0.9,16.4,45.1,45.1,35.4,80.8,59.0,125.9,344.7,54.3,808.1,0.5,62.3,220.4,524.9,1732,,THIRUVARUR,
Tamil Nadu,Thiruvarur,IMD110-P1730,1983,0.0,0.0,0.0,0.0,67.4,41.6,34.7,188.2,123.3,115.5,165.4,681.9,1418.0,0.0,67.4,387.8,962.8,1732,,THIRUVARUR,
Tamil Nadu,Thiruvarur,IMD110-P1730,1984,85.7,250.7,37.7,53.1,0.0,8.0,166.7,34.3,185.8,94.1,187.2,112.3,1215.6,336.4,90.9,394.8,393.6,1732,,THIRUVARUR,
Tamil Nadu,Thiruvarur,IMD110-P1730,1985,142.1,2.2,1.2,27.1,9.6,101.5,38.3,121.0,58.6,187.6,458.8,153.9,1301.8,144.3,37.9,319.4,800.2,1732,,THIRUVARUR,
Tamil Nadu,Thiruvarur,IMD110-P1730,1986,143.0,50.3,30.9,15.0,51.8,8.4,52.8,102.8,77.4,140.6,207.3,258.7,1139.2,193.4,97.7,241.5,606.6,1732,,THIRUVARUR,
Tamil Nadu,Thiruvarur,IMD110-P1730,1987,20.7,0.7,44.4,1.0,49.8,25.7,12.5,92.4,100.6,191.0,119.5,275.3,933.7,21.4,95.2,231.3,585.8,1732,,THIRUVARUR,
Tamil Nadu,Thiruvarur,IMD110-P1730,1988,0.5,0.0,15.8,119.6,9.5,22.2,55.7,126.9,134.8,52.1,368.4,73.5,979.0,0.5,144.9,339.7,494.0,1732,,THIRUVARUR,
Tamil Nadu,Thiruvarur,IMD110-P1730,1989,7.1,0.0,1.1,0.2,20.4,14.7,153.9,61.3,100.0,141.9,305.1,113.6,919.2,7.1,21.7,329.9,560.6,1732,,THIRUVARUR,
Tamil Nadu,Thiruvarur,IMD110-P1730,1990,82.1,7.5,45.7,12.2,72.3,2.4,26.8,108.9,204.7,194.8,219.2,107.6,1084.2,89.6,130.2,342.8,521.6,1732,,THIRUVARUR,
Tamil Nadu,Thiruvarur,IMD110-P1730,1991,83.8,0.7,0.0,2.1,3.0,86.7,33.1,46.9,115.3,216.6,421.2,67.6,1077.1,84.5,5.1,282.1,705.4,1732,,THIRUVARUR,
Tamil Nadu,Thiruvarur,IMD110-P1730,1992,2.0,0.0,0.0,15.0,36.0,29.3,36.1,55.6,127.3,164.6,352.6,119.8,938.2,2.0,50.9,248.2,637.0,1732,,THIRUVARUR,
Tamil Nadu,Thiruvarur,IMD110-P1730,1993,0.0,1.7,5.7,6.7,19.0,45.1,65.6,81.6,47.2,303.4,586.0,436.9,1598.8,1.7,31.4,239.5,1326.3,1732,,THIRUVARUR,
Tamil Nadu,Thiruvarur,IMD110-P1730,1994,21.0,111.1,0.0,18.5,42.9,4.7,28.5,21.0,39.7,132.0,386.1,71.8,877.3,132.1,61.4,93.8,589.9,1732,,THIRUVARUR,
Tamil Nadu,Thiruvarur,IMD110-P1730,1995,64.0,1.1,12.0,30.0,177.5,59.7,92.4,56.8,82.4,225.6,195.4,31.4,1028.3,65.2,219.5,291.2,452.4,1732,,THIRUVARUR,
Tamil Nadu,Thiruvarur,IMD110-P1730,1996,0.5,0.0,0.0,33.2,33.1,125.8,35.3,188.6,168.8,125.2,329.2,490.4,1530.2,0.5,66.2,518.6,944.9,1732,,THIRUVARUR,
Tamil Nadu,Thiruvarur,IMD110-P1730,1997,15.7,0.0,1.3,13.7,57.3,39.4,126.5,27.9,113.0,169.6,659.3,317.5,1541.3,15.7,72.4,306.8,1146.5,1732,,THIRUVARUR,
Tamil Nadu,Thiruvarur,IMD110-P1730,1998,9.1,4.0,0.0,,98.0,11.2,69.6,180.1,96.7,65.2,320.5,418.7,,13.1,,357.5,804.4,1732,missing_months,THIRUVARUR,
Tamil Nadu,Thiruvarur,IMD110-P1730,1999,3.6,44.4,3.2,54.6,53.2,11.1,21.7,62.1,51.3,230.5,386.6,72.1,994.4,48.0,110.9,146.2,689.2,1732,,THIRUVARUR,
Tamil Nadu,Thiruvarur,IMD110-P1730,2000,186.5,84.1,8.9,48.7,35.6,6.1,20.4,39.4,179.4,136.1,361.8,162.4,1269.4,270.6,93.2,245.3,660.3,1732,,THIRUVARUR,
Tamil Nadu,Thiruvarur,IMD110-P1730,2001,17.7,10.4,,73.6,56.0,37.8,45.9,16.7,54.4,75.5,106.2,49.0,,28.1,,154.9,230.7,1732,missing_months,THIRUVARUR,
Tamil Nadu,Thiruvarur,IMD110-P1730,2002,0.0,,,,,,,,,,,,,,,,,1733,missing_months,THIRUVARUR,
Tamil Nadu,Thiruvarur,IMD110-P1730,2004,7.8,0.1,,,,,,,,,,,,7.9,,,,1733,missing_months,THIRUVARUR,
Tamil Nadu,Thiruvarur,IMD110-P1730,2005,0.6,0.8,1.7,176.1,49.1,0.2,48.8,29.9,134.3,521.4,995.1,128.4,2086.5,1.4,227.0,213.2,1644.9,1733,,THIRUVARUR,
Tamil Nadu,Thiruvarur,IMD110-P1730,2006,24.0,0.0,48.9,44.3,48.1,14.3,3.4,49.4,133.0,255.2,272.0,54.8,947.5,24.0,141.3,200.1,582.1,1733,,THIRUVARUR,
Tamil Nadu,Thiruvarur,IMD110-P1730,2007,0.0,16.6,0.0,28.5,33.8,39.2,42.0,206.8,95.2,322.4,66.4,,,16.6,62.3,383.2,,1733,missing_months,THIRUVARUR,
Tamil Nadu,Thiruvarur,IMD110-P1730,2008,12.3,40.0,130.9,4.3,9.8,15.7,32.7,93.9,40.3,218.4,549.6,150.4,1298.2,52.3,145.0,182.6,918.4,1733,,THIRUVARUR,
Tamil Nadu,Thiruvarur,IMD110-P1730,2009,30.8,0.0,47.3,60.7,44.3,4.5,16.6,135.6,68.8,65.8,484.2,381.6,1340.1,30.8,152.3,225.6,931.5,1733,,THIRUVARUR,
Tamil Nadu,Thiruvarur,IMD110-P1730,2010,43.6,0.0,0.0,6.1,88.3,97.5,54.2,162.0,161.4,184.3,514.1,384.8,1696.3,43.6,94.4,475.1,1083.1,1733,,THIRUVARUR,
Tamil Nadu,Tirunelveli,IMD110-P1734,1901,68.1,33.8,121.4,62.2,7.0,74.5,17.6,3.0,35.4,36.8,212.8,25.6,698.3,101.9,190.6,130.5,275.3,1734,,TIRUNELVELI,
Tamil Nadu,Tirunelveli,IMD110-P1734,1902,173.9,15.1,73.8,42.2,40.5,11.5,40.3,5.9,40.9,343.2,271.5,206.6,1265.5,189.0,156.4,98.7,821.4,1734,,TIRUNELVELI,
Tamil Nadu,Tirunelveli,IMD110-P1734,1903,40.4,19.7,7.7,78.0,28.8,15.9,61.5,6.6,32.2,117.9,50.2,158.0,617.0,60.1,114.5,116.2,326.2,1734,,TIRUNELVELI,
Tamil Nadu,Tirunelveli,IMD110-P1734,1904,40.2,0.3,4.3,31.2,51.6,99.6,21.5,2.9,8.9,166.7,43.8,82.5,553.5,40.5,87.1,132.9,293.0,1734,,TIRUNELVELI,
Tamil Nadu,Tirunelveli,IMD110-P1734,1905,19.5,27.1,2.6,98.8,72.5,51.9,7.4,1.8,12.3,234.6,213.6,5.2,747.2,46.6,173.9,73.3,453.3,1734,,TIRUNELVELI,
Tamil Nadu,Tirunelveli,IMD110-P1734,1906,26.0,2.4,42.2,34.1,45.8,32.7,14.3,79.2,7.2,217.4,245.3,161.9,908.4,28.4,122.1,133.3,624.5,1734,,TIRUNELVELI,
Tamil Nadu,Tirunelveli,IMD110-P1734,1907,33.7,6.1,52.3,108.4,23.0,43.6,24.4,33.1,24.7,184.3,211.2,102.9,847.7,39.7,183.7,125.8,498.5,1734,,TIRUNELVELI,
Tamil Nadu,Tirunelveli,IMD110-P1734,1908,66.7,79.0,79.1,41.6,23.6,19.2,16.5,8.4,35.6,190.7,41.7,15.6,617.8,145.8,144.3,79.7,248.0,1734,,TIRUNELVELI,
Tamil Nadu,Tirunelveli,IMD110-P1734,1909,25.9,54.0,44.7,47.1,92.6,49.8,14.0,22.1,8.7,143.0,136.7,59.9,698.5,79.9,184.4,94.7,339.6,1734,,TIRUNELVELI,
Tamil Nadu,Tirunelveli,IMD110-P1734,1910,18.3,19.8,19.1,14.3,11.6,24.5,65.5,23.8,6.2,161.4,173.2,0.5,538.1,38.1,44.9,120.1,335.0,1734,,TIRUNELVELI,
Tamil Nadu,Tirunelveli,IMD110-P1734,1911,6.8,4.5,23.1,17.1,10.9,60.1,40.5,3.5,6.2,127.5,232.2,176.9,709.2,11.3,51.1,110.3,536.6,1734,,TIRUNELVELI,
Tamil Nadu,Tirunelveli,IMD110-P1734,1912,14.5,15.0,16.9,62.7,52.1,40.0,22.9,14.2,23.0,349.9,177.2,68.8,857.3,29.5,131.7,100.1,596.0,1734,,TIRUNELVELI,
Tamil Nadu,Tirunelveli,IMD110-P1734,1913,17.4,30.0,19.6,32.5,8.8,25.9,43.4,1.8,11.2,219.8,252.0,163.4,825.7,47.3,60.9,82.2,635.2,1734,,TIRUNELVELI,
Tamil Nadu,Tirunelveli,IMD110-P1734,1914,10.6,16.9,22.5,33.1,14.4,36.3,41.6,14.0,26.2,500.2,203.1,446.6,1365.5,27.5,70.1,118.1,1149.9,1734,,TIRUNELVELI,
Tamil Nadu,Tirunelveli,IMD110-P1734,1915,25.1,37.6,11.4,56.6,9.1,76.9,44.7,21.5,39.6,59.4,342.1,111.3,835.4,62.8,77.2,182.7,512.8,1734,,TIRUNELVELI,
Tamil Nadu,Tirunelveli,IMD110-P1734,1916,0.0,13.5,15.5,37.9,53.8,89.3,33.7,18.6,23.2,96.3,164.3,25.0,571.1,13.5,107.2,164.8,285.6,1734,,TIRUNELVELI,
Tamil Nadu,Tirunelveli,IMD110-P1734,1917,21.9,96.1,114.6,25.1,23.8,44.2,21.4,32.8,81.8,64.9,217.7,64.8,809.1,118.0,163.5,180.2,347.4,1734,,TIRUNELVELI,
Tamil Nadu,Tirunelveli,IMD110-P1734,1918,207.6,3.8,29.3,29.6,155.5,10.1,7.3,17.0,6.6,125.0,209.3,182.8,983.9,211.4,214.4,40.9,517.1,1734,,TIRUNELVELI,
Tamil Nadu,Tirunelveli,IMD110-P1734,1919,137.7,3.0,46.1,35.0,36.6,62.8,18.3,15.0,51.6,184.6,193.3,112.0,896.0,140.6,117.7,147.8,489.8,1734,,TIRUNELVELI,
Tamil Nadu,Tirunelveli,IMD110-P1734,1920,202.9,1.6,33.0,131.3,22.6,71.4,42.7,6.1,7.7,123.6,463.3,12.5,1118.5,204.5,186.9,127.8,599.4,1734,,TIRUNELVELI,
Tamil Nadu,Tirunelveli,IMD110-P1734,1921,81.3,0.0,11.0,73.8,9.2,22.8,54.3,47.5,9.3,285.5,111.3,137.7,843.6,81.3,94.1,133.8,534.5,1734,,TIRUNELVELI,
Tamil Nadu,Tirunelveli,IMD110-P1734,1922,88.8,60.0,7.2,101.3,28.0,28.7,68.6,7.2,5.2,367.0,301.3,110.7,1173.9,148.8,136.5,109.7,779.0,1734,,TIRUNELVELI,
Tamil Nadu,Tirunelveli,IMD110-P1734,1923,85.7,20.2,116.6,14.7,23.0,62.4,52.7,40.9,10.6,249.4,113.9,354.3,1144.3,105.9,154.3,166.6,717.5,1734,,TIRUNELVELI,
Tamil Nadu,Tirunelveli,IMD110-P1734,1924,54.9,1.9,77.0,34.7,35.1,82.0,223.7,13.7,78.1,206.5,196.0,105.9,1109.5,56.8,146.8,397.5,508.4,1734,,TIRUNELVELI,
Tamil Nadu,Tirunelveli,IMD110-P1734,1925,58.8,21.7,113.8,27.2,15.8,48.5,26.5,21.0,20.7,203.3,485.0,273.0,1315.2,80.4,156.8,116.7,961.3,1734,,TIRUNELVELI,
Tamil Nadu,Tirunelveli,IMD110-P1734,1926,156.4,3.2,64.2,45.3,87.6,17.6,63.0,45.6,39.3,93.7,140.9,62.1,818.8,159.6,197.1,165.5,296.6,1734,,TIRUNELVELI,
Tamil Nadu,Tirunelveli,IMD110-P1734,1927,88.7,84.7,132.0,130.2,51.7,81.1,36.2,10.3,46.5,153.6,218.9,56.2,1089.9,173.4,313.9,174.0,428.7,1734,,TIRUNELVELI,
Tamil Nadu,Tirunelveli,IMD110-P1734,1928,48.4,85.4,15.8,55.2,22.6,59.7,21.5,17.0,2.9,112.8,329.6,117.3,888.4,133.8,93.6,101.2,559.7,1734,,TIRUNELVELI,
Tamil Nadu,Tirunelveli,IMD110-P1734,1929,38.4,86.0,34.3,112.0,30.5,81.0,53.7,18.9,88.9,198.5,289.6,194.2,1226.0,124.4,176.8,242.5,682.3,1734,,TIRUNELVELI,
Tamil Nadu,Tirunelveli,IMD110-P1734,1930,62.6,65.7,62.8,75.8,49.1,37.3,17.3,8.5,91.7,207.8,178.2,54.1,910.8,128.3,187.7,154.8,440.1,1734,,TIRUNELVELI,
Tamil Nadu,Tirunelveli,IMD110-P1734,1931,55.7,0.0,22.7,32.3,8.8,24.2,21.1,58.0,19.4,125.2,202.2,421.9,991.5,55.7,63.8,122.8,749.2,1734,,TIRUNELVELI,
Tamil Nadu,Tirunelveli,IMD110-P1734,1932,0.0,80.0,3.6,42.0,111.7,14.9,26.2,115.2,11.6,159.6,249.0,93.6,907.4,80.0,157.3,167.9,502.3,1734,,TIRUNELVELI,
Tamil Nadu,Tirunelveli,IMD110-P1734,1933,7.1,33.5,15.9,98.4,153.8,49.4,59.1,51.7,109.6,177.8,283.2,30.0,1069.5,40.6,268.2,269.7,491.0,1734,,TIRUNELVELI,
Tamil Nadu,Tirunelveli,IMD110-P1734,1934,186.9,0.5,61.8,48.0,32.5,46.8,31.9,3.8,1.1,243.4,59.9,34.5,751.1,187.4,142.2,83.6,337.9,1735,,TIRUNELVELI,
Tamil Nadu,Tirunelveli,IMD110-P1734,1935,47.5,3.4,55.1,91.1,12.0,11.4,19.4,36.0,21.0,244.1,128.9,105.1,775.0,50.9,158.2,87.7,478.1,1735,,TIRUNELVELI,
Tamil Nadu,Tirunelveli,IMD110-P1734,1936,2.8,57.5,100.6,33.2,154.9,71.6,35.0,14.3,113.3,114.3,270.3,110.1,1077.9,60.3,288.7,234.2,494.7,1735,,TIRUNELVELI,
Tamil Nadu,Tirunelveli,IMD110-P1734,1937,22.7,73.5,24.4,56.4,12.6,5.5,43.3,18.7,10.9,214.4,225.7,20.8,728.9,96.2,93.4,78.4,460.8,1735,,TIRUNELVELI,
Tamil Nadu,Tirunelveli,IMD110-P1734,1938,3.6,167.9,79.1,102.1,3.6,32.7,33.1,25.9,46.1,125.2,133.3,85.2,837.7,171.4,184.8,137.8,343.6,1735,,TIRUNELVELI,
Tamil Nadu,Tirunelveli,IMD110-P1734,1939,52.8,11.9,37.1,53.7,20.2,42.5,46.8,52.2,8.3,90.9,279.2,16.9,712.5,64.7,111.1,149.8,387.0,1735,,TIRUNELVELI,
Tamil Nadu,Tirunelveli,IMD110-P1734,1940,0.6,3.8,20.0,134.7,63.0,57.0,29.8,27.3,26.9,117.1,377.3,275.7,1133.2,4.5,217.6,141.1,770.0,1735,,TIRUNELVELI,
Tamil Nadu,Tirunelveli,IMD110-P1734,1941,107.6,4.1,13.4,121.8,63.6,48.3,57.5,11.7,27.9,88.4,391.0,75.9,1011.2,111.7,198.8,145.4,555.3,1735,,TIRUNELVELI,
Tamil Nadu,Tirunelveli,IMD110-P1734,1942,0.3,3.2,20.9,68.5,40.7,24.9,34.3,25.2,10.3,107.8,120.3,221.4,677.8,3.5,130.1,94.7,449.5,1735,,TIRUNELVELI,
Tamil Nadu,Tirunelveli,IMD110-P1734,1943,182.0,42.9,22.6,71.0,100.9,78.2,44.2,1.3,30.3,217.6,207.2,41.8,1040.0,224.9,194.6,153.9,466.6,1735,,TIRUNELVELI,
Tamil Nadu,Tirunelveli,IMD110-P1734,1944,17.8,42.3,86.5,62.3,47.3,26.4,24.6,14.1,71.0,107.5,309.6,257.0,1066.3,60.1,196.1,136.1,674.0,1735,,TIRUNELVELI,
Tamil Nadu,Tirunelveli,IMD110-P1734,1945,18.6,17.2,30.4,69.6,15.7,36.1,58.5,11.9,0.3,181.9,424.2,41.7,906.0,35.8,115.6,106.8,647.8,1735,,TIRUNELVELI,
Tamil Nadu,Tirunelveli,IMD110-P1734,1946,9.6,4.6,191.9,46.7,12.0,37.5,12.3,18.6,25.6,202.0,226.1,279.0,1065.8,14.1,250.5,94.1,707.0,1735,,TIRUNELVELI,
Tamil Nadu,Tirunelveli,IMD110-P1734,1947,107.8,63.8,80.6,198.8,32.3,56.5,23.6,49.1,16.8,145.6,25.6,33.7,834.3,171.6,311.7,146.1,204.9,1735,,TIRUNELVELI,
Tamil Nadu,Tirunelveli,IMD110-P1734,1948,49.3,33.9,38.2,47.5,20.0,44.5,16.1,52.5,1.1,212.6,309.7,36.8,862.2,83.2,105.7,114.2,559.1,1735,,TIRUNELVELI,
Tamil Nadu,Tirunelveli,IMD110-P1734,1949,13.6,2.4,5.9,59.5,71.1,26.2,41.9,18.6,17.2,67.5,197.8,12.5,534.2,16.1,136.5,104.0,277.8,1735,,TIRUNELVELI,
Tamil Nadu,Tirunelveli,IMD110-P1734,1950,0.2,85.4,67.0,44.2,48.1,28.8,29.1,12.9,27.2,98.3,175.2,134.4,750.8,85.6,159.3,98.0,407.9,1735,,TIRUNELVELI,
Tamil Nadu,Tirunelveli,IMD110-P1734,1951,58.2,5.3,16.6,168.4,63.5,51.3,34.1,8.9,109.9,95.7,308.4,24.0,944.4,63.5,248.5,204.2,428.1,1735,,TIRUNELVELI,
Tamil Nadu,Tirunelveli,IMD110-P1734,1952,38.9,58.9,12.4,104.7,25.9,18.9,12.0,6.4,14.9,76.3,97.4,62.3,529.2,97.9,143.0,52.3,236.0,1735,,TIRUNELVELI,
Tamil Nadu,Tirunelveli,IMD110-P1734,1953,49.9,22.4,31.0,95.0,19.1,13.7,88.8,24.7,22.0,154.6,200.3,33.5,755.0,72.3,145.1,149.2,388.4,1735,,TIRUNELVELI,
Tamil Nadu,Tirunelveli,IMD110-P1734,1954,130.1,9.9,175.4,35.6,22.2,4.7,24.1,30.5,7.0,240.6,59.6,153.4,893.1,140.0,233.2,66.3,453.6,1735,,TIRUNELVELI,
Tamil Nadu,Tirunelveli,IMD110-P1734,1955,72.8,2.0,29.4,135.0,68.6,48.1,8.8,2.7,71.5,37.4,286.1,64.8,827.3,74.9,233.1,131.0,388.4,1735,,TIRUNELVELI,
Tamil Nadu,Tirunelveli,IMD110-P1734,1956,47.6,2.6,5.3,25.0,26.5,49.2,16.7,19.6,8.2,77.2,170.8,49.8,498.5,50.2,56.8,93.7,297.9,1735,,TIRUNELVELI,
Tamil Nadu,Tirunelveli,IMD110-P1734,1957,11.9,8.8,38.6,27.9,45.8,53.7,24.5,8.1,6.3,189.2,248.5,139.4,802.7,20.7,112.2,92.7,577.1,1735,,TIRUNELVELI,
Tamil Nadu,Tirunelveli,IMD110-P1734,1958,22.0,37.6,59.2,94.5,100.0,40.8,46.1,50.7,14.4,93.2,180.6,32.4,771.6,59.6,253.8,152.0,306.2,1735,,TIRUNELVELI,
Tamil Nadu,Tirunelveli,IMD110-P1734,1959,9.5,60.1,0.1,52.7,56.3,23.3,30.2,21.3,28.5,127.5,113.0,90.7,613.2,69.6,109.2,103.2,331.2,1735,,TIRUNELVELI,
Tamil Nadu,Tirunelveli,IMD110-P1734,1960,11.5,61.6,57.9,130.2,126.5,8.4,59.5,17.7,13.2,176.6,329.5,35.4,1027.8,73.0,314.5,98.7,541.5,1735,,TIRUNELVELI,
Tamil Nadu,Tirunelveli,IMD110-P1734,1961,158.1,25.2,4.8,84.1,36.8,81.1,114.3,24.2,11.9,72.5,218.3,87.6,918.8,183.3,125.7,231.4,378.4,1735,,TIRUNELVELI,
Tamil Nadu,Tirunelveli,IMD110-P1734,1962,28.4,70.1,22.7,65.5,51.8,12.7,39.3,16.7,52.4,204.0,45.0,47.9,656.6,98.6,140.0,121.2,296.9,1735,,TIRUNELVELI,
Tamil Nadu,Tirunelveli,IMD110-P1734,1963,185.0,31.8,64.3,74.7,18.8,47.8,38.5,26.7,20.6,83.9,364.0,134.0,1090.2,216.8,157.8,133.6,581.9,1735,,TIRUNELVELI,
Tamil Nadu,Tirunelveli,IMD110-P1734,1964,16.5,9.8,106.4,59.9,27.4,7.0,88.0,82.1,55.4,101.7,117.5,13.7,685.3,26.3,193.7,232.5,232.8,1735,,TIRUNELVELI,
Tamil Nadu,Tirunelveli,IMD110-P1734,1965,3.7,15.9,26.0,72.0,31.7,14.9,31.0,30.4,47.1,147.2,181.9,184.1,785.8,19.5,129.8,123.5,513.1,1735,,TIRUNELVELI,
Tamil Nadu,Tirunelveli,IMD110-P1734,1966,12.6,8.5,41.0,35.0,21.5,24.7,22.6,6.1,70.7,236.0,139.1,112.3,730.1,21.0,97.5,124.1,487.4,1735,,TIRUNELVELI,
Tamil Nadu,Tirunelveli,IMD110-P1734,1967,15.3,1.0,50.8,43.1,81.5,59.7,13.3,20.6,15.0,262.7,123.0,42.7,728.7,16.3,175.4,108.5,428.4,1735,,TIRUNELVELI,
Tamil Nadu,Tirunelveli,IMD110-P1734,1968,20.3,16.5,118.1,101.4,4.0,24.4,73.6,4.5,29.2,126.2,146.5,94.1,758.8,36.8,223.5,131.7,366.8,1736,,TIRUNELVELI,
Tamil Nadu,Tirunelveli,IMD110-P1734,1969,6.8,29.9,2.5,98.4,30.3,7.9,84.2,91.6,15.4,139.8,122.5,144.9,774.3,36.7,131.1,199.2,407.2,1736,,TIRUNELVELI,
Tamil Nadu,Tirunelveli,IMD110-P1734,1970,38.5,33.1,38.0,118.2,43.2,12.2,9.3,18.1,30.1,195.5,126.7,61.4,724.2,71.5,199.3,69.7,383.7,1736,,TIRUNELVELI,
Tamil Nadu,Tirunelveli,IMD110-P1734,1971,57.0,17.8,86.0,45.7,40.0,74.1,25.9,19.9,33.8,132.2,106.2,346.3,984.9,74.8,171.7,153.7,584.7,1736,,TIRUNELVELI,
Tamil Nadu,Tirunelveli,IMD110-P1734,1972,18.2,0.0,15.1,21.6,145.8,17.2,45.2,17.1,77.3,297.6,207.0,57.1,919.1,18.2,182.5,156.8,561.6,1736,,TIRUNELVELI,
Tamil Nadu,Tirunelveli,IMD110-P1734,1973,0.7,0.3,32.3,54.2,34.2,44.5,46.2,15.0,20.8,211.2,168.8,275.1,903.4,1.0,120.7,126.5,655.2,1736,,TIRUNELVELI,
Tamil Nadu,Tirunelveli,IMD110-P1734,1974,0.8,55.7,14.0,89.1,57.2,6.9,29.6,35.0,53.4,36.9,139.9,39.2,557.9,56.6,160.4,124.9,216.0,1736,,TIRUNELVELI,
Tamil Nadu,Tirunelveli,IMD110-P1734,1975,6.9,41.8,48.9,61.3,13.0,54.1,37.6,26.3,67.9,21.2,74.4,39.8,493.2,48.7,123.2,185.9,135.4,1736,,TIRUNELVELI,
Tamil Nadu,Tirunelveli,IMD110-P1734,1976,0.4,1.5,37.9,53.6,13.7,12.5,8.9,24.5,20.7,90.8,290.5,90.7,645.5,1.8,105.2,66.5,472.0,1736,,TIRUNELVELI,
Tamil Nadu,Tirunelveli,IMD110-P1734,1977,1.0,144.5,56.4,58.1,121.3,9.8,18.6,12.7,34.4,315.6,378.1,47.6,1198.2,145.5,235.8,75.5,741.4,1736,,TIRUNELVELI,
Tamil Nadu,Tirunelveli,IMD110-P1734,1978,5.1,45.5,56.7,39.6,46.4,21.5,16.8,20.0,7.8,133.9,257.0,160.2,810.5,50.6,142.6,66.2,551.1,1736,,TIRUNELVELI,
Tamil Nadu,Tirunelveli,IMD110-P1734,1979,2.2,69.7,25.9,24.0,44.3,32.1,26.2,19.9,86.3,221.2,583.2,120.9,1256.0,71.9,94.3,164.5,925.3,1736,,TIRUNELVELI,
Tamil Nadu,Tirunelveli,IMD110-P1734,1980,0.0,0.0,11.2,113.6,21.0,29.8,25.3,8.4,41.8,106.5,215.7,148.1,721.6,0.0,145.9,105.4,470.3,1736,,TIRUNELVELI,
Tamil Nadu,Tirunelveli,IMD110-P1734,1981,3.5,10.0,18.8,56.8,46.7,58.7,14.2,28.3,54.4,156.5,93.3,105.2,646.3,13.5,122.3,155.6,354.9,1736,,TIRUNELVELI,
Tamil Nadu,Tirunelveli,IMD110-P1734,1982,0.0,1.2,11.4,56.5,49.0,26.6,30.5,6.6,37.2,152.8,260.6,70.0,702.3,1.2,116.9,100.9,483.3,1736,,TIRUNELVELI,
Tamil Nadu,Tirunelveli,IMD110-P1734,1983,0.1,0.0,0.0,9.7,21.3,30.5,22.4,27.3,16.7,121.6,176.3,158.7,584.5,0.1,31.0,96.8,456.6,1736,,TIRUNELVELI,
Tamil Nadu,Tirunelveli,IMD110-P1734,1984,88.8,208.7,228.0,77.8,9.6,30.0,15.4,3.8,63.6,96.6,152.5,15.5,990.2,297.5,315.4,112.7,264.6,1736,,TIRUNELVELI,
Tamil Nadu,Tirunelveli,IMD110-P1734,1985,160.0,33.1,30.5,40.1,17.5,37.9,11.9,5.9,42.6,146.4,208.0,66.9,800.8,193.1,88.1,98.3,421.4,1736,,TIRUNELVELI,
Tamil Nadu,Tirunelveli,IMD110-P1734,1986,25.2,87.8,43.1,21.6,31.8,4.1,6.8,41.0,5.6,152.8,49.0,92.6,561.5,113.0,96.5,57.5,294.4,1736,,TIRUNELVELI,
Tamil Nadu,Tirunelveli,IMD110-P1734,1987,25.8,2.9,41.1,34.4,49.5,12.2,3.0,17.0,87.0,,,179.4,,28.7,125.0,119.3,,1736,missing_months,TIRUNELVELI,
Tamil Nadu,Tirunelveli,IMD110-P1734,1988,0.1,10.6,85.6,127.7,10.9,38.2,31.4,26.0,24.7,97.5,220.2,41.6,714.5,10.7,224.3,120.2,359.3,1736,,TIRUNELVELI,
Tamil Nadu,Tirunelveli,IMD110-P1734,1989,7.8,0.0,65.9,67.9,35.5,50.2,96.2,12.4,29.5,135.3,179.3,54.7,734.7,7.8,169.3,188.2,369.4,1736,,TIRUNELVELI,
Tamil Nadu,Tirunelveli,IMD110-P1734,1990,129.2,9.7,150.3,23.9,17.3,16.7,7.0,8.9,5.8,386.8,242.4,92.0,1089.9,139.0,191.4,38.3,721.2,1736,,TIRUNELVELI,
Tamil Nadu,Tirunelveli,IMD110-P1734,1991,64.8,19.9,74.3,31.0,33.2,143.8,101.4,7.4,12.7,216.0,162.1,36.3,902.9,84.7,138.5,265.3,414.4,1736,,TIRUNELVELI,
Tamil Nadu,Tirunelveli,IMD110-P1734,1992,3.6,0.0,0.0,72.0,93.3,73.1,54.5,27.9,81.9,149.0,433.2,95.5,1084.1,3.6,165.3,237.4,677.8,1736,,TIRUNELVELI,
Tamil Nadu,Tirunelveli,IMD110-P1734,1993,0.2,2.6,22.7,38.0,30.4,21.5,24.8,17.2,25.5,172.8,453.9,156.9,966.4,2.9,91.0,88.9,783.6,1736,,TIRUNELVELI,
Tamil Nadu,Tirunelveli,IMD110-P1734,1994,39.9,94.9,51.0,132.3,13.6,31.9,69.1,35.7,38.0,234.6,264.4,16.2,1021.5,134.8,196.9,174.7,515.2,1736,,TIRUNELVELI,
Tamil Nadu,Tirunelveli,IMD110-P1734,1995,47.6,28.1,25.2,100.1,123.8,28.9,15.3,40.5,38.5,155.1,205.5,0.0,808.6,75.7,249.2,123.1,360.6,1736,,TIRUNELVELI,
Tamil Nadu,Tirunelveli,IMD110-P1734,1996,43.2,18.3,,104.8,19.5,53.3,44.8,1.1,27.4,220.1,100.5,157.1,,61.5,,126.5,477.7,1736,missing_months,TIRUNELVELI,
Tamil Nadu,Tirunelveli,IMD110-P1734,1997,10.9,0.0,4.5,70.2,65.2,11.5,9.7,22.2,39.0,227.3,320.2,153.5,934.0,10.9,139.9,82.4,700.9,1736,,TIRUNELVELI,
Tamil Nadu,Tirunelveli,IMD110-P1734,1998,6.6,8.4,0.4,19.3,91.6,29.3,45.5,35.6,,53.7,165.4,263.0,,14.9,111.3,,482.1,1736,missing_months,TIRUNELVELI,
Tamil Nadu,Tirunelveli,IMD110-P1734,1999,14.4,71.1,3.9,24.5,24.2,47.8,14.9,5.8,47.5,178.6,146.3,49.5,628.5,85.5,52.6,116.0,374.4,1736,,TIRUNELVELI,
Tamil Nadu,Tirunelveli,IMD110-P1734,2000,51.1,113.1,19.2,25.6,21.8,57.3,14.8,99.3,77.3,18.7,171.2,110.1,779.6,164.2,66.6,248.7,300.1,1736,,TIRUNELVELI,
Tamil Nadu,Tirunelveli,IMD110-P1734,2001,70.5,34.1,10.0,103.4,26.6,26.4,6.9,1.1,7.5,46.9,52.6,28.6,414.8,104.7,140.1,41.9,128.1,1736,,TIRUNELVELI,
Tamil Nadu,Tirunelveli,IMD110-P1734,2002,2.1,25.4,7.7,25.9,21.1,0.5,0.6,12.3,3.1,61.3,80.6,16.4,257.1,27.6,54.7,16.5,158.3,1737,,TIRUNELVELI,
Tamil Nadu,Tirunelveli,IMD110-P1734,2003,0.3,28.4,23.7,24.4,10.6,5.6,3.7,3.8,2.6,59.1,104.9,18.7,285.8,28.7,58.7,15.6,182.7,1737,,TIRUNELVELI,
Tamil Nadu,Tirunelveli,IMD110-P1734,2004,11.5,3.1,2.9,25.9,47.4,17.6,26.0,10.1,94.0,165.0,280.2,35.0,718.8,14.6,76.3,147.7,480.2,1737,,TIRUNELVELI,
Tamil Nadu,Tirunelveli,IMD110-P1734,2005,5.7,24.2,57.2,181.0,21.1,19.0,99.2,14.9,29.1,69.4,231.2,204.4,956.4,29.9,259.2,162.2,505.0,1737,,TIRUNELVELI,
Tamil Nadu,Tirunelveli,IMD110-P1734,2006,58.8,2.2,98.5,18.0,39.2,26.9,32.3,22.1,55.2,369.9,410.2,19.5,1152.9,61.0,155.7,136.5,799.6,1737,,TIRUNELVELI,
Tamil Nadu,Tirunelveli,IMD110-P1734,2007,38.7,4.9,7.7,112.5,6.9,78.1,37.6,24.6,74.7,170.3,139.8,124.8,820.6,43.7,127.1,214.9,434.9,1737,,TIRUNELVELI,
Tamil Nadu,Tirunelveli,IMD110-P1734,2008,10.7,79.3,316.2,76.9,3.3,6.0,24.7,56.3,16.5,343.0,243.6,52.6,1229.0,90.0,396.4,103.5,639.2,1737,,TIRUNELVELI,
Tamil Nadu,Tirunelveli,IMD110-P1734,2009,8.2,0.0,28.7,70.1,25.8,17.6,54.1,30.1,27.8,115.0,405.3,133.0,915.5,8.2,124.6,129.6,653.2,1737,,TIRUNELVELI,
Tamil Nadu,Tirunelveli,IMD110-P1734,2010,36.3,0.6,2.9,33.8,33.8,17.8,42.2,10.2,71.4,89.0,262.4,143.3,743.7,36.8,70.5,141.6,494.7,1737,,TIRUNELVELI,
Tamil Nadu,Tiruppur,IMD110-P1738,1901,4.1,3.2,4.7,22.9,62.3,9.4,10.1,17.2,164.6,114.1,158.1,16.3,587.0,7.3,89.9,201.3,288.5,1738,,TIRUPPUR,
Tamil Nadu,Tiruppur,IMD110-P1738,1902,49.4,0.6,25.0,25.0,81.7,15.7,36.6,43.0,18.3,329.6,116.8,123.9,865.5,50.0,131.6,113.5,570.3,1738,,TIRUPPUR,
Tamil Nadu,Tiruppur,IMD110-P1738,1903,2.2,9.8,2.7,2.7,100.3,63.7,25.9,44.5,146.2,111.3,131.1,51.3,691.9,12.0,105.7,280.4,293.8,1738,,TIRUPPUR,
Tamil Nadu,Tiruppur,IMD110-P1738,1904,34.3,0.0,0.0,33.3,156.3,5.2,44.7,4.1,30.8,85.2,16.1,0.9,410.8,34.3,189.5,84.7,102.3,1738,,TIRUPPUR,
Tamil Nadu,Tiruppur,IMD110-P1738,1905,0.0,0.0,9.7,40.1,93.6,32.1,1.8,18.1,19.4,207.5,55.0,0.0,477.4,0.0,143.4,71.4,262.5,1738,,TIRUPPUR,
Tamil Nadu,Tiruppur,IMD110-P1738,1906,7.7,2.6,9.4,9.6,37.0,6.8,24.5,107.2,47.6,155.9,161.1,94.6,664.2,10.3,56.1,186.2,411.6,1738,,TIRUPPUR,
Tamil Nadu,Tiruppur,IMD110-P1738,1907,4.3,0.0,53.7,56.7,96.2,36.0,7.4,14.9,83.7,175.3,107.0,72.3,707.6,4.3,206.6,142.0,354.7,1738,,TIRUPPUR,
Tamil Nadu,Tiruppur,IMD110-P1738,1908,3.6,38.5,13.8,9.5,81.6,2.1,1.6,4.7,81.8,269.2,19.7,1.4,527.4,42.1,104.8,90.2,290.3,1738,,TIRUPPUR,
Tamil Nadu,Tiruppur,IMD110-P1738,1909,137.2,4.7,0.6,43.0,72.6,6.5,4.5,65.0,27.2,238.7,52.4,10.9,663.4,141.9,116.3,103.2,302.0,1738,,TIRUPPUR,
Tamil Nadu,Tiruppur,IMD110-P1738,1910,1.0,11.9,2.8,53.0,111.0,46.7,83.6,43.5,17.1,283.3,113.6,5.6,772.9,12.9,166.7,190.8,402.5,1738,,TIRUPPUR,
Tamil Nadu,Tiruppur,IMD110-P1738,1911,0.0,0.0,3.0,15.3,121.5,37.8,22.6,0.9,38.1,94.7,106.9,96.7,537.5,0.0,139.8,99.4,298.2,1738,,TIRUPPUR,
Tamil Nadu,Tiruppur,IMD110-P1738,1912,0.0,0.0,0.0,7.1,79.3,35.5,4.1,1.0,109.6,237.4,161.8,10.4,646.3,0.0,86.4,150.2,409.6,1738,,TIRUPPUR,
Tamil Nadu,Tiruppur,IMD110-P1738,1913,0.0,0.3,16.0,8.8,79.3,9.3,65.8,9.3,31.4,116.0,64.1,27.9,428.2,0.3,104.1,115.8,208.0,1738,,TIRUPPUR,
Tamil Nadu,Tiruppur,IMD110-P1738,1914,0.1,0.0,0.8,9.6,37.0,5.2,9.7,24.4,79.2,221.5,48.5,67.7,503.5,0.1,47.4,118.5,337.6,1738,,TIRUPPUR,
Tamil Nadu,Tiruppur,IMD110-P1738,1915,25.4,4.4,30.6,31.4,79.5,100.4,16.8,19.4,96.2,112.5,161.9,21.6,700.0,29.8,141.5,232.7,296.0,1738,,TIRUPPUR,
Tamil Nadu,Tiruppur,IMD110-P1738,1916,0.0,0.0,0.0,11.5,102.5,5.3,85.7,87.2,52.7,127.1,92.7,17.5,582.1,0.0,114.0,230.8,237.3,1738,,TIRUPPUR,
Tamil Nadu,Tiruppur,IMD110-P1738,1917,0.5,55.5,21.3,19.8,109.8,26.4,10.0,71.0,156.0,75.5,149.0,50.1,744.8,56.0,150.9,263.4,274.6,1738,,TIRUPPUR,
Tamil Nadu,Tiruppur,IMD110-P1738,1918,28.0,0.0,55.4,17.8,68.4,1.8,17.5,6.7,19.3,124.0,260.6,34.2,633.6,28.0,141.6,45.3,418.8,1738,,TIRUPPUR,
Tamil Nadu,Tiruppur,IMD110-P1738,1919,7.1,1.2,5.2,24.0,70.2,1.7,19.2,15.6,141.4,115.1,96.1,44.6,541.5,8.3,99.4,178.0,255.8,1738,,TIRUPPUR,
Tamil Nadu,Tiruppur,IMD110-P1738,1920,60.3,2.5,0.0,67.6,43.9,11.7,2.8,12.8,84.7,111.0,246.9,0.0,644.1,62.8,111.4,112.0,357.9,1738,,TIRUPPUR,
Tamil Nadu,Tiruppur,IMD110-P1738,1921,92.3,0.0,0.0,106.7,36.9,36.6,30.4,84.0,53.8,176.6,111.5,24.5,753.3,92.3,143.6,204.8,312.6,1738,,TIRUPPUR,
Tamil Nadu,Tiruppur,IMD110-P1738,1922,28.6,21.8,1.3,5.6,122.0,6.2,7.9,20.9,17.8,266.0,219.4,117.4,835.0,50.4,128.9,52.9,602.9,1738,,TIRUPPUR,
Tamil Nadu,Tiruppur,IMD110-P1738,1923,21.7,0.0,31.8,33.8,49.1,9.5,4.0,4.7,20.2,114.4,22.2,28.1,339.2,21.7,114.7,38.3,164.6,1738,,TIRUPPUR,
Tamil Nadu,Tiruppur,IMD110-P1738,1924,10.4,0.0,23.1,63.8,75.2,38.0,114.0,21.0,58.4,51.2,123.7,4.7,583.6,10.4,162.1,231.4,179.6,1738,,TIRUPPUR,
Tamil Nadu,Tiruppur,IMD110-P1738,1925,5.6,0.0,39.1,48.9,66.5,10.4,2.1,27.5,64.3,99.3,154.6,158.4,676.7,5.6,154.5,104.3,412.3,1738,,TIRUPPUR,
Tamil Nadu,Tiruppur,IMD110-P1738,1926,30.1,2.0,35.8,31.1,64.2,6.2,32.1,13.6,58.0,132.3,84.3,50.8,540.5,32.2,131.0,109.9,267.3,1738,,TIRUPPUR,
Tamil Nadu,Tiruppur,IMD110-P1738,1927,1.5,2.4,6.7,27.2,55.1,27.6,17.7,31.4,54.5,93.9,181.1,18.7,517.9,3.9,89.0,131.2,293.8,1738,,TIRUPPUR,
Tamil Nadu,Tiruppur,IMD110-P1738,1928,4.8,16.7,40.5,91.8,62.1,9.5,24.3,19.0,2.5,247.9,86.3,58.3,663.8,21.5,194.4,55.4,392.6,1738,,TIRUPPUR,
Tamil Nadu,Tiruppur,IMD110-P1738,1929,4.3,24.2,4.9,112.3,73.3,21.3,16.3,8.4,71.5,100.7,123.3,39.8,600.3,28.5,190.5,117.6,263.8,1738,,TIRUPPUR,
Tamil Nadu,Tiruppur,IMD110-P1738,1930,10.2,21.6,7.8,75.1,199.4,30.9,11.1,9.4,26.8,493.6,122.5,44.8,1053.2,31.8,282.4,78.2,660.8,1738,,TIRUPPUR,
Tamil Nadu,Tiruppur,IMD110-P1738,1931,5.1,0.0,0.0,29.9,73.0,1.1,2.6,7.2,59.0,92.4,112.8,187.3,570.4,5.1,102.9,69.9,392.5,1738,,TIRUPPUR,
Tamil Nadu,Tiruppur,IMD110-P1738,1932,0.0,32.5,0.0,66.8,131.6,13.3,8.6,153.2,15.1,247.1,147.1,20.0,835.1,32.5,198.3,190.2,414.1,1738,,TIRUPPUR,
Tamil Nadu,Tiruppur,IMD110-P1738,1933,0.0,0.0,7.4,69.7,63.1,10.1,28.1,128.6,102.7,277.7,100.0,16.3,803.7,0.0,140.2,269.5,394.0,1738,,TIRUPPUR,
Tamil Nadu,Tiruppur,IMD110-P1738,1934,64.8,0.0,1.8,27.0,63.2,34.3,11.7,2.3,1.9,248.9,61.1,9.8,526.8,64.8,92.0,50.2,319.8,1739,,TIRUPPUR,
Tamil Nadu,Tiruppur,IMD110-P1738,1935,18.0,3.5,0.4,87.1,11.9,30.4,7.8,69.0,20.9,134.4,129.5,38.6,551.3,21.5,99.4,127.9,302.5,1739,,TIRUPPUR,
Tamil Nadu,Tiruppur,IMD110-P1738,1936,0.0,7.4,28.3,28.6,72.2,22.7,37.1,6.5,79.3,129.3,94.4,40.6,546.3,7.4,129.1,145.5,264.3,1739,,TIRUPPUR,
Tamil Nadu,Tiruppur,IMD110-P1738,1937,1.9,6.3,14.0,112.8,66.9,18.0,16.3,31.7,73.0,125.1,137.8,2.5,606.5,8.3,193.7,139.0,265.4,1739,,TIRUPPUR,
Tamil Nadu,Tiruppur,IMD110-P1738,1938,0.0,2.8,17.4,75.1,21.2,4.1,91.7,73.4,37.3,24.6,23.3,33.7,404.6,2.8,113.7,206.5,81.6,1739,,TIRUPPUR,
Tamil Nadu,Tiruppur,IMD110-P1738,1939,16.5,0.5,42.6,68.9,78.2,6.4,8.3,66.5,72.2,259.9,174.0,0.5,794.4,17.0,189.7,153.4,434.3,1739,,TIRUPPUR,
Tamil Nadu,Tiruppur,IMD110-P1738,1940,0.0,0.0,0.6,88.5,192.9,10.8,6.8,15.9,59.4,118.4,360.9,100.9,955.1,0.0,281.9,92.9,580.2,1739,,TIRUPPUR,
Tamil Nadu,Tiruppur,IMD110-P1738,1941,23.8,0.7,0.0,72.9,86.4,62.0,8.4,29.0,107.2,135.3,220.5,46.8,792.8,24.5,159.3,206.5,402.5,1739,,TIRUPPUR,
Tamil Nadu,Tiruppur,IMD110-P1738,1942,0.0,0.0,2.5,89.4,51.2,9.8,4.7,59.6,67.0,184.0,17.4,72.7,558.2,0.0,143.0,141.1,274.1,1739,,TIRUPPUR,
Tamil Nadu,Tiruppur,IMD110-P1738,1943,110.9,11.1,11.2,85.8,86.3,5.8,5.7,16.2,31.5,230.3,64.0,1.8,660.4,121.9,183.3,59.1,296.0,1739,,TIRUPPUR,
Tamil Nadu,Tiruppur,IMD110-P1738,1944,10.0,26.6,63.6,23.0,79.0,23.9,5.1,65.7,133.4,226.5,262.5,129.2,1048.3,36.5,165.5,228.0,618.2,1739,,TIRUPPUR,
Tamil Nadu,Tiruppur,IMD110-P1738,1945,0.5,1.3,0.3,95.6,57.8,11.9,22.1,18.6,8.6,269.8,130.5,5.6,622.5,1.8,153.7,61.1,405.9,1739,,TIRUPPUR,
Tamil Nadu,Tiruppur,IMD110-P1738,1946,20.6,0.0,19.4,56.6,57.6,8.5,8.0,25.0,89.3,141.9,234.2,164.1,825.3,20.6,133.7,130.8,540.3,1739,,TIRUPPUR,
Tamil Nadu,Tiruppur,IMD110-P1738,1947,13.0,0.0,32.5,109.5,30.2,36.2,9.3,32.5,31.4,217.9,11.2,86.3,609.9,13.0,172.2,109.4,315.3,1739,,TIRUPPUR,
Tamil Nadu,Tiruppur,IMD110-P1738,1948,39.5,0.0,2.8,39.8,89.1,39.2,11.3,75.8,11.8,148.2,148.9,28.9,635.2,39.5,131.7,138.1,326.0,1739,,TIRUPPUR,
Tamil Nadu,Tiruppur,IMD110-P1738,1949,0.9,1.0,0.0,100.2,100.7,1.3,39.9,49.4,7.8,161.8,29.5,0.0,492.5,1.9,200.9,98.3,191.3,1739,,TIRUPPUR,
Tamil Nadu,Tiruppur,IMD110-P1738,1950,0.0,29.1,14.8,14.9,44.7,4.4,9.2,71.1,26.6,133.6,41.7,9.7,399.9,29.1,74.4,111.3,185.1,1739,,TIRUPPUR,
Tamil Nadu,Tiruppur,IMD110-P1738,1951,0.1,0.1,9.3,116.4,124.8,21.8,7.1,56.5,89.5,96.1,133.5,4.1,659.5,0.2,250.6,175.0,233.7,1739,,TIRUPPUR,
Tamil Nadu,Tiruppur,IMD110-P1738,1952,2.4,31.9,22.8,18.6,31.8,7.9,44.7,30.4,42.2,75.6,10.8,106.6,425.8,34.3,73.3,125.2,193.0,1739,,TIRUPPUR,
Tamil Nadu,Tiruppur,IMD110-P1738,1953,1.6,8.8,0.0,120.0,95.0,35.0,40.6,27.1,88.0,203.5,59.9,7.7,687.0,10.4,215.0,190.7,271.0,1739,,TIRUPPUR,
Tamil Nadu,Tiruppur,IMD110-P1738,1954,45.7,0.0,28.3,76.6,140.7,3.6,45.9,82.2,10.5,162.4,22.3,45.0,663.4,45.7,245.7,142.2,229.8,1739,,TIRUPPUR,
Tamil Nadu,Tiruppur,IMD110-P1738,1955,21.9,0.0,16.6,132.1,107.4,8.4,6.5,14.9,128.5,142.7,131.7,45.0,755.7,21.9,256.2,158.2,319.4,1739,,TIRUPPUR,
Tamil Nadu,Tiruppur,IMD110-P1738,1956,2.5,0.0,0.0,49.6,10.3,61.2,15.3,22.2,51.2,240.2,168.5,11.3,632.2,2.5,59.9,149.8,420.0,1739,,TIRUPPUR,
Tamil Nadu,Tiruppur,IMD110-P1738,1957,0.0,4.3,21.9,21.5,98.6,13.2,23.6,4.9,7.3,210.2,191.6,27.8,624.9,4.3,142.0,49.1,429.6,1739,,TIRUPPUR,
Tamil Nadu,Tiruppur,IMD110-P1738,1958,5.8,0.0,11.8,44.6,121.5,5.8,17.5,69.1,54.5,161.8,101.3,7.4,601.2,5.8,178.0,146.9,270.5,1739,,TIRUPPUR,
Tamil Nadu,Tiruppur,IMD110-P1738,1959,0.7,24.8,0.0,40.4,64.4,69.2,37.9,34.4,48.5,160.7,120.5,41.2,642.7,25.5,104.8,190.0,322.4,1739,,TIRUPPUR,
Tamil Nadu,Tiruppur,IMD110-P1738,1960,0.0,0.0,17.6,47.5,64.6,1.0,85.9,20.4,44.8,72.4,179.6,3.2,537.0,0.0,129.7,152.2,255.2,1739,,TIRUPPUR,
Tamil Nadu,Tiruppur,IMD110-P1738,1961,29.6,16.9,0.0,19.3,86.8,21.1,41.5,20.3,20.2,151.1,47.8,44.8,499.5,46.5,106.1,103.2,243.6,1739,,TIRUPPUR,
Tamil Nadu,Tiruppur,IMD110-P1738,1962,2.2,43.6,11.9,99.0,162.5,15.8,14.8,33.9,68.4,190.1,50.7,61.7,754.5,45.9,273.4,132.8,302.5,1739,,TIRUPPUR,
Tamil Nadu,Tiruppur,IMD110-P1738,1963,27.7,0.4,20.6,74.5,48.0,21.1,47.3,24.5,41.1,73.3,100.8,133.3,612.6,28.0,143.2,134.0,307.4,1739,,TIRUPPUR,
Tamil Nadu,Tiruppur,IMD110-P1738,1964,0.0,0.0,0.2,5.1,73.7,29.4,86.6,44.5,80.4,226.3,147.3,119.3,812.9,0.0,79.1,240.9,492.9,1739,,TIRUPPUR,
Tamil Nadu,Tiruppur,IMD110-P1738,1965,0.0,0.0,4.5,62.8,58.3,1.3,4.8,39.1,59.9,149.1,76.5,112.6,569.2,0.0,125.7,105.3,338.3,1739,,TIRUPPUR,
Tamil Nadu,Tiruppur,IMD110-P1738,1966,2.0,0.0,0.4,47.2,4.6,20.7,49.5,29.0,134.7,183.0,117.8,72.8,661.6,2.0,52.2,233.8,373.6,1739,,TIRUPPUR,
Tamil Nadu,Tiruppur,IMD110-P1738,1967,13.8,0.0,35.3,30.2,39.9,32.9,26.5,13.5,11.8,92.4,68.0,39.3,403.7,13.8,105.5,84.7,199.7,1739,,TIRUPPUR,
Tamil Nadu,Tiruppur,IMD110-P1738,1968,0.0,0.3,25.5,53.9,40.0,10.6,6.5,13.0,75.5,61.6,77.0,42.3,406.3,0.3,119.4,105.7,180.9,1740,,TIRUPPUR,
Tamil Nadu,Tiruppur,IMD110-P1738,1969,0.0,0.0,26.6,51.6,74.6,5.8,10.1,83.3,15.7,201.0,92.8,54.5,616.0,0.0,152.8,114.8,348.3,1740,,TIRUPPUR,
Tamil Nadu,Tiruppur,IMD110-P1738,1970,3.0,25.7,24.3,23.1,84.6,9.2,5.4,33.2,56.8,218.1,176.0,4.3,663.7,28.7,132.0,104.6,398.4,1740,,TIRUPPUR,
Tamil Nadu,Tiruppur,IMD110-P1738,1971,11.8,0.0,40.2,53.9,74.2,13.0,7.8,95.7,,196.1,28.9,64.3,,11.8,168.3,,289.3,1740,missing_months,TIRUPPUR,
Tamil Nadu,Tiruppur,IMD110-P1738,1972,0.0,,0.0,23.8,200.1,31.1,8.8,8.0,163.1,216.0,96.1,84.5,,,224.0,211.1,396.6,1740,missing_months,TIRUPPUR,
Tamil Nadu,Tiruppur,IMD110-P1738,1973,0.0,0.0,0.0,38.1,54.6,62.8,28.3,14.8,59.3,132.1,35.9,75.4,501.2,0.0,92.7,165.1,243.3,1740,,TIRUPPUR,
Tamil Nadu,Tiruppur,IMD110-P1738,1974,0.0,0.0,0.0,36.6,31.0,2.3,20.8,4.9,168.1,50.2,43.5,7.5,364.8,0.0,67.6,196.0,101.1,1740,,TIRUPPUR,
Tamil Nadu,Tiruppur,IMD110-P1738,1975,0.0,0.4,30.4,1.8,86.0,13.0,55.1,35.0,143.6,89.6,49.4,10.6,514.8,0.4,118.2,246.6,149.6,1740,,TIRUPPUR,
Tamil Nadu,Tiruppur,IMD110-P1738,1976,0.0,0.0,0.0,125.2,51.7,2.9,5.1,34.5,39.5,118.1,167.3,15.5,559.8,0.0,176.9,82.0,300.9,1740,,TIRUPPUR,
Tamil Nadu,Tiruppur,IMD110-P1738,1977,0.0,11.1,0.3,27.9,111.9,2.3,18.6,24.2,90.9,369.3,257.1,2.7,916.1,11.1,140.1,135.9,629.1,1740,,TIRUPPUR,
Tamil Nadu,Tiruppur,IMD110-P1738,1978,0.0,1.2,5.9,10.0,82.7,3.7,14.8,7.1,57.0,168.1,172.7,72.0,595.3,1.2,98.6,82.7,412.8,1740,,TIRUPPUR,
Tamil Nadu,Tiruppur,IMD110-P1738,1979,0.0,57.2,4.7,28.5,33.2,44.8,16.2,39.2,195.4,94.1,314.4,18.1,845.7,57.2,66.3,295.6,426.6,1740,,TIRUPPUR,
Tamil Nadu,Tiruppur,IMD110-P1738,1980,0.0,0.0,21.1,25.4,184.2,5.9,8.9,5.7,59.5,99.9,88.1,3.8,502.5,0.0,230.7,80.0,191.7,1740,,TIRUPPUR,
Tamil Nadu,Tiruppur,IMD110-P1738,1981,0.0,0.0,19.7,25.7,105.3,4.0,11.1,14.4,191.3,147.1,65.4,27.8,611.8,0.0,150.7,220.8,240.3,1740,,TIRUPPUR,
Tamil Nadu,Tiruppur,IMD110-P1738,1982,0.0,0.0,9.5,18.1,84.4,19.1,7.7,4.5,55.8,72.6,126.0,13.0,410.8,0.0,112.0,87.1,211.6,1740,,TIRUPPUR,
Tamil Nadu,Tiruppur,IMD110-P1738,1983,0.0,0.0,1.2,2.8,119.1,55.9,17.4,19.2,30.5,91.9,83.4,129.7,551.1,0.0,123.1,123.0,305.0,1740,,TIRUPPUR,
Tamil Nadu,Tiruppur,IMD110-P1738,1984,7.3,41.4,53.9,36.2,33.2,6.1,49.0,0.2,89.2,163.8,45.7,52.2,578.1,48.7,123.3,144.4,261.7,1740,,TIRUPPUR,
Tamil Nadu,Tiruppur,IMD110-P1738,1985,64.1,0.0,2.3,43.1,26.7,10.4,6.0,15.7,64.2,44.8,107.9,9.7,394.8,64.1,72.1,96.3,162.4,1740,,TIRUPPUR,
Tamil Nadu,Tiruppur,IMD110-P1738,1986,4.6,22.5,22.6,8.0,67.9,0.8,13.1,18.8,83.8,143.7,29.4,,,27.2,98.6,116.4,,1740,missing_months,TIRUPPUR,
Tamil Nadu,Tiruppur,IMD110-P1738,1987,0.6,0.0,14.8,2.8,,36.0,0.6,10.0,77.8,,,129.0,,0.6,,124.4,,1740,missing_months,TIRUPPUR,
Tamil Nadu,Tiruppur,IMD110-P1738,1988,0.0,0.0,7.3,69.3,117.0,23.8,57.6,112.0,73.1,59.0,54.0,8.1,581.2,0.0,193.5,266.5,121.1,1740,,TIRUPPUR,
Tamil Nadu,Tiruppur,IMD110-P1738,1989,0.0,0.0,37.5,59.9,50.1,9.6,79.9,20.8,106.7,150.5,55.3,20.4,590.6,0.0,147.5,217.0,226.2,1740,,TIRUPPUR,
Tamil Nadu,Tiruppur,IMD110-P1738,1990,63.5,3.0,52.4,38.3,33.8,8.3,0.0,36.7,30.6,155.0,141.3,16.5,579.4,66.5,124.6,75.5,312.8,1740,,TIRUPPUR,
Tamil Nadu,Tiruppur,IMD110-P1738,1991,3.8,0.0,11.1,40.5,55.9,47.1,27.8,46.7,47.8,118.8,62.4,0.0,461.7,3.8,107.4,169.4,181.2,1740,,TIRUPPUR,
Tamil Nadu,Tiruppur,IMD110-P1738,1992,0.0,0.0,0.0,8.3,66.6,67.8,60.6,28.1,186.6,61.9,251.8,11.9,743.5,0.0,74.9,343.1,325.5,1740,,TIRUPPUR,
Tamil Nadu,Tiruppur,IMD110-P1738,1993,0.0,8.0,1.3,13.0,73.7,49.1,34.6,15.3,39.6,186.0,285.4,51.4,757.4,8.0,88.0,138.6,522.7,1740,,TIRUPPUR,
Tamil Nadu,Tiruppur,IMD110-P1738,1994,2.8,2.1,0.3,96.5,44.4,6.1,17.2,2.0,80.2,306.7,211.4,6.9,776.8,4.9,141.2,105.6,525.1,1740,,TIRUPPUR,
Tamil Nadu,Tiruppur,IMD110-P1738,1995,1.0,0.0,5.6,51.6,98.5,14.7,18.5,70.7,21.3,145.8,77.0,0.0,504.7,1.0,155.6,125.2,222.8,1740,,TIRUPPUR,
Tamil Nadu,Tiruppur,IMD110-P1738,1996,1.3,0.0,11.8,121.4,38.5,42.8,21.9,75.0,79.7,104.0,60.9,115.5,672.8,1.3,171.7,219.4,280.4,1740,,TIRUPPUR,
Tamil Nadu,Tiruppur,IMD110-P1738,1997,0.0,0.0,0.0,50.2,10.7,35.9,30.9,14.0,48.7,138.8,174.4,57.4,561.0,0.0,60.8,129.6,370.5,1740,,TIRUPPUR,
Tamil Nadu,Tiruppur,IMD110-P1738,1998,,,,12.4,47.1,18.4,50.8,76.4,72.8,45.1,194.3,118.5,,,,218.5,357.9,1740,missing_months,TIRUPPUR,
Tamil Nadu,Tiruppur,IMD110-P1738,1999,,,,85.1,33.3,12.1,7.4,20.4,62.0,383.2,154.2,29.6,,,,101.9,567.0,1740,missing_months,TIRUPPUR,
Tamil Nadu,Tiruppur,IMD110-P1738,2000,16.0,27.6,5.0,51.5,47.3,18.8,21.3,92.1,137.1,48.2,107.8,49.8,622.5,43.6,103.8,269.3,205.8,1740,,TIRUPPUR,
Tamil Nadu,Tiruppur,IMD110-P1738,2001,6.1,,13.6,95.1,33.6,38.7,12.0,7.3,32.8,49.1,63.6,25.3,,,142.3,90.7,138.0,1740,missing_months,TIRUPPUR,
Tamil Nadu,Tiruppur,IMD110-P1738,2002,0.0,2.4,6.1,19.1,17.6,25.4,1.8,4.9,12.3,118.4,28.9,15.3,252.3,2.4,42.8,44.3,162.7,1741,,TIRUPPUR,
Tamil Nadu,Tiruppur,IMD110-P1738,2003,0.0,1.4,19.9,13.8,21.3,5.2,2.1,21.0,5.8,88.1,44.2,7.8,230.7,1.4,55.0,34.2,140.1,1741,,TIRUPPUR,
Tamil Nadu,Tiruppur,IMD110-P1738,2004,0.0,0.0,0.0,20.9,57.4,5.9,,,,,,,,0.0,78.3,,,1741,missing_months,TIRUPPUR,
Tamil Nadu,Tiruppur,IMD110-P1738,2005,1.1,13.3,4.6,118.7,137.0,25.6,70.8,53.3,25.4,219.0,268.0,90.5,1027.5,14.4,260.3,175.2,577.6,1741,,TIRUPPUR,
Tamil Nadu,Tiruppur,IMD110-P1738,2006,19.4,0.0,15.0,15.6,60.6,11.5,10.5,24.0,51.5,144.7,242.5,0.0,595.5,19.4,91.3,97.6,387.2,1741,,TIRUPPUR,
Tamil Nadu,Tiruppur,IMD110-P1738,2007,2.6,0.0,0.0,82.3,27.4,66.8,18.1,53.7,51.6,,,,,2.6,109.7,190.2,,1741,missing_months,TIRUPPUR,
Tamil Nadu,Tiruppur,IMD110-P1738,2008,6.0,130.8,103.0,2.0,146.0,10.0,18.0,123.0,111.0,358.0,89.0,59.0,1155.8,136.8,251.0,262.0,506.0,1741,,TIRUPPUR,
Tamil Nadu,Tiruppur,IMD110-P1738,2009,1.4,0.0,1.0,,,2.8,9.7,43.0,55.5,64.9,242.7,22.6,,1.4,,111.0,330.2,1741,missing_months,TIRUPPUR,
Tamil Nadu,Tiruppur,IMD110-P1738,2010,0.0,0.0,2.0,12.3,62.7,34.8,34.5,38.6,78.5,153.8,359.4,77.8,854.5,0.0,77.0,186.4,591.0,1741,,TIRUPPUR,
Tamil Nadu,Tiruchirapalli,IMD110-P1742,1901,1.3,26.0,1.6,10.0,80.2,28.6,11.1,109.3,270.7,163.5,163.5,49.5,915.3,27.4,91.8,419.7,376.5,1742,,TIRUCHIRAPALLI,
Tamil Nadu,Tiruchirapalli,IMD110-P1742,1902,65.3,20.2,24.8,14.3,103.4,59.8,7.7,139.8,103.7,229.2,96.6,139.2,1004.0,85.5,142.5,311.1,465.0,1742,,TIRUCHIRAPALLI,
Tamil Nadu,Tiruchirapalli,IMD110-P1742,1903,8.5,8.4,0.0,8.0,217.4,59.3,29.6,136.0,230.5,109.5,155.5,156.6,1119.4,16.9,225.4,455.4,421.7,1742,,TIRUCHIRAPALLI,
Tamil Nadu,Tiruchirapalli,IMD110-P1742,1904,60.3,0.0,0.0,22.0,120.5,2.7,43.1,22.4,95.7,150.8,15.5,28.8,561.9,60.3,142.5,164.0,195.1,1742,,TIRUCHIRAPALLI,
Tamil Nadu,Tiruchirapalli,IMD110-P1742,1905,5.5,0.0,22.4,87.6,108.1,53.3,11.7,82.8,90.8,150.8,105.5,0.2,718.7,5.5,218.1,238.7,256.4,1742,,TIRUCHIRAPALLI,
Tamil Nadu,Tiruchirapalli,IMD110-P1742,1906,47.3,8.9,22.6,0.0,40.0,26.7,43.6,252.1,34.8,228.6,143.8,67.8,916.1,56.2,62.6,357.2,440.2,1742,,TIRUCHIRAPALLI,
Tamil Nadu,Tiruchirapalli,IMD110-P1742,1907,1.3,2.6,8.6,51.6,104.1,26.0,101.2,29.7,169.2,166.3,220.9,56.1,937.5,3.9,164.4,326.0,443.2,1742,,TIRUCHIRAPALLI,
Tamil Nadu,Tiruchirapalli,IMD110-P1742,1908,1.7,28.7,5.8,22.7,86.3,35.9,20.4,16.8,219.7,238.4,8.8,14.8,700.1,30.4,114.8,292.9,262.0,1742,,TIRUCHIRAPALLI,
Tamil Nadu,Tiruchirapalli,IMD110-P1742,1909,157.5,4.0,0.0,52.6,168.0,6.0,10.3,219.3,82.0,163.5,57.2,3.2,923.6,161.5,220.6,317.6,223.9,1742,,TIRUCHIRAPALLI,
Tamil Nadu,Tiruchirapalli,IMD110-P1742,1910,0.6,22.4,0.0,31.2,126.0,27.3,120.2,109.1,29.9,305.5,121.2,0.0,893.4,22.9,157.2,286.5,426.7,1742,,TIRUCHIRAPALLI,
Tamil Nadu,Tiruchirapalli,IMD110-P1742,1911,0.5,0.0,0.6,70.8,75.0,67.7,4.6,7.2,162.1,85.0,157.9,114.8,746.1,0.5,146.4,241.5,357.7,1742,,TIRUCHIRAPALLI,
Tamil Nadu,Tiruchirapalli,IMD110-P1742,1912,4.5,0.0,0.0,16.6,119.6,49.5,8.5,27.0,129.2,216.6,229.6,17.6,818.8,4.5,136.3,214.2,463.8,1742,,TIRUCHIRAPALLI,
Tamil Nadu,Tiruchirapalli,IMD110-P1742,1913,0.0,1.6,0.0,19.3,80.1,23.1,43.5,47.3,199.3,156.9,133.1,83.1,787.3,1.6,99.4,313.2,373.1,1742,,TIRUCHIRAPALLI,
Tamil Nadu,Tiruchirapalli,IMD110-P1742,1914,1.9,0.0,4.6,35.6,108.4,21.9,7.4,65.3,82.9,209.3,88.0,72.7,698.2,1.9,148.6,177.6,370.1,1742,,TIRUCHIRAPALLI,
Tamil Nadu,Tiruchirapalli,IMD110-P1742,1915,19.3,20.4,62.5,38.2,97.9,49.2,92.1,116.3,173.9,124.8,205.5,66.8,1066.9,39.7,198.6,431.5,397.1,1742,,TIRUCHIRAPALLI,
Tamil Nadu,Tiruchirapalli,IMD110-P1742,1916,0.0,0.9,0.0,12.3,61.4,7.9,270.0,148.2,73.0,178.1,76.8,24.8,853.4,0.9,73.6,499.0,279.8,1742,,TIRUCHIRAPALLI,
Tamil Nadu,Tiruchirapalli,IMD110-P1742,1917,11.6,27.7,34.8,5.6,155.1,43.5,22.3,185.0,212.5,176.0,143.8,33.6,1051.5,39.3,195.5,463.3,353.4,1742,,TIRUCHIRAPALLI,
Tamil Nadu,Tiruchirapalli,IMD110-P1742,1918,51.8,3.2,34.7,0.2,30.0,29.5,69.2,79.1,45.9,111.4,275.9,85.2,816.0,54.9,64.9,223.7,472.5,1742,,TIRUCHIRAPALLI,
Tamil Nadu,Tiruchirapalli,IMD110-P1742,1919,9.0,0.0,28.9,30.9,117.7,25.1,96.5,33.5,162.1,86.1,306.9,119.9,1016.7,9.0,177.5,317.3,512.9,1742,,TIRUCHIRAPALLI,
Tamil Nadu,Tiruchirapalli,IMD110-P1742,1920,126.0,0.0,0.0,64.3,92.1,32.9,5.9,52.8,190.1,184.8,425.5,0.8,1175.1,126.0,156.5,281.6,611.0,1742,,TIRUCHIRAPALLI,
Tamil Nadu,Tiruchirapalli,IMD110-P1742,1921,158.9,0.0,0.0,77.6,39.2,69.4,21.8,107.2,139.5,183.0,62.6,62.5,921.5,158.9,116.7,337.9,308.0,1742,,TIRUCHIRAPALLI,
Tamil Nadu,Tiruchirapalli,IMD110-P1742,1922,23.0,6.2,4.9,25.4,122.2,36.7,8.0,49.8,81.1,217.0,224.8,55.6,854.8,29.1,152.6,175.7,497.4,1742,,TIRUCHIRAPALLI,
Tamil Nadu,Tiruchirapalli,IMD110-P1742,1923,150.0,0.7,33.7,7.6,34.8,13.5,5.1,11.3,112.2,236.7,1.7,78.3,685.7,150.7,76.1,142.1,316.7,1742,,TIRUCHIRAPALLI,
Tamil Nadu,Tiruchirapalli,IMD110-P1742,1924,40.0,0.0,8.4,30.2,106.6,13.4,38.0,111.7,174.2,62.9,164.9,9.9,760.1,40.0,145.3,337.2,237.6,1742,,TIRUCHIRAPALLI,
Tamil Nadu,Tiruchirapalli,IMD110-P1742,1925,5.3,0.8,13.9,11.9,84.6,77.0,21.3,93.4,68.0,90.5,130.9,122.8,720.4,6.1,110.4,259.7,344.2,1742,,TIRUCHIRAPALLI,
Tamil Nadu,Tiruchirapalli,IMD110-P1742,1926,86.8,1.3,10.4,27.3,42.7,24.9,49.7,39.4,155.9,131.4,87.1,9.8,666.7,88.1,80.4,270.0,228.2,1742,,TIRUCHIRAPALLI,
Tamil Nadu,Tiruchirapalli,IMD110-P1742,1927,3.4,10.7,5.6,46.8,59.2,56.8,50.0,74.2,165.2,71.4,133.9,33.4,710.7,14.1,111.7,346.3,238.7,1742,,TIRUCHIRAPALLI,
Tamil Nadu,Tiruchirapalli,IMD110-P1742,1928,11.2,60.3,33.4,66.0,37.4,11.4,73.2,29.8,36.6,262.6,87.2,94.9,804.0,71.5,136.8,151.0,444.7,1742,,TIRUCHIRAPALLI,
Tamil Nadu,Tiruchirapalli,IMD110-P1742,1929,7.3,0.8,2.8,103.7,47.8,20.3,4.6,29.0,160.4,193.4,131.0,83.3,784.4,8.1,154.3,214.3,407.7,1742,,TIRUCHIRAPALLI,
Tamil Nadu,Tiruchirapalli,IMD110-P1742,1930,31.4,26.8,23.1,16.7,190.9,78.5,8.6,71.8,74.7,546.2,102.8,22.6,1194.1,58.2,230.7,233.6,671.5,1742,,TIRUCHIRAPALLI,
Tamil Nadu,Tiruchirapalli,IMD110-P1742,1931,7.2,0.0,0.0,35.1,60.1,26.6,25.8,9.8,149.7,115.8,129.9,259.3,819.3,7.2,95.2,211.9,505.0,1742,,TIRUCHIRAPALLI,
Tamil Nadu,Tiruchirapalli,IMD110-P1742,1932,0.0,1.4,10.7,65.6,111.8,29.3,33.5,219.5,62.6,257.9,270.8,90.8,1153.9,1.4,188.0,344.9,619.5,1742,,TIRUCHIRAPALLI,
Tamil Nadu,Tiruchirapalli,IMD110-P1742,1933,0.2,0.0,9.0,38.6,98.9,1.5,37.3,250.3,96.3,218.0,74.2,77.8,902.0,0.2,146.6,385.4,369.9,1742,,TIRUCHIRAPALLI,
Tamil Nadu,Tiruchirapalli,IMD110-P1742,1934,82.2,0.0,3.0,8.5,40.3,51.3,12.4,23.3,38.7,259.5,166.9,15.2,701.3,82.2,51.9,125.7,441.6,1743,,TIRUCHIRAPALLI,
Tamil Nadu,Tiruchirapalli,IMD110-P1742,1935,21.9,0.0,0.7,65.7,42.8,79.8,14.2,182.4,31.4,150.5,167.3,85.7,842.4,21.9,109.2,307.8,403.5,1743,,TIRUCHIRAPALLI,
Tamil Nadu,Tiruchirapalli,IMD110-P1742,1936,3.0,52.9,28.5,57.0,45.8,23.5,62.0,26.1,149.1,75.0,205.7,51.7,780.2,55.9,131.2,260.7,332.4,1743,,TIRUCHIRAPALLI,
Tamil Nadu,Tiruchirapalli,IMD110-P1742,1937,14.8,1.4,16.5,152.0,66.9,19.7,16.2,164.7,183.0,208.0,200.8,9.9,1053.9,16.2,235.5,383.6,418.7,1743,,TIRUCHIRAPALLI,
Tamil Nadu,Tiruchirapalli,IMD110-P1742,1938,0.0,58.7,24.7,28.4,91.5,27.4,112.1,223.4,126.0,94.5,12.8,51.4,851.1,58.7,144.7,489.0,158.8,1743,,TIRUCHIRAPALLI,
Tamil Nadu,Tiruchirapalli,IMD110-P1742,1939,44.3,0.6,22.6,151.0,33.6,97.8,2.5,115.5,80.0,419.3,306.6,7.7,1281.5,44.9,207.2,295.8,733.6,1743,,TIRUCHIRAPALLI,
Tamil Nadu,Tiruchirapalli,IMD110-P1742,1940,0.0,0.0,10.0,39.7,134.0,26.9,8.7,27.5,182.5,142.4,306.0,45.7,923.4,0.0,183.7,245.5,494.1,1743,,TIRUCHIRAPALLI,
Tamil Nadu,Tiruchirapalli,IMD110-P1742,1941,3.2,0.0,0.0,69.7,73.3,14.4,37.4,70.8,200.1,126.7,161.0,85.4,842.1,3.2,143.0,322.9,373.1,1743,,TIRUCHIRAPALLI,
Tamil Nadu,Tiruchirapalli,IMD110-P1742,1942,0.1,0.0,0.4,12.5,59.1,13.1,5.2,65.9,154.0,120.6,78.8,101.3,611.0,0.1,72.0,238.1,300.7,1743,,TIRUCHIRAPALLI,
Tamil Nadu,Tiruchirapalli,IMD110-P1742,1943,100.6,2.7,2.6,40.9,108.6,6.9,39.0,52.1,115.9,355.1,92.6,14.2,931.1,103.2,152.1,213.9,461.9,1743,,TIRUCHIRAPALLI,
Tamil Nadu,Tiruchirapalli,IMD110-P1742,1944,8.7,38.3,46.5,15.9,41.6,93.7,23.3,183.7,173.5,207.1,195.8,90.8,1118.7,47.0,103.9,474.1,493.6,1743,,TIRUCHIRAPALLI,
Tamil Nadu,Tiruchirapalli,IMD110-P1742,1945,0.0,5.1,0.9,50.2,47.9,14.1,37.0,106.4,84.8,156.3,113.5,4.0,620.4,5.2,99.0,242.4,273.8,1743,,TIRUCHIRAPALLI,
Tamil Nadu,Tiruchirapalli,IMD110-P1742,1946,19.1,0.0,2.8,41.9,115.5,7.1,17.9,25.7,106.2,156.9,241.7,137.2,872.0,19.1,160.2,156.9,535.8,1743,,TIRUCHIRAPALLI,
Tamil Nadu,Tiruchirapalli,IMD110-P1742,1947,51.6,5.9,52.6,70.4,55.7,15.5,76.2,125.0,79.3,231.5,7.0,6.9,777.6,57.4,178.7,296.0,245.4,1743,,TIRUCHIRAPALLI,
Tamil Nadu,Tiruchirapalli,IMD110-P1742,1948,40.3,7.0,9.8,67.0,72.9,45.4,54.6,73.5,79.6,164.0,173.5,25.1,812.8,47.4,149.7,253.2,362.5,1743,,TIRUCHIRAPALLI,
Tamil Nadu,Tiruchirapalli,IMD110-P1742,1949,0.9,0.0,0.0,66.1,143.7,52.6,76.1,230.3,86.2,205.5,74.4,0.0,935.8,0.9,209.8,445.1,279.9,1743,,TIRUCHIRAPALLI,
Tamil Nadu,Tiruchirapalli,IMD110-P1742,1950,0.0,94.7,6.8,3.4,34.1,5.1,19.1,173.8,54.4,217.9,128.5,19.6,757.3,94.7,44.3,252.3,366.0,1743,,TIRUCHIRAPALLI,
Tamil Nadu,Tiruchirapalli,IMD110-P1742,1951,2.6,0.0,12.3,101.3,92.3,3.8,92.5,89.9,87.5,126.5,194.3,1.1,804.1,2.6,205.9,273.7,321.9,1743,,TIRUCHIRAPALLI,
Tamil Nadu,Tiruchirapalli,IMD110-P1742,1952,18.2,48.5,3.6,17.0,21.9,17.9,96.8,18.2,19.5,131.7,20.3,190.5,604.2,66.7,42.5,152.4,342.6,1743,,TIRUCHIRAPALLI,
Tamil Nadu,Tiruchirapalli,IMD110-P1742,1953,3.7,10.0,0.6,132.8,51.3,45.0,125.7,70.8,159.7,322.7,77.6,11.5,1011.4,13.7,184.7,401.2,411.7,1743,,TIRUCHIRAPALLI,
Tamil Nadu,Tiruchirapalli,IMD110-P1742,1954,74.9,0.4,29.7,79.0,96.8,5.0,55.0,184.7,77.4,238.3,55.1,78.1,974.3,75.3,205.4,322.0,371.6,1743,,TIRUCHIRAPALLI,
Tamil Nadu,Tiruchirapalli,IMD110-P1742,1955,18.5,0.4,7.1,116.7,120.1,19.6,21.0,42.1,162.0,228.2,107.7,176.2,1019.6,18.9,243.9,244.7,512.1,1743,,TIRUCHIRAPALLI,
Tamil Nadu,Tiruchirapalli,IMD110-P1742,1956,16.9,0.0,0.0,24.5,46.4,21.9,4.3,84.8,125.2,370.6,255.4,34.8,984.7,16.9,70.9,236.1,660.8,1743,,TIRUCHIRAPALLI,
Tamil Nadu,Tiruchirapalli,IMD110-P1742,1957,0.0,6.0,5.4,15.3,57.5,24.8,20.8,18.8,99.3,207.9,132.9,66.3,655.0,6.0,78.1,163.7,407.1,1743,,TIRUCHIRAPALLI,
Tamil Nadu,Tiruchirapalli,IMD110-P1742,1958,4.5,0.0,14.7,31.8,133.2,23.5,10.3,137.6,63.4,98.9,153.8,25.5,697.2,4.5,179.7,234.9,278.2,1743,,TIRUCHIRAPALLI,
Tamil Nadu,Tiruchirapalli,IMD110-P1742,1959,2.8,38.0,0.0,63.6,40.7,70.8,6.7,60.6,85.9,172.2,155.8,35.5,732.6,40.8,104.2,224.0,363.4,1743,,TIRUCHIRAPALLI,
Tamil Nadu,Tiruchirapalli,IMD110-P1742,1960,0.0,4.4,14.2,42.7,76.0,9.8,172.8,77.5,78.0,73.0,247.6,6.7,802.7,4.4,132.8,338.1,327.3,1743,,TIRUCHIRAPALLI,
Tamil Nadu,Tiruchirapalli,IMD110-P1742,1961,67.2,0.0,0.0,7.6,50.0,41.1,52.1,77.3,137.6,199.9,53.3,22.0,708.1,67.2,57.6,308.1,275.2,1743,,TIRUCHIRAPALLI,
Tamil Nadu,Tiruchirapalli,IMD110-P1742,1962,0.8,3.8,22.5,13.7,56.0,30.4,11.5,97.9,143.1,264.0,43.4,31.4,718.6,4.6,92.2,283.0,338.8,1743,,TIRUCHIRAPALLI,
Tamil Nadu,Tiruchirapalli,IMD110-P1742,1963,99.6,1.2,21.1,50.2,25.0,27.5,49.4,31.4,112.1,190.4,130.1,140.2,878.2,100.8,96.3,220.3,460.7,1743,,TIRUCHIRAPALLI,
Tamil Nadu,Tiruchirapalli,IMD110-P1742,1964,0.0,0.0,8.2,3.9,39.0,47.4,220.9,32.7,105.4,214.4,110.7,80.8,863.5,0.0,51.2,406.4,405.9,1743,,TIRUCHIRAPALLI,
Tamil Nadu,Tiruchirapalli,IMD110-P1742,1965,1.1,3.7,0.6,61.6,18.7,22.3,56.7,220.3,101.6,212.0,57.2,151.0,906.8,4.8,80.9,400.9,420.2,1743,,TIRUCHIRAPALLI,
Tamil Nadu,Tiruchirapalli,IMD110-P1742,1966,4.8,0.6,2.1,18.4,6.9,66.5,37.9,196.7,216.4,309.8,152.4,69.3,1081.8,5.4,27.4,517.5,531.5,1743,,TIRUCHIRAPALLI,
Tamil Nadu,Tiruchirapalli,IMD110-P1742,1967,20.8,0.3,26.3,4.5,27.4,83.0,25.0,60.7,101.2,169.5,131.7,183.0,833.2,21.0,58.1,270.0,484.2,1743,,TIRUCHIRAPALLI,
Tamil Nadu,Tiruchirapalli,IMD110-P1742,1968,1.1,1.5,69.4,122.5,81.7,14.0,4.4,63.9,144.8,127.0,110.1,52.3,792.6,2.6,273.5,227.1,289.4,1744,,TIRUCHIRAPALLI,
Tamil Nadu,Tiruchirapalli,IMD110-P1742,1969,0.0,0.2,0.0,11.9,27.3,22.0,4.7,98.6,26.5,185.6,163.1,92.7,632.6,0.2,39.2,151.7,441.5,1744,,TIRUCHIRAPALLI,
Tamil Nadu,Tiruchirapalli,IMD110-P1742,1970,15.4,5.1,4.7,70.3,99.7,29.6,94.0,71.7,78.8,223.4,163.2,11.1,867.0,20.5,174.6,274.2,397.7,1744,,TIRUCHIRAPALLI,
Tamil Nadu,Tiruchirapalli,IMD110-P1742,1971,3.3,26.4,16.4,30.8,74.5,8.6,10.8,115.0,123.2,127.5,62.7,162.0,761.2,29.7,121.8,257.6,352.1,1744,,TIRUCHIRAPALLI,
Tamil Nadu,Tiruchirapalli,IMD110-P1742,1972,0.0,0.0,0.0,0.8,98.0,38.4,7.3,13.6,254.7,287.4,70.7,217.0,987.9,0.0,98.8,314.0,575.1,1744,,TIRUCHIRAPALLI,
Tamil Nadu,Tiruchirapalli,IMD110-P1742,1973,0.0,0.0,0.0,1.6,40.8,26.2,77.1,22.2,215.3,176.5,48.8,116.4,724.8,0.0,42.4,340.8,341.7,1744,,TIRUCHIRAPALLI,
Tamil Nadu,Tiruchirapalli,IMD110-P1742,1974,0.0,1.7,2.0,9.4,58.4,21.8,23.3,33.4,229.9,117.2,11.5,21.1,529.8,1.7,69.9,308.4,149.8,1744,,TIRUCHIRAPALLI,
Tamil Nadu,Tiruchirapalli,IMD110-P1742,1975,4.0,0.0,22.6,0.3,79.8,2.6,84.2,56.7,149.5,154.0,90.9,40.7,685.2,4.0,102.7,293.0,285.6,1744,,TIRUCHIRAPALLI,
Tamil Nadu,Tiruchirapalli,IMD110-P1742,1976,0.0,0.0,18.6,75.1,27.3,56.4,24.8,149.0,97.0,87.7,159.3,30.9,726.1,0.0,121.0,327.3,277.9,1744,,TIRUCHIRAPALLI,
Tamil Nadu,Tiruchirapalli,IMD110-P1742,1977,0.0,24.0,4.7,51.1,91.8,26.0,17.3,124.0,117.0,331.3,320.0,12.0,1119.3,24.0,147.6,284.3,663.4,1744,,TIRUCHIRAPALLI,
Tamil Nadu,Tiruchirapalli,IMD110-P1742,1978,0.0,5.4,0.0,30.2,44.2,0.0,54.7,4.5,127.8,130.9,289.7,149.1,836.6,5.4,74.4,187.0,569.6,1744,,TIRUCHIRAPALLI,
Tamil Nadu,Tiruchirapalli,IMD110-P1742,1979,1.6,21.2,14.5,7.0,17.0,57.2,82.2,80.1,227.1,165.8,354.1,27.9,1055.9,22.8,38.5,446.6,547.9,1744,,TIRUCHIRAPALLI,
Tamil Nadu,Tiruchirapalli,IMD110-P1742,1980,0.0,0.0,0.9,27.5,28.2,9.8,1.5,5.2,46.3,160.9,104.5,19.4,404.0,0.0,56.6,62.7,284.8,1744,,TIRUCHIRAPALLI,
Tamil Nadu,Tiruchirapalli,IMD110-P1742,1981,1.1,0.0,9.9,2.4,116.6,3.5,81.6,39.9,195.4,282.6,138.2,74.4,945.5,1.1,128.8,320.3,495.3,1744,,TIRUCHIRAPALLI,
Tamil Nadu,Tiruchirapalli,IMD110-P1742,1982,0.0,0.0,0.0,18.9,45.1,15.7,20.4,26.2,134.9,81.2,182.5,24.5,549.4,0.0,63.9,197.3,288.2,1744,,TIRUCHIRAPALLI,
Tamil Nadu,Tiruchirapalli,IMD110-P1742,1983,0.0,0.0,0.0,0.3,85.4,44.4,50.1,67.9,224.4,137.8,35.8,310.8,956.7,0.0,85.6,386.7,484.4,1744,,TIRUCHIRAPALLI,
Tamil Nadu,Tiruchirapalli,IMD110-P1742,1984,45.7,111.6,99.0,45.6,8.4,0.0,123.1,29.5,130.9,136.5,51.1,82.1,863.6,157.3,153.1,283.5,269.7,1744,,TIRUCHIRAPALLI,
Tamil Nadu,Tiruchirapalli,IMD110-P1742,1985,68.9,0.0,0.5,14.9,14.6,31.5,19.6,91.0,153.2,75.6,110.1,20.4,600.4,68.9,30.1,295.3,206.1,1744,,TIRUCHIRAPALLI,
Tamil Nadu,Tiruchirapalli,IMD110-P1742,1986,54.6,10.1,30.4,0.0,36.2,18.9,19.4,138.7,125.9,143.5,113.6,44.9,736.2,64.7,66.7,302.8,302.0,1744,,TIRUCHIRAPALLI,
Tamil Nadu,Tiruchirapalli,IMD110-P1742,1987,0.5,0.3,7.0,8.3,4.3,30.8,23.5,58.3,122.1,87.6,46.4,145.5,534.7,0.8,19.6,234.7,279.5,1744,,TIRUCHIRAPALLI,
Tamil Nadu,Tiruchirapalli,IMD110-P1742,1988,0.0,0.0,11.4,67.7,48.0,39.6,96.7,130.1,154.1,69.2,48.0,14.7,679.5,0.0,127.1,420.6,131.9,1744,,TIRUCHIRAPALLI,
Tamil Nadu,Tiruchirapalli,IMD110-P1742,1989,0.2,0.0,8.2,13.8,32.4,22.9,112.2,8.7,143.3,102.9,106.4,22.6,573.6,0.2,54.3,287.2,231.9,1744,,TIRUCHIRAPALLI,
Tamil Nadu,Tiruchirapalli,IMD110-P1742,1990,52.4,4.1,15.4,5.5,37.1,7.1,11.8,57.8,195.4,104.6,55.4,39.5,586.1,56.5,58.0,272.2,199.4,1744,,TIRUCHIRAPALLI,
Tamil Nadu,Tiruchirapalli,IMD110-P1742,1991,5.7,1.9,0.0,18.8,4.1,112.3,0.5,71.1,173.4,163.0,186.4,28.1,765.2,7.6,22.9,357.3,377.4,1744,,TIRUCHIRAPALLI,
Tamil Nadu,Tiruchirapalli,IMD110-P1742,1992,0.0,0.0,0.0,10.9,40.3,45.9,58.4,29.1,206.1,97.1,346.5,58.4,892.7,0.0,51.2,339.6,502.0,1744,,TIRUCHIRAPALLI,
Tamil Nadu,Tiruchirapalli,IMD110-P1742,1993,0.0,0.0,1.5,0.2,16.6,72.5,37.3,67.5,114.6,172.6,321.9,177.2,982.0,0.0,18.3,292.0,671.7,1744,,TIRUCHIRAPALLI,
Tamil Nadu,Tiruchirapalli,IMD110-P1742,1994,0.2,31.5,0.9,56.5,101.9,0.8,15.0,22.3,100.3,160.1,110.8,16.9,617.2,31.8,159.3,138.4,287.7,1744,,TIRUCHIRAPALLI,
Tamil Nadu,Tiruchirapalli,IMD110-P1742,1995,0.9,0.2,6.2,11.3,124.6,29.3,74.4,115.2,66.9,91.0,102.6,2.0,624.6,1.1,142.1,285.8,195.6,1744,,TIRUCHIRAPALLI,
Tamil Nadu,Tiruchirapalli,IMD110-P1742,1996,0.5,0.0,0.0,105.3,27.2,74.2,26.9,129.7,121.0,87.2,55.9,208.2,836.2,0.5,132.5,351.9,351.3,1744,,TIRUCHIRAPALLI,
Tamil Nadu,Tiruchirapalli,IMD110-P1742,1997,4.9,0.0,0.1,58.3,48.5,37.5,15.8,2.6,77.1,191.1,236.6,75.0,747.7,4.9,107.0,133.0,502.8,1744,,TIRUCHIRAPALLI,
Tamil Nadu,Tiruchirapalli,IMD110-P1742,1998,0.0,2.5,0.0,17.6,42.3,5.2,48.8,180.1,129.3,66.6,219.9,183.6,895.8,2.5,60.0,363.4,470.0,1744,,TIRUCHIRAPALLI,
Tamil Nadu,Tiruchirapalli,IMD110-P1742,1999,0.1,3.8,0.0,64.3,64.9,9.9,19.9,60.9,42.2,208.9,276.1,42.1,793.1,3.9,129.2,132.9,527.1,1744,,TIRUCHIRAPALLI,
Tamil Nadu,Tiruchirapalli,IMD110-P1742,2000,21.9,18.8,0.0,38.6,53.7,4.2,68.4,84.4,168.6,111.2,171.6,78.6,820.0,40.7,92.4,325.6,361.4,1744,,TIRUCHIRAPALLI,
Tamil Nadu,Tiruchirapalli,IMD110-P1742,2001,37.2,0.2,0.7,40.9,30.8,8.9,47.6,18.0,65.6,83.1,81.7,23.1,437.8,37.4,72.4,140.1,188.0,1744,,TIRUCHIRAPALLI,
Tamil Nadu,Tiruchirapalli,IMD110-P1742,2002,0.1,27.1,0.0,1.1,26.5,38.3,0.6,9.8,24.9,62.7,17.9,4.3,213.2,27.1,27.6,73.6,84.9,1745,,TIRUCHIRAPALLI,
Tamil Nadu,Tiruchirapalli,IMD110-P1742,2003,0.2,0.0,2.9,2.4,40.1,11.7,14.6,64.2,40.6,68.3,64.4,1.1,310.7,0.2,45.5,131.1,133.8,1745,,TIRUCHIRAPALLI,
Tamil Nadu,Tiruchirapalli,IMD110-P1742,2004,0.3,0.0,0.0,2.5,84.7,9.3,122.9,8.7,328.2,191.6,130.3,1.0,879.6,0.3,87.2,469.2,322.9,1745,,TIRUCHIRAPALLI,
Tamil Nadu,Tiruchirapalli,IMD110-P1742,2005,0.1,0.4,21.8,95.9,95.7,4.4,62.9,77.5,86.6,349.4,374.7,157.2,1326.6,0.5,213.4,231.4,881.3,1745,,TIRUCHIRAPALLI,
Tamil Nadu,Tiruchirapalli,IMD110-P1742,2006,8.5,0.0,27.1,35.1,80.9,25.2,0.0,111.0,138.4,152.8,113.8,13.0,705.8,8.5,143.1,274.6,279.6,1745,,TIRUCHIRAPALLI,
Tamil Nadu,Tiruchirapalli,IMD110-P1742,2007,0.1,0.6,0.0,35.3,72.2,54.4,41.6,140.6,35.4,152.8,73.8,301.5,908.2,0.7,107.6,272.0,528.0,1745,,TIRUCHIRAPALLI,
Tamil Nadu,Tiruchirapalli,IMD110-P1742,2008,4.9,18.1,102.1,9.5,80.6,7.6,82.1,85.2,37.3,158.0,395.7,55.0,1036.1,23.0,192.2,212.2,608.7,1745,,TIRUCHIRAPALLI,
Tamil Nadu,Tiruchirapalli,IMD110-P1742,2009,4.5,0.0,4.2,16.3,28.9,21.0,10.2,117.2,90.1,34.6,263.6,82.7,673.2,4.5,49.3,238.5,380.9,1745,,TIRUCHIRAPALLI,
Tamil Nadu,Tiruchirapalli,IMD110-P1742,2010,11.6,0.0,0.0,4.1,101.9,63.8,43.5,106.0,108.9,120.6,270.3,116.7,947.5,11.6,106.0,322.2,507.6,1745,,TIRUCHIRAPALLI,
Tamil Nadu,Thoothukudi,IMD110-P1746,1901,52.8,21.6,80.7,42.1,27.3,16.5,3.1,2.1,63.6,52.0,264.9,14.6,641.4,74.4,150.1,85.4,331.6,1746,,THOOTHUKUDI,
Tamil Nadu,Thoothukudi,IMD110-P1746,1902,148.8,0.7,90.8,7.0,19.5,9.1,3.4,7.8,16.1,386.5,299.0,172.2,1160.8,149.5,117.2,36.4,857.7,1746,,THOOTHUKUDI,
Tamil Nadu,Thoothukudi,IMD110-P1746,1903,13.0,30.5,0.8,40.3,52.8,3.8,3.9,13.3,31.8,81.3,94.2,167.5,533.2,43.5,93.9,52.8,343.0,1746,,THOOTHUKUDI,
Tamil Nadu,Thoothukudi,IMD110-P1746,1904,32.4,0.0,2.9,11.1,31.5,5.9,6.0,0.5,29.2,133.1,61.2,82.6,396.4,32.4,45.5,41.6,276.9,1746,,THOOTHUKUDI,
Tamil Nadu,Thoothukudi,IMD110-P1746,1905,2.9,11.8,0.3,89.8,51.5,19.3,0.1,9.1,34.5,189.9,202.8,3.9,615.7,14.6,141.6,63.0,396.5,1746,,THOOTHUKUDI,
Tamil Nadu,Thoothukudi,IMD110-P1746,1906,24.7,9.0,10.2,20.1,15.8,5.6,0.9,73.3,21.3,218.4,136.7,141.6,677.8,33.8,46.2,101.2,496.7,1746,,THOOTHUKUDI,
Tamil Nadu,Thoothukudi,IMD110-P1746,1907,12.6,3.0,18.6,107.9,20.7,6.6,12.3,7.6,27.7,204.6,260.3,44.3,726.3,15.7,147.1,54.2,509.3,1746,,THOOTHUKUDI,
Tamil Nadu,Thoothukudi,IMD110-P1746,1908,27.8,36.3,42.2,14.9,18.4,2.0,0.3,1.2,50.6,168.2,32.5,10.7,405.2,64.1,75.5,54.1,211.4,1746,,THOOTHUKUDI,
Tamil Nadu,Thoothukudi,IMD110-P1746,1909,30.4,7.9,17.1,39.7,39.6,5.5,1.2,74.4,7.3,133.0,159.0,30.9,545.9,38.3,96.4,88.4,322.8,1746,,THOOTHUKUDI,
Tamil Nadu,Thoothukudi,IMD110-P1746,1910,21.0,20.2,0.2,31.7,14.4,2.3,60.1,36.5,3.0,115.3,111.2,0.3,416.2,41.2,46.3,101.8,226.9,1746,,THOOTHUKUDI,
Tamil Nadu,Thoothukudi,IMD110-P1746,1911,1.9,2.3,7.5,13.2,17.8,22.7,1.7,0.1,39.5,126.7,209.1,144.3,586.7,4.1,38.5,64.0,480.1,1746,,THOOTHUKUDI,
Tamil Nadu,Thoothukudi,IMD110-P1746,1912,6.4,6.0,4.6,22.5,55.9,8.9,0.5,6.2,27.6,374.3,174.7,74.6,762.3,12.4,83.0,43.2,623.7,1746,,THOOTHUKUDI,
Tamil Nadu,Thoothukudi,IMD110-P1746,1913,11.0,19.1,15.6,21.2,18.2,1.6,25.8,3.0,15.8,152.7,167.1,104.4,555.6,30.1,55.1,46.3,424.1,1746,,THOOTHUKUDI,
Tamil Nadu,Thoothukudi,IMD110-P1746,1914,1.8,0.8,8.8,22.7,22.0,7.6,2.6,9.0,26.1,460.4,154.5,355.0,1071.1,2.6,53.5,45.3,969.8,1746,,THOOTHUKUDI,
Tamil Nadu,Thoothukudi,IMD110-P1746,1915,7.9,40.2,19.9,50.8,19.5,19.0,7.8,23.6,19.7,41.9,308.6,58.1,616.9,48.1,90.2,70.0,408.7,1746,,THOOTHUKUDI,
Tamil Nadu,Thoothukudi,IMD110-P1746,1916,0.0,10.4,36.9,18.8,33.8,1.4,29.1,35.2,10.1,59.9,101.4,31.2,368.3,10.4,89.6,75.8,192.5,1746,,THOOTHUKUDI,
Tamil Nadu,Thoothukudi,IMD110-P1746,1917,39.5,64.6,53.3,16.6,23.3,8.2,5.4,65.6,86.2,30.7,146.3,56.5,596.2,104.1,93.2,165.4,233.5,1746,,THOOTHUKUDI,
Tamil Nadu,Thoothukudi,IMD110-P1746,1918,206.4,8.3,14.4,5.3,38.3,0.6,7.3,3.1,6.8,81.1,206.6,175.5,753.6,214.7,58.0,17.8,463.2,1746,,THOOTHUKUDI,
Tamil Nadu,Thoothukudi,IMD110-P1746,1919,39.7,3.1,26.4,14.3,52.7,0.6,8.5,5.1,79.1,181.3,191.9,81.0,683.9,42.8,93.5,93.3,454.3,1746,,THOOTHUKUDI,
Tamil Nadu,Thoothukudi,IMD110-P1746,1920,191.6,5.9,8.7,83.8,11.4,12.1,0.6,7.6,43.0,107.7,497.5,6.2,975.9,197.4,103.8,63.3,611.3,1746,,THOOTHUKUDI,
Tamil Nadu,Thoothukudi,IMD110-P1746,1921,69.8,0.0,3.0,86.0,7.4,5.5,4.3,33.5,14.7,209.6,71.0,91.6,596.3,69.8,96.4,58.0,372.2,1746,,THOOTHUKUDI,
Tamil Nadu,Thoothukudi,IMD110-P1746,1922,27.6,27.5,5.0,121.3,32.0,5.2,0.3,5.6,16.5,319.8,222.3,87.1,870.2,55.1,158.3,27.7,629.2,1746,,THOOTHUKUDI,
Tamil Nadu,Thoothukudi,IMD110-P1746,1923,102.2,3.5,72.6,11.7,9.9,3.0,2.0,1.5,7.2,237.9,103.3,240.7,795.5,105.7,94.2,13.7,581.9,1746,,THOOTHUKUDI,
Tamil Nadu,Thoothukudi,IMD110-P1746,1924,30.9,0.6,37.3,19.1,24.7,4.6,45.6,16.3,85.1,173.3,109.6,62.9,610.0,31.5,81.1,151.6,345.8,1746,,THOOTHUKUDI,
Tamil Nadu,Thoothukudi,IMD110-P1746,1925,57.7,8.4,120.8,3.8,14.7,11.7,1.4,2.3,13.2,124.0,375.0,268.6,1001.5,66.0,139.3,28.6,767.6,1746,,THOOTHUKUDI,
Tamil Nadu,Thoothukudi,IMD110-P1746,1926,37.2,2.7,13.5,32.5,65.2,8.6,25.1,6.1,47.4,70.6,115.2,24.6,448.8,39.9,111.2,87.2,210.4,1746,,THOOTHUKUDI,
Tamil Nadu,Thoothukudi,IMD110-P1746,1927,45.2,108.5,75.3,101.3,59.2,10.0,0.4,25.8,23.6,111.7,159.1,36.6,756.7,153.6,235.8,59.9,307.4,1746,,THOOTHUKUDI,
Tamil Nadu,Thoothukudi,IMD110-P1746,1928,27.8,84.8,5.7,63.5,14.4,4.8,23.5,1.1,3.0,95.4,229.7,112.8,666.4,112.5,83.6,32.4,437.8,1746,,THOOTHUKUDI,
Tamil Nadu,Thoothukudi,IMD110-P1746,1929,9.5,67.6,32.1,96.9,47.5,24.7,0.8,6.4,58.1,207.5,206.1,165.2,922.6,77.1,176.6,90.0,578.8,1746,,THOOTHUKUDI,
Tamil Nadu,Thoothukudi,IMD110-P1746,1930,61.7,99.1,34.5,73.6,30.5,2.9,1.6,11.8,40.1,213.1,122.9,36.7,728.5,160.8,138.7,56.4,372.7,1746,,THOOTHUKUDI,
Tamil Nadu,Thoothukudi,IMD110-P1746,1931,82.3,0.2,10.3,26.6,19.4,0.4,7.3,3.0,10.4,128.5,107.2,306.3,701.9,82.5,56.3,21.1,542.0,1746,,THOOTHUKUDI,
Tamil Nadu,Thoothukudi,IMD110-P1746,1932,0.0,65.0,9.7,58.9,39.0,4.8,2.1,83.2,4.8,139.5,188.2,134.7,729.9,65.0,107.6,94.9,462.5,1746,,THOOTHUKUDI,
Tamil Nadu,Thoothukudi,IMD110-P1746,1933,5.6,5.6,10.8,51.3,61.2,2.8,10.6,40.5,39.3,116.1,159.8,11.3,515.0,11.2,123.3,93.3,287.2,1746,,THOOTHUKUDI,
Tamil Nadu,Thoothukudi,IMD110-P1746,1934,152.3,0.2,56.7,18.1,15.5,3.6,3.0,1.0,0.4,315.3,52.8,24.9,643.7,152.5,90.3,7.9,393.0,1747,,THOOTHUKUDI,
Tamil Nadu,Thoothukudi,IMD110-P1746,1935,22.9,2.7,9.7,87.8,2.0,2.0,0.5,28.5,3.4,179.7,94.9,70.1,504.2,25.6,99.4,34.4,344.7,1747,,THOOTHUKUDI,
Tamil Nadu,Thoothukudi,IMD110-P1746,1936,3.2,24.5,104.4,34.3,32.5,11.3,9.1,8.8,62.7,77.5,318.1,61.8,748.2,27.7,171.2,92.0,457.4,1747,,THOOTHUKUDI,
Tamil Nadu,Thoothukudi,IMD110-P1746,1937,9.9,62.5,34.6,87.9,12.3,3.3,1.5,40.7,47.5,98.3,315.3,11.4,725.3,72.3,134.8,93.0,425.1,1747,,THOOTHUKUDI,
Tamil Nadu,Thoothukudi,IMD110-P1746,1938,10.5,105.2,70.3,88.3,4.1,1.9,15.8,34.8,42.8,128.9,90.9,60.7,654.1,115.7,162.7,95.3,280.5,1747,,THOOTHUKUDI,
Tamil Nadu,Thoothukudi,IMD110-P1746,1939,36.8,31.1,7.0,54.4,43.3,3.6,1.1,18.7,11.1,85.4,219.2,11.7,523.5,67.9,104.7,34.6,316.3,1747,,THOOTHUKUDI,
Tamil Nadu,Thoothukudi,IMD110-P1746,1940,0.0,2.8,8.3,93.3,31.4,5.5,8.0,4.4,36.3,203.4,436.9,263.7,1094.1,2.8,133.0,54.2,904.0,1747,,THOOTHUKUDI,
Tamil Nadu,Thoothukudi,IMD110-P1746,1941,23.5,4.9,1.9,84.9,23.4,3.2,2.0,4.5,31.6,92.5,242.3,28.0,542.8,28.5,110.2,41.3,362.8,1747,,THOOTHUKUDI,
Tamil Nadu,Thoothukudi,IMD110-P1746,1942,0.0,0.2,25.1,58.0,60.5,1.6,0.3,13.6,35.3,81.1,104.3,247.4,627.3,0.2,143.6,50.8,432.8,1747,,THOOTHUKUDI,
Tamil Nadu,Thoothukudi,IMD110-P1746,1943,147.7,29.4,25.5,89.2,25.1,6.5,7.6,3.1,15.9,148.6,161.0,76.0,735.7,177.1,139.8,33.1,385.6,1747,,THOOTHUKUDI,
Tamil Nadu,Thoothukudi,IMD110-P1746,1944,16.3,38.3,54.3,41.4,9.6,1.9,1.2,24.4,56.0,120.6,225.2,189.0,778.2,54.6,105.3,83.5,534.8,1747,,THOOTHUKUDI,
Tamil Nadu,Thoothukudi,IMD110-P1746,1945,1.0,16.0,20.2,59.4,2.3,6.2,4.8,11.2,16.1,146.5,304.8,45.5,634.1,16.9,82.0,38.4,496.9,1747,,THOOTHUKUDI,
Tamil Nadu,Thoothukudi,IMD110-P1746,1946,1.5,0.8,113.8,34.3,19.6,0.3,1.6,13.9,24.8,154.6,180.9,328.5,874.7,2.3,167.7,40.7,664.0,1747,,THOOTHUKUDI,
Tamil Nadu,Thoothukudi,IMD110-P1746,1947,85.9,39.3,32.8,234.4,16.5,4.7,12.4,31.7,8.7,152.9,19.2,26.1,664.6,125.2,283.7,57.5,198.2,1747,,THOOTHUKUDI,
Tamil Nadu,Thoothukudi,IMD110-P1746,1948,33.9,18.5,25.7,28.8,12.5,8.6,2.5,77.4,5.7,170.8,256.7,9.8,651.0,52.4,67.0,94.3,437.3,1747,,THOOTHUKUDI,
Tamil Nadu,Thoothukudi,IMD110-P1746,1949,19.7,5.3,7.9,36.2,58.0,3.5,12.3,45.5,13.4,87.7,183.8,14.9,488.2,25.0,102.1,74.7,286.3,1747,,THOOTHUKUDI,
Tamil Nadu,Thoothukudi,IMD110-P1746,1950,0.2,61.1,22.0,33.4,20.5,0.0,1.5,19.9,6.7,106.2,118.0,66.9,456.3,61.3,75.9,28.0,291.1,1747,,THOOTHUKUDI,
Tamil Nadu,Thoothukudi,IMD110-P1746,1951,37.9,2.1,23.3,123.3,22.2,1.3,8.1,11.6,55.7,46.8,278.4,12.7,623.3,40.0,168.8,76.6,337.9,1747,,THOOTHUKUDI,
Tamil Nadu,Thoothukudi,IMD110-P1746,1952,16.9,77.7,7.0,45.8,0.2,0.0,4.9,4.3,16.9,61.3,72.3,30.2,337.5,94.5,53.0,26.1,163.8,1747,,THOOTHUKUDI,
Tamil Nadu,Thoothukudi,IMD110-P1746,1953,16.9,15.1,12.7,67.3,14.2,2.8,42.1,16.8,12.1,136.7,213.6,14.5,564.8,32.0,94.2,73.8,364.8,1747,,THOOTHUKUDI,
Tamil Nadu,Thoothukudi,IMD110-P1746,1954,110.9,4.0,122.5,51.4,47.1,0.9,24.4,28.0,2.9,143.8,36.0,128.9,700.8,114.9,221.0,56.2,308.7,1747,,THOOTHUKUDI,
Tamil Nadu,Thoothukudi,IMD110-P1746,1955,63.9,0.3,26.0,95.3,60.4,2.3,0.3,5.5,37.0,47.8,194.7,182.0,715.5,64.2,181.7,45.1,424.5,1747,,THOOTHUKUDI,
Tamil Nadu,Thoothukudi,IMD110-P1746,1956,29.6,1.3,5.4,23.8,5.5,11.9,1.2,34.2,17.0,102.5,249.6,60.3,542.2,30.9,34.7,64.3,412.4,1747,,THOOTHUKUDI,
Tamil Nadu,Thoothukudi,IMD110-P1746,1957,3.3,17.3,22.7,12.8,38.4,7.6,4.6,7.8,16.9,220.2,184.8,100.1,636.5,20.7,73.8,36.8,505.2,1747,,THOOTHUKUDI,
Tamil Nadu,Thoothukudi,IMD110-P1746,1958,14.5,17.2,29.0,52.2,51.4,1.6,2.9,36.1,18.2,76.9,115.1,32.1,447.2,31.7,132.5,58.8,224.2,1747,,THOOTHUKUDI,
Tamil Nadu,Thoothukudi,IMD110-P1746,1959,12.1,33.0,0.0,46.9,31.6,11.6,1.1,12.5,17.8,182.2,191.0,60.8,600.5,45.1,78.5,43.0,433.9,1747,,THOOTHUKUDI,
Tamil Nadu,Thoothukudi,IMD110-P1746,1960,1.5,30.3,25.7,126.4,43.9,0.3,84.6,6.4,8.4,167.1,288.6,17.9,801.1,31.8,196.1,99.7,473.6,1747,,THOOTHUKUDI,
Tamil Nadu,Thoothukudi,IMD110-P1746,1961,196.2,2.1,11.3,59.7,17.3,23.1,17.3,6.2,13.6,49.9,292.6,109.7,798.8,198.3,88.3,60.1,452.2,1747,,THOOTHUKUDI,
Tamil Nadu,Thoothukudi,IMD110-P1746,1962,11.2,25.8,10.9,37.7,12.9,4.7,3.2,16.9,13.8,261.3,68.6,21.8,488.8,37.0,61.5,38.6,351.7,1747,,THOOTHUKUDI,
Tamil Nadu,Thoothukudi,IMD110-P1746,1963,68.0,13.3,93.0,65.9,28.1,4.8,8.4,5.5,27.0,69.0,419.9,71.7,874.6,81.3,187.0,45.7,560.6,1747,,THOOTHUKUDI,
Tamil Nadu,Thoothukudi,IMD110-P1746,1964,16.5,11.5,37.5,13.6,26.0,16.0,113.9,18.4,23.1,58.6,127.4,24.1,486.7,28.0,77.1,171.4,210.2,1747,,THOOTHUKUDI,
Tamil Nadu,Thoothukudi,IMD110-P1746,1965,0.2,22.5,18.3,76.5,38.5,5.4,6.3,60.6,33.9,175.1,254.7,237.4,929.6,22.7,133.4,106.2,667.3,1747,,THOOTHUKUDI,
Tamil Nadu,Thoothukudi,IMD110-P1746,1966,17.9,0.3,44.0,35.6,12.2,15.7,2.6,17.6,60.0,222.8,138.6,136.3,703.7,18.2,91.8,96.0,497.7,1747,,THOOTHUKUDI,
Tamil Nadu,Thoothukudi,IMD110-P1746,1967,6.0,4.8,32.4,12.7,27.5,12.5,3.3,5.8,36.1,326.1,84.9,77.7,629.9,10.8,72.7,57.7,488.8,1747,,THOOTHUKUDI,
Tamil Nadu,Thoothukudi,IMD110-P1746,1968,17.9,20.6,96.5,62.2,11.2,2.1,4.2,7.4,29.7,104.9,218.7,84.4,659.6,38.5,169.8,43.3,408.0,1748,,THOOTHUKUDI,
Tamil Nadu,Thoothukudi,IMD110-P1746,1969,6.2,38.5,1.3,94.7,10.3,0.0,5.3,61.1,16.4,163.7,146.5,207.9,751.8,44.6,106.3,82.8,518.1,1748,,THOOTHUKUDI,
Tamil Nadu,Thoothukudi,IMD110-P1746,1970,9.3,18.3,31.8,158.2,22.4,10.4,6.5,4.3,25.1,79.1,84.2,37.9,487.4,27.6,212.4,46.3,201.1,1748,,THOOTHUKUDI,
Tamil Nadu,Thoothukudi,IMD110-P1746,1971,32.7,12.9,70.7,31.4,20.6,3.1,2.1,27.3,8.2,190.7,81.0,260.8,741.7,45.6,122.8,40.8,532.5,1748,,THOOTHUKUDI,
Tamil Nadu,Thoothukudi,IMD110-P1746,1972,3.0,18.3,0.1,7.7,124.5,2.8,6.3,7.1,40.4,393.4,210.9,28.7,843.3,21.2,132.3,56.7,633.1,1748,,THOOTHUKUDI,
Tamil Nadu,Thoothukudi,IMD110-P1746,1973,0.0,1.9,14.9,51.2,15.5,4.8,39.8,8.1,17.0,242.4,148.3,254.2,797.9,1.9,81.6,69.6,644.9,1748,,THOOTHUKUDI,
Tamil Nadu,Thoothukudi,IMD110-P1746,1974,0.0,27.5,28.8,33.3,10.9,4.3,7.0,1.1,31.6,31.4,77.3,50.6,303.8,27.5,73.0,44.0,159.3,1748,,THOOTHUKUDI,
Tamil Nadu,Thoothukudi,IMD110-P1746,1975,11.8,11.1,31.5,79.6,18.3,1.7,28.6,10.8,37.3,57.0,47.8,27.0,362.4,22.9,129.4,78.4,131.8,1748,,THOOTHUKUDI,
Tamil Nadu,Thoothukudi,IMD110-P1746,1976,1.6,0.0,14.1,43.6,11.2,14.8,0.9,17.7,43.2,147.3,222.8,104.8,622.0,1.6,68.9,76.6,474.9,1748,,THOOTHUKUDI,
Tamil Nadu,Thoothukudi,IMD110-P1746,1977,0.2,35.9,8.9,33.1,120.6,4.5,4.8,13.9,22.6,197.8,370.5,44.1,856.8,36.1,162.6,45.8,612.4,1748,,THOOTHUKUDI,
Tamil Nadu,Thoothukudi,IMD110-P1746,1978,0.0,17.8,30.9,52.9,18.2,3.5,12.4,0.5,16.9,131.9,207.1,221.1,713.0,17.8,101.9,33.3,560.0,1748,,THOOTHUKUDI,
Tamil Nadu,Thoothukudi,IMD110-P1746,1979,2.2,78.4,12.2,9.3,5.1,3.4,18.4,8.8,85.6,155.9,518.3,75.0,972.6,80.6,26.6,116.1,749.3,1748,,THOOTHUKUDI,
Tamil Nadu,Thoothukudi,IMD110-P1746,1980,0.0,0.1,0.8,90.1,13.7,0.4,1.6,1.4,34.8,74.8,224.2,105.0,546.8,0.1,104.6,38.2,404.0,1748,,THOOTHUKUDI,
Tamil Nadu,Thoothukudi,IMD110-P1746,1981,1.8,8.2,5.4,38.7,31.7,6.3,10.5,5.7,68.5,196.6,105.4,87.9,566.8,10.0,75.8,91.0,389.9,1748,,THOOTHUKUDI,
Tamil Nadu,Thoothukudi,IMD110-P1746,1982,0.0,0.0,12.5,34.3,22.6,3.1,5.0,4.9,10.8,138.3,266.3,95.5,593.3,0.0,69.3,23.8,500.1,1748,,THOOTHUKUDI,
Tamil Nadu,Thoothukudi,IMD110-P1746,1983,0.0,0.0,2.6,9.7,37.5,15.1,7.1,9.9,11.5,129.9,163.3,81.9,468.4,0.0,49.8,43.5,375.1,1748,,THOOTHUKUDI,
Tamil Nadu,Thoothukudi,IMD110-P1746,1984,90.7,155.3,188.9,77.9,3.8,1.1,10.0,4.7,40.5,40.0,180.7,5.3,798.9,246.0,270.6,56.4,225.9,1748,,THOOTHUKUDI,
Tamil Nadu,Thoothukudi,IMD110-P1746,1985,95.9,26.0,23.1,73.6,2.6,0.5,2.4,10.9,23.5,143.7,299.9,104.8,806.9,121.9,99.3,37.3,548.4,1748,,THOOTHUKUDI,
Tamil Nadu,Thoothukudi,IMD110-P1746,1986,13.1,71.8,15.2,6.8,22.4,0.5,16.3,3.5,39.8,203.1,39.5,26.9,459.0,84.9,44.5,60.1,269.5,1748,,THOOTHUKUDI,
Tamil Nadu,Thoothukudi,IMD110-P1746,1987,15.3,0.2,41.1,28.0,28.4,9.5,0.0,3.5,53.3,,,83.5,,15.5,97.5,66.3,,1748,missing_months,THOOTHUKUDI,
Tamil Nadu,Thoothukudi,IMD110-P1746,1988,0.0,17.7,78.9,110.3,4.2,3.8,22.1,44.8,15.2,102.4,140.8,56.6,596.6,17.7,193.3,85.9,299.8,1748,,THOOTHUKUDI,
Tamil Nadu,Thoothukudi,IMD110-P1746,1989,2.9,0.0,29.1,34.7,5.6,7.2,12.2,5.5,42.3,127.5,204.1,53.1,524.4,2.9,69.4,67.3,384.7,1748,,THOOTHUKUDI,
Tamil Nadu,Thoothukudi,IMD110-P1746,1990,159.7,1.1,26.2,0.0,14.9,0.0,0.0,9.9,18.1,271.3,218.5,61.5,781.2,160.8,41.1,27.9,551.3,1748,,THOOTHUKUDI,
Tamil Nadu,Thoothukudi,IMD110-P1746,1991,64.1,3.5,37.9,15.5,14.0,36.8,12.8,0.7,41.6,241.5,154.1,16.4,639.0,67.6,67.4,91.9,412.1,1748,,THOOTHUKUDI,
Tamil Nadu,Thoothukudi,IMD110-P1746,1992,19.8,0.0,0.0,15.3,59.2,2.3,8.8,11.3,60.4,114.2,299.4,98.3,689.2,19.8,74.6,82.8,512.0,1748,,THOOTHUKUDI,
Tamil Nadu,Thoothukudi,IMD110-P1746,1993,1.7,1.8,12.0,35.7,24.1,12.4,5.0,13.8,33.1,119.8,291.2,208.2,758.8,3.4,71.8,64.3,619.2,1748,,THOOTHUKUDI,
Tamil Nadu,Thoothukudi,IMD110-P1746,1994,26.1,45.3,20.0,73.8,21.0,0.6,4.0,8.0,28.3,182.2,140.1,6.2,555.6,71.4,114.8,40.8,328.6,1748,,THOOTHUKUDI,
Tamil Nadu,Thoothukudi,IMD110-P1746,1995,30.3,15.6,45.0,97.1,66.5,2.9,6.3,14.8,24.3,84.4,55.5,2.2,445.3,46.0,208.7,48.4,142.2,1748,,THOOTHUKUDI,
Tamil Nadu,Thoothukudi,IMD110-P1746,1996,19.4,8.1,0.6,65.8,15.6,15.3,6.3,21.6,52.1,164.7,51.0,54.0,474.4,27.5,82.0,95.3,269.6,1748,,THOOTHUKUDI,
Tamil Nadu,Thoothukudi,IMD110-P1746,1997,1.3,0.4,5.4,24.6,87.7,2.9,3.2,15.4,24.5,138.8,177.9,198.8,680.9,1.7,117.7,46.0,515.5,1748,,THOOTHUKUDI,
Tamil Nadu,Thoothukudi,IMD110-P1746,1998,10.6,0.6,0.0,23.7,73.1,3.3,63.0,33.2,29.3,44.6,214.0,262.9,758.4,11.2,96.8,128.8,521.5,1748,,THOOTHUKUDI,
Tamil Nadu,Thoothukudi,IMD110-P1746,1999,16.5,62.0,8.6,6.7,9.6,0.3,9.9,19.2,35.1,188.5,99.1,33.2,488.7,78.5,24.9,64.5,320.8,1748,,THOOTHUKUDI,
Tamil Nadu,Thoothukudi,IMD110-P1746,2000,31.3,102.1,21.6,33.5,15.0,12.0,15.5,47.0,65.0,23.9,148.9,144.8,660.6,133.3,70.1,139.6,317.6,1748,,THOOTHUKUDI,
Tamil Nadu,Thoothukudi,IMD110-P1746,2001,13.0,39.4,3.4,118.6,16.0,7.5,5.0,0.0,9.5,54.0,47.9,20.9,335.2,52.4,138.0,22.1,122.8,1748,,THOOTHUKUDI,
Tamil Nadu,Thoothukudi,IMD110-P1746,2002,2.0,19.1,2.5,21.9,23.6,3.4,1.1,0.9,7.4,81.6,66.9,4.4,234.8,21.1,47.9,12.8,152.9,1749,,THOOTHUKUDI,
Tamil Nadu,Thoothukudi,IMD110-P1746,2003,0.3,27.5,24.4,21.6,8.1,2.0,1.9,8.4,9.2,41.0,72.0,5.1,221.3,27.8,54.0,21.5,118.0,1749,,THOOTHUKUDI,
Tamil Nadu,Thoothukudi,IMD110-P1746,2004,5.8,3.1,1.5,7.7,27.8,1.0,35.4,0.2,82.4,223.6,244.5,37.9,670.9,8.9,37.0,119.0,506.0,1749,,THOOTHUKUDI,
Tamil Nadu,Thoothukudi,IMD110-P1746,2005,5.1,39.2,15.6,136.6,28.6,0.3,14.3,23.3,7.9,99.6,198.9,109.9,679.1,44.3,180.7,45.8,408.4,1749,,THOOTHUKUDI,
Tamil Nadu,Thoothukudi,IMD110-P1746,2006,41.9,0.0,111.3,33.2,20.5,6.6,1.3,9.8,36.9,318.3,332.4,23.7,935.9,41.9,165.0,54.6,674.4,1749,,THOOTHUKUDI,
Tamil Nadu,Thoothukudi,IMD110-P1746,2007,32.8,7.6,1.1,66.5,17.9,15.2,12.4,43.8,13.4,206.5,84.8,77.8,579.8,40.4,85.5,84.8,369.1,1749,,THOOTHUKUDI,
Tamil Nadu,Thoothukudi,IMD110-P1746,2008,3.7,57.3,281.9,65.3,1.6,0.5,14.9,88.2,14.8,401.4,347.8,75.9,1353.3,61.0,348.8,118.4,825.1,1749,,THOOTHUKUDI,
Tamil Nadu,Thoothukudi,IMD110-P1746,2009,5.2,0.3,24.0,101.9,6.9,1.8,1.3,24.8,35.8,66.5,404.4,65.5,738.3,5.5,132.8,63.6,536.4,1749,,THOOTHUKUDI,
Tamil Nadu,Thoothukudi,IMD110-P1746,2010,32.3,0.0,0.0,24.8,36.7,2.6,10.2,27.7,47.7,115.7,290.3,127.9,715.8,32.3,61.4,88.1,534.0,1749,,THOOTHUKUDI,
Tamil Nadu,Vellore,IMD110-P1750,1901,0.0,37.8,0.0,9.8,43.3,44.2,52.2,27.6,159.9,144.3,156.8,152.4,828.3,37.8,53.1,283.9,453.5,1750,,VELLORE,
Tamil Nadu,Vellore,IMD110-P1750,1902,24.3,2.6,1.6,11.9,82.7,48.5,65.4,214.8,221.4,225.2,95.3,79.4,1073.3,26.9,96.3,550.1,400.0,1750,,VELLORE,
Tamil Nadu,Vellore,IMD110-P1750,1903,29.0,0.0,0.5,2.2,144.1,100.3,105.8,130.0,329.9,130.4,386.7,279.6,1638.6,29.0,146.9,666.0,796.7,1750,,VELLORE,
Tamil Nadu,Vellore,IMD110-P1750,1904,12.0,0.0,0.0,18.9,136.0,38.0,129.4,41.6,118.2,142.3,3.7,11.0,651.2,12.0,154.9,327.2,157.1,1750,,VELLORE,
Tamil Nadu,Vellore,IMD110-P1750,1905,10.5,0.9,32.5,30.5,58.9,68.6,63.4,179.1,67.3,266.5,86.5,2.6,867.3,11.4,121.9,378.4,355.7,1750,,VELLORE,
Tamil Nadu,Vellore,IMD110-P1750,1906,113.8,12.4,11.4,0.7,22.2,74.8,127.0,255.8,87.0,77.3,72.2,106.9,961.5,126.2,34.3,544.7,256.4,1750,,VELLORE,
Tamil Nadu,Vellore,IMD110-P1750,1907,0.1,1.8,19.2,102.1,27.0,39.2,105.1,56.7,166.6,71.8,148.0,40.7,778.3,1.9,148.4,367.6,260.5,1750,,VELLORE,
Tamil Nadu,Vellore,IMD110-P1750,1908,6.0,4.0,1.8,9.8,50.7,52.2,36.0,45.1,244.6,170.1,33.0,10.7,663.9,9.9,62.4,377.9,213.8,1750,,VELLORE,
Tamil Nadu,Vellore,IMD110-P1750,1909,127.2,0.0,0.5,47.0,178.1,40.7,55.3,436.8,151.1,64.9,8.6,2.9,1113.2,127.2,225.6,684.0,76.3,1750,,VELLORE,
Tamil Nadu,Vellore,IMD110-P1750,1910,0.5,12.2,1.1,18.3,51.4,64.1,247.3,221.8,72.4,263.8,138.9,0.0,1091.7,12.7,70.8,605.6,402.7,1750,,VELLORE,
Tamil Nadu,Vellore,IMD110-P1750,1911,0.0,0.0,2.6,35.5,83.6,55.0,71.8,46.5,169.1,158.8,148.6,87.6,859.1,0.0,121.7,342.4,395.0,1750,,VELLORE,
Tamil Nadu,Vellore,IMD110-P1750,1912,2.6,0.4,0.2,3.2,20.8,33.3,36.8,103.6,181.3,189.1,350.7,2.5,924.7,3.0,24.3,355.1,542.4,1750,,VELLORE,
Tamil Nadu,Vellore,IMD110-P1750,1913,0.0,0.8,0.0,22.4,44.8,15.1,37.7,96.8,170.3,173.5,50.5,70.3,682.3,0.8,67.3,320.0,294.3,1750,,VELLORE,
Tamil Nadu,Vellore,IMD110-P1750,1914,5.0,0.2,1.1,26.5,42.3,28.7,39.2,127.8,229.4,131.4,109.1,40.0,780.7,5.2,69.9,425.1,280.6,1750,,VELLORE,
Tamil Nadu,Vellore,IMD110-P1750,1915,63.0,4.6,59.8,14.6,44.8,57.3,243.5,86.2,164.7,69.7,217.3,13.3,1038.8,67.6,119.2,551.7,300.3,1750,,VELLORE,
Tamil Nadu,Vellore,IMD110-P1750,1916,0.0,1.8,0.0,1.9,22.6,10.4,220.0,162.4,222.5,235.1,160.7,51.7,1089.1,1.8,24.5,615.2,447.5,1750,,VELLORE,
Tamil Nadu,Vellore,IMD110-P1750,1917,7.6,7.4,0.7,8.8,63.2,94.0,95.4,200.3,165.2,117.3,76.7,25.0,861.6,15.0,72.7,554.9,219.0,1750,,VELLORE,
Tamil Nadu,Vellore,IMD110-P1750,1918,80.4,3.3,14.5,2.4,106.4,56.0,31.4,83.3,88.9,5.5,200.5,13.4,686.1,83.7,123.4,259.7,219.4,1750,,VELLORE,
Tamil Nadu,Vellore,IMD110-P1750,1919,15.9,0.0,27.8,16.3,87.8,67.8,190.7,37.5,203.0,68.2,249.0,59.2,1023.1,15.9,131.8,498.9,376.4,1750,,VELLORE,
Tamil Nadu,Vellore,IMD110-P1750,1920,112.2,0.6,0.2,16.2,35.7,42.4,17.8,104.3,174.0,140.9,204.0,0.0,848.3,112.8,52.1,338.5,345.0,1750,,VELLORE,
Tamil Nadu,Vellore,IMD110-P1750,1921,110.2,0.0,0.0,37.5,29.6,94.5,224.9,138.6,121.5,116.7,40.3,13.8,927.6,110.2,67.1,579.6,170.8,1750,,VELLORE,
Tamil Nadu,Vellore,IMD110-P1750,1922,41.7,0.0,0.0,13.7,95.2,65.2,75.3,128.0,46.8,171.0,359.4,11.7,1008.0,41.7,108.9,315.3,542.1,1750,,VELLORE,
Tamil Nadu,Vellore,IMD110-P1750,1923,68.1,0.0,12.0,14.7,24.4,55.2,17.0,30.1,152.9,144.1,40.2,40.1,598.7,68.1,51.1,255.1,224.4,1750,,VELLORE,
Tamil Nadu,Vellore,IMD110-P1750,1924,9.2,0.0,3.6,7.4,65.6,53.5,76.0,115.1,277.0,58.6,156.2,6.5,828.5,9.2,76.5,521.6,221.2,1750,,VELLORE,
Tamil Nadu,Vellore,IMD110-P1750,1925,0.0,0.0,14.5,15.3,128.6,28.1,83.6,162.0,82.2,152.0,149.9,162.5,978.6,0.0,158.4,355.8,464.4,1750,,VELLORE,
Tamil Nadu,Vellore,IMD110-P1750,1926,78.1,0.0,9.5,55.0,35.7,111.9,99.2,118.8,133.9,147.7,88.6,3.2,881.7,78.1,100.2,463.9,239.5,1750,,VELLORE,
Tamil Nadu,Vellore,IMD110-P1750,1927,0.1,1.8,0.0,10.2,44.9,92.4,71.2,57.4,215.9,64.2,134.5,4.5,697.1,1.9,55.1,436.9,203.3,1750,,VELLORE,
Tamil Nadu,Vellore,IMD110-P1750,1928,6.7,23.7,11.4,30.5,51.9,75.7,68.8,108.2,146.0,206.4,79.6,29.2,838.1,30.4,93.8,398.7,315.2,1750,,VELLORE,
Tamil Nadu,Vellore,IMD110-P1750,1929,12.5,7.2,4.1,71.5,35.0,59.0,41.7,62.2,141.1,116.9,137.7,39.3,728.2,19.7,110.6,304.0,293.9,1750,,VELLORE,
Tamil Nadu,Vellore,IMD110-P1750,1930,20.7,73.7,13.0,8.7,186.9,78.7,46.2,67.7,126.0,377.1,263.4,25.9,1288.0,94.4,208.6,318.7,666.4,1750,,VELLORE,
Tamil Nadu,Vellore,IMD110-P1750,1931,0.1,0.0,0.0,15.1,49.3,98.0,202.9,59.7,179.2,106.9,152.3,169.3,1032.7,0.1,64.4,539.8,428.5,1750,,VELLORE,
Tamil Nadu,Vellore,IMD110-P1750,1932,0.0,19.3,0.0,12.4,83.7,71.3,66.1,106.3,105.9,134.7,213.1,20.5,833.4,19.3,96.1,349.6,368.3,1750,,VELLORE,
Tamil Nadu,Vellore,IMD110-P1750,1933,0.0,0.0,40.9,21.7,76.1,12.1,48.1,193.0,58.7,132.3,34.0,158.3,775.1,0.0,138.6,311.9,324.6,1750,,VELLORE,
Tamil Nadu,Vellore,IMD110-P1750,1934,55.6,0.0,0.1,11.1,45.5,110.5,76.6,87.7,98.4,302.8,115.2,2.8,906.4,55.6,56.6,373.3,420.9,1751,,VELLORE,
Tamil Nadu,Vellore,IMD110-P1750,1935,27.6,0.0,0.0,18.4,11.6,54.2,44.2,308.1,131.5,321.7,68.6,31.9,1018.0,27.6,30.1,538.0,422.2,1751,,VELLORE,
Tamil Nadu,Vellore,IMD110-P1750,1936,1.0,30.6,21.0,14.4,58.0,49.0,74.1,60.4,147.9,70.7,198.2,21.0,746.3,31.5,93.4,331.4,289.9,1751,,VELLORE,
Tamil Nadu,Vellore,IMD110-P1750,1937,2.4,3.2,15.8,100.7,65.7,76.2,56.0,123.4,148.3,210.1,291.7,47.1,1140.4,5.6,182.1,403.9,548.8,1751,,VELLORE,
Tamil Nadu,Vellore,IMD110-P1750,1938,0.0,10.6,5.6,4.2,74.9,89.7,69.0,164.7,252.0,40.7,4.1,27.2,742.8,10.6,84.7,575.5,72.0,1751,,VELLORE,
Tamil Nadu,Vellore,IMD110-P1750,1939,26.2,0.0,17.9,133.2,65.1,49.1,24.1,72.3,175.9,206.1,238.8,2.5,1011.3,26.2,216.2,321.5,447.4,1751,,VELLORE,
Tamil Nadu,Vellore,IMD110-P1750,1940,0.0,0.0,17.0,20.3,117.6,117.6,32.6,114.5,161.6,163.2,227.7,30.0,1002.1,0.0,154.8,426.4,420.9,1751,,VELLORE,
Tamil Nadu,Vellore,IMD110-P1750,1941,15.7,0.8,0.0,0.5,62.9,32.9,44.8,76.7,200.0,124.3,133.3,146.5,838.4,16.6,63.3,354.4,404.1,1751,,VELLORE,
Tamil Nadu,Vellore,IMD110-P1750,1942,0.0,0.1,0.0,7.1,62.7,78.2,29.7,145.3,120.7,112.4,32.3,82.4,670.9,0.1,69.7,373.9,227.1,1751,,VELLORE,
Tamil Nadu,Vellore,IMD110-P1750,1943,105.0,1.6,0.4,50.2,331.5,28.0,94.7,121.7,80.8,453.0,82.3,15.8,1365.1,106.6,382.2,325.2,551.2,1751,,VELLORE,
Tamil Nadu,Vellore,IMD110-P1750,1944,2.7,4.9,105.3,22.3,19.8,126.8,135.6,125.1,198.8,130.0,259.8,80.4,1211.4,7.6,147.4,586.3,470.2,1751,,VELLORE,
Tamil Nadu,Vellore,IMD110-P1750,1945,2.2,0.0,0.0,39.1,67.2,9.6,130.1,171.3,101.2,67.9,102.7,0.0,691.2,2.2,106.3,412.1,170.6,1751,,VELLORE,
Tamil Nadu,Vellore,IMD110-P1750,1946,15.9,0.0,10.2,21.8,68.8,55.5,67.9,78.5,229.0,165.9,313.7,350.6,1377.7,15.9,100.8,430.8,830.2,1751,,VELLORE,
Tamil Nadu,Vellore,IMD110-P1750,1947,55.3,0.6,7.8,23.7,41.9,67.2,131.1,57.3,167.4,153.9,22.0,11.7,739.9,56.0,73.4,423.0,187.6,1751,,VELLORE,
Tamil Nadu,Vellore,IMD110-P1750,1948,35.0,8.8,3.2,21.2,110.4,43.3,72.9,89.8,99.6,122.9,168.8,10.2,786.1,43.9,134.8,305.6,301.9,1751,,VELLORE,
Tamil Nadu,Vellore,IMD110-P1750,1949,0.0,0.0,0.0,16.1,79.2,166.9,152.7,208.5,92.2,152.8,44.8,0.0,913.2,0.0,95.3,620.3,197.6,1751,,VELLORE,
Tamil Nadu,Vellore,IMD110-P1750,1950,1.6,19.0,0.0,0.0,49.6,9.6,53.4,144.7,113.3,94.4,59.1,1.1,545.8,20.6,49.6,321.0,154.6,1751,,VELLORE,
Tamil Nadu,Vellore,IMD110-P1750,1951,0.0,0.0,23.8,92.9,74.1,22.8,141.7,87.9,50.8,103.0,107.8,0.0,704.8,0.0,190.9,303.1,210.8,1751,,VELLORE,
Tamil Nadu,Vellore,IMD110-P1750,1952,1.4,27.3,2.0,4.1,102.1,38.0,47.3,94.3,27.5,136.6,46.2,250.1,777.0,28.7,108.2,207.1,433.0,1751,,VELLORE,
Tamil Nadu,Vellore,IMD110-P1750,1953,1.4,0.5,0.0,60.5,35.0,80.9,69.5,104.9,140.6,329.8,42.2,2.0,867.4,2.0,95.5,395.9,374.0,1751,,VELLORE,
Tamil Nadu,Vellore,IMD110-P1750,1954,52.2,0.0,13.0,6.7,68.5,46.5,234.4,122.8,37.7,228.4,0.0,110.4,920.7,52.2,88.3,441.4,338.9,1751,,VELLORE,
Tamil Nadu,Vellore,IMD110-P1750,1955,55.8,0.0,0.0,27.5,134.6,42.5,164.4,132.9,222.3,135.7,97.9,62.3,1075.8,55.8,162.1,562.1,295.9,1751,,VELLORE,
Tamil Nadu,Vellore,IMD110-P1750,1956,14.8,0.3,1.1,18.3,71.1,134.6,85.1,137.7,211.1,239.4,204.4,56.0,1173.8,15.1,90.5,568.4,499.8,1751,,VELLORE,
Tamil Nadu,Vellore,IMD110-P1750,1957,0.0,1.4,11.6,6.6,54.7,115.3,52.9,99.7,135.4,190.3,145.4,0.2,813.5,1.4,72.9,403.3,335.9,1751,,VELLORE,
Tamil Nadu,Vellore,IMD110-P1750,1958,10.9,0.1,1.5,17.6,57.4,26.3,26.5,144.8,104.4,221.6,140.7,27.9,779.9,11.0,76.6,302.1,390.3,1751,,VELLORE,
Tamil Nadu,Vellore,IMD110-P1750,1959,0.8,41.5,0.0,13.6,68.3,48.2,35.3,88.4,133.3,163.1,187.6,15.2,795.2,42.3,81.9,305.2,365.9,1751,,VELLORE,
Tamil Nadu,Vellore,IMD110-P1750,1960,1.8,0.0,16.7,4.6,36.9,70.0,210.5,49.4,259.9,118.1,338.5,12.5,1119.0,1.8,58.2,589.8,469.1,1751,,VELLORE,
Tamil Nadu,Vellore,IMD110-P1750,1961,6.7,3.1,0.0,5.5,52.3,92.0,88.0,198.7,210.7,143.4,64.7,3.7,868.7,9.8,57.8,589.3,211.8,1751,,VELLORE,
Tamil Nadu,Vellore,IMD110-P1750,1962,5.5,2.8,5.6,30.9,118.6,126.8,46.3,219.1,158.5,251.2,22.3,62.8,1050.4,8.3,155.1,550.7,336.3,1751,,VELLORE,
Tamil Nadu,Vellore,IMD110-P1750,1963,28.9,0.2,4.4,44.4,75.8,73.4,99.2,180.7,243.5,228.0,116.9,61.1,1156.4,29.0,124.6,596.8,406.0,1751,,VELLORE,
Tamil Nadu,Vellore,IMD110-P1750,1964,0.0,0.0,0.0,0.0,41.1,26.9,236.9,130.3,134.0,171.0,213.7,8.2,962.1,0.0,41.1,528.0,393.0,1751,,VELLORE,
Tamil Nadu,Vellore,IMD110-P1750,1965,0.0,0.0,2.4,29.7,13.2,58.5,51.5,242.4,127.0,53.8,101.0,147.0,826.4,0.0,45.3,479.3,301.9,1751,,VELLORE,
Tamil Nadu,Vellore,IMD110-P1750,1966,23.8,0.0,0.0,6.5,63.3,67.3,78.7,149.0,152.0,248.2,426.4,60.3,1275.5,23.8,69.8,447.0,734.9,1751,,VELLORE,
Tamil Nadu,Vellore,IMD110-P1750,1967,35.0,0.0,52.4,4.4,94.8,64.4,112.5,126.6,126.7,97.7,89.3,241.5,1045.2,35.0,151.5,430.2,428.5,1751,,VELLORE,
Tamil Nadu,Vellore,IMD110-P1750,1968,0.0,0.0,2.4,73.2,21.7,58.1,47.3,46.0,176.9,67.7,50.3,57.8,601.3,0.0,97.2,328.3,175.9,1752,,VELLORE,
Tamil Nadu,Vellore,IMD110-P1750,1969,0.0,0.0,0.0,1.2,107.9,58.2,104.7,196.6,35.0,397.0,197.4,52.0,1150.0,0.0,109.1,394.6,646.4,1752,,VELLORE,
Tamil Nadu,Vellore,IMD110-P1750,1970,0.0,3.3,0.6,12.6,72.9,90.2,240.5,147.4,171.3,183.0,132.9,1.0,1055.8,3.3,86.1,649.4,317.0,1752,,VELLORE,
Tamil Nadu,Vellore,IMD110-P1750,1971,3.3,7.1,16.5,48.6,101.9,19.9,190.0,121.9,80.2,226.8,65.3,75.4,956.8,10.4,167.0,411.9,367.6,1752,,VELLORE,
Tamil Nadu,Vellore,IMD110-P1750,1972,5.0,0.0,0.0,2.3,127.7,110.6,24.6,33.1,115.9,218.3,97.9,272.1,1007.4,5.0,129.9,284.2,588.2,1752,,VELLORE,
Tamil Nadu,Vellore,IMD110-P1750,1973,0.0,0.0,0.0,4.7,69.7,42.4,121.5,149.0,210.1,158.0,48.2,61.1,864.7,0.0,74.4,523.0,267.3,1752,,VELLORE,
Tamil Nadu,Vellore,IMD110-P1750,1974,0.0,0.4,2.3,2.7,74.2,71.2,161.7,66.0,222.6,194.8,43.1,6.2,845.1,0.5,79.2,521.5,244.0,1752,,VELLORE,
Tamil Nadu,Vellore,IMD110-P1750,1975,5.6,0.0,14.8,1.1,86.3,53.0,166.2,134.9,185.3,215.3,155.2,3.2,1020.8,5.6,102.1,539.4,373.6,1752,,VELLORE,
Tamil Nadu,Vellore,IMD110-P1750,1976,4.7,0.0,0.0,12.7,29.6,60.0,150.5,334.6,60.4,211.8,269.9,21.7,1155.9,4.7,42.3,605.5,503.4,1752,,VELLORE,
Tamil Nadu,Vellore,IMD110-P1750,1977,0.9,5.6,1.2,16.4,59.9,99.5,96.1,271.5,91.0,212.2,366.4,0.9,1221.6,6.5,77.4,558.2,579.5,1752,,VELLORE,
Tamil Nadu,Vellore,IMD110-P1750,1978,0.2,16.3,0.0,50.5,41.3,23.5,85.6,48.1,282.9,115.6,130.4,182.4,976.9,16.5,91.8,440.1,428.5,1752,,VELLORE,
Tamil Nadu,Vellore,IMD110-P1750,1979,0.4,23.0,0.5,4.3,33.2,48.8,113.1,55.4,188.4,85.6,388.2,13.9,954.8,23.4,38.0,405.7,487.7,1752,,VELLORE,
Tamil Nadu,Vellore,IMD110-P1750,1980,1.2,0.0,0.0,1.1,43.9,16.9,67.5,142.9,37.7,54.3,107.3,48.2,521.0,1.2,45.0,265.1,209.8,1752,,VELLORE,
Tamil Nadu,Vellore,IMD110-P1750,1981,5.9,0.0,40.5,15.4,66.8,60.9,153.0,180.8,163.7,248.5,43.8,56.9,1036.5,5.9,122.8,558.5,349.3,1752,,VELLORE,
Tamil Nadu,Vellore,IMD110-P1750,1982,0.0,0.0,3.2,9.9,58.6,73.0,49.5,47.8,131.7,78.3,179.3,0.5,631.7,0.0,71.6,301.9,258.2,1752,,VELLORE,
Tamil Nadu,Vellore,IMD110-P1750,1983,0.0,0.0,8.0,8.5,66.6,90.2,105.6,225.7,278.4,94.8,33.2,170.1,1081.1,0.0,83.2,699.9,298.0,1752,,VELLORE,
Tamil Nadu,Vellore,IMD110-P1750,1984,7.8,118.6,57.5,23.7,22.6,11.1,267.2,15.0,163.2,156.3,101.5,65.0,1009.5,126.4,103.8,456.4,322.9,1752,,VELLORE,
Tamil Nadu,Vellore,IMD110-P1750,1985,30.3,0.0,3.7,15.6,23.6,100.1,149.0,164.2,154.0,116.1,265.7,27.6,1050.0,30.3,43.0,567.4,409.3,1752,,VELLORE,
Tamil Nadu,Vellore,IMD110-P1750,1986,72.9,24.7,0.0,14.1,55.6,43.9,58.4,81.8,196.6,80.7,86.1,11.1,725.9,97.6,69.7,380.7,177.9,1752,,VELLORE,
Tamil Nadu,Vellore,IMD110-P1750,1987,2.8,0.0,26.2,6.9,27.8,78.8,42.1,127.9,108.5,156.6,102.0,172.2,851.8,2.8,60.9,357.3,430.8,1752,,VELLORE,
Tamil Nadu,Vellore,IMD110-P1750,1988,0.0,0.0,10.6,97.2,65.2,12.5,130.5,241.6,202.7,73.1,57.7,77.9,968.8,0.0,173.0,587.1,208.6,1752,,VELLORE,
Tamil Nadu,Vellore,IMD110-P1750,1989,0.1,0.0,10.8,3.2,36.5,72.1,230.3,14.5,154.5,72.9,111.3,37.8,744.0,0.1,50.6,471.4,221.9,1752,,VELLORE,
Tamil Nadu,Vellore,IMD110-P1750,1990,16.2,8.4,67.6,28.1,158.4,29.5,29.0,86.3,234.3,111.9,124.5,17.2,911.4,24.7,254.0,379.2,253.6,1752,,VELLORE,
Tamil Nadu,Vellore,IMD110-P1750,1991,1.4,0.0,0.3,24.9,15.2,160.5,32.3,134.3,161.4,296.2,301.2,1.7,1129.3,1.4,40.4,488.4,599.1,1752,,VELLORE,
Tamil Nadu,Vellore,IMD110-P1750,1992,9.2,0.0,0.0,8.0,37.8,35.0,69.9,65.6,123.1,169.6,214.2,14.9,747.3,9.2,45.9,293.6,398.7,1752,,VELLORE,
Tamil Nadu,Vellore,IMD110-P1750,1993,0.0,2.7,2.2,2.6,46.4,88.1,74.7,105.5,228.9,156.8,232.2,128.7,1068.8,2.7,51.2,497.2,517.8,1752,,VELLORE,
Tamil Nadu,Vellore,IMD110-P1750,1994,1.6,1.7,0.0,15.5,78.6,37.6,103.5,150.8,117.6,171.6,161.8,7.6,848.0,3.3,94.1,409.6,341.1,1752,,VELLORE,
Tamil Nadu,Vellore,IMD110-P1750,1995,27.0,3.0,18.1,1.4,244.9,124.9,132.7,278.3,127.6,116.9,44.0,0.0,1118.6,30.0,264.4,663.4,160.9,1752,,VELLORE,
Tamil Nadu,Vellore,IMD110-P1750,1996,0.0,0.0,7.6,58.6,27.9,241.8,74.6,199.8,308.2,175.1,100.4,325.5,1519.6,0.0,94.1,824.4,601.0,1752,,VELLORE,
Tamil Nadu,Vellore,IMD110-P1750,1997,8.8,0.0,7.1,44.6,47.5,99.2,28.5,80.6,88.8,97.5,168.9,87.0,758.4,8.8,99.1,297.1,353.4,1752,,VELLORE,
Tamil Nadu,Vellore,IMD110-P1750,1998,0.1,0.0,0.0,26.5,28.8,23.4,91.4,184.0,209.3,159.9,202.6,128.5,1054.4,0.1,55.3,508.0,491.0,1752,,VELLORE,
Tamil Nadu,Vellore,IMD110-P1750,1999,7.7,2.0,0.0,63.4,73.9,58.3,39.6,86.5,68.3,142.6,118.1,71.5,732.1,9.7,137.3,252.7,332.3,1752,,VELLORE,
Tamil Nadu,Vellore,IMD110-P1750,2000,0.0,44.1,0.0,23.8,63.9,70.3,80.3,185.3,204.1,198.0,109.4,67.8,1046.9,44.1,87.7,540.0,375.2,1752,,VELLORE,
Tamil Nadu,Vellore,IMD110-P1750,2001,8.8,0.0,24.2,75.8,72.7,22.8,72.8,27.9,88.5,91.5,19.7,35.7,540.6,8.8,172.8,212.1,146.8,1752,,VELLORE,
Tamil Nadu,Vellore,IMD110-P1750,2002,2.0,0.1,0.4,2.6,27.3,34.5,7.1,29.2,40.9,49.8,22.7,13.7,230.3,2.0,30.3,111.8,86.2,1753,,VELLORE,
Tamil Nadu,Vellore,IMD110-P1750,2003,0.0,0.0,13.4,4.8,9.4,28.7,76.7,75.1,43.6,65.5,14.7,2.3,334.3,0.0,27.6,224.2,82.5,1753,,VELLORE,
Tamil Nadu,Vellore,IMD110-P1750,2004,1.7,0.0,0.1,9.2,103.9,11.6,112.8,11.9,181.4,91.7,93.2,0.5,617.8,1.7,113.2,317.6,185.3,1753,,VELLORE,
Tamil Nadu,Vellore,IMD110-P1750,2005,1.2,0.8,19.7,92.6,80.6,66.7,74.3,114.1,160.1,358.8,226.8,157.4,1353.0,2.0,192.9,415.2,742.9,1753,,VELLORE,
Tamil Nadu,Vellore,IMD110-P1750,2006,4.6,0.0,28.9,28.5,56.9,114.0,29.1,80.7,172.2,180.4,104.6,53.5,853.4,4.6,114.2,396.0,338.6,1753,,VELLORE,
Tamil Nadu,Vellore,IMD110-P1750,2007,0.0,5.1,0.0,61.8,52.0,95.7,178.2,188.5,117.8,182.5,48.3,279.4,1209.1,5.1,113.7,580.1,510.2,1753,,VELLORE,
Tamil Nadu,Vellore,IMD110-P1750,2008,8.3,4.4,62.9,18.6,76.7,45.5,101.2,81.4,120.7,145.2,338.4,7.4,1010.7,12.7,158.1,348.8,491.0,1753,,VELLORE,
Tamil Nadu,Vellore,IMD110-P1750,2009,2.4,0.0,1.4,12.1,74.3,50.3,19.3,111.4,257.2,15.5,161.6,75.3,781.0,2.4,87.9,438.2,252.5,1753,,VELLORE,
Tamil Nadu,Vellore,IMD110-P1750,2010,7.2,0.0,0.0,15.0,103.1,107.7,123.1,109.4,115.8,88.7,245.4,107.8,1023.1,7.2,118.0,456.0,441.9,1753,,VELLORE,
Tamil Nadu,Villupuram,IMD110-P1754,1901,18.4,99.3,2.2,6.8,74.5,40.1,73.9,139.8,193.7,147.8,318.3,120.8,1235.5,117.7,83.5,447.4,586.9,1754,,VILLUPURAM,
Tamil Nadu,Villupuram,IMD110-P1754,1902,34.1,15.5,1.8,1.9,43.6,30.8,70.3,173.4,108.4,266.5,203.4,278.6,1228.3,49.6,47.4,382.9,748.4,1754,,VILLUPURAM,
Tamil Nadu,Villupuram,IMD110-P1754,1903,39.3,8.8,0.0,0.0,148.9,59.0,96.2,127.6,250.7,120.0,227.2,325.4,1403.0,48.1,148.9,533.5,672.6,1754,,VILLUPURAM,
Tamil Nadu,Villupuram,IMD110-P1754,1904,23.4,0.0,0.0,6.4,79.7,10.3,146.5,75.8,143.3,246.0,15.6,62.6,809.3,23.4,86.0,375.8,324.2,1754,,VILLUPURAM,
Tamil Nadu,Villupuram,IMD110-P1754,1905,8.6,4.0,9.0,70.3,60.7,50.9,88.4,155.3,110.8,390.4,128.5,0.7,1077.5,12.6,140.0,405.4,519.5,1754,,VILLUPURAM,
Tamil Nadu,Villupuram,IMD110-P1754,1906,98.3,21.4,12.1,0.1,13.6,37.9,104.9,178.8,125.8,160.7,290.9,204.4,1249.1,119.8,25.9,447.4,656.0,1754,,VILLUPURAM,
Tamil Nadu,Villupuram,IMD110-P1754,1907,1.4,0.4,5.0,57.7,21.6,42.9,85.0,121.7,193.8,228.4,343.1,68.0,1169.0,1.8,84.3,443.3,639.5,1754,,VILLUPURAM,
Tamil Nadu,Villupuram,IMD110-P1754,1908,7.3,30.1,0.5,6.8,20.6,26.0,63.3,109.0,154.9,386.7,55.1,39.3,899.7,37.4,27.9,353.3,481.1,1754,,VILLUPURAM,
Tamil Nadu,Villupuram,IMD110-P1754,1909,121.5,3.7,0.0,50.5,140.0,43.1,46.8,280.4,239.0,124.8,49.7,6.2,1105.7,125.1,190.5,609.3,180.8,1754,,VILLUPURAM,
Tamil Nadu,Villupuram,IMD110-P1754,1910,2.6,10.4,0.0,12.6,56.0,43.4,186.0,164.2,90.8,393.4,116.5,0.0,1075.8,13.0,68.6,484.4,509.9,1754,,VILLUPURAM,
Tamil Nadu,Villupuram,IMD110-P1754,1911,0.2,0.0,0.0,18.1,31.1,55.9,72.5,76.4,275.4,117.3,265.5,193.6,1105.9,0.2,49.2,480.1,576.4,1754,,VILLUPURAM,
Tamil Nadu,Villupuram,IMD110-P1754,1912,3.2,1.3,0.7,0.0,33.2,22.4,22.1,185.4,111.8,244.1,362.1,24.2,1010.5,4.6,33.9,341.6,630.4,1754,,VILLUPURAM,
Tamil Nadu,Villupuram,IMD110-P1754,1913,0.3,0.0,0.0,7.4,40.0,6.5,31.2,145.8,218.2,254.5,316.2,225.5,1245.7,0.3,47.4,401.7,796.3,1754,,VILLUPURAM,
Tamil Nadu,Villupuram,IMD110-P1754,1914,6.7,0.0,0.0,77.0,66.1,35.3,37.0,232.7,263.5,304.8,280.0,201.2,1504.3,6.7,143.1,568.5,786.0,1754,,VILLUPURAM,
Tamil Nadu,Villupuram,IMD110-P1754,1915,98.0,20.2,32.6,11.2,30.8,12.1,134.8,97.7,111.9,86.2,231.4,95.4,962.2,118.2,74.6,356.5,412.9,1754,,VILLUPURAM,
Tamil Nadu,Villupuram,IMD110-P1754,1916,0.2,7.4,0.0,5.4,17.8,20.4,195.2,146.4,95.3,348.0,269.7,50.3,1156.2,7.6,23.2,457.3,668.0,1754,,VILLUPURAM,
Tamil Nadu,Villupuram,IMD110-P1754,1917,5.8,11.0,0.6,3.3,53.7,101.0,66.8,160.4,123.6,116.7,230.1,18.0,890.8,16.8,57.6,451.7,364.8,1754,,VILLUPURAM,
Tamil Nadu,Villupuram,IMD110-P1754,1918,87.3,10.7,12.2,0.0,56.8,74.6,81.2,53.5,93.3,31.4,448.3,119.9,1069.4,98.0,69.0,302.7,599.7,1754,,VILLUPURAM,
Tamil Nadu,Villupuram,IMD110-P1754,1919,9.1,0.0,11.8,28.5,64.7,46.5,99.7,83.7,221.4,120.2,424.9,135.7,1246.0,9.1,105.0,451.2,680.8,1754,,VILLUPURAM,
Tamil Nadu,Villupuram,IMD110-P1754,1920,260.9,0.7,0.0,43.5,32.8,21.0,77.9,139.3,211.0,154.5,544.3,0.0,1485.9,261.6,76.3,449.2,698.7,1754,,VILLUPURAM,
Tamil Nadu,Villupuram,IMD110-P1754,1921,191.9,0.0,0.0,25.2,16.5,43.3,171.7,205.5,78.3,282.5,41.9,31.9,1088.8,191.9,41.7,498.9,356.3,1754,,VILLUPURAM,
Tamil Nadu,Villupuram,IMD110-P1754,1922,59.1,0.7,0.0,7.5,31.0,63.8,80.3,175.1,127.3,220.1,492.8,66.5,1324.1,59.8,38.5,446.4,779.4,1754,,VILLUPURAM,
Tamil Nadu,Villupuram,IMD110-P1754,1923,205.4,0.0,65.2,25.6,10.3,45.8,36.2,36.0,150.0,332.6,47.6,96.4,1051.1,205.4,101.1,268.0,476.6,1754,,VILLUPURAM,
Tamil Nadu,Villupuram,IMD110-P1754,1924,32.6,0.0,7.9,3.4,42.2,30.9,60.7,98.3,290.0,133.1,187.9,34.9,921.9,32.6,53.5,480.0,355.9,1754,,VILLUPURAM,
Tamil Nadu,Villupuram,IMD110-P1754,1925,25.8,1.7,67.0,0.1,85.5,38.1,56.8,159.3,75.8,232.9,268.6,265.1,1276.9,27.5,152.6,330.2,766.7,1754,,VILLUPURAM,
Tamil Nadu,Villupuram,IMD110-P1754,1926,141.5,0.0,10.1,19.1,17.5,26.9,39.3,68.1,127.3,170.7,194.7,29.1,844.5,141.5,46.8,261.6,394.6,1754,,VILLUPURAM,
Tamil Nadu,Villupuram,IMD110-P1754,1927,8.8,5.5,0.0,32.2,55.5,113.4,59.2,61.0,167.6,88.9,259.6,40.6,892.3,14.3,87.6,401.2,389.1,1754,,VILLUPURAM,
Tamil Nadu,Villupuram,IMD110-P1754,1928,17.3,23.1,26.5,11.3,17.6,46.9,76.7,237.4,185.0,279.5,212.4,138.1,1271.8,40.5,55.4,546.0,630.0,1754,,VILLUPURAM,
Tamil Nadu,Villupuram,IMD110-P1754,1929,22.3,17.8,0.0,55.2,12.1,61.6,60.1,156.0,94.1,193.7,303.1,81.4,1057.4,40.1,67.3,371.8,578.2,1754,,VILLUPURAM,
Tamil Nadu,Villupuram,IMD110-P1754,1930,88.1,109.2,33.0,2.2,194.6,66.1,41.7,137.2,74.6,543.7,244.4,30.1,1564.8,197.3,229.7,319.5,818.3,1754,,VILLUPURAM,
Tamil Nadu,Villupuram,IMD110-P1754,1931,20.1,0.0,0.0,98.0,17.4,52.2,69.3,83.4,140.6,170.2,223.1,459.3,1333.5,20.1,115.4,345.4,852.6,1754,,VILLUPURAM,
Tamil Nadu,Villupuram,IMD110-P1754,1932,0.0,4.0,0.0,62.8,80.1,48.3,42.6,135.2,107.7,237.9,367.2,110.3,1196.0,4.0,142.9,333.8,715.4,1754,,VILLUPURAM,
Tamil Nadu,Villupuram,IMD110-P1754,1933,0.0,0.0,141.7,9.4,91.8,26.3,46.4,126.8,88.8,197.9,108.8,191.1,1029.1,0.0,242.9,288.3,497.8,1754,,VILLUPURAM,
Tamil Nadu,Villupuram,IMD110-P1754,1934,83.1,0.0,0.0,8.7,11.4,62.8,70.4,142.8,79.1,421.3,116.8,31.3,1027.7,83.1,20.1,355.1,569.5,1755,,VILLUPURAM,
Tamil Nadu,Villupuram,IMD110-P1754,1935,48.4,0.0,10.4,8.3,7.6,32.1,27.2,213.2,130.0,243.4,181.3,117.2,1019.2,48.4,26.3,402.6,541.9,1755,,VILLUPURAM,
Tamil Nadu,Villupuram,IMD110-P1754,1936,1.9,30.4,36.7,32.7,39.7,32.1,85.3,99.9,84.2,60.8,280.1,79.9,863.7,32.3,109.1,301.5,420.8,1755,,VILLUPURAM,
Tamil Nadu,Villupuram,IMD110-P1754,1937,15.3,0.2,54.5,37.1,27.8,23.2,54.9,213.2,114.8,277.6,522.6,39.4,1380.6,15.4,119.4,406.1,839.6,1755,,VILLUPURAM,
Tamil Nadu,Villupuram,IMD110-P1754,1938,2.0,46.1,26.6,18.1,50.2,59.1,91.3,173.6,171.8,101.8,32.7,25.0,798.5,48.1,95.0,495.8,159.5,1755,,VILLUPURAM,
Tamil Nadu,Villupuram,IMD110-P1754,1939,25.0,0.0,17.6,185.2,20.0,45.4,22.4,62.8,107.8,261.2,329.8,18.1,1095.4,25.0,222.8,238.4,609.2,1755,,VILLUPURAM,
Tamil Nadu,Villupuram,IMD110-P1754,1940,2.7,0.0,9.9,27.6,104.6,86.5,33.7,79.7,117.4,146.5,491.3,127.3,1227.1,2.7,142.1,317.3,765.1,1755,,VILLUPURAM,
Tamil Nadu,Villupuram,IMD110-P1754,1941,42.9,6.3,0.0,12.1,39.2,25.1,73.6,66.7,235.3,151.9,207.2,169.1,1029.5,49.2,51.4,400.7,528.2,1755,,VILLUPURAM,
Tamil Nadu,Villupuram,IMD110-P1754,1942,0.0,0.0,0.0,43.8,15.8,32.4,42.4,146.4,236.1,138.1,87.6,117.6,860.3,0.0,59.6,457.3,343.3,1755,,VILLUPURAM,
Tamil Nadu,Villupuram,IMD110-P1754,1943,93.9,21.1,0.0,51.0,652.9,25.4,46.1,135.9,121.2,329.5,131.3,97.1,1705.4,115.0,703.9,328.7,557.8,1755,,VILLUPURAM,
Tamil Nadu,Villupuram,IMD110-P1754,1944,33.6,36.0,88.4,11.1,25.6,99.2,143.6,82.0,120.1,137.6,376.5,157.2,1311.0,69.6,125.1,444.9,671.4,1755,,VILLUPURAM,
Tamil Nadu,Villupuram,IMD110-P1754,1945,0.6,0.0,7.1,56.0,9.2,6.9,96.3,209.3,103.0,171.9,250.1,1.4,911.7,0.6,72.3,415.4,423.5,1755,,VILLUPURAM,
Tamil Nadu,Villupuram,IMD110-P1754,1946,40.8,0.0,0.0,17.1,58.0,52.1,116.2,,203.4,183.7,359.0,432.3,,40.8,75.1,,974.9,1755,missing_months,VILLUPURAM,
Tamil Nadu,Villupuram,IMD110-P1754,1947,106.7,0.5,12.9,20.5,21.5,36.3,129.9,79.0,202.7,168.4,51.3,8.5,838.2,107.1,54.9,447.8,228.3,1755,,VILLUPURAM,
Tamil Nadu,Villupuram,IMD110-P1754,1948,64.7,12.0,1.2,5.1,20.7,38.2,109.9,30.9,144.3,97.5,341.4,56.1,921.9,76.7,27.0,323.3,494.9,1755,,VILLUPURAM,
Tamil Nadu,Villupuram,IMD110-P1754,1949,0.3,0.3,0.0,11.5,37.0,80.2,127.8,233.6,106.9,55.8,94.9,0.3,748.7,0.6,48.5,548.6,151.0,1755,,VILLUPURAM,
Tamil Nadu,Villupuram,IMD110-P1754,1950,4.7,18.1,14.8,0.3,77.4,17.5,65.1,81.9,109.9,130.1,80.9,47.9,648.6,22.8,92.5,274.4,258.9,1755,,VILLUPURAM,
Tamil Nadu,Villupuram,IMD110-P1754,1951,3.4,0.0,4.5,79.7,61.8,18.3,82.5,220.3,80.0,81.3,215.3,11.7,858.8,3.4,146.0,401.1,308.3,1755,,VILLUPURAM,
Tamil Nadu,Villupuram,IMD110-P1754,1952,9.5,42.5,1.1,11.6,69.0,29.5,39.5,136.3,11.5,132.4,18.4,331.4,832.7,52.0,81.7,216.9,482.1,1755,,VILLUPURAM,
Tamil Nadu,Villupuram,IMD110-P1754,1953,27.5,7.1,0.0,35.6,31.1,80.0,70.8,159.3,197.0,286.2,68.4,20.2,983.3,34.6,66.7,507.1,374.8,1755,,VILLUPURAM,
Tamil Nadu,Villupuram,IMD110-P1754,1954,67.4,0.1,91.3,23.4,19.0,36.3,204.2,177.9,32.2,389.3,3.0,141.7,1185.7,67.4,133.8,450.5,534.0,1755,,VILLUPURAM,
Tamil Nadu,Villupuram,IMD110-P1754,1955,32.0,0.0,0.9,52.0,215.1,30.6,168.6,158.4,117.5,163.7,104.8,142.4,1186.1,32.0,268.0,475.1,411.0,1755,,VILLUPURAM,
Tamil Nadu,Villupuram,IMD110-P1754,1956,28.5,0.4,0.0,18.0,35.5,138.9,40.1,153.6,232.0,243.7,263.8,64.1,1218.6,28.9,53.6,564.5,571.6,1755,,VILLUPURAM,
Tamil Nadu,Villupuram,IMD110-P1754,1957,0.0,8.3,3.9,0.0,29.9,62.7,75.0,70.4,63.4,167.2,160.7,45.1,686.6,8.3,33.8,271.5,373.0,1755,,VILLUPURAM,
Tamil Nadu,Villupuram,IMD110-P1754,1958,20.0,0.0,5.2,7.3,67.9,13.5,40.9,136.0,104.1,195.1,154.2,30.2,774.4,20.0,80.4,294.4,379.5,1755,,VILLUPURAM,
Tamil Nadu,Villupuram,IMD110-P1754,1959,0.4,29.2,0.0,21.5,38.8,28.9,18.7,59.3,115.6,190.8,317.5,101.6,922.2,29.7,60.2,222.5,609.9,1755,,VILLUPURAM,
Tamil Nadu,Villupuram,IMD110-P1754,1960,7.3,0.0,9.6,8.2,8.0,65.7,108.4,69.4,154.7,134.1,557.0,24.8,1147.3,7.3,25.8,398.2,716.0,1755,,VILLUPURAM,
Tamil Nadu,Villupuram,IMD110-P1754,1961,115.9,19.1,0.0,0.0,52.9,49.6,75.7,246.3,257.7,135.7,107.6,54.6,1115.2,135.1,52.9,629.3,297.9,1755,,VILLUPURAM,
Tamil Nadu,Villupuram,IMD110-P1754,1962,0.3,5.7,5.6,28.6,104.6,27.1,36.6,203.5,143.2,317.2,113.1,33.4,1018.8,6.0,138.7,410.3,463.7,1755,,VILLUPURAM,
Tamil Nadu,Villupuram,IMD110-P1754,1963,91.4,0.0,41.5,34.5,32.3,26.3,187.5,153.8,163.4,277.5,268.9,135.1,1412.2,91.4,108.3,531.0,681.5,1755,,VILLUPURAM,
Tamil Nadu,Villupuram,IMD110-P1754,1964,0.0,0.0,1.5,0.0,26.6,13.4,116.9,150.8,84.3,226.8,212.7,80.1,913.2,0.0,28.0,365.5,519.7,1755,,VILLUPURAM,
Tamil Nadu,Villupuram,IMD110-P1754,1965,4.4,1.0,0.0,19.7,23.8,54.3,56.3,238.9,157.3,77.3,136.2,436.6,1205.7,5.4,43.5,506.8,650.1,1755,,VILLUPURAM,
Tamil Nadu,Villupuram,IMD110-P1754,1966,19.0,0.1,1.7,7.8,162.5,30.9,57.5,210.2,146.5,398.7,356.3,133.0,1524.0,19.0,172.0,445.1,888.0,1755,,VILLUPURAM,
Tamil Nadu,Villupuram,IMD110-P1754,1967,85.6,0.0,36.4,0.0,40.5,53.8,104.2,127.6,162.6,182.3,164.2,223.9,1181.1,85.6,76.9,448.2,570.4,1755,,VILLUPURAM,
Tamil Nadu,Villupuram,IMD110-P1754,1968,0.0,0.0,10.3,80.3,18.8,42.2,41.7,94.9,205.8,119.7,187.8,64.8,866.5,0.0,109.5,384.7,372.3,1756,,VILLUPURAM,
Tamil Nadu,Villupuram,IMD110-P1754,1969,0.0,7.4,0.0,2.1,34.3,39.4,48.2,134.9,30.0,486.9,376.3,99.9,1259.4,7.4,36.3,252.6,963.1,1756,,VILLUPURAM,
Tamil Nadu,Villupuram,IMD110-P1754,1970,2.5,6.0,0.1,15.9,31.8,78.4,68.5,124.5,222.0,148.7,234.0,18.2,950.4,8.5,47.7,493.4,400.8,1756,,VILLUPURAM,
Tamil Nadu,Villupuram,IMD110-P1754,1971,14.1,22.0,40.5,20.9,83.6,27.7,139.6,153.4,104.7,240.2,78.6,297.8,1222.9,36.0,145.0,425.4,616.5,1756,,VILLUPURAM,
Tamil Nadu,Villupuram,IMD110-P1754,1972,2.5,0.0,0.0,0.8,107.4,60.1,43.8,113.9,190.3,245.9,123.5,334.5,1222.6,2.5,108.2,408.1,703.9,1756,,VILLUPURAM,
Tamil Nadu,Villupuram,IMD110-P1754,1973,0.2,0.0,0.0,0.1,38.0,40.0,54.3,157.9,156.0,145.2,65.6,56.6,713.8,0.2,38.1,408.1,267.4,1756,,VILLUPURAM,
Tamil Nadu,Villupuram,IMD110-P1754,1974,0.0,0.8,2.1,0.0,57.4,64.1,86.8,71.5,173.3,164.0,31.7,2.2,653.9,0.8,59.6,395.7,197.9,1756,,VILLUPURAM,
Tamil Nadu,Villupuram,IMD110-P1754,1975,1.9,0.6,25.5,0.8,99.1,39.8,226.1,169.5,117.3,218.1,196.8,30.5,1125.8,2.5,125.3,552.6,445.4,1756,,VILLUPURAM,
Tamil Nadu,Villupuram,IMD110-P1754,1976,0.1,0.0,0.0,12.0,41.3,74.7,93.7,230.9,107.7,169.1,298.8,76.2,1104.5,0.1,53.4,506.9,544.1,1756,,VILLUPURAM,
Tamil Nadu,Villupuram,IMD110-P1754,1977,6.5,3.2,0.6,21.2,60.0,80.2,36.7,253.8,128.5,293.4,530.6,5.7,1420.5,9.7,81.8,499.2,829.8,1756,,VILLUPURAM,
Tamil Nadu,Villupuram,IMD110-P1754,1978,0.0,4.3,0.0,14.3,20.7,37.6,66.6,76.9,303.9,157.7,266.9,256.5,1205.5,4.3,35.0,485.1,681.1,1756,,VILLUPURAM,
Tamil Nadu,Villupuram,IMD110-P1754,1979,0.3,9.6,0.7,0.0,24.9,54.2,45.9,56.1,221.6,128.9,436.2,39.2,1017.6,9.8,25.6,377.8,604.3,1756,,VILLUPURAM,
Tamil Nadu,Villupuram,IMD110-P1754,1980,0.0,0.0,0.0,7.3,7.8,6.7,86.8,110.9,60.2,96.0,165.7,46.3,587.9,0.0,15.1,264.7,308.0,1756,,VILLUPURAM,
Tamil Nadu,Villupuram,IMD110-P1754,1981,18.1,0.0,5.6,0.8,84.2,24.3,165.2,86.0,176.9,342.9,75.6,83.8,1063.5,18.1,90.6,452.4,502.4,1756,,VILLUPURAM,
Tamil Nadu,Villupuram,IMD110-P1754,1982,0.3,0.0,0.0,6.3,14.0,34.5,48.3,40.3,97.3,82.7,200.3,18.7,542.8,0.3,20.4,220.4,301.7,1756,,VILLUPURAM,
Tamil Nadu,Villupuram,IMD110-P1754,1983,0.0,0.0,0.0,0.0,51.5,41.6,124.6,174.1,273.8,129.8,108.2,355.8,1259.4,0.0,51.5,614.1,593.8,1756,,VILLUPURAM,
Tamil Nadu,Villupuram,IMD110-P1754,1984,22.3,172.9,59.8,13.1,2.2,43.6,239.2,72.1,212.8,156.4,93.7,51.6,1139.6,195.3,75.0,567.6,301.7,1756,,VILLUPURAM,
Tamil Nadu,Villupuram,IMD110-P1754,1985,97.7,0.0,0.0,2.4,17.3,104.5,153.3,224.3,225.9,152.4,334.1,71.3,1383.3,97.7,19.8,708.0,557.8,1756,,VILLUPURAM,
Tamil Nadu,Villupuram,IMD110-P1754,1986,127.8,11.3,7.8,0.0,23.5,40.4,47.4,134.6,187.2,170.2,206.8,48.7,1005.7,139.1,31.3,409.7,425.7,1756,,VILLUPURAM,
Tamil Nadu,Villupuram,IMD110-P1754,1987,20.9,0.0,11.1,12.3,16.0,126.4,7.8,168.9,188.1,192.4,,201.0,,20.9,39.4,491.2,,1756,missing_months,VILLUPURAM,
Tamil Nadu,Villupuram,IMD110-P1754,1988,0.2,0.0,2.5,61.3,43.1,19.4,58.1,186.0,110.9,85.4,142.5,20.0,729.5,0.2,106.9,374.5,247.9,1756,,VILLUPURAM,
Tamil Nadu,Villupuram,IMD110-P1754,1989,0.5,0.0,7.8,1.9,35.5,59.2,112.9,29.0,131.6,109.9,185.5,58.2,732.0,0.5,45.2,332.7,353.6,1756,,VILLUPURAM,
Tamil Nadu,Villupuram,IMD110-P1754,1990,75.4,14.9,20.9,1.3,104.6,32.4,110.2,162.5,145.7,195.6,120.1,27.6,1011.2,90.3,126.8,450.9,343.3,1756,,VILLUPURAM,
Tamil Nadu,Villupuram,IMD110-P1754,1991,16.1,1.4,0.0,11.7,6.2,79.1,18.9,110.3,114.4,269.6,372.2,2.5,1002.5,17.5,18.0,322.8,644.2,1756,,VILLUPURAM,
Tamil Nadu,Villupuram,IMD110-P1754,1992,1.3,0.0,0.0,0.6,4.8,43.3,50.5,51.5,164.1,125.7,325.8,20.0,787.7,1.3,5.4,309.4,471.5,1756,,VILLUPURAM,
Tamil Nadu,Villupuram,IMD110-P1754,1993,0.0,5.0,0.9,0.0,7.5,59.1,29.2,152.3,136.2,158.8,273.8,162.3,985.2,5.0,8.4,376.8,595.0,1756,,VILLUPURAM,
Tamil Nadu,Villupuram,IMD110-P1754,1994,0.5,10.6,0.0,0.4,29.2,24.3,68.9,85.5,71.5,139.0,291.3,36.7,757.8,11.1,29.6,250.1,467.0,1756,,VILLUPURAM,
Tamil Nadu,Villupuram,IMD110-P1754,1995,8.6,0.0,12.3,7.8,132.5,44.1,108.4,104.4,176.9,100.8,82.3,0.0,778.0,8.6,152.5,433.9,183.1,1756,,VILLUPURAM,
Tamil Nadu,Villupuram,IMD110-P1754,1996,0.0,0.0,,68.3,23.3,110.8,40.1,207.9,124.5,110.1,132.6,518.5,,0.0,,483.3,761.2,1756,missing_months,VILLUPURAM,
Tamil Nadu,Villupuram,IMD110-P1754,1997,1.2,0.0,0.0,19.2,15.1,0.0,46.5,90.1,178.6,0.0,190.5,129.8,671.1,1.2,34.3,315.2,320.3,1756,,VILLUPURAM,
Tamil Nadu,Villupuram,IMD110-P1754,1998,,,,,34.9,8.9,59.5,113.1,126.3,167.7,237.5,282.1,,,,307.8,687.3,1756,missing_months,VILLUPURAM,
Tamil Nadu,Villupuram,IMD110-P1754,1999,,,,17.8,54.2,44.2,43.0,83.0,74.0,187.4,247.4,128.1,,,,244.1,562.9,1756,missing_months,VILLUPURAM,
Tamil Nadu,Villupuram,IMD110-P1754,2000,6.6,68.3,,25.0,75.0,50.9,35.7,113.4,155.2,228.2,101.3,92.5,,74.9,,355.2,422.0,1756,missing_months,VILLUPURAM,
Tamil Nadu,Villupuram,IMD110-P1754,2001,9.2,,,71.2,51.0,22.0,33.0,22.0,35.3,37.3,14.0,19.6,,,,112.4,70.8,1756,missing_months,VILLUPURAM,
Tamil Nadu,Villupuram,IMD110-P1754,2002,2.2,6.6,0.0,0.2,12.8,16.6,4.7,10.6,29.0,44.0,25.1,4.7,156.7,8.9,13.0,61.0,73.8,1757,,VILLUPURAM,
Tamil Nadu,Villupuram,IMD110-P1754,2003,0.0,0.0,0.7,4.2,3.9,6.4,25.3,38.0,12.1,29.8,34.2,2.2,156.8,0.0,8.8,81.8,66.2,1757,,VILLUPURAM,
Tamil Nadu,Villupuram,IMD110-P1754,2004,1.3,0.0,0.0,0.4,61.2,4.4,,,,,,,,1.3,61.6,,,1757,missing_months,VILLUPURAM,
Tamil Nadu,Villupuram,IMD110-P1754,2005,0.0,0.0,19.3,58.9,74.4,19.1,39.2,113.8,177.9,258.7,448.1,194.3,1403.7,0.0,152.5,350.0,901.2,1757,,VILLUPURAM,
Tamil Nadu,Villupuram,IMD110-P1754,2006,3.2,0.0,32.5,17.8,51.1,40.4,35.6,94.9,104.4,297.1,209.3,64.9,951.3,3.2,101.4,275.4,571.3,1757,,VILLUPURAM,
Tamil Nadu,Villupuram,IMD110-P1754,2007,0.0,10.8,0.0,21.8,39.9,19.5,140.0,144.7,,,,,,10.8,61.7,,,1757,missing_months,VILLUPURAM,
Tamil Nadu,Villupuram,IMD110-P1754,2008,14.5,7.5,45.0,0.0,31.1,56.5,31.1,62.5,32.7,108.5,504.0,35.5,929.0,22.0,76.2,182.9,648.0,1757,,VILLUPURAM,
Tamil Nadu,Villupuram,IMD110-P1754,2009,,0.0,,0.0,,44.4,61.0,121.1,109.1,73.0,437.5,148.6,,,,335.7,659.1,1757,missing_months,VILLUPURAM,
Tamil Nadu,Villupuram,IMD110-P1754,2010,9.6,0.0,0.0,4.6,98.1,94.7,41.3,130.3,161.3,96.3,493.8,196.2,1326.2,9.6,102.7,427.5,786.4,1757,,VILLUPURAM,
Tamil Nadu,Virudhunagar,IMD110-P1758,1901,85.1,62.0,71.2,102.5,82.4,17.3,5.1,35.1,174.6,93.8,212.8,25.2,966.9,147.1,256.1,232.0,331.7,1758,,VIRUDHUNAGAR,
Tamil Nadu,Virudhunagar,IMD110-P1758,1902,87.3,0.0,28.5,32.9,101.8,15.7,14.5,37.2,63.8,345.5,247.7,132.1,1107.1,87.3,163.3,131.2,725.3,1758,,VIRUDHUNAGAR,
Tamil Nadu,Virudhunagar,IMD110-P1758,1903,9.4,18.1,1.3,53.5,108.7,18.4,16.4,64.0,159.5,131.1,115.3,164.5,860.0,27.5,163.4,258.2,410.8,1758,,VIRUDHUNAGAR,
Tamil Nadu,Virudhunagar,IMD110-P1758,1904,65.2,0.0,0.0,38.9,70.0,18.3,31.5,15.4,88.1,307.5,12.6,28.4,675.8,65.2,108.9,153.3,348.5,1758,,VIRUDHUNAGAR,
Tamil Nadu,Virudhunagar,IMD110-P1758,1905,2.1,27.1,9.7,107.8,90.4,44.5,12.4,16.7,25.4,174.9,118.2,0.2,629.3,29.2,207.9,99.0,293.2,1758,,VIRUDHUNAGAR,
Tamil Nadu,Virudhunagar,IMD110-P1758,1906,17.7,9.8,28.7,30.3,60.2,6.8,14.0,105.8,28.8,110.7,119.3,115.9,648.0,27.5,119.3,155.3,345.9,1758,,VIRUDHUNAGAR,
Tamil Nadu,Virudhunagar,IMD110-P1758,1907,16.8,0.0,12.9,155.9,43.2,11.1,24.5,13.5,67.5,239.4,187.9,61.3,834.0,16.8,211.9,116.6,488.6,1758,,VIRUDHUNAGAR,
Tamil Nadu,Virudhunagar,IMD110-P1758,1908,17.6,58.8,64.2,31.6,76.1,6.5,10.8,0.6,123.8,247.0,22.6,1.0,660.7,76.5,171.8,141.7,270.6,1758,,VIRUDHUNAGAR,
Tamil Nadu,Virudhunagar,IMD110-P1758,1909,114.2,34.4,10.7,87.9,75.9,8.0,0.0,104.4,5.9,233.3,180.6,48.1,903.5,148.6,174.5,118.3,462.0,1758,,VIRUDHUNAGAR,
Tamil Nadu,Virudhunagar,IMD110-P1758,1910,10.9,13.9,1.7,42.5,34.6,29.9,83.7,114.1,20.3,219.7,186.0,0.0,757.3,24.7,78.8,248.0,405.8,1758,,VIRUDHUNAGAR,
Tamil Nadu,Virudhunagar,IMD110-P1758,1911,0.4,2.8,4.8,38.5,41.1,41.3,5.2,6.1,54.6,127.0,161.0,182.7,665.5,3.2,84.4,107.2,470.7,1758,,VIRUDHUNAGAR,
Tamil Nadu,Virudhunagar,IMD110-P1758,1912,3.3,6.6,0.0,38.5,66.0,40.0,0.0,18.1,81.2,314.8,275.6,17.7,861.8,9.9,104.5,139.3,608.1,1758,,VIRUDHUNAGAR,
Tamil Nadu,Virudhunagar,IMD110-P1758,1913,0.0,4.0,7.7,41.0,35.7,10.1,24.0,29.1,100.3,95.2,86.1,56.4,489.6,4.0,84.5,163.5,237.7,1758,,VIRUDHUNAGAR,
Tamil Nadu,Virudhunagar,IMD110-P1758,1914,1.6,0.0,8.8,67.6,44.6,15.3,1.3,29.6,65.3,288.6,114.7,205.3,842.6,1.6,121.0,111.5,608.5,1758,,VIRUDHUNAGAR,
Tamil Nadu,Virudhunagar,IMD110-P1758,1915,17.4,24.4,72.8,73.1,35.2,35.6,50.5,66.8,104.9,61.0,274.9,37.2,853.6,41.8,181.1,257.8,373.0,1758,,VIRUDHUNAGAR,
Tamil Nadu,Virudhunagar,IMD110-P1758,1916,0.0,4.9,0.4,24.5,57.4,9.8,134.8,78.7,69.2,154.5,59.5,4.3,597.8,4.9,82.2,292.4,218.2,1758,,VIRUDHUNAGAR,
Tamil Nadu,Virudhunagar,IMD110-P1758,1917,26.2,96.2,92.4,13.2,55.9,29.4,16.5,124.5,75.1,103.6,102.9,118.3,853.9,122.3,161.4,245.4,324.7,1758,,VIRUDHUNAGAR,
Tamil Nadu,Virudhunagar,IMD110-P1758,1918,148.6,0.3,24.8,1.6,83.5,11.8,10.5,15.2,31.6,113.7,265.7,107.8,815.1,148.9,109.9,69.1,487.2,1758,,VIRUDHUNAGAR,
Tamil Nadu,Virudhunagar,IMD110-P1758,1919,15.1,0.0,31.0,28.2,98.3,1.1,42.9,22.5,100.3,378.3,170.6,53.9,942.2,15.1,157.6,166.7,602.8,1758,,VIRUDHUNAGAR,
Tamil Nadu,Virudhunagar,IMD110-P1758,1920,157.2,13.1,0.6,75.2,57.9,34.3,11.8,57.9,111.8,81.3,287.2,0.7,888.9,170.3,133.6,215.8,369.2,1758,,VIRUDHUNAGAR,
Tamil Nadu,Virudhunagar,IMD110-P1758,1921,137.9,0.0,4.9,67.8,24.9,19.5,25.1,61.7,35.2,214.1,75.3,72.5,738.9,137.9,97.5,141.5,362.0,1758,,VIRUDHUNAGAR,
Tamil Nadu,Virudhunagar,IMD110-P1758,1922,23.4,26.3,7.5,84.3,83.7,14.0,4.1,27.7,50.4,321.2,251.9,131.3,1025.7,49.6,175.5,96.2,704.4,1758,,VIRUDHUNAGAR,
Tamil Nadu,Virudhunagar,IMD110-P1758,1923,53.8,1.1,44.6,31.1,37.3,17.5,0.0,4.9,56.6,249.8,65.7,144.3,706.7,54.9,113.0,79.0,459.9,1758,,VIRUDHUNAGAR,
Tamil Nadu,Virudhunagar,IMD110-P1758,1924,26.8,0.0,27.2,26.4,57.4,28.1,81.7,55.7,117.1,73.9,235.6,30.5,760.5,26.8,111.0,282.6,340.1,1758,,VIRUDHUNAGAR,
Tamil Nadu,Virudhunagar,IMD110-P1758,1925,32.5,3.7,97.1,29.1,43.3,31.8,12.5,16.8,21.1,142.7,290.3,138.3,859.2,36.2,169.5,82.2,571.3,1758,,VIRUDHUNAGAR,
Tamil Nadu,Virudhunagar,IMD110-P1758,1926,67.2,0.8,44.8,78.2,80.8,6.8,20.3,33.1,84.5,127.8,41.1,7.3,592.6,68.0,203.8,144.6,176.2,1758,,VIRUDHUNAGAR,
Tamil Nadu,Virudhunagar,IMD110-P1758,1927,17.0,37.0,61.6,116.2,97.3,44.5,16.3,71.1,63.4,154.6,186.5,22.6,888.3,54.0,275.1,195.4,363.8,1758,,VIRUDHUNAGAR,
Tamil Nadu,Virudhunagar,IMD110-P1758,1928,6.1,66.8,5.6,77.1,34.6,6.6,56.0,35.9,32.9,135.7,182.7,57.6,697.7,73.0,117.3,131.4,376.0,1758,,VIRUDHUNAGAR,
Tamil Nadu,Virudhunagar,IMD110-P1758,1929,13.5,104.3,30.9,118.3,62.1,13.7,16.8,37.3,113.3,173.5,171.4,98.0,953.0,117.7,211.3,181.2,442.8,1758,,VIRUDHUNAGAR,
Tamil Nadu,Virudhunagar,IMD110-P1758,1930,14.7,102.3,46.4,31.9,56.1,35.6,20.9,34.9,83.6,306.6,249.1,69.6,1051.7,117.0,134.3,175.1,625.3,1758,,VIRUDHUNAGAR,
Tamil Nadu,Virudhunagar,IMD110-P1758,1931,23.3,0.0,0.6,31.7,45.8,6.6,17.0,15.8,33.6,201.3,191.8,161.3,728.8,23.3,78.1,73.0,554.3,1758,,VIRUDHUNAGAR,
Tamil Nadu,Virudhunagar,IMD110-P1758,1932,0.0,81.6,5.2,112.9,57.1,5.8,14.1,155.8,8.3,305.8,152.1,56.4,955.1,81.6,175.2,184.0,514.3,1758,,VIRUDHUNAGAR,
Tamil Nadu,Virudhunagar,IMD110-P1758,1933,0.6,3.9,42.3,81.6,79.7,2.4,28.7,110.9,92.4,264.7,265.4,6.9,979.2,4.4,203.5,234.4,536.9,1758,,VIRUDHUNAGAR,
Tamil Nadu,Virudhunagar,IMD110-P1758,1934,156.8,0.0,26.0,85.7,40.5,49.6,17.8,9.0,7.8,283.4,76.2,8.0,760.6,156.8,152.2,84.1,367.6,1759,,VIRUDHUNAGAR,
Tamil Nadu,Virudhunagar,IMD110-P1758,1935,39.3,2.0,3.6,88.0,41.3,23.8,5.5,104.1,40.6,210.9,102.9,32.5,694.6,41.3,132.9,174.1,346.4,1759,,VIRUDHUNAGAR,
Tamil Nadu,Virudhunagar,IMD110-P1758,1936,1.4,53.2,98.2,30.3,62.8,8.6,35.4,26.4,108.0,112.8,273.4,101.0,911.5,54.7,191.3,178.3,487.1,1759,,VIRUDHUNAGAR,
Tamil Nadu,Virudhunagar,IMD110-P1758,1937,6.8,37.4,37.7,126.0,50.9,14.8,2.9,60.1,83.6,169.0,244.2,6.6,839.9,44.2,214.5,161.4,419.8,1759,,VIRUDHUNAGAR,
Tamil Nadu,Virudhunagar,IMD110-P1758,1938,0.2,73.2,32.5,59.3,67.0,16.8,50.1,90.5,93.8,69.8,37.4,80.2,670.7,73.3,158.8,251.2,187.4,1759,,VIRUDHUNAGAR,
Tamil Nadu,Virudhunagar,IMD110-P1758,1939,32.5,7.5,15.4,98.3,54.6,21.4,4.9,36.5,36.3,225.6,104.9,2.8,640.7,40.0,168.3,99.0,333.4,1759,,VIRUDHUNAGAR,
Tamil Nadu,Virudhunagar,IMD110-P1758,1940,0.0,5.8,20.8,203.2,97.2,34.3,25.7,21.0,93.5,166.0,504.3,126.6,1298.3,5.8,321.2,174.4,797.0,1759,,VIRUDHUNAGAR,
Tamil Nadu,Virudhunagar,IMD110-P1758,1941,73.9,0.2,2.7,96.5,24.8,17.0,8.5,27.5,94.8,230.1,151.6,29.0,756.6,74.1,124.0,147.8,410.7,1759,,VIRUDHUNAGAR,
Tamil Nadu,Virudhunagar,IMD110-P1758,1942,0.8,0.5,19.1,78.0,72.6,13.3,5.1,44.2,76.8,201.6,89.0,221.5,822.5,1.3,169.6,139.4,512.1,1759,,VIRUDHUNAGAR,
Tamil Nadu,Virudhunagar,IMD110-P1758,1943,128.8,6.9,35.6,146.9,28.2,10.8,31.6,49.0,38.1,206.4,182.2,50.5,915.1,135.7,210.6,129.6,439.2,1759,,VIRUDHUNAGAR,
Tamil Nadu,Virudhunagar,IMD110-P1758,1944,16.2,25.4,166.6,49.3,45.8,21.2,2.4,100.4,124.3,301.3,225.6,120.4,1198.9,41.6,261.7,248.3,647.4,1759,,VIRUDHUNAGAR,
Tamil Nadu,Virudhunagar,IMD110-P1758,1945,4.4,4.2,2.3,159.4,56.5,13.5,17.3,45.3,22.9,231.3,322.5,12.4,892.0,8.6,218.2,99.0,566.2,1759,,VIRUDHUNAGAR,
Tamil Nadu,Virudhunagar,IMD110-P1758,1946,9.8,2.8,97.5,91.5,55.5,12.1,11.4,41.1,95.0,138.4,155.9,245.7,956.8,12.6,244.5,159.7,540.0,1759,,VIRUDHUNAGAR,
Tamil Nadu,Virudhunagar,IMD110-P1758,1947,47.1,17.1,118.6,195.4,60.9,10.4,15.1,58.0,74.4,298.1,15.7,49.1,959.9,64.2,375.0,157.9,362.8,1759,,VIRUDHUNAGAR,
Tamil Nadu,Virudhunagar,IMD110-P1758,1948,49.5,15.4,4.4,43.3,59.7,21.5,6.3,95.2,17.5,123.6,302.6,23.7,762.7,64.9,107.4,140.4,449.9,1759,,VIRUDHUNAGAR,
Tamil Nadu,Virudhunagar,IMD110-P1758,1949,13.3,9.9,0.8,50.3,118.8,14.4,82.7,75.1,37.8,153.7,113.7,0.6,671.0,23.2,170.0,209.9,267.9,1759,,VIRUDHUNAGAR,
Tamil Nadu,Virudhunagar,IMD110-P1758,1950,0.3,155.9,11.7,31.8,47.9,3.0,20.8,61.1,21.6,165.1,39.3,32.5,590.9,156.1,91.4,106.5,236.9,1759,,VIRUDHUNAGAR,
Tamil Nadu,Virudhunagar,IMD110-P1758,1951,19.2,0.0,24.2,179.1,67.5,6.1,29.1,41.4,120.7,94.3,215.7,0.6,797.7,19.2,270.7,197.3,310.6,1759,,VIRUDHUNAGAR,
Tamil Nadu,Virudhunagar,IMD110-P1758,1952,8.6,79.8,23.9,55.3,15.0,1.7,26.8,32.0,22.0,134.7,61.5,52.1,513.5,88.4,94.2,82.6,248.3,1759,,VIRUDHUNAGAR,
Tamil Nadu,Virudhunagar,IMD110-P1758,1953,7.3,36.7,15.9,148.5,29.7,55.4,63.9,109.1,67.9,262.7,119.0,12.5,928.8,44.0,194.1,296.4,394.3,1759,,VIRUDHUNAGAR,
Tamil Nadu,Virudhunagar,IMD110-P1758,1954,120.8,1.4,60.3,73.0,72.1,2.1,43.2,121.9,7.0,237.5,78.5,82.7,900.3,122.2,205.4,174.1,398.6,1759,,VIRUDHUNAGAR,
Tamil Nadu,Virudhunagar,IMD110-P1758,1955,10.1,0.0,19.4,74.6,60.4,25.6,7.7,5.9,72.5,154.4,175.5,145.5,751.6,10.1,154.4,111.7,475.5,1759,,VIRUDHUNAGAR,
Tamil Nadu,Virudhunagar,IMD110-P1758,1956,24.3,0.1,0.0,67.3,15.7,54.1,2.7,69.5,55.8,240.5,246.3,30.8,807.2,24.5,83.0,182.1,517.6,1759,,VIRUDHUNAGAR,
Tamil Nadu,Virudhunagar,IMD110-P1758,1957,0.0,14.2,21.3,14.7,134.9,23.2,22.0,11.4,100.1,265.6,234.9,32.2,874.4,14.2,170.8,156.7,532.7,1759,,VIRUDHUNAGAR,
Tamil Nadu,Virudhunagar,IMD110-P1758,1958,6.1,9.7,57.8,78.2,71.0,6.5,6.4,90.5,79.5,96.2,151.0,20.5,673.3,15.8,206.9,183.0,267.7,1759,,VIRUDHUNAGAR,
Tamil Nadu,Virudhunagar,IMD110-P1758,1959,1.1,80.8,0.0,105.0,56.8,69.1,3.7,35.3,53.6,201.8,183.5,18.6,808.9,81.8,161.7,161.6,403.8,1759,,VIRUDHUNAGAR,
Tamil Nadu,Virudhunagar,IMD110-P1758,1960,0.0,10.7,4.5,126.7,79.2,6.9,160.3,22.0,36.2,162.5,349.2,6.6,964.9,10.7,210.4,225.5,518.3,1759,,VIRUDHUNAGAR,
Tamil Nadu,Virudhunagar,IMD110-P1758,1961,59.5,12.0,0.0,55.9,49.1,43.2,15.3,25.9,55.2,164.2,156.1,46.5,682.9,71.5,105.0,139.6,366.8,1759,,VIRUDHUNAGAR,
Tamil Nadu,Virudhunagar,IMD110-P1758,1962,44.0,29.6,15.8,57.6,90.7,16.2,14.8,82.7,124.7,265.6,69.2,21.5,832.4,73.6,164.1,238.4,356.3,1759,,VIRUDHUNAGAR,
Tamil Nadu,Virudhunagar,IMD110-P1758,1963,46.2,11.1,86.6,121.6,20.3,44.2,35.1,25.1,57.2,106.0,252.4,122.9,928.7,57.3,228.4,161.6,481.3,1759,,VIRUDHUNAGAR,
Tamil Nadu,Virudhunagar,IMD110-P1758,1964,0.0,1.5,30.4,24.3,59.1,18.4,157.6,48.7,33.3,159.7,129.3,38.2,700.5,1.5,113.8,258.1,327.1,1759,,VIRUDHUNAGAR,
Tamil Nadu,Virudhunagar,IMD110-P1758,1965,0.0,3.3,20.8,79.2,71.4,6.5,14.4,137.7,59.9,185.0,118.4,50.6,747.3,3.3,171.4,218.5,354.0,1759,,VIRUDHUNAGAR,
Tamil Nadu,Virudhunagar,IMD110-P1758,1966,3.0,0.0,23.1,49.3,,49.6,43.9,71.7,115.2,277.1,159.4,105.6,,3.0,,280.4,542.1,1759,missing_months,VIRUDHUNAGAR,
Tamil Nadu,Virudhunagar,IMD110-P1758,1967,1.6,0.0,77.4,9.1,71.9,35.1,6.0,23.5,60.4,189.5,159.9,49.6,683.9,1.6,158.4,125.0,399.0,1759,,VIRUDHUNAGAR,
Tamil Nadu,Virudhunagar,IMD110-P1758,1968,3.5,4.6,82.7,71.0,24.8,47.2,0.0,41.8,121.3,97.6,107.5,75.6,677.5,8.1,178.5,210.3,280.7,1760,,VIRUDHUNAGAR,
Tamil Nadu,Virudhunagar,IMD110-P1758,1969,0.0,2.8,0.0,71.2,32.6,9.0,0.6,129.0,47.8,156.4,133.8,72.2,655.4,2.8,103.8,186.4,362.4,1760,,VIRUDHUNAGAR,
Tamil Nadu,Virudhunagar,IMD110-P1758,1970,1.3,33.6,5.0,115.9,81.1,17.6,25.6,49.0,48.3,150.8,99.9,7.9,636.1,34.8,202.0,140.7,258.6,1760,,VIRUDHUNAGAR,
Tamil Nadu,Virudhunagar,IMD110-P1758,1971,22.2,3.8,49.9,65.0,75.1,3.5,30.6,81.3,74.3,276.1,99.6,215.8,997.2,26.0,190.0,189.8,591.5,1760,,VIRUDHUNAGAR,
Tamil Nadu,Virudhunagar,IMD110-P1758,1972,3.8,,4.5,7.6,162.9,12.5,6.5,32.7,175.7,238.4,159.7,39.3,,,174.9,227.4,437.4,1760,missing_months,VIRUDHUNAGAR,
Tamil Nadu,Virudhunagar,IMD110-P1758,1973,0.0,0.0,3.0,44.6,52.1,41.9,74.3,22.0,138.6,221.2,119.6,245.1,962.4,0.0,99.6,276.8,585.9,1760,,VIRUDHUNAGAR,
Tamil Nadu,Virudhunagar,IMD110-P1758,1974,0.0,3.0,10.4,104.8,40.5,3.4,22.9,23.8,88.6,78.0,117.5,7.6,500.5,3.0,155.7,138.7,203.1,1760,,VIRUDHUNAGAR,
Tamil Nadu,Virudhunagar,IMD110-P1758,1975,6.7,5.6,32.3,24.1,68.1,6.3,121.7,123.9,133.7,87.6,77.3,10.7,698.0,12.2,124.6,385.6,175.5,1760,,VIRUDHUNAGAR,
Tamil Nadu,Virudhunagar,IMD110-P1758,1976,3.3,0.0,34.8,81.6,32.7,29.4,12.3,23.8,55.6,119.5,217.0,45.2,655.2,3.3,149.1,121.1,381.7,1760,,VIRUDHUNAGAR,
Tamil Nadu,Virudhunagar,IMD110-P1758,1977,0.0,47.0,30.4,39.0,143.3,4.9,22.8,59.3,110.7,379.8,196.7,3.2,1037.0,47.0,212.7,197.7,579.6,1760,,VIRUDHUNAGAR,
Tamil Nadu,Virudhunagar,IMD110-P1758,1978,0.0,29.3,16.0,38.1,43.9,1.2,40.6,2.3,74.0,144.1,87.7,138.3,615.6,29.3,98.1,118.2,370.0,1760,,VIRUDHUNAGAR,
Tamil Nadu,Virudhunagar,IMD110-P1758,1979,0.7,65.6,4.3,7.8,20.8,35.3,23.8,42.0,101.7,105.8,580.3,28.7,1017.0,66.3,32.9,202.9,714.8,1760,,VIRUDHUNAGAR,
Tamil Nadu,Virudhunagar,IMD110-P1758,1980,0.0,0.0,6.4,123.1,50.0,1.2,9.9,9.0,115.1,141.2,145.7,69.9,671.4,0.0,179.5,135.2,356.7,1760,,VIRUDHUNAGAR,
Tamil Nadu,Virudhunagar,IMD110-P1758,1981,7.2,5.2,17.6,13.6,89.5,14.2,74.0,44.8,182.7,254.2,148.6,73.9,925.6,12.4,120.8,315.7,476.7,1760,,VIRUDHUNAGAR,
Tamil Nadu,Virudhunagar,IMD110-P1758,1982,0.0,0.4,3.4,53.1,66.8,13.9,31.6,13.9,82.3,103.4,206.9,43.7,619.3,0.4,123.3,141.7,354.0,1760,,VIRUDHUNAGAR,
Tamil Nadu,Virudhunagar,IMD110-P1758,1983,0.0,0.0,0.0,9.3,96.7,60.1,37.4,35.4,57.3,184.7,157.3,130.0,768.2,0.0,106.0,190.2,472.1,1760,,VIRUDHUNAGAR,
Tamil Nadu,Virudhunagar,IMD110-P1758,1984,51.2,140.6,253.4,73.1,26.1,6.6,23.8,37.4,213.3,153.1,114.7,14.8,1108.0,191.7,352.6,281.1,282.6,1760,,VIRUDHUNAGAR,
Tamil Nadu,Virudhunagar,IMD110-P1758,1985,,,37.0,,,,,,,,,,,,,,,1760,missing_months,VIRUDHUNAGAR,
Tamil Nadu,Virudhunagar,IMD110-P1758,1986,7.0,15.0,0.0,12.9,78.3,28.4,65.8,17.8,,130.0,100.6,10.0,,22.0,91.2,,240.5,1760,missing_months,VIRUDHUNAGAR,
Tamil Nadu,Virudhunagar,IMD110-P1758,1987,6.1,0.0,24.4,29.0,84.1,13.1,6.1,28.8,131.2,314.5,,119.6,,6.1,137.4,179.2,,1760,missing_months,VIRUDHUNAGAR,
Tamil Nadu,Virudhunagar,IMD110-P1758,1988,0.0,19.6,69.8,141.1,27.3,15.8,65.6,146.3,57.9,139.7,118.2,27.6,828.9,19.6,238.1,285.6,285.5,1760,,VIRUDHUNAGAR,
Tamil Nadu,Virudhunagar,IMD110-P1758,1989,0.1,0.0,32.1,70.4,80.4,14.2,167.5,21.5,90.1,259.7,177.5,14.6,928.3,0.1,183.0,293.4,451.8,1760,,VIRUDHUNAGAR,
Tamil Nadu,Virudhunagar,IMD110-P1758,1990,265.1,72.6,35.2,15.3,73.2,8.1,5.3,35.7,122.9,256.3,201.5,54.0,1145.3,337.7,123.7,172.1,511.8,1760,,VIRUDHUNAGAR,
Tamil Nadu,Virudhunagar,IMD110-P1758,1991,46.3,0.9,6.4,33.6,36.9,54.1,9.9,7.6,94.1,162.7,51.1,17.5,521.1,47.2,76.9,165.7,231.3,1760,,VIRUDHUNAGAR,
Tamil Nadu,Virudhunagar,IMD110-P1758,1992,5.7,0.0,0.0,53.1,92.7,19.6,50.1,39.3,124.4,123.1,239.5,41.0,788.4,5.7,145.8,233.4,403.6,1760,,VIRUDHUNAGAR,
Tamil Nadu,Virudhunagar,IMD110-P1758,1993,0.1,11.9,16.8,15.3,63.0,59.5,12.2,54.3,82.4,207.7,295.5,91.2,909.9,12.0,95.2,208.4,594.3,1760,,VIRUDHUNAGAR,
Tamil Nadu,Virudhunagar,IMD110-P1758,1994,10.6,35.9,3.3,77.8,54.7,0.0,9.3,25.6,69.7,197.3,135.9,2.5,622.5,46.5,135.8,104.6,335.7,1760,,VIRUDHUNAGAR,
Tamil Nadu,Virudhunagar,IMD110-P1758,1995,5.8,1.9,21.0,90.2,146.4,32.5,18.1,45.5,38.0,123.8,81.9,0.0,605.2,7.7,257.7,134.1,205.8,1760,,VIRUDHUNAGAR,
Tamil Nadu,Virudhunagar,IMD110-P1758,1996,18.0,38.9,,60.1,36.1,26.0,24.8,100.9,62.9,253.7,62.3,97.8,,56.9,,214.6,413.8,1760,missing_months,VIRUDHUNAGAR,
Tamil Nadu,Virudhunagar,IMD110-P1758,1997,0.7,0.0,0.0,69.3,76.9,11.0,30.2,8.8,56.3,258.8,244.9,147.1,904.1,0.7,146.2,106.3,650.8,1760,,VIRUDHUNAGAR,
Tamil Nadu,Virudhunagar,IMD110-P1758,1998,4.7,,,27.7,36.8,9.7,113.1,114.4,95.8,63.9,282.3,214.7,,,,333.0,560.8,1760,missing_months,VIRUDHUNAGAR,
Tamil Nadu,Virudhunagar,IMD110-P1758,1999,12.0,39.1,12.5,59.5,55.1,35.5,11.3,46.8,80.7,293.5,146.2,51.4,843.5,51.1,127.1,174.3,491.0,1760,,VIRUDHUNAGAR,
Tamil Nadu,Virudhunagar,IMD110-P1758,2000,47.3,168.3,6.9,31.1,54.5,2.3,21.1,70.3,166.8,73.4,111.4,67.9,821.3,215.6,92.5,260.5,252.7,1760,,VIRUDHUNAGAR,
Tamil Nadu,Virudhunagar,IMD110-P1758,2001,63.2,10.5,22.2,118.9,31.6,11.2,28.7,6.2,66.8,97.9,123.8,16.3,597.3,73.7,172.7,112.9,238.0,1760,,VIRUDHUNAGAR,
Tamil Nadu,Virudhunagar,IMD110-P1758,2002,0.0,31.5,5.0,47.6,32.2,8.1,0.9,18.7,20.2,116.1,50.1,4.8,335.4,31.5,84.8,48.0,171.0,1761,,VIRUDHUNAGAR,
Tamil Nadu,Virudhunagar,IMD110-P1758,2003,0.0,7.9,33.1,43.7,18.2,9.6,10.7,26.9,19.9,98.8,57.8,0.8,327.6,7.9,95.0,67.3,157.4,1761,,VIRUDHUNAGAR,
Tamil Nadu,Virudhunagar,IMD110-P1758,2004,3.5,0.1,14.2,25.3,30.5,1.8,,,,,,,,3.6,69.9,,,1761,missing_months,VIRUDHUNAGAR,
Tamil Nadu,Virudhunagar,IMD110-P1758,2005,1.4,19.9,33.7,146.2,74.1,15.2,29.7,65.6,40.1,234.0,193.6,136.5,989.9,21.3,253.9,150.6,564.1,1761,,VIRUDHUNAGAR,
Tamil Nadu,Virudhunagar,IMD110-P1758,2006,11.2,0.2,160.7,40.8,50.3,24.3,4.1,31.5,54.1,291.3,299.8,5.8,974.2,11.4,251.8,114.1,597.0,1761,,VIRUDHUNAGAR,
Tamil Nadu,Virudhunagar,IMD110-P1758,2007,30.7,0.7,10.1,90.4,51.0,40.7,12.9,61.1,32.2,,,,,31.5,151.5,147.0,,1761,missing_months,VIRUDHUNAGAR,
Tamil Nadu,Virudhunagar,IMD110-P1758,2008,2.5,31.5,291.8,52.6,73.4,11.3,54.6,130.9,41.9,396.6,173.3,0.0,1260.4,34.0,417.8,238.8,569.9,1761,,VIRUDHUNAGAR,
Tamil Nadu,Virudhunagar,IMD110-P1758,2009,,0.0,47.1,39.8,,2.6,0.0,16.5,61.9,35.1,242.0,27.5,,,,80.9,304.7,1761,missing_months,VIRUDHUNAGAR,
Tamil Nadu,Virudhunagar,IMD110-P1758,2010,8.0,0.0,1.5,37.1,81.5,43.3,21.3,39.0,105.8,180.4,308.9,82.3,909.2,8.0,120.2,209.4,571.6,1761,,VIRUDHUNAGAR,
