state_source,district_source,series_id,year,jan_mm,feb_mm,mar_mm,apr_mm,may_mm,jun_mm,jul_mm,aug_mm,sep_mm,oct_mm,nov_mm,dec_mm,annual_mm,jf_mm,mam_mm,jjas_mm,ond_mm,source_page,quality_flags,district_table_label,duplicate_source_pages
West Bengal,24 Parganas N,IMD110-P2001,1901,30.8,41.2,1.9,107.3,119.0,262.1,267.8,278.7,375.4,38.7,80.7,0.0,1603.5,72.0,228.2,1184.0,119.4,2001,,24 PARGANAS N,
West Bengal,24 Parganas N,IMD110-P2001,1902,0.0,0.0,56.5,124.6,197.5,184.5,271.4,293.1,202.3,32.1,17.4,6.4,1385.8,0.0,378.6,951.3,56.0,2001,,24 PARGANAS N,
West Bengal,24 Parganas N,IMD110-P2001,1903,20.5,42.6,50.2,30.9,85.4,227.9,176.2,290.5,329.8,163.8,6.5,0.0,1424.3,63.1,166.5,1024.4,170.3,2001,,24 PARGANAS N,
West Bengal,24 Parganas N,IMD110-P2001,1904,0.1,23.1,36.4,15.9,215.3,265.3,383.0,190.3,141.5,45.7,6.3,0.0,1322.8,23.2,267.5,980.0,52.0,2001,,24 PARGANAS N,
West Bengal,24 Parganas N,IMD110-P2001,1905,24.6,40.3,58.0,129.2,204.5,86.7,582.5,276.3,327.5,175.2,0.0,5.5,1910.3,64.9,391.7,1273.0,180.7,2001,,24 PARGANAS N,
West Bengal,24 Parganas N,IMD110-P2001,1906,28.5,146.0,58.8,0.5,106.9,177.8,242.4,222.6,177.5,161.1,13.4,0.0,1335.7,174.5,166.3,820.3,174.6,2001,,24 PARGANAS N,
West Bengal,24 Parganas N,IMD110-P2001,1907,2.8,32.2,112.1,49.3,159.1,341.2,270.3,239.1,231.8,39.0,0.0,38.0,1514.8,35.0,320.5,1082.3,77.0,2001,,24 PARGANAS N,
West Bengal,24 Parganas N,IMD110-P2001,1908,14.6,0.0,3.8,7.0,101.5,493.3,421.5,243.2,258.3,21.7,0.2,0.0,1565.0,14.6,112.3,1416.2,21.9,2001,,24 PARGANAS N,
West Bengal,24 Parganas N,IMD110-P2001,1909,0.0,1.0,1.1,199.4,157.0,385.0,218.3,527.0,236.0,135.0,4.0,16.4,1880.2,1.0,357.5,1366.3,155.4,2001,,24 PARGANAS N,
West Bengal,24 Parganas N,IMD110-P2001,1910,47.6,2.0,8.9,43.4,115.8,186.5,323.3,333.1,206.7,222.9,0.0,0.0,1490.1,49.6,168.1,1049.6,222.9,2001,,24 PARGANAS N,
West Bengal,24 Parganas N,IMD110-P2001,1911,11.9,14.0,50.9,47.6,102.5,223.9,214.4,166.1,193.1,114.0,17.6,0.0,1156.0,25.9,201.0,797.4,131.6,2001,,24 PARGANAS N,
West Bengal,24 Parganas N,IMD110-P2001,1912,2.8,18.6,146.9,101.0,299.0,221.0,340.9,241.7,157.1,113.7,64.3,0.0,1707.0,21.4,546.9,960.7,178.0,2001,,24 PARGANAS N,
West Bengal,24 Parganas N,IMD110-P2001,1913,0.0,88.8,39.4,33.2,244.6,764.6,282.7,299.2,151.9,126.5,22.0,5.5,2058.5,88.8,317.2,1498.5,154.0,2001,,24 PARGANAS N,
West Bengal,24 Parganas N,IMD110-P2001,1914,0.0,31.6,18.0,91.3,272.6,182.3,540.8,189.6,184.1,32.6,0.0,49.4,1592.4,31.6,381.9,1096.9,82.0,2001,,24 PARGANAS N,
West Bengal,24 Parganas N,IMD110-P2001,1915,6.5,7.9,136.6,18.5,179.1,289.6,216.4,280.9,205.2,78.1,28.3,0.0,1447.0,14.4,334.2,992.0,106.4,2001,,24 PARGANAS N,
West Bengal,24 Parganas N,IMD110-P2001,1916,0.0,0.6,0.0,202.8,39.5,426.7,166.6,415.4,276.6,235.8,14.0,0.0,1777.9,0.6,242.3,1285.3,249.8,2001,,24 PARGANAS N,
West Bengal,24 Parganas N,IMD110-P2001,1917,0.0,43.5,9.7,42.2,104.6,392.0,371.4,284.0,241.7,271.6,0.0,0.0,1760.8,43.5,156.5,1289.2,271.6,2001,,24 PARGANAS N,
West Bengal,24 Parganas N,IMD110-P2001,1918,0.0,0.0,38.9,304.5,319.0,422.7,307.7,294.3,170.0,3.3,0.0,5.7,1866.1,0.0,662.4,1194.7,9.0,2001,,24 PARGANAS N,
West Bengal,24 Parganas N,IMD110-P2001,1919,28.5,28.1,21.0,123.6,88.6,306.7,456.5,346.1,185.5,43.1,55.3,0.0,1683.0,56.6,233.2,1294.8,98.4,2001,,24 PARGANAS N,
West Bengal,24 Parganas N,IMD110-P2001,1920,0.0,40.3,166.8,23.7,126.7,119.5,354.0,253.8,119.1,139.7,0.0,0.0,1343.6,40.3,317.1,846.5,139.7,2001,,24 PARGANAS N,
West Bengal,24 Parganas N,IMD110-P2001,1921,34.4,13.7,29.5,34.3,65.8,296.5,281.4,447.1,170.6,32.5,0.0,0.0,1405.8,48.1,129.5,1195.7,32.5,2001,,24 PARGANAS N,
West Bengal,24 Parganas N,IMD110-P2001,1922,2.2,0.0,1.7,48.8,88.2,517.0,251.6,433.8,395.3,143.6,0.0,0.0,1882.1,2.2,138.6,1597.7,143.6,2001,,24 PARGANAS N,
West Bengal,24 Parganas N,IMD110-P2001,1923,0.0,84.2,25.4,51.1,59.4,193.5,341.3,395.8,101.9,94.1,5.5,6.0,1358.1,84.2,135.9,1032.5,105.6,2001,,24 PARGANAS N,
West Bengal,24 Parganas N,IMD110-P2001,1924,0.8,3.6,0.0,59.2,160.4,192.7,274.7,277.9,313.9,126.0,36.2,0.0,1445.4,4.4,219.6,1059.2,162.2,2001,,24 PARGANAS N,
West Bengal,24 Parganas N,IMD110-P2001,1925,18.4,14.3,37.5,85.3,111.5,275.3,302.8,133.3,215.7,234.5,4.6,0.1,1433.3,32.7,234.3,927.1,239.2,2001,,24 PARGANAS N,
West Bengal,24 Parganas N,IMD110-P2001,1926,20.7,13.0,111.9,31.3,150.3,123.7,623.5,466.2,255.6,121.4,0.6,14.7,1932.9,33.7,293.5,1469.0,136.6,2001,,24 PARGANAS N,
West Bengal,24 Parganas N,IMD110-P2001,1927,26.3,27.2,12.4,59.0,117.4,251.4,247.3,173.5,154.4,61.5,0.3,0.0,1130.8,53.4,188.9,826.7,61.8,2001,,24 PARGANAS N,
West Bengal,24 Parganas N,IMD110-P2001,1928,1.5,3.2,0.4,52.5,102.2,429.3,431.2,396.5,122.2,108.6,0.4,0.0,1647.8,4.6,155.0,1379.2,108.9,2001,,24 PARGANAS N,
West Bengal,24 Parganas N,IMD110-P2001,1929,41.4,27.0,38.0,62.9,31.8,250.3,353.0,174.9,243.9,168.8,0.0,24.6,1416.6,68.4,132.7,1022.1,193.4,2001,,24 PARGANAS N,
West Bengal,24 Parganas N,IMD110-P2001,1930,0.0,13.6,17.5,29.3,153.0,177.3,444.6,379.7,226.8,54.1,70.9,0.0,1566.7,13.6,199.8,1228.4,125.0,2001,,24 PARGANAS N,
West Bengal,24 Parganas N,IMD110-P2001,1931,0.9,31.4,28.1,49.7,176.0,188.6,435.0,278.8,197.9,182.0,64.2,0.4,1632.9,32.3,253.8,1100.2,246.6,2001,,24 PARGANAS N,
West Bengal,24 Parganas N,IMD110-P2001,1932,0.0,4.3,18.8,48.5,227.6,202.6,197.3,293.9,143.7,76.3,151.4,0.0,1364.4,4.3,294.8,837.5,227.8,2001,,24 PARGANAS N,
West Bengal,24 Parganas N,IMD110-P2001,1933,7.2,40.1,0.0,101.3,188.8,507.9,381.3,323.9,286.1,155.8,0.0,0.0,1992.3,47.3,290.1,1499.2,155.8,2001,,24 PARGANAS N,
West Bengal,24 Parganas N,IMD110-P2001,1934,0.1,8.4,0.5,48.8,85.0,245.7,232.3,199.3,215.9,120.4,20.8,4.7,1182.0,8.5,134.2,893.3,146.0,2002,,24 PARGANAS N,
West Bengal,24 Parganas N,IMD110-P2001,1935,15.0,21.0,28.2,54.4,6.1,116.3,269.3,259.4,141.3,14.1,0.0,5.5,930.5,36.0,88.7,786.3,19.5,2002,,24 PARGANAS N,
West Bengal,24 Parganas N,IMD110-P2001,1936,22.4,3.5,35.2,16.5,239.9,187.8,308.1,224.3,276.6,77.9,0.7,12.1,1404.9,25.9,291.7,996.7,90.7,2002,,24 PARGANAS N,
West Bengal,24 Parganas N,IMD110-P2001,1937,0.0,104.8,3.9,15.9,77.3,190.1,142.5,294.7,249.6,111.6,1.5,0.8,1192.5,104.8,97.1,876.8,113.8,2002,,24 PARGANAS N,
West Bengal,24 Parganas N,IMD110-P2001,1938,0.9,45.3,12.0,1.3,399.8,302.8,341.5,267.6,132.8,50.7,37.5,0.0,1592.2,46.3,413.0,1044.7,88.2,2002,,24 PARGANAS N,
West Bengal,24 Parganas N,IMD110-P2001,1939,0.3,7.6,5.1,24.2,79.2,301.4,483.4,595.3,283.2,261.3,7.9,0.0,2048.8,7.8,108.5,1663.3,269.2,2002,,24 PARGANAS N,
West Bengal,24 Parganas N,IMD110-P2001,1940,0.0,19.8,133.6,4.5,158.0,189.9,162.4,268.6,292.4,102.3,1.4,0.0,1332.9,19.8,296.0,913.3,103.8,2002,,24 PARGANAS N,
West Bengal,24 Parganas N,IMD110-P2001,1941,26.2,2.0,0.0,34.3,121.1,479.6,480.4,504.3,270.9,223.1,89.8,0.0,2231.9,28.2,155.5,1735.3,312.9,2002,,24 PARGANAS N,
West Bengal,24 Parganas N,IMD110-P2001,1942,0.0,4.8,2.1,44.2,70.2,108.9,329.9,356.5,403.2,64.5,11.6,0.0,1396.0,4.8,116.4,1198.5,76.2,2002,,24 PARGANAS N,
West Bengal,24 Parganas N,IMD110-P2001,1943,38.7,62.5,69.3,156.2,71.9,271.8,531.2,497.2,165.8,136.5,0.0,0.0,2001.0,101.2,297.4,1466.0,136.5,2002,,24 PARGANAS N,
West Bengal,24 Parganas N,IMD110-P2001,1944,72.1,43.4,103.8,16.8,19.5,319.4,377.4,711.2,118.7,55.6,0.0,0.0,1837.7,115.5,140.0,1526.6,55.6,2002,,24 PARGANAS N,
West Bengal,24 Parganas N,IMD110-P2001,1945,12.5,9.0,2.6,71.6,126.0,143.1,151.8,246.8,73.3,213.3,0.0,0.0,1049.8,21.5,200.1,615.0,213.3,2002,,24 PARGANAS N,
West Bengal,24 Parganas N,IMD110-P2001,1946,0.0,0.0,27.6,168.1,106.7,361.9,304.1,572.4,263.6,200.4,16.1,0.0,2020.8,0.0,302.4,1501.9,216.5,2002,,24 PARGANAS N,
West Bengal,24 Parganas N,IMD110-P2001,1947,0.2,9.3,13.4,6.3,116.2,158.5,,269.0,196.5,78.8,0.0,31.0,,9.4,135.9,,109.8,2002,missing_months,24 PARGANAS N,
West Bengal,24 Parganas N,IMD110-P2001,1948,3.6,92.8,79.4,104.1,189.2,240.7,348.7,368.1,185.0,56.5,146.4,0.0,1814.5,96.4,372.7,1142.5,202.9,2002,,24 PARGANAS N,
West Bengal,24 Parganas N,IMD110-P2001,1949,9.2,1.0,21.5,171.8,307.1,327.7,380.8,298.6,210.8,195.1,0.0,0.0,1923.7,10.2,500.4,1217.9,195.1,2002,,24 PARGANAS N,
West Bengal,24 Parganas N,IMD110-P2001,1950,0.0,0.0,78.0,4.7,94.8,281.4,207.7,280.9,205.2,164.7,176.6,0.0,1493.9,0.0,177.5,975.1,341.3,2002,,24 PARGANAS N,
West Bengal,24 Parganas N,IMD110-P2001,1951,0.0,0.0,59.5,36.8,80.4,208.3,266.7,349.7,235.2,134.6,29.9,2.5,1403.5,0.0,176.7,1059.9,167.0,2002,,24 PARGANAS N,
West Bengal,24 Parganas N,IMD110-P2001,1952,0.1,0.1,36.8,146.7,117.1,162.3,437.6,207.8,192.8,180.9,0.7,0.0,1482.8,0.2,300.6,1000.5,181.6,2002,,24 PARGANAS N,
West Bengal,24 Parganas N,IMD110-P2001,1953,6.3,20.5,13.3,17.6,70.3,323.0,322.9,216.7,303.2,35.8,25.8,0.0,1355.3,26.8,101.3,1165.8,61.6,2002,,24 PARGANAS N,
West Bengal,24 Parganas N,IMD110-P2001,1954,17.3,11.6,0.0,27.0,124.4,321.3,147.0,220.8,222.3,88.9,0.0,14.3,1194.9,28.9,151.4,911.4,103.1,2002,,24 PARGANAS N,
West Bengal,24 Parganas N,IMD110-P2001,1955,0.0,0.0,8.1,41.4,36.5,199.7,338.1,264.1,174.0,201.8,62.4,0.0,1326.2,0.0,86.0,976.0,264.2,2002,,24 PARGANAS N,
West Bengal,24 Parganas N,IMD110-P2001,1956,7.0,20.3,43.1,29.3,79.9,505.5,346.6,296.0,321.0,128.9,14.0,0.0,1791.6,27.3,152.3,1469.1,142.9,2002,,24 PARGANAS N,
West Bengal,24 Parganas N,IMD110-P2001,1957,46.0,21.2,1.3,20.7,49.2,176.2,330.7,289.7,208.9,52.2,0.0,0.0,1196.0,67.1,71.2,1005.5,52.2,2002,,24 PARGANAS N,
West Bengal,24 Parganas N,IMD110-P2001,1958,7.6,27.2,2.0,59.7,60.3,119.9,254.1,281.5,262.7,143.5,26.3,0.0,1244.7,34.8,122.0,918.2,169.8,2002,,24 PARGANAS N,
West Bengal,24 Parganas N,IMD110-P2001,1959,66.9,25.2,19.8,24.0,144.9,290.2,345.0,412.3,626.9,400.1,0.0,0.2,2355.3,92.1,188.6,1674.4,400.3,2002,,24 PARGANAS N,
West Bengal,24 Parganas N,IMD110-P2001,1960,0.1,2.5,47.6,1.1,119.1,102.4,540.5,310.0,306.5,51.4,3.0,0.0,1484.2,2.6,167.8,1259.4,54.4,2002,,24 PARGANAS N,
West Bengal,24 Parganas N,IMD110-P2001,1961,25.4,33.9,24.0,33.7,152.3,276.9,125.0,245.5,222.5,104.3,0.5,0.0,1244.0,59.3,210.0,869.9,104.8,2002,,24 PARGANAS N,
West Bengal,24 Parganas N,IMD110-P2001,1962,8.4,16.6,2.2,59.2,51.3,262.8,210.8,183.8,253.7,121.7,0.0,0.0,1170.5,25.0,112.7,911.1,121.7,2002,,24 PARGANAS N,
West Bengal,24 Parganas N,IMD110-P2001,1963,0.0,0.0,11.1,84.3,137.5,380.1,275.1,209.0,343.5,128.4,23.9,0.0,1592.8,0.0,232.8,1207.7,152.3,2002,,24 PARGANAS N,
West Bengal,24 Parganas N,IMD110-P2001,1964,5.3,23.2,7.9,100.8,120.6,153.2,559.7,187.0,117.5,141.6,17.8,0.0,1434.4,28.4,229.3,1017.3,159.4,2002,,24 PARGANAS N,
West Bengal,24 Parganas N,IMD110-P2001,1965,0.0,17.5,61.2,27.9,35.3,321.7,282.2,536.4,243.2,56.0,0.0,0.0,1581.4,17.5,124.4,1383.5,56.0,2002,,24 PARGANAS N,
West Bengal,24 Parganas N,IMD110-P2001,1966,27.6,7.7,22.7,15.5,46.3,309.0,148.7,211.4,120.2,74.5,12.3,13.6,1009.7,35.4,84.5,789.3,100.4,2002,,24 PARGANAS N,
West Bengal,24 Parganas N,IMD110-P2001,1967,122.7,0.0,25.7,97.6,99.9,201.2,367.0,305.9,339.8,127.8,2.5,0.0,1690.0,122.7,223.1,1213.8,130.4,2002,,24 PARGANAS N,
West Bengal,24 Parganas N,IMD110-P2001,1968,0.7,38.2,24.8,25.8,67.2,494.2,497.8,539.4,108.3,112.2,42.0,0.0,1950.6,38.9,117.8,1639.8,154.1,2003,,24 PARGANAS N,
West Bengal,24 Parganas N,IMD110-P2001,1969,8.9,0.4,21.8,53.8,132.7,196.8,326.0,551.5,436.9,53.3,16.1,0.0,1798.2,9.3,208.2,1511.2,69.5,2003,,24 PARGANAS N,
West Bengal,24 Parganas N,IMD110-P2001,1970,4.1,4.4,46.0,26.1,67.2,439.3,259.0,176.2,600.7,360.8,20.6,0.0,2004.3,8.4,139.3,1475.2,381.4,2003,,24 PARGANAS N,
West Bengal,24 Parganas N,IMD110-P2001,1971,39.0,17.2,0.5,205.8,129.5,458.3,616.2,589.8,202.6,219.1,48.9,0.0,2526.9,56.2,335.8,1866.9,268.0,2003,,24 PARGANAS N,
West Bengal,24 Parganas N,IMD110-P2001,1972,0.0,62.4,0.0,5.1,29.9,137.8,183.1,501.5,215.9,62.4,,0.0,,62.4,35.0,1038.3,,2003,missing_months,24 PARGANAS N,
West Bengal,24 Parganas N,IMD110-P2001,1973,0.0,13.6,27.9,25.0,169.5,292.3,247.8,344.3,270.4,207.1,24.5,62.1,1684.5,13.6,222.4,1154.8,293.7,2003,,24 PARGANAS N,
West Bengal,24 Parganas N,IMD110-P2001,1974,0.4,0.0,126.2,29.8,172.6,116.3,317.2,256.5,319.5,253.8,0.0,0.0,1592.3,0.4,328.6,1009.5,253.8,2003,,24 PARGANAS N,
West Bengal,24 Parganas N,IMD110-P2001,1975,9.1,17.9,3.2,8.4,69.7,226.1,499.9,296.8,229.2,213.1,55.5,0.0,1628.9,27.0,81.3,1252.0,268.6,2003,,24 PARGANAS N,
West Bengal,24 Parganas N,IMD110-P2001,1976,0.0,43.3,4.1,103.8,214.8,184.2,388.0,330.3,229.5,12.1,5.9,0.0,1516.0,43.3,322.7,1132.0,18.0,2003,,24 PARGANAS N,
West Bengal,24 Parganas N,IMD110-P2001,1977,3.0,50.9,0.0,112.7,208.4,539.8,528.2,264.6,243.1,56.6,0.0,44.6,2051.9,53.9,321.1,1575.7,101.2,2003,,24 PARGANAS N,
West Bengal,24 Parganas N,IMD110-P2001,1978,0.0,7.4,76.5,47.4,234.4,159.3,196.0,433.1,763.3,149.0,0.0,0.8,2067.2,7.4,358.3,1551.7,149.8,2003,,24 PARGANAS N,
West Bengal,24 Parganas N,IMD110-P2001,1979,18.4,4.7,2.2,41.2,40.4,222.9,233.5,257.4,158.5,87.7,0.0,41.7,1108.6,23.1,83.8,872.3,129.4,2003,,24 PARGANAS N,
West Bengal,24 Parganas N,IMD110-P2001,1980,9.4,50.3,86.7,4.0,124.6,371.4,476.0,226.4,236.1,87.2,0.0,,,59.7,215.3,1309.9,,2003,missing_months,24 PARGANAS N,
West Bengal,24 Parganas N,IMD110-P2001,1981,0.0,85.8,95.0,197.5,347.4,124.0,357.4,286.5,295.0,0.4,0.0,100.7,1889.7,85.8,639.9,1062.9,101.1,2003,,24 PARGANAS N,
West Bengal,24 Parganas N,IMD110-P2001,1982,0.0,60.9,52.4,57.2,71.0,160.5,157.1,366.1,124.0,21.4,14.7,0.0,1085.3,60.9,180.6,807.7,36.1,2003,,24 PARGANAS N,
West Bengal,24 Parganas N,IMD110-P2001,1983,2.7,25.6,56.3,44.2,262.2,174.0,148.5,407.8,244.3,176.5,0.5,3.9,1546.5,28.3,362.7,974.6,180.9,2003,,24 PARGANAS N,
West Bengal,24 Parganas N,IMD110-P2001,1984,24.5,0.6,0.0,60.1,142.3,1041.5,353.9,603.2,143.2,142.7,0.0,0.0,2512.0,25.1,202.4,2141.8,142.7,2003,,24 PARGANAS N,
West Bengal,24 Parganas N,IMD110-P2001,1985,10.6,6.0,0.0,56.5,105.6,357.2,230.8,310.7,328.1,83.0,9.9,0.1,1498.5,16.6,162.1,1226.8,93.0,2003,,24 PARGANAS N,
West Bengal,24 Parganas N,IMD110-P2001,1986,15.7,1.0,10.4,40.0,151.8,306.5,428.4,125.9,748.3,176.1,297.2,3.3,2304.6,16.7,202.2,1609.1,476.6,2003,,24 PARGANAS N,
West Bengal,24 Parganas N,IMD110-P2001,1987,1.4,2.0,9.8,124.9,79.0,252.1,521.4,619.8,140.3,68.5,16.7,3.8,1839.7,3.4,213.7,1533.6,89.0,2003,,24 PARGANAS N,
West Bengal,24 Parganas N,IMD110-P2001,1988,0.0,41.2,44.6,43.8,110.1,739.8,231.2,249.3,258.8,63.2,86.8,1.1,1869.9,41.2,198.5,1479.1,151.1,2003,,24 PARGANAS N,
West Bengal,24 Parganas N,IMD110-P2001,1989,0.0,0.0,2.3,26.2,83.5,275.7,363.9,189.6,312.3,258.3,0.0,1.8,1513.6,0.0,112.0,1141.5,260.1,2003,,24 PARGANAS N,
West Bengal,24 Parganas N,IMD110-P2001,1990,0.0,73.4,54.8,11.8,293.9,240.0,668.5,260.5,389.4,48.2,27.0,3.5,2070.9,73.4,360.5,1558.4,78.7,2003,,24 PARGANAS N,
West Bengal,24 Parganas N,IMD110-P2001,1991,28.5,22.0,38.3,29.2,33.3,462.9,351.5,235.2,258.6,112.2,0.7,50.1,1622.5,50.5,100.9,1308.2,162.9,2003,,24 PARGANAS N,
West Bengal,24 Parganas N,IMD110-P2001,1992,9.5,66.6,0.0,9.0,210.5,251.1,317.6,242.8,253.7,70.2,1.0,0.1,1432.1,76.2,219.5,1065.2,71.3,2003,,24 PARGANAS N,
West Bengal,24 Parganas N,IMD110-P2001,1993,0.3,4.2,50.0,126.5,145.0,297.2,273.5,321.8,343.5,165.0,24.4,0.0,1751.3,4.5,321.5,1235.9,189.4,2003,,24 PARGANAS N,
West Bengal,24 Parganas N,IMD110-P2001,1994,13.7,61.7,29.0,43.4,107.7,282.1,348.6,325.0,107.8,120.0,19.9,0.0,1459.0,75.4,180.1,1063.6,139.9,2003,,24 PARGANAS N,
West Bengal,24 Parganas N,IMD110-P2001,1995,17.0,38.5,7.0,14.6,218.9,262.6,283.0,303.0,527.3,57.5,218.5,0.0,1947.9,55.5,240.5,1375.9,276.0,2003,,24 PARGANAS N,
West Bengal,24 Parganas N,IMD110-P2001,1996,12.9,8.7,6.7,59.8,42.0,238.3,166.5,472.3,280.8,188.1,0.0,0.0,1476.1,21.6,108.5,1157.9,188.1,2003,,24 PARGANAS N,
West Bengal,24 Parganas N,IMD110-P2001,1997,34.3,21.9,52.4,135.0,132.5,119.6,462.5,468.2,227.4,46.7,8.0,18.1,1726.7,56.2,319.9,1277.8,72.8,2003,,24 PARGANAS N,
West Bengal,24 Parganas N,IMD110-P2001,1998,50.8,40.3,296.4,54.5,66.9,124.7,426.7,247.5,237.1,195.4,135.6,0.0,1875.9,91.1,417.8,1036.0,331.0,2003,,24 PARGANAS N,
West Bengal,24 Parganas N,IMD110-P2001,1999,0.0,0.0,5.8,3.1,149.6,241.1,420.9,469.7,642.9,244.3,0.0,0.0,2177.4,0.0,158.4,1774.6,244.3,2003,,24 PARGANAS N,
West Bengal,24 Parganas N,IMD110-P2001,2000,22.6,35.2,12.6,75.0,232.4,200.3,350.2,220.0,186.0,111.0,0.3,0.0,1445.6,57.8,320.0,956.5,111.3,2003,,24 PARGANAS N,
West Bengal,24 Parganas N,IMD110-P2001,2001,0.0,12.5,27.6,29.1,243.3,387.6,241.0,313.7,242.5,288.7,19.4,0.0,1805.4,12.5,300.0,1184.8,308.1,2003,,24 PARGANAS N,
West Bengal,24 Parganas N,IMD110-P2001,2002,17.5,0.0,21.5,51.1,204.1,403.3,266.5,266.4,158.9,60.7,93.8,0.0,1543.8,17.5,276.6,1095.1,154.6,2004,,24 PARGANAS N,
West Bengal,24 Parganas N,IMD110-P2001,2003,0.0,11.0,170.1,28.6,123.9,214.4,260.0,192.9,190.9,379.5,0.3,18.0,1589.6,11.0,322.6,858.2,397.8,2004,,24 PARGANAS N,
West Bengal,24 Parganas N,IMD110-P2001,2004,0.6,0.0,7.9,79.4,70.0,296.1,244.0,343.2,377.5,252.2,0.0,0.0,1670.9,0.6,157.3,1260.8,252.2,2004,,24 PARGANAS N,
West Bengal,24 Parganas N,IMD110-P2001,2005,21.3,0.7,86.9,39.6,180.0,210.3,440.5,280.4,150.0,442.8,0.0,0.0,1852.5,21.9,306.5,1081.3,442.8,2004,,24 PARGANAS N,
West Bengal,24 Parganas N,IMD110-P2001,2006,0.0,0.0,3.4,68.9,124.9,120.5,475.9,350.4,424.5,119.6,4.1,0.0,1692.1,0.0,197.2,1371.3,123.6,2004,,24 PARGANAS N,
West Bengal,24 Parganas N,IMD110-P2001,2007,1.6,53.4,24.3,62.5,103.1,253.6,458.7,238.6,520.2,107.0,38.0,0.0,1861.0,55.0,190.0,1471.0,145.0,2004,,24 PARGANAS N,
West Bengal,24 Parganas N,IMD110-P2001,2008,59.7,27.5,8.0,104.9,102.9,225.9,301.2,241.7,314.0,81.5,0.0,0.0,1467.4,87.3,215.9,1082.7,81.5,2004,,24 PARGANAS N,
West Bengal,24 Parganas N,IMD110-P2001,2009,0.0,0.0,36.2,0.0,297.6,91.6,221.2,506.8,286.8,59.9,20.6,0.2,1520.9,0.0,333.8,1106.4,80.7,2004,,24 PARGANAS N,
West Bengal,24 Parganas N,IMD110-P2001,2010,0.0,4.3,7.9,24.8,152.6,194.9,206.8,211.9,202.6,225.6,3.7,20.3,1255.6,4.3,185.3,816.2,249.7,2004,,24 PARGANAS N,
West Bengal,24 Parganas S,IMD110-P2005,1901,32.1,61.7,0.7,85.1,95.7,273.1,408.8,297.8,311.7,82.5,111.0,0.0,1760.0,93.8,181.4,1291.3,193.4,2005,,24 PARGANAS S,
West Bengal,24 Parganas S,IMD110-P2005,1902,0.0,0.0,72.6,85.7,182.7,164.3,429.3,254.1,237.8,51.5,7.0,26.4,1511.4,0.0,341.0,1085.5,84.9,2005,,24 PARGANAS S,
West Bengal,24 Parganas S,IMD110-P2005,1903,33.0,24.7,23.0,43.7,63.3,205.9,241.3,325.4,328.4,176.9,8.6,0.0,1474.3,57.7,130.1,1101.0,185.5,2005,,24 PARGANAS S,
West Bengal,24 Parganas S,IMD110-P2005,1904,0.4,38.7,46.5,23.0,109.3,356.3,512.8,276.6,160.0,94.4,9.4,0.4,1627.8,39.1,178.8,1305.6,104.2,2005,,24 PARGANAS S,
West Bengal,24 Parganas S,IMD110-P2005,1905,26.8,42.0,114.5,91.2,163.2,33.6,556.9,227.9,318.3,236.3,0.0,4.3,1815.1,68.9,368.9,1136.7,240.7,2005,,24 PARGANAS S,
West Bengal,24 Parganas S,IMD110-P2005,1906,58.4,100.2,43.0,0.3,70.0,220.5,379.2,187.2,201.3,158.3,15.2,0.2,1433.7,158.6,113.3,988.3,173.6,2005,,24 PARGANAS S,
West Bengal,24 Parganas S,IMD110-P2005,1907,0.0,17.3,125.4,32.7,106.7,490.2,270.5,354.1,232.7,12.9,0.0,6.5,1648.8,17.3,264.8,1347.4,19.4,2005,,24 PARGANAS S,
West Bengal,24 Parganas S,IMD110-P2005,1908,32.7,0.8,0.5,0.3,89.4,413.5,378.3,323.2,166.9,21.5,1.2,0.0,1428.1,33.4,90.2,1281.8,22.7,2005,,24 PARGANAS S,
West Bengal,24 Parganas S,IMD110-P2005,1909,0.1,12.6,0.0,77.9,112.3,406.9,268.5,453.9,242.8,90.4,1.8,84.7,1751.9,12.7,190.3,1372.1,176.9,2005,,24 PARGANAS S,
West Bengal,24 Parganas S,IMD110-P2005,1910,41.2,13.0,3.4,23.2,107.1,228.0,380.1,195.4,221.3,278.5,0.0,0.0,1491.2,54.3,133.7,1024.7,278.5,2005,,24 PARGANAS S,
West Bengal,24 Parganas S,IMD110-P2005,1911,0.6,8.1,28.9,46.2,75.6,239.3,155.2,272.9,194.9,77.8,8.8,0.0,1108.3,8.8,150.6,862.3,86.6,2005,,24 PARGANAS S,
West Bengal,24 Parganas S,IMD110-P2005,1912,0.0,37.8,88.8,40.1,77.4,184.6,361.4,285.2,142.1,104.0,74.1,0.0,1395.4,37.8,206.3,973.2,178.1,2005,,24 PARGANAS S,
West Bengal,24 Parganas S,IMD110-P2005,1913,11.9,60.1,21.5,20.1,137.7,598.5,608.5,254.7,166.4,151.7,22.1,6.3,2059.5,72.0,179.3,1628.0,180.2,2005,,24 PARGANAS S,
West Bengal,24 Parganas S,IMD110-P2005,1914,0.0,28.6,11.0,43.9,181.8,255.9,334.0,183.2,241.3,10.0,0.0,7.5,1297.2,28.6,236.8,1014.3,17.5,2005,,24 PARGANAS S,
West Bengal,24 Parganas S,IMD110-P2005,1915,9.1,2.3,96.5,31.1,107.5,228.6,229.0,324.0,276.1,134.0,168.2,2.3,1608.9,11.4,235.2,1057.8,304.6,2005,,24 PARGANAS S,
West Bengal,24 Parganas S,IMD110-P2005,1916,4.1,2.5,0.0,13.0,60.9,506.6,144.1,325.1,244.6,383.4,65.3,0.6,1750.2,6.6,73.9,1220.3,449.3,2005,,24 PARGANAS S,
West Bengal,24 Parganas S,IMD110-P2005,1917,0.0,20.3,12.3,32.1,109.1,395.9,357.6,381.8,229.9,377.1,37.0,0.0,1953.1,20.3,153.5,1365.2,414.1,2005,,24 PARGANAS S,
West Bengal,24 Parganas S,IMD110-P2005,1918,2.5,0.0,22.5,109.0,251.6,392.3,214.0,298.3,258.0,12.3,0.9,9.1,1570.5,2.5,383.1,1162.6,22.3,2005,,24 PARGANAS S,
West Bengal,24 Parganas S,IMD110-P2005,1919,19.9,33.6,15.2,79.5,134.1,448.4,286.8,520.0,95.0,45.0,86.4,0.0,1763.8,53.5,228.8,1350.2,131.3,2005,,24 PARGANAS S,
West Bengal,24 Parganas S,IMD110-P2005,1920,0.1,65.4,150.7,6.6,70.2,106.2,342.8,262.7,109.9,198.5,17.1,0.0,1330.2,65.6,227.5,821.5,215.6,2005,,24 PARGANAS S,
West Bengal,24 Parganas S,IMD110-P2005,1921,30.1,11.9,8.6,65.1,75.0,271.8,228.1,440.9,216.5,69.9,0.0,0.0,1417.9,42.0,148.7,1157.3,69.9,2005,,24 PARGANAS S,
West Bengal,24 Parganas S,IMD110-P2005,1922,8.7,0.2,1.7,25.9,45.0,585.0,339.8,490.8,310.4,92.0,0.9,0.1,1900.5,8.8,72.6,1726.0,93.1,2005,,24 PARGANAS S,
West Bengal,24 Parganas S,IMD110-P2005,1923,0.1,97.1,2.3,12.0,39.9,169.2,339.7,460.6,110.0,97.4,39.0,4.1,1371.4,97.2,54.2,1079.4,140.6,2005,,24 PARGANAS S,
West Bengal,24 Parganas S,IMD110-P2005,1924,10.8,7.9,0.0,20.9,43.7,155.4,245.6,313.5,201.6,84.3,100.8,0.3,1184.7,18.7,64.6,916.1,185.4,2005,,24 PARGANAS S,
West Bengal,24 Parganas S,IMD110-P2005,1925,26.1,15.1,21.6,63.6,66.0,191.7,431.1,268.3,217.5,229.5,9.9,0.0,1540.3,41.2,151.1,1108.6,239.4,2005,,24 PARGANAS S,
West Bengal,24 Parganas S,IMD110-P2005,1926,17.6,17.2,159.6,30.5,84.9,104.6,674.5,486.3,200.3,109.9,0.0,18.1,1903.6,34.8,275.0,1465.8,128.0,2005,,24 PARGANAS S,
West Bengal,24 Parganas S,IMD110-P2005,1927,20.0,18.0,2.7,26.9,67.1,270.1,452.0,279.1,210.6,43.8,7.9,0.0,1398.1,38.0,96.7,1211.8,51.7,2005,,24 PARGANAS S,
West Bengal,24 Parganas S,IMD110-P2005,1928,0.9,0.5,0.1,63.3,108.0,377.3,475.3,456.8,142.0,246.0,10.6,0.0,1880.8,1.4,171.5,1451.4,256.5,2005,,24 PARGANAS S,
West Bengal,24 Parganas S,IMD110-P2005,1929,33.1,13.0,33.8,49.2,14.3,288.0,404.5,289.0,212.8,296.3,0.0,5.4,1639.5,46.1,97.3,1194.3,301.8,2005,,24 PARGANAS S,
West Bengal,24 Parganas S,IMD110-P2005,1930,0.0,20.1,13.0,7.2,87.6,238.8,430.6,352.2,195.0,38.9,82.8,0.0,1466.2,20.1,107.9,1216.5,121.7,2005,,24 PARGANAS S,
West Bengal,24 Parganas S,IMD110-P2005,1931,0.3,53.3,26.9,25.4,164.5,202.1,530.5,399.0,221.3,284.8,95.9,2.2,2006.3,53.6,216.9,1352.9,383.0,2005,,24 PARGANAS S,
West Bengal,24 Parganas S,IMD110-P2005,1932,0.0,5.6,9.0,54.7,336.1,164.4,384.3,207.7,164.8,92.0,198.5,0.0,1617.0,5.6,399.8,921.2,290.4,2005,,24 PARGANAS S,
West Bengal,24 Parganas S,IMD110-P2005,1933,4.0,50.8,0.0,66.0,204.3,331.0,680.8,353.5,375.0,273.7,3.7,1.2,2343.9,54.9,270.2,1740.2,278.5,2005,,24 PARGANAS S,
West Bengal,24 Parganas S,IMD110-P2005,1934,0.3,0.7,2.9,16.7,51.2,199.9,227.5,361.1,241.9,149.4,30.3,18.6,1300.5,1.0,70.7,1030.4,198.4,2006,,24 PARGANAS S,
West Bengal,24 Parganas S,IMD110-P2005,1935,0.0,25.0,34.4,63.4,24.6,186.7,274.5,286.9,138.1,35.8,0.0,0.1,1069.6,25.0,122.4,886.3,35.9,2006,,24 PARGANAS S,
West Bengal,24 Parganas S,IMD110-P2005,1936,15.4,23.4,3.8,6.6,358.2,382.4,335.6,274.1,258.8,48.8,0.0,6.7,1713.6,38.8,368.5,1250.8,55.5,2006,,24 PARGANAS S,
West Bengal,24 Parganas S,IMD110-P2005,1937,0.0,102.4,11.4,2.3,167.4,435.7,345.0,340.0,298.3,156.8,4.7,0.7,1864.7,102.4,181.1,1419.0,162.2,2006,,24 PARGANAS S,
West Bengal,24 Parganas S,IMD110-P2005,1938,18.0,11.1,6.3,3.8,286.4,205.3,203.2,331.8,168.1,110.4,10.3,0.0,1354.8,29.2,296.5,908.3,120.8,2006,,24 PARGANAS S,
West Bengal,24 Parganas S,IMD110-P2005,1939,0.8,17.8,0.3,14.6,46.7,262.6,394.8,485.1,279.0,226.9,111.4,0.3,1840.1,18.6,61.5,1421.4,338.6,2006,,24 PARGANAS S,
West Bengal,24 Parganas S,IMD110-P2005,1940,0.0,19.8,189.0,0.2,111.2,337.3,324.9,459.2,230.0,109.5,40.5,0.0,1821.6,19.8,300.4,1351.4,150.0,2006,,24 PARGANAS S,
West Bengal,24 Parganas S,IMD110-P2005,1941,33.4,0.0,0.1,15.6,68.7,473.7,427.2,535.9,224.9,281.1,56.1,2.6,2119.4,33.4,84.4,1661.8,339.8,2006,,24 PARGANAS S,
West Bengal,24 Parganas S,IMD110-P2005,1942,0.2,8.7,7.3,56.0,46.7,184.3,468.5,422.6,536.3,164.7,24.7,0.3,1920.4,8.9,110.0,1611.8,189.7,2006,,24 PARGANAS S,
West Bengal,24 Parganas S,IMD110-P2005,1943,33.1,29.1,17.0,87.0,27.6,208.0,390.9,369.8,194.8,85.7,0.0,0.0,1442.8,62.2,131.6,1163.4,85.7,2006,,24 PARGANAS S,
West Bengal,24 Parganas S,IMD110-P2005,1944,52.1,9.1,30.6,49.4,37.2,139.9,345.5,445.7,153.9,160.2,0.0,0.0,1423.4,61.1,117.1,1085.0,160.2,2006,,24 PARGANAS S,
West Bengal,24 Parganas S,IMD110-P2005,1945,15.0,14.6,5.2,87.1,116.1,305.7,186.9,158.0,178.1,382.4,0.4,1.8,1451.2,29.6,208.4,828.6,384.6,2006,,24 PARGANAS S,
West Bengal,24 Parganas S,IMD110-P2005,1946,0.0,7.9,9.9,110.5,114.1,216.8,285.8,509.5,380.1,269.1,39.0,0.7,1943.3,7.9,234.4,1392.1,308.8,2006,,24 PARGANAS S,
West Bengal,24 Parganas S,IMD110-P2005,1947,8.9,8.5,55.6,32.8,151.8,230.4,426.9,380.4,235.6,98.2,0.0,77.0,1706.2,17.5,240.2,1273.3,175.2,2006,,24 PARGANAS S,
West Bengal,24 Parganas S,IMD110-P2005,1948,24.6,55.3,31.3,86.6,155.9,280.9,392.8,447.8,251.4,198.0,79.3,0.0,2003.8,79.9,273.8,1372.9,277.3,2006,,24 PARGANAS S,
West Bengal,24 Parganas S,IMD110-P2005,1949,4.1,0.5,17.1,56.1,157.9,208.0,369.6,296.2,236.3,147.9,1.4,0.0,1495.1,4.6,231.1,1110.1,149.3,2006,,24 PARGANAS S,
West Bengal,24 Parganas S,IMD110-P2005,1950,0.0,0.1,11.9,20.6,144.5,392.1,473.4,316.2,304.4,163.2,166.1,0.0,1992.6,0.1,177.1,1486.1,329.3,2006,,24 PARGANAS S,
West Bengal,24 Parganas S,IMD110-P2005,1951,0.0,0.0,78.2,6.8,48.4,221.8,194.9,283.7,219.9,178.5,45.4,1.6,1279.2,0.0,133.4,920.3,225.5,2006,,24 PARGANAS S,
West Bengal,24 Parganas S,IMD110-P2005,1952,0.2,0.0,13.2,74.6,71.1,134.9,499.5,371.5,247.0,265.6,1.7,0.0,1679.1,0.2,158.8,1252.9,267.2,2006,,24 PARGANAS S,
West Bengal,24 Parganas S,IMD110-P2005,1953,24.4,9.1,0.0,14.8,50.8,374.5,275.7,383.6,263.6,95.0,51.5,0.0,1543.2,33.5,65.7,1297.4,146.5,2006,,24 PARGANAS S,
West Bengal,24 Parganas S,IMD110-P2005,1954,3.8,3.9,0.0,0.1,77.0,210.6,202.1,285.0,288.7,79.0,4.4,65.7,1220.2,7.6,77.1,986.5,149.1,2006,,24 PARGANAS S,
West Bengal,24 Parganas S,IMD110-P2005,1955,0.0,0.0,4.7,7.6,66.4,249.6,260.4,290.7,290.1,333.8,161.7,0.4,1665.4,0.0,78.7,1090.8,495.9,2006,,24 PARGANAS S,
West Bengal,24 Parganas S,IMD110-P2005,1956,1.5,30.2,24.1,35.2,170.0,366.9,232.8,312.0,449.5,206.9,17.4,0.0,1846.5,31.7,229.3,1361.2,224.2,2006,,24 PARGANAS S,
West Bengal,24 Parganas S,IMD110-P2005,1957,50.6,23.0,6.6,8.2,16.9,192.1,347.0,187.3,249.3,60.6,0.4,0.0,1141.9,73.5,31.7,975.7,61.1,2006,,24 PARGANAS S,
West Bengal,24 Parganas S,IMD110-P2005,1958,12.7,41.6,9.8,26.3,73.2,94.2,372.9,185.1,380.1,120.4,24.6,0.0,1341.0,54.3,109.3,1032.3,145.0,2006,,24 PARGANAS S,
West Bengal,24 Parganas S,IMD110-P2005,1959,46.8,11.3,2.5,22.1,60.9,223.7,192.3,216.5,561.8,419.9,0.6,1.4,1759.8,58.1,85.5,1194.3,421.9,2006,,24 PARGANAS S,
West Bengal,24 Parganas S,IMD110-P2005,1960,0.0,0.1,30.4,0.5,152.1,154.6,423.0,316.3,191.0,91.0,0.9,0.0,1360.0,0.1,182.9,1085.0,92.0,2006,,24 PARGANAS S,
West Bengal,24 Parganas S,IMD110-P2005,1961,6.9,67.4,6.2,5.1,62.3,244.1,153.3,279.4,423.8,110.1,1.4,0.5,1360.6,74.3,73.6,1100.7,112.0,2006,,24 PARGANAS S,
West Bengal,24 Parganas S,IMD110-P2005,1962,7.0,14.8,15.3,59.2,80.4,211.5,272.3,180.4,274.6,240.1,0.0,0.0,1355.7,21.8,154.9,938.9,240.1,2006,,24 PARGANAS S,
West Bengal,24 Parganas S,IMD110-P2005,1963,0.0,0.0,8.6,50.7,113.3,281.1,386.5,224.2,307.4,129.0,6.9,3.3,1511.1,0.0,172.6,1199.3,139.2,2006,,24 PARGANAS S,
West Bengal,24 Parganas S,IMD110-P2005,1964,3.3,5.5,21.4,37.7,50.4,98.8,393.4,194.8,260.9,114.8,33.1,0.0,1214.1,8.8,109.5,948.0,147.9,2006,,24 PARGANAS S,
West Bengal,24 Parganas S,IMD110-P2005,1965,1.2,50.8,54.6,21.5,58.4,211.7,279.1,314.0,335.8,160.4,0.0,0.8,1488.3,52.0,134.5,1140.6,161.2,2006,,24 PARGANAS S,
West Bengal,24 Parganas S,IMD110-P2005,1966,32.1,0.0,0.2,13.7,68.1,400.1,208.9,230.4,226.7,171.7,78.9,16.6,1447.3,32.1,82.0,1066.1,267.2,2006,,24 PARGANAS S,
West Bengal,24 Parganas S,IMD110-P2005,1967,105.2,0.0,45.4,60.8,44.6,109.1,266.8,379.8,538.8,137.2,0.1,0.1,1687.9,105.2,150.9,1294.5,137.4,2006,,24 PARGANAS S,
West Bengal,24 Parganas S,IMD110-P2005,1968,0.2,11.0,15.6,5.6,34.1,414.2,371.8,570.6,149.3,142.4,129.7,0.0,1844.3,11.2,55.2,1505.8,272.1,2007,,24 PARGANAS S,
West Bengal,24 Parganas S,IMD110-P2005,1969,4.9,0.0,16.8,86.0,48.3,182.3,441.9,368.7,389.2,88.8,20.5,0.0,1647.4,4.9,151.1,1382.1,109.3,2007,,24 PARGANAS S,
West Bengal,24 Parganas S,IMD110-P2005,1970,3.6,30.8,36.3,8.4,52.9,487.1,315.3,285.1,515.7,297.6,40.6,0.0,2073.3,34.4,97.6,1603.2,338.2,2007,,24 PARGANAS S,
West Bengal,24 Parganas S,IMD110-P2005,1971,40.6,12.5,1.8,226.3,84.1,279.0,552.3,656.7,272.7,261.5,73.2,0.0,2460.6,53.1,312.2,1760.6,334.7,2007,,24 PARGANAS S,
West Bengal,24 Parganas S,IMD110-P2005,1972,0.0,11.1,0.0,5.2,18.0,90.6,559.2,668.0,166.7,93.4,0.0,0.0,1612.3,11.1,23.3,1484.5,93.4,2007,,24 PARGANAS S,
West Bengal,24 Parganas S,IMD110-P2005,1973,1.2,1.7,94.3,23.3,98.1,142.4,678.1,674.2,571.1,234.8,60.6,,,2.9,215.6,2065.7,,2007,missing_months,24 PARGANAS S,
West Bengal,24 Parganas S,IMD110-P2005,1974,0.0,0.0,154.9,3.3,79.6,71.8,236.6,331.4,236.6,143.9,26.5,0.0,1284.7,0.0,237.8,876.4,170.4,2007,,24 PARGANAS S,
West Bengal,24 Parganas S,IMD110-P2005,1975,0.0,17.7,0.0,29.6,22.0,224.3,416.0,554.7,324.0,161.5,191.5,0.0,1941.2,17.7,51.7,1518.9,353.0,2007,,24 PARGANAS S,
West Bengal,24 Parganas S,IMD110-P2005,1976,0.0,44.0,22.9,21.5,137.2,155.0,208.9,216.9,203.1,106.4,158.1,0.0,1274.1,44.0,181.6,783.8,264.5,2007,,24 PARGANAS S,
West Bengal,24 Parganas S,IMD110-P2005,1977,5.7,0.0,0.0,105.6,208.5,519.9,547.4,571.6,253.9,102.2,137.6,2.8,2455.1,5.7,314.0,1892.8,242.6,2007,,24 PARGANAS S,
West Bengal,24 Parganas S,IMD110-P2005,1978,0.0,7.7,26.3,39.3,133.0,166.4,535.6,498.4,430.5,136.8,22.1,0.2,1996.2,7.7,198.6,1630.9,159.1,2007,,24 PARGANAS S,
West Bengal,24 Parganas S,IMD110-P2005,1979,14.0,14.3,4.3,19.4,2.7,702.1,238.2,338.3,141.1,42.0,0.3,3.7,1520.2,28.3,26.3,1419.6,46.0,2007,,24 PARGANAS S,
West Bengal,24 Parganas S,IMD110-P2005,1980,27.4,22.4,51.8,9.8,21.0,315.5,664.7,239.2,220.8,280.5,0.0,2.1,1855.0,49.8,82.5,1440.1,282.6,2007,,24 PARGANAS S,
West Bengal,24 Parganas S,IMD110-P2005,1981,10.5,59.8,61.8,155.2,320.0,1029.8,757.3,649.3,489.5,38.8,4.2,187.5,3763.8,70.3,537.0,2926.0,230.5,2007,,24 PARGANAS S,
West Bengal,24 Parganas S,IMD110-P2005,1982,0.0,41.0,99.1,96.2,15.6,210.8,411.5,526.8,127.4,45.5,11.2,0.0,1585.2,41.0,210.9,1276.6,56.7,2007,,24 PARGANAS S,
West Bengal,24 Parganas S,IMD110-P2005,1983,32.0,49.3,59.9,14.4,98.3,313.9,374.6,550.8,409.3,177.8,4.5,18.3,2103.2,81.3,172.7,1648.7,200.6,2007,,24 PARGANAS S,
West Bengal,24 Parganas S,IMD110-P2005,1984,37.1,0.6,0.0,51.3,49.6,620.6,280.2,422.3,256.9,215.1,0.0,0.0,1933.7,37.7,100.9,1580.0,215.1,2007,,24 PARGANAS S,
West Bengal,24 Parganas S,IMD110-P2005,1985,12.1,46.0,6.1,16.5,88.9,339.9,397.7,495.5,299.4,139.2,6.8,0.0,1848.3,58.1,111.6,1532.5,146.1,2007,,24 PARGANAS S,
West Bengal,24 Parganas S,IMD110-P2005,1986,7.8,4.4,5.9,36.9,207.4,246.5,368.4,204.1,886.8,355.0,211.6,0.5,2535.4,12.3,250.2,1705.8,567.0,2007,,24 PARGANAS S,
West Bengal,24 Parganas S,IMD110-P2005,1987,0.7,14.0,10.3,118.3,191.0,193.9,616.3,419.3,401.2,56.7,72.0,7.6,2101.2,14.7,319.5,1630.7,136.3,2007,,24 PARGANAS S,
West Bengal,24 Parganas S,IMD110-P2005,1988,0.0,21.1,9.5,75.5,170.8,1019.7,369.0,379.8,292.5,215.4,72.4,0.1,2625.9,21.1,255.8,2060.9,288.0,2007,,24 PARGANAS S,
West Bengal,24 Parganas S,IMD110-P2005,1989,0.6,12.1,5.3,0.1,169.7,341.4,731.9,360.9,325.4,161.3,2.9,1.1,2112.8,12.8,175.1,1759.6,165.3,2007,,24 PARGANAS S,
West Bengal,24 Parganas S,IMD110-P2005,1990,0.0,99.0,385.3,168.1,218.7,413.6,671.8,284.6,283.7,326.5,185.2,1.9,3038.5,99.0,772.1,1653.7,513.6,2007,,24 PARGANAS S,
West Bengal,24 Parganas S,IMD110-P2005,1991,42.4,30.9,23.6,14.7,59.0,348.2,788.0,673.5,246.1,234.8,71.1,18.6,2550.9,73.3,97.3,2055.8,324.5,2007,,24 PARGANAS S,
West Bengal,24 Parganas S,IMD110-P2005,1992,14.6,69.0,0.0,11.3,162.7,252.2,658.1,275.0,334.7,129.9,3.5,0.0,1910.9,83.6,173.9,1520.1,133.4,2007,,24 PARGANAS S,
West Bengal,24 Parganas S,IMD110-P2005,1993,0.6,0.3,69.2,50.4,179.3,391.3,281.3,367.3,583.8,110.2,61.4,0.0,2094.9,0.9,298.9,1623.6,171.6,2007,,24 PARGANAS S,
West Bengal,24 Parganas S,IMD110-P2005,1994,18.2,41.8,3.7,86.4,167.2,319.2,667.6,327.6,190.0,182.1,24.3,0.0,2028.3,60.0,257.3,1504.5,206.5,2007,,24 PARGANAS S,
West Bengal,24 Parganas S,IMD110-P2005,1995,5.0,77.9,1.4,6.8,613.3,216.3,728.4,642.8,489.2,158.2,312.8,0.0,3252.1,82.9,621.5,2076.7,471.0,2007,,24 PARGANAS S,
West Bengal,24 Parganas S,IMD110-P2005,1996,4.6,8.8,4.8,16.6,61.5,332.5,249.4,501.0,121.2,531.9,11.0,0.0,1843.2,13.4,82.8,1204.2,542.9,2007,,24 PARGANAS S,
West Bengal,24 Parganas S,IMD110-P2005,1997,20.8,9.1,122.4,155.7,88.6,167.8,368.0,438.6,280.7,4.9,14.8,14.8,1686.2,30.0,366.7,1255.1,34.5,2007,,24 PARGANAS S,
West Bengal,24 Parganas S,IMD110-P2005,1998,35.0,27.3,185.2,49.4,181.6,148.3,334.0,374.8,312.3,164.5,151.3,,,62.3,416.2,1169.3,,2007,missing_months,24 PARGANAS S,
West Bengal,24 Parganas S,IMD110-P2005,1999,0.8,0.0,0.1,0.9,264.7,251.9,427.4,363.5,552.3,170.3,13.1,0.0,2045.2,0.8,265.8,1595.2,183.4,2007,,24 PARGANAS S,
West Bengal,24 Parganas S,IMD110-P2005,2000,29.2,124.3,0.0,57.4,339.8,267.1,353.6,156.1,320.3,174.9,3.8,0.6,1827.3,153.6,397.2,1097.1,179.4,2007,,24 PARGANAS S,
West Bengal,24 Parganas S,IMD110-P2005,2001,1.0,2.5,22.1,60.7,162.8,454.6,314.1,242.0,264.5,203.3,25.1,0.0,1752.9,3.5,245.7,1275.3,228.4,2007,,24 PARGANAS S,
West Bengal,24 Parganas S,IMD110-P2005,2002,33.2,0.0,23.5,70.6,115.8,511.8,297.2,391.6,353.5,123.9,106.1,0.0,2027.2,33.2,209.9,1554.1,230.0,2008,,24 PARGANAS S,
West Bengal,24 Parganas S,IMD110-P2005,2003,0.0,8.7,53.7,55.0,138.1,376.4,339.2,338.8,240.6,430.4,15.7,37.4,2034.0,8.7,246.8,1295.0,483.5,2008,,24 PARGANAS S,
West Bengal,24 Parganas S,IMD110-P2005,2004,2.3,5.4,9.4,72.3,56.3,379.6,336.5,465.5,232.0,314.0,0.0,0.0,1873.4,7.7,138.1,1413.6,314.0,2008,,24 PARGANAS S,
West Bengal,24 Parganas S,IMD110-P2005,2005,35.8,0.0,129.6,62.9,76.8,214.1,524.8,231.4,331.6,575.1,0.0,0.7,2182.9,35.8,269.3,1302.0,575.8,2008,,24 PARGANAS S,
West Bengal,24 Parganas S,IMD110-P2005,2006,0.0,0.0,19.0,49.6,113.4,150.6,665.8,374.9,494.2,38.8,0.9,0.0,1907.0,0.0,182.0,1685.3,39.7,2008,,24 PARGANAS S,
West Bengal,24 Parganas S,IMD110-P2005,2007,6.2,64.7,5.4,35.9,186.5,253.1,820.1,315.0,604.6,81.9,43.2,0.0,2416.5,70.9,227.9,1992.7,125.0,2008,,24 PARGANAS S,
West Bengal,24 Parganas S,IMD110-P2005,2008,97.4,8.9,8.7,36.8,62.9,319.3,247.5,288.6,300.1,155.6,,,,106.3,108.4,1155.5,,2008,missing_months,24 PARGANAS S,
West Bengal,24 Parganas S,IMD110-P2005,2009,5.7,0.0,13.1,8.4,227.1,75.4,419.0,341.7,356.0,107.9,17.7,0.0,1571.9,5.7,248.6,1192.1,125.6,2008,,24 PARGANAS S,
West Bengal,24 Parganas S,IMD110-P2005,2010,0.0,1.8,0.0,11.3,150.1,262.3,240.5,244.1,250.6,117.5,8.1,15.2,1301.5,1.8,161.4,997.5,140.8,2008,,24 PARGANAS S,
West Bengal,Bankura,IMD110-P2009,1901,43.4,69.3,0.9,41.7,115.8,144.2,284.2,232.8,293.3,37.3,59.3,0.0,1322.1,112.7,158.4,954.5,96.6,2009,,BANKURA,
West Bengal,Bankura,IMD110-P2009,1902,0.0,2.8,36.5,106.0,154.7,99.6,228.8,177.1,158.6,15.4,7.1,2.7,989.5,2.8,297.3,664.1,25.2,2009,,BANKURA,
West Bengal,Bankura,IMD110-P2009,1903,5.1,22.5,42.0,33.1,87.9,154.1,184.5,251.9,238.0,172.2,6.7,0.0,1197.8,27.6,162.9,828.5,178.8,2009,,BANKURA,
West Bengal,Bankura,IMD110-P2009,1904,0.0,19.9,34.2,11.7,127.5,267.6,397.3,233.9,117.5,23.6,0.0,0.0,1233.2,19.9,173.3,1016.4,23.6,2009,,BANKURA,
West Bengal,Bankura,IMD110-P2009,1905,31.2,57.9,62.3,68.1,108.7,75.7,494.5,226.6,250.9,51.6,0.0,3.7,1431.2,89.1,239.2,1047.7,55.3,2009,,BANKURA,
West Bengal,Bankura,IMD110-P2009,1906,55.5,144.2,54.1,0.2,78.2,145.3,363.0,261.3,172.0,118.3,3.9,0.0,1396.0,199.6,132.6,941.5,122.2,2009,,BANKURA,
West Bengal,Bankura,IMD110-P2009,1907,0.0,29.2,76.0,17.5,53.6,322.5,215.7,260.3,254.8,3.3,0.0,32.3,1265.2,29.2,147.1,1053.3,35.6,2009,,BANKURA,
West Bengal,Bankura,IMD110-P2009,1908,24.9,5.4,0.0,1.0,124.4,351.5,382.3,307.1,201.3,17.9,0.0,0.0,1415.8,30.2,125.4,1242.2,17.9,2009,,BANKURA,
West Bengal,Bankura,IMD110-P2009,1909,6.5,6.3,0.3,130.7,90.7,259.4,218.2,568.4,291.8,27.2,0.9,10.7,1611.1,12.8,221.6,1337.9,38.8,2009,,BANKURA,
West Bengal,Bankura,IMD110-P2009,1910,12.0,0.3,9.7,38.5,82.8,229.6,267.2,197.6,205.3,98.3,0.0,0.0,1141.3,12.3,131.0,899.7,98.3,2009,,BANKURA,
West Bengal,Bankura,IMD110-P2009,1911,0.0,0.1,36.5,22.4,78.5,301.5,174.5,300.0,232.6,69.6,14.4,0.0,1230.1,0.1,137.3,1008.6,84.0,2009,,BANKURA,
West Bengal,Bankura,IMD110-P2009,1912,4.0,20.3,40.4,40.2,102.7,191.6,355.2,236.8,108.4,81.8,86.0,0.0,1267.6,24.3,183.4,892.0,167.9,2009,,BANKURA,
West Bengal,Bankura,IMD110-P2009,1913,0.5,150.6,49.8,8.3,123.8,391.3,279.7,225.3,201.3,98.7,6.7,8.0,1544.0,151.2,181.9,1097.6,113.3,2009,,BANKURA,
West Bengal,Bankura,IMD110-P2009,1914,0.0,35.9,35.7,30.7,228.4,185.4,392.1,233.8,123.8,16.2,0.0,4.8,1286.8,35.9,294.8,935.1,21.0,2009,,BANKURA,
West Bengal,Bankura,IMD110-P2009,1915,1.3,14.5,65.6,20.9,108.8,151.1,197.1,141.8,243.9,48.3,37.0,0.0,1030.2,15.8,195.2,733.9,85.3,2009,,BANKURA,
West Bengal,Bankura,IMD110-P2009,1916,0.0,1.1,0.0,48.6,46.0,309.0,179.7,332.5,304.9,289.4,88.9,0.0,1600.2,1.1,94.6,1126.1,378.3,2009,,BANKURA,
West Bengal,Bankura,IMD110-P2009,1917,0.0,37.9,20.4,22.2,226.0,398.5,277.5,270.6,161.2,287.7,0.1,0.0,1701.9,37.9,268.6,1107.7,287.8,2009,,BANKURA,
West Bengal,Bankura,IMD110-P2009,1918,1.1,0.0,20.4,48.5,120.4,335.9,155.5,306.1,122.1,5.3,0.0,0.5,1115.7,1.1,189.3,919.5,5.8,2009,,BANKURA,
West Bengal,Bankura,IMD110-P2009,1919,60.9,6.2,9.0,33.8,137.5,225.2,282.3,360.4,197.2,47.1,12.5,0.0,1372.0,67.1,180.2,1065.1,59.6,2009,,BANKURA,
West Bengal,Bankura,IMD110-P2009,1920,0.0,31.9,154.3,15.0,55.4,108.8,388.0,342.6,156.9,28.1,0.0,0.0,1281.0,31.9,224.7,996.3,28.1,2009,,BANKURA,
West Bengal,Bankura,IMD110-P2009,1921,34.1,16.8,3.9,44.9,30.6,184.3,260.8,400.0,149.0,53.2,0.0,0.0,1177.7,50.9,79.4,994.1,53.2,2009,,BANKURA,
West Bengal,Bankura,IMD110-P2009,1922,3.1,7.0,0.0,9.0,48.4,684.5,244.8,494.3,199.9,69.8,2.3,2.8,1765.8,10.1,57.3,1623.5,74.9,2009,,BANKURA,
West Bengal,Bankura,IMD110-P2009,1923,0.0,114.4,2.0,13.4,71.5,172.3,345.4,485.7,84.4,67.5,13.7,0.0,1370.3,114.4,86.9,1087.8,81.1,2009,,BANKURA,
West Bengal,Bankura,IMD110-P2009,1924,6.4,3.7,0.2,40.9,27.6,256.9,322.6,296.7,220.9,84.6,57.6,0.0,1318.1,10.1,68.6,1097.1,142.2,2009,,BANKURA,
West Bengal,Bankura,IMD110-P2009,1925,2.0,13.8,28.9,70.5,94.6,135.4,303.2,226.9,106.7,135.6,3.2,0.0,1120.8,15.8,194.0,772.2,138.8,2009,,BANKURA,
West Bengal,Bankura,IMD110-P2009,1926,37.6,6.0,80.6,4.4,53.8,99.1,585.8,392.1,252.8,64.0,0.0,5.6,1581.9,43.6,138.8,1329.9,69.6,2009,,BANKURA,
West Bengal,Bankura,IMD110-P2009,1927,41.2,41.6,2.3,4.2,80.3,218.7,259.4,182.2,128.7,67.9,1.4,0.0,1027.9,82.8,86.8,789.0,69.3,2009,,BANKURA,
West Bengal,Bankura,IMD110-P2009,1928,17.4,1.5,0.4,33.3,99.1,416.5,370.5,249.5,63.0,136.3,0.0,0.1,1387.3,18.9,132.7,1099.4,136.3,2009,,BANKURA,
West Bengal,Bankura,IMD110-P2009,1929,44.3,19.2,32.2,17.8,63.1,128.6,435.0,382.0,132.7,241.9,0.0,50.2,1546.9,63.5,113.1,1078.2,292.0,2009,,BANKURA,
West Bengal,Bankura,IMD110-P2009,1930,1.5,7.3,17.7,14.4,49.1,164.7,385.0,255.4,174.8,34.3,98.6,1.4,1204.3,8.9,81.2,980.0,134.3,2009,,BANKURA,
West Bengal,Bankura,IMD110-P2009,1931,1.4,84.9,17.4,30.6,59.5,105.9,364.3,273.4,164.8,97.4,34.6,0.1,1234.3,86.3,107.5,908.4,132.1,2009,,BANKURA,
West Bengal,Bankura,IMD110-P2009,1932,0.0,19.0,1.5,32.3,145.0,125.5,245.9,250.0,200.5,55.3,62.5,0.0,1137.5,19.0,178.8,821.9,117.8,2009,,BANKURA,
West Bengal,Bankura,IMD110-P2009,1933,33.6,34.6,4.0,60.9,135.4,299.8,335.2,432.1,191.3,70.7,0.2,0.4,1598.2,68.2,200.4,1258.3,71.2,2009,,BANKURA,
West Bengal,Bankura,IMD110-P2009,1934,8.1,26.2,0.0,35.3,37.6,166.2,242.7,277.4,200.7,54.5,9.2,10.3,1068.2,34.3,72.9,887.0,74.0,2010,,BANKURA,
West Bengal,Bankura,IMD110-P2009,1935,13.1,24.9,27.2,22.6,37.9,171.0,200.7,295.1,175.0,0.2,0.0,1.1,968.7,37.9,87.7,841.7,1.3,2010,,BANKURA,
West Bengal,Bankura,IMD110-P2009,1936,7.8,9.9,23.7,12.7,117.7,328.3,406.2,280.7,186.6,94.3,14.4,8.7,1491.0,17.7,154.1,1201.8,117.4,2010,,BANKURA,
West Bengal,Bankura,IMD110-P2009,1937,0.0,94.8,0.7,19.4,85.9,265.2,331.5,252.7,268.6,98.2,0.8,0.3,1418.1,94.8,106.0,1118.0,99.3,2010,,BANKURA,
West Bengal,Bankura,IMD110-P2009,1938,16.0,40.1,0.0,15.1,126.1,158.3,307.7,303.3,173.8,67.3,13.0,0.1,1220.7,56.1,141.2,943.0,80.4,2010,,BANKURA,
West Bengal,Bankura,IMD110-P2009,1939,0.9,30.4,18.5,14.2,71.1,192.1,383.7,495.3,182.4,163.7,0.4,0.2,1552.9,31.3,103.8,1253.5,164.2,2010,,BANKURA,
West Bengal,Bankura,IMD110-P2009,1940,0.0,16.0,59.4,23.2,49.8,189.9,195.2,408.5,142.4,38.0,2.9,4.2,1129.5,16.0,132.5,936.0,45.0,2010,,BANKURA,
West Bengal,Bankura,IMD110-P2009,1941,31.6,0.0,0.0,30.2,86.9,316.6,432.4,260.0,180.4,194.3,75.5,0.0,1608.1,31.6,117.1,1189.5,269.8,2010,,BANKURA,
West Bengal,Bankura,IMD110-P2009,1942,1.7,21.5,19.9,46.1,56.2,138.3,377.1,343.3,312.7,110.3,14.9,0.0,1442.1,23.2,122.2,1171.4,125.3,2010,,BANKURA,
West Bengal,Bankura,IMD110-P2009,1943,38.2,18.5,6.0,72.1,39.7,198.0,416.4,343.1,175.0,92.8,0.0,0.0,1399.7,56.6,117.8,1132.5,92.8,2010,,BANKURA,
West Bengal,Bankura,IMD110-P2009,1944,68.4,20.7,17.2,37.5,21.0,101.1,336.5,500.8,118.9,34.8,0.0,0.0,1256.9,89.1,75.7,1057.3,34.8,2010,,BANKURA,
West Bengal,Bankura,IMD110-P2009,1945,20.1,14.9,4.1,62.9,66.6,174.4,166.9,192.6,192.6,163.9,0.0,0.1,1059.1,35.0,133.6,726.5,164.0,2010,,BANKURA,
West Bengal,Bankura,IMD110-P2009,1946,0.0,0.1,5.9,106.3,103.9,228.1,362.3,360.9,251.4,121.5,15.2,1.2,1557.0,0.1,216.2,1202.8,137.9,2010,,BANKURA,
West Bengal,Bankura,IMD110-P2009,1947,0.3,11.9,68.4,19.7,71.4,99.0,329.7,288.6,261.2,104.5,2.0,14.0,1270.7,12.2,159.5,978.5,120.4,2010,,BANKURA,
West Bengal,Bankura,IMD110-P2009,1948,4.0,21.8,41.9,35.9,117.2,217.2,238.8,285.2,222.1,94.0,94.3,0.0,1372.3,25.8,195.1,963.2,188.3,2010,,BANKURA,
West Bengal,Bankura,IMD110-P2009,1949,7.9,5.1,36.6,121.9,139.3,185.9,255.0,298.9,178.7,88.6,0.0,0.0,1317.9,13.0,297.8,918.5,88.6,2010,,BANKURA,
West Bengal,Bankura,IMD110-P2009,1950,0.0,4.6,12.6,12.6,101.9,330.5,421.4,477.5,99.3,36.2,43.4,0.0,1540.0,4.6,127.1,1328.8,79.6,2010,,BANKURA,
West Bengal,Bankura,IMD110-P2009,1951,0.0,0.0,54.7,7.6,69.9,176.4,316.2,206.8,183.6,118.8,39.5,0.0,1173.5,0.0,132.3,883.0,158.2,2010,,BANKURA,
West Bengal,Bankura,IMD110-P2009,1952,0.4,2.3,26.4,108.9,74.7,141.2,313.9,212.2,133.1,110.4,0.1,0.0,1123.6,2.7,210.0,800.5,110.4,2010,,BANKURA,
West Bengal,Bankura,IMD110-P2009,1953,25.0,10.4,1.6,8.6,35.3,213.4,340.8,294.6,214.6,41.0,42.4,0.0,1227.8,35.4,45.5,1063.5,83.4,2010,,BANKURA,
West Bengal,Bankura,IMD110-P2009,1954,11.5,1.5,0.2,3.7,102.6,158.4,179.4,173.1,255.5,45.4,0.0,11.0,942.4,13.0,106.5,766.4,56.4,2010,,BANKURA,
West Bengal,Bankura,IMD110-P2009,1955,1.5,1.7,16.0,25.3,21.2,129.3,314.0,213.8,115.9,80.4,39.0,0.0,958.0,3.2,62.5,773.0,119.4,2010,,BANKURA,
West Bengal,Bankura,IMD110-P2009,1956,5.4,52.7,65.3,18.4,97.4,255.1,202.3,240.3,369.4,82.0,2.9,5.9,1397.3,58.2,181.1,1067.1,90.9,2010,,BANKURA,
West Bengal,Bankura,IMD110-P2009,1957,25.0,18.6,3.3,2.3,5.1,198.0,244.9,187.1,185.3,35.5,0.0,0.0,905.1,43.6,10.7,815.3,35.5,2010,,BANKURA,
West Bengal,Bankura,IMD110-P2009,1958,16.2,24.0,6.2,31.9,60.4,79.1,241.2,219.5,247.4,65.4,6.2,0.0,997.6,40.2,98.5,787.2,71.6,2010,,BANKURA,
West Bengal,Bankura,IMD110-P2009,1959,22.1,9.9,27.1,37.0,54.9,122.5,233.9,313.1,522.1,193.4,0.0,0.0,1536.0,32.0,119.0,1191.6,193.4,2010,,BANKURA,
West Bengal,Bankura,IMD110-P2009,1960,1.9,2.4,43.1,0.2,63.6,127.7,241.8,318.8,203.1,83.2,0.0,0.2,1085.9,4.3,107.0,891.3,83.4,2010,,BANKURA,
West Bengal,Bankura,IMD110-P2009,1961,8.1,83.1,0.0,8.6,65.6,248.7,168.5,210.5,228.3,68.8,0.0,0.0,1090.1,91.2,74.1,855.9,68.8,2010,,BANKURA,
West Bengal,Bankura,IMD110-P2009,1962,7.5,13.2,3.8,51.7,70.5,154.1,245.5,149.3,174.6,77.6,0.0,0.0,947.7,20.7,126.0,723.5,77.6,2010,,BANKURA,
West Bengal,Bankura,IMD110-P2009,1963,0.0,5.6,5.9,50.2,69.7,223.8,252.1,134.1,229.9,127.2,5.8,0.0,1104.2,5.6,125.8,839.9,133.0,2010,,BANKURA,
West Bengal,Bankura,IMD110-P2009,1964,0.0,0.3,35.5,79.8,134.3,108.4,404.3,329.6,281.7,153.0,0.0,0.0,1527.0,0.3,249.6,1124.0,153.0,2010,,BANKURA,
West Bengal,Bankura,IMD110-P2009,1965,0.2,32.8,53.6,38.5,75.3,223.5,288.0,220.7,196.4,39.2,0.0,0.0,1168.2,33.0,167.4,928.6,39.2,2010,,BANKURA,
West Bengal,Bankura,IMD110-P2009,1966,30.7,2.3,0.0,8.3,10.5,265.7,134.0,220.3,175.1,59.0,28.5,0.3,934.9,33.0,18.8,795.2,87.8,2010,,BANKURA,
West Bengal,Bankura,IMD110-P2009,1967,25.3,2.6,34.7,29.3,56.6,109.4,252.4,437.5,205.8,13.2,0.4,0.2,1167.4,27.9,120.7,1005.0,13.8,2010,,BANKURA,
West Bengal,Bankura,IMD110-P2009,1968,3.8,3.6,7.6,2.3,45.1,335.2,537.6,516.3,89.8,105.7,1.4,3.8,1652.1,7.4,55.0,1478.9,110.9,2011,,BANKURA,
West Bengal,Bankura,IMD110-P2009,1969,0.0,13.0,21.5,99.3,85.1,121.5,222.8,624.6,251.8,10.8,24.7,0.0,1475.1,13.0,205.9,1220.8,35.5,2011,,BANKURA,
West Bengal,Bankura,IMD110-P2009,1970,3.2,5.8,23.1,29.0,67.3,220.3,247.4,234.7,404.8,116.2,8.6,0.0,1360.3,9.0,119.4,1107.2,124.8,2011,,BANKURA,
West Bengal,Bankura,IMD110-P2009,1971,22.5,27.1,0.4,143.0,125.1,287.9,385.4,590.1,259.0,165.7,3.2,0.0,2009.3,49.6,268.5,1522.4,168.9,2011,,BANKURA,
West Bengal,Bankura,IMD110-P2009,1972,2.5,63.9,0.1,11.9,0.0,157.0,240.3,380.6,224.0,72.0,2.2,0.0,1154.5,66.4,12.0,1001.9,74.2,2011,,BANKURA,
West Bengal,Bankura,IMD110-P2009,1973,0.0,10.0,118.7,30.1,,186.3,218.9,242.0,474.3,173.2,6.0,5.7,,10.0,,1121.5,184.9,2011,missing_months,BANKURA,
West Bengal,Bankura,IMD110-P2009,1974,4.5,0.0,79.8,33.1,46.2,96.3,400.1,225.3,302.0,161.1,0.0,0.0,1348.4,4.5,159.1,1023.7,161.1,2011,,BANKURA,
West Bengal,Bankura,IMD110-P2009,1975,7.2,39.4,23.4,30.1,57.8,67.6,252.1,250.1,264.7,145.1,0.7,0.0,1138.2,46.6,111.3,834.5,145.8,2011,,BANKURA,
West Bengal,Bankura,IMD110-P2009,1976,0.0,20.0,4.0,19.1,111.8,159.0,324.4,84.3,104.4,38.5,11.1,0.0,876.6,20.0,134.9,672.1,49.6,2011,,BANKURA,
West Bengal,Bankura,IMD110-P2009,1977,4.8,24.3,28.6,28.1,215.2,264.4,251.1,316.4,150.4,129.7,31.4,37.0,1481.4,29.1,271.9,982.3,198.1,2011,,BANKURA,
West Bengal,Bankura,IMD110-P2009,1978,1.8,23.6,51.3,113.2,52.2,414.4,122.5,252.8,707.6,166.5,2.9,22.8,1931.6,25.4,216.7,1497.3,192.2,2011,,BANKURA,
West Bengal,Bankura,IMD110-P2009,1979,13.7,35.0,17.5,7.1,25.4,181.4,448.0,219.5,94.2,32.4,,,,48.7,50.0,943.1,,2011,missing_months,BANKURA,
West Bengal,Bankura,IMD110-P2009,1980,2.2,14.2,9.4,,,,444.6,,,,,,,16.4,,,,2011,missing_months,BANKURA,
West Bengal,Bankura,IMD110-P2009,1981,,,,,,,300.1,,313.8,5.8,0.0,21.8,,,,,27.6,2011,missing_months,BANKURA,
West Bengal,Bankura,IMD110-P2009,1982,0.0,7.4,106.6,69.2,40.8,225.8,216.8,255.8,95.2,66.8,9.2,0.0,1093.6,7.4,216.6,793.6,76.0,2011,,BANKURA,
West Bengal,Bankura,IMD110-P2009,1983,0.6,21.8,31.0,,128.4,226.2,156.4,290.2,301.6,105.6,0.0,18.8,,22.4,,974.4,124.4,2011,missing_months,BANKURA,
West Bengal,Bankura,IMD110-P2009,1984,,,,,,,410.4,535.4,87.6,70.0,,0.0,,,,,,2011,missing_months,BANKURA,
West Bengal,Bankura,IMD110-P2009,1985,37.2,27.8,2.6,4.5,57.3,373.0,431.6,338.6,93.9,103.8,0.0,0.0,1470.3,65.0,64.4,1237.1,103.8,2011,,BANKURA,
West Bengal,Bankura,IMD110-P2009,1986,12.4,10.4,0.0,20.2,80.2,238.2,324.6,,342.2,,,92.8,,22.8,100.4,,,2011,missing_months,BANKURA,
West Bengal,Bankura,IMD110-P2009,1987,2.6,5.8,15.6,47.0,78.8,119.8,366.4,814.8,399.2,19.0,91.6,10.2,1970.8,8.4,141.4,1700.2,120.8,2011,,BANKURA,
West Bengal,Bankura,IMD110-P2009,1988,6.8,19.0,63.2,16.8,59.4,376.4,,286.8,,32.6,18.8,0.0,,25.8,139.4,,51.4,2011,missing_months,BANKURA,
West Bengal,Bankura,IMD110-P2009,1989,0.0,0.0,18.6,0.0,164.4,348.2,343.0,,477.8,29.0,26.2,44.8,,0.0,183.0,,100.0,2011,missing_months,BANKURA,
West Bengal,Bankura,IMD110-P2009,1990,0.0,30.0,57.6,58.6,80.6,221.5,632.7,,,241.0,6.8,,,30.0,196.8,,,2011,missing_months,BANKURA,
West Bengal,Bankura,IMD110-P2009,1991,42.2,0.0,89.7,33.8,33.8,,284.7,445.9,105.4,122.8,1.1,205.1,,42.2,157.3,,329.0,2011,missing_months,BANKURA,
West Bengal,Bankura,IMD110-P2009,1992,30.7,35.5,0.0,33.7,114.9,,487.2,319.6,215.5,54.6,,1.4,,66.2,148.6,,,2011,missing_months,BANKURA,
West Bengal,Bankura,IMD110-P2009,1993,0.0,5.3,19.5,,64.9,229.8,300.8,390.6,412.0,117.3,40.9,0.0,,5.3,,1333.3,158.2,2011,missing_months,BANKURA,
West Bengal,Bankura,IMD110-P2009,1994,12.5,71.3,0.0,61.9,88.2,310.0,521.5,228.2,206.0,29.6,0.3,0.0,1529.5,83.9,150.1,1265.7,29.9,2011,,BANKURA,
West Bengal,Bankura,IMD110-P2009,1995,35.8,24.0,6.8,2.5,107.2,131.0,363.3,338.8,385.2,101.5,132.7,16.3,1645.1,59.8,116.5,1218.3,250.5,2011,,BANKURA,
West Bengal,Bankura,IMD110-P2009,1996,29.1,14.2,12.1,11.9,31.9,312.4,265.2,437.3,144.8,27.6,0.0,0.0,1286.5,43.3,56.0,1159.6,27.6,2011,,BANKURA,
West Bengal,Bankura,IMD110-P2009,1997,14.7,18.2,13.7,85.8,58.1,254.9,420.8,312.3,229.9,44.9,33.0,45.0,1531.3,32.9,157.6,1217.9,122.9,2011,,BANKURA,
West Bengal,Bankura,IMD110-P2009,1998,85.3,40.2,62.9,31.8,28.6,138.9,234.0,146.1,220.5,274.5,22.8,0.0,1285.6,125.5,123.3,739.5,297.3,2011,,BANKURA,
West Bengal,Bankura,IMD110-P2009,1999,0.0,0.0,0.1,0.0,206.4,223.1,330.5,426.3,366.6,187.4,4.8,0.0,1745.2,0.0,206.5,1346.5,192.2,2011,,BANKURA,
West Bengal,Bankura,IMD110-P2009,2000,4.8,31.9,2.5,31.9,105.2,112.9,286.0,161.1,221.1,17.9,0.0,0.0,975.3,36.7,139.6,781.1,17.9,2011,,BANKURA,
West Bengal,Bankura,IMD110-P2009,2001,0.0,0.0,56.7,42.5,92.8,376.2,365.5,334.2,120.3,129.8,5.0,0.0,1523.0,0.0,192.0,1196.2,134.8,2011,,BANKURA,
West Bengal,Bankura,IMD110-P2009,2002,36.6,1.6,6.5,74.2,111.1,452.9,254.1,259.7,462.2,73.9,14.9,0.3,1748.2,38.3,191.8,1429.0,89.2,2012,,BANKURA,
West Bengal,Bankura,IMD110-P2009,2003,0.0,21.5,89.7,8.1,88.3,286.9,252.6,223.2,252.9,238.6,2.5,12.1,1476.3,21.5,186.1,1015.6,253.2,2012,,BANKURA,
West Bengal,Bankura,IMD110-P2009,2004,0.3,0.0,13.1,72.7,89.6,254.4,342.4,529.4,244.7,162.0,0.0,0.4,1709.0,0.3,175.4,1370.9,162.4,2012,,BANKURA,
West Bengal,Bankura,IMD110-P2009,2005,34.4,50.5,62.7,59.2,81.5,221.9,307.8,249.3,205.1,202.9,0.0,18.0,1493.3,84.9,203.3,984.1,220.9,2012,,BANKURA,
West Bengal,Bankura,IMD110-P2009,2006,0.0,0.0,1.4,54.4,112.6,339.1,407.7,215.0,309.4,21.0,13.2,0.0,1473.8,0.0,168.4,1271.2,34.3,2012,,BANKURA,
West Bengal,Bankura,IMD110-P2009,2007,0.0,44.5,42.6,32.0,72.5,210.5,634.7,333.3,393.1,10.7,26.5,0.0,1800.4,44.5,147.1,1571.7,37.1,2012,,BANKURA,
West Bengal,Bankura,IMD110-P2009,2008,26.4,6.7,3.3,46.7,91.8,406.5,453.4,304.8,232.1,19.9,0.0,0.0,1591.6,33.0,141.8,1396.9,19.9,2012,,BANKURA,
West Bengal,Bankura,IMD110-P2009,2009,4.9,0.0,28.2,0.7,168.9,34.3,331.9,342.3,342.3,52.3,12.5,2.2,1320.4,4.9,197.8,1050.8,67.0,2012,,BANKURA,
West Bengal,Bankura,IMD110-P2009,2010,0.0,37.0,36.1,43.8,123.2,167.4,209.1,140.5,133.3,71.6,4.3,34.7,1000.9,37.0,203.0,650.3,110.6,2012,,BANKURA,
West Bengal,Birbhum,IMD110-P2013,1901,20.2,24.4,6.8,39.6,109.3,161.8,282.0,183.6,192.3,36.6,58.7,0.0,1115.3,44.6,155.7,819.6,95.4,2013,,BIRBHUM,
West Bengal,Birbhum,IMD110-P2013,1902,0.0,0.1,49.4,85.6,110.6,118.7,451.1,313.4,397.6,35.5,7.4,0.0,1569.4,0.1,245.6,1280.8,42.9,2013,,BIRBHUM,
West Bengal,Birbhum,IMD110-P2013,1903,16.1,20.4,31.3,21.4,86.8,176.3,96.2,341.4,257.5,146.2,0.0,0.0,1193.5,36.5,139.4,871.4,146.2,2013,,BIRBHUM,
West Bengal,Birbhum,IMD110-P2013,1904,0.0,9.8,10.7,13.4,224.8,277.5,500.8,332.3,154.2,24.5,8.8,0.0,1556.8,9.8,248.9,1264.8,33.4,2013,,BIRBHUM,
West Bengal,Birbhum,IMD110-P2013,1905,16.8,43.0,94.3,70.6,182.0,99.8,439.4,350.1,270.2,73.6,0.0,5.8,1645.6,59.8,347.0,1159.4,79.4,2013,,BIRBHUM,
West Bengal,Birbhum,IMD110-P2013,1906,40.1,85.8,35.4,0.8,82.4,161.6,291.6,346.1,120.7,154.7,5.6,0.0,1324.8,125.9,118.6,919.9,160.4,2013,,BIRBHUM,
West Bengal,Birbhum,IMD110-P2013,1907,0.0,21.4,78.8,38.9,50.9,280.5,220.6,167.3,216.9,8.7,0.0,11.4,1095.5,21.4,168.6,885.3,20.1,2013,,BIRBHUM,
West Bengal,Birbhum,IMD110-P2013,1908,24.3,12.0,1.0,0.8,72.4,362.4,389.8,253.2,149.4,7.0,0.0,0.0,1272.3,36.3,74.2,1154.9,7.0,2013,,BIRBHUM,
West Bengal,Birbhum,IMD110-P2013,1909,15.8,3.0,0.0,106.5,59.1,364.6,191.9,585.9,217.2,71.3,0.4,1.2,1617.0,18.8,165.7,1359.6,72.9,2013,,BIRBHUM,
West Bengal,Birbhum,IMD110-P2013,1910,3.2,10.8,25.4,48.0,83.8,311.8,375.4,373.8,239.1,127.7,1.8,0.0,1600.8,14.1,157.1,1300.2,129.4,2013,,BIRBHUM,
West Bengal,Birbhum,IMD110-P2013,1911,0.0,1.0,13.3,14.2,68.6,425.8,132.1,338.6,358.7,124.2,11.5,0.0,1488.1,1.0,96.1,1255.3,135.7,2013,,BIRBHUM,
West Bengal,Birbhum,IMD110-P2013,1912,2.3,2.8,23.6,23.4,136.7,160.4,276.1,226.4,81.1,61.1,90.3,0.0,1084.1,5.1,183.7,744.0,151.4,2013,,BIRBHUM,
West Bengal,Birbhum,IMD110-P2013,1913,0.0,70.1,21.6,1.7,125.8,507.3,272.8,302.5,154.7,102.3,19.6,14.5,1592.8,70.1,149.1,1237.3,136.3,2013,,BIRBHUM,
West Bengal,Birbhum,IMD110-P2013,1914,0.0,14.5,13.0,38.5,232.3,133.4,523.6,293.0,119.1,32.8,0.0,1.8,1402.0,14.5,283.8,1069.1,34.7,2013,,BIRBHUM,
West Bengal,Birbhum,IMD110-P2013,1915,1.3,16.3,39.0,9.6,152.4,220.9,236.9,276.6,176.3,77.8,23.8,0.0,1231.0,17.6,201.0,910.8,101.6,2013,,BIRBHUM,
West Bengal,Birbhum,IMD110-P2013,1916,0.0,2.5,0.0,28.6,13.3,383.1,222.5,277.2,279.3,295.1,38.1,0.0,1539.7,2.5,41.9,1162.0,333.2,2013,,BIRBHUM,
West Bengal,Birbhum,IMD110-P2013,1917,0.5,14.0,18.5,18.8,196.5,331.5,405.7,228.2,201.0,334.8,0.0,0.0,1749.4,14.5,233.7,1166.4,334.8,2013,,BIRBHUM,
West Bengal,Birbhum,IMD110-P2013,1918,0.6,0.0,3.5,39.1,106.1,430.5,178.9,557.4,124.0,7.6,0.0,0.0,1447.6,0.6,148.7,1290.7,7.6,2013,,BIRBHUM,
West Bengal,Birbhum,IMD110-P2013,1919,64.3,11.5,2.8,9.8,112.4,217.1,375.7,361.6,201.3,69.7,10.3,0.0,1436.4,75.8,125.1,1155.6,80.0,2013,,BIRBHUM,
West Bengal,Birbhum,IMD110-P2013,1920,0.0,16.2,130.8,9.3,63.1,156.6,322.8,250.9,257.4,30.1,0.0,0.0,1237.1,16.2,203.2,987.6,30.1,2013,,BIRBHUM,
West Bengal,Birbhum,IMD110-P2013,1921,46.5,1.2,4.3,51.6,68.5,199.1,268.0,293.3,147.9,41.6,0.0,0.0,1122.1,47.8,124.4,908.3,41.6,2013,,BIRBHUM,
West Bengal,Birbhum,IMD110-P2013,1922,2.9,8.2,0.0,17.4,46.2,465.3,280.4,294.8,215.5,37.5,0.0,2.6,1370.9,11.2,63.5,1256.1,40.2,2013,,BIRBHUM,
West Bengal,Birbhum,IMD110-P2013,1923,0.0,71.4,18.4,18.6,111.8,118.7,224.6,240.3,92.0,40.5,0.3,0.0,936.5,71.4,148.8,675.6,40.8,2013,,BIRBHUM,
West Bengal,Birbhum,IMD110-P2013,1924,8.0,2.9,0.2,28.7,45.8,173.9,322.6,188.1,327.1,82.3,32.0,0.0,1211.4,10.9,74.6,1011.6,114.3,2013,,BIRBHUM,
West Bengal,Birbhum,IMD110-P2013,1925,9.4,14.2,41.7,66.2,117.9,140.8,233.4,237.0,146.7,102.4,2.3,0.0,1111.9,23.6,225.8,757.9,104.7,2013,,BIRBHUM,
West Bengal,Birbhum,IMD110-P2013,1926,24.4,8.4,55.2,21.3,72.8,124.6,463.2,297.2,218.4,47.1,0.0,11.9,1344.5,32.8,149.2,1103.4,59.1,2013,,BIRBHUM,
West Bengal,Birbhum,IMD110-P2013,1927,35.0,57.1,10.7,9.4,122.2,150.8,284.7,177.6,131.1,34.4,0.0,0.0,1013.0,92.1,142.2,744.3,34.4,2013,,BIRBHUM,
West Bengal,Birbhum,IMD110-P2013,1928,20.6,9.0,3.9,12.5,84.9,465.5,409.0,218.5,72.9,155.6,0.9,0.0,1453.2,29.6,101.3,1165.9,156.4,2013,,BIRBHUM,
West Bengal,Birbhum,IMD110-P2013,1929,20.7,10.4,31.1,43.6,109.3,196.5,270.2,208.8,131.8,243.6,0.0,33.5,1299.4,31.0,184.0,807.3,277.0,2013,,BIRBHUM,
West Bengal,Birbhum,IMD110-P2013,1930,0.0,11.2,28.2,5.9,69.5,141.9,339.5,318.5,189.9,77.7,123.8,1.3,1307.6,11.2,103.6,989.9,202.8,2013,,BIRBHUM,
West Bengal,Birbhum,IMD110-P2013,1931,10.5,60.4,40.3,9.4,99.4,158.2,334.2,255.9,249.0,109.2,63.8,0.3,1390.4,70.8,149.0,997.2,173.4,2013,,BIRBHUM,
West Bengal,Birbhum,IMD110-P2013,1932,0.0,14.5,0.3,12.8,112.1,109.7,304.3,330.5,151.0,69.8,67.9,0.0,1173.0,14.5,125.3,895.5,137.7,2013,,BIRBHUM,
West Bengal,Birbhum,IMD110-P2013,1933,24.7,45.5,0.3,66.9,173.0,279.7,317.6,467.8,169.5,93.2,0.0,0.0,1638.3,70.3,240.2,1234.6,93.2,2013,,BIRBHUM,
West Bengal,Birbhum,IMD110-P2013,1934,15.7,25.5,0.0,41.1,39.8,215.0,201.7,207.9,184.1,53.7,0.9,21.7,1007.0,41.2,80.9,808.6,76.3,2014,,BIRBHUM,
West Bengal,Birbhum,IMD110-P2013,1935,13.8,19.0,10.2,3.2,48.2,126.7,152.0,343.6,196.9,8.5,0.0,0.0,922.2,32.8,61.5,819.3,8.5,2014,,BIRBHUM,
West Bengal,Birbhum,IMD110-P2013,1936,9.4,2.4,8.5,12.8,143.8,256.3,382.8,277.7,426.7,66.1,1.3,5.2,1592.9,11.7,165.1,1343.5,72.6,2014,,BIRBHUM,
West Bengal,Birbhum,IMD110-P2013,1937,0.0,107.4,0.8,12.6,160.1,193.9,232.0,279.6,275.6,89.9,0.1,0.0,1352.0,107.4,173.5,981.1,90.0,2014,,BIRBHUM,
West Bengal,Birbhum,IMD110-P2013,1938,5.0,27.3,0.0,3.4,264.6,271.3,265.7,319.5,175.2,98.7,0.0,0.0,1430.7,32.3,268.0,1031.7,98.7,2014,,BIRBHUM,
West Bengal,Birbhum,IMD110-P2013,1939,1.1,4.5,10.3,9.3,68.1,226.2,461.0,293.4,190.2,251.0,0.0,0.0,1515.1,5.5,87.7,1170.8,251.0,2014,,BIRBHUM,
West Bengal,Birbhum,IMD110-P2013,1940,0.0,27.9,32.8,24.5,119.3,106.9,130.4,224.4,173.8,19.7,0.1,3.0,862.9,27.9,176.6,635.6,22.8,2014,,BIRBHUM,
West Bengal,Birbhum,IMD110-P2013,1941,14.1,0.0,0.0,42.3,105.9,281.4,256.0,391.5,154.0,191.7,34.6,0.0,1471.3,14.1,148.1,1082.9,226.3,2014,,BIRBHUM,
West Bengal,Birbhum,IMD110-P2013,1942,0.0,27.4,10.0,34.4,87.4,201.8,247.1,609.9,306.0,152.5,12.0,0.0,1688.6,27.4,131.9,1364.8,164.5,2014,,BIRBHUM,
West Bengal,Birbhum,IMD110-P2013,1943,37.2,14.9,2.8,49.3,77.8,169.8,506.6,227.3,172.7,104.0,0.0,0.0,1362.3,52.1,129.8,1076.4,104.0,2014,,BIRBHUM,
West Bengal,Birbhum,IMD110-P2013,1944,26.8,12.8,47.1,34.8,26.9,117.5,432.2,497.5,180.9,35.1,0.0,0.0,1411.6,39.6,108.8,1228.1,35.1,2014,,BIRBHUM,
West Bengal,Birbhum,IMD110-P2013,1945,16.1,13.6,2.3,53.8,87.8,133.4,311.0,254.8,254.4,205.0,0.0,0.0,1332.1,29.7,143.8,953.6,205.0,2014,,BIRBHUM,
West Bengal,Birbhum,IMD110-P2013,1946,0.0,7.0,2.3,91.8,76.7,172.4,257.3,317.0,256.4,269.3,9.6,0.0,1459.7,7.0,170.8,1003.1,278.9,2014,,BIRBHUM,
West Bengal,Birbhum,IMD110-P2013,1947,0.0,0.7,27.9,22.1,29.4,112.7,,324.7,239.1,97.7,0.0,18.0,,0.7,79.4,,115.7,2014,missing_months,BIRBHUM,
West Bengal,Birbhum,IMD110-P2013,1948,1.5,16.4,11.3,47.0,89.6,182.1,248.4,330.3,179.8,77.0,93.3,0.0,1276.7,17.9,147.9,940.7,170.3,2014,,BIRBHUM,
West Bengal,Birbhum,IMD110-P2013,1949,0.0,8.3,39.6,50.3,239.4,165.9,378.4,405.2,260.6,24.1,0.0,0.0,1572.0,8.3,329.4,1210.2,24.1,2014,,BIRBHUM,
West Bengal,Birbhum,IMD110-P2013,1950,0.0,7.0,7.4,1.9,70.5,263.3,268.3,412.1,70.6,63.9,9.4,0.0,1174.4,7.0,79.9,1014.2,73.3,2014,,BIRBHUM,
West Bengal,Birbhum,IMD110-P2013,1951,0.0,4.4,9.9,12.9,42.6,116.1,203.1,332.3,124.7,186.3,23.1,0.0,1055.5,4.4,65.4,776.2,209.4,2014,,BIRBHUM,
West Bengal,Birbhum,IMD110-P2013,1952,0.5,2.2,28.1,38.0,53.5,157.8,349.1,182.8,196.9,104.9,8.4,0.0,1122.2,2.7,119.6,886.6,113.3,2014,,BIRBHUM,
West Bengal,Birbhum,IMD110-P2013,1953,33.0,1.5,3.0,21.0,128.0,223.0,438.2,343.2,219.3,74.4,23.7,0.0,1508.2,34.5,152.0,1223.7,98.1,2014,,BIRBHUM,
West Bengal,Birbhum,IMD110-P2013,1954,22.2,2.1,0.0,5.2,38.9,123.8,323.8,199.6,194.3,52.9,0.0,11.4,974.2,24.3,44.1,841.5,64.3,2014,,BIRBHUM,
West Bengal,Birbhum,IMD110-P2013,1955,10.9,2.7,19.8,18.3,53.8,144.8,409.9,213.3,147.6,57.9,54.0,0.0,1133.0,13.7,91.8,915.6,111.9,2014,,BIRBHUM,
West Bengal,Birbhum,IMD110-P2013,1956,1.6,23.3,48.6,22.2,112.1,321.2,216.3,356.6,508.7,129.1,33.8,24.7,1798.2,24.8,182.9,1402.8,187.6,2014,,BIRBHUM,
West Bengal,Birbhum,IMD110-P2013,1957,102.3,19.7,15.7,0.0,2.2,280.8,371.4,133.5,228.9,51.5,0.0,0.0,1206.1,122.0,17.9,1014.6,51.5,2014,,BIRBHUM,
West Bengal,Birbhum,IMD110-P2013,1958,12.0,17.3,9.6,7.7,32.0,88.1,227.1,217.7,214.6,139.2,0.0,0.0,965.4,29.3,49.4,747.6,139.2,2014,,BIRBHUM,
West Bengal,Birbhum,IMD110-P2013,1959,27.0,0.3,18.9,27.4,95.6,171.6,283.0,434.3,331.9,346.8,0.0,0.0,1736.8,27.3,141.8,1220.9,346.8,2014,,BIRBHUM,
West Bengal,Birbhum,IMD110-P2013,1960,0.0,0.0,14.0,0.0,124.6,153.6,275.0,245.5,211.6,33.5,0.3,0.0,1058.1,0.0,138.6,885.7,33.8,2014,,BIRBHUM,
West Bengal,Birbhum,IMD110-P2013,1961,10.0,80.1,15.1,1.0,71.6,188.3,245.1,253.6,234.6,127.5,0.3,0.0,1227.2,90.1,87.8,921.5,127.8,2014,,BIRBHUM,
West Bengal,Birbhum,IMD110-P2013,1962,6.5,6.4,3.9,33.4,112.9,135.4,231.6,270.5,180.1,113.6,0.0,0.1,1094.3,12.9,150.2,817.6,113.7,2014,,BIRBHUM,
West Bengal,Birbhum,IMD110-P2013,1963,1.2,1.6,2.8,54.3,102.6,238.7,180.6,117.4,206.3,165.0,4.1,0.0,1074.6,2.8,159.7,743.0,169.1,2014,,BIRBHUM,
West Bengal,Birbhum,IMD110-P2013,1964,7.4,1.4,14.3,42.3,85.3,175.8,290.4,163.0,166.2,180.2,0.0,0.0,1126.4,8.9,141.9,795.4,180.2,2014,,BIRBHUM,
West Bengal,Birbhum,IMD110-P2013,1965,0.0,24.3,31.1,12.5,29.1,133.7,232.6,234.8,155.6,29.6,0.0,0.5,883.8,24.3,72.6,756.7,30.1,2014,,BIRBHUM,
West Bengal,Birbhum,IMD110-P2013,1966,26.6,0.0,0.3,21.3,73.4,316.0,167.6,230.5,209.6,16.9,15.6,2.8,1080.6,26.6,95.0,923.7,35.3,2014,,BIRBHUM,
West Bengal,Birbhum,IMD110-P2013,1967,8.2,4.7,48.8,44.3,26.6,114.7,193.1,287.0,315.6,24.4,0.0,6.6,1073.9,12.9,119.7,910.3,31.0,2014,,BIRBHUM,
West Bengal,Birbhum,IMD110-P2013,1968,2.8,0.6,9.5,1.3,30.0,357.5,339.3,366.8,35.2,80.6,1.7,0.1,1225.4,3.5,40.7,1098.9,82.4,2015,,BIRBHUM,
West Bengal,Birbhum,IMD110-P2013,1969,1.6,5.5,21.2,73.0,82.3,111.4,222.8,359.8,140.1,55.1,33.9,0.0,1106.7,7.1,176.4,834.2,89.1,2015,,BIRBHUM,
West Bengal,Birbhum,IMD110-P2013,1970,14.7,15.7,5.2,21.6,76.7,293.4,272.3,259.9,271.6,148.2,39.2,0.0,1418.6,30.4,103.5,1097.3,187.4,2015,,BIRBHUM,
West Bengal,Birbhum,IMD110-P2013,1971,25.7,14.3,8.9,134.9,142.1,237.2,445.3,579.0,372.9,51.7,38.5,0.0,2050.4,40.0,285.9,1634.4,90.1,2015,,BIRBHUM,
West Bengal,Birbhum,IMD110-P2013,1972,5.0,8.9,0.0,9.4,0.6,88.5,223.1,371.6,184.9,45.1,10.0,0.0,947.1,13.9,10.1,868.1,55.1,2015,,BIRBHUM,
West Bengal,Birbhum,IMD110-P2013,1973,2.8,6.7,61.5,15.9,94.8,321.1,164.6,269.0,425.5,180.3,26.5,4.3,1572.8,9.4,172.3,1180.2,211.0,2015,,BIRBHUM,
West Bengal,Birbhum,IMD110-P2013,1974,9.7,0.0,11.1,24.5,86.9,160.2,489.9,294.0,312.1,133.8,0.0,0.0,1522.2,9.7,122.5,1256.3,133.8,2015,,BIRBHUM,
West Bengal,Birbhum,IMD110-P2013,1975,10.5,15.4,19.0,103.6,126.1,123.9,464.4,270.5,187.4,228.4,1.3,0.0,1550.5,25.9,248.6,1046.3,229.7,2015,,BIRBHUM,
West Bengal,Birbhum,IMD110-P2013,1976,0.0,33.1,8.8,26.2,106.8,82.6,343.2,234.4,217.1,74.4,10.1,0.0,1136.5,33.1,141.8,877.2,84.5,2015,,BIRBHUM,
West Bengal,Birbhum,IMD110-P2013,1977,4.3,15.6,0.5,68.3,122.7,432.1,419.6,243.6,136.1,85.8,44.8,41.4,1614.8,19.9,191.5,1231.4,172.1,2015,,BIRBHUM,
West Bengal,Birbhum,IMD110-P2013,1978,1.1,36.4,40.6,34.6,50.2,367.5,185.6,365.1,783.8,186.8,5.9,2.3,2059.9,37.6,125.3,1701.9,195.1,2015,,BIRBHUM,
West Bengal,Birbhum,IMD110-P2013,1979,19.5,54.2,3.8,42.5,15.3,157.1,309.6,141.6,285.0,128.5,33.8,18.0,1208.8,73.8,61.5,893.3,180.3,2015,,BIRBHUM,
West Bengal,Birbhum,IMD110-P2013,1980,34.3,8.4,104.8,57.7,143.5,424.3,225.6,339.1,140.4,283.4,0.0,0.0,1761.4,42.7,306.0,1129.3,283.4,2015,,BIRBHUM,
West Bengal,Birbhum,IMD110-P2013,1981,21.1,74.9,19.1,63.8,166.1,189.4,401.4,319.0,128.6,0.0,0.0,37.8,1421.2,96.0,249.0,1038.4,37.8,2015,,BIRBHUM,
West Bengal,Birbhum,IMD110-P2013,1982,16.4,7.8,93.1,61.1,64.5,167.2,141.5,293.9,95.9,28.9,47.5,0.2,1018.1,24.2,218.8,698.6,76.5,2015,,BIRBHUM,
West Bengal,Birbhum,IMD110-P2013,1983,5.8,19.3,31.1,43.6,134.6,168.5,272.5,297.4,319.7,132.9,0.2,14.4,1440.1,25.0,209.4,1058.2,147.5,2015,,BIRBHUM,
West Bengal,Birbhum,IMD110-P2013,1984,10.1,6.8,2.2,18.0,93.7,477.5,387.6,381.9,245.1,119.6,0.0,0.0,1742.5,16.9,113.9,1492.1,119.6,2015,,BIRBHUM,
West Bengal,Birbhum,IMD110-P2013,1985,3.4,11.1,9.8,6.7,90.7,168.2,330.0,220.4,167.0,121.2,0.6,0.0,1129.1,14.5,107.2,885.6,121.8,2015,,BIRBHUM,
West Bengal,Birbhum,IMD110-P2013,1986,3.7,8.4,3.2,65.8,159.0,178.3,299.1,189.0,325.5,198.2,21.0,19.4,1470.5,12.1,227.9,991.9,238.6,2015,,BIRBHUM,
West Bengal,Birbhum,IMD110-P2013,1987,3.7,4.9,16.6,59.7,56.0,139.5,334.0,533.6,219.9,25.3,6.5,5.8,1405.5,8.6,132.3,1226.9,37.6,2015,,BIRBHUM,
West Bengal,Birbhum,IMD110-P2013,1988,3.0,31.3,80.5,18.8,107.5,359.3,319.1,367.9,176.1,93.8,21.0,1.5,1579.9,34.3,206.9,1222.4,116.3,2015,,BIRBHUM,
West Bengal,Birbhum,IMD110-P2013,1989,0.4,17.9,11.9,0.0,211.6,265.8,508.2,277.9,371.8,59.2,2.2,26.4,1753.2,18.3,223.4,1423.7,87.8,2015,,BIRBHUM,
West Bengal,Birbhum,IMD110-P2013,1990,0.0,117.9,54.0,83.8,65.7,183.0,541.5,194.8,269.7,112.5,1.7,0.2,1624.7,117.9,203.5,1188.9,114.4,2015,,BIRBHUM,
West Bengal,Birbhum,IMD110-P2013,1991,19.6,3.4,19.5,24.5,26.0,251.9,194.3,255.5,346.7,84.2,0.0,68.6,1294.0,23.0,70.0,1048.3,152.8,2015,,BIRBHUM,
West Bengal,Birbhum,IMD110-P2013,1992,1.4,13.0,0.0,26.8,79.2,150.3,307.1,316.4,156.9,36.0,1.7,0.0,1088.8,14.4,106.0,930.6,37.7,2015,,BIRBHUM,
West Bengal,Birbhum,IMD110-P2013,1993,0.0,4.6,32.2,64.8,92.9,238.6,278.7,343.3,368.5,118.4,21.2,0.0,1563.1,4.6,189.9,1229.0,139.6,2015,,BIRBHUM,
West Bengal,Birbhum,IMD110-P2013,1994,18.7,48.1,0.5,49.0,91.2,276.4,406.8,336.8,125.6,69.6,0.6,0.0,1423.3,66.8,140.7,1145.6,70.2,2015,,BIRBHUM,
West Bengal,Birbhum,IMD110-P2013,1995,24.2,12.9,11.6,0.5,107.5,158.3,379.5,422.9,381.3,30.7,136.2,2.2,1667.6,37.0,119.5,1341.9,169.1,2015,,BIRBHUM,
West Bengal,Birbhum,IMD110-P2013,1996,6.3,25.0,5.8,74.7,88.2,306.1,235.2,549.8,139.0,85.5,0.0,0.0,1515.7,31.3,168.7,1230.2,85.5,2015,,BIRBHUM,
West Bengal,Birbhum,IMD110-P2013,1997,8.9,21.5,5.4,80.6,87.9,207.9,501.2,425.2,424.3,46.0,70.6,19.8,1899.4,30.4,173.9,1558.6,136.4,2015,,BIRBHUM,
West Bengal,Birbhum,IMD110-P2013,1998,44.3,11.3,90.5,43.3,67.7,183.7,428.9,384.7,276.8,278.8,16.4,0.0,1826.5,55.6,201.6,1274.1,295.2,2015,,BIRBHUM,
West Bengal,Birbhum,IMD110-P2013,1999,0.0,0.1,0.0,11.6,169.8,327.0,457.2,368.3,461.7,146.5,22.8,0.1,1964.9,0.1,181.3,1614.2,169.4,2015,,BIRBHUM,
West Bengal,Birbhum,IMD110-P2013,2000,0.8,45.1,11.8,59.1,157.0,218.1,432.2,177.4,1021.6,40.7,0.0,0.0,2163.8,45.9,227.9,1849.3,40.7,2015,,BIRBHUM,
West Bengal,Birbhum,IMD110-P2013,2001,0.1,0.1,41.0,50.6,182.3,302.3,241.1,171.9,240.0,110.9,0.6,0.0,1340.8,0.2,273.8,955.3,111.5,2015,,BIRBHUM,
West Bengal,Birbhum,IMD110-P2013,2002,22.6,2.0,15.5,88.3,147.4,192.1,265.0,299.7,314.1,71.5,9.1,0.0,1427.3,24.6,251.2,1070.8,80.6,2016,,BIRBHUM,
West Bengal,Birbhum,IMD110-P2013,2003,1.9,34.0,44.3,96.7,18.9,208.1,180.0,340.8,135.6,285.8,0.0,12.3,1358.5,35.9,159.9,864.5,298.1,2016,,BIRBHUM,
West Bengal,Birbhum,IMD110-P2013,2004,8.0,0.0,58.1,54.1,111.0,219.3,207.0,363.6,421.5,279.5,0.0,4.0,1726.0,8.0,223.1,1211.3,283.5,2016,,BIRBHUM,
West Bengal,Birbhum,IMD110-P2013,2005,60.9,16.8,100.9,15.5,75.2,167.6,549.8,226.2,102.7,193.1,0.0,5.5,1514.3,77.7,191.6,1046.3,198.6,2016,,BIRBHUM,
West Bengal,Birbhum,IMD110-P2013,2006,0.0,0.0,21.0,55.9,97.1,342.5,649.1,272.5,426.7,11.4,10.1,0.0,1886.3,0.0,174.1,1690.8,21.4,2016,,BIRBHUM,
West Bengal,Birbhum,IMD110-P2013,2007,0.0,61.3,68.9,58.1,76.0,225.5,561.0,322.2,536.1,50.6,5.3,0.0,1964.9,61.3,203.0,1644.7,55.9,2016,,BIRBHUM,
West Bengal,Birbhum,IMD110-P2013,2008,12.2,7.5,7.9,21.3,109.8,329.5,430.3,314.1,204.4,39.9,0.0,0.0,1477.1,19.7,139.1,1278.3,39.9,2016,,BIRBHUM,
West Bengal,Birbhum,IMD110-P2013,2009,0.0,9.6,7.6,0.0,271.1,83.9,225.9,302.1,286.7,100.4,2.5,0.0,1289.9,9.6,278.7,898.7,102.9,2016,,BIRBHUM,
West Bengal,Birbhum,IMD110-P2013,2010,1.3,8.0,11.2,23.7,69.2,226.9,233.3,125.8,225.3,73.6,9.2,56.4,1063.7,9.2,104.1,811.2,139.2,2016,,BIRBHUM,
West Bengal,Burdwan,IMD110-P2017,1901,16.8,46.4,2.1,77.1,166.7,199.5,221.5,276.3,246.5,54.3,96.8,0.0,1404.1,63.2,246.0,943.8,151.1,2017,,BURDWAN,
West Bengal,Burdwan,IMD110-P2017,1902,0.0,0.4,43.3,121.1,119.4,183.7,264.4,181.5,183.3,38.8,7.8,1.1,1144.9,0.4,283.8,812.9,47.7,2017,,BURDWAN,
West Bengal,Burdwan,IMD110-P2017,1903,18.5,36.2,60.3,17.9,98.0,198.3,163.6,242.8,240.4,240.5,7.8,0.0,1324.3,54.7,176.3,845.0,248.3,2017,,BURDWAN,
West Bengal,Burdwan,IMD110-P2017,1904,0.0,12.4,26.6,2.6,180.3,253.4,436.7,184.1,90.5,19.3,1.7,0.0,1207.7,12.4,209.5,964.8,21.0,2017,,BURDWAN,
West Bengal,Burdwan,IMD110-P2017,1905,33.3,52.3,101.9,103.7,186.4,73.2,594.0,256.9,238.3,83.8,0.0,9.1,1732.7,85.6,391.9,1162.3,92.8,2017,,BURDWAN,
West Bengal,Burdwan,IMD110-P2017,1906,52.3,128.7,67.3,0.0,97.1,128.3,228.6,405.6,248.9,141.6,1.5,0.0,1499.9,181.0,164.3,1011.5,143.1,2017,,BURDWAN,
West Bengal,Burdwan,IMD110-P2017,1907,0.0,23.8,85.5,36.1,85.5,233.0,218.7,122.3,179.0,16.0,0.0,33.5,1033.4,23.8,207.1,753.0,49.5,2017,,BURDWAN,
West Bengal,Burdwan,IMD110-P2017,1908,22.5,3.6,7.9,17.6,145.1,440.2,428.1,257.7,178.8,25.0,0.0,0.0,1526.5,26.1,170.6,1304.7,25.0,2017,,BURDWAN,
West Bengal,Burdwan,IMD110-P2017,1909,6.9,5.5,0.0,185.7,121.5,357.7,260.2,605.1,302.6,94.5,0.0,10.4,1950.0,12.4,307.2,1525.6,104.8,2017,,BURDWAN,
West Bengal,Burdwan,IMD110-P2017,1910,16.1,1.1,12.5,106.2,105.3,297.6,323.5,297.0,181.6,174.1,0.0,0.0,1514.9,17.1,224.0,1099.7,174.1,2017,,BURDWAN,
West Bengal,Burdwan,IMD110-P2017,1911,0.1,1.5,42.6,55.7,109.6,266.3,142.3,236.5,367.9,71.0,10.6,0.0,1304.1,1.6,207.9,1013.0,81.6,2017,,BURDWAN,
West Bengal,Burdwan,IMD110-P2017,1912,1.7,5.4,33.1,59.0,120.8,182.0,317.7,217.7,132.9,80.9,113.6,0.0,1264.8,7.1,212.9,850.3,194.5,2017,,BURDWAN,
West Bengal,Burdwan,IMD110-P2017,1913,0.0,126.2,32.6,13.0,123.6,437.7,278.8,295.1,221.7,100.6,13.0,21.3,1663.6,126.2,169.2,1233.3,135.0,2017,,BURDWAN,
West Bengal,Burdwan,IMD110-P2017,1914,0.0,30.9,21.0,66.8,277.8,213.8,467.6,298.4,173.4,21.5,0.0,13.8,1584.9,30.9,365.7,1153.0,35.3,2017,,BURDWAN,
West Bengal,Burdwan,IMD110-P2017,1915,1.1,8.6,109.6,26.2,158.8,252.1,219.2,137.4,164.0,86.6,27.1,0.0,1190.7,9.7,294.6,772.6,113.8,2017,,BURDWAN,
West Bengal,Burdwan,IMD110-P2017,1916,0.0,0.9,0.0,89.9,44.1,351.8,126.0,349.8,303.9,258.5,163.6,0.0,1688.5,0.9,134.0,1131.6,422.1,2017,,BURDWAN,
West Bengal,Burdwan,IMD110-P2017,1917,0.5,20.8,28.9,12.6,156.5,299.2,335.9,145.8,221.2,345.1,0.1,0.0,1566.5,21.2,198.0,1002.1,345.1,2017,,BURDWAN,
West Bengal,Burdwan,IMD110-P2017,1918,1.0,0.0,40.2,57.5,141.3,438.3,227.4,491.3,173.0,1.9,0.0,0.2,1572.2,1.1,239.0,1330.1,2.0,2017,,BURDWAN,
West Bengal,Burdwan,IMD110-P2017,1919,33.4,9.8,3.8,40.9,125.7,206.8,288.3,295.0,141.8,50.4,20.0,0.0,1216.0,43.3,170.4,931.9,70.5,2017,,BURDWAN,
West Bengal,Burdwan,IMD110-P2017,1920,0.0,47.8,198.6,17.5,80.1,165.9,272.9,260.8,171.9,86.9,0.0,0.0,1302.3,47.8,296.1,871.5,86.9,2017,,BURDWAN,
West Bengal,Burdwan,IMD110-P2017,1921,38.8,2.2,9.3,43.6,84.7,259.5,298.2,331.9,190.9,53.5,0.0,0.0,1312.6,41.0,137.6,1080.5,53.5,2017,,BURDWAN,
West Bengal,Burdwan,IMD110-P2017,1922,1.9,4.6,1.5,9.1,141.9,681.7,204.5,330.0,179.7,62.8,2.3,3.9,1623.9,6.4,152.5,1395.9,69.0,2017,,BURDWAN,
West Bengal,Burdwan,IMD110-P2017,1923,0.0,92.1,1.6,33.4,90.2,145.9,393.4,338.9,53.3,99.6,11.0,0.0,1259.5,92.1,125.2,931.6,110.6,2017,,BURDWAN,
West Bengal,Burdwan,IMD110-P2017,1924,2.0,2.7,0.0,65.1,70.8,255.0,299.8,237.4,320.1,81.9,40.7,0.0,1375.5,4.7,135.9,1112.3,122.5,2017,,BURDWAN,
West Bengal,Burdwan,IMD110-P2017,1925,1.7,13.9,44.4,90.3,114.1,195.1,281.2,159.9,138.4,120.9,0.6,0.0,1160.4,15.6,248.8,774.5,121.5,2017,,BURDWAN,
West Bengal,Burdwan,IMD110-P2017,1926,27.4,2.3,57.9,28.9,67.1,86.4,463.8,407.3,261.9,62.0,0.1,3.0,1468.2,29.8,153.9,1219.4,65.1,2017,,BURDWAN,
West Bengal,Burdwan,IMD110-P2017,1927,51.2,37.6,5.7,13.8,129.8,196.3,176.8,149.4,167.6,53.0,0.2,0.0,981.4,88.8,149.3,690.1,53.2,2017,,BURDWAN,
West Bengal,Burdwan,IMD110-P2017,1928,21.2,0.1,0.8,29.2,112.3,571.7,423.8,230.2,97.8,131.9,0.1,0.1,1619.0,21.2,142.2,1323.4,132.1,2017,,BURDWAN,
West Bengal,Burdwan,IMD110-P2017,1929,31.6,12.7,59.8,17.3,52.7,189.8,382.2,234.3,137.1,199.4,0.0,37.1,1354.1,44.3,129.9,943.4,236.5,2017,,BURDWAN,
West Bengal,Burdwan,IMD110-P2017,1930,0.1,3.9,17.4,19.5,91.6,146.9,409.2,259.1,188.5,52.0,103.3,2.1,1293.5,4.0,128.4,1003.7,157.4,2017,,BURDWAN,
West Bengal,Burdwan,IMD110-P2017,1931,1.4,79.8,16.8,24.7,93.5,124.5,371.9,281.5,150.5,127.8,60.5,0.8,1333.6,81.1,135.0,928.3,189.1,2017,,BURDWAN,
West Bengal,Burdwan,IMD110-P2017,1932,0.0,12.5,4.0,10.5,158.3,171.1,240.4,328.3,139.3,30.7,77.3,0.2,1172.4,12.5,172.8,879.0,108.2,2017,,BURDWAN,
West Bengal,Burdwan,IMD110-P2017,1933,19.4,50.1,2.3,111.2,192.6,262.0,244.7,418.2,265.4,94.3,0.0,0.0,1660.1,69.4,306.1,1190.3,94.3,2017,,BURDWAN,
West Bengal,Burdwan,IMD110-P2017,1934,8.7,40.0,0.0,66.5,62.9,194.1,207.2,207.1,168.4,37.6,7.8,35.4,1035.7,48.7,129.4,776.8,80.7,2018,,BURDWAN,
West Bengal,Burdwan,IMD110-P2017,1935,21.3,28.9,28.0,21.3,49.0,158.5,181.1,331.8,151.6,1.5,0.0,0.0,972.9,50.2,98.2,823.0,1.5,2018,,BURDWAN,
West Bengal,Burdwan,IMD110-P2017,1936,4.2,8.1,49.7,20.5,184.3,249.9,340.2,267.0,263.8,83.5,7.7,8.9,1487.8,12.3,254.5,1121.0,100.0,2018,,BURDWAN,
West Bengal,Burdwan,IMD110-P2017,1937,0.0,98.5,6.6,12.6,108.6,276.6,220.9,290.8,259.3,96.6,0.6,0.0,1371.2,98.5,127.9,1047.6,97.2,2018,,BURDWAN,
West Bengal,Burdwan,IMD110-P2017,1938,8.3,66.6,0.0,25.5,253.3,197.9,298.5,327.8,197.8,54.9,4.7,0.0,1435.3,74.9,278.7,1022.1,59.6,2018,,BURDWAN,
West Bengal,Burdwan,IMD110-P2017,1939,0.9,11.4,12.0,14.6,99.7,185.5,435.0,359.6,175.8,195.8,0.3,0.2,1490.9,12.2,126.4,1155.9,196.3,2018,,BURDWAN,
West Bengal,Burdwan,IMD110-P2017,1940,0.0,38.2,48.3,22.8,78.0,143.9,138.7,296.1,197.5,28.7,1.9,4.8,999.0,38.2,149.1,776.2,35.4,2018,,BURDWAN,
West Bengal,Burdwan,IMD110-P2017,1941,11.4,0.0,0.0,47.8,69.3,352.3,366.2,420.4,99.6,147.6,68.0,0.0,1582.6,11.4,117.1,1238.5,215.7,2018,,BURDWAN,
West Bengal,Burdwan,IMD110-P2017,1942,1.1,15.2,28.4,19.5,94.5,109.4,266.4,358.1,299.2,125.5,15.3,0.0,1332.4,16.2,142.3,1033.1,140.8,2018,,BURDWAN,
West Bengal,Burdwan,IMD110-P2017,1943,34.4,13.0,9.8,71.3,53.0,242.1,508.5,212.9,218.9,73.0,0.0,0.0,1436.9,47.4,134.0,1182.4,73.0,2018,,BURDWAN,
West Bengal,Burdwan,IMD110-P2017,1944,64.0,10.6,37.4,54.1,45.7,153.2,297.2,428.6,103.7,36.3,0.0,0.0,1230.6,74.6,137.1,982.6,36.3,2018,,BURDWAN,
West Bengal,Burdwan,IMD110-P2017,1945,12.6,21.2,5.5,78.5,69.6,145.6,168.1,279.6,184.9,192.5,0.0,0.0,1158.1,33.8,153.6,778.2,192.5,2018,,BURDWAN,
West Bengal,Burdwan,IMD110-P2017,1946,0.0,3.5,7.9,136.1,97.4,203.6,262.1,255.4,326.6,186.4,16.4,0.0,1495.5,3.5,241.4,1047.7,202.8,2018,,BURDWAN,
West Bengal,Burdwan,IMD110-P2017,1947,0.3,4.5,44.5,8.3,89.7,153.2,442.2,320.8,202.2,76.2,1.0,20.7,1363.5,4.8,142.4,1118.3,97.9,2018,,BURDWAN,
West Bengal,Burdwan,IMD110-P2017,1948,7.8,36.2,44.0,42.9,134.7,170.2,208.9,225.8,183.2,99.4,66.9,0.0,1220.2,44.0,221.6,788.2,166.4,2018,,BURDWAN,
West Bengal,Burdwan,IMD110-P2017,1949,8.8,4.6,61.8,135.3,170.5,167.6,328.4,284.0,157.9,63.8,0.0,0.0,1382.5,13.3,367.5,937.9,63.8,2018,,BURDWAN,
West Bengal,Burdwan,IMD110-P2017,1950,0.0,13.8,12.4,4.1,76.4,307.3,242.9,442.4,98.7,83.6,49.5,0.0,1331.0,13.8,92.8,1091.3,133.1,2018,,BURDWAN,
West Bengal,Burdwan,IMD110-P2017,1951,0.0,0.0,27.9,3.6,53.5,166.7,207.5,227.1,201.8,145.5,18.4,0.0,1051.9,0.0,85.0,803.0,163.9,2018,,BURDWAN,
West Bengal,Burdwan,IMD110-P2017,1952,0.0,1.6,14.6,120.3,99.0,207.1,336.1,161.6,185.3,101.8,0.0,0.0,1227.5,1.6,234.0,890.2,101.8,2018,,BURDWAN,
West Bengal,Burdwan,IMD110-P2017,1953,19.9,28.3,4.4,3.4,45.2,254.7,329.8,287.0,176.9,38.8,40.3,0.0,1228.5,48.2,52.9,1048.4,79.0,2018,,BURDWAN,
West Bengal,Burdwan,IMD110-P2017,1954,13.3,2.2,0.1,13.8,63.5,227.2,252.8,165.3,207.7,64.7,7.6,16.0,1034.1,15.4,77.5,853.0,88.2,2018,,BURDWAN,
West Bengal,Burdwan,IMD110-P2017,1955,2.7,2.1,9.3,12.5,51.4,143.6,349.3,235.6,95.2,66.5,36.8,0.0,1005.0,4.8,73.1,823.7,103.4,2018,,BURDWAN,
West Bengal,Burdwan,IMD110-P2017,1956,3.4,35.3,35.9,33.2,90.0,204.9,185.3,281.5,548.4,108.5,2.1,1.2,1529.8,38.7,159.1,1220.2,111.8,2018,,BURDWAN,
West Bengal,Burdwan,IMD110-P2017,1957,35.2,22.7,10.3,1.8,5.3,350.4,302.4,180.2,206.0,14.6,0.0,0.0,1128.8,57.9,17.4,1038.9,14.6,2018,,BURDWAN,
West Bengal,Burdwan,IMD110-P2017,1958,17.2,13.2,7.2,31.3,46.9,89.7,241.3,201.3,209.2,124.0,0.2,0.0,981.6,30.4,85.4,741.6,124.2,2018,,BURDWAN,
West Bengal,Burdwan,IMD110-P2017,1959,28.4,2.5,8.3,13.3,71.9,200.0,256.4,370.2,447.9,364.2,0.0,0.0,1763.1,30.9,93.5,1274.5,364.2,2018,,BURDWAN,
West Bengal,Burdwan,IMD110-P2017,1960,0.7,0.0,32.1,0.0,85.5,75.6,344.3,244.3,195.0,36.9,0.3,0.0,1014.8,0.7,117.7,859.2,37.2,2018,,BURDWAN,
West Bengal,Burdwan,IMD110-P2017,1961,9.3,88.3,6.5,4.5,58.5,229.7,222.8,233.4,179.0,77.3,0.6,0.0,1109.8,97.5,69.4,864.9,77.9,2018,,BURDWAN,
West Bengal,Burdwan,IMD110-P2017,1962,7.8,12.5,0.7,44.8,78.5,173.6,262.4,244.7,193.0,89.4,0.0,0.5,1107.8,20.3,124.0,873.6,89.8,2018,,BURDWAN,
West Bengal,Burdwan,IMD110-P2017,1963,0.1,0.2,2.5,44.4,130.3,259.8,236.9,109.8,227.4,135.1,14.3,0.0,1160.9,0.2,177.2,834.0,149.4,2018,,BURDWAN,
West Bengal,Burdwan,IMD110-P2017,1964,0.0,2.4,8.0,63.4,110.6,129.7,371.5,266.1,193.4,124.9,0.0,0.0,1270.0,2.4,181.9,960.8,124.9,2018,,BURDWAN,
West Bengal,Burdwan,IMD110-P2017,1965,0.0,27.3,43.5,27.1,22.2,221.6,321.5,265.9,119.3,54.6,0.0,0.1,1103.2,27.3,92.9,928.3,54.7,2018,,BURDWAN,
West Bengal,Burdwan,IMD110-P2017,1966,49.8,0.0,1.3,12.4,26.5,199.0,166.4,279.4,136.9,43.0,16.5,3.5,934.7,49.8,40.2,781.7,63.1,2018,,BURDWAN,
West Bengal,Burdwan,IMD110-P2017,1967,16.6,6.9,49.2,67.3,39.9,111.9,245.0,412.7,205.8,24.9,0.0,3.8,1184.1,23.5,156.4,975.5,28.7,2018,,BURDWAN,
West Bengal,Burdwan,IMD110-P2017,1968,6.7,1.2,0.6,2.6,33.5,399.0,333.4,431.0,59.8,98.0,5.0,0.0,1370.9,7.9,36.8,1223.2,103.1,2019,,BURDWAN,
West Bengal,Burdwan,IMD110-P2017,1969,1.0,10.2,25.9,63.4,110.2,154.5,178.3,324.0,161.8,22.6,22.5,0.1,1074.4,11.2,199.4,818.6,45.2,2019,,BURDWAN,
West Bengal,Burdwan,IMD110-P2017,1970,14.4,2.1,15.5,1.9,25.0,248.8,227.2,202.9,544.3,215.5,3.9,0.0,1501.5,16.5,42.4,1223.3,219.4,2019,,BURDWAN,
West Bengal,Burdwan,IMD110-P2017,1971,31.0,17.9,2.6,129.6,118.8,191.5,437.0,549.0,246.9,56.3,22.0,0.0,1802.6,48.9,251.0,1424.3,78.3,2019,,BURDWAN,
West Bengal,Burdwan,IMD110-P2017,1972,12.3,52.8,0.0,7.9,2.5,138.6,232.8,468.8,189.3,49.0,5.3,0.0,1159.3,65.1,10.4,1029.4,54.3,2019,,BURDWAN,
West Bengal,Burdwan,IMD110-P2017,1973,1.8,8.8,66.9,18.1,63.2,248.4,242.4,220.8,453.8,186.2,7.5,8.4,1526.0,10.5,148.2,1165.3,202.0,2019,,BURDWAN,
West Bengal,Burdwan,IMD110-P2017,1974,3.3,0.0,47.7,22.2,62.0,71.1,577.2,313.4,243.5,123.6,0.0,0.0,1464.0,3.3,131.9,1205.2,123.6,2019,,BURDWAN,
West Bengal,Burdwan,IMD110-P2017,1975,10.9,10.7,8.2,3.9,82.8,81.9,406.5,208.4,296.0,128.9,0.6,0.0,1238.8,21.6,94.8,992.9,129.5,2019,,BURDWAN,
West Bengal,Burdwan,IMD110-P2017,1976,0.0,26.6,4.8,47.5,79.9,110.6,321.0,258.9,184.6,65.6,6.2,0.0,1105.6,26.6,132.2,875.1,71.7,2019,,BURDWAN,
West Bengal,Burdwan,IMD110-P2017,1977,8.0,21.4,2.6,85.4,131.8,470.7,367.5,253.0,148.9,64.8,35.2,39.6,1628.9,29.4,219.8,1240.0,139.6,2019,,BURDWAN,
West Bengal,Burdwan,IMD110-P2017,1978,1.7,31.0,34.3,37.4,70.9,303.2,267.9,279.9,756.5,161.8,3.9,4.9,1953.5,32.7,142.6,1607.6,170.6,2019,,BURDWAN,
West Bengal,Burdwan,IMD110-P2017,1979,12.3,42.0,10.8,25.4,19.6,116.8,228.6,235.0,243.7,62.9,21.3,18.1,1036.6,54.3,55.7,824.2,102.3,2019,,BURDWAN,
West Bengal,Burdwan,IMD110-P2017,1980,12.1,10.7,54.0,26.5,138.5,309.0,360.4,272.2,159.6,168.6,0.0,0.0,1511.7,22.8,219.1,1101.2,168.6,2019,,BURDWAN,
West Bengal,Burdwan,IMD110-P2017,1981,29.1,104.2,31.6,88.9,170.5,96.6,346.5,235.9,224.3,9.6,6.9,41.4,1385.4,133.2,291.0,903.3,57.9,2019,,BURDWAN,
West Bengal,Burdwan,IMD110-P2017,1982,0.0,5.6,86.0,52.1,59.1,203.7,101.7,265.4,78.9,24.0,13.6,0.0,890.0,5.6,197.1,649.7,37.7,2019,,BURDWAN,
West Bengal,Burdwan,IMD110-P2017,1983,3.2,13.7,74.0,70.2,154.4,178.9,206.1,311.0,255.1,198.6,0.0,17.7,1482.7,16.9,298.5,951.0,216.3,2019,,BURDWAN,
West Bengal,Burdwan,IMD110-P2017,1984,19.1,3.4,0.0,36.3,94.4,577.1,364.1,382.6,215.9,103.0,0.0,0.0,1795.8,22.5,130.7,1539.6,103.0,2019,,BURDWAN,
West Bengal,Burdwan,IMD110-P2017,1985,7.2,8.3,27.9,8.9,177.8,277.1,257.6,241.2,127.4,134.3,0.0,0.0,1267.8,15.6,214.7,903.4,134.3,2019,,BURDWAN,
West Bengal,Burdwan,IMD110-P2017,1986,5.1,1.9,3.8,37.1,139.2,195.0,250.8,101.6,268.0,140.2,39.5,27.7,1209.9,7.0,180.1,815.4,207.4,2019,,BURDWAN,
West Bengal,Burdwan,IMD110-P2017,1987,1.8,6.3,7.9,67.8,58.3,133.1,266.7,451.1,234.7,31.1,3.9,9.9,1272.6,8.2,134.0,1085.5,44.9,2019,,BURDWAN,
West Bengal,Burdwan,IMD110-P2017,1988,2.4,28.0,57.6,23.6,64.1,240.4,229.9,278.3,168.0,54.5,13.1,0.0,1159.8,30.3,145.3,916.6,67.6,2019,,BURDWAN,
West Bengal,Burdwan,IMD110-P2017,1989,0.5,0.1,4.6,0.3,81.8,246.2,311.9,275.7,252.3,24.0,1.3,32.1,1230.7,0.5,86.7,1086.1,57.4,2019,,BURDWAN,
West Bengal,Burdwan,IMD110-P2017,1990,0.0,65.6,37.0,31.9,79.8,174.0,457.8,188.9,265.4,87.9,4.6,3.6,1396.4,65.6,148.7,1086.0,96.1,2019,,BURDWAN,
West Bengal,Burdwan,IMD110-P2017,1991,14.8,12.3,20.7,38.1,30.5,178.8,273.3,243.0,289.4,140.6,0.6,85.9,1327.9,27.1,89.2,984.5,227.1,2019,,BURDWAN,
West Bengal,Burdwan,IMD110-P2017,1992,5.2,42.5,0.0,55.8,83.1,140.3,297.6,207.3,146.6,43.2,9.7,0.0,1031.3,47.7,138.9,791.8,52.8,2019,,BURDWAN,
West Bengal,Burdwan,IMD110-P2017,1993,0.0,12.1,14.5,40.6,75.0,230.9,230.2,469.2,296.8,91.2,35.5,0.0,1495.9,12.1,130.1,1227.1,126.7,2019,,BURDWAN,
West Bengal,Burdwan,IMD110-P2017,1994,29.7,43.2,17.1,100.1,65.9,282.1,221.5,285.1,142.6,29.8,0.0,0.0,1217.1,72.9,183.1,931.3,29.8,2019,,BURDWAN,
West Bengal,Burdwan,IMD110-P2017,1995,17.6,25.2,3.1,0.0,52.2,73.6,500.0,351.0,375.2,44.7,79.7,2.8,1525.1,42.8,55.3,1299.8,127.2,2019,,BURDWAN,
West Bengal,Burdwan,IMD110-P2017,1996,14.6,7.1,5.6,17.9,89.4,310.8,212.1,388.5,124.1,71.4,0.0,0.0,1241.5,21.7,112.9,1035.5,71.4,2019,,BURDWAN,
West Bengal,Burdwan,IMD110-P2017,1997,14.6,44.8,17.0,92.5,90.0,189.8,324.8,264.2,210.1,33.3,51.0,18.2,1350.3,59.4,199.5,988.8,102.6,2019,,BURDWAN,
West Bengal,Burdwan,IMD110-P2017,1998,48.1,15.2,80.0,52.5,49.7,119.0,292.2,346.4,215.8,171.5,21.6,0.0,1412.0,63.3,182.1,973.4,193.2,2019,,BURDWAN,
West Bengal,Burdwan,IMD110-P2017,1999,0.0,0.0,0.0,1.6,176.8,408.6,450.5,451.7,453.5,95.7,6.1,0.0,2044.3,0.0,178.3,1764.3,101.7,2019,,BURDWAN,
West Bengal,Burdwan,IMD110-P2017,2000,1.1,33.2,7.0,54.9,179.2,207.8,392.2,145.0,497.4,17.4,0.0,0.0,1535.1,34.3,241.1,1242.4,17.4,2019,,BURDWAN,
West Bengal,Burdwan,IMD110-P2017,2001,0.0,0.0,43.9,38.4,155.3,400.3,148.8,297.0,179.3,124.7,0.0,0.0,1387.7,0.0,237.6,1025.4,124.7,2019,,BURDWAN,
West Bengal,Burdwan,IMD110-P2017,2002,16.0,0.0,30.3,66.4,92.1,288.0,269.3,206.9,245.6,18.8,7.4,0.0,1240.9,16.0,188.8,1009.9,26.2,2020,,BURDWAN,
West Bengal,Burdwan,IMD110-P2017,2003,6.0,5.6,53.4,103.2,0.0,353.6,,115.8,164.2,315.9,0.0,0.0,,11.6,156.6,,315.9,2020,missing_months,BURDWAN,
West Bengal,Burdwan,IMD110-P2017,2004,0.0,0.0,84.2,20.2,77.5,100.1,,486.9,312.5,,0.0,0.0,,0.0,181.9,,,2020,missing_months,BURDWAN,
West Bengal,Burdwan,IMD110-P2017,2005,26.8,42.1,29.3,5.4,30.3,606.1,404.0,215.2,6.3,65.8,0.0,,,68.9,65.0,1231.6,,2020,missing_months,BURDWAN,
West Bengal,Burdwan,IMD110-P2017,2006,0.0,0.0,0.0,,76.2,,571.2,513.2,491.8,0.0,0.0,0.0,,0.0,,,0.0,2020,missing_months,BURDWAN,
West Bengal,Burdwan,IMD110-P2017,2007,,79.3,,,0.0,,508.1,468.1,,72.1,17.4,0.0,,,,,89.5,2020,missing_months,BURDWAN,
West Bengal,Burdwan,IMD110-P2017,2008,,,,,,309.4,389.4,,290.7,61.7,0.0,0.0,,,,,61.7,2020,missing_months,BURDWAN,
West Bengal,Burdwan,IMD110-P2017,2009,0.0,0.0,48.8,0.0,247.8,49.1,240.0,324.0,281.7,0.0,0.0,0.0,1191.5,0.0,296.6,894.9,0.0,2020,,BURDWAN,
West Bengal,Burdwan,IMD110-P2017,2010,,,,,93.2,146.3,172.7,126.2,220.6,55.7,9.7,45.3,,,,665.8,110.8,2020,missing_months,BURDWAN,
West Bengal,Cooch Behar,IMD110-P2021,1901,20.3,33.5,11.3,48.4,271.6,720.8,457.0,577.2,275.5,36.5,14.0,1.5,2467.7,53.8,331.4,2030.5,52.0,2021,,COOCH BEHAR,
West Bengal,Cooch Behar,IMD110-P2021,1902,0.7,0.0,122.1,147.1,434.2,631.7,839.4,780.6,1000.9,58.5,0.0,0.0,4015.3,0.7,703.4,3252.7,58.5,2021,,COOCH BEHAR,
West Bengal,Cooch Behar,IMD110-P2021,1903,10.4,9.5,36.8,0.5,289.4,861.6,495.9,588.8,643.5,117.6,0.0,0.0,3054.0,19.9,326.7,2589.8,117.6,2021,,COOCH BEHAR,
West Bengal,Cooch Behar,IMD110-P2021,1904,1.2,49.3,0.0,208.4,462.0,288.3,491.0,541.7,312.1,322.1,2.5,0.4,2678.9,50.4,670.3,1633.2,325.0,2021,,COOCH BEHAR,
West Bengal,Cooch Behar,IMD110-P2021,1905,0.7,17.3,59.1,132.0,237.9,1105.6,491.3,1196.1,318.9,120.5,0.0,9.2,3688.6,18.1,429.0,3111.8,129.8,2021,,COOCH BEHAR,
West Bengal,Cooch Behar,IMD110-P2021,1906,1.0,36.2,23.2,10.6,272.0,633.9,860.6,957.0,239.6,200.1,0.0,0.0,3234.3,37.2,305.8,2691.2,200.1,2021,,COOCH BEHAR,
West Bengal,Cooch Behar,IMD110-P2021,1907,0.0,12.4,52.3,170.0,229.6,387.8,1052.0,457.0,770.4,69.1,0.0,9.5,3210.0,12.4,451.9,2667.2,78.5,2021,,COOCH BEHAR,
West Bengal,Cooch Behar,IMD110-P2021,1908,6.7,13.4,7.3,49.0,466.9,456.8,451.0,201.7,632.0,20.9,1.9,0.0,2307.6,20.2,523.1,1741.5,22.8,2021,,COOCH BEHAR,
West Bengal,Cooch Behar,IMD110-P2021,1909,0.9,6.6,0.0,160.8,320.4,1179.4,342.7,438.1,396.0,201.5,0.0,0.0,3046.4,7.5,481.2,2356.2,201.5,2021,,COOCH BEHAR,
West Bengal,Cooch Behar,IMD110-P2021,1910,0.3,2.6,87.1,62.5,351.3,1021.2,1033.8,400.8,341.5,208.9,0.0,0.0,3510.0,2.9,500.9,2797.3,208.9,2021,,COOCH BEHAR,
West Bengal,Cooch Behar,IMD110-P2021,1911,40.0,1.1,48.7,162.0,426.3,693.3,893.3,419.4,639.3,602.4,2.8,0.0,3928.6,41.1,637.0,2645.3,605.2,2021,,COOCH BEHAR,
West Bengal,Cooch Behar,IMD110-P2021,1912,0.7,14.1,104.2,258.1,442.6,527.1,997.3,531.3,380.8,180.8,140.8,0.0,3577.8,14.8,805.0,2436.5,321.5,2021,,COOCH BEHAR,
West Bengal,Cooch Behar,IMD110-P2021,1913,0.0,50.3,37.0,66.5,325.0,873.8,694.8,332.2,722.6,128.1,8.0,33.3,3271.6,50.3,428.5,2623.4,169.4,2021,,COOCH BEHAR,
West Bengal,Cooch Behar,IMD110-P2021,1914,0.0,98.6,7.8,176.3,218.0,573.3,173.5,781.3,625.1,62.7,2.0,1.1,2719.6,98.6,402.1,2153.2,65.7,2021,,COOCH BEHAR,
West Bengal,Cooch Behar,IMD110-P2021,1915,0.1,50.0,76.8,97.0,592.7,314.1,423.1,671.3,311.7,148.1,0.8,0.0,2685.8,50.1,766.6,1720.3,148.9,2021,,COOCH BEHAR,
West Bengal,Cooch Behar,IMD110-P2021,1916,4.5,23.6,1.7,263.9,573.2,769.0,1288.6,517.2,738.2,153.3,2.5,0.0,4335.7,28.1,838.8,3312.9,155.8,2021,,COOCH BEHAR,
West Bengal,Cooch Behar,IMD110-P2021,1917,0.2,37.4,5.0,34.3,165.7,850.4,541.2,333.6,394.8,372.2,0.2,0.0,2734.8,37.5,204.9,2120.0,372.4,2021,,COOCH BEHAR,
West Bengal,Cooch Behar,IMD110-P2021,1918,1.9,0.1,3.9,214.0,318.2,793.6,958.6,652.6,274.4,18.9,0.1,0.0,3236.1,2.0,536.0,2679.2,18.9,2021,,COOCH BEHAR,
West Bengal,Cooch Behar,IMD110-P2021,1919,18.5,0.1,5.7,90.4,190.8,724.5,644.8,218.8,540.8,262.8,0.1,0.0,2697.4,18.6,287.0,2129.0,262.9,2021,,COOCH BEHAR,
West Bengal,Cooch Behar,IMD110-P2021,1920,0.0,21.7,63.1,92.8,247.0,978.4,420.5,976.3,925.5,308.6,0.0,0.0,4034.1,21.7,403.0,3300.8,308.6,2021,,COOCH BEHAR,
West Bengal,Cooch Behar,IMD110-P2021,1921,41.4,5.7,98.8,361.8,878.5,578.8,1439.1,412.9,569.8,242.1,0.8,0.2,4629.8,47.1,1339.1,3000.6,243.0,2021,,COOCH BEHAR,
West Bengal,Cooch Behar,IMD110-P2021,1922,18.1,0.9,4.6,78.9,204.6,971.7,828.9,632.7,399.8,63.3,0.2,0.3,3203.8,19.0,288.0,2833.0,63.8,2021,,COOCH BEHAR,
West Bengal,Cooch Behar,IMD110-P2021,1923,0.0,41.6,0.6,193.3,516.6,493.2,519.4,259.0,775.4,93.2,0.0,2.7,2895.1,41.6,710.6,2047.0,96.0,2021,,COOCH BEHAR,
West Bengal,Cooch Behar,IMD110-P2021,1924,0.0,1.0,0.1,193.7,412.9,1243.2,802.2,530.8,432.7,103.2,75.3,0.0,3795.1,1.0,606.8,3008.9,178.4,2021,,COOCH BEHAR,
West Bengal,Cooch Behar,IMD110-P2021,1925,0.3,3.5,5.9,235.5,291.4,805.9,386.0,731.6,612.2,48.9,9.0,0.0,3130.3,3.8,532.7,2535.8,57.9,2021,,COOCH BEHAR,
West Bengal,Cooch Behar,IMD110-P2021,1926,11.8,0.0,70.9,43.8,226.8,1106.8,883.5,250.5,214.2,133.4,0.0,11.5,2953.2,11.8,341.5,2455.0,144.9,2021,,COOCH BEHAR,
West Bengal,Cooch Behar,IMD110-P2021,1927,4.0,17.6,43.1,58.5,404.4,1158.2,679.3,361.5,709.3,82.7,17.5,0.0,3536.1,21.6,506.1,2908.3,100.2,2021,,COOCH BEHAR,
West Bengal,Cooch Behar,IMD110-P2021,1928,6.4,8.6,8.8,168.7,271.7,526.2,881.4,792.2,558.5,332.2,36.9,0.0,3591.6,15.0,449.2,2758.2,369.1,2021,,COOCH BEHAR,
West Bengal,Cooch Behar,IMD110-P2021,1929,44.0,0.0,25.5,149.9,355.1,505.6,594.3,224.1,447.8,496.5,0.8,2.9,2846.5,44.0,530.6,1771.7,500.2,2021,,COOCH BEHAR,
West Bengal,Cooch Behar,IMD110-P2021,1930,7.5,9.6,67.5,71.3,219.0,787.3,256.4,459.2,312.1,246.7,44.2,0.0,2480.9,17.1,357.8,1815.0,290.9,2021,,COOCH BEHAR,
West Bengal,Cooch Behar,IMD110-P2021,1931,0.0,8.0,54.7,169.7,558.9,929.0,1049.7,403.7,650.6,160.5,0.0,5.3,3990.1,8.0,783.3,3033.0,165.8,2021,,COOCH BEHAR,
West Bengal,Cooch Behar,IMD110-P2021,1932,0.0,7.6,8.5,90.4,416.5,978.5,445.5,607.3,553.3,166.8,153.6,42.7,3470.8,7.6,515.4,2584.7,363.1,2021,,COOCH BEHAR,
West Bengal,Cooch Behar,IMD110-P2021,1933,22.3,19.1,0.0,127.0,242.8,755.8,726.6,552.8,342.7,182.0,0.4,0.0,2971.6,41.4,369.9,2377.9,182.4,2021,,COOCH BEHAR,
West Bengal,Cooch Behar,IMD110-P2021,1934,6.3,72.3,0.3,100.0,340.5,525.9,1047.3,534.1,565.2,179.3,1.0,0.4,3372.6,78.6,440.8,2672.4,180.8,2022,,COOCH BEHAR,
West Bengal,Cooch Behar,IMD110-P2021,1935,3.2,23.7,4.7,53.8,474.3,794.3,270.4,987.6,682.7,12.4,0.7,0.0,3307.7,26.9,532.7,2734.9,13.1,2022,,COOCH BEHAR,
West Bengal,Cooch Behar,IMD110-P2021,1936,0.0,9.1,82.8,123.6,294.6,558.7,820.8,411.2,450.6,97.6,0.0,2.3,2851.4,9.1,501.0,2241.4,99.8,2022,,COOCH BEHAR,
West Bengal,Cooch Behar,IMD110-P2021,1937,0.0,51.3,0.0,83.6,339.5,307.5,448.2,690.3,344.6,269.2,0.6,0.1,2534.9,51.3,423.1,1790.7,269.8,2022,,COOCH BEHAR,
West Bengal,Cooch Behar,IMD110-P2021,1938,0.0,8.7,1.5,110.7,490.0,943.7,877.6,328.4,446.6,149.4,0.1,0.0,3356.7,8.7,602.2,2596.3,149.5,2022,,COOCH BEHAR,
West Bengal,Cooch Behar,IMD110-P2021,1939,0.0,11.3,0.0,14.6,439.8,667.2,673.2,420.1,319.7,117.9,9.2,0.0,2673.0,11.3,454.4,2080.2,127.1,2022,,COOCH BEHAR,
West Bengal,Cooch Behar,IMD110-P2021,1940,0.0,37.8,135.5,37.6,318.3,569.9,674.3,332.7,647.5,0.0,6.6,1.3,2761.6,37.8,491.4,2224.5,7.9,2022,,COOCH BEHAR,
West Bengal,Cooch Behar,IMD110-P2021,1941,0.1,12.1,1.0,147.4,489.4,836.4,606.4,657.3,708.5,68.0,25.1,0.0,3551.7,12.1,637.8,2808.7,93.1,2022,,COOCH BEHAR,
West Bengal,Cooch Behar,IMD110-P2021,1942,6.8,7.1,70.3,256.2,401.4,828.7,205.3,226.1,480.3,47.3,0.0,0.0,2529.7,14.0,728.0,1740.4,47.3,2022,,COOCH BEHAR,
West Bengal,Cooch Behar,IMD110-P2021,1943,36.7,58.9,31.9,222.1,245.3,1020.6,585.4,541.3,836.3,33.4,0.7,0.0,3612.5,95.7,499.3,2983.5,34.1,2022,,COOCH BEHAR,
West Bengal,Cooch Behar,IMD110-P2021,1944,27.4,6.8,48.2,101.6,393.7,750.9,479.6,270.5,880.3,63.9,4.1,0.0,3027.0,34.3,543.5,2381.3,68.0,2022,,COOCH BEHAR,
West Bengal,Cooch Behar,IMD110-P2021,1945,50.6,14.0,3.4,77.3,600.0,418.4,472.4,857.0,484.6,273.0,0.0,0.0,3250.7,64.6,680.7,2232.4,273.0,2022,,COOCH BEHAR,
West Bengal,Cooch Behar,IMD110-P2021,1946,0.0,9.0,56.1,187.1,282.1,527.2,620.2,336.5,346.1,353.5,3.3,0.0,2721.1,9.0,525.3,1830.0,356.8,2022,,COOCH BEHAR,
West Bengal,Cooch Behar,IMD110-P2021,1947,0.0,0.0,50.0,87.6,253.9,341.8,717.8,299.0,507.7,185.6,0.0,0.0,2443.5,0.0,391.6,1866.4,185.6,2022,,COOCH BEHAR,
West Bengal,Cooch Behar,IMD110-P2021,1948,0.0,17.3,35.7,274.1,500.1,713.1,851.4,503.9,270.4,210.9,18.5,0.0,3395.5,17.3,809.9,2338.8,229.4,2022,,COOCH BEHAR,
West Bengal,Cooch Behar,IMD110-P2021,1949,0.0,22.2,7.3,363.8,463.2,855.1,633.2,559.4,196.6,521.8,0.0,0.0,3622.7,22.2,834.4,2244.3,521.8,2022,,COOCH BEHAR,
West Bengal,Cooch Behar,IMD110-P2021,1950,0.0,30.7,13.3,19.2,311.0,794.6,411.2,693.2,377.9,227.4,0.1,0.0,2878.5,30.7,343.5,2276.9,227.4,2022,,COOCH BEHAR,
West Bengal,Cooch Behar,IMD110-P2021,1951,0.7,0.0,30.8,56.1,303.1,757.3,982.7,429.4,332.3,116.9,38.2,0.0,3047.4,0.7,390.0,2501.7,155.1,2022,,COOCH BEHAR,
West Bengal,Cooch Behar,IMD110-P2021,1952,0.0,14.2,93.1,104.6,660.7,428.6,573.4,391.9,402.5,130.3,50.1,0.0,2849.5,14.2,858.4,1796.4,180.5,2022,,COOCH BEHAR,
West Bengal,Cooch Behar,IMD110-P2021,1953,15.4,5.5,71.5,94.7,318.4,680.1,734.4,318.5,515.9,141.1,0.0,5.4,2900.8,20.9,484.5,2248.9,146.5,2022,,COOCH BEHAR,
West Bengal,Cooch Behar,IMD110-P2021,1954,11.5,13.9,1.0,88.2,509.8,1183.5,1130.5,269.5,178.7,76.8,0.0,0.0,3463.5,25.4,599.0,2762.3,76.8,2022,,COOCH BEHAR,
West Bengal,Cooch Behar,IMD110-P2021,1955,0.0,0.0,44.4,97.6,371.0,528.5,1382.0,688.7,233.4,26.8,0.0,0.0,3372.4,0.0,513.0,2832.6,26.8,2022,,COOCH BEHAR,
West Bengal,Cooch Behar,IMD110-P2021,1956,7.9,3.1,47.7,208.3,655.1,934.7,503.1,487.2,198.2,277.5,24.8,1.1,3348.7,11.0,911.0,2123.1,303.5,2022,,COOCH BEHAR,
West Bengal,Cooch Behar,IMD110-P2021,1957,89.9,8.6,3.1,3.5,204.1,497.2,606.2,635.0,125.6,81.8,0.0,0.0,2255.0,98.5,210.6,1864.1,81.8,2022,,COOCH BEHAR,
West Bengal,Cooch Behar,IMD110-P2021,1958,0.7,8.6,12.4,148.2,388.7,903.2,249.8,1123.3,434.3,249.9,0.0,10.8,3529.9,9.2,549.3,2710.7,260.7,2022,,COOCH BEHAR,
West Bengal,Cooch Behar,IMD110-P2021,1959,45.0,0.0,50.5,100.8,208.0,725.7,470.5,205.5,288.5,468.1,0.0,0.0,2562.7,45.0,359.3,1690.2,468.1,2022,,COOCH BEHAR,
West Bengal,Cooch Behar,IMD110-P2021,1960,0.0,0.0,38.1,2.0,352.0,438.2,672.4,160.0,964.8,92.7,0.0,0.0,2720.2,0.0,392.1,2235.4,92.7,2022,,COOCH BEHAR,
West Bengal,Cooch Behar,IMD110-P2021,1961,4.6,30.2,32.9,87.5,624.0,544.1,670.4,575.5,349.1,175.5,0.0,2.8,3096.7,34.8,744.4,2139.1,178.3,2022,,COOCH BEHAR,
West Bengal,Cooch Behar,IMD110-P2021,1962,15.4,21.2,10.4,70.6,511.5,785.1,550.6,932.5,153.7,158.7,0.0,0.0,3209.7,36.6,592.5,2421.8,158.7,2022,,COOCH BEHAR,
West Bengal,Cooch Behar,IMD110-P2021,1963,0.0,0.0,49.2,129.1,345.0,700.9,769.5,749.9,239.1,30.1,37.3,0.0,3050.1,0.0,523.3,2459.4,67.4,2022,,COOCH BEHAR,
West Bengal,Cooch Behar,IMD110-P2021,1964,0.0,0.2,6.3,208.4,167.5,1084.3,1263.2,556.0,671.3,206.6,0.8,0.0,4164.4,0.2,382.2,3574.7,207.4,2022,,COOCH BEHAR,
West Bengal,Cooch Behar,IMD110-P2021,1965,0.0,25.8,82.7,136.7,385.4,775.1,785.3,1279.3,391.4,68.3,92.3,0.0,4022.1,25.8,604.7,3231.0,160.6,2022,,COOCH BEHAR,
West Bengal,Cooch Behar,IMD110-P2021,1966,17.3,5.8,4.9,83.8,418.0,908.3,1287.0,1164.3,279.3,130.9,4.5,6.2,4310.1,23.1,506.7,3638.8,141.5,2022,,COOCH BEHAR,
West Bengal,Cooch Behar,IMD110-P2021,1967,0.0,0.0,132.0,143.9,575.2,1107.5,1085.1,261.6,262.8,239.3,0.6,0.0,3808.0,0.0,851.1,2717.0,239.9,2022,,COOCH BEHAR,
West Bengal,Cooch Behar,IMD110-P2021,1968,10.6,2.5,19.4,73.7,445.5,767.7,1078.3,604.5,892.3,493.7,3.0,0.0,4391.1,13.1,538.6,3342.7,496.8,2023,,COOCH BEHAR,
West Bengal,Cooch Behar,IMD110-P2021,1969,11.0,0.3,95.3,104.8,495.5,780.5,815.5,583.0,443.1,42.4,14.1,0.0,3385.6,11.3,695.7,2622.1,56.6,2023,,COOCH BEHAR,
West Bengal,Cooch Behar,IMD110-P2021,1970,7.3,12.9,3.1,142.0,169.8,885.3,723.6,250.4,1131.9,85.3,0.6,0.0,3412.2,20.2,314.9,2991.2,85.9,2023,,COOCH BEHAR,
West Bengal,Cooch Behar,IMD110-P2021,1971,3.5,2.5,59.5,292.8,247.1,1115.7,685.3,587.0,375.7,414.0,28.0,7.9,3818.9,6.1,599.3,2763.6,449.9,2023,,COOCH BEHAR,
West Bengal,Cooch Behar,IMD110-P2021,1972,2.5,29.6,32.8,160.2,559.5,821.9,958.9,296.0,574.0,45.6,5.2,0.0,3486.3,32.1,752.5,2650.8,50.8,2023,,COOCH BEHAR,
West Bengal,Cooch Behar,IMD110-P2021,1973,5.3,20.0,24.6,91.3,374.9,1077.8,496.6,581.7,504.8,295.8,17.9,4.1,3494.7,25.4,490.7,2660.9,317.8,2023,,COOCH BEHAR,
West Bengal,Cooch Behar,IMD110-P2021,1974,30.8,0.0,109.6,330.6,429.6,667.2,678.1,1086.2,769.4,211.7,3.8,0.1,4317.1,30.8,869.8,3200.9,215.6,2023,,COOCH BEHAR,
West Bengal,Cooch Behar,IMD110-P2021,1975,50.9,11.2,8.6,103.3,302.1,764.3,1050.8,282.9,827.4,275.1,0.0,0.0,3676.8,62.1,414.1,2925.5,275.1,2023,,COOCH BEHAR,
West Bengal,Cooch Behar,IMD110-P2021,1976,4.1,22.6,7.4,135.3,239.9,912.1,669.1,666.1,224.8,103.7,35.0,0.0,3020.1,26.6,382.6,2472.1,138.7,2023,,COOCH BEHAR,
West Bengal,Cooch Behar,IMD110-P2021,1977,0.6,12.6,49.7,350.9,280.1,518.9,525.9,907.7,405.1,206.4,63.8,7.8,3329.5,13.2,680.8,2357.6,278.0,2023,,COOCH BEHAR,
West Bengal,Cooch Behar,IMD110-P2021,1978,1.5,5.0,13.9,141.6,294.7,352.3,910.9,227.7,507.9,64.9,27.1,0.1,2547.6,6.4,450.3,1998.8,92.1,2023,,COOCH BEHAR,
West Bengal,Cooch Behar,IMD110-P2021,1979,0.7,5.5,3.4,120.8,192.4,260.6,832.0,552.8,563.0,316.6,12.4,43.3,2903.4,6.2,316.6,2208.3,372.3,2023,,COOCH BEHAR,
West Bengal,Cooch Behar,IMD110-P2021,1980,0.0,15.6,44.2,57.7,276.3,490.5,791.8,624.8,253.7,85.5,0.0,0.0,2640.1,15.6,378.2,2160.9,85.5,2023,,COOCH BEHAR,
West Bengal,Cooch Behar,IMD110-P2021,1981,16.4,18.3,32.9,265.5,304.4,675.8,864.1,614.1,407.0,13.9,0.3,21.0,3233.6,34.7,602.8,2560.9,35.2,2023,,COOCH BEHAR,
West Bengal,Cooch Behar,IMD110-P2021,1982,0.0,0.4,38.3,203.3,232.9,560.2,1138.0,219.1,463.5,36.8,14.8,6.3,2913.5,0.4,474.5,2380.8,57.9,2023,,COOCH BEHAR,
West Bengal,Cooch Behar,IMD110-P2021,1983,20.4,29.8,39.5,162.8,542.0,802.8,1569.8,623.9,1156.4,80.6,0.0,29.0,5057.0,50.2,744.3,4152.9,109.6,2023,,COOCH BEHAR,
West Bengal,Cooch Behar,IMD110-P2021,1984,46.2,18.9,21.0,289.8,748.2,657.7,1632.2,590.3,1345.5,267.5,1.1,22.6,5640.9,65.1,1058.9,4225.7,291.2,2023,,COOCH BEHAR,
West Bengal,Cooch Behar,IMD110-P2021,1985,0.0,42.5,63.3,79.6,523.5,993.2,1475.4,445.3,563.0,231.5,34.3,34.6,4486.1,42.5,666.3,3476.9,300.4,2023,,COOCH BEHAR,
West Bengal,Cooch Behar,IMD110-P2021,1986,0.3,5.2,5.1,150.3,165.0,568.8,614.4,492.0,739.1,213.3,23.3,8.0,2984.7,5.4,320.3,2414.3,244.6,2023,,COOCH BEHAR,
West Bengal,Cooch Behar,IMD110-P2021,1987,0.6,34.1,93.9,132.9,213.1,739.3,904.5,1076.4,630.3,226.1,12.9,0.4,4064.6,34.6,440.0,3350.6,239.4,2023,,COOCH BEHAR,
West Bengal,Cooch Behar,IMD110-P2021,1988,2.7,58.3,41.8,141.5,290.8,429.9,1214.2,1491.2,780.2,92.3,6.2,0.1,4549.1,61.0,474.1,3915.4,98.6,2023,,COOCH BEHAR,
West Bengal,Cooch Behar,IMD110-P2021,1989,10.6,33.2,5.7,26.0,571.7,750.3,884.2,512.6,678.3,92.5,31.5,10.0,3606.4,43.8,603.4,2825.3,133.9,2023,,COOCH BEHAR,
West Bengal,Cooch Behar,IMD110-P2021,1990,1.6,54.8,86.5,153.5,428.6,560.0,1126.0,2895.8,627.4,138.5,0.0,0.0,6072.6,56.3,668.5,5209.2,138.5,2023,,COOCH BEHAR,
West Bengal,Cooch Behar,IMD110-P2021,1991,38.5,10.3,35.8,60.4,200.9,739.7,574.4,511.3,929.7,45.4,0.7,14.6,3161.6,48.8,297.0,2755.0,60.7,2023,,COOCH BEHAR,
West Bengal,Cooch Behar,IMD110-P2021,1992,2.0,21.7,1.8,119.6,302.0,491.4,831.5,438.4,234.2,114.4,0.0,7.3,2564.3,23.6,423.4,1995.5,121.7,2023,,COOCH BEHAR,
West Bengal,Cooch Behar,IMD110-P2021,1993,36.5,26.9,45.2,253.0,340.9,507.1,1310.9,482.8,271.0,309.2,0.4,0.0,3584.0,63.4,639.1,2571.9,309.6,2023,,COOCH BEHAR,
West Bengal,Cooch Behar,IMD110-P2021,1994,35.0,43.2,57.5,160.8,446.5,369.1,365.3,469.3,181.7,43.6,0.0,0.0,2172.0,78.3,664.8,1385.4,43.6,2023,,COOCH BEHAR,
West Bengal,Cooch Behar,IMD110-P2021,1995,5.2,16.8,10.6,76.3,317.6,877.2,874.6,716.4,664.2,101.7,47.8,9.4,3717.7,22.0,404.5,3132.3,158.8,2023,,COOCH BEHAR,
West Bengal,Cooch Behar,IMD110-P2021,1996,16.4,4.1,0.9,88.5,607.0,369.2,1293.9,619.7,301.3,74.1,0.0,0.0,3374.9,20.5,696.3,2584.0,74.1,2023,,COOCH BEHAR,
West Bengal,Cooch Behar,IMD110-P2021,1997,9.8,5.8,61.4,131.7,197.6,845.6,560.8,427.4,484.0,24.8,31.4,42.8,2823.2,15.6,390.7,2317.8,99.0,2023,,COOCH BEHAR,
West Bengal,Cooch Behar,IMD110-P2021,1998,0.0,3.3,77.6,183.3,271.2,707.2,823.8,888.4,1009.4,115.8,8.8,0.0,4088.8,3.3,532.0,3428.8,124.6,2023,,COOCH BEHAR,
West Bengal,Cooch Behar,IMD110-P2021,1999,0.0,0.0,0.8,166.9,375.0,616.6,842.3,937.2,211.9,276.1,5.5,0.3,3432.4,0.0,542.6,2608.0,281.8,2023,,COOCH BEHAR,
West Bengal,Cooch Behar,IMD110-P2021,2000,2.2,25.7,11.6,99.9,259.2,844.9,914.4,465.3,494.1,77.1,19.1,0.0,3213.5,27.9,370.7,2718.8,96.2,2023,,COOCH BEHAR,
West Bengal,Cooch Behar,IMD110-P2021,2001,0.3,0.0,53.2,163.4,520.2,567.8,309.8,292.1,396.8,309.0,10.3,0.0,2622.9,0.3,736.7,1566.6,319.3,2023,,COOCH BEHAR,
West Bengal,Cooch Behar,IMD110-P2021,2002,28.1,0.2,117.4,320.3,187.8,533.8,987.9,204.5,435.2,55.2,4.8,0.0,2875.0,28.3,625.5,2161.4,59.9,2024,,COOCH BEHAR,
West Bengal,Cooch Behar,IMD110-P2021,2003,8.4,60.9,51.9,173.0,239.6,773.7,754.8,412.8,277.5,176.3,2.8,17.5,2949.0,69.3,464.5,2218.8,196.5,2024,,COOCH BEHAR,
West Bengal,Cooch Behar,IMD110-P2021,2004,6.8,1.0,9.6,189.3,325.9,578.2,1206.1,287.9,642.3,187.9,6.5,0.0,3441.3,7.8,524.7,2714.4,194.4,2024,,COOCH BEHAR,
West Bengal,Cooch Behar,IMD110-P2021,2005,22.3,6.8,66.2,212.6,356.1,682.2,685.0,669.8,248.6,527.3,0.2,0.0,3477.2,29.1,635.0,2285.6,527.5,2024,,COOCH BEHAR,
West Bengal,Cooch Behar,IMD110-P2021,2006,0.2,2.2,6.0,44.9,343.3,590.8,650.2,118.9,506.5,165.5,14.6,6.2,2449.3,2.4,394.1,1866.4,186.3,2024,,COOCH BEHAR,
West Bengal,Cooch Behar,IMD110-P2021,2007,0.0,47.0,22.0,179.1,215.9,500.9,615.6,494.1,482.2,87.4,0.0,0.1,2644.4,47.0,417.1,2092.8,87.5,2024,,COOCH BEHAR,
West Bengal,Cooch Behar,IMD110-P2021,2008,40.7,14.2,60.0,136.4,219.6,459.4,615.1,1020.3,317.6,157.6,0.0,0.0,3041.0,54.9,416.0,2412.5,157.6,2024,,COOCH BEHAR,
West Bengal,Cooch Behar,IMD110-P2021,2009,0.0,0.0,29.5,45.3,251.1,440.5,385.3,606.5,181.6,265.8,1.0,0.1,2206.7,0.0,325.9,1613.8,266.9,2024,,COOCH BEHAR,
West Bengal,Cooch Behar,IMD110-P2021,2010,0.1,0.0,32.2,247.3,430.2,592.5,620.1,406.3,394.5,52.5,2.7,0.0,2778.4,0.1,709.7,2013.4,55.3,2024,,COOCH BEHAR,
West Bengal,Darjeeling,IMD110-P2025,1901,34.8,14.4,35.7,46.9,177.4,590.1,632.7,678.7,217.3,85.3,17.8,9.0,2540.0,49.2,260.0,2118.7,112.1,2025,,DARJEELING,
West Bengal,Darjeeling,IMD110-P2025,1902,4.7,4.4,79.3,139.7,226.3,528.7,893.6,648.8,1113.0,101.5,13.2,0.0,3753.2,9.1,445.3,3184.0,114.7,2025,,DARJEELING,
West Bengal,Darjeeling,IMD110-P2025,1903,5.9,15.8,10.4,31.7,218.6,676.4,502.9,846.6,384.1,194.4,0.1,0.1,2886.8,21.7,260.6,2410.0,194.6,2025,,DARJEELING,
West Bengal,Darjeeling,IMD110-P2025,1904,15.6,23.3,2.8,106.7,346.5,548.0,750.6,658.6,367.8,217.3,5.4,3.3,3045.8,38.8,455.9,2324.9,226.1,2025,,DARJEELING,
West Bengal,Darjeeling,IMD110-P2025,1905,17.1,32.7,41.1,100.0,267.4,428.3,796.9,986.4,540.8,166.7,0.6,36.6,3414.5,49.8,408.5,2752.4,203.8,2025,,DARJEELING,
West Bengal,Darjeeling,IMD110-P2025,1906,1.8,64.3,42.7,16.3,237.2,514.8,874.1,942.2,211.3,51.3,2.7,0.1,2958.6,66.0,296.1,2542.4,54.0,2025,,DARJEELING,
West Bengal,Darjeeling,IMD110-P2025,1907,13.8,30.1,86.0,127.8,196.1,596.8,613.1,463.3,292.1,10.8,20.3,0.6,2450.8,43.8,409.9,1965.3,31.7,2025,,DARJEELING,
West Bengal,Darjeeling,IMD110-P2025,1908,16.6,26.5,44.8,45.7,302.9,417.5,673.5,478.0,431.3,36.9,2.3,0.0,2475.8,43.1,393.3,2000.2,39.2,2025,,DARJEELING,
West Bengal,Darjeeling,IMD110-P2025,1909,3.4,4.5,0.0,201.1,216.0,973.7,606.1,671.1,471.5,114.9,2.1,8.3,3272.7,7.9,417.0,2722.4,125.3,2025,,DARJEELING,
West Bengal,Darjeeling,IMD110-P2025,1910,4.3,8.3,74.2,74.8,185.1,669.1,1054.5,528.2,435.5,200.7,0.3,0.1,3235.2,12.7,334.1,2687.3,201.1,2025,,DARJEELING,
West Bengal,Darjeeling,IMD110-P2025,1911,31.0,13.8,58.4,106.0,359.8,625.8,1030.1,581.5,447.4,186.6,8.7,0.8,3449.7,44.8,524.1,2684.7,196.0,2025,,DARJEELING,
West Bengal,Darjeeling,IMD110-P2025,1912,2.9,9.7,58.7,193.1,216.9,507.2,817.3,704.8,365.3,157.0,222.8,3.3,3259.0,12.7,468.7,2394.6,383.0,2025,,DARJEELING,
West Bengal,Darjeeling,IMD110-P2025,1913,5.2,38.1,88.6,20.7,270.1,954.9,548.3,545.9,367.1,162.7,8.7,64.0,3074.3,43.3,379.5,2416.1,235.4,2025,,DARJEELING,
West Bengal,Darjeeling,IMD110-P2025,1914,10.2,72.8,17.5,154.2,226.7,482.6,667.3,863.5,257.6,54.6,11.3,0.0,2818.2,83.0,398.3,2271.0,65.9,2025,,DARJEELING,
West Bengal,Darjeeling,IMD110-P2025,1915,0.5,72.8,54.2,58.0,377.9,633.0,659.3,747.2,377.5,124.0,17.6,0.5,3122.6,73.4,490.0,2417.1,142.1,2025,,DARJEELING,
West Bengal,Darjeeling,IMD110-P2025,1916,9.6,24.4,1.8,194.3,172.7,788.5,909.1,481.6,654.5,221.8,1.3,0.5,3460.4,34.1,368.9,2833.8,223.6,2025,,DARJEELING,
West Bengal,Darjeeling,IMD110-P2025,1917,1.8,41.7,25.6,34.7,318.5,889.4,976.2,571.8,520.3,364.0,0.5,0.1,3744.6,43.5,378.9,2957.7,364.5,2025,,DARJEELING,
West Bengal,Darjeeling,IMD110-P2025,1918,0.5,9.0,67.2,184.5,332.9,809.3,690.7,885.3,468.7,25.2,1.8,0.6,3475.5,9.5,584.6,2853.9,27.5,2025,,DARJEELING,
West Bengal,Darjeeling,IMD110-P2025,1919,17.8,21.9,20.8,126.5,210.2,721.9,840.4,384.3,576.4,62.9,4.8,0.9,2988.9,39.8,357.5,2523.0,68.7,2025,,DARJEELING,
West Bengal,Darjeeling,IMD110-P2025,1920,2.1,20.9,77.1,69.4,200.4,604.8,646.9,525.2,683.7,78.5,0.1,0.2,2909.3,23.0,347.0,2460.6,78.8,2025,,DARJEELING,
West Bengal,Darjeeling,IMD110-P2025,1921,60.0,2.7,66.7,112.5,253.5,442.6,832.0,515.1,424.3,152.8,0.1,1.8,2864.2,62.7,432.7,2214.1,154.7,2025,,DARJEELING,
West Bengal,Darjeeling,IMD110-P2025,1922,33.2,0.9,13.1,76.5,225.3,896.3,805.8,573.5,336.4,41.0,2.2,16.5,3020.9,34.2,315.0,2612.0,59.8,2025,,DARJEELING,
West Bengal,Darjeeling,IMD110-P2025,1923,0.0,52.8,18.9,101.8,255.3,540.0,818.2,440.5,428.5,50.8,0.0,2.2,2709.1,52.8,376.0,2227.3,53.0,2025,,DARJEELING,
West Bengal,Darjeeling,IMD110-P2025,1924,5.0,10.2,12.6,71.2,209.2,555.6,1015.1,591.9,526.0,101.1,91.6,0.6,3190.1,15.2,293.0,2688.5,193.3,2025,,DARJEELING,
West Bengal,Darjeeling,IMD110-P2025,1925,2.3,0.0,12.4,286.9,208.6,553.5,594.9,765.8,865.5,84.0,14.5,0.0,3388.4,2.3,507.9,2779.7,98.5,2025,,DARJEELING,
West Bengal,Darjeeling,IMD110-P2025,1926,20.5,6.7,75.0,69.8,303.6,599.5,965.3,780.3,351.7,86.7,0.2,4.8,3264.1,27.2,448.4,2696.8,91.7,2025,,DARJEELING,
West Bengal,Darjeeling,IMD110-P2025,1927,11.8,40.7,54.1,88.9,203.7,674.3,766.6,569.6,590.4,78.7,41.9,0.5,3121.2,52.5,346.7,2600.9,121.2,2025,,DARJEELING,
West Bengal,Darjeeling,IMD110-P2025,1928,5.1,48.3,12.7,106.3,247.4,641.9,728.5,625.5,354.5,199.5,20.2,1.8,2991.7,53.4,366.4,2350.4,221.5,2025,,DARJEELING,
West Bengal,Darjeeling,IMD110-P2025,1929,45.8,10.3,63.4,146.4,154.5,581.8,685.3,595.6,425.0,692.9,8.0,17.6,3426.6,56.2,364.3,2287.7,718.4,2025,,DARJEELING,
West Bengal,Darjeeling,IMD110-P2025,1930,13.1,30.0,81.8,85.0,167.7,451.5,564.2,630.2,349.7,101.9,47.6,6.7,2529.3,43.1,334.4,1995.6,156.2,2025,,DARJEELING,
West Bengal,Darjeeling,IMD110-P2025,1931,3.5,10.7,15.3,131.9,248.5,479.1,880.4,533.1,658.8,79.0,7.1,0.6,3047.8,14.2,395.6,2551.4,86.6,2025,,DARJEELING,
West Bengal,Darjeeling,IMD110-P2025,1932,5.1,11.0,20.7,87.0,215.9,639.4,530.1,636.2,372.8,74.7,125.5,23.3,2741.6,16.1,323.6,2178.5,223.5,2025,,DARJEELING,
West Bengal,Darjeeling,IMD110-P2025,1933,22.8,6.9,0.8,161.4,223.8,534.5,646.3,625.8,345.3,243.3,7.9,1.9,2820.7,29.7,386.0,2151.9,253.1,2025,,DARJEELING,
West Bengal,Darjeeling,IMD110-P2025,1934,6.3,65.6,1.5,80.3,269.2,619.9,666.2,606.3,291.5,217.4,8.8,20.6,2853.5,71.8,350.9,2184.0,246.7,2026,,DARJEELING,
West Bengal,Darjeeling,IMD110-P2025,1935,17.9,40.0,23.3,51.6,301.1,467.1,644.5,891.3,614.3,11.6,14.3,3.0,3079.8,57.9,376.0,2617.1,28.9,2026,,DARJEELING,
West Bengal,Darjeeling,IMD110-P2025,1936,0.6,34.5,61.8,133.2,402.8,427.5,863.6,569.0,599.5,126.5,0.7,4.3,3223.9,35.0,597.8,2459.6,131.6,2026,,DARJEELING,
West Bengal,Darjeeling,IMD110-P2025,1937,0.1,68.1,2.5,77.7,293.1,374.2,587.9,754.9,370.7,422.1,10.0,11.3,2972.6,68.3,373.2,2087.7,443.4,2026,,DARJEELING,
West Bengal,Darjeeling,IMD110-P2025,1938,4.1,12.5,21.4,74.2,512.5,928.9,733.3,740.8,468.9,69.0,4.4,0.0,3570.0,16.5,608.1,2871.9,73.5,2026,,DARJEELING,
West Bengal,Darjeeling,IMD110-P2025,1939,0.1,14.7,4.6,9.9,257.2,530.2,728.9,481.4,466.2,213.7,1.1,0.0,2708.0,14.8,271.6,2206.8,214.8,2026,,DARJEELING,
West Bengal,Darjeeling,IMD110-P2025,1940,0.4,73.0,105.6,38.8,186.0,475.0,885.0,456.8,270.9,30.1,4.8,7.1,2533.5,73.4,330.4,2087.6,42.1,2026,,DARJEELING,
West Bengal,Darjeeling,IMD110-P2025,1941,5.7,10.9,26.0,110.5,359.6,459.2,782.9,693.0,246.4,66.1,29.4,2.1,2791.7,16.6,496.1,2181.4,97.6,2026,,DARJEELING,
West Bengal,Darjeeling,IMD110-P2025,1942,13.0,18.2,92.7,167.5,181.0,702.9,593.6,545.5,485.0,46.0,5.3,0.0,2850.7,31.2,441.3,2327.0,51.3,2026,,DARJEELING,
West Bengal,Darjeeling,IMD110-P2025,1943,25.2,40.1,32.4,234.8,169.3,801.4,532.1,557.8,576.6,23.6,4.0,2.9,3000.2,65.3,436.5,2467.9,30.5,2026,,DARJEELING,
West Bengal,Darjeeling,IMD110-P2025,1944,32.6,37.3,94.7,112.7,177.6,489.4,607.1,486.1,453.4,75.4,7.8,0.0,2573.9,69.9,384.9,2036.0,83.2,2026,,DARJEELING,
West Bengal,Darjeeling,IMD110-P2025,1945,37.1,22.6,15.0,86.1,203.2,505.8,582.1,816.8,460.8,205.4,0.0,0.6,2935.4,59.6,304.4,2365.5,205.9,2026,,DARJEELING,
West Bengal,Darjeeling,IMD110-P2025,1946,0.0,30.5,28.6,146.7,286.8,761.1,681.1,531.0,564.7,172.3,9.9,0.0,3212.6,30.5,462.1,2537.9,182.1,2026,,DARJEELING,
West Bengal,Darjeeling,IMD110-P2025,1947,3.4,4.9,94.9,77.6,211.6,482.3,801.6,605.4,423.3,80.3,0.5,1.1,2786.8,8.4,384.0,2312.5,81.8,2026,,DARJEELING,
West Bengal,Darjeeling,IMD110-P2025,1948,1.2,14.7,71.7,178.9,252.6,495.7,839.5,529.4,423.4,179.5,78.3,0.3,3065.1,15.9,503.2,2287.9,258.1,2026,,DARJEELING,
West Bengal,Darjeeling,IMD110-P2025,1949,10.8,37.2,10.5,295.0,241.1,616.6,898.3,779.8,566.2,172.8,0.3,5.9,3634.6,48.1,546.6,2860.9,179.0,2026,,DARJEELING,
West Bengal,Darjeeling,IMD110-P2025,1950,1.7,15.3,44.3,83.6,230.4,1206.3,796.0,982.4,278.8,56.2,0.2,0.2,3695.4,17.0,358.2,3263.5,56.7,2026,,DARJEELING,
West Bengal,Darjeeling,IMD110-P2025,1951,2.0,3.2,37.2,86.6,164.9,529.2,1045.9,817.1,424.1,126.7,29.6,0.1,3266.6,5.2,288.6,2816.4,156.4,2026,,DARJEELING,
West Bengal,Darjeeling,IMD110-P2025,1952,8.8,36.7,70.7,171.3,337.0,619.2,814.1,726.0,824.6,87.1,11.2,0.7,3707.2,45.5,578.9,2983.9,98.9,2026,,DARJEELING,
West Bengal,Darjeeling,IMD110-P2025,1953,24.6,4.0,97.9,75.2,223.0,562.5,874.5,530.2,536.1,32.6,1.6,4.9,2967.2,28.7,396.0,2503.3,39.2,2026,,DARJEELING,
West Bengal,Darjeeling,IMD110-P2025,1954,14.1,11.4,22.6,71.9,238.0,800.4,892.3,624.9,306.3,41.2,0.3,4.3,3027.7,25.6,332.5,2623.9,45.8,2026,,DARJEELING,
West Bengal,Darjeeling,IMD110-P2025,1955,7.0,1.6,71.2,99.1,136.3,566.3,938.4,547.7,349.0,41.3,8.1,14.4,2780.3,8.7,306.6,2401.3,63.8,2026,,DARJEELING,
West Bengal,Darjeeling,IMD110-P2025,1956,36.5,3.5,86.2,129.4,361.9,606.8,436.9,478.7,362.4,193.5,32.4,14.3,2742.5,40.0,577.5,1884.8,240.2,2026,,DARJEELING,
West Bengal,Darjeeling,IMD110-P2025,1957,164.6,30.4,71.6,67.4,227.5,649.7,1207.1,903.6,511.9,99.6,12.8,14.8,3961.0,195.0,366.6,3272.3,127.2,2026,,DARJEELING,
West Bengal,Darjeeling,IMD110-P2025,1958,26.0,15.0,18.8,188.1,132.4,416.6,678.3,726.2,391.0,60.1,4.8,2.9,2660.1,40.9,339.3,2212.0,67.9,2026,,DARJEELING,
West Bengal,Darjeeling,IMD110-P2025,1959,58.0,20.8,55.4,103.7,237.2,398.8,623.2,399.4,373.4,236.0,1.5,0.8,2508.2,78.7,396.3,1794.9,238.3,2026,,DARJEELING,
West Bengal,Darjeeling,IMD110-P2025,1960,0.5,22.5,95.3,18.2,274.2,426.1,1017.9,590.2,820.1,95.9,0.0,0.0,3360.8,23.0,387.6,2854.4,95.9,2026,,DARJEELING,
West Bengal,Darjeeling,IMD110-P2025,1961,44.5,45.0,43.8,64.1,141.6,516.7,746.2,806.6,559.0,161.8,10.0,13.3,3152.5,89.6,249.5,2628.4,185.0,2026,,DARJEELING,
West Bengal,Darjeeling,IMD110-P2025,1962,117.6,77.9,53.7,114.1,382.9,923.8,737.8,1056.0,389.9,103.2,2.9,17.8,3977.5,195.5,550.7,3107.5,123.8,2026,,DARJEELING,
West Bengal,Darjeeling,IMD110-P2025,1963,14.4,3.4,67.9,169.6,379.0,455.7,823.2,734.0,454.6,100.0,29.1,4.3,3235.4,17.9,616.4,2467.6,133.5,2026,,DARJEELING,
West Bengal,Darjeeling,IMD110-P2025,1964,0.0,4.9,37.5,158.6,217.4,617.9,1145.7,580.9,389.1,44.9,1.3,0.6,3198.9,4.9,413.5,2733.7,46.8,2026,,DARJEELING,
West Bengal,Darjeeling,IMD110-P2025,1965,0.0,22.2,55.3,125.1,313.8,557.9,722.0,885.8,296.6,44.6,72.6,0.0,3095.9,22.2,494.2,2462.4,117.2,2026,,DARJEELING,
West Bengal,Darjeeling,IMD110-P2025,1966,89.1,29.2,2.0,80.1,250.6,314.8,918.8,928.7,428.5,75.0,7.6,6.9,3131.3,118.3,332.7,2590.8,89.5,2026,,DARJEELING,
West Bengal,Darjeeling,IMD110-P2025,1967,3.1,0.3,167.4,132.2,180.8,425.3,841.1,439.2,563.4,40.3,27.4,1.2,2821.7,3.4,480.3,2269.1,68.9,2026,,DARJEELING,
West Bengal,Darjeeling,IMD110-P2025,1968,90.0,22.8,118.2,60.4,251.4,624.3,898.6,984.1,445.4,532.4,0.0,1.3,4028.8,112.8,429.9,2952.4,533.7,2027,,DARJEELING,
West Bengal,Darjeeling,IMD110-P2025,1969,17.6,6.3,95.7,110.5,341.7,626.1,772.8,725.2,587.5,63.0,8.7,0.0,3355.0,23.9,547.9,2711.5,71.7,2027,,DARJEELING,
West Bengal,Darjeeling,IMD110-P2025,1970,22.2,36.2,33.8,130.8,346.5,783.9,1067.1,649.6,497.5,59.0,1.9,0.0,3628.4,58.4,511.1,2998.1,60.9,2027,,DARJEELING,
West Bengal,Darjeeling,IMD110-P2025,1971,5.6,7.2,46.8,310.1,414.2,996.3,794.6,650.2,379.1,231.5,28.5,3.6,3867.7,12.9,771.1,2820.1,263.6,2027,,DARJEELING,
West Bengal,Darjeeling,IMD110-P2025,1972,37.1,114.7,61.8,196.7,361.7,493.8,815.8,730.2,518.8,57.1,26.5,0.0,3414.2,151.8,620.2,2558.6,83.6,2027,,DARJEELING,
West Bengal,Darjeeling,IMD110-P2025,1973,18.7,22.5,35.5,93.9,326.6,753.4,588.0,588.1,516.9,376.1,15.6,0.2,3335.4,41.2,455.9,2446.4,391.9,2027,,DARJEELING,
West Bengal,Darjeeling,IMD110-P2025,1974,32.8,3.7,40.5,139.2,306.5,412.5,1210.0,606.5,368.7,119.1,8.0,9.0,3256.6,36.4,486.2,2597.8,136.1,2027,,DARJEELING,
West Bengal,Darjeeling,IMD110-P2025,1975,20.4,19.6,5.6,76.9,267.9,773.6,1099.9,323.6,777.2,134.5,0.0,6.1,3505.4,40.1,350.4,2974.3,140.6,2027,,DARJEELING,
West Bengal,Darjeeling,IMD110-P2025,1976,13.2,66.8,0.1,88.5,324.3,631.1,607.0,829.4,363.5,159.3,30.5,0.6,3114.3,80.0,412.9,2430.9,190.5,2027,,DARJEELING,
West Bengal,Darjeeling,IMD110-P2025,1977,1.4,12.5,51.0,214.0,322.9,475.1,713.7,734.5,546.7,276.9,58.3,44.7,3451.7,14.0,587.9,2469.9,379.9,2027,,DARJEELING,
West Bengal,Darjeeling,IMD110-P2025,1978,12.9,17.9,65.4,130.1,318.9,572.3,663.6,368.8,433.8,49.7,56.6,10.7,2700.8,30.8,514.4,2038.5,117.0,2027,,DARJEELING,
West Bengal,Darjeeling,IMD110-P2025,1979,2.0,36.7,1.2,82.6,97.4,304.1,786.0,545.9,349.0,175.0,26.6,69.3,2475.9,38.7,181.2,1985.2,270.8,2027,,DARJEELING,
West Bengal,Darjeeling,IMD110-P2025,1980,1.3,19.9,58.7,122.3,256.2,430.9,840.7,567.6,390.6,140.1,0.5,4.0,2832.8,21.2,437.2,2229.7,144.6,2027,,DARJEELING,
West Bengal,Darjeeling,IMD110-P2025,1981,37.9,3.9,54.1,148.7,219.8,396.0,947.0,574.4,411.5,14.5,12.2,0.4,2820.7,41.8,422.6,2329.0,27.2,2027,,DARJEELING,
West Bengal,Darjeeling,IMD110-P2025,1982,0.1,29.3,53.6,147.8,191.8,527.7,595.3,365.3,365.9,100.9,13.6,8.0,2399.2,29.4,393.2,1854.1,122.5,2027,,DARJEELING,
West Bengal,Darjeeling,IMD110-P2025,1983,42.4,9.2,21.7,118.9,196.6,535.6,706.7,272.3,364.7,45.7,0.0,19.2,2333.1,51.6,337.2,1879.3,65.0,2027,,DARJEELING,
West Bengal,Darjeeling,IMD110-P2025,1984,22.2,17.0,26.8,73.3,186.4,656.8,914.6,491.1,598.5,127.1,0.3,11.3,3125.5,39.2,286.5,2661.1,138.7,2027,,DARJEELING,
West Bengal,Darjeeling,IMD110-P2025,1985,1.9,20.9,52.2,109.8,252.9,450.5,822.3,558.7,452.9,280.6,21.8,26.0,3050.5,22.8,415.0,2284.4,328.3,2027,,DARJEELING,
West Bengal,Darjeeling,IMD110-P2025,1986,3.1,6.8,32.8,91.3,182.0,449.6,686.4,363.6,455.1,213.3,19.8,8.8,2512.5,9.9,306.1,1954.7,241.9,2027,,DARJEELING,
West Bengal,Darjeeling,IMD110-P2025,1987,4.0,31.8,51.3,103.1,85.4,395.3,676.0,779.3,595.2,190.5,1.6,0.6,2914.1,35.9,239.8,2445.8,192.6,2027,,DARJEELING,
West Bengal,Darjeeling,IMD110-P2025,1988,1.6,15.6,40.5,72.0,141.5,238.2,851.4,772.1,303.0,13.4,0.0,9.0,2458.3,17.2,254.0,2164.7,22.4,2027,,DARJEELING,
West Bengal,Darjeeling,IMD110-P2025,1989,22.9,26.0,28.9,26.2,476.1,824.0,609.5,367.1,942.1,173.1,30.1,11.6,3537.7,48.9,531.3,2742.6,214.8,2027,,DARJEELING,
West Bengal,Darjeeling,IMD110-P2025,1990,0.2,42.5,77.2,164.1,352.2,708.2,1064.7,820.4,566.3,61.4,0.0,7.0,3864.1,42.8,593.5,3159.5,68.4,2027,,DARJEELING,
West Bengal,Darjeeling,IMD110-P2025,1991,47.5,18.2,28.8,71.9,242.5,880.3,831.8,788.0,789.3,70.4,2.5,23.4,3794.4,65.6,343.2,3289.3,96.3,2027,,DARJEELING,
West Bengal,Darjeeling,IMD110-P2025,1992,17.1,40.6,27.8,99.1,181.6,423.1,949.5,764.2,385.4,125.7,0.1,12.4,3026.6,57.7,308.4,2522.3,138.2,2027,,DARJEELING,
West Bengal,Darjeeling,IMD110-P2025,1993,23.4,19.1,24.8,149.5,284.9,476.6,781.2,662.1,471.9,282.6,19.3,1.8,3197.0,42.5,459.2,2391.8,303.6,2027,,DARJEELING,
West Bengal,Darjeeling,IMD110-P2025,1994,46.9,44.8,63.6,132.4,169.0,599.8,547.3,461.4,372.4,72.4,14.5,3.0,2527.4,91.7,364.9,1980.8,90.0,2027,,DARJEELING,
West Bengal,Darjeeling,IMD110-P2025,1995,12.1,14.8,28.0,38.7,265.6,1172.8,1345.2,605.0,581.4,126.8,137.2,14.5,4342.0,26.9,332.3,3704.4,278.5,2027,,DARJEELING,
West Bengal,Darjeeling,IMD110-P2025,1996,40.0,2.3,19.8,42.0,239.5,389.6,955.1,797.6,408.1,153.2,4.2,0.0,3051.4,42.3,301.2,2550.4,157.4,2027,,DARJEELING,
West Bengal,Darjeeling,IMD110-P2025,1997,14.1,16.8,37.6,108.9,194.4,533.7,569.3,473.6,452.1,34.7,11.4,50.5,2496.9,30.8,340.8,2028.6,96.6,2027,,DARJEELING,
West Bengal,Darjeeling,IMD110-P2025,1998,12.4,10.0,128.5,162.1,275.7,885.7,1112.0,1174.2,401.7,239.5,11.9,1.3,4415.1,22.4,566.4,3573.6,252.7,2027,,DARJEELING,
West Bengal,Darjeeling,IMD110-P2025,1999,8.0,0.2,8.6,104.5,370.4,612.2,823.6,909.2,474.0,249.2,20.7,8.8,3589.2,8.2,483.4,2819.0,278.6,2027,,DARJEELING,
West Bengal,Darjeeling,IMD110-P2025,2000,9.1,19.1,22.3,242.3,409.9,693.1,703.4,681.2,489.6,81.3,18.7,0.9,3371.1,28.2,674.6,2567.4,101.0,2027,,DARJEELING,
West Bengal,Darjeeling,IMD110-P2025,2001,1.2,8.5,9.3,105.9,284.5,471.9,531.3,529.2,586.5,287.2,37.3,0.0,2852.7,9.7,399.7,2118.8,324.5,2027,,DARJEELING,
West Bengal,Darjeeling,IMD110-P2025,2002,22.9,0.2,63.4,155.8,240.0,437.7,1020.3,405.8,289.8,75.4,0.5,9.6,2721.5,23.1,459.2,2153.6,85.5,2028,,DARJEELING,
West Bengal,Darjeeling,IMD110-P2025,2003,10.6,99.6,47.9,194.5,211.2,704.3,973.4,461.0,481.6,313.2,17.1,20.0,3534.4,110.2,453.6,2620.3,350.3,2028,,DARJEELING,
West Bengal,Darjeeling,IMD110-P2025,2004,31.8,11.5,33.6,160.8,228.6,650.6,925.3,460.1,448.1,167.1,13.4,6.4,3137.4,43.3,423.0,2484.2,187.0,2028,,DARJEELING,
West Bengal,Darjeeling,IMD110-P2025,2005,11.6,2.8,129.2,119.3,233.6,625.9,727.5,815.7,163.9,241.7,2.9,0.0,3074.0,14.4,482.1,2333.0,244.6,2028,,DARJEELING,
West Bengal,Darjeeling,IMD110-P2025,2006,0.0,8.5,6.5,93.3,256.5,463.6,640.2,477.3,657.6,175.7,4.2,1.1,2784.5,8.5,356.3,2238.7,181.0,2028,,DARJEELING,
West Bengal,Darjeeling,IMD110-P2025,2007,0.0,133.0,45.1,149.8,357.9,479.8,1140.9,672.5,687.5,74.4,0.0,0.0,3740.9,133.0,552.8,2980.7,74.4,2028,,DARJEELING,
West Bengal,Darjeeling,IMD110-P2025,2008,32.2,0.6,74.3,75.9,274.5,1186.7,902.9,1091.1,353.0,169.6,32.0,8.5,4201.3,32.8,424.7,3533.7,210.1,2028,,DARJEELING,
West Bengal,Darjeeling,IMD110-P2025,2009,0.0,1.1,14.1,222.9,323.0,565.0,905.7,797.8,318.0,335.3,0.5,2.5,3485.9,1.1,560.0,2586.5,338.3,2028,,DARJEELING,
West Bengal,Darjeeling,IMD110-P2025,2010,0.0,4.1,2.2,74.7,520.9,603.1,1031.7,914.4,408.1,56.5,3.2,3.5,3622.4,4.1,597.8,2957.3,63.2,2028,,DARJEELING,
West Bengal,Dinajpur North,IMD110-P2029,1901,24.3,1.3,8.3,1.1,58.8,143.5,268.5,347.5,151.4,9.9,13.1,0.0,1027.8,25.6,68.3,910.8,23.0,2029,,DINAJPUR NORTH,
West Bengal,Dinajpur North,IMD110-P2029,1902,0.5,0.0,90.7,47.8,182.9,266.6,539.5,394.8,412.3,78.4,0.0,0.0,2013.6,0.5,321.4,1613.3,78.4,2029,,DINAJPUR NORTH,
West Bengal,Dinajpur North,IMD110-P2029,1903,0.4,1.0,2.0,0.0,35.5,246.1,146.4,400.5,171.2,145.8,2.0,0.0,1151.0,1.4,37.5,964.2,147.8,2029,,DINAJPUR NORTH,
West Bengal,Dinajpur North,IMD110-P2029,1904,0.0,6.8,0.0,10.4,187.6,118.8,246.0,337.0,141.7,88.8,9.5,0.0,1146.6,6.8,198.1,843.5,98.3,2029,,DINAJPUR NORTH,
West Bengal,Dinajpur North,IMD110-P2029,1905,10.1,29.4,43.3,58.2,244.6,118.9,290.7,745.3,286.4,17.6,0.0,0.2,1844.7,39.5,346.1,1441.3,17.8,2029,,DINAJPUR NORTH,
West Bengal,Dinajpur North,IMD110-P2029,1906,9.6,57.6,12.7,0.0,125.6,302.8,450.5,284.0,101.9,88.6,15.9,0.0,1449.0,67.2,138.3,1139.1,104.5,2029,,DINAJPUR NORTH,
West Bengal,Dinajpur North,IMD110-P2029,1907,0.0,11.4,51.8,35.2,54.3,211.9,605.0,134.9,312.2,3.0,0.0,11.2,1430.9,11.4,141.4,1263.9,14.3,2029,,DINAJPUR NORTH,
West Bengal,Dinajpur North,IMD110-P2029,1908,7.6,37.2,0.4,5.6,92.2,183.1,227.7,147.5,134.6,0.0,0.0,0.0,835.9,44.8,98.1,692.9,0.0,2029,,DINAJPUR NORTH,
West Bengal,Dinajpur North,IMD110-P2029,1909,0.0,15.6,0.0,101.9,32.8,835.8,228.1,461.9,188.9,94.3,0.0,0.0,1959.3,15.6,134.8,1714.7,94.3,2029,,DINAJPUR NORTH,
West Bengal,Dinajpur North,IMD110-P2029,1910,0.0,24.3,39.3,0.0,91.1,583.3,309.8,452.2,141.1,24.1,28.8,0.0,1693.8,24.3,130.4,1486.3,52.9,2029,,DINAJPUR NORTH,
West Bengal,Dinajpur North,IMD110-P2029,1911,6.6,0.0,29.4,47.4,87.4,449.2,428.3,351.0,472.1,212.6,0.0,0.0,2084.0,6.6,164.2,1700.6,212.6,2029,,DINAJPUR NORTH,
West Bengal,Dinajpur North,IMD110-P2029,1912,1.3,19.0,62.3,85.8,159.4,240.5,573.7,461.4,259.0,20.9,108.1,0.0,1991.3,20.3,307.4,1534.7,128.9,2029,,DINAJPUR NORTH,
West Bengal,Dinajpur North,IMD110-P2029,1913,0.0,28.3,9.5,0.0,137.4,629.3,216.5,451.5,226.2,,,55.9,,28.3,146.9,1523.4,,2029,missing_months,DINAJPUR NORTH,
West Bengal,Dinajpur North,IMD110-P2029,1914,0.0,30.2,3.5,173.4,156.6,101.5,221.3,556.7,50.0,18.8,0.0,0.6,1312.7,30.2,333.6,929.4,19.4,2029,,DINAJPUR NORTH,
West Bengal,Dinajpur North,IMD110-P2029,1915,,,34.3,6.4,207.5,212.6,322.8,547.3,201.0,99.7,5.8,0.0,,,248.2,1283.7,105.5,2029,missing_months,DINAJPUR NORTH,
West Bengal,Dinajpur North,IMD110-P2029,1916,0.0,13.4,0.0,76.9,67.8,378.9,392.6,488.6,334.9,216.4,6.1,0.0,1975.6,13.4,144.7,1594.9,222.5,2029,,DINAJPUR NORTH,
West Bengal,Dinajpur North,IMD110-P2029,1917,0.0,2.8,5.9,0.0,156.3,230.6,532.8,179.2,264.0,288.1,0.0,0.0,1659.7,2.8,162.2,1206.6,288.1,2029,,DINAJPUR NORTH,
West Bengal,Dinajpur North,IMD110-P2029,1918,0.9,0.0,2.3,69.6,164.6,337.1,458.7,645.0,267.3,1.0,0.0,0.0,1946.5,0.9,236.5,1708.1,1.0,2029,,DINAJPUR NORTH,
West Bengal,Dinajpur North,IMD110-P2029,1919,13.3,0.6,3.6,25.9,92.6,283.8,369.3,193.7,258.7,98.0,0.0,0.0,1339.4,13.9,122.1,1105.4,98.0,2029,,DINAJPUR NORTH,
West Bengal,Dinajpur North,IMD110-P2029,1920,0.0,27.5,24.9,9.3,62.0,187.7,232.8,343.7,717.2,44.9,0.0,0.0,1649.9,27.5,96.2,1481.3,44.9,2029,,DINAJPUR NORTH,
West Bengal,Dinajpur North,IMD110-P2029,1921,24.5,0.0,33.8,33.5,36.9,208.8,295.0,397.1,263.8,,0.0,0.0,,24.5,104.2,1164.7,,2029,missing_months,DINAJPUR NORTH,
West Bengal,Dinajpur North,IMD110-P2029,1922,3.8,1.3,0.0,4.2,123.4,565.5,414.1,332.0,742.3,159.5,0.0,0.0,2345.9,5.1,127.5,2053.8,159.5,2029,,DINAJPUR NORTH,
West Bengal,Dinajpur North,IMD110-P2029,1923,0.0,32.0,1.3,2.0,105.6,531.8,267.9,137.9,156.2,111.3,0.0,0.0,1345.9,32.0,108.8,1093.8,111.3,2029,,DINAJPUR NORTH,
West Bengal,Dinajpur North,IMD110-P2029,1924,0.0,2.7,0.0,55.6,62.2,194.0,604.8,281.0,290.5,63.5,73.1,0.0,1627.4,2.7,117.8,1370.4,136.6,2029,,DINAJPUR NORTH,
West Bengal,Dinajpur North,IMD110-P2029,1925,0.0,3.8,5.3,134.9,162.5,197.1,373.3,347.5,308.8,12.7,0.0,0.0,1545.8,3.8,302.8,1226.6,12.7,2029,,DINAJPUR NORTH,
West Bengal,Dinajpur North,IMD110-P2029,1926,5.4,0.0,23.8,0.0,82.2,53.6,364.5,268.9,318.0,1.3,0.0,5.7,1123.4,5.4,105.9,1005.1,6.9,2029,,DINAJPUR NORTH,
West Bengal,Dinajpur North,IMD110-P2029,1927,36.8,39.5,44.1,5.7,83.7,130.3,267.3,258.8,197.7,31.5,0.0,0.0,1095.2,76.3,133.5,854.0,31.5,2029,,DINAJPUR NORTH,
West Bengal,Dinajpur North,IMD110-P2029,1928,47.3,7.3,0.0,24.3,116.5,440.5,338.5,477.3,163.6,256.0,0.0,0.0,1871.2,54.6,140.8,1419.8,256.0,2029,,DINAJPUR NORTH,
West Bengal,Dinajpur North,IMD110-P2029,1929,53.8,0.0,5.7,42.4,155.0,281.8,327.5,195.9,207.8,479.6,0.0,15.9,1765.4,53.8,203.1,1013.0,495.5,2029,,DINAJPUR NORTH,
West Bengal,Dinajpur North,IMD110-P2029,1930,19.1,4.2,21.2,7.3,127.6,157.0,339.4,214.3,308.2,66.3,45.4,0.0,1309.8,23.3,156.0,1018.9,111.7,2029,,DINAJPUR NORTH,
West Bengal,Dinajpur North,IMD110-P2029,1931,0.0,12.8,6.5,7.6,99.6,165.9,385.5,242.9,316.3,107.9,5.4,19.0,1369.5,12.8,113.7,1110.6,132.4,2029,,DINAJPUR NORTH,
West Bengal,Dinajpur North,IMD110-P2029,1932,0.0,5.6,0.0,35.5,64.2,328.8,253.6,255.1,203.9,72.9,147.3,0.0,1366.8,5.6,99.7,1041.4,220.2,2029,,DINAJPUR NORTH,
West Bengal,Dinajpur North,IMD110-P2029,1933,6.4,19.1,0.0,100.3,113.0,218.5,521.2,296.4,199.9,79.1,0.0,0.0,1553.9,25.5,213.3,1236.0,79.1,2029,,DINAJPUR NORTH,
West Bengal,Dinajpur North,IMD110-P2029,1934,24.1,25.0,0.0,47.5,38.1,226.6,273.0,365.9,109.0,140.0,7.1,0.0,1256.3,49.1,85.6,974.5,147.1,2030,,DINAJPUR NORTH,
West Bengal,Dinajpur North,IMD110-P2029,1935,14.3,4.2,0.0,0.0,109.1,220.8,269.8,820.2,373.0,15.3,0.0,0.0,1826.6,18.5,109.1,1683.8,15.3,2030,,DINAJPUR NORTH,
West Bengal,Dinajpur North,IMD110-P2029,1936,1.5,0.6,1.1,17.3,138.3,139.6,279.7,249.7,480.3,136.6,0.0,22.0,1466.8,2.2,156.7,1149.3,158.6,2030,,DINAJPUR NORTH,
West Bengal,Dinajpur North,IMD110-P2029,1937,0.0,48.6,0.0,0.0,153.8,296.4,271.5,461.5,393.3,146.3,0.0,0.0,1771.2,48.6,153.8,1422.6,146.3,2030,,DINAJPUR NORTH,
West Bengal,Dinajpur North,IMD110-P2029,1938,1.0,6.4,0.0,12.3,466.4,589.6,510.8,393.3,257.2,43.7,3.5,0.0,2284.0,7.4,478.7,1750.8,47.1,2030,,DINAJPUR NORTH,
West Bengal,Dinajpur North,IMD110-P2029,1939,0.0,20.9,12.3,0.6,164.1,422.0,296.0,311.8,324.0,125.6,0.0,0.0,1677.2,20.9,177.0,1353.7,125.6,2030,,DINAJPUR NORTH,
West Bengal,Dinajpur North,IMD110-P2029,1940,0.0,39.8,109.9,0.0,49.5,148.8,336.7,250.4,87.4,0.0,0.0,0.0,1022.5,39.8,159.5,823.2,0.0,2030,,DINAJPUR NORTH,
West Bengal,Dinajpur North,IMD110-P2029,1941,10.2,0.0,0.0,13.4,179.9,257.3,153.6,325.6,120.6,283.3,11.9,0.0,1355.8,10.2,193.3,857.2,295.2,2030,,DINAJPUR NORTH,
West Bengal,Dinajpur North,IMD110-P2029,1942,1.3,16.8,5.1,117.3,122.9,77.0,279.8,229.3,515.6,32.5,0.0,0.0,1397.5,18.0,245.3,1101.7,32.5,2030,,DINAJPUR NORTH,
West Bengal,Dinajpur North,IMD110-P2029,1943,31.3,24.9,0.0,139.7,120.8,739.7,200.8,458.9,228.3,45.2,0.0,0.0,1989.6,56.2,260.5,1627.7,45.2,2030,,DINAJPUR NORTH,
West Bengal,Dinajpur North,IMD110-P2029,1944,44.3,5.8,39.1,27.4,82.6,221.5,299.0,346.4,239.9,13.7,0.0,0.0,1319.8,50.1,149.1,1106.8,13.7,2030,,DINAJPUR NORTH,
West Bengal,Dinajpur North,IMD110-P2029,1945,1.5,29.0,1.5,60.8,77.0,168.3,282.9,261.4,165.3,197.6,0.0,0.0,1245.3,30.5,139.4,877.8,197.6,2030,,DINAJPUR NORTH,
West Bengal,Dinajpur North,IMD110-P2029,1946,0.0,11.4,16.4,140.1,51.8,245.9,520.1,222.1,308.0,309.5,2.7,0.0,1827.8,11.4,208.3,1296.0,312.1,2030,,DINAJPUR NORTH,
West Bengal,Dinajpur North,IMD110-P2029,1947,0.0,0.0,,,,,,421.7,449.8,110.8,,,,0.0,,,,2030,missing_months,DINAJPUR NORTH,
West Bengal,Dinajpur North,IMD110-P2029,1948,0.4,0.0,0.0,0.0,87.1,94.2,297.1,205.8,176.8,117.6,49.5,0.0,1028.6,0.4,87.1,774.0,167.1,2030,,DINAJPUR NORTH,
West Bengal,Dinajpur North,IMD110-P2029,1949,0.0,26.4,7.4,104.1,231.1,349.0,379.9,172.5,,,,0.0,,26.4,342.6,,,2030,missing_months,DINAJPUR NORTH,
West Bengal,Dinajpur North,IMD110-P2029,1950,0.0,25.7,11.7,0.0,70.3,618.2,241.6,411.4,452.6,38.8,0.0,0.0,1870.4,25.7,82.0,1723.9,38.8,2030,,DINAJPUR NORTH,
West Bengal,Dinajpur North,IMD110-P2029,1951,0.0,0.0,3.2,51.4,97.3,201.1,210.6,189.6,128.1,60.9,15.8,0.0,958.1,0.0,151.9,729.4,76.8,2030,,DINAJPUR NORTH,
West Bengal,Dinajpur North,IMD110-P2029,1952,0.0,2.8,34.8,148.8,429.0,482.9,547.3,331.3,447.7,155.9,15.4,0.0,2595.9,2.8,612.7,1809.1,171.3,2030,,DINAJPUR NORTH,
West Bengal,Dinajpur North,IMD110-P2029,1953,26.2,0.0,,22.9,118.2,186.8,424.2,138.4,447.6,20.1,0.0,0.0,,26.2,,1197.0,20.1,2030,missing_months,DINAJPUR NORTH,
West Bengal,Dinajpur North,IMD110-P2029,1954,15.0,0.0,0.0,0.0,109.8,328.1,356.1,317.0,150.3,28.1,0.0,0.0,1304.3,15.0,109.8,1151.4,28.1,2030,,DINAJPUR NORTH,
West Bengal,Dinajpur North,IMD110-P2029,1955,3.9,0.0,0.0,27.9,79.2,69.4,504.2,339.6,435.8,20.3,0.0,,,3.9,107.1,1349.0,,2030,missing_months,DINAJPUR NORTH,
West Bengal,Dinajpur North,IMD110-P2029,1956,3.2,0.5,0.0,1.6,60.5,533.7,290.0,334.3,394.6,170.1,39.3,0.0,1827.8,3.7,62.2,1552.6,209.4,2030,,DINAJPUR NORTH,
West Bengal,Dinajpur North,IMD110-P2029,1957,67.3,6.1,4.1,1.6,5.1,198.0,323.5,197.5,164.0,17.5,0.0,0.2,985.0,73.4,10.8,883.0,17.7,2030,,DINAJPUR NORTH,
West Bengal,Dinajpur North,IMD110-P2029,1958,3.3,0.0,0.0,78.7,190.5,250.2,401.8,435.1,310.1,115.5,0.0,0.0,1785.2,3.3,269.2,1397.2,115.5,2030,,DINAJPUR NORTH,
West Bengal,Dinajpur North,IMD110-P2029,1959,142.9,0.0,82.6,56.2,61.5,210.3,260.9,175.0,59.8,276.8,0.0,0.0,1325.9,142.9,200.3,706.0,276.8,2030,,DINAJPUR NORTH,
West Bengal,Dinajpur North,IMD110-P2029,1961,0.0,50.8,0.0,9.1,76.8,240.8,95.8,186.8,250.3,110.5,0.0,1.3,1022.2,50.8,85.9,773.7,111.8,2030,,DINAJPUR NORTH,
West Bengal,Dinajpur North,IMD110-P2029,1962,,,,,74.9,197.4,333.3,359.2,252.1,65.0,0.0,0.0,,,,1141.9,65.0,2030,missing_months,DINAJPUR NORTH,
West Bengal,Dinajpur North,IMD110-P2029,1963,0.0,0.0,6.3,27.4,216.9,266.1,693.3,400.4,264.0,73.1,25.6,0.0,1973.1,0.0,250.6,1623.8,98.7,2030,,DINAJPUR NORTH,
West Bengal,Dinajpur North,IMD110-P2029,1964,0.0,2.5,0.0,31.2,171.8,152.4,556.8,153.3,328.4,59.7,0.0,0.0,1456.1,2.5,203.0,1190.9,59.7,2030,,DINAJPUR NORTH,
West Bengal,Dinajpur North,IMD110-P2029,1965,0.0,0.0,15.1,0.0,110.7,230.9,388.9,344.4,249.6,0.0,0.0,0.0,1339.6,0.0,125.8,1213.8,0.0,2030,,DINAJPUR NORTH,
West Bengal,Dinajpur North,IMD110-P2029,1966,0.0,0.0,0.0,1.5,3.0,113.2,513.4,664.8,108.4,85.2,9.8,0.0,1499.3,0.0,4.5,1399.8,95.0,2030,,DINAJPUR NORTH,
West Bengal,Dinajpur North,IMD110-P2029,1967,0.0,0.0,67.4,71.4,116.8,158.2,238.6,233.2,226.1,30.2,0.0,0.0,1141.9,0.0,255.6,856.1,30.2,2030,,DINAJPUR NORTH,
West Bengal,Dinajpur North,IMD110-P2029,1968,29.2,0.0,22.2,0.0,0.0,494.0,435.8,,53.8,159.4,0.0,0.0,,29.2,22.2,,159.4,2030,missing_months,DINAJPUR NORTH,
West Bengal,Dinajpur North,IMD110-P2029,1969,16.2,0.0,0.0,16.2,113.0,382.0,331.4,212.6,395.4,0.0,94.0,0.0,1560.8,16.2,129.2,1321.4,94.0,2031,,DINAJPUR NORTH,
West Bengal,Dinajpur North,IMD110-P2029,1972,,32.3,11.5,20.4,0.0,146.0,258.1,212.2,148.6,,,0.0,,,31.9,764.9,,2031,missing_months,DINAJPUR NORTH,
West Bengal,Dinajpur North,IMD110-P2029,1973,13.4,5.1,17.3,41.2,164.5,248.1,153.2,330.0,588.5,198.5,0.0,0.0,1759.8,18.5,223.0,1319.8,198.5,2031,,DINAJPUR NORTH,
West Bengal,Dinajpur North,IMD110-P2029,1974,0.0,0.0,168.5,107.8,192.4,315.7,463.9,383.0,243.0,101.0,0.0,0.0,1975.3,0.0,468.7,1405.6,101.0,2031,,DINAJPUR NORTH,
West Bengal,Dinajpur North,IMD110-P2029,1975,0.2,14.0,0.0,38.5,160.5,66.3,302.7,140.5,145.9,23.7,0.0,0.0,892.3,14.2,199.0,655.4,23.7,2031,,DINAJPUR NORTH,
West Bengal,Dinajpur North,IMD110-P2029,1976,0.0,35.0,0.0,12.0,125.2,204.7,294.9,636.1,164.5,22.5,0.0,0.0,1494.9,35.0,137.2,1300.2,22.5,2031,,DINAJPUR NORTH,
West Bengal,Dinajpur North,IMD110-P2029,1977,,,,44.0,159.5,277.0,406.5,283.5,162.0,371.5,23.0,18.5,,,,1129.0,413.0,2031,missing_months,DINAJPUR NORTH,
West Bengal,Dinajpur North,IMD110-P2029,1978,2.5,5.0,16.5,134.0,138.0,268.0,218.0,158.5,224.0,41.0,6.0,,,7.5,288.5,868.5,,2031,missing_months,DINAJPUR NORTH,
West Bengal,Dinajpur North,IMD110-P2029,1990,,,,,,681.8,,,,,,,,,,,,2031,missing_months,DINAJPUR NORTH,
West Bengal,Dinajpur North,IMD110-P2029,1991,14.2,5.8,2.7,27.7,,486.0,165.6,115.6,,52.5,0.0,22.4,,20.0,,,74.8,2031,missing_months,DINAJPUR NORTH,
West Bengal,Dinajpur North,IMD110-P2029,1992,4.3,7.5,0.0,5.2,182.8,128.1,346.0,326.3,243.7,141.9,13.1,0.0,1398.9,11.8,188.0,1044.1,155.0,2031,,DINAJPUR NORTH,
West Bengal,Dinajpur North,IMD110-P2029,1993,41.3,0.0,20.2,91.0,208.7,164.4,131.4,503.8,,75.6,32.2,0.0,,41.3,319.9,,107.8,2031,missing_months,DINAJPUR NORTH,
West Bengal,Dinajpur North,IMD110-P2029,1994,36.2,37.0,0.6,3.0,37.8,248.8,435.7,180.9,258.9,55.6,7.4,0.0,1301.9,73.2,41.4,1124.3,63.0,2031,,DINAJPUR NORTH,
West Bengal,Dinajpur North,IMD110-P2029,1997,28.2,3.0,4.3,81.6,63.1,194.0,507.8,480.0,188.9,10.0,3.0,43.0,1606.9,31.2,149.0,1370.7,56.0,2031,,DINAJPUR NORTH,
West Bengal,Dinajpur North,IMD110-P2029,1998,2.2,25.8,27.7,134.1,188.2,63.1,643.7,577.6,586.9,231.3,3.5,0.0,2484.1,28.0,350.0,1871.3,234.8,2031,,DINAJPUR NORTH,
West Bengal,Dinajpur North,IMD110-P2029,1999,0.0,0.0,0.0,22.3,365.6,475.0,1465.7,611.2,761.3,,,0.0,,0.0,387.9,3313.2,,2031,missing_months,DINAJPUR NORTH,
West Bengal,Dinajpur North,IMD110-P2029,2000,0.0,25.5,2.4,103.3,249.7,328.4,258.8,149.4,,21.7,0.0,,,25.5,355.4,,,2031,missing_months,DINAJPUR NORTH,
West Bengal,Dinajpur North,IMD110-P2029,2001,1.8,0.0,0.2,10.6,207.0,,143.1,380.5,624.2,65.5,65.5,0.0,,1.8,217.8,,131.0,2031,missing_months,DINAJPUR NORTH,
West Bengal,Dinajpur North,IMD110-P2029,2002,7.8,4.5,,,122.4,393.0,381.7,238.6,357.5,17.6,1.1,0.0,,12.3,,1370.8,18.7,2031,missing_months,DINAJPUR NORTH,
West Bengal,Dinajpur North,IMD110-P2029,2003,6.5,49.0,11.8,35.0,118.0,209.6,280.4,104.1,110.2,174.8,0.0,15.2,1114.6,55.5,164.8,704.3,190.0,2031,,DINAJPUR NORTH,
West Bengal,Dinajpur North,IMD110-P2029,2004,7.0,0.0,0.0,60.3,43.2,170.8,389.6,197.6,236.6,87.8,0.0,0.0,1192.9,7.0,103.5,994.6,87.8,2031,,DINAJPUR NORTH,
West Bengal,Dinajpur North,IMD110-P2029,2006,,0.0,5.3,48.0,108.0,191.5,267.0,240.5,270.1,17.0,9.5,6.0,,,161.3,969.1,32.5,2031,missing_months,DINAJPUR NORTH,
West Bengal,Dinajpur North,IMD110-P2029,2007,,27.0,0.0,,,,475.5,,,,,,,,,,,2031,missing_months,DINAJPUR NORTH,
West Bengal,Dinajpur North,IMD110-P2029,2008,,,,,,293.9,511.8,334.3,,,,,,,,,,2031,missing_months,DINAJPUR NORTH,
West Bengal,Dinajpur North,IMD110-P2029,2009,0.0,,,,,264.3,314.3,545.6,54.3,280.0,,,,,,1178.4,,2031,missing_months,DINAJPUR NORTH,
West Bengal,Dinajpur North,IMD110-P2029,2010,,,,,,,463.8,401.5,397.1,62.6,0.8,0.0,,,,,63.5,2031,missing_months,DINAJPUR NORTH,
West Bengal,Dinajpur South,IMD110-P2032,1901,22.0,7.3,1.1,1.4,102.3,185.0,208.5,199.9,230.1,6.5,29.9,0.0,994.0,29.3,104.9,823.5,36.3,2032,,DINAJPUR SOUTH,
West Bengal,Dinajpur South,IMD110-P2032,1902,1.4,0.0,57.3,80.4,219.3,430.8,481.8,477.0,393.5,60.9,0.0,0.0,2202.4,1.4,357.0,1783.1,60.9,2032,,DINAJPUR SOUTH,
West Bengal,Dinajpur South,IMD110-P2032,1903,4.4,4.9,3.1,1.1,29.1,326.8,278.9,337.6,107.3,139.9,0.0,0.0,1233.2,9.4,33.4,1050.6,139.9,2032,,DINAJPUR SOUTH,
West Bengal,Dinajpur South,IMD110-P2032,1904,0.0,4.2,1.8,28.9,217.1,87.7,289.2,156.5,150.9,91.4,4.9,0.0,1032.8,4.2,247.9,684.3,96.4,2032,,DINAJPUR SOUTH,
West Bengal,Dinajpur South,IMD110-P2032,1905,7.1,56.3,37.5,57.5,500.8,111.8,315.9,557.6,365.6,8.1,0.0,0.0,2018.3,63.4,595.8,1350.9,8.1,2032,,DINAJPUR SOUTH,
West Bengal,Dinajpur South,IMD110-P2032,1906,21.1,47.8,41.0,0.0,272.6,239.8,363.5,412.0,243.0,190.4,18.8,0.0,1849.9,68.9,313.6,1258.2,209.2,2032,,DINAJPUR SOUTH,
West Bengal,Dinajpur South,IMD110-P2032,1907,0.0,8.3,111.2,37.5,89.9,398.8,438.5,174.5,387.8,13.9,0.0,1.0,1661.2,8.3,238.5,1399.5,14.9,2032,,DINAJPUR SOUTH,
West Bengal,Dinajpur South,IMD110-P2032,1908,11.0,51.5,0.8,39.6,146.3,442.1,166.6,160.6,307.3,43.2,0.0,0.0,1368.9,62.5,186.6,1076.7,43.2,2032,,DINAJPUR SOUTH,
West Bengal,Dinajpur South,IMD110-P2032,1909,2.2,1.9,0.0,51.5,132.9,440.3,148.8,447.9,212.1,132.6,0.0,0.0,1570.3,4.1,184.4,1249.2,132.6,2032,,DINAJPUR SOUTH,
West Bengal,Dinajpur South,IMD110-P2032,1910,0.0,26.0,31.0,6.8,166.1,573.3,509.1,465.3,143.6,150.3,6.5,0.0,2077.9,26.0,203.8,1691.3,156.8,2032,,DINAJPUR SOUTH,
West Bengal,Dinajpur South,IMD110-P2032,1911,1.5,0.0,10.4,56.1,222.8,421.2,400.7,192.0,268.8,261.8,0.0,0.0,1835.2,1.5,289.2,1282.7,261.8,2032,,DINAJPUR SOUTH,
West Bengal,Dinajpur South,IMD110-P2032,1912,11.4,7.7,56.4,105.2,200.8,206.6,863.3,457.1,74.4,135.3,133.9,0.0,2252.1,19.1,362.4,1601.4,269.2,2032,,DINAJPUR SOUTH,
West Bengal,Dinajpur South,IMD110-P2032,1913,0.0,16.0,15.8,2.5,119.1,578.5,,,,226.6,0.0,,,16.0,137.4,,,2032,missing_months,DINAJPUR SOUTH,
West Bengal,Dinajpur South,IMD110-P2032,1914,0.0,35.8,17.6,59.5,304.5,213.1,326.1,488.2,120.9,15.9,0.0,0.0,1581.7,35.8,381.6,1148.3,15.9,2032,,DINAJPUR SOUTH,
West Bengal,Dinajpur South,IMD110-P2032,1915,3.6,,25.9,31.5,237.6,219.7,291.9,447.9,,96.0,29.2,0.0,,,295.0,,125.2,2032,missing_months,DINAJPUR SOUTH,
West Bengal,Dinajpur South,IMD110-P2032,1916,0.0,8.3,0.0,139.8,49.9,303.5,,447.3,421.5,250.7,,0.0,,8.3,189.7,,,2032,missing_months,DINAJPUR SOUTH,
West Bengal,Dinajpur South,IMD110-P2032,1917,0.0,2.5,21.3,3.0,98.3,278.9,365.3,183.7,311.0,454.5,0.0,0.0,1718.5,2.5,122.6,1138.9,454.5,2032,,DINAJPUR SOUTH,
West Bengal,Dinajpur South,IMD110-P2032,1918,0.4,0.0,1.8,70.1,163.5,464.3,393.7,956.6,349.8,40.8,0.0,0.0,2440.9,0.4,235.4,2164.3,40.8,2032,,DINAJPUR SOUTH,
West Bengal,Dinajpur South,IMD110-P2032,1919,27.2,0.0,3.4,13.3,149.6,267.1,472.9,192.0,272.5,173.8,1.9,0.0,1573.6,27.2,166.2,1204.5,175.6,2032,,DINAJPUR SOUTH,
West Bengal,Dinajpur South,IMD110-P2032,1920,0.0,34.9,34.2,59.4,112.0,181.4,308.4,267.2,470.9,228.4,0.0,0.0,1696.8,34.9,205.6,1227.9,228.4,2032,,DINAJPUR SOUTH,
West Bengal,Dinajpur South,IMD110-P2032,1921,45.0,0.0,46.8,22.4,80.2,189.4,216.2,276.0,234.6,45.6,0.0,0.0,1156.2,45.0,149.4,916.3,45.6,2032,,DINAJPUR SOUTH,
West Bengal,Dinajpur South,IMD110-P2032,1922,3.3,5.8,0.0,19.1,39.3,815.5,475.5,398.3,1194.1,88.4,0.3,0.0,3039.5,9.1,58.4,2883.4,88.7,2032,,DINAJPUR SOUTH,
West Bengal,Dinajpur South,IMD110-P2032,1923,0.0,39.5,3.0,28.0,195.2,443.8,226.6,84.9,204.4,14.2,0.0,0.0,1239.7,39.5,226.2,959.8,14.2,2032,,DINAJPUR SOUTH,
West Bengal,Dinajpur South,IMD110-P2032,1924,0.0,3.2,0.9,35.9,171.8,146.4,364.0,241.8,382.1,27.5,75.8,0.8,1450.1,3.2,208.6,1134.3,104.1,2032,,DINAJPUR SOUTH,
West Bengal,Dinajpur South,IMD110-P2032,1925,2.5,9.0,27.3,206.4,209.3,241.5,350.5,286.1,371.0,43.5,11.9,0.0,1759.3,11.6,443.0,1249.2,55.5,2032,,DINAJPUR SOUTH,
West Bengal,Dinajpur South,IMD110-P2032,1926,6.5,4.9,32.5,30.4,220.1,78.8,332.0,350.1,570.8,127.2,0.0,15.5,1768.9,11.4,283.0,1331.8,142.7,2032,,DINAJPUR SOUTH,
West Bengal,Dinajpur South,IMD110-P2032,1927,26.5,40.6,32.7,1.5,168.2,212.0,163.3,200.5,190.9,13.2,2.3,0.0,1051.6,67.1,202.4,766.7,15.4,2032,,DINAJPUR SOUTH,
West Bengal,Dinajpur South,IMD110-P2032,1928,56.2,8.4,0.0,50.5,115.2,375.4,465.0,429.1,226.1,236.1,3.8,0.0,1965.7,64.6,165.6,1495.6,239.9,2032,,DINAJPUR SOUTH,
West Bengal,Dinajpur South,IMD110-P2032,1929,51.0,0.0,12.2,107.8,105.4,232.8,280.4,210.5,166.4,622.8,0.0,8.6,1797.9,51.0,225.5,890.1,631.4,2032,,DINAJPUR SOUTH,
West Bengal,Dinajpur South,IMD110-P2032,1930,14.7,6.2,13.5,28.0,202.7,303.9,315.3,319.6,227.8,45.7,66.9,0.0,1544.2,20.9,244.1,1166.6,112.6,2032,,DINAJPUR SOUTH,
West Bengal,Dinajpur South,IMD110-P2032,1931,0.0,12.4,14.4,6.1,175.4,130.3,566.0,140.0,417.4,95.1,25.2,2.7,1584.8,12.4,195.8,1253.7,122.9,2032,,DINAJPUR SOUTH,
West Bengal,Dinajpur South,IMD110-P2032,1932,0.0,2.1,0.0,39.4,170.8,243.1,261.0,369.9,181.3,145.1,88.0,0.0,1500.7,2.1,210.2,1055.3,233.1,2032,,DINAJPUR SOUTH,
West Bengal,Dinajpur South,IMD110-P2032,1933,5.8,4.1,1.0,52.9,148.9,271.4,305.1,408.4,268.6,102.4,0.0,0.0,1568.6,9.9,202.8,1253.4,102.4,2032,,DINAJPUR SOUTH,
West Bengal,Dinajpur South,IMD110-P2032,1934,9.5,36.5,1.0,71.3,140.9,337.4,332.5,356.1,157.3,138.1,0.0,1.3,1581.7,46.0,213.2,1183.2,139.3,2033,,DINAJPUR SOUTH,
West Bengal,Dinajpur South,IMD110-P2032,1935,3.2,10.4,0.0,3.5,76.8,197.5,268.1,768.7,286.0,1.1,0.0,0.0,1615.3,13.6,80.3,1520.3,1.1,2033,,DINAJPUR SOUTH,
West Bengal,Dinajpur South,IMD110-P2032,1936,2.8,1.3,11.9,51.5,192.8,136.6,447.8,448.0,519.3,111.6,0.0,4.2,1927.8,4.1,256.1,1551.8,115.8,2033,,DINAJPUR SOUTH,
West Bengal,Dinajpur South,IMD110-P2032,1937,0.0,68.2,0.0,12.9,296.5,247.5,301.8,571.0,367.3,990.7,0.0,0.0,2856.1,68.2,309.5,1487.7,990.7,2033,,DINAJPUR SOUTH,
West Bengal,Dinajpur South,IMD110-P2032,1938,0.0,1.3,0.0,12.0,327.2,526.7,409.0,383.7,292.0,62.8,0.0,0.0,2014.6,1.3,339.2,1611.3,62.8,2033,,DINAJPUR SOUTH,
West Bengal,Dinajpur South,IMD110-P2032,1939,0.0,34.1,7.7,0.0,160.8,459.3,439.1,341.1,302.1,235.5,0.0,0.0,1979.8,34.1,168.4,1541.8,235.5,2033,,DINAJPUR SOUTH,
West Bengal,Dinajpur South,IMD110-P2032,1940,0.0,58.5,93.8,8.0,33.3,136.5,225.1,344.4,279.1,1.1,5.1,1.3,1186.2,58.5,135.1,985.1,7.5,2033,,DINAJPUR SOUTH,
West Bengal,Dinajpur South,IMD110-P2032,1941,5.7,0.3,0.0,45.0,222.1,303.3,295.1,510.3,121.9,251.5,6.8,0.0,1761.9,5.9,267.1,1230.6,258.3,2033,,DINAJPUR SOUTH,
West Bengal,Dinajpur South,IMD110-P2032,1942,0.0,38.1,0.0,77.9,123.2,145.6,321.5,243.1,535.5,158.4,0.0,0.0,1643.5,38.1,201.1,1245.8,158.4,2033,,DINAJPUR SOUTH,
West Bengal,Dinajpur South,IMD110-P2032,1943,31.0,15.0,0.0,101.2,140.2,724.4,443.0,412.2,255.1,7.9,0.0,0.0,2129.9,46.0,241.4,1834.6,7.9,2033,,DINAJPUR SOUTH,
West Bengal,Dinajpur South,IMD110-P2032,1944,40.8,1.9,28.4,40.6,90.2,299.9,648.0,355.2,301.4,39.1,0.0,0.0,1845.4,42.7,159.2,1604.5,39.1,2033,,DINAJPUR SOUTH,
West Bengal,Dinajpur South,IMD110-P2032,1945,14.2,24.9,1.9,46.0,106.7,405.9,309.2,343.0,281.7,229.1,0.0,0.0,1762.5,39.1,154.6,1339.7,229.1,2033,,DINAJPUR SOUTH,
West Bengal,Dinajpur South,IMD110-P2032,1946,0.0,0.8,22.8,153.0,113.0,336.8,326.4,262.4,385.0,427.7,5.1,0.0,2032.7,0.8,288.7,1310.4,432.8,2033,,DINAJPUR SOUTH,
West Bengal,Dinajpur South,IMD110-P2032,1947,0.0,0.0,,,,,,237.5,,,,,,0.0,,,,2033,missing_months,DINAJPUR SOUTH,
West Bengal,Dinajpur South,IMD110-P2032,1948,0.0,,10.7,45.7,232.8,360.3,520.2,351.2,368.1,105.6,95.8,,,,289.2,1599.8,,2033,missing_months,DINAJPUR SOUTH,
West Bengal,Dinajpur South,IMD110-P2032,1950,,,,0.0,56.3,664.2,181.8,396.4,93.7,,,0.0,,,,1336.0,,2033,missing_months,DINAJPUR SOUTH,
West Bengal,Dinajpur South,IMD110-P2032,1951,0.0,0.0,5.6,28.6,61.0,727.9,344.0,447.3,151.2,,19.1,0.0,,0.0,95.2,1670.4,,2033,missing_months,DINAJPUR SOUTH,
West Bengal,Dinajpur South,IMD110-P2032,1952,0.0,1.5,67.4,93.3,291.9,628.5,579.7,271.3,444.0,141.3,13.4,0.0,2532.1,1.5,452.5,1923.4,154.6,2033,,DINAJPUR SOUTH,
West Bengal,Dinajpur South,IMD110-P2032,1953,73.6,0.0,28.8,9.1,121.6,321.0,872.3,289.0,553.8,97.8,0.0,0.0,2367.0,73.6,159.4,2036.2,97.8,2033,,DINAJPUR SOUTH,
West Bengal,Dinajpur South,IMD110-P2032,1954,30.3,13.2,0.0,0.0,160.8,655.3,628.9,403.1,225.2,,0.0,0.0,,43.5,160.8,1912.4,,2033,missing_months,DINAJPUR SOUTH,
West Bengal,Dinajpur South,IMD110-P2032,1955,12.1,9.1,9.6,59.4,121.3,347.5,464.4,503.3,432.8,56.8,18.9,0.0,2035.3,21.3,190.3,1748.0,75.8,2033,,DINAJPUR SOUTH,
West Bengal,Dinajpur South,IMD110-P2032,1956,10.8,0.0,12.8,165.4,152.6,556.9,474.5,660.6,256.8,291.5,28.6,0.0,2610.3,10.8,330.7,1948.7,320.1,2033,,DINAJPUR SOUTH,
West Bengal,Dinajpur South,IMD110-P2032,1957,132.7,0.0,51.0,0.0,0.0,184.2,443.5,263.4,119.2,32.0,,,,132.7,51.0,1010.3,,2033,missing_months,DINAJPUR SOUTH,
West Bengal,Dinajpur South,IMD110-P2032,1958,0.0,10.7,0.0,8.4,149.6,120.2,305.8,483.4,203.3,159.5,0.0,0.0,1440.9,10.7,158.0,1112.7,159.5,2033,,DINAJPUR SOUTH,
West Bengal,Dinajpur South,IMD110-P2032,1959,89.4,0.0,62.2,85.9,104.4,340.6,209.4,189.6,134.6,345.7,0.0,0.0,1561.8,89.4,252.5,874.2,345.7,2033,,DINAJPUR SOUTH,
West Bengal,Dinajpur South,IMD110-P2032,1960,0.0,0.0,35.7,0.0,152.6,128.7,272.0,269.6,422.8,40.0,0.0,0.0,1321.3,0.0,188.3,1093.0,40.0,2033,,DINAJPUR SOUTH,
West Bengal,Dinajpur South,IMD110-P2032,1961,5.6,46.0,7.0,5.3,88.5,444.6,154.5,198.0,155.6,138.5,3.1,2.8,1249.6,51.6,100.8,952.7,144.5,2033,,DINAJPUR SOUTH,
West Bengal,Dinajpur South,IMD110-P2032,1962,5.3,8.3,1.2,32.5,145.7,252.1,196.2,296.0,185.7,60.4,0.0,0.0,1183.4,13.6,179.3,930.0,60.4,2033,,DINAJPUR SOUTH,
West Bengal,Dinajpur South,IMD110-P2032,1963,0.0,0.0,50.3,68.1,227.6,244.8,405.1,164.6,161.1,168.7,55.0,0.0,1545.4,0.0,346.1,975.7,223.7,2033,,DINAJPUR SOUTH,
West Bengal,Dinajpur South,IMD110-P2032,1964,0.1,0.0,4.6,35.3,194.0,150.6,480.0,258.0,199.6,212.3,0.0,0.0,1534.5,0.1,233.9,1088.2,212.3,2033,,DINAJPUR SOUTH,
West Bengal,Dinajpur South,IMD110-P2032,1965,1.6,3.1,22.8,13.0,56.9,194.7,318.8,315.7,329.6,89.7,0.0,1.8,1347.7,4.7,92.7,1158.8,91.5,2033,,DINAJPUR SOUTH,
West Bengal,Dinajpur South,IMD110-P2032,1966,33.7,0.0,0.0,8.1,106.8,107.9,192.2,212.4,221.8,70.3,22.0,0.0,975.1,33.7,114.9,734.3,92.3,2033,,DINAJPUR SOUTH,
West Bengal,Dinajpur South,IMD110-P2032,1967,6.3,0.0,70.1,107.3,66.5,241.2,376.9,231.7,210.6,116.7,0.0,0.0,1427.3,6.3,243.9,1060.4,116.7,2033,,DINAJPUR SOUTH,
West Bengal,Dinajpur South,IMD110-P2032,1968,8.8,0.8,10.1,10.1,68.4,464.5,396.2,209.9,366.5,0.0,0.0,0.5,1535.8,9.6,88.6,1437.1,0.5,2033,,DINAJPUR SOUTH,
West Bengal,Dinajpur South,IMD110-P2032,1969,8.1,0.2,35.1,97.6,129.9,159.3,320.4,264.5,392.5,54.8,9.6,0.0,1472.0,8.3,262.6,1136.8,64.4,2034,,DINAJPUR SOUTH,
West Bengal,Dinajpur South,IMD110-P2032,1970,16.8,20.4,2.2,19.1,95.5,236.5,472.3,159.8,158.8,81.5,0.0,0.0,1262.9,37.2,116.8,1027.4,81.5,2034,,DINAJPUR SOUTH,
West Bengal,Dinajpur South,IMD110-P2032,1971,27.8,3.6,0.5,156.4,184.4,450.1,349.7,,333.7,150.6,,0.0,,31.4,341.3,,,2034,missing_months,DINAJPUR SOUTH,
West Bengal,Dinajpur South,IMD110-P2032,1972,0.0,14.3,56.7,3.8,73.5,210.4,223.2,221.5,170.6,77.2,2.0,0.0,1053.2,14.3,134.0,825.7,79.2,2034,,DINAJPUR SOUTH,
West Bengal,Dinajpur South,IMD110-P2032,1973,15.6,48.2,33.7,28.3,186.3,485.5,301.8,130.8,642.6,150.6,9.0,8.5,2040.9,63.8,248.3,1560.7,168.1,2034,,DINAJPUR SOUTH,
West Bengal,Dinajpur South,IMD110-P2032,1974,4.0,0.0,120.3,61.6,246.4,287.6,490.6,321.2,,82.7,,,,4.0,428.3,,,2034,missing_months,DINAJPUR SOUTH,
West Bengal,Dinajpur South,IMD110-P2032,1975,,16.6,,59.5,122.7,99.0,371.5,,92.3,,,,,,,,,2034,missing_months,DINAJPUR SOUTH,
West Bengal,Dinajpur South,IMD110-P2032,1976,,18.5,2.6,68.5,115.7,238.0,373.8,466.4,203.2,34.9,0.0,0.0,,,186.8,1281.4,34.9,2034,missing_months,DINAJPUR SOUTH,
West Bengal,Dinajpur South,IMD110-P2032,1977,2.1,1.0,0.0,54.0,168.5,564.9,364.5,135.3,103.4,127.9,30.8,8.5,1560.9,3.1,222.5,1168.1,167.2,2034,,DINAJPUR SOUTH,
West Bengal,Dinajpur South,IMD110-P2032,1978,5.2,10.6,17.0,138.4,,589.6,236.9,,,,2.1,0.0,,15.8,,,,2034,missing_months,DINAJPUR SOUTH,
West Bengal,Dinajpur South,IMD110-P2032,1979,25.6,21.3,12.3,69.4,10.6,89.0,562.1,218.2,442.7,,10.7,9.5,,46.9,92.3,1312.0,,2034,missing_months,DINAJPUR SOUTH,
West Bengal,Dinajpur South,IMD110-P2032,1980,2.2,9.7,22.2,103.8,342.3,266.1,664.1,351.2,255.8,106.0,0.0,,,11.9,468.3,1537.2,,2034,missing_months,DINAJPUR SOUTH,
West Bengal,Dinajpur South,IMD110-P2032,1981,,,,,,,,,,,,14.4,,,,,,2034,missing_months,DINAJPUR SOUTH,
West Bengal,Dinajpur South,IMD110-P2032,1982,0.0,4.2,27.5,18.2,87.4,384.5,284.8,408.4,,,,,,4.2,133.1,,,2034,missing_months,DINAJPUR SOUTH,
West Bengal,Dinajpur South,IMD110-P2032,1983,,,,,,,322.8,296.2,495.2,322.3,0.0,53.2,,,,,375.5,2034,missing_months,DINAJPUR SOUTH,
West Bengal,Dinajpur South,IMD110-P2032,1984,26.2,0.0,15.2,27.2,258.5,,282.0,228.3,238.3,317.9,0.0,2.3,,26.2,300.9,,320.2,2034,missing_months,DINAJPUR SOUTH,
West Bengal,Dinajpur South,IMD110-P2032,1985,0.0,4.1,0.0,25.5,178.1,319.8,571.8,201.9,337.2,150.0,0.0,10.9,1799.3,4.1,203.6,1430.7,160.9,2034,,DINAJPUR SOUTH,
West Bengal,Dinajpur South,IMD110-P2032,1986,0.0,2.1,0.0,83.3,191.9,112.9,174.7,96.1,321.3,347.9,2.2,3.4,1335.8,2.1,275.2,705.0,353.5,2034,,DINAJPUR SOUTH,
West Bengal,Dinajpur South,IMD110-P2032,1987,0.0,1.1,10.3,76.3,143.0,239.0,1033.6,503.7,347.9,29.9,10.3,3.3,2398.4,1.1,229.6,2124.2,43.5,2034,,DINAJPUR SOUTH,
West Bengal,Dinajpur South,IMD110-P2032,1988,0.0,4.1,45.9,140.4,191.1,,384.5,,37.1,47.2,43.1,6.2,,4.1,377.4,,96.5,2034,missing_months,DINAJPUR SOUTH,
West Bengal,Dinajpur South,IMD110-P2032,1989,2.1,161.0,0.0,51.0,223.0,307.1,,142.2,283.8,94.2,,,,163.1,274.0,,,2034,missing_months,DINAJPUR SOUTH,
West Bengal,Dinajpur South,IMD110-P2032,1990,0.0,24.9,64.5,114.2,313.3,265.8,,161.7,236.1,159.8,0.0,,,24.9,492.0,,,2034,missing_months,DINAJPUR SOUTH,
West Bengal,Dinajpur South,IMD110-P2032,1991,10.4,4.2,3.4,47.1,525.8,433.6,537.0,346.4,527.3,29.7,0.0,31.3,2496.2,14.6,576.3,1844.3,61.0,2034,,DINAJPUR SOUTH,
West Bengal,Dinajpur South,IMD110-P2032,1992,0.0,7.8,0.0,16.4,,186.2,447.6,,,76.9,0.0,,,7.8,,,,2034,missing_months,DINAJPUR SOUTH,
West Bengal,Dinajpur South,IMD110-P2032,1993,,,,51.9,288.6,246.5,305.8,408.8,307.4,,49.2,,,,,1268.4,,2034,missing_months,DINAJPUR SOUTH,
West Bengal,Dinajpur South,IMD110-P2032,1994,39.0,,,,,,99.2,228.9,288.8,76.6,0.0,0.0,,,,,76.6,2034,missing_months,DINAJPUR SOUTH,
West Bengal,Dinajpur South,IMD110-P2032,1995,3.2,5.0,0.0,0.0,,333.2,,303.9,,14.3,54.6,2.2,,8.2,,,71.1,2034,missing_months,DINAJPUR SOUTH,
West Bengal,Dinajpur South,IMD110-P2032,1996,,,,,,,213.8,267.9,457.4,77.0,0.0,,,,,,,2034,missing_months,DINAJPUR SOUTH,
West Bengal,Dinajpur South,IMD110-P2032,1997,12.8,,20.6,63.9,59.1,356.9,,,,,,,,,143.6,,,2034,missing_months,DINAJPUR SOUTH,
West Bengal,Dinajpur South,IMD110-P2032,1998,,,,,,134.8,,,308.4,,,,,,,,,2034,missing_months,DINAJPUR SOUTH,
West Bengal,Dinajpur South,IMD110-P2032,1999,0.0,0.0,0.0,,273.0,,,,,,,,,0.0,,,,2034,missing_months,DINAJPUR SOUTH,
West Bengal,Dinajpur South,IMD110-P2032,2000,,,0.0,142.5,,,,,,,,,,,,,,2034,missing_months,DINAJPUR SOUTH,
West Bengal,Dinajpur South,IMD110-P2032,2001,4.4,0.0,0.0,0.0,204.6,198.2,208.4,58.7,322.9,288.5,33.2,0.0,1318.9,4.4,204.6,788.2,321.7,2034,,DINAJPUR SOUTH,
West Bengal,Dinajpur South,IMD110-P2032,2002,,,,,,149.3,269.3,192.3,,,,,,,,,,2034,missing_months,DINAJPUR SOUTH,
West Bengal,Dinajpur South,IMD110-P2032,2003,,,,,,284.8,,296.2,134.5,,,,,,,,,2035,missing_months,DINAJPUR SOUTH,
West Bengal,Dinajpur South,IMD110-P2032,2004,,,,,,,453.3,,,,,,,,,,,2035,missing_months,DINAJPUR SOUTH,
West Bengal,Dinajpur South,IMD110-P2032,2007,,,,,,,507.2,,,,,,,,,,,2035,missing_months,DINAJPUR SOUTH,
West Bengal,Dinajpur South,IMD110-P2032,2008,,,,,,301.9,540.6,273.8,,,,,,,,,,2035,missing_months,DINAJPUR SOUTH,
West Bengal,Dinajpur South,IMD110-P2032,2009,,,,,,,,528.6,29.4,,,,,,,,,2035,missing_months,DINAJPUR SOUTH,
West Bengal,Dinajpur South,IMD110-P2032,2010,,,,,,,178.9,386.2,219.4,146.1,6.7,0.0,,,,,152.8,2035,missing_months,DINAJPUR SOUTH,
West Bengal,E Midnapore,IMD110-P2036,1901,54.8,86.6,1.6,85.4,103.3,237.5,254.1,278.6,326.6,67.0,119.6,0.0,1615.3,141.5,190.3,1096.9,186.6,2036,,EAST MIDNAPORE,
West Bengal,E Midnapore,IMD110-P2036,1902,0.0,0.0,46.5,110.4,173.5,70.6,477.6,354.0,189.0,29.0,27.7,27.2,1505.4,0.0,330.4,1091.1,83.9,2036,,EAST MIDNAPORE,
West Bengal,E Midnapore,IMD110-P2036,1903,35.9,17.2,44.1,37.0,69.5,175.0,164.5,310.5,395.0,193.1,14.7,0.0,1456.4,53.0,150.6,1045.0,207.9,2036,,EAST MIDNAPORE,
West Bengal,E Midnapore,IMD110-P2036,1904,0.0,37.3,62.0,29.8,146.2,305.2,478.8,238.3,180.7,68.2,4.5,0.7,1551.7,37.3,238.0,1202.9,73.4,2036,,EAST MIDNAPORE,
West Bengal,E Midnapore,IMD110-P2036,1905,34.1,43.9,87.8,71.9,141.1,45.5,469.1,215.4,266.3,118.6,0.0,0.3,1494.0,78.0,300.8,996.3,118.8,2036,,EAST MIDNAPORE,
West Bengal,E Midnapore,IMD110-P2036,1906,54.1,119.6,47.8,3.5,50.0,208.0,386.1,188.0,235.9,184.6,18.5,0.0,1496.1,173.7,101.4,1018.0,203.1,2036,,EAST MIDNAPORE,
West Bengal,E Midnapore,IMD110-P2036,1907,1.9,16.8,124.8,23.1,85.4,425.8,148.5,324.8,241.7,14.3,0.0,16.2,1423.3,18.6,233.3,1140.9,30.5,2036,,EAST MIDNAPORE,
West Bengal,E Midnapore,IMD110-P2036,1908,42.8,0.3,0.6,0.2,130.9,330.8,361.8,376.0,154.1,25.4,0.0,0.0,1422.7,43.0,131.6,1222.7,25.4,2036,,EAST MIDNAPORE,
West Bengal,E Midnapore,IMD110-P2036,1909,0.5,7.8,3.7,139.3,122.9,307.5,288.1,356.9,250.3,55.1,4.0,15.4,1551.5,8.3,265.9,1202.8,74.5,2036,,EAST MIDNAPORE,
West Bengal,E Midnapore,IMD110-P2036,1910,43.3,4.0,4.7,25.8,98.5,270.3,349.7,223.7,191.6,210.1,0.0,0.0,1421.9,47.3,129.0,1035.3,210.1,2036,,EAST MIDNAPORE,
West Bengal,E Midnapore,IMD110-P2036,1911,0.2,1.6,63.5,24.7,112.2,270.0,180.8,267.5,238.8,129.0,8.3,0.0,1296.4,1.8,200.3,957.1,137.3,2036,,EAST MIDNAPORE,
West Bengal,E Midnapore,IMD110-P2036,1912,0.1,56.4,127.0,37.2,38.5,206.4,285.9,337.5,165.4,191.3,50.5,0.0,1496.0,56.5,202.6,995.1,241.7,2036,,EAST MIDNAPORE,
West Bengal,E Midnapore,IMD110-P2036,1913,7.7,113.9,32.2,4.1,195.3,619.0,517.1,334.7,211.3,124.1,22.6,0.1,2182.2,121.6,231.6,1682.1,146.9,2036,,EAST MIDNAPORE,
West Bengal,E Midnapore,IMD110-P2036,1914,0.0,27.1,26.3,45.8,267.2,263.4,364.1,185.8,222.3,21.5,0.0,19.1,1442.7,27.1,339.4,1035.6,40.5,2036,,EAST MIDNAPORE,
West Bengal,E Midnapore,IMD110-P2036,1915,12.1,9.1,125.0,44.5,102.7,253.6,241.3,289.5,317.3,122.2,93.6,0.0,1610.9,21.2,272.2,1101.8,215.8,2036,,EAST MIDNAPORE,
West Bengal,E Midnapore,IMD110-P2036,1916,0.1,0.2,0.6,33.6,57.3,428.2,112.6,286.0,378.1,372.0,101.9,0.0,1770.6,0.3,91.5,1204.9,473.8,2036,,EAST MIDNAPORE,
West Bengal,E Midnapore,IMD110-P2036,1917,0.0,44.2,22.4,48.7,188.7,465.7,310.3,330.7,240.3,463.9,6.1,0.0,2121.0,44.2,259.8,1347.0,470.0,2036,,EAST MIDNAPORE,
West Bengal,E Midnapore,IMD110-P2036,1918,0.5,0.0,13.5,50.9,177.3,325.9,174.0,256.3,179.1,5.8,0.3,2.0,1185.7,0.5,241.7,935.3,8.1,2036,,EAST MIDNAPORE,
West Bengal,E Midnapore,IMD110-P2036,1919,29.6,35.1,18.8,74.4,139.8,476.9,282.7,433.7,92.5,41.4,54.4,0.0,1679.4,64.7,233.0,1285.8,95.8,2036,,EAST MIDNAPORE,
West Bengal,E Midnapore,IMD110-P2036,1920,0.0,38.6,151.4,15.8,87.2,98.5,401.8,281.6,154.9,155.8,0.0,0.0,1385.5,38.6,254.4,936.7,155.8,2036,,EAST MIDNAPORE,
West Bengal,E Midnapore,IMD110-P2036,1921,35.7,6.0,25.2,72.2,59.8,209.1,348.7,426.4,205.9,62.5,0.0,0.0,1451.4,41.7,157.2,1190.1,62.5,2036,,EAST MIDNAPORE,
West Bengal,E Midnapore,IMD110-P2036,1922,5.0,0.1,0.4,23.3,37.8,478.8,232.8,362.2,248.2,96.1,7.3,0.0,1491.8,5.1,61.4,1322.0,103.4,2036,,EAST MIDNAPORE,
West Bengal,E Midnapore,IMD110-P2036,1923,0.0,120.4,2.4,13.3,94.7,128.6,305.4,400.2,155.8,69.1,24.8,0.4,1315.1,120.4,110.4,990.0,94.4,2036,,EAST MIDNAPORE,
West Bengal,E Midnapore,IMD110-P2036,1924,9.5,9.3,0.3,11.3,63.4,131.7,311.4,297.7,244.3,100.3,81.5,0.0,1260.6,18.7,75.0,985.1,181.7,2036,,EAST MIDNAPORE,
West Bengal,E Midnapore,IMD110-P2036,1925,12.9,10.6,32.2,53.1,96.2,191.9,320.1,220.7,142.4,281.0,2.1,0.0,1363.4,23.5,181.6,875.2,283.1,2036,,EAST MIDNAPORE,
West Bengal,E Midnapore,IMD110-P2036,1926,12.7,6.3,164.4,38.8,66.1,99.5,639.0,545.2,206.2,86.9,0.0,2.1,1867.2,19.0,269.3,1489.9,89.0,2036,,EAST MIDNAPORE,
West Bengal,E Midnapore,IMD110-P2036,1927,15.5,16.3,4.4,15.0,75.3,298.4,432.7,349.7,148.4,64.3,0.7,0.0,1420.8,31.8,94.7,1229.2,65.0,2036,,EAST MIDNAPORE,
West Bengal,E Midnapore,IMD110-P2036,1928,2.3,2.1,1.2,71.2,106.0,482.2,578.9,467.2,147.1,202.5,0.0,0.0,2060.6,4.4,178.4,1675.3,202.5,2036,,EAST MIDNAPORE,
West Bengal,E Midnapore,IMD110-P2036,1929,61.1,9.9,52.2,59.2,36.6,325.6,477.7,439.4,161.1,469.5,0.0,17.4,2109.5,70.9,148.0,1403.7,486.9,2036,,EAST MIDNAPORE,
West Bengal,E Midnapore,IMD110-P2036,1930,0.0,18.2,18.2,21.4,81.4,192.4,423.1,310.5,262.4,23.5,75.2,0.5,1426.9,18.2,121.0,1188.4,99.3,2036,,EAST MIDNAPORE,
West Bengal,E Midnapore,IMD110-P2036,1931,0.5,94.6,33.1,32.8,107.2,180.4,326.7,273.9,215.3,287.4,72.3,2.6,1626.6,95.0,173.1,996.2,362.3,2036,,EAST MIDNAPORE,
West Bengal,E Midnapore,IMD110-P2036,1932,0.0,16.3,6.8,46.0,270.4,140.2,398.6,228.6,200.8,93.4,153.9,0.0,1555.0,16.3,323.2,968.2,247.3,2036,,EAST MIDNAPORE,
West Bengal,E Midnapore,IMD110-P2036,1933,11.4,64.6,9.8,62.2,133.4,276.1,544.3,336.4,348.7,232.8,13.0,1.6,2034.4,76.0,205.4,1505.5,247.4,2036,,EAST MIDNAPORE,
West Bengal,E Midnapore,IMD110-P2036,1934,1.1,6.6,0.2,25.3,62.5,187.1,201.3,347.9,235.2,115.1,19.8,6.5,1208.5,7.7,88.0,971.5,141.4,2037,,EAST MIDNAPORE,
West Bengal,E Midnapore,IMD110-P2036,1935,11.2,39.1,36.0,47.7,24.2,199.6,243.7,243.7,188.1,13.5,0.0,4.3,1051.2,50.4,107.9,875.1,17.8,2037,,EAST MIDNAPORE,
West Bengal,E Midnapore,IMD110-P2036,1936,9.6,37.7,11.6,25.0,346.1,414.6,302.7,296.3,227.5,75.2,0.1,12.6,1759.0,47.3,382.7,1241.0,87.9,2037,,EAST MIDNAPORE,
West Bengal,E Midnapore,IMD110-P2036,1937,0.0,152.8,11.7,37.5,162.7,333.9,282.7,254.2,365.5,160.5,4.2,0.3,1766.1,152.8,212.0,1236.3,165.0,2037,,EAST MIDNAPORE,
West Bengal,E Midnapore,IMD110-P2036,1938,36.9,11.1,4.1,5.9,212.0,258.2,222.5,258.1,136.0,88.6,8.9,0.0,1242.3,48.0,222.1,874.7,97.5,2037,,EAST MIDNAPORE,
West Bengal,E Midnapore,IMD110-P2036,1939,8.2,28.8,7.8,22.9,75.3,279.0,364.7,448.2,224.0,220.9,17.3,0.1,1697.1,37.0,106.0,1315.8,238.2,2037,,EAST MIDNAPORE,
West Bengal,E Midnapore,IMD110-P2036,1940,0.0,38.5,114.4,11.6,111.7,310.3,359.4,612.2,196.9,91.4,2.2,0.2,1848.9,38.5,237.8,1478.9,93.7,2037,,EAST MIDNAPORE,
West Bengal,E Midnapore,IMD110-P2036,1941,43.1,0.0,3.9,18.9,104.6,361.8,409.7,467.6,212.9,335.8,75.1,0.0,2033.4,43.1,127.4,1452.0,410.9,2037,,EAST MIDNAPORE,
West Bengal,E Midnapore,IMD110-P2036,1942,1.2,9.4,11.6,55.0,57.6,138.5,403.2,469.6,416.0,160.6,17.9,0.0,1740.6,10.6,124.2,1427.3,178.5,2037,,EAST MIDNAPORE,
West Bengal,E Midnapore,IMD110-P2036,1943,34.9,12.5,26.1,89.2,18.3,198.9,361.6,303.2,142.1,74.1,0.0,0.0,1260.8,47.4,133.6,1005.7,74.1,2037,,EAST MIDNAPORE,
West Bengal,E Midnapore,IMD110-P2036,1944,69.1,13.0,49.4,36.0,52.6,166.5,378.4,435.6,154.7,127.2,0.0,0.0,1482.6,82.2,138.0,1135.2,127.2,2037,,EAST MIDNAPORE,
West Bengal,E Midnapore,IMD110-P2036,1945,23.8,3.3,1.0,69.1,162.7,195.5,172.1,135.3,218.7,352.1,0.0,0.0,1333.5,27.1,232.8,721.6,352.1,2037,,EAST MIDNAPORE,
West Bengal,E Midnapore,IMD110-P2036,1946,0.0,7.1,21.4,117.2,123.1,241.8,273.9,448.8,338.5,221.8,71.9,0.0,1865.4,7.1,261.6,1303.0,293.7,2037,,EAST MIDNAPORE,
West Bengal,E Midnapore,IMD110-P2036,1947,4.0,27.8,35.6,16.0,128.1,192.3,,152.2,206.0,79.8,0.0,54.9,,31.8,179.7,,134.8,2037,missing_months,EAST MIDNAPORE,
West Bengal,E Midnapore,IMD110-P2036,1948,27.6,57.3,66.3,46.4,126.6,188.3,231.9,332.0,240.6,55.1,146.6,0.0,1518.8,84.9,239.4,992.9,201.7,2037,,EAST MIDNAPORE,
West Bengal,E Midnapore,IMD110-P2036,1949,4.6,3.3,18.5,138.7,179.9,176.8,278.3,217.1,258.1,105.4,16.6,0.0,1397.3,7.9,337.2,930.3,122.0,2037,,EAST MIDNAPORE,
West Bengal,E Midnapore,IMD110-P2036,1950,0.0,7.7,30.0,22.5,117.2,468.3,295.7,320.4,196.3,104.6,183.5,0.0,1746.3,7.7,169.8,1280.7,288.1,2037,,EAST MIDNAPORE,
West Bengal,E Midnapore,IMD110-P2036,1951,0.0,0.0,100.6,5.9,80.7,174.2,215.8,261.8,163.9,117.5,39.4,0.0,1159.9,0.0,187.2,815.8,156.9,2037,,EAST MIDNAPORE,
West Bengal,E Midnapore,IMD110-P2036,1952,0.0,0.0,15.7,79.8,89.2,206.5,557.2,274.5,217.0,185.0,5.8,0.0,1630.7,0.0,184.8,1255.2,190.7,2037,,EAST MIDNAPORE,
West Bengal,E Midnapore,IMD110-P2036,1953,30.4,11.2,0.0,18.8,73.5,326.0,255.1,393.3,363.5,61.8,36.5,0.0,1570.2,41.6,92.4,1337.9,98.3,2037,,EAST MIDNAPORE,
West Bengal,E Midnapore,IMD110-P2036,1954,13.5,13.0,1.8,9.4,68.1,190.5,123.3,222.9,299.5,71.2,0.0,45.6,1058.8,26.5,79.4,836.2,116.8,2037,,EAST MIDNAPORE,
West Bengal,E Midnapore,IMD110-P2036,1955,0.0,1.3,4.6,19.6,84.4,177.8,261.8,303.7,315.8,266.1,94.7,0.1,1529.9,1.3,108.6,1059.1,360.9,2037,,EAST MIDNAPORE,
West Bengal,E Midnapore,IMD110-P2036,1956,1.7,28.8,51.9,27.8,237.6,393.7,323.5,307.3,327.0,268.8,14.0,0.0,1982.1,30.5,317.3,1351.6,282.7,2037,,EAST MIDNAPORE,
West Bengal,E Midnapore,IMD110-P2036,1957,45.2,28.8,6.8,6.5,20.4,158.8,268.4,207.9,259.2,44.3,0.0,0.0,1046.2,73.9,33.7,894.3,44.3,2037,,EAST MIDNAPORE,
West Bengal,E Midnapore,IMD110-P2036,1958,11.4,41.3,13.5,33.8,89.8,99.3,302.4,228.3,335.4,112.0,12.5,0.0,1279.8,52.7,137.1,965.4,124.5,2037,,EAST MIDNAPORE,
West Bengal,E Midnapore,IMD110-P2036,1959,32.6,27.1,13.1,35.8,102.8,182.7,209.9,186.3,589.2,281.8,0.0,0.6,1661.9,59.6,151.8,1168.1,282.4,2037,,EAST MIDNAPORE,
West Bengal,E Midnapore,IMD110-P2036,1960,2.8,0.0,26.0,4.3,191.0,113.1,346.4,399.3,319.9,104.6,0.0,0.0,1507.3,2.8,221.2,1178.8,104.6,2037,,EAST MIDNAPORE,
West Bengal,E Midnapore,IMD110-P2036,1961,10.1,98.9,17.0,16.6,98.7,325.8,163.5,272.3,344.4,102.7,0.1,0.0,1450.0,109.0,132.2,1106.0,102.8,2037,,EAST MIDNAPORE,
West Bengal,E Midnapore,IMD110-P2036,1962,7.7,22.3,8.0,58.2,95.3,225.1,170.3,232.3,293.3,229.1,0.0,0.0,1341.6,30.0,161.5,921.0,229.1,2037,,EAST MIDNAPORE,
West Bengal,E Midnapore,IMD110-P2036,1963,0.0,1.0,8.2,85.6,130.5,228.2,274.0,195.6,352.4,158.3,4.4,0.0,1438.2,1.0,224.2,1050.3,162.7,2037,,EAST MIDNAPORE,
West Bengal,E Midnapore,IMD110-P2036,1964,4.0,9.3,19.3,88.6,92.3,130.5,606.1,226.1,279.8,134.6,7.3,0.0,1598.0,13.3,200.3,1242.5,141.9,2037,,EAST MIDNAPORE,
West Bengal,E Midnapore,IMD110-P2036,1965,0.0,66.7,60.4,57.1,54.7,300.4,350.2,407.8,349.9,122.7,0.0,0.0,1769.9,66.7,172.2,1408.3,122.7,2037,,EAST MIDNAPORE,
West Bengal,E Midnapore,IMD110-P2036,1966,45.3,18.1,21.4,44.3,44.2,270.3,115.2,180.3,285.4,99.8,46.6,6.1,1176.9,63.4,109.8,851.2,152.5,2037,,EAST MIDNAPORE,
West Bengal,E Midnapore,IMD110-P2036,1967,104.1,5.8,45.6,61.1,67.5,160.6,222.2,397.7,430.7,90.6,0.0,0.0,1585.8,109.9,174.2,1211.2,90.6,2037,,EAST MIDNAPORE,
West Bengal,E Midnapore,IMD110-P2036,1968,0.6,22.5,8.3,13.1,35.1,396.0,337.8,644.6,175.8,160.2,97.8,0.0,1891.7,23.0,56.6,1554.2,257.9,2038,,EAST MIDNAPORE,
West Bengal,E Midnapore,IMD110-P2036,1969,15.4,0.0,25.0,85.1,89.7,135.8,240.4,382.8,479.6,50.7,5.0,0.0,1509.4,15.4,199.7,1238.6,55.7,2038,,EAST MIDNAPORE,
West Bengal,E Midnapore,IMD110-P2036,1970,5.6,34.5,38.0,23.1,131.7,338.7,213.4,190.0,536.3,260.1,13.8,0.0,1785.0,40.1,192.7,1278.4,273.8,2038,,EAST MIDNAPORE,
West Bengal,E Midnapore,IMD110-P2036,1971,32.7,7.9,10.4,224.6,124.8,263.5,521.3,782.9,285.1,248.2,15.1,0.0,2516.5,40.6,359.8,1852.8,263.3,2038,,EAST MIDNAPORE,
West Bengal,E Midnapore,IMD110-P2036,1972,0.0,7.6,,3.5,48.6,73.5,317.7,470.0,253.1,90.1,,0.0,,7.6,,1114.3,,2038,missing_months,EAST MIDNAPORE,
West Bengal,E Midnapore,IMD110-P2036,1973,0.0,7.4,99.5,46.0,186.5,30.3,396.2,425.2,323.4,391.5,16.7,97.4,2020.1,7.4,332.0,1175.1,505.6,2038,,EAST MIDNAPORE,
West Bengal,E Midnapore,IMD110-P2036,1974,0.0,0.0,86.8,23.7,41.5,67.4,452.6,283.6,196.3,79.1,1.4,0.0,1232.4,0.0,152.0,999.9,80.5,2038,,EAST MIDNAPORE,
West Bengal,E Midnapore,IMD110-P2036,1975,0.1,24.1,0.0,51.8,35.3,336.6,152.4,365.4,238.6,,,,,24.2,87.1,1093.0,,2038,missing_months,EAST MIDNAPORE,
West Bengal,E Midnapore,IMD110-P2036,1976,0.0,0.0,23.2,29.0,75.9,158.2,389.0,590.8,203.4,,,,,0.0,128.1,1341.4,,2038,missing_months,EAST MIDNAPORE,
West Bengal,E Midnapore,IMD110-P2036,1977,,,,,212.9,343.5,525.5,370.8,,31.6,,,,,,,,2038,missing_months,EAST MIDNAPORE,
West Bengal,E Midnapore,IMD110-P2036,1978,0.0,37.6,71.2,,,140.6,,,,,,,,37.6,,,,2038,missing_months,EAST MIDNAPORE,
West Bengal,E Midnapore,IMD110-P2036,1979,,,,,8.4,496.4,350.8,285.7,,,,,,,,,,2038,missing_months,EAST MIDNAPORE,
West Bengal,E Midnapore,IMD110-P2036,1980,17.5,3.7,85.9,8.0,75.5,394.9,273.4,136.3,,,,,,21.2,169.4,,,2038,missing_months,EAST MIDNAPORE,
West Bengal,E Midnapore,IMD110-P2036,1981,1.2,49.6,,,364.9,,394.1,245.1,149.8,4.3,0.0,133.8,,50.8,,,138.1,2038,missing_months,EAST MIDNAPORE,
West Bengal,E Midnapore,IMD110-P2036,1982,0.0,49.9,77.7,122.0,22.9,158.6,247.0,326.8,78.7,25.6,30.3,0.1,1139.5,49.9,222.5,811.1,56.0,2038,,EAST MIDNAPORE,
West Bengal,E Midnapore,IMD110-P2036,1983,40.9,75.6,66.4,22.5,116.4,166.5,201.4,389.0,260.1,145.0,5.0,0.9,1489.8,116.5,205.4,1017.1,150.9,2038,,EAST MIDNAPORE,
West Bengal,E Midnapore,IMD110-P2036,1984,11.3,0.8,0.2,13.3,69.0,660.2,299.8,398.0,146.1,52.3,0.0,0.0,1650.9,12.1,82.4,1504.1,52.3,2038,,EAST MIDNAPORE,
West Bengal,E Midnapore,IMD110-P2036,1985,8.6,48.9,6.1,11.0,73.1,262.7,128.8,318.9,331.0,139.5,1.0,0.0,1329.5,57.4,90.1,1041.5,140.5,2038,,EAST MIDNAPORE,
West Bengal,E Midnapore,IMD110-P2036,1986,13.3,10.4,10.0,60.7,120.5,135.6,353.5,220.3,766.4,237.6,177.5,0.4,2106.0,23.7,191.2,1475.7,415.5,2038,,EAST MIDNAPORE,
West Bengal,E Midnapore,IMD110-P2036,1987,2.2,7.3,17.7,67.9,119.5,135.3,287.6,241.0,250.8,27.7,76.8,2.4,1236.2,9.5,205.1,914.7,106.9,2038,,EAST MIDNAPORE,
West Bengal,E Midnapore,IMD110-P2036,1988,1.0,27.6,26.3,66.5,87.5,704.0,200.8,264.3,203.4,122.4,49.4,0.0,1753.4,28.6,180.3,1372.5,171.9,2038,,EAST MIDNAPORE,
West Bengal,E Midnapore,IMD110-P2036,1989,0.1,0.7,1.7,3.6,171.1,303.6,293.2,330.0,292.5,76.8,0.0,0.0,1473.4,0.8,176.4,1219.4,76.8,2038,,EAST MIDNAPORE,
West Bengal,E Midnapore,IMD110-P2036,1990,0.0,81.4,171.5,90.5,163.6,273.4,407.5,303.2,324.7,198.1,137.5,0.1,2151.5,81.4,425.7,1308.8,335.7,2038,,EAST MIDNAPORE,
West Bengal,E Midnapore,IMD110-P2036,1991,34.3,8.9,27.9,25.3,83.2,290.3,413.0,270.7,245.8,192.5,17.8,7.4,1617.1,43.2,136.4,1219.8,217.8,2038,,EAST MIDNAPORE,
West Bengal,E Midnapore,IMD110-P2036,1992,19.8,80.4,0.0,51.8,146.0,271.3,423.9,198.4,404.1,97.7,1.7,0.0,1695.1,100.2,197.8,1297.7,99.4,2038,,EAST MIDNAPORE,
West Bengal,E Midnapore,IMD110-P2036,1993,1.9,4.3,74.7,77.4,170.1,562.7,315.5,510.9,479.3,116.5,111.3,0.0,2424.6,6.2,322.2,1868.4,227.8,2038,,EAST MIDNAPORE,
West Bengal,E Midnapore,IMD110-P2036,1994,11.6,63.1,0.9,57.9,111.9,353.0,458.3,274.0,227.3,126.6,12.7,0.0,1697.3,74.7,170.7,1312.6,139.3,2038,,EAST MIDNAPORE,
West Bengal,E Midnapore,IMD110-P2036,1995,6.2,33.1,17.3,16.0,413.6,150.4,352.2,395.5,339.6,202.9,157.3,0.0,2084.0,39.3,446.9,1237.7,360.2,2038,,EAST MIDNAPORE,
West Bengal,E Midnapore,IMD110-P2036,1996,5.6,20.3,3.0,33.8,32.3,309.6,279.8,669.9,131.8,146.0,34.9,0.3,1667.4,25.9,69.1,1391.1,181.2,2038,,EAST MIDNAPORE,
West Bengal,E Midnapore,IMD110-P2036,1997,28.5,20.0,70.9,205.6,116.5,174.1,376.6,421.6,265.4,16.8,30.6,33.8,1760.4,48.5,393.0,1237.7,81.1,2038,,EAST MIDNAPORE,
West Bengal,E Midnapore,IMD110-P2036,1998,43.8,16.1,105.4,27.5,36.4,330.3,220.3,320.8,740.7,209.2,180.0,0.0,2230.4,59.9,169.3,1612.1,389.2,2038,,EAST MIDNAPORE,
West Bengal,E Midnapore,IMD110-P2036,1999,0.0,0.0,0.0,2.4,226.9,231.8,493.1,381.6,565.5,361.1,33.5,0.0,2295.9,0.0,229.3,1672.1,394.6,2038,,EAST MIDNAPORE,
West Bengal,E Midnapore,IMD110-P2036,2000,2.4,59.6,0.0,52.5,201.3,243.2,241.2,148.2,237.6,109.8,11.2,0.0,1306.9,62.0,253.8,870.1,121.0,2038,,EAST MIDNAPORE,
West Bengal,E Midnapore,IMD110-P2036,2001,0.0,2.1,48.3,72.7,134.1,490.9,365.3,287.0,164.5,183.5,25.4,0.0,1773.8,2.1,255.1,1307.8,208.8,2038,,EAST MIDNAPORE,
West Bengal,E Midnapore,IMD110-P2036,2002,28.0,0.0,50.9,98.4,106.8,412.3,245.6,335.4,550.1,99.7,103.0,0.1,2030.3,28.0,256.2,1543.4,202.8,2039,,EAST MIDNAPORE,
West Bengal,E Midnapore,IMD110-P2036,2003,0.0,8.8,50.9,24.5,94.7,300.5,250.8,321.1,173.1,523.4,32.3,39.8,1819.9,8.8,170.1,1045.6,595.5,2039,,EAST MIDNAPORE,
West Bengal,E Midnapore,IMD110-P2036,2004,0.0,2.3,18.9,88.0,53.3,381.5,301.4,408.2,188.6,306.8,0.0,0.1,1749.2,2.3,160.2,1279.8,306.9,2039,,EAST MIDNAPORE,
West Bengal,E Midnapore,IMD110-P2036,2005,46.7,1.0,117.2,57.8,101.1,248.1,422.3,329.1,445.1,613.1,0.2,1.9,2383.6,47.8,276.0,1444.6,615.2,2039,,EAST MIDNAPORE,
West Bengal,E Midnapore,IMD110-P2036,2006,0.0,0.0,13.3,37.2,130.4,238.5,506.7,402.9,549.1,25.4,7.6,0.0,1911.2,0.0,180.9,1697.2,33.0,2039,,EAST MIDNAPORE,
West Bengal,E Midnapore,IMD110-P2036,2007,35.0,86.9,7.3,33.5,75.8,310.2,600.0,500.4,567.3,66.7,36.9,0.0,2320.1,121.9,116.7,1977.9,103.6,2039,,EAST MIDNAPORE,
West Bengal,E Midnapore,IMD110-P2036,2008,115.9,30.3,11.4,50.9,67.2,422.8,237.7,268.7,222.1,150.0,0.0,0.0,1577.1,146.3,129.5,1151.3,150.0,2039,,EAST MIDNAPORE,
West Bengal,E Midnapore,IMD110-P2036,2009,0.0,0.0,2.1,2.4,221.2,99.8,357.1,318.9,236.8,129.7,26.1,0.0,1394.2,0.0,225.8,1012.5,155.9,2039,,EAST MIDNAPORE,
West Bengal,E Midnapore,IMD110-P2036,2010,0.0,16.1,4.1,0.0,123.4,268.2,284.2,371.4,252.3,140.3,4.3,23.2,1487.6,16.1,127.5,1176.1,167.9,2039,,EAST MIDNAPORE,
West Bengal,Hoogly,IMD110-P2040,1901,34.7,43.8,1.6,64.9,175.1,197.4,245.7,319.5,414.1,42.9,72.7,0.0,1612.4,78.5,241.6,1176.7,115.5,2040,,HOOGLY,
West Bengal,Hoogly,IMD110-P2040,1902,0.0,0.9,30.6,143.6,199.7,190.4,294.8,243.0,229.1,26.3,15.9,8.0,1382.3,0.9,373.9,957.3,50.2,2040,,HOOGLY,
West Bengal,Hoogly,IMD110-P2040,1903,9.6,42.4,48.2,41.6,129.2,229.6,180.1,238.2,321.1,166.6,7.4,0.0,1414.0,52.0,219.0,969.1,173.9,2040,,HOOGLY,
West Bengal,Hoogly,IMD110-P2040,1904,0.0,27.5,42.1,5.2,154.8,282.0,415.1,201.9,113.4,22.7,0.0,0.0,1264.6,27.5,202.1,1012.4,22.7,2040,,HOOGLY,
West Bengal,Hoogly,IMD110-P2040,1905,33.4,68.3,52.1,126.9,186.1,64.5,602.5,210.5,253.1,121.4,0.0,4.1,1723.0,101.8,365.1,1130.6,125.5,2040,,HOOGLY,
West Bengal,Hoogly,IMD110-P2040,1906,40.6,149.5,83.1,0.2,109.1,125.4,263.9,242.8,233.4,136.9,13.6,0.0,1398.6,190.1,192.4,865.6,150.5,2040,,HOOGLY,
West Bengal,Hoogly,IMD110-P2040,1907,0.0,30.4,98.0,47.9,123.4,357.8,217.8,216.8,266.5,22.5,0.0,32.4,1413.5,30.4,269.4,1058.9,54.9,2040,,HOOGLY,
West Bengal,Hoogly,IMD110-P2040,1908,21.3,0.3,0.4,12.4,113.7,434.3,476.3,239.0,202.1,5.3,0.0,0.0,1505.1,21.6,126.5,1351.7,5.3,2040,,HOOGLY,
West Bengal,Hoogly,IMD110-P2040,1909,0.0,3.1,0.0,211.4,109.4,317.7,166.6,490.0,273.1,145.5,0.6,14.9,1732.4,3.1,320.8,1247.4,161.0,2040,,HOOGLY,
West Bengal,Hoogly,IMD110-P2040,1910,21.1,6.6,11.9,68.5,114.6,203.7,253.4,234.2,180.7,197.5,0.0,0.0,1292.2,27.7,195.0,872.0,197.5,2040,,HOOGLY,
West Bengal,Hoogly,IMD110-P2040,1911,5.1,3.1,52.9,40.0,107.0,252.1,192.1,200.3,169.8,66.9,16.1,0.0,1105.4,8.2,199.9,814.3,83.0,2040,,HOOGLY,
West Bengal,Hoogly,IMD110-P2040,1912,3.9,17.6,118.2,81.3,172.9,179.6,298.8,176.5,102.6,142.4,88.0,0.0,1381.8,21.5,372.5,757.5,230.4,2040,,HOOGLY,
West Bengal,Hoogly,IMD110-P2040,1913,4.9,109.1,54.1,7.9,242.3,542.8,336.7,245.6,175.9,103.4,20.9,3.6,1847.3,114.0,304.3,1301.0,128.0,2040,,HOOGLY,
West Bengal,Hoogly,IMD110-P2040,1914,0.0,27.8,29.5,80.6,218.3,130.1,486.2,172.5,128.1,13.4,0.0,30.5,1317.0,27.8,328.5,916.8,43.9,2040,,HOOGLY,
West Bengal,Hoogly,IMD110-P2040,1915,4.3,7.1,67.1,13.5,136.6,151.9,234.1,193.4,159.4,66.6,21.0,0.0,1054.9,11.4,217.3,738.7,87.6,2040,,HOOGLY,
West Bengal,Hoogly,IMD110-P2040,1916,0.0,0.0,0.3,90.7,25.2,285.6,94.4,376.4,284.7,250.0,47.5,0.0,1454.7,0.0,116.2,1041.1,297.4,2040,,HOOGLY,
West Bengal,Hoogly,IMD110-P2040,1917,0.0,31.3,30.0,17.9,143.3,225.0,275.0,218.4,233.5,307.9,7.2,0.0,1489.3,31.3,191.1,951.8,315.1,2040,,HOOGLY,
West Bengal,Hoogly,IMD110-P2040,1918,0.4,0.2,35.8,122.5,208.2,321.3,264.5,270.9,199.8,0.0,0.5,3.5,1427.6,0.6,366.6,1056.5,4.0,2040,,HOOGLY,
West Bengal,Hoogly,IMD110-P2040,1919,34.7,22.6,16.2,56.3,97.4,228.9,293.0,319.0,122.3,22.4,24.5,0.0,1237.3,57.2,169.9,963.3,46.9,2040,,HOOGLY,
West Bengal,Hoogly,IMD110-P2040,1920,0.1,30.6,165.3,25.8,114.8,120.3,285.9,302.9,168.7,113.0,0.0,0.0,1327.5,30.7,305.9,877.8,113.0,2040,,HOOGLY,
West Bengal,Hoogly,IMD110-P2040,1921,27.5,11.5,13.2,56.5,50.0,163.3,223.9,454.8,196.7,21.4,0.0,0.0,1218.8,39.0,119.7,1038.7,21.4,2040,,HOOGLY,
West Bengal,Hoogly,IMD110-P2040,1922,1.0,0.7,3.5,26.2,77.3,576.2,152.1,454.1,191.3,69.9,0.8,0.0,1552.9,1.6,107.0,1373.6,70.7,2040,,HOOGLY,
West Bengal,Hoogly,IMD110-P2040,1923,0.1,82.2,16.0,30.6,60.2,95.7,380.7,400.9,85.2,56.9,1.8,0.3,1210.8,82.3,106.9,962.5,59.1,2040,,HOOGLY,
West Bengal,Hoogly,IMD110-P2040,1924,6.7,5.3,0.0,34.4,100.8,207.6,328.3,238.6,273.7,44.2,33.1,0.0,1272.8,12.0,135.2,1048.2,77.3,2040,,HOOGLY,
West Bengal,Hoogly,IMD110-P2040,1925,10.9,8.6,15.5,100.0,103.8,134.2,223.6,128.4,146.5,200.0,1.4,0.4,1073.3,19.5,219.3,632.7,201.8,2040,,HOOGLY,
West Bengal,Hoogly,IMD110-P2040,1926,35.7,19.2,85.0,33.0,87.6,119.6,696.2,457.9,205.5,112.9,3.2,10.0,1865.7,55.0,205.6,1479.1,126.1,2040,,HOOGLY,
West Bengal,Hoogly,IMD110-P2040,1927,33.5,36.5,2.9,63.8,137.0,230.2,254.4,204.0,187.8,42.9,1.4,0.0,1194.4,70.1,203.7,876.4,44.2,2040,,HOOGLY,
West Bengal,Hoogly,IMD110-P2040,1928,3.4,7.8,6.7,58.4,118.9,422.6,442.8,426.3,107.0,89.4,0.0,0.0,1683.3,11.1,184.0,1398.8,89.4,2040,,HOOGLY,
West Bengal,Hoogly,IMD110-P2040,1929,50.3,20.0,33.0,62.7,37.0,210.6,328.1,253.5,237.7,243.1,0.0,31.8,1507.9,70.3,132.7,1030.0,275.0,2040,,HOOGLY,
West Bengal,Hoogly,IMD110-P2040,1930,3.2,20.6,6.2,20.3,109.6,189.2,541.4,340.6,196.2,12.6,67.6,1.0,1508.5,23.9,136.0,1267.3,81.3,2040,,HOOGLY,
West Bengal,Hoogly,IMD110-P2040,1931,1.9,71.9,19.5,31.7,205.7,161.0,296.1,269.0,188.5,148.8,63.6,0.0,1457.8,73.8,256.9,914.8,212.4,2040,,HOOGLY,
West Bengal,Hoogly,IMD110-P2040,1932,0.0,9.2,7.4,26.9,231.3,232.7,262.7,300.7,172.0,54.2,128.2,0.0,1425.3,9.2,265.6,968.1,182.4,2040,,HOOGLY,
West Bengal,Hoogly,IMD110-P2040,1933,9.7,61.1,2.2,82.0,226.9,482.9,356.4,404.6,244.4,190.5,0.0,0.0,2060.7,70.8,311.1,1488.3,190.5,2040,,HOOGLY,
West Bengal,Hoogly,IMD110-P2040,1934,1.6,28.1,0.4,65.8,100.3,254.0,190.7,239.5,155.5,102.7,25.9,13.2,1177.5,29.6,166.5,839.7,141.7,2041,,HOOGLY,
West Bengal,Hoogly,IMD110-P2040,1935,17.7,25.8,44.8,48.5,29.9,140.5,200.6,287.3,156.3,2.3,0.0,5.3,959.0,43.5,123.2,784.7,7.6,2041,,HOOGLY,
West Bengal,Hoogly,IMD110-P2040,1936,9.2,7.1,45.0,13.6,216.8,249.4,283.8,184.7,284.1,60.7,3.4,7.9,1365.6,16.3,275.4,1002.0,72.0,2041,,HOOGLY,
West Bengal,Hoogly,IMD110-P2040,1937,0.0,132.8,10.4,21.4,83.3,318.3,265.9,371.8,256.6,134.9,2.0,0.6,1597.9,132.8,115.1,1212.5,137.5,2041,,HOOGLY,
West Bengal,Hoogly,IMD110-P2040,1938,6.2,46.4,0.9,17.6,289.5,232.4,182.9,310.5,179.4,54.0,41.1,0.0,1360.9,52.6,308.0,905.1,95.1,2041,,HOOGLY,
West Bengal,Hoogly,IMD110-P2040,1939,0.2,14.8,2.7,33.4,71.9,258.9,479.8,557.7,266.0,275.5,10.2,0.1,1971.3,15.0,108.0,1562.4,285.8,2041,,HOOGLY,
West Bengal,Hoogly,IMD110-P2040,1940,0.0,54.0,107.1,14.3,114.4,217.1,231.4,350.4,309.3,50.8,1.9,0.0,1450.7,54.0,235.8,1108.2,52.7,2041,,HOOGLY,
West Bengal,Hoogly,IMD110-P2040,1941,26.2,1.6,2.4,59.2,100.6,512.7,490.5,521.7,207.7,182.8,125.7,0.0,2231.1,27.7,162.2,1732.7,308.4,2041,,HOOGLY,
West Bengal,Hoogly,IMD110-P2040,1942,0.0,11.9,4.8,22.7,73.7,91.1,276.2,323.4,390.7,149.7,0.6,0.0,1344.7,11.9,101.1,1081.4,150.2,2041,,HOOGLY,
West Bengal,Hoogly,IMD110-P2040,1943,41.6,40.2,21.5,170.3,54.2,245.8,418.3,354.9,145.7,93.2,0.0,0.0,1585.6,81.8,246.0,1164.7,93.2,2041,,HOOGLY,
West Bengal,Hoogly,IMD110-P2040,1944,104.6,17.5,60.5,55.4,68.1,179.3,320.1,620.6,120.2,64.7,0.0,0.0,1610.9,122.1,184.0,1240.2,64.7,2041,,HOOGLY,
West Bengal,Hoogly,IMD110-P2040,1945,19.6,11.1,11.4,109.1,181.7,172.2,168.9,199.4,170.1,230.9,0.0,0.0,1274.4,30.7,302.2,710.6,230.9,2041,,HOOGLY,
West Bengal,Hoogly,IMD110-P2040,1946,0.0,3.0,18.7,134.5,223.7,237.5,305.4,354.1,295.4,148.8,28.0,0.0,1749.1,3.0,377.0,1192.4,176.8,2041,,HOOGLY,
West Bengal,Hoogly,IMD110-P2040,1947,0.5,11.6,32.5,23.8,122.0,254.9,,241.2,252.5,117.9,0.0,20.4,,12.1,178.3,,138.3,2041,missing_months,HOOGLY,
West Bengal,Hoogly,IMD110-P2040,1948,9.7,66.6,94.8,36.1,213.2,223.5,239.5,405.0,198.0,96.4,140.8,0.0,1723.7,76.3,344.1,1066.1,237.2,2041,,HOOGLY,
West Bengal,Hoogly,IMD110-P2040,1949,5.8,1.9,47.7,186.1,349.6,260.3,380.6,269.5,209.3,133.4,0.0,0.0,1844.4,7.8,583.5,1119.7,133.4,2041,,HOOGLY,
West Bengal,Hoogly,IMD110-P2040,1950,0.0,8.6,36.1,34.3,119.4,325.9,256.9,263.0,201.8,148.9,205.1,0.0,1600.2,8.6,189.9,1047.6,354.0,2041,,HOOGLY,
West Bengal,Hoogly,IMD110-P2040,1951,0.0,1.2,61.9,9.7,88.3,212.6,217.6,502.9,357.0,186.0,44.8,0.0,1682.1,1.2,159.9,1290.1,230.9,2041,,HOOGLY,
West Bengal,Hoogly,IMD110-P2040,1952,0.0,0.0,28.7,155.1,84.0,113.0,406.2,203.2,206.0,137.7,12.6,0.0,1346.4,0.0,267.7,928.5,150.2,2041,,HOOGLY,
West Bengal,Hoogly,IMD110-P2040,1953,20.7,16.9,16.0,9.8,114.0,291.0,336.9,263.7,368.6,29.2,26.8,0.0,1493.4,37.6,139.7,1260.1,56.0,2041,,HOOGLY,
West Bengal,Hoogly,IMD110-P2040,1954,26.1,10.1,0.8,37.3,179.0,232.9,169.9,216.8,250.9,61.2,0.0,29.8,1214.6,36.1,217.0,870.5,91.0,2041,,HOOGLY,
West Bengal,Hoogly,IMD110-P2040,1955,0.7,3.4,14.6,52.7,44.5,197.4,313.9,219.2,166.5,147.7,42.6,0.0,1203.2,4.1,111.8,897.0,190.3,2041,,HOOGLY,
West Bengal,Hoogly,IMD110-P2040,1956,5.6,43.7,39.2,35.2,152.0,456.0,246.1,311.2,425.2,170.9,3.4,1.1,1889.5,49.4,226.4,1438.5,175.3,2041,,HOOGLY,
West Bengal,Hoogly,IMD110-P2040,1957,46.9,35.0,2.5,21.6,25.4,192.9,286.1,286.9,194.3,34.8,0.0,0.0,1126.4,81.9,49.5,960.2,34.8,2041,,HOOGLY,
West Bengal,Hoogly,IMD110-P2040,1958,9.1,23.0,7.2,64.4,64.9,140.8,253.3,230.8,204.9,100.0,1.9,0.0,1100.4,32.0,136.6,829.8,101.9,2041,,HOOGLY,
West Bengal,Hoogly,IMD110-P2040,1959,31.3,18.1,29.5,40.7,149.4,339.7,302.4,378.4,673.1,308.9,0.3,0.0,2271.8,49.4,219.6,1693.6,309.2,2041,,HOOGLY,
West Bengal,Hoogly,IMD110-P2040,1960,0.0,3.8,51.2,0.5,141.8,106.6,468.4,324.8,262.9,43.2,0.0,0.0,1403.2,3.8,193.5,1162.6,43.2,2041,,HOOGLY,
West Bengal,Hoogly,IMD110-P2040,1961,33.3,53.5,20.4,20.8,164.1,270.6,171.6,277.3,229.6,87.6,0.0,0.0,1328.9,86.8,205.3,949.1,87.6,2041,,HOOGLY,
West Bengal,Hoogly,IMD110-P2040,1962,7.8,20.0,2.1,82.9,83.2,246.8,258.5,245.2,272.9,94.6,0.0,0.0,1314.0,27.7,168.2,1023.4,94.6,2041,,HOOGLY,
West Bengal,Hoogly,IMD110-P2040,1963,0.0,0.5,0.8,120.1,129.9,338.2,310.2,129.8,290.2,123.0,25.1,0.0,1467.9,0.5,250.8,1068.4,148.1,2041,,HOOGLY,
West Bengal,Hoogly,IMD110-P2040,1964,12.6,,32.6,33.4,81.1,97.5,429.3,152.0,170.1,112.6,19.1,,,,147.1,848.8,,2041,missing_months,HOOGLY,
West Bengal,Hoogly,IMD110-P2040,1965,,49.8,25.5,28.2,16.1,262.2,283.5,162.3,221.1,31.8,0.0,0.0,,,69.8,929.1,31.8,2041,missing_months,HOOGLY,
West Bengal,Hoogly,IMD110-P2040,1966,38.1,5.0,,,,209.7,83.6,224.4,193.1,39.4,27.9,3.5,,43.1,,710.8,70.8,2041,missing_months,HOOGLY,
West Bengal,Hoogly,IMD110-P2040,1967,9.7,0.0,33.5,86.4,62.0,115.3,106.7,340.8,193.3,10.6,0.0,0.0,958.3,9.7,181.9,756.1,10.6,2041,,HOOGLY,
West Bengal,Hoogly,IMD110-P2040,1968,0.0,22.9,1.8,54.3,18.0,240.6,305.4,312.0,52.4,113.6,43.8,0.1,1164.7,22.9,74.1,910.4,157.4,2042,,HOOGLY,
West Bengal,Hoogly,IMD110-P2040,1969,4.1,2.0,56.6,43.8,99.5,212.7,283.5,337.8,291.6,19.0,51.5,0.0,1402.1,6.1,199.9,1125.6,70.5,2042,,HOOGLY,
West Bengal,Hoogly,IMD110-P2040,1970,,0.0,46.6,,57.3,511.3,259.2,,620.9,341.8,6.3,0.0,,,,,348.1,2042,missing_months,HOOGLY,
West Bengal,Hoogly,IMD110-P2040,1971,22.4,22.7,1.8,149.2,185.8,185.2,511.5,636.1,258.7,146.2,45.6,0.0,2165.2,45.1,336.8,1591.5,191.8,2042,,HOOGLY,
West Bengal,Hoogly,IMD110-P2040,1972,0.0,128.5,,10.4,24.1,97.0,204.5,488.4,257.4,94.6,,0.0,,128.5,,1047.3,,2042,missing_months,HOOGLY,
West Bengal,Hoogly,IMD110-P2040,1973,,,,,,,113.9,,147.7,120.8,,,,,,,,2042,missing_months,HOOGLY,
West Bengal,Hoogly,IMD110-P2040,1974,0.1,0.0,103.1,42.3,212.9,98.3,563.9,280.3,222.4,181.9,2.1,0.0,1707.3,0.1,358.3,1164.9,184.0,2042,,HOOGLY,
West Bengal,Hoogly,IMD110-P2040,1975,10.8,17.3,,25.9,104.3,176.4,480.6,249.0,169.9,,11.3,0.0,,28.1,,1075.9,,2042,missing_months,HOOGLY,
West Bengal,Hoogly,IMD110-P2040,1976,0.0,35.3,36.6,,225.1,226.2,197.3,315.6,,,12.3,,,35.3,,,,2042,missing_months,HOOGLY,
West Bengal,Hoogly,IMD110-P2040,1977,4.6,98.7,0.0,228.9,115.3,657.2,458.5,132.9,206.4,67.4,7.8,102.6,2080.3,103.3,344.2,1455.0,177.8,2042,,HOOGLY,
West Bengal,Hoogly,IMD110-P2040,1978,0.0,18.7,50.3,33.9,209.2,154.6,339.8,,774.6,92.4,0.0,0.0,,18.7,293.4,,92.4,2042,missing_months,HOOGLY,
West Bengal,Hoogly,IMD110-P2040,1979,3.2,28.4,9.2,17.0,11.0,189.2,491.9,180.9,201.0,106.8,0.0,30.4,1268.9,31.6,37.2,1062.9,137.2,2042,,HOOGLY,
West Bengal,Hoogly,IMD110-P2040,1980,17.0,110.0,32.0,,224.5,413.3,373.7,257.8,153.3,,0.0,0.0,,127.0,,1198.1,,2042,missing_months,HOOGLY,
West Bengal,Hoogly,IMD110-P2040,1981,0.0,36.6,142.1,260.1,159.2,66.3,428.7,141.6,293.2,0.0,0.0,82.3,1610.1,36.6,561.4,929.8,82.3,2042,,HOOGLY,
West Bengal,Hoogly,IMD110-P2040,1982,0.0,54.2,0.0,37.4,53.0,85.4,80.2,180.3,69.6,32.0,0.0,0.0,592.1,54.2,90.4,415.5,32.0,2042,,HOOGLY,
West Bengal,Hoogly,IMD110-P2040,1983,0.0,0.0,0.0,,125.7,98.6,121.1,440.8,169.6,136.7,0.0,9.2,,0.0,,830.1,145.9,2042,missing_months,HOOGLY,
West Bengal,Hoogly,IMD110-P2040,1984,26.2,0.0,0.0,17.1,104.2,633.7,291.8,,,148.2,0.0,0.0,,26.2,121.3,,148.2,2042,missing_months,HOOGLY,
West Bengal,Hoogly,IMD110-P2040,1985,18.0,9.0,3.2,46.0,96.0,287.9,229.2,353.5,238.3,105.0,0.0,0.0,1386.1,27.0,145.2,1108.9,105.0,2042,,HOOGLY,
West Bengal,Hoogly,IMD110-P2040,1986,14.3,4.0,0.0,53.0,189.3,301.4,323.0,148.1,528.2,174.4,132.0,0.0,1867.7,18.3,242.3,1300.7,306.4,2042,,HOOGLY,
West Bengal,Hoogly,IMD110-P2040,1987,0.0,2.0,41.0,125.2,68.3,261.8,244.0,477.7,114.2,45.0,0.0,16.0,1395.2,2.0,234.5,1097.7,61.0,2042,,HOOGLY,
West Bengal,Hoogly,IMD110-P2040,1988,0.0,40.0,67.3,63.0,168.0,549.5,297.0,144.4,173.6,49.0,73.0,0.0,1624.8,40.0,298.3,1164.5,122.0,2042,,HOOGLY,
West Bengal,Hoogly,IMD110-P2040,1989,0.0,0.0,0.0,49.0,157.0,168.4,272.2,142.1,191.6,186.3,0.0,12.0,1178.6,0.0,206.0,774.3,198.3,2042,,HOOGLY,
West Bengal,Hoogly,IMD110-P2040,1990,0.0,97.6,93.0,29.2,234.4,215.0,527.0,226.9,138.0,92.0,8.0,10.0,1671.1,97.6,356.6,1106.9,110.0,2042,,HOOGLY,
West Bengal,Hoogly,IMD110-P2040,1991,24.3,6.3,49.6,20.4,47.7,256.5,458.9,230.7,242.1,104.3,0.6,40.4,1481.9,30.6,117.7,1188.2,145.3,2042,,HOOGLY,
West Bengal,Hoogly,IMD110-P2040,1992,10.3,52.9,0.0,11.9,150.0,250.3,303.7,195.8,131.5,52.2,5.0,0.0,1163.7,63.2,161.9,881.3,57.2,2042,,HOOGLY,
West Bengal,Hoogly,IMD110-P2040,1993,0.0,2.0,128.0,65.2,146.3,328.4,311.2,325.5,401.2,43.0,16.0,0.0,1766.8,2.0,339.5,1366.3,59.0,2042,,HOOGLY,
West Bengal,Hoogly,IMD110-P2040,1994,7.8,53.4,13.3,58.0,143.0,410.9,356.2,206.5,69.2,49.0,0.0,0.0,1367.3,61.2,214.3,1042.8,49.0,2042,,HOOGLY,
West Bengal,Hoogly,IMD110-P2040,1995,20.2,45.0,6.0,,131.0,,343.2,,277.2,81.8,107.7,0.0,,65.2,,,189.5,2042,missing_months,HOOGLY,
West Bengal,Hoogly,IMD110-P2040,1996,13.4,21.4,14.7,29.2,,375.0,242.3,696.6,37.6,117.6,0.0,0.0,,34.8,,1351.5,117.6,2042,missing_months,HOOGLY,
West Bengal,Hoogly,IMD110-P2040,1997,19.2,65.1,52.1,119.8,142.2,122.0,,408.4,141.4,,,,,84.3,314.1,,,2042,missing_months,HOOGLY,
West Bengal,Hoogly,IMD110-P2040,1998,89.0,47.8,,,,187.6,231.8,,219.6,,139.8,0.0,,136.8,,,,2042,missing_months,HOOGLY,
West Bengal,Hoogly,IMD110-P2040,1999,0.0,0.0,4.5,1.1,,296.6,354.0,297.0,351.6,254.0,5.8,0.0,,0.0,,1299.2,259.8,2042,missing_months,HOOGLY,
West Bengal,Hoogly,IMD110-P2040,2000,20.6,31.5,0.0,75.0,347.2,194.5,340.6,289.0,581.8,60.8,,0.0,,52.1,422.2,1405.8,,2042,missing_months,HOOGLY,
West Bengal,Hoogly,IMD110-P2040,2001,0.0,1.5,35.1,65.1,163.4,332.6,216.4,173.3,280.0,209.2,4.9,0.0,1481.4,1.5,263.5,1002.3,214.1,2042,,HOOGLY,
West Bengal,Hoogly,IMD110-P2040,2002,24.2,0.0,7.2,86.9,,272.6,301.3,288.0,220.8,169.3,56.7,0.2,,24.2,,1082.7,226.2,2043,missing_months,HOOGLY,
West Bengal,Hoogly,IMD110-P2040,2003,0.0,0.4,106.8,39.4,,212.5,274.3,136.6,130.4,308.1,0.3,18.8,,0.4,,753.9,327.2,2043,missing_months,HOOGLY,
West Bengal,Hoogly,IMD110-P2040,2004,1.0,0.0,13.3,42.5,88.4,285.2,165.2,378.9,280.5,234.9,0.0,0.0,1489.8,1.0,144.1,1109.8,234.9,2043,,HOOGLY,
West Bengal,Hoogly,IMD110-P2040,2005,18.7,10.5,86.8,32.8,32.3,230.4,243.4,216.1,182.1,332.7,0.0,0.9,1386.6,29.2,151.9,872.0,333.6,2043,,HOOGLY,
West Bengal,Hoogly,IMD110-P2040,2006,0.0,0.0,1.3,74.3,148.8,170.2,347.0,255.6,227.0,36.8,0.1,0.0,1261.1,0.0,224.4,999.8,36.9,2043,,HOOGLY,
West Bengal,Hoogly,IMD110-P2040,2007,0.0,38.0,26.6,63.2,91.4,,417.4,,423.4,32.0,41.4,0.0,,38.0,181.2,,73.4,2043,missing_months,HOOGLY,
West Bengal,Hoogly,IMD110-P2040,2008,54.8,9.2,,54.2,95.8,314.4,339.5,199.4,229.6,39.0,0.0,0.0,,64.0,,1082.9,39.0,2043,missing_months,HOOGLY,
West Bengal,Hoogly,IMD110-P2040,2009,0.0,0.0,50.8,,200.2,71.8,214.9,332.4,229.5,57.2,,0.0,,0.0,,848.6,,2043,missing_months,HOOGLY,
West Bengal,Hoogly,IMD110-P2040,2010,0.0,,8.0,11.2,,,168.0,208.6,206.0,70.7,5.1,21.0,,,,,96.7,2043,missing_months,HOOGLY,
West Bengal,Howrah,IMD110-P2044,1901,37.2,48.5,0.0,45.9,107.2,274.2,297.4,250.2,355.9,69.4,82.0,0.0,1567.8,85.6,153.1,1177.7,151.4,2044,,HOWRAH,
West Bengal,Howrah,IMD110-P2044,1902,0.0,0.3,42.6,108.4,230.0,112.8,363.7,300.4,134.1,42.0,8.9,19.6,1362.8,0.3,381.1,911.0,70.4,2044,,HOWRAH,
West Bengal,Howrah,IMD110-P2044,1903,11.6,9.1,19.2,31.5,67.7,259.4,258.9,242.2,311.6,143.4,10.7,0.0,1365.3,20.7,118.3,1072.2,154.1,2044,,HOWRAH,
West Bengal,Howrah,IMD110-P2044,1904,0.1,59.6,62.8,23.3,164.1,270.0,471.7,248.6,147.1,29.5,0.9,0.0,1477.7,59.7,250.2,1137.4,30.5,2044,,HOWRAH,
West Bengal,Howrah,IMD110-P2044,1905,25.7,41.8,113.2,105.5,178.6,40.7,644.8,193.7,273.8,130.2,0.0,1.5,1749.7,67.6,397.3,1153.1,131.7,2044,,HOWRAH,
West Bengal,Howrah,IMD110-P2044,1906,48.1,161.4,46.7,0.0,102.9,142.2,364.7,235.4,207.0,132.7,12.8,0.0,1453.9,209.5,149.6,949.3,145.5,2044,,HOWRAH,
West Bengal,Howrah,IMD110-P2044,1907,0.0,18.5,74.9,23.5,159.7,371.1,206.7,262.7,197.5,25.1,0.0,21.2,1360.8,18.5,258.1,1037.9,46.3,2044,,HOWRAH,
West Bengal,Howrah,IMD110-P2044,1908,27.1,0.0,2.1,2.6,120.4,574.9,642.5,241.9,132.2,17.2,2.1,0.0,1763.0,27.1,125.1,1591.5,19.3,2044,,HOWRAH,
West Bengal,Howrah,IMD110-P2044,1909,0.0,4.7,0.0,177.0,93.4,447.2,220.4,528.8,228.8,66.9,4.2,15.3,1786.7,4.7,270.4,1425.2,86.4,2044,,HOWRAH,
West Bengal,Howrah,IMD110-P2044,1910,50.6,8.4,14.7,43.1,114.3,215.9,318.3,280.5,216.6,155.6,0.0,0.0,1418.0,59.0,172.1,1031.3,155.6,2044,,HOWRAH,
West Bengal,Howrah,IMD110-P2044,1911,3.7,2.8,50.0,37.1,89.2,224.5,139.6,148.7,180.7,86.0,11.7,0.0,974.0,6.5,176.2,693.5,97.7,2044,,HOWRAH,
West Bengal,Howrah,IMD110-P2044,1912,0.0,50.9,139.8,67.5,106.7,200.1,226.5,231.3,111.1,127.2,82.1,0.0,1343.2,50.9,314.1,769.1,209.2,2044,,HOWRAH,
West Bengal,Howrah,IMD110-P2044,1913,6.0,122.9,42.0,19.1,172.1,687.1,336.0,297.0,162.5,142.1,15.8,1.9,2004.7,128.9,233.2,1482.6,159.9,2044,,HOWRAH,
West Bengal,Howrah,IMD110-P2044,1914,0.0,33.8,11.1,45.6,230.9,178.4,475.0,245.5,148.5,8.0,0.0,43.2,1419.9,33.8,287.6,1047.4,51.2,2044,,HOWRAH,
West Bengal,Howrah,IMD110-P2044,1915,8.3,7.4,124.5,35.1,149.3,277.2,251.4,288.0,303.4,106.1,32.4,0.0,1582.9,15.6,308.8,1120.0,138.5,2044,,HOWRAH,
West Bengal,Howrah,IMD110-P2044,1916,1.5,0.0,0.0,50.8,95.3,429.0,170.8,439.5,307.5,399.9,20.0,0.0,1914.4,1.5,146.2,1346.8,419.9,2044,,HOWRAH,
West Bengal,Howrah,IMD110-P2044,1917,0.0,30.8,26.8,63.9,210.1,411.9,211.8,291.9,187.0,346.3,19.1,0.0,1799.5,30.8,300.8,1102.6,365.4,2044,,HOWRAH,
West Bengal,Howrah,IMD110-P2044,1918,0.7,0.0,19.7,146.4,238.2,392.5,223.1,258.5,185.0,1.8,0.8,8.8,1475.5,0.7,404.3,1059.2,11.4,2044,,HOWRAH,
West Bengal,Howrah,IMD110-P2044,1919,19.2,27.9,13.0,92.3,140.7,359.4,346.2,637.5,117.8,41.7,34.0,0.0,1829.7,47.1,246.0,1460.9,75.7,2044,,HOWRAH,
West Bengal,Howrah,IMD110-P2044,1920,0.0,44.5,171.7,6.2,81.3,159.2,392.2,495.4,138.6,188.9,0.0,0.0,1677.9,44.5,259.2,1185.3,188.9,2044,,HOWRAH,
West Bengal,Howrah,IMD110-P2044,1921,51.8,12.0,7.1,45.8,54.7,225.1,290.5,405.0,170.9,31.2,0.0,0.0,1294.2,63.8,107.7,1091.5,31.2,2044,,HOWRAH,
West Bengal,Howrah,IMD110-P2044,1922,5.8,0.0,0.6,33.5,92.8,598.8,337.2,637.2,365.6,119.1,0.0,0.3,2190.8,5.8,126.9,1938.7,119.3,2044,,HOWRAH,
West Bengal,Howrah,IMD110-P2044,1923,0.2,106.9,16.9,16.1,73.8,184.7,435.7,363.6,124.2,105.9,9.2,4.7,1442.0,107.1,106.8,1108.2,119.9,2044,,HOWRAH,
West Bengal,Howrah,IMD110-P2044,1924,15.3,13.6,0.0,18.9,62.3,202.5,321.2,266.5,243.4,91.6,36.3,0.0,1271.5,28.9,81.2,1033.6,127.9,2044,,HOWRAH,
West Bengal,Howrah,IMD110-P2044,1925,35.3,8.2,14.7,79.0,121.3,174.6,377.2,199.7,140.9,167.6,7.7,0.0,1326.4,43.6,215.1,892.5,175.3,2044,,HOWRAH,
West Bengal,Howrah,IMD110-P2044,1926,8.3,65.9,155.3,18.5,88.4,107.3,883.8,563.9,135.8,76.5,0.0,6.7,2110.2,74.2,262.2,1690.8,83.1,2044,,HOWRAH,
West Bengal,Howrah,IMD110-P2044,1927,12.4,29.0,0.6,41.0,121.6,265.9,235.8,231.5,157.2,54.3,4.4,0.0,1153.5,41.4,163.2,890.3,58.7,2044,,HOWRAH,
West Bengal,Howrah,IMD110-P2044,1928,3.7,0.6,9.0,96.6,143.0,462.1,492.0,480.8,88.0,81.1,0.0,0.0,1856.8,4.3,248.6,1522.9,81.1,2044,,HOWRAH,
West Bengal,Howrah,IMD110-P2044,1929,46.1,22.0,48.3,57.7,35.8,301.0,336.2,387.7,220.0,296.3,0.0,12.6,1763.7,68.2,141.8,1244.9,308.9,2044,,HOWRAH,
West Bengal,Howrah,IMD110-P2044,1930,0.6,22.3,8.9,2.3,101.1,286.4,614.7,243.8,216.1,17.4,57.2,0.0,1571.0,22.9,112.4,1361.1,74.7,2044,,HOWRAH,
West Bengal,Howrah,IMD110-P2044,1931,0.3,82.9,28.1,38.3,145.1,192.2,379.5,222.0,260.2,253.4,60.6,0.0,1662.5,83.2,211.5,1053.8,314.0,2044,,HOWRAH,
West Bengal,Howrah,IMD110-P2044,1932,0.0,7.3,14.0,33.1,305.0,223.7,301.9,324.8,223.2,70.6,162.0,0.0,1665.6,7.3,352.0,1073.6,232.7,2044,,HOWRAH,
West Bengal,Howrah,IMD110-P2044,1933,10.4,66.1,2.4,91.1,315.9,443.1,427.7,365.6,368.4,234.4,0.0,0.0,2325.3,76.6,409.4,1604.9,234.4,2044,,HOWRAH,
West Bengal,Howrah,IMD110-P2044,1934,0.0,0.0,0.3,70.6,96.3,270.4,234.3,348.9,303.0,172.5,30.6,0.3,1527.0,0.0,167.2,1156.5,203.3,2045,,HOWRAH,
West Bengal,Howrah,IMD110-P2044,1935,12.9,38.2,22.9,58.8,35.4,204.4,235.9,300.7,161.0,18.4,0.0,3.2,1091.8,51.0,117.1,901.9,21.7,2045,,HOWRAH,
West Bengal,Howrah,IMD110-P2044,1936,4.1,10.4,23.3,7.2,315.8,429.0,379.7,160.1,276.1,63.2,0.0,21.6,1690.5,14.5,346.3,1244.8,84.8,2045,,HOWRAH,
West Bengal,Howrah,IMD110-P2044,1937,0.0,127.9,31.3,34.0,172.6,475.3,332.7,398.6,353.7,167.0,3.6,3.1,2099.8,127.9,237.9,1560.3,173.7,2045,,HOWRAH,
West Bengal,Howrah,IMD110-P2044,1938,24.5,45.1,15.0,20.3,338.6,283.8,176.8,225.9,65.5,164.8,11.8,0.0,1372.1,69.6,373.9,752.0,176.6,2045,,HOWRAH,
West Bengal,Howrah,IMD110-P2044,1939,1.8,39.9,1.2,50.5,78.0,461.0,434.4,573.4,222.8,252.1,16.7,0.0,2131.8,41.6,129.7,1691.6,268.8,2045,,HOWRAH,
West Bengal,Howrah,IMD110-P2044,1940,0.0,8.8,168.5,3.6,143.0,221.6,219.1,286.6,299.2,53.6,0.0,0.0,1404.0,8.8,315.1,1026.5,53.6,2045,,HOWRAH,
West Bengal,Howrah,IMD110-P2044,1941,47.7,0.0,0.0,36.6,64.1,558.6,368.7,616.6,139.2,273.7,115.7,0.0,2221.0,47.7,100.8,1683.1,389.4,2045,,HOWRAH,
West Bengal,Howrah,IMD110-P2044,1942,1.0,11.0,3.2,50.3,25.1,132.4,352.1,451.2,433.9,189.8,0.5,0.0,1650.3,12.0,78.6,1369.5,190.3,2045,,HOWRAH,
West Bengal,Howrah,IMD110-P2044,1943,50.1,34.5,18.3,107.8,31.8,201.9,442.9,440.5,178.1,129.6,0.0,0.0,1635.5,84.6,157.9,1263.3,129.6,2045,,HOWRAH,
West Bengal,Howrah,IMD110-P2044,1944,58.4,20.4,37.9,30.2,51.0,190.1,295.1,539.3,180.1,103.8,0.0,0.0,1506.3,78.8,119.1,1204.6,103.8,2045,,HOWRAH,
West Bengal,Howrah,IMD110-P2044,1945,15.0,18.5,10.6,83.7,114.8,158.5,169.0,109.4,188.9,243.0,0.3,0.0,1111.7,33.5,209.1,625.8,243.3,2045,,HOWRAH,
West Bengal,Howrah,IMD110-P2044,1946,0.0,19.1,7.9,70.5,131.2,234.2,181.9,374.6,426.1,143.9,21.1,0.0,1610.5,19.1,209.6,1216.8,165.0,2045,,HOWRAH,
West Bengal,Howrah,IMD110-P2044,1947,3.5,16.7,35.0,35.8,137.8,314.5,,305.5,232.2,150.9,0.0,21.8,,20.1,208.7,,172.7,2045,missing_months,HOWRAH,
West Bengal,Howrah,IMD110-P2044,1948,15.1,66.5,113.5,38.5,190.6,306.8,298.5,561.3,172.1,106.8,137.4,0.0,2007.0,81.7,342.5,1338.8,244.1,2045,,HOWRAH,
West Bengal,Howrah,IMD110-P2044,1949,0.0,1.3,18.6,204.4,340.0,373.4,496.9,321.1,310.7,127.0,0.0,0.0,2193.3,1.3,562.9,1502.1,127.0,2045,,HOWRAH,
West Bengal,Howrah,IMD110-P2044,1950,0.0,6.1,10.6,35.6,161.4,676.5,376.9,496.5,251.0,129.5,303.6,0.0,2447.7,6.1,207.6,1800.9,433.1,2045,,HOWRAH,
West Bengal,Howrah,IMD110-P2044,1951,0.0,0.0,100.8,3.3,55.6,208.8,429.3,482.7,325.3,41.5,43.2,0.0,1690.5,0.0,159.8,1446.1,84.7,2045,,HOWRAH,
West Bengal,Howrah,IMD110-P2044,1952,0.0,0.0,22.3,153.9,101.8,244.1,746.3,307.3,116.9,208.6,0.0,0.0,1901.2,0.0,277.9,1414.6,208.6,2045,,HOWRAH,
West Bengal,Howrah,IMD110-P2044,1953,18.6,5.2,0.0,62.0,78.2,292.8,158.4,485.1,,115.4,23.9,0.0,,23.8,140.1,,139.2,2045,missing_months,HOWRAH,
West Bengal,Howrah,IMD110-P2044,1954,23.4,41.1,0.0,3.8,188.5,286.7,104.2,202.1,205.5,50.3,0.0,24.9,1130.5,64.5,192.3,798.5,75.2,2045,,HOWRAH,
West Bengal,Howrah,IMD110-P2044,1955,0.0,0.0,25.4,,,,,192.9,206.0,212.7,65.5,0.0,,0.0,,,278.2,2045,missing_months,HOWRAH,
West Bengal,Howrah,IMD110-P2044,1956,0.0,29.7,126.5,26.7,104.9,405.4,269.8,267.4,333.1,224.1,35.9,0.0,1823.5,29.7,258.1,1275.7,260.0,2045,,HOWRAH,
West Bengal,Howrah,IMD110-P2044,1959,35.8,10.4,0.0,90.2,170.2,260.1,,,,,,,,46.2,260.4,,,2045,missing_months,HOWRAH,
West Bengal,Howrah,IMD110-P2044,1960,,,,,,105.9,446.9,418.1,264.8,68.5,0.0,0.0,,,,1235.7,68.5,2045,missing_months,HOWRAH,
West Bengal,Howrah,IMD110-P2044,1961,6.1,82.6,14.2,7.6,180.8,289.3,71.0,,,,,,,88.7,202.6,,,2045,missing_months,HOWRAH,
West Bengal,Howrah,IMD110-P2044,1962,14.5,22.8,0.0,21.6,135.9,327.4,311.5,190.4,336.8,161.0,0.0,0.0,1521.9,37.3,157.5,1166.1,161.0,2045,,HOWRAH,
West Bengal,Howrah,IMD110-P2044,1963,0.0,0.0,0.0,64.5,131.3,290.4,362.3,303.9,418.4,79.3,0.0,0.0,1650.1,0.0,195.8,1375.0,79.3,2045,,HOWRAH,
West Bengal,Howrah,IMD110-P2044,1965,,,,,,209.5,149.3,331.3,290.3,30.6,0.0,0.0,,,,980.4,30.6,2045,missing_months,HOWRAH,
West Bengal,Howrah,IMD110-P2044,1966,,,,,,284.3,137.8,216.1,310.6,104.6,,,,,,948.8,,2045,missing_months,HOWRAH,
West Bengal,Howrah,IMD110-P2044,1968,,,,,,432.8,456.9,765.9,146.3,141.1,0.0,0.0,,,,1801.9,141.1,2045,missing_months,HOWRAH,
West Bengal,Howrah,IMD110-P2044,1969,,,,,,,,,336.4,65.0,6.0,0.0,,,,,71.0,2045,missing_months,HOWRAH,
West Bengal,Howrah,IMD110-P2044,1971,36.3,2.4,0.0,233.7,172.0,304.8,401.4,741.1,255.4,180.8,46.0,0.0,2373.9,38.7,405.7,1702.7,226.8,2045,,HOWRAH,
West Bengal,Howrah,IMD110-P2044,1972,0.0,82.4,1.6,8.2,12.3,97.4,435.5,506.3,182.3,44.2,0.0,0.0,1370.2,82.4,22.1,1221.5,44.2,2045,,HOWRAH,
West Bengal,Howrah,IMD110-P2044,1973,0.0,14.7,34.2,50.9,309.9,,292.6,,396.9,133.0,,,,14.7,395.0,,,2046,missing_months,HOWRAH,
West Bengal,Howrah,IMD110-P2044,1974,0.2,0.0,126.1,5.6,103.9,83.5,,,,,,,,0.2,235.6,,,2046,missing_months,HOWRAH,
West Bengal,Howrah,IMD110-P2044,1975,9.4,13.9,14.7,24.0,83.9,192.7,296.8,276.4,257.6,103.9,44.6,0.0,1317.8,23.3,122.6,1023.5,148.5,2046,,HOWRAH,
West Bengal,Howrah,IMD110-P2044,1976,0.0,40.0,23.1,37.4,143.0,136.5,383.9,407.4,173.9,15.1,33.4,,,40.0,203.5,1101.7,,2046,missing_months,HOWRAH,
West Bengal,Howrah,IMD110-P2044,1977,66.8,2.1,0.0,61.1,146.8,483.8,367.3,234.8,250.4,78.1,35.4,52.1,1778.7,68.9,207.9,1336.3,165.6,2046,,HOWRAH,
West Bengal,Howrah,IMD110-P2044,1978,0.0,1.2,73.9,52.7,118.5,123.4,411.8,307.4,776.3,127.2,27.8,4.8,2024.9,1.2,245.1,1618.8,159.8,2046,,HOWRAH,
West Bengal,Howrah,IMD110-P2044,1979,14.4,2.7,,36.3,4.1,179.7,162.5,182.6,142.9,87.9,0.0,67.6,,17.1,,667.7,155.5,2046,missing_months,HOWRAH,
West Bengal,Howrah,IMD110-P2044,1980,,53.9,70.5,4.9,122.1,241.3,169.4,300.5,118.9,76.0,0.0,,,,197.5,830.0,,2046,missing_months,HOWRAH,
West Bengal,Howrah,IMD110-P2044,1981,19.2,76.5,130.4,138.0,,230.4,443.2,133.6,,,0.0,109.8,,95.7,,,,2046,missing_months,HOWRAH,
West Bengal,Howrah,IMD110-P2044,1982,0.0,12.3,44.5,79.2,86.0,160.7,208.5,208.5,58.3,6.2,21.0,0.0,885.2,12.3,209.7,636.0,27.2,2046,,HOWRAH,
West Bengal,Howrah,IMD110-P2044,1983,2.1,16.5,30.3,64.8,131.6,45.8,207.9,508.4,194.0,155.2,2.2,6.0,1364.8,18.6,226.7,956.1,163.4,2046,,HOWRAH,
West Bengal,Howrah,IMD110-P2044,1984,,0.0,0.0,31.8,84.8,643.8,190.7,317.8,90.0,,,,,,116.6,1242.3,,2046,missing_months,HOWRAH,
West Bengal,Howrah,IMD110-P2044,1985,1.4,9.6,4.4,,,200.2,236.3,448.6,204.8,,0.0,0.0,,11.0,,1089.9,,2046,missing_months,HOWRAH,
West Bengal,Howrah,IMD110-P2044,1986,12.8,1.6,1.4,57.0,76.4,209.0,299.6,149.4,735.6,104.2,216.0,0.6,1863.6,14.4,134.8,1393.6,320.8,2046,,HOWRAH,
West Bengal,Howrah,IMD110-P2044,1987,0.0,2.0,1.0,79.2,95.8,155.8,334.0,324.4,285.4,40.8,54.2,5.0,1377.6,2.0,176.0,1099.6,100.0,2046,,HOWRAH,
West Bengal,Howrah,IMD110-P2044,1988,0.0,23.6,17.0,15.8,71.8,356.2,327.4,313.8,226.6,147.6,48.2,0.0,1548.0,23.6,104.6,1224.0,195.8,2046,,HOWRAH,
West Bengal,Howrah,IMD110-P2044,1989,1.0,0.0,2.0,23.8,118.6,316.4,322.4,364.2,358.6,90.3,0.0,0.0,1597.3,1.0,144.4,1361.6,90.3,2046,,HOWRAH,
West Bengal,Howrah,IMD110-P2044,1990,0.0,33.4,77.4,81.0,,265.0,727.6,309.8,408.8,172.0,36.8,1.2,,33.4,,1711.2,210.0,2046,missing_months,HOWRAH,
West Bengal,Howrah,IMD110-P2044,1991,19.8,29.0,40.0,9.2,28.9,215.2,455.8,272.4,464.2,91.9,6.3,47.1,1679.7,48.8,78.1,1407.6,145.3,2046,,HOWRAH,
West Bengal,Howrah,IMD110-P2044,1992,21.0,65.8,0.0,31.1,98.2,267.5,300.3,158.7,174.0,53.4,0.7,0.0,1170.7,86.8,129.3,900.5,54.1,2046,,HOWRAH,
West Bengal,Howrah,IMD110-P2044,1993,0.0,0.0,45.4,90.4,119.0,285.0,416.6,,556.0,88.9,14.8,0.0,,0.0,254.8,,103.7,2046,missing_months,HOWRAH,
West Bengal,Howrah,IMD110-P2044,1994,5.0,58.0,29.4,63.8,98.0,292.8,377.3,363.6,149.1,105.4,6.8,,,63.0,191.2,1182.8,,2046,missing_months,HOWRAH,
West Bengal,Howrah,IMD110-P2044,1995,12.6,65.6,0.0,12.0,191.9,206.2,403.8,297.9,564.0,131.2,168.8,,,78.2,203.9,1471.9,,2046,missing_months,HOWRAH,
West Bengal,Howrah,IMD110-P2044,1996,,,6.2,15.6,66.4,321.0,154.8,643.0,83.8,146.4,0.0,0.0,,,88.2,1202.6,146.4,2046,missing_months,HOWRAH,
West Bengal,Howrah,IMD110-P2044,1997,44.6,28.5,44.6,119.2,162.4,42.6,,398.2,,16.4,,,,73.1,326.2,,,2046,missing_months,HOWRAH,
West Bengal,Howrah,IMD110-P2044,1998,,10.8,130.0,,,,,104.0,,,,0.0,,,,,,2046,missing_months,HOWRAH,
West Bengal,Howrah,IMD110-P2044,1999,0.0,0.0,0.0,8.4,337.4,283.8,365.9,289.6,,,,,,0.0,345.8,,,2046,missing_months,HOWRAH,
West Bengal,Howrah,IMD110-P2044,2000,,,,,292.8,300.6,,,,,,,,,,,,2046,missing_months,HOWRAH,
West Bengal,Howrah,IMD110-P2044,2001,0.0,7.2,38.6,,124.6,421.6,338.4,142.0,160.6,243.2,12.0,0.0,,7.2,,1062.6,255.2,2046,missing_months,HOWRAH,
West Bengal,Howrah,IMD110-P2044,2002,,0.0,,67.4,67.0,239.4,318.9,264.0,285.0,,,0.0,,,,1107.4,,2046,missing_months,HOWRAH,
West Bengal,Howrah,IMD110-P2044,2003,,,,,,,192.6,281.0,,234.0,29.0,21.4,,,,,284.4,2046,missing_months,HOWRAH,
West Bengal,Howrah,IMD110-P2044,2004,0.0,1.0,1.0,63.2,89.0,320.5,218.9,324.0,210.6,287.2,0.0,0.0,1515.4,1.0,153.2,1074.0,287.2,2046,,HOWRAH,
West Bengal,Howrah,IMD110-P2044,2005,43.0,0.0,120.0,107.0,107.8,,349.7,364.8,235.8,451.8,0.0,1.8,,43.0,334.8,,453.6,2046,missing_months,HOWRAH,
West Bengal,Howrah,IMD110-P2044,2006,0.0,0.0,1.0,42.3,89.4,105.3,630.7,305.4,395.8,240.6,2.8,0.0,1813.3,0.0,132.6,1437.2,243.4,2046,,HOWRAH,
West Bengal,Howrah,IMD110-P2044,2007,,53.8,24.2,53.0,64.8,,722.6,,,,,,,,142.0,,,2047,missing_months,HOWRAH,
West Bengal,Howrah,IMD110-P2044,2008,,,,,,567.3,299.9,240.1,362.3,,,,,,,1469.6,,2047,missing_months,HOWRAH,
West Bengal,Howrah,IMD110-P2044,2009,,,,,,41.9,350.2,187.1,353.2,,,,,,,932.4,,2047,missing_months,HOWRAH,
West Bengal,Howrah,IMD110-P2044,2010,,,,,,,190.3,382.0,199.9,152.6,2.7,17.4,,,,,172.7,2047,missing_months,HOWRAH,
West Bengal,Jalpaiguri,IMD110-P2048,1901,26.5,22.8,17.4,46.8,289.2,795.8,924.9,700.8,327.8,105.7,15.4,3.9,3276.9,49.3,353.4,2749.3,124.9,2048,,JALPAIGURI,
West Bengal,Jalpaiguri,IMD110-P2048,1902,0.0,0.2,105.5,209.3,363.9,845.5,831.4,855.9,1150.4,77.4,13.0,0.0,4452.5,0.2,678.8,3683.2,90.4,2048,,JALPAIGURI,
West Bengal,Jalpaiguri,IMD110-P2048,1903,5.1,11.5,40.7,45.1,232.3,711.9,771.7,1243.4,521.6,142.1,0.0,0.0,3725.6,16.7,318.1,3248.7,142.1,2048,,JALPAIGURI,
West Bengal,Jalpaiguri,IMD110-P2048,1904,1.4,55.1,0.9,253.3,458.0,378.2,717.4,632.5,366.0,171.2,12.5,1.9,3048.4,56.5,712.2,2094.1,185.7,2048,,JALPAIGURI,
West Bengal,Jalpaiguri,IMD110-P2048,1905,11.6,18.2,66.5,177.2,277.9,877.6,733.0,1493.3,234.6,136.3,9.0,41.7,4077.0,29.8,521.6,3338.5,187.1,2048,,JALPAIGURI,
West Bengal,Jalpaiguri,IMD110-P2048,1906,2.1,30.5,36.3,31.6,174.7,569.7,1062.7,1405.1,269.9,173.1,3.1,1.4,3760.2,32.7,242.6,3307.4,177.6,2048,,JALPAIGURI,
West Bengal,Jalpaiguri,IMD110-P2048,1907,29.5,33.1,77.8,167.4,230.4,494.4,1434.6,573.5,580.6,90.9,10.0,1.7,3723.9,62.6,475.7,3083.1,102.6,2048,,JALPAIGURI,
West Bengal,Jalpaiguri,IMD110-P2048,1908,8.4,18.9,5.5,121.7,537.6,465.6,699.1,390.3,689.5,69.1,5.8,0.0,3011.4,27.2,664.8,2244.6,74.9,2048,,JALPAIGURI,
West Bengal,Jalpaiguri,IMD110-P2048,1909,2.6,5.6,0.0,221.0,293.3,1166.6,416.7,904.7,511.1,164.3,11.4,2.2,3699.6,8.3,514.3,2999.1,177.9,2048,,JALPAIGURI,
West Bengal,Jalpaiguri,IMD110-P2048,1910,6.4,13.3,129.8,87.6,167.5,1320.4,1413.7,523.2,588.4,290.6,10.3,0.5,4551.7,19.7,384.9,3845.7,301.3,2048,,JALPAIGURI,
West Bengal,Jalpaiguri,IMD110-P2048,1911,37.4,16.0,56.2,204.3,532.5,675.1,1426.5,568.4,655.7,402.4,37.6,0.0,4612.1,53.4,793.0,3325.8,440.0,2048,,JALPAIGURI,
West Bengal,Jalpaiguri,IMD110-P2048,1912,1.1,10.8,109.7,132.2,379.5,521.2,777.4,696.5,560.2,210.9,64.3,0.2,3464.0,11.9,621.4,2555.3,275.4,2048,,JALPAIGURI,
West Bengal,Jalpaiguri,IMD110-P2048,1913,0.0,36.3,80.6,126.4,552.2,786.2,974.2,639.4,672.3,130.4,4.9,68.9,4071.8,36.3,759.2,3072.1,204.3,2048,,JALPAIGURI,
West Bengal,Jalpaiguri,IMD110-P2048,1914,2.5,113.8,8.8,170.5,321.0,663.0,437.7,1070.6,790.8,72.5,45.0,0.0,3696.2,116.3,500.3,2962.1,117.5,2048,,JALPAIGURI,
West Bengal,Jalpaiguri,IMD110-P2048,1915,0.0,59.5,69.6,155.7,542.2,374.6,803.6,826.9,593.8,140.2,8.0,1.8,3575.8,59.5,767.6,2598.8,150.0,2048,,JALPAIGURI,
West Bengal,Jalpaiguri,IMD110-P2048,1916,16.0,23.5,28.6,220.9,599.0,962.1,1625.2,691.2,648.9,225.7,7.5,3.6,5052.1,39.5,848.5,3927.4,236.8,2048,,JALPAIGURI,
West Bengal,Jalpaiguri,IMD110-P2048,1917,2.2,29.9,20.0,44.7,324.1,846.9,1143.3,738.2,506.7,303.8,5.5,1.3,3966.5,32.1,388.8,3235.0,310.6,2048,,JALPAIGURI,
West Bengal,Jalpaiguri,IMD110-P2048,1918,0.6,0.5,22.4,170.5,492.3,948.1,1079.0,653.1,423.1,70.3,5.9,0.0,3865.7,1.1,685.1,3103.3,76.1,2048,,JALPAIGURI,
West Bengal,Jalpaiguri,IMD110-P2048,1919,12.5,2.6,0.3,171.0,263.9,782.8,977.4,299.1,856.4,248.2,14.9,0.8,3630.0,15.1,435.2,2915.7,264.0,2048,,JALPAIGURI,
West Bengal,Jalpaiguri,IMD110-P2048,1920,1.9,11.3,162.1,116.4,185.6,1062.4,442.6,935.9,961.4,186.1,0.6,0.0,4066.2,13.1,464.1,3402.3,186.7,2048,,JALPAIGURI,
West Bengal,Jalpaiguri,IMD110-P2048,1921,32.0,16.6,59.8,232.9,1039.0,1201.2,1775.6,836.4,687.2,300.8,9.1,24.0,6214.7,48.6,1331.7,4500.4,333.9,2048,,JALPAIGURI,
West Bengal,Jalpaiguri,IMD110-P2048,1922,31.7,0.1,10.6,67.7,447.0,927.8,1062.5,762.5,369.5,89.1,5.5,5.3,3779.2,31.9,525.2,3122.3,99.9,2048,,JALPAIGURI,
West Bengal,Jalpaiguri,IMD110-P2048,1923,0.0,39.3,0.4,190.4,631.6,698.2,1242.1,241.4,902.2,94.1,2.1,2.8,4044.7,39.3,822.4,3083.9,99.1,2048,,JALPAIGURI,
West Bengal,Jalpaiguri,IMD110-P2048,1924,0.1,2.6,6.5,180.4,470.1,1247.3,869.2,786.6,525.0,253.2,94.0,6.0,4441.0,2.7,657.0,3428.0,353.3,2048,,JALPAIGURI,
West Bengal,Jalpaiguri,IMD110-P2048,1925,5.4,12.9,11.9,384.1,458.4,957.7,494.9,1045.0,692.6,116.5,35.4,2.7,4217.4,18.2,854.4,3190.2,154.5,2048,,JALPAIGURI,
West Bengal,Jalpaiguri,IMD110-P2048,1926,18.8,5.0,102.5,78.3,349.5,1034.5,1508.2,456.7,263.2,187.6,0.0,12.3,4016.6,23.8,530.4,3262.6,199.8,2048,,JALPAIGURI,
West Bengal,Jalpaiguri,IMD110-P2048,1927,21.0,21.2,67.9,73.5,569.5,1173.9,715.4,654.2,934.5,234.1,25.5,0.9,4491.7,42.3,710.8,3478.1,260.5,2048,,JALPAIGURI,
West Bengal,Jalpaiguri,IMD110-P2048,1928,3.7,3.1,7.9,146.4,288.8,607.2,945.9,902.5,691.5,292.3,20.7,5.6,3915.7,6.8,443.1,3147.1,318.7,2048,,JALPAIGURI,
West Bengal,Jalpaiguri,IMD110-P2048,1929,33.6,1.5,63.3,193.7,379.2,1129.5,777.7,584.0,681.1,399.3,32.5,23.0,4298.4,35.1,636.2,3172.4,454.8,2048,,JALPAIGURI,
West Bengal,Jalpaiguri,IMD110-P2048,1930,29.1,40.8,87.8,110.3,255.8,770.3,311.3,723.5,398.6,237.5,43.1,5.1,3013.2,69.9,454.0,2203.7,285.6,2048,,JALPAIGURI,
West Bengal,Jalpaiguri,IMD110-P2048,1931,7.9,7.0,41.6,181.1,421.1,865.3,1041.7,647.3,804.4,95.8,2.3,1.1,4116.6,14.9,643.8,3358.6,99.3,2048,,JALPAIGURI,
West Bengal,Jalpaiguri,IMD110-P2048,1932,7.0,9.3,15.1,103.5,382.7,1247.4,415.5,979.6,543.7,214.7,136.8,50.5,4105.7,16.3,501.2,3186.2,402.0,2048,,JALPAIGURI,
West Bengal,Jalpaiguri,IMD110-P2048,1933,19.9,1.9,0.0,145.5,285.3,939.9,934.8,631.7,303.9,168.8,9.6,3.0,3444.1,21.8,430.8,2810.2,181.3,2048,,JALPAIGURI,
West Bengal,Jalpaiguri,IMD110-P2048,1934,5.7,89.3,0.1,145.2,381.7,850.2,938.3,546.1,804.7,140.3,5.3,10.2,3917.3,95.0,527.0,3139.4,155.9,2049,,JALPAIGURI,
West Bengal,Jalpaiguri,IMD110-P2048,1935,6.8,54.8,43.8,28.0,339.1,1129.9,451.2,1152.2,657.3,30.7,14.5,4.8,3913.1,61.6,410.9,3390.6,50.1,2049,,JALPAIGURI,
West Bengal,Jalpaiguri,IMD110-P2048,1936,6.8,6.8,79.6,127.8,388.0,716.5,845.1,820.9,510.0,105.6,0.0,5.6,3612.7,13.6,595.4,2892.6,111.2,2049,,JALPAIGURI,
West Bengal,Jalpaiguri,IMD110-P2048,1937,0.0,90.0,6.4,129.6,306.4,388.9,752.5,857.3,357.8,257.2,18.3,1.2,3165.6,90.0,442.4,2356.5,276.7,2049,,JALPAIGURI,
West Bengal,Jalpaiguri,IMD110-P2048,1938,0.1,11.2,15.2,158.1,417.9,1362.8,1017.8,783.7,716.6,181.1,11.5,0.4,4676.3,11.3,591.2,3880.9,192.9,2049,,JALPAIGURI,
West Bengal,Jalpaiguri,IMD110-P2048,1939,0.0,8.1,0.0,9.2,366.0,1011.9,866.2,589.9,712.3,109.8,17.2,1.1,3691.5,8.1,375.2,3180.3,128.0,2049,,JALPAIGURI,
West Bengal,Jalpaiguri,IMD110-P2048,1940,0.0,67.4,141.5,38.0,419.3,893.5,875.1,580.8,664.2,21.5,25.4,0.4,3727.3,67.4,598.9,3013.7,47.3,2049,,JALPAIGURI,
West Bengal,Jalpaiguri,IMD110-P2048,1941,0.0,9.7,30.9,124.8,649.4,610.8,884.0,801.3,830.7,57.9,40.2,14.6,4054.5,9.7,805.2,3126.9,112.7,2049,,JALPAIGURI,
West Bengal,Jalpaiguri,IMD110-P2048,1942,11.6,4.4,64.7,315.3,429.2,896.2,531.6,452.3,556.3,16.1,17.1,0.0,3294.8,16.1,809.2,2436.4,33.2,2049,,JALPAIGURI,
West Bengal,Jalpaiguri,IMD110-P2048,1943,59.4,43.4,69.6,230.4,320.2,1101.1,604.3,841.4,783.6,62.5,11.5,1.8,4129.2,102.8,620.2,3330.4,75.8,2049,,JALPAIGURI,
West Bengal,Jalpaiguri,IMD110-P2048,1944,45.4,24.7,56.0,217.1,456.3,1043.3,458.3,429.8,1082.5,81.1,18.2,0.0,3912.6,70.1,729.4,3013.8,99.2,2049,,JALPAIGURI,
West Bengal,Jalpaiguri,IMD110-P2048,1945,42.7,13.6,12.9,226.9,533.5,471.1,934.9,1139.5,577.1,248.5,0.0,4.2,4204.9,56.3,773.3,3122.7,252.7,2049,,JALPAIGURI,
West Bengal,Jalpaiguri,IMD110-P2048,1946,0.0,4.3,54.4,220.1,451.5,723.7,870.8,591.0,714.1,302.2,8.3,0.7,3941.1,4.3,726.0,2899.6,311.2,2049,,JALPAIGURI,
West Bengal,Jalpaiguri,IMD110-P2048,1947,3.9,0.0,155.3,91.8,160.8,513.2,761.4,526.4,746.4,193.8,0.0,0.1,3153.1,3.9,408.0,2547.4,193.9,2049,,JALPAIGURI,
West Bengal,Jalpaiguri,IMD110-P2048,1948,0.0,21.1,16.1,368.3,709.2,1000.4,1303.6,566.1,462.9,238.1,59.0,3.9,4748.6,21.1,1093.6,3333.0,300.9,2049,,JALPAIGURI,
West Bengal,Jalpaiguri,IMD110-P2048,1949,24.0,29.6,29.5,411.4,463.8,942.1,881.7,912.1,516.7,383.0,0.2,13.1,4607.2,53.6,904.8,3252.5,396.4,2049,,JALPAIGURI,
West Bengal,Jalpaiguri,IMD110-P2048,1950,0.0,20.3,43.6,117.2,342.9,684.8,982.0,775.9,580.6,229.9,0.6,0.0,3777.9,20.3,503.7,3023.4,230.6,2049,,JALPAIGURI,
West Bengal,Jalpaiguri,IMD110-P2048,1951,1.6,0.0,37.6,123.4,499.5,802.1,1249.4,685.2,562.4,296.9,67.9,0.0,4326.0,1.6,660.4,3299.2,364.7,2049,,JALPAIGURI,
West Bengal,Jalpaiguri,IMD110-P2048,1952,0.0,48.8,135.5,267.7,567.0,731.5,1061.0,870.7,908.1,221.9,18.9,12.7,4843.9,48.8,970.2,3571.2,253.5,2049,,JALPAIGURI,
West Bengal,Jalpaiguri,IMD110-P2048,1953,11.2,31.8,156.1,104.9,428.3,473.8,881.7,310.9,530.5,209.2,0.0,8.9,3147.2,43.0,689.3,2196.8,218.1,2049,,JALPAIGURI,
West Bengal,Jalpaiguri,IMD110-P2048,1954,10.5,13.2,23.2,165.1,532.0,1324.4,1717.7,785.4,372.5,166.0,2.2,10.1,5122.3,23.7,720.2,4200.0,178.3,2049,,JALPAIGURI,
West Bengal,Jalpaiguri,IMD110-P2048,1955,0.4,0.0,41.2,95.8,377.1,1025.4,1890.8,1001.3,467.8,77.4,0.0,6.6,4983.8,0.4,514.1,4385.3,84.0,2049,,JALPAIGURI,
West Bengal,Jalpaiguri,IMD110-P2048,1956,17.4,0.5,75.4,338.8,848.5,1169.8,669.1,616.0,287.8,189.5,28.7,4.1,4245.7,17.8,1262.7,2742.8,222.4,2049,,JALPAIGURI,
West Bengal,Jalpaiguri,IMD110-P2048,1957,77.8,6.3,22.6,0.3,359.9,638.0,846.3,778.8,216.1,124.3,17.7,4.4,3092.4,84.0,382.8,2479.2,146.3,2049,,JALPAIGURI,
West Bengal,Jalpaiguri,IMD110-P2048,1958,11.9,32.5,34.9,204.9,478.4,825.8,725.4,1494.7,491.4,185.4,3.9,3.3,4492.6,44.4,718.2,3537.3,192.7,2049,,JALPAIGURI,
West Bengal,Jalpaiguri,IMD110-P2048,1959,152.9,9.3,93.6,210.2,391.0,1055.2,790.1,364.5,655.0,310.6,2.3,0.0,4034.6,162.2,694.8,2864.8,312.9,2049,,JALPAIGURI,
West Bengal,Jalpaiguri,IMD110-P2048,1960,0.0,8.3,63.3,4.1,357.8,694.3,1126.4,550.9,499.5,73.4,0.0,0.0,3378.0,8.3,425.2,2871.1,73.4,2049,,JALPAIGURI,
West Bengal,Jalpaiguri,IMD110-P2048,1961,1.3,25.0,26.3,41.0,467.3,622.0,629.6,822.8,450.7,93.6,1.3,9.1,3190.0,26.3,534.6,2525.1,104.0,2049,,JALPAIGURI,
West Bengal,Jalpaiguri,IMD110-P2048,1962,26.6,10.1,8.9,46.2,509.9,734.7,667.2,832.5,370.0,49.7,0.0,0.0,3255.7,36.7,565.0,2604.4,49.7,2049,,JALPAIGURI,
West Bengal,Jalpaiguri,IMD110-P2048,1963,0.0,0.0,28.7,136.9,431.9,518.0,867.2,1024.0,327.0,175.0,8.6,4.8,3522.2,0.0,597.6,2736.3,188.4,2049,,JALPAIGURI,
West Bengal,Jalpaiguri,IMD110-P2048,1964,0.0,0.0,8.8,213.0,220.5,1039.9,1319.4,661.8,791.1,241.4,10.8,0.0,4506.6,0.0,442.3,3812.2,252.2,2049,,JALPAIGURI,
West Bengal,Jalpaiguri,IMD110-P2048,1965,0.0,36.6,45.8,86.3,358.5,531.5,989.0,1307.1,532.3,30.6,27.7,0.0,3945.3,36.6,490.6,3359.8,58.3,2049,,JALPAIGURI,
West Bengal,Jalpaiguri,IMD110-P2048,1966,12.5,8.8,6.8,90.2,375.5,213.6,1003.8,692.3,636.8,152.1,24.3,6.6,3223.1,21.3,472.5,2546.4,183.0,2049,,JALPAIGURI,
West Bengal,Jalpaiguri,IMD110-P2048,1967,0.0,0.0,100.2,63.8,227.3,1501.3,1790.9,228.8,650.8,194.6,13.4,38.2,4809.1,0.0,391.3,4171.8,246.2,2049,,JALPAIGURI,
West Bengal,Jalpaiguri,IMD110-P2048,1968,14.3,3.0,34.5,244.3,414.5,816.3,1349.2,718.0,862.3,404.6,304.8,0.0,5165.9,17.4,693.3,3745.8,709.4,2050,,JALPAIGURI,
West Bengal,Jalpaiguri,IMD110-P2048,1969,12.4,5.2,41.8,91.8,345.5,650.6,681.0,538.4,449.0,50.4,11.4,0.0,2877.5,17.6,479.1,2319.0,61.8,2050,,JALPAIGURI,
West Bengal,Jalpaiguri,IMD110-P2048,1970,22.0,5.0,0.0,293.4,148.0,597.4,834.8,630.4,613.0,10.0,0.0,0.0,3154.0,27.0,441.4,2675.6,10.0,2050,,JALPAIGURI,
West Bengal,Jalpaiguri,IMD110-P2048,1971,4.7,7.0,47.8,291.1,292.9,1050.8,1050.4,830.4,546.7,485.6,25.9,0.0,4633.3,11.7,631.8,3478.3,511.5,2050,,JALPAIGURI,
West Bengal,Jalpaiguri,IMD110-P2048,1972,2.4,27.6,40.6,156.5,307.7,720.4,1083.5,426.8,795.9,88.0,12.9,0.0,3662.2,30.0,504.8,3026.5,100.9,2050,,JALPAIGURI,
West Bengal,Jalpaiguri,IMD110-P2048,1973,4.0,22.0,40.2,113.3,474.1,1113.9,741.3,705.4,539.1,351.6,9.4,2.4,4116.7,26.0,627.6,3099.7,363.3,2050,,JALPAIGURI,
West Bengal,Jalpaiguri,IMD110-P2048,1974,34.9,0.0,108.0,400.9,462.5,949.3,1470.3,1320.3,792.4,317.4,1.8,0.1,5857.8,34.9,971.3,4532.3,319.3,2050,,JALPAIGURI,
West Bengal,Jalpaiguri,IMD110-P2048,1975,0.1,15.6,10.8,122.4,351.5,803.1,1368.6,388.4,774.8,214.3,0.0,2.7,4052.1,15.7,484.7,3334.8,216.9,2050,,JALPAIGURI,
West Bengal,Jalpaiguri,IMD110-P2048,1976,7.0,39.7,18.0,108.8,370.9,1028.7,773.0,899.8,424.7,157.8,56.6,3.0,3887.8,46.7,497.6,3126.1,217.4,2050,,JALPAIGURI,
West Bengal,Jalpaiguri,IMD110-P2048,1977,1.2,19.4,58.3,386.9,469.1,602.1,605.4,1118.9,492.4,281.3,57.3,13.7,4106.0,20.6,914.3,2818.8,352.3,2050,,JALPAIGURI,
West Bengal,Jalpaiguri,IMD110-P2048,1978,6.8,9.3,27.9,141.4,469.2,750.7,786.7,325.0,473.2,86.1,51.3,0.3,3128.0,16.1,638.5,2335.6,137.7,2050,,JALPAIGURI,
West Bengal,Jalpaiguri,IMD110-P2048,1979,0.5,20.5,0.2,145.7,266.0,395.9,1082.0,594.6,619.6,437.5,14.1,43.4,3620.0,21.0,411.9,2692.1,495.0,2050,,JALPAIGURI,
West Bengal,Jalpaiguri,IMD110-P2048,1980,3.1,15.3,100.1,119.2,351.0,654.5,896.2,682.2,452.6,95.8,2.4,0.0,3372.3,18.4,570.3,2685.4,98.2,2050,,JALPAIGURI,
West Bengal,Jalpaiguri,IMD110-P2048,1981,29.0,6.2,71.1,173.5,229.1,678.2,1009.9,598.5,557.7,78.8,2.5,9.0,3443.5,35.2,473.7,2844.3,90.3,2050,,JALPAIGURI,
West Bengal,Jalpaiguri,IMD110-P2048,1982,0.6,7.5,61.7,181.9,222.0,674.7,1128.6,240.6,400.1,41.0,22.1,20.3,3001.2,8.1,465.6,2444.0,83.5,2050,,JALPAIGURI,
West Bengal,Jalpaiguri,IMD110-P2048,1983,25.0,29.0,39.8,62.0,454.4,671.3,1010.6,192.4,427.0,,0.0,3.0,,54.0,556.2,2301.3,,2050,missing_months,JALPAIGURI,
West Bengal,Jalpaiguri,IMD110-P2048,1984,17.0,6.0,5.8,98.7,466.6,,,,76.1,84.0,18.0,,,23.0,571.1,,,2050,missing_months,JALPAIGURI,
West Bengal,Jalpaiguri,IMD110-P2048,1985,0.3,56.6,65.7,97.2,459.4,636.1,1064.8,354.2,548.7,230.8,22.7,42.7,3579.2,56.9,622.3,2603.8,296.2,2050,,JALPAIGURI,
West Bengal,Jalpaiguri,IMD110-P2048,1986,1.8,1.5,4.4,171.5,174.3,665.1,782.1,575.2,617.4,189.1,21.9,4.2,3208.4,3.3,350.1,2639.8,215.2,2050,,JALPAIGURI,
West Bengal,Jalpaiguri,IMD110-P2048,1987,0.5,31.6,90.1,147.5,153.8,569.2,818.4,1205.3,618.1,178.6,6.1,0.4,3819.8,32.2,391.5,3211.0,185.2,2050,,JALPAIGURI,
West Bengal,Jalpaiguri,IMD110-P2048,1988,4.9,23.5,42.6,113.7,286.7,268.5,1170.1,1514.1,801.0,136.7,1.6,2.4,4365.6,28.4,443.0,3753.6,140.6,2050,,JALPAIGURI,
West Bengal,Jalpaiguri,IMD110-P2048,1989,7.4,35.5,20.9,38.9,378.5,810.3,793.7,592.8,969.8,129.2,44.6,13.4,3835.1,43.0,438.2,3166.6,187.2,2050,,JALPAIGURI,
West Bengal,Jalpaiguri,IMD110-P2048,1990,11.7,175.8,74.2,263.1,465.3,785.8,830.1,1008.9,617.8,121.7,0.0,0.1,4354.4,187.4,802.6,3242.6,121.8,2050,,JALPAIGURI,
West Bengal,Jalpaiguri,IMD110-P2048,1991,29.1,21.6,42.1,144.7,364.9,1184.2,947.2,736.6,905.9,65.4,2.2,11.9,4455.8,50.7,551.7,3773.9,79.5,2050,,JALPAIGURI,
West Bengal,Jalpaiguri,IMD110-P2048,1992,8.6,25.0,0.0,92.6,307.8,537.5,1185.7,467.7,372.5,101.8,1.8,13.0,3114.0,33.7,400.4,2563.4,116.6,2050,,JALPAIGURI,
West Bengal,Jalpaiguri,IMD110-P2048,1993,24.6,48.7,17.6,154.6,585.3,589.2,1402.8,764.8,375.0,428.3,7.6,3.5,4401.9,73.3,757.6,3131.8,439.3,2050,,JALPAIGURI,
West Bengal,Jalpaiguri,IMD110-P2048,1994,44.1,40.1,45.8,148.9,362.0,457.8,572.8,543.1,437.4,119.2,2.7,4.8,2778.6,84.2,556.7,2011.1,126.6,2050,,JALPAIGURI,
West Bengal,Jalpaiguri,IMD110-P2048,1995,3.6,23.4,17.4,81.2,552.7,1429.3,855.4,611.6,595.1,142.5,60.8,2.9,4375.7,27.0,651.2,3491.3,206.2,2050,,JALPAIGURI,
West Bengal,Jalpaiguri,IMD110-P2048,1996,24.8,3.3,28.1,70.9,528.1,337.8,1439.5,670.7,210.5,125.7,0.2,0.1,3439.8,28.2,627.2,2658.6,125.9,2050,,JALPAIGURI,
West Bengal,Jalpaiguri,IMD110-P2048,1997,15.7,11.7,44.8,139.3,195.4,1046.3,647.7,480.8,550.9,42.8,22.2,28.2,3225.8,27.4,379.5,2725.7,93.2,2050,,JALPAIGURI,
West Bengal,Jalpaiguri,IMD110-P2048,1998,0.1,10.4,118.9,149.9,283.0,1354.3,1209.5,1360.9,448.0,166.8,5.5,0.0,5107.2,10.5,551.8,4372.7,172.2,2050,,JALPAIGURI,
West Bengal,Jalpaiguri,IMD110-P2048,1999,0.3,0.1,11.5,196.0,463.8,709.4,1140.8,969.9,346.5,301.1,8.7,1.1,4149.4,0.4,671.3,3166.7,311.0,2050,,JALPAIGURI,
West Bengal,Jalpaiguri,IMD110-P2048,2000,2.7,16.3,10.8,215.0,445.7,1227.5,920.3,802.6,470.0,129.9,28.4,0.3,4269.6,19.0,671.5,3420.4,158.6,2050,,JALPAIGURI,
West Bengal,Jalpaiguri,IMD110-P2048,2001,2.1,3.0,45.4,118.5,417.9,590.3,581.6,645.7,520.8,384.3,53.5,5.4,3368.4,5.0,581.8,2338.4,443.2,2050,,JALPAIGURI,
West Bengal,Jalpaiguri,IMD110-P2048,2002,25.9,3.2,109.8,241.6,187.0,567.1,1264.3,453.6,386.8,118.3,3.8,9.9,3371.1,29.0,538.3,2671.7,132.0,2051,,JALPAIGURI,
West Bengal,Jalpaiguri,IMD110-P2048,2003,7.1,67.2,110.7,231.1,308.2,665.4,1209.2,476.4,526.1,284.3,20.3,23.1,3929.1,74.3,650.1,2877.1,327.6,2051,,JALPAIGURI,
West Bengal,Jalpaiguri,IMD110-P2048,2004,20.9,15.2,40.0,188.7,482.3,747.9,1240.3,511.9,670.9,175.9,14.9,5.8,4114.8,36.1,711.0,3171.0,196.7,2051,,JALPAIGURI,
West Bengal,Jalpaiguri,IMD110-P2048,2005,17.3,4.5,175.0,217.5,253.2,537.6,854.8,708.1,284.9,367.7,7.8,0.0,3428.3,21.8,645.6,2385.5,375.5,2051,,JALPAIGURI,
West Bengal,Jalpaiguri,IMD110-P2048,2006,0.0,16.1,19.6,115.8,414.3,704.6,755.5,331.7,697.3,186.4,14.2,10.9,3266.5,16.1,549.7,2489.2,211.5,2051,,JALPAIGURI,
West Bengal,Jalpaiguri,IMD110-P2048,2007,0.1,68.7,25.7,232.4,288.1,628.8,959.3,709.0,721.9,92.3,3.9,0.5,3730.8,68.8,546.2,3019.1,96.8,2051,,JALPAIGURI,
West Bengal,Jalpaiguri,IMD110-P2048,2008,11.6,9.6,66.4,151.4,206.5,657.1,1021.5,1125.7,311.5,110.2,11.5,6.1,3689.2,21.2,424.3,3115.8,127.8,2051,,JALPAIGURI,
West Bengal,Jalpaiguri,IMD110-P2048,2009,1.0,0.1,30.2,197.0,285.1,656.4,735.8,865.2,286.5,304.0,2.4,3.9,3367.6,1.1,512.3,2543.9,310.4,2051,,JALPAIGURI,
West Bengal,Jalpaiguri,IMD110-P2048,2010,0.0,3.7,72.3,259.6,370.0,832.9,1038.3,641.3,400.9,13.8,1.1,0.6,3634.5,3.7,701.8,2913.4,15.6,2051,,JALPAIGURI,
West Bengal,Kolkata,IMD110-P2052,1901,33.4,49.6,0.0,39.4,158.1,225.1,330.2,338.0,484.8,50.5,73.0,0.0,1782.1,83.0,197.5,1378.1,123.5,2052,,KOLKATA,
West Bengal,Kolkata,IMD110-P2052,1902,0.0,0.5,37.9,155.2,233.6,139.0,394.2,355.8,177.4,70.8,1.3,16.7,1582.4,0.5,426.7,1066.4,88.8,2052,,KOLKATA,
West Bengal,Kolkata,IMD110-P2052,1903,5.4,16.3,19.5,43.5,38.8,272.1,161.3,258.1,357.6,203.8,0.5,0.0,1376.9,21.7,101.8,1049.1,204.3,2052,,KOLKATA,
West Bengal,Kolkata,IMD110-P2052,1904,0.0,65.5,66.5,8.4,250.0,260.3,523.7,257.1,145.4,24.9,3.8,0.0,1605.6,65.5,324.9,1186.5,28.7,2052,,KOLKATA,
West Bengal,Kolkata,IMD110-P2052,1905,23.8,41.1,88.6,126.5,254.1,40.7,631.0,160.2,284.7,121.4,0.0,0.0,1772.1,64.9,469.2,1116.6,121.4,2052,,KOLKATA,
West Bengal,Kolkata,IMD110-P2052,1906,45.2,202.3,52.9,0.8,101.1,161.9,322.4,206.8,210.9,139.7,8.9,0.0,1452.9,247.5,154.8,902.0,148.6,2052,,KOLKATA,
West Bengal,Kolkata,IMD110-P2052,1907,0.0,2.3,102.0,31.8,139.0,470.5,207.5,255.0,113.9,26.9,0.0,13.4,1362.3,2.3,272.8,1046.9,40.3,2052,,KOLKATA,
West Bengal,Kolkata,IMD110-P2052,1908,21.8,0.0,0.0,5.3,117.9,663.6,625.9,366.8,200.5,49.2,1.0,0.0,2052.0,21.8,123.2,1856.8,50.2,2052,,KOLKATA,
West Bengal,Kolkata,IMD110-P2052,1909,0.0,2.6,0.0,151.2,114.9,575.0,252.4,385.4,236.0,95.8,5.1,16.5,1834.9,2.6,266.1,1448.8,117.4,2052,,KOLKATA,
West Bengal,Kolkata,IMD110-P2052,1910,42.4,11.2,16.7,31.1,121.9,164.6,283.0,281.0,329.1,173.2,0.0,0.0,1454.2,53.6,169.7,1057.7,173.2,2052,,KOLKATA,
West Bengal,Kolkata,IMD110-P2052,1912,0.0,18.8,103.9,62.6,123.2,242.2,291.6,278.2,130.0,108.7,84.8,0.0,1444.0,18.8,289.7,942.0,193.5,2052,,KOLKATA,
West Bengal,Kolkata,IMD110-P2052,1913,1.5,83.6,22.1,38.4,218.3,791.0,367.8,340.6,144.3,168.7,13.7,3.6,2193.6,85.1,278.8,1643.7,186.0,2052,,KOLKATA,
West Bengal,Kolkata,IMD110-P2052,1914,0.0,26.5,9.4,81.8,213.2,235.6,426.4,238.9,184.0,8.1,0.0,30.5,1454.4,26.5,304.4,1084.9,38.6,2052,,KOLKATA,
West Bengal,Kolkata,IMD110-P2052,1915,10.4,9.9,106.3,40.0,143.5,285.6,267.3,404.0,265.5,99.2,59.3,0.0,1691.0,20.3,289.8,1222.4,158.5,2052,,KOLKATA,
West Bengal,Kolkata,IMD110-P2052,1916,0.0,0.0,0.0,45.8,98.1,431.5,193.1,481.0,454.6,371.1,27.2,0.0,2102.4,0.0,143.9,1560.2,398.3,2052,,KOLKATA,
West Bengal,Kolkata,IMD110-P2052,1917,0.0,29.3,36.1,50.8,208.7,296.1,308.9,362.6,205.7,287.5,10.2,0.0,1795.9,29.3,295.6,1173.3,297.7,2052,,KOLKATA,
West Bengal,Kolkata,IMD110-P2052,1918,0.0,0.0,20.9,120.2,208.1,408.7,194.0,273.8,236.7,7.3,1.1,,,0.0,349.2,1113.2,,2052,missing_months,KOLKATA,
West Bengal,Kolkata,IMD110-P2052,1919,14.8,29.4,13.0,102.2,106.3,328.9,304.7,592.7,65.6,11.8,49.6,0.0,1619.0,44.2,221.5,1291.9,61.4,2052,,KOLKATA,
West Bengal,Kolkata,IMD110-P2052,1920,0.0,37.7,159.2,1.0,66.2,130.5,367.5,474.0,237.9,145.7,0.5,0.0,1620.2,37.7,226.4,1209.9,146.2,2052,,KOLKATA,
West Bengal,Kolkata,IMD110-P2052,1921,53.1,12.5,18.6,72.5,76.5,362.6,245.6,427.5,161.3,7.5,0.0,0.0,1437.7,65.6,167.6,1197.0,7.5,2052,,KOLKATA,
West Bengal,Kolkata,IMD110-P2052,1922,4.3,0.0,0.5,30.3,62.8,581.4,368.1,459.9,544.1,57.0,2.3,0.0,2110.7,4.3,93.6,1953.5,59.3,2052,,KOLKATA,
West Bengal,Kolkata,IMD110-P2052,1923,0.3,93.2,29.2,20.8,25.9,136.4,414.8,423.3,133.4,135.4,17.5,5.1,1435.3,93.5,75.9,1107.9,158.0,2052,,KOLKATA,
West Bengal,Kolkata,IMD110-P2052,1924,5.8,,0.0,8.4,25.9,210.9,264.3,384.7,249.8,82.8,46.9,0.0,,,34.3,1109.7,129.7,2052,missing_months,KOLKATA,
West Bengal,Kolkata,IMD110-P2052,1925,18.6,5.9,12.0,85.0,118.9,172.8,451.1,203.6,188.5,221.7,7.9,0.0,1486.0,24.5,215.9,1016.0,229.6,2052,,KOLKATA,
West Bengal,Kolkata,IMD110-P2052,1926,14.5,20.3,112.6,39.7,106.4,160.4,644.6,538.7,155.4,101.8,0.0,17.5,1911.9,34.8,258.7,1499.1,119.3,2052,,KOLKATA,
West Bengal,Kolkata,IMD110-P2052,1927,9.4,30.3,4.1,52.6,124.8,291.1,215.7,178.3,178.8,74.2,5.9,0.0,1165.2,39.7,181.5,863.9,80.1,2052,,KOLKATA,
West Bengal,Kolkata,IMD110-P2052,1928,4.3,0.8,3.3,81.4,179.4,457.2,562.0,414.6,221.7,74.2,0.0,0.0,1998.9,5.1,264.1,1655.5,74.2,2052,,KOLKATA,
West Bengal,Kolkata,IMD110-P2052,1929,29.8,16.0,65.8,52.1,39.2,171.1,283.0,287.1,271.6,292.4,0.0,7.4,1515.5,45.8,157.1,1012.8,299.8,2052,,KOLKATA,
West Bengal,Kolkata,IMD110-P2052,1930,0.0,19.6,10.9,2.8,118.5,218.3,511.3,372.7,178.4,27.5,61.9,0.0,1521.9,19.6,132.2,1280.7,89.4,2052,,KOLKATA,
West Bengal,Kolkata,IMD110-P2052,1931,1.5,73.6,33.3,27.4,195.3,152.9,348.0,222.8,321.5,156.3,128.1,0.3,1661.0,75.1,256.0,1045.2,284.7,2052,,KOLKATA,
West Bengal,Kolkata,IMD110-P2052,1932,0.0,6.4,17.6,27.2,298.1,188.9,251.0,225.5,262.1,96.1,225.8,0.0,1598.7,6.4,342.9,927.5,321.9,2052,,KOLKATA,
West Bengal,Kolkata,IMD110-P2052,1933,19.8,65.9,1.6,80.2,190.2,399.1,436.7,373.5,266.3,247.0,0.0,0.0,2080.3,85.7,272.0,1475.6,247.0,2052,,KOLKATA,
West Bengal,Kolkata,IMD110-P2052,1934,0.0,2.0,4.1,49.5,64.6,195.6,226.4,358.2,315.9,136.3,22.0,7.8,1382.4,2.0,118.2,1096.1,166.1,2052,,KOLKATA,
West Bengal,Kolkata,IMD110-P2052,1935,13.7,32.8,25.2,59.6,10.6,103.1,167.2,299.4,169.6,23.1,0.0,5.3,909.6,46.5,95.4,739.3,28.4,2053,,KOLKATA,
West Bengal,Kolkata,IMD110-P2052,1936,10.9,26.7,10.7,6.4,241.1,406.3,272.7,152.6,503.6,120.8,0.0,32.3,1784.1,37.6,258.2,1335.2,153.1,2053,,KOLKATA,
West Bengal,Kolkata,IMD110-P2052,1937,0.0,137.9,9.7,3.8,139.1,445.1,277.6,358.4,338.3,200.4,3.8,2.3,1916.4,137.9,152.6,1419.4,206.5,2053,,KOLKATA,
West Bengal,Kolkata,IMD110-P2052,1938,10.5,28.2,13.2,0.3,369.6,232.7,155.5,244.9,56.1,95.7,2.9,0.0,1209.6,38.7,383.1,689.2,98.6,2053,,KOLKATA,
West Bengal,Kolkata,IMD110-P2052,1939,1.5,37.6,0.8,40.0,69.7,386.1,377.2,549.9,275.5,240.9,8.9,0.8,1988.9,39.1,110.5,1588.7,250.6,2053,,KOLKATA,
West Bengal,Kolkata,IMD110-P2052,1940,0.0,7.4,156.7,1.5,167.8,195.7,270.0,308.9,373.3,94.6,0.0,0.0,1575.9,7.4,326.0,1147.9,94.6,2053,,KOLKATA,
West Bengal,Kolkata,IMD110-P2052,1941,31.5,0.0,0.3,24.1,72.6,509.5,395.6,629.5,199.4,269.3,89.6,0.0,2221.4,31.5,97.0,1734.0,358.9,2053,,KOLKATA,
West Bengal,Kolkata,IMD110-P2052,1942,0.5,4.3,2.3,41.4,19.3,80.4,375.3,311.5,463.8,187.1,7.8,0.0,1493.7,4.8,63.0,1231.0,194.9,2053,,KOLKATA,
West Bengal,Kolkata,IMD110-P2052,1943,,33.8,15.5,132.9,37.4,236.6,445.6,369.2,171.7,65.3,0.0,0.0,,,185.8,1223.1,65.3,2053,missing_months,KOLKATA,
West Bengal,Kolkata,IMD110-P2052,1944,51.8,14.4,40.0,32.0,73.9,226.3,283.3,517.2,146.4,94.8,0.0,0.0,1480.1,66.2,145.9,1173.2,94.8,2053,,KOLKATA,
West Bengal,Kolkata,IMD110-P2052,1945,25.4,9.4,13.7,98.4,105.0,203.8,179.9,167.4,272.9,289.2,0.0,0.0,1365.1,34.8,217.1,824.0,289.2,2053,,KOLKATA,
West Bengal,Kolkata,IMD110-P2052,1946,0.0,14.2,8.4,39.1,157.0,215.4,209.9,256.7,489.7,212.0,43.5,0.0,1645.9,14.2,204.5,1171.7,255.5,2053,,KOLKATA,
West Bengal,Kolkata,IMD110-P2052,1947,6.1,13.8,33.0,11.9,148.0,227.6,407.2,389.8,355.7,83.1,0.0,26.7,1702.9,19.9,192.9,1380.3,109.8,2053,,KOLKATA,
West Bengal,Kolkata,IMD110-P2052,1948,20.6,37.4,122.5,18.7,96.2,324.2,283.6,376.7,165.2,177.9,92.6,0.0,1715.6,58.0,237.4,1149.7,270.5,2053,,KOLKATA,
West Bengal,Kolkata,IMD110-P2052,1949,1.3,0.8,32.5,152.4,262.3,226.4,363.5,185.9,335.1,91.5,0.0,0.0,1651.7,2.1,447.2,1110.9,91.5,2053,,KOLKATA,
West Bengal,Kolkata,IMD110-P2052,1950,0.0,5.1,4.6,54.6,104.0,384.4,292.1,194.5,226.6,161.8,238.6,0.0,1666.3,5.1,163.2,1097.6,400.4,2053,,KOLKATA,
West Bengal,Kolkata,IMD110-P2052,1951,0.0,0.0,100.5,31.0,81.3,242.7,327.9,334.1,326.2,88.5,50.1,0.0,1582.3,0.0,212.8,1230.9,138.6,2053,,KOLKATA,
West Bengal,Kolkata,IMD110-P2052,1952,0.0,1.0,35.9,144.5,84.8,228.2,420.1,280.8,194.9,153.6,3.8,0.0,1547.6,1.0,265.2,1124.0,157.4,2053,,KOLKATA,
West Bengal,Kolkata,IMD110-P2052,1953,21.1,18.3,0.3,2.8,60.2,308.1,132.0,301.1,320.4,75.2,12.7,0.0,1252.2,39.4,63.3,1061.6,87.9,2053,,KOLKATA,
West Bengal,Kolkata,IMD110-P2052,1954,16.5,26.9,0.0,9.9,203.7,255.2,132.7,235.1,214.5,97.4,0.0,19.6,1211.5,43.4,213.6,837.5,117.0,2053,,KOLKATA,
West Bengal,Kolkata,IMD110-P2052,1955,0.0,0.0,8.6,15.3,22.1,212.5,220.2,276.4,169.2,377.5,82.8,0.0,1384.6,0.0,46.0,878.3,460.3,2053,,KOLKATA,
West Bengal,Kolkata,IMD110-P2052,1956,4.8,19.3,44.2,16.3,51.3,506.4,292.2,242.7,383.2,191.3,4.1,0.0,1755.8,24.1,111.8,1424.5,195.4,2053,,KOLKATA,
West Bengal,Kolkata,IMD110-P2052,1957,66.1,21.1,3.2,41.9,15.2,159.5,389.3,231.9,237.1,128.7,0.0,0.0,1294.0,87.2,60.3,1017.8,128.7,2053,,KOLKATA,
West Bengal,Kolkata,IMD110-P2052,1958,10.4,73.6,5.6,,59.6,100.7,336.6,179.2,274.1,71.8,23.7,0.0,,84.0,,890.6,95.5,2053,missing_months,KOLKATA,
West Bengal,Kolkata,IMD110-P2052,1959,21.5,14.9,9.6,84.9,110.0,352.0,166.6,251.2,521.0,474.2,0.0,1.9,2007.8,36.4,204.5,1290.8,476.1,2053,,KOLKATA,
West Bengal,Kolkata,IMD110-P2052,1960,0.0,0.0,42.1,0.0,110.1,70.0,584.9,366.1,341.2,107.4,5.7,0.0,1627.5,0.0,152.2,1362.2,113.1,2053,,KOLKATA,
West Bengal,Kolkata,IMD110-P2052,1961,36.2,32.2,5.2,4.6,147.0,254.7,108.6,426.1,313.8,116.6,0.0,0.0,1445.0,68.4,156.8,1103.2,116.6,2053,,KOLKATA,
West Bengal,Kolkata,IMD110-P2052,1962,14.5,14.3,,43.4,85.4,259.9,257.2,172.6,228.1,174.9,0.0,0.0,,28.8,,917.8,174.9,2053,missing_months,KOLKATA,
West Bengal,Kolkata,IMD110-P2052,1963,0.0,0.0,17.1,77.1,120.8,297.6,291.5,214.1,394.8,137.9,4.4,0.0,1555.3,0.0,215.0,1198.0,142.3,2053,,KOLKATA,
West Bengal,Kolkata,IMD110-P2052,1964,0.0,9.0,30.2,72.9,150.4,96.5,626.1,289.7,195.1,90.4,27.7,0.0,1588.0,9.0,253.5,1207.4,118.1,2053,,KOLKATA,
West Bengal,Kolkata,IMD110-P2052,1965,0.5,33.7,27.5,55.2,58.4,309.9,355.6,411.8,346.7,114.8,0.0,1.0,1715.1,34.2,141.1,1424.0,115.8,2053,,KOLKATA,
West Bengal,Kolkata,IMD110-P2052,1966,25.4,0.8,6.0,7.7,21.6,403.2,131.6,275.3,202.8,79.8,34.5,12.0,1200.7,26.2,35.3,1012.9,126.3,2053,,KOLKATA,
West Bengal,Kolkata,IMD110-P2052,1967,120.7,0.0,43.9,50.5,73.6,102.6,217.5,372.2,316.6,107.3,0.0,4.3,1409.2,120.7,168.0,1008.9,111.6,2053,,KOLKATA,
West Bengal,Kolkata,IMD110-P2052,1968,2.6,35.5,30.5,21.3,16.5,598.3,494.6,602.7,111.4,122.9,43.3,0.0,2079.6,38.1,68.3,1807.0,166.2,2053,,KOLKATA,
West Bengal,Kolkata,IMD110-P2052,1969,26.0,0.0,39.3,140.4,64.3,118.7,290.7,432.7,339.9,105.6,13.7,0.0,1571.3,26.0,244.0,1182.0,119.3,2054,,KOLKATA,
West Bengal,Kolkata,IMD110-P2052,1970,5.1,4.8,79.8,27.7,43.3,537.1,277.0,280.5,524.3,225.3,27.5,0.0,2032.4,9.9,150.8,1618.9,252.8,2054,,KOLKATA,
West Bengal,Kolkata,IMD110-P2052,1971,52.8,42.9,0.4,204.2,167.0,358.7,533.8,475.0,232.2,224.6,21.0,0.0,2312.6,95.7,371.6,1599.7,245.6,2054,,KOLKATA,
West Bengal,Kolkata,IMD110-P2052,1972,0.0,77.2,0.8,5.2,19.1,82.6,292.3,556.1,238.6,104.7,0.0,0.0,1376.6,77.2,25.1,1169.6,104.7,2054,,KOLKATA,
West Bengal,Kolkata,IMD110-P2052,1973,0.0,24.7,68.3,28.2,318.4,198.8,221.3,362.1,387.6,190.6,44.1,64.2,1908.3,24.7,414.9,1169.8,298.9,2054,,KOLKATA,
West Bengal,Kolkata,IMD110-P2052,1974,2.0,0.0,153.6,12.6,145.6,132.5,369.6,363.9,196.3,305.7,0.2,0.0,1682.0,2.0,311.8,1062.3,305.9,2054,,KOLKATA,
West Bengal,Kolkata,IMD110-P2052,1975,9.4,38.2,1.4,12.4,94.5,207.9,385.6,340.5,215.7,223.6,44.5,0.0,1573.7,47.6,108.3,1149.7,268.1,2054,,KOLKATA,
West Bengal,Kolkata,IMD110-P2052,1976,0.0,65.1,20.8,104.7,202.7,139.7,449.5,314.3,167.2,12.1,4.7,0.0,1480.8,65.1,328.2,1070.7,16.8,2054,,KOLKATA,
West Bengal,Kolkata,IMD110-P2052,1977,6.1,48.7,0.0,47.8,155.9,478.7,469.3,334.0,247.9,75.4,27.0,54.5,1945.3,54.8,203.7,1529.9,156.9,2054,,KOLKATA,
West Bengal,Kolkata,IMD110-P2052,1978,0.0,9.0,57.9,55.4,194.0,224.2,439.2,312.2,945.0,147.7,40.5,3.9,2429.0,9.0,307.3,1920.6,192.1,2054,,KOLKATA,
West Bengal,Kolkata,IMD110-P2052,1979,34.9,5.1,13.9,62.3,57.1,179.9,398.2,270.2,166.8,73.4,0.0,59.3,1321.1,40.0,133.3,1015.1,132.7,2054,,KOLKATA,
West Bengal,Kolkata,IMD110-P2052,1980,27.3,69.2,105.6,3.4,117.2,379.2,341.5,360.3,124.4,140.8,0.0,0.0,1668.9,96.5,226.2,1205.4,140.8,2054,,KOLKATA,
West Bengal,Kolkata,IMD110-P2052,1981,19.4,49.3,77.9,139.6,254.0,172.0,447.4,249.4,311.8,0.0,0.0,145.3,1866.1,68.7,471.5,1180.6,145.3,2054,,KOLKATA,
West Bengal,Kolkata,IMD110-P2052,1982,0.0,20.2,38.7,134.9,18.6,130.4,184.7,484.1,99.3,4.9,22.2,0.0,1138.0,20.2,192.2,898.5,27.1,2054,,KOLKATA,
West Bengal,Kolkata,IMD110-P2052,1983,1.8,51.1,78.0,37.8,168.5,258.7,282.0,340.1,138.2,198.4,0.9,3.0,1558.5,52.9,284.3,1019.0,202.3,2054,,KOLKATA,
West Bengal,Kolkata,IMD110-P2052,1984,36.7,1.1,0.0,74.9,93.0,946.2,367.9,462.7,107.4,108.3,0.0,0.2,2198.4,37.8,167.9,1884.2,108.5,2054,,KOLKATA,
West Bengal,Kolkata,IMD110-P2052,1985,6.7,7.1,0.5,49.4,66.5,254.5,498.8,261.9,204.4,234.3,0.5,0.0,1584.6,13.8,116.4,1219.6,234.8,2054,,KOLKATA,
West Bengal,Kolkata,IMD110-P2052,1986,18.0,3.5,1.3,44.5,158.4,238.3,484.3,137.1,832.4,123.1,168.8,1.5,2211.2,21.5,204.2,1692.1,293.4,2054,,KOLKATA,
West Bengal,Kolkata,IMD110-P2052,1987,1.6,6.8,9.6,103.2,99.9,248.3,489.8,509.9,230.7,111.0,36.7,5.9,1853.4,8.4,212.7,1478.7,153.6,2054,,KOLKATA,
West Bengal,Kolkata,IMD110-P2052,1988,0.0,24.2,7.3,31.7,98.5,625.1,332.8,416.4,250.5,137.6,73.1,0.0,1997.2,24.2,137.5,1624.8,210.7,2054,,KOLKATA,
West Bengal,Kolkata,IMD110-P2052,1989,1.2,20.4,1.4,17.6,143.6,219.4,303.7,206.8,302.6,277.4,0.0,1.7,1495.8,21.6,162.6,1032.5,279.1,2054,,KOLKATA,
West Bengal,Kolkata,IMD110-P2052,1990,0.0,36.9,67.8,38.5,268.1,281.7,928.9,217.3,369.8,162.2,29.9,1.6,2402.7,36.9,374.4,1797.7,193.7,2054,,KOLKATA,
West Bengal,Kolkata,IMD110-P2052,1991,16.4,11.1,46.8,1.1,69.2,322.0,344.8,405.3,383.8,169.5,3.4,33.8,1807.2,27.5,117.1,1455.9,206.7,2054,,KOLKATA,
West Bengal,Kolkata,IMD110-P2052,1992,16.1,46.8,0.0,8.6,100.6,529.0,473.4,179.5,218.0,47.6,0.7,0.0,1620.3,62.9,109.2,1399.9,48.3,2054,,KOLKATA,
West Bengal,Kolkata,IMD110-P2052,1993,2.2,1.3,78.9,133.3,93.2,308.7,472.9,409.9,444.6,188.2,23.0,0.0,2156.2,3.5,305.4,1636.1,211.2,2054,,KOLKATA,
West Bengal,Kolkata,IMD110-P2052,1994,4.1,59.5,12.5,67.5,166.0,248.6,412.7,355.3,175.1,102.3,5.9,0.0,1609.5,63.6,246.0,1191.7,108.2,2054,,KOLKATA,
West Bengal,Kolkata,IMD110-P2052,1995,18.0,25.5,14.2,25.0,129.0,145.7,385.8,270.5,591.1,196.4,173.2,0.0,1974.4,43.5,168.2,1393.1,369.6,2054,,KOLKATA,
West Bengal,Kolkata,IMD110-P2052,1996,7.1,16.7,10.0,57.7,37.6,410.5,203.1,539.4,157.3,173.8,0.1,0.1,1613.4,23.8,105.3,1310.3,174.0,2054,,KOLKATA,
West Bengal,Kolkata,IMD110-P2052,1997,35.0,19.9,53.8,108.4,107.8,94.1,588.2,424.3,416.1,78.6,7.2,17.1,1950.5,54.9,270.0,1522.7,102.9,2054,,KOLKATA,
West Bengal,Kolkata,IMD110-P2052,1998,34.3,81.4,224.6,54.1,50.9,123.2,301.3,213.3,299.2,370.9,140.1,,,115.7,329.6,937.0,,2054,missing_months,KOLKATA,
West Bengal,Kolkata,IMD110-P2052,1999,0.0,0.0,0.5,0.0,242.2,288.2,339.7,522.7,745.5,425.2,33.0,0.0,2597.0,0.0,242.7,1896.1,458.2,2054,,KOLKATA,
West Bengal,Kolkata,IMD110-P2052,2000,1.1,59.1,0.0,100.8,260.4,277.9,254.1,276.7,178.5,125.5,20.5,0.0,1554.6,60.2,361.2,987.2,146.0,2054,,KOLKATA,
West Bengal,Kolkata,IMD110-P2052,2001,0.0,6.2,59.5,32.1,210.5,404.5,211.9,259.7,142.5,202.8,16.6,0.0,1546.3,6.2,302.1,1018.6,219.4,2054,,KOLKATA,
West Bengal,Kolkata,IMD110-P2052,2002,29.3,0.0,11.1,76.4,97.3,344.0,388.9,459.3,305.9,71.1,85.3,0.0,1868.6,29.3,184.8,1498.1,156.4,2054,,KOLKATA,
West Bengal,Kolkata,IMD110-P2052,2003,0.0,1.0,44.3,48.0,162.4,329.1,346.6,185.8,176.0,353.3,33.6,20.4,1700.5,1.0,254.7,1037.5,407.3,2055,,KOLKATA,
West Bengal,Kolkata,IMD110-P2052,2004,0.0,0.1,30.8,89.6,34.5,278.7,213.0,396.5,276.3,351.4,0.0,0.0,1670.9,0.1,154.9,1164.5,351.4,2055,,KOLKATA,
West Bengal,Kolkata,IMD110-P2052,2005,49.6,0.2,88.5,112.1,99.2,238.1,335.7,299.4,259.2,460.4,0.0,0.2,1942.6,49.8,299.8,1132.4,460.6,2055,,KOLKATA,
West Bengal,Kolkata,IMD110-P2052,2006,0.0,0.0,0.0,42.9,116.4,119.4,589.0,367.1,541.8,145.7,11.5,0.0,1933.8,0.0,159.3,1617.3,157.2,2055,,KOLKATA,
West Bengal,Kolkata,IMD110-P2052,2007,0.0,47.6,23.3,39.0,164.0,257.0,715.5,471.1,449.9,95.4,97.9,0.0,2360.7,47.6,226.3,1893.5,193.3,2055,,KOLKATA,
West Bengal,Kolkata,IMD110-P2052,2008,102.2,13.6,2.3,78.2,105.2,559.0,321.5,323.4,297.8,138.5,,,,115.8,185.7,1501.7,,2055,missing_months,KOLKATA,
West Bengal,Kolkata,IMD110-P2052,2009,0.0,0.0,36.0,0.2,228.5,98.1,398.1,317.4,409.3,47.9,59.4,0.1,1595.0,0.0,264.7,1222.9,107.4,2055,,KOLKATA,
West Bengal,Kolkata,IMD110-P2052,2010,4.0,16.7,,20.6,149.8,266.3,266.8,,,,,,,20.7,,,,2055,missing_months,KOLKATA,
West Bengal,Malda,IMD110-P2056,1901,29.5,0.9,5.7,7.8,155.8,149.7,231.6,257.1,176.6,31.4,22.7,0.0,1068.9,30.4,169.3,815.1,54.2,2056,,MALDA,
West Bengal,Malda,IMD110-P2056,1902,1.3,0.0,46.1,50.0,112.4,246.8,285.7,236.0,336.6,65.9,0.0,0.0,1380.9,1.3,208.5,1105.1,65.9,2056,,MALDA,
West Bengal,Malda,IMD110-P2056,1903,6.5,6.3,1.1,6.1,76.4,227.1,76.1,289.9,152.1,113.8,0.1,0.0,955.6,12.8,83.6,745.2,113.9,2056,,MALDA,
West Bengal,Malda,IMD110-P2056,1904,3.2,6.2,0.4,0.2,190.8,98.3,275.5,264.4,113.0,74.7,13.7,0.0,1040.4,9.4,191.4,751.3,88.4,2056,,MALDA,
West Bengal,Malda,IMD110-P2056,1905,22.9,50.9,46.1,28.4,293.2,77.7,289.6,702.0,284.6,17.9,0.0,0.5,1813.9,73.8,367.8,1353.9,18.4,2056,,MALDA,
West Bengal,Malda,IMD110-P2056,1906,27.8,73.2,25.1,0.3,153.9,207.5,249.7,286.3,145.3,121.5,15.1,0.2,1305.8,101.0,179.3,888.8,136.7,2056,,MALDA,
West Bengal,Malda,IMD110-P2056,1907,0.1,15.2,56.8,43.8,57.2,294.0,575.1,121.4,263.5,0.0,0.0,1.8,1428.9,15.3,157.8,1254.0,1.8,2056,,MALDA,
West Bengal,Malda,IMD110-P2056,1908,15.3,64.4,2.9,0.8,103.8,197.7,195.4,115.0,201.9,19.8,0.0,0.0,917.1,79.8,107.5,710.1,19.8,2056,,MALDA,
West Bengal,Malda,IMD110-P2056,1909,2.8,17.2,0.0,64.8,54.6,443.5,197.9,388.0,97.0,88.9,0.0,0.0,1354.7,20.0,119.4,1126.4,88.9,2056,,MALDA,
West Bengal,Malda,IMD110-P2056,1910,0.0,34.5,19.1,7.6,68.2,355.9,284.7,524.9,204.6,147.5,19.8,0.0,1666.9,34.5,94.9,1370.2,167.3,2056,,MALDA,
West Bengal,Malda,IMD110-P2056,1911,3.0,0.0,20.5,36.2,61.0,457.3,337.8,291.3,280.1,201.1,0.0,0.0,1688.2,3.0,117.7,1366.5,201.1,2056,,MALDA,
West Bengal,Malda,IMD110-P2056,1912,0.9,10.5,65.8,36.4,152.4,228.1,466.0,340.8,114.6,32.3,120.1,0.0,1567.9,11.4,254.6,1149.4,152.4,2056,,MALDA,
West Bengal,Malda,IMD110-P2056,1913,0.0,34.1,11.9,15.5,134.3,531.3,235.7,304.6,229.9,165.0,1.5,33.8,1697.7,34.1,161.7,1301.5,200.3,2056,,MALDA,
West Bengal,Malda,IMD110-P2056,1914,0.0,22.4,3.4,59.4,212.7,109.6,226.1,360.5,81.9,2.5,0.0,0.0,1078.5,22.4,275.6,778.0,2.5,2056,,MALDA,
West Bengal,Malda,IMD110-P2056,1915,2.2,27.7,19.5,4.7,68.4,311.5,255.0,229.8,127.7,68.4,24.9,0.0,1139.9,29.9,92.6,924.0,93.3,2056,,MALDA,
West Bengal,Malda,IMD110-P2056,1916,0.0,5.5,0.0,48.0,36.4,332.5,392.0,309.2,511.8,195.2,8.6,0.0,1839.3,5.5,84.5,1545.5,203.8,2056,,MALDA,
West Bengal,Malda,IMD110-P2056,1917,0.5,2.2,11.2,0.2,173.9,331.8,448.6,126.9,456.4,410.2,0.0,0.0,1961.8,2.7,185.3,1363.6,410.2,2056,,MALDA,
West Bengal,Malda,IMD110-P2056,1918,0.5,0.0,0.0,96.3,166.6,452.4,248.1,833.2,236.9,15.8,0.0,0.0,2050.0,0.5,263.0,1770.6,15.8,2056,,MALDA,
West Bengal,Malda,IMD110-P2056,1919,34.8,5.7,4.0,43.2,83.5,297.1,605.6,375.3,248.8,107.2,5.7,0.0,1810.8,40.5,130.6,1526.8,112.9,2056,,MALDA,
West Bengal,Malda,IMD110-P2056,1920,0.0,41.7,37.2,6.3,50.1,166.2,237.3,225.5,714.7,112.3,0.0,0.0,1591.3,41.7,93.6,1343.7,112.3,2056,,MALDA,
West Bengal,Malda,IMD110-P2056,1921,32.9,0.0,19.6,68.5,122.9,259.2,333.8,350.3,425.1,44.0,0.0,0.0,1656.3,32.9,211.0,1368.4,44.0,2056,,MALDA,
West Bengal,Malda,IMD110-P2056,1922,2.0,8.6,0.0,1.8,22.7,555.5,379.0,235.5,746.8,83.4,0.0,0.0,2035.4,10.7,24.5,1916.9,83.4,2056,,MALDA,
West Bengal,Malda,IMD110-P2056,1923,0.2,37.1,2.5,12.7,27.4,364.3,249.0,159.6,128.6,61.7,0.0,1.1,1044.3,37.3,42.6,901.6,62.8,2056,,MALDA,
West Bengal,Malda,IMD110-P2056,1924,0.2,2.6,1.7,44.7,59.8,130.6,526.6,202.4,386.8,79.5,67.7,0.0,1502.6,2.8,106.2,1246.5,147.1,2056,,MALDA,
West Bengal,Malda,IMD110-P2056,1925,4.7,2.7,20.3,199.1,200.1,139.1,410.9,375.3,408.0,59.9,0.0,0.0,1820.1,7.4,419.5,1333.3,59.9,2056,,MALDA,
West Bengal,Malda,IMD110-P2056,1926,6.5,0.3,51.7,8.4,137.6,73.0,362.7,239.3,405.6,18.3,0.8,9.1,1313.1,6.7,197.6,1080.6,28.2,2056,,MALDA,
West Bengal,Malda,IMD110-P2056,1927,27.7,55.7,75.4,4.1,99.6,179.9,254.9,154.1,201.5,62.2,0.4,0.0,1115.5,83.4,179.1,790.4,62.7,2056,,MALDA,
West Bengal,Malda,IMD110-P2056,1928,59.7,4.1,0.0,4.7,130.9,464.5,346.9,460.6,86.3,181.9,0.0,0.0,1739.6,63.8,135.6,1358.3,181.9,2056,,MALDA,
West Bengal,Malda,IMD110-P2056,1929,80.8,0.4,27.7,57.9,97.8,268.4,389.4,328.8,172.4,531.4,0.0,9.4,1964.4,81.2,183.4,1159.0,540.8,2056,,MALDA,
West Bengal,Malda,IMD110-P2056,1930,11.9,7.3,0.4,15.7,131.4,206.0,325.4,260.5,291.9,33.2,74.6,0.0,1358.1,19.1,147.5,1083.7,107.8,2056,,MALDA,
West Bengal,Malda,IMD110-P2056,1931,0.0,10.6,19.3,0.0,127.7,158.8,553.9,209.7,424.6,137.2,44.8,1.8,1688.5,10.6,147.1,1347.0,183.8,2056,,MALDA,
West Bengal,Malda,IMD110-P2056,1932,1.3,3.6,0.0,42.5,144.1,352.5,215.2,256.2,222.7,183.6,123.9,0.3,1545.8,4.9,186.6,1046.6,307.7,2056,,MALDA,
West Bengal,Malda,IMD110-P2056,1933,14.9,10.4,1.7,48.3,137.3,260.0,441.5,424.2,226.1,94.7,0.0,0.0,1659.2,25.3,187.3,1351.9,94.7,2056,,MALDA,
West Bengal,Malda,IMD110-P2056,1934,15.0,39.7,0.0,25.3,43.4,218.3,337.2,241.1,268.3,106.5,0.1,4.3,1299.3,54.6,68.7,1065.0,110.9,2057,,MALDA,
West Bengal,Malda,IMD110-P2056,1935,12.4,9.7,0.0,0.6,69.8,264.2,211.0,758.1,336.6,19.4,0.0,0.0,1681.8,22.1,70.4,1569.9,19.4,2057,,MALDA,
West Bengal,Malda,IMD110-P2056,1936,6.7,1.9,5.6,19.0,123.8,141.2,501.7,279.6,659.9,109.9,0.0,12.7,1862.1,8.6,148.4,1582.4,122.6,2057,,MALDA,
West Bengal,Malda,IMD110-P2056,1937,0.0,66.1,0.0,7.5,209.7,217.4,228.8,408.2,306.0,317.4,0.0,0.0,1761.1,66.1,217.2,1160.4,317.4,2057,,MALDA,
West Bengal,Malda,IMD110-P2056,1938,0.0,4.5,0.0,1.9,537.4,484.0,309.4,366.4,313.1,29.5,0.0,0.0,2046.1,4.5,539.2,1472.8,29.5,2057,,MALDA,
West Bengal,Malda,IMD110-P2056,1939,0.0,42.0,15.4,1.5,110.6,298.4,366.8,459.5,279.5,140.6,0.0,0.0,1714.3,42.0,127.5,1404.2,140.6,2057,,MALDA,
West Bengal,Malda,IMD110-P2056,1940,0.0,40.5,113.2,9.8,64.4,131.7,279.4,275.4,227.8,6.6,0.0,9.6,1158.4,40.5,187.4,914.3,16.2,2057,,MALDA,
West Bengal,Malda,IMD110-P2056,1941,5.5,0.4,0.0,27.1,103.8,190.3,200.3,313.1,240.8,302.9,0.0,0.0,1384.1,5.9,130.9,944.5,302.9,2057,,MALDA,
West Bengal,Malda,IMD110-P2056,1942,1.1,48.4,13.4,49.5,76.4,157.5,237.6,372.9,470.8,61.1,11.3,0.0,1500.1,49.5,139.4,1238.8,72.4,2057,,MALDA,
West Bengal,Malda,IMD110-P2056,1943,47.3,37.8,5.1,121.8,142.4,361.4,214.1,257.0,223.5,34.8,0.0,0.0,1445.2,85.2,269.3,1055.9,34.8,2057,,MALDA,
West Bengal,Malda,IMD110-P2056,1944,27.7,6.8,49.0,23.2,65.4,231.0,268.1,564.6,222.7,13.2,0.0,0.0,1471.7,34.5,137.5,1286.4,13.2,2057,,MALDA,
West Bengal,Malda,IMD110-P2056,1945,4.9,31.1,0.7,104.5,54.3,357.0,326.5,189.9,284.9,243.0,0.0,0.0,1596.7,36.0,159.4,1158.3,243.0,2057,,MALDA,
West Bengal,Malda,IMD110-P2056,1946,0.0,16.5,7.0,200.9,94.2,329.6,290.9,266.3,233.8,254.3,15.4,0.0,1708.8,16.5,302.0,1120.6,269.6,2057,,MALDA,
West Bengal,Malda,IMD110-P2056,1947,0.0,0.3,28.2,37.8,79.1,95.9,443.0,415.1,410.1,93.6,8.1,1.0,1612.2,0.3,145.1,1364.1,102.7,2057,,MALDA,
West Bengal,Malda,IMD110-P2056,1948,1.3,18.2,0.0,2.5,31.6,229.7,457.8,202.9,302.4,186.1,54.6,0.0,1487.1,19.5,34.1,1192.9,240.6,2057,,MALDA,
West Bengal,Malda,IMD110-P2056,1949,1.4,10.8,3.2,129.8,259.1,315.6,270.6,252.2,231.1,118.1,0.0,0.0,1591.9,12.2,392.1,1069.4,118.1,2057,,MALDA,
West Bengal,Malda,IMD110-P2056,1950,0.0,6.9,14.8,0.0,90.5,580.5,348.2,412.8,161.0,19.2,0.0,1.3,1635.3,6.9,105.3,1502.6,20.5,2057,,MALDA,
West Bengal,Malda,IMD110-P2056,1951,1.1,0.0,4.8,15.4,38.2,125.9,317.2,301.6,113.9,71.9,20.9,0.0,1011.0,1.1,58.4,858.7,92.8,2057,,MALDA,
West Bengal,Malda,IMD110-P2056,1952,0.0,1.3,33.6,118.4,99.8,487.7,392.4,200.8,225.6,93.9,13.6,0.0,1667.1,1.3,251.8,1306.5,107.5,2057,,MALDA,
West Bengal,Malda,IMD110-P2056,1953,46.1,1.4,16.8,28.7,119.1,274.1,671.4,303.9,654.4,39.3,1.0,0.0,2156.1,47.4,164.6,1903.8,40.3,2057,,MALDA,
West Bengal,Malda,IMD110-P2056,1954,21.5,7.5,0.0,0.0,70.0,303.0,311.9,316.8,165.9,45.1,0.0,0.0,1241.8,29.0,70.0,1097.7,45.1,2057,,MALDA,
West Bengal,Malda,IMD110-P2056,1955,10.1,9.4,27.9,27.9,71.6,234.9,333.3,323.9,226.7,61.4,17.5,0.0,1344.6,19.5,127.4,1118.8,78.9,2057,,MALDA,
West Bengal,Malda,IMD110-P2056,1956,10.4,1.3,0.0,2.5,7.4,287.5,292.8,302.9,219.7,216.2,28.4,1.3,1370.4,11.7,9.9,1102.9,245.9,2057,,MALDA,
West Bengal,Malda,IMD110-P2056,1957,117.6,3.3,14.5,0.0,0.0,179.4,293.5,174.1,104.9,31.9,0.0,0.0,919.2,120.9,14.5,751.9,31.9,2057,,MALDA,
West Bengal,Malda,IMD110-P2056,1958,2.3,21.5,1.5,0.0,65.6,25.3,400.6,479.6,142.5,73.7,0.0,0.0,1212.6,23.8,67.1,1048.0,73.7,2057,,MALDA,
West Bengal,Malda,IMD110-P2056,1959,66.0,0.2,21.4,25.4,125.4,178.8,,316.7,178.8,439.4,0.0,0.0,,66.2,172.2,,439.4,2057,missing_months,MALDA,
West Bengal,Malda,IMD110-P2056,1960,0.0,0.0,19.0,0.0,231.8,49.8,323.6,219.0,471.8,49.0,0.0,0.0,1364.0,0.0,250.8,1064.2,49.0,2057,,MALDA,
West Bengal,Malda,IMD110-P2056,1961,20.0,50.6,0.0,17.2,52.4,190.6,168.0,323.2,156.4,119.1,0.0,0.0,1097.5,70.6,69.6,838.2,119.1,2057,,MALDA,
West Bengal,Malda,IMD110-P2056,1962,4.6,2.2,2.0,30.0,78.6,111.6,392.4,278.8,228.4,48.4,0.0,0.0,1177.0,6.8,110.6,1011.2,48.4,2057,,MALDA,
West Bengal,Malda,IMD110-P2056,1963,0.0,1.0,3.8,56.1,223.7,142.8,295.0,140.2,103.6,327.2,0.0,6.2,1299.6,1.0,283.6,681.6,333.4,2057,,MALDA,
West Bengal,Malda,IMD110-P2056,1964,0.0,0.6,0.0,18.2,118.2,132.6,547.7,227.9,198.4,79.7,0.0,0.0,1323.3,0.6,136.4,1106.6,79.7,2057,,MALDA,
West Bengal,Malda,IMD110-P2056,1965,0.0,23.5,57.8,25.4,21.4,232.7,596.4,295.0,124.8,27.2,0.0,0.0,1404.2,23.5,104.6,1248.9,27.2,2057,,MALDA,
West Bengal,Malda,IMD110-P2056,1966,40.8,0.0,0.0,1.1,73.6,77.7,177.7,317.3,191.9,41.3,34.6,0.0,956.0,40.8,74.7,764.6,75.9,2057,,MALDA,
West Bengal,Malda,IMD110-P2056,1967,7.1,0.3,52.1,26.8,59.8,114.6,172.2,281.6,282.1,83.2,0.2,0.2,1080.2,7.4,138.7,850.5,83.6,2057,,MALDA,
West Bengal,Malda,IMD110-P2056,1968,14.9,0.5,1.0,0.2,41.2,509.5,255.9,278.1,127.2,133.8,0.0,1.8,1364.1,15.4,42.4,1170.7,135.6,2058,,MALDA,
West Bengal,Malda,IMD110-P2056,1969,3.5,2.2,6.4,40.7,113.9,217.5,225.7,248.9,312.2,60.0,75.7,0.0,1306.7,5.7,161.0,1004.3,135.7,2058,,MALDA,
West Bengal,Malda,IMD110-P2056,1970,18.0,4.7,5.5,74.9,65.8,188.8,435.6,211.0,247.9,112.1,14.6,0.0,1378.9,22.7,146.2,1083.3,126.7,2058,,MALDA,
West Bengal,Malda,IMD110-P2056,1971,32.6,12.4,2.5,158.4,55.5,296.4,185.0,309.9,340.5,255.8,21.0,0.0,1670.0,45.0,216.4,1131.8,276.8,2058,,MALDA,
West Bengal,Malda,IMD110-P2056,1972,1.8,23.5,1.0,2.7,32.0,35.8,105.3,159.8,133.8,142.6,0.0,0.0,638.3,25.3,35.7,434.7,142.6,2058,,MALDA,
West Bengal,Malda,IMD110-P2056,1973,16.6,10.2,6.0,18.5,180.1,293.6,215.0,145.7,535.0,119.3,68.2,5.0,1613.2,26.8,204.6,1189.3,192.5,2058,,MALDA,
West Bengal,Malda,IMD110-P2056,1974,1.0,0.5,28.7,17.2,128.6,111.6,541.8,267.2,186.1,77.3,0.0,8.8,1368.8,1.5,174.5,1106.7,86.1,2058,,MALDA,
West Bengal,Malda,IMD110-P2056,1975,3.5,11.2,5.2,22.6,70.2,137.4,500.1,112.2,195.6,74.7,0.0,0.0,1132.7,14.7,98.0,945.3,74.7,2058,,MALDA,
West Bengal,Malda,IMD110-P2056,1977,,,0.4,94.0,132.0,342.3,324.3,247.4,101.0,260.4,12.6,19.5,,,226.4,1015.0,292.5,2058,missing_months,MALDA,
West Bengal,Malda,IMD110-P2056,1978,1.0,2.6,5.1,42.1,164.1,317.4,195.5,77.8,85.4,,,,,3.6,211.3,676.1,,2058,missing_months,MALDA,
West Bengal,Malda,IMD110-P2056,1979,20.5,16.0,3.0,11.6,2.0,54.5,267.5,84.7,110.5,18.7,9.8,17.0,615.8,36.5,16.6,517.2,45.5,2058,,MALDA,
West Bengal,Malda,IMD110-P2056,1980,4.4,10.4,39.4,10.0,260.9,437.9,707.5,758.8,,,,,,14.8,310.3,,,2058,missing_months,MALDA,
West Bengal,Malda,IMD110-P2056,1981,32.0,8.5,6.4,165.6,309.5,162.9,473.9,320.9,401.5,0.0,1.5,48.6,1931.3,40.5,481.5,1359.2,50.1,2058,,MALDA,
West Bengal,Malda,IMD110-P2056,1982,0.0,9.6,36.3,6.3,79.7,194.3,171.0,380.5,113.1,52.3,26.6,0.7,1070.4,9.6,122.3,858.9,79.6,2058,,MALDA,
West Bengal,Malda,IMD110-P2056,1983,,,,36.3,95.4,126.5,367.2,146.1,284.9,165.6,0.0,32.6,,,,924.7,198.2,2058,missing_months,MALDA,
West Bengal,Malda,IMD110-P2056,1984,43.7,15.7,3.5,6.5,125.7,260.2,312.1,237.2,224.1,152.6,0.0,2.0,1383.3,59.4,135.7,1033.6,154.6,2058,,MALDA,
West Bengal,Malda,IMD110-P2056,1985,4.9,1.2,0.0,11.0,237.1,138.4,400.8,282.5,320.0,141.2,0.0,6.0,1543.1,6.1,248.1,1141.7,147.2,2058,,MALDA,
West Bengal,Malda,IMD110-P2056,1986,0.8,14.8,0.0,64.8,54.4,115.9,189.4,51.3,200.5,182.8,1.9,8.3,884.9,15.6,119.2,557.1,193.0,2058,,MALDA,
West Bengal,Malda,IMD110-P2056,1987,0.3,6.0,19.2,66.7,109.1,165.2,599.8,801.1,423.4,65.4,5.2,2.6,2264.0,6.3,195.0,1989.5,73.2,2058,,MALDA,
West Bengal,Malda,IMD110-P2056,1988,0.8,18.1,42.4,27.9,121.4,316.4,289.5,311.0,167.1,65.0,49.3,2.4,1411.3,18.9,191.7,1084.0,116.7,2058,,MALDA,
West Bengal,Malda,IMD110-P2056,1989,1.6,6.2,1.0,0.0,215.5,128.4,356.2,213.7,308.2,22.2,0.0,12.8,1265.8,7.8,216.5,1006.5,35.0,2058,,MALDA,
West Bengal,Malda,IMD110-P2056,1990,0.0,30.1,27.4,15.8,245.9,245.3,445.4,234.0,257.0,128.1,0.0,0.0,1629.0,30.1,289.1,1181.7,128.1,2058,,MALDA,
West Bengal,Malda,IMD110-P2056,1991,11.8,12.8,10.8,14.4,146.4,405.6,387.8,237.7,490.0,59.5,0.0,70.2,1847.0,24.6,171.5,1521.2,129.7,2058,,MALDA,
West Bengal,Malda,IMD110-P2056,1992,1.4,8.5,1.5,6.8,131.1,111.8,431.7,314.8,168.8,69.2,15.7,1.4,1262.7,9.9,139.4,1027.1,86.3,2058,,MALDA,
West Bengal,Malda,IMD110-P2056,1993,21.6,0.8,31.0,67.7,64.4,537.3,203.6,345.2,438.8,61.4,72.4,0.0,1844.3,22.4,163.1,1524.9,133.8,2058,,MALDA,
West Bengal,Malda,IMD110-P2056,1994,27.7,37.2,0.0,16.1,27.9,297.5,100.2,196.0,195.0,96.0,0.0,0.0,993.7,64.9,44.0,788.8,96.0,2058,,MALDA,
West Bengal,Malda,IMD110-P2056,1995,3.5,5.9,1.2,4.9,77.4,252.0,327.3,417.8,1159.8,16.3,90.4,6.6,2363.1,9.4,83.5,2156.9,113.3,2058,,MALDA,
West Bengal,Malda,IMD110-P2056,1996,18.1,19.8,0.9,26.1,16.3,222.5,368.8,416.6,522.1,39.3,0.0,0.0,1650.5,37.9,43.3,1530.0,39.3,2058,,MALDA,
West Bengal,Malda,IMD110-P2056,1997,19.2,15.8,13.7,60.5,100.2,210.9,343.0,667.3,330.5,9.4,2.5,29.8,1802.8,35.0,174.4,1551.7,41.7,2058,,MALDA,
West Bengal,Malda,IMD110-P2056,1998,4.9,5.9,99.5,41.1,124.4,182.0,643.9,371.1,384.9,266.1,26.7,0.0,2150.5,10.8,265.0,1581.9,292.8,2058,,MALDA,
West Bengal,Malda,IMD110-P2056,1999,0.0,0.0,1.1,6.8,132.6,334.3,384.4,705.9,536.8,137.9,1.5,0.0,2241.3,0.0,140.5,1961.4,139.4,2058,,MALDA,
West Bengal,Malda,IMD110-P2056,2000,3.6,34.0,52.2,169.5,158.4,275.2,128.9,164.2,603.5,31.1,0.0,0.0,1620.6,37.6,380.1,1171.8,31.1,2058,,MALDA,
West Bengal,Malda,IMD110-P2056,2001,0.7,0.0,0.8,4.0,226.8,291.4,276.9,179.4,196.8,323.8,0.0,0.0,1500.6,0.7,231.6,944.5,323.8,2058,,MALDA,
West Bengal,Malda,IMD110-P2056,2002,9.5,1.0,5.7,174.0,101.8,170.5,244.6,400.5,485.5,69.3,13.2,0.0,1675.6,10.5,281.5,1301.1,82.5,2058,,MALDA,
West Bengal,Malda,IMD110-P2056,2003,2.2,51.1,38.0,29.4,106.8,325.9,198.3,148.0,188.0,263.6,0.0,4.5,1355.8,53.3,174.2,860.2,268.1,2059,,MALDA,
West Bengal,Malda,IMD110-P2056,2004,28.5,0.0,4.1,54.7,67.3,317.3,432.6,224.1,104.5,507.4,0.0,0.0,1740.5,28.5,126.1,1078.5,507.4,2059,,MALDA,
West Bengal,Malda,IMD110-P2056,2005,12.0,5.8,35.4,17.5,86.2,76.5,654.1,246.5,121.2,155.4,0.0,0.0,1410.6,17.8,139.1,1098.3,155.4,2059,,MALDA,
West Bengal,Malda,IMD110-P2056,2006,0.0,0.0,9.6,97.3,85.9,127.8,164.4,222.2,408.7,124.8,15.9,0.0,1256.6,0.0,192.8,923.1,140.7,2059,,MALDA,
West Bengal,Malda,IMD110-P2056,2007,0.0,36.4,36.2,0.0,110.5,348.3,541.8,169.0,171.3,73.9,1.6,0.0,1488.9,36.4,146.7,1230.3,75.5,2059,,MALDA,
West Bengal,Malda,IMD110-P2056,2008,61.4,0.6,3.6,11.7,37.5,394.8,456.3,211.6,231.2,47.9,,,,62.0,52.8,1293.9,,2059,missing_months,MALDA,
West Bengal,Malda,IMD110-P2056,2009,1.1,6.8,0.3,0.0,296.7,39.7,267.8,379.6,111.3,286.2,3.8,0.0,1393.3,7.9,297.0,798.3,290.0,2059,,MALDA,
West Bengal,Malda,IMD110-P2056,2010,0.0,2.2,0.2,37.6,184.4,313.2,215.5,239.6,218.8,112.0,5.8,6.1,1335.3,2.2,222.2,987.1,123.8,2059,,MALDA,
West Bengal,Manbhum Purulia,IMD110-P2060,1901,61.4,84.9,4.1,19.2,54.7,111.2,276.8,312.8,324.6,39.9,18.4,0.0,1308.0,146.3,78.0,1025.3,58.3,2060,,MANBHUM PURULIA,
West Bengal,Manbhum Purulia,IMD110-P2060,1902,0.0,8.8,29.1,45.5,94.0,117.7,339.3,257.3,359.8,7.4,21.3,2.4,1282.7,8.8,168.6,1074.1,31.2,2060,,MANBHUM PURULIA,
West Bengal,Manbhum Purulia,IMD110-P2060,1903,11.6,11.1,13.6,35.6,35.7,119.1,188.5,281.0,226.6,243.0,0.4,0.0,1166.2,22.8,84.9,815.0,243.4,2060,,MANBHUM PURULIA,
West Bengal,Manbhum Purulia,IMD110-P2060,1904,0.0,21.6,31.4,13.5,119.3,325.6,447.6,264.0,86.3,1.8,0.7,0.0,1311.7,21.6,164.1,1123.5,2.5,2060,,MANBHUM PURULIA,
West Bengal,Manbhum Purulia,IMD110-P2060,1905,40.0,33.1,22.8,40.1,81.0,27.1,525.9,229.9,257.5,7.4,0.0,3.2,1268.0,73.1,143.8,1040.5,10.6,2060,,MANBHUM PURULIA,
West Bengal,Manbhum Purulia,IMD110-P2060,1906,47.3,140.7,32.0,1.3,39.3,158.1,322.2,234.9,149.0,67.0,12.7,0.0,1204.6,188.0,72.6,864.3,79.7,2060,,MANBHUM PURULIA,
West Bengal,Manbhum Purulia,IMD110-P2060,1907,4.0,36.5,105.7,13.2,18.5,268.4,220.9,302.6,313.8,0.0,0.0,20.2,1303.9,40.5,137.3,1105.8,20.2,2060,,MANBHUM PURULIA,
West Bengal,Manbhum Purulia,IMD110-P2060,1908,29.5,18.9,0.0,0.0,72.1,258.5,353.9,303.4,148.3,17.6,0.0,0.1,1202.4,48.4,72.1,1064.1,17.7,2060,,MANBHUM PURULIA,
West Bengal,Manbhum Purulia,IMD110-P2060,1909,10.5,8.5,0.9,87.2,44.0,302.4,242.7,366.3,404.9,26.6,0.0,7.0,1500.9,19.0,132.0,1316.3,33.6,2060,,MANBHUM PURULIA,
West Bengal,Manbhum Purulia,IMD110-P2060,1910,14.0,0.9,3.1,44.5,43.1,217.1,253.2,224.4,266.5,81.1,0.0,0.0,1147.7,14.9,90.6,961.2,81.1,2060,,MANBHUM PURULIA,
West Bengal,Manbhum Purulia,IMD110-P2060,1911,0.0,0.0,51.7,14.2,42.2,234.7,154.7,347.6,226.4,94.7,23.7,0.0,1189.9,0.0,108.1,963.4,118.4,2060,,MANBHUM PURULIA,
West Bengal,Manbhum Purulia,IMD110-P2060,1912,3.8,18.0,21.5,17.7,31.7,166.7,350.5,339.6,102.0,25.9,73.4,0.0,1150.9,21.8,70.9,959.0,99.3,2060,,MANBHUM PURULIA,
West Bengal,Manbhum Purulia,IMD110-P2060,1913,0.2,146.1,39.2,2.9,74.9,356.9,293.1,400.5,151.9,144.7,15.2,4.0,1629.4,146.3,116.9,1202.3,163.9,2060,,MANBHUM PURULIA,
West Bengal,Manbhum Purulia,IMD110-P2060,1914,0.0,19.9,28.1,22.6,161.3,126.4,340.4,198.4,233.8,41.4,0.0,0.6,1172.6,19.9,211.9,898.9,41.9,2060,,MANBHUM PURULIA,
West Bengal,Manbhum Purulia,IMD110-P2060,1915,3.7,17.8,41.4,11.7,42.1,112.1,267.2,162.4,200.7,55.4,42.9,0.0,957.5,21.5,95.3,742.4,98.3,2060,,MANBHUM PURULIA,
West Bengal,Manbhum Purulia,IMD110-P2060,1916,0.0,3.9,0.0,36.9,31.8,206.9,174.3,324.5,207.5,256.3,37.9,0.0,1279.9,3.9,68.7,913.2,294.1,2060,,MANBHUM PURULIA,
West Bengal,Manbhum Purulia,IMD110-P2060,1917,0.1,52.3,16.0,10.9,189.3,413.2,318.8,302.4,174.3,393.3,0.0,0.0,1870.6,52.4,216.2,1208.7,393.3,2060,,MANBHUM PURULIA,
West Bengal,Manbhum Purulia,IMD110-P2060,1918,4.4,0.3,10.2,20.3,87.8,431.8,95.1,322.0,133.0,0.0,0.0,1.5,1106.4,4.7,118.3,981.9,1.5,2060,,MANBHUM PURULIA,
West Bengal,Manbhum Purulia,IMD110-P2060,1919,93.3,5.9,13.7,24.5,84.7,317.0,306.7,484.8,202.1,55.4,11.7,0.0,1599.6,99.2,122.8,1310.6,67.0,2060,,MANBHUM PURULIA,
West Bengal,Manbhum Purulia,IMD110-P2060,1920,0.0,27.8,110.4,9.5,70.9,122.3,671.8,369.5,165.4,6.2,0.0,0.0,1553.7,27.8,190.8,1329.0,6.2,2060,,MANBHUM PURULIA,
West Bengal,Manbhum Purulia,IMD110-P2060,1921,42.2,20.6,0.0,23.2,12.8,298.7,357.3,386.5,149.2,40.8,0.0,0.0,1331.2,62.8,36.0,1191.7,40.8,2060,,MANBHUM PURULIA,
West Bengal,Manbhum Purulia,IMD110-P2060,1922,15.5,7.8,0.3,33.5,59.9,538.0,370.8,474.1,241.6,51.6,10.8,3.9,1807.6,23.4,93.6,1624.4,66.3,2060,,MANBHUM PURULIA,
West Bengal,Manbhum Purulia,IMD110-P2060,1923,0.3,114.9,12.2,24.5,32.4,204.6,372.4,658.8,100.4,57.8,36.2,0.0,1614.6,115.2,69.2,1336.3,94.0,2060,,MANBHUM PURULIA,
West Bengal,Manbhum Purulia,IMD110-P2060,1924,18.3,9.7,2.2,19.0,36.5,178.0,420.5,288.5,168.8,88.3,86.2,0.0,1316.0,28.0,57.7,1055.8,174.5,2060,,MANBHUM PURULIA,
West Bengal,Manbhum Purulia,IMD110-P2060,1925,1.5,15.2,5.0,59.4,107.4,112.5,334.5,247.8,148.4,122.8,0.1,0.0,1154.5,16.7,171.7,843.3,122.8,2060,,MANBHUM PURULIA,
West Bengal,Manbhum Purulia,IMD110-P2060,1926,35.0,3.6,126.7,7.5,55.7,68.1,545.5,345.2,308.0,39.4,0.1,8.0,1542.8,38.6,189.9,1266.8,47.5,2060,,MANBHUM PURULIA,
West Bengal,Manbhum Purulia,IMD110-P2060,1927,36.8,84.1,29.3,7.1,90.5,191.4,352.7,224.0,123.8,68.9,10.9,0.0,1219.6,120.9,127.0,891.9,79.8,2060,,MANBHUM PURULIA,
West Bengal,Manbhum Purulia,IMD110-P2060,1928,26.1,11.1,0.1,26.8,100.8,400.8,423.8,229.9,88.7,73.5,0.0,0.4,1382.1,37.3,127.7,1143.2,73.9,2060,,MANBHUM PURULIA,
West Bengal,Manbhum Purulia,IMD110-P2060,1929,72.7,14.9,24.0,11.3,36.9,109.4,531.7,425.8,95.4,259.4,0.0,66.0,1647.7,87.6,72.3,1162.3,325.5,2060,,MANBHUM PURULIA,
West Bengal,Manbhum Purulia,IMD110-P2060,1930,5.6,5.4,9.6,17.0,48.0,165.3,432.0,318.6,217.6,38.6,134.7,0.0,1392.5,11.1,74.6,1133.6,173.3,2060,,MANBHUM PURULIA,
West Bengal,Manbhum Purulia,IMD110-P2060,1931,3.2,93.9,19.1,2.5,40.9,122.7,323.9,341.3,191.2,70.7,17.9,0.8,1228.1,97.1,62.4,979.1,89.4,2060,,MANBHUM PURULIA,
West Bengal,Manbhum Purulia,IMD110-P2060,1932,0.0,22.2,0.0,26.1,81.3,80.6,348.2,187.3,184.8,40.7,29.1,0.0,1000.3,22.2,107.4,800.9,69.7,2060,,MANBHUM PURULIA,
West Bengal,Manbhum Purulia,IMD110-P2060,1933,24.4,62.5,5.5,59.5,106.5,287.4,280.9,446.1,205.9,62.1,0.0,3.8,1544.5,86.9,171.5,1220.3,65.8,2060,,MANBHUM PURULIA,
West Bengal,Manbhum Purulia,IMD110-P2060,1934,4.7,23.8,0.0,22.6,25.5,164.1,216.9,362.3,220.7,44.5,3.8,6.8,1095.6,28.5,48.0,964.0,55.1,2061,,MANBHUM PURULIA,
West Bengal,Manbhum Purulia,IMD110-P2060,1935,10.9,21.6,39.5,19.9,25.4,123.2,210.4,411.9,228.0,1.9,0.0,0.3,1092.9,32.5,84.8,973.4,2.2,2061,,MANBHUM PURULIA,
West Bengal,Manbhum Purulia,IMD110-P2060,1936,13.1,12.7,9.2,9.4,119.5,250.1,359.8,249.6,234.9,113.0,8.5,9.1,1388.9,25.8,138.1,1094.4,130.6,2061,,MANBHUM PURULIA,
West Bengal,Manbhum Purulia,IMD110-P2060,1937,0.0,110.0,3.0,16.6,77.9,224.8,388.6,245.9,315.6,84.3,0.0,0.0,1466.8,110.0,97.5,1175.0,84.3,2061,,MANBHUM PURULIA,
West Bengal,Manbhum Purulia,IMD110-P2060,1938,25.6,49.9,0.0,0.0,80.0,216.1,240.3,311.0,195.5,72.7,0.7,0.0,1191.9,75.6,80.0,963.0,73.4,2061,,MANBHUM PURULIA,
West Bengal,Manbhum Purulia,IMD110-P2060,1939,10.5,51.9,35.0,20.8,36.9,223.4,362.0,424.1,158.0,226.9,0.2,7.3,1557.2,62.5,92.8,1167.5,234.4,2061,,MANBHUM PURULIA,
West Bengal,Manbhum Purulia,IMD110-P2060,1940,0.8,21.2,98.6,23.4,39.9,153.1,280.7,445.6,105.8,75.4,1.4,12.5,1258.3,22.0,161.9,985.2,89.3,2061,,MANBHUM PURULIA,
West Bengal,Manbhum Purulia,IMD110-P2060,1941,44.2,0.3,0.8,1.9,51.8,349.8,432.6,225.1,169.6,174.8,56.3,0.0,1507.2,44.5,54.5,1177.1,231.1,2061,,MANBHUM PURULIA,
West Bengal,Manbhum Purulia,IMD110-P2060,1942,6.4,37.7,32.6,46.8,35.5,169.3,553.0,405.5,345.0,12.3,7.6,0.0,1651.8,44.1,115.0,1472.9,19.8,2061,,MANBHUM PURULIA,
West Bengal,Manbhum Purulia,IMD110-P2060,1943,48.8,14.5,0.3,24.4,46.8,223.9,440.0,402.1,225.0,98.3,0.0,0.0,1524.2,63.4,71.5,1291.0,98.3,2061,,MANBHUM PURULIA,
West Bengal,Manbhum Purulia,IMD110-P2060,1944,60.8,45.2,16.5,15.8,20.3,104.8,409.9,503.3,145.6,84.7,0.7,0.0,1407.5,106.0,52.6,1163.5,85.4,2061,,MANBHUM PURULIA,
West Bengal,Manbhum Purulia,IMD110-P2060,1945,25.2,17.8,1.3,32.9,54.8,168.0,248.5,228.1,224.1,131.0,0.0,0.0,1131.5,43.0,89.0,868.6,131.0,2061,,MANBHUM PURULIA,
West Bengal,Manbhum Purulia,IMD110-P2060,1946,0.0,2.5,9.4,113.7,78.2,354.6,370.3,440.9,288.1,144.4,22.8,0.0,1824.8,2.5,201.2,1453.8,167.3,2061,,MANBHUM PURULIA,
West Bengal,Manbhum Purulia,IMD110-P2060,1947,7.0,14.4,53.4,0.0,63.1,146.8,306.0,286.1,211.6,115.2,0.2,14.1,1217.8,21.3,116.5,950.5,129.5,2061,,MANBHUM PURULIA,
West Bengal,Manbhum Purulia,IMD110-P2060,1948,15.2,22.6,36.0,5.5,58.9,148.2,283.8,286.3,220.9,62.7,116.6,0.0,1256.7,37.8,100.5,939.2,179.3,2061,,MANBHUM PURULIA,
West Bengal,Manbhum Purulia,IMD110-P2060,1949,13.6,1.9,21.4,82.2,97.9,252.6,276.6,271.4,163.3,69.8,0.0,0.0,1250.8,15.5,201.5,963.9,69.8,2061,,MANBHUM PURULIA,
West Bengal,Manbhum Purulia,IMD110-P2060,1950,0.0,4.9,11.5,4.5,72.4,408.2,409.6,413.2,147.8,21.4,15.2,0.0,1508.7,4.9,88.4,1378.8,36.6,2061,,MANBHUM PURULIA,
West Bengal,Manbhum Purulia,IMD110-P2060,1951,0.0,0.0,35.6,28.2,48.1,196.2,360.9,244.5,238.9,76.7,23.9,0.0,1253.0,0.0,111.9,1040.5,100.6,2061,,MANBHUM PURULIA,
West Bengal,Manbhum Purulia,IMD110-P2060,1952,2.0,2.1,12.7,57.6,52.0,127.1,448.3,330.8,148.9,112.7,0.6,0.0,1294.9,4.1,122.4,1055.2,113.3,2061,,MANBHUM PURULIA,
West Bengal,Manbhum Purulia,IMD110-P2060,1953,34.0,16.2,0.0,6.9,33.8,301.3,435.3,375.1,312.7,50.6,85.2,0.0,1651.2,50.2,40.7,1424.5,135.8,2061,,MANBHUM PURULIA,
West Bengal,Manbhum Purulia,IMD110-P2060,1954,10.4,0.0,0.5,6.2,38.0,151.2,197.6,213.5,352.8,33.3,0.0,9.2,1012.8,10.4,44.7,915.1,42.5,2061,,MANBHUM PURULIA,
West Bengal,Manbhum Purulia,IMD110-P2060,1955,8.6,7.8,5.4,11.5,12.4,139.2,303.3,236.8,145.1,98.0,44.8,0.0,1012.9,16.4,29.2,824.5,142.9,2061,,MANBHUM PURULIA,
West Bengal,Manbhum Purulia,IMD110-P2060,1956,2.6,39.4,70.3,11.0,53.5,213.1,282.5,347.6,332.0,124.5,8.1,7.1,1491.8,42.0,134.8,1175.2,139.8,2061,,MANBHUM PURULIA,
West Bengal,Manbhum Purulia,IMD110-P2060,1957,12.9,24.2,21.6,1.8,20.0,149.6,370.0,239.7,261.4,20.3,0.0,0.0,1121.5,37.0,43.5,1020.7,20.3,2061,,MANBHUM PURULIA,
West Bengal,Manbhum Purulia,IMD110-P2060,1958,19.6,34.0,21.7,43.8,20.2,76.4,280.1,191.9,354.4,94.7,0.0,0.0,1136.7,53.6,85.6,902.9,94.7,2061,,MANBHUM PURULIA,
West Bengal,Manbhum Purulia,IMD110-P2060,1959,26.9,16.2,13.0,20.9,47.3,192.3,322.8,294.6,454.7,189.0,0.0,0.0,1577.7,43.0,81.3,1264.4,189.0,2061,,MANBHUM PURULIA,
West Bengal,Manbhum Purulia,IMD110-P2060,1960,1.1,1.0,17.1,1.6,36.0,106.5,230.7,396.6,273.4,65.9,2.0,0.0,1131.8,2.1,54.7,1007.1,67.9,2061,,MANBHUM PURULIA,
West Bengal,Manbhum Purulia,IMD110-P2060,1961,7.6,82.3,0.2,7.5,31.5,324.5,177.3,335.6,489.4,164.6,3.6,0.0,1624.2,90.0,39.2,1326.8,168.2,2061,,MANBHUM PURULIA,
West Bengal,Manbhum Purulia,IMD110-P2060,1962,12.3,12.1,3.4,64.0,28.0,131.6,226.0,197.1,203.3,139.3,0.0,0.7,1017.8,24.4,95.4,758.0,139.9,2061,,MANBHUM PURULIA,
West Bengal,Manbhum Purulia,IMD110-P2060,1963,0.0,9.5,2.5,20.8,31.5,137.3,286.8,232.6,150.9,158.4,4.9,0.0,1035.4,9.5,54.8,807.7,163.3,2061,,MANBHUM PURULIA,
West Bengal,Manbhum Purulia,IMD110-P2060,1964,0.0,23.4,10.9,28.2,52.4,143.0,262.4,233.4,254.0,102.4,0.0,0.0,1110.1,23.4,91.5,892.8,102.4,2061,,MANBHUM PURULIA,
West Bengal,Manbhum Purulia,IMD110-P2060,1965,0.4,32.8,34.1,65.7,37.0,166.9,363.1,281.7,212.8,39.2,0.0,0.0,1233.7,33.2,136.8,1024.5,39.2,2061,,MANBHUM PURULIA,
West Bengal,Manbhum Purulia,IMD110-P2060,1966,26.9,6.3,0.6,6.6,8.5,237.8,91.3,178.1,46.6,26.4,19.0,4.3,652.4,33.2,15.6,553.9,49.7,2061,,MANBHUM PURULIA,
West Bengal,Manbhum Purulia,IMD110-P2060,1967,20.9,0.0,28.0,51.4,27.0,81.1,323.1,480.1,339.9,9.0,0.0,1.3,1361.8,20.9,106.3,1224.2,10.3,2061,,MANBHUM PURULIA,
West Bengal,Manbhum Purulia,IMD110-P2060,1968,33.9,0.7,2.6,1.9,11.1,262.6,233.0,428.5,276.8,52.2,0.0,1.9,1305.1,34.6,15.7,1200.8,54.1,2062,,MANBHUM PURULIA,
West Bengal,Manbhum Purulia,IMD110-P2060,1969,8.2,15.6,20.8,67.8,45.2,89.8,253.1,374.8,222.6,23.2,19.4,0.0,1140.5,23.8,133.8,940.3,42.6,2062,,MANBHUM PURULIA,
West Bengal,Manbhum Purulia,IMD110-P2060,1970,10.8,8.4,37.8,22.0,16.8,226.9,185.8,207.3,437.3,61.0,4.6,0.0,1218.8,19.2,76.6,1057.4,65.5,2062,,MANBHUM PURULIA,
West Bengal,Manbhum Purulia,IMD110-P2060,1971,35.0,16.3,0.1,56.5,93.7,225.1,388.0,340.1,137.3,50.8,22.1,0.0,1364.8,51.2,150.3,1090.4,72.9,2062,,MANBHUM PURULIA,
West Bengal,Manbhum Purulia,IMD110-P2060,1972,0.4,43.0,0.0,3.4,8.5,112.2,106.3,440.4,141.0,63.2,,0.0,,43.4,11.9,799.9,,2062,missing_months,MANBHUM PURULIA,
West Bengal,Manbhum Purulia,IMD110-P2060,1973,0.0,10.4,37.8,0.5,94.3,235.2,126.2,141.7,252.1,155.4,9.1,1.8,1064.4,10.4,132.6,755.1,166.3,2062,,MANBHUM PURULIA,
West Bengal,Manbhum Purulia,IMD110-P2060,1974,21.2,0.0,46.4,9.8,61.1,39.4,358.5,205.8,388.2,113.1,0.0,0.0,1243.5,21.2,117.3,991.9,113.1,2062,,MANBHUM PURULIA,
West Bengal,Manbhum Purulia,IMD110-P2060,1975,26.6,16.0,27.3,33.4,33.2,116.9,266.4,283.8,511.4,63.0,0.0,0.0,1378.0,42.6,93.9,1178.5,63.0,2062,,MANBHUM PURULIA,
West Bengal,Manbhum Purulia,IMD110-P2060,1976,0.0,20.8,7.2,81.9,65.0,101.6,292.6,319.2,179.4,41.2,0.0,0.0,1108.9,20.8,154.1,892.8,41.2,2062,,MANBHUM PURULIA,
West Bengal,Manbhum Purulia,IMD110-P2060,1977,11.6,36.8,36.1,40.4,162.0,294.0,242.2,459.4,156.2,30.4,34.6,16.0,1519.7,48.4,238.5,1151.8,81.0,2062,,MANBHUM PURULIA,
West Bengal,Manbhum Purulia,IMD110-P2060,1978,4.2,27.6,62.6,26.6,77.4,348.2,146.0,472.8,656.6,167.2,13.6,19.0,2021.8,31.8,166.6,1623.6,199.8,2062,,MANBHUM PURULIA,
West Bengal,Manbhum Purulia,IMD110-P2060,1979,26.6,75.6,22.2,12.0,4.8,157.4,286.8,222.8,119.8,3.2,29.0,16.0,976.2,102.2,39.0,786.8,48.2,2062,,MANBHUM PURULIA,
West Bengal,Manbhum Purulia,IMD110-P2060,1980,9.6,7.6,46.4,56.4,,228.1,380.8,204.0,209.0,185.6,0.0,0.2,,17.2,,1021.9,185.8,2062,missing_months,MANBHUM PURULIA,
West Bengal,Manbhum Purulia,IMD110-P2060,1981,27.8,106.4,26.6,44.4,146.2,158.0,317.9,273.4,132.0,0.0,26.0,14.0,1272.7,134.2,217.2,881.3,40.0,2062,,MANBHUM PURULIA,
West Bengal,Manbhum Purulia,IMD110-P2060,1982,6.2,17.6,71.2,46.6,13.2,154.0,249.8,258.8,59.8,24.0,9.2,0.0,910.4,23.8,131.0,722.4,33.2,2062,,MANBHUM PURULIA,
West Bengal,Manbhum Purulia,IMD110-P2060,1983,0.2,20.2,10.0,69.0,60.4,168.0,201.2,200.4,247.8,193.8,0.0,20.8,1191.8,20.4,139.4,817.4,214.6,2062,,MANBHUM PURULIA,
West Bengal,Manbhum Purulia,IMD110-P2060,1984,23.0,8.6,0.0,27.0,22.0,842.0,267.6,346.4,80.2,48.0,0.0,0.0,1664.8,31.6,49.0,1536.2,48.0,2062,,MANBHUM PURULIA,
West Bengal,Manbhum Purulia,IMD110-P2060,1985,11.4,20.6,0.0,33.5,79.2,205.6,286.8,306.4,178.6,198.8,0.0,0.0,1320.9,32.0,112.7,977.4,198.8,2062,,MANBHUM PURULIA,
West Bengal,Manbhum Purulia,IMD110-P2060,1986,8.6,12.0,21.6,44.4,69.8,326.4,,227.8,239.4,77.8,39.6,47.2,,20.6,135.8,,164.6,2062,missing_months,MANBHUM PURULIA,
West Bengal,Manbhum Purulia,IMD110-P2060,1987,4.2,9.2,49.0,38.2,34.4,43.4,573.6,513.2,301.8,2.0,63.2,9.2,1641.4,13.4,121.6,1432.0,74.4,2062,,MANBHUM PURULIA,
West Bengal,Manbhum Purulia,IMD110-P2060,1988,4.6,8.8,85.0,31.2,35.0,404.0,238.4,230.2,132.6,18.2,11.2,0.0,1199.2,13.4,151.2,1005.2,29.4,2062,,MANBHUM PURULIA,
West Bengal,Manbhum Purulia,IMD110-P2060,1989,0.6,0.0,7.4,0.0,133.0,347.8,226.6,373.2,162.0,81.4,1.0,52.6,1385.6,0.6,140.4,1109.6,135.0,2062,,MANBHUM PURULIA,
West Bengal,Manbhum Purulia,IMD110-P2060,1990,0.0,35.2,30.4,61.4,100.2,160.2,410.0,271.1,480.3,193.1,6.4,0.0,1748.3,35.2,192.0,1321.6,199.5,2062,,MANBHUM PURULIA,
West Bengal,Manbhum Purulia,IMD110-P2060,1991,11.0,7.9,48.2,5.9,102.0,171.2,336.6,238.0,177.5,7.2,0.0,87.1,1192.5,18.9,156.0,923.3,94.3,2062,,MANBHUM PURULIA,
West Bengal,Manbhum Purulia,IMD110-P2060,1992,,53.2,0.0,25.8,134.2,212.5,257.9,333.8,337.8,24.0,9.6,0.0,,,160.0,1142.0,33.6,2062,missing_months,MANBHUM PURULIA,
West Bengal,Manbhum Purulia,IMD110-P2060,1993,0.0,8.4,9.2,209.8,50.6,252.0,206.7,238.7,399.7,83.9,57.0,0.0,1516.0,8.4,269.6,1097.1,140.9,2062,,MANBHUM PURULIA,
West Bengal,Manbhum Purulia,IMD110-P2060,1994,44.8,35.4,0.2,0.2,61.2,334.4,496.5,234.1,161.2,108.7,35.5,0.0,1512.3,80.2,61.6,1226.3,144.2,2062,,MANBHUM PURULIA,
West Bengal,Manbhum Purulia,IMD110-P2060,1995,32.8,28.8,32.8,5.0,65.8,123.5,347.0,458.4,456.0,47.2,135.0,34.8,1767.1,61.6,103.6,1384.9,217.0,2062,,MANBHUM PURULIA,
West Bengal,Manbhum Purulia,IMD110-P2060,1996,13.2,,12.7,12.2,13.6,467.6,290.6,386.5,193.3,36.4,0.0,0.0,,,38.5,1338.0,36.4,2062,missing_months,MANBHUM PURULIA,
West Bengal,Manbhum Purulia,IMD110-P2060,1997,13.6,19.8,13.6,59.0,59.4,345.0,600.7,330.4,163.4,,,,,33.4,132.0,1439.4,,2062,missing_months,MANBHUM PURULIA,
West Bengal,Manbhum Purulia,IMD110-P2060,1998,,67.4,,53.4,,,180.0,170.5,302.7,,14.6,0.0,,,,,,2062,missing_months,MANBHUM PURULIA,
West Bengal,Manbhum Purulia,IMD110-P2060,1999,0.0,0.0,0.0,,138.2,185.7,292.9,205.6,397.7,195.9,,0.0,,0.0,,1081.9,,2062,missing_months,MANBHUM PURULIA,
West Bengal,Manbhum Purulia,IMD110-P2060,2000,,,,,,164.0,226.0,149.3,268.0,,,,,,,807.3,,2062,missing_months,MANBHUM PURULIA,
West Bengal,Manbhum Purulia,IMD110-P2060,2001,0.0,0.0,32.0,16.0,206.1,470.6,292.0,338.6,151.5,49.8,0.0,0.0,1556.6,0.0,254.1,1252.7,49.8,2062,,MANBHUM PURULIA,
West Bengal,Manbhum Purulia,IMD110-P2060,2002,25.2,,50.0,26.5,90.0,295.7,152.7,292.0,283.6,,,,,,166.5,1024.0,,2063,missing_months,MANBHUM PURULIA,
West Bengal,Manbhum Purulia,IMD110-P2060,2003,,,,,,,247.4,228.1,89.1,,,,,,,,,2063,missing_months,MANBHUM PURULIA,
West Bengal,Manbhum Purulia,IMD110-P2060,2004,,,,,,,318.8,471.9,189.6,,,,,,,,,2063,missing_months,MANBHUM PURULIA,
West Bengal,Manbhum Purulia,IMD110-P2060,2005,,,,,,,206.9,234.6,151.8,,,,,,,,,2063,missing_months,MANBHUM PURULIA,
West Bengal,Manbhum Purulia,IMD110-P2060,2006,,,,,,223.8,440.7,305.1,278.1,10.4,26.5,0.0,,,,1247.7,37.0,2063,missing_months,MANBHUM PURULIA,
West Bengal,Manbhum Purulia,IMD110-P2060,2007,0.0,46.3,48.5,30.5,,148.4,615.8,440.7,374.6,33.0,16.6,0.0,,46.3,,1579.5,49.7,2063,missing_months,MANBHUM PURULIA,
West Bengal,Manbhum Purulia,IMD110-P2060,2008,22.1,2.7,3.9,16.7,63.6,381.3,385.7,202.8,253.3,10.5,0.0,0.0,1342.5,24.8,84.2,1223.0,10.5,2063,,MANBHUM PURULIA,
West Bengal,Manbhum Purulia,IMD110-P2060,2009,7.7,0.0,11.1,1.3,117.1,48.6,257.0,355.6,251.0,56.6,9.5,0.0,1115.6,7.7,129.5,912.2,66.1,2063,,MANBHUM PURULIA,
West Bengal,Manbhum Purulia,IMD110-P2060,2010,0.3,30.1,5.5,11.9,89.7,89.9,138.1,218.0,175.2,59.0,11.0,54.8,883.6,30.4,107.2,621.3,124.8,2063,,MANBHUM PURULIA,
West Bengal,Murshidabad,IMD110-P2064,1901,19.4,13.6,6.9,33.2,157.9,247.9,227.5,201.0,300.7,42.0,70.0,0.0,1320.1,33.0,198.0,977.1,112.0,2064,,MURSHIDABAD,
West Bengal,Murshidabad,IMD110-P2064,1902,0.0,0.0,37.2,97.9,175.2,160.2,380.6,317.5,322.3,58.1,3.5,0.0,1552.6,0.0,310.3,1180.6,61.6,2064,,MURSHIDABAD,
West Bengal,Murshidabad,IMD110-P2064,1903,3.9,10.8,34.5,22.5,99.3,274.9,98.6,289.0,225.4,201.2,0.0,0.0,1260.2,14.7,156.3,887.9,201.2,2064,,MURSHIDABAD,
West Bengal,Murshidabad,IMD110-P2064,1904,0.6,9.5,6.5,41.5,259.6,221.3,394.2,222.7,156.2,24.7,11.2,0.0,1348.1,10.1,307.6,994.4,36.0,2064,,MURSHIDABAD,
West Bengal,Murshidabad,IMD110-P2064,1905,20.1,33.0,99.3,66.9,225.6,101.2,437.5,349.4,378.7,93.9,0.0,5.6,1811.2,53.1,391.8,1266.8,99.5,2064,,MURSHIDABAD,
West Bengal,Murshidabad,IMD110-P2064,1906,29.2,88.4,40.1,3.8,70.0,181.0,232.9,428.4,204.8,175.3,12.4,0.0,1466.3,117.6,113.9,1047.1,187.7,2064,,MURSHIDABAD,
West Bengal,Murshidabad,IMD110-P2064,1907,0.0,19.0,46.0,73.8,99.0,282.7,210.4,129.4,163.1,11.2,0.0,11.9,1046.4,19.0,218.8,785.6,23.1,2064,,MURSHIDABAD,
West Bengal,Murshidabad,IMD110-P2064,1908,19.7,13.6,0.6,4.1,55.7,348.5,299.7,175.6,196.0,16.3,0.0,0.0,1129.9,33.2,60.5,1019.9,16.3,2064,,MURSHIDABAD,
West Bengal,Murshidabad,IMD110-P2064,1909,9.2,2.6,0.0,113.1,78.5,435.9,204.7,572.0,278.0,95.1,0.0,0.8,1789.9,11.8,191.6,1490.6,96.0,2064,,MURSHIDABAD,
West Bengal,Murshidabad,IMD110-P2064,1910,1.7,20.0,10.5,30.1,132.5,253.5,372.9,333.3,160.9,93.6,0.9,0.0,1409.9,21.6,173.1,1120.7,94.5,2064,,MURSHIDABAD,
West Bengal,Murshidabad,IMD110-P2064,1911,0.0,0.5,20.7,29.9,120.0,490.0,178.9,296.7,407.7,80.4,6.8,0.0,1631.5,0.5,170.5,1373.3,87.2,2064,,MURSHIDABAD,
West Bengal,Murshidabad,IMD110-P2064,1912,0.5,0.4,37.9,36.2,121.7,267.5,352.7,189.3,124.3,61.6,88.3,0.0,1280.6,1.0,195.8,933.9,149.9,2064,,MURSHIDABAD,
West Bengal,Murshidabad,IMD110-P2064,1913,0.0,66.6,22.0,14.6,149.0,418.5,279.2,325.1,279.7,162.9,23.3,33.8,1774.6,66.6,185.6,1302.4,220.0,2064,,MURSHIDABAD,
West Bengal,Murshidabad,IMD110-P2064,1914,0.0,20.5,18.2,76.9,250.3,171.4,354.5,306.8,141.6,58.0,0.0,4.8,1402.9,20.5,345.4,974.3,62.8,2064,,MURSHIDABAD,
West Bengal,Murshidabad,IMD110-P2064,1915,5.9,9.7,68.8,19.1,187.9,293.1,202.7,214.2,203.6,60.6,16.7,0.0,1282.2,15.6,275.9,913.6,77.3,2064,,MURSHIDABAD,
West Bengal,Murshidabad,IMD110-P2064,1916,0.0,7.8,0.0,38.2,16.8,358.9,177.2,277.7,341.2,232.5,76.1,0.0,1526.5,7.8,55.0,1155.1,308.6,2064,,MURSHIDABAD,
West Bengal,Murshidabad,IMD110-P2064,1917,3.4,19.0,23.9,26.8,174.8,267.7,340.0,171.4,189.2,474.1,0.0,0.0,1690.3,22.4,225.5,968.3,474.1,2064,,MURSHIDABAD,
West Bengal,Murshidabad,IMD110-P2064,1918,0.2,0.0,14.4,31.3,200.4,367.4,209.6,673.0,167.0,3.0,0.0,2.0,1668.3,0.2,246.2,1417.0,5.0,2064,,MURSHIDABAD,
West Bengal,Murshidabad,IMD110-P2064,1919,43.3,19.2,0.9,22.1,157.0,246.6,277.5,220.0,176.2,65.7,17.8,0.0,1246.2,62.5,180.0,920.2,83.5,2064,,MURSHIDABAD,
West Bengal,Murshidabad,IMD110-P2064,1920,0.0,25.5,100.6,12.3,72.2,150.3,292.4,251.6,254.9,87.9,0.0,0.0,1247.6,25.5,185.1,949.1,87.9,2064,,MURSHIDABAD,
West Bengal,Murshidabad,IMD110-P2064,1921,41.2,2.2,32.2,84.2,43.1,247.8,245.7,340.2,169.4,19.5,0.0,0.0,1225.6,43.4,159.6,1003.1,19.5,2064,,MURSHIDABAD,
West Bengal,Murshidabad,IMD110-P2064,1922,5.2,6.0,0.1,18.0,91.3,500.4,273.5,225.2,197.3,64.0,0.7,0.3,1381.9,11.2,109.3,1196.3,65.0,2064,,MURSHIDABAD,
West Bengal,Murshidabad,IMD110-P2064,1923,0.0,28.7,6.2,22.5,103.5,147.3,261.3,177.5,175.5,52.5,1.2,0.0,976.2,28.8,132.2,761.7,53.7,2064,,MURSHIDABAD,
West Bengal,Murshidabad,IMD110-P2064,1924,4.3,2.7,0.0,92.2,78.8,149.0,310.1,200.0,265.6,67.7,49.3,0.0,1219.7,7.0,171.0,924.7,117.0,2064,,MURSHIDABAD,
West Bengal,Murshidabad,IMD110-P2064,1925,12.8,25.0,36.3,133.0,189.7,140.4,278.4,210.6,217.7,95.1,0.0,0.0,1339.1,37.9,359.0,847.1,95.1,2064,,MURSHIDABAD,
West Bengal,Murshidabad,IMD110-P2064,1926,33.8,11.5,62.8,33.2,119.5,163.8,334.8,223.0,253.1,60.5,8.4,15.4,1319.9,45.3,215.5,974.7,84.4,2064,,MURSHIDABAD,
West Bengal,Murshidabad,IMD110-P2064,1927,40.9,46.8,30.0,8.6,103.2,149.5,151.1,144.8,150.0,86.9,0.2,0.0,912.2,87.7,141.9,595.5,87.0,2064,,MURSHIDABAD,
West Bengal,Murshidabad,IMD110-P2064,1928,20.5,1.4,2.0,42.9,132.4,325.4,318.9,225.9,151.4,176.8,0.8,0.0,1398.4,21.9,177.3,1021.6,177.5,2064,,MURSHIDABAD,
West Bengal,Murshidabad,IMD110-P2064,1929,21.6,0.4,31.1,51.9,104.8,198.6,215.3,167.8,186.1,196.3,0.0,37.4,1211.1,22.0,187.8,767.7,233.7,2064,,MURSHIDABAD,
West Bengal,Murshidabad,IMD110-P2064,1930,11.2,7.5,46.5,28.5,73.1,248.5,410.8,259.5,130.9,42.5,126.8,0.6,1386.6,18.8,148.2,1049.7,170.0,2064,,MURSHIDABAD,
West Bengal,Murshidabad,IMD110-P2064,1931,2.3,46.4,48.8,5.9,87.7,202.6,306.0,190.7,257.9,53.9,80.8,0.8,1283.8,48.7,142.5,957.2,135.5,2064,,MURSHIDABAD,
West Bengal,Murshidabad,IMD110-P2064,1932,0.0,14.1,0.8,18.5,173.3,159.2,219.4,324.9,133.6,43.6,66.2,0.1,1153.6,14.1,192.7,837.0,109.9,2064,,MURSHIDABAD,
West Bengal,Murshidabad,IMD110-P2064,1933,20.0,33.8,1.2,95.1,173.1,302.5,269.6,510.8,189.2,111.7,0.0,0.0,1706.9,53.8,269.3,1272.0,111.7,2064,,MURSHIDABAD,
West Bengal,Murshidabad,IMD110-P2064,1934,19.2,33.2,0.0,47.5,86.2,179.1,159.5,143.3,144.8,56.1,1.8,57.5,928.4,52.5,133.6,626.8,115.5,2065,,MURSHIDABAD,
West Bengal,Murshidabad,IMD110-P2064,1935,11.2,19.3,7.7,9.4,69.8,151.0,183.0,329.7,167.2,2.5,0.0,0.0,950.7,30.5,86.9,830.8,2.5,2065,,MURSHIDABAD,
West Bengal,Murshidabad,IMD110-P2064,1936,10.6,3.4,18.1,16.0,189.6,223.2,391.7,210.6,359.1,47.6,3.2,2.3,1475.3,14.0,223.7,1184.6,53.1,2065,,MURSHIDABAD,
West Bengal,Murshidabad,IMD110-P2064,1937,0.0,136.8,1.8,7.0,193.2,280.3,206.3,302.7,297.5,96.8,3.0,0.0,1525.5,136.8,202.0,1086.9,99.8,2065,,MURSHIDABAD,
West Bengal,Murshidabad,IMD110-P2064,1938,1.5,25.9,0.0,14.5,310.3,405.2,258.0,402.8,252.9,57.8,0.4,0.0,1729.4,27.5,324.9,1318.8,58.3,2065,,MURSHIDABAD,
West Bengal,Murshidabad,IMD110-P2064,1939,1.9,3.2,8.1,3.8,98.4,319.0,498.9,385.7,222.3,272.1,0.0,0.0,1813.5,5.1,110.3,1425.9,272.1,2065,,MURSHIDABAD,
West Bengal,Murshidabad,IMD110-P2064,1940,0.0,35.0,87.0,36.6,132.2,175.3,147.9,219.4,152.3,33.9,2.4,1.2,1023.4,35.0,255.8,695.0,37.5,2065,,MURSHIDABAD,
West Bengal,Murshidabad,IMD110-P2064,1941,18.6,0.0,0.1,20.7,116.8,295.5,357.7,361.0,185.2,246.1,20.6,0.0,1622.2,18.6,137.6,1199.4,266.7,2065,,MURSHIDABAD,
West Bengal,Murshidabad,IMD110-P2064,1942,1.0,19.8,13.1,85.1,87.6,204.8,228.6,488.6,364.0,215.3,19.1,0.0,1727.0,20.8,185.9,1286.0,234.4,2065,,MURSHIDABAD,
West Bengal,Murshidabad,IMD110-P2064,1943,35.5,8.7,27.8,79.5,135.3,219.2,336.8,183.4,192.4,113.9,0.0,0.0,1332.4,44.2,242.5,931.8,113.9,2065,,MURSHIDABAD,
West Bengal,Murshidabad,IMD110-P2064,1944,13.0,10.9,31.0,64.2,73.1,161.5,386.3,305.7,221.6,23.9,0.0,0.0,1291.3,23.9,168.4,1075.2,23.9,2065,,MURSHIDABAD,
West Bengal,Murshidabad,IMD110-P2064,1945,15.7,21.6,3.0,86.8,128.9,197.2,283.8,257.6,214.2,205.0,0.0,0.0,1413.7,37.3,218.7,952.7,205.0,2065,,MURSHIDABAD,
West Bengal,Murshidabad,IMD110-P2064,1946,0.0,5.0,14.4,175.1,103.2,208.9,248.2,173.8,194.2,334.8,7.7,0.0,1465.5,5.0,292.8,825.2,342.5,2065,,MURSHIDABAD,
West Bengal,Murshidabad,IMD110-P2064,1947,0.0,0.9,28.9,43.0,85.4,174.0,291.3,306.8,333.7,121.8,0.0,4.5,1390.3,0.9,157.3,1105.8,126.3,2065,,MURSHIDABAD,
West Bengal,Murshidabad,IMD110-P2064,1948,6.6,16.8,9.4,50.0,166.6,211.3,266.9,226.8,228.9,157.3,97.6,0.0,1438.3,23.4,226.0,933.9,255.0,2065,,MURSHIDABAD,
West Bengal,Murshidabad,IMD110-P2064,1949,0.0,3.6,38.0,59.1,212.7,187.4,358.4,255.5,191.1,50.9,0.0,0.0,1356.7,3.6,309.8,992.4,50.9,2065,,MURSHIDABAD,
West Bengal,Murshidabad,IMD110-P2064,1950,0.0,5.7,4.5,5.0,89.4,337.3,197.8,352.9,95.7,62.3,30.2,0.0,1180.8,5.7,99.0,983.7,92.5,2065,,MURSHIDABAD,
West Bengal,Murshidabad,IMD110-P2064,1951,0.0,0.0,16.7,8.5,58.1,166.7,246.3,165.0,83.5,162.3,46.3,0.0,953.4,0.0,83.3,661.5,208.7,2065,,MURSHIDABAD,
West Bengal,Murshidabad,IMD110-P2064,1952,0.1,0.6,41.4,97.2,38.3,201.8,383.7,261.9,178.8,144.2,4.8,0.0,1352.9,0.7,177.0,1026.2,149.0,2065,,MURSHIDABAD,
West Bengal,Murshidabad,IMD110-P2064,1953,48.8,4.2,7.3,3.5,50.8,242.6,478.6,220.0,217.7,16.4,6.2,0.0,1296.2,53.0,61.7,1158.9,22.6,2065,,MURSHIDABAD,
West Bengal,Murshidabad,IMD110-P2064,1954,12.4,13.0,0.8,29.2,54.1,345.0,343.4,186.7,166.4,64.8,0.0,2.4,1218.1,25.4,84.0,1041.6,67.1,2065,,MURSHIDABAD,
West Bengal,Murshidabad,IMD110-P2064,1955,9.2,5.5,34.7,36.0,89.9,191.8,600.6,259.3,132.8,79.6,39.2,0.0,1478.7,14.7,160.7,1184.6,118.8,2065,,MURSHIDABAD,
West Bengal,Murshidabad,IMD110-P2064,1956,13.2,30.7,17.6,18.2,169.6,349.0,208.4,196.1,405.2,167.4,32.6,9.5,1617.5,43.9,205.4,1158.6,209.6,2065,,MURSHIDABAD,
West Bengal,Murshidabad,IMD110-P2064,1957,118.0,19.0,2.6,0.0,0.0,430.3,362.0,151.5,282.1,30.3,0.0,0.0,1395.8,137.0,2.6,1225.9,30.3,2065,,MURSHIDABAD,
West Bengal,Murshidabad,IMD110-P2064,1958,2.7,11.2,6.3,21.1,34.1,85.7,254.3,282.0,148.3,111.3,0.0,0.0,957.1,13.9,61.5,770.4,111.3,2065,,MURSHIDABAD,
West Bengal,Murshidabad,IMD110-P2064,1959,23.8,0.8,21.5,19.4,90.9,232.7,397.5,605.3,335.7,507.9,0.0,0.0,2235.7,24.7,131.8,1571.3,507.9,2065,,MURSHIDABAD,
West Bengal,Murshidabad,IMD110-P2064,1960,0.0,0.0,18.9,0.0,169.2,76.4,340.1,228.3,272.0,59.0,0.0,0.0,1164.0,0.0,188.1,916.8,59.0,2065,,MURSHIDABAD,
West Bengal,Murshidabad,IMD110-P2064,1961,11.6,63.6,2.7,5.4,117.2,290.6,200.8,228.4,212.4,122.8,0.9,0.5,1257.0,75.3,125.2,932.4,124.2,2065,,MURSHIDABAD,
West Bengal,Murshidabad,IMD110-P2064,1962,12.8,12.3,1.1,37.5,91.9,196.4,272.4,170.0,135.1,68.2,0.0,0.0,997.7,25.1,130.5,773.9,68.2,2065,,MURSHIDABAD,
West Bengal,Murshidabad,IMD110-P2064,1963,3.3,1.3,3.9,45.4,111.3,263.9,234.8,124.9,216.6,115.6,15.5,0.0,1136.3,4.5,160.6,840.1,131.1,2065,,MURSHIDABAD,
West Bengal,Murshidabad,IMD110-P2064,1964,1.9,4.6,8.7,81.9,148.2,220.6,450.6,129.2,195.0,115.0,0.0,0.0,1355.7,6.5,238.8,995.5,115.0,2065,,MURSHIDABAD,
West Bengal,Murshidabad,IMD110-P2064,1965,0.0,12.6,39.1,27.9,33.8,257.1,396.3,227.3,151.9,46.8,3.2,0.8,1196.7,12.6,100.9,1032.6,50.8,2065,,MURSHIDABAD,
West Bengal,Murshidabad,IMD110-P2064,1966,31.5,0.0,2.5,11.8,115.1,177.3,279.6,288.4,202.5,54.6,38.0,1.5,1202.7,31.5,129.4,947.8,94.0,2065,,MURSHIDABAD,
West Bengal,Murshidabad,IMD110-P2064,1967,8.7,3.2,72.1,63.6,64.3,100.8,180.4,259.0,214.3,60.5,0.0,2.7,1029.3,11.9,199.9,754.3,63.1,2065,,MURSHIDABAD,
West Bengal,Murshidabad,IMD110-P2064,1968,4.9,0.0,11.7,19.1,31.5,369.8,351.0,251.7,124.9,118.4,2.3,0.0,1285.3,4.9,62.3,1097.4,120.7,2066,,MURSHIDABAD,
West Bengal,Murshidabad,IMD110-P2064,1969,1.0,0.0,9.8,64.1,104.6,124.2,230.7,358.2,222.4,89.7,65.4,0.0,1270.0,1.0,178.4,935.5,155.1,2066,,MURSHIDABAD,
West Bengal,Murshidabad,IMD110-P2064,1970,33.8,22.7,4.5,12.6,44.0,317.6,547.8,155.3,279.3,262.5,13.0,0.0,1693.0,56.5,61.0,1300.1,275.5,2066,,MURSHIDABAD,
West Bengal,Murshidabad,IMD110-P2064,1971,32.1,13.3,0.0,230.3,157.4,386.9,425.2,523.2,260.3,56.8,31.4,0.0,2116.7,45.4,387.6,1595.6,88.2,2066,,MURSHIDABAD,
West Bengal,Murshidabad,IMD110-P2064,1972,10.6,15.4,0.0,17.0,112.6,119.6,257.8,,88.4,36.1,0.0,,,26.0,129.6,,,2066,missing_months,MURSHIDABAD,
West Bengal,Murshidabad,IMD110-P2064,1973,0.0,1.1,52.3,46.1,246.0,,279.4,252.1,445.9,138.5,10.0,11.8,,1.1,344.4,,160.3,2066,missing_months,MURSHIDABAD,
West Bengal,Murshidabad,IMD110-P2064,1974,0.0,0.0,48.5,39.4,79.5,116.9,650.9,313.4,291.4,39.3,4.0,0.0,1583.3,0.0,167.4,1372.6,43.3,2066,,MURSHIDABAD,
West Bengal,Murshidabad,IMD110-P2064,1975,5.6,2.6,5.4,19.3,37.1,35.4,632.7,257.3,153.7,129.3,1.0,0.0,1279.4,8.2,61.8,1079.1,130.3,2066,,MURSHIDABAD,
West Bengal,Murshidabad,IMD110-P2064,1976,0.0,31.3,14.5,18.4,254.7,203.5,220.9,300.4,274.4,25.4,1.8,0.0,1345.3,31.3,287.6,999.2,27.2,2066,,MURSHIDABAD,
West Bengal,Murshidabad,IMD110-P2064,1977,4.9,33.6,0.0,95.4,211.9,,470.8,217.2,90.4,188.6,,,,38.5,307.3,,,2066,missing_months,MURSHIDABAD,
West Bengal,Murshidabad,IMD110-P2064,1978,2.8,23.4,39.7,43.8,107.3,287.5,128.7,,393.0,99.8,17.4,0.0,,26.2,190.8,,117.2,2066,missing_months,MURSHIDABAD,
West Bengal,Murshidabad,IMD110-P2064,1979,,21.8,5.5,65.8,1.0,170.9,330.1,175.3,205.6,27.8,28.4,25.6,,,72.3,881.9,81.8,2066,missing_months,MURSHIDABAD,
West Bengal,Murshidabad,IMD110-P2064,1980,20.0,14.9,22.3,,,,293.8,372.3,243.6,,,0.0,,34.9,,,,2066,missing_months,MURSHIDABAD,
West Bengal,Murshidabad,IMD110-P2064,1981,9.2,0.0,61.5,,,,,,,38.0,0.0,0.0,,9.2,,,38.0,2066,missing_months,MURSHIDABAD,
West Bengal,Murshidabad,IMD110-P2064,1982,2.4,4.2,70.2,67.3,45.8,177.6,115.3,235.3,132.3,15.9,54.1,0.2,920.6,6.6,183.3,660.4,70.2,2066,,MURSHIDABAD,
West Bengal,Murshidabad,IMD110-P2064,1983,8.4,16.1,24.3,29.1,201.8,149.4,206.1,394.1,183.5,188.5,0.0,13.9,1415.1,24.4,255.2,933.1,202.4,2066,,MURSHIDABAD,
West Bengal,Murshidabad,IMD110-P2064,1984,11.3,3.6,0.0,11.8,95.4,410.9,304.0,361.0,313.7,131.9,0.0,0.0,1643.5,14.8,107.2,1389.5,131.9,2066,,MURSHIDABAD,
West Bengal,Murshidabad,IMD110-P2064,1985,0.8,15.5,11.1,8.5,118.7,219.4,291.0,199.8,178.3,127.1,0.0,0.0,1170.3,16.4,138.3,888.5,127.1,2066,,MURSHIDABAD,
West Bengal,Murshidabad,IMD110-P2064,1986,2.9,3.6,1.8,71.5,114.9,212.7,252.4,186.4,467.7,230.1,39.0,10.1,1593.1,6.5,188.1,1119.2,279.2,2066,,MURSHIDABAD,
West Bengal,Murshidabad,IMD110-P2064,1987,2.9,1.9,21.1,66.7,65.7,115.7,357.4,475.6,218.7,20.6,5.0,4.0,1355.2,4.8,153.5,1167.4,29.6,2066,,MURSHIDABAD,
West Bengal,Murshidabad,IMD110-P2064,1988,0.0,36.3,80.2,61.6,115.0,426.2,324.9,300.6,168.9,109.0,41.4,0.1,1664.2,36.3,256.8,1220.6,150.5,2066,,MURSHIDABAD,
West Bengal,Murshidabad,IMD110-P2064,1989,0.0,19.0,1.2,0.0,222.4,164.2,532.0,119.2,261.8,76.0,0.0,15.0,1410.8,19.0,223.6,1077.2,91.0,2066,,MURSHIDABAD,
West Bengal,Murshidabad,IMD110-P2064,1990,0.0,54.4,34.0,50.0,135.4,240.4,475.0,173.2,255.4,97.9,15.0,0.0,1530.7,54.4,219.4,1144.0,112.9,2066,,MURSHIDABAD,
West Bengal,Murshidabad,IMD110-P2064,1991,15.7,9.7,20.1,62.5,163.5,362.0,195.3,178.6,372.0,67.2,0.0,78.6,1525.2,25.4,246.1,1107.9,145.9,2066,,MURSHIDABAD,
West Bengal,Murshidabad,IMD110-P2064,1992,6.6,29.0,1.1,1.0,36.4,153.6,470.0,186.6,83.7,142.6,9.0,0.0,1119.6,35.6,38.6,893.8,151.6,2066,,MURSHIDABAD,
West Bengal,Murshidabad,IMD110-P2064,1993,0.0,0.0,28.2,72.8,84.6,430.6,243.1,119.8,446.0,63.5,20.2,0.0,1508.8,0.0,185.6,1239.5,83.8,2066,,MURSHIDABAD,
West Bengal,Murshidabad,IMD110-P2064,1994,52.0,48.8,10.0,22.0,107.2,241.6,179.5,289.6,80.6,84.4,0.0,0.0,1115.7,100.8,139.2,791.3,84.4,2066,,MURSHIDABAD,
West Bengal,Murshidabad,IMD110-P2064,1995,22.8,17.2,4.0,28.4,27.0,317.6,359.6,426.2,534.2,12.2,70.0,5.0,1824.2,40.0,59.4,1637.6,87.2,2066,,MURSHIDABAD,
West Bengal,Murshidabad,IMD110-P2064,1996,3.2,,25.4,138.2,164.0,1106.6,189.2,407.2,133.2,188.0,0.0,0.0,,,327.6,1836.2,188.0,2066,missing_months,MURSHIDABAD,
West Bengal,Murshidabad,IMD110-P2064,1997,4.8,15.8,11.0,66.2,122.0,249.5,486.0,421.7,336.1,41.8,5.0,3.8,1763.8,20.6,199.2,1493.3,50.7,2066,,MURSHIDABAD,
West Bengal,Murshidabad,IMD110-P2064,1998,29.1,8.4,69.4,59.1,80.7,88.3,464.4,343.4,250.4,230.8,51.8,0.0,1675.8,37.5,209.2,1146.5,282.6,2066,,MURSHIDABAD,
West Bengal,Murshidabad,IMD110-P2064,1999,0.0,0.0,0.0,20.6,194.6,335.0,523.3,359.2,418.6,156.1,18.7,0.0,2026.1,0.0,215.1,1636.2,174.8,2066,,MURSHIDABAD,
West Bengal,Murshidabad,IMD110-P2064,2000,0.8,63.2,5.3,55.8,210.4,193.1,471.7,230.6,1071.0,40.3,0.0,0.0,2342.1,63.9,271.5,1966.4,40.3,2066,,MURSHIDABAD,
West Bengal,Murshidabad,IMD110-P2064,2001,0.0,0.0,2.8,37.0,103.2,318.0,223.0,193.6,269.0,,6.0,0.0,,0.0,143.0,1003.6,,2066,missing_months,MURSHIDABAD,
West Bengal,Murshidabad,IMD110-P2064,2002,,,23.0,,104.0,240.0,478.4,362.9,,29.4,14.0,0.0,,,,,43.4,2067,missing_months,MURSHIDABAD,
West Bengal,Murshidabad,IMD110-P2064,2003,,,,,,,216.1,173.3,138.8,254.4,0.0,1.0,,,,,255.4,2067,missing_months,MURSHIDABAD,
West Bengal,Murshidabad,IMD110-P2064,2004,3.3,1.0,24.0,28.0,51.0,280.0,157.7,134.6,388.4,289.0,0.0,0.0,1357.0,4.3,103.0,960.7,289.0,2067,,MURSHIDABAD,
West Bengal,Murshidabad,IMD110-P2064,2005,26.0,38.0,38.0,2.0,30.0,151.1,314.0,156.0,128.0,229.0,0.0,1.1,1113.3,64.0,70.0,749.2,230.1,2067,,MURSHIDABAD,
West Bengal,Murshidabad,IMD110-P2064,2006,0.0,0.0,6.0,45.0,182.0,282.0,160.4,113.7,,,6.0,0.0,,0.0,233.0,,,2067,missing_months,MURSHIDABAD,
West Bengal,Murshidabad,IMD110-P2064,2007,,,,,,,603.2,,,,,,,,,,,2067,missing_months,MURSHIDABAD,
West Bengal,Murshidabad,IMD110-P2064,2008,,,,,,258.5,353.5,238.0,218.0,,,,,,,1068.0,,2067,missing_months,MURSHIDABAD,
West Bengal,Murshidabad,IMD110-P2064,2009,,,,,,73.0,173.7,373.4,356.8,,,,,,,976.9,,2067,missing_months,MURSHIDABAD,
West Bengal,Murshidabad,IMD110-P2064,2010,,,,,,,114.8,164.9,190.1,92.2,1.9,46.1,,,,,140.2,2067,missing_months,MURSHIDABAD,
West Bengal,Nadia,IMD110-P2068,1901,18.6,41.1,1.9,114.0,176.5,156.5,227.5,274.3,379.7,46.7,82.1,0.0,1518.8,59.7,292.4,1038.0,128.7,2068,,NADIA,
West Bengal,Nadia,IMD110-P2068,1902,0.0,0.0,42.8,85.9,185.4,140.9,234.1,229.4,208.9,51.1,0.0,2.0,1180.5,0.0,314.1,813.3,53.1,2068,,NADIA,
West Bengal,Nadia,IMD110-P2068,1903,14.4,34.6,50.8,11.6,60.8,301.3,202.9,364.8,347.1,214.9,31.4,0.0,1634.4,48.9,123.3,1216.0,246.3,2068,,NADIA,
West Bengal,Nadia,IMD110-P2068,1904,0.0,16.5,38.3,21.1,245.4,175.4,341.1,136.6,267.1,10.5,3.0,0.0,1255.2,16.5,304.8,920.3,13.6,2068,,NADIA,
West Bengal,Nadia,IMD110-P2068,1905,38.1,78.7,96.3,96.4,231.3,97.8,566.9,258.4,319.7,100.3,0.0,8.6,1892.4,116.8,424.0,1242.8,109.0,2068,,NADIA,
West Bengal,Nadia,IMD110-P2068,1906,49.8,128.3,59.2,0.0,119.7,170.0,146.3,219.9,228.7,140.4,2.2,0.0,1264.3,178.1,178.9,764.9,142.5,2068,,NADIA,
West Bengal,Nadia,IMD110-P2068,1907,0.0,25.3,131.0,92.9,131.4,290.5,288.5,159.5,186.7,21.5,0.0,24.0,1351.3,25.3,355.3,925.3,45.5,2068,,NADIA,
West Bengal,Nadia,IMD110-P2068,1908,34.7,0.8,2.2,22.1,100.4,467.4,256.3,261.3,154.7,35.1,0.0,0.0,1334.8,35.4,124.7,1139.7,35.1,2068,,NADIA,
West Bengal,Nadia,IMD110-P2068,1909,2.5,0.5,0.0,179.5,156.3,259.1,136.6,577.2,171.9,114.3,1.9,11.4,1611.3,3.1,335.8,1144.7,127.7,2068,,NADIA,
West Bengal,Nadia,IMD110-P2068,1910,19.1,1.4,17.5,73.0,148.8,222.4,294.7,246.8,203.9,182.4,0.0,0.0,1410.1,20.5,239.3,967.8,182.4,2068,,NADIA,
West Bengal,Nadia,IMD110-P2068,1911,0.0,2.9,54.7,42.8,203.8,226.1,206.2,190.2,210.5,91.1,11.6,0.0,1239.9,2.9,301.3,832.9,102.8,2068,,NADIA,
West Bengal,Nadia,IMD110-P2068,1912,3.9,14.0,65.7,94.2,155.8,229.1,306.3,214.1,130.5,54.1,49.1,0.0,1316.7,17.9,315.6,880.0,103.2,2068,,NADIA,
West Bengal,Nadia,IMD110-P2068,1913,0.0,142.6,35.7,40.6,239.8,488.0,247.3,317.7,119.8,105.9,16.8,12.1,1766.2,142.6,316.0,1172.7,134.8,2068,,NADIA,
West Bengal,Nadia,IMD110-P2068,1914,0.0,95.8,23.2,128.6,209.0,162.5,335.1,174.6,158.2,31.0,0.0,30.7,1348.7,95.8,360.8,830.4,61.7,2068,,NADIA,
West Bengal,Nadia,IMD110-P2068,1915,1.5,4.7,60.4,45.8,175.4,250.7,212.6,358.7,118.2,63.8,17.4,0.0,1309.2,6.2,281.6,940.2,81.2,2068,,NADIA,
West Bengal,Nadia,IMD110-P2068,1916,0.0,4.4,0.0,108.2,34.4,412.2,65.8,255.4,260.6,184.1,26.8,0.0,1351.9,4.4,142.6,994.0,210.9,2068,,NADIA,
West Bengal,Nadia,IMD110-P2068,1917,0.0,29.9,13.4,19.3,140.8,270.7,292.4,181.1,196.9,265.4,4.6,0.0,1414.4,29.9,173.5,941.1,270.0,2068,,NADIA,
West Bengal,Nadia,IMD110-P2068,1918,0.1,0.2,49.2,140.1,202.7,340.3,169.4,273.1,112.3,1.4,0.8,0.4,1290.1,0.3,392.0,895.2,2.7,2068,,NADIA,
West Bengal,Nadia,IMD110-P2068,1919,13.3,20.1,14.6,97.4,116.6,165.8,333.1,199.3,190.5,23.0,32.3,0.0,1206.0,33.4,228.7,888.7,55.3,2068,,NADIA,
West Bengal,Nadia,IMD110-P2068,1920,0.0,25.7,211.8,15.2,85.7,123.8,343.3,351.4,227.8,163.5,0.0,0.0,1548.3,25.7,312.8,1046.3,163.5,2068,,NADIA,
West Bengal,Nadia,IMD110-P2068,1921,39.1,12.9,12.8,113.7,81.2,224.4,232.5,344.5,120.4,34.9,0.0,0.0,1216.5,52.1,207.7,921.8,34.9,2068,,NADIA,
West Bengal,Nadia,IMD110-P2068,1922,0.4,0.1,2.6,14.3,100.9,523.6,165.8,279.2,176.9,102.5,5.3,0.5,1372.1,0.5,117.8,1145.4,108.3,2068,,NADIA,
West Bengal,Nadia,IMD110-P2068,1923,0.0,60.4,0.8,27.6,63.1,112.3,301.5,312.5,90.2,86.2,4.1,0.0,1058.8,60.4,91.5,816.5,90.4,2068,,NADIA,
West Bengal,Nadia,IMD110-P2068,1924,0.4,1.5,0.0,41.7,134.3,167.8,165.8,187.8,264.9,66.6,57.8,0.0,1088.7,2.0,176.0,786.3,124.4,2068,,NADIA,
West Bengal,Nadia,IMD110-P2068,1925,5.6,20.6,51.0,152.3,58.9,182.5,187.2,117.6,214.0,160.3,1.7,0.0,1151.8,26.2,262.3,701.3,162.1,2068,,NADIA,
West Bengal,Nadia,IMD110-P2068,1926,45.4,3.8,84.6,60.3,171.9,138.6,587.4,445.4,270.6,78.6,0.0,10.9,1897.5,49.2,316.8,1442.0,89.5,2068,,NADIA,
West Bengal,Nadia,IMD110-P2068,1927,66.1,38.0,6.4,27.9,131.8,248.0,296.5,170.2,240.9,39.4,0.0,0.0,1265.1,104.0,166.1,955.6,39.4,2068,,NADIA,
West Bengal,Nadia,IMD110-P2068,1928,17.1,0.0,0.6,76.6,156.6,430.5,319.9,283.5,135.6,128.3,0.0,0.0,1548.7,17.1,233.8,1169.6,128.3,2068,,NADIA,
West Bengal,Nadia,IMD110-P2068,1929,52.4,13.6,42.7,58.1,71.2,152.9,384.8,131.9,220.7,115.8,0.0,39.8,1284.0,66.1,172.0,890.4,155.6,2068,,NADIA,
West Bengal,Nadia,IMD110-P2068,1930,0.0,9.1,38.1,32.4,131.1,145.7,341.2,317.6,58.6,68.5,90.6,0.6,1233.6,9.1,201.6,863.1,159.8,2068,,NADIA,
West Bengal,Nadia,IMD110-P2068,1931,0.0,74.5,6.8,21.5,175.5,211.3,267.9,220.6,152.9,144.0,36.0,0.0,1310.8,74.5,203.8,852.7,179.9,2068,,NADIA,
West Bengal,Nadia,IMD110-P2068,1932,0.0,5.2,0.6,53.3,158.5,218.8,159.2,202.5,176.1,40.4,83.7,0.0,1098.3,5.2,212.4,756.7,124.0,2068,,NADIA,
West Bengal,Nadia,IMD110-P2068,1933,7.5,59.1,0.0,132.4,203.2,353.3,238.6,330.3,235.0,81.8,0.0,0.0,1641.3,66.6,335.6,1157.3,81.8,2068,,NADIA,
West Bengal,Nadia,IMD110-P2068,1934,5.8,19.6,0.4,45.5,71.5,191.5,213.7,179.2,138.4,73.9,23.0,10.9,973.3,25.3,117.5,722.8,107.8,2069,,NADIA,
West Bengal,Nadia,IMD110-P2068,1935,11.4,24.1,34.3,50.3,37.4,105.4,183.5,312.5,115.7,0.4,0.0,0.9,875.9,35.5,122.0,717.0,1.3,2069,,NADIA,
West Bengal,Nadia,IMD110-P2068,1936,2.5,10.3,38.8,23.6,244.5,186.3,246.8,206.0,180.1,60.9,0.3,2.4,1202.4,12.7,306.8,819.2,63.6,2069,,NADIA,
West Bengal,Nadia,IMD110-P2068,1937,0.0,81.7,10.4,13.6,105.3,188.1,124.5,218.1,197.0,73.5,2.4,0.9,1015.5,81.7,129.2,727.7,76.8,2069,,NADIA,
West Bengal,Nadia,IMD110-P2068,1938,4.1,50.7,0.4,6.5,317.5,243.8,185.1,214.2,126.0,37.2,31.6,0.0,1217.1,54.8,324.5,769.1,68.8,2069,,NADIA,
West Bengal,Nadia,IMD110-P2068,1939,0.6,6.5,10.2,21.6,86.1,183.2,444.9,499.3,202.9,260.6,4.2,0.1,1720.0,7.1,117.9,1330.2,264.9,2069,,NADIA,
West Bengal,Nadia,IMD110-P2068,1940,0.0,29.7,87.0,14.2,85.9,141.7,159.1,232.4,296.8,34.5,0.0,0.0,1081.4,29.7,187.1,830.1,34.5,2069,,NADIA,
West Bengal,Nadia,IMD110-P2068,1941,13.2,0.0,0.0,54.5,80.5,348.5,340.6,342.8,156.4,85.5,88.2,0.0,1510.2,13.2,134.9,1188.3,173.7,2069,,NADIA,
West Bengal,Nadia,IMD110-P2068,1942,0.0,7.1,18.5,45.1,86.2,101.0,138.5,280.4,320.0,126.3,1.3,0.0,1124.4,7.1,149.9,839.9,127.6,2069,,NADIA,
West Bengal,Nadia,IMD110-P2068,1943,23.0,80.9,15.0,136.3,78.5,169.3,398.5,213.3,150.6,102.8,0.0,0.0,1368.1,103.9,229.7,931.7,102.8,2069,,NADIA,
West Bengal,Nadia,IMD110-P2068,1944,80.2,,29.3,57.4,39.3,147.1,275.4,499.1,108.4,62.0,0.0,0.0,,,126.1,1030.0,62.0,2069,missing_months,NADIA,
West Bengal,Nadia,IMD110-P2068,1945,15.6,16.5,11.8,133.1,93.9,239.5,152.1,229.7,190.9,279.7,0.0,0.0,1362.8,32.1,238.8,812.2,279.7,2069,,NADIA,
West Bengal,Nadia,IMD110-P2068,1946,0.0,1.5,19.2,146.8,95.2,199.2,179.8,155.8,226.2,182.3,19.5,0.0,1225.7,1.5,261.2,761.1,201.9,2069,,NADIA,
West Bengal,Nadia,IMD110-P2068,1947,0.8,5.3,38.4,22.3,173.5,260.7,325.1,248.8,250.0,88.6,0.0,23.1,1436.6,6.1,234.2,1084.6,111.7,2069,,NADIA,
West Bengal,Nadia,IMD110-P2068,1948,4.9,29.1,55.2,91.9,132.9,160.1,204.6,242.8,65.5,229.7,73.6,0.0,1290.5,34.1,280.1,673.0,303.3,2069,,NADIA,
West Bengal,Nadia,IMD110-P2068,1949,3.3,3.0,70.8,124.0,170.6,204.1,202.6,226.2,121.3,234.8,0.0,0.0,1360.7,6.3,365.4,754.3,234.8,2069,,NADIA,
West Bengal,Nadia,IMD110-P2068,1950,0.0,12.4,109.3,11.0,78.7,409.3,265.1,352.1,144.4,135.9,216.4,0.0,1734.8,12.4,199.0,1171.0,352.3,2069,,NADIA,
West Bengal,Nadia,IMD110-P2068,1951,0.0,0.0,54.9,2.7,59.7,154.7,216.4,161.8,152.0,230.4,41.9,0.0,1074.3,0.0,117.2,684.8,272.3,2069,,NADIA,
West Bengal,Nadia,IMD110-P2068,1952,0.0,3.5,43.8,199.0,85.4,217.1,316.3,200.9,268.7,220.6,2.7,0.0,1557.9,3.5,328.2,1002.9,223.3,2069,,NADIA,
West Bengal,Nadia,IMD110-P2068,1953,20.9,22.0,31.2,23.6,79.0,523.8,604.5,427.1,423.7,30.3,33.9,0.0,2220.0,42.9,133.7,1979.1,64.2,2069,,NADIA,
West Bengal,Nadia,IMD110-P2068,1954,16.2,5.2,0.8,19.7,190.0,304.4,204.4,218.7,230.6,70.7,0.0,30.4,1291.1,21.4,210.6,958.1,101.0,2069,,NADIA,
West Bengal,Nadia,IMD110-P2068,1955,2.5,4.0,10.6,54.1,90.3,228.6,280.3,186.9,108.1,111.1,35.3,0.0,1111.7,6.5,155.0,803.8,146.4,2069,,NADIA,
West Bengal,Nadia,IMD110-P2068,1956,13.0,42.5,54.3,43.1,122.9,398.9,240.2,310.0,406.6,84.8,8.2,0.0,1724.5,55.5,220.3,1355.7,93.0,2069,,NADIA,
West Bengal,Nadia,IMD110-P2068,1957,33.5,33.7,9.6,1.3,13.8,230.9,217.3,202.1,258.3,53.1,0.0,0.0,1053.4,67.1,24.7,908.5,53.1,2069,,NADIA,
West Bengal,Nadia,IMD110-P2068,1958,10.1,15.8,9.5,112.6,25.8,211.3,213.8,219.4,154.0,130.3,2.2,0.0,1104.8,25.9,147.9,798.5,132.5,2069,,NADIA,
West Bengal,Nadia,IMD110-P2068,1959,30.5,21.0,29.0,17.3,140.8,314.3,264.5,360.4,418.5,419.7,3.5,0.0,2019.4,51.5,187.1,1357.7,423.2,2069,,NADIA,
West Bengal,Nadia,IMD110-P2068,1960,0.0,0.0,2.4,0.0,90.8,146.9,281.1,199.2,170.0,74.0,0.0,0.0,964.5,0.0,93.2,797.2,74.1,2069,,NADIA,
West Bengal,Nadia,IMD110-P2068,1961,20.0,49.9,1.1,24.1,163.5,145.8,152.9,157.8,131.0,112.0,0.1,0.0,958.1,69.8,188.7,587.5,112.1,2069,,NADIA,
West Bengal,Nadia,IMD110-P2068,1962,10.6,8.9,2.4,59.2,105.3,153.5,199.4,257.4,185.8,148.7,0.0,0.0,1131.1,19.5,166.8,796.1,148.7,2069,,NADIA,
West Bengal,Nadia,IMD110-P2068,1963,0.0,1.8,0.6,115.4,93.7,316.3,208.4,79.6,292.7,85.9,8.5,1.0,1203.9,1.8,209.7,897.1,95.4,2069,,NADIA,
West Bengal,Nadia,IMD110-P2068,1964,0.0,,13.4,76.6,75.3,220.4,413.4,89.0,117.1,116.8,0.0,0.0,,,165.3,839.9,116.8,2069,missing_months,NADIA,
West Bengal,Nadia,IMD110-P2068,1965,0.0,25.8,47.5,13.9,50.3,411.2,225.4,392.3,211.9,58.3,0.0,0.0,1436.4,25.8,111.7,1240.8,58.3,2069,,NADIA,
West Bengal,Nadia,IMD110-P2068,1966,27.8,0.0,0.5,19.8,35.5,372.8,236.6,336.6,222.2,180.2,14.8,18.5,1465.3,27.8,55.9,1168.3,213.4,2069,,NADIA,
West Bengal,Nadia,IMD110-P2068,1967,40.8,5.3,40.7,67.8,113.5,197.5,242.0,294.2,197.8,10.1,0.0,2.0,1211.6,46.1,222.0,931.5,12.1,2069,,NADIA,
West Bengal,Nadia,IMD110-P2068,1968,0.5,0.2,4.7,34.3,45.6,409.2,667.6,188.1,86.3,178.4,43.8,0.0,1658.7,0.7,84.6,1351.2,222.2,2070,,NADIA,
West Bengal,Nadia,IMD110-P2068,1969,2.4,6.3,34.6,87.3,111.6,131.0,270.5,366.8,318.4,42.3,31.3,0.0,1402.5,8.7,233.5,1086.7,73.6,2070,,NADIA,
West Bengal,Nadia,IMD110-P2068,1970,9.4,21.2,36.7,23.3,98.4,411.0,393.1,171.4,591.8,179.9,3.0,0.0,1939.2,30.6,158.4,1567.3,182.9,2070,,NADIA,
West Bengal,Nadia,IMD110-P2068,1971,7.8,7.0,10.0,244.0,108.2,237.1,355.6,514.9,180.6,63.8,16.3,0.0,1745.3,14.8,362.2,1288.2,80.1,2070,,NADIA,
West Bengal,Nadia,IMD110-P2068,1972,0.0,32.2,34.0,13.0,57.7,180.2,218.6,248.7,144.8,18.4,1.5,0.0,949.1,32.2,104.7,792.3,19.9,2070,,NADIA,
West Bengal,Nadia,IMD110-P2068,1973,12.0,11.1,59.6,36.6,203.3,289.1,205.6,238.4,258.1,181.2,12.0,30.2,1537.2,23.1,299.5,991.2,223.4,2070,,NADIA,
West Bengal,Nadia,IMD110-P2068,1974,2.2,0.0,127.7,108.5,218.6,151.4,589.5,373.0,201.7,153.2,0.2,0.0,1926.0,2.2,454.8,1315.6,153.4,2070,,NADIA,
West Bengal,Nadia,IMD110-P2068,1975,0.0,5.2,4.8,20.2,95.5,142.8,494.3,253.9,228.1,56.1,41.6,0.0,1342.5,5.2,120.5,1119.1,97.7,2070,,NADIA,
West Bengal,Nadia,IMD110-P2068,1976,0.0,44.4,0.0,140.1,268.7,154.7,185.9,364.3,186.6,6.0,7.1,0.0,1357.8,44.4,408.8,891.5,13.1,2070,,NADIA,
West Bengal,Nadia,IMD110-P2068,1977,6.8,31.1,0.0,135.4,118.5,343.5,610.8,203.1,81.1,110.8,15.3,,,37.9,253.9,1238.5,,2070,missing_months,NADIA,
West Bengal,Nadia,IMD110-P2068,1978,0.0,0.0,43.7,24.4,66.8,139.0,164.5,109.9,256.8,61.4,0.0,0.0,866.5,0.0,134.9,670.2,61.4,2070,,NADIA,
West Bengal,Nadia,IMD110-P2068,1979,24.0,11.0,0.2,0.0,36.2,42.6,170.5,98.9,98.7,23.1,0.0,27.0,532.2,35.0,36.4,410.7,50.1,2070,,NADIA,
West Bengal,Nadia,IMD110-P2068,1980,16.0,,25.0,6.0,111.0,221.7,214.5,117.5,60.9,73.2,0.0,0.0,,,142.0,614.6,73.2,2070,missing_months,NADIA,
West Bengal,Nadia,IMD110-P2068,1981,0.0,16.0,12.4,53.0,232.3,97.9,182.8,157.0,107.1,0.0,0.0,67.0,925.5,16.0,297.7,544.8,67.0,2070,,NADIA,
West Bengal,Nadia,IMD110-P2068,1982,,19.0,63.7,50.8,50.4,139.4,152.3,281.9,62.8,0.0,21.6,0.0,,,164.8,636.5,21.6,2070,missing_months,NADIA,
West Bengal,Nadia,IMD110-P2068,1983,0.0,14.9,61.0,33.2,201.2,163.4,164.4,301.5,77.3,321.2,0.0,24.5,1362.6,14.9,295.5,706.5,345.7,2070,,NADIA,
West Bengal,Nadia,IMD110-P2068,1984,3.9,1.5,5.0,99.2,120.6,336.7,331.0,348.0,255.7,77.7,0.0,0.0,1579.2,5.4,224.8,1271.3,77.7,2070,,NADIA,
West Bengal,Nadia,IMD110-P2068,1985,6.1,8.1,6.9,1.5,89.2,206.8,261.9,279.5,120.0,86.3,1.0,0.0,1067.3,14.3,97.6,868.2,87.3,2070,,NADIA,
West Bengal,Nadia,IMD110-P2068,1986,1.6,0.6,0.6,63.3,156.9,142.4,316.9,134.8,383.4,196.7,57.6,13.3,1468.1,2.2,220.8,977.5,267.6,2070,,NADIA,
West Bengal,Nadia,IMD110-P2068,1987,0.0,0.1,15.0,76.9,68.3,199.3,428.3,,66.2,12.4,2.2,8.3,,0.1,160.2,,22.8,2070,missing_months,NADIA,
West Bengal,Nadia,IMD110-P2068,1988,0.5,21.5,30.5,7.1,,382.5,391.4,293.2,177.7,184.4,73.1,5.9,,22.0,,1244.8,263.4,2070,missing_months,NADIA,
West Bengal,Nadia,IMD110-P2068,1990,37.0,19.0,0.0,0.0,0.0,,13.0,0.0,0.0,,0.0,,,56.0,0.0,,,2070,missing_months,NADIA,
West Bengal,Nadia,IMD110-P2068,1991,16.9,12.4,28.1,35.0,34.4,116.3,135.0,160.5,218.8,125.0,0.3,93.1,975.6,29.4,97.4,630.5,218.3,2070,,NADIA,
West Bengal,Nadia,IMD110-P2068,1992,12.0,84.1,0.0,5.7,58.0,236.2,285.2,99.9,0.0,0.0,1.1,0.0,782.3,96.1,63.8,621.3,1.1,2070,,NADIA,
West Bengal,Nadia,IMD110-P2068,1993,0.0,0.0,0.0,0.0,,113.6,175.8,178.8,144.4,0.0,0.0,0.6,,0.0,,612.6,0.6,2070,missing_months,NADIA,
West Bengal,Nadia,IMD110-P2068,1994,0.0,10.0,0.0,15.0,0.0,108.1,,,0.0,0.0,0.0,0.0,,10.0,15.0,,0.0,2070,missing_months,NADIA,
West Bengal,Nadia,IMD110-P2068,1995,15.0,0.0,0.0,0.0,,,,,,,,0.0,,15.0,,,,2070,missing_months,NADIA,
West Bengal,Nadia,IMD110-P2068,1996,,,,,,,235.2,,191.9,0.0,,,,,,,,2070,missing_months,NADIA,
West Bengal,Nadia,IMD110-P2068,1997,12.0,24.9,3.7,33.7,162.8,220.3,662.8,289.8,178.7,18.7,15.7,25.5,1648.3,36.8,200.1,1351.5,59.9,2070,,NADIA,
West Bengal,Nadia,IMD110-P2068,1998,75.0,24.2,102.3,122.5,91.9,22.8,326.9,255.7,267.1,97.7,103.4,0.0,1489.5,99.2,316.7,872.5,201.1,2070,,NADIA,
West Bengal,Nadia,IMD110-P2068,1999,0.0,0.0,0.0,21.1,157.7,272.3,368.4,365.2,720.2,192.8,3.0,0.0,2100.6,0.0,178.8,1726.0,195.8,2070,,NADIA,
West Bengal,Nadia,IMD110-P2068,2000,7.6,30.1,2.9,18.5,230.0,76.3,334.7,122.4,648.2,183.9,0.0,0.0,1654.5,37.7,251.4,1181.6,183.9,2070,,NADIA,
West Bengal,Nadia,IMD110-P2068,2001,0.0,0.0,7.6,23.4,368.9,469.3,151.3,87.9,183.8,140.1,1.4,0.0,1433.7,0.0,399.9,892.3,141.5,2070,,NADIA,
West Bengal,Nadia,IMD110-P2068,2002,18.8,1.6,29.0,62.1,54.7,283.8,316.3,285.7,147.0,82.2,32.3,0.0,1313.6,20.4,145.9,1032.8,114.5,2070,,NADIA,
West Bengal,Nadia,IMD110-P2068,2003,0.0,3.0,6.1,2.4,11.2,260.1,241.8,132.3,144.2,196.4,0.0,10.8,1008.3,3.0,19.7,778.4,207.2,2071,,NADIA,
West Bengal,Nadia,IMD110-P2068,2004,0.8,0.0,0.2,51.9,75.0,182.3,125.4,204.5,487.3,180.6,0.0,5.1,1312.9,0.8,127.0,999.5,185.7,2071,,NADIA,
West Bengal,Nadia,IMD110-P2068,2005,13.4,4.3,53.5,10.9,34.5,168.0,263.5,108.9,114.1,386.0,0.0,4.2,1161.5,17.7,98.9,654.6,390.3,2071,,NADIA,
West Bengal,Nadia,IMD110-P2068,2006,0.0,0.0,0.1,6.0,134.2,110.3,291.3,191.2,400.0,73.7,1.7,0.0,1208.4,0.0,140.3,992.7,75.4,2071,,NADIA,
West Bengal,Nadia,IMD110-P2068,2007,0.0,65.4,34.1,17.8,121.2,124.5,385.0,137.2,397.4,87.5,2.0,0.0,1372.1,65.4,173.1,1044.1,89.5,2071,,NADIA,
West Bengal,Nadia,IMD110-P2068,2008,25.2,12.0,3.2,3.8,134.8,261.5,258.3,148.3,257.4,137.1,0.0,2.2,1243.8,37.2,141.8,925.5,139.3,2071,,NADIA,
West Bengal,Nadia,IMD110-P2068,2009,0.0,0.2,4.7,0.0,193.8,90.9,164.8,228.9,303.5,76.0,0.1,0.0,1062.9,0.2,198.5,788.1,76.1,2071,,NADIA,
West Bengal,Nadia,IMD110-P2068,2010,,,,,,,126.9,89.3,169.8,,7.3,44.3,,,,,,2071,missing_months,NADIA,
West Bengal,West Midnapore,IMD110-P2072,1901,57.7,87.1,11.3,61.7,120.3,164.6,267.9,329.0,333.7,45.0,112.3,0.0,1590.5,144.8,193.2,1095.2,157.3,2072,,WEST MIDNAPORE,
West Bengal,West Midnapore,IMD110-P2072,1902,0.0,0.0,31.5,138.5,181.1,130.8,382.5,313.9,151.8,15.6,8.7,15.5,1369.9,0.0,351.1,978.9,39.8,2072,,WEST MIDNAPORE,
West Bengal,West Midnapore,IMD110-P2072,1903,17.2,24.1,37.3,31.0,79.7,199.8,188.9,197.8,386.9,228.2,11.1,0.0,1401.9,41.3,148.0,973.4,239.2,2072,,WEST MIDNAPORE,
West Bengal,West Midnapore,IMD110-P2072,1904,0.0,26.1,42.5,15.1,110.7,318.1,406.1,283.5,146.7,22.3,0.3,0.1,1371.5,26.1,168.3,1154.4,22.7,2072,,WEST MIDNAPORE,
West Bengal,West Midnapore,IMD110-P2072,1905,38.0,62.3,96.1,86.8,104.4,102.7,493.5,312.7,288.3,80.4,0.0,6.9,1672.0,100.3,287.3,1197.1,87.3,2072,,WEST MIDNAPORE,
West Bengal,West Midnapore,IMD110-P2072,1906,42.3,130.3,71.5,2.0,91.3,183.9,350.3,218.3,173.6,129.9,27.7,0.0,1421.0,172.6,164.8,926.1,157.5,2072,,WEST MIDNAPORE,
West Bengal,West Midnapore,IMD110-P2072,1907,0.0,22.7,78.4,45.7,110.8,401.7,145.5,314.9,257.9,10.9,0.0,44.4,1432.9,22.7,234.9,1119.9,55.4,2072,,WEST MIDNAPORE,
West Bengal,West Midnapore,IMD110-P2072,1908,26.8,1.9,2.9,3.1,161.7,315.8,390.5,356.5,158.7,30.3,0.0,0.0,1448.2,28.7,167.7,1221.6,30.3,2072,,WEST MIDNAPORE,
West Bengal,West Midnapore,IMD110-P2072,1909,8.5,8.8,1.1,207.3,67.0,256.7,255.6,481.1,281.6,48.7,1.1,13.9,1631.3,17.2,275.4,1275.0,63.7,2072,,WEST MIDNAPORE,
West Bengal,West Midnapore,IMD110-P2072,1910,22.4,36.1,6.1,48.7,105.9,237.3,295.9,206.1,214.9,178.8,0.0,0.0,1352.1,58.5,160.7,954.1,178.8,2072,,WEST MIDNAPORE,
West Bengal,West Midnapore,IMD110-P2072,1911,0.0,0.6,60.0,39.7,195.8,206.6,172.9,233.4,263.1,119.4,10.2,0.0,1301.6,0.6,295.5,875.9,129.6,2072,,WEST MIDNAPORE,
West Bengal,West Midnapore,IMD110-P2072,1912,0.3,39.6,96.9,47.5,81.1,216.2,307.3,272.8,188.3,160.0,72.6,0.0,1482.6,40.0,225.5,984.5,232.7,2072,,WEST MIDNAPORE,
West Bengal,West Midnapore,IMD110-P2072,1913,9.7,137.1,43.2,3.0,178.1,530.0,421.4,251.9,193.9,106.0,23.5,3.0,1900.7,146.8,224.3,1397.1,132.6,2072,,WEST MIDNAPORE,
West Bengal,West Midnapore,IMD110-P2072,1914,0.0,27.0,24.0,53.1,262.4,207.3,378.6,173.1,230.2,43.2,0.0,29.2,1428.1,27.0,339.5,989.2,72.4,2072,,WEST MIDNAPORE,
West Bengal,West Midnapore,IMD110-P2072,1915,13.0,6.2,59.7,38.0,78.1,252.0,242.0,239.3,302.1,115.4,66.5,0.0,1412.5,19.3,175.9,1035.4,182.0,2072,,WEST MIDNAPORE,
West Bengal,West Midnapore,IMD110-P2072,1916,0.0,0.1,3.3,48.6,47.7,400.1,137.8,289.9,277.9,269.6,125.0,0.0,1600.0,0.1,99.6,1105.7,394.6,2072,,WEST MIDNAPORE,
West Bengal,West Midnapore,IMD110-P2072,1917,0.0,52.3,21.8,50.6,217.5,429.0,287.5,242.8,192.5,370.4,18.9,0.0,1883.3,52.3,289.9,1151.7,389.3,2072,,WEST MIDNAPORE,
West Bengal,West Midnapore,IMD110-P2072,1918,1.4,0.0,17.5,50.5,159.6,308.3,183.8,328.6,159.1,0.7,0.3,3.0,1212.9,1.4,227.6,979.8,4.1,2072,,WEST MIDNAPORE,
West Bengal,West Midnapore,IMD110-P2072,1919,41.8,19.8,6.5,98.8,141.4,352.8,224.2,421.6,109.2,50.3,36.8,0.0,1503.1,61.6,246.6,1107.7,87.2,2072,,WEST MIDNAPORE,
West Bengal,West Midnapore,IMD110-P2072,1920,2.5,27.4,148.7,20.8,68.5,129.1,423.7,275.8,171.9,115.7,0.0,0.0,1384.2,30.0,238.1,1000.4,115.7,2072,,WEST MIDNAPORE,
West Bengal,West Midnapore,IMD110-P2072,1921,32.8,9.4,18.2,60.9,29.9,220.1,311.1,347.4,194.1,84.9,0.0,0.0,1308.9,42.2,109.0,1072.8,84.9,2072,,WEST MIDNAPORE,
West Bengal,West Midnapore,IMD110-P2072,1922,19.4,0.7,1.7,21.2,69.2,458.8,282.5,390.2,250.5,60.4,15.1,0.6,1570.2,20.1,92.1,1382.0,76.0,2072,,WEST MIDNAPORE,
West Bengal,West Midnapore,IMD110-P2072,1923,0.0,106.2,11.4,17.7,81.8,147.0,312.1,431.8,144.7,50.0,17.1,0.6,1320.5,106.2,110.9,1035.6,67.8,2072,,WEST MIDNAPORE,
West Bengal,West Midnapore,IMD110-P2072,1924,11.9,4.5,0.0,30.5,50.5,134.5,349.2,257.3,272.7,72.4,67.2,0.0,1250.9,16.5,81.0,1013.7,139.6,2072,,WEST MIDNAPORE,
West Bengal,West Midnapore,IMD110-P2072,1925,7.0,13.4,19.8,53.2,117.4,184.9,282.6,238.5,94.9,288.3,2.0,0.0,1302.1,20.4,190.4,801.0,290.3,2072,,WEST MIDNAPORE,
West Bengal,West Midnapore,IMD110-P2072,1926,18.6,3.0,153.4,19.2,73.6,71.6,637.2,550.3,264.8,88.0,0.4,2.8,1883.0,21.6,246.2,1523.9,91.2,2072,,WEST MIDNAPORE,
West Bengal,West Midnapore,IMD110-P2072,1927,10.5,24.9,3.2,28.3,72.3,257.8,426.7,313.2,143.8,70.1,7.3,0.0,1358.1,35.4,103.8,1141.5,77.4,2072,,WEST MIDNAPORE,
West Bengal,West Midnapore,IMD110-P2072,1928,11.4,3.0,2.6,76.8,106.7,403.9,454.0,343.9,120.4,140.4,0.0,0.6,1663.8,14.5,186.1,1322.2,141.1,2072,,WEST MIDNAPORE,
West Bengal,West Midnapore,IMD110-P2072,1929,48.7,8.4,43.2,49.3,55.1,208.3,477.0,377.1,142.6,356.9,0.0,22.6,1789.0,57.1,147.5,1205.0,379.5,2072,,WEST MIDNAPORE,
West Bengal,West Midnapore,IMD110-P2072,1930,0.1,13.6,19.3,24.9,92.7,181.7,362.8,307.8,280.0,28.5,78.9,3.2,1393.6,13.7,136.9,1132.3,110.6,2072,,WEST MIDNAPORE,
West Bengal,West Midnapore,IMD110-P2072,1931,3.1,104.0,36.0,20.9,82.9,116.7,335.4,269.5,174.6,226.2,48.2,1.2,1418.9,107.2,139.8,896.3,275.6,2072,,WEST MIDNAPORE,
West Bengal,West Midnapore,IMD110-P2072,1932,0.0,16.6,5.1,23.5,184.9,119.1,357.8,247.2,232.7,82.9,131.7,0.0,1401.4,16.6,213.5,956.7,214.6,2072,,WEST MIDNAPORE,
West Bengal,West Midnapore,IMD110-P2072,1933,15.8,73.5,11.4,41.5,146.3,311.8,372.0,524.3,298.9,148.7,4.9,0.8,1949.9,89.3,199.3,1506.9,154.4,2072,,WEST MIDNAPORE,
West Bengal,West Midnapore,IMD110-P2072,1934,1.4,17.4,0.2,41.4,55.4,217.7,186.4,281.2,182.9,88.0,14.9,10.5,1097.4,18.9,97.0,868.2,113.4,2073,,WEST MIDNAPORE,
West Bengal,West Midnapore,IMD110-P2072,1935,14.8,32.6,42.6,31.9,23.1,216.9,342.0,218.9,203.3,5.5,0.0,3.0,1134.5,47.3,97.6,981.0,8.6,2073,,WEST MIDNAPORE,
West Bengal,West Midnapore,IMD110-P2072,1936,6.0,11.8,9.1,28.4,231.8,362.7,259.1,254.4,177.7,84.3,2.4,4.2,1431.8,17.8,269.2,1053.9,90.9,2073,,WEST MIDNAPORE,
West Bengal,West Midnapore,IMD110-P2072,1937,0.0,126.4,19.7,29.2,151.7,357.7,230.0,224.1,365.5,81.1,0.8,0.0,1586.2,126.4,200.6,1177.3,81.9,2073,,WEST MIDNAPORE,
West Bengal,West Midnapore,IMD110-P2072,1938,28.4,14.0,3.1,4.1,162.0,191.3,214.2,318.0,85.5,97.5,26.0,0.0,1144.0,42.4,169.1,808.9,123.5,2073,,WEST MIDNAPORE,
West Bengal,West Midnapore,IMD110-P2072,1939,1.9,43.2,10.0,35.2,65.1,273.5,403.8,443.3,147.2,169.9,12.5,0.0,1605.5,45.1,110.3,1267.8,182.4,2073,,WEST MIDNAPORE,
West Bengal,West Midnapore,IMD110-P2072,1940,0.0,46.5,112.3,28.0,108.2,288.4,324.4,515.6,178.0,45.2,0.6,2.3,1649.5,46.5,248.6,1306.4,48.0,2073,,WEST MIDNAPORE,
West Bengal,West Midnapore,IMD110-P2072,1941,39.5,1.4,1.9,15.8,99.2,340.8,433.6,332.4,191.3,258.0,119.9,0.0,1834.0,41.0,116.9,1298.2,377.9,2073,,WEST MIDNAPORE,
West Bengal,West Midnapore,IMD110-P2072,1942,0.8,17.4,10.7,83.2,55.7,113.2,517.2,398.8,405.3,215.2,14.1,0.0,1831.6,18.2,149.6,1434.5,229.3,2073,,WEST MIDNAPORE,
West Bengal,West Midnapore,IMD110-P2072,1943,53.6,20.3,13.9,79.1,39.9,183.1,354.8,344.3,200.7,55.5,0.0,0.0,1345.1,73.9,132.9,1082.8,55.5,2073,,WEST MIDNAPORE,
West Bengal,West Midnapore,IMD110-P2072,1944,68.4,51.7,52.3,61.1,18.1,119.4,329.6,451.6,163.1,101.4,0.0,0.0,1416.8,120.1,131.5,1063.7,101.4,2073,,WEST MIDNAPORE,
West Bengal,West Midnapore,IMD110-P2072,1945,21.4,4.5,7.1,71.9,153.2,201.7,172.6,217.5,238.9,264.1,0.0,0.0,1352.9,25.9,232.2,830.7,264.1,2073,,WEST MIDNAPORE,
West Bengal,West Midnapore,IMD110-P2072,1946,0.0,2.5,6.3,167.9,171.7,290.8,359.0,404.6,361.9,124.7,48.9,0.0,1938.3,2.5,346.0,1416.2,173.6,2073,,WEST MIDNAPORE,
West Bengal,West Midnapore,IMD110-P2072,1947,6.4,34.6,43.7,7.0,104.2,136.7,283.1,265.3,230.3,76.6,1.0,49.2,1238.1,41.0,154.9,915.4,126.8,2073,,WEST MIDNAPORE,
West Bengal,West Midnapore,IMD110-P2072,1948,21.7,70.1,70.1,44.4,134.3,143.5,218.3,315.1,270.4,106.8,187.7,0.0,1582.4,91.7,248.8,947.4,294.5,2073,,WEST MIDNAPORE,
West Bengal,West Midnapore,IMD110-P2072,1949,12.8,2.1,24.7,160.5,176.7,222.7,316.5,285.8,254.8,127.7,0.0,0.0,1584.3,14.9,361.9,1079.8,127.7,2073,,WEST MIDNAPORE,
West Bengal,West Midnapore,IMD110-P2072,1950,0.0,9.4,30.7,23.3,103.6,416.7,401.3,366.7,239.3,69.1,164.5,0.0,1824.7,9.4,157.6,1424.1,233.6,2073,,WEST MIDNAPORE,
West Bengal,West Midnapore,IMD110-P2072,1951,0.0,0.0,122.0,23.1,110.7,165.5,270.4,215.2,212.6,95.7,39.4,0.0,1254.7,0.0,255.9,863.7,135.1,2073,,WEST MIDNAPORE,
West Bengal,West Midnapore,IMD110-P2072,1952,0.0,0.5,19.8,83.1,85.1,171.7,513.6,186.0,159.3,147.0,0.3,0.0,1366.4,0.5,188.1,1030.6,147.3,2073,,WEST MIDNAPORE,
West Bengal,West Midnapore,IMD110-P2072,1953,21.7,17.2,0.1,15.7,62.7,352.9,325.5,424.8,314.8,71.0,31.3,0.0,1637.6,38.9,78.4,1418.0,102.3,2073,,WEST MIDNAPORE,
West Bengal,West Midnapore,IMD110-P2072,1954,7.0,3.4,0.0,8.0,89.7,149.7,131.7,226.5,227.6,22.3,0.0,41.2,906.9,10.4,97.7,735.5,63.4,2073,,WEST MIDNAPORE,
West Bengal,West Midnapore,IMD110-P2072,1955,0.0,0.3,5.2,27.9,16.7,138.4,343.2,291.5,264.5,129.2,104.9,0.0,1321.9,0.3,49.8,1037.6,234.2,2073,,WEST MIDNAPORE,
West Bengal,West Midnapore,IMD110-P2072,1956,2.3,28.8,78.3,17.9,230.6,410.0,320.5,308.1,258.9,202.5,5.4,0.0,1863.4,31.1,326.9,1297.5,207.9,2073,,WEST MIDNAPORE,
West Bengal,West Midnapore,IMD110-P2072,1957,52.4,43.3,11.0,7.7,27.7,202.3,295.3,204.8,270.1,29.0,0.0,0.0,1143.8,95.8,46.5,972.5,29.0,2073,,WEST MIDNAPORE,
West Bengal,West Midnapore,IMD110-P2072,1958,13.6,22.2,34.9,32.0,95.8,58.8,314.6,189.9,462.2,92.2,11.5,0.0,1327.6,35.7,162.7,1025.4,103.7,2073,,WEST MIDNAPORE,
West Bengal,West Midnapore,IMD110-P2072,1959,32.5,17.4,26.7,37.3,110.7,155.7,286.1,245.4,455.2,263.8,0.1,0.9,1631.9,50.0,174.7,1142.5,264.8,2073,,WEST MIDNAPORE,
West Bengal,West Midnapore,IMD110-P2072,1960,0.3,4.8,45.2,1.8,166.3,118.0,272.4,397.4,317.7,95.0,0.0,0.0,1419.0,5.2,213.3,1105.6,95.0,2073,,WEST MIDNAPORE,
West Bengal,West Midnapore,IMD110-P2072,1961,5.0,95.2,0.0,31.5,99.5,386.3,147.5,250.7,310.3,64.0,0.2,0.0,1390.0,100.2,131.0,1094.7,64.1,2073,,WEST MIDNAPORE,
West Bengal,West Midnapore,IMD110-P2072,1962,7.9,8.6,11.7,62.3,86.7,163.2,232.2,229.3,317.1,152.8,0.0,0.0,1271.8,16.5,160.6,941.7,152.8,2073,,WEST MIDNAPORE,
West Bengal,West Midnapore,IMD110-P2072,1963,0.0,3.4,10.3,70.4,105.6,252.6,283.6,173.3,324.4,128.3,6.6,0.0,1358.5,3.4,186.3,1033.9,134.9,2073,,WEST MIDNAPORE,
West Bengal,West Midnapore,IMD110-P2072,1964,2.3,26.6,21.6,43.7,37.5,104.6,387.3,229.2,244.5,100.1,2.3,0.0,1199.7,28.9,102.8,965.6,102.4,2073,,WEST MIDNAPORE,
West Bengal,West Midnapore,IMD110-P2072,1965,0.5,29.3,48.9,35.3,53.6,162.3,223.8,213.0,188.0,135.3,0.0,0.0,1089.9,29.8,137.8,787.1,135.3,2073,,WEST MIDNAPORE,
West Bengal,West Midnapore,IMD110-P2072,1966,29.3,10.9,10.2,33.0,25.2,376.1,180.8,237.1,212.7,101.9,38.8,0.2,1256.1,40.2,68.4,1006.6,140.8,2073,,WEST MIDNAPORE,
West Bengal,West Midnapore,IMD110-P2072,1967,73.7,6.7,56.0,94.2,37.3,178.8,251.1,356.6,380.8,30.4,7.3,0.0,1472.9,80.4,187.5,1167.3,37.7,2073,,WEST MIDNAPORE,
West Bengal,West Midnapore,IMD110-P2072,1968,4.0,1.7,0.0,14.9,40.5,343.8,564.8,582.8,70.0,118.9,26.9,0.0,1768.3,5.6,55.4,1561.4,145.8,2074,,WEST MIDNAPORE,
West Bengal,West Midnapore,IMD110-P2072,1969,6.2,2.0,7.3,109.7,109.8,110.9,274.0,483.0,367.8,31.1,1.1,1.0,1504.0,8.2,226.8,1235.8,33.1,2074,,WEST MIDNAPORE,
West Bengal,West Midnapore,IMD110-P2072,1970,12.0,13.7,45.2,14.9,90.4,205.4,255.9,229.2,468.3,62.5,9.1,0.0,1406.6,25.7,150.5,1158.8,71.6,2074,,WEST MIDNAPORE,
West Bengal,West Midnapore,IMD110-P2072,1971,30.5,6.2,15.3,173.3,123.3,176.0,532.5,549.7,280.5,302.9,17.5,0.0,2207.8,36.7,311.9,1538.7,320.5,2074,,WEST MIDNAPORE,
West Bengal,West Midnapore,IMD110-P2072,1972,0.0,62.8,11.0,63.2,17.5,170.8,313.7,920.0,459.9,34.3,0.0,0.0,2053.1,62.8,91.7,1864.3,34.3,2074,,WEST MIDNAPORE,
West Bengal,West Midnapore,IMD110-P2072,1973,0.0,16.5,46.1,25.2,109.7,179.5,312.2,331.4,430.2,266.1,15.1,26.1,1758.3,16.5,181.0,1253.4,307.3,2074,,WEST MIDNAPORE,
West Bengal,West Midnapore,IMD110-P2072,1974,0.0,0.0,62.0,41.3,100.6,118.3,427.9,482.3,200.4,166.9,0.2,0.0,1599.9,0.0,203.9,1229.0,167.1,2074,,WEST MIDNAPORE,
West Bengal,West Midnapore,IMD110-P2072,1975,21.1,27.0,11.9,80.1,96.4,195.0,190.7,412.1,341.8,153.0,24.5,0.0,1553.6,48.2,188.4,1139.5,177.5,2074,,WEST MIDNAPORE,
West Bengal,West Midnapore,IMD110-P2072,1976,0.0,46.2,68.1,45.7,75.5,150.4,352.5,256.9,219.5,49.3,6.4,3.3,1273.9,46.2,189.3,979.3,59.1,2074,,WEST MIDNAPORE,
West Bengal,West Midnapore,IMD110-P2072,1977,32.1,6.6,1.5,91.7,181.6,327.0,570.8,301.4,169.7,71.7,36.4,46.0,1836.6,38.7,274.8,1368.9,154.1,2074,,WEST MIDNAPORE,
West Bengal,West Midnapore,IMD110-P2072,1978,2.3,24.8,68.0,65.6,176.0,244.4,353.0,295.6,503.2,192.9,12.6,6.6,1945.1,27.1,309.6,1396.3,212.1,2074,,WEST MIDNAPORE,
West Bengal,West Midnapore,IMD110-P2072,1979,13.8,4.1,5.1,43.5,66.8,321.7,287.8,235.0,167.6,24.4,0.4,17.5,1187.7,17.9,115.4,1012.0,42.3,2074,,WEST MIDNAPORE,
West Bengal,West Midnapore,IMD110-P2072,1980,8.3,20.6,121.0,14.6,134.1,217.1,442.9,226.3,167.3,29.0,0.2,0.0,1381.3,28.9,269.7,1053.6,29.2,2074,,WEST MIDNAPORE,
West Bengal,West Midnapore,IMD110-P2072,1981,16.1,65.2,112.4,79.9,291.3,198.3,399.0,317.3,178.9,4.7,0.0,61.9,1724.8,81.3,483.5,1093.4,66.6,2074,,WEST MIDNAPORE,
West Bengal,West Midnapore,IMD110-P2072,1982,2.7,101.7,142.7,81.4,13.3,301.0,306.1,266.8,138.4,20.1,5.7,0.0,1379.9,104.4,237.4,1012.3,25.7,2074,,WEST MIDNAPORE,
West Bengal,West Midnapore,IMD110-P2072,1983,0.0,108.4,68.1,59.7,88.8,162.6,120.9,342.5,138.9,122.1,0.0,5.3,1217.3,108.4,216.6,764.9,127.4,2074,,WEST MIDNAPORE,
West Bengal,West Midnapore,IMD110-P2072,1984,11.4,0.9,0.4,93.2,92.5,453.5,381.0,581.3,223.1,83.6,0.0,0.0,1920.8,12.3,186.1,1638.9,83.6,2074,,WEST MIDNAPORE,
West Bengal,West Midnapore,IMD110-P2072,1985,4.8,19.5,14.6,60.5,105.7,305.5,191.8,438.0,186.5,185.1,0.0,0.0,1511.9,24.3,180.8,1121.8,185.1,2074,,WEST MIDNAPORE,
West Bengal,West Midnapore,IMD110-P2072,1986,16.3,9.9,14.3,59.9,195.9,214.8,263.2,219.6,576.5,176.1,48.9,3.7,1799.0,26.3,270.0,1274.0,228.8,2074,,WEST MIDNAPORE,
West Bengal,West Midnapore,IMD110-P2072,1987,0.8,11.6,20.0,66.3,100.2,114.4,475.0,307.9,244.3,46.7,61.8,8.1,1457.1,12.4,186.4,1141.7,116.6,2074,,WEST MIDNAPORE,
West Bengal,West Midnapore,IMD110-P2072,1988,0.0,6.7,68.0,68.6,155.4,332.0,328.2,291.3,229.9,96.0,14.6,0.0,1590.7,6.7,292.0,1181.4,110.6,2074,,WEST MIDNAPORE,
West Bengal,West Midnapore,IMD110-P2072,1989,0.9,0.0,4.8,2.0,284.4,488.6,364.4,344.2,181.4,136.0,0.0,3.2,1809.9,0.9,291.2,1378.6,139.2,2074,,WEST MIDNAPORE,
West Bengal,West Midnapore,IMD110-P2072,1990,0.0,35.0,152.6,133.2,220.8,364.4,563.4,299.6,375.2,155.2,37.3,10.4,2347.1,35.0,506.6,1602.6,202.9,2074,,WEST MIDNAPORE,
West Bengal,West Midnapore,IMD110-P2072,1991,37.5,2.4,67.5,72.9,90.2,169.6,390.0,316.1,198.3,115.8,23.4,18.5,1502.1,39.9,230.6,1074.0,157.7,2074,,WEST MIDNAPORE,
West Bengal,West Midnapore,IMD110-P2072,1992,18.1,35.6,0.2,30.7,164.1,370.9,393.4,283.1,171.1,34.1,0.7,0.0,1502.0,53.7,194.9,1218.5,34.8,2074,,WEST MIDNAPORE,
West Bengal,West Midnapore,IMD110-P2072,1993,0.1,0.7,43.6,77.1,141.4,442.5,359.0,519.2,481.1,88.2,17.5,0.0,2170.4,0.8,262.1,1801.8,105.8,2074,,WEST MIDNAPORE,
West Bengal,West Midnapore,IMD110-P2072,1994,34.2,55.0,8.1,126.7,90.8,397.4,425.5,354.3,296.7,52.0,2.7,0.0,1843.4,89.2,225.5,1473.9,54.7,2074,,WEST MIDNAPORE,
West Bengal,West Midnapore,IMD110-P2072,1995,24.8,8.8,5.8,22.8,122.0,207.2,243.4,341.0,301.1,92.1,154.4,0.0,1523.3,33.5,150.6,1092.6,246.5,2074,,WEST MIDNAPORE,
West Bengal,West Midnapore,IMD110-P2072,1996,11.2,10.3,16.1,44.4,85.5,412.1,330.7,337.9,119.2,64.2,0.0,,,21.5,146.0,1199.9,,2074,missing_months,WEST MIDNAPORE,
West Bengal,West Midnapore,IMD110-P2072,1997,26.0,22.1,59.9,76.6,81.7,302.7,387.4,453.5,215.2,19.7,36.0,38.4,1719.0,48.1,218.1,1358.8,94.1,2074,,WEST MIDNAPORE,
West Bengal,West Midnapore,IMD110-P2072,1998,50.1,38.6,153.6,56.3,105.3,196.6,229.9,121.5,281.5,142.2,58.2,0.0,1433.9,88.7,315.2,829.6,200.4,2074,,WEST MIDNAPORE,
West Bengal,West Midnapore,IMD110-P2072,1999,0.0,4.6,4.7,33.3,326.8,209.2,384.0,433.4,350.4,213.8,20.9,0.0,1981.1,4.6,364.8,1376.9,234.8,2074,,WEST MIDNAPORE,
West Bengal,West Midnapore,IMD110-P2072,2000,2.6,61.9,0.3,59.3,175.0,245.4,326.0,198.5,188.8,24.4,0.0,0.0,1282.1,64.5,234.6,958.6,24.4,2074,,WEST MIDNAPORE,
West Bengal,West Midnapore,IMD110-P2072,2001,0.8,1.4,53.9,70.9,176.2,339.5,354.5,257.9,160.0,189.8,5.5,0.0,1610.4,2.2,300.9,1111.9,195.3,2074,,WEST MIDNAPORE,
West Bengal,West Midnapore,IMD110-P2072,2002,36.5,2.2,32.3,100.6,128.5,328.9,330.3,229.5,422.6,45.3,51.2,0.0,1707.8,38.7,261.4,1311.3,96.4,2075,,WEST MIDNAPORE,
West Bengal,West Midnapore,IMD110-P2072,2003,0.2,2.9,96.5,21.3,89.9,295.1,273.6,266.5,108.1,391.5,0.8,13.2,1559.6,3.1,207.7,943.3,405.5,2075,,WEST MIDNAPORE,
West Bengal,West Midnapore,IMD110-P2072,2004,7.2,3.3,11.4,54.6,75.3,312.7,248.6,396.3,192.7,150.7,0.0,0.0,1452.7,10.5,141.3,1150.3,150.7,2075,,WEST MIDNAPORE,
West Bengal,West Midnapore,IMD110-P2072,2005,9.7,2.8,79.6,49.0,139.9,181.0,299.2,239.0,361.0,315.8,0.0,2.6,1679.6,12.6,268.4,1080.2,318.4,2075,,WEST MIDNAPORE,
West Bengal,West Midnapore,IMD110-P2072,2006,0.0,0.0,12.8,56.9,113.9,152.4,417.6,446.8,333.7,40.9,1.0,0.0,1576.0,0.0,183.6,1350.5,41.9,2075,,WEST MIDNAPORE,
West Bengal,West Midnapore,IMD110-P2072,2007,2.1,61.2,102.8,49.7,47.1,287.6,766.6,370.5,458.9,12.4,11.5,0.0,2170.4,63.3,199.6,1883.5,24.0,2075,,WEST MIDNAPORE,
West Bengal,West Midnapore,IMD110-P2072,2008,72.8,6.3,20.6,102.4,110.6,793.1,314.2,263.6,338.9,48.5,0.0,0.0,2071.0,79.1,233.6,1709.8,48.5,2075,,WEST MIDNAPORE,
West Bengal,West Midnapore,IMD110-P2072,2009,0.0,0.0,29.6,5.7,381.6,54.1,223.6,279.8,276.4,58.5,4.3,0.0,1313.6,0.0,416.9,834.0,62.8,2075,,WEST MIDNAPORE,
West Bengal,West Midnapore,IMD110-P2072,2010,0.1,0.8,1.0,1.5,246.0,199.6,201.6,147.4,200.7,100.7,3.1,15.7,1118.2,0.9,248.5,749.4,119.5,2075,,WEST MIDNAPORE,
