{"type":"FeatureCollection","features":[{"type":"Feature","properties":{"k":"NAGAVALI","n":"Nagavali","b":"Nagavali"},"geometry":{"type":"Polygon","coordinates":[[[83.2624,19.7237],[83.3984,19.6391],[83.4109,19.4804],[83.5983,19.3881],[83.5198,19.2265],[83.5347,19.1304],[83.6556,18.9336],[83.8155,18.8374],[83.7468,18.7983],[83.8556,18.7094],[83.8666,18.4562],[83.9209,18.3514],[84.0505,18.2603],[83.8563,18.1655],[83.7808,18.3221],[83.4502,18.4092],[83.3895,18.4914],[83.2109,18.4502],[83.1467,18.3508],[82.9488,18.3297],[82.8914,18.3892],[82.984,18.5232],[82.9612,18.5912],[83.018,18.6345],[82.9827,18.6751],[83.0525,18.7282],[82.9896,18.7781],[83.0805,18.9545],[83.0387,19.0991],[83.1071,19.1303],[83.0871,19.1992],[83.1371,19.2195],[83.1462,19.3783],[83.1021,19.3963],[83.1591,19.4833],[83.0785,19.5172],[83.0708,19.6219],[83.1427,19.621],[83.2624,19.7237]]]}},{"type":"Feature","properties":{"k":"BHAGIRATHI","n":"Bhagirathi","b":"Bhagirathi"},"geometry":{"type":"Polygon","coordinates":[[[79.414,31.0748],[79.3077,31.0142],[79.3231,30.9607],[79.2646,30.9555],[79.2793,30.8768],[79.225,30.8091],[79.2764,30.7248],[79.0395,30.8089],[79.0165,30.7486],[78.9236,30.7147],[78.8243,30.4823],[78.8377,30.3571],[78.6911,30.3796],[78.5975,30.3284],[78.5993,30.1437],[78.4237,30.2299],[78.368,30.4019],[78.273,30.4188],[78.2924,30.5052],[78.1644,30.5876],[78.1685,30.6893],[78.2349,30.716],[78.235,30.7689],[78.5756,30.9429],[78.5464,31.1002],[78.6225,31.2186],[78.8091,31.1979],[78.8407,31.2336],[78.7952,31.2549],[78.864,31.3171],[78.9285,31.2556],[79.0637,31.4653],[79.2373,31.3321],[79.3003,31.1648],[79.414,31.0748]]]}},{"type":"Feature","properties":{"k":"MUNNERU","n":"Munneru","b":"Krishna"},"geometry":{"type":"Polygon","coordinates":[[[79.9723,18.1042],[80.0092,18.0206],[80.1587,17.9687],[80.2476,17.8548],[80.2578,17.7569],[80.3572,17.7425],[80.3368,17.6417],[80.4359,17.4703],[80.4074,17.4114],[80.5509,17.3786],[80.5632,17.3119],[80.8077,17.2963],[80.798,17.0633],[80.8431,17.0409],[80.8151,16.9118],[80.7679,16.9516],[80.577,16.9129],[80.5522,16.8038],[80.4493,16.8],[80.3324,16.6876],[80.3251,16.6199],[80.2582,16.6477],[80.1626,16.7947],[80.1645,16.9181],[80.0886,17.0038],[80.0905,17.2046],[80.039,17.3071],[79.5094,17.6383],[79.3797,17.8027],[79.3007,17.8049],[79.2281,17.8876],[79.1369,17.8637],[79.2043,17.9309],[79.2037,17.9989],[79.3554,17.9764],[79.5046,17.8856],[79.6373,17.952],[79.7693,17.948],[79.9723,18.1042]]]}},{"type":"Feature","properties":{"k":"ARKAVATHI","n":"Arkavathi","b":"Cauvery"},"geometry":{"type":"Polygon","coordinates":[[[77.6842,12.66],[77.6178,12.5917],[77.6636,12.4906],[77.6125,12.35],[77.5283,12.2793],[77.4311,12.2914],[77.3385,12.3919],[77.2965,12.4965],[77.3273,12.5358],[77.2342,12.7103],[77.303,12.8224],[77.2067,13.0159],[77.2403,13.28],[77.3663,13.2606],[77.4401,13.3693],[77.6835,13.3686],[77.5294,13.046],[77.5943,13.0056],[77.5748,12.8127],[77.6842,12.66]]]}},{"type":"Feature","properties":{"k":"BENOHALLA","n":"Benohalla","b":"WFR from Tapi to Tadri"},"geometry":{"type":"Polygon","coordinates":[[[74.6187,15.4688],[74.5544,15.556],[74.4763,15.4989],[74.4104,15.5113],[74.3892,15.5526],[74.4443,15.6307],[74.2326,15.6763],[74.221,15.7455],[74.3786,15.7435],[74.4764,15.8294],[74.5286,15.7576],[74.7073,15.8799],[74.9665,15.9],[75.0699,16.0587],[75.2664,16.0946],[75.3886,16.0222],[75.5419,16.0261],[75.5999,16.0815],[75.7464,16.0842],[75.8429,16.2212],[75.9871,16.247],[76.1155,16.1591],[76.1193,16.1164],[75.9549,15.9862],[75.9637,15.864],[76.043,15.7296],[75.8899,15.6433],[75.6611,15.344],[75.4627,15.2035],[75.4633,15.1583],[75.3868,15.1015],[75.1897,15.0976],[75.1382,14.9738],[75.1092,15.1121],[75.1992,15.2239],[75.1526,15.3703],[74.9443,15.4349],[74.86,15.5523],[74.8177,15.5229],[74.6942,15.5665],[74.6277,15.5299],[74.6187,15.4688]],[[75.1841,15.7984],[75.1832,15.7984],[75.1832,15.7975],[75.1841,15.7976],[75.1841,15.7984]]]}},{"type":"Feature","properties":{"k":"JIABHARALIATNTROADXING","n":"Jiabharali at NT road Xing","b":"Brahmaputra"},"geometry":{"type":"Polygon","coordinates":[[[92.5167,27.8396],[92.5621,27.8205],[92.7349,27.9779],[92.9311,27.9232],[92.9764,27.8232],[93.1953,27.8462],[93.2373,27.8007],[93.1964,27.674],[93.2296,27.6036],[93.331,27.556],[93.295,27.5215],[93.373,27.3707],[93.22,27.2158],[93.3067,27.17],[93.1065,27.1065],[93.089,27.0598],[93.1353,27.0411],[93.0943,26.9588],[92.9831,26.9323],[92.8727,26.8205],[92.7781,26.8731],[92.8057,26.9434],[92.5544,26.9951],[92.5259,27.0516],[92.4268,27.056],[92.4079,27.1221],[92.3232,27.1148],[92.2771,27.0424],[92.2164,27.0708],[92.1112,27.2344],[92.044,27.2608],[92.1247,27.2866],[92.063,27.3263],[92.0264,27.4924],[92.2257,27.5634],[92.2461,27.6458],[92.416,27.6692],[92.4468,27.801],[92.5167,27.8396]]]}},{"type":"Feature","properties":{"k":"CAUVERYTILLSUVARNAVATHICONFLUENCE","n":"Cauvery till Suvarnavathi Confluence","b":"Cauvery"},"geometry":{"type":"Polygon","coordinates":[[[77.2336,12.3135],[77.1941,11.6395],[77.0947,11.5804],[77.0407,11.6364],[76.9926,11.6119],[76.9702,11.6652],[76.8762,11.6346],[76.7876,11.7807],[76.8703,11.9686],[76.8488,12.0854],[76.9299,12.32],[77.2336,12.3135]]]}},{"type":"Feature","properties":{"k":"UPPERGANGA","n":"Upper Ganga","b":"Ganga"},"geometry":{"type":"Polygon","coordinates":[[[78.273,30.4188],[78.368,30.4019],[78.4151,30.2388],[78.57,30.1391],[78.7064,30.1746],[78.8212,30.1185],[78.8554,30.1676],[79.0788,30.2187],[79.2017,30.0631],[79.1058,29.9869],[79.1214,29.7736],[78.8226,29.7806],[78.6894,29.8358],[78.6313,29.9371],[78.5512,29.8265],[78.4713,29.7981],[78.3826,29.5821],[78.3046,29.561],[78.2164,29.344],[78.2523,29.1145],[78.182,29.0393],[78.1677,28.9022],[78.2312,28.6973],[78.2025,28.6366],[78.3216,28.4473],[78.3319,28.2992],[78.4324,28.2324],[78.3862,28.1862],[78.3001,28.1976],[78.3179,28.2452],[78.2031,28.3346],[78.1742,28.4828],[78.0337,28.6591],[78.0425,28.8069],[77.9344,29.1213],[77.9659,29.1837],[77.9039,29.2791],[77.9683,29.4332],[77.8464,29.6973],[77.8931,29.8592],[77.745,30.0331],[77.8476,30.2689],[77.9773,30.2478],[78.0959,30.3997],[78.0875,30.4566],[78.273,30.4188]]]}},{"type":"Feature","properties":{"k":"RAIDAK","n":"Raidak","b":"Brahmaputra"},"geometry":{"type":"Polygon","coordinates":[[[89.695,26.7356],[89.7726,26.7081],[89.7902,26.5844],[89.7241,26.496],[89.8057,26.2839],[89.7015,26.163],[89.631,26.3869],[89.6869,26.612],[89.6575,26.7183],[89.695,26.7356]]]}},{"type":"Feature","properties":{"k":"TORSA","n":"Torsa","b":"Brahmaputra"},"geometry":{"type":"Polygon","coordinates":[[[89.2431,26.6045],[89.3138,26.733],[89.2827,26.8265],[89.3809,26.8384],[89.475,26.9195],[89.5213,26.9138],[89.5726,26.8016],[89.6592,26.7718],[89.6869,26.612],[89.632,26.3641],[89.683,26.23],[89.6428,26.2255],[89.6551,26.1682],[89.5974,26.1608],[89.6307,26.124],[89.5983,26.1008],[89.6534,26.0683],[89.6068,26.066],[89.5815,25.9681],[89.4674,25.9995],[89.4685,26.2622],[89.2661,26.3344],[89.2738,26.4797],[89.2354,26.5116],[89.2431,26.6045]],[[89.2429,26.6011],[89.2439,26.601],[89.2439,26.6019],[89.243,26.6019],[89.2429,26.6011]],[[89.6001,26.1796],[89.6081,26.1797],[89.6054,26.1982],[89.5941,26.1915],[89.6001,26.1796]]]}},{"type":"Feature","properties":{"k":"TORSAINBHUTAN","n":"Torsa in Bhutan","b":"Brahmaputra"},"geometry":{"type":"Polygon","coordinates":[[[88.8738,27.9413],[88.9846,27.9296],[88.9921,27.8579],[89.0504,27.8304],[89.2679,27.8229],[89.1304,27.6363],[89.1629,27.5746],[89.0963,27.4721],[89.1779,27.3821],[89.1521,27.3188],[89.4129,27.1687],[89.5338,27.0004],[89.3809,26.8384],[89.2701,26.8225],[89.1913,26.9571],[88.9829,27.1429],[88.9198,27.3273],[88.7825,27.4499],[88.7638,27.5648],[88.8483,27.6682],[88.8738,27.9413]]]}},{"type":"Feature","properties":{"k":"CAUVERYDELTA","n":"Cauvery Delta","b":"Cauvery"},"geometry":{"type":"Polygon","coordinates":[[[78.7847,10.6098],[78.7846,10.8159],[79.3249,10.9763],[79.7282,11.2437],[79.7368,11.3224],[79.8398,11.3534],[79.8779,10.2861],[79.7948,10.2713],[79.7286,10.3299],[79.6379,10.3381],[79.6116,10.3192],[79.7764,10.2751],[79.5454,10.3073],[79.6148,10.3345],[79.5328,10.3558],[79.5193,10.3118],[79.3959,10.3238],[79.3416,10.5162],[79.2303,10.6177],[79.1872,10.738],[79.1132,10.752],[79.032,10.6343],[78.992,10.6615],[78.9081,10.6073],[78.7847,10.6098]]]}},{"type":"Feature","properties":{"k":"UPPERTEESTA","n":"Upper Teesta","b":"Brahmaputra"},"geometry":{"type":"Polygon","coordinates":[[[88.6538,28.0988],[88.8369,28.0151],[88.883,27.8907],[88.8482,27.6678],[88.7638,27.5648],[88.7825,27.4499],[88.9201,27.3268],[88.908,27.2762],[88.8082,27.2474],[88.6937,27.0835],[88.5795,27.1238],[88.4628,27.0551],[88.395,27.0753],[88.2861,26.9939],[88.1159,26.9878],[87.9913,27.1166],[88.065,27.3379],[88.0474,27.4933],[88.1988,27.7881],[88.1326,27.9504],[88.3984,27.9777],[88.5475,28.0386],[88.6204,28.1293],[88.6538,28.0988]]]}},{"type":"Feature","properties":{"k":"MANU","n":"Manu","b":"Barak"},"geometry":{"type":"Polygon","coordinates":[[[91.9563,23.8212],[91.9013,24.0862],[91.9446,24.2062],[91.9279,24.3391],[91.9986,24.328],[92.0059,24.393],[92.0773,24.3743],[92.0815,24.2779],[92.277,24.1321],[92.265,23.7239],[92.2244,23.6529],[92.1712,23.7378],[92.0421,23.6477],[91.9563,23.8212]]]}},{"type":"Feature","properties":{"k":"BARAKATSILCHAR","n":"Barak at Silchar","b":"Barak"},"geometry":{"type":"Polygon","coordinates":[[[94.2846,25.5078],[94.3073,25.4583],[94.2401,25.3577],[94.1574,25.2828],[94.073,25.2859],[93.9931,25.152],[93.937,25.233],[93.8547,25.0304],[93.7919,25.0161],[93.7017,24.5021],[93.6256,24.3488],[93.6299,24.1937],[93.5865,24.1781],[93.6139,23.9769],[93.5068,23.9446],[93.3453,24.1091],[93.3328,23.9831],[93.3969,23.9263],[93.4091,23.8037],[93.3666,23.6737],[93.3015,23.7246],[93.2876,23.6463],[93.1049,23.7386],[93.0774,23.518],[92.9969,23.4331],[92.9464,23.5571],[92.8922,23.484],[92.8435,23.5321],[92.7729,23.4379],[92.7137,23.4671],[92.7435,23.8752],[92.6667,24.0257],[92.6741,24.2361],[92.7789,24.5677],[92.6927,24.5592],[92.6718,24.7137],[92.7591,24.8844],[92.8757,24.9554],[92.8735,25.0667],[93.2404,25.1813],[93.2855,25.2669],[93.453,25.3213],[93.6475,25.5205],[93.7067,25.4988],[93.7292,25.5629],[93.9349,25.6515],[94.0669,25.5983],[94.1244,25.4775],[94.2846,25.5078]]]}},{"type":"Feature","properties":{"k":"CHENABGULABGARHTOSALALDAM","n":"Chenab Gulabgarh to Salal dam","b":"Indus"},"geometry":{"type":"Polygon","coordinates":[[[75.6521,34.2121],[75.8213,34.0071],[76.0613,33.9937],[76.1612,33.9412],[76.2004,33.8429],[76.1587,33.8062],[76.2654,33.7463],[76.2721,33.6421],[76.3812,33.5521],[76.4496,33.5637],[76.5804,33.4246],[76.6271,33.4363],[76.7788,33.2379],[76.7471,33.1821],[76.6213,33.1662],[76.3404,33.3504],[76.1029,33.1854],[76.2279,33.0913],[76.2314,33.0208],[76.1063,33.0063],[75.9496,32.8729],[75.8154,32.9454],[75.6821,32.8629],[75.6562,32.9279],[75.4521,32.9612],[75.3071,33.1004],[75.0896,33.0271],[74.9887,33.1129],[74.6921,33.1379],[74.6179,33.1954],[74.6479,33.3088],[74.4879,33.3554],[74.4988,33.4404],[74.5863,33.5112],[74.7096,33.5254],[74.8329,33.4671],[75.1721,33.5254],[75.3804,33.3646],[75.4813,33.4071],[75.5204,33.7163],[75.3946,33.9637],[75.6521,34.2121]]]}},{"type":"Feature","properties":{"k":"UPPERSONE","n":"Upper Sone","b":"Ganga"},"geometry":{"type":"Polygon","coordinates":[[[83.3041,24.6488],[83.4142,24.5981],[83.4113,24.5563],[83.0098,24.5139],[82.9956,24.4396],[83.0896,24.4025],[83.0612,24.3383],[83.1382,24.2311],[83.0548,24.1451],[83.0607,23.8743],[83.1548,23.848],[83.3251,23.8878],[83.3855,23.8499],[83.3534,23.743],[83.5038,23.7239],[83.4556,23.6795],[83.4761,23.6017],[83.4181,23.5612],[83.4646,23.5052],[83.6251,23.4925],[83.7041,23.3324],[83.6543,23.2967],[83.658,23.0472],[83.5916,23.0985],[83.5822,23.024],[83.3798,23.0652],[83.3386,23.0178],[83.3915,22.9005],[83.3494,22.7782],[83.2471,22.7679],[83.1985,22.8118],[83.1172,22.6904],[83.0139,22.6396],[82.9355,22.7168],[83.0093,22.8329],[82.8912,22.9437],[82.9437,23.049],[82.8607,23.1434],[82.6432,23.2053],[82.6123,23.3218],[82.6504,23.3763],[82.5564,23.4096],[82.5689,23.5046],[82.5008,23.5617],[82.3802,23.4818],[82.236,23.5149],[82.2582,23.4241],[82.0654,23.1686],[82.1013,23.109],[82.0501,23.046],[82.1143,22.9191],[82.0588,22.6876],[81.9701,22.7774],[81.7672,22.729],[81.6044,22.8638],[81.3685,22.9139],[81.3037,22.9763],[81.1498,22.98],[81.1449,23.0619],[81.093,23.0698],[81.0454,23.1702],[80.9895,23.134],[80.9351,23.2856],[80.8627,23.2211],[80.8054,23.2389],[80.776,23.1681],[80.6483,23.1376],[80.6176,23.0485],[80.4405,23.0304],[80.4,23.148],[80.5039,23.381],[80.4918,23.621],[80.3476,23.5814],[80.2045,23.6162],[80.1516,23.7767],[80.1142,23.7655],[80.1017,23.7698],[80.2056,23.8563],[80.369,23.8874],[80.4042,23.9587],[80.8048,24.1859],[81.3044,24.3191],[81.7848,24.5611],[81.9074,24.5807],[81.9226,24.5335],[82.2011,24.6037],[82.5102,24.5431],[82.6909,24.6554],[82.8818,24.6604],[82.9648,24.619],[83.3041,24.6488]]]}},{"type":"Feature","properties":{"k":"AMRAVATHIANDKODAGANAR","n":"Amravathi and Kodaganar","b":"Cauvery"},"geometry":{"type":"Polygon","coordinates":[[[78.142,10.5671],[77.8746,10.5896],[77.8396,10.4671],[77.4194,10.1935],[77.3479,10.2454],[77.3404,10.3746],[77.1533,10.5102],[77.1144,10.9233],[77.5519,11.0159],[77.8557,10.928],[78.0798,11.0117],[78.1825,10.958],[78.0359,10.8525],[78.0812,10.6833],[78.1532,10.6395],[78.142,10.5671]]]}},{"type":"Feature","properties":{"k":"DHANSIRIATRLYBRIDGE","n":"Dhansiri at Rly Bridge","b":"Brahmaputra"},"geometry":{"type":"Polygon","coordinates":[[[92.2982,27.074],[92.3785,26.9972],[92.3684,26.7014],[92.466,26.6083],[92.2798,26.483],[92.1038,26.4581],[92.0659,26.85],[92.1209,26.959],[92.0375,27.0637],[92.0291,27.1707],[92.1093,27.2354],[92.21,27.0747],[92.2771,27.0424],[92.2982,27.074]]]}},{"type":"Feature","properties":{"k":"LOWERCAUVERY","n":"Lower Cauvery","b":"Cauvery"},"geometry":{"type":"Polygon","coordinates":[[[79.8075,11.3635],[79.7368,11.3224],[79.7282,11.2437],[79.35,10.9896],[79.1271,10.8875],[78.7846,10.8159],[78.7809,10.6003],[78.6416,10.4985],[78.5138,10.5168],[78.2536,10.4304],[78.1729,10.4796],[78.1912,10.5571],[78.14,10.5681],[78.1532,10.6395],[78.0684,10.7069],[78.0359,10.8525],[78.1995,10.9685],[78.1504,11.2563],[78.2299,11.3576],[78.3475,11.3898],[78.4007,11.3306],[78.5316,11.4065],[78.5594,11.3182],[78.6746,11.2583],[78.7098,11.1824],[78.8612,11.2498],[79.1871,11.1979],[79.2895,11.3285],[79.3648,11.3469],[79.3791,11.4346],[79.7168,11.3868],[79.8127,11.4282],[79.8075,11.3635]]]}},{"type":"Feature","properties":{"k":"BAGMATIADHWARANEPAL","n":"Bagmati Adhwara Nepal","b":"Ganga"},"geometry":{"type":"MultiPolygon","coordinates":[[[[86.5565,26.5147],[86.5539,26.5217],[86.5532,26.5254],[86.5571,26.5229],[86.5565,26.5147]]],[[[85.4587,27.8096],[85.5212,27.6938],[85.3871,27.5637],[85.4679,27.4937],[85.6896,27.4504],[86.0629,27.2013],[86.6063,27.0146],[86.5604,26.8863],[86.6721,26.7321],[86.6129,26.6946],[86.5531,26.5264],[86.3456,26.6165],[86.2217,26.5898],[86.0338,26.6666],[85.8525,26.5684],[85.8521,26.6083],[85.7373,26.6504],[85.7264,26.8167],[85.6372,26.8723],[85.3368,26.7414],[85.2313,26.7621],[85.1996,26.8679],[85.1096,26.9029],[85.1663,26.9571],[85.1912,27.1212],[85.0679,27.2888],[85.0954,27.3646],[85.1879,27.3596],[85.1988,27.4737],[85.1654,27.5579],[85.0238,27.6171],[85.1896,27.6812],[85.2954,27.8121],[85.4587,27.8096]]]]}},{"type":"Feature","properties":{"k":"INDRAVATI","n":"Indravati","b":"Godavari"},"geometry":{"type":"Polygon","coordinates":[[[80.8545,20.672],[80.992,20.454],[81.2321,20.2929],[81.1999,20.1703],[81.2734,20.1823],[81.5147,20.0496],[81.5923,20.1019],[81.676,20.0647],[81.776,20.1454],[81.9183,20.0766],[82.0319,19.9321],[82.1104,19.9185],[82.0515,19.7365],[82.2657,19.6897],[82.3611,19.722],[82.3885,19.6704],[82.4597,19.6713],[82.6271,19.4119],[82.6955,19.3918],[82.7411,19.2704],[82.8906,19.4071],[82.9473,19.6542],[82.9943,19.6654],[83.0142,19.5997],[83.0779,19.5898],[83.0785,19.5172],[83.1591,19.4833],[83.1021,19.3963],[83.1462,19.3783],[83.1371,19.2195],[83.0871,19.1992],[83.1228,19.1585],[83.0387,19.0991],[83.0805,18.9545],[82.9676,18.7685],[82.8011,18.808],[82.7383,18.7769],[82.6574,18.8304],[82.6063,19.0191],[82.2903,19.1191],[82.1048,19.0508],[82.1053,18.9742],[82.0299,18.924],[81.9056,18.9296],[81.8487,19.01],[81.7237,19.0375],[81.6912,18.9559],[81.7523,18.8747],[81.6794,18.81],[81.7622,18.7452],[81.524,18.7675],[81.4716,18.746],[81.5042,18.6967],[81.4165,18.7008],[81.2739,18.5885],[81.2262,18.6197],[81.2205,18.7222],[81.1676,18.6343],[81.1242,18.6843],[81.0486,18.6518],[80.8954,18.7054],[80.7745,18.6038],[80.6926,18.4449],[80.5605,18.6663],[80.4497,18.6879],[80.3788,18.7828],[80.2669,18.7248],[80.1064,18.8179],[80.1579,18.9473],[80.0693,19.1651],[80.2389,19.2613],[80.1725,19.3805],[80.2051,19.465],[80.1494,19.5179],[80.1969,19.5621],[80.1512,19.6569],[80.2373,19.7768],[80.2132,19.8511],[80.3312,19.9655],[80.3132,20.1188],[80.3692,20.102],[80.3677,20.1898],[80.4289,20.2188],[80.5736,20.1875],[80.6108,20.2751],[80.5563,20.4515],[80.6279,20.4386],[80.58,20.4918],[80.6622,20.4894],[80.7273,20.6236],[80.8545,20.672]]]}},{"type":"Feature","properties":{"k":"LOWERGODAVARI","n":"Lower Godavari","b":"Godavari"},"geometry":{"type":"Polygon","coordinates":[[[80.026,18.8401],[80.2669,18.7248],[80.3788,18.7828],[80.4497,18.6879],[80.5605,18.6663],[80.6926,18.4449],[80.7745,18.6038],[80.8954,18.7054],[81.0486,18.6518],[81.1242,18.6843],[81.1676,18.6343],[81.2106,18.7223],[81.2222,18.7214],[81.2379,18.6306],[81.1921,18.5971],[81.3746,18.4062],[81.3356,18.3948],[81.334,18.3069],[81.1918,18.1974],[81.2292,18.1356],[81.1658,17.9919],[81.198,17.9633],[81.0893,17.8531],[81.2585,17.743],[81.1813,17.6586],[81.3402,17.5242],[81.4779,17.667],[81.5834,17.6989],[81.6471,17.6636],[81.7634,17.8253],[81.99,17.8247],[81.8969,17.7137],[81.7504,17.6665],[81.8304,17.5891],[81.8379,17.4743],[81.9255,17.468],[82.0087,17.3912],[81.965,17.2683],[81.995,17.2121],[81.9493,17.1924],[81.9874,17.0791],[81.8946,17.0389],[81.905,16.9191],[82.055,16.8294],[82.2035,16.8248],[82.2537,16.8862],[82.3584,16.8152],[82.3476,16.9765],[82.3756,16.8425],[82.3202,16.7225],[82.3675,16.6986],[82.3284,16.5733],[82.318,16.6275],[82.2635,16.5582],[82.3132,16.5548],[82.1493,16.4872],[82.1802,16.5611],[82.1407,16.4844],[81.7258,16.3074],[81.735,16.3489],[81.7248,16.3557],[81.7016,16.305],[81.6532,16.4854],[81.6895,16.567],[81.7608,16.5812],[81.7415,16.7614],[81.6622,16.7947],[81.6955,16.8377],[81.6708,16.9872],[81.5709,17.0051],[81.4372,17.1822],[81.408,17.2967],[81.4647,17.4063],[81.3269,17.3832],[81.2224,17.3],[80.9369,17.4029],[80.7967,17.3068],[80.6167,17.3014],[80.56,17.3136],[80.5509,17.3786],[80.4074,17.4114],[80.4359,17.4703],[80.3368,17.6417],[80.3572,17.7425],[80.2578,17.7569],[80.2476,17.8548],[80.1587,17.9687],[79.9855,18.0656],[80.0201,18.3078],[79.9102,18.4938],[79.9399,18.691],[79.8984,18.7959],[80.026,18.8401]]]}},{"type":"Feature","properties":{"k":"BANASA","n":"Banas A","b":"Banas"},"geometry":{"type":"Polygon","coordinates":[[[73.1344,24.7447],[73.1524,24.6785],[73.0491,24.594],[72.9599,24.404],[72.8719,24.384],[72.7789,24.5594],[72.6946,24.5796],[72.8487,24.6988],[72.9054,24.9112],[73.1229,24.8621],[73.1129,24.8179],[73.1612,24.7954],[73.1344,24.7447]]]}},{"type":"Feature","properties":{"k":"AMRAVATHY","n":"Amravathy","b":"Cauvery"},"geometry":{"type":"Polygon","coordinates":[[[77.2433,10.1304],[77.2118,10.1857],[77.0863,10.1375],[77.0576,10.2116],[77.1094,10.2388],[77.1211,10.3747],[77.2288,10.4504],[77.3404,10.3746],[77.3479,10.2454],[77.4129,10.2204],[77.385,10.1485],[77.2433,10.1304]]]}},{"type":"Feature","properties":{"k":"BAITARNI","n":"Baitarni","b":"Baitarni"},"geometry":{"type":"Polygon","coordinates":[[[86.3715,21.3112],[86.3891,21.2162],[86.4679,21.1712],[86.649,21.185],[86.745,21.104],[86.8596,21.0879],[86.9742,20.7931],[86.88,20.8082],[86.7894,20.7075],[86.6274,20.7181],[86.2758,20.9046],[86.2529,20.8813],[86.0484,21.1086],[85.9275,21.0532],[85.7722,21.1061],[85.6313,21.2677],[85.6716,21.4166],[85.5261,21.3961],[85.3471,21.6023],[85.2204,21.631],[85.1624,21.7701],[85.2746,21.8908],[85.2634,21.9447],[85.3433,21.972],[85.4604,22.1157],[85.5703,22.1259],[85.58,22.1833],[85.8154,22.2537],[85.9249,22.2372],[85.961,22.1856],[85.9016,22.1594],[85.9303,22.0225],[85.972,22.0002],[86.1421,22.0731],[86.1447,22.0068],[86.3651,21.9537],[86.3445,21.8331],[86.3833,21.7427],[86.3283,21.6153],[86.3701,21.5549],[86.3154,21.4731],[86.3715,21.3112]]]}},{"type":"Feature","properties":{"k":"BHAVANITILLBHAVANIDAM","n":"Bhavani till Bhavani dam","b":"Cauvery"},"geometry":{"type":"Polygon","coordinates":[[[76.8577,11.7006],[76.8762,11.6346],[76.9702,11.6652],[76.9926,11.6119],[77.0742,11.6245],[77.0729,11.5046],[77.1446,11.4229],[77.0821,11.3779],[77.0662,11.2137],[76.8231,11.1118],[76.7921,11.0379],[76.7186,11.0375],[76.6366,10.9367],[76.5884,11.0662],[76.4476,11.0797],[76.4861,11.1369],[76.452,11.2383],[76.5328,11.2577],[76.5772,11.3376],[76.5179,11.3711],[76.5569,11.4359],[76.5177,11.523],[76.4091,11.5483],[76.4677,11.6394],[76.5436,11.6387],[76.549,11.6944],[76.7966,11.6571],[76.8577,11.7006]]]}},{"type":"Feature","properties":{"k":"MIDDLEGODAVARI","n":"Middle Godavari","b":"Godavari"},"geometry":{"type":"Polygon","coordinates":[[[78.3349,19.5798],[78.5521,19.5283],[78.66,19.5649],[78.7588,19.5073],[78.8511,19.4299],[78.8215,19.387],[78.8925,19.3505],[78.903,19.285],[79.09,19.2016],[79.157,19.0775],[79.2568,19.0512],[79.2648,19.1034],[79.3757,19.1765],[79.5624,18.9972],[79.6678,18.9683],[79.7324,19.0047],[79.8221,18.9125],[79.9348,18.8961],[79.911,18.5947],[79.8215,18.7035],[79.6713,18.5542],[79.2531,18.6631],[79.0086,18.608],[78.9112,18.6838],[78.8326,18.6816],[78.7053,18.5828],[78.4995,18.573],[78.4836,18.5208],[78.5295,18.4755],[78.4945,18.427],[78.2936,18.4414],[78.2072,18.356],[78.1496,18.4633],[78.0411,18.4793],[78.0633,18.6034],[78.0183,18.6225],[78.0049,18.7438],[77.9084,18.7756],[77.8676,18.8965],[77.7675,18.9826],[77.7481,19.0991],[77.6375,19.11],[77.5964,19.272],[78.0353,19.3297],[78.0936,19.381],[78.1663,19.3606],[78.212,19.4259],[78.3175,19.4406],[78.2952,19.5572],[78.3349,19.5798]]]}},{"type":"Feature","properties":{"k":"BURHABALANG","n":"Burhabalang","b":"Burhabalang"},"geometry":{"type":"Polygon","coordinates":[[[87.109,21.4999],[87.0259,21.4106],[86.8311,21.517],[86.7171,21.4259],[86.6051,21.3798],[86.4848,21.3934],[86.3625,21.3175],[86.3154,21.4731],[86.3701,21.5549],[86.3283,21.6153],[86.3833,21.7427],[86.3445,21.8331],[86.3651,21.9537],[86.2911,21.9982],[86.4208,22.1996],[86.3275,22.3466],[86.7163,22.1344],[86.7964,21.9922],[86.8375,21.7499],[87.109,21.4999]]]}},{"type":"Feature","properties":{"k":"AJOY","n":"Ajoy","b":"Ajoy"},"geometry":{"type":"Polygon","coordinates":[[[87.5062,23.4485],[87.318,23.5211],[87.2825,23.6346],[87.0768,23.7296],[87.028,23.8024],[86.8928,23.81],[86.6871,24.1058],[86.5853,24.0976],[86.4171,24.2011],[86.3691,24.3517],[86.2663,24.4253],[86.3096,24.5132],[86.5469,24.6132],[86.7209,24.4925],[86.8439,24.4961],[86.9629,24.2923],[86.9082,24.1405],[86.9281,24.0617],[87.0412,23.9884],[87.223,23.966],[87.2719,23.8145],[87.4094,23.7298],[87.429,23.6665],[87.5984,23.6385],[87.9371,23.7723],[88.1688,23.742],[88.1178,23.6389],[87.993,23.6093],[87.8857,23.4705],[87.7029,23.4191],[87.6139,23.4629],[87.5062,23.4485]]]}},{"type":"Feature","properties":{"k":"BURHIGANDAKNEPAL","n":"Burhi Gandak Nepal","b":"Ganga"},"geometry":{"type":"Polygon","coordinates":[[[84.5729,27.4596],[85.0871,27.3612],[85.0729,27.2746],[85.1912,27.1212],[85.1654,26.9546],[85.1038,26.9146],[85.1742,26.8693],[85.0341,26.8531],[85.0588,26.8846],[84.9616,26.9628],[84.6462,27.0467],[84.689,27.1598],[84.6665,27.2733],[84.6218,27.339],[84.4686,27.3571],[84.5729,27.4596]]]}},{"type":"Feature","properties":{"k":"CHANDAN","n":"Chandan","b":"Ganga"},"geometry":{"type":"Polygon","coordinates":[[[86.4686,24.6075],[86.5146,24.6687],[86.4904,24.7821],[86.5271,24.7913],[86.4712,24.8663],[86.4829,24.9771],[86.4038,25.0663],[86.3512,25.0579],[86.3988,25.1013],[86.3787,25.1546],[86.2654,25.1671],[86.2196,25.2304],[86.3829,25.3038],[86.3937,25.4044],[86.4956,25.5174],[86.5766,25.5098],[86.7362,25.3479],[86.9063,25.4094],[86.9711,25.3549],[87.1554,25.3621],[87.1921,25.2996],[87.2104,25.3904],[87.2629,25.4046],[87.2446,25.4688],[87.3705,25.4932],[87.3761,25.5715],[87.4984,25.4828],[87.4733,25.3782],[87.6042,25.407],[87.8227,25.2649],[87.9068,25.2772],[87.931,25.1725],[88.0487,25.0811],[88.0253,24.8518],[87.7594,24.7062],[87.639,24.7967],[87.451,24.623],[87.3423,24.6735],[87.2567,24.6462],[87.2307,24.567],[87.0607,24.6241],[86.8226,24.4831],[86.7209,24.4925],[86.5478,24.6132],[86.4686,24.6075]]]}},{"type":"Feature","properties":{"k":"GANDAKNEPAL","n":"Gandak Nepal","b":"Ganga"},"geometry":{"type":"Polygon","coordinates":[[[84.4686,27.3571],[84.2916,27.3852],[84.2536,27.4549],[84.2076,27.4419],[84.1093,27.5217],[84.017,27.408],[83.8509,27.446],[83.8666,27.3449],[83.7639,27.3989],[83.8063,27.4479],[83.7896,27.5212],[83.8829,27.5237],[83.6571,27.6829],[83.7013,27.8154],[83.5804,27.8796],[83.3162,27.8513],[83.1254,27.9196],[83.0546,28.1079],[83.0979,28.2763],[82.8829,28.4596],[83.1996,28.4688],[83.2229,28.5146],[83.1504,28.6221],[83.2763,28.6746],[83.2846,28.7271],[83.4838,28.7829],[83.4996,28.8771],[83.6146,28.9871],[83.6154,29.0979],[83.6804,29.1262],[83.6554,29.2029],[83.7921,29.2462],[83.8179,29.3321],[84.2004,29.2413],[84.1621,29.1846],[84.1896,29.0471],[84.2496,29.0362],[84.2254,28.8938],[84.4096,28.8538],[84.4479,28.7654],[84.5721,28.9304],[84.6979,28.8471],[84.8021,28.8846],[84.8329,28.8254],[84.9446,28.8554],[85.0279,28.9763],[85.2746,29.0096],[85.4112,28.9812],[85.3904,28.7729],[85.4429,28.6271],[85.7113,28.3863],[85.7996,28.1946],[85.6312,28.1296],[85.5062,28.1554],[85.4421,28.0829],[85.4971,28.0296],[85.4479,27.8146],[85.2954,27.8121],[85.1896,27.6812],[85.0329,27.6363],[85.1696,27.5529],[85.1863,27.3579],[84.9688,27.3562],[84.7887,27.4404],[84.5613,27.4629],[84.5396,27.3854],[84.4686,27.3571]]]}},{"type":"Feature","properties":{"k":"LOWERMAHANADI","n":"Lower Mahanadi","b":"Mahanadi"},"geometry":{"type":"Polygon","coordinates":[[[84.1845,21.6742],[84.2616,21.4558],[84.3678,21.4352],[84.3514,21.3325],[84.2339,21.2589],[84.3198,21.2636],[84.4777,21.083],[84.7624,20.9578],[84.7936,20.8012],[84.842,20.7986],[84.956,20.6342],[85.1832,20.5719],[85.3831,20.6678],[85.5268,20.5848],[85.6753,20.6959],[85.8241,20.6616],[85.8742,20.7165],[85.9582,20.6671],[85.9781,20.5949],[86.069,20.5625],[86.2923,20.6394],[86.3693,20.5949],[86.5156,20.6134],[86.7587,20.5006],[86.712,20.3954],[86.7765,20.3894],[86.7857,20.3288],[86.5383,20.18],[86.3752,19.9517],[85.6964,19.7513],[85.1004,19.4041],[85.0327,19.4734],[85.0161,19.6265],[85.1036,19.8533],[85.2303,19.936],[85.1777,19.9829],[84.9944,19.8833],[84.988,19.9643],[84.8981,19.9628],[84.9082,20.0536],[84.8284,20.1065],[84.8664,20.1919],[84.7759,20.2477],[84.655,20.2213],[84.5979,20.324],[84.5156,20.282],[84.4832,20.1786],[84.4067,20.1863],[84.4175,20.101],[84.3715,20.0427],[84.2047,19.9928],[84.1846,19.8972],[84.1051,19.921],[84.0162,19.8772],[83.9651,19.7817],[83.7316,19.9433],[83.664,19.8254],[83.5523,19.9107],[83.3704,19.8637],[83.4009,19.8034],[83.3204,19.6937],[83.2383,19.7225],[83.1427,19.621],[83.0835,19.6475],[83.0736,19.5932],[82.9485,19.6569],[82.898,19.4208],[82.7648,19.2744],[82.4597,19.6713],[82.3885,19.6704],[82.3611,19.722],[82.2657,19.6897],[82.0515,19.7365],[82.123,19.8651],[82.0986,19.9433],[82.1957,20.0609],[82.1473,20.2088],[82.4111,20.3238],[82.3843,20.4058],[82.5229,20.5439],[82.488,20.5857],[82.5691,20.8385],[82.7266,21.1158],[82.6933,21.1569],[82.7317,21.202],[82.7173,21.2954],[82.8402,21.4031],[82.8489,21.4671],[82.8841,21.4725],[82.9825,21.314],[83.1779,21.2252],[83.2531,21.2825],[83.2832,21.4124],[83.4701,21.5449],[83.5987,21.5579],[83.6269,21.516],[83.8625,21.4781],[83.8925,21.5499],[84.1234,21.6033],[84.1845,21.6742]]]}},{"type":"Feature","properties":{"k":"DHALAITILLBORDER","n":"Dhalai till Border","b":"Barak"},"geometry":{"type":"Polygon","coordinates":[[[91.9546,23.8263],[91.8696,23.8162],[91.7646,23.9221],[91.7854,24.2271],[91.9438,24.2196],[91.9013,24.0812],[91.9546,23.8263]]]}},{"type":"Feature","properties":{"k":"EASTBHUTAN","n":"East Bhutan","b":"Brahmaputra"},"geometry":{"type":"Polygon","coordinates":[[[92.0268,27.4404],[92.125,27.282],[92.0452,27.2686],[92.0698,27.2157],[92.0267,27.1683],[92.0368,27.0631],[92.1199,26.9686],[92.0911,26.8599],[91.8603,26.9132],[91.7294,26.8118],[91.4955,26.7891],[91.3271,26.8604],[91.3346,26.9296],[91.5055,27.024],[91.5721,27.1662],[91.6413,27.1837],[91.7204,27.2896],[91.8288,27.3387],[91.9738,27.3004],[92.0268,27.4404]]]}},{"type":"Feature","properties":{"k":"HEMAVATHY","n":"Hemavathy","b":"Cauvery"},"geometry":{"type":"Polygon","coordinates":[[[75.7168,13.3873],[75.8793,13.3086],[75.9503,13.1409],[76.0324,13.0995],[76.0886,13.1439],[76.1621,13.0412],[76.0572,12.8813],[76.0442,12.7375],[75.9209,12.7189],[75.8946,12.6211],[75.82,12.619],[75.7188,12.716],[75.7894,12.7827],[75.7548,12.9655],[75.5823,12.9622],[75.4894,13.1497],[75.642,13.1377],[75.6562,13.3242],[75.7168,13.3873]]]}},{"type":"Feature","properties":{"k":"SIND","n":"Sind","b":"Yamuna"},"geometry":{"type":"Polygon","coordinates":[[[78.7799,26.5688],[79.0117,26.4584],[79.2017,26.4509],[79.2292,26.3566],[79.1567,26.2548],[79.197,26.2048],[79.0819,26.1045],[79.0345,25.9548],[78.9243,25.8836],[78.8602,25.6501],[78.7127,25.4716],[78.5646,25.4507],[78.5066,25.3607],[78.2124,25.2699],[78.0085,25.111],[78.0292,25.0477],[77.9885,24.9925],[77.8674,24.9617],[77.92,24.8511],[77.8495,24.856],[77.742,24.6094],[77.6245,24.5672],[77.6057,24.4222],[77.6741,24.2455],[77.5946,24.2028],[77.5763,24.1034],[77.4886,24.0944],[77.46,24.0189],[77.3508,24.1587],[77.3161,24.447],[77.3847,24.5592],[77.3779,24.7684],[77.553,24.9376],[77.5875,25.0854],[77.5222,25.2442],[77.5561,25.3635],[77.6428,25.4475],[77.6368,25.4866],[77.5159,25.4853],[77.4628,25.5651],[77.3679,25.5728],[77.48,25.8964],[77.5519,25.967],[77.6023,25.928],[77.6899,25.9554],[77.7515,26.0476],[77.9055,25.9323],[77.9714,26.0966],[78.1824,26.192],[78.1963,26.455],[78.3326,26.5191],[78.4649,26.4926],[78.5774,26.5618],[78.7799,26.5688]]]}},{"type":"Feature","properties":{"k":"LOWERCHAMBAL","n":"Lower Chambal","b":"Chambal"},"geometry":{"type":"Polygon","coordinates":[[[75.7042,27.4816],[75.8125,27.4518],[75.8426,27.2612],[75.8896,27.2526],[75.8509,27.0675],[76.001,27.1466],[75.9927,27.0327],[76.0595,26.9117],[76.1666,26.9626],[76.242,26.8548],[76.3891,26.8451],[76.4357,26.8102],[76.4534,26.669],[76.559,26.7704],[76.5712,26.6888],[76.8878,26.5194],[76.8255,26.4683],[76.8696,26.4487],[76.8461,26.4065],[76.9352,26.4459],[77.0154,26.2829],[77.359,26.4413],[77.3856,26.5163],[77.4583,26.524],[77.5093,26.4724],[77.6539,26.5197],[78.1105,26.8606],[78.4313,26.9151],[78.9527,26.7306],[79.034,26.6073],[79.2866,26.4923],[79.1967,26.4583],[79.1643,26.5104],[79.0668,26.5211],[78.9748,26.6426],[78.7285,26.7365],[78.5886,26.6879],[78.2983,26.791],[78.2075,26.7524],[78.195,26.6622],[77.8473,26.5468],[77.5691,26.4039],[77.4831,26.2994],[77.3297,26.2516],[77.3747,26.1342],[77.1828,25.9111],[77.2348,25.9067],[77.2846,25.7336],[77.3861,25.6532],[77.3679,25.5728],[77.4628,25.5651],[77.5159,25.4853],[77.6368,25.4866],[77.6428,25.4475],[77.5561,25.3635],[77.5222,25.2442],[77.5875,25.0854],[77.553,24.9376],[77.3779,24.7684],[77.3847,24.5592],[77.3161,24.447],[77.3428,24.1864],[77.4248,24.0484],[77.4153,23.9021],[77.3386,23.7713],[77.3686,23.7362],[77.2919,23.6219],[77.3407,23.4561],[77.0246,22.9754],[76.7641,22.8162],[76.6943,22.8445],[76.5825,22.7714],[76.5085,22.7962],[76.5034,22.7378],[76.3958,22.687],[76.3273,22.5819],[76.2617,22.607],[76.241,22.6805],[76.1938,22.6646],[76.2033,22.8339],[76.1276,22.833],[76.072,22.89],[76.2618,23.1562],[76.1172,23.2673],[76.0722,23.4062],[76.095,23.5146],[75.969,23.602],[75.995,23.6883],[75.886,23.8306],[75.8692,23.9575],[75.7678,23.9961],[75.6245,24.1577],[75.7513,24.3144],[75.682,24.4424],[75.7181,24.5597],[75.6754,24.6372],[75.5501,24.6519],[75.5053,24.507],[75.4262,24.5622],[75.2435,24.5312],[75.0468,24.6112],[74.8277,24.5092],[74.7732,24.3961],[74.5979,24.4442],[74.5063,24.3808],[74.5131,24.3],[74.4787,24.3424],[74.3917,24.3265],[74.2526,24.5082],[74.0371,24.5958],[73.7935,24.5457],[73.7483,24.4798],[73.6495,24.5216],[73.5971,24.4586],[73.5554,24.494],[73.5641,24.6738],[73.4136,24.7816],[73.3833,24.8854],[73.4129,25.0054],[73.5329,25.1296],[73.6779,25.1429],[73.6396,25.2312],[73.6812,25.3479],[73.8579,25.4321],[73.8146,25.4696],[73.8921,25.6513],[74.2104,25.8471],[74.6863,26.3721],[74.6963,26.4563],[74.5971,26.5379],[74.7537,26.7379],[74.7354,26.8054],[74.6796,26.8238],[74.6838,26.8888],[74.8312,27.1496],[75.0621,27.2096],[75.0975,27.3806],[75.1746,27.3969],[75.1654,27.3664],[75.3578,27.2771],[75.5069,27.3313],[75.5395,27.4206],[75.7042,27.4816]]]}},{"type":"Feature","properties":{"k":"LOWERTEESTA","n":"Lower Teesta","b":"Brahmaputra"},"geometry":{"type":"Polygon","coordinates":[[[88.5997,26.6342],[88.4946,26.8336],[88.3135,26.9313],[88.2861,26.9939],[88.395,27.0753],[88.4628,27.0551],[88.5795,27.1238],[88.6769,27.0801],[88.7401,27.135],[88.8232,26.8887],[88.7654,26.4898],[89.0641,26.2547],[88.8789,26.2858],[88.8852,26.2369],[88.8417,26.2364],[88.7279,26.5224],[88.653,26.5336],[88.5992,26.6125],[88.5943,26.6258],[88.5997,26.6342]],[[88.5996,26.6325],[88.6005,26.6324],[88.6006,26.6333],[88.5996,26.6334],[88.5996,26.6325]],[[88.9511,26.2846],[88.9898,26.2984],[88.935,26.3352],[88.9331,26.2963],[88.9511,26.2846]]]}},{"type":"Feature","properties":{"k":"LOWERKRISHNA","n":"Lower Krishna","b":"Krishna"},"geometry":{"type":"Polygon","coordinates":[[[78.8721,17.2885],[79.0288,17.2728],[79.3777,17.1025],[79.5462,16.852],[79.5622,16.7555],[79.6661,16.6937],[79.7242,16.8021],[79.6968,16.9624],[79.7299,17.0162],[79.6543,17.2051],[79.8319,17.1281],[79.8887,17.0374],[79.8993,16.8896],[80.162,16.8343],[80.2521,16.6552],[80.3164,16.6199],[80.4493,16.8],[80.5522,16.8038],[80.577,16.9129],[80.7926,16.9387],[80.7462,16.717],[80.6583,16.6338],[80.636,16.5246],[80.8301,16.3609],[80.9814,16.3199],[81.0488,16.1947],[81.156,16.1495],[81.2115,16.2046],[81.1529,15.9748],[81.1088,16.0051],[81.0838,16.0019],[81.1406,15.9622],[81.01,15.8492],[81.0071,15.7625],[80.9568,15.8069],[80.94,15.8072],[80.9894,15.7606],[80.9369,15.7297],[80.8629,15.8221],[80.9163,15.7287],[80.8107,15.7128],[80.7872,15.8585],[80.6559,15.8791],[80.7449,16.0493],[80.5792,16.3481],[80.5077,16.3736],[80.32,16.2879],[80.179,16.3614],[79.9767,16.3199],[79.8115,16.3505],[79.7541,16.2754],[79.6407,16.2418],[79.593,16.3578],[79.525,16.2886],[79.4478,16.3018],[79.278,16.2142],[79.2145,16.0998],[79.1287,16.1206],[79.0618,16.0407],[78.9094,15.9958],[78.7873,15.7982],[78.665,15.8518],[78.2035,15.7366],[78.1652,15.7493],[78.2702,15.7874],[78.2844,15.9471],[78.0461,15.9094],[77.741,16.1414],[77.5833,16.1774],[77.5293,16.1404],[77.0491,16.2422],[77.2752,16.312],[77.3561,16.5258],[77.2605,16.8245],[77.4621,16.9088],[77.4762,16.9947],[77.6326,17.1342],[77.8511,17.0242],[77.8846,17.0583],[77.9463,17.0197],[77.9538,17.1046],[78.0417,17.1243],[78.5467,16.9664],[78.605,17.0652],[78.7898,17.1013],[78.7763,17.239],[78.8721,17.2885]]]}},{"type":"Feature","properties":{"k":"KABINITILLCAUVERYCONFLUENCE","n":"Kabini till Cauvery Confluence","b":"Cauvery"},"geometry":{"type":"Polygon","coordinates":[[[76.8271,11.6789],[76.549,11.6944],[76.5436,11.6387],[76.4677,11.6394],[76.347,11.4783],[76.2635,11.5646],[76.2481,11.654],[76.2873,11.782],[76.3523,11.8114],[76.349,12.0351],[76.19,11.9695],[76.0539,11.9743],[76.0421,12.0303],[76.3197,12.3005],[76.4587,12.2939],[76.5358,12.3496],[76.7786,12.2958],[76.9054,12.2323],[76.8488,12.0854],[76.8703,11.9686],[76.7876,11.7807],[76.8271,11.6789]]]}},{"type":"Feature","properties":{"k":"KIUL","n":"Kiul","b":"Ganga"},"geometry":{"type":"Polygon","coordinates":[[[86.1157,24.4719],[85.7721,24.4425],[85.7152,24.5124],[85.5232,24.435],[85.3807,24.4556],[85.1483,24.3405],[85.2162,24.2373],[85.1927,24.1972],[85.2327,24.205],[85.2253,24.1576],[85.3114,24.0945],[85.2769,23.9869],[85.1882,23.9628],[84.9324,24.0741],[84.8668,24.0368],[84.7713,24.0628],[84.7277,24.1658],[84.6513,24.2013],[84.7171,24.2596],[84.6137,24.2954],[84.7504,24.3446],[84.9621,24.6121],[84.9646,24.7621],[85.0088,24.7779],[85.0487,24.9488],[85.0246,24.9946],[85.0863,25.0362],[85.1787,25.2754],[85.1971,25.5104],[85.3027,25.5104],[85.3075,25.6572],[85.6556,25.5513],[85.8822,25.5985],[86.0033,25.4396],[86.1623,25.3686],[86.2962,25.4305],[86.3909,25.4102],[86.3829,25.3038],[86.2196,25.2304],[86.2654,25.1671],[86.3787,25.1546],[86.3988,25.1013],[86.3512,25.0579],[86.4038,25.0663],[86.4829,24.9771],[86.5146,24.6687],[86.274,24.4614],[86.1592,24.5332],[86.1157,24.4719]]]}},{"type":"Feature","properties":{"k":"HAORA","n":"Haora","b":"Barak"},"geometry":{"type":"Polygon","coordinates":[[[91.5321,23.9329],[91.5688,23.7729],[91.4879,23.7421],[91.3229,23.7529],[91.2054,23.8621],[91.2504,23.9112],[91.4296,23.8762],[91.5321,23.9329]]]}},{"type":"Feature","properties":{"k":"KHOWAI","n":"Khowai","b":"Barak"},"geometry":{"type":"Polygon","coordinates":[[[91.6079,24.1629],[91.7563,24.1121],[91.7646,23.9221],[91.8696,23.8162],[91.9546,23.8263],[91.9571,23.6937],[91.7463,23.6762],[91.7171,23.7687],[91.5721,23.7579],[91.4863,24.0512],[91.6079,24.1629]]]}},{"type":"Feature","properties":{"k":"BANASB","n":"Banas B","b":"Banas"},"geometry":{"type":"Polygon","coordinates":[[[72.3411,24.3257],[72.3729,24.3937],[72.5524,24.436],[72.6849,24.5806],[72.7789,24.5594],[72.8719,24.384],[72.9305,24.3763],[72.8571,24.2657],[72.7986,24.318],[72.6414,24.1985],[72.4804,24.2322],[72.4582,24.3036],[72.3411,24.3257]]]}},{"type":"Feature","properties":{"k":"BHADARDAM","n":"Bhadar Dam","b":"Bhadar Dam"},"geometry":{"type":"Polygon","coordinates":[[[71.2212,21.8737],[71.1475,21.7489],[70.9382,21.646],[70.7796,21.7879],[70.7162,21.9196],[70.7654,21.9612],[70.8004,22.1312],[71.0237,22.1729],[71.1104,22.1321],[71.2071,22.1954],[71.2412,22.1279],[71.3187,22.1312],[71.2212,21.8737]]]}},{"type":"Feature","properties":{"k":"LOWERTAPI","n":"LowerTapi","b":"Tapi"},"geometry":{"type":"Polygon","coordinates":[[[73.4435,21.6335],[73.4158,21.5422],[73.4572,21.4512],[73.6544,21.3895],[73.6462,21.2917],[73.5872,21.2522],[73.5941,21.1413],[73.0534,21.2618],[72.8422,21.2251],[72.706,21.0776],[72.7207,21.1432],[72.6712,21.1576],[72.6526,21.0782],[72.6246,21.0918],[72.6185,21.2226],[72.6468,21.2174],[72.6524,21.2201],[72.6532,21.2268],[72.5879,21.2913],[72.6866,21.496],[72.8659,21.5083],[72.9307,21.4683],[73.2169,21.5959],[73.4435,21.6335]]]}},{"type":"Feature","properties":{"k":"BARAKAREAST","n":"Barakar East","b":"Barakar"},"geometry":{"type":"Polygon","coordinates":[[[86.1687,24.5262],[86.3604,24.3643],[86.4171,24.2011],[86.5853,24.0976],[86.6229,24.1282],[86.7089,24.0901],[86.8779,23.8649],[86.875,23.7513],[86.6523,23.7914],[86.5938,23.8895],[86.4704,23.8961],[86.3767,23.957],[86.2978,23.9111],[86.1318,23.9618],[86.0848,24.0592],[85.987,24.0967],[85.8355,24.0825],[85.8991,24.2415],[86.0076,24.2658],[86.1733,24.4027],[86.1143,24.4715],[86.1687,24.5262]]]}},{"type":"Feature","properties":{"k":"CHHATNAGTOMIRZAPUR","n":"Chhatnag to Mirzapur","b":"Ganga"},"geometry":{"type":"Polygon","coordinates":[[[83.3248,24.6418],[83.3243,24.6367],[83.3083,24.6372],[83.2819,24.6633],[82.9648,24.619],[82.8818,24.6604],[82.6909,24.6554],[82.5102,24.5431],[82.2011,24.6037],[81.9226,24.5335],[81.9074,24.5807],[81.7848,24.5611],[81.3044,24.3191],[80.805,24.1859],[80.4401,23.9782],[80.4456,24.0585],[80.5414,24.1012],[80.5513,24.2402],[80.6282,24.2704],[80.6198,24.3886],[80.4779,24.4073],[80.3068,24.6996],[80.3647,24.7069],[80.3566,24.7655],[80.3965,24.718],[80.5729,24.7809],[80.6149,24.8398],[80.6607,24.8053],[80.6693,24.8662],[80.8331,24.8712],[80.8581,24.9215],[80.9185,24.8892],[80.9082,24.9644],[80.9865,25.0535],[81.5339,25.2298],[81.6886,25.1772],[81.8523,25.2706],[81.9779,25.2813],[82.1023,25.2253],[82.1608,25.0562],[82.3408,24.9732],[82.9198,24.8893],[83.0454,24.7689],[83.2741,24.7273],[83.3248,24.6418]]]}},{"type":"Feature","properties":{"k":"AIEANDMANAS","n":"Aie and Manas","b":"Brahmaputra"},"geometry":{"type":"Polygon","coordinates":[[[90.3679,27.2162],[90.6713,27.0729],[90.6879,26.9662],[90.7654,26.9304],[90.8071,26.8346],[90.9257,26.781],[90.5686,26.7993],[90.2471,27.0087],[90.3679,27.2162]]]}},{"type":"Feature","properties":{"k":"LOWERPENNAR","n":"Lower Pennar","b":"Pennar"},"geometry":{"type":"Polygon","coordinates":[[[79.2626,14.8842],[79.3758,14.8311],[79.4733,14.8843],[79.5227,14.8242],[79.7107,14.8739],[79.7799,14.7261],[79.9089,14.724],[79.9529,14.6536],[80.0192,14.6282],[80.1429,14.6936],[80.1839,14.5898],[80.0935,14.5344],[80.1927,14.5661],[80.1855,14.5042],[79.7998,14.3824],[79.4403,14.4182],[79.3651,14.3567],[79.4366,14.2469],[79.4223,14.2002],[79.2211,14.436],[79.1759,14.4149],[79.228,14.3154],[79.1275,14.3833],[79.1189,14.3054],[78.9183,14.276],[78.8884,14.2067],[78.7963,14.3031],[78.6391,14.3017],[78.673,14.4537],[78.8018,14.6179],[78.9838,14.5494],[79.0181,14.4763],[79.1506,14.5143],[79.0897,14.7365],[79.1689,14.7482],[79.1419,14.8409],[79.2626,14.8842]]]}},{"type":"Feature","properties":{"k":"KENURMAL","n":"Ken/Urmal","b":"Ken"},"geometry":{"type":"Polygon","coordinates":[[[80.2507,25.8896],[80.4217,25.8827],[80.4477,25.795],[80.5305,25.7658],[80.3214,25.6243],[80.3782,25.5349],[80.3716,25.3415],[80.4703,25.1842],[80.2979,25.0382],[80.2995,24.9379],[80.1811,24.7609],[80.2504,24.6597],[80.2855,24.7091],[80.3307,24.6709],[80.4779,24.4073],[80.6185,24.3936],[80.6283,24.2706],[80.5505,24.2388],[80.5413,24.101],[80.4456,24.0585],[80.369,23.8874],[80.1648,23.8366],[79.991,23.6723],[79.8055,23.6688],[79.7001,23.4006],[79.551,23.2914],[79.4981,23.301],[79.3735,23.1723],[79.1686,23.1396],[79.1098,23.2228],[79.019,23.2143],[78.9262,23.3413],[78.5467,23.4003],[78.514,23.5088],[78.6426,23.6818],[78.617,23.7194],[78.8637,23.8906],[78.9311,24.1056],[79.2179,24.249],[79.3334,24.2281],[79.3244,24.3534],[79.4057,24.403],[79.4322,24.4979],[79.4307,24.6914],[79.5653,24.7746],[79.4724,24.8897],[79.559,25.1106],[79.8551,25.2563],[79.7617,25.3428],[79.7366,25.4499],[79.7725,25.5179],[79.7471,25.5801],[79.915,25.7228],[79.8978,25.8014],[80.0244,25.8734],[80.2507,25.8896]]]}},{"type":"Feature","properties":{"k":"KUNWARI","n":"Kunwari","b":"Yamuna"},"geometry":{"type":"Polygon","coordinates":[[[78.2985,26.791],[78.5886,26.6879],[78.6899,26.7434],[78.8222,26.7071],[78.9748,26.6426],[79.0668,26.5211],[79.1643,26.5104],[79.2017,26.4509],[79.0117,26.4584],[78.7826,26.5687],[78.5774,26.5618],[78.4649,26.4926],[78.2908,26.5031],[78.1733,26.4346],[78.2197,26.3391],[78.167,26.2974],[78.1815,26.1905],[77.9714,26.0966],[77.9055,25.9323],[77.7804,26.0465],[77.7202,26.0347],[77.6899,25.9554],[77.6023,25.928],[77.5516,25.9669],[77.48,25.8964],[77.4167,25.6899],[77.3529,25.6589],[77.2503,25.7983],[77.2423,25.8971],[77.1825,25.9135],[77.3747,26.1342],[77.3306,26.2527],[77.4831,26.2994],[77.5691,26.4039],[77.8473,26.5468],[78.195,26.6622],[78.2075,26.7524],[78.2985,26.791]]]}},{"type":"Feature","properties":{"k":"MANASBEKIATNHXING","n":"Manas/Beki at NH Xing","b":"Brahmaputra"},"geometry":{"type":"Polygon","coordinates":[[[91.3994,26.8252],[91.4652,26.6868],[91.3839,26.4334],[91.2162,26.3388],[91.0887,26.3374],[90.9477,26.2324],[90.8061,26.2582],[90.805,26.3077],[90.6743,26.1959],[90.6759,26.3095],[90.5474,26.3727],[90.5374,26.5087],[90.5898,26.5221],[90.4993,26.5852],[90.384,26.8979],[90.7045,26.7677],[91.0583,26.7789],[91.1009,26.8193],[91.3403,26.779],[91.3994,26.8252]]]}},{"type":"Feature","properties":{"k":"MYNTDU","n":"Myntdu","b":"Barak"},"geometry":{"type":"Polygon","coordinates":[[[92.1529,25.4896],[92.3038,25.4379],[92.2338,25.3637],[92.2838,25.3454],[92.2646,25.2904],[92.1646,25.2462],[92.0921,25.2879],[92.1338,25.3046],[92.1529,25.4896]]]}},{"type":"Feature","properties":{"k":"LUNI","n":"Luni","b":"WFR of Kutch and Saurashtra including Luni"},"geometry":{"type":"Polygon","coordinates":[[[75.0379,27.3263],[75.0796,27.2288],[74.8312,27.1496],[74.6988,26.9454],[74.6796,26.8238],[74.7354,26.8054],[74.7537,26.7379],[74.5971,26.5379],[74.6963,26.4563],[74.6863,26.3721],[74.2104,25.8471],[73.8921,25.6513],[73.8146,25.4696],[73.8579,25.4321],[73.6812,25.3479],[73.6396,25.2312],[73.6779,25.1429],[73.5329,25.1296],[73.4262,25.0138],[73.3329,24.9879],[73.2862,25.0738],[73.1462,25.0979],[72.9329,25.3054],[72.7212,25.3679],[72.5037,25.5329],[72.4012,25.4688],[72.3179,25.4746],[72.1796,25.2737],[72.0854,25.2846],[72.0454,25.2221],[71.8654,25.1671],[71.8371,25.0646],[71.7304,25.0421],[71.6746,25.0896],[71.6804,25.3979],[71.4446,25.5829],[71.3896,25.6029],[71.2746,25.5479],[71.1754,25.6004],[71.2721,25.8454],[71.1521,25.8771],[71.1537,25.9971],[71.1046,26.0221],[71.0729,26.1529],[71.1421,26.2321],[71.1129,26.2862],[71.1854,26.4129],[71.3779,26.4946],[71.4654,26.6154],[71.7521,26.6329],[71.8529,26.7288],[71.9087,26.6863],[72.0562,26.7046],[72.1221,26.8062],[72.2804,26.7954],[72.3187,26.7512],[72.3971,26.8279],[72.4654,26.8221],[72.4029,26.9779],[72.6529,26.9129],[72.6996,26.8404],[72.7821,26.8487],[72.8179,26.8038],[72.8804,26.8196],[72.9262,26.9121],[73.1729,26.9696],[73.2196,26.9154],[73.3579,26.8888],[73.3962,26.7904],[73.6596,26.8546],[73.9296,26.8196],[74.1646,26.9471],[74.3063,27.0912],[74.3979,27.0729],[74.4912,27.1438],[74.8079,27.2146],[74.8879,27.3071],[75.0379,27.3263]]]}},{"type":"Feature","properties":{"k":"LOWERSOUTHPENNAR","n":"Lower South Pennar","b":"East Flowing Rivers"},"geometry":{"type":"Polygon","coordinates":[[[79.137,12.3507],[79.279,12.1189],[79.2629,12.0307],[79.4407,11.8777],[79.8122,11.8492],[79.793,11.7685],[79.3141,11.8626],[79.2283,11.9378],[78.9965,11.8847],[78.8535,11.9671],[78.7115,11.932],[78.6842,12.0659],[78.8665,12.1909],[78.7851,12.2566],[79.137,12.3507]]]}},{"type":"Feature","properties":{"k":"THOUBAL","n":"Thoubal","b":"Barak"},"geometry":{"type":"Polygon","coordinates":[[[94.1788,24.7479],[94.1063,24.6954],[94.0963,24.7987],[94.1538,24.9787],[94.1988,24.9921],[94.3254,25.2471],[94.3313,25.1179],[94.4638,25.1004],[94.4254,25.0312],[94.2788,25.0129],[94.1788,24.7479]]]}},{"type":"Feature","properties":{"k":"GAMBHIR","n":"Gambhir","b":"Yamuna"},"geometry":{"type":"Polygon","coordinates":[[[77.3063,28.4509],[77.3248,28.4063],[77.4343,28.382],[77.4614,28.3171],[77.4082,28.1717],[77.4534,28.076],[77.3817,27.896],[77.4496,27.7889],[77.4251,27.7512],[77.4983,27.7196],[77.5562,27.5775],[77.5751,27.3611],[77.732,27.2899],[77.767,27.2282],[77.8585,27.2295],[77.9141,27.1582],[78.0243,27.158],[78.0937,27.0403],[78.3394,27.0414],[78.4721,26.9454],[78.4124,26.8884],[78.1105,26.8606],[77.6539,26.5197],[77.5093,26.4724],[77.4583,26.524],[77.3856,26.5163],[77.359,26.4413],[77.0154,26.2829],[76.9352,26.4459],[76.8461,26.4065],[76.8696,26.4487],[76.8255,26.4683],[76.8878,26.5194],[76.5712,26.6888],[76.559,26.7704],[76.4534,26.669],[76.4357,26.8102],[76.3891,26.8451],[76.242,26.8548],[76.1666,26.9626],[76.0595,26.9117],[75.9927,27.0327],[76.001,27.1466],[75.8509,27.0675],[75.8954,27.2151],[75.8141,27.3488],[75.8621,27.3942],[75.8833,27.335],[75.9691,27.3143],[76.1388,27.4241],[76.1972,27.401],[76.1888,27.3468],[76.2729,27.3504],[76.3491,27.4103],[76.3393,27.4927],[76.3943,27.5593],[76.4717,27.5447],[76.4711,27.6992],[76.5192,27.6535],[76.6215,27.7632],[76.6536,27.7065],[76.7065,27.7249],[76.7588,27.9007],[76.9358,27.8863],[76.9669,28.159],[77.0565,28.2285],[77.0019,28.3124],[77.0517,28.3942],[77.1494,28.3616],[77.3063,28.4509]]]}},{"type":"Feature","properties":{"k":"LOWERSATLUJ","n":"Lower Satluj","b":"Satluj"},"geometry":{"type":"Polygon","coordinates":[[[78.3519,33.1459],[78.3649,33.1023],[78.4914,33.073],[78.4579,32.9319],[78.5731,32.8622],[78.6496,32.8769],[78.7503,32.6882],[78.6282,32.5968],[78.543,32.6088],[78.4046,32.5244],[78.4724,32.444],[78.4884,32.276],[78.7826,31.9936],[78.7038,31.8052],[78.7518,31.6816],[78.8484,31.609],[78.722,31.5074],[78.7992,31.4436],[78.751,31.3672],[78.818,31.3],[78.818,31.2025],[78.489,31.198],[78.2908,31.3257],[78.1609,31.3441],[78.1022,31.4183],[77.9628,31.4034],[77.584,31.2486],[77.4237,31.2491],[77.3848,31.1231],[77.3008,31.0837],[77.1413,31.1034],[77.1043,30.9087],[76.9829,30.9046],[76.8779,30.8244],[76.5891,31.0393],[76.4699,31.0289],[76.3212,31.2466],[76.1989,31.2997],[75.973,31.7395],[76.0709,31.8364],[76.2845,31.6824],[76.3176,31.6995],[76.4451,31.5212],[76.6211,31.602],[76.6738,31.7122],[76.752,31.7087],[76.7597,31.6366],[76.8169,31.6208],[76.8081,31.5192],[76.9144,31.4931],[76.9061,31.4531],[77.1453,31.4846],[77.2305,31.4534],[77.2666,31.517],[77.5286,31.5702],[77.7627,31.7617],[77.8531,31.7602],[77.8674,31.8865],[77.7656,31.9433],[77.7968,31.9881],[77.7435,32.0858],[77.8054,32.1879],[77.6971,32.2204],[77.7621,32.3229],[77.6246,32.3987],[77.5996,32.5737],[77.6949,32.6375],[77.8051,32.5416],[77.9799,32.5795],[77.9927,32.6325],[77.919,32.6907],[77.8998,32.9206],[77.9173,32.9775],[77.9895,32.9715],[77.9801,33.0801],[78.0489,33.137],[78.3519,33.1459]]]}},{"type":"Feature","properties":{"k":"SONE","n":"Sone","b":"Ganga"},"geometry":{"type":"Polygon","coordinates":[[[84.1549,24.411],[84.004,24.3782],[83.894,24.4572],[83.894,24.5286],[83.6546,24.3494],[83.5752,24.3188],[83.4425,24.3499],[83.3489,24.293],[83.2148,24.4024],[83.2299,24.4324],[82.9956,24.4404],[83.0253,24.5233],[83.5337,24.5472],[83.8391,24.6114],[83.8345,24.7144],[83.9631,24.7529],[84.0031,24.8568],[84.1676,24.8885],[84.287,25.0213],[84.2699,25.2899],[84.2065,25.3898],[84.2447,25.4256],[84.1818,25.4888],[84.3024,25.56],[84.3655,25.6631],[84.3463,25.7087],[84.3813,25.7318],[84.5489,25.6517],[84.8598,25.6974],[84.8621,25.5564],[84.7276,25.2429],[84.3206,25.0032],[84.1208,24.7392],[84.1091,24.5203],[84.1904,24.5125],[84.1549,24.411]]]}},{"type":"Feature","properties":{"k":"BANASD","n":"Banas D","b":"Banas"},"geometry":{"type":"Polygon","coordinates":[[[72.3059,24.3964],[72.3728,24.3945],[72.3416,24.3249],[72.4582,24.3036],[72.4576,24.2485],[72.5272,24.2135],[72.3885,24.1226],[72.2453,23.9139],[71.9935,23.8835],[71.7283,23.7458],[71.5832,23.7301],[71.4687,23.5733],[71.316,23.5218],[71.177,23.3851],[71.0926,23.3829],[71.038,23.4942],[70.9381,23.5494],[71.1075,23.6785],[71.1448,23.8284],[71.2066,23.8633],[71.3457,23.8196],[71.3567,23.8602],[71.4957,23.8644],[71.9947,24.0495],[72.0337,24.1721],[72.1372,24.2394],[72.2183,24.4005],[72.2712,24.4391],[72.3059,24.3964]]]}},{"type":"Feature","properties":{"k":"JALDHAKAINWB","n":"Jaldhaka in WB","b":"Brahmaputra"},"geometry":{"type":"Polygon","coordinates":[[[88.7589,27.1386],[88.8679,27.1063],[88.8705,26.9446],[88.9173,26.9981],[88.9412,26.9309],[89.0894,26.8893],[89.1267,26.8073],[89.3155,26.8088],[89.2994,26.6824],[89.231,26.5974],[89.2738,26.4797],[89.2467,26.401],[89.2722,26.3253],[89.4781,26.2481],[89.4674,25.9995],[89.4258,26.0428],[89.3448,26.0168],[89.1615,26.1396],[89.0913,26.3996],[88.9811,26.4071],[88.9677,26.4589],[88.9165,26.3829],[88.8958,26.3856],[88.7654,26.4898],[88.8232,26.8887],[88.7589,27.1386]],[[89.1535,26.2412],[89.171,26.2374],[89.1778,26.2649],[89.1407,26.2706],[89.1535,26.2412]]]}},{"type":"Feature","properties":{"k":"UPPERGODAVARI","n":"Upper Godavari","b":"Godavari"},"geometry":{"type":"Polygon","coordinates":[[[73.7428,20.4441],[73.985,20.3627],[74.1739,20.3803],[74.2855,20.3401],[74.3522,20.2099],[74.5927,20.1695],[74.7137,20.0761],[74.8452,20.2842],[74.9564,20.2729],[75.0434,20.348],[75.1616,20.3349],[75.3047,20.2254],[75.2416,20.139],[75.259,20.0985],[75.1869,20.0933],[75.1882,19.9939],[75.4035,19.9904],[75.3432,19.7907],[75.4478,19.7627],[75.4328,19.7214],[75.4849,19.6777],[75.6614,19.6814],[75.7171,19.6128],[75.8268,19.6341],[76.0766,19.5547],[76.1293,19.4489],[76.2442,19.4478],[76.2837,19.3707],[77.0242,19.1118],[77.0912,19.2598],[77.0807,19.513],[77.1702,19.5329],[77.1954,19.4821],[77.3229,19.4789],[77.434,19.4161],[77.5044,19.3028],[77.5972,19.2712],[77.6375,19.11],[77.7684,19.0773],[77.7675,18.9826],[77.8676,18.8965],[77.8905,18.8069],[77.7321,18.8164],[77.6256,18.7019],[77.3824,18.865],[77.1021,18.9087],[76.7834,18.7514],[76.3382,18.704],[75.9819,18.825],[75.6083,18.7993],[75.4868,18.8857],[75.3339,18.8748],[75.2693,18.9064],[75.1552,19.1006],[74.9759,19.1039],[74.8583,19.1866],[74.7454,19.357],[74.8333,19.5292],[74.689,19.6137],[74.6078,19.6453],[74.3502,19.6035],[74.0044,19.7577],[73.9558,19.7204],[73.8451,19.739],[73.8061,19.6457],[73.7043,19.5953],[73.5653,19.6223],[73.5224,19.7708],[73.5817,19.8244],[73.5784,19.9024],[73.4805,19.9127],[73.483,20.0578],[73.6471,20.1719],[73.6131,20.3215],[73.7428,20.4441]]]}},{"type":"Feature","properties":{"k":"PRAVARA","n":"Pravara","b":"Godavari"},"geometry":{"type":"Polygon","coordinates":[[[74.0047,19.7575],[74.3502,19.6035],[74.6078,19.6453],[74.7624,19.5818],[74.8384,19.5071],[74.7443,19.4004],[74.826,19.2587],[74.7254,19.2478],[74.6934,19.1472],[74.6005,19.1495],[74.4659,19.0406],[74.0526,19.2431],[73.9835,19.3838],[73.7812,19.3845],[73.6914,19.439],[73.7042,19.515],[73.6236,19.5424],[73.639,19.588],[73.8061,19.6457],[73.8451,19.739],[73.9558,19.7204],[74.0047,19.7575]]]}},{"type":"Feature","properties":{"k":"DHANSIRIATGOLAGHAT","n":"Dhansiri at Golaghat","b":"Brahmaputra"},"geometry":{"type":"Polygon","coordinates":[[[94.4184,26.4452],[94.5108,26.3271],[94.4711,26.2258],[94.5463,26.0883],[94.4607,25.848],[94.2851,25.6763],[94.2846,25.5078],[94.1244,25.4775],[94.0669,25.5983],[93.9669,25.6576],[93.7292,25.5629],[93.7067,25.4988],[93.6475,25.5205],[93.4839,25.3572],[93.339,25.4656],[93.2868,25.5384],[93.3444,25.581],[93.3374,25.6466],[93.4726,25.7058],[93.6914,25.991],[93.5801,26.1474],[93.5026,26.1467],[93.5214,26.2035],[93.8319,26.3647],[93.9428,26.5006],[93.9808,26.4981],[93.9799,26.3319],[94.0468,26.2778],[94.2472,26.2981],[94.4184,26.4452]]]}},{"type":"Feature","properties":{"k":"KAPILIATKAMPUR","n":"Kapili at Kampur","b":"Brahmaputra"},"geometry":{"type":"Polygon","coordinates":[[[92.3004,25.3954],[92.2963,25.4654],[92.1396,25.4921],[92.1577,25.5629],[92.3535,25.6628],[92.4474,25.7647],[92.4257,25.7997],[92.5971,25.8935],[92.5869,25.9452],[92.6766,25.9884],[92.6936,26.1778],[92.8371,26.1682],[92.862,26.2668],[93.0406,26.3949],[93.2225,26.4531],[93.1882,26.3668],[93.3374,26.2526],[93.547,26.261],[93.493,26.1625],[93.5801,26.1474],[93.6029,26.0711],[93.6932,26.0113],[93.4726,25.7058],[93.3374,25.6466],[93.3444,25.581],[93.2868,25.5384],[93.4497,25.3912],[93.4558,25.3282],[93.2867,25.2679],[93.2404,25.1813],[93.0485,25.0998],[92.9666,25.1504],[92.7348,25.1404],[92.6881,25.1965],[92.6002,25.2047],[92.5857,25.2702],[92.5058,25.256],[92.5025,25.331],[92.4441,25.3303],[92.4375,25.3785],[92.3004,25.3954]]]}},{"type":"Feature","properties":{"k":"GOMTI","n":"Gomti","b":"Ganga"},"geometry":{"type":"Polygon","coordinates":[[[80.3002,28.471],[80.3912,28.3075],[80.354,28.212],[80.4781,28.1194],[80.4834,28.0679],[80.593,28.0594],[80.7329,27.9019],[80.7226,27.8432],[80.8246,27.7494],[80.8742,27.5266],[80.966,27.479],[80.9878,27.3417],[81.1431,27.1949],[81.2271,27.1845],[81.2899,27.0596],[81.3684,27.0549],[81.3863,26.9394],[81.645,26.8985],[81.6067,26.7614],[81.8517,26.6262],[81.8173,26.512],[81.894,26.4112],[82.073,26.4581],[82.1842,26.2634],[82.2857,26.3037],[82.3882,26.2006],[82.3902,26.1171],[82.5302,26.1337],[82.5712,26.0979],[82.675,25.8578],[82.853,25.8525],[83.161,25.6726],[83.1317,25.499],[82.9853,25.4279],[82.8158,25.4303],[82.6377,25.5841],[82.7949,25.6286],[82.5808,25.7636],[82.5417,25.8445],[82.3503,25.8197],[82.2127,25.87],[82.1787,25.9458],[82.2119,25.9781],[82.1057,26.0221],[82.142,26.0765],[82.0222,26.1289],[81.9945,26.2659],[81.8851,26.3573],[81.7745,26.3807],[81.6958,26.3382],[81.3833,26.4141],[81.2246,26.6462],[81.0562,26.6466],[80.9648,26.7184],[80.94,26.8225],[80.8441,26.7927],[80.778,26.8618],[80.5975,26.8978],[80.5923,26.9509],[80.5201,26.9291],[80.4082,27.0219],[80.3332,27.1094],[80.3292,27.2077],[80.2735,27.2209],[80.2721,27.4588],[80.2402,27.5234],[80.1952,27.5137],[80.2616,27.6885],[80.1846,27.7319],[80.2003,27.8063],[80.0552,27.9281],[80.1096,28.125],[80.0931,28.2116],[80.0175,28.2794],[80.0556,28.5299],[80.1471,28.7082],[80.3002,28.471]]]}},{"type":"Feature","properties":{"k":"LOWERGHAGHRA","n":"Lower Ghaghra","b":"Ghaghara"},"geometry":{"type":"Polygon","coordinates":[[[83.7924,26.501],[83.9064,26.3133],[83.9131,26.2075],[83.7429,26.0365],[83.5701,26.0831],[83.492,26.2213],[83.2747,26.1944],[82.7965,26.2806],[82.8016,26.3477],[82.7465,26.3642],[82.7202,26.4514],[82.544,26.4601],[82.4376,26.6026],[82.3583,26.5956],[82.2773,26.6983],[82.1459,26.6821],[82.1246,26.7716],[82.2142,26.8053],[82.1478,26.863],[82.1918,26.9603],[81.9547,27.1599],[81.9662,27.2555],[81.826,27.3021],[81.8136,27.3939],[81.7324,27.4839],[81.7518,27.5613],[82.0029,27.4929],[82.0113,27.4422],[82.1157,27.3868],[82.215,27.4034],[82.2719,27.3078],[82.3209,27.3373],[82.3372,27.2758],[82.721,27.0746],[83.2252,26.5373],[83.2954,26.41],[83.4048,26.3463],[83.5864,26.3067],[83.7924,26.501]]]}},{"type":"Feature","properties":{"k":"HARANGI","n":"Harangi","b":"Cauvery"},"geometry":{"type":"Polygon","coordinates":[[[75.82,12.619],[75.9127,12.4622],[75.737,12.4141],[75.6401,12.4863],[75.7674,12.6596],[75.82,12.619]]]}},{"type":"Feature","properties":{"k":"UPPERCAUVERY","n":"Upper Cauvery","b":"Cauvery"},"geometry":{"type":"Polygon","coordinates":[[[76.1442,13.1873],[76.2522,13.1484],[76.2878,13.0775],[76.403,13.0855],[76.5053,13.0264],[76.6336,12.7104],[76.5566,12.5567],[76.5668,12.3917],[76.4926,12.3065],[76.2842,12.2819],[76.0486,12.0415],[76.0445,11.9471],[75.9816,11.9327],[75.9305,12.1069],[75.7625,12.1362],[75.7475,12.2104],[75.6895,12.1768],[75.5963,12.2159],[75.4909,12.3936],[75.9127,12.4622],[75.8199,12.6188],[75.8971,12.6229],[75.9209,12.7189],[76.0442,12.7375],[76.0572,12.8813],[76.1645,13.0169],[76.0886,13.1423],[76.1442,13.1873]]]}},{"type":"Feature","properties":{"k":"LIDDER","n":"Lidder","b":"Jhelum"},"geometry":{"type":"Polygon","coordinates":[[[75.4154,33.9813],[75.3921,33.9162],[75.4311,33.8475],[75.2959,33.7604],[75.1187,33.7489],[75.2121,33.8351],[75.2261,34.0112],[75.4154,33.9813]]]}},{"type":"Feature","properties":{"k":"LOWERJHELUM","n":"Lower Jhelum","b":"Jhelum"},"geometry":{"type":"Polygon","coordinates":[[[75.0788,34.1036],[75.235,34.0299],[75.2157,33.9355],[75.1027,33.8303],[74.8902,33.8277],[74.776,33.6961],[74.5211,33.7025],[74.669,33.8353],[74.7219,33.81],[74.8057,33.8504],[74.8055,34.058],[75.0788,34.1036]]]}},{"type":"Feature","properties":{"k":"DAH","n":"Dah","b":"Indus"},"geometry":{"type":"Polygon","coordinates":[[[76.8831,34.3956],[76.8718,34.2989],[77.1026,34.0473],[76.8228,33.9504],[76.5022,34.1273],[76.5368,34.2574],[76.4324,34.4254],[76.3634,34.44],[76.336,34.5738],[76.4968,34.5822],[76.5055,34.6423],[76.5862,34.6846],[76.5422,34.7637],[76.6976,34.75],[76.8075,34.5601],[76.9828,34.5129],[76.966,34.453],[76.8728,34.433],[76.8831,34.3956]]]}},{"type":"Feature","properties":{"k":"MIDDLEJHELUM","n":"Middle Jhelum","b":"Jhelum"},"geometry":{"type":"Polygon","coordinates":[[[75.1997,33.5161],[74.8329,33.4671],[74.7096,33.5254],[74.6071,33.4963],[74.5165,33.5546],[74.5202,33.6406],[74.5629,33.6918],[74.7798,33.6971],[74.8781,33.8225],[75.1027,33.8303],[75.1966,33.9077],[75.2121,33.8351],[75.1059,33.7305],[75.1364,33.6284],[75.238,33.5403],[75.1997,33.5161]]]}},{"type":"Feature","properties":{"k":"UPPERJHELUM","n":"Upper Jhelum","b":"Jhelum"},"geometry":{"type":"Polygon","coordinates":[[[75.1996,33.5162],[75.238,33.5404],[75.1364,33.6284],[75.1077,33.7422],[75.2959,33.7604],[75.4311,33.8475],[75.5204,33.7163],[75.4979,33.6379],[75.5346,33.6029],[75.4671,33.4996],[75.4813,33.4071],[75.3804,33.3646],[75.1996,33.5162]]]}},{"type":"Feature","properties":{"k":"BETWA","n":"Betwa","b":"Betwa"},"geometry":{"type":"Polygon","coordinates":[[[80.1792,25.8758],[79.9222,25.8349],[79.9141,25.7211],[79.7471,25.5801],[79.7371,25.3834],[79.8551,25.2563],[79.559,25.1106],[79.4724,24.8897],[79.5653,24.7746],[79.4307,24.6914],[79.4322,24.4979],[79.4057,24.403],[79.3244,24.3534],[79.3334,24.2281],[79.2179,24.249],[78.9311,24.1056],[78.8637,23.8906],[78.617,23.7194],[78.6426,23.6818],[78.5141,23.5093],[78.5355,23.4146],[78.1513,23.3149],[78.1139,23.2512],[77.9855,23.3045],[77.8219,23.2451],[77.78,23.162],[77.7108,23.1478],[77.7652,22.9398],[77.6101,22.9192],[77.6001,22.8691],[77.4934,22.893],[77.4489,22.9768],[77.3334,23.0419],[77.3248,23.1135],[77.2068,23.0792],[77.0996,23.1082],[77.3406,23.4557],[77.2919,23.6219],[77.3686,23.7362],[77.3386,23.7713],[77.4153,23.9021],[77.4162,24.0324],[77.4674,24.017],[77.4886,24.0944],[77.5763,24.1034],[77.5946,24.2028],[77.6741,24.2455],[77.6057,24.4222],[77.6345,24.5901],[77.7418,24.6092],[77.8495,24.856],[77.92,24.8511],[77.8673,24.9613],[77.9889,24.9929],[78.0143,25.1171],[78.2156,25.2717],[78.5071,25.3609],[78.5646,25.4507],[78.7122,25.4711],[78.8602,25.6501],[78.906,25.8278],[79.0009,25.8653],[79.3468,25.8311],[79.5878,25.981],[79.9039,25.9946],[79.9719,26.0568],[80.1539,25.9577],[80.1792,25.8758]]]}},{"type":"Feature","properties":{"k":"UPPERCHAMBAL","n":"Upper Chambal","b":"Chambal"},"geometry":{"type":"Polygon","coordinates":[[[75.6323,24.6633],[75.7181,24.5597],[75.682,24.4424],[75.7513,24.3144],[75.6245,24.1577],[75.7678,23.9961],[75.8692,23.9575],[75.886,23.8306],[75.995,23.6883],[75.969,23.602],[76.095,23.5146],[76.0722,23.4062],[76.1172,23.2673],[76.2634,23.145],[76.1762,23.0023],[76.1379,23.0154],[76.0716,22.9345],[76.1276,22.833],[76.2033,22.8339],[76.2012,22.7136],[76.0877,22.6397],[75.9229,22.6424],[75.8511,22.5994],[75.8444,22.5085],[75.7859,22.5246],[75.6713,22.4531],[75.5481,22.5274],[75.4231,22.4765],[75.3006,22.6113],[75.0963,22.6066],[75.1859,22.7567],[75.1428,22.8534],[75.2819,23.0061],[75.221,23.0524],[75.2358,23.1829],[75.0332,23.3831],[74.9192,23.3973],[74.9034,23.5447],[74.7932,23.621],[74.8226,23.6604],[74.7792,23.7007],[74.8418,23.7617],[74.7868,23.9017],[74.834,24.0085],[74.7601,24.1204],[74.8103,24.2694],[74.773,24.4029],[74.8529,24.529],[75.082,24.615],[75.2433,24.5312],[75.4223,24.5628],[75.5053,24.507],[75.5468,24.6484],[75.6323,24.6633]]]}},{"type":"Feature","properties":{"k":"BANASC","n":"Banas C","b":"Banas"},"geometry":{"type":"Polygon","coordinates":[[[72.805,24.6834],[72.5524,24.436],[72.4059,24.3827],[72.2758,24.4244],[72.4026,24.6942],[72.4721,24.7346],[72.7062,24.7821],[72.805,24.6834]]]}},{"type":"Feature","properties":{"k":"SUKRI","n":"Sukri","b":"WFR of Kutch and Saurashtra including Luni"},"geometry":{"type":"Polygon","coordinates":[[[73.4179,25.0113],[73.3904,24.9171],[73.1429,24.7396],[73.1229,24.8621],[72.9054,24.9112],[72.8487,24.6988],[72.8071,24.6812],[72.7062,24.7821],[72.4537,24.7063],[72.3779,24.7987],[72.2804,24.7571],[72.2454,24.8096],[72.1504,24.7937],[72.1562,24.9288],[72.1046,25.0071],[71.7321,25.0371],[71.8371,25.0646],[71.8654,25.1671],[72.0454,25.2221],[72.0854,25.2846],[72.1796,25.2737],[72.3179,25.4746],[72.4012,25.4688],[72.5037,25.5329],[72.7212,25.3679],[72.9329,25.3054],[73.1462,25.0979],[73.2862,25.0738],[73.3329,24.9879],[73.4179,25.0113]]]}},{"type":"Feature","properties":{"k":"BAGMATIADHWARA","n":"Bagmati Adhwara","b":"Ganga"},"geometry":{"type":"Polygon","coordinates":[[[85.6421,26.858],[85.7264,26.8167],[85.7373,26.6504],[85.8521,26.6083],[85.8484,26.5699],[85.9759,26.6595],[86.142,26.627],[86.2723,26.3446],[86.267,26.168],[86.3464,26.0784],[86.3304,25.8674],[86.4312,25.8061],[86.5081,25.6402],[86.7146,25.535],[86.591,25.4912],[86.4333,25.5167],[86.4207,25.5721],[86.3481,25.5653],[86.3899,25.6062],[86.3254,25.6547],[86.2698,25.6103],[86.1951,25.6346],[86.1339,25.7345],[86.0281,25.7362],[85.9587,25.9592],[85.7882,26.029],[85.6023,26.0127],[85.4873,26.1626],[85.3945,26.1585],[85.4216,26.1968],[85.3464,26.5219],[85.2559,26.6005],[85.2508,26.7598],[85.3368,26.7414],[85.6421,26.858]]]}},{"type":"Feature","properties":{"k":"KANGSABATI","n":"Kangsabati","b":"Kangsabati"},"geometry":{"type":"Polygon","coordinates":[[[87.5789,22.5522],[87.5305,22.4829],[87.7043,22.4374],[87.7582,22.3144],[87.7422,22.2095],[88.1114,22.0857],[88.1313,22.0519],[88.0622,22.0131],[87.9919,22.1025],[87.9594,22.0997],[88.0525,22.0142],[88.0169,21.9387],[87.8529,22.1026],[87.5608,22.0566],[87.4337,21.9311],[87.3045,21.994],[87.2141,22.1967],[87.1372,22.214],[87.0873,22.3675],[86.9443,22.4501],[86.8432,22.6265],[86.6759,22.6376],[86.6397,22.727],[86.5462,22.725],[86.5323,22.8356],[86.3994,22.8219],[86.3316,22.8603],[86.3391,22.909],[86.2366,22.9211],[86.1718,23.0666],[86.2093,23.1308],[86.001,23.3133],[86.0369,23.3359],[86.0168,23.416],[85.955,23.4756],[86.3276,23.3815],[86.5194,23.398],[86.6321,23.3061],[86.6979,23.1367],[87.0832,22.7665],[87.0801,22.6453],[87.3402,22.5386],[87.5112,22.5794],[87.5789,22.5522]]]}},{"type":"Feature","properties":{"k":"GANDAK","n":"Gandak","b":"Ganga"},"geometry":{"type":"Polygon","coordinates":[[[84.1093,27.5204],[84.2076,27.4419],[84.2536,27.4549],[84.2916,27.3852],[84.6262,27.3365],[84.6914,27.2233],[84.6462,27.0467],[84.9616,26.9628],[85.0588,26.8846],[85.0341,26.8531],[85.1956,26.869],[85.1846,26.798],[85.2539,26.7487],[85.2559,26.6005],[85.3464,26.5219],[85.4216,26.1968],[85.3945,26.1585],[85.4873,26.1626],[85.6023,26.0127],[85.7882,26.029],[85.9587,25.9592],[86.0272,25.7371],[86.1339,25.7345],[86.1951,25.6346],[86.369,25.6234],[86.3481,25.5653],[86.4207,25.5721],[86.4812,25.4991],[86.4376,25.423],[86.2962,25.4305],[86.1623,25.3686],[86.0033,25.4396],[85.8822,25.5985],[85.5925,25.5636],[85.2183,25.7043],[85.1826,25.6632],[85.0689,25.777],[84.617,25.7502],[84.4469,25.8243],[83.966,25.9131],[83.8742,26.028],[83.7774,26.0684],[83.9018,26.1706],[83.9127,26.2829],[83.8017,26.46],[83.7807,26.6654],[83.6951,26.7654],[83.6797,26.8607],[83.6387,26.8633],[83.6083,27.1103],[83.7687,27.3966],[83.8666,27.3449],[83.8509,27.446],[84.017,27.408],[84.1093,27.5204]]]}},{"type":"Feature","properties":{"k":"KANHAR","n":"Kanhar","b":"Ganga"},"geometry":{"type":"Polygon","coordinates":[[[83.1509,24.4532],[83.2299,24.4324],[83.3222,24.2952],[83.4791,24.3442],[83.4398,24.282],[83.4993,24.1684],[83.4394,24.0984],[83.6378,24.0414],[83.6876,23.9705],[83.6537,23.952],[83.7568,23.8967],[83.7824,23.7666],[83.8556,23.7434],[83.8154,23.6764],[83.8467,23.6223],[84.0048,23.5281],[83.9093,23.3674],[83.9404,23.338],[84.0186,23.3703],[84.0579,23.3065],[84.0268,23.2524],[83.8832,23.2066],[83.9277,23.1675],[83.9127,23.0516],[83.7342,23.1855],[83.6942,23.1681],[83.6968,23.0817],[83.6373,23.1012],[83.6543,23.2967],[83.7041,23.3332],[83.6251,23.4925],[83.4646,23.5052],[83.4181,23.5612],[83.4761,23.6017],[83.4556,23.6795],[83.5038,23.7239],[83.3534,23.743],[83.3855,23.8499],[83.3251,23.8878],[83.1548,23.848],[83.0611,23.8732],[83.0548,24.1451],[83.1382,24.2311],[83.0922,24.2533],[83.0577,24.4195],[83.1509,24.4532]]]}},{"type":"Feature","properties":{"k":"NORTHKOEL","n":"North Koel","b":"Ganga"},"geometry":{"type":"Polygon","coordinates":[[[83.896,24.5233],[83.894,24.4572],[84.004,24.3782],[84.1549,24.411],[84.1923,24.2674],[84.385,24.2528],[84.4277,24.1714],[84.5769,24.144],[84.7103,24.1778],[84.7713,24.0628],[84.8668,24.0368],[84.9324,24.0741],[85.0232,24.029],[84.921,24.0123],[84.8966,23.9042],[84.7569,23.7962],[84.7283,23.6814],[84.6596,23.6497],[84.6553,23.5605],[84.5994,23.543],[84.6003,23.4803],[84.4214,23.2855],[84.4539,23.0729],[84.3376,23.1375],[84.3419,23.1977],[84.2367,23.3439],[83.9878,23.3802],[83.9184,23.3459],[84.004,23.5296],[83.8467,23.6223],[83.8154,23.6764],[83.8556,23.7434],[83.7824,23.7666],[83.7568,23.8967],[83.6537,23.952],[83.6876,23.9705],[83.6378,24.0414],[83.4377,24.1025],[83.4993,24.1684],[83.4477,24.2408],[83.4617,24.3298],[83.5752,24.3188],[83.7542,24.3935],[83.8364,24.5142],[83.896,24.5233]]]}},{"type":"Feature","properties":{"k":"MIDDLENARMADA","n":"Middle Narmada","b":"Narmada"},"geometry":{"type":"Polygon","coordinates":[[[80.1523,23.7698],[80.2001,23.6181],[80.3476,23.5814],[80.4918,23.621],[80.5039,23.381],[80.4,23.148],[80.4257,23.0391],[80.5065,23.0189],[80.4032,22.862],[80.4557,22.7322],[80.427,22.6148],[80.2495,22.5745],[80.1924,22.6885],[80.0202,22.6795],[79.8574,22.5895],[79.4717,22.5429],[79.1438,22.4437],[79.0476,22.3575],[78.8032,22.3955],[78.6801,22.3694],[78.5058,22.2627],[78.3917,22.2618],[78.5072,22.1155],[78.0791,21.9776],[78.1004,21.9209],[78.0328,21.9036],[78.0466,21.8286],[77.901,21.7975],[77.7476,21.8711],[77.7409,21.922],[77.67,21.9186],[77.7548,22.1642],[77.676,22.3751],[77.8189,22.5737],[77.7999,22.7063],[77.7328,22.7528],[77.76,22.8115],[77.6869,22.8702],[77.7652,22.9398],[77.7034,23.0988],[77.8219,23.2451],[77.9855,23.3045],[78.1139,23.2512],[78.1513,23.3149],[78.2347,23.3078],[78.2428,23.3453],[78.5117,23.4229],[78.5963,23.4141],[78.6101,23.3694],[78.9262,23.3413],[79.02,23.2136],[79.1098,23.2228],[79.1686,23.1396],[79.2582,23.1347],[79.4199,23.1934],[79.4981,23.301],[79.551,23.2914],[79.7001,23.4006],[79.8055,23.6688],[79.9123,23.6464],[80.0901,23.7731],[80.1523,23.7698]]]}},{"type":"Feature","properties":{"k":"PURNA","n":"Purna","b":"Godavari"},"geometry":{"type":"Polygon","coordinates":[[[75.9554,20.5306],[76.0957,20.3575],[76.3635,20.1486],[76.4223,20.0184],[76.7376,19.919],[76.9179,19.7104],[77.0095,19.7154],[77.0551,19.6136],[77.017,19.5299],[77.0872,19.5187],[77.0912,19.2598],[77.0282,19.1124],[76.6199,19.2221],[76.4294,19.3418],[76.2837,19.3707],[76.2442,19.4478],[76.1293,19.4489],[76.0766,19.5547],[75.8268,19.6341],[75.7171,19.6128],[75.6614,19.6814],[75.4849,19.6777],[75.4328,19.7214],[75.4478,19.7627],[75.3432,19.7907],[75.4035,19.9904],[75.1882,19.9939],[75.1869,20.0933],[75.259,20.0985],[75.2416,20.139],[75.3047,20.2245],[75.1619,20.3339],[75.2189,20.4052],[75.3162,20.4111],[75.4652,20.5047],[75.7413,20.4555],[75.7963,20.5096],[75.9554,20.5306]]]}},{"type":"Feature","properties":{"k":"GUMTI","n":"Gumti","b":"Gumti"},"geometry":{"type":"Polygon","coordinates":[[[91.9396,23.6887],[91.9787,23.4822],[91.7852,23.3311],[91.6534,23.359],[91.6253,23.4247],[91.4243,23.3716],[91.2278,23.499],[91.2611,23.5735],[91.4153,23.5933],[91.5713,23.7671],[91.7171,23.7687],[91.7463,23.6762],[91.9396,23.6887]]]}},{"type":"Feature","properties":{"k":"NARMADAHOSHANGABADTOSARDARSAROVAR","n":"Narmada Hoshangabad to Sardar Sarovar","b":"Narmada"},"geometry":{"type":"Polygon","coordinates":[[[77.2866,23.1238],[77.4934,22.893],[77.6001,22.8691],[77.6101,22.9192],[77.7042,22.9095],[77.6869,22.8701],[77.76,22.8115],[77.7328,22.7528],[77.7999,22.7063],[77.8189,22.5737],[77.676,22.3751],[77.745,22.2602],[77.7157,22.0277],[77.6681,21.9675],[77.5375,22.0129],[77.2807,22.0018],[77.13,21.8836],[76.951,21.8335],[76.898,21.7313],[76.7382,21.6662],[76.6692,21.5662],[76.3045,21.5844],[76.2213,21.4596],[76.1098,21.4177],[75.8167,21.5329],[75.7871,21.4292],[75.7178,21.3925],[75.644,21.4813],[75.5633,21.4795],[75.5472,21.5345],[74.9118,21.5947],[74.8848,21.7313],[74.82,21.7303],[74.7512,21.7996],[74.6577,21.7754],[74.5095,21.8668],[74.2244,21.6916],[73.9412,21.684],[73.8952,21.6346],[73.7255,21.8043],[73.9634,21.9623],[74.1068,22.0072],[74.2259,21.986],[74.3113,22.0387],[74.2243,22.2299],[74.3431,22.3573],[74.3382,22.5113],[74.2713,22.5374],[74.3135,22.6172],[74.5317,22.5111],[74.5866,22.5678],[74.7523,22.5601],[74.8277,22.6138],[75.0088,22.5577],[75.2898,22.6138],[75.4231,22.4765],[75.5481,22.5274],[75.6713,22.4531],[75.7859,22.5246],[75.8444,22.5085],[75.8511,22.5994],[75.9527,22.652],[76.0877,22.6397],[76.1825,22.6945],[76.2525,22.6703],[76.2617,22.607],[76.3658,22.597],[76.3742,22.6628],[76.4967,22.7312],[76.5085,22.7962],[76.5825,22.7714],[76.6943,22.8445],[76.7641,22.8162],[77.0246,22.9754],[77.0996,23.1082],[77.2068,23.0792],[77.2866,23.1238]]]}},{"type":"Feature","properties":{"k":"UPPERNARMADA","n":"Upper Narmada","b":"Narmada"},"geometry":{"type":"Polygon","coordinates":[[[80.9363,23.2845],[80.9848,23.1403],[81.0551,23.1642],[81.093,23.0698],[81.1466,23.0585],[81.1498,22.98],[81.3037,22.9763],[81.3685,22.9139],[81.6732,22.835],[81.7741,22.6738],[81.4029,22.441],[81.3827,22.5132],[81.3306,22.5273],[81.3133,22.4796],[81.1921,22.4694],[81.1893,22.385],[81.1081,22.3355],[81.1341,22.2516],[81.079,22.2386],[81.0537,22.019],[80.842,21.6969],[80.7618,21.8514],[80.787,21.9568],[80.7296,22.0093],[80.6342,22.0062],[80.5789,21.9017],[80.4397,22.0964],[80.2346,22.201],[80.3025,22.3002],[80.2829,22.5209],[80.2414,22.5321],[80.2596,22.5931],[80.3254,22.572],[80.4466,22.6303],[80.4032,22.862],[80.4708,22.9927],[80.6176,23.0485],[80.6483,23.1376],[80.776,23.1681],[80.8054,23.2389],[80.8627,23.2211],[80.9363,23.2845]]]}},{"type":"Feature","properties":{"k":"UPPERTAPI","n":"Upper Tapi","b":"Tapi"},"geometry":{"type":"Polygon","coordinates":[[[77.4358,22.0158],[77.6619,21.9803],[77.67,21.9186],[77.7409,21.922],[77.7476,21.8711],[77.901,21.7975],[78.1395,21.8719],[78.2671,21.7909],[78.2565,21.6164],[78.1953,21.5793],[77.8414,21.6161],[77.746,21.5413],[77.8236,21.4781],[77.7829,21.3235],[77.9369,21.1485],[77.8843,20.9203],[77.5445,20.6915],[77.4463,20.5587],[77.442,20.4569],[77.2332,20.3957],[77.1428,20.3096],[77.117,20.1463],[76.9189,20.2036],[76.8812,20.1713],[76.7464,20.2694],[76.5677,20.2564],[76.2755,20.4877],[76.1712,20.5428],[76.0516,20.536],[76.088,20.6401],[75.9855,20.7492],[75.9607,20.8922],[76.0404,20.9619],[75.9457,21.0717],[75.9455,21.2313],[75.7342,21.363],[75.81,21.5296],[75.9475,21.4578],[76.0614,21.4686],[76.1098,21.4177],[76.2213,21.4596],[76.3045,21.5844],[76.6692,21.5662],[76.7382,21.6662],[76.898,21.7313],[76.951,21.8335],[77.13,21.8836],[77.2807,22.0018],[77.4358,22.0158]]]}},{"type":"Feature","properties":{"k":"WAINGANGAPRANHITA","n":"Wainganga & Pranhita","b":"Godavari"},"geometry":{"type":"Polygon","coordinates":[[[80.2614,22.5802],[80.3025,22.3002],[80.2346,22.201],[80.4397,22.0964],[80.5789,21.9017],[80.6342,22.0062],[80.7296,22.0093],[80.787,21.9568],[80.7931,21.7356],[80.8796,21.6786],[80.8587,21.602],[80.7605,21.5548],[80.7775,21.4793],[80.7062,21.4305],[80.7108,21.2774],[80.5921,21.1887],[80.5948,20.976],[80.5446,20.8673],[80.4407,20.7771],[80.4432,20.6747],[80.4954,20.667],[80.5272,20.5344],[80.6218,20.4616],[80.552,20.4184],[80.6082,20.2522],[80.5552,20.1805],[80.3719,20.1953],[80.3692,20.102],[80.3132,20.1188],[80.3312,19.9655],[80.2132,19.8511],[80.2373,19.7768],[80.1512,19.6569],[80.1969,19.5621],[80.1494,19.5179],[80.2051,19.465],[80.1725,19.3805],[80.2389,19.2613],[80.0693,19.1651],[80.1579,18.9473],[80.1404,18.87],[79.9954,18.8211],[79.9175,18.8355],[79.9348,18.8961],[79.8221,18.9125],[79.7324,19.0047],[79.6678,18.9683],[79.5624,18.9972],[79.3757,19.1765],[79.2648,19.1034],[79.2568,19.0512],[79.157,19.0775],[79.09,19.2016],[78.9064,19.2819],[78.8925,19.3505],[78.8215,19.387],[78.8511,19.4299],[78.7346,19.5126],[78.8687,19.6108],[78.8649,19.6606],[79.0851,19.6455],[79.1705,19.5868],[79.1926,19.6572],[79.3713,19.5743],[79.4393,19.453],[79.6209,19.4062],[79.7828,19.6031],[79.5858,19.7188],[79.5033,19.946],[79.4046,19.971],[79.3751,20.1968],[79.3179,20.244],[79.2772,20.4998],[79.2333,20.5423],[79.2473,20.5977],[79.3187,20.5854],[79.3729,20.6544],[79.306,20.7632],[79.1215,20.8342],[79.1317,20.9386],[78.9776,21.1702],[78.7081,21.2187],[78.6854,21.3039],[78.7401,21.3131],[78.6712,21.3702],[78.6234,21.5321],[78.5247,21.547],[78.3527,21.6778],[78.4294,21.8204],[78.3136,21.8478],[78.2385,21.7917],[78.152,21.8705],[78.0632,21.842],[78.0328,21.9036],[78.1004,21.9209],[78.0791,21.9776],[78.2568,22.0645],[78.5072,22.1155],[78.3917,22.2618],[78.5058,22.2627],[78.6801,22.3694],[78.8032,22.3955],[79.0476,22.3575],[79.1438,22.4437],[79.4717,22.5429],[79.8574,22.5895],[80.0202,22.6795],[80.1924,22.6885],[80.2614,22.5802]]]}},{"type":"Feature","properties":{"k":"SHARDA","n":"Sharda","b":"Sharda"},"geometry":{"type":"Polygon","coordinates":[[[80.2251,30.5783],[80.5411,30.4487],[80.5988,30.4816],[80.8044,30.3227],[81.0307,30.2467],[81.0429,30.2035],[80.9367,30.1766],[80.9028,30.216],[80.7443,30.0021],[80.6003,29.9536],[80.4965,29.7961],[80.374,29.7489],[80.4138,29.5978],[80.3029,29.4504],[80.2463,29.4407],[80.3166,29.3225],[80.3023,29.1984],[80.2541,29.2192],[80.2736,29.1444],[80.1489,29.0997],[80.0647,28.8398],[80.2663,28.7504],[80.6909,28.3331],[80.9571,28.218],[81.0574,28.1024],[81.0283,28.028],[81.1642,27.9335],[81.2509,27.6593],[80.9913,27.7722],[80.9364,27.9352],[80.6877,28.0459],[80.5917,28.1811],[80.6039,28.2284],[80.4971,28.2549],[80.3344,28.4701],[80.2568,28.4955],[80.2644,28.56],[80.1813,28.6687],[80.0222,28.801],[80.0111,29.0946],[79.8959,29.1362],[79.9516,29.2047],[79.7412,29.3847],[79.7568,29.5281],[79.8518,29.5633],[79.8358,29.6578],[79.7639,29.6797],[79.6721,29.8424],[79.4944,29.89],[79.4835,30.0227],[79.7773,30.0038],[80.0524,30.157],[80.0965,30.2302],[79.9878,30.3165],[80.0394,30.4093],[79.9971,30.5402],[80.0441,30.5971],[80.1278,30.5572],[80.2251,30.5783]]]}},{"type":"Feature","properties":{"k":"GHAGHRANEPAL","n":"Ghaghra Nepal","b":"Ganga"},"geometry":{"type":"MultiPolygon","coordinates":[[[[80.6746,30.6887],[80.8793,30.6558],[80.9629,30.5912],[81.2045,30.5824],[81.3688,30.4727],[81.3271,30.4379],[81.4879,30.3813],[81.5521,30.3687],[81.5601,30.4264],[81.6295,30.4453],[81.9879,30.3212],[82.0837,30.3629],[82.1287,30.3046],[82.1021,30.2379],[82.2054,30.1537],[82.1754,30.1212],[82.1854,30.1096],[82.1663,30.0821],[82.1737,30.0629],[82.3937,30.0271],[82.4971,29.9471],[82.5479,29.9654],[82.6429,29.8704],[82.6254,29.8379],[82.7246,29.8362],[82.6929,29.7613],[82.7521,29.7662],[82.8271,29.6896],[82.9363,29.7037],[83.0846,29.6029],[83.2062,29.6179],[83.2788,29.5679],[83.2687,29.5079],[83.4146,29.4204],[83.4646,29.2746],[83.5371,29.2029],[83.6654,29.1704],[83.6146,28.9871],[83.4996,28.8771],[83.4829,28.7821],[83.2846,28.7271],[83.2763,28.6746],[83.1579,28.6321],[83.1396,28.5888],[83.2221,28.5154],[83.1996,28.4688],[82.7646,28.5012],[82.7288,28.4421],[82.5787,28.5679],[82.3846,28.5287],[82.3629,28.3313],[82.5037,28.2146],[82.6021,28.0138],[82.5104,27.9496],[82.3688,27.9479],[82.0196,28.0996],[81.9213,28.2279],[81.7463,28.3113],[81.6821,28.2271],[81.6604,28.0629],[81.6059,28.0194],[81.4783,28.0841],[81.4292,28.171],[81.3196,28.1354],[81.2157,28.3575],[80.9057,28.459],[80.9086,28.495],[80.7871,28.5245],[80.5826,28.6836],[80.5087,28.6658],[80.5228,28.5576],[80.4384,28.6374],[80.3722,28.6333],[80.2622,28.7534],[80.0703,28.8292],[80.0633,28.9038],[80.1522,29.1047],[80.2736,29.1444],[80.2541,29.2192],[80.3023,29.1984],[80.3166,29.3225],[80.2463,29.4407],[80.3029,29.4504],[80.4138,29.5978],[80.3704,29.7428],[80.4381,29.8053],[80.4965,29.7961],[80.6003,29.9536],[80.7443,30.0021],[80.9028,30.216],[80.9367,30.1766],[81.0429,30.2035],[81.0307,30.2467],[80.8044,30.3227],[80.6599,30.4387],[80.666,30.5742],[80.6089,30.6646],[80.6746,30.6887]]],[[[80.6563,30.4428],[80.6562,30.4429],[80.6547,30.4437],[80.6559,30.4433],[80.6563,30.4428]]]]}},{"type":"Feature","properties":{"k":"SABARMATIA","n":"Sabarmati A","b":"Sabarmati"},"geometry":{"type":"Polygon","coordinates":[[[73.1344,24.7447],[73.2229,24.7613],[73.2821,24.8654],[73.3898,24.9171],[73.4136,24.7816],[73.5641,24.6738],[73.5554,24.494],[73.5971,24.4586],[73.5448,24.4333],[73.5565,24.2849],[73.454,24.2831],[73.4097,24.2021],[73.3248,24.2002],[73.3153,24.145],[73.2557,24.1563],[73.2578,24.207],[73.2117,24.1596],[73.0058,24.23],[72.9496,24.3957],[73.0491,24.594],[73.1524,24.6785],[73.1344,24.7447]]]}},{"type":"Feature","properties":{"k":"HAGARIORVEDAVATI","n":"Hagari or Vedavati","b":"Krishna"},"geometry":{"type":"Polygon","coordinates":[[[77.3857,15.24],[77.405,15.0649],[77.2494,14.8944],[77.2235,14.6339],[77.0871,14.5355],[77.0687,14.4638],[77.1041,14.429],[77.0804,14.2736],[77.1609,14.171],[77.1075,14.1315],[77.1794,13.9341],[77.1211,13.8689],[77.1787,13.7755],[77.1342,13.6567],[77.1574,13.5888],[77.0694,13.557],[76.9984,13.4421],[76.8382,13.4767],[76.7736,13.3481],[76.6867,13.3837],[76.5828,13.2973],[76.3506,13.2698],[76.2514,13.1485],[76.143,13.1885],[76.0324,13.0995],[75.9618,13.133],[75.8793,13.3086],[75.717,13.3888],[75.7776,13.5222],[75.8818,13.5377],[75.8743,13.6191],[75.9402,13.6407],[75.9528,13.7703],[75.8953,13.8129],[75.9205,13.8989],[76.1163,13.8567],[76.2444,13.9485],[76.2384,14.1303],[76.186,14.1764],[76.2764,14.4058],[76.2706,14.5234],[76.3647,14.5993],[76.4741,14.882],[76.6136,14.9046],[76.5878,15.0076],[76.7046,14.946],[76.7866,15.0055],[76.7564,15.2307],[76.8112,15.3173],[76.9026,15.3552],[76.8661,15.48],[76.9346,15.7361],[77.1108,15.5454],[77.1469,15.4305],[77.2853,15.4114],[77.3857,15.24]]]}},{"type":"Feature","properties":{"k":"MIDDLETAPI","n":"Middle Tapi","b":"Tapi"},"geometry":{"type":"Polygon","coordinates":[[[74.5105,21.8657],[74.6577,21.7754],[74.7512,21.7996],[74.82,21.7303],[74.8848,21.7313],[74.9118,21.5947],[75.5472,21.5345],[75.5633,21.4795],[75.644,21.4813],[75.7342,21.363],[75.9262,21.2686],[75.9457,21.0717],[76.0404,20.9619],[75.9607,20.8922],[75.9855,20.7492],[76.088,20.6401],[76.0516,20.536],[75.9321,20.5478],[75.7413,20.4555],[75.4652,20.5047],[75.3162,20.4111],[75.2189,20.4052],[75.1617,20.3349],[75.0434,20.348],[74.9564,20.2729],[74.8452,20.2842],[74.7137,20.0761],[74.5927,20.1695],[74.3522,20.2099],[74.2855,20.3401],[74.1739,20.3803],[73.985,20.3627],[73.7331,20.447],[73.6854,20.5088],[73.8374,20.6206],[73.8255,20.7226],[73.9364,20.7261],[73.9244,20.901],[73.9738,20.9851],[73.8417,20.986],[73.8089,21.0682],[73.5881,21.1364],[73.6908,21.5657],[73.8439,21.5996],[73.9412,21.684],[74.2244,21.6916],[74.5105,21.8657]]]}},{"type":"Feature","properties":{"k":"LOWERTUNGABHADRA","n":"Lower Tungabhadra","b":"Krishna"},"geometry":{"type":"Polygon","coordinates":[[[77.0491,16.2422],[77.5293,16.1404],[77.5833,16.1774],[77.741,16.1414],[78.0461,15.9094],[78.2844,15.9471],[78.2702,15.7874],[78.0655,15.6673],[78.0482,15.4676],[77.766,15.2043],[77.69,15.3396],[77.5765,15.3822],[77.5301,15.3057],[77.3835,15.2408],[77.3319,15.3696],[77.1478,15.4297],[77.1108,15.5454],[76.9346,15.7361],[76.8661,15.48],[76.9026,15.3552],[76.8112,15.3173],[76.7564,15.2307],[76.7866,15.0055],[76.7046,14.946],[76.5878,15.0076],[76.6136,14.9046],[76.4741,14.882],[76.4273,14.9898],[76.499,15.0825],[76.2966,15.3092],[76.1822,15.3297],[76.2708,15.4961],[76.2459,15.5859],[76.0576,15.7024],[76.0417,15.7723],[76.1087,15.79],[76.1826,15.9026],[76.3594,15.9633],[76.4263,16.0555],[76.6265,16.093],[76.6851,16.179],[76.8292,16.1712],[76.8921,16.2733],[76.9622,16.2069],[77.0491,16.2422]]]}},{"type":"Feature","properties":{"k":"MIDDLETUNGABHADRA","n":"Middle Tungabhadra","b":"Krishna"},"geometry":{"type":"Polygon","coordinates":[[[75.4495,14.2277],[75.2338,14.0604],[75.2021,14.1512],[75.1246,14.1946],[75.0904,14.1004],[74.9296,14.1521],[74.8088,14.2587],[74.9182,14.4353],[74.8857,14.5798],[74.8268,14.623],[74.9107,14.6857],[74.9374,14.7863],[75.0118,14.7552],[75.0717,14.8148],[75.1897,15.0976],[75.3894,15.1025],[75.7418,15.4296],[75.8899,15.6433],[76.0505,15.7374],[76.2459,15.5859],[76.2708,15.4961],[76.1822,15.3297],[76.2966,15.3092],[76.499,15.0825],[76.4273,14.9898],[76.4852,14.8513],[76.4199,14.7845],[76.3647,14.5993],[76.2787,14.542],[76.2764,14.4058],[76.186,14.1764],[76.2384,14.1303],[76.2444,13.9485],[76.1163,13.8567],[75.8777,13.9035],[75.8035,14.1524],[75.6328,14.1691],[75.5342,14.2287],[75.4495,14.2277]]]}},{"type":"Feature","properties":{"k":"UPPERTUNGABHADRA","n":"Upper Tungabhadra","b":"Krishna"},"geometry":{"type":"Polygon","coordinates":[[[75.1187,13.7205],[75.1412,13.8087],[75.1796,13.7904],[75.1771,13.8554],[75.2354,13.8746],[75.3171,14.0146],[75.3044,14.0912],[75.4495,14.2277],[75.5127,14.2313],[75.8088,14.1467],[75.8777,13.9035],[75.9264,13.9032],[75.8953,13.8128],[75.9576,13.739],[75.9389,13.6384],[75.8743,13.6191],[75.8859,13.542],[75.7792,13.5239],[75.7582,13.4111],[75.661,13.3373],[75.6301,13.1307],[75.3543,13.1868],[75.2522,13.129],[75.1668,13.2038],[75.0796,13.3424],[75.1352,13.3714],[75.156,13.4594],[75.0472,13.5726],[75.1509,13.6225],[75.1784,13.6865],[75.1187,13.7205]]]}},{"type":"Feature","properties":{"k":"NIMMO","n":"Nimmo","b":"Indus"},"geometry":{"type":"Polygon","coordinates":[[[77.8974,32.5347],[77.7744,32.5532],[77.7288,32.6351],[77.6404,32.6329],[77.5454,32.7713],[77.3634,32.7158],[77.4237,32.7504],[77.3746,32.8229],[77.1604,32.9113],[77.1429,32.9813],[76.9313,33.0279],[76.8904,33.1221],[76.8187,33.1562],[76.8304,33.2254],[76.7379,33.2604],[76.6271,33.4363],[76.5804,33.4246],[76.4496,33.5637],[76.4163,33.5388],[76.2921,33.6171],[76.2664,33.7871],[76.3905,33.9061],[76.5307,33.9155],[76.5306,33.9812],[76.609,34.067],[76.8228,33.9504],[76.9657,34.0152],[77.0737,34.0091],[77.1025,34.0505],[77.0062,34.1308],[77.0195,34.1733],[77.3141,34.1692],[77.3743,34.3258],[77.6841,34.2453],[77.7771,34.1208],[77.9393,34.0459],[77.9524,33.8976],[77.9095,33.8576],[77.6474,33.7818],[77.6283,33.7171],[77.5567,33.6936],[77.6392,33.5077],[77.8374,33.5152],[77.9316,33.4666],[77.9587,33.3939],[77.973,33.2344],[77.9341,33.2166],[78.0054,33.1012],[77.9619,33.0202],[77.9895,32.9715],[77.9173,32.9775],[77.9008,32.8586],[77.919,32.6907],[77.9928,32.6309],[77.8974,32.5347]]]}},{"type":"Feature","properties":{"k":"VAITARNA","n":"Vaitarna","b":"West Flowing River Tapi to Tadri"},"geometry":{"type":"Polygon","coordinates":[[[73.4804,19.9128],[73.5737,19.9219],[73.5817,19.8244],[73.5224,19.7708],[73.5618,19.6985],[73.4334,19.6639],[73.3653,19.5436],[73.1556,19.4611],[73.1598,19.4213],[73.0164,19.4447],[72.9572,19.3925],[72.7267,19.5604],[72.833,19.6198],[72.8249,19.8866],[72.8965,19.9992],[73.1314,20.0427],[73.3374,19.8699],[73.4804,19.9128]]]}},{"type":"Feature","properties":{"k":"BARAKARWEST","n":"Barakar West","b":"Barakar"},"geometry":{"type":"Polygon","coordinates":[[[85.7465,24.4843],[85.7721,24.4425],[85.8846,24.4381],[86.1069,24.4741],[86.1762,24.4074],[86.0076,24.2658],[85.8991,24.2415],[85.8435,24.0876],[85.7334,24.0345],[85.5181,24.1376],[85.3114,24.0945],[85.2253,24.1576],[85.2327,24.205],[85.1927,24.1972],[85.2162,24.2373],[85.1483,24.3405],[85.2052,24.3706],[85.3807,24.4556],[85.5232,24.435],[85.7152,24.5124],[85.7465,24.4843]]]}},{"type":"Feature","properties":{"k":"UPPERSOUTHPENNAR","n":"Upper South Pennar","b":"East Flowing Rivers"},"geometry":{"type":"Polygon","coordinates":[[[78.2436,12.7031],[78.3371,12.6939],[78.4771,12.5747],[78.6834,12.5864],[78.7407,12.6449],[78.7941,12.6197],[78.6639,12.2838],[78.6922,12.2353],[78.8104,12.2457],[78.8665,12.1909],[78.6842,12.0659],[78.7194,11.8355],[78.648,11.8647],[78.6027,11.8154],[78.6022,11.8498],[78.5069,11.8334],[78.5126,11.8736],[78.4381,11.8884],[78.3531,11.7924],[78.2127,11.7746],[78.3059,11.9975],[78.2293,12.052],[78.1879,12.0003],[78.152,12.0369],[78.1028,12.0119],[78.1403,12.1069],[78.026,12.2287],[78.0714,12.272],[78.0234,12.3398],[78.0197,12.4838],[78.2436,12.7031]]]}},{"type":"Feature","properties":{"k":"GUMMANUR","n":"Gummanur","b":"East Flowing Rivers"},"geometry":{"type":"Polygon","coordinates":[[[77.8889,13.2986],[77.889,13.1767],[77.9621,13.0946],[78.0168,13.1185],[78.2158,13.0302],[78.2844,12.8612],[78.2435,12.7776],[78.304,12.6901],[78.2392,12.703],[78.0529,12.4873],[77.9138,12.5528],[77.8784,12.655],[77.6888,12.6502],[77.5748,12.8127],[77.5943,13.0056],[77.5294,13.046],[77.6836,13.3637],[77.6927,13.4884],[77.7617,13.5078],[77.7912,13.4424],[77.8692,13.4181],[77.9879,13.4437],[77.9832,13.3824],[77.8889,13.2986]],[[77.8889,13.2986],[77.8889,13.2995],[77.888,13.2995],[77.888,13.2986],[77.8889,13.2986]]]}},{"type":"Feature","properties":{"k":"LOWERVAIGAI","n":"Lower Vaigai","b":"East Flowing Rivers"},"geometry":{"type":"Polygon","coordinates":[[[78.1204,10.1899],[78.4081,10.0278],[78.4695,9.888],[78.4985,9.6014],[78.62,9.6244],[78.6458,9.5406],[78.8896,9.4614],[79.0546,9.2985],[79.1883,9.2809],[78.8578,9.269],[78.8735,9.3563],[78.46,9.6111],[78.4528,9.6928],[78.347,9.7954],[78.1312,9.8642],[78.0839,9.9434],[77.8646,10.0746],[77.7002,10.0088],[77.6703,9.9154],[77.5624,9.8293],[77.5308,9.9716],[77.6022,10.0735],[77.4424,10.0793],[77.3816,10.2029],[77.5185,10.2305],[77.6291,10.331],[78.1204,10.1899]],[[78.2301,9.8431],[78.2308,9.8431],[78.2308,9.8439],[78.23,9.8439],[78.2301,9.8431]]]}},{"type":"Feature","properties":{"k":"RAVIDOWNSTREAM","n":"Ravi downstream","b":"Indus"},"geometry":{"type":"Polygon","coordinates":[[[75.5096,32.1487],[75.3585,32.1496],[74.7779,31.8783],[74.7084,31.8859],[74.608,31.7925],[74.5054,31.7862],[74.6371,31.9513],[74.6696,32.0829],[74.6412,32.1737],[75.1196,32.5529],[75.3137,32.5729],[75.3146,32.6329],[75.3812,32.6063],[75.3696,32.7204],[75.4646,32.8488],[75.5613,32.8454],[75.6287,32.8654],[75.6887,32.8629],[75.6571,32.7554],[75.7554,32.6704],[75.6029,32.5404],[75.783,32.3892],[75.7274,32.3004],[75.6059,32.2538],[75.5096,32.1487]]]}},{"type":"Feature","properties":{"k":"TAWITILLSIDRA","n":"Tawi till Sidra","b":"Indus"},"geometry":{"type":"Polygon","coordinates":[[[74.8954,32.7713],[74.8496,32.9129],[74.9013,32.9771],[75.0154,33.0446],[75.1029,33.0279],[75.2979,33.1013],[75.4521,32.9612],[75.5629,32.9679],[75.6562,32.9279],[75.6813,32.8671],[75.4646,32.8488],[75.3787,32.7246],[75.2588,32.7296],[75.2196,32.6796],[75.0904,32.7346],[74.9712,32.7054],[74.8954,32.7713]]]}},{"type":"Feature","properties":{"k":"LOWERBRAHMANI","n":"Lower Brahmani","b":"Baitarni"},"geometry":{"type":"Polygon","coordinates":[[[84.4328,21.4356],[84.5985,21.3731],[84.8027,21.3823],[85.1094,21.2572],[85.1593,21.3512],[85.2673,21.3706],[85.2516,21.4347],[85.4792,21.4914],[85.5287,21.3944],[85.6716,21.4166],[85.6313,21.2677],[85.7792,21.1025],[85.9275,21.0532],[86.0484,21.1086],[86.2529,20.8813],[86.2758,20.9046],[86.6274,20.7181],[86.7894,20.7075],[86.8572,20.7727],[86.9851,20.7722],[87.0066,20.7131],[86.9032,20.7096],[87.0561,20.7107],[86.7559,20.4999],[86.5174,20.6131],[86.3693,20.5949],[86.2923,20.6394],[86.069,20.5625],[85.9781,20.5949],[85.9582,20.6671],[85.8742,20.7165],[85.8241,20.6616],[85.6753,20.6959],[85.5268,20.5848],[85.3831,20.6678],[85.1832,20.5719],[84.986,20.6212],[84.8415,20.7991],[84.7936,20.8012],[84.7624,20.9578],[84.4777,21.083],[84.3198,21.2636],[84.2339,21.2589],[84.3514,21.3325],[84.3679,21.4609],[84.4328,21.4356]]]}},{"type":"Feature","properties":{"k":"CAUVERYTILLAMRAVATHICONFLUENCE","n":"Cauvery till Amravathi Confluence","b":"Cauvery"},"geometry":{"type":"Polygon","coordinates":[[[78.3261,11.7993],[78.3426,11.6889],[78.2365,11.5965],[78.2939,11.5828],[78.3463,11.4559],[78.1504,11.2563],[78.1825,10.958],[78.0499,11.0178],[77.8137,10.927],[77.5038,11.0154],[77.0887,10.9153],[76.9833,10.9605],[76.8364,10.897],[76.6518,10.9365],[76.7186,11.0375],[76.7921,11.0379],[76.8231,11.1118],[77.0662,11.2137],[77.0864,11.2749],[77.3388,11.2813],[77.3786,11.3174],[77.5498,11.2543],[77.7476,11.4919],[77.9097,11.5028],[77.9497,11.5956],[78.0655,11.6198],[78.1072,11.7289],[78.3261,11.7993]]]}},{"type":"Feature","properties":{"k":"CAUVERYTILLBHAVANICONFLUENCE","n":"Cauvery till Bhavani Confluence","b":"Cauvery"},"geometry":{"type":"Polygon","coordinates":[[[77.571,11.7128],[77.6836,11.4427],[77.5498,11.2543],[77.3786,11.3174],[77.3388,11.2813],[77.1559,11.2679],[77.0837,11.2771],[77.0846,11.3846],[77.1454,11.4271],[77.0729,11.5046],[77.0836,11.5877],[77.1908,11.6344],[77.2017,11.6842],[77.2684,11.5914],[77.3687,11.6496],[77.4695,11.6422],[77.549,11.7738],[77.571,11.7128]]]}},{"type":"Feature","properties":{"k":"CAUVERYTILLSARABANGACONFLUENCE","n":"Cauvery till Sarabanga Confluence","b":"Cauvery"},"geometry":{"type":"Polygon","coordinates":[[[77.8011,12.6779],[77.8784,12.655],[77.9228,12.5456],[78.0378,12.5225],[78.0186,12.3618],[78.0714,12.272],[78.026,12.2287],[78.1403,12.1069],[78.1028,12.0119],[78.152,12.0369],[78.1879,12.0003],[78.2365,12.0511],[78.3068,11.9688],[78.2183,11.7724],[78.1072,11.7289],[78.0655,11.6198],[77.9497,11.5956],[77.9097,11.5028],[77.7476,11.4919],[77.6836,11.4427],[77.5533,11.7739],[77.4695,11.6422],[77.3687,11.6496],[77.2709,11.5914],[77.1798,11.6936],[77.2512,12.1133],[77.2047,12.2021],[77.2324,12.3702],[77.3354,12.4],[77.3306,12.4358],[77.4311,12.2914],[77.581,12.3168],[77.6636,12.4906],[77.6127,12.5675],[77.6309,12.6303],[77.8011,12.6779]]]}},{"type":"Feature","properties":{"k":"KODAGANAR","n":"Kodaganar","b":"Cauvery"},"geometry":{"type":"Polygon","coordinates":[[[77.9762,10.5946],[78.1912,10.5571],[78.1679,10.4896],[78.2237,10.4488],[78.1203,10.1898],[77.6311,10.3277],[77.6529,10.3788],[77.7196,10.3663],[77.7571,10.4471],[77.8396,10.4671],[77.8746,10.5896],[77.9762,10.5946]]]}},{"type":"Feature","properties":{"k":"ACHANKOIL","n":"Achankoil","b":"Achankoil"},"geometry":{"type":"Polygon","coordinates":[[[77.2499,9.188],[77.2669,9.1511],[77.1501,9.0192],[77.0118,9.1054],[76.9184,9.1084],[76.8859,9.178],[76.7787,9.1233],[76.6829,9.1723],[76.5582,9.1553],[76.3494,9.4048],[76.4448,9.4571],[76.5345,9.3387],[76.6188,9.3409],[76.6875,9.2619],[76.7965,9.3157],[77.0358,9.1764],[77.2499,9.188]]]}},{"type":"Feature","properties":{"k":"BHARATHAPUZHA","n":"Bharathapuzha","b":"Bharathapuzha"},"geometry":{"type":"Polygon","coordinates":[[[76.4156,11.2099],[76.4856,11.1404],[76.4471,11.0792],[76.5877,11.0664],[76.6083,10.9587],[76.6792,10.9165],[76.8364,10.897],[76.9833,10.9605],[77.1271,10.9133],[77.153,10.7913],[77.1104,10.6988],[77.2085,10.4429],[77.1192,10.3282],[77.047,10.3202],[76.9673,10.4244],[76.8509,10.4544],[76.7838,10.5544],[76.5371,10.4486],[76.3148,10.663],[76.1485,10.7566],[76.0384,10.7645],[76.0167,10.8407],[75.9293,10.7966],[75.9594,10.9405],[76.3975,10.9782],[76.4156,11.2099]]]}},{"type":"Feature","properties":{"k":"CHALAKUDI","n":"Chalakudi","b":"Chalakudi"},"geometry":{"type":"Polygon","coordinates":[[[77.0505,10.3394],[76.9021,10.26],[76.7629,10.3018],[76.4188,10.265],[76.2787,10.3107],[76.3642,10.3548],[76.5425,10.3364],[76.5574,10.4426],[76.7584,10.5587],[77.0505,10.3394]]]}},{"type":"Feature","properties":{"k":"IDAMALAYAR","n":"Idamalayar","b":"Periyar"},"geometry":{"type":"Polygon","coordinates":[[[77.0637,10.1719],[76.9688,10.1604],[76.9004,10.2271],[76.6004,10.2379],[76.7621,10.3018],[76.9292,10.2657],[77.0505,10.3394],[77.118,10.2869],[77.0637,10.1719]]]}},{"type":"Feature","properties":{"k":"KABINITILLMUTHENKARA","n":"Kabini till Muthenkara","b":"Cauvery"},"geometry":{"type":"Polygon","coordinates":[[[76.2531,11.7226],[76.2244,11.5567],[76.0507,11.503],[75.9076,11.5954],[75.9137,11.7001],[75.8241,11.7282],[75.7916,11.8412],[75.9377,11.8291],[75.9571,11.9004],[76.2531,11.7226]]]}},{"type":"Feature","properties":{"k":"KAKKI","n":"Kakki","b":"WFR from Tadri to Kanyakumari"},"geometry":{"type":"Polygon","coordinates":[[[77.1129,9.4804],[77.246,9.3889],[77.2243,9.2974],[77.2837,9.2662],[77.25,9.188],[77.1188,9.2446],[77.1363,9.3154],[77.0554,9.4004],[77.1129,9.4804]]]}},{"type":"Feature","properties":{"k":"LOWERPERIYAR","n":"Lower Periyar","b":"Periyar"},"geometry":{"type":"Polygon","coordinates":[[[76.608,10.2574],[76.6838,10.2112],[76.9004,10.2271],[76.9688,10.1604],[77.0554,10.1779],[77.0489,10.0876],[76.9583,10.0505],[76.9824,9.9926],[76.9274,9.9644],[76.6437,10.1317],[76.526,10.0619],[76.3396,10.1205],[76.2643,10.0865],[76.2586,10.1568],[76.2013,10.1939],[76.2672,10.1752],[76.32,10.2947],[76.608,10.2574]]]}},{"type":"Feature","properties":{"k":"MEENACHIL","n":"Meenachil","b":"Meenachil"},"geometry":{"type":"Polygon","coordinates":[[[76.8785,9.9856],[76.9347,9.9234],[76.9113,9.8106],[76.9717,9.7533],[76.9039,9.7026],[76.9297,9.6431],[76.9054,9.6675],[76.8131,9.5977],[76.6918,9.6209],[76.6897,9.5372],[76.6546,9.5943],[76.4344,9.5852],[76.3914,9.7855],[76.4497,9.7995],[76.4111,9.8523],[76.4745,10.0705],[76.6437,10.1317],[76.8785,9.9856]]]}},{"type":"Feature","properties":{"k":"PAMBA","n":"Pamba","b":"Pamba"},"geometry":{"type":"Polygon","coordinates":[[[76.9088,9.6658],[77.0441,9.5847],[77.0387,9.5362],[77.1095,9.5249],[77.0554,9.4004],[77.1121,9.3671],[77.1564,9.21],[77.0905,9.1761],[76.8829,9.2417],[76.8007,9.3149],[76.7499,9.2658],[76.6614,9.2712],[76.6188,9.3409],[76.5345,9.3387],[76.4448,9.4538],[76.4956,9.5096],[76.5931,9.4414],[76.7074,9.5422],[76.6918,9.6209],[76.8376,9.6001],[76.9088,9.6658]]]}},{"type":"Feature","properties":{"k":"PERIYAR","n":"Periyar","b":"Periyar"},"geometry":{"type":"Polygon","coordinates":[[[77.125,9.6541],[77.2693,9.5722],[77.3399,9.5736],[77.3547,9.6026],[77.3662,9.5988],[77.3524,9.5593],[77.4116,9.5095],[77.2883,9.2752],[77.2243,9.2974],[77.2235,9.4355],[77.1202,9.4763],[77.1559,9.5973],[77.125,9.6541]]]}},{"type":"Feature","properties":{"k":"UPPERPERIYAR","n":"Upper Periyar","b":"Periyar"},"geometry":{"type":"Polygon","coordinates":[[[77.2445,10.1298],[77.1988,10.1017],[77.2716,9.9687],[77.2116,9.8786],[77.2458,9.7983],[77.1925,9.6712],[77.1215,9.654],[77.1466,9.5307],[77.0938,9.4646],[77.1094,9.5249],[76.9196,9.6432],[76.9039,9.7027],[76.9717,9.7533],[76.9113,9.8106],[76.9347,9.9234],[76.876,9.9832],[76.9824,9.9926],[76.9583,10.0505],[77.0463,10.0817],[77.068,10.1745],[77.1377,10.1355],[77.2118,10.1857],[77.2445,10.1298]]]}},{"type":"Feature","properties":{"k":"MIDDLEMAHI","n":"Middle Mahi","b":"Mahi"},"geometry":{"type":"Polygon","coordinates":[[[74.4059,23.8755],[74.5077,23.798],[74.4707,23.6082],[74.5145,23.5269],[74.414,23.3377],[74.4846,23.3278],[74.452,23.2835],[74.5115,23.2532],[74.5544,23.1442],[74.5966,23.1913],[74.6517,23.1731],[74.726,23.0678],[74.7055,23.0079],[74.8446,22.8697],[74.8117,22.8099],[74.8497,22.6145],[74.7523,22.5601],[74.5866,22.5678],[74.5414,22.5111],[74.3488,22.6229],[74.2751,22.5674],[74.1567,22.6197],[74.1654,22.8899],[74.0509,22.9239],[74.046,23.0092],[73.9609,22.9945],[73.8371,23.1448],[73.871,23.2432],[73.7898,23.321],[73.7784,23.4018],[73.8709,23.5059],[73.8507,23.6124],[73.7877,23.7049],[73.6314,23.7222],[73.7321,23.8311],[73.8335,23.8101],[73.8886,23.8552],[74.0255,23.739],[74.1104,23.7812],[74.2549,23.7242],[74.4059,23.8755]]]}},{"type":"Feature","properties":{"k":"DAMODARWEST","n":"Damodar West","b":"Damodar"},"geometry":{"type":"Polygon","coordinates":[[[85.5218,24.1364],[85.6991,24.0684],[85.8935,23.8731],[85.8216,23.798],[85.8599,23.5628],[85.8316,23.5079],[85.7514,23.523],[85.6315,23.469],[85.4508,23.5494],[85.3481,23.4903],[85.2093,23.5202],[85.1104,23.4561],[84.9599,23.5454],[84.7785,23.5313],[84.6617,23.6315],[84.8126,23.8616],[84.8966,23.9042],[84.9237,24.0148],[85.0615,24.0316],[85.1698,23.9641],[85.2428,23.9716],[85.3053,24.0917],[85.5218,24.1364]]]}},{"type":"Feature","properties":{"k":"GHATAPRABHA","n":"Ghataprabha","b":"Krishna"},"geometry":{"type":"MultiPolygon","coordinates":[[[[75.1832,15.7975],[75.1832,15.7984],[75.1841,15.7984],[75.1841,15.7976],[75.1832,15.7975]]],[[[75.8429,16.2212],[75.7464,16.0842],[75.5999,16.0815],[75.5419,16.0261],[75.3886,16.0222],[75.2664,16.0946],[75.0699,16.0587],[74.9665,15.9],[74.7073,15.8799],[74.5286,15.7576],[74.4764,15.8294],[74.3353,15.7427],[74.3617,15.7936],[74.322,15.8399],[74.0973,15.8398],[73.9905,15.9267],[74.0458,16.0236],[74.0165,16.0729],[74.3406,16.283],[74.3348,16.3391],[74.5014,16.3471],[74.6192,16.4182],[75.118,16.411],[75.2565,16.4525],[75.4205,16.3352],[75.4621,16.3651],[75.81,16.3335],[75.8429,16.2212]]]]}},{"type":"Feature","properties":{"k":"BEKI","n":"Beki","b":"Brahmaputra"},"geometry":{"type":"Polygon","coordinates":[[[92.2976,27.7931],[92.2658,27.8576],[92.2022,27.8568],[91.9207,27.7149],[91.8264,27.8103],[91.5465,27.8556],[91.6419,27.7652],[91.5599,27.6334],[91.6492,27.4846],[92.0126,27.4814],[92.0256,27.4372],[91.9738,27.3004],[91.8288,27.3387],[91.5721,27.1662],[91.5054,27.0254],[91.3338,26.9287],[91.3273,26.8612],[91.4012,26.8297],[91.3392,26.7791],[91.0999,26.8194],[91.0572,26.7791],[90.9163,26.7821],[90.8071,26.8346],[90.7654,26.9304],[90.6879,26.9662],[90.6713,27.0729],[90.3529,27.2204],[90.3596,27.3187],[90.1921,27.5212],[90.2929,27.7287],[90.2379,27.8113],[90.2529,27.9096],[90.3713,28.0704],[90.2963,28.1562],[90.3404,28.1946],[90.3096,28.2638],[90.3596,28.3096],[90.3554,28.4312],[90.6529,28.4246],[90.7038,28.4837],[90.8838,28.4987],[90.9329,28.5646],[91.1129,28.4637],[91.1288,28.5412],[91.2863,28.5996],[91.3788,28.5212],[91.5579,28.5021],[91.5821,28.3896],[91.8946,28.4254],[91.8729,28.2429],[92.1063,28.2462],[92.1321,28.1712],[92.2421,28.1246],[92.2346,28.0621],[92.1213,28.0246],[92.1688,27.9596],[92.2554,27.9629],[92.3367,27.7964],[92.2976,27.7931]]]}},{"type":"Feature","properties":{"k":"KORTTALAIYAR","n":"Korttalaiyar","b":"East Flowing Rivers"},"geometry":{"type":"Polygon","coordinates":[[[79.4052,13.4829],[79.5655,13.3169],[79.7617,13.3191],[79.8863,13.2626],[80.1264,13.2505],[80.342,13.3426],[80.3014,13.0845],[79.9205,13.1287],[79.6105,12.9001],[79.4086,12.9011],[79.3217,12.9873],[79.2978,13.206],[79.2424,13.2452],[79.2849,13.3312],[79.1949,13.4252],[79.4052,13.4829]]]}},{"type":"Feature","properties":{"k":"SAHIBI","n":"Sahibi","b":"Sahibi"},"geometry":{"type":"Polygon","coordinates":[[[76.8941,29.1595],[76.9627,28.937],[77.0113,28.9207],[77.0037,28.8529],[77.2287,28.7137],[77.145,28.5559],[77.2273,28.4308],[77.1494,28.3616],[77.0526,28.395],[77.0019,28.3132],[77.0565,28.2285],[76.9669,28.159],[76.9358,27.8863],[76.7588,27.9007],[76.7065,27.7249],[76.6536,27.7065],[76.6215,27.7632],[76.5192,27.6535],[76.4711,27.6992],[76.4717,27.5447],[76.3943,27.5593],[76.3393,27.4927],[76.3491,27.4103],[76.2729,27.3504],[76.1888,27.3468],[76.1972,27.401],[76.137,27.4241],[75.9836,27.318],[75.8838,27.3347],[75.8125,27.4518],[75.7504,27.4706],[75.8122,27.5322],[75.8101,27.6257],[75.9678,27.6537],[76.0687,27.7364],[76.1131,27.8617],[76.2257,27.8322],[76.3906,27.9523],[76.4047,28.0447],[76.3202,28.086],[76.3875,28.1648],[76.3885,28.253],[76.4598,28.342],[76.6219,28.3858],[76.588,28.5577],[76.6389,28.6947],[76.5188,28.8357],[76.6811,28.9224],[76.684,28.9885],[76.7921,29.1156],[76.8941,29.1595]]]}},{"type":"Feature","properties":{"k":"BADARPURGHAT","n":"Badarpurghat","b":"Barak"},"geometry":{"type":"Polygon","coordinates":[[[93.0223,25.1047],[92.8735,25.0667],[92.8757,24.9554],[92.7591,24.8844],[92.6717,24.712],[92.6927,24.5592],[92.7789,24.5677],[92.6747,24.2421],[92.6667,24.0257],[92.7409,23.9163],[92.6977,23.5057],[92.8004,23.3463],[92.7999,23.268],[92.7565,23.2429],[92.7682,23.3237],[92.7299,23.2469],[92.7407,23.118],[92.8384,22.9718],[92.8118,22.8362],[92.7114,22.9205],[92.6697,23.2667],[92.634,23.2746],[92.6115,23.1708],[92.5584,23.2238],[92.489,23.5683],[92.4316,23.5835],[92.4306,23.6756],[92.3548,23.7113],[92.4108,24.1656],[92.3451,24.2898],[92.2671,24.1867],[92.2392,24.202],[92.2965,24.515],[92.2282,24.6142],[92.2831,24.7872],[92.2363,24.8657],[92.3077,24.9162],[92.3961,24.8551],[92.4978,24.8679],[92.4253,25.0295],[92.3459,25.0543],[92.4607,25.1032],[92.7202,25.115],[92.8232,25.1654],[93.0223,25.1047]]]}},{"type":"Feature","properties":{"k":"SANKOSH","n":"Sankosh","b":"Brahmaputra"},"geometry":{"type":"Polygon","coordinates":[[[89.7667,26.6574],[89.7726,26.7081],[89.9137,26.7234],[89.888,26.702],[89.9763,26.5212],[89.9146,26.2273],[89.8499,26.2174],[89.9066,26.0953],[89.8281,25.9845],[89.7699,26.1319],[89.7006,26.163],[89.8054,26.2796],[89.7241,26.496],[89.7902,26.5844],[89.7667,26.6574]]]}},{"type":"Feature","properties":{"k":"LOWERMAHI","n":"Lower Mahi","b":"Mahi"},"geometry":{"type":"Polygon","coordinates":[[[73.7974,23.6474],[73.8349,23.6436],[73.871,23.5242],[73.7784,23.4018],[73.7898,23.321],[73.871,23.2432],[73.8371,23.1448],[73.9609,22.9945],[74.046,23.0092],[74.0509,22.9239],[74.1654,22.8899],[74.1566,22.6202],[74.2811,22.5705],[74.2753,22.5265],[74.2128,22.5035],[73.9976,22.5787],[73.9049,22.5182],[73.8167,22.5721],[73.7234,22.4453],[73.6553,22.5134],[73.5172,22.4752],[73.3775,22.546],[73.1138,22.3946],[73.0552,22.2435],[72.9695,22.2334],[72.9384,22.2878],[72.8835,22.2424],[72.8437,22.2824],[72.6879,22.2385],[72.6631,22.325],[72.8249,22.4099],[72.8836,22.5455],[73.0268,22.5158],[73.2265,22.6601],[73.2181,22.7691],[73.419,22.975],[73.284,23.0774],[73.4315,23.2777],[73.6756,23.385],[73.6432,23.4825],[73.7908,23.5702],[73.7974,23.6474]]]}},{"type":"Feature","properties":{"k":"SABARMATIC","n":"Sabarmati C","b":"Sabarmati"},"geometry":{"type":"Polygon","coordinates":[[[72.6301,23.046],[72.5669,23.0949],[72.5872,23.1375],[72.475,23.1488],[72.4684,23.2534],[72.3769,23.3414],[72.3924,23.4729],[72.6665,23.7458],[72.7119,23.9572],[72.8258,24.0048],[72.9916,23.9035],[73.1658,23.9664],[73.215,23.952],[73.2331,23.8794],[73.3286,24.0146],[73.4215,24.0153],[73.4874,23.9175],[73.4003,23.8955],[73.3905,23.7711],[73.3092,23.7841],[73.2276,23.6566],[73.0051,23.6186],[72.8349,23.4745],[72.8316,23.4132],[72.7737,23.4],[72.7313,23.3116],[72.7527,23.1991],[72.6301,23.046]]]}},{"type":"Feature","properties":{"k":"MAYURAKSHI","n":"Mayurakshi","b":"Mayurakshi"},"geometry":{"type":"Polygon","coordinates":[[[87.1388,24.6255],[87.2718,24.5495],[87.3051,24.456],[87.4497,24.4918],[87.5664,24.3884],[87.6817,24.3975],[87.7531,24.334],[87.8614,24.3482],[87.9477,24.425],[87.9878,24.3778],[88.0991,24.381],[88.1479,24.1461],[88.097,24.0192],[88.1491,23.9523],[87.9547,23.7697],[87.7998,23.7432],[87.7351,23.676],[87.5372,23.6276],[87.429,23.6665],[87.4094,23.7298],[87.2719,23.8145],[87.223,23.966],[86.9714,24.0195],[86.9073,24.1241],[86.9629,24.2923],[86.8378,24.4999],[87.1388,24.6255]]]}},{"type":"Feature","properties":{"k":"SHETRUNJI","n":"Shetrunji","b":"Shetrunji"},"geometry":{"type":"Polygon","coordinates":[[[71.446,21.6899],[71.4592,21.6914],[71.5175,21.6411],[71.5556,21.585],[71.6276,21.5832],[71.7141,21.6661],[72.081,21.5724],[72.1432,21.3515],[72.1018,21.2826],[71.9176,21.316],[71.8525,21.405],[71.7374,21.3154],[71.6004,21.3351],[71.2595,21.2769],[71.1954,21.1796],[71.0796,21.226],[70.9735,21.1713],[70.8441,21.205],[70.9181,21.3343],[70.8447,21.5107],[70.9058,21.6236],[71.0687,21.6878],[71.234,21.8774],[71.446,21.6899]],[[71.9946,21.5851],[71.9942,21.585],[71.9945,21.5848],[71.9946,21.5851]],[[71.446,21.6899],[71.4461,21.6895],[71.4463,21.6898],[71.446,21.6899]]]}},{"type":"Feature","properties":{"k":"UPPERPENNAR","n":"Upper Pennar","b":"Pennar"},"geometry":{"type":"Polygon","coordinates":[[[77.5935,15.3723],[77.69,15.3396],[77.766,15.2043],[77.8333,15.2706],[77.8512,15.2083],[77.9157,15.2173],[77.9226,15.145],[78.0454,15.0751],[78.041,14.9769],[78.1524,14.9357],[78.2203,14.8285],[78.2523,14.8791],[78.4578,14.8356],[78.6703,14.6489],[78.7823,14.816],[78.8323,14.8162],[78.9183,14.5899],[78.8823,14.5639],[78.7969,14.6138],[78.633,14.341],[78.5332,14.3512],[78.5251,14.417],[78.6628,14.4858],[78.6919,14.5998],[78.5162,14.4755],[78.3322,14.5683],[78.348,14.6182],[78.2655,14.688],[78.0521,14.6033],[78.0993,14.53],[78.0185,14.4751],[78.1485,14.3693],[78.152,14.2265],[78.209,14.2079],[78.241,14.0856],[78.2096,13.9152],[78.1239,13.874],[78.1328,13.9241],[78.0629,13.9566],[77.8961,13.9093],[77.914,13.6996],[77.8649,13.4858],[77.7256,13.5046],[77.6714,13.3886],[77.4265,13.3656],[77.3677,13.2615],[77.3175,13.2576],[77.253,13.2876],[77.2741,13.3346],[77.1673,13.3565],[77.1258,13.474],[77.1787,13.7755],[77.1211,13.8689],[77.1794,13.9341],[77.1075,14.1289],[77.1609,14.171],[77.0616,14.3456],[77.1041,14.429],[77.0687,14.4638],[77.0871,14.5355],[77.2235,14.6339],[77.2494,14.8944],[77.405,15.0649],[77.38,15.2319],[77.5935,15.3723]]]}},{"type":"Feature","properties":{"k":"KUNDERU","n":"Kunderu","b":"Pennar"},"geometry":{"type":"Polygon","coordinates":[[[78.6797,15.8423],[78.8051,15.7983],[78.7267,15.6656],[78.7949,15.5674],[78.7295,15.2066],[78.8379,14.8335],[78.6703,14.6489],[78.4578,14.8356],[78.2523,14.8791],[78.2182,14.8296],[78.1524,14.9357],[78.041,14.9769],[78.0445,15.0767],[77.8465,15.2476],[77.896,15.3662],[78.0482,15.4676],[78.0475,15.6434],[78.1675,15.7463],[78.3178,15.7385],[78.5069,15.8275],[78.6797,15.8423]]]}},{"type":"Feature","properties":{"k":"BEAS","n":"Beas","b":"Beas"},"geometry":{"type":"Polygon","coordinates":[[[76.1629,32.4221],[76.6654,32.1771],[76.7687,32.2287],[77.0396,32.2071],[77.0471,32.3663],[77.1671,32.4113],[77.3096,32.3321],[77.4188,32.1904],[77.5463,32.2188],[77.7433,32.0906],[77.7968,31.9881],[77.7656,31.9433],[77.8674,31.8865],[77.8369,31.8537],[77.8675,31.78],[77.7627,31.7617],[77.493,31.5497],[77.2666,31.517],[77.2305,31.4534],[77.1453,31.4846],[76.9061,31.4531],[76.9144,31.4931],[76.8081,31.5192],[76.8169,31.6208],[76.7597,31.6366],[76.752,31.7087],[76.6866,31.7149],[76.6208,31.6018],[76.4451,31.5212],[76.3176,31.6995],[76.2845,31.6824],[75.9146,31.9348],[75.9422,32.0037],[75.8678,32.1771],[76.1629,32.4221]]]}},{"type":"Feature","properties":{"k":"VAMSADHARA","n":"Vamsadhara","b":"Vamsadhara"},"geometry":{"type":"Polygon","coordinates":[[[83.7372,19.9387],[83.929,19.7767],[83.9972,19.8453],[84.0751,19.8406],[84.0842,19.7158],[84.2053,19.6811],[84.1836,19.5146],[84.2426,19.4956],[84.3378,19.545],[84.3593,19.4991],[84.3692,19.4083],[84.3088,19.3857],[84.2836,19.1985],[84.301,19.1154],[84.3456,19.1054],[84.2802,19.036],[84.3662,18.9517],[84.3172,18.8506],[84.2642,18.8486],[84.2563,18.7454],[84.0836,18.6459],[84.0727,18.4681],[84.206,18.4254],[84.1349,18.3499],[83.9927,18.3583],[84.1273,18.3318],[84.0505,18.2603],[83.9209,18.3514],[83.8666,18.4562],[83.8556,18.7094],[83.7468,18.7983],[83.8155,18.8374],[83.6556,18.9336],[83.5347,19.1304],[83.5198,19.2265],[83.5983,19.3881],[83.4109,19.4804],[83.4028,19.6312],[83.3275,19.7014],[83.4009,19.8034],[83.3704,19.8637],[83.5523,19.9107],[83.664,19.8254],[83.7372,19.9387]]]}},{"type":"Feature","properties":{"k":"LOWERVALLEYSOUTH","n":"Lower Valley South","b":"Damodar"},"geometry":{"type":"Polygon","coordinates":[[[87.6504,23.3711],[88.0037,23.167],[87.9854,23.0436],[88.0484,22.9188],[88.0598,22.7393],[88.1401,22.6403],[88.2281,22.6367],[88.0458,22.5693],[88.0345,22.5295],[88.1337,22.5094],[88.0325,22.2092],[88.0714,22.1121],[87.7476,22.2053],[87.7582,22.3144],[87.7043,22.4374],[87.5305,22.4829],[87.7757,22.68],[87.7935,23.076],[87.7046,23.205],[87.5032,23.2168],[87.5826,23.3632],[87.6504,23.3711]]]}},{"type":"Feature","properties":{"k":"BRAHMAPUTRAATCHINA","n":"Brahmaputra at China","b":"Brahmaputra"},"geometry":{"type":"Polygon","coordinates":[[[97.3656,28.2232],[97.3483,28.2264],[97.3244,28.2431],[97.31,28.2441],[97.2792,28.2687],[97.2384,28.2677],[97.2215,28.2926],[97.1711,28.2919],[97.0901,28.3629],[96.994,28.3095],[96.8964,28.3796],[96.7804,28.3643],[96.6628,28.4603],[96.4566,28.414],[96.3976,28.3393],[96.3693,28.3893],[96.2623,28.4086],[96.3715,28.4822],[96.3244,28.5294],[96.4929,28.6335],[96.4717,28.6837],[96.5849,28.717],[96.6151,28.7741],[96.4772,28.9904],[96.5251,29.0758],[96.3467,29.029],[96.1664,28.9026],[96.1849,28.985],[96.1149,29.0748],[96.3467,29.1681],[96.3934,29.2538],[96.3638,29.283],[96.2442,29.2326],[96.0821,29.4617],[95.6001,29.2604],[95.5391,29.2125],[95.5479,29.1269],[95.4975,29.1387],[95.4484,29.0342],[95.2678,29.0561],[95.2521,29.1085],[94.9993,29.1721],[95.0245,29.1296],[94.8738,29.1836],[94.8,29.1639],[94.7796,29.2406],[94.6308,29.3485],[94.5603,29.2286],[94.4337,29.2267],[94.2171,29.0838],[94.1573,28.9543],[93.997,28.8409],[94.0033,28.7749],[93.9213,28.6697],[93.8459,28.7068],[93.7771,28.668],[93.4754,28.6712],[93.3329,28.7629],[93.0888,28.7237],[92.9196,28.7729],[92.8188,28.7012],[92.6646,28.7712],[92.6496,28.8254],[92.3171,28.9221],[92.2879,28.8579],[92.3521,28.6346],[92.3079,28.6071],[92.1029,28.6479],[91.9771,28.7987],[91.8404,28.7104],[91.5679,28.8804],[91.2646,28.9862],[91.0754,28.9904],[90.9904,29.0721],[90.8271,29.0746],[90.7379,29.1604],[90.7096,29.2962],[90.7488,29.3371],[90.6704,29.3937],[90.5946,29.5846],[90.4504,29.5554],[90.3263,29.6121],[90.2988,29.7063],[90.1813,29.7704],[90.2213,29.8529],[90.0879,29.9187],[90.0804,30.0138],[90.1221,30.0162],[90.2438,30.2804],[90.3988,30.2846],[90.4488,30.3862],[90.5563,30.3896],[90.7263,30.5304],[90.7988,30.5196],[90.9579,30.6321],[91.0354,30.6304],[91.0304,30.6637],[91.2863,30.6837],[91.3346,30.7946],[91.4804,30.8912],[91.4879,30.9562],[91.7713,30.9212],[91.7813,30.8521],[91.8613,30.7954],[92.0579,30.9037],[92.1088,30.8554],[92.2171,30.8971],[92.2654,30.8487],[92.2604,30.8996],[92.3721,30.9112],[92.4654,31.0262],[92.8646,31.1487],[92.8196,31.1887],[92.8546,31.2679],[93.0329,31.2579],[93.0938,31.1621],[93.2596,31.1846],[93.3521,31.0837],[93.2821,31.0329],[93.2979,30.9804],[93.4429,31.0404],[93.6404,30.9196],[93.8579,30.9079],[93.9254,30.8429],[93.9879,30.8796],[94.3196,30.8462],[94.3338,30.9054],[94.4613,30.9412],[94.5421,30.8471],[94.5271,30.7937],[94.6279,30.7696],[94.6471,30.7004],[94.5729,30.6621],[94.5904,30.6054],[94.6929,30.6379],[95.0171,30.5621],[95.0963,30.5837],[95.0804,30.6321],[95.1304,30.6754],[95.2088,30.6146],[95.2613,30.6587],[95.3379,30.6254],[95.3171,30.5912],[95.3596,30.5579],[95.4421,30.6204],[95.6996,30.5571],[95.6938,30.4854],[95.8838,30.3454],[95.8554,30.3129],[95.9296,30.2512],[96.1813,30.2146],[96.1946,30.1021],[96.3863,29.9462],[96.4963,29.7296],[96.9054,29.6079],[96.9404,29.7379],[97.0121,29.7362],[97.0163,29.6837],[97.0946,29.6587],[97.0713,29.5579],[97.1838,29.4454],[97.3813,29.5021],[97.4279,29.2237],[97.5379,29.2037],[97.5579,29.0137],[97.7746,28.7896],[97.6538,28.7021],[97.6829,28.6029],[97.6446,28.5346],[97.5654,28.5462],[97.4946,28.4879],[97.4796,28.3821],[97.5179,28.3337],[97.4821,28.2829],[97.4213,28.2987],[97.3656,28.2232]]]}},{"type":"Feature","properties":{"k":"PAPAGNI","n":"Papagni","b":"Pennar"},"geometry":{"type":"Polygon","coordinates":[[[78.2373,14.6941],[78.4634,14.4846],[78.5335,14.4821],[78.6956,14.5969],[78.6628,14.4858],[78.5251,14.417],[78.5332,14.3512],[78.6553,14.3307],[78.5965,14.2852],[78.6309,14.2189],[78.5927,14.172],[78.6123,14.0198],[78.5685,13.9697],[78.5993,13.7664],[78.5032,13.6652],[78.3852,13.6375],[78.3714,13.414],[77.7912,13.4424],[77.7625,13.509],[77.8649,13.4858],[77.9031,13.6121],[77.8953,13.9085],[78.0629,13.9566],[78.1328,13.9241],[78.1239,13.874],[78.2096,13.9152],[78.2412,14.0703],[78.209,14.2079],[78.152,14.2265],[78.1485,14.3693],[78.0184,14.476],[78.0993,14.53],[78.0521,14.6033],[78.2373,14.6941]]]}},{"type":"Feature","properties":{"k":"CHEYYERU","n":"Cheyyeru","b":"Pennar"},"geometry":{"type":"Polygon","coordinates":[[[79.2211,14.436],[79.428,14.1909],[79.4479,13.808],[79.3562,13.8156],[79.3066,13.7251],[79.2919,13.7676],[79.2306,13.7671],[79.2076,13.6692],[78.9544,13.5314],[78.8644,13.4096],[78.8959,13.3765],[78.8031,13.3209],[78.7169,13.3692],[78.7577,13.4251],[78.6464,13.4767],[78.6056,13.4308],[78.4226,13.4342],[78.3621,13.5091],[78.3852,13.6375],[78.5032,13.6652],[78.5993,13.7664],[78.5685,13.9697],[78.6123,14.0198],[78.5927,14.172],[78.6309,14.2189],[78.5989,14.2885],[78.7963,14.3031],[78.8884,14.2067],[78.9183,14.276],[79.1189,14.3054],[79.1275,14.3833],[79.228,14.3154],[79.1759,14.4149],[79.2211,14.436]]]}},{"type":"Feature","properties":{"k":"UPPERVAIGAI","n":"Upper Vaigai","b":"East Flowing Rivers"},"geometry":{"type":"Polygon","coordinates":[[[77.3662,9.5988],[77.2354,9.5802],[77.1357,9.6645],[77.206,9.6956],[77.2466,9.8053],[77.2116,9.8786],[77.2717,9.9643],[77.1991,10.1045],[77.3609,10.1563],[77.4437,10.0787],[77.5949,10.0867],[77.531,9.9568],[77.5592,9.8324],[77.6193,9.8599],[77.5987,9.7738],[77.6418,9.7394],[77.5563,9.7255],[77.4793,9.5518],[77.402,9.5253],[77.3662,9.5988]]]}},{"type":"Feature","properties":{"k":"PENGANGA","n":"Penganga","b":"Godavari"},"geometry":{"type":"Polygon","coordinates":[[[79.1371,19.8954],[79.1875,19.8048],[79.1722,19.5868],[78.9107,19.6688],[78.8406,19.6491],[78.8687,19.6108],[78.7255,19.5118],[78.66,19.5649],[78.5521,19.5283],[78.3299,19.5797],[78.2952,19.5572],[78.3175,19.4406],[78.212,19.4259],[78.1663,19.3606],[78.0936,19.381],[78.0353,19.3297],[77.5631,19.2738],[77.3229,19.4789],[77.017,19.5299],[77.0551,19.6136],[77.0095,19.7154],[76.9179,19.7104],[76.7376,19.919],[76.4223,20.0184],[76.3635,20.1486],[76.0957,20.3575],[75.9714,20.5295],[76.1712,20.5428],[76.5677,20.2564],[76.7464,20.2694],[76.8812,20.1713],[76.9189,20.2036],[77.092,20.1454],[77.1419,20.1868],[77.1162,20.2823],[77.2263,20.3913],[77.4529,20.477],[77.6893,20.441],[78.0034,20.4669],[78.0993,20.386],[78.4056,20.3579],[78.7026,20.1553],[78.6896,20.0296],[78.842,20.0024],[79.0193,19.8639],[79.1371,19.8954]]]}},{"type":"Feature","properties":{"k":"WARDHA","n":"Wardha","b":"Godavari"},"geometry":{"type":"Polygon","coordinates":[[[78.3155,21.8478],[78.4392,21.7849],[78.3562,21.6706],[78.6616,21.4794],[78.6712,21.3702],[78.7401,21.3131],[78.6854,21.3039],[78.7081,21.2187],[78.9776,21.1702],[79.1317,20.9386],[79.1215,20.8342],[79.306,20.7632],[79.3704,20.6647],[79.3187,20.5854],[79.2473,20.5977],[79.2333,20.5423],[79.2772,20.4998],[79.3179,20.244],[79.3751,20.1968],[79.3851,20.0191],[79.4096,19.9654],[79.5033,19.946],[79.5858,19.7188],[79.782,19.6087],[79.6307,19.4647],[79.6334,19.4118],[79.4393,19.453],[79.3713,19.5743],[79.1733,19.6658],[79.1491,19.8943],[79.0193,19.8639],[78.842,20.0024],[78.6896,20.0296],[78.7026,20.1553],[78.4056,20.3579],[78.0993,20.386],[78.0034,20.4669],[77.6893,20.441],[77.4538,20.4767],[77.4463,20.5587],[77.5445,20.6915],[77.904,20.9548],[77.9369,21.1485],[77.7829,21.3235],[77.8236,21.4781],[77.746,21.5413],[77.8414,21.6161],[78.0657,21.6136],[78.1341,21.5651],[78.2441,21.6045],[78.2615,21.7954],[78.3155,21.8478]]]}},{"type":"Feature","properties":{"k":"UPPERMAHI","n":"Upper Mahi","b":"Mahi"},"geometry":{"type":"Polygon","coordinates":[[[74.0371,24.5958],[74.2526,24.5082],[74.3917,24.3265],[74.4787,24.3424],[74.5166,24.2998],[74.5063,24.3808],[74.6293,24.4551],[74.7933,24.3696],[74.8052,24.1622],[74.7601,24.1204],[74.834,24.0085],[74.7867,23.8987],[74.8418,23.7617],[74.7792,23.7007],[74.8226,23.6604],[74.7932,23.621],[74.9034,23.5447],[74.9192,23.3973],[75.0332,23.3831],[75.2358,23.1829],[75.221,23.0524],[75.2819,23.0061],[75.1428,22.8534],[75.1851,22.7537],[75.0587,22.5674],[74.8541,22.5944],[74.8263,22.9059],[74.7055,23.0079],[74.726,23.0678],[74.6517,23.1731],[74.5966,23.1913],[74.5544,23.1442],[74.5115,23.2532],[74.452,23.2835],[74.4846,23.3278],[74.414,23.3377],[74.5145,23.5269],[74.4707,23.6082],[74.5037,23.8031],[74.3887,23.8758],[74.305,23.7363],[74.1104,23.7812],[74.0261,23.7388],[73.8886,23.8552],[73.8335,23.8101],[73.7358,23.833],[73.6936,23.7457],[73.6158,23.7179],[73.587,23.7823],[73.513,23.7549],[73.4702,23.8066],[73.5065,23.895],[73.3818,24.1113],[73.3173,24.1474],[73.3248,24.2002],[73.4097,24.2021],[73.454,24.2831],[73.5565,24.2849],[73.5448,24.4333],[73.6495,24.5216],[73.7483,24.4798],[73.7935,24.5457],[74.0371,24.5958]]]}},{"type":"Feature","properties":{"k":"MANJRA","n":"Manjra","b":"Godavari"},"geometry":{"type":"Polygon","coordinates":[[[75.4003,18.8979],[75.6083,18.7993],[75.9278,18.8329],[76.1147,18.7615],[76.1693,18.7913],[76.3382,18.704],[76.7834,18.7514],[77.1021,18.9087],[77.3824,18.865],[77.6256,18.7019],[77.7321,18.8164],[77.8822,18.8083],[78.022,18.7132],[78.0183,18.6225],[78.0633,18.6034],[78.0411,18.4793],[78.1713,18.4455],[78.2613,18.2581],[78.6642,17.8069],[78.6592,17.726],[78.5459,17.6822],[78.4085,17.7128],[78.3868,17.6072],[78.4224,17.5741],[78.3485,17.4387],[78.2361,17.432],[78.0731,17.4995],[77.8917,17.4159],[77.8134,17.511],[77.6903,17.5311],[77.6345,17.6363],[77.4245,17.5962],[77.3668,17.6665],[77.2079,17.6278],[76.9591,17.8247],[76.7247,17.9228],[76.3223,17.9434],[76.2704,18.0132],[76.0921,18.0683],[75.9401,18.3715],[75.801,18.4269],[75.8168,18.4687],[75.7218,18.5199],[75.7407,18.5495],[75.5504,18.609],[75.5504,18.6927],[75.3725,18.7848],[75.362,18.8742],[75.4003,18.8979]]]}},{"type":"Feature","properties":{"k":"YAMUNAUPTOMATHURA","n":"Yamuna upto Mathura","b":"Yamuna"},"geometry":{"type":"Polygon","coordinates":[[[77.0875,30.0417],[77.1174,30.1824],[77.1875,30.25],[77.1757,30.3492],[77.3286,30.4183],[77.2931,30.4873],[77.3217,30.5133],[77.5175,30.4554],[77.494,30.4108],[77.562,30.3721],[77.5757,30.2963],[77.6843,30.3776],[77.8494,30.273],[77.745,30.0331],[77.8931,29.8592],[77.8502,29.7462],[77.8745,29.6365],[77.7818,29.5513],[77.801,29.4685],[77.7191,29.2957],[77.5334,29.1548],[77.5945,29.0676],[77.5162,28.7637],[77.6988,28.3575],[77.6641,28.2361],[77.7375,28.1563],[77.7289,28.0197],[77.7812,27.9281],[77.7192,27.799],[77.7831,27.7182],[77.7271,27.6634],[77.7661,27.6386],[77.7672,27.5283],[77.6871,27.4961],[77.5513,27.5023],[77.5185,27.6758],[77.4251,27.7512],[77.4496,27.7889],[77.3817,27.896],[77.4534,28.076],[77.4082,28.1267],[77.4437,28.3699],[77.3063,28.4509],[77.2166,28.411],[77.2273,28.4692],[77.145,28.5559],[77.2287,28.7137],[77.0037,28.8529],[77.0113,28.9207],[76.9627,28.937],[76.9661,29.0276],[76.8931,29.16],[76.9791,29.3288],[76.9142,29.4319],[76.9826,29.606],[76.9471,29.6461],[77.0875,30.0417]]]}},{"type":"Feature","properties":{"k":"SUBANSIRIATBADATIGHAT","n":"Subansiri at Badatighat","b":"Brahmaputra"},"geometry":{"type":"Polygon","coordinates":[[[92.7349,27.9779],[92.6629,28.0673],[92.6889,28.1254],[92.9664,28.2614],[93.0021,28.2303],[93.0255,28.3028],[93.2086,28.3227],[93.2334,28.4002],[93.1846,28.4396],[93.2779,28.5045],[93.3392,28.6399],[93.7335,28.6888],[93.8877,28.5336],[94.0107,28.5725],[94.1072,28.5256],[94.1575,28.4286],[94.2918,28.4288],[94.3118,28.3702],[94.4053,28.3338],[94.3952,28.2552],[94.603,28.1506],[94.611,28.0843],[94.7746,28.0184],[94.8122,27.9365],[94.5918,27.903],[94.7496,27.7987],[94.6984,27.688],[94.7209,27.5378],[94.5922,27.2952],[94.4696,27.1976],[94.4156,27.0856],[94.26,27.0541],[94.0909,26.9305],[93.9198,26.9764],[93.8213,27.0854],[93.5672,27.0179],[93.5099,27.1597],[93.2208,27.1991],[93.2892,27.328],[93.3731,27.3716],[93.295,27.5215],[93.331,27.556],[93.2296,27.6036],[93.1964,27.674],[93.2294,27.8188],[92.9764,27.8232],[92.9311,27.9232],[92.7349,27.9779]]]}},{"type":"Feature","properties":{"k":"ALAKNANDA","n":"Alaknanda","b":"Alaknanda"},"geometry":{"type":"Polygon","coordinates":[[[80.2251,30.5783],[80.0197,30.5817],[80.0394,30.4093],[79.9878,30.3165],[80.0965,30.2237],[79.9391,30.0789],[79.7773,30.0038],[79.5445,29.9968],[79.295,30.1026],[79.1594,30.0922],[79.0788,30.2187],[78.8554,30.1676],[78.8212,30.1185],[78.7064,30.1746],[78.5994,30.1431],[78.5975,30.3284],[78.6911,30.3796],[78.8377,30.3571],[78.8243,30.4823],[78.9264,30.7172],[79.0165,30.7486],[79.0395,30.8089],[79.2764,30.7248],[79.225,30.8091],[79.2793,30.8768],[79.2646,30.9555],[79.3249,30.9623],[79.3077,31.0142],[79.3951,31.0698],[79.5165,31.0337],[79.6024,30.9376],[79.7574,31.0013],[79.8673,30.9747],[80.1182,30.7741],[80.1786,30.8044],[80.2523,30.7351],[80.1961,30.6692],[80.2251,30.5783]]]}},{"type":"Feature","properties":{"k":"YAMUNAUPTOHATHNIKUND","n":"Yamuna upto Hathnikund","b":"Yamuna"},"geometry":{"type":"Polygon","coordinates":[[[77.3921,30.5071],[77.3796,30.5846],[77.1954,30.6729],[77.0729,30.8279],[77.0523,30.884],[77.1043,30.9087],[77.1413,31.1034],[77.3001,31.0835],[77.3848,31.1231],[77.4237,31.2491],[77.584,31.2486],[77.6786,31.3157],[78.0857,31.4216],[78.1609,31.3441],[78.2908,31.3257],[78.4844,31.1992],[78.6229,31.2225],[78.5464,31.1002],[78.5756,30.9429],[78.3945,30.881],[78.1685,30.6893],[78.1644,30.5876],[78.2924,30.5052],[78.2712,30.4139],[78.0958,30.4616],[78.0959,30.3997],[77.9428,30.2392],[77.6871,30.3773],[77.5757,30.2963],[77.562,30.3721],[77.494,30.4108],[77.5175,30.4554],[77.3921,30.5071]]]}},{"type":"Feature","properties":{"k":"DEHUNGATPASSIGHAT","n":"Dehung at Passighat","b":"Brahmaputra"},"geometry":{"type":"Polygon","coordinates":[[[94.6308,29.3485],[94.7796,29.2406],[94.8,29.1639],[94.8738,29.1836],[95.0245,29.1296],[94.9993,29.1721],[95.2521,29.1085],[95.2818,29.0354],[95.2451,28.9883],[95.3288,28.9261],[95.3063,28.8488],[95.3933,28.7426],[95.354,28.7062],[95.4128,28.5494],[95.3204,28.4263],[95.3695,28.3202],[95.4697,28.2538],[95.2726,28.0379],[94.9402,28.0518],[94.8268,27.9892],[94.7047,28.0266],[94.6092,28.0862],[94.603,28.1506],[94.3952,28.2552],[94.4053,28.3338],[94.3118,28.3702],[94.2918,28.4288],[94.1575,28.4286],[94.1072,28.5256],[94.0107,28.5725],[93.8877,28.5336],[93.7747,28.6551],[93.8459,28.7068],[93.9363,28.6764],[93.997,28.8409],[94.1573,28.9543],[94.2171,29.0838],[94.4337,29.2267],[94.5603,29.2286],[94.6308,29.3485]]]}},{"type":"Feature","properties":{"k":"BRAHMAPUTRAATDHUBRI","n":"Brahmaputra at Dhubri","b":"Brahmaputra"},"geometry":{"type":"Polygon","coordinates":[[[90.3884,26.8933],[90.4993,26.5852],[90.5898,26.5221],[90.5374,26.5087],[90.5474,26.3727],[90.6759,26.3095],[90.6743,26.1959],[90.6605,26.1396],[90.5655,26.1015],[90.5517,26.0282],[90.454,25.9806],[90.4304,25.8931],[90.3501,25.8565],[90.3174,25.7862],[90.3645,25.6887],[90.3284,25.6596],[90.2256,25.7348],[90.1754,25.8911],[89.9762,26.0174],[89.874,26.017],[89.9024,26.0586],[89.8659,26.0872],[89.9068,26.0993],[89.8464,26.193],[89.8732,26.2421],[89.9146,26.2273],[89.9762,26.517],[89.8876,26.7127],[90.1513,26.7547],[90.2201,26.8535],[90.3884,26.8933]]]}},{"type":"Feature","properties":{"k":"MIDDLEKRISHNA","n":"Middle Krishna","b":"Krishna"},"geometry":{"type":"Polygon","coordinates":[[[75.6313,16.8614],[75.6455,16.8005],[75.8084,16.8346],[76.1759,16.7591],[76.3442,16.6592],[76.3943,16.5774],[76.5208,16.6661],[76.6504,16.7077],[76.7288,16.6742],[76.8458,16.7364],[77.2913,16.4175],[77.2893,16.3458],[76.964,16.2069],[76.8921,16.2733],[76.8292,16.1712],[76.6851,16.179],[76.6265,16.093],[76.4263,16.0555],[76.3594,15.9633],[76.1826,15.9026],[76.1087,15.79],[76.0323,15.7695],[75.9903,15.7868],[75.9549,15.9862],[76.1197,16.1332],[76.0054,16.2442],[75.8658,16.2101],[75.81,16.3335],[75.4621,16.3651],[75.4205,16.3352],[75.2565,16.4525],[74.7698,16.3973],[74.5957,16.434],[74.6412,16.5702],[74.7342,16.6202],[74.7772,16.8157],[74.8379,16.8708],[74.7317,16.9763],[74.7491,17.1147],[74.6677,17.2724],[74.713,17.3228],[74.8416,17.2105],[74.8506,17.1335],[75.0941,17.0746],[75.3525,16.9024],[75.6313,16.8614]]]}},{"type":"Feature","properties":{"k":"DAMANGANGA","n":"Damanganga","b":"Damanganga"},"geometry":{"type":"Polygon","coordinates":[[[72.8547,20.4397],[73.0576,20.2737],[73.0978,20.3008],[73.1134,20.2658],[73.2934,20.2513],[73.3061,20.3094],[73.3777,20.3196],[73.5027,20.2571],[73.6304,20.2905],[73.6484,20.174],[73.483,20.0578],[73.4774,19.9075],[73.3374,19.8699],[73.1314,20.0427],[72.9779,20.0172],[72.9846,20.2563],[72.8107,20.3938],[72.8436,20.4733],[72.8547,20.4397]]]}},{"type":"Feature","properties":{"k":"BRAHMAPUTRAATDIBRUGARH","n":"Brahmaputra at Dibrugarh","b":"Brahmaputra"},"geometry":{"type":"Polygon","coordinates":[[[96.3123,28.3799],[96.2036,28.2144],[95.8066,28.1147],[95.6912,27.9789],[95.6536,27.7772],[95.7498,27.7237],[95.7713,27.5929],[95.9452,27.5207],[95.8381,27.4384],[95.643,27.4238],[95.5367,27.4999],[95.3353,27.4742],[95.2533,27.5166],[94.9264,27.486],[94.8015,27.546],[94.8395,27.6234],[94.8169,27.7862],[94.7684,27.775],[94.5898,27.8957],[94.7068,27.9364],[94.7897,27.9129],[94.7807,28.003],[94.9402,28.0518],[95.2726,28.0379],[95.433,28.1701],[95.4598,28.2777],[95.3695,28.3202],[95.3204,28.4263],[95.4128,28.5494],[95.354,28.7062],[95.3933,28.7426],[95.3063,28.8488],[95.3288,28.9261],[95.2451,28.9883],[95.2717,29.0568],[95.4553,29.0352],[95.6001,29.2604],[96.0709,29.4607],[96.2442,29.2326],[96.3638,29.283],[96.3934,29.2538],[96.3467,29.1681],[96.1149,29.0748],[96.1849,28.985],[96.1664,28.9026],[96.3467,29.029],[96.5251,29.0758],[96.4772,28.9904],[96.6151,28.7741],[96.3244,28.5294],[96.3715,28.4822],[96.2623,28.4086],[96.3123,28.3799]]]}},{"type":"Feature","properties":{"k":"LOHITATDHOLLA","n":"Lohit at Dholla","b":"Brahmaputra"},"geometry":{"type":"Polygon","coordinates":[[[97.3597,28.2241],[97.3972,28.1854],[97.3276,28.1549],[97.3043,28.0689],[97.4115,28.0154],[97.3851,27.8874],[97.2527,27.901],[96.8895,27.6045],[96.9353,27.5083],[96.9034,27.4528],[97.1636,27.1422],[97.1382,27.0915],[96.8599,27.1898],[96.885,27.2593],[96.7668,27.3574],[96.6057,27.3658],[96.5176,27.2855],[96.5499,27.3948],[96.3387,27.3933],[96.1748,27.4998],[95.9256,27.4856],[95.9427,27.5281],[95.7713,27.5929],[95.7498,27.7237],[95.6501,27.7868],[95.6418,27.8681],[95.7511,28.0811],[96.0046,28.1944],[96.2036,28.2144],[96.3087,28.3927],[96.4109,28.3415],[96.4566,28.414],[96.6628,28.4603],[96.7804,28.3643],[96.8964,28.3796],[96.994,28.3095],[97.0901,28.3629],[97.3597,28.2241]]]}},{"type":"Feature","properties":{"k":"PUNPUNDHABNADI","n":"Punpun/Dhab Nadi","b":"Ganga"},"geometry":{"type":"Polygon","coordinates":[[[85.3075,25.6572],[85.3027,25.5104],[85.1971,25.5104],[85.1787,25.2754],[85.0863,25.0362],[85.0246,24.9946],[85.0487,24.9488],[85.0088,24.7779],[84.9646,24.7621],[84.9621,24.6121],[84.7504,24.3446],[84.6137,24.2954],[84.7171,24.2596],[84.6504,24.2087],[84.6878,24.1777],[84.5738,24.1446],[84.4277,24.1714],[84.385,24.2528],[84.1923,24.2674],[84.1518,24.3726],[84.1904,24.5125],[84.1091,24.5203],[84.1208,24.7392],[84.3206,25.0032],[84.7276,25.2429],[84.8701,25.5846],[84.8479,25.7035],[84.5053,25.653],[84.3813,25.7318],[84.3284,25.8313],[84.617,25.7502],[85.0689,25.777],[85.1826,25.6632],[85.2183,25.7043],[85.3075,25.6572]]]}},{"type":"Feature","properties":{"k":"BRAHMAPUTRAATGOALPARA","n":"Brahmaputra at Goalpara","b":"Brahmaputra"},"geometry":{"type":"Polygon","coordinates":[[[91.6993,25.5482],[91.6147,25.5812],[91.4567,25.5329],[91.329,25.5988],[91.3119,25.6636],[91.169,25.6338],[91.1147,25.7271],[90.9817,25.7045],[90.9869,25.77],[90.9346,25.718],[90.8823,25.7496],[90.8158,25.6705],[90.7258,25.6922],[90.6701,25.5713],[90.5535,25.6372],[90.4015,25.6298],[90.3589,25.5712],[90.3175,25.7879],[90.3653,25.8765],[90.4304,25.8931],[90.454,25.9806],[90.5517,26.0282],[90.5655,26.1015],[90.6605,26.1396],[90.8018,26.3059],[90.8061,26.2582],[90.9477,26.2324],[91.0887,26.3374],[91.2162,26.3388],[91.4043,26.4515],[91.4652,26.6868],[91.4062,26.8344],[91.4966,26.789],[91.6909,26.8042],[91.838,26.8795],[91.7352,26.6217],[91.7326,26.3401],[91.7798,26.3079],[91.7327,26.2318],[91.8231,26.1934],[91.8037,26.1455],[91.8616,26.1122],[91.7652,26.0015],[91.7062,26.0435],[91.5858,25.9442],[91.6446,25.8576],[91.72,25.9201],[91.6704,25.8224],[91.7155,25.7875],[91.6728,25.775],[91.7972,25.6581],[91.7876,25.5862],[91.6993,25.5482]]]}},{"type":"Feature","properties":{"k":"SAGILERU","n":"Sagileru","b":"Pennar"},"geometry":{"type":"Polygon","coordinates":[[[78.8168,15.5776],[78.8409,15.4436],[78.9289,15.458],[78.9294,15.3967],[79.0984,15.3137],[79.0797,14.9802],[79.1689,14.7482],[79.0897,14.7365],[79.1506,14.5143],[79.063,14.4773],[78.9161,14.5602],[78.7568,15.0274],[78.7358,15.3362],[78.8168,15.5776]]]}},{"type":"Feature","properties":{"k":"BRAHMAPUTRAATGUWAHATI","n":"Brahmaputra at Guwahati","b":"Brahmaputra"},"geometry":{"type":"Polygon","coordinates":[[[92.6133,26.9895],[92.6278,26.8905],[92.8394,26.7763],[92.8879,26.5458],[92.9775,26.6127],[93.1056,26.5189],[93.1546,26.5357],[93.139,26.4724],[93.1855,26.4431],[92.8952,26.3],[92.8371,26.1682],[92.6936,26.1778],[92.6735,25.9836],[92.4257,25.7997],[92.4474,25.7647],[92.3535,25.6628],[92.1407,25.5161],[92.0608,25.5575],[91.8753,25.5459],[91.7325,25.4695],[91.6994,25.55],[91.8057,25.6146],[91.6728,25.775],[91.7155,25.7875],[91.6704,25.8224],[91.7216,25.9165],[91.6446,25.8576],[91.5853,25.9381],[91.7062,26.0435],[91.7652,26.0015],[91.8616,26.1122],[91.8037,26.1455],[91.8231,26.1934],[91.7327,26.2318],[91.7798,26.3079],[91.7326,26.3401],[91.7352,26.6217],[91.838,26.8795],[91.9009,26.9151],[92.0702,26.8488],[92.0847,26.4815],[92.2549,26.4741],[92.466,26.6083],[92.3684,26.7014],[92.3916,26.9032],[92.3556,27.0402],[92.2982,27.074],[92.3188,27.1099],[92.4079,27.1221],[92.4268,27.056],[92.6133,26.9895]]]}},{"type":"Feature","properties":{"k":"BRAHMAPUTRAATNEAMATIGHAT","n":"Brahmaputra at Neamatighat","b":"Brahmaputra"},"geometry":{"type":"Polygon","coordinates":[[[95.0074,27.4821],[94.7585,27.3033],[94.7375,27.2279],[94.9989,27.3064],[95.3145,27.2126],[95.4992,27.05],[95.4967,26.969],[95.5426,26.9311],[95.4816,26.8163],[95.5026,26.8046],[95.5424,26.8348],[95.5517,26.8321],[95.4228,26.6898],[95.3021,26.6494],[95.2436,26.6874],[95.158,26.6169],[95.0667,26.4552],[95.1081,26.4172],[95.0783,26.3579],[94.8516,26.1957],[94.7765,26.2399],[94.7176,26.1949],[94.6618,26.2217],[94.5559,26.0841],[94.474,26.2089],[94.5108,26.3271],[94.4191,26.4005],[94.4806,26.6066],[94.3668,26.6416],[94.2769,26.7593],[94.2001,27.0153],[94.4156,27.0856],[94.4696,27.1976],[94.5922,27.2952],[94.7209,27.5378],[94.6984,27.688],[94.7445,27.7851],[94.8169,27.7862],[94.8395,27.6234],[94.8015,27.546],[95.0074,27.4821]]]}},{"type":"Feature","properties":{"k":"BURIDIHINGATKHOWANG","n":"Buridihing at Khowang","b":"Brahmaputra"},"geometry":{"type":"Polygon","coordinates":[[[96.5086,27.297],[96.3105,27.294],[96.0988,27.2238],[95.9456,27.0522],[95.8076,27.0132],[95.7303,26.8802],[95.673,26.9031],[95.611,26.8141],[95.5026,26.8046],[95.4837,26.8494],[95.5426,26.9311],[95.4967,26.969],[95.5026,27.0435],[95.3145,27.2126],[94.9989,27.3064],[94.7732,27.2147],[94.7303,27.2442],[94.9113,27.4332],[95.1678,27.5156],[95.3353,27.4742],[95.5367,27.4999],[95.7329,27.413],[95.8846,27.488],[96.1748,27.4998],[96.3387,27.3933],[96.5517,27.3937],[96.5086,27.297]]]}},{"type":"Feature","properties":{"k":"LOWERNARMADA","n":"Lower Narmada","b":"Narmada"},"geometry":{"type":"Polygon","coordinates":[[[73.8167,22.5721],[73.9049,22.5182],[73.9976,22.5787],[74.2128,22.5035],[74.3382,22.5113],[74.3431,22.3573],[74.2243,22.2299],[74.3113,22.0387],[74.2259,21.986],[74.1068,22.0072],[73.9634,21.9623],[73.7268,21.814],[73.8917,21.6295],[73.7936,21.5765],[73.7082,21.5884],[73.6176,21.3832],[73.4572,21.4512],[73.4309,21.652],[72.9307,21.4683],[72.7347,21.5154],[72.6513,21.4537],[72.6746,21.5213],[72.7329,21.5365],[72.7407,21.5418],[72.7424,21.5501],[72.6416,21.5263],[72.6282,21.6168],[72.7926,21.6462],[72.8332,21.6729],[72.5324,21.6715],[72.8371,21.8569],[72.9204,21.8741],[72.9279,21.8391],[73.0381,21.8851],[73.2089,22.0244],[73.3758,22.0424],[73.433,22.0077],[73.423,22.0688],[73.4737,22.0739],[73.5122,22.1734],[73.5805,22.2125],[73.6742,22.4525],[73.7433,22.4517],[73.7328,22.5021],[73.8167,22.5721]]]}},{"type":"Feature","properties":{"k":"SABARMATID","n":"Sabarmati D","b":"Sabarmati"},"geometry":{"type":"Polygon","coordinates":[[[72.3167,22.6808],[72.3653,22.8142],[72.5109,22.9367],[72.5327,23.0671],[72.569,23.0915],[72.6301,23.046],[72.7493,23.1928],[72.7313,23.3116],[72.7737,23.4],[72.8316,23.4132],[72.8295,23.469],[73.0051,23.6186],[73.2276,23.6566],[73.3092,23.7841],[73.3896,23.7702],[73.3674,23.8329],[73.4286,23.9176],[73.5065,23.895],[73.4702,23.8066],[73.4973,23.7624],[73.587,23.7823],[73.6023,23.7216],[73.8053,23.6894],[73.7908,23.5702],[73.6432,23.4825],[73.6756,23.385],[73.4315,23.2777],[73.284,23.0774],[73.419,22.975],[73.3557,22.8707],[73.264,22.8341],[73.2057,22.7005],[73.1054,22.6584],[72.8757,22.6793],[72.8496,22.589],[72.7657,22.5754],[72.6365,22.4487],[72.6484,22.4039],[72.5267,22.397],[72.4488,22.2771],[72.2498,22.5237],[72.3167,22.6808]],[[72.3167,22.6808],[72.3167,22.6799],[72.3177,22.68],[72.3176,22.6808],[72.3167,22.6808]]]}},{"type":"Feature","properties":{"k":"SABARMATIB","n":"Sabarmati B","b":"Sabarmati"},"geometry":{"type":"Polygon","coordinates":[[[72.9494,24.4018],[73.0058,24.23],[73.2117,24.1596],[73.2597,24.2063],[73.2567,24.1555],[73.3818,24.1113],[73.4092,24.0189],[73.325,24.0118],[73.2331,23.8794],[73.215,23.952],[73.1658,23.9664],[72.9916,23.9035],[72.894,23.9886],[72.7339,23.9832],[72.7142,24.0588],[72.9494,24.4018]]]}},{"type":"Feature","properties":{"k":"GANGANARORATOPHAPHAMAU","n":"Ganga Narora to Phaphamau","b":"Ganga"},"geometry":{"type":"Polygon","coordinates":[[[77.8745,29.6365],[77.9683,29.4332],[77.9039,29.2791],[77.9659,29.1837],[77.9344,29.1213],[78.0425,28.8069],[78.0337,28.6591],[78.1742,28.4828],[78.2031,28.3346],[78.3179,28.2452],[78.3001,28.1976],[78.4334,28.2267],[78.3319,28.2992],[78.3216,28.4473],[78.2025,28.6366],[78.2312,28.6973],[78.1662,28.9622],[78.2523,29.1145],[78.2459,29.2954],[78.4409,28.9525],[78.5402,28.8677],[78.5127,28.8406],[78.5682,28.8476],[78.6288,28.7733],[78.6079,28.7195],[78.6887,28.5162],[78.823,28.4655],[79.0718,28.1787],[79.2776,28.1397],[79.2993,28.0451],[79.5869,27.6661],[79.7083,27.2688],[79.9451,27.1529],[79.9634,27.2784],[80.107,27.2399],[80.1554,27.1761],[80.1461,27.0706],[80.3175,26.9337],[80.3355,26.8315],[80.5559,26.7711],[80.498,26.6379],[80.546,26.5731],[80.8437,26.4556],[80.8561,26.2829],[80.991,26.2297],[81.0605,26.0778],[81.2858,26.0311],[81.2578,25.9527],[81.4764,25.8433],[81.6273,25.6734],[81.9184,25.6782],[81.8561,25.4308],[81.6678,25.4493],[81.4551,25.5481],[81.3956,25.6314],[81.3393,25.6081],[81.3174,25.7557],[81.1275,25.8579],[81.1634,25.9231],[81.058,25.9902],[80.9256,25.9706],[80.8717,26.0331],[80.7889,25.9869],[80.573,26.118],[80.5728,26.0672],[80.504,26.0879],[80.1726,26.3751],[80.1518,26.4766],[79.9426,26.5569],[79.9143,26.6919],[79.7985,26.794],[79.8395,26.8325],[79.8029,26.8873],[79.5903,26.9082],[79.5581,26.9727],[79.4468,26.9715],[79.3252,27.0702],[79.0085,27.1806],[79.0157,27.2238],[78.7762,27.2875],[78.3397,27.6688],[78.3314,27.7837],[78.2388,27.813],[78.1435,28.0004],[77.8374,28.3488],[77.8208,28.4539],[77.5162,28.7637],[77.5945,29.0676],[77.5342,29.1646],[77.7191,29.2957],[77.801,29.4685],[77.7818,29.5513],[77.8745,29.6365]]]}},{"type":"Feature","properties":{"k":"MIDDLEGHAGHRA","n":"Middle Ghaghra","b":"Ghaghara"},"geometry":{"type":"Polygon","coordinates":[[[81.2509,27.6593],[81.3181,27.6632],[81.3321,27.7689],[81.4637,27.8715],[81.5502,28.0243],[81.6869,27.9895],[81.6437,27.8518],[81.7177,27.753],[81.6839,27.6258],[81.7571,27.5515],[81.7324,27.4839],[81.8136,27.3939],[81.826,27.3021],[81.9662,27.2555],[81.9547,27.1599],[82.1918,26.9603],[82.1478,26.863],[82.2142,26.8053],[82.0829,26.7304],[82.0088,26.7715],[81.7235,26.77],[81.6422,26.9001],[81.3863,26.9394],[81.3684,27.0549],[81.2899,27.0596],[81.2271,27.1845],[81.1431,27.1949],[80.9878,27.3417],[80.966,27.479],[80.8742,27.5266],[80.8246,27.7494],[80.7488,27.8005],[80.6781,27.9716],[80.593,28.0594],[80.4687,28.0786],[80.4781,28.1194],[80.354,28.212],[80.3912,28.3075],[80.3002,28.471],[80.4971,28.2549],[80.6039,28.2284],[80.5917,28.1811],[80.6877,28.0459],[80.9364,27.9352],[80.9913,27.7722],[81.2509,27.6593]]]}},{"type":"Feature","properties":{"k":"RAMGANGA","n":"Ramganga","b":"Ramganga"},"geometry":{"type":"Polygon","coordinates":[[[79.4835,30.0227],[79.5094,29.8722],[79.6721,29.8424],[79.7639,29.6797],[79.8358,29.6578],[79.8518,29.5633],[79.7568,29.5281],[79.7412,29.3847],[79.9516,29.2047],[79.8959,29.1362],[80.0111,29.0946],[80.0222,28.801],[80.1471,28.7082],[80.0556,28.5299],[80.0175,28.2802],[80.0931,28.2116],[80.1105,28.0531],[80.0496,27.942],[80.1314,27.857],[80.1258,27.7908],[80.0091,27.5743],[80.0439,27.3479],[79.9506,27.2612],[79.9531,27.1533],[79.8116,27.1864],[79.7083,27.2688],[79.5869,27.6661],[79.2993,28.0451],[79.2776,28.1397],[79.0718,28.1787],[78.823,28.4655],[78.6887,28.5162],[78.6079,28.7195],[78.6288,28.7733],[78.5682,28.8476],[78.5127,28.8406],[78.5402,28.8677],[78.4409,28.9525],[78.2156,29.3318],[78.3046,29.561],[78.3826,29.5821],[78.4713,29.7981],[78.5512,29.8265],[78.6313,29.9371],[78.6894,29.8358],[78.8226,29.7806],[79.1195,29.7728],[79.1022,29.9722],[79.1931,30.0834],[79.295,30.1026],[79.4835,30.0227]]]}},{"type":"Feature","properties":{"k":"RAPTI","n":"Rapti","b":"Rapti"},"geometry":{"type":"Polygon","coordinates":[[[83.7924,26.501],[83.5864,26.3067],[83.2954,26.41],[83.2252,26.5373],[82.721,27.0746],[82.3372,27.2758],[82.3209,27.3373],[82.2719,27.3078],[82.215,27.4034],[82.1157,27.3868],[82.0113,27.4422],[82.0029,27.4929],[81.7052,27.5733],[81.684,27.7051],[81.7177,27.753],[81.6437,27.8518],[81.6693,27.9823],[81.9103,27.8544],[81.9713,27.9295],[82.0745,27.9237],[82.4586,27.6762],[82.7138,27.7283],[82.7417,27.5008],[83.1842,27.4529],[83.3118,27.3292],[83.3911,27.3727],[83.4021,27.478],[83.6098,27.4699],[83.7676,27.3976],[83.5912,27.0207],[83.653,26.9464],[83.6404,26.86],[83.6797,26.8607],[83.6951,26.7654],[83.7807,26.6654],[83.7924,26.501]]]}},{"type":"Feature","properties":{"k":"SAI","n":"Sai","b":"Ganga"},"geometry":{"type":"Polygon","coordinates":[[[82.6426,25.6056],[82.5213,25.6811],[82.5107,25.7394],[82.2999,25.7365],[82.2104,25.7857],[82.1363,25.7114],[82.0051,25.7877],[81.7825,25.7199],[81.7283,25.6542],[81.6298,25.6723],[81.4764,25.8433],[81.2578,25.9527],[81.2858,26.0311],[81.0605,26.0778],[80.991,26.2297],[80.8561,26.2829],[80.8437,26.4556],[80.546,26.5731],[80.498,26.6379],[80.5685,26.7326],[80.5523,26.776],[80.3355,26.8315],[80.3175,26.9337],[80.1452,27.0722],[80.118,27.2276],[80.0109,27.2514],[80.0439,27.3487],[80.0082,27.5702],[80.1249,27.7851],[80.113,27.8431],[80.1847,27.8235],[80.1846,27.7319],[80.2616,27.6885],[80.1952,27.5137],[80.2402,27.5234],[80.2676,27.4694],[80.2735,27.2209],[80.3292,27.2077],[80.3332,27.1094],[80.41,27.0202],[80.5201,26.9291],[80.5923,26.9509],[80.5975,26.8978],[80.778,26.8618],[80.8441,26.7927],[80.94,26.8225],[80.9648,26.7184],[81.0562,26.6466],[81.2246,26.6462],[81.3833,26.4141],[81.6958,26.3382],[81.7745,26.3807],[81.8851,26.3573],[81.9945,26.2659],[82.0222,26.1289],[82.142,26.0765],[82.1057,26.0221],[82.2119,25.9781],[82.1787,25.9458],[82.2127,25.87],[82.3503,25.8197],[82.5417,25.8445],[82.5808,25.7636],[82.7949,25.6286],[82.6426,25.6056]]]}},{"type":"Feature","properties":{"k":"YAMUNAMATHURATONAINI","n":"Yamuna Mathura to Naini","b":"Yamuna"},"geometry":{"type":"Polygon","coordinates":[[[81.8649,25.4463],[81.8679,25.3135],[81.8035,25.2193],[81.6868,25.1772],[81.5339,25.2298],[81.2468,25.1438],[80.9825,25.0509],[80.9082,24.9644],[80.9184,24.8891],[80.857,24.9213],[80.8331,24.8712],[80.6693,24.8662],[80.6605,24.8052],[80.6142,24.8395],[80.4891,24.7375],[80.3948,24.718],[80.3566,24.7655],[80.3644,24.7067],[80.2855,24.7091],[80.2687,24.6586],[80.2151,24.6861],[80.1813,24.7674],[80.2995,24.9379],[80.2807,25.0124],[80.4703,25.1842],[80.3716,25.3415],[80.3782,25.5349],[80.3214,25.6243],[80.5305,25.7658],[80.4477,25.795],[80.4217,25.8827],[80.1801,25.875],[80.1539,25.9577],[79.9746,26.0568],[79.9039,25.9946],[79.5878,25.981],[79.3468,25.8311],[79.18,25.8697],[78.8981,25.8308],[79.197,26.2048],[79.1567,26.2548],[79.2292,26.3566],[79.1971,26.4599],[79.2839,26.4991],[79.2176,26.492],[79.1737,26.5567],[79.0347,26.6068],[78.9527,26.7306],[78.4425,26.9126],[78.4599,26.9764],[78.3394,27.0414],[78.1176,27.0299],[78.0243,27.158],[77.9141,27.1582],[77.8585,27.2295],[77.767,27.2282],[77.732,27.2899],[77.5751,27.3611],[77.5986,27.4236],[77.5503,27.5022],[77.7672,27.5283],[77.7661,27.6386],[77.7271,27.6634],[77.7831,27.7182],[77.7192,27.799],[77.7812,27.9281],[77.7289,28.0197],[77.7375,28.1563],[77.6641,28.2361],[77.6988,28.3575],[77.5498,28.7034],[77.8208,28.4539],[77.8374,28.3488],[78.0104,28.1078],[78.1435,28.0004],[78.2388,27.813],[78.3314,27.7837],[78.3637,27.7015],[78.3332,27.6762],[78.7508,27.3063],[79.0157,27.2238],[79.0085,27.1806],[79.3252,27.0702],[79.4468,26.9715],[79.5581,26.9727],[79.5903,26.9082],[79.8029,26.8873],[79.8395,26.8325],[79.7985,26.794],[79.9143,26.6919],[79.9426,26.5569],[80.1518,26.4766],[80.1726,26.3751],[80.504,26.0879],[80.5728,26.0672],[80.5567,26.1107],[80.573,26.118],[80.7889,25.9869],[80.8717,26.0331],[80.9256,25.9706],[81.058,25.9902],[81.1634,25.9231],[81.1275,25.8579],[81.3174,25.7557],[81.3393,25.6081],[81.3956,25.6314],[81.4551,25.5481],[81.6678,25.4493],[81.8649,25.4463]]]}},{"type":"Feature","properties":{"k":"SABARI","n":"Sabari","b":"Godavari"},"geometry":{"type":"Polygon","coordinates":[[[82.3094,19.1211],[82.6063,19.0191],[82.6574,18.8304],[82.7383,18.7769],[82.8011,18.808],[82.9608,18.7623],[83.0003,18.8246],[82.9904,18.7744],[83.0479,18.7537],[82.9827,18.6751],[83.018,18.6345],[82.9612,18.5912],[82.984,18.5232],[82.8912,18.4237],[82.9679,18.267],[82.8951,18.2219],[82.9012,18.1528],[82.7796,18.0919],[82.7787,18.0502],[82.6418,18.0301],[82.4758,17.7907],[82.3485,17.851],[82.2781,17.8201],[82.2726,17.77],[82.0728,17.8957],[81.9531,17.811],[81.7634,17.8253],[81.6471,17.6636],[81.5834,17.6989],[81.4779,17.667],[81.3402,17.5242],[81.2397,17.5794],[81.1814,17.6618],[81.2561,17.7478],[81.0893,17.8531],[81.198,17.9633],[81.1658,17.9919],[81.2292,18.1356],[81.1918,18.1974],[81.334,18.3069],[81.3356,18.3948],[81.3746,18.4094],[81.1947,18.6144],[81.2739,18.5885],[81.4165,18.7008],[81.5042,18.6967],[81.4716,18.746],[81.5285,18.7689],[81.7614,18.7444],[81.6794,18.81],[81.7523,18.8747],[81.6912,18.9559],[81.7237,19.0375],[81.8487,19.01],[81.9056,18.9296],[82.0299,18.924],[82.1053,18.9742],[82.1048,19.0508],[82.3094,19.1211]]]}},{"type":"Feature","properties":{"k":"UPPERGHAGHARA","n":"Upper Ghaghara","b":"Ghaghara"},"geometry":{"type":"Polygon","coordinates":[[[80.5348,28.6847],[80.9086,28.495],[80.9098,28.457],[81.2157,28.3575],[81.3196,28.1354],[81.4292,28.171],[81.5715,28.0352],[81.3321,27.7689],[81.3076,27.6535],[81.251,27.6584],[81.2034,27.8586],[81.0171,28.0445],[81.0574,28.1024],[80.9727,28.2015],[80.6909,28.3331],[80.4021,28.6327],[80.5279,28.5593],[80.5348,28.6847]]]}},{"type":"Feature","properties":{"k":"MANERU","n":"Maneru","b":"Godavari"},"geometry":{"type":"Polygon","coordinates":[[[79.8215,18.7035],[79.9118,18.5916],[79.9102,18.4938],[80.0201,18.3078],[79.9797,18.1565],[80.0094,18.1092],[79.9195,18.0855],[79.7693,17.948],[79.6373,17.952],[79.542,17.8932],[79.2037,17.9989],[79.2043,17.9309],[79.1193,17.8362],[78.9442,17.8606],[78.8509,17.834],[78.7334,17.7104],[78.6592,17.726],[78.6626,17.8093],[78.2239,18.3381],[78.2936,18.4414],[78.4945,18.427],[78.5294,18.4849],[78.493,18.5674],[78.5373,18.5946],[78.7053,18.5828],[78.8326,18.6816],[78.9112,18.6838],[79.0086,18.608],[79.2531,18.6631],[79.6713,18.5542],[79.8215,18.7035]]]}},{"type":"Feature","properties":{"k":"KHALSI","n":"Khalsi","b":"Indus"},"geometry":{"type":"Polygon","coordinates":[[[77.0284,34.4984],[77.1136,34.4144],[77.228,34.4173],[77.415,34.3273],[77.3522,34.2946],[77.3158,34.1705],[77.0197,34.1736],[76.9086,34.2502],[76.8728,34.433],[77.0284,34.4984]]]}},{"type":"Feature","properties":{"k":"MUSI","n":"Musi","b":"Krishna"},"geometry":{"type":"Polygon","coordinates":[[[79.2185,17.8877],[79.3633,17.7471],[79.4551,17.4053],[79.6526,17.2025],[79.7237,17.0498],[79.7242,16.8021],[79.6728,16.6941],[79.5622,16.7555],[79.5462,16.852],[79.3777,17.1025],[78.9823,17.2851],[78.8161,17.2864],[78.7586,17.1674],[78.7898,17.1013],[78.605,17.0652],[78.5467,16.9664],[78.3992,17.0354],[77.9229,17.126],[77.9028,17.2358],[77.9483,17.2894],[77.8743,17.322],[77.8499,17.428],[78.0116,17.4426],[78.0731,17.4995],[78.2361,17.432],[78.3485,17.4387],[78.4224,17.5741],[78.3868,17.6072],[78.4099,17.7141],[78.5459,17.6822],[78.7334,17.7104],[78.8509,17.834],[79.0924,17.8303],[79.2185,17.8877]]]}},{"type":"Feature","properties":{"k":"UPSHIROADBRIDGE","n":"Upshi Road Bridge","b":"Indus"},"geometry":{"type":"Polygon","coordinates":[[[77.6399,33.7758],[77.9563,33.9018],[78.3573,33.6214],[78.3769,33.5261],[78.4641,33.5221],[78.4542,33.4064],[78.5329,33.4649],[78.7404,33.3253],[78.9119,33.4004],[79.1078,33.1999],[79.1528,33.1824],[79.2184,33.2382],[79.4012,33.1964],[79.332,33.0121],[79.6269,32.7375],[79.4481,32.5325],[79.3207,32.5927],[79.1374,32.4769],[79.1151,32.3842],[78.979,32.3392],[78.8272,32.4387],[78.7691,32.6971],[78.7119,32.7185],[78.681,32.8446],[78.4579,32.9319],[78.4875,33.0793],[78.3649,33.1023],[78.3519,33.1464],[78.1858,33.1326],[78.1178,33.1828],[78.2165,33.2916],[78.0689,33.3663],[78.0986,33.4284],[77.7969,33.5283],[77.7575,33.4869],[77.6372,33.5093],[77.5567,33.6936],[77.6283,33.7171],[77.6399,33.7758]]]}},{"type":"Feature","properties":{"k":"LOWERBHIMA","n":"Lower Bhima","b":"Krishna"},"geometry":{"type":"Polygon","coordinates":[[[77.2913,16.4175],[76.8458,16.7364],[76.7288,16.6742],[76.6504,16.7077],[76.5208,16.6661],[76.3943,16.5774],[76.3442,16.6592],[76.1759,16.7591],[75.8084,16.8346],[75.6358,16.8027],[75.6808,17.062],[75.82,17.0795],[75.8967,17.3635],[76.0125,17.4547],[76.0206,17.6576],[76.0792,17.6945],[76.0424,17.8105],[76.0791,18.0589],[76.2704,18.0132],[76.3223,17.9434],[76.7247,17.9228],[76.9591,17.8247],[77.2079,17.6278],[77.3668,17.6665],[77.4245,17.5962],[77.6345,17.6363],[77.6903,17.5311],[77.7405,17.5484],[77.8504,17.4664],[77.8743,17.322],[77.9483,17.2894],[77.9028,17.2358],[77.9463,17.0197],[77.8846,17.0583],[77.788,17.0392],[77.6326,17.1342],[77.4762,16.9947],[77.4621,16.9088],[77.2605,16.8245],[77.3561,16.5258],[77.2913,16.4175]]]}},{"type":"Feature","properties":{"k":"UPPERBHIMA","n":"Upper Bhima","b":"Krishna"},"geometry":{"type":"Polygon","coordinates":[[[76.0992,18.066],[76.0468,17.9318],[76.0792,17.6945],[76.0206,17.6576],[76.0125,17.4547],[75.8967,17.3635],[75.82,17.0795],[75.6808,17.062],[75.6322,16.8614],[75.4801,16.8702],[75.3392,16.9078],[75.0292,17.1035],[74.8506,17.1335],[74.8416,17.2105],[74.7038,17.3342],[74.6254,17.5644],[74.2815,17.8771],[74.1626,17.8825],[74.0507,18.0061],[73.6188,18.0527],[73.61,18.0973],[73.6854,18.1427],[73.538,18.2245],[73.5294,18.2969],[73.4482,18.3034],[73.4053,18.4408],[73.4314,18.503],[73.3413,18.5802],[73.397,18.6644],[73.3605,18.7418],[73.4085,18.7534],[73.4708,18.9515],[73.5635,18.9964],[73.5369,19.1581],[73.635,19.1776],[73.6924,19.249],[73.675,19.2969],[73.8049,19.3224],[73.8155,19.388],[73.9835,19.3838],[74.0526,19.2431],[74.4659,19.0406],[74.6005,19.1495],[74.6934,19.1472],[74.7254,19.2478],[74.8261,19.2588],[74.9759,19.1039],[75.1552,19.1006],[75.2693,18.9064],[75.3635,18.87],[75.3725,18.7848],[75.5504,18.6927],[75.5504,18.609],[75.6976,18.5848],[75.8168,18.4687],[75.801,18.4269],[75.9401,18.3715],[76.0992,18.066]]]}},{"type":"Feature","properties":{"k":"UPPERKRISHNA","n":"Upper Krishna","b":"Krishna"},"geometry":{"type":"Polygon","coordinates":[[[74.713,17.3228],[74.6677,17.2724],[74.7491,17.1147],[74.7317,16.9763],[74.8379,16.8708],[74.7772,16.8157],[74.7342,16.6202],[74.6352,16.5613],[74.6128,16.3874],[74.3348,16.3391],[74.3406,16.283],[74.0188,16.073],[73.8812,16.0976],[73.9617,16.2082],[73.8889,16.279],[73.9105,16.3336],[73.8373,16.3452],[73.8894,16.4531],[73.8259,16.5385],[73.8651,16.6698],[73.8155,16.7111],[73.8413,16.7437],[73.712,16.8291],[73.7718,16.854],[73.7571,16.9027],[73.8013,16.9211],[73.7668,16.9667],[73.8333,16.9896],[73.8385,17.0537],[73.6942,17.1474],[73.7201,17.2132],[73.6601,17.3876],[73.7131,17.4242],[73.695,17.4873],[73.7464,17.5563],[73.6866,17.6883],[73.5739,17.7251],[73.6317,17.7918],[73.5543,17.905],[73.5764,17.943],[73.7019,18.0497],[74.0507,18.0061],[74.1626,17.8825],[74.2395,17.894],[74.3457,17.8358],[74.4577,17.6768],[74.6254,17.5644],[74.713,17.3228]]]}},{"type":"Feature","properties":{"k":"LOWERVALLEYWEST","n":"Lower Valley West","b":"Damodar"},"geometry":{"type":"Polygon","coordinates":[[[86.9903,23.8227],[87.0768,23.7296],[87.2825,23.6346],[87.318,23.5211],[87.4794,23.4775],[87.5002,23.4022],[87.5918,23.3722],[87.5032,23.2168],[87.2084,23.2556],[87.0472,23.3674],[87.0482,23.4376],[86.9371,23.5189],[86.7748,23.5221],[86.7665,23.6506],[86.875,23.7513],[86.878,23.8071],[86.9903,23.8227]]]}},{"type":"Feature","properties":{"k":"RUSHIKULYA","n":"Rushikulya","b":"Rushikulya"},"geometry":{"type":"Polygon","coordinates":[[[84.5895,20.3195],[84.655,20.2213],[84.7759,20.2477],[84.8664,20.1919],[84.8284,20.1065],[84.9082,20.0536],[84.8981,19.9628],[84.988,19.9643],[84.9944,19.8833],[85.1777,19.9829],[85.2301,19.9346],[85.1036,19.8533],[85.0161,19.6265],[85.0901,19.3775],[84.9451,19.2888],[84.8628,19.4051],[84.727,19.3879],[84.6569,19.3025],[84.5255,19.3671],[84.5137,19.2892],[84.3055,19.1127],[84.2882,19.2845],[84.3088,19.3857],[84.3692,19.4083],[84.3585,19.5026],[84.3378,19.545],[84.2426,19.4956],[84.1836,19.5146],[84.2053,19.6811],[84.0842,19.7158],[84.0942,19.8017],[84.0132,19.8327],[84.0162,19.8772],[84.1051,19.921],[84.1846,19.8972],[84.1998,19.988],[84.3715,20.0427],[84.4175,20.101],[84.4067,20.1863],[84.4832,20.1786],[84.5156,20.282],[84.5895,20.3195]]]}},{"type":"Feature","properties":{"k":"BRAHMAPUTRAATTEZPUR","n":"Brahmaputra at Tezpur","b":"Brahmaputra"},"geometry":{"type":"Polygon","coordinates":[[[94.1886,26.97],[94.3659,26.6426],[94.4806,26.6066],[94.4127,26.4291],[94.2472,26.2981],[94.0468,26.2778],[93.9799,26.3319],[93.9498,26.5024],[93.7661,26.3194],[93.4494,26.229],[93.3374,26.2526],[93.1882,26.3668],[93.2225,26.4531],[93.1415,26.4687],[93.1535,26.5364],[93.1056,26.5189],[92.9575,26.6142],[92.8879,26.5458],[92.8394,26.7763],[92.7258,26.8083],[92.5972,26.955],[92.6162,26.9989],[92.8057,26.9434],[92.7781,26.8731],[92.8727,26.8205],[92.9831,26.9323],[93.0943,26.9588],[93.1214,27.1175],[93.4201,27.1796],[93.5116,27.1578],[93.5672,27.0179],[93.7519,27.0932],[93.855,27.0741],[93.8476,27.0361],[93.9566,26.9585],[94.0909,26.9305],[94.1886,26.97]]]}},{"type":"Feature","properties":{"k":"MUTHENKARATOKABINIDAM","n":"Muthenkara to Kabini Dam","b":"Cauvery"},"geometry":{"type":"Polygon","coordinates":[[[76.2531,11.7226],[76.2421,11.7229],[76.2179,11.7487],[76.1388,11.7613],[75.9258,11.932],[76.0344,11.9401],[76.0841,11.997],[76.1926,11.9696],[76.3419,12.0451],[76.3523,11.8114],[76.2531,11.7226]]]}},{"type":"Feature","properties":{"k":"SHIMSHATILLCAUVERYCONFLUENCE","n":"Shimsha till Cauvery Confluence","b":"Cauvery"},"geometry":{"type":"Polygon","coordinates":[[[77.2539,13.287],[77.2067,13.0159],[77.303,12.8224],[77.2318,12.7316],[77.3273,12.5358],[77.2965,12.4965],[77.3354,12.4],[77.2324,12.3702],[77.2336,12.3135],[76.9299,12.32],[76.8741,12.4374],[76.7848,12.4886],[76.7476,12.69],[76.5363,12.8912],[76.5357,12.9904],[76.403,13.0855],[76.2878,13.0775],[76.249,13.1415],[76.3796,13.2824],[76.4486,13.2548],[76.5828,13.2973],[76.6871,13.3837],[76.7736,13.3481],[76.8431,13.4791],[77.0114,13.4473],[77.0694,13.557],[77.1424,13.5465],[77.1658,13.3582],[77.2741,13.3346],[77.2539,13.287]]]}},{"type":"Feature","properties":{"k":"VELLAR","n":"Vellar","b":"East Flowing Rivers"},"geometry":{"type":"Polygon","coordinates":[[[78.7762,11.9756],[78.9825,11.9034],[79.1295,11.6994],[79.3376,11.6888],[79.3992,11.6359],[79.3615,11.5512],[79.4147,11.4721],[79.6854,11.4448],[79.7319,11.5805],[79.8127,11.4282],[79.7168,11.3868],[79.3791,11.4346],[79.3648,11.3469],[79.2895,11.3285],[79.1871,11.1979],[78.8612,11.2498],[78.7098,11.1824],[78.4927,11.4173],[78.3636,11.331],[78.3475,11.3898],[78.2996,11.3853],[78.3515,11.5024],[78.2738,11.6056],[78.2365,11.5965],[78.3426,11.6889],[78.3291,11.7756],[78.4381,11.8884],[78.5126,11.8736],[78.5069,11.8334],[78.6022,11.8498],[78.6027,11.8154],[78.648,11.8647],[78.7194,11.8355],[78.7133,11.9328],[78.7762,11.9756]]]}},{"type":"Feature","properties":{"k":"SUBANSIRIATCHINA","n":"Subansiri at China","b":"Brahmaputra"},"geometry":{"type":"Polygon","coordinates":[[[93.4807,28.6725],[93.3021,28.5993],[93.2779,28.5045],[93.1846,28.4396],[93.2334,28.4002],[93.2086,28.3227],[93.0255,28.3028],[93.0021,28.2303],[92.9664,28.2614],[92.6889,28.1254],[92.6629,28.0673],[92.741,27.9889],[92.7153,27.9487],[92.5621,27.8205],[92.5028,27.841],[92.4476,27.8008],[92.4213,27.8354],[92.3204,27.7996],[92.2546,27.9637],[92.1646,27.9621],[92.1238,28.0554],[92.2304,28.0596],[92.2504,28.1029],[92.1321,28.1712],[92.1079,28.2462],[92.0129,28.2621],[92.0288,28.3512],[91.8796,28.3671],[91.8946,28.4254],[91.8271,28.4462],[91.5821,28.3896],[91.5588,28.4971],[91.7413,28.5712],[91.8013,28.6187],[91.8113,28.7004],[91.9654,28.8012],[92.1029,28.6479],[92.3404,28.6071],[92.2879,28.8579],[92.3363,28.9237],[92.6479,28.8262],[92.6646,28.7712],[92.7829,28.7496],[92.8029,28.7037],[92.8679,28.7054],[92.9196,28.7729],[93.0888,28.7237],[93.3329,28.7629],[93.4807,28.6725]]]}},{"type":"Feature","properties":{"k":"UPPERBRAHMANI","n":"Upper Brahmani","b":"Baitarni"},"geometry":{"type":"Polygon","coordinates":[[[84.6842,23.6064],[84.7785,23.5313],[84.9599,23.5454],[85.1104,23.4561],[85.2159,23.4482],[85.2291,23.3509],[85.1466,23.1726],[85.28,23.0759],[85.3411,22.8807],[85.485,22.8077],[85.4525,22.7407],[85.2955,22.648],[85.3953,22.5583],[85.3964,22.4484],[85.4689,22.4477],[85.517,22.5222],[85.6597,22.4337],[85.6294,22.3842],[85.7211,22.3167],[85.7051,22.2724],[85.8154,22.2537],[85.58,22.1833],[85.585,22.1321],[85.4604,22.1157],[85.3433,21.972],[85.2634,21.9447],[85.2746,21.8908],[85.1624,21.7701],[85.1904,21.663],[85.439,21.5113],[85.4142,21.4581],[85.2516,21.4347],[85.2673,21.3706],[85.1593,21.3512],[85.1094,21.2572],[84.8027,21.3823],[84.5985,21.3731],[84.4328,21.4356],[84.4131,21.4711],[84.4899,21.5795],[84.7598,21.6194],[84.7831,21.6778],[84.6459,21.7425],[84.6934,21.8497],[84.6173,21.8936],[84.6306,21.9939],[84.5049,22.0586],[84.5082,22.138],[84.409,22.1772],[84.3515,22.3464],[84.2398,22.3304],[84.1441,22.4644],[84.1266,22.5895],[84.0544,22.5783],[84.0627,22.6732],[84.153,22.6759],[84.1886,22.7566],[84.0975,22.8349],[84.0656,22.8028],[84.0071,22.8808],[83.9195,23.0656],[83.9277,23.1675],[83.8845,23.1907],[83.9638,23.2597],[84.0268,23.2524],[84.0386,23.3567],[84.2277,23.348],[84.3419,23.1977],[84.3376,23.1375],[84.4539,23.0729],[84.4153,23.274],[84.6842,23.6064]]]}},{"type":"Feature","properties":{"k":"UPPERMAHANADI","n":"Upper Mahanadi","b":"Mahanadi"},"geometry":{"type":"Polygon","coordinates":[[[82.5065,23.5571],[82.5689,23.5046],[82.5564,23.4096],[82.6504,23.3763],[82.6123,23.3218],[82.6432,23.2053],[82.8607,23.1434],[82.9437,23.049],[82.8912,22.9437],[83.0093,22.8329],[82.9355,22.7168],[83.0139,22.6396],[83.1172,22.6904],[83.1985,22.8118],[83.2471,22.7679],[83.3494,22.7782],[83.3915,22.9005],[83.3386,23.0178],[83.3798,23.0652],[83.5822,23.024],[83.5916,23.0985],[83.6566,23.0459],[83.6376,23.1015],[83.6968,23.0817],[83.6942,23.1681],[83.7342,23.1855],[83.9467,23.0543],[84.0638,22.8049],[84.1486,22.8156],[84.1886,22.7566],[84.153,22.6759],[84.0627,22.6732],[84.0544,22.5783],[84.1266,22.5895],[84.1916,22.3861],[84.2419,22.3289],[84.3515,22.3464],[84.409,22.1772],[84.5082,22.138],[84.5054,22.0581],[84.6223,22.0104],[84.6173,21.8936],[84.6934,21.8497],[84.6459,21.7425],[84.7033,21.6974],[84.7475,21.7225],[84.7869,21.6565],[84.6525,21.5835],[84.4899,21.5795],[84.4191,21.431],[84.2616,21.4558],[84.1845,21.6742],[84.1234,21.6033],[83.8925,21.5499],[83.8625,21.4781],[83.5057,21.5601],[83.2832,21.4124],[83.2531,21.2825],[83.1779,21.2252],[82.9825,21.314],[82.8564,21.4723],[82.8402,21.4031],[82.7173,21.2954],[82.7317,21.202],[82.6933,21.1569],[82.7266,21.1158],[82.5691,20.8385],[82.488,20.5857],[82.5229,20.5439],[82.3843,20.4058],[82.4111,20.3238],[82.1473,20.2088],[82.1821,20.0161],[82.0319,19.9321],[81.9204,20.0753],[81.7861,20.1454],[81.676,20.0647],[81.5923,20.1019],[81.5528,20.047],[81.2734,20.1823],[81.1999,20.1703],[81.2321,20.2929],[80.992,20.454],[80.8829,20.6549],[80.7273,20.6236],[80.6598,20.5411],[80.6748,20.4989],[80.5908,20.4894],[80.5272,20.5344],[80.5225,20.6334],[80.4432,20.6747],[80.4379,20.7562],[80.5912,20.9653],[80.5921,21.1887],[80.7108,21.2774],[80.7062,21.4305],[80.7775,21.4793],[80.7605,21.5548],[80.8653,21.6111],[80.885,21.8125],[80.9389,21.8244],[80.9652,21.938],[81.0537,22.019],[81.079,22.2386],[81.1341,22.2516],[81.1081,22.3355],[81.1893,22.385],[81.1891,22.4657],[81.3133,22.4796],[81.3306,22.5273],[81.3827,22.5132],[81.4029,22.441],[81.4957,22.531],[81.6077,22.537],[81.6567,22.5699],[81.6462,22.6211],[81.769,22.6635],[81.7513,22.73],[81.7935,22.7657],[81.9701,22.7774],[82.0714,22.6894],[82.1143,22.9191],[82.0501,23.046],[82.1013,23.109],[82.0654,23.1686],[82.2582,23.4241],[82.236,23.5149],[82.3802,23.4818],[82.5065,23.5571]]]}},{"type":"Feature","properties":{"k":"KALIDOWNSTREAMOFSUPADAM","n":"Kali downstream of Supa dam","b":"WFR from Tapi to Tadri"},"geometry":{"type":"Polygon","coordinates":[[[74.6988,15.5647],[74.8177,15.5229],[74.86,15.5523],[74.926,15.4956],[74.8721,15.4154],[74.9638,15.2221],[74.8988,15.0979],[74.5563,14.8863],[74.5021,14.7954],[74.3462,14.8488],[74.2687,14.7621],[74.1304,14.8121],[74.1129,14.8554],[74.2321,14.9529],[74.2296,15.0388],[74.3196,15.0887],[74.2821,15.1029],[74.3054,15.1687],[74.3829,15.1937],[74.3646,15.1279],[74.4262,15.1179],[74.5429,15.2137],[74.4912,15.3979],[74.5846,15.4271],[74.6394,15.4746],[74.631,15.5339],[74.6988,15.5647]]]}},{"type":"Feature","properties":{"k":"BEASINPUNJAB","n":"Beas in Punjab","b":"Ravi"},"geometry":{"type":"Polygon","coordinates":[[[76.0296,32.5221],[76.1443,32.4187],[75.8656,32.1707],[75.9422,32.0037],[75.9188,31.9271],[76.0709,31.8364],[75.9725,31.7521],[76.0094,31.6553],[75.7755,31.4851],[75.629,31.4692],[75.5764,31.3345],[75.3663,31.1662],[74.9384,31.155],[74.9756,31.3397],[75.108,31.4642],[75.1593,31.6368],[75.4583,31.8417],[75.4197,31.9431],[75.5096,32.1487],[75.6059,32.2538],[75.7274,32.3004],[75.7837,32.4129],[76.0296,32.5221]]]}},{"type":"Feature","properties":{"k":"GHAGGERAFTERMOONAK","n":"Ghagger after Moonak","b":"Ghagger"},"geometry":{"type":"Polygon","coordinates":[[[76.7346,30.8123],[76.6458,30.7099],[76.3186,30.5773],[76.1346,30.2922],[76.0736,30.2732],[76.0411,30.1594],[75.9472,30.1051],[75.9311,29.9734],[75.8533,29.922],[75.8405,29.8649],[75.9346,29.7629],[75.9035,29.701],[75.8101,29.6871],[75.6115,29.429],[75.4708,29.4],[75.2958,29.45],[75.2409,29.3757],[75.1104,29.3298],[74.8929,29.3922],[74.7333,29.3],[74.5333,29.3542],[74.5627,29.4115],[74.4941,29.4545],[74.3971,29.3875],[74.1042,29.4333],[73.9883,29.3799],[74.0051,29.4868],[74.2032,29.5664],[74.2995,29.6798],[74.5654,29.7083],[74.7042,29.6708],[74.7922,29.7052],[74.7678,29.7419],[74.9522,29.7881],[75.0851,29.9496],[75.2066,29.9379],[75.2613,29.9797],[75.4688,29.9381],[75.4542,29.9917],[75.7191,30.142],[75.7458,30.2208],[76.148,30.4079],[76.3083,30.6625],[76.4417,30.75],[76.4259,30.8661],[76.7346,30.8123]]]}},{"type":"Feature","properties":{"k":"GHAGGERTILLMOONAK","n":"Ghagger till Moonak","b":"Indus"},"geometry":{"type":"Polygon","coordinates":[[[77.0071,30.9029],[77.1954,30.6729],[77.3779,30.5862],[77.3929,30.5179],[77.3213,30.5146],[77.3296,30.4196],[77.1757,30.3492],[77.1875,30.25],[77.1174,30.1824],[77.0875,30.0417],[76.9814,29.9547],[76.8343,29.9753],[76.7909,29.8703],[76.6816,29.9045],[76.397,29.7994],[76.2476,29.8746],[76.1382,29.8326],[76.0667,29.725],[75.9771,29.7702],[75.9344,29.7452],[75.8405,29.8649],[75.8533,29.922],[75.9311,29.9734],[75.9472,30.1051],[76.0411,30.1594],[76.0736,30.2732],[76.1346,30.2922],[76.3281,30.588],[76.6458,30.7099],[76.7958,30.8792],[76.8779,30.8244],[77.0071,30.9029]]]}},{"type":"Feature","properties":{"k":"SUTLEJINPUNJAB","n":"Sutlej in Punjab","b":"Indus"},"geometry":{"type":"Polygon","coordinates":[[[75.4327,31.8145],[75.1593,31.6368],[75.108,31.4642],[74.9756,31.3397],[74.9384,31.155],[75.3663,31.1662],[75.5764,31.3345],[75.629,31.4692],[75.7755,31.4851],[76.0094,31.6553],[76.1989,31.2997],[76.3212,31.2466],[76.4699,31.0289],[76.5891,31.0393],[76.8074,30.8785],[76.6813,30.7958],[76.4259,30.8661],[76.4417,30.75],[76.3083,30.6625],[76.1258,30.3869],[75.7458,30.2208],[75.7191,30.142],[75.4542,29.9917],[75.4688,29.9381],[75.2613,29.9797],[75.2066,29.9379],[75.0851,29.9496],[74.9522,29.7881],[74.7678,29.7419],[74.7922,29.7052],[74.7491,29.684],[74.5654,29.7083],[74.3886,29.6706],[74.0239,29.8554],[73.6384,29.843],[73.6811,30.0387],[74.0891,30.175],[73.8479,30.3729],[73.8351,30.5168],[73.9575,30.53],[74.0167,30.6583],[74.1538,30.735],[74.2875,30.9958],[74.4605,31.0422],[74.5197,31.1464],[74.5911,31.1394],[74.6708,31.2708],[74.7552,31.2452],[74.8409,31.2885],[74.8675,31.3825],[74.9792,31.4417],[75.0792,31.6362],[75.2439,31.7297],[75.4208,31.9292],[75.4327,31.8145]]]}},{"type":"Feature","properties":{"k":"RAPTINEPAL","n":"Rapti Nepal","b":"Ganga"},"geometry":{"type":"Polygon","coordinates":[[[82.5521,28.5712],[82.7146,28.4438],[82.7646,28.5012],[82.8787,28.4763],[82.9546,28.3596],[83.0696,28.3113],[83.0738,27.9804],[83.1937,27.8679],[83.5804,27.8796],[83.7013,27.8154],[83.6571,27.6829],[83.8821,27.5287],[83.7896,27.5212],[83.7871,27.4088],[83.4021,27.478],[83.3911,27.3727],[83.3118,27.3292],[83.1842,27.4529],[82.7417,27.5008],[82.7138,27.7283],[82.4586,27.6762],[82.0745,27.9237],[81.9713,27.9295],[81.8906,27.8576],[81.6059,28.0194],[81.7479,28.3113],[81.9213,28.2279],[82.0196,28.0996],[82.3096,27.9704],[82.5829,27.9638],[82.6021,28.0138],[82.5104,28.2054],[82.4021,28.2604],[82.3504,28.4229],[82.3863,28.5304],[82.5521,28.5712]]]}},{"type":"Feature","properties":{"k":"PONDA","n":"Ponda","b":"West Flowing River Tapi to Tadri"},"geometry":{"type":"Polygon","coordinates":[[[73.9938,15.4654],[74.0637,15.3154],[74.3079,15.2263],[74.3113,15.0729],[74.0746,15.0538],[74.0729,15.1713],[73.9363,15.4012],[73.9938,15.4654]]]}},{"type":"Feature","properties":{"k":"RAVITILLRANJITSAGAR","n":"Ravi till Ranjitsagar","b":"Ravi"},"geometry":{"type":"Polygon","coordinates":[[[76.2346,33.0179],[76.3812,32.9054],[76.3604,32.8362],[76.4404,32.6579],[76.5546,32.6554],[76.7146,32.5346],[76.8654,32.5354],[76.8646,32.4646],[76.9471,32.4029],[77.0787,32.4154],[77.0396,32.2071],[76.7687,32.2287],[76.6654,32.1771],[76.4213,32.2654],[76.0296,32.5237],[75.8158,32.4012],[75.6071,32.5229],[75.6321,32.5904],[75.7554,32.6704],[75.6571,32.7554],[75.6929,32.8771],[75.8213,32.9454],[75.9496,32.8729],[76.1063,33.0063],[76.2346,33.0179]]]}},{"type":"Feature","properties":{"k":"UPPERSATLUJ","n":"Upper Satluj","b":"Satluj"},"geometry":{"type":"Polygon","coordinates":[[[80.8115,30.6738],[80.6127,30.6775],[80.6695,30.4475],[80.5913,30.4841],[80.5411,30.4487],[80.2257,30.5766],[80.1954,30.6642],[80.2389,30.7585],[80.1723,30.8072],[80.1182,30.7741],[79.9302,30.8867],[79.8702,30.9734],[79.7574,31.0013],[79.6024,30.9376],[79.5165,31.0337],[79.4283,31.0321],[79.1447,31.4337],[79.0637,31.4653],[78.9243,31.2537],[78.864,31.3171],[78.7796,31.3128],[78.7512,31.3686],[78.7992,31.4436],[78.7222,31.5088],[78.8484,31.609],[78.7518,31.6816],[78.7038,31.806],[78.7826,31.9936],[78.4884,32.276],[78.4724,32.444],[78.4046,32.5244],[78.543,32.6088],[78.6282,32.5968],[78.7691,32.6971],[78.8272,32.4387],[78.9819,32.3378],[79.1151,32.3842],[79.1374,32.4769],[79.3207,32.5927],[79.3945,32.5723],[79.4974,32.497],[79.5035,32.4035],[79.6471,32.3411],[79.6638,32.2686],[79.8063,32.1716],[79.835,32.0088],[79.9334,31.9419],[79.9007,31.9111],[79.9379,31.8268],[79.8927,31.7952],[80.2524,31.3993],[80.2036,31.3738],[80.2444,31.3408],[80.5122,31.3793],[80.6007,31.3276],[80.6499,31.3701],[80.8223,31.2838],[80.8572,31.3404],[81.017,31.3867],[81.1644,31.1805],[81.2558,31.1443],[81.3938,31.2117],[81.4505,31.1178],[81.614,31.1413],[81.6729,31.0299],[81.7274,31.0815],[81.7687,31.0129],[81.8267,31.0349],[81.8941,30.9181],[82.0587,30.8881],[82.0635,30.8103],[82.1743,30.83],[82.2755,30.7206],[82.3649,30.7358],[82.45,30.5819],[82.3206,30.5263],[82.1578,30.5154],[82.0747,30.5584],[82.0,30.5275],[82.0355,30.4733],[81.9959,30.3204],[81.6341,30.445],[81.531,30.3726],[81.3326,30.4409],[81.347,30.4976],[81.2045,30.5824],[80.9637,30.5918],[80.8115,30.6738]],[[81.1644,31.1805],[81.1641,31.1805],[81.1641,31.1802],[81.1644,31.1802],[81.1644,31.1805]],[[80.8115,30.6738],[80.8121,30.6738],[80.8121,30.674],[80.8115,30.6741],[80.8115,30.6738]]]}},{"type":"Feature","properties":{"k":"JHALDHAKAINBHUTAN","n":"Jhaldhaka in Bhutan","b":"Brahmaputra"},"geometry":{"type":"MultiPolygon","coordinates":[[[[89.2439,26.601],[89.2429,26.6011],[89.243,26.6019],[89.2439,26.6019],[89.2439,26.601]]],[[[88.9104,27.2746],[89.1079,26.9946],[89.2754,26.8579],[89.2591,26.8087],[89.1267,26.8073],[89.0894,26.8893],[88.9412,26.9309],[88.9173,26.9981],[88.8705,26.9446],[88.8661,27.1092],[88.7456,27.1434],[88.8082,27.2474],[88.9104,27.2746]]]]}},{"type":"Feature","properties":{"k":"GANGAPHAPHAMAUTOBALLIA","n":"Ganga Phaphamau to Ballia","b":"Ganga"},"geometry":{"type":"Polygon","coordinates":[[[82.125,26.7446],[82.1459,26.6821],[82.2773,26.6983],[82.3583,26.5956],[82.4376,26.6026],[82.544,26.4601],[82.7202,26.4514],[82.8019,26.2781],[83.2747,26.1944],[83.492,26.2213],[83.6193,26.0591],[83.6919,26.0311],[83.8028,26.0711],[83.966,25.9131],[84.3284,25.8313],[84.3874,25.7663],[84.3434,25.7039],[84.3655,25.6631],[84.2641,25.5218],[84.1818,25.4888],[84.2447,25.4256],[84.2065,25.3898],[84.2892,25.1925],[84.2475,24.9675],[84.1502,24.8767],[84.0031,24.8568],[83.9631,24.7529],[83.8345,24.7144],[83.8391,24.6114],[83.4372,24.5373],[83.4142,24.5981],[83.3198,24.6206],[83.2741,24.7273],[83.0454,24.7689],[82.9198,24.8893],[82.3408,24.9732],[82.1333,25.0745],[82.0651,25.2563],[81.8338,25.2756],[81.9193,25.6757],[81.7715,25.7062],[82.0051,25.7877],[82.0791,25.776],[82.1187,25.7105],[82.204,25.7858],[82.2999,25.7365],[82.5107,25.7394],[82.5213,25.6811],[82.634,25.6284],[82.6728,25.536],[82.7349,25.53],[82.7366,25.4817],[82.8283,25.426],[83.0895,25.4726],[83.1658,25.5929],[83.161,25.6726],[82.948,25.7653],[82.9465,25.8161],[82.675,25.8578],[82.5712,26.0979],[82.5302,26.1337],[82.3902,26.1171],[82.3882,26.2006],[82.2857,26.3037],[82.1842,26.2634],[82.073,26.4581],[81.894,26.4112],[81.8173,26.512],[81.8517,26.6262],[81.6192,26.7425],[81.6008,26.7942],[81.6419,26.8732],[81.7235,26.77],[82.125,26.7446]]]}},{"type":"Feature","properties":{"k":"PALLERU","n":"Palleru","b":"Krishna"},"geometry":{"type":"Polygon","coordinates":[[[79.3612,17.8077],[79.5217,17.6291],[80.039,17.3071],[80.1548,16.8358],[79.8993,16.8896],[79.8887,17.0374],[79.8319,17.1281],[79.5448,17.2728],[79.3611,17.6554],[79.3244,17.7907],[79.3612,17.8077]]]}},{"type":"Feature","properties":{"k":"KOSI","n":"Kosi","b":"Ganga"},"geometry":{"type":"Polygon","coordinates":[[[86.3452,26.6137],[86.7351,26.4244],[86.8968,26.4616],[87.0724,26.5865],[87.0925,26.4521],[87.4137,26.1996],[87.5863,25.9646],[87.6513,25.7737],[87.5787,25.7096],[87.5546,25.5604],[87.6204,25.3938],[87.4733,25.3782],[87.4984,25.4828],[87.3752,25.5715],[87.3705,25.4932],[87.2446,25.4688],[87.2629,25.4046],[87.2104,25.3904],[87.1921,25.2996],[87.1554,25.3621],[86.9711,25.3549],[86.9045,25.4095],[86.7362,25.3479],[86.6204,25.4254],[86.5974,25.4926],[86.7162,25.5377],[86.5081,25.6402],[86.4312,25.8061],[86.3304,25.8674],[86.3464,26.0784],[86.267,26.168],[86.2723,26.3446],[86.1372,26.593],[86.3452,26.6137]]]}},{"type":"Feature","properties":{"k":"SUBARNAREKHA","n":"Subarnarekha","b":"Subarnarekha"},"geometry":{"type":"Polygon","coordinates":[[[85.4589,23.5478],[85.6315,23.469],[85.8494,23.5246],[85.9889,23.4596],[86.0369,23.3411],[86.001,23.3133],[86.2093,23.1308],[86.1718,23.0666],[86.2366,22.9211],[86.3391,22.909],[86.3316,22.8603],[86.3994,22.8219],[86.5268,22.8389],[86.5592,22.7134],[86.6397,22.727],[86.6759,22.6376],[86.7664,22.6518],[86.8893,22.5843],[86.9443,22.4501],[87.0873,22.3675],[87.1372,22.214],[87.2141,22.1967],[87.2656,21.9844],[87.3277,21.9769],[87.4985,21.7642],[87.5071,21.6706],[87.4279,21.6462],[87.5588,21.6147],[87.4101,21.5449],[87.3845,21.5729],[87.3385,21.5763],[87.3941,21.5316],[87.1914,21.5557],[87.2355,21.6022],[87.1376,21.7266],[87.1407,21.9128],[87.0981,21.9132],[87.1002,21.8659],[87.0295,21.8748],[87.029,22.0363],[86.7888,22.1399],[86.678,22.1361],[86.3543,22.3555],[86.3227,22.305],[86.3774,22.2922],[86.4208,22.1813],[86.297,22.0434],[86.2894,21.9654],[86.1447,22.0068],[86.1421,22.0731],[85.972,22.0002],[85.9303,22.0225],[85.8999,22.1435],[85.9607,22.1813],[85.9324,22.2299],[85.7148,22.2645],[85.7211,22.3167],[85.6294,22.3842],[85.6597,22.4337],[85.517,22.5222],[85.4689,22.4477],[85.3964,22.4484],[85.3953,22.5583],[85.2932,22.6573],[85.4003,22.6983],[85.4844,22.8101],[85.3408,22.881],[85.28,23.0759],[85.18,23.1243],[85.1373,23.2099],[85.235,23.3768],[85.1744,23.5099],[85.2937,23.5311],[85.3481,23.4903],[85.4589,23.5478]]]}},{"type":"Feature","properties":{"k":"KOSINEPAL","n":"Kosi Nepal","b":"Ganga"},"geometry":{"type":"Polygon","coordinates":[[[86.3838,29.1254],[86.5362,29.0721],[86.5746,28.9996],[86.5154,28.9479],[86.5729,28.8454],[86.6338,28.9237],[86.9038,28.8096],[86.9688,28.8946],[87.2496,28.8879],[87.4963,28.9554],[87.5096,28.8046],[87.6137,28.7654],[87.8396,28.8854],[87.9779,28.7704],[87.9304,28.7346],[87.9879,28.6929],[88.1288,28.7504],[88.2463,28.7321],[88.3063,28.6887],[88.2713,28.5996],[88.1229,28.4704],[88.0429,28.4771],[87.9671,28.3588],[88.2346,28.3604],[88.2854,28.2488],[88.3713,28.2613],[88.4046,28.3388],[88.3754,28.3888],[88.5163,28.5079],[88.4454,28.6496],[88.5938,28.6962],[88.6288,28.7579],[88.7404,28.7054],[88.6846,28.6071],[88.7263,28.5071],[88.9029,28.4788],[88.9471,28.1821],[88.8921,28.1562],[88.8513,28.0246],[88.6753,28.0738],[88.6299,28.1307],[88.5475,28.0386],[88.4971,28.0538],[88.3984,27.9777],[88.1438,27.9646],[88.1188,27.9154],[88.1971,27.8533],[88.1954,27.7871],[88.0446,27.4988],[88.065,27.3379],[87.9913,27.1062],[87.7396,27.0204],[87.6737,26.8712],[87.4354,26.8879],[87.3446,26.8487],[87.1262,26.5621],[87.1321,26.4254],[87.0724,26.5865],[86.8429,26.4399],[86.732,26.4249],[86.5695,26.5001],[86.5529,26.5629],[86.6713,26.7296],[86.5604,26.8871],[86.6054,27.0154],[86.0629,27.2013],[85.6896,27.4504],[85.4829,27.4846],[85.3871,27.5629],[85.5246,27.7229],[85.4488,27.8171],[85.4971,28.0229],[85.4437,28.0904],[85.5354,28.1679],[85.6312,28.1296],[85.7987,28.1929],[85.7188,28.3654],[85.7771,28.3554],[85.8571,28.4937],[85.8321,28.5987],[85.7412,28.6238],[85.7929,28.7496],[86.0346,28.7246],[86.0754,28.7846],[85.9879,28.8146],[85.9804,28.8629],[86.0812,28.9204],[86.0629,28.9638],[86.1571,29.0454],[86.3838,29.1254]]]}},{"type":"Feature","properties":{"k":"MAHANANDA","n":"Mahananda","b":"Ganga"},"geometry":{"type":"Polygon","coordinates":[[[87.6201,25.3935],[87.5546,25.5604],[87.5787,25.7096],[87.6513,25.7737],[87.5863,25.9646],[87.5263,26.0063],[87.4921,26.1221],[87.2288,26.3171],[87.1877,26.4141],[87.3412,26.3483],[87.4629,26.4397],[87.6094,26.3811],[87.6791,26.4355],[87.7666,26.409],[87.7892,26.4678],[87.8505,26.4356],[87.8914,26.4861],[88.0312,26.3555],[88.1034,26.4461],[88.1889,26.7293],[88.1252,26.9585],[88.2555,27.0111],[88.4778,26.8472],[88.4132,26.6984],[88.4636,26.5402],[88.4045,26.6257],[88.3403,26.4777],[88.4872,26.4599],[88.5331,26.3735],[88.4635,26.3733],[88.3626,26.2916],[88.3541,26.2216],[88.1828,26.1475],[88.1819,26.0253],[88.0954,25.917],[88.1137,25.7964],[88.2749,25.806],[88.4563,25.6626],[88.4504,25.6012],[88.5428,25.5103],[88.7007,25.4733],[88.8019,25.5225],[88.8481,25.3636],[89.0125,25.2672],[88.9196,25.1657],[88.8485,25.2101],[88.809,25.174],[88.4442,25.2093],[88.4432,25.011],[88.3469,24.9401],[88.3362,24.8722],[88.2707,24.876],[88.1281,25.0408],[88.0373,25.0275],[88.0472,25.0853],[87.931,25.1725],[87.9068,25.2772],[87.8227,25.2649],[87.6201,25.3935]]]}},{"type":"Feature","properties":{"k":"MAHANANDANEPAL","n":"Mahananda Nepal","b":"Ganga"},"geometry":{"type":"Polygon","coordinates":[[[87.9911,27.1051],[88.1349,26.9847],[88.1879,26.7718],[88.096,26.44],[88.0305,26.3649],[87.8883,26.4868],[87.8488,26.4365],[87.7895,26.4694],[87.7648,26.4099],[87.6776,26.4355],[87.6104,26.3808],[87.4638,26.4395],[87.3689,26.4079],[87.3411,26.3475],[87.1846,26.4071],[87.1262,26.5621],[87.3454,26.8496],[87.4346,26.8879],[87.6737,26.8712],[87.7396,27.0204],[87.9911,27.1051]]]}},{"type":"Feature","properties":{"k":"TAMBRAPARANI","n":"Tambraparani","b":"EFR betweeb Pennar and Kanyakumari"},"geometry":{"type":"Polygon","coordinates":[[[77.5533,9.1743],[77.7272,9.1953],[77.8042,9.15],[77.905,8.7509],[78.0784,8.7036],[78.1208,8.7417],[78.0688,8.484],[78.0115,8.5547],[77.7,8.55],[77.4583,8.4708],[77.2507,8.6009],[77.1917,8.725],[77.2583,8.8792],[77.15,9.0208],[77.2669,9.1511],[77.2542,9.2],[77.3667,9.15],[77.4936,9.2036],[77.5533,9.1743]]]}},{"type":"Feature","properties":{"k":"CHENABTILLGULABGARH","n":"Chenab till Gulabgarh","b":"Indus"},"geometry":{"type":"Polygon","coordinates":[[[76.3404,33.3504],[76.6379,33.1613],[76.7446,33.1796],[76.7987,33.2563],[76.8187,33.1562],[76.8904,33.1221],[76.9313,33.0279],[77.1429,32.9813],[77.1604,32.9113],[77.3746,32.8229],[77.4237,32.7504],[77.3634,32.7158],[77.5438,32.7713],[77.5971,32.7346],[77.6488,32.5946],[77.5987,32.5679],[77.6246,32.3987],[77.7604,32.3271],[77.6971,32.2204],[77.8054,32.1879],[77.7754,32.1013],[77.6887,32.1004],[77.5463,32.2188],[77.4188,32.1904],[77.1963,32.3987],[77.0812,32.3954],[77.0563,32.4329],[76.9471,32.4029],[76.8646,32.4646],[76.8654,32.5354],[76.7146,32.5346],[76.5546,32.6554],[76.4404,32.6579],[76.3429,32.9679],[76.2529,32.9862],[76.2279,33.0913],[76.1029,33.1854],[76.3404,33.3504]]]}},{"type":"Feature","properties":{"k":"VARAHANADHI","n":"Varahanadhi","b":"EFR betweeb Pennar and Kanyakumari"},"geometry":{"type":"Polygon","coordinates":[[[79.4146,12.4921],[79.4871,12.4637],[79.5779,12.3096],[79.5929,12.1546],[79.7021,12.0421],[79.6787,11.9804],[79.5546,12.0146],[79.4412,11.9879],[79.4038,12.0996],[79.2571,12.1329],[79.1813,12.2379],[79.1363,12.3488],[79.2179,12.4421],[79.3546,12.4437],[79.4146,12.4921]]]}},{"type":"Feature","properties":{"k":"SANKOSHRAIDAKANDOTHERSINBHUTAN","n":"Sankosh Raidak and Others in Bhutan","b":"Brahmaputra"},"geometry":{"type":"Polygon","coordinates":[[[89.7979,28.2471],[90.0338,28.1379],[90.1271,28.1954],[90.2071,28.1487],[90.2904,28.1646],[90.3621,28.0971],[90.2738,27.9688],[90.2921,27.9154],[90.2529,27.9096],[90.2379,27.8113],[90.2929,27.7287],[90.1921,27.5212],[90.2879,27.4462],[90.3788,27.2754],[90.2454,27.0104],[90.3929,26.9],[90.2305,26.8589],[90.1513,26.7547],[89.7805,26.6991],[89.5601,26.815],[89.4771,27.1054],[89.1754,27.2937],[89.1779,27.3821],[89.0963,27.5021],[89.2354,27.7987],[89.3904,27.8921],[89.5063,28.0888],[89.5954,28.1646],[89.7654,28.1879],[89.7979,28.2471]]]}},{"type":"Feature","properties":{"k":"SHRAVATITILLLINGAMANAKKI","n":"Shravati till Lingamanakki","b":"West Flowing River Tadri to Kanyakumari"},"geometry":{"type":"Polygon","coordinates":[[[75.2952,14.0764],[75.3179,14.0162],[75.2354,13.8746],[75.1771,13.8554],[75.1796,13.7904],[75.1412,13.8087],[75.1462,13.7204],[74.9979,13.7771],[74.9546,13.8887],[74.7146,13.9054],[74.6754,14.0038],[74.7421,14.0612],[74.7404,14.1204],[74.8721,14.2063],[75.0604,14.0946],[75.1246,14.1946],[75.2021,14.1512],[75.2079,14.0638],[75.2952,14.0764]]]}},{"type":"Feature","properties":{"k":"DAMODAREAST","n":"Damodar East","b":"Damodar"},"geometry":{"type":"Polygon","coordinates":[[[86.875,23.7513],[86.7665,23.6506],[86.7694,23.5154],[86.5842,23.5051],[86.5001,23.3929],[86.0651,23.4208],[85.8494,23.5246],[85.8176,23.7677],[85.8935,23.8731],[85.7334,24.0345],[85.987,24.0967],[86.0848,24.0592],[86.1318,23.9618],[86.2978,23.9111],[86.3767,23.957],[86.4704,23.8961],[86.5938,23.8895],[86.6523,23.7914],[86.875,23.7513]]]}},{"type":"Feature","properties":{"k":"RAVIOTHERSINPUNJAB","n":"Ravi & Others in Punjab","b":"Indus"},"geometry":{"type":"Polygon","coordinates":[[[75.4632,32.1448],[75.5104,32.1213],[75.4119,31.9145],[75.2439,31.7297],[75.0792,31.6362],[74.9792,31.4417],[74.8675,31.3825],[74.8409,31.2885],[74.7552,31.2452],[74.6708,31.2708],[74.5817,31.1292],[74.5139,31.1409],[74.5263,31.3125],[74.6223,31.4302],[74.576,31.4381],[74.5834,31.5857],[74.4912,31.6863],[74.4946,31.7821],[74.608,31.7925],[74.7084,31.8859],[74.7779,31.8783],[75.3585,32.1496],[75.4632,32.1448]]]}},{"type":"Feature","properties":{"k":"CAUVERYTILLTNARSIPUR","n":"Cauvery till T. Narsipur","b":"Cauvery"},"geometry":{"type":"Polygon","coordinates":[[[76.9054,12.2323],[76.513,12.3492],[76.5884,12.4538],[76.5559,12.5508],[76.6285,12.6723],[76.6073,12.8008],[76.6704,12.7989],[76.7476,12.69],[76.7848,12.4886],[76.8741,12.4374],[76.9299,12.32],[76.9054,12.2323]]]}},{"type":"Feature","properties":{"k":"SHRAVATIDOWNSTREAMOFLINGAMANAKKI","n":"Shravati downstream of Lingamanakki","b":"West Flowing River Tadri to Kanyakumari"},"geometry":{"type":"Polygon","coordinates":[[[74.8612,14.2004],[74.7304,14.0954],[74.6904,14.1471],[74.5162,14.1312],[74.4363,14.2529],[74.4146,14.3938],[74.5238,14.4321],[74.5471,14.3646],[74.6879,14.3846],[74.7054,14.2996],[74.8337,14.2621],[74.8612,14.2004]]]}},{"type":"Feature","properties":{"k":"KALITILLSUPA","n":"Kali till Supa","b":"WFR from Tapi to Tadri"},"geometry":{"type":"Polygon","coordinates":[[[74.6184,15.469],[74.4912,15.3979],[74.5471,15.2238],[74.4988,15.1596],[74.4262,15.1179],[74.3646,15.1279],[74.3829,15.1937],[74.3196,15.1638],[74.2887,15.2521],[74.3667,15.3116],[74.2729,15.4529],[74.2788,15.5221],[74.3754,15.5429],[74.4763,15.4989],[74.5544,15.556],[74.6184,15.469]]]}}]}