{"type":"FeatureCollection","features":[{"type":"Feature","properties":{"k":"india"},"geometry":{"type":"MultiPolygon","coordinates":[[[[73.04199,8.2652],[73.03865,8.27319],[73.05338,8.27454],[73.04199,8.2652]]],[[[79.21268,9.2465],[79.20384,9.23972],[79.19006,9.2309],[79.17949,9.24862],[79.21268,9.2465]]],[[[73.64668,10.06045],[73.64038,10.05833],[73.63663,10.06854],[73.64693,10.07354],[73.64668,10.06045]]],[[[72.64589,10.56243],[72.62411,10.55097],[72.64338,10.57943],[72.64589,10.56243]]],[[[73.67651,10.80529],[73.66289,10.80676],[73.66725,10.81865],[73.69947,10.81738],[73.67651,10.80529]]],[[[72.71619,11.12488],[72.72981,11.13786],[72.73047,11.12676],[72.71951,11.11504],[72.71619,11.12488]]],[[[72.76281,11.1942],[72.77871,11.24369],[72.78373,11.24415],[72.76133,11.18393],[72.76281,11.1942]]],[[[86.79711,20.39677],[86.80554,20.39577],[86.80705,20.37237],[86.79581,20.37018],[86.79711,20.39677]]],[[[86.78787,20.38347],[86.79093,20.41104],[86.79091,20.43344],[86.8068,20.4419],[86.78787,20.38347]]],[[[88.18569,21.58258],[88.18859,21.55785],[88.19697,21.54097],[88.16715,21.58201],[88.18569,21.58258]]],[[[88.53196,21.58396],[88.54783,21.53667],[88.48475,21.55258],[88.49624,21.59925],[88.53196,21.58396]]],[[[72.82591,21.63884],[72.72801,21.58594],[72.64647,21.53713],[72.58059,21.529],[72.57619,21.57146],[72.60587,21.57326],[72.62395,21.62697],[72.7676,21.65702],[72.82591,21.63884]]],[[[88.30569,21.69959],[88.3516,21.67486],[88.33956,21.61941],[88.31785,21.60522],[88.30569,21.69959]]],[[[88.42814,21.70251],[88.41343,21.69309],[88.41078,21.66616],[88.43103,21.61899],[88.4076,21.59031],[88.3895,21.63946],[88.40475,21.71177],[88.40168,21.72097],[88.37373,21.72393],[88.39894,21.74396],[88.42814,21.70251]]],[[[88.20354,21.72584],[88.18242,21.68823],[88.18234,21.69956],[88.18948,21.71333],[88.20354,21.72584]]],[[[88.42218,21.81058],[88.46277,21.78262],[88.45016,21.61177],[88.42038,21.65314],[88.43286,21.70219],[88.38361,21.77912],[88.42218,21.81058]]],[[[88.35707,21.68646],[88.34315,21.75325],[88.37812,21.76642],[88.3871,21.74343],[88.36353,21.72469],[88.3947,21.71461],[88.35707,21.68646]]],[[[88.13225,21.87377],[88.17125,21.7401],[88.14058,21.63235],[88.09024,21.63865],[88.04731,21.64524],[88.04161,21.67596],[88.13225,21.87377]]],[[[88.29828,21.76683],[88.30496,21.73246],[88.27976,21.73492],[88.28904,21.77862],[88.29828,21.76683]]],[[[88.45282,21.81434],[88.47512,21.83398],[88.49842,21.82072],[88.48546,21.79886],[88.45282,21.81434]]],[[[88.17858,21.84401],[88.19521,21.83948],[88.19072,21.83056],[88.17858,21.84401]]],[[[88.13026,21.93016],[88.14502,21.91689],[88.12663,21.89997],[88.11642,21.92339],[88.13026,21.93016]]],[[[69.33137,22.37455],[69.32336,22.38129],[69.33941,22.38597],[69.33137,22.37455]]],[[[69.59035,22.43072],[69.62893,22.45885],[69.65681,22.42694],[69.6365,22.40572],[69.59035,22.43072]]],[[[69.0863,22.43055],[69.09397,22.46091],[69.12683,22.47498],[69.14801,22.47328],[69.0863,22.43055]]],[[[70.04016,22.55284],[70.05155,22.54493],[70.0543,22.53192],[70.04822,22.52375],[70.04016,22.55284]]],[[[73.31259,16.53532],[73.34467,16.56965],[73.32185,16.60718],[73.35519,16.61895],[73.32434,16.63609],[73.30539,16.73028],[73.29972,16.98188],[73.25864,17.01986],[73.28905,17.07441],[73.20161,17.282],[73.21151,17.30701],[73.22752,17.28513],[73.25541,17.29078],[73.16727,17.40475],[73.19205,17.46986],[73.14114,17.54674],[73.15265,17.59937],[73.11363,17.68981],[73.13525,17.71264],[72.99038,18.05577],[72.97852,18.19712],[72.93501,18.22861],[72.9359,18.28087],[72.98648,18.28228],[72.91192,18.36545],[72.8941,18.47264],[72.92174,18.54718],[72.85105,18.69883],[72.86581,18.80762],[72.94292,18.82613],[72.98773,18.78336],[72.99929,18.8092],[72.97341,18.8628],[72.93484,18.84405],[72.90148,18.88577],[72.95619,18.95709],[72.94715,18.98677],[72.88648,18.98062],[72.87824,19.02194],[72.8431,18.93351],[72.80874,18.89341],[72.80356,18.89881],[72.8384,19.0479],[72.77558,19.22719],[72.78586,19.30638],[72.83085,19.32852],[72.74789,19.37024],[72.70814,19.70381],[72.67689,19.71465],[72.68352,19.78915],[72.64199,19.84398],[72.67914,19.8669],[72.66422,19.93349],[72.72142,19.98894],[72.70788,20.07003],[72.75631,20.28923],[72.82379,20.36722],[72.82014,20.43391],[72.88594,20.49768],[72.89822,20.5736],[72.78109,20.91823],[72.81998,20.9275],[72.75465,20.93866],[72.7264,21.01474],[72.75001,21.06368],[72.66496,21.10834],[72.62325,21.09308],[72.65479,21.21687],[72.60034,21.28987],[72.60117,21.38862],[72.68285,21.44297],[72.6873,21.45244],[72.57913,21.40964],[72.70218,21.52492],[72.75,21.52752],[72.82033,21.61111],[72.82846,21.65091],[72.96298,21.67403],[72.53435,21.67137],[72.53971,21.73187],[72.60524,21.75627],[72.62308,21.87714],[72.69127,21.88258],[72.69772,21.93854],[72.74674,21.96175],[72.72268,21.99493],[72.70781,21.9534],[72.54267,21.91238],[72.53692,22.07511],[72.58096,22.19915],[72.6515,22.21497],[72.78268,22.15757],[72.78276,22.19286],[72.85463,22.23731],[72.84922,22.27495],[72.69516,22.2008],[72.62418,22.23391],[72.55532,22.22808],[72.30182,22.03495],[72.26887,21.9706],[72.21167,21.96207],[72.20523,21.89693],[72.24246,21.82981],[72.20282,21.81906],[72.30638,21.62871],[72.23535,21.45601],[72.09839,21.27937],[72.08474,21.23649],[72.11205,21.19863],[71.78295,21.03079],[71.5275,20.95096],[71.43998,20.86952],[71.37943,20.87403],[71.14607,20.75898],[71.00544,20.73917],[70.9799,20.70595],[70.82174,20.69156],[70.43772,20.8529],[70.18696,21.03134],[69.60254,21.63694],[69.20881,21.9663],[68.95372,22.24507],[68.93576,22.31183],[69.00631,22.43959],[69.08341,22.47409],[69.03947,22.44571],[69.03395,22.39376],[69.19872,22.40115],[69.13485,22.22379],[69.15697,22.19547],[69.18155,22.23238],[69.23763,22.22288],[69.23555,22.25],[69.33594,22.32264],[69.42319,22.31601],[69.54345,22.37697],[69.59638,22.34771],[69.65574,22.3598],[69.73069,22.48455],[69.79385,22.37835],[69.8327,22.44197],[69.87365,22.42967],[69.93985,22.48279],[69.97926,22.46817],[69.98771,22.50921],[70.0792,22.51514],[70.08649,22.49369],[70.1834,22.5241],[70.17918,22.56752],[70.26432,22.65492],[70.27869,22.72527],[70.46232,22.83131],[70.53515,22.91206],[70.43778,22.96496],[70.53943,22.96395],[70.59712,23.06094],[70.76457,23.16604],[70.81265,23.16163],[70.82588,23.08118],[70.85703,23.12536],[70.82876,23.15829],[70.95188,23.19714],[70.86292,23.19236],[70.89017,23.22604],[70.83684,23.24898],[70.72019,23.21192],[70.66541,23.22433],[70.64902,23.19204],[70.57896,23.17771],[70.50231,23.1779],[70.42859,23.23648],[70.30193,23.22369],[70.20877,23.16035],[70.15326,23.03821],[70.2187,23.06332],[70.21605,22.94657],[70.12054,22.96329],[70.14722,23.03268],[70.01675,22.92024],[69.89874,22.87126],[69.64742,22.79619],[69.43135,22.80902],[69.44811,22.77927],[69.32158,22.83214],[69.19458,22.8391],[68.76143,23.07872],[68.76503,23.12376],[68.68262,23.15291],[68.64554,23.22524],[68.70347,23.24192],[68.71297,23.30718],[68.65567,23.33369],[68.64867,23.30755],[68.62397,23.36627],[68.53536,23.43367],[68.48396,23.54771],[68.51064,23.63948],[68.56243,23.68325],[68.55803,23.71758],[68.64087,23.73894],[68.65426,23.79704],[68.71124,23.83017],[68.68823,23.84645],[68.58083,23.82099],[68.52746,23.74608],[68.42098,23.73321],[68.38724,23.59479],[68.27808,23.55973],[68.19924,23.57943],[68.17751,23.62786],[68.20666,23.66889],[68.18165,23.72163],[68.20865,23.87546],[68.2866,23.93218],[68.32865,23.92235],[68.34112,23.96974],[68.75303,23.97131],[68.7647,24.29584],[68.80823,24.3136],[68.8574,24.21431],[68.94528,24.30249],[68.99833,24.2235],[69.09475,24.27449],[69.19328,24.2362],[69.31274,24.2816],[69.50383,24.26857],[69.59498,24.29213],[69.73121,24.17106],[70.02506,24.17128],[70.10987,24.29497],[70.55777,24.4198],[70.60247,24.40812],[70.56213,24.35187],[70.57123,24.25173],[70.7139,24.21565],[70.90726,24.25878],[70.87867,24.3014],[71.11967,24.40249],[71.10307,24.4357],[70.99857,24.44443],[70.98626,24.59546],[71.09838,24.68694],[70.93763,24.93856],[70.88867,25.14817],[70.66481,25.39688],[70.66007,25.70215],[70.387,25.67383],[70.26865,25.7136],[70.09976,25.93826],[70.08339,26.08329],[70.17505,26.25153],[70.17418,26.55144],[70.05623,26.60057],[69.82312,26.58903],[69.51031,26.7435],[69.48443,26.80484],[69.51331,27.00998],[69.58642,27.18265],[70.0259,27.56292],[70.1324,27.80596],[70.37219,28.01183],[70.50582,28.03704],[70.58946,28.01044],[70.6774,27.92185],[70.68437,27.82819],[70.73977,27.74192],[70.87184,27.7056],[71.20554,27.83542],[71.38306,27.87263],[71.66643,27.87776],[71.89834,27.96121],[71.92716,28.12126],[72.20613,28.39427],[72.29924,28.66975],[72.3546,28.73353],[72.73309,28.94809],[72.94584,29.02795],[73.2821,29.57203],[73.39693,29.946],[73.80656,30.06803],[73.97347,30.19417],[73.95653,30.27607],[73.87978,30.35972],[73.9647,30.42456],[73.93684,30.43645],[73.9344,30.49014],[73.96413,30.45648],[74.01203,30.53359],[74.07228,30.52291],[74.10511,30.61927],[74.27461,30.73576],[74.26077,30.76986],[74.30346,30.78159],[74.32467,30.84956],[74.38209,30.86043],[74.36591,30.89293],[74.42272,30.90778],[74.45688,30.9643],[74.54616,30.99242],[74.56144,31.04865],[74.69593,31.07416],[74.68892,31.12788],[74.60099,31.13202],[74.60736,31.09492],[74.57127,31.08142],[74.51036,31.1319],[74.55392,31.36666],[74.65384,31.42788],[74.63532,31.47784],[74.58393,31.49666],[74.61663,31.55651],[74.4866,31.715],[74.55941,31.75788],[74.5707,31.83694],[74.6772,31.92614],[74.8191,31.95875],[74.87547,32.05087],[74.92519,32.06645],[75.01236,32.03575],[75.12291,32.08138],[75.17424,32.06747],[75.20246,32.12024],[75.24028,32.09107],[75.33138,32.21958],[75.37321,32.22885],[75.38186,32.26895],[75.3205,32.29739],[75.32267,32.34353],[75.18977,32.42581],[75.13325,32.4085],[75.09898,32.47774],[75.03002,32.49487],[74.95266,32.4475],[74.87799,32.49275],[74.6821,32.49359],[74.69061,32.53296],[74.63905,32.61464],[74.69601,32.66426],[74.6535,32.69669],[74.70477,32.84195],[74.64277,32.82119],[74.63426,32.74954],[74.51654,32.74507],[74.45898,32.78758],[74.35505,32.767],[74.3034,32.82984],[73.99871,32.93948],[73.96464,32.98712],[73.82566,33.00401],[73.79043,32.96681],[73.74929,33.05962],[73.63186,33.0953],[73.66801,33.20186],[73.63355,33.20764],[73.56513,33.36932],[73.59606,33.43898],[73.63248,33.44937],[73.60207,33.49668],[73.64102,33.53174],[73.61172,33.60079],[73.56715,33.61774],[73.60314,33.71509],[73.55992,33.78133],[73.59092,33.89748],[73.51645,33.99883],[73.48084,34.28942],[73.45986,34.27621],[73.3961,34.37161],[73.43127,34.52268],[73.44825,34.56709],[73.55613,34.58984],[73.65123,34.56308],[73.69468,34.64702],[73.65905,34.6731],[73.72236,34.76341],[73.84314,34.81428],[73.91937,34.81165],[74.02043,34.87246],[74.07117,34.93548],[74.05932,34.99268],[74.10588,35.01837],[74.07117,35.05849],[74.13374,35.10465],[74.10663,35.14796],[73.95684,35.16804],[73.80833,35.2395],[73.70798,35.22248],[73.72498,35.27305],[73.69828,35.37573],[73.79204,35.45422],[73.7785,35.52289],[73.62839,35.56905],[73.39812,35.55708],[73.13796,35.70663],[73.14791,35.82875],[73.08388,35.87746],[72.92959,35.84025],[72.81916,35.88172],[72.78652,35.8425],[72.72337,35.8522],[72.68438,35.82253],[72.51847,35.90548],[72.53867,35.98512],[72.5846,36.02508],[72.51668,36.06733],[72.5617,36.13989],[72.54731,36.20541],[72.58769,36.2589],[72.6622,36.25813],[72.79994,36.32794],[72.87412,36.39041],[72.85915,36.43366],[72.97936,36.45732],[72.97791,36.51153],[73.05195,36.53297],[73.09789,36.60992],[73.06765,36.70062],[73.28572,36.70379],[73.42532,36.74291],[73.5793,36.72238],[73.59271,36.69284],[73.79555,36.71884],[73.86698,36.70079],[73.86799,36.76632],[73.70551,36.83781],[73.67109,36.9117],[73.85926,36.89732],[74.04652,36.81082],[74.1353,36.85013],[74.15575,36.91051],[74.24897,36.89361],[74.41715,36.99343],[74.52296,36.99513],[74.56575,36.95926],[74.57671,37.04807],[74.68117,37.08671],[74.74239,37.0233],[74.84087,37.03214],[74.91558,36.92026],[75.01567,36.99072],[75.10915,36.9619],[75.21096,37.05002],[75.32078,37.06428],[75.35443,36.98848],[75.42158,36.96566],[75.40878,36.90375],[75.44982,36.88893],[75.46327,36.83031],[75.61272,36.77527],[75.80702,36.56342],[76.09169,36.47462],[76.2665,36.35884],[76.35393,36.36945],[76.4375,36.31035],[76.43678,36.25783],[76.48098,36.21973],[76.59409,36.17832],[76.65592,36.19218],[76.72009,36.0977],[76.81369,36.04063],[76.73214,35.95464],[76.80748,35.84975],[77.001,35.77556],[77.11566,35.79811],[77.17636,35.76813],[77.17968,35.73022],[77.25834,35.70432],[77.36587,35.71519],[77.43794,35.65614],[77.48276,35.52962],[77.33204,35.53035],[77.38524,35.47386],[77.67335,35.46591],[77.72877,35.47733],[77.73587,35.5211],[77.91208,35.46109],[77.92932,35.49031],[77.97727,35.44892],[77.93752,35.51722],[77.95781,35.60487],[78.13677,35.53657],[78.21205,35.666],[78.25588,35.64579],[78.28451,35.66449],[78.27695,35.71837],[78.40386,35.73585],[78.44267,35.78364],[78.53416,35.76251],[78.67331,35.8542],[78.9692,35.89017],[79.03225,35.84772],[79.16467,35.83819],[79.21276,35.87787],[79.2309,35.97216],[79.35803,35.99173],[79.41035,35.98598],[79.4402,35.89408],[79.75109,35.79692],[79.88709,35.77439],[80.01569,35.82616],[80.1289,35.65673],[80.31171,35.58796],[80.34508,35.46117],[80.29848,35.41699],[80.24266,35.20802],[80.18503,35.13063],[80.1869,35.008],[80.075,34.80542],[80.06531,34.69286],[79.94466,34.6609],[79.87826,34.67486],[79.7766,34.61038],[79.79438,34.58054],[79.76978,34.53778],[79.82104,34.51446],[79.79144,34.46675],[79.59839,34.48676],[79.52215,34.46362],[79.53163,34.40875],[79.56894,34.40059],[79.59214,34.23582],[79.49369,34.18468],[79.49595,34.12445],[79.42111,34.07594],[79.43745,34.01265],[79.17293,34.05829],[79.11265,34.00894],[79.00115,34.03361],[78.91832,33.96392],[79.01319,33.78294],[79.06045,33.77583],[79.01611,33.70226],[79.078,33.68608],[79.10015,33.61632],[78.90286,33.62201],[78.97842,33.33641],[79.10769,33.28911],[79.44611,33.25773],[79.44304,33.20036],[79.37322,33.10638],[79.38032,33.02767],[79.3249,33.01224],[79.60962,32.72323],[79.42929,32.52353],[79.38453,32.5228],[79.37299,32.56048],[79.30526,32.58582],[79.25975,32.52265],[79.13201,32.46981],[79.09368,32.37713],[79.00355,32.37488],[78.97119,32.33569],[78.8067,32.44425],[78.7507,32.69276],[78.60526,32.59109],[78.56551,32.61485],[78.45128,32.5776],[78.40782,32.5266],[78.53341,32.41038],[78.48479,32.34914],[78.46317,32.24024],[78.58795,32.2361],[78.62122,32.11153],[78.6566,32.11148],[78.78855,31.99323],[78.70985,31.78662],[78.75402,31.68565],[78.79822,31.68181],[78.85334,31.60743],[78.72898,31.51981],[78.73624,31.48057],[78.81278,31.44974],[78.79201,31.39554],[78.85877,31.36637],[78.89879,31.26272],[78.93269,31.25294],[78.94759,31.31952],[79.01083,31.35708],[79.05592,31.455],[79.12742,31.43486],[79.24648,31.33004],[79.2715,31.28677],[79.25187,31.24302],[79.29262,31.22122],[79.31748,31.13672],[79.3988,31.10779],[79.42476,31.03049],[79.51903,31.02671],[79.55559,30.95732],[79.60167,30.93995],[79.75301,31.00787],[79.85616,30.97742],[79.9291,30.88243],[79.98962,30.87859],[80.11091,30.7793],[80.17777,30.80405],[80.21684,30.74891],[80.23849,30.76228],[80.23457,30.68829],[80.19761,30.68001],[80.22683,30.57894],[80.41273,30.5252],[80.53908,30.4492],[80.60401,30.47527],[80.74572,30.39737],[80.82157,30.31556],[81.0298,30.24887],[81.02903,30.19576],[80.94442,30.17869],[80.90273,30.21538],[80.86717,30.1703],[80.87683,30.13439],[80.76103,30.04952],[80.74982,30.00949],[80.67416,29.95709],[80.60455,29.95933],[80.49435,29.79663],[80.43392,29.80519],[80.36515,29.74693],[80.41638,29.65075],[80.40738,29.59493],[80.29873,29.49061],[80.30265,29.45412],[80.24243,29.44379],[80.31688,29.31525],[80.29373,29.19776],[80.24773,29.21628],[80.27141,29.14755],[80.23279,29.11848],[80.1829,29.13705],[80.14296,29.09859],[80.11792,28.98155],[80.05847,28.91663],[80.07482,28.82449],[80.25105,28.75752],[80.361,28.63526],[80.45084,28.62954],[80.52289,28.55357],[80.50338,28.66514],[80.56866,28.68813],[80.61161,28.63952],[80.66763,28.64219],[80.69045,28.5876],[80.7686,28.56591],[80.79968,28.52123],[80.89609,28.50702],[80.90556,28.46637],[80.95173,28.44764],[81.01676,28.45129],[81.03383,28.3989],[81.2106,28.36083],[81.23264,28.28915],[81.32094,28.19755],[81.32091,28.13404],[81.37451,28.14671],[81.37351,28.1773],[81.44668,28.16102],[81.47828,28.08271],[81.69844,27.98819],[81.88496,27.85695],[81.92508,27.85933],[81.96832,27.92912],[82.06996,27.92365],[82.12138,27.86585],[82.20877,27.8431],[82.44867,27.67932],[82.69913,27.72195],[82.75235,27.5852],[82.7352,27.50266],[82.92929,27.50119],[83.03457,27.44872],[83.18795,27.45432],[83.29165,27.33495],[83.33717,27.33263],[83.40345,27.40211],[83.38893,27.47968],[83.61425,27.46944],[83.86394,27.34723],[83.88317,27.37656],[83.84299,27.44171],[84.02393,27.43301],[84.0977,27.51709],[84.15115,27.51672],[84.14878,27.48675],[84.20614,27.44672],[84.25405,27.4541],[84.29238,27.38481],[84.62189,27.33693],[84.6863,27.22852],[84.64339,27.04614],[84.79382,26.99598],[84.82945,27.01957],[84.96258,26.96053],[84.97068,26.9169],[85.05369,26.88891],[85.02397,26.85438],[85.18984,26.87004],[85.17703,26.81496],[85.21262,26.758],[85.33451,26.74167],[85.6239,26.87378],[85.73448,26.79587],[85.7343,26.65361],[85.85126,26.60868],[85.85803,26.56897],[85.94792,26.61389],[85.95487,26.64666],[86.03003,26.66609],[86.21768,26.58848],[86.34323,26.61692],[86.73665,26.42362],[86.7665,26.45944],[86.83377,26.4391],[86.89296,26.46147],[86.93216,26.51695],[87.01536,26.53204],[87.07182,26.58581],[87.09165,26.45029],[87.16256,26.4039],[87.24794,26.41384],[87.26602,26.37388],[87.34109,26.34752],[87.36889,26.40794],[87.46655,26.44021],[87.61234,26.381],[87.67756,26.43546],[87.76476,26.40988],[87.79359,26.46857],[87.84883,26.43646],[87.88829,26.48676],[88.00658,26.361],[88.09606,26.44024],[88.10546,26.56105],[88.18712,26.74831],[88.17433,26.85955],[88.12035,26.95027],[88.13492,26.98471],[88.03777,27.0364],[87.98842,27.11761],[88.06998,27.33544],[88.04483,27.37011],[88.07713,27.43213],[88.04726,27.49715],[88.2006,27.78839],[88.17592,27.81981],[88.19917,27.85322],[88.12248,27.91478],[88.14778,27.96403],[88.20902,27.94146],[88.24041,27.97054],[88.25432,27.94211],[88.35522,27.98941],[88.40094,27.9773],[88.49883,28.0535],[88.5528,28.03649],[88.55486,28.08109],[88.62217,28.09758],[88.61279,28.12852],[88.67353,28.07231],[88.75828,28.07566],[88.83882,28.01484],[88.84031,27.92871],[88.89105,27.85608],[88.85857,27.81526],[88.85072,27.66752],[88.76666,27.56511],[88.80895,27.40675],[88.92294,27.32585],[88.90599,27.27237],[88.80563,27.2474],[88.74914,27.14327],[88.86661,27.11036],[88.87535,26.94676],[88.92168,26.99393],[88.94439,26.93389],[89.02157,26.94069],[89.0957,26.89167],[89.13448,26.80764],[89.2624,26.81378],[89.37898,26.86218],[89.46104,26.80608],[89.5601,26.81287],[89.65058,26.7763],[89.6311,26.71883],[89.7528,26.73531],[89.77137,26.701],[89.87468,26.6829],[89.86292,26.73707],[90.13988,26.75362],[90.19452,26.77327],[90.2305,26.85891],[90.3003,26.84822],[90.35663,26.90066],[90.41748,26.90453],[90.54661,26.81664],[90.71728,26.76827],[91.05406,26.78099],[91.09756,26.82199],[91.33725,26.78086],[91.40765,26.8396],[91.49511,26.79121],[91.62552,26.82087],[91.70655,26.8051],[91.89174,26.91906],[92.05672,26.84739],[92.12002,26.88898],[92.12098,26.96036],[92.03081,27.07992],[92.02672,27.16828],[92.07257,27.23311],[92.038,27.25842],[92.12498,27.28202],[92.06458,27.32698],[92.01882,27.47539],[91.73062,27.46949],[91.69506,27.50533],[91.65245,27.48304],[91.59373,27.54206],[91.56449,27.6423],[91.62885,27.70006],[91.64507,27.76945],[91.61464,27.82185],[91.56598,27.81861],[91.55883,27.85605],[91.66318,27.85295],[91.76131,27.79996],[91.82068,27.81596],[91.86219,27.73969],[91.9277,27.72259],[92.21866,27.86951],[92.28224,27.86185],[92.31277,27.78849],[92.4163,27.83055],[92.46602,27.81778],[92.50336,27.85395],[92.55621,27.82436],[92.74243,27.99259],[92.66534,28.06999],[92.70027,28.13577],[92.80603,28.20691],[92.85263,28.1826],[92.96271,28.25856],[92.9973,28.22943],[93.02234,28.31039],[93.21796,28.32608],[93.22422,28.4055],[93.18045,28.43488],[93.27774,28.50131],[93.33917,28.64325],[93.45275,28.67504],[93.46704,28.65465],[93.49615,28.68597],[93.52241,28.65907],[93.73988,28.68455],[93.78414,28.66336],[93.8506,28.70704],[93.93563,28.66611],[94.00659,28.76739],[93.9867,28.80376],[94.00724,28.8407],[94.16446,28.95746],[94.2241,29.08783],[94.43812,29.22319],[94.55071,29.22075],[94.63098,29.34124],[94.7413,29.27474],[94.79965,29.16589],[94.87867,29.17503],[95.02245,29.13394],[94.98159,29.15156],[94.99277,29.17076],[95.10638,29.11891],[95.24172,29.11062],[95.26007,29.05408],[95.41065,29.03052],[95.46645,29.06646],[95.48099,29.14307],[95.53072,29.13049],[95.52693,29.21566],[95.5722,29.22281],[95.58303,29.26061],[95.61926,29.2497],[95.77688,29.36165],[95.78213,29.34139],[95.86175,29.39512],[95.94181,29.38765],[96.08125,29.46108],[96.22373,29.25122],[96.28236,29.24231],[96.36382,29.29165],[96.37908,29.26711],[96.34201,29.17838],[96.24495,29.16576],[96.10206,29.07899],[96.17147,28.99919],[96.1349,28.93523],[96.16087,28.89783],[96.32691,29.02802],[96.5128,29.06969],[96.46467,28.98314],[96.50938,28.96637],[96.52609,28.88246],[96.60899,28.77983],[96.57931,28.71159],[96.4669,28.67518],[96.47447,28.62178],[96.40001,28.55928],[96.34475,28.55401],[96.31858,28.52596],[96.36208,28.48034],[96.25339,28.40704],[96.36258,28.38636],[96.39548,28.33592],[96.45713,28.41382],[96.64114,28.45779],[96.74085,28.41381],[96.77029,28.36703],[96.88967,28.37849],[96.98761,28.30333],[97.10569,28.34696],[97.1711,28.28567],[97.29526,28.26188],[97.40104,28.19225],[97.3279,28.15021],[97.34614,28.11437],[97.31043,28.07452],[97.37748,28.05993],[97.4129,28.01484],[97.37298,27.96803],[97.37359,27.88018],[97.31323,27.91382],[97.24902,27.8993],[97.09883,27.74679],[97.03616,27.74239],[96.89675,27.60926],[96.92982,27.52418],[96.90324,27.45273],[97.15982,27.14636],[97.14201,27.09489],[97.07199,27.08978],[96.98536,27.15387],[96.87441,27.18068],[96.88361,27.25989],[96.79647,27.34574],[96.70352,27.37213],[96.60612,27.36581],[96.5176,27.2864],[96.29883,27.29285],[96.02498,27.18056],[95.9456,27.0515],[95.80333,27.01546],[95.74486,26.89732],[95.71618,26.87846],[95.667,26.90286],[95.60336,26.81161],[95.52445,26.8221],[95.42908,26.70085],[95.30396,26.65101],[95.23321,26.68109],[95.14893,26.61587],[95.06206,26.44938],[95.13219,26.37751],[95.11805,26.10064],[95.18584,26.07352],[95.01177,25.89778],[95.04997,25.79999],[95.03987,25.74117],[94.93598,25.66761],[94.88226,25.59175],[94.89747,25.57055],[94.83444,25.55273],[94.80799,25.49329],[94.68362,25.46643],[94.6346,25.39501],[94.5782,25.2158],[94.73624,25.13493],[94.74409,25.0375],[94.69667,24.96861],[94.71337,24.93549],[94.63186,24.83946],[94.60721,24.71754],[94.54807,24.70953],[94.52921,24.61802],[94.40308,24.47529],[94.39763,24.40729],[94.32854,24.32972],[94.15147,23.85247],[94.12067,23.83285],[94.0843,23.88143],[93.91949,23.95173],[93.81912,23.92371],[93.75952,24.00296],[93.62335,24.01092],[93.58786,23.95959],[93.55725,23.98113],[93.50007,23.94442],[93.39899,24.08518],[93.34194,24.10197],[93.32828,24.07738],[93.32841,23.98516],[93.39498,23.92431],[93.392,23.75599],[93.43715,23.68705],[93.38767,23.44711],[93.40155,23.38344],[93.35566,23.35291],[93.38713,23.14337],[93.29309,23.00608],[93.22971,23.01127],[93.18402,23.05958],[93.12574,23.04065],[93.16453,22.91047],[93.13147,22.90738],[93.09485,22.80679],[93.09551,22.67214],[93.14079,22.5923],[93.10619,22.52755],[93.13901,22.45404],[93.18507,22.42834],[93.20231,22.26375],[93.14202,22.2459],[93.14688,22.17473],[93.1109,22.20406],[93.03799,22.19506],[93.05968,22.10134],[93.00454,22.10376],[93.0075,21.98213],[92.95201,22.03005],[92.90639,21.9403],[92.8639,22.06287],[92.72635,22.1498],[92.69698,22.15048],[92.68216,22.00877],[92.60336,21.97835],[92.60285,22.06064],[92.56246,22.12782],[92.60654,22.12385],[92.60855,22.16342],[92.52179,22.56033],[92.51655,22.72238],[92.47386,22.74666],[92.44959,22.89418],[92.3714,22.93635],[92.39232,23.05638],[92.35812,23.10331],[92.34406,23.23609],[92.40424,23.24058],[92.31697,23.47172],[92.27978,23.7192],[92.24388,23.72229],[92.21184,23.65263],[92.20295,23.7057],[92.14428,23.73309],[92.07282,23.64652],[92.00846,23.6637],[91.95702,23.73399],[91.93402,23.68456],[91.97032,23.48224],[91.94309,23.4353],[91.84312,23.40008],[91.76266,23.30281],[91.83372,23.09549],[91.77452,23.06962],[91.78008,23.02853],[91.61695,22.94401],[91.54249,22.99946],[91.50323,23.19208],[91.40889,23.28513],[91.38477,23.15615],[91.40631,23.05898],[91.34696,23.1023],[91.28985,23.31852],[91.31105,23.35266],[91.15814,23.62178],[91.16125,23.66385],[91.19942,23.64658],[91.20499,23.67975],[91.15424,23.68839],[91.15884,23.74165],[91.2215,23.74309],[91.25411,23.83799],[91.24144,23.92269],[91.27172,23.92465],[91.28469,23.9821],[91.37953,23.97533],[91.3744,24.10598],[91.59118,24.07485],[91.6364,24.10169],[91.65792,24.22782],[91.68913,24.16165],[91.75947,24.14165],[91.74503,24.24697],[91.84307,24.22022],[91.9027,24.1378],[91.94082,24.26809],[91.91999,24.33746],[91.95758,24.35628],[91.99595,24.32205],[91.97045,24.38452],[92.09695,24.37347],[92.1368,24.42496],[92.16536,24.42005],[92.15543,24.51803],[92.21637,24.50339],[92.29553,24.73662],[92.23561,24.90287],[92.2969,24.91601],[92.4001,24.84865],[92.49061,24.87376],[92.48762,24.94677],[92.41964,24.96878],[92.42553,25.02955],[92.19617,25.10803],[92.07385,25.18495],[91.7545,25.17717],[91.63791,25.12254],[91.59941,25.15107],[91.61518,25.17472],[91.47821,25.13379],[91.26801,25.20724],[90.84982,25.15764],[90.76916,25.18261],[90.699,25.15683],[90.66319,25.19101],[90.44108,25.14451],[90.33024,25.19382],[90.11811,25.22346],[89.96649,25.30362],[89.83118,25.29603],[89.81955,25.37934],[89.86658,25.47256],[89.85127,25.53863],[89.88251,25.6172],[89.81658,25.81423],[89.88708,25.9452],[89.82539,25.9455],[89.86916,25.98144],[89.83584,26.0126],[89.81748,25.99138],[89.74362,26.1593],[89.6813,26.16362],[89.67989,26.23408],[89.6358,26.22351],[89.65858,26.17617],[89.59792,26.15413],[89.63033,26.11811],[89.59388,26.10216],[89.63032,26.10676],[89.64952,26.06679],[89.57872,26.02626],[89.57623,25.96852],[89.54036,25.96998],[89.5409,26.0059],[89.42748,26.01315],[89.42896,26.04297],[89.35715,26.00791],[89.25441,26.06412],[89.2653,26.09249],[89.2196,26.12658],[89.15495,26.13952],[89.10192,26.28192],[89.13631,26.32011],[89.09363,26.32578],[89.09199,26.39369],[88.983,26.42104],[88.96472,26.45736],[88.92303,26.42336],[88.9143,26.36522],[88.98669,26.34773],[88.98494,26.30054],[89.06055,26.29163],[89.04595,26.2407],[88.95314,26.24197],[88.89827,26.28864],[88.86133,26.27213],[88.87014,26.23386],[88.83832,26.23264],[88.79356,26.30997],[88.67815,26.26414],[88.67513,26.32007],[88.73124,26.31835],[88.74397,26.34872],[88.70402,26.34187],[88.62289,26.47108],[88.56493,26.4575],[88.48375,26.54128],[88.44827,26.53529],[88.39822,26.62583],[88.33122,26.4845],[88.35098,26.45424],[88.37449,26.48845],[88.48525,26.46026],[88.52335,26.36082],[88.44398,26.36014],[88.34962,26.28216],[88.3526,26.22582],[88.17722,26.14798],[88.17832,26.02144],[88.12969,25.99694],[88.08592,25.91524],[88.10197,25.82789],[88.1549,25.77704],[88.26979,25.80789],[88.26651,25.78245],[88.40169,25.67256],[88.4543,25.6639],[88.44474,25.59654],[88.49992,25.58395],[88.53737,25.52102],[88.663,25.47364],[88.80989,25.52323],[88.83784,25.36804],[88.92946,25.30408],[89.0094,25.29737],[89.00558,25.26872],[88.95063,25.24394],[88.92308,25.16491],[88.8489,25.20991],[88.79904,25.1709],[88.7134,25.20681],[88.56386,25.17518],[88.49982,25.20977],[88.44295,25.19626],[88.44712,25.04171],[88.40189,24.9506],[88.3409,24.94063],[88.33062,24.87014],[88.25827,24.87755],[88.22484,24.96001],[88.13804,24.93616],[88.16404,24.84995],[88.0088,24.66789],[88.14953,24.50379],[88.32827,24.38487],[88.44643,24.37858],[88.52712,24.34438],[88.55513,24.29334],[88.56769,24.32665],[88.69659,24.31535],[88.73544,24.2765],[88.74649,24.14706],[88.69319,24.11115],[88.75684,24.03285],[88.72851,23.99876],[88.76871,23.98146],[88.74039,23.98429],[88.73544,23.91462],[88.66658,23.87262],[88.58749,23.87145],[88.56217,23.63709],[88.59376,23.64081],[88.58047,23.60309],[88.63823,23.61074],[88.66014,23.54912],[88.7463,23.48294],[88.79933,23.4917],[88.74897,23.39841],[88.7453,23.30782],[88.69628,23.30175],[88.71904,23.25473],[88.77882,23.22105],[88.81367,23.25203],[88.94649,23.20645],[88.98502,23.22037],[88.86942,23.10068],[88.88371,23.03736],[88.85514,22.95792],[88.89426,22.952],[88.90542,22.88582],[88.96868,22.84395],[88.911,22.75773],[88.96149,22.68892],[88.92717,22.64923],[88.9958,22.47],[88.98448,22.3267],[89.02386,22.29929],[88.99568,22.28525],[89.07161,22.19689],[89.06897,22.15146],[89.09817,22.15471],[89.03775,22.09235],[89.07723,22.00639],[89.06953,21.93388],[89.00244,21.94538],[89.01182,21.98426],[88.95359,22.01219],[88.91781,21.98093],[88.90247,22.00385],[88.90436,21.92789],[88.80944,21.94074],[88.8398,21.88636],[88.82148,21.78144],[88.86374,21.76359],[88.84559,21.6191],[88.80449,21.63716],[88.81459,21.71073],[88.76266,21.70443],[88.78439,21.72337],[88.75683,21.73474],[88.77757,21.72128],[88.75655,21.70297],[88.7687,21.69369],[88.80993,21.70448],[88.80794,21.66268],[88.75,21.65817],[88.69376,21.74531],[88.75146,22.00623],[88.67862,21.94309],[88.63072,21.95436],[88.62351,22.01146],[88.58513,21.99059],[88.5741,21.9779],[88.57534,21.96331],[88.5687,21.95992],[88.55292,21.9753],[88.54404,21.97302],[88.54122,21.96599],[88.54247,21.94855],[88.54815,21.92207],[88.56856,21.90325],[88.54103,21.90742],[88.53751,21.85671],[88.47649,21.88812],[88.48786,21.84038],[88.47329,21.83753],[88.4491,21.81755],[88.44864,21.80588],[88.41947,21.81292],[88.34007,21.75743],[88.3443,21.72104],[88.30707,21.71506],[88.29996,21.78141],[88.28827,21.78896],[88.26419,21.72886],[88.30117,21.68242],[88.28442,21.60071],[88.31016,21.581],[88.25321,21.55863],[88.21846,21.61593],[88.23353,21.66736],[88.19923,21.68966],[88.21892,21.69811],[88.21529,21.77803],[88.19588,21.84364],[88.16376,21.88303],[88.15094,21.9539],[88.22245,22.06749],[88.20512,22.16476],[88.07278,22.20948],[88.08873,22.25],[88.06109,22.20762],[87.95593,22.26973],[87.99777,22.20843],[88.13668,22.1842],[88.18943,22.10808],[88.05234,22.00659],[87.93554,21.8192],[87.71848,21.66784],[87.11943,21.51498],[86.89006,21.30755],[86.82935,21.20865],[86.85629,21.2056],[86.8479,21.0955],[86.98042,20.85824],[86.94416,20.76648],[86.99211,20.7705],[87.00004,20.69784],[87.0258,20.69309],[86.77525,20.52075],[86.72755,20.39911],[86.77534,20.40524],[86.79806,20.36397],[86.52044,20.17013],[86.38833,19.9547],[85.80016,19.78667],[85.43051,19.628],[84.93021,19.27621],[84.76627,19.07814],[84.69999,19.12984],[84.76465,19.07741],[84.74495,19.04878],[84.35463,18.55654],[84.1535,18.37641],[84.12849,18.31543],[83.5677,18.00919],[83.21322,17.59129],[82.54173,17.25065],[82.31915,17.05895],[82.2481,16.9323],[82.2494,16.91062],[82.3318,16.9932],[82.36,16.96018],[82.34135,16.73828],[82.36918,16.72151],[82.30924,16.56962],[81.69733,16.30128],[81.71431,16.32007],[81.68428,16.33113],[81.47652,16.35282],[81.29025,16.2947],[81.21444,16.19703],[81.13975,15.97275],[81.00874,15.83957],[81.02201,15.77497],[80.95346,15.72493],[80.82001,15.71437],[80.77941,15.77617],[80.81202,15.75031],[80.80609,15.84163],[80.65525,15.87868],[80.44162,15.80999],[80.28221,15.686],[80.20018,15.4645],[80.11192,15.34999],[80.0475,15.07812],[80.0984,14.77955],[80.19761,14.5878],[80.13305,14.10298],[80.2529,13.78013],[80.25031,13.50043],[80.26875,13.56463],[80.32526,13.44403],[80.34536,13.2813],[80.25923,12.93353],[80.25502,12.78214],[80.15735,12.46903],[79.87241,12.04315],[79.76065,11.62437],[79.75997,11.53853],[79.84256,11.35047],[79.83888,10.82767],[79.88044,10.30469],[79.78229,10.27246],[79.78601,10.28973],[79.74872,10.31438],[79.76575,10.27187],[79.54413,10.32489],[79.38807,10.31752],[79.29846,10.2633],[79.22819,10.15229],[79.26611,10.03923],[79.15281,9.92823],[78.92515,9.585],[78.9003,9.46879],[79.01286,9.33257],[79.18272,9.28287],[79.31332,9.32762],[79.32729,9.25945],[79.42436,9.17155],[79.2092,9.2824],[78.95918,9.27378],[78.66137,9.19266],[78.57895,9.13143],[78.41529,9.1146],[78.18921,8.92887],[78.15808,8.79696],[78.1962,8.7532],[78.1364,8.69411],[78.13047,8.49662],[78.0625,8.4145],[78.0662,8.37232],[77.80413,8.24088],[77.74561,8.17737],[77.57711,8.13672],[77.55142,8.07817],[77.31606,8.1219],[76.97122,8.39197],[76.64118,8.82435],[76.54766,8.90245],[76.32823,9.44881],[76.23811,9.96925],[76.1001,10.37692],[75.90977,10.78952],[75.84812,11.05707],[75.73528,11.34601],[75.68436,11.44616],[75.6209,11.47292],[75.50778,11.73232],[75.35568,11.8598],[75.25033,12.00819],[75.20114,12.00914],[75.18393,12.04421],[74.82443,12.84906],[74.69829,13.34256],[74.60901,13.86013],[74.51398,13.98686],[74.35473,14.52217],[74.31653,14.51951],[74.24924,14.7411],[74.20179,14.72063],[74.10028,14.79788],[74.12479,14.83955],[74.09588,14.89823],[74.04454,14.91607],[74.02648,15.00642],[73.9173,15.0875],[73.94992,15.14324],[73.87918,15.3619],[73.78318,15.40953],[73.78971,15.4638],[73.68937,15.71801],[73.72631,15.71705],[73.74499,15.73646],[73.68355,15.7204],[73.65311,15.74437],[73.65626,15.79576],[73.58697,15.91061],[73.50244,15.95608],[73.31259,16.53532]],[[79.80453,19.5799],[79.80932,19.57712],[79.80588,19.57975],[79.80453,19.5799]],[[80.05544,16.97142],[80.04944,16.95145],[80.05665,16.97087],[80.08849,16.96858],[80.05544,16.97142]],[[80.04824,16.94747],[80.04967,16.94523],[80.04892,16.94971],[80.04824,16.94747]],[[80.04676,16.93137],[80.0511,16.93669],[80.05068,16.93916],[80.04676,16.93137]],[[80.01738,16.91497],[80.01653,16.91114],[80.02117,16.91533],[80.01738,16.91497]],[[80.00629,16.88321],[80.00425,16.88006],[80.0012,16.86717],[80.00401,16.86179],[80.00629,16.88321]],[[80.02901,16.85202],[80.04297,16.85306],[80.02063,16.85357],[80.02901,16.85202]],[[80.04785,16.8337],[80.05002,16.83219],[80.04781,16.83451],[80.04785,16.8337]],[[80.07263,16.8165],[80.0729,16.81823],[80.06144,16.82426],[80.07263,16.8165]],[[80.06745,16.79128],[80.06943,16.79651],[80.07256,16.81606],[80.06745,16.79128]],[[80.05345,16.76326],[80.05427,16.75316],[80.05482,16.7657],[80.05345,16.76326]],[[80.04816,16.73855],[80.05383,16.74327],[80.05385,16.74365],[80.04816,16.73855]],[[80.0308,16.71527],[80.03173,16.71585],[80.03537,16.72379],[80.0308,16.71527]],[[80.00815,16.70896],[80.00737,16.70839],[80.01889,16.7103],[80.00815,16.70896]],[[79.99582,16.70001],[79.99544,16.69921],[79.99773,16.7014],[79.99582,16.70001]],[[79.94975,16.6359],[79.96477,16.64495],[79.97911,16.66496],[79.94041,16.63344],[79.94975,16.6359]],[[79.91434,16.63418],[79.93137,16.63128],[79.93184,16.6314],[79.91434,16.63418]],[[79.89231,16.65398],[79.89517,16.64779],[79.90775,16.6353],[79.89231,16.65398]],[[79.88731,16.67795],[79.88962,16.65983],[79.89158,16.65557],[79.88731,16.67795]],[[79.88551,16.68735],[79.8779,16.69684],[79.88594,16.68509],[79.88551,16.68735]],[[79.81365,16.69449],[79.82135,16.69186],[79.82544,16.69391],[79.81365,16.69449]],[[79.80897,16.69868],[79.81182,16.69511],[79.81198,16.69505],[79.80897,16.69868]],[[79.79391,16.72314],[79.79354,16.72342],[79.7977,16.71285],[79.79391,16.72314]],[[79.77277,16.73057],[79.76611,16.72785],[79.77353,16.73057],[79.77277,16.73057]],[[79.71808,16.69024],[79.72105,16.69035],[79.72533,16.69363],[79.71808,16.69024]],[[79.67915,16.6934],[79.67467,16.69162],[79.68067,16.69368],[79.67915,16.6934]],[[79.64962,16.67083],[79.66219,16.68665],[79.64828,16.67003],[79.64815,16.66994],[79.64962,16.67083]],[[79.62678,16.66235],[79.63295,16.66073],[79.63382,16.66125],[79.62678,16.66235]],[[79.604,16.67233],[79.60263,16.67205],[79.61933,16.66431],[79.604,16.67233]],[[79.5249,16.63151],[79.52531,16.63141],[79.52661,16.63158],[79.5249,16.63151]],[[79.51037,16.63574],[79.50823,16.63539],[79.51904,16.63287],[79.51037,16.63574]],[[79.49401,16.63304],[79.49368,16.63281],[79.49444,16.63311],[79.49401,16.63304]],[[79.47927,16.62271],[79.48114,16.62266],[79.4922,16.63177],[79.47927,16.62271]],[[79.45958,16.62366],[79.45866,16.62324],[79.47099,16.62292],[79.45958,16.62366]],[[79.44024,16.61482],[79.43992,16.61374],[79.45177,16.62009],[79.44024,16.61482]],[[79.43338,16.59184],[79.43375,16.59211],[79.43887,16.61023],[79.43338,16.59184]],[[79.4133,16.58013],[79.4175,16.58004],[79.41775,16.58023],[79.4133,16.58013]],[[79.37789,16.58276],[79.37763,16.58272],[79.38087,16.58229],[79.37789,16.58276]],[[79.35603,16.57936],[79.35809,16.57968],[79.3409,16.58152],[79.35603,16.57936]],[[79.30824,16.57415],[79.29805,16.56523],[79.29845,16.56535],[79.30824,16.57415]],[[79.28238,16.56191],[79.28494,16.56114],[79.28927,16.56249],[79.28238,16.56191]],[[79.26164,16.56692],[79.26079,16.56623],[79.26377,16.56619],[79.26164,16.56692]],[[79.25222,16.55925],[79.24518,16.53329],[79.24799,16.53463],[79.25222,16.55925]],[[79.22724,16.52378],[79.2192,16.51035],[79.21448,16.48468],[79.21706,16.47756],[79.23261,16.46037],[79.22724,16.52378]],[[79.21156,16.44739],[79.21153,16.44676],[79.21515,16.45088],[79.21156,16.44739]],[[79.20811,16.38015],[79.21208,16.37413],[79.20828,16.38352],[79.20811,16.38015]],[[79.21511,16.34956],[79.21059,16.35617],[79.21433,16.34935],[79.22667,16.34077],[79.21511,16.34956]],[[79.23153,16.31822],[79.23426,16.335],[79.23376,16.33538],[79.23153,16.31822]],[[79.23113,16.3151],[79.23101,16.30931],[79.23119,16.3156],[79.23113,16.3151]],[[79.22733,16.27689],[79.2302,16.28106],[79.23024,16.28264],[79.22733,16.27689]],[[79.22565,16.27359],[79.22467,16.26173],[79.22591,16.27409],[79.22565,16.27359]],[[79.21697,16.23024],[79.22208,16.23584],[79.22307,16.24577],[79.21697,16.23024]],[[80.24077,13.47333],[80.24097,13.47331],[80.24732,13.49176],[80.24077,13.47333]],[[80.23517,13.47407],[80.23701,13.47379],[80.23491,13.47435],[80.23517,13.47407]],[[80.22462,13.48537],[80.22141,13.4857],[80.22475,13.48523],[80.22462,13.48537]],[[80.17581,13.49042],[80.16566,13.48863],[80.17985,13.49],[80.17581,13.49042]],[[80.14473,13.49989],[80.14469,13.4999],[80.14472,13.49928],[80.14473,13.49989]],[[80.11072,13.49185],[80.07819,13.48881],[80.09924,13.48758],[80.11103,13.49189],[80.11718,13.50397],[80.12642,13.50308],[80.11187,13.50562],[80.11072,13.49185]],[[80.07808,13.52751],[80.07714,13.5268],[80.07715,13.52665],[80.07808,13.52751]],[[80.088,13.53665],[80.08821,13.53684],[80.08176,13.54924],[80.08155,13.54919],[80.088,13.53665]],[[80.06191,13.54478],[80.05646,13.53667],[80.07727,13.54823],[80.06191,13.54478]],[[80.02539,13.54431],[80.02506,13.54438],[80.0286,13.53881],[80.02539,13.54431]],[[79.9986,13.53747],[80.00001,13.53023],[79.99912,13.53806],[79.9986,13.53747]],[[80.00087,13.52576],[80.00104,13.52487],[80.01704,13.52883],[80.01686,13.52949],[80.00087,13.52576]],[[80.03552,13.51831],[80.02027,13.51828],[80.02804,13.51305],[80.04838,13.51184],[80.03552,13.51831]],[[80.03551,13.49765],[80.04625,13.49442],[80.04741,13.50181],[80.03055,13.49804],[80.03551,13.49765]],[[80.02889,13.49817],[80.01571,13.4992],[79.99001,13.48593],[79.98683,13.47947],[80.02889,13.49817]],[[79.9729,13.46926],[79.9824,13.47046],[79.98273,13.47226],[79.9729,13.46926]],[[79.97286,13.43319],[79.97288,13.44955],[79.96633,13.42579],[79.97286,13.43319]],[[79.94445,13.4062],[79.94445,13.40627],[79.94421,13.4072],[79.94445,13.4062]],[[79.94713,13.395],[79.96103,13.39445],[79.94676,13.39652],[79.94713,13.395]],[[79.96175,13.39151],[79.96257,13.39423],[79.96241,13.39425],[79.96175,13.39151]],[[79.92582,13.35775],[79.9313,13.35151],[79.93588,13.35541],[79.92582,13.35775]],[[79.92134,13.3588],[79.921,13.35822],[79.92347,13.3583],[79.92134,13.3588]],[[79.89856,13.33847],[79.90381,13.34043],[79.90509,13.34216],[79.89856,13.33847]],[[79.88302,13.33299],[79.88278,13.33179],[79.88499,13.33341],[79.88302,13.33299]],[[79.87882,13.32601],[79.86876,13.3319],[79.86806,13.33016],[79.87763,13.32428],[79.87882,13.32601]],[[79.86294,13.31763],[79.86325,13.31765],[79.86629,13.32584],[79.86294,13.31763]],[[79.81736,13.31855],[79.83259,13.31541],[79.8437,13.31622],[79.83536,13.31593],[79.81658,13.3188],[79.81141,13.31544],[79.81736,13.31855]],[[79.80165,13.3005],[79.8032,13.31011],[79.80033,13.30004],[79.79225,13.29389],[79.80165,13.3005]],[[79.78691,13.2986],[79.79173,13.29352],[79.79183,13.29359],[79.78691,13.2986]],[[79.7626,13.31289],[79.76256,13.31278],[79.76277,13.31283],[79.7626,13.31289]],[[79.7569,13.29734],[79.76028,13.30161],[79.76144,13.30973],[79.7569,13.29734]],[[79.75045,13.29161],[79.75242,13.29166],[79.75325,13.29272],[79.75045,13.29161]],[[79.73504,13.27594],[79.73096,13.28392],[79.73496,13.27548],[79.75904,13.25972],[79.73504,13.27594]],[[79.79451,13.24159],[79.78117,13.25062],[79.76582,13.25618],[79.79434,13.22828],[79.79451,13.24159]],[[79.7865,13.22962],[79.77285,13.21892],[79.77697,13.21882],[79.7865,13.22962]],[[79.76055,13.21481],[79.76028,13.2086],[79.76278,13.21523],[79.76055,13.21481]],[[79.7509,13.21552],[79.75008,13.20799],[79.75168,13.2079],[79.7509,13.21552]],[[79.73781,13.23606],[79.73641,13.23268],[79.75016,13.21736],[79.73781,13.23606]],[[79.72219,13.22357],[79.72207,13.22346],[79.72322,13.22346],[79.72219,13.22357]],[[79.71588,13.21746],[79.71839,13.21652],[79.72129,13.22271],[79.71588,13.21746]],[[79.70352,13.22452],[79.70271,13.2224],[79.71462,13.21793],[79.70352,13.22452]],[[79.70775,13.23501],[79.70754,13.23498],[79.70714,13.23395],[79.70775,13.23501]],[[79.71276,13.24377],[79.70971,13.24644],[79.71161,13.24176],[79.71276,13.24377]],[[79.70185,13.25331],[79.70148,13.25282],[79.70324,13.2521],[79.70185,13.25331]],[[79.69427,13.24345],[79.69634,13.24325],[79.69993,13.25081],[79.69427,13.24345]],[[79.69555,13.26884],[79.69374,13.27949],[79.6784,13.26135],[79.69555,13.26884]],[[79.68126,13.28931],[79.6749,13.28253],[79.68292,13.28801],[79.68126,13.28931]],[[79.65989,13.28382],[79.67148,13.28019],[79.67245,13.28085],[79.65989,13.28382]],[[79.65137,13.29156],[79.65125,13.29179],[79.64254,13.28981],[79.63456,13.28273],[79.65137,13.29156]],[[79.57944,13.25795],[79.58257,13.25734],[79.58261,13.25738],[79.57944,13.25795]],[[79.54002,13.27236],[79.55841,13.27272],[79.56737,13.26485],[79.55852,13.27286],[79.54027,13.27266],[79.53974,13.2731],[79.54002,13.27236]],[[79.54097,13.29134],[79.53515,13.28509],[79.53628,13.28214],[79.54097,13.29134]],[[79.53506,13.30174],[79.53488,13.30144],[79.53653,13.29916],[79.53506,13.30174]],[[79.54342,13.31266],[79.54261,13.31463],[79.53529,13.30214],[79.54342,13.31266]],[[79.54092,13.33225],[79.53822,13.33585],[79.54041,13.32877],[79.54092,13.33225]],[[79.53089,13.34192],[79.52636,13.34476],[79.51146,13.3423],[79.51141,13.34196],[79.53089,13.34192]],[[79.49793,13.33297],[79.51014,13.33463],[79.49794,13.33753],[79.49793,13.33297]],[[79.48049,13.34],[79.49797,13.34725],[79.48094,13.34032],[79.45417,13.34032],[79.48049,13.34]],[[79.45064,13.34329],[79.44654,13.34753],[79.43656,13.35038],[79.43645,13.35007],[79.45064,13.34329]],[[79.3986,13.33056],[79.39855,13.33024],[79.43173,13.3369],[79.3986,13.33056]],[[79.39724,13.32116],[79.39876,13.32167],[79.39841,13.32923],[79.39724,13.32116]],[[79.38805,13.31831],[79.38807,13.31806],[79.38851,13.3182],[79.38805,13.31831]],[[79.39009,13.29761],[79.39959,13.29867],[79.3883,13.31572],[79.39009,13.29761]],[[79.44568,13.2973],[79.44518,13.30172],[79.44502,13.30171],[79.44568,13.2973]],[[79.44624,13.29228],[79.43612,13.29153],[79.43609,13.29129],[79.44631,13.29162],[79.44624,13.29228]],[[79.4179,13.27206],[79.41217,13.26537],[79.43376,13.27521],[79.4179,13.27206]],[[79.41717,13.24668],[79.41826,13.24551],[79.41739,13.25516],[79.41717,13.24668]],[[79.42133,13.24225],[79.43191,13.24291],[79.42067,13.24295],[79.42133,13.24225]],[[79.45376,13.21712],[79.45372,13.21975],[79.43995,13.21803],[79.45376,13.21712]],[[79.44058,13.20749],[79.44119,13.20827],[79.44114,13.20861],[79.44058,13.20749]],[[79.42735,13.19102],[79.43194,13.19274],[79.41411,13.19064],[79.42735,13.19102]],[[79.39087,13.19208],[79.37039,13.17361],[79.37731,13.17188],[79.39087,13.19208]],[[79.37994,13.16325],[79.35726,13.16507],[79.35736,13.16449],[79.38004,13.16293],[79.37994,13.16325]],[[79.36508,13.13132],[79.36542,13.13179],[79.36269,13.13616],[79.36508,13.13132]],[[79.35501,13.12124],[79.3581,13.12172],[79.36178,13.12678],[79.35501,13.12124]],[[79.34801,13.12166],[79.34855,13.12026],[79.35228,13.12083],[79.34801,13.12166]],[[79.32942,13.13076],[79.32915,13.13054],[79.331,13.13071],[79.32942,13.13076]],[[79.32244,13.1249],[79.31389,13.11383],[79.32896,13.13038],[79.32244,13.1249]],[[79.29926,13.11866],[79.29431,13.1096],[79.30743,13.1061],[79.2947,13.1098],[79.30552,13.1264],[79.28471,13.12469],[79.28178,13.15363],[79.27648,13.15683],[79.28402,13.12277],[79.29926,13.11866]],[[75.67104,28.51699],[75.67084,28.51841],[75.67087,28.51807],[75.67104,28.51699]],[[76.21729,27.83625],[76.22442,27.83218],[76.22518,27.83326],[76.21729,27.83625]],[[77.27605,18.47696],[77.27503,18.47773],[77.27334,18.47439],[77.27605,18.47696]],[[77.26941,18.45439],[77.26759,18.45811],[77.26747,18.45461],[77.26941,18.45439]],[[77.42624,15.94836],[77.4301,15.94858],[77.42736,15.94903],[77.42624,15.94836]],[[77.41232,15.94257],[77.41272,15.9428],[77.40749,15.94338],[77.41232,15.94257]],[[77.17325,15.95075],[77.17448,15.95141],[77.16555,15.95109],[77.17325,15.95075]],[[77.15565,15.94946],[77.16054,15.9509],[77.15933,15.95086],[77.15565,15.94946]],[[77.13851,15.93951],[77.14542,15.94556],[77.14314,15.9447],[77.13851,15.93951]],[[77.10255,15.92872],[77.08457,15.91864],[77.08036,15.91545],[77.10286,15.92881],[77.10255,15.92872]],[[77.06921,15.90593],[77.07111,15.90843],[77.0702,15.90774],[77.06921,15.90593]],[[77.03539,15.86108],[77.03533,15.86094],[77.05675,15.8832],[77.05678,15.88327],[77.03539,15.86108]],[[76.94519,15.76239],[76.9682,15.77319],[77.01721,15.82123],[77.02643,15.83661],[77.03699,15.82861],[77.03955,15.82996],[77.03119,15.85138],[77.01255,15.81906],[76.9989,15.81131],[76.96699,15.77427],[76.94283,15.76188],[76.92262,15.72863],[76.91928,15.71865],[76.9188,15.70384],[76.89095,15.68603],[76.86056,15.65249],[76.85932,15.6457],[76.83481,15.62818],[76.83418,15.62357],[76.85883,15.64142],[76.89124,15.68439],[76.91803,15.69861],[76.94519,15.76239]],[[77.06146,15.83008],[77.04364,15.82904],[77.04919,15.82703],[77.06405,15.82865],[77.06146,15.83008]],[[77.06543,15.82789],[77.06452,15.82839],[77.06464,15.82819],[77.06543,15.82789]],[[77.0571,15.76801],[77.05341,15.76862],[77.05219,15.76361],[77.0559,15.7624],[77.0571,15.76801]],[[77.05023,15.73073],[77.05023,15.72919],[77.07971,15.72663],[77.07986,15.72814],[77.05023,15.73073]],[[77.08002,15.7167],[77.08038,15.71521],[77.08691,15.71442],[77.08739,15.71607],[77.08002,15.7167]],[[77.08028,15.69498],[77.07983,15.69421],[77.0802,15.69403],[77.08485,15.6929],[77.08028,15.69498]],[[77.10918,15.68186],[77.09619,15.68744],[77.11041,15.67883],[77.11533,15.67703],[77.10918,15.68186]],[[77.1154,15.67697],[77.11499,15.67584],[77.1214,15.66663],[77.12873,15.66523],[77.1154,15.67697]],[[77.10779,15.64081],[77.10742,15.64099],[77.10718,15.64099],[77.10771,15.64064],[77.10779,15.64081]],[[77.1062,15.64178],[77.10583,15.64203],[77.10561,15.64203],[77.10631,15.64157],[77.1062,15.64178]],[[77.10449,15.64277],[77.10419,15.64441],[77.10278,15.64722],[77.10197,15.64748],[77.10449,15.64277]],[[77.0325,15.61029],[77.03245,15.61091],[77.03241,15.6106],[77.0325,15.61029]],[[76.98861,15.50688],[76.9834,15.50763],[76.97681,15.49139],[76.9967,15.47873],[76.98861,15.50688]],[[77.0036,15.46462],[77.00267,15.46651],[77.00299,15.46539],[77.0036,15.46462]],[[77.0069,15.45787],[77.00824,15.4538],[77.01184,15.44781],[77.02811,15.43892],[77.0069,15.45787]],[[77.0332,15.43079],[77.03381,15.42743],[77.03461,15.43017],[77.0332,15.43206],[77.0332,15.43079]],[[77.03011,15.40481],[77.03143,15.40161],[77.034,15.39862],[77.04516,15.39286],[77.03011,15.40481]],[[77.05593,15.34999],[77.04279,15.36139],[77.04419,15.35742],[77.04584,15.35461],[77.05593,15.34999]],[[77.06485,15.34435],[77.06479,15.34439],[77.06485,15.3443],[77.06485,15.34435]],[[77.10247,15.33388],[77.06519,15.32764],[77.07562,15.32483],[77.11393,15.33264],[77.10247,15.33388]],[[77.11401,15.33002],[77.11383,15.32642],[77.11711,15.32485],[77.11416,15.33213],[77.11401,15.33002]],[[77.11822,15.31244],[77.11816,15.31308],[77.11804,15.31244],[77.11822,15.31244]],[[77.11938,15.29941],[77.11938,15.29443],[77.13403,15.29181],[77.15164,15.29152],[77.11938,15.29941]],[[77.15319,15.27471],[77.15302,15.2746],[77.14819,15.27179],[77.15948,15.26802],[77.15319,15.27471]],[[77.16727,15.26755],[77.1604,15.26782],[77.1604,15.26678],[77.16727,15.26755]],[[77.12644,15.2277],[77.12622,15.22601],[77.13702,15.22522],[77.14569,15.22327],[77.12644,15.2277]],[[77.14844,15.22088],[77.14844,15.21979],[77.15283,15.21362],[77.15537,15.21376],[77.14844,15.22088]],[[77.15672,15.21069],[77.15723,15.2088],[77.1604,15.20001],[77.1614,15.20001],[77.15672,15.21069]],[[77.1669,15.16724],[77.16602,15.16681],[77.16602,15.16541],[77.16601,15.16531],[77.1669,15.16724]],[[77.16461,15.1626],[77.16443,15.16223],[77.16443,15.16191],[77.16475,15.1626],[77.16461,15.1626]],[[77.13808,15.14681],[77.13782,15.15082],[77.1366,15.1488],[77.1358,15.14722],[77.13808,15.14681]],[[77.1581,15.14712],[77.13879,15.14264],[77.15424,15.13843],[77.15751,15.13956],[77.1581,15.14712]],[[76.87701,15.03821],[76.87659,15.03875],[76.87791,15.03607],[76.87819,15.0361],[76.87701,15.03821]],[[76.87042,15.052],[76.87024,15.05243],[76.86994,15.05226],[76.87055,15.05101],[76.87042,15.052]],[[76.867,15.05743],[76.867,15.05859],[76.86447,15.05744],[76.86669,15.0557],[76.867,15.05743]],[[76.8627,15.05884],[76.86279,15.05876],[76.86279,15.05884],[76.8627,15.05884]],[[76.86211,15.0593],[76.86261,15.06104],[76.85864,15.06219],[76.85771,15.06275],[76.86211,15.0593]],[[76.7816,15.07712],[76.77899,15.0788],[76.77783,15.07739],[76.77994,15.07574],[76.7816,15.07712]],[[76.78158,15.04163],[76.78136,15.04183],[76.78143,15.04163],[76.78158,15.04163]],[[76.7868,15.03361],[76.7868,15.02924],[76.7868,15.02661],[76.7899,15.02195],[76.7868,15.03361]],[[76.79627,14.96917],[76.76712,14.9749],[76.82897,14.9568],[76.81828,14.96944],[76.79627,14.96917]],[[76.83029,14.95778],[76.86746,14.96982],[76.86609,14.95753],[76.86962,14.93771],[76.8639,14.89602],[76.86981,14.93842],[76.86755,14.97022],[76.84184,14.96653],[76.83029,14.95778]],[[76.85455,14.85599],[76.85247,14.88697],[76.84733,14.89598],[76.85381,14.84303],[76.85455,14.85599]],[[76.84302,14.8377],[76.84601,14.82205],[76.85447,14.81017],[76.85327,14.84244],[76.84302,14.8377]],[[76.83677,14.79141],[76.83768,14.81052],[76.83737,14.81056],[76.83677,14.79141]],[[76.8179,14.78854],[76.83452,14.79107],[76.81908,14.79312],[76.8179,14.78854]],[[76.78651,14.70843],[76.80294,14.74188],[76.78953,14.76006],[76.78898,14.77228],[76.7755,14.67984],[76.78622,14.69578],[76.78651,14.70843]],[[76.77347,14.65605],[76.77504,14.67786],[76.77457,14.67581],[76.77347,14.65605]],[[76.76692,14.61827],[76.76499,14.60212],[76.77978,14.59332],[76.77214,14.63767],[76.76692,14.61827]],[[76.79147,14.55439],[76.80519,14.53746],[76.80943,14.53494],[76.78688,14.57019],[76.79147,14.55439]],[[76.82379,14.52758],[76.8182,14.52972],[76.82223,14.52732],[76.82379,14.52758]],[[76.82985,14.52861],[76.83472,14.52223],[76.85548,14.50967],[76.83279,14.52943],[76.82985,14.52861]],[[76.86796,14.47404],[76.88427,14.47708],[76.86819,14.47422],[76.85588,14.5088],[76.86796,14.47404]],[[76.90069,14.48921],[76.91858,14.49037],[76.90088,14.48947],[76.88857,14.48025],[76.90069,14.48921]],[[76.92109,14.4905],[76.97481,14.48533],[76.96,14.45071],[76.97511,14.48564],[76.92109,14.4905]],[[76.94604,14.45095],[76.95898,14.45072],[76.94596,14.45255],[76.94604,14.45095]],[[76.94735,14.42269],[76.93716,14.40595],[76.94306,14.39979],[76.94812,14.4128],[76.94735,14.42269]],[[76.91583,14.42069],[76.89999,14.39974],[76.91568,14.42006],[76.92047,14.41749],[76.91583,14.42069]],[[76.88482,14.39571],[76.88414,14.3761],[76.88614,14.39566],[76.8986,14.39794],[76.88482,14.39571]],[[76.94565,14.31318],[76.95672,14.29435],[76.9249,14.27378],[76.92828,14.26957],[76.95704,14.29448],[76.94595,14.31322],[76.9037,14.3227],[76.89231,14.34158],[76.8845,14.35031],[76.89228,14.34126],[76.90339,14.32268],[76.9272,14.31451],[76.94565,14.31318]],[[76.93688,14.2579],[76.93487,14.26063],[76.93981,14.24537],[76.93688,14.2579]],[[76.96983,14.24337],[76.95194,14.2419],[77.00641,14.23598],[76.9856,14.24733],[76.96983,14.24337]],[[77.0232,14.17668],[77.02206,14.17744],[77.01631,14.1797],[77.0232,14.17668]],[[76.99982,14.18277],[77.00558,14.18392],[77.00546,14.18397],[76.99982,14.18277]],[[76.94525,14.1871],[76.95483,14.18903],[76.94757,14.19818],[76.94525,14.1871]],[[76.94268,14.17358],[76.9436,14.17922],[76.94241,14.17353],[76.94268,14.17358]],[[76.88967,14.13563],[76.89453,14.16781],[76.88952,14.13562],[76.91757,14.12884],[76.88967,14.13563]],[[76.95966,14.09189],[76.94447,14.12088],[76.92523,14.1372],[76.95344,14.09921],[76.97225,14.05858],[76.97391,14.08373],[76.95966,14.09189]],[[76.93337,14.04648],[76.93265,14.05392],[76.93238,14.05392],[76.93337,14.04648]],[[76.96539,14.0115],[76.98975,13.9961],[76.9444,14.02866],[76.96539,14.0115]],[[77.04729,13.9066],[77.02303,13.9026],[76.97802,13.82687],[76.97641,13.81732],[76.98974,13.81294],[76.9852,13.7908],[76.99687,13.74775],[77.00045,13.74603],[76.99014,13.81286],[76.97835,13.82685],[77.0477,13.90649],[77.04194,13.93341],[76.99668,13.9745],[77.01421,13.95487],[77.04729,13.9066]],[[77.05749,13.75296],[77.0647,13.74383],[77.0578,13.75267],[77.04349,13.77758],[77.05749,13.75296]],[[77.08483,13.74992],[77.08558,13.7484],[77.08551,13.75736],[77.08483,13.74992]],[[77.15266,13.76603],[77.15226,13.76599],[77.16242,13.76404],[77.15266,13.76603]],[[77.16579,13.7939],[77.176,13.78461],[77.16512,13.79607],[77.16579,13.7939]],[[77.16244,13.80465],[77.1628,13.80351],[77.16272,13.8108],[77.16244,13.80465]],[[77.16763,13.82169],[77.16479,13.81869],[77.16772,13.82121],[77.16763,13.82169]],[[77.16549,13.83311],[77.15409,13.8341],[77.15407,13.83402],[77.1655,13.83305],[77.16549,13.83311]],[[77.1325,13.84607],[77.15578,13.84437],[77.13254,13.84617],[77.1325,13.84607]],[[77.16858,13.86449],[77.1686,13.86453],[77.14785,13.86849],[77.14781,13.86845],[77.16858,13.86449]],[[77.18171,13.86976],[77.19106,13.91182],[77.18507,13.92522],[77.18622,13.89476],[77.18139,13.86984],[77.19319,13.86562],[77.18171,13.86976]],[[77.21994,13.86794],[77.2176,13.87051],[77.21985,13.86772],[77.21994,13.86794]],[[77.24827,13.90121],[77.24472,13.88327],[77.24843,13.90128],[77.23085,13.90333],[77.24827,13.90121]],[[77.25955,13.86291],[77.25911,13.86308],[77.25843,13.85841],[77.25955,13.86291]],[[77.26257,13.84765],[77.25716,13.84974],[77.25669,13.84652],[77.26257,13.84765]],[[77.28086,13.8509],[77.28083,13.85089],[77.28343,13.85015],[77.28086,13.8509]],[[77.32145,13.85592],[77.32538,13.83324],[77.3371,13.83297],[77.31651,13.8632],[77.32145,13.85592]],[[77.36192,13.85424],[77.35005,13.84384],[77.36235,13.85418],[77.36192,13.85424]],[[77.3656,13.85372],[77.3794,13.84084],[77.38136,13.84705],[77.37468,13.85245],[77.3656,13.85372]],[[77.42772,13.83266],[77.417,13.81053],[77.43235,13.8369],[77.42761,13.84099],[77.42772,13.83266]],[[77.42379,13.79933],[77.42991,13.80703],[77.4252,13.80791],[77.42257,13.79909],[77.43703,13.7967],[77.4374,13.79735],[77.42379,13.79933]],[[77.44645,13.81103],[77.45649,13.78872],[77.46569,13.76607],[77.46147,13.8034],[77.44645,13.81103]],[[77.46336,13.72292],[77.46504,13.71112],[77.46395,13.72398],[77.46574,13.73456],[77.46336,13.72292]],[[77.45007,13.7109],[77.45533,13.68226],[77.49211,13.68981],[77.45581,13.68271],[77.45007,13.7109]],[[75.38506,16.76992],[75.37877,16.76297],[75.38435,16.76342],[75.38506,16.76992]],[[75.90228,15.13166],[75.88754,15.10984],[75.90759,15.13281],[75.9552,15.13684],[75.96741,15.14203],[75.9727,15.14832],[75.91506,15.13508],[75.90228,15.13166]],[[75.8866,15.10181],[75.88728,15.10025],[75.88605,15.1043],[75.8866,15.10181]],[[75.89097,15.09421],[75.89136,15.09357],[75.89179,15.09328],[75.89097,15.09421]],[[75.84841,15.04371],[75.90442,15.0556],[75.9082,15.06024],[75.9104,15.07281],[75.90723,15.08099],[75.90381,15.08484],[75.8827,15.05152],[75.84841,15.04371]],[[75.82902,15.02745],[75.81342,15.02728],[75.80962,15.0241],[75.83423,15.02759],[75.84287,15.04254],[75.82902,15.02745]],[[75.80597,15.02104],[75.77917,14.97718],[75.76272,14.96967],[75.73933,14.94409],[75.72742,14.94853],[75.73779,14.94299],[75.74261,14.94403],[75.78003,14.97601],[75.80597,15.02104]],[[75.70108,14.94844],[75.6871,14.94379],[75.68534,14.94084],[75.72372,14.94992],[75.70108,14.94844]],[[75.68324,14.92749],[75.69263,14.9018],[75.6842,14.92639],[75.68341,14.93758],[75.68324,14.92749]],[[75.69598,14.89343],[75.69464,14.89679],[75.69412,14.89771],[75.69619,14.89205],[75.69666,14.89213],[75.69598,14.89343]],[[75.72155,14.8642],[75.70632,14.85251],[75.73364,14.86261],[75.73999,14.88623],[75.73962,14.88721],[75.73779,14.88861],[75.73268,14.86359],[75.72155,14.8642]],[[75.6958,14.85218],[75.69623,14.8512],[75.70239,14.8512],[75.70342,14.85242],[75.6958,14.85218]],[[75.69102,14.8575],[75.67082,14.81728],[75.66422,14.80786],[75.6647,14.80075],[75.69102,14.8575]],[[75.68427,14.79084],[75.68262,14.79279],[75.68103,14.79462],[75.67856,14.79701],[75.68427,14.79084]],[[75.7205,14.77395],[75.71863,14.77563],[75.71442,14.77783],[75.7131,14.77817],[75.7205,14.77395]],[[75.72062,14.75108],[75.70327,14.72996],[75.72162,14.75],[75.72119,14.77344],[75.72062,14.75108]],[[75.70312,14.72688],[75.7038,14.72662],[75.70343,14.7276],[75.7032,14.72836],[75.70312,14.72688]],[[75.7411,14.70082],[75.73972,14.69302],[75.76483,14.72119],[75.76483,14.73102],[75.76044,14.73639],[75.75781,14.73779],[75.75592,14.71707],[75.7411,14.70082]],[[75.73855,14.68647],[75.7392,14.68622],[75.73901,14.68701],[75.73901,14.68908],[75.73855,14.68647]],[[75.7909,14.68154],[75.79962,14.6712],[75.80139,14.6748],[75.7998,14.68024],[75.7909,14.68154]],[[75.79885,14.66758],[75.7998,14.66663],[75.79919,14.6684],[75.79919,14.66966],[75.79885,14.66758]],[[75.80588,14.61105],[75.80482,14.59689],[75.80662,14.59391],[75.81299,14.63501],[75.81183,14.65302],[75.80771,14.65758],[75.81044,14.6224],[75.80588,14.61105]],[[75.81519,14.57983],[75.81219,14.58539],[75.80893,14.59007],[75.81669,14.57721],[75.81519,14.57983]],[[75.82062,14.56219],[75.82062,14.57098],[75.81759,14.5757],[75.8026,14.54591],[75.79761,14.53397],[75.79858,14.52331],[75.82062,14.56219]],[[75.79878,14.52116],[75.79883,14.52063],[75.79883,14.52081],[75.79878,14.52116]],[[75.79914,14.51721],[75.79919,14.51662],[75.79919,14.51703],[75.79914,14.51721]],[[75.79926,14.51591],[75.77907,14.51678],[75.79181,14.5094],[75.80023,14.50958],[75.79926,14.51591]],[[75.75195,14.51134],[75.73285,14.49221],[75.70905,14.47394],[75.77015,14.51705],[75.75195,14.51134]],[[75.70833,14.47553],[75.70862,14.47479],[75.70898,14.474],[75.70901,14.47397],[75.70833,14.47553]],[[75.70276,14.48831],[75.7027,14.48844],[75.70263,14.48846],[75.70276,14.48831]],[[75.67317,14.46375],[75.6616,14.4559],[75.6626,14.45081],[75.67419,14.46259],[75.69248,14.49112],[75.67317,14.46375]],[[75.6568,14.46124],[75.65802,14.45984],[75.6595,14.45829],[75.65645,14.46176],[75.6568,14.46124]],[[75.63683,14.46558],[75.63038,14.44474],[75.63782,14.4646],[75.65578,14.46251],[75.63683,14.46558]],[[75.63701,14.43757],[75.63739,14.43921],[75.63599,14.44104],[75.63341,14.44147],[75.63701,14.43757]],[[75.6408,14.41547],[75.63263,14.383],[75.64124,14.41058],[75.64301,14.43042],[75.6408,14.41547]],[[75.62302,14.34107],[75.62683,14.37024],[75.6322,14.3772],[75.63202,14.38122],[75.62615,14.37231],[75.62302,14.34107]],[[75.6307,14.32859],[75.61233,14.31556],[75.63501,14.31378],[75.63623,14.31964],[75.6307,14.32859]],[[75.6036,14.29326],[75.59143,14.2868],[75.60443,14.29199],[75.61062,14.3112],[75.6036,14.29326]],[[75.54699,14.27517],[75.5609,14.27762],[75.58242,14.27824],[75.58814,14.28683],[75.54699,14.27517]],[[75.54589,14.27539],[75.52698,14.25832],[75.52897,14.2276],[75.5296,14.22742],[75.54589,14.27539]],[[75.52863,14.2237],[75.51923,14.20485],[75.52203,14.20123],[75.52759,14.20178],[75.52863,14.2237]],[[75.5174,14.2066],[75.51782,14.20624],[75.51848,14.20574],[75.51708,14.20741],[75.5174,14.2066]],[[75.50958,14.216],[75.51062,14.21442],[75.51236,14.21306],[75.50836,14.21783],[75.50958,14.216]],[[75.48398,14.21646],[75.47933,14.2141],[75.48444,14.21539],[75.50821,14.21802],[75.48398,14.21646]],[[75.46171,14.20921],[75.46171,14.20783],[75.47223,14.20923],[75.47459,14.21169],[75.46171,14.20921]],[[75.43342,14.1529],[75.42427,14.1495],[75.40135,14.1262],[75.39879,14.11686],[75.48523,14.17523],[75.43342,14.1529]],[[75.43429,14.10516],[75.43243,14.10602],[75.42981,14.10699],[75.42872,14.10699],[75.43429,14.10516]],[[75.49311,14.09953],[75.49139,14.10364],[75.48901,14.10321],[75.48478,14.10084],[75.49311,14.09953]],[[75.53008,14.09368],[75.53442,14.09039],[75.53284,14.0954],[75.53223,14.09644],[75.53008,14.09368]],[[75.53979,14.0816],[75.54004,14.0816],[75.53979,14.08502],[75.53879,14.08602],[75.53979,14.0816]],[[75.54015,14.08002],[75.54059,14.08002],[75.54041,14.0802],[75.5399,14.08113],[75.54015,14.08002]],[[75.58384,14.05856],[75.58319,14.05902],[75.57782,14.06244],[75.57306,14.06403],[75.58384,14.05856]],[[75.6446,14.07366],[75.64484,14.07642],[75.64343,14.07843],[75.63595,14.0788],[75.6446,14.07366]],[[75.72318,14.0808],[75.7229,14.08115],[75.72302,14.08099],[75.72318,14.0808]],[[75.76822,14.1084],[75.76862,14.104],[75.76898,14.10742],[75.76923,14.1084],[75.76822,14.1084]],[[75.80099,14.04369],[75.79876,14.03326],[75.80241,14.02819],[75.82202,14.06403],[75.82202,14.07843],[75.81519,14.10461],[75.82061,14.06372],[75.80099,14.04369]],[[75.80359,14.02661],[75.80304,14.02802],[75.80253,14.02802],[75.80405,14.0259],[75.80417,14.02586],[75.80359,14.02661]],[[75.80963,14.02441],[75.80884,14.02521],[75.80656,14.02502],[75.81062,14.02359],[75.80963,14.02441]],[[75.82581,14.00671],[75.82544,14.0108],[75.82483,14.01782],[75.82402,14.01794],[75.82581,14.00671]],[[75.82914,13.97165],[75.85965,13.91036],[75.85655,13.87265],[75.86041,13.91022],[75.82583,14.00659],[75.82914,13.97165]],[[75.8642,13.86719],[75.86383,13.87158],[75.8631,13.87158],[75.8642,13.86664],[75.8642,13.86719]],[[75.87187,13.84958],[75.8717,13.84284],[75.8728,13.84839],[75.86427,13.86634],[75.87187,13.84958]],[[75.87952,13.80993],[75.875,13.82184],[75.87148,13.83412],[75.87141,13.83144],[75.87876,13.81011],[75.87952,13.80993]],[[75.89044,13.80859],[75.88623,13.80902],[75.88343,13.80902],[75.89308,13.80677],[75.89044,13.80859]],[[75.94958,13.82904],[75.94904,13.82739],[75.94968,13.82694],[75.9497,13.82959],[75.94958,13.82904]],[[76.01684,13.87074],[76.01729,13.87024],[76.01721,13.87042],[76.01684,13.87074]],[[76.03023,13.91385],[76.03021,13.91364],[76.02942,13.89758],[76.03326,13.89688],[76.03023,13.91385]],[[74.20841,15.77939],[74.21,15.78114],[74.20892,15.78113],[74.20841,15.77939]],[[74.10422,15.65751],[74.11389,15.64613],[74.11826,15.65203],[74.10422,15.65751]],[[74.27647,15.51489],[74.28142,15.52252],[74.27815,15.52285],[74.27647,15.51489]],[[74.25147,15.49037],[74.25154,15.49077],[74.25091,15.49172],[74.25147,15.49037]],[[73.08551,24.22183],[73.0855,24.22183],[73.08431,24.22137],[73.08551,24.22183]],[[74.73927,15.41966],[74.73613,15.40911],[74.74136,15.41231],[74.73927,15.41966]],[[75.27709,15.72207],[75.27859,15.68819],[75.27887,15.68849],[75.27709,15.72207]],[[75.45387,15.88096],[75.4489,15.88608],[75.44517,15.88836],[75.45387,15.88096]],[[74.26896,15.81659],[74.26392,15.82569],[74.2689,15.81632],[74.26896,15.81659]],[[74.28003,15.82968],[74.26177,15.82974],[74.2618,15.82967],[74.28003,15.82968]],[[75.24491,29.25009],[75.24562,29.25021],[75.24519,29.25018],[75.24491,29.25009]],[[76.0694,10.72971],[76.06924,10.73003],[76.06904,10.73028],[76.0694,10.72971]],[[76.83419,10.33692],[76.83673,10.33513],[76.83766,10.33777],[76.83419,10.33692]],[[75.97848,15.15277],[75.97364,15.14905],[75.98362,15.15088],[75.97848,15.15277]],[[75.99481,15.146],[76.0,15.14679],[76.00256,15.14784],[75.99167,15.14791],[75.99481,15.146]],[[76.00688,15.14819],[76.0304,15.14203],[76.04443,15.1438],[76.0578,15.15601],[76.08441,15.15839],[76.10339,15.16663],[76.1164,15.19995],[76.10343,15.16838],[76.00688,15.14819]],[[76.12446,15.20223],[76.15002,15.1958],[76.15381,15.1944],[76.15863,15.1958],[76.16083,15.19824],[76.1603,15.20265],[76.15283,15.1955],[76.12744,15.20308],[76.12446,15.20223]],[[76.18479,15.23268],[76.18133,15.23268],[76.16147,15.21676],[76.16128,15.21445],[76.18479,15.23268]],[[76.2146,15.23138],[76.22862,15.23163],[76.22752,15.23269],[76.19782,15.23268],[76.2146,15.23138]],[[76.21882,15.20052],[76.23901,15.18842],[76.25079,15.19019],[76.29242,15.22198],[76.29303,15.23242],[76.302,15.24164],[76.30189,15.24771],[76.249,15.19074],[76.21882,15.20052]],[[76.30682,15.25684],[76.30383,15.25464],[76.30253,15.25308],[76.3138,15.2608],[76.30682,15.25684]],[[76.36499,15.32739],[76.40564,15.32458],[76.4328,15.3382],[76.4516,15.3382],[76.47284,15.34338],[76.47919,15.34863],[76.49438,15.34399],[76.49974,15.34989],[76.49332,15.34497],[76.47715,15.34952],[76.43444,15.33955],[76.4032,15.32559],[76.36569,15.3291],[76.33459,15.26263],[76.36499,15.32739]],[[76.50028,15.3503],[76.50861,15.35541],[76.59338,15.41199],[76.60666,15.43576],[76.50028,15.3503]],[[76.72501,15.49132],[76.6236,15.44202],[76.64502,15.44379],[76.6684,15.4494],[76.72501,15.49132]],[[76.66619,14.91563],[76.66779,14.91382],[76.67401,14.9118],[76.67715,14.9106],[76.66619,14.91563]],[[76.70703,14.94122],[76.70721,14.94043],[76.70804,14.93588],[76.71223,14.93903],[76.70703,14.94122]],[[76.68946,14.97844],[76.69598,14.97699],[76.70782,14.97559],[76.70968,14.97559],[76.68946,14.97844]],[[76.67383,15.01184],[76.67419,15.0116],[76.6767,15.01001],[76.67462,15.01536],[76.67383,15.01184]],[[76.67434,15.01608],[76.67324,15.0189],[76.67261,15.0174],[76.67434,15.01608]],[[76.67902,15.02362],[76.67859,15.02301],[76.67841,15.02223],[76.68388,15.0238],[76.67902,15.02362]],[[76.73238,15.03131],[76.73181,15.03162],[76.7312,15.0318],[76.73065,15.0318],[76.73238,15.03131]],[[76.73383,14.98779],[76.72864,14.99622],[76.73718,15.02179],[76.7332,15.03107],[76.72758,14.99726],[76.73383,14.98779]],[[76.74579,14.98541],[76.73999,14.9856],[76.73669,14.98509],[76.749,14.98341],[76.74579,14.98541]],[[76.51197,14.55738],[76.51581,14.54999],[76.51782,14.54883],[76.52423,14.552],[76.52385,14.55314],[76.51678,14.54989],[76.51197,14.55738]],[[76.5274,14.5462],[76.52891,14.54476],[76.52586,14.54981],[76.5274,14.5462]],[[76.51172,14.51847],[76.51889,14.52281],[76.5144,14.52203],[76.51172,14.51847]],[[76.47204,14.50283],[76.47083,14.5036],[76.46979,14.50439],[76.46642,14.50455],[76.47204,14.50283]],[[76.39377,14.42768],[76.39343,14.42761],[76.39357,14.42719],[76.39377,14.42768]],[[76.39119,14.42509],[76.38983,14.42499],[76.38422,14.42584],[76.38526,14.42146],[76.39119,14.42509]],[[76.34021,14.41779],[76.33942,14.41742],[76.33959,14.41482],[76.34192,14.41659],[76.34021,14.41779]],[[76.27679,14.40719],[76.27679,14.40741],[76.27621,14.40759],[76.27679,14.40719]],[[76.27039,14.42041],[76.26721,14.42279],[76.26152,14.44324],[76.26615,14.42382],[76.27516,14.40831],[76.27039,14.42041]],[[76.21861,14.44193],[76.21782,14.44282],[76.21848,14.44187],[76.21861,14.44193]],[[76.21065,14.45315],[76.21063,14.45319],[76.2088,14.45642],[76.20822,14.45664],[76.21065,14.45315]],[[76.14927,14.40773],[76.14371,14.41207],[76.1474,14.40784],[76.14951,14.40689],[76.14927,14.40773]],[[76.15178,14.39904],[76.15179,14.3988],[76.15259,14.39459],[76.15394,14.39152],[76.15178,14.39904]],[[76.15297,14.37637],[76.15259,14.3764],[76.15213,14.37256],[76.15297,14.37637]],[[76.15179,14.36528],[76.15283,14.3634],[76.15399,14.36261],[76.15475,14.36234],[76.15179,14.36528]],[[76.15675,14.36036],[76.15541,14.36169],[76.15601,14.35919],[76.15675,14.36036]],[[76.11046,14.31455],[76.11281,14.31813],[76.11102,14.31622],[76.11046,14.31455]],[[76.11279,14.30121],[76.11811,14.29941],[76.118,14.30001],[76.10742,14.30766],[76.11279,14.30121]],[[76.11804,14.27643],[76.12103,14.2782],[76.13005,14.27916],[76.12124,14.28738],[76.11804,14.27643]],[[76.13119,14.27369],[76.1308,14.27222],[76.13166,14.27147],[76.13119,14.27369]],[[76.13206,14.26956],[76.13184,14.2674],[76.13273,14.26634],[76.13206,14.26956]],[[76.09939,14.24597],[76.09698,14.24683],[76.09521,14.24658],[76.09327,14.24572],[76.09939,14.24597]],[[76.05769,14.19621],[76.05743,14.1944],[76.05719,14.19342],[76.05762,14.18999],[76.05769,14.19621]],[[76.05856,14.18058],[76.05859,14.18024],[76.05909,14.18024],[76.05856,14.18058]],[[76.04273,14.1421],[76.04059,14.14124],[76.03979,14.14044],[76.03912,14.13915],[76.04273,14.1421]],[[76.02777,14.11706],[76.02759,14.117],[76.02759,14.11682],[76.02757,14.11678],[76.02777,14.11706]],[[76.0262,14.09907],[76.02618,14.099],[76.02627,14.099],[76.0262,14.09907]],[[76.04656,14.09738],[76.03497,14.09006],[76.03347,14.0916],[76.03522,14.08862],[76.04279,14.09479],[76.04764,14.09624],[76.04656,14.09738]],[[76.05636,14.07273],[76.05574,14.07836],[76.05603,14.07379],[76.05636,14.07273]],[[76.04419,13.98621],[76.04724,13.98322],[76.04845,13.98208],[76.04377,13.98914],[76.04419,13.98621]],[[76.05261,13.9776],[76.0708,13.98102],[76.07219,13.98221],[76.05144,13.97872],[76.05261,13.9776]],[[76.52157,14.56101],[76.52142,14.56104],[76.51923,14.5614],[76.51674,14.56075],[76.52157,14.56101]],[[76.5368,14.56403],[76.53619,14.56378],[76.53662,14.56245],[76.53851,14.56403],[76.5368,14.56403]],[[76.60303,14.65021],[76.60919,14.64899],[76.61212,14.64838],[76.59839,14.6524],[76.60303,14.65021]],[[76.59784,14.6626],[76.5976,14.6604],[76.59781,14.65837],[76.59834,14.66387],[76.59784,14.6626]],[[76.63861,14.7088],[76.63818,14.70764],[76.63684,14.70515],[76.64323,14.71143],[76.63861,14.7088]],[[76.64819,14.73022],[76.64941,14.7276],[76.6507,14.72775],[76.65064,14.7328],[76.64819,14.73022]],[[76.65041,14.75622],[76.64984,14.75519],[76.6496,14.75439],[76.65044,14.75306],[76.65041,14.75622]],[[76.67196,14.78999],[76.67363,14.7929],[76.66864,14.79279],[76.66864,14.7926],[76.67196,14.78999]],[[76.71283,14.83638],[76.71759,14.83221],[76.72321,14.83124],[76.74072,14.82501],[76.71283,14.83638]],[[76.6792,14.88599],[76.69019,14.88684],[76.69821,14.88721],[76.679,14.88723],[76.6792,14.88599]],[[76.81079,15.51283],[76.737,15.4906],[76.78339,15.49243],[76.79803,15.5],[76.81262,15.51263],[76.83582,15.56342],[76.83759,15.6048],[76.83344,15.61807],[76.81079,15.51283]],[[77.12188,30.56348],[77.12173,30.56294],[77.12267,30.56174],[77.12188,30.56348]],[[77.21247,30.4974],[77.21248,30.49683],[77.21304,30.49639],[77.21247,30.4974]],[[77.13198,29.48497],[77.13199,29.48494],[77.13224,29.48468],[77.13198,29.48497]],[[77.14368,29.16829],[77.1433,29.1669],[77.143,29.16557],[77.14368,29.16829]],[[77.1738,28.40492],[77.17448,28.40467],[77.17476,28.40476],[77.1738,28.40492]],[[78.25855,16.02323],[78.25823,16.02156],[78.25924,16.02344],[78.25855,16.02323]],[[78.26624,16.0256],[78.27271,16.02582],[78.27003,16.02678],[78.26624,16.0256]],[[78.31134,16.01257],[78.31159,16.01257],[78.31195,16.01283],[78.31134,16.01257]],[[78.32241,16.03001],[78.32204,16.02018],[78.32302,16.0209],[78.32241,16.03001]],[[78.38304,16.06314],[78.38669,16.06509],[78.38502,16.06498],[78.38304,16.06314]],[[78.43809,16.0728],[78.4482,16.07312],[78.44111,16.07443],[78.43809,16.0728]],[[78.55577,16.04488],[78.55953,16.04514],[78.57026,16.0524],[78.55577,16.04488]],[[78.5703,16.05242],[78.58775,16.06423],[78.58988,16.06721],[78.5703,16.05242]],[[78.59421,16.07328],[78.59873,16.07962],[78.59625,16.07797],[78.59421,16.07328]],[[78.60791,16.08575],[78.61521,16.08728],[78.60996,16.08713],[78.60791,16.08575]],[[78.62523,16.08758],[78.62886,16.08701],[78.62724,16.08764],[78.62523,16.08758]],[[78.84165,16.08774],[78.84237,16.09011],[78.84155,16.09619],[78.84165,16.08774]],[[78.8335,16.13471],[78.83994,16.10818],[78.83893,16.11571],[78.8335,16.13471]],[[78.85258,16.14842],[78.86149,16.14733],[78.8547,16.14881],[78.85258,16.14842]],[[78.87244,16.14124],[78.87667,16.13456],[78.87651,16.13553],[78.87244,16.14124]],[[78.88079,16.11422],[78.88091,16.11362],[78.8851,16.1038],[78.88079,16.11422]],[[78.88781,16.09309],[78.88921,16.0851],[78.88942,16.08512],[78.88781,16.09309]],[[78.89071,16.08531],[78.89557,16.08599],[78.90092,16.09083],[78.89071,16.08531]],[[78.91952,16.10221],[78.92153,16.10324],[78.92154,16.10497],[78.91952,16.10221]],[[78.12649,13.78845],[78.11892,13.80368],[78.12363,13.78281],[78.12649,13.78845]],[[78.09152,13.74228],[78.10568,13.73503],[78.09251,13.74211],[78.09992,13.75847],[78.09152,13.74228]],[[78.12111,13.71587],[78.11907,13.71785],[78.1165,13.707],[78.12111,13.71587]],[[78.11322,13.69274],[78.1113,13.6927],[78.11446,13.69266],[78.11497,13.70394],[78.11322,13.69274]],[[78.07359,13.68773],[78.06833,13.67938],[78.07428,13.68691],[78.07402,13.69821],[78.07359,13.68773]],[[78.07775,13.668],[78.07736,13.67313],[78.06676,13.67689],[78.06644,13.67639],[78.07775,13.668]],[[78.09895,13.6428],[78.08836,13.6437],[78.08986,13.65946],[78.08338,13.66382],[78.08711,13.64307],[78.09895,13.6428]],[[78.12083,13.65648],[78.11476,13.65767],[78.10432,13.65279],[78.10384,13.65189],[78.12083,13.65648]],[[78.13374,13.66014],[78.12757,13.65672],[78.13956,13.65915],[78.13374,13.66014]],[[78.16907,13.65394],[78.16865,13.63271],[78.16911,13.65414],[78.16761,13.65439],[78.16907,13.65394]],[[78.17105,13.63192],[78.17505,13.63061],[78.17661,13.6305],[78.17105,13.63192]],[[78.20344,13.60779],[78.19298,13.59379],[78.20339,13.60536],[78.20344,13.60779]],[[78.19103,13.56905],[78.19109,13.56755],[78.19192,13.56734],[78.19103,13.56905]],[[78.19833,13.56706],[78.20292,13.56878],[78.20359,13.56963],[78.19833,13.56706]],[[78.21339,13.58267],[78.21605,13.59018],[78.2154,13.59035],[78.21339,13.58267]],[[78.22864,13.5871],[78.23258,13.58598],[78.23318,13.58968],[78.22864,13.5871]],[[78.26923,13.58794],[78.26022,13.58552],[78.27006,13.58801],[78.26923,13.58794]],[[78.31494,13.59168],[78.31741,13.59215],[78.28379,13.58913],[78.31494,13.59168]],[[78.3286,13.59426],[78.33588,13.59273],[78.33088,13.59469],[78.3286,13.59426]],[[78.38429,13.59186],[78.39405,13.58972],[78.3853,13.59223],[78.34798,13.58802],[78.38429,13.59186]],[[78.40226,13.58736],[78.40551,13.57963],[78.40231,13.58734],[78.40226,13.58736]],[[78.39268,13.53905],[78.394,13.54079],[78.39378,13.55239],[78.40414,13.57231],[78.39313,13.55256],[78.39268,13.53905]],[[78.37082,13.46952],[78.37456,13.46195],[78.37901,13.48184],[78.37559,13.50681],[78.37082,13.46952]],[[78.37693,13.38166],[78.38168,13.39698],[78.38075,13.41887],[78.37636,13.4383],[78.37693,13.38166]],[[78.37686,13.36306],[78.36645,13.36512],[78.37159,13.37591],[78.36906,13.37319],[78.36508,13.3618],[78.37686,13.36306]],[[78.38303,13.34359],[78.39262,13.32539],[78.393,13.33361],[78.4076,13.33723],[78.40865,13.3455],[78.38303,13.34359]],[[78.3983,13.31874],[78.4011,13.31547],[78.40126,13.31551],[78.3983,13.31874]],[[78.44041,13.3283],[78.44298,13.31463],[78.44078,13.32822],[78.44041,13.3283]],[[78.44417,13.30832],[78.44421,13.30811],[78.45545,13.31162],[78.44417,13.30832]],[[78.46775,13.31592],[78.47466,13.32099],[78.47037,13.31951],[78.46775,13.31592]],[[78.48292,13.32383],[78.47746,13.32196],[78.47931,13.30129],[78.49674,13.29861],[78.47959,13.30157],[78.48425,13.31366],[78.48292,13.32383]],[[78.514,13.29059],[78.51485,13.28909],[78.51413,13.29078],[78.50425,13.29211],[78.514,13.29059]],[[78.52654,13.26865],[78.52667,13.26842],[78.52674,13.26845],[78.52654,13.26865]],[[78.53932,13.28787],[78.5536,13.28331],[78.53849,13.2884],[78.52972,13.26967],[78.53932,13.28787]],[[78.5624,13.2927],[78.57743,13.29539],[78.56953,13.30903],[78.56465,13.30757],[78.5624,13.2927]],[[78.57865,13.28035],[78.58731,13.28087],[78.57888,13.28086],[78.57785,13.29118],[78.57865,13.28035]],[[78.58549,13.26174],[78.58708,13.27846],[78.57033,13.24759],[78.5664,13.22085],[78.57023,13.20923],[78.57146,13.24723],[78.58549,13.26174]],[[78.54976,13.18969],[78.55073,13.20021],[78.56822,13.20123],[78.56973,13.20764],[78.55006,13.20018],[78.54976,13.18969]],[[78.56733,13.19155],[78.5688,13.16242],[78.57755,13.17165],[78.57671,13.18668],[78.56733,13.19155]],[[78.54087,13.15348],[78.54152,13.15305],[78.54146,13.15338],[78.55075,13.1641],[78.54087,13.15348]],[[78.54377,13.14179],[78.54353,13.14144],[78.54384,13.14143],[78.54377,13.14179]],[[78.52341,13.0992],[78.53573,13.10976],[78.53164,13.14137],[78.5166,13.13039],[78.51853,13.11982],[78.53285,13.1095],[78.52341,13.0992]],[[78.51449,13.06289],[78.51599,13.06295],[78.51542,13.07206],[78.50904,13.07944],[78.51139,13.093],[78.50862,13.07902],[78.51559,13.06763],[78.51449,13.06289]],[[78.4901,13.05457],[78.48815,13.05299],[78.48836,13.05294],[78.4901,13.05457]],[[78.47504,13.04412],[78.47862,13.05451],[78.47437,13.04411],[78.47504,13.04412]],[[78.46221,13.04321],[78.4622,13.04321],[78.46211,13.04127],[78.46221,13.04321]],[[78.46456,13.02132],[78.46144,13.02618],[78.4645,13.0201],[78.46456,13.02132]],[[78.47481,12.99144],[78.4675,12.9751],[78.47535,12.99143],[78.46414,13.01207],[78.47481,12.99144]],[[78.43598,12.98092],[78.43533,12.98104],[78.43507,12.97995],[78.43598,12.98092]],[[78.43359,12.97382],[78.43255,12.9695],[78.43487,12.96646],[78.43359,12.97382]],[[78.41939,12.94723],[78.4207,12.94757],[78.42197,12.95438],[78.43535,12.96368],[78.4215,12.95463],[78.41939,12.94723]],[[78.4122,12.94335],[78.41811,12.92302],[78.41867,12.92352],[78.4122,12.94335]],[[78.43848,12.92849],[78.43858,12.92839],[78.43851,12.92848],[78.43848,12.92849]],[[78.46835,12.90083],[78.46811,12.8812],[78.4689,12.9007],[78.44631,12.91977],[78.46835,12.90083]],[[78.46771,12.87956],[78.45672,12.88635],[78.46656,12.87481],[78.46771,12.87956]],[[78.45288,12.88873],[78.44773,12.89191],[78.44789,12.8914],[78.45288,12.88873]],[[78.43978,12.91127],[78.43884,12.91366],[78.4367,12.91122],[78.43978,12.91127]],[[78.43226,12.90617],[78.4116,12.90387],[78.4126,12.9028],[78.42927,12.90166],[78.43226,12.90617]],[[78.39722,12.90864],[78.3891,12.90694],[78.39691,12.90667],[78.39867,12.91731],[78.39722,12.90864]],[[78.38027,12.91249],[78.37846,12.9137],[78.37858,12.91356],[78.38027,12.91249]],[[78.36988,12.92459],[78.36026,12.93693],[78.36016,12.93692],[78.36988,12.92459]],[[78.32938,12.90192],[78.34013,12.90287],[78.34716,12.91375],[78.34966,12.92549],[78.35858,12.93674],[78.34971,12.93571],[78.33973,12.90318],[78.32938,12.90192]],[[78.3221,12.88642],[78.32169,12.88556],[78.322,12.88557],[78.3221,12.88642]],[[78.3376,12.88561],[78.33587,12.88298],[78.33841,12.88562],[78.3376,12.88561]],[[78.31245,12.85852],[78.28233,12.85931],[78.31289,12.85838],[78.32888,12.87569],[78.31245,12.85852]],[[78.27197,12.86678],[78.2522,12.86055],[78.25221,12.85743],[78.26564,12.86157],[78.27197,12.86678]],[[78.25231,12.83573],[78.25233,12.83074],[78.25244,12.83215],[78.25231,12.83573]],[[78.25203,12.82706],[78.24894,12.80829],[78.25089,12.81327],[78.25203,12.82706]],[[78.23838,12.76761],[78.23848,12.76789],[78.23097,12.76058],[78.23838,12.76761]],[[78.24104,12.73028],[78.23102,12.76038],[78.23623,12.7378],[78.24104,12.73028]],[[78.21059,12.68608],[78.23771,12.68576],[78.20649,12.69789],[78.19977,12.69278],[78.21059,12.68608]],[[78.2459,12.70573],[78.24025,12.70314],[78.24019,12.70271],[78.25045,12.70565],[78.2459,12.70573]],[[78.292,12.68171],[78.27638,12.70206],[78.27094,12.70428],[78.29647,12.67104],[78.30288,12.66837],[78.29687,12.67106],[78.292,12.68171]],[[78.3201,12.6607],[78.31934,12.66103],[78.33222,12.64926],[78.3201,12.6607]],[[78.41209,12.6273],[78.42074,12.63165],[78.40827,12.62698],[78.41209,12.6273]],[[77.33516,27.84418],[77.33662,27.84777],[77.33516,27.84742],[77.33516,27.84418]],[[77.2808,27.80351],[77.28369,27.80107],[77.28372,27.80105],[77.2808,27.80351]],[[76.96817,27.65825],[76.97937,27.6536],[76.97974,27.65566],[76.96817,27.65825]],[[76.64029,30.15106],[76.6383,30.14762],[76.63833,30.14762],[76.64374,30.15021],[76.64029,30.15106]],[[76.88544,28.50114],[76.88851,28.50105],[76.88531,28.50149],[76.88544,28.50114]],[[76.95324,28.66808],[76.9538,28.66772],[76.95381,28.66865],[76.95324,28.66808]],[[76.31178,28.17899],[76.31162,28.17806],[76.31463,28.17705],[76.31178,28.17899]],[[76.94372,28.8018],[76.94189,28.79866],[76.94475,28.79826],[76.94372,28.8018]],[[76.57171,30.09842],[76.57524,30.1008],[76.57524,30.10081],[76.57171,30.09842]],[[78.17554,15.85958],[78.17671,15.87609],[78.17654,15.87594],[78.17544,15.85955],[78.17554,15.85958]],[[78.19005,15.89388],[78.18016,15.90286],[78.17944,15.90193],[78.1896,15.89282],[78.19005,15.89388]],[[78.25236,15.93921],[78.25323,15.94094],[78.2532,15.94142],[78.25236,15.93921]],[[78.25916,15.99331],[78.25878,15.99579],[78.25123,15.97508],[78.25145,15.97414],[78.25916,15.99331]],[[78.25703,16.00703],[78.25631,16.01165],[78.256,16.01001],[78.25703,16.00703]],[[77.48543,13.71476],[77.51417,13.71321],[77.51237,13.69725],[77.52834,13.69301],[77.51445,13.7133],[77.48543,13.71476]],[[77.53388,13.70618],[77.52992,13.69649],[77.53374,13.70491],[77.53388,13.70618]],[[77.55908,13.72324],[77.54807,13.75298],[77.54029,13.75626],[77.52557,13.75328],[77.55908,13.72324]],[[77.57186,13.73839],[77.57174,13.73819],[77.58685,13.73349],[77.5869,13.73358],[77.57186,13.73839]],[[77.59622,13.74823],[77.61335,13.75186],[77.61306,13.75227],[77.59622,13.74823]],[[77.62479,13.73537],[77.61785,13.74537],[77.62443,13.73523],[77.62479,13.73537]],[[77.64207,13.7469],[77.64188,13.74366],[77.64223,13.7468],[77.64207,13.7469]],[[77.6469,13.77929],[77.62131,13.76884],[77.67055,13.78411],[77.65129,13.78407],[77.6469,13.77929]],[[77.6816,13.78083],[77.68111,13.78098],[77.68143,13.77916],[77.6816,13.78083]],[[77.67979,13.76294],[77.68142,13.77908],[77.67489,13.76047],[77.67979,13.76294]],[[77.69281,13.7695],[77.70329,13.76979],[77.70846,13.74102],[77.70916,13.74131],[77.70348,13.77001],[77.69281,13.7695]],[[77.72001,13.78652],[77.73151,13.80746],[77.72219,13.79614],[77.72001,13.78652]],[[77.73185,13.80787],[77.73163,13.8076],[77.73252,13.80808],[77.73185,13.80787]],[[77.78176,13.81941],[77.74381,13.81155],[77.78164,13.81903],[77.78876,13.82316],[77.78176,13.81941]],[[77.80863,13.85116],[77.78967,13.84854],[77.78282,13.84419],[77.79152,13.84869],[77.80854,13.85056],[77.81217,13.85475],[77.80863,13.85116]],[[77.82234,13.86507],[77.81809,13.86075],[77.83707,13.86974],[77.83698,13.87016],[77.82234,13.86507]],[[77.82719,13.94551],[77.82148,13.9389],[77.82659,13.94472],[77.83775,13.93621],[77.87717,13.9376],[77.82719,13.94551]],[[77.89569,13.94104],[77.89552,13.92598],[77.91591,13.90862],[77.89653,13.9415],[77.88367,13.93881],[77.89569,13.94104]],[[77.91662,13.90802],[77.91796,13.90687],[77.92717,13.90584],[77.91662,13.90802]],[[77.94665,13.93566],[77.94655,13.93547],[77.96,13.94051],[77.96003,13.94059],[77.94665,13.93566]],[[77.96271,13.95543],[77.96102,13.94322],[77.96729,13.95977],[77.96271,13.95543]],[[77.98083,13.92805],[77.98827,13.95587],[77.96764,13.96011],[77.98428,13.89774],[77.98083,13.92805]],[[77.95195,13.88867],[77.95252,13.88992],[77.95213,13.88983],[77.95195,13.88867]],[[77.95286,13.85687],[77.94971,13.87474],[77.94906,13.8707],[77.95286,13.85687]],[[77.95652,13.8361],[77.95298,13.85618],[77.95594,13.83094],[77.96001,13.83071],[77.95652,13.8361]],[[77.9794,13.83966],[77.9771,13.83164],[77.98158,13.84277],[77.9794,13.83966]],[[78.00064,13.87323],[77.9925,13.86903],[78.00409,13.87261],[78.00064,13.87323]],[[78.01415,13.8708],[78.01221,13.87115],[78.01663,13.86558],[78.01923,13.86528],[78.01415,13.8708]],[[78.04565,13.86232],[78.04319,13.86248],[78.04618,13.86213],[78.0509,13.87997],[78.04565,13.86232]],[[78.0643,13.88664],[78.07894,13.88118],[78.06184,13.88857],[78.04878,13.89694],[78.0643,13.88664]],[[78.08417,13.86256],[78.07914,13.88049],[78.08286,13.86254],[78.08417,13.86256]],[[78.11478,13.86289],[78.11654,13.85187],[78.11482,13.86356],[78.09167,13.86264],[78.11478,13.86289]],[[78.12375,13.84503],[78.12366,13.84515],[78.12489,13.83621],[78.12375,13.84503]],[[78.11566,13.81025],[78.12444,13.83009],[78.11479,13.81199],[78.11566,13.81025]],[[77.05246,14.2455],[77.0618,14.22946],[77.07565,14.22325],[77.05494,14.24588],[77.03746,14.24664],[77.05246,14.2455]],[[77.07745,14.22089],[77.08117,14.21415],[77.08246,14.21435],[77.07745,14.22089]],[[77.10955,14.22087],[77.11486,14.22314],[77.11497,14.22384],[77.10955,14.22087]],[[77.11647,14.2505],[77.11203,14.26412],[77.11122,14.26189],[77.11647,14.2505]],[[77.15472,14.33965],[77.13953,14.34032],[77.15369,14.33934],[77.1582,14.3403],[77.15472,14.33965]],[[77.16932,14.33544],[77.18164,14.33298],[77.16683,14.34192],[77.16932,14.33544]],[[77.19759,14.32139],[77.21379,14.31884],[77.19448,14.32365],[77.19759,14.32139]],[[77.24604,14.31744],[77.24646,14.3179],[77.22911,14.3211],[77.24604,14.31744]],[[77.26931,14.33211],[77.27737,14.33584],[77.25785,14.33018],[77.26931,14.33211]],[[77.28312,14.28644],[77.28816,14.29894],[77.28892,14.32733],[77.28832,14.32863],[77.28289,14.28607],[77.28933,14.2813],[77.30534,14.28344],[77.33906,14.2769],[77.35786,14.27608],[77.33953,14.27702],[77.30554,14.28351],[77.28931,14.28145],[77.28312,14.28644]],[[77.36336,14.25244],[77.36493,14.25612],[77.36351,14.26013],[77.36336,14.25244]],[[77.38425,14.22126],[77.35949,14.23401],[77.3842,14.22095],[77.38313,14.20804],[77.38425,14.22126]],[[77.41826,14.20918],[77.39225,14.19917],[77.41828,14.20907],[77.41821,14.2109],[77.41826,14.20918]],[[77.4097,14.25115],[77.40951,14.25186],[77.40964,14.23231],[77.40967,14.23229],[77.4097,14.25115]],[[77.40538,14.26669],[77.40535,14.2667],[77.40668,14.26202],[77.40538,14.26669]],[[77.38814,14.27217],[77.38845,14.26991],[77.38863,14.26988],[77.38814,14.27217]],[[77.3824,14.29901],[77.37815,14.30582],[77.3779,14.3022],[77.38313,14.2956],[77.3824,14.29901]],[[77.39434,14.33659],[77.43064,14.31601],[77.42865,14.32892],[77.41267,14.33667],[77.39434,14.33659]],[[77.44813,14.28261],[77.45833,14.28055],[77.44637,14.31763],[77.43129,14.31371],[77.44622,14.31747],[77.44518,14.29523],[77.44813,14.28261]],[[77.4985,14.27919],[77.47921,14.29246],[77.46059,14.2813],[77.50278,14.25918],[77.4985,14.27919]],[[77.50494,14.19364],[77.50329,14.21096],[77.49461,14.22479],[77.50328,14.21054],[77.50483,14.19366],[77.51671,14.18624],[77.50494,14.19364]],[[77.44575,14.1717],[77.44151,14.17137],[77.44627,14.17155],[77.44575,14.1717]],[[77.41631,14.17635],[77.41587,14.17619],[77.42225,14.17383],[77.41631,14.17635]],[[77.39486,14.1609],[77.39495,14.16097],[77.39372,14.17425],[77.39486,14.1609]],[[77.38507,14.15326],[77.37895,14.13585],[77.37912,14.1359],[77.38508,14.15327],[77.38507,14.15326]],[[77.35669,14.1302],[77.35148,14.12037],[77.34747,14.10364],[77.37682,14.1353],[77.35669,14.1302]],[[77.3629,14.11581],[77.36199,14.11558],[77.36169,14.11534],[77.3629,14.11581]],[[77.40103,14.12018],[77.39786,14.11032],[77.40128,14.1203],[77.39108,14.12692],[77.40103,14.12018]],[[77.38902,14.09986],[77.3891,14.09988],[77.39023,14.10123],[77.38902,14.09986]],[[77.38127,14.09784],[77.38084,14.09668],[77.3813,14.09784],[77.38127,14.09784]],[[77.36366,14.07301],[77.36004,14.06227],[77.36024,14.06229],[77.36374,14.07304],[77.36366,14.07301]],[[77.33262,14.0308],[77.34065,14.06021],[77.3323,14.03069],[77.34028,14.02847],[77.33262,14.0308]],[[77.38826,14.01574],[77.37125,14.01983],[77.38491,14.01603],[77.3857,14.00266],[77.38826,14.01574]],[[77.37967,13.98984],[77.3798,13.98895],[77.37968,13.9898],[77.37988,13.99023],[77.37967,13.98984]],[[77.42846,13.97918],[77.43593,13.97628],[77.42617,13.98535],[77.42846,13.97918]],[[77.43489,13.96523],[77.43499,13.96489],[77.43804,13.97432],[77.43764,13.97469],[77.43489,13.96523]],[[77.43592,13.95298],[77.43753,13.95507],[77.43746,13.95532],[77.43592,13.95298]],[[77.42483,13.90399],[77.4285,13.90617],[77.43026,13.90985],[77.42483,13.90399]],[[77.41587,13.89869],[77.39722,13.90611],[77.39836,13.88831],[77.41587,13.89869]],[[77.35762,13.90392],[77.36949,13.90313],[77.36999,13.90319],[77.35762,13.90392]],[[77.34788,13.91589],[77.34776,13.91564],[77.35436,13.90414],[77.35443,13.90414],[77.34788,13.91589]],[[77.35508,13.93051],[77.35494,13.93033],[77.35229,13.9249],[77.35508,13.93051]],[[77.33558,13.99807],[77.33531,14.00633],[77.33556,13.99804],[77.36105,13.9907],[77.33558,13.99807]],[[77.32255,14.02916],[77.32288,14.02367],[77.32616,14.01964],[77.32255,14.02916]],[[77.30658,14.032],[77.30377,14.02849],[77.30851,14.03176],[77.30658,14.032]],[[77.28198,14.01438],[77.28214,14.01359],[77.28565,14.01601],[77.28198,14.01438]],[[77.17095,14.012],[77.22012,14.01308],[77.24543,14.01153],[77.25998,14.02818],[77.17095,14.012]],[[77.15119,13.99989],[77.1725,14.00029],[77.14266,14.00336],[77.15119,13.99989]],[[77.14173,14.0132],[77.13853,14.01901],[77.14138,14.00822],[77.14173,14.0132]],[[77.12708,14.04681],[77.13184,14.0439],[77.1274,14.04701],[77.07602,14.04335],[77.12708,14.04681]],[[77.06728,14.05168],[77.06896,14.0519],[77.05022,14.0559],[77.04947,14.05592],[77.06728,14.05168]],[[77.03253,14.05643],[77.03295,14.05582],[77.04329,14.0561],[77.03253,14.05643]],[[77.0298,14.08817],[77.02939,14.0885],[77.0298,14.08816],[77.0298,14.08817]],[[77.58968,15.91402],[77.59404,15.91395],[77.58433,15.91735],[77.58968,15.91402]],[[77.87881,15.90524],[77.87822,15.90522],[77.87507,15.90156],[77.87881,15.90524]],[[78.09898,15.83731],[78.10052,15.8376],[78.09458,15.83876],[78.09898,15.83731]],[[78.13496,15.8404],[78.13457,15.84139],[78.13449,15.8403],[78.13496,15.8404]],[[77.24806,28.48065],[77.24713,28.48029],[77.24967,28.48082],[77.24806,28.48065]],[[78.43081,12.63191],[78.42729,12.63494],[78.42698,12.63478],[78.43081,12.63191]],[[78.48268,12.67226],[78.47725,12.67351],[78.4845,12.67166],[78.48899,12.67298],[78.48268,12.67226]],[[78.49978,12.67614],[78.50188,12.67911],[78.49589,12.675],[78.49978,12.67614]],[[78.50338,12.68124],[78.50386,12.68191],[78.50392,12.71075],[78.50338,12.68124]],[[78.51206,12.7077],[78.51412,12.71023],[78.50522,12.71069],[78.51206,12.7077]],[[78.49964,12.72979],[78.50413,12.72443],[78.51777,12.71472],[78.5205,12.71809],[78.49964,12.72979]],[[78.53336,12.71479],[78.51576,12.72396],[78.52984,12.70692],[78.53336,12.71479]],[[78.5313,12.69702],[78.53334,12.69567],[78.5303,12.70382],[78.5313,12.69702]],[[78.55473,12.69909],[78.55469,12.70091],[78.54271,12.69177],[78.55473,12.69909]],[[78.56267,12.73539],[78.5542,12.71847],[78.55441,12.71823],[78.56267,12.73539]],[[78.55796,12.75366],[78.56354,12.73721],[78.56371,12.73756],[78.55836,12.75454],[78.55796,12.75366]],[[78.56138,12.7612],[78.55986,12.75785],[78.56558,12.75936],[78.56792,12.76568],[78.56138,12.7612]],[[78.59295,12.7981],[78.5924,12.7826],[78.59252,12.78268],[78.59306,12.79818],[78.59295,12.7981]],[[78.60103,12.803591],[78.60047,12.80321],[78.60103,12.80359],[78.60103,12.803591]],[[78.60116,12.80368],[78.60039,12.81833],[78.60103,12.803591],[78.60116,12.80368]],[[78.6015,12.85066],[78.60758,12.82182],[78.60776,12.8219],[78.6015,12.85066]],[[78.61309,12.86794],[78.61344,12.87075],[78.61305,12.86788],[78.61309,12.86794]],[[78.63736,12.93092],[78.63365,12.93138],[78.63365,12.93131],[78.63736,12.93092]],[[78.63981,12.96117],[78.64366,12.95127],[78.64674,12.94691],[78.63981,12.96117]],[[78.63649,13.00237],[78.63229,12.99627],[78.65552,13.01525],[78.65562,13.01759],[78.63649,13.00237]],[[78.7047,13.01647],[78.7078,13.03452],[78.65747,13.03071],[78.7047,13.01647]],[[78.70826,13.03719],[78.71513,13.06857],[78.71374,13.06913],[78.70826,13.03719]],[[78.74076,13.06396],[78.74006,13.06404],[78.74029,13.064],[78.75039,13.05575],[78.74076,13.06396]],[[78.78769,13.06417],[78.78799,13.06447],[78.77559,13.06111],[78.78769,13.06417]],[[78.81105,13.08713],[78.79809,13.07505],[78.79707,13.07339],[78.81105,13.08713]],[[78.87094,13.08247],[78.86172,13.08383],[78.84124,13.07923],[78.81314,13.08907],[78.84204,13.07861],[78.87094,13.08247]],[[78.87705,13.09537],[78.87101,13.092],[78.87103,13.09149],[78.87705,13.09537]],[[78.89221,13.03296],[78.89592,13.09579],[78.88271,13.09852],[78.89191,13.03294],[78.91715,13.03376],[78.92913,13.03751],[78.89221,13.03296]],[[78.92174,13.06609],[78.92181,13.06659],[78.91454,13.06437],[78.92174,13.06609]],[[78.95606,13.0761],[78.94733,13.08183],[78.92405,13.08094],[78.95545,13.07584],[78.96904,13.07828],[78.95606,13.0761]],[[78.98118,13.08607],[79.0346,13.06998],[79.00429,13.08478],[78.98237,13.08685],[78.98118,13.08607]],[[79.06333,13.05316],[79.03854,13.06146],[79.03869,13.06114],[79.06333,13.05313],[79.06333,13.05316]],[[79.08091,13.02573],[79.09833,13.02609],[79.08097,13.0258],[79.06385,13.03976],[79.08091,13.02573]],[[79.10838,13.0386],[79.1077,13.03855],[79.10163,13.0302],[79.10838,13.0386]],[[79.13634,13.03452],[79.1154,13.0391],[79.1092,13.03866],[79.13634,13.03452]],[[79.16312,13.02027],[79.1717,13.02717],[79.16325,13.02043],[79.14879,13.02483],[79.16312,13.02027]],[[79.18501,13.03031],[79.19189,13.04835],[79.18432,13.0475],[79.18501,13.03031]],[[79.1829,13.05419],[79.18027,13.0504],[79.18274,13.04863],[79.1829,13.05419]],[[79.19212,13.06743],[79.1921,13.06745],[79.19196,13.06724],[79.19212,13.06743]],[[79.19136,13.08038],[79.1854,13.07961],[79.18711,13.07654],[79.19136,13.08038]],[[79.23432,13.11477],[79.2345,13.10549],[79.23841,13.11855],[79.23182,13.12497],[79.23432,13.11477]],[[79.22816,13.13989],[79.22197,13.14624],[79.21502,13.14753],[79.22816,13.13989]],[[79.23332,13.16794],[79.23209,13.16753],[79.23089,13.16453],[79.23332,13.16794]],[[79.23655,13.16905],[79.2439,13.15138],[79.24263,13.17112],[79.23655,13.16905]],[[79.26346,13.14969],[79.26175,13.1599],[79.25487,13.16074],[79.26209,13.14904],[79.26346,13.14969]],[[79.03674,13.77111],[79.03735,13.76359],[79.03919,13.77197],[79.03197,13.7728],[79.03674,13.77111]],[[79.02142,13.7829],[79.02431,13.77552],[79.02686,13.77461],[79.02142,13.7829]],[[78.92475,16.13402],[78.92295,16.13682],[78.9227,16.12679],[78.92475,16.13402]],[[78.91576,16.14799],[78.91652,16.14615],[78.91783,16.14478],[78.91576,16.14799]],[[78.90476,16.17728],[78.9047,16.17458],[78.91395,16.15233],[78.90476,16.17728]],[[78.91175,16.18876],[78.91106,16.18843],[78.90489,16.18288],[78.90483,16.18039],[78.91175,16.18876]],[[78.96189,16.2092],[78.96027,16.20907],[78.95099,16.20584],[78.96189,16.2092]],[[79.01111,16.24013],[79.00909,16.23995],[78.99379,16.22045],[79.01111,16.24013]],[[79.07144,16.22744],[79.07146,16.22745],[79.07096,16.22774],[79.07144,16.22744]],[[79.09927,16.22395],[79.10004,16.2244],[79.09224,16.22688],[79.09927,16.22395]],[[82.42139,18.47666],[82.42989,18.48507],[82.40352,18.46422],[82.40319,18.46355],[82.42139,18.47666]],[[82.39576,18.44853],[82.39856,18.45426],[82.38644,18.44443],[82.39576,18.44853]],[[82.3823,18.43354],[82.36421,18.42154],[82.3817,18.43189],[82.3823,18.43354]],[[82.38444,18.36561],[82.38454,18.36701],[82.3644,18.35222],[82.38444,18.36561]],[[82.35312,18.33506],[82.3624,18.34339],[82.36245,18.34362],[82.35312,18.33506]],[[82.37449,18.2805],[82.39194,18.29733],[82.37481,18.28105],[82.37319,18.28048],[82.37449,18.2805]],[[82.3609,18.28028],[82.35894,18.28146],[82.34453,18.28002],[82.3609,18.28028]],[[82.33615,18.24047],[82.32441,18.23121],[82.33627,18.24019],[82.33615,18.24047]],[[82.3248,18.20998],[82.32963,18.22018],[82.31095,18.20362],[82.3248,18.20998]],[[82.31545,18.18403],[82.32147,18.18078],[82.31539,18.18431],[82.31545,18.18403]],[[82.34023,18.15007],[82.36747,18.13662],[82.37213,18.14773],[82.34018,18.15057],[82.34023,18.15007]],[[82.34207,18.13643],[82.34051,18.14725],[82.33427,18.1264],[82.34207,18.13643]],[[82.33819,18.09943],[82.33834,18.09941],[82.33811,18.09997],[82.33819,18.09943]],[[82.34844,18.09155],[82.34707,18.09769],[82.3468,18.09771],[82.34844,18.09155]],[[82.33608,18.05243],[82.34403,18.05808],[82.34923,18.088],[82.34922,18.08805],[82.33608,18.05243]],[[82.33051,18.05757],[82.33008,18.05758],[82.33103,18.05676],[82.33051,18.05757]],[[82.31939,18.05765],[82.31955,18.05703],[82.32415,18.05762],[82.31939,18.05765]],[[82.32204,18.04725],[82.32171,18.04834],[82.30746,18.04507],[82.32204,18.04725]],[[82.30617,18.05571],[82.30605,18.05571],[82.30618,18.0556],[82.30617,18.05571]],[[82.29138,18.06891],[82.27246,18.05624],[82.29926,18.06163],[82.30016,18.0691],[82.29138,18.06891]],[[82.26901,18.03402],[82.26916,18.0335],[82.26977,18.0389],[82.26901,18.03402]],[[82.27335,18.01891],[82.27368,18.02027],[82.2696,18.03197],[82.27335,18.01891]],[[82.20865,18.01016],[82.23724,18.00255],[82.25886,17.99771],[82.27159,18.0117],[82.20865,18.01016]],[[82.18672,18.01547],[82.20309,18.01782],[82.20795,18.01112],[82.20531,18.01837],[82.18672,18.01547]],[[82.17912,18.02117],[82.17815,18.01985],[82.18626,18.01571],[82.17912,18.02117]],[[82.16884,18.05195],[82.14678,18.05231],[82.13874,18.0452],[82.18433,18.02855],[82.16884,18.05195]],[[82.13533,18.05507],[82.09609,18.06743],[82.07664,18.07522],[82.06643,18.05682],[82.13533,18.05507]],[[82.00867,18.05766],[82.03695,18.06638],[82.04067,18.05601],[82.0662,18.05672],[82.03704,18.06771],[82.00867,18.05766]],[[82.00673,18.0451],[82.00814,18.04228],[82.00756,18.05044],[82.00673,18.0451]],[[82.00783,18.02937],[81.99446,18.02686],[82.00907,18.02919],[82.00894,18.03107],[82.00783,18.02937]],[[81.93804,17.99063],[81.92223,17.99005],[81.93693,17.98969],[81.96245,17.99842],[81.99019,18.0202],[81.93804,17.99063]],[[81.91716,17.98987],[81.90844,17.98074],[81.91838,17.98991],[81.91716,17.98987]],[[81.88027,17.9675],[81.89281,17.97538],[81.90469,17.97727],[81.89337,17.97624],[81.84245,17.95685],[81.83201,17.95813],[81.80989,17.95098],[81.80114,17.94059],[81.81047,17.95073],[81.84305,17.95642],[81.88027,17.9675]],[[81.79013,17.92081],[81.78045,17.91349],[81.79115,17.92146],[81.79533,17.93369],[81.79013,17.92081]],[[81.76775,17.90559],[81.70436,17.87768],[81.69763,17.9012],[81.69633,17.89931],[81.70482,17.87621],[81.71016,17.87124],[81.72641,17.87852],[81.74883,17.89191],[81.76775,17.90559]],[[81.62206,17.83194],[81.63982,17.83841],[81.66215,17.88069],[81.68782,17.88583],[81.69481,17.89712],[81.66192,17.8812],[81.65385,17.8681],[81.62206,17.83194]],[[81.6163,17.82277],[81.61812,17.82231],[81.6206,17.82962],[81.6163,17.82277]],[[81.59427,17.83358],[81.57164,17.83517],[81.61284,17.82364],[81.59427,17.83358]],[[81.47635,17.83708],[81.43574,17.82767],[81.48619,17.8135],[81.51778,17.81567],[81.56421,17.82527],[81.56853,17.83147],[81.48627,17.81434],[81.47635,17.83708]],[[81.35433,17.81219],[81.32612,17.81395],[81.26735,17.80932],[81.23054,17.82912],[81.26646,17.80879],[81.39263,17.79353],[81.39191,17.81475],[81.41732,17.81356],[81.43125,17.82971],[81.39181,17.81542],[81.39257,17.79416],[81.38012,17.80285],[81.35433,17.81219]],[[81.16623,17.85753],[81.14564,17.84397],[81.11992,17.82287],[81.16516,17.85682],[81.19954,17.8461],[81.21427,17.83474],[81.21934,17.83316],[81.20029,17.84633],[81.16623,17.85753]],[[81.10244,17.81603],[81.0991,17.81246],[81.10865,17.81846],[81.10244,17.81603]],[[81.07937,17.74998],[81.04056,17.74761],[81.01955,17.72024],[81.07318,17.69654],[81.07937,17.74998]],[[81.01602,17.74394],[81.01831,17.74566],[81.01592,17.74503],[80.99885,17.74842],[81.01602,17.74394]],[[80.98581,17.75438],[80.98588,17.75419],[80.98678,17.75359],[80.98581,17.75438]],[[80.94831,17.76291],[80.95858,17.77407],[80.97611,17.77801],[80.96587,17.77978],[80.95562,17.77291],[80.94831,17.76291]],[[80.94566,17.76004],[80.94583,17.76022],[80.92858,17.76154],[80.92806,17.76124],[80.94566,17.76004]],[[80.92005,17.75655],[80.91845,17.75183],[80.92745,17.76088],[80.92005,17.75655]],[[80.88555,17.73568],[80.88557,17.73558],[80.88584,17.73584],[80.88555,17.73568]],[[80.87813,17.65067],[80.89663,17.64277],[80.91513,17.6688],[80.88448,17.68037],[80.87813,17.65067]],[[81.65774,17.27135],[81.66171,17.2819],[81.6558,17.26638],[81.6539,17.24796],[81.65774,17.27135]],[[82.07257,16.8792],[82.07578,16.88514],[82.07464,16.89783],[82.07257,16.8792]],[[81.78586,16.70752],[81.78796,16.69502],[81.80114,16.69501],[81.78586,16.70752]],[[80.46604,16.59097],[80.42917,16.58819],[80.42771,16.58792],[80.46604,16.59097]],[[80.65259,16.47999],[80.65538,16.48363],[80.65062,16.47798],[80.65259,16.47999]],[[80.71728,16.62559],[80.69708,16.62652],[80.69608,16.62414],[80.71728,16.62559]],[[80.80295,16.24218],[80.80003,16.24156],[80.80289,16.24105],[80.80295,16.24218]],[[80.09715,16.99],[80.10078,16.98928],[80.09516,16.99065],[80.09156,16.96836],[80.09715,16.99]],[[80.11478,16.98762],[80.1103,16.9874],[80.11256,16.98695],[80.11478,16.98762]],[[80.13049,16.9924],[80.12986,16.99211],[80.13686,16.99122],[80.13049,16.9924]],[[80.1488,17.00129],[80.14038,16.99077],[80.14203,16.99056],[80.1488,17.00129]],[[80.16659,17.00575],[80.16388,17.00599],[80.16656,17.00563],[80.16659,17.00575]],[[80.17017,17.01683],[80.17016,17.01682],[80.17021,17.01684],[80.17017,17.01683]],[[80.19645,17.04403],[80.19627,17.04355],[80.2009,17.04069],[80.19645,17.04403]],[[80.19782,17.02732],[80.2003,17.01866],[80.20204,17.01709],[80.2035,17.03873],[80.19782,17.02732]],[[80.21217,17.01078],[80.20222,17.01692],[80.20796,17.01174],[80.21217,17.01078]],[[80.22883,17.01441],[80.22793,17.01341],[80.2395,17.00303],[80.23959,17.00301],[80.22883,17.01441]],[[80.25607,17.0011],[80.24487,17.00185],[80.26387,16.99768],[80.25607,17.0011]],[[80.29323,16.99615],[80.29008,16.98178],[80.29449,16.99497],[80.28357,17.00718],[80.29323,16.99615]],[[80.30659,16.97379],[80.29046,16.98099],[80.29242,16.97689],[80.30657,16.97357],[80.30659,16.97379]],[[80.31232,16.93983],[80.31205,16.92359],[80.31622,16.94813],[80.30653,16.97309],[80.30267,16.95415],[80.31537,16.94846],[80.31232,16.93983]],[[80.32381,16.90643],[80.3207,16.90902],[80.32354,16.90305],[80.32381,16.90643]],[[80.32174,16.88009],[80.32249,16.88975],[80.321,16.88028],[80.32174,16.88009]],[[80.34401,16.87437],[80.34374,16.87443],[80.34027,16.86035],[80.341,16.86017],[80.34401,16.87437]],[[80.37289,16.85208],[80.37376,16.83162],[80.37407,16.85239],[80.35557,16.85648],[80.37289,16.85208]],[[80.37723,16.82249],[80.37424,16.82925],[80.37562,16.82235],[80.37723,16.82249]],[[80.39971,16.83355],[80.39938,16.83331],[80.40428,16.83334],[80.40707,16.84761],[80.39971,16.83355]],[[80.38091,16.85073],[80.38585,16.85041],[80.38485,16.86318],[80.37883,16.86156],[80.38091,16.85073]],[[80.39034,16.86133],[80.42625,16.84983],[80.42769,16.84622],[80.42729,16.8499],[80.39034,16.86133]],[[80.46562,16.81665],[80.44074,16.83107],[80.45249,16.82279],[80.46562,16.81665]],[[80.46445,16.79545],[80.46614,16.81635],[80.4659,16.81649],[80.46404,16.79493],[80.47449,16.79339],[80.46445,16.79545]],[[80.48676,16.79088],[80.48572,16.79109],[80.49369,16.7829],[80.50265,16.7799],[80.48676,16.79088]],[[80.52144,16.77552],[80.50855,16.77792],[80.51535,16.77563],[80.52144,16.77552]],[[80.55158,16.77501],[80.54993,16.77498],[80.55116,16.77496],[80.56084,16.77154],[80.55158,16.77501]],[[80.56879,16.84601],[80.56647,16.84088],[80.56866,16.84514],[80.56879,16.84601]],[[80.56841,16.86831],[80.56984,16.85324],[80.57074,16.85943],[80.56841,16.86831]],[[80.58768,16.90229],[80.59293,16.90007],[80.5919,16.90697],[80.59395,16.90946],[80.58768,16.90229]],[[80.58406,16.9288],[80.59798,16.92085],[80.59579,16.92434],[80.58395,16.92901],[80.58406,16.9288]],[[80.53592,16.96059],[80.55975,16.94775],[80.54606,16.9567],[80.53592,16.96059]],[[80.5261,16.94788],[80.53436,16.96118],[80.53268,16.96183],[80.52574,16.94803],[80.5261,16.94788]],[[80.50376,16.95676],[80.51879,16.95079],[80.50413,16.95687],[80.50376,16.95676]],[[80.49838,16.95518],[80.49287,16.92813],[80.48052,16.9335],[80.49345,16.92743],[80.49838,16.95518]],[[80.44393,16.95624],[80.44732,16.95537],[80.44682,16.95565],[80.44393,16.95624]],[[80.36662,16.98144],[80.3675,16.98038],[80.37279,16.98634],[80.36662,16.98144]],[[80.38785,17.00927],[80.38755,17.00875],[80.398,17.01272],[80.38785,17.00927]],[[80.39593,17.04633],[80.39586,17.04173],[80.3974,17.05285],[80.39123,17.05987],[80.39593,17.04633]],[[80.38726,17.07129],[80.3873,17.07119],[80.38751,17.07145],[80.38726,17.07129]],[[80.432,17.05495],[80.41896,17.0923],[80.40939,17.09176],[80.43817,17.03746],[80.45836,17.0319],[80.432,17.05495]],[[80.47138,17.05037],[80.4713,17.05013],[80.47542,17.05049],[80.47138,17.05037]],[[80.50404,17.06745],[80.50031,17.06464],[80.50373,17.06648],[80.50404,17.06745]],[[80.50941,17.08566],[80.50804,17.07976],[80.50986,17.08537],[80.50941,17.08566]],[[80.51328,17.11421],[80.51293,17.11084],[80.51322,17.11144],[80.51328,17.11421]],[[80.55068,17.13147],[80.514,17.12127],[80.52623,17.1177],[80.54356,17.12498],[80.55068,17.13147]],[[80.56221,17.13341],[80.55883,17.13284],[80.56146,17.13253],[80.56221,17.13341]],[[80.58002,17.15307],[80.57986,17.15289],[80.58487,17.15049],[80.58002,17.15307]],[[80.64361,17.1242],[80.64066,17.11638],[80.66642,17.10332],[80.64527,17.12355],[80.63688,17.12837],[80.60664,17.13499],[80.59781,17.14362],[80.60518,17.13564],[80.61981,17.12803],[80.64361,17.1242]],[[80.66293,17.09242],[80.66805,17.09493],[80.67055,17.10119],[80.66985,17.10155],[80.66293,17.09242]],[[80.64994,17.07144],[80.65667,17.08848],[80.65497,17.08741],[80.64964,17.07151],[80.64994,17.07144]],[[80.66549,17.0677],[80.65674,17.06976],[80.66529,17.06765],[80.66549,17.0677]],[[80.73437,17.07756],[80.7368,17.07769],[80.69945,17.08379],[80.69883,17.08245],[80.73437,17.07756]],[[80.76498,17.06661],[80.76145,17.068],[80.76356,17.06673],[80.76565,17.0665],[80.76498,17.06661]],[[80.82532,17.05311],[80.84118,17.0454],[80.82882,17.05277],[80.79987,17.06077],[80.79768,17.06114],[80.81061,17.05471],[80.82532,17.05311]],[[80.91888,17.21974],[80.91872,17.21905],[80.92343,17.21977],[80.91888,17.21974]],[[80.9304,17.21982],[80.94227,17.2175],[80.93902,17.21989],[80.9304,17.21982]],[[80.95534,17.20788],[80.95954,17.20429],[80.96058,17.20403],[80.95534,17.20788]],[[81.00576,17.19238],[80.99845,17.19046],[80.97629,17.20027],[80.96537,17.20282],[80.99846,17.19],[81.00576,17.19238]],[[81.03041,17.19039],[81.01346,17.1944],[81.01117,17.1938],[81.03041,17.19039]],[[81.04719,17.20495],[81.04768,17.20538],[81.04802,17.20597],[81.04719,17.20495]],[[81.05254,17.21391],[81.05581,17.21964],[81.0556,17.21956],[81.05254,17.21391]],[[81.0757,17.21586],[81.06271,17.22234],[81.05696,17.22009],[81.0757,17.21586]],[[81.10626,17.22263],[81.12189,17.22405],[81.10943,17.22347],[81.10626,17.22263]],[[81.13013,17.22479],[81.15131,17.22919],[81.1293,17.22472],[81.13013,17.22479]],[[81.1737,17.23059],[81.17527,17.23575],[81.17008,17.23084],[81.1737,17.23059]],[[81.18377,17.24576],[81.18612,17.24811],[81.18601,17.2484],[81.18377,17.24576]],[[81.17802,17.27032],[81.17769,17.27288],[81.17785,17.2706],[81.17802,17.27032]],[[81.17675,17.28635],[81.17864,17.29507],[81.17666,17.28767],[81.17675,17.28635]],[[81.22163,17.32203],[81.22794,17.32174],[81.21115,17.32582],[81.22163,17.32203]],[[81.23581,17.32137],[81.23886,17.32123],[81.24404,17.32506],[81.23581,17.32137]],[[81.22724,17.43774],[81.22713,17.43801],[81.22662,17.4379],[81.22724,17.43774]],[[81.16798,17.46364],[81.16035,17.47588],[81.15601,17.47776],[81.14825,17.46365],[81.16798,17.46364]],[[80.84531,17.03997],[80.8422,17.04406],[80.84486,17.03924],[80.8568,17.0477],[80.84531,17.03997]],[[80.87149,17.06983],[80.85861,17.05034],[80.87664,17.07307],[80.8688,17.08162],[80.87149,17.06983]],[[80.87507,17.09517],[80.87507,17.09522],[80.86833,17.08366],[80.86847,17.08303],[80.87507,17.09517]],[[80.87538,17.10957],[80.8686,17.12067],[80.86833,17.12027],[80.87532,17.10675],[80.87538,17.10957]],[[80.87964,17.13415],[80.87857,17.1421],[80.87825,17.13514],[80.87219,17.12606],[80.87964,17.13415]],[[80.8804,17.16072],[80.87944,17.16083],[80.8791,17.15359],[80.8804,17.16072]],[[80.90376,17.15443],[80.9047,17.15436],[80.89289,17.15923],[80.88225,17.1605],[80.90376,17.15443]],[[80.91573,17.15355],[80.91611,17.15372],[80.90528,17.15432],[80.91573,17.15355]],[[80.92387,17.1573],[80.9239,17.15779],[80.91909,17.1551],[80.92387,17.1573]],[[80.56155,20.8235],[80.5613,20.82266],[80.56174,20.82346],[80.56155,20.8235]],[[80.54997,20.11854],[80.55232,20.11124],[80.55207,20.11796],[80.54997,20.11854]],[[80.65532,19.70766],[80.67138,19.6997],[80.67091,19.70215],[80.65532,19.70766]],[[80.27242,18.72351],[80.26838,18.72821],[80.27149,18.7233],[80.27242,18.72351]],[[80.85164,19.36592],[80.84703,19.35601],[80.85285,19.3639],[80.85164,19.36592]],[[82.08957,17.29649],[82.09094,17.29871],[82.07796,17.30167],[82.08957,17.29649]],[[82.31552,17.50016],[82.33306,17.50885],[82.33358,17.51101],[82.31552,17.50016]],[[83.16207,17.83851],[83.16535,17.84434],[83.16024,17.84313],[83.1502,17.84612],[83.16207,17.83851]],[[82.31026,16.73428],[82.26446,16.69633],[82.29475,16.70551],[82.30786,16.71813],[82.31026,16.73428]],[[82.20437,16.71734],[82.23524,16.71677],[82.22327,16.72186],[82.19423,16.72438],[82.20437,16.71734]],[[82.21783,16.74331],[82.21966,16.74103],[82.23217,16.75475],[82.22669,16.76005],[82.21783,16.74331]],[[83.34292,19.01814],[83.34041,19.01231],[83.34299,19.01731],[83.34892,19.01779],[83.34292,19.01814]],[[83.36671,19.00725],[83.36748,19.01648],[83.35935,19.01705],[83.36671,19.00725]],[[83.38399,19.00146],[83.36782,19.00578],[83.38437,19.00047],[83.40329,19.00716],[83.38399,19.00146]],[[83.41798,19.00041],[83.41522,18.98938],[83.41536,18.98929],[83.41961,19.00026],[83.41798,19.00041]],[[83.43339,18.97807],[83.42673,18.98456],[83.41594,18.98893],[83.43339,18.97807]],[[83.44586,18.9589],[83.44589,18.96591],[83.44004,18.9716],[83.44586,18.9589]],[[83.46151,18.95484],[83.44643,18.95765],[83.46113,18.95424],[83.46151,18.95484]],[[83.46979,18.96824],[83.4697,18.96912],[83.46471,18.96003],[83.46979,18.96824]],[[83.45225,18.99995],[83.45527,18.99126],[83.4559,18.99125],[83.45225,18.99995]],[[83.45066,19.00453],[83.45284,19.01193],[83.4783,19.00677],[83.48255,19.01436],[83.45225,19.01259],[83.45066,19.00453]],[[83.48332,19.03348],[83.48296,19.03375],[83.48244,19.03073],[83.48332,19.03348]],[[83.4707,19.04307],[83.47072,19.04291],[83.47323,19.04115],[83.4707,19.04307]],[[83.50178,19.06589],[83.48084,19.0785],[83.46627,19.0799],[83.46229,19.06377],[83.46631,19.07911],[83.51618,19.0571],[83.51115,19.06795],[83.50178,19.06589]],[[83.51357,19.04721],[83.51726,19.04187],[83.51368,19.04756],[83.51357,19.04721]],[[83.50627,19.03447],[83.51688,19.0315],[83.51787,19.03798],[83.50627,19.03447]],[[83.53809,19.01219],[83.54162,19.04099],[83.53796,19.01316],[83.49557,19.03123],[83.53809,19.01219]],[[83.55208,19.05402],[83.55224,19.05577],[83.55064,19.05216],[83.55208,19.05402]],[[83.55337,19.06853],[83.54932,19.07627],[83.55333,19.06805],[83.55337,19.06853]],[[83.55354,19.08591],[83.54853,19.07787],[83.54874,19.07745],[83.55957,19.08624],[83.55354,19.08591]],[[83.567,19.07174],[83.56106,19.08632],[83.55998,19.08626],[83.56692,19.07165],[83.567,19.07174]],[[83.56066,19.06344],[83.56147,19.06208],[83.56078,19.06358],[83.56066,19.06344]],[[83.57497,19.0614],[83.56388,19.05799],[83.57886,19.05982],[83.57497,19.0614]],[[83.58654,19.06704],[83.58649,19.06752],[83.58635,19.06685],[83.58654,19.06704]],[[83.58493,19.08395],[83.58471,19.08371],[83.58609,19.07176],[83.58493,19.08395]],[[83.59244,19.09167],[83.61059,19.09529],[83.59295,19.09267],[83.5872,19.08642],[83.59244,19.09167]],[[83.63392,19.15946],[83.61596,19.13705],[83.60165,19.13553],[83.59809,19.11887],[83.6016,19.13439],[83.61598,19.13628],[83.63392,19.15861],[83.63753,19.15285],[83.63392,19.15946]],[[83.63258,19.1393],[83.63704,19.13074],[83.6497,19.1226],[83.66084,19.09945],[83.64964,19.12326],[83.63258,19.1393]],[[83.66374,19.09328],[83.66254,19.09584],[83.66147,19.08125],[83.66374,19.09328]],[[83.66393,19.07541],[83.67229,19.07317],[83.66195,19.08011],[83.66393,19.07541]],[[83.70062,19.025],[83.67522,19.07121],[83.70092,19.02438],[83.70594,19.02402],[83.70062,19.025]],[[83.72711,19.01669],[83.72858,19.01984],[83.7189,19.02162],[83.72711,19.01669]],[[83.70962,19.00207],[83.71794,18.99382],[83.71057,19.00671],[83.70962,19.00207]],[[83.73301,18.98771],[83.71846,18.99331],[83.73305,18.98723],[83.73301,18.98771]],[[83.73629,18.96361],[83.74104,18.94844],[83.75369,18.92521],[83.75382,18.92523],[83.73629,18.96361]],[[83.75464,18.92531],[83.76319,18.92621],[83.76935,18.91387],[83.77798,18.91145],[83.76317,18.92728],[83.75464,18.92531]],[[83.78044,18.91239],[83.78819,18.91534],[83.78506,18.93322],[83.78089,18.93682],[83.78044,18.91239]],[[83.77248,18.94472],[83.77258,18.94432],[83.77271,18.94421],[83.77248,18.94472]],[[83.76146,18.95077],[83.76163,18.95046],[83.76853,18.95347],[83.76822,18.95416],[83.76146,18.95077]],[[83.75528,18.9704],[83.75506,18.96232],[83.75806,18.95691],[83.75528,18.9704]],[[83.74485,18.98798],[83.74777,18.97455],[83.74784,18.97453],[83.74506,18.98859],[83.74485,18.98798]],[[83.74759,18.99594],[83.74753,18.99591],[83.74613,18.99177],[83.74759,18.99594]],[[83.78193,19.0084],[83.78187,19.00879],[83.77396,19.00824],[83.78193,19.0084]],[[83.79469,19.01798],[83.78421,19.01851],[83.78418,19.01838],[83.79469,19.01794],[83.79469,19.01798]],[[84.42592,18.94998],[84.43124,18.95767],[84.42558,18.95091],[84.42592,18.94998]],[[84.43159,18.96916],[84.43107,18.96919],[84.4311,18.96896],[84.43159,18.96916]],[[84.45147,18.97731],[84.44559,18.98278],[84.44767,18.97576],[84.45147,18.97731]],[[84.44283,18.99142],[84.43789,18.99272],[84.44288,18.99067],[84.44283,18.99142]],[[84.44117,19.00389],[84.4316,19.01348],[84.44159,19.00291],[84.47318,18.99129],[84.44117,19.00389]],[[84.49666,19.03096],[84.49312,19.02732],[84.51066,19.03958],[84.49666,19.03096]],[[84.51625,19.04756],[84.52664,19.04567],[84.53427,19.05032],[84.51638,19.04843],[84.51432,19.0448],[84.51625,19.04756]],[[84.55622,19.05588],[84.56334,19.06372],[84.5566,19.05658],[84.54248,19.05464],[84.55622,19.05588]],[[84.5709,19.06925],[84.56906,19.06978],[84.5688,19.06951],[84.5709,19.06925]],[[84.57904,19.04671],[84.58152,19.05302],[84.58049,19.05609],[84.57904,19.04671]],[[84.57786,19.03914],[84.58028,19.0355],[84.57842,19.04272],[84.57786,19.03914]],[[84.5875,19.02462],[84.59053,19.02453],[84.58544,19.02772],[84.5875,19.02462]],[[84.60029,19.02422],[84.60583,19.04086],[84.59548,19.02437],[84.60029,19.02422]],[[84.61176,19.05029],[84.61077,19.04872],[84.62017,19.05577],[84.61176,19.05029]],[[84.62782,19.06621],[84.61831,19.06587],[84.61834,19.06576],[84.62922,19.06527],[84.62782,19.06621]],[[84.64161,19.06727],[84.64135,19.06472],[84.65343,19.06693],[84.65411,19.06741],[84.64161,19.06727]],[[84.66755,19.07706],[84.66333,19.08403],[84.6616,19.07279],[84.66755,19.07706]],[[84.65827,19.09241],[84.65484,19.09243],[84.6599,19.08971],[84.65827,19.09241]],[[84.63219,19.08673],[84.62519,19.09683],[84.62411,19.08831],[84.62911,19.08487],[84.63219,19.08673]],[[84.61904,19.10322],[84.61115,19.10061],[84.6242,19.09923],[84.61904,19.10322]],[[84.62672,19.12711],[84.60793,19.12895],[84.6046,19.12742],[84.62672,19.12711]],[[84.64408,19.13372],[84.66669,19.13184],[84.67046,19.15535],[84.63655,19.12973],[84.64408,19.13372]],[[84.67551,19.16525],[84.67091,19.16604],[84.67078,19.16296],[84.67551,19.16525]],[[84.67728,19.16495],[84.70267,19.16028],[84.71284,19.1561],[84.71098,19.15916],[84.67728,19.16495]],[[84.71152,19.14799],[84.71471,19.15302],[84.71337,19.15522],[84.71152,19.14799]],[[82.43608,18.50023],[82.43051,18.48568],[82.43216,18.48732],[82.43608,18.50023]],[[82.46155,18.52622],[82.44558,18.51484],[82.43839,18.50626],[82.46155,18.52611],[82.47287,18.54164],[82.50521,18.51385],[82.47347,18.54258],[82.46155,18.52622]],[[82.52597,18.51632],[82.50893,18.51568],[82.52489,18.51604],[82.53182,18.50954],[82.52597,18.51632]],[[82.53293,18.48688],[82.52697,18.49559],[82.52646,18.4941],[82.53102,18.48388],[82.53293,18.48688]],[[82.51999,18.4665],[82.52112,18.46828],[82.51929,18.46695],[82.51999,18.4665]],[[82.53295,18.45814],[82.53733,18.44471],[82.54605,18.45046],[82.52826,18.46116],[82.53295,18.45814]],[[82.55291,18.45361],[82.55977,18.44543],[82.56113,18.44901],[82.55291,18.45361]],[[82.54097,18.42138],[82.53667,18.40793],[82.55855,18.44221],[82.54097,18.42138]],[[82.54048,18.39975],[82.53502,18.40656],[82.54055,18.39899],[82.56422,18.39818],[82.54048,18.39975]],[[82.58939,18.39147],[82.58306,18.38761],[82.58419,18.38636],[82.59265,18.38839],[82.58939,18.39147]],[[82.60709,18.36448],[82.59704,18.38425],[82.61405,18.35075],[82.61703,18.36072],[82.60709,18.36448]],[[82.60214,18.35045],[82.60197,18.35134],[82.60162,18.35137],[82.60214,18.35045]],[[82.61123,18.33199],[82.60828,18.33634],[82.60841,18.3294],[82.61123,18.33199]],[[82.60378,18.32515],[82.60571,18.32692],[82.59486,18.3286],[82.59464,18.32816],[82.60378,18.32515]],[[82.59594,18.3094],[82.59606,18.31028],[82.58627,18.3109],[82.58491,18.30809],[82.59594,18.3094]],[[82.59199,18.2803],[82.59228,18.28246],[82.5876,18.27545],[82.59494,18.2728],[82.59199,18.2803]],[[82.59829,18.26427],[82.5959,18.27036],[82.59622,18.26499],[82.60125,18.26294],[82.59829,18.26427]],[[82.6172,18.25575],[82.61452,18.25696],[82.61884,18.25241],[82.6172,18.25575]],[[82.63507,18.23913],[82.62453,18.24641],[82.63181,18.23873],[82.63507,18.23913]],[[82.6435,18.24092],[82.64238,18.24002],[82.64304,18.24009],[82.6435,18.24092]],[[82.64867,18.25026],[82.64772,18.27201],[82.65089,18.2783],[82.64228,18.26377],[82.64867,18.25026]],[[82.64212,18.30144],[82.65119,18.30186],[82.65742,18.29607],[82.70166,18.31064],[82.64212,18.30144]],[[82.73385,18.32018],[82.71475,18.32241],[82.71435,18.32204],[82.73421,18.32007],[82.74079,18.32773],[82.73385,18.32018]],[[82.75544,18.32984],[82.77026,18.33763],[82.76292,18.33916],[82.74267,18.32978],[82.75544,18.32984]],[[82.77581,18.34684],[82.77122,18.33814],[82.77404,18.33962],[82.77581,18.34684]],[[82.77806,18.35109],[82.77763,18.35028],[82.79049,18.36275],[82.79039,18.36303],[82.77806,18.35109]],[[82.78504,18.38309],[82.78556,18.38119],[82.79355,18.38538],[82.79341,18.38603],[82.78504,18.38309]],[[82.79149,18.39605],[82.79961,18.40618],[82.7992,18.40631],[82.79149,18.39605]],[[82.78688,18.41071],[82.78742,18.41055],[82.78698,18.41225],[82.78688,18.41071]],[[82.81564,18.4509],[82.78216,18.43079],[82.81591,18.45042],[82.84657,18.43099],[82.81564,18.4509]],[[82.84839,18.42461],[82.87041,18.41804],[82.89504,18.42356],[82.8958,18.41782],[82.895,18.4241],[82.84839,18.42461]],[[82.90215,18.37364],[82.92249,18.37487],[82.89466,18.38112],[82.90215,18.37364]],[[82.92592,18.36819],[82.93959,18.36089],[82.92603,18.36814],[82.92437,18.37128],[82.92592,18.36819]],[[82.96684,18.35877],[82.96793,18.35936],[82.96011,18.36641],[82.94289,18.36099],[82.95364,18.36131],[82.9602,18.36615],[82.96684,18.35877]],[[82.98487,18.37372],[82.9842,18.37085],[82.98613,18.37488],[82.98487,18.37372]],[[82.99817,18.38593],[82.99758,18.38539],[83.00463,18.38305],[82.99817,18.38593]],[[83.00655,18.38241],[83.0231,18.39076],[83.02192,18.3917],[83.00536,18.38281],[83.00655,18.38241]],[[83.04269,18.37941],[83.05423,18.37997],[83.0428,18.37947],[83.04214,18.37973],[83.04269,18.37941]],[[83.0769,18.4032],[83.06591,18.39181],[83.07706,18.40312],[83.0769,18.4032]],[[83.16935,18.32456],[83.15998,18.34451],[83.15482,18.34028],[83.16935,18.32456]],[[83.76775,18.5682],[83.75893,18.56649],[83.76783,18.56669],[83.76775,18.5682]],[[83.05551,18.08022],[83.05094,18.06566],[83.05294,18.06604],[83.05551,18.08022]],[[83.8927,18.81371],[83.89416,18.81437],[83.89608,18.81702],[83.89095,18.82558],[83.8927,18.81371]],[[83.92676,18.82205],[83.93038,18.81636],[83.93307,18.81628],[83.92676,18.82205]],[[83.94174,18.80833],[83.95363,18.80582],[83.95457,18.8066],[83.94174,18.80833]],[[83.95659,18.80826],[83.96323,18.81373],[83.96005,18.81336],[83.95659,18.80826]],[[83.96791,18.81426],[83.97603,18.81405],[83.9727,18.81481],[83.96791,18.81426]],[[84.00488,18.80897],[84.01391,18.80983],[84.01782,18.81585],[83.99301,18.81334],[84.00488,18.80897]],[[84.05766,18.78866],[84.05873,18.79859],[84.0511,18.79908],[84.03835,18.81632],[84.05766,18.78866]],[[84.068,18.78212],[84.0664,18.78314],[84.06891,18.78066],[84.068,18.78212]],[[84.07758,18.76671],[84.07851,18.76521],[84.08739,18.76324],[84.07758,18.76671]],[[84.10015,18.7604],[84.1018,18.76004],[84.11968,18.76703],[84.10015,18.7604]],[[84.13788,18.76138],[84.13798,18.7621],[84.12205,18.76783],[84.13788,18.76138]],[[84.16834,18.78809],[84.16928,18.78811],[84.16907,18.78837],[84.16834,18.78809]],[[84.17577,18.78008],[84.18898,18.77959],[84.16982,18.78745],[84.17577,18.78008]],[[84.20708,18.78908],[84.21039,18.79073],[84.19528,18.79145],[84.20708,18.78908]],[[84.22525,18.7981],[84.24124,18.79556],[84.2408,18.79714],[84.22631,18.79877],[84.22525,18.7981]],[[84.24846,18.78531],[84.2597,18.78442],[84.24624,18.78847],[84.24846,18.78531]],[[84.26347,18.78412],[84.267,18.78384],[84.28539,18.79198],[84.26347,18.78412]],[[84.28681,18.79344],[84.30517,18.79749],[84.30499,18.79826],[84.28866,18.80466],[84.28681,18.79344]],[[84.32008,18.78709],[84.32082,18.78657],[84.32088,18.78668],[84.32008,18.78709]],[[84.33645,18.79844],[84.32843,18.79926],[84.33638,18.798],[84.33871,18.80181],[84.33645,18.79844]],[[84.33134,18.81761],[84.34906,18.82016],[84.3423,18.82215],[84.33106,18.81785],[84.33134,18.81761]],[[84.35235,18.83125],[84.34999,18.82253],[84.35272,18.83147],[84.35235,18.83125]],[[84.36029,18.83582],[84.36452,18.83825],[84.36093,18.84016],[84.36029,18.83582]],[[84.3256,18.87609],[84.34499,18.84905],[84.3466,18.84837],[84.33659,18.88994],[84.3256,18.87609]],[[84.33665,18.89001],[84.36188,18.86085],[84.36205,18.86089],[84.33681,18.89021],[84.33665,18.89001]],[[84.39339,18.88186],[84.39728,18.88192],[84.3973,18.88202],[84.39339,18.88186]],[[84.39747,18.88298],[84.41282,18.89665],[84.39303,18.90424],[84.38512,18.89766],[84.39747,18.88298]],[[84.41809,18.89731],[84.41864,18.89737],[84.41934,18.89916],[84.41809,18.89731]],[[84.43831,18.92583],[84.43896,18.92664],[84.43809,18.92782],[84.43831,18.92583]],[[84.43286,18.93492],[84.42993,18.93889],[84.43103,18.93585],[84.43286,18.93492]],[[83.31189,18.99611],[83.31033,18.99568],[83.31077,18.99507],[83.31189,18.99611]],[[83.31942,18.97234],[83.32115,18.97131],[83.31524,18.98788],[83.31942,18.97234]],[[83.32831,18.96702],[83.33351,18.96041],[83.33351,18.96498],[83.32831,18.96702]],[[83.32711,18.94462],[83.32669,18.93603],[83.32798,18.94475],[83.32711,18.94462]],[[83.34841,18.92628],[83.34844,18.92629],[83.3483,18.92674],[83.34841,18.92628]],[[83.34463,18.94139],[83.3451,18.94155],[83.34462,18.94143],[83.34463,18.94139]],[[83.3505,18.96489],[83.35089,18.96569],[83.35051,18.96582],[83.3505,18.96489]],[[83.36855,18.95965],[83.3698,18.95183],[83.36862,18.95963],[83.36855,18.95965]],[[83.38345,18.93504],[83.38652,18.93312],[83.38657,18.93318],[83.38345,18.93504]],[[83.3812,18.9272],[83.37369,18.92638],[83.37839,18.92407],[83.3812,18.9272]],[[83.37015,18.94172],[83.35248,18.94346],[83.37013,18.94147],[83.37055,18.92792],[83.37015,18.94172]],[[83.36972,18.90788],[83.38395,18.91293],[83.3696,18.90799],[83.36972,18.90788]],[[83.37846,18.89686],[83.39248,18.90684],[83.3851,18.91211],[83.37833,18.89695],[83.37846,18.89686]],[[83.396,18.88053],[83.39742,18.87853],[83.39876,18.87815],[83.396,18.88053]],[[83.41397,18.87284],[83.40803,18.8658],[83.41446,18.87271],[83.41397,18.87284]],[[83.37855,18.82977],[83.4037,18.84326],[83.36876,18.84407],[83.32825,18.81808],[83.32893,18.81471],[83.37855,18.82977]],[[83.33008,18.80625],[83.327,18.80566],[83.33013,18.80589],[83.33008,18.80625]],[[83.30921,18.80852],[83.3172,18.80494],[83.30931,18.8095],[83.30377,18.80572],[83.30921,18.80852]],[[83.29353,18.80047],[83.28434,18.79788],[83.28248,18.79481],[83.29353,18.80047]],[[83.27611,18.78428],[83.27527,18.78291],[83.2754,18.78271],[83.27611,18.78428]],[[83.23221,18.77375],[83.27155,18.76417],[83.28136,18.77408],[83.2806,18.77499],[83.23221,18.77375]],[[83.22992,18.77415],[83.22461,18.77509],[83.22511,18.77307],[83.22992,18.77415]],[[83.22693,18.75663],[83.22576,18.75237],[83.22756,18.75448],[83.22693,18.75663]],[[83.21256,18.73796],[83.21927,18.74475],[83.17826,18.76994],[83.20655,18.75144],[83.21256,18.73796]],[[83.15888,18.76839],[83.1523,18.77401],[83.15542,18.76805],[83.15888,18.76839]],[[83.13903,18.78536],[83.12539,18.77543],[83.14562,18.77973],[83.13903,18.78536]],[[83.12128,18.77243],[83.11716,18.76944],[83.12331,18.76097],[83.12128,18.77243]],[[83.10747,18.74662],[83.10169,18.73275],[83.0728,18.7049],[83.10142,18.73171],[83.12342,18.76034],[83.10747,18.74662]],[[83.02506,18.6538],[83.058,18.66462],[83.07202,18.69699],[83.01313,18.64605],[83.02506,18.6538]],[[83.00013,18.62026],[83.00018,18.6188],[83.0192,18.63518],[83.00013,18.62026]],[[83.01513,18.60473],[83.01394,18.59468],[83.01522,18.60471],[83.01513,18.60473]],[[83.05274,18.59608],[83.04163,18.58725],[83.03287,18.57671],[83.05301,18.58748],[83.05274,18.59608]],[[83.08584,18.5346],[83.09006,18.53881],[83.09427,18.54751],[83.08584,18.5346]],[[83.07841,18.5272],[83.07701,18.52615],[83.07694,18.52573],[83.07841,18.5272]],[[83.07507,18.51457],[83.05519,18.4944],[83.07536,18.51452],[83.07656,18.52349],[83.07507,18.51457]],[[83.03765,18.46862],[83.02113,18.45576],[83.03773,18.46813],[83.05439,18.48491],[83.03765,18.46862]],[[83.03776,18.43454],[83.04107,18.44021],[83.04078,18.44048],[83.03776,18.43454]],[[83.05786,18.41896],[83.06665,18.42367],[83.06486,18.4272],[83.05786,18.41896]],[[83.80843,18.99192],[83.82166,18.95917],[83.80893,18.99228],[83.79652,19.00359],[83.80843,18.99192]],[[83.81976,18.93997],[83.8198,18.93994],[83.81984,18.94037],[83.81976,18.93997]],[[83.828,18.91412],[83.83876,18.9183],[83.82743,18.92845],[83.82332,18.9183],[83.828,18.91412]],[[83.84587,18.91321],[83.84579,18.91358],[83.84577,18.91359],[83.84587,18.91321]],[[83.84368,18.87628],[83.85137,18.85956],[83.86006,18.85464],[83.84521,18.88321],[83.84368,18.87628]],[[83.88047,18.83889],[83.87254,18.84757],[83.8698,18.84912],[83.88047,18.83889]],[[83.88924,18.82844],[83.88773,18.83096],[83.88609,18.83275],[83.88924,18.82844]],[[89.84302,26.37781],[89.83445,26.38418],[89.84237,26.37798],[89.84302,26.37781]],[[87.558,25.33331],[87.55169,25.3325],[87.55029,25.32443],[87.558,25.33331]],[[87.77633,25.25659],[87.76718,25.26098],[87.77625,25.25658],[87.77633,25.25659]],[[87.82626,25.23575],[87.82434,25.23653],[87.82392,25.2367],[87.82626,25.23575]],[[87.61428,24.77799],[87.61751,24.7802],[87.61906,24.7816],[87.61428,24.77799]],[[87.78914,25.2002],[87.79068,25.22165],[87.79085,25.23293],[87.78914,25.2002]],[[88.04244,27.21953],[88.04184,27.21981],[88.03716,27.22036],[88.03493,27.22017],[88.04244,27.21953]],[[88.07269,27.20439],[88.0723,27.20488],[88.06666,27.21364],[88.04441,27.2188],[88.07269,27.20439]],[[88.07732,27.20203],[88.07266,27.1878],[88.08885,27.14326],[88.09885,27.13283],[88.08937,27.16393],[88.07854,27.17261],[88.08152,27.1976],[88.08047,27.20032],[88.07877,27.2015],[88.07732,27.20203]],[[88.10585,27.13181],[88.10532,27.1321],[88.10308,27.13299],[88.10087,27.1325],[88.10585,27.13181]],[[88.13523,27.12059],[88.13994,27.11475],[88.13692,27.12159],[88.11449,27.1288],[88.13523,27.12059]],[[88.14725,27.11428],[88.14714,27.1149],[88.14664,27.11537],[88.14138,27.11462],[88.14725,27.11428]],[[88.18654,27.13269],[88.18594,27.13289],[88.18447,27.13303],[88.18313,27.13178],[88.18654,27.13269]],[[88.18955,27.13349],[88.19007,27.13363],[88.18974,27.13365],[88.18955,27.13349]],[[88.21245,27.13014],[88.23153,27.11932],[88.21865,27.13335],[88.19737,27.13412],[88.21245,27.13014]],[[88.29922,27.12713],[88.28828,27.12741],[88.28016,27.13086],[88.28315,27.12824],[88.29722,27.12518],[88.29922,27.12713]],[[88.30448,27.12805],[88.32497,27.10856],[88.32499,27.11703],[88.31804,27.12482],[88.30448,27.12805]],[[88.33588,27.10666],[88.33533,27.10692],[88.33365,27.10729],[88.33121,27.10654],[88.33588,27.10666]],[[88.34904,27.10029],[88.36112,27.09579],[88.34691,27.10904],[88.34021,27.10874],[88.34904,27.10029]],[[88.38145,27.096],[88.38086,27.09624],[88.37913,27.09681],[88.3776,27.09695],[88.38145,27.096]],[[88.39885,27.0917],[88.39827,27.09197],[88.3961,27.093],[88.38988,27.09391],[88.39885,27.0917]],[[88.43295,27.07926],[88.43497,27.08003],[88.41466,27.08861],[88.40713,27.08965],[88.43295,27.07926]],[[88.44593,27.08268],[88.44524,27.08268],[88.44282,27.08233],[88.43933,27.08094],[88.44593,27.08268]],[[88.4813,27.12241],[88.48059,27.12237],[88.47771,27.12143],[88.47335,27.1179],[88.4813,27.12241]],[[88.49579,27.12352],[88.49585,27.1244],[88.49268,27.1257],[88.48973,27.12527],[88.49579,27.12352]],[[88.52682,27.17299],[88.52615,27.17292],[88.52443,27.17127],[88.53105,27.1652],[88.52682,27.17299]],[[88.56658,27.18482],[88.56592,27.18497],[88.56431,27.18524],[88.55631,27.18411],[88.56658,27.18482]],[[88.57883,27.18816],[88.57815,27.18806],[88.57338,27.18746],[88.57078,27.18579],[88.57883,27.18816]],[[88.58901,27.19016],[88.58871,27.19015],[88.58834,27.18993],[88.58928,27.18991],[88.58901,27.19016]],[[88.59608,27.1898],[88.59597,27.19042],[88.59466,27.19144],[88.59259,27.18986],[88.59608,27.1898]],[[88.60265,27.1873],[88.60248,27.18791],[88.60106,27.18951],[88.59916,27.18914],[88.60265,27.1873]],[[88.6128,27.18194],[88.61421,27.18257],[88.60749,27.18643],[88.60454,27.1863],[88.6128,27.18194]],[[88.63551,27.16668],[88.64096,27.16588],[88.62819,27.18061],[88.61876,27.18304],[88.63551,27.16668]],[[88.6557,27.16299],[88.65557,27.16354],[88.65059,27.16552],[88.64671,27.16464],[88.6557,27.16299]],[[88.7388,27.1357],[88.70414,27.17459],[88.68891,27.18047],[88.68284,27.17965],[88.67877,27.1768],[88.7388,27.1357]],[[89.8113,26.34601],[89.81163,26.34578],[89.81152,26.34596],[89.8113,26.34601]],[[93.24439,24.97036],[93.24961,24.97312],[93.24987,24.97355],[93.24439,24.97036]],[[93.21436,24.86488],[93.21003,24.85608],[93.21164,24.85885],[93.21436,24.86488]],[[93.09746,24.59018],[93.10082,24.58079],[93.10292,24.58103],[93.09746,24.59018]],[[93.03701,24.33366],[93.0368,24.33336],[93.0359,24.33158],[93.03598,24.33053],[93.03701,24.33366]],[[93.03141,24.31761],[93.03035,24.31541],[93.02766,24.31086],[93.03116,24.31577],[93.03221,24.31899],[93.03141,24.31761]],[[93.0153,24.29354],[93.01503,24.29333],[93.00859,24.28809],[93.00691,24.28177],[93.0153,24.29354]],[[93.00625,24.26465],[93.00598,24.26447],[93.00558,24.26401],[93.00503,24.26315],[93.00625,24.26465]],[[93.01635,24.22561],[93.01609,24.22537],[93.01584,24.22344],[93.01722,24.22272],[93.01635,24.22561]],[[93.00025,24.19231],[93.01254,24.19834],[93.00014,24.19807],[92.99949,24.19344],[93.00025,24.19231]],[[92.98891,24.14988],[92.98864,24.14955],[92.98808,24.14821],[92.98881,24.14394],[92.98891,24.14988]],[[92.97937,24.12536],[92.97889,24.12542],[92.975,24.1259],[92.97327,24.12293],[92.97937,24.12536]],[[92.71675,23.19133],[92.71684,23.1913],[92.71697,23.19127],[92.71675,23.19133]],[[92.71781,23.19122],[92.71796,23.19123],[92.71802,23.19124],[92.71781,23.19122]],[[92.28963,24.25226],[92.29192,24.24786],[92.29802,24.25233],[92.3446,24.25329],[92.28963,24.25226]],[[92.41367,24.25472],[92.42251,24.25479],[92.42233,24.25331],[92.433,24.25611],[92.41367,24.25472]],[[92.42228,24.2529],[92.42229,24.25294],[92.42228,24.25294],[92.42228,24.2529]],[[92.42227,24.25285],[92.4222,24.25271],[92.42197,24.25227],[92.42206,24.25117],[92.42227,24.25285]],[[92.42191,24.25],[92.42182,24.24983],[92.42112,24.24898],[92.42077,24.24074],[92.42191,24.25]],[[92.42063,24.23911],[92.4207,24.24],[92.42053,24.23952],[92.42063,24.23911]],[[92.42061,24.23884],[92.42059,24.23881],[92.42051,24.23852],[92.42056,24.2383],[92.42061,24.23884]],[[92.42048,24.23731],[92.4205,24.2375],[92.42045,24.23734],[92.42048,24.23731]],[[92.42013,24.233],[92.41989,24.23212],[92.41953,24.22929],[92.41981,24.22898],[92.42013,24.233]],[[92.41975,24.22826],[92.41941,24.22753],[92.41948,24.22692],[92.41963,24.22673],[92.41975,24.22826]],[[92.41876,24.21508],[92.41827,24.21431],[92.41808,24.21347],[92.4186,24.2129],[92.41876,24.21508]],[[92.41863,24.2125],[92.41863,24.21248],[92.41871,24.21219],[92.4188,24.21203],[92.41863,24.2125]],[[92.41882,24.21124],[92.41903,24.21082],[92.41913,24.21112],[92.41892,24.21169],[92.41882,24.21124]],[[92.41909,24.2102],[92.41848,24.20953],[92.41787,24.2089],[92.41904,24.20786],[92.41909,24.2102]],[[92.41911,24.20652],[92.41876,24.20565],[92.41862,24.20491],[92.41894,24.2043],[92.41911,24.20652]],[[92.44302,24.15424],[92.44051,24.15305],[92.44137,24.15296],[92.44333,24.15393],[92.44302,24.15424]],[[92.44439,24.15184],[92.44438,24.15195],[92.44437,24.15184],[92.44439,24.15184]],[[92.4452,24.1502],[92.44577,24.14993],[92.44602,24.14991],[92.44536,24.1506],[92.4452,24.1502]],[[92.4495,24.14724],[92.44745,24.14722],[92.44934,24.14354],[92.45102,24.1449],[92.4495,24.14724]],[[92.45337,24.14426],[92.45354,24.14428],[92.45352,24.14433],[92.45324,24.1443],[92.45337,24.14426]],[[92.46221,24.13831],[92.46155,24.13773],[92.46301,24.13761],[92.46328,24.13777],[92.46221,24.13831]],[[92.46376,24.13752],[92.46411,24.13698],[92.46428,24.13698],[92.46484,24.13698],[92.46376,24.13752]],[[92.46686,24.13722],[92.46699,24.13749],[92.46687,24.13788],[92.46623,24.137],[92.46686,24.13722]],[[92.46836,24.1397],[92.46825,24.13963],[92.46812,24.13955],[92.46804,24.13949],[92.46836,24.1397]],[[92.47175,24.14005],[92.47266,24.14007],[92.47376,24.14112],[92.47314,24.14244],[92.47175,24.14005]],[[92.47517,24.1431],[92.47523,24.14338],[92.47509,24.1436],[92.47436,24.14317],[92.47517,24.1431]],[[92.47888,24.14432],[92.47703,24.14303],[92.47759,24.14249],[92.48002,24.14348],[92.47888,24.14432]],[[92.47903,24.145],[92.4802,24.14512],[92.48093,24.14574],[92.47951,24.14736],[92.47903,24.145]],[[92.47998,24.14966],[92.4805,24.15025],[92.48079,24.15055],[92.48041,24.15162],[92.47998,24.14966]],[[92.48051,24.15208],[92.48092,24.15285],[92.48115,24.15354],[92.48079,24.15434],[92.48051,24.15208]],[[92.48149,24.15591],[92.48164,24.15616],[92.48107,24.15667],[92.48091,24.15552],[92.48149,24.15591]],[[92.48356,24.16225],[92.48364,24.16238],[92.48359,24.16251],[92.48357,24.16253],[92.48356,24.16225]],[[92.49177,24.16116],[92.49204,24.16099],[92.49251,24.16101],[92.49177,24.16116]],[[92.49362,24.16077],[92.49371,24.16076],[92.49358,24.16078],[92.49362,24.16077]],[[92.49521,24.16044],[92.49431,24.16063],[92.49483,24.16039],[92.49521,24.16044]],[[92.49742,24.16026],[92.49775,24.16023],[92.49808,24.16077],[92.49657,24.16052],[92.49742,24.16026]],[[92.4996,24.16044],[92.50008,24.16041],[92.50079,24.16073],[92.49919,24.16068],[92.4996,24.16044]],[[92.50335,24.16343],[92.50123,24.16089],[92.50364,24.16135],[92.50407,24.16356],[92.50335,24.16343]],[[92.50495,24.16371],[92.50564,24.1632],[92.5058,24.16322],[92.50674,24.16402],[92.50495,24.16371]],[[92.51817,24.17576],[92.51888,24.17509],[92.5201,24.17343],[92.5216,24.17328],[92.51817,24.17576]],[[92.52179,24.17321],[92.52312,24.17287],[92.52542,24.17142],[92.53071,24.1767],[92.52179,24.17321]],[[92.53089,24.17903],[92.53194,24.17882],[92.53476,24.18066],[92.53158,24.18469],[92.53089,24.17903]],[[92.89163,24.39479],[92.89353,24.39336],[92.89772,24.3919],[92.89165,24.39754],[92.89163,24.39479]],[[92.899,24.39136],[92.90009,24.39132],[92.9038,24.39241],[92.90635,24.40718],[92.899,24.39136]],[[92.90719,24.409],[92.90713,24.40887],[92.90724,24.40904],[92.90719,24.409]],[[92.91096,24.41197],[92.91026,24.41027],[92.91122,24.40954],[92.9128,24.40924],[92.91096,24.41197]],[[92.91352,24.4079],[92.91406,24.40768],[92.91374,24.40786],[92.91339,24.40837],[92.91352,24.4079]],[[92.92085,24.40395],[92.91987,24.4019],[92.9233,24.39936],[92.9222,24.40326],[92.92009,24.4044],[92.92085,24.40395]],[[92.92351,24.39754],[92.9237,24.39716],[92.92396,24.39699],[92.92368,24.39801],[92.92351,24.39754]],[[92.92963,24.39511],[92.93031,24.39443],[92.93198,24.3933],[92.93406,24.39311],[92.92963,24.39511]],[[92.95815,24.39521],[92.95858,24.39421],[92.96181,24.39278],[92.9658,24.39676],[92.95815,24.39521]],[[92.96693,24.39771],[92.96716,24.39825],[92.96717,24.39834],[92.96663,24.39748],[92.96693,24.39771]],[[92.96773,24.39923],[92.96818,24.39966],[92.96818,24.39995],[92.96773,24.39923]],[[92.96968,24.40231],[92.97058,24.40284],[92.97073,24.40358],[92.97077,24.40404],[92.96968,24.40231]],[[92.97129,24.40486],[92.97214,24.40528],[92.97358,24.40573],[92.97252,24.4068],[92.97129,24.40486]],[[92.97503,24.40777],[92.9754,24.40729],[92.97588,24.40727],[92.97613,24.40751],[92.97503,24.40777]],[[92.97909,24.4068],[92.97882,24.40686],[92.97961,24.40664],[92.97909,24.4068]],[[92.98394,24.40515],[92.98459,24.40486],[92.99095,24.39926],[92.99912,24.40081],[92.98394,24.40515]],[[92.26557,23.72628],[92.26586,23.72793],[92.26633,23.73225],[92.26606,23.73382],[92.26557,23.72628]],[[92.26607,23.73411],[92.2661,23.73421],[92.26622,23.73464],[92.26611,23.73482],[92.26607,23.73411]],[[92.26612,23.735],[92.26618,23.73508],[92.26671,23.73694],[92.26636,23.73872],[92.26612,23.735]],[[92.26673,23.74464],[92.26673,23.74451],[92.26674,23.74452],[92.26673,23.74464]],[[92.26674,23.74476],[92.26677,23.74486],[92.2674,23.74561],[92.26707,23.74995],[92.26674,23.74476]],[[92.26717,23.75169],[92.26723,23.75174],[92.26748,23.75314],[92.26691,23.75435],[92.26717,23.75169]],[[92.26514,23.77235],[92.26623,23.76163],[92.26659,23.77755],[92.26344,23.78089],[92.26514,23.77235]],[[92.26324,23.78189],[92.26329,23.78195],[92.26363,23.78402],[92.26256,23.78534],[92.26324,23.78189]],[[92.26253,23.78578],[92.26248,23.786],[92.26239,23.78619],[92.26255,23.78537],[92.26253,23.78578]],[[92.26231,23.78659],[92.26316,23.78794],[92.26244,23.79689],[92.25933,23.80154],[92.26231,23.78659]],[[92.2571,23.81277],[92.25812,23.8081],[92.25892,23.8099],[92.25897,23.81313],[92.2571,23.81277]],[[92.26918,23.84691],[92.27453,23.81598],[92.28767,23.81842],[92.28947,23.86797],[92.26918,23.84691]],[[92.31501,23.93031],[92.31408,23.86217],[92.32514,23.86928],[92.33217,23.90966],[92.31501,23.93031]],[[92.32615,23.99744],[92.31332,23.93175],[92.33101,23.9904],[92.32011,24.02291],[92.32615,23.99744]],[[92.31887,24.0241],[92.32044,24.02462],[92.32136,24.02815],[92.31764,24.02851],[92.31887,24.0241]],[[92.31626,24.04524],[92.31216,24.03907],[92.31727,24.02923],[92.3186,24.02996],[92.31497,24.03419],[92.31867,24.03985],[92.31626,24.04524]],[[92.3163,24.05023],[92.31706,24.05143],[92.32312,24.0589],[92.31646,24.06631],[92.3163,24.05023]],[[92.31758,24.06858],[92.31779,24.06865],[92.31812,24.06893],[92.31811,24.06917],[92.31758,24.06858]],[[92.3197,24.07092],[92.32128,24.07014],[92.32427,24.06985],[92.32168,24.07438],[92.3197,24.07092]],[[92.32366,24.07575],[92.32624,24.07558],[92.32749,24.07734],[92.32585,24.0783],[92.3219,24.07534],[92.32366,24.07575]],[[92.33164,24.1523],[92.32418,24.0806],[92.33601,24.14444],[92.32843,24.1874],[92.33164,24.1523]],[[92.31993,24.19731],[92.32497,24.1875],[92.32973,24.1898],[92.32109,24.20155],[92.31993,24.19731]],[[92.31948,24.20631],[92.32032,24.20698],[92.32399,24.20629],[92.31442,24.21432],[92.31948,24.20631]],[[92.30818,24.22323],[92.31124,24.22061],[92.31392,24.22362],[92.313,24.2245],[92.30818,24.22323]],[[92.29839,24.23098],[92.29832,24.23211],[92.29843,24.23405],[92.29623,24.23441],[92.29839,24.23098]],[[92.29495,24.23788],[92.2953,24.23887],[92.29436,24.24347],[92.29206,24.24569],[92.29495,24.23788]],[[92.75751,24.5129],[92.75774,24.51289],[92.76129,24.5175],[92.7588,24.52176],[92.75751,24.5129]],[[92.80161,24.42755],[92.801,24.42671],[92.80077,24.42576],[92.80168,24.42545],[92.80161,24.42755]],[[92.80168,24.4227],[92.80176,24.42209],[92.80186,24.42182],[92.8018,24.42302],[92.80168,24.4227]],[[92.80107,24.41919],[92.80084,24.42097],[92.79957,24.42078],[92.79954,24.41946],[92.80107,24.41919]],[[92.80891,24.41579],[92.80762,24.41538],[92.80854,24.41504],[92.80901,24.41307],[92.80891,24.41579]],[[92.80987,24.41253],[92.81009,24.41219],[92.81074,24.41215],[92.8103,24.41302],[92.80987,24.41253]],[[92.81222,24.41113],[92.8116,24.41069],[92.81252,24.40979],[92.81357,24.40973],[92.81222,24.41113]],[[92.81915,24.40922],[92.81778,24.40847],[92.81982,24.40423],[92.82732,24.40246],[92.81915,24.40922]],[[92.82995,24.40029],[92.82853,24.40098],[92.82953,24.40048],[92.82943,24.39935],[92.82995,24.40029]],[[92.82905,24.39877],[92.82903,24.39863],[92.82903,24.39862],[92.82921,24.39896],[92.82905,24.39877]],[[92.82684,24.39504],[92.82672,24.39461],[92.82672,24.39443],[92.82732,24.39552],[92.82684,24.39504]],[[92.82364,24.38856],[92.82498,24.39295],[92.8228,24.38691],[92.82484,24.3851],[92.82364,24.38856]],[[92.82518,24.38322],[92.82546,24.38276],[92.82566,24.38258],[92.82524,24.38396],[92.82518,24.38322]],[[92.82598,24.37905],[92.82536,24.37806],[92.82555,24.37763],[92.82651,24.37942],[92.82636,24.37999],[92.82598,24.37905]],[[92.84189,24.3774],[92.84159,24.37731],[92.84178,24.37733],[92.84189,24.3774]],[[92.84238,24.37777],[92.84313,24.3784],[92.84504,24.37884],[92.84531,24.38243],[92.84238,24.37777]],[[92.85013,24.38887],[92.85044,24.38886],[92.8512,24.38926],[92.85238,24.39074],[92.85013,24.38887]],[[92.85511,24.39301],[92.85539,24.39308],[92.85744,24.39448],[92.85776,24.39523],[92.85511,24.39301]],[[92.86226,24.39835],[92.8625,24.39812],[92.86614,24.39553],[92.86877,24.39542],[92.86226,24.39835]],[[92.86972,24.39521],[92.87099,24.39489],[92.8733,24.39541],[92.88065,24.40059],[92.86972,24.39521]],[[92.88258,24.40193],[92.8827,24.40194],[92.8829,24.40204],[92.88305,24.40218],[92.88258,24.40193]],[[92.88899,24.39986],[92.88723,24.40031],[92.88744,24.39913],[92.88821,24.39869],[92.88899,24.39986]],[[92.89011,24.39936],[92.89004,24.39929],[92.89097,24.39861],[92.89114,24.3989],[92.89011,24.39936]],[[92.58122,24.87412],[92.57981,24.87368],[92.58629,24.86127],[92.58122,24.87412]],[[92.75951,24.52667],[92.76663,24.54075],[92.76004,24.53031],[92.75951,24.52667]],[[92.58407,24.25013],[92.58484,24.24984],[92.58669,24.24971],[92.58716,24.24965],[92.58407,24.25013]],[[92.58718,24.24965],[92.5872,24.24963],[92.58724,24.24963],[92.58718,24.24965]],[[92.58803,24.24948],[92.58816,24.24942],[92.59088,24.24864],[92.59167,24.2495],[92.58803,24.24948]],[[92.59302,24.24948],[92.59383,24.25001],[92.59358,24.24993],[92.59279,24.24974],[92.59302,24.24948]],[[92.59503,24.25038],[92.59458,24.25021],[92.59523,24.25023],[92.59541,24.2503],[92.59503,24.25038]],[[92.59663,24.25007],[92.59622,24.25015],[92.5964,24.25007],[92.59663,24.25007]],[[92.60372,24.24838],[92.60422,24.24844],[92.60442,24.24855],[92.6028,24.24886],[92.60372,24.24838]],[[92.60603,24.24843],[92.60656,24.2482],[92.60781,24.24847],[92.60499,24.24848],[92.60603,24.24843]],[[92.6078,24.25023],[92.60868,24.25029],[92.6145,24.25615],[92.61307,24.25876],[92.6078,24.25023]],[[92.61373,24.25983],[92.61378,24.25988],[92.61382,24.25998],[92.61373,24.25983]],[[92.61432,24.26112],[92.61438,24.26114],[92.61467,24.26133],[92.61452,24.26188],[92.61432,24.26112]],[[92.61534,24.26483],[92.61534,24.26489],[92.61532,24.26476],[92.61534,24.26483]],[[92.61645,24.27285],[92.61618,24.27139],[92.61662,24.27205],[92.61645,24.27285]],[[92.61679,24.27466],[92.61654,24.2733],[92.6169,24.27411],[92.61679,24.27466]],[[92.61781,24.2774],[92.61748,24.27685],[92.61798,24.27742],[92.61785,24.27788],[92.61781,24.2774]],[[92.61914,24.28129],[92.61907,24.28155],[92.61876,24.28337],[92.61797,24.28003],[92.61914,24.28129]],[[92.61892,24.28482],[92.61917,24.28499],[92.61919,24.28522],[92.61882,24.28603],[92.61892,24.28482]],[[92.61877,24.28666],[92.61953,24.28708],[92.6198,24.28806],[92.61863,24.28832],[92.61877,24.28666]],[[92.61789,24.29717],[92.618,24.29722],[92.6185,24.29864],[92.61842,24.30132],[92.61789,24.29717]],[[92.61848,24.30256],[92.61861,24.30265],[92.61865,24.30295],[92.61853,24.30324],[92.61848,24.30256]],[[92.61908,24.30791],[92.61925,24.30789],[92.61948,24.30821],[92.61914,24.30881],[92.61908,24.30791]],[[92.6193,24.31053],[92.6194,24.31069],[92.61943,24.31081],[92.61943,24.31095],[92.6193,24.31053]],[[92.62093,24.31551],[92.62098,24.31559],[92.62105,24.31574],[92.62107,24.31594],[92.62093,24.31551]],[[92.62172,24.31793],[92.62121,24.31616],[92.62252,24.3167],[92.62204,24.31839],[92.62172,24.31793]],[[92.62242,24.31891],[92.62338,24.31961],[92.62429,24.32183],[92.62347,24.32353],[92.62242,24.31891]],[[92.62361,24.32643],[92.62326,24.32639],[92.62313,24.32593],[92.62388,24.32628],[92.62361,24.32643]],[[92.62421,24.32749],[92.62302,24.32731],[92.62286,24.32804],[92.62238,24.32818],[92.62291,24.327],[92.62421,24.32749]],[[92.62297,24.32899],[92.62325,24.32897],[92.62354,24.32907],[92.62356,24.32922],[92.62297,24.32899]],[[92.63569,24.33428],[92.63544,24.33281],[92.6368,24.33113],[92.63892,24.33354],[92.63569,24.33428]],[[92.6397,24.33154],[92.63821,24.32916],[92.63848,24.32853],[92.64009,24.33146],[92.64029,24.33266],[92.6397,24.33154]],[[92.6412,24.32755],[92.6419,24.32797],[92.64191,24.32798],[92.64096,24.32799],[92.6412,24.32755]],[[92.64574,24.32782],[92.6462,24.3283],[92.64618,24.32891],[92.64597,24.32915],[92.64425,24.32799],[92.64574,24.32782]],[[92.64678,24.33091],[92.64728,24.32966],[92.64816,24.32884],[92.64989,24.32903],[92.64678,24.33091]],[[92.65181,24.33095],[92.65178,24.33176],[92.65133,24.33106],[92.65151,24.33084],[92.65181,24.33095]],[[92.65794,24.34182],[92.6591,24.34235],[92.65872,24.34361],[92.6579,24.34369],[92.65794,24.34182]],[[92.66464,24.3472],[92.66311,24.34829],[92.66332,24.34639],[92.66399,24.34601],[92.66464,24.3472]],[[92.66574,24.34709],[92.66575,24.34701],[92.66591,24.34639],[92.66654,24.34657],[92.66574,24.34709]],[[92.66861,24.34675],[92.66816,24.34663],[92.66829,24.34625],[92.66856,24.34627],[92.66861,24.34675]],[[92.67061,24.34725],[92.67081,24.34721],[92.67127,24.34727],[92.67141,24.34745],[92.67061,24.34725]],[[92.68587,24.35178],[92.68598,24.35179],[92.68657,24.35196],[92.68697,24.35242],[92.68587,24.35178]],[[92.68764,24.35286],[92.68774,24.35285],[92.689,24.35333],[92.68904,24.35371],[92.68764,24.35286]],[[92.68933,24.35389],[92.68946,24.35389],[92.68979,24.35386],[92.68991,24.35417],[92.68933,24.35389]],[[92.68957,24.35641],[92.69066,24.35572],[92.69122,24.35786],[92.69034,24.35921],[92.68957,24.35641]],[[92.69052,24.3599],[92.69061,24.35996],[92.69059,24.36013],[92.69052,24.3599]],[[92.69075,24.36071],[92.6915,24.36163],[92.69463,24.36351],[92.69259,24.36717],[92.69075,24.36071]],[[92.69488,24.36846],[92.69507,24.36875],[92.69408,24.36999],[92.69315,24.36887],[92.69488,24.36846]],[[92.69467,24.37056],[92.6948,24.37068],[92.69478,24.37084],[92.6945,24.3705],[92.69467,24.37056]],[[92.70347,24.37551],[92.70085,24.37457],[92.7017,24.37381],[92.70361,24.37519],[92.70347,24.37551]],[[92.7042,24.38145],[92.70427,24.38155],[92.70429,24.38173],[92.70418,24.38185],[92.7042,24.38145]],[[92.7042,24.38468],[92.70549,24.38465],[92.70534,24.38546],[92.70797,24.38816],[92.7042,24.38468]],[[92.71018,24.39667],[92.70966,24.39682],[92.70925,24.3969],[92.70945,24.3957],[92.71018,24.39667]],[[92.7118,24.40135],[92.71211,24.40155],[92.71236,24.40187],[92.71212,24.40215],[92.7118,24.40135]],[[92.71321,24.40352],[92.71313,24.40432],[92.71307,24.40452],[92.71252,24.40315],[92.71321,24.40352]],[[92.71482,24.4097],[92.71497,24.41009],[92.71448,24.41062],[92.71312,24.41076],[92.71482,24.4097]],[[92.71619,24.41488],[92.717,24.41605],[92.71693,24.4172],[92.71538,24.41519],[92.71619,24.41488]],[[92.71799,24.41954],[92.718,24.41903],[92.71821,24.41945],[92.71804,24.41963],[92.71799,24.41954]],[[92.71942,24.42205],[92.71964,24.42203],[92.7198,24.42227],[92.71968,24.42263],[92.71942,24.42205]],[[92.72019,24.42412],[92.72035,24.42411],[92.72172,24.42601],[92.72118,24.42699],[92.72019,24.42412]],[[92.7214,24.42762],[92.72154,24.4277],[92.72297,24.42884],[92.72231,24.43029],[92.7214,24.42762]],[[92.72489,24.4378],[92.72505,24.4378],[92.72638,24.43881],[92.72705,24.44406],[92.72489,24.4378]],[[92.73002,24.44959],[92.73024,24.44965],[92.7334,24.45454],[92.73481,24.4585],[92.73002,24.44959]],[[92.7351,24.45905],[92.73528,24.45908],[92.73562,24.45947],[92.73561,24.45999],[92.7351,24.45905]],[[92.74319,24.4773],[92.74333,24.47733],[92.74375,24.47788],[92.74361,24.47841],[92.74319,24.4773]],[[92.74384,24.47905],[92.744,24.4791],[92.74443,24.47955],[92.74433,24.48036],[92.74384,24.47905]],[[92.74446,24.4807],[92.74458,24.4808],[92.7447,24.48091],[92.74465,24.48122],[92.74446,24.4807]],[[92.74508,24.48192],[92.7453,24.48215],[92.74514,24.48252],[92.74488,24.48182],[92.74508,24.48192]],[[92.74545,24.48335],[92.74565,24.4834],[92.74603,24.48426],[92.74597,24.48476],[92.74545,24.48335]],[[92.7464,24.48591],[92.74641,24.48592],[92.74641,24.48594],[92.7464,24.48591]],[[92.74644,24.48602],[92.74645,24.48604],[92.74645,24.48605],[92.74644,24.48602]],[[92.74647,24.48607],[92.74647,24.4861],[92.74646,24.48605],[92.74647,24.48607]],[[92.74648,24.48613],[92.74649,24.48613],[92.74649,24.48615],[92.74649,24.48616],[92.74648,24.48613]],[[92.7465,24.48617],[92.74663,24.48633],[92.75045,24.49252],[92.74971,24.49476],[92.7465,24.48617]],[[92.75001,24.49558],[92.75041,24.49629],[92.75425,24.50197],[92.75183,24.5037],[92.75001,24.49558]],[[92.75356,24.50687],[92.75372,24.50694],[92.75386,24.50721],[92.75389,24.50743],[92.75356,24.50687]],[[92.75598,24.51114],[92.75482,24.50848],[92.75573,24.50844],[92.75813,24.51163],[92.75598,24.51114]],[[92.53691,24.20009],[92.53188,24.18713],[92.53184,24.18685],[92.53387,24.19087],[92.53812,24.1987],[92.53692,24.20116],[92.53691,24.20009]],[[92.53801,24.20196],[92.53844,24.20193],[92.53871,24.20248],[92.53801,24.20196]],[[92.53983,24.20295],[92.54016,24.20347],[92.54049,24.20378],[92.53911,24.20277],[92.53983,24.20295]],[[92.54056,24.20471],[92.54172,24.20546],[92.5425,24.20837],[92.54111,24.2102],[92.54056,24.20471]],[[92.54152,24.21093],[92.54264,24.21107],[92.54366,24.21189],[92.54249,24.21263],[92.54152,24.21093]],[[92.54524,24.21696],[92.54601,24.2175],[92.54592,24.21867],[92.54484,24.21677],[92.54524,24.21696]],[[92.54619,24.21915],[92.54719,24.21982],[92.54784,24.22387],[92.54692,24.22712],[92.54619,24.21915]],[[92.5469,24.22745],[92.5471,24.22765],[92.54712,24.22781],[92.54686,24.22809],[92.5469,24.22745]],[[92.54684,24.22953],[92.54679,24.22932],[92.54682,24.22882],[92.54701,24.22955],[92.54684,24.22975],[92.54684,24.22953]],[[92.54834,24.23152],[92.5469,24.23285],[92.54726,24.23692],[92.54687,24.23406],[92.54684,24.23063],[92.54834,24.23152]],[[92.5568,24.24734],[92.55205,24.24727],[92.55553,24.24669],[92.55609,24.24675],[92.5568,24.24734]],[[92.55757,24.2478],[92.5577,24.24782],[92.56003,24.24864],[92.56043,24.24952],[92.55757,24.2478]],[[92.53807,25.09861],[92.53915,25.09937],[92.51839,25.10617],[92.53807,25.09861]],[[92.64542,26.98786],[92.66745,27.02712],[92.58912,26.96156],[92.64542,26.98786]],[[92.9735,26.61827],[92.97673,26.61812],[92.97404,26.61826],[92.9735,26.61827]],[[93.30392,26.70041],[93.30778,26.69563],[93.32865,26.70815],[93.30392,26.70041]],[[93.29765,26.57663],[93.30106,26.57548],[93.30073,26.57829],[93.29765,26.57663]],[[93.14673,25.72744],[93.13419,25.70567],[93.14265,25.71857],[93.14673,25.72744]],[[93.06664,25.77234],[93.07541,25.78283],[93.05651,25.776],[93.06664,25.77234]],[[92.66131,25.57246],[92.66143,25.57236],[92.66327,25.5726],[92.66131,25.57246]],[[90.1139,25.95495],[90.11841,25.95756],[90.11788,25.95744],[90.1139,25.95495]],[[91.55619,26.52551],[91.57327,26.52632],[91.57729,26.52883],[91.55619,26.52551]],[[91.77908,26.47964],[91.78782,26.47536],[91.77983,26.48178],[91.75221,26.48162],[91.77908,26.47964]],[[91.72305,26.03496],[91.7249,26.01835],[91.72372,26.03679],[91.72305,26.03496]],[[92.17067,26.07722],[92.17854,26.06856],[92.17614,26.07795],[92.17067,26.07722]],[[92.27214,26.06525],[92.27266,26.06445],[92.2746,26.06621],[92.27214,26.06525]],[[92.75337,26.05661],[92.75329,26.03875],[92.75358,26.05651],[92.75337,26.05661]],[[90.42382,25.989],[90.43022,25.98895],[90.4229,25.98932],[90.42382,25.989]],[[91.00559,25.82237],[91.00412,25.82935],[91.00226,25.82384],[91.00559,25.82237]],[[91.01003,25.82042],[91.02371,25.8254],[91.0085,25.82109],[91.01003,25.82042]],[[91.34317,25.83732],[91.34443,25.8372],[91.34139,25.83777],[91.34317,25.83732]],[[92.15819,25.67075],[92.16384,25.66701],[92.15634,25.67206],[92.15819,25.67075]],[[91.03038,25.88593],[91.02522,25.88878],[91.02912,25.87585],[91.03038,25.88593]],[[90.85155,26.52733],[90.85231,26.53003],[90.84319,26.53212],[90.85155,26.52733]],[[90.89319,26.62532],[90.89444,26.62694],[90.88806,26.62265],[90.89319,26.62532]],[[91.24833,26.51749],[91.24951,26.52329],[91.247,26.52414],[91.24833,26.51749]],[[92.97304,24.11242],[92.97354,24.1123],[92.97942,24.1125],[92.9841,24.11345],[92.97304,24.11242]],[[93.01253,24.10176],[93.01253,24.10171],[93.01271,24.10165],[93.01253,24.10176]],[[93.02305,24.10105],[93.02201,24.1002],[93.02261,24.10003],[93.02393,24.10033],[93.02305,24.10105]],[[93.06202,24.0923],[93.06255,24.09249],[93.06414,24.09308],[93.06475,24.09396],[93.06202,24.0923]],[[93.07516,24.10015],[93.0752,24.1002],[93.07516,24.10027],[93.07479,24.10004],[93.07516,24.10015]],[[93.10788,24.05242],[93.10149,24.05255],[93.09986,24.04243],[93.11653,24.05691],[93.10788,24.05242]],[[93.11757,24.05745],[93.11823,24.05743],[93.11935,24.05745],[93.11931,24.05833],[93.11757,24.05745]],[[93.1209,24.05918],[93.12035,24.05842],[93.12104,24.05836],[93.12135,24.05863],[93.1209,24.05918]],[[93.12408,24.06075],[93.12433,24.06094],[93.12441,24.061],[93.12385,24.06071],[93.12408,24.06075]],[[93.12492,24.06119],[93.12502,24.06132],[93.12502,24.06148],[93.1245,24.06105],[93.12492,24.06119]],[[93.13065,24.07639],[93.12581,24.06235],[93.13232,24.07193],[93.13294,24.07797],[93.13065,24.07639]],[[93.13562,24.07982],[93.13576,24.07988],[93.13591,24.08002],[93.13562,24.07982]],[[93.15977,24.07552],[93.16006,24.07498],[93.16081,24.07402],[93.16258,24.07385],[93.15977,24.07552]],[[93.16362,24.05675],[93.16357,24.05616],[93.1648,24.05348],[93.16597,24.05337],[93.16362,24.05675]],[[93.1668,24.05201],[93.16684,24.05182],[93.16705,24.05182],[93.16687,24.05208],[93.1668,24.05201]],[[93.18877,24.05328],[93.18926,24.05303],[93.1896,24.0529],[93.19004,24.05282],[93.18877,24.05328]],[[93.2207,24.07095],[93.21433,24.05235],[93.22076,24.06333],[93.22123,24.07553],[93.2207,24.07095]],[[93.23054,24.08302],[93.23104,24.08284],[93.23216,24.08246],[93.23442,24.0828],[93.23054,24.08302]],[[93.24114,24.0824],[93.24122,24.0824],[93.24111,24.08241],[93.24114,24.0824]],[[93.25524,24.02667],[93.25508,24.02625],[93.25281,24.02157],[93.26479,24.02948],[93.25524,24.02667]],[[93.28353,24.0484],[93.27941,24.04286],[93.28191,24.04301],[93.28689,24.04875],[93.28353,24.0484]],[[93.29204,24.04928],[93.29256,24.04907],[93.29431,24.04912],[93.29561,24.04965],[93.29204,24.04928]],[[93.64874,26.78376],[93.64917,26.75765],[93.64893,26.77459],[93.64874,26.78376]],[[94.16044,26.35273],[94.16133,26.34776],[94.16593,26.3477],[94.16044,26.35273]],[[94.3169,26.46082],[94.31317,26.46031],[94.31558,26.45823],[94.3169,26.46082]],[[94.59096,26.72152],[94.59736,26.73465],[94.59238,26.72503],[94.58462,26.7246],[94.59096,26.72152]],[[94.73858,26.76905],[94.7301,26.76026],[94.73693,26.76386],[94.73858,26.76905]],[[94.74835,26.7727],[94.74668,26.77232],[94.75833,26.76601],[94.74835,26.7727]],[[94.7889,26.79625],[94.78257,26.79334],[94.78899,26.79599],[94.7889,26.79625]],[[93.33031,25.54236],[93.32702,25.54649],[93.32269,25.53571],[93.33031,25.54236]],[[93.5425,25.73013],[93.54244,25.70522],[93.54772,25.71233],[93.5425,25.73013]],[[93.77672,25.96865],[93.77657,25.96878],[93.76359,25.959],[93.77672,25.96865]],[[93.97801,25.92662],[93.96993,25.9373],[93.9782,25.92392],[93.97801,25.92662]],[[94.21095,27.60185],[94.22238,27.61101],[94.21044,27.60842],[94.21095,27.60185]],[[95.13639,27.81564],[95.30876,27.86801],[95.1364,27.81565],[95.13639,27.81564]],[[95.51444,27.87665],[95.5184,27.88115],[95.51534,27.87972],[95.49125,27.87315],[95.51444,27.87665]],[[95.97011,27.96229],[95.96535,27.95209],[95.97182,27.96218],[95.97011,27.96229]],[[95.77755,27.74464],[95.77858,27.73503],[95.78055,27.73692],[95.77755,27.74464]],[[93.02148,26.91355],[92.98425,26.93476],[92.98401,26.93487],[93.02148,26.91355]],[[93.44877,26.95078],[93.38958,26.9582],[93.38049,26.95922],[93.44877,26.95078]],[[94.57239,27.18478],[94.5609,27.18363],[94.57003,27.17605],[94.57239,27.18478]],[[94.59303,27.14571],[94.59431,27.14679],[94.58581,27.15588],[94.59303,27.14571]],[[94.8368,27.09201],[94.83699,27.09221],[94.83534,27.09167],[94.8368,27.09201]],[[95.36598,27.10662],[95.37313,27.09626],[95.3684,27.10721],[95.36598,27.10662]],[[95.37528,27.09314],[95.38383,27.10481],[95.37515,27.09331],[95.37528,27.09314]],[[95.49656,27.246],[95.4843,27.24127],[95.4843,27.24126],[95.49656,27.246]],[[95.63391,27.23031],[95.63673,27.23145],[95.62583,27.23154],[95.63391,27.23031]],[[94.39996,26.9606],[94.3966,26.95284],[94.39806,26.94965],[94.39996,26.9606]],[[94.92393,26.9465],[94.91607,26.94017],[94.92465,26.94299],[94.92393,26.9465]],[[95.19274,27.0355],[95.18932,27.03168],[95.19252,27.03521],[95.19274,27.0355]]],[[[68.52924,23.68865],[68.54684,23.67443],[68.52409,23.66162],[68.52924,23.68865]]],[[[92.43075,10.54961],[92.38452,10.53329],[92.41916,10.61503],[92.38136,10.67028],[92.37307,10.78274],[92.40874,10.78727],[92.49653,10.89705],[92.56131,10.86466],[92.59938,10.70577],[92.57682,10.67251],[92.53058,10.51642],[92.43075,10.54961]]],[[[92.21924,10.98577],[92.22467,10.9781],[92.21655,10.97242],[92.20819,10.97983],[92.21924,10.98577]]],[[[92.70516,11.26612],[92.69427,11.25992],[92.69202,11.28039],[92.70471,11.29024],[92.70516,11.26612]]],[[[92.67352,11.48959],[92.68438,11.43219],[92.65016,11.4094],[92.68856,11.36964],[92.59765,11.34502],[92.5796,11.36744],[92.58671,11.40132],[92.62179,11.40445],[92.63621,11.51591],[92.67352,11.48959]]],[[[92.56781,11.52854],[92.5609,11.51618],[92.55116,11.53313],[92.55874,11.54106],[92.56781,11.52854]]],[[[92.6193,11.55665],[92.61638,11.536],[92.60631,11.53787],[92.60121,11.55311],[92.6193,11.55665]]],[[[92.58281,11.54904],[92.58879,11.56192],[92.59304,11.57456],[92.59502,11.53584],[92.58281,11.54904]]],[[[92.26931,11.58521],[92.26865,11.52242],[92.21096,11.53026],[92.22011,11.59452],[92.26931,11.58521]]],[[[92.61702,11.58233],[92.61434,11.56424],[92.60371,11.57115],[92.60092,11.58567],[92.61702,11.58233]]],[[[92.55411,11.55797],[92.52871,11.57259],[92.52797,11.5963],[92.5617,11.59634],[92.55411,11.55797]]],[[[92.58666,11.71666],[92.55338,11.7076],[92.54674,11.82944],[92.50611,11.82341],[92.56295,11.95003],[92.5813,11.90624],[92.60922,11.88636],[92.62386,12.10746],[92.69627,12.23893],[92.70391,12.16591],[92.75662,12.1762],[92.72645,12.05912],[92.73022,12.03741],[92.73857,12.02426],[92.77044,11.9977],[92.72738,11.9957],[92.72488,11.90041],[92.76373,11.94065],[92.7871,11.92591],[92.75582,11.70341],[92.70568,11.70006],[92.70629,11.6688],[92.66506,11.65483],[92.694,11.62898],[92.72094,11.68326],[92.75599,11.66505],[92.75351,11.61358],[92.71132,11.48454],[92.64546,11.52218],[92.64482,11.57277],[92.60211,11.60496],[92.6444,11.63621],[92.59823,11.64846],[92.58666,11.71666]],[[92.7352,11.57086],[92.72838,11.59663],[92.71458,11.58286],[92.72329,11.56703],[92.7352,11.57086]]],[[[92.59475,11.94334],[92.58684,11.97735],[92.60308,11.9758],[92.59426,11.92609],[92.59475,11.94334]]],[[[92.7016,12.29153],[92.72305,12.29115],[92.71092,12.24101],[92.70281,12.24326],[92.7016,12.29153]]],[[[92.66198,12.53325],[92.68806,12.55016],[92.68405,12.51724],[92.67714,12.50606],[92.66198,12.53325]]],[[[92.71873,12.98233],[92.71871,12.87484],[92.66912,12.78597],[92.64732,12.8614],[92.69482,12.99135],[92.71873,12.98233]]],[[[92.70811,13.08746],[92.71939,13.09869],[92.69931,13.07045],[92.70811,13.08746]]],[[[88.89745,21.57525],[88.90599,21.54756],[88.83108,21.55126],[88.83401,21.60804],[88.89745,21.57525]]],[[[88.69251,21.72016],[88.70778,21.68137],[88.74978,21.64962],[88.76898,21.65595],[88.79481,21.58212],[88.71544,21.57246],[88.70636,21.66083],[88.69251,21.72016]]],[[[88.51323,21.73566],[88.51617,21.78736],[88.55541,21.80778],[88.60874,21.61994],[88.5374,21.64505],[88.51323,21.73566]]],[[[88.62756,21.72931],[88.61092,21.70477],[88.59796,21.71292],[88.62028,21.72804],[88.61934,21.74337],[88.59259,21.78316],[88.62975,21.75147],[88.62756,21.72931]]],[[[88.5805,21.72613],[88.58223,21.77641],[88.61888,21.73919],[88.61355,21.72834],[88.5805,21.72613]]],[[[88.85969,21.91271],[88.88838,21.91645],[88.91182,21.93088],[89.03134,21.86396],[89.01946,21.76615],[89.09356,21.66368],[89.06813,21.61738],[89.02681,21.63854],[89.03554,21.61541],[88.99798,21.60323],[88.95415,21.62722],[88.94901,21.70201],[88.92276,21.76124],[88.92297,21.63231],[88.88413,21.66117],[88.87722,21.76661],[88.84001,21.78189],[88.85451,21.87968],[88.8282,21.92627],[88.85969,21.91271]]],[[[88.64859,21.91786],[88.67007,21.91242],[88.64371,21.78787],[88.58631,21.80152],[88.58021,21.83473],[88.64859,21.91786]]],[[[88.55877,21.8295],[88.55853,21.85212],[88.55495,21.87723],[88.57442,21.87966],[88.55877,21.8295]]],[[[88.53161,21.84882],[88.54263,21.8538],[88.55052,21.88001],[88.54342,21.90395],[88.57537,21.8887],[88.55489,21.87943],[88.55026,21.83151],[88.53161,21.84882]]],[[[88.55213,21.9198],[88.54438,21.97086],[88.60929,21.92679],[88.58729,21.89395],[88.55213,21.9198]]],[[[88.94364,22.00087],[88.96484,21.99554],[89.00997,21.9774],[88.98875,21.95532],[89.01931,21.92108],[88.99483,21.90616],[88.92882,21.94511],[88.94364,22.00087]]],[[[88.57649,21.96064],[88.59482,21.98868],[88.60318,21.99118],[88.61503,21.93751],[88.57649,21.96064]]],[[[92.82987,9.17196],[92.80073,9.12121],[92.72732,9.1249],[92.71444,9.1544],[92.72172,9.2206],[92.7616,9.21655],[92.77546,9.24577],[92.82987,9.17196]]],[[[92.72231,11.31666],[92.71085,11.31321],[92.7223,11.33303],[92.72231,11.31666]]],[[[92.7652,11.95186],[92.74418,11.94494],[92.73824,11.96169],[92.76606,11.96774],[92.7652,11.95186]]],[[[92.74111,11.99598],[92.75795,11.98269],[92.7492,11.97684],[92.73206,11.97912],[92.74111,11.99598]]],[[[92.76114,12.01923],[92.73022,12.03919],[92.72761,12.05876],[92.78204,12.04395],[92.76114,12.01923]]],[[[92.74151,12.06908],[92.75,12.07036],[92.75673,12.06421],[92.74724,12.0553],[92.74151,12.06908]]],[[[92.85316,12.20433],[92.81457,12.10534],[92.77107,12.0676],[92.73923,12.07969],[92.76443,12.17647],[92.76873,12.20168],[92.76362,12.21253],[92.77011,12.23195],[92.7419,12.24417],[92.78169,12.28661],[92.76858,12.30888],[92.8716,12.29678],[92.89129,12.26667],[92.85834,12.24738],[92.88266,12.20205],[92.85316,12.20433]]],[[[92.76196,12.22897],[92.76329,12.18195],[92.72082,12.19733],[92.72992,12.23153],[92.76196,12.22897]]],[[[92.9407,12.21596],[92.93513,12.20969],[92.92455,12.20624],[92.93434,12.22591],[92.9407,12.21596]]],[[[92.86969,12.24484],[92.89175,12.25225],[92.91377,12.23114],[92.87464,12.21813],[92.86969,12.24484]]],[[[92.90305,12.29314],[92.93704,12.2977],[92.94303,12.27897],[92.91875,12.2337],[92.90305,12.29314]]],[[[92.74172,12.25547],[92.73388,12.25482],[92.73864,12.28164],[92.74862,12.28788],[92.74172,12.25547]]],[[[92.75227,12.27764],[92.76024,12.29331],[92.76642,12.27237],[92.75227,12.27764]]],[[[92.87952,12.31789],[92.86059,12.31907],[92.85798,12.33443],[92.87024,12.32953],[92.88523,12.33195],[92.87952,12.31789]]],[[[92.91264,12.3395],[92.90897,12.35117],[92.919,12.35079],[92.91264,12.3395]]],[[[92.86018,12.38116],[92.84269,12.40123],[92.85435,12.40935],[92.89444,12.39983],[92.86018,12.38116]]],[[[92.95618,12.43462],[92.94543,12.40531],[92.93234,12.35959],[92.91643,12.36287],[92.95618,12.43462]]],[[[92.89749,12.92681],[92.95449,12.80643],[92.93372,12.77338],[92.97674,12.71912],[92.96872,12.49696],[92.92995,12.47469],[92.94797,12.45422],[92.91461,12.4062],[92.82786,12.42365],[92.85735,12.36381],[92.88516,12.34365],[92.85791,12.33483],[92.83145,12.30268],[92.77025,12.31647],[92.71948,12.30034],[92.69868,12.40855],[92.70045,12.60022],[92.74486,12.66794],[92.78276,12.6474],[92.78302,12.69241],[92.73508,12.67259],[92.72207,12.82523],[92.75253,12.84805],[92.78056,12.82385],[92.78563,12.83306],[92.78193,12.86042],[92.79204,12.86463],[92.79079,12.88994],[92.84449,12.87546],[92.87471,12.88349],[92.89749,12.92681]]],[[[92.71122,12.77881],[92.72177,12.76015],[92.71192,12.72047],[92.70751,12.83005],[92.71122,12.77881]]],[[[92.77995,12.85756],[92.78079,12.84007],[92.78044,12.82548],[92.76785,12.85277],[92.77995,12.85756]]],[[[92.72904,12.86204],[92.71761,12.83528],[92.70703,12.8372],[92.72627,12.86541],[92.72904,12.86204]]],[[[92.78194,12.89555],[92.77346,12.91003],[92.79313,12.91235],[92.79777,12.89478],[92.78194,12.89555]]],[[[92.8722,12.91539],[92.85825,12.93158],[92.87482,12.93489],[92.88708,12.92948],[92.8722,12.91539]]],[[[92.92028,13.03093],[92.93903,13.02588],[92.9441,12.99539],[92.91976,13.00002],[92.92028,13.03093]]],[[[93.02843,13.57761],[93.0319,13.43297],[93.0685,13.39663],[93.03437,13.37598],[93.03239,13.34455],[92.95537,13.3438],[93.00939,13.28148],[93.0658,13.27336],[93.02989,13.0672],[92.9707,13.01147],[92.91031,13.06237],[92.90606,13.015],[92.93859,12.96704],[92.91358,12.94766],[92.88215,12.9841],[92.85611,12.93565],[92.87282,12.88366],[92.80058,12.90152],[92.79746,12.97035],[92.82331,13.01332],[92.79165,13.01278],[92.7942,13.08972],[92.84291,13.13054],[92.80864,13.15228],[92.8513,13.26174],[92.81414,13.26815],[92.84206,13.40965],[92.8799,13.42885],[92.8689,13.46504],[92.92225,13.50937],[92.91711,13.53827],[92.98156,13.52706],[92.98209,13.56944],[93.02843,13.57761]]],[[[92.8184,13.4076],[92.81592,13.40194],[92.8055,13.40202],[92.81537,13.42041],[92.8184,13.4076]]],[[[92.84599,13.43112],[92.83882,13.42085],[92.81826,13.42659],[92.84164,13.45042],[92.84599,13.43112]]],[[[92.88228,13.59186],[92.89192,13.60274],[92.90393,13.59874],[92.88006,13.57753],[92.88228,13.59186]]],[[[93.87043,7.20237],[93.88277,7.12788],[93.94276,7.00933],[93.90953,6.99599],[93.94031,6.95096],[93.8949,6.90532],[93.89176,6.80291],[93.84698,6.81152],[93.81483,6.75495],[93.73688,6.96275],[93.66325,7.01319],[93.64331,7.1297],[93.68089,7.19463],[93.82846,7.24199],[93.87043,7.20237]]],[[[93.71037,7.21354],[93.70269,7.20806],[93.6964,7.22674],[93.70099,7.228],[93.71037,7.21354]]],[[[93.64525,7.24602],[93.6175,7.26477],[93.61994,7.37518],[93.69062,7.40127],[93.69947,7.44738],[93.74408,7.37672],[93.71405,7.31233],[93.64525,7.24602]]],[[[93.6752,7.39708],[93.67001,7.40519],[93.68041,7.4116],[93.68376,7.39995],[93.6752,7.39708]]],[[[93.52587,7.51463],[93.51993,7.52819],[93.53465,7.51903],[93.52587,7.51463]]],[[[93.45388,7.87221],[93.41588,7.90642],[93.36765,7.87781],[93.30061,7.96148],[93.32284,8.01064],[93.36945,8.02353],[93.45196,7.93901],[93.45388,7.87221]]],[[[93.56343,7.93236],[93.49789,7.98389],[93.55363,8.02634],[93.57184,7.94145],[93.56343,7.93236]]],[[[93.56687,8.1275],[93.58197,8.0391],[93.56256,8.06769],[93.55929,8.10922],[93.56687,8.1275]]],[[[93.51603,8.05368],[93.51417,8.08462],[93.47565,8.05324],[93.43781,8.169],[93.51331,8.23506],[93.53548,8.1986],[93.49417,8.14553],[93.53655,8.09109],[93.53977,8.04335],[93.48036,8.00286],[93.47663,8.04727],[93.51603,8.05368]]],[[[93.24001,8.24205],[93.23049,8.22451],[93.20969,8.2514],[93.22662,8.26571],[93.24001,8.24205]]],[[[93.17876,8.19431],[93.09362,8.24263],[93.0733,8.29546],[93.09666,8.35109],[93.13194,8.34829],[93.12868,8.26087],[93.19588,8.21396],[93.17876,8.19431]]],[[[93.04969,8.44362],[93.02655,8.44739],[93.02532,8.45959],[93.0357,8.47279],[93.04969,8.44362]]],[[[93.63233,8.46757],[93.61275,8.44959],[93.61006,8.43388],[93.60592,8.57372],[93.63233,8.46757]]],[[[93.01223,11.85164],[93.05864,11.84606],[93.04426,11.8095],[93.00994,11.83699],[93.01223,11.85164]]],[[[93.01012,12.03135],[93.04454,11.88403],[92.99321,11.93359],[92.92295,11.99844],[92.96401,12.05009],[93.01012,12.03135]]],[[[93.00416,12.10401],[93.00121,12.05407],[92.95711,12.07001],[92.95777,12.10804],[93.00416,12.10401]]],[[[93.02421,12.16793],[93.03354,12.10123],[93.05354,12.07911],[93.03986,12.0425],[92.9954,12.13155],[93.02421,12.16793]]],[[[92.94746,12.11654],[92.95361,12.11054],[92.95712,12.09828],[92.94675,12.09904],[92.94746,12.11654]]],[[[92.96576,12.11769],[92.95382,12.14594],[92.99075,12.1584],[92.99319,12.13624],[93.00101,12.11887],[92.96576,12.11769]]],[[[93.11766,12.12994],[93.10856,12.14495],[93.12495,12.1521],[93.11766,12.12994]]],[[[93.06659,12.21172],[93.09842,12.12063],[93.07719,12.07692],[93.03527,12.13209],[93.06659,12.21172]]],[[[93.08548,12.23839],[93.10434,12.26401],[93.1051,12.21857],[93.06318,12.22739],[93.07253,12.26226],[93.08548,12.23839]]],[[[93.85312,12.30022],[93.867,12.27538],[93.84536,12.26917],[93.83405,12.27816],[93.85312,12.30022]]],[[[92.97822,12.93015],[92.95027,12.94107],[92.95112,12.98023],[92.9715,12.9703],[92.99223,12.99204],[93.00736,12.99919],[92.97822,12.93015]]],[[[93.03841,13.32222],[93.05213,13.38177],[93.09003,13.3341],[93.07649,13.29635],[93.03841,13.32222]]],[[[94.26495,13.44342],[94.2453,13.43286],[94.24197,13.44915],[94.26511,13.46335],[94.26495,13.44342]]],[[[93.06393,13.65494],[93.05513,13.64267],[93.04838,13.62186],[93.04093,13.63845],[93.06393,13.65494]]],[[[93.02299,13.67509],[93.0129,13.6361],[92.97167,13.64735],[92.97527,13.66289],[93.02299,13.67509]]]]}}]}