{"type":"FeatureCollection","features":[{"type":"Feature","properties":{"k":"ARUNACHALPRADESH","n":"ARUNACHAL PRADESH","c":"12"},"geometry":{"type":"MultiPolygon","coordinates":[[[[95.36,27.11],[95.37,27.11],[95.36,27.1],[95.36,27.11]]],[[[96.58,27.33],[96.55,27.32],[96.53,27.29],[96.42,27.3],[96.39,27.28],[96.28,27.29],[96.27,27.27],[96.23,27.28],[96.19,27.25],[96.15,27.25],[96.06,27.21],[96.02,27.18],[96.02,27.15],[95.95,27.08],[95.95,27.05],[95.88,27.03],[95.88,27.01],[95.81,27.02],[95.77,26.98],[95.75,26.9],[95.73,26.88],[95.66,26.9],[95.63,26.87],[95.61,26.81],[95.56,26.82],[95.54,26.84],[95.5,26.8],[95.48,26.74],[95.45,26.74],[95.45,26.72],[95.43,26.72],[95.42,26.69],[95.41,26.7],[95.37,26.67],[95.34,26.68],[95.31,26.65],[95.26,26.66],[95.26,26.68],[95.23,26.68],[95.23,26.72],[95.21,26.73],[95.24,26.79],[95.21,26.79],[95.2,26.85],[95.18,26.85],[95.2,26.88],[95.23,26.88],[95.23,26.93],[95.21,26.93],[95.21,26.97],[95.19,26.98],[95.2,27.04],[95.26,27.03],[95.32,27.09],[95.34,27.1],[95.38,27.09],[95.38,27.11],[95.41,27.11],[95.44,27.14],[95.46,27.13],[95.46,27.21],[95.51,27.26],[95.55,27.26],[95.58,27.22],[95.85,27.29],[95.86,27.26],[95.89,27.26],[95.92,27.3],[95.98,27.32],[95.97,27.34],[96.02,27.37],[96.0,27.38],[96.0,27.4],[95.95,27.42],[95.95,27.44],[95.91,27.44],[95.9,27.41],[95.88,27.41],[95.88,27.43],[95.86,27.41],[95.84,27.42],[95.86,27.44],[95.85,27.46],[95.88,27.49],[95.88,27.55],[95.87,27.54],[95.81,27.57],[95.82,27.6],[95.79,27.6],[95.78,27.62],[95.79,27.65],[95.77,27.65],[95.78,27.69],[95.76,27.69],[95.77,27.71],[95.75,27.72],[95.78,27.73],[95.78,27.76],[95.82,27.81],[95.84,27.81],[95.84,27.83],[95.87,27.83],[95.92,27.88],[95.92,27.9],[95.94,27.9],[95.97,27.96],[95.61,27.96],[95.57,27.94],[95.56,27.91],[95.54,27.91],[95.52,27.88],[95.4,27.84],[95.31,27.87],[95.23,27.85],[95.2,27.83],[94.85,27.73],[94.83,27.69],[94.79,27.7],[94.79,27.68],[94.77,27.68],[94.76,27.66],[94.73,27.67],[94.68,27.66],[94.69,27.65],[94.66,27.65],[94.63,27.62],[94.58,27.62],[94.58,27.6],[94.54,27.6],[94.5,27.57],[94.48,27.58],[94.47,27.56],[94.43,27.6],[94.36,27.57],[94.32,27.58],[94.31,27.6],[94.27,27.59],[94.27,27.61],[94.25,27.61],[94.27,27.62],[94.26,27.64],[94.23,27.63],[94.23,27.61],[94.21,27.6],[94.23,27.6],[94.22,27.57],[94.26,27.56],[94.26,27.52],[94.16,27.48],[94.16,27.46],[94.07,27.39],[94.05,27.35],[93.99,27.33],[93.84,27.17],[93.82,27.17],[93.81,27.14],[93.79,27.13],[93.83,27.12],[93.84,27.07],[93.79,27.05],[93.77,27.06],[93.76,27.03],[93.73,27.03],[93.68,26.97],[93.51,26.94],[93.41,26.96],[93.28,26.96],[93.02,26.91],[92.92,26.96],[92.92,26.98],[92.89,27.0],[92.84,27.0],[92.76,27.03],[92.75,27.02],[92.67,27.03],[92.64,26.98],[92.59,26.96],[92.44,26.96],[92.4,26.92],[92.32,26.93],[92.28,26.9],[92.24,26.91],[92.21,26.89],[92.11,26.89],[92.12,26.96],[92.08,27.04],[92.03,27.06],[92.04,27.07],[92.02,27.11],[92.04,27.14],[92.02,27.16],[92.07,27.21],[92.07,27.24],[92.04,27.27],[92.07,27.28],[92.12,27.27],[92.12,27.29],[92.06,27.33],[92.05,27.36],[92.06,27.4],[92.02,27.45],[92.02,27.48],[91.98,27.46],[91.86,27.48],[91.78,27.46],[91.72,27.47],[91.7,27.5],[91.65,27.48],[91.65,27.5],[91.62,27.51],[91.61,27.54],[91.59,27.54],[91.56,27.58],[91.58,27.6],[91.56,27.63],[91.59,27.68],[91.63,27.71],[91.64,27.77],[91.62,27.81],[91.56,27.82],[91.55,27.86],[91.67,27.86],[91.71,27.81],[91.75,27.8],[91.83,27.81],[91.86,27.74],[91.88,27.72],[91.91,27.73],[91.92,27.71],[91.99,27.77],[92.06,27.76],[92.2,27.86],[92.27,27.86],[92.31,27.78],[92.38,27.79],[92.38,27.82],[92.46,27.8],[92.49,27.84],[92.56,27.82],[92.61,27.88],[92.67,27.9],[92.74,27.99],[92.7,28.05],[92.66,28.06],[92.69,28.13],[92.8,28.2],[92.82,28.2],[92.82,28.17],[92.9,28.2],[92.91,28.23],[92.96,28.26],[92.98,28.26],[93.0,28.23],[93.04,28.26],[93.02,28.3],[93.1,28.31],[93.13,28.33],[93.22,28.33],[93.23,28.41],[93.18,28.44],[93.26,28.5],[93.28,28.5],[93.31,28.57],[93.3,28.6],[93.33,28.61],[93.34,28.64],[93.41,28.65],[93.45,28.68],[93.47,28.65],[93.49,28.68],[93.53,28.66],[93.64,28.66],[93.73,28.69],[93.79,28.67],[93.85,28.71],[93.93,28.67],[93.97,28.72],[93.97,28.75],[94.0,28.77],[93.99,28.8],[94.0,28.85],[94.03,28.85],[94.08,28.91],[94.16,28.95],[94.19,29.05],[94.29,29.15],[94.36,29.15],[94.37,29.19],[94.42,29.21],[94.43,29.23],[94.55,29.22],[94.58,29.28],[94.62,29.31],[94.63,29.35],[94.71,29.31],[94.8,29.22],[94.8,29.16],[94.83,29.18],[94.89,29.18],[95.03,29.13],[95.01,29.16],[94.99,29.16],[95.01,29.17],[95.15,29.11],[95.25,29.11],[95.26,29.06],[95.45,29.03],[95.49,29.07],[95.5,29.14],[95.55,29.13],[95.54,29.21],[95.59,29.22],[95.6,29.26],[95.64,29.25],[95.7,29.3],[95.73,29.3],[95.77,29.35],[95.79,29.35],[95.8,29.33],[95.88,29.39],[95.96,29.38],[96.06,29.46],[96.09,29.46],[96.18,29.36],[96.18,29.31],[96.23,29.26],[96.24,29.23],[96.29,29.23],[96.31,29.26],[96.35,29.26],[96.36,29.28],[96.38,29.28],[96.39,29.26],[96.39,29.23],[96.37,29.22],[96.35,29.17],[96.26,29.16],[96.22,29.14],[96.19,29.09],[96.11,29.07],[96.15,29.05],[96.18,29.0],[96.18,28.97],[96.15,28.94],[96.17,28.9],[96.25,28.94],[96.29,29.0],[96.35,29.03],[96.44,29.03],[96.53,29.08],[96.48,29.0],[96.48,28.97],[96.52,28.97],[96.55,28.86],[96.62,28.77],[96.6,28.73],[96.57,28.71],[96.53,28.71],[96.47,28.68],[96.49,28.63],[96.43,28.58],[96.4,28.59],[96.41,28.56],[96.35,28.56],[96.32,28.53],[96.37,28.5],[96.37,28.47],[96.34,28.47],[96.26,28.41],[96.3,28.4],[96.31,28.38],[96.37,28.39],[96.38,28.36],[96.41,28.34],[96.43,28.36],[96.43,28.39],[96.47,28.42],[96.51,28.41],[96.58,28.46],[96.66,28.46],[96.7,28.43],[96.75,28.42],[96.78,28.36],[96.85,28.36],[96.9,28.38],[96.92,28.34],[96.99,28.31],[97.02,28.32],[97.04,28.35],[97.1,28.36],[97.15,28.33],[97.17,28.29],[97.23,28.29],[97.23,28.27],[97.28,28.27],[97.4,28.19],[97.39,28.18],[97.36,28.19],[97.32,28.15],[97.34,28.11],[97.3,28.08],[97.31,28.06],[97.37,28.06],[97.36,28.04],[97.41,28.02],[97.37,27.98],[97.37,27.91],[97.39,27.89],[97.32,27.88],[97.31,27.92],[97.24,27.9],[97.18,27.83],[97.16,27.83],[97.17,27.82],[97.16,27.81],[97.13,27.81],[97.12,27.79],[97.09,27.78],[97.09,27.73],[97.07,27.75],[97.05,27.74],[97.03,27.75],[96.99,27.7],[96.98,27.66],[96.97,27.67],[96.93,27.66],[96.93,27.64],[96.89,27.62],[96.89,27.58],[96.91,27.58],[96.91,27.54],[96.93,27.53],[96.9,27.45],[96.93,27.44],[96.94,27.41],[96.96,27.41],[96.97,27.39],[96.96,27.37],[96.99,27.35],[97.0,27.31],[97.03,27.31],[97.04,27.28],[97.09,27.24],[97.09,27.21],[97.12,27.19],[97.12,27.17],[97.15,27.17],[97.15,27.15],[97.17,27.14],[97.15,27.1],[97.13,27.09],[97.12,27.11],[97.1,27.11],[97.06,27.09],[97.04,27.13],[96.99,27.14],[96.98,27.16],[96.92,27.16],[96.87,27.18],[96.86,27.21],[96.89,27.23],[96.88,27.24],[96.89,27.25],[96.85,27.27],[96.85,27.29],[96.8,27.33],[96.8,27.35],[96.75,27.35],[96.72,27.37],[96.7,27.36],[96.61,27.37],[96.59,27.35],[96.6,27.33],[96.58,27.33]],[[93.8,27.07],[93.79,27.07],[93.8,27.06],[93.8,27.07]],[[94.41,27.8],[94.41,27.81],[94.4,27.81],[94.4,27.8],[94.41,27.8]],[[94.59,27.87],[94.59,27.86],[94.6,27.87],[94.59,27.88],[94.59,27.87]],[[94.9,28.02],[94.83,27.99],[94.89,28.01],[94.9,28.02]],[[95.22,28.15],[95.23,28.15],[95.24,28.16],[95.22,28.15]]]]}},{"type":"Feature","properties":{"k":"KERALA","n":"KERALA","c":"32"},"geometry":{"type":"MultiPolygon","coordinates":[[[[77.18,8.33],[77.18,8.32],[77.17,8.32],[77.17,8.33],[77.18,8.33]]],[[[77.36,9.57],[77.35,9.56],[77.38,9.52],[77.41,9.52],[77.4,9.47],[77.38,9.45],[77.37,9.46],[77.35,9.45],[77.34,9.36],[77.32,9.33],[77.3,9.34],[77.3,9.31],[77.28,9.3],[77.29,9.29],[77.28,9.21],[77.26,9.2],[77.27,9.15],[77.25,9.14],[77.25,9.12],[77.21,9.1],[77.2,9.05],[77.17,9.05],[77.15,9.02],[77.16,8.99],[77.2,8.96],[77.19,8.94],[77.22,8.93],[77.22,8.9],[77.26,8.88],[77.25,8.81],[77.23,8.81],[77.23,8.78],[77.2,8.77],[77.18,8.71],[77.2,8.71],[77.2,8.67],[77.27,8.59],[77.28,8.54],[77.25,8.5],[77.21,8.51],[77.21,8.47],[77.23,8.45],[77.2,8.44],[77.18,8.39],[77.15,8.39],[77.17,8.33],[77.13,8.33],[77.09,8.29],[77.06,8.33],[76.97,8.39],[76.96,8.43],[76.91,8.47],[76.91,8.49],[76.83,8.57],[76.75,8.69],[76.7,8.73],[76.65,8.82],[76.59,8.88],[76.56,8.88],[76.54,8.91],[76.5,9.07],[76.45,9.15],[76.45,9.18],[76.4,9.26],[76.4,9.29],[76.33,9.43],[76.24,9.99],[76.22,9.99],[76.09,10.42],[76.05,10.5],[76.03,10.51],[76.02,10.56],[75.92,10.76],[75.85,11.07],[75.78,11.21],[75.76,11.3],[75.73,11.33],[75.74,11.35],[75.68,11.45],[75.66,11.47],[75.63,11.46],[75.56,11.66],[75.54,11.68],[75.54,11.71],[75.52,11.71],[75.47,11.77],[75.45,11.77],[75.44,11.81],[75.42,11.81],[75.42,11.83],[75.39,11.86],[75.37,11.85],[75.32,11.9],[75.31,11.94],[75.24,12.02],[75.19,12.02],[75.14,12.18],[75.11,12.21],[75.1,12.27],[75.07,12.31],[75.05,12.38],[75.03,12.39],[74.97,12.5],[74.96,12.55],[74.94,12.57],[74.94,12.61],[74.92,12.62],[74.92,12.65],[74.88,12.71],[74.87,12.76],[75.0,12.79],[75.01,12.76],[74.99,12.74],[75.01,12.73],[75.0,12.72],[75.01,12.71],[75.05,12.72],[75.04,12.67],[75.09,12.67],[75.08,12.7],[75.09,12.71],[75.11,12.7],[75.11,12.68],[75.16,12.67],[75.14,12.65],[75.15,12.62],[75.2,12.63],[75.2,12.59],[75.22,12.57],[75.26,12.59],[75.27,12.62],[75.33,12.59],[75.32,12.57],[75.27,12.57],[75.27,12.53],[75.3,12.52],[75.3,12.5],[75.34,12.49],[75.34,12.46],[75.37,12.47],[75.38,12.5],[75.42,12.5],[75.42,12.46],[75.4,12.45],[75.37,12.46],[75.37,12.4],[75.42,12.38],[75.41,12.35],[75.43,12.31],[75.42,12.29],[75.48,12.3],[75.49,12.27],[75.51,12.27],[75.52,12.23],[75.54,12.22],[75.53,12.2],[75.55,12.2],[75.57,12.16],[75.64,12.15],[75.64,12.12],[75.66,12.1],[75.7,12.11],[75.7,12.09],[75.72,12.09],[75.71,12.07],[75.75,12.09],[75.8,12.08],[75.79,12.06],[75.83,11.98],[75.85,11.98],[75.85,11.96],[76.0,11.93],[76.11,11.98],[76.12,11.85],[76.14,11.87],[76.2,11.87],[76.21,11.82],[76.23,11.8],[76.28,11.81],[76.29,11.79],[76.31,11.79],[76.31,11.76],[76.33,11.74],[76.41,11.76],[76.41,11.74],[76.43,11.73],[76.41,11.71],[76.41,11.68],[76.44,11.66],[76.44,11.64],[76.39,11.63],[76.38,11.6],[76.34,11.6],[76.31,11.57],[76.28,11.6],[76.25,11.59],[76.24,11.58],[76.25,11.47],[76.29,11.48],[76.33,11.45],[76.34,11.47],[76.37,11.46],[76.42,11.44],[76.42,11.42],[76.45,11.39],[76.55,11.36],[76.53,11.28],[76.45,11.24],[76.44,11.2],[76.47,11.19],[76.47,11.21],[76.51,11.21],[76.52,11.19],[76.63,11.19],[76.69,11.24],[76.74,11.22],[76.73,11.19],[76.69,11.17],[76.71,11.14],[76.75,11.14],[76.74,11.07],[76.78,11.03],[76.7,11.03],[76.66,10.93],[76.74,10.89],[76.82,10.88],[76.85,10.85],[76.85,10.82],[76.9,10.81],[76.91,10.79],[76.9,10.74],[76.87,10.71],[76.88,10.64],[76.81,10.64],[76.82,10.6],[76.84,10.6],[76.82,10.39],[76.85,10.36],[76.83,10.3],[76.87,10.29],[76.87,10.27],[76.9,10.26],[76.91,10.23],[76.95,10.24],[76.99,10.22],[77.0,10.24],[77.05,10.26],[77.06,10.3],[77.13,10.32],[77.17,10.36],[77.24,10.35],[77.23,10.31],[77.26,10.27],[77.26,10.24],[77.29,10.23],[77.28,10.21],[77.29,10.2],[77.27,10.18],[77.27,10.12],[77.23,10.13],[77.2,10.11],[77.2,10.09],[77.26,10.04],[77.27,9.96],[77.23,9.93],[77.21,9.88],[77.22,9.86],[77.24,9.86],[77.22,9.85],[77.23,9.84],[77.22,9.82],[77.24,9.82],[77.25,9.8],[77.22,9.79],[77.23,9.75],[77.2,9.72],[77.21,9.69],[77.17,9.64],[77.17,9.61],[77.21,9.61],[77.23,9.58],[77.24,9.59],[77.26,9.57],[77.29,9.58],[77.3,9.6],[77.33,9.6],[77.32,9.58],[77.36,9.6],[77.36,9.57]],[[77.19,8.93],[77.19,8.92],[77.2,8.92],[77.2,8.93],[77.19,8.93]],[[77.17,8.75],[77.17,8.74],[77.18,8.74],[77.17,8.75]],[[74.91,12.7],[74.9,12.7],[74.91,12.69],[74.91,12.7]],[[74.95,12.64],[74.94,12.64],[74.94,12.63],[74.95,12.63],[74.95,12.64]],[[75.55,11.76],[75.53,11.76],[75.53,11.75],[75.54,11.75],[75.55,11.76]],[[75.54,11.73],[75.53,11.72],[75.56,11.72],[75.56,11.73],[75.54,11.73]]],[[[76.8,11.06],[76.8,11.05],[76.79,11.04],[76.79,11.05],[76.8,11.06]]]]}},{"type":"Feature","properties":{"k":"LADAKH","n":"LADAKH","c":"37"},"geometry":{"type":"MultiPolygon","coordinates":[[[[77.26,32.87],[77.26,32.86],[77.25,32.86],[77.26,32.87]]],[[[76.89,33.11],[76.85,33.11],[76.85,33.13],[76.81,33.17],[76.84,33.25],[76.75,33.25],[76.73,33.27],[76.73,33.32],[76.68,33.33],[76.66,33.35],[76.63,33.44],[76.58,33.43],[76.58,33.45],[76.55,33.46],[76.5,33.52],[76.46,33.53],[76.46,33.56],[76.44,33.56],[76.44,33.54],[76.38,33.55],[76.38,33.58],[76.35,33.61],[76.3,33.61],[76.31,33.57],[76.26,33.57],[76.25,33.55],[76.21,33.56],[76.24,33.6],[76.23,33.63],[76.28,33.65],[76.26,33.69],[76.27,33.75],[76.17,33.8],[76.15,33.84],[76.1,33.87],[76.03,33.95],[76.04,33.97],[76.02,34.0],[75.98,34.0],[75.98,33.98],[75.93,33.99],[75.86,33.97],[75.85,33.98],[75.86,34.02],[75.84,34.02],[75.82,34.05],[75.78,34.05],[75.74,34.11],[75.71,34.11],[75.69,34.15],[75.7,34.23],[75.65,34.24],[75.59,34.2],[75.5,34.23],[75.48,34.28],[75.46,34.29],[75.41,34.28],[75.39,34.3],[75.4,34.32],[75.38,34.34],[75.39,34.37],[75.37,34.37],[75.37,34.41],[75.32,34.43],[75.36,34.53],[75.29,34.6],[75.25,34.61],[75.25,34.63],[75.13,34.65],[75.05,34.62],[74.94,34.66],[74.72,34.67],[74.62,34.71],[74.6,34.75],[74.57,34.77],[74.44,34.77],[74.32,34.79],[74.42,34.8],[74.43,34.83],[74.47,34.86],[74.57,34.87],[74.58,34.9],[74.57,34.97],[74.59,35.01],[74.53,35.04],[74.54,35.07],[74.5,35.11],[74.44,35.12],[74.38,35.06],[74.3,35.06],[74.3,35.04],[74.25,35.04],[74.25,35.07],[74.23,35.07],[74.22,35.09],[74.21,35.08],[74.15,35.09],[74.11,35.13],[74.12,35.15],[74.03,35.15],[74.0,35.18],[73.96,35.17],[73.93,35.21],[73.86,35.21],[73.85,35.23],[73.8,35.25],[73.75,35.22],[73.72,35.22],[73.73,35.28],[73.7,35.32],[73.7,35.36],[73.72,35.41],[73.79,35.46],[73.78,35.53],[73.74,35.53],[73.73,35.55],[73.66,35.55],[73.64,35.57],[73.57,35.55],[73.48,35.58],[73.4,35.56],[73.36,35.61],[73.29,35.62],[73.13,35.72],[73.14,35.77],[73.13,35.79],[73.15,35.84],[73.1,35.88],[73.07,35.88],[73.04,35.85],[72.97,35.86],[72.93,35.84],[72.9,35.85],[72.9,35.88],[72.83,35.89],[72.78,35.84],[72.73,35.86],[72.7,35.83],[72.64,35.87],[72.6,35.87],[72.57,35.91],[72.53,35.92],[72.53,35.96],[72.55,35.96],[72.55,35.99],[72.57,35.99],[72.6,36.03],[72.59,36.05],[72.53,36.07],[72.53,36.11],[72.55,36.14],[72.57,36.14],[72.55,36.18],[72.56,36.22],[72.58,36.22],[72.59,36.26],[72.63,36.28],[72.7,36.25],[72.69,36.28],[72.78,36.31],[72.84,36.37],[72.87,36.37],[72.89,36.39],[72.88,36.43],[72.89,36.45],[72.96,36.47],[72.99,36.46],[73.0,36.47],[72.99,36.5],[73.07,36.54],[73.11,36.61],[73.09,36.63],[73.08,36.7],[73.14,36.69],[73.19,36.72],[73.21,36.7],[73.34,36.72],[73.36,36.71],[73.37,36.73],[73.42,36.74],[73.5,36.73],[73.51,36.71],[73.6,36.72],[73.61,36.69],[73.65,36.7],[73.69,36.68],[73.72,36.71],[73.79,36.7],[73.81,36.72],[73.85,36.7],[73.9,36.7],[73.9,36.75],[73.87,36.78],[73.82,36.79],[73.8,36.82],[73.78,36.81],[73.72,36.83],[73.72,36.86],[73.68,36.88],[73.69,36.91],[73.79,36.89],[73.81,36.9],[73.82,36.88],[73.84,36.9],[73.87,36.9],[73.91,36.87],[73.93,36.88],[74.0,36.82],[74.03,36.83],[74.04,36.81],[74.07,36.81],[74.09,36.84],[74.13,36.83],[74.15,36.85],[74.16,36.9],[74.27,36.89],[74.36,36.96],[74.42,36.97],[74.43,36.99],[74.53,36.99],[74.55,36.95],[74.58,36.95],[74.59,37.01],[74.58,37.04],[74.67,37.06],[74.69,37.08],[74.71,37.08],[74.74,37.01],[74.76,37.01],[74.77,37.03],[74.84,37.02],[74.84,37.0],[74.91,36.91],[74.93,36.91],[74.96,36.95],[75.01,36.96],[75.02,36.98],[75.1,36.94],[75.15,36.96],[75.21,37.04],[75.34,37.05],[75.35,36.98],[75.37,36.96],[75.42,36.97],[75.43,36.94],[75.41,36.92],[75.41,36.89],[75.45,36.88],[75.46,36.82],[75.48,36.8],[75.62,36.76],[75.67,36.71],[75.75,36.58],[75.95,36.49],[76.07,36.48],[76.17,36.39],[76.2,36.39],[76.24,36.35],[76.35,36.36],[76.41,36.31],[76.43,36.31],[76.45,36.27],[76.43,36.25],[76.46,36.24],[76.48,36.21],[76.51,36.21],[76.56,36.17],[76.6,36.16],[76.64,36.18],[76.68,36.14],[76.7,36.14],[76.72,36.08],[76.8,36.05],[76.81,36.02],[76.78,36.02],[76.72,35.95],[76.78,35.9],[76.81,35.84],[76.86,35.83],[76.9,35.79],[77.0,35.77],[77.12,35.8],[77.14,35.77],[77.16,35.77],[77.17,35.73],[77.22,35.73],[77.22,35.71],[77.28,35.72],[77.32,35.7],[77.32,35.72],[77.36,35.72],[77.4,35.66],[77.44,35.65],[77.43,35.61],[77.46,35.59],[77.46,35.54],[77.48,35.54],[77.48,35.52],[77.42,35.52],[77.39,35.55],[77.32,35.54],[77.35,35.49],[77.39,35.47],[77.45,35.46],[77.5,35.49],[77.52,35.48],[77.56,35.49],[77.6,35.47],[77.63,35.47],[77.65,35.49],[77.66,35.47],[77.71,35.47],[77.73,35.48],[77.72,35.51],[77.74,35.52],[77.77,35.49],[77.83,35.51],[77.86,35.48],[77.88,35.49],[77.9,35.47],[77.93,35.49],[77.96,35.46],[77.98,35.46],[77.95,35.51],[77.93,35.51],[77.97,35.57],[77.96,35.6],[77.98,35.58],[78.04,35.59],[78.08,35.55],[78.09,35.56],[78.14,35.54],[78.16,35.55],[78.15,35.59],[78.17,35.61],[78.16,35.63],[78.18,35.62],[78.2,35.67],[78.22,35.65],[78.26,35.65],[78.27,35.72],[78.38,35.73],[78.41,35.76],[78.41,35.78],[78.53,35.77],[78.55,35.79],[78.58,35.79],[78.58,35.81],[78.63,35.82],[78.66,35.86],[78.78,35.87],[78.81,35.85],[78.97,35.89],[79.01,35.85],[79.14,35.84],[79.2,35.9],[79.19,35.95],[79.23,35.99],[79.39,35.99],[79.4,35.91],[79.42,35.89],[79.51,35.89],[79.55,35.86],[79.66,35.84],[79.73,35.8],[79.88,35.78],[79.91,35.82],[79.95,35.84],[80.0,35.84],[80.04,35.8],[80.06,35.74],[80.09,35.72],[80.1,35.68],[80.25,35.64],[80.29,35.61],[80.33,35.47],[80.29,35.46],[80.28,35.44],[80.28,35.38],[80.23,35.28],[80.23,35.23],[80.18,35.17],[80.18,35.02],[80.11,34.87],[80.07,34.83],[80.07,34.71],[79.95,34.68],[79.85,34.69],[79.81,34.64],[79.77,34.63],[79.79,34.59],[79.76,34.57],[79.76,34.55],[79.81,34.53],[79.81,34.5],[79.79,34.48],[79.65,34.48],[79.59,34.5],[79.51,34.47],[79.53,34.45],[79.53,34.41],[79.56,34.41],[79.55,34.39],[79.56,34.32],[79.59,34.29],[79.59,34.26],[79.57,34.22],[79.51,34.21],[79.49,34.18],[79.49,34.13],[79.41,34.07],[79.41,34.05],[79.44,34.03],[79.42,34.01],[79.4,34.03],[79.19,34.05],[79.18,34.07],[79.15,34.07],[79.15,34.04],[79.13,34.02],[79.08,34.02],[79.03,34.05],[79.0,34.05],[78.95,34.03],[78.9,33.98],[78.95,33.92],[78.94,33.91],[78.99,33.81],[79.02,33.8],[79.01,33.78],[79.06,33.78],[79.07,33.76],[79.04,33.75],[79.02,33.7],[79.04,33.68],[79.09,33.69],[79.09,33.64],[79.11,33.62],[79.1,33.61],[79.07,33.63],[79.03,33.63],[78.98,33.61],[78.91,33.63],[78.92,33.62],[78.91,33.57],[78.93,33.56],[78.94,33.53],[78.93,33.43],[78.95,33.41],[78.95,33.38],[78.97,33.38],[78.98,33.34],[78.99,33.33],[79.02,33.34],[79.03,33.32],[79.1,33.29],[79.25,33.3],[79.31,33.27],[79.39,33.28],[79.45,33.26],[79.45,33.21],[79.38,33.1],[79.39,33.03],[79.33,33.01],[79.38,32.99],[79.38,32.97],[79.44,32.95],[79.55,32.8],[79.58,32.77],[79.6,32.78],[79.63,32.74],[79.5,32.59],[79.47,32.58],[79.45,32.53],[79.4,32.53],[79.39,32.56],[79.4,32.56],[79.38,32.58],[79.31,32.59],[79.28,32.53],[79.24,32.53],[79.23,32.5],[79.13,32.47],[79.15,32.43],[79.12,32.41],[79.11,32.38],[79.03,32.39],[78.98,32.34],[78.96,32.37],[78.9,32.39],[78.86,32.44],[78.82,32.45],[78.77,32.57],[78.8,32.6],[78.76,32.65],[78.76,32.7],[78.73,32.66],[78.66,32.66],[78.63,32.6],[78.57,32.62],[78.53,32.61],[78.5,32.58],[78.45,32.58],[78.43,32.53],[78.4,32.53],[78.32,32.47],[78.29,32.5],[78.32,32.53],[78.31,32.57],[78.41,32.62],[78.39,32.63],[78.38,32.67],[78.39,32.76],[78.33,32.75],[78.3,32.73],[78.32,32.72],[78.31,32.71],[78.25,32.69],[78.25,32.67],[78.15,32.68],[78.15,32.65],[78.1,32.66],[78.1,32.63],[78.06,32.63],[78.05,32.65],[78.03,32.64],[78.03,32.62],[78.01,32.63],[78.0,32.62],[77.97,32.66],[77.94,32.66],[77.94,32.68],[77.92,32.69],[77.93,32.77],[77.89,32.78],[77.87,32.83],[77.78,32.86],[77.78,32.88],[77.81,32.89],[77.81,32.91],[77.74,32.97],[77.68,32.99],[77.67,32.96],[77.6,32.94],[77.53,32.88],[77.49,32.88],[77.48,32.86],[77.45,32.86],[77.45,32.88],[77.4,32.88],[77.37,32.85],[77.37,32.82],[77.34,32.82],[77.33,32.85],[77.29,32.85],[77.28,32.87],[77.27,32.87],[77.26,32.87],[77.24,32.87],[77.23,32.9],[77.19,32.91],[77.19,32.93],[77.18,32.91],[77.16,32.91],[77.15,32.98],[77.08,32.97],[77.05,33.0],[76.96,33.0],[76.96,33.02],[76.93,33.03],[76.93,33.05],[76.91,33.06],[76.91,33.1],[76.89,33.11]]],[[[77.95,35.61],[77.96,35.6],[77.95,35.6],[77.95,35.61]]]]}},{"type":"Feature","properties":{"k":"ANDHRAPRADESH","n":"ANDHRA PRADESH","c":"28"},"geometry":{"type":"MultiPolygon","coordinates":[[[[78.51,12.72],[78.52,12.72],[78.52,12.71],[78.5,12.72],[78.51,12.72]]],[[[78.93,13.03],[78.93,13.04],[78.94,13.04],[78.94,13.03],[78.93,13.03]]],[[[78.93,13.05],[78.93,13.04],[78.92,13.04],[78.92,13.05],[78.93,13.05]]],[[[79.3,13.12],[79.31,13.12],[79.32,13.11],[79.3,13.11],[79.3,13.12]]],[[[78.39,13.34],[78.38,13.33],[78.38,13.34],[78.39,13.34]]],[[[77.64,13.74],[77.62,13.74],[77.62,13.75],[77.64,13.75],[77.64,13.74]]],[[[80.4,16.85],[80.38,16.85],[80.38,16.86],[80.41,16.85],[80.4,16.85]]],[[[80.78,15.82],[80.78,15.83],[80.79,15.83],[80.79,15.82],[80.78,15.82]]],[[[78.5,12.67],[78.47,12.67],[78.46,12.62],[78.43,12.64],[78.36,12.63],[78.35,12.65],[78.31,12.66],[78.27,12.71],[78.26,12.7],[78.24,12.71],[78.24,12.69],[78.2,12.7],[78.24,12.72],[78.23,12.76],[78.25,12.79],[78.25,12.86],[78.31,12.86],[78.31,12.88],[78.33,12.88],[78.32,12.9],[78.35,12.91],[78.35,12.94],[78.41,12.9],[78.45,12.91],[78.44,12.93],[78.41,12.93],[78.41,12.95],[78.44,12.96],[78.43,12.98],[78.47,12.98],[78.46,13.04],[78.52,13.06],[78.51,13.09],[78.53,13.1],[78.52,13.13],[78.55,13.14],[78.54,13.16],[78.58,13.17],[78.58,13.19],[78.55,13.2],[78.58,13.21],[78.57,13.25],[78.59,13.26],[78.59,13.28],[78.58,13.3],[78.56,13.3],[78.56,13.28],[78.54,13.29],[78.54,13.27],[78.52,13.27],[78.5,13.3],[78.48,13.3],[78.48,13.32],[78.4,13.32],[78.39,13.33],[78.41,13.35],[78.37,13.36],[78.37,13.48],[78.38,13.53],[78.41,13.57],[78.4,13.59],[78.24,13.6],[78.21,13.57],[78.19,13.57],[78.2,13.63],[78.17,13.63],[78.17,13.66],[78.11,13.66],[78.09,13.64],[78.07,13.7],[78.11,13.69],[78.12,13.71],[78.11,13.74],[78.09,13.74],[78.13,13.78],[78.12,13.86],[78.08,13.86],[78.08,13.88],[78.05,13.89],[78.05,13.86],[77.99,13.87],[77.98,13.83],[77.96,13.83],[77.95,13.89],[77.98,13.9],[77.99,13.96],[77.96,13.96],[77.96,13.94],[77.93,13.91],[77.91,13.91],[77.9,13.94],[77.82,13.94],[77.81,13.91],[77.83,13.9],[77.83,13.86],[77.78,13.85],[77.79,13.82],[77.72,13.8],[77.72,13.74],[77.7,13.77],[77.68,13.77],[77.68,13.79],[77.62,13.77],[77.62,13.75],[77.6,13.75],[77.59,13.73],[77.55,13.73],[77.55,13.75],[77.53,13.76],[77.52,13.75],[77.54,13.73],[77.53,13.69],[77.51,13.71],[77.49,13.71],[77.49,13.69],[77.47,13.68],[77.45,13.69],[77.47,13.76],[77.46,13.81],[77.42,13.81],[77.43,13.84],[77.35,13.85],[77.33,13.83],[77.32,13.86],[77.26,13.85],[77.25,13.9],[77.23,13.9],[77.23,13.88],[77.21,13.89],[77.2,13.86],[77.18,13.87],[77.19,13.88],[77.18,13.93],[77.16,13.91],[77.17,13.87],[77.13,13.86],[77.15,13.85],[77.15,13.83],[77.17,13.83],[77.16,13.82],[77.18,13.78],[77.17,13.76],[77.09,13.77],[77.08,13.74],[77.06,13.74],[77.04,13.78],[77.02,13.78],[77.02,13.74],[77.0,13.74],[76.99,13.76],[76.98,13.83],[76.99,13.85],[77.01,13.85],[77.04,13.94],[76.99,13.96],[77.0,13.99],[76.93,14.03],[76.93,14.05],[76.98,14.06],[76.98,14.08],[76.95,14.09],[76.95,14.12],[76.93,14.14],[76.89,14.14],[76.89,14.17],[76.94,14.17],[76.94,14.2],[76.96,14.18],[77.02,14.18],[77.03,14.06],[77.08,14.04],[77.13,14.05],[77.14,14.0],[77.25,14.01],[77.26,14.03],[77.28,14.03],[77.28,14.01],[77.32,14.03],[77.34,13.99],[77.36,13.99],[77.35,13.96],[77.37,13.95],[77.35,13.93],[77.35,13.9],[77.4,13.91],[77.41,13.89],[77.44,13.92],[77.42,13.92],[77.41,13.94],[77.44,13.95],[77.44,13.98],[77.38,13.98],[77.39,14.02],[77.33,14.03],[77.34,14.06],[77.36,14.06],[77.4,14.11],[77.4,14.13],[77.36,14.11],[77.35,14.13],[77.37,14.13],[77.41,14.18],[77.47,14.16],[77.51,14.16],[77.52,14.18],[77.49,14.22],[77.5,14.28],[77.45,14.28],[77.45,14.32],[77.43,14.31],[77.43,14.33],[77.41,14.34],[77.38,14.33],[77.38,14.29],[77.39,14.27],[77.41,14.27],[77.42,14.23],[77.41,14.2],[77.38,14.21],[77.38,14.23],[77.36,14.23],[77.36,14.28],[77.28,14.28],[77.29,14.34],[77.25,14.32],[77.19,14.32],[77.18,14.34],[77.14,14.34],[77.11,14.27],[77.12,14.23],[77.09,14.21],[77.05,14.25],[76.94,14.24],[76.94,14.26],[76.92,14.27],[76.96,14.29],[76.95,14.31],[76.9,14.32],[76.9,14.34],[76.88,14.35],[76.88,14.4],[76.9,14.4],[76.91,14.42],[76.94,14.4],[76.95,14.41],[76.97,14.49],[76.86,14.48],[76.86,14.51],[76.8,14.54],[76.77,14.6],[76.77,14.68],[76.8,14.73],[76.78,14.79],[76.84,14.79],[76.84,14.84],[76.86,14.86],[76.85,14.9],[76.87,14.91],[76.87,14.97],[76.82,14.96],[76.76,14.98],[76.79,15.01],[76.77,15.07],[76.81,15.09],[76.87,15.06],[76.88,15.03],[77.05,15.03],[77.05,15.01],[77.08,15.01],[77.09,15.04],[77.11,15.03],[77.13,15.1],[77.16,15.12],[77.14,15.16],[77.17,15.17],[77.17,15.19],[77.13,15.24],[77.17,15.27],[77.15,15.27],[77.15,15.29],[77.12,15.3],[77.12,15.33],[77.07,15.33],[77.04,15.36],[77.05,15.39],[77.03,15.4],[77.04,15.43],[76.97,15.5],[77.03,15.5],[77.03,15.64],[77.07,15.64],[77.09,15.66],[77.12,15.63],[77.13,15.65],[77.13,15.67],[77.08,15.69],[77.09,15.72],[77.05,15.73],[77.07,15.83],[77.03,15.83],[77.03,15.86],[77.06,15.88],[77.06,15.9],[77.18,15.96],[77.28,15.95],[77.31,15.96],[77.37,15.94],[77.44,15.95],[77.47,15.93],[77.48,15.94],[77.59,15.91],[77.62,15.92],[77.64,15.89],[77.68,15.88],[77.73,15.9],[77.75,15.88],[77.77,15.89],[77.8,15.87],[77.86,15.88],[77.89,15.91],[77.93,15.88],[77.98,15.88],[78.01,15.86],[78.02,15.9],[78.04,15.91],[78.05,15.87],[78.08,15.84],[78.13,15.84],[78.18,15.86],[78.18,15.91],[78.25,15.93],[78.26,16.03],[78.32,16.01],[78.34,16.05],[78.38,16.05],[78.39,16.07],[78.49,16.07],[78.56,16.04],[78.61,16.09],[78.63,16.09],[78.67,16.06],[78.68,16.03],[78.71,16.03],[78.73,16.01],[78.79,16.02],[78.84,16.07],[78.83,16.15],[78.87,16.15],[78.89,16.09],[78.92,16.1],[78.92,16.15],[78.9,16.17],[78.92,16.2],[78.99,16.21],[79.01,16.24],[79.06,16.24],[79.09,16.22],[79.13,16.23],[79.15,16.21],[79.19,16.21],[79.22,16.23],[79.23,16.34],[79.21,16.35],[79.21,16.45],[79.23,16.47],[79.21,16.49],[79.22,16.52],[79.25,16.53],[79.26,16.57],[79.3,16.56],[79.32,16.58],[79.43,16.58],[79.44,16.62],[79.49,16.62],[79.5,16.64],[79.55,16.63],[79.59,16.67],[79.64,16.66],[79.66,16.69],[79.73,16.69],[79.74,16.72],[79.76,16.73],[79.79,16.73],[79.81,16.69],[79.85,16.71],[79.88,16.7],[79.89,16.65],[79.91,16.63],[79.95,16.63],[79.98,16.66],[79.99,16.7],[80.03,16.71],[80.06,16.75],[80.05,16.77],[80.07,16.78],[80.07,16.82],[80.05,16.83],[80.05,16.85],[80.0,16.86],[80.02,16.92],[80.05,16.93],[80.06,16.97],[80.09,16.97],[80.09,16.99],[80.14,16.99],[80.15,17.01],[80.19,17.02],[80.19,17.04],[80.21,17.01],[80.24,17.0],[80.29,17.01],[80.29,16.98],[80.32,16.95],[80.32,16.88],[80.34,16.88],[80.34,16.86],[80.37,16.86],[80.38,16.82],[80.41,16.83],[80.41,16.85],[80.43,16.85],[80.45,16.82],[80.47,16.82],[80.46,16.81],[80.47,16.79],[80.52,16.77],[80.53,16.78],[80.58,16.77],[80.61,16.8],[80.59,16.8],[80.56,16.84],[80.57,16.88],[80.6,16.88],[80.6,16.92],[80.55,16.96],[80.53,16.95],[80.5,16.96],[80.5,16.94],[80.48,16.93],[80.45,16.96],[80.37,16.97],[80.37,16.99],[80.41,17.02],[80.39,17.05],[80.4,17.09],[80.42,17.09],[80.42,17.06],[80.45,17.03],[80.47,17.03],[80.47,17.05],[80.51,17.07],[80.5,17.09],[80.51,17.12],[80.54,17.12],[80.57,17.15],[80.59,17.15],[80.61,17.13],[80.64,17.13],[80.64,17.11],[80.67,17.11],[80.65,17.07],[80.75,17.08],[80.85,17.04],[80.88,17.07],[80.88,17.16],[80.92,17.15],[80.93,17.17],[80.92,17.22],[80.95,17.22],[80.96,17.2],[80.99,17.19],[81.04,17.19],[81.05,17.22],[81.17,17.23],[81.19,17.25],[81.18,17.31],[81.2,17.33],[81.28,17.32],[81.32,17.36],[81.32,17.41],[81.26,17.42],[81.21,17.45],[81.2,17.43],[81.17,17.45],[81.18,17.46],[81.15,17.46],[81.16,17.49],[81.14,17.49],[81.13,17.53],[81.1,17.5],[81.08,17.52],[81.02,17.52],[80.97,17.6],[80.85,17.6],[80.86,17.64],[80.87,17.63],[80.91,17.64],[80.89,17.68],[80.9,17.75],[80.98,17.78],[80.99,17.75],[81.04,17.75],[81.06,17.73],[81.07,17.75],[81.1,17.76],[81.09,17.81],[81.15,17.84],[81.16,17.86],[81.26,17.81],[81.33,17.82],[81.39,17.8],[81.39,17.82],[81.42,17.81],[81.43,17.83],[81.47,17.84],[81.49,17.81],[81.57,17.84],[81.62,17.82],[81.62,17.84],[81.63,17.83],[81.65,17.85],[81.67,17.89],[81.7,17.9],[81.72,17.87],[81.77,17.92],[81.79,17.92],[81.81,17.96],[81.91,17.98],[81.92,18.0],[81.93,17.99],[81.96,18.0],[81.99,18.03],[82.01,18.03],[82.0,18.05],[82.01,18.06],[82.03,18.07],[82.07,18.06],[82.07,18.08],[82.09,18.06],[82.17,18.05],[82.18,18.02],[82.26,17.99],[82.27,18.06],[82.3,18.07],[82.31,18.05],[82.34,18.05],[82.35,18.1],[82.33,18.1],[82.33,18.13],[82.34,18.15],[82.37,18.14],[82.37,18.16],[82.31,18.18],[82.31,18.21],[82.34,18.23],[82.32,18.23],[82.34,18.28],[82.39,18.29],[82.39,18.33],[82.34,18.32],[82.38,18.36],[82.37,18.43],[82.38,18.45],[82.4,18.45],[82.41,18.48],[82.44,18.49],[82.44,18.52],[82.46,18.52],[82.46,18.54],[82.48,18.55],[82.49,18.52],[82.53,18.52],[82.53,18.46],[82.56,18.45],[82.54,18.4],[82.58,18.4],[82.62,18.36],[82.6,18.35],[82.61,18.33],[82.59,18.33],[82.58,18.31],[82.6,18.31],[82.59,18.28],[82.63,18.24],[82.65,18.25],[82.64,18.3],[82.74,18.32],[82.79,18.36],[82.8,18.41],[82.78,18.43],[82.8,18.45],[82.86,18.42],[82.9,18.42],[82.89,18.38],[82.93,18.36],[82.96,18.37],[82.98,18.36],[82.99,18.39],[83.06,18.38],[83.08,18.41],[83.06,18.41],[83.06,18.44],[83.04,18.43],[83.02,18.46],[83.05,18.48],[83.09,18.55],[83.05,18.54],[83.03,18.56],[83.04,18.59],[83.01,18.59],[83.0,18.61],[83.02,18.63],[83.01,18.65],[83.06,18.67],[83.07,18.71],[83.11,18.74],[83.12,18.78],[83.14,18.79],[83.15,18.77],[83.18,18.77],[83.19,18.75],[83.22,18.74],[83.23,18.75],[83.22,18.78],[83.28,18.77],[83.27,18.78],[83.28,18.8],[83.33,18.81],[83.36,18.84],[83.38,18.83],[83.4,18.84],[83.41,18.88],[83.38,18.89],[83.36,18.93],[83.32,18.93],[83.33,18.97],[83.31,18.98],[83.31,19.0],[83.34,19.0],[83.34,19.02],[83.37,19.02],[83.36,19.01],[83.37,19.0],[83.41,19.01],[83.45,18.97],[83.44,18.96],[83.46,18.96],[83.47,18.98],[83.45,18.99],[83.45,19.01],[83.48,19.01],[83.46,19.08],[83.48,19.09],[83.49,19.07],[83.51,19.07],[83.52,19.03],[83.5,19.04],[83.5,19.02],[83.54,19.01],[83.55,19.09],[83.57,19.08],[83.56,19.06],[83.58,19.06],[83.58,19.09],[83.61,19.1],[83.6,19.14],[83.62,19.15],[83.66,19.13],[83.66,19.08],[83.69,19.06],[83.7,19.02],[83.71,19.03],[83.73,19.02],[83.71,19.01],[83.71,18.99],[83.73,18.99],[83.77,18.91],[83.78,18.94],[83.77,18.96],[83.75,18.96],[83.74,18.99],[83.79,19.02],[83.79,19.0],[83.82,18.98],[83.82,18.93],[83.85,18.91],[83.84,18.87],[83.89,18.82],[83.92,18.83],[83.94,18.81],[84.02,18.82],[84.06,18.8],[84.07,18.77],[84.14,18.76],[84.15,18.79],[84.19,18.78],[84.21,18.8],[84.24,18.8],[84.26,18.78],[84.29,18.8],[84.31,18.79],[84.34,18.8],[84.33,18.82],[84.35,18.82],[84.36,18.84],[84.33,18.86],[84.33,18.89],[84.37,18.86],[84.37,18.89],[84.42,18.9],[84.44,18.92],[84.42,18.95],[84.44,18.97],[84.43,19.01],[84.48,18.99],[84.49,19.03],[84.56,19.07],[84.58,19.07],[84.58,19.03],[84.6,19.03],[84.62,19.07],[84.63,19.06],[84.66,19.07],[84.66,19.1],[84.62,19.09],[84.6,19.13],[84.67,19.13],[84.67,19.17],[84.71,19.16],[84.7,19.12],[84.76,19.08],[84.74,19.03],[84.59,18.88],[84.55,18.79],[84.45,18.7],[84.44,18.66],[84.36,18.59],[84.36,18.56],[84.14,18.37],[84.12,18.3],[83.98,18.24],[83.97,18.22],[83.89,18.2],[83.86,18.17],[83.74,18.13],[83.65,18.06],[83.63,18.06],[83.62,18.04],[83.6,18.04],[83.59,18.02],[83.56,18.01],[83.56,17.98],[83.52,17.94],[83.46,17.91],[83.46,17.89],[83.41,17.85],[83.42,17.84],[83.41,17.8],[83.39,17.8],[83.39,17.78],[83.35,17.76],[83.35,17.72],[83.31,17.71],[83.31,17.69],[83.26,17.64],[83.24,17.64],[83.22,17.59],[83.18,17.58],[83.17,17.56],[83.11,17.55],[83.07,17.52],[83.04,17.52],[82.99,17.47],[82.91,17.43],[82.88,17.43],[82.82,17.39],[82.79,17.39],[82.58,17.28],[82.54,17.24],[82.49,17.22],[82.46,17.18],[82.44,17.18],[82.29,17.03],[82.27,16.94],[82.25,16.94],[82.25,16.88],[82.26,16.89],[82.27,16.87],[82.31,16.87],[82.31,16.85],[82.36,16.85],[82.34,16.75],[82.36,16.7],[82.32,16.67],[82.34,16.59],[82.32,16.59],[82.31,16.56],[82.24,16.55],[81.98,16.42],[81.95,16.39],[81.83,16.37],[81.73,16.31],[81.71,16.31],[81.7,16.33],[81.58,16.35],[81.42,16.35],[81.29,16.3],[81.21,16.21],[81.2,16.11],[81.14,16.01],[81.15,15.97],[81.13,15.97],[81.0,15.84],[81.02,15.81],[81.01,15.75],[80.97,15.74],[80.96,15.72],[80.81,15.71],[80.81,15.74],[80.79,15.75],[80.79,15.82],[80.81,15.81],[80.8,15.85],[80.78,15.85],[80.75,15.88],[80.63,15.88],[80.41,15.8],[80.28,15.69],[80.23,15.59],[80.21,15.47],[80.11,15.35],[80.11,15.32],[80.08,15.27],[80.09,15.2],[80.05,15.12],[80.05,15.0],[80.09,14.88],[80.1,14.76],[80.15,14.7],[80.17,14.61],[80.19,14.61],[80.2,14.59],[80.18,14.54],[80.17,14.34],[80.15,14.32],[80.13,14.24],[80.13,14.09],[80.26,13.78],[80.23,13.7],[80.24,13.61],[80.27,13.57],[80.25,13.48],[80.23,13.47],[80.23,13.49],[80.15,13.49],[80.11,13.51],[80.11,13.49],[80.08,13.49],[80.09,13.53],[80.08,13.55],[80.06,13.54],[80.01,13.55],[80.0,13.53],[80.04,13.52],[80.05,13.49],[80.01,13.5],[80.01,13.48],[79.97,13.47],[79.97,13.43],[79.94,13.43],[79.94,13.4],[79.96,13.4],[79.94,13.35],[79.92,13.36],[79.91,13.34],[79.84,13.31],[79.81,13.32],[79.79,13.29],[79.76,13.32],[79.76,13.3],[79.73,13.29],[79.75,13.26],[79.79,13.25],[79.79,13.23],[79.76,13.21],[79.74,13.22],[79.74,13.24],[79.73,13.22],[79.7,13.22],[79.71,13.25],[79.68,13.24],[79.69,13.29],[79.64,13.29],[79.63,13.27],[79.6,13.29],[79.59,13.26],[79.57,13.26],[79.53,13.28],[79.54,13.34],[79.51,13.33],[79.5,13.35],[79.43,13.35],[79.38,13.31],[79.42,13.29],[79.45,13.3],[79.43,13.29],[79.43,13.27],[79.41,13.27],[79.42,13.24],[79.45,13.24],[79.44,13.2],[79.38,13.19],[79.38,13.16],[79.36,13.17],[79.36,13.12],[79.35,13.13],[79.28,13.12],[79.28,13.16],[79.25,13.16],[79.25,13.14],[79.24,13.17],[79.21,13.16],[79.23,13.14],[79.23,13.1],[79.19,13.08],[79.19,13.03],[79.17,13.02],[79.15,13.02],[79.14,13.04],[79.07,13.03],[79.06,13.06],[79.0,13.09],[78.92,13.08],[78.91,13.07],[78.92,13.03],[78.89,13.03],[78.9,13.1],[78.87,13.1],[78.87,13.08],[78.81,13.09],[78.79,13.06],[78.71,13.07],[78.71,13.02],[78.66,13.03],[78.63,13.0],[78.65,12.93],[78.63,12.93],[78.62,12.88],[78.6,12.86],[78.61,12.82],[78.59,12.78],[78.56,12.76],[78.56,12.7],[78.53,12.69],[78.53,12.72],[78.49,12.75],[78.5,12.67]],[[78.44,12.9],[78.45,12.9],[78.47,12.87],[78.47,12.91],[78.44,12.9]],[[83.05,18.59],[83.05,18.6],[83.04,18.6],[83.04,18.59],[83.05,18.59]],[[84.39,18.88],[84.4,18.88],[84.4,18.89],[84.39,18.89],[84.39,18.88]],[[83.35,18.97],[83.35,18.94],[83.37,18.94],[83.37,18.96],[83.35,18.97]],[[82.23,16.75],[82.23,16.76],[82.22,16.76],[82.22,16.75],[82.23,16.75]],[[82.21,16.75],[82.21,16.73],[82.19,16.74],[82.19,16.72],[82.24,16.72],[82.21,16.75]],[[82.24,16.71],[82.25,16.7],[82.31,16.71],[82.31,16.75],[82.24,16.71]]],[[[82.36,16.91],[82.37,16.93],[82.37,16.87],[82.36,16.87],[82.36,16.91]]],[[[82.33,16.97],[82.34,16.99],[82.36,16.95],[82.35,16.95],[82.33,16.97]]],[[[84.42,18.92],[84.42,18.91],[84.41,18.92],[84.42,18.92]]],[[[83.64,19.15],[83.63,19.15],[83.63,19.16],[83.64,19.16],[83.64,19.15]]]]}},{"type":"Feature","properties":{"k":"TAMILNADU","n":"TAMIL NADU","c":"33"},"geometry":{"type":"MultiPolygon","coordinates":[[[[77.17,8.75],[77.18,8.74],[77.17,8.74],[77.17,8.75]]],[[[78.21,8.83],[78.2,8.83],[78.2,8.84],[78.21,8.84],[78.21,8.83]]],[[[77.2,8.93],[77.2,8.92],[77.19,8.92],[77.19,8.93],[77.2,8.93]]],[[[78.25,8.95],[78.25,8.96],[78.26,8.96],[78.26,8.95],[78.25,8.95]]],[[[78.58,9.1],[78.57,9.1],[78.57,9.11],[78.58,9.11],[78.58,9.1]]],[[[78.7,9.15],[78.69,9.15],[78.69,9.16],[78.7,9.16],[78.7,9.15]]],[[[79.08,9.2],[79.09,9.2],[79.09,9.19],[79.08,9.19],[79.08,9.2]]],[[[79.06,9.21],[79.07,9.21],[79.07,9.2],[79.06,9.2],[79.06,9.21]]],[[[79.12,9.21],[79.12,9.22],[79.13,9.22],[79.13,9.21],[79.12,9.21]]],[[[78.15,8.69],[78.13,8.62],[78.14,8.5],[78.13,8.47],[78.07,8.43],[78.07,8.37],[77.99,8.35],[77.89,8.27],[77.85,8.26],[77.83,8.22],[77.8,8.2],[77.81,8.19],[77.8,8.16],[77.65,8.16],[77.62,8.14],[77.6,8.15],[77.57,8.13],[77.56,8.08],[77.44,8.09],[77.34,8.13],[77.31,8.12],[77.29,8.16],[77.24,8.17],[77.21,8.21],[77.19,8.21],[77.15,8.26],[77.13,8.26],[77.1,8.29],[77.1,8.31],[77.12,8.31],[77.13,8.33],[77.17,8.33],[77.15,8.39],[77.18,8.39],[77.2,8.44],[77.23,8.45],[77.21,8.47],[77.21,8.51],[77.25,8.5],[77.28,8.54],[77.27,8.59],[77.2,8.67],[77.2,8.71],[77.18,8.71],[77.2,8.77],[77.23,8.78],[77.23,8.81],[77.25,8.81],[77.26,8.88],[77.22,8.9],[77.22,8.93],[77.19,8.94],[77.2,8.96],[77.16,8.99],[77.15,9.02],[77.17,9.05],[77.2,9.05],[77.21,9.1],[77.25,9.12],[77.25,9.14],[77.27,9.15],[77.26,9.2],[77.28,9.21],[77.29,9.27],[77.28,9.3],[77.3,9.31],[77.3,9.34],[77.32,9.33],[77.34,9.36],[77.35,9.45],[77.36,9.46],[77.38,9.45],[77.41,9.5],[77.41,9.52],[77.38,9.52],[77.36,9.54],[77.35,9.56],[77.36,9.59],[77.32,9.58],[77.33,9.6],[77.3,9.6],[77.29,9.58],[77.26,9.57],[77.24,9.59],[77.23,9.58],[77.21,9.61],[77.17,9.61],[77.17,9.64],[77.21,9.69],[77.2,9.72],[77.23,9.75],[77.22,9.79],[77.25,9.8],[77.24,9.82],[77.22,9.82],[77.23,9.83],[77.22,9.85],[77.24,9.86],[77.22,9.86],[77.21,9.88],[77.23,9.93],[77.27,9.96],[77.26,10.04],[77.2,10.09],[77.2,10.11],[77.23,10.13],[77.27,10.12],[77.27,10.18],[77.29,10.2],[77.28,10.21],[77.29,10.23],[77.26,10.24],[77.26,10.27],[77.23,10.31],[77.24,10.35],[77.19,10.36],[77.17,10.36],[77.13,10.32],[77.06,10.3],[77.05,10.26],[77.0,10.24],[76.99,10.22],[76.95,10.24],[76.91,10.23],[76.9,10.26],[76.87,10.27],[76.87,10.29],[76.83,10.3],[76.85,10.36],[76.82,10.39],[76.84,10.6],[76.82,10.6],[76.81,10.64],[76.88,10.64],[76.87,10.71],[76.9,10.74],[76.91,10.79],[76.9,10.81],[76.85,10.82],[76.85,10.85],[76.82,10.88],[76.74,10.89],[76.66,10.93],[76.7,11.03],[76.78,11.03],[76.74,11.07],[76.75,11.14],[76.71,11.14],[76.69,11.17],[76.73,11.19],[76.74,11.22],[76.69,11.24],[76.63,11.19],[76.52,11.19],[76.51,11.21],[76.47,11.21],[76.47,11.19],[76.44,11.2],[76.45,11.24],[76.53,11.28],[76.55,11.36],[76.45,11.39],[76.42,11.42],[76.42,11.44],[76.37,11.46],[76.34,11.47],[76.33,11.45],[76.29,11.48],[76.25,11.47],[76.24,11.58],[76.27,11.6],[76.3,11.59],[76.3,11.57],[76.34,11.6],[76.36,11.59],[76.39,11.63],[76.43,11.63],[76.44,11.66],[76.5,11.7],[76.53,11.7],[76.55,11.68],[76.55,11.64],[76.58,11.61],[76.76,11.62],[76.86,11.6],[76.86,11.62],[76.84,11.63],[76.84,11.67],[76.85,11.7],[76.89,11.73],[76.9,11.79],[76.97,11.78],[76.98,11.81],[77.03,11.81],[77.04,11.79],[77.07,11.79],[77.06,11.76],[77.09,11.73],[77.11,11.73],[77.11,11.77],[77.25,11.81],[77.3,11.81],[77.33,11.77],[77.35,11.77],[77.36,11.79],[77.4,11.79],[77.43,11.76],[77.47,11.85],[77.46,11.9],[77.49,11.89],[77.49,11.94],[77.54,11.93],[77.67,11.95],[77.7,12.03],[77.73,12.07],[77.76,12.08],[77.78,12.12],[77.75,12.13],[77.75,12.16],[77.73,12.18],[77.67,12.2],[77.61,12.21],[77.48,12.2],[77.47,12.26],[77.49,12.28],[77.55,12.29],[77.6,12.36],[77.62,12.36],[77.63,12.5],[77.6,12.47],[77.59,12.49],[77.62,12.51],[77.59,12.52],[77.58,12.55],[77.6,12.67],[77.74,12.67],[77.74,12.7],[77.77,12.7],[77.76,12.74],[77.79,12.74],[77.78,12.77],[77.81,12.82],[77.79,12.85],[77.83,12.87],[77.89,12.87],[77.94,12.89],[77.93,12.87],[77.97,12.85],[77.96,12.83],[77.98,12.84],[77.99,12.81],[78.01,12.81],[78.0,12.83],[78.02,12.83],[78.03,12.85],[78.06,12.85],[78.07,12.83],[78.09,12.83],[78.09,12.81],[78.13,12.8],[78.13,12.78],[78.23,12.77],[78.24,12.72],[78.21,12.71],[78.2,12.69],[78.24,12.69],[78.24,12.71],[78.26,12.7],[78.27,12.71],[78.31,12.66],[78.35,12.65],[78.36,12.63],[78.43,12.64],[78.47,12.62],[78.47,12.67],[78.5,12.67],[78.5,12.72],[78.51,12.71],[78.53,12.72],[78.53,12.69],[78.56,12.7],[78.56,12.76],[78.59,12.78],[78.61,12.82],[78.6,12.86],[78.62,12.88],[78.63,12.93],[78.65,12.93],[78.63,13.0],[78.66,13.03],[78.71,13.02],[78.71,13.07],[78.79,13.06],[78.81,13.09],[78.87,13.08],[78.87,13.1],[78.9,13.1],[78.89,13.03],[78.92,13.03],[78.91,13.04],[78.92,13.08],[79.0,13.09],[79.06,13.06],[79.07,13.03],[79.14,13.04],[79.15,13.02],[79.17,13.02],[79.19,13.03],[79.19,13.08],[79.23,13.1],[79.23,13.14],[79.21,13.16],[79.24,13.17],[79.24,13.14],[79.25,13.16],[79.28,13.16],[79.28,13.12],[79.32,13.11],[79.32,13.13],[79.36,13.12],[79.36,13.17],[79.38,13.16],[79.38,13.19],[79.44,13.2],[79.45,13.24],[79.42,13.24],[79.41,13.27],[79.43,13.27],[79.43,13.29],[79.45,13.3],[79.42,13.29],[79.38,13.31],[79.43,13.35],[79.5,13.35],[79.51,13.33],[79.54,13.34],[79.53,13.28],[79.57,13.26],[79.59,13.26],[79.6,13.29],[79.62,13.27],[79.64,13.29],[79.69,13.29],[79.68,13.24],[79.71,13.25],[79.7,13.22],[79.73,13.22],[79.74,13.24],[79.74,13.22],[79.76,13.21],[79.79,13.23],[79.79,13.25],[79.75,13.26],[79.73,13.29],[79.76,13.3],[79.76,13.32],[79.79,13.29],[79.81,13.32],[79.84,13.31],[79.91,13.34],[79.92,13.36],[79.94,13.35],[79.96,13.38],[79.96,13.4],[79.94,13.4],[79.94,13.43],[79.97,13.43],[79.97,13.47],[80.01,13.48],[80.01,13.5],[80.05,13.49],[80.04,13.52],[80.0,13.53],[80.01,13.55],[80.03,13.54],[80.08,13.55],[80.09,13.54],[80.08,13.49],[80.11,13.49],[80.11,13.51],[80.15,13.49],[80.23,13.49],[80.24,13.47],[80.27,13.56],[80.3,13.47],[80.33,13.45],[80.35,13.28],[80.3,13.15],[80.31,13.1],[80.29,13.08],[80.26,12.96],[80.25,12.9],[80.26,12.78],[80.23,12.73],[80.19,12.57],[80.16,12.52],[80.15,12.43],[80.11,12.37],[80.04,12.31],[79.88,12.05],[79.84,12.04],[79.84,12.01],[79.86,12.01],[79.85,11.97],[79.82,11.96],[79.81,11.98],[79.81,11.95],[79.78,11.96],[79.76,11.92],[79.74,11.97],[79.69,11.96],[79.7,11.94],[79.72,11.95],[79.72,11.92],[79.7,11.92],[79.71,11.86],[79.73,11.87],[79.75,11.85],[79.77,11.9],[79.8,11.9],[79.79,11.86],[79.81,11.85],[79.81,11.83],[79.73,11.84],[79.73,11.8],[79.71,11.79],[79.8,11.79],[79.76,11.64],[79.76,11.53],[79.81,11.45],[79.82,11.38],[79.84,11.36],[79.83,11.32],[79.86,11.19],[79.86,11.0],[79.8,11.0],[79.8,10.98],[79.79,11.0],[79.75,11.0],[79.73,10.93],[79.76,10.92],[79.76,10.89],[79.82,10.89],[79.81,10.85],[79.85,10.83],[79.85,10.6],[79.88,10.29],[79.75,10.27],[79.49,10.32],[79.38,10.32],[79.37,10.29],[79.33,10.29],[79.32,10.27],[79.3,10.27],[79.27,10.24],[79.28,10.21],[79.24,10.19],[79.23,10.15],[79.23,10.08],[79.25,10.07],[79.26,10.03],[79.24,10.03],[79.21,10.0],[79.21,9.98],[79.15,9.93],[79.15,9.91],[79.12,9.89],[79.12,9.85],[79.08,9.82],[79.06,9.77],[79.04,9.77],[79.02,9.73],[78.99,9.71],[78.97,9.68],[78.97,9.64],[78.96,9.62],[78.94,9.62],[78.92,9.57],[78.91,9.5],[78.92,9.5],[78.9,9.49],[78.92,9.42],[79.01,9.33],[79.09,9.29],[79.16,9.28],[79.11,9.26],[78.87,9.26],[78.72,9.21],[78.72,9.19],[78.65,9.19],[78.64,9.15],[78.6,9.15],[78.58,9.13],[78.51,9.14],[78.4,9.11],[78.2,8.95],[78.17,8.89],[78.16,8.81],[78.16,8.77],[78.2,8.77],[78.2,8.75],[78.16,8.72],[78.15,8.69]],[[77.17,8.32],[77.18,8.32],[77.18,8.33],[77.17,8.33],[77.17,8.32]],[[77.11,11.72],[77.12,11.72],[77.12,11.73],[77.11,11.73],[77.11,11.72]],[[77.93,12.86],[77.92,12.83],[77.94,12.82],[77.94,12.86],[77.93,12.86]],[[78.93,13.04],[78.93,13.05],[78.92,13.05],[78.92,13.04],[78.93,13.04]],[[78.93,13.03],[78.94,13.03],[78.94,13.04],[78.93,13.04],[78.93,13.03]],[[79.69,11.97],[79.64,11.97],[79.65,12.03],[79.63,12.03],[79.63,11.9],[79.67,11.92],[79.66,11.95],[79.68,11.95],[79.69,11.97]],[[79.69,11.9],[79.69,11.89],[79.7,11.89],[79.69,11.9]],[[79.68,11.89],[79.67,11.89],[79.67,11.88],[79.69,11.88],[79.68,11.89]],[[79.77,11.87],[79.76,11.85],[79.78,11.84],[79.78,11.88],[79.77,11.87]],[[77.04,11.77],[77.04,11.78],[77.03,11.78],[77.03,11.77],[77.04,11.77]],[[76.79,11.05],[76.79,11.04],[76.8,11.06],[76.79,11.05]],[[77.32,8.86],[77.32,8.87],[77.31,8.87],[77.31,8.86],[77.32,8.86]],[[79.68,11.81],[79.67,11.81],[79.67,11.8],[79.69,11.8],[79.68,11.81]],[[79.67,11.82],[79.66,11.84],[79.64,11.83],[79.65,11.81],[79.67,11.82]],[[79.7,11.81],[79.7,11.82],[79.69,11.82],[79.69,11.81],[79.7,11.81]],[[79.79,12.02],[79.8,12.02],[79.8,12.03],[79.79,12.03],[79.79,12.02]],[[79.63,11.86],[79.66,11.85],[79.64,11.89],[79.6,11.88],[79.6,11.86],[79.63,11.86]],[[79.75,11.99],[79.76,11.99],[79.75,12.01],[79.73,11.99],[79.71,12.0],[79.7,12.04],[79.66,12.01],[79.66,11.99],[79.72,11.98],[79.75,11.99]]],[[[76.43,11.66],[76.43,11.67],[76.44,11.66],[76.43,11.66]]],[[[78.5,12.74],[78.51,12.74],[78.52,12.72],[78.49,12.73],[78.49,12.75],[78.5,12.74]]],[[[78.03,12.86],[78.03,12.85],[78.02,12.85],[78.02,12.86],[78.03,12.86]]],[[[79.49,9.13],[79.5,9.13],[79.5,9.12],[79.49,9.12],[79.49,9.13]]],[[[79.42,9.17],[79.42,9.18],[79.43,9.17],[79.42,9.17]]],[[[79.41,9.19],[79.41,9.18],[79.4,9.18],[79.4,9.19],[79.41,9.19]]],[[[79.38,9.2],[79.37,9.21],[79.39,9.21],[79.4,9.19],[79.38,9.2]]],[[[79.19,9.23],[79.19,9.26],[79.22,9.25],[79.2,9.22],[79.19,9.23]]],[[[79.23,9.25],[79.24,9.25],[79.24,9.24],[79.23,9.24],[79.23,9.25]]],[[[79.3,9.32],[79.33,9.32],[79.32,9.26],[79.37,9.21],[79.3,9.25],[79.2,9.27],[79.21,9.29],[79.27,9.29],[79.3,9.32]]],[[[79.78,10.9],[79.78,10.91],[79.79,10.91],[79.79,10.9],[79.78,10.9]]],[[[79.76,10.97],[79.76,10.96],[79.75,10.96],[79.75,10.97],[79.76,10.97]]],[[[79.73,11.89],[79.71,11.89],[79.72,11.92],[79.74,11.91],[79.73,11.89]]],[[[79.65,11.95],[79.65,11.94],[79.64,11.94],[79.64,11.95],[79.65,11.95]]],[[[79.31,13.13],[79.31,13.12],[79.3,13.12],[79.3,13.13],[79.31,13.13]]]]}},{"type":"Feature","properties":{"k":"TELANGANA","n":"TELANGANA","c":"36"},"geometry":{"type":"MultiPolygon","coordinates":[[[[77.66,17.51],[77.66,17.5],[77.65,17.5],[77.66,17.51]]],[[[77.52,16.28],[77.54,16.27],[77.55,16.3],[77.6,16.29],[77.59,16.34],[77.56,16.34],[77.51,16.38],[77.4,16.37],[77.38,16.39],[77.35,16.38],[77.33,16.4],[77.28,16.41],[77.24,16.48],[77.28,16.47],[77.3,16.48],[77.3,16.5],[77.37,16.49],[77.38,16.52],[77.42,16.52],[77.42,16.55],[77.4,16.55],[77.39,16.57],[77.43,16.57],[77.44,16.59],[77.47,16.6],[77.45,16.61],[77.47,16.65],[77.44,16.64],[77.42,16.67],[77.47,16.68],[77.47,16.72],[77.43,16.71],[77.43,16.74],[77.44,16.79],[77.45,16.78],[77.48,16.79],[77.46,16.81],[77.47,16.92],[77.46,16.94],[77.48,16.96],[77.5,17.04],[77.45,17.12],[77.44,17.11],[77.41,17.12],[77.36,17.16],[77.37,17.2],[77.4,17.2],[77.38,17.23],[77.42,17.24],[77.46,17.28],[77.44,17.29],[77.46,17.33],[77.45,17.37],[77.48,17.36],[77.53,17.37],[77.52,17.39],[77.54,17.41],[77.51,17.41],[77.52,17.44],[77.58,17.43],[77.58,17.45],[77.61,17.44],[77.61,17.47],[77.69,17.48],[77.69,17.51],[77.6,17.53],[77.6,17.56],[77.55,17.55],[77.53,17.58],[77.5,17.54],[77.49,17.57],[77.44,17.59],[77.45,17.69],[77.57,17.75],[77.57,17.77],[77.55,17.76],[77.54,17.78],[77.51,17.78],[77.51,17.8],[77.53,17.81],[77.53,17.83],[77.55,17.82],[77.57,17.84],[77.59,17.91],[77.62,17.9],[77.62,17.95],[77.63,17.96],[77.65,17.95],[77.65,18.0],[77.62,18.0],[77.61,18.02],[77.59,18.01],[77.55,18.04],[77.56,18.08],[77.6,18.09],[77.6,18.16],[77.58,18.16],[77.56,18.19],[77.58,18.2],[77.57,18.25],[77.6,18.28],[77.55,18.29],[77.57,18.32],[77.52,18.34],[77.52,18.37],[77.56,18.41],[77.53,18.44],[77.58,18.44],[77.58,18.46],[77.55,18.47],[77.57,18.47],[77.58,18.49],[77.6,18.48],[77.6,18.55],[77.63,18.54],[77.64,18.56],[77.66,18.53],[77.7,18.56],[77.74,18.56],[77.75,18.62],[77.73,18.64],[77.73,18.67],[77.76,18.71],[77.79,18.68],[77.84,18.81],[77.95,18.83],[77.93,18.86],[77.89,18.88],[77.88,18.91],[77.87,18.9],[77.84,18.91],[77.86,18.95],[77.82,18.94],[77.82,18.98],[77.79,18.97],[77.77,18.98],[77.76,19.03],[77.77,19.06],[77.8,19.05],[77.8,19.1],[77.82,19.11],[77.83,19.09],[77.85,19.09],[77.85,19.12],[77.83,19.14],[77.85,19.14],[77.86,19.17],[77.85,19.2],[77.87,19.26],[77.91,19.26],[77.9,19.28],[77.87,19.28],[77.87,19.31],[77.96,19.34],[77.98,19.31],[78.01,19.3],[78.01,19.28],[78.04,19.27],[78.04,19.24],[78.06,19.25],[78.08,19.24],[78.12,19.25],[78.14,19.23],[78.18,19.24],[78.19,19.33],[78.17,19.34],[78.19,19.39],[78.18,19.41],[78.2,19.41],[78.21,19.43],[78.25,19.43],[78.27,19.46],[78.28,19.45],[78.31,19.46],[78.3,19.52],[78.27,19.55],[78.3,19.56],[78.3,19.62],[78.29,19.65],[78.26,19.66],[78.27,19.69],[78.31,19.69],[78.32,19.71],[78.34,19.71],[78.34,19.74],[78.36,19.75],[78.36,19.81],[78.33,19.81],[78.34,19.84],[78.29,19.84],[78.31,19.92],[78.33,19.92],[78.32,19.9],[78.33,19.88],[78.38,19.88],[78.38,19.85],[78.4,19.83],[78.43,19.81],[78.48,19.82],[78.49,19.79],[78.51,19.8],[78.51,19.82],[78.61,19.82],[78.7,19.79],[78.7,19.77],[78.79,19.78],[78.8,19.76],[78.84,19.76],[78.86,19.7],[78.85,19.66],[78.88,19.65],[78.9,19.67],[78.96,19.66],[78.97,19.57],[78.95,19.57],[78.94,19.55],[78.99,19.56],[79.0,19.54],[79.05,19.55],[79.07,19.53],[79.14,19.51],[79.18,19.46],[79.22,19.46],[79.21,19.51],[79.24,19.52],[79.25,19.57],[79.24,19.62],[79.27,19.6],[79.31,19.6],[79.31,19.57],[79.37,19.58],[79.37,19.56],[79.39,19.56],[79.41,19.53],[79.45,19.53],[79.47,19.5],[79.51,19.51],[79.52,19.55],[79.55,19.55],[79.55,19.52],[79.6,19.51],[79.61,19.56],[79.63,19.58],[79.71,19.58],[79.74,19.61],[79.82,19.58],[79.82,19.55],[79.86,19.51],[79.92,19.5],[79.93,19.47],[79.95,19.47],[79.95,19.44],[79.98,19.4],[79.96,19.35],[79.97,19.3],[79.94,19.28],[79.92,19.23],[79.95,19.17],[79.86,19.12],[79.87,19.04],[79.93,19.05],[79.94,18.98],[79.96,18.95],[79.96,18.86],[79.91,18.82],[79.96,18.77],[80.0,18.78],[80.02,18.77],[80.02,18.75],[80.03,18.76],[80.04,18.75],[80.05,18.72],[80.09,18.71],[80.11,18.68],[80.15,18.7],[80.2,18.68],[80.21,18.71],[80.24,18.7],[80.28,18.72],[80.34,18.6],[80.43,18.61],[80.44,18.63],[80.52,18.62],[80.53,18.59],[80.56,18.58],[80.57,18.56],[80.6,18.56],[80.61,18.53],[80.64,18.52],[80.64,18.49],[80.69,18.46],[80.71,18.41],[80.72,18.42],[80.73,18.41],[80.72,18.38],[80.75,18.33],[80.75,18.3],[80.79,18.26],[80.74,18.23],[80.74,18.17],[80.8,18.17],[80.82,18.19],[80.82,18.24],[80.87,18.23],[80.87,18.21],[80.85,18.21],[80.87,18.14],[80.91,18.14],[80.98,18.18],[80.98,18.15],[80.95,18.13],[80.95,18.08],[80.97,18.06],[80.98,17.96],[81.0,17.92],[80.99,17.88],[81.0,17.81],[81.04,17.78],[81.07,17.78],[81.09,17.8],[81.1,17.76],[81.07,17.75],[81.06,17.73],[81.04,17.75],[80.99,17.75],[80.98,17.78],[80.9,17.75],[80.89,17.68],[80.91,17.64],[80.89,17.63],[80.86,17.64],[80.85,17.6],[80.97,17.6],[81.02,17.52],[81.08,17.52],[81.1,17.5],[81.13,17.53],[81.14,17.49],[81.16,17.49],[81.15,17.46],[81.18,17.46],[81.17,17.45],[81.2,17.43],[81.21,17.45],[81.26,17.42],[81.32,17.41],[81.32,17.36],[81.28,17.32],[81.2,17.33],[81.18,17.31],[81.19,17.25],[81.17,17.23],[81.05,17.22],[81.04,17.19],[80.99,17.19],[80.96,17.2],[80.95,17.22],[80.92,17.22],[80.93,17.17],[80.92,17.15],[80.88,17.16],[80.88,17.07],[80.85,17.04],[80.75,17.08],[80.65,17.07],[80.67,17.11],[80.64,17.11],[80.64,17.13],[80.61,17.13],[80.59,17.15],[80.57,17.15],[80.54,17.12],[80.51,17.12],[80.5,17.1],[80.51,17.07],[80.47,17.05],[80.47,17.03],[80.45,17.03],[80.42,17.06],[80.42,17.09],[80.4,17.09],[80.39,17.05],[80.41,17.02],[80.37,16.99],[80.37,16.97],[80.45,16.96],[80.48,16.93],[80.5,16.94],[80.5,16.96],[80.51,16.95],[80.55,16.96],[80.6,16.92],[80.6,16.88],[80.57,16.88],[80.56,16.84],[80.59,16.8],[80.61,16.8],[80.58,16.77],[80.55,16.78],[80.52,16.77],[80.47,16.79],[80.46,16.8],[80.47,16.82],[80.45,16.82],[80.43,16.85],[80.41,16.85],[80.41,16.83],[80.38,16.82],[80.37,16.86],[80.34,16.86],[80.34,16.88],[80.32,16.88],[80.32,16.95],[80.29,16.98],[80.29,17.01],[80.24,17.0],[80.21,17.01],[80.19,17.04],[80.19,17.02],[80.15,17.01],[80.14,16.99],[80.09,16.99],[80.09,16.97],[80.06,16.97],[80.05,16.93],[80.02,16.92],[80.0,16.86],[80.05,16.85],[80.05,16.83],[80.07,16.82],[80.07,16.78],[80.05,16.77],[80.06,16.75],[80.03,16.71],[79.99,16.7],[79.98,16.66],[79.95,16.63],[79.91,16.63],[79.89,16.65],[79.88,16.7],[79.85,16.71],[79.81,16.69],[79.79,16.73],[79.76,16.73],[79.74,16.72],[79.73,16.69],[79.66,16.69],[79.64,16.66],[79.59,16.67],[79.55,16.63],[79.5,16.64],[79.49,16.62],[79.44,16.62],[79.43,16.58],[79.32,16.58],[79.3,16.56],[79.26,16.57],[79.25,16.53],[79.22,16.52],[79.21,16.49],[79.23,16.47],[79.21,16.45],[79.21,16.35],[79.23,16.34],[79.22,16.23],[79.19,16.21],[79.15,16.21],[79.13,16.23],[79.09,16.22],[79.06,16.24],[79.01,16.24],[78.99,16.21],[78.92,16.2],[78.9,16.18],[78.92,16.15],[78.92,16.1],[78.89,16.09],[78.87,16.15],[78.83,16.15],[78.84,16.07],[78.79,16.02],[78.73,16.01],[78.71,16.03],[78.68,16.03],[78.67,16.06],[78.63,16.09],[78.61,16.09],[78.56,16.04],[78.49,16.07],[78.39,16.07],[78.38,16.05],[78.34,16.05],[78.32,16.01],[78.26,16.03],[78.25,15.93],[78.18,15.91],[78.19,15.88],[78.17,15.85],[78.08,15.84],[78.05,15.87],[78.04,15.91],[78.02,15.9],[78.01,15.86],[77.98,15.88],[77.93,15.88],[77.89,15.91],[77.86,15.88],[77.81,15.87],[77.77,15.89],[77.75,15.88],[77.73,15.9],[77.68,15.88],[77.64,15.89],[77.62,15.92],[77.59,15.91],[77.52,15.93],[77.51,16.01],[77.49,16.03],[77.51,16.07],[77.5,16.08],[77.51,16.12],[77.49,16.12],[77.49,16.19],[77.5,16.22],[77.52,16.22],[77.49,16.23],[77.49,16.26],[77.5,16.28],[77.52,16.28]],[[77.59,17.87],[77.6,17.87],[77.6,17.88],[77.59,17.88],[77.59,17.87]],[[80.4,16.86],[80.38,16.86],[80.38,16.85],[80.41,16.85],[80.4,16.86]]]]}},{"type":"Feature","properties":{"k":"LAKSHADWEEP","n":"LAKSHADWEEP","c":"31"},"geometry":{"type":"MultiPolygon","coordinates":[[[[72.28,10.04],[72.29,10.05],[72.29,10.04],[72.28,10.04]]],[[[72.64,10.58],[72.65,10.58],[72.65,10.56],[72.63,10.56],[72.64,10.58]]],[[[72.17,10.83],[72.18,10.83],[72.18,10.82],[72.17,10.82],[72.17,10.83]]],[[[72.19,10.87],[72.2,10.87],[72.2,10.86],[72.19,10.86],[72.19,10.87]]],[[[72.2,10.88],[72.21,10.88],[72.21,10.87],[72.2,10.87],[72.2,10.88]]],[[[72.73,11.12],[72.72,11.12],[72.72,11.13],[72.73,11.13],[72.73,11.12]]],[[[72.77,11.19],[72.76,11.19],[72.76,11.2],[72.77,11.2],[72.77,11.19]]],[[[72.71,11.7],[72.72,11.7],[72.72,11.69],[72.71,11.69],[72.71,11.7]]],[[[73.04,8.26],[73.03,8.27],[73.05,8.27],[73.04,8.26]]],[[[73.06,8.27],[73.05,8.27],[73.05,8.28],[73.06,8.28],[73.06,8.27]]],[[[73.06,8.28],[73.06,8.3],[73.07,8.3],[73.07,8.28],[73.06,8.28]]],[[[73.64,10.06],[73.64,10.08],[73.65,10.08],[73.65,10.06],[73.64,10.06]]],[[[73.66,10.81],[73.66,10.82],[73.7,10.82],[73.68,10.8],[73.66,10.81]]],[[[72.77,11.21],[72.77,11.23],[72.78,11.23],[72.78,11.21],[72.77,11.21]]],[[[72.79,11.24],[72.78,11.24],[72.78,11.25],[72.79,11.25],[72.79,11.24]]],[[[73.0,11.5],[73.01,11.5],[73.01,11.48],[73.0,11.48],[73.0,11.5]]]]}},{"type":"Feature","properties":{"k":"PUDUCHERRY","n":"PUDUCHERRY","c":"34"},"geometry":{"type":"MultiPolygon","coordinates":[[[[75.53,11.71],[75.54,11.71],[75.54,11.7],[75.53,11.7],[75.53,11.71]]],[[[75.55,11.73],[75.56,11.72],[75.53,11.72],[75.53,11.73],[75.55,11.73]]],[[[75.53,11.75],[75.53,11.76],[75.55,11.76],[75.54,11.75],[75.53,11.75]]],[[[79.67,11.81],[79.69,11.81],[79.69,11.8],[79.67,11.8],[79.67,11.81]]],[[[79.69,11.81],[79.69,11.82],[79.7,11.82],[79.7,11.81],[79.69,11.81]]],[[[79.65,11.82],[79.64,11.83],[79.66,11.84],[79.67,11.81],[79.65,11.82]]],[[[79.63,11.86],[79.6,11.86],[79.6,11.88],[79.64,11.89],[79.66,11.87],[79.66,11.85],[79.63,11.86]]],[[[79.67,11.89],[79.69,11.89],[79.69,11.88],[79.67,11.88],[79.67,11.89]]],[[[79.69,11.89],[79.69,11.9],[79.7,11.89],[79.69,11.89]]],[[[79.64,11.91],[79.63,11.9],[79.62,11.92],[79.63,12.03],[79.65,12.03],[79.64,11.97],[79.69,11.97],[79.68,11.95],[79.66,11.95],[79.67,11.92],[79.64,11.91]],[[79.65,11.95],[79.64,11.95],[79.64,11.94],[79.65,11.94],[79.65,11.95]]],[[[79.66,11.99],[79.66,12.01],[79.7,12.04],[79.7,12.01],[79.72,11.99],[79.71,11.99],[79.66,11.99]]],[[[79.74,10.97],[79.75,11.0],[79.79,11.0],[79.79,10.98],[79.8,11.0],[79.85,10.99],[79.85,10.83],[79.81,10.85],[79.82,10.89],[79.76,10.89],[79.76,10.92],[79.74,10.91],[79.74,10.93],[79.72,10.93],[79.73,10.94],[79.72,10.97],[79.74,10.97]],[[79.75,10.96],[79.76,10.96],[79.76,10.97],[79.75,10.97],[79.75,10.96]],[[79.79,10.9],[79.79,10.91],[79.78,10.91],[79.78,10.9],[79.79,10.9]],[[79.74,10.95],[79.74,10.96],[79.73,10.96],[79.73,10.95],[79.74,10.95]]],[[[79.8,11.83],[79.8,11.79],[79.78,11.78],[79.71,11.79],[79.73,11.8],[79.73,11.84],[79.8,11.83]]],[[[79.72,11.92],[79.71,11.89],[79.7,11.89],[79.7,11.92],[79.72,11.92]]],[[[79.7,11.94],[79.69,11.96],[79.71,11.97],[79.71,11.99],[79.72,11.97],[79.75,11.96],[79.75,11.92],[79.78,11.96],[79.81,11.96],[79.82,11.98],[79.82,11.96],[79.84,11.96],[79.82,11.86],[79.78,11.86],[79.77,11.84],[79.77,11.88],[79.75,11.87],[79.75,11.85],[79.73,11.87],[79.71,11.86],[79.71,11.89],[79.73,11.89],[79.74,11.91],[79.72,11.92],[79.72,11.95],[79.7,11.94]]],[[[79.75,12.01],[79.76,11.99],[79.72,11.98],[79.74,12.01],[79.75,12.01]]],[[[79.8,12.02],[79.79,12.02],[79.79,12.03],[79.8,12.03],[79.8,12.02]]],[[[79.84,12.01],[79.84,12.04],[79.87,12.05],[79.86,12.01],[79.84,12.01]]],[[[82.29,16.73],[82.31,16.75],[82.31,16.71],[82.29,16.7],[82.24,16.71],[82.29,16.73]]],[[[82.22,16.75],[82.22,16.73],[82.24,16.72],[82.19,16.72],[82.19,16.74],[82.21,16.73],[82.22,16.75]]],[[[82.22,16.76],[82.23,16.76],[82.23,16.75],[82.22,16.75],[82.22,16.76]]]]}},{"type":"Feature","properties":{"k":"SIKKIM","n":"SIKKIM","c":"11"},"geometry":{"type":"MultiPolygon","coordinates":[[[[88.01,27.22],[88.02,27.22],[88.02,27.21],[88.01,27.21],[88.01,27.22]]],[[[88.8,27.21],[88.79,27.18],[88.77,27.18],[88.76,27.15],[88.73,27.13],[88.69,27.18],[88.67,27.18],[88.66,27.16],[88.63,27.16],[88.6,27.19],[88.53,27.18],[88.53,27.15],[88.5,27.12],[88.47,27.12],[88.45,27.08],[88.36,27.09],[88.35,27.11],[88.32,27.11],[88.32,27.13],[88.17,27.13],[88.15,27.11],[88.09,27.14],[88.07,27.19],[88.08,27.2],[88.06,27.22],[88.02,27.22],[88.02,27.24],[88.05,27.33],[88.07,27.33],[88.06,27.36],[88.04,27.37],[88.05,27.41],[88.07,27.42],[88.07,27.46],[88.04,27.48],[88.04,27.5],[88.06,27.51],[88.08,27.59],[88.11,27.6],[88.12,27.65],[88.15,27.67],[88.15,27.73],[88.18,27.75],[88.18,27.78],[88.2,27.79],[88.18,27.81],[88.2,27.85],[88.15,27.87],[88.12,27.91],[88.14,27.96],[88.17,27.96],[88.18,27.94],[88.21,27.94],[88.21,27.96],[88.23,27.97],[88.24,27.95],[88.26,27.96],[88.28,27.95],[88.29,27.97],[88.35,27.99],[88.41,27.98],[88.41,28.0],[88.46,28.01],[88.49,28.05],[88.55,28.03],[88.56,28.09],[88.59,28.08],[88.6,28.1],[88.62,28.1],[88.61,28.13],[88.64,28.12],[88.64,28.1],[88.67,28.09],[88.67,28.07],[88.76,28.08],[88.81,28.02],[88.84,28.02],[88.84,27.93],[88.87,27.92],[88.89,27.85],[88.86,27.82],[88.85,27.77],[88.86,27.72],[88.84,27.71],[88.85,27.66],[88.83,27.64],[88.81,27.65],[88.81,27.6],[88.79,27.59],[88.79,27.57],[88.76,27.56],[88.79,27.53],[88.78,27.5],[88.79,27.43],[88.83,27.38],[88.87,27.37],[88.89,27.33],[88.92,27.33],[88.92,27.31],[88.91,27.27],[88.8,27.25],[88.8,27.21]]]]}},{"type":"Feature","properties":{"k":"HARYANA","n":"HARYANA","c":"06"},"geometry":{"type":"MultiPolygon","coordinates":[[[[76.22,28.04],[76.22,28.03],[76.2,28.03],[76.2,28.04],[76.22,28.04]]],[[[76.02,28.05],[76.01,28.05],[76.01,28.06],[76.02,28.06],[76.02,28.05]]],[[[75.99,28.06],[75.99,28.08],[75.95,28.08],[75.94,28.11],[75.97,28.11],[75.99,28.13],[76.0,28.12],[76.0,28.15],[76.02,28.15],[76.03,28.17],[76.07,28.17],[76.07,28.19],[76.05,28.2],[76.06,28.22],[76.01,28.24],[76.03,28.28],[76.0,28.28],[75.95,28.34],[75.93,28.34],[75.92,28.37],[75.9,28.37],[75.9,28.39],[75.88,28.38],[75.82,28.41],[75.78,28.4],[75.77,28.42],[75.79,28.43],[75.79,28.45],[75.75,28.46],[75.73,28.49],[75.7,28.49],[75.67,28.52],[75.67,28.54],[75.63,28.54],[75.62,28.6],[75.56,28.61],[75.56,28.64],[75.54,28.65],[75.53,28.73],[75.54,28.75],[75.5,28.78],[75.52,28.84],[75.5,28.85],[75.5,28.9],[75.47,28.92],[75.51,28.94],[75.53,28.99],[75.52,29.01],[75.45,29.01],[75.44,29.06],[75.39,29.06],[75.4,29.13],[75.38,29.13],[75.38,29.17],[75.41,29.17],[75.41,29.26],[75.36,29.25],[75.35,29.22],[75.33,29.23],[75.34,29.29],[75.32,29.29],[75.31,29.27],[75.29,29.27],[75.29,29.25],[75.24,29.25],[75.24,29.23],[75.21,29.23],[75.2,29.26],[75.18,29.27],[75.16,29.24],[75.12,29.24],[75.12,29.22],[75.1,29.22],[75.07,29.23],[75.05,29.29],[75.02,29.29],[75.0,29.27],[74.96,29.28],[74.96,29.33],[74.94,29.34],[74.94,29.36],[74.88,29.38],[74.87,29.4],[74.82,29.4],[74.79,29.36],[74.76,29.35],[74.72,29.37],[74.66,29.37],[74.65,29.33],[74.6,29.33],[74.61,29.36],[74.58,29.38],[74.57,29.42],[74.54,29.42],[74.53,29.44],[74.54,29.47],[74.59,29.46],[74.62,29.52],[74.57,29.56],[74.61,29.76],[74.59,29.77],[74.58,29.75],[74.56,29.76],[74.54,29.74],[74.48,29.74],[74.47,29.79],[74.5,29.83],[74.56,29.86],[74.55,29.9],[74.51,29.91],[74.53,29.95],[74.6,29.91],[74.65,29.9],[74.65,29.93],[74.68,29.94],[74.69,29.97],[74.71,29.98],[74.73,29.96],[74.82,29.99],[74.83,29.98],[74.82,29.97],[74.84,29.96],[74.9,29.96],[74.9,29.94],[74.93,29.95],[74.94,29.91],[74.98,29.9],[74.99,29.87],[75.07,29.88],[75.08,29.91],[75.11,29.91],[75.11,29.87],[75.09,29.85],[75.12,29.83],[75.1,29.82],[75.1,29.8],[75.14,29.81],[75.14,29.78],[75.17,29.78],[75.16,29.83],[75.2,29.84],[75.21,29.79],[75.23,29.79],[75.24,29.74],[75.2,29.73],[75.21,29.69],[75.17,29.66],[75.19,29.62],[75.23,29.61],[75.24,29.55],[75.31,29.56],[75.32,29.59],[75.29,29.62],[75.31,29.62],[75.32,29.66],[75.35,29.67],[75.35,29.7],[75.39,29.71],[75.41,29.77],[75.46,29.78],[75.45,29.81],[75.52,29.78],[75.52,29.76],[75.57,29.77],[75.57,29.74],[75.59,29.75],[75.62,29.74],[75.64,29.78],[75.65,29.77],[75.68,29.78],[75.69,29.75],[75.71,29.75],[75.71,29.8],[75.77,29.82],[75.79,29.82],[75.8,29.8],[75.84,29.81],[75.87,29.75],[75.92,29.75],[75.93,29.73],[75.99,29.73],[76.02,29.75],[76.05,29.74],[76.09,29.81],[76.13,29.79],[76.14,29.82],[76.19,29.82],[76.19,29.84],[76.22,29.84],[76.25,29.87],[76.22,29.89],[76.2,29.88],[76.19,29.92],[76.17,29.92],[76.19,29.97],[76.21,29.97],[76.21,30.01],[76.23,30.01],[76.21,30.03],[76.25,30.08],[76.25,30.1],[76.22,30.11],[76.21,30.15],[76.23,30.15],[76.27,30.11],[76.35,30.1],[76.35,30.13],[76.33,30.14],[76.36,30.14],[76.39,30.11],[76.4,30.12],[76.39,30.14],[76.41,30.14],[76.39,30.18],[76.43,30.19],[76.43,30.15],[76.44,30.13],[76.46,30.13],[76.46,30.1],[76.51,30.09],[76.51,30.07],[76.56,30.08],[76.57,30.11],[76.6,30.11],[76.64,30.15],[76.63,30.17],[76.6,30.18],[76.61,30.2],[76.63,30.2],[76.63,30.23],[76.6,30.24],[76.6,30.26],[76.56,30.23],[76.56,30.26],[76.63,30.27],[76.63,30.29],[76.75,30.35],[76.75,30.37],[76.71,30.39],[76.74,30.41],[76.74,30.43],[76.79,30.44],[76.78,30.42],[76.83,30.41],[76.85,30.44],[76.85,30.42],[76.88,30.41],[76.88,30.39],[76.9,30.39],[76.89,30.36],[76.94,30.38],[76.94,30.4],[76.92,30.4],[76.91,30.43],[76.89,30.43],[76.91,30.46],[76.9,30.49],[76.93,30.5],[76.93,30.52],[76.91,30.53],[76.92,30.61],[76.89,30.65],[76.87,30.64],[76.87,30.67],[76.83,30.66],[76.83,30.7],[76.85,30.71],[76.83,30.75],[76.86,30.79],[76.85,30.83],[76.81,30.84],[76.81,30.86],[76.78,30.88],[76.78,30.91],[76.83,30.93],[76.84,30.89],[76.88,30.87],[76.92,30.9],[76.92,30.87],[76.94,30.87],[76.95,30.85],[76.94,30.83],[77.01,30.81],[77.03,30.73],[77.05,30.74],[77.04,30.75],[77.1,30.74],[77.15,30.69],[77.17,30.69],[77.16,30.66],[77.18,30.64],[77.17,30.6],[77.12,30.56],[77.2,30.52],[77.21,30.47],[77.28,30.48],[77.31,30.45],[77.36,30.46],[77.36,30.43],[77.39,30.44],[77.41,30.42],[77.44,30.43],[77.46,30.46],[77.46,30.43],[77.42,30.4],[77.48,30.41],[77.5,30.4],[77.51,30.44],[77.53,30.44],[77.55,30.39],[77.6,30.37],[77.58,30.34],[77.59,30.31],[77.53,30.27],[77.48,30.18],[77.46,30.18],[77.46,30.16],[77.44,30.17],[77.42,30.15],[77.41,30.12],[77.41,30.11],[77.41,30.1],[77.41,30.09],[77.37,30.09],[77.36,30.07],[77.34,30.07],[77.34,30.05],[77.3,30.06],[77.28,30.04],[77.28,30.0],[77.25,29.98],[77.23,29.93],[77.19,29.91],[77.2,29.86],[77.18,29.86],[77.17,29.79],[77.15,29.79],[77.15,29.77],[77.12,29.77],[77.12,29.75],[77.14,29.74],[77.13,29.72],[77.16,29.69],[77.14,29.68],[77.14,29.65],[77.1,29.63],[77.11,29.6],[77.08,29.59],[77.13,29.56],[77.1,29.54],[77.1,29.51],[77.13,29.49],[77.12,29.45],[77.15,29.44],[77.13,29.4],[77.16,29.39],[77.13,29.38],[77.13,29.34],[77.16,29.34],[77.16,29.3],[77.14,29.28],[77.15,29.23],[77.13,29.22],[77.15,29.18],[77.14,29.17],[77.15,29.11],[77.13,29.1],[77.14,29.08],[77.17,29.08],[77.17,29.03],[77.19,29.03],[77.2,28.99],[77.19,28.95],[77.23,28.92],[77.23,28.88],[77.19,28.89],[77.2,28.86],[77.17,28.86],[77.16,28.84],[77.08,28.88],[77.05,28.86],[77.04,28.83],[76.99,28.84],[76.98,28.82],[76.95,28.82],[76.94,28.75],[76.96,28.75],[76.96,28.67],[76.93,28.67],[76.94,28.62],[76.88,28.63],[76.87,28.59],[76.84,28.58],[76.84,28.55],[76.88,28.53],[76.88,28.5],[76.9,28.51],[76.95,28.5],[76.97,28.52],[77.01,28.52],[77.0,28.54],[77.04,28.53],[77.05,28.51],[77.09,28.52],[77.1,28.5],[77.12,28.5],[77.11,28.48],[77.12,28.45],[77.17,28.43],[77.16,28.42],[77.17,28.4],[77.25,28.42],[77.25,28.45],[77.24,28.46],[77.23,28.45],[77.24,28.48],[77.29,28.5],[77.32,28.48],[77.34,28.51],[77.37,28.5],[77.38,28.47],[77.41,28.47],[77.4,28.45],[77.44,28.45],[77.45,28.42],[77.48,28.42],[77.47,28.4],[77.5,28.38],[77.5,28.35],[77.47,28.33],[77.51,28.31],[77.49,28.25],[77.52,28.24],[77.55,28.25],[77.54,28.23],[77.52,28.23],[77.53,28.2],[77.5,28.21],[77.5,28.18],[77.55,28.19],[77.55,28.17],[77.5,28.16],[77.49,28.13],[77.51,28.12],[77.5,28.09],[77.48,28.11],[77.48,28.08],[77.5,28.07],[77.49,28.04],[77.54,27.99],[77.52,27.98],[77.52,27.96],[77.55,27.95],[77.54,27.93],[77.49,27.94],[77.48,27.89],[77.46,27.87],[77.42,27.89],[77.41,27.88],[77.42,27.85],[77.34,27.85],[77.33,27.83],[77.3,27.83],[77.29,27.8],[77.27,27.81],[77.26,27.79],[77.21,27.8],[77.21,27.82],[77.19,27.81],[77.19,27.79],[77.17,27.79],[77.18,27.8],[77.17,27.82],[77.16,27.79],[77.13,27.78],[77.05,27.82],[77.03,27.78],[77.05,27.78],[77.06,27.76],[77.08,27.77],[77.08,27.73],[77.02,27.75],[76.99,27.72],[76.98,27.65],[76.95,27.67],[76.91,27.65],[76.89,27.7],[76.92,27.71],[76.89,27.72],[76.89,27.74],[76.92,27.8],[76.91,27.83],[76.94,27.83],[76.95,27.92],[76.93,27.92],[76.93,28.01],[76.96,28.07],[76.97,28.14],[76.89,28.18],[76.9,28.2],[76.87,28.22],[76.81,28.21],[76.8,28.2],[76.81,28.19],[76.79,28.19],[76.8,28.15],[76.75,28.14],[76.75,28.12],[76.71,28.13],[76.69,28.09],[76.66,28.09],[76.65,28.03],[76.67,28.03],[76.67,28.01],[76.59,28.0],[76.55,27.96],[76.54,28.04],[76.46,28.04],[76.46,28.06],[76.5,28.05],[76.48,28.08],[76.45,28.09],[76.46,28.11],[76.5,28.1],[76.5,28.12],[76.47,28.13],[76.48,28.15],[76.38,28.13],[76.35,28.15],[76.35,28.17],[76.29,28.18],[76.28,28.16],[76.33,28.15],[76.33,28.13],[76.36,28.13],[76.34,28.1],[76.3,28.1],[76.36,28.06],[76.34,28.02],[76.29,28.02],[76.29,28.05],[76.27,28.07],[76.25,28.07],[76.24,28.05],[76.18,28.05],[76.2,28.02],[76.17,28.02],[76.16,28.0],[76.17,27.98],[76.16,27.97],[76.19,27.97],[76.17,27.9],[76.2,27.9],[76.19,27.86],[76.22,27.84],[76.22,27.82],[76.2,27.82],[76.19,27.8],[76.13,27.82],[76.13,27.85],[76.11,27.86],[76.09,27.86],[76.09,27.84],[76.06,27.85],[76.0,27.83],[75.97,27.85],[75.99,27.9],[75.94,27.91],[75.93,27.93],[75.95,27.95],[75.98,27.94],[75.99,27.98],[75.97,27.98],[75.97,28.0],[75.99,28.01],[75.97,28.01],[75.97,28.03],[76.02,28.03],[76.04,28.08],[76.02,28.09],[76.01,28.06],[75.98,28.05],[75.99,28.06]],[[76.07,28.16],[76.07,28.14],[76.09,28.14],[76.08,28.17],[76.07,28.16]],[[75.35,29.66],[75.36,29.66],[75.36,29.67],[75.35,29.67],[75.35,29.66]],[[76.64,30.17],[76.66,30.18],[76.65,30.2],[76.63,30.18],[76.64,30.17]],[[77.4,30.42],[77.4,30.41],[77.41,30.41],[77.41,30.42],[77.4,30.42]]],[[[77.42,30.11],[77.42,30.1],[77.41,30.1],[77.42,30.11]]],[[[76.55,30.11],[76.55,30.12],[76.57,30.11],[76.56,30.11],[76.55,30.11]]],[[[76.56,30.22],[76.55,30.22],[76.55,30.23],[76.56,30.23],[76.56,30.22]]],[[[76.73,30.36],[76.72,30.36],[76.72,30.37],[76.73,30.37],[76.73,30.36]]],[[[76.89,30.54],[76.89,30.55],[76.9,30.55],[76.9,30.54],[76.89,30.54]]]]}},{"type":"Feature","properties":{"k":"NAGALAND","n":"NAGALAND","c":"13"},"geometry":{"type":"Polygon","coordinates":[[[93.67,25.31],[93.63,25.26],[93.61,25.2],[93.57,25.22],[93.56,25.25],[93.5,25.24],[93.51,25.27],[93.47,25.27],[93.47,25.31],[93.45,25.32],[93.45,25.36],[93.47,25.36],[93.46,25.43],[93.44,25.45],[93.4,25.45],[93.38,25.5],[93.36,25.5],[93.35,25.53],[93.33,25.53],[93.33,25.55],[93.38,25.57],[93.37,25.58],[93.4,25.59],[93.42,25.63],[93.5,25.65],[93.51,25.69],[93.54,25.7],[93.54,25.73],[93.56,25.73],[93.55,25.74],[93.57,25.76],[93.62,25.78],[93.64,25.82],[93.67,25.82],[93.7,25.85],[93.68,25.9],[93.74,25.92],[93.75,25.95],[93.77,25.95],[93.77,25.97],[93.8,25.91],[93.78,25.89],[93.79,25.81],[93.82,25.82],[93.84,25.86],[93.88,25.84],[93.91,25.88],[93.98,25.91],[93.97,25.96],[93.95,25.97],[93.95,26.01],[94.0,26.11],[93.99,26.11],[94.0,26.18],[94.02,26.18],[94.04,26.24],[94.08,26.27],[94.07,26.28],[94.1,26.3],[94.11,26.33],[94.18,26.34],[94.16,26.35],[94.18,26.38],[94.17,26.4],[94.18,26.46],[94.2,26.46],[94.2,26.48],[94.28,26.56],[94.29,26.47],[94.32,26.46],[94.32,26.48],[94.34,26.48],[94.35,26.5],[94.37,26.5],[94.38,26.53],[94.4,26.53],[94.4,26.6],[94.45,26.63],[94.47,26.67],[94.52,26.68],[94.52,26.7],[94.54,26.71],[94.56,26.71],[94.57,26.68],[94.57,26.7],[94.59,26.7],[94.59,26.73],[94.67,26.72],[94.76,26.77],[94.81,26.81],[94.81,26.84],[94.9,26.94],[94.93,26.93],[94.96,26.94],[94.99,26.91],[95.03,26.94],[95.09,26.95],[95.12,26.99],[95.2,27.03],[95.19,26.98],[95.21,26.97],[95.21,26.93],[95.23,26.93],[95.23,26.88],[95.2,26.88],[95.18,26.85],[95.2,26.85],[95.21,26.79],[95.24,26.79],[95.21,26.74],[95.23,26.72],[95.23,26.67],[95.15,26.62],[95.15,26.57],[95.11,26.55],[95.12,26.52],[95.06,26.46],[95.06,26.44],[95.08,26.45],[95.1,26.43],[95.1,26.4],[95.13,26.39],[95.13,26.29],[95.11,26.23],[95.14,26.2],[95.12,26.19],[95.12,26.1],[95.17,26.09],[95.18,26.06],[95.09,25.95],[95.03,25.93],[95.03,25.91],[95.01,25.9],[95.03,25.81],[95.05,25.8],[95.05,25.75],[95.0,25.73],[94.99,25.7],[94.93,25.67],[94.92,25.61],[94.88,25.59],[94.89,25.56],[94.84,25.56],[94.81,25.52],[94.81,25.49],[94.79,25.48],[94.75,25.49],[94.73,25.47],[94.68,25.47],[94.68,25.45],[94.61,25.46],[94.58,25.5],[94.55,25.5],[94.56,25.6],[94.58,25.61],[94.59,25.66],[94.58,25.69],[94.56,25.69],[94.56,25.67],[94.54,25.66],[94.54,25.64],[94.51,25.63],[94.51,25.61],[94.46,25.61],[94.42,25.59],[94.42,25.54],[94.33,25.5],[94.28,25.51],[94.22,25.49],[94.19,25.52],[94.19,25.55],[94.17,25.54],[94.15,25.55],[94.14,25.52],[94.11,25.52],[94.08,25.56],[94.06,25.56],[94.03,25.59],[94.0,25.59],[94.01,25.57],[93.98,25.57],[93.97,25.55],[93.83,25.56],[93.82,25.54],[93.76,25.53],[93.76,25.49],[93.8,25.5],[93.81,25.46],[93.79,25.46],[93.79,25.44],[93.76,25.41],[93.74,25.41],[93.74,25.38],[93.69,25.36],[93.67,25.31]]]}},{"type":"Feature","properties":{"k":"GUJARAT","n":"GUJARAT","c":"24"},"geometry":{"type":"MultiPolygon","coordinates":[[[[68.98,22.21],[68.98,22.22],[68.99,22.22],[68.99,22.21],[68.98,22.21]]],[[[69.17,22.35],[69.18,22.36],[69.18,22.35],[69.17,22.35]]],[[[69.33,22.39],[69.34,22.39],[69.34,22.38],[69.33,22.38],[69.33,22.39]]],[[[69.08,22.42],[69.08,22.43],[69.09,22.43],[69.09,22.42],[69.08,22.42]]],[[[69.09,22.43],[69.09,22.46],[69.11,22.47],[69.11,22.43],[69.09,22.43]]],[[[69.13,22.47],[69.14,22.48],[69.15,22.46],[69.14,22.46],[69.13,22.47]]],[[[69.48,22.77],[69.47,22.77],[69.47,22.78],[69.48,22.78],[69.48,22.77]]],[[[69.44,22.79],[69.46,22.79],[69.46,22.78],[69.44,22.78],[69.44,22.79]]],[[[68.57,23.31],[68.57,23.32],[68.58,23.31],[68.57,23.31]]],[[[68.5,23.34],[68.52,23.35],[68.56,23.34],[68.53,23.31],[68.53,23.29],[68.51,23.29],[68.52,23.31],[68.5,23.32],[68.5,23.34]]],[[[71.52,20.91],[71.52,20.9],[71.51,20.9],[71.51,20.91],[71.52,20.91]]],[[[71.53,20.95],[71.54,20.95],[71.53,20.94],[71.53,20.95]]],[[[71.85,21.09],[71.86,21.09],[71.86,21.08],[71.84,21.08],[71.85,21.09]]],[[[73.74,21.11],[73.74,21.1],[73.73,21.1],[73.73,21.11],[73.74,21.11]]],[[[73.95,21.53],[73.96,21.54],[73.96,21.53],[73.95,21.53]]],[[[72.3,21.87],[72.29,21.98],[72.35,22.03],[72.41,22.02],[72.44,21.99],[72.44,21.92],[72.39,21.87],[72.39,21.81],[72.34,21.8],[72.31,21.83],[72.3,21.87]]],[[[69.68,21.56],[69.62,21.61],[69.62,21.63],[69.56,21.65],[69.48,21.74],[69.42,21.77],[69.38,21.83],[69.36,21.83],[69.31,21.88],[69.28,21.89],[69.02,22.16],[69.02,22.18],[68.99,22.2],[69.0,22.22],[68.99,22.23],[68.97,22.22],[68.95,22.24],[68.96,22.26],[68.94,22.28],[68.94,22.33],[68.96,22.34],[68.97,22.4],[69.0,22.42],[69.0,22.44],[69.07,22.48],[69.08,22.46],[69.06,22.44],[69.04,22.45],[69.05,22.42],[69.03,22.39],[69.1,22.39],[69.1,22.41],[69.15,22.4],[69.18,22.42],[69.2,22.41],[69.2,22.39],[69.17,22.38],[69.18,22.36],[69.16,22.35],[69.17,22.34],[69.16,22.26],[69.13,22.2],[69.16,22.19],[69.18,22.23],[69.22,22.21],[69.24,22.22],[69.23,22.25],[69.25,22.27],[69.29,22.27],[69.3,22.29],[69.34,22.3],[69.33,22.33],[69.44,22.32],[69.48,22.33],[69.5,22.37],[69.54,22.38],[69.56,22.36],[69.58,22.37],[69.61,22.34],[69.62,22.36],[69.66,22.36],[69.66,22.39],[69.7,22.39],[69.69,22.45],[69.71,22.48],[69.74,22.48],[69.74,22.44],[69.77,22.48],[69.79,22.46],[69.78,22.45],[69.79,22.42],[69.81,22.42],[69.8,22.47],[69.87,22.46],[69.88,22.48],[69.9,22.48],[69.89,22.5],[69.95,22.51],[69.96,22.54],[69.99,22.54],[69.95,22.55],[69.96,22.59],[69.99,22.56],[69.99,22.57],[69.99,22.6],[70.02,22.6],[70.04,22.59],[70.04,22.56],[70.13,22.55],[70.13,22.57],[70.16,22.57],[70.15,22.59],[70.18,22.59],[70.2,22.65],[70.22,22.66],[70.22,22.72],[70.25,22.75],[70.29,22.76],[70.32,22.84],[70.35,22.86],[70.37,22.91],[70.42,22.93],[70.41,22.84],[70.44,22.83],[70.47,22.86],[70.48,22.9],[70.48,22.94],[70.44,22.97],[70.48,22.98],[70.5,22.96],[70.54,22.96],[70.55,23.02],[70.57,23.04],[70.6,23.03],[70.59,23.06],[70.63,23.06],[70.67,23.11],[70.69,23.11],[70.68,23.14],[70.71,23.15],[70.7,23.17],[70.72,23.18],[70.72,23.2],[70.67,23.23],[70.62,23.18],[70.49,23.18],[70.41,23.22],[70.3,23.21],[70.31,23.18],[70.27,23.16],[70.24,23.17],[70.24,23.14],[70.21,23.13],[70.19,23.08],[70.15,23.04],[70.16,23.03],[70.13,23.02],[70.13,23.0],[70.1,22.97],[70.06,22.96],[70.08,22.92],[69.93,22.9],[69.9,22.87],[69.79,22.85],[69.78,22.83],[69.72,22.82],[69.71,22.8],[69.43,22.81],[69.44,22.79],[69.42,22.79],[69.41,22.81],[69.34,22.83],[69.19,22.84],[69.13,22.87],[69.13,22.89],[69.1,22.89],[69.08,22.92],[69.05,22.92],[68.95,22.97],[68.94,22.99],[68.9,23.0],[68.78,23.08],[68.75,23.08],[68.72,23.12],[68.65,23.15],[68.58,23.22],[68.58,23.24],[68.63,23.25],[68.62,23.29],[68.6,23.25],[68.59,23.26],[68.56,23.26],[68.56,23.24],[68.54,23.25],[68.53,23.28],[68.55,23.31],[68.58,23.3],[68.58,23.31],[68.58,23.32],[68.62,23.33],[68.56,23.34],[68.56,23.36],[68.52,23.37],[68.5,23.37],[68.49,23.35],[68.46,23.37],[68.44,23.42],[68.43,23.41],[68.4,23.42],[68.41,23.46],[68.43,23.46],[68.44,23.48],[68.42,23.47],[68.45,23.5],[68.47,23.5],[68.45,23.51],[68.45,23.53],[68.43,23.49],[68.33,23.5],[68.3,23.59],[68.14,23.6],[68.09,23.65],[68.09,23.67],[68.12,23.69],[68.13,23.68],[68.17,23.69],[68.18,23.74],[68.2,23.76],[68.21,23.88],[68.25,23.89],[68.27,23.93],[68.33,23.92],[68.35,23.98],[68.75,23.97],[68.77,24.18],[68.76,24.3],[68.82,24.32],[68.84,24.3],[68.84,24.25],[68.86,24.21],[68.89,24.23],[68.9,24.28],[68.94,24.3],[68.97,24.28],[68.99,24.22],[69.08,24.27],[69.22,24.24],[69.3,24.28],[69.53,24.27],[69.59,24.29],[69.73,24.17],[70.03,24.17],[70.07,24.2],[70.12,24.3],[70.25,24.32],[70.3,24.35],[70.37,24.35],[70.4,24.36],[70.41,24.38],[70.58,24.42],[70.6,24.41],[70.59,24.37],[70.56,24.36],[70.58,24.32],[70.57,24.26],[70.58,24.24],[70.59,24.25],[70.64,24.22],[70.81,24.22],[70.91,24.26],[70.88,24.27],[70.87,24.29],[70.94,24.35],[70.99,24.37],[71.0,24.35],[71.04,24.35],[71.09,24.4],[71.12,24.4],[71.13,24.42],[71.1,24.44],[71.04,24.43],[71.0,24.45],[70.99,24.54],[71.0,24.63],[71.08,24.66],[71.1,24.69],[71.12,24.67],[71.26,24.62],[71.3,24.62],[71.3,24.64],[71.34,24.66],[71.36,24.63],[71.39,24.63],[71.44,24.67],[71.53,24.69],[71.58,24.67],[71.61,24.68],[71.64,24.66],[71.64,24.64],[71.79,24.68],[71.81,24.67],[71.8,24.64],[71.81,24.62],[71.86,24.62],[71.87,24.68],[71.91,24.68],[71.92,24.67],[71.91,24.65],[71.95,24.64],[71.99,24.66],[71.99,24.7],[72.02,24.69],[72.04,24.71],[72.09,24.71],[72.09,24.66],[72.12,24.64],[72.16,24.64],[72.16,24.62],[72.2,24.62],[72.22,24.64],[72.24,24.64],[72.25,24.62],[72.35,24.63],[72.35,24.61],[72.32,24.59],[72.3,24.61],[72.27,24.61],[72.25,24.57],[72.26,24.56],[72.29,24.57],[72.29,24.55],[72.33,24.55],[72.33,24.57],[72.36,24.56],[72.38,24.51],[72.44,24.52],[72.43,24.46],[72.45,24.45],[72.46,24.41],[72.5,24.42],[72.49,24.46],[72.54,24.52],[72.57,24.48],[72.69,24.46],[72.68,24.43],[72.73,24.36],[72.86,24.37],[72.9,24.34],[72.98,24.37],[72.95,24.4],[72.98,24.43],[72.97,24.46],[72.99,24.48],[73.04,24.46],[73.09,24.5],[73.1,24.42],[73.08,24.41],[73.08,24.39],[73.14,24.36],[73.18,24.36],[73.2,24.38],[73.22,24.36],[73.2,24.35],[73.2,24.33],[73.19,24.34],[73.17,24.33],[73.18,24.32],[73.17,24.3],[73.13,24.31],[73.13,24.27],[73.09,24.25],[73.07,24.18],[73.1,24.16],[73.1,24.14],[73.15,24.12],[73.17,24.09],[73.21,24.08],[73.2,24.04],[73.24,24.0],[73.26,24.02],[73.29,24.02],[73.3,24.05],[73.32,24.05],[73.32,24.1],[73.36,24.11],[73.36,24.08],[73.4,24.05],[73.4,23.99],[73.42,23.98],[73.41,23.97],[73.42,23.92],[73.39,23.92],[73.36,23.87],[73.37,23.84],[73.36,23.78],[73.37,23.77],[73.42,23.78],[73.42,23.76],[73.45,23.75],[73.47,23.7],[73.48,23.71],[73.51,23.7],[73.5,23.67],[73.51,23.61],[73.53,23.61],[73.56,23.65],[73.62,23.65],[73.65,23.63],[73.64,23.6],[73.65,23.57],[73.63,23.56],[73.63,23.53],[73.66,23.51],[73.64,23.5],[73.63,23.45],[73.66,23.44],[73.7,23.46],[73.71,23.41],[73.75,23.45],[73.77,23.45],[73.78,23.43],[73.83,23.44],[73.87,23.36],[73.89,23.36],[73.89,23.33],[73.94,23.34],[73.94,23.37],[73.97,23.38],[73.98,23.34],[74.03,23.33],[74.04,23.29],[74.1,23.3],[74.12,23.27],[74.14,23.27],[74.14,23.22],[74.12,23.18],[74.15,23.16],[74.18,23.16],[74.2,23.19],[74.27,23.17],[74.29,23.12],[74.28,23.09],[74.32,23.08],[74.32,23.04],[74.35,23.03],[74.36,22.97],[74.35,22.98],[74.34,22.95],[74.39,22.9],[74.45,22.92],[74.48,22.86],[74.47,22.82],[74.43,22.81],[74.44,22.78],[74.4,22.73],[74.37,22.63],[74.26,22.64],[74.26,22.62],[74.24,22.62],[74.21,22.57],[74.18,22.57],[74.19,22.55],[74.17,22.55],[74.15,22.52],[74.08,22.55],[74.04,22.54],[74.03,22.49],[74.05,22.51],[74.08,22.51],[74.09,22.48],[74.07,22.48],[74.1,22.47],[74.1,22.44],[74.12,22.42],[74.13,22.45],[74.17,22.43],[74.19,22.44],[74.18,22.47],[74.2,22.47],[74.2,22.43],[74.24,22.44],[74.24,22.42],[74.26,22.43],[74.27,22.4],[74.29,22.4],[74.22,22.38],[74.22,22.36],[74.2,22.37],[74.19,22.32],[74.13,22.33],[74.13,22.36],[74.11,22.37],[74.07,22.36],[74.05,22.28],[74.08,22.26],[74.07,22.25],[74.09,22.25],[74.07,22.24],[74.07,22.22],[74.12,22.22],[74.13,22.1],[74.18,22.09],[74.16,22.08],[74.16,22.06],[74.14,22.06],[74.14,22.04],[74.09,22.02],[74.1,22.0],[74.15,21.99],[74.14,21.95],[74.05,21.93],[73.93,21.86],[73.89,21.86],[73.88,21.84],[73.8,21.83],[73.81,21.81],[73.83,21.81],[73.82,21.76],[73.89,21.7],[73.89,21.65],[73.84,21.63],[73.83,21.64],[73.78,21.63],[73.8,21.6],[73.82,21.6],[73.81,21.59],[73.83,21.52],[73.85,21.5],[73.93,21.53],[73.93,21.51],[73.96,21.53],[73.98,21.52],[73.97,21.54],[74.0,21.55],[74.14,21.55],[74.16,21.57],[74.18,21.57],[74.18,21.54],[74.22,21.55],[74.27,21.54],[74.28,21.57],[74.3,21.57],[74.3,21.55],[74.33,21.55],[74.32,21.5],[74.26,21.47],[74.21,21.48],[74.21,21.46],[74.12,21.47],[74.12,21.45],[74.1,21.45],[74.06,21.47],[74.05,21.42],[74.0,21.42],[73.98,21.4],[73.94,21.41],[73.95,21.38],[73.94,21.29],[73.9,21.27],[73.82,21.27],[73.83,21.26],[73.83,21.24],[73.81,21.23],[73.81,21.2],[73.83,21.2],[73.82,21.17],[73.73,21.17],[73.73,21.14],[73.63,21.14],[73.61,21.18],[73.58,21.17],[73.58,21.15],[73.6,21.16],[73.62,21.12],[73.69,21.1],[73.72,21.11],[73.75,21.07],[73.81,21.08],[73.8,21.03],[73.85,20.99],[73.91,20.97],[73.89,20.96],[73.89,20.93],[73.92,20.91],[73.93,20.88],[73.92,20.85],[73.94,20.84],[73.94,20.74],[73.92,20.72],[73.87,20.73],[73.86,20.69],[73.82,20.7],[73.82,20.67],[73.84,20.67],[73.83,20.65],[73.84,20.62],[73.77,20.6],[73.76,20.57],[73.74,20.56],[73.72,20.58],[73.65,20.56],[73.6,20.64],[73.55,20.65],[73.53,20.68],[73.5,20.67],[73.49,20.65],[73.48,20.72],[73.45,20.72],[73.44,20.71],[73.45,20.68],[73.39,20.65],[73.42,20.63],[73.43,20.59],[73.48,20.58],[73.49,20.54],[73.42,20.44],[73.41,20.4],[73.38,20.4],[73.38,20.37],[73.41,20.39],[73.43,20.29],[73.41,20.27],[73.42,20.2],[73.29,20.21],[73.28,20.15],[73.25,20.13],[73.23,20.14],[73.21,20.12],[73.19,20.13],[73.18,20.15],[73.22,20.17],[73.22,20.19],[73.18,20.19],[73.17,20.21],[73.16,20.2],[73.13,20.21],[73.14,20.17],[73.12,20.17],[73.12,20.15],[73.09,20.17],[73.06,20.16],[73.05,20.2],[73.06,20.23],[73.1,20.23],[73.11,20.26],[73.14,20.27],[73.14,20.29],[73.17,20.28],[73.16,20.3],[73.17,20.31],[73.15,20.32],[73.13,20.32],[73.13,20.3],[73.1,20.3],[73.11,20.32],[73.1,20.36],[73.08,20.32],[73.04,20.32],[73.04,20.29],[73.02,20.29],[73.01,20.31],[73.01,20.29],[72.98,20.29],[72.98,20.27],[72.96,20.27],[72.95,20.29],[72.91,20.28],[72.92,20.25],[72.96,20.24],[72.97,20.21],[72.86,20.23],[72.86,20.21],[72.82,20.19],[72.82,20.15],[72.79,20.15],[72.79,20.13],[72.74,20.13],[72.75,20.2],[72.74,20.25],[72.75,20.29],[72.77,20.3],[72.77,20.33],[72.82,20.37],[72.89,20.37],[72.88,20.4],[72.9,20.4],[72.9,20.42],[72.86,20.43],[72.87,20.45],[72.9,20.44],[72.89,20.46],[72.86,20.46],[72.86,20.48],[72.89,20.51],[72.88,20.53],[72.9,20.59],[72.87,20.65],[72.87,20.69],[72.85,20.71],[72.84,20.8],[72.81,20.84],[72.79,20.92],[72.75,20.94],[72.72,21.03],[72.72,21.05],[72.75,21.06],[72.73,21.07],[72.69,21.06],[72.7,21.1],[72.67,21.1],[72.66,21.08],[72.62,21.09],[72.63,21.19],[72.66,21.22],[72.62,21.24],[72.6,21.33],[72.62,21.32],[72.62,21.34],[72.65,21.34],[72.65,21.39],[72.69,21.46],[72.68,21.45],[72.65,21.46],[72.71,21.53],[72.66,21.55],[72.63,21.54],[72.61,21.56],[72.62,21.57],[72.61,21.59],[72.63,21.59],[72.63,21.62],[72.69,21.63],[72.7,21.65],[72.79,21.64],[72.81,21.66],[72.78,21.66],[72.73,21.69],[72.59,21.68],[72.56,21.66],[72.53,21.67],[72.53,21.72],[72.59,21.75],[72.58,21.78],[72.6,21.78],[72.6,21.81],[72.62,21.81],[72.63,21.92],[72.67,21.96],[72.64,21.96],[72.59,21.93],[72.58,21.92],[72.59,21.9],[72.57,21.88],[72.52,21.88],[72.51,21.96],[72.54,22.13],[72.59,22.21],[72.65,22.22],[72.7,22.18],[72.71,22.19],[72.76,22.17],[72.82,22.23],[72.88,22.22],[72.92,22.24],[72.93,22.29],[72.95,22.29],[72.94,22.31],[72.91,22.3],[72.91,22.27],[72.83,22.28],[72.75,22.23],[72.74,22.28],[72.69,22.27],[72.54,22.3],[72.52,22.32],[72.51,22.29],[72.46,22.26],[72.43,22.21],[72.4,22.25],[72.4,22.27],[72.42,22.27],[72.42,22.3],[72.37,22.32],[72.36,22.24],[72.33,22.2],[72.34,22.18],[72.33,22.15],[72.31,22.15],[72.27,22.06],[72.26,22.07],[72.22,22.06],[72.25,22.0],[72.24,21.97],[72.21,21.96],[72.2,21.89],[72.23,21.86],[72.24,21.81],[72.19,21.83],[72.17,21.81],[72.19,21.75],[72.22,21.74],[72.24,21.69],[72.29,21.69],[72.31,21.61],[72.27,21.56],[72.27,21.52],[72.23,21.44],[72.12,21.33],[72.11,21.28],[72.08,21.25],[72.11,21.2],[72.06,21.18],[72.05,21.16],[72.02,21.16],[72.01,21.14],[71.98,21.14],[71.97,21.12],[71.89,21.11],[71.88,21.09],[71.83,21.1],[71.82,21.08],[71.84,21.07],[71.81,21.07],[71.8,21.04],[71.77,21.04],[71.78,21.03],[71.76,21.02],[71.65,21.0],[71.63,20.99],[71.63,20.97],[71.61,20.98],[71.61,20.96],[71.58,20.95],[71.54,20.95],[71.55,20.96],[71.52,20.95],[71.5,20.94],[71.47,20.88],[71.38,20.88],[71.37,20.85],[71.27,20.83],[71.23,20.8],[71.2,20.8],[71.19,20.78],[71.15,20.78],[71.15,20.76],[71.09,20.76],[71.07,20.73],[70.9,20.74],[70.82,20.69],[70.78,20.72],[70.73,20.72],[70.68,20.76],[70.65,20.76],[70.65,20.78],[70.64,20.77],[70.58,20.78],[70.5,20.82],[70.49,20.84],[70.42,20.86],[70.39,20.9],[70.36,20.9],[70.3,20.95],[70.28,20.95],[70.24,21.0],[70.22,21.0],[70.12,21.1],[70.09,21.11],[69.68,21.56]],[[68.98,22.24],[68.97,22.24],[68.97,22.23],[68.98,22.24]],[[69.77,22.44],[69.77,22.43],[69.78,22.43],[69.78,22.44],[69.77,22.44]],[[69.9,22.47],[69.9,22.46],[69.93,22.46],[69.91,22.48],[69.9,22.47]],[[69.95,22.5],[69.97,22.5],[69.97,22.52],[69.96,22.52],[69.95,22.5]],[[70.0,22.57],[70.0,22.58],[69.99,22.57],[70.0,22.57]],[[70.41,22.89],[70.4,22.89],[70.4,22.88],[70.41,22.88],[70.41,22.89]],[[70.39,22.88],[70.39,22.87],[70.4,22.87],[70.4,22.88],[70.39,22.88]],[[70.49,22.93],[70.49,22.94],[70.48,22.94],[70.49,22.93]],[[70.49,22.92],[70.5,22.92],[70.5,22.94],[70.49,22.93],[70.49,22.92]],[[70.05,22.95],[70.05,22.94],[70.06,22.94],[70.06,22.95],[70.05,22.95]],[[68.63,23.29],[68.63,23.3],[68.62,23.3],[68.62,23.29],[68.63,23.29]],[[68.57,23.37],[68.56,23.37],[68.56,23.36],[68.57,23.37]],[[68.45,23.42],[68.45,23.43],[68.44,23.42],[68.45,23.42]],[[68.48,23.51],[68.48,23.52],[68.47,23.52],[68.47,23.51],[68.48,23.51]],[[68.44,23.54],[68.43,23.53],[68.44,23.53],[68.44,23.54]],[[74.18,23.15],[74.19,23.16],[74.18,23.16],[74.18,23.15]],[[72.7,21.46],[72.69,21.47],[72.69,21.46],[72.7,21.46]],[[72.72,21.53],[72.73,21.53],[72.74,21.54],[72.71,21.54],[72.72,21.53]],[[71.56,20.96],[71.56,20.97],[71.55,20.97],[71.55,20.96],[71.56,20.96]],[[70.57,20.8],[70.59,20.8],[70.59,20.81],[70.57,20.82],[70.57,20.8]],[[70.55,20.81],[70.55,20.82],[70.54,20.82],[70.54,20.81],[70.55,20.81]],[[69.75,22.42],[69.76,22.42],[69.76,22.43],[69.75,22.43],[69.75,22.42]],[[72.97,20.31],[72.98,20.31],[72.98,20.33],[72.95,20.32],[72.96,20.3],[72.97,20.31]],[[71.76,21.05],[71.76,21.06],[71.75,21.06],[71.76,21.04],[71.76,21.05]],[[70.4,22.86],[70.39,22.86],[70.39,22.85],[70.4,22.85],[70.4,22.86]]],[[[69.61,22.41],[69.59,22.44],[69.63,22.46],[69.66,22.42],[69.61,22.41]]],[[[69.82,22.48],[69.79,22.48],[69.79,22.49],[69.83,22.5],[69.82,22.48]]],[[[70.43,22.9],[70.42,22.9],[70.42,22.91],[70.43,22.91],[70.43,22.9]]]]}},{"type":"Feature","properties":{"k":"GOA","n":"GOA","c":"30"},"geometry":{"type":"MultiPolygon","coordinates":[[[[74.08,14.9],[74.04,14.92],[74.04,15.0],[73.99,15.02],[73.97,15.07],[73.92,15.09],[73.94,15.11],[73.95,15.16],[73.88,15.37],[73.84,15.36],[73.81,15.38],[73.81,15.4],[73.83,15.41],[73.92,15.4],[73.94,15.44],[73.89,15.42],[73.86,15.43],[73.86,15.45],[73.81,15.46],[73.8,15.45],[73.81,15.5],[73.77,15.49],[73.76,15.55],[73.74,15.56],[73.73,15.59],[73.74,15.62],[73.72,15.63],[73.71,15.68],[73.69,15.7],[73.69,15.72],[73.73,15.72],[73.74,15.74],[73.83,15.74],[73.85,15.8],[73.87,15.8],[73.88,15.78],[73.87,15.75],[73.94,15.74],[73.97,15.67],[73.96,15.64],[73.99,15.61],[74.03,15.61],[74.11,15.65],[74.17,15.65],[74.17,15.68],[74.19,15.68],[74.2,15.65],[74.24,15.67],[74.26,15.62],[74.25,15.56],[74.28,15.55],[74.28,15.51],[74.26,15.51],[74.25,15.49],[74.28,15.45],[74.27,15.43],[74.28,15.38],[74.32,15.37],[74.32,15.31],[74.34,15.3],[74.33,15.28],[74.29,15.29],[74.25,15.26],[74.26,15.24],[74.3,15.23],[74.32,15.19],[74.3,15.15],[74.28,15.15],[74.29,15.14],[74.27,15.1],[74.3,15.04],[74.27,15.02],[74.27,15.0],[74.25,15.0],[74.26,14.97],[74.21,14.95],[74.21,14.93],[74.19,14.93],[74.18,14.96],[74.16,14.96],[74.17,14.92],[74.16,14.91],[74.11,14.92],[74.08,14.9]],[[74.24,15.63],[74.25,15.62],[74.25,15.63],[74.24,15.63]]],[[[73.79,15.4],[73.79,15.41],[73.8,15.41],[73.8,15.39],[73.79,15.4]]],[[[73.68,15.72],[73.68,15.73],[73.69,15.73],[73.69,15.72],[73.68,15.72]]]]}},{"type":"Feature","properties":{"k":"UTTARPRADESH","n":"UTTAR PRADESH","c":"09"},"geometry":{"type":"MultiPolygon","coordinates":[[[[79.36,25.06],[79.35,25.06],[79.35,25.07],[79.36,25.07],[79.36,25.06]]],[[[79.24,25.12],[79.25,25.12],[79.25,25.11],[79.24,25.11],[79.24,25.12]]],[[[79.38,25.13],[79.38,25.1],[79.35,25.11],[79.36,25.14],[79.37,25.12],[79.38,25.13]]],[[[79.37,25.18],[79.36,25.17],[79.35,25.18],[79.36,25.19],[79.37,25.18]]],[[[78.8,25.29],[78.79,25.31],[78.82,25.31],[78.81,25.29],[78.8,25.29]]],[[[78.76,25.39],[78.76,25.4],[78.77,25.4],[78.77,25.39],[78.76,25.39]]],[[[78.83,25.44],[78.85,25.44],[78.85,25.43],[78.82,25.43],[78.83,25.44]]],[[[78.82,25.47],[78.82,25.46],[78.81,25.46],[78.82,25.47]]],[[[78.82,25.82],[78.82,25.81],[78.81,25.81],[78.81,25.82],[78.82,25.82]]],[[[78.83,25.82],[78.82,25.82],[78.82,25.83],[78.83,25.83],[78.83,25.82]]],[[[78.79,29.31],[78.79,29.32],[78.8,29.33],[78.8,29.31],[78.79,29.31]]],[[[78.93,29.43],[78.93,29.44],[78.94,29.44],[78.94,29.43],[78.93,29.43]]],[[[82.21,24.73],[82.21,24.74],[82.22,24.74],[82.22,24.73],[82.21,24.73]]],[[[80.38,25.02],[80.39,25.02],[80.39,25.0],[80.38,25.0],[80.38,25.02]]],[[[80.55,25.03],[80.55,25.0],[80.5,25.01],[80.5,24.99],[80.48,24.98],[80.46,24.98],[80.45,25.02],[80.43,25.02],[80.44,25.04],[80.55,25.03]]],[[[79.38,25.1],[79.42,25.06],[79.41,25.03],[79.36,25.04],[79.36,25.06],[79.38,25.06],[79.38,25.1]]],[[[81.32,25.11],[81.32,25.12],[81.32,25.13],[81.33,25.12],[81.32,25.11]]],[[[84.16,26.25],[84.17,26.24],[84.16,26.24],[84.16,26.25]]],[[[78.84,25.35],[78.88,25.39],[78.92,25.4],[78.96,25.4],[78.94,25.38],[78.9,25.38],[78.9,25.36],[78.92,25.35],[78.95,25.35],[78.95,25.37],[78.99,25.37],[78.97,25.39],[78.97,25.44],[78.95,25.44],[78.94,25.42],[78.91,25.44],[78.92,25.46],[78.94,25.46],[78.94,25.5],[78.92,25.51],[78.95,25.53],[78.94,25.56],[78.93,25.54],[78.89,25.56],[78.87,25.54],[78.89,25.52],[78.83,25.51],[78.87,25.47],[78.86,25.44],[78.81,25.48],[78.76,25.47],[78.75,25.5],[78.73,25.49],[78.73,25.46],[78.76,25.43],[78.78,25.44],[78.82,25.43],[78.75,25.41],[78.77,25.35],[78.72,25.34],[78.7,25.38],[78.66,25.38],[78.66,25.41],[78.68,25.4],[78.71,25.43],[78.69,25.45],[78.68,25.43],[78.64,25.44],[78.64,25.4],[78.6,25.41],[78.6,25.39],[78.57,25.39],[78.59,25.37],[78.58,25.34],[78.53,25.36],[78.55,25.32],[78.54,25.31],[78.49,25.31],[78.48,25.29],[78.44,25.3],[78.44,25.27],[78.46,25.26],[78.49,25.29],[78.51,25.29],[78.58,25.25],[78.56,25.22],[78.6,25.17],[78.61,25.13],[78.6,25.09],[78.63,25.09],[78.65,25.06],[78.65,25.0],[78.63,24.96],[78.66,24.94],[78.68,24.89],[78.76,24.87],[78.79,24.81],[78.77,24.8],[78.78,24.7],[78.75,24.67],[78.75,24.6],[78.8,24.59],[78.84,24.62],[78.87,24.62],[78.87,24.64],[78.9,24.63],[78.91,24.58],[78.95,24.56],[78.94,24.54],[78.95,24.5],[78.97,24.5],[78.96,24.48],[78.93,24.48],[78.92,24.5],[78.91,24.46],[78.94,24.46],[78.94,24.44],[78.99,24.44],[78.97,24.35],[78.94,24.31],[78.91,24.3],[78.92,24.27],[78.88,24.25],[78.89,24.22],[78.84,24.2],[78.81,24.21],[78.81,24.18],[78.78,24.19],[78.76,24.26],[78.75,24.23],[78.74,24.25],[78.71,24.23],[78.67,24.24],[78.64,24.29],[78.62,24.28],[78.63,24.31],[78.6,24.31],[78.6,24.34],[78.58,24.36],[78.54,24.36],[78.52,24.39],[78.5,24.39],[78.47,24.36],[78.48,24.34],[78.44,24.32],[78.44,24.29],[78.38,24.27],[78.33,24.32],[78.37,24.39],[78.34,24.39],[78.32,24.42],[78.27,24.44],[78.27,24.48],[78.25,24.48],[78.25,24.51],[78.23,24.51],[78.23,24.54],[78.27,24.55],[78.28,24.62],[78.26,24.63],[78.26,24.65],[78.28,24.67],[78.26,24.68],[78.26,24.71],[78.23,24.73],[78.24,24.77],[78.22,24.81],[78.2,24.82],[78.2,24.84],[78.17,24.85],[78.17,24.88],[78.21,24.89],[78.22,24.92],[78.3,24.96],[78.31,24.99],[78.35,25.01],[78.34,25.09],[78.39,25.1],[78.4,25.13],[78.45,25.12],[78.43,25.15],[78.45,25.15],[78.46,25.17],[78.42,25.17],[78.41,25.19],[78.39,25.19],[78.4,25.22],[78.36,25.24],[78.37,25.27],[78.31,25.3],[78.32,25.32],[78.34,25.32],[78.34,25.34],[78.3,25.37],[78.34,25.39],[78.35,25.45],[78.39,25.44],[78.4,25.47],[78.43,25.47],[78.42,25.49],[78.43,25.56],[78.47,25.55],[78.49,25.58],[78.54,25.56],[78.59,25.56],[78.63,25.58],[78.63,25.56],[78.66,25.56],[78.7,25.6],[78.8,25.61],[78.82,25.63],[78.82,25.68],[78.8,25.69],[78.8,25.71],[78.76,25.72],[78.75,25.75],[78.79,25.76],[78.8,25.79],[78.83,25.8],[78.83,25.82],[78.85,25.82],[78.85,25.86],[78.87,25.88],[78.89,25.87],[78.9,25.9],[78.89,25.92],[78.94,25.96],[78.93,25.98],[78.96,25.99],[78.94,26.01],[78.95,26.03],[78.99,26.05],[78.99,26.07],[79.01,26.07],[79.01,26.09],[78.99,26.09],[78.98,26.12],[78.96,26.12],[78.96,26.15],[79.01,26.15],[79.01,26.17],[78.99,26.17],[78.98,26.19],[79.03,26.2],[79.03,26.22],[78.99,26.24],[79.02,26.25],[79.05,26.22],[79.07,26.24],[79.05,26.25],[79.06,26.28],[79.09,26.28],[79.1,26.31],[79.12,26.3],[79.13,26.34],[79.08,26.36],[79.1,26.37],[79.09,26.41],[79.12,26.41],[79.14,26.44],[79.05,26.45],[79.07,26.47],[79.07,26.5],[79.05,26.5],[79.03,26.55],[79.01,26.55],[79.01,26.57],[78.99,26.58],[78.99,26.6],[79.02,26.6],[79.01,26.63],[78.99,26.64],[79.01,26.66],[79.0,26.68],[78.98,26.68],[78.95,26.65],[78.94,26.67],[78.96,26.69],[78.92,26.71],[78.86,26.7],[78.82,26.76],[78.79,26.76],[78.75,26.79],[78.73,26.77],[78.73,26.8],[78.68,26.79],[78.67,26.76],[78.62,26.77],[78.62,26.75],[78.57,26.75],[78.53,26.78],[78.46,26.79],[78.43,26.83],[78.39,26.82],[78.37,26.87],[78.29,26.86],[78.26,26.81],[78.22,26.83],[78.2,26.86],[78.2,26.88],[78.23,26.87],[78.27,26.91],[78.23,26.95],[78.22,26.93],[78.18,26.95],[78.12,26.95],[78.12,26.92],[78.1,26.93],[78.11,26.9],[78.1,26.89],[78.05,26.91],[78.05,26.87],[78.03,26.85],[78.02,26.9],[77.95,26.89],[77.94,26.91],[77.91,26.91],[77.91,26.89],[77.89,26.88],[77.87,26.91],[77.76,26.93],[77.72,26.91],[77.73,26.88],[77.68,26.87],[77.67,26.85],[77.64,26.85],[77.62,26.83],[77.6,26.84],[77.58,26.82],[77.52,26.82],[77.52,26.84],[77.5,26.85],[77.49,26.8],[77.5,26.76],[77.47,26.74],[77.46,26.74],[77.47,26.77],[77.46,26.78],[77.43,26.77],[77.44,26.79],[77.4,26.83],[77.43,26.84],[77.44,26.87],[77.46,26.87],[77.46,26.89],[77.58,26.92],[77.59,26.94],[77.62,26.94],[77.65,26.97],[77.68,26.96],[77.72,26.98],[77.72,27.0],[77.71,27.02],[77.69,27.02],[77.68,27.05],[77.67,27.02],[77.64,27.03],[77.63,27.01],[77.6,27.02],[77.59,27.04],[77.56,27.03],[77.58,27.06],[77.56,27.08],[77.52,27.06],[77.53,27.09],[77.51,27.1],[77.6,27.12],[77.61,27.17],[77.66,27.17],[77.68,27.18],[77.68,27.2],[77.65,27.21],[77.64,27.26],[77.61,27.26],[77.62,27.29],[77.6,27.3],[77.62,27.31],[77.62,27.34],[77.58,27.32],[77.51,27.38],[77.44,27.39],[77.44,27.41],[77.42,27.42],[77.44,27.46],[77.41,27.47],[77.38,27.52],[77.34,27.52],[77.35,27.6],[77.34,27.59],[77.32,27.6],[77.35,27.66],[77.34,27.71],[77.3,27.71],[77.3,27.73],[77.32,27.73],[77.31,27.79],[77.29,27.8],[77.3,27.83],[77.33,27.83],[77.34,27.85],[77.37,27.86],[77.42,27.85],[77.41,27.86],[77.42,27.89],[77.46,27.87],[77.48,27.89],[77.49,27.94],[77.54,27.93],[77.55,27.95],[77.52,27.96],[77.52,27.98],[77.54,27.99],[77.49,28.04],[77.5,28.07],[77.48,28.08],[77.48,28.11],[77.5,28.09],[77.51,28.12],[77.49,28.13],[77.5,28.16],[77.55,28.17],[77.55,28.19],[77.5,28.18],[77.5,28.21],[77.53,28.2],[77.52,28.23],[77.54,28.23],[77.55,28.25],[77.52,28.24],[77.49,28.25],[77.51,28.31],[77.47,28.33],[77.5,28.35],[77.5,28.38],[77.47,28.4],[77.48,28.42],[77.45,28.42],[77.44,28.45],[77.4,28.45],[77.41,28.47],[77.38,28.47],[77.37,28.5],[77.35,28.5],[77.35,28.52],[77.3,28.55],[77.3,28.59],[77.34,28.6],[77.34,28.63],[77.32,28.63],[77.33,28.71],[77.29,28.71],[77.29,28.73],[77.26,28.73],[77.26,28.76],[77.24,28.76],[77.23,28.79],[77.2,28.79],[77.2,28.81],[77.22,28.81],[77.22,28.85],[77.19,28.87],[77.19,28.89],[77.23,28.88],[77.23,28.92],[77.19,28.95],[77.2,28.99],[77.19,29.03],[77.17,29.03],[77.17,29.08],[77.14,29.08],[77.13,29.1],[77.15,29.11],[77.14,29.14],[77.15,29.18],[77.13,29.22],[77.15,29.23],[77.14,29.28],[77.16,29.3],[77.16,29.34],[77.13,29.34],[77.13,29.38],[77.16,29.39],[77.13,29.4],[77.15,29.44],[77.12,29.45],[77.13,29.49],[77.1,29.51],[77.1,29.54],[77.13,29.56],[77.08,29.59],[77.11,29.6],[77.1,29.63],[77.14,29.65],[77.14,29.68],[77.16,29.69],[77.13,29.72],[77.14,29.74],[77.12,29.75],[77.12,29.77],[77.15,29.77],[77.15,29.79],[77.17,29.79],[77.18,29.81],[77.18,29.86],[77.2,29.86],[77.19,29.91],[77.23,29.93],[77.25,29.98],[77.28,30.0],[77.28,30.04],[77.3,30.06],[77.34,30.05],[77.34,30.07],[77.36,30.07],[77.37,30.09],[77.41,30.09],[77.41,30.1],[77.41,30.12],[77.42,30.15],[77.44,30.17],[77.46,30.16],[77.46,30.18],[77.48,30.18],[77.5,30.23],[77.53,30.25],[77.53,30.27],[77.59,30.31],[77.58,30.32],[77.6,30.36],[77.58,30.38],[77.59,30.41],[77.66,30.4],[77.7,30.37],[77.72,30.33],[77.87,30.26],[77.89,30.27],[77.95,30.24],[77.91,30.2],[77.87,30.12],[77.83,30.09],[77.8,30.09],[77.77,30.06],[77.78,30.02],[77.73,29.96],[77.75,29.94],[77.73,29.94],[77.74,29.9],[77.72,29.89],[77.72,29.86],[77.74,29.85],[77.74,29.83],[77.76,29.83],[77.76,29.8],[77.78,29.78],[77.77,29.71],[77.81,29.7],[77.8,29.68],[77.84,29.67],[77.88,29.7],[77.95,29.71],[77.94,29.69],[77.98,29.65],[77.98,29.61],[77.94,29.61],[77.94,29.59],[78.02,29.58],[78.04,29.62],[78.13,29.65],[78.18,29.7],[78.2,29.69],[78.2,29.74],[78.27,29.74],[78.33,29.8],[78.4,29.76],[78.5,29.74],[78.52,29.72],[78.52,29.65],[78.58,29.58],[78.65,29.55],[78.7,29.5],[78.76,29.5],[78.8,29.46],[78.81,29.47],[78.93,29.43],[78.88,29.36],[78.85,29.36],[78.85,29.34],[78.82,29.37],[78.8,29.33],[78.76,29.34],[78.75,29.32],[78.73,29.32],[78.73,29.3],[78.76,29.29],[78.79,29.24],[78.88,29.23],[78.88,29.2],[78.91,29.18],[78.92,29.14],[78.91,29.12],[78.96,29.12],[78.97,29.14],[78.99,29.14],[79.03,29.11],[79.04,29.12],[79.02,29.13],[79.02,29.16],[79.04,29.14],[79.03,29.17],[79.05,29.15],[79.09,29.15],[79.1,29.13],[79.14,29.13],[79.15,29.12],[79.14,29.06],[79.17,29.05],[79.16,29.02],[79.21,29.03],[79.29,28.97],[79.38,28.98],[79.38,28.96],[79.41,28.95],[79.43,28.92],[79.42,28.9],[79.43,28.86],[79.54,28.87],[79.54,28.89],[79.55,28.88],[79.56,28.9],[79.58,28.89],[79.57,28.85],[79.67,28.87],[79.71,28.84],[79.72,28.86],[79.79,28.87],[79.8,28.89],[79.82,28.89],[79.85,28.86],[79.83,28.85],[79.83,28.81],[79.81,28.82],[79.81,28.8],[79.85,28.8],[79.85,28.83],[79.89,28.84],[79.89,28.82],[79.91,28.82],[79.92,28.8],[79.9,28.81],[79.87,28.8],[79.93,28.77],[79.95,28.72],[80.03,28.75],[80.06,28.78],[80.06,28.84],[80.07,28.82],[80.12,28.83],[80.18,28.77],[80.27,28.75],[80.26,28.72],[80.31,28.71],[80.32,28.67],[80.35,28.66],[80.37,28.63],[80.44,28.64],[80.47,28.58],[80.5,28.58],[80.51,28.56],[80.53,28.57],[80.5,28.67],[80.58,28.69],[80.59,28.68],[80.58,28.66],[80.6,28.66],[80.61,28.64],[80.67,28.64],[80.68,28.6],[80.7,28.6],[80.69,28.59],[80.71,28.57],[80.77,28.57],[80.77,28.55],[80.79,28.55],[80.79,28.52],[80.82,28.52],[80.84,28.5],[80.9,28.51],[80.91,28.46],[80.94,28.45],[80.95,28.46],[80.98,28.43],[81.02,28.45],[81.01,28.44],[81.02,28.43],[81.03,28.44],[81.02,28.42],[81.03,28.4],[81.06,28.41],[81.1,28.38],[81.21,28.36],[81.23,28.34],[81.24,28.27],[81.32,28.2],[81.32,28.17],[81.3,28.17],[81.32,28.16],[81.32,28.13],[81.36,28.14],[81.38,28.18],[81.43,28.17],[81.48,28.12],[81.49,28.07],[81.61,28.02],[81.64,27.99],[81.7,27.99],[81.8,27.9],[81.83,27.9],[81.9,27.85],[81.93,27.86],[81.94,27.9],[81.97,27.93],[82.02,27.93],[82.08,27.92],[82.08,27.9],[82.12,27.88],[82.12,27.86],[82.16,27.87],[82.22,27.84],[82.23,27.82],[82.3,27.77],[82.34,27.76],[82.44,27.68],[82.71,27.72],[82.72,27.69],[82.71,27.66],[82.74,27.65],[82.73,27.63],[82.75,27.6],[82.74,27.5],[82.94,27.5],[82.96,27.46],[83.02,27.45],[83.18,27.46],[83.22,27.41],[83.27,27.39],[83.27,27.35],[83.29,27.33],[83.32,27.34],[83.34,27.33],[83.37,27.37],[83.39,27.37],[83.39,27.4],[83.41,27.41],[83.39,27.42],[83.4,27.45],[83.39,27.48],[83.62,27.47],[83.82,27.38],[83.86,27.35],[83.86,27.33],[83.84,27.33],[83.85,27.31],[83.92,27.33],[83.93,27.29],[83.91,27.28],[83.91,27.25],[83.96,27.24],[83.99,27.2],[83.99,27.17],[83.95,27.12],[83.95,27.08],[84.02,27.11],[84.03,27.1],[84.03,27.08],[84.0,27.06],[84.02,27.06],[84.03,27.04],[84.05,27.05],[84.05,26.95],[84.03,26.95],[84.06,26.93],[84.05,26.9],[84.07,26.88],[84.11,26.88],[84.11,26.9],[84.13,26.88],[84.15,26.89],[84.14,26.85],[84.16,26.83],[84.18,26.83],[84.18,26.85],[84.21,26.87],[84.24,26.87],[84.26,26.85],[84.25,26.83],[84.26,26.78],[84.23,26.75],[84.25,26.73],[84.31,26.75],[84.33,26.68],[84.41,26.67],[84.42,26.63],[84.27,26.6],[84.19,26.63],[84.16,26.62],[84.16,26.64],[84.15,26.63],[84.09,26.64],[84.09,26.6],[84.06,26.57],[84.06,26.54],[83.98,26.53],[83.97,26.51],[83.95,26.51],[83.94,26.53],[83.91,26.52],[83.92,26.44],[83.99,26.43],[84.0,26.45],[84.02,26.45],[84.03,26.41],[84.07,26.4],[84.08,26.38],[84.12,26.39],[84.18,26.37],[84.17,26.36],[84.17,26.33],[84.19,26.32],[84.18,26.26],[84.16,26.25],[84.12,26.26],[84.12,26.24],[84.1,26.24],[84.09,26.22],[84.02,26.24],[84.01,26.23],[84.03,26.22],[84.03,26.2],[84.01,26.19],[84.01,26.17],[84.05,26.13],[84.05,26.1],[84.1,26.1],[84.17,26.03],[84.18,25.99],[84.2,26.0],[84.24,25.99],[84.3,25.94],[84.36,25.96],[84.4,25.94],[84.43,25.89],[84.47,25.88],[84.49,25.89],[84.51,25.87],[84.53,25.88],[84.54,25.87],[84.53,25.83],[84.56,25.84],[84.61,25.81],[84.62,25.8],[84.61,25.75],[84.63,25.75],[84.63,25.73],[84.56,25.74],[84.56,25.68],[84.54,25.69],[84.54,25.73],[84.53,25.68],[84.49,25.68],[84.46,25.71],[84.43,25.71],[84.42,25.69],[84.4,25.7],[84.4,25.73],[84.33,25.74],[84.33,25.68],[84.3,25.66],[84.22,25.66],[84.18,25.72],[84.09,25.72],[84.07,25.7],[84.09,25.65],[84.07,25.63],[84.02,25.62],[83.95,25.56],[83.91,25.55],[83.9,25.52],[83.87,25.52],[83.88,25.5],[83.85,25.46],[83.81,25.46],[83.84,25.45],[83.85,25.43],[83.82,25.44],[83.8,25.43],[83.81,25.41],[83.77,25.39],[83.74,25.41],[83.71,25.39],[83.7,25.4],[83.69,25.37],[83.65,25.36],[83.65,25.34],[83.52,25.3],[83.52,25.28],[83.48,25.28],[83.47,25.25],[83.45,25.26],[83.44,25.24],[83.41,25.25],[83.4,25.21],[83.35,25.19],[83.37,25.12],[83.34,25.09],[83.32,25.01],[83.35,25.01],[83.34,24.96],[83.36,24.96],[83.35,24.91],[83.37,24.89],[83.36,24.87],[83.4,24.83],[83.39,24.78],[83.43,24.77],[83.46,24.73],[83.49,24.74],[83.48,24.7],[83.52,24.68],[83.5,24.67],[83.5,24.65],[83.52,24.65],[83.55,24.62],[83.52,24.6],[83.53,24.56],[83.5,24.54],[83.5,24.52],[83.41,24.51],[83.39,24.48],[83.4,24.41],[83.42,24.41],[83.46,24.36],[83.38,24.32],[83.41,24.29],[83.41,24.26],[83.4,24.24],[83.38,24.24],[83.38,24.19],[83.35,24.14],[83.35,24.11],[83.29,24.07],[83.27,24.01],[83.24,24.01],[83.22,23.99],[83.22,23.94],[83.2,23.91],[83.18,23.92],[83.14,23.88],[83.1,23.87],[82.94,23.87],[82.92,23.9],[82.88,23.91],[82.84,23.96],[82.8,23.97],[82.81,23.98],[82.8,24.01],[82.79,24.0],[82.75,24.01],[82.77,24.05],[82.76,24.08],[82.71,24.07],[82.71,24.09],[82.67,24.12],[82.67,24.15],[82.73,24.14],[82.73,24.22],[82.76,24.23],[82.77,24.28],[82.77,24.37],[82.71,24.38],[82.72,24.42],[82.74,24.43],[82.74,24.5],[82.72,24.51],[82.73,24.53],[82.72,24.55],[82.75,24.55],[82.8,24.58],[82.8,24.6],[82.77,24.59],[82.78,24.61],[82.77,24.64],[82.7,24.64],[82.7,24.68],[82.67,24.7],[82.56,24.65],[82.53,24.65],[82.53,24.67],[82.49,24.68],[82.45,24.67],[82.45,24.7],[82.42,24.7],[82.41,24.69],[82.42,24.59],[82.41,24.6],[82.38,24.59],[82.35,24.62],[82.3,24.61],[82.29,24.68],[82.23,24.68],[82.25,24.69],[82.24,24.76],[82.19,24.74],[82.2,24.75],[82.19,24.78],[82.21,24.79],[82.18,24.8],[82.11,24.79],[82.1,24.82],[82.06,24.82],[82.02,24.85],[81.97,24.83],[81.94,24.84],[81.94,24.86],[81.9,24.89],[81.92,24.93],[81.91,24.98],[81.89,25.0],[81.85,25.0],[81.84,25.02],[81.79,25.0],[81.74,25.05],[81.69,25.04],[81.69,25.06],[81.67,25.07],[81.63,25.05],[81.61,25.06],[81.6,25.08],[81.63,25.09],[81.63,25.12],[81.61,25.1],[81.6,25.14],[81.63,25.15],[81.62,25.17],[81.59,25.16],[81.59,25.19],[81.51,25.18],[81.53,25.17],[81.53,25.14],[81.5,25.15],[81.5,25.13],[81.48,25.13],[81.49,25.11],[81.51,25.11],[81.49,25.07],[81.47,25.09],[81.41,25.1],[81.45,25.11],[81.44,25.13],[81.37,25.13],[81.37,25.15],[81.34,25.17],[81.32,25.16],[81.31,25.13],[81.31,25.16],[81.28,25.16],[81.25,25.11],[81.27,25.06],[81.23,25.0],[81.21,25.0],[81.22,24.99],[81.21,24.92],[81.19,24.95],[81.16,24.95],[81.16,24.91],[81.14,24.91],[81.13,24.89],[81.09,24.93],[81.09,24.95],[81.03,24.95],[81.03,24.93],[81.0,24.94],[80.98,24.92],[80.95,24.94],[80.95,24.97],[80.87,24.93],[80.81,24.92],[80.82,24.93],[80.79,24.97],[80.85,24.98],[80.85,25.02],[80.83,25.03],[80.86,25.06],[80.88,25.06],[80.87,25.12],[80.88,25.14],[80.91,25.15],[80.89,25.18],[80.85,25.19],[80.84,25.11],[80.81,25.12],[80.81,25.14],[80.7,25.13],[80.73,25.12],[80.72,25.09],[80.76,25.09],[80.79,25.07],[80.78,25.05],[80.73,25.05],[80.73,25.07],[80.68,25.05],[80.68,25.08],[80.66,25.07],[80.65,25.09],[80.61,25.09],[80.61,25.07],[80.57,25.08],[80.55,25.06],[80.52,25.07],[80.52,25.1],[80.48,25.1],[80.51,25.07],[80.5,25.04],[80.47,25.04],[80.47,25.07],[80.45,25.06],[80.44,25.08],[80.39,25.05],[80.37,25.06],[80.38,25.02],[80.34,25.02],[80.34,25.0],[80.31,25.0],[80.3,25.02],[80.28,25.02],[80.29,25.06],[80.35,25.05],[80.35,25.09],[80.38,25.11],[80.35,25.14],[80.37,25.14],[80.38,25.16],[80.42,25.16],[80.43,25.19],[80.4,25.25],[80.37,25.24],[80.35,25.28],[80.31,25.28],[80.32,25.39],[80.29,25.42],[80.26,25.42],[80.26,25.4],[80.2,25.41],[80.2,25.38],[80.17,25.38],[80.17,25.36],[80.15,25.36],[80.14,25.34],[80.11,25.35],[80.03,25.34],[80.02,25.3],[79.98,25.26],[79.95,25.27],[79.94,25.25],[79.9,25.24],[79.87,25.25],[79.86,25.23],[79.85,25.24],[79.85,25.22],[79.87,25.22],[79.86,25.19],[79.88,25.15],[79.85,25.13],[79.85,25.09],[79.83,25.11],[79.77,25.12],[79.76,25.14],[79.74,25.13],[79.68,25.14],[79.68,25.12],[79.63,25.14],[79.6,25.13],[79.58,25.17],[79.56,25.17],[79.52,25.13],[79.52,25.1],[79.5,25.08],[79.47,25.09],[79.47,25.12],[79.45,25.1],[79.43,25.12],[79.4,25.11],[79.38,25.15],[79.41,25.18],[79.41,25.2],[79.45,25.21],[79.43,25.22],[79.46,25.26],[79.48,25.26],[79.48,25.28],[79.42,25.25],[79.39,25.29],[79.37,25.29],[79.37,25.26],[79.35,25.27],[79.35,25.23],[79.33,25.23],[79.35,25.22],[79.35,25.2],[79.33,25.2],[79.33,25.22],[79.31,25.22],[79.28,25.25],[79.29,25.23],[79.28,25.19],[79.31,25.2],[79.32,25.16],[79.32,25.14],[79.29,25.12],[79.26,25.12],[79.27,25.14],[79.25,25.14],[79.21,25.11],[79.2,25.14],[79.18,25.14],[79.19,25.11],[79.12,25.11],[79.13,25.13],[79.1,25.18],[79.07,25.17],[79.05,25.13],[79.03,25.14],[79.03,25.19],[79.06,25.19],[79.06,25.22],[79.02,25.24],[79.02,25.27],[78.98,25.26],[78.98,25.23],[79.01,25.22],[79.01,25.2],[78.95,25.22],[78.88,25.16],[78.87,25.19],[78.89,25.2],[78.89,25.22],[78.87,25.22],[78.87,25.24],[78.88,25.25],[78.9,25.24],[78.91,25.27],[78.95,25.26],[78.95,25.28],[78.98,25.29],[78.96,25.3],[78.96,25.34],[78.95,25.33],[78.88,25.34],[78.86,25.32],[78.88,25.28],[78.84,25.23],[78.81,25.27],[78.83,25.3],[78.82,25.32],[78.84,25.32],[78.84,25.35]],[[78.93,25.94],[78.94,25.94],[78.94,25.95],[78.93,25.95],[78.93,25.94]],[[77.42,30.1],[77.42,30.11],[77.41,30.1],[77.42,30.1]],[[78.08,29.62],[78.09,29.62],[78.09,29.63],[78.08,29.63],[78.08,29.62]],[[84.3,25.68],[84.29,25.67],[84.3,25.67],[84.3,25.68]],[[82.21,24.77],[82.22,24.78],[82.21,24.78],[82.21,24.77]],[[82.19,24.8],[82.19,24.81],[82.18,24.81],[82.18,24.8],[82.19,24.8]],[[81.91,24.99],[81.91,25.01],[81.9,25.01],[81.9,24.99],[81.91,24.99]],[[80.61,25.1],[80.63,25.13],[80.61,25.13],[80.6,25.15],[80.59,25.09],[80.61,25.1]],[[80.63,25.11],[80.64,25.11],[80.64,25.12],[80.63,25.12],[80.63,25.11]],[[79.61,25.14],[79.61,25.15],[79.6,25.15],[79.6,25.14],[79.61,25.14]],[[79.48,25.12],[79.48,25.13],[79.47,25.13],[79.47,25.12],[79.48,25.12]],[[77.75,27.03],[77.73,27.03],[77.73,26.98],[77.76,26.99],[77.75,27.03]]],[[[80.97,28.46],[80.98,28.46],[80.97,28.45],[80.97,28.46]]],[[[80.92,28.46],[80.91,28.47],[80.92,28.47],[80.92,28.46]]],[[[80.94,28.47],[80.95,28.47],[80.93,28.46],[80.94,28.47]]],[[[79.92,28.79],[79.94,28.79],[79.94,28.78],[79.92,28.78],[79.92,28.79]]]]}},{"type":"Feature","properties":{"k":"WESTBENGAL","n":"WEST BENGAL","c":"19"},"geometry":{"type":"MultiPolygon","coordinates":[[[[88.06,21.51],[88.07,21.52],[88.07,21.51],[88.06,21.51]]],[[[88.08,21.53],[88.07,21.52],[88.07,21.53],[88.08,21.53]]],[[[88.0,21.54],[88.02,21.59],[88.05,21.58],[88.04,21.55],[88.03,21.56],[88.02,21.53],[87.99,21.51],[88.0,21.54]]],[[[88.05,21.56],[88.05,21.57],[88.06,21.57],[88.06,21.55],[88.05,21.56]]],[[[88.09,21.58],[88.08,21.59],[88.09,21.59],[88.09,21.58]]],[[[88.07,21.61],[88.07,21.62],[88.08,21.62],[88.08,21.61],[88.07,21.61]]],[[[87.99,21.64],[87.98,21.61],[87.94,21.59],[87.97,21.63],[87.96,21.64],[87.98,21.67],[87.97,21.68],[87.99,21.69],[87.99,21.64]]],[[[87.91,21.7],[87.91,21.69],[87.9,21.69],[87.9,21.7],[87.91,21.7]]],[[[87.98,21.69],[87.98,21.7],[87.99,21.7],[87.98,21.69]]],[[[87.92,21.69],[87.92,21.71],[87.94,21.72],[87.93,21.69],[87.92,21.69]]],[[[87.95,21.71],[87.96,21.71],[87.95,21.7],[87.95,21.71]]],[[[87.98,21.72],[87.98,21.73],[87.99,21.73],[87.99,21.72],[87.98,21.72]]],[[[87.95,21.73],[87.95,21.74],[87.96,21.74],[87.95,21.73]]],[[[88.09,21.63],[88.04,21.64],[88.03,21.69],[88.07,21.74],[88.07,21.78],[88.09,21.79],[88.08,21.79],[88.1,21.84],[88.12,21.85],[88.12,21.87],[88.14,21.87],[88.14,21.85],[88.17,21.82],[88.16,21.79],[88.17,21.73],[88.15,21.68],[88.13,21.68],[88.14,21.7],[88.12,21.69],[88.15,21.64],[88.12,21.62],[88.09,21.63]],[[88.14,21.71],[88.14,21.72],[88.13,21.72],[88.14,21.7],[88.14,21.71]],[[88.13,21.73],[88.13,21.74],[88.12,21.74],[88.13,21.72],[88.13,21.73]],[[88.14,21.75],[88.14,21.76],[88.13,21.76],[88.13,21.74],[88.14,21.75]],[[88.13,21.77],[88.12,21.79],[88.1,21.79],[88.12,21.76],[88.13,21.77]]],[[[87.96,21.77],[87.95,21.75],[87.93,21.74],[87.94,21.76],[87.96,21.77]]],[[[87.9,21.77],[87.89,21.75],[87.88,21.75],[87.88,21.76],[87.9,21.77]]],[[[88.1,21.87],[88.09,21.87],[88.09,21.89],[88.1,21.89],[88.1,21.87]]],[[[88.11,21.9],[88.1,21.9],[88.1,21.91],[88.11,21.9]]],[[[88.09,21.97],[88.1,22.01],[88.14,22.02],[88.12,21.98],[88.09,21.97]]],[[[86.8,22.26],[86.8,22.25],[86.79,22.25],[86.79,22.27],[86.8,22.26]]],[[[86.23,23.45],[86.23,23.46],[86.25,23.46],[86.24,23.44],[86.23,23.45]]],[[[86.8,23.83],[86.8,23.84],[86.81,23.84],[86.81,23.83],[86.8,23.83]]],[[[86.85,22.26],[86.89,22.26],[86.89,22.3],[86.83,22.32],[86.85,22.4],[86.76,22.43],[86.75,22.45],[86.75,22.48],[86.8,22.48],[86.79,22.55],[86.77,22.55],[86.77,22.58],[86.65,22.58],[86.63,22.61],[86.64,22.67],[86.58,22.69],[86.55,22.72],[86.5,22.71],[86.47,22.74],[86.47,22.76],[86.43,22.77],[86.42,22.79],[86.44,22.83],[86.43,22.86],[86.45,22.86],[86.46,22.89],[86.44,22.93],[86.46,22.93],[86.47,22.95],[86.53,22.95],[86.53,22.97],[86.51,22.97],[86.51,22.99],[86.43,23.0],[86.4,22.98],[86.39,23.0],[86.33,22.99],[86.31,23.01],[86.22,22.99],[86.21,23.01],[86.18,23.01],[86.16,23.03],[86.16,23.05],[86.14,23.05],[86.15,23.08],[86.05,23.1],[86.04,23.15],[86.02,23.14],[85.98,23.16],[85.9,23.15],[85.88,23.17],[85.88,23.21],[85.84,23.22],[85.84,23.25],[85.82,23.26],[85.83,23.3],[85.88,23.34],[85.87,23.39],[85.89,23.4],[85.89,23.43],[85.86,23.43],[85.86,23.45],[85.87,23.48],[85.93,23.47],[86.02,23.49],[86.05,23.48],[86.06,23.5],[86.04,23.5],[86.02,23.54],[86.02,23.56],[86.05,23.59],[86.09,23.56],[86.1,23.57],[86.16,23.56],[86.15,23.47],[86.22,23.45],[86.23,23.42],[86.29,23.43],[86.31,23.41],[86.31,23.44],[86.35,23.44],[86.36,23.47],[86.38,23.47],[86.36,23.49],[86.39,23.58],[86.45,23.6],[86.46,23.63],[86.48,23.64],[86.54,23.63],[86.6,23.66],[86.61,23.68],[86.62,23.67],[86.7,23.7],[86.74,23.7],[86.74,23.68],[86.8,23.69],[86.81,23.75],[86.83,23.75],[86.83,23.78],[86.8,23.8],[86.81,23.82],[86.82,23.81],[86.85,23.82],[86.86,23.85],[86.88,23.85],[86.89,23.83],[86.88,23.86],[86.89,23.88],[86.93,23.88],[86.93,23.85],[86.96,23.85],[86.98,23.87],[87.07,23.81],[87.16,23.8],[87.17,23.83],[87.13,23.85],[87.13,23.87],[87.16,23.86],[87.16,23.87],[87.17,23.85],[87.22,23.85],[87.25,23.86],[87.24,23.87],[87.25,23.91],[87.26,23.88],[87.29,23.89],[87.28,23.93],[87.29,23.96],[87.26,23.97],[87.27,23.99],[87.23,24.02],[87.25,24.05],[87.27,24.03],[87.34,24.03],[87.32,24.0],[87.38,24.01],[87.45,23.98],[87.45,24.02],[87.48,24.01],[87.51,24.03],[87.51,24.05],[87.49,24.05],[87.5,24.06],[87.49,24.08],[87.51,24.08],[87.5,24.11],[87.53,24.11],[87.54,24.08],[87.55,24.09],[87.56,24.08],[87.58,24.09],[87.57,24.11],[87.61,24.13],[87.58,24.16],[87.62,24.17],[87.64,24.15],[87.67,24.16],[87.67,24.14],[87.7,24.15],[87.7,24.19],[87.68,24.19],[87.68,24.21],[87.64,24.21],[87.64,24.25],[87.66,24.24],[87.71,24.26],[87.71,24.29],[87.74,24.29],[87.77,24.32],[87.76,24.34],[87.79,24.36],[87.81,24.4],[87.81,24.42],[87.79,24.41],[87.79,24.44],[87.82,24.46],[87.8,24.5],[87.81,24.56],[87.77,24.58],[87.88,24.56],[87.91,24.59],[87.92,24.67],[87.89,24.67],[87.91,24.72],[87.89,24.72],[87.89,24.74],[87.86,24.73],[87.82,24.75],[87.82,24.77],[87.83,24.79],[87.85,24.76],[87.87,24.77],[87.87,24.83],[87.88,24.82],[87.89,24.82],[87.9,24.82],[87.89,24.86],[87.96,24.91],[87.96,24.97],[87.8,25.08],[87.77,25.2],[87.78,25.25],[87.74,25.26],[87.83,25.25],[87.85,25.26],[87.85,25.31],[87.79,25.33],[87.78,25.34],[87.79,25.38],[87.76,25.39],[87.79,25.45],[87.83,25.44],[87.84,25.47],[87.86,25.46],[87.88,25.52],[87.91,25.51],[87.92,25.54],[87.97,25.54],[87.99,25.51],[88.0,25.51],[88.02,25.51],[88.03,25.49],[88.07,25.49],[88.07,25.53],[88.03,25.55],[88.02,25.58],[88.02,25.6],[88.04,25.61],[88.05,25.7],[87.97,25.72],[87.95,25.77],[87.91,25.78],[87.91,25.86],[87.83,25.87],[87.81,25.93],[87.82,25.94],[87.84,25.93],[87.83,25.95],[87.85,25.96],[87.85,26.02],[87.89,26.04],[87.91,26.08],[87.93,26.08],[87.94,26.06],[87.95,26.08],[87.98,26.07],[87.98,26.09],[87.96,26.1],[87.99,26.1],[87.99,26.15],[88.0,26.14],[88.03,26.18],[88.08,26.18],[88.12,26.23],[88.14,26.23],[88.14,26.25],[88.18,26.25],[88.18,26.27],[88.23,26.28],[88.25,26.33],[88.29,26.33],[88.28,26.35],[88.3,26.35],[88.28,26.38],[88.24,26.38],[88.26,26.43],[88.22,26.47],[88.23,26.49],[88.2,26.48],[88.18,26.5],[88.19,26.52],[88.24,26.54],[88.23,26.57],[88.21,26.57],[88.22,26.56],[88.21,26.55],[88.18,26.56],[88.15,26.52],[88.11,26.54],[88.14,26.63],[88.16,26.63],[88.19,26.78],[88.17,26.82],[88.17,26.87],[88.14,26.89],[88.14,26.93],[88.12,26.95],[88.13,26.98],[88.09,27.0],[88.08,27.03],[88.05,27.03],[88.02,27.06],[88.02,27.09],[87.99,27.1],[87.99,27.13],[88.01,27.14],[88.02,27.17],[88.01,27.21],[88.06,27.22],[88.08,27.2],[88.07,27.19],[88.09,27.14],[88.15,27.11],[88.17,27.13],[88.32,27.13],[88.32,27.11],[88.42,27.08],[88.45,27.08],[88.47,27.12],[88.5,27.12],[88.53,27.15],[88.53,27.18],[88.6,27.19],[88.63,27.16],[88.69,27.18],[88.73,27.13],[88.8,27.14],[88.81,27.12],[88.87,27.11],[88.87,26.94],[88.91,26.99],[88.93,26.99],[88.95,26.97],[88.94,26.94],[88.95,26.92],[88.98,26.91],[89.02,26.94],[89.04,26.9],[89.09,26.89],[89.09,26.84],[89.12,26.81],[89.26,26.81],[89.31,26.84],[89.38,26.85],[89.4,26.83],[89.43,26.84],[89.45,26.8],[89.55,26.81],[89.57,26.79],[89.64,26.78],[89.63,26.76],[89.64,26.75],[89.61,26.73],[89.64,26.71],[89.67,26.74],[89.71,26.72],[89.75,26.73],[89.76,26.7],[89.79,26.71],[89.85,26.7],[89.87,26.65],[89.85,26.63],[89.87,26.61],[89.85,26.49],[89.87,26.45],[89.85,26.43],[89.86,26.41],[89.83,26.41],[89.83,26.39],[89.86,26.4],[89.83,26.38],[89.83,26.37],[89.82,26.37],[89.81,26.37],[89.79,26.36],[89.78,26.33],[89.75,26.32],[89.75,26.3],[89.73,26.29],[89.74,26.27],[89.72,26.26],[89.73,26.23],[89.7,26.22],[89.72,26.21],[89.72,26.19],[89.7,26.19],[89.71,26.15],[89.68,26.16],[89.7,26.17],[89.67,26.2],[89.69,26.23],[89.67,26.22],[89.63,26.23],[89.65,26.19],[89.64,26.18],[89.66,26.17],[89.61,26.17],[89.6,26.13],[89.63,26.13],[89.63,26.08],[89.65,26.06],[89.61,26.06],[89.58,26.03],[89.59,25.98],[89.58,25.97],[89.56,25.98],[89.56,25.96],[89.54,25.97],[89.53,26.01],[89.51,26.0],[89.43,26.01],[89.42,26.05],[89.39,26.01],[89.35,26.01],[89.31,26.05],[89.25,26.06],[89.26,26.09],[89.22,26.13],[89.16,26.13],[89.14,26.17],[89.15,26.21],[89.14,26.24],[89.1,26.28],[89.1,26.29],[89.1,26.3],[89.1,26.31],[89.1,26.33],[89.06,26.31],[89.05,26.24],[89.04,26.25],[88.95,26.24],[88.92,26.29],[88.87,26.29],[88.86,26.25],[88.88,26.23],[88.84,26.23],[88.81,26.26],[88.82,26.3],[88.8,26.31],[88.74,26.31],[88.74,26.29],[88.67,26.26],[88.68,26.29],[88.67,26.32],[88.69,26.31],[88.75,26.32],[88.74,26.35],[88.7,26.33],[88.69,26.39],[88.67,26.39],[88.65,26.43],[88.62,26.43],[88.62,26.47],[88.58,26.45],[88.55,26.48],[88.52,26.48],[88.52,26.51],[88.49,26.51],[88.48,26.54],[88.43,26.54],[88.42,26.62],[88.4,26.63],[88.39,26.62],[88.4,26.6],[88.37,26.59],[88.36,26.53],[88.33,26.5],[88.33,26.48],[88.35,26.47],[88.35,26.45],[88.36,26.49],[88.41,26.47],[88.47,26.47],[88.5,26.44],[88.49,26.43],[88.51,26.41],[88.52,26.35],[88.48,26.35],[88.45,26.37],[88.44,26.34],[88.41,26.34],[88.42,26.32],[88.39,26.32],[88.35,26.29],[88.36,26.25],[88.35,26.22],[88.33,26.22],[88.32,26.2],[88.24,26.19],[88.22,26.16],[88.21,26.16],[88.2,26.16],[88.19,26.16],[88.18,26.12],[88.16,26.11],[88.16,26.08],[88.18,26.08],[88.19,26.06],[88.17,26.05],[88.18,26.02],[88.15,26.02],[88.13,26.0],[88.12,25.94],[88.09,25.93],[88.09,25.87],[88.11,25.87],[88.1,25.84],[88.12,25.8],[88.14,25.8],[88.14,25.78],[88.18,25.8],[88.21,25.79],[88.23,25.81],[88.27,25.81],[88.27,25.78],[88.3,25.77],[88.32,25.74],[88.36,25.73],[88.4,25.67],[88.46,25.66],[88.45,25.6],[88.5,25.58],[88.49,25.56],[88.54,25.53],[88.54,25.51],[88.61,25.52],[88.62,25.5],[88.65,25.5],[88.64,25.49],[88.66,25.47],[88.68,25.48],[88.7,25.47],[88.71,25.5],[88.76,25.49],[88.76,25.52],[88.81,25.52],[88.81,25.49],[88.83,25.49],[88.84,25.47],[88.82,25.41],[88.84,25.4],[88.84,25.36],[88.87,25.35],[88.88,25.32],[88.89,25.34],[88.91,25.34],[88.91,25.31],[88.93,25.3],[89.01,25.3],[89.01,25.26],[88.98,25.27],[88.95,25.25],[88.96,25.21],[88.94,25.21],[88.95,25.17],[88.87,25.18],[88.87,25.2],[88.85,25.21],[88.83,25.21],[88.81,25.17],[88.73,25.18],[88.74,25.19],[88.72,25.21],[88.68,25.2],[88.64,25.21],[88.59,25.18],[88.5,25.21],[88.44,25.2],[88.44,25.17],[88.46,25.16],[88.46,25.13],[88.44,25.13],[88.45,25.03],[88.41,25.0],[88.42,24.97],[88.4,24.97],[88.4,24.94],[88.36,24.95],[88.32,24.92],[88.33,24.9],[88.35,24.9],[88.33,24.87],[88.3,24.87],[88.3,24.89],[88.28,24.9],[88.26,24.88],[88.26,24.92],[88.23,24.96],[88.16,24.95],[88.16,24.93],[88.14,24.94],[88.14,24.91],[88.17,24.9],[88.15,24.89],[88.17,24.86],[88.14,24.85],[88.13,24.81],[88.11,24.82],[88.1,24.8],[88.11,24.79],[88.07,24.77],[88.07,24.73],[88.04,24.71],[88.03,24.68],[88.09,24.62],[88.12,24.52],[88.19,24.49],[88.19,24.47],[88.21,24.48],[88.24,24.46],[88.33,24.45],[88.37,24.4],[88.47,24.36],[88.5,24.32],[88.56,24.31],[88.58,24.33],[88.59,24.31],[88.65,24.3],[88.69,24.32],[88.74,24.28],[88.74,24.14],[88.69,24.11],[88.73,24.1],[88.72,24.08],[88.74,24.06],[88.73,23.99],[88.74,24.01],[88.76,24.01],[88.77,23.98],[88.74,23.98],[88.74,23.91],[88.71,23.92],[88.68,23.88],[88.66,23.88],[88.67,23.87],[88.63,23.86],[88.62,23.88],[88.61,23.86],[88.58,23.87],[88.6,23.8],[88.58,23.8],[88.57,23.78],[88.58,23.73],[88.56,23.64],[88.59,23.64],[88.58,23.6],[88.64,23.61],[88.65,23.56],[88.68,23.55],[88.71,23.51],[88.73,23.51],[88.74,23.48],[88.8,23.5],[88.79,23.44],[88.76,23.45],[88.75,23.42],[88.76,23.36],[88.74,23.36],[88.73,23.34],[88.75,23.31],[88.7,23.31],[88.72,23.25],[88.75,23.24],[88.77,23.25],[88.78,23.24],[88.77,23.22],[88.81,23.22],[88.81,23.25],[88.83,23.25],[88.84,23.23],[88.91,23.24],[88.91,23.22],[88.93,23.21],[88.99,23.22],[88.98,23.18],[88.97,23.19],[88.94,23.18],[88.93,23.14],[88.87,23.1],[88.86,23.08],[88.88,23.02],[88.85,23.0],[88.87,23.0],[88.86,22.95],[88.89,22.95],[88.89,22.93],[88.91,22.92],[88.91,22.88],[88.95,22.88],[88.95,22.86],[88.97,22.85],[88.96,22.8],[88.91,22.76],[88.92,22.73],[88.96,22.7],[88.95,22.66],[88.93,22.65],[88.94,22.62],[88.96,22.62],[88.94,22.6],[88.94,22.56],[88.97,22.54],[88.97,22.5],[89.0,22.47],[88.99,22.46],[89.0,22.43],[88.97,22.41],[88.99,22.4],[88.99,22.32],[89.02,22.31],[89.0,22.3],[89.0,22.28],[89.07,22.21],[89.07,22.16],[89.08,22.15],[89.1,22.16],[89.04,22.1],[89.05,22.05],[89.08,22.03],[89.07,21.94],[89.02,21.93],[88.99,21.96],[89.01,21.9],[88.97,21.92],[88.97,21.94],[88.96,21.93],[88.93,21.94],[88.95,22.0],[88.93,22.04],[88.92,21.99],[88.91,22.04],[88.93,22.06],[88.89,22.07],[88.91,22.01],[88.9,21.93],[88.93,21.93],[88.94,21.91],[88.97,21.91],[88.97,21.89],[88.98,21.9],[89.03,21.87],[89.02,21.85],[89.03,21.83],[88.99,21.82],[88.97,21.78],[88.95,21.79],[88.96,21.8],[88.94,21.8],[88.95,21.77],[88.9,21.76],[88.92,21.75],[88.91,21.73],[88.88,21.75],[88.87,21.78],[88.84,21.78],[88.84,21.86],[88.87,21.87],[88.83,21.92],[88.85,21.91],[88.86,21.92],[88.79,21.96],[88.78,21.95],[88.76,21.96],[88.76,21.98],[88.8,21.97],[88.79,21.99],[88.75,21.99],[88.77,22.06],[88.75,22.07],[88.74,22.05],[88.7,22.07],[88.77,22.15],[88.74,22.15],[88.73,22.12],[88.69,22.09],[88.69,22.06],[88.73,22.04],[88.74,22.01],[88.71,22.0],[88.68,21.94],[88.63,21.95],[88.63,22.0],[88.66,22.02],[88.66,22.07],[88.63,22.13],[88.61,22.1],[88.63,22.09],[88.64,22.04],[88.6,21.99],[88.61,21.95],[88.6,21.9],[88.58,21.89],[88.58,21.91],[88.55,21.9],[88.54,21.86],[88.52,21.85],[88.5,21.87],[88.52,21.92],[88.51,21.93],[88.46,21.9],[88.45,21.94],[88.44,21.91],[88.41,21.91],[88.39,21.89],[88.38,21.87],[88.39,21.8],[88.36,21.8],[88.37,21.77],[88.34,21.76],[88.37,21.76],[88.36,21.75],[88.36,21.74],[88.36,21.72],[88.37,21.72],[88.38,21.72],[88.39,21.72],[88.39,21.7],[88.36,21.69],[88.34,21.72],[88.32,21.73],[88.33,21.72],[88.32,21.71],[88.35,21.69],[88.35,21.64],[88.32,21.6],[88.3,21.62],[88.32,21.66],[88.31,21.75],[88.29,21.79],[88.26,21.8],[88.27,21.77],[88.28,21.76],[88.27,21.72],[88.3,21.68],[88.29,21.65],[88.3,21.58],[88.28,21.56],[88.25,21.56],[88.22,21.62],[88.2,21.6],[88.19,21.63],[88.18,21.71],[88.2,21.72],[88.19,21.7],[88.2,21.69],[88.22,21.71],[88.2,21.75],[88.2,21.84],[88.19,21.83],[88.19,21.85],[88.17,21.88],[88.16,21.88],[88.17,21.94],[88.15,21.95],[88.22,22.05],[88.22,22.11],[88.2,22.14],[88.21,22.15],[88.16,22.2],[88.07,22.21],[88.08,22.23],[88.07,22.26],[88.05,22.22],[88.02,22.22],[88.01,22.24],[87.99,22.22],[88.04,22.21],[88.07,22.18],[88.14,22.19],[88.17,22.16],[88.19,22.1],[88.08,22.02],[88.05,22.02],[88.01,22.08],[87.99,22.08],[88.01,22.07],[88.05,21.99],[88.03,21.98],[88.0,21.89],[87.96,21.85],[87.96,21.83],[87.9,21.79],[87.88,21.8],[87.88,21.77],[87.78,21.69],[87.75,21.7],[87.75,21.68],[87.68,21.65],[87.64,21.66],[87.63,21.64],[87.48,21.61],[87.48,21.65],[87.46,21.65],[87.47,21.72],[87.44,21.73],[87.45,21.74],[87.44,21.77],[87.39,21.78],[87.37,21.77],[87.36,21.79],[87.27,21.81],[87.28,21.82],[87.25,21.85],[87.24,21.89],[87.26,21.93],[87.24,21.94],[87.24,21.96],[87.19,21.96],[87.17,21.98],[87.16,21.93],[87.11,21.93],[87.09,21.91],[87.1,21.87],[87.03,21.87],[87.03,21.89],[87.0,21.91],[87.03,21.98],[87.02,22.05],[86.99,22.05],[86.97,22.09],[86.84,22.1],[86.83,22.12],[86.81,22.12],[86.8,22.16],[86.72,22.15],[86.73,22.22],[86.76,22.21],[86.78,22.22],[86.78,22.24],[86.81,22.25],[86.82,22.27],[86.85,22.26]],[[86.54,22.97],[86.55,22.97],[86.55,22.99],[86.53,22.98],[86.54,22.97]],[[86.31,23.02],[86.3,23.02],[86.3,23.01],[86.31,23.02]],[[86.25,23.41],[86.26,23.41],[86.26,23.42],[86.25,23.42],[86.25,23.41]],[[88.0,25.5],[88.01,25.5],[88.0,25.51],[88.0,25.5]],[[88.05,25.64],[88.06,25.64],[88.05,25.65],[88.05,25.64]],[[89.73,26.3],[89.72,26.3],[89.72,26.29],[89.73,26.29],[89.73,26.3]],[[89.64,26.19],[89.63,26.19],[89.63,26.18],[89.64,26.18],[89.64,26.19]],[[89.11,26.31],[89.13,26.29],[89.14,26.32],[89.1,26.31],[89.11,26.31]],[[88.69,26.28],[88.68,26.28],[88.68,26.27],[88.69,26.27],[88.69,26.28]],[[88.82,23.24],[88.82,23.23],[88.83,23.23],[88.83,23.24],[88.82,23.24]],[[89.01,22.26],[89.02,22.25],[89.02,22.26],[89.01,22.26]],[[88.91,22.08],[88.9,22.08],[88.9,22.07],[88.91,22.08]],[[88.92,22.08],[88.92,22.09],[88.91,22.09],[88.91,22.08],[88.92,22.08]],[[88.93,22.09],[88.93,22.1],[88.92,22.11],[88.92,22.09],[88.93,22.09]],[[88.89,21.93],[88.87,21.93],[88.88,21.91],[88.9,21.92],[88.89,21.93]],[[88.97,21.8],[88.98,21.81],[88.98,21.82],[88.96,21.8],[88.97,21.8]],[[88.97,21.83],[88.95,21.83],[88.95,21.82],[88.97,21.82],[88.97,21.83]],[[88.95,21.84],[88.95,21.85],[88.94,21.85],[88.94,21.83],[88.95,21.84]],[[88.96,21.85],[88.96,21.86],[88.95,21.86],[88.95,21.85],[88.96,21.85]],[[88.97,21.86],[88.98,21.87],[88.98,21.88],[88.96,21.87],[88.97,21.86]],[[88.9,21.78],[88.89,21.77],[88.89,21.76],[88.9,21.76],[88.9,21.78]],[[88.9,21.79],[88.89,21.8],[88.9,21.78],[88.9,21.79]],[[88.89,21.81],[88.89,21.84],[88.88,21.84],[88.88,21.8],[88.89,21.81]],[[88.76,22.07],[88.78,22.09],[88.78,22.1],[88.75,22.08],[88.76,22.07]],[[88.65,22.14],[88.65,22.16],[88.66,22.18],[88.64,22.17],[88.64,22.13],[88.65,22.14]],[[88.68,22.19],[88.67,22.21],[88.66,22.18],[88.68,22.19]],[[88.61,22.03],[88.6,22.03],[88.6,22.02],[88.62,22.02],[88.61,22.03]],[[88.46,21.95],[88.44,21.95],[88.44,21.94],[88.45,21.94],[88.46,21.95]],[[88.39,21.9],[88.39,21.91],[88.38,21.89],[88.39,21.89],[88.39,21.9]],[[88.4,21.91],[88.4,21.92],[88.39,21.92],[88.39,21.91],[88.4,21.91]],[[88.4,21.93],[88.4,21.94],[88.39,21.94],[88.4,21.92],[88.4,21.93]],[[88.35,21.72],[88.35,21.74],[88.34,21.75],[88.34,21.72],[88.35,21.72]],[[88.31,21.78],[88.31,21.79],[88.3,21.79],[88.3,21.78],[88.31,21.78]],[[88.225,21.63],[88.22,21.63],[88.22,21.62],[88.225,21.63]],[[88.23,21.63],[88.24,21.64],[88.24,21.65],[88.23,21.65],[88.23,21.63]],[[88.19,21.69],[88.19,21.68],[88.2,21.68],[88.2,21.69],[88.19,21.69]],[[88.21,21.67],[88.22,21.67],[88.23,21.67],[88.2,21.68],[88.21,21.67]],[[88.0,22.25],[87.99,22.24],[88.0,22.24],[88.0,22.25]],[[88.01,22.2],[88.02,22.2],[88.02,22.21],[88.01,22.2]],[[87.88,21.81],[87.87,21.81],[87.87,21.8],[87.88,21.8],[87.88,21.81]],[[86.79,22.23],[86.8,22.22],[86.81,22.24],[86.79,22.24],[86.79,22.23]],[[88.5,21.96],[88.5,21.97],[88.49,21.97],[88.49,21.96],[88.5,21.96]],[[88.5,21.95],[88.5,21.94],[88.52,21.94],[88.51,21.96],[88.5,21.95]],[[88.52,21.93],[88.53,21.93],[88.52,21.94],[88.52,21.93]],[[88.51,21.98],[88.5,21.98],[88.5,21.97],[88.51,21.98]],[[88.52,21.98],[88.54,21.98],[88.55,22.0],[88.51,21.99],[88.52,21.98]],[[88.56,22.01],[88.56,22.05],[88.55,22.05],[88.55,22.0],[88.56,22.01]],[[88.25,21.86],[88.26,21.86],[88.26,21.88],[88.25,21.87],[88.25,21.86]],[[88.27,21.88],[88.27,21.89],[88.26,21.89],[88.26,21.88],[88.27,21.88]],[[88.28,21.9],[88.27,21.91],[88.27,21.9],[88.28,21.9]],[[88.27,21.94],[88.28,21.94],[88.28,21.95],[88.27,21.95],[88.27,21.94]],[[88.36,21.91],[88.37,21.91],[88.37,21.92],[88.36,21.92],[88.36,21.91]],[[88.36,21.93],[88.35,21.94],[88.35,21.92],[88.36,21.93]],[[88.35,21.95],[88.36,21.95],[88.36,21.96],[88.35,21.96],[88.35,21.95]],[[88.35,21.97],[88.34,21.97],[88.34,21.96],[88.35,21.96],[88.35,21.97]],[[88.39,21.96],[88.38,21.96],[88.39,21.95],[88.39,21.96]],[[88.38,21.97],[88.37,21.97],[88.37,21.96],[88.38,21.96],[88.38,21.97]],[[88.39,21.98],[88.39,21.97],[88.4,21.97],[88.4,21.98],[88.39,21.98]],[[88.41,21.98],[88.41,22.0],[88.4,22.0],[88.4,21.98],[88.41,21.98]],[[88.4,22.01],[88.39,22.01],[88.39,22.0],[88.4,22.0],[88.4,22.01]],[[88.46,21.97],[88.45,21.97],[88.46,21.96],[88.46,21.97]],[[88.45,21.99],[88.44,21.99],[88.44,21.98],[88.45,21.98],[88.45,21.99]],[[88.64,22.24],[88.64,22.23],[88.63,22.21],[88.65,22.21],[88.64,22.22],[88.66,22.25],[88.64,22.24]],[[88.96,26.25],[88.97,26.25],[88.97,26.26],[88.96,26.26],[88.96,26.25]],[[89.71,26.27],[89.7,26.27],[89.7,26.26],[89.71,26.26],[89.71,26.27]],[[89.02,26.31],[89.02,26.3],[89.03,26.3],[89.03,26.31],[89.02,26.31]],[[89.01,26.3],[89.01,26.29],[89.02,26.29],[89.02,26.3],[89.01,26.3]],[[89.01,26.33],[89.02,26.33],[89.02,26.34],[89.01,26.34],[89.01,26.33]],[[88.32,21.78],[88.33,21.78],[88.33,21.79],[88.32,21.78]],[[88.27,21.82],[88.26,21.82],[88.26,21.81],[88.27,21.81],[88.27,21.82]],[[88.28,21.82],[88.29,21.82],[88.29,21.83],[88.27,21.82],[88.28,21.82]],[[88.31,21.87],[88.3,21.88],[88.29,21.86],[88.3,21.83],[88.32,21.85],[88.31,21.87]],[[88.33,21.86],[88.34,21.86],[88.33,21.87],[88.33,21.86]],[[88.35,21.85],[88.35,21.84],[88.37,21.89],[88.34,21.86],[88.35,21.85]],[[88.35,21.83],[88.35,21.82],[88.36,21.81],[88.35,21.84],[88.35,21.83]],[[87.83,24.49],[87.83,24.5],[87.82,24.5],[87.82,24.49],[87.83,24.49]],[[88.96,26.35],[88.95,26.35],[88.95,26.33],[88.96,26.33],[88.96,26.35]],[[88.93,26.37],[88.92,26.37],[88.92,26.36],[88.93,26.37]],[[88.98,26.43],[88.98,26.45],[88.96,26.46],[88.95,26.41],[88.98,26.41],[88.98,26.43]],[[89.62,26.11],[89.6,26.11],[89.6,26.09],[89.62,26.09],[89.62,26.11]],[[89.04,26.28],[89.05,26.28],[89.05,26.29],[89.04,26.29],[89.04,26.28]],[[89.0,26.32],[88.99,26.32],[88.99,26.31],[89.0,26.31],[89.0,26.32]],[[88.98,26.34],[88.98,26.33],[88.99,26.33],[88.99,26.34],[88.98,26.34]],[[88.98,26.35],[88.99,26.35],[88.99,26.36],[88.98,26.36],[88.98,26.35]],[[89.01,26.4],[89.02,26.4],[89.02,26.41],[89.01,26.41],[89.01,26.4]],[[88.99,26.42],[88.99,26.41],[89.0,26.41],[89.0,26.42],[88.99,26.42]]],[[[87.88,24.62],[87.89,24.61],[87.88,24.61],[87.88,24.62]]],[[[87.89,24.82],[87.88,24.83],[87.89,24.83],[87.89,24.82]]],[[[87.91,25.77],[87.9,25.77],[87.9,25.78],[87.91,25.78],[87.91,25.77]]],[[[88.21,21.49],[88.21,21.54],[88.23,21.54],[88.24,21.49],[88.21,21.49]]],[[[88.34,21.56],[88.34,21.54],[88.33,21.54],[88.33,21.56],[88.34,21.56]]],[[[88.55,21.54],[88.51,21.53],[88.49,21.55],[88.49,21.59],[88.5,21.6],[88.52,21.59],[88.55,21.54]]],[[[88.19,21.54],[88.17,21.55],[88.16,21.6],[88.19,21.58],[88.2,21.55],[88.19,21.54]]],[[[88.36,21.58],[88.36,21.57],[88.35,21.57],[88.35,21.58],[88.36,21.58]]],[[[88.34,21.59],[88.35,21.59],[88.35,21.58],[88.34,21.58],[88.34,21.59]]],[[[88.56,21.56],[88.53,21.6],[88.51,21.6],[88.52,21.65],[88.58,21.61],[88.58,21.58],[88.56,21.56]]],[[[88.4,21.59],[88.38,21.65],[88.38,21.68],[88.4,21.7],[88.39,21.74],[88.42,21.71],[88.41,21.65],[88.43,21.64],[88.43,21.62],[88.4,21.59]]],[[[88.45,21.74],[88.47,21.67],[88.45,21.61],[88.43,21.6],[88.44,21.64],[88.42,21.65],[88.43,21.69],[88.42,21.75],[88.44,21.79],[88.47,21.79],[88.45,21.74]]],[[[88.2,21.7],[88.2,21.71],[88.21,21.71],[88.2,21.7]]],[[[88.51,21.78],[88.54,21.81],[88.57,21.8],[88.55,21.76],[88.57,21.76],[88.57,21.72],[88.59,21.72],[88.59,21.7],[88.61,21.69],[88.59,21.66],[88.61,21.61],[88.59,21.61],[88.56,21.64],[88.57,21.67],[88.55,21.64],[88.53,21.65],[88.51,21.78]],[[88.59,21.67],[88.58,21.68],[88.58,21.66],[88.59,21.66],[88.59,21.67]],[[88.58,21.69],[88.56,21.71],[88.54,21.71],[88.58,21.68],[88.58,21.69]],[[88.54,21.72],[88.53,21.72],[88.53,21.71],[88.54,21.71],[88.54,21.72]]],[[[88.38,21.72],[88.37,21.73],[88.38,21.73],[88.38,21.72]]],[[[88.59,21.72],[88.58,21.73],[88.58,21.76],[88.61,21.74],[88.59,21.72]]],[[[88.29,21.77],[88.3,21.76],[88.3,21.72],[88.29,21.72],[88.29,21.77]]],[[[88.39,21.76],[88.38,21.74],[88.36,21.74],[88.38,21.77],[88.39,21.76]]],[[[88.57,21.76],[88.57,21.77],[88.58,21.77],[88.58,21.76],[88.57,21.76]]],[[[88.28,21.79],[88.28,21.78],[88.27,21.78],[88.27,21.79],[88.28,21.79]]],[[[88.18,21.79],[88.18,21.78],[88.17,21.8],[88.18,21.8],[88.18,21.79]]],[[[88.49,21.86],[88.5,21.81],[88.47,21.8],[88.46,21.81],[88.47,21.83],[88.45,21.83],[88.45,21.8],[88.42,21.78],[88.41,21.73],[88.4,21.76],[88.38,21.77],[88.42,21.81],[88.4,21.81],[88.39,21.83],[88.4,21.88],[88.45,21.91],[88.49,21.86]],[[88.48,21.83],[88.48,21.84],[88.47,21.84],[88.47,21.83],[88.48,21.83]],[[88.46,21.85],[88.46,21.84],[88.47,21.84],[88.46,21.85]],[[88.42,21.8],[88.43,21.8],[88.43,21.81],[88.42,21.81],[88.42,21.8]]],[[[88.53,21.84],[88.52,21.83],[88.5,21.83],[88.5,21.85],[88.53,21.84]]],[[[88.17,21.85],[88.17,21.86],[88.18,21.86],[88.18,21.85],[88.17,21.85]]],[[[88.56,21.85],[88.55,21.82],[88.53,21.85],[88.54,21.85],[88.55,21.87],[88.56,21.86],[88.57,21.9],[88.56,21.83],[88.56,21.85]]],[[[88.17,21.86],[88.16,21.86],[88.16,21.87],[88.17,21.87],[88.17,21.86]]],[[[88.48,21.9],[88.49,21.91],[88.49,21.9],[88.48,21.9]]],[[[88.13,21.93],[88.14,21.91],[88.12,21.9],[88.11,21.93],[88.13,21.93]]],[[[88.2,26.16],[88.2,26.15],[88.19,26.15],[88.2,26.16]]],[[[88.85,21.54],[88.83,21.55],[88.83,21.61],[88.87,21.6],[88.91,21.56],[88.88,21.53],[88.85,21.54]]],[[[89.14,21.59],[89.13,21.58],[89.12,21.59],[89.13,21.59],[89.14,21.59]]],[[[88.76,21.56],[88.71,21.58],[88.71,21.62],[88.72,21.64],[88.73,21.63],[88.75,21.65],[88.78,21.65],[88.77,21.63],[88.8,21.59],[88.76,21.56]]],[[[88.64,21.68],[88.64,21.66],[88.63,21.65],[88.63,21.68],[88.64,21.68]]],[[[88.71,21.66],[88.68,21.68],[88.69,21.72],[88.7,21.68],[88.73,21.67],[88.74,21.65],[88.73,21.64],[88.71,21.66]]],[[[88.89,21.65],[88.87,21.69],[88.88,21.74],[88.94,21.7],[88.92,21.63],[88.89,21.65]]],[[[88.85,21.74],[88.84,21.68],[88.86,21.64],[88.83,21.62],[88.8,21.63],[88.82,21.66],[88.82,21.71],[88.8,21.72],[88.78,21.71],[88.78,21.73],[88.79,21.75],[88.82,21.75],[88.83,21.77],[88.86,21.76],[88.85,21.74]]],[[[89.02,21.76],[89.07,21.71],[89.06,21.69],[89.08,21.69],[89.07,21.68],[89.09,21.67],[89.09,21.63],[89.08,21.61],[89.04,21.61],[89.02,21.63],[89.02,21.6],[88.99,21.6],[89.0,21.63],[88.96,21.62],[88.94,21.64],[88.96,21.68],[88.93,21.72],[88.93,21.76],[88.96,21.75],[88.97,21.78],[89.0,21.78],[88.99,21.79],[89.0,21.81],[89.02,21.76]],[[88.96,21.74],[88.98,21.74],[88.98,21.75],[88.96,21.75],[88.96,21.74]],[[88.97,21.73],[88.99,21.69],[88.98,21.66],[89.03,21.65],[89.01,21.72],[88.99,21.72],[88.98,21.74],[88.97,21.73]],[[88.98,21.65],[88.97,21.65],[88.96,21.66],[88.96,21.64],[88.99,21.64],[88.98,21.65]]],[[[88.78,21.71],[88.77,21.7],[88.77,21.71],[88.78,21.71]]],[[[88.63,21.75],[88.62,21.71],[88.6,21.71],[88.62,21.73],[88.62,21.75],[88.59,21.76],[88.6,21.79],[88.63,21.78],[88.63,21.75]]],[[[88.81,21.76],[88.79,21.76],[88.79,21.78],[88.83,21.82],[88.81,21.76]]],[[[88.81,21.91],[88.81,21.89],[88.83,21.9],[88.84,21.87],[88.82,21.87],[88.83,21.86],[88.82,21.82],[88.78,21.78],[88.78,21.74],[88.76,21.74],[88.77,21.8],[88.74,21.77],[88.75,21.73],[88.77,21.72],[88.76,21.69],[88.8,21.71],[88.81,21.7],[88.81,21.67],[88.79,21.65],[88.79,21.67],[88.75,21.66],[88.71,21.69],[88.69,21.76],[88.71,21.78],[88.71,21.9],[88.74,21.9],[88.72,21.93],[88.73,21.92],[88.75,21.93],[88.73,21.94],[88.73,21.98],[88.75,21.98],[88.77,21.94],[88.79,21.95],[88.8,21.94],[88.79,21.91],[88.8,21.92],[88.81,21.91]],[[88.8,21.89],[88.8,21.88],[88.77,21.87],[88.81,21.87],[88.8,21.89]],[[88.75,21.89],[88.75,21.9],[88.74,21.9],[88.75,21.89]],[[88.76,21.88],[88.76,21.89],[88.75,21.89],[88.76,21.88]],[[88.79,21.93],[88.78,21.93],[88.76,21.93],[88.77,21.92],[88.79,21.93]]],[[[88.61,21.85],[88.6,21.85],[88.61,21.89],[88.65,21.87],[88.64,21.79],[88.62,21.81],[88.59,21.8],[88.57,21.82],[88.59,21.85],[88.62,21.82],[88.61,21.85]]],[[[88.64,21.92],[88.67,21.91],[88.65,21.88],[88.63,21.89],[88.64,21.92]]],[[[88.82,21.92],[88.82,21.93],[88.83,21.93],[88.83,21.92],[88.82,21.92]]],[[[88.87,23.01],[88.88,23.01],[88.88,23.0],[88.87,23.0],[88.87,23.01]]],[[[89.49,25.93],[89.49,25.94],[89.5,25.94],[89.5,25.93],[89.49,25.93]]],[[[89.6,25.96],[89.61,25.95],[89.6,25.94],[89.59,25.95],[89.58,25.93],[89.57,25.94],[89.58,25.96],[89.6,25.96]]],[[[89.49,25.95],[89.5,25.96],[89.51,25.95],[89.5,25.95],[89.49,25.95]]],[[[89.72,26.18],[89.73,26.18],[89.73,26.17],[89.72,26.17],[89.72,26.18]]],[[[88.97,26.19],[88.97,26.2],[88.98,26.2],[88.98,26.19],[88.97,26.19]]],[[[89.72,26.22],[89.73,26.22],[89.73,26.21],[89.72,26.21],[89.72,26.22]]],[[[89.76,26.3],[89.76,26.29],[89.75,26.29],[89.75,26.3],[89.76,26.3]]],[[[89.81,26.35],[89.81,26.36],[89.82,26.37],[89.82,26.35],[89.81,26.35]]],[[[89.86,26.38],[89.85,26.38],[89.85,26.39],[89.86,26.39],[89.86,26.38]]]]}},{"type":"Feature","properties":{"k":"DAMANDIU","n":"DAMAN & DIU","c":"25"},"geometry":{"type":"MultiPolygon","coordinates":[[[[72.87,20.37],[72.82,20.37],[72.83,20.45],[72.85,20.47],[72.89,20.46],[72.9,20.44],[72.87,20.45],[72.86,20.43],[72.9,20.42],[72.9,20.4],[72.88,20.4],[72.89,20.37],[72.87,20.37]]],[[[70.99,20.71],[70.9,20.7],[70.88,20.71],[70.88,20.73],[70.96,20.74],[71.0,20.72],[70.99,20.71]]],[[[70.99,20.74],[71.0,20.74],[71.0,20.73],[70.99,20.73],[70.99,20.74]]]]}},{"type":"Feature","properties":{"k":"DADRANAGARHAVE","n":"DADRA & NAGAR HAVE","c":"26"},"geometry":{"type":"MultiPolygon","coordinates":[[[[72.73,19.46],[72.73,19.47],[72.74,19.47],[72.74,19.46],[72.73,19.46]]],[[[73.1,20.16],[73.12,20.15],[73.12,20.17],[73.14,20.17],[73.13,20.21],[73.22,20.19],[73.22,20.17],[73.18,20.15],[73.21,20.12],[73.21,20.08],[73.19,20.08],[73.19,20.05],[73.17,20.05],[73.14,20.08],[73.14,20.09],[73.11,20.08],[73.06,20.1],[73.05,20.07],[73.02,20.08],[73.0,20.11],[73.01,20.14],[72.97,20.11],[72.96,20.13],[72.97,20.22],[72.96,20.24],[72.92,20.25],[72.91,20.28],[72.95,20.29],[72.96,20.27],[72.98,20.27],[72.98,20.29],[73.01,20.29],[73.01,20.31],[73.02,20.29],[73.04,20.29],[73.04,20.32],[73.08,20.32],[73.1,20.36],[73.11,20.35],[73.1,20.3],[73.13,20.3],[73.13,20.32],[73.17,20.31],[73.16,20.3],[73.17,20.28],[73.14,20.29],[73.14,20.27],[73.11,20.26],[73.1,20.23],[73.06,20.23],[73.05,20.21],[73.06,20.16],[73.08,20.17],[73.1,20.16]],[[73.16,20.08],[73.15,20.08],[73.15,20.07],[73.16,20.08]],[[72.98,20.22],[73.0,20.21],[73.01,20.23],[72.98,20.24],[72.97,20.23],[72.98,20.22]]],[[[72.96,20.32],[72.98,20.33],[72.98,20.31],[72.96,20.3],[72.96,20.32]]]]}},{"type":"Feature","properties":{"k":"MEGHALAYA","n":"MEGHALAYA","c":"17"},"geometry":{"type":"MultiPolygon","coordinates":[[[[91.56,25.16],[91.53,25.14],[91.51,25.15],[91.49,25.13],[91.42,25.17],[91.33,25.17],[91.32,25.19],[91.3,25.18],[91.29,25.2],[91.26,25.21],[91.17,25.19],[91.07,25.2],[90.92,25.16],[90.89,25.17],[90.82,25.16],[90.8,25.18],[90.77,25.18],[90.74,25.17],[90.74,25.15],[90.69,25.16],[90.65,25.19],[90.64,25.17],[90.51,25.17],[90.44,25.14],[90.35,25.17],[90.34,25.19],[90.21,25.2],[90.19,25.22],[90.11,25.22],[90.06,25.26],[90.0,25.27],[89.98,25.3],[89.9,25.31],[89.88,25.29],[89.84,25.29],[89.83,25.3],[89.84,25.33],[89.81,25.37],[89.85,25.47],[89.87,25.47],[89.88,25.49],[89.87,25.54],[89.89,25.56],[89.94,25.56],[90.02,25.6],[89.97,25.65],[89.95,25.65],[89.94,25.69],[89.92,25.69],[89.89,25.75],[89.94,25.74],[89.94,25.76],[89.96,25.77],[89.95,25.83],[89.99,25.83],[90.0,25.85],[90.02,25.85],[90.01,25.89],[90.06,25.9],[90.07,25.92],[90.08,25.91],[90.11,25.96],[90.23,25.95],[90.33,25.97],[90.35,26.01],[90.41,26.01],[90.42,25.99],[90.48,26.01],[90.54,25.94],[90.52,25.93],[90.51,25.9],[90.57,25.93],[90.58,25.96],[90.62,25.94],[90.61,25.9],[90.63,25.9],[90.63,25.92],[90.69,25.95],[90.74,25.96],[90.75,25.96],[90.74,25.93],[90.76,25.92],[90.76,25.91],[90.78,25.91],[90.79,25.92],[90.78,25.93],[90.81,25.95],[90.89,25.95],[90.9,25.94],[90.89,25.93],[90.95,25.95],[90.97,25.89],[91.01,25.88],[91.03,25.89],[91.0,25.82],[91.02,25.82],[91.05,25.85],[91.07,25.85],[91.05,25.83],[91.07,25.82],[91.12,25.83],[91.14,25.85],[91.18,25.84],[91.2,25.86],[91.18,25.77],[91.22,25.72],[91.29,25.76],[91.33,25.84],[91.37,25.85],[91.45,25.84],[91.46,25.86],[91.5,25.86],[91.47,25.88],[91.5,25.89],[91.5,25.93],[91.52,25.94],[91.52,25.96],[91.54,25.96],[91.57,26.03],[91.63,26.02],[91.64,25.96],[91.61,25.93],[91.63,25.93],[91.64,25.91],[91.68,25.91],[91.72,25.95],[91.72,26.04],[91.74,26.07],[91.76,26.07],[91.77,26.09],[91.79,26.08],[91.82,26.12],[91.88,26.1],[91.87,26.04],[91.9,26.03],[91.91,26.0],[91.99,26.04],[92.07,26.03],[92.08,26.05],[92.13,26.04],[92.15,26.07],[92.18,26.08],[92.26,26.06],[92.27,26.04],[92.24,26.01],[92.18,25.99],[92.18,25.97],[92.16,25.97],[92.15,25.95],[92.16,25.91],[92.18,25.92],[92.22,25.91],[92.2,25.88],[92.18,25.88],[92.18,25.85],[92.15,25.82],[92.16,25.73],[92.14,25.71],[92.16,25.7],[92.16,25.67],[92.21,25.69],[92.22,25.72],[92.28,25.71],[92.38,25.75],[92.45,25.72],[92.44,25.69],[92.48,25.67],[92.5,25.62],[92.56,25.61],[92.55,25.6],[92.56,25.56],[92.6,25.55],[92.64,25.59],[92.66,25.59],[92.64,25.53],[92.58,25.5],[92.56,25.46],[92.6,25.47],[92.61,25.42],[92.64,25.43],[92.65,25.41],[92.68,25.41],[92.7,25.38],[92.73,25.38],[92.76,25.33],[92.77,25.34],[92.79,25.32],[92.78,25.31],[92.79,25.27],[92.77,25.27],[92.78,25.25],[92.76,25.24],[92.8,25.22],[92.78,25.2],[92.74,25.21],[92.7,25.18],[92.66,25.18],[92.66,25.15],[92.63,25.14],[92.63,25.12],[92.52,25.14],[92.54,25.1],[92.48,25.11],[92.48,25.08],[92.46,25.04],[92.44,25.05],[92.44,25.03],[92.34,25.05],[92.34,25.08],[92.29,25.07],[92.24,25.09],[92.2,25.13],[92.18,25.12],[92.07,25.19],[92.05,25.18],[92.0,25.19],[91.98,25.17],[91.74,25.17],[91.75,25.15],[91.7,25.16],[91.7,25.14],[91.64,25.12],[91.62,25.15],[91.6,25.15],[91.6,25.17],[91.56,25.16]],[[90.74,25.92],[90.74,25.91],[90.75,25.91],[90.75,25.92],[90.74,25.92]],[[90.91,25.92],[90.92,25.92],[90.91,25.93],[90.91,25.92]],[[92.6,25.42],[92.61,25.41],[92.61,25.42],[92.6,25.42]],[[92.19,25.14],[92.18,25.13],[92.19,25.13],[92.19,25.14]],[[91.52,25.89],[91.52,25.87],[91.53,25.87],[91.53,25.89],[91.52,25.89]],[[91.52,25.92],[91.51,25.92],[91.51,25.91],[91.52,25.91],[91.52,25.92]],[[91.53,25.92],[91.53,25.93],[91.52,25.93],[91.52,25.92],[91.53,25.92]],[[90.41,25.92],[90.42,25.94],[90.42,25.95],[90.41,25.92]]],[[[92.26,26.07],[92.27,26.07],[92.27,26.06],[92.26,26.06],[92.26,26.07]]]]}},{"type":"Feature","properties":{"k":"RAJASTHAN","n":"RAJASTHAN","c":"08"},"geometry":{"type":"MultiPolygon","coordinates":[[[[74.18,23.16],[74.19,23.16],[74.18,23.15],[74.18,23.16]]],[[[74.75,23.23],[74.75,23.22],[74.74,23.22],[74.74,23.23],[74.75,23.23]]],[[[75.58,23.79],[75.58,23.8],[75.59,23.8],[75.59,23.79],[75.58,23.79]]],[[[75.84,24.59],[75.83,24.6],[75.84,24.6],[75.84,24.59]]],[[[75.29,24.96],[75.28,24.96],[75.28,24.97],[75.29,24.97],[75.29,24.96]]],[[[77.41,25.12],[77.41,25.11],[77.4,25.11],[77.4,25.12],[77.41,25.12]]],[[[74.85,24.7],[74.83,24.71],[74.8,24.78],[74.8,24.73],[74.78,24.73],[74.79,24.7],[74.77,24.66],[74.81,24.67],[74.81,24.64],[74.78,24.62],[74.78,24.58],[74.75,24.58],[74.76,24.53],[74.74,24.53],[74.75,24.52],[74.72,24.51],[74.71,24.49],[74.77,24.46],[74.82,24.47],[74.82,24.44],[74.86,24.43],[74.78,24.34],[74.78,24.28],[74.75,24.26],[74.75,24.24],[74.9,24.23],[74.91,24.2],[74.88,24.18],[74.9,24.16],[74.9,24.12],[74.94,24.05],[74.98,24.04],[74.98,24.02],[74.96,24.01],[74.96,23.97],[74.93,23.96],[74.9,23.88],[74.91,23.8],[74.94,23.78],[74.92,23.69],[74.9,23.69],[74.9,23.67],[74.92,23.67],[74.94,23.63],[74.9,23.63],[74.9,23.61],[74.88,23.61],[74.85,23.55],[74.8,23.53],[74.78,23.55],[74.76,23.52],[74.73,23.52],[74.73,23.5],[74.69,23.5],[74.65,23.46],[74.61,23.46],[74.59,23.42],[74.57,23.42],[74.57,23.37],[74.54,23.36],[74.54,23.33],[74.51,23.33],[74.53,23.32],[74.54,23.28],[74.58,23.29],[74.62,23.28],[74.63,23.26],[74.7,23.27],[74.71,23.23],[74.69,23.22],[74.74,23.22],[74.72,23.19],[74.66,23.2],[74.65,23.17],[74.61,23.14],[74.54,23.13],[74.54,23.1],[74.48,23.08],[74.44,23.09],[74.43,23.11],[74.38,23.11],[74.35,23.09],[74.36,23.08],[74.34,23.06],[74.32,23.06],[74.32,23.08],[74.28,23.09],[74.29,23.12],[74.27,23.17],[74.2,23.19],[74.18,23.16],[74.15,23.16],[74.12,23.18],[74.14,23.22],[74.14,23.27],[74.12,23.27],[74.1,23.3],[74.04,23.29],[74.03,23.33],[73.98,23.34],[73.97,23.38],[73.94,23.37],[73.94,23.34],[73.89,23.33],[73.89,23.36],[73.87,23.36],[73.83,23.44],[73.78,23.43],[73.77,23.45],[73.75,23.45],[73.71,23.41],[73.7,23.46],[73.66,23.44],[73.63,23.45],[73.64,23.5],[73.66,23.51],[73.63,23.53],[73.63,23.56],[73.65,23.57],[73.64,23.59],[73.65,23.63],[73.62,23.65],[73.56,23.65],[73.53,23.61],[73.51,23.61],[73.5,23.62],[73.51,23.7],[73.5,23.71],[73.47,23.7],[73.47,23.72],[73.44,23.76],[73.42,23.76],[73.42,23.78],[73.38,23.77],[73.36,23.78],[73.37,23.81],[73.36,23.87],[73.39,23.92],[73.42,23.92],[73.41,23.94],[73.42,23.98],[73.4,23.99],[73.41,24.02],[73.39,24.07],[73.36,24.08],[73.36,24.11],[73.32,24.1],[73.32,24.05],[73.3,24.05],[73.29,24.02],[73.26,24.02],[73.24,24.0],[73.2,24.04],[73.21,24.08],[73.17,24.09],[73.15,24.12],[73.1,24.14],[73.1,24.16],[73.07,24.18],[73.09,24.25],[73.13,24.27],[73.13,24.31],[73.17,24.3],[73.18,24.32],[73.17,24.33],[73.18,24.34],[73.2,24.33],[73.2,24.35],[73.22,24.36],[73.2,24.38],[73.18,24.36],[73.14,24.36],[73.08,24.39],[73.08,24.41],[73.1,24.42],[73.09,24.5],[73.04,24.46],[72.99,24.48],[72.97,24.46],[72.98,24.43],[72.95,24.4],[72.98,24.37],[72.9,24.34],[72.86,24.37],[72.73,24.36],[72.68,24.43],[72.69,24.46],[72.57,24.48],[72.54,24.52],[72.49,24.46],[72.5,24.42],[72.46,24.41],[72.45,24.45],[72.43,24.46],[72.44,24.52],[72.38,24.51],[72.36,24.56],[72.33,24.57],[72.33,24.55],[72.29,24.55],[72.29,24.57],[72.27,24.56],[72.25,24.57],[72.27,24.61],[72.3,24.61],[72.32,24.59],[72.35,24.61],[72.35,24.63],[72.25,24.62],[72.24,24.64],[72.22,24.64],[72.2,24.62],[72.16,24.62],[72.16,24.64],[72.12,24.64],[72.09,24.66],[72.09,24.71],[72.04,24.71],[72.02,24.69],[71.99,24.7],[71.99,24.66],[71.95,24.64],[71.91,24.65],[71.92,24.66],[71.91,24.68],[71.87,24.68],[71.86,24.62],[71.81,24.62],[71.8,24.63],[71.81,24.67],[71.79,24.68],[71.64,24.64],[71.64,24.66],[71.61,24.68],[71.58,24.67],[71.53,24.69],[71.44,24.67],[71.39,24.63],[71.36,24.63],[71.34,24.66],[71.3,24.64],[71.3,24.62],[71.26,24.62],[71.1,24.68],[71.06,24.72],[71.03,24.81],[70.98,24.89],[70.94,24.92],[70.89,25.15],[70.75,25.28],[70.74,25.33],[70.66,25.4],[70.68,25.49],[70.67,25.69],[70.61,25.72],[70.53,25.68],[70.39,25.67],[70.27,25.71],[70.24,25.78],[70.17,25.83],[70.1,25.93],[70.08,26.08],[70.14,26.15],[70.17,26.22],[70.16,26.3],[70.19,26.37],[70.18,26.54],[70.12,26.59],[70.07,26.6],[69.96,26.58],[69.8,26.59],[69.73,26.65],[69.51,26.74],[69.48,26.81],[69.5,26.86],[69.52,27.04],[69.58,27.17],[69.68,27.27],[69.85,27.39],[69.93,27.5],[70.03,27.56],[70.13,27.81],[70.23,27.9],[70.31,27.94],[70.37,28.01],[70.5,28.04],[70.58,28.02],[70.68,27.92],[70.68,27.83],[70.72,27.79],[70.74,27.74],[70.8,27.71],[70.91,27.71],[71.21,27.84],[71.35,27.87],[71.68,27.88],[71.82,27.94],[71.88,27.95],[71.87,27.96],[71.9,27.96],[71.92,28.11],[71.95,28.14],[71.95,28.16],[71.99,28.19],[71.99,28.21],[72.12,28.3],[72.21,28.39],[72.3,28.68],[72.41,28.79],[72.54,28.84],[72.75,28.96],[72.95,29.03],[73.0,29.15],[73.09,29.24],[73.29,29.58],[73.39,29.94],[73.59,30.02],[73.79,30.06],[73.97,30.19],[73.97,30.12],[73.9,30.05],[73.89,29.97],[74.13,29.97],[74.53,29.94],[74.51,29.91],[74.55,29.9],[74.56,29.86],[74.48,29.81],[74.47,29.76],[74.48,29.74],[74.54,29.74],[74.56,29.76],[74.58,29.75],[74.59,29.77],[74.61,29.76],[74.57,29.56],[74.62,29.52],[74.59,29.46],[74.54,29.47],[74.53,29.44],[74.54,29.42],[74.57,29.42],[74.58,29.38],[74.61,29.36],[74.6,29.33],[74.65,29.33],[74.66,29.37],[74.72,29.37],[74.76,29.35],[74.79,29.36],[74.82,29.4],[74.87,29.4],[74.88,29.38],[74.94,29.36],[74.94,29.34],[74.96,29.33],[74.96,29.28],[75.0,29.27],[75.02,29.29],[75.05,29.29],[75.07,29.23],[75.1,29.22],[75.12,29.22],[75.12,29.24],[75.16,29.24],[75.18,29.27],[75.2,29.26],[75.21,29.23],[75.24,29.23],[75.24,29.25],[75.29,29.25],[75.29,29.27],[75.31,29.27],[75.32,29.29],[75.34,29.29],[75.33,29.23],[75.35,29.22],[75.36,29.25],[75.41,29.26],[75.41,29.17],[75.38,29.17],[75.38,29.13],[75.4,29.13],[75.39,29.06],[75.44,29.06],[75.45,29.01],[75.52,29.01],[75.53,28.99],[75.51,28.94],[75.47,28.92],[75.5,28.9],[75.5,28.85],[75.52,28.84],[75.5,28.78],[75.54,28.75],[75.53,28.74],[75.54,28.65],[75.56,28.64],[75.56,28.61],[75.62,28.6],[75.63,28.54],[75.67,28.54],[75.67,28.52],[75.7,28.49],[75.73,28.49],[75.75,28.46],[75.78,28.46],[75.79,28.45],[75.79,28.43],[75.77,28.42],[75.78,28.4],[75.82,28.41],[75.88,28.38],[75.9,28.39],[75.9,28.37],[75.92,28.37],[75.93,28.34],[75.95,28.34],[76.0,28.28],[76.03,28.28],[76.01,28.24],[76.06,28.22],[76.05,28.2],[76.07,28.19],[76.07,28.17],[76.03,28.17],[76.02,28.15],[76.0,28.15],[76.0,28.12],[75.99,28.13],[75.97,28.11],[75.94,28.11],[75.95,28.08],[75.99,28.08],[75.98,28.05],[76.02,28.05],[76.02,28.03],[75.97,28.03],[75.97,28.01],[75.99,28.01],[75.97,28.0],[75.97,27.98],[75.99,27.98],[75.98,27.94],[75.95,27.95],[75.93,27.93],[75.94,27.91],[75.99,27.9],[75.97,27.86],[75.98,27.84],[76.0,27.83],[76.06,27.85],[76.09,27.84],[76.09,27.86],[76.11,27.86],[76.13,27.85],[76.13,27.82],[76.16,27.82],[76.17,27.8],[76.22,27.82],[76.22,27.84],[76.19,27.86],[76.2,27.9],[76.17,27.9],[76.19,27.97],[76.16,27.97],[76.17,27.98],[76.16,28.0],[76.17,28.02],[76.2,28.02],[76.18,28.04],[76.19,28.06],[76.24,28.05],[76.25,28.07],[76.29,28.05],[76.29,28.02],[76.34,28.02],[76.36,28.07],[76.3,28.1],[76.34,28.1],[76.36,28.13],[76.33,28.13],[76.33,28.15],[76.28,28.16],[76.29,28.18],[76.35,28.17],[76.38,28.13],[76.48,28.15],[76.47,28.13],[76.5,28.12],[76.5,28.1],[76.46,28.11],[76.45,28.09],[76.48,28.08],[76.5,28.05],[76.46,28.06],[76.46,28.04],[76.54,28.04],[76.55,27.96],[76.59,28.0],[76.67,28.01],[76.67,28.03],[76.65,28.03],[76.66,28.09],[76.69,28.09],[76.71,28.13],[76.75,28.12],[76.75,28.14],[76.8,28.15],[76.79,28.19],[76.81,28.19],[76.8,28.2],[76.81,28.21],[76.87,28.22],[76.9,28.2],[76.89,28.18],[76.97,28.14],[76.96,28.07],[76.93,28.01],[76.93,27.92],[76.95,27.92],[76.94,27.83],[76.91,27.83],[76.92,27.8],[76.89,27.74],[76.89,27.72],[76.92,27.71],[76.9,27.69],[76.91,27.65],[76.94,27.67],[76.98,27.65],[76.99,27.72],[77.02,27.75],[77.08,27.73],[77.08,27.77],[77.06,27.76],[77.05,27.78],[77.03,27.78],[77.05,27.82],[77.13,27.78],[77.16,27.79],[77.17,27.82],[77.18,27.81],[77.21,27.82],[77.21,27.8],[77.24,27.79],[77.26,27.79],[77.27,27.81],[77.3,27.8],[77.32,27.74],[77.3,27.73],[77.3,27.71],[77.34,27.71],[77.35,27.66],[77.35,27.64],[77.32,27.62],[77.33,27.59],[77.35,27.6],[77.34,27.52],[77.38,27.52],[77.41,27.47],[77.44,27.46],[77.42,27.43],[77.44,27.39],[77.51,27.38],[77.58,27.32],[77.62,27.34],[77.62,27.31],[77.6,27.3],[77.62,27.29],[77.61,27.26],[77.64,27.26],[77.65,27.21],[77.68,27.2],[77.68,27.18],[77.66,27.17],[77.61,27.17],[77.6,27.12],[77.51,27.09],[77.53,27.09],[77.52,27.06],[77.54,27.06],[77.55,27.08],[77.58,27.06],[77.56,27.03],[77.59,27.04],[77.6,27.02],[77.63,27.01],[77.64,27.03],[77.67,27.02],[77.68,27.05],[77.69,27.02],[77.71,27.02],[77.72,26.98],[77.68,26.96],[77.65,26.97],[77.62,26.94],[77.59,26.94],[77.58,26.92],[77.46,26.89],[77.46,26.87],[77.43,26.86],[77.43,26.84],[77.4,26.83],[77.44,26.79],[77.43,26.77],[77.45,26.78],[77.47,26.77],[77.46,26.74],[77.5,26.76],[77.49,26.77],[77.5,26.85],[77.52,26.84],[77.52,26.82],[77.58,26.82],[77.6,26.84],[77.62,26.83],[77.64,26.85],[77.67,26.85],[77.68,26.87],[77.73,26.88],[77.72,26.91],[77.76,26.93],[77.87,26.91],[77.89,26.88],[77.91,26.89],[77.9,26.92],[77.94,26.91],[77.95,26.89],[78.02,26.9],[78.03,26.89],[78.02,26.87],[78.05,26.87],[78.05,26.91],[78.11,26.9],[78.1,26.93],[78.12,26.92],[78.12,26.95],[78.18,26.95],[78.2,26.93],[78.22,26.93],[78.23,26.95],[78.24,26.93],[78.25,26.94],[78.27,26.92],[78.26,26.89],[78.24,26.89],[78.23,26.87],[78.2,26.88],[78.22,26.83],[78.17,26.83],[78.17,26.81],[78.19,26.8],[78.18,26.78],[78.15,26.78],[78.13,26.8],[78.1,26.79],[78.1,26.76],[78.12,26.76],[78.12,26.74],[78.1,26.74],[78.09,26.72],[78.09,26.67],[77.99,26.69],[77.96,26.66],[77.9,26.66],[77.89,26.61],[77.83,26.6],[77.84,26.58],[77.83,26.55],[77.76,26.55],[77.74,26.54],[77.73,26.5],[77.67,26.5],[77.63,26.48],[77.62,26.45],[77.56,26.44],[77.54,26.41],[77.43,26.4],[77.45,26.36],[77.37,26.37],[77.36,26.35],[77.32,26.34],[77.32,26.31],[77.27,26.26],[77.21,26.23],[77.12,26.23],[77.1,26.18],[77.04,26.18],[77.0,26.15],[77.0,26.13],[76.96,26.12],[76.95,26.1],[76.91,26.1],[76.87,26.03],[76.84,26.03],[76.8,25.99],[76.81,25.96],[76.79,25.94],[76.75,25.94],[76.76,25.93],[76.75,25.91],[76.73,25.9],[76.64,25.91],[76.63,25.87],[76.59,25.88],[76.56,25.83],[76.52,25.8],[76.52,25.73],[76.47,25.71],[76.47,25.69],[76.5,25.68],[76.52,25.52],[76.56,25.48],[76.56,25.44],[76.59,25.43],[76.61,25.38],[76.65,25.38],[76.65,25.36],[76.71,25.35],[76.72,25.33],[76.88,25.33],[76.93,25.3],[76.92,25.29],[76.93,25.28],[76.96,25.28],[76.96,25.3],[77.04,25.3],[77.08,25.34],[77.13,25.33],[77.15,25.31],[77.21,25.31],[77.21,25.33],[77.23,25.32],[77.22,25.34],[77.23,25.38],[77.27,25.39],[77.3,25.43],[77.37,25.41],[77.35,25.39],[77.36,25.35],[77.34,25.32],[77.38,25.32],[77.38,25.28],[77.36,25.28],[77.36,25.26],[77.42,25.22],[77.38,25.1],[77.3,25.08],[77.29,25.11],[77.17,25.11],[77.17,25.09],[77.13,25.09],[77.13,25.07],[77.09,25.06],[76.97,25.07],[76.97,25.05],[76.88,25.04],[76.88,25.01],[76.86,25.0],[76.87,24.99],[76.86,24.96],[76.89,24.94],[76.89,24.92],[76.92,24.92],[76.91,24.89],[76.95,24.87],[76.91,24.84],[76.82,24.84],[76.8,24.83],[76.8,24.81],[76.85,24.77],[76.85,24.74],[76.89,24.75],[76.91,24.73],[76.94,24.76],[76.96,24.76],[77.01,24.71],[77.04,24.71],[77.04,24.68],[77.07,24.64],[77.07,24.55],[77.06,24.53],[77.03,24.52],[77.01,24.47],[76.93,24.47],[76.92,24.54],[76.9,24.55],[76.89,24.52],[76.87,24.55],[76.82,24.54],[76.83,24.49],[76.85,24.49],[76.85,24.37],[76.83,24.36],[76.84,24.32],[76.86,24.31],[76.86,24.27],[76.88,24.25],[76.92,24.23],[76.92,24.21],[76.95,24.21],[76.94,24.18],[76.92,24.19],[76.9,24.13],[76.85,24.14],[76.83,24.12],[76.79,24.12],[76.79,24.14],[76.76,24.17],[76.71,24.16],[76.68,24.19],[76.7,24.28],[76.67,24.26],[76.64,24.27],[76.61,24.24],[76.59,24.24],[76.6,24.22],[76.58,24.22],[76.56,24.19],[76.58,24.18],[76.55,24.16],[76.51,24.16],[76.51,24.2],[76.47,24.23],[76.46,24.21],[76.42,24.22],[76.41,24.2],[76.4,24.22],[76.32,24.25],[76.28,24.21],[76.21,24.21],[76.19,24.27],[76.2,24.31],[76.18,24.33],[76.18,24.31],[76.16,24.31],[76.17,24.29],[76.14,24.28],[76.15,24.22],[76.12,24.2],[76.11,24.17],[76.13,24.15],[76.12,24.08],[76.1,24.09],[76.08,24.07],[76.03,24.06],[76.01,24.02],[75.98,24.03],[75.96,24.02],[75.99,23.94],[75.92,23.89],[75.89,23.88],[75.85,23.89],[75.79,23.87],[75.79,23.85],[75.76,23.85],[75.76,23.88],[75.74,23.9],[75.7,23.89],[75.71,23.86],[75.74,23.86],[75.72,23.84],[75.72,23.81],[75.69,23.81],[75.7,23.78],[75.68,23.76],[75.66,23.8],[75.56,23.81],[75.56,23.83],[75.58,23.83],[75.57,23.86],[75.5,23.89],[75.49,23.91],[75.46,23.91],[75.46,23.95],[75.47,23.98],[75.52,24.02],[75.57,24.01],[75.58,23.99],[75.65,24.0],[75.67,24.02],[75.69,24.01],[75.7,23.97],[75.73,23.97],[75.74,23.99],[75.77,23.99],[75.76,24.01],[75.78,24.01],[75.77,24.02],[75.78,24.04],[75.84,24.06],[75.84,24.09],[75.81,24.1],[75.79,24.09],[75.79,24.11],[75.75,24.14],[75.77,24.2],[75.83,24.24],[75.81,24.24],[75.81,24.3],[75.76,24.3],[75.73,24.38],[75.73,24.4],[75.75,24.4],[75.75,24.43],[75.79,24.45],[75.78,24.46],[75.79,24.47],[75.81,24.47],[75.81,24.43],[75.83,24.43],[75.84,24.41],[75.91,24.45],[75.91,24.5],[75.89,24.51],[75.92,24.52],[75.91,24.58],[75.88,24.58],[75.87,24.61],[75.83,24.61],[75.85,24.64],[75.85,24.66],[75.83,24.67],[75.84,24.73],[75.81,24.74],[75.8,24.76],[75.74,24.76],[75.64,24.68],[75.61,24.68],[75.59,24.71],[75.55,24.7],[75.52,24.71],[75.48,24.68],[75.31,24.7],[75.27,24.72],[75.21,24.71],[75.19,24.77],[75.21,24.78],[75.21,24.8],[75.25,24.81],[75.25,24.83],[75.23,24.83],[75.24,24.85],[75.29,24.84],[75.3,24.8],[75.32,24.8],[75.35,24.83],[75.42,24.85],[75.43,24.88],[75.41,24.89],[75.39,24.87],[75.32,24.86],[75.26,24.87],[75.26,24.9],[75.29,24.91],[75.26,24.96],[75.29,24.95],[75.32,24.9],[75.34,24.96],[75.31,24.98],[75.31,25.0],[75.35,25.03],[75.19,25.03],[75.17,25.05],[75.15,25.03],[75.17,25.0],[75.11,24.97],[75.12,24.88],[75.07,24.88],[75.03,24.84],[75.01,24.86],[74.95,24.86],[74.95,24.88],[74.91,24.89],[74.92,24.91],[74.91,24.93],[74.89,24.94],[74.87,24.93],[74.85,24.97],[74.83,24.96],[74.83,24.89],[74.86,24.84],[74.86,24.8],[74.88,24.8],[74.91,24.77],[74.93,24.78],[74.97,24.76],[75.01,24.77],[75.02,24.74],[74.99,24.73],[75.0,24.68],[74.96,24.68],[74.94,24.64],[74.87,24.64],[74.85,24.7]],[[74.9,23.8],[74.9,23.79],[74.91,23.79],[74.91,23.8],[74.9,23.8]],[[74.59,23.43],[74.58,23.43],[74.59,23.42],[74.59,23.43]],[[76.21,28.03],[76.22,28.03],[76.22,28.04],[76.2,28.04],[76.21,28.03]],[[74.85,24.8],[74.84,24.78],[74.86,24.78],[74.86,24.8],[74.85,24.8]],[[77.17,27.79],[77.19,27.79],[77.19,27.8],[77.17,27.8],[77.17,27.79]]],[[[77.73,27.03],[77.76,27.02],[77.75,26.98],[77.73,26.98],[77.73,27.03]]],[[[76.03,28.08],[76.04,28.07],[76.02,28.05],[76.01,28.07],[76.02,28.09],[76.03,28.08]]],[[[76.08,28.14],[76.07,28.14],[76.07,28.17],[76.09,28.16],[76.08,28.14]]]]}},{"type":"Feature","properties":{"k":"JAMMUKASHMIR","n":"JAMMU & KASHMIR","c":"01"},"geometry":{"type":"MultiPolygon","coordinates":[[[[74.63,32.75],[74.63,32.76],[74.64,32.76],[74.64,32.75],[74.63,32.75]]],[[[75.83,32.5],[75.8,32.49],[75.78,32.46],[75.74,32.46],[75.74,32.43],[75.69,32.39],[75.59,32.38],[75.56,32.36],[75.54,32.34],[75.54,32.28],[75.5,32.29],[75.51,32.31],[75.49,32.31],[75.48,32.34],[75.42,32.32],[75.38,32.34],[75.36,32.33],[75.34,32.35],[75.33,32.33],[75.3,32.34],[75.28,32.38],[75.26,32.37],[75.25,32.38],[75.26,32.39],[75.24,32.38],[75.22,32.4],[75.19,32.4],[75.2,32.41],[75.19,32.43],[75.13,32.41],[75.13,32.44],[75.1,32.48],[75.08,32.47],[75.03,32.5],[75.02,32.47],[74.99,32.45],[74.94,32.45],[74.94,32.47],[74.88,32.47],[74.88,32.49],[74.82,32.5],[74.81,32.48],[74.71,32.48],[74.68,32.49],[74.69,32.54],[74.66,32.55],[74.67,32.57],[74.65,32.56],[74.66,32.6],[74.64,32.6],[74.66,32.63],[74.65,32.64],[74.7,32.66],[74.67,32.67],[74.65,32.7],[74.66,32.75],[74.7,32.8],[74.7,32.84],[74.68,32.84],[74.67,32.82],[74.65,32.83],[74.63,32.81],[74.66,32.78],[74.63,32.78],[74.63,32.76],[74.59,32.75],[74.55,32.76],[74.51,32.74],[74.51,32.77],[74.48,32.77],[74.46,32.79],[74.4,32.78],[74.39,32.76],[74.35,32.76],[74.3,32.8],[74.29,32.83],[74.22,32.84],[74.2,32.87],[74.16,32.89],[74.05,32.91],[74.05,32.93],[73.99,32.93],[74.0,32.96],[73.96,32.97],[73.96,32.99],[73.93,32.98],[73.91,33.0],[73.82,33.01],[73.81,32.97],[73.78,32.97],[73.79,33.0],[73.74,33.04],[73.73,33.07],[73.69,33.09],[73.66,33.08],[73.63,33.09],[73.62,33.13],[73.66,33.17],[73.66,33.21],[73.64,33.23],[73.62,33.22],[73.63,33.24],[73.6,33.25],[73.6,33.3],[73.56,33.35],[73.57,33.41],[73.59,33.42],[73.6,33.45],[73.62,33.45],[73.6,33.51],[73.63,33.53],[73.62,33.58],[73.58,33.62],[73.56,33.62],[73.56,33.68],[73.6,33.72],[73.59,33.76],[73.56,33.77],[73.59,33.9],[73.54,33.94],[73.51,34.01],[73.49,34.23],[73.47,34.25],[73.48,34.29],[73.47,34.3],[73.45,34.28],[73.45,34.31],[73.42,34.34],[73.43,34.35],[73.39,34.37],[73.41,34.38],[73.45,34.58],[73.52,34.57],[73.54,34.59],[73.62,34.59],[73.63,34.57],[73.65,34.57],[73.66,34.61],[73.7,34.65],[73.66,34.67],[73.75,34.79],[73.81,34.79],[73.84,34.82],[73.92,34.81],[73.93,34.83],[73.97,34.84],[73.98,34.87],[74.04,34.89],[74.04,34.92],[74.07,34.93],[74.06,35.0],[74.1,35.01],[74.09,35.04],[74.07,35.04],[74.09,35.1],[74.13,35.11],[74.15,35.09],[74.21,35.08],[74.22,35.09],[74.23,35.07],[74.25,35.07],[74.25,35.04],[74.3,35.04],[74.3,35.06],[74.38,35.06],[74.44,35.12],[74.47,35.12],[74.54,35.07],[74.53,35.04],[74.55,35.02],[74.59,35.01],[74.57,34.97],[74.58,34.92],[74.57,34.87],[74.47,34.86],[74.43,34.83],[74.42,34.8],[74.32,34.79],[74.44,34.77],[74.57,34.77],[74.6,34.75],[74.62,34.71],[74.72,34.67],[74.94,34.66],[75.05,34.62],[75.13,34.65],[75.25,34.63],[75.25,34.61],[75.29,34.6],[75.36,34.53],[75.32,34.43],[75.37,34.41],[75.37,34.37],[75.39,34.37],[75.38,34.34],[75.4,34.32],[75.39,34.3],[75.41,34.28],[75.46,34.29],[75.48,34.28],[75.5,34.23],[75.59,34.2],[75.65,34.24],[75.7,34.23],[75.69,34.15],[75.71,34.11],[75.74,34.11],[75.78,34.05],[75.82,34.05],[75.84,34.02],[75.86,34.02],[75.85,33.99],[75.86,33.97],[75.93,33.99],[75.98,33.98],[75.98,34.0],[76.02,34.0],[76.04,33.97],[76.03,33.95],[76.07,33.9],[76.15,33.84],[76.17,33.8],[76.27,33.75],[76.26,33.69],[76.28,33.65],[76.23,33.63],[76.24,33.6],[76.21,33.56],[76.25,33.55],[76.26,33.57],[76.31,33.57],[76.3,33.61],[76.35,33.61],[76.38,33.58],[76.37,33.56],[76.41,33.54],[76.44,33.54],[76.44,33.56],[76.46,33.56],[76.46,33.53],[76.5,33.52],[76.55,33.46],[76.58,33.45],[76.58,33.43],[76.63,33.44],[76.66,33.35],[76.68,33.33],[76.73,33.32],[76.73,33.27],[76.78,33.24],[76.78,33.22],[76.75,33.18],[76.66,33.16],[76.62,33.17],[76.6,33.21],[76.51,33.2],[76.5,33.18],[76.41,33.19],[76.4,33.17],[76.38,33.17],[76.29,33.1],[76.3,33.06],[76.28,33.04],[76.26,33.04],[76.25,33.02],[76.11,33.01],[76.1,32.96],[76.04,32.94],[76.04,32.92],[75.97,32.89],[75.96,32.87],[75.9,32.92],[75.84,32.93],[75.8,32.88],[75.82,32.87],[75.82,32.85],[75.86,32.84],[75.87,32.81],[75.89,32.81],[75.89,32.78],[75.93,32.74],[75.9,32.71],[75.92,32.61],[75.88,32.59],[75.88,32.55],[75.83,32.52],[75.83,32.5]],[[73.59,33.33],[73.59,33.34],[73.58,33.34],[73.58,33.33],[73.59,33.33]],[[75.89,32.66],[75.89,32.65],[75.9,32.65],[75.9,32.66],[75.89,32.66]]]]}},{"type":"Feature","properties":{"k":"MANIPUR","n":"MANIPUR","c":"14"},"geometry":{"type":"Polygon","coordinates":[[[93.25,24.03],[93.26,24.08],[93.22,24.08],[93.22,24.05],[93.16,24.05],[93.16,24.08],[93.14,24.09],[93.13,24.06],[93.1,24.05],[93.1,24.08],[93.08,24.1],[93.04,24.09],[92.99,24.12],[92.97,24.11],[92.97,24.13],[92.99,24.13],[92.99,24.15],[93.01,24.16],[93.0,24.2],[93.02,24.2],[93.01,24.29],[93.04,24.35],[93.02,24.35],[93.01,24.42],[93.04,24.41],[93.03,24.44],[93.05,24.46],[93.03,24.5],[93.05,24.52],[93.05,24.55],[93.07,24.55],[93.06,24.58],[93.1,24.58],[93.07,24.6],[93.09,24.63],[93.08,24.65],[93.1,24.65],[93.1,24.68],[93.08,24.7],[93.1,24.72],[93.1,24.79],[93.11,24.81],[93.14,24.81],[93.15,24.79],[93.16,24.8],[93.18,24.79],[93.2,24.81],[93.19,24.84],[93.21,24.85],[93.21,24.87],[93.23,24.87],[93.22,24.88],[93.25,24.91],[93.24,24.94],[93.26,24.96],[93.25,24.97],[93.26,25.0],[93.24,25.01],[93.33,25.09],[93.35,25.19],[93.37,25.2],[93.39,25.26],[93.42,25.26],[93.43,25.29],[93.47,25.3],[93.47,25.27],[93.51,25.27],[93.5,25.24],[93.56,25.25],[93.57,25.22],[93.61,25.2],[93.63,25.26],[93.67,25.31],[93.66,25.33],[93.68,25.33],[93.69,25.36],[93.74,25.38],[93.74,25.41],[93.76,25.41],[93.79,25.44],[93.79,25.46],[93.81,25.46],[93.8,25.5],[93.76,25.49],[93.76,25.53],[93.82,25.54],[93.83,25.56],[93.97,25.55],[93.98,25.57],[94.01,25.57],[94.0,25.59],[94.03,25.59],[94.06,25.56],[94.08,25.56],[94.11,25.52],[94.14,25.52],[94.15,25.55],[94.16,25.54],[94.19,25.55],[94.19,25.52],[94.22,25.49],[94.28,25.51],[94.33,25.5],[94.42,25.54],[94.42,25.59],[94.46,25.61],[94.51,25.61],[94.51,25.63],[94.54,25.64],[94.56,25.69],[94.58,25.69],[94.59,25.66],[94.58,25.61],[94.56,25.6],[94.55,25.5],[94.58,25.5],[94.61,25.46],[94.68,25.45],[94.67,25.41],[94.63,25.4],[94.63,25.35],[94.59,25.29],[94.58,25.21],[94.6,25.18],[94.63,25.18],[94.68,25.15],[94.7,25.16],[94.7,25.14],[94.74,25.13],[94.74,25.02],[94.7,24.98],[94.71,24.93],[94.69,24.89],[94.65,24.87],[94.65,24.85],[94.63,24.84],[94.63,24.75],[94.59,24.7],[94.58,24.73],[94.54,24.7],[94.55,24.69],[94.53,24.63],[94.48,24.57],[94.45,24.57],[94.43,24.48],[94.4,24.48],[94.41,24.44],[94.36,24.39],[94.38,24.38],[94.35,24.33],[94.32,24.33],[94.31,24.24],[94.29,24.24],[94.28,24.17],[94.26,24.17],[94.25,24.07],[94.22,24.0],[94.2,23.99],[94.19,23.93],[94.17,23.93],[94.16,23.85],[94.14,23.85],[94.13,23.83],[94.11,23.84],[94.1,23.89],[94.08,23.88],[94.04,23.89],[94.02,23.93],[93.98,23.92],[93.94,23.95],[93.8,23.93],[93.76,24.0],[93.7,24.01],[93.67,24.0],[93.62,24.01],[93.61,23.97],[93.58,23.96],[93.56,23.98],[93.55,23.96],[93.52,23.96],[93.52,23.94],[93.5,23.94],[93.46,23.97],[93.46,24.0],[93.43,24.02],[93.42,24.07],[93.36,24.1],[93.33,24.09],[93.34,24.07],[93.33,24.05],[93.28,24.05],[93.26,24.02],[93.25,24.03]],[[94.23,24.06],[94.23,24.05],[94.235,24.05],[94.23,24.06]]]}},{"type":"Feature","properties":{"k":"PUNJAB","n":"PUNJAB","c":"03"},"geometry":{"type":"MultiPolygon","coordinates":[[[[75.35,29.66],[75.35,29.67],[75.36,29.67],[75.36,29.66],[75.35,29.66]]],[[[74.25,30.73],[74.25,30.72],[74.24,30.73],[74.25,30.73]]],[[[74.27,30.77],[74.26,30.77],[74.26,30.78],[74.27,30.78],[74.27,30.77]]],[[[74.83,29.97],[74.82,29.99],[74.73,29.96],[74.71,29.98],[74.68,29.94],[74.65,29.93],[74.65,29.9],[74.6,29.91],[74.54,29.95],[74.49,29.94],[74.13,29.97],[73.89,29.97],[73.9,30.05],[73.97,30.12],[73.97,30.24],[73.94,30.31],[73.88,30.37],[73.92,30.38],[73.92,30.4],[73.94,30.4],[73.97,30.43],[73.94,30.44],[73.93,30.49],[73.95,30.48],[73.95,30.46],[73.97,30.46],[73.96,30.48],[73.98,30.49],[73.98,30.51],[74.02,30.51],[74.01,30.53],[74.05,30.54],[74.05,30.52],[74.07,30.52],[74.09,30.54],[74.07,30.55],[74.1,30.57],[74.1,30.62],[74.12,30.61],[74.13,30.63],[74.18,30.65],[74.23,30.72],[74.24,30.72],[74.25,30.72],[74.27,30.72],[74.27,30.77],[74.31,30.79],[74.29,30.79],[74.32,30.82],[74.32,30.85],[74.38,30.86],[74.36,30.87],[74.37,30.9],[74.42,30.91],[74.43,30.93],[74.42,30.94],[74.46,30.95],[74.46,30.97],[74.53,30.98],[74.57,31.06],[74.59,31.04],[74.62,31.04],[74.7,31.07],[74.69,31.13],[74.6,31.13],[74.61,31.09],[74.6,31.1],[74.57,31.08],[74.55,31.09],[74.55,31.12],[74.51,31.13],[74.51,31.18],[74.53,31.21],[74.52,31.28],[74.54,31.29],[74.53,31.33],[74.55,31.34],[74.55,31.37],[74.59,31.38],[74.6,31.42],[74.65,31.42],[74.64,31.44],[74.65,31.47],[74.58,31.51],[74.59,31.53],[74.61,31.52],[74.62,31.56],[74.59,31.57],[74.57,31.61],[74.55,31.61],[74.53,31.69],[74.5,31.69],[74.49,31.71],[74.5,31.74],[74.56,31.76],[74.55,31.79],[74.57,31.81],[74.57,31.84],[74.61,31.87],[74.61,31.89],[74.64,31.88],[74.68,31.93],[74.72,31.92],[74.71,31.94],[74.73,31.95],[74.76,31.94],[74.78,31.96],[74.82,31.96],[74.83,32.0],[74.86,32.03],[74.88,32.03],[74.87,32.05],[74.91,32.05],[74.92,32.07],[74.97,32.06],[74.98,32.05],[74.97,32.04],[75.02,32.04],[75.02,32.05],[75.06,32.05],[75.09,32.07],[75.11,32.06],[75.12,32.08],[75.18,32.07],[75.21,32.1],[75.2,32.12],[75.22,32.12],[75.22,32.1],[75.26,32.1],[75.28,32.11],[75.28,32.15],[75.32,32.17],[75.31,32.2],[75.33,32.22],[75.37,32.22],[75.38,32.28],[75.33,32.29],[75.34,32.35],[75.36,32.33],[75.38,32.34],[75.42,32.32],[75.48,32.34],[75.49,32.31],[75.51,32.31],[75.5,32.29],[75.54,32.28],[75.54,32.34],[75.56,32.36],[75.59,32.38],[75.69,32.39],[75.74,32.43],[75.74,32.46],[75.78,32.46],[75.8,32.49],[75.85,32.51],[75.85,32.49],[75.88,32.46],[75.9,32.46],[75.94,32.39],[75.87,32.4],[75.85,32.36],[75.81,32.35],[75.81,32.33],[75.76,32.28],[75.63,32.25],[75.62,32.23],[75.64,32.22],[75.62,32.19],[75.66,32.2],[75.67,32.15],[75.63,32.12],[75.63,32.1],[75.6,32.09],[75.6,32.07],[75.66,32.08],[75.7,32.06],[75.72,32.03],[75.75,32.04],[75.78,32.0],[75.86,31.98],[75.91,31.95],[75.96,31.84],[75.98,31.83],[75.94,31.81],[75.97,31.77],[75.97,31.73],[75.99,31.72],[76.02,31.62],[76.06,31.61],[76.07,31.56],[76.1,31.54],[76.13,31.48],[76.13,31.45],[76.17,31.41],[76.15,31.35],[76.18,31.34],[76.18,31.3],[76.31,31.31],[76.31,31.34],[76.34,31.35],[76.33,31.4],[76.37,31.4],[76.38,31.44],[76.38,31.42],[76.4,31.41],[76.4,31.37],[76.43,31.35],[76.46,31.29],[76.49,31.31],[76.5,31.27],[76.53,31.28],[76.54,31.26],[76.55,31.28],[76.55,31.25],[76.58,31.28],[76.61,31.25],[76.59,31.21],[76.64,31.22],[76.64,31.2],[76.62,31.2],[76.6,31.17],[76.61,31.15],[76.6,31.12],[76.64,31.12],[76.61,31.05],[76.63,31.03],[76.63,31.0],[76.67,30.97],[76.73,30.96],[76.74,30.93],[76.78,30.91],[76.78,30.88],[76.81,30.86],[76.81,30.84],[76.85,30.83],[76.86,30.79],[76.82,30.75],[76.82,30.78],[76.78,30.77],[76.79,30.78],[76.78,30.79],[76.75,30.79],[76.71,30.76],[76.71,30.74],[76.77,30.67],[76.83,30.68],[76.83,30.66],[76.87,30.67],[76.87,30.64],[76.89,30.65],[76.92,30.61],[76.91,30.53],[76.93,30.52],[76.93,30.5],[76.9,30.49],[76.9,30.43],[76.92,30.4],[76.94,30.4],[76.94,30.38],[76.89,30.36],[76.9,30.39],[76.88,30.39],[76.88,30.41],[76.85,30.42],[76.85,30.44],[76.83,30.41],[76.78,30.42],[76.79,30.44],[76.74,30.43],[76.74,30.41],[76.71,30.39],[76.75,30.37],[76.75,30.35],[76.63,30.29],[76.63,30.27],[76.56,30.26],[76.56,30.23],[76.6,30.26],[76.6,30.24],[76.63,30.23],[76.62,30.21],[76.66,30.19],[76.65,30.17],[76.63,30.17],[76.64,30.15],[76.6,30.11],[76.56,30.1],[76.56,30.08],[76.51,30.07],[76.51,30.09],[76.46,30.1],[76.46,30.13],[76.44,30.13],[76.43,30.15],[76.43,30.19],[76.39,30.18],[76.39,30.16],[76.41,30.15],[76.39,30.14],[76.4,30.12],[76.39,30.11],[76.35,30.12],[76.35,30.1],[76.27,30.11],[76.26,30.13],[76.21,30.15],[76.22,30.11],[76.25,30.1],[76.25,30.08],[76.21,30.03],[76.23,30.01],[76.21,30.01],[76.21,29.97],[76.19,29.97],[76.17,29.92],[76.19,29.92],[76.2,29.88],[76.22,29.89],[76.25,29.87],[76.22,29.84],[76.19,29.84],[76.19,29.82],[76.14,29.82],[76.13,29.79],[76.09,29.81],[76.05,29.74],[76.02,29.75],[75.99,29.73],[75.93,29.73],[75.92,29.75],[75.87,29.75],[75.84,29.81],[75.8,29.8],[75.79,29.82],[75.72,29.81],[75.71,29.75],[75.69,29.75],[75.68,29.78],[75.66,29.77],[75.64,29.78],[75.62,29.74],[75.61,29.75],[75.57,29.74],[75.57,29.77],[75.52,29.76],[75.52,29.78],[75.45,29.81],[75.46,29.78],[75.41,29.77],[75.39,29.71],[75.35,29.7],[75.35,29.67],[75.33,29.67],[75.32,29.63],[75.29,29.62],[75.32,29.58],[75.31,29.56],[75.28,29.55],[75.24,29.55],[75.23,29.61],[75.19,29.62],[75.17,29.66],[75.21,29.69],[75.2,29.73],[75.24,29.74],[75.2,29.84],[75.16,29.83],[75.17,29.78],[75.14,29.78],[75.14,29.81],[75.1,29.8],[75.1,29.82],[75.12,29.83],[75.09,29.85],[75.11,29.87],[75.11,29.91],[75.08,29.91],[75.07,29.88],[74.99,29.87],[74.98,29.9],[74.94,29.91],[74.93,29.95],[74.9,29.94],[74.9,29.96],[74.83,29.97]],[[74.55,30.99],[74.55,31.0],[74.54,30.99],[74.55,30.99]],[[76.34,31.34],[76.35,31.34],[76.35,31.35],[76.34,31.35],[76.34,31.34]],[[76.45,31.29],[76.44,31.29],[76.44,31.28],[76.46,31.28],[76.45,31.29]],[[76.72,30.37],[76.72,30.36],[76.73,30.36],[76.73,30.37],[76.72,30.37]],[[76.55,30.23],[76.55,30.22],[76.56,30.22],[76.56,30.23],[76.55,30.23]],[[76.56,30.12],[76.55,30.12],[76.54,30.11],[76.57,30.11],[76.56,30.12]],[[76.89,30.54],[76.9,30.54],[76.9,30.55],[76.89,30.55],[76.89,30.54]],[[74.29,30.74],[74.28,30.74],[74.28,30.73],[74.29,30.73],[74.29,30.74]]],[[[75.99,31.82],[75.99,31.81],[75.98,31.81],[75.98,31.82],[75.99,31.82]]],[[[75.07,32.06],[75.06,32.07],[75.07,32.07],[75.07,32.06]]]]}},{"type":"Feature","properties":{"k":"ASSAM","n":"ASSAM","c":"18"},"geometry":{"type":"MultiPolygon","coordinates":[[[[92.61,25.42],[92.61,25.41],[92.6,25.42],[92.61,25.42]]],[[[91.52,25.88],[91.52,25.89],[91.53,25.89],[91.53,25.87],[91.52,25.88]]],[[[90.75,25.91],[90.74,25.91],[90.74,25.92],[90.75,25.92],[90.75,25.91]]],[[[91.51,25.91],[91.51,25.92],[91.52,25.92],[91.52,25.91],[91.51,25.91]]],[[[90.91,25.92],[90.91,25.93],[90.92,25.92],[90.91,25.92]]],[[[91.53,25.92],[91.52,25.92],[91.52,25.93],[91.53,25.93],[91.53,25.92]]],[[[90.02,25.6],[89.94,25.56],[89.89,25.56],[89.87,25.54],[89.88,25.49],[89.87,25.47],[89.85,25.47],[89.86,25.5],[89.85,25.54],[89.87,25.55],[89.88,25.65],[89.85,25.68],[89.85,25.72],[89.83,25.72],[89.84,25.78],[89.82,25.82],[89.84,25.84],[89.83,25.87],[89.89,25.95],[89.87,25.94],[89.83,25.95],[89.87,25.98],[89.84,26.01],[89.83,26.01],[89.84,25.98],[89.82,25.98],[89.82,26.03],[89.8,26.04],[89.79,26.02],[89.78,26.04],[89.8,26.08],[89.78,26.08],[89.78,26.11],[89.76,26.11],[89.77,26.13],[89.75,26.14],[89.75,26.16],[89.72,26.16],[89.7,26.18],[89.72,26.19],[89.72,26.21],[89.7,26.22],[89.73,26.23],[89.72,26.26],[89.74,26.27],[89.73,26.29],[89.75,26.3],[89.75,26.32],[89.78,26.33],[89.79,26.36],[89.81,26.37],[89.82,26.37],[89.83,26.37],[89.83,26.41],[89.86,26.41],[89.85,26.42],[89.87,26.45],[89.85,26.49],[89.87,26.58],[89.87,26.61],[89.85,26.62],[89.87,26.64],[89.85,26.69],[89.87,26.7],[89.86,26.74],[89.9,26.72],[90.11,26.74],[90.19,26.77],[90.19,26.82],[90.21,26.85],[90.31,26.85],[90.35,26.88],[90.35,26.9],[90.43,26.9],[90.58,26.8],[90.74,26.77],[90.92,26.79],[91.05,26.78],[91.09,26.82],[91.26,26.81],[91.31,26.78],[91.35,26.78],[91.4,26.82],[91.4,26.84],[91.49,26.79],[91.59,26.8],[91.62,26.82],[91.73,26.81],[91.82,26.86],[91.88,26.92],[91.96,26.89],[92.0,26.85],[92.07,26.85],[92.11,26.89],[92.21,26.89],[92.24,26.91],[92.28,26.9],[92.32,26.93],[92.4,26.92],[92.44,26.96],[92.59,26.96],[92.64,26.98],[92.67,27.03],[92.7,27.02],[92.76,27.03],[92.84,27.0],[92.89,27.0],[92.92,26.98],[92.92,26.96],[93.02,26.91],[93.28,26.96],[93.41,26.96],[93.46,26.94],[93.6,26.95],[93.68,26.97],[93.73,27.03],[93.76,27.03],[93.77,27.06],[93.79,27.05],[93.84,27.07],[93.83,27.12],[93.79,27.14],[93.81,27.14],[93.81,27.16],[93.84,27.17],[93.99,27.33],[94.05,27.35],[94.07,27.39],[94.16,27.46],[94.16,27.48],[94.26,27.52],[94.26,27.56],[94.22,27.57],[94.23,27.6],[94.21,27.6],[94.25,27.64],[94.27,27.63],[94.25,27.62],[94.27,27.61],[94.27,27.59],[94.31,27.6],[94.32,27.58],[94.33,27.59],[94.37,27.57],[94.43,27.6],[94.47,27.56],[94.48,27.58],[94.5,27.57],[94.54,27.6],[94.57,27.6],[94.58,27.62],[94.63,27.62],[94.68,27.66],[94.72,27.67],[94.76,27.66],[94.77,27.68],[94.79,27.68],[94.79,27.7],[94.83,27.69],[94.85,27.73],[95.2,27.83],[95.23,27.85],[95.31,27.87],[95.4,27.84],[95.52,27.88],[95.54,27.91],[95.56,27.91],[95.57,27.94],[95.61,27.96],[95.97,27.96],[95.94,27.9],[95.92,27.9],[95.92,27.88],[95.87,27.83],[95.84,27.83],[95.84,27.81],[95.82,27.81],[95.78,27.76],[95.78,27.73],[95.75,27.72],[95.77,27.71],[95.76,27.69],[95.79,27.69],[95.77,27.65],[95.79,27.65],[95.78,27.63],[95.79,27.6],[95.82,27.6],[95.81,27.57],[95.87,27.54],[95.88,27.55],[95.88,27.49],[95.85,27.46],[95.86,27.44],[95.84,27.42],[95.86,27.41],[95.88,27.43],[95.88,27.41],[95.9,27.41],[95.91,27.44],[95.95,27.44],[95.95,27.42],[95.97,27.43],[95.97,27.41],[96.0,27.4],[96.0,27.38],[96.02,27.37],[95.97,27.34],[95.98,27.32],[95.92,27.3],[95.89,27.26],[95.86,27.26],[95.85,27.29],[95.74,27.27],[95.72,27.25],[95.6,27.22],[95.58,27.22],[95.55,27.26],[95.51,27.26],[95.46,27.21],[95.46,27.13],[95.44,27.14],[95.41,27.11],[95.38,27.11],[95.38,27.09],[95.37,27.1],[95.32,27.09],[95.26,27.03],[95.2,27.04],[95.16,27.0],[95.12,26.99],[95.09,26.95],[95.03,26.94],[95.02,26.92],[94.98,26.91],[94.96,26.94],[94.94,26.93],[94.9,26.94],[94.81,26.84],[94.81,26.81],[94.76,26.77],[94.67,26.72],[94.59,26.73],[94.59,26.7],[94.57,26.7],[94.57,26.68],[94.56,26.71],[94.54,26.71],[94.52,26.7],[94.52,26.68],[94.47,26.67],[94.46,26.63],[94.4,26.6],[94.41,26.54],[94.38,26.53],[94.38,26.51],[94.35,26.5],[94.34,26.48],[94.32,26.48],[94.32,26.46],[94.29,26.47],[94.28,26.56],[94.2,26.48],[94.2,26.46],[94.18,26.46],[94.17,26.43],[94.18,26.38],[94.16,26.36],[94.18,26.34],[94.11,26.33],[94.1,26.3],[94.07,26.28],[94.08,26.27],[94.04,26.24],[94.02,26.18],[94.0,26.18],[93.99,26.11],[94.0,26.11],[93.95,26.01],[93.95,25.97],[93.97,25.96],[93.98,25.91],[93.91,25.88],[93.88,25.84],[93.84,25.86],[93.82,25.82],[93.79,25.81],[93.78,25.83],[93.79,25.86],[93.78,25.89],[93.8,25.9],[93.79,25.95],[93.78,25.96],[93.75,25.95],[93.74,25.92],[93.68,25.9],[93.7,25.85],[93.67,25.82],[93.64,25.82],[93.62,25.78],[93.57,25.76],[93.55,25.74],[93.56,25.73],[93.54,25.73],[93.54,25.7],[93.51,25.69],[93.5,25.65],[93.42,25.63],[93.4,25.59],[93.37,25.58],[93.38,25.57],[93.33,25.55],[93.36,25.52],[93.36,25.5],[93.38,25.5],[93.4,25.45],[93.44,25.45],[93.46,25.43],[93.47,25.36],[93.45,25.36],[93.45,25.32],[93.47,25.3],[93.43,25.29],[93.42,25.26],[93.39,25.26],[93.37,25.2],[93.35,25.19],[93.33,25.09],[93.3,25.07],[93.3,25.05],[93.27,25.05],[93.25,25.03],[93.24,25.01],[93.26,25.0],[93.25,24.91],[93.22,24.88],[93.23,24.87],[93.21,24.87],[93.19,24.83],[93.2,24.81],[93.18,24.79],[93.11,24.81],[93.1,24.79],[93.1,24.72],[93.08,24.71],[93.1,24.65],[93.08,24.65],[93.09,24.63],[93.07,24.61],[93.1,24.58],[93.06,24.58],[93.07,24.55],[93.05,24.55],[93.05,24.52],[93.03,24.5],[93.05,24.48],[93.03,24.44],[93.04,24.41],[93.0,24.4],[92.91,24.41],[92.9,24.39],[92.86,24.4],[92.85,24.38],[92.82,24.38],[92.83,24.4],[92.8,24.42],[92.76,24.52],[92.69,24.35],[92.66,24.35],[92.65,24.33],[92.63,24.34],[92.62,24.26],[92.55,24.25],[92.53,24.17],[92.51,24.18],[92.51,24.16],[92.48,24.16],[92.48,24.14],[92.44,24.15],[92.42,24.19],[92.42,24.25],[92.2,24.24],[92.24,24.31],[92.24,24.34],[92.26,24.35],[92.25,24.44],[92.23,24.45],[92.23,24.5],[92.21,24.51],[92.23,24.54],[92.23,24.59],[92.26,24.67],[92.25,24.68],[92.3,24.74],[92.28,24.74],[92.29,24.75],[92.28,24.76],[92.29,24.79],[92.27,24.8],[92.28,24.82],[92.24,24.84],[92.25,24.87],[92.24,24.91],[92.3,24.92],[92.31,24.9],[92.33,24.9],[92.33,24.88],[92.38,24.87],[92.38,24.85],[92.49,24.87],[92.48,24.94],[92.45,24.94],[92.47,24.96],[92.42,24.96],[92.43,25.04],[92.44,25.03],[92.44,25.05],[92.46,25.04],[92.48,25.11],[92.54,25.1],[92.52,25.14],[92.63,25.12],[92.63,25.14],[92.66,25.15],[92.66,25.18],[92.7,25.18],[92.74,25.21],[92.75,25.2],[92.8,25.21],[92.79,25.23],[92.76,25.24],[92.78,25.25],[92.77,25.27],[92.79,25.27],[92.78,25.3],[92.79,25.32],[92.77,25.34],[92.76,25.33],[92.73,25.38],[92.7,25.38],[92.68,25.41],[92.65,25.41],[92.64,25.43],[92.61,25.42],[92.6,25.47],[92.56,25.46],[92.58,25.5],[92.64,25.53],[92.66,25.59],[92.64,25.59],[92.6,25.55],[92.56,25.56],[92.55,25.58],[92.56,25.61],[92.49,25.63],[92.48,25.67],[92.44,25.69],[92.45,25.71],[92.44,25.73],[92.37,25.75],[92.33,25.72],[92.22,25.72],[92.21,25.69],[92.16,25.67],[92.16,25.7],[92.14,25.71],[92.16,25.73],[92.15,25.82],[92.18,25.85],[92.18,25.88],[92.2,25.88],[92.22,25.91],[92.19,25.92],[92.16,25.91],[92.15,25.95],[92.16,25.97],[92.18,25.97],[92.18,25.99],[92.26,26.03],[92.26,26.06],[92.17,26.08],[92.13,26.04],[92.12,26.05],[92.08,26.05],[92.07,26.03],[91.99,26.04],[91.91,26.0],[91.9,26.03],[91.87,26.04],[91.88,26.1],[91.82,26.12],[91.79,26.08],[91.77,26.09],[91.76,26.07],[91.74,26.07],[91.72,26.04],[91.72,25.95],[91.68,25.91],[91.64,25.91],[91.63,25.93],[91.61,25.93],[91.64,25.96],[91.63,26.02],[91.57,26.03],[91.54,25.96],[91.52,25.96],[91.52,25.94],[91.5,25.93],[91.5,25.89],[91.47,25.88],[91.52,25.87],[91.51,25.86],[91.46,25.86],[91.45,25.84],[91.43,25.85],[91.33,25.84],[91.29,25.76],[91.22,25.72],[91.18,25.77],[91.2,25.86],[91.18,25.84],[91.14,25.85],[91.12,25.83],[91.07,25.82],[91.05,25.83],[91.07,25.85],[91.05,25.85],[91.02,25.82],[91.0,25.82],[91.03,25.89],[91.02,25.88],[90.97,25.89],[90.95,25.95],[90.91,25.93],[90.89,25.93],[90.9,25.94],[90.89,25.95],[90.81,25.95],[90.78,25.93],[90.79,25.92],[90.78,25.91],[90.76,25.91],[90.76,25.92],[90.74,25.93],[90.75,25.95],[90.74,25.96],[90.69,25.95],[90.63,25.92],[90.63,25.9],[90.61,25.9],[90.62,25.94],[90.58,25.96],[90.57,25.93],[90.51,25.9],[90.52,25.93],[90.54,25.94],[90.5,26.0],[90.47,26.01],[90.42,25.99],[90.41,26.01],[90.35,26.01],[90.33,25.97],[90.29,25.96],[90.23,25.95],[90.11,25.96],[90.08,25.91],[90.07,25.92],[90.06,25.9],[90.01,25.89],[90.02,25.85],[89.95,25.82],[89.96,25.77],[89.94,25.76],[89.94,25.74],[89.89,25.75],[89.92,25.69],[89.94,25.69],[89.95,25.65],[89.97,25.65],[89.99,25.62],[90.0,25.63],[90.02,25.6]],[[89.73,26.17],[89.73,26.18],[89.72,26.18],[89.72,26.17],[89.73,26.17]],[[89.73,26.21],[89.73,26.22],[89.72,26.22],[89.72,26.21],[89.73,26.21]],[[89.75,26.29],[89.76,26.29],[89.76,26.3],[89.75,26.3],[89.75,26.29]],[[89.81,26.36],[89.82,26.35],[89.82,26.37],[89.81,26.36]],[[95.37,27.11],[95.36,27.11],[95.36,27.1],[95.37,27.11]],[[92.49,24.94],[92.49,24.95],[92.48,24.95],[92.48,24.94],[92.49,24.94]],[[92.27,26.06],[92.27,26.07],[92.26,26.07],[92.26,26.06],[92.27,26.06]],[[89.86,26.38],[89.86,26.39],[89.85,26.39],[89.85,26.38],[89.86,26.38]]],[[[89.7,26.26],[89.7,26.27],[89.71,26.27],[89.71,26.26],[89.7,26.26]]],[[[89.73,26.29],[89.72,26.29],[89.72,26.3],[89.73,26.3],[89.73,26.29]]],[[[93.79,27.07],[93.8,27.07],[93.8,27.06],[93.79,27.07]]]]}},{"type":"Feature","properties":{"k":"MAHARASHTRA","n":"MAHARASHTRA","c":"27"},"geometry":{"type":"MultiPolygon","coordinates":[[[[74.37,16.05],[74.37,16.06],[74.38,16.06],[74.38,16.05],[74.37,16.05]]],[[[73.19,17.31],[73.2,17.31],[73.2,17.3],[73.19,17.3],[73.19,17.31]]],[[[73.03,17.95],[73.04,17.98],[73.02,17.99],[73.01,18.05],[72.99,18.05],[73.0,18.09],[72.97,18.12],[72.99,18.14],[72.98,18.2],[72.96,18.22],[72.93,18.22],[72.94,18.28],[72.97,18.28],[72.97,18.24],[73.01,18.25],[73.06,18.22],[73.05,18.18],[73.07,18.15],[73.1,18.14],[73.1,18.17],[73.08,18.17],[73.08,18.24],[73.06,18.25],[73.07,18.28],[73.05,18.27],[73.02,18.27],[73.02,18.29],[72.99,18.28],[72.94,18.35],[72.91,18.35],[72.93,18.39],[72.91,18.39],[72.9,18.5],[72.91,18.53],[72.93,18.54],[72.89,18.63],[72.86,18.66],[72.87,18.8],[72.8,18.9],[72.82,18.91],[72.82,18.95],[72.8,18.95],[72.81,19.01],[72.84,19.03],[72.84,19.05],[72.82,19.04],[72.83,19.08],[72.82,19.13],[72.81,19.14],[72.79,19.13],[72.78,19.15],[72.78,19.17],[72.8,19.17],[72.8,19.19],[72.78,19.19],[72.79,19.2],[72.78,19.3],[72.8,19.33],[72.76,19.37],[72.77,19.4],[72.75,19.43],[72.77,19.51],[72.75,19.51],[72.72,19.54],[72.73,19.64],[72.71,19.64],[72.69,19.8],[72.68,19.82],[72.65,19.83],[72.68,19.86],[72.68,19.92],[72.66,19.94],[72.72,19.97],[72.71,20.08],[72.73,20.08],[72.74,20.13],[72.79,20.13],[72.79,20.15],[72.82,20.15],[72.82,20.19],[72.86,20.21],[72.86,20.23],[72.95,20.22],[72.97,20.18],[72.96,20.13],[72.98,20.11],[73.01,20.14],[73.0,20.11],[73.02,20.08],[73.05,20.07],[73.06,20.1],[73.11,20.08],[73.14,20.09],[73.14,20.08],[73.17,20.05],[73.19,20.05],[73.19,20.08],[73.21,20.08],[73.22,20.14],[73.25,20.13],[73.28,20.15],[73.29,20.21],[73.42,20.2],[73.41,20.27],[73.43,20.29],[73.41,20.39],[73.38,20.37],[73.38,20.4],[73.42,20.42],[73.42,20.44],[73.49,20.54],[73.48,20.58],[73.43,20.59],[73.42,20.63],[73.39,20.65],[73.45,20.68],[73.44,20.7],[73.45,20.72],[73.48,20.72],[73.49,20.65],[73.5,20.67],[73.53,20.68],[73.55,20.65],[73.6,20.64],[73.65,20.56],[73.69,20.58],[73.72,20.58],[73.74,20.56],[73.76,20.57],[73.77,20.6],[73.84,20.62],[73.83,20.63],[73.84,20.67],[73.82,20.67],[73.82,20.7],[73.86,20.69],[73.87,20.73],[73.92,20.72],[73.94,20.74],[73.94,20.84],[73.92,20.85],[73.93,20.88],[73.92,20.91],[73.89,20.93],[73.89,20.96],[73.91,20.97],[73.85,20.99],[73.8,21.03],[73.81,21.08],[73.75,21.07],[73.72,21.11],[73.69,21.1],[73.62,21.12],[73.6,21.16],[73.58,21.15],[73.58,21.17],[73.61,21.18],[73.63,21.14],[73.73,21.14],[73.73,21.17],[73.78,21.18],[73.82,21.17],[73.83,21.19],[73.81,21.2],[73.81,21.23],[73.83,21.24],[73.82,21.27],[73.9,21.27],[73.94,21.29],[73.95,21.34],[73.94,21.41],[73.98,21.4],[74.0,21.42],[74.05,21.42],[74.06,21.47],[74.12,21.45],[74.12,21.47],[74.21,21.46],[74.21,21.48],[74.24,21.47],[74.29,21.48],[74.3,21.5],[74.32,21.5],[74.33,21.55],[74.3,21.55],[74.3,21.57],[74.28,21.57],[74.27,21.54],[74.24,21.55],[74.18,21.54],[74.18,21.57],[74.14,21.55],[74.05,21.56],[73.97,21.54],[73.98,21.52],[73.96,21.53],[73.93,21.51],[73.93,21.53],[73.85,21.5],[73.83,21.52],[73.81,21.59],[73.82,21.6],[73.8,21.6],[73.78,21.63],[73.89,21.65],[73.89,21.7],[73.82,21.76],[73.83,21.81],[73.8,21.82],[73.81,21.84],[73.88,21.84],[73.89,21.86],[73.93,21.86],[74.11,21.95],[74.17,21.95],[74.18,21.93],[74.28,21.93],[74.3,21.97],[74.34,21.97],[74.38,22.0],[74.38,22.02],[74.44,22.03],[74.45,21.96],[74.49,21.96],[74.52,21.92],[74.5,21.81],[74.51,21.72],[74.55,21.72],[74.56,21.7],[74.55,21.68],[74.58,21.68],[74.58,21.66],[74.64,21.66],[74.68,21.65],[74.69,21.63],[74.78,21.61],[74.9,21.63],[74.91,21.61],[74.98,21.6],[75.07,21.55],[75.12,21.45],[75.25,21.4],[75.3,21.41],[75.3,21.39],[75.37,21.4],[75.38,21.38],[75.52,21.39],[75.53,21.37],[75.57,21.37],[75.58,21.39],[75.62,21.38],[75.97,21.39],[76.05,21.35],[76.1,21.37],[76.12,21.3],[76.16,21.26],[76.14,21.23],[76.16,21.23],[76.18,21.19],[76.17,21.17],[76.11,21.17],[76.11,21.15],[76.13,21.14],[76.13,21.12],[76.17,21.1],[76.17,21.08],[76.27,21.09],[76.28,21.07],[76.38,21.07],[76.41,21.1],[76.44,21.1],[76.47,21.13],[76.49,21.19],[76.53,21.18],[76.56,21.2],[76.64,21.2],[76.63,21.22],[76.64,21.24],[76.66,21.24],[76.66,21.29],[76.62,21.33],[76.71,21.4],[76.73,21.4],[76.74,21.44],[76.79,21.46],[76.8,21.49],[76.77,21.51],[76.77,21.53],[76.79,21.53],[76.78,21.55],[76.79,21.59],[76.84,21.59],[76.84,21.61],[76.91,21.6],[76.93,21.63],[76.98,21.65],[77.0,21.68],[77.06,21.7],[77.07,21.72],[77.17,21.71],[77.18,21.73],[77.19,21.7],[77.22,21.69],[77.23,21.72],[77.26,21.71],[77.27,21.73],[77.29,21.72],[77.28,21.76],[77.42,21.75],[77.48,21.77],[77.48,21.75],[77.52,21.73],[77.52,21.71],[77.55,21.7],[77.58,21.59],[77.57,21.56],[77.6,21.56],[77.61,21.53],[77.55,21.53],[77.51,21.55],[77.42,21.54],[77.44,21.47],[77.47,21.46],[77.49,21.37],[77.52,21.38],[77.53,21.42],[77.56,21.4],[77.56,21.37],[77.59,21.36],[77.61,21.36],[77.6,21.39],[77.67,21.39],[77.66,21.37],[77.68,21.37],[77.69,21.4],[77.71,21.36],[77.74,21.36],[77.74,21.38],[77.8,21.39],[77.8,21.41],[77.92,21.38],[77.94,21.4],[77.99,21.4],[78.17,21.49],[78.18,21.56],[78.26,21.56],[78.26,21.59],[78.29,21.59],[78.3,21.57],[78.36,21.57],[78.38,21.58],[78.38,21.61],[78.43,21.6],[78.42,21.59],[78.43,21.5],[78.48,21.5],[78.5,21.53],[78.53,21.53],[78.56,21.52],[78.58,21.49],[78.7,21.48],[78.72,21.46],[78.75,21.47],[78.74,21.48],[78.75,21.49],[78.77,21.49],[78.77,21.47],[78.79,21.49],[78.89,21.5],[78.94,21.49],[78.93,21.54],[78.91,21.55],[78.93,21.56],[78.91,21.57],[78.92,21.59],[78.95,21.59],[78.97,21.62],[79.0,21.62],[79.01,21.6],[79.11,21.6],[79.1,21.62],[79.16,21.64],[79.16,21.66],[79.22,21.65],[79.23,21.66],[79.22,21.7],[79.24,21.72],[79.27,21.72],[79.29,21.69],[79.34,21.68],[79.41,21.69],[79.49,21.68],[79.52,21.63],[79.5,21.62],[79.51,21.58],[79.54,21.57],[79.54,21.54],[79.56,21.55],[79.59,21.54],[79.61,21.56],[79.65,21.55],[79.66,21.58],[79.76,21.6],[79.88,21.52],[79.92,21.52],[79.94,21.56],[79.97,21.56],[80.0,21.53],[80.03,21.56],[80.07,21.55],[80.1,21.59],[80.12,21.59],[80.12,21.61],[80.16,21.61],[80.19,21.64],[80.21,21.64],[80.22,21.62],[80.27,21.62],[80.3,21.58],[80.34,21.56],[80.34,21.54],[80.38,21.52],[80.39,21.47],[80.41,21.47],[80.42,21.45],[80.4,21.43],[80.41,21.38],[80.45,21.37],[80.45,21.4],[80.5,21.4],[80.56,21.37],[80.57,21.34],[80.58,21.35],[80.61,21.32],[80.68,21.32],[80.68,21.29],[80.66,21.29],[80.65,21.25],[80.63,21.25],[80.61,21.22],[80.58,21.22],[80.57,21.2],[80.52,21.2],[80.52,21.18],[80.5,21.19],[80.48,21.17],[80.47,21.18],[80.45,21.14],[80.46,21.11],[80.44,21.1],[80.45,21.09],[80.45,21.03],[80.43,21.02],[80.44,20.97],[80.46,20.93],[80.55,20.92],[80.56,20.89],[80.55,20.76],[80.56,20.71],[80.59,20.69],[80.58,20.67],[80.49,20.64],[80.48,20.61],[80.5,20.6],[80.5,20.58],[80.54,20.58],[80.57,20.61],[80.63,20.6],[80.62,20.48],[80.6,20.45],[80.61,20.42],[80.59,20.4],[80.63,20.33],[80.55,20.31],[80.54,20.28],[80.52,20.27],[80.48,20.28],[80.44,20.25],[80.4,20.25],[80.42,20.19],[80.4,20.19],[80.39,20.16],[80.41,20.14],[80.5,20.15],[80.55,20.12],[80.54,20.09],[80.56,20.08],[80.54,20.02],[80.54,19.95],[80.52,19.93],[80.48,19.93],[80.48,19.95],[80.45,19.96],[80.44,19.94],[80.41,19.94],[80.41,19.91],[80.49,19.9],[80.5,19.87],[80.48,19.86],[80.47,19.82],[80.55,19.82],[80.55,19.76],[80.64,19.73],[80.68,19.7],[80.68,19.65],[80.66,19.63],[80.67,19.61],[80.72,19.62],[80.76,19.6],[80.77,19.56],[80.84,19.57],[80.84,19.54],[80.86,19.52],[80.88,19.53],[80.9,19.52],[80.89,19.51],[80.9,19.47],[80.87,19.44],[80.84,19.45],[80.81,19.43],[80.85,19.35],[80.78,19.32],[80.76,19.29],[80.69,19.28],[80.69,19.33],[80.61,19.31],[80.59,19.39],[80.56,19.4],[80.51,19.34],[80.48,19.34],[80.45,19.26],[80.39,19.25],[80.38,19.22],[80.39,19.18],[80.33,19.15],[80.34,19.11],[80.33,19.07],[80.3,19.05],[80.3,19.01],[80.27,18.99],[80.27,18.93],[80.34,18.87],[80.35,18.81],[80.3,18.8],[80.29,18.77],[80.24,18.76],[80.27,18.73],[80.26,18.71],[80.24,18.7],[80.21,18.71],[80.2,18.68],[80.18,18.68],[80.17,18.7],[80.11,18.68],[80.09,18.71],[80.05,18.72],[80.05,18.74],[80.03,18.76],[80.02,18.75],[80.02,18.77],[80.0,18.78],[79.96,18.77],[79.91,18.82],[79.96,18.86],[79.96,18.95],[79.94,18.98],[79.93,19.05],[79.87,19.04],[79.86,19.12],[79.95,19.17],[79.92,19.23],[79.94,19.28],[79.97,19.3],[79.96,19.35],[79.98,19.4],[79.95,19.44],[79.95,19.47],[79.93,19.47],[79.92,19.5],[79.86,19.51],[79.82,19.55],[79.82,19.58],[79.74,19.61],[79.71,19.58],[79.63,19.58],[79.61,19.56],[79.6,19.51],[79.55,19.52],[79.55,19.55],[79.52,19.55],[79.51,19.51],[79.47,19.5],[79.45,19.53],[79.41,19.53],[79.39,19.56],[79.37,19.56],[79.37,19.58],[79.31,19.57],[79.31,19.6],[79.27,19.6],[79.24,19.62],[79.25,19.57],[79.24,19.52],[79.21,19.51],[79.22,19.46],[79.18,19.46],[79.14,19.51],[79.07,19.53],[79.05,19.55],[79.03,19.54],[79.0,19.54],[78.99,19.56],[78.94,19.55],[78.95,19.57],[78.97,19.57],[78.96,19.66],[78.92,19.67],[78.9,19.67],[78.89,19.65],[78.85,19.66],[78.86,19.7],[78.84,19.76],[78.8,19.76],[78.79,19.78],[78.7,19.77],[78.7,19.79],[78.61,19.82],[78.51,19.82],[78.51,19.8],[78.49,19.79],[78.48,19.82],[78.43,19.81],[78.4,19.83],[78.38,19.85],[78.38,19.88],[78.33,19.88],[78.32,19.89],[78.33,19.92],[78.31,19.92],[78.29,19.84],[78.34,19.84],[78.33,19.81],[78.36,19.81],[78.36,19.75],[78.34,19.74],[78.34,19.71],[78.32,19.71],[78.31,19.69],[78.27,19.69],[78.26,19.67],[78.29,19.65],[78.3,19.62],[78.3,19.56],[78.27,19.55],[78.3,19.52],[78.31,19.46],[78.3,19.45],[78.27,19.46],[78.25,19.43],[78.21,19.43],[78.2,19.41],[78.18,19.41],[78.19,19.39],[78.17,19.34],[78.19,19.33],[78.19,19.29],[78.18,19.24],[78.16,19.23],[78.12,19.25],[78.04,19.24],[78.04,19.27],[78.01,19.28],[78.01,19.3],[77.98,19.31],[77.96,19.34],[77.87,19.31],[77.87,19.28],[77.9,19.28],[77.91,19.26],[77.87,19.26],[77.85,19.2],[77.86,19.17],[77.85,19.14],[77.83,19.14],[77.85,19.12],[77.85,19.09],[77.83,19.09],[77.82,19.11],[77.8,19.1],[77.8,19.05],[77.77,19.06],[77.76,19.03],[77.77,18.98],[77.79,18.97],[77.82,18.98],[77.82,18.94],[77.86,18.95],[77.84,18.91],[77.85,18.9],[77.88,18.91],[77.89,18.88],[77.93,18.86],[77.95,18.83],[77.84,18.81],[77.79,18.68],[77.77,18.69],[77.77,18.71],[77.75,18.7],[77.75,18.68],[77.73,18.67],[77.73,18.64],[77.75,18.62],[77.75,18.58],[77.73,18.55],[77.7,18.56],[77.66,18.53],[77.64,18.56],[77.63,18.54],[77.6,18.55],[77.6,18.48],[77.58,18.49],[77.57,18.47],[77.55,18.47],[77.58,18.46],[77.58,18.44],[77.53,18.44],[77.56,18.41],[77.52,18.37],[77.52,18.34],[77.56,18.33],[77.57,18.31],[77.55,18.29],[77.51,18.31],[77.51,18.28],[77.48,18.26],[77.44,18.28],[77.44,18.31],[77.36,18.31],[77.4,18.35],[77.41,18.4],[77.37,18.4],[77.36,18.43],[77.37,18.45],[77.35,18.45],[77.34,18.43],[77.34,18.45],[77.32,18.46],[77.32,18.44],[77.27,18.43],[77.26,18.41],[77.23,18.4],[77.25,18.37],[77.22,18.36],[77.23,18.34],[77.22,18.32],[77.2,18.32],[77.21,18.28],[77.18,18.29],[77.15,18.22],[77.1,18.2],[77.12,18.16],[77.06,18.15],[77.05,18.18],[77.02,18.18],[77.03,18.16],[77.0,18.16],[76.99,18.19],[76.95,18.19],[76.95,18.16],[76.92,18.15],[76.93,18.14],[76.92,18.12],[76.96,18.11],[76.97,18.09],[76.95,18.09],[76.95,18.04],[76.91,18.04],[76.92,17.91],[76.9,17.92],[76.89,17.9],[76.83,17.9],[76.81,17.89],[76.81,17.87],[76.77,17.88],[76.77,17.9],[76.74,17.9],[76.74,17.86],[76.76,17.86],[76.79,17.82],[76.75,17.78],[76.71,17.78],[76.73,17.74],[76.7,17.73],[76.69,17.68],[76.66,17.69],[76.66,17.72],[76.63,17.73],[76.62,17.77],[76.59,17.71],[76.57,17.71],[76.57,17.76],[76.52,17.76],[76.53,17.72],[76.49,17.72],[76.49,17.66],[76.43,17.65],[76.42,17.6],[76.33,17.6],[76.34,17.54],[76.37,17.53],[76.34,17.5],[76.38,17.49],[76.33,17.47],[76.33,17.43],[76.37,17.44],[76.36,17.38],[76.41,17.37],[76.38,17.31],[76.35,17.31],[76.35,17.35],[76.31,17.35],[76.32,17.33],[76.28,17.33],[76.27,17.36],[76.25,17.36],[76.24,17.38],[76.23,17.36],[76.17,17.35],[76.18,17.3],[76.16,17.31],[76.16,17.35],[76.12,17.37],[76.1,17.37],[76.08,17.33],[76.05,17.36],[75.93,17.32],[75.91,17.35],[75.89,17.35],[75.9,17.38],[75.89,17.42],[75.87,17.39],[75.84,17.42],[75.82,17.42],[75.81,17.37],[75.78,17.37],[75.77,17.41],[75.74,17.42],[75.69,17.41],[75.68,17.46],[75.65,17.46],[75.63,17.48],[75.61,17.44],[75.61,17.39],[75.58,17.39],[75.58,17.35],[75.61,17.35],[75.6,17.3],[75.62,17.3],[75.63,17.27],[75.66,17.27],[75.66,17.21],[75.63,17.19],[75.63,17.16],[75.65,17.12],[75.67,17.12],[75.68,17.1],[75.68,17.07],[75.64,17.05],[75.65,17.03],[75.67,17.04],[75.67,16.96],[75.64,16.95],[75.64,16.97],[75.61,16.97],[75.6,17.01],[75.57,17.01],[75.57,16.97],[75.53,16.97],[75.51,16.95],[75.49,16.95],[75.47,16.99],[75.45,16.99],[75.44,16.97],[75.38,16.98],[75.36,16.96],[75.28,16.96],[75.29,16.89],[75.27,16.86],[75.24,16.87],[75.23,16.84],[75.18,16.84],[75.19,16.87],[75.14,16.87],[75.12,16.91],[75.09,16.92],[75.09,16.95],[75.04,16.93],[75.02,16.93],[75.02,16.95],[74.97,16.95],[74.96,16.93],[74.92,16.94],[74.94,16.91],[74.96,16.91],[74.96,16.88],[74.91,16.86],[74.92,16.77],[74.85,16.77],[74.77,16.75],[74.71,16.71],[74.69,16.72],[74.69,16.68],[74.66,16.66],[74.66,16.63],[74.69,16.61],[74.63,16.61],[74.64,16.58],[74.6,16.56],[74.59,16.57],[74.55,16.56],[74.57,16.59],[74.56,16.6],[74.54,16.59],[74.54,16.63],[74.49,16.63],[74.46,16.66],[74.45,16.65],[74.47,16.6],[74.43,16.6],[74.42,16.58],[74.42,16.59],[74.4,16.58],[74.38,16.53],[74.36,16.54],[74.36,16.56],[74.32,16.56],[74.32,16.5],[74.3,16.51],[74.3,16.53],[74.28,16.52],[74.29,16.46],[74.34,16.45],[74.33,16.4],[74.36,16.41],[74.36,16.38],[74.34,16.39],[74.32,16.38],[74.33,16.34],[74.32,16.32],[74.34,16.31],[74.34,16.29],[74.37,16.28],[74.37,16.26],[74.38,16.28],[74.42,16.28],[74.42,16.26],[74.46,16.24],[74.48,16.25],[74.5,16.23],[74.51,16.19],[74.49,16.19],[74.48,16.15],[74.49,16.1],[74.47,16.09],[74.45,16.11],[74.42,16.11],[74.41,16.09],[74.37,16.08],[74.36,16.05],[74.37,16.04],[74.4,16.04],[74.42,16.06],[74.46,16.05],[74.43,15.95],[74.39,15.91],[74.4,15.85],[74.38,15.86],[74.38,15.88],[74.34,15.86],[74.38,15.85],[74.38,15.83],[74.36,15.82],[74.37,15.78],[74.35,15.76],[74.32,15.77],[74.3,15.74],[74.24,15.74],[74.22,15.79],[74.19,15.75],[74.13,15.73],[74.13,15.68],[74.09,15.67],[74.12,15.65],[74.08,15.63],[73.99,15.61],[73.96,15.64],[73.97,15.67],[73.94,15.74],[73.87,15.75],[73.87,15.8],[73.85,15.8],[73.83,15.74],[73.8,15.73],[73.74,15.74],[73.73,15.72],[73.69,15.72],[73.65,15.74],[73.67,15.76],[73.63,15.85],[73.61,15.85],[73.6,15.9],[73.5,15.95],[73.49,16.03],[73.46,16.05],[73.47,16.08],[73.45,16.17],[73.41,16.29],[73.39,16.31],[73.39,16.36],[73.37,16.36],[73.37,16.38],[73.4,16.39],[73.41,16.41],[73.4,16.4],[73.36,16.41],[73.36,16.45],[73.34,16.46],[73.33,16.51],[73.31,16.53],[73.31,16.55],[73.33,16.56],[73.32,16.61],[73.35,16.62],[73.33,16.62],[73.34,16.64],[73.32,16.64],[73.33,16.65],[73.33,16.69],[73.31,16.71],[73.32,16.81],[73.3,16.81],[73.3,16.87],[73.28,16.89],[73.29,16.91],[73.28,16.95],[73.3,16.98],[73.27,16.99],[73.28,17.02],[73.26,17.02],[73.26,17.05],[73.27,17.04],[73.29,17.05],[73.29,17.1],[73.27,17.11],[73.26,17.18],[73.23,17.19],[73.25,17.2],[73.23,17.26],[73.2,17.27],[73.2,17.3],[73.24,17.29],[73.24,17.32],[73.22,17.32],[73.23,17.34],[73.21,17.39],[73.2,17.38],[73.17,17.39],[73.17,17.41],[73.19,17.41],[73.19,17.49],[73.18,17.52],[73.14,17.54],[73.14,17.57],[73.17,17.58],[73.14,17.6],[73.13,17.62],[73.14,17.65],[73.11,17.68],[73.11,17.7],[73.13,17.7],[73.14,17.72],[73.11,17.77],[73.11,17.8],[73.09,17.81],[73.09,17.85],[73.05,17.9],[73.06,17.92],[73.03,17.95]],[[73.05,18.29],[73.05,18.3],[73.08,18.29],[73.09,18.3],[73.04,18.31],[73.04,18.28],[73.05,18.29]],[[73.09,18.32],[73.08,18.33],[73.08,18.31],[73.09,18.32]],[[73.1,18.33],[73.1,18.34],[73.09,18.34],[73.09,18.33],[73.1,18.33]],[[73.74,21.1],[73.74,21.11],[73.73,21.11],[73.73,21.1],[73.74,21.1]],[[73.96,21.54],[73.95,21.53],[73.96,21.53],[73.96,21.54]],[[80.46,19.82],[80.45,19.81],[80.4,19.82],[80.4,19.81],[80.44,19.79],[80.47,19.8],[80.49,19.77],[80.49,19.8],[80.46,19.82]],[[80.4,19.8],[80.4,19.79],[80.41,19.79],[80.41,19.8],[80.4,19.8]],[[74.28,16.53],[74.28,16.55],[74.27,16.55],[74.27,16.52],[74.28,16.53]],[[73.3,16.89],[73.3,16.9],[73.29,16.9],[73.29,16.89],[73.3,16.89]],[[73.22,17.28],[73.23,17.28],[73.23,17.29],[73.22,17.28]],[[73.17,17.57],[73.18,17.57],[73.18,17.58],[73.17,17.58],[73.17,17.57]],[[72.77,19.63],[72.77,19.62],[72.78,19.62],[72.78,19.63],[72.77,19.63]],[[72.76,19.62],[72.74,19.61],[72.74,19.59],[72.75,19.6],[72.79,19.59],[72.79,19.61],[72.76,19.62]],[[74.26,16.5],[74.25,16.5],[74.27,16.48],[74.28,16.5],[74.26,16.5]],[[72.69,19.86],[72.7,19.86],[72.7,19.87],[72.69,19.87],[72.69,19.86]],[[73.09,18.27],[73.1,18.27],[73.09,18.28],[73.09,18.27]],[[73.37,16.45],[73.37,16.44],[73.38,16.45],[73.37,16.45]],[[73.47,16.41],[73.47,16.42],[73.46,16.42],[73.46,16.41],[73.47,16.41]],[[73.41,16.37],[73.41,16.36],[73.42,16.37],[73.41,16.37]],[[73.43,16.28],[73.44,16.29],[73.43,16.29],[73.43,16.28]],[[74.34,16.27],[74.33,16.28],[74.33,16.27],[74.34,16.27]],[[72.76,19.91],[72.75,19.91],[72.75,19.9],[72.76,19.9],[72.76,19.91]],[[72.74,19.98],[72.74,19.99],[72.73,19.97],[72.74,19.97],[72.74,19.98]]],[[[72.8,18.94],[72.79,18.94],[72.79,18.95],[72.8,18.95],[72.8,18.94]]],[[[73.15,20.08],[73.16,20.08],[73.15,20.07],[73.15,20.08]]],[[[72.99,20.21],[72.97,20.23],[73.0,20.24],[73.01,20.22],[72.99,20.21]]]]}},{"type":"Feature","properties":{"k":"DELHI","n":"DELHI","c":"07"},"geometry":{"type":"Polygon","coordinates":[[[77.33,28.69],[77.32,28.63],[77.34,28.63],[77.34,28.6],[77.3,28.59],[77.3,28.55],[77.35,28.51],[77.32,28.48],[77.3,28.5],[77.24,28.48],[77.23,28.45],[77.24,28.46],[77.25,28.45],[77.25,28.42],[77.23,28.41],[77.17,28.4],[77.16,28.42],[77.17,28.43],[77.12,28.45],[77.11,28.47],[77.12,28.5],[77.1,28.5],[77.09,28.52],[77.05,28.51],[77.04,28.53],[77.0,28.54],[77.01,28.52],[76.97,28.52],[76.95,28.5],[76.94,28.51],[76.88,28.5],[76.88,28.53],[76.84,28.55],[76.84,28.58],[76.87,28.59],[76.88,28.63],[76.94,28.62],[76.93,28.67],[76.96,28.67],[76.96,28.75],[76.94,28.75],[76.95,28.82],[76.98,28.82],[76.99,28.84],[77.04,28.83],[77.05,28.86],[77.08,28.88],[77.14,28.86],[77.14,28.84],[77.16,28.84],[77.17,28.86],[77.21,28.86],[77.22,28.81],[77.2,28.81],[77.2,28.79],[77.23,28.79],[77.24,28.76],[77.26,28.76],[77.26,28.73],[77.28,28.74],[77.29,28.71],[77.33,28.71],[77.33,28.69]]]}},{"type":"Feature","properties":{"k":"CHHATTISGARH","n":"CHHATTISGARH","c":"22"},"geometry":{"type":"MultiPolygon","coordinates":[[[[80.4,19.79],[80.4,19.8],[80.41,19.8],[80.41,19.79],[80.4,19.79]]],[[[80.43,19.81],[80.47,19.82],[80.49,19.8],[80.49,19.77],[80.47,19.8],[80.44,19.79],[80.41,19.8],[80.4,19.82],[80.43,19.81]]],[[[82.17,20.01],[82.11,20.02],[82.08,20.06],[82.04,20.02],[82.02,20.02],[82.02,20.05],[81.99,20.05],[81.99,20.07],[81.95,20.11],[81.89,20.04],[81.87,20.05],[81.86,19.97],[81.84,19.95],[81.86,19.95],[81.85,19.92],[81.87,19.9],[81.97,19.86],[81.97,19.82],[81.99,19.8],[82.07,19.79],[82.04,19.71],[82.06,19.62],[82.04,19.61],[82.05,19.53],[82.03,19.51],[82.1,19.52],[82.11,19.5],[82.1,19.47],[82.12,19.43],[82.15,19.44],[82.19,19.43],[82.18,19.38],[82.15,19.38],[82.15,19.35],[82.19,19.34],[82.18,19.3],[82.16,19.29],[82.17,19.22],[82.16,19.2],[82.19,19.17],[82.17,19.15],[82.17,19.12],[82.19,19.13],[82.22,19.1],[82.2,19.06],[82.23,19.03],[82.25,18.92],[82.18,18.91],[82.18,18.89],[82.16,18.88],[82.17,18.81],[82.15,18.78],[82.1,18.76],[82.09,18.77],[82.09,18.72],[82.01,18.72],[81.97,18.7],[81.95,18.64],[81.89,18.66],[81.9,18.63],[81.96,18.6],[81.96,18.58],[81.91,18.57],[81.91,18.54],[81.86,18.52],[81.86,18.49],[81.77,18.42],[81.75,18.35],[81.66,18.35],[81.66,18.32],[81.6,18.31],[81.56,18.27],[81.53,18.27],[81.53,18.23],[81.51,18.21],[81.53,18.15],[81.51,18.14],[81.51,18.09],[81.48,18.06],[81.48,17.97],[81.45,17.94],[81.44,17.88],[81.4,17.9],[81.39,17.8],[81.33,17.82],[81.26,17.81],[81.16,17.86],[81.07,17.78],[81.01,17.79],[80.98,18.02],[80.95,18.08],[80.95,18.13],[80.98,18.15],[80.98,18.18],[80.91,18.14],[80.87,18.14],[80.85,18.2],[80.87,18.21],[80.87,18.23],[80.82,18.24],[80.82,18.19],[80.8,18.17],[80.74,18.17],[80.74,18.23],[80.79,18.26],[80.75,18.3],[80.75,18.33],[80.72,18.38],[80.73,18.41],[80.72,18.42],[80.71,18.41],[80.69,18.46],[80.64,18.49],[80.64,18.52],[80.61,18.53],[80.6,18.56],[80.57,18.56],[80.56,18.58],[80.53,18.59],[80.5,18.63],[80.44,18.63],[80.43,18.61],[80.34,18.6],[80.3,18.7],[80.24,18.76],[80.29,18.77],[80.3,18.8],[80.35,18.81],[80.34,18.87],[80.27,18.93],[80.27,18.99],[80.3,19.01],[80.3,19.05],[80.33,19.07],[80.34,19.1],[80.33,19.15],[80.39,19.18],[80.38,19.21],[80.39,19.25],[80.45,19.26],[80.48,19.34],[80.51,19.34],[80.56,19.4],[80.59,19.39],[80.61,19.31],[80.69,19.33],[80.69,19.28],[80.76,19.29],[80.78,19.32],[80.85,19.35],[80.81,19.43],[80.84,19.45],[80.87,19.44],[80.9,19.47],[80.89,19.5],[80.9,19.52],[80.88,19.53],[80.86,19.52],[80.84,19.54],[80.84,19.57],[80.77,19.56],[80.76,19.6],[80.72,19.62],[80.67,19.61],[80.66,19.63],[80.68,19.65],[80.68,19.7],[80.64,19.73],[80.55,19.76],[80.55,19.82],[80.47,19.82],[80.48,19.86],[80.5,19.87],[80.49,19.9],[80.41,19.91],[80.41,19.94],[80.44,19.94],[80.45,19.96],[80.48,19.95],[80.48,19.93],[80.52,19.93],[80.54,19.95],[80.54,20.02],[80.56,20.08],[80.54,20.09],[80.55,20.12],[80.5,20.15],[80.41,20.14],[80.39,20.16],[80.4,20.19],[80.42,20.19],[80.4,20.25],[80.44,20.25],[80.48,20.28],[80.52,20.27],[80.54,20.28],[80.55,20.31],[80.63,20.33],[80.61,20.35],[80.61,20.38],[80.59,20.39],[80.61,20.42],[80.6,20.45],[80.62,20.48],[80.63,20.6],[80.57,20.61],[80.54,20.58],[80.5,20.58],[80.5,20.6],[80.48,20.61],[80.49,20.64],[80.58,20.67],[80.59,20.69],[80.56,20.71],[80.55,20.76],[80.56,20.81],[80.55,20.92],[80.46,20.93],[80.43,21.0],[80.43,21.02],[80.45,21.03],[80.44,21.1],[80.46,21.11],[80.46,21.17],[80.61,21.22],[80.63,21.25],[80.65,21.25],[80.66,21.29],[80.68,21.29],[80.68,21.32],[80.66,21.34],[80.7,21.38],[80.71,21.44],[80.74,21.46],[80.74,21.54],[80.72,21.55],[80.73,21.57],[80.72,21.68],[80.74,21.7],[80.73,21.73],[80.75,21.76],[80.78,21.76],[80.79,21.75],[80.78,21.74],[80.8,21.74],[80.83,21.77],[80.85,21.85],[80.83,21.89],[80.85,21.93],[80.84,21.96],[80.86,21.96],[80.88,22.06],[80.9,22.06],[80.9,22.1],[80.92,22.12],[80.95,22.12],[80.97,22.1],[80.97,22.06],[81.01,22.06],[81.0,22.08],[81.01,22.1],[80.98,22.11],[80.98,22.13],[80.99,22.14],[81.02,22.13],[81.03,22.16],[81.02,22.23],[81.09,22.25],[81.1,22.28],[81.12,22.29],[81.11,22.32],[81.12,22.35],[81.1,22.38],[81.11,22.44],[81.16,22.45],[81.17,22.49],[81.2,22.49],[81.2,22.46],[81.24,22.45],[81.27,22.5],[81.31,22.48],[81.33,22.53],[81.39,22.5],[81.39,22.44],[81.41,22.44],[81.43,22.45],[81.42,22.48],[81.49,22.49],[81.49,22.51],[81.52,22.52],[81.52,22.54],[81.56,22.53],[81.56,22.55],[81.6,22.53],[81.63,22.54],[81.62,22.56],[81.66,22.57],[81.64,22.59],[81.68,22.65],[81.72,22.65],[81.73,22.68],[81.75,22.67],[81.75,22.65],[81.77,22.66],[81.75,22.73],[81.79,22.76],[81.77,22.82],[81.78,22.88],[81.87,22.89],[81.88,22.92],[81.95,22.96],[81.95,23.0],[81.92,23.03],[81.92,23.05],[81.95,23.08],[82.04,23.08],[82.05,23.11],[82.07,23.12],[82.13,23.1],[82.16,23.14],[82.16,23.16],[82.14,23.16],[82.15,23.17],[82.14,23.19],[82.17,23.27],[82.19,23.27],[82.2,23.32],[82.16,23.33],[82.15,23.36],[82.12,23.35],[82.11,23.39],[82.1,23.39],[82.09,23.39],[82.09,23.4],[82.06,23.38],[82.02,23.39],[82.03,23.4],[82.02,23.43],[82.01,23.41],[82.0,23.42],[81.98,23.41],[81.98,23.45],[81.97,23.47],[81.95,23.47],[81.96,23.5],[81.94,23.5],[81.92,23.54],[81.88,23.51],[81.82,23.51],[81.81,23.55],[81.76,23.55],[81.74,23.57],[81.7,23.52],[81.66,23.53],[81.65,23.49],[81.62,23.49],[81.61,23.55],[81.58,23.55],[81.58,23.59],[81.61,23.59],[81.62,23.66],[81.66,23.66],[81.66,23.69],[81.67,23.68],[81.69,23.7],[81.69,23.75],[81.64,23.77],[81.65,23.78],[81.64,23.84],[81.61,23.83],[81.6,23.85],[81.62,23.86],[81.6,23.88],[81.61,23.91],[81.65,23.91],[81.67,23.93],[81.67,23.91],[81.69,23.91],[81.69,23.88],[81.78,23.81],[81.86,23.82],[81.9,23.84],[81.92,23.87],[81.94,23.87],[81.95,23.85],[82.04,23.85],[82.05,23.82],[82.18,23.82],[82.18,23.84],[82.21,23.85],[82.21,23.82],[82.23,23.81],[82.25,23.82],[82.33,23.8],[82.48,23.81],[82.49,23.79],[82.53,23.78],[82.55,23.79],[82.55,23.83],[82.6,23.82],[82.66,23.85],[82.67,23.87],[82.65,23.88],[82.66,23.91],[82.76,23.92],[82.8,23.96],[82.84,23.96],[82.88,23.91],[82.92,23.9],[82.94,23.87],[83.14,23.88],[83.16,23.91],[83.21,23.92],[83.22,23.99],[83.28,24.02],[83.28,24.05],[83.32,24.1],[83.39,24.1],[83.4,24.08],[83.43,24.09],[83.45,24.04],[83.52,24.03],[83.51,23.99],[83.52,23.96],[83.55,23.94],[83.55,23.9],[83.59,23.89],[83.57,23.86],[83.66,23.85],[83.68,23.82],[83.71,23.82],[83.7,23.8],[83.72,23.8],[83.72,23.77],[83.74,23.76],[83.75,23.72],[83.72,23.68],[83.76,23.66],[83.75,23.64],[83.76,23.62],[83.78,23.62],[83.77,23.61],[83.79,23.61],[83.8,23.59],[83.82,23.6],[83.92,23.57],[83.94,23.57],[83.94,23.63],[84.01,23.63],[84.01,23.61],[84.03,23.6],[84.02,23.56],[84.03,23.54],[84.0,23.48],[83.97,23.47],[83.98,23.4],[83.96,23.38],[84.0,23.35],[84.02,23.38],[84.05,23.38],[84.05,23.35],[84.07,23.34],[84.07,23.29],[84.05,23.25],[84.06,23.19],[84.03,23.15],[84.04,23.13],[84.06,23.13],[84.06,23.11],[84.11,23.11],[84.11,23.09],[84.13,23.09],[84.13,23.02],[84.15,22.97],[84.18,22.98],[84.19,23.03],[84.22,22.98],[84.25,22.97],[84.28,22.98],[84.28,22.96],[84.32,22.98],[84.36,22.97],[84.38,22.98],[84.4,22.92],[84.38,22.91],[84.37,22.86],[84.35,22.87],[84.32,22.85],[84.33,22.84],[84.32,22.81],[84.29,22.79],[84.29,22.76],[84.26,22.77],[84.23,22.74],[84.23,22.67],[84.2,22.67],[84.19,22.65],[84.16,22.64],[84.08,22.64],[84.05,22.59],[84.01,22.58],[84.0,22.55],[84.01,22.53],[83.99,22.53],[83.98,22.5],[84.05,22.47],[84.05,22.44],[84.02,22.42],[84.01,22.37],[83.85,22.34],[83.85,22.32],[83.82,22.32],[83.83,22.29],[83.79,22.29],[83.79,22.27],[83.76,22.24],[83.7,22.25],[83.62,22.2],[83.61,22.15],[83.56,22.11],[83.6,22.06],[83.54,22.06],[83.54,21.96],[83.56,21.95],[83.56,21.93],[83.61,21.92],[83.57,21.88],[83.59,21.84],[83.58,21.83],[83.54,21.84],[83.53,21.83],[83.54,21.8],[83.51,21.8],[83.49,21.82],[83.49,21.79],[83.47,21.79],[83.49,21.74],[83.45,21.69],[83.42,21.69],[83.44,21.65],[83.38,21.62],[83.37,21.55],[83.34,21.51],[83.35,21.45],[83.37,21.45],[83.37,21.43],[83.4,21.41],[83.41,21.35],[83.39,21.34],[83.27,21.38],[83.26,21.31],[83.28,21.29],[83.22,21.27],[83.2,21.14],[83.16,21.14],[83.14,21.11],[83.07,21.11],[83.02,21.15],[82.99,21.14],[83.0,21.17],[82.98,21.17],[82.99,21.18],[82.97,21.19],[82.95,21.19],[82.95,21.16],[82.9,21.17],[82.89,21.15],[82.85,21.17],[82.8,21.15],[82.77,21.15],[82.76,21.17],[82.75,21.16],[82.69,21.17],[82.66,21.15],[82.64,21.16],[82.65,21.1],[82.61,21.08],[82.61,21.06],[82.63,21.05],[82.62,21.02],[82.59,21.0],[82.56,20.94],[82.49,20.91],[82.49,20.86],[82.47,20.85],[82.47,20.83],[82.42,20.83],[82.41,20.87],[82.36,20.87],[82.35,20.89],[82.34,20.76],[82.35,20.69],[82.37,20.68],[82.38,20.63],[82.34,20.6],[82.35,20.57],[82.33,20.56],[82.35,20.55],[82.35,20.53],[82.39,20.52],[82.4,20.46],[82.43,20.47],[82.44,20.44],[82.4,20.35],[82.4,20.33],[82.42,20.33],[82.44,20.3],[82.41,20.27],[82.42,20.19],[82.41,20.17],[82.39,20.17],[82.4,20.05],[82.48,20.04],[82.49,20.02],[82.53,20.01],[82.55,20.02],[82.58,20.01],[82.59,19.99],[82.71,20.0],[82.72,19.99],[82.71,19.83],[82.65,19.83],[82.63,19.79],[82.58,19.78],[82.58,19.84],[82.6,19.85],[82.6,19.87],[82.56,19.87],[82.54,19.89],[82.52,19.88],[82.49,19.91],[82.47,19.9],[82.42,19.91],[82.38,19.88],[82.38,19.86],[82.33,19.84],[82.27,19.98],[82.25,20.0],[82.21,20.0],[82.18,19.98],[82.17,20.01]],[[82.11,23.4],[82.1,23.4],[82.1,23.39],[82.11,23.4]]],[[[83.48,21.64],[83.49,21.63],[83.47,21.63],[83.47,21.61],[83.44,21.62],[83.45,21.64],[83.44,21.66],[83.48,21.64]]],[[[81.7,23.89],[81.71,23.88],[81.7,23.88],[81.7,23.89]]]]}},{"type":"Feature","properties":{"k":"HIMACHALPRADESH","n":"HIMACHAL PRADESH","c":"02"},"geometry":{"type":"MultiPolygon","coordinates":[[[[77.4,30.41],[77.4,30.42],[77.41,30.42],[77.41,30.41],[77.4,30.41]]],[[[77.8,30.85],[77.8,30.86],[77.81,30.86],[77.81,30.85],[77.8,30.85]]],[[[77.81,30.96],[77.84,30.96],[77.84,30.95],[77.81,30.95],[77.81,30.96]]],[[[76.46,31.28],[76.44,31.28],[76.44,31.29],[76.46,31.29],[76.46,31.28]]],[[[76.35,31.35],[76.35,31.34],[76.34,31.34],[76.34,31.35],[76.35,31.35]]],[[[76.88,30.88],[76.87,30.87],[76.83,30.9],[76.83,30.93],[76.77,30.91],[76.76,30.93],[76.74,30.93],[76.73,30.96],[76.67,30.97],[76.63,31.0],[76.63,31.03],[76.61,31.05],[76.64,31.12],[76.6,31.12],[76.61,31.14],[76.6,31.17],[76.62,31.2],[76.64,31.2],[76.64,31.22],[76.59,31.21],[76.61,31.25],[76.58,31.28],[76.55,31.25],[76.53,31.26],[76.53,31.28],[76.5,31.27],[76.49,31.31],[76.46,31.29],[76.43,31.35],[76.4,31.37],[76.4,31.41],[76.38,31.42],[76.38,31.44],[76.37,31.4],[76.33,31.4],[76.34,31.35],[76.31,31.34],[76.31,31.31],[76.18,31.3],[76.18,31.34],[76.15,31.35],[76.17,31.41],[76.13,31.45],[76.1,31.54],[76.06,31.58],[76.06,31.61],[76.02,31.62],[75.99,31.72],[75.97,31.73],[75.97,31.77],[75.94,31.81],[75.98,31.83],[75.96,31.84],[75.91,31.95],[75.86,31.98],[75.78,32.0],[75.75,32.04],[75.72,32.03],[75.7,32.06],[75.66,32.08],[75.6,32.07],[75.6,32.09],[75.63,32.1],[75.63,32.12],[75.67,32.15],[75.66,32.2],[75.62,32.19],[75.64,32.22],[75.62,32.23],[75.63,32.25],[75.76,32.28],[75.81,32.33],[75.81,32.35],[75.85,32.36],[75.87,32.4],[75.94,32.39],[75.9,32.46],[75.88,32.46],[75.85,32.49],[75.85,32.51],[75.83,32.51],[75.88,32.55],[75.88,32.59],[75.92,32.61],[75.9,32.71],[75.93,32.75],[75.89,32.78],[75.89,32.81],[75.87,32.81],[75.86,32.84],[75.82,32.85],[75.8,32.89],[75.82,32.89],[75.84,32.93],[75.87,32.93],[75.92,32.91],[75.96,32.87],[75.97,32.89],[76.04,32.92],[76.04,32.94],[76.1,32.96],[76.11,33.01],[76.25,33.02],[76.26,33.04],[76.28,33.04],[76.3,33.06],[76.29,33.1],[76.38,33.17],[76.4,33.17],[76.41,33.19],[76.5,33.18],[76.51,33.2],[76.6,33.21],[76.62,33.17],[76.66,33.16],[76.75,33.18],[76.78,33.22],[76.77,33.25],[76.8,33.26],[76.81,33.24],[76.84,33.25],[76.83,33.2],[76.81,33.18],[76.82,33.15],[76.85,33.13],[76.85,33.11],[76.89,33.12],[76.89,33.1],[76.91,33.1],[76.91,33.06],[76.93,33.05],[76.93,33.03],[76.96,33.02],[76.96,33.0],[77.05,33.0],[77.08,32.97],[77.15,32.98],[77.16,32.91],[77.18,32.91],[77.19,32.93],[77.19,32.91],[77.24,32.89],[77.24,32.87],[77.25,32.87],[77.26,32.87],[77.28,32.87],[77.29,32.85],[77.33,32.85],[77.34,32.82],[77.37,32.82],[77.37,32.85],[77.4,32.88],[77.45,32.88],[77.45,32.86],[77.53,32.88],[77.6,32.94],[77.67,32.96],[77.69,32.99],[77.77,32.95],[77.81,32.91],[77.81,32.89],[77.78,32.88],[77.78,32.86],[77.87,32.83],[77.89,32.78],[77.93,32.77],[77.92,32.69],[77.94,32.68],[77.94,32.66],[77.97,32.66],[78.0,32.62],[78.01,32.63],[78.03,32.62],[78.03,32.64],[78.05,32.65],[78.06,32.63],[78.1,32.63],[78.1,32.66],[78.15,32.65],[78.15,32.68],[78.25,32.67],[78.25,32.69],[78.31,32.71],[78.32,32.72],[78.3,32.73],[78.33,32.75],[78.39,32.76],[78.38,32.67],[78.39,32.63],[78.41,32.62],[78.31,32.57],[78.32,32.53],[78.29,32.5],[78.32,32.47],[78.4,32.53],[78.46,32.5],[78.45,32.45],[78.47,32.45],[78.49,32.42],[78.53,32.42],[78.51,32.37],[78.48,32.35],[78.48,32.27],[78.46,32.24],[78.56,32.25],[78.59,32.23],[78.61,32.21],[78.61,32.17],[78.59,32.16],[78.61,32.12],[78.66,32.11],[78.69,32.07],[78.71,32.07],[78.73,32.0],[78.78,32.0],[78.77,31.92],[78.74,31.89],[78.75,31.88],[78.74,31.83],[78.71,31.82],[78.7,31.79],[78.73,31.76],[78.75,31.68],[78.8,31.68],[78.8,31.64],[78.82,31.64],[78.85,31.61],[78.8,31.56],[78.78,31.56],[78.78,31.54],[78.77,31.55],[78.73,31.54],[78.72,31.49],[78.76,31.48],[78.79,31.45],[78.79,31.43],[78.75,31.39],[78.76,31.38],[78.75,31.36],[78.77,31.35],[78.76,31.34],[78.79,31.3],[78.81,31.31],[78.84,31.29],[78.85,31.31],[78.87,31.31],[78.89,31.26],[78.92,31.25],[78.92,31.22],[78.95,31.22],[78.95,31.19],[78.99,31.17],[79.01,31.11],[78.88,31.1],[78.83,31.14],[78.81,31.2],[78.66,31.19],[78.65,31.22],[78.64,31.21],[78.62,31.23],[78.58,31.23],[78.56,31.2],[78.48,31.2],[78.46,31.24],[78.44,31.25],[78.41,31.24],[78.4,31.28],[78.37,31.29],[78.31,31.28],[78.31,31.26],[78.28,31.27],[78.25,31.23],[78.21,31.23],[78.22,31.22],[78.16,31.23],[78.1,31.18],[78.06,31.19],[78.03,31.17],[78.03,31.15],[77.98,31.17],[77.9,31.15],[77.89,31.12],[77.86,31.11],[77.86,31.08],[77.82,31.06],[77.83,31.04],[77.81,31.03],[77.81,31.01],[77.83,31.0],[77.82,30.97],[77.75,30.96],[77.76,30.92],[77.82,30.91],[77.8,30.89],[77.8,30.86],[77.76,30.88],[77.75,30.86],[77.76,30.82],[77.73,30.8],[77.72,30.77],[77.7,30.77],[77.7,30.74],[77.73,30.74],[77.76,30.71],[77.75,30.68],[77.79,30.66],[77.78,30.64],[77.8,30.62],[77.74,30.59],[77.76,30.59],[77.76,30.57],[77.79,30.55],[77.82,30.56],[77.83,30.53],[77.81,30.5],[77.71,30.47],[77.7,30.45],[77.65,30.45],[77.65,30.43],[77.59,30.43],[77.57,30.41],[77.58,30.38],[77.55,30.39],[77.53,30.44],[77.51,30.44],[77.5,30.4],[77.49,30.41],[77.42,30.4],[77.46,30.43],[77.46,30.46],[77.44,30.43],[77.41,30.42],[77.39,30.44],[77.36,30.43],[77.36,30.46],[77.31,30.45],[77.28,30.48],[77.21,30.47],[77.2,30.52],[77.12,30.56],[77.17,30.6],[77.18,30.63],[77.16,30.65],[77.17,30.69],[77.15,30.69],[77.1,30.74],[77.04,30.75],[77.05,30.74],[77.03,30.73],[77.01,30.81],[76.98,30.81],[76.97,30.83],[76.95,30.82],[76.94,30.83],[76.95,30.85],[76.94,30.87],[76.92,30.87],[76.92,30.89],[76.88,30.88]],[[75.98,31.81],[75.99,31.81],[75.99,31.82],[75.98,31.82],[75.98,31.81]],[[77.25,32.86],[77.26,32.86],[77.26,32.87],[77.25,32.86]]],[[[75.9,32.66],[75.9,32.65],[75.89,32.65],[75.89,32.66],[75.9,32.66]]]]}},{"type":"Feature","properties":{"k":"UTTARAKHAND","n":"UTTARAKHAND","c":"05"},"geometry":{"type":"MultiPolygon","coordinates":[[[[78.08,29.63],[78.09,29.63],[78.09,29.62],[78.08,29.62],[78.08,29.63]]],[[[79.42,28.94],[79.38,28.96],[79.38,28.98],[79.29,28.97],[79.21,29.03],[79.16,29.02],[79.17,29.05],[79.14,29.06],[79.15,29.12],[79.1,29.13],[79.09,29.15],[79.05,29.15],[79.04,29.17],[79.03,29.17],[79.04,29.14],[79.02,29.16],[79.02,29.13],[79.04,29.13],[79.03,29.11],[78.99,29.14],[78.97,29.14],[78.96,29.12],[78.91,29.12],[78.92,29.13],[78.91,29.18],[78.88,29.2],[78.88,29.23],[78.79,29.24],[78.76,29.29],[78.73,29.3],[78.73,29.32],[78.75,29.32],[78.76,29.34],[78.8,29.33],[78.82,29.37],[78.85,29.34],[78.85,29.36],[78.88,29.36],[78.93,29.43],[78.81,29.47],[78.8,29.46],[78.76,29.5],[78.7,29.5],[78.68,29.53],[78.58,29.58],[78.52,29.65],[78.52,29.72],[78.5,29.74],[78.4,29.76],[78.33,29.8],[78.27,29.74],[78.2,29.74],[78.2,29.69],[78.18,29.7],[78.13,29.65],[78.04,29.62],[78.02,29.58],[77.94,29.59],[77.94,29.61],[77.98,29.61],[77.98,29.65],[77.94,29.69],[77.95,29.71],[77.88,29.7],[77.84,29.67],[77.8,29.68],[77.81,29.69],[77.8,29.71],[77.77,29.71],[77.78,29.78],[77.76,29.8],[77.76,29.83],[77.74,29.83],[77.74,29.85],[77.72,29.86],[77.72,29.89],[77.74,29.9],[77.73,29.94],[77.75,29.94],[77.73,29.96],[77.78,30.02],[77.77,30.06],[77.8,30.09],[77.83,30.09],[77.87,30.12],[77.91,30.2],[77.95,30.24],[77.89,30.27],[77.87,30.26],[77.72,30.33],[77.7,30.37],[77.66,30.4],[77.57,30.41],[77.59,30.43],[77.65,30.43],[77.65,30.45],[77.67,30.44],[77.7,30.45],[77.71,30.47],[77.81,30.5],[77.83,30.53],[77.82,30.56],[77.79,30.55],[77.76,30.57],[77.76,30.59],[77.74,30.59],[77.8,30.62],[77.78,30.64],[77.79,30.66],[77.75,30.68],[77.76,30.71],[77.73,30.74],[77.7,30.74],[77.7,30.77],[77.72,30.77],[77.73,30.8],[77.76,30.82],[77.75,30.84],[77.76,30.88],[77.8,30.86],[77.8,30.89],[77.82,30.91],[77.76,30.92],[77.75,30.96],[77.82,30.97],[77.83,30.99],[77.81,31.01],[77.81,31.03],[77.83,31.03],[77.82,31.06],[77.86,31.08],[77.86,31.11],[77.89,31.12],[77.9,31.15],[77.94,31.15],[77.95,31.17],[78.03,31.15],[78.03,31.17],[78.06,31.19],[78.1,31.18],[78.16,31.23],[78.22,31.22],[78.21,31.23],[78.25,31.23],[78.28,31.27],[78.31,31.26],[78.31,31.28],[78.37,31.29],[78.4,31.28],[78.41,31.24],[78.43,31.25],[78.46,31.24],[78.48,31.2],[78.56,31.2],[78.58,31.23],[78.62,31.23],[78.64,31.21],[78.65,31.22],[78.66,31.19],[78.81,31.2],[78.83,31.14],[78.88,31.1],[79.01,31.11],[78.99,31.17],[78.95,31.19],[78.95,31.22],[78.92,31.22],[78.92,31.25],[78.89,31.26],[78.88,31.29],[78.92,31.31],[78.94,31.36],[78.99,31.36],[78.99,31.34],[79.01,31.34],[79.01,31.42],[79.05,31.42],[79.07,31.45],[79.1,31.45],[79.14,31.43],[79.15,31.4],[79.17,31.4],[79.18,31.35],[79.23,31.34],[79.22,31.3],[79.25,31.29],[79.23,31.25],[79.28,31.24],[79.3,31.22],[79.31,31.14],[79.37,31.11],[79.38,31.12],[79.41,31.11],[79.43,31.02],[79.51,31.03],[79.52,30.99],[79.55,30.99],[79.55,30.96],[79.6,30.94],[79.66,30.96],[79.66,30.98],[79.69,30.97],[79.74,30.98],[79.75,31.01],[79.81,30.97],[79.86,30.98],[79.88,30.97],[79.89,30.92],[79.91,30.92],[79.93,30.88],[79.96,30.89],[80.01,30.87],[80.03,30.84],[80.06,30.84],[80.08,30.8],[80.11,30.78],[80.18,30.81],[80.21,30.75],[80.24,30.76],[80.25,30.72],[80.23,30.71],[80.23,30.69],[80.2,30.69],[80.19,30.67],[80.2,30.65],[80.22,30.65],[80.21,30.58],[80.24,30.58],[80.25,30.56],[80.31,30.57],[80.34,30.52],[80.36,30.53],[80.42,30.52],[80.46,30.49],[80.5,30.49],[80.51,30.47],[80.53,30.47],[80.53,30.45],[80.61,30.47],[80.67,30.44],[80.69,30.41],[80.7,30.42],[80.73,30.41],[80.8,30.34],[80.8,30.32],[80.83,30.31],[80.86,30.32],[80.87,30.3],[80.91,30.3],[80.93,30.26],[81.0,30.27],[81.01,30.25],[81.03,30.25],[81.04,30.2],[81.01,30.19],[80.92,30.18],[80.92,30.22],[80.9,30.22],[80.86,30.17],[80.88,30.13],[80.84,30.12],[80.85,30.1],[80.81,30.1],[80.79,30.06],[80.76,30.05],[80.76,30.02],[80.74,30.0],[80.65,29.95],[80.6,29.96],[80.57,29.92],[80.56,29.86],[80.52,29.82],[80.5,29.82],[80.5,29.8],[80.42,29.8],[80.4,29.76],[80.37,29.75],[80.39,29.66],[80.41,29.66],[80.42,29.64],[80.41,29.59],[80.38,29.56],[80.34,29.55],[80.36,29.53],[80.35,29.51],[80.31,29.5],[80.31,29.48],[80.29,29.48],[80.3,29.45],[80.28,29.46],[80.24,29.45],[80.25,29.44],[80.24,29.41],[80.27,29.4],[80.28,29.34],[80.32,29.32],[80.29,29.24],[80.3,29.2],[80.25,29.22],[80.24,29.2],[80.26,29.19],[80.27,29.14],[80.24,29.12],[80.18,29.14],[80.14,29.1],[80.13,29.0],[80.12,28.98],[80.1,28.99],[80.06,28.92],[80.07,28.8],[80.03,28.75],[79.95,28.72],[79.93,28.77],[79.87,28.8],[79.92,28.8],[79.91,28.82],[79.89,28.82],[79.89,28.84],[79.85,28.83],[79.85,28.8],[79.81,28.8],[79.81,28.82],[79.83,28.81],[79.83,28.85],[79.85,28.86],[79.82,28.89],[79.8,28.89],[79.79,28.87],[79.72,28.86],[79.71,28.84],[79.67,28.87],[79.57,28.85],[79.58,28.89],[79.56,28.9],[79.55,28.88],[79.54,28.89],[79.54,28.87],[79.43,28.86],[79.42,28.94]],[[78.79,29.32],[78.79,29.31],[78.8,29.31],[78.8,29.33],[78.79,29.32]],[[78.94,29.43],[78.94,29.44],[78.93,29.44],[78.93,29.43],[78.94,29.43]],[[77.8,30.85],[77.81,30.85],[77.81,30.86],[77.8,30.86],[77.8,30.85]],[[77.81,30.95],[77.84,30.95],[77.84,30.96],[77.81,30.96],[77.81,30.95]],[[79.93,28.78],[79.94,28.79],[79.92,28.79],[79.92,28.78],[79.93,28.78]]]]}},{"type":"Feature","properties":{"k":"JHARKHAND","n":"JHARKHAND","c":"20"},"geometry":{"type":"MultiPolygon","coordinates":[[[[84.99,22.1],[85.0,22.11],[85.02,22.11],[85.0,22.08],[84.98,22.09],[84.99,22.1]]],[[[85.37,22.12],[85.36,22.12],[85.36,22.13],[85.37,22.13],[85.37,22.12]]],[[[85.56,22.09],[85.43,22.16],[85.37,22.16],[85.36,22.13],[85.32,22.13],[85.27,22.08],[85.25,22.02],[85.23,22.01],[85.22,22.05],[85.18,22.07],[85.16,22.06],[85.16,22.08],[85.12,22.07],[85.1,22.11],[85.06,22.12],[85.02,22.11],[85.03,22.17],[85.05,22.18],[85.08,22.25],[85.07,22.28],[85.09,22.28],[85.1,22.3],[85.12,22.29],[85.11,22.31],[85.12,22.32],[85.09,22.31],[85.08,22.35],[85.09,22.4],[85.06,22.44],[85.08,22.48],[85.03,22.48],[84.98,22.45],[84.95,22.46],[84.91,22.42],[84.89,22.42],[84.88,22.45],[84.84,22.43],[84.82,22.43],[84.82,22.45],[84.76,22.45],[84.75,22.42],[84.53,22.43],[84.47,22.41],[84.48,22.4],[84.47,22.38],[84.43,22.38],[84.43,22.35],[84.29,22.34],[84.25,22.38],[84.19,22.38],[84.16,22.4],[84.14,22.42],[84.14,22.48],[84.1,22.48],[84.08,22.49],[84.08,22.51],[84.05,22.51],[84.03,22.53],[84.01,22.52],[84.0,22.54],[84.01,22.58],[84.05,22.59],[84.08,22.64],[84.16,22.64],[84.19,22.65],[84.2,22.67],[84.23,22.67],[84.23,22.74],[84.26,22.77],[84.29,22.76],[84.29,22.79],[84.32,22.81],[84.33,22.84],[84.32,22.85],[84.38,22.87],[84.38,22.91],[84.4,22.92],[84.4,22.94],[84.38,22.95],[84.38,22.98],[84.37,22.97],[84.32,22.98],[84.29,22.96],[84.28,22.98],[84.26,22.97],[84.22,22.98],[84.19,23.03],[84.18,22.98],[84.15,22.97],[84.13,23.02],[84.13,23.09],[84.11,23.09],[84.11,23.11],[84.06,23.11],[84.06,23.13],[84.04,23.13],[84.03,23.16],[84.06,23.19],[84.05,23.25],[84.07,23.29],[84.07,23.34],[84.05,23.35],[84.05,23.38],[84.02,23.38],[84.01,23.35],[83.97,23.36],[83.96,23.38],[83.98,23.4],[83.97,23.47],[84.0,23.48],[84.03,23.54],[84.02,23.56],[84.03,23.6],[84.01,23.61],[84.01,23.63],[83.94,23.63],[83.94,23.57],[83.82,23.6],[83.8,23.59],[83.79,23.61],[83.77,23.61],[83.78,23.62],[83.76,23.62],[83.75,23.64],[83.76,23.66],[83.72,23.68],[83.75,23.72],[83.74,23.76],[83.72,23.77],[83.72,23.8],[83.7,23.8],[83.71,23.82],[83.68,23.82],[83.66,23.85],[83.57,23.86],[83.59,23.89],[83.55,23.9],[83.55,23.94],[83.52,23.96],[83.51,23.99],[83.52,24.03],[83.45,24.04],[83.43,24.09],[83.4,24.08],[83.39,24.1],[83.33,24.1],[83.35,24.11],[83.35,24.14],[83.37,24.16],[83.38,24.24],[83.4,24.24],[83.41,24.26],[83.41,24.29],[83.38,24.32],[83.46,24.36],[83.42,24.41],[83.4,24.41],[83.4,24.44],[83.39,24.43],[83.4,24.5],[83.5,24.53],[83.71,24.5],[83.77,24.51],[83.79,24.53],[83.88,24.53],[83.94,24.55],[83.98,24.59],[83.99,24.63],[84.02,24.64],[84.05,24.61],[84.07,24.55],[84.09,24.54],[84.08,24.51],[84.1,24.48],[84.13,24.48],[84.14,24.54],[84.16,24.53],[84.15,24.51],[84.18,24.51],[84.17,24.55],[84.2,24.55],[84.21,24.53],[84.22,24.55],[84.24,24.55],[84.26,24.53],[84.28,24.54],[84.27,24.56],[84.3,24.56],[84.33,24.49],[84.31,24.49],[84.29,24.46],[84.33,24.44],[84.32,24.43],[84.33,24.4],[84.37,24.38],[84.39,24.39],[84.4,24.36],[84.43,24.36],[84.42,24.33],[84.46,24.34],[84.48,24.31],[84.5,24.33],[84.53,24.33],[84.53,24.38],[84.57,24.38],[84.57,24.41],[84.67,24.39],[84.68,24.45],[84.7,24.47],[84.73,24.47],[84.75,24.5],[84.79,24.5],[84.8,24.53],[84.84,24.52],[84.83,24.5],[84.84,24.45],[84.85,24.47],[84.89,24.46],[84.88,24.42],[84.91,24.39],[84.9,24.37],[84.98,24.37],[84.98,24.39],[85.0,24.39],[85.03,24.42],[85.06,24.41],[85.07,24.43],[85.08,24.43],[85.07,24.38],[85.1,24.37],[85.1,24.39],[85.12,24.39],[85.13,24.41],[85.18,24.42],[85.15,24.46],[85.23,24.46],[85.25,24.49],[85.29,24.49],[85.28,24.52],[85.37,24.53],[85.37,24.52],[85.39,24.54],[85.44,24.53],[85.48,24.55],[85.5,24.55],[85.53,24.52],[85.55,24.54],[85.54,24.56],[85.57,24.56],[85.57,24.6],[85.61,24.58],[85.67,24.58],[85.68,24.62],[85.66,24.64],[85.67,24.66],[85.65,24.67],[85.65,24.69],[85.68,24.69],[85.71,24.72],[85.7,24.77],[85.72,24.78],[85.73,24.82],[85.75,24.82],[85.8,24.79],[85.82,24.81],[85.89,24.8],[85.9,24.76],[85.94,24.73],[85.97,24.73],[85.98,24.75],[86.06,24.78],[86.05,24.75],[86.11,24.74],[86.13,24.7],[86.12,24.61],[86.14,24.61],[86.16,24.58],[86.21,24.59],[86.22,24.6],[86.21,24.61],[86.23,24.61],[86.26,24.58],[86.3,24.59],[86.31,24.51],[86.28,24.48],[86.28,24.46],[86.4,24.42],[86.41,24.38],[86.46,24.37],[86.47,24.42],[86.5,24.44],[86.49,24.46],[86.5,24.51],[86.52,24.54],[86.56,24.55],[86.56,24.57],[86.59,24.57],[86.6,24.61],[86.65,24.57],[86.7,24.57],[86.75,24.59],[86.75,24.62],[86.79,24.62],[86.81,24.6],[86.8,24.57],[86.84,24.58],[86.84,24.56],[86.89,24.57],[86.9,24.55],[86.92,24.55],[86.91,24.6],[86.93,24.61],[86.94,24.65],[86.98,24.64],[86.99,24.62],[87.02,24.63],[87.03,24.61],[87.05,24.61],[87.05,24.67],[87.07,24.69],[87.08,24.72],[87.07,24.75],[87.09,24.78],[87.07,24.82],[87.09,24.82],[87.1,24.85],[87.16,24.88],[87.15,25.03],[87.18,25.07],[87.24,25.09],[87.24,25.11],[87.3,25.09],[87.3,25.14],[87.32,25.16],[87.33,25.22],[87.38,25.21],[87.4,25.23],[87.41,25.21],[87.48,25.19],[87.47,25.24],[87.5,25.26],[87.49,25.3],[87.54,25.28],[87.55,25.33],[87.57,25.33],[87.58,25.35],[87.59,25.32],[87.62,25.31],[87.63,25.32],[87.7,25.31],[87.69,25.28],[87.71,25.28],[87.71,25.26],[87.78,25.25],[87.77,25.2],[87.8,25.08],[87.96,24.97],[87.96,24.91],[87.89,24.86],[87.9,24.82],[87.89,24.82],[87.87,24.82],[87.87,24.77],[87.85,24.76],[87.84,24.79],[87.82,24.77],[87.82,24.75],[87.86,24.73],[87.89,24.74],[87.89,24.72],[87.91,24.72],[87.89,24.69],[87.89,24.67],[87.92,24.67],[87.91,24.59],[87.88,24.56],[87.77,24.58],[87.81,24.56],[87.8,24.51],[87.83,24.5],[87.81,24.49],[87.82,24.46],[87.79,24.44],[87.81,24.4],[87.79,24.36],[87.76,24.34],[87.77,24.32],[87.74,24.29],[87.71,24.29],[87.71,24.26],[87.66,24.24],[87.64,24.25],[87.64,24.21],[87.68,24.21],[87.68,24.19],[87.7,24.19],[87.7,24.15],[87.67,24.14],[87.67,24.16],[87.64,24.15],[87.62,24.17],[87.58,24.16],[87.61,24.13],[87.57,24.11],[87.58,24.09],[87.56,24.08],[87.56,24.09],[87.54,24.08],[87.53,24.11],[87.5,24.11],[87.51,24.08],[87.49,24.05],[87.51,24.05],[87.51,24.03],[87.48,24.01],[87.45,24.02],[87.45,23.98],[87.38,24.01],[87.32,24.0],[87.34,24.03],[87.27,24.03],[87.25,24.05],[87.23,24.02],[87.27,23.99],[87.26,23.97],[87.29,23.96],[87.28,23.94],[87.29,23.89],[87.28,23.88],[87.26,23.88],[87.26,23.9],[87.24,23.89],[87.26,23.85],[87.25,23.83],[87.13,23.87],[87.13,23.85],[87.17,23.82],[87.16,23.8],[87.1,23.8],[86.98,23.87],[86.96,23.85],[86.93,23.85],[86.93,23.88],[86.89,23.88],[86.88,23.87],[86.89,23.83],[86.88,23.85],[86.86,23.85],[86.85,23.82],[86.83,23.81],[86.81,23.82],[86.8,23.8],[86.83,23.78],[86.8,23.69],[86.74,23.68],[86.74,23.7],[86.7,23.7],[86.62,23.67],[86.61,23.68],[86.6,23.66],[86.54,23.63],[86.5,23.64],[86.46,23.63],[86.45,23.6],[86.39,23.58],[86.36,23.49],[86.38,23.47],[86.36,23.47],[86.35,23.44],[86.31,23.44],[86.31,23.41],[86.29,23.43],[86.23,23.42],[86.22,23.45],[86.15,23.47],[86.16,23.56],[86.13,23.57],[86.09,23.56],[86.05,23.59],[86.02,23.56],[86.04,23.5],[86.06,23.5],[86.05,23.48],[86.02,23.49],[85.96,23.47],[85.87,23.48],[85.86,23.45],[85.86,23.43],[85.89,23.43],[85.9,23.39],[85.87,23.39],[85.88,23.34],[85.83,23.3],[85.82,23.26],[85.84,23.25],[85.84,23.22],[85.88,23.21],[85.88,23.17],[85.9,23.15],[85.95,23.16],[86.02,23.14],[86.04,23.15],[86.05,23.1],[86.15,23.08],[86.14,23.05],[86.16,23.05],[86.16,23.03],[86.18,23.01],[86.21,23.01],[86.22,22.99],[86.31,23.01],[86.33,22.99],[86.39,23.0],[86.4,22.98],[86.43,23.0],[86.51,22.99],[86.51,22.97],[86.53,22.97],[86.53,22.95],[86.47,22.95],[86.46,22.93],[86.44,22.93],[86.46,22.89],[86.45,22.86],[86.43,22.86],[86.44,22.83],[86.42,22.81],[86.43,22.77],[86.47,22.76],[86.47,22.74],[86.5,22.71],[86.55,22.72],[86.58,22.69],[86.64,22.67],[86.63,22.61],[86.65,22.58],[86.77,22.58],[86.77,22.55],[86.79,22.55],[86.8,22.48],[86.75,22.48],[86.75,22.45],[86.76,22.43],[86.85,22.4],[86.83,22.32],[86.89,22.3],[86.89,22.26],[86.82,22.27],[86.8,22.25],[86.81,22.24],[86.8,22.22],[86.75,22.21],[86.68,22.22],[86.67,22.24],[86.65,22.24],[86.65,22.27],[86.6,22.28],[86.59,22.3],[86.53,22.3],[86.53,22.32],[86.5,22.35],[86.47,22.34],[86.45,22.31],[86.4,22.32],[86.32,22.38],[86.31,22.42],[86.28,22.45],[86.26,22.44],[86.22,22.45],[86.22,22.47],[86.19,22.48],[86.11,22.49],[86.08,22.55],[86.05,22.57],[86.03,22.56],[86.02,22.54],[86.03,22.53],[86.01,22.51],[85.98,22.52],[85.96,22.49],[85.96,22.46],[85.99,22.43],[86.02,22.43],[86.03,22.4],[86.02,22.35],[86.0,22.34],[86.03,22.33],[86.02,22.31],[86.04,22.3],[86.02,22.3],[85.99,22.27],[85.99,22.25],[85.97,22.25],[86.0,22.21],[86.03,22.2],[86.03,22.18],[86.0,22.15],[86.01,22.11],[85.97,22.07],[85.95,22.02],[85.91,22.0],[85.91,21.97],[85.82,21.99],[85.78,21.98],[85.76,22.0],[85.79,22.08],[85.84,22.08],[85.82,22.09],[85.82,22.11],[85.77,22.1],[85.75,22.07],[85.69,22.05],[85.66,22.09],[85.63,22.08],[85.56,22.09]],[[86.04,24.75],[86.03,24.75],[86.03,24.74],[86.05,24.74],[86.04,24.75]],[[86.95,24.64],[86.95,24.63],[86.96,24.63],[86.96,24.64],[86.95,24.64]],[[87.89,24.83],[87.88,24.83],[87.89,24.82],[87.89,24.83]],[[87.23,23.85],[87.24,23.86],[87.22,23.86],[87.22,23.85],[87.23,23.85]],[[86.24,23.44],[86.25,23.45],[86.25,23.46],[86.23,23.46],[86.24,23.44]],[[86.8,22.26],[86.79,22.27],[86.79,22.25],[86.8,22.25],[86.8,22.26]],[[86.8,22.23],[86.79,22.23],[86.79,22.22],[86.8,22.23]],[[86.79,22.24],[86.78,22.24],[86.78,22.23],[86.79,22.23],[86.79,22.24]],[[86.8,23.84],[86.8,23.83],[86.81,23.83],[86.81,23.84],[86.8,23.84]],[[87.88,24.62],[87.88,24.61],[87.89,24.61],[87.88,24.62]],[[84.49,24.29],[84.5,24.29],[84.5,24.3],[84.49,24.3],[84.49,24.29]]],[[[84.34,24.42],[84.33,24.43],[84.34,24.43],[84.34,24.42]]],[[[85.39,24.55],[85.4,24.55],[85.4,24.54],[85.39,24.55]]],[[[85.38,24.55],[85.37,24.55],[85.37,24.56],[85.39,24.55],[85.38,24.55]]],[[[86.55,22.99],[86.55,22.97],[86.53,22.97],[86.53,22.98],[86.55,22.99]]],[[[86.31,23.02],[86.3,23.01],[86.3,23.02],[86.31,23.02]]],[[[86.26,23.41],[86.25,23.41],[86.25,23.42],[86.26,23.42],[86.26,23.41]]],[[[86.35,24.45],[86.35,24.44],[86.34,24.45],[86.35,24.45]]],[[[86.32,24.58],[86.31,24.58],[86.31,24.59],[86.32,24.59],[86.32,24.58]]]]}},{"type":"Feature","properties":{"k":"TRIPURA","n":"TRIPURA","c":"16"},"geometry":{"type":"MultiPolygon","coordinates":[[[[91.45,23.25],[91.45,23.24],[91.44,23.25],[91.45,23.25]]],[[[91.29,23.36],[91.3,23.36],[91.3,23.35],[91.29,23.36]]],[[[91.61,22.95],[91.61,22.97],[91.56,22.97],[91.56,23.0],[91.54,23.0],[91.55,23.04],[91.53,23.04],[91.54,23.06],[91.51,23.1],[91.52,23.13],[91.49,23.15],[91.5,23.19],[91.47,23.19],[91.48,23.22],[91.46,23.22],[91.47,23.23],[91.46,23.25],[91.42,23.26],[91.42,23.28],[91.39,23.25],[91.4,23.23],[91.38,23.19],[91.42,23.06],[91.38,23.06],[91.35,23.09],[91.35,23.12],[91.32,23.16],[91.32,23.26],[91.3,23.28],[91.31,23.31],[91.29,23.31],[91.29,23.33],[91.32,23.36],[91.28,23.38],[91.28,23.44],[91.26,23.45],[91.26,23.49],[91.24,23.5],[91.22,23.49],[91.22,23.51],[91.2,23.51],[91.21,23.54],[91.19,23.54],[91.19,23.58],[91.16,23.59],[91.16,23.66],[91.2,23.65],[91.2,23.7],[91.15,23.69],[91.15,23.73],[91.16,23.75],[91.23,23.75],[91.24,23.85],[91.22,23.89],[91.24,23.9],[91.24,23.92],[91.27,23.92],[91.26,23.96],[91.28,23.98],[91.29,23.97],[91.3,24.0],[91.34,23.98],[91.36,23.99],[91.38,23.97],[91.37,24.0],[91.4,24.04],[91.38,24.07],[91.38,24.11],[91.49,24.1],[91.5,24.08],[91.54,24.07],[91.59,24.08],[91.59,24.1],[91.61,24.09],[91.64,24.11],[91.63,24.15],[91.64,24.18],[91.66,24.18],[91.65,24.23],[91.68,24.19],[91.68,24.16],[91.76,24.14],[91.75,24.24],[91.81,24.21],[91.83,24.21],[91.84,24.23],[91.84,24.19],[91.87,24.17],[91.88,24.14],[91.92,24.12],[91.91,24.15],[91.94,24.24],[91.92,24.34],[91.97,24.36],[91.97,24.34],[91.99,24.33],[91.99,24.39],[92.11,24.38],[92.13,24.42],[92.17,24.42],[92.15,24.48],[92.17,24.53],[92.23,24.5],[92.23,24.45],[92.25,24.44],[92.26,24.4],[92.26,24.35],[92.24,24.34],[92.24,24.31],[92.2,24.24],[92.29,24.25],[92.33,24.19],[92.31,23.97],[92.32,23.86],[92.28,23.87],[92.27,23.85],[92.28,23.83],[92.26,23.82],[92.27,23.73],[92.24,23.72],[92.23,23.65],[92.21,23.66],[92.22,23.68],[92.21,23.71],[92.16,23.71],[92.14,23.74],[92.11,23.72],[92.11,23.69],[92.08,23.68],[92.08,23.65],[92.03,23.65],[92.0,23.67],[91.99,23.72],[91.96,23.74],[91.94,23.7],[91.95,23.65],[91.94,23.63],[91.96,23.6],[91.96,23.52],[91.98,23.49],[91.94,23.47],[91.95,23.43],[91.92,23.44],[91.86,23.41],[91.87,23.45],[91.85,23.45],[91.83,23.5],[91.8,23.51],[91.8,23.48],[91.83,23.47],[91.84,23.44],[91.84,23.37],[91.82,23.36],[91.81,23.33],[91.76,23.31],[91.76,23.27],[91.78,23.27],[91.79,23.2],[91.81,23.18],[91.81,23.12],[91.83,23.09],[91.81,23.06],[91.77,23.07],[91.78,23.03],[91.76,23.03],[91.71,22.98],[91.64,22.98],[91.63,22.94],[91.61,22.95]],[[91.52,23.14],[91.52,23.15],[91.51,23.14],[91.52,23.14]]],[[[91.97,24.39],[91.98,24.39],[91.98,24.38],[91.97,24.38],[91.97,24.39]]]]}},{"type":"Feature","properties":{"k":"MADHYAPRADESH","n":"MADHYA PRADESH","c":"23"},"geometry":{"type":"MultiPolygon","coordinates":[[[[74.58,23.43],[74.59,23.43],[74.59,23.42],[74.58,23.43]]],[[[74.91,23.8],[74.91,23.79],[74.9,23.79],[74.9,23.8],[74.91,23.8]]],[[[74.44,21.99],[74.45,22.01],[74.44,22.03],[74.42,22.03],[74.38,22.02],[74.38,22.0],[74.34,21.97],[74.3,21.97],[74.28,21.93],[74.18,21.93],[74.17,21.95],[74.14,21.95],[74.15,21.99],[74.09,22.01],[74.12,22.04],[74.14,22.04],[74.14,22.06],[74.16,22.06],[74.16,22.08],[74.18,22.09],[74.13,22.1],[74.12,22.22],[74.07,22.22],[74.07,22.24],[74.09,22.24],[74.05,22.28],[74.07,22.36],[74.11,22.37],[74.13,22.36],[74.13,22.33],[74.19,22.32],[74.2,22.37],[74.22,22.36],[74.22,22.38],[74.29,22.4],[74.27,22.4],[74.26,22.43],[74.24,22.42],[74.24,22.44],[74.2,22.43],[74.2,22.47],[74.18,22.47],[74.19,22.44],[74.17,22.43],[74.13,22.45],[74.12,22.42],[74.1,22.44],[74.1,22.47],[74.07,22.48],[74.08,22.51],[74.05,22.51],[74.04,22.49],[74.03,22.51],[74.05,22.55],[74.12,22.54],[74.13,22.52],[74.15,22.52],[74.17,22.55],[74.19,22.55],[74.18,22.57],[74.21,22.57],[74.24,22.62],[74.26,22.62],[74.26,22.64],[74.31,22.63],[74.38,22.64],[74.4,22.73],[74.44,22.78],[74.43,22.81],[74.47,22.82],[74.48,22.86],[74.45,22.92],[74.44,22.91],[74.42,22.92],[74.41,22.9],[74.37,22.91],[74.37,22.93],[74.34,22.95],[74.35,22.98],[74.36,22.97],[74.35,23.03],[74.32,23.04],[74.32,23.06],[74.34,23.06],[74.36,23.08],[74.35,23.09],[74.38,23.11],[74.43,23.11],[74.44,23.09],[74.48,23.08],[74.54,23.1],[74.54,23.13],[74.61,23.14],[74.65,23.17],[74.66,23.2],[74.72,23.19],[74.74,23.22],[74.69,23.22],[74.71,23.23],[74.7,23.27],[74.63,23.26],[74.62,23.28],[74.58,23.29],[74.54,23.28],[74.53,23.32],[74.51,23.33],[74.54,23.33],[74.54,23.36],[74.57,23.37],[74.57,23.42],[74.59,23.42],[74.61,23.46],[74.65,23.46],[74.69,23.5],[74.73,23.5],[74.73,23.52],[74.76,23.52],[74.78,23.55],[74.8,23.53],[74.85,23.55],[74.85,23.57],[74.87,23.57],[74.9,23.63],[74.94,23.63],[74.92,23.67],[74.9,23.67],[74.9,23.69],[74.92,23.69],[74.94,23.76],[74.94,23.78],[74.91,23.8],[74.9,23.88],[74.93,23.96],[74.96,23.97],[74.96,24.01],[74.98,24.02],[74.98,24.04],[74.94,24.05],[74.9,24.12],[74.9,24.16],[74.88,24.17],[74.91,24.2],[74.9,24.23],[74.75,24.24],[74.75,24.26],[74.78,24.28],[74.78,24.34],[74.86,24.43],[74.82,24.44],[74.82,24.47],[74.77,24.46],[74.71,24.5],[74.75,24.52],[74.74,24.53],[74.76,24.53],[74.75,24.58],[74.78,24.58],[74.78,24.62],[74.81,24.64],[74.81,24.67],[74.77,24.66],[74.79,24.7],[74.78,24.73],[74.8,24.73],[74.8,24.78],[74.88,24.64],[74.94,24.64],[74.96,24.68],[75.0,24.68],[74.99,24.73],[75.02,24.74],[75.01,24.77],[74.97,24.76],[74.94,24.78],[74.91,24.77],[74.88,24.8],[74.86,24.8],[74.86,24.84],[74.83,24.89],[74.83,24.96],[74.85,24.97],[74.87,24.93],[74.88,24.94],[74.91,24.93],[74.92,24.91],[74.91,24.89],[74.95,24.88],[74.95,24.86],[75.01,24.86],[75.03,24.84],[75.07,24.88],[75.12,24.88],[75.11,24.97],[75.17,25.0],[75.15,25.02],[75.17,25.05],[75.19,25.03],[75.34,25.04],[75.35,25.02],[75.31,25.0],[75.34,24.94],[75.31,24.9],[75.29,24.95],[75.26,24.96],[75.29,24.92],[75.28,24.9],[75.26,24.9],[75.26,24.87],[75.32,24.86],[75.39,24.87],[75.41,24.89],[75.43,24.87],[75.42,24.85],[75.35,24.83],[75.32,24.8],[75.3,24.8],[75.29,24.84],[75.24,24.85],[75.23,24.83],[75.25,24.83],[75.25,24.81],[75.21,24.8],[75.21,24.78],[75.19,24.77],[75.21,24.71],[75.27,24.72],[75.42,24.68],[75.48,24.68],[75.52,24.71],[75.54,24.7],[75.59,24.71],[75.61,24.68],[75.64,24.68],[75.74,24.76],[75.8,24.76],[75.81,24.74],[75.84,24.73],[75.83,24.67],[75.85,24.66],[75.85,24.64],[75.83,24.61],[75.87,24.61],[75.88,24.58],[75.91,24.58],[75.92,24.52],[75.89,24.52],[75.91,24.5],[75.91,24.45],[75.84,24.41],[75.83,24.43],[75.81,24.43],[75.81,24.47],[75.79,24.47],[75.78,24.46],[75.79,24.45],[75.75,24.43],[75.75,24.4],[75.73,24.4],[75.74,24.33],[75.76,24.32],[75.76,24.3],[75.81,24.3],[75.81,24.24],[75.83,24.24],[75.77,24.2],[75.75,24.14],[75.79,24.11],[75.79,24.09],[75.8,24.1],[75.84,24.09],[75.84,24.06],[75.78,24.04],[75.77,24.02],[75.78,24.01],[75.76,24.01],[75.77,23.99],[75.74,23.99],[75.73,23.97],[75.7,23.97],[75.69,24.01],[75.67,24.02],[75.61,23.99],[75.52,24.02],[75.47,23.98],[75.46,23.95],[75.46,23.91],[75.49,23.91],[75.5,23.89],[75.57,23.86],[75.58,23.83],[75.56,23.83],[75.56,23.81],[75.66,23.8],[75.68,23.76],[75.7,23.78],[75.69,23.81],[75.72,23.81],[75.72,23.84],[75.74,23.86],[75.71,23.86],[75.7,23.89],[75.74,23.9],[75.76,23.88],[75.76,23.85],[75.79,23.85],[75.79,23.87],[75.85,23.89],[75.88,23.88],[75.92,23.89],[75.99,23.94],[75.96,24.02],[75.98,24.03],[76.01,24.02],[76.03,24.06],[76.08,24.07],[76.1,24.09],[76.12,24.08],[76.13,24.15],[76.11,24.17],[76.12,24.2],[76.15,24.22],[76.14,24.28],[76.17,24.29],[76.16,24.31],[76.18,24.31],[76.18,24.33],[76.2,24.31],[76.19,24.27],[76.21,24.21],[76.28,24.21],[76.32,24.25],[76.4,24.22],[76.41,24.2],[76.42,24.22],[76.46,24.21],[76.47,24.23],[76.51,24.2],[76.51,24.16],[76.55,24.16],[76.58,24.18],[76.56,24.19],[76.58,24.22],[76.6,24.22],[76.59,24.24],[76.61,24.24],[76.64,24.27],[76.67,24.26],[76.7,24.28],[76.68,24.19],[76.71,24.16],[76.76,24.17],[76.79,24.14],[76.79,24.12],[76.83,24.12],[76.85,24.14],[76.9,24.13],[76.92,24.19],[76.94,24.18],[76.95,24.21],[76.92,24.21],[76.92,24.23],[76.88,24.25],[76.86,24.27],[76.86,24.31],[76.84,24.32],[76.83,24.36],[76.85,24.37],[76.85,24.49],[76.83,24.49],[76.82,24.54],[76.87,24.55],[76.89,24.52],[76.9,24.55],[76.92,24.54],[76.93,24.47],[77.01,24.47],[77.03,24.52],[77.06,24.53],[77.07,24.55],[77.07,24.64],[77.04,24.68],[77.04,24.71],[77.01,24.71],[76.96,24.76],[76.94,24.76],[76.91,24.73],[76.89,24.75],[76.85,24.74],[76.85,24.77],[76.8,24.81],[76.8,24.83],[76.82,24.84],[76.91,24.84],[76.95,24.87],[76.91,24.89],[76.92,24.92],[76.89,24.92],[76.89,24.94],[76.86,24.96],[76.87,24.97],[76.86,25.0],[76.88,25.01],[76.88,25.04],[76.97,25.05],[76.97,25.07],[77.09,25.06],[77.13,25.07],[77.13,25.09],[77.17,25.09],[77.17,25.11],[77.29,25.11],[77.3,25.08],[77.38,25.1],[77.42,25.22],[77.36,25.26],[77.36,25.28],[77.38,25.28],[77.38,25.32],[77.34,25.32],[77.36,25.35],[77.35,25.39],[77.37,25.41],[77.3,25.43],[77.27,25.39],[77.23,25.38],[77.23,25.32],[77.21,25.33],[77.21,25.31],[77.15,25.31],[77.13,25.33],[77.08,25.34],[77.04,25.3],[76.96,25.3],[76.96,25.28],[76.93,25.28],[76.92,25.29],[76.93,25.3],[76.88,25.33],[76.72,25.33],[76.71,25.35],[76.65,25.36],[76.65,25.38],[76.61,25.38],[76.59,25.43],[76.56,25.44],[76.56,25.48],[76.52,25.52],[76.5,25.68],[76.47,25.69],[76.47,25.71],[76.52,25.73],[76.52,25.8],[76.56,25.83],[76.59,25.88],[76.63,25.87],[76.64,25.91],[76.69,25.9],[76.75,25.91],[76.76,25.92],[76.75,25.94],[76.79,25.94],[76.81,25.96],[76.8,25.99],[76.84,26.03],[76.87,26.03],[76.91,26.1],[76.95,26.1],[76.96,26.12],[77.0,26.13],[77.0,26.15],[77.04,26.18],[77.1,26.18],[77.12,26.23],[77.21,26.23],[77.27,26.26],[77.32,26.31],[77.32,26.34],[77.36,26.35],[77.37,26.37],[77.45,26.36],[77.43,26.4],[77.54,26.41],[77.56,26.44],[77.62,26.45],[77.63,26.48],[77.67,26.5],[77.73,26.5],[77.74,26.54],[77.76,26.55],[77.83,26.55],[77.84,26.58],[77.83,26.6],[77.89,26.61],[77.9,26.66],[77.96,26.66],[77.99,26.69],[78.09,26.67],[78.09,26.72],[78.1,26.74],[78.12,26.74],[78.12,26.76],[78.1,26.76],[78.1,26.79],[78.13,26.8],[78.15,26.78],[78.18,26.78],[78.19,26.8],[78.17,26.81],[78.17,26.83],[78.24,26.83],[78.27,26.81],[78.27,26.84],[78.29,26.86],[78.37,26.87],[78.39,26.82],[78.43,26.83],[78.46,26.79],[78.53,26.78],[78.57,26.75],[78.62,26.75],[78.62,26.77],[78.67,26.76],[78.68,26.79],[78.73,26.8],[78.73,26.77],[78.75,26.79],[78.79,26.76],[78.82,26.76],[78.86,26.7],[78.92,26.71],[78.96,26.69],[78.94,26.67],[78.95,26.65],[78.98,26.68],[79.0,26.68],[79.01,26.66],[78.99,26.64],[79.01,26.63],[79.02,26.6],[78.99,26.6],[78.99,26.58],[79.01,26.57],[79.01,26.55],[79.03,26.55],[79.05,26.5],[79.07,26.5],[79.07,26.47],[79.05,26.45],[79.14,26.44],[79.12,26.41],[79.09,26.41],[79.1,26.37],[79.08,26.36],[79.13,26.34],[79.12,26.3],[79.1,26.31],[79.09,26.28],[79.06,26.28],[79.05,26.25],[79.07,26.24],[79.05,26.22],[79.02,26.25],[78.99,26.24],[79.03,26.22],[79.03,26.2],[78.98,26.19],[78.99,26.17],[79.01,26.17],[79.01,26.15],[78.96,26.15],[78.96,26.12],[78.98,26.12],[78.98,26.1],[79.01,26.09],[79.01,26.07],[78.99,26.07],[78.99,26.05],[78.95,26.03],[78.94,26.01],[78.96,25.99],[78.93,25.98],[78.94,25.96],[78.89,25.92],[78.9,25.9],[78.89,25.87],[78.87,25.88],[78.85,25.86],[78.85,25.82],[78.83,25.82],[78.83,25.8],[78.8,25.79],[78.79,25.76],[78.75,25.75],[78.76,25.72],[78.8,25.71],[78.8,25.69],[78.82,25.68],[78.82,25.63],[78.8,25.61],[78.7,25.6],[78.66,25.56],[78.63,25.56],[78.63,25.58],[78.59,25.56],[78.54,25.56],[78.5,25.58],[78.47,25.55],[78.43,25.56],[78.42,25.54],[78.43,25.47],[78.4,25.47],[78.39,25.44],[78.35,25.45],[78.34,25.39],[78.3,25.37],[78.34,25.34],[78.34,25.32],[78.32,25.32],[78.31,25.3],[78.37,25.27],[78.36,25.24],[78.4,25.22],[78.39,25.19],[78.41,25.19],[78.42,25.17],[78.46,25.17],[78.45,25.15],[78.43,25.15],[78.45,25.12],[78.4,25.13],[78.39,25.1],[78.34,25.09],[78.35,25.01],[78.31,24.99],[78.3,24.96],[78.22,24.92],[78.21,24.89],[78.17,24.88],[78.17,24.85],[78.2,24.84],[78.2,24.82],[78.22,24.81],[78.24,24.77],[78.23,24.73],[78.26,24.71],[78.26,24.68],[78.28,24.67],[78.26,24.65],[78.26,24.63],[78.28,24.62],[78.27,24.55],[78.23,24.54],[78.23,24.51],[78.25,24.51],[78.25,24.48],[78.27,24.48],[78.27,24.44],[78.32,24.42],[78.34,24.39],[78.37,24.39],[78.33,24.32],[78.38,24.27],[78.44,24.29],[78.44,24.32],[78.48,24.34],[78.47,24.36],[78.5,24.39],[78.52,24.39],[78.54,24.36],[78.58,24.36],[78.6,24.34],[78.6,24.31],[78.63,24.31],[78.62,24.28],[78.64,24.29],[78.67,24.24],[78.71,24.23],[78.74,24.25],[78.75,24.23],[78.76,24.26],[78.78,24.19],[78.81,24.18],[78.81,24.21],[78.84,24.2],[78.89,24.22],[78.88,24.25],[78.92,24.27],[78.91,24.3],[78.94,24.31],[78.97,24.35],[78.99,24.44],[78.94,24.44],[78.94,24.46],[78.91,24.46],[78.92,24.5],[78.93,24.48],[78.96,24.48],[78.97,24.5],[78.95,24.5],[78.94,24.53],[78.95,24.56],[78.91,24.58],[78.9,24.63],[78.87,24.64],[78.87,24.62],[78.84,24.62],[78.8,24.59],[78.75,24.6],[78.75,24.67],[78.78,24.7],[78.77,24.8],[78.79,24.81],[78.76,24.87],[78.68,24.89],[78.66,24.94],[78.63,24.96],[78.65,25.0],[78.65,25.06],[78.63,25.09],[78.6,25.09],[78.61,25.13],[78.6,25.17],[78.56,25.22],[78.58,25.25],[78.51,25.29],[78.49,25.29],[78.46,25.26],[78.44,25.27],[78.44,25.3],[78.48,25.29],[78.49,25.31],[78.54,25.31],[78.55,25.32],[78.53,25.36],[78.58,25.34],[78.59,25.37],[78.57,25.39],[78.6,25.39],[78.6,25.41],[78.64,25.4],[78.64,25.44],[78.68,25.43],[78.69,25.45],[78.71,25.43],[78.68,25.4],[78.66,25.41],[78.66,25.38],[78.7,25.38],[78.72,25.34],[78.77,25.35],[78.77,25.38],[78.75,25.39],[78.77,25.43],[78.73,25.46],[78.73,25.49],[78.75,25.5],[78.76,25.47],[78.81,25.48],[78.86,25.44],[78.87,25.47],[78.83,25.51],[78.89,25.52],[78.87,25.54],[78.89,25.56],[78.92,25.54],[78.93,25.56],[78.95,25.55],[78.95,25.53],[78.92,25.52],[78.94,25.5],[78.94,25.46],[78.92,25.46],[78.91,25.44],[78.93,25.42],[78.97,25.44],[78.97,25.39],[78.99,25.37],[78.95,25.37],[78.95,25.35],[78.92,25.35],[78.9,25.36],[78.91,25.39],[78.88,25.39],[78.84,25.35],[78.84,25.32],[78.79,25.31],[78.79,25.29],[78.82,25.3],[78.81,25.27],[78.85,25.23],[78.88,25.28],[78.86,25.31],[78.88,25.34],[78.91,25.33],[78.96,25.34],[78.96,25.3],[78.98,25.28],[78.95,25.28],[78.95,25.26],[78.91,25.27],[78.9,25.24],[78.89,25.25],[78.87,25.24],[78.87,25.22],[78.89,25.22],[78.89,25.2],[78.87,25.19],[78.88,25.16],[78.95,25.22],[79.01,25.2],[79.01,25.22],[78.98,25.23],[78.98,25.26],[79.02,25.27],[79.02,25.24],[79.06,25.22],[79.06,25.19],[79.03,25.19],[79.03,25.14],[79.05,25.13],[79.07,25.17],[79.1,25.18],[79.13,25.13],[79.12,25.11],[79.19,25.11],[79.18,25.14],[79.2,25.14],[79.2,25.12],[79.22,25.11],[79.26,25.15],[79.26,25.12],[79.29,25.12],[79.32,25.14],[79.32,25.16],[79.31,25.2],[79.28,25.19],[79.29,25.22],[79.28,25.25],[79.31,25.22],[79.33,25.22],[79.33,25.2],[79.35,25.2],[79.35,25.22],[79.33,25.23],[79.35,25.23],[79.35,25.27],[79.31,25.26],[79.3,25.28],[79.28,25.26],[79.26,25.27],[79.27,25.32],[79.3,25.32],[79.31,25.34],[79.35,25.33],[79.34,25.29],[79.36,25.28],[79.36,25.26],[79.37,25.29],[79.41,25.28],[79.42,25.25],[79.44,25.25],[79.46,25.28],[79.49,25.27],[79.44,25.24],[79.43,25.22],[79.45,25.21],[79.41,25.2],[79.41,25.18],[79.39,25.17],[79.38,25.14],[79.4,25.13],[79.39,25.12],[79.4,25.11],[79.43,25.12],[79.45,25.1],[79.47,25.12],[79.47,25.09],[79.5,25.08],[79.52,25.1],[79.52,25.13],[79.56,25.17],[79.58,25.17],[79.6,25.13],[79.63,25.14],[79.68,25.12],[79.68,25.14],[79.69,25.13],[79.76,25.14],[79.77,25.12],[79.83,25.11],[79.85,25.09],[79.85,25.13],[79.88,25.14],[79.86,25.19],[79.87,25.22],[79.85,25.22],[79.85,25.24],[79.86,25.23],[79.87,25.25],[79.89,25.24],[79.94,25.25],[79.95,25.27],[79.98,25.26],[80.02,25.3],[80.03,25.34],[80.08,25.35],[80.14,25.34],[80.15,25.36],[80.17,25.36],[80.17,25.38],[80.2,25.38],[80.2,25.41],[80.26,25.4],[80.26,25.42],[80.29,25.42],[80.32,25.39],[80.31,25.28],[80.35,25.28],[80.37,25.24],[80.4,25.25],[80.43,25.19],[80.42,25.16],[80.38,25.16],[80.37,25.14],[80.35,25.14],[80.36,25.12],[80.38,25.12],[80.35,25.09],[80.35,25.05],[80.29,25.06],[80.28,25.02],[80.3,25.02],[80.31,25.0],[80.34,25.0],[80.34,25.02],[80.38,25.02],[80.37,25.06],[80.39,25.05],[80.4,25.07],[80.42,25.06],[80.44,25.08],[80.45,25.06],[80.47,25.07],[80.47,25.04],[80.43,25.03],[80.45,25.02],[80.46,24.98],[80.5,24.99],[80.5,25.01],[80.55,25.0],[80.55,25.03],[80.5,25.04],[80.51,25.07],[80.48,25.1],[80.52,25.1],[80.52,25.07],[80.55,25.06],[80.59,25.08],[80.6,25.15],[80.61,25.13],[80.63,25.13],[80.61,25.09],[80.65,25.09],[80.66,25.07],[80.68,25.08],[80.68,25.05],[80.72,25.07],[80.73,25.05],[80.78,25.05],[80.79,25.07],[80.76,25.09],[80.72,25.09],[80.73,25.12],[80.7,25.13],[80.81,25.14],[80.81,25.12],[80.84,25.11],[80.85,25.19],[80.89,25.18],[80.91,25.15],[80.9,25.13],[80.88,25.14],[80.87,25.12],[80.88,25.06],[80.86,25.06],[80.83,25.03],[80.85,25.02],[80.85,24.98],[80.79,24.97],[80.82,24.93],[80.81,24.92],[80.87,24.93],[80.95,24.97],[80.96,24.93],[81.0,24.94],[81.03,24.93],[81.03,24.95],[81.09,24.95],[81.09,24.93],[81.14,24.89],[81.14,24.91],[81.16,24.91],[81.16,24.95],[81.19,24.95],[81.21,24.93],[81.22,24.97],[81.21,25.0],[81.23,25.0],[81.27,25.06],[81.25,25.11],[81.28,25.16],[81.34,25.17],[81.4,25.12],[81.44,25.13],[81.45,25.11],[81.41,25.1],[81.47,25.09],[81.49,25.07],[81.51,25.11],[81.49,25.11],[81.48,25.13],[81.5,25.13],[81.5,25.15],[81.53,25.14],[81.53,25.17],[81.51,25.18],[81.59,25.19],[81.59,25.16],[81.62,25.17],[81.63,25.15],[81.6,25.14],[81.61,25.1],[81.63,25.12],[81.63,25.09],[81.6,25.08],[81.61,25.06],[81.63,25.05],[81.67,25.07],[81.69,25.06],[81.69,25.04],[81.74,25.05],[81.79,25.0],[81.81,25.0],[81.82,25.02],[81.84,25.02],[81.85,25.0],[81.89,25.0],[81.91,24.98],[81.92,24.93],[81.9,24.89],[81.94,24.86],[81.94,24.84],[81.97,24.83],[82.02,24.85],[82.06,24.82],[82.1,24.82],[82.11,24.79],[82.14,24.8],[82.21,24.79],[82.19,24.78],[82.2,24.77],[82.19,24.74],[82.24,24.76],[82.25,24.69],[82.23,24.68],[82.29,24.68],[82.3,24.61],[82.35,24.62],[82.38,24.59],[82.4,24.6],[82.42,24.59],[82.41,24.61],[82.42,24.7],[82.45,24.7],[82.45,24.67],[82.53,24.67],[82.53,24.65],[82.56,24.65],[82.67,24.7],[82.7,24.68],[82.7,24.64],[82.77,24.64],[82.78,24.62],[82.77,24.59],[82.8,24.6],[82.79,24.57],[82.72,24.55],[82.73,24.54],[82.72,24.51],[82.74,24.5],[82.74,24.43],[82.72,24.42],[82.71,24.38],[82.77,24.38],[82.77,24.28],[82.76,24.23],[82.73,24.22],[82.73,24.14],[82.67,24.15],[82.67,24.12],[82.71,24.09],[82.71,24.07],[82.77,24.07],[82.75,24.01],[82.78,24.0],[82.8,24.01],[82.81,23.96],[82.76,23.92],[82.66,23.91],[82.65,23.88],[82.67,23.87],[82.66,23.85],[82.6,23.82],[82.55,23.83],[82.55,23.79],[82.53,23.78],[82.49,23.79],[82.48,23.81],[82.33,23.8],[82.28,23.82],[82.23,23.81],[82.21,23.82],[82.21,23.85],[82.18,23.84],[82.18,23.82],[82.05,23.82],[82.04,23.85],[81.95,23.85],[81.94,23.87],[81.92,23.87],[81.9,23.84],[81.86,23.82],[81.78,23.81],[81.69,23.88],[81.69,23.91],[81.67,23.91],[81.67,23.93],[81.65,23.91],[81.61,23.91],[81.6,23.88],[81.62,23.86],[81.6,23.85],[81.61,23.83],[81.64,23.84],[81.65,23.81],[81.64,23.77],[81.69,23.75],[81.69,23.7],[81.67,23.68],[81.66,23.69],[81.66,23.66],[81.62,23.66],[81.61,23.59],[81.58,23.59],[81.58,23.55],[81.61,23.55],[81.62,23.49],[81.65,23.49],[81.66,23.53],[81.7,23.52],[81.74,23.57],[81.76,23.55],[81.81,23.55],[81.82,23.51],[81.88,23.51],[81.92,23.54],[81.94,23.5],[81.96,23.5],[81.95,23.47],[81.97,23.47],[81.98,23.45],[81.98,23.41],[81.99,23.42],[82.01,23.41],[82.02,23.43],[82.03,23.42],[82.02,23.39],[82.06,23.38],[82.09,23.4],[82.09,23.39],[82.1,23.39],[82.11,23.39],[82.12,23.35],[82.15,23.36],[82.16,23.33],[82.2,23.32],[82.19,23.27],[82.17,23.27],[82.14,23.19],[82.15,23.18],[82.14,23.16],[82.16,23.16],[82.16,23.14],[82.13,23.1],[82.07,23.12],[82.05,23.11],[82.04,23.08],[81.95,23.08],[81.92,23.05],[81.92,23.03],[81.95,23.0],[81.95,22.96],[81.88,22.92],[81.87,22.89],[81.78,22.88],[81.77,22.82],[81.79,22.76],[81.75,22.73],[81.77,22.66],[81.75,22.65],[81.75,22.67],[81.73,22.68],[81.72,22.65],[81.68,22.65],[81.64,22.59],[81.66,22.57],[81.62,22.56],[81.63,22.54],[81.6,22.53],[81.58,22.55],[81.56,22.55],[81.56,22.53],[81.52,22.54],[81.52,22.52],[81.49,22.51],[81.49,22.49],[81.45,22.49],[81.45,22.47],[81.42,22.48],[81.43,22.45],[81.41,22.44],[81.39,22.44],[81.39,22.5],[81.33,22.53],[81.31,22.48],[81.27,22.5],[81.24,22.45],[81.2,22.46],[81.2,22.49],[81.17,22.49],[81.16,22.45],[81.11,22.44],[81.1,22.38],[81.12,22.35],[81.11,22.33],[81.12,22.29],[81.1,22.28],[81.09,22.25],[81.02,22.23],[81.03,22.21],[81.02,22.13],[81.0,22.14],[80.98,22.13],[80.98,22.11],[81.01,22.1],[81.0,22.09],[81.01,22.06],[80.97,22.06],[80.97,22.1],[80.95,22.12],[80.92,22.12],[80.9,22.1],[80.9,22.06],[80.88,22.06],[80.86,21.96],[80.84,21.96],[80.85,21.93],[80.83,21.89],[80.85,21.85],[80.83,21.77],[80.8,21.74],[80.78,21.74],[80.79,21.75],[80.78,21.76],[80.75,21.76],[80.73,21.73],[80.74,21.7],[80.72,21.68],[80.73,21.64],[80.72,21.55],[80.74,21.54],[80.74,21.46],[80.71,21.44],[80.68,21.35],[80.64,21.32],[80.59,21.33],[80.58,21.35],[80.57,21.34],[80.56,21.37],[80.5,21.4],[80.45,21.4],[80.45,21.37],[80.41,21.38],[80.4,21.43],[80.42,21.45],[80.41,21.47],[80.39,21.47],[80.38,21.52],[80.34,21.54],[80.34,21.56],[80.3,21.58],[80.27,21.62],[80.22,21.62],[80.21,21.64],[80.19,21.64],[80.16,21.61],[80.12,21.61],[80.12,21.59],[80.1,21.59],[80.07,21.55],[80.03,21.56],[80.0,21.53],[79.97,21.56],[79.94,21.56],[79.92,21.52],[79.88,21.52],[79.76,21.6],[79.66,21.58],[79.65,21.55],[79.61,21.56],[79.59,21.54],[79.57,21.55],[79.54,21.54],[79.54,21.57],[79.51,21.58],[79.5,21.62],[79.52,21.63],[79.49,21.68],[79.46,21.69],[79.34,21.68],[79.29,21.69],[79.27,21.72],[79.24,21.72],[79.22,21.7],[79.23,21.67],[79.22,21.65],[79.16,21.66],[79.16,21.64],[79.1,21.62],[79.11,21.6],[79.01,21.6],[79.0,21.62],[78.97,21.62],[78.95,21.59],[78.92,21.59],[78.91,21.57],[78.93,21.56],[78.91,21.55],[78.93,21.54],[78.94,21.49],[78.91,21.5],[78.79,21.49],[78.78,21.47],[78.77,21.49],[78.75,21.49],[78.74,21.48],[78.75,21.47],[78.72,21.46],[78.7,21.48],[78.58,21.49],[78.56,21.52],[78.53,21.53],[78.5,21.53],[78.48,21.5],[78.43,21.5],[78.42,21.54],[78.43,21.6],[78.38,21.61],[78.38,21.58],[78.36,21.57],[78.3,21.57],[78.29,21.59],[78.26,21.59],[78.26,21.56],[78.18,21.56],[78.17,21.49],[77.99,21.4],[77.94,21.4],[77.92,21.38],[77.8,21.41],[77.8,21.39],[77.74,21.38],[77.74,21.36],[77.71,21.36],[77.7,21.4],[77.68,21.39],[77.68,21.37],[77.66,21.37],[77.67,21.39],[77.6,21.39],[77.61,21.36],[77.59,21.36],[77.56,21.37],[77.56,21.4],[77.53,21.42],[77.52,21.38],[77.49,21.37],[77.47,21.46],[77.44,21.47],[77.42,21.54],[77.51,21.55],[77.55,21.53],[77.61,21.53],[77.6,21.56],[77.57,21.56],[77.58,21.59],[77.55,21.7],[77.52,21.71],[77.51,21.74],[77.48,21.75],[77.48,21.77],[77.42,21.75],[77.28,21.76],[77.29,21.72],[77.28,21.73],[77.26,21.71],[77.23,21.72],[77.22,21.69],[77.19,21.7],[77.18,21.73],[77.17,21.71],[77.07,21.72],[77.06,21.7],[77.0,21.68],[76.98,21.65],[76.93,21.63],[76.91,21.6],[76.84,21.61],[76.84,21.59],[76.79,21.59],[76.78,21.58],[76.79,21.53],[76.77,21.53],[76.77,21.51],[76.8,21.49],[76.79,21.46],[76.74,21.44],[76.73,21.4],[76.71,21.4],[76.62,21.33],[76.66,21.29],[76.66,21.24],[76.64,21.24],[76.63,21.19],[76.56,21.2],[76.53,21.18],[76.49,21.19],[76.47,21.13],[76.44,21.1],[76.39,21.09],[76.38,21.07],[76.28,21.07],[76.27,21.09],[76.17,21.08],[76.17,21.1],[76.13,21.12],[76.13,21.14],[76.11,21.15],[76.11,21.17],[76.17,21.17],[76.18,21.19],[76.16,21.23],[76.14,21.23],[76.16,21.26],[76.12,21.3],[76.1,21.37],[76.05,21.35],[75.97,21.39],[75.92,21.38],[75.58,21.39],[75.57,21.37],[75.53,21.37],[75.52,21.39],[75.51,21.38],[75.5,21.39],[75.38,21.38],[75.37,21.4],[75.3,21.39],[75.3,21.41],[75.25,21.4],[75.12,21.45],[75.07,21.55],[74.98,21.6],[74.91,21.61],[74.9,21.63],[74.78,21.61],[74.69,21.63],[74.68,21.65],[74.64,21.66],[74.58,21.66],[74.58,21.68],[74.55,21.68],[74.56,21.69],[74.55,21.72],[74.51,21.72],[74.5,21.81],[74.52,21.92],[74.47,21.97],[74.45,21.96],[74.44,21.99]],[[74.75,23.22],[74.75,23.23],[74.74,23.23],[74.74,23.22],[74.75,23.22]],[[75.29,24.96],[75.29,24.97],[75.28,24.97],[75.28,24.96],[75.29,24.96]],[[75.58,23.8],[75.58,23.79],[75.59,23.79],[75.59,23.8],[75.58,23.8]],[[78.83,25.83],[78.82,25.83],[78.82,25.82],[78.83,25.82],[78.83,25.83]],[[78.81,25.82],[78.81,25.81],[78.82,25.81],[78.82,25.82],[78.81,25.82]],[[78.77,25.39],[78.77,25.4],[78.76,25.4],[78.76,25.39],[78.77,25.39]],[[78.81,25.46],[78.82,25.46],[78.82,25.47],[78.81,25.46]],[[78.84,25.44],[78.82,25.44],[78.82,25.43],[78.85,25.43],[78.84,25.44]],[[79.24,25.11],[79.25,25.11],[79.25,25.12],[79.24,25.12],[79.24,25.11]],[[80.38,25.01],[80.38,25.0],[80.39,25.0],[80.39,25.02],[80.38,25.01]],[[80.6,25.09],[80.6,25.07],[80.61,25.07],[80.61,25.09],[80.6,25.09]],[[82.21,24.73],[82.22,24.73],[82.22,24.74],[82.21,24.74],[82.21,24.73]],[[81.71,23.88],[81.7,23.89],[81.7,23.88],[81.71,23.88]],[[81.33,25.11],[81.33,25.12],[81.32,25.13],[81.32,25.11],[81.33,25.11]],[[77.4,25.12],[77.4,25.11],[77.41,25.11],[77.41,25.12],[77.4,25.12]],[[75.84,24.6],[75.83,24.6],[75.84,24.59],[75.84,24.6]],[[79.35,25.11],[79.38,25.1],[79.38,25.13],[79.37,25.12],[79.36,25.13],[79.37,25.14],[79.35,25.13],[79.36,25.12],[79.35,25.11]],[[79.37,25.09],[79.38,25.06],[79.36,25.06],[79.36,25.04],[79.41,25.03],[79.42,25.04],[79.41,25.08],[79.39,25.08],[79.39,25.1],[79.37,25.09]],[[79.36,25.07],[79.35,25.07],[79.35,25.06],[79.36,25.06],[79.36,25.07]],[[79.35,25.18],[79.37,25.17],[79.37,25.19],[79.36,25.19],[79.35,25.18]]],[[[74.85,24.78],[74.84,24.8],[74.86,24.8],[74.86,24.78],[74.85,24.78]]],[[[79.47,25.12],[79.47,25.13],[79.48,25.13],[79.48,25.12],[79.47,25.12]]],[[[78.82,25.3],[78.82,25.31],[78.83,25.3],[78.82,25.3]]],[[[78.94,25.95],[78.94,25.94],[78.93,25.94],[78.93,25.95],[78.94,25.95]]],[[[82.11,23.4],[82.1,23.39],[82.1,23.4],[82.11,23.4]]],[[[82.21,24.77],[82.21,24.78],[82.22,24.78],[82.21,24.77]]],[[[82.18,24.81],[82.19,24.81],[82.19,24.8],[82.18,24.8],[82.18,24.81]]],[[[81.91,24.99],[81.9,24.99],[81.9,25.01],[81.91,25.01],[81.91,24.99]]],[[[80.49,25.03],[80.47,25.03],[80.47,25.04],[80.5,25.04],[80.49,25.03]]],[[[80.63,25.12],[80.64,25.12],[80.64,25.11],[80.63,25.11],[80.63,25.12]]],[[[79.61,25.14],[79.6,25.14],[79.6,25.15],[79.61,25.15],[79.61,25.14]]]]}},{"type":"Feature","properties":{"k":"MIZORAM","n":"MIZORAM","c":"15"},"geometry":{"type":"MultiPolygon","coordinates":[[[[92.6,21.98],[92.61,21.98],[92.61,21.97],[92.6,21.98]]],[[[92.54,22.51],[92.52,22.72],[92.47,22.76],[92.45,22.9],[92.43,22.89],[92.42,22.92],[92.41,22.91],[92.4,22.93],[92.37,22.94],[92.39,23.08],[92.36,23.1],[92.37,23.13],[92.35,23.18],[92.35,23.24],[92.4,23.24],[92.4,23.26],[92.38,23.28],[92.39,23.31],[92.37,23.32],[92.38,23.36],[92.35,23.39],[92.35,23.43],[92.33,23.43],[92.31,23.58],[92.29,23.59],[92.29,23.63],[92.27,23.64],[92.29,23.67],[92.29,23.71],[92.27,23.72],[92.26,23.77],[92.28,23.87],[92.32,23.86],[92.31,23.97],[92.33,24.19],[92.29,24.25],[92.42,24.25],[92.42,24.19],[92.44,24.15],[92.48,24.14],[92.48,24.16],[92.51,24.16],[92.51,24.18],[92.53,24.17],[92.55,24.25],[92.62,24.26],[92.63,24.34],[92.65,24.33],[92.66,24.35],[92.69,24.35],[92.69,24.37],[92.71,24.38],[92.71,24.42],[92.75,24.48],[92.75,24.51],[92.77,24.52],[92.8,24.42],[92.83,24.4],[92.82,24.38],[92.85,24.38],[92.86,24.4],[92.9,24.39],[92.91,24.41],[93.02,24.4],[93.02,24.35],[93.04,24.35],[93.01,24.29],[93.02,24.2],[93.0,24.2],[93.01,24.16],[92.99,24.15],[92.99,24.13],[92.97,24.13],[92.97,24.11],[92.99,24.12],[93.04,24.09],[93.08,24.1],[93.1,24.08],[93.1,24.05],[93.13,24.06],[93.14,24.09],[93.16,24.08],[93.16,24.05],[93.22,24.05],[93.22,24.08],[93.26,24.08],[93.25,24.03],[93.27,24.03],[93.28,24.05],[93.33,24.05],[93.34,24.03],[93.33,23.98],[93.35,23.94],[93.4,23.92],[93.38,23.88],[93.4,23.82],[93.39,23.75],[93.41,23.74],[93.41,23.7],[93.44,23.68],[93.42,23.66],[93.43,23.6],[93.41,23.57],[93.42,23.53],[93.39,23.5],[93.4,23.38],[93.39,23.36],[93.36,23.36],[93.38,23.25],[93.37,23.14],[93.39,23.13],[93.35,23.12],[93.36,23.11],[93.34,23.09],[93.35,23.07],[93.28,23.0],[93.23,23.01],[93.22,23.04],[93.19,23.06],[93.16,23.04],[93.13,23.05],[93.12,23.0],[93.14,22.99],[93.15,22.94],[93.14,22.93],[93.16,22.91],[93.13,22.91],[93.12,22.84],[93.1,22.83],[93.11,22.81],[93.09,22.81],[93.11,22.76],[93.09,22.7],[93.11,22.63],[93.13,22.63],[93.14,22.61],[93.14,22.58],[93.11,22.56],[93.11,22.53],[93.13,22.53],[93.13,22.46],[93.19,22.43],[93.18,22.37],[93.2,22.32],[93.19,22.31],[93.2,22.26],[93.14,22.25],[93.16,22.2],[93.16,22.18],[93.14,22.17],[93.12,22.17],[93.11,22.2],[93.07,22.21],[93.04,22.2],[93.04,22.13],[93.06,22.12],[93.06,22.1],[93.01,22.1],[93.0,22.08],[93.0,21.98],[92.98,21.98],[92.98,22.0],[92.95,22.03],[92.91,21.98],[92.9,21.94],[92.9,22.0],[92.86,22.02],[92.86,22.07],[92.85,22.06],[92.82,22.07],[92.81,22.1],[92.77,22.11],[92.76,22.13],[92.73,22.13],[92.73,22.15],[92.69,22.14],[92.68,22.01],[92.65,22.02],[92.64,21.98],[92.61,21.98],[92.59,22.03],[92.6,22.06],[92.58,22.08],[92.58,22.11],[92.56,22.12],[92.57,22.14],[92.61,22.12],[92.61,22.17],[92.59,22.2],[92.58,22.33],[92.55,22.41],[92.56,22.43],[92.54,22.51]],[[93.01,22.11],[93.0,22.1],[93.01,22.1],[93.01,22.11]]]]}},{"type":"Feature","properties":{"k":"CHANDIGARH","n":"CHANDIGARH","c":"04"},"geometry":{"type":"Polygon","coordinates":[[[76.81,30.77],[76.81,30.75],[76.84,30.76],[76.83,30.74],[76.85,30.73],[76.85,30.71],[76.82,30.67],[76.77,30.67],[76.76,30.69],[76.74,30.69],[76.71,30.76],[76.75,30.79],[76.78,30.79],[76.79,30.78],[76.78,30.77],[76.82,30.78],[76.81,30.77]]]}},{"type":"Feature","properties":{"k":"ANDAMANNICOBAR","n":"ANDAMAN & NICOBAR","c":"35"},"geometry":{"type":"MultiPolygon","coordinates":[[[[92.56,10.86],[92.56,10.81],[92.59,10.79],[92.58,10.74],[92.6,10.71],[92.58,10.65],[92.54,10.63],[92.54,10.59],[92.57,10.59],[92.56,10.56],[92.52,10.51],[92.48,10.52],[92.45,10.55],[92.38,10.53],[92.42,10.61],[92.4,10.67],[92.38,10.67],[92.38,10.79],[92.41,10.78],[92.44,10.84],[92.46,10.84],[92.46,10.86],[92.51,10.9],[92.54,10.89],[92.56,10.86]]],[[[92.6,10.93],[92.6,10.94],[92.61,10.94],[92.61,10.93],[92.6,10.93]]],[[[92.21,10.98],[92.22,10.98],[92.22,10.97],[92.21,10.98]]],[[[92.67,10.98],[92.66,10.98],[92.66,10.99],[92.67,10.99],[92.67,10.98]]],[[[92.69,11.26],[92.7,11.26],[92.7,11.25],[92.69,11.25],[92.69,11.26]]],[[[92.7,11.27],[92.69,11.27],[92.69,11.29],[92.71,11.29],[92.7,11.27]]],[[[92.7,11.3],[92.7,11.31],[92.71,11.31],[92.71,11.3],[92.7,11.3]]],[[[92.72,11.31],[92.71,11.31],[92.71,11.32],[92.72,11.32],[92.72,11.31]]],[[[92.55,11.4],[92.55,11.39],[92.54,11.4],[92.55,11.4]]],[[[92.66,11.49],[92.68,11.47],[92.66,11.39],[92.68,11.4],[92.69,11.37],[92.59,11.35],[92.58,11.36],[92.59,11.4],[92.62,11.4],[92.61,11.48],[92.63,11.52],[92.66,11.49]],[[92.63,11.43],[92.63,11.44],[92.62,11.43],[92.63,11.43]]],[[[92.57,11.52],[92.56,11.52],[92.56,11.53],[92.57,11.53],[92.57,11.52]]],[[[92.56,11.54],[92.56,11.53],[92.55,11.53],[92.55,11.54],[92.56,11.54]]],[[[92.23,11.53],[92.21,11.53],[92.2,11.59],[92.27,11.59],[92.27,11.52],[92.23,11.53]]],[[[92.55,11.59],[92.56,11.57],[92.53,11.56],[92.53,11.61],[92.55,11.59]]],[[[92.71,11.91],[92.71,11.9],[92.7,11.9],[92.71,11.91]]],[[[92.59,11.92],[92.6,11.92],[92.6,11.91],[92.59,11.91],[92.59,11.92]]],[[[92.73,11.95],[92.73,11.94],[92.72,11.94],[92.72,11.95],[92.73,11.95]]],[[[92.72,11.96],[92.73,11.96],[92.73,11.95],[92.72,11.96]]],[[[92.59,11.97],[92.59,11.98],[92.6,11.98],[92.6,11.96],[92.59,11.97]]],[[[92.72,12.3],[92.72,12.26],[92.7,12.24],[92.7,12.3],[92.72,12.3]]],[[[92.68,12.53],[92.68,12.52],[92.67,12.52],[92.67,12.54],[92.68,12.53]]],[[[92.66,12.8],[92.67,12.8],[92.67,12.79],[92.66,12.79],[92.66,12.8]]],[[[92.7,13.08],[92.69,13.09],[92.72,13.1],[92.72,13.09],[92.7,13.08]]],[[[92.8,9.13],[92.8,9.12],[92.72,9.13],[92.72,9.22],[92.75,9.21],[92.78,9.25],[92.81,9.23],[92.83,9.18],[92.83,9.14],[92.8,9.13]]],[[[92.77,9.25],[92.77,9.26],[92.78,9.26],[92.78,9.25],[92.77,9.25]]],[[[92.75,11.7],[92.75,11.71],[92.76,11.71],[92.76,11.7],[92.75,11.7]]],[[[92.75,11.96],[92.76,11.97],[92.77,11.95],[92.74,11.95],[92.75,11.96]]],[[[92.92,12.22],[92.94,12.22],[92.94,12.21],[92.92,12.21],[92.92,12.22]]],[[[92.73,12.26],[92.74,12.26],[92.74,12.25],[92.73,12.25],[92.73,12.26]]],[[[92.91,12.26],[92.9,12.29],[92.94,12.28],[92.93,12.23],[92.91,12.26]]],[[[92.75,12.27],[92.74,12.27],[92.73,12.29],[92.75,12.29],[92.75,12.27]]],[[[92.91,12.36],[92.92,12.35],[92.91,12.35],[92.91,12.36]]],[[[92.95,12.42],[92.94,12.37],[92.92,12.37],[92.93,12.42],[92.95,12.42]]],[[[92.61,11.6],[92.61,11.62],[92.64,11.61],[92.64,11.64],[92.6,11.64],[92.6,11.7],[92.58,11.74],[92.56,11.69],[92.55,11.85],[92.52,11.83],[92.52,11.87],[92.54,11.92],[92.57,11.94],[92.58,11.86],[92.6,11.9],[92.61,11.84],[92.6,11.95],[92.63,12.04],[92.62,12.11],[92.64,12.14],[92.63,12.15],[92.64,12.18],[92.66,12.22],[92.68,12.22],[92.69,12.24],[92.71,12.23],[92.7,12.14],[92.72,12.18],[92.77,12.18],[92.77,12.24],[92.74,12.25],[92.78,12.28],[92.78,12.3],[92.72,12.3],[92.7,12.33],[92.71,12.6],[92.68,12.61],[92.71,12.61],[92.71,12.64],[92.73,12.63],[92.72,12.66],[92.74,12.66],[92.74,12.74],[92.71,12.72],[92.71,12.78],[92.69,12.79],[92.71,12.85],[92.67,12.84],[92.69,12.83],[92.69,12.81],[92.66,12.81],[92.65,12.83],[92.65,12.87],[92.68,12.93],[92.67,12.97],[92.68,12.99],[92.72,12.98],[92.73,12.87],[92.72,12.84],[92.74,12.82],[92.76,12.86],[92.79,12.86],[92.77,12.91],[92.79,12.91],[92.79,12.96],[92.82,13.0],[92.79,13.01],[92.79,13.06],[92.8,13.09],[92.82,13.1],[92.81,13.13],[92.84,13.13],[92.84,13.15],[92.81,13.15],[92.81,13.17],[92.83,13.17],[92.82,13.23],[92.85,13.24],[92.84,13.27],[92.82,13.27],[92.82,13.29],[92.84,13.3],[92.83,13.37],[92.87,13.39],[92.84,13.39],[92.84,13.41],[92.87,13.4],[92.87,13.47],[92.9,13.48],[92.9,13.5],[92.93,13.5],[92.91,13.52],[92.92,13.54],[92.99,13.53],[92.98,13.56],[93.01,13.55],[93.03,13.58],[93.04,13.55],[93.03,13.43],[93.04,13.4],[93.07,13.41],[93.06,13.36],[93.09,13.34],[93.07,13.33],[93.07,13.31],[93.06,13.33],[93.04,13.32],[93.05,13.35],[92.99,13.35],[92.99,13.33],[92.97,13.34],[92.97,13.32],[93.02,13.32],[93.01,13.28],[93.04,13.28],[93.04,13.26],[93.06,13.27],[93.05,13.25],[93.06,13.24],[93.03,13.19],[93.02,13.08],[93.03,13.06],[93.01,13.05],[93.01,13.03],[92.99,13.04],[92.96,13.01],[92.93,13.04],[92.94,13.07],[92.93,13.07],[92.91,13.07],[92.9,13.01],[92.94,12.97],[92.91,12.96],[92.9,13.0],[92.87,12.96],[92.87,12.92],[92.85,12.91],[92.87,12.91],[92.87,12.89],[92.92,12.91],[92.91,12.89],[92.93,12.88],[92.93,12.83],[92.95,12.82],[92.95,12.79],[92.93,12.77],[92.96,12.76],[92.97,12.74],[92.96,12.72],[92.98,12.72],[92.96,12.71],[92.95,12.61],[92.97,12.57],[92.97,12.52],[92.96,12.52],[92.93,12.48],[92.95,12.46],[92.92,12.45],[92.92,12.41],[92.89,12.43],[92.87,12.42],[92.87,12.4],[92.89,12.41],[92.88,12.38],[92.85,12.39],[92.85,12.37],[92.89,12.36],[92.9,12.34],[92.9,12.32],[92.87,12.32],[92.87,12.29],[92.91,12.25],[92.91,12.23],[92.89,12.23],[92.88,12.21],[92.87,12.22],[92.88,12.19],[92.85,12.2],[92.86,12.16],[92.84,12.15],[92.83,12.17],[92.83,12.16],[92.83,12.15],[92.82,12.15],[92.82,12.11],[92.79,12.09],[92.79,12.07],[92.76,12.07],[92.76,12.05],[92.78,12.05],[92.77,12.0],[92.71,11.97],[92.72,11.95],[92.7,11.94],[92.72,11.93],[92.72,11.91],[92.71,11.91],[92.7,11.91],[92.7,11.9],[92.7,11.88],[92.72,11.87],[92.72,11.84],[92.74,11.87],[92.74,11.93],[92.79,11.93],[92.78,11.91],[92.79,11.85],[92.77,11.82],[92.76,11.73],[92.74,11.71],[92.74,11.69],[92.72,11.71],[92.7,11.7],[92.69,11.66],[92.66,11.66],[92.67,11.62],[92.69,11.62],[92.7,11.65],[92.72,11.65],[92.72,11.68],[92.75,11.68],[92.76,11.66],[92.72,11.54],[92.72,11.49],[92.64,11.53],[92.65,11.58],[92.62,11.57],[92.62,11.54],[92.6,11.52],[92.59,11.56],[92.61,11.55],[92.6,11.57],[92.61,11.6]],[[92.65,11.64],[92.65,11.65],[92.64,11.65],[92.64,11.64],[92.65,11.64]],[[92.68,12.21],[92.69,12.21],[92.69,12.22],[92.68,12.22],[92.68,12.21]],[[92.73,12.75],[92.73,12.77],[92.72,12.77],[92.72,12.74],[92.73,12.75]],[[92.67,12.82],[92.68,12.82],[92.68,12.83],[92.67,12.82]],[[92.71,12.87],[92.71,12.86],[92.72,12.86],[92.72,12.87],[92.71,12.87]],[[92.76,12.84],[92.77,12.84],[92.77,12.85],[92.76,12.85],[92.76,12.84]],[[92.84,13.16],[92.84,13.17],[92.83,13.17],[92.84,13.16]],[[93.01,13.54],[93.02,13.54],[93.02,13.55],[93.01,13.55],[93.01,13.54]],[[92.97,13.35],[92.97,13.36],[92.96,13.36],[92.96,13.34],[92.97,13.35]],[[93.01,13.3],[92.99,13.31],[92.99,13.29],[93.0,13.3],[93.01,13.29],[93.01,13.3]],[[92.97,13.04],[92.96,13.04],[92.96,13.03],[92.97,13.03],[92.97,13.04]],[[92.87,12.43],[92.86,12.43],[92.86,12.42],[92.87,12.42],[92.87,12.43]],[[92.85,12.42],[92.84,12.43],[92.81,12.44],[92.81,12.41],[92.86,12.41],[92.85,12.42]],[[92.85,12.4],[92.82,12.4],[92.82,12.39],[92.84,12.38],[92.85,12.4]],[[92.88,12.34],[92.87,12.33],[92.89,12.33],[92.89,12.34],[92.88,12.34]],[[92.88,12.26],[92.88,12.25],[92.89,12.25],[92.89,12.26],[92.88,12.26]],[[92.82,12.17],[92.82,12.16],[92.83,12.16],[92.82,12.17]],[[92.8,12.11],[92.78,12.11],[92.78,12.1],[92.8,12.1],[92.8,12.11]],[[92.76,12.08],[92.75,12.08],[92.75,12.07],[92.76,12.07],[92.76,12.08]],[[92.77,12.03],[92.76,12.02],[92.77,12.02],[92.77,12.03]],[[92.7,11.87],[92.7,11.86],[92.71,11.86],[92.71,11.87],[92.7,11.87]],[[92.7,11.85],[92.71,11.85],[92.7,11.86],[92.7,11.85]],[[92.71,11.84],[92.71,11.82],[92.72,11.82],[92.72,11.84],[92.71,11.84]],[[92.7,11.61],[92.7,11.62],[92.69,11.62],[92.7,11.61]],[[92.61,11.58],[92.62,11.58],[92.62,11.59],[92.61,11.59],[92.61,11.58]],[[92.94,12.62],[92.95,12.62],[92.95,12.63],[92.94,12.63],[92.94,12.62]],[[92.85,12.45],[92.86,12.45],[92.86,12.46],[92.85,12.46],[92.85,12.45]],[[92.87,12.44],[92.89,12.44],[92.9,12.46],[92.86,12.45],[92.87,12.44]],[[92.85,12.47],[92.84,12.47],[92.84,12.46],[92.85,12.46],[92.85,12.47]],[[92.72,12.03],[92.72,12.02],[92.73,12.03],[92.72,12.03]],[[92.74,12.03],[92.74,12.04],[92.73,12.04],[92.73,12.03],[92.74,12.03]],[[92.83,12.22],[92.83,12.21],[92.84,12.21],[92.83,12.22]],[[92.79,12.62],[92.79,12.63],[92.78,12.63],[92.78,12.62],[92.79,12.62]],[[92.85,12.93],[92.86,12.93],[92.86,12.94],[92.85,12.94],[92.85,12.93]],[[92.82,13.08],[92.81,13.07],[92.82,13.07],[92.82,13.08]],[[92.85,13.22],[92.86,13.22],[92.85,13.23],[92.85,13.22]],[[92.88,13.04],[92.89,13.04],[92.89,13.05],[92.88,13.05],[92.88,13.04]],[[92.88,13.06],[92.87,13.06],[92.87,13.05],[92.88,13.05],[92.88,13.06]],[[92.87,13.07],[92.86,13.07],[92.86,13.06],[92.87,13.06],[92.87,13.07]],[[92.86,13.08],[92.85,13.08],[92.85,13.07],[92.86,13.07],[92.86,13.08]],[[92.9,13.09],[92.9,13.1],[92.89,13.1],[92.89,13.09],[92.9,13.09]],[[92.93,13.08],[92.94,13.08],[92.94,13.09],[92.93,13.09],[92.93,13.08]],[[93.02,13.43],[93.02,13.44],[93.01,13.44],[93.01,13.43],[93.02,13.43]],[[92.73,12.01],[92.74,12.01],[92.74,12.02],[92.73,12.02],[92.73,12.01]],[[92.73,12.11],[92.73,12.08],[92.74,12.08],[92.74,12.11],[92.73,12.11]],[[92.74,12.13],[92.74,12.12],[92.75,12.12],[92.75,12.13],[92.74,12.13]],[[92.67,12.19],[92.68,12.19],[92.68,12.2],[92.67,12.2],[92.67,12.19]],[[92.73,12.78],[92.74,12.78],[92.74,12.79],[92.73,12.79],[92.73,12.78]],[[92.75,12.16],[92.75,12.14],[92.76,12.14],[92.76,12.16],[92.75,12.16]],[[92.79,12.31],[92.79,12.3],[92.8,12.3],[92.8,12.31],[92.79,12.31]],[[92.78,12.32],[92.77,12.32],[92.77,12.31],[92.78,12.31],[92.78,12.32]],[[92.79,12.69],[92.78,12.7],[92.77,12.68],[92.78,12.66],[92.8,12.66],[92.79,12.69]],[[92.79,12.81],[92.78,12.83],[92.78,12.78],[92.79,12.78],[92.79,12.81]],[[92.86,12.24],[92.86,12.23],[92.87,12.23],[92.87,12.25],[92.86,12.24]],[[92.84,12.31],[92.82,12.31],[92.82,12.3],[92.85,12.3],[92.84,12.31]],[[92.84,12.49],[92.84,12.5],[92.83,12.5],[92.83,12.48],[92.84,12.49]],[[92.83,12.89],[92.83,12.9],[92.82,12.9],[92.82,12.89],[92.83,12.89]],[[92.89,13.4],[92.89,13.41],[92.88,13.41],[92.88,13.4],[92.89,13.4]],[[93.04,13.36],[93.04,13.37],[93.03,13.36],[93.04,13.36]],[[93.05,13.37],[93.05,13.38],[93.03,13.38],[93.03,13.37],[93.04,13.37],[93.05,13.37]]],[[[92.75,12.89],[92.75,12.91],[92.76,12.91],[92.76,12.89],[92.75,12.89]]],[[[92.89,12.92],[92.9,12.92],[92.9,12.91],[92.89,12.91],[92.89,12.92]]],[[[92.94,12.91],[92.93,12.91],[92.93,12.92],[92.94,12.92],[92.94,12.91]]],[[[92.76,12.93],[92.77,12.93],[92.77,12.92],[92.76,12.92],[92.76,12.93]]],[[[92.8,12.99],[92.8,12.98],[92.79,12.98],[92.79,12.99],[92.8,12.99]]],[[[92.91,13.02],[92.94,13.03],[92.94,13.0],[92.92,13.0],[92.91,13.02]]],[[[92.93,13.07],[92.93,13.06],[92.92,13.06],[92.93,13.07]]],[[[92.82,13.42],[92.82,13.41],[92.81,13.41],[92.81,13.42],[92.82,13.42]]],[[[92.82,13.43],[92.82,13.44],[92.84,13.44],[92.84,13.42],[92.82,13.43]]],[[[92.91,13.54],[92.91,13.53],[92.9,13.53],[92.9,13.54],[92.91,13.54]]],[[[92.88,13.58],[92.88,13.59],[92.89,13.59],[92.89,13.58],[92.88,13.58]]],[[[92.9,13.59],[92.89,13.59],[92.89,13.6],[92.9,13.6],[92.9,13.59]]],[[[93.21,8.24],[93.21,8.26],[93.23,8.27],[93.24,8.23],[93.21,8.24]]],[[[93.12,8.26],[93.18,8.23],[93.19,8.2],[93.11,8.22],[93.11,8.24],[93.09,8.24],[93.07,8.28],[93.08,8.33],[93.11,8.36],[93.13,8.35],[93.12,8.26]]],[[[93.05,8.45],[93.03,8.44],[93.03,8.47],[93.04,8.47],[93.05,8.45]]],[[[93.01,11.85],[93.07,11.84],[93.06,11.81],[93.01,11.83],[93.01,11.85]]],[[[93.0,12.15],[93.03,12.15],[93.02,12.11],[93.05,12.08],[93.04,12.05],[93.0,12.1],[93.01,11.98],[93.05,11.92],[93.04,11.88],[93.02,11.89],[93.0,11.95],[92.97,11.95],[92.97,11.97],[92.93,11.99],[92.93,12.01],[92.96,12.02],[92.96,12.05],[92.98,12.05],[92.95,12.08],[92.95,12.15],[93.0,12.15]],[[92.98,12.04],[92.99,12.04],[92.99,12.05],[92.98,12.05],[92.98,12.04]],[[92.97,12.12],[92.96,12.12],[92.96,12.11],[92.97,12.11],[92.97,12.12]]],[[[93.12,12.14],[93.12,12.13],[93.11,12.13],[93.11,12.15],[93.12,12.14]]],[[[93.04,12.15],[93.07,12.21],[93.09,12.18],[93.08,12.16],[93.09,12.1],[93.07,12.08],[93.04,12.15]],[[93.06,12.12],[93.07,12.12],[93.07,12.13],[93.06,12.13],[93.06,12.12]]],[[[93.02,12.17],[93.03,12.17],[93.03,12.16],[93.02,12.16],[93.02,12.17]]],[[[93.07,12.21],[93.08,12.21],[93.08,12.2],[93.07,12.21]]],[[[93.08,12.23],[93.06,12.23],[93.07,12.26],[93.08,12.24],[93.1,12.24],[93.1,12.21],[93.08,12.23]]],[[[93.02,12.28],[93.03,12.28],[93.03,12.27],[93.02,12.27],[93.02,12.28]]],[[[92.96,12.42],[92.95,12.42],[92.95,12.43],[92.96,12.43],[92.96,12.42]]],[[[92.96,12.48],[92.96,12.47],[92.95,12.47],[92.95,12.48],[92.96,12.48]]],[[[92.95,12.49],[92.95,12.5],[92.97,12.5],[92.97,12.49],[92.95,12.49]]],[[[92.95,12.84],[92.95,12.83],[92.94,12.83],[92.94,12.84],[92.95,12.84]]],[[[92.96,12.94],[92.95,12.97],[92.99,12.96],[92.98,12.94],[92.96,12.94]]],[[[92.99,12.98],[92.98,12.97],[92.98,12.98],[92.99,12.98]]],[[[93.07,13.37],[93.08,13.36],[93.07,13.36],[93.07,13.37]]],[[[93.1,13.43],[93.09,13.43],[93.1,13.44],[93.1,13.43]]],[[[93.05,13.57],[93.06,13.57],[93.06,13.56],[93.05,13.56],[93.05,13.57]]],[[[93.04,13.64],[93.05,13.64],[93.05,13.63],[93.04,13.63],[93.04,13.64]]],[[[93.02,13.65],[93.03,13.63],[92.98,13.66],[93.02,13.66],[93.02,13.65]]],[[[93.05,13.65],[93.06,13.65],[93.05,13.64],[93.05,13.65]]],[[[93.8,6.79],[93.81,6.79],[93.78,6.83],[93.79,6.85],[93.77,6.85],[93.76,6.92],[93.73,6.92],[93.74,6.96],[93.66,7.04],[93.65,7.13],[93.67,7.14],[93.66,7.16],[93.67,7.19],[93.8,7.21],[93.81,7.24],[93.84,7.24],[93.83,7.22],[93.86,7.22],[93.87,7.2],[93.88,7.08],[93.9,7.08],[93.91,7.02],[93.93,7.03],[93.91,6.99],[93.94,6.95],[93.91,6.95],[93.91,6.91],[93.89,6.91],[93.9,6.81],[93.87,6.8],[93.85,6.82],[93.84,6.77],[93.82,6.75],[93.8,6.76],[93.81,6.77],[93.8,6.79]],[[93.81,6.81],[93.81,6.82],[93.8,6.82],[93.8,6.81],[93.81,6.81]],[[93.78,6.89],[93.78,6.9],[93.77,6.9],[93.77,6.89],[93.78,6.89]],[[93.78,6.88],[93.78,6.87],[93.79,6.87],[93.79,6.88],[93.78,6.88]]],[[[93.93,7.0],[93.93,7.01],[93.94,7.01],[93.94,7.0],[93.93,7.0]]],[[[93.67,7.01],[93.67,7.0],[93.66,7.0],[93.66,7.02],[93.67,7.01]]],[[[93.71,7.21],[93.7,7.21],[93.7,7.22],[93.71,7.22],[93.71,7.21]]],[[[93.69,7.3],[93.66,7.28],[93.65,7.25],[93.62,7.26],[93.61,7.31],[93.63,7.33],[93.62,7.38],[93.64,7.37],[93.69,7.4],[93.69,7.38],[93.71,7.38],[93.71,7.4],[93.74,7.38],[93.74,7.35],[93.69,7.3]]],[[[93.67,7.41],[93.68,7.41],[93.68,7.4],[93.67,7.4],[93.67,7.41]]],[[[93.75,7.41],[93.76,7.41],[93.76,7.4],[93.75,7.4],[93.75,7.41]]],[[[93.71,7.42],[93.71,7.4],[93.69,7.4],[93.7,7.44],[93.71,7.42]]],[[[93.7,7.44],[93.69,7.44],[93.69,7.45],[93.7,7.45],[93.7,7.44]]],[[[93.63,7.48],[93.64,7.48],[93.64,7.47],[93.63,7.47],[93.63,7.48]]],[[[93.52,7.52],[93.52,7.53],[93.53,7.53],[93.53,7.52],[93.52,7.52]]],[[[93.43,7.96],[93.46,7.93],[93.45,7.87],[93.42,7.91],[93.38,7.9],[93.37,7.88],[93.34,7.89],[93.33,7.92],[93.35,7.93],[93.35,7.96],[93.32,7.93],[93.3,7.95],[93.31,8.0],[93.36,8.02],[93.39,8.02],[93.4,8.01],[93.39,7.97],[93.43,7.96]]],[[[93.54,7.96],[93.5,7.98],[93.5,8.0],[93.52,8.0],[93.52,8.03],[93.53,8.0],[93.54,8.03],[93.56,8.02],[93.57,7.93],[93.54,7.96]]],[[[93.51,8.04],[93.5,8.04],[93.5,8.05],[93.52,8.05],[93.51,8.04]]],[[[93.57,8.05],[93.56,8.07],[93.58,8.07],[93.59,8.04],[93.57,8.05]]],[[[93.57,8.08],[93.56,8.09],[93.56,8.13],[93.58,8.12],[93.57,8.08]]],[[[93.47,8.09],[93.45,8.12],[93.45,8.18],[93.47,8.18],[93.49,8.23],[93.54,8.23],[93.53,8.18],[93.51,8.18],[93.49,8.15],[93.51,8.11],[93.54,8.09],[93.54,8.04],[93.5,8.09],[93.49,8.05],[93.5,8.0],[93.48,8.0],[93.47,8.09]]],[[[93.63,8.39],[93.63,8.4],[93.64,8.4],[93.64,8.39],[93.63,8.39]]],[[[93.61,8.44],[93.61,8.45],[93.62,8.45],[93.62,8.43],[93.61,8.44]]],[[[93.61,8.47],[93.61,8.48],[93.63,8.49],[93.62,8.46],[93.61,8.47]]],[[[93.61,8.52],[93.61,8.53],[93.63,8.53],[93.63,8.51],[93.61,8.52]]],[[[93.61,8.55],[93.6,8.54],[93.6,8.58],[93.61,8.58],[93.61,8.55]]]]}},{"type":"Feature","properties":{"k":"BIHAR","n":"BIHAR","c":"10"},"geometry":{"type":"MultiPolygon","coordinates":[[[[86.03,24.74],[86.03,24.75],[86.05,24.75],[86.05,24.74],[86.03,24.74]]],[[[88.0,25.5],[88.0,25.51],[88.01,25.5],[88.0,25.5]]],[[[84.3,25.67],[84.29,25.67],[84.3,25.68],[84.3,25.67]]],[[[84.47,24.33],[84.46,24.34],[84.42,24.33],[84.43,24.36],[84.4,24.36],[84.39,24.39],[84.37,24.38],[84.33,24.4],[84.32,24.42],[84.33,24.44],[84.29,24.46],[84.31,24.49],[84.33,24.49],[84.3,24.56],[84.27,24.56],[84.28,24.54],[84.26,24.53],[84.24,24.55],[84.22,24.55],[84.22,24.53],[84.2,24.55],[84.17,24.55],[84.18,24.51],[84.15,24.51],[84.16,24.53],[84.14,24.54],[84.13,24.48],[84.1,24.48],[84.08,24.51],[84.09,24.54],[84.07,24.55],[84.05,24.61],[84.02,24.64],[83.99,24.63],[83.98,24.59],[83.94,24.55],[83.88,24.53],[83.79,24.53],[83.73,24.5],[83.5,24.53],[83.53,24.56],[83.52,24.6],[83.55,24.63],[83.5,24.65],[83.5,24.67],[83.52,24.68],[83.48,24.7],[83.49,24.74],[83.46,24.73],[83.43,24.77],[83.39,24.78],[83.4,24.83],[83.36,24.87],[83.37,24.88],[83.35,24.91],[83.36,24.96],[83.34,24.96],[83.35,25.01],[83.32,25.01],[83.34,25.09],[83.37,25.12],[83.35,25.19],[83.4,25.21],[83.41,25.25],[83.43,25.24],[83.45,25.26],[83.47,25.25],[83.48,25.28],[83.52,25.28],[83.52,25.3],[83.54,25.3],[83.54,25.32],[83.58,25.31],[83.59,25.33],[83.65,25.34],[83.66,25.37],[83.7,25.38],[83.69,25.39],[83.7,25.4],[83.71,25.39],[83.73,25.41],[83.8,25.4],[83.81,25.41],[83.8,25.43],[83.82,25.44],[83.85,25.43],[83.84,25.45],[83.81,25.46],[83.85,25.46],[83.88,25.5],[83.87,25.52],[83.9,25.52],[83.91,25.55],[83.95,25.56],[84.02,25.62],[84.07,25.63],[84.09,25.65],[84.07,25.7],[84.09,25.72],[84.16,25.73],[84.2,25.7],[84.22,25.66],[84.3,25.66],[84.33,25.68],[84.33,25.74],[84.39,25.75],[84.39,25.73],[84.41,25.72],[84.4,25.7],[84.43,25.69],[84.43,25.71],[84.46,25.71],[84.49,25.68],[84.53,25.68],[84.54,25.73],[84.54,25.69],[84.56,25.68],[84.56,25.74],[84.63,25.73],[84.63,25.75],[84.61,25.75],[84.62,25.8],[84.56,25.84],[84.53,25.83],[84.54,25.86],[84.53,25.88],[84.51,25.87],[84.49,25.89],[84.48,25.88],[84.43,25.89],[84.4,25.94],[84.36,25.96],[84.3,25.94],[84.24,25.99],[84.21,26.0],[84.17,25.99],[84.17,26.03],[84.1,26.1],[84.05,26.1],[84.05,26.13],[84.01,26.17],[84.01,26.19],[84.03,26.2],[84.03,26.22],[84.01,26.23],[84.02,26.24],[84.09,26.22],[84.1,26.24],[84.12,26.24],[84.12,26.26],[84.15,26.25],[84.18,26.26],[84.19,26.32],[84.17,26.33],[84.18,26.37],[84.12,26.39],[84.08,26.38],[84.07,26.4],[84.03,26.41],[84.02,26.45],[84.0,26.45],[83.99,26.43],[83.92,26.44],[83.91,26.52],[83.94,26.53],[83.95,26.51],[83.97,26.51],[83.98,26.53],[84.06,26.54],[84.06,26.57],[84.09,26.6],[84.09,26.64],[84.1,26.63],[84.16,26.64],[84.16,26.62],[84.19,26.63],[84.27,26.6],[84.42,26.63],[84.41,26.67],[84.33,26.68],[84.31,26.75],[84.28,26.75],[84.26,26.73],[84.23,26.75],[84.26,26.78],[84.25,26.82],[84.26,26.85],[84.24,26.87],[84.21,26.87],[84.18,26.85],[84.18,26.83],[84.16,26.83],[84.14,26.85],[84.15,26.88],[84.13,26.88],[84.12,26.9],[84.11,26.88],[84.07,26.88],[84.05,26.9],[84.06,26.93],[84.03,26.94],[84.05,26.95],[84.05,27.05],[84.03,27.04],[84.02,27.06],[84.0,27.06],[84.03,27.08],[84.03,27.1],[84.02,27.11],[83.95,27.08],[83.95,27.12],[83.99,27.17],[83.99,27.2],[83.96,27.24],[83.91,27.25],[83.93,27.32],[83.9,27.33],[83.88,27.31],[83.84,27.32],[83.88,27.36],[83.88,27.38],[83.83,27.43],[83.85,27.45],[84.04,27.44],[84.07,27.47],[84.06,27.48],[84.1,27.5],[84.1,27.52],[84.15,27.52],[84.15,27.48],[84.21,27.47],[84.21,27.44],[84.23,27.46],[84.26,27.45],[84.26,27.43],[84.28,27.43],[84.29,27.38],[84.31,27.39],[84.35,27.37],[84.44,27.37],[84.47,27.35],[84.5,27.36],[84.62,27.34],[84.69,27.23],[84.68,27.11],[84.64,27.07],[84.65,27.04],[84.75,27.0],[84.77,27.02],[84.79,27.0],[84.81,27.02],[84.84,27.02],[84.86,26.98],[84.97,26.96],[84.98,26.91],[85.0,26.91],[85.01,26.89],[85.06,26.89],[85.02,26.86],[85.03,26.85],[85.07,26.85],[85.09,26.87],[85.19,26.87],[85.18,26.8],[85.2,26.76],[85.34,26.74],[85.35,26.76],[85.38,26.76],[85.4,26.79],[85.46,26.78],[85.54,26.84],[85.55,26.83],[85.57,26.84],[85.57,26.86],[85.59,26.85],[85.64,26.87],[85.64,26.85],[85.69,26.84],[85.73,26.81],[85.74,26.78],[85.72,26.69],[85.73,26.65],[85.76,26.63],[85.8,26.63],[85.8,26.61],[85.82,26.6],[85.85,26.61],[85.86,26.6],[85.85,26.57],[85.89,26.58],[85.93,26.62],[85.95,26.61],[85.95,26.65],[86.03,26.67],[86.07,26.66],[86.08,26.64],[86.14,26.63],[86.14,26.61],[86.18,26.62],[86.21,26.59],[86.23,26.59],[86.26,26.62],[86.29,26.61],[86.34,26.62],[86.35,26.6],[86.46,26.57],[86.49,26.54],[86.54,26.54],[86.56,26.5],[86.62,26.49],[86.63,26.46],[86.7,26.45],[86.74,26.42],[86.76,26.46],[86.81,26.44],[86.89,26.46],[86.89,26.49],[86.93,26.49],[86.93,26.52],[87.0,26.52],[87.04,26.56],[87.04,26.59],[87.07,26.59],[87.08,26.49],[87.11,26.43],[87.16,26.4],[87.24,26.42],[87.27,26.41],[87.27,26.37],[87.31,26.37],[87.34,26.35],[87.36,26.36],[87.35,26.38],[87.37,26.41],[87.46,26.44],[87.5,26.44],[87.61,26.38],[87.65,26.39],[87.65,26.41],[87.68,26.42],[87.68,26.44],[87.72,26.41],[87.74,26.42],[87.77,26.41],[87.79,26.47],[87.85,26.44],[87.88,26.48],[87.9,26.48],[87.9,26.45],[87.93,26.44],[87.92,26.43],[87.95,26.4],[87.98,26.4],[87.99,26.37],[88.02,26.36],[88.03,26.39],[88.07,26.41],[88.1,26.45],[88.09,26.47],[88.11,26.47],[88.1,26.53],[88.12,26.54],[88.13,26.52],[88.15,26.52],[88.18,26.56],[88.21,26.55],[88.22,26.56],[88.21,26.57],[88.23,26.57],[88.24,26.54],[88.19,26.52],[88.18,26.5],[88.2,26.48],[88.23,26.49],[88.22,26.47],[88.26,26.43],[88.24,26.38],[88.29,26.37],[88.3,26.35],[88.28,26.35],[88.29,26.33],[88.25,26.33],[88.23,26.28],[88.18,26.27],[88.18,26.25],[88.14,26.25],[88.14,26.23],[88.12,26.23],[88.08,26.18],[88.03,26.18],[88.0,26.14],[87.99,26.15],[87.99,26.1],[87.96,26.1],[87.98,26.09],[87.98,26.07],[87.94,26.06],[87.93,26.08],[87.91,26.08],[87.89,26.04],[87.85,26.02],[87.85,25.96],[87.83,25.95],[87.84,25.93],[87.82,25.94],[87.81,25.93],[87.83,25.87],[87.91,25.86],[87.9,25.82],[87.92,25.82],[87.91,25.78],[87.95,25.77],[87.97,25.72],[88.05,25.7],[88.06,25.64],[88.04,25.64],[88.02,25.58],[88.04,25.58],[88.03,25.55],[88.07,25.53],[88.07,25.49],[88.03,25.49],[88.02,25.51],[88.01,25.51],[88.0,25.51],[87.99,25.51],[87.97,25.54],[87.92,25.54],[87.91,25.51],[87.87,25.5],[87.86,25.46],[87.84,25.47],[87.83,25.44],[87.79,25.45],[87.76,25.38],[87.79,25.38],[87.78,25.34],[87.79,25.33],[87.85,25.31],[87.85,25.26],[87.83,25.25],[87.71,25.26],[87.71,25.28],[87.69,25.28],[87.7,25.31],[87.64,25.32],[87.62,25.31],[87.59,25.32],[87.58,25.35],[87.57,25.33],[87.55,25.33],[87.54,25.28],[87.49,25.3],[87.5,25.26],[87.47,25.24],[87.48,25.19],[87.41,25.21],[87.4,25.23],[87.38,25.21],[87.33,25.22],[87.32,25.16],[87.3,25.14],[87.3,25.09],[87.24,25.11],[87.24,25.09],[87.21,25.09],[87.15,25.03],[87.16,24.88],[87.1,24.85],[87.09,24.82],[87.07,24.82],[87.09,24.78],[87.07,24.75],[87.08,24.74],[87.07,24.69],[87.05,24.67],[87.05,24.61],[87.03,24.61],[87.02,24.63],[86.99,24.62],[86.98,24.64],[86.96,24.63],[86.94,24.64],[86.93,24.61],[86.91,24.6],[86.92,24.55],[86.9,24.55],[86.89,24.57],[86.84,24.56],[86.84,24.58],[86.8,24.57],[86.81,24.6],[86.79,24.62],[86.75,24.62],[86.75,24.59],[86.7,24.57],[86.65,24.57],[86.6,24.61],[86.59,24.57],[86.56,24.57],[86.55,24.54],[86.52,24.54],[86.49,24.49],[86.5,24.44],[86.47,24.42],[86.47,24.38],[86.44,24.37],[86.41,24.38],[86.4,24.42],[86.28,24.46],[86.28,24.48],[86.31,24.51],[86.3,24.59],[86.26,24.58],[86.23,24.61],[86.21,24.61],[86.22,24.6],[86.21,24.59],[86.16,24.58],[86.14,24.61],[86.12,24.61],[86.13,24.7],[86.11,24.74],[86.05,24.75],[86.06,24.78],[85.98,24.75],[85.97,24.73],[85.94,24.73],[85.9,24.76],[85.89,24.8],[85.82,24.81],[85.8,24.79],[85.73,24.82],[85.72,24.78],[85.7,24.77],[85.71,24.72],[85.68,24.69],[85.65,24.69],[85.65,24.67],[85.67,24.66],[85.66,24.64],[85.68,24.62],[85.68,24.59],[85.61,24.58],[85.57,24.6],[85.57,24.56],[85.54,24.56],[85.55,24.54],[85.53,24.52],[85.5,24.55],[85.44,24.53],[85.39,24.54],[85.37,24.52],[85.37,24.53],[85.28,24.52],[85.29,24.49],[85.25,24.49],[85.23,24.46],[85.15,24.46],[85.18,24.42],[85.13,24.41],[85.12,24.39],[85.1,24.39],[85.1,24.37],[85.07,24.38],[85.08,24.43],[85.06,24.41],[85.03,24.42],[85.01,24.41],[85.0,24.39],[84.98,24.39],[84.98,24.37],[84.9,24.37],[84.91,24.39],[84.88,24.42],[84.89,24.46],[84.85,24.47],[84.84,24.45],[84.83,24.47],[84.84,24.52],[84.8,24.53],[84.79,24.5],[84.75,24.5],[84.73,24.47],[84.7,24.47],[84.68,24.45],[84.67,24.39],[84.57,24.41],[84.57,24.38],[84.53,24.38],[84.53,24.33],[84.5,24.29],[84.47,24.33]],[[84.34,24.42],[84.34,24.43],[84.33,24.43],[84.34,24.42]],[[84.16,26.24],[84.17,26.24],[84.16,26.25],[84.16,26.24]],[[87.9,25.78],[87.9,25.77],[87.91,25.77],[87.91,25.78],[87.9,25.78]],[[86.35,24.45],[86.34,24.45],[86.35,24.44],[86.35,24.45]],[[86.32,24.58],[86.32,24.59],[86.31,24.59],[86.31,24.58],[86.32,24.58]],[[85.4,24.55],[85.39,24.55],[85.4,24.54],[85.4,24.55]],[[85.38,24.56],[85.37,24.55],[85.39,24.55],[85.38,24.56]],[[84.51,24.33],[84.5,24.33],[84.5,24.32],[84.51,24.32],[84.51,24.33]]],[[[88.11,26.55],[88.11,26.54],[88.1,26.54],[88.1,26.55],[88.11,26.55]]]]}},{"type":"Feature","properties":{"k":"ODISHA","n":"ODISHA","c":"21"},"geometry":{"type":"MultiPolygon","coordinates":[[[[83.04,18.59],[83.04,18.6],[83.05,18.6],[83.05,18.59],[83.04,18.59]]],[[[84.4,18.89],[84.4,18.88],[84.39,18.88],[84.39,18.89],[84.4,18.89]]],[[[83.36,18.96],[83.37,18.96],[83.37,18.94],[83.35,18.94],[83.35,18.97],[83.36,18.96]]],[[[86.39,19.96],[86.39,19.97],[86.4,19.97],[86.4,19.96],[86.39,19.96]]],[[[82.6,18.31],[82.58,18.32],[82.61,18.33],[82.6,18.35],[82.62,18.36],[82.6,18.39],[82.54,18.4],[82.56,18.45],[82.52,18.46],[82.53,18.52],[82.49,18.52],[82.48,18.55],[82.46,18.54],[82.46,18.52],[82.44,18.52],[82.44,18.49],[82.41,18.48],[82.4,18.45],[82.38,18.45],[82.37,18.43],[82.38,18.36],[82.34,18.32],[82.39,18.33],[82.39,18.29],[82.34,18.28],[82.32,18.23],[82.34,18.23],[82.31,18.21],[82.31,18.18],[82.37,18.16],[82.37,18.14],[82.34,18.15],[82.33,18.13],[82.33,18.1],[82.35,18.1],[82.34,18.05],[82.31,18.05],[82.3,18.07],[82.27,18.06],[82.26,17.99],[82.18,18.02],[82.17,18.05],[82.09,18.06],[82.07,18.08],[82.07,18.06],[82.04,18.07],[82.01,18.06],[82.0,18.05],[82.01,18.03],[81.99,18.03],[81.96,18.0],[81.93,17.99],[81.92,18.0],[81.91,17.98],[81.85,17.96],[81.81,17.96],[81.79,17.92],[81.77,17.92],[81.72,17.87],[81.7,17.9],[81.67,17.89],[81.65,17.85],[81.63,17.83],[81.62,17.84],[81.62,17.82],[81.59,17.84],[81.5,17.81],[81.48,17.82],[81.48,17.84],[81.43,17.83],[81.42,17.81],[81.39,17.82],[81.4,17.9],[81.44,17.88],[81.45,17.94],[81.48,17.97],[81.48,18.06],[81.51,18.09],[81.51,18.14],[81.53,18.15],[81.51,18.18],[81.53,18.27],[81.56,18.27],[81.6,18.31],[81.66,18.32],[81.66,18.35],[81.75,18.35],[81.77,18.42],[81.86,18.49],[81.86,18.52],[81.91,18.54],[81.91,18.57],[81.96,18.58],[81.96,18.6],[81.9,18.63],[81.89,18.66],[81.95,18.64],[81.97,18.7],[82.01,18.72],[82.09,18.72],[82.09,18.77],[82.1,18.76],[82.15,18.78],[82.17,18.81],[82.16,18.88],[82.18,18.89],[82.18,18.91],[82.25,18.92],[82.23,19.03],[82.2,19.06],[82.22,19.1],[82.19,19.13],[82.17,19.12],[82.17,19.15],[82.19,19.17],[82.16,19.2],[82.17,19.21],[82.16,19.29],[82.18,19.3],[82.19,19.34],[82.15,19.35],[82.15,19.38],[82.18,19.38],[82.19,19.43],[82.18,19.44],[82.12,19.43],[82.1,19.47],[82.11,19.47],[82.1,19.52],[82.03,19.51],[82.05,19.53],[82.04,19.61],[82.06,19.62],[82.04,19.71],[82.07,19.79],[81.99,19.8],[81.97,19.82],[81.96,19.87],[81.93,19.87],[81.85,19.92],[81.86,19.95],[81.84,19.95],[81.86,19.97],[81.87,20.05],[81.89,20.04],[81.95,20.11],[81.99,20.07],[81.99,20.05],[82.02,20.05],[82.02,20.02],[82.04,20.02],[82.08,20.06],[82.11,20.02],[82.17,20.01],[82.18,19.99],[82.25,20.0],[82.33,19.84],[82.38,19.86],[82.38,19.88],[82.42,19.91],[82.44,19.9],[82.49,19.91],[82.52,19.88],[82.54,19.89],[82.56,19.87],[82.6,19.87],[82.6,19.85],[82.58,19.84],[82.58,19.78],[82.63,19.79],[82.65,19.83],[82.71,19.83],[82.72,19.85],[82.71,20.0],[82.59,19.99],[82.58,20.01],[82.55,20.02],[82.53,20.01],[82.49,20.02],[82.48,20.04],[82.4,20.05],[82.39,20.17],[82.41,20.17],[82.42,20.19],[82.41,20.27],[82.44,20.29],[82.43,20.32],[82.4,20.33],[82.4,20.35],[82.44,20.44],[82.43,20.47],[82.4,20.46],[82.39,20.52],[82.35,20.53],[82.35,20.55],[82.33,20.56],[82.35,20.57],[82.34,20.6],[82.38,20.63],[82.37,20.68],[82.35,20.69],[82.34,20.76],[82.35,20.89],[82.36,20.87],[82.41,20.87],[82.42,20.83],[82.47,20.83],[82.47,20.85],[82.49,20.86],[82.49,20.91],[82.56,20.94],[82.59,21.0],[82.62,21.02],[82.63,21.05],[82.61,21.06],[82.61,21.08],[82.65,21.1],[82.64,21.16],[82.66,21.15],[82.69,21.17],[82.7,21.16],[82.76,21.17],[82.77,21.15],[82.8,21.15],[82.85,21.17],[82.89,21.15],[82.9,21.17],[82.93,21.16],[82.95,21.17],[82.95,21.19],[82.97,21.19],[82.99,21.18],[82.98,21.17],[83.0,21.17],[82.99,21.14],[83.02,21.15],[83.07,21.11],[83.14,21.11],[83.16,21.14],[83.2,21.14],[83.22,21.27],[83.28,21.29],[83.26,21.31],[83.27,21.38],[83.39,21.34],[83.41,21.35],[83.4,21.41],[83.37,21.43],[83.37,21.45],[83.35,21.45],[83.34,21.51],[83.37,21.55],[83.38,21.62],[83.44,21.65],[83.42,21.69],[83.45,21.69],[83.49,21.74],[83.47,21.78],[83.49,21.79],[83.49,21.82],[83.51,21.8],[83.54,21.8],[83.53,21.82],[83.54,21.84],[83.57,21.83],[83.59,21.84],[83.57,21.88],[83.61,21.92],[83.56,21.93],[83.56,21.95],[83.54,21.96],[83.54,22.06],[83.6,22.06],[83.56,22.11],[83.61,22.15],[83.62,22.2],[83.67,22.24],[83.7,22.25],[83.76,22.24],[83.79,22.27],[83.79,22.29],[83.83,22.29],[83.82,22.32],[83.85,22.32],[83.85,22.34],[84.01,22.37],[84.01,22.4],[84.05,22.44],[84.05,22.47],[83.98,22.5],[83.99,22.53],[84.01,22.52],[84.03,22.53],[84.05,22.51],[84.08,22.51],[84.08,22.49],[84.1,22.48],[84.14,22.48],[84.14,22.42],[84.16,22.4],[84.19,22.38],[84.25,22.38],[84.29,22.34],[84.43,22.35],[84.43,22.38],[84.47,22.38],[84.48,22.39],[84.47,22.41],[84.53,22.43],[84.75,22.42],[84.76,22.45],[84.82,22.45],[84.82,22.43],[84.88,22.45],[84.89,22.42],[84.91,22.42],[84.95,22.46],[84.98,22.45],[85.03,22.48],[85.08,22.48],[85.06,22.44],[85.09,22.4],[85.08,22.38],[85.09,22.31],[85.12,22.32],[85.11,22.31],[85.12,22.29],[85.1,22.3],[85.09,22.28],[85.07,22.28],[85.08,22.25],[85.05,22.18],[85.03,22.17],[85.02,22.11],[85.04,22.12],[85.1,22.11],[85.12,22.07],[85.16,22.08],[85.16,22.06],[85.18,22.07],[85.22,22.05],[85.23,22.01],[85.25,22.02],[85.27,22.08],[85.32,22.13],[85.36,22.13],[85.37,22.16],[85.43,22.16],[85.49,22.12],[85.52,22.12],[85.54,22.09],[85.59,22.08],[85.66,22.09],[85.69,22.05],[85.75,22.07],[85.77,22.1],[85.82,22.11],[85.82,22.09],[85.84,22.08],[85.79,22.08],[85.76,22.0],[85.78,21.98],[85.82,21.99],[85.91,21.97],[85.91,22.0],[85.95,22.02],[85.97,22.07],[86.01,22.11],[86.0,22.15],[86.03,22.18],[86.03,22.2],[86.0,22.21],[85.97,22.25],[85.99,22.25],[85.99,22.27],[86.02,22.3],[86.04,22.3],[86.02,22.31],[86.03,22.33],[86.0,22.34],[86.02,22.35],[86.03,22.4],[86.02,22.43],[85.99,22.43],[85.96,22.46],[85.96,22.49],[85.98,22.52],[86.01,22.51],[86.03,22.53],[86.02,22.54],[86.03,22.56],[86.05,22.57],[86.08,22.55],[86.11,22.49],[86.19,22.48],[86.22,22.47],[86.22,22.45],[86.26,22.44],[86.28,22.45],[86.31,22.42],[86.32,22.38],[86.4,22.32],[86.45,22.31],[86.47,22.34],[86.5,22.35],[86.53,22.32],[86.53,22.3],[86.59,22.3],[86.6,22.28],[86.65,22.27],[86.65,22.24],[86.67,22.24],[86.68,22.22],[86.73,22.22],[86.72,22.15],[86.8,22.16],[86.81,22.12],[86.83,22.12],[86.84,22.1],[86.97,22.09],[86.99,22.05],[87.03,22.04],[87.02,22.03],[87.03,21.98],[87.0,21.93],[87.03,21.87],[87.1,21.87],[87.09,21.91],[87.11,21.93],[87.16,21.93],[87.17,21.98],[87.19,21.96],[87.24,21.96],[87.24,21.94],[87.26,21.93],[87.24,21.89],[87.28,21.8],[87.3,21.81],[87.32,21.79],[87.36,21.79],[87.37,21.77],[87.38,21.78],[87.44,21.77],[87.45,21.75],[87.44,21.73],[87.47,21.72],[87.46,21.65],[87.48,21.65],[87.48,21.6],[87.43,21.58],[87.42,21.55],[87.4,21.55],[87.37,21.58],[87.34,21.58],[87.38,21.56],[87.4,21.53],[87.22,21.54],[87.16,21.52],[87.09,21.46],[87.07,21.46],[87.04,21.42],[86.95,21.37],[86.89,21.25],[86.87,21.24],[86.84,21.17],[86.85,21.09],[86.95,20.89],[86.98,20.86],[86.98,20.81],[86.97,20.79],[86.88,20.79],[86.845,20.77],[87.03,20.77],[87.04,20.73],[87.06,20.72],[86.77,20.52],[86.77,20.5],[86.73,20.45],[86.73,20.4],[86.74,20.38],[86.75,20.39],[86.79,20.38],[86.81,20.4],[86.81,20.37],[86.78,20.35],[86.76,20.31],[86.58,20.22],[86.52,20.17],[86.5,20.12],[86.43,20.05],[86.41,19.99],[86.38,19.96],[86.39,19.95],[86.32,19.95],[86.18,19.88],[85.79,19.79],[85.38,19.61],[85.14,19.45],[85.08,19.37],[85.01,19.34],[84.89,19.25],[84.8,19.15],[84.77,19.08],[84.7,19.12],[84.71,19.16],[84.67,19.17],[84.67,19.13],[84.6,19.13],[84.62,19.09],[84.66,19.1],[84.66,19.07],[84.64,19.06],[84.62,19.07],[84.6,19.03],[84.58,19.03],[84.58,19.07],[84.51,19.05],[84.48,19.02],[84.48,18.99],[84.43,19.01],[84.44,18.97],[84.42,18.95],[84.44,18.92],[84.42,18.9],[84.39,18.9],[84.37,18.86],[84.33,18.89],[84.33,18.86],[84.36,18.83],[84.33,18.82],[84.34,18.8],[84.32,18.79],[84.29,18.8],[84.26,18.78],[84.24,18.8],[84.21,18.8],[84.19,18.78],[84.15,18.79],[84.14,18.76],[84.09,18.76],[84.06,18.78],[84.06,18.8],[84.02,18.82],[84.02,18.81],[83.98,18.82],[83.94,18.81],[83.92,18.83],[83.89,18.82],[83.84,18.87],[83.85,18.91],[83.82,18.93],[83.82,18.98],[83.79,19.0],[83.79,19.02],[83.74,18.99],[83.75,18.96],[83.77,18.96],[83.78,18.94],[83.77,18.91],[83.73,18.99],[83.71,18.99],[83.71,19.01],[83.73,19.02],[83.71,19.03],[83.7,19.02],[83.69,19.06],[83.66,19.08],[83.66,19.13],[83.62,19.15],[83.6,19.14],[83.61,19.1],[83.58,19.09],[83.58,19.06],[83.55,19.06],[83.54,19.01],[83.5,19.02],[83.5,19.04],[83.52,19.03],[83.51,19.07],[83.46,19.08],[83.48,19.04],[83.48,19.01],[83.45,19.01],[83.45,18.99],[83.47,18.98],[83.46,18.96],[83.44,18.96],[83.45,18.97],[83.41,19.01],[83.37,19.0],[83.36,19.01],[83.37,19.02],[83.34,19.02],[83.34,19.0],[83.31,19.0],[83.31,18.98],[83.33,18.97],[83.32,18.93],[83.36,18.93],[83.38,18.89],[83.41,18.88],[83.4,18.84],[83.38,18.83],[83.36,18.84],[83.33,18.81],[83.28,18.8],[83.27,18.79],[83.28,18.77],[83.22,18.78],[83.23,18.76],[83.22,18.74],[83.19,18.75],[83.18,18.77],[83.15,18.77],[83.14,18.79],[83.12,18.78],[83.11,18.74],[83.07,18.71],[83.06,18.67],[83.01,18.65],[83.02,18.63],[83.0,18.61],[83.01,18.59],[83.04,18.59],[83.03,18.56],[83.05,18.54],[83.09,18.55],[83.05,18.48],[83.02,18.46],[83.04,18.43],[83.06,18.44],[83.06,18.41],[83.08,18.41],[83.06,18.38],[82.99,18.39],[82.98,18.36],[82.96,18.37],[82.93,18.36],[82.89,18.38],[82.9,18.42],[82.86,18.42],[82.8,18.45],[82.78,18.43],[82.8,18.41],[82.79,18.36],[82.74,18.32],[82.64,18.3],[82.65,18.29],[82.64,18.24],[82.59,18.27],[82.6,18.31]],[[83.45,21.65],[83.44,21.62],[83.47,21.61],[83.47,21.63],[83.49,21.64],[83.44,21.66],[83.45,21.65]],[[85.01,22.11],[84.98,22.1],[84.99,22.08],[85.02,22.1],[85.01,22.11]],[[85.36,22.12],[85.37,22.12],[85.37,22.13],[85.36,22.13],[85.36,22.12]],[[86.84,20.77],[86.83,20.76],[86.845,20.77],[86.84,20.77]],[[86.82,20.76],[86.82,20.75],[86.83,20.75],[86.83,20.76],[86.82,20.76]],[[86.81,20.75],[86.81,20.73],[86.82,20.73],[86.82,20.75],[86.81,20.75]],[[86.76,20.51],[86.75,20.52],[86.75,20.5],[86.76,20.5],[86.76,20.51]],[[86.74,20.48],[86.73,20.48],[86.72,20.48],[86.73,20.47],[86.74,20.48]],[[86.72,20.4],[86.71,20.39],[86.73,20.38],[86.73,20.4],[86.72,20.4]],[[84.42,18.92],[84.41,18.92],[84.42,18.91],[84.42,18.92]],[[83.64,19.15],[83.64,19.16],[83.63,19.16],[83.63,19.15],[83.64,19.15]],[[86.67,20.28],[86.67,20.27],[86.68,20.28],[86.67,20.28]]],[[[86.79,20.42],[86.8,20.47],[86.81,20.47],[86.81,20.43],[86.8,20.41],[86.79,20.42]]]]}},{"type":"Feature","properties":{"k":"KARNATAKA","n":"KARNATAKA","c":"29"},"geometry":{"type":"MultiPolygon","coordinates":[[[[74.21,14.73],[74.21,14.72],[74.2,14.72],[74.2,14.73],[74.21,14.73]]],[[[75.01,12.77],[74.99,12.79],[74.86,12.76],[74.84,12.8],[74.76,13.16],[74.72,13.27],[74.72,13.32],[74.7,13.34],[74.67,13.65],[74.64,13.69],[74.61,13.87],[74.59,13.89],[74.58,13.94],[74.51,13.99],[74.47,14.2],[74.45,14.2],[74.44,14.22],[74.4,14.41],[74.38,14.42],[74.37,14.49],[74.35,14.5],[74.36,14.51],[74.31,14.52],[74.31,14.57],[74.27,14.62],[74.29,14.63],[74.29,14.65],[74.26,14.73],[74.24,14.75],[74.19,14.73],[74.18,14.75],[74.15,14.75],[74.14,14.78],[74.09,14.8],[74.13,14.81],[74.09,14.91],[74.16,14.91],[74.17,14.92],[74.16,14.96],[74.18,14.96],[74.19,14.93],[74.21,14.93],[74.21,14.95],[74.26,14.97],[74.25,15.0],[74.27,15.0],[74.27,15.02],[74.3,15.04],[74.27,15.1],[74.29,15.14],[74.28,15.15],[74.3,15.15],[74.32,15.19],[74.3,15.23],[74.26,15.24],[74.25,15.26],[74.29,15.29],[74.34,15.29],[74.32,15.31],[74.32,15.37],[74.28,15.38],[74.27,15.41],[74.28,15.45],[74.25,15.49],[74.26,15.51],[74.28,15.51],[74.28,15.55],[74.25,15.56],[74.26,15.59],[74.25,15.66],[74.22,15.67],[74.22,15.65],[74.2,15.65],[74.19,15.68],[74.17,15.68],[74.17,15.65],[74.12,15.65],[74.09,15.67],[74.13,15.68],[74.13,15.73],[74.19,15.75],[74.22,15.79],[74.24,15.74],[74.3,15.74],[74.32,15.77],[74.35,15.76],[74.37,15.78],[74.36,15.82],[74.38,15.83],[74.38,15.85],[74.34,15.86],[74.37,15.89],[74.38,15.86],[74.4,15.85],[74.39,15.91],[74.43,15.95],[74.46,16.02],[74.46,16.05],[74.44,16.06],[74.37,16.04],[74.38,16.05],[74.37,16.08],[74.41,16.09],[74.42,16.11],[74.48,16.09],[74.49,16.19],[74.51,16.19],[74.48,16.25],[74.46,16.24],[74.42,16.26],[74.42,16.28],[74.38,16.28],[74.37,16.26],[74.37,16.28],[74.35,16.29],[74.34,16.27],[74.32,16.27],[74.32,16.29],[74.34,16.29],[74.34,16.31],[74.32,16.32],[74.33,16.34],[74.32,16.38],[74.33,16.39],[74.36,16.38],[74.36,16.41],[74.33,16.4],[74.34,16.45],[74.29,16.46],[74.28,16.52],[74.3,16.53],[74.3,16.51],[74.32,16.5],[74.32,16.56],[74.36,16.56],[74.36,16.54],[74.38,16.53],[74.4,16.58],[74.42,16.59],[74.42,16.58],[74.43,16.6],[74.47,16.6],[74.45,16.65],[74.46,16.66],[74.49,16.63],[74.54,16.63],[74.54,16.59],[74.55,16.6],[74.57,16.59],[74.55,16.56],[74.59,16.57],[74.6,16.56],[74.64,16.58],[74.63,16.61],[74.69,16.61],[74.66,16.63],[74.66,16.66],[74.69,16.68],[74.69,16.72],[74.71,16.71],[74.77,16.75],[74.85,16.77],[74.92,16.77],[74.91,16.86],[74.96,16.88],[74.96,16.91],[74.94,16.91],[74.92,16.94],[74.96,16.93],[74.97,16.95],[75.02,16.95],[75.02,16.93],[75.04,16.93],[75.09,16.95],[75.09,16.92],[75.12,16.91],[75.14,16.87],[75.19,16.87],[75.18,16.84],[75.23,16.84],[75.24,16.87],[75.27,16.86],[75.29,16.89],[75.28,16.96],[75.36,16.96],[75.38,16.98],[75.44,16.97],[75.45,16.99],[75.47,16.99],[75.49,16.95],[75.51,16.95],[75.53,16.97],[75.57,16.97],[75.57,17.01],[75.6,17.01],[75.61,16.97],[75.64,16.97],[75.64,16.95],[75.67,16.96],[75.67,17.04],[75.65,17.03],[75.64,17.05],[75.68,17.07],[75.68,17.1],[75.67,17.12],[75.65,17.12],[75.63,17.16],[75.63,17.19],[75.66,17.21],[75.66,17.27],[75.63,17.27],[75.62,17.3],[75.6,17.3],[75.61,17.35],[75.58,17.35],[75.58,17.39],[75.61,17.39],[75.61,17.44],[75.63,17.48],[75.65,17.46],[75.68,17.46],[75.69,17.41],[75.72,17.42],[75.77,17.41],[75.78,17.37],[75.81,17.37],[75.82,17.42],[75.84,17.42],[75.86,17.39],[75.89,17.42],[75.9,17.38],[75.89,17.35],[75.91,17.35],[75.93,17.32],[76.05,17.36],[76.08,17.33],[76.1,17.37],[76.12,17.37],[76.16,17.35],[76.16,17.31],[76.18,17.3],[76.17,17.35],[76.23,17.36],[76.24,17.38],[76.25,17.36],[76.27,17.36],[76.28,17.33],[76.32,17.33],[76.31,17.35],[76.35,17.35],[76.35,17.31],[76.38,17.31],[76.41,17.37],[76.36,17.38],[76.37,17.44],[76.33,17.43],[76.33,17.47],[76.38,17.49],[76.34,17.5],[76.37,17.53],[76.34,17.54],[76.33,17.6],[76.42,17.6],[76.43,17.65],[76.49,17.66],[76.49,17.72],[76.53,17.72],[76.52,17.76],[76.57,17.76],[76.57,17.71],[76.59,17.71],[76.62,17.77],[76.63,17.73],[76.66,17.72],[76.66,17.69],[76.69,17.68],[76.7,17.73],[76.73,17.74],[76.71,17.78],[76.75,17.78],[76.79,17.82],[76.76,17.86],[76.74,17.86],[76.74,17.9],[76.77,17.9],[76.77,17.88],[76.81,17.87],[76.81,17.89],[76.83,17.9],[76.89,17.9],[76.9,17.92],[76.92,17.91],[76.91,18.04],[76.95,18.04],[76.95,18.09],[76.97,18.09],[76.96,18.11],[76.92,18.12],[76.93,18.13],[76.92,18.15],[76.95,18.16],[76.95,18.19],[76.99,18.19],[77.0,18.16],[77.03,18.16],[77.02,18.18],[77.05,18.18],[77.06,18.15],[77.12,18.16],[77.1,18.2],[77.15,18.22],[77.18,18.29],[77.21,18.28],[77.2,18.32],[77.22,18.32],[77.23,18.34],[77.22,18.36],[77.25,18.37],[77.23,18.4],[77.26,18.41],[77.27,18.43],[77.32,18.44],[77.32,18.46],[77.34,18.45],[77.34,18.43],[77.35,18.45],[77.37,18.45],[77.36,18.44],[77.37,18.4],[77.41,18.4],[77.41,18.38],[77.36,18.31],[77.44,18.31],[77.44,18.28],[77.46,18.26],[77.51,18.28],[77.51,18.31],[77.6,18.28],[77.57,18.25],[77.58,18.2],[77.56,18.2],[77.57,18.17],[77.6,18.16],[77.6,18.09],[77.56,18.08],[77.55,18.04],[77.59,18.01],[77.61,18.02],[77.62,18.0],[77.65,18.0],[77.65,17.95],[77.64,17.96],[77.62,17.95],[77.62,17.9],[77.59,17.91],[77.57,17.84],[77.55,17.82],[77.53,17.83],[77.53,17.81],[77.51,17.8],[77.51,17.78],[77.54,17.78],[77.55,17.76],[77.57,17.77],[77.57,17.75],[77.45,17.69],[77.44,17.58],[77.49,17.57],[77.5,17.54],[77.53,17.58],[77.55,17.55],[77.6,17.56],[77.6,17.53],[77.69,17.51],[77.69,17.48],[77.61,17.47],[77.61,17.44],[77.58,17.45],[77.58,17.43],[77.52,17.44],[77.51,17.41],[77.54,17.41],[77.52,17.39],[77.53,17.37],[77.52,17.36],[77.45,17.37],[77.46,17.33],[77.44,17.29],[77.46,17.28],[77.42,17.24],[77.38,17.23],[77.4,17.2],[77.37,17.2],[77.36,17.16],[77.41,17.12],[77.44,17.11],[77.45,17.12],[77.5,17.04],[77.48,16.96],[77.46,16.94],[77.47,16.94],[77.46,16.81],[77.48,16.79],[77.44,16.79],[77.43,16.74],[77.43,16.71],[77.47,16.72],[77.47,16.68],[77.42,16.67],[77.44,16.64],[77.47,16.65],[77.47,16.63],[77.45,16.62],[77.47,16.6],[77.44,16.59],[77.43,16.57],[77.39,16.57],[77.4,16.55],[77.42,16.55],[77.42,16.52],[77.38,16.52],[77.37,16.49],[77.3,16.5],[77.3,16.48],[77.28,16.47],[77.24,16.48],[77.24,16.46],[77.26,16.46],[77.28,16.41],[77.33,16.4],[77.35,16.38],[77.37,16.39],[77.4,16.37],[77.51,16.38],[77.56,16.34],[77.59,16.34],[77.6,16.29],[77.55,16.3],[77.54,16.27],[77.51,16.28],[77.49,16.26],[77.49,16.23],[77.52,16.23],[77.49,16.19],[77.49,16.12],[77.51,16.12],[77.5,16.11],[77.51,16.07],[77.49,16.03],[77.51,16.01],[77.52,15.93],[77.47,15.93],[77.44,15.95],[77.37,15.94],[77.31,15.96],[77.29,15.95],[77.18,15.96],[77.08,15.92],[77.06,15.88],[77.03,15.86],[77.03,15.83],[77.07,15.83],[77.05,15.73],[77.09,15.72],[77.08,15.69],[77.13,15.67],[77.13,15.65],[77.12,15.63],[77.09,15.66],[77.07,15.64],[77.03,15.64],[77.03,15.5],[76.97,15.5],[77.04,15.43],[77.03,15.42],[77.03,15.4],[77.05,15.39],[77.04,15.36],[77.07,15.33],[77.12,15.33],[77.12,15.3],[77.15,15.29],[77.15,15.27],[77.17,15.27],[77.13,15.24],[77.17,15.19],[77.17,15.17],[77.14,15.16],[77.16,15.12],[77.13,15.1],[77.11,15.03],[77.09,15.04],[77.08,15.01],[77.05,15.01],[77.05,15.03],[76.88,15.03],[76.87,15.06],[76.81,15.09],[76.77,15.07],[76.79,15.01],[76.76,14.98],[76.82,14.96],[76.87,14.97],[76.84,14.79],[76.78,14.79],[76.8,14.73],[76.77,14.68],[76.77,14.6],[76.8,14.54],[76.86,14.51],[76.86,14.48],[76.97,14.49],[76.95,14.41],[76.94,14.4],[76.91,14.42],[76.9,14.4],[76.88,14.4],[76.88,14.35],[76.9,14.34],[76.9,14.32],[76.95,14.31],[76.96,14.29],[76.92,14.27],[76.94,14.26],[76.94,14.24],[77.05,14.25],[77.09,14.21],[77.12,14.23],[77.11,14.27],[77.14,14.34],[77.18,14.34],[77.19,14.32],[77.25,14.32],[77.29,14.34],[77.28,14.28],[77.36,14.28],[77.36,14.23],[77.38,14.23],[77.39,14.2],[77.42,14.21],[77.41,14.27],[77.39,14.27],[77.38,14.29],[77.39,14.34],[77.43,14.33],[77.43,14.31],[77.45,14.32],[77.45,14.28],[77.5,14.28],[77.49,14.22],[77.5,14.19],[77.52,14.19],[77.51,14.16],[77.41,14.18],[77.37,14.13],[77.35,14.13],[77.35,14.11],[77.39,14.13],[77.4,14.11],[77.36,14.06],[77.34,14.06],[77.33,14.03],[77.39,14.02],[77.38,13.98],[77.44,13.98],[77.44,13.95],[77.41,13.95],[77.42,13.92],[77.44,13.92],[77.41,13.89],[77.4,13.91],[77.35,13.9],[77.35,13.93],[77.37,13.95],[77.35,13.96],[77.36,13.99],[77.34,13.99],[77.32,14.03],[77.28,14.01],[77.28,14.03],[77.26,14.03],[77.25,14.01],[77.14,14.0],[77.13,14.05],[77.08,14.04],[77.03,14.06],[77.02,14.18],[76.96,14.18],[76.94,14.2],[76.94,14.17],[76.89,14.17],[76.89,14.14],[76.93,14.14],[76.95,14.12],[76.95,14.09],[76.98,14.08],[76.98,14.06],[76.93,14.05],[76.93,14.03],[77.0,13.99],[76.99,13.96],[77.04,13.94],[77.01,13.85],[76.99,13.85],[76.98,13.83],[77.0,13.74],[77.02,13.74],[77.02,13.78],[77.04,13.78],[77.06,13.74],[77.08,13.74],[77.09,13.77],[77.18,13.77],[77.16,13.8],[77.17,13.83],[77.13,13.85],[77.17,13.87],[77.16,13.91],[77.18,13.93],[77.18,13.87],[77.2,13.86],[77.21,13.89],[77.23,13.88],[77.23,13.9],[77.25,13.9],[77.26,13.85],[77.32,13.86],[77.33,13.83],[77.35,13.85],[77.43,13.84],[77.42,13.81],[77.46,13.81],[77.47,13.76],[77.45,13.69],[77.49,13.69],[77.49,13.71],[77.53,13.69],[77.54,13.71],[77.54,13.73],[77.52,13.74],[77.53,13.76],[77.55,13.75],[77.55,13.73],[77.59,13.73],[77.6,13.75],[77.62,13.75],[77.62,13.77],[77.68,13.79],[77.68,13.77],[77.7,13.77],[77.72,13.74],[77.72,13.8],[77.79,13.82],[77.78,13.85],[77.83,13.86],[77.83,13.9],[77.81,13.91],[77.82,13.94],[77.9,13.94],[77.91,13.91],[77.93,13.91],[77.96,13.94],[77.96,13.96],[77.99,13.96],[77.98,13.9],[77.95,13.89],[77.96,13.83],[77.98,13.83],[77.99,13.87],[78.05,13.86],[78.05,13.89],[78.08,13.88],[78.08,13.86],[78.12,13.86],[78.13,13.78],[78.09,13.75],[78.12,13.71],[78.11,13.69],[78.07,13.7],[78.09,13.64],[78.11,13.66],[78.17,13.66],[78.17,13.63],[78.2,13.63],[78.19,13.57],[78.21,13.57],[78.24,13.6],[78.4,13.59],[78.41,13.57],[78.38,13.53],[78.37,13.48],[78.37,13.36],[78.41,13.35],[78.39,13.33],[78.4,13.32],[78.48,13.32],[78.48,13.3],[78.5,13.3],[78.52,13.27],[78.54,13.27],[78.54,13.29],[78.56,13.28],[78.57,13.31],[78.59,13.26],[78.57,13.25],[78.58,13.21],[78.55,13.19],[78.58,13.19],[78.58,13.17],[78.54,13.16],[78.55,13.14],[78.52,13.13],[78.53,13.11],[78.51,13.09],[78.52,13.06],[78.46,13.04],[78.47,12.98],[78.43,12.98],[78.44,12.96],[78.41,12.95],[78.41,12.93],[78.44,12.93],[78.45,12.91],[78.41,12.9],[78.35,12.94],[78.35,12.91],[78.32,12.9],[78.34,12.88],[78.31,12.88],[78.31,12.86],[78.25,12.86],[78.24,12.76],[78.19,12.78],[78.13,12.78],[78.13,12.8],[78.09,12.81],[78.09,12.83],[78.07,12.83],[78.06,12.85],[78.03,12.85],[78.02,12.83],[78.0,12.83],[78.01,12.81],[77.99,12.81],[77.98,12.84],[77.96,12.83],[77.97,12.85],[77.93,12.87],[77.94,12.89],[77.92,12.89],[77.8,12.85],[77.81,12.79],[77.79,12.79],[77.78,12.77],[77.79,12.74],[77.76,12.74],[77.77,12.7],[77.74,12.7],[77.74,12.67],[77.6,12.67],[77.58,12.55],[77.59,12.52],[77.62,12.51],[77.59,12.49],[77.6,12.47],[77.63,12.5],[77.62,12.36],[77.6,12.36],[77.55,12.29],[77.49,12.28],[77.47,12.26],[77.48,12.24],[77.47,12.21],[77.48,12.2],[77.61,12.21],[77.73,12.18],[77.75,12.16],[77.75,12.13],[77.78,12.12],[77.76,12.08],[77.72,12.06],[77.67,11.95],[77.54,11.93],[77.49,11.94],[77.49,11.89],[77.46,11.9],[77.47,11.85],[77.43,11.76],[77.4,11.79],[77.36,11.79],[77.35,11.77],[77.33,11.77],[77.3,11.81],[77.25,11.81],[77.11,11.77],[77.11,11.73],[77.09,11.73],[77.06,11.76],[77.07,11.79],[77.04,11.79],[77.03,11.81],[76.98,11.81],[76.97,11.78],[76.9,11.79],[76.89,11.73],[76.85,11.7],[76.84,11.67],[76.84,11.63],[76.86,11.62],[76.86,11.6],[76.76,11.62],[76.58,11.61],[76.56,11.62],[76.55,11.68],[76.53,11.7],[76.5,11.7],[76.45,11.66],[76.42,11.67],[76.41,11.71],[76.43,11.73],[76.41,11.74],[76.41,11.76],[76.33,11.74],[76.31,11.76],[76.31,11.79],[76.29,11.79],[76.28,11.81],[76.23,11.8],[76.21,11.82],[76.2,11.87],[76.14,11.87],[76.13,11.85],[76.11,11.86],[76.11,11.98],[76.0,11.93],[75.85,11.96],[75.85,11.98],[75.83,11.98],[75.79,12.06],[75.8,12.08],[75.75,12.09],[75.71,12.07],[75.72,12.09],[75.7,12.09],[75.7,12.11],[75.66,12.1],[75.64,12.12],[75.64,12.15],[75.57,12.16],[75.55,12.2],[75.53,12.2],[75.54,12.22],[75.52,12.23],[75.51,12.27],[75.49,12.27],[75.48,12.3],[75.42,12.29],[75.43,12.3],[75.41,12.34],[75.42,12.38],[75.37,12.4],[75.37,12.46],[75.39,12.45],[75.42,12.46],[75.42,12.5],[75.38,12.5],[75.37,12.47],[75.34,12.46],[75.34,12.49],[75.3,12.5],[75.3,12.52],[75.27,12.53],[75.27,12.57],[75.32,12.57],[75.33,12.59],[75.27,12.62],[75.26,12.59],[75.22,12.57],[75.2,12.59],[75.2,12.63],[75.15,12.62],[75.14,12.65],[75.16,12.67],[75.11,12.68],[75.11,12.7],[75.09,12.71],[75.08,12.7],[75.09,12.67],[75.04,12.67],[75.05,12.72],[75.01,12.71],[75.0,12.72],[75.01,12.73],[74.98,12.74],[75.01,12.77]],[[77.62,13.74],[77.64,13.74],[77.64,13.75],[77.62,13.75],[77.62,13.74]],[[78.03,12.86],[78.02,12.86],[78.02,12.85],[78.03,12.85],[78.03,12.86]],[[78.39,13.34],[78.38,13.34],[78.38,13.33],[78.39,13.34]],[[77.66,17.5],[77.66,17.51],[77.65,17.5],[77.66,17.5]]],[[[74.25,15.62],[74.24,15.63],[74.25,15.63],[74.25,15.62]]],[[[74.37,16.06],[74.37,16.05],[74.36,16.05],[74.37,16.06]]],[[[74.26,16.48],[74.25,16.5],[74.28,16.5],[74.27,16.48],[74.26,16.48]]],[[[74.28,16.55],[74.28,16.52],[74.27,16.52],[74.27,16.55],[74.28,16.55]]],[[[77.11,11.72],[77.11,11.73],[77.12,11.73],[77.12,11.72],[77.11,11.72]]],[[[77.03,11.78],[77.04,11.78],[77.04,11.77],[77.03,11.77],[77.03,11.78]]],[[[77.94,12.86],[77.94,12.82],[77.93,12.82],[77.92,12.86],[77.94,12.86]]],[[[78.45,12.9],[78.44,12.9],[78.47,12.91],[78.47,12.87],[78.45,12.9]]],[[[77.59,17.87],[77.59,17.88],[77.6,17.88],[77.6,17.87],[77.59,17.87]]]]}}]}